seq,time_server,time_ist,event,symbol,tf,trade_id,direction,exit_mode,ist_session,flip_from,entry_price,init_sl,cur_sl,sl_distance,sl_factor,tp_unit,tp1,tp2,tp3,tp4,tp5,lots_initial,lots_event,lots_remaining,event_price,r_target,r_realized,profit,ema9,ema21,ema50,ema9_prev,ema21_prev,ema21_50_gap_atr,atr,adx,rsi,rsi_m5,macd_main,macd_signal,macd_hist,vwap,close,volume,vol_avg,bull_pct,bear_pct,spread_pts,qfilter_on,qf_flags,mfe_r,mae_r,balance,equity,note
1,2025.01.03 19:45:00,2025.01.03 22:15:00,SKIP,XAUUSD,M15,0,FLAT,NA,EVENING,0,0.00,0.00,0.00,0.00,1.00,0.00,0.00,0.00,0.00,0.00,0.00,0.00,0.00,0.00,0.00,0.00,0.00,0.00,2650.23,2650.29,2644.18,2650.60,2650.48,1.709,3.58,50.29,35.55,43.95,-3.57,-3.42,-0.15,2652.81,2641.00,1752,3059,0.0,85.7,17,1,NA,0.00,0.00,25000.00,25000.00,outside the killzone window
2,2025.01.07 08:30:00,2025.01.07 11:00:00,SKIP,XAUUSD,M15,0,FLAT,NA,DAY,0,0.00,0.00,0.00,0.00,1.00,0.00,0.00,0.00,0.00,0.00,0.00,0.00,0.00,0.00,0.00,0.00,0.00,0.00,2638.36,2638.27,2639.00,2638.07,2638.12,-0.362,2.01,34.74,77.31,65.59,2.14,1.30,0.84,2639.34,2645.39,1864,1389,100.0,0.0,13,1,NA,0.00,0.00,25000.00,25000.00,outside the killzone window
3,2025.01.13 14:45:00,2025.01.13 17:15:00,ENTRY,XAUUSD,M15,2,SELL,FULLTGT,EVENING,0,2671.19,2679.30,2679.30,8.11,1.00,8.11,2663.08,2654.98,2646.87,2638.77,2630.66,0.15,0.15,0.15,2671.19,0.00,0.00,0.00,2683.13,2683.16,2678.40,2683.62,2683.40,1.173,4.05,49.72,28.06,35.36,-3.98,-2.67,-1.31,2684.16,2671.17,3964,2876,14.3,85.7,6,1,CROSS=EMA9<EMA21;TREND=1;STRUCT=1;VOL=1;COOL=1;EMA50=1;VWAP=1;BIAS=1,0.00,0.00,24999.47,24998.57,KZ=NY; KZR=Asia H @ 2690.76 25 bars ago (high taken); EVENING 4PM-12AM IST session: stop x1.00 of usual; no partials; full size to TP5; SL steps BE->TP1->TP2->TP3
4,2025.01.13 17:57:25,2025.01.13 20:27:25,TP1_REACHED,XAUUSD,M15,2,SELL,FULLTGT,EVENING,0,2671.19,2679.30,2679.30,8.11,1.00,8.11,2663.08,2654.98,2646.87,2638.77,2630.66,0.15,0.00,0.15,2663.08,1.00,1.00,0.00,2677.51,2680.02,2677.28,2677.96,2680.29,0.535,5.12,53.24,36.88,38.39,-3.93,-4.31,0.38,2679.79,2666.51,3727,3681,28.6,71.4,7,1,CROSS=EMA9<EMA21;TREND=1;STRUCT=1;VOL=1;COOL=1;EMA50=1;VWAP=1;BIAS=1,1.00,-0.40,24999.47,25121.27,full target: no partial booked
5,2025.01.14 23:00:00,2025.01.15 01:30:00,SKIP,XAUUSD,M15,2,SELL,FULLTGT,DAY,0,2671.19,2679.30,2679.30,8.11,1.00,8.11,2663.08,2654.98,2646.87,2638.77,2630.66,0.15,0.00,0.00,0.00,0.00,0.00,0.00,2670.39,2670.36,2671.35,2670.14,2670.24,-0.431,2.31,30.59,63.13,65.83,1.67,1.30,0.37,2669.12,2676.46,1354,2061,85.7,0.0,12,1,CROSS=EMA9<EMA21;TREND=1;STRUCT=1;VOL=1;COOL=1;EMA50=1;VWAP=1;BIAS=1,1.78,-0.66,24999.47,24925.30,outside the killzone window
6,2025.01.15 07:57:04,2025.01.15 10:27:04,EXIT_SL,XAUUSD,M15,2,SELL,FULLTGT,DAY,0,2671.19,2679.30,2679.30,8.11,1.00,8.11,2663.08,2654.98,2646.87,2638.77,2630.66,0.15,0.15,0.00,2679.31,0.00,-1.00,-109.50,2673.41,2672.32,2672.22,2673.25,2672.22,0.060,1.71,18.09,62.03,70.99,0.75,0.58,0.17,2674.19,2677.35,2673,1274,85.7,0.0,12,1,CROSS=EMA9<EMA21;TREND=1;STRUCT=1;VOL=1;COOL=1;EMA50=1;VWAP=1;BIAS=1,1.78,-1.00,24890.50,24890.50,stopped at the initial SL (x1.00 of usual)
7,2025.01.16 01:00:00,2025.01.16 03:30:00,DAY_SUMMARY,XAUUSD,M15,2,FLAT,NA,DAY,0,0.00,0.00,0.00,0.00,1.00,0.00,0.00,0.00,0.00,0.00,0.00,0.00,0.00,0.00,0.00,0.00,-1.00,-109.50,2689.21,2684.46,2679.88,2688.92,2684.22,2.381,1.93,34.27,62.99,58.35,2.38,2.58,-0.21,2684.40,2696.28,555,1508,71.4,14.3,51,1,CROSS=EMA9<EMA21;TREND=1;STRUCT=1;VOL=1;COOL=1;EMA50=1;VWAP=1;BIAS=1,0.00,0.00,24890.50,24890.50,2025.01.15 trades=1 W=0 L=1 gross_profit=0.00 gross_loss=109.50 net=-109.50 PF=0.00
8,2025.01.17 22:45:00,2025.01.18 01:15:00,SKIP,XAUUSD,M15,2,FLAT,NA,DAY,0,0.00,0.00,0.00,0.00,1.00,0.00,0.00,0.00,0.00,0.00,0.00,0.00,0.00,0.00,0.00,0.00,0.00,0.00,2709.27,2709.27,2704.76,2709.49,2709.38,1.960,2.30,41.77,37.10,40.95,-2.04,-1.05,-0.99,2710.46,2703.70,1760,2196,0.0,85.7,13,1,CROSS=EMA9<EMA21;TREND=1;STRUCT=1;VOL=1;COOL=1;EMA50=1;VWAP=1;BIAS=1,0.00,0.00,24890.50,24890.50,outside the killzone window
9,2025.01.20 01:00:00,2025.01.20 03:30:00,WEEK_SUMMARY,XAUUSD,M15,2,FLAT,NA,DAY,0,0.00,0.00,0.00,0.00,1.00,0.00,0.00,0.00,0.00,0.00,0.00,0.00,0.00,0.00,0.00,0.00,-1.00,-109.50,2707.92,2708.56,2704.62,2708.13,2708.68,1.800,2.19,37.68,40.01,49.73,-2.36,-2.14,-0.22,2710.23,2702.92,454,1759,0.0,85.7,50,1,CROSS=EMA9<EMA21;TREND=1;STRUCT=1;VOL=1;COOL=1;EMA50=1;VWAP=1;BIAS=1,0.00,0.00,24890.50,24890.50,days=1 trades=1 W=0 L=1 gross_profit=0.00 gross_loss=109.50 net=-109.50 PF=0.00 pips=-812.0
10,2025.01.20 14:30:00,2025.01.20 17:00:00,ENTRY,XAUUSD,M15,4,BUY,FULLTGT,EVENING,0,2707.44,2701.19,2701.19,6.25,1.00,6.25,2713.69,2719.93,2726.18,2732.42,2738.67,0.19,0.19,0.19,2707.44,0.00,0.00,0.00,2705.90,2705.88,2704.28,2705.84,2705.85,0.510,3.12,21.41,51.25,46.80,1.05,1.18,-0.13,2703.01,2707.33,2525,2068,42.9,42.9,5,1,CROSS=EMA9>EMA21;TREND=1;STRUCT=1;VOL=1;COOL=1;EMA50=1;VWAP=1;BIAS=1,0.00,0.00,24889.83,24888.88,KZ=NY; KZR=Asia H @ 2702.12 400 bars ago (high taken); EVENING 4PM-12AM IST session: stop x1.00 of usual; no partials; full size to TP5; SL steps BE->TP1->TP2->TP3
11,2025.01.21 03:41:04,2025.01.21 06:11:04,TP1_REACHED,XAUUSD,M15,4,BUY,FULLTGT,DAY,0,2707.44,2701.19,2701.19,6.25,1.00,6.25,2713.69,2719.93,2726.18,2732.42,2738.67,0.19,0.00,0.19,2713.69,1.00,1.00,0.00,2708.11,2707.33,2705.63,2707.94,2707.22,0.481,3.53,20.89,58.88,60.47,0.64,0.38,0.26,2709.05,2712.49,4674,1776,85.7,0.0,7,1,CROSS=EMA9>EMA21;TREND=1;STRUCT=1;VOL=1;COOL=1;EMA50=1;VWAP=1;BIAS=1,1.00,-0.94,24889.83,24996.57,full target: no partial booked
12,2025.01.21 04:04:41,2025.01.21 06:34:41,TP2_REACHED,XAUUSD,M15,4,BUY,FULLTGT,DAY,0,2707.44,2701.19,2701.19,6.25,1.00,6.25,2713.69,2719.93,2726.18,2732.42,2738.67,0.19,0.00,0.19,2719.93,2.00,2.00,0.00,2708.81,2707.71,2705.86,2708.43,2707.50,0.473,3.92,22.58,67.72,69.84,1.64,0.66,0.97,2710.62,2717.97,3008,1921,85.7,0.0,7,1,CROSS=EMA9>EMA21;TREND=1;STRUCT=1;VOL=1;COOL=1;EMA50=1;VWAP=1;BIAS=1,1.99,-0.94,24889.83,25115.89,full target: no partial booked
13,2025.01.21 05:00:40,2025.01.21 07:30:40,TP3_REACHED,XAUUSD,M15,4,BUY,FULLTGT,DAY,0,2707.44,2701.19,2701.19,6.25,1.00,6.25,2713.69,2719.93,2726.18,2732.42,2738.67,0.19,0.00,0.19,2726.18,3.00,3.00,0.00,2710.94,2708.90,2706.53,2710.37,2708.58,0.584,4.05,36.98,74.65,72.73,3.87,1.81,2.06,2714.27,2724.86,2580,2305,85.7,14.3,2,1,CROSS=EMA9>EMA21;TREND=1;STRUCT=1;VOL=1;COOL=1;EMA50=1;VWAP=1;BIAS=1,3.00,-0.94,24889.83,25233.88,full target: no partial booked
14,2025.01.21 09:41:27,2025.01.21 12:11:27,TP4_REACHED,XAUUSD,M15,4,BUY,FULLTGT,DAY,0,2707.44,2701.19,2701.19,6.25,1.00,6.25,2713.69,2719.93,2726.18,2732.42,2738.67,0.19,0.00,0.19,2732.42,4.00,4.00,0.00,2718.62,2714.02,2709.71,2718.23,2713.73,1.583,2.72,20.27,66.25,67.43,2.86,3.57,-0.70,2719.87,2728.14,2568,2329,71.4,14.3,11,1,CROSS=EMA9>EMA21;TREND=1;STRUCT=1;VOL=1;COOL=1;EMA50=1;VWAP=1;BIAS=1,4.00,-0.94,24889.83,25352.63,full target: no partial booked
15,2025.01.21 17:00:39,2025.01.21 19:30:39,TP5_EXIT,XAUUSD,M15,4,BUY,FULLTGT,EVENING,0,2707.44,2701.19,2701.19,6.25,1.00,6.25,2713.69,2719.93,2726.18,2732.42,2738.67,0.19,0.19,0.00,2738.67,5.00,5.00,0.00,2723.91,2719.29,2713.80,2723.33,2718.91,1.587,3.46,38.39,75.32,77.86,2.78,1.44,1.34,2723.04,2738.15,4935,3266,100.0,0.0,1,1,CROSS=EMA9>EMA21;TREND=1;STRUCT=1;VOL=1;COOL=1;EMA50=1;VWAP=1;BIAS=1,5.00,-0.94,25470.52,25470.52,full target reached; closed in full
16,2025.01.21 17:00:39,2025.01.21 19:30:39,EXIT_TP,XAUUSD,M15,4,BUY,FULLTGT,EVENING,0,2707.44,2701.19,2701.19,6.25,1.00,6.25,2713.69,2719.93,2726.18,2732.42,2738.67,0.19,0.19,0.00,2738.67,0.00,5.00,580.02,2723.91,2719.29,2713.80,2723.33,2718.91,1.587,3.46,38.39,75.32,77.86,2.78,1.44,1.34,2723.04,2738.15,4935,3266,100.0,0.0,1,1,CROSS=EMA9>EMA21;TREND=1;STRUCT=1;VOL=1;COOL=1;EMA50=1;VWAP=1;BIAS=1,5.00,-0.94,25470.52,25470.52,TP5 exit
17,2025.01.22 01:00:00,2025.01.22 03:30:00,DAY_SUMMARY,XAUUSD,M15,4,FLAT,NA,DAY,0,0.00,0.00,0.00,0.00,1.00,0.00,0.00,0.00,0.00,0.00,0.00,0.00,0.00,0.00,0.00,0.00,5.00,580.02,2736.32,2729.09,2720.69,2735.98,2728.77,5.159,1.63,25.15,65.06,63.98,2.08,2.49,-0.41,2727.51,2744.69,446,1442,71.4,14.3,8,1,CROSS=EMA9>EMA21;TREND=1;STRUCT=1;VOL=1;COOL=1;EMA50=1;VWAP=1;BIAS=1,0.00,0.00,25470.52,25470.52,2025.01.21 trades=1 W=1 L=0 gross_profit=580.02 gross_loss=0.00 net=580.02 PF=0.00
18,2025.01.23 15:00:00,2025.01.23 17:30:00,ENTRY,XAUUSD,M15,6,SELL,FULLTGT,EVENING,0,2744.83,2751.79,2751.79,6.96,1.00,6.96,2737.87,2730.91,2723.95,2716.99,2710.03,0.18,0.18,0.18,2744.83,0.00,0.00,0.00,2751.13,2751.16,2745.53,2751.38,2751.29,1.617,3.48,27.21,37.91,35.42,-1.42,-0.81,-0.61,2751.26,2744.83,2632,2151,14.3,85.7,10,1,CROSS=EMA9<EMA21;TREND=1;STRUCT=1;VOL=1;COOL=1;EMA50=1;VWAP=1;BIAS=1,0.00,0.00,25469.89,25468.09,KZ=NY; KZR=Asia H @ 2758.66 110 bars ago (high taken); EVENING 4PM-12AM IST session: stop x1.00 of usual; no partials; full size to TP5; SL steps BE->TP1->TP2->TP3
19,2025.01.23 15:26:35,2025.01.23 17:56:35,TP1_REACHED,XAUUSD,M15,6,SELL,FULLTGT,EVENING,0,2744.83,2751.79,2751.79,6.96,1.00,6.96,2737.87,2730.91,2723.95,2716.99,2710.03,0.18,0.00,0.18,2737.87,1.00,1.00,0.00,2750.72,2750.95,2745.49,2751.13,2751.16,1.527,3.58,28.12,31.71,30.23,-1.92,-0.87,-1.04,2750.98,2740.78,3241,2207,0.0,100.0,9,1,CROSS=EMA9<EMA21;TREND=1;STRUCT=1;VOL=1;COOL=1;EMA50=1;VWAP=1;BIAS=1,1.00,-0.20,25469.89,25595.17,full target: no partial booked
20,2025.01.23 18:30:24,2025.01.23 21:00:24,EXIT_SL,XAUUSD,M15,6,SELL,FULLTGT,EVENING,0,2744.83,2751.79,2751.79,6.96,1.00,6.96,2737.87,2730.91,2723.95,2716.99,2710.03,0.18,0.18,0.00,2751.79,0.00,-1.00,-126.54,2748.30,2749.48,2745.36,2748.19,2749.45,0.801,5.15,21.88,56.93,62.69,-0.40,-1.68,1.28,2749.14,2751.01,3012,2621,71.4,14.3,5,1,CROSS=EMA9<EMA21;TREND=1;STRUCT=1;VOL=1;COOL=1;EMA50=1;VWAP=1;BIAS=1,1.27,-1.00,25343.98,25343.98,stopped at the initial SL (x1.00 of usual)
21,2025.01.23 20:45:00,2025.01.23 23:15:00,SKIP,XAUUSD,M15,6,FLAT,NA,EVENING,0,0.00,0.00,0.00,0.00,1.00,0.00,0.00,0.00,0.00,0.00,0.00,0.00,0.00,0.00,0.00,0.00,0.00,0.00,2750.67,2750.57,2746.28,2750.46,2750.46,1.264,3.40,35.96,59.47,54.38,2.70,1.85,0.85,2749.89,2755.93,1808,2398,85.7,0.0,7,1,CROSS=EMA9<EMA21;TREND=1;STRUCT=1;VOL=1;COOL=1;EMA50=1;VWAP=1;BIAS=1,0.00,0.00,25343.98,25343.98,outside the killzone window
22,2025.01.24 01:00:00,2025.01.24 03:30:00,DAY_SUMMARY,XAUUSD,M15,6,FLAT,NA,DAY,0,0.00,0.00,0.00,0.00,1.00,0.00,0.00,0.00,0.00,0.00,0.00,0.00,0.00,0.00,0.00,0.00,-1.00,-126.54,2752.10,2751.42,2747.26,2752.00,2751.36,2.079,2.00,24.50,54.50,54.73,0.83,1.34,-0.52,2750.31,2754.52,296,1481,57.1,14.3,11,1,CROSS=EMA9<EMA21;TREND=1;STRUCT=1;VOL=1;COOL=1;EMA50=1;VWAP=1;BIAS=1,0.00,0.00,25343.98,25343.98,2025.01.23 trades=1 W=0 L=1 gross_profit=0.00 gross_loss=126.54 net=-126.54 PF=0.00
23,2025.01.27 01:00:00,2025.01.27 03:30:00,WEEK_SUMMARY,XAUUSD,M15,6,FLAT,NA,DAY,0,0.00,0.00,0.00,0.00,1.00,0.00,0.00,0.00,0.00,0.00,0.00,0.00,0.00,0.00,0.00,0.00,4.00,453.48,2773.74,2770.43,2763.04,2773.83,2770.41,4.790,1.54,33.16,41.63,43.41,-1.20,-1.02,-0.18,2774.13,2771.48,451,1108,14.3,71.4,13,1,CROSS=EMA9<EMA21;TREND=1;STRUCT=1;VOL=1;COOL=1;EMA50=1;VWAP=1;BIAS=1,0.00,0.00,25343.98,25343.98,days=2 trades=2 W=1 L=1 gross_profit=580.02 gross_loss=126.54 net=453.48 PF=4.58 pips=2427.0
24,2025.01.27 05:45:00,2025.01.27 08:15:00,SKIP,XAUUSD,M15,6,FLAT,NA,DAY,0,0.00,0.00,0.00,0.00,1.00,0.00,0.00,0.00,0.00,0.00,0.00,0.00,0.00,0.00,0.00,0.00,0.00,0.00,2768.28,2768.36,2763.22,2768.57,2768.51,1.459,3.52,33.78,38.93,51.95,-3.48,-3.18,-0.30,2763.51,2761.25,1324,1546,14.3,71.4,7,1,CROSS=EMA9<EMA21;TREND=1;STRUCT=1;VOL=1;COOL=1;EMA50=1;VWAP=1;BIAS=1,0.00,0.00,25343.98,25343.98,already positioned that way
25,2025.01.28 18:45:00,2025.01.28 21:15:00,SKIP,XAUUSD,M15,6,FLAT,NA,EVENING,0,0.00,0.00,0.00,0.00,1.00,0.00,0.00,0.00,0.00,0.00,0.00,0.00,0.00,0.00,0.00,0.00,0.00,0.00,2747.68,2747.54,2750.48,2747.29,2747.35,-1.038,2.83,55.67,75.60,62.12,3.74,3.34,0.39,2745.54,2757.28,2195,2003,85.7,14.3,5,1,CROSS=EMA9<EMA21;TREND=1;STRUCT=1;VOL=1;COOL=1;EMA50=1;VWAP=1;BIAS=1,0.00,0.00,25343.98,25343.98,outside the killzone window
26,2025.01.29 19:45:00,2025.01.29 22:15:00,SKIP,XAUUSD,M15,6,FLAT,NA,EVENING,0,0.00,0.00,0.00,0.00,1.00,0.00,0.00,0.00,0.00,0.00,0.00,0.00,0.00,0.00,0.00,0.00,0.00,0.00,2757.25,2757.29,2756.22,2757.41,2757.37,0.283,3.78,14.68,42.63,50.89,-1.81,-1.71,-0.11,2758.99,2753.33,1033,2433,14.3,57.1,8,1,CROSS=EMA9<EMA21;TREND=1;STRUCT=1;VOL=1;COOL=1;EMA50=1;VWAP=1;BIAS=1,0.00,0.00,25343.98,25343.98,outside the killzone window
27,2025.01.30 02:45:00,2025.01.30 05:15:00,ENTRY,XAUUSD,M15,8,BUY,FULLTGT,DAY,0,2762.35,2758.48,2758.48,3.87,1.00,3.87,2766.22,2770.09,2773.96,2777.82,2781.69,0.32,0.32,0.32,2762.35,0.00,0.00,0.00,2756.98,2756.93,2756.19,2756.77,2756.82,0.379,1.93,32.42,66.02,72.51,1.78,1.18,0.61,2760.19,2762.23,410,1394,85.7,0.0,12,1,CROSS=EMA9>EMA21;TREND=1;STRUCT=1;VOL=1;COOL=1;EMA50=1;VWAP=1;BIAS=1,0.00,0.00,25342.86,25339.02,KZ=ASIA; KZR=Asia L @ 2737.89 161 bars ago (low taken); DAY 12AM-4PM IST session: stop x1.00 of usual; no partials; full size to TP5; SL steps BE->TP1->TP2->TP3
28,2025.01.30 08:58:37,2025.01.30 11:28:37,TP1_REACHED,XAUUSD,M15,8,BUY,FULLTGT,DAY,0,2762.35,2758.48,2758.48,3.87,1.00,3.87,2766.22,2770.09,2773.96,2777.82,2781.69,0.32,0.00,0.32,2766.22,1.00,1.00,0.00,2759.39,2758.43,2757.19,2759.30,2758.37,0.797,1.56,18.60,57.37,65.61,0.59,0.74,-0.14,2760.76,2761.67,1149,891,71.4,14.3,13,1,CROSS=EMA9>EMA21;TREND=1;STRUCT=1;VOL=1;COOL=1;EMA50=1;VWAP=1;BIAS=1,0.99,-0.93,25342.86,25466.70,full target: no partial booked
29,2025.01.30 10:01:37,2025.01.30 12:31:37,TP2_REACHED,XAUUSD,M15,8,BUY,FULLTGT,DAY,0,2762.35,2758.48,2758.48,3.87,1.00,3.87,2766.22,2770.09,2773.96,2777.82,2781.69,0.32,0.00,0.32,2770.09,2.00,2.00,0.00,2760.79,2759.25,2757.67,2760.44,2759.05,0.789,2.00,31.97,77.63,76.43,2.01,1.07,0.94,2762.04,2769.16,1473,1004,100.0,0.0,8,1,CROSS=EMA9>EMA21;TREND=1;STRUCT=1;VOL=1;COOL=1;EMA50=1;VWAP=1;BIAS=1,1.99,-0.93,25342.86,25590.86,full target: no partial booked
30,2025.01.30 10:52:36,2025.01.30 13:22:36,TP3_REACHED,XAUUSD,M15,8,BUY,FULLTGT,DAY,0,2762.35,2758.48,2758.48,3.87,1.00,3.87,2766.22,2770.09,2773.96,2777.82,2781.69,0.32,0.00,0.32,2773.96,3.00,3.00,0.00,2762.04,2759.99,2758.09,2761.64,2759.75,0.814,2.33,43.77,78.98,72.97,3.00,1.79,1.21,2763.27,2772.00,1479,1110,85.7,14.3,6,1,CROSS=EMA9>EMA21;TREND=1;STRUCT=1;VOL=1;COOL=1;EMA50=1;VWAP=1;BIAS=1,2.99,-0.93,25342.86,25714.70,full target: no partial booked
31,2025.01.30 12:16:41,2025.01.30 14:46:41,TP4_REACHED,XAUUSD,M15,8,BUY,FULLTGT,DAY,0,2762.35,2758.48,2758.48,3.87,1.00,3.87,2766.22,2770.09,2773.96,2777.82,2781.69,0.32,0.00,0.32,2777.82,4.00,4.00,0.00,2764.90,2761.73,2759.10,2764.42,2761.43,0.854,3.08,50.59,77.28,66.14,4.00,3.45,0.55,2765.72,2776.68,1636,1367,100.0,0.0,6,1,CROSS=EMA9>EMA21;TREND=1;STRUCT=1;VOL=1;COOL=1;EMA50=1;VWAP=1;BIAS=1,4.00,-0.93,25342.86,25838.22,full target: no partial booked
32,2025.01.30 15:01:38,2025.01.30 17:31:38,TP5_EXIT,XAUUSD,M15,8,BUY,FULLTGT,EVENING,0,2762.35,2758.48,2758.48,3.87,1.00,3.87,2766.22,2770.09,2773.96,2777.82,2781.69,0.32,0.32,0.00,2781.70,5.00,5.00,0.00,2769.80,2765.07,2761.13,2769.37,2764.76,1.980,1.99,39.31,78.17,63.31,3.58,3.88,-0.30,2768.67,2780.32,1357,1469,71.4,14.3,11,1,CROSS=EMA9>EMA21;TREND=1;STRUCT=1;VOL=1;COOL=1;EMA50=1;VWAP=1;BIAS=1,5.00,-0.93,25960.94,25960.94,full target reached; closed in full
33,2025.01.30 15:01:38,2025.01.30 17:31:38,EXIT_TP,XAUUSD,M15,8,BUY,FULLTGT,EVENING,0,2762.35,2758.48,2758.48,3.87,1.00,3.87,2766.22,2770.09,2773.96,2777.82,2781.69,0.32,0.32,0.00,2781.70,0.00,5.00,616.96,2769.80,2765.07,2761.13,2769.37,2764.76,1.980,1.99,39.31,78.17,63.31,3.58,3.88,-0.30,2768.67,2780.32,1357,1469,71.4,14.3,11,1,CROSS=EMA9>EMA21;TREND=1;STRUCT=1;VOL=1;COOL=1;EMA50=1;VWAP=1;BIAS=1,5.00,-0.93,25960.94,25960.94,TP5 exit
34,2025.01.31 01:00:00,2025.01.31 03:30:00,DAY_SUMMARY,XAUUSD,M15,8,FLAT,NA,DAY,0,0.00,0.00,0.00,0.00,1.00,0.00,0.00,0.00,0.00,0.00,0.00,0.00,0.00,0.00,0.00,0.00,5.00,616.96,2787.07,2778.85,2770.35,2786.79,2778.54,2.698,3.15,18.68,56.67,51.28,1.72,2.37,-0.65,2781.00,2794.06,846,1660,57.1,14.3,13,1,CROSS=EMA9>EMA21;TREND=1;STRUCT=1;VOL=1;COOL=1;EMA50=1;VWAP=1;BIAS=1,0.00,0.00,25960.94,25960.94,2025.01.30 trades=1 W=1 L=0 gross_profit=616.96 gross_loss=0.00 net=616.96 PF=0.00
35,2025.02.03 01:00:00,2025.02.03 03:30:00,WEEK_SUMMARY,XAUUSD,M15,8,FLAT,NA,DAY,0,0.00,0.00,0.00,0.00,1.00,0.00,0.00,0.00,0.00,0.00,0.00,0.00,0.00,0.00,0.00,0.00,5.00,616.96,2801.48,2797.58,2788.45,2801.60,2797.56,2.428,3.76,26.02,43.29,43.74,-1.47,-1.70,0.23,2801.30,2798.47,514,2333,28.6,57.1,50,1,CROSS=EMA9>EMA21;TREND=1;STRUCT=1;VOL=1;COOL=1;EMA50=1;VWAP=1;BIAS=1,0.00,0.00,25960.94,25960.94,days=1 trades=1 W=1 L=0 gross_profit=616.96 gross_loss=0.00 net=616.96 PF=0.00 pips=1935.0
36,2025.02.03 01:00:00,2025.02.03 03:30:00,MONTH_SUMMARY,XAUUSD,M15,8,FLAT,NA,DAY,0,0.00,0.00,0.00,0.00,1.00,0.00,0.00,0.00,0.00,0.00,0.00,0.00,0.00,0.00,0.00,0.00,8.00,960.94,2801.48,2797.58,2788.45,2801.60,2797.56,2.428,3.76,26.02,43.29,43.74,-1.47,-1.70,0.23,2801.30,2798.47,514,2333,28.6,57.1,50,1,CROSS=EMA9>EMA21;TREND=1;STRUCT=1;VOL=1;COOL=1;EMA50=1;VWAP=1;BIAS=1,0.00,0.00,25960.94,25960.94,days=4 trades=4 W=2 L=2 gross_profit=1196.98 gross_loss=236.04 net=960.94 PF=5.07 pips=3550.0
37,2025.02.03 04:45:00,2025.02.03 07:15:00,ENTRY,XAUUSD,M15,10,SELL,FULLTGT,DAY,0,2776.15,2788.51,2788.51,12.36,1.00,12.36,2763.79,2751.44,2739.08,2726.73,2714.37,0.10,0.10,0.10,2776.15,0.00,0.00,0.00,2794.91,2794.97,2788.36,2795.67,2795.35,1.070,6.18,48.67,24.09,32.83,-6.01,-4.24,-1.77,2787.22,2776.15,3153,2032,0.0,100.0,7,1,CROSS=EMA9<EMA21;TREND=1;STRUCT=1;VOL=1;COOL=1;EMA50=1;VWAP=1;BIAS=1,0.00,0.00,25960.59,25959.89,KZ=ASIA; KZR=Asia H @ 2798.19 269 bars ago (high taken); DAY 12AM-4PM IST session: stop x1.00 of usual; no partials; full size to TP5; SL steps BE->TP1->TP2->TP3
38,2025.02.03 09:07:40,2025.02.03 11:37:40,EXIT_SL,XAUUSD,M15,10,SELL,FULLTGT,DAY,0,2776.15,2788.51,2788.51,12.36,1.00,12.36,2763.79,2751.44,2739.08,2726.73,2714.37,0.10,0.10,0.00,2788.54,0.00,-1.00,-124.60,2788.40,2791.05,2787.24,2788.47,2791.13,1.099,3.47,38.41,53.83,64.78,-0.90,-2.60,1.70,2784.09,2786.80,1709,1939,57.1,28.6,7,1,CROSS=EMA9<EMA21;TREND=1;STRUCT=1;VOL=1;COOL=1;EMA50=1;VWAP=1;BIAS=1,0.32,-1.00,25836.34,25836.34,stopped at the initial SL (x1.00 of usual)
39,2025.02.03 13:45:00,2025.02.03 16:15:00,SKIP,XAUUSD,M15,10,FLAT,NA,EVENING,0,0.00,0.00,0.00,0.00,1.00,0.00,0.00,0.00,0.00,0.00,0.00,0.00,0.00,0.00,0.00,0.00,0.00,0.00,2792.65,2792.63,2788.73,2792.34,2792.47,1.094,3.56,31.35,63.26,59.08,3.30,3.23,0.06,2788.46,2800.37,1625,2137,85.7,0.0,6,1,CROSS=EMA9<EMA21;TREND=1;STRUCT=1;VOL=1;COOL=1;EMA50=1;VWAP=1;BIAS=1,0.00,0.00,25836.34,25836.34,outside the killzone window
40,2025.02.04 01:00:00,2025.02.04 03:30:00,DAY_SUMMARY,XAUUSD,M15,10,FLAT,NA,DAY,0,0.00,0.00,0.00,0.00,1.00,0.00,0.00,0.00,0.00,0.00,0.00,0.00,0.00,0.00,0.00,0.00,-1.00,-124.60,2812.27,2806.07,2798.04,2812.16,2805.90,3.492,2.30,47.61,46.99,44.33,0.26,1.49,-1.23,2802.06,2814.75,1273,1955,42.9,42.9,11,1,CROSS=EMA9<EMA21;TREND=1;STRUCT=1;VOL=1;COOL=1;EMA50=1;VWAP=1;BIAS=1,0.00,0.00,25836.34,25836.34,2025.02.03 trades=1 W=0 L=1 gross_profit=0.00 gross_loss=124.60 net=-124.60 PF=0.00
41,2025.02.06 17:00:00,2025.02.06 19:30:00,SKIP,XAUUSD,M15,10,FLAT,NA,EVENING,0,0.00,0.00,0.00,0.00,1.00,0.00,0.00,0.00,0.00,0.00,0.00,0.00,0.00,0.00,0.00,0.00,0.00,0.00,2861.38,2861.44,2853.51,2862.17,2861.83,1.592,4.98,32.48,24.63,21.46,-2.68,-0.46,-2.22,2862.40,2841.97,3572,2182,0.0,100.0,6,1,CROSS=EMA9<EMA21;TREND=1;STRUCT=1;VOL=1;COOL=1;EMA50=1;VWAP=1;BIAS=1,0.00,0.00,25836.34,25836.34,already positioned that way
42,2025.02.07 05:00:00,2025.02.07 07:30:00,ENTRY,XAUUSD,M15,12,BUY,FULLTGT,DAY,0,2868.86,2864.32,2864.32,4.54,1.00,4.54,2873.40,2877.94,2882.48,2887.03,2891.57,0.28,0.28,0.28,2868.86,0.00,0.00,0.00,2859.07,2858.94,2854.56,2858.68,2858.75,1.933,2.27,54.32,74.68,67.10,3.49,2.45,1.04,2863.14,2868.76,1308,957,100.0,0.0,10,1,CROSS=EMA9>EMA21;TREND=1;STRUCT=1;VOL=1;COOL=1;EMA50=1;VWAP=1;BIAS=1,0.00,0.00,25835.36,25832.56,KZ=ASIA; KZR=Asia H @ 2860.75 178 bars ago (high taken); DAY 12AM-4PM IST session: stop x1.00 of usual; no partials; full size to TP5; SL steps BE->TP1->TP2->TP3
43,2025.02.07 07:31:39,2025.02.07 10:01:39,EXIT_SL,XAUUSD,M15,12,BUY,FULLTGT,DAY,0,2868.86,2864.32,2864.32,4.54,1.00,4.54,2873.40,2877.94,2882.48,2887.03,2891.57,0.28,0.28,0.00,2864.32,0.00,-1.00,-129.08,2861.84,2860.50,2855.79,2861.70,2860.40,2.375,1.98,33.68,53.97,37.04,2.30,3.07,-0.77,2864.89,2865.30,1079,1218,57.1,28.6,12,1,CROSS=EMA9>EMA21;TREND=1;STRUCT=1;VOL=1;COOL=1;EMA50=1;VWAP=1;BIAS=1,0.37,-0.99,25707.26,25707.26,stopped at the initial SL (x1.00 of usual)
44,2025.02.10 01:00:00,2025.02.10 03:30:00,DAY_SUMMARY,XAUUSD,M15,12,FLAT,NA,DAY,0,0.00,0.00,0.00,0.00,1.00,0.00,0.00,0.00,0.00,0.00,0.00,0.00,0.00,0.00,0.00,0.00,-1.00,-129.08,2864.11,2863.77,2860.36,2864.22,2863.82,1.397,2.45,13.28,45.58,48.20,-1.38,-1.77,0.38,2866.08,2861.30,418,1435,28.6,42.9,11,1,CROSS=EMA9>EMA21;TREND=1;STRUCT=1;VOL=1;COOL=1;EMA50=1;VWAP=1;BIAS=1,0.00,0.00,25707.26,25707.26,2025.02.07 trades=1 W=0 L=1 gross_profit=0.00 gross_loss=129.08 net=-129.08 PF=0.00
45,2025.02.10 01:00:00,2025.02.10 03:30:00,WEEK_SUMMARY,XAUUSD,M15,12,FLAT,NA,DAY,0,0.00,0.00,0.00,0.00,1.00,0.00,0.00,0.00,0.00,0.00,0.00,0.00,0.00,0.00,0.00,0.00,-2.00,-253.68,2864.11,2863.77,2860.36,2864.22,2863.82,1.397,2.45,13.28,45.58,48.20,-1.38,-1.77,0.38,2866.08,2861.30,418,1435,28.6,42.9,11,1,CROSS=EMA9>EMA21;TREND=1;STRUCT=1;VOL=1;COOL=1;EMA50=1;VWAP=1;BIAS=1,0.00,0.00,25707.26,25707.26,days=2 trades=2 W=0 L=2 gross_profit=0.00 gross_loss=253.68 net=-253.68 PF=0.00 pips=-1693.0
46,2025.02.11 22:15:00,2025.02.12 00:45:00,SKIP,XAUUSD,M15,12,FLAT,NA,DAY,0,0.00,0.00,0.00,0.00,1.00,0.00,0.00,0.00,0.00,0.00,0.00,0.00,0.00,0.00,0.00,0.00,0.00,0.00,2904.34,2904.37,2897.18,2904.59,2904.49,2.697,2.66,29.13,40.29,27.43,-0.48,0.36,-0.85,2909.13,2898.26,1727,2067,0.0,85.7,7,1,CROSS=EMA9>EMA21;TREND=1;STRUCT=1;VOL=1;COOL=1;EMA50=1;VWAP=1;BIAS=1,0.00,0.00,25707.26,25707.26,outside the killzone window
47,2025.02.12 22:45:00,2025.02.13 01:15:00,SKIP,XAUUSD,M15,12,FLAT,NA,DAY,0,0.00,0.00,0.00,0.00,1.00,0.00,0.00,0.00,0.00,0.00,0.00,0.00,0.00,0.00,0.00,0.00,0.00,0.00,2894.86,2894.85,2894.38,2894.63,2894.74,0.145,3.22,27.00,56.81,57.77,1.85,2.70,-0.86,2891.21,2900.54,1165,1919,71.4,14.3,7,1,CROSS=EMA9>EMA21;TREND=1;STRUCT=1;VOL=1;COOL=1;EMA50=1;VWAP=1;BIAS=1,0.00,0.00,25707.26,25707.26,outside the killzone window
48,2025.02.14 18:45:00,2025.02.14 21:15:00,SKIP,XAUUSD,M15,12,FLAT,NA,EVENING,0,0.00,0.00,0.00,0.00,1.00,0.00,0.00,0.00,0.00,0.00,0.00,0.00,0.00,0.00,0.00,0.00,0.00,0.00,2922.17,2922.72,2917.53,2923.39,2923.34,0.622,8.35,55.28,22.49,29.30,-9.34,-5.85,-3.49,2924.36,2892.38,3009,2972,0.0,100.0,8,1,CROSS=EMA9>EMA21;TREND=1;STRUCT=1;VOL=1;COOL=1;EMA50=1;VWAP=1;BIAS=1,0.00,0.00,25707.26,25707.26,outside the killzone window
49,2025.02.18 06:45:00,2025.02.18 09:15:00,SKIP,XAUUSD,M15,12,FLAT,NA,DAY,0,0.00,0.00,0.00,0.00,1.00,0.00,0.00,0.00,0.00,0.00,0.00,0.00,0.00,0.00,0.00,0.00,0.00,0.00,2901.24,2901.22,2903.53,2900.89,2901.05,-0.684,3.37,36.71,70.16,63.64,2.96,1.83,1.13,2901.89,2909.74,659,1020,85.7,0.0,7,1,CROSS=EMA9>EMA21;TREND=1;STRUCT=1;VOL=1;COOL=1;EMA50=1;VWAP=1;BIAS=1,0.00,0.00,25707.26,25707.26,already positioned that way
50,2025.02.21 05:15:00,2025.02.21 07:45:00,ENTRY,XAUUSD,M15,14,SELL,FULLTGT,DAY,0,2932.82,2943.36,2943.36,10.54,1.00,10.54,2922.28,2911.75,2901.21,2890.67,2880.13,0.12,0.12,0.12,2932.82,0.00,0.00,0.00,2939.80,2939.80,2936.12,2940.08,2939.94,0.700,5.27,17.49,41.83,36.99,-0.89,-0.20,-0.68,2938.53,2932.82,2359,1201,0.0,85.7,9,1,CROSS=EMA9<EMA21;TREND=1;STRUCT=1;VOL=1;COOL=1;EMA50=1;VWAP=1;BIAS=1,0.00,0.00,25706.84,25705.76,KZ=ASIA; KZR=NY H @ 2947.78 7 bars ago (high taken); DAY 12AM-4PM IST session: stop x1.00 of usual; no partials; full size to TP5; SL steps BE->TP1->TP2->TP3
51,2025.02.21 10:18:25,2025.02.21 12:48:25,TP1_REACHED,XAUUSD,M15,14,SELL,FULLTGT,DAY,0,2932.82,2943.36,2943.36,10.54,1.00,10.54,2922.28,2911.75,2901.21,2890.67,2880.13,0.12,0.00,0.12,2922.28,1.00,1.00,0.00,2934.17,2936.45,2934.95,2934.59,2936.70,0.397,3.79,18.36,33.81,28.34,-1.99,-2.12,0.14,2933.67,2923.94,2052,1322,14.3,71.4,12,1,CROSS=EMA9<EMA21;TREND=1;STRUCT=1;VOL=1;COOL=1;EMA50=1;VWAP=1;BIAS=1,0.99,-0.14,25706.84,25833.44,full target: no partial booked
52,2025.02.21 23:42:00,2025.02.22 02:12:00,EXIT_WEEKEND,XAUUSD,M15,14,SELL,FULLTGT,DAY,0,2932.82,2943.36,2943.36,10.54,1.00,10.54,2922.28,2911.75,2901.21,2890.67,2880.13,0.12,0.12,0.00,2938.15,0.00,-0.51,0.00,2934.73,2934.79,2934.31,2934.67,2934.76,0.165,2.95,28.00,51.25,53.89,0.53,1.34,-0.82,2932.87,2936.27,1047,1535,57.1,28.6,41,1,CROSS=EMA9<EMA21;TREND=1;STRUCT=1;VOL=1;COOL=1;EMA50=1;VWAP=1;BIAS=1,1.52,-0.96,25642.46,25642.46,WEEKEND exit
53,2025.02.21 23:42:00,2025.02.22 02:12:00,EXIT_WEEKEND,XAUUSD,M15,14,SELL,FULLTGT,DAY,0,2932.82,2943.36,2943.36,10.54,1.00,10.54,2922.28,2911.75,2901.21,2890.67,2880.13,0.12,0.12,0.00,2938.15,0.00,-0.51,-64.80,2934.73,2934.79,2934.31,2934.67,2934.76,0.165,2.95,28.00,51.25,53.89,0.53,1.34,-0.82,2932.87,2936.27,1047,1535,57.1,28.6,41,1,CROSS=EMA9<EMA21;TREND=1;STRUCT=1;VOL=1;COOL=1;EMA50=1;VWAP=1;BIAS=1,1.52,-0.96,25642.46,25642.46,flattened before the Friday close
54,2025.02.24 01:00:00,2025.02.24 03:30:00,DAY_SUMMARY,XAUUSD,M15,14,FLAT,NA,DAY,0,0.00,0.00,0.00,0.00,1.00,0.00,0.00,0.00,0.00,0.00,0.00,0.00,0.00,0.00,0.00,0.00,-0.51,-64.80,2934.89,2934.87,2934.35,2934.85,2934.85,0.173,2.99,23.20,50.08,48.39,0.50,0.91,-0.41,2932.90,2935.89,649,1418,42.9,28.6,10,1,CROSS=EMA9<EMA21;TREND=1;STRUCT=1;VOL=1;COOL=1;EMA50=1;VWAP=1;BIAS=1,0.00,0.00,25642.46,25642.46,2025.02.21 trades=1 W=0 L=1 gross_profit=0.00 gross_loss=64.80 net=-64.80 PF=0.00
55,2025.02.24 01:00:00,2025.02.24 03:30:00,WEEK_SUMMARY,XAUUSD,M15,14,FLAT,NA,DAY,0,0.00,0.00,0.00,0.00,1.00,0.00,0.00,0.00,0.00,0.00,0.00,0.00,0.00,0.00,0.00,0.00,-0.51,-64.80,2934.89,2934.87,2934.35,2934.85,2934.85,0.173,2.99,23.20,50.08,48.39,0.50,0.91,-0.41,2932.90,2935.89,649,1418,42.9,28.6,10,1,CROSS=EMA9<EMA21;TREND=1;STRUCT=1;VOL=1;COOL=1;EMA50=1;VWAP=1;BIAS=1,0.00,0.00,25642.46,25642.46,days=1 trades=1 W=0 L=1 gross_profit=0.00 gross_loss=64.80 net=-64.80 PF=0.00 pips=-533.0
56,2025.02.24 01:00:00,2025.02.24 03:30:00,SKIP,XAUUSD,M15,14,FLAT,NA,DAY,0,0.00,0.00,0.00,0.00,1.00,0.00,0.00,0.00,0.00,0.00,0.00,0.00,0.00,0.00,0.00,0.00,0.00,0.00,2934.89,2934.87,2934.35,2934.85,2934.85,0.173,2.99,23.20,50.08,48.39,0.50,0.91,-0.41,2932.90,2935.89,649,1418,42.9,28.6,10,1,CROSS=EMA9<EMA21;TREND=1;STRUCT=1;VOL=1;COOL=1;EMA50=1;VWAP=1;BIAS=1,0.00,0.00,25642.46,25642.46,outside the killzone window
57,2025.02.24 03:15:00,2025.02.24 05:45:00,ENTRY,XAUUSD,M15,16,SELL,FULLTGT,DAY,0,2924.20,2930.77,2930.77,6.57,1.00,6.57,2917.63,2911.05,2904.48,2897.90,2891.33,0.19,0.19,0.19,2924.20,0.00,0.00,0.00,2934.77,2934.84,2934.39,2935.20,2935.06,0.136,3.29,35.50,28.66,18.89,-1.17,0.31,-1.48,2933.72,2924.18,2760,1273,0.0,100.0,10,1,CROSS=EMA9<EMA21;TREND=1;STRUCT=1;VOL=1;COOL=1;EMA50=1;VWAP=1;BIAS=1,0.00,0.00,25641.79,25639.89,KZ=ASIA; KZR=NY H @ 2947.78 287 bars ago (high taken); DAY 12AM-4PM IST session: stop x1.00 of usual; no partials; full size to TP5; SL steps BE->TP1->TP2->TP3
58,2025.02.24 03:35:36,2025.02.24 06:05:36,EXIT_SL,XAUUSD,M15,16,SELL,FULLTGT,DAY,0,2924.20,2930.77,2930.77,6.57,1.00,6.57,2917.63,2911.05,2904.48,2897.90,2891.33,0.19,0.19,0.00,2930.78,0.00,-1.00,-126.36,2934.42,2934.66,2934.31,2934.77,2934.84,0.102,3.47,40.56,33.07,43.19,-1.72,0.04,-1.76,2931.96,2925.85,2556,1339,14.3,85.7,7,1,CROSS=EMA9<EMA21;TREND=1;STRUCT=1;VOL=1;COOL=1;EMA50=1;VWAP=1;BIAS=1,0.42,-1.00,25516.10,25516.10,stopped at the initial SL (x1.00 of usual)
59,2025.02.24 05:45:00,2025.02.24 08:15:00,ENTRY,XAUUSD,M15,18,BUY,FULLTGT,DAY,0,2941.27,2932.21,2932.21,9.06,1.00,9.06,2950.33,2959.40,2968.46,2977.53,2986.59,0.14,0.14,0.14,2941.27,0.00,0.00,0.00,2934.95,2934.87,2934.43,2934.69,2934.74,0.096,4.53,38.59,60.68,63.89,1.16,-0.84,2.01,2933.82,2941.20,1939,1652,85.7,14.3,7,1,CROSS=EMA9>EMA21;TREND=1;STRUCT=1;VOL=1;COOL=1;EMA50=1;VWAP=1;BIAS=1,0.00,0.00,25515.61,25514.63,KZ=ASIA; KZR=NY H @ 2947.78 297 bars ago (high taken); DAY 12AM-4PM IST session: stop x1.00 of usual; no partials; full size to TP5; SL steps BE->TP1->TP2->TP3
60,2025.02.24 14:02:32,2025.02.24 16:32:32,TP1_REACHED,XAUUSD,M15,18,BUY,FULLTGT,EVENING,0,2941.27,2932.21,2932.21,9.06,1.00,9.06,2950.33,2959.40,2968.46,2977.53,2986.59,0.14,0.00,0.14,2950.33,1.00,1.00,0.00,2940.14,2938.22,2936.48,2939.83,2938.03,0.485,3.60,25.79,62.27,68.75,1.04,1.05,-0.02,2938.35,2947.67,1409,1384,85.7,14.3,8,1,CROSS=EMA9>EMA21;TREND=1;STRUCT=1;VOL=1;COOL=1;EMA50=1;VWAP=1;BIAS=1,1.00,-0.69,25515.61,25642.73,full target: no partial booked
61,2025.02.24 17:07:05,2025.02.24 19:37:05,EXIT_SL,XAUUSD,M15,18,BUY,FULLTGT,EVENING,0,2941.27,2932.21,2932.21,9.06,1.00,9.06,2950.33,2959.40,2968.46,2977.53,2986.59,0.14,0.14,0.00,2932.15,0.00,-1.01,-128.66,2942.76,2940.13,2937.69,2942.93,2940.16,0.510,4.78,26.18,39.96,31.72,0.80,2.01,-1.21,2940.50,2938.59,2938,1852,14.3,85.7,10,1,CROSS=EMA9>EMA21;TREND=1;STRUCT=1;VOL=1;COOL=1;EMA50=1;VWAP=1;BIAS=1,1.66,-1.00,25387.44,25387.44,stopped at the initial SL (x1.00 of usual)
62,2025.02.25 01:00:00,2025.02.25 03:30:00,DAY_SUMMARY,XAUUSD,M15,18,FLAT,NA,DAY,0,0.00,0.00,0.00,0.00,1.00,0.00,0.00,0.00,0.00,0.00,0.00,0.00,0.00,0.00,0.00,0.00,-2.01,-255.02,2945.56,2942.74,2939.68,2945.27,2942.54,1.572,1.94,48.35,65.29,67.19,2.15,1.79,0.36,2941.38,2952.62,631,1407,85.7,0.0,11,1,CROSS=EMA9>EMA21;TREND=1;STRUCT=1;VOL=1;COOL=1;EMA50=1;VWAP=1;BIAS=1,0.00,0.00,25387.44,25387.44,2025.02.24 trades=2 W=0 L=2 gross_profit=0.00 gross_loss=255.02 net=-255.02 PF=0.00
63,2025.02.25 09:45:00,2025.02.25 12:15:00,SKIP,XAUUSD,M15,18,FLAT,NA,DAY,0,0.00,0.00,0.00,0.00,1.00,0.00,0.00,0.00,0.00,0.00,0.00,0.00,0.00,0.00,0.00,0.00,0.00,0.00,2942.56,2942.69,2940.72,2942.91,2942.87,0.664,2.97,30.05,33.00,37.07,-2.80,-2.92,0.12,2943.66,2933.88,1884,1326,14.3,85.7,12,1,CROSS=EMA9>EMA21;TREND=1;STRUCT=1;VOL=1;COOL=1;EMA50=1;VWAP=1;BIAS=1,0.00,0.00,25387.44,25387.44,outside the killzone window
64,2025.03.03 01:00:00,2025.03.03 03:30:00,WEEK_SUMMARY,XAUUSD,M15,18,FLAT,NA,DAY,0,0.00,0.00,0.00,0.00,1.00,0.00,0.00,0.00,0.00,0.00,0.00,0.00,0.00,0.00,0.00,0.00,-2.01,-255.02,2853.18,2860.63,2874.73,2852.94,2860.66,-3.926,3.59,32.12,63.72,72.04,1.94,0.22,1.72,2857.01,2859.06,603,1649,71.4,14.3,11,1,CROSS=EMA9>EMA21;TREND=1;STRUCT=1;VOL=1;COOL=1;EMA50=1;VWAP=1;BIAS=1,0.00,0.00,25387.44,25387.44,days=1 trades=2 W=0 L=2 gross_profit=0.00 gross_loss=255.02 net=-255.02 PF=0.00 pips=-1570.0
65,2025.03.03 01:00:00,2025.03.03 03:30:00,MONTH_SUMMARY,XAUUSD,M15,18,FLAT,NA,DAY,0,0.00,0.00,0.00,0.00,1.00,0.00,0.00,0.00,0.00,0.00,0.00,0.00,0.00,0.00,0.00,0.00,-4.52,-573.50,2853.18,2860.63,2874.73,2852.94,2860.66,-3.926,3.59,32.12,63.72,72.04,1.94,0.22,1.72,2857.01,2859.06,603,1649,71.4,14.3,11,1,CROSS=EMA9>EMA21;TREND=1;STRUCT=1;VOL=1;COOL=1;EMA50=1;VWAP=1;BIAS=1,0.00,0.00,25387.44,25387.44,days=4 trades=5 W=0 L=5 gross_profit=0.00 gross_loss=573.50 net=-573.50 PF=0.00 pips=-3796.0
66,2025.03.03 12:30:00,2025.03.03 15:00:00,SKIP,XAUUSD,M15,18,FLAT,NA,DAY,0,0.00,0.00,0.00,0.00,1.00,0.00,0.00,0.00,0.00,0.00,0.00,0.00,0.00,0.00,0.00,0.00,0.00,0.00,2864.10,2864.09,2871.72,2863.89,2863.99,-2.044,3.73,17.25,57.02,56.71,1.07,0.43,0.64,2866.48,2869.12,1459,1614,71.4,0.0,7,1,CROSS=EMA9>EMA21;TREND=1;STRUCT=1;VOL=1;COOL=1;EMA50=1;VWAP=1;BIAS=1,0.00,0.00,25387.44,25387.44,outside the killzone window
67,2025.03.06 11:45:00,2025.03.06 14:15:00,SKIP,XAUUSD,M15,18,FLAT,NA,DAY,0,0.00,0.00,0.00,0.00,1.00,0.00,0.00,0.00,0.00,0.00,0.00,0.00,0.00,0.00,0.00,0.00,0.00,0.00,2915.17,2915.46,2910.88,2915.83,2915.79,0.997,4.59,49.77,20.76,32.67,-4.89,-2.83,-2.05,2914.83,2898.89,2891,1880,0.0,100.0,9,1,CROSS=EMA9>EMA21;TREND=1;STRUCT=1;VOL=1;COOL=1;EMA50=1;VWAP=1;BIAS=1,0.00,0.00,25387.44,25387.44,outside the killzone window
68,2025.03.06 22:15:00,2025.03.07 00:45:00,SKIP,XAUUSD,M15,18,FLAT,NA,DAY,0,0.00,0.00,0.00,0.00,1.00,0.00,0.00,0.00,0.00,0.00,0.00,0.00,0.00,0.00,0.00,0.00,0.00,0.00,2913.31,2913.29,2910.90,2913.22,2913.25,0.631,3.79,23.87,52.52,49.06,1.13,2.05,-0.91,2911.62,2915.51,1729,2229,42.9,28.6,7,1,CROSS=EMA9>EMA21;TREND=1;STRUCT=1;VOL=1;COOL=1;EMA50=1;VWAP=1;BIAS=1,0.00,0.00,25387.44,25387.44,outside the killzone window
69,2025.03.06 23:00:00,2025.03.07 01:30:00,SKIP,XAUUSD,M15,18,FLAT,NA,DAY,0,0.00,0.00,0.00,0.00,1.00,0.00,0.00,0.00,0.00,0.00,0.00,0.00,0.00,0.00,0.00,0.00,0.00,0.00,2913.18,2913.23,2910.94,2913.36,2913.32,0.621,3.69,24.84,40.06,27.18,0.19,1.32,-1.14,2911.65,2908.80,1898,1993,0.0,71.4,12,1,CROSS=EMA9>EMA21;TREND=1;STRUCT=1;VOL=1;COOL=1;EMA50=1;VWAP=1;BIAS=1,0.00,0.00,25387.44,25387.44,outside the killzone window
70,2025.03.07 11:00:00,2025.03.07 13:30:00,SKIP,XAUUSD,M15,18,FLAT,NA,DAY,0,0.00,0.00,0.00,0.00,1.00,0.00,0.00,0.00,0.00,0.00,0.00,0.00,0.00,0.00,0.00,0.00,0.00,0.00,2911.71,2911.62,2910.62,2911.27,2911.40,0.349,2.85,56.08,73.00,78.33,3.18,1.95,1.23,2909.66,2922.48,1875,1502,100.0,0.0,6,1,CROSS=EMA9>EMA21;TREND=1;STRUCT=1;VOL=1;COOL=1;EMA50=1;VWAP=1;BIAS=1,0.00,0.00,25387.44,25387.44,outside the killzone window
71,2025.03.07 21:30:00,2025.03.08 00:00:00,SKIP,XAUUSD,M15,18,FLAT,NA,DAY,0,0.00,0.00,0.00,0.00,1.00,0.00,0.00,0.00,0.00,0.00,0.00,0.00,0.00,0.00,0.00,0.00,0.00,0.00,2913.59,2913.67,2912.40,2913.90,2913.82,0.285,4.43,28.28,36.83,44.36,-3.32,-2.74,-0.58,2914.00,2906.04,1686,2615,0.0,85.7,12,1,CROSS=EMA9>EMA21;TREND=1;STRUCT=1;VOL=1;COOL=1;EMA50=1;VWAP=1;BIAS=1,0.00,0.00,25387.44,25387.44,outside the killzone window
72,2025.03.10 04:45:00,2025.03.10 07:15:00,SKIP,XAUUSD,M15,18,FLAT,NA,DAY,0,0.00,0.00,0.00,0.00,1.00,0.00,0.00,0.00,0.00,0.00,0.00,0.00,0.00,0.00,0.00,0.00,0.00,0.00,2913.34,2913.33,2912.45,2913.26,2913.29,0.320,2.75,49.01,55.63,51.53,1.09,1.06,0.03,2914.82,2915.43,1412,920,100.0,0.0,7,1,CROSS=EMA9>EMA21;TREND=1;STRUCT=1;VOL=1;COOL=1;EMA50=1;VWAP=1;BIAS=1,0.00,0.00,25387.44,25387.44,already positioned that way
73,2025.03.10 05:00:00,2025.03.10 07:30:00,ENTRY,XAUUSD,M15,20,SELL,FULLTGT,DAY,0,2912.11,2917.66,2917.66,5.55,1.00,5.55,2906.56,2901.02,2895.47,2889.92,2884.37,0.22,0.22,0.22,2912.11,0.00,0.00,0.00,2913.29,2913.31,2912.44,2913.34,2913.33,0.310,2.77,44.12,46.55,37.68,0.81,1.07,-0.26,2914.65,2912.11,1559,912,0.0,100.0,7,1,CROSS=EMA9<EMA21;TREND=1;STRUCT=1;VOL=1;COOL=1;EMA50=1;VWAP=1;BIAS=1,0.00,0.00,25386.67,25385.13,KZ=ASIA; KZR=Asia H @ 2926.55 240 bars ago (high taken); DAY 12AM-4PM IST session: stop x1.00 of usual; no partials; full size to TP5; SL steps BE->TP1->TP2->TP3
74,2025.03.10 10:54:38,2025.03.10 13:24:38,TP1_REACHED,XAUUSD,M15,20,SELL,FULLTGT,DAY,0,2912.11,2917.66,2917.66,5.55,1.00,5.55,2906.56,2901.02,2895.47,2889.92,2884.37,0.22,0.00,0.22,2906.56,1.00,1.00,0.00,2912.39,2912.71,2912.28,2912.34,2912.69,0.161,2.66,25.59,53.96,40.16,0.36,-0.29,0.65,2912.87,2913.56,1414,1085,57.1,42.9,12,1,CROSS=EMA9<EMA21;TREND=1;STRUCT=1;VOL=1;COOL=1;EMA50=1;VWAP=1;BIAS=1,1.00,-0.62,25386.67,25509.21,full target: no partial booked
75,2025.03.10 11:43:30,2025.03.10 14:13:30,TP2_REACHED,XAUUSD,M15,20,SELL,FULLTGT,DAY,0,2912.11,2917.66,2917.66,5.55,1.00,5.55,2906.56,2901.02,2895.47,2889.92,2884.37,0.22,0.00,0.22,2901.02,2.00,2.00,0.00,2911.70,2912.33,2912.10,2912.02,2912.51,0.063,3.68,24.52,33.17,33.54,-0.98,-0.19,-0.79,2912.08,2903.81,2157,1259,0.0,85.7,9,1,CROSS=EMA9<EMA21;TREND=1;STRUCT=1;VOL=1;COOL=1;EMA50=1;VWAP=1;BIAS=1,2.00,-0.62,25386.67,25631.53,full target: no partial booked
76,2025.03.10 20:00:20,2025.03.10 22:30:20,TP3_REACHED,XAUUSD,M15,20,SELL,FULLTGT,EVENING,0,2912.11,2917.66,2917.66,5.55,1.00,5.55,2906.56,2901.02,2895.47,2889.92,2884.37,0.22,0.00,0.22,2895.47,3.00,3.00,0.00,2906.18,2908.43,2909.91,2906.59,2908.68,-0.281,5.27,32.95,37.39,28.36,-1.36,-0.51,-0.85,2907.27,2895.96,2274,2656,0.0,85.7,12,1,CROSS=EMA9<EMA21;TREND=1;STRUCT=1;VOL=1;COOL=1;EMA50=1;VWAP=1;BIAS=1,3.00,-0.62,25386.67,25753.41,full target: no partial booked
77,2025.03.10 20:38:05,2025.03.10 23:08:05,TP4_REACHED,XAUUSD,M15,20,SELL,FULLTGT,EVENING,0,2912.11,2917.66,2917.66,5.55,1.00,5.55,2906.56,2901.02,2895.47,2889.92,2884.37,0.22,0.00,0.22,2889.92,4.00,4.00,0.00,2905.28,2907.89,2909.60,2905.71,2908.15,-0.329,5.23,43.80,36.62,30.60,-2.37,-0.89,-1.48,2906.77,2894.80,2356,2636,0.0,85.7,8,1,CROSS=EMA9<EMA21;TREND=1;STRUCT=1;VOL=1;COOL=1;EMA50=1;VWAP=1;BIAS=1,4.00,-0.62,25386.67,25875.29,full target: no partial booked
78,2025.03.10 20:42:39,2025.03.10 23:12:39,TP5_EXIT,XAUUSD,M15,20,SELL,FULLTGT,EVENING,0,2912.11,2917.66,2917.66,5.55,1.00,5.55,2906.56,2901.02,2895.47,2889.92,2884.37,0.22,0.22,0.00,2884.35,5.00,5.00,0.00,2905.28,2907.89,2909.60,2905.71,2908.15,-0.329,5.23,43.80,36.62,24.45,-2.37,-0.89,-1.48,2906.77,2894.80,2356,2636,0.0,85.7,9,1,CROSS=EMA9<EMA21;TREND=1;STRUCT=1;VOL=1;COOL=1;EMA50=1;VWAP=1;BIAS=1,4.99,-0.62,25996.62,25996.62,full target reached; closed in full
79,2025.03.10 20:42:39,2025.03.10 23:12:39,EXIT_TP,XAUUSD,M15,20,SELL,FULLTGT,EVENING,0,2912.11,2917.66,2917.66,5.55,1.00,5.55,2906.56,2901.02,2895.47,2889.92,2884.37,0.22,0.22,0.00,2884.35,0.00,5.00,609.18,2905.28,2907.89,2909.60,2905.71,2908.15,-0.329,5.23,43.80,36.62,24.45,-2.37,-0.89,-1.48,2906.77,2894.80,2356,2636,0.0,85.7,9,1,CROSS=EMA9<EMA21;TREND=1;STRUCT=1;VOL=1;COOL=1;EMA50=1;VWAP=1;BIAS=1,4.99,-0.62,25996.62,25996.62,TP5 exit
80,2025.03.11 01:00:00,2025.03.11 03:30:00,DAY_SUMMARY,XAUUSD,M15,20,FLAT,NA,DAY,0,0.00,0.00,0.00,0.00,1.00,0.00,0.00,0.00,0.00,0.00,0.00,0.00,0.00,0.00,0.00,0.00,5.00,609.18,2897.24,2902.65,2906.57,2897.57,2902.92,-0.792,4.95,27.20,43.69,55.27,-3.87,-4.93,1.06,2903.65,2889.24,475,1842,28.6,57.1,11,1,CROSS=EMA9<EMA21;TREND=1;STRUCT=1;VOL=1;COOL=1;EMA50=1;VWAP=1;BIAS=1,0.00,0.00,25996.62,25996.62,2025.03.10 trades=1 W=1 L=0 gross_profit=609.18 gross_loss=0.00 net=609.18 PF=0.00
81,2025.03.11 13:15:00,2025.03.11 15:45:00,ENTRY,XAUUSD,M15,22,BUY,FULLTGT,DAY,0,2911.70,2905.90,2905.90,5.80,1.00,5.80,2917.50,2923.30,2929.10,2934.91,2940.71,0.22,0.22,0.22,2911.70,0.00,0.00,0.00,2900.14,2900.09,2903.04,2899.68,2899.86,-1.018,2.90,49.04,77.15,67.85,4.35,3.61,0.74,2897.09,2911.59,987,1370,85.7,0.0,11,1,CROSS=EMA9>EMA21;TREND=1;STRUCT=1;VOL=1;COOL=1;EMA50=1;VWAP=1;BIAS=1,0.00,0.00,25995.85,25993.43,KZ=NY; KZR=Asia L @ 2881.96 64 bars ago (low taken); DAY 12AM-4PM IST session: stop x1.00 of usual; no partials; full size to TP5; SL steps BE->TP1->TP2->TP3
82,2025.03.11 16:36:04,2025.03.11 19:06:04,TP1_REACHED,XAUUSD,M15,22,BUY,FULLTGT,EVENING,0,2911.70,2905.90,2905.90,5.80,1.00,5.80,2917.50,2923.30,2929.10,2934.91,2940.71,0.22,0.00,0.22,2917.50,1.00,1.00,0.00,2905.27,2903.01,2904.24,2905.02,2902.84,-0.374,3.29,32.81,54.99,58.67,2.57,3.65,-1.08,2901.12,2911.35,1907,1504,85.7,14.3,11,1,CROSS=EMA9>EMA21;TREND=1;STRUCT=1;VOL=1;COOL=1;EMA50=1;VWAP=1;BIAS=1,1.00,-0.82,25995.85,26123.89,full target: no partial booked
83,2025.03.12 12:00:31,2025.03.12 14:30:31,TP2_REACHED,XAUUSD,M15,22,BUY,FULLTGT,DAY,0,2911.70,2905.90,2905.90,5.80,1.00,5.80,2917.50,2923.30,2929.10,2934.91,2940.71,0.22,0.00,0.22,2923.30,2.00,2.00,0.00,2915.29,2913.06,2910.48,2915.01,2912.88,0.739,3.50,24.83,65.29,73.81,0.66,-0.39,1.05,2915.42,2922.12,1802,1291,85.7,0.0,5,1,CROSS=EMA9>EMA21;TREND=1;STRUCT=1;VOL=1;COOL=1;EMA50=1;VWAP=1;BIAS=1,2.00,-0.82,25995.85,26237.80,full target: no partial booked
84,2025.03.12 18:55:04,2025.03.12 21:25:04,TP3_REACHED,XAUUSD,M15,22,BUY,FULLTGT,EVENING,0,2911.70,2905.90,2905.90,5.80,1.00,5.80,2917.50,2923.30,2929.10,2934.91,2940.71,0.22,0.00,0.22,2929.10,3.00,3.00,0.00,2916.89,2914.84,2912.05,2916.47,2914.59,0.572,4.87,30.89,64.87,70.41,2.35,0.63,1.72,2916.48,2927.17,1978,2378,85.7,0.0,5,1,CROSS=EMA9>EMA21;TREND=1;STRUCT=1;VOL=1;COOL=1;EMA50=1;VWAP=1;BIAS=1,3.00,-0.95,25995.85,26364.96,full target: no partial booked
85,2025.03.12 19:09:26,2025.03.12 21:39:26,TP4_REACHED,XAUUSD,M15,22,BUY,FULLTGT,EVENING,0,2911.70,2905.90,2905.90,5.80,1.00,5.80,2917.50,2923.30,2929.10,2934.91,2940.71,0.22,0.00,0.22,2934.91,4.00,4.00,0.00,2917.35,2915.11,2912.22,2916.89,2914.84,0.593,4.88,35.47,66.34,68.59,2.81,0.99,1.82,2916.72,2928.50,2200,2432,85.7,0.0,12,1,CROSS=EMA9>EMA21;TREND=1;STRUCT=1;VOL=1;COOL=1;EMA50=1;VWAP=1;BIAS=1,3.99,-0.95,25995.85,26492.56,full target: no partial booked
86,2025.03.13 04:02:39,2025.03.13 06:32:39,TP5_EXIT,XAUUSD,M15,22,BUY,FULLTGT,DAY,0,2911.70,2905.90,2905.90,5.80,1.00,5.80,2917.50,2923.30,2929.10,2934.91,2940.71,0.22,0.22,0.00,2940.71,5.00,5.00,0.00,2930.84,2924.94,2918.69,2930.52,2924.66,3.088,2.02,23.90,63.13,59.48,2.26,2.26,0.00,2937.22,2938.76,862,695,85.7,0.0,12,1,CROSS=EMA9>EMA21;TREND=1;STRUCT=1;VOL=1;COOL=1;EMA50=1;VWAP=1;BIAS=1,5.00,-0.95,26577.67,26577.67,full target reached; closed in full
87,2025.03.13 04:02:39,2025.03.13 06:32:39,EXIT_TP,XAUUSD,M15,22,BUY,FULLTGT,DAY,0,2911.70,2905.90,2905.90,5.80,1.00,5.80,2917.50,2923.30,2929.10,2934.91,2940.71,0.22,0.22,0.00,2940.71,0.00,5.00,581.05,2930.84,2924.94,2918.69,2930.52,2924.66,3.088,2.02,23.90,63.13,59.48,2.26,2.26,0.00,2937.22,2938.76,862,695,85.7,0.0,12,1,CROSS=EMA9>EMA21;TREND=1;STRUCT=1;VOL=1;COOL=1;EMA50=1;VWAP=1;BIAS=1,5.00,-0.95,26577.67,26577.67,TP5 exit
88,2025.03.14 01:00:00,2025.03.14 03:30:00,DAY_SUMMARY,XAUUSD,M15,22,FLAT,NA,DAY,0,0.00,0.00,0.00,0.00,1.00,0.00,0.00,0.00,0.00,0.00,0.00,0.00,0.00,0.00,0.00,0.00,5.00,581.05,2967.62,2954.86,2940.71,2966.76,2954.17,4.600,3.08,58.81,73.71,70.77,6.12,6.83,-0.71,2956.20,2988.80,645,1635,71.4,14.3,11,1,CROSS=EMA9>EMA21;TREND=1;STRUCT=1;VOL=1;COOL=1;EMA50=1;VWAP=1;BIAS=1,0.00,0.00,26577.67,26577.67,2025.03.13 trades=1 W=1 L=0 gross_profit=581.05 gross_loss=0.00 net=581.05 PF=0.00
89,2025.03.17 01:00:00,2025.03.17 03:30:00,WEEK_SUMMARY,XAUUSD,M15,22,FLAT,NA,DAY,0,0.00,0.00,0.00,0.00,1.00,0.00,0.00,0.00,0.00,0.00,0.00,0.00,0.00,0.00,0.00,0.00,10.00,1190.23,2987.00,2982.87,2969.37,2987.03,2982.80,5.340,2.53,36.09,49.69,55.39,-1.02,-1.38,0.36,2988.82,2986.24,527,1080,42.9,42.9,11,1,CROSS=EMA9>EMA21;TREND=1;STRUCT=1;VOL=1;COOL=1;EMA50=1;VWAP=1;BIAS=1,0.00,0.00,26577.67,26577.67,days=2 trades=2 W=2 L=0 gross_profit=1190.23 gross_loss=0.00 net=1190.23 PF=0.00 pips=5677.0
90,2025.03.20 17:00:00,2025.03.20 19:30:00,SKIP,XAUUSD,M15,22,FLAT,NA,EVENING,0,0.00,0.00,0.00,0.00,1.00,0.00,0.00,0.00,0.00,0.00,0.00,0.00,0.00,0.00,0.00,0.00,0.00,0.00,3040.33,3040.34,3033.81,3040.64,3040.50,1.305,5.01,18.16,42.66,43.37,-2.47,-2.86,0.38,3042.62,3032.88,2491,2013,14.3,71.4,10,1,CROSS=EMA9>EMA21;TREND=1;STRUCT=1;VOL=1;COOL=1;EMA50=1;VWAP=1;BIAS=1,0.00,0.00,26577.67,26577.67,outside the killzone window
91,2025.03.20 22:15:00,2025.03.21 00:45:00,SKIP,XAUUSD,M15,22,FLAT,NA,DAY,0,0.00,0.00,0.00,0.00,1.00,0.00,0.00,0.00,0.00,0.00,0.00,0.00,0.00,0.00,0.00,0.00,0.00,0.00,3040.28,3040.22,3034.96,3040.13,3040.15,1.472,3.58,22.91,57.25,59.82,1.40,0.56,0.84,3041.58,3043.99,906,1538,71.4,0.0,7,1,CROSS=EMA9>EMA21;TREND=1;STRUCT=1;VOL=1;COOL=1;EMA50=1;VWAP=1;BIAS=1,0.00,0.00,26577.67,26577.67,outside the killzone window
92,2025.03.21 06:15:00,2025.03.21 08:45:00,ENTRY,XAUUSD,M15,24,SELL,FULLTGT,DAY,0,3031.63,3036.51,3036.51,4.88,1.00,4.88,3026.75,3021.88,3017.00,3012.12,3007.24,0.27,0.27,0.27,3031.63,0.00,0.00,0.00,3040.76,3040.82,3036.66,3041.13,3041.01,1.707,2.44,41.05,22.95,17.03,-2.45,-0.98,-1.47,3039.34,3031.53,1369,800,0.0,100.0,7,1,CROSS=EMA9<EMA21;TREND=1;STRUCT=1;VOL=1;COOL=1;EMA50=1;VWAP=1;BIAS=1,0.00,0.00,26576.72,26574.83,KZ=ASIA; KZR=NY H @ 3042.38 43 bars ago (high taken); DAY 12AM-4PM IST session: stop x1.00 of usual; no partials; full size to TP5; SL steps BE->TP1->TP2->TP3
93,2025.03.21 08:30:05,2025.03.21 11:00:05,TP1_REACHED,XAUUSD,M15,24,SELL,FULLTGT,DAY,0,3031.63,3036.51,3036.51,4.88,1.00,4.88,3026.75,3021.88,3017.00,3012.12,3007.24,0.27,0.00,0.27,3026.75,1.00,1.00,0.00,3037.48,3039.03,3036.09,3037.90,3039.28,1.288,2.29,57.98,21.53,25.90,-3.57,-3.22,-0.34,3036.47,3027.13,821,1011,0.0,85.7,7,1,CROSS=EMA9<EMA21;TREND=1;STRUCT=1;VOL=1;COOL=1;EMA50=1;VWAP=1;BIAS=1,1.00,-0.27,26576.72,26708.48,full target: no partial booked
94,2025.03.21 14:49:20,2025.03.21 17:19:20,EXIT_SL,XAUUSD,M15,24,SELL,FULLTGT,EVENING,0,3031.63,3036.51,3036.51,4.88,1.00,4.88,3026.75,3021.88,3017.00,3012.12,3007.24,0.27,0.27,0.00,3036.51,0.00,-1.00,-133.66,3033.57,3035.94,3034.99,3033.52,3035.96,0.308,3.11,15.06,57.16,62.41,-0.08,-0.63,0.55,3033.17,3034.88,1298,1194,71.4,14.3,9,1,CROSS=EMA9<EMA21;TREND=1;STRUCT=1;VOL=1;COOL=1;EMA50=1;VWAP=1;BIAS=1,2.01,-0.99,26444.01,26444.01,stopped at the initial SL (x1.00 of usual)
95,2025.03.24 01:00:00,2025.03.24 03:30:00,DAY_SUMMARY,XAUUSD,M15,24,FLAT,NA,DAY,0,0.00,0.00,0.00,0.00,1.00,0.00,0.00,0.00,0.00,0.00,0.00,0.00,0.00,0.00,0.00,0.00,-1.00,-133.66,3022.24,3027.08,3030.08,3022.21,3027.17,-1.166,2.58,30.46,56.90,63.85,0.64,-0.40,1.05,3024.97,3022.94,479,1071,57.1,28.6,11,1,CROSS=EMA9<EMA21;TREND=1;STRUCT=1;VOL=1;COOL=1;EMA50=1;VWAP=1;BIAS=1,0.00,0.00,26444.01,26444.01,2025.03.21 trades=1 W=0 L=1 gross_profit=0.00 gross_loss=133.66 net=-133.66 PF=0.00
96,2025.03.24 01:00:00,2025.03.24 03:30:00,WEEK_SUMMARY,XAUUSD,M15,24,FLAT,NA,DAY,0,0.00,0.00,0.00,0.00,1.00,0.00,0.00,0.00,0.00,0.00,0.00,0.00,0.00,0.00,0.00,0.00,-1.00,-133.66,3022.24,3027.08,3030.08,3022.21,3027.17,-1.166,2.58,30.46,56.90,63.85,0.64,-0.40,1.05,3024.97,3022.94,479,1071,57.1,28.6,11,1,CROSS=EMA9<EMA21;TREND=1;STRUCT=1;VOL=1;COOL=1;EMA50=1;VWAP=1;BIAS=1,0.00,0.00,26444.01,26444.01,days=1 trades=1 W=0 L=1 gross_profit=0.00 gross_loss=133.66 net=-133.66 PF=0.00 pips=-488.0
97,2025.03.25 14:15:00,2025.03.25 16:45:00,ENTRY,XAUUSD,M15,26,BUY,FULLTGT,EVENING,0,3024.40,3018.96,3018.96,5.44,1.00,5.44,3029.84,3035.28,3040.72,3046.16,3051.60,0.24,0.24,0.24,3024.40,0.00,0.00,0.00,3017.34,3017.26,3020.11,3017.06,3017.12,-1.045,2.72,32.96,64.98,60.12,2.36,1.98,0.38,3015.98,3024.35,913,1125,85.7,0.0,5,1,CROSS=EMA9>EMA21;TREND=1;STRUCT=1;VOL=1;COOL=1;EMA50=1;VWAP=1;BIAS=1,0.00,0.00,26443.17,26441.97,KZ=NY; KZR=NY L @ 3004.19 68 bars ago (low taken); EVENING 4PM-12AM IST session: stop x1.00 of usual; no partials; full size to TP5; SL steps BE->TP1->TP2->TP3
98,2025.03.25 15:04:26,2025.03.25 17:34:26,EXIT_SL,XAUUSD,M15,26,BUY,FULLTGT,EVENING,0,3024.40,3018.96,3018.96,5.44,1.00,5.44,3029.84,3035.28,3040.72,3046.16,3051.60,0.24,0.24,0.00,3018.96,0.00,-1.00,-132.24,3017.99,3017.61,3020.20,3017.88,3017.54,-1.051,2.46,33.42,52.26,40.34,2.09,2.23,-0.14,3016.51,3020.77,1412,1159,57.1,42.9,7,1,CROSS=EMA9>EMA21;TREND=1;STRUCT=1;VOL=1;COOL=1;EMA50=1;VWAP=1;BIAS=1,0.39,-1.00,26311.77,26311.77,stopped at the initial SL (x1.00 of usual)
99,2025.03.26 01:00:00,2025.03.26 03:30:00,DAY_SUMMARY,XAUUSD,M15,26,FLAT,NA,DAY,0,0.00,0.00,0.00,0.00,1.00,0.00,0.00,0.00,0.00,0.00,0.00,0.00,0.00,0.00,0.00,0.00,-1.00,-132.24,3020.82,3019.88,3020.81,3020.86,3019.89,-0.536,1.72,26.73,45.50,47.60,-0.80,-0.87,0.08,3020.09,3019.81,339,889,28.6,57.1,11,1,CROSS=EMA9>EMA21;TREND=1;STRUCT=1;VOL=1;COOL=1;EMA50=1;VWAP=1;BIAS=1,0.00,0.00,26311.77,26311.77,2025.03.25 trades=1 W=0 L=1 gross_profit=0.00 gross_loss=132.24 net=-132.24 PF=0.00
100,2025.03.26 19:45:00,2025.03.26 22:15:00,SKIP,XAUUSD,M15,26,FLAT,NA,EVENING,0,0.00,0.00,0.00,0.00,1.00,0.00,0.00,0.00,0.00,0.00,0.00,0.00,0.00,0.00,0.00,0.00,0.00,0.00,3021.19,3021.23,3021.29,3021.41,3021.34,-0.014,4.21,21.92,40.20,42.88,-1.93,-1.79,-0.14,3021.70,3015.83,1657,2085,0.0,71.4,12,1,CROSS=EMA9>EMA21;TREND=1;STRUCT=1;VOL=1;COOL=1;EMA50=1;VWAP=1;BIAS=1,0.00,0.00,26311.77,26311.77,outside the killzone window
101,2025.03.27 04:30:00,2025.03.27 07:00:00,SKIP,XAUUSD,M15,26,FLAT,NA,DAY,0,0.00,0.00,0.00,0.00,1.00,0.00,0.00,0.00,0.00,0.00,0.00,0.00,0.00,0.00,0.00,0.00,0.00,0.00,3020.86,3020.81,3020.98,3020.62,3020.69,-0.071,2.39,37.84,71.80,66.93,1.63,0.78,0.85,3022.58,3026.87,2103,1179,100.0,0.0,18,1,CROSS=EMA9>EMA21;TREND=1;STRUCT=1;VOL=1;COOL=1;EMA50=1;VWAP=1;BIAS=1,0.00,0.00,26311.77,26311.77,already positioned that way
102,2025.03.31 01:00:00,2025.03.31 03:30:00,WEEK_SUMMARY,XAUUSD,M15,26,FLAT,NA,DAY,0,0.00,0.00,0.00,0.00,1.00,0.00,0.00,0.00,0.00,0.00,0.00,0.00,0.00,0.00,0.00,0.00,-1.00,-132.24,3078.14,3071.57,3059.35,3077.90,3071.31,4.388,2.78,28.36,58.99,59.08,1.25,0.78,0.47,3075.04,3084.20,453,1342,85.7,0.0,12,1,CROSS=EMA9>EMA21;TREND=1;STRUCT=1;VOL=1;COOL=1;EMA50=1;VWAP=1;BIAS=1,0.00,0.00,26311.77,26311.77,days=1 trades=1 W=0 L=1 gross_profit=0.00 gross_loss=132.24 net=-132.24 PF=0.00 pips=-544.0
103,2025.04.01 01:00:00,2025.04.01 03:30:00,MONTH_SUMMARY,XAUUSD,M15,26,FLAT,NA,DAY,0,0.00,0.00,0.00,0.00,1.00,0.00,0.00,0.00,0.00,0.00,0.00,0.00,0.00,0.00,0.00,0.00,8.00,924.33,3117.95,3109.40,3092.61,3117.70,3109.11,7.225,2.32,34.54,57.61,56.74,1.69,1.36,0.33,3113.57,3123.96,387,1340,85.7,0.0,16,1,CROSS=EMA9>EMA21;TREND=1;STRUCT=1;VOL=1;COOL=1;EMA50=1;VWAP=1;BIAS=1,0.00,0.00,26311.77,26311.77,days=4 trades=4 W=2 L=2 gross_profit=1190.23 gross_loss=265.90 net=924.33 PF=4.48 pips=4645.0
104,2025.04.01 21:45:00,2025.04.02 00:15:00,SKIP,XAUUSD,M15,26,FLAT,NA,DAY,0,0.00,0.00,0.00,0.00,1.00,0.00,0.00,0.00,0.00,0.00,0.00,0.00,0.00,0.00,0.00,0.00,0.00,0.00,3123.83,3123.84,3113.00,3124.24,3124.05,1.950,5.56,27.82,40.53,47.10,-4.40,-5.69,1.29,3129.30,3113.67,1308,2454,14.3,71.4,8,1,CROSS=EMA9>EMA21;TREND=1;STRUCT=1;VOL=1;COOL=1;EMA50=1;VWAP=1;BIAS=1,0.00,0.00,26311.77,26311.77,outside the killzone window
105,2025.04.02 06:00:00,2025.04.02 08:30:00,SKIP,XAUUSD,M15,26,FLAT,NA,DAY,0,0.00,0.00,0.00,0.00,1.00,0.00,0.00,0.00,0.00,0.00,0.00,0.00,0.00,0.00,0.00,0.00,0.00,0.00,3122.77,3122.70,3114.95,3122.54,3122.58,1.755,4.42,36.85,58.87,47.97,3.98,2.96,1.02,3124.84,3128.56,1128,1037,71.4,28.6,13,1,CROSS=EMA9>EMA21;TREND=1;STRUCT=1;VOL=1;COOL=1;EMA50=1;VWAP=1;BIAS=1,0.00,0.00,26311.77,26311.77,already positioned that way
106,2025.04.02 08:30:00,2025.04.02 11:00:00,SKIP,XAUUSD,M15,26,FLAT,NA,DAY,0,0.00,0.00,0.00,0.00,1.00,0.00,0.00,0.00,0.00,0.00,0.00,0.00,0.00,0.00,0.00,0.00,0.00,0.00,3122.60,3122.68,3115.69,3123.00,3122.88,1.851,3.78,51.76,33.58,23.52,-0.99,1.74,-2.72,3124.20,3112.78,1096,1145,0.0,85.7,13,1,CROSS=EMA9>EMA21;TREND=1;STRUCT=1;VOL=1;COOL=1;EMA50=1;VWAP=1;BIAS=1,0.00,0.00,26311.77,26311.77,outside the killzone window
107,2025.04.02 12:15:00,2025.04.02 14:45:00,SKIP,XAUUSD,M15,26,FLAT,NA,DAY,0,0.00,0.00,0.00,0.00,1.00,0.00,0.00,0.00,0.00,0.00,0.00,0.00,0.00,0.00,0.00,0.00,0.00,0.00,3122.58,3122.53,3116.55,3122.33,3122.40,1.352,4.42,36.29,58.59,58.20,1.95,-0.24,2.19,3122.78,3128.79,1531,1476,85.7,14.3,7,1,CROSS=EMA9>EMA21;TREND=1;STRUCT=1;VOL=1;COOL=1;EMA50=1;VWAP=1;BIAS=1,0.00,0.00,26311.77,26311.77,outside the killzone window
108,2025.04.03 13:45:00,2025.04.03 16:15:00,ENTRY,XAUUSD,M15,28,SELL,FULLTGT,EVENING,0,3107.21,3119.48,3119.48,12.27,1.00,12.27,3094.94,3082.67,3070.40,3058.14,3045.87,0.10,0.10,0.10,3107.21,0.00,0.00,0.00,3131.13,3131.40,3126.77,3132.11,3131.89,0.754,6.13,49.47,26.81,33.26,-6.21,-4.33,-1.88,3137.72,3107.21,3192,2419,0.0,100.0,8,1,CROSS=EMA9<EMA21;TREND=1;STRUCT=1;VOL=1;COOL=1;EMA50=1;VWAP=1;BIAS=1,0.00,0.00,26311.42,26310.62,KZ=NY; KZR=NY H @ 3137.09 57 bars ago (high taken); EVENING 4PM-12AM IST session: stop x1.00 of usual; no partials; full size to TP5; SL steps BE->TP1->TP2->TP3
109,2025.04.03 13:58:30,2025.04.03 16:28:30,TP1_REACHED,XAUUSD,M15,28,SELL,FULLTGT,EVENING,0,3107.21,3119.48,3119.48,12.27,1.00,12.27,3094.94,3082.67,3070.40,3058.14,3045.87,0.10,0.00,0.10,3094.94,1.00,1.00,0.00,3131.13,3131.40,3126.77,3132.11,3131.89,0.754,6.13,49.47,26.81,32.61,-6.21,-4.33,-1.88,3137.72,3107.21,3192,2419,0.0,100.0,8,1,CROSS=EMA9<EMA21;TREND=1;STRUCT=1;VOL=1;COOL=1;EMA50=1;VWAP=1;BIAS=1,0.99,-0.48,26311.42,26434.62,full target: no partial booked
110,2025.04.03 15:24:30,2025.04.03 17:54:30,TP2_REACHED,XAUUSD,M15,28,SELL,FULLTGT,EVENING,0,3107.21,3119.48,3119.48,12.27,1.00,12.27,3094.94,3082.67,3070.40,3058.14,3045.87,0.10,0.00,0.10,3082.67,2.00,2.00,0.00,3123.05,3127.10,3124.83,3124.38,3127.84,0.260,8.71,62.29,23.54,29.47,-11.37,-8.32,-3.05,3131.77,3090.50,3050,2576,0.0,100.0,11,1,CROSS=EMA9<EMA21;TREND=1;STRUCT=1;VOL=1;COOL=1;EMA50=1;VWAP=1;BIAS=1,2.00,-0.48,26311.42,26556.92,full target: no partial booked
111,2025.04.03 15:34:29,2025.04.03 18:04:29,TP3_REACHED,XAUUSD,M15,28,SELL,FULLTGT,EVENING,0,3107.21,3119.48,3119.48,12.27,1.00,12.27,3094.94,3082.67,3070.40,3058.14,3045.87,0.10,0.00,0.10,3070.40,3.00,3.00,0.00,3121.32,3126.14,3124.37,3123.05,3127.10,0.185,9.59,63.09,18.82,21.15,-12.46,-9.24,-3.22,3130.47,3078.86,3526,2639,0.0,100.0,3,1,CROSS=EMA9<EMA21;TREND=1;STRUCT=1;VOL=1;COOL=1;EMA50=1;VWAP=1;BIAS=1,3.00,-0.48,26311.42,26679.52,full target: no partial booked
112,2025.04.03 16:12:28,2025.04.03 18:42:28,TP4_REACHED,XAUUSD,M15,28,SELL,FULLTGT,EVENING,0,3107.21,3119.48,3119.48,12.27,1.00,12.27,3094.94,3082.67,3070.40,3058.14,3045.87,0.10,0.00,0.10,3058.14,4.00,4.00,0.00,3117.46,3123.99,3123.32,3119.15,3124.95,0.059,11.38,65.47,27.32,27.42,-14.59,-11.16,-3.43,3127.10,3076.26,4041,2869,14.3,85.7,11,1,CROSS=EMA9<EMA21;TREND=1;STRUCT=1;VOL=1;COOL=1;EMA50=1;VWAP=1;BIAS=1,4.00,-0.48,26311.42,26802.62,full target: no partial booked
113,2025.04.03 17:16:42,2025.04.03 19:46:42,EXIT_SL,XAUUSD,M15,28,SELL,FULLTGT,EVENING,0,3107.21,3119.48,3119.48,12.27,1.00,12.27,3094.94,3082.67,3070.40,3058.14,3045.87,0.10,0.10,0.00,3119.48,0.00,-1.00,-123.40,3111.30,3120.08,3121.33,3111.17,3120.19,-0.082,15.34,50.42,56.84,71.70,-10.33,-13.83,3.49,3121.34,3114.38,4476,3376,71.4,28.6,3,1,CROSS=EMA9<EMA21;TREND=1;STRUCT=1;VOL=1;COOL=1;EMA50=1;VWAP=1;BIAS=1,4.32,-1.00,26188.37,26188.37,stopped at the initial SL (x1.00 of usual)
114,2025.04.04 01:00:00,2025.04.04 03:30:00,DAY_SUMMARY,XAUUSD,M15,28,FLAT,NA,DAY,0,0.00,0.00,0.00,0.00,1.00,0.00,0.00,0.00,0.00,0.00,0.00,0.00,0.00,0.00,0.00,0.00,-1.00,-123.40,3110.45,3115.98,3118.75,3110.30,3116.01,-0.542,5.11,20.09,55.54,60.28,1.55,0.73,0.82,3118.99,3114.19,883,1514,42.9,28.6,15,1,CROSS=EMA9<EMA21;TREND=1;STRUCT=1;VOL=1;COOL=1;EMA50=1;VWAP=1;BIAS=1,0.00,0.00,26188.37,26188.37,2025.04.03 trades=1 W=0 L=1 gross_profit=0.00 gross_loss=123.40 net=-123.40 PF=0.00
115,2025.04.07 01:00:00,2025.04.07 03:30:00,WEEK_SUMMARY,XAUUSD,M15,28,FLAT,NA,DAY,0,0.00,0.00,0.00,0.00,1.00,0.00,0.00,0.00,0.00,0.00,0.00,0.00,0.00,0.00,0.00,0.00,-1.00,-123.40,3052.41,3072.24,3090.52,3053.03,3072.94,-2.940,6.22,35.42,48.62,59.62,-4.98,-9.29,4.30,3074.27,3037.34,604,2270,28.6,57.1,50,1,CROSS=EMA9<EMA21;TREND=1;STRUCT=1;VOL=1;COOL=1;EMA50=1;VWAP=1;BIAS=1,0.00,0.00,26188.37,26188.37,days=1 trades=1 W=0 L=1 gross_profit=0.00 gross_loss=123.40 net=-123.40 PF=0.00 pips=-1227.0
116,2025.04.09 09:00:00,2025.04.09 11:30:00,SKIP,XAUUSD,M15,28,FLAT,NA,DAY,0,0.00,0.00,0.00,0.00,1.00,0.00,0.00,0.00,0.00,0.00,0.00,0.00,0.00,0.00,0.00,0.00,0.00,0.00,2999.42,2999.29,3009.99,2998.77,2998.96,-1.651,6.48,27.53,67.10,56.57,6.82,6.25,0.57,2997.65,3015.49,2035,2367,85.7,0.0,12,1,CROSS=EMA9<EMA21;TREND=1;STRUCT=1;VOL=1;COOL=1;EMA50=1;VWAP=1;BIAS=1,0.00,0.00,26188.37,26188.37,outside the killzone window
117,2025.04.14 19:00:00,2025.04.14 21:30:00,SKIP,XAUUSD,M15,28,FLAT,NA,EVENING,0,0.00,0.00,0.00,0.00,1.00,0.00,0.00,0.00,0.00,0.00,0.00,0.00,0.00,0.00,0.00,0.00,0.00,0.00,3216.19,3216.49,3196.37,3216.93,3216.86,2.296,8.76,21.09,37.02,37.46,-5.20,-5.15,-0.04,3220.05,3198.13,2813,2712,0.0,85.7,5,1,CROSS=EMA9<EMA21;TREND=1;STRUCT=1;VOL=1;COOL=1;EMA50=1;VWAP=1;BIAS=1,0.00,0.00,26188.37,26188.37,outside the killzone window
118,2025.04.15 06:00:00,2025.04.15 08:30:00,ENTRY,XAUUSD,M15,30,BUY,FULLTGT,DAY,0,3224.45,3215.71,3215.71,8.74,1.00,8.74,3233.19,3241.92,3250.66,3259.40,3268.14,0.14,0.14,0.14,3224.45,0.00,0.00,0.00,3215.29,3215.17,3202.05,3214.91,3214.98,3.002,4.37,42.40,64.25,64.64,3.06,2.08,0.98,3217.88,3224.45,1109,968,100.0,0.0,11,1,CROSS=EMA9>EMA21;TREND=1;STRUCT=1;VOL=1;COOL=1;EMA50=1;VWAP=1;BIAS=1,0.00,0.00,26187.88,26186.34,KZ=ASIA; KZR=NY H @ 3244.35 331 bars ago (high taken); DAY 12AM-4PM IST session: stop x1.00 of usual; no partials; full size to TP5; SL steps BE->TP1->TP2->TP3
119,2025.04.15 15:25:39,2025.04.15 17:55:39,EXIT_SL,XAUUSD,M15,30,BUY,FULLTGT,EVENING,0,3224.45,3215.71,3215.71,8.74,1.00,8.74,3233.19,3241.92,3250.66,3259.40,3268.14,0.14,0.14,0.00,3215.68,0.00,-1.00,-123.76,3222.44,3220.26,3209.18,3222.39,3220.20,2.910,3.81,35.13,50.26,39.47,-0.83,-0.12,-0.70,3223.09,3223.58,2095,1572,71.4,28.6,10,1,CROSS=EMA9>EMA21;TREND=1;STRUCT=1;VOL=1;COOL=1;EMA50=1;VWAP=1;BIAS=1,0.93,-1.00,26064.61,26064.61,stopped at the initial SL (x1.00 of usual)
120,2025.04.16 01:00:00,2025.04.16 03:30:00,DAY_SUMMARY,XAUUSD,M15,30,FLAT,NA,DAY,0,0.00,0.00,0.00,0.00,1.00,0.00,0.00,0.00,0.00,0.00,0.00,0.00,0.00,0.00,0.00,0.00,-1.00,-123.76,3224.73,3222.53,3213.67,3224.55,3222.39,2.551,3.47,28.44,56.21,52.35,1.85,1.95,-0.10,3222.82,3229.36,507,1002,71.4,14.3,11,1,CROSS=EMA9>EMA21;TREND=1;STRUCT=1;VOL=1;COOL=1;EMA50=1;VWAP=1;BIAS=1,0.00,0.00,26064.61,26064.61,2025.04.15 trades=1 W=0 L=1 gross_profit=0.00 gross_loss=123.76 net=-123.76 PF=0.00
121,2025.04.21 01:00:00,2025.04.21 03:30:00,WEEK_SUMMARY,XAUUSD,M15,30,FLAT,NA,DAY,0,0.00,0.00,0.00,0.00,1.00,0.00,0.00,0.00,0.00,0.00,0.00,0.00,0.00,0.00,0.00,0.00,-1.00,-123.76,3319.23,3318.13,3302.09,3318.90,3317.95,4.071,3.94,27.54,62.13,69.09,2.59,0.95,1.64,3324.83,3327.24,704,1531,85.7,0.0,16,1,CROSS=EMA9>EMA21;TREND=1;STRUCT=1;VOL=1;COOL=1;EMA50=1;VWAP=1;BIAS=1,0.00,0.00,26064.61,26064.61,days=1 trades=1 W=0 L=1 gross_profit=0.00 gross_loss=123.76 net=-123.76 PF=0.00 pips=-877.0
122,2025.04.22 21:15:00,2025.04.22 23:45:00,SKIP,XAUUSD,M15,30,FLAT,NA,EVENING,0,0.00,0.00,0.00,0.00,1.00,0.00,0.00,0.00,0.00,0.00,0.00,0.00,0.00,0.00,0.00,0.00,0.00,0.00,3430.23,3430.31,3407.15,3431.57,3430.97,1.572,14.73,29.62,39.73,46.16,-13.21,-13.67,0.46,3444.06,3397.52,2441,3475,14.3,71.4,9,1,CROSS=EMA9>EMA21;TREND=1;STRUCT=1;VOL=1;COOL=1;EMA50=1;VWAP=1;BIAS=1,0.00,0.00,26064.61,26064.61,outside the killzone window
123,2025.04.24 15:45:00,2025.04.24 18:15:00,SKIP,XAUUSD,M15,30,FLAT,NA,EVENING,0,0.00,0.00,0.00,0.00,1.00,0.00,0.00,0.00,0.00,0.00,0.00,0.00,0.00,0.00,0.00,0.00,0.00,0.00,3330.21,3330.17,3341.52,3329.88,3330.01,-1.704,6.66,22.41,56.69,51.90,2.08,1.66,0.43,3333.91,3338.40,2536,1777,85.7,0.0,5,1,CROSS=EMA9>EMA21;TREND=1;STRUCT=1;VOL=1;COOL=1;EMA50=1;VWAP=1;BIAS=1,0.00,0.00,26064.61,26064.61,already positioned that way
124,2025.04.24 16:45:00,2025.04.24 19:15:00,ENTRY,XAUUSD,M15,32,SELL,FULLTGT,EVENING,0,3316.46,3331.36,3331.36,14.90,1.00,14.90,3301.56,3286.67,3271.77,3256.88,3241.98,0.08,0.08,0.08,3316.46,0.00,0.00,0.00,3329.84,3329.99,3340.99,3330.39,3330.26,-1.476,7.45,24.68,33.79,28.25,-0.68,1.46,-2.14,3333.46,3316.44,3847,2008,0.0,85.7,6,1,CROSS=EMA9<EMA21;TREND=1;STRUCT=1;VOL=1;COOL=1;EMA50=1;VWAP=1;BIAS=1,0.00,0.00,26064.33,26063.85,KZ=NY; KZR=Asia H @ 3494.73 223 bars ago (high taken); EVENING 4PM-12AM IST session: stop x1.00 of usual; no partials; full size to TP5; SL steps BE->TP1->TP2->TP3
125,2025.04.24 19:04:19,2025.04.24 21:34:19,EXIT_SL,XAUUSD,M15,32,SELL,FULLTGT,EVENING,0,3316.46,3331.36,3331.36,14.90,1.00,14.90,3301.56,3286.67,3271.77,3256.88,3241.98,0.08,0.08,0.00,3331.38,0.00,-1.00,-119.92,3327.84,3328.84,3339.43,3327.77,3328.83,-1.192,8.88,21.08,51.78,56.86,-1.87,-2.59,0.71,3331.32,3329.45,2197,2637,42.9,28.6,12,1,CROSS=EMA9<EMA21;TREND=1;STRUCT=1;VOL=1;COOL=1;EMA50=1;VWAP=1;BIAS=1,0.66,-1.00,25944.69,25944.69,stopped at the initial SL (x1.00 of usual)
126,2025.04.24 21:15:00,2025.04.24 23:45:00,SKIP,XAUUSD,M15,32,FLAT,NA,EVENING,0,0.00,0.00,0.00,0.00,1.00,0.00,0.00,0.00,0.00,0.00,0.00,0.00,0.00,0.00,0.00,0.00,0.00,0.00,3329.67,3329.65,3338.94,3329.31,3329.47,-1.531,6.06,25.31,58.84,61.73,1.77,0.21,1.56,3331.47,3338.47,1263,2533,85.7,0.0,9,1,CROSS=EMA9<EMA21;TREND=1;STRUCT=1;VOL=1;COOL=1;EMA50=1;VWAP=1;BIAS=1,0.00,0.00,25944.69,25944.69,outside the killzone window
127,2025.04.25 01:00:00,2025.04.25 03:30:00,DAY_SUMMARY,XAUUSD,M15,32,FLAT,NA,DAY,0,0.00,0.00,0.00,0.00,1.00,0.00,0.00,0.00,0.00,0.00,0.00,0.00,0.00,0.00,0.00,0.00,-1.00,-119.92,3333.51,3331.74,3339.06,3332.90,3331.40,-1.832,4.00,35.02,67.11,68.52,3.83,2.69,1.14,3331.94,3348.58,531,1375,85.7,0.0,11,1,CROSS=EMA9<EMA21;TREND=1;STRUCT=1;VOL=1;COOL=1;EMA50=1;VWAP=1;BIAS=1,0.00,0.00,25944.69,25944.69,2025.04.24 trades=1 W=0 L=1 gross_profit=0.00 gross_loss=119.92 net=-119.92 PF=0.00
128,2025.04.25 09:15:00,2025.04.25 11:45:00,SKIP,XAUUSD,M15,32,FLAT,NA,DAY,0,0.00,0.00,0.00,0.00,1.00,0.00,0.00,0.00,0.00,0.00,0.00,0.00,0.00,0.00,0.00,0.00,0.00,0.00,3334.48,3334.90,3339.31,3336.35,3335.83,-0.484,9.12,41.72,18.50,21.65,-12.22,-7.13,-5.09,3337.69,3288.74,3612,2141,0.0,100.0,5,1,CROSS=EMA9<EMA21;TREND=1;STRUCT=1;VOL=1;COOL=1;EMA50=1;VWAP=1;BIAS=1,0.00,0.00,25944.69,25944.69,outside the killzone window
129,2025.04.28 01:00:00,2025.04.28 03:30:00,WEEK_SUMMARY,XAUUSD,M15,32,FLAT,NA,DAY,0,0.00,0.00,0.00,0.00,1.00,0.00,0.00,0.00,0.00,0.00,0.00,0.00,0.00,0.00,0.00,0.00,-1.00,-119.92,3298.19,3306.50,3319.10,3297.36,3306.25,-2.187,5.77,48.87,72.57,81.59,6.19,2.68,3.52,3307.28,3318.62,648,1384,71.4,14.3,11,1,CROSS=EMA9<EMA21;TREND=1;STRUCT=1;VOL=1;COOL=1;EMA50=1;VWAP=1;BIAS=1,0.00,0.00,25944.69,25944.69,days=1 trades=1 W=0 L=1 gross_profit=0.00 gross_loss=119.92 net=-119.92 PF=0.00 pips=-1492.0
130,2025.04.28 19:00:00,2025.04.28 21:30:00,SKIP,XAUUSD,M15,32,FLAT,NA,EVENING,0,0.00,0.00,0.00,0.00,1.00,0.00,0.00,0.00,0.00,0.00,0.00,0.00,0.00,0.00,0.00,0.00,0.00,0.00,3300.07,3299.62,3307.56,3299.05,3299.11,-0.915,8.67,30.29,67.74,57.72,10.09,6.76,3.32,3296.76,3325.07,2113,2685,85.7,0.0,5,1,CROSS=EMA9<EMA21;TREND=1;STRUCT=1;VOL=1;COOL=1;EMA50=1;VWAP=1;BIAS=1,0.00,0.00,25944.69,25944.69,outside the killzone window
131,2025.04.29 15:45:00,2025.04.29 18:15:00,SKIP,XAUUSD,M15,32,FLAT,NA,EVENING,0,0.00,0.00,0.00,0.00,1.00,0.00,0.00,0.00,0.00,0.00,0.00,0.00,0.00,0.00,0.00,0.00,0.00,0.00,3316.61,3316.73,3316.32,3316.91,3316.87,0.071,5.79,31.77,43.23,46.86,-2.17,-2.30,0.13,3319.35,3309.40,2731,1721,14.3,85.7,5,1,CROSS=EMA9<EMA21;TREND=1;STRUCT=1;VOL=1;COOL=1;EMA50=1;VWAP=1;BIAS=1,0.00,0.00,25944.69,25944.69,already positioned that way
132,2025.04.29 20:30:00,2025.04.29 23:00:00,SKIP,XAUUSD,M15,32,FLAT,NA,EVENING,0,0.00,0.00,0.00,0.00,1.00,0.00,0.00,0.00,0.00,0.00,0.00,0.00,0.00,0.00,0.00,0.00,0.00,0.00,3316.67,3316.58,3316.27,3316.39,3316.44,0.046,6.79,28.46,58.15,57.80,2.71,0.57,2.15,3317.62,3323.54,1790,2518,85.7,0.0,12,1,CROSS=EMA9<EMA21;TREND=1;STRUCT=1;VOL=1;COOL=1;EMA50=1;VWAP=1;BIAS=1,0.00,0.00,25944.69,25944.69,outside the killzone window
133,2025.04.30 05:30:00,2025.04.30 08:00:00,SKIP,XAUUSD,M15,32,FLAT,NA,DAY,0,0.00,0.00,0.00,0.00,1.00,0.00,0.00,0.00,0.00,0.00,0.00,0.00,0.00,0.00,0.00,0.00,0.00,0.00,3316.92,3316.99,3316.65,3317.13,3317.09,0.052,6.59,31.90,44.52,44.90,-1.48,-0.64,-0.84,3315.94,3311.85,919,1088,0.0,85.7,8,1,CROSS=EMA9<EMA21;TREND=1;STRUCT=1;VOL=1;COOL=1;EMA50=1;VWAP=1;BIAS=1,0.00,0.00,25944.69,25944.69,already positioned that way
134,2025.05.01 01:00:00,2025.05.01 03:30:00,MONTH_SUMMARY,XAUUSD,M15,32,FLAT,NA,DAY,0,0.00,0.00,0.00,0.00,1.00,0.00,0.00,0.00,0.00,0.00,0.00,0.00,0.00,0.00,0.00,0.00,-3.01,-367.08,3300.18,3303.20,3307.50,3300.67,3303.50,-0.805,5.33,35.06,37.36,32.78,-2.96,-0.58,-2.38,3301.61,3288.27,943,1507,0.0,85.7,11,1,CROSS=EMA9<EMA21;TREND=1;STRUCT=1;VOL=1;COOL=1;EMA50=1;VWAP=1;BIAS=1,0.00,0.00,25944.69,25944.69,days=3 trades=3 W=0 L=3 gross_profit=0.00 gross_loss=367.08 net=-367.08 PF=0.00 pips=-3596.0
135,2025.05.02 10:15:00,2025.05.02 12:45:00,SKIP,XAUUSD,M15,32,FLAT,NA,DAY,0,0.00,0.00,0.00,0.00,1.00,0.00,0.00,0.00,0.00,0.00,0.00,0.00,0.00,0.00,0.00,0.00,0.00,0.00,3243.62,3243.44,3256.24,3243.23,3243.25,-2.523,5.07,26.29,56.89,48.82,3.76,4.74,-0.98,3245.83,3253.08,1813,1376,71.4,28.6,5,1,CROSS=EMA9<EMA21;TREND=1;STRUCT=1;VOL=1;COOL=1;EMA50=1;VWAP=1;BIAS=1,0.00,0.00,25944.69,25944.69,outside the killzone window
136,2025.05.02 20:45:00,2025.05.02 23:15:00,SKIP,XAUUSD,M15,32,FLAT,NA,EVENING,0,0.00,0.00,0.00,0.00,1.00,0.00,0.00,0.00,0.00,0.00,0.00,0.00,0.00,0.00,0.00,0.00,0.00,0.00,3247.15,3247.37,3254.62,3247.88,3247.73,-0.739,9.80,32.35,38.08,41.91,-7.03,-5.43,-1.60,3249.00,3229.37,2082,3105,0.0,85.7,8,1,CROSS=EMA9<EMA21;TREND=1;STRUCT=1;VOL=1;COOL=1;EMA50=1;VWAP=1;BIAS=1,0.00,0.00,25944.69,25944.69,outside the killzone window
137,2025.05.05 05:00:00,2025.05.05 07:30:00,ENTRY,XAUUSD,M15,34,BUY,FULLTGT,DAY,0,3264.83,3253.21,3253.21,11.62,1.00,11.62,3276.45,3288.08,3299.70,3311.33,3322.95,0.11,0.11,0.11,3264.83,0.00,0.00,0.00,3245.48,3245.44,3251.47,3244.70,3245.05,-1.038,5.81,53.89,70.81,68.98,5.94,3.13,2.82,3250.93,3264.73,1408,1200,100.0,0.0,10,1,CROSS=EMA9>EMA21;TREND=1;STRUCT=1;VOL=1;COOL=1;EMA50=1;VWAP=1;BIAS=1,0.00,0.00,25944.30,25943.20,KZ=ASIA; KZR=Asia L @ 3227.46 231 bars ago (low taken); DAY 12AM-4PM IST session: stop x1.00 of usual; no partials; full size to TP5; SL steps BE->TP1->TP2->TP3
138,2025.05.05 06:43:39,2025.05.05 09:13:39,EXIT_SL,XAUUSD,M15,34,BUY,FULLTGT,DAY,0,3264.83,3253.21,3253.21,11.62,1.00,11.62,3276.45,3288.08,3299.70,3311.33,3322.95,0.11,0.11,0.00,3253.20,0.00,-1.00,-128.71,3249.47,3247.56,3252.21,3249.05,3247.32,-0.677,6.88,53.31,57.02,39.89,6.42,6.25,0.16,3255.49,3259.56,1465,1488,71.4,14.3,12,1,CROSS=EMA9>EMA21;TREND=1;STRUCT=1;VOL=1;COOL=1;EMA50=1;VWAP=1;BIAS=1,0.65,-1.00,25815.98,25815.98,stopped at the initial SL (x1.00 of usual)
139,2025.05.06 01:00:00,2025.05.06 03:30:00,DAY_SUMMARY,XAUUSD,M15,34,FLAT,NA,DAY,0,0.00,0.00,0.00,0.00,1.00,0.00,0.00,0.00,0.00,0.00,0.00,0.00,0.00,0.00,0.00,0.00,-1.00,-128.71,3311.00,3293.34,3278.34,3310.06,3292.52,3.105,4.83,57.70,69.26,63.24,6.42,5.70,0.72,3293.27,3333.96,709,1672,85.7,0.0,11,1,CROSS=EMA9>EMA21;TREND=1;STRUCT=1;VOL=1;COOL=1;EMA50=1;VWAP=1;BIAS=1,0.00,0.00,25815.98,25815.98,2025.05.05 trades=1 W=0 L=1 gross_profit=0.00 gross_loss=128.71 net=-128.71 PF=0.00
140,2025.05.08 05:00:00,2025.05.08 07:30:00,SKIP,XAUUSD,M15,34,FLAT,NA,DAY,0,0.00,0.00,0.00,0.00,1.00,0.00,0.00,0.00,0.00,0.00,0.00,0.00,0.00,0.00,0.00,0.00,0.00,0.00,3382.07,3381.78,3369.37,3380.99,3381.23,1.714,7.24,53.34,73.21,77.31,4.52,0.51,4.01,3384.57,3408.67,2844,1366,100.0,0.0,10,1,CROSS=EMA9>EMA21;TREND=1;STRUCT=1;VOL=1;COOL=1;EMA50=1;VWAP=1;BIAS=1,0.00,0.00,25815.98,25815.98,already positioned that way
141,2025.05.08 09:30:00,2025.05.08 12:00:00,SKIP,XAUUSD,M15,34,FLAT,NA,DAY,0,0.00,0.00,0.00,0.00,1.00,0.00,0.00,0.00,0.00,0.00,0.00,0.00,0.00,0.00,0.00,0.00,0.00,0.00,3381.79,3382.33,3371.88,3383.51,3383.19,1.117,9.35,54.63,19.54,19.13,-8.94,-1.25,-7.69,3383.63,3339.64,3748,2228,0.0,100.0,7,1,CROSS=EMA9>EMA21;TREND=1;STRUCT=1;VOL=1;COOL=1;EMA50=1;VWAP=1;BIAS=1,0.00,0.00,25815.98,25815.98,outside the killzone window
142,2025.05.09 20:15:00,2025.05.09 22:45:00,SKIP,XAUUSD,M15,34,FLAT,NA,EVENING,0,0.00,0.00,0.00,0.00,1.00,0.00,0.00,0.00,0.00,0.00,0.00,0.00,0.00,0.00,0.00,0.00,0.00,0.00,3331.16,3331.12,3338.23,3330.91,3330.99,-1.013,7.02,19.40,52.31,44.49,3.13,3.86,-0.74,3322.52,3337.21,1805,2560,42.9,28.6,10,1,CROSS=EMA9>EMA21;TREND=1;STRUCT=1;VOL=1;COOL=1;EMA50=1;VWAP=1;BIAS=1,0.00,0.00,25815.98,25815.98,outside the killzone window
143,2025.05.12 01:00:00,2025.05.12 03:30:00,WEEK_SUMMARY,XAUUSD,M15,34,FLAT,NA,DAY,0,0.00,0.00,0.00,0.00,1.00,0.00,0.00,0.00,0.00,0.00,0.00,0.00,0.00,0.00,0.00,0.00,-1.00,-128.71,3332.16,3331.81,3337.64,3332.37,3331.90,-1.573,3.71,49.43,39.20,37.64,-1.81,-0.27,-1.54,3323.83,3327.15,642,1443,28.6,57.1,13,1,CROSS=EMA9>EMA21;TREND=1;STRUCT=1;VOL=1;COOL=1;EMA50=1;VWAP=1;BIAS=1,0.00,0.00,25815.98,25815.98,days=1 trades=1 W=0 L=1 gross_profit=0.00 gross_loss=128.71 net=-128.71 PF=0.00 pips=-1163.0
144,2025.05.12 01:15:00,2025.05.12 03:45:00,ENTRY,XAUUSD,M15,36,SELL,FULLTGT,DAY,0,3282.05,3296.91,3296.91,14.86,1.00,14.86,3267.19,3252.34,3237.48,3222.63,3207.77,0.08,0.08,0.08,3282.05,0.00,0.00,0.00,3330.20,3330.82,3337.09,3332.16,3331.81,-0.844,7.43,53.33,15.56,8.91,-5.64,-1.11,-4.53,3285.44,3282.05,2287,1446,0.0,100.0,7,1,CROSS=EMA9<EMA21;TREND=1;STRUCT=1;VOL=1;COOL=1;EMA50=1;VWAP=1;BIAS=1,0.00,0.00,25815.70,25815.14,KZ=ASIA; KZR=NY L @ 3311.43 0 bars ago (low taken); DAY 12AM-4PM IST session: stop x1.00 of usual; no partials; full size to TP5; SL steps BE->TP1->TP2->TP3
145,2025.05.12 01:45:40,2025.05.12 04:15:40,TP1_REACHED,XAUUSD,M15,36,SELL,FULLTGT,DAY,0,3282.05,3296.91,3296.91,14.86,1.00,14.86,3267.19,3252.34,3237.48,3222.63,3207.77,0.08,0.00,0.08,3267.19,1.00,1.00,0.00,3325.93,3328.62,3335.86,3328.14,3329.77,-0.872,8.30,59.65,13.46,14.12,-11.87,-3.65,-8.22,3279.79,3271.73,1746,1406,0.0,100.0,11,1,CROSS=EMA9<EMA21;TREND=1;STRUCT=1;VOL=1;COOL=1;EMA50=1;VWAP=1;BIAS=1,1.00,-0.08,25815.70,25934.82,full target: no partial booked
146,2025.05.12 10:03:14,2025.05.12 12:33:14,TP2_REACHED,XAUUSD,M15,36,SELL,FULLTGT,DAY,0,3282.05,3296.91,3296.91,14.86,1.00,14.86,3267.19,3252.34,3237.48,3222.63,3207.77,0.08,0.00,0.08,3252.34,2.00,2.00,0.00,3290.15,3303.77,3319.37,3290.66,3304.29,-3.048,5.12,24.91,46.26,51.72,-3.56,-4.58,1.02,3276.43,3277.68,2254,1851,57.1,28.6,5,1,CROSS=EMA9<EMA21;TREND=1;STRUCT=1;VOL=1;COOL=1;EMA50=1;VWAP=1;BIAS=1,2.00,-0.54,25815.70,26053.46,full target: no partial booked
147,2025.05.12 10:23:41,2025.05.12 12:53:41,TP3_REACHED,XAUUSD,M15,36,SELL,FULLTGT,DAY,0,3282.05,3296.91,3296.91,14.86,1.00,14.86,3267.19,3252.34,3237.48,3222.63,3207.77,0.08,0.00,0.08,3237.48,3.00,3.00,0.00,3288.44,3302.63,3318.65,3290.15,3303.77,-2.245,7.13,27.36,27.05,26.71,-5.72,-4.63,-1.09,3275.30,3246.57,4375,1931,0.0,100.0,2,1,CROSS=EMA9<EMA21;TREND=1;STRUCT=1;VOL=1;COOL=1;EMA50=1;VWAP=1;BIAS=1,3.00,-0.54,25815.70,26172.58,full target: no partial booked
148,2025.05.12 10:27:37,2025.05.12 12:57:37,TP4_REACHED,XAUUSD,M15,36,SELL,FULLTGT,DAY,0,3282.05,3296.91,3296.91,14.86,1.00,14.86,3267.19,3252.34,3237.48,3222.63,3207.77,0.08,0.00,0.08,3222.63,4.00,4.00,0.00,3288.44,3302.63,3318.65,3290.15,3303.77,-2.245,7.13,27.36,27.05,20.49,-5.72,-4.63,-1.09,3275.30,3246.57,4375,1931,0.0,100.0,5,1,CROSS=EMA9<EMA21;TREND=1;STRUCT=1;VOL=1;COOL=1;EMA50=1;VWAP=1;BIAS=1,4.00,-0.54,25815.70,26292.10,full target: no partial booked
149,2025.05.14 02:30:00,2025.05.14 05:00:00,FLIP,XAUUSD,M15,36,SELL,FULLTGT,DAY,0,3282.05,3296.91,3296.91,14.86,1.00,14.86,3267.19,3252.34,3237.48,3222.63,3207.77,0.08,0.00,0.00,3255.30,0.00,1.80,0.00,3249.14,3249.05,3259.94,3248.89,3248.92,-3.473,3.14,30.73,60.12,61.06,1.74,1.23,0.51,3253.14,3255.22,468,873,85.7,0.0,8,1,CROSS=EMA9>EMA21;TREND=1;STRUCT=1;VOL=1;COOL=1;EMA50=1;VWAP=1;BIAS=1,4.99,-0.54,25815.70,26036.82,opposite signal before SL/target | SELL -> BUY | closing trade 36
150,2025.05.14 02:30:00,2025.05.14 05:00:00,EXIT_FLIP,XAUUSD,M15,36,SELL,FULLTGT,DAY,0,3282.05,3296.91,3296.91,14.86,1.00,14.86,3267.19,3252.34,3237.48,3222.63,3207.77,0.08,0.08,0.00,3255.30,0.00,1.80,0.00,3249.14,3249.05,3259.94,3248.89,3248.92,-3.473,3.14,30.73,60.12,61.06,1.74,1.23,0.51,3253.14,3255.22,468,873,85.7,0.0,8,1,CROSS=EMA9>EMA21;TREND=1;STRUCT=1;VOL=1;COOL=1;EMA50=1;VWAP=1;BIAS=1,4.99,-0.54,26036.54,26036.54,FLIP exit
151,2025.05.14 02:30:00,2025.05.14 05:00:00,EXIT_OTHER,XAUUSD,M15,36,SELL,FULLTGT,DAY,0,3282.05,3296.91,3296.91,14.86,1.00,14.86,3267.19,3252.34,3237.48,3222.63,3207.77,0.08,0.08,0.00,3255.30,0.00,1.80,220.56,3249.14,3249.05,3259.94,3248.89,3248.92,-3.473,3.14,30.73,60.12,61.06,1.74,1.23,0.51,3253.14,3255.22,468,873,85.7,0.0,8,1,CROSS=EMA9>EMA21;TREND=1;STRUCT=1;VOL=1;COOL=1;EMA50=1;VWAP=1;BIAS=1,4.99,-0.54,26036.54,26036.54,FLIP exit
152,2025.05.14 02:30:00,2025.05.14 05:00:00,ENTRY,XAUUSD,M15,38,BUY,FULLTGT,DAY,36,3255.30,3249.03,3249.03,6.27,1.00,6.27,3261.57,3267.84,3274.11,3280.39,3286.66,0.20,0.20,0.20,3255.30,0.00,0.00,0.00,3249.14,3249.05,3259.94,3248.89,3248.92,-3.473,3.14,30.73,60.12,61.06,1.74,1.23,0.51,3253.14,3255.22,468,873,85.7,0.0,8,1,CROSS=EMA9>EMA21;TREND=1;STRUCT=1;VOL=1;COOL=1;EMA50=1;VWAP=1;BIAS=1,0.00,0.00,26035.84,26034.24,KZ=ASIA; KZR=Asia L @ 3258.86 161 bars ago (low taken); DAY 12AM-4PM IST session: stop x1.00 of usual; no partials; full size to TP5; SL steps BE->TP1->TP2->TP3; flipped from trade 36
153,2025.05.14 03:02:41,2025.05.14 05:32:41,EXIT_SL,XAUUSD,M15,38,BUY,FULLTGT,DAY,36,3255.30,3249.03,3249.03,6.27,1.00,6.27,3261.57,3267.84,3274.11,3280.39,3286.66,0.20,0.20,0.00,3249.01,0.00,-1.00,-127.20,3249.58,3249.28,3259.84,3249.39,3249.17,-3.386,3.12,28.61,57.52,53.97,1.84,1.41,0.43,3253.50,3254.33,651,779,85.7,0.0,13,1,CROSS=EMA9>EMA21;TREND=1;STRUCT=1;VOL=1;COOL=1;EMA50=1;VWAP=1;BIAS=1,0.10,-1.00,25909.34,25909.34,stopped at the initial SL (x1.00 of usual)
154,2025.05.14 04:00:00,2025.05.14 06:30:00,ENTRY,XAUUSD,M15,40,SELL,FULLTGT,DAY,0,3243.87,3252.04,3252.04,8.17,1.00,8.17,3235.70,3227.54,3219.37,3211.21,3203.04,0.15,0.15,0.15,3243.87,0.00,0.00,0.00,3248.95,3248.97,3259.27,3249.15,3249.07,-2.522,4.08,23.67,38.87,37.10,-0.43,1.09,-1.52,3248.82,3243.87,1986,862,0.0,85.7,10,1,CROSS=EMA9<EMA21;TREND=1;STRUCT=1;VOL=1;COOL=1;EMA50=1;VWAP=1;BIAS=1,0.00,0.00,25908.81,25907.31,KZ=ASIA; KZR=Asia L @ 3258.86 167 bars ago (low taken); DAY 12AM-4PM IST session: stop x1.00 of usual; no partials; full size to TP5; SL steps BE->TP1->TP2->TP3
155,2025.05.14 04:30:15,2025.05.14 07:00:15,EXIT_SL,XAUUSD,M15,40,SELL,FULLTGT,DAY,0,3243.87,3252.04,3252.04,8.17,1.00,8.17,3235.70,3227.54,3219.37,3211.21,3203.04,0.15,0.15,0.00,3252.06,0.00,-1.00,-123.91,3248.79,3248.89,3259.02,3248.72,3248.86,-2.103,4.82,23.15,52.18,57.20,-0.63,0.59,-1.22,3247.53,3250.55,2152,1008,57.1,28.6,7,1,CROSS=EMA9<EMA21;TREND=1;STRUCT=1;VOL=1;COOL=1;EMA50=1;VWAP=1;BIAS=1,0.60,-1.00,25785.43,25785.43,stopped at the initial SL (x1.00 of usual)
156,2025.05.15 01:00:00,2025.05.15 03:30:00,DAY_SUMMARY,XAUUSD,M15,40,FLAT,NA,DAY,0,0.00,0.00,0.00,0.00,1.00,0.00,0.00,0.00,0.00,0.00,0.00,0.00,0.00,0.00,0.00,0.00,-0.21,-30.55,3194.29,3210.21,3229.63,3194.98,3210.87,-4.503,4.31,23.77,40.38,44.49,-4.56,-6.47,1.91,3211.87,3177.40,786,1855,14.3,57.1,10,1,CROSS=EMA9<EMA21;TREND=1;STRUCT=1;VOL=1;COOL=1;EMA50=1;VWAP=1;BIAS=1,0.00,0.00,25785.43,25785.43,2025.05.14 trades=3 W=1 L=2 gross_profit=220.56 gross_loss=251.11 net=-30.55 PF=0.88
157,2025.05.15 19:45:00,2025.05.15 22:15:00,SKIP,XAUUSD,M15,40,FLAT,NA,EVENING,0,0.00,0.00,0.00,0.00,1.00,0.00,0.00,0.00,0.00,0.00,0.00,0.00,0.00,0.00,0.00,0.00,0.00,0.00,3186.58,3185.96,3201.22,3185.14,3185.24,-2.189,6.97,64.18,75.68,69.07,12.90,11.92,0.98,3172.51,3221.68,1697,2816,85.7,0.0,7,1,CROSS=EMA9<EMA21;TREND=1;STRUCT=1;VOL=1;COOL=1;EMA50=1;VWAP=1;BIAS=1,0.00,0.00,25785.43,25785.43,outside the killzone window
158,2025.05.16 14:45:00,2025.05.16 17:15:00,SKIP,XAUUSD,M15,40,FLAT,NA,EVENING,0,0.00,0.00,0.00,0.00,1.00,0.00,0.00,0.00,0.00,0.00,0.00,0.00,0.00,0.00,0.00,0.00,0.00,0.00,3207.44,3207.51,3209.34,3208.81,3208.19,-0.224,8.19,34.26,26.14,31.93,-10.61,-6.06,-4.55,3215.03,3173.94,2358,2264,14.3,85.7,5,1,CROSS=EMA9<EMA21;TREND=1;STRUCT=1;VOL=1;COOL=1;EMA50=1;VWAP=1;BIAS=1,0.00,0.00,25785.43,25785.43,already positioned that way
159,2025.05.19 01:00:00,2025.05.19 03:30:00,WEEK_SUMMARY,XAUUSD,M15,40,FLAT,NA,DAY,0,0.00,0.00,0.00,0.00,1.00,0.00,0.00,0.00,0.00,0.00,0.00,0.00,0.00,0.00,0.00,0.00,-0.21,-30.55,3191.90,3196.10,3201.76,3191.53,3196.00,-1.208,4.69,44.91,61.59,63.43,3.47,1.99,1.48,3200.92,3201.00,975,1300,71.4,14.3,11,1,CROSS=EMA9<EMA21;TREND=1;STRUCT=1;VOL=1;COOL=1;EMA50=1;VWAP=1;BIAS=1,0.00,0.00,25785.43,25785.43,days=1 trades=3 W=1 L=2 gross_profit=220.56 gross_loss=251.11 net=-30.55 PF=0.88 pips=1227.0
160,2025.05.19 02:30:00,2025.05.19 05:00:00,ENTRY,XAUUSD,M15,42,BUY,FULLTGT,DAY,0,3243.49,3228.35,3228.35,15.14,1.00,15.14,3258.63,3273.77,3288.91,3304.05,3319.19,0.08,0.08,0.08,3243.49,0.00,0.00,0.00,3201.37,3200.61,3203.75,3199.65,3199.74,-0.415,7.57,65.20,78.90,78.09,14.10,7.80,6.30,3232.45,3243.40,1002,1262,85.7,0.0,9,1,CROSS=EMA9>EMA21;TREND=1;STRUCT=1;VOL=1;COOL=1;EMA50=1;VWAP=1;BIAS=1,0.00,0.00,25785.15,25784.43,KZ=ASIA; KZR=NY L @ 3172.55 242 bars ago (low taken); DAY 12AM-4PM IST session: stop x1.00 of usual; no partials; full size to TP5; SL steps BE->TP1->TP2->TP3
161,2025.05.19 02:49:29,2025.05.19 05:19:29,EXIT_SL,XAUUSD,M15,42,BUY,FULLTGT,DAY,0,3243.49,3228.35,3228.35,15.14,1.00,15.14,3258.63,3273.77,3288.91,3304.05,3319.19,0.08,0.08,0.00,3228.27,0.00,-1.01,-122.32,3202.58,3201.24,3204.04,3201.37,3200.61,-0.336,8.32,61.97,67.14,55.38,13.90,9.04,4.86,3232.81,3232.40,1376,1252,71.4,28.6,9,1,CROSS=EMA9>EMA21;TREND=1;STRUCT=1;VOL=1;COOL=1;EMA50=1;VWAP=1;BIAS=1,0.07,-1.00,25663.11,25663.11,stopped at the initial SL (x1.00 of usual)
162,2025.05.20 01:00:00,2025.05.20 03:30:00,DAY_SUMMARY,XAUUSD,M15,42,FLAT,NA,DAY,0,0.00,0.00,0.00,0.00,1.00,0.00,0.00,0.00,0.00,0.00,0.00,0.00,0.00,0.00,0.00,0.00,-1.01,-122.32,3231.35,3226.54,3220.01,3231.40,3226.47,1.999,3.26,24.38,46.12,42.73,-0.44,-0.23,-0.20,3231.74,3230.12,574,1165,14.3,57.1,11,1,CROSS=EMA9>EMA21;TREND=1;STRUCT=1;VOL=1;COOL=1;EMA50=1;VWAP=1;BIAS=1,0.00,0.00,25663.11,25663.11,2025.05.19 trades=1 W=0 L=1 gross_profit=0.00 gross_loss=122.32 net=-122.32 PF=0.00
163,2025.05.20 06:45:00,2025.05.20 09:15:00,ENTRY,XAUUSD,M15,44,SELL,FULLTGT,DAY,0,3211.90,3224.68,3224.68,12.78,1.00,12.78,3199.12,3186.34,3173.56,3160.77,3147.99,0.10,0.10,0.10,3211.90,0.00,0.00,0.00,3223.79,3223.92,3219.97,3224.27,3224.17,0.619,6.39,37.30,37.13,44.51,-4.62,-3.46,-1.16,3219.17,3211.90,1853,1604,0.0,100.0,8,1,CROSS=EMA9<EMA21;TREND=1;STRUCT=1;VOL=1;COOL=1;EMA50=1;VWAP=1;BIAS=1,0.00,0.00,25662.76,25661.96,KZ=ASIA; KZR=NY L @ 3172.55 355 bars ago (low taken); DAY 12AM-4PM IST session: stop x1.00 of usual; no partials; full size to TP5; SL steps BE->TP1->TP2->TP3
164,2025.05.20 10:46:40,2025.05.20 13:16:40,EXIT_SL,XAUUSD,M15,44,SELL,FULLTGT,DAY,0,3211.90,3224.68,3224.68,12.78,1.00,12.78,3199.12,3186.34,3173.56,3160.77,3147.99,0.10,0.10,0.00,3224.70,0.00,-1.00,-128.70,3219.26,3221.24,3219.10,3219.13,3221.22,0.391,5.49,21.14,59.02,67.53,-1.19,-2.27,1.08,3216.97,3222.40,2000,1635,71.4,14.3,12,1,CROSS=EMA9<EMA21;TREND=1;STRUCT=1;VOL=1;COOL=1;EMA50=1;VWAP=1;BIAS=1,0.30,-1.00,25534.41,25534.41,stopped at the initial SL (x1.00 of usual)
165,2025.05.20 13:15:00,2025.05.20 15:45:00,ENTRY,XAUUSD,M15,46,BUY,FULLTGT,DAY,0,3234.29,3222.97,3222.97,11.32,1.00,11.32,3245.61,3256.94,3268.26,3279.58,3290.90,0.11,0.11,0.11,3234.29,0.00,0.00,0.00,3223.14,3222.96,3220.19,3222.69,3222.74,0.490,5.66,46.37,64.18,58.81,4.94,2.79,2.15,3220.20,3234.20,1471,1863,85.7,0.0,9,1,CROSS=EMA9>EMA21;TREND=1;STRUCT=1;VOL=1;COOL=1;EMA50=1;VWAP=1;BIAS=1,0.00,0.00,25534.02,25533.03,KZ=NY; KZR=NY L @ 3172.55 381 bars ago (low taken); DAY 12AM-4PM IST session: stop x1.00 of usual; no partials; full size to TP5; SL steps BE->TP1->TP2->TP3
166,2025.05.20 15:33:19,2025.05.20 18:03:19,TP1_REACHED,XAUUSD,M15,46,BUY,FULLTGT,EVENING,0,3234.29,3222.97,3222.97,11.32,1.00,11.32,3245.61,3256.94,3268.26,3279.58,3290.90,0.11,0.00,0.11,3245.61,1.00,1.00,0.00,3227.66,3225.44,3221.72,3227.10,3225.12,0.816,4.56,52.10,64.83,59.31,5.27,5.21,0.06,3222.75,3241.38,1943,1721,100.0,0.0,8,1,CROSS=EMA9>EMA21;TREND=1;STRUCT=1;VOL=1;COOL=1;EMA50=1;VWAP=1;BIAS=1,1.00,-0.21,25534.02,25658.76,full target: no partial booked
167,2025.05.20 16:58:30,2025.05.20 19:28:30,TP2_REACHED,XAUUSD,M15,46,BUY,FULLTGT,EVENING,0,3234.29,3222.97,3222.97,11.32,1.00,11.32,3245.61,3256.94,3268.26,3279.58,3290.90,0.11,0.00,0.11,3256.94,2.00,2.00,0.00,3230.04,3226.90,3222.65,3229.57,3226.61,0.781,5.44,40.36,59.59,65.42,4.48,5.19,-0.71,3225.29,3241.57,3285,1970,85.7,14.3,11,1,CROSS=EMA9>EMA21;TREND=1;STRUCT=1;VOL=1;COOL=1;EMA50=1;VWAP=1;BIAS=1,2.00,-0.21,25534.02,25783.28,full target: no partial booked
168,2025.05.20 17:04:19,2025.05.20 19:34:19,TP3_REACHED,XAUUSD,M15,46,BUY,FULLTGT,EVENING,0,3234.29,3222.97,3222.97,11.32,1.00,11.32,3245.61,3256.94,3268.26,3279.58,3290.90,0.11,0.00,0.11,3268.26,3.00,3.00,0.00,3231.26,3227.58,3223.04,3230.04,3226.90,0.678,6.70,41.39,73.05,77.65,5.94,5.25,0.69,3226.24,3261.22,3541,2047,100.0,0.0,9,1,CROSS=EMA9>EMA21;TREND=1;STRUCT=1;VOL=1;COOL=1;EMA50=1;VWAP=1;BIAS=1,3.00,-0.21,25534.02,25908.02,full target: no partial booked
169,2025.05.20 17:12:40,2025.05.20 19:42:40,TP4_REACHED,XAUUSD,M15,46,BUY,FULLTGT,EVENING,0,3234.29,3222.97,3222.97,11.32,1.00,11.32,3245.61,3256.94,3268.26,3279.58,3290.90,0.11,0.00,0.11,3279.58,4.00,4.00,0.00,3231.26,3227.58,3223.04,3230.04,3226.90,0.678,6.70,41.39,73.05,84.52,5.94,5.25,0.69,3226.24,3261.22,3541,2047,100.0,0.0,9,1,CROSS=EMA9>EMA21;TREND=1;STRUCT=1;VOL=1;COOL=1;EMA50=1;VWAP=1;BIAS=1,4.00,-0.21,25534.02,26032.43,full target: no partial booked
170,2025.05.20 22:24:39,2025.05.21 00:54:39,TP5_EXIT,XAUUSD,M15,46,BUY,FULLTGT,DAY,0,3234.29,3222.97,3222.97,11.32,1.00,11.32,3245.61,3256.94,3268.26,3279.58,3290.90,0.11,0.11,0.00,3290.95,5.00,5.00,0.00,3260.71,3246.49,3234.30,3259.58,3245.64,3.130,3.89,47.97,73.90,64.15,9.67,10.76,-1.09,3242.80,3288.30,1414,2144,71.4,14.3,7,1,CROSS=EMA9>EMA21;TREND=1;STRUCT=1;VOL=1;COOL=1;EMA50=1;VWAP=1;BIAS=1,5.00,-0.21,26156.89,26156.89,full target reached; closed in full
171,2025.05.20 22:24:40,2025.05.21 00:54:40,EXIT_TP,XAUUSD,M15,46,BUY,FULLTGT,DAY,0,3234.29,3222.97,3222.97,11.32,1.00,11.32,3245.61,3256.94,3268.26,3279.58,3290.90,0.11,0.11,0.00,3290.95,0.00,5.00,622.48,3260.71,3246.49,3234.30,3259.58,3245.64,3.130,3.89,47.97,73.90,64.15,9.67,10.76,-1.09,3242.80,3288.30,1414,2144,71.4,14.3,7,1,CROSS=EMA9>EMA21;TREND=1;STRUCT=1;VOL=1;COOL=1;EMA50=1;VWAP=1;BIAS=1,5.00,-0.21,26156.89,26156.89,TP5 exit
172,2025.05.21 01:00:00,2025.05.21 03:30:00,DAY_SUMMARY,XAUUSD,M15,46,FLAT,NA,DAY,0,0.00,0.00,0.00,0.00,1.00,0.00,0.00,0.00,0.00,0.00,0.00,0.00,0.00,0.00,0.00,0.00,4.00,493.78,3268.23,3252.37,3238.17,3267.35,3251.61,4.631,3.07,50.81,66.07,47.09,7.59,9.00,-1.41,3244.97,3289.66,526,1464,57.1,28.6,11,1,CROSS=EMA9>EMA21;TREND=1;STRUCT=1;VOL=1;COOL=1;EMA50=1;VWAP=1;BIAS=1,0.00,0.00,26156.89,26156.89,2025.05.20 trades=2 W=1 L=1 gross_profit=622.48 gross_loss=128.70 net=493.78 PF=4.84
173,2025.05.22 17:45:00,2025.05.22 20:15:00,SKIP,XAUUSD,M15,46,FLAT,NA,EVENING,0,0.00,0.00,0.00,0.00,1.00,0.00,0.00,0.00,0.00,0.00,0.00,0.00,0.00,0.00,0.00,0.00,0.00,0.00,3312.14,3312.31,3299.11,3312.53,3312.51,1.271,10.38,29.04,46.87,52.33,-4.72,-4.40,-0.32,3316.99,3302.65,2968,3052,14.3,71.4,9,1,CROSS=EMA9>EMA21;TREND=1;STRUCT=1;VOL=1;COOL=1;EMA50=1;VWAP=1;BIAS=1,0.00,0.00,26156.89,26156.89,outside the killzone window
174,2025.05.23 09:30:00,2025.05.23 12:00:00,SKIP,XAUUSD,M15,46,FLAT,NA,DAY,0,0.00,0.00,0.00,0.00,1.00,0.00,0.00,0.00,0.00,0.00,0.00,0.00,0.00,0.00,0.00,0.00,0.00,0.00,3306.40,3306.04,3300.41,3305.60,3305.64,1.143,4.93,61.21,72.43,65.51,6.76,4.34,2.42,3306.52,3325.90,2351,1607,85.7,14.3,7,1,CROSS=EMA9>EMA21;TREND=1;STRUCT=1;VOL=1;COOL=1;EMA50=1;VWAP=1;BIAS=1,0.00,0.00,26156.89,26156.89,outside the killzone window
175,2025.05.26 01:00:00,2025.05.26 03:30:00,WEEK_SUMMARY,XAUUSD,M15,46,FLAT,NA,DAY,0,0.00,0.00,0.00,0.00,1.00,0.00,0.00,0.00,0.00,0.00,0.00,0.00,0.00,0.00,0.00,0.00,3.00,371.46,3350.31,3337.34,3322.05,3350.00,3336.92,4.713,3.24,42.95,49.67,38.96,2.41,4.23,-1.82,3335.94,3357.90,762,1615,42.9,42.9,11,1,CROSS=EMA9>EMA21;TREND=1;STRUCT=1;VOL=1;COOL=1;EMA50=1;VWAP=1;BIAS=1,0.00,0.00,26156.89,26156.89,days=2 trades=3 W=1 L=2 gross_profit=622.48 gross_loss=251.02 net=371.46 PF=2.48 pips=2864.0
176,2025.05.26 15:30:00,2025.05.26 18:00:00,ENTRY,XAUUSD,M15,48,SELL,FULLTGT,EVENING,0,3326.94,3334.70,3334.70,7.76,1.00,7.76,3319.18,3311.43,3303.67,3295.91,3288.15,0.16,0.16,0.16,3326.94,0.00,0.00,0.00,3338.04,3338.16,3329.72,3338.49,3338.39,2.175,3.88,18.66,36.17,33.29,-2.79,-3.38,0.59,3340.32,3326.84,1511,1299,14.3,71.4,11,1,CROSS=EMA9<EMA21;TREND=1;STRUCT=1;VOL=1;COOL=1;EMA50=1;VWAP=1;BIAS=1,0.00,0.00,26156.33,26154.57,KZ=NY; KZR=NY H @ 3364.74 268 bars ago (high taken); EVENING 4PM-12AM IST session: stop x1.00 of usual; no partials; full size to TP5; SL steps BE->TP1->TP2->TP3
177,2025.05.26 15:58:28,2025.05.26 18:28:28,EXIT_SL,XAUUSD,M15,48,SELL,FULLTGT,EVENING,0,3326.94,3334.70,3334.70,7.76,1.00,7.76,3319.18,3311.43,3303.67,3295.91,3288.15,0.16,0.16,0.00,3334.70,0.00,-1.00,-125.28,3337.88,3338.08,3329.76,3338.04,3338.16,1.939,4.29,18.06,49.26,55.21,-2.38,-3.19,0.81,3340.14,3334.04,1649,1294,42.9,42.9,5,1,CROSS=EMA9<EMA21;TREND=1;STRUCT=1;VOL=1;COOL=1;EMA50=1;VWAP=1;BIAS=1,0.05,-1.00,26031.61,26031.61,stopped at the initial SL (x1.00 of usual)
178,2025.05.26 20:00:00,2025.05.26 22:30:00,SKIP,XAUUSD,M15,48,FLAT,NA,EVENING,0,0.00,0.00,0.00,0.00,1.00,0.00,0.00,0.00,0.00,0.00,0.00,0.00,0.00,0.00,0.00,0.00,0.00,0.00,3338.24,3338.18,3331.10,3338.08,3338.10,2.297,3.08,39.18,60.10,63.85,1.54,0.89,0.65,3339.60,3342.10,594,1316,85.7,0.0,12,1,CROSS=EMA9<EMA21;TREND=1;STRUCT=1;VOL=1;COOL=1;EMA50=1;VWAP=1;BIAS=1,0.00,0.00,26031.61,26031.61,outside the killzone window
179,2025.05.27 01:00:00,2025.05.27 03:30:00,DAY_SUMMARY,XAUUSD,M15,48,FLAT,NA,DAY,0,0.00,0.00,0.00,0.00,1.00,0.00,0.00,0.00,0.00,0.00,0.00,0.00,0.00,0.00,0.00,0.00,-1.00,-125.28,3338.94,3338.56,3331.71,3338.81,3338.48,3.481,1.97,38.91,59.97,63.74,1.60,1.51,0.10,3339.67,3342.30,687,1041,85.7,0.0,9,1,CROSS=EMA9<EMA21;TREND=1;STRUCT=1;VOL=1;COOL=1;EMA50=1;VWAP=1;BIAS=1,0.00,0.00,26031.61,26031.61,2025.05.26 trades=1 W=0 L=1 gross_profit=0.00 gross_loss=125.28 net=-125.28 PF=0.00
180,2025.05.27 08:45:00,2025.05.27 11:15:00,SKIP,XAUUSD,M15,48,FLAT,NA,DAY,0,0.00,0.00,0.00,0.00,1.00,0.00,0.00,0.00,0.00,0.00,0.00,0.00,0.00,0.00,0.00,0.00,0.00,0.00,3339.34,3339.41,3334.15,3339.93,3339.70,1.418,3.71,39.84,27.05,16.00,-3.50,-1.04,-2.46,3339.60,3324.75,2669,1554,0.0,100.0,5,1,CROSS=EMA9<EMA21;TREND=1;STRUCT=1;VOL=1;COOL=1;EMA50=1;VWAP=1;BIAS=1,0.00,0.00,26031.61,26031.61,outside the killzone window
181,2025.05.28 13:45:00,2025.05.28 16:15:00,ENTRY,XAUUSD,M15,50,BUY,FULLTGT,EVENING,0,3315.98,3306.69,3306.69,9.29,1.00,9.29,3325.27,3334.57,3343.86,3353.15,3362.44,0.14,0.14,0.14,3315.98,0.00,0.00,0.00,3311.01,3310.94,3315.11,3310.80,3310.84,-0.898,4.65,38.94,52.18,38.21,3.96,4.70,-0.73,3309.21,3315.97,1836,1795,57.1,42.9,5,1,CROSS=EMA9>EMA21;TREND=1;STRUCT=1;VOL=1;COOL=1;EMA50=1;VWAP=1;BIAS=1,0.00,0.00,26031.12,26030.42,KZ=NY; KZR=Asia L @ 3285.51 82 bars ago (low taken); EVENING 4PM-12AM IST session: stop x1.00 of usual; no partials; full size to TP5; SL steps BE->TP1->TP2->TP3
182,2025.05.28 15:12:26,2025.05.28 17:42:26,EXIT_SL,XAUUSD,M15,50,BUY,FULLTGT,EVENING,0,3315.98,3306.69,3306.69,9.29,1.00,9.29,3325.27,3334.57,3343.86,3353.15,3362.44,0.14,0.14,0.00,3306.66,0.00,-1.00,-131.46,3311.15,3311.02,3314.95,3311.15,3311.02,-0.968,4.06,39.24,46.30,38.84,0.98,3.17,-2.19,3309.48,3311.15,1920,1809,42.9,57.1,8,1,CROSS=EMA9>EMA21;TREND=1;STRUCT=1;VOL=1;COOL=1;EMA50=1;VWAP=1;BIAS=1,0.02,-1.00,25900.15,25900.15,stopped at the initial SL (x1.00 of usual)
183,2025.05.28 16:30:00,2025.05.28 19:00:00,ENTRY,XAUUSD,M15,52,SELL,FULLTGT,EVENING,0,3305.72,3315.72,3315.72,10.00,1.00,10.00,3295.72,3285.72,3275.72,3265.72,3255.72,0.12,0.12,0.12,3305.72,0.00,0.00,0.00,3310.77,3310.84,3314.63,3310.97,3310.94,-0.758,5.00,35.85,39.56,37.46,-0.98,0.39,-1.37,3309.56,3305.71,2511,1859,0.0,100.0,5,1,CROSS=EMA9<EMA21;TREND=1;STRUCT=1;VOL=1;COOL=1;EMA50=1;VWAP=1;BIAS=1,0.00,0.00,25899.73,25899.13,KZ=NY; KZR=Asia L @ 3285.51 93 bars ago (low taken); EVENING 4PM-12AM IST session: stop x1.00 of usual; no partials; full size to TP5; SL steps BE->TP1->TP2->TP3
184,2025.05.28 18:03:40,2025.05.28 20:33:40,TP1_REACHED,XAUUSD,M15,52,SELL,FULLTGT,EVENING,0,3305.72,3315.72,3315.72,10.00,1.00,10.00,3295.72,3285.72,3275.72,3265.72,3255.72,0.12,0.00,0.12,3295.72,1.00,1.00,0.00,3309.38,3310.10,3314.03,3309.66,3310.25,-0.620,6.34,42.93,40.25,42.32,-2.40,-1.54,-0.86,3308.76,3302.69,2786,2286,0.0,100.0,5,1,CROSS=EMA9<EMA21;TREND=1;STRUCT=1;VOL=1;COOL=1;EMA50=1;VWAP=1;BIAS=1,1.00,-0.39,25899.73,26020.45,full target: no partial booked
185,2025.05.28 23:51:11,2025.05.29 02:21:11,TP2_REACHED,XAUUSD,M15,52,SELL,FULLTGT,DAY,0,3305.72,3315.72,3315.72,10.00,1.00,10.00,3295.72,3285.72,3275.72,3265.72,3255.72,0.12,0.00,0.12,3285.72,2.00,2.00,0.00,3301.71,3305.14,3310.46,3302.03,3305.37,-1.393,3.82,21.23,41.51,34.32,-2.26,-2.22,-0.03,3305.88,3293.86,603,1541,0.0,71.4,40,1,CROSS=EMA9<EMA21;TREND=1;STRUCT=1;VOL=1;COOL=1;EMA50=1;VWAP=1;BIAS=1,1.99,-0.39,25899.73,26139.85,full target: no partial booked
186,2025.05.29 01:00:00,2025.05.29 03:30:00,DAY_SUMMARY,XAUUSD,M15,52,SELL,FULLTGT,DAY,0,3305.72,3315.72,3315.72,10.00,1.00,10.00,3295.72,3285.72,3275.72,3265.72,3255.72,0.12,0.00,0.00,0.00,0.00,-1.00,-131.46,3301.20,3304.81,3310.24,3301.71,3305.14,-1.122,4.84,24.76,35.26,33.09,-2.71,-2.26,-0.45,3305.70,3288.64,1500,1520,0.0,71.4,9,1,CROSS=EMA9<EMA21;TREND=1;STRUCT=1;VOL=1;COOL=1;EMA50=1;VWAP=1;BIAS=1,2.86,-0.39,25899.73,26139.92,2025.05.28 trades=1 W=0 L=1 gross_profit=0.00 gross_loss=131.46 net=-131.46 PF=0.00
187,2025.05.29 02:09:41,2025.05.29 04:39:41,TP3_REACHED,XAUUSD,M15,52,SELL,FULLTGT,DAY,0,3305.72,3315.72,3315.72,10.00,1.00,10.00,3295.72,3285.72,3275.72,3265.72,3255.72,0.12,0.00,0.12,3275.72,3.00,3.00,0.00,3299.13,3303.46,3309.34,3299.63,3303.80,-1.043,5.63,33.99,35.73,29.45,-3.85,-2.84,-1.01,3287.36,3286.73,1027,1384,0.0,85.7,12,1,CROSS=EMA9<EMA21;TREND=1;STRUCT=1;VOL=1;COOL=1;EMA50=1;VWAP=1;BIAS=1,2.99,-0.39,25899.73,26276.36,full target: no partial booked
188,2025.05.29 02:15:39,2025.05.29 04:45:39,TP4_REACHED,XAUUSD,M15,52,SELL,FULLTGT,DAY,0,3305.72,3315.72,3315.72,10.00,1.00,10.00,3295.72,3285.72,3275.72,3265.72,3255.72,0.12,0.00,0.12,3265.72,4.00,4.00,0.00,3297.99,3302.80,3308.95,3299.13,3303.46,-0.872,7.05,37.06,23.09,17.65,-5.24,-3.17,-2.07,3283.07,3270.24,2203,1410,0.0,100.0,11,1,CROSS=EMA9<EMA21;TREND=1;STRUCT=1;VOL=1;COOL=1;EMA50=1;VWAP=1;BIAS=1,3.99,-0.39,25899.73,26396.36,full target: no partial booked
189,2025.05.29 02:41:37,2025.05.29 05:11:37,TP5_EXIT,XAUUSD,M15,52,SELL,FULLTGT,DAY,0,3305.72,3315.72,3315.72,10.00,1.00,10.00,3295.72,3285.72,3275.72,3265.72,3255.72,0.12,0.12,0.00,3255.71,5.00,5.00,0.00,3296.74,3302.07,3308.52,3297.99,3302.80,-0.854,7.55,40.68,21.02,17.24,-6.61,-3.64,-2.96,3278.07,3265.99,2757,1451,0.0,100.0,6,1,CROSS=EMA9<EMA21;TREND=1;STRUCT=1;VOL=1;COOL=1;EMA50=1;VWAP=1;BIAS=1,5.00,-0.39,26515.46,26515.46,full target reached; closed in full
190,2025.05.29 02:41:37,2025.05.29 05:11:37,EXIT_TP,XAUUSD,M15,52,SELL,FULLTGT,DAY,0,3305.72,3315.72,3315.72,10.00,1.00,10.00,3295.72,3285.72,3275.72,3265.72,3255.72,0.12,0.12,0.00,3255.71,0.00,5.00,615.31,3296.74,3302.07,3308.52,3297.99,3302.80,-0.854,7.55,40.68,21.02,17.24,-6.61,-3.64,-2.96,3278.07,3265.99,2757,1451,0.0,100.0,6,1,CROSS=EMA9<EMA21;TREND=1;STRUCT=1;VOL=1;COOL=1;EMA50=1;VWAP=1;BIAS=1,5.00,-0.39,26515.46,26515.46,TP5 exit
191,2025.05.29 16:45:00,2025.05.29 19:15:00,ENTRY,XAUUSD,M15,54,BUY,FULLTGT,EVENING,0,3312.84,3299.42,3299.42,13.42,1.00,13.42,3326.26,3339.68,3353.10,3366.53,3379.95,0.09,0.09,0.09,3312.84,0.00,0.00,0.00,3291.09,3290.73,3297.32,3290.20,3290.28,-0.983,6.71,64.22,65.50,56.28,9.39,8.13,1.25,3280.34,3312.78,3690,2222,85.7,14.3,9,1,CROSS=EMA9>EMA21;TREND=1;STRUCT=1;VOL=1;COOL=1;EMA50=1;VWAP=1;BIAS=1,0.00,0.00,26515.14,26514.33,KZ=NY; KZR=NY L @ 3283.03 67 bars ago (low taken); EVENING 4PM-12AM IST session: stop x1.00 of usual; no partials; full size to TP5; SL steps BE->TP1->TP2->TP3
192,2025.05.29 19:04:42,2025.05.29 21:34:42,TP1_REACHED,XAUUSD,M15,54,BUY,FULLTGT,EVENING,0,3312.84,3299.42,3299.42,13.42,1.00,13.42,3326.26,3339.68,3353.10,3366.53,3379.95,0.09,0.00,0.09,3326.26,1.00,1.00,0.00,3298.23,3294.66,3298.80,3297.30,3294.12,-0.591,7.01,50.13,67.01,63.78,7.31,7.91,-0.60,3285.29,3321.03,2054,2594,71.4,14.3,10,1,CROSS=EMA9>EMA21;TREND=1;STRUCT=1;VOL=1;COOL=1;EMA50=1;VWAP=1;BIAS=1,1.00,-0.60,26515.14,26636.10,full target: no partial booked
193,2025.05.30 01:00:00,2025.05.30 03:30:00,DAY_SUMMARY,XAUUSD,M15,54,BUY,FULLTGT,DAY,0,3312.84,3299.42,3299.42,13.42,1.00,13.42,3326.26,3339.68,3353.10,3366.53,3379.95,0.09,0.00,0.00,0.00,0.00,5.00,615.31,3310.25,3303.15,3302.75,3309.96,3302.86,0.131,3.01,30.91,52.10,48.40,1.56,2.97,-1.41,3290.91,3317.56,440,1404,57.1,28.6,9,1,CROSS=EMA9>EMA21;TREND=1;STRUCT=1;VOL=1;COOL=1;EMA50=1;VWAP=1;BIAS=1,1.37,-0.60,26515.14,26561.20,2025.05.29 trades=1 W=1 L=0 gross_profit=615.31 gross_loss=0.00 net=615.31 PF=0.00
194,2025.05.30 05:40:25,2025.05.30 08:10:25,EXIT_SL,XAUUSD,M15,54,BUY,FULLTGT,DAY,0,3312.84,3299.42,3299.42,13.42,1.00,13.42,3326.26,3339.68,3353.10,3366.53,3379.95,0.09,0.09,0.00,3299.42,0.00,-1.00,-127.11,3311.58,3306.17,3304.49,3311.97,3306.26,0.338,4.97,23.56,28.59,23.26,-2.24,-0.81,-1.43,3312.86,3301.89,1961,1230,14.3,71.4,5,1,CROSS=EMA9>EMA21;TREND=1;STRUCT=1;VOL=1;COOL=1;EMA50=1;VWAP=1;BIAS=1,1.37,-1.00,26388.35,26388.35,stopped at the initial SL (x1.00 of usual)
195,2025.05.30 11:00:00,2025.05.30 13:30:00,SKIP,XAUUSD,M15,54,FLAT,NA,DAY,0,0.00,0.00,0.00,0.00,1.00,0.00,0.00,0.00,0.00,0.00,0.00,0.00,0.00,0.00,0.00,0.00,0.00,0.00,3302.42,3302.55,3302.82,3302.72,3302.70,-0.040,6.80,14.08,45.40,47.79,-3.04,-3.55,0.50,3302.90,3295.04,1941,1601,28.6,57.1,5,1,CROSS=EMA9>EMA21;TREND=1;STRUCT=1;VOL=1;COOL=1;EMA50=1;VWAP=1;BIAS=1,0.00,0.00,26388.35,26388.35,outside the killzone window
196,2025.06.02 01:00:00,2025.06.02 03:30:00,DAY_SUMMARY,XAUUSD,M15,54,FLAT,NA,DAY,0,0.00,0.00,0.00,0.00,1.00,0.00,0.00,0.00,0.00,0.00,0.00,0.00,0.00,0.00,0.00,0.00,-1.00,-127.11,3293.50,3296.07,3298.73,3293.70,3296.22,-0.994,2.68,30.15,43.56,35.64,-0.10,0.40,-0.50,3296.08,3288.72,444,1268,0.0,85.7,9,1,CROSS=EMA9>EMA21;TREND=1;STRUCT=1;VOL=1;COOL=1;EMA50=1;VWAP=1;BIAS=1,0.00,0.00,26388.35,26388.35,2025.05.30 trades=1 W=0 L=1 gross_profit=0.00 gross_loss=127.11 net=-127.11 PF=0.00
197,2025.06.02 01:00:00,2025.06.02 03:30:00,WEEK_SUMMARY,XAUUSD,M15,54,FLAT,NA,DAY,0,0.00,0.00,0.00,0.00,1.00,0.00,0.00,0.00,0.00,0.00,0.00,0.00,0.00,0.00,0.00,0.00,2.00,231.46,3293.50,3296.07,3298.73,3293.70,3296.22,-0.994,2.68,30.15,43.56,35.64,-0.10,0.40,-0.50,3296.08,3288.72,444,1268,0.0,85.7,9,1,CROSS=EMA9>EMA21;TREND=1;STRUCT=1;VOL=1;COOL=1;EMA50=1;VWAP=1;BIAS=1,0.00,0.00,26388.35,26388.35,days=4 trades=4 W=1 L=3 gross_profit=615.31 gross_loss=383.85 net=231.46 PF=1.60 pips=1951.0
198,2025.06.02 01:00:00,2025.06.02 03:30:00,MONTH_SUMMARY,XAUUSD,M15,54,FLAT,NA,DAY,0,0.00,0.00,0.00,0.00,1.00,0.00,0.00,0.00,0.00,0.00,0.00,0.00,0.00,0.00,0.00,0.00,3.79,443.66,3293.50,3296.07,3298.73,3293.70,3296.22,-0.994,2.68,30.15,43.56,35.64,-0.10,0.40,-0.50,3296.08,3288.72,444,1268,0.0,85.7,9,1,CROSS=EMA9>EMA21;TREND=1;STRUCT=1;VOL=1;COOL=1;EMA50=1;VWAP=1;BIAS=1,0.00,0.00,26388.35,26388.35,days=8 trades=11 W=3 L=8 gross_profit=1458.35 gross_loss=1014.69 net=443.66 PF=1.44 pips=4879.0
199,2025.06.02 03:15:00,2025.06.02 05:45:00,SKIP,XAUUSD,M15,54,FLAT,NA,DAY,0,0.00,0.00,0.00,0.00,1.00,0.00,0.00,0.00,0.00,0.00,0.00,0.00,0.00,0.00,0.00,0.00,0.00,0.00,3298.60,3298.41,3299.72,3298.00,3298.11,-0.244,5.39,18.75,66.27,65.71,5.41,3.77,1.64,3309.08,3313.22,1472,1006,85.7,0.0,5,1,CROSS=EMA9>EMA21;TREND=1;STRUCT=1;VOL=1;COOL=1;EMA50=1;VWAP=1;BIAS=1,0.00,0.00,26388.35,26388.35,already positioned that way
200,2025.06.03 19:30:00,2025.06.03 22:00:00,SKIP,XAUUSD,M15,54,FLAT,NA,EVENING,0,0.00,0.00,0.00,0.00,1.00,0.00,0.00,0.00,0.00,0.00,0.00,0.00,0.00,0.00,0.00,0.00,0.00,0.00,3356.54,3356.63,3346.56,3356.84,3356.78,1.599,6.30,17.61,43.97,50.11,-2.58,-3.22,0.64,3360.94,3349.24,1526,2354,28.6,42.9,11,1,CROSS=EMA9>EMA21;TREND=1;STRUCT=1;VOL=1;COOL=1;EMA50=1;VWAP=1;BIAS=1,0.00,0.00,26388.35,26388.35,outside the killzone window
201,2025.06.04 04:45:00,2025.06.04 07:15:00,SKIP,XAUUSD,M15,54,FLAT,NA,DAY,0,0.00,0.00,0.00,0.00,1.00,0.00,0.00,0.00,0.00,0.00,0.00,0.00,0.00,0.00,0.00,0.00,0.00,0.00,3356.27,3356.15,3349.03,3355.83,3355.92,1.440,4.94,26.47,64.25,66.43,1.88,1.24,0.64,3357.86,3367.12,2527,1095,100.0,0.0,5,1,CROSS=EMA9>EMA21;TREND=1;STRUCT=1;VOL=1;COOL=1;EMA50=1;VWAP=1;BIAS=1,0.00,0.00,26388.35,26388.35,already positioned that way
202,2025.06.04 14:45:00,2025.06.04 17:15:00,ENTRY,XAUUSD,M15,56,SELL,FULLTGT,EVENING,0,3349.59,3358.93,3358.93,9.34,1.00,9.34,3340.25,3330.92,3321.58,3312.25,3302.91,0.14,0.14,0.14,3349.59,0.00,0.00,0.00,3357.08,3357.12,3352.07,3357.39,3357.27,1.081,4.67,37.90,39.42,37.03,-2.00,-0.09,-1.90,3358.14,3349.59,1972,1770,14.3,85.7,5,1,CROSS=EMA9<EMA21;TREND=1;STRUCT=1;VOL=1;COOL=1;EMA50=1;VWAP=1;BIAS=1,0.00,0.00,26387.86,26387.16,KZ=NY; KZR=Asia H @ 3350.00 210 bars ago (high taken); EVENING 4PM-12AM IST session: stop x1.00 of usual; no partials; full size to TP5; SL steps BE->TP1->TP2->TP3
203,2025.06.04 15:48:27,2025.06.04 18:18:27,EXIT_SL,XAUUSD,M15,56,SELL,FULLTGT,EVENING,0,3349.59,3358.93,3358.93,9.34,1.00,9.34,3340.25,3330.92,3321.58,3312.25,3302.91,0.14,0.14,0.00,3358.95,0.00,-1.00,-132.02,3356.08,3356.59,3352.00,3356.08,3356.60,0.830,5.53,34.06,51.65,57.42,-2.17,-1.64,-0.54,3357.30,3355.99,3366,1921,42.9,57.1,5,1,CROSS=EMA9<EMA21;TREND=1;STRUCT=1;VOL=1;COOL=1;EMA50=1;VWAP=1;BIAS=1,0.55,-1.00,26256.33,26256.33,stopped at the initial SL (x1.00 of usual)
204,2025.06.04 17:30:00,2025.06.04 20:00:00,SKIP,XAUUSD,M15,56,FLAT,NA,EVENING,0,0.00,0.00,0.00,0.00,1.00,0.00,0.00,0.00,0.00,0.00,0.00,0.00,0.00,0.00,0.00,0.00,0.00,0.00,3357.02,3357.01,3352.52,3356.51,3356.75,0.660,6.80,24.23,65.13,70.22,1.29,-0.89,2.17,3357.64,3369.57,3067,2347,85.7,0.0,5,1,CROSS=EMA9<EMA21;TREND=1;STRUCT=1;VOL=1;COOL=1;EMA50=1;VWAP=1;BIAS=1,0.00,0.00,26256.33,26256.33,outside the killzone window
205,2025.06.05 01:00:00,2025.06.05 03:30:00,DAY_SUMMARY,XAUUSD,M15,56,FLAT,NA,DAY,0,0.00,0.00,0.00,0.00,1.00,0.00,0.00,0.00,0.00,0.00,0.00,0.00,0.00,0.00,0.00,0.00,-1.00,-132.02,3368.64,3364.34,3357.70,3368.48,3364.17,2.249,2.95,28.96,50.83,43.22,1.65,2.88,-1.23,3361.90,3372.60,610,1079,57.1,28.6,9,1,CROSS=EMA9<EMA21;TREND=1;STRUCT=1;VOL=1;COOL=1;EMA50=1;VWAP=1;BIAS=1,0.00,0.00,26256.33,26256.33,2025.06.04 trades=1 W=0 L=1 gross_profit=0.00 gross_loss=132.02 net=-132.02 PF=0.00
206,2025.06.05 20:15:00,2025.06.05 22:45:00,SKIP,XAUUSD,M15,56,FLAT,NA,EVENING,0,0.00,0.00,0.00,0.00,1.00,0.00,0.00,0.00,0.00,0.00,0.00,0.00,0.00,0.00,0.00,0.00,0.00,0.00,3371.75,3371.78,3366.68,3372.64,3372.22,0.577,8.84,41.41,32.61,39.47,-9.17,-7.24,-1.93,3375.01,3350.03,2171,3513,0.0,85.7,7,1,CROSS=EMA9<EMA21;TREND=1;STRUCT=1;VOL=1;COOL=1;EMA50=1;VWAP=1;BIAS=1,0.00,0.00,26256.33,26256.33,outside the killzone window
207,2025.06.09 01:00:00,2025.06.09 03:30:00,WEEK_SUMMARY,XAUUSD,M15,56,FLAT,NA,DAY,0,0.00,0.00,0.00,0.00,1.00,0.00,0.00,0.00,0.00,0.00,0.00,0.00,0.00,0.00,0.00,0.00,-1.00,-132.02,3332.51,3344.42,3352.85,3333.34,3345.07,-2.052,4.11,56.78,35.36,44.04,-7.35,-7.79,0.43,3348.75,3312.12,520,1528,14.3,71.4,9,1,CROSS=EMA9<EMA21;TREND=1;STRUCT=1;VOL=1;COOL=1;EMA50=1;VWAP=1;BIAS=1,0.00,0.00,26256.33,26256.33,days=1 trades=1 W=0 L=1 gross_profit=0.00 gross_loss=132.02 net=-132.02 PF=0.00 pips=-936.0
208,2025.06.10 13:45:00,2025.06.10 16:15:00,ENTRY,XAUUSD,M15,58,BUY,FULLTGT,EVENING,0,3334.05,3326.54,3326.54,7.51,1.00,7.51,3341.56,3349.06,3356.57,3364.07,3371.58,0.17,0.17,0.17,3334.05,0.00,0.00,0.00,3323.10,3322.95,3328.40,3322.66,3322.73,-1.452,3.75,33.32,67.12,64.87,3.92,3.94,-0.03,3319.27,3334.00,1327,1857,71.4,14.3,5,1,CROSS=EMA9>EMA21;TREND=1;STRUCT=1;VOL=1;COOL=1;EMA50=1;VWAP=1;BIAS=1,0.00,0.00,26255.73,26254.88,KZ=NY; KZR=NY L @ 3310.76 37 bars ago (low taken); EVENING 4PM-12AM IST session: stop x1.00 of usual; no partials; full size to TP5; SL steps BE->TP1->TP2->TP3
209,2025.06.10 14:19:38,2025.06.10 16:49:38,TP1_REACHED,XAUUSD,M15,58,BUY,FULLTGT,EVENING,0,3334.05,3326.54,3326.54,7.51,1.00,7.51,3341.56,3349.06,3356.57,3364.07,3371.58,0.17,0.00,0.17,3341.56,1.00,1.00,0.00,3324.20,3323.51,3328.58,3323.59,3323.20,-1.361,3.72,36.65,73.02,73.29,4.47,3.95,0.52,3319.85,3339.13,1702,1777,85.7,0.0,5,1,CROSS=EMA9>EMA21;TREND=1;STRUCT=1;VOL=1;COOL=1;EMA50=1;VWAP=1;BIAS=1,1.00,-0.15,26255.73,26383.57,full target: no partial booked
210,2025.06.10 16:47:14,2025.06.10 19:17:14,TP2_REACHED,XAUUSD,M15,58,BUY,FULLTGT,EVENING,0,3334.05,3326.54,3326.54,7.51,1.00,7.51,3341.56,3349.06,3356.57,3364.07,3371.58,0.17,0.00,0.17,3349.06,2.00,2.00,0.00,3329.11,3326.30,3329.55,3328.35,3325.87,-0.597,5.44,26.32,69.64,69.96,4.93,4.22,0.71,3323.93,3347.63,3173,1857,100.0,0.0,5,1,CROSS=EMA9>EMA21;TREND=1;STRUCT=1;VOL=1;COOL=1;EMA50=1;VWAP=1;BIAS=1,2.00,-0.77,26255.73,26511.07,full target: no partial booked
211,2025.06.10 17:51:02,2025.06.10 20:21:02,EXIT_SL,XAUUSD,M15,58,BUY,FULLTGT,EVENING,0,3334.05,3326.54,3326.54,7.51,1.00,7.51,3341.56,3349.06,3356.57,3364.07,3371.58,0.17,0.17,0.00,3326.51,0.00,-1.00,-129.38,3330.07,3327.02,3329.79,3330.08,3326.97,-0.451,6.14,22.36,44.77,36.67,2.63,4.06,-1.43,3325.27,3329.71,2584,2183,28.6,57.1,10,1,CROSS=EMA9>EMA21;TREND=1;STRUCT=1;VOL=1;COOL=1;EMA50=1;VWAP=1;BIAS=1,2.02,-1.00,26126.95,26126.95,stopped at the initial SL (x1.00 of usual)
212,2025.06.11 01:00:00,2025.06.11 03:30:00,DAY_SUMMARY,XAUUSD,M15,58,FLAT,NA,DAY,0,0.00,0.00,0.00,0.00,1.00,0.00,0.00,0.00,0.00,0.00,0.00,0.00,0.00,0.00,0.00,0.00,-1.00,-129.38,3327.02,3326.30,3328.77,3327.21,3326.38,-0.668,3.69,20.39,42.52,35.96,-0.96,-1.04,0.08,3325.29,3322.40,596,1484,28.6,42.9,9,1,CROSS=EMA9>EMA21;TREND=1;STRUCT=1;VOL=1;COOL=1;EMA50=1;VWAP=1;BIAS=1,0.00,0.00,26126.95,26126.95,2025.06.10 trades=1 W=0 L=1 gross_profit=0.00 gross_loss=129.38 net=-129.38 PF=0.00
213,2025.06.16 01:00:00,2025.06.16 03:30:00,WEEK_SUMMARY,XAUUSD,M15,58,FLAT,NA,DAY,0,0.00,0.00,0.00,0.00,1.00,0.00,0.00,0.00,0.00,0.00,0.00,0.00,0.00,0.00,0.00,0.00,-1.00,-129.38,3428.50,3418.53,3399.44,3428.27,3418.22,4.856,3.93,19.35,55.24,53.73,1.47,1.82,-0.35,3424.95,3434.15,812,1678,57.1,14.3,12,1,CROSS=EMA9>EMA21;TREND=1;STRUCT=1;VOL=1;COOL=1;EMA50=1;VWAP=1;BIAS=1,0.00,0.00,26126.95,26126.95,days=1 trades=1 W=0 L=1 gross_profit=0.00 gross_loss=129.38 net=-129.38 PF=0.00 pips=-754.0
214,2025.06.16 15:00:00,2025.06.16 17:30:00,ENTRY,XAUUSD,M15,60,SELL,FULLTGT,EVENING,0,3415.10,3424.33,3424.33,9.23,1.00,9.23,3405.87,3396.64,3387.41,3378.19,3368.96,0.14,0.14,0.14,3415.10,0.00,0.00,0.00,3422.91,3423.03,3411.23,3423.23,3423.19,2.555,4.61,31.29,42.98,44.84,-2.02,-2.99,0.97,3428.17,3415.10,1802,1751,14.3,85.7,5,1,CROSS=EMA9<EMA21;TREND=1;STRUCT=1;VOL=1;COOL=1;EMA50=1;VWAP=1;BIAS=1,0.00,0.00,26126.46,26125.76,KZ=NY; KZR=NY H @ 3446.75 55 bars ago (high taken); EVENING 4PM-12AM IST session: stop x1.00 of usual; no partials; full size to TP5; SL steps BE->TP1->TP2->TP3
215,2025.06.16 16:42:29,2025.06.16 19:12:29,TP1_REACHED,XAUUSD,M15,60,SELL,FULLTGT,EVENING,0,3415.10,3424.33,3424.33,9.23,1.00,9.23,3405.87,3396.64,3387.41,3378.19,3368.96,0.14,0.00,0.14,3405.87,1.00,1.00,0.00,3421.27,3422.14,3411.47,3421.48,3422.27,2.159,4.94,25.33,46.81,40.99,-1.75,-1.93,0.19,3426.54,3416.16,2883,1814,28.6,71.4,5,1,CROSS=EMA9<EMA21;TREND=1;STRUCT=1;VOL=1;COOL=1;EMA50=1;VWAP=1;BIAS=1,1.00,-0.32,26126.46,26256.10,full target: no partial booked
216,2025.06.16 16:54:29,2025.06.16 19:24:29,TP2_REACHED,XAUUSD,M15,60,SELL,FULLTGT,EVENING,0,3415.10,3424.33,3424.33,9.23,1.00,9.23,3405.87,3396.64,3387.41,3378.19,3368.96,0.14,0.00,0.14,3396.64,2.00,2.00,0.00,3420.79,3421.88,3411.44,3421.27,3422.14,1.854,5.63,26.92,36.77,36.13,-2.17,-1.96,-0.21,3426.03,3409.03,3606,1915,0.0,100.0,5,1,CROSS=EMA9<EMA21;TREND=1;STRUCT=1;VOL=1;COOL=1;EMA50=1;VWAP=1;BIAS=1,1.99,-0.32,26126.46,26385.32,full target: no partial booked
217,2025.06.16 16:55:41,2025.06.16 19:25:41,TP3_REACHED,XAUUSD,M15,60,SELL,FULLTGT,EVENING,0,3415.10,3424.33,3424.33,9.23,1.00,9.23,3405.87,3396.64,3387.41,3378.19,3368.96,0.14,0.00,0.14,3387.41,3.00,3.00,0.00,3420.79,3421.88,3411.44,3421.27,3422.14,1.854,5.63,26.92,36.77,18.22,-2.17,-1.96,-0.21,3426.03,3409.03,3606,1915,0.0,100.0,5,1,CROSS=EMA9<EMA21;TREND=1;STRUCT=1;VOL=1;COOL=1;EMA50=1;VWAP=1;BIAS=1,2.99,-0.32,26126.46,26514.12,full target: no partial booked
218,2025.06.17 06:23:27,2025.06.17 08:53:27,TP4_REACHED,XAUUSD,M15,60,SELL,FULLTGT,DAY,0,3415.10,3424.33,3424.33,9.23,1.00,9.23,3405.87,3396.64,3387.41,3378.19,3368.96,0.14,0.00,0.14,3378.19,4.00,4.00,0.00,3397.87,3404.38,3404.66,3398.40,3404.77,-0.041,6.74,29.00,37.73,23.92,-0.54,0.86,-1.40,3396.03,3384.90,2271,1596,0.0,100.0,5,1,CROSS=EMA9<EMA21;TREND=1;STRUCT=1;VOL=1;COOL=1;EMA50=1;VWAP=1;BIAS=1,3.99,-0.32,26126.46,26649.99,full target: no partial booked
219,2025.06.17 17:37:28,2025.06.17 20:07:28,TP5_EXIT,XAUUSD,M15,60,SELL,FULLTGT,EVENING,0,3415.10,3424.33,3424.33,9.23,1.00,9.23,3405.87,3396.64,3387.41,3378.19,3368.96,0.14,0.14,0.00,3368.94,5.00,5.00,0.00,3390.62,3395.27,3398.97,3390.90,3395.50,-0.619,5.97,19.67,42.47,28.20,-0.25,0.29,-0.54,3390.59,3383.89,2747,2481,0.0,85.7,7,1,CROSS=EMA9<EMA21;TREND=1;STRUCT=1;VOL=1;COOL=1;EMA50=1;VWAP=1;BIAS=1,5.00,-0.32,26778.44,26778.44,full target reached; closed in full
220,2025.06.17 17:37:28,2025.06.17 20:07:28,EXIT_TP,XAUUSD,M15,60,SELL,FULLTGT,EVENING,0,3415.10,3424.33,3424.33,9.23,1.00,9.23,3405.87,3396.64,3387.41,3378.19,3368.96,0.14,0.14,0.00,3368.94,0.00,5.00,651.49,3390.62,3395.27,3398.97,3390.90,3395.50,-0.619,5.97,19.67,42.47,28.20,-0.25,0.29,-0.54,3390.59,3383.89,2747,2481,0.0,85.7,7,1,CROSS=EMA9<EMA21;TREND=1;STRUCT=1;VOL=1;COOL=1;EMA50=1;VWAP=1;BIAS=1,5.00,-0.32,26778.44,26778.44,TP5 exit
221,2025.06.18 01:00:00,2025.06.18 03:30:00,DAY_SUMMARY,XAUUSD,M15,60,FLAT,NA,DAY,0,0.00,0.00,0.00,0.00,1.00,0.00,0.00,0.00,0.00,0.00,0.00,0.00,0.00,0.00,0.00,0.00,5.00,651.49,3387.16,3391.11,3395.74,3387.11,3391.16,-1.444,3.21,24.49,54.40,57.72,0.02,-0.14,0.17,3388.68,3388.47,687,1537,42.9,28.6,7,1,CROSS=EMA9<EMA21;TREND=1;STRUCT=1;VOL=1;COOL=1;EMA50=1;VWAP=1;BIAS=1,0.00,0.00,26778.44,26778.44,2025.06.17 trades=1 W=1 L=0 gross_profit=651.49 gross_loss=0.00 net=651.49 PF=0.00
222,2025.06.20 22:00:00,2025.06.21 00:30:00,SKIP,XAUUSD,M15,60,FLAT,NA,DAY,0,0.00,0.00,0.00,0.00,1.00,0.00,0.00,0.00,0.00,0.00,0.00,0.00,0.00,0.00,0.00,0.00,0.00,0.00,3362.53,3362.48,3367.46,3362.36,3362.40,-1.847,2.69,37.73,53.36,44.56,2.11,3.49,-1.38,3357.94,3366.56,908,1651,57.1,28.6,11,1,CROSS=EMA9<EMA21;TREND=1;STRUCT=1;VOL=1;COOL=1;EMA50=1;VWAP=1;BIAS=1,0.00,0.00,26778.44,26778.44,outside the killzone window
223,2025.06.23 01:00:00,2025.06.23 03:30:00,WEEK_SUMMARY,XAUUSD,M15,60,FLAT,NA,DAY,0,0.00,0.00,0.00,0.00,1.00,0.00,0.00,0.00,0.00,0.00,0.00,0.00,0.00,0.00,0.00,0.00,5.00,651.49,3363.93,3363.25,3367.47,3363.74,3363.14,-1.805,2.34,19.74,56.20,56.55,1.21,1.62,-0.41,3358.40,3368.64,504,1122,57.1,14.3,50,1,CROSS=EMA9<EMA21;TREND=1;STRUCT=1;VOL=1;COOL=1;EMA50=1;VWAP=1;BIAS=1,0.00,0.00,26778.44,26778.44,days=1 trades=1 W=1 L=0 gross_profit=651.49 gross_loss=0.00 net=651.49 PF=0.00 pips=4616.0
224,2025.06.23 08:15:00,2025.06.23 10:45:00,SKIP,XAUUSD,M15,60,FLAT,NA,DAY,0,0.00,0.00,0.00,0.00,1.00,0.00,0.00,0.00,0.00,0.00,0.00,0.00,0.00,0.00,0.00,0.00,0.00,0.00,3363.93,3363.94,3366.93,3364.15,3364.05,-0.792,3.77,25.17,42.07,41.27,-2.19,-1.96,-0.23,3366.80,3358.67,1115,1493,0.0,85.7,12,1,CROSS=EMA9<EMA21;TREND=1;STRUCT=1;VOL=1;COOL=1;EMA50=1;VWAP=1;BIAS=1,0.00,0.00,26778.44,26778.44,outside the killzone window
225,2025.06.23 14:30:00,2025.06.23 17:00:00,ENTRY,XAUUSD,M15,62,BUY,FULLTGT,EVENING,0,3378.10,3369.95,3369.95,8.15,1.00,8.15,3386.25,3394.41,3402.56,3410.71,3418.86,0.16,0.16,0.16,3378.10,0.00,0.00,0.00,3363.51,3363.33,3365.82,3362.91,3363.03,-0.613,4.08,34.16,71.21,78.58,3.32,1.64,1.67,3364.21,3378.07,2665,1711,100.0,0.0,4,1,CROSS=EMA9>EMA21;TREND=1;STRUCT=1;VOL=1;COOL=1;EMA50=1;VWAP=1;BIAS=1,0.00,0.00,26777.88,26777.24,KZ=NY; KZR=Asia L @ 3344.71 310 bars ago (low taken); EVENING 4PM-12AM IST session: stop x1.00 of usual; no partials; full size to TP5; SL steps BE->TP1->TP2->TP3
226,2025.06.23 15:10:26,2025.06.23 17:40:26,EXIT_SL,XAUUSD,M15,62,BUY,FULLTGT,EVENING,0,3378.10,3369.95,3369.95,8.15,1.00,8.15,3386.25,3394.41,3402.56,3410.71,3418.86,0.16,0.16,0.00,3369.95,0.00,-1.00,-131.52,3364.77,3363.98,3366.10,3364.12,3363.64,-0.508,4.18,40.73,73.52,48.37,4.56,2.44,2.12,3364.78,3380.73,1806,1722,85.7,14.3,10,1,CROSS=EMA9>EMA21;TREND=1;STRUCT=1;VOL=1;COOL=1;EMA50=1;VWAP=1;BIAS=1,0.40,-1.00,26646.92,26646.92,stopped at the initial SL (x1.00 of usual)
227,2025.06.24 01:00:00,2025.06.24 03:30:00,DAY_SUMMARY,XAUUSD,M15,62,FLAT,NA,DAY,0,0.00,0.00,0.00,0.00,1.00,0.00,0.00,0.00,0.00,0.00,0.00,0.00,0.00,0.00,0.00,0.00,-1.00,-131.52,3375.80,3371.81,3370.04,3376.07,3371.86,0.411,4.29,38.01,36.21,25.82,-1.70,0.45,-2.14,3371.54,3369.04,853,1825,14.3,71.4,14,1,CROSS=EMA9>EMA21;TREND=1;STRUCT=1;VOL=1;COOL=1;EMA50=1;VWAP=1;BIAS=1,0.00,0.00,26646.92,26646.92,2025.06.23 trades=1 W=0 L=1 gross_profit=0.00 gross_loss=131.52 net=-131.52 PF=0.00
228,2025.06.24 03:30:00,2025.06.24 06:00:00,ENTRY,XAUUSD,M15,64,SELL,FULLTGT,DAY,0,3349.00,3363.41,3363.41,14.41,1.00,14.41,3334.59,3320.19,3305.78,3291.37,3276.96,0.09,0.09,0.09,3349.00,0.00,0.00,0.00,3367.90,3368.23,3368.35,3368.68,3368.62,-0.016,7.20,67.47,29.08,46.12,-8.42,-6.61,-1.81,3351.25,3349.00,2062,1493,14.3,85.7,5,1,CROSS=EMA9<EMA21;TREND=1;STRUCT=1;VOL=1;COOL=1;EMA50=1;VWAP=1;BIAS=1,0.00,0.00,26646.60,26646.15,KZ=ASIA; KZR=NY L @ 3342.06 2 bars ago (low taken); DAY 12AM-4PM IST session: stop x1.00 of usual; no partials; full size to TP5; SL steps BE->TP1->TP2->TP3
229,2025.06.24 08:37:25,2025.06.24 11:07:25,TP1_REACHED,XAUUSD,M15,64,SELL,FULLTGT,DAY,0,3349.00,3363.41,3363.41,14.41,1.00,14.41,3334.59,3320.19,3305.78,3291.37,3276.96,0.09,0.00,0.09,3334.59,1.00,1.00,0.00,3357.35,3361.87,3364.84,3358.11,3362.34,-0.725,4.10,26.84,27.41,19.83,-4.21,-3.66,-0.55,3350.07,3338.63,1562,1557,0.0,100.0,12,1,CROSS=EMA9<EMA21;TREND=1;STRUCT=1;VOL=1;COOL=1;EMA50=1;VWAP=1;BIAS=1,1.00,-0.63,26646.60,26776.29,full target: no partial booked
230,2025.06.24 09:34:31,2025.06.24 12:04:31,TP2_REACHED,XAUUSD,M15,64,SELL,FULLTGT,DAY,0,3349.00,3363.41,3363.41,14.41,1.00,14.41,3334.59,3320.19,3305.78,3291.37,3276.96,0.09,0.00,0.09,3320.19,2.00,2.00,0.00,3353.00,3359.27,3363.40,3354.24,3360.01,-0.837,4.94,45.29,17.06,20.13,-7.68,-4.77,-2.90,3346.31,3322.57,2907,1637,0.0,100.0,5,1,CROSS=EMA9<EMA21;TREND=1;STRUCT=1;VOL=1;COOL=1;EMA50=1;VWAP=1;BIAS=1,2.00,-0.63,26646.60,26906.25,full target: no partial booked
231,2025.06.24 15:35:39,2025.06.24 18:05:39,TP3_REACHED,XAUUSD,M15,64,SELL,FULLTGT,EVENING,0,3349.00,3363.41,3363.41,14.41,1.00,14.41,3334.59,3320.19,3305.78,3291.37,3276.96,0.09,0.00,0.09,3305.78,3.00,3.00,0.00,3334.44,3345.51,3354.84,3335.29,3346.16,-1.911,4.88,29.05,30.51,26.90,-4.77,-4.39,-0.38,3336.04,3313.57,2798,1825,14.3,85.7,9,1,CROSS=EMA9<EMA21;TREND=1;STRUCT=1;VOL=1;COOL=1;EMA50=1;VWAP=1;BIAS=1,3.00,-0.63,26646.60,27035.85,full target: no partial booked
232,2025.06.26 01:00:00,2025.06.26 03:30:00,FLIP,XAUUSD,M15,64,SELL,FULLTGT,DAY,0,3349.00,3363.41,3363.41,14.41,1.00,14.41,3334.59,3320.19,3305.78,3291.37,3276.96,0.09,0.00,0.00,3332.79,0.00,1.13,0.00,3328.41,3328.36,3333.94,3328.26,3328.28,-2.165,2.58,38.05,55.37,48.49,2.00,2.07,-0.07,3326.98,3332.15,419,1373,57.1,28.6,9,1,CROSS=EMA9>EMA21;TREND=1;STRUCT=1;VOL=1;COOL=1;EMA50=1;VWAP=1;BIAS=1,3.72,-0.63,26646.60,26808.52,opposite signal before SL/target | SELL -> BUY | closing trade 64
233,2025.06.26 01:00:00,2025.06.26 03:30:00,EXIT_OTHER,XAUUSD,M15,64,SELL,FULLTGT,DAY,0,3349.00,3363.41,3363.41,14.41,1.00,14.41,3334.59,3320.19,3305.78,3291.37,3276.96,0.09,0.00,0.00,0.00,0.00,0.00,-0.32,3328.41,3328.36,3333.94,3328.26,3328.28,-2.165,2.58,38.05,55.37,48.49,2.00,2.07,-0.07,3326.98,3332.15,419,1373,57.1,28.6,9,1,CROSS=EMA9>EMA21;TREND=1;STRUCT=1;VOL=1;COOL=1;EMA50=1;VWAP=1;BIAS=1,3.72,-0.63,26646.60,26808.52,
234,2025.06.26 17:45:00,2025.06.26 20:15:00,SKIP,XAUUSD,M15,64,FLAT,NA,EVENING,64,0.00,0.00,0.00,0.00,1.00,0.00,0.00,0.00,0.00,0.00,0.00,0.00,0.00,0.00,0.00,0.00,0.00,0.00,3332.95,3333.08,3334.60,3333.51,3333.35,-0.182,8.39,29.00,37.89,46.28,-5.82,-4.01,-1.81,3333.94,3319.30,3080,2255,14.3,85.7,5,1,CROSS=EMA9>EMA21;TREND=1;STRUCT=1;VOL=1;COOL=1;EMA50=1;VWAP=1;BIAS=1,0.00,0.00,26646.60,26928.85,outside the killzone window
235,2025.06.27 01:00:00,2025.06.27 03:30:00,DAY_SUMMARY,XAUUSD,M15,64,FLAT,NA,DAY,64,0.00,0.00,0.00,0.00,1.00,0.00,0.00,0.00,0.00,0.00,0.00,0.00,0.00,0.00,0.00,0.00,0.00,-0.32,3331.24,3331.87,3333.55,3331.39,3331.95,-0.678,2.49,25.95,43.94,38.36,0.00,0.57,-0.56,3332.69,3327.76,471,1250,0.0,85.7,9,1,CROSS=EMA9>EMA21;TREND=1;STRUCT=1;VOL=1;COOL=1;EMA50=1;VWAP=1;BIAS=1,0.00,0.00,26646.60,26859.42,2025.06.26 trades=1 W=0 L=1 gross_profit=0.00 gross_loss=0.32 net=-0.32 PF=0.00
236,2025.06.27 23:42:00,2025.06.28 02:12:00,EXIT_WEEKEND,XAUUSD,M15,64,FLAT,NA,DAY,64,0.00,0.00,0.00,0.00,1.00,0.00,0.00,0.00,0.00,0.00,0.00,0.00,0.09,0.00,3273.96,0.00,0.00,0.00,3279.25,3290.65,3305.28,3279.48,3290.99,-3.519,4.16,17.86,48.60,52.92,-1.26,-1.29,0.03,3286.07,3273.75,790,1653,28.6,42.9,50,1,CROSS=EMA9>EMA21;TREND=1;STRUCT=1;VOL=1;COOL=1;EMA50=1;VWAP=1;BIAS=1,0.00,0.00,27341.68,27341.68,WEEKEND exit
237,2025.06.30 01:00:00,2025.06.30 03:30:00,WEEK_SUMMARY,XAUUSD,M15,64,FLAT,NA,DAY,64,0.00,0.00,0.00,0.00,1.00,0.00,0.00,0.00,0.00,0.00,0.00,0.00,0.00,0.00,0.00,0.00,-1.00,-131.84,3278.86,3290.00,3304.67,3279.02,3290.31,-3.695,3.97,22.13,50.65,57.35,-0.94,-1.26,0.32,3285.99,3274.96,602,1510,42.9,28.6,9,1,CROSS=EMA9>EMA21;TREND=1;STRUCT=1;VOL=1;COOL=1;EMA50=1;VWAP=1;BIAS=1,0.00,0.00,27341.68,27341.68,days=2 trades=2 W=0 L=2 gross_profit=0.00 gross_loss=131.84 net=-131.84 PF=0.00 pips=-815.0
238,2025.06.30 20:00:00,2025.06.30 22:30:00,SKIP,XAUUSD,M15,64,FLAT,NA,EVENING,64,0.00,0.00,0.00,0.00,1.00,0.00,0.00,0.00,0.00,0.00,0.00,0.00,0.00,0.00,0.00,0.00,0.00,0.00,3285.65,3285.59,3293.25,3285.18,3285.35,-1.684,4.55,41.28,66.73,71.88,2.61,1.14,1.47,3282.07,3297.30,1365,2064,85.7,0.0,11,1,CROSS=EMA9>EMA21;TREND=1;STRUCT=1;VOL=1;COOL=1;EMA50=1;VWAP=1;BIAS=1,0.00,0.00,27341.68,27341.68,outside the killzone window
239,2025.07.01 01:00:00,2025.07.01 03:30:00,MONTH_SUMMARY,XAUUSD,M15,64,FLAT,NA,DAY,64,0.00,0.00,0.00,0.00,1.00,0.00,0.00,0.00,0.00,0.00,0.00,0.00,0.00,0.00,0.00,0.00,2.00,258.25,3293.32,3289.94,3294.44,3292.93,3289.68,-1.480,3.04,44.71,60.06,46.09,4.60,4.59,0.01,3284.50,3302.92,641,1271,71.4,14.3,9,1,CROSS=EMA9>EMA21;TREND=1;STRUCT=1;VOL=1;COOL=1;EMA50=1;VWAP=1;BIAS=1,0.00,0.00,27341.68,27341.68,days=5 trades=5 W=1 L=4 gross_profit=651.49 gross_loss=393.24 net=258.25 PF=1.66 pips=2111.0
240,2025.07.03 16:45:00,2025.07.03 19:15:00,ENTRY,XAUUSD,M15,66,SELL,FULLTGT,EVENING,0,3337.60,3353.49,3353.49,15.89,1.00,15.89,3321.71,3305.81,3289.92,3274.03,3258.14,0.08,0.08,0.08,3337.60,0.00,0.00,0.00,3346.52,3346.56,3340.90,3346.88,3346.74,0.712,7.95,17.14,45.45,52.96,-5.59,-3.65,-1.94,3346.43,3337.60,3325,1946,28.6,57.1,5,1,CROSS=EMA9<EMA21;TREND=1;STRUCT=1;VOL=1;COOL=1;EMA50=1;VWAP=1;BIAS=1,0.00,0.00,27341.40,27341.00,KZ=NY; KZR=Asia H @ 3362.26 30 bars ago (high taken); EVENING 4PM-12AM IST session: stop x1.00 of usual; no partials; full size to TP5; SL steps BE->TP1->TP2->TP3
241,2025.07.07 04:01:36,2025.07.07 06:31:36,TP1_REACHED,XAUUSD,M15,66,SELL,FULLTGT,DAY,0,3337.60,3353.49,3353.49,15.89,1.00,15.89,3321.71,3305.81,3289.92,3274.03,3258.14,0.08,0.00,0.08,3321.71,1.00,1.00,0.00,3332.99,3334.74,3335.73,3333.26,3334.90,-0.265,3.76,38.28,38.50,46.42,-2.45,-1.41,-1.05,3329.46,3326.51,1300,927,14.3,85.7,12,1,CROSS=EMA9<EMA21;TREND=1;STRUCT=1;VOL=1;COOL=1;EMA50=1;VWAP=1;BIAS=1,1.00,-0.48,27341.40,27475.88,full target: no partial booked
242,2025.07.07 07:27:37,2025.07.07 09:57:37,TP2_REACHED,XAUUSD,M15,66,SELL,FULLTGT,DAY,0,3337.60,3353.49,3353.49,15.89,1.00,15.89,3321.71,3305.81,3289.92,3274.03,3258.14,0.08,0.00,0.08,3305.81,2.00,2.00,0.00,3324.64,3329.64,3332.90,3325.18,3330.01,-0.593,5.50,29.56,35.25,35.70,-5.39,-5.55,0.16,3319.34,3311.44,1278,1538,14.3,71.4,12,1,CROSS=EMA9<EMA21;TREND=1;STRUCT=1;VOL=1;COOL=1;EMA50=1;VWAP=1;BIAS=1,2.00,-0.48,27341.40,27603.00,full target: no partial booked
243,2025.07.07 22:45:00,2025.07.08 01:15:00,SKIP,XAUUSD,M15,66,SELL,FULLTGT,DAY,0,3337.60,3353.49,3353.49,15.89,1.00,15.89,3321.71,3305.81,3289.92,3274.03,3258.14,0.08,0.00,0.00,0.00,0.00,0.00,0.00,3322.05,3321.70,3325.46,3321.33,3321.33,-1.058,3.56,58.19,76.94,73.62,6.31,5.87,0.44,3315.50,3339.66,1099,1522,85.7,0.0,7,1,CROSS=EMA9<EMA21;TREND=1;STRUCT=1;VOL=1;COOL=1;EMA50=1;VWAP=1;BIAS=1,2.59,-0.48,27341.40,27331.48,outside the killzone window
244,2025.07.08 17:00:00,2025.07.08 19:30:00,SKIP,XAUUSD,M15,66,SELL,FULLTGT,EVENING,0,3337.60,3353.49,3353.49,15.89,1.00,15.89,3321.71,3305.81,3289.92,3274.03,3258.14,0.08,0.00,0.00,0.00,0.00,0.00,0.00,3327.35,3327.44,3327.87,3327.84,3327.68,-0.089,4.89,20.62,35.09,31.03,-2.07,-1.53,-0.55,3329.89,3315.28,3115,1485,0.0,85.7,7,1,CROSS=EMA9<EMA21;TREND=1;STRUCT=1;VOL=1;COOL=1;EMA50=1;VWAP=1;BIAS=1,2.59,-0.52,27341.40,27530.24,outside the killzone window
245,2025.07.08 18:11:20,2025.07.08 20:41:20,TP3_REACHED,XAUUSD,M15,66,SELL,FULLTGT,EVENING,0,3337.60,3353.49,3353.49,15.89,1.00,15.89,3321.71,3305.81,3289.92,3274.03,3258.14,0.08,0.00,0.08,3289.92,3.00,3.00,0.00,3323.48,3325.43,3326.83,3324.57,3326.01,-0.223,6.32,40.94,22.27,21.02,-6.72,-3.00,-3.73,3325.99,3296.62,3133,1900,0.0,100.0,12,1,CROSS=EMA9<EMA21;TREND=1;STRUCT=1;VOL=1;COOL=1;EMA50=1;VWAP=1;BIAS=1,3.00,-0.52,27341.40,27733.60,full target: no partial booked
246,2025.07.09 22:15:00,2025.07.10 00:45:00,SKIP,XAUUSD,M15,66,SELL,FULLTGT,DAY,0,3337.60,3353.49,3353.49,15.89,1.00,15.89,3321.71,3305.81,3289.92,3274.03,3258.14,0.08,0.00,0.00,0.00,0.00,0.00,0.00,3303.85,3303.76,3309.04,3303.34,3303.51,-1.656,3.19,28.30,69.42,68.26,3.70,4.21,-0.51,3298.76,3316.21,1366,1510,71.4,14.3,5,1,CROSS=EMA9<EMA21;TREND=1;STRUCT=1;VOL=1;COOL=1;EMA50=1;VWAP=1;BIAS=1,3.46,-0.52,27341.40,27526.36,outside the killzone window
247,2025.07.11 15:36:40,2025.07.11 18:06:40,EXIT_SL,XAUUSD,M15,66,SELL,FULLTGT,EVENING,0,3337.60,3353.49,3353.49,15.89,1.00,15.89,3321.71,3305.81,3289.92,3274.03,3258.14,0.08,0.08,0.00,3353.49,0.00,-1.00,-99.19,3337.17,3331.31,3325.13,3336.77,3331.00,1.551,3.99,35.12,58.82,63.16,3.31,3.06,0.24,3336.24,3347.02,1821,1562,100.0,0.0,9,1,CROSS=EMA9<EMA21;TREND=1;STRUCT=1;VOL=1;COOL=1;EMA50=1;VWAP=1;BIAS=1,3.46,-1.00,27242.49,27242.49,stopped at the initial SL (x1.00 of usual)
248,2025.07.14 01:00:00,2025.07.14 03:30:00,DAY_SUMMARY,XAUUSD,M15,66,FLAT,NA,DAY,0,0.00,0.00,0.00,0.00,1.00,0.00,0.00,0.00,0.00,0.00,0.00,0.00,0.00,0.00,0.00,0.00,-1.00,-99.19,3351.31,3343.58,3334.07,3351.14,3343.34,3.443,2.76,23.33,50.99,45.07,1.15,1.52,-0.37,3344.99,3355.50,337,1236,42.9,28.6,9,1,CROSS=EMA9<EMA21;TREND=1;STRUCT=1;VOL=1;COOL=1;EMA50=1;VWAP=1;BIAS=1,0.00,0.00,27242.49,27242.49,2025.07.11 trades=1 W=0 L=1 gross_profit=0.00 gross_loss=99.19 net=-99.19 PF=0.00
249,2025.07.14 01:00:00,2025.07.14 03:30:00,WEEK_SUMMARY,XAUUSD,M15,66,FLAT,NA,DAY,0,0.00,0.00,0.00,0.00,1.00,0.00,0.00,0.00,0.00,0.00,0.00,0.00,0.00,0.00,0.00,0.00,-1.00,-99.19,3351.31,3343.58,3334.07,3351.14,3343.34,3.443,2.76,23.33,50.99,45.07,1.15,1.52,-0.37,3344.99,3355.50,337,1236,42.9,28.6,9,1,CROSS=EMA9<EMA21;TREND=1;STRUCT=1;VOL=1;COOL=1;EMA50=1;VWAP=1;BIAS=1,0.00,0.00,27242.49,27242.49,days=1 trades=1 W=0 L=1 gross_profit=0.00 gross_loss=99.19 net=-99.19 PF=0.00 pips=-1589.0
250,2025.07.14 21:45:00,2025.07.15 00:15:00,SKIP,XAUUSD,M15,66,FLAT,NA,DAY,0,0.00,0.00,0.00,0.00,1.00,0.00,0.00,0.00,0.00,0.00,0.00,0.00,0.00,0.00,0.00,0.00,0.00,0.00,3354.95,3354.97,3348.13,3355.12,3355.06,2.624,2.61,13.85,47.31,56.47,-2.14,-3.24,1.10,3359.10,3350.79,945,1764,28.6,42.9,5,1,CROSS=EMA9<EMA21;TREND=1;STRUCT=1;VOL=1;COOL=1;EMA50=1;VWAP=1;BIAS=1,0.00,0.00,27242.49,27242.49,outside the killzone window
251,2025.07.15 08:45:00,2025.07.15 11:15:00,SKIP,XAUUSD,M15,66,FLAT,NA,DAY,0,0.00,0.00,0.00,0.00,1.00,0.00,0.00,0.00,0.00,0.00,0.00,0.00,0.00,0.00,0.00,0.00,0.00,0.00,3353.24,3353.03,3349.00,3352.79,3352.81,1.512,2.66,66.01,78.90,74.86,4.09,3.11,0.98,3352.20,3364.19,1176,1008,100.0,0.0,5,1,CROSS=EMA9<EMA21;TREND=1;STRUCT=1;VOL=1;COOL=1;EMA50=1;VWAP=1;BIAS=1,0.00,0.00,27242.49,27242.49,outside the killzone window
252,2025.07.15 17:30:00,2025.07.15 20:00:00,SKIP,XAUUSD,M15,66,FLAT,NA,EVENING,0,0.00,0.00,0.00,0.00,1.00,0.00,0.00,0.00,0.00,0.00,0.00,0.00,0.00,0.00,0.00,0.00,0.00,0.00,3354.56,3354.64,3351.31,3354.87,3354.79,0.518,6.42,49.96,39.77,49.75,-4.00,-2.99,-1.01,3353.74,3347.09,2481,2019,0.0,100.0,5,1,CROSS=EMA9<EMA21;TREND=1;STRUCT=1;VOL=1;COOL=1;EMA50=1;VWAP=1;BIAS=1,0.00,0.00,27242.49,27242.49,outside the killzone window
253,2025.07.16 19:45:00,2025.07.16 22:15:00,SKIP,XAUUSD,M15,66,FLAT,NA,EVENING,0,0.00,0.00,0.00,0.00,1.00,0.00,0.00,0.00,0.00,0.00,0.00,0.00,0.00,0.00,0.00,0.00,0.00,0.00,3339.41,3339.39,3341.49,3338.93,3339.15,-0.167,12.59,18.83,58.25,52.50,4.47,1.70,2.76,3338.72,3351.23,2426,3064,71.4,0.0,5,1,CROSS=EMA9<EMA21;TREND=1;STRUCT=1;VOL=1;COOL=1;EMA50=1;VWAP=1;BIAS=1,0.00,0.00,27242.49,27242.49,outside the killzone window
254,2025.07.17 09:30:00,2025.07.17 12:00:00,SKIP,XAUUSD,M15,66,FLAT,NA,DAY,0,0.00,0.00,0.00,0.00,1.00,0.00,0.00,0.00,0.00,0.00,0.00,0.00,0.00,0.00,0.00,0.00,0.00,0.00,3341.82,3342.02,3342.58,3342.29,3342.26,-0.160,3.51,34.01,31.04,24.76,-2.42,-1.48,-0.93,3341.07,3330.29,2016,1116,0.0,100.0,7,1,CROSS=EMA9<EMA21;TREND=1;STRUCT=1;VOL=1;COOL=1;EMA50=1;VWAP=1;BIAS=1,0.00,0.00,27242.49,27242.49,outside the killzone window
255,2025.07.18 02:15:00,2025.07.18 04:45:00,ENTRY,XAUUSD,M15,68,BUY,FULLTGT,DAY,0,3342.40,3338.48,3338.48,3.92,1.00,3.92,3346.32,3350.24,3354.16,3358.09,3362.01,0.34,0.34,0.34,3342.40,0.00,0.00,0.00,3336.29,3336.28,3338.14,3336.05,3336.16,-0.945,1.96,23.65,64.31,60.12,2.16,2.08,0.09,3341.23,3342.35,525,889,71.4,0.0,5,1,CROSS=EMA9>EMA21;TREND=1;STRUCT=1;VOL=1;COOL=1;EMA50=1;VWAP=1;BIAS=1,0.00,0.00,27241.30,27239.60,KZ=ASIA; KZR=NY L @ 3312.03 41 bars ago (low taken); DAY 12AM-4PM IST session: stop x1.00 of usual; no partials; full size to TP5; SL steps BE->TP1->TP2->TP3
256,2025.07.18 03:31:11,2025.07.18 06:01:11,EXIT_SL,XAUUSD,M15,68,BUY,FULLTGT,DAY,0,3342.40,3338.48,3338.48,3.92,1.00,3.92,3346.32,3350.24,3354.16,3358.09,3362.01,0.34,0.34,0.00,3338.45,0.00,-1.01,-136.68,3337.06,3336.69,3338.25,3336.98,3336.64,-0.756,2.07,20.05,50.93,39.57,1.43,1.90,-0.46,3340.98,3339.11,731,726,28.6,57.1,5,1,CROSS=EMA9>EMA21;TREND=1;STRUCT=1;VOL=1;COOL=1;EMA50=1;VWAP=1;BIAS=1,0.12,-0.99,27105.81,27105.81,stopped at the initial SL (x1.00 of usual)
257,2025.07.21 01:00:00,2025.07.21 03:30:00,DAY_SUMMARY,XAUUSD,M15,68,FLAT,NA,DAY,0,0.00,0.00,0.00,0.00,1.00,0.00,0.00,0.00,0.00,0.00,0.00,0.00,0.00,0.00,0.00,0.00,-1.01,-136.68,3350.69,3347.46,3344.30,3350.71,3347.41,1.722,1.84,16.24,44.81,48.38,-0.82,-0.71,-0.10,3348.66,3350.12,491,1034,28.6,42.9,9,1,CROSS=EMA9>EMA21;TREND=1;STRUCT=1;VOL=1;COOL=1;EMA50=1;VWAP=1;BIAS=1,0.00,0.00,27105.81,27105.81,2025.07.18 trades=1 W=0 L=1 gross_profit=0.00 gross_loss=136.68 net=-136.68 PF=0.00
258,2025.07.21 01:00:00,2025.07.21 03:30:00,WEEK_SUMMARY,XAUUSD,M15,68,FLAT,NA,DAY,0,0.00,0.00,0.00,0.00,1.00,0.00,0.00,0.00,0.00,0.00,0.00,0.00,0.00,0.00,0.00,0.00,-1.01,-136.68,3350.69,3347.46,3344.30,3350.71,3347.41,1.722,1.84,16.24,44.81,48.38,-0.82,-0.71,-0.10,3348.66,3350.12,491,1034,28.6,42.9,9,1,CROSS=EMA9>EMA21;TREND=1;STRUCT=1;VOL=1;COOL=1;EMA50=1;VWAP=1;BIAS=1,0.00,0.00,27105.81,27105.81,days=1 trades=1 W=0 L=1 gross_profit=0.00 gross_loss=136.68 net=-136.68 PF=0.00 pips=-395.0
259,2025.07.23 19:45:00,2025.07.23 22:15:00,SKIP,XAUUSD,M15,68,FLAT,NA,EVENING,0,0.00,0.00,0.00,0.00,1.00,0.00,0.00,0.00,0.00,0.00,0.00,0.00,0.00,0.00,0.00,0.00,0.00,0.00,3416.11,3416.15,3406.25,3417.17,3416.68,1.392,7.11,39.84,28.61,34.91,-8.30,-4.82,-3.48,3419.04,3390.08,3172,2604,14.3,85.7,5,1,CROSS=EMA9>EMA21;TREND=1;STRUCT=1;VOL=1;COOL=1;EMA50=1;VWAP=1;BIAS=1,0.00,0.00,27105.81,27105.81,outside the killzone window
260,2025.07.29 21:30:00,2025.07.30 00:00:00,SKIP,XAUUSD,M15,68,FLAT,NA,DAY,0,0.00,0.00,0.00,0.00,1.00,0.00,0.00,0.00,0.00,0.00,0.00,0.00,0.00,0.00,0.00,0.00,0.00,0.00,3322.86,3322.72,3329.33,3322.57,3322.58,-1.875,3.52,35.01,63.62,65.28,1.73,1.02,0.71,3320.20,3329.98,1149,1977,85.7,0.0,5,1,CROSS=EMA9>EMA21;TREND=1;STRUCT=1;VOL=1;COOL=1;EMA50=1;VWAP=1;BIAS=1,0.00,0.00,27105.81,27105.81,outside the killzone window
261,2025.07.30 16:45:00,2025.07.30 19:15:00,ENTRY,XAUUSD,M15,70,SELL,FULLTGT,EVENING,0,3302.96,3314.02,3314.02,11.06,1.00,11.06,3291.90,3280.84,3269.78,3258.72,3247.66,0.12,0.12,0.12,3302.96,0.00,0.00,0.00,3324.96,3325.31,3327.86,3325.86,3325.77,-0.461,5.53,40.09,20.67,22.23,-5.05,-1.48,-3.57,3325.05,3302.95,3416,1687,0.0,100.0,5,1,CROSS=EMA9<EMA21;TREND=1;STRUCT=1;VOL=1;COOL=1;EMA50=1;VWAP=1;BIAS=1,0.00,0.00,27105.39,27104.79,KZ=NY; KZR=NY L @ 3301.77 0 bars ago (low taken); EVENING 4PM-12AM IST session: stop x1.00 of usual; no partials; full size to TP5; SL steps BE->TP1->TP2->TP3
262,2025.07.30 18:22:30,2025.07.30 20:52:30,TP1_REACHED,XAUUSD,M15,70,SELL,FULLTGT,EVENING,0,3302.96,3314.02,3314.02,11.06,1.00,11.06,3291.90,3280.84,3269.78,3258.72,3247.66,0.12,0.00,0.12,3291.90,1.00,1.00,0.00,3320.28,3322.80,3326.42,3321.09,3323.25,-0.551,6.57,50.26,27.15,29.60,-7.20,-5.70,-1.49,3321.69,3300.59,1953,2043,0.0,85.7,10,1,CROSS=EMA9<EMA21;TREND=1;STRUCT=1;VOL=1;COOL=1;EMA50=1;VWAP=1;BIAS=1,1.00,-0.50,27105.39,27238.23,full target: no partial booked
263,2025.07.30 21:53:30,2025.07.31 00:23:30,TP2_REACHED,XAUUSD,M15,70,SELL,FULLTGT,DAY,0,3302.96,3314.02,3314.02,11.06,1.00,11.06,3291.90,3280.84,3269.78,3258.72,3247.66,0.12,0.00,0.12,3280.84,2.00,2.00,0.00,3310.00,3316.31,3322.47,3310.86,3316.86,-1.291,4.77,38.02,29.10,21.05,-5.25,-6.25,1.00,3315.42,3289.01,3960,2089,14.3,85.7,5,1,CROSS=EMA9<EMA21;TREND=1;STRUCT=1;VOL=1;COOL=1;EMA50=1;VWAP=1;BIAS=1,2.00,-0.50,27105.39,27370.83,full target: no partial booked
264,2025.07.30 22:31:38,2025.07.31 01:01:38,TP3_REACHED,XAUUSD,M15,70,SELL,FULLTGT,DAY,0,3302.96,3314.02,3314.02,11.06,1.00,11.06,3291.90,3280.84,3269.78,3258.72,3247.66,0.12,0.00,0.12,3269.78,3.00,3.00,0.00,3306.18,3313.98,3321.10,3307.53,3314.80,-1.393,5.11,33.47,19.64,15.39,-8.31,-6.12,-2.18,3312.23,3273.25,3332,2246,0.0,100.0,5,1,CROSS=EMA9<EMA21;TREND=1;STRUCT=1;VOL=1;COOL=1;EMA50=1;VWAP=1;BIAS=1,3.00,-0.50,27105.39,27503.67,full target: no partial booked
265,2025.07.31 11:23:27,2025.07.31 13:53:27,EXIT_SL,XAUUSD,M15,70,SELL,FULLTGT,DAY,0,3302.96,3314.02,3314.02,11.06,1.00,11.06,3291.90,3280.84,3269.78,3258.72,3247.66,0.12,0.12,0.00,3314.07,0.00,-1.00,-118.13,3296.53,3300.88,3309.89,3296.05,3300.73,-2.111,4.27,34.09,73.23,74.31,3.68,3.15,0.52,3293.54,3308.24,1520,1215,85.7,14.3,8,1,CROSS=EMA9<EMA21;TREND=1;STRUCT=1;VOL=1;COOL=1;EMA50=1;VWAP=1;BIAS=1,3.15,-1.00,26987.68,26987.68,stopped at the initial SL (x1.00 of usual)
266,2025.08.01 01:00:00,2025.08.01 03:30:00,DAY_SUMMARY,XAUUSD,M15,70,FLAT,NA,DAY,0,0.00,0.00,0.00,0.00,1.00,0.00,0.00,0.00,0.00,0.00,0.00,0.00,0.00,0.00,0.00,0.00,-1.00,-118.13,3296.76,3299.17,3305.54,3297.04,3299.36,-2.569,2.48,42.31,38.34,37.70,-2.07,-1.81,-0.26,3297.77,3289.94,537,1346,0.0,85.7,9,1,CROSS=EMA9<EMA21;TREND=1;STRUCT=1;VOL=1;COOL=1;EMA50=1;VWAP=1;BIAS=1,0.00,0.00,26987.68,26987.68,2025.07.31 trades=1 W=0 L=1 gross_profit=0.00 gross_loss=118.13 net=-118.13 PF=0.00
267,2025.08.01 01:00:00,2025.08.01 03:30:00,MONTH_SUMMARY,XAUUSD,M15,70,FLAT,NA,DAY,0,0.00,0.00,0.00,0.00,1.00,0.00,0.00,0.00,0.00,0.00,0.00,0.00,0.00,0.00,0.00,0.00,-3.01,-354.00,3296.76,3299.17,3305.54,3297.04,3299.36,-2.569,2.48,42.31,38.34,37.70,-2.07,-1.81,-0.26,3297.77,3289.94,537,1346,0.0,85.7,9,1,CROSS=EMA9<EMA21;TREND=1;STRUCT=1;VOL=1;COOL=1;EMA50=1;VWAP=1;BIAS=1,0.00,0.00,26987.68,26987.68,days=3 trades=3 W=0 L=3 gross_profit=0.00 gross_loss=354.00 net=-354.00 PF=0.00 pips=-3095.0
268,2025.08.01 15:45:00,2025.08.01 18:15:00,ENTRY,XAUUSD,M15,72,BUY,FULLTGT,EVENING,0,3339.24,3327.21,3327.21,12.03,1.00,12.03,3351.27,3363.30,3375.33,3387.35,3399.38,0.11,0.11,0.11,3339.24,0.00,0.00,0.00,3296.44,3296.23,3300.51,3294.69,3295.37,-0.711,6.01,36.90,90.24,89.38,5.49,2.18,3.31,3294.86,3339.26,4778,1565,100.0,0.0,7,1,CROSS=EMA9>EMA21;TREND=1;STRUCT=1;VOL=1;COOL=1;EMA50=1;VWAP=1;BIAS=1,0.00,0.00,26987.29,26986.52,KZ=NY; KZR=NY L @ 3295.19 88 bars ago (low taken); EVENING 4PM-12AM IST session: stop x1.00 of usual; no partials; full size to TP5; SL steps BE->TP1->TP2->TP3
269,2025.08.01 16:16:19,2025.08.01 18:46:19,TP1_REACHED,XAUUSD,M15,72,BUY,FULLTGT,EVENING,0,3339.24,3327.21,3327.21,12.03,1.00,12.03,3351.27,3363.30,3375.33,3387.35,3399.38,0.11,0.00,0.11,3351.27,1.00,1.00,0.00,3300.27,3298.19,3301.41,3298.20,3297.13,-0.452,7.13,44.98,92.18,87.38,10.66,4.04,6.62,3299.55,3350.98,4176,1829,100.0,0.0,5,1,CROSS=EMA9>EMA21;TREND=1;STRUCT=1;VOL=1;COOL=1;EMA50=1;VWAP=1;BIAS=1,1.00,-0.30,26987.29,27119.62,full target: no partial booked
270,2025.08.01 23:42:00,2025.08.02 02:12:00,EXIT_WEEKEND,XAUUSD,M15,72,BUY,FULLTGT,DAY,0,3339.24,3327.21,3327.21,12.03,1.00,12.03,3351.27,3363.30,3375.33,3387.35,3399.38,0.11,0.11,0.00,3361.25,0.00,1.83,0.00,3334.60,3320.86,3313.50,3333.54,3320.06,2.156,3.41,41.70,71.86,72.81,7.19,6.94,0.25,3321.11,3360.46,918,1850,85.7,0.0,40,1,CROSS=EMA9>EMA21;TREND=1;STRUCT=1;VOL=1;COOL=1;EMA50=1;VWAP=1;BIAS=1,1.94,-0.30,27229.01,27229.01,WEEKEND exit
271,2025.08.01 23:42:01,2025.08.02 02:12:01,EXIT_WEEKEND,XAUUSD,M15,72,BUY,FULLTGT,DAY,0,3339.24,3327.21,3327.21,12.03,1.00,12.03,3351.27,3363.30,3375.33,3387.35,3399.38,0.11,0.11,0.00,3361.25,0.00,1.83,241.33,3334.60,3320.86,3313.50,3333.54,3320.06,2.156,3.41,41.70,71.86,72.81,7.19,6.94,0.25,3321.11,3360.46,918,1850,85.7,0.0,40,1,CROSS=EMA9>EMA21;TREND=1;STRUCT=1;VOL=1;COOL=1;EMA50=1;VWAP=1;BIAS=1,1.94,-0.30,27229.01,27229.01,flattened before the Friday close
272,2025.08.04 01:00:00,2025.08.04 03:30:00,DAY_SUMMARY,XAUUSD,M15,72,FLAT,NA,DAY,0,0.00,0.00,0.00,0.00,1.00,0.00,0.00,0.00,0.00,0.00,0.00,0.00,0.00,0.00,0.00,0.00,1.83,241.33,3336.74,3322.49,3314.47,3335.69,3321.68,2.481,3.23,51.74,73.17,69.87,7.40,6.92,0.48,3321.58,3362.38,782,1716,85.7,0.0,8,1,CROSS=EMA9>EMA21;TREND=1;STRUCT=1;VOL=1;COOL=1;EMA50=1;VWAP=1;BIAS=1,0.00,0.00,27229.01,27229.01,2025.08.01 trades=1 W=1 L=0 gross_profit=241.33 gross_loss=0.00 net=241.33 PF=0.00
273,2025.08.04 01:00:00,2025.08.04 03:30:00,WEEK_SUMMARY,XAUUSD,M15,72,FLAT,NA,DAY,0,0.00,0.00,0.00,0.00,1.00,0.00,0.00,0.00,0.00,0.00,0.00,0.00,0.00,0.00,0.00,0.00,1.83,241.33,3336.74,3322.49,3314.47,3335.69,3321.68,2.481,3.23,51.74,73.17,69.87,7.40,6.92,0.48,3321.58,3362.38,782,1716,85.7,0.0,8,1,CROSS=EMA9>EMA21;TREND=1;STRUCT=1;VOL=1;COOL=1;EMA50=1;VWAP=1;BIAS=1,0.00,0.00,27229.01,27229.01,days=1 trades=1 W=1 L=0 gross_profit=241.33 gross_loss=0.00 net=241.33 PF=0.00 pips=2201.0
274,2025.08.06 12:45:00,2025.08.06 15:15:00,SKIP,XAUUSD,M15,72,FLAT,NA,DAY,0,0.00,0.00,0.00,0.00,1.00,0.00,0.00,0.00,0.00,0.00,0.00,0.00,0.00,0.00,0.00,0.00,0.00,0.00,3373.36,3373.46,3367.18,3373.81,3373.69,1.783,3.52,27.76,28.95,30.06,-3.16,-2.08,-1.08,3374.71,3362.47,1405,1271,0.0,100.0,7,1,CROSS=EMA9>EMA21;TREND=1;STRUCT=1;VOL=1;COOL=1;EMA50=1;VWAP=1;BIAS=1,0.00,0.00,27229.01,27229.01,outside the killzone window
275,2025.08.06 21:00:00,2025.08.06 23:30:00,SKIP,XAUUSD,M15,72,FLAT,NA,EVENING,0,0.00,0.00,0.00,0.00,1.00,0.00,0.00,0.00,0.00,0.00,0.00,0.00,0.00,0.00,0.00,0.00,0.00,0.00,3372.40,3372.36,3368.17,3372.31,3372.31,1.230,3.40,12.88,53.33,48.38,1.54,2.12,-0.57,3372.33,3374.56,1044,2087,42.9,28.6,5,1,CROSS=EMA9>EMA21;TREND=1;STRUCT=1;VOL=1;COOL=1;EMA50=1;VWAP=1;BIAS=1,0.00,0.00,27229.01,27229.01,outside the killzone window
276,2025.08.06 21:15:00,2025.08.06 23:45:00,SKIP,XAUUSD,M15,72,FLAT,NA,EVENING,0,0.00,0.00,0.00,0.00,1.00,0.00,0.00,0.00,0.00,0.00,0.00,0.00,0.00,0.00,0.00,0.00,0.00,0.00,3372.31,3372.31,3368.19,3372.40,3372.36,1.170,3.52,15.39,44.51,34.65,1.06,1.95,-0.88,3372.32,3370.11,1506,2039,0.0,71.4,5,1,CROSS=EMA9>EMA21;TREND=1;STRUCT=1;VOL=1;COOL=1;EMA50=1;VWAP=1;BIAS=1,0.00,0.00,27229.01,27229.01,outside the killzone window
277,2025.08.07 04:45:00,2025.08.07 07:15:00,ENTRY,XAUUSD,M15,74,BUY,FULLTGT,DAY,0,3381.88,3375.28,3375.28,6.60,1.00,6.60,3388.48,3395.09,3401.69,3408.29,3414.89,0.20,0.20,0.20,3381.88,0.00,0.00,0.00,3372.22,3372.15,3369.02,3371.83,3371.96,0.950,3.30,20.44,71.38,75.84,1.41,-0.02,1.43,3373.03,3381.70,2288,1259,85.7,0.0,6,1,CROSS=EMA9>EMA21;TREND=1;STRUCT=1;VOL=1;COOL=1;EMA50=1;VWAP=1;BIAS=1,0.00,0.00,27228.31,27227.11,KZ=ASIA; KZR=NY H @ 3385.50 139 bars ago (high taken); DAY 12AM-4PM IST session: stop x1.00 of usual; no partials; full size to TP5; SL steps BE->TP1->TP2->TP3
278,2025.08.07 08:34:26,2025.08.07 11:04:26,EXIT_SL,XAUUSD,M15,74,BUY,FULLTGT,DAY,0,3381.88,3375.28,3375.28,6.60,1.00,6.60,3388.48,3395.09,3401.69,3408.29,3414.89,0.20,0.20,0.00,3375.28,0.00,-1.00,-133.40,3375.34,3373.98,3370.44,3375.16,3373.86,1.294,2.73,11.57,58.15,54.31,1.45,1.77,-0.32,3376.10,3379.71,1246,1445,57.1,14.3,6,1,CROSS=EMA9>EMA21;TREND=1;STRUCT=1;VOL=1;COOL=1;EMA50=1;VWAP=1;BIAS=1,0.32,-0.99,27095.61,27095.61,stopped at the initial SL (x1.00 of usual)
279,2025.08.08 01:00:00,2025.08.08 03:30:00,DAY_SUMMARY,XAUUSD,M15,74,FLAT,NA,DAY,0,0.00,0.00,0.00,0.00,1.00,0.00,0.00,0.00,0.00,0.00,0.00,0.00,0.00,0.00,0.00,0.00,-1.00,-133.40,3388.22,3383.66,3377.94,3387.91,3383.41,1.565,3.65,20.63,57.15,49.04,3.40,2.58,0.81,3383.34,3395.88,1999,1745,57.1,28.6,50,1,CROSS=EMA9>EMA21;TREND=1;STRUCT=1;VOL=1;COOL=1;EMA50=1;VWAP=1;BIAS=1,0.00,0.00,27095.61,27095.61,2025.08.07 trades=1 W=0 L=1 gross_profit=0.00 gross_loss=133.40 net=-133.40 PF=0.00
280,2025.08.11 01:00:00,2025.08.11 03:30:00,WEEK_SUMMARY,XAUUSD,M15,74,FLAT,NA,DAY,0,0.00,0.00,0.00,0.00,1.00,0.00,0.00,0.00,0.00,0.00,0.00,0.00,0.00,0.00,0.00,0.00,-1.00,-133.40,3394.53,3392.57,3387.64,3394.41,3392.47,0.660,7.47,13.29,52.77,52.60,0.89,0.80,0.09,3393.51,3397.42,463,2346,71.4,0.0,8,1,CROSS=EMA9>EMA21;TREND=1;STRUCT=1;VOL=1;COOL=1;EMA50=1;VWAP=1;BIAS=1,0.00,0.00,27095.61,27095.61,days=1 trades=1 W=0 L=1 gross_profit=0.00 gross_loss=133.40 net=-133.40 PF=0.00 pips=-660.0
281,2025.08.11 04:45:00,2025.08.11 07:15:00,ENTRY,XAUUSD,M15,76,SELL,FULLTGT,DAY,0,3374.75,3384.15,3384.15,9.40,1.00,9.40,3365.35,3355.94,3346.54,3337.13,3327.73,0.14,0.14,0.14,3374.75,0.00,0.00,0.00,3390.90,3391.16,3387.61,3391.56,3391.49,0.754,4.70,49.35,29.38,32.55,-4.79,-2.14,-2.65,3384.66,3374.73,1889,1392,0.0,100.0,5,1,CROSS=EMA9<EMA21;TREND=1;STRUCT=1;VOL=1;COOL=1;EMA50=1;VWAP=1;BIAS=1,0.00,0.00,27095.12,27094.42,KZ=ASIA; KZR=NY H @ 3401.80 222 bars ago (high taken); DAY 12AM-4PM IST session: stop x1.00 of usual; no partials; full size to TP5; SL steps BE->TP1->TP2->TP3
282,2025.08.11 09:31:37,2025.08.11 12:01:37,TP1_REACHED,XAUUSD,M15,76,SELL,FULLTGT,DAY,0,3374.75,3384.15,3384.15,9.40,1.00,9.40,3365.35,3355.94,3346.54,3337.13,3327.73,0.14,0.00,0.14,3365.35,1.00,1.00,0.00,3383.02,3386.44,3385.65,3383.69,3386.84,0.212,3.70,26.66,29.67,23.71,-3.40,-3.13,-0.28,3379.75,3366.58,2088,1495,0.0,100.0,11,1,CROSS=EMA9<EMA21;TREND=1;STRUCT=1;VOL=1;COOL=1;EMA50=1;VWAP=1;BIAS=1,1.00,-0.59,27095.12,27227.14,full target: no partial booked
283,2025.08.11 12:15:17,2025.08.11 14:45:17,TP2_REACHED,XAUUSD,M15,76,SELL,FULLTGT,DAY,0,3374.75,3384.15,3384.15,9.40,1.00,9.40,3365.35,3355.94,3346.54,3337.13,3327.73,0.14,0.00,0.14,3355.94,2.00,2.00,0.00,3375.65,3381.70,3383.24,3376.45,3382.22,-0.300,5.15,48.30,29.49,33.78,-5.50,-5.22,-0.28,3374.33,3355.99,1779,1726,0.0,100.0,5,1,CROSS=EMA9<EMA21;TREND=1;STRUCT=1;VOL=1;COOL=1;EMA50=1;VWAP=1;BIAS=1,2.00,-0.59,27095.12,27358.60,full target: no partial booked
284,2025.08.11 15:30:25,2025.08.11 18:00:25,TP3_REACHED,XAUUSD,M15,76,SELL,FULLTGT,EVENING,0,3374.75,3384.15,3384.15,9.40,1.00,9.40,3365.35,3355.94,3346.54,3337.13,3327.73,0.14,0.00,0.14,3346.54,3.00,3.00,0.00,3367.70,3375.88,3379.97,3368.45,3376.42,-0.739,5.54,39.84,34.21,37.36,-4.93,-4.71,-0.21,3369.60,3349.14,2446,1964,0.0,100.0,9,1,CROSS=EMA9<EMA21;TREND=1;STRUCT=1;VOL=1;COOL=1;EMA50=1;VWAP=1;BIAS=1,3.00,-0.59,27095.12,27490.76,full target: no partial booked
285,2025.08.12 14:36:03,2025.08.12 17:06:03,TP4_REACHED,XAUUSD,M15,76,SELL,FULLTGT,EVENING,0,3374.75,3384.15,3384.15,9.40,1.00,9.40,3365.35,3355.94,3346.54,3337.13,3327.73,0.14,0.00,0.14,3337.13,4.00,4.00,0.00,3349.82,3354.32,3362.49,3350.09,3354.54,-2.056,3.97,37.80,40.13,33.06,-1.67,-0.98,-0.69,3349.79,3343.10,1643,1358,0.0,100.0,3,1,CROSS=EMA9<EMA21;TREND=1;STRUCT=1;VOL=1;COOL=1;EMA50=1;VWAP=1;BIAS=1,4.00,-0.59,27095.12,27628.73,full target: no partial booked
286,2025.08.13 10:45:00,2025.08.13 13:15:00,SKIP,XAUUSD,M15,76,SELL,FULLTGT,DAY,0,3374.75,3384.15,3384.15,9.40,1.00,9.40,3365.35,3355.94,3346.54,3337.13,3327.73,0.14,0.00,0.00,0.00,0.00,0.00,0.00,3351.12,3351.04,3355.56,3350.88,3350.93,-1.300,3.47,34.70,59.14,54.15,2.07,1.04,1.02,3350.84,3356.90,1340,1253,85.7,14.3,5,1,CROSS=EMA9<EMA21;TREND=1;STRUCT=1;VOL=1;COOL=1;EMA50=1;VWAP=1;BIAS=1,4.64,-0.59,27095.12,27356.78,outside the killzone window
287,2025.08.14 12:45:00,2025.08.14 15:15:00,SKIP,XAUUSD,M15,76,SELL,FULLTGT,DAY,0,3374.75,3384.15,3384.15,9.40,1.00,9.40,3365.35,3355.94,3346.54,3337.13,3327.73,0.14,0.00,0.00,0.00,0.00,0.00,0.00,3357.70,3357.74,3357.84,3357.81,3357.79,-0.018,5.59,26.34,48.30,54.94,-2.45,-2.74,0.29,3359.64,3354.99,1861,1792,28.6,71.4,5,1,CROSS=EMA9<EMA21;TREND=1;STRUCT=1;VOL=1;COOL=1;EMA50=1;VWAP=1;BIAS=1,4.64,-0.59,27095.12,27402.22,outside the killzone window
288,2025.08.15 23:42:00,2025.08.16 02:12:00,EXIT_WEEKEND,XAUUSD,M15,76,SELL,FULLTGT,DAY,0,3374.75,3384.15,3384.15,9.40,1.00,9.40,3365.35,3355.94,3346.54,3337.13,3327.73,0.14,0.14,0.00,3337.04,0.00,4.01,0.00,3339.03,3340.88,3344.78,3339.12,3340.97,-2.070,1.88,23.99,45.42,47.82,-0.70,-1.00,0.30,3339.97,3336.78,649,1117,14.3,57.1,40,1,CROSS=EMA9<EMA21;TREND=1;STRUCT=1;VOL=1;COOL=1;EMA50=1;VWAP=1;BIAS=1,4.77,-0.59,27659.96,27659.96,WEEKEND exit
289,2025.08.15 23:42:00,2025.08.16 02:12:00,EXIT_WEEKEND,XAUUSD,M15,76,SELL,FULLTGT,DAY,0,3374.75,3384.15,3384.15,9.40,1.00,9.40,3365.35,3355.94,3346.54,3337.13,3327.73,0.14,0.14,0.00,3337.04,0.00,4.01,564.35,3339.03,3340.88,3344.78,3339.12,3340.97,-2.070,1.88,23.99,45.42,47.82,-0.70,-1.00,0.30,3339.97,3336.78,649,1117,14.3,57.1,40,1,CROSS=EMA9<EMA21;TREND=1;STRUCT=1;VOL=1;COOL=1;EMA50=1;VWAP=1;BIAS=1,4.77,-0.59,27659.96,27659.96,flattened before the Friday close
290,2025.08.18 01:00:00,2025.08.18 03:30:00,DAY_SUMMARY,XAUUSD,M15,76,FLAT,NA,DAY,0,0.00,0.00,0.00,0.00,1.00,0.00,0.00,0.00,0.00,0.00,0.00,0.00,0.00,0.00,0.00,0.00,4.01,564.35,3338.79,3340.69,3344.60,3338.92,3340.79,-2.355,1.66,25.21,42.52,39.89,-0.81,-0.92,0.12,3339.94,3335.78,590,1038,14.3,71.4,8,1,CROSS=EMA9<EMA21;TREND=1;STRUCT=1;VOL=1;COOL=1;EMA50=1;VWAP=1;BIAS=1,0.00,0.00,27659.96,27659.96,2025.08.15 trades=1 W=1 L=0 gross_profit=564.35 gross_loss=0.00 net=564.35 PF=0.00
291,2025.08.18 01:00:00,2025.08.18 03:30:00,WEEK_SUMMARY,XAUUSD,M15,76,FLAT,NA,DAY,0,0.00,0.00,0.00,0.00,1.00,0.00,0.00,0.00,0.00,0.00,0.00,0.00,0.00,0.00,0.00,0.00,4.01,564.35,3338.79,3340.69,3344.60,3338.92,3340.79,-2.355,1.66,25.21,42.52,39.89,-0.81,-0.92,0.12,3339.94,3335.78,590,1038,14.3,71.4,8,1,CROSS=EMA9<EMA21;TREND=1;STRUCT=1;VOL=1;COOL=1;EMA50=1;VWAP=1;BIAS=1,0.00,0.00,27659.96,27659.96,days=1 trades=1 W=1 L=0 gross_profit=564.35 gross_loss=0.00 net=564.35 PF=0.00 pips=3771.0
292,2025.08.18 07:30:00,2025.08.18 10:00:00,SKIP,XAUUSD,M15,76,FLAT,NA,DAY,0,0.00,0.00,0.00,0.00,1.00,0.00,0.00,0.00,0.00,0.00,0.00,0.00,0.00,0.00,0.00,0.00,0.00,0.00,3340.94,3340.90,3343.72,3340.47,3340.67,-0.856,3.29,38.02,69.43,69.23,3.42,2.53,0.88,3340.83,3352.32,1275,1432,85.7,0.0,5,1,CROSS=EMA9<EMA21;TREND=1;STRUCT=1;VOL=1;COOL=1;EMA50=1;VWAP=1;BIAS=1,0.00,0.00,27659.96,27659.96,outside the killzone window
293,2025.08.18 18:30:00,2025.08.18 21:00:00,SKIP,XAUUSD,M15,76,FLAT,NA,EVENING,0,0.00,0.00,0.00,0.00,1.00,0.00,0.00,0.00,0.00,0.00,0.00,0.00,0.00,0.00,0.00,0.00,0.00,0.00,3343.43,3343.46,3344.51,3343.79,3343.64,-0.284,3.69,47.74,30.55,40.50,-3.59,-2.62,-0.96,3344.23,3334.68,1323,1560,0.0,85.7,7,1,CROSS=EMA9<EMA21;TREND=1;STRUCT=1;VOL=1;COOL=1;EMA50=1;VWAP=1;BIAS=1,0.00,0.00,27659.96,27659.96,outside the killzone window
294,2025.08.19 14:45:00,2025.08.19 17:15:00,ENTRY,XAUUSD,M15,78,BUY,FULLTGT,EVENING,0,3341.37,3336.92,3336.92,4.45,1.00,4.45,3345.82,3350.27,3354.72,3359.17,3363.62,0.31,0.31,0.31,3341.37,0.00,0.00,0.00,3338.57,3338.56,3340.26,3338.46,3338.50,-0.767,2.22,24.44,55.48,47.54,1.45,1.21,0.24,3337.07,3341.35,781,980,57.1,14.3,7,1,CROSS=EMA9>EMA21;TREND=1;STRUCT=1;VOL=1;COOL=1;EMA50=1;VWAP=1;BIAS=1,0.00,0.00,27658.87,27656.70,KZ=NY; KZR=NY L @ 3333.04 146 bars ago (low taken); EVENING 4PM-12AM IST session: stop x1.00 of usual; no partials; full size to TP5; SL steps BE->TP1->TP2->TP3
295,2025.08.19 15:14:38,2025.08.19 17:44:38,EXIT_SL,XAUUSD,M15,78,BUY,FULLTGT,EVENING,0,3341.37,3336.92,3336.92,4.45,1.00,4.45,3345.82,3350.27,3354.72,3359.17,3363.62,0.31,0.31,0.00,3336.91,0.00,-1.00,-140.44,3338.62,3338.58,3340.26,3338.57,3338.56,-0.763,2.20,22.39,50.34,30.78,1.23,1.28,-0.05,3337.15,3339.79,1274,988,42.9,42.9,5,1,CROSS=EMA9>EMA21;TREND=1;STRUCT=1;VOL=1;COOL=1;EMA50=1;VWAP=1;BIAS=1,0.21,-1.00,27519.52,27519.52,stopped at the initial SL (x1.00 of usual)
296,2025.08.19 15:30:00,2025.08.19 18:00:00,SKIP,XAUUSD,M15,78,FLAT,NA,EVENING,0,0.00,0.00,0.00,0.00,1.00,0.00,0.00,0.00,0.00,0.00,0.00,0.00,0.00,0.00,0.00,0.00,0.00,0.00,3338.53,3338.54,3340.20,3338.55,3338.55,-0.672,2.48,24.67,46.13,38.34,0.57,1.26,-0.69,3337.20,3338.07,1547,996,28.6,57.1,7,1,CROSS=EMA9<EMA21;TREND=1;STRUCT=1;VOL=1;COOL=0;EMA50=1;VWAP=1;BIAS=1,0.00,0.00,27519.52,27519.52,quality filter
297,2025.08.20 01:00:00,2025.08.20 03:30:00,DAY_SUMMARY,XAUUSD,M15,78,FLAT,NA,DAY,0,0.00,0.00,0.00,0.00,1.00,0.00,0.00,0.00,0.00,0.00,0.00,0.00,0.00,0.00,0.00,0.00,-1.00,-140.44,3325.03,3330.10,3334.96,3325.41,3330.39,-2.612,1.86,40.35,33.56,41.47,-3.31,-3.79,0.48,3331.54,3315.65,509,1101,14.3,71.4,9,1,CROSS=EMA9<EMA21;TREND=1;STRUCT=1;VOL=1;COOL=0;EMA50=1;VWAP=1;BIAS=1,0.00,0.00,27519.52,27519.52,2025.08.19 trades=1 W=0 L=1 gross_profit=0.00 gross_loss=140.44 net=-140.44 PF=0.00
298,2025.08.20 16:00:00,2025.08.20 18:30:00,SKIP,XAUUSD,M15,78,FLAT,NA,EVENING,0,0.00,0.00,0.00,0.00,1.00,0.00,0.00,0.00,0.00,0.00,0.00,0.00,0.00,0.00,0.00,0.00,0.00,0.00,3326.02,3325.83,3329.51,3325.33,3325.48,-1.231,2.99,49.00,80.54,86.92,4.40,2.76,1.64,3322.97,3342.90,1910,1337,100.0,0.0,7,1,CROSS=EMA9>EMA21;TREND=1;STRUCT=1;VOL=1;COOL=1;EMA50=1;VWAP=1;BIAS=1,0.00,0.00,27519.52,27519.52,already positioned that way
299,2025.08.22 05:15:00,2025.08.22 07:45:00,ENTRY,XAUUSD,M15,80,SELL,FULLTGT,DAY,0,3334.44,3338.96,3338.96,4.52,1.00,4.52,3329.92,3325.40,3320.88,3316.36,3311.84,0.30,0.30,0.30,3334.44,0.00,0.00,0.00,3338.84,3338.92,3337.82,3339.02,3339.01,0.488,2.26,26.20,37.77,36.84,-0.94,-0.57,-0.38,3337.66,3334.46,1317,676,14.3,85.7,8,1,CROSS=EMA9<EMA21;TREND=1;STRUCT=1;VOL=1;COOL=1;EMA50=1;VWAP=1;BIAS=1,0.00,0.00,27518.47,27516.07,KZ=ASIA; KZR=Asia L @ 3323.54 237 bars ago (low taken); DAY 12AM-4PM IST session: stop x1.00 of usual; no partials; full size to TP5; SL steps BE->TP1->TP2->TP3
300,2025.08.22 07:22:31,2025.08.22 09:52:31,TP1_REACHED,XAUUSD,M15,80,SELL,FULLTGT,DAY,0,3334.44,3338.96,3338.96,4.52,1.00,4.52,3329.92,3325.40,3320.88,3316.36,3311.84,0.30,0.00,0.30,3329.92,1.00,1.00,0.00,3337.33,3338.10,3337.47,3337.55,3338.22,0.274,2.27,41.53,35.22,33.50,-1.73,-1.37,-0.36,3336.17,3331.88,785,876,0.0,85.7,11,1,CROSS=EMA9<EMA21;TREND=1;STRUCT=1;VOL=1;COOL=1;EMA50=1;VWAP=1;BIAS=1,0.99,-0.34,27518.47,27654.97,full target: no partial booked
301,2025.08.22 15:12:13,2025.08.22 17:42:13,TP2_REACHED,XAUUSD,M15,80,SELL,FULLTGT,EVENING,0,3334.44,3338.96,3338.96,4.52,1.00,4.52,3329.92,3325.40,3320.88,3316.36,3311.84,0.30,0.00,0.30,3325.40,2.00,2.00,0.00,3331.84,3334.15,3335.36,3331.94,3334.25,-0.518,2.33,17.82,46.39,40.58,-0.48,-0.57,0.09,3332.07,3329.38,935,997,14.3,57.1,5,1,CROSS=EMA9<EMA21;TREND=1;STRUCT=1;VOL=1;COOL=1;EMA50=1;VWAP=1;BIAS=1,2.00,-0.34,27518.47,27789.67,full target: no partial booked
302,2025.08.22 17:00:21,2025.08.22 19:30:21,EXIT_SL,XAUUSD,M15,80,SELL,FULLTGT,EVENING,0,3334.44,3338.96,3338.96,4.52,1.00,4.52,3329.92,3325.40,3320.88,3316.36,3311.84,0.30,0.30,0.00,3339.04,0.00,-1.02,-140.10,3330.75,3333.20,3334.77,3330.63,3333.19,-0.442,3.54,25.31,61.51,65.07,-0.21,-0.97,0.77,3331.06,3333.80,2157,1322,85.7,14.3,7,1,CROSS=EMA9<EMA21;TREND=1;STRUCT=1;VOL=1;COOL=1;EMA50=1;VWAP=1;BIAS=1,2.87,-0.99,27379.42,27379.42,stopped at the initial SL (x1.00 of usual)
303,2025.08.22 18:00:00,2025.08.22 20:30:00,SKIP,XAUUSD,M15,80,FLAT,NA,EVENING,0,0.00,0.00,0.00,0.00,1.00,0.00,0.00,0.00,0.00,0.00,0.00,0.00,0.00,0.00,0.00,0.00,0.00,0.00,3336.31,3335.89,3336.07,3334.78,3335.13,-0.028,6.59,39.27,87.79,85.91,8.90,1.94,6.96,3337.58,3373.82,3092,1996,100.0,0.0,7,1,CROSS=EMA9<EMA21;TREND=1;STRUCT=1;VOL=1;COOL=1;EMA50=1;VWAP=1;BIAS=1,0.00,0.00,27379.42,27379.42,outside the killzone window
304,2025.08.25 01:00:00,2025.08.25 03:30:00,DAY_SUMMARY,XAUUSD,M15,80,FLAT,NA,DAY,0,0.00,0.00,0.00,0.00,1.00,0.00,0.00,0.00,0.00,0.00,0.00,0.00,0.00,0.00,0.00,0.00,-1.02,-140.10,3358.34,3349.68,3343.76,3357.80,3349.24,3.077,1.92,19.67,62.74,50.76,4.47,6.05,-1.58,3347.25,3371.59,334,1082,57.1,14.3,6,1,CROSS=EMA9<EMA21;TREND=1;STRUCT=1;VOL=1;COOL=1;EMA50=1;VWAP=1;BIAS=1,0.00,0.00,27379.42,27379.42,2025.08.22 trades=1 W=0 L=1 gross_profit=0.00 gross_loss=140.10 net=-140.10 PF=0.00
305,2025.08.25 01:00:00,2025.08.25 03:30:00,WEEK_SUMMARY,XAUUSD,M15,80,FLAT,NA,DAY,0,0.00,0.00,0.00,0.00,1.00,0.00,0.00,0.00,0.00,0.00,0.00,0.00,0.00,0.00,0.00,0.00,-2.02,-280.54,3358.34,3349.68,3343.76,3357.80,3349.24,3.077,1.92,19.67,62.74,50.76,4.47,6.05,-1.58,3347.25,3371.59,334,1082,57.1,14.3,6,1,CROSS=EMA9<EMA21;TREND=1;STRUCT=1;VOL=1;COOL=1;EMA50=1;VWAP=1;BIAS=1,0.00,0.00,27379.42,27379.42,days=2 trades=2 W=0 L=2 gross_profit=0.00 gross_loss=280.54 net=-280.54 PF=0.00 pips=-906.0
306,2025.09.01 01:00:00,2025.09.01 03:30:00,MONTH_SUMMARY,XAUUSD,M15,80,FLAT,NA,DAY,0,0.00,0.00,0.00,0.00,1.00,0.00,0.00,0.00,0.00,0.00,0.00,0.00,0.00,0.00,0.00,0.00,2.82,391.74,3434.70,3424.81,3412.99,3434.12,3424.32,3.284,3.60,29.21,62.50,55.15,4.67,5.17,-0.51,3425.69,3448.93,497,1824,71.4,14.3,12,1,CROSS=EMA9<EMA21;TREND=1;STRUCT=1;VOL=1;COOL=1;EMA50=1;VWAP=1;BIAS=1,0.00,0.00,27379.42,27379.42,days=5 trades=5 W=2 L=3 gross_profit=805.68 gross_loss=413.94 net=391.74 PF=1.95 pips=4406.0
307,2025.09.04 13:45:00,2025.09.04 16:15:00,SKIP,XAUUSD,M15,80,FLAT,NA,EVENING,0,0.00,0.00,0.00,0.00,1.00,0.00,0.00,0.00,0.00,0.00,0.00,0.00,0.00,0.00,0.00,0.00,0.00,0.00,3542.61,3542.62,3529.97,3542.70,3542.67,2.753,4.59,19.26,49.92,48.28,0.38,0.17,0.21,3541.97,3540.31,1350,1844,14.3,57.1,6,1,CROSS=EMA9<EMA21;TREND=1;STRUCT=1;VOL=1;COOL=1;EMA50=1;VWAP=1;BIAS=1,0.00,0.00,27379.42,27379.42,already positioned that way
308,2025.09.04 15:15:00,2025.09.04 17:45:00,ENTRY,XAUUSD,M15,82,BUY,FULLTGT,EVENING,0,3548.19,3538.16,3538.16,10.03,1.00,10.03,3558.22,3568.25,3578.28,3588.30,3598.33,0.13,0.13,0.13,3548.19,0.00,0.00,0.00,3542.78,3542.70,3530.75,3542.57,3542.59,2.384,5.01,21.35,60.85,65.12,1.28,0.54,0.74,3542.10,3548.09,2120,1678,85.7,0.0,12,1,CROSS=EMA9>EMA21;TREND=1;STRUCT=1;VOL=1;COOL=1;EMA50=1;VWAP=1;BIAS=1,0.00,0.00,27378.96,27377.40,KZ=NY; KZR=NY H @ 3561.45 87 bars ago (high taken); EVENING 4PM-12AM IST session: stop x1.00 of usual; no partials; full size to TP5; SL steps BE->TP1->TP2->TP3
309,2025.09.04 16:37:43,2025.09.04 19:07:43,TP1_REACHED,XAUUSD,M15,82,BUY,FULLTGT,EVENING,0,3548.19,3538.16,3538.16,10.03,1.00,10.03,3558.22,3568.25,3578.28,3588.30,3598.33,0.13,0.00,0.13,3558.22,1.00,1.00,0.00,3543.73,3543.20,3531.58,3543.36,3543.00,1.819,6.38,24.31,64.31,69.72,2.33,1.32,1.02,3542.67,3552.77,2711,1997,85.7,0.0,8,1,CROSS=EMA9>EMA21;TREND=1;STRUCT=1;VOL=1;COOL=1;EMA50=1;VWAP=1;BIAS=1,1.00,-0.82,27378.96,27509.74,full target: no partial booked
310,2025.09.04 17:02:41,2025.09.04 19:32:41,EXIT_SL,XAUUSD,M15,82,BUY,FULLTGT,EVENING,0,3548.19,3538.16,3538.16,10.03,1.00,10.03,3558.22,3568.25,3578.28,3588.30,3598.33,0.13,0.13,0.00,3538.11,0.00,-1.01,-131.96,3544.13,3543.43,3531.93,3544.02,3543.35,1.761,6.53,24.58,54.12,49.14,2.40,1.78,0.62,3543.11,3547.02,3909,2209,57.1,28.6,4,1,CROSS=EMA9>EMA21;TREND=1;STRUCT=1;VOL=1;COOL=1;EMA50=1;VWAP=1;BIAS=1,1.06,-1.00,27247.46,27247.46,stopped at the initial SL (x1.00 of usual)
311,2025.09.05 01:00:00,2025.09.05 03:30:00,DAY_SUMMARY,XAUUSD,M15,82,FLAT,NA,DAY,0,0.00,0.00,0.00,0.00,1.00,0.00,0.00,0.00,0.00,0.00,0.00,0.00,0.00,0.00,0.00,0.00,-1.01,-131.96,3546.75,3545.40,3535.86,3546.80,3545.39,3.380,2.82,21.85,45.81,40.22,0.18,0.47,-0.28,3544.27,3545.63,453,1422,28.6,42.9,8,1,CROSS=EMA9>EMA21;TREND=1;STRUCT=1;VOL=1;COOL=1;EMA50=1;VWAP=1;BIAS=1,0.00,0.00,27247.46,27247.46,2025.09.04 trades=1 W=0 L=1 gross_profit=0.00 gross_loss=131.96 net=-131.96 PF=0.00
312,2025.09.08 01:00:00,2025.09.08 03:30:00,WEEK_SUMMARY,XAUUSD,M15,82,FLAT,NA,DAY,0,0.00,0.00,0.00,0.00,1.00,0.00,0.00,0.00,0.00,0.00,0.00,0.00,0.00,0.00,0.00,0.00,-1.01,-131.96,3581.17,3570.12,3556.62,3580.95,3569.79,4.162,3.24,19.94,46.89,33.06,2.43,4.57,-2.15,3570.99,3586.58,653,2012,28.6,42.9,8,1,CROSS=EMA9>EMA21;TREND=1;STRUCT=1;VOL=1;COOL=1;EMA50=1;VWAP=1;BIAS=1,0.00,0.00,27247.46,27247.46,days=1 trades=1 W=0 L=1 gross_profit=0.00 gross_loss=131.96 net=-131.96 PF=0.00 pips=-1008.0
313,2025.09.10 04:15:00,2025.09.10 06:45:00,ENTRY,XAUUSD,M15,84,SELL,FULLTGT,DAY,0,3626.64,3638.28,3638.28,11.64,1.00,11.64,3615.00,3603.37,3591.73,3580.09,3568.45,0.11,0.11,0.11,3626.64,0.00,0.00,0.00,3637.57,3637.59,3625.13,3638.01,3637.81,2.141,5.82,45.54,40.19,43.12,-3.54,-2.92,-0.62,3629.99,3626.65,3007,1503,14.3,85.7,10,1,CROSS=EMA9<EMA21;TREND=1;STRUCT=1;VOL=1;COOL=1;EMA50=1;VWAP=1;BIAS=1,0.00,0.00,27247.07,27245.97,KZ=ASIA; KZR=Asia H @ 3654.49 82 bars ago (high taken); DAY 12AM-4PM IST session: stop x1.00 of usual; no partials; full size to TP5; SL steps BE->TP1->TP2->TP3
314,2025.09.10 05:52:42,2025.09.10 08:22:42,EXIT_SL,XAUUSD,M15,84,SELL,FULLTGT,DAY,0,3626.64,3638.28,3638.28,11.64,1.00,11.64,3615.00,3603.37,3591.73,3580.09,3568.45,0.11,0.11,0.00,3638.28,0.00,-1.00,-128.82,3636.14,3636.81,3625.45,3636.14,3636.83,2.088,5.44,28.53,53.93,63.58,-1.53,-3.05,1.52,3629.79,3635.95,1856,1607,71.4,28.6,5,1,CROSS=EMA9<EMA21;TREND=1;STRUCT=1;VOL=1;COOL=1;EMA50=1;VWAP=1;BIAS=1,0.53,-1.00,27118.64,27118.64,stopped at the initial SL (x1.00 of usual)
315,2025.09.10 08:30:00,2025.09.10 11:00:00,SKIP,XAUUSD,M15,84,FLAT,NA,DAY,0,0.00,0.00,0.00,0.00,1.00,0.00,0.00,0.00,0.00,0.00,0.00,0.00,0.00,0.00,0.00,0.00,0.00,0.00,3637.43,3637.35,3626.91,3637.15,3637.21,3.347,3.12,36.49,64.41,69.59,2.51,1.05,1.45,3632.28,3644.24,982,1520,85.7,0.0,11,1,CROSS=EMA9<EMA21;TREND=1;STRUCT=1;VOL=1;COOL=1;EMA50=1;VWAP=1;BIAS=1,0.00,0.00,27118.64,27118.64,outside the killzone window
316,2025.09.11 01:00:00,2025.09.11 03:30:00,DAY_SUMMARY,XAUUSD,M15,84,FLAT,NA,DAY,0,0.00,0.00,0.00,0.00,1.00,0.00,0.00,0.00,0.00,0.00,0.00,0.00,0.00,0.00,0.00,0.00,-1.00,-128.82,3644.40,3643.39,3635.83,3644.56,3643.45,2.380,3.18,30.44,43.77,47.19,-1.87,-1.33,-0.54,3643.06,3640.60,627,1498,14.3,71.4,9,1,CROSS=EMA9<EMA21;TREND=1;STRUCT=1;VOL=1;COOL=1;EMA50=1;VWAP=1;BIAS=1,0.00,0.00,27118.64,27118.64,2025.09.10 trades=1 W=0 L=1 gross_profit=0.00 gross_loss=128.82 net=-128.82 PF=0.00
317,2025.09.11 06:15:00,2025.09.11 08:45:00,SKIP,XAUUSD,M15,84,FLAT,NA,DAY,0,0.00,0.00,0.00,0.00,1.00,0.00,0.00,0.00,0.00,0.00,0.00,0.00,0.00,0.00,0.00,0.00,0.00,0.00,3642.88,3642.88,3636.99,3643.23,3643.06,1.539,3.83,33.32,35.09,35.65,-1.67,-0.27,-1.40,3642.07,3634.29,1511,1142,0.0,100.0,12,1,CROSS=EMA9<EMA21;TREND=1;STRUCT=1;VOL=1;COOL=1;EMA50=1;VWAP=1;BIAS=1,0.00,0.00,27118.64,27118.64,already positioned that way
318,2025.09.12 05:00:00,2025.09.12 07:30:00,ENTRY,XAUUSD,M15,86,BUY,FULLTGT,DAY,0,3646.43,3639.79,3639.79,6.64,1.00,6.64,3653.07,3659.70,3666.34,3672.98,3679.62,0.20,0.20,0.20,3646.43,0.00,0.00,0.00,3635.03,3634.81,3634.18,3634.57,3634.57,0.188,3.32,27.88,69.05,72.36,2.50,0.84,1.66,3639.20,3646.37,2615,1005,100.0,0.0,6,1,CROSS=EMA9>EMA21;TREND=1;STRUCT=1;VOL=1;COOL=1;EMA50=1;VWAP=1;BIAS=1,0.00,0.00,27117.94,27116.74,KZ=ASIA; KZR=Asia H @ 3654.49 277 bars ago (high taken); DAY 12AM-4PM IST session: stop x1.00 of usual; no partials; full size to TP5; SL steps BE->TP1->TP2->TP3
319,2025.09.12 06:57:53,2025.09.12 09:27:53,TP1_REACHED,XAUUSD,M15,86,BUY,FULLTGT,DAY,0,3646.43,3639.79,3639.79,6.64,1.00,6.64,3653.07,3659.70,3666.34,3672.98,3679.62,0.20,0.00,0.20,3653.07,1.00,1.00,0.00,3638.58,3636.73,3635.22,3638.06,3636.43,0.387,3.90,45.23,71.57,66.00,4.40,3.48,0.92,3642.96,3651.34,745,1424,85.7,0.0,8,1,CROSS=EMA9>EMA21;TREND=1;STRUCT=1;VOL=1;COOL=1;EMA50=1;VWAP=1;BIAS=1,1.00,-0.23,27117.94,27250.94,full target: no partial booked
320,2025.09.12 11:57:39,2025.09.12 14:27:39,EXIT_SL,XAUUSD,M15,86,BUY,FULLTGT,DAY,0,3646.43,3639.79,3639.79,6.64,1.00,6.64,3653.07,3659.70,3666.34,3672.98,3679.62,0.20,0.20,0.00,3639.79,0.00,-1.00,-134.20,3645.25,3641.45,3638.12,3645.26,3641.38,0.903,3.69,33.18,42.28,28.93,0.14,1.81,-1.67,3646.78,3645.03,1540,1368,14.3,85.7,7,1,CROSS=EMA9>EMA21;TREND=1;STRUCT=1;VOL=1;COOL=1;EMA50=1;VWAP=1;BIAS=1,1.55,-1.00,26984.44,26984.44,stopped at the initial SL (x1.00 of usual)
321,2025.09.15 01:00:00,2025.09.15 03:30:00,DAY_SUMMARY,XAUUSD,M15,86,FLAT,NA,DAY,0,0.00,0.00,0.00,0.00,1.00,0.00,0.00,0.00,0.00,0.00,0.00,0.00,0.00,0.00,0.00,0.00,-1.00,-134.20,3646.35,3644.76,3641.49,3646.50,3644.80,1.719,1.90,44.40,39.06,39.41,-1.29,-0.46,-0.83,3646.83,3642.65,512,1089,14.3,71.4,9,1,CROSS=EMA9>EMA21;TREND=1;STRUCT=1;VOL=1;COOL=1;EMA50=1;VWAP=1;BIAS=1,0.00,0.00,26984.44,26984.44,2025.09.12 trades=1 W=0 L=1 gross_profit=0.00 gross_loss=134.20 net=-134.20 PF=0.00
322,2025.09.15 01:00:00,2025.09.15 03:30:00,WEEK_SUMMARY,XAUUSD,M15,86,FLAT,NA,DAY,0,0.00,0.00,0.00,0.00,1.00,0.00,0.00,0.00,0.00,0.00,0.00,0.00,0.00,0.00,0.00,0.00,-2.00,-263.02,3646.35,3644.76,3641.49,3646.50,3644.80,1.719,1.90,44.40,39.06,39.41,-1.29,-0.46,-0.83,3646.83,3642.65,512,1089,14.3,71.4,9,1,CROSS=EMA9>EMA21;TREND=1;STRUCT=1;VOL=1;COOL=1;EMA50=1;VWAP=1;BIAS=1,0.00,0.00,26984.44,26984.44,days=2 trades=2 W=0 L=2 gross_profit=0.00 gross_loss=263.02 net=-263.02 PF=0.00 pips=-1828.0
323,2025.09.15 04:00:00,2025.09.15 06:30:00,ENTRY,XAUUSD,M15,88,SELL,FULLTGT,DAY,0,3633.43,3639.60,3639.60,6.17,1.00,6.17,3627.26,3621.10,3614.93,3608.77,3602.60,0.21,0.21,0.21,3633.43,0.00,0.00,0.00,3643.58,3643.58,3641.25,3643.99,3643.79,0.758,3.08,45.06,29.41,35.37,-2.76,-2.07,-0.69,3639.32,3633.43,1235,981,0.0,100.0,5,1,CROSS=EMA9<EMA21;TREND=1;STRUCT=1;VOL=1;COOL=1;EMA50=1;VWAP=1;BIAS=1,0.00,0.00,26983.70,26982.65,KZ=ASIA; KZR=Asia H @ 3654.49 561 bars ago (high taken); DAY 12AM-4PM IST session: stop x1.00 of usual; no partials; full size to TP5; SL steps BE->TP1->TP2->TP3
324,2025.09.15 04:12:37,2025.09.15 06:42:37,TP1_REACHED,XAUUSD,M15,88,SELL,FULLTGT,DAY,0,3633.43,3639.60,3639.60,6.17,1.00,6.17,3627.26,3621.10,3614.93,3608.77,3602.60,0.21,0.00,0.21,3627.26,1.00,1.00,0.00,3643.58,3643.58,3641.25,3643.99,3643.79,0.758,3.08,45.06,29.41,29.44,-2.76,-2.07,-0.69,3639.32,3633.43,1235,981,0.0,100.0,12,1,CROSS=EMA9<EMA21;TREND=1;STRUCT=1;VOL=1;COOL=1;EMA50=1;VWAP=1;BIAS=1,1.00,-0.15,26983.70,27113.69,full target: no partial booked
325,2025.09.15 05:09:24,2025.09.15 07:39:24,EXIT_SL,XAUUSD,M15,88,SELL,FULLTGT,DAY,0,3633.43,3639.60,3639.60,6.17,1.00,6.17,3627.26,3621.10,3614.93,3608.77,3602.60,0.21,0.21,0.00,3639.61,0.00,-1.00,-131.26,3641.82,3642.66,3640.87,3642.12,3642.83,0.462,3.89,48.61,40.34,55.37,-3.53,-2.85,-0.68,3635.92,3634.47,1720,1163,28.6,71.4,5,1,CROSS=EMA9<EMA21;TREND=1;STRUCT=1;VOL=1;COOL=1;EMA50=1;VWAP=1;BIAS=1,1.10,-1.00,26853.18,26853.18,stopped at the initial SL (x1.00 of usual)
326,2025.09.15 16:15:00,2025.09.15 18:45:00,ENTRY,XAUUSD,M15,90,BUY,FULLTGT,EVENING,0,3649.67,3641.17,3641.17,8.50,1.00,8.50,3658.17,3666.66,3675.16,3683.65,3692.15,0.15,0.15,0.15,3649.67,0.00,0.00,0.00,3642.93,3642.87,3641.63,3642.66,3642.73,0.292,4.25,15.32,59.06,63.73,1.21,0.49,0.72,3641.05,3649.62,2475,1726,71.4,14.3,5,1,CROSS=EMA9>EMA21;TREND=1;STRUCT=1;VOL=1;COOL=1;EMA50=1;VWAP=1;BIAS=1,0.00,0.00,26852.65,26851.90,KZ=NY; KZR=Asia H @ 3654.49 610 bars ago (high taken); EVENING 4PM-12AM IST session: stop x1.00 of usual; no partials; full size to TP5; SL steps BE->TP1->TP2->TP3
327,2025.09.15 16:37:28,2025.09.15 19:07:28,TP1_REACHED,XAUUSD,M15,90,BUY,FULLTGT,EVENING,0,3649.67,3641.17,3641.17,8.50,1.00,8.50,3658.17,3666.66,3675.16,3683.65,3692.15,0.15,0.00,0.15,3658.17,1.00,1.00,0.00,3643.36,3643.09,3641.75,3642.93,3642.87,0.315,4.24,16.48,63.48,73.14,1.85,0.67,1.18,3641.32,3653.80,2249,1772,85.7,0.0,6,1,CROSS=EMA9>EMA21;TREND=1;STRUCT=1;VOL=1;COOL=1;EMA50=1;VWAP=1;BIAS=1,1.00,-0.17,26852.65,26980.75,full target: no partial booked
328,2025.09.15 18:25:26,2025.09.15 20:55:26,TP2_REACHED,XAUUSD,M15,90,BUY,FULLTGT,EVENING,0,3649.67,3641.17,3641.17,8.50,1.00,8.50,3658.17,3666.66,3675.16,3683.65,3692.15,0.15,0.00,0.15,3666.66,2.00,2.00,0.00,3647.74,3645.46,3643.06,3647.04,3645.07,0.435,5.50,31.83,67.14,72.62,5.50,3.70,1.80,3644.47,3664.82,2135,2151,85.7,0.0,5,1,CROSS=EMA9>EMA21;TREND=1;STRUCT=1;VOL=1;COOL=1;EMA50=1;VWAP=1;BIAS=1,2.00,-0.17,26852.65,27107.95,full target: no partial booked
329,2025.09.15 18:54:18,2025.09.15 21:24:18,TP3_REACHED,XAUUSD,M15,90,BUY,FULLTGT,EVENING,0,3649.67,3641.17,3641.17,8.50,1.00,8.50,3658.17,3666.66,3675.16,3683.65,3692.15,0.15,0.00,0.15,3675.16,3.00,3.00,0.00,3649.30,3646.34,3643.56,3648.51,3645.89,0.513,5.42,40.36,69.99,82.84,6.29,4.72,1.58,3645.24,3668.53,1862,2192,85.7,0.0,9,1,CROSS=EMA9>EMA21;TREND=1;STRUCT=1;VOL=1;COOL=1;EMA50=1;VWAP=1;BIAS=1,2.99,-0.17,26852.65,27235.15,full target: no partial booked
330,2025.09.15 19:28:35,2025.09.15 21:58:35,TP4_REACHED,XAUUSD,M15,90,BUY,FULLTGT,EVENING,0,3649.67,3641.17,3641.17,8.50,1.00,8.50,3658.17,3666.66,3675.16,3683.65,3692.15,0.15,0.00,0.15,3683.65,4.00,4.00,0.00,3651.71,3647.69,3644.29,3650.52,3647.02,0.569,5.97,49.32,77.43,82.69,8.33,5.74,2.59,3646.86,3680.96,2618,2314,100.0,0.0,5,1,CROSS=EMA9>EMA21;TREND=1;STRUCT=1;VOL=1;COOL=1;EMA50=1;VWAP=1;BIAS=1,4.00,-0.17,26852.65,27362.95,full target: no partial booked
331,2025.09.16 01:00:00,2025.09.16 03:30:00,DAY_SUMMARY,XAUUSD,M15,90,BUY,FULLTGT,DAY,0,3649.67,3641.17,3641.17,8.50,1.00,8.50,3658.17,3666.66,3675.16,3683.65,3692.15,0.15,0.00,0.00,0.00,0.00,-1.00,-131.26,3666.85,3657.95,3650.50,3666.36,3657.53,2.802,2.66,25.62,58.30,40.03,4.67,5.92,-1.25,3653.24,3678.71,601,1523,57.1,28.6,9,1,CROSS=EMA9>EMA21;TREND=1;STRUCT=1;VOL=1;COOL=1;EMA50=1;VWAP=1;BIAS=1,4.23,-0.17,26852.65,27301.72,2025.09.15 trades=1 W=0 L=1 gross_profit=0.00 gross_loss=131.26 net=-131.26 PF=0.00
332,2025.09.16 09:47:36,2025.09.16 12:17:36,TP5_EXIT,XAUUSD,M15,90,BUY,FULLTGT,DAY,0,3649.67,3641.17,3641.17,8.50,1.00,8.50,3658.17,3666.66,3675.16,3683.65,3692.15,0.15,0.15,0.00,3692.15,5.00,5.00,0.00,3678.28,3669.87,3659.64,3677.80,3669.47,3.791,2.70,24.39,68.90,73.11,1.79,1.36,0.44,3681.28,3689.88,1735,1333,85.7,0.0,11,1,CROSS=EMA9>EMA21;TREND=1;STRUCT=1;VOL=1;COOL=1;EMA50=1;VWAP=1;BIAS=1,4.99,-0.17,27479.84,27479.84,full target reached; closed in full
333,2025.09.16 09:47:36,2025.09.16 12:17:36,EXIT_TP,XAUUSD,M15,90,BUY,FULLTGT,DAY,0,3649.67,3641.17,3641.17,8.50,1.00,8.50,3658.17,3666.66,3675.16,3683.65,3692.15,0.15,0.15,0.00,3692.15,0.00,5.00,626.66,3678.28,3669.87,3659.64,3677.80,3669.47,3.791,2.70,24.39,68.90,73.11,1.79,1.36,0.44,3681.28,3689.88,1735,1333,85.7,0.0,11,1,CROSS=EMA9>EMA21;TREND=1;STRUCT=1;VOL=1;COOL=1;EMA50=1;VWAP=1;BIAS=1,4.99,-0.17,27479.84,27479.84,TP5 exit
334,2025.09.17 01:00:00,2025.09.17 03:30:00,DAY_SUMMARY,XAUUSD,M15,90,FLAT,NA,DAY,0,0.00,0.00,0.00,0.00,1.00,0.00,0.00,0.00,0.00,0.00,0.00,0.00,0.00,0.00,0.00,0.00,5.00,626.66,3689.12,3684.08,3673.28,3689.10,3683.97,5.253,2.06,29.88,49.48,43.29,0.54,0.11,0.43,3688.23,3689.74,542,1550,57.1,28.6,9,1,CROSS=EMA9>EMA21;TREND=1;STRUCT=1;VOL=1;COOL=1;EMA50=1;VWAP=1;BIAS=1,0.00,0.00,27479.84,27479.84,2025.09.16 trades=1 W=1 L=0 gross_profit=626.66 gross_loss=0.00 net=626.66 PF=0.00
335,2025.09.17 10:15:00,2025.09.17 12:45:00,SKIP,XAUUSD,M15,90,FLAT,NA,DAY,0,0.00,0.00,0.00,0.00,1.00,0.00,0.00,0.00,0.00,0.00,0.00,0.00,0.00,0.00,0.00,0.00,0.00,0.00,3683.42,3683.50,3676.47,3683.91,3683.74,1.828,3.84,45.47,32.55,37.48,-3.46,-2.59,-0.86,3681.99,3671.26,2292,1494,0.0,100.0,5,1,CROSS=EMA9>EMA21;TREND=1;STRUCT=1;VOL=1;COOL=1;EMA50=1;VWAP=1;BIAS=1,0.00,0.00,27479.84,27479.84,outside the killzone window
336,2025.09.17 21:15:00,2025.09.17 23:45:00,SKIP,XAUUSD,M15,90,FLAT,NA,EVENING,0,0.00,0.00,0.00,0.00,1.00,0.00,0.00,0.00,0.00,0.00,0.00,0.00,0.00,0.00,0.00,0.00,0.00,0.00,3679.97,3679.93,3676.45,3679.64,3679.77,0.512,6.79,29.62,64.34,51.50,2.94,3.36,-0.42,3677.67,3687.93,5589,2321,85.7,14.3,4,1,CROSS=EMA9>EMA21;TREND=1;STRUCT=1;VOL=1;COOL=1;EMA50=1;VWAP=1;BIAS=1,0.00,0.00,27479.84,27479.84,outside the killzone window
337,2025.09.17 21:45:00,2025.09.18 00:15:00,SKIP,XAUUSD,M15,90,FLAT,NA,DAY,0,0.00,0.00,0.00,0.00,1.00,0.00,0.00,0.00,0.00,0.00,0.00,0.00,0.00,0.00,0.00,0.00,0.00,0.00,3679.41,3679.65,3676.38,3680.06,3679.98,0.367,8.92,25.89,29.31,29.80,0.68,2.86,-2.18,3677.60,3663.55,5842,2573,0.0,100.0,5,1,CROSS=EMA9>EMA21;TREND=1;STRUCT=1;VOL=1;COOL=1;EMA50=1;VWAP=1;BIAS=1,0.00,0.00,27479.84,27479.84,outside the killzone window
338,2025.09.19 17:30:00,2025.09.19 20:00:00,SKIP,XAUUSD,M15,90,FLAT,NA,EVENING,0,0.00,0.00,0.00,0.00,1.00,0.00,0.00,0.00,0.00,0.00,0.00,0.00,0.00,0.00,0.00,0.00,0.00,0.00,3653.17,3653.07,3656.77,3652.73,3652.85,-0.696,5.31,28.72,65.90,66.88,1.91,0.02,1.89,3651.32,3664.02,3166,1937,100.0,0.0,5,1,CROSS=EMA9>EMA21;TREND=1;STRUCT=1;VOL=1;COOL=1;EMA50=1;VWAP=1;BIAS=1,0.00,0.00,27479.84,27479.84,outside the killzone window
339,2025.09.22 01:00:00,2025.09.22 03:30:00,WEEK_SUMMARY,XAUUSD,M15,90,FLAT,NA,DAY,0,0.00,0.00,0.00,0.00,1.00,0.00,0.00,0.00,0.00,0.00,0.00,0.00,0.00,0.00,0.00,0.00,4.00,495.40,3669.30,3662.86,3661.34,3668.66,3662.41,0.598,2.53,47.00,72.73,65.60,5.57,6.07,-0.50,3658.14,3685.12,500,1476,71.4,14.3,8,1,CROSS=EMA9>EMA21;TREND=1;STRUCT=1;VOL=1;COOL=1;EMA50=1;VWAP=1;BIAS=1,0.00,0.00,27479.84,27479.84,days=2 trades=2 W=1 L=1 gross_profit=626.66 gross_loss=131.26 net=495.40 PF=4.77 pips=3630.0
340,2025.09.24 19:00:00,2025.09.24 21:30:00,SKIP,XAUUSD,M15,90,FLAT,NA,EVENING,0,0.00,0.00,0.00,0.00,1.00,0.00,0.00,0.00,0.00,0.00,0.00,0.00,0.00,0.00,0.00,0.00,0.00,0.00,3763.04,3763.12,3752.04,3763.94,3763.56,1.701,6.51,43.85,22.18,26.24,-5.41,-2.89,-2.52,3763.76,3741.14,2835,2627,0.0,100.0,4,1,CROSS=EMA9>EMA21;TREND=1;STRUCT=1;VOL=1;COOL=1;EMA50=1;VWAP=1;BIAS=1,0.00,0.00,27479.84,27479.84,outside the killzone window
341,2025.09.26 11:30:00,2025.09.26 14:00:00,SKIP,XAUUSD,M15,90,FLAT,NA,DAY,0,0.00,0.00,0.00,0.00,1.00,0.00,0.00,0.00,0.00,0.00,0.00,0.00,0.00,0.00,0.00,0.00,0.00,0.00,3745.37,3745.35,3745.49,3745.14,3745.23,-0.029,4.91,24.42,57.81,57.67,1.18,0.86,0.32,3744.75,3751.03,1594,1582,85.7,0.0,5,1,CROSS=EMA9>EMA21;TREND=1;STRUCT=1;VOL=1;COOL=1;EMA50=1;VWAP=1;BIAS=1,0.00,0.00,27479.84,27479.84,outside the killzone window
342,2025.10.01 01:00:00,2025.10.01 03:30:00,MONTH_SUMMARY,XAUUSD,M15,90,FLAT,NA,DAY,0,0.00,0.00,0.00,0.00,1.00,0.00,0.00,0.00,0.00,0.00,0.00,0.00,0.00,0.00,0.00,0.00,0.99,100.42,3841.54,3835.05,3819.83,3840.86,3834.58,3.415,4.45,49.46,65.73,61.79,5.89,5.43,0.46,3837.87,3858.28,950,1742,85.7,0.0,8,1,CROSS=EMA9>EMA21;TREND=1;STRUCT=1;VOL=1;COOL=1;EMA50=1;VWAP=1;BIAS=1,0.00,0.00,27479.84,27479.84,days=5 trades=5 W=1 L=4 gross_profit=626.66 gross_loss=526.24 net=100.42 PF=1.19 pips=794.0
343,2025.10.02 19:00:00,2025.10.02 21:30:00,SKIP,XAUUSD,M15,90,FLAT,NA,EVENING,0,0.00,0.00,0.00,0.00,1.00,0.00,0.00,0.00,0.00,0.00,0.00,0.00,0.00,0.00,0.00,0.00,0.00,0.00,3866.81,3867.06,3859.24,3868.38,3867.84,0.638,12.26,43.01,20.85,32.90,-11.50,-4.45,-7.05,3866.26,3828.44,3236,3115,0.0,100.0,5,1,CROSS=EMA9>EMA21;TREND=1;STRUCT=1;VOL=1;COOL=1;EMA50=1;VWAP=1;BIAS=1,0.00,0.00,27479.84,27479.84,outside the killzone window
344,2025.10.03 15:30:00,2025.10.03 18:00:00,SKIP,XAUUSD,M15,90,FLAT,NA,EVENING,0,0.00,0.00,0.00,0.00,1.00,0.00,0.00,0.00,0.00,0.00,0.00,0.00,0.00,0.00,0.00,0.00,0.00,0.00,3859.22,3859.21,3857.55,3859.04,3859.12,0.370,4.48,18.54,55.39,53.01,1.55,2.06,-0.51,3856.80,3863.61,1655,1468,57.1,28.6,5,1,CROSS=EMA9>EMA21;TREND=1;STRUCT=1;VOL=1;COOL=1;EMA50=1;VWAP=1;BIAS=1,0.00,0.00,27479.84,27479.84,already positioned that way
345,2025.10.09 20:00:00,2025.10.09 22:30:00,SKIP,XAUUSD,M15,90,FLAT,NA,EVENING,0,0.00,0.00,0.00,0.00,1.00,0.00,0.00,0.00,0.00,0.00,0.00,0.00,0.00,0.00,0.00,0.00,0.00,0.00,4025.96,4027.09,4014.37,4028.30,4028.27,0.771,16.50,28.90,25.44,19.33,-11.79,-6.63,-5.16,4025.86,3968.79,4898,3874,0.0,100.0,8,1,CROSS=EMA9>EMA21;TREND=1;STRUCT=1;VOL=1;COOL=1;EMA50=1;VWAP=1;BIAS=1,0.00,0.00,27479.84,27479.84,outside the killzone window
346,2025.10.10 23:15:00,2025.10.11 01:45:00,SKIP,XAUUSD,M15,90,FLAT,NA,DAY,0,0.00,0.00,0.00,0.00,1.00,0.00,0.00,0.00,0.00,0.00,0.00,0.00,0.00,0.00,0.00,0.00,0.00,0.00,3993.46,3993.22,3995.69,3992.95,3992.96,-0.250,9.86,33.58,56.35,52.15,5.00,2.76,2.24,3986.34,4006.02,2110,3760,85.7,0.0,5,1,CROSS=EMA9>EMA21;TREND=1;STRUCT=1;VOL=1;COOL=1;EMA50=1;VWAP=1;BIAS=1,0.00,0.00,27479.84,27479.84,outside the killzone window
347,2025.10.17 19:15:00,2025.10.17 21:45:00,SKIP,XAUUSD,M15,90,FLAT,NA,EVENING,0,0.00,0.00,0.00,0.00,1.00,0.00,0.00,0.00,0.00,0.00,0.00,0.00,0.00,0.00,0.00,0.00,0.00,0.00,4300.21,4300.45,4271.14,4302.92,4301.79,1.186,24.72,47.36,35.04,40.40,-24.19,-22.98,-1.22,4322.36,4233.99,4227,4405,0.0,85.7,5,1,CROSS=EMA9>EMA21;TREND=1;STRUCT=1;VOL=1;COOL=1;EMA50=1;VWAP=1;BIAS=1,0.00,0.00,27479.84,27479.84,outside the killzone window
348,2025.10.20 16:30:00,2025.10.20 19:00:00,SKIP,XAUUSD,M15,90,FLAT,NA,EVENING,0,0.00,0.00,0.00,0.00,1.00,0.00,0.00,0.00,0.00,0.00,0.00,0.00,0.00,0.00,0.00,0.00,0.00,0.00,4268.37,4267.92,4262.71,4266.26,4266.87,0.433,12.04,43.34,77.86,69.67,16.51,8.21,8.30,4260.52,4319.99,3585,2860,100.0,0.0,5,1,CROSS=EMA9>EMA21;TREND=1;STRUCT=1;VOL=1;COOL=1;EMA50=1;VWAP=1;BIAS=1,0.00,0.00,27479.84,27479.84,already positioned that way
349,2025.10.21 13:15:00,2025.10.21 15:45:00,ENTRY,XAUUSD,M15,92,SELL,FULLTGT,DAY,0,4259.94,4294.62,4294.62,34.68,1.00,34.68,4225.26,4190.58,4155.90,4121.22,4086.54,0.03,0.03,0.03,4259.94,0.00,0.00,0.00,4314.44,4315.15,4300.80,4316.67,4316.27,0.828,17.34,48.57,32.94,37.10,-21.02,-19.55,-1.47,4324.32,4260.04,3014,3388,0.0,85.7,8,1,CROSS=EMA9<EMA21;TREND=1;STRUCT=1;VOL=1;COOL=1;EMA50=1;VWAP=1;BIAS=1,0.00,0.00,27479.73,27479.49,KZ=NY; KZR=Asia H @ 4379.19 57 bars ago (high taken); DAY 12AM-4PM IST session: stop x1.00 of usual; no partials; full size to TP5; SL steps BE->TP1->TP2->TP3
350,2025.10.21 15:10:41,2025.10.21 17:40:41,TP1_REACHED,XAUUSD,M15,92,SELL,FULLTGT,EVENING,0,4259.94,4294.62,4294.62,34.68,1.00,34.68,4225.26,4190.58,4155.90,4121.22,4086.54,0.03,0.00,0.03,4225.26,1.00,1.00,0.00,4301.18,4307.98,4298.06,4303.13,4309.08,0.779,12.73,45.05,35.18,38.55,-17.54,-19.49,1.95,4315.77,4253.32,3103,3375,14.3,71.4,9,1,CROSS=EMA9<EMA21;TREND=1;STRUCT=1;VOL=1;COOL=1;EMA50=1;VWAP=1;BIAS=1,0.99,-0.36,27479.73,27584.01,full target: no partial booked
351,2025.10.21 16:12:40,2025.10.21 18:42:40,TP2_REACHED,XAUUSD,M15,92,SELL,FULLTGT,EVENING,0,4259.94,4294.62,4294.62,34.68,1.00,34.68,4225.26,4190.58,4155.90,4121.22,4086.54,0.03,0.00,0.03,4190.58,2.00,2.00,0.00,4289.26,4301.27,4295.03,4292.45,4303.09,0.415,15.04,53.42,25.44,26.79,-23.20,-19.72,-3.47,4306.84,4211.14,4258,3487,0.0,100.0,9,1,CROSS=EMA9<EMA21;TREND=1;STRUCT=1;VOL=1;COOL=1;EMA50=1;VWAP=1;BIAS=1,2.00,-0.36,27479.73,27687.99,full target: no partial booked
352,2025.10.21 17:21:40,2025.10.21 19:51:40,TP3_REACHED,XAUUSD,M15,92,SELL,FULLTGT,EVENING,0,4259.94,4294.62,4294.62,34.68,1.00,34.68,4225.26,4190.58,4155.90,4121.22,4086.54,0.03,0.00,0.03,4155.90,3.00,3.00,0.00,4271.56,4290.85,4290.00,4275.21,4293.05,0.041,20.59,58.58,26.02,31.27,-29.21,-24.42,-4.80,4292.27,4181.96,5294,3744,14.3,85.7,10,1,CROSS=EMA9<EMA21;TREND=1;STRUCT=1;VOL=1;COOL=1;EMA50=1;VWAP=1;BIAS=1,3.00,-0.36,27479.73,27791.85,full target: no partial booked
353,2025.10.21 17:38:46,2025.10.21 20:08:46,TP4_REACHED,XAUUSD,M15,92,SELL,FULLTGT,EVENING,0,4259.94,4294.62,4294.62,34.68,1.00,34.68,4225.26,4190.58,4155.90,4121.22,4086.54,0.03,0.00,0.03,4121.22,4.00,4.00,0.00,4266.27,4287.80,4288.48,4271.56,4290.85,-0.028,23.68,59.99,19.28,23.19,-33.13,-25.94,-7.19,4288.57,4136.82,5298,3851,0.0,100.0,5,1,CROSS=EMA9<EMA21;TREND=1;STRUCT=1;VOL=1;COOL=1;EMA50=1;VWAP=1;BIAS=1,4.00,-0.36,27479.73,27896.19,full target: no partial booked
354,2025.10.21 17:45:39,2025.10.21 20:15:39,TP5_EXIT,XAUUSD,M15,92,SELL,FULLTGT,EVENING,0,4259.94,4294.62,4294.62,34.68,1.00,34.68,4225.26,4190.58,4155.90,4121.22,4086.54,0.03,0.03,0.00,4086.37,5.00,5.00,0.00,4259.83,4284.12,4286.62,4266.27,4287.80,-0.099,25.26,62.19,15.86,17.65,-38.61,-27.96,-10.65,4283.83,4101.88,5631,3991,0.0,100.0,10,1,CROSS=EMA9<EMA21;TREND=1;STRUCT=1;VOL=1;COOL=1;EMA50=1;VWAP=1;BIAS=1,5.00,-0.36,28000.33,28000.33,full target reached; closed in full
355,2025.10.21 17:45:40,2025.10.21 20:15:40,EXIT_TP,XAUUSD,M15,92,SELL,FULLTGT,EVENING,0,4259.94,4294.62,4294.62,34.68,1.00,34.68,4225.26,4190.58,4155.90,4121.22,4086.54,0.03,0.03,0.00,4086.37,0.00,5.00,520.49,4259.83,4284.12,4286.62,4266.27,4287.80,-0.099,25.26,62.19,15.86,17.65,-38.61,-27.96,-10.65,4283.83,4101.88,5631,3991,0.0,100.0,10,1,CROSS=EMA9<EMA21;TREND=1;STRUCT=1;VOL=1;COOL=1;EMA50=1;VWAP=1;BIAS=1,5.00,-0.36,28000.33,28000.33,TP5 exit
356,2025.10.22 01:00:00,2025.10.22 03:30:00,DAY_SUMMARY,XAUUSD,M15,92,FLAT,NA,DAY,0,0.00,0.00,0.00,0.00,1.00,0.00,0.00,0.00,0.00,0.00,0.00,0.00,0.00,0.00,0.00,0.00,5.00,520.49,4170.63,4219.26,4249.68,4172.49,4221.16,-2.650,11.48,30.94,44.76,56.44,-14.19,-21.34,7.15,4233.31,4124.90,1292,3437,28.6,57.1,8,1,CROSS=EMA9<EMA21;TREND=1;STRUCT=1;VOL=1;COOL=1;EMA50=1;VWAP=1;BIAS=1,0.00,0.00,28000.33,28000.33,2025.10.21 trades=1 W=1 L=0 gross_profit=520.49 gross_loss=0.00 net=520.49 PF=0.00
357,2025.10.23 14:00:00,2025.10.23 16:30:00,ENTRY,XAUUSD,M15,94,BUY,FULLTGT,EVENING,0,4109.17,4085.18,4085.18,23.99,1.00,23.99,4133.16,4157.16,4181.15,4205.14,4229.13,0.05,0.05,0.05,4109.17,0.00,0.00,0.00,4101.75,4101.60,4129.24,4101.45,4101.45,-2.303,12.00,21.19,50.26,43.75,4.37,6.13,-1.77,4099.36,4109.13,3179,2893,42.9,42.9,5,1,CROSS=EMA9>EMA21;TREND=1;STRUCT=1;VOL=1;COOL=1;EMA50=1;VWAP=1;BIAS=1,0.00,0.00,28000.15,27999.90,KZ=NY; KZR=NY L @ 4015.21 80 bars ago (low taken); EVENING 4PM-12AM IST session: stop x1.00 of usual; no partials; full size to TP5; SL steps BE->TP1->TP2->TP3
358,2025.10.23 16:06:30,2025.10.23 18:36:30,TP1_REACHED,XAUUSD,M15,94,BUY,FULLTGT,EVENING,0,4109.17,4085.18,4085.18,23.99,1.00,23.99,4133.16,4157.16,4181.15,4205.14,4229.13,0.05,0.00,0.05,4133.16,1.00,1.00,0.00,4105.25,4103.49,4128.09,4104.34,4103.01,-2.160,11.39,18.53,60.95,63.15,3.25,3.19,0.06,4101.58,4127.33,3034,2716,85.7,0.0,10,1,CROSS=EMA9>EMA21;TREND=1;STRUCT=1;VOL=1;COOL=1;EMA50=1;VWAP=1;BIAS=1,1.00,-0.38,28000.15,28120.15,full target: no partial booked
359,2025.10.24 09:10:38,2025.10.24 11:40:38,EXIT_SL,XAUUSD,M15,94,BUY,FULLTGT,DAY,0,4109.17,4085.18,4085.18,23.99,1.00,23.99,4133.16,4157.16,4181.15,4205.14,4229.13,0.05,0.05,0.00,4085.17,0.00,-1.00,-123.52,4119.17,4117.92,4126.77,4119.76,4118.19,-1.157,7.65,18.12,39.78,28.16,-4.11,-3.36,-0.75,4119.28,4104.63,1909,2057,14.3,57.1,9,1,CROSS=EMA9>EMA21;TREND=1;STRUCT=1;VOL=1;COOL=1;EMA50=1;VWAP=1;BIAS=1,1.90,-1.00,27876.81,27876.81,stopped at the initial SL (x1.00 of usual)
360,2025.10.24 09:30:00,2025.10.24 12:00:00,SKIP,XAUUSD,M15,94,FLAT,NA,DAY,0,0.00,0.00,0.00,0.00,1.00,0.00,0.00,0.00,0.00,0.00,0.00,0.00,0.00,0.00,0.00,0.00,0.00,0.00,4116.67,4116.69,4125.97,4117.77,4117.24,-1.031,9.00,22.70,34.70,35.59,-7.09,-4.30,-2.79,4116.11,4089.73,3314,2105,14.3,71.4,5,1,CROSS=EMA9>EMA21;TREND=1;STRUCT=1;VOL=1;COOL=1;EMA50=1;VWAP=1;BIAS=1,0.00,0.00,27876.81,27876.81,outside the killzone window
361,2025.10.24 20:30:00,2025.10.24 23:00:00,SKIP,XAUUSD,M15,94,FLAT,NA,EVENING,0,0.00,0.00,0.00,0.00,1.00,0.00,0.00,0.00,0.00,0.00,0.00,0.00,0.00,0.00,0.00,0.00,0.00,0.00,4105.25,4105.19,4114.64,4104.60,4104.87,-0.761,12.42,27.02,56.39,41.73,11.45,13.18,-1.74,4100.93,4120.97,2949,3538,57.1,28.6,11,1,CROSS=EMA9>EMA21;TREND=1;STRUCT=1;VOL=1;COOL=1;EMA50=1;VWAP=1;BIAS=1,0.00,0.00,27876.81,27876.81,outside the killzone window
362,2025.10.27 01:00:00,2025.10.27 03:30:00,DAY_SUMMARY,XAUUSD,M15,94,FLAT,NA,DAY,0,0.00,0.00,0.00,0.00,1.00,0.00,0.00,0.00,0.00,0.00,0.00,0.00,0.00,0.00,0.00,0.00,-1.00,-123.52,4106.33,4105.84,4113.75,4106.09,4105.71,-1.002,7.90,27.55,52.73,58.17,-0.18,1.22,-1.39,4101.94,4112.26,459,2239,71.4,14.3,8,1,CROSS=EMA9>EMA21;TREND=1;STRUCT=1;VOL=1;COOL=1;EMA50=1;VWAP=1;BIAS=1,0.00,0.00,27876.81,27876.81,2025.10.24 trades=1 W=0 L=1 gross_profit=0.00 gross_loss=123.52 net=-123.52 PF=0.00
363,2025.10.27 01:00:00,2025.10.27 03:30:00,WEEK_SUMMARY,XAUUSD,M15,94,FLAT,NA,DAY,0,0.00,0.00,0.00,0.00,1.00,0.00,0.00,0.00,0.00,0.00,0.00,0.00,0.00,0.00,0.00,0.00,4.00,396.97,4106.33,4105.84,4113.75,4106.09,4105.71,-1.002,7.90,27.55,52.73,58.17,-0.18,1.22,-1.39,4101.94,4112.26,459,2239,71.4,14.3,8,1,CROSS=EMA9>EMA21;TREND=1;STRUCT=1;VOL=1;COOL=1;EMA50=1;VWAP=1;BIAS=1,0.00,0.00,27876.81,27876.81,days=2 trades=2 W=1 L=1 gross_profit=520.49 gross_loss=123.52 net=396.97 PF=4.21 pips=14957.0
364,2025.10.27 01:45:00,2025.10.27 04:15:00,ENTRY,XAUUSD,M15,96,SELL,FULLTGT,DAY,0,4080.66,4104.41,4104.41,23.75,1.00,23.75,4056.91,4033.16,4009.41,3985.66,3961.91,0.05,0.05,0.05,4080.66,0.00,0.00,0.00,4104.73,4105.05,4113.12,4105.72,4105.54,-0.680,11.87,25.49,33.12,35.67,-3.65,-0.40,-3.25,4092.13,4080.66,2371,2225,0.0,100.0,12,1,CROSS=EMA9<EMA21;TREND=1;STRUCT=1;VOL=1;COOL=1;EMA50=1;VWAP=1;BIAS=1,0.00,0.00,27876.63,27876.03,KZ=ASIA; KZR=NY L @ 4015.21 415 bars ago (low taken); DAY 12AM-4PM IST session: stop x1.00 of usual; no partials; full size to TP5; SL steps BE->TP1->TP2->TP3
365,2025.10.27 07:05:30,2025.10.27 09:35:30,TP1_REACHED,XAUUSD,M15,96,SELL,FULLTGT,DAY,0,4080.66,4104.41,4104.41,23.75,1.00,23.75,4056.91,4033.16,4009.41,3985.66,3961.91,0.05,0.00,0.05,4056.91,1.00,1.00,0.00,4089.18,4095.56,4106.35,4089.98,4096.08,-1.046,10.31,24.99,39.93,32.31,-5.41,-5.61,0.20,4079.80,4069.52,1833,2442,14.3,57.1,11,1,CROSS=EMA9<EMA21;TREND=1;STRUCT=1;VOL=1;COOL=1;EMA50=1;VWAP=1;BIAS=1,1.00,-0.72,27876.63,27995.53,full target: no partial booked
366,2025.10.27 11:55:28,2025.10.27 14:25:28,TP2_REACHED,XAUUSD,M15,96,SELL,FULLTGT,DAY,0,4080.66,4104.41,4104.41,23.75,1.00,23.75,4056.91,4033.16,4009.41,3985.66,3961.91,0.05,0.00,0.05,4033.16,2.00,2.00,0.00,4079.33,4087.76,4100.22,4080.17,4088.34,-1.678,7.43,40.56,35.69,18.67,-4.49,-2.51,-1.97,4075.92,4058.93,2590,2350,14.3,85.7,12,1,CROSS=EMA9<EMA21;TREND=1;STRUCT=1;VOL=1;COOL=1;EMA50=1;VWAP=1;BIAS=1,2.00,-0.72,27876.63,28114.83,full target: no partial booked
367,2025.10.27 17:03:38,2025.10.27 19:33:38,TP3_REACHED,XAUUSD,M15,96,SELL,FULLTGT,EVENING,0,4080.66,4104.41,4104.41,23.75,1.00,23.75,4056.91,4033.16,4009.41,3985.66,3961.91,0.05,0.00,0.05,4009.41,3.00,3.00,0.00,4053.62,4069.49,4087.81,4054.90,4070.44,-1.432,12.80,34.80,35.38,38.27,-8.18,-9.34,1.16,4059.96,4022.13,4544,3152,14.3,85.7,9,1,CROSS=EMA9<EMA21;TREND=1;STRUCT=1;VOL=1;COOL=1;EMA50=1;VWAP=1;BIAS=1,3.00,-0.72,27876.63,28233.18,full target: no partial booked
368,2025.10.27 17:37:32,2025.10.27 20:07:32,TP4_REACHED,XAUUSD,M15,96,SELL,FULLTGT,EVENING,0,4080.66,4104.41,4104.41,23.75,1.00,23.75,4056.91,4033.16,4009.41,3985.66,3961.91,0.05,0.00,0.05,3985.66,4.00,4.00,0.00,4049.64,4066.84,4086.11,4051.71,4068.21,-1.354,14.23,38.78,26.21,28.96,-11.47,-9.06,-2.41,4056.89,3998.99,4943,3305,0.0,100.0,5,1,CROSS=EMA9<EMA21;TREND=1;STRUCT=1;VOL=1;COOL=1;EMA50=1;VWAP=1;BIAS=1,4.00,-0.72,27876.63,28351.98,full target: no partial booked
369,2025.10.28 08:35:37,2025.10.28 11:05:37,TP5_EXIT,XAUUSD,M15,96,SELL,FULLTGT,DAY,0,4080.66,4104.41,4104.41,23.75,1.00,23.75,4056.91,4033.16,4009.41,3985.66,3961.91,0.05,0.05,0.00,3961.86,5.00,5.00,0.00,3997.54,4016.77,4046.18,3998.45,4017.61,-2.805,10.49,26.89,40.09,32.64,-6.22,-3.86,-2.36,3992.96,3975.42,2111,2486,0.0,85.7,12,1,CROSS=EMA9<EMA21;TREND=1;STRUCT=1;VOL=1;COOL=1;EMA50=1;VWAP=1;BIAS=1,5.00,-0.72,28472.68,28472.68,full target reached; closed in full
370,2025.10.28 08:35:38,2025.10.28 11:05:38,EXIT_TP,XAUUSD,M15,96,SELL,FULLTGT,DAY,0,4080.66,4104.41,4104.41,23.75,1.00,23.75,4056.91,4033.16,4009.41,3985.66,3961.91,0.05,0.05,0.00,3961.86,0.00,5.00,595.87,3997.54,4016.77,4046.18,3998.45,4017.61,-2.805,10.49,26.89,40.09,32.64,-6.22,-3.86,-2.36,3992.96,3975.42,2111,2486,0.0,85.7,12,1,CROSS=EMA9<EMA21;TREND=1;STRUCT=1;VOL=1;COOL=1;EMA50=1;VWAP=1;BIAS=1,5.00,-0.72,28472.68,28472.68,TP5 exit
371,2025.10.29 01:00:00,2025.10.29 03:30:00,DAY_SUMMARY,XAUUSD,M15,96,FLAT,NA,DAY,0,0.00,0.00,0.00,0.00,1.00,0.00,0.00,0.00,0.00,0.00,0.00,0.00,0.00,0.00,0.00,0.00,5.00,595.87,3952.08,3964.92,3997.86,3952.06,3965.17,-4.225,7.80,19.76,49.63,45.29,2.02,3.68,-1.66,3952.56,3952.66,849,2351,14.3,57.1,9,1,CROSS=EMA9<EMA21;TREND=1;STRUCT=1;VOL=1;COOL=1;EMA50=1;VWAP=1;BIAS=1,0.00,0.00,28472.68,28472.68,2025.10.28 trades=1 W=1 L=0 gross_profit=595.87 gross_loss=0.00 net=595.87 PF=0.00
372,2025.10.29 11:15:00,2025.10.29 13:45:00,SKIP,XAUUSD,M15,96,FLAT,NA,DAY,0,0.00,0.00,0.00,0.00,1.00,0.00,0.00,0.00,0.00,0.00,0.00,0.00,0.00,0.00,0.00,0.00,0.00,0.00,3967.87,3967.21,3987.72,3966.26,3966.40,-2.039,10.06,46.55,72.38,74.50,10.53,5.37,5.16,3967.82,4007.22,3223,2500,100.0,0.0,8,1,CROSS=EMA9<EMA21;TREND=1;STRUCT=1;VOL=1;COOL=1;EMA50=1;VWAP=1;BIAS=1,0.00,0.00,28472.68,28472.68,outside the killzone window
373,2025.10.29 23:45:00,2025.10.30 02:15:00,SKIP,XAUUSD,M15,96,FLAT,NA,DAY,0,0.00,0.00,0.00,0.00,1.00,0.00,0.00,0.00,0.00,0.00,0.00,0.00,0.00,0.00,0.00,0.00,0.00,0.00,3983.16,3983.30,3991.05,3985.07,3984.25,-0.385,20.10,55.63,33.46,38.21,-17.05,-13.37,-3.67,3986.21,3936.42,1691,3425,0.0,85.7,40,1,CROSS=EMA9<EMA21;TREND=1;STRUCT=1;VOL=1;COOL=1;EMA50=1;VWAP=1;BIAS=1,0.00,0.00,28472.68,28472.68,outside the killzone window
374,2025.10.30 14:00:00,2025.10.30 16:30:00,ENTRY,XAUUSD,M15,98,BUY,FULLTGT,EVENING,0,3984.30,3962.10,3962.10,22.20,1.00,22.20,4006.50,4028.70,4050.90,4073.10,4095.30,0.06,0.06,0.06,3984.30,0.00,0.00,0.00,3971.22,3971.01,3979.05,3970.69,3970.74,-0.724,11.10,25.35,54.87,46.42,8.91,9.75,-0.85,3961.13,3984.18,2514,3099,57.1,28.6,9,1,CROSS=EMA9>EMA21;TREND=1;STRUCT=1;VOL=1;COOL=1;EMA50=1;VWAP=1;BIAS=1,0.00,0.00,28472.47,28471.93,KZ=NY; KZR=Asia L @ 3933.94 61 bars ago (low taken); EVENING 4PM-12AM IST session: stop x1.00 of usual; no partials; full size to TP5; SL steps BE->TP1->TP2->TP3
375,2025.10.30 15:58:39,2025.10.30 18:28:39,EXIT_SL,XAUUSD,M15,98,BUY,FULLTGT,EVENING,0,3984.30,3962.10,3962.10,22.20,1.00,22.20,4006.50,4028.70,4050.90,4073.10,4095.30,0.06,0.06,0.00,3962.08,0.00,-1.00,-133.74,3972.05,3971.48,3978.74,3971.84,3971.36,-0.666,10.91,26.53,50.72,44.78,2.24,5.34,-3.10,3962.82,3977.14,3631,3032,71.4,28.6,1,1,CROSS=EMA9>EMA21;TREND=1;STRUCT=1;VOL=1;COOL=1;EMA50=1;VWAP=1;BIAS=1,0.06,-1.00,28338.94,28338.94,stopped at the initial SL (x1.00 of usual)
376,2025.10.31 01:00:00,2025.10.31 03:30:00,DAY_SUMMARY,XAUUSD,M15,98,FLAT,NA,DAY,0,0.00,0.00,0.00,0.00,1.00,0.00,0.00,0.00,0.00,0.00,0.00,0.00,0.00,0.00,0.00,0.00,-1.00,-133.74,3998.82,3988.22,3986.08,3997.79,3987.49,0.277,7.73,34.22,62.44,59.03,8.45,8.64,-0.19,3976.61,4024.28,1076,2472,71.4,14.3,8,1,CROSS=EMA9>EMA21;TREND=1;STRUCT=1;VOL=1;COOL=1;EMA50=1;VWAP=1;BIAS=1,0.00,0.00,28338.94,28338.94,2025.10.30 trades=1 W=0 L=1 gross_profit=0.00 gross_loss=133.74 net=-133.74 PF=0.00
377,2025.11.03 01:00:00,2025.11.03 03:30:00,WEEK_SUMMARY,XAUUSD,M15,98,FLAT,NA,DAY,0,0.00,0.00,0.00,0.00,1.00,0.00,0.00,0.00,0.00,0.00,0.00,0.00,0.00,0.00,0.00,0.00,4.00,462.13,4005.17,4004.75,4000.10,4005.29,4004.80,0.623,7.46,21.31,49.50,52.58,-1.43,-2.42,0.99,4011.10,4002.19,755,2652,42.9,28.6,5,1,CROSS=EMA9>EMA21;TREND=1;STRUCT=1;VOL=1;COOL=1;EMA50=1;VWAP=1;BIAS=1,0.00,0.00,28338.94,28338.94,days=2 trades=2 W=1 L=1 gross_profit=595.87 gross_loss=133.74 net=462.13 PF=4.46 pips=9658.0
378,2025.11.03 01:00:00,2025.11.03 03:30:00,MONTH_SUMMARY,XAUUSD,M15,98,FLAT,NA,DAY,0,0.00,0.00,0.00,0.00,1.00,0.00,0.00,0.00,0.00,0.00,0.00,0.00,0.00,0.00,0.00,0.00,8.01,859.10,4005.17,4004.75,4000.10,4005.29,4004.80,0.623,7.46,21.31,49.50,52.58,-1.43,-2.42,0.99,4011.10,4002.19,755,2652,42.9,28.6,5,1,CROSS=EMA9>EMA21;TREND=1;STRUCT=1;VOL=1;COOL=1;EMA50=1;VWAP=1;BIAS=1,0.00,0.00,28338.94,28338.94,days=4 trades=4 W=2 L=2 gross_profit=1116.36 gross_loss=257.26 net=859.10 PF=4.34 pips=24615.0
379,2025.11.03 01:45:00,2025.11.03 04:15:00,SKIP,XAUUSD,M15,98,FLAT,NA,DAY,0,0.00,0.00,0.00,0.00,1.00,0.00,0.00,0.00,0.00,0.00,0.00,0.00,0.00,0.00,0.00,0.00,0.00,0.00,4003.44,4003.89,3999.80,4004.43,4004.39,0.503,8.12,20.39,32.76,27.78,-3.49,-2.20,-1.29,3990.12,3979.22,2317,2330,0.0,71.4,5,1,CROSS=EMA9>EMA21;TREND=1;STRUCT=1;VOL=1;COOL=1;EMA50=1;VWAP=1;BIAS=1,0.00,0.00,28338.94,28338.94,outside the killzone window
380,2025.11.03 08:15:00,2025.11.03 10:45:00,SKIP,XAUUSD,M15,98,FLAT,NA,DAY,0,0.00,0.00,0.00,0.00,1.00,0.00,0.00,0.00,0.00,0.00,0.00,0.00,0.00,0.00,0.00,0.00,0.00,0.00,4002.53,4002.42,3999.70,4002.04,4002.17,0.390,6.99,26.58,62.19,60.54,4.85,4.09,0.76,3996.20,4014.72,2052,2260,85.7,0.0,5,1,CROSS=EMA9>EMA21;TREND=1;STRUCT=1;VOL=1;COOL=1;EMA50=1;VWAP=1;BIAS=1,0.00,0.00,28338.94,28338.94,outside the killzone window
381,2025.11.04 01:30:00,2025.11.04 04:00:00,SKIP,XAUUSD,M15,98,FLAT,NA,DAY,0,0.00,0.00,0.00,0.00,1.00,0.00,0.00,0.00,0.00,0.00,0.00,0.00,0.00,0.00,0.00,0.00,0.00,0.00,4006.00,4006.17,4003.79,4006.43,4006.38,0.335,7.11,33.84,41.48,40.23,-2.97,-1.21,-1.77,3992.94,3995.61,1763,1774,14.3,71.4,5,1,CROSS=EMA9>EMA21;TREND=1;STRUCT=1;VOL=1;COOL=1;EMA50=1;VWAP=1;BIAS=1,0.00,0.00,28338.94,28338.94,outside the killzone window
382,2025.11.05 16:45:00,2025.11.05 19:15:00,SKIP,XAUUSD,M15,98,FLAT,NA,EVENING,0,0.00,0.00,0.00,0.00,1.00,0.00,0.00,0.00,0.00,0.00,0.00,0.00,0.00,0.00,0.00,0.00,0.00,0.00,3967.28,3967.27,3974.38,3966.91,3967.09,-1.026,6.92,40.36,55.94,51.63,3.33,1.67,1.66,3961.58,3976.32,3762,2051,85.7,14.3,8,1,CROSS=EMA9>EMA21;TREND=1;STRUCT=1;VOL=1;COOL=1;EMA50=1;VWAP=1;BIAS=1,0.00,0.00,28338.94,28338.94,already positioned that way
383,2025.11.13 23:45:00,2025.11.14 02:15:00,SKIP,XAUUSD,M15,98,FLAT,NA,DAY,0,0.00,0.00,0.00,0.00,1.00,0.00,0.00,0.00,0.00,0.00,0.00,0.00,0.00,0.00,0.00,0.00,0.00,0.00,4192.25,4192.47,4173.86,4193.04,4192.87,1.471,12.65,19.28,44.04,52.44,-9.45,-12.51,3.06,4203.24,4172.85,1226,3142,28.6,42.9,40,1,CROSS=EMA9>EMA21;TREND=1;STRUCT=1;VOL=1;COOL=1;EMA50=1;VWAP=1;BIAS=1,0.00,0.00,28338.94,28338.94,outside the killzone window
384,2025.11.14 05:45:00,2025.11.14 08:15:00,SKIP,XAUUSD,M15,98,FLAT,NA,DAY,0,0.00,0.00,0.00,0.00,1.00,0.00,0.00,0.00,0.00,0.00,0.00,0.00,0.00,0.00,0.00,0.00,0.00,0.00,4192.15,4191.94,4176.83,4191.54,4191.63,1.896,7.97,46.25,63.43,63.04,6.44,2.80,3.64,4190.68,4207.22,1959,2370,85.7,0.0,7,1,CROSS=EMA9>EMA21;TREND=1;STRUCT=1;VOL=1;COOL=1;EMA50=1;VWAP=1;BIAS=1,0.00,0.00,28338.94,28338.94,already positioned that way
385,2025.11.14 09:00:00,2025.11.14 11:30:00,SKIP,XAUUSD,M15,98,FLAT,NA,DAY,0,0.00,0.00,0.00,0.00,1.00,0.00,0.00,0.00,0.00,0.00,0.00,0.00,0.00,0.00,0.00,0.00,0.00,0.00,4191.51,4191.77,4178.62,4192.17,4192.10,1.624,8.10,31.50,37.41,32.29,-2.22,1.58,-3.79,4190.71,4175.25,2899,2449,0.0,100.0,7,1,CROSS=EMA9>EMA21;TREND=1;STRUCT=1;VOL=1;COOL=1;EMA50=1;VWAP=1;BIAS=1,0.00,0.00,28338.94,28338.94,outside the killzone window
386,2025.11.18 20:30:00,2025.11.18 23:00:00,SKIP,XAUUSD,M15,98,FLAT,NA,EVENING,0,0.00,0.00,0.00,0.00,1.00,0.00,0.00,0.00,0.00,0.00,0.00,0.00,0.00,0.00,0.00,0.00,0.00,0.00,4051.73,4051.49,4068.55,4051.15,4051.20,-1.595,10.69,15.36,56.00,49.28,6.11,6.50,-0.40,4040.44,4065.87,2949,3514,42.9,28.6,7,1,CROSS=EMA9>EMA21;TREND=1;STRUCT=1;VOL=1;COOL=1;EMA50=1;VWAP=1;BIAS=1,0.00,0.00,28338.94,28338.94,outside the killzone window
387,2025.11.20 07:00:00,2025.11.20 09:30:00,ENTRY,XAUUSD,M15,100,SELL,FULLTGT,DAY,0,4075.68,4098.10,4098.10,22.42,1.00,22.42,4053.26,4030.84,4008.42,3986.00,3963.58,0.06,0.06,0.06,4075.68,0.00,0.00,0.00,4083.00,4083.08,4081.31,4083.30,4083.23,0.159,11.21,17.61,46.92,50.23,-3.38,-4.45,1.07,4082.14,4075.68,1636,2535,28.6,42.9,7,1,CROSS=EMA9<EMA21;TREND=1;STRUCT=1;VOL=1;COOL=1;EMA50=1;VWAP=1;BIAS=1,0.00,0.00,28338.73,28338.31,KZ=ASIA; KZR=Asia L @ 4004.90 183 bars ago (low taken); DAY 12AM-4PM IST session: stop x1.00 of usual; no partials; full size to TP5; SL steps BE->TP1->TP2->TP3
388,2025.11.20 10:03:39,2025.11.20 12:33:39,TP1_REACHED,XAUUSD,M15,100,SELL,FULLTGT,DAY,0,4075.68,4098.10,4098.10,22.42,1.00,22.42,4053.26,4030.84,4008.42,3986.00,3963.58,0.06,0.00,0.06,4053.26,1.00,1.00,0.00,4076.78,4079.62,4079.68,4077.46,4080.02,-0.007,9.03,22.38,40.23,40.72,-4.70,-4.12,-0.57,4077.26,4060.11,2384,2318,14.3,71.4,7,1,CROSS=EMA9<EMA21;TREND=1;STRUCT=1;VOL=1;COOL=1;EMA50=1;VWAP=1;BIAS=1,1.00,-0.09,28338.73,28473.61,full target: no partial booked
389,2025.11.20 16:49:26,2025.11.20 19:19:26,EXIT_SL,XAUUSD,M15,100,SELL,FULLTGT,EVENING,0,4075.68,4098.10,4098.10,22.42,1.00,22.42,4053.26,4030.84,4008.42,3986.00,3963.58,0.06,0.06,0.00,4098.20,0.00,-1.00,-135.54,4073.27,4075.55,4077.17,4072.63,4075.28,-0.129,12.52,27.70,62.67,57.18,5.04,3.66,1.37,4073.77,4088.91,4373,2682,85.7,14.3,5,1,CROSS=EMA9<EMA21;TREND=1;STRUCT=1;VOL=1;COOL=1;EMA50=1;VWAP=1;BIAS=1,1.64,-1.00,28203.40,28203.40,stopped at the initial SL (x1.00 of usual)
390,2025.11.21 01:00:00,2025.11.21 03:30:00,DAY_SUMMARY,XAUUSD,M15,100,FLAT,NA,DAY,0,0.00,0.00,0.00,0.00,1.00,0.00,0.00,0.00,0.00,0.00,0.00,0.00,0.00,0.00,0.00,0.00,-1.00,-135.54,4073.11,4074.30,4076.02,4072.94,4074.25,-0.226,7.60,18.65,53.58,50.63,2.12,1.90,0.22,4072.92,4077.20,501,3069,57.1,14.3,11,1,CROSS=EMA9<EMA21;TREND=1;STRUCT=1;VOL=1;COOL=1;EMA50=1;VWAP=1;BIAS=1,0.00,0.00,28203.40,28203.40,2025.11.20 trades=1 W=0 L=1 gross_profit=0.00 gross_loss=135.54 net=-135.54 PF=0.00
391,2025.11.21 19:45:00,2025.11.21 22:15:00,SKIP,XAUUSD,M15,100,FLAT,NA,EVENING,0,0.00,0.00,0.00,0.00,1.00,0.00,0.00,0.00,0.00,0.00,0.00,0.00,0.00,0.00,0.00,0.00,0.00,0.00,4063.64,4063.32,4067.17,4062.83,4062.92,-0.332,11.58,30.13,59.10,56.21,8.18,6.88,1.31,4059.11,4083.46,3259,3867,85.7,0.0,6,1,CROSS=EMA9<EMA21;TREND=1;STRUCT=1;VOL=1;COOL=1;EMA50=1;VWAP=1;BIAS=1,0.00,0.00,28203.40,28203.40,outside the killzone window
392,2025.11.24 01:00:00,2025.11.24 03:30:00,WEEK_SUMMARY,XAUUSD,M15,100,FLAT,NA,DAY,0,0.00,0.00,0.00,0.00,1.00,0.00,0.00,0.00,0.00,0.00,0.00,0.00,0.00,0.00,0.00,0.00,-1.00,-135.54,4068.83,4066.68,4068.45,4068.97,4066.71,-0.210,8.41,28.02,45.23,44.83,-1.84,1.75,-3.59,4062.11,4065.26,658,2707,28.6,57.1,8,1,CROSS=EMA9<EMA21;TREND=1;STRUCT=1;VOL=1;COOL=1;EMA50=1;VWAP=1;BIAS=1,0.00,0.00,28203.40,28203.40,days=1 trades=1 W=0 L=1 gross_profit=0.00 gross_loss=135.54 net=-135.54 PF=0.00 pips=-2252.0
393,2025.11.24 04:30:00,2025.11.24 07:00:00,SKIP,XAUUSD,M15,100,FLAT,NA,DAY,0,0.00,0.00,0.00,0.00,1.00,0.00,0.00,0.00,0.00,0.00,0.00,0.00,0.00,0.00,0.00,0.00,0.00,0.00,4064.71,4065.04,4067.39,4065.39,4065.39,-0.276,8.53,17.72,37.82,35.88,-6.33,-3.75,-2.58,4059.56,4048.04,1716,2032,0.0,71.4,7,1,CROSS=EMA9<EMA21;TREND=1;STRUCT=1;VOL=1;COOL=1;EMA50=1;VWAP=1;BIAS=1,0.00,0.00,28203.40,28203.40,already positioned that way
394,2025.11.24 14:00:00,2025.11.24 16:30:00,ENTRY,XAUUSD,M15,102,BUY,FULLTGT,EVENING,0,4070.12,4058.54,4058.54,11.58,1.00,11.58,4081.70,4093.28,4104.86,4116.45,4128.03,0.12,0.12,0.12,4070.12,0.00,0.00,0.00,4062.52,4062.43,4064.81,4062.21,4062.28,-0.410,5.79,33.74,57.98,54.48,3.54,3.99,-0.45,4058.22,4070.05,1641,1990,71.4,14.3,7,1,CROSS=EMA9>EMA21;TREND=1;STRUCT=1;VOL=1;COOL=1;EMA50=1;VWAP=1;BIAS=1,0.00,0.00,28202.98,28202.14,KZ=NY; KZR=NY L @ 4031.28 310 bars ago (low taken); EVENING 4PM-12AM IST session: stop x1.00 of usual; no partials; full size to TP5; SL steps BE->TP1->TP2->TP3
395,2025.11.24 14:47:41,2025.11.24 17:17:41,TP1_REACHED,XAUUSD,M15,102,BUY,FULLTGT,EVENING,0,4070.12,4058.54,4058.54,11.58,1.00,11.58,4081.70,4093.28,4104.86,4116.45,4128.03,0.12,0.00,0.12,4081.70,1.00,1.00,0.00,4063.72,4063.05,4065.05,4063.08,4062.72,-0.332,6.02,30.06,66.78,69.80,3.90,3.70,0.20,4058.96,4079.22,2207,1972,100.0,0.0,7,1,CROSS=EMA9>EMA21;TREND=1;STRUCT=1;VOL=1;COOL=1;EMA50=1;VWAP=1;BIAS=1,1.00,-0.37,28202.98,28342.06,full target: no partial booked
396,2025.11.24 17:14:40,2025.11.24 19:44:40,TP2_REACHED,XAUUSD,M15,102,BUY,FULLTGT,EVENING,0,4070.12,4058.54,4058.54,11.58,1.00,11.58,4081.70,4093.28,4104.86,4116.45,4128.03,0.12,0.00,0.12,4093.28,2.00,2.00,0.00,4068.12,4065.57,4066.19,4067.58,4065.25,-0.083,7.58,27.66,61.89,69.53,4.08,4.51,-0.43,4062.67,4081.40,4072,2345,85.7,14.3,7,1,CROSS=EMA9>EMA21;TREND=1;STRUCT=1;VOL=1;COOL=1;EMA50=1;VWAP=1;BIAS=1,2.00,-0.37,28202.98,28481.26,full target: no partial booked
397,2025.11.24 20:38:19,2025.11.24 23:08:19,TP3_REACHED,XAUUSD,M15,102,BUY,FULLTGT,EVENING,0,4070.12,4058.54,4058.54,11.58,1.00,11.58,4081.70,4093.28,4104.86,4116.45,4128.03,0.12,0.00,0.12,4104.86,3.00,3.00,0.00,4079.02,4072.39,4069.76,4078.34,4071.91,0.433,6.08,25.62,61.27,61.32,5.69,6.67,-0.98,4069.25,4095.72,2341,2900,71.4,14.3,7,1,CROSS=EMA9>EMA21;TREND=1;STRUCT=1;VOL=1;COOL=1;EMA50=1;VWAP=1;BIAS=1,3.00,-0.37,28202.98,28620.10,full target: no partial booked
398,2025.11.24 20:51:40,2025.11.24 23:21:40,TP4_REACHED,XAUUSD,M15,102,BUY,FULLTGT,EVENING,0,4070.12,4058.54,4058.54,11.58,1.00,11.58,4081.70,4093.28,4104.86,4116.45,4128.03,0.12,0.00,0.12,4116.45,4.00,4.00,0.00,4080.35,4073.19,4070.18,4079.02,4072.39,0.457,6.57,26.86,72.24,74.65,6.93,6.67,0.25,4069.89,4112.84,3047,2918,100.0,0.0,7,1,CROSS=EMA9>EMA21;TREND=1;STRUCT=1;VOL=1;COOL=1;EMA50=1;VWAP=1;BIAS=1,4.00,-0.37,28202.98,28759.06,full target: no partial booked
399,2025.11.24 22:31:27,2025.11.25 01:01:27,TP5_EXIT,XAUUSD,M15,102,BUY,FULLTGT,DAY,0,4070.12,4058.54,4058.54,11.58,1.00,11.58,4081.70,4093.28,4104.86,4116.45,4128.03,0.12,0.12,0.00,4128.05,5.00,5.00,0.00,4090.00,4079.28,4073.54,4088.58,4078.36,0.766,7.49,35.34,73.14,72.79,11.04,9.15,1.89,4073.90,4124.81,1956,2527,85.7,0.0,7,1,CROSS=EMA9>EMA21;TREND=1;STRUCT=1;VOL=1;COOL=1;EMA50=1;VWAP=1;BIAS=1,5.00,-0.37,28897.72,28897.72,full target reached; closed in full
400,2025.11.24 22:31:28,2025.11.25 01:01:28,EXIT_TP,XAUUSD,M15,102,BUY,FULLTGT,DAY,0,4070.12,4058.54,4058.54,11.58,1.00,11.58,4081.70,4093.28,4104.86,4116.45,4128.03,0.12,0.12,0.00,4128.05,0.00,5.00,694.32,4090.00,4079.28,4073.54,4088.58,4078.36,0.766,7.49,35.34,73.14,72.79,11.04,9.15,1.89,4073.90,4124.81,1956,2527,85.7,0.0,7,1,CROSS=EMA9>EMA21;TREND=1;STRUCT=1;VOL=1;COOL=1;EMA50=1;VWAP=1;BIAS=1,5.00,-0.37,28897.72,28897.72,TP5 exit
401,2025.11.25 01:00:00,2025.11.25 03:30:00,DAY_SUMMARY,XAUUSD,M15,102,FLAT,NA,DAY,0,0.00,0.00,0.00,0.00,1.00,0.00,0.00,0.00,0.00,0.00,0.00,0.00,0.00,0.00,0.00,0.00,5.00,694.32,4099.35,4085.44,4077.04,4097.91,4084.44,1.144,7.34,54.81,72.28,63.25,12.74,11.85,0.90,4076.49,4134.62,1132,2139,85.7,0.0,9,1,CROSS=EMA9>EMA21;TREND=1;STRUCT=1;VOL=1;COOL=1;EMA50=1;VWAP=1;BIAS=1,0.00,0.00,28897.72,28897.72,2025.11.24 trades=1 W=1 L=0 gross_profit=694.32 gross_loss=0.00 net=694.32 PF=0.00
402,2025.12.01 01:00:00,2025.12.01 03:30:00,WEEK_SUMMARY,XAUUSD,M15,102,FLAT,NA,DAY,0,0.00,0.00,0.00,0.00,1.00,0.00,0.00,0.00,0.00,0.00,0.00,0.00,0.00,0.00,0.00,0.00,5.00,694.32,4195.35,4184.35,4171.35,4194.37,4183.64,2.202,5.91,59.78,68.27,58.15,9.29,9.53,-0.24,4193.90,4219.51,1668,2647,71.4,14.3,8,1,CROSS=EMA9>EMA21;TREND=1;STRUCT=1;VOL=1;COOL=1;EMA50=1;VWAP=1;BIAS=1,0.00,0.00,28897.72,28897.72,days=1 trades=1 W=1 L=0 gross_profit=694.32 gross_loss=0.00 net=694.32 PF=0.00 pips=5793.0
403,2025.12.01 01:00:00,2025.12.01 03:30:00,MONTH_SUMMARY,XAUUSD,M15,102,FLAT,NA,DAY,0,0.00,0.00,0.00,0.00,1.00,0.00,0.00,0.00,0.00,0.00,0.00,0.00,0.00,0.00,0.00,0.00,4.00,558.78,4195.35,4184.35,4171.35,4194.37,4183.64,2.202,5.91,59.78,68.27,58.15,9.29,9.53,-0.24,4193.90,4219.51,1668,2647,71.4,14.3,8,1,CROSS=EMA9>EMA21;TREND=1;STRUCT=1;VOL=1;COOL=1;EMA50=1;VWAP=1;BIAS=1,0.00,0.00,28897.72,28897.72,days=2 trades=2 W=1 L=1 gross_profit=694.32 gross_loss=135.54 net=558.78 PF=5.12 pips=3541.0
404,2025.12.02 07:15:00,2025.12.02 09:45:00,ENTRY,XAUUSD,M15,104,SELL,FULLTGT,DAY,0,4219.25,4230.03,4230.03,10.78,1.00,10.78,4208.47,4197.68,4186.90,4176.11,4165.33,0.13,0.13,0.13,4219.25,0.00,0.00,0.00,4227.08,4227.22,4214.63,4227.40,4227.38,2.336,5.39,21.01,44.90,50.98,-3.22,-3.73,0.51,4219.95,4219.24,1829,2220,28.6,42.9,5,1,CROSS=EMA9<EMA21;TREND=1;STRUCT=1;VOL=1;COOL=1;EMA50=1;VWAP=1;BIAS=1,0.00,0.00,28897.26,28896.61,KZ=ASIA; KZR=Asia H @ 4256.36 76 bars ago (high taken); DAY 12AM-4PM IST session: stop x1.00 of usual; no partials; full size to TP5; SL steps BE->TP1->TP2->TP3
405,2025.12.02 08:26:15,2025.12.02 10:56:15,TP1_REACHED,XAUUSD,M15,104,SELL,FULLTGT,DAY,0,4219.25,4230.03,4230.03,10.78,1.00,10.78,4208.47,4197.68,4186.90,4176.11,4165.33,0.13,0.00,0.13,4208.47,1.00,1.00,0.00,4226.45,4226.88,4214.94,4226.56,4226.94,2.773,4.30,27.17,51.58,34.00,-1.52,-2.98,1.46,4220.29,4223.86,1750,2064,42.9,42.9,10,1,CROSS=EMA9<EMA21;TREND=1;STRUCT=1;VOL=1;COOL=1;EMA50=1;VWAP=1;BIAS=1,1.00,-0.66,28897.26,29037.53,full target: no partial booked
406,2025.12.02 11:26:15,2025.12.02 13:56:15,TP2_REACHED,XAUUSD,M15,104,SELL,FULLTGT,DAY,0,4219.25,4230.03,4230.03,10.78,1.00,10.78,4208.47,4197.68,4186.90,4176.11,4165.33,0.13,0.00,0.13,4197.68,2.00,2.00,0.00,4220.95,4223.71,4214.61,4221.48,4224.03,1.352,6.73,16.53,39.00,28.89,-3.15,-2.97,-0.19,4217.78,4207.94,2082,1992,0.0,85.7,10,1,CROSS=EMA9<EMA21;TREND=1;STRUCT=1;VOL=1;COOL=1;EMA50=1;VWAP=1;BIAS=1,2.00,-0.66,28897.26,29177.93,full target: no partial booked
407,2025.12.02 11:36:28,2025.12.02 14:06:28,TP3_REACHED,XAUUSD,M15,104,SELL,FULLTGT,DAY,0,4219.25,4230.03,4230.03,10.78,1.00,10.78,4208.47,4197.68,4186.90,4176.11,4165.33,0.13,0.00,0.13,4186.90,3.00,3.00,0.00,4219.91,4223.13,4214.41,4220.95,4223.71,1.160,7.52,20.22,28.99,23.02,-4.39,-3.09,-1.30,4217.19,4194.59,2710,2056,0.0,85.7,7,1,CROSS=EMA9<EMA21;TREND=1;STRUCT=1;VOL=1;COOL=1;EMA50=1;VWAP=1;BIAS=1,2.99,-0.66,28897.26,29318.07,full target: no partial booked
408,2025.12.02 16:26:35,2025.12.02 18:56:35,EXIT_SL,XAUUSD,M15,104,SELL,FULLTGT,EVENING,0,4219.25,4230.03,4230.03,10.78,1.00,10.78,4208.47,4197.68,4186.90,4176.11,4165.33,0.13,0.13,0.00,4230.03,0.00,-1.00,-141.06,4210.13,4215.99,4211.93,4209.58,4215.84,0.543,7.48,39.13,68.05,76.45,1.27,-1.94,3.21,4211.63,4223.50,3555,2246,85.7,14.3,10,1,CROSS=EMA9<EMA21;TREND=1;STRUCT=1;VOL=1;COOL=1;EMA50=1;VWAP=1;BIAS=1,3.53,-1.00,28756.66,28756.66,stopped at the initial SL (x1.00 of usual)
409,2025.12.03 01:00:00,2025.12.03 03:30:00,DAY_SUMMARY,XAUUSD,M15,104,FLAT,NA,DAY,0,0.00,0.00,0.00,0.00,1.00,0.00,0.00,0.00,0.00,0.00,0.00,0.00,0.00,0.00,0.00,0.00,-1.00,-141.06,4201.72,4207.48,4208.02,4201.56,4207.52,-0.096,5.69,35.04,56.24,50.96,3.23,1.24,1.99,4205.31,4205.64,835,2221,71.4,14.3,8,1,CROSS=EMA9<EMA21;TREND=1;STRUCT=1;VOL=1;COOL=1;EMA50=1;VWAP=1;BIAS=1,0.00,0.00,28756.66,28756.66,2025.12.02 trades=1 W=0 L=1 gross_profit=0.00 gross_loss=141.06 net=-141.06 PF=0.00
410,2025.12.03 06:15:00,2025.12.03 08:45:00,ENTRY,XAUUSD,M15,106,BUY,FULLTGT,DAY,0,4220.42,4208.40,4208.40,12.02,1.00,12.02,4232.44,4244.46,4256.48,4268.50,4280.52,0.11,0.11,0.11,4220.42,0.00,0.00,0.00,4211.02,4210.89,4209.74,4210.64,4210.70,0.191,6.01,25.47,57.62,47.40,5.04,5.59,-0.55,4217.18,4220.37,1710,2211,57.1,28.6,5,1,CROSS=EMA9>EMA21;TREND=1;STRUCT=1;VOL=1;COOL=1;EMA50=1;VWAP=1;BIAS=1,0.00,0.00,28756.27,28755.72,KZ=ASIA; KZR=Asia H @ 4256.36 168 bars ago (high taken); DAY 12AM-4PM IST session: stop x1.00 of usual; no partials; full size to TP5; SL steps BE->TP1->TP2->TP3
411,2025.12.03 07:42:38,2025.12.03 10:12:38,EXIT_SL,XAUUSD,M15,106,BUY,FULLTGT,DAY,0,4220.42,4208.40,4208.40,12.02,1.00,12.02,4232.44,4244.46,4256.48,4268.50,4280.52,0.11,0.11,0.00,4208.37,0.00,-1.00,-133.33,4213.01,4211.95,4210.34,4212.71,4211.78,0.328,4.91,18.04,55.12,26.53,3.70,4.92,-1.22,4217.91,4220.28,2081,2214,42.9,28.6,5,1,CROSS=EMA9>EMA21;TREND=1;STRUCT=1;VOL=1;COOL=1;EMA50=1;VWAP=1;BIAS=1,0.41,-1.00,28623.33,28623.33,stopped at the initial SL (x1.00 of usual)
412,2025.12.03 10:00:00,2025.12.03 12:30:00,SKIP,XAUUSD,M15,106,FLAT,NA,DAY,0,0.00,0.00,0.00,0.00,1.00,0.00,0.00,0.00,0.00,0.00,0.00,0.00,0.00,0.00,0.00,0.00,0.00,0.00,4210.94,4211.01,4210.00,4211.12,4211.10,0.187,5.41,36.00,41.68,45.10,-2.49,-1.03,-1.46,4214.43,4206.42,2144,2255,0.0,85.7,5,1,CROSS=EMA9>EMA21;TREND=1;STRUCT=1;VOL=1;COOL=1;EMA50=1;VWAP=1;BIAS=1,0.00,0.00,28623.33,28623.33,outside the killzone window
413,2025.12.03 16:00:00,2025.12.03 18:30:00,SKIP,XAUUSD,M15,106,FLAT,NA,EVENING,0,0.00,0.00,0.00,0.00,1.00,0.00,0.00,0.00,0.00,0.00,0.00,0.00,0.00,0.00,0.00,0.00,0.00,0.00,4210.13,4210.12,4209.62,4209.02,4209.57,0.077,6.45,50.22,76.17,83.22,4.43,0.61,3.82,4211.84,4237.30,3452,2606,100.0,0.0,11,1,CROSS=EMA9>EMA21;TREND=1;STRUCT=1;VOL=1;COOL=1;EMA50=1;VWAP=1;BIAS=1,0.00,0.00,28623.33,28623.33,already positioned that way
414,2025.12.03 21:30:00,2025.12.04 00:00:00,SKIP,XAUUSD,M15,106,FLAT,NA,DAY,0,0.00,0.00,0.00,0.00,1.00,0.00,0.00,0.00,0.00,0.00,0.00,0.00,0.00,0.00,0.00,0.00,0.00,0.00,4210.88,4210.92,4210.26,4211.07,4211.02,0.075,8.85,24.59,46.96,50.66,-3.24,-1.73,-1.51,4212.94,4206.10,2608,3532,14.3,57.1,5,1,CROSS=EMA9>EMA21;TREND=1;STRUCT=1;VOL=1;COOL=1;EMA50=1;VWAP=1;BIAS=1,0.00,0.00,28623.33,28623.33,outside the killzone window
415,2025.12.04 01:00:00,2025.12.04 03:30:00,DAY_SUMMARY,XAUUSD,M15,106,FLAT,NA,DAY,0,0.00,0.00,0.00,0.00,1.00,0.00,0.00,0.00,0.00,0.00,0.00,0.00,0.00,0.00,0.00,0.00,-1.00,-133.33,4209.98,4210.43,4210.07,4210.26,4210.58,0.072,5.01,17.03,44.19,38.14,-1.46,-1.63,0.17,4212.59,4202.98,801,2426,14.3,57.1,8,1,CROSS=EMA9>EMA21;TREND=1;STRUCT=1;VOL=1;COOL=1;EMA50=1;VWAP=1;BIAS=1,0.00,0.00,28623.33,28623.33,2025.12.03 trades=1 W=0 L=1 gross_profit=0.00 gross_loss=133.33 net=-133.33 PF=0.00
416,2025.12.04 20:15:00,2025.12.04 22:45:00,SKIP,XAUUSD,M15,106,FLAT,NA,EVENING,0,0.00,0.00,0.00,0.00,1.00,0.00,0.00,0.00,0.00,0.00,0.00,0.00,0.00,0.00,0.00,0.00,0.00,0.00,4203.39,4203.21,4204.97,4202.97,4202.99,-0.242,7.30,31.42,58.74,53.23,4.56,4.24,0.32,4199.57,4213.81,2866,3472,85.7,0.0,5,1,CROSS=EMA9>EMA21;TREND=1;STRUCT=1;VOL=1;COOL=1;EMA50=1;VWAP=1;BIAS=1,0.00,0.00,28623.33,28623.33,outside the killzone window
417,2025.12.05 23:45:00,2025.12.06 02:15:00,SKIP,XAUUSD,M15,106,FLAT,NA,DAY,0,0.00,0.00,0.00,0.00,1.00,0.00,0.00,0.00,0.00,0.00,0.00,0.00,0.00,0.00,0.00,0.00,0.00,0.00,4214.88,4215.05,4212.58,4215.72,4215.47,0.441,5.60,69.84,30.43,32.36,-6.92,-5.98,-0.94,4218.53,4194.32,1238,2574,0.0,85.7,40,1,CROSS=EMA9>EMA21;TREND=1;STRUCT=1;VOL=1;COOL=1;EMA50=1;VWAP=1;BIAS=1,0.00,0.00,28623.33,28623.33,weekend cutoff
418,2025.12.08 01:00:00,2025.12.08 03:30:00,WEEK_SUMMARY,XAUUSD,M15,106,FLAT,NA,DAY,0,0.00,0.00,0.00,0.00,1.00,0.00,0.00,0.00,0.00,0.00,0.00,0.00,0.00,0.00,0.00,0.00,-2.00,-274.39,4214.26,4214.73,4212.45,4214.88,4215.05,0.430,5.32,67.49,37.56,46.40,-6.75,-6.14,-0.61,4218.45,4199.09,835,2435,0.0,85.7,5,1,CROSS=EMA9>EMA21;TREND=1;STRUCT=1;VOL=1;COOL=1;EMA50=1;VWAP=1;BIAS=1,0.00,0.00,28623.33,28623.33,days=2 trades=2 W=0 L=2 gross_profit=0.00 gross_loss=274.39 net=-274.39 PF=0.00 pips=-2283.0
419,2025.12.09 17:30:00,2025.12.09 20:00:00,SKIP,XAUUSD,M15,106,FLAT,NA,EVENING,0,0.00,0.00,0.00,0.00,1.00,0.00,0.00,0.00,0.00,0.00,0.00,0.00,0.00,0.00,0.00,0.00,0.00,0.00,4197.52,4197.39,4200.40,4197.16,4197.21,-0.379,7.94,15.94,56.76,57.22,1.43,1.82,-0.39,4194.36,4206.40,4017,2683,71.4,14.3,5,1,CROSS=EMA9>EMA21;TREND=1;STRUCT=1;VOL=1;COOL=1;EMA50=1;VWAP=1;BIAS=1,0.00,0.00,28623.33,28623.33,already positioned that way
420,2025.12.10 12:45:00,2025.12.10 15:15:00,SKIP,XAUUSD,M15,106,FLAT,NA,DAY,0,0.00,0.00,0.00,0.00,1.00,0.00,0.00,0.00,0.00,0.00,0.00,0.00,0.00,0.00,0.00,0.00,0.00,0.00,4204.14,4204.26,4203.93,4204.55,4204.46,0.075,4.42,62.09,34.66,41.74,-3.96,-3.10,-0.86,4206.56,4194.11,2094,2038,14.3,85.7,6,1,CROSS=EMA9>EMA21;TREND=1;STRUCT=1;VOL=1;COOL=1;EMA50=1;VWAP=1;BIAS=1,0.00,0.00,28623.33,28623.33,outside the killzone window
421,2025.12.10 22:30:00,2025.12.11 01:00:00,SKIP,XAUUSD,M15,106,FLAT,NA,DAY,0,0.00,0.00,0.00,0.00,1.00,0.00,0.00,0.00,0.00,0.00,0.00,0.00,0.00,0.00,0.00,0.00,0.00,0.00,4202.77,4202.62,4202.89,4201.54,4202.02,-0.020,13.07,18.34,66.07,64.72,5.58,1.13,4.45,4203.53,4232.72,4213,3111,71.4,14.3,5,1,CROSS=EMA9>EMA21;TREND=1;STRUCT=1;VOL=1;COOL=1;EMA50=1;VWAP=1;BIAS=1,0.00,0.00,28623.33,28623.33,outside the killzone window
422,2025.12.15 23:45:00,2025.12.16 02:15:00,SKIP,XAUUSD,M15,106,FLAT,NA,DAY,0,0.00,0.00,0.00,0.00,1.00,0.00,0.00,0.00,0.00,0.00,0.00,0.00,0.00,0.00,0.00,0.00,0.00,0.00,4315.97,4316.20,4301.87,4316.54,4316.48,2.661,5.39,27.32,37.23,39.95,-4.06,-4.04,-0.02,4322.80,4302.04,730,2671,0.0,85.7,40,1,CROSS=EMA9>EMA21;TREND=1;STRUCT=1;VOL=1;COOL=1;EMA50=1;VWAP=1;BIAS=1,0.00,0.00,28623.33,28623.33,outside the killzone window
423,2025.12.16 21:45:00,2025.12.17 00:15:00,SKIP,XAUUSD,M15,106,FLAT,NA,DAY,0,0.00,0.00,0.00,0.00,1.00,0.00,0.00,0.00,0.00,0.00,0.00,0.00,0.00,0.00,0.00,0.00,0.00,0.00,4302.66,4302.59,4299.82,4302.37,4302.45,0.324,8.57,17.21,54.69,54.19,1.47,1.74,-0.27,4299.94,4309.73,2901,3458,57.1,14.3,5,1,CROSS=EMA9>EMA21;TREND=1;STRUCT=1;VOL=1;COOL=1;EMA50=1;VWAP=1;BIAS=1,0.00,0.00,28623.33,28623.33,outside the killzone window
424,2025.12.18 15:30:00,2025.12.18 18:00:00,ENTRY,XAUUSD,M15,108,SELL,FULLTGT,EVENING,0,4321.08,4330.03,4330.03,8.95,1.00,8.95,4312.13,4303.18,4294.23,4285.29,4276.34,0.15,0.15,0.15,4321.08,0.00,0.00,0.00,4327.90,4327.97,4322.71,4328.18,4328.11,1.177,4.47,46.47,42.70,46.84,-2.74,-2.20,-0.54,4330.09,4321.08,3385,1894,14.3,85.7,7,1,CROSS=EMA9<EMA21;TREND=1;STRUCT=1;VOL=1;COOL=1;EMA50=1;VWAP=1;BIAS=1,0.00,0.00,28622.80,28621.75,KZ=NY; KZR=NY H @ 4261.45 660 bars ago (high taken); EVENING 4PM-12AM IST session: stop x1.00 of usual; no partials; full size to TP5; SL steps BE->TP1->TP2->TP3
425,2025.12.18 15:30:25,2025.12.18 18:00:25,EXIT_SL,XAUUSD,M15,108,SELL,FULLTGT,EVENING,0,4321.08,4330.03,4330.03,8.95,1.00,8.95,4312.13,4303.18,4294.23,4285.29,4276.34,0.15,0.15,0.00,4330.10,0.00,-1.01,-136.36,4327.90,4327.97,4322.71,4328.18,4328.11,1.177,4.47,46.47,42.70,46.84,-2.74,-2.20,-0.54,4330.09,4321.08,3385,1894,14.3,85.7,7,1,CROSS=EMA9<EMA21;TREND=1;STRUCT=1;VOL=1;COOL=1;EMA50=1;VWAP=1;BIAS=1,0.00,-0.99,28486.97,28486.97,stopped at the initial SL (x1.00 of usual)
426,2025.12.18 15:45:00,2025.12.18 18:15:00,SKIP,XAUUSD,M15,108,FLAT,NA,EVENING,0,0.00,0.00,0.00,0.00,1.00,0.00,0.00,0.00,0.00,0.00,0.00,0.00,0.00,0.00,0.00,0.00,0.00,0.00,4328.25,4328.15,4322.85,4327.90,4327.97,0.963,5.50,41.83,62.18,70.43,-1.42,-2.14,0.72,4330.16,4336.69,4314,2025,100.0,0.0,6,1,CROSS=EMA9>EMA21;TREND=1;STRUCT=1;VOL=1;COOL=0;EMA50=1;VWAP=1;BIAS=1,0.00,0.00,28486.97,28486.97,quality filter
427,2025.12.19 01:00:00,2025.12.19 03:30:00,DAY_SUMMARY,XAUUSD,M15,108,FLAT,NA,DAY,0,0.00,0.00,0.00,0.00,1.00,0.00,0.00,0.00,0.00,0.00,0.00,0.00,0.00,0.00,0.00,0.00,-1.01,-136.36,4333.36,4331.80,4326.52,4333.40,4331.79,0.859,6.14,14.70,48.74,49.22,-0.80,-0.81,0.00,4333.33,4332.34,788,2892,28.6,42.9,5,1,CROSS=EMA9>EMA21;TREND=1;STRUCT=1;VOL=1;COOL=0;EMA50=1;VWAP=1;BIAS=1,0.00,0.00,28486.97,28486.97,2025.12.18 trades=1 W=0 L=1 gross_profit=0.00 gross_loss=136.36 net=-136.36 PF=0.00
428,2025.12.19 04:15:00,2025.12.19 06:45:00,SKIP,XAUUSD,M15,108,FLAT,NA,DAY,0,0.00,0.00,0.00,0.00,1.00,0.00,0.00,0.00,0.00,0.00,0.00,0.00,0.00,0.00,0.00,0.00,0.00,0.00,4330.71,4330.75,4326.63,4330.97,4330.88,0.702,5.87,26.69,44.99,48.82,-3.33,-2.01,-1.32,4324.96,4324.27,2241,1817,14.3,85.7,5,1,CROSS=EMA9<EMA21;TREND=1;STRUCT=1;VOL=1;COOL=1;EMA50=1;VWAP=1;BIAS=1,0.00,0.00,28486.97,28486.97,already positioned that way
429,2025.12.19 17:15:00,2025.12.19 19:45:00,ENTRY,XAUUSD,M15,110,BUY,FULLTGT,EVENING,0,4341.76,4326.91,4326.91,14.85,1.00,14.85,4356.61,4371.46,4386.31,4401.16,4416.01,0.09,0.09,0.09,4341.76,0.00,0.00,0.00,4328.25,4328.23,4326.49,4327.70,4327.96,0.234,7.43,14.35,68.11,62.35,2.25,1.14,1.11,4326.17,4341.68,4388,2724,85.7,0.0,5,1,CROSS=EMA9>EMA21;TREND=1;STRUCT=1;VOL=1;COOL=1;EMA50=1;VWAP=1;BIAS=1,0.00,0.00,28486.65,28486.20,KZ=NY; KZR=NY H @ 4353.57 92 bars ago (high taken); EVENING 4PM-12AM IST session: stop x1.00 of usual; no partials; full size to TP5; SL steps BE->TP1->TP2->TP3
430,2025.12.19 23:42:00,2025.12.20 02:12:00,EXIT_WEEKEND,XAUUSD,M15,110,BUY,FULLTGT,DAY,0,4341.76,4326.91,4326.91,14.85,1.00,14.85,4356.61,4371.46,4386.31,4401.16,4416.01,0.09,0.09,0.00,4338.47,0.00,-0.22,0.00,4339.12,4335.12,4330.77,4339.17,4335.06,0.948,4.58,40.88,42.65,36.99,0.26,2.46,-2.20,4332.59,4337.76,896,2292,28.6,57.1,40,1,CROSS=EMA9>EMA21;TREND=1;STRUCT=1;VOL=1;COOL=1;EMA50=1;VWAP=1;BIAS=1,1.00,-0.44,28456.72,28456.72,WEEKEND exit
431,2025.12.19 23:42:03,2025.12.20 02:12:03,EXIT_WEEKEND,XAUUSD,M15,110,BUY,FULLTGT,DAY,0,4341.76,4326.91,4326.91,14.85,1.00,14.85,4356.61,4371.46,4386.31,4401.16,4416.01,0.09,0.09,0.00,4338.47,0.00,-0.22,-30.25,4339.12,4335.12,4330.77,4339.17,4335.06,0.948,4.58,40.88,42.65,36.99,0.26,2.46,-2.20,4332.59,4337.76,896,2292,28.6,57.1,40,1,CROSS=EMA9>EMA21;TREND=1;STRUCT=1;VOL=1;COOL=1;EMA50=1;VWAP=1;BIAS=1,1.00,-0.44,28456.72,28456.72,flattened before the Friday close
432,2025.12.22 01:00:00,2025.12.22 03:30:00,DAY_SUMMARY,XAUUSD,M15,110,FLAT,NA,DAY,0,0.00,0.00,0.00,0.00,1.00,0.00,0.00,0.00,0.00,0.00,0.00,0.00,0.00,0.00,0.00,0.00,-0.22,-30.25,4339.04,4335.23,4330.92,4339.08,4335.18,1.027,4.20,45.42,43.37,38.38,-0.43,1.44,-1.88,4332.62,4338.16,474,2038,28.6,57.1,5,1,CROSS=EMA9>EMA21;TREND=1;STRUCT=1;VOL=1;COOL=1;EMA50=1;VWAP=1;BIAS=1,0.00,0.00,28456.72,28456.72,2025.12.19 trades=1 W=0 L=1 gross_profit=0.00 gross_loss=30.25 net=-30.25 PF=0.00
433,2025.12.22 01:00:00,2025.12.22 03:30:00,WEEK_SUMMARY,XAUUSD,M15,110,FLAT,NA,DAY,0,0.00,0.00,0.00,0.00,1.00,0.00,0.00,0.00,0.00,0.00,0.00,0.00,0.00,0.00,0.00,0.00,-1.23,-166.61,4339.04,4335.23,4330.92,4339.08,4335.18,1.027,4.20,45.42,43.37,38.38,-0.43,1.44,-1.88,4332.62,4338.16,474,2038,28.6,57.1,5,1,CROSS=EMA9>EMA21;TREND=1;STRUCT=1;VOL=1;COOL=1;EMA50=1;VWAP=1;BIAS=1,0.00,0.00,28456.72,28456.72,days=2 trades=2 W=0 L=2 gross_profit=0.00 gross_loss=166.61 net=-166.61 PF=0.00 pips=-1231.0
434,2025.12.26 01:01:00,2025.12.26 03:31:00,SKIP,XAUUSD,M15,110,FLAT,NA,DAY,0,0.00,0.00,0.00,0.00,1.00,0.00,0.00,0.00,0.00,0.00,0.00,0.00,0.00,0.00,0.00,0.00,0.00,0.00,4482.22,4482.27,4466.60,4482.33,4482.32,1.687,9.29,31.94,50.45,52.59,-1.22,-3.21,1.99,4489.72,4479.58,779,3300,42.9,42.9,13,1,CROSS=EMA9>EMA21;TREND=1;STRUCT=1;VOL=1;COOL=1;EMA50=1;VWAP=1;BIAS=1,0.00,0.00,28456.72,28456.72,outside the killzone window
435,2025.12.26 01:15:00,2025.12.26 03:45:00,SKIP,XAUUSD,M15,110,FLAT,NA,DAY,0,0.00,0.00,0.00,0.00,1.00,0.00,0.00,0.00,0.00,0.00,0.00,0.00,0.00,0.00,0.00,0.00,0.00,0.00,4482.49,4482.40,4466.82,4482.22,4482.27,1.570,9.92,34.59,57.63,65.88,-0.22,-2.55,2.33,4491.31,4489.07,2221,3289,71.4,14.3,5,1,CROSS=EMA9>EMA21;TREND=1;STRUCT=1;VOL=1;COOL=1;EMA50=1;VWAP=1;BIAS=1,0.00,0.00,28456.72,28456.72,outside the killzone window
436,2025.12.29 09:15:00,2025.12.29 11:45:00,SKIP,XAUUSD,M15,110,FLAT,NA,DAY,0,0.00,0.00,0.00,0.00,1.00,0.00,0.00,0.00,0.00,0.00,0.00,0.00,0.00,0.00,0.00,0.00,0.00,0.00,4510.71,4511.44,4501.02,4512.23,4512.21,1.001,10.41,36.32,23.98,35.89,-8.49,-3.18,-5.31,4506.83,4473.43,4479,2908,0.0,100.0,7,1,CROSS=EMA9>EMA21;TREND=1;STRUCT=1;VOL=1;COOL=1;EMA50=1;VWAP=1;BIAS=1,0.00,0.00,28456.72,28456.72,outside the killzone window
