seq,time_server,time_ist,event,symbol,tf,trade_id,direction,exit_mode,ist_session,flip_from,entry_price,init_sl,cur_sl,sl_distance,sl_factor,tp_unit,tp1,tp2,tp3,tp4,tp5,lots_initial,lots_event,lots_remaining,event_price,r_target,r_realized,profit,ema9,ema21,ema50,ema9_prev,ema21_prev,ema21_50_gap_atr,atr,adx,rsi,rsi_m5,macd_main,macd_signal,macd_hist,vwap,close,volume,vol_avg,bull_pct,bear_pct,spread_pts,qfilter_on,qf_flags,mfe_r,mae_r,balance,equity,note
1,2026.01.02 01:30:00,2026.01.02 04:00:00,SKIP,XAUUSD,M15,0,FLAT,NA,DAY,0,0.00,0.00,0.00,0.00,1.00,0.00,0.00,0.00,0.00,0.00,0.00,0.00,0.00,0.00,0.00,0.00,0.00,0.00,4323.23,4321.49,4324.12,4318.76,4319.52,-0.314,8.38,22.39,64.64,73.72,0.34,-2.67,3.01,4334.04,4341.11,1608,2199,71.4,0.0,7,1,NA,0.00,0.00,25000.00,25000.00,outside the killzone window
2,2026.01.02 15:45:00,2026.01.02 18:15:00,ENTRY,XAUUSD,M15,2,SELL,FULLTGT,EVENING,0,4372.55,4387.67,4387.67,15.12,1.00,15.12,4357.43,4342.31,4327.19,4312.07,4296.95,0.08,0.08,0.08,4372.55,0.00,0.00,0.00,4386.62,4387.08,4376.88,4390.12,4388.53,1.350,7.56,24.19,39.04,31.23,1.80,5.17,-3.37,4373.53,4372.59,3505,2019,0.0,85.7,6,1,CROSS=EMA9<EMA21;TREND=1;STRUCT=1;VOL=1;COOL=1;EMA50=1;VWAP=1;BIAS=1,0.00,0.00,24999.72,24999.24,KZ=NY; KZR=London L @ 4380.89 1 bars ago (low taken); EVENING 4PM-12AM IST session: stop x1.00 of usual; no partials; full size to TP5; SL steps BE->TP1->TP2->TP3
3,2026.01.02 16:32:40,2026.01.02 19:02:40,SL_MOVE,XAUUSD,M15,2,SELL,FULLTGT,EVENING,0,4372.55,4387.67,4372.55,15.12,1.00,15.12,4357.43,4342.31,4327.19,4312.07,4296.95,0.08,0.00,0.08,4372.55,1.00,0.00,0.00,4377.73,4382.42,4375.90,4380.07,4383.82,0.819,7.95,25.45,38.24,34.25,-2.16,2.62,-4.78,4373.21,4368.38,3157,2138,0.0,100.0,12,1,CROSS=EMA9<EMA21;TREND=1;STRUCT=1;VOL=1;COOL=1;EMA50=1;VWAP=1;BIAS=1,1.00,-0.35,24999.72,25121.24,stop to breakeven
4,2026.01.02 16:32:40,2026.01.02 19:02:40,TP1_REACHED,XAUUSD,M15,2,SELL,FULLTGT,EVENING,0,4372.55,4387.67,4372.55,15.12,1.00,15.12,4357.43,4342.31,4327.19,4312.07,4296.95,0.08,0.00,0.08,4357.43,1.00,1.00,0.00,4377.73,4382.42,4375.90,4380.07,4383.82,0.819,7.95,25.45,38.24,34.25,-2.16,2.62,-4.78,4373.21,4368.38,3157,2138,0.0,100.0,12,1,CROSS=EMA9<EMA21;TREND=1;STRUCT=1;VOL=1;COOL=1;EMA50=1;VWAP=1;BIAS=1,1.00,-0.35,24999.72,25121.24,full target: no partial booked
5,2026.01.02 17:04:41,2026.01.02 19:34:41,SL_MOVE,XAUUSD,M15,2,SELL,FULLTGT,EVENING,0,4372.55,4387.67,4357.43,15.12,1.00,15.12,4357.43,4342.31,4327.19,4312.07,4296.95,0.08,0.00,0.08,4357.43,2.00,0.00,0.00,4369.48,4377.64,4374.29,4373.49,4380.06,0.372,9.00,30.31,30.31,32.00,-5.42,0.34,-5.76,4372.05,4353.44,4711,2480,0.0,100.0,12,1,CROSS=EMA9<EMA21;TREND=1;STRUCT=1;VOL=1;COOL=1;EMA50=1;VWAP=1;BIAS=1,1.99,-0.35,24999.72,25241.88,stop trailed to TP1
6,2026.01.02 17:04:41,2026.01.02 19:34:41,TP2_REACHED,XAUUSD,M15,2,SELL,FULLTGT,EVENING,0,4372.55,4387.67,4357.43,15.12,1.00,15.12,4357.43,4342.31,4327.19,4312.07,4296.95,0.08,0.00,0.08,4342.31,2.00,2.00,0.00,4369.48,4377.64,4374.29,4373.49,4380.06,0.372,9.00,30.31,30.31,32.00,-5.42,0.34,-5.76,4372.05,4353.44,4711,2480,0.0,100.0,12,1,CROSS=EMA9<EMA21;TREND=1;STRUCT=1;VOL=1;COOL=1;EMA50=1;VWAP=1;BIAS=1,1.99,-0.35,24999.72,25241.88,full target: no partial booked
7,2026.01.02 18:03:30,2026.01.02 20:33:30,SL_MOVE,XAUUSD,M15,2,SELL,FULLTGT,EVENING,0,4372.55,4387.67,4342.31,15.12,1.00,15.12,4357.43,4342.31,4327.19,4312.07,4296.95,0.08,0.00,0.08,4342.31,3.00,0.00,0.00,4351.79,4365.60,4369.18,4355.88,4368.62,-0.328,10.90,39.90,28.75,32.90,-11.41,-5.70,-5.70,4368.32,4335.44,4452,3024,0.0,100.0,10,1,CROSS=EMA9<EMA21;TREND=1;STRUCT=1;VOL=1;COOL=1;EMA50=1;VWAP=1;BIAS=1,3.00,-0.35,24999.72,25362.68,stop trailed to TP2
8,2026.01.02 18:03:30,2026.01.02 20:33:30,TP3_REACHED,XAUUSD,M15,2,SELL,FULLTGT,EVENING,0,4372.55,4387.67,4342.31,15.12,1.00,15.12,4357.43,4342.31,4327.19,4312.07,4296.95,0.08,0.00,0.08,4327.19,3.00,3.00,0.00,4351.79,4365.60,4369.18,4355.88,4368.62,-0.328,10.90,39.90,28.75,32.90,-11.41,-5.70,-5.70,4368.32,4335.44,4452,3024,0.0,100.0,10,1,CROSS=EMA9<EMA21;TREND=1;STRUCT=1;VOL=1;COOL=1;EMA50=1;VWAP=1;BIAS=1,3.00,-0.35,24999.72,25362.68,full target: no partial booked
9,2026.01.02 20:15:05,2026.01.02 22:45:05,SL_MOVE,XAUUSD,M15,2,SELL,FULLTGT,EVENING,0,4372.55,4387.67,4327.19,15.12,1.00,15.12,4357.43,4342.31,4327.19,4312.07,4296.95,0.08,0.00,0.08,4327.19,4.00,0.00,0.00,4327.16,4341.70,4355.62,4330.31,4344.41,-1.104,12.60,39.35,25.56,30.83,-15.10,-14.79,-0.30,4360.25,4314.58,3141,3937,0.0,85.7,5,1,CROSS=EMA9<EMA21;TREND=1;STRUCT=1;VOL=1;COOL=1;EMA50=1;VWAP=1;BIAS=1,4.00,-0.35,24999.72,25484.04,stop trailed to TP3
10,2026.01.02 20:15:05,2026.01.02 22:45:05,TP4_REACHED,XAUUSD,M15,2,SELL,FULLTGT,EVENING,0,4372.55,4387.67,4327.19,15.12,1.00,15.12,4357.43,4342.31,4327.19,4312.07,4296.95,0.08,0.00,0.08,4312.07,4.00,4.00,0.00,4327.16,4341.70,4355.62,4330.31,4344.41,-1.104,12.60,39.35,25.56,30.83,-15.10,-14.79,-0.30,4360.25,4314.58,3141,3937,0.0,85.7,5,1,CROSS=EMA9<EMA21;TREND=1;STRUCT=1;VOL=1;COOL=1;EMA50=1;VWAP=1;BIAS=1,4.00,-0.35,24999.72,25484.04,full target: no partial booked
11,2026.01.02 22:27:26,2026.01.03 00:57:26,EXIT_TRAIL_SL,XAUUSD,M15,2,SELL,FULLTGT,DAY,0,4372.55,4387.67,4327.19,15.12,1.00,15.12,4357.43,4342.31,4327.19,4312.07,4296.95,0.08,0.08,0.00,4327.24,0.00,3.00,361.92,4320.50,4329.48,4345.48,4320.62,4330.42,-1.612,9.93,27.19,38.10,59.78,-11.37,-13.76,2.39,4355.23,4320.01,2890,3666,28.6,57.1,5,1,CROSS=EMA9<EMA21;TREND=1;STRUCT=1;VOL=1;COOL=1;EMA50=1;VWAP=1;BIAS=1,4.14,-0.35,25361.92,25361.92,stopped at a trailed level
12,2026.01.05 01:00:00,2026.01.05 03:30:00,DAY_SUMMARY,XAUUSD,M15,2,FLAT,NA,DAY,0,0.00,0.00,0.00,0.00,1.00,0.00,0.00,0.00,0.00,0.00,0.00,0.00,0.00,0.00,0.00,0.00,3.00,361.92,4327.92,4329.55,4341.59,4326.71,4329.24,-1.789,6.72,36.58,50.32,65.92,-4.48,-8.08,3.60,4354.01,4332.72,774,2648,57.1,28.6,8,1,CROSS=EMA9<EMA21;TREND=1;STRUCT=1;VOL=1;COOL=1;EMA50=1;VWAP=1;BIAS=1,0.00,0.00,25361.92,25361.92,2026.01.02 trades=1 W=1 L=0 gross_profit=361.92 gross_loss=0.00 net=361.92 PF=0.00
13,2026.01.05 01:00:00,2026.01.05 03:30:00,WEEK_SUMMARY,XAUUSD,M15,2,FLAT,NA,DAY,0,0.00,0.00,0.00,0.00,1.00,0.00,0.00,0.00,0.00,0.00,0.00,0.00,0.00,0.00,0.00,0.00,3.00,361.92,4327.92,4329.55,4341.59,4326.71,4329.24,-1.789,6.72,36.58,50.32,65.92,-4.48,-8.08,3.60,4354.01,4332.72,774,2648,57.1,28.6,8,1,CROSS=EMA9<EMA21;TREND=1;STRUCT=1;VOL=1;COOL=1;EMA50=1;VWAP=1;BIAS=1,0.00,0.00,25361.92,25361.92,days=1 trades=1 W=1 L=0 gross_profit=361.92 gross_loss=0.00 net=361.92 PF=0.00 pips=4531.0
14,2026.01.05 01:15:00,2026.01.05 03:45:00,SKIP,XAUUSD,M15,2,FLAT,NA,DAY,0,0.00,0.00,0.00,0.00,1.00,0.00,0.00,0.00,0.00,0.00,0.00,0.00,0.00,0.00,0.00,0.00,0.00,0.00,4336.37,4333.25,4342.71,4327.92,4329.55,-1.152,8.21,40.50,71.21,90.16,-0.74,-6.82,6.08,4361.60,4370.18,3020,2610,100.0,0.0,5,1,CROSS=EMA9<EMA21;TREND=1;STRUCT=1;VOL=1;COOL=1;EMA50=1;VWAP=1;BIAS=1,0.00,0.00,25361.92,25361.92,outside the killzone window
15,2026.01.05 14:30:00,2026.01.05 17:00:00,SKIP,XAUUSD,M15,2,FLAT,NA,EVENING,0,0.00,0.00,0.00,0.00,1.00,0.00,0.00,0.00,0.00,0.00,0.00,0.00,0.00,0.00,0.00,0.00,0.00,0.00,4423.25,4423.61,4410.35,4425.12,4424.39,2.025,6.55,30.72,44.28,34.63,2.44,6.53,-4.10,4409.85,4415.79,2568,2441,14.3,85.7,5,1,CROSS=EMA9<EMA21;TREND=1;STRUCT=1;VOL=1;COOL=1;EMA50=1;VWAP=0;BIAS=1,0.00,0.00,25361.92,25361.92,already positioned that way
16,2026.01.05 16:45:00,2026.01.05 19:15:00,ENTRY,XAUUSD,M15,4,BUY,FULLTGT,EVENING,0,4429.97,4411.78,4411.78,18.19,1.00,18.19,4448.16,4466.35,4484.55,4502.74,4520.93,0.06,0.06,0.06,4429.97,0.00,0.00,0.00,4419.77,4419.70,4411.98,4417.29,4418.69,0.848,9.10,26.56,58.01,63.47,0.39,-0.85,1.23,4410.84,4429.73,4722,3021,100.0,0.0,9,1,CROSS=EMA9>EMA21;TREND=1;STRUCT=1;VOL=1;COOL=1;EMA50=1;VWAP=1;BIAS=1,0.00,0.00,25361.71,25361.17,KZ=NY; KZR=Asia H @ 4420.88 33 bars ago (high taken); EVENING 4PM-12AM IST session: stop x1.00 of usual; no partials; full size to TP5; SL steps BE->TP1->TP2->TP3
17,2026.01.05 17:03:20,2026.01.05 19:33:20,SL_MOVE,XAUUSD,M15,4,BUY,FULLTGT,EVENING,0,4429.97,4411.78,4429.97,18.19,1.00,18.19,4448.16,4466.35,4484.55,4502.74,4520.93,0.06,0.00,0.06,4429.97,1.00,0.00,0.00,4423.13,4421.23,4412.95,4419.77,4419.70,0.876,9.46,27.69,61.89,66.46,1.72,-0.78,2.49,4411.45,4436.55,4439,3118,100.0,0.0,8,1,CROSS=EMA9>EMA21;TREND=1;STRUCT=1;VOL=1;COOL=1;EMA50=1;VWAP=1;BIAS=1,1.00,-0.10,25361.71,25471.15,stop to breakeven
18,2026.01.05 17:03:20,2026.01.05 19:33:20,TP1_REACHED,XAUUSD,M15,4,BUY,FULLTGT,EVENING,0,4429.97,4411.78,4429.97,18.19,1.00,18.19,4448.16,4466.35,4484.55,4502.74,4520.93,0.06,0.00,0.06,4448.16,1.00,1.00,0.00,4423.13,4421.23,4412.95,4419.77,4419.70,0.876,9.46,27.69,61.89,66.46,1.72,-0.78,2.49,4411.45,4436.55,4439,3118,100.0,0.0,8,1,CROSS=EMA9>EMA21;TREND=1;STRUCT=1;VOL=1;COOL=1;EMA50=1;VWAP=1;BIAS=1,1.00,-0.10,25361.71,25471.15,full target: no partial booked
19,2026.01.06 02:45:00,2026.01.06 05:15:00,FLIP,XAUUSD,M15,4,BUY,FULLTGT,DAY,0,4429.97,4411.78,4429.97,18.19,1.00,18.19,4448.16,4466.35,4484.55,4502.74,4520.93,0.06,0.00,0.00,4436.62,0.00,0.37,0.00,4442.13,4442.60,4436.20,4443.52,4443.21,0.988,6.48,14.78,43.80,38.48,0.68,2.45,-1.76,4443.12,4436.57,2387,1859,0.0,85.7,10,1,CROSS=EMA9<EMA21;TREND=1;STRUCT=1;VOL=1;COOL=1;EMA50=1;VWAP=1;BIAS=1,1.66,-0.10,25361.71,25397.82,opposite signal before SL/target | BUY -> SELL | closing trade 4
20,2026.01.06 02:45:00,2026.01.06 05:15:00,EXIT_FLIP,XAUUSD,M15,4,BUY,FULLTGT,DAY,0,4429.97,4411.78,4429.97,18.19,1.00,18.19,4448.16,4466.35,4484.55,4502.74,4520.93,0.06,0.06,0.00,4436.62,0.00,0.37,0.00,4442.13,4442.60,4436.20,4443.52,4443.21,0.988,6.48,14.78,43.80,38.48,0.68,2.45,-1.76,4443.12,4436.57,2387,1859,0.0,85.7,10,1,CROSS=EMA9<EMA21;TREND=1;STRUCT=1;VOL=1;COOL=1;EMA50=1;VWAP=1;BIAS=1,1.66,-0.10,25397.61,25397.61,FLIP exit
21,2026.01.06 02:45:00,2026.01.06 05:15:00,EXIT_OTHER,XAUUSD,M15,4,BUY,FULLTGT,DAY,0,4429.97,4411.78,4429.97,18.19,1.00,18.19,4448.16,4466.35,4484.55,4502.74,4520.93,0.06,0.06,0.00,4436.62,0.00,0.37,35.69,4442.13,4442.60,4436.20,4443.52,4443.21,0.988,6.48,14.78,43.80,38.48,0.68,2.45,-1.76,4443.12,4436.57,2387,1859,0.0,85.7,10,1,CROSS=EMA9<EMA21;TREND=1;STRUCT=1;VOL=1;COOL=1;EMA50=1;VWAP=1;BIAS=1,1.66,-0.10,25397.61,25397.61,FLIP exit
22,2026.01.06 02:45:00,2026.01.06 05:15:00,ENTRY,XAUUSD,M15,6,SELL,FULLTGT,DAY,4,4436.62,4449.58,4449.58,12.96,1.00,12.96,4423.66,4410.69,4397.73,4384.76,4371.80,0.09,0.09,0.09,4436.62,0.00,0.00,0.00,4442.13,4442.60,4436.20,4443.52,4443.21,0.988,6.48,14.78,43.80,38.48,0.68,2.45,-1.76,4443.12,4436.57,2387,1859,0.0,85.7,10,1,CROSS=EMA9<EMA21;TREND=1;STRUCT=1;VOL=1;COOL=1;EMA50=1;VWAP=1;BIAS=1,0.00,0.00,25397.29,25396.39,KZ=ASIA; KZR=NY H @ 4455.78 6 bars ago (high taken); DAY 12AM-4PM IST session: stop x1.00 of usual; no partials; full size to TP5; SL steps BE->TP1->TP2->TP3; flipped from trade 4
23,2026.01.06 03:56:30,2026.01.06 06:26:30,EXIT_SL,XAUUSD,M15,6,SELL,FULLTGT,DAY,4,4436.62,4449.58,4449.58,12.96,1.00,12.96,4423.66,4410.69,4397.73,4384.76,4371.80,0.09,0.09,0.00,4449.61,0.00,-1.00,-117.55,4439.80,4441.19,4436.49,4439.93,4441.39,0.679,6.93,18.06,48.24,62.48,-0.49,0.94,-1.43,4440.23,4439.27,2794,1956,28.6,57.1,5,1,CROSS=EMA9<EMA21;TREND=1;STRUCT=1;VOL=1;COOL=1;EMA50=1;VWAP=1;BIAS=1,0.66,-1.00,25280.06,25280.06,stopped at the initial SL (x1.00 of usual)
24,2026.01.06 04:15:00,2026.01.06 06:45:00,ENTRY,XAUUSD,M15,8,BUY,FULLTGT,DAY,0,4459.41,4444.10,4444.10,15.31,1.00,15.31,4474.72,4490.03,4505.34,4520.64,4535.95,0.08,0.08,0.08,4459.41,0.00,0.00,0.00,4445.45,4443.63,4437.92,4441.99,4442.06,0.746,7.65,18.09,64.37,73.77,1.71,0.58,1.13,4443.00,4459.31,3869,2074,85.7,0.0,5,1,CROSS=EMA9>EMA21;TREND=1;STRUCT=1;VOL=1;COOL=1;EMA50=1;VWAP=1;BIAS=1,0.00,0.00,25279.78,25279.38,KZ=ASIA; KZR=NY H @ 4455.78 12 bars ago (high taken); DAY 12AM-4PM IST session: stop x1.00 of usual; no partials; full size to TP5; SL steps BE->TP1->TP2->TP3
25,2026.01.06 10:27:27,2026.01.06 12:57:27,SL_MOVE,XAUUSD,M15,8,BUY,FULLTGT,DAY,0,4459.41,4444.10,4459.41,15.31,1.00,15.31,4474.72,4490.03,4505.34,4520.64,4535.95,0.08,0.00,0.08,4459.41,1.00,0.00,0.00,4462.90,4461.13,4453.42,4463.11,4461.03,1.190,6.48,20.30,52.60,60.68,2.80,3.63,-0.83,4455.17,4462.06,2402,2132,71.4,14.3,10,1,CROSS=EMA9>EMA21;TREND=1;STRUCT=1;VOL=1;COOL=1;EMA50=1;VWAP=1;BIAS=1,1.00,-0.69,25279.78,25402.34,stop to breakeven
26,2026.01.06 10:27:27,2026.01.06 12:57:27,TP1_REACHED,XAUUSD,M15,8,BUY,FULLTGT,DAY,0,4459.41,4444.10,4459.41,15.31,1.00,15.31,4474.72,4490.03,4505.34,4520.64,4535.95,0.08,0.00,0.08,4474.72,1.00,1.00,0.00,4462.90,4461.13,4453.42,4463.11,4461.03,1.190,6.48,20.30,52.60,60.68,2.80,3.63,-0.83,4455.17,4462.06,2402,2132,71.4,14.3,10,1,CROSS=EMA9>EMA21;TREND=1;STRUCT=1;VOL=1;COOL=1;EMA50=1;VWAP=1;BIAS=1,1.00,-0.69,25279.78,25402.34,full target: no partial booked
27,2026.01.06 11:10:41,2026.01.06 13:40:41,EXIT_BE,XAUUSD,M15,8,BUY,FULLTGT,DAY,0,4459.41,4444.10,4459.41,15.31,1.00,15.31,4474.72,4490.03,4505.34,4520.64,4535.95,0.08,0.08,0.00,4459.38,0.00,-0.00,-0.80,4465.55,4462.94,4455.12,4464.81,4462.38,1.169,6.69,23.12,56.93,43.27,3.27,3.44,-0.17,4456.14,4468.50,1865,2175,42.9,28.6,11,1,CROSS=EMA9>EMA21;TREND=1;STRUCT=1;VOL=1;COOL=1;EMA50=1;VWAP=1;BIAS=1,1.07,-0.69,25279.26,25279.26,stopped at breakeven
28,2026.01.06 11:45:00,2026.01.06 14:15:00,ENTRY,XAUUSD,M15,10,SELL,FULLTGT,DAY,0,4455.99,4470.58,4470.58,14.59,1.00,14.59,4441.40,4426.81,4412.22,4397.64,4383.05,0.08,0.08,0.08,4455.99,0.00,0.00,0.00,4461.30,4461.44,4455.33,4462.62,4461.99,0.838,7.29,19.77,45.59,37.72,1.06,2.73,-1.66,4456.23,4456.02,1702,2303,0.0,71.4,8,1,CROSS=EMA9<EMA21;TREND=1;STRUCT=1;VOL=1;COOL=1;EMA50=1;VWAP=1;BIAS=1,0.00,0.00,25278.98,25278.34,KZ=LONDON; KZR=Asia H @ 4474.15 5 bars ago (high taken); DAY 12AM-4PM IST session: stop x1.00 of usual; no partials; full size to TP5; SL steps BE->TP1->TP2->TP3
29,2026.01.06 14:15:00,2026.01.06 16:45:00,FLIP,XAUUSD,M15,10,SELL,FULLTGT,EVENING,0,4455.99,4470.58,4470.58,14.59,1.00,14.59,4441.40,4426.81,4412.22,4397.64,4383.05,0.08,0.00,0.00,4462.28,0.00,-0.43,0.00,4458.08,4458.01,4455.22,4457.05,4457.59,0.402,6.94,29.71,54.93,60.32,-0.12,-1.39,1.28,4455.85,4462.22,2169,2119,85.7,14.3,5,1,CROSS=EMA9>EMA21;TREND=1;STRUCT=1;VOL=1;COOL=1;EMA50=1;VWAP=1;BIAS=1,0.92,-0.60,25278.98,25228.66,opposite signal before SL/target | SELL -> BUY | closing trade 10
30,2026.01.06 14:15:00,2026.01.06 16:45:00,EXIT_FLIP,XAUUSD,M15,10,SELL,FULLTGT,EVENING,0,4455.99,4470.58,4470.58,14.59,1.00,14.59,4441.40,4426.81,4412.22,4397.64,4383.05,0.08,0.08,0.00,4462.28,0.00,-0.43,0.00,4458.08,4458.01,4455.22,4457.05,4457.59,0.402,6.94,29.71,54.93,60.32,-0.12,-1.39,1.28,4455.85,4462.22,2169,2119,85.7,14.3,5,1,CROSS=EMA9>EMA21;TREND=1;STRUCT=1;VOL=1;COOL=1;EMA50=1;VWAP=1;BIAS=1,0.92,-0.60,25228.38,25228.38,FLIP exit
31,2026.01.06 14:15:00,2026.01.06 16:45:00,EXIT_OTHER,XAUUSD,M15,10,SELL,FULLTGT,EVENING,0,4455.99,4470.58,4470.58,14.59,1.00,14.59,4441.40,4426.81,4412.22,4397.64,4383.05,0.08,0.08,0.00,4462.28,0.00,-0.43,-50.88,4458.08,4458.01,4455.22,4457.05,4457.59,0.402,6.94,29.71,54.93,60.32,-0.12,-1.39,1.28,4455.85,4462.22,2169,2119,85.7,14.3,5,1,CROSS=EMA9>EMA21;TREND=1;STRUCT=1;VOL=1;COOL=1;EMA50=1;VWAP=1;BIAS=1,0.92,-0.60,25228.38,25228.38,FLIP exit
32,2026.01.06 14:15:00,2026.01.06 16:45:00,ENTRY,XAUUSD,M15,12,BUY,FULLTGT,EVENING,10,4462.28,4448.40,4448.40,13.88,1.00,13.88,4476.16,4490.05,4503.93,4517.82,4531.70,0.09,0.09,0.09,4462.28,0.00,0.00,0.00,4458.08,4458.01,4455.22,4457.05,4457.59,0.402,6.94,29.71,54.93,60.32,-0.12,-1.39,1.28,4455.85,4462.22,2169,2119,85.7,14.3,5,1,CROSS=EMA9>EMA21;TREND=1;STRUCT=1;VOL=1;COOL=1;EMA50=1;VWAP=1;BIAS=1,0.00,0.00,25228.06,25227.61,KZ=NY; KZR=Asia H @ 4474.15 15 bars ago (high taken); EVENING 4PM-12AM IST session: stop x1.00 of usual; no partials; full size to TP5; SL steps BE->TP1->TP2->TP3; flipped from trade 10
33,2026.01.06 16:33:30,2026.01.06 19:03:30,SL_MOVE,XAUUSD,M15,12,BUY,FULLTGT,EVENING,10,4462.28,4448.40,4462.28,13.88,1.00,13.88,4476.16,4490.05,4503.93,4517.82,4531.70,0.09,0.00,0.09,4462.28,1.00,0.00,0.00,4464.86,4462.17,4458.16,4464.40,4461.72,0.580,6.91,39.88,55.64,54.86,2.34,1.29,1.05,4457.45,4466.68,3367,2491,85.7,14.3,5,1,CROSS=EMA9>EMA21;TREND=1;STRUCT=1;VOL=1;COOL=1;EMA50=1;VWAP=1;BIAS=1,1.00,-0.56,25228.06,25353.16,stop to breakeven
34,2026.01.06 16:33:30,2026.01.06 19:03:30,TP1_REACHED,XAUUSD,M15,12,BUY,FULLTGT,EVENING,10,4462.28,4448.40,4462.28,13.88,1.00,13.88,4476.16,4490.05,4503.93,4517.82,4531.70,0.09,0.00,0.09,4476.16,1.00,1.00,0.00,4464.86,4462.17,4458.16,4464.40,4461.72,0.580,6.91,39.88,55.64,54.86,2.34,1.29,1.05,4457.45,4466.68,3367,2491,85.7,14.3,5,1,CROSS=EMA9>EMA21;TREND=1;STRUCT=1;VOL=1;COOL=1;EMA50=1;VWAP=1;BIAS=1,1.00,-0.56,25228.06,25353.16,full target: no partial booked
35,2026.01.06 17:00:39,2026.01.06 19:30:39,SL_MOVE,XAUUSD,M15,12,BUY,FULLTGT,EVENING,10,4462.28,4448.40,4476.16,13.88,1.00,13.88,4476.16,4490.05,4503.93,4517.82,4531.70,0.09,0.00,0.09,4476.16,2.00,0.00,0.00,4471.59,4465.84,4460.09,4467.79,4463.75,0.738,7.80,45.12,69.24,73.22,4.80,2.09,2.71,4458.73,4486.75,4123,2690,100.0,0.0,9,1,CROSS=EMA9>EMA21;TREND=1;STRUCT=1;VOL=1;COOL=1;EMA50=1;VWAP=1;BIAS=1,2.00,-0.56,25228.06,25478.44,stop trailed to TP1
36,2026.01.06 17:00:39,2026.01.06 19:30:39,TP2_REACHED,XAUUSD,M15,12,BUY,FULLTGT,EVENING,10,4462.28,4448.40,4476.16,13.88,1.00,13.88,4476.16,4490.05,4503.93,4517.82,4531.70,0.09,0.00,0.09,4490.05,2.00,2.00,0.00,4471.59,4465.84,4460.09,4467.79,4463.75,0.738,7.80,45.12,69.24,73.22,4.80,2.09,2.71,4458.73,4486.75,4123,2690,100.0,0.0,9,1,CROSS=EMA9>EMA21;TREND=1;STRUCT=1;VOL=1;COOL=1;EMA50=1;VWAP=1;BIAS=1,2.00,-0.56,25228.06,25478.44,full target: no partial booked
37,2026.01.06 17:19:44,2026.01.06 19:49:44,EXIT_TRAIL_SL,XAUUSD,M15,12,BUY,FULLTGT,EVENING,10,4462.28,4448.40,4476.16,13.88,1.00,13.88,4476.16,4490.05,4503.93,4517.82,4531.70,0.09,0.09,0.00,4476.13,0.00,1.00,124.01,4473.33,4467.15,4460.88,4471.59,4465.84,0.803,7.81,47.99,62.30,58.90,5.31,2.57,2.74,4459.40,4480.29,4280,2777,85.7,14.3,5,1,CROSS=EMA9>EMA21;TREND=1;STRUCT=1;VOL=1;COOL=1;EMA50=1;VWAP=1;BIAS=1,2.06,-0.56,25352.39,25352.39,stopped at a trailed level
38,2026.01.07 01:00:00,2026.01.07 03:30:00,DAY_SUMMARY,XAUUSD,M15,12,FLAT,NA,DAY,10,0.00,0.00,0.00,0.00,1.00,0.00,0.00,0.00,0.00,0.00,0.00,0.00,0.00,0.00,0.00,0.00,-0.07,-9.53,4491.44,4487.25,4478.45,4490.66,4486.52,1.589,5.54,40.48,63.35,60.25,4.67,3.89,0.78,4467.14,4494.54,833,2222,85.7,0.0,10,1,CROSS=EMA9>EMA21;TREND=1;STRUCT=1;VOL=1;COOL=1;EMA50=1;VWAP=1;BIAS=1,0.00,0.00,25352.39,25352.39,2026.01.06 trades=5 W=2 L=3 gross_profit=159.70 gross_loss=169.23 net=-9.53 PF=0.94
39,2026.01.07 03:15:00,2026.01.07 05:45:00,ENTRY,XAUUSD,M15,14,SELL,FULLTGT,DAY,0,4471.08,4483.31,4483.31,12.23,1.00,12.23,4458.85,4446.62,4434.39,4422.17,4409.94,0.10,0.10,0.10,4471.08,0.00,0.00,0.00,4488.24,4488.75,4482.17,4492.55,4490.53,1.077,6.11,33.84,32.14,26.24,1.15,3.92,-2.78,4489.77,4470.98,4062,1848,0.0,100.0,5,1,CROSS=EMA9<EMA21;TREND=1;STRUCT=1;VOL=1;COOL=1;EMA50=1;VWAP=1;BIAS=1,0.00,0.00,25352.04,25351.54,KZ=ASIA; KZR=NY H @ 4490.94 29 bars ago (high taken); DAY 12AM-4PM IST session: stop x1.00 of usual; no partials; full size to TP5; SL steps BE->TP1->TP2->TP3
40,2026.01.07 07:33:41,2026.01.07 10:03:41,SL_MOVE,XAUUSD,M15,14,SELL,FULLTGT,DAY,0,4471.08,4483.31,4471.08,12.23,1.00,12.23,4458.85,4446.62,4434.39,4422.17,4409.94,0.10,0.00,0.10,4471.08,1.00,0.00,0.00,4469.29,4473.96,4476.65,4469.43,4474.49,-0.350,7.67,37.14,40.97,47.65,-4.64,-3.91,-0.73,4476.66,4468.70,1913,2647,0.0,85.7,12,1,CROSS=EMA9<EMA21;TREND=1;STRUCT=1;VOL=1;COOL=1;EMA50=1;VWAP=1;BIAS=1,1.00,-0.76,25352.04,25474.44,stop to breakeven
41,2026.01.07 07:33:41,2026.01.07 10:03:41,TP1_REACHED,XAUUSD,M15,14,SELL,FULLTGT,DAY,0,4471.08,4483.31,4471.08,12.23,1.00,12.23,4458.85,4446.62,4434.39,4422.17,4409.94,0.10,0.00,0.10,4458.85,1.00,1.00,0.00,4469.29,4473.96,4476.65,4469.43,4474.49,-0.350,7.67,37.14,40.97,47.65,-4.64,-3.91,-0.73,4476.66,4468.70,1913,2647,0.0,85.7,12,1,CROSS=EMA9<EMA21;TREND=1;STRUCT=1;VOL=1;COOL=1;EMA50=1;VWAP=1;BIAS=1,1.00,-0.76,25352.04,25474.44,full target: no partial booked
42,2026.01.07 07:45:39,2026.01.07 10:15:39,SL_MOVE,XAUUSD,M15,14,SELL,FULLTGT,DAY,0,4471.08,4483.31,4458.85,12.23,1.00,12.23,4458.85,4446.62,4434.39,4422.17,4409.94,0.10,0.00,0.10,4458.85,2.00,0.00,0.00,4465.92,4472.01,4475.70,4469.29,4473.96,-0.437,8.45,38.23,28.54,27.12,-5.74,-4.17,-1.57,4475.45,4452.46,3997,2738,0.0,100.0,12,1,CROSS=EMA9<EMA21;TREND=1;STRUCT=1;VOL=1;COOL=1;EMA50=1;VWAP=1;BIAS=1,1.99,-0.76,25352.04,25596.74,stop trailed to TP1
43,2026.01.07 07:45:39,2026.01.07 10:15:39,TP2_REACHED,XAUUSD,M15,14,SELL,FULLTGT,DAY,0,4471.08,4483.31,4458.85,12.23,1.00,12.23,4458.85,4446.62,4434.39,4422.17,4409.94,0.10,0.00,0.10,4446.62,2.00,2.00,0.00,4465.92,4472.01,4475.70,4469.29,4473.96,-0.437,8.45,38.23,28.54,27.12,-5.74,-4.17,-1.57,4475.45,4452.46,3997,2738,0.0,100.0,12,1,CROSS=EMA9<EMA21;TREND=1;STRUCT=1;VOL=1;COOL=1;EMA50=1;VWAP=1;BIAS=1,1.99,-0.76,25352.04,25596.74,full target: no partial booked
44,2026.01.07 08:09:36,2026.01.07 10:39:36,EXIT_TRAIL_SL,XAUUSD,M15,14,SELL,FULLTGT,DAY,0,4471.08,4483.31,4458.85,12.23,1.00,12.23,4458.85,4446.62,4434.39,4422.17,4409.94,0.10,0.10,0.00,4458.85,0.00,1.00,121.60,4463.63,4470.41,4474.87,4465.92,4472.01,-0.514,8.67,40.23,31.30,41.24,-6.38,-4.54,-1.84,4474.15,4454.46,3655,2810,14.3,85.7,5,1,CROSS=EMA9<EMA21;TREND=1;STRUCT=1;VOL=1;COOL=1;EMA50=1;VWAP=1;BIAS=1,2.26,-0.76,25473.99,25473.99,stopped at a trailed level
45,2026.01.07 13:00:00,2026.01.07 15:30:00,SKIP,XAUUSD,M15,14,FLAT,NA,DAY,0,0.00,0.00,0.00,0.00,1.00,0.00,0.00,0.00,0.00,0.00,0.00,0.00,0.00,0.00,0.00,0.00,0.00,0.00,4463.55,4463.46,4467.30,4463.31,4463.36,-0.538,7.14,21.47,50.30,51.18,-0.86,-1.61,0.76,4468.39,4464.50,1448,2149,57.1,14.3,5,1,CROSS=EMA9<EMA21;TREND=1;STRUCT=1;VOL=1;COOL=1;EMA50=1;VWAP=1;BIAS=1,0.00,0.00,25473.99,25473.99,outside the killzone window
46,2026.01.07 13:15:00,2026.01.07 15:45:00,SKIP,XAUUSD,M15,14,FLAT,NA,DAY,0,0.00,0.00,0.00,0.00,1.00,0.00,0.00,0.00,0.00,0.00,0.00,0.00,0.00,0.00,0.00,0.00,0.00,0.00,4463.22,4463.32,4467.09,4463.55,4463.46,-0.557,6.78,21.41,47.26,44.87,-0.90,-1.43,0.53,4468.31,4461.88,1505,2068,14.3,57.1,6,1,CROSS=EMA9<EMA21;TREND=1;STRUCT=1;VOL=1;COOL=1;EMA50=1;VWAP=1;BIAS=1,0.00,0.00,25473.99,25473.99,outside the killzone window
47,2026.01.07 18:45:00,2026.01.07 21:15:00,SKIP,XAUUSD,M15,14,FLAT,NA,EVENING,0,0.00,0.00,0.00,0.00,1.00,0.00,0.00,0.00,0.00,0.00,0.00,0.00,0.00,0.00,0.00,0.00,0.00,0.00,4450.87,4449.78,4455.42,4446.67,4447.99,-0.481,11.72,28.85,61.48,68.09,-0.85,-4.31,3.45,4459.44,4467.65,3755,3657,100.0,0.0,6,1,CROSS=EMA9<EMA21;TREND=1;STRUCT=1;VOL=1;COOL=1;EMA50=1;VWAP=1;BIAS=1,0.00,0.00,25473.99,25473.99,outside the killzone window
48,2026.01.08 01:00:00,2026.01.08 03:30:00,DAY_SUMMARY,XAUUSD,M15,14,FLAT,NA,DAY,0,0.00,0.00,0.00,0.00,1.00,0.00,0.00,0.00,0.00,0.00,0.00,0.00,0.00,0.00,0.00,0.00,1.00,121.60,4454.47,4453.93,4455.03,4454.00,4453.68,-0.186,5.91,14.04,53.23,54.74,0.55,0.72,-0.17,4458.63,4456.38,660,2272,42.9,28.6,8,1,CROSS=EMA9<EMA21;TREND=1;STRUCT=1;VOL=1;COOL=1;EMA50=1;VWAP=1;BIAS=1,0.00,0.00,25473.99,25473.99,2026.01.07 trades=1 W=1 L=0 gross_profit=121.60 gross_loss=0.00 net=121.60 PF=0.00
49,2026.01.08 03:45:00,2026.01.08 06:15:00,SKIP,XAUUSD,M15,14,FLAT,NA,DAY,0,0.00,0.00,0.00,0.00,1.00,0.00,0.00,0.00,0.00,0.00,0.00,0.00,0.00,0.00,0.00,0.00,0.00,0.00,4454.60,4455.39,4455.70,4456.36,4456.17,-0.050,6.21,22.85,41.80,38.05,-0.18,1.34,-1.52,4455.84,4447.56,3113,1892,0.0,85.7,12,1,CROSS=EMA9<EMA21;TREND=1;STRUCT=1;VOL=1;COOL=1;EMA50=1;VWAP=1;BIAS=1,0.00,0.00,25473.99,25473.99,already positioned that way
50,2026.01.08 17:00:00,2026.01.08 19:30:00,SKIP,XAUUSD,M15,14,FLAT,NA,EVENING,0,0.00,0.00,0.00,0.00,1.00,0.00,0.00,0.00,0.00,0.00,0.00,0.00,0.00,0.00,0.00,0.00,0.00,0.00,4427.87,4427.84,4432.08,4426.59,4427.33,-0.472,8.98,29.25,53.70,56.06,-0.72,-1.70,0.99,4433.42,4432.99,4387,2963,85.7,14.3,5,1,CROSS=EMA9>EMA21;TREND=1;STRUCT=1;VOL=1;COOL=1;EMA50=1;VWAP=0;BIAS=1,0.00,0.00,25473.99,25473.99,quality filter
51,2026.01.09 03:45:00,2026.01.09 06:15:00,SKIP,XAUUSD,M15,14,FLAT,NA,DAY,0,0.00,0.00,0.00,0.00,1.00,0.00,0.00,0.00,0.00,0.00,0.00,0.00,0.00,0.00,0.00,0.00,0.00,0.00,4464.74,4465.00,4457.57,4465.25,4465.22,1.143,6.50,35.33,49.04,46.90,1.80,5.25,-3.45,4465.74,4462.70,3049,1988,14.3,85.7,5,1,CROSS=EMA9<EMA21;TREND=1;STRUCT=1;VOL=1;COOL=1;EMA50=1;VWAP=1;BIAS=1,0.00,0.00,25473.99,25473.99,already positioned that way
52,2026.01.09 04:00:00,2026.01.09 06:30:00,ENTRY,XAUUSD,M15,16,BUY,FULLTGT,DAY,0,4469.00,4455.79,4455.79,13.21,1.00,13.21,4482.21,4495.43,4508.64,4521.86,4535.07,0.09,0.09,0.09,4469.00,0.00,0.00,0.00,4465.59,4465.36,4458.01,4464.74,4465.00,1.112,6.61,31.03,55.71,57.49,1.94,4.54,-2.60,4465.92,4469.00,3046,2047,85.7,14.3,5,1,CROSS=EMA9>EMA21;TREND=1;STRUCT=1;VOL=1;COOL=1;EMA50=1;VWAP=1;BIAS=1,0.00,0.00,25473.67,25473.22,KZ=ASIA; KZR=NY H @ 4490.94 224 bars ago (high taken); DAY 12AM-4PM IST session: stop x1.00 of usual; no partials; full size to TP5; SL steps BE->TP1->TP2->TP3
53,2026.01.09 06:00:00,2026.01.09 08:30:00,FLIP,XAUUSD,M15,16,BUY,FULLTGT,DAY,0,4469.00,4455.79,4455.79,13.21,1.00,13.21,4482.21,4495.43,4508.64,4521.86,4535.07,0.09,0.00,0.00,4464.13,0.00,-0.37,0.00,4466.12,4466.31,4460.63,4466.59,4466.52,0.898,6.32,21.60,48.32,45.47,0.88,1.98,-1.10,4466.99,4464.25,1278,2130,0.0,71.4,5,1,CROSS=EMA9<EMA21;TREND=1;STRUCT=1;VOL=1;COOL=1;EMA50=1;VWAP=1;BIAS=1,0.57,-0.64,25473.67,25429.84,opposite signal before SL/target | BUY -> SELL | closing trade 16
54,2026.01.09 06:00:00,2026.01.09 08:30:00,EXIT_FLIP,XAUUSD,M15,16,BUY,FULLTGT,DAY,0,4469.00,4455.79,4455.79,13.21,1.00,13.21,4482.21,4495.43,4508.64,4521.86,4535.07,0.09,0.09,0.00,4464.13,0.00,-0.37,0.00,4466.12,4466.31,4460.63,4466.59,4466.52,0.898,6.32,21.60,48.32,45.47,0.88,1.98,-1.10,4466.99,4464.25,1278,2130,0.0,71.4,5,1,CROSS=EMA9<EMA21;TREND=1;STRUCT=1;VOL=1;COOL=1;EMA50=1;VWAP=1;BIAS=1,0.57,-0.64,25429.52,25429.52,FLIP exit
55,2026.01.09 06:00:00,2026.01.09 08:30:00,EXIT_OTHER,XAUUSD,M15,16,BUY,FULLTGT,DAY,0,4469.00,4455.79,4455.79,13.21,1.00,13.21,4482.21,4495.43,4508.64,4521.86,4535.07,0.09,0.09,0.00,4464.13,0.00,-0.37,-44.47,4466.12,4466.31,4460.63,4466.59,4466.52,0.898,6.32,21.60,48.32,45.47,0.88,1.98,-1.10,4466.99,4464.25,1278,2130,0.0,71.4,5,1,CROSS=EMA9<EMA21;TREND=1;STRUCT=1;VOL=1;COOL=1;EMA50=1;VWAP=1;BIAS=1,0.57,-0.64,25429.52,25429.52,FLIP exit
56,2026.01.09 06:00:00,2026.01.09 08:30:00,ENTRY,XAUUSD,M15,18,SELL,FULLTGT,DAY,16,4464.13,4476.77,4476.77,12.64,1.00,12.64,4451.49,4438.85,4426.20,4413.56,4400.92,0.10,0.10,0.10,4464.13,0.00,0.00,0.00,4466.12,4466.31,4460.63,4466.59,4466.52,0.898,6.32,21.60,48.32,45.47,0.88,1.98,-1.10,4466.99,4464.25,1278,2130,0.0,71.4,5,1,CROSS=EMA9<EMA21;TREND=1;STRUCT=1;VOL=1;COOL=1;EMA50=1;VWAP=1;BIAS=1,0.00,0.00,25429.17,25428.67,KZ=ASIA; KZR=NY H @ 4490.94 232 bars ago (high taken); DAY 12AM-4PM IST session: stop x1.00 of usual; no partials; full size to TP5; SL steps BE->TP1->TP2->TP3; flipped from trade 16
57,2026.01.09 08:00:00,2026.01.09 10:30:00,SKIP,XAUUSD,M15,18,SELL,FULLTGT,DAY,16,4464.13,4476.77,4476.77,12.64,1.00,12.64,4451.49,4438.85,4426.20,4413.56,4400.92,0.10,0.00,0.00,0.00,0.00,0.00,0.00,4465.61,4465.60,4461.76,4464.99,4465.35,0.628,6.12,19.37,55.40,55.20,0.32,0.19,0.12,4466.50,4468.11,2592,2254,85.7,0.0,5,1,CROSS=EMA9<EMA21;TREND=1;STRUCT=1;VOL=1;COOL=1;EMA50=1;VWAP=1;BIAS=1,0.46,-0.61,25429.17,25387.67,outside the killzone window
58,2026.01.09 08:48:04,2026.01.09 11:18:04,EXIT_SL,XAUUSD,M15,18,SELL,FULLTGT,DAY,16,4464.13,4476.77,4476.77,12.64,1.00,12.64,4451.49,4438.85,4426.20,4413.56,4400.92,0.10,0.10,0.00,4476.83,0.00,-1.00,-127.70,4469.00,4467.25,4462.93,4467.48,4466.47,0.794,5.44,24.95,64.64,65.53,1.58,0.35,1.23,4467.00,4475.08,2333,2088,85.7,0.0,5,1,CROSS=EMA9<EMA21;TREND=1;STRUCT=1;VOL=1;COOL=1;EMA50=1;VWAP=1;BIAS=1,0.46,-1.00,25301.82,25301.82,stopped at the initial SL (x1.00 of usual)
59,2026.01.09 14:45:00,2026.01.09 17:15:00,SKIP,XAUUSD,M15,18,FLAT,NA,EVENING,16,0.00,0.00,0.00,0.00,1.00,0.00,0.00,0.00,0.00,0.00,0.00,0.00,0.00,0.00,0.00,0.00,0.00,0.00,4470.43,4470.63,4468.05,4471.51,4471.08,0.482,5.35,14.76,42.99,38.04,0.26,0.86,-0.60,4468.80,4466.13,2367,1675,0.0,85.7,7,1,CROSS=EMA9<EMA21;TREND=1;STRUCT=1;VOL=1;COOL=1;EMA50=1;VWAP=1;BIAS=1,0.00,0.00,25301.82,25301.82,already positioned that way
60,2026.01.09 15:45:00,2026.01.09 18:15:00,ENTRY,XAUUSD,M15,20,BUY,FULLTGT,EVENING,0,4487.09,4472.66,4472.66,14.43,1.00,14.43,4501.52,4515.96,4530.39,4544.82,4559.26,0.08,0.08,0.08,4487.09,0.00,0.00,0.00,4473.27,4471.74,4468.88,4469.90,4470.24,0.396,7.22,13.31,68.85,67.67,1.31,0.54,0.77,4469.19,4486.74,4881,2027,85.7,0.0,9,1,CROSS=EMA9>EMA21;TREND=1;STRUCT=1;VOL=1;COOL=1;EMA50=1;VWAP=1;BIAS=1,0.00,0.00,25301.54,25300.82,KZ=NY; KZR=London H @ 4477.63 6 bars ago (high taken); EVENING 4PM-12AM IST session: stop x1.00 of usual; no partials; full size to TP5; SL steps BE->TP1->TP2->TP3
61,2026.01.09 17:21:36,2026.01.09 19:51:36,SL_MOVE,XAUUSD,M15,20,BUY,FULLTGT,EVENING,0,4487.09,4472.66,4487.09,14.43,1.00,14.43,4501.52,4515.96,4530.39,4544.82,4559.26,0.08,0.00,0.08,4487.09,1.00,0.00,0.00,4487.35,4480.37,4473.64,4484.99,4478.73,0.706,9.53,20.13,68.20,62.96,6.13,2.95,3.18,4473.01,4496.78,4721,2862,85.7,0.0,5,1,CROSS=EMA9>EMA21;TREND=1;STRUCT=1;VOL=1;COOL=1;EMA50=1;VWAP=1;BIAS=1,1.00,-0.56,25301.54,25417.14,stop to breakeven
62,2026.01.09 17:21:36,2026.01.09 19:51:36,TP1_REACHED,XAUUSD,M15,20,BUY,FULLTGT,EVENING,0,4487.09,4472.66,4487.09,14.43,1.00,14.43,4501.52,4515.96,4530.39,4544.82,4559.26,0.08,0.00,0.08,4501.52,1.00,1.00,0.00,4487.35,4480.37,4473.64,4484.99,4478.73,0.706,9.53,20.13,68.20,62.96,6.13,2.95,3.18,4473.01,4496.78,4721,2862,85.7,0.0,5,1,CROSS=EMA9>EMA21;TREND=1;STRUCT=1;VOL=1;COOL=1;EMA50=1;VWAP=1;BIAS=1,1.00,-0.56,25301.54,25417.14,full target: no partial booked
63,2026.01.09 17:41:41,2026.01.09 20:11:41,SL_MOVE,XAUUSD,M15,20,BUY,FULLTGT,EVENING,0,4487.09,4472.66,4501.52,14.43,1.00,14.43,4501.52,4515.96,4530.39,4544.82,4559.26,0.08,0.00,0.08,4501.52,2.00,0.00,0.00,4490.97,4482.65,4474.89,4487.35,4480.37,0.764,10.16,24.11,72.89,71.43,7.32,3.79,3.52,4473.92,4505.47,4488,3028,85.7,0.0,5,1,CROSS=EMA9>EMA21;TREND=1;STRUCT=1;VOL=1;COOL=1;EMA50=1;VWAP=1;BIAS=1,2.00,-0.56,25301.54,25532.50,stop trailed to TP1
64,2026.01.09 17:41:41,2026.01.09 20:11:41,TP2_REACHED,XAUUSD,M15,20,BUY,FULLTGT,EVENING,0,4487.09,4472.66,4501.52,14.43,1.00,14.43,4501.52,4515.96,4530.39,4544.82,4559.26,0.08,0.00,0.08,4515.96,2.00,2.00,0.00,4490.97,4482.65,4474.89,4487.35,4480.37,0.764,10.16,24.11,72.89,71.43,7.32,3.79,3.52,4473.92,4505.47,4488,3028,85.7,0.0,5,1,CROSS=EMA9>EMA21;TREND=1;STRUCT=1;VOL=1;COOL=1;EMA50=1;VWAP=1;BIAS=1,2.00,-0.56,25301.54,25532.50,full target: no partial booked
65,2026.01.09 18:11:39,2026.01.09 20:41:39,EXIT_TRAIL_SL,XAUUSD,M15,20,BUY,FULLTGT,EVENING,0,4487.09,4472.66,4501.52,14.43,1.00,14.43,4501.52,4515.96,4530.39,4544.82,4559.26,0.08,0.08,0.00,4501.51,0.00,1.00,114.80,4499.03,4487.99,4477.86,4495.68,4485.55,0.957,10.59,32.86,74.12,59.23,9.84,5.73,4.11,4475.85,4512.41,3917,3281,85.7,14.3,9,1,CROSS=EMA9>EMA21;TREND=1;STRUCT=1;VOL=1;COOL=1;EMA50=1;VWAP=1;BIAS=1,2.08,-0.56,25416.62,25416.62,stopped at a trailed level
66,2026.01.12 01:00:00,2026.01.12 03:30:00,DAY_SUMMARY,XAUUSD,M15,20,FLAT,NA,DAY,0,0.00,0.00,0.00,0.00,1.00,0.00,0.00,0.00,0.00,0.00,0.00,0.00,0.00,0.00,0.00,0.00,-0.37,-57.37,4506.71,4502.55,4493.36,4506.06,4501.87,1.332,6.90,38.99,60.34,58.62,4.69,4.07,0.61,4483.08,4509.30,780,2422,85.7,0.0,7,1,CROSS=EMA9>EMA21;TREND=1;STRUCT=1;VOL=1;COOL=1;EMA50=1;VWAP=1;BIAS=1,0.00,0.00,25416.62,25416.62,2026.01.09 trades=3 W=1 L=2 gross_profit=114.80 gross_loss=172.17 net=-57.37 PF=0.67
67,2026.01.12 01:00:00,2026.01.12 03:30:00,WEEK_SUMMARY,XAUUSD,M15,20,FLAT,NA,DAY,0,0.00,0.00,0.00,0.00,1.00,0.00,0.00,0.00,0.00,0.00,0.00,0.00,0.00,0.00,0.00,0.00,0.55,54.70,4506.71,4502.55,4493.36,4506.06,4501.87,1.332,6.90,38.99,60.34,58.62,4.69,4.07,0.61,4483.08,4509.30,780,2422,85.7,0.0,7,1,CROSS=EMA9>EMA21;TREND=1;STRUCT=1;VOL=1;COOL=1;EMA50=1;VWAP=1;BIAS=1,0.00,0.00,25416.62,25416.62,days=3 trades=9 W=4 L=5 gross_profit=396.10 gross_loss=341.40 net=54.70 PF=1.16 pips=1027.0
68,2026.01.12 22:30:00,2026.01.13 01:00:00,SKIP,XAUUSD,M15,20,FLAT,NA,DAY,0,0.00,0.00,0.00,0.00,1.00,0.00,0.00,0.00,0.00,0.00,0.00,0.00,0.00,0.00,0.00,0.00,0.00,0.00,4609.27,4609.72,4600.23,4610.97,4610.44,1.180,8.04,19.59,44.75,36.24,1.21,3.13,-1.92,4590.69,4602.48,3014,2825,14.3,71.4,5,1,CROSS=EMA9>EMA21;TREND=1;STRUCT=1;VOL=1;COOL=1;EMA50=1;VWAP=1;BIAS=1,0.00,0.00,25416.62,25416.62,outside the killzone window
69,2026.01.13 06:00:00,2026.01.13 08:30:00,SKIP,XAUUSD,M15,20,FLAT,NA,DAY,0,0.00,0.00,0.00,0.00,1.00,0.00,0.00,0.00,0.00,0.00,0.00,0.00,0.00,0.00,0.00,0.00,0.00,0.00,4592.13,4592.05,4593.58,4591.61,4591.83,-0.167,9.20,28.89,51.19,54.62,-1.14,-3.46,2.32,4588.49,4594.22,1274,2407,85.7,0.0,5,1,CROSS=EMA9>EMA21;TREND=1;STRUCT=1;VOL=1;COOL=1;EMA50=1;VWAP=1;BIAS=1,0.00,0.00,25416.62,25416.62,already positioned that way
70,2026.01.13 08:30:00,2026.01.13 11:00:00,SKIP,XAUUSD,M15,20,FLAT,NA,DAY,0,0.00,0.00,0.00,0.00,1.00,0.00,0.00,0.00,0.00,0.00,0.00,0.00,0.00,0.00,0.00,0.00,0.00,0.00,4592.38,4593.14,4593.86,4594.25,4593.96,-0.103,6.98,24.42,41.51,34.34,-0.67,0.31,-0.98,4589.89,4584.88,3123,2256,0.0,85.7,7,1,CROSS=EMA9>EMA21;TREND=1;STRUCT=1;VOL=1;COOL=1;EMA50=1;VWAP=1;BIAS=1,0.00,0.00,25416.62,25416.62,outside the killzone window
71,2026.01.13 11:15:00,2026.01.13 13:45:00,SKIP,XAUUSD,M15,20,FLAT,NA,DAY,0,0.00,0.00,0.00,0.00,1.00,0.00,0.00,0.00,0.00,0.00,0.00,0.00,0.00,0.00,0.00,0.00,0.00,0.00,4589.70,4589.51,4591.29,4588.60,4589.05,-0.257,6.92,21.46,54.59,60.24,-0.59,-2.29,1.70,4588.63,4594.10,1896,2160,71.4,0.0,5,1,CROSS=EMA9>EMA21;TREND=1;STRUCT=1;VOL=1;COOL=1;EMA50=1;VWAP=1;BIAS=1,0.00,0.00,25416.62,25416.62,already positioned that way
72,2026.01.13 12:00:00,2026.01.13 14:30:00,ENTRY,XAUUSD,M15,22,SELL,FULLTGT,DAY,0,4586.16,4600.49,4600.49,14.33,1.00,14.33,4571.83,4557.49,4543.16,4528.83,4514.49,0.08,0.08,0.08,4586.16,0.00,0.00,0.00,4589.11,4589.30,4591.00,4589.85,4589.61,-0.238,7.17,19.43,46.08,42.16,-0.63,-1.52,0.89,4588.68,4586.18,1745,2259,14.3,57.1,11,1,CROSS=EMA9<EMA21;TREND=1;STRUCT=1;VOL=1;COOL=1;EMA50=1;VWAP=1;BIAS=1,0.00,0.00,25416.34,25415.46,KZ=LONDON; KZR=London H @ 4599.31 83 bars ago (high taken); DAY 12AM-4PM IST session: stop x1.00 of usual; no partials; full size to TP5; SL steps BE->TP1->TP2->TP3
73,2026.01.13 15:11:37,2026.01.13 17:41:37,EXIT_SL,XAUUSD,M15,22,SELL,FULLTGT,EVENING,0,4586.16,4600.49,4600.49,14.33,1.00,14.33,4571.83,4557.49,4543.16,4528.83,4514.49,0.08,0.08,0.00,4600.50,0.00,-1.00,-115.28,4587.18,4587.47,4589.26,4585.65,4586.89,-0.288,6.24,20.33,56.17,72.59,-0.65,-1.07,0.42,4588.21,4593.30,2040,1827,71.4,14.3,9,1,CROSS=EMA9<EMA21;TREND=1;STRUCT=1;VOL=1;COOL=1;EMA50=1;VWAP=1;BIAS=1,0.57,-1.00,25301.34,25301.34,stopped at the initial SL (x1.00 of usual)
74,2026.01.13 15:15:00,2026.01.13 17:45:00,ENTRY,XAUUSD,M15,24,BUY,FULLTGT,EVENING,0,4602.89,4589.41,4589.41,13.48,1.00,13.48,4616.37,4629.85,4643.33,4656.81,4670.29,0.09,0.09,0.09,4602.89,0.00,0.00,0.00,4590.31,4588.87,4589.80,4587.18,4587.47,-0.138,6.74,21.21,63.96,76.67,0.65,-0.86,1.52,4588.59,4602.84,3994,1907,85.7,0.0,10,1,CROSS=EMA9>EMA21;TREND=1;STRUCT=1;VOL=1;COOL=1;EMA50=1;VWAP=1;BIAS=1,0.00,0.00,25301.02,25300.12,KZ=NY; KZR=Asia H @ 4602.14 0 bars ago (high taken); EVENING 4PM-12AM IST session: stop x1.00 of usual; no partials; full size to TP5; SL steps BE->TP1->TP2->TP3
75,2026.01.13 15:41:38,2026.01.13 18:11:38,SL_MOVE,XAUUSD,M15,24,BUY,FULLTGT,EVENING,0,4602.89,4589.41,4602.89,13.48,1.00,13.48,4616.37,4629.85,4643.33,4656.81,4670.29,0.09,0.00,0.09,4602.89,1.00,0.00,0.00,4592.49,4589.99,4590.24,4590.31,4588.87,-0.039,6.49,22.04,61.91,76.81,1.53,-0.55,2.09,4589.00,4601.19,3662,1974,71.4,14.3,9,1,CROSS=EMA9>EMA21;TREND=1;STRUCT=1;VOL=1;COOL=1;EMA50=1;VWAP=1;BIAS=1,0.99,-0.24,25301.02,25422.34,stop to breakeven
76,2026.01.13 15:41:38,2026.01.13 18:11:38,TP1_REACHED,XAUUSD,M15,24,BUY,FULLTGT,EVENING,0,4602.89,4589.41,4602.89,13.48,1.00,13.48,4616.37,4629.85,4643.33,4656.81,4670.29,0.09,0.00,0.09,4616.37,1.00,1.00,0.00,4592.49,4589.99,4590.24,4590.31,4588.87,-0.039,6.49,22.04,61.91,76.81,1.53,-0.55,2.09,4589.00,4601.19,3662,1974,71.4,14.3,9,1,CROSS=EMA9>EMA21;TREND=1;STRUCT=1;VOL=1;COOL=1;EMA50=1;VWAP=1;BIAS=1,0.99,-0.24,25301.02,25422.34,full target: no partial booked
77,2026.01.13 16:47:05,2026.01.13 19:17:05,SL_MOVE,XAUUSD,M15,24,BUY,FULLTGT,EVENING,0,4602.89,4589.41,4616.37,13.48,1.00,13.48,4616.37,4629.85,4643.33,4656.81,4670.29,0.09,0.00,0.09,4616.37,2.00,0.00,0.00,4610.65,4600.93,4595.39,4606.85,4598.44,0.682,8.14,34.00,71.51,68.51,8.06,3.23,4.83,4592.81,4625.84,4585,2513,100.0,0.0,9,1,CROSS=EMA9>EMA21;TREND=1;STRUCT=1;VOL=1;COOL=1;EMA50=1;VWAP=1;BIAS=1,2.00,-0.24,25301.02,25543.75,stop trailed to TP1
78,2026.01.13 16:47:05,2026.01.13 19:17:05,TP2_REACHED,XAUUSD,M15,24,BUY,FULLTGT,EVENING,0,4602.89,4589.41,4616.37,13.48,1.00,13.48,4616.37,4629.85,4643.33,4656.81,4670.29,0.09,0.00,0.09,4629.85,2.00,2.00,0.00,4610.65,4600.93,4595.39,4606.85,4598.44,0.682,8.14,34.00,71.51,68.51,8.06,3.23,4.83,4592.81,4625.84,4585,2513,100.0,0.0,9,1,CROSS=EMA9>EMA21;TREND=1;STRUCT=1;VOL=1;COOL=1;EMA50=1;VWAP=1;BIAS=1,2.00,-0.24,25301.02,25543.75,full target: no partial booked
79,2026.01.13 17:03:38,2026.01.13 19:33:38,EXIT_TRAIL_SL,XAUUSD,M15,24,BUY,FULLTGT,EVENING,0,4602.89,4589.41,4616.37,13.48,1.00,13.48,4616.37,4629.85,4643.33,4656.81,4670.29,0.09,0.09,0.00,4616.32,0.00,1.00,120.23,4614.52,4603.58,4596.74,4610.65,4600.93,0.810,8.44,36.97,73.28,65.11,9.29,4.41,4.88,4593.93,4630.01,4656,2658,100.0,0.0,11,1,CROSS=EMA9>EMA21;TREND=1;STRUCT=1;VOL=1;COOL=1;EMA50=1;VWAP=1;BIAS=1,2.35,-0.24,25421.57,25421.57,stopped at a trailed level
80,2026.01.13 20:00:00,2026.01.13 22:30:00,SKIP,XAUUSD,M15,24,FLAT,NA,EVENING,0,0.00,0.00,0.00,0.00,1.00,0.00,0.00,0.00,0.00,0.00,0.00,0.00,0.00,0.00,0.00,0.00,0.00,0.00,4605.69,4606.21,4601.23,4609.51,4607.78,0.394,12.65,18.38,41.30,29.63,1.45,4.91,-3.47,4597.54,4590.43,4025,3839,0.0,85.7,2,1,CROSS=EMA9>EMA21;TREND=1;STRUCT=1;VOL=1;COOL=1;EMA50=1;VWAP=1;BIAS=1,0.00,0.00,25421.57,25421.57,outside the killzone window
81,2026.01.14 01:00:00,2026.01.14 03:30:00,DAY_SUMMARY,XAUUSD,M15,24,FLAT,NA,DAY,0,0.00,0.00,0.00,0.00,1.00,0.00,0.00,0.00,0.00,0.00,0.00,0.00,0.00,0.00,0.00,0.00,-0.00,4.95,4588.84,4593.46,4596.30,4589.47,4594.18,-0.310,9.14,40.65,42.03,45.86,-4.43,-3.70,-0.72,4596.36,4586.30,709,2794,0.0,85.7,8,1,CROSS=EMA9>EMA21;TREND=1;STRUCT=1;VOL=1;COOL=1;EMA50=1;VWAP=1;BIAS=1,0.00,0.00,25421.57,25421.57,2026.01.13 trades=2 W=1 L=1 gross_profit=120.23 gross_loss=115.28 net=4.95 PF=1.04
82,2026.01.14 02:15:00,2026.01.14 04:45:00,SKIP,XAUUSD,M15,24,FLAT,NA,DAY,0,0.00,0.00,0.00,0.00,1.00,0.00,0.00,0.00,0.00,0.00,0.00,0.00,0.00,0.00,0.00,0.00,0.00,0.00,4595.59,4595.31,4596.63,4593.17,4594.32,-0.158,8.32,33.93,58.36,67.66,-0.80,-3.29,2.49,4597.24,4605.26,1922,2322,85.7,0.0,5,1,CROSS=EMA9>EMA21;TREND=1;STRUCT=1;VOL=1;COOL=1;EMA50=1;VWAP=1;BIAS=1,0.00,0.00,25421.57,25421.57,already positioned that way
83,2026.01.14 16:45:00,2026.01.14 19:15:00,ENTRY,XAUUSD,M15,26,SELL,FULLTGT,EVENING,0,4618.83,4634.74,4634.74,15.91,1.00,15.91,4602.92,4587.01,4571.10,4555.19,4539.28,0.07,0.07,0.07,4618.83,0.00,0.00,0.00,4631.40,4632.20,4627.91,4634.50,4633.52,0.539,7.95,15.51,38.15,30.49,0.11,1.43,-1.32,4626.64,4619.02,4146,2545,0.0,85.7,11,1,CROSS=EMA9<EMA21;TREND=1;STRUCT=1;VOL=1;COOL=1;EMA50=1;VWAP=1;BIAS=1,0.00,0.00,25421.32,25420.55,KZ=NY; KZR=London H @ 4639.55 7 bars ago (high taken); EVENING 4PM-12AM IST session: stop x1.00 of usual; no partials; full size to TP5; SL steps BE->TP1->TP2->TP3
84,2026.01.14 17:04:42,2026.01.14 19:34:42,SL_MOVE,XAUUSD,M15,26,SELL,FULLTGT,EVENING,0,4618.83,4634.74,4618.83,15.91,1.00,15.91,4602.92,4587.01,4571.10,4555.19,4539.28,0.07,0.00,0.07,4618.83,1.00,0.00,0.00,4628.67,4630.88,4627.51,4631.40,4632.20,0.415,8.12,19.66,37.24,38.06,-1.03,1.11,-2.14,4626.34,4617.72,4149,2651,0.0,85.7,11,1,CROSS=EMA9<EMA21;TREND=1;STRUCT=1;VOL=1;COOL=1;EMA50=1;VWAP=1;BIAS=1,1.00,-0.13,25421.32,25532.69,stop to breakeven
85,2026.01.14 17:04:42,2026.01.14 19:34:42,TP1_REACHED,XAUUSD,M15,26,SELL,FULLTGT,EVENING,0,4618.83,4634.74,4618.83,15.91,1.00,15.91,4602.92,4587.01,4571.10,4555.19,4539.28,0.07,0.00,0.07,4602.92,1.00,1.00,0.00,4628.67,4630.88,4627.51,4631.40,4632.20,0.415,8.12,19.66,37.24,38.06,-1.03,1.11,-2.14,4626.34,4617.72,4149,2651,0.0,85.7,11,1,CROSS=EMA9<EMA21;TREND=1;STRUCT=1;VOL=1;COOL=1;EMA50=1;VWAP=1;BIAS=1,1.00,-0.13,25421.32,25532.69,full target: no partial booked
86,2026.01.14 17:16:28,2026.01.14 19:46:28,EXIT_BE,XAUUSD,M15,26,SELL,FULLTGT,EVENING,0,4618.83,4634.74,4618.83,15.91,1.00,15.91,4602.92,4587.01,4571.10,4555.19,4539.28,0.07,0.07,0.00,4618.89,0.00,-0.00,-0.92,4626.06,4629.50,4627.05,4628.67,4630.88,0.279,8.78,24.43,35.78,42.07,-2.08,0.64,-2.72,4625.89,4615.63,4671,2799,0.0,85.7,8,1,CROSS=EMA9<EMA21;TREND=1;STRUCT=1;VOL=1;COOL=1;EMA50=1;VWAP=1;BIAS=1,1.24,-0.13,25420.65,25420.65,stopped at breakeven
87,2026.01.14 21:00:00,2026.01.14 23:30:00,SKIP,XAUUSD,M15,26,FLAT,NA,EVENING,0,0.00,0.00,0.00,0.00,1.00,0.00,0.00,0.00,0.00,0.00,0.00,0.00,0.00,0.00,0.00,0.00,0.00,0.00,4624.05,4622.96,4623.73,4621.30,4621.76,-0.074,10.36,27.25,60.43,70.05,-0.35,-3.49,3.14,4623.95,4635.06,2904,3580,85.7,0.0,11,1,CROSS=EMA9<EMA21;TREND=1;STRUCT=1;VOL=1;COOL=1;EMA50=1;VWAP=1;BIAS=1,0.00,0.00,25420.65,25420.65,outside the killzone window
88,2026.01.14 23:45:00,2026.01.15 02:15:00,SKIP,XAUUSD,M15,26,FLAT,NA,DAY,0,0.00,0.00,0.00,0.00,1.00,0.00,0.00,0.00,0.00,0.00,0.00,0.00,0.00,0.00,0.00,0.00,0.00,0.00,4627.39,4627.51,4626.32,4628.98,4628.16,0.141,8.47,28.29,43.98,35.90,0.42,2.35,-1.93,4625.08,4621.00,1556,3048,0.0,85.7,40,1,CROSS=EMA9<EMA21;TREND=1;STRUCT=1;VOL=1;COOL=1;EMA50=1;VWAP=1;BIAS=1,0.00,0.00,25420.65,25420.65,outside the killzone window
89,2026.01.15 01:00:00,2026.01.15 03:30:00,DAY_SUMMARY,XAUUSD,M15,26,FLAT,NA,DAY,0,0.00,0.00,0.00,0.00,1.00,0.00,0.00,0.00,0.00,0.00,0.00,0.00,0.00,0.00,0.00,0.00,-0.00,-0.92,4627.19,4627.41,4626.32,4627.39,4627.51,0.129,8.46,26.38,49.20,47.69,0.28,2.11,-1.83,4625.08,4626.39,1449,2928,14.3,71.4,13,1,CROSS=EMA9<EMA21;TREND=1;STRUCT=1;VOL=1;COOL=1;EMA50=1;VWAP=1;BIAS=1,0.00,0.00,25420.65,25420.65,2026.01.14 trades=1 W=0 L=1 gross_profit=0.00 gross_loss=0.92 net=-0.92 PF=0.00
90,2026.01.15 09:00:00,2026.01.15 11:30:00,ENTRY,XAUUSD,M15,28,BUY,FULLTGT,DAY,0,4610.29,4589.98,4589.98,20.31,1.00,20.31,4630.60,4650.91,4671.22,4691.54,4711.85,0.06,0.06,0.06,4610.29,0.00,0.00,0.00,4601.23,4601.11,4607.98,4598.99,4600.20,-0.677,10.16,29.20,56.55,64.64,-1.95,-5.54,3.59,4601.93,4610.20,2790,2961,85.7,0.0,8,1,CROSS=EMA9>EMA21;TREND=1;STRUCT=1;VOL=1;COOL=1;EMA50=1;VWAP=1;BIAS=1,0.00,0.00,25420.44,25419.96,KZ=LONDON; KZR=NY H @ 4641.54 47 bars ago (high taken); DAY 12AM-4PM IST session: stop x1.00 of usual; no partials; full size to TP5; SL steps BE->TP1->TP2->TP3
91,2026.01.15 15:41:40,2026.01.15 18:11:40,EXIT_SL,XAUUSD,M15,28,BUY,FULLTGT,EVENING,0,4610.29,4589.98,4589.98,20.31,1.00,20.31,4630.60,4650.91,4671.22,4691.54,4711.85,0.06,0.06,0.00,4589.96,0.00,-1.00,-122.40,4613.07,4612.10,4610.70,4614.96,4612.76,0.254,5.51,31.16,41.70,22.87,1.76,3.43,-1.68,4605.31,4605.48,3550,2174,28.6,71.4,10,1,CROSS=EMA9>EMA21;TREND=1;STRUCT=1;VOL=1;COOL=1;EMA50=1;VWAP=1;BIAS=1,0.62,-1.00,25298.25,25298.25,stopped at the initial SL (x1.00 of usual)
92,2026.01.15 15:45:00,2026.01.15 18:15:00,ENTRY,XAUUSD,M15,30,SELL,FULLTGT,EVENING,0,4589.92,4602.03,4602.03,12.11,1.00,12.11,4577.81,4565.71,4553.60,4541.49,4529.39,0.10,0.10,0.10,4589.92,0.00,0.00,0.00,4608.44,4610.09,4609.89,4613.07,4612.10,0.033,6.05,34.81,28.96,20.21,-0.23,2.97,-3.20,4605.01,4589.95,4251,2284,0.0,100.0,9,1,CROSS=EMA9<EMA21;TREND=1;STRUCT=1;VOL=1;COOL=1;EMA50=1;VWAP=1;BIAS=1,0.00,0.00,25297.90,25297.00,KZ=NY; KZR=NY H @ 4641.54 74 bars ago (high taken); EVENING 4PM-12AM IST session: stop x1.00 of usual; no partials; full size to TP5; SL steps BE->TP1->TP2->TP3
93,2026.01.15 16:23:20,2026.01.15 18:53:20,EXIT_SL,XAUUSD,M15,30,SELL,FULLTGT,EVENING,0,4589.92,4602.03,4602.03,12.11,1.00,12.11,4577.81,4565.71,4553.60,4541.49,4529.39,0.10,0.10,0.00,4602.05,0.00,-1.00,-122.00,4603.50,4607.35,4608.68,4604.39,4608.10,-0.195,6.78,39.89,42.73,45.28,-2.29,1.60,-3.89,4604.39,4599.94,3664,2456,14.3,85.7,5,1,CROSS=EMA9<EMA21;TREND=1;STRUCT=1;VOL=1;COOL=1;EMA50=1;VWAP=1;BIAS=1,0.63,-1.00,25176.25,25176.25,stopped at the initial SL (x1.00 of usual)
94,2026.01.15 17:30:00,2026.01.15 20:00:00,ENTRY,XAUUSD,M15,32,BUY,FULLTGT,EVENING,0,4616.54,4600.47,4600.47,16.07,1.00,16.07,4632.61,4648.69,4664.76,4680.83,4696.91,0.07,0.07,0.07,4616.54,0.00,0.00,0.00,4608.52,4608.37,4608.85,4606.52,4607.55,-0.060,8.04,25.27,58.16,62.67,-0.05,-1.11,1.05,4604.87,4616.55,3900,2961,100.0,0.0,5,1,CROSS=EMA9>EMA21;TREND=1;STRUCT=1;VOL=1;COOL=1;EMA50=1;VWAP=1;BIAS=1,0.00,0.00,25176.00,25175.65,KZ=NY; KZR=NY H @ 4641.54 81 bars ago (high taken); EVENING 4PM-12AM IST session: stop x1.00 of usual; no partials; full size to TP5; SL steps BE->TP1->TP2->TP3
95,2026.01.15 22:30:00,2026.01.16 01:00:00,SKIP,XAUUSD,M15,32,BUY,FULLTGT,DAY,0,4616.54,4600.47,4600.47,16.07,1.00,16.07,4632.61,4648.69,4664.76,4680.83,4696.91,0.07,0.00,0.00,0.00,0.00,0.00,0.00,4612.44,4612.84,4611.59,4614.31,4613.62,0.190,6.57,26.39,40.96,33.53,0.34,1.88,-1.54,4606.97,4604.95,3555,2916,0.0,100.0,5,1,CROSS=EMA9>EMA21;TREND=1;STRUCT=1;VOL=1;COOL=1;EMA50=1;VWAP=1;BIAS=1,0.50,-0.98,25176.00,25095.01,outside the killzone window
96,2026.01.16 01:00:00,2026.01.16 03:30:00,DAY_SUMMARY,XAUUSD,M15,32,BUY,FULLTGT,DAY,0,4616.54,4600.47,4600.47,16.07,1.00,16.07,4632.61,4648.69,4664.76,4680.83,4696.91,0.07,0.00,0.00,0.00,0.00,-2.00,-244.40,4612.97,4612.68,4611.71,4612.27,4612.37,0.187,5.18,23.29,54.35,59.41,0.39,0.32,0.07,4607.06,4615.76,879,2324,71.4,0.0,12,1,CROSS=EMA9>EMA21;TREND=1;STRUCT=1;VOL=1;COOL=1;EMA50=1;VWAP=1;BIAS=1,0.50,-0.98,25176.00,25179.70,2026.01.15 trades=2 W=0 L=2 gross_profit=0.00 gross_loss=244.40 net=-244.40 PF=0.00
97,2026.01.16 01:00:00,2026.01.16 03:30:00,SKIP,XAUUSD,M15,32,BUY,FULLTGT,DAY,0,4616.54,4600.47,4600.47,16.07,1.00,16.07,4632.61,4648.69,4664.76,4680.83,4696.91,0.07,0.00,0.00,0.00,0.00,0.00,0.00,4612.97,4612.68,4611.71,4612.27,4612.37,0.187,5.18,23.29,54.35,59.41,0.39,0.32,0.07,4607.06,4615.76,879,2324,71.4,0.0,12,1,CROSS=EMA9>EMA21;TREND=1;STRUCT=1;VOL=1;COOL=1;EMA50=1;VWAP=1;BIAS=1,0.50,-0.98,25176.00,25179.70,outside the killzone window
98,2026.01.16 01:30:00,2026.01.16 04:00:00,SKIP,XAUUSD,M15,32,BUY,FULLTGT,DAY,0,4616.54,4600.47,4600.47,16.07,1.00,16.07,4632.61,4648.69,4664.76,4680.83,4696.91,0.07,0.00,0.00,0.00,0.00,0.00,0.00,4612.33,4612.45,4611.69,4613.18,4612.80,0.144,5.28,23.15,45.66,40.01,0.09,0.01,0.08,4613.03,4608.90,1999,2209,14.3,57.1,12,1,CROSS=EMA9>EMA21;TREND=1;STRUCT=1;VOL=1;COOL=1;EMA50=1;VWAP=1;BIAS=1,0.50,-0.98,25176.00,25119.01,outside the killzone window
99,2026.01.16 02:46:24,2026.01.16 05:16:24,EXIT_SL,XAUUSD,M15,32,BUY,FULLTGT,DAY,0,4616.54,4600.47,4600.47,16.07,1.00,16.07,4632.61,4648.69,4664.76,4680.83,4696.91,0.07,0.07,0.00,4600.47,0.00,-1.00,-117.41,4608.06,4610.16,4610.76,4609.70,4611.03,-0.109,5.54,21.47,38.76,34.49,-1.58,-0.32,-1.26,4608.86,4601.50,1930,1931,0.0,71.4,5,1,CROSS=EMA9>EMA21;TREND=1;STRUCT=1;VOL=1;COOL=1;EMA50=1;VWAP=1;BIAS=1,0.50,-1.00,25058.84,25058.84,stopped at the initial SL (x1.00 of usual)
100,2026.01.16 08:00:00,2026.01.16 10:30:00,SKIP,XAUUSD,M15,32,FLAT,NA,DAY,0,0.00,0.00,0.00,0.00,1.00,0.00,0.00,0.00,0.00,0.00,0.00,0.00,0.00,0.00,0.00,0.00,0.00,0.00,4602.92,4602.32,4604.96,4600.75,4601.39,-0.438,6.04,24.72,61.61,70.23,-0.53,-2.62,2.09,4601.94,4611.60,2792,2352,85.7,0.0,5,1,CROSS=EMA9>EMA21;TREND=1;STRUCT=1;VOL=1;COOL=1;EMA50=1;VWAP=1;BIAS=1,0.00,0.00,25058.84,25058.84,outside the killzone window
101,2026.01.16 08:45:00,2026.01.16 11:15:00,SKIP,XAUUSD,M15,32,FLAT,NA,DAY,0,0.00,0.00,0.00,0.00,1.00,0.00,0.00,0.00,0.00,0.00,0.00,0.00,0.00,0.00,0.00,0.00,0.00,0.00,4602.05,4602.12,4604.59,4603.54,4602.72,-0.397,6.24,21.43,42.47,38.53,-0.66,-1.53,0.88,4602.23,4596.06,2566,2298,14.3,71.4,9,1,CROSS=EMA9>EMA21;TREND=1;STRUCT=1;VOL=1;COOL=1;EMA50=1;VWAP=1;BIAS=1,0.00,0.00,25058.84,25058.84,outside the killzone window
102,2026.01.16 09:15:00,2026.01.16 11:45:00,SKIP,XAUUSD,M15,32,FLAT,NA,DAY,0,0.00,0.00,0.00,0.00,1.00,0.00,0.00,0.00,0.00,0.00,0.00,0.00,0.00,0.00,0.00,0.00,0.00,0.00,4603.06,4602.53,4604.57,4601.29,4601.76,-0.311,6.58,19.60,57.21,60.90,-0.13,-1.02,0.89,4602.18,4610.16,2501,2279,85.7,0.0,8,1,CROSS=EMA9>EMA21;TREND=1;STRUCT=1;VOL=1;COOL=1;EMA50=1;VWAP=1;BIAS=1,0.00,0.00,25058.84,25058.84,already positioned that way
103,2026.01.16 12:00:00,2026.01.16 14:30:00,ENTRY,XAUUSD,M15,34,SELL,FULLTGT,DAY,0,4600.74,4614.98,4614.98,14.24,1.00,14.24,4586.50,4572.26,4558.01,4543.77,4529.53,0.08,0.08,0.08,4600.74,0.00,0.00,0.00,4603.12,4603.27,4604.34,4603.72,4603.53,-0.150,7.12,20.27,46.98,43.42,-0.10,0.38,-0.47,4602.77,4600.72,1485,2117,0.0,71.4,5,1,CROSS=EMA9<EMA21;TREND=1;STRUCT=1;VOL=1;COOL=1;EMA50=1;VWAP=1;BIAS=1,0.00,0.00,25058.56,25058.16,KZ=LONDON; KZR=NY H @ 4641.54 155 bars ago (high taken); DAY 12AM-4PM IST session: stop x1.00 of usual; no partials; full size to TP5; SL steps BE->TP1->TP2->TP3
104,2026.01.16 12:15:00,2026.01.16 14:45:00,FLIP,XAUUSD,M15,34,SELL,FULLTGT,DAY,0,4600.74,4614.98,4614.98,14.24,1.00,14.24,4586.50,4572.26,4558.01,4543.77,4529.53,0.08,0.00,0.00,4607.08,0.00,-0.45,0.00,4603.91,4603.61,4604.44,4603.12,4603.27,-0.113,7.33,17.84,53.65,56.93,0.21,0.35,-0.13,4602.82,4607.04,1689,2131,57.1,14.3,5,1,CROSS=EMA9>EMA21;TREND=1;STRUCT=1;VOL=1;COOL=1;EMA50=1;VWAP=1;BIAS=1,0.00,-0.51,25058.56,25007.84,opposite signal before SL/target | SELL -> BUY | closing trade 34
105,2026.01.16 12:15:00,2026.01.16 14:45:00,EXIT_FLIP,XAUUSD,M15,34,SELL,FULLTGT,DAY,0,4600.74,4614.98,4614.98,14.24,1.00,14.24,4586.50,4572.26,4558.01,4543.77,4529.53,0.08,0.08,0.00,4607.08,0.00,-0.45,0.00,4603.91,4603.61,4604.44,4603.12,4603.27,-0.113,7.33,17.84,53.65,56.93,0.21,0.35,-0.13,4602.82,4607.04,1689,2131,57.1,14.3,5,1,CROSS=EMA9>EMA21;TREND=1;STRUCT=1;VOL=1;COOL=1;EMA50=1;VWAP=1;BIAS=1,0.00,-0.51,25007.56,25007.56,FLIP exit
106,2026.01.16 12:15:00,2026.01.16 14:45:00,EXIT_OTHER,XAUUSD,M15,34,SELL,FULLTGT,DAY,0,4600.74,4614.98,4614.98,14.24,1.00,14.24,4586.50,4572.26,4558.01,4543.77,4529.53,0.08,0.08,0.00,4607.08,0.00,-0.45,-51.28,4603.91,4603.61,4604.44,4603.12,4603.27,-0.113,7.33,17.84,53.65,56.93,0.21,0.35,-0.13,4602.82,4607.04,1689,2131,57.1,14.3,5,1,CROSS=EMA9>EMA21;TREND=1;STRUCT=1;VOL=1;COOL=1;EMA50=1;VWAP=1;BIAS=1,0.00,-0.51,25007.56,25007.56,FLIP exit
107,2026.01.16 12:15:00,2026.01.16 14:45:00,ENTRY,XAUUSD,M15,36,BUY,FULLTGT,DAY,34,4607.08,4592.43,4592.43,14.65,1.00,14.65,4621.73,4636.38,4651.03,4665.68,4680.33,0.08,0.08,0.08,4607.08,0.00,0.00,0.00,4603.91,4603.61,4604.44,4603.12,4603.27,-0.113,7.33,17.84,53.65,56.93,0.21,0.35,-0.13,4602.82,4607.04,1689,2131,57.1,14.3,5,1,CROSS=EMA9>EMA21;TREND=1;STRUCT=1;VOL=1;COOL=1;EMA50=1;VWAP=1;BIAS=1,0.00,0.00,25007.28,25006.88,KZ=LONDON; KZR=NY H @ 4641.54 156 bars ago (high taken); DAY 12AM-4PM IST session: stop x1.00 of usual; no partials; full size to TP5; SL steps BE->TP1->TP2->TP3; flipped from trade 34
108,2026.01.16 15:15:00,2026.01.16 17:45:00,FLIP,XAUUSD,M15,36,BUY,FULLTGT,EVENING,0,4607.08,4592.43,4592.43,14.65,1.00,14.65,4621.73,4636.38,4651.03,4665.68,4680.33,0.08,0.00,0.00,4596.37,0.00,-0.73,0.00,4604.47,4605.18,4605.19,4606.50,4606.06,-0.002,6.02,25.72,40.66,31.93,-0.13,1.20,-1.33,4603.47,4596.38,3738,1868,0.0,100.0,9,1,CROSS=EMA9<EMA21;TREND=1;STRUCT=1;VOL=1;COOL=1;EMA50=1;VWAP=1;BIAS=1,0.62,-0.87,25007.28,24921.60,opposite signal before SL/target | BUY -> SELL | closing trade 36
109,2026.01.16 15:15:00,2026.01.16 17:45:00,EXIT_FLIP,XAUUSD,M15,36,BUY,FULLTGT,EVENING,0,4607.08,4592.43,4592.43,14.65,1.00,14.65,4621.73,4636.38,4651.03,4665.68,4680.33,0.08,0.08,0.00,4596.37,0.00,-0.73,0.00,4604.47,4605.18,4605.19,4606.50,4606.06,-0.002,6.02,25.72,40.66,31.93,-0.13,1.20,-1.33,4603.47,4596.38,3738,1868,0.0,100.0,9,1,CROSS=EMA9<EMA21;TREND=1;STRUCT=1;VOL=1;COOL=1;EMA50=1;VWAP=1;BIAS=1,0.62,-0.87,24921.32,24921.32,FLIP exit
110,2026.01.16 15:15:00,2026.01.16 17:45:00,EXIT_OTHER,XAUUSD,M15,36,BUY,FULLTGT,EVENING,0,4607.08,4592.43,4592.43,14.65,1.00,14.65,4621.73,4636.38,4651.03,4665.68,4680.33,0.08,0.08,0.00,4596.37,0.00,-0.73,-86.24,4604.47,4605.18,4605.19,4606.50,4606.06,-0.002,6.02,25.72,40.66,31.93,-0.13,1.20,-1.33,4603.47,4596.38,3738,1868,0.0,100.0,9,1,CROSS=EMA9<EMA21;TREND=1;STRUCT=1;VOL=1;COOL=1;EMA50=1;VWAP=1;BIAS=1,0.62,-0.87,24921.32,24921.32,FLIP exit
111,2026.01.16 15:15:00,2026.01.16 17:45:00,ENTRY,XAUUSD,M15,38,SELL,FULLTGT,EVENING,36,4596.37,4608.40,4608.40,12.03,1.00,12.03,4584.34,4572.31,4560.28,4548.25,4536.22,0.10,0.10,0.10,4596.37,0.00,0.00,0.00,4604.47,4605.18,4605.19,4606.50,4606.06,-0.002,6.02,25.72,40.66,31.93,-0.13,1.20,-1.33,4603.47,4596.38,3738,1868,0.0,100.0,9,1,CROSS=EMA9<EMA21;TREND=1;STRUCT=1;VOL=1;COOL=1;EMA50=1;VWAP=1;BIAS=1,0.00,0.00,24920.97,24920.07,KZ=NY; KZR=NY H @ 4641.54 168 bars ago (high taken); EVENING 4PM-12AM IST session: stop x1.00 of usual; no partials; full size to TP5; SL steps BE->TP1->TP2->TP3; flipped from trade 36
112,2026.01.16 15:18:03,2026.01.16 17:48:03,SL_MOVE,XAUUSD,M15,38,SELL,FULLTGT,EVENING,36,4596.37,4608.40,4596.37,12.03,1.00,12.03,4584.34,4572.31,4560.28,4548.25,4536.22,0.10,0.00,0.10,4596.37,1.00,0.00,0.00,4604.47,4605.18,4605.19,4606.50,4606.06,-0.002,6.02,25.72,40.66,31.93,-0.13,1.20,-1.33,4603.47,4596.38,3738,1868,0.0,100.0,11,1,CROSS=EMA9<EMA21;TREND=1;STRUCT=1;VOL=1;COOL=1;EMA50=1;VWAP=1;BIAS=1,1.00,-0.12,24920.97,25041.67,stop to breakeven
113,2026.01.16 15:18:03,2026.01.16 17:48:03,TP1_REACHED,XAUUSD,M15,38,SELL,FULLTGT,EVENING,36,4596.37,4608.40,4596.37,12.03,1.00,12.03,4584.34,4572.31,4560.28,4548.25,4536.22,0.10,0.00,0.10,4584.34,1.00,1.00,0.00,4604.47,4605.18,4605.19,4606.50,4606.06,-0.002,6.02,25.72,40.66,31.93,-0.13,1.20,-1.33,4603.47,4596.38,3738,1868,0.0,100.0,11,1,CROSS=EMA9<EMA21;TREND=1;STRUCT=1;VOL=1;COOL=1;EMA50=1;VWAP=1;BIAS=1,1.00,-0.12,24920.97,25041.67,full target: no partial booked
114,2026.01.16 15:34:04,2026.01.16 18:04:04,EXIT_BE,XAUUSD,M15,38,SELL,FULLTGT,EVENING,36,4596.37,4608.40,4596.37,12.03,1.00,12.03,4584.34,4572.31,4560.28,4548.25,4536.22,0.10,0.10,0.00,4596.38,0.00,-0.00,-0.80,4600.96,4603.52,4604.48,4604.47,4605.18,-0.148,6.47,29.72,33.79,27.35,-1.56,0.98,-2.54,4603.00,4586.89,4016,1974,0.0,100.0,8,1,CROSS=EMA9<EMA21;TREND=1;STRUCT=1;VOL=1;COOL=1;EMA50=1;VWAP=1;BIAS=1,1.14,-0.12,24920.52,24920.52,stopped at breakeven
115,2026.01.16 17:00:00,2026.01.16 19:30:00,ENTRY,XAUUSD,M15,40,BUY,FULLTGT,EVENING,0,4607.75,4591.89,4591.89,15.86,1.00,15.86,4623.61,4639.46,4655.32,4671.17,4687.03,0.07,0.07,0.07,4607.75,0.00,0.00,0.00,4603.98,4603.95,4604.43,4603.00,4603.55,-0.061,7.93,22.09,53.07,54.14,-0.15,-0.78,0.63,4603.03,4607.90,3866,2533,71.4,14.3,8,1,CROSS=EMA9>EMA21;TREND=1;STRUCT=1;VOL=1;COOL=1;EMA50=1;VWAP=1;BIAS=1,0.00,0.00,24920.27,24919.71,KZ=NY; KZR=NY H @ 4641.54 175 bars ago (high taken); EVENING 4PM-12AM IST session: stop x1.00 of usual; no partials; full size to TP5; SL steps BE->TP1->TP2->TP3
116,2026.01.16 17:24:34,2026.01.16 19:54:34,EXIT_SL,XAUUSD,M15,40,BUY,FULLTGT,EVENING,0,4607.75,4591.89,4591.89,15.86,1.00,15.86,4623.61,4639.46,4655.32,4671.17,4687.03,0.07,0.07,0.00,4591.88,0.00,-1.00,-111.59,4606.40,4605.05,4604.89,4603.98,4603.95,0.020,8.38,22.43,58.45,45.61,0.84,-0.77,1.61,4603.33,4616.09,3785,2638,71.4,14.3,10,1,CROSS=EMA9>EMA21;TREND=1;STRUCT=1;VOL=1;COOL=1;EMA50=1;VWAP=1;BIAS=1,0.80,-1.00,24808.93,24808.93,stopped at the initial SL (x1.00 of usual)
117,2026.01.16 17:30:00,2026.01.16 20:00:00,ENTRY,XAUUSD,M15,42,SELL,FULLTGT,EVENING,0,4564.94,4586.04,4586.04,21.10,1.00,21.10,4543.84,4522.74,4501.65,4480.55,4459.45,0.05,0.05,0.05,4564.94,0.00,0.00,0.00,4598.19,4601.44,4603.34,4606.40,4605.05,-0.179,10.55,20.21,33.12,26.65,-2.44,-1.03,-1.42,4602.73,4565.36,4450,2782,0.0,85.7,10,1,CROSS=EMA9<EMA21;TREND=1;STRUCT=1;VOL=1;COOL=1;EMA50=1;VWAP=1;BIAS=1,0.00,0.00,24808.75,24808.25,KZ=NY; KZR=London L @ 4579.50 0 bars ago (low taken); EVENING 4PM-12AM IST session: stop x1.00 of usual; no partials; full size to TP5; SL steps BE->TP1->TP2->TP3
118,2026.01.16 17:33:40,2026.01.16 20:03:40,SL_MOVE,XAUUSD,M15,42,SELL,FULLTGT,EVENING,0,4564.94,4586.04,4564.94,21.10,1.00,21.10,4543.84,4522.74,4501.65,4480.55,4459.45,0.05,0.00,0.05,4564.94,1.00,0.00,0.00,4598.19,4601.44,4603.34,4606.40,4605.05,-0.179,10.55,20.21,33.12,26.65,-2.44,-1.03,-1.42,4602.73,4565.36,4450,2782,0.0,85.7,10,1,CROSS=EMA9<EMA21;TREND=1;STRUCT=1;VOL=1;COOL=1;EMA50=1;VWAP=1;BIAS=1,0.99,-0.26,24808.75,24914.50,stop to breakeven
119,2026.01.16 17:33:40,2026.01.16 20:03:40,TP1_REACHED,XAUUSD,M15,42,SELL,FULLTGT,EVENING,0,4564.94,4586.04,4564.94,21.10,1.00,21.10,4543.84,4522.74,4501.65,4480.55,4459.45,0.05,0.00,0.05,4543.84,1.00,1.00,0.00,4598.19,4601.44,4603.34,4606.40,4605.05,-0.179,10.55,20.21,33.12,26.65,-2.44,-1.03,-1.42,4602.73,4565.36,4450,2782,0.0,85.7,10,1,CROSS=EMA9<EMA21;TREND=1;STRUCT=1;VOL=1;COOL=1;EMA50=1;VWAP=1;BIAS=1,0.99,-0.26,24808.75,24914.50,full target: no partial booked
120,2026.01.16 17:45:42,2026.01.16 20:15:42,EXIT_BE,XAUUSD,M15,42,SELL,FULLTGT,EVENING,0,4564.94,4586.04,4564.94,21.10,1.00,21.10,4543.84,4522.74,4501.65,4480.55,4459.45,0.05,0.05,0.00,4565.01,0.00,-0.00,-0.71,4589.62,4597.25,4601.45,4598.19,4601.44,-0.352,11.95,21.10,30.32,29.74,-5.79,-1.50,-4.29,4601.28,4555.31,4719,2951,0.0,85.7,8,1,CROSS=EMA9<EMA21;TREND=1;STRUCT=1;VOL=1;COOL=1;EMA50=1;VWAP=1;BIAS=1,1.33,-0.26,24808.22,24808.22,stopped at breakeven
121,2026.01.16 23:45:00,2026.01.17 02:15:00,SKIP,XAUUSD,M15,42,FLAT,NA,DAY,0,0.00,0.00,0.00,0.00,1.00,0.00,0.00,0.00,0.00,0.00,0.00,0.00,0.00,0.00,0.00,0.00,0.00,0.00,4589.02,4588.99,4592.92,4587.73,4588.46,-0.471,8.36,20.38,53.41,57.00,-0.90,-2.02,1.13,4596.70,4594.20,1137,2640,57.1,14.3,40,1,CROSS=EMA9<EMA21;TREND=1;STRUCT=1;VOL=1;COOL=1;EMA50=1;VWAP=1;BIAS=1,0.00,0.00,24808.22,24808.22,weekend cutoff
122,2026.01.19 01:00:00,2026.01.19 03:30:00,DAY_SUMMARY,XAUUSD,M15,42,FLAT,NA,DAY,0,0.00,0.00,0.00,0.00,1.00,0.00,0.00,0.00,0.00,0.00,0.00,0.00,0.00,0.00,0.00,0.00,-3.18,-368.03,4590.35,4589.59,4593.03,4589.02,4588.99,-0.433,7.94,22.17,54.42,58.89,-0.28,-1.71,1.43,4596.69,4595.65,775,2488,57.1,14.3,11,1,CROSS=EMA9<EMA21;TREND=1;STRUCT=1;VOL=1;COOL=1;EMA50=1;VWAP=1;BIAS=1,0.00,0.00,24808.22,24808.22,2026.01.16 trades=6 W=0 L=6 gross_profit=0.00 gross_loss=368.03 net=-368.03 PF=0.00
123,2026.01.19 01:00:00,2026.01.19 03:30:00,WEEK_SUMMARY,XAUUSD,M15,42,FLAT,NA,DAY,0,0.00,0.00,0.00,0.00,1.00,0.00,0.00,0.00,0.00,0.00,0.00,0.00,0.00,0.00,0.00,0.00,-5.19,-608.40,4590.35,4589.59,4593.03,4589.02,4588.99,-0.433,7.94,22.17,54.42,58.89,-0.28,-1.71,1.43,4596.69,4595.65,775,2488,57.1,14.3,11,1,CROSS=EMA9<EMA21;TREND=1;STRUCT=1;VOL=1;COOL=1;EMA50=1;VWAP=1;BIAS=1,0.00,0.00,24808.22,24808.22,days=4 trades=11 W=1 L=10 gross_profit=120.23 gross_loss=728.63 net=-608.40 PF=0.17 pips=-8250.0
124,2026.01.19 13:15:00,2026.01.19 15:45:00,SKIP,XAUUSD,M15,42,FLAT,NA,DAY,0,0.00,0.00,0.00,0.00,1.00,0.00,0.00,0.00,0.00,0.00,0.00,0.00,0.00,0.00,0.00,0.00,0.00,0.00,4665.84,4666.00,4656.38,4666.20,4666.16,1.642,5.85,26.73,49.56,44.64,1.21,2.65,-1.43,4666.47,4664.39,1289,1783,0.0,85.7,5,1,CROSS=EMA9<EMA21;TREND=1;STRUCT=1;VOL=1;COOL=1;EMA50=1;VWAP=1;BIAS=1,0.00,0.00,24808.22,24808.22,outside the killzone window
125,2026.01.19 14:30:00,2026.01.19 17:00:00,ENTRY,XAUUSD,M15,44,BUY,FULLTGT,EVENING,0,4670.96,4659.25,4659.25,11.71,1.00,11.71,4682.67,4694.38,4706.09,4717.80,4729.51,0.10,0.10,0.10,4670.96,0.00,0.00,0.00,4666.16,4666.00,4658.11,4664.96,4665.51,1.348,5.85,32.19,56.59,61.60,0.88,1.24,-0.36,4666.36,4670.94,1836,1685,85.7,14.3,7,1,CROSS=EMA9>EMA21;TREND=1;STRUCT=1;VOL=1;COOL=1;EMA50=1;VWAP=1;BIAS=1,0.00,0.00,24807.87,24807.17,KZ=NY; KZR=Asia H @ 4678.44 22 bars ago (high taken); EVENING 4PM-12AM IST session: stop x1.00 of usual; no partials; full size to TP5; SL steps BE->TP1->TP2->TP3
126,2026.01.20 01:45:00,2026.01.20 04:15:00,SKIP,XAUUSD,M15,44,BUY,FULLTGT,DAY,0,4670.96,4659.25,4659.25,11.71,1.00,11.71,4682.67,4694.38,4706.09,4717.80,4729.51,0.10,0.00,0.00,0.00,0.00,0.00,0.00,4670.82,4671.43,4667.66,4671.99,4671.95,0.821,4.58,21.64,40.21,35.23,0.19,1.78,-1.59,4669.06,4666.15,1180,1435,0.0,71.4,5,1,CROSS=EMA9>EMA21;TREND=1;STRUCT=1;VOL=1;COOL=1;EMA50=1;VWAP=1;BIAS=1,0.80,-0.79,24807.87,24753.45,outside the killzone window
127,2026.01.20 04:45:00,2026.01.20 07:15:00,SKIP,XAUUSD,M15,44,BUY,FULLTGT,DAY,0,4670.96,4659.25,4659.25,11.71,1.00,11.71,4682.67,4694.38,4706.09,4717.80,4729.51,0.10,0.00,0.00,0.00,0.00,0.00,0.00,4669.99,4669.60,4667.86,4668.98,4669.16,0.295,5.92,18.89,55.70,60.24,0.12,-0.93,1.05,4668.57,4674.05,2551,1700,85.7,0.0,5,1,CROSS=EMA9>EMA21;TREND=1;STRUCT=1;VOL=1;COOL=1;EMA50=1;VWAP=1;BIAS=1,0.80,-0.98,24807.87,24833.35,already positioned that way
128,2026.01.20 06:18:03,2026.01.20 08:48:03,SL_MOVE,XAUUSD,M15,44,BUY,FULLTGT,DAY,0,4670.96,4659.25,4670.96,11.71,1.00,11.71,4682.67,4694.38,4706.09,4717.80,4729.51,0.10,0.00,0.10,4670.96,1.00,0.00,0.00,4674.99,4672.34,4669.49,4673.62,4671.53,0.462,6.17,29.66,61.45,69.29,2.07,0.49,1.58,4670.30,4680.45,1660,1967,85.7,0.0,5,1,CROSS=EMA9>EMA21;TREND=1;STRUCT=1;VOL=1;COOL=1;EMA50=1;VWAP=1;BIAS=1,1.00,-0.98,24807.87,24918.95,stop to breakeven
129,2026.01.20 06:18:03,2026.01.20 08:48:03,TP1_REACHED,XAUUSD,M15,44,BUY,FULLTGT,DAY,0,4670.96,4659.25,4670.96,11.71,1.00,11.71,4682.67,4694.38,4706.09,4717.80,4729.51,0.10,0.00,0.10,4682.67,1.00,1.00,0.00,4674.99,4672.34,4669.49,4673.62,4671.53,0.462,6.17,29.66,61.45,69.29,2.07,0.49,1.58,4670.30,4680.45,1660,1967,85.7,0.0,5,1,CROSS=EMA9>EMA21;TREND=1;STRUCT=1;VOL=1;COOL=1;EMA50=1;VWAP=1;BIAS=1,1.00,-0.98,24807.87,24918.95,full target: no partial booked
130,2026.01.20 06:49:40,2026.01.20 09:19:40,SL_MOVE,XAUUSD,M15,44,BUY,FULLTGT,DAY,0,4670.96,4659.25,4682.67,11.71,1.00,11.71,4682.67,4694.38,4706.09,4717.80,4729.51,0.10,0.00,0.10,4682.67,2.00,0.00,0.00,4679.71,4675.06,4670.91,4677.18,4673.58,0.687,6.04,39.91,69.31,80.48,3.78,1.34,2.45,4671.92,4689.84,2349,2070,100.0,0.0,12,1,CROSS=EMA9>EMA21;TREND=1;STRUCT=1;VOL=1;COOL=1;EMA50=1;VWAP=1;BIAS=1,2.00,-0.98,24807.87,25036.05,stop trailed to TP1
131,2026.01.20 06:49:40,2026.01.20 09:19:40,TP2_REACHED,XAUUSD,M15,44,BUY,FULLTGT,DAY,0,4670.96,4659.25,4682.67,11.71,1.00,11.71,4682.67,4694.38,4706.09,4717.80,4729.51,0.10,0.00,0.10,4694.38,2.00,2.00,0.00,4679.71,4675.06,4670.91,4677.18,4673.58,0.687,6.04,39.91,69.31,80.48,3.78,1.34,2.45,4671.92,4689.84,2349,2070,100.0,0.0,12,1,CROSS=EMA9>EMA21;TREND=1;STRUCT=1;VOL=1;COOL=1;EMA50=1;VWAP=1;BIAS=1,2.00,-0.98,24807.87,25036.05,full target: no partial booked
132,2026.01.20 07:43:41,2026.01.20 10:13:41,SL_MOVE,XAUUSD,M15,44,BUY,FULLTGT,DAY,0,4670.96,4659.25,4694.38,11.71,1.00,11.71,4682.67,4694.38,4706.09,4717.80,4729.51,0.10,0.00,0.10,4694.38,3.00,0.00,0.00,4688.20,4680.54,4673.87,4686.22,4678.98,1.021,6.54,53.76,69.74,75.95,6.61,3.25,3.36,4674.93,4696.14,1962,2208,85.7,0.0,5,1,CROSS=EMA9>EMA21;TREND=1;STRUCT=1;VOL=1;COOL=1;EMA50=1;VWAP=1;BIAS=1,3.00,-0.98,24807.87,25153.25,stop trailed to TP2
133,2026.01.20 07:43:41,2026.01.20 10:13:41,TP3_REACHED,XAUUSD,M15,44,BUY,FULLTGT,DAY,0,4670.96,4659.25,4694.38,11.71,1.00,11.71,4682.67,4694.38,4706.09,4717.80,4729.51,0.10,0.00,0.10,4706.09,3.00,3.00,0.00,4688.20,4680.54,4673.87,4686.22,4678.98,1.021,6.54,53.76,69.74,75.95,6.61,3.25,3.36,4674.93,4696.14,1962,2208,85.7,0.0,5,1,CROSS=EMA9>EMA21;TREND=1;STRUCT=1;VOL=1;COOL=1;EMA50=1;VWAP=1;BIAS=1,3.00,-0.98,24807.87,25153.25,full target: no partial booked
134,2026.01.20 09:24:19,2026.01.20 11:54:19,SL_MOVE,XAUUSD,M15,44,BUY,FULLTGT,DAY,0,4670.96,4659.25,4706.09,11.71,1.00,11.71,4682.67,4694.38,4706.09,4717.80,4729.51,0.10,0.00,0.10,4706.09,4.00,0.00,0.00,4707.58,4696.02,4683.22,4705.61,4694.07,1.851,6.91,66.51,75.82,68.46,11.36,9.32,2.04,4684.63,4715.49,2307,2364,85.7,0.0,10,1,CROSS=EMA9>EMA21;TREND=1;STRUCT=1;VOL=1;COOL=1;EMA50=1;VWAP=1;BIAS=1,3.99,-0.98,24807.87,25269.95,stop trailed to TP3
135,2026.01.20 09:24:19,2026.01.20 11:54:19,TP4_REACHED,XAUUSD,M15,44,BUY,FULLTGT,DAY,0,4670.96,4659.25,4706.09,11.71,1.00,11.71,4682.67,4694.38,4706.09,4717.80,4729.51,0.10,0.00,0.10,4717.80,4.00,4.00,0.00,4707.58,4696.02,4683.22,4705.61,4694.07,1.851,6.91,66.51,75.82,68.46,11.36,9.32,2.04,4684.63,4715.49,2307,2364,85.7,0.0,10,1,CROSS=EMA9>EMA21;TREND=1;STRUCT=1;VOL=1;COOL=1;EMA50=1;VWAP=1;BIAS=1,3.99,-0.98,24807.87,25269.95,full target: no partial booked
136,2026.01.20 10:55:42,2026.01.20 13:25:42,TP5_EXIT,XAUUSD,M15,44,BUY,FULLTGT,DAY,0,4670.96,4659.25,4706.09,11.71,1.00,11.71,4682.67,4694.38,4706.09,4717.80,4729.51,0.10,0.10,0.00,4729.52,5.00,5.00,0.00,4717.22,4706.62,4691.11,4715.78,4704.98,2.078,7.46,62.07,70.42,69.05,11.54,11.52,0.02,4690.39,4722.96,2421,2377,100.0,0.0,5,1,CROSS=EMA9>EMA21;TREND=1;STRUCT=1;VOL=1;COOL=1;EMA50=1;VWAP=1;BIAS=1,5.00,-0.98,25386.80,25386.80,full target reached; closed in full
137,2026.01.20 10:55:42,2026.01.20 13:25:42,EXIT_TP,XAUUSD,M15,44,BUY,FULLTGT,DAY,0,4670.96,4659.25,4706.09,11.71,1.00,11.71,4682.67,4694.38,4706.09,4717.80,4729.51,0.10,0.10,0.00,4729.52,0.00,5.00,578.58,4717.22,4706.62,4691.11,4715.78,4704.98,2.078,7.46,62.07,70.42,69.05,11.54,11.52,0.02,4690.39,4722.96,2421,2377,100.0,0.0,5,1,CROSS=EMA9>EMA21;TREND=1;STRUCT=1;VOL=1;COOL=1;EMA50=1;VWAP=1;BIAS=1,5.00,-0.98,25386.80,25386.80,TP5 exit
138,2026.01.21 01:00:00,2026.01.21 03:30:00,DAY_SUMMARY,XAUUSD,M15,44,FLAT,NA,DAY,0,0.00,0.00,0.00,0.00,1.00,0.00,0.00,0.00,0.00,0.00,0.00,0.00,0.00,0.00,0.00,0.00,5.00,578.58,4758.98,4755.44,4742.80,4757.90,4754.66,1.927,6.56,22.51,61.64,60.36,4.83,5.73,-0.90,4722.97,4763.30,933,2447,57.1,14.3,13,1,CROSS=EMA9>EMA21;TREND=1;STRUCT=1;VOL=1;COOL=1;EMA50=1;VWAP=1;BIAS=1,0.00,0.00,25386.80,25386.80,2026.01.20 trades=1 W=1 L=0 gross_profit=578.58 gross_loss=0.00 net=578.58 PF=0.00
139,2026.01.21 17:00:00,2026.01.21 19:30:00,SKIP,XAUUSD,M15,44,FLAT,NA,EVENING,0,0.00,0.00,0.00,0.00,1.00,0.00,0.00,0.00,0.00,0.00,0.00,0.00,0.00,0.00,0.00,0.00,0.00,0.00,4861.37,4862.23,4849.00,4863.70,4863.24,1.159,11.41,10.13,45.20,44.24,1.11,3.77,-2.65,4847.04,4852.07,4173,2586,14.3,71.4,5,1,CROSS=EMA9<EMA21;TREND=1;STRUCT=1;VOL=1;COOL=1;EMA50=1;VWAP=0;BIAS=1,0.00,0.00,25386.80,25386.80,quality filter
140,2026.01.22 08:00:00,2026.01.22 10:30:00,SKIP,XAUUSD,M15,44,FLAT,NA,DAY,0,0.00,0.00,0.00,0.00,1.00,0.00,0.00,0.00,0.00,0.00,0.00,0.00,0.00,0.00,0.00,0.00,0.00,0.00,4801.82,4799.58,4807.61,4796.92,4797.40,-0.809,9.92,29.43,62.23,78.04,-0.20,-3.80,3.60,4794.46,4821.38,2853,2452,100.0,0.0,12,1,CROSS=EMA9<EMA21;TREND=1;STRUCT=1;VOL=1;COOL=1;EMA50=1;VWAP=0;BIAS=1,0.00,0.00,25386.80,25386.80,outside the killzone window
141,2026.01.22 15:45:00,2026.01.22 18:15:00,SKIP,XAUUSD,M15,44,FLAT,NA,EVENING,0,0.00,0.00,0.00,0.00,1.00,0.00,0.00,0.00,0.00,0.00,0.00,0.00,0.00,0.00,0.00,0.00,0.00,0.00,4824.39,4824.70,4821.24,4827.03,4825.78,0.442,7.82,19.14,42.17,34.95,1.03,3.01,-1.98,4810.20,4813.82,3143,2013,14.3,71.4,10,1,CROSS=EMA9<EMA21;TREND=1;STRUCT=1;VOL=1;COOL=1;EMA50=1;VWAP=0;BIAS=1,0.00,0.00,25386.80,25386.80,quality filter
142,2026.01.22 16:30:00,2026.01.22 19:00:00,SKIP,XAUUSD,M15,44,FLAT,NA,EVENING,0,0.00,0.00,0.00,0.00,1.00,0.00,0.00,0.00,0.00,0.00,0.00,0.00,0.00,0.00,0.00,0.00,0.00,0.00,4825.13,4824.92,4821.72,4824.02,4824.46,0.398,8.06,16.40,54.22,56.55,1.01,1.98,-0.97,4810.89,4829.57,2283,2095,71.4,14.3,5,1,CROSS=EMA9>EMA21;TREND=1;STRUCT=1;VOL=1;COOL=1;EMA50=1;VWAP=1;BIAS=1,0.00,0.00,25386.80,25386.80,already positioned that way
143,2026.01.23 10:15:00,2026.01.23 12:45:00,ENTRY,XAUUSD,M15,46,SELL,FULLTGT,DAY,0,4941.52,4955.91,4955.91,14.39,1.00,14.39,4927.13,4912.74,4898.36,4883.97,4869.58,0.08,0.08,0.08,4941.52,0.00,0.00,0.00,4949.84,4950.77,4936.10,4951.75,4951.63,2.040,7.19,21.23,42.03,37.76,1.36,4.23,-2.87,4952.14,4942.22,2378,1805,0.0,85.7,10,1,CROSS=EMA9<EMA21;TREND=1;STRUCT=1;VOL=1;COOL=1;EMA50=1;VWAP=1;BIAS=1,0.00,0.00,25386.52,25385.72,KZ=LONDON; KZR=NY H @ 4880.96 62 bars ago (high taken); DAY 12AM-4PM IST session: stop x1.00 of usual; no partials; full size to TP5; SL steps BE->TP1->TP2->TP3
144,2026.01.23 10:23:18,2026.01.23 12:53:18,SL_MOVE,XAUUSD,M15,46,SELL,FULLTGT,DAY,0,4941.52,4955.91,4941.52,14.39,1.00,14.39,4927.13,4912.74,4898.36,4883.97,4869.58,0.08,0.00,0.08,4941.52,1.00,0.00,0.00,4949.84,4950.77,4936.10,4951.75,4951.63,2.040,7.19,21.23,42.03,34.93,1.36,4.23,-2.87,4952.14,4942.22,2378,1805,0.0,85.7,12,1,CROSS=EMA9<EMA21;TREND=1;STRUCT=1;VOL=1;COOL=1;EMA50=1;VWAP=1;BIAS=1,1.00,-0.10,25386.52,25502.28,stop to breakeven
145,2026.01.23 10:23:18,2026.01.23 12:53:18,TP1_REACHED,XAUUSD,M15,46,SELL,FULLTGT,DAY,0,4941.52,4955.91,4941.52,14.39,1.00,14.39,4927.13,4912.74,4898.36,4883.97,4869.58,0.08,0.00,0.08,4927.13,1.00,1.00,0.00,4949.84,4950.77,4936.10,4951.75,4951.63,2.040,7.19,21.23,42.03,34.93,1.36,4.23,-2.87,4952.14,4942.22,2378,1805,0.0,85.7,12,1,CROSS=EMA9<EMA21;TREND=1;STRUCT=1;VOL=1;COOL=1;EMA50=1;VWAP=1;BIAS=1,1.00,-0.10,25386.52,25502.28,full target: no partial booked
146,2026.01.23 10:26:40,2026.01.23 12:56:40,SL_MOVE,XAUUSD,M15,46,SELL,FULLTGT,DAY,0,4941.52,4955.91,4927.13,14.39,1.00,14.39,4927.13,4912.74,4898.36,4883.97,4869.58,0.08,0.00,0.08,4927.13,2.00,0.00,0.00,4949.84,4950.77,4936.10,4951.75,4951.63,2.040,7.19,21.23,42.03,23.46,1.36,4.23,-2.87,4952.14,4942.22,2378,1805,0.0,85.7,11,1,CROSS=EMA9<EMA21;TREND=1;STRUCT=1;VOL=1;COOL=1;EMA50=1;VWAP=1;BIAS=1,1.99,-0.10,25386.52,25616.92,stop trailed to TP1
147,2026.01.23 10:26:40,2026.01.23 12:56:40,TP2_REACHED,XAUUSD,M15,46,SELL,FULLTGT,DAY,0,4941.52,4955.91,4927.13,14.39,1.00,14.39,4927.13,4912.74,4898.36,4883.97,4869.58,0.08,0.00,0.08,4912.74,2.00,2.00,0.00,4949.84,4950.77,4936.10,4951.75,4951.63,2.040,7.19,21.23,42.03,23.46,1.36,4.23,-2.87,4952.14,4942.22,2378,1805,0.0,85.7,11,1,CROSS=EMA9<EMA21;TREND=1;STRUCT=1;VOL=1;COOL=1;EMA50=1;VWAP=1;BIAS=1,1.99,-0.10,25386.52,25616.92,full target: no partial booked
148,2026.01.23 12:25:11,2026.01.23 14:55:11,EXIT_TRAIL_SL,XAUUSD,M15,46,SELL,FULLTGT,DAY,0,4941.52,4955.91,4927.13,14.39,1.00,14.39,4927.13,4912.74,4898.36,4883.97,4869.58,0.08,0.08,0.00,4927.13,0.00,1.00,114.56,4922.10,4932.24,4930.56,4922.29,4933.33,0.157,10.68,30.85,41.17,54.66,-8.70,-5.66,-3.05,4943.71,4921.34,2127,2376,14.3,71.4,5,1,CROSS=EMA9<EMA21;TREND=1;STRUCT=1;VOL=1;COOL=1;EMA50=1;VWAP=1;BIAS=1,2.92,-0.10,25501.36,25501.36,stopped at a trailed level
149,2026.01.23 15:00:00,2026.01.23 17:30:00,SKIP,XAUUSD,M15,46,FLAT,NA,EVENING,0,0.00,0.00,0.00,0.00,1.00,0.00,0.00,0.00,0.00,0.00,0.00,0.00,0.00,0.00,0.00,0.00,0.00,0.00,4931.08,4930.81,4930.11,4929.00,4929.96,0.063,11.25,29.73,56.33,65.23,-1.43,-4.70,3.27,4940.78,4939.39,2570,2429,85.7,14.3,10,1,CROSS=EMA9>EMA21;TREND=1;STRUCT=1;VOL=1;COOL=1;EMA50=1;VWAP=0;BIAS=1,0.00,0.00,25501.36,25501.36,quality filter
150,2026.01.26 01:00:00,2026.01.26 03:30:00,DAY_SUMMARY,XAUUSD,M15,46,FLAT,NA,DAY,0,0.00,0.00,0.00,0.00,1.00,0.00,0.00,0.00,0.00,0.00,0.00,0.00,0.00,0.00,0.00,0.00,1.00,114.56,4982.19,4976.64,4963.03,4980.75,4975.51,1.449,9.40,16.57,63.71,62.55,6.96,7.65,-0.69,4952.12,4987.98,785,2605,57.1,14.3,12,1,CROSS=EMA9>EMA21;TREND=1;STRUCT=1;VOL=1;COOL=1;EMA50=1;VWAP=0;BIAS=1,0.00,0.00,25501.36,25501.36,2026.01.23 trades=1 W=1 L=0 gross_profit=114.56 gross_loss=0.00 net=114.56 PF=0.00
151,2026.01.26 01:00:00,2026.01.26 03:30:00,WEEK_SUMMARY,XAUUSD,M15,46,FLAT,NA,DAY,0,0.00,0.00,0.00,0.00,1.00,0.00,0.00,0.00,0.00,0.00,0.00,0.00,0.00,0.00,0.00,0.00,6.00,693.14,4982.19,4976.64,4963.03,4980.75,4975.51,1.449,9.40,16.57,63.71,62.55,6.96,7.65,-0.69,4952.12,4987.98,785,2605,57.1,14.3,12,1,CROSS=EMA9>EMA21;TREND=1;STRUCT=1;VOL=1;COOL=1;EMA50=1;VWAP=0;BIAS=1,0.00,0.00,25501.36,25501.36,days=2 trades=2 W=2 L=0 gross_profit=693.14 gross_loss=0.00 net=693.14 PF=0.00 pips=7295.0
152,2026.01.26 15:15:00,2026.01.26 17:45:00,SKIP,XAUUSD,M15,46,FLAT,NA,EVENING,0,0.00,0.00,0.00,0.00,1.00,0.00,0.00,0.00,0.00,0.00,0.00,0.00,0.00,0.00,0.00,0.00,0.00,0.00,5085.37,5085.84,5070.69,5086.70,5086.41,1.636,9.26,21.25,46.37,42.22,1.71,4.25,-2.55,5073.24,5080.05,3351,2370,28.6,57.1,7,1,CROSS=EMA9<EMA21;TREND=1;STRUCT=1;VOL=1;COOL=1;EMA50=1;VWAP=0;BIAS=1,0.00,0.00,25501.36,25501.36,already positioned that way
153,2026.01.26 17:15:00,2026.01.26 19:45:00,ENTRY,XAUUSD,M15,48,BUY,FULLTGT,EVENING,0,5095.45,5073.17,5073.17,22.28,1.00,22.28,5117.73,5140.01,5162.29,5184.57,5206.85,0.05,0.05,0.05,5095.45,0.00,0.00,0.00,5084.39,5083.49,5073.31,5081.63,5082.30,0.914,11.14,22.65,60.55,62.16,0.96,-0.56,1.52,5073.97,5095.41,3734,2794,71.4,14.3,5,1,CROSS=EMA9>EMA21;TREND=1;STRUCT=1;VOL=1;COOL=1;EMA50=1;VWAP=1;BIAS=1,0.00,0.00,25501.18,25500.93,KZ=NY; KZR=Asia H @ 5093.08 33 bars ago (high taken); EVENING 4PM-12AM IST session: stop x1.00 of usual; no partials; full size to TP5; SL steps BE->TP1->TP2->TP3
154,2026.01.26 18:29:03,2026.01.26 20:59:03,EXIT_SL,XAUUSD,M15,48,BUY,FULLTGT,EVENING,0,5095.45,5073.17,5073.17,22.28,1.00,22.28,5117.73,5140.01,5162.29,5184.57,5206.85,0.05,0.05,0.00,5073.13,0.00,-1.00,-111.96,5088.77,5085.86,5075.87,5085.56,5084.28,0.780,12.81,17.97,60.61,55.07,2.55,0.11,2.44,5075.16,5101.62,3734,3143,85.7,0.0,10,1,CROSS=EMA9>EMA21;TREND=1;STRUCT=1;VOL=1;COOL=1;EMA50=1;VWAP=1;BIAS=1,0.44,-1.00,25389.40,25389.40,stopped at the initial SL (x1.00 of usual)
155,2026.01.26 20:45:00,2026.01.26 23:15:00,SKIP,XAUUSD,M15,48,FLAT,NA,EVENING,0,0.00,0.00,0.00,0.00,1.00,0.00,0.00,0.00,0.00,0.00,0.00,0.00,0.00,0.00,0.00,0.00,0.00,0.00,5083.96,5085.37,5079.05,5088.88,5087.48,0.367,17.24,14.56,41.28,34.45,-0.28,1.68,-1.96,5076.83,5064.27,4554,3737,0.0,85.7,5,1,CROSS=EMA9>EMA21;TREND=1;STRUCT=1;VOL=1;COOL=1;EMA50=1;VWAP=1;BIAS=1,0.00,0.00,25389.40,25389.40,outside the killzone window
156,2026.01.27 01:00:00,2026.01.27 03:30:00,DAY_SUMMARY,XAUUSD,M15,48,FLAT,NA,DAY,0,0.00,0.00,0.00,0.00,1.00,0.00,0.00,0.00,0.00,0.00,0.00,0.00,0.00,0.00,0.00,0.00,-1.00,-111.96,5030.23,5048.43,5061.65,5035.79,5052.48,-0.600,22.04,37.20,33.80,35.65,-16.92,-12.46,-4.46,5070.03,5008.00,2842,3926,0.0,85.7,8,1,CROSS=EMA9>EMA21;TREND=1;STRUCT=1;VOL=1;COOL=1;EMA50=1;VWAP=1;BIAS=1,0.00,0.00,25389.40,25389.40,2026.01.26 trades=1 W=0 L=1 gross_profit=0.00 gross_loss=111.96 net=-111.96 PF=0.00
157,2026.01.27 03:30:00,2026.01.27 06:00:00,SKIP,XAUUSD,M15,48,FLAT,NA,DAY,0,0.00,0.00,0.00,0.00,1.00,0.00,0.00,0.00,0.00,0.00,0.00,0.00,0.00,0.00,0.00,0.00,0.00,0.00,5049.89,5049.38,5057.52,5045.66,5047.64,-0.353,23.03,19.09,54.79,62.12,-2.85,-8.27,5.42,5046.51,5066.82,3773,3383,71.4,14.3,5,1,CROSS=EMA9>EMA21;TREND=1;STRUCT=1;VOL=1;COOL=1;EMA50=1;VWAP=1;BIAS=1,0.00,0.00,25389.40,25389.40,already positioned that way
158,2026.01.27 14:30:00,2026.01.27 17:00:00,SKIP,XAUUSD,M15,48,FLAT,NA,EVENING,0,0.00,0.00,0.00,0.00,1.00,0.00,0.00,0.00,0.00,0.00,0.00,0.00,0.00,0.00,0.00,0.00,0.00,0.00,5083.46,5083.61,5077.99,5084.58,5084.07,0.622,9.04,23.71,46.98,44.71,1.38,3.75,-2.37,5071.86,5078.98,2711,2453,14.3,71.4,7,1,CROSS=EMA9<EMA21;TREND=1;STRUCT=1;VOL=1;COOL=1;EMA50=1;VWAP=0;BIAS=1,0.00,0.00,25389.40,25389.40,quality filter
159,2026.01.27 14:45:00,2026.01.27 17:15:00,SKIP,XAUUSD,M15,48,FLAT,NA,EVENING,0,0.00,0.00,0.00,0.00,1.00,0.00,0.00,0.00,0.00,0.00,0.00,0.00,0.00,0.00,0.00,0.00,0.00,0.00,5084.59,5084.11,5078.42,5083.46,5083.61,0.618,9.19,20.57,54.87,57.61,1.68,3.30,-1.62,5072.13,5089.09,2803,2430,71.4,14.3,5,1,CROSS=EMA9>EMA21;TREND=1;STRUCT=1;VOL=1;COOL=1;EMA50=1;VWAP=1;BIAS=1,0.00,0.00,25389.40,25389.40,already positioned that way
160,2026.01.27 15:45:00,2026.01.27 18:15:00,SKIP,XAUUSD,M15,48,FLAT,NA,EVENING,0,0.00,0.00,0.00,0.00,1.00,0.00,0.00,0.00,0.00,0.00,0.00,0.00,0.00,0.00,0.00,0.00,0.00,0.00,5082.55,5083.40,5078.98,5084.81,5084.39,0.453,9.77,17.35,43.32,39.51,0.35,1.83,-1.48,5073.04,5073.52,3635,2545,14.3,71.4,5,1,CROSS=EMA9<EMA21;TREND=1;STRUCT=1;VOL=1;COOL=1;EMA50=1;VWAP=0;BIAS=1,0.00,0.00,25389.40,25389.40,quality filter
161,2026.01.27 18:15:00,2026.01.27 20:45:00,SKIP,XAUUSD,M15,48,FLAT,NA,EVENING,0,0.00,0.00,0.00,0.00,1.00,0.00,0.00,0.00,0.00,0.00,0.00,0.00,0.00,0.00,0.00,0.00,0.00,0.00,5078.97,5078.18,5077.16,5074.89,5076.47,0.069,14.89,24.26,58.06,62.35,-0.21,-3.16,2.95,5072.63,5095.28,3810,3516,85.7,0.0,5,1,CROSS=EMA9<EMA21;TREND=1;STRUCT=1;VOL=1;COOL=1;EMA50=1;VWAP=0;BIAS=1,0.00,0.00,25389.40,25389.40,outside the killzone window
162,2026.01.28 14:00:00,2026.01.28 16:30:00,SKIP,XAUUSD,M15,48,FLAT,NA,EVENING,0,0.00,0.00,0.00,0.00,1.00,0.00,0.00,0.00,0.00,0.00,0.00,0.00,0.00,0.00,0.00,0.00,0.00,0.00,5267.46,5267.87,5240.19,5268.91,5268.50,1.984,13.95,26.83,48.39,45.75,4.42,10.34,-5.92,5240.04,5261.63,2632,2827,14.3,71.4,7,1,CROSS=EMA9<EMA21;TREND=1;STRUCT=1;VOL=1;COOL=1;EMA50=1;VWAP=0;BIAS=1,0.00,0.00,25389.40,25389.40,quality filter
163,2026.01.28 15:00:00,2026.01.28 17:30:00,SKIP,XAUUSD,M15,48,FLAT,NA,EVENING,0,0.00,0.00,0.00,0.00,1.00,0.00,0.00,0.00,0.00,0.00,0.00,0.00,0.00,0.00,0.00,0.00,0.00,0.00,5268.72,5268.10,5244.33,5266.10,5266.98,1.720,13.82,21.13,60.61,61.12,3.47,5.42,-1.95,5241.86,5279.20,2745,2840,57.1,14.3,7,1,CROSS=EMA9>EMA21;TREND=1;STRUCT=1;VOL=1;COOL=1;EMA50=1;VWAP=1;BIAS=1,0.00,0.00,25389.40,25389.40,already positioned that way
164,2026.01.28 16:15:00,2026.01.28 18:45:00,SKIP,XAUUSD,M15,48,FLAT,NA,EVENING,0,0.00,0.00,0.00,0.00,1.00,0.00,0.00,0.00,0.00,0.00,0.00,0.00,0.00,0.00,0.00,0.00,0.00,0.00,5268.12,5268.37,5248.85,5269.51,5268.95,1.341,14.56,18.55,47.64,45.33,1.93,3.15,-1.22,5244.88,5262.56,3805,3025,14.3,71.4,5,1,CROSS=EMA9<EMA21;TREND=1;STRUCT=1;VOL=1;COOL=1;EMA50=1;VWAP=0;BIAS=1,0.00,0.00,25389.40,25389.40,quality filter
165,2026.01.28 16:45:00,2026.01.28 19:15:00,SKIP,XAUUSD,M15,48,FLAT,NA,EVENING,0,0.00,0.00,0.00,0.00,1.00,0.00,0.00,0.00,0.00,0.00,0.00,0.00,0.00,0.00,0.00,0.00,0.00,0.00,5268.92,5268.60,5250.43,5266.32,5267.53,1.191,15.26,16.07,57.10,58.05,1.92,2.79,-0.87,5245.85,5279.32,4615,3130,71.4,14.3,6,1,CROSS=EMA9>EMA21;TREND=1;STRUCT=1;VOL=1;COOL=1;EMA50=1;VWAP=1;BIAS=1,0.00,0.00,25389.40,25389.40,already positioned that way
166,2026.01.29 10:45:00,2026.01.29 13:15:00,ENTRY,XAUUSD,M15,50,SELL,FULLTGT,DAY,0,5481.92,5524.80,5524.80,42.88,1.00,42.88,5439.04,5396.17,5353.29,5310.42,5267.54,0.02,0.02,0.02,5481.92,0.00,0.00,0.00,5534.71,5537.54,5490.17,5547.99,5543.14,2.210,21.44,33.86,36.04,22.39,6.96,21.04,-14.08,5531.55,5481.60,3996,3422,0.0,100.0,11,1,CROSS=EMA9<EMA21;TREND=1;STRUCT=1;VOL=1;COOL=1;EMA50=1;VWAP=1;BIAS=1,0.00,0.00,25389.33,25389.11,KZ=LONDON; KZR=London H @ 5311.57 57 bars ago (high taken); DAY 12AM-4PM IST session: stop x1.00 of usual; no partials; full size to TP5; SL steps BE->TP1->TP2->TP3
167,2026.01.29 11:40:29,2026.01.29 14:10:29,EXIT_SL,XAUUSD,M15,50,SELL,FULLTGT,DAY,0,5481.92,5524.80,5524.80,42.88,1.00,42.88,5439.04,5396.17,5353.29,5310.42,5267.54,0.02,0.02,0.00,5524.84,0.00,-1.00,-85.98,5523.51,5531.05,5492.56,5525.29,5532.52,1.715,22.45,40.18,47.03,48.91,0.46,11.91,-11.46,5529.73,5516.39,3275,3519,0.0,85.7,8,1,CROSS=EMA9<EMA21;TREND=1;STRUCT=1;VOL=1;COOL=1;EMA50=1;VWAP=1;BIAS=1,0.18,-1.00,25303.42,25303.42,stopped at the initial SL (x1.00 of usual)
168,2026.01.29 14:30:00,2026.01.29 17:00:00,ENTRY,XAUUSD,M15,52,BUY,FULLTGT,EVENING,0,5541.00,5497.13,5497.13,43.87,1.00,43.87,5584.87,5628.73,5672.60,5716.46,5760.33,0.02,0.02,0.02,5541.00,0.00,0.00,0.00,5522.86,5522.83,5502.11,5518.35,5521.02,0.944,21.93,29.72,56.27,64.64,-0.11,-3.74,3.63,5526.91,5540.88,3302,3285,100.0,0.0,5,1,CROSS=EMA9>EMA21;TREND=1;STRUCT=1;VOL=1;COOL=1;EMA50=1;VWAP=1;BIAS=1,0.00,0.00,25303.35,25303.25,KZ=NY; KZR=London H @ 5311.57 72 bars ago (high taken); EVENING 4PM-12AM IST session: stop x1.00 of usual; no partials; full size to TP5; SL steps BE->TP1->TP2->TP3
169,2026.01.29 15:30:00,2026.01.29 18:00:00,FLIP,XAUUSD,M15,52,BUY,FULLTGT,EVENING,0,5541.00,5497.13,5497.13,43.87,1.00,43.87,5584.87,5628.73,5672.60,5716.46,5760.33,0.02,0.00,0.00,5519.85,0.00,-0.48,0.00,5523.16,5523.23,5505.42,5523.97,5523.57,0.828,21.53,23.57,49.13,46.20,0.15,-1.56,1.71,5526.88,5519.90,4111,3373,28.6,57.1,5,1,CROSS=EMA9<EMA21;TREND=1;STRUCT=1;VOL=1;COOL=1;EMA50=1;VWAP=1;BIAS=1,0.03,-0.74,25303.35,25261.05,opposite signal before SL/target | BUY -> SELL | closing trade 52
170,2026.01.29 15:30:00,2026.01.29 18:00:00,EXIT_FLIP,XAUUSD,M15,52,BUY,FULLTGT,EVENING,0,5541.00,5497.13,5497.13,43.87,1.00,43.87,5584.87,5628.73,5672.60,5716.46,5760.33,0.02,0.02,0.00,5519.85,0.00,-0.48,0.00,5523.16,5523.23,5505.42,5523.97,5523.57,0.828,21.53,23.57,49.13,46.20,0.15,-1.56,1.71,5526.88,5519.90,4111,3373,28.6,57.1,5,1,CROSS=EMA9<EMA21;TREND=1;STRUCT=1;VOL=1;COOL=1;EMA50=1;VWAP=1;BIAS=1,0.03,-0.74,25260.98,25260.98,FLIP exit
171,2026.01.29 15:30:00,2026.01.29 18:00:00,EXIT_OTHER,XAUUSD,M15,52,BUY,FULLTGT,EVENING,0,5541.00,5497.13,5497.13,43.87,1.00,43.87,5584.87,5628.73,5672.60,5716.46,5760.33,0.02,0.02,0.00,5519.85,0.00,-0.48,-42.44,5523.16,5523.23,5505.42,5523.97,5523.57,0.828,21.53,23.57,49.13,46.20,0.15,-1.56,1.71,5526.88,5519.90,4111,3373,28.6,57.1,5,1,CROSS=EMA9<EMA21;TREND=1;STRUCT=1;VOL=1;COOL=1;EMA50=1;VWAP=1;BIAS=1,0.03,-0.74,25260.98,25260.98,FLIP exit
172,2026.01.29 15:30:00,2026.01.29 18:00:00,ENTRY,XAUUSD,M15,54,SELL,FULLTGT,EVENING,52,5519.85,5562.91,5562.91,43.06,1.00,43.06,5476.79,5433.73,5390.67,5347.61,5304.55,0.02,0.02,0.02,5519.85,0.00,0.00,0.00,5523.16,5523.23,5505.42,5523.97,5523.57,0.828,21.53,23.57,49.13,46.20,0.15,-1.56,1.71,5526.88,5519.90,4111,3373,28.6,57.1,5,1,CROSS=EMA9<EMA21;TREND=1;STRUCT=1;VOL=1;COOL=1;EMA50=1;VWAP=1;BIAS=1,0.00,0.00,25260.91,25260.81,KZ=NY; KZR=London H @ 5311.57 76 bars ago (high taken); EVENING 4PM-12AM IST session: stop x1.00 of usual; no partials; full size to TP5; SL steps BE->TP1->TP2->TP3; flipped from trade 52
173,2026.01.29 15:45:00,2026.01.29 18:15:00,SKIP,XAUUSD,M15,54,SELL,FULLTGT,EVENING,52,5519.85,5562.91,5562.91,43.06,1.00,43.06,5476.79,5433.73,5390.67,5347.61,5304.55,0.02,0.00,0.00,0.00,0.00,0.00,0.00,5523.75,5523.50,5506.23,5523.16,5523.23,0.783,22.06,22.76,51.23,51.82,0.40,-0.92,1.32,5526.73,5526.15,4321,3390,71.4,14.3,5,1,CROSS=EMA9>EMA21;TREND=1;STRUCT=1;VOL=1;COOL=1;EMA50=1;VWAP=0;BIAS=1,0.45,-0.26,25260.91,25248.23,quality filter
174,2026.01.29 16:00:00,2026.01.29 18:30:00,SKIP,XAUUSD,M15,54,SELL,FULLTGT,EVENING,52,5519.85,5562.91,5562.91,43.06,1.00,43.06,5476.79,5433.73,5390.67,5347.61,5304.55,0.02,0.00,0.00,0.00,0.00,0.00,0.00,5520.97,5522.26,5506.37,5523.75,5523.50,0.778,20.42,22.05,45.91,42.27,-0.71,-0.44,-0.27,5526.48,5509.82,4203,3393,0.0,85.7,10,1,CROSS=EMA9<EMA21;TREND=1;STRUCT=1;VOL=1;COOL=1;EMA50=1;VWAP=1;BIAS=1,0.45,-0.26,25260.91,25279.45,already positioned that way
175,2026.01.29 16:30:00,2026.01.29 19:00:00,FLIP,XAUUSD,M15,54,SELL,FULLTGT,EVENING,0,5519.85,5562.91,5562.91,43.06,1.00,43.06,5476.79,5433.73,5390.67,5347.61,5304.55,0.02,0.00,0.00,5544.22,0.00,-0.57,0.00,5526.95,5524.84,5508.72,5522.64,5522.90,0.787,20.49,19.51,56.49,59.91,1.72,0.42,1.30,5526.69,5544.18,4389,3491,85.7,0.0,10,1,CROSS=EMA9>EMA21;TREND=1;STRUCT=1;VOL=1;COOL=1;EMA50=1;VWAP=1;BIAS=1,0.45,-0.70,25260.91,25212.17,opposite signal before SL/target | SELL -> BUY | closing trade 54
176,2026.01.29 16:30:00,2026.01.29 19:00:00,EXIT_FLIP,XAUUSD,M15,54,SELL,FULLTGT,EVENING,0,5519.85,5562.91,5562.91,43.06,1.00,43.06,5476.79,5433.73,5390.67,5347.61,5304.55,0.02,0.02,0.00,5544.22,0.00,-0.57,0.00,5526.95,5524.84,5508.72,5522.64,5522.90,0.787,20.49,19.51,56.49,59.91,1.72,0.42,1.30,5526.69,5544.18,4389,3491,85.7,0.0,10,1,CROSS=EMA9>EMA21;TREND=1;STRUCT=1;VOL=1;COOL=1;EMA50=1;VWAP=1;BIAS=1,0.45,-0.70,25212.10,25212.10,FLIP exit
177,2026.01.29 16:30:00,2026.01.29 19:00:00,EXIT_OTHER,XAUUSD,M15,54,SELL,FULLTGT,EVENING,0,5519.85,5562.91,5562.91,43.06,1.00,43.06,5476.79,5433.73,5390.67,5347.61,5304.55,0.02,0.02,0.00,5544.22,0.00,-0.57,-48.88,5526.95,5524.84,5508.72,5522.64,5522.90,0.787,20.49,19.51,56.49,59.91,1.72,0.42,1.30,5526.69,5544.18,4389,3491,85.7,0.0,10,1,CROSS=EMA9>EMA21;TREND=1;STRUCT=1;VOL=1;COOL=1;EMA50=1;VWAP=1;BIAS=1,0.45,-0.70,25212.10,25212.10,FLIP exit
178,2026.01.29 16:30:00,2026.01.29 19:00:00,ENTRY,XAUUSD,M15,56,BUY,FULLTGT,EVENING,54,5544.22,5503.24,5503.24,40.98,1.00,40.98,5585.20,5626.18,5667.16,5708.14,5749.12,0.03,0.03,0.03,5544.22,0.00,0.00,0.00,5526.95,5524.84,5508.72,5522.64,5522.90,0.787,20.49,19.51,56.49,59.91,1.72,0.42,1.30,5526.69,5544.18,4389,3491,85.7,0.0,10,1,CROSS=EMA9>EMA21;TREND=1;STRUCT=1;VOL=1;COOL=1;EMA50=1;VWAP=1;BIAS=1,0.00,0.00,25211.99,25211.69,KZ=NY; KZR=London H @ 5311.57 80 bars ago (high taken); EVENING 4PM-12AM IST session: stop x1.00 of usual; no partials; full size to TP5; SL steps BE->TP1->TP2->TP3; flipped from trade 54
179,2026.01.29 16:36:41,2026.01.29 19:06:41,EXIT_SL,XAUUSD,M15,56,BUY,FULLTGT,EVENING,54,5544.22,5503.24,5503.24,40.98,1.00,40.98,5585.20,5626.18,5667.16,5708.14,5749.12,0.03,0.03,0.00,5503.11,0.00,-1.00,-123.55,5526.95,5524.84,5508.72,5522.64,5522.90,0.787,20.49,19.51,56.49,48.14,1.72,0.42,1.30,5526.69,5544.18,4389,3491,71.4,14.3,9,1,CROSS=EMA9>EMA21;TREND=1;STRUCT=1;VOL=1;COOL=1;EMA50=1;VWAP=1;BIAS=1,0.02,-1.00,25088.55,25088.55,stopped at the initial SL (x1.00 of usual)
180,2026.01.29 17:00:00,2026.01.29 19:30:00,ENTRY,XAUUSD,M15,58,SELL,FULLTGT,EVENING,0,5496.85,5541.61,5541.61,44.76,1.00,44.76,5452.09,5407.33,5362.57,5317.81,5273.05,0.02,0.02,0.02,5496.85,0.00,0.00,0.00,5519.44,5521.70,5508.59,5525.08,5524.17,0.586,22.38,16.52,43.05,39.63,-1.34,0.33,-1.67,5526.04,5496.92,5396,3712,0.0,85.7,11,1,CROSS=EMA9<EMA21;TREND=1;STRUCT=1;VOL=1;COOL=1;EMA50=1;VWAP=1;BIAS=1,0.00,0.00,25088.48,25088.26,KZ=NY; KZR=London H @ 5311.57 82 bars ago (high taken); EVENING 4PM-12AM IST session: stop x1.00 of usual; no partials; full size to TP5; SL steps BE->TP1->TP2->TP3
181,2026.01.29 17:02:40,2026.01.29 19:32:40,SL_MOVE,XAUUSD,M15,58,SELL,FULLTGT,EVENING,0,5496.85,5541.61,5496.85,44.76,1.00,44.76,5452.09,5407.33,5362.57,5317.81,5273.05,0.02,0.00,0.02,5496.85,1.00,0.00,0.00,5519.44,5521.70,5508.59,5525.08,5524.17,0.586,22.38,16.52,43.05,39.63,-1.34,0.33,-1.67,5526.04,5496.92,5396,3712,0.0,85.7,12,1,CROSS=EMA9<EMA21;TREND=1;STRUCT=1;VOL=1;COOL=1;EMA50=1;VWAP=1;BIAS=1,1.00,-0.00,25088.48,25178.24,stop to breakeven
182,2026.01.29 17:02:40,2026.01.29 19:32:40,TP1_REACHED,XAUUSD,M15,58,SELL,FULLTGT,EVENING,0,5496.85,5541.61,5496.85,44.76,1.00,44.76,5452.09,5407.33,5362.57,5317.81,5273.05,0.02,0.00,0.02,5452.09,1.00,1.00,0.00,5519.44,5521.70,5508.59,5525.08,5524.17,0.586,22.38,16.52,43.05,39.63,-1.34,0.33,-1.67,5526.04,5496.92,5396,3712,0.0,85.7,12,1,CROSS=EMA9<EMA21;TREND=1;STRUCT=1;VOL=1;COOL=1;EMA50=1;VWAP=1;BIAS=1,1.00,-0.00,25088.48,25178.24,full target: no partial booked
183,2026.01.29 17:09:43,2026.01.29 19:39:43,SL_MOVE,XAUUSD,M15,58,SELL,FULLTGT,EVENING,0,5496.85,5541.61,5452.09,44.76,1.00,44.76,5452.09,5407.33,5362.57,5317.81,5273.05,0.02,0.00,0.02,5452.09,2.00,0.00,0.00,5519.44,5521.70,5508.59,5525.08,5524.17,0.586,22.38,16.52,43.05,29.55,-1.34,0.33,-1.67,5526.04,5496.92,5396,3712,0.0,85.7,2,1,CROSS=EMA9<EMA21;TREND=1;STRUCT=1;VOL=1;COOL=1;EMA50=1;VWAP=1;BIAS=1,2.00,-0.00,25088.48,25267.56,stop trailed to TP1
184,2026.01.29 17:09:43,2026.01.29 19:39:43,TP2_REACHED,XAUUSD,M15,58,SELL,FULLTGT,EVENING,0,5496.85,5541.61,5452.09,44.76,1.00,44.76,5452.09,5407.33,5362.57,5317.81,5273.05,0.02,0.00,0.02,5407.33,2.00,2.00,0.00,5519.44,5521.70,5508.59,5525.08,5524.17,0.586,22.38,16.52,43.05,29.55,-1.34,0.33,-1.67,5526.04,5496.92,5396,3712,0.0,85.7,2,1,CROSS=EMA9<EMA21;TREND=1;STRUCT=1;VOL=1;COOL=1;EMA50=1;VWAP=1;BIAS=1,2.00,-0.00,25088.48,25267.56,full target: no partial booked
185,2026.01.29 17:15:31,2026.01.29 19:45:31,SL_MOVE,XAUUSD,M15,58,SELL,FULLTGT,EVENING,0,5496.85,5541.61,5407.33,44.76,1.00,44.76,5452.09,5407.33,5362.57,5317.81,5273.05,0.02,0.00,0.02,5407.33,3.00,0.00,0.00,5492.13,5509.08,5503.66,5519.44,5521.70,0.195,27.80,19.81,26.19,19.18,-12.20,-1.18,-11.03,5523.47,5382.89,5588,3833,0.0,85.7,8,1,CROSS=EMA9<EMA21;TREND=1;STRUCT=1;VOL=1;COOL=1;EMA50=1;VWAP=1;BIAS=1,3.00,-0.00,25088.48,25357.52,stop trailed to TP2
186,2026.01.29 17:15:31,2026.01.29 19:45:31,TP3_REACHED,XAUUSD,M15,58,SELL,FULLTGT,EVENING,0,5496.85,5541.61,5407.33,44.76,1.00,44.76,5452.09,5407.33,5362.57,5317.81,5273.05,0.02,0.00,0.02,5362.57,3.00,3.00,0.00,5492.13,5509.08,5503.66,5519.44,5521.70,0.195,27.80,19.81,26.19,19.18,-12.20,-1.18,-11.03,5523.47,5382.89,5588,3833,0.0,85.7,8,1,CROSS=EMA9<EMA21;TREND=1;STRUCT=1;VOL=1;COOL=1;EMA50=1;VWAP=1;BIAS=1,3.00,-0.00,25088.48,25357.52,full target: no partial booked
187,2026.01.29 17:16:38,2026.01.29 19:46:38,SL_MOVE,XAUUSD,M15,58,SELL,FULLTGT,EVENING,0,5496.85,5541.61,5362.57,44.76,1.00,44.76,5452.09,5407.33,5362.57,5317.81,5273.05,0.02,0.00,0.02,5362.57,4.00,0.00,0.00,5492.13,5509.08,5503.66,5519.44,5521.70,0.195,27.80,19.81,26.19,19.18,-12.20,-1.18,-11.03,5523.47,5382.89,5588,3833,0.0,85.7,10,1,CROSS=EMA9<EMA21;TREND=1;STRUCT=1;VOL=1;COOL=1;EMA50=1;VWAP=1;BIAS=1,4.00,-0.00,25088.48,25447.36,stop trailed to TP3
188,2026.01.29 17:16:38,2026.01.29 19:46:38,TP4_REACHED,XAUUSD,M15,58,SELL,FULLTGT,EVENING,0,5496.85,5541.61,5362.57,44.76,1.00,44.76,5452.09,5407.33,5362.57,5317.81,5273.05,0.02,0.00,0.02,5317.81,4.00,4.00,0.00,5492.13,5509.08,5503.66,5519.44,5521.70,0.195,27.80,19.81,26.19,19.18,-12.20,-1.18,-11.03,5523.47,5382.89,5588,3833,0.0,85.7,10,1,CROSS=EMA9<EMA21;TREND=1;STRUCT=1;VOL=1;COOL=1;EMA50=1;VWAP=1;BIAS=1,4.00,-0.00,25088.48,25447.36,full target: no partial booked
189,2026.01.29 17:21:39,2026.01.29 19:51:39,EXIT_TRAIL_SL,XAUUSD,M15,58,SELL,FULLTGT,EVENING,0,5496.85,5541.61,5362.57,44.76,1.00,44.76,5452.09,5407.33,5362.57,5317.81,5273.05,0.02,0.02,0.00,5362.65,0.00,3.00,268.26,5492.13,5509.08,5503.66,5519.44,5521.70,0.195,27.80,19.81,26.19,14.90,-12.20,-1.18,-11.03,5523.47,5382.89,5588,3833,0.0,85.7,9,1,CROSS=EMA9<EMA21;TREND=1;STRUCT=1;VOL=1;COOL=1;EMA50=1;VWAP=1;BIAS=1,4.86,-0.00,25356.81,25356.81,stopped at a trailed level
190,2026.01.29 23:15:00,2026.01.30 01:45:00,SKIP,XAUUSD,M15,58,FLAT,NA,DAY,0,0.00,0.00,0.00,0.00,1.00,0.00,0.00,0.00,0.00,0.00,0.00,0.00,0.00,0.00,0.00,0.00,0.00,0.00,5350.36,5348.80,5388.82,5338.22,5343.78,-0.886,45.18,25.11,56.48,68.33,-10.30,-26.71,16.41,5451.47,5398.94,3457,4662,71.4,14.3,8,1,CROSS=EMA9<EMA21;TREND=1;STRUCT=1;VOL=1;COOL=1;EMA50=1;VWAP=1;BIAS=1,0.00,0.00,25356.81,25356.81,outside the killzone window
191,2026.01.30 01:00:00,2026.01.30 03:30:00,DAY_SUMMARY,XAUUSD,M15,58,FLAT,NA,DAY,0,0.00,0.00,0.00,0.00,1.00,0.00,0.00,0.00,0.00,0.00,0.00,0.00,0.00,0.00,0.00,0.00,-0.05,-32.59,5367.67,5358.43,5388.76,5366.83,5357.17,-0.779,38.93,25.38,51.24,50.64,-0.71,-16.46,15.74,5450.12,5371.02,2454,4312,71.4,14.3,12,1,CROSS=EMA9<EMA21;TREND=1;STRUCT=1;VOL=1;COOL=1;EMA50=1;VWAP=1;BIAS=1,0.00,0.00,25356.81,25356.81,2026.01.29 trades=5 W=1 L=4 gross_profit=268.26 gross_loss=300.85 net=-32.59 PF=0.89
192,2026.01.30 03:45:00,2026.01.30 06:15:00,SKIP,XAUUSD,M15,58,FLAT,NA,DAY,0,0.00,0.00,0.00,0.00,1.00,0.00,0.00,0.00,0.00,0.00,0.00,0.00,0.00,0.00,0.00,0.00,0.00,0.00,5378.27,5380.34,5392.03,5385.51,5383.44,-0.298,39.24,27.28,45.17,40.41,0.55,11.99,-11.44,5398.13,5349.30,4104,3645,0.0,100.0,12,1,CROSS=EMA9<EMA21;TREND=1;STRUCT=1;VOL=1;COOL=1;EMA50=1;VWAP=1;BIAS=1,0.00,0.00,25356.81,25356.81,already positioned that way
193,2026.02.02 01:00:00,2026.02.02 03:30:00,WEEK_SUMMARY,XAUUSD,M15,58,FLAT,NA,DAY,0,0.00,0.00,0.00,0.00,1.00,0.00,0.00,0.00,0.00,0.00,0.00,0.00,0.00,0.00,0.00,0.00,-1.06,-144.55,4873.06,4896.82,4975.54,4870.03,4897.98,-1.214,64.83,23.24,45.82,54.04,-33.49,-39.98,6.48,5082.77,4885.18,2206,4755,28.6,42.9,16,1,CROSS=EMA9<EMA21;TREND=1;STRUCT=1;VOL=1;COOL=1;EMA50=1;VWAP=1;BIAS=1,0.00,0.00,25356.81,25356.81,days=2 trades=6 W=1 L=5 gross_profit=268.26 gross_loss=412.81 net=-144.55 PF=0.65 pips=-1767.0
194,2026.02.02 01:00:00,2026.02.02 03:30:00,MONTH_SUMMARY,XAUUSD,M15,58,FLAT,NA,DAY,0,0.00,0.00,0.00,0.00,1.00,0.00,0.00,0.00,0.00,0.00,0.00,0.00,0.00,0.00,0.00,0.00,3.30,356.81,4873.06,4896.82,4975.54,4870.03,4897.98,-1.214,64.83,23.24,45.82,54.04,-33.49,-39.98,6.48,5082.77,4885.18,2206,4755,28.6,42.9,16,1,CROSS=EMA9<EMA21;TREND=1;STRUCT=1;VOL=1;COOL=1;EMA50=1;VWAP=1;BIAS=1,0.00,0.00,25356.81,25356.81,days=12 trades=29 W=9 L=20 gross_profit=1839.65 gross_loss=1482.84 net=356.81 PF=1.24 pips=2836.0
195,2026.02.02 11:30:00,2026.02.02 14:00:00,ENTRY,XAUUSD,M15,60,BUY,FULLTGT,DAY,0,4689.83,4570.75,4570.75,119.08,1.00,119.08,4808.91,4927.98,5047.06,5166.13,5285.21,0.01,0.01,0.01,4689.83,0.00,0.00,0.00,4629.67,4625.30,4701.05,4614.70,4618.88,-1.272,59.54,21.22,58.10,68.09,-12.67,-40.20,27.53,4662.02,4689.59,4310,4560,71.4,0.0,15,1,CROSS=EMA9>EMA21;TREND=1;STRUCT=1;VOL=1;COOL=1;EMA50=1;VWAP=1;BIAS=1,0.00,0.00,25356.77,25356.62,KZ=LONDON; KZR=Asia L @ 4498.54 12 bars ago (low taken); DAY 12AM-4PM IST session: stop x1.00 of usual; no partials; full size to TP5; SL steps BE->TP1->TP2->TP3
196,2026.02.02 14:46:30,2026.02.02 17:16:30,SL_MOVE,XAUUSD,M15,60,BUY,FULLTGT,EVENING,0,4689.83,4570.75,4689.83,119.08,1.00,119.08,4808.91,4927.98,5047.06,5166.13,5285.21,0.01,0.00,0.01,4689.83,1.00,0.00,0.00,4754.63,4712.77,4717.56,4743.97,4704.32,-0.114,41.91,37.64,67.33,72.09,35.83,23.88,11.94,4676.87,4797.25,3483,4082,85.7,0.0,8,1,CROSS=EMA9>EMA21;TREND=1;STRUCT=1;VOL=1;COOL=1;EMA50=1;VWAP=1;BIAS=1,1.00,-0.27,25356.77,25475.88,stop to breakeven
197,2026.02.02 14:46:30,2026.02.02 17:16:30,TP1_REACHED,XAUUSD,M15,60,BUY,FULLTGT,EVENING,0,4689.83,4570.75,4689.83,119.08,1.00,119.08,4808.91,4927.98,5047.06,5166.13,5285.21,0.01,0.00,0.01,4808.91,1.00,1.00,0.00,4754.63,4712.77,4717.56,4743.97,4704.32,-0.114,41.91,37.64,67.33,72.09,35.83,23.88,11.94,4676.87,4797.25,3483,4082,85.7,0.0,8,1,CROSS=EMA9>EMA21;TREND=1;STRUCT=1;VOL=1;COOL=1;EMA50=1;VWAP=1;BIAS=1,1.00,-0.27,25356.77,25475.88,full target: no partial booked
198,2026.02.02 15:37:15,2026.02.02 18:07:15,EXIT_BE,XAUUSD,M15,60,BUY,FULLTGT,EVENING,0,4689.83,4570.75,4689.83,119.08,1.00,119.08,4808.91,4927.98,5047.06,5166.13,5285.21,0.01,0.01,0.00,4689.81,0.00,-0.00,-0.10,4761.24,4727.14,4723.67,4766.69,4725.91,0.081,42.75,36.38,54.08,37.61,33.37,31.65,1.73,4682.22,4739.45,5123,4193,57.1,42.9,10,1,CROSS=EMA9>EMA21;TREND=1;STRUCT=1;VOL=1;COOL=1;EMA50=1;VWAP=1;BIAS=1,1.03,-0.27,25356.71,25356.71,stopped at breakeven
199,2026.02.02 17:45:00,2026.02.02 20:15:00,ENTRY,XAUUSD,M15,62,SELL,FULLTGT,EVENING,0,4675.67,4770.61,4770.61,94.94,1.00,94.94,4580.73,4485.78,4390.84,4295.89,4200.95,0.01,0.01,0.01,4675.67,0.00,0.00,0.00,4710.83,4715.54,4719.03,4719.59,4719.52,-0.073,47.47,18.38,43.33,39.17,2.26,14.60,-12.34,4686.88,4675.81,5564,4725,0.0,85.7,8,1,CROSS=EMA9<EMA21;TREND=1;STRUCT=1;VOL=1;COOL=1;EMA50=1;VWAP=1;BIAS=1,0.00,0.00,25356.67,25356.59,KZ=NY; KZR=Asia L @ 4498.54 37 bars ago (low taken); EVENING 4PM-12AM IST session: stop x1.00 of usual; no partials; full size to TP5; SL steps BE->TP1->TP2->TP3
200,2026.02.03 01:00:00,2026.02.03 03:30:00,DAY_SUMMARY,XAUUSD,M15,62,SELL,FULLTGT,DAY,0,4675.67,4770.61,4770.61,94.94,1.00,94.94,4580.73,4485.78,4390.84,4295.89,4200.95,0.01,0.00,0.00,0.00,0.00,-0.00,-0.10,4669.84,4673.15,4686.78,4672.06,4674.36,-0.398,34.29,17.16,46.87,46.42,-4.86,-5.93,1.07,4681.68,4660.96,2444,4086,14.3,57.1,12,1,CROSS=EMA9<EMA21;TREND=1;STRUCT=1;VOL=1;COOL=1;EMA50=1;VWAP=1;BIAS=1,0.83,-0.40,25356.67,25361.21,2026.02.02 trades=1 W=0 L=1 gross_profit=0.00 gross_loss=0.10 net=-0.10 PF=0.00
201,2026.02.03 01:15:00,2026.02.03 03:45:00,SKIP,XAUUSD,M15,62,SELL,FULLTGT,DAY,0,4675.67,4770.61,4770.61,94.94,1.00,94.94,4580.73,4485.78,4390.84,4295.89,4200.95,0.01,0.00,0.00,0.00,0.00,0.00,0.00,4679.56,4677.27,4688.02,4669.84,4673.15,-0.299,35.98,14.99,57.43,65.38,-0.65,-4.97,4.32,4702.73,4718.47,3624,4026,71.4,0.0,8,1,CROSS=EMA9<EMA21;TREND=1;STRUCT=1;VOL=1;COOL=1;EMA50=1;VWAP=1;BIAS=1,0.83,-0.51,25356.67,25314.24,outside the killzone window
202,2026.02.03 01:53:04,2026.02.03 04:23:04,EXIT_SL,XAUUSD,M15,62,SELL,FULLTGT,DAY,0,4675.67,4770.61,4770.61,94.94,1.00,94.94,4580.73,4485.78,4390.84,4295.89,4200.95,0.01,0.01,0.00,4770.67,0.00,-1.00,-94.63,4699.37,4687.25,4691.63,4691.30,4682.81,-0.126,34.75,17.50,58.89,65.17,7.48,-2.20,9.69,4725.63,4731.63,3653,3966,71.4,0.0,12,1,CROSS=EMA9<EMA21;TREND=1;STRUCT=1;VOL=1;COOL=1;EMA50=1;VWAP=1;BIAS=1,0.83,-1.00,25262.08,25262.08,stopped at the initial SL (x1.00 of usual)
203,2026.02.03 20:45:00,2026.02.03 23:15:00,SKIP,XAUUSD,M15,62,FLAT,NA,EVENING,0,0.00,0.00,0.00,0.00,1.00,0.00,0.00,0.00,0.00,0.00,0.00,0.00,0.00,0.00,0.00,0.00,0.00,0.00,4928.72,4930.42,4906.10,4934.28,4932.81,0.791,30.75,22.73,43.76,38.74,2.90,10.85,-7.95,4875.56,4906.46,4634,4500,14.3,71.4,8,1,CROSS=EMA9<EMA21;TREND=1;STRUCT=1;VOL=1;COOL=1;EMA50=1;VWAP=1;BIAS=1,0.00,0.00,25262.08,25262.08,outside the killzone window
204,2026.02.03 22:45:00,2026.02.04 01:15:00,SKIP,XAUUSD,M15,62,FLAT,NA,DAY,0,0.00,0.00,0.00,0.00,1.00,0.00,0.00,0.00,0.00,0.00,0.00,0.00,0.00,0.00,0.00,0.00,0.00,0.00,4933.41,4931.02,4912.72,4928.87,4928.96,0.614,29.78,18.35,57.23,59.83,3.15,1.31,1.83,4880.37,4951.56,3686,4323,71.4,0.0,8,1,CROSS=EMA9<EMA21;TREND=1;STRUCT=1;VOL=1;COOL=1;EMA50=1;VWAP=1;BIAS=1,0.00,0.00,25262.08,25262.08,outside the killzone window
205,2026.02.04 01:00:00,2026.02.04 03:30:00,DAY_SUMMARY,XAUUSD,M15,62,FLAT,NA,DAY,0,0.00,0.00,0.00,0.00,1.00,0.00,0.00,0.00,0.00,0.00,0.00,0.00,0.00,0.00,0.00,0.00,-1.00,-94.63,4942.84,4937.39,4919.11,4941.87,4936.45,0.633,28.86,17.12,54.13,53.48,5.77,3.69,2.08,4882.81,4946.72,1557,3933,71.4,0.0,12,1,CROSS=EMA9<EMA21;TREND=1;STRUCT=1;VOL=1;COOL=1;EMA50=1;VWAP=1;BIAS=1,0.00,0.00,25262.08,25262.08,2026.02.03 trades=1 W=0 L=1 gross_profit=0.00 gross_loss=94.63 net=-94.63 PF=0.00
206,2026.02.04 12:15:00,2026.02.04 14:45:00,SKIP,XAUUSD,M15,62,FLAT,NA,DAY,0,0.00,0.00,0.00,0.00,1.00,0.00,0.00,0.00,0.00,0.00,0.00,0.00,0.00,0.00,0.00,0.00,0.00,0.00,5065.26,5065.49,5037.30,5068.14,5066.67,1.713,16.46,37.07,46.53,40.08,4.81,11.41,-6.59,5042.06,5053.76,2948,2785,14.3,85.7,8,1,CROSS=EMA9<EMA21;TREND=1;STRUCT=1;VOL=1;COOL=1;EMA50=1;VWAP=0;BIAS=1,0.00,0.00,25262.08,25262.08,already positioned that way
207,2026.02.04 23:45:00,2026.02.05 02:15:00,SKIP,XAUUSD,M15,62,FLAT,NA,DAY,0,0.00,0.00,0.00,0.00,1.00,0.00,0.00,0.00,0.00,0.00,0.00,0.00,0.00,0.00,0.00,0.00,0.00,0.00,4946.27,4945.63,4968.97,4942.42,4944.02,-0.838,27.88,28.80,54.01,61.72,-5.74,-13.77,8.02,5000.22,4961.64,2002,3622,71.4,14.3,40,1,CROSS=EMA9<EMA21;TREND=1;STRUCT=1;VOL=1;COOL=1;EMA50=1;VWAP=0;BIAS=1,0.00,0.00,25262.08,25262.08,outside the killzone window
208,2026.02.05 04:15:00,2026.02.05 06:45:00,SKIP,XAUUSD,M15,62,FLAT,NA,DAY,0,0.00,0.00,0.00,0.00,1.00,0.00,0.00,0.00,0.00,0.00,0.00,0.00,0.00,0.00,0.00,0.00,0.00,0.00,4966.89,4971.03,4975.98,4979.79,4976.60,-0.202,24.52,36.78,37.51,25.74,-0.62,10.33,-10.95,4984.50,4915.26,4820,3126,0.0,100.0,8,1,CROSS=EMA9<EMA21;TREND=1;STRUCT=1;VOL=1;COOL=1;EMA50=1;VWAP=1;BIAS=1,0.00,0.00,25262.08,25262.08,already positioned that way
209,2026.02.05 09:15:00,2026.02.05 11:45:00,ENTRY,XAUUSD,M15,64,BUY,FULLTGT,DAY,0,4922.15,4845.43,4845.43,76.72,1.00,76.72,4998.87,5075.59,5152.31,5229.03,5305.75,0.01,0.01,0.01,4922.15,0.00,0.00,0.00,4909.06,4907.44,4928.83,4905.80,4905.97,-0.558,38.36,26.70,52.77,57.50,-4.75,-16.63,11.87,4918.57,4922.10,4012,4220,85.7,0.0,11,1,CROSS=EMA9>EMA21;TREND=1;STRUCT=1;VOL=1;COOL=1;EMA50=1;VWAP=1;BIAS=1,0.00,0.00,25262.04,25261.93,KZ=LONDON; KZR=Asia L @ 4498.54 291 bars ago (low taken); DAY 12AM-4PM IST session: stop x1.00 of usual; no partials; full size to TP5; SL steps BE->TP1->TP2->TP3
210,2026.02.05 11:15:00,2026.02.05 13:45:00,FLIP,XAUUSD,M15,64,BUY,FULLTGT,DAY,0,4922.15,4845.43,4845.43,76.72,1.00,76.72,4998.87,5075.59,5152.31,5229.03,5305.75,0.01,0.00,0.00,4862.89,0.00,-0.77,0.00,4907.34,4909.67,4924.62,4918.44,4914.35,-0.537,27.82,24.59,38.67,30.45,-3.17,-0.96,-2.21,4917.99,4862.94,4313,3709,0.0,85.7,14,1,CROSS=EMA9<EMA21;TREND=1;STRUCT=1;VOL=1;COOL=1;EMA50=1;VWAP=1;BIAS=1,0.28,-0.77,25262.04,25202.78,opposite signal before SL/target | BUY -> SELL | closing trade 64
211,2026.02.05 11:15:00,2026.02.05 13:45:00,EXIT_FLIP,XAUUSD,M15,64,BUY,FULLTGT,DAY,0,4922.15,4845.43,4845.43,76.72,1.00,76.72,4998.87,5075.59,5152.31,5229.03,5305.75,0.01,0.01,0.00,4862.89,0.00,-0.77,0.00,4907.34,4909.67,4924.62,4918.44,4914.35,-0.537,27.82,24.59,38.67,30.45,-3.17,-0.96,-2.21,4917.99,4862.94,4313,3709,0.0,85.7,14,1,CROSS=EMA9<EMA21;TREND=1;STRUCT=1;VOL=1;COOL=1;EMA50=1;VWAP=1;BIAS=1,0.28,-0.77,25202.74,25202.74,FLIP exit
212,2026.02.05 11:15:00,2026.02.05 13:45:00,EXIT_OTHER,XAUUSD,M15,64,BUY,FULLTGT,DAY,0,4922.15,4845.43,4845.43,76.72,1.00,76.72,4998.87,5075.59,5152.31,5229.03,5305.75,0.01,0.01,0.00,4862.89,0.00,-0.77,-59.34,4907.34,4909.67,4924.62,4918.44,4914.35,-0.537,27.82,24.59,38.67,30.45,-3.17,-0.96,-2.21,4917.99,4862.94,4313,3709,0.0,85.7,14,1,CROSS=EMA9<EMA21;TREND=1;STRUCT=1;VOL=1;COOL=1;EMA50=1;VWAP=1;BIAS=1,0.28,-0.77,25202.74,25202.74,FLIP exit
213,2026.02.05 11:15:00,2026.02.05 13:45:00,ENTRY,XAUUSD,M15,66,SELL,FULLTGT,DAY,64,4862.89,4918.53,4918.53,55.64,1.00,55.64,4807.25,4751.61,4695.97,4640.33,4584.69,0.02,0.02,0.02,4862.89,0.00,0.00,0.00,4907.34,4909.67,4924.62,4918.44,4914.35,-0.537,27.82,24.59,38.67,30.45,-3.17,-0.96,-2.21,4917.99,4862.94,4313,3709,0.0,85.7,14,1,CROSS=EMA9<EMA21;TREND=1;STRUCT=1;VOL=1;COOL=1;EMA50=1;VWAP=1;BIAS=1,0.00,0.00,25202.67,25202.39,KZ=LONDON; KZR=Asia L @ 4498.54 299 bars ago (low taken); DAY 12AM-4PM IST session: stop x1.00 of usual; no partials; full size to TP5; SL steps BE->TP1->TP2->TP3; flipped from trade 64
214,2026.02.05 15:06:37,2026.02.05 17:36:37,SL_MOVE,XAUUSD,M15,66,SELL,FULLTGT,EVENING,64,4862.89,4918.53,4862.89,55.64,1.00,55.64,4807.25,4751.61,4695.97,4640.33,4584.69,0.02,0.00,0.02,4862.89,1.00,0.00,0.00,4860.93,4875.04,4898.33,4862.68,4877.15,-0.877,26.56,25.98,42.30,35.99,-14.45,-11.72,-2.73,4905.03,4853.93,4338,3458,14.3,85.7,9,1,CROSS=EMA9<EMA21;TREND=1;STRUCT=1;VOL=1;COOL=1;EMA50=1;VWAP=1;BIAS=1,1.00,-0.57,25202.67,25313.95,stop to breakeven
215,2026.02.05 15:06:37,2026.02.05 17:36:37,TP1_REACHED,XAUUSD,M15,66,SELL,FULLTGT,EVENING,64,4862.89,4918.53,4862.89,55.64,1.00,55.64,4807.25,4751.61,4695.97,4640.33,4584.69,0.02,0.00,0.02,4807.25,1.00,1.00,0.00,4860.93,4875.04,4898.33,4862.68,4877.15,-0.877,26.56,25.98,42.30,35.99,-14.45,-11.72,-2.73,4905.03,4853.93,4338,3458,14.3,85.7,9,1,CROSS=EMA9<EMA21;TREND=1;STRUCT=1;VOL=1;COOL=1;EMA50=1;VWAP=1;BIAS=1,1.00,-0.57,25202.67,25313.95,full target: no partial booked
216,2026.02.05 15:27:02,2026.02.05 17:57:02,EXIT_BE,XAUUSD,M15,66,SELL,FULLTGT,EVENING,64,4862.89,4918.53,4862.89,55.64,1.00,55.64,4807.25,4751.61,4695.97,4640.33,4584.69,0.02,0.02,0.00,4863.00,0.00,-0.00,-0.36,4853.84,4870.54,4895.47,4860.93,4875.04,-0.877,28.42,27.52,36.29,51.47,-16.54,-12.27,-4.27,4903.08,4825.47,5368,3563,14.3,85.7,8,1,CROSS=EMA9<EMA21;TREND=1;STRUCT=1;VOL=1;COOL=1;EMA50=1;VWAP=1;BIAS=1,1.09,-0.57,25202.38,25202.38,stopped at breakeven
217,2026.02.05 19:00:00,2026.02.05 21:30:00,SKIP,XAUUSD,M15,66,FLAT,NA,EVENING,64,0.00,0.00,0.00,0.00,1.00,0.00,0.00,0.00,0.00,0.00,0.00,0.00,0.00,0.00,0.00,0.00,0.00,0.00,4850.62,4849.58,4870.59,4840.98,4845.62,-0.585,35.94,26.48,58.84,63.93,-4.57,-13.58,9.01,4887.34,4889.17,4460,4618,85.7,0.0,8,1,CROSS=EMA9<EMA21;TREND=1;STRUCT=1;VOL=1;COOL=1;EMA50=1;VWAP=1;BIAS=1,0.00,0.00,25202.38,25202.38,outside the killzone window
218,2026.02.05 21:45:00,2026.02.06 00:15:00,SKIP,XAUUSD,M15,66,FLAT,NA,DAY,64,0.00,0.00,0.00,0.00,1.00,0.00,0.00,0.00,0.00,0.00,0.00,0.00,0.00,0.00,0.00,0.00,0.00,0.00,4854.72,4855.71,4867.09,4859.10,4857.57,-0.402,28.29,23.58,43.02,38.27,-1.21,1.35,-2.56,4884.34,4837.20,3665,4139,0.0,71.4,8,1,CROSS=EMA9<EMA21;TREND=1;STRUCT=1;VOL=1;COOL=1;EMA50=1;VWAP=1;BIAS=1,0.00,0.00,25202.38,25202.38,outside the killzone window
219,2026.02.06 01:00:00,2026.02.06 03:30:00,DAY_SUMMARY,XAUUSD,M15,66,FLAT,NA,DAY,64,0.00,0.00,0.00,0.00,1.00,0.00,0.00,0.00,0.00,0.00,0.00,0.00,0.00,0.00,0.00,0.00,-0.77,-59.70,4804.34,4825.20,4848.48,4810.56,4829.78,-0.974,23.91,50.98,32.32,36.15,-18.48,-10.02,-8.46,4878.36,4779.46,2464,3460,0.0,85.7,11,1,CROSS=EMA9<EMA21;TREND=1;STRUCT=1;VOL=1;COOL=1;EMA50=1;VWAP=1;BIAS=1,0.00,0.00,25202.38,25202.38,2026.02.05 trades=2 W=0 L=2 gross_profit=0.00 gross_loss=59.70 net=-59.70 PF=0.00
220,2026.02.06 04:45:00,2026.02.06 07:15:00,ENTRY,XAUUSD,M15,68,BUY,FULLTGT,DAY,0,4826.82,4752.34,4752.34,74.48,1.00,74.48,4901.30,4975.78,5050.26,5124.74,5199.22,0.01,0.01,0.01,4826.82,0.00,0.00,0.00,4780.36,4778.86,4807.58,4768.96,4774.15,-0.771,37.24,39.63,58.37,67.19,-7.41,-23.86,16.46,4749.95,4825.95,4755,3994,100.0,0.0,8,1,CROSS=EMA9>EMA21;TREND=1;STRUCT=1;VOL=1;COOL=1;EMA50=1;VWAP=1;BIAS=1,0.00,0.00,25202.34,25202.26,KZ=ASIA; KZR=Asia L @ 4498.54 369 bars ago (low taken); DAY 12AM-4PM IST session: stop x1.00 of usual; no partials; full size to TP5; SL steps BE->TP1->TP2->TP3
221,2026.02.06 08:00:04,2026.02.06 10:30:04,SL_MOVE,XAUUSD,M15,68,BUY,FULLTGT,DAY,0,4826.82,4752.34,4826.82,74.48,1.00,74.48,4901.30,4975.78,5050.26,5124.74,5199.22,0.01,0.00,0.01,4826.82,1.00,0.00,0.00,4844.64,4820.74,4818.03,4831.37,4813.04,0.087,31.22,27.41,70.35,82.43,19.19,9.82,9.37,4780.78,4897.72,3920,3682,100.0,0.0,12,1,CROSS=EMA9>EMA21;TREND=1;STRUCT=1;VOL=1;COOL=1;EMA50=1;VWAP=1;BIAS=1,1.00,-0.34,25202.34,25276.94,stop to breakeven
222,2026.02.06 08:00:04,2026.02.06 10:30:04,TP1_REACHED,XAUUSD,M15,68,BUY,FULLTGT,DAY,0,4826.82,4752.34,4826.82,74.48,1.00,74.48,4901.30,4975.78,5050.26,5124.74,5199.22,0.01,0.00,0.01,4901.30,1.00,1.00,0.00,4844.64,4820.74,4818.03,4831.37,4813.04,0.087,31.22,27.41,70.35,82.43,19.19,9.82,9.37,4780.78,4897.72,3920,3682,100.0,0.0,12,1,CROSS=EMA9>EMA21;TREND=1;STRUCT=1;VOL=1;COOL=1;EMA50=1;VWAP=1;BIAS=1,1.00,-0.34,25202.34,25276.94,full target: no partial booked
223,2026.02.06 08:56:39,2026.02.06 11:26:39,EXIT_BE,XAUUSD,M15,68,BUY,FULLTGT,DAY,0,4826.82,4752.34,4826.82,74.48,1.00,74.48,4901.30,4975.78,5050.26,5124.74,5199.22,0.01,0.01,0.00,4826.74,0.00,-0.00,-0.16,4849.39,4829.31,4822.28,4850.07,4827.58,0.249,28.31,25.10,55.55,49.20,18.61,14.33,4.28,4788.76,4846.67,3831,3493,57.1,42.9,4,1,CROSS=EMA9>EMA21;TREND=1;STRUCT=1;VOL=1;COOL=1;EMA50=1;VWAP=1;BIAS=1,1.02,-0.34,25202.22,25202.22,stopped at breakeven
224,2026.02.09 01:00:00,2026.02.09 03:30:00,DAY_SUMMARY,XAUUSD,M15,68,FLAT,NA,DAY,0,0.00,0.00,0.00,0.00,1.00,0.00,0.00,0.00,0.00,0.00,0.00,0.00,0.00,0.00,0.00,0.00,-0.00,-0.16,4956.65,4951.71,4928.12,4954.38,4950.30,2.011,11.73,24.72,61.53,64.73,7.63,9.23,-1.61,4862.89,4965.74,733,2186,57.1,14.3,18,1,CROSS=EMA9>EMA21;TREND=1;STRUCT=1;VOL=1;COOL=1;EMA50=1;VWAP=1;BIAS=1,0.00,0.00,25202.22,25202.22,2026.02.06 trades=1 W=0 L=1 gross_profit=0.00 gross_loss=0.16 net=-0.16 PF=0.00
225,2026.02.09 01:00:00,2026.02.09 03:30:00,WEEK_SUMMARY,XAUUSD,M15,68,FLAT,NA,DAY,0,0.00,0.00,0.00,0.00,1.00,0.00,0.00,0.00,0.00,0.00,0.00,0.00,0.00,0.00,0.00,0.00,-1.78,-154.59,4956.65,4951.71,4928.12,4954.38,4950.30,2.011,11.73,24.72,61.53,64.73,7.63,9.23,-1.61,4862.89,4965.74,733,2186,57.1,14.3,18,1,CROSS=EMA9>EMA21;TREND=1;STRUCT=1;VOL=1;COOL=1;EMA50=1;VWAP=1;BIAS=1,0.00,0.00,25202.22,25202.22,days=4 trades=5 W=0 L=5 gross_profit=0.00 gross_loss=154.59 net=-154.59 PF=0.00 pips=-15447.0
226,2026.02.09 12:00:00,2026.02.09 14:30:00,ENTRY,XAUUSD,M15,70,SELL,FULLTGT,DAY,0,5007.84,5036.68,5036.68,28.84,1.00,28.84,4979.00,4950.17,4921.33,4892.50,4863.66,0.04,0.04,0.04,5007.84,0.00,0.00,0.00,5019.02,5019.15,5003.97,5021.83,5020.28,1.052,14.42,18.65,44.26,34.90,1.94,3.79,-1.86,5017.95,5007.75,2202,2551,0.0,71.4,11,1,CROSS=EMA9<EMA21;TREND=1;STRUCT=1;VOL=1;COOL=1;EMA50=1;VWAP=1;BIAS=1,0.00,0.00,25202.08,25201.64,KZ=LONDON; KZR=Asia L @ 4498.54 686 bars ago (low taken); DAY 12AM-4PM IST session: stop x1.00 of usual; no partials; full size to TP5; SL steps BE->TP1->TP2->TP3
227,2026.02.09 15:15:00,2026.02.09 17:45:00,FLIP,XAUUSD,M15,70,SELL,FULLTGT,EVENING,0,5007.84,5036.68,5036.68,28.84,1.00,28.84,4979.00,4950.17,4921.33,4892.50,4863.66,0.04,0.00,0.00,5022.29,0.00,-0.50,0.00,5013.01,5012.06,5005.36,5010.79,5011.07,0.479,13.97,28.00,56.95,62.56,0.27,-2.58,2.85,5015.45,5021.92,3282,2248,100.0,0.0,9,1,CROSS=EMA9>EMA21;TREND=1;STRUCT=1;VOL=1;COOL=1;EMA50=1;VWAP=1;BIAS=1,0.88,-0.59,25202.08,25144.28,opposite signal before SL/target | SELL -> BUY | closing trade 70
228,2026.02.09 15:15:00,2026.02.09 17:45:00,EXIT_FLIP,XAUUSD,M15,70,SELL,FULLTGT,EVENING,0,5007.84,5036.68,5036.68,28.84,1.00,28.84,4979.00,4950.17,4921.33,4892.50,4863.66,0.04,0.04,0.00,5022.29,0.00,-0.50,0.00,5013.01,5012.06,5005.36,5010.79,5011.07,0.479,13.97,28.00,56.95,62.56,0.27,-2.58,2.85,5015.45,5021.92,3282,2248,100.0,0.0,9,1,CROSS=EMA9>EMA21;TREND=1;STRUCT=1;VOL=1;COOL=1;EMA50=1;VWAP=1;BIAS=1,0.88,-0.59,25144.14,25144.14,FLIP exit
229,2026.02.09 15:15:00,2026.02.09 17:45:00,EXIT_OTHER,XAUUSD,M15,70,SELL,FULLTGT,EVENING,0,5007.84,5036.68,5036.68,28.84,1.00,28.84,4979.00,4950.17,4921.33,4892.50,4863.66,0.04,0.04,0.00,5022.29,0.00,-0.50,-58.08,5013.01,5012.06,5005.36,5010.79,5011.07,0.479,13.97,28.00,56.95,62.56,0.27,-2.58,2.85,5015.45,5021.92,3282,2248,100.0,0.0,9,1,CROSS=EMA9>EMA21;TREND=1;STRUCT=1;VOL=1;COOL=1;EMA50=1;VWAP=1;BIAS=1,0.88,-0.59,25144.14,25144.14,FLIP exit
230,2026.02.09 15:15:00,2026.02.09 17:45:00,ENTRY,XAUUSD,M15,72,BUY,FULLTGT,EVENING,70,5022.29,4994.35,4994.35,27.94,1.00,27.94,5050.23,5078.17,5106.11,5134.05,5161.99,0.04,0.04,0.04,5022.29,0.00,0.00,0.00,5013.01,5012.06,5005.36,5010.79,5011.07,0.479,13.97,28.00,56.95,62.56,0.27,-2.58,2.85,5015.45,5021.92,3282,2248,100.0,0.0,9,1,CROSS=EMA9>EMA21;TREND=1;STRUCT=1;VOL=1;COOL=1;EMA50=1;VWAP=1;BIAS=1,0.00,0.00,25144.00,25143.64,KZ=NY; KZR=Asia L @ 4498.54 699 bars ago (low taken); EVENING 4PM-12AM IST session: stop x1.00 of usual; no partials; full size to TP5; SL steps BE->TP1->TP2->TP3; flipped from trade 70
231,2026.02.09 15:30:00,2026.02.09 18:00:00,FLIP,XAUUSD,M15,72,BUY,FULLTGT,EVENING,0,5022.29,4994.35,4994.35,27.94,1.00,27.94,5050.23,5078.17,5106.11,5134.05,5161.99,0.04,0.00,0.00,5004.38,0.00,-0.64,0.00,5011.29,5011.36,5005.33,5013.01,5012.06,0.429,14.08,27.22,45.83,40.40,-0.37,-2.03,1.66,5015.34,5004.38,3395,2292,14.3,85.7,10,1,CROSS=EMA9<EMA21;TREND=1;STRUCT=1;VOL=1;COOL=1;EMA50=1;VWAP=1;BIAS=1,0.07,-0.67,25144.00,25072.36,opposite signal before SL/target | BUY -> SELL | closing trade 72
232,2026.02.09 15:30:00,2026.02.09 18:00:00,EXIT_FLIP,XAUUSD,M15,72,BUY,FULLTGT,EVENING,0,5022.29,4994.35,4994.35,27.94,1.00,27.94,5050.23,5078.17,5106.11,5134.05,5161.99,0.04,0.04,0.00,5004.38,0.00,-0.64,0.00,5011.29,5011.36,5005.33,5013.01,5012.06,0.429,14.08,27.22,45.83,40.40,-0.37,-2.03,1.66,5015.34,5004.38,3395,2292,14.3,85.7,10,1,CROSS=EMA9<EMA21;TREND=1;STRUCT=1;VOL=1;COOL=1;EMA50=1;VWAP=1;BIAS=1,0.07,-0.67,25072.22,25072.22,FLIP exit
233,2026.02.09 15:30:00,2026.02.09 18:00:00,EXIT_OTHER,XAUUSD,M15,72,BUY,FULLTGT,EVENING,0,5022.29,4994.35,4994.35,27.94,1.00,27.94,5050.23,5078.17,5106.11,5134.05,5161.99,0.04,0.04,0.00,5004.38,0.00,-0.64,-71.92,5011.29,5011.36,5005.33,5013.01,5012.06,0.429,14.08,27.22,45.83,40.40,-0.37,-2.03,1.66,5015.34,5004.38,3395,2292,14.3,85.7,10,1,CROSS=EMA9<EMA21;TREND=1;STRUCT=1;VOL=1;COOL=1;EMA50=1;VWAP=1;BIAS=1,0.07,-0.67,25072.22,25072.22,FLIP exit
234,2026.02.09 15:30:00,2026.02.09 18:00:00,ENTRY,XAUUSD,M15,74,SELL,FULLTGT,EVENING,72,5004.38,5032.54,5032.54,28.16,1.00,28.16,4976.22,4948.07,4919.91,4891.76,4863.60,0.04,0.04,0.04,5004.38,0.00,0.00,0.00,5011.29,5011.36,5005.33,5013.01,5012.06,0.429,14.08,27.22,45.83,40.40,-0.37,-2.03,1.66,5015.34,5004.38,3395,2292,14.3,85.7,10,1,CROSS=EMA9<EMA21;TREND=1;STRUCT=1;VOL=1;COOL=1;EMA50=1;VWAP=1;BIAS=1,0.00,0.00,25072.08,25071.68,KZ=NY; KZR=Asia L @ 4498.54 700 bars ago (low taken); EVENING 4PM-12AM IST session: stop x1.00 of usual; no partials; full size to TP5; SL steps BE->TP1->TP2->TP3; flipped from trade 72
235,2026.02.09 16:30:00,2026.02.09 19:00:00,FLIP,XAUUSD,M15,74,SELL,FULLTGT,EVENING,0,5004.38,5032.54,5032.54,28.16,1.00,28.16,4976.22,4948.07,4919.91,4891.76,4863.60,0.04,0.00,0.00,5020.96,0.00,-0.59,0.00,5012.07,5011.39,5006.16,5009.83,5010.43,0.359,14.60,22.78,55.70,61.22,0.19,-0.76,0.95,5014.90,5021.04,2983,2477,85.7,0.0,10,1,CROSS=EMA9>EMA21;TREND=1;STRUCT=1;VOL=1;COOL=1;EMA50=1;VWAP=1;BIAS=1,0.32,-0.70,25072.08,25005.76,opposite signal before SL/target | SELL -> BUY | closing trade 74
236,2026.02.09 16:30:00,2026.02.09 19:00:00,EXIT_FLIP,XAUUSD,M15,74,SELL,FULLTGT,EVENING,0,5004.38,5032.54,5032.54,28.16,1.00,28.16,4976.22,4948.07,4919.91,4891.76,4863.60,0.04,0.04,0.00,5020.96,0.00,-0.59,0.00,5012.07,5011.39,5006.16,5009.83,5010.43,0.359,14.60,22.78,55.70,61.22,0.19,-0.76,0.95,5014.90,5021.04,2983,2477,85.7,0.0,10,1,CROSS=EMA9>EMA21;TREND=1;STRUCT=1;VOL=1;COOL=1;EMA50=1;VWAP=1;BIAS=1,0.32,-0.70,25005.62,25005.62,FLIP exit
237,2026.02.09 16:30:00,2026.02.09 19:00:00,EXIT_OTHER,XAUUSD,M15,74,SELL,FULLTGT,EVENING,0,5004.38,5032.54,5032.54,28.16,1.00,28.16,4976.22,4948.07,4919.91,4891.76,4863.60,0.04,0.04,0.00,5020.96,0.00,-0.59,-66.60,5012.07,5011.39,5006.16,5009.83,5010.43,0.359,14.60,22.78,55.70,61.22,0.19,-0.76,0.95,5014.90,5021.04,2983,2477,85.7,0.0,10,1,CROSS=EMA9>EMA21;TREND=1;STRUCT=1;VOL=1;COOL=1;EMA50=1;VWAP=1;BIAS=1,0.32,-0.70,25005.62,25005.62,FLIP exit
238,2026.02.09 16:30:00,2026.02.09 19:00:00,ENTRY,XAUUSD,M15,76,BUY,FULLTGT,EVENING,74,5020.96,4991.75,4991.75,29.21,1.00,29.21,5050.17,5079.37,5108.58,5137.79,5166.99,0.04,0.04,0.04,5020.96,0.00,0.00,0.00,5012.07,5011.39,5006.16,5009.83,5010.43,0.359,14.60,22.78,55.70,61.22,0.19,-0.76,0.95,5014.90,5021.04,2983,2477,85.7,0.0,10,1,CROSS=EMA9>EMA21;TREND=1;STRUCT=1;VOL=1;COOL=1;EMA50=1;VWAP=1;BIAS=1,0.00,0.00,25005.48,25005.08,KZ=NY; KZR=Asia L @ 4498.54 704 bars ago (low taken); EVENING 4PM-12AM IST session: stop x1.00 of usual; no partials; full size to TP5; SL steps BE->TP1->TP2->TP3; flipped from trade 74
239,2026.02.09 17:33:40,2026.02.09 20:03:40,SL_MOVE,XAUUSD,M15,76,BUY,FULLTGT,EVENING,74,5020.96,4991.75,5020.96,29.21,1.00,29.21,5050.17,5079.37,5108.58,5137.79,5166.99,0.04,0.00,0.04,5020.96,1.00,0.00,0.00,5025.10,5018.69,5010.35,5023.02,5017.21,0.567,14.70,31.19,59.43,58.81,5.14,1.33,3.81,5016.39,5033.44,3451,2776,100.0,0.0,8,1,CROSS=EMA9>EMA21;TREND=1;STRUCT=1;VOL=1;COOL=1;EMA50=1;VWAP=1;BIAS=1,1.00,-0.23,25005.48,25122.32,stop to breakeven
240,2026.02.09 17:33:40,2026.02.09 20:03:40,TP1_REACHED,XAUUSD,M15,76,BUY,FULLTGT,EVENING,74,5020.96,4991.75,5020.96,29.21,1.00,29.21,5050.17,5079.37,5108.58,5137.79,5166.99,0.04,0.00,0.04,5050.17,1.00,1.00,0.00,5025.10,5018.69,5010.35,5023.02,5017.21,0.567,14.70,31.19,59.43,58.81,5.14,1.33,3.81,5016.39,5033.44,3451,2776,100.0,0.0,8,1,CROSS=EMA9>EMA21;TREND=1;STRUCT=1;VOL=1;COOL=1;EMA50=1;VWAP=1;BIAS=1,1.00,-0.23,25005.48,25122.32,full target: no partial booked
241,2026.02.09 18:26:04,2026.02.09 20:56:04,SL_MOVE,XAUUSD,M15,76,BUY,FULLTGT,EVENING,74,5020.96,4991.75,5050.17,29.21,1.00,29.21,5050.17,5079.37,5108.58,5137.79,5166.99,0.04,0.00,0.04,5050.17,2.00,0.00,0.00,5042.20,5028.91,5015.93,5036.83,5025.44,0.942,13.79,39.40,70.26,75.70,11.16,4.78,6.38,5018.39,5063.70,3046,2878,100.0,0.0,10,1,CROSS=EMA9>EMA21;TREND=1;STRUCT=1;VOL=1;COOL=1;EMA50=1;VWAP=1;BIAS=1,2.00,-0.23,25005.48,25239.20,stop trailed to TP1
242,2026.02.09 18:26:04,2026.02.09 20:56:04,TP2_REACHED,XAUUSD,M15,76,BUY,FULLTGT,EVENING,74,5020.96,4991.75,5050.17,29.21,1.00,29.21,5050.17,5079.37,5108.58,5137.79,5166.99,0.04,0.00,0.04,5079.37,2.00,2.00,0.00,5042.20,5028.91,5015.93,5036.83,5025.44,0.942,13.79,39.40,70.26,75.70,11.16,4.78,6.38,5018.39,5063.70,3046,2878,100.0,0.0,10,1,CROSS=EMA9>EMA21;TREND=1;STRUCT=1;VOL=1;COOL=1;EMA50=1;VWAP=1;BIAS=1,2.00,-0.23,25005.48,25239.20,full target: no partial booked
243,2026.02.09 19:51:38,2026.02.09 22:21:38,EXIT_TRAIL_SL,XAUUSD,M15,76,BUY,FULLTGT,EVENING,74,5020.96,4991.75,5050.17,29.21,1.00,29.21,5050.17,5079.37,5108.58,5137.79,5166.99,0.04,0.04,0.00,5050.03,0.00,1.00,116.00,5061.30,5046.38,5027.35,5060.98,5044.76,1.357,14.03,43.47,61.75,50.38,14.98,13.13,1.85,5022.52,5062.57,2372,3114,85.7,0.0,8,1,CROSS=EMA9>EMA21;TREND=1;STRUCT=1;VOL=1;COOL=1;EMA50=1;VWAP=1;BIAS=1,2.04,-0.23,25121.62,25121.62,stopped at a trailed level
244,2026.02.10 01:00:00,2026.02.10 03:30:00,DAY_SUMMARY,XAUUSD,M15,76,FLAT,NA,DAY,74,0.00,0.00,0.00,0.00,1.00,0.00,0.00,0.00,0.00,0.00,0.00,0.00,0.00,0.00,0.00,0.00,-0.74,-80.60,5065.46,5062.78,5046.74,5067.34,5063.27,1.400,11.46,31.90,48.95,38.49,5.63,9.81,-4.18,5029.47,5057.94,993,2362,28.6,57.1,8,1,CROSS=EMA9>EMA21;TREND=1;STRUCT=1;VOL=1;COOL=1;EMA50=1;VWAP=1;BIAS=1,0.00,0.00,25121.62,25121.62,2026.02.09 trades=4 W=1 L=3 gross_profit=116.00 gross_loss=196.60 net=-80.60 PF=0.59
245,2026.02.10 01:15:00,2026.02.10 03:45:00,SKIP,XAUUSD,M15,76,FLAT,NA,DAY,74,0.00,0.00,0.00,0.00,1.00,0.00,0.00,0.00,0.00,0.00,0.00,0.00,0.00,0.00,0.00,0.00,0.00,0.00,5055.05,5058.29,5045.44,5065.46,5062.78,0.844,15.23,30.63,31.22,17.24,1.04,8.67,-7.64,5025.58,5013.39,3460,2387,0.0,100.0,8,1,CROSS=EMA9>EMA21;TREND=1;STRUCT=1;VOL=1;COOL=1;EMA50=1;VWAP=1;BIAS=1,0.00,0.00,25121.62,25121.62,outside the killzone window
246,2026.02.10 10:45:00,2026.02.10 13:15:00,SKIP,XAUUSD,M15,76,FLAT,NA,DAY,74,0.00,0.00,0.00,0.00,1.00,0.00,0.00,0.00,0.00,0.00,0.00,0.00,0.00,0.00,0.00,0.00,0.00,0.00,5034.97,5033.19,5034.66,5031.53,5031.63,-0.125,11.77,18.09,60.13,66.54,0.43,-1.85,2.28,5030.68,5048.74,2011,2304,71.4,0.0,8,1,CROSS=EMA9>EMA21;TREND=1;STRUCT=1;VOL=1;COOL=1;EMA50=1;VWAP=1;BIAS=1,0.00,0.00,25121.62,25121.62,already positioned that way
247,2026.02.10 15:00:00,2026.02.10 17:30:00,ENTRY,XAUUSD,M15,78,SELL,FULLTGT,EVENING,0,5032.24,5056.86,5056.86,24.62,1.00,24.62,5007.62,4983.00,4958.39,4933.77,4909.15,0.05,0.05,0.05,5032.24,0.00,0.00,0.00,5041.76,5042.34,5040.07,5044.14,5043.34,0.184,12.31,29.99,43.93,37.78,0.71,3.45,-2.74,5034.32,5032.25,3203,2037,14.3,85.7,8,1,CROSS=EMA9<EMA21;TREND=1;STRUCT=1;VOL=1;COOL=1;EMA50=1;VWAP=1;BIAS=1,0.00,0.00,25121.44,25121.04,KZ=NY; KZR=NY H @ 5063.36 83 bars ago (high taken); EVENING 4PM-12AM IST session: stop x1.00 of usual; no partials; full size to TP5; SL steps BE->TP1->TP2->TP3
248,2026.02.10 15:33:37,2026.02.10 18:03:37,EXIT_SL,XAUUSD,M15,78,SELL,FULLTGT,EVENING,0,5032.24,5056.86,5056.86,24.62,1.00,24.62,5007.62,4983.00,4958.39,4933.77,4909.15,0.05,0.05,0.00,5056.89,0.00,-1.00,-123.61,5041.03,5041.91,5040.06,5041.83,5042.32,0.146,12.66,24.26,47.69,46.14,0.20,2.59,-2.38,5034.48,5037.81,2928,2114,14.3,71.4,14,1,CROSS=EMA9<EMA21;TREND=1;STRUCT=1;VOL=1;COOL=1;EMA50=1;VWAP=1;BIAS=1,0.24,-1.00,24998.01,24998.01,stopped at the initial SL (x1.00 of usual)
249,2026.02.10 15:45:00,2026.02.10 18:15:00,ENTRY,XAUUSD,M15,80,BUY,FULLTGT,EVENING,0,5053.18,5026.70,5026.70,26.48,1.00,26.48,5079.66,5106.13,5132.61,5159.08,5185.56,0.04,0.04,0.04,5053.18,0.00,0.00,0.00,5043.43,5042.92,5040.56,5041.03,5041.91,0.178,13.24,25.15,56.05,58.14,1.08,2.24,-1.16,5034.86,5053.02,3819,2205,85.7,14.3,8,1,CROSS=EMA9>EMA21;TREND=1;STRUCT=1;VOL=1;COOL=1;EMA50=1;VWAP=1;BIAS=1,0.00,0.00,24997.87,24997.55,KZ=NY; KZR=NY H @ 5063.36 86 bars ago (high taken); EVENING 4PM-12AM IST session: stop x1.00 of usual; no partials; full size to TP5; SL steps BE->TP1->TP2->TP3
250,2026.02.10 16:48:27,2026.02.10 19:18:27,EXIT_SL,XAUUSD,M15,80,BUY,FULLTGT,EVENING,0,5053.18,5026.70,5026.70,26.48,1.00,26.48,5079.66,5106.13,5132.61,5159.08,5185.56,0.04,0.04,0.00,5026.67,0.00,-1.00,-106.32,5052.61,5047.90,5043.21,5051.80,5047.10,0.355,13.20,29.90,54.84,51.28,4.28,1.87,2.40,5036.79,5055.85,4394,2402,85.7,14.3,18,1,CROSS=EMA9>EMA21;TREND=1;STRUCT=1;VOL=1;COOL=1;EMA50=1;VWAP=1;BIAS=1,0.97,-1.00,24891.69,24891.69,stopped at the initial SL (x1.00 of usual)
251,2026.02.10 17:30:00,2026.02.10 20:00:00,ENTRY,XAUUSD,M15,82,SELL,FULLTGT,EVENING,0,5032.22,5062.40,5062.40,30.18,1.00,30.18,5002.04,4971.86,4941.68,4911.50,4881.32,0.04,0.04,0.04,5032.22,0.00,0.00,0.00,5045.30,5045.43,5042.63,5048.50,5046.72,0.185,15.09,22.12,43.99,40.97,0.87,2.21,-1.34,5036.89,5032.52,3481,2727,0.0,85.7,10,1,CROSS=EMA9<EMA21;TREND=1;STRUCT=1;VOL=1;COOL=1;EMA50=1;VWAP=1;BIAS=1,0.00,0.00,24891.55,24891.15,KZ=NY; KZR=NY H @ 5063.36 93 bars ago (high taken); EVENING 4PM-12AM IST session: stop x1.00 of usual; no partials; full size to TP5; SL steps BE->TP1->TP2->TP3
252,2026.02.10 17:38:40,2026.02.10 20:08:40,SL_MOVE,XAUUSD,M15,82,SELL,FULLTGT,EVENING,0,5032.22,5062.40,5032.22,30.18,1.00,30.18,5002.04,4971.86,4941.68,4911.50,4881.32,0.04,0.00,0.04,5032.22,1.00,0.00,0.00,5045.30,5045.43,5042.63,5048.50,5046.72,0.185,15.09,22.12,43.99,41.01,0.87,2.21,-1.34,5036.89,5032.52,3481,2727,0.0,85.7,10,1,CROSS=EMA9<EMA21;TREND=1;STRUCT=1;VOL=1;COOL=1;EMA50=1;VWAP=1;BIAS=1,1.00,-0.17,24891.55,25012.43,stop to breakeven
253,2026.02.10 17:38:40,2026.02.10 20:08:40,TP1_REACHED,XAUUSD,M15,82,SELL,FULLTGT,EVENING,0,5032.22,5062.40,5032.22,30.18,1.00,30.18,5002.04,4971.86,4941.68,4911.50,4881.32,0.04,0.00,0.04,5002.04,1.00,1.00,0.00,5045.30,5045.43,5042.63,5048.50,5046.72,0.185,15.09,22.12,43.99,41.01,0.87,2.21,-1.34,5036.89,5032.52,3481,2727,0.0,85.7,10,1,CROSS=EMA9<EMA21;TREND=1;STRUCT=1;VOL=1;COOL=1;EMA50=1;VWAP=1;BIAS=1,1.00,-0.17,24891.55,25012.43,full target: no partial booked
254,2026.02.10 19:17:37,2026.02.10 21:47:37,EXIT_BE,XAUUSD,M15,82,SELL,FULLTGT,EVENING,0,5032.22,5062.40,5032.22,30.18,1.00,30.18,5002.04,4971.86,4941.68,4911.50,4881.32,0.04,0.04,0.00,5032.26,0.00,-0.00,-0.44,5025.78,5032.96,5036.98,5026.09,5033.80,-0.230,17.49,20.29,44.74,48.91,-6.23,-3.48,-2.75,5034.60,5024.54,3001,3379,0.0,71.4,8,1,CROSS=EMA9<EMA21;TREND=1;STRUCT=1;VOL=1;COOL=1;EMA50=1;VWAP=1;BIAS=1,1.09,-0.17,24891.25,24891.25,stopped at breakeven
255,2026.02.10 23:00:00,2026.02.11 01:30:00,SKIP,XAUUSD,M15,82,FLAT,NA,DAY,0,0.00,0.00,0.00,0.00,1.00,0.00,0.00,0.00,0.00,0.00,0.00,0.00,0.00,0.00,0.00,0.00,0.00,0.00,5027.10,5027.00,5031.33,5026.28,5026.66,-0.366,11.81,29.45,51.49,54.60,-1.48,-4.57,3.09,5032.92,5030.40,3199,2686,71.4,28.6,8,1,CROSS=EMA9<EMA21;TREND=1;STRUCT=1;VOL=1;COOL=1;EMA50=1;VWAP=1;BIAS=1,0.00,0.00,24891.25,24891.25,outside the killzone window
256,2026.02.10 23:45:00,2026.02.11 02:15:00,SKIP,XAUUSD,M15,82,FLAT,NA,DAY,0,0.00,0.00,0.00,0.00,1.00,0.00,0.00,0.00,0.00,0.00,0.00,0.00,0.00,0.00,0.00,0.00,0.00,0.00,5026.63,5026.84,5030.78,5027.28,5027.13,-0.386,10.19,24.58,47.29,45.36,-1.24,-2.72,1.48,5032.84,5024.04,996,2307,14.3,57.1,11,1,CROSS=EMA9<EMA21;TREND=1;STRUCT=1;VOL=1;COOL=1;EMA50=1;VWAP=1;BIAS=1,0.00,0.00,24891.25,24891.25,outside the killzone window
257,2026.02.11 01:00:00,2026.02.11 03:30:00,DAY_SUMMARY,XAUUSD,M15,82,FLAT,NA,DAY,0,0.00,0.00,0.00,0.00,1.00,0.00,0.00,0.00,0.00,0.00,0.00,0.00,0.00,0.00,0.00,0.00,-2.00,-230.37,5026.37,5026.70,5030.56,5026.63,5026.84,-0.394,9.80,22.08,48.25,48.06,-1.23,-2.24,1.00,5032.81,5025.30,858,2182,14.3,57.1,12,1,CROSS=EMA9<EMA21;TREND=1;STRUCT=1;VOL=1;COOL=1;EMA50=1;VWAP=1;BIAS=1,0.00,0.00,24891.25,24891.25,2026.02.10 trades=3 W=0 L=3 gross_profit=0.00 gross_loss=230.37 net=-230.37 PF=0.00
258,2026.02.11 01:15:00,2026.02.11 03:45:00,SKIP,XAUUSD,M15,82,FLAT,NA,DAY,0,0.00,0.00,0.00,0.00,1.00,0.00,0.00,0.00,0.00,0.00,0.00,0.00,0.00,0.00,0.00,0.00,0.00,0.00,5027.96,5027.40,5030.71,5026.37,5026.70,-0.335,9.90,21.91,54.59,61.55,-0.49,-1.77,1.28,5031.90,5034.31,1778,2121,71.4,0.0,8,1,CROSS=EMA9<EMA21;TREND=1;STRUCT=1;VOL=1;COOL=1;EMA50=1;VWAP=1;BIAS=1,0.00,0.00,24891.25,24891.25,outside the killzone window
259,2026.02.11 16:15:00,2026.02.11 18:45:00,SKIP,XAUUSD,M15,82,FLAT,NA,EVENING,0,0.00,0.00,0.00,0.00,1.00,0.00,0.00,0.00,0.00,0.00,0.00,0.00,0.00,0.00,0.00,0.00,0.00,0.00,5077.38,5077.47,5067.13,5078.29,5077.85,0.559,18.52,22.50,49.24,47.94,2.87,8.70,-5.83,5061.67,5073.76,3497,2650,28.6,57.1,10,1,CROSS=EMA9<EMA21;TREND=1;STRUCT=1;VOL=1;COOL=1;EMA50=1;VWAP=0;BIAS=1,0.00,0.00,24891.25,24891.25,already positioned that way
260,2026.02.11 19:15:00,2026.02.11 21:45:00,SKIP,XAUUSD,M15,82,FLAT,NA,EVENING,0,0.00,0.00,0.00,0.00,1.00,0.00,0.00,0.00,0.00,0.00,0.00,0.00,0.00,0.00,0.00,0.00,0.00,0.00,5069.34,5069.05,5065.80,5065.42,5067.46,0.137,23.65,15.19,57.10,65.70,-0.34,-3.21,2.87,5061.46,5085.00,2980,3771,71.4,0.0,8,1,CROSS=EMA9<EMA21;TREND=1;STRUCT=1;VOL=1;COOL=1;EMA50=1;VWAP=0;BIAS=1,0.00,0.00,24891.25,24891.25,outside the killzone window
261,2026.02.12 01:15:00,2026.02.12 03:45:00,SKIP,XAUUSD,M15,82,FLAT,NA,DAY,0,0.00,0.00,0.00,0.00,1.00,0.00,0.00,0.00,0.00,0.00,0.00,0.00,0.00,0.00,0.00,0.00,0.00,0.00,5080.06,5080.60,5075.57,5084.28,5082.34,0.399,12.59,22.42,39.91,34.76,0.87,3.44,-2.57,5072.30,5063.17,2657,2495,0.0,85.7,8,1,CROSS=EMA9<EMA21;TREND=1;STRUCT=1;VOL=1;COOL=1;EMA50=1;VWAP=0;BIAS=1,0.00,0.00,24891.25,24891.25,outside the killzone window
262,2026.02.12 07:30:00,2026.02.12 10:00:00,ENTRY,XAUUSD,M15,84,BUY,FULLTGT,DAY,0,5071.99,5050.62,5050.62,21.37,1.00,21.37,5093.36,5114.73,5136.10,5157.47,5178.84,0.05,0.05,0.05,5071.99,0.00,0.00,0.00,5065.83,5065.31,5067.58,5064.30,5064.64,-0.213,10.69,24.93,54.32,59.11,-0.73,-2.79,2.06,5062.40,5071.95,1343,2047,71.4,0.0,8,1,CROSS=EMA9>EMA21;TREND=1;STRUCT=1;VOL=1;COOL=1;EMA50=1;VWAP=1;BIAS=1,0.00,0.00,24891.07,24890.67,KZ=ASIA; KZR=NY H @ 5089.80 48 bars ago (high taken); DAY 12AM-4PM IST session: stop x1.00 of usual; no partials; full size to TP5; SL steps BE->TP1->TP2->TP3
263,2026.02.12 08:32:40,2026.02.12 11:02:40,EXIT_SL,XAUUSD,M15,84,BUY,FULLTGT,DAY,0,5071.99,5050.62,5050.62,21.37,1.00,21.37,5093.36,5114.73,5136.10,5157.47,5178.84,0.05,0.05,0.00,5050.55,0.00,-1.00,-107.56,5066.20,5065.98,5067.62,5068.86,5067.02,-0.154,10.62,17.79,42.52,38.16,-0.33,-1.28,0.95,5063.14,5055.56,2255,1946,28.6,57.1,8,1,CROSS=EMA9>EMA21;TREND=1;STRUCT=1;VOL=1;COOL=1;EMA50=1;VWAP=1;BIAS=1,0.21,-1.00,24783.69,24783.69,stopped at the initial SL (x1.00 of usual)
264,2026.02.12 08:45:00,2026.02.12 11:15:00,SKIP,XAUUSD,M15,84,FLAT,NA,DAY,0,0.00,0.00,0.00,0.00,1.00,0.00,0.00,0.00,0.00,0.00,0.00,0.00,0.00,0.00,0.00,0.00,0.00,0.00,5064.53,5065.24,5067.23,5066.20,5065.98,-0.191,10.44,20.00,44.26,43.69,-0.95,-0.97,0.01,5062.77,5057.82,2900,1959,28.6,57.1,8,1,CROSS=EMA9>EMA21;TREND=1;STRUCT=1;VOL=1;COOL=1;EMA50=1;VWAP=1;BIAS=1,0.00,0.00,24783.69,24783.69,outside the killzone window
265,2026.02.12 11:15:00,2026.02.12 13:45:00,SKIP,XAUUSD,M15,84,FLAT,NA,DAY,0,0.00,0.00,0.00,0.00,1.00,0.00,0.00,0.00,0.00,0.00,0.00,0.00,0.00,0.00,0.00,0.00,0.00,0.00,5066.20,5065.19,5066.37,5064.25,5064.31,-0.121,9.76,15.40,57.01,62.55,0.34,-0.94,1.28,5062.93,5074.01,2305,1874,85.7,0.0,8,1,CROSS=EMA9>EMA21;TREND=1;STRUCT=1;VOL=1;COOL=1;EMA50=1;VWAP=1;BIAS=1,0.00,0.00,24783.69,24783.69,already positioned that way
266,2026.02.12 13:00:00,2026.02.12 15:30:00,SKIP,XAUUSD,M15,84,FLAT,NA,DAY,0,0.00,0.00,0.00,0.00,1.00,0.00,0.00,0.00,0.00,0.00,0.00,0.00,0.00,0.00,0.00,0.00,0.00,0.00,5065.44,5065.71,5066.46,5066.26,5066.07,-0.081,9.29,15.97,46.30,43.30,-0.11,0.61,-0.72,5063.46,5062.12,1601,1829,0.0,71.4,8,1,CROSS=EMA9>EMA21;TREND=1;STRUCT=1;VOL=1;COOL=1;EMA50=1;VWAP=1;BIAS=1,0.00,0.00,24783.69,24783.69,outside the killzone window
267,2026.02.12 15:45:00,2026.02.12 18:15:00,SKIP,XAUUSD,M15,84,FLAT,NA,EVENING,0,0.00,0.00,0.00,0.00,1.00,0.00,0.00,0.00,0.00,0.00,0.00,0.00,0.00,0.00,0.00,0.00,0.00,0.00,5064.49,5064.19,5065.24,5061.72,5063.05,-0.119,8.84,16.09,59.92,62.16,-0.14,-0.99,0.85,5063.42,5075.58,2932,1763,85.7,0.0,8,1,CROSS=EMA9>EMA21;TREND=1;STRUCT=1;VOL=1;COOL=1;EMA50=1;VWAP=1;BIAS=1,0.00,0.00,24783.69,24783.69,already positioned that way
268,2026.02.12 16:45:00,2026.02.12 19:15:00,ENTRY,XAUUSD,M15,86,SELL,FULLTGT,EVENING,0,5056.26,5075.62,5075.62,19.36,1.00,19.36,5036.90,5017.53,4998.17,4978.80,4959.44,0.06,0.06,0.06,5056.26,0.00,0.00,0.00,5063.40,5064.00,5065.06,5065.18,5064.77,-0.109,9.68,13.95,43.20,42.58,-0.53,-0.56,0.02,5063.67,5056.28,3803,2001,14.3,71.4,8,1,CROSS=EMA9<EMA21;TREND=1;STRUCT=1;VOL=1;COOL=1;EMA50=1;VWAP=1;BIAS=1,0.00,0.00,24783.48,24783.00,KZ=NY; KZR=Asia H @ 5078.33 19 bars ago (high taken); EVENING 4PM-12AM IST session: stop x1.00 of usual; no partials; full size to TP5; SL steps BE->TP1->TP2->TP3
269,2026.02.12 17:45:00,2026.02.12 20:15:00,FLIP,XAUUSD,M15,86,SELL,FULLTGT,EVENING,0,5056.26,5075.62,5075.62,19.36,1.00,19.36,5036.90,5017.53,4998.17,4978.80,4959.44,0.06,0.00,0.00,5070.90,0.00,-0.76,0.00,5063.61,5063.55,5064.61,5061.81,5062.82,-0.095,11.13,13.77,54.80,56.59,-0.25,-0.43,0.18,5063.17,5070.82,2815,2381,85.7,0.0,8,1,CROSS=EMA9>EMA21;TREND=1;STRUCT=1;VOL=1;COOL=1;EMA50=1;VWAP=1;BIAS=1,0.94,-0.84,24783.48,24695.64,opposite signal before SL/target | SELL -> BUY | closing trade 86
270,2026.02.12 17:45:00,2026.02.12 20:15:00,EXIT_FLIP,XAUUSD,M15,86,SELL,FULLTGT,EVENING,0,5056.26,5075.62,5075.62,19.36,1.00,19.36,5036.90,5017.53,4998.17,4978.80,4959.44,0.06,0.06,0.00,5070.90,0.00,-0.76,0.00,5063.61,5063.55,5064.61,5061.81,5062.82,-0.095,11.13,13.77,54.80,56.59,-0.25,-0.43,0.18,5063.17,5070.82,2815,2381,85.7,0.0,8,1,CROSS=EMA9>EMA21;TREND=1;STRUCT=1;VOL=1;COOL=1;EMA50=1;VWAP=1;BIAS=1,0.94,-0.84,24695.43,24695.43,FLIP exit
271,2026.02.12 17:45:00,2026.02.12 20:15:00,EXIT_OTHER,XAUUSD,M15,86,SELL,FULLTGT,EVENING,0,5056.26,5075.62,5075.62,19.36,1.00,19.36,5036.90,5017.53,4998.17,4978.80,4959.44,0.06,0.06,0.00,5070.90,0.00,-0.76,-88.26,5063.61,5063.55,5064.61,5061.81,5062.82,-0.095,11.13,13.77,54.80,56.59,-0.25,-0.43,0.18,5063.17,5070.82,2815,2381,85.7,0.0,8,1,CROSS=EMA9>EMA21;TREND=1;STRUCT=1;VOL=1;COOL=1;EMA50=1;VWAP=1;BIAS=1,0.94,-0.84,24695.43,24695.43,FLIP exit
272,2026.02.12 17:45:00,2026.02.12 20:15:00,ENTRY,XAUUSD,M15,88,BUY,FULLTGT,EVENING,86,5070.90,5048.63,5048.63,22.27,1.00,22.27,5093.17,5115.44,5137.70,5159.97,5182.24,0.05,0.05,0.05,5070.90,0.00,0.00,0.00,5063.61,5063.55,5064.61,5061.81,5062.82,-0.095,11.13,13.77,54.80,56.59,-0.25,-0.43,0.18,5063.17,5070.82,2815,2381,85.7,0.0,8,1,CROSS=EMA9>EMA21;TREND=1;STRUCT=1;VOL=1;COOL=1;EMA50=1;VWAP=1;BIAS=1,0.00,0.00,24695.25,24694.85,KZ=NY; KZR=Asia H @ 5078.33 23 bars ago (high taken); EVENING 4PM-12AM IST session: stop x1.00 of usual; no partials; full size to TP5; SL steps BE->TP1->TP2->TP3; flipped from trade 86
273,2026.02.12 18:00:00,2026.02.12 20:30:00,SKIP,XAUUSD,M15,88,BUY,FULLTGT,EVENING,86,5070.90,5048.63,5048.63,22.27,1.00,22.27,5093.17,5115.44,5137.70,5159.97,5182.24,0.05,0.00,0.00,0.00,0.00,0.00,0.00,5063.03,5063.29,5064.46,5063.61,5063.55,-0.101,11.60,12.26,48.20,46.39,-0.45,-0.47,0.01,5063.21,5060.72,2711,2437,14.3,71.4,10,1,CROSS=EMA9>EMA21;TREND=1;STRUCT=1;VOL=1;COOL=1;EMA50=1;VWAP=1;BIAS=1,0.18,-0.47,24695.25,24644.25,outside the killzone window
274,2026.02.12 18:10:02,2026.02.12 20:40:02,EXIT_SL,XAUUSD,M15,88,BUY,FULLTGT,EVENING,86,5070.90,5048.63,5048.63,22.27,1.00,22.27,5093.17,5115.44,5137.70,5159.97,5182.24,0.05,0.05,0.00,5048.59,0.00,-1.00,-111.91,5063.03,5063.29,5064.46,5063.61,5063.55,-0.101,11.60,12.26,48.20,39.74,-0.45,-0.47,0.01,5063.21,5060.72,2711,2437,14.3,71.4,10,1,CROSS=EMA9>EMA21;TREND=1;STRUCT=1;VOL=1;COOL=1;EMA50=1;VWAP=1;BIAS=1,0.18,-1.00,24583.52,24583.52,stopped at the initial SL (x1.00 of usual)
275,2026.02.13 01:00:00,2026.02.13 03:30:00,DAY_SUMMARY,XAUUSD,M15,88,FLAT,NA,DAY,86,0.00,0.00,0.00,0.00,1.00,0.00,0.00,0.00,0.00,0.00,0.00,0.00,0.00,0.00,0.00,0.00,-2.76,-307.73,4924.55,4943.28,4983.57,4925.28,4945.45,-2.135,18.87,25.14,35.76,45.47,-23.38,-25.96,2.58,5015.70,4921.64,1429,3577,14.3,71.4,8,1,CROSS=EMA9>EMA21;TREND=1;STRUCT=1;VOL=1;COOL=1;EMA50=1;VWAP=1;BIAS=1,0.00,0.00,24583.52,24583.52,2026.02.12 trades=3 W=0 L=3 gross_profit=0.00 gross_loss=307.73 net=-307.73 PF=0.00
276,2026.02.13 03:30:00,2026.02.13 06:00:00,SKIP,XAUUSD,M15,88,FLAT,NA,DAY,86,0.00,0.00,0.00,0.00,1.00,0.00,0.00,0.00,0.00,0.00,0.00,0.00,0.00,0.00,0.00,0.00,0.00,0.00,4943.24,4940.95,4968.14,4936.53,4938.04,-1.486,18.30,23.08,58.82,68.71,-4.50,-14.50,10.00,4934.81,4970.04,3235,2817,85.7,0.0,8,1,CROSS=EMA9>EMA21;TREND=1;STRUCT=1;VOL=1;COOL=1;EMA50=1;VWAP=1;BIAS=1,0.00,0.00,24583.52,24583.52,already positioned that way
277,2026.02.13 08:15:00,2026.02.13 10:45:00,SKIP,XAUUSD,M15,88,FLAT,NA,DAY,86,0.00,0.00,0.00,0.00,1.00,0.00,0.00,0.00,0.00,0.00,0.00,0.00,0.00,0.00,0.00,0.00,0.00,0.00,4967.74,4968.14,4972.23,4970.10,4969.13,-0.280,14.61,22.97,45.34,41.88,1.66,6.78,-5.12,4959.39,4958.28,2841,2210,14.3,71.4,8,1,CROSS=EMA9>EMA21;TREND=1;STRUCT=1;VOL=1;COOL=1;EMA50=1;VWAP=1;BIAS=1,0.00,0.00,24583.52,24583.52,outside the killzone window
278,2026.02.13 10:00:00,2026.02.13 12:30:00,SKIP,XAUUSD,M15,88,FLAT,NA,DAY,86,0.00,0.00,0.00,0.00,1.00,0.00,0.00,0.00,0.00,0.00,0.00,0.00,0.00,0.00,0.00,0.00,0.00,0.00,4967.37,4966.91,4970.43,4965.47,4966.11,-0.260,13.56,22.68,54.77,54.65,0.78,0.38,0.41,4960.24,4974.98,2162,2156,85.7,0.0,8,1,CROSS=EMA9>EMA21;TREND=1;STRUCT=1;VOL=1;COOL=1;EMA50=1;VWAP=1;BIAS=1,0.00,0.00,24583.52,24583.52,already positioned that way
279,2026.02.13 13:00:00,2026.02.13 15:30:00,SKIP,XAUUSD,M15,88,FLAT,NA,DAY,86,0.00,0.00,0.00,0.00,1.00,0.00,0.00,0.00,0.00,0.00,0.00,0.00,0.00,0.00,0.00,0.00,0.00,0.00,4968.30,4969.84,4971.22,4972.84,4971.82,-0.099,13.91,22.66,38.60,30.93,-0.35,2.21,-2.56,4963.48,4950.11,1936,2251,0.0,71.4,9,1,CROSS=EMA9>EMA21;TREND=1;STRUCT=1;VOL=1;COOL=1;EMA50=1;VWAP=1;BIAS=1,0.00,0.00,24583.52,24583.52,outside the killzone window
280,2026.02.13 15:45:00,2026.02.13 18:15:00,SKIP,XAUUSD,M15,88,FLAT,NA,EVENING,86,0.00,0.00,0.00,0.00,1.00,0.00,0.00,0.00,0.00,0.00,0.00,0.00,0.00,0.00,0.00,0.00,0.00,0.00,4968.46,4966.63,4968.35,4964.52,4964.87,-0.126,13.64,28.23,61.52,61.21,0.76,-2.47,3.23,4963.21,4984.19,4537,2213,100.0,0.0,9,1,CROSS=EMA9>EMA21;TREND=1;STRUCT=1;VOL=1;COOL=1;EMA50=1;VWAP=1;BIAS=1,0.00,0.00,24583.52,24583.52,already positioned that way
281,2026.02.16 01:00:00,2026.02.16 03:30:00,WEEK_SUMMARY,XAUUSD,M15,88,FLAT,NA,DAY,86,0.00,0.00,0.00,0.00,1.00,0.00,0.00,0.00,0.00,0.00,0.00,0.00,0.00,0.00,0.00,0.00,-5.50,-618.70,5034.49,5026.60,5009.11,5032.49,5025.02,1.680,10.41,24.61,64.57,65.49,9.79,10.72,-0.94,4984.46,5042.46,962,2401,57.1,14.3,8,1,CROSS=EMA9>EMA21;TREND=1;STRUCT=1;VOL=1;COOL=1;EMA50=1;VWAP=1;BIAS=1,0.00,0.00,24583.52,24583.52,days=3 trades=10 W=1 L=9 gross_profit=116.00 gross_loss=734.70 net=-618.70 PF=0.16 pips=-12946.0
282,2026.02.16 02:30:00,2026.02.16 05:00:00,ENTRY,XAUUSD,M15,90,SELL,FULLTGT,DAY,0,5012.40,5036.39,5036.39,23.99,1.00,23.99,4988.41,4964.41,4940.42,4916.42,4892.43,0.05,0.05,0.05,5012.40,0.00,0.00,0.00,5022.73,5023.49,5011.41,5025.32,5024.60,1.007,12.00,23.11,44.23,39.54,2.29,6.83,-4.53,5021.53,5012.37,2030,2325,0.0,71.4,8,1,CROSS=EMA9<EMA21;TREND=1;STRUCT=1;VOL=1;COOL=1;EMA50=1;VWAP=1;BIAS=1,0.00,0.00,24583.34,24582.94,KZ=ASIA; KZR=NY L @ 4894.60 320 bars ago (low taken); DAY 12AM-4PM IST session: stop x1.00 of usual; no partials; full size to TP5; SL steps BE->TP1->TP2->TP3
283,2026.02.16 03:45:00,2026.02.16 06:15:00,FLIP,XAUUSD,M15,90,SELL,FULLTGT,DAY,0,5012.40,5036.39,5036.39,23.99,1.00,23.99,4988.41,4964.41,4940.42,4916.42,4892.43,0.05,0.00,0.00,5030.48,0.00,-0.75,0.00,5023.94,5023.46,5013.49,5022.31,5022.76,0.851,11.71,20.78,56.26,59.64,1.82,2.52,-0.70,5021.39,5030.44,1883,2153,57.1,14.3,8,1,CROSS=EMA9>EMA21;TREND=1;STRUCT=1;VOL=1;COOL=1;EMA50=1;VWAP=1;BIAS=1,0.22,-0.79,24583.34,24492.94,opposite signal before SL/target | SELL -> BUY | closing trade 90
284,2026.02.16 03:45:00,2026.02.16 06:15:00,EXIT_FLIP,XAUUSD,M15,90,SELL,FULLTGT,DAY,0,5012.40,5036.39,5036.39,23.99,1.00,23.99,4988.41,4964.41,4940.42,4916.42,4892.43,0.05,0.05,0.00,5030.48,0.00,-0.75,0.00,5023.94,5023.46,5013.49,5022.31,5022.76,0.851,11.71,20.78,56.26,59.64,1.82,2.52,-0.70,5021.39,5030.44,1883,2153,57.1,14.3,8,1,CROSS=EMA9>EMA21;TREND=1;STRUCT=1;VOL=1;COOL=1;EMA50=1;VWAP=1;BIAS=1,0.22,-0.79,24492.76,24492.76,FLIP exit
285,2026.02.16 03:45:00,2026.02.16 06:15:00,EXIT_OTHER,XAUUSD,M15,90,SELL,FULLTGT,DAY,0,5012.40,5036.39,5036.39,23.99,1.00,23.99,4988.41,4964.41,4940.42,4916.42,4892.43,0.05,0.05,0.00,5030.48,0.00,-0.75,-90.76,5023.94,5023.46,5013.49,5022.31,5022.76,0.851,11.71,20.78,56.26,59.64,1.82,2.52,-0.70,5021.39,5030.44,1883,2153,57.1,14.3,8,1,CROSS=EMA9>EMA21;TREND=1;STRUCT=1;VOL=1;COOL=1;EMA50=1;VWAP=1;BIAS=1,0.22,-0.79,24492.76,24492.76,FLIP exit
286,2026.02.16 03:45:00,2026.02.16 06:15:00,ENTRY,XAUUSD,M15,92,BUY,FULLTGT,DAY,90,5030.48,5007.07,5007.07,23.41,1.00,23.41,5053.89,5077.30,5100.71,5124.12,5147.53,0.05,0.05,0.05,5030.48,0.00,0.00,0.00,5023.94,5023.46,5013.49,5022.31,5022.76,0.851,11.71,20.78,56.26,59.64,1.82,2.52,-0.70,5021.39,5030.44,1883,2153,57.1,14.3,8,1,CROSS=EMA9>EMA21;TREND=1;STRUCT=1;VOL=1;COOL=1;EMA50=1;VWAP=1;BIAS=1,0.00,0.00,24492.58,24492.18,KZ=ASIA; KZR=NY L @ 4894.60 325 bars ago (low taken); DAY 12AM-4PM IST session: stop x1.00 of usual; no partials; full size to TP5; SL steps BE->TP1->TP2->TP3; flipped from trade 90
287,2026.02.16 04:37:16,2026.02.16 07:07:16,EXIT_SL,XAUUSD,M15,92,BUY,FULLTGT,DAY,90,5030.48,5007.07,5007.07,23.41,1.00,23.41,5053.89,5077.30,5100.71,5124.12,5147.53,0.05,0.05,0.00,5007.06,0.00,-1.00,-117.46,5023.42,5023.41,5014.61,5024.39,5023.79,0.790,11.14,17.63,47.94,42.79,1.20,1.47,-0.27,5021.96,5019.54,1632,2037,14.3,57.1,6,1,CROSS=EMA9>EMA21;TREND=1;STRUCT=1;VOL=1;COOL=1;EMA50=1;VWAP=1;BIAS=1,0.03,-1.00,24375.30,24375.30,stopped at the initial SL (x1.00 of usual)
288,2026.02.16 04:45:00,2026.02.16 07:15:00,ENTRY,XAUUSD,M15,94,SELL,FULLTGT,DAY,0,5002.51,5026.03,5026.03,23.52,1.00,23.52,4978.99,4955.46,4931.94,4908.41,4884.89,0.05,0.05,0.05,5002.51,0.00,0.00,0.00,5019.22,5021.50,5014.14,5023.42,5023.41,0.626,11.76,20.46,37.84,27.44,-0.57,1.15,-1.73,5021.02,5002.45,2340,2017,0.0,85.7,6,1,CROSS=EMA9<EMA21;TREND=1;STRUCT=1;VOL=1;COOL=1;EMA50=1;VWAP=1;BIAS=1,0.00,0.00,24375.12,24374.82,KZ=ASIA; KZR=NY L @ 4894.60 329 bars ago (low taken); DAY 12AM-4PM IST session: stop x1.00 of usual; no partials; full size to TP5; SL steps BE->TP1->TP2->TP3
289,2026.02.16 05:49:40,2026.02.16 08:19:40,SL_MOVE,XAUUSD,M15,94,SELL,FULLTGT,DAY,0,5002.51,5026.03,5002.51,23.52,1.00,23.52,4978.99,4955.46,4931.94,4908.41,4884.89,0.05,0.00,0.05,5002.51,1.00,0.00,0.00,5004.44,5012.92,5011.24,5007.80,5015.11,0.142,11.84,37.98,33.52,27.97,-6.27,-1.28,-4.99,5015.75,4991.00,1839,2095,0.0,85.7,6,1,CROSS=EMA9<EMA21;TREND=1;STRUCT=1;VOL=1;COOL=1;EMA50=1;VWAP=1;BIAS=1,1.00,-0.03,24375.12,24493.62,stop to breakeven
290,2026.02.16 05:49:40,2026.02.16 08:19:40,TP1_REACHED,XAUUSD,M15,94,SELL,FULLTGT,DAY,0,5002.51,5026.03,5002.51,23.52,1.00,23.52,4978.99,4955.46,4931.94,4908.41,4884.89,0.05,0.00,0.05,4978.99,1.00,1.00,0.00,5004.44,5012.92,5011.24,5007.80,5015.11,0.142,11.84,37.98,33.52,27.97,-6.27,-1.28,-4.99,5015.75,4991.00,1839,2095,0.0,85.7,6,1,CROSS=EMA9<EMA21;TREND=1;STRUCT=1;VOL=1;COOL=1;EMA50=1;VWAP=1;BIAS=1,1.00,-0.03,24375.12,24493.62,full target: no partial booked
291,2026.02.16 08:44:39,2026.02.16 11:14:39,EXIT_BE,XAUUSD,M15,94,SELL,FULLTGT,DAY,0,5002.51,5026.03,5002.51,23.52,1.00,23.52,4978.99,4955.46,4931.94,4908.41,4884.89,0.05,0.05,0.00,5002.54,0.00,-0.00,-0.51,4988.76,4995.05,5001.74,4987.65,4995.23,-0.720,9.30,34.18,45.43,65.50,-7.63,-10.14,2.51,5004.95,4993.19,1586,1892,42.9,42.9,6,1,CROSS=EMA9<EMA21;TREND=1;STRUCT=1;VOL=1;COOL=1;EMA50=1;VWAP=1;BIAS=1,1.56,-0.03,24374.79,24374.79,stopped at breakeven
292,2026.02.16 10:00:00,2026.02.16 12:30:00,ENTRY,XAUUSD,M15,96,BUY,FULLTGT,DAY,0,5007.35,4989.00,4989.00,18.35,1.00,18.35,5025.70,5044.04,5062.39,5080.74,5099.08,0.06,0.06,0.06,5007.35,0.00,0.00,0.00,4997.92,4997.45,5001.44,4995.57,4996.46,-0.435,9.17,26.54,57.71,68.92,-1.75,-5.57,3.82,5004.22,5007.30,1995,1786,100.0,0.0,6,1,CROSS=EMA9>EMA21;TREND=1;STRUCT=1;VOL=1;COOL=1;EMA50=1;VWAP=1;BIAS=1,0.00,0.00,24374.58,24374.22,KZ=LONDON; KZR=NY L @ 4894.60 350 bars ago (low taken); DAY 12AM-4PM IST session: stop x1.00 of usual; no partials; full size to TP5; SL steps BE->TP1->TP2->TP3
293,2026.02.16 14:30:00,2026.02.16 17:00:00,FLIP,XAUUSD,M15,96,BUY,FULLTGT,EVENING,0,5007.35,4989.00,4989.00,18.35,1.00,18.35,5025.70,5044.04,5062.39,5080.74,5099.08,0.06,0.00,0.00,4996.26,0.00,-0.60,0.00,5002.52,5003.29,5003.47,5004.09,5004.00,-0.024,7.44,24.47,42.61,35.23,-0.18,1.50,-1.68,5004.79,4996.26,1371,1509,0.0,71.4,10,1,CROSS=EMA9<EMA21;TREND=1;STRUCT=1;VOL=1;COOL=1;EMA50=1;VWAP=1;BIAS=1,0.54,-0.77,24374.58,24308.04,opposite signal before SL/target | BUY -> SELL | closing trade 96
294,2026.02.16 14:30:00,2026.02.16 17:00:00,EXIT_FLIP,XAUUSD,M15,96,BUY,FULLTGT,EVENING,0,5007.35,4989.00,4989.00,18.35,1.00,18.35,5025.70,5044.04,5062.39,5080.74,5099.08,0.06,0.06,0.00,4996.26,0.00,-0.60,0.00,5002.52,5003.29,5003.47,5004.09,5004.00,-0.024,7.44,24.47,42.61,35.23,-0.18,1.50,-1.68,5004.79,4996.26,1371,1509,0.0,71.4,10,1,CROSS=EMA9<EMA21;TREND=1;STRUCT=1;VOL=1;COOL=1;EMA50=1;VWAP=1;BIAS=1,0.54,-0.77,24307.83,24307.83,FLIP exit
295,2026.02.16 14:30:00,2026.02.16 17:00:00,EXIT_OTHER,XAUUSD,M15,96,BUY,FULLTGT,EVENING,0,5007.35,4989.00,4989.00,18.35,1.00,18.35,5025.70,5044.04,5062.39,5080.74,5099.08,0.06,0.06,0.00,4996.26,0.00,-0.60,-66.96,5002.52,5003.29,5003.47,5004.09,5004.00,-0.024,7.44,24.47,42.61,35.23,-0.18,1.50,-1.68,5004.79,4996.26,1371,1509,0.0,71.4,10,1,CROSS=EMA9<EMA21;TREND=1;STRUCT=1;VOL=1;COOL=1;EMA50=1;VWAP=1;BIAS=1,0.54,-0.77,24307.83,24307.83,FLIP exit
296,2026.02.16 14:30:00,2026.02.16 17:00:00,ENTRY,XAUUSD,M15,98,SELL,FULLTGT,EVENING,96,4996.26,5011.14,5011.14,14.88,1.00,14.88,4981.38,4966.51,4951.63,4936.76,4921.88,0.08,0.08,0.08,4996.26,0.00,0.00,0.00,5002.52,5003.29,5003.47,5004.09,5004.00,-0.024,7.44,24.47,42.61,35.23,-0.18,1.50,-1.68,5004.79,4996.26,1371,1509,0.0,71.4,10,1,CROSS=EMA9<EMA21;TREND=1;STRUCT=1;VOL=1;COOL=1;EMA50=1;VWAP=1;BIAS=1,0.00,0.00,24307.55,24306.75,KZ=NY; KZR=NY L @ 4894.60 368 bars ago (low taken); EVENING 4PM-12AM IST session: stop x1.00 of usual; no partials; full size to TP5; SL steps BE->TP1->TP2->TP3; flipped from trade 96
297,2026.02.16 17:01:37,2026.02.16 19:31:37,SL_MOVE,XAUUSD,M15,98,SELL,FULLTGT,EVENING,96,4996.26,5011.14,4996.26,14.88,1.00,14.88,4981.38,4966.51,4951.63,4936.76,4921.88,0.08,0.00,0.08,4996.26,1.00,0.00,0.00,4993.98,4997.85,5000.73,4995.39,4998.80,-0.382,7.53,40.85,37.59,37.37,-3.30,-1.69,-1.61,5003.42,4988.37,1972,1494,0.0,100.0,10,1,CROSS=EMA9<EMA21;TREND=1;STRUCT=1;VOL=1;COOL=1;EMA50=1;VWAP=1;BIAS=1,1.00,-0.80,24307.55,24426.83,stop to breakeven
298,2026.02.16 17:01:37,2026.02.16 19:31:37,TP1_REACHED,XAUUSD,M15,98,SELL,FULLTGT,EVENING,96,4996.26,5011.14,4996.26,14.88,1.00,14.88,4981.38,4966.51,4951.63,4936.76,4921.88,0.08,0.00,0.08,4981.38,1.00,1.00,0.00,4993.98,4997.85,5000.73,4995.39,4998.80,-0.382,7.53,40.85,37.59,37.37,-3.30,-1.69,-1.61,5003.42,4988.37,1972,1494,0.0,100.0,10,1,CROSS=EMA9<EMA21;TREND=1;STRUCT=1;VOL=1;COOL=1;EMA50=1;VWAP=1;BIAS=1,1.00,-0.80,24307.55,24426.83,full target: no partial booked
299,2026.02.16 20:22:40,2026.02.16 22:52:40,EXIT_BE,XAUUSD,M15,98,SELL,FULLTGT,EVENING,96,4996.26,5011.14,4996.26,14.88,1.00,14.88,4981.38,4966.51,4951.63,4936.76,4921.88,0.08,0.08,0.00,4996.28,0.00,-0.00,-0.72,4990.71,4991.20,4995.31,4989.94,4990.94,-0.585,7.03,26.91,52.12,56.66,-1.63,-3.84,2.21,5000.64,4993.78,1305,1572,57.1,28.6,6,1,CROSS=EMA9<EMA21;TREND=1;STRUCT=1;VOL=1;COOL=1;EMA50=1;VWAP=1;BIAS=1,1.82,-0.80,24307.11,24307.11,stopped at breakeven
300,2026.02.16 20:45:00,2026.02.16 23:15:00,SKIP,XAUUSD,M15,98,FLAT,NA,EVENING,96,0.00,0.00,0.00,0.00,1.00,0.00,0.00,0.00,0.00,0.00,0.00,0.00,0.00,0.00,0.00,0.00,0.00,0.00,4992.21,4991.83,4995.28,4991.43,4991.48,-0.512,6.73,23.93,54.05,59.07,-0.76,-2.75,1.98,5000.54,4995.30,1183,1524,57.1,14.3,6,1,CROSS=EMA9<EMA21;TREND=1;STRUCT=1;VOL=1;COOL=1;EMA50=1;VWAP=1;BIAS=1,0.00,0.00,24307.11,24307.11,outside the killzone window
301,2026.02.17 01:00:00,2026.02.17 03:30:00,DAY_SUMMARY,XAUUSD,M15,98,FLAT,NA,DAY,96,0.00,0.00,0.00,0.00,1.00,0.00,0.00,0.00,0.00,0.00,0.00,0.00,0.00,0.00,0.00,0.00,-2.36,-276.41,4992.65,4992.16,4995.04,4992.41,4992.01,-0.441,6.53,19.69,51.49,52.75,-0.33,-1.39,1.06,5000.36,4993.64,1423,1473,57.1,14.3,8,1,CROSS=EMA9<EMA21;TREND=1;STRUCT=1;VOL=1;COOL=1;EMA50=1;VWAP=1;BIAS=1,0.00,0.00,24307.11,24307.11,2026.02.16 trades=5 W=0 L=5 gross_profit=0.00 gross_loss=276.41 net=-276.41 PF=0.00
302,2026.02.17 02:00:00,2026.02.17 04:30:00,SKIP,XAUUSD,M15,98,FLAT,NA,DAY,96,0.00,0.00,0.00,0.00,1.00,0.00,0.00,0.00,0.00,0.00,0.00,0.00,0.00,0.00,0.00,0.00,0.00,0.00,4991.71,4991.85,4994.48,4992.19,4992.06,-0.418,6.28,12.48,46.22,45.21,-0.52,-0.52,0.01,4992.05,4989.79,1202,1369,14.3,57.1,6,1,CROSS=EMA9<EMA21;TREND=1;STRUCT=1;VOL=1;COOL=1;EMA50=1;VWAP=1;BIAS=1,0.00,0.00,24307.11,24307.11,already positioned that way
303,2026.02.17 13:45:00,2026.02.17 16:15:00,SKIP,XAUUSD,M15,98,FLAT,NA,EVENING,96,0.00,0.00,0.00,0.00,1.00,0.00,0.00,0.00,0.00,0.00,0.00,0.00,0.00,0.00,0.00,0.00,0.00,0.00,4924.61,4924.34,4937.31,4923.76,4923.98,-1.134,11.44,19.79,51.09,55.60,-1.96,-3.96,2.00,4934.84,4927.99,1481,1867,57.1,14.3,6,1,CROSS=EMA9<EMA21;TREND=1;STRUCT=1;VOL=1;COOL=1;EMA50=1;VWAP=1;BIAS=1,0.00,0.00,24307.11,24307.11,outside the killzone window
304,2026.02.17 15:45:00,2026.02.17 18:15:00,SKIP,XAUUSD,M15,98,FLAT,NA,EVENING,96,0.00,0.00,0.00,0.00,1.00,0.00,0.00,0.00,0.00,0.00,0.00,0.00,0.00,0.00,0.00,0.00,0.00,0.00,4926.65,4926.68,4935.15,4927.89,4927.18,-0.784,10.81,22.63,45.94,46.00,-0.54,0.00,-0.54,4933.72,4921.69,3224,1973,14.3,71.4,10,1,CROSS=EMA9<EMA21;TREND=1;STRUCT=1;VOL=1;COOL=1;EMA50=1;VWAP=1;BIAS=1,0.00,0.00,24307.11,24307.11,already positioned that way
305,2026.02.18 03:30:00,2026.02.18 06:00:00,ENTRY,XAUUSD,M15,100,BUY,FULLTGT,DAY,0,4887.25,4863.69,4863.69,23.56,1.00,23.56,4910.81,4934.37,4957.93,4981.49,5005.05,0.05,0.05,0.05,4887.25,0.00,0.00,0.00,4878.62,4878.45,4887.62,4876.48,4877.58,-0.779,11.78,26.81,55.23,61.48,-1.26,-3.22,1.96,4874.39,4887.19,1762,2185,85.7,0.0,6,1,CROSS=EMA9>EMA21;TREND=1;STRUCT=1;VOL=1;COOL=1;EMA50=1;VWAP=1;BIAS=1,0.00,0.00,24306.93,24306.63,KZ=ASIA; KZR=Asia L @ 4859.57 45 bars ago (low taken); DAY 12AM-4PM IST session: stop x1.00 of usual; no partials; full size to TP5; SL steps BE->TP1->TP2->TP3
306,2026.02.18 05:04:14,2026.02.18 07:34:14,SL_MOVE,XAUUSD,M15,100,BUY,FULLTGT,DAY,0,4887.25,4863.69,4887.25,23.56,1.00,23.56,4910.81,4934.37,4957.93,4981.49,5005.05,0.05,0.00,0.05,4887.25,1.00,0.00,0.00,4894.56,4887.33,4889.88,4891.85,4885.52,-0.222,11.50,38.95,65.31,69.46,5.24,0.78,4.47,4880.78,4905.42,1006,1757,85.7,0.0,12,1,CROSS=EMA9>EMA21;TREND=1;STRUCT=1;VOL=1;COOL=1;EMA50=1;VWAP=1;BIAS=1,1.00,-0.17,24306.93,24424.98,stop to breakeven
307,2026.02.18 05:04:14,2026.02.18 07:34:14,TP1_REACHED,XAUUSD,M15,100,BUY,FULLTGT,DAY,0,4887.25,4863.69,4887.25,23.56,1.00,23.56,4910.81,4934.37,4957.93,4981.49,5005.05,0.05,0.00,0.05,4910.81,1.00,1.00,0.00,4894.56,4887.33,4889.88,4891.85,4885.52,-0.222,11.50,38.95,65.31,69.46,5.24,0.78,4.47,4880.78,4905.42,1006,1757,85.7,0.0,12,1,CROSS=EMA9>EMA21;TREND=1;STRUCT=1;VOL=1;COOL=1;EMA50=1;VWAP=1;BIAS=1,1.00,-0.17,24306.93,24424.98,full target: no partial booked
308,2026.02.18 06:31:28,2026.02.18 09:01:28,SL_MOVE,XAUUSD,M15,100,BUY,FULLTGT,DAY,0,4887.25,4863.69,4910.81,23.56,1.00,23.56,4910.81,4934.37,4957.93,4981.49,5005.05,0.05,0.00,0.05,4910.81,2.00,0.00,0.00,4916.81,4903.01,4896.89,4912.73,4899.99,0.548,11.16,64.32,77.13,80.95,12.19,7.68,4.51,4889.78,4933.16,1304,1792,85.7,0.0,6,1,CROSS=EMA9>EMA21;TREND=1;STRUCT=1;VOL=1;COOL=1;EMA50=1;VWAP=1;BIAS=1,2.00,-0.17,24306.93,24542.68,stop trailed to TP1
309,2026.02.18 06:31:28,2026.02.18 09:01:28,TP2_REACHED,XAUUSD,M15,100,BUY,FULLTGT,DAY,0,4887.25,4863.69,4910.81,23.56,1.00,23.56,4910.81,4934.37,4957.93,4981.49,5005.05,0.05,0.00,0.05,4934.37,2.00,2.00,0.00,4916.81,4903.01,4896.89,4912.73,4899.99,0.548,11.16,64.32,77.13,80.95,12.19,7.68,4.51,4889.78,4933.16,1304,1792,85.7,0.0,6,1,CROSS=EMA9>EMA21;TREND=1;STRUCT=1;VOL=1;COOL=1;EMA50=1;VWAP=1;BIAS=1,2.00,-0.17,24306.93,24542.68,full target: no partial booked
310,2026.02.18 11:45:00,2026.02.18 14:15:00,SKIP,XAUUSD,M15,100,BUY,FULLTGT,DAY,0,4887.25,4863.69,4910.81,23.56,1.00,23.56,4910.81,4934.37,4957.93,4981.49,5005.05,0.05,0.00,0.00,0.00,0.00,0.00,0.00,4923.33,4923.41,4914.74,4924.00,4923.69,1.212,7.16,42.50,49.03,45.77,2.48,6.22,-3.74,4907.13,4920.62,1248,1471,14.3,71.4,7,1,CROSS=EMA9<EMA21;TREND=1;STRUCT=1;VOL=1;COOL=1;EMA50=1;VWAP=0;BIAS=1,2.33,-0.17,24306.93,24473.78,quality filter
311,2026.02.18 12:38:04,2026.02.18 15:08:04,EXIT_TRAIL_SL,XAUUSD,M15,100,BUY,FULLTGT,DAY,0,4887.25,4863.69,4910.81,23.56,1.00,23.56,4910.81,4934.37,4957.93,4981.49,5005.05,0.05,0.05,0.00,4910.74,0.00,1.00,117.09,4921.71,4922.52,4915.31,4921.75,4922.62,1.023,7.05,38.63,50.59,42.43,1.18,3.56,-2.38,4908.10,4921.55,2489,1536,42.9,57.1,6,1,CROSS=EMA9<EMA21;TREND=1;STRUCT=1;VOL=1;COOL=1;EMA50=1;VWAP=0;BIAS=1,2.33,-0.17,24424.20,24424.20,stopped at a trailed level
312,2026.02.18 15:00:00,2026.02.18 17:30:00,SKIP,XAUUSD,M15,100,FLAT,NA,EVENING,0,0.00,0.00,0.00,0.00,1.00,0.00,0.00,0.00,0.00,0.00,0.00,0.00,0.00,0.00,0.00,0.00,0.00,0.00,4924.66,4922.17,4917.07,4920.07,4920.08,0.625,8.15,27.01,69.49,75.09,2.01,-0.48,2.49,4910.33,4943.03,2199,1679,100.0,0.0,14,1,CROSS=EMA9>EMA21;TREND=1;STRUCT=1;VOL=1;COOL=1;EMA50=1;VWAP=1;BIAS=1,0.00,0.00,24424.20,24424.20,already positioned that way
313,2026.02.18 23:30:00,2026.02.19 02:00:00,SKIP,XAUUSD,M15,100,FLAT,NA,DAY,0,0.00,0.00,0.00,0.00,1.00,0.00,0.00,0.00,0.00,0.00,0.00,0.00,0.00,0.00,0.00,0.00,0.00,0.00,4983.01,4983.07,4968.47,4983.37,4983.22,1.728,8.45,13.90,50.81,45.41,2.52,4.85,-2.33,4947.74,4981.55,740,2554,28.6,42.9,6,1,CROSS=EMA9>EMA21;TREND=1;STRUCT=1;VOL=1;COOL=1;EMA50=1;VWAP=1;BIAS=1,0.00,0.00,24424.20,24424.20,outside the killzone window
314,2026.02.19 01:00:00,2026.02.19 03:30:00,DAY_SUMMARY,XAUUSD,M15,100,FLAT,NA,DAY,0,0.00,0.00,0.00,0.00,1.00,0.00,0.00,0.00,0.00,0.00,0.00,0.00,0.00,0.00,0.00,0.00,1.00,117.09,4981.35,4982.27,4969.24,4982.37,4982.78,1.652,7.89,18.57,46.54,38.19,1.40,3.47,-2.07,4948.00,4977.24,737,2340,14.3,57.1,6,1,CROSS=EMA9>EMA21;TREND=1;STRUCT=1;VOL=1;COOL=1;EMA50=1;VWAP=1;BIAS=1,0.00,0.00,24424.20,24424.20,2026.02.18 trades=1 W=1 L=0 gross_profit=117.09 gross_loss=0.00 net=117.09 PF=0.00
315,2026.02.19 06:15:00,2026.02.19 08:45:00,SKIP,XAUUSD,M15,100,FLAT,NA,DAY,0,0.00,0.00,0.00,0.00,1.00,0.00,0.00,0.00,0.00,0.00,0.00,0.00,0.00,0.00,0.00,0.00,0.00,0.00,4975.26,4974.43,4971.13,4973.65,4973.71,0.391,8.42,24.37,59.28,63.05,0.02,-1.87,1.89,4971.89,4981.66,1138,1511,71.4,0.0,6,1,CROSS=EMA9>EMA21;TREND=1;STRUCT=1;VOL=1;COOL=1;EMA50=1;VWAP=1;BIAS=1,0.00,0.00,24424.20,24424.20,already positioned that way
316,2026.02.19 12:30:00,2026.02.19 15:00:00,ENTRY,XAUUSD,M15,102,SELL,FULLTGT,DAY,0,4986.90,5002.27,5002.27,15.37,1.00,15.37,4971.53,4956.16,4940.80,4925.43,4910.06,0.07,0.07,0.07,4986.90,0.00,0.00,0.00,5000.32,5001.10,4991.75,5003.67,5002.52,1.218,7.68,33.82,39.23,25.66,2.12,7.56,-5.44,4989.02,4986.90,1958,1653,0.0,100.0,6,1,CROSS=EMA9<EMA21;TREND=1;STRUCT=1;VOL=1;COOL=1;EMA50=1;VWAP=1;BIAS=1,0.00,0.00,24423.95,24423.53,KZ=LONDON; KZR=Asia L @ 4859.57 177 bars ago (low taken); DAY 12AM-4PM IST session: stop x1.00 of usual; no partials; full size to TP5; SL steps BE->TP1->TP2->TP3
317,2026.02.19 15:30:39,2026.02.19 18:00:39,SL_MOVE,XAUUSD,M15,102,SELL,FULLTGT,EVENING,0,4986.90,5002.27,4986.90,15.37,1.00,15.37,4971.53,4956.16,4940.80,4925.43,4910.06,0.07,0.00,0.07,4986.90,1.00,0.00,0.00,4986.82,4991.19,4989.90,4987.66,4991.96,0.136,9.44,24.67,40.65,43.94,-3.59,-2.73,-0.87,4988.37,4983.45,2379,1852,0.0,85.7,10,1,CROSS=EMA9<EMA21;TREND=1;STRUCT=1;VOL=1;COOL=1;EMA50=1;VWAP=1;BIAS=1,0.99,-0.62,24423.95,24531.61,stop to breakeven
318,2026.02.19 15:30:39,2026.02.19 18:00:39,TP1_REACHED,XAUUSD,M15,102,SELL,FULLTGT,EVENING,0,4986.90,5002.27,4986.90,15.37,1.00,15.37,4971.53,4956.16,4940.80,4925.43,4910.06,0.07,0.00,0.07,4971.53,1.00,1.00,0.00,4986.82,4991.19,4989.90,4987.66,4991.96,0.136,9.44,24.67,40.65,43.94,-3.59,-2.73,-0.87,4988.37,4983.45,2379,1852,0.0,85.7,10,1,CROSS=EMA9<EMA21;TREND=1;STRUCT=1;VOL=1;COOL=1;EMA50=1;VWAP=1;BIAS=1,0.99,-0.62,24423.95,24531.61,full target: no partial booked
319,2026.02.19 15:33:29,2026.02.19 18:03:29,EXIT_BE,XAUUSD,M15,102,SELL,FULLTGT,EVENING,0,4986.90,5002.27,4986.90,15.37,1.00,15.37,4971.53,4956.16,4940.80,4925.43,4910.06,0.07,0.07,0.00,4986.93,0.00,-0.00,-0.71,4986.82,4991.19,4989.90,4987.66,4991.96,0.136,9.44,24.67,40.65,43.94,-3.59,-2.73,-0.87,4988.37,4983.45,2379,1852,0.0,85.7,14,1,CROSS=EMA9<EMA21;TREND=1;STRUCT=1;VOL=1;COOL=1;EMA50=1;VWAP=1;BIAS=1,1.04,-0.62,24423.49,24423.49,stopped at breakeven
320,2026.02.19 17:15:00,2026.02.19 19:45:00,ENTRY,XAUUSD,M15,104,BUY,FULLTGT,EVENING,0,4999.72,4974.90,4974.90,24.82,1.00,24.82,5024.54,5049.36,5074.18,5099.00,5123.82,0.04,0.04,0.04,4999.72,0.00,0.00,0.00,4992.18,4991.72,4990.36,4990.31,4990.92,0.110,12.41,19.43,54.56,58.46,-0.42,-2.63,2.21,4988.90,4999.66,4558,2437,71.4,14.3,10,1,CROSS=EMA9>EMA21;TREND=1;STRUCT=1;VOL=1;COOL=1;EMA50=1;VWAP=1;BIAS=1,0.00,0.00,24423.35,24422.95,KZ=NY; KZR=Asia L @ 4859.57 196 bars ago (low taken); EVENING 4PM-12AM IST session: stop x1.00 of usual; no partials; full size to TP5; SL steps BE->TP1->TP2->TP3
321,2026.02.19 20:00:00,2026.02.19 22:30:00,SKIP,XAUUSD,M15,104,BUY,FULLTGT,EVENING,0,4999.72,4974.90,4974.90,24.82,1.00,24.82,5024.54,5049.36,5074.18,5099.00,5123.82,0.04,0.00,0.00,0.00,0.00,0.00,0.00,4995.53,4996.48,4994.01,4998.16,4997.63,0.177,13.93,23.91,42.87,32.37,-0.03,2.63,-2.66,4992.03,4985.00,2603,3149,0.0,71.4,6,1,CROSS=EMA9>EMA21;TREND=1;STRUCT=1;VOL=1;COOL=1;EMA50=1;VWAP=1;BIAS=1,0.91,-0.69,24423.35,24364.87,outside the killzone window
322,2026.02.19 23:00:00,2026.02.20 01:30:00,SKIP,XAUUSD,M15,104,BUY,FULLTGT,DAY,0,4999.72,4974.90,4974.90,24.82,1.00,24.82,5024.54,5049.36,5074.18,5099.00,5123.82,0.04,0.00,0.00,0.00,0.00,0.00,0.00,4993.46,4992.44,4992.21,4991.37,4991.51,0.025,9.30,31.16,57.29,68.23,0.12,-2.33,2.45,4991.43,5001.79,3004,2507,100.0,0.0,6,1,CROSS=EMA9>EMA21;TREND=1;STRUCT=1;VOL=1;COOL=1;EMA50=1;VWAP=1;BIAS=1,0.91,-0.99,24423.35,24432.43,outside the killzone window
323,2026.02.20 01:00:00,2026.02.20 03:30:00,DAY_SUMMARY,XAUUSD,M15,104,BUY,FULLTGT,DAY,0,4999.72,4974.90,4974.90,24.82,1.00,24.82,5024.54,5049.36,5074.18,5099.00,5123.82,0.04,0.00,0.00,0.00,0.00,-0.00,-0.71,4995.58,4993.94,4992.95,4995.49,4993.74,0.119,8.32,27.80,51.83,50.60,1.05,-0.48,1.53,4991.56,4995.96,767,2086,85.7,0.0,7,1,CROSS=EMA9>EMA21;TREND=1;STRUCT=1;VOL=1;COOL=1;EMA50=1;VWAP=1;BIAS=1,0.91,-0.99,24423.35,24419.18,2026.02.19 trades=1 W=0 L=1 gross_profit=0.00 gross_loss=0.71 net=-0.71 PF=0.00
324,2026.02.20 02:30:00,2026.02.20 05:00:00,FLIP,XAUUSD,M15,104,BUY,FULLTGT,DAY,0,4999.72,4974.90,4974.90,24.82,1.00,24.82,5024.54,5049.36,5074.18,5099.00,5123.82,0.04,0.00,0.00,4990.86,0.00,-0.36,0.00,4993.75,4993.83,4993.17,4994.50,4994.13,0.079,8.36,20.38,47.31,42.58,0.11,0.87,-0.76,4995.48,4990.74,1312,1798,0.0,71.4,5,1,CROSS=EMA9<EMA21;TREND=1;STRUCT=1;VOL=1;COOL=1;EMA50=1;VWAP=1;BIAS=1,0.91,-0.99,24423.35,24385.38,opposite signal before SL/target | BUY -> SELL | closing trade 104
325,2026.02.20 02:30:00,2026.02.20 05:00:00,EXIT_FLIP,XAUUSD,M15,104,BUY,FULLTGT,DAY,0,4999.72,4974.90,4974.90,24.82,1.00,24.82,5024.54,5049.36,5074.18,5099.00,5123.82,0.04,0.04,0.00,4990.86,0.00,-0.36,0.00,4993.75,4993.83,4993.17,4994.50,4994.13,0.079,8.36,20.38,47.31,42.58,0.11,0.87,-0.76,4995.48,4990.74,1312,1798,0.0,71.4,5,1,CROSS=EMA9<EMA21;TREND=1;STRUCT=1;VOL=1;COOL=1;EMA50=1;VWAP=1;BIAS=1,0.91,-0.99,24385.24,24385.24,FLIP exit
326,2026.02.20 02:30:00,2026.02.20 05:00:00,EXIT_OTHER,XAUUSD,M15,104,BUY,FULLTGT,DAY,0,4999.72,4974.90,4974.90,24.82,1.00,24.82,5024.54,5049.36,5074.18,5099.00,5123.82,0.04,0.04,0.00,4990.86,0.00,-0.36,-38.25,4993.75,4993.83,4993.17,4994.50,4994.13,0.079,8.36,20.38,47.31,42.58,0.11,0.87,-0.76,4995.48,4990.74,1312,1798,0.0,71.4,5,1,CROSS=EMA9<EMA21;TREND=1;STRUCT=1;VOL=1;COOL=1;EMA50=1;VWAP=1;BIAS=1,0.91,-0.99,24385.24,24385.24,FLIP exit
327,2026.02.20 02:30:00,2026.02.20 05:00:00,ENTRY,XAUUSD,M15,106,SELL,FULLTGT,DAY,104,4990.86,5007.57,5007.57,16.71,1.00,16.71,4974.15,4957.44,4940.73,4924.01,4907.30,0.07,0.07,0.07,4990.86,0.00,0.00,0.00,4993.75,4993.83,4993.17,4994.50,4994.13,0.079,8.36,20.38,47.31,42.58,0.11,0.87,-0.76,4995.48,4990.74,1312,1798,0.0,71.4,5,1,CROSS=EMA9<EMA21;TREND=1;STRUCT=1;VOL=1;COOL=1;EMA50=1;VWAP=1;BIAS=1,0.00,0.00,24384.99,24384.64,KZ=ASIA; KZR=London H @ 5022.14 35 bars ago (high taken); DAY 12AM-4PM IST session: stop x1.00 of usual; no partials; full size to TP5; SL steps BE->TP1->TP2->TP3; flipped from trade 104
328,2026.02.20 03:00:00,2026.02.20 05:30:00,FLIP,XAUUSD,M15,106,SELL,FULLTGT,DAY,0,4990.86,5007.57,5007.57,16.71,1.00,16.71,4974.15,4957.44,4940.73,4924.01,4907.30,0.07,0.00,0.00,5006.51,0.00,-0.94,0.00,4996.36,4995.00,4993.73,4993.83,4993.86,0.152,8.40,20.12,59.32,66.30,1.11,0.82,0.29,4995.99,5006.48,1466,1716,71.4,0.0,5,1,CROSS=EMA9>EMA21;TREND=1;STRUCT=1;VOL=1;COOL=1;EMA50=1;VWAP=1;BIAS=1,0.22,-0.96,24384.99,24275.44,opposite signal before SL/target | SELL -> BUY | closing trade 106
329,2026.02.20 03:00:00,2026.02.20 05:30:00,EXIT_FLIP,XAUUSD,M15,106,SELL,FULLTGT,DAY,0,4990.86,5007.57,5007.57,16.71,1.00,16.71,4974.15,4957.44,4940.73,4924.01,4907.30,0.07,0.07,0.00,5006.51,0.00,-0.94,0.00,4996.36,4995.00,4993.73,4993.83,4993.86,0.152,8.40,20.12,59.32,66.30,1.11,0.82,0.29,4995.99,5006.48,1466,1716,71.4,0.0,5,1,CROSS=EMA9>EMA21;TREND=1;STRUCT=1;VOL=1;COOL=1;EMA50=1;VWAP=1;BIAS=1,0.22,-0.96,24275.19,24275.19,FLIP exit
330,2026.02.20 03:00:00,2026.02.20 05:30:00,EXIT_OTHER,XAUUSD,M15,106,SELL,FULLTGT,DAY,0,4990.86,5007.57,5007.57,16.71,1.00,16.71,4974.15,4957.44,4940.73,4924.01,4907.30,0.07,0.07,0.00,5006.51,0.00,-0.94,-110.05,4996.36,4995.00,4993.73,4993.83,4993.86,0.152,8.40,20.12,59.32,66.30,1.11,0.82,0.29,4995.99,5006.48,1466,1716,71.4,0.0,5,1,CROSS=EMA9>EMA21;TREND=1;STRUCT=1;VOL=1;COOL=1;EMA50=1;VWAP=1;BIAS=1,0.22,-0.96,24275.19,24275.19,FLIP exit
331,2026.02.20 03:00:00,2026.02.20 05:30:00,ENTRY,XAUUSD,M15,108,BUY,FULLTGT,DAY,106,5006.51,4989.71,4989.71,16.80,1.00,16.80,5023.31,5040.10,5056.90,5073.69,5090.49,0.07,0.07,0.07,5006.51,0.00,0.00,0.00,4996.36,4995.00,4993.73,4993.83,4993.86,0.152,8.40,20.12,59.32,66.30,1.11,0.82,0.29,4995.99,5006.48,1466,1716,71.4,0.0,5,1,CROSS=EMA9>EMA21;TREND=1;STRUCT=1;VOL=1;COOL=1;EMA50=1;VWAP=1;BIAS=1,0.00,0.00,24274.94,24274.59,KZ=ASIA; KZR=London H @ 5022.14 37 bars ago (high taken); DAY 12AM-4PM IST session: stop x1.00 of usual; no partials; full size to TP5; SL steps BE->TP1->TP2->TP3; flipped from trade 106
332,2026.02.20 05:30:00,2026.02.20 08:00:00,FLIP,XAUUSD,M15,108,BUY,FULLTGT,DAY,0,5006.51,4989.71,4989.71,16.80,1.00,16.80,5023.31,5040.10,5056.90,5073.69,5090.49,0.07,0.00,0.00,4992.37,0.00,-0.84,0.00,4996.36,4996.52,4995.15,4997.35,4996.94,0.148,9.27,22.67,46.12,41.99,0.32,1.43,-1.11,4998.33,4992.37,932,1483,0.0,71.4,5,1,CROSS=EMA9<EMA21;TREND=1;STRUCT=1;VOL=1;COOL=1;EMA50=1;VWAP=1;BIAS=1,0.49,-0.98,24274.94,24175.96,opposite signal before SL/target | BUY -> SELL | closing trade 108
333,2026.02.20 05:30:00,2026.02.20 08:00:00,EXIT_FLIP,XAUUSD,M15,108,BUY,FULLTGT,DAY,0,5006.51,4989.71,4989.71,16.80,1.00,16.80,5023.31,5040.10,5056.90,5073.69,5090.49,0.07,0.07,0.00,4992.37,0.00,-0.84,0.00,4996.36,4996.52,4995.15,4997.35,4996.94,0.148,9.27,22.67,46.12,41.99,0.32,1.43,-1.11,4998.33,4992.37,932,1483,0.0,71.4,5,1,CROSS=EMA9<EMA21;TREND=1;STRUCT=1;VOL=1;COOL=1;EMA50=1;VWAP=1;BIAS=1,0.49,-0.98,24175.71,24175.71,FLIP exit
334,2026.02.20 05:30:00,2026.02.20 08:00:00,EXIT_OTHER,XAUUSD,M15,108,BUY,FULLTGT,DAY,0,5006.51,4989.71,4989.71,16.80,1.00,16.80,5023.31,5040.10,5056.90,5073.69,5090.49,0.07,0.07,0.00,4992.37,0.00,-0.84,-99.48,4996.36,4996.52,4995.15,4997.35,4996.94,0.148,9.27,22.67,46.12,41.99,0.32,1.43,-1.11,4998.33,4992.37,932,1483,0.0,71.4,5,1,CROSS=EMA9<EMA21;TREND=1;STRUCT=1;VOL=1;COOL=1;EMA50=1;VWAP=1;BIAS=1,0.49,-0.98,24175.71,24175.71,FLIP exit
335,2026.02.20 05:30:00,2026.02.20 08:00:00,ENTRY,XAUUSD,M15,110,SELL,FULLTGT,DAY,108,4992.37,5010.91,5010.91,18.54,1.00,18.54,4973.83,4955.28,4936.74,4918.19,4899.65,0.06,0.06,0.06,4992.37,0.00,0.00,0.00,4996.36,4996.52,4995.15,4997.35,4996.94,0.148,9.27,22.67,46.12,41.99,0.32,1.43,-1.11,4998.33,4992.37,932,1483,0.0,71.4,5,1,CROSS=EMA9<EMA21;TREND=1;STRUCT=1;VOL=1;COOL=1;EMA50=1;VWAP=1;BIAS=1,0.00,0.00,24175.50,24175.20,KZ=ASIA; KZR=London H @ 5022.14 47 bars ago (high taken); DAY 12AM-4PM IST session: stop x1.00 of usual; no partials; full size to TP5; SL steps BE->TP1->TP2->TP3; flipped from trade 108
336,2026.02.20 07:15:00,2026.02.20 09:45:00,FLIP,XAUUSD,M15,110,SELL,FULLTGT,DAY,0,4992.37,5010.91,5010.91,18.54,1.00,18.54,4973.83,4955.28,4936.74,4918.19,4899.65,0.06,0.00,0.00,5001.49,0.00,-0.49,0.00,4996.71,4996.06,4995.12,4995.52,4995.52,0.107,8.83,25.90,56.33,56.89,0.46,-0.26,0.72,4997.40,5001.43,1401,1427,85.7,0.0,5,1,CROSS=EMA9>EMA21;TREND=1;STRUCT=1;VOL=1;COOL=1;EMA50=1;VWAP=1;BIAS=1,0.57,-0.75,24175.50,24120.78,opposite signal before SL/target | SELL -> BUY | closing trade 110
337,2026.02.20 07:15:00,2026.02.20 09:45:00,EXIT_FLIP,XAUUSD,M15,110,SELL,FULLTGT,DAY,0,4992.37,5010.91,5010.91,18.54,1.00,18.54,4973.83,4955.28,4936.74,4918.19,4899.65,0.06,0.06,0.00,5001.49,0.00,-0.49,0.00,4996.71,4996.06,4995.12,4995.52,4995.52,0.107,8.83,25.90,56.33,56.89,0.46,-0.26,0.72,4997.40,5001.43,1401,1427,85.7,0.0,5,1,CROSS=EMA9>EMA21;TREND=1;STRUCT=1;VOL=1;COOL=1;EMA50=1;VWAP=1;BIAS=1,0.57,-0.75,24120.57,24120.57,FLIP exit
338,2026.02.20 07:15:00,2026.02.20 09:45:00,EXIT_OTHER,XAUUSD,M15,110,SELL,FULLTGT,DAY,0,4992.37,5010.91,5010.91,18.54,1.00,18.54,4973.83,4955.28,4936.74,4918.19,4899.65,0.06,0.06,0.00,5001.49,0.00,-0.49,-55.14,4996.71,4996.06,4995.12,4995.52,4995.52,0.107,8.83,25.90,56.33,56.89,0.46,-0.26,0.72,4997.40,5001.43,1401,1427,85.7,0.0,5,1,CROSS=EMA9>EMA21;TREND=1;STRUCT=1;VOL=1;COOL=1;EMA50=1;VWAP=1;BIAS=1,0.57,-0.75,24120.57,24120.57,FLIP exit
339,2026.02.20 07:15:00,2026.02.20 09:45:00,ENTRY,XAUUSD,M15,112,BUY,FULLTGT,DAY,110,5001.49,4983.83,4983.83,17.66,1.00,17.66,5019.15,5036.80,5054.46,5072.11,5089.77,0.06,0.06,0.06,5001.49,0.00,0.00,0.00,4996.71,4996.06,4995.12,4995.52,4995.52,0.107,8.83,25.90,56.33,56.89,0.46,-0.26,0.72,4997.40,5001.43,1401,1427,85.7,0.0,5,1,CROSS=EMA9>EMA21;TREND=1;STRUCT=1;VOL=1;COOL=1;EMA50=1;VWAP=1;BIAS=1,0.00,0.00,24120.36,24120.06,KZ=ASIA; KZR=London H @ 5022.14 54 bars ago (high taken); DAY 12AM-4PM IST session: stop x1.00 of usual; no partials; full size to TP5; SL steps BE->TP1->TP2->TP3; flipped from trade 110
340,2026.02.20 08:12:29,2026.02.20 10:42:29,SL_MOVE,XAUUSD,M15,112,BUY,FULLTGT,DAY,110,5001.49,4983.83,5001.49,17.66,1.00,17.66,5019.15,5036.80,5054.46,5072.11,5089.77,0.06,0.00,0.06,5001.49,1.00,0.00,0.00,5000.82,4998.20,4996.17,4998.04,4996.83,0.235,8.64,34.46,64.70,65.75,2.04,0.09,1.95,4998.00,5011.96,1636,1422,100.0,0.0,5,1,CROSS=EMA9>EMA21;TREND=1;STRUCT=1;VOL=1;COOL=1;EMA50=1;VWAP=1;BIAS=1,1.00,-0.19,24120.36,24226.44,stop to breakeven
341,2026.02.20 08:12:29,2026.02.20 10:42:29,TP1_REACHED,XAUUSD,M15,112,BUY,FULLTGT,DAY,110,5001.49,4983.83,5001.49,17.66,1.00,17.66,5019.15,5036.80,5054.46,5072.11,5089.77,0.06,0.00,0.06,5019.15,1.00,1.00,0.00,5000.82,4998.20,4996.17,4998.04,4996.83,0.235,8.64,34.46,64.70,65.75,2.04,0.09,1.95,4998.00,5011.96,1636,1422,100.0,0.0,5,1,CROSS=EMA9>EMA21;TREND=1;STRUCT=1;VOL=1;COOL=1;EMA50=1;VWAP=1;BIAS=1,1.00,-0.19,24120.36,24226.44,full target: no partial booked
342,2026.02.20 11:06:25,2026.02.20 13:36:25,SL_MOVE,XAUUSD,M15,112,BUY,FULLTGT,DAY,110,5001.49,4983.83,5019.15,17.66,1.00,17.66,5019.15,5036.80,5054.46,5072.11,5089.77,0.06,0.00,0.06,5019.15,2.00,0.00,0.00,5018.65,5012.57,5004.94,5016.07,5010.93,0.881,8.66,35.78,65.07,66.08,6.24,5.99,0.24,5005.64,5028.97,1737,1625,100.0,0.0,5,1,CROSS=EMA9>EMA21;TREND=1;STRUCT=1;VOL=1;COOL=1;EMA50=1;VWAP=1;BIAS=1,2.00,-0.19,24120.36,24332.34,stop trailed to TP1
343,2026.02.20 11:06:25,2026.02.20 13:36:25,TP2_REACHED,XAUUSD,M15,112,BUY,FULLTGT,DAY,110,5001.49,4983.83,5019.15,17.66,1.00,17.66,5019.15,5036.80,5054.46,5072.11,5089.77,0.06,0.00,0.06,5036.80,2.00,2.00,0.00,5018.65,5012.57,5004.94,5016.07,5010.93,0.881,8.66,35.78,65.07,66.08,6.24,5.99,0.24,5005.64,5028.97,1737,1625,100.0,0.0,5,1,CROSS=EMA9>EMA21;TREND=1;STRUCT=1;VOL=1;COOL=1;EMA50=1;VWAP=1;BIAS=1,2.00,-0.19,24120.36,24332.34,full target: no partial booked
344,2026.02.20 13:48:30,2026.02.20 16:18:30,EXIT_TRAIL_SL,XAUUSD,M15,112,BUY,FULLTGT,EVENING,110,5001.49,4983.83,5019.15,17.66,1.00,17.66,5019.15,5036.80,5054.46,5072.11,5089.77,0.06,0.06,0.00,5019.09,0.00,1.00,105.18,5029.13,5024.30,5014.18,5029.62,5024.01,1.105,9.15,22.88,55.30,46.03,6.07,7.26,-1.20,5011.94,5027.18,1880,1916,42.9,28.6,5,1,CROSS=EMA9>EMA21;TREND=1;STRUCT=1;VOL=1;COOL=1;EMA50=1;VWAP=1;BIAS=1,2.32,-0.19,24225.75,24225.75,stopped at a trailed level
345,2026.02.23 01:00:00,2026.02.23 03:30:00,DAY_SUMMARY,XAUUSD,M15,112,FLAT,NA,DAY,110,0.00,0.00,0.00,0.00,1.00,0.00,0.00,0.00,0.00,0.00,0.00,0.00,0.00,0.00,0.00,0.00,-1.63,-197.74,5092.70,5079.30,5058.28,5088.92,5076.45,2.483,8.47,60.84,75.70,79.63,14.04,11.88,2.16,5037.69,5107.80,1289,2798,85.7,0.0,5,1,CROSS=EMA9>EMA21;TREND=1;STRUCT=1;VOL=1;COOL=1;EMA50=1;VWAP=1;BIAS=1,0.00,0.00,24225.75,24225.75,2026.02.20 trades=5 W=1 L=4 gross_profit=105.18 gross_loss=302.92 net=-197.74 PF=0.35
346,2026.02.23 01:00:00,2026.02.23 03:30:00,WEEK_SUMMARY,XAUUSD,M15,112,FLAT,NA,DAY,110,0.00,0.00,0.00,0.00,1.00,0.00,0.00,0.00,0.00,0.00,0.00,0.00,0.00,0.00,0.00,0.00,-3.00,-357.77,5092.70,5079.30,5058.28,5088.92,5076.45,2.483,8.47,60.84,75.70,79.63,14.04,11.88,2.16,5037.69,5107.80,1289,2798,85.7,0.0,5,1,CROSS=EMA9>EMA21;TREND=1;STRUCT=1;VOL=1;COOL=1;EMA50=1;VWAP=1;BIAS=1,0.00,0.00,24225.75,24225.75,days=4 trades=12 W=2 L=10 gross_profit=222.27 gross_loss=580.04 net=-357.77 PF=0.38 pips=-5935.0
347,2026.02.23 09:15:00,2026.02.23 11:45:00,ENTRY,XAUUSD,M15,114,SELL,FULLTGT,DAY,0,5147.08,5165.61,5165.61,18.53,1.00,18.53,5128.55,5110.02,5091.49,5072.95,5054.42,0.06,0.06,0.06,5147.08,0.00,0.00,0.00,5152.71,5152.77,5130.67,5154.11,5153.33,2.385,9.27,28.09,47.94,42.61,3.82,8.24,-4.42,5154.98,5147.12,2760,1924,14.3,85.7,5,1,CROSS=EMA9<EMA21;TREND=1;STRUCT=1;VOL=1;COOL=1;EMA50=1;VWAP=1;BIAS=1,0.00,0.00,24225.54,24225.24,KZ=LONDON; KZR=NY H @ 5064.08 250 bars ago (high taken); DAY 12AM-4PM IST session: stop x1.00 of usual; no partials; full size to TP5; SL steps BE->TP1->TP2->TP3
348,2026.02.23 09:26:38,2026.02.23 11:56:38,SL_MOVE,XAUUSD,M15,114,SELL,FULLTGT,DAY,0,5147.08,5165.61,5147.08,18.53,1.00,18.53,5128.55,5110.02,5091.49,5072.95,5054.42,0.06,0.00,0.06,5147.08,1.00,0.00,0.00,5152.71,5152.77,5130.67,5154.11,5153.33,2.385,9.27,28.09,47.94,35.70,3.82,8.24,-4.42,5154.98,5147.12,2760,1924,14.3,85.7,6,1,CROSS=EMA9<EMA21;TREND=1;STRUCT=1;VOL=1;COOL=1;EMA50=1;VWAP=1;BIAS=1,1.00,-0.13,24225.54,24337.14,stop to breakeven
349,2026.02.23 09:26:38,2026.02.23 11:56:38,TP1_REACHED,XAUUSD,M15,114,SELL,FULLTGT,DAY,0,5147.08,5165.61,5147.08,18.53,1.00,18.53,5128.55,5110.02,5091.49,5072.95,5054.42,0.06,0.00,0.06,5128.55,1.00,1.00,0.00,5152.71,5152.77,5130.67,5154.11,5153.33,2.385,9.27,28.09,47.94,35.70,3.82,8.24,-4.42,5154.98,5147.12,2760,1924,14.3,85.7,6,1,CROSS=EMA9<EMA21;TREND=1;STRUCT=1;VOL=1;COOL=1;EMA50=1;VWAP=1;BIAS=1,1.00,-0.13,24225.54,24337.14,full target: no partial booked
350,2026.02.23 11:18:30,2026.02.23 13:48:30,EXIT_BE,XAUUSD,M15,114,SELL,FULLTGT,DAY,0,5147.08,5165.61,5147.08,18.53,1.00,18.53,5128.55,5110.02,5091.49,5072.95,5054.42,0.06,0.06,0.00,5147.08,0.00,-0.00,-0.42,5139.63,5143.98,5132.15,5138.06,5143.78,1.250,9.46,31.93,51.84,58.38,-2.51,-0.66,-1.85,5150.97,5145.91,2288,2022,57.1,42.9,5,1,CROSS=EMA9<EMA21;TREND=1;STRUCT=1;VOL=1;COOL=1;EMA50=1;VWAP=1;BIAS=1,1.34,-0.13,24225.33,24225.33,stopped at breakeven
351,2026.02.23 12:30:00,2026.02.23 15:00:00,ENTRY,XAUUSD,M15,116,BUY,FULLTGT,DAY,0,5156.09,5137.98,5137.98,18.11,1.00,18.11,5174.20,5192.31,5210.41,5228.52,5246.63,0.06,0.06,0.06,5156.09,0.00,0.00,0.00,5147.28,5146.46,5135.44,5145.09,5145.51,1.217,9.05,28.42,59.00,66.72,0.77,-1.61,2.38,5150.85,5156.02,1980,2051,85.7,0.0,5,1,CROSS=EMA9>EMA21;TREND=1;STRUCT=1;VOL=1;COOL=1;EMA50=1;VWAP=1;BIAS=1,0.00,0.00,24225.12,24224.82,KZ=LONDON; KZR=NY H @ 5064.08 263 bars ago (high taken); DAY 12AM-4PM IST session: stop x1.00 of usual; no partials; full size to TP5; SL steps BE->TP1->TP2->TP3
352,2026.02.23 16:36:18,2026.02.23 19:06:18,SL_MOVE,XAUUSD,M15,116,BUY,FULLTGT,EVENING,0,5156.09,5137.98,5156.09,18.11,1.00,18.11,5174.20,5192.31,5210.41,5228.52,5246.63,0.06,0.00,0.06,5156.09,1.00,0.00,0.00,5155.83,5153.31,5144.64,5153.45,5152.11,0.997,8.70,19.77,59.38,69.97,2.65,2.39,0.26,5151.67,5165.35,2623,2053,85.7,0.0,10,1,CROSS=EMA9>EMA21;TREND=1;STRUCT=1;VOL=1;COOL=1;EMA50=1;VWAP=1;BIAS=1,1.00,-0.81,24225.12,24334.02,stop to breakeven
353,2026.02.23 16:36:18,2026.02.23 19:06:18,TP1_REACHED,XAUUSD,M15,116,BUY,FULLTGT,EVENING,0,5156.09,5137.98,5156.09,18.11,1.00,18.11,5174.20,5192.31,5210.41,5228.52,5246.63,0.06,0.00,0.06,5174.20,1.00,1.00,0.00,5155.83,5153.31,5144.64,5153.45,5152.11,0.997,8.70,19.77,59.38,69.97,2.65,2.39,0.26,5151.67,5165.35,2623,2053,85.7,0.0,10,1,CROSS=EMA9>EMA21;TREND=1;STRUCT=1;VOL=1;COOL=1;EMA50=1;VWAP=1;BIAS=1,1.00,-0.81,24225.12,24334.02,full target: no partial booked
354,2026.02.23 16:45:12,2026.02.23 19:15:12,SL_MOVE,XAUUSD,M15,116,BUY,FULLTGT,EVENING,0,5156.09,5137.98,5174.20,18.11,1.00,18.11,5174.20,5192.31,5210.41,5228.52,5246.63,0.06,0.00,0.06,5174.20,2.00,0.00,0.00,5162.75,5156.69,5146.44,5155.83,5153.31,1.055,9.71,20.90,70.09,79.66,5.28,2.80,2.47,5152.56,5190.42,4190,2177,85.7,0.0,9,1,CROSS=EMA9>EMA21;TREND=1;STRUCT=1;VOL=1;COOL=1;EMA50=1;VWAP=1;BIAS=1,2.00,-0.81,24225.12,24442.62,stop trailed to TP1
355,2026.02.23 16:45:12,2026.02.23 19:15:12,TP2_REACHED,XAUUSD,M15,116,BUY,FULLTGT,EVENING,0,5156.09,5137.98,5174.20,18.11,1.00,18.11,5174.20,5192.31,5210.41,5228.52,5246.63,0.06,0.00,0.06,5192.31,2.00,2.00,0.00,5162.75,5156.69,5146.44,5155.83,5153.31,1.055,9.71,20.90,70.09,79.66,5.28,2.80,2.47,5152.56,5190.42,4190,2177,85.7,0.0,9,1,CROSS=EMA9>EMA21;TREND=1;STRUCT=1;VOL=1;COOL=1;EMA50=1;VWAP=1;BIAS=1,2.00,-0.81,24225.12,24442.62,full target: no partial booked
356,2026.02.23 18:17:39,2026.02.23 20:47:39,SL_MOVE,XAUUSD,M15,116,BUY,FULLTGT,EVENING,0,5156.09,5137.98,5192.31,18.11,1.00,18.11,5174.20,5192.31,5210.41,5228.52,5246.63,0.06,0.00,0.06,5192.31,3.00,0.00,0.00,5189.56,5174.96,5157.54,5186.32,5172.20,1.425,12.22,23.10,70.96,60.93,13.55,8.50,5.05,5158.92,5202.52,4220,2865,85.7,0.0,5,1,CROSS=EMA9>EMA21;TREND=1;STRUCT=1;VOL=1;COOL=1;EMA50=1;VWAP=1;BIAS=1,3.00,-0.81,24225.12,24551.22,stop trailed to TP2
357,2026.02.23 18:17:39,2026.02.23 20:47:39,TP3_REACHED,XAUUSD,M15,116,BUY,FULLTGT,EVENING,0,5156.09,5137.98,5192.31,18.11,1.00,18.11,5174.20,5192.31,5210.41,5228.52,5246.63,0.06,0.00,0.06,5210.41,3.00,3.00,0.00,5189.56,5174.96,5157.54,5186.32,5172.20,1.425,12.22,23.10,70.96,60.93,13.55,8.50,5.05,5158.92,5202.52,4220,2865,85.7,0.0,5,1,CROSS=EMA9>EMA21;TREND=1;STRUCT=1;VOL=1;COOL=1;EMA50=1;VWAP=1;BIAS=1,3.00,-0.81,24225.12,24551.22,full target: no partial booked
358,2026.02.23 19:38:37,2026.02.23 22:08:37,EXIT_TRAIL_SL,XAUUSD,M15,116,BUY,FULLTGT,EVENING,0,5156.09,5137.98,5192.31,18.11,1.00,18.11,5174.20,5192.31,5210.41,5228.52,5246.63,0.06,0.06,0.00,5192.29,0.00,2.00,216.78,5202.79,5188.06,5166.99,5200.90,5185.84,1.571,13.42,21.87,68.26,55.69,15.21,14.03,1.18,5163.89,5210.36,3255,3302,71.4,0.0,5,1,CROSS=EMA9>EMA21;TREND=1;STRUCT=1;VOL=1;COOL=1;EMA50=1;VWAP=1;BIAS=1,3.48,-0.81,24442.11,24442.11,stopped at a trailed level
359,2026.02.24 01:00:00,2026.02.24 03:30:00,DAY_SUMMARY,XAUUSD,M15,116,FLAT,NA,DAY,0,0.00,0.00,0.00,0.00,1.00,0.00,0.00,0.00,0.00,0.00,0.00,0.00,0.00,0.00,0.00,0.00,2.00,216.36,5226.06,5216.38,5194.26,5225.69,5215.26,2.570,8.61,43.62,64.23,52.09,11.58,11.94,-0.36,5174.10,5227.54,1039,2602,71.4,14.3,5,1,CROSS=EMA9>EMA21;TREND=1;STRUCT=1;VOL=1;COOL=1;EMA50=1;VWAP=1;BIAS=1,0.00,0.00,24442.11,24442.11,2026.02.23 trades=2 W=1 L=1 gross_profit=216.78 gross_loss=0.42 net=216.36 PF=516.14
360,2026.02.24 03:15:00,2026.02.24 05:45:00,ENTRY,XAUUSD,M15,118,SELL,FULLTGT,DAY,0,5185.58,5207.50,5207.50,21.92,1.00,21.92,5163.66,5141.75,5119.83,5097.91,5075.99,0.05,0.05,0.05,5185.58,0.00,0.00,0.00,5221.00,5221.30,5204.14,5229.91,5224.90,1.566,10.96,31.84,33.82,20.01,3.71,10.01,-6.30,5225.71,5185.35,5175,2464,0.0,100.0,5,1,CROSS=EMA9<EMA21;TREND=1;STRUCT=1;VOL=1;COOL=1;EMA50=1;VWAP=1;BIAS=1,0.00,0.00,24441.93,24441.68,KZ=ASIA; KZR=NY H @ 5205.06 35 bars ago (high taken); DAY 12AM-4PM IST session: stop x1.00 of usual; no partials; full size to TP5; SL steps BE->TP1->TP2->TP3
361,2026.02.24 03:15:39,2026.02.24 05:45:39,SL_MOVE,XAUUSD,M15,118,SELL,FULLTGT,DAY,0,5185.58,5207.50,5185.58,21.92,1.00,21.92,5163.66,5141.75,5119.83,5097.91,5075.99,0.05,0.00,0.05,5185.58,1.00,0.00,0.00,5221.00,5221.30,5204.14,5229.91,5224.90,1.566,10.96,31.84,33.82,20.01,3.71,10.01,-6.30,5225.71,5185.35,5175,2464,0.0,100.0,5,1,CROSS=EMA9<EMA21;TREND=1;STRUCT=1;VOL=1;COOL=1;EMA50=1;VWAP=1;BIAS=1,0.99,-0.17,24441.93,24552.48,stop to breakeven
362,2026.02.24 03:15:39,2026.02.24 05:45:39,TP1_REACHED,XAUUSD,M15,118,SELL,FULLTGT,DAY,0,5185.58,5207.50,5185.58,21.92,1.00,21.92,5163.66,5141.75,5119.83,5097.91,5075.99,0.05,0.00,0.05,5163.66,1.00,1.00,0.00,5221.00,5221.30,5204.14,5229.91,5224.90,1.566,10.96,31.84,33.82,20.01,3.71,10.01,-6.30,5225.71,5185.35,5175,2464,0.0,100.0,5,1,CROSS=EMA9<EMA21;TREND=1;STRUCT=1;VOL=1;COOL=1;EMA50=1;VWAP=1;BIAS=1,0.99,-0.17,24441.93,24552.48,full target: no partial booked
363,2026.02.24 04:34:38,2026.02.24 07:04:38,EXIT_BE,XAUUSD,M15,118,SELL,FULLTGT,DAY,0,5185.58,5207.50,5185.58,21.92,1.00,21.92,5163.66,5141.75,5119.83,5097.91,5075.99,0.05,0.05,0.00,5185.61,0.00,-0.00,-0.51,5188.69,5202.86,5198.40,5192.56,5205.82,0.320,13.92,39.96,34.37,39.67,-9.69,0.04,-9.73,5202.25,5173.23,2146,2672,0.0,85.7,5,1,CROSS=EMA9<EMA21;TREND=1;STRUCT=1;VOL=1;COOL=1;EMA50=1;VWAP=1;BIAS=1,1.83,-0.17,24441.60,24441.60,stopped at breakeven
364,2026.02.24 19:45:00,2026.02.24 22:15:00,SKIP,XAUUSD,M15,118,FLAT,NA,EVENING,0,0.00,0.00,0.00,0.00,1.00,0.00,0.00,0.00,0.00,0.00,0.00,0.00,0.00,0.00,0.00,0.00,0.00,0.00,5150.70,5149.57,5158.82,5148.22,5148.46,-0.578,16.01,22.21,55.70,62.48,-1.64,-5.99,4.34,5166.96,5160.61,2483,3629,57.1,14.3,5,1,CROSS=EMA9<EMA21;TREND=1;STRUCT=1;VOL=1;COOL=1;EMA50=1;VWAP=1;BIAS=1,0.00,0.00,24441.60,24441.60,outside the killzone window
365,2026.02.25 01:00:00,2026.02.25 03:30:00,DAY_SUMMARY,XAUUSD,M15,118,FLAT,NA,DAY,0,0.00,0.00,0.00,0.00,1.00,0.00,0.00,0.00,0.00,0.00,0.00,0.00,0.00,0.00,0.00,0.00,-0.00,-0.51,5155.06,5155.44,5158.19,5157.89,5156.61,-0.280,9.79,22.71,41.76,33.62,0.12,1.55,-1.43,5165.56,5143.74,1031,2425,0.0,71.4,9,1,CROSS=EMA9<EMA21;TREND=1;STRUCT=1;VOL=1;COOL=1;EMA50=1;VWAP=1;BIAS=1,0.00,0.00,24441.60,24441.60,2026.02.24 trades=1 W=0 L=1 gross_profit=0.00 gross_loss=0.51 net=-0.51 PF=0.00
366,2026.02.25 01:00:00,2026.02.25 03:30:00,SKIP,XAUUSD,M15,118,FLAT,NA,DAY,0,0.00,0.00,0.00,0.00,1.00,0.00,0.00,0.00,0.00,0.00,0.00,0.00,0.00,0.00,0.00,0.00,0.00,0.00,5155.06,5155.44,5158.19,5157.89,5156.61,-0.280,9.79,22.71,41.76,33.62,0.12,1.55,-1.43,5165.56,5143.74,1031,2425,0.0,71.4,9,1,CROSS=EMA9<EMA21;TREND=1;STRUCT=1;VOL=1;COOL=1;EMA50=1;VWAP=1;BIAS=1,0.00,0.00,24441.60,24441.60,outside the killzone window
367,2026.02.25 03:15:00,2026.02.25 05:45:00,ENTRY,XAUUSD,M15,120,BUY,FULLTGT,DAY,0,5174.60,5149.21,5149.21,25.39,1.00,25.39,5199.99,5225.38,5250.76,5276.15,5301.54,0.04,0.04,0.04,5174.60,0.00,0.00,0.00,5152.27,5151.49,5154.86,5146.71,5149.19,-0.266,12.69,23.80,62.73,71.55,-0.23,-2.63,2.41,5147.11,5174.48,3958,2154,85.7,0.0,5,1,CROSS=EMA9>EMA21;TREND=1;STRUCT=1;VOL=1;COOL=1;EMA50=1;VWAP=1;BIAS=1,0.00,0.00,24441.46,24441.26,KZ=ASIA; KZR=NY H @ 5205.06 131 bars ago (high taken); DAY 12AM-4PM IST session: stop x1.00 of usual; no partials; full size to TP5; SL steps BE->TP1->TP2->TP3
368,2026.02.25 07:42:41,2026.02.25 10:12:41,SL_MOVE,XAUUSD,M15,120,BUY,FULLTGT,DAY,0,5174.60,5149.21,5174.60,25.39,1.00,25.39,5199.99,5225.38,5250.76,5276.15,5301.54,0.04,0.00,0.04,5174.60,1.00,0.00,0.00,5185.94,5178.78,5169.77,5183.56,5177.12,0.806,11.18,17.70,66.26,66.68,7.86,8.15,-0.30,5170.79,5195.46,1534,2192,57.1,14.3,5,1,CROSS=EMA9>EMA21;TREND=1;STRUCT=1;VOL=1;COOL=1;EMA50=1;VWAP=1;BIAS=1,1.00,-0.31,24441.46,24543.22,stop to breakeven
369,2026.02.25 07:42:41,2026.02.25 10:12:41,TP1_REACHED,XAUUSD,M15,120,BUY,FULLTGT,DAY,0,5174.60,5149.21,5174.60,25.39,1.00,25.39,5199.99,5225.38,5250.76,5276.15,5301.54,0.04,0.00,0.04,5199.99,1.00,1.00,0.00,5185.94,5178.78,5169.77,5183.56,5177.12,0.806,11.18,17.70,66.26,66.68,7.86,8.15,-0.30,5170.79,5195.46,1534,2192,57.1,14.3,5,1,CROSS=EMA9>EMA21;TREND=1;STRUCT=1;VOL=1;COOL=1;EMA50=1;VWAP=1;BIAS=1,1.00,-0.31,24441.46,24543.22,full target: no partial booked
370,2026.02.25 12:20:15,2026.02.25 14:50:15,EXIT_BE,XAUUSD,M15,120,BUY,FULLTGT,DAY,0,5174.60,5149.21,5174.60,25.39,1.00,25.39,5199.99,5225.38,5250.76,5276.15,5301.54,0.04,0.04,0.00,5174.52,0.00,-0.00,-0.60,5188.52,5187.58,5180.51,5189.46,5187.87,0.846,8.35,15.44,48.65,33.55,2.16,3.20,-1.05,5179.29,5184.73,1880,2045,28.6,42.9,5,1,CROSS=EMA9>EMA21;TREND=1;STRUCT=1;VOL=1;COOL=1;EMA50=1;VWAP=1;BIAS=1,1.42,-0.31,24441.00,24441.00,stopped at breakeven
371,2026.02.25 12:30:00,2026.02.25 15:00:00,ENTRY,XAUUSD,M15,122,SELL,FULLTGT,DAY,0,5175.28,5192.32,5192.32,17.04,1.00,17.04,5158.24,5141.19,5124.15,5107.10,5090.06,0.07,0.07,0.07,5175.28,0.00,0.00,0.00,5185.86,5186.46,5180.31,5188.52,5187.58,0.722,8.52,17.66,41.32,32.26,0.93,2.84,-1.91,5179.25,5175.26,2427,2090,0.0,85.7,5,1,CROSS=EMA9<EMA21;TREND=1;STRUCT=1;VOL=1;COOL=1;EMA50=1;VWAP=1;BIAS=1,0.00,0.00,24440.75,24440.40,KZ=LONDON; KZR=London H @ 5182.09 36 bars ago (high taken); DAY 12AM-4PM IST session: stop x1.00 of usual; no partials; full size to TP5; SL steps BE->TP1->TP2->TP3
372,2026.02.25 13:16:39,2026.02.25 15:46:39,SL_MOVE,XAUUSD,M15,122,SELL,FULLTGT,DAY,0,5175.28,5192.32,5175.28,17.04,1.00,17.04,5158.24,5141.19,5124.15,5107.10,5090.06,0.07,0.00,0.07,5175.28,1.00,0.00,0.00,5178.59,5182.75,5179.34,5182.31,5184.66,0.401,8.50,26.15,34.30,26.06,-2.23,1.20,-3.43,5178.86,5163.69,2296,1961,0.0,100.0,5,1,CROSS=EMA9<EMA21;TREND=1;STRUCT=1;VOL=1;COOL=1;EMA50=1;VWAP=1;BIAS=1,1.00,-0.33,24440.75,24561.01,stop to breakeven
373,2026.02.25 13:16:39,2026.02.25 15:46:39,TP1_REACHED,XAUUSD,M15,122,SELL,FULLTGT,DAY,0,5175.28,5192.32,5175.28,17.04,1.00,17.04,5158.24,5141.19,5124.15,5107.10,5090.06,0.07,0.00,0.07,5158.24,1.00,1.00,0.00,5178.59,5182.75,5179.34,5182.31,5184.66,0.401,8.50,26.15,34.30,26.06,-2.23,1.20,-3.43,5178.86,5163.69,2296,1961,0.0,100.0,5,1,CROSS=EMA9<EMA21;TREND=1;STRUCT=1;VOL=1;COOL=1;EMA50=1;VWAP=1;BIAS=1,1.00,-0.33,24440.75,24561.01,full target: no partial booked
374,2026.02.25 13:50:38,2026.02.25 16:20:38,EXIT_BE,XAUUSD,M15,122,SELL,FULLTGT,EVENING,0,5175.28,5192.32,5175.28,17.04,1.00,17.04,5158.24,5141.19,5124.15,5107.10,5090.06,0.07,0.07,0.00,5175.38,0.00,-0.01,-1.20,5175.94,5180.73,5178.70,5176.63,5181.48,0.244,8.29,30.56,43.52,47.43,-3.21,-0.08,-3.13,5178.39,5173.21,1844,1950,0.0,85.7,5,1,CROSS=EMA9<EMA21;TREND=1;STRUCT=1;VOL=1;COOL=1;EMA50=1;VWAP=1;BIAS=1,1.18,-0.33,24439.80,24439.80,stopped at breakeven
375,2026.02.25 15:30:00,2026.02.25 18:00:00,ENTRY,XAUUSD,M15,124,BUY,FULLTGT,EVENING,0,5188.16,5171.18,5171.18,16.98,1.00,16.98,5205.14,5222.12,5239.11,5256.09,5273.07,0.07,0.07,0.07,5188.16,0.00,0.00,0.00,5183.31,5182.68,5180.12,5182.11,5182.13,0.301,8.49,19.88,55.65,58.51,0.25,-1.64,1.88,5179.04,5188.09,2520,2041,85.7,0.0,5,1,CROSS=EMA9>EMA21;TREND=1;STRUCT=1;VOL=1;COOL=1;EMA50=1;VWAP=1;BIAS=1,0.00,0.00,24439.55,24439.20,KZ=NY; KZR=London H @ 5182.09 48 bars ago (high taken); EVENING 4PM-12AM IST session: stop x1.00 of usual; no partials; full size to TP5; SL steps BE->TP1->TP2->TP3
376,2026.02.25 16:35:29,2026.02.25 19:05:29,EXIT_SL,XAUUSD,M15,124,BUY,FULLTGT,EVENING,0,5188.16,5171.18,5171.18,16.98,1.00,16.98,5205.14,5222.12,5239.11,5256.09,5273.07,0.07,0.07,0.00,5171.06,0.00,-1.01,-120.20,5183.19,5182.95,5180.65,5184.51,5183.46,0.267,8.61,16.98,44.68,34.94,0.21,-0.17,0.37,5179.51,5177.90,2693,2155,28.6,57.1,10,1,CROSS=EMA9>EMA21;TREND=1;STRUCT=1;VOL=1;COOL=1;EMA50=1;VWAP=1;BIAS=1,0.19,-1.00,24319.60,24319.60,stopped at the initial SL (x1.00 of usual)
377,2026.02.25 16:45:00,2026.02.25 19:15:00,ENTRY,XAUUSD,M15,126,SELL,FULLTGT,EVENING,0,5175.12,5193.80,5193.80,18.68,1.00,18.68,5156.44,5137.77,5119.09,5100.41,5081.73,0.06,0.06,0.06,5175.12,0.00,0.00,0.00,5181.57,5182.24,5180.44,5183.19,5182.95,0.193,9.34,19.90,42.15,44.31,-0.44,-0.03,-0.41,5179.26,5175.13,4467,2286,0.0,85.7,7,1,CROSS=EMA9<EMA21;TREND=1;STRUCT=1;VOL=1;COOL=1;EMA50=1;VWAP=1;BIAS=1,0.00,0.00,24319.39,24318.97,KZ=NY; KZR=London H @ 5182.09 53 bars ago (high taken); EVENING 4PM-12AM IST session: stop x1.00 of usual; no partials; full size to TP5; SL steps BE->TP1->TP2->TP3
378,2026.02.25 17:00:00,2026.02.25 19:30:00,FLIP,XAUUSD,M15,126,SELL,FULLTGT,EVENING,0,5175.12,5193.80,5193.80,18.68,1.00,18.68,5156.44,5137.77,5119.09,5100.41,5081.73,0.06,0.00,0.00,5191.42,0.00,-0.87,0.00,5183.54,5183.07,5180.87,5181.57,5182.24,0.224,9.85,18.93,57.43,57.96,0.36,0.13,0.22,5179.46,5191.40,3953,2387,85.7,0.0,5,1,CROSS=EMA9>EMA21;TREND=1;STRUCT=1;VOL=1;COOL=1;EMA50=1;VWAP=1;BIAS=1,0.01,-0.98,24319.39,24221.59,opposite signal before SL/target | SELL -> BUY | closing trade 126
379,2026.02.25 17:00:00,2026.02.25 19:30:00,EXIT_FLIP,XAUUSD,M15,126,SELL,FULLTGT,EVENING,0,5175.12,5193.80,5193.80,18.68,1.00,18.68,5156.44,5137.77,5119.09,5100.41,5081.73,0.06,0.06,0.00,5191.42,0.00,-0.87,0.00,5183.54,5183.07,5180.87,5181.57,5182.24,0.224,9.85,18.93,57.43,57.96,0.36,0.13,0.22,5179.46,5191.40,3953,2387,85.7,0.0,5,1,CROSS=EMA9>EMA21;TREND=1;STRUCT=1;VOL=1;COOL=1;EMA50=1;VWAP=1;BIAS=1,0.01,-0.98,24221.38,24221.38,FLIP exit
380,2026.02.25 17:00:00,2026.02.25 19:30:00,EXIT_OTHER,XAUUSD,M15,126,SELL,FULLTGT,EVENING,0,5175.12,5193.80,5193.80,18.68,1.00,18.68,5156.44,5137.77,5119.09,5100.41,5081.73,0.06,0.06,0.00,5191.42,0.00,-0.87,-98.22,5183.54,5183.07,5180.87,5181.57,5182.24,0.224,9.85,18.93,57.43,57.96,0.36,0.13,0.22,5179.46,5191.40,3953,2387,85.7,0.0,5,1,CROSS=EMA9>EMA21;TREND=1;STRUCT=1;VOL=1;COOL=1;EMA50=1;VWAP=1;BIAS=1,0.01,-0.98,24221.38,24221.38,FLIP exit
381,2026.02.25 17:00:00,2026.02.25 19:30:00,ENTRY,XAUUSD,M15,128,BUY,FULLTGT,EVENING,126,5191.42,5171.72,5171.72,19.70,1.00,19.70,5211.12,5230.81,5250.51,5270.21,5289.91,0.06,0.06,0.06,5191.42,0.00,0.00,0.00,5183.54,5183.07,5180.87,5181.57,5182.24,0.224,9.85,18.93,57.43,57.96,0.36,0.13,0.22,5179.46,5191.40,3953,2387,85.7,0.0,5,1,CROSS=EMA9>EMA21;TREND=1;STRUCT=1;VOL=1;COOL=1;EMA50=1;VWAP=1;BIAS=1,0.00,0.00,24221.17,24220.87,KZ=NY; KZR=London H @ 5182.09 54 bars ago (high taken); EVENING 4PM-12AM IST session: stop x1.00 of usual; no partials; full size to TP5; SL steps BE->TP1->TP2->TP3; flipped from trade 126
382,2026.02.25 18:46:31,2026.02.25 21:16:31,SL_MOVE,XAUUSD,M15,128,BUY,FULLTGT,EVENING,126,5191.42,5171.72,5191.42,19.70,1.00,19.70,5211.12,5230.81,5250.51,5270.21,5289.91,0.06,0.00,0.06,5191.42,1.00,0.00,0.00,5194.71,5189.33,5184.37,5191.48,5187.51,0.454,10.96,14.92,64.30,63.90,4.44,1.63,2.81,5181.46,5207.63,2815,2849,71.4,0.0,5,1,CROSS=EMA9>EMA21;TREND=1;STRUCT=1;VOL=1;COOL=1;EMA50=1;VWAP=1;BIAS=1,1.00,-0.95,24221.17,24339.61,stop to breakeven
383,2026.02.25 18:46:31,2026.02.25 21:16:31,TP1_REACHED,XAUUSD,M15,128,BUY,FULLTGT,EVENING,126,5191.42,5171.72,5191.42,19.70,1.00,19.70,5211.12,5230.81,5250.51,5270.21,5289.91,0.06,0.00,0.06,5211.12,1.00,1.00,0.00,5194.71,5189.33,5184.37,5191.48,5187.51,0.454,10.96,14.92,64.30,63.90,4.44,1.63,2.81,5181.46,5207.63,2815,2849,71.4,0.0,5,1,CROSS=EMA9>EMA21;TREND=1;STRUCT=1;VOL=1;COOL=1;EMA50=1;VWAP=1;BIAS=1,1.00,-0.95,24221.17,24339.61,full target: no partial booked
384,2026.02.25 22:16:17,2026.02.26 00:46:17,EXIT_BE,XAUUSD,M15,128,BUY,FULLTGT,DAY,126,5191.42,5171.72,5191.42,19.70,1.00,19.70,5211.12,5230.81,5250.51,5270.21,5289.91,0.06,0.06,0.00,5191.38,0.00,-0.00,-0.66,5203.09,5201.00,5193.66,5204.96,5201.54,0.784,9.37,37.23,46.43,39.09,3.46,5.55,-2.09,5185.51,5195.60,3063,2544,28.6,71.4,5,1,CROSS=EMA9>EMA21;TREND=1;STRUCT=1;VOL=1;COOL=1;EMA50=1;VWAP=1;BIAS=1,1.33,-0.95,24220.72,24220.72,stopped at breakeven
385,2026.02.25 22:45:00,2026.02.26 01:15:00,SKIP,XAUUSD,M15,128,FLAT,NA,DAY,126,0.00,0.00,0.00,0.00,1.00,0.00,0.00,0.00,0.00,0.00,0.00,0.00,0.00,0.00,0.00,0.00,0.00,0.00,5196.06,5198.00,5192.90,5199.70,5199.65,0.566,9.02,45.29,36.31,31.47,0.21,4.22,-4.01,5185.53,5181.49,3044,2483,0.0,100.0,5,1,CROSS=EMA9>EMA21;TREND=1;STRUCT=1;VOL=1;COOL=1;EMA50=1;VWAP=1;BIAS=1,0.00,0.00,24220.72,24220.72,outside the killzone window
386,2026.02.26 01:00:00,2026.02.26 03:30:00,DAY_SUMMARY,XAUUSD,M15,128,FLAT,NA,DAY,126,0.00,0.00,0.00,0.00,1.00,0.00,0.00,0.00,0.00,0.00,0.00,0.00,0.00,0.00,0.00,0.00,-1.89,-220.88,5175.10,5185.19,5187.63,5177.67,5187.22,-0.251,9.76,51.46,35.95,37.13,-7.82,-2.24,-5.58,5184.19,5164.84,1652,2365,0.0,85.7,5,1,CROSS=EMA9>EMA21;TREND=1;STRUCT=1;VOL=1;COOL=1;EMA50=1;VWAP=1;BIAS=1,0.00,0.00,24220.72,24220.72,2026.02.25 trades=5 W=0 L=5 gross_profit=0.00 gross_loss=220.88 net=-220.88 PF=0.00
387,2026.02.26 03:45:00,2026.02.26 06:15:00,SKIP,XAUUSD,M15,128,FLAT,NA,DAY,126,0.00,0.00,0.00,0.00,1.00,0.00,0.00,0.00,0.00,0.00,0.00,0.00,0.00,0.00,0.00,0.00,0.00,0.00,5182.33,5182.18,5184.66,5180.52,5181.44,-0.179,13.87,32.79,54.31,56.62,-1.44,-5.03,3.60,5178.89,5189.58,3055,2703,100.0,0.0,5,1,CROSS=EMA9>EMA21;TREND=1;STRUCT=1;VOL=1;COOL=1;EMA50=1;VWAP=1;BIAS=1,0.00,0.00,24220.72,24220.72,already positioned that way
388,2026.02.26 04:45:00,2026.02.26 07:15:00,ENTRY,XAUUSD,M15,130,SELL,FULLTGT,DAY,0,5176.20,5204.09,5204.09,27.89,1.00,27.89,5148.31,5120.42,5092.53,5064.65,5036.76,0.04,0.04,0.04,5176.20,0.00,0.00,0.00,5181.92,5182.24,5184.37,5183.35,5182.84,-0.153,13.94,27.14,45.20,42.07,-1.10,-1.96,0.86,5180.42,5176.20,3259,2609,14.3,85.7,5,1,CROSS=EMA9<EMA21;TREND=1;STRUCT=1;VOL=1;COOL=1;EMA50=1;VWAP=1;BIAS=1,0.00,0.00,24220.58,24220.38,KZ=ASIA; KZR=London H @ 5197.19 46 bars ago (high taken); DAY 12AM-4PM IST session: stop x1.00 of usual; no partials; full size to TP5; SL steps BE->TP1->TP2->TP3
389,2026.02.26 05:15:00,2026.02.26 07:45:00,FLIP,XAUUSD,M15,130,SELL,FULLTGT,DAY,0,5176.20,5204.09,5204.09,27.89,1.00,27.89,5148.31,5120.42,5092.53,5064.65,5036.76,0.04,0.00,0.00,5187.31,0.00,-0.40,0.00,5183.38,5182.87,5184.49,5182.42,5182.44,-0.131,12.35,22.26,52.76,54.18,-0.34,-1.14,0.81,5180.81,5187.24,2201,2489,71.4,0.0,5,1,CROSS=EMA9>EMA21;TREND=1;STRUCT=1;VOL=1;COOL=1;EMA50=1;VWAP=1;BIAS=1,0.00,-0.43,24220.58,24176.14,opposite signal before SL/target | SELL -> BUY | closing trade 130
390,2026.02.26 05:15:00,2026.02.26 07:45:00,EXIT_FLIP,XAUUSD,M15,130,SELL,FULLTGT,DAY,0,5176.20,5204.09,5204.09,27.89,1.00,27.89,5148.31,5120.42,5092.53,5064.65,5036.76,0.04,0.04,0.00,5187.31,0.00,-0.40,0.00,5183.38,5182.87,5184.49,5182.42,5182.44,-0.131,12.35,22.26,52.76,54.18,-0.34,-1.14,0.81,5180.81,5187.24,2201,2489,71.4,0.0,5,1,CROSS=EMA9>EMA21;TREND=1;STRUCT=1;VOL=1;COOL=1;EMA50=1;VWAP=1;BIAS=1,0.00,-0.43,24176.00,24176.00,FLIP exit
391,2026.02.26 05:15:00,2026.02.26 07:45:00,EXIT_OTHER,XAUUSD,M15,130,SELL,FULLTGT,DAY,0,5176.20,5204.09,5204.09,27.89,1.00,27.89,5148.31,5120.42,5092.53,5064.65,5036.76,0.04,0.04,0.00,5187.31,0.00,-0.40,-44.72,5183.38,5182.87,5184.49,5182.42,5182.44,-0.131,12.35,22.26,52.76,54.18,-0.34,-1.14,0.81,5180.81,5187.24,2201,2489,71.4,0.0,5,1,CROSS=EMA9>EMA21;TREND=1;STRUCT=1;VOL=1;COOL=1;EMA50=1;VWAP=1;BIAS=1,0.00,-0.43,24176.00,24176.00,FLIP exit
392,2026.02.26 05:15:00,2026.02.26 07:45:00,ENTRY,XAUUSD,M15,132,BUY,FULLTGT,DAY,130,5187.31,5162.62,5162.62,24.69,1.00,24.69,5212.00,5236.70,5261.39,5286.08,5310.78,0.04,0.04,0.04,5187.31,0.00,0.00,0.00,5183.38,5182.87,5184.49,5182.42,5182.44,-0.131,12.35,22.26,52.76,54.18,-0.34,-1.14,0.81,5180.81,5187.24,2201,2489,71.4,0.0,5,1,CROSS=EMA9>EMA21;TREND=1;STRUCT=1;VOL=1;COOL=1;EMA50=1;VWAP=1;BIAS=1,0.00,0.00,24175.86,24175.66,KZ=ASIA; KZR=London H @ 5197.19 48 bars ago (high taken); DAY 12AM-4PM IST session: stop x1.00 of usual; no partials; full size to TP5; SL steps BE->TP1->TP2->TP3; flipped from trade 130
393,2026.02.26 09:45:00,2026.02.26 12:15:00,SKIP,XAUUSD,M15,132,BUY,FULLTGT,DAY,130,5187.31,5162.62,5162.62,24.69,1.00,24.69,5212.00,5236.70,5261.39,5286.08,5310.78,0.04,0.00,0.00,0.00,0.00,0.00,0.00,5191.00,5191.04,5189.03,5192.12,5191.49,0.284,7.07,28.19,45.57,40.89,0.89,3.01,-2.12,5186.38,5186.52,1659,1926,14.3,71.4,5,1,CROSS=EMA9<EMA21;TREND=1;STRUCT=1;VOL=1;COOL=1;EMA50=1;VWAP=0;BIAS=1,0.74,-0.21,24175.86,24172.70,quality filter
394,2026.02.26 13:54:37,2026.02.26 16:24:37,EXIT_SL,XAUUSD,M15,132,BUY,FULLTGT,EVENING,130,5187.31,5162.62,5162.62,24.69,1.00,24.69,5212.00,5236.70,5261.39,5286.08,5310.78,0.04,0.04,0.00,5162.58,0.00,-1.00,-99.20,5176.67,5180.81,5184.19,5177.19,5181.42,-0.408,8.32,35.86,42.24,40.04,-3.89,-2.85,-1.04,5184.20,5174.62,1368,2053,0.0,85.7,5,1,CROSS=EMA9<EMA21;TREND=1;STRUCT=1;VOL=1;COOL=1;EMA50=1;VWAP=0;BIAS=1,0.74,-1.00,24076.80,24076.80,stopped at the initial SL (x1.00 of usual)
395,2026.02.26 18:45:00,2026.02.26 21:15:00,SKIP,XAUUSD,M15,132,FLAT,NA,EVENING,130,0.00,0.00,0.00,0.00,1.00,0.00,0.00,0.00,0.00,0.00,0.00,0.00,0.00,0.00,0.00,0.00,0.00,0.00,5175.19,5174.13,5177.71,5173.16,5173.21,-0.247,14.46,25.13,54.52,58.27,-0.44,-3.37,2.93,5178.99,5183.32,3446,3387,100.0,0.0,7,1,CROSS=EMA9<EMA21;TREND=1;STRUCT=1;VOL=1;COOL=1;EMA50=1;VWAP=0;BIAS=1,0.00,0.00,24076.80,24076.80,outside the killzone window
396,2026.02.26 20:00:00,2026.02.26 22:30:00,SKIP,XAUUSD,M15,132,FLAT,NA,EVENING,130,0.00,0.00,0.00,0.00,1.00,0.00,0.00,0.00,0.00,0.00,0.00,0.00,0.00,0.00,0.00,0.00,0.00,0.00,5174.28,5174.31,5177.21,5176.03,5175.02,-0.202,14.29,23.91,45.23,39.92,-0.50,-0.77,0.27,5178.79,5167.27,3293,3617,14.3,57.1,5,1,CROSS=EMA9<EMA21;TREND=1;STRUCT=1;VOL=1;COOL=1;EMA50=1;VWAP=0;BIAS=1,0.00,0.00,24076.80,24076.80,outside the killzone window
397,2026.02.26 20:30:00,2026.02.26 23:00:00,SKIP,XAUUSD,M15,132,FLAT,NA,EVENING,130,0.00,0.00,0.00,0.00,1.00,0.00,0.00,0.00,0.00,0.00,0.00,0.00,0.00,0.00,0.00,0.00,0.00,0.00,5174.67,5174.47,5177.05,5174.06,5174.21,-0.186,13.85,24.03,51.45,53.86,-0.26,-0.26,-0.00,5178.62,5177.09,2944,3606,42.9,28.6,5,1,CROSS=EMA9<EMA21;TREND=1;STRUCT=1;VOL=1;COOL=1;EMA50=1;VWAP=0;BIAS=1,0.00,0.00,24076.80,24076.80,outside the killzone window
398,2026.02.27 01:00:00,2026.02.27 03:30:00,DAY_SUMMARY,XAUUSD,M15,132,FLAT,NA,DAY,130,0.00,0.00,0.00,0.00,1.00,0.00,0.00,0.00,0.00,0.00,0.00,0.00,0.00,0.00,0.00,0.00,-1.40,-143.92,5189.55,5186.01,5182.50,5190.68,5186.11,0.388,9.04,25.54,50.29,43.45,3.94,4.50,-0.56,5179.93,5185.00,841,2428,42.9,42.9,5,1,CROSS=EMA9<EMA21;TREND=1;STRUCT=1;VOL=1;COOL=1;EMA50=1;VWAP=0;BIAS=1,0.00,0.00,24076.80,24076.80,2026.02.26 trades=2 W=0 L=2 gross_profit=0.00 gross_loss=143.92 net=-143.92 PF=0.00
399,2026.02.27 02:45:00,2026.02.27 05:15:00,ENTRY,XAUUSD,M15,134,SELL,FULLTGT,DAY,0,5175.10,5193.64,5193.64,18.54,1.00,18.54,5156.56,5138.02,5119.48,5100.94,5082.40,0.06,0.06,0.06,5175.10,0.00,0.00,0.00,5184.62,5184.93,5182.86,5186.91,5185.87,0.223,9.27,23.99,41.91,37.53,0.74,2.59,-1.85,5183.88,5175.46,2401,1919,0.0,85.7,5,1,CROSS=EMA9<EMA21;TREND=1;STRUCT=1;VOL=1;COOL=1;EMA50=1;VWAP=1;BIAS=1,0.00,0.00,24076.59,24076.29,KZ=ASIA; KZR=London H @ 5197.19 134 bars ago (high taken); DAY 12AM-4PM IST session: stop x1.00 of usual; no partials; full size to TP5; SL steps BE->TP1->TP2->TP3
400,2026.02.27 03:52:40,2026.02.27 06:22:40,EXIT_SL,XAUUSD,M15,134,SELL,FULLTGT,DAY,0,5175.10,5193.64,5193.64,18.54,1.00,18.54,5156.56,5138.02,5119.48,5100.94,5082.40,0.06,0.06,0.00,5193.66,0.00,-1.00,-111.78,5181.83,5183.12,5182.28,5180.17,5182.59,0.091,9.21,21.43,54.85,58.57,-0.57,0.68,-1.26,5180.83,5188.44,2892,1997,57.1,28.6,5,1,CROSS=EMA9<EMA21;TREND=1;STRUCT=1;VOL=1;COOL=1;EMA50=1;VWAP=1;BIAS=1,0.44,-1.00,23965.02,23965.02,stopped at the initial SL (x1.00 of usual)
401,2026.02.27 04:00:00,2026.02.27 06:30:00,ENTRY,XAUUSD,M15,136,BUY,FULLTGT,DAY,0,5194.11,5175.71,5175.71,18.40,1.00,18.40,5212.51,5230.91,5249.31,5267.71,5286.11,0.06,0.06,0.06,5194.11,0.00,0.00,0.00,5184.27,5184.11,5182.74,5181.83,5183.12,0.149,9.20,21.52,58.96,64.44,0.40,0.46,-0.06,5182.08,5194.06,2873,2022,71.4,14.3,6,1,CROSS=EMA9>EMA21;TREND=1;STRUCT=1;VOL=1;COOL=1;EMA50=1;VWAP=1;BIAS=1,0.00,0.00,23964.81,23964.45,KZ=ASIA; KZR=London H @ 5197.19 139 bars ago (high taken); DAY 12AM-4PM IST session: stop x1.00 of usual; no partials; full size to TP5; SL steps BE->TP1->TP2->TP3
402,2026.02.27 04:38:36,2026.02.27 07:08:36,EXIT_SL,XAUUSD,M15,136,BUY,FULLTGT,DAY,0,5194.11,5175.71,5175.71,18.40,1.00,18.40,5212.51,5230.91,5249.31,5267.71,5286.11,0.06,0.06,0.00,5175.70,0.00,-1.00,-110.88,5185.97,5185.01,5183.26,5186.35,5185.07,0.191,9.21,22.06,49.89,46.64,1.00,0.28,0.72,5183.91,5184.42,2371,2058,42.9,42.9,5,1,CROSS=EMA9>EMA21;TREND=1;STRUCT=1;VOL=1;COOL=1;EMA50=1;VWAP=1;BIAS=1,0.30,-1.00,23854.14,23854.14,stopped at the initial SL (x1.00 of usual)
403,2026.02.27 05:15:00,2026.02.27 07:45:00,ENTRY,XAUUSD,M15,138,SELL,FULLTGT,DAY,0,5182.80,5201.26,5201.26,18.46,1.00,18.46,5164.34,5145.89,5127.43,5108.97,5090.51,0.06,0.06,0.06,5182.80,0.00,0.00,0.00,5184.38,5184.43,5183.19,5184.77,5184.59,0.135,9.23,18.33,48.71,48.06,0.25,0.15,0.09,5183.38,5182.81,2396,2118,14.3,71.4,5,1,CROSS=EMA9<EMA21;TREND=1;STRUCT=1;VOL=1;COOL=1;EMA50=1;VWAP=1;BIAS=1,0.00,0.00,23853.93,23853.63,KZ=ASIA; KZR=London H @ 5197.19 144 bars ago (high taken); DAY 12AM-4PM IST session: stop x1.00 of usual; no partials; full size to TP5; SL steps BE->TP1->TP2->TP3
404,2026.02.27 05:30:00,2026.02.27 08:00:00,FLIP,XAUUSD,M15,138,SELL,FULLTGT,DAY,0,5182.80,5201.26,5201.26,18.46,1.00,18.46,5164.34,5145.89,5127.43,5108.97,5090.51,0.06,0.00,0.00,5186.93,0.00,-0.22,0.00,5184.91,5184.66,5183.34,5184.38,5184.43,0.142,9.34,17.06,52.51,54.98,0.43,0.28,0.16,5183.51,5187.02,2548,2183,85.7,0.0,5,1,CROSS=EMA9>EMA21;TREND=1;STRUCT=1;VOL=1;COOL=1;EMA50=1;VWAP=1;BIAS=1,0.06,-0.29,23853.93,23829.15,opposite signal before SL/target | SELL -> BUY | closing trade 138
405,2026.02.27 05:30:00,2026.02.27 08:00:00,EXIT_FLIP,XAUUSD,M15,138,SELL,FULLTGT,DAY,0,5182.80,5201.26,5201.26,18.46,1.00,18.46,5164.34,5145.89,5127.43,5108.97,5090.51,0.06,0.06,0.00,5186.93,0.00,-0.22,0.00,5184.91,5184.66,5183.34,5184.38,5184.43,0.142,9.34,17.06,52.51,54.98,0.43,0.28,0.16,5183.51,5187.02,2548,2183,85.7,0.0,5,1,CROSS=EMA9>EMA21;TREND=1;STRUCT=1;VOL=1;COOL=1;EMA50=1;VWAP=1;BIAS=1,0.06,-0.29,23828.94,23828.94,FLIP exit
406,2026.02.27 05:30:00,2026.02.27 08:00:00,EXIT_OTHER,XAUUSD,M15,138,SELL,FULLTGT,DAY,0,5182.80,5201.26,5201.26,18.46,1.00,18.46,5164.34,5145.89,5127.43,5108.97,5090.51,0.06,0.06,0.00,5186.93,0.00,-0.22,-25.20,5184.91,5184.66,5183.34,5184.38,5184.43,0.142,9.34,17.06,52.51,54.98,0.43,0.28,0.16,5183.51,5187.02,2548,2183,85.7,0.0,5,1,CROSS=EMA9>EMA21;TREND=1;STRUCT=1;VOL=1;COOL=1;EMA50=1;VWAP=1;BIAS=1,0.06,-0.29,23828.94,23828.94,FLIP exit
407,2026.02.27 05:30:00,2026.02.27 08:00:00,ENTRY,XAUUSD,M15,140,BUY,FULLTGT,DAY,138,5186.93,5168.25,5168.25,18.68,1.00,18.68,5205.61,5224.30,5242.98,5261.67,5280.35,0.06,0.06,0.06,5186.93,0.00,0.00,0.00,5184.91,5184.66,5183.34,5184.38,5184.43,0.142,9.34,17.06,52.51,54.98,0.43,0.28,0.16,5183.51,5187.02,2548,2183,85.7,0.0,5,1,CROSS=EMA9>EMA21;TREND=1;STRUCT=1;VOL=1;COOL=1;EMA50=1;VWAP=1;BIAS=1,0.00,0.00,23828.73,23828.43,KZ=ASIA; KZR=London H @ 5197.19 145 bars ago (high taken); DAY 12AM-4PM IST session: stop x1.00 of usual; no partials; full size to TP5; SL steps BE->TP1->TP2->TP3; flipped from trade 138
408,2026.02.27 09:30:00,2026.02.27 12:00:00,FLIP,XAUUSD,M15,140,BUY,FULLTGT,DAY,0,5186.93,5168.25,5168.25,18.68,1.00,18.68,5205.61,5224.30,5242.98,5261.67,5280.35,0.06,0.00,0.00,5178.74,0.00,-0.44,0.00,5186.78,5187.39,5185.73,5188.79,5188.25,0.228,7.26,24.90,41.24,36.38,0.18,1.82,-1.65,5186.03,5178.72,2479,2110,0.0,85.7,5,1,CROSS=EMA9<EMA21;TREND=1;STRUCT=1;VOL=1;COOL=1;EMA50=1;VWAP=1;BIAS=1,0.73,-0.50,23828.73,23779.59,opposite signal before SL/target | BUY -> SELL | closing trade 140
409,2026.02.27 09:30:00,2026.02.27 12:00:00,EXIT_FLIP,XAUUSD,M15,140,BUY,FULLTGT,DAY,0,5186.93,5168.25,5168.25,18.68,1.00,18.68,5205.61,5224.30,5242.98,5261.67,5280.35,0.06,0.06,0.00,5178.74,0.00,-0.44,0.00,5186.78,5187.39,5185.73,5188.79,5188.25,0.228,7.26,24.90,41.24,36.38,0.18,1.82,-1.65,5186.03,5178.72,2479,2110,0.0,85.7,5,1,CROSS=EMA9<EMA21;TREND=1;STRUCT=1;VOL=1;COOL=1;EMA50=1;VWAP=1;BIAS=1,0.73,-0.50,23779.38,23779.38,FLIP exit
410,2026.02.27 09:30:00,2026.02.27 12:00:00,EXIT_OTHER,XAUUSD,M15,140,BUY,FULLTGT,DAY,0,5186.93,5168.25,5168.25,18.68,1.00,18.68,5205.61,5224.30,5242.98,5261.67,5280.35,0.06,0.06,0.00,5178.74,0.00,-0.44,-49.56,5186.78,5187.39,5185.73,5188.79,5188.25,0.228,7.26,24.90,41.24,36.38,0.18,1.82,-1.65,5186.03,5178.72,2479,2110,0.0,85.7,5,1,CROSS=EMA9<EMA21;TREND=1;STRUCT=1;VOL=1;COOL=1;EMA50=1;VWAP=1;BIAS=1,0.73,-0.50,23779.38,23779.38,FLIP exit
411,2026.02.27 09:30:00,2026.02.27 12:00:00,ENTRY,XAUUSD,M15,142,SELL,FULLTGT,DAY,140,5178.74,5193.27,5193.27,14.53,1.00,14.53,5164.21,5149.69,5135.16,5120.64,5106.11,0.08,0.08,0.08,5178.74,0.00,0.00,0.00,5186.78,5187.39,5185.73,5188.79,5188.25,0.228,7.26,24.90,41.24,36.38,0.18,1.82,-1.65,5186.03,5178.72,2479,2110,0.0,85.7,5,1,CROSS=EMA9<EMA21;TREND=1;STRUCT=1;VOL=1;COOL=1;EMA50=1;VWAP=1;BIAS=1,0.00,0.00,23779.10,23778.70,KZ=LONDON; KZR=London H @ 5197.19 161 bars ago (high taken); DAY 12AM-4PM IST session: stop x1.00 of usual; no partials; full size to TP5; SL steps BE->TP1->TP2->TP3; flipped from trade 140
412,2026.02.27 14:30:00,2026.02.27 17:00:00,FLIP,XAUUSD,M15,142,SELL,FULLTGT,EVENING,0,5178.74,5193.27,5193.27,14.53,1.00,14.53,5164.21,5149.69,5135.16,5120.64,5106.11,0.08,0.00,0.00,5187.01,0.00,-0.57,0.00,5181.49,5180.87,5182.09,5180.15,5180.27,-0.196,6.23,28.11,58.38,62.98,-0.24,-2.09,1.85,5183.74,5186.87,1609,1727,85.7,0.0,8,1,CROSS=EMA9>EMA21;TREND=1;STRUCT=1;VOL=1;COOL=1;EMA50=1;VWAP=1;BIAS=1,0.69,-0.82,23779.10,23712.94,opposite signal before SL/target | SELL -> BUY | closing trade 142
413,2026.02.27 14:30:00,2026.02.27 17:00:00,EXIT_FLIP,XAUUSD,M15,142,SELL,FULLTGT,EVENING,0,5178.74,5193.27,5193.27,14.53,1.00,14.53,5164.21,5149.69,5135.16,5120.64,5106.11,0.08,0.08,0.00,5187.01,0.00,-0.57,0.00,5181.49,5180.87,5182.09,5180.15,5180.27,-0.196,6.23,28.11,58.38,62.98,-0.24,-2.09,1.85,5183.74,5186.87,1609,1727,85.7,0.0,8,1,CROSS=EMA9>EMA21;TREND=1;STRUCT=1;VOL=1;COOL=1;EMA50=1;VWAP=1;BIAS=1,0.69,-0.82,23712.66,23712.66,FLIP exit
414,2026.02.27 14:30:00,2026.02.27 17:00:00,EXIT_OTHER,XAUUSD,M15,142,SELL,FULLTGT,EVENING,0,5178.74,5193.27,5193.27,14.53,1.00,14.53,5164.21,5149.69,5135.16,5120.64,5106.11,0.08,0.08,0.00,5187.01,0.00,-0.57,-66.72,5181.49,5180.87,5182.09,5180.15,5180.27,-0.196,6.23,28.11,58.38,62.98,-0.24,-2.09,1.85,5183.74,5186.87,1609,1727,85.7,0.0,8,1,CROSS=EMA9>EMA21;TREND=1;STRUCT=1;VOL=1;COOL=1;EMA50=1;VWAP=1;BIAS=1,0.69,-0.82,23712.66,23712.66,FLIP exit
415,2026.02.27 14:30:00,2026.02.27 17:00:00,ENTRY,XAUUSD,M15,144,BUY,FULLTGT,EVENING,142,5187.01,5174.55,5174.55,12.46,1.00,12.46,5199.47,5211.94,5224.40,5236.87,5249.33,0.09,0.09,0.09,5187.01,0.00,0.00,0.00,5181.49,5180.87,5182.09,5180.15,5180.27,-0.196,6.23,28.11,58.38,62.98,-0.24,-2.09,1.85,5183.74,5186.87,1609,1727,85.7,0.0,8,1,CROSS=EMA9>EMA21;TREND=1;STRUCT=1;VOL=1;COOL=1;EMA50=1;VWAP=1;BIAS=1,0.00,0.00,23712.34,23711.62,KZ=NY; KZR=London H @ 5197.19 181 bars ago (high taken); EVENING 4PM-12AM IST session: stop x1.00 of usual; no partials; full size to TP5; SL steps BE->TP1->TP2->TP3; flipped from trade 142
416,2026.02.27 15:07:19,2026.02.27 17:37:19,SL_MOVE,XAUUSD,M15,144,BUY,FULLTGT,EVENING,142,5187.01,5174.55,5187.01,12.46,1.00,12.46,5199.47,5211.94,5224.40,5236.87,5249.33,0.09,0.00,0.09,5187.01,1.00,0.00,0.00,5183.27,5181.82,5182.42,5182.19,5181.25,-0.100,6.00,26.58,58.52,74.10,0.58,-1.37,1.95,5183.81,5187.56,1541,1697,85.7,0.0,12,1,CROSS=EMA9>EMA21;TREND=1;STRUCT=1;VOL=1;COOL=1;EMA50=1;VWAP=1;BIAS=1,0.99,-0.32,23712.34,23824.93,stop to breakeven
417,2026.02.27 15:07:19,2026.02.27 17:37:19,TP1_REACHED,XAUUSD,M15,144,BUY,FULLTGT,EVENING,142,5187.01,5174.55,5187.01,12.46,1.00,12.46,5199.47,5211.94,5224.40,5236.87,5249.33,0.09,0.00,0.09,5199.47,1.00,1.00,0.00,5183.27,5181.82,5182.42,5182.19,5181.25,-0.100,6.00,26.58,58.52,74.10,0.58,-1.37,1.95,5183.81,5187.56,1541,1697,85.7,0.0,12,1,CROSS=EMA9>EMA21;TREND=1;STRUCT=1;VOL=1;COOL=1;EMA50=1;VWAP=1;BIAS=1,0.99,-0.32,23712.34,23824.93,full target: no partial booked
418,2026.02.27 15:08:31,2026.02.27 17:38:31,SL_MOVE,XAUUSD,M15,144,BUY,FULLTGT,EVENING,142,5187.01,5174.55,5199.47,12.46,1.00,12.46,5199.47,5211.94,5224.40,5236.87,5249.33,0.09,0.00,0.09,5199.47,2.00,0.00,0.00,5183.27,5181.82,5182.42,5182.19,5181.25,-0.100,6.00,26.58,58.52,74.10,0.58,-1.37,1.95,5183.81,5187.56,1541,1697,85.7,0.0,12,1,CROSS=EMA9>EMA21;TREND=1;STRUCT=1;VOL=1;COOL=1;EMA50=1;VWAP=1;BIAS=1,1.99,-0.32,23712.34,23936.80,stop trailed to TP1
419,2026.02.27 15:08:31,2026.02.27 17:38:31,TP2_REACHED,XAUUSD,M15,144,BUY,FULLTGT,EVENING,142,5187.01,5174.55,5199.47,12.46,1.00,12.46,5199.47,5211.94,5224.40,5236.87,5249.33,0.09,0.00,0.09,5211.94,2.00,2.00,0.00,5183.27,5181.82,5182.42,5182.19,5181.25,-0.100,6.00,26.58,58.52,74.10,0.58,-1.37,1.95,5183.81,5187.56,1541,1697,85.7,0.0,12,1,CROSS=EMA9>EMA21;TREND=1;STRUCT=1;VOL=1;COOL=1;EMA50=1;VWAP=1;BIAS=1,1.99,-0.32,23712.34,23936.80,full target: no partial booked
420,2026.02.27 15:20:55,2026.02.27 17:50:55,SL_MOVE,XAUUSD,M15,144,BUY,FULLTGT,EVENING,142,5187.01,5174.55,5211.94,12.46,1.00,12.46,5199.47,5211.94,5224.40,5236.87,5249.33,0.09,0.00,0.09,5211.94,3.00,0.00,0.00,5189.21,5184.65,5183.62,5183.27,5181.82,0.148,7.00,28.65,76.54,87.22,2.97,-0.75,3.72,5184.59,5213.01,4235,1802,100.0,0.0,10,1,CROSS=EMA9>EMA21;TREND=1;STRUCT=1;VOL=1;COOL=1;EMA50=1;VWAP=1;BIAS=1,3.00,-0.32,23712.34,24048.94,stop trailed to TP2
421,2026.02.27 15:20:55,2026.02.27 17:50:55,TP3_REACHED,XAUUSD,M15,144,BUY,FULLTGT,EVENING,142,5187.01,5174.55,5211.94,12.46,1.00,12.46,5199.47,5211.94,5224.40,5236.87,5249.33,0.09,0.00,0.09,5224.40,3.00,3.00,0.00,5189.21,5184.65,5183.62,5183.27,5181.82,0.148,7.00,28.65,76.54,87.22,2.97,-0.75,3.72,5184.59,5213.01,4235,1802,100.0,0.0,10,1,CROSS=EMA9>EMA21;TREND=1;STRUCT=1;VOL=1;COOL=1;EMA50=1;VWAP=1;BIAS=1,3.00,-0.32,23712.34,24048.94,full target: no partial booked
422,2026.02.27 15:24:41,2026.02.27 17:54:41,SL_MOVE,XAUUSD,M15,144,BUY,FULLTGT,EVENING,142,5187.01,5174.55,5224.40,12.46,1.00,12.46,5199.47,5211.94,5224.40,5236.87,5249.33,0.09,0.00,0.09,5224.40,4.00,0.00,0.00,5189.21,5184.65,5183.62,5183.27,5181.82,0.148,7.00,28.65,76.54,87.22,2.97,-0.75,3.72,5184.59,5213.01,4235,1802,100.0,0.0,10,1,CROSS=EMA9>EMA21;TREND=1;STRUCT=1;VOL=1;COOL=1;EMA50=1;VWAP=1;BIAS=1,4.00,-0.32,23712.34,24161.44,stop trailed to TP3
423,2026.02.27 15:24:41,2026.02.27 17:54:41,TP4_REACHED,XAUUSD,M15,144,BUY,FULLTGT,EVENING,142,5187.01,5174.55,5224.40,12.46,1.00,12.46,5199.47,5211.94,5224.40,5236.87,5249.33,0.09,0.00,0.09,5236.87,4.00,4.00,0.00,5189.21,5184.65,5183.62,5183.27,5181.82,0.148,7.00,28.65,76.54,87.22,2.97,-0.75,3.72,5184.59,5213.01,4235,1802,100.0,0.0,10,1,CROSS=EMA9>EMA21;TREND=1;STRUCT=1;VOL=1;COOL=1;EMA50=1;VWAP=1;BIAS=1,4.00,-0.32,23712.34,24161.44,full target: no partial booked
424,2026.02.27 15:30:39,2026.02.27 18:00:39,EXIT_TRAIL_SL,XAUUSD,M15,144,BUY,FULLTGT,EVENING,142,5187.01,5174.55,5224.40,12.46,1.00,12.46,5199.47,5211.94,5224.40,5236.87,5249.33,0.09,0.09,0.00,5224.33,0.00,2.99,335.24,5198.41,5189.25,5185.64,5189.21,5184.65,0.450,8.02,32.36,83.33,90.81,6.58,0.30,6.28,5186.26,5235.19,4447,1930,100.0,0.0,10,1,CROSS=EMA9>EMA21;TREND=1;STRUCT=1;VOL=1;COOL=1;EMA50=1;VWAP=1;BIAS=1,4.30,-0.32,24047.90,24047.90,stopped at a trailed level
425,2026.03.02 01:00:00,2026.03.02 03:30:00,DAY_SUMMARY,XAUUSD,M15,144,FLAT,NA,DAY,142,0.00,0.00,0.00,0.00,1.00,0.00,0.00,0.00,0.00,0.00,0.00,0.00,0.00,0.00,0.00,0.00,-0.24,-28.90,5263.60,5251.27,5231.28,5259.50,5248.40,2.291,8.72,47.31,76.99,79.18,12.96,10.86,2.11,5210.87,5280.00,1217,2645,85.7,0.0,5,1,CROSS=EMA9>EMA21;TREND=1;STRUCT=1;VOL=1;COOL=1;EMA50=1;VWAP=1;BIAS=1,0.00,0.00,24047.90,24047.90,2026.02.27 trades=6 W=1 L=5 gross_profit=335.24 gross_loss=364.14 net=-28.90 PF=0.92
426,2026.03.02 01:00:00,2026.03.02 03:30:00,WEEK_SUMMARY,XAUUSD,M15,144,FLAT,NA,DAY,142,0.00,0.00,0.00,0.00,1.00,0.00,0.00,0.00,0.00,0.00,0.00,0.00,0.00,0.00,0.00,0.00,-1.53,-177.85,5263.60,5251.27,5231.28,5259.50,5248.40,2.291,8.72,47.31,76.99,79.18,12.96,10.86,2.11,5210.87,5280.00,1217,2645,85.7,0.0,5,1,CROSS=EMA9>EMA21;TREND=1;STRUCT=1;VOL=1;COOL=1;EMA50=1;VWAP=1;BIAS=1,0.00,0.00,24047.90,24047.90,days=5 trades=16 W=2 L=14 gross_profit=552.02 gross_loss=729.87 net=-177.85 PF=0.76 pips=-5353.0
427,2026.03.02 01:00:00,2026.03.02 03:30:00,MONTH_SUMMARY,XAUUSD,M15,144,FLAT,NA,DAY,142,0.00,0.00,0.00,0.00,1.00,0.00,0.00,0.00,0.00,0.00,0.00,0.00,0.00,0.00,0.00,0.00,-11.80,-1308.91,5263.60,5251.27,5231.28,5259.50,5248.40,2.291,8.72,47.31,76.99,79.18,12.96,10.86,2.11,5210.87,5280.00,1217,2645,85.7,0.0,5,1,CROSS=EMA9>EMA21;TREND=1;STRUCT=1;VOL=1;COOL=1;EMA50=1;VWAP=1;BIAS=1,0.00,0.00,24047.90,24047.90,days=16 trades=43 W=5 L=38 gross_profit=890.29 gross_loss=2199.20 net=-1308.91 PF=0.40 pips=-39681.0
428,2026.03.02 16:15:00,2026.03.02 18:45:00,SKIP,XAUUSD,M15,144,FLAT,NA,EVENING,142,0.00,0.00,0.00,0.00,1.00,0.00,0.00,0.00,0.00,0.00,0.00,0.00,0.00,0.00,0.00,0.00,0.00,0.00,5389.94,5390.04,5371.89,5393.60,5391.52,1.195,15.20,15.30,42.83,37.99,2.23,4.41,-2.19,5373.29,5375.28,4126,2930,14.3,71.4,10,1,CROSS=EMA9<EMA21;TREND=1;STRUCT=1;VOL=1;COOL=1;EMA50=1;VWAP=0;BIAS=1,0.00,0.00,24047.90,24047.90,quality filter
429,2026.03.02 22:45:00,2026.03.03 01:15:00,SKIP,XAUUSD,M15,144,FLAT,NA,DAY,142,0.00,0.00,0.00,0.00,1.00,0.00,0.00,0.00,0.00,0.00,0.00,0.00,0.00,0.00,0.00,0.00,0.00,0.00,5328.86,5327.62,5338.11,5325.57,5326.18,-0.520,20.16,36.22,55.66,60.55,-3.43,-11.06,7.63,5353.60,5342.01,3349,3783,71.4,14.3,5,1,CROSS=EMA9<EMA21;TREND=1;STRUCT=1;VOL=1;COOL=1;EMA50=1;VWAP=0;BIAS=1,0.00,0.00,24047.90,24047.90,outside the killzone window
430,2026.03.03 08:00:00,2026.03.03 10:30:00,SKIP,XAUUSD,M15,144,FLAT,NA,DAY,142,0.00,0.00,0.00,0.00,1.00,0.00,0.00,0.00,0.00,0.00,0.00,0.00,0.00,0.00,0.00,0.00,0.00,0.00,5351.62,5354.47,5350.29,5359.74,5358.00,0.280,14.93,33.48,33.58,24.50,0.16,6.03,-5.86,5355.28,5319.11,4465,2885,0.0,100.0,5,1,CROSS=EMA9<EMA21;TREND=1;STRUCT=1;VOL=1;COOL=1;EMA50=1;VWAP=0;BIAS=1,0.00,0.00,24047.90,24047.90,outside the killzone window
431,2026.03.04 02:00:00,2026.03.04 04:30:00,SKIP,XAUUSD,M15,144,FLAT,NA,DAY,142,0.00,0.00,0.00,0.00,1.00,0.00,0.00,0.00,0.00,0.00,0.00,0.00,0.00,0.00,0.00,0.00,0.00,0.00,5114.04,5112.74,5142.87,5111.21,5111.47,-1.560,19.31,23.41,53.47,59.81,-3.13,-8.26,5.13,5118.92,5125.39,2112,3520,71.4,0.0,5,1,CROSS=EMA9>EMA21;TREND=1;STRUCT=1;VOL=1;COOL=1;EMA50=1;VWAP=1;BIAS=1,0.00,0.00,24047.90,24047.90,already positioned that way
432,2026.03.04 08:30:00,2026.03.04 11:00:00,SKIP,XAUUSD,M15,144,FLAT,NA,DAY,142,0.00,0.00,0.00,0.00,1.00,0.00,0.00,0.00,0.00,0.00,0.00,0.00,0.00,0.00,0.00,0.00,0.00,0.00,5152.91,5153.66,5152.70,5157.49,5155.56,0.054,17.57,25.88,41.55,33.59,2.44,8.00,-5.57,5152.60,5134.60,3720,3382,0.0,100.0,5,1,CROSS=EMA9>EMA21;TREND=1;STRUCT=1;VOL=1;COOL=1;EMA50=1;VWAP=1;BIAS=1,0.00,0.00,24047.90,24047.90,outside the killzone window
433,2026.03.04 09:15:00,2026.03.04 11:45:00,SKIP,XAUUSD,M15,144,FLAT,NA,DAY,142,0.00,0.00,0.00,0.00,1.00,0.00,0.00,0.00,0.00,0.00,0.00,0.00,0.00,0.00,0.00,0.00,0.00,0.00,5156.61,5155.16,5153.46,5153.82,5153.90,0.098,17.35,24.12,56.56,58.40,3.10,5.04,-1.94,5152.95,5167.74,3412,3288,71.4,14.3,5,1,CROSS=EMA9>EMA21;TREND=1;STRUCT=1;VOL=1;COOL=1;EMA50=1;VWAP=1;BIAS=1,0.00,0.00,24047.90,24047.90,already positioned that way
434,2026.03.04 16:15:00,2026.03.04 18:45:00,SKIP,XAUUSD,M15,144,FLAT,NA,EVENING,142,0.00,0.00,0.00,0.00,1.00,0.00,0.00,0.00,0.00,0.00,0.00,0.00,0.00,0.00,0.00,0.00,0.00,0.00,5179.09,5179.45,5171.89,5182.57,5180.88,0.517,14.64,18.21,43.86,37.53,2.04,5.73,-3.69,5164.18,5165.14,3820,2955,14.3,71.4,10,1,CROSS=EMA9<EMA21;TREND=1;STRUCT=1;VOL=1;COOL=1;EMA50=1;VWAP=0;BIAS=1,0.00,0.00,24047.90,24047.90,quality filter
435,2026.03.05 01:30:00,2026.03.05 04:00:00,SKIP,XAUUSD,M15,144,FLAT,NA,DAY,142,0.00,0.00,0.00,0.00,1.00,0.00,0.00,0.00,0.00,0.00,0.00,0.00,0.00,0.00,0.00,0.00,0.00,0.00,5142.66,5141.59,5148.50,5139.66,5140.28,-0.533,12.96,16.91,56.93,62.58,-1.30,-4.80,3.50,5150.57,5154.67,1581,2644,71.4,0.0,5,1,CROSS=EMA9<EMA21;TREND=1;STRUCT=1;VOL=1;COOL=1;EMA50=1;VWAP=0;BIAS=1,0.00,0.00,24047.90,24047.90,outside the killzone window
436,2026.03.05 08:00:00,2026.03.05 10:30:00,SKIP,XAUUSD,M15,144,FLAT,NA,DAY,142,0.00,0.00,0.00,0.00,1.00,0.00,0.00,0.00,0.00,0.00,0.00,0.00,0.00,0.00,0.00,0.00,0.00,0.00,5169.47,5171.13,5165.58,5174.68,5173.38,0.496,11.19,38.37,36.26,21.86,1.09,6.08,-4.99,5174.04,5148.64,3145,2483,0.0,100.0,5,1,CROSS=EMA9<EMA21;TREND=1;STRUCT=1;VOL=1;COOL=1;EMA50=1;VWAP=0;BIAS=1,0.00,0.00,24047.90,24047.90,outside the killzone window
437,2026.03.05 11:30:00,2026.03.05 14:00:00,SKIP,XAUUSD,M15,144,FLAT,NA,DAY,142,0.00,0.00,0.00,0.00,1.00,0.00,0.00,0.00,0.00,0.00,0.00,0.00,0.00,0.00,0.00,0.00,0.00,0.00,5163.78,5163.21,5162.69,5162.31,5162.56,0.037,13.87,24.37,52.90,55.86,-0.26,-2.55,2.29,5166.82,5169.69,3511,2842,71.4,14.3,5,1,CROSS=EMA9>EMA21;TREND=1;STRUCT=1;VOL=1;COOL=1;EMA50=1;VWAP=1;BIAS=1,0.00,0.00,24047.90,24047.90,already positioned that way
438,2026.03.05 12:15:00,2026.03.05 14:45:00,ENTRY,XAUUSD,M15,146,SELL,FULLTGT,DAY,0,5154.38,5183.35,5183.35,28.97,1.00,28.97,5125.41,5096.45,5067.48,5038.52,5009.55,0.04,0.04,0.04,5154.38,0.00,0.00,0.00,5161.34,5162.20,5162.31,5163.07,5162.97,-0.008,14.48,19.70,45.98,44.25,-1.04,-1.96,0.92,5166.27,5154.42,2690,3003,14.3,57.1,5,1,CROSS=EMA9<EMA21;TREND=1;STRUCT=1;VOL=1;COOL=1;EMA50=1;VWAP=1;BIAS=1,0.00,0.00,24047.76,24047.56,KZ=LONDON; KZR=London L @ 5147.90 77 bars ago (low taken); DAY 12AM-4PM IST session: stop x1.00 of usual; no partials; full size to TP5; SL steps BE->TP1->TP2->TP3
439,2026.03.05 14:00:00,2026.03.05 16:30:00,SKIP,XAUUSD,M15,146,SELL,FULLTGT,EVENING,0,5154.38,5183.35,5183.35,28.97,1.00,28.97,5125.41,5096.45,5067.48,5038.52,5009.55,0.04,0.00,0.00,0.00,0.00,0.00,0.00,5162.10,5162.06,5162.16,5161.65,5161.87,-0.009,11.43,15.58,51.16,53.91,-0.29,-0.83,0.54,5165.64,5163.92,1815,2637,57.1,14.3,5,1,CROSS=EMA9>EMA21;TREND=1;STRUCT=1;VOL=1;COOL=1;EMA50=1;VWAP=0;BIAS=1,0.23,-0.47,24047.76,24009.16,quality filter
440,2026.03.05 15:15:00,2026.03.05 17:45:00,SKIP,XAUUSD,M15,146,SELL,FULLTGT,EVENING,0,5154.38,5183.35,5183.35,28.97,1.00,28.97,5125.41,5096.45,5067.48,5038.52,5009.55,0.04,0.00,0.00,0.00,0.00,0.00,0.00,5161.52,5161.98,5162.16,5162.94,5162.60,-0.016,11.09,13.37,45.16,43.25,-0.44,-0.19,-0.25,5165.34,5155.86,3826,2538,0.0,85.7,5,1,CROSS=EMA9<EMA21;TREND=1;STRUCT=1;VOL=1;COOL=1;EMA50=1;VWAP=1;BIAS=1,0.27,-0.60,24047.76,24041.84,already positioned that way
441,2026.03.05 15:20:34,2026.03.05 17:50:34,SL_MOVE,XAUUSD,M15,146,SELL,FULLTGT,EVENING,0,5154.38,5183.35,5154.38,28.97,1.00,28.97,5125.41,5096.45,5067.48,5038.52,5009.55,0.04,0.00,0.04,5154.38,1.00,0.00,0.00,5161.52,5161.98,5162.16,5162.94,5162.60,-0.016,11.09,13.37,45.16,27.48,-0.44,-0.19,-0.25,5165.34,5155.86,3826,2538,0.0,85.7,8,1,CROSS=EMA9<EMA21;TREND=1;STRUCT=1;VOL=1;COOL=1;EMA50=1;VWAP=1;BIAS=1,1.00,-0.60,24047.76,24163.68,stop to breakeven
442,2026.03.05 15:20:34,2026.03.05 17:50:34,TP1_REACHED,XAUUSD,M15,146,SELL,FULLTGT,EVENING,0,5154.38,5183.35,5154.38,28.97,1.00,28.97,5125.41,5096.45,5067.48,5038.52,5009.55,0.04,0.00,0.04,5125.41,1.00,1.00,0.00,5161.52,5161.98,5162.16,5162.94,5162.60,-0.016,11.09,13.37,45.16,27.48,-0.44,-0.19,-0.25,5165.34,5155.86,3826,2538,0.0,85.7,8,1,CROSS=EMA9<EMA21;TREND=1;STRUCT=1;VOL=1;COOL=1;EMA50=1;VWAP=1;BIAS=1,1.00,-0.60,24047.76,24163.68,full target: no partial booked
443,2026.03.05 15:22:41,2026.03.05 17:52:41,SL_MOVE,XAUUSD,M15,146,SELL,FULLTGT,EVENING,0,5154.38,5183.35,5125.41,28.97,1.00,28.97,5125.41,5096.45,5067.48,5038.52,5009.55,0.04,0.00,0.04,5125.41,2.00,0.00,0.00,5161.52,5161.98,5162.16,5162.94,5162.60,-0.016,11.09,13.37,45.16,27.48,-0.44,-0.19,-0.25,5165.34,5155.86,3826,2538,0.0,85.7,9,1,CROSS=EMA9<EMA21;TREND=1;STRUCT=1;VOL=1;COOL=1;EMA50=1;VWAP=1;BIAS=1,2.00,-0.60,24047.76,24280.24,stop trailed to TP1
444,2026.03.05 15:22:41,2026.03.05 17:52:41,TP2_REACHED,XAUUSD,M15,146,SELL,FULLTGT,EVENING,0,5154.38,5183.35,5125.41,28.97,1.00,28.97,5125.41,5096.45,5067.48,5038.52,5009.55,0.04,0.00,0.04,5096.45,2.00,2.00,0.00,5161.52,5161.98,5162.16,5162.94,5162.60,-0.016,11.09,13.37,45.16,27.48,-0.44,-0.19,-0.25,5165.34,5155.86,3826,2538,0.0,85.7,9,1,CROSS=EMA9<EMA21;TREND=1;STRUCT=1;VOL=1;COOL=1;EMA50=1;VWAP=1;BIAS=1,2.00,-0.60,24047.76,24280.24,full target: no partial booked
445,2026.03.05 15:29:03,2026.03.05 17:59:03,EXIT_TRAIL_SL,XAUUSD,M15,146,SELL,FULLTGT,EVENING,0,5154.38,5183.35,5125.41,28.97,1.00,28.97,5125.41,5096.45,5067.48,5038.52,5009.55,0.04,0.04,0.00,5125.45,0.00,1.00,115.44,5161.52,5161.98,5162.16,5162.94,5162.60,-0.016,11.09,13.37,45.16,18.93,-0.44,-0.19,-0.25,5165.34,5155.86,3826,2538,0.0,85.7,5,1,CROSS=EMA9<EMA21;TREND=1;STRUCT=1;VOL=1;COOL=1;EMA50=1;VWAP=1;BIAS=1,2.50,-0.60,24163.34,24163.34,stopped at a trailed level
446,2026.03.06 01:00:00,2026.03.06 03:30:00,DAY_SUMMARY,XAUUSD,M15,146,FLAT,NA,DAY,0,0.00,0.00,0.00,0.00,1.00,0.00,0.00,0.00,0.00,0.00,0.00,0.00,0.00,0.00,0.00,0.00,1.00,115.44,5077.42,5080.39,5100.26,5076.52,5080.33,-1.487,13.37,16.73,47.93,54.07,-6.39,-10.00,3.62,5125.13,5081.02,1032,3629,28.6,42.9,5,1,CROSS=EMA9<EMA21;TREND=1;STRUCT=1;VOL=1;COOL=1;EMA50=1;VWAP=1;BIAS=1,0.00,0.00,24163.34,24163.34,2026.03.05 trades=1 W=1 L=0 gross_profit=115.44 gross_loss=0.00 net=115.44 PF=0.00
447,2026.03.06 01:45:00,2026.03.06 04:15:00,SKIP,XAUUSD,M15,146,FLAT,NA,DAY,0,0.00,0.00,0.00,0.00,1.00,0.00,0.00,0.00,0.00,0.00,0.00,0.00,0.00,0.00,0.00,0.00,0.00,0.00,5085.55,5083.64,5099.46,5081.66,5081.89,-1.183,13.37,25.94,59.19,65.28,-1.86,-6.78,4.92,5091.04,5101.10,1692,3282,85.7,0.0,5,1,CROSS=EMA9<EMA21;TREND=1;STRUCT=1;VOL=1;COOL=1;EMA50=1;VWAP=1;BIAS=1,0.00,0.00,24163.34,24163.34,outside the killzone window
448,2026.03.06 09:30:00,2026.03.06 12:00:00,SKIP,XAUUSD,M15,146,FLAT,NA,DAY,0,0.00,0.00,0.00,0.00,1.00,0.00,0.00,0.00,0.00,0.00,0.00,0.00,0.00,0.00,0.00,0.00,0.00,0.00,5118.27,5118.32,5113.39,5119.16,5118.68,0.595,8.31,36.03,48.42,43.94,2.25,5.74,-3.49,5112.27,5114.72,2164,1980,28.6,71.4,5,1,CROSS=EMA9<EMA21;TREND=1;STRUCT=1;VOL=1;COOL=1;EMA50=1;VWAP=0;BIAS=1,0.00,0.00,24163.34,24163.34,already positioned that way
449,2026.03.06 16:30:00,2026.03.06 19:00:00,ENTRY,XAUUSD,M15,148,BUY,FULLTGT,EVENING,0,5104.67,5068.11,5068.11,36.56,1.00,36.56,5141.23,5177.78,5214.34,5250.89,5287.45,0.03,0.03,0.03,5104.67,0.00,0.00,0.00,5094.46,5094.39,5099.77,5091.93,5093.37,-0.294,18.28,17.44,53.03,55.34,-1.84,-5.14,3.30,5102.60,5104.57,4186,3243,85.7,0.0,7,1,CROSS=EMA9>EMA21;TREND=1;STRUCT=1;VOL=1;COOL=1;EMA50=1;VWAP=1;BIAS=1,0.00,0.00,24163.23,24163.02,KZ=NY; KZR=London L @ 5075.78 10 bars ago (low taken); EVENING 4PM-12AM IST session: stop x1.00 of usual; no partials; full size to TP5; SL steps BE->TP1->TP2->TP3
450,2026.03.06 16:45:00,2026.03.06 19:15:00,FLIP,XAUUSD,M15,148,BUY,FULLTGT,EVENING,0,5104.67,5068.11,5068.11,36.56,1.00,36.56,5141.23,5177.78,5214.34,5250.89,5287.45,0.03,0.00,0.00,5089.38,0.00,-0.42,0.00,5093.44,5093.93,5099.36,5094.46,5094.39,-0.282,19.26,17.72,48.05,46.38,-2.04,-4.57,2.52,5102.40,5089.37,5336,3363,14.3,71.4,7,1,CROSS=EMA9<EMA21;TREND=1;STRUCT=1;VOL=1;COOL=1;EMA50=1;VWAP=1;BIAS=1,0.29,-0.56,24163.23,24117.36,opposite signal before SL/target | BUY -> SELL | closing trade 148
451,2026.03.06 16:45:00,2026.03.06 19:15:00,EXIT_FLIP,XAUUSD,M15,148,BUY,FULLTGT,EVENING,0,5104.67,5068.11,5068.11,36.56,1.00,36.56,5141.23,5177.78,5214.34,5250.89,5287.45,0.03,0.03,0.00,5089.38,0.00,-0.42,0.00,5093.44,5093.93,5099.36,5094.46,5094.39,-0.282,19.26,17.72,48.05,46.38,-2.04,-4.57,2.52,5102.40,5089.37,5336,3363,14.3,71.4,7,1,CROSS=EMA9<EMA21;TREND=1;STRUCT=1;VOL=1;COOL=1;EMA50=1;VWAP=1;BIAS=1,0.29,-0.56,24117.25,24117.25,FLIP exit
452,2026.03.06 16:45:00,2026.03.06 19:15:00,EXIT_OTHER,XAUUSD,M15,148,BUY,FULLTGT,EVENING,0,5104.67,5068.11,5068.11,36.56,1.00,36.56,5141.23,5177.78,5214.34,5250.89,5287.45,0.03,0.03,0.00,5089.38,0.00,-0.42,-46.09,5093.44,5093.93,5099.36,5094.46,5094.39,-0.282,19.26,17.72,48.05,46.38,-2.04,-4.57,2.52,5102.40,5089.37,5336,3363,14.3,71.4,7,1,CROSS=EMA9<EMA21;TREND=1;STRUCT=1;VOL=1;COOL=1;EMA50=1;VWAP=1;BIAS=1,0.29,-0.56,24117.25,24117.25,FLIP exit
453,2026.03.06 16:45:00,2026.03.06 19:15:00,ENTRY,XAUUSD,M15,150,SELL,FULLTGT,EVENING,148,5089.38,5127.90,5127.90,38.52,1.00,38.52,5050.86,5012.33,4973.81,4935.28,4896.76,0.03,0.03,0.03,5089.38,0.00,0.00,0.00,5093.44,5093.93,5099.36,5094.46,5094.39,-0.282,19.26,17.72,48.05,46.38,-2.04,-4.57,2.52,5102.40,5089.37,5336,3363,14.3,71.4,7,1,CROSS=EMA9<EMA21;TREND=1;STRUCT=1;VOL=1;COOL=1;EMA50=1;VWAP=1;BIAS=1,0.00,0.00,24117.14,24116.93,KZ=NY; KZR=London L @ 5075.78 11 bars ago (low taken); EVENING 4PM-12AM IST session: stop x1.00 of usual; no partials; full size to TP5; SL steps BE->TP1->TP2->TP3; flipped from trade 148
454,2026.03.06 16:59:32,2026.03.06 19:29:32,EXIT_SL,XAUUSD,M15,150,SELL,FULLTGT,EVENING,148,5089.38,5127.90,5127.90,38.52,1.00,38.52,5050.86,5012.33,4973.81,4935.28,4896.76,0.03,0.03,0.00,5127.94,0.00,-1.00,-115.90,5093.44,5093.93,5099.36,5094.46,5094.39,-0.282,19.26,17.72,48.05,54.81,-2.04,-4.57,2.52,5102.40,5089.37,5336,3363,28.6,57.1,5,1,CROSS=EMA9<EMA21;TREND=1;STRUCT=1;VOL=1;COOL=1;EMA50=1;VWAP=1;BIAS=1,0.05,-1.00,24001.35,24001.35,stopped at the initial SL (x1.00 of usual)
455,2026.03.06 17:00:00,2026.03.06 19:30:00,ENTRY,XAUUSD,M15,152,BUY,FULLTGT,EVENING,0,5130.55,5089.31,5089.31,41.24,1.00,41.24,5171.79,5213.03,5254.27,5295.51,5336.75,0.02,0.02,0.02,5130.55,0.00,0.00,0.00,5100.85,5097.26,5100.58,5093.44,5093.93,-0.161,20.62,19.55,59.20,65.33,1.10,-3.76,4.86,5102.83,5130.48,5169,3465,85.7,0.0,12,1,CROSS=EMA9>EMA21;TREND=1;STRUCT=1;VOL=1;COOL=1;EMA50=1;VWAP=1;BIAS=1,0.00,0.00,24001.28,24001.04,KZ=NY; KZR=London L @ 5075.78 12 bars ago (low taken); EVENING 4PM-12AM IST session: stop x1.00 of usual; no partials; full size to TP5; SL steps BE->TP1->TP2->TP3
456,2026.03.06 21:16:20,2026.03.06 23:46:20,SL_MOVE,XAUUSD,M15,152,BUY,FULLTGT,EVENING,0,5130.55,5089.31,5130.55,41.24,1.00,41.24,5171.79,5213.03,5254.27,5295.51,5336.75,0.02,0.00,0.02,5130.55,1.00,0.00,0.00,5153.94,5140.30,5124.68,5149.60,5137.20,0.839,18.61,36.38,66.31,69.20,13.95,12.03,1.92,5115.43,5171.30,2736,4111,85.7,0.0,5,1,CROSS=EMA9>EMA21;TREND=1;STRUCT=1;VOL=1;COOL=1;EMA50=1;VWAP=1;BIAS=1,1.00,-0.11,24001.28,24083.86,stop to breakeven
457,2026.03.06 21:16:20,2026.03.06 23:46:20,TP1_REACHED,XAUUSD,M15,152,BUY,FULLTGT,EVENING,0,5130.55,5089.31,5130.55,41.24,1.00,41.24,5171.79,5213.03,5254.27,5295.51,5336.75,0.02,0.00,0.02,5171.79,1.00,1.00,0.00,5153.94,5140.30,5124.68,5149.60,5137.20,0.839,18.61,36.38,66.31,69.20,13.95,12.03,1.92,5115.43,5171.30,2736,4111,85.7,0.0,5,1,CROSS=EMA9>EMA21;TREND=1;STRUCT=1;VOL=1;COOL=1;EMA50=1;VWAP=1;BIAS=1,1.00,-0.11,24001.28,24083.86,full target: no partial booked
458,2026.03.06 23:42:00,2026.03.07 02:12:00,EXIT_WEEKEND,XAUUSD,M15,152,BUY,FULLTGT,DAY,0,5130.55,5089.31,5130.55,41.24,1.00,41.24,5171.79,5213.03,5254.27,5295.51,5336.75,0.02,0.02,0.00,5169.92,0.00,0.95,0.00,5159.93,5151.68,5135.31,5157.82,5150.01,1.388,11.80,24.19,61.94,63.01,10.12,11.61,-1.50,5119.46,5168.35,1385,3168,57.1,14.3,40,1,CROSS=EMA9>EMA21;TREND=1;STRUCT=1;VOL=1;COOL=1;EMA50=1;VWAP=1;BIAS=1,1.07,-0.11,24079.95,24079.95,WEEKEND exit
459,2026.03.06 23:42:01,2026.03.07 02:12:01,EXIT_WEEKEND,XAUUSD,M15,152,BUY,FULLTGT,DAY,0,5130.55,5089.31,5130.55,41.24,1.00,41.24,5171.79,5213.03,5254.27,5295.51,5336.75,0.02,0.02,0.00,5169.92,0.00,0.95,78.60,5159.93,5151.68,5135.31,5157.82,5150.01,1.388,11.80,24.19,61.94,63.01,10.12,11.61,-1.50,5119.46,5168.35,1385,3168,57.1,14.3,40,1,CROSS=EMA9>EMA21;TREND=1;STRUCT=1;VOL=1;COOL=1;EMA50=1;VWAP=1;BIAS=1,1.07,-0.11,24079.95,24079.95,flattened before the Friday close
460,2026.03.09 01:00:00,2026.03.09 03:30:00,DAY_SUMMARY,XAUUSD,M15,152,FLAT,NA,DAY,0,0.00,0.00,0.00,0.00,1.00,0.00,0.00,0.00,0.00,0.00,0.00,0.00,0.00,0.00,0.00,0.00,-0.46,-83.39,5164.55,5155.32,5138.17,5162.03,5153.39,1.623,10.56,29.74,64.60,66.81,10.74,10.88,-0.14,5119.82,5174.64,826,2858,71.4,14.3,5,1,CROSS=EMA9>EMA21;TREND=1;STRUCT=1;VOL=1;COOL=1;EMA50=1;VWAP=1;BIAS=1,0.00,0.00,24079.95,24079.95,2026.03.06 trades=3 W=1 L=2 gross_profit=78.60 gross_loss=161.99 net=-83.39 PF=0.49
461,2026.03.09 01:00:00,2026.03.09 03:30:00,WEEK_SUMMARY,XAUUSD,M15,152,FLAT,NA,DAY,0,0.00,0.00,0.00,0.00,1.00,0.00,0.00,0.00,0.00,0.00,0.00,0.00,0.00,0.00,0.00,0.00,0.53,32.05,5164.55,5155.32,5138.17,5162.03,5153.39,1.623,10.56,29.74,64.60,66.81,10.74,10.88,-0.14,5119.82,5174.64,826,2858,71.4,14.3,5,1,CROSS=EMA9>EMA21;TREND=1;STRUCT=1;VOL=1;COOL=1;EMA50=1;VWAP=1;BIAS=1,0.00,0.00,24079.95,24079.95,days=2 trades=4 W=2 L=2 gross_profit=194.04 gross_loss=161.99 net=32.05 PF=1.20 pips=1445.0
462,2026.03.09 02:00:00,2026.03.09 04:30:00,ENTRY,XAUUSD,M15,154,SELL,FULLTGT,DAY,0,5130.23,5164.77,5164.77,34.54,1.00,34.54,5095.69,5061.15,5026.61,4992.07,4957.53,0.03,0.03,0.03,5130.23,0.00,0.00,0.00,5149.83,5150.90,5138.77,5154.72,5152.96,0.703,17.27,20.57,41.28,41.14,2.69,8.53,-5.84,5140.80,5130.29,3862,2931,14.3,71.4,5,1,CROSS=EMA9<EMA21;TREND=1;STRUCT=1;VOL=1;COOL=1;EMA50=1;VWAP=1;BIAS=1,0.00,0.00,24079.84,24079.69,KZ=ASIA; KZR=London L @ 5075.78 240 bars ago (low taken); DAY 12AM-4PM IST session: stop x1.00 of usual; no partials; full size to TP5; SL steps BE->TP1->TP2->TP3
463,2026.03.09 02:10:57,2026.03.09 04:40:57,SL_MOVE,XAUUSD,M15,154,SELL,FULLTGT,DAY,0,5130.23,5164.77,5130.23,34.54,1.00,34.54,5095.69,5061.15,5026.61,4992.07,4957.53,0.03,0.00,0.03,5130.23,1.00,0.00,0.00,5149.83,5150.90,5138.77,5154.72,5152.96,0.703,17.27,20.57,41.28,35.54,2.69,8.53,-5.84,5140.80,5130.29,3862,2931,14.3,71.4,5,1,CROSS=EMA9<EMA21;TREND=1;STRUCT=1;VOL=1;COOL=1;EMA50=1;VWAP=1;BIAS=1,1.00,-0.16,24079.84,24183.61,stop to breakeven
464,2026.03.09 02:10:57,2026.03.09 04:40:57,TP1_REACHED,XAUUSD,M15,154,SELL,FULLTGT,DAY,0,5130.23,5164.77,5130.23,34.54,1.00,34.54,5095.69,5061.15,5026.61,4992.07,4957.53,0.03,0.00,0.03,5095.69,1.00,1.00,0.00,5149.83,5150.90,5138.77,5154.72,5152.96,0.703,17.27,20.57,41.28,35.54,2.69,8.53,-5.84,5140.80,5130.29,3862,2931,14.3,71.4,5,1,CROSS=EMA9<EMA21;TREND=1;STRUCT=1;VOL=1;COOL=1;EMA50=1;VWAP=1;BIAS=1,1.00,-0.16,24079.84,24183.61,full target: no partial booked
465,2026.03.09 02:42:33,2026.03.09 05:12:33,SL_MOVE,XAUUSD,M15,154,SELL,FULLTGT,DAY,0,5130.23,5164.77,5095.69,34.54,1.00,34.54,5095.69,5061.15,5026.61,4992.07,4957.53,0.03,0.00,0.03,5095.69,2.00,0.00,0.00,5133.14,5142.65,5136.04,5140.26,5146.45,0.348,18.98,18.35,33.93,25.19,-4.50,5.69,-10.18,5130.44,5104.68,3243,2929,14.3,71.4,5,1,CROSS=EMA9<EMA21;TREND=1;STRUCT=1;VOL=1;COOL=1;EMA50=1;VWAP=1;BIAS=1,1.99,-0.16,24079.84,24287.14,stop trailed to TP1
466,2026.03.09 02:42:33,2026.03.09 05:12:33,TP2_REACHED,XAUUSD,M15,154,SELL,FULLTGT,DAY,0,5130.23,5164.77,5095.69,34.54,1.00,34.54,5095.69,5061.15,5026.61,4992.07,4957.53,0.03,0.00,0.03,5061.15,2.00,2.00,0.00,5133.14,5142.65,5136.04,5140.26,5146.45,0.348,18.98,18.35,33.93,25.19,-4.50,5.69,-10.18,5130.44,5104.68,3243,2929,14.3,71.4,5,1,CROSS=EMA9<EMA21;TREND=1;STRUCT=1;VOL=1;COOL=1;EMA50=1;VWAP=1;BIAS=1,1.99,-0.16,24079.84,24287.14,full target: no partial booked
467,2026.03.09 04:00:29,2026.03.09 06:30:29,SL_MOVE,XAUUSD,M15,154,SELL,FULLTGT,DAY,0,5130.23,5164.77,5061.15,34.54,1.00,34.54,5095.69,5061.15,5026.61,4992.07,4957.53,0.03,0.00,0.03,5061.15,3.00,0.00,0.00,5074.02,5104.23,5118.78,5079.98,5109.64,-0.574,25.37,30.90,28.83,36.46,-25.43,-12.82,-12.61,5092.60,5050.17,4200,3304,0.0,100.0,5,1,CROSS=EMA9<EMA21;TREND=1;STRUCT=1;VOL=1;COOL=1;EMA50=1;VWAP=1;BIAS=1,2.99,-0.16,24079.84,24390.70,stop trailed to TP2
468,2026.03.09 04:00:29,2026.03.09 06:30:29,TP3_REACHED,XAUUSD,M15,154,SELL,FULLTGT,DAY,0,5130.23,5164.77,5061.15,34.54,1.00,34.54,5095.69,5061.15,5026.61,4992.07,4957.53,0.03,0.00,0.03,5026.61,3.00,3.00,0.00,5074.02,5104.23,5118.78,5079.98,5109.64,-0.574,25.37,30.90,28.83,36.46,-25.43,-12.82,-12.61,5092.60,5050.17,4200,3304,0.0,100.0,5,1,CROSS=EMA9<EMA21;TREND=1;STRUCT=1;VOL=1;COOL=1;EMA50=1;VWAP=1;BIAS=1,2.99,-0.16,24079.84,24390.70,full target: no partial booked
469,2026.03.09 04:11:40,2026.03.09 06:41:40,EXIT_TRAIL_SL,XAUUSD,M15,154,SELL,FULLTGT,DAY,0,5130.23,5164.77,5061.15,34.54,1.00,34.54,5095.69,5061.15,5026.61,4992.07,4957.53,0.03,0.03,0.00,5061.20,0.00,2.00,206.87,5074.02,5104.23,5118.78,5079.98,5109.64,-0.574,25.37,30.90,28.83,41.57,-25.43,-12.82,-12.61,5092.60,5050.17,4200,3304,0.0,100.0,5,1,CROSS=EMA9<EMA21;TREND=1;STRUCT=1;VOL=1;COOL=1;EMA50=1;VWAP=1;BIAS=1,3.34,-0.16,24286.82,24286.82,stopped at a trailed level
470,2026.03.09 08:45:00,2026.03.09 11:15:00,ENTRY,XAUUSD,M15,156,BUY,FULLTGT,DAY,0,5120.88,5083.78,5083.78,37.10,1.00,37.10,5157.98,5195.09,5232.19,5269.30,5306.40,0.03,0.03,0.03,5120.88,0.00,0.00,0.00,5097.18,5094.57,5103.58,5091.29,5091.96,-0.486,18.55,20.47,61.38,72.60,-0.98,-6.05,5.07,5088.40,5120.74,4209,3384,85.7,0.0,5,1,CROSS=EMA9>EMA21;TREND=1;STRUCT=1;VOL=1;COOL=1;EMA50=1;VWAP=1;BIAS=1,0.00,0.00,24286.71,24286.56,KZ=LONDON; KZR=London L @ 5075.78 267 bars ago (low taken); DAY 12AM-4PM IST session: stop x1.00 of usual; no partials; full size to TP5; SL steps BE->TP1->TP2->TP3
471,2026.03.09 11:30:00,2026.03.09 14:00:00,FLIP,XAUUSD,M15,156,BUY,FULLTGT,DAY,0,5120.88,5083.78,5083.78,37.10,1.00,37.10,5157.98,5195.09,5232.19,5269.30,5306.40,0.03,0.00,0.00,5091.59,0.00,-0.79,0.00,5100.70,5100.82,5104.39,5103.03,5101.76,-0.264,13.52,19.94,44.54,39.03,0.13,2.61,-2.48,5093.88,5091.34,3233,3082,0.0,85.7,5,1,CROSS=EMA9<EMA21;TREND=1;STRUCT=1;VOL=1;COOL=1;EMA50=1;VWAP=1;BIAS=1,0.53,-0.88,24286.71,24198.84,opposite signal before SL/target | BUY -> SELL | closing trade 156
472,2026.03.09 11:30:00,2026.03.09 14:00:00,EXIT_FLIP,XAUUSD,M15,156,BUY,FULLTGT,DAY,0,5120.88,5083.78,5083.78,37.10,1.00,37.10,5157.98,5195.09,5232.19,5269.30,5306.40,0.03,0.03,0.00,5091.59,0.00,-0.79,0.00,5100.70,5100.82,5104.39,5103.03,5101.76,-0.264,13.52,19.94,44.54,39.03,0.13,2.61,-2.48,5093.88,5091.34,3233,3082,0.0,85.7,5,1,CROSS=EMA9<EMA21;TREND=1;STRUCT=1;VOL=1;COOL=1;EMA50=1;VWAP=1;BIAS=1,0.53,-0.88,24198.73,24198.73,FLIP exit
473,2026.03.09 11:30:00,2026.03.09 14:00:00,EXIT_OTHER,XAUUSD,M15,156,BUY,FULLTGT,DAY,0,5120.88,5083.78,5083.78,37.10,1.00,37.10,5157.98,5195.09,5232.19,5269.30,5306.40,0.03,0.03,0.00,5091.59,0.00,-0.79,-88.09,5100.70,5100.82,5104.39,5103.03,5101.76,-0.264,13.52,19.94,44.54,39.03,0.13,2.61,-2.48,5093.88,5091.34,3233,3082,0.0,85.7,5,1,CROSS=EMA9<EMA21;TREND=1;STRUCT=1;VOL=1;COOL=1;EMA50=1;VWAP=1;BIAS=1,0.53,-0.88,24198.73,24198.73,FLIP exit
474,2026.03.09 11:30:00,2026.03.09 14:00:00,ENTRY,XAUUSD,M15,158,SELL,FULLTGT,DAY,156,5091.59,5118.63,5118.63,27.04,1.00,27.04,5064.55,5037.50,5010.46,4983.41,4956.37,0.04,0.04,0.04,5091.59,0.00,0.00,0.00,5100.70,5100.82,5104.39,5103.03,5101.76,-0.264,13.52,19.94,44.54,39.03,0.13,2.61,-2.48,5093.88,5091.34,3233,3082,0.0,85.7,5,1,CROSS=EMA9<EMA21;TREND=1;STRUCT=1;VOL=1;COOL=1;EMA50=1;VWAP=1;BIAS=1,0.00,0.00,24198.59,24198.39,KZ=LONDON; KZR=London L @ 5075.78 278 bars ago (low taken); DAY 12AM-4PM IST session: stop x1.00 of usual; no partials; full size to TP5; SL steps BE->TP1->TP2->TP3; flipped from trade 156
475,2026.03.09 12:15:00,2026.03.09 14:45:00,SKIP,XAUUSD,M15,158,SELL,FULLTGT,DAY,156,5091.59,5118.63,5118.63,27.04,1.00,27.04,5064.55,5037.50,5010.46,4983.41,4956.37,0.04,0.00,0.00,0.00,0.00,0.00,0.00,5101.12,5100.76,5103.91,5098.19,5099.55,-0.225,13.99,17.88,56.38,60.22,0.24,0.96,-0.72,5094.15,5112.82,3214,3207,71.4,14.3,5,1,CROSS=EMA9<EMA21;TREND=1;STRUCT=1;VOL=1;COOL=1;EMA50=1;VWAP=1;BIAS=1,0.16,-0.93,24198.59,24113.31,outside the killzone window
476,2026.03.09 12:16:31,2026.03.09 14:46:31,EXIT_SL,XAUUSD,M15,158,SELL,FULLTGT,DAY,156,5091.59,5118.63,5118.63,27.04,1.00,27.04,5064.55,5037.50,5010.46,4983.41,4956.37,0.04,0.04,0.00,5118.63,0.00,-1.00,-108.44,5101.12,5100.76,5103.91,5098.19,5099.55,-0.225,13.99,17.88,56.38,60.22,0.24,0.96,-0.72,5094.15,5112.82,3214,3207,71.4,14.3,5,1,CROSS=EMA9<EMA21;TREND=1;STRUCT=1;VOL=1;COOL=1;EMA50=1;VWAP=1;BIAS=1,0.16,-1.00,24090.29,24090.29,stopped at the initial SL (x1.00 of usual)
477,2026.03.09 14:00:00,2026.03.09 16:30:00,SKIP,XAUUSD,M15,158,FLAT,NA,EVENING,156,0.00,0.00,0.00,0.00,1.00,0.00,0.00,0.00,0.00,0.00,0.00,0.00,0.00,0.00,0.00,0.00,0.00,0.00,5099.86,5101.28,5103.66,5103.01,5102.68,-0.168,14.15,17.05,42.93,37.15,-0.72,0.92,-1.65,5095.39,5087.26,2991,3212,0.0,71.4,6,1,CROSS=EMA9<EMA21;TREND=1;STRUCT=1;VOL=1;COOL=1;EMA50=1;VWAP=1;BIAS=1,0.00,0.00,24090.29,24090.29,already positioned that way
478,2026.03.09 19:00:00,2026.03.09 21:30:00,SKIP,XAUUSD,M15,158,FLAT,NA,EVENING,156,0.00,0.00,0.00,0.00,1.00,0.00,0.00,0.00,0.00,0.00,0.00,0.00,0.00,0.00,0.00,0.00,0.00,0.00,5094.55,5094.13,5097.43,5093.26,5093.57,-0.199,16.59,15.60,52.39,54.76,-0.56,-2.94,2.38,5094.05,5099.73,3309,3635,71.4,0.0,5,1,CROSS=EMA9<EMA21;TREND=1;STRUCT=1;VOL=1;COOL=1;EMA50=1;VWAP=1;BIAS=1,0.00,0.00,24090.29,24090.29,outside the killzone window
479,2026.03.10 01:00:00,2026.03.10 03:30:00,DAY_SUMMARY,XAUUSD,M15,158,FLAT,NA,DAY,156,0.00,0.00,0.00,0.00,1.00,0.00,0.00,0.00,0.00,0.00,0.00,0.00,0.00,0.00,0.00,0.00,0.21,10.34,5132.65,5120.72,5110.20,5131.65,5119.13,1.007,10.45,42.46,64.65,57.42,11.49,8.99,2.50,5098.03,5136.66,1450,2979,85.7,0.0,6,1,CROSS=EMA9<EMA21;TREND=1;STRUCT=1;VOL=1;COOL=1;EMA50=1;VWAP=1;BIAS=1,0.00,0.00,24090.29,24090.29,2026.03.09 trades=3 W=1 L=2 gross_profit=206.87 gross_loss=196.53 net=10.34 PF=1.05
480,2026.03.10 15:15:00,2026.03.10 17:45:00,SKIP,XAUUSD,M15,158,FLAT,NA,EVENING,156,0.00,0.00,0.00,0.00,1.00,0.00,0.00,0.00,0.00,0.00,0.00,0.00,0.00,0.00,0.00,0.00,0.00,0.00,5177.22,5177.36,5167.31,5178.69,5177.96,0.947,10.62,25.42,46.25,44.42,1.57,3.64,-2.07,5166.32,5171.34,3436,2669,14.3,85.7,5,1,CROSS=EMA9<EMA21;TREND=1;STRUCT=1;VOL=1;COOL=1;EMA50=1;VWAP=0;BIAS=1,0.00,0.00,24090.29,24090.29,already positioned that way
481,2026.03.10 15:30:00,2026.03.10 18:00:00,ENTRY,XAUUSD,M15,160,BUY,FULLTGT,EVENING,0,5180.00,5158.13,5158.13,21.87,1.00,21.87,5201.87,5223.75,5245.62,5267.50,5289.37,0.05,0.05,0.05,5180.00,0.00,0.00,0.00,5177.75,5177.59,5167.80,5177.22,5177.36,0.895,10.94,25.74,52.78,53.08,1.61,3.12,-1.51,5166.51,5179.84,3117,2685,85.7,14.3,5,1,CROSS=EMA9>EMA21;TREND=1;STRUCT=1;VOL=1;COOL=1;EMA50=1;VWAP=1;BIAS=1,0.00,0.00,24090.11,24089.86,KZ=NY; KZR=Asia H @ 5194.94 14 bars ago (high taken); EVENING 4PM-12AM IST session: stop x1.00 of usual; no partials; full size to TP5; SL steps BE->TP1->TP2->TP3
482,2026.03.10 16:10:37,2026.03.10 18:40:37,SL_MOVE,XAUUSD,M15,160,BUY,FULLTGT,EVENING,0,5180.00,5158.13,5180.00,21.87,1.00,21.87,5201.87,5223.75,5245.62,5267.50,5289.37,0.05,0.00,0.05,5180.00,1.00,0.00,0.00,5180.84,5179.10,5169.22,5179.29,5178.30,0.968,10.20,21.10,57.56,68.91,2.55,2.65,-0.11,5167.14,5187.03,2730,2718,71.4,14.3,5,1,CROSS=EMA9>EMA21;TREND=1;STRUCT=1;VOL=1;COOL=1;EMA50=1;VWAP=1;BIAS=1,1.00,-0.06,24090.11,24199.51,stop to breakeven
483,2026.03.10 16:10:37,2026.03.10 18:40:37,TP1_REACHED,XAUUSD,M15,160,BUY,FULLTGT,EVENING,0,5180.00,5158.13,5180.00,21.87,1.00,21.87,5201.87,5223.75,5245.62,5267.50,5289.37,0.05,0.00,0.05,5201.87,1.00,1.00,0.00,5180.84,5179.10,5169.22,5179.29,5178.30,0.968,10.20,21.10,57.56,68.91,2.55,2.65,-0.11,5167.14,5187.03,2730,2718,71.4,14.3,5,1,CROSS=EMA9>EMA21;TREND=1;STRUCT=1;VOL=1;COOL=1;EMA50=1;VWAP=1;BIAS=1,1.00,-0.06,24090.11,24199.51,full target: no partial booked
484,2026.03.10 16:25:53,2026.03.10 18:55:53,SL_MOVE,XAUUSD,M15,160,BUY,FULLTGT,EVENING,0,5180.00,5158.13,5201.87,21.87,1.00,21.87,5201.87,5223.75,5245.62,5267.50,5289.37,0.05,0.00,0.05,5201.87,2.00,0.00,0.00,5184.81,5181.06,5170.46,5180.84,5179.10,0.992,10.69,22.56,65.21,78.93,3.98,2.73,1.25,5167.84,5200.73,3857,2758,85.7,0.0,8,1,CROSS=EMA9>EMA21;TREND=1;STRUCT=1;VOL=1;COOL=1;EMA50=1;VWAP=1;BIAS=1,2.00,-0.06,24090.11,24308.91,stop trailed to TP1
485,2026.03.10 16:25:53,2026.03.10 18:55:53,TP2_REACHED,XAUUSD,M15,160,BUY,FULLTGT,EVENING,0,5180.00,5158.13,5201.87,21.87,1.00,21.87,5201.87,5223.75,5245.62,5267.50,5289.37,0.05,0.00,0.05,5223.75,2.00,2.00,0.00,5184.81,5181.06,5170.46,5180.84,5179.10,0.992,10.69,22.56,65.21,78.93,3.98,2.73,1.25,5167.84,5200.73,3857,2758,85.7,0.0,8,1,CROSS=EMA9>EMA21;TREND=1;STRUCT=1;VOL=1;COOL=1;EMA50=1;VWAP=1;BIAS=1,2.00,-0.06,24090.11,24308.91,full target: no partial booked
486,2026.03.10 16:46:18,2026.03.10 19:16:18,EXIT_TRAIL_SL,XAUUSD,M15,160,BUY,FULLTGT,EVENING,0,5180.00,5158.13,5201.87,21.87,1.00,21.87,5201.87,5223.75,5245.62,5267.50,5289.37,0.05,0.05,0.00,5201.80,0.00,1.00,108.64,5195.65,5187.00,5173.92,5192.19,5184.76,1.100,11.89,28.67,63.98,63.78,7.83,3.51,4.32,5170.19,5209.48,4446,2922,85.7,14.3,10,1,CROSS=EMA9>EMA21;TREND=1;STRUCT=1;VOL=1;COOL=1;EMA50=1;VWAP=1;BIAS=1,2.23,-0.06,24198.93,24198.93,stopped at a trailed level
487,2026.03.10 22:00:00,2026.03.11 00:30:00,SKIP,XAUUSD,M15,160,FLAT,NA,DAY,0,0.00,0.00,0.00,0.00,1.00,0.00,0.00,0.00,0.00,0.00,0.00,0.00,0.00,0.00,0.00,0.00,0.00,0.00,5210.99,5212.52,5198.87,5215.80,5214.60,0.949,14.39,33.84,38.97,38.45,2.41,9.51,-7.10,5184.10,5191.78,3786,3485,14.3,85.7,5,1,CROSS=EMA9>EMA21;TREND=1;STRUCT=1;VOL=1;COOL=1;EMA50=1;VWAP=1;BIAS=1,0.00,0.00,24198.93,24198.93,outside the killzone window
488,2026.03.11 01:00:00,2026.03.11 03:30:00,DAY_SUMMARY,XAUUSD,M15,160,FLAT,NA,DAY,0,0.00,0.00,0.00,0.00,1.00,0.00,0.00,0.00,0.00,0.00,0.00,0.00,0.00,0.00,0.00,0.00,1.00,108.64,5198.20,5203.64,5198.08,5199.58,5204.74,0.445,12.49,34.75,42.80,43.72,-3.59,-1.33,-2.26,5184.99,5192.64,1206,3095,14.3,71.4,5,1,CROSS=EMA9>EMA21;TREND=1;STRUCT=1;VOL=1;COOL=1;EMA50=1;VWAP=1;BIAS=1,0.00,0.00,24198.93,24198.93,2026.03.10 trades=1 W=1 L=0 gross_profit=108.64 gross_loss=0.00 net=108.64 PF=0.00
489,2026.03.11 03:45:00,2026.03.11 06:15:00,SKIP,XAUUSD,M15,160,FLAT,NA,DAY,0,0.00,0.00,0.00,0.00,1.00,0.00,0.00,0.00,0.00,0.00,0.00,0.00,0.00,0.00,0.00,0.00,0.00,0.00,5200.21,5199.82,5197.57,5197.42,5198.67,0.209,10.78,27.28,58.02,64.54,-0.75,-3.66,2.92,5195.63,5211.38,1694,2194,85.7,0.0,5,1,CROSS=EMA9>EMA21;TREND=1;STRUCT=1;VOL=1;COOL=1;EMA50=1;VWAP=1;BIAS=1,0.00,0.00,24198.93,24198.93,already positioned that way
490,2026.03.11 08:30:00,2026.03.11 11:00:00,ENTRY,XAUUSD,M15,162,SELL,FULLTGT,DAY,0,5200.57,5218.18,5218.18,17.61,1.00,17.61,5182.96,5165.35,5147.74,5130.14,5112.53,0.06,0.06,0.06,5200.57,0.00,0.00,0.00,5205.10,5205.64,5202.95,5206.24,5206.14,0.305,8.80,17.71,45.06,39.16,0.06,1.24,-1.18,5205.16,5200.57,1502,2068,0.0,71.4,5,1,CROSS=EMA9<EMA21;TREND=1;STRUCT=1;VOL=1;COOL=1;EMA50=1;VWAP=1;BIAS=1,0.00,0.00,24198.72,24198.42,KZ=LONDON; KZR=NY H @ 5228.86 55 bars ago (high taken); DAY 12AM-4PM IST session: stop x1.00 of usual; no partials; full size to TP5; SL steps BE->TP1->TP2->TP3
491,2026.03.11 11:26:40,2026.03.11 13:56:40,SL_MOVE,XAUUSD,M15,162,SELL,FULLTGT,DAY,0,5200.57,5218.18,5200.57,17.61,1.00,17.61,5182.96,5165.35,5147.74,5130.14,5112.53,0.06,0.00,0.06,5200.57,1.00,0.00,0.00,5198.24,5200.96,5201.50,5198.20,5201.22,-0.067,8.12,26.82,46.80,36.32,-2.40,-1.44,-0.96,5202.96,5198.39,2534,2047,28.6,71.4,9,1,CROSS=EMA9<EMA21;TREND=1;STRUCT=1;VOL=1;COOL=1;EMA50=1;VWAP=1;BIAS=1,0.99,-0.58,24198.72,24304.38,stop to breakeven
492,2026.03.11 11:26:40,2026.03.11 13:56:40,TP1_REACHED,XAUUSD,M15,162,SELL,FULLTGT,DAY,0,5200.57,5218.18,5200.57,17.61,1.00,17.61,5182.96,5165.35,5147.74,5130.14,5112.53,0.06,0.00,0.06,5182.96,1.00,1.00,0.00,5198.24,5200.96,5201.50,5198.20,5201.22,-0.067,8.12,26.82,46.80,36.32,-2.40,-1.44,-0.96,5202.96,5198.39,2534,2047,28.6,71.4,9,1,CROSS=EMA9<EMA21;TREND=1;STRUCT=1;VOL=1;COOL=1;EMA50=1;VWAP=1;BIAS=1,0.99,-0.58,24198.72,24304.38,full target: no partial booked
493,2026.03.11 16:00:41,2026.03.11 18:30:41,SL_MOVE,XAUUSD,M15,162,SELL,FULLTGT,EVENING,0,5200.57,5218.18,5182.96,17.61,1.00,17.61,5182.96,5165.35,5147.74,5130.14,5112.53,0.06,0.00,0.06,5182.96,2.00,0.00,0.00,5182.17,5186.78,5192.62,5185.82,5188.69,-0.517,11.29,25.36,35.91,31.57,-4.75,-4.07,-0.69,5196.70,5167.60,3597,2491,0.0,100.0,10,1,CROSS=EMA9<EMA21;TREND=1;STRUCT=1;VOL=1;COOL=1;EMA50=1;VWAP=1;BIAS=1,2.00,-0.58,24198.72,24410.46,stop trailed to TP1
494,2026.03.11 16:00:41,2026.03.11 18:30:41,TP2_REACHED,XAUUSD,M15,162,SELL,FULLTGT,EVENING,0,5200.57,5218.18,5182.96,17.61,1.00,17.61,5182.96,5165.35,5147.74,5130.14,5112.53,0.06,0.00,0.06,5165.35,2.00,2.00,0.00,5182.17,5186.78,5192.62,5185.82,5188.69,-0.517,11.29,25.36,35.91,31.57,-4.75,-4.07,-0.69,5196.70,5167.60,3597,2491,0.0,100.0,10,1,CROSS=EMA9<EMA21;TREND=1;STRUCT=1;VOL=1;COOL=1;EMA50=1;VWAP=1;BIAS=1,2.00,-0.58,24198.72,24410.46,full target: no partial booked
495,2026.03.11 16:20:42,2026.03.11 18:50:42,EXIT_TRAIL_SL,XAUUSD,M15,162,SELL,FULLTGT,EVENING,0,5200.57,5218.18,5182.96,17.61,1.00,17.61,5182.96,5165.35,5147.74,5130.14,5112.53,0.06,0.06,0.00,5183.04,0.00,1.00,104.76,5181.31,5185.97,5192.04,5182.17,5186.78,-0.513,11.84,28.10,43.69,44.97,-4.85,-4.13,-0.72,5196.03,5177.88,4068,2568,14.3,85.7,8,1,CROSS=EMA9<EMA21;TREND=1;STRUCT=1;VOL=1;COOL=1;EMA50=1;VWAP=1;BIAS=1,2.17,-0.58,24303.69,24303.69,stopped at a trailed level
496,2026.03.11 23:00:00,2026.03.12 01:30:00,SKIP,XAUUSD,M15,162,FLAT,NA,DAY,0,0.00,0.00,0.00,0.00,1.00,0.00,0.00,0.00,0.00,0.00,0.00,0.00,0.00,0.00,0.00,0.00,0.00,0.00,5176.80,5176.17,5180.93,5175.16,5175.46,-0.563,8.45,20.98,55.40,65.12,-0.63,-2.62,1.99,5187.94,5183.33,2400,2932,57.1,14.3,5,1,CROSS=EMA9<EMA21;TREND=1;STRUCT=1;VOL=1;COOL=1;EMA50=1;VWAP=1;BIAS=1,0.00,0.00,24303.69,24303.69,outside the killzone window
497,2026.03.12 01:00:00,2026.03.12 03:30:00,DAY_SUMMARY,XAUUSD,M15,162,FLAT,NA,DAY,0,0.00,0.00,0.00,0.00,1.00,0.00,0.00,0.00,0.00,0.00,0.00,0.00,0.00,0.00,0.00,0.00,1.00,104.76,5176.83,5176.43,5180.35,5177.05,5176.48,-0.562,6.98,18.19,49.00,47.79,-0.32,-1.17,0.85,5187.78,5175.96,657,2385,28.6,42.9,6,1,CROSS=EMA9<EMA21;TREND=1;STRUCT=1;VOL=1;COOL=1;EMA50=1;VWAP=1;BIAS=1,0.00,0.00,24303.69,24303.69,2026.03.11 trades=1 W=1 L=0 gross_profit=104.76 gross_loss=0.00 net=104.76 PF=0.00
498,2026.03.12 01:30:00,2026.03.12 04:00:00,SKIP,XAUUSD,M15,162,FLAT,NA,DAY,0,0.00,0.00,0.00,0.00,1.00,0.00,0.00,0.00,0.00,0.00,0.00,0.00,0.00,0.00,0.00,0.00,0.00,0.00,5175.19,5175.73,5179.75,5176.48,5176.31,-0.549,7.31,18.42,43.45,37.64,-0.88,-0.74,-0.14,5173.32,5170.01,1486,2177,0.0,71.4,5,1,CROSS=EMA9<EMA21;TREND=1;STRUCT=1;VOL=1;COOL=1;EMA50=1;VWAP=1;BIAS=1,0.00,0.00,24303.69,24303.69,already positioned that way
499,2026.03.12 05:15:00,2026.03.12 07:45:00,ENTRY,XAUUSD,M15,164,BUY,FULLTGT,DAY,0,5174.27,5149.73,5149.73,24.54,1.00,24.54,5198.81,5223.35,5247.88,5272.42,5296.96,0.04,0.04,0.04,5174.27,0.00,0.00,0.00,5162.41,5161.89,5168.84,5159.46,5160.65,-0.567,12.27,25.95,57.40,67.03,-1.63,-6.13,4.49,5155.49,5174.22,2293,2126,100.0,0.0,5,1,CROSS=EMA9>EMA21;TREND=1;STRUCT=1;VOL=1;COOL=1;EMA50=1;VWAP=1;BIAS=1,0.00,0.00,24303.55,24303.35,KZ=ASIA; KZR=NY H @ 5228.86 138 bars ago (high taken); DAY 12AM-4PM IST session: stop x1.00 of usual; no partials; full size to TP5; SL steps BE->TP1->TP2->TP3
500,2026.03.12 05:47:36,2026.03.12 08:17:36,EXIT_SL,XAUUSD,M15,164,BUY,FULLTGT,DAY,0,5174.27,5149.73,5149.73,24.54,1.00,24.54,5198.81,5223.35,5247.88,5272.42,5296.96,0.04,0.04,0.00,5149.70,0.00,-1.00,-98.56,5162.36,5162.01,5168.37,5163.57,5162.46,-0.493,12.91,24.16,46.46,42.53,-1.28,-4.38,3.10,5156.50,5157.52,3125,2288,42.9,42.9,5,1,CROSS=EMA9>EMA21;TREND=1;STRUCT=1;VOL=1;COOL=1;EMA50=1;VWAP=1;BIAS=1,0.04,-1.00,24205.13,24205.13,stopped at the initial SL (x1.00 of usual)
501,2026.03.12 06:00:00,2026.03.12 08:30:00,ENTRY,XAUUSD,M15,166,SELL,FULLTGT,DAY,0,5150.71,5177.52,5177.52,26.81,1.00,26.81,5123.90,5097.09,5070.28,5043.47,5016.66,0.04,0.04,0.04,5150.71,0.00,0.00,0.00,5160.03,5160.99,5167.68,5162.36,5162.01,-0.499,13.41,23.63,42.80,36.40,-2.06,-3.72,1.66,5156.18,5150.73,3176,2414,14.3,71.4,5,1,CROSS=EMA9<EMA21;TREND=1;STRUCT=1;VOL=1;COOL=1;EMA50=1;VWAP=1;BIAS=1,0.00,0.00,24204.99,24204.79,KZ=ASIA; KZR=NY H @ 5228.86 141 bars ago (high taken); DAY 12AM-4PM IST session: stop x1.00 of usual; no partials; full size to TP5; SL steps BE->TP1->TP2->TP3
502,2026.03.12 09:45:00,2026.03.12 12:15:00,FLIP,XAUUSD,M15,166,SELL,FULLTGT,DAY,0,5150.71,5177.52,5177.52,26.81,1.00,26.81,5123.90,5097.09,5070.28,5043.47,5016.66,0.04,0.00,0.00,5168.77,0.00,-0.67,0.00,5155.61,5155.07,5160.80,5152.38,5153.72,-0.658,8.71,20.06,60.49,71.54,-0.92,-3.56,2.64,5154.62,5168.56,2376,1994,85.7,0.0,7,1,CROSS=EMA9>EMA21;TREND=1;STRUCT=1;VOL=1;COOL=1;EMA50=1;VWAP=1;BIAS=1,0.50,-0.72,24204.99,24132.75,opposite signal before SL/target | SELL -> BUY | closing trade 166
503,2026.03.12 09:45:00,2026.03.12 12:15:00,EXIT_FLIP,XAUUSD,M15,166,SELL,FULLTGT,DAY,0,5150.71,5177.52,5177.52,26.81,1.00,26.81,5123.90,5097.09,5070.28,5043.47,5016.66,0.04,0.04,0.00,5168.77,0.00,-0.67,0.00,5155.61,5155.07,5160.80,5152.38,5153.72,-0.658,8.71,20.06,60.49,71.54,-0.92,-3.56,2.64,5154.62,5168.56,2376,1994,85.7,0.0,7,1,CROSS=EMA9>EMA21;TREND=1;STRUCT=1;VOL=1;COOL=1;EMA50=1;VWAP=1;BIAS=1,0.50,-0.72,24132.61,24132.61,FLIP exit
504,2026.03.12 09:45:00,2026.03.12 12:15:00,EXIT_OTHER,XAUUSD,M15,166,SELL,FULLTGT,DAY,0,5150.71,5177.52,5177.52,26.81,1.00,26.81,5123.90,5097.09,5070.28,5043.47,5016.66,0.04,0.04,0.00,5168.77,0.00,-0.67,-72.52,5155.61,5155.07,5160.80,5152.38,5153.72,-0.658,8.71,20.06,60.49,71.54,-0.92,-3.56,2.64,5154.62,5168.56,2376,1994,85.7,0.0,7,1,CROSS=EMA9>EMA21;TREND=1;STRUCT=1;VOL=1;COOL=1;EMA50=1;VWAP=1;BIAS=1,0.50,-0.72,24132.61,24132.61,FLIP exit
505,2026.03.12 09:45:00,2026.03.12 12:15:00,ENTRY,XAUUSD,M15,168,BUY,FULLTGT,DAY,166,5168.77,5151.36,5151.36,17.41,1.00,17.41,5186.18,5203.59,5221.00,5238.42,5255.83,0.06,0.06,0.06,5168.77,0.00,0.00,0.00,5155.61,5155.07,5160.80,5152.38,5153.72,-0.658,8.71,20.06,60.49,71.54,-0.92,-3.56,2.64,5154.62,5168.56,2376,1994,85.7,0.0,7,1,CROSS=EMA9>EMA21;TREND=1;STRUCT=1;VOL=1;COOL=1;EMA50=1;VWAP=1;BIAS=1,0.00,0.00,24132.40,24131.98,KZ=LONDON; KZR=NY H @ 5228.86 156 bars ago (high taken); DAY 12AM-4PM IST session: stop x1.00 of usual; no partials; full size to TP5; SL steps BE->TP1->TP2->TP3; flipped from trade 166
506,2026.03.12 11:01:19,2026.03.12 13:31:19,SL_MOVE,XAUUSD,M15,168,BUY,FULLTGT,DAY,166,5168.77,5151.36,5168.77,17.41,1.00,17.41,5186.18,5203.59,5221.00,5238.42,5255.83,0.06,0.00,0.06,5168.77,1.00,0.00,0.00,5168.72,5162.28,5163.13,5165.39,5160.30,-0.110,7.77,25.16,67.66,76.07,4.49,0.09,4.40,5156.61,5182.04,2097,1814,100.0,0.0,11,1,CROSS=EMA9>EMA21;TREND=1;STRUCT=1;VOL=1;COOL=1;EMA50=1;VWAP=1;BIAS=1,1.00,-0.24,24132.40,24237.28,stop to breakeven
507,2026.03.12 11:01:19,2026.03.12 13:31:19,TP1_REACHED,XAUUSD,M15,168,BUY,FULLTGT,DAY,166,5168.77,5151.36,5168.77,17.41,1.00,17.41,5186.18,5203.59,5221.00,5238.42,5255.83,0.06,0.00,0.06,5186.18,1.00,1.00,0.00,5168.72,5162.28,5163.13,5165.39,5160.30,-0.110,7.77,25.16,67.66,76.07,4.49,0.09,4.40,5156.61,5182.04,2097,1814,100.0,0.0,11,1,CROSS=EMA9>EMA21;TREND=1;STRUCT=1;VOL=1;COOL=1;EMA50=1;VWAP=1;BIAS=1,1.00,-0.24,24132.40,24237.28,full target: no partial booked
508,2026.03.12 15:07:38,2026.03.12 17:37:38,EXIT_BE,XAUUSD,M15,168,BUY,FULLTGT,EVENING,166,5168.77,5151.36,5168.77,17.41,1.00,17.41,5186.18,5203.59,5221.00,5238.42,5255.83,0.06,0.06,0.00,5168.77,0.00,0.00,-0.42,5180.05,5176.81,5171.56,5180.29,5176.58,0.800,6.55,20.69,54.65,41.37,4.34,5.99,-1.66,5163.19,5179.09,1726,1888,42.9,28.6,10,1,CROSS=EMA9>EMA21;TREND=1;STRUCT=1;VOL=1;COOL=1;EMA50=1;VWAP=1;BIAS=1,1.32,-0.24,24132.19,24132.19,stopped at breakeven
509,2026.03.12 16:45:00,2026.03.12 19:15:00,ENTRY,XAUUSD,M15,170,SELL,FULLTGT,EVENING,0,5159.26,5175.93,5175.93,16.67,1.00,16.67,5142.59,5125.92,5109.24,5092.57,5075.90,0.07,0.07,0.07,5159.26,0.00,0.00,0.00,5173.65,5174.84,5171.92,5177.23,5176.39,0.350,8.34,19.93,38.86,31.22,0.34,2.67,-2.33,5164.74,5159.32,4655,2359,0.0,85.7,5,1,CROSS=EMA9<EMA21;TREND=1;STRUCT=1;VOL=1;COOL=1;EMA50=1;VWAP=1;BIAS=1,0.00,0.00,24131.94,24131.59,KZ=NY; KZR=NY H @ 5228.86 184 bars ago (high taken); EVENING 4PM-12AM IST session: stop x1.00 of usual; no partials; full size to TP5; SL steps BE->TP1->TP2->TP3
510,2026.03.12 17:37:59,2026.03.12 20:07:59,SL_MOVE,XAUUSD,M15,170,SELL,FULLTGT,EVENING,0,5159.26,5175.93,5159.26,16.67,1.00,16.67,5142.59,5125.92,5109.24,5092.57,5075.90,0.07,0.00,0.07,5159.26,1.00,0.00,0.00,5164.47,5169.86,5169.98,5167.55,5171.63,-0.013,9.46,23.09,38.16,32.28,-3.44,0.51,-3.95,5163.96,5152.16,3872,2683,0.0,85.7,5,1,CROSS=EMA9<EMA21;TREND=1;STRUCT=1;VOL=1;COOL=1;EMA50=1;VWAP=1;BIAS=1,1.00,-0.27,24131.94,24248.91,stop to breakeven
511,2026.03.12 17:37:59,2026.03.12 20:07:59,TP1_REACHED,XAUUSD,M15,170,SELL,FULLTGT,EVENING,0,5159.26,5175.93,5159.26,16.67,1.00,16.67,5142.59,5125.92,5109.24,5092.57,5075.90,0.07,0.00,0.07,5142.59,1.00,1.00,0.00,5164.47,5169.86,5169.98,5167.55,5171.63,-0.013,9.46,23.09,38.16,32.28,-3.44,0.51,-3.95,5163.96,5152.16,3872,2683,0.0,85.7,5,1,CROSS=EMA9<EMA21;TREND=1;STRUCT=1;VOL=1;COOL=1;EMA50=1;VWAP=1;BIAS=1,1.00,-0.27,24131.94,24248.91,full target: no partial booked
512,2026.03.12 18:11:18,2026.03.12 20:41:18,SL_MOVE,XAUUSD,M15,170,SELL,FULLTGT,EVENING,0,5159.26,5175.93,5142.59,16.67,1.00,16.67,5142.59,5125.92,5109.24,5092.57,5075.90,0.07,0.00,0.07,5142.59,2.00,0.00,0.00,5157.68,5165.69,5168.13,5161.34,5167.95,-0.240,10.18,28.16,33.92,25.77,-5.95,-1.17,-4.78,5163.05,5143.04,4093,2873,0.0,100.0,5,1,CROSS=EMA9<EMA21;TREND=1;STRUCT=1;VOL=1;COOL=1;EMA50=1;VWAP=1;BIAS=1,1.99,-0.27,24131.94,24365.39,stop trailed to TP1
513,2026.03.12 18:11:18,2026.03.12 20:41:18,TP2_REACHED,XAUUSD,M15,170,SELL,FULLTGT,EVENING,0,5159.26,5175.93,5142.59,16.67,1.00,16.67,5142.59,5125.92,5109.24,5092.57,5075.90,0.07,0.00,0.07,5125.92,2.00,2.00,0.00,5157.68,5165.69,5168.13,5161.34,5167.95,-0.240,10.18,28.16,33.92,25.77,-5.95,-1.17,-4.78,5163.05,5143.04,4093,2873,0.0,100.0,5,1,CROSS=EMA9<EMA21;TREND=1;STRUCT=1;VOL=1;COOL=1;EMA50=1;VWAP=1;BIAS=1,1.99,-0.27,24131.94,24365.39,full target: no partial booked
514,2026.03.12 20:41:23,2026.03.12 23:11:23,SL_MOVE,XAUUSD,M15,170,SELL,FULLTGT,EVENING,0,5159.26,5175.93,5125.92,16.67,1.00,16.67,5142.59,5125.92,5109.24,5092.57,5075.90,0.07,0.00,0.07,5125.92,3.00,0.00,0.00,5129.15,5141.89,5154.70,5131.72,5144.19,-0.925,13.85,44.55,30.18,32.40,-12.70,-11.50,-1.20,5156.19,5118.87,3761,3797,0.0,85.7,5,1,CROSS=EMA9<EMA21;TREND=1;STRUCT=1;VOL=1;COOL=1;EMA50=1;VWAP=1;BIAS=1,3.00,-0.27,24131.94,24482.08,stop trailed to TP2
515,2026.03.12 20:41:23,2026.03.12 23:11:23,TP3_REACHED,XAUUSD,M15,170,SELL,FULLTGT,EVENING,0,5159.26,5175.93,5125.92,16.67,1.00,16.67,5142.59,5125.92,5109.24,5092.57,5075.90,0.07,0.00,0.07,5109.24,3.00,3.00,0.00,5129.15,5141.89,5154.70,5131.72,5144.19,-0.925,13.85,44.55,30.18,32.40,-12.70,-11.50,-1.20,5156.19,5118.87,3761,3797,0.0,85.7,5,1,CROSS=EMA9<EMA21;TREND=1;STRUCT=1;VOL=1;COOL=1;EMA50=1;VWAP=1;BIAS=1,3.00,-0.27,24131.94,24482.08,full target: no partial booked
516,2026.03.12 21:49:40,2026.03.13 00:19:40,SL_MOVE,XAUUSD,M15,170,SELL,FULLTGT,DAY,0,5159.26,5175.93,5109.24,16.67,1.00,16.67,5142.59,5125.92,5109.24,5092.57,5075.90,0.07,0.00,0.07,5109.24,4.00,0.00,0.00,5112.43,5127.86,5145.72,5115.82,5130.77,-1.353,13.20,60.23,23.95,26.53,-15.75,-13.56,-2.19,5152.24,5098.85,3161,3771,0.0,85.7,5,1,CROSS=EMA9<EMA21;TREND=1;STRUCT=1;VOL=1;COOL=1;EMA50=1;VWAP=1;BIAS=1,4.00,-0.27,24131.94,24599.12,stop trailed to TP3
517,2026.03.12 21:49:40,2026.03.13 00:19:40,TP4_REACHED,XAUUSD,M15,170,SELL,FULLTGT,DAY,0,5159.26,5175.93,5109.24,16.67,1.00,16.67,5142.59,5125.92,5109.24,5092.57,5075.90,0.07,0.00,0.07,5092.57,4.00,4.00,0.00,5112.43,5127.86,5145.72,5115.82,5130.77,-1.353,13.20,60.23,23.95,26.53,-15.75,-13.56,-2.19,5152.24,5098.85,3161,3771,0.0,85.7,5,1,CROSS=EMA9<EMA21;TREND=1;STRUCT=1;VOL=1;COOL=1;EMA50=1;VWAP=1;BIAS=1,4.00,-0.27,24131.94,24599.12,full target: no partial booked
518,2026.03.12 23:26:31,2026.03.13 01:56:31,TP5_EXIT,XAUUSD,M15,170,SELL,FULLTGT,DAY,0,5159.26,5175.93,5109.24,16.67,1.00,16.67,5142.59,5125.92,5109.24,5092.57,5075.90,0.07,0.07,0.00,5075.85,5.00,5.00,0.00,5094.57,5110.83,5133.61,5096.92,5113.40,-1.853,12.30,71.96,25.64,33.53,-17.52,-16.58,-0.94,5147.38,5085.16,1799,3434,0.0,85.7,5,1,CROSS=EMA9<EMA21;TREND=1;STRUCT=1;VOL=1;COOL=1;EMA50=1;VWAP=1;BIAS=1,5.00,-0.27,24715.56,24715.56,full target reached; closed in full
519,2026.03.12 23:26:31,2026.03.13 01:56:31,EXIT_TP,XAUUSD,M15,170,SELL,FULLTGT,DAY,0,5159.26,5175.93,5109.24,16.67,1.00,16.67,5142.59,5125.92,5109.24,5092.57,5075.90,0.07,0.07,0.00,5075.85,0.00,5.00,583.37,5094.57,5110.83,5133.61,5096.92,5113.40,-1.853,12.30,71.96,25.64,33.53,-17.52,-16.58,-0.94,5147.38,5085.16,1799,3434,0.0,85.7,5,1,CROSS=EMA9<EMA21;TREND=1;STRUCT=1;VOL=1;COOL=1;EMA50=1;VWAP=1;BIAS=1,5.00,-0.27,24715.56,24715.56,TP5 exit
520,2026.03.13 01:00:00,2026.03.13 03:30:00,DAY_SUMMARY,XAUUSD,M15,170,FLAT,NA,DAY,0,0.00,0.00,0.00,0.00,1.00,0.00,0.00,0.00,0.00,0.00,0.00,0.00,0.00,0.00,0.00,0.00,3.33,411.87,5084.98,5101.82,5126.92,5086.46,5104.10,-2.225,11.29,71.27,28.80,40.53,-18.39,-17.67,-0.72,5145.27,5079.04,1551,3189,0.0,85.7,7,1,CROSS=EMA9<EMA21;TREND=1;STRUCT=1;VOL=1;COOL=1;EMA50=1;VWAP=1;BIAS=1,0.00,0.00,24715.56,24715.56,2026.03.12 trades=4 W=1 L=3 gross_profit=583.37 gross_loss=171.50 net=411.87 PF=3.40
521,2026.03.13 04:00:00,2026.03.13 06:30:00,ENTRY,XAUUSD,M15,172,BUY,FULLTGT,DAY,0,5113.86,5093.84,5093.84,20.02,1.00,20.02,5133.88,5153.89,5173.91,5193.92,5213.94,0.06,0.06,0.06,5113.86,0.00,0.00,0.00,5102.37,5100.83,5116.20,5099.51,5099.54,-1.536,10.01,42.68,58.52,72.90,-2.44,-8.08,5.64,5096.40,5113.80,1686,2098,85.7,0.0,7,1,CROSS=EMA9>EMA21;TREND=1;STRUCT=1;VOL=1;COOL=1;EMA50=1;VWAP=1;BIAS=1,0.00,0.00,24715.35,24714.93,KZ=ASIA; KZR=NY L @ 5065.54 17 bars ago (low taken); DAY 12AM-4PM IST session: stop x1.00 of usual; no partials; full size to TP5; SL steps BE->TP1->TP2->TP3
522,2026.03.13 08:00:00,2026.03.13 10:30:00,FLIP,XAUUSD,M15,172,BUY,FULLTGT,DAY,0,5113.86,5093.84,5093.84,20.02,1.00,20.02,5133.88,5153.89,5173.91,5193.92,5213.94,0.06,0.00,0.00,5104.80,0.00,-0.45,0.00,5109.37,5109.58,5114.81,5110.61,5110.10,-0.734,7.12,24.08,44.28,35.90,0.19,2.02,-1.83,5107.64,5104.40,950,1827,0.0,71.4,5,1,CROSS=EMA9<EMA21;TREND=1;STRUCT=1;VOL=1;COOL=1;EMA50=1;VWAP=1;BIAS=1,0.72,-0.56,24715.35,24660.99,opposite signal before SL/target | BUY -> SELL | closing trade 172
523,2026.03.13 08:00:00,2026.03.13 10:30:00,EXIT_FLIP,XAUUSD,M15,172,BUY,FULLTGT,DAY,0,5113.86,5093.84,5093.84,20.02,1.00,20.02,5133.88,5153.89,5173.91,5193.92,5213.94,0.06,0.06,0.00,5104.80,0.00,-0.45,0.00,5109.37,5109.58,5114.81,5110.61,5110.10,-0.734,7.12,24.08,44.28,35.90,0.19,2.02,-1.83,5107.64,5104.40,950,1827,0.0,71.4,5,1,CROSS=EMA9<EMA21;TREND=1;STRUCT=1;VOL=1;COOL=1;EMA50=1;VWAP=1;BIAS=1,0.72,-0.56,24660.78,24660.78,FLIP exit
524,2026.03.13 08:00:00,2026.03.13 10:30:00,EXIT_OTHER,XAUUSD,M15,172,BUY,FULLTGT,DAY,0,5113.86,5093.84,5093.84,20.02,1.00,20.02,5133.88,5153.89,5173.91,5193.92,5213.94,0.06,0.06,0.00,5104.80,0.00,-0.45,-54.78,5109.37,5109.58,5114.81,5110.61,5110.10,-0.734,7.12,24.08,44.28,35.90,0.19,2.02,-1.83,5107.64,5104.40,950,1827,0.0,71.4,5,1,CROSS=EMA9<EMA21;TREND=1;STRUCT=1;VOL=1;COOL=1;EMA50=1;VWAP=1;BIAS=1,0.72,-0.56,24660.78,24660.78,FLIP exit
525,2026.03.13 08:00:00,2026.03.13 10:30:00,ENTRY,XAUUSD,M15,174,SELL,FULLTGT,DAY,172,5104.80,5119.04,5119.04,14.24,1.00,14.24,5090.56,5076.31,5062.07,5047.82,5033.58,0.08,0.08,0.08,5104.80,0.00,0.00,0.00,5109.37,5109.58,5114.81,5110.61,5110.10,-0.734,7.12,24.08,44.28,35.90,0.19,2.02,-1.83,5107.64,5104.40,950,1827,0.0,71.4,5,1,CROSS=EMA9<EMA21;TREND=1;STRUCT=1;VOL=1;COOL=1;EMA50=1;VWAP=1;BIAS=1,0.00,0.00,24660.50,24660.10,KZ=LONDON; KZR=NY L @ 5065.54 33 bars ago (low taken); DAY 12AM-4PM IST session: stop x1.00 of usual; no partials; full size to TP5; SL steps BE->TP1->TP2->TP3; flipped from trade 172
526,2026.03.13 09:28:37,2026.03.13 11:58:37,SL_MOVE,XAUUSD,M15,174,SELL,FULLTGT,DAY,172,5104.80,5119.04,5104.80,14.24,1.00,14.24,5090.56,5076.31,5062.07,5047.82,5033.58,0.08,0.00,0.08,5104.80,1.00,0.00,0.00,5105.85,5107.62,5112.95,5106.31,5107.98,-0.736,7.24,17.86,45.49,35.14,-1.32,0.14,-1.46,5107.10,5104.04,2379,1865,14.3,71.4,8,1,CROSS=EMA9<EMA21;TREND=1;STRUCT=1;VOL=1;COOL=1;EMA50=1;VWAP=1;BIAS=1,1.00,-0.44,24660.50,24774.58,stop to breakeven
527,2026.03.13 09:28:37,2026.03.13 11:58:37,TP1_REACHED,XAUUSD,M15,174,SELL,FULLTGT,DAY,172,5104.80,5119.04,5104.80,14.24,1.00,14.24,5090.56,5076.31,5062.07,5047.82,5033.58,0.08,0.00,0.08,5090.56,1.00,1.00,0.00,5105.85,5107.62,5112.95,5106.31,5107.98,-0.736,7.24,17.86,45.49,35.14,-1.32,0.14,-1.46,5107.10,5104.04,2379,1865,14.3,71.4,8,1,CROSS=EMA9<EMA21;TREND=1;STRUCT=1;VOL=1;COOL=1;EMA50=1;VWAP=1;BIAS=1,1.00,-0.44,24660.50,24774.58,full target: no partial booked
528,2026.03.13 10:19:39,2026.03.13 12:49:39,SL_MOVE,XAUUSD,M15,174,SELL,FULLTGT,DAY,172,5104.80,5119.04,5090.56,14.24,1.00,14.24,5090.56,5076.31,5062.07,5047.82,5033.58,0.08,0.00,0.08,5090.56,2.00,0.00,0.00,5097.10,5102.45,5109.76,5098.80,5103.66,-0.971,7.54,27.62,35.78,33.35,-4.48,-1.88,-2.60,5104.71,5090.29,2566,1922,14.3,85.7,9,1,CROSS=EMA9<EMA21;TREND=1;STRUCT=1;VOL=1;COOL=1;EMA50=1;VWAP=1;BIAS=1,2.00,-0.44,24660.50,24888.74,stop trailed to TP1
529,2026.03.13 10:19:39,2026.03.13 12:49:39,TP2_REACHED,XAUUSD,M15,174,SELL,FULLTGT,DAY,172,5104.80,5119.04,5090.56,14.24,1.00,14.24,5090.56,5076.31,5062.07,5047.82,5033.58,0.08,0.00,0.08,5076.31,2.00,2.00,0.00,5097.10,5102.45,5109.76,5098.80,5103.66,-0.971,7.54,27.62,35.78,33.35,-4.48,-1.88,-2.60,5104.71,5090.29,2566,1922,14.3,85.7,9,1,CROSS=EMA9<EMA21;TREND=1;STRUCT=1;VOL=1;COOL=1;EMA50=1;VWAP=1;BIAS=1,2.00,-0.44,24660.50,24888.74,full target: no partial booked
530,2026.03.13 10:34:38,2026.03.13 13:04:38,EXIT_TRAIL_SL,XAUUSD,M15,174,SELL,FULLTGT,DAY,172,5104.80,5119.04,5090.56,14.24,1.00,14.24,5090.56,5076.31,5062.07,5047.82,5033.58,0.08,0.08,0.00,5090.56,0.00,1.00,113.36,5094.66,5100.85,5108.79,5097.10,5102.45,-0.973,8.16,31.79,32.13,36.81,-5.28,-2.48,-2.80,5103.88,5084.89,2776,1973,0.0,100.0,5,1,CROSS=EMA9<EMA21;TREND=1;STRUCT=1;VOL=1;COOL=1;EMA50=1;VWAP=1;BIAS=1,2.32,-0.44,24774.14,24774.14,stopped at a trailed level
531,2026.03.13 15:00:00,2026.03.13 17:30:00,ENTRY,XAUUSD,M15,176,BUY,FULLTGT,EVENING,0,5107.50,5084.98,5084.98,22.52,1.00,22.52,5130.02,5152.54,5175.06,5197.58,5220.10,0.05,0.05,0.05,5107.50,0.00,0.00,0.00,5095.04,5093.42,5099.22,5091.83,5091.98,-0.514,11.26,15.96,60.73,69.59,-0.09,-2.89,2.79,5098.09,5107.84,2331,2293,85.7,0.0,12,1,CROSS=EMA9>EMA21;TREND=1;STRUCT=1;VOL=1;COOL=1;EMA50=1;VWAP=1;BIAS=1,0.00,0.00,24773.96,24773.36,KZ=NY; KZR=NY L @ 5065.54 61 bars ago (low taken); EVENING 4PM-12AM IST session: stop x1.00 of usual; no partials; full size to TP5; SL steps BE->TP1->TP2->TP3
532,2026.03.13 17:17:27,2026.03.13 19:47:27,EXIT_SL,XAUUSD,M15,176,BUY,FULLTGT,EVENING,0,5107.50,5084.98,5084.98,22.52,1.00,22.52,5130.02,5152.54,5175.06,5197.58,5220.10,0.05,0.05,0.00,5084.96,0.00,-1.00,-113.06,5104.06,5101.55,5101.98,5107.33,5102.61,-0.040,10.86,22.51,42.97,35.48,2.71,3.66,-0.95,5100.43,5090.99,4138,2688,14.3,71.4,9,1,CROSS=EMA9>EMA21;TREND=1;STRUCT=1;VOL=1;COOL=1;EMA50=1;VWAP=1;BIAS=1,0.64,-1.00,24661.08,24661.08,stopped at the initial SL (x1.00 of usual)
533,2026.03.13 17:45:00,2026.03.13 20:15:00,SKIP,XAUUSD,M15,176,FLAT,NA,EVENING,0,0.00,0.00,0.00,0.00,1.00,0.00,0.00,0.00,0.00,0.00,0.00,0.00,0.00,0.00,0.00,0.00,0.00,0.00,5096.73,5098.51,5100.61,5101.07,5100.42,-0.186,11.28,25.99,36.52,28.98,-0.50,3.36,-3.86,5099.60,5079.39,4223,2905,0.0,100.0,5,1,CROSS=EMA9>EMA21;TREND=1;STRUCT=1;VOL=1;COOL=1;EMA50=1;VWAP=1;BIAS=1,0.00,0.00,24661.08,24661.08,outside the killzone window
534,2026.03.16 01:00:00,2026.03.16 03:30:00,DAY_SUMMARY,XAUUSD,M15,176,FLAT,NA,DAY,0,0.00,0.00,0.00,0.00,1.00,0.00,0.00,0.00,0.00,0.00,0.00,0.00,0.00,0.00,0.00,0.00,-0.45,-54.48,5025.65,5038.66,5060.29,5027.39,5040.66,-1.772,12.20,40.67,34.00,40.98,-14.32,-13.11,-1.20,5079.73,5018.66,1336,3085,0.0,85.7,5,1,CROSS=EMA9>EMA21;TREND=1;STRUCT=1;VOL=1;COOL=1;EMA50=1;VWAP=1;BIAS=1,0.00,0.00,24661.08,24661.08,2026.03.13 trades=3 W=1 L=2 gross_profit=113.36 gross_loss=167.84 net=-54.48 PF=0.68
535,2026.03.16 01:00:00,2026.03.16 03:30:00,WEEK_SUMMARY,XAUUSD,M15,176,FLAT,NA,DAY,0,0.00,0.00,0.00,0.00,1.00,0.00,0.00,0.00,0.00,0.00,0.00,0.00,0.00,0.00,0.00,0.00,5.08,581.13,5025.65,5038.66,5060.29,5027.39,5040.66,-1.772,12.20,40.67,34.00,40.98,-14.32,-13.11,-1.20,5079.73,5018.66,1336,3085,0.0,85.7,5,1,CROSS=EMA9>EMA21;TREND=1;STRUCT=1;VOL=1;COOL=1;EMA50=1;VWAP=1;BIAS=1,0.00,0.00,24661.08,24661.08,days=5 trades=12 W=5 L=7 gross_profit=1117.00 gross_loss=535.87 net=581.13 PF=2.08 pips=7545.0
536,2026.03.16 07:15:00,2026.03.16 09:45:00,SKIP,XAUUSD,M15,176,FLAT,NA,DAY,0,0.00,0.00,0.00,0.00,1.00,0.00,0.00,0.00,0.00,0.00,0.00,0.00,0.00,0.00,0.00,0.00,0.00,0.00,5014.15,5013.89,5028.76,5011.57,5012.83,-0.887,16.78,26.25,54.02,65.69,-2.59,-6.15,3.56,5007.14,5024.45,1679,3091,85.7,0.0,6,1,CROSS=EMA9>EMA21;TREND=1;STRUCT=1;VOL=1;COOL=1;EMA50=1;VWAP=1;BIAS=1,0.00,0.00,24661.08,24661.08,outside the killzone window
537,2026.03.16 08:30:00,2026.03.16 11:00:00,SKIP,XAUUSD,M15,176,FLAT,NA,DAY,0,0.00,0.00,0.00,0.00,1.00,0.00,0.00,0.00,0.00,0.00,0.00,0.00,0.00,0.00,0.00,0.00,0.00,0.00,5014.00,5014.13,5026.23,5014.77,5014.45,-1.033,11.72,22.76,47.07,43.16,-1.64,-2.87,1.22,5007.93,5010.94,1561,2604,28.6,42.9,5,1,CROSS=EMA9<EMA21;TREND=1;STRUCT=1;VOL=1;COOL=1;EMA50=1;VWAP=0;BIAS=1,0.00,0.00,24661.08,24661.08,quality filter
538,2026.03.16 08:45:00,2026.03.16 11:15:00,SKIP,XAUUSD,M15,176,FLAT,NA,DAY,0,0.00,0.00,0.00,0.00,1.00,0.00,0.00,0.00,0.00,0.00,0.00,0.00,0.00,0.00,0.00,0.00,0.00,0.00,5014.46,5014.33,5025.84,5014.00,5014.13,-0.961,11.98,24.00,50.34,53.83,-1.32,-2.29,0.98,5008.07,5016.30,2787,2611,85.7,0.0,5,1,CROSS=EMA9>EMA21;TREND=1;STRUCT=1;VOL=1;COOL=1;EMA50=1;VWAP=1;BIAS=1,0.00,0.00,24661.08,24661.08,already positioned that way
539,2026.03.16 10:30:00,2026.03.16 13:00:00,ENTRY,XAUUSD,M15,178,SELL,FULLTGT,DAY,0,5002.35,5020.51,5020.51,18.16,1.00,18.16,4984.19,4966.02,4947.86,4929.70,4911.54,0.06,0.06,0.06,5002.35,0.00,0.00,0.00,5013.96,5015.01,5023.57,5016.86,5016.28,-0.942,9.08,20.25,41.17,34.76,-1.18,-0.23,-0.95,5009.71,5002.35,2838,2251,0.0,85.7,5,1,CROSS=EMA9<EMA21;TREND=1;STRUCT=1;VOL=1;COOL=1;EMA50=1;VWAP=1;BIAS=1,0.00,0.00,24660.87,24660.57,KZ=LONDON; KZR=Asia L @ 5014.99 238 bars ago (low taken); DAY 12AM-4PM IST session: stop x1.00 of usual; no partials; full size to TP5; SL steps BE->TP1->TP2->TP3
540,2026.03.16 12:03:13,2026.03.16 14:33:13,SL_MOVE,XAUUSD,M15,178,SELL,FULLTGT,DAY,0,5002.35,5020.51,5002.35,18.16,1.00,18.16,4984.19,4966.02,4947.86,4929.70,4911.54,0.06,0.00,0.06,5002.35,1.00,0.00,0.00,4997.41,5004.90,5016.81,4998.96,5006.27,-1.220,9.76,32.95,40.10,41.93,-6.83,-3.48,-3.35,5007.66,4991.18,2268,2283,0.0,85.7,10,1,CROSS=EMA9<EMA21;TREND=1;STRUCT=1;VOL=1;COOL=1;EMA50=1;VWAP=1;BIAS=1,1.00,-0.27,24660.87,24770.01,stop to breakeven
541,2026.03.16 12:03:13,2026.03.16 14:33:13,TP1_REACHED,XAUUSD,M15,178,SELL,FULLTGT,DAY,0,5002.35,5020.51,5002.35,18.16,1.00,18.16,4984.19,4966.02,4947.86,4929.70,4911.54,0.06,0.00,0.06,4984.19,1.00,1.00,0.00,4997.41,5004.90,5016.81,4998.96,5006.27,-1.220,9.76,32.95,40.10,41.93,-6.83,-3.48,-3.35,5007.66,4991.18,2268,2283,0.0,85.7,10,1,CROSS=EMA9<EMA21;TREND=1;STRUCT=1;VOL=1;COOL=1;EMA50=1;VWAP=1;BIAS=1,1.00,-0.27,24660.87,24770.01,full target: no partial booked
542,2026.03.16 14:10:38,2026.03.16 16:40:38,EXIT_BE,XAUUSD,M15,178,SELL,FULLTGT,EVENING,0,5002.35,5020.51,5002.35,18.16,1.00,18.16,4984.19,4966.02,4947.86,4929.70,4911.54,0.06,0.06,0.00,5002.37,0.00,-0.00,-0.54,4988.54,4994.59,5008.14,4985.98,4994.17,-1.188,11.41,37.92,50.80,61.45,-7.17,-8.21,1.04,5004.18,4998.78,2770,2622,71.4,28.6,5,1,CROSS=EMA9<EMA21;TREND=1;STRUCT=1;VOL=1;COOL=1;EMA50=1;VWAP=1;BIAS=1,1.77,-0.27,24660.54,24660.54,stopped at breakeven
543,2026.03.16 14:45:00,2026.03.16 17:15:00,ENTRY,XAUUSD,M15,180,BUY,FULLTGT,EVENING,0,5015.70,4992.16,4992.16,23.54,1.00,23.54,5039.24,5062.78,5086.33,5109.87,5133.41,0.05,0.05,0.05,5015.70,0.00,0.00,0.00,5000.66,4999.13,5008.65,4996.92,4997.48,-0.808,11.77,37.38,58.76,68.05,-1.23,-6.87,5.64,5004.53,5015.63,2215,2617,85.7,0.0,5,1,CROSS=EMA9>EMA21;TREND=1;STRUCT=1;VOL=1;COOL=1;EMA50=1;VWAP=1;BIAS=1,0.00,0.00,24660.36,24660.11,KZ=NY; KZR=Asia L @ 5014.99 255 bars ago (low taken); EVENING 4PM-12AM IST session: stop x1.00 of usual; no partials; full size to TP5; SL steps BE->TP1->TP2->TP3
544,2026.03.16 17:48:28,2026.03.16 20:18:28,EXIT_SL,XAUUSD,M15,180,BUY,FULLTGT,EVENING,0,5015.70,4992.16,4992.16,23.54,1.00,23.54,5039.24,5062.78,5086.33,5109.87,5133.41,0.05,0.05,0.00,4992.08,0.00,-1.00,-118.46,5016.71,5012.37,5012.36,5020.64,5013.51,0.001,12.97,24.72,44.55,31.18,4.47,5.17,-0.70,5007.73,5001.00,3975,3175,14.3,71.4,10,1,CROSS=EMA9>EMA21;TREND=1;STRUCT=1;VOL=1;COOL=1;EMA50=1;VWAP=1;BIAS=1,0.95,-1.00,24542.08,24542.08,stopped at the initial SL (x1.00 of usual)
545,2026.03.16 18:30:00,2026.03.16 21:00:00,SKIP,XAUUSD,M15,180,FLAT,NA,EVENING,0,0.00,0.00,0.00,0.00,1.00,0.00,0.00,0.00,0.00,0.00,0.00,0.00,0.00,0.00,0.00,0.00,0.00,0.00,5006.22,5008.16,5010.46,5009.82,5009.79,-0.170,13.57,30.56,40.65,32.34,-0.33,4.38,-4.71,5007.04,4991.84,3396,3332,0.0,100.0,8,1,CROSS=EMA9>EMA21;TREND=1;STRUCT=1;VOL=1;COOL=1;EMA50=1;VWAP=1;BIAS=1,0.00,0.00,24542.08,24542.08,outside the killzone window
546,2026.03.16 21:45:00,2026.03.17 00:15:00,SKIP,XAUUSD,M15,180,FLAT,NA,DAY,0,0.00,0.00,0.00,0.00,1.00,0.00,0.00,0.00,0.00,0.00,0.00,0.00,0.00,0.00,0.00,0.00,0.00,0.00,5000.39,5000.27,5004.52,4996.84,4998.84,-0.326,13.03,28.01,57.12,69.53,-1.06,-3.91,2.85,5004.87,5014.59,3059,3424,85.7,0.0,5,1,CROSS=EMA9>EMA21;TREND=1;STRUCT=1;VOL=1;COOL=1;EMA50=1;VWAP=1;BIAS=1,0.00,0.00,24542.08,24542.08,outside the killzone window
547,2026.03.17 01:00:00,2026.03.17 03:30:00,DAY_SUMMARY,XAUUSD,M15,180,FLAT,NA,DAY,0,0.00,0.00,0.00,0.00,1.00,0.00,0.00,0.00,0.00,0.00,0.00,0.00,0.00,0.00,0.00,0.00,-1.00,-119.00,5009.54,5006.70,5006.66,5010.36,5006.74,0.004,10.18,26.55,50.13,43.35,2.49,1.98,0.50,5005.44,5006.25,1060,2692,57.1,28.6,8,1,CROSS=EMA9>EMA21;TREND=1;STRUCT=1;VOL=1;COOL=1;EMA50=1;VWAP=1;BIAS=1,0.00,0.00,24542.08,24542.08,2026.03.16 trades=2 W=0 L=2 gross_profit=0.00 gross_loss=119.00 net=-119.00 PF=0.00
548,2026.03.17 02:00:00,2026.03.17 04:30:00,ENTRY,XAUUSD,M15,182,SELL,FULLTGT,DAY,0,5002.34,5020.13,5020.13,17.79,1.00,17.79,4984.55,4966.76,4948.97,4931.19,4913.40,0.06,0.06,0.06,5002.34,0.00,0.00,0.00,5005.25,5005.32,5006.03,5005.97,5005.62,-0.080,8.89,19.93,47.40,43.87,0.40,2.02,-1.62,5003.81,5002.34,1219,2320,0.0,71.4,5,1,CROSS=EMA9<EMA21;TREND=1;STRUCT=1;VOL=1;COOL=1;EMA50=1;VWAP=1;BIAS=1,0.00,0.00,24541.87,24541.57,KZ=ASIA; KZR=NY L @ 4993.22 32 bars ago (low taken); DAY 12AM-4PM IST session: stop x1.00 of usual; no partials; full size to TP5; SL steps BE->TP1->TP2->TP3
549,2026.03.17 02:15:00,2026.03.17 04:45:00,FLIP,XAUUSD,M15,182,SELL,FULLTGT,DAY,0,5002.34,5020.13,5020.13,17.79,1.00,17.79,4984.55,4966.76,4948.97,4931.19,4913.40,0.06,0.00,0.00,5006.18,0.00,-0.22,0.00,5005.42,5005.39,5006.03,5005.25,5005.32,-0.074,8.64,17.79,50.88,49.98,0.42,1.82,-1.40,5003.96,5006.13,1007,2209,42.9,28.6,5,1,CROSS=EMA9>EMA21;TREND=1;STRUCT=1;VOL=1;COOL=1;EMA50=1;VWAP=1;BIAS=1,0.02,-0.23,24541.87,24518.83,opposite signal before SL/target | SELL -> BUY | closing trade 182
550,2026.03.17 02:15:00,2026.03.17 04:45:00,EXIT_FLIP,XAUUSD,M15,182,SELL,FULLTGT,DAY,0,5002.34,5020.13,5020.13,17.79,1.00,17.79,4984.55,4966.76,4948.97,4931.19,4913.40,0.06,0.06,0.00,5006.18,0.00,-0.22,0.00,5005.42,5005.39,5006.03,5005.25,5005.32,-0.074,8.64,17.79,50.88,49.98,0.42,1.82,-1.40,5003.96,5006.13,1007,2209,42.9,28.6,5,1,CROSS=EMA9>EMA21;TREND=1;STRUCT=1;VOL=1;COOL=1;EMA50=1;VWAP=1;BIAS=1,0.02,-0.23,24518.62,24518.62,FLIP exit
551,2026.03.17 02:15:00,2026.03.17 04:45:00,EXIT_OTHER,XAUUSD,M15,182,SELL,FULLTGT,DAY,0,5002.34,5020.13,5020.13,17.79,1.00,17.79,4984.55,4966.76,4948.97,4931.19,4913.40,0.06,0.06,0.00,5006.18,0.00,-0.22,-23.46,5005.42,5005.39,5006.03,5005.25,5005.32,-0.074,8.64,17.79,50.88,49.98,0.42,1.82,-1.40,5003.96,5006.13,1007,2209,42.9,28.6,5,1,CROSS=EMA9>EMA21;TREND=1;STRUCT=1;VOL=1;COOL=1;EMA50=1;VWAP=1;BIAS=1,0.02,-0.23,24518.62,24518.62,FLIP exit
552,2026.03.17 02:15:00,2026.03.17 04:45:00,ENTRY,XAUUSD,M15,184,BUY,FULLTGT,DAY,182,5006.18,4988.90,4988.90,17.28,1.00,17.28,5023.46,5040.74,5058.02,5075.30,5092.58,0.07,0.07,0.07,5006.18,0.00,0.00,0.00,5005.42,5005.39,5006.03,5005.25,5005.32,-0.074,8.64,17.79,50.88,49.98,0.42,1.82,-1.40,5003.96,5006.13,1007,2209,42.9,28.6,5,1,CROSS=EMA9>EMA21;TREND=1;STRUCT=1;VOL=1;COOL=1;EMA50=1;VWAP=1;BIAS=1,0.00,0.00,24518.37,24518.02,KZ=ASIA; KZR=NY L @ 4993.22 33 bars ago (low taken); DAY 12AM-4PM IST session: stop x1.00 of usual; no partials; full size to TP5; SL steps BE->TP1->TP2->TP3; flipped from trade 182
553,2026.03.17 03:45:00,2026.03.17 06:15:00,FLIP,XAUUSD,M15,184,BUY,FULLTGT,DAY,0,5006.18,4988.90,4988.90,17.28,1.00,17.28,5023.46,5040.74,5058.02,5075.30,5092.58,0.07,0.00,0.00,5001.79,0.00,-0.25,0.00,5005.85,5005.95,5006.23,5006.87,5006.37,-0.035,8.01,18.70,45.98,41.41,0.26,0.72,-0.46,5005.96,5001.79,1697,1794,0.0,71.4,5,1,CROSS=EMA9<EMA21;TREND=1;STRUCT=1;VOL=1;COOL=1;EMA50=1;VWAP=1;BIAS=1,0.55,-0.45,24518.37,24487.64,opposite signal before SL/target | BUY -> SELL | closing trade 184
554,2026.03.17 03:45:00,2026.03.17 06:15:00,EXIT_FLIP,XAUUSD,M15,184,BUY,FULLTGT,DAY,0,5006.18,4988.90,4988.90,17.28,1.00,17.28,5023.46,5040.74,5058.02,5075.30,5092.58,0.07,0.07,0.00,5001.79,0.00,-0.25,0.00,5005.85,5005.95,5006.23,5006.87,5006.37,-0.035,8.01,18.70,45.98,41.41,0.26,0.72,-0.46,5005.96,5001.79,1697,1794,0.0,71.4,5,1,CROSS=EMA9<EMA21;TREND=1;STRUCT=1;VOL=1;COOL=1;EMA50=1;VWAP=1;BIAS=1,0.55,-0.45,24487.39,24487.39,FLIP exit
555,2026.03.17 03:45:00,2026.03.17 06:15:00,EXIT_OTHER,XAUUSD,M15,184,BUY,FULLTGT,DAY,0,5006.18,4988.90,4988.90,17.28,1.00,17.28,5023.46,5040.74,5058.02,5075.30,5092.58,0.07,0.07,0.00,5001.79,0.00,-0.25,-31.23,5005.85,5005.95,5006.23,5006.87,5006.37,-0.035,8.01,18.70,45.98,41.41,0.26,0.72,-0.46,5005.96,5001.79,1697,1794,0.0,71.4,5,1,CROSS=EMA9<EMA21;TREND=1;STRUCT=1;VOL=1;COOL=1;EMA50=1;VWAP=1;BIAS=1,0.55,-0.45,24487.39,24487.39,FLIP exit
556,2026.03.17 03:45:00,2026.03.17 06:15:00,ENTRY,XAUUSD,M15,186,SELL,FULLTGT,DAY,184,5001.79,5017.81,5017.81,16.02,1.00,16.02,4985.77,4969.74,4953.72,4937.70,4921.68,0.07,0.07,0.07,5001.79,0.00,0.00,0.00,5005.85,5005.95,5006.23,5006.87,5006.37,-0.035,8.01,18.70,45.98,41.41,0.26,0.72,-0.46,5005.96,5001.79,1697,1794,0.0,71.4,5,1,CROSS=EMA9<EMA21;TREND=1;STRUCT=1;VOL=1;COOL=1;EMA50=1;VWAP=1;BIAS=1,0.00,0.00,24487.14,24486.79,KZ=ASIA; KZR=NY L @ 4993.22 39 bars ago (low taken); DAY 12AM-4PM IST session: stop x1.00 of usual; no partials; full size to TP5; SL steps BE->TP1->TP2->TP3; flipped from trade 184
557,2026.03.17 04:15:00,2026.03.17 06:45:00,FLIP,XAUUSD,M15,186,SELL,FULLTGT,DAY,0,5001.79,5017.81,5017.81,16.02,1.00,16.02,4985.77,4969.74,4953.72,4937.70,4921.68,0.07,0.00,0.00,5010.17,0.00,-0.52,0.00,5006.25,5006.09,5006.26,5005.27,5005.68,-0.020,8.45,16.15,54.27,57.43,0.36,0.63,-0.27,5005.57,5010.20,3376,1804,71.4,14.3,5,1,CROSS=EMA9>EMA21;TREND=1;STRUCT=1;VOL=1;COOL=1;EMA50=1;VWAP=1;BIAS=1,0.43,-0.67,24487.14,24428.48,opposite signal before SL/target | SELL -> BUY | closing trade 186
558,2026.03.17 04:15:00,2026.03.17 06:45:00,EXIT_FLIP,XAUUSD,M15,186,SELL,FULLTGT,DAY,0,5001.79,5017.81,5017.81,16.02,1.00,16.02,4985.77,4969.74,4953.72,4937.70,4921.68,0.07,0.07,0.00,5010.17,0.00,-0.52,0.00,5006.25,5006.09,5006.26,5005.27,5005.68,-0.020,8.45,16.15,54.27,57.43,0.36,0.63,-0.27,5005.57,5010.20,3376,1804,71.4,14.3,5,1,CROSS=EMA9>EMA21;TREND=1;STRUCT=1;VOL=1;COOL=1;EMA50=1;VWAP=1;BIAS=1,0.43,-0.67,24428.23,24428.23,FLIP exit
559,2026.03.17 04:15:00,2026.03.17 06:45:00,EXIT_OTHER,XAUUSD,M15,186,SELL,FULLTGT,DAY,0,5001.79,5017.81,5017.81,16.02,1.00,16.02,4985.77,4969.74,4953.72,4937.70,4921.68,0.07,0.07,0.00,5010.17,0.00,-0.52,-59.16,5006.25,5006.09,5006.26,5005.27,5005.68,-0.020,8.45,16.15,54.27,57.43,0.36,0.63,-0.27,5005.57,5010.20,3376,1804,71.4,14.3,5,1,CROSS=EMA9>EMA21;TREND=1;STRUCT=1;VOL=1;COOL=1;EMA50=1;VWAP=1;BIAS=1,0.43,-0.67,24428.23,24428.23,FLIP exit
560,2026.03.17 04:15:00,2026.03.17 06:45:00,ENTRY,XAUUSD,M15,188,BUY,FULLTGT,DAY,186,5010.17,4993.27,4993.27,16.90,1.00,16.90,5027.07,5043.96,5060.86,5077.75,5094.65,0.07,0.07,0.07,5010.17,0.00,0.00,0.00,5006.25,5006.09,5006.26,5005.27,5005.68,-0.020,8.45,16.15,54.27,57.43,0.36,0.63,-0.27,5005.57,5010.20,3376,1804,71.4,14.3,5,1,CROSS=EMA9>EMA21;TREND=1;STRUCT=1;VOL=1;COOL=1;EMA50=1;VWAP=1;BIAS=1,0.00,0.00,24427.98,24427.63,KZ=ASIA; KZR=NY L @ 4993.22 41 bars ago (low taken); DAY 12AM-4PM IST session: stop x1.00 of usual; no partials; full size to TP5; SL steps BE->TP1->TP2->TP3; flipped from trade 186
561,2026.03.17 04:55:15,2026.03.17 07:25:15,SL_MOVE,XAUUSD,M15,188,BUY,FULLTGT,DAY,186,5010.17,4993.27,5010.17,16.90,1.00,16.90,5027.07,5043.96,5060.86,5077.75,5094.65,0.07,0.00,0.07,5010.17,1.00,0.00,0.00,5009.75,5007.78,5007.00,5007.72,5006.77,0.094,8.37,20.73,60.53,74.22,1.69,0.80,0.89,5007.19,5017.88,2667,1777,85.7,0.0,5,1,CROSS=EMA9>EMA21;TREND=1;STRUCT=1;VOL=1;COOL=1;EMA50=1;VWAP=1;BIAS=1,1.00,-0.17,24427.98,24546.28,stop to breakeven
562,2026.03.17 04:55:15,2026.03.17 07:25:15,TP1_REACHED,XAUUSD,M15,188,BUY,FULLTGT,DAY,186,5010.17,4993.27,5010.17,16.90,1.00,16.90,5027.07,5043.96,5060.86,5077.75,5094.65,0.07,0.00,0.07,5027.07,1.00,1.00,0.00,5009.75,5007.78,5007.00,5007.72,5006.77,0.094,8.37,20.73,60.53,74.22,1.69,0.80,0.89,5007.19,5017.88,2667,1777,85.7,0.0,5,1,CROSS=EMA9>EMA21;TREND=1;STRUCT=1;VOL=1;COOL=1;EMA50=1;VWAP=1;BIAS=1,1.00,-0.17,24427.98,24546.28,full target: no partial booked
563,2026.03.17 08:17:37,2026.03.17 10:47:37,SL_MOVE,XAUUSD,M15,188,BUY,FULLTGT,DAY,186,5010.17,4993.27,5027.07,16.90,1.00,16.90,5027.07,5043.96,5060.86,5077.75,5094.65,0.07,0.00,0.07,5027.07,2.00,0.00,0.00,5033.19,5025.51,5017.17,5031.34,5024.00,1.019,8.19,47.53,67.08,66.36,7.67,6.37,1.30,5017.86,5040.56,1936,2052,85.7,0.0,5,1,CROSS=EMA9>EMA21;TREND=1;STRUCT=1;VOL=1;COOL=1;EMA50=1;VWAP=1;BIAS=1,2.00,-0.17,24427.98,24664.79,stop trailed to TP1
564,2026.03.17 08:17:37,2026.03.17 10:47:37,TP2_REACHED,XAUUSD,M15,188,BUY,FULLTGT,DAY,186,5010.17,4993.27,5027.07,16.90,1.00,16.90,5027.07,5043.96,5060.86,5077.75,5094.65,0.07,0.00,0.07,5043.96,2.00,2.00,0.00,5033.19,5025.51,5017.17,5031.34,5024.00,1.019,8.19,47.53,67.08,66.36,7.67,6.37,1.30,5017.86,5040.56,1936,2052,85.7,0.0,5,1,CROSS=EMA9>EMA21;TREND=1;STRUCT=1;VOL=1;COOL=1;EMA50=1;VWAP=1;BIAS=1,2.00,-0.17,24427.98,24664.79,full target: no partial booked
565,2026.03.17 08:52:54,2026.03.17 11:22:54,EXIT_TRAIL_SL,XAUUSD,M15,188,BUY,FULLTGT,DAY,186,5010.17,4993.27,5027.07,16.90,1.00,16.90,5027.07,5043.96,5060.86,5077.75,5094.65,0.07,0.07,0.00,5027.05,0.00,1.00,117.66,5033.34,5026.93,5018.44,5033.64,5026.41,1.056,8.04,44.41,57.44,45.45,6.95,6.75,0.20,5019.17,5032.12,2245,2090,57.1,42.9,5,1,CROSS=EMA9>EMA21;TREND=1;STRUCT=1;VOL=1;COOL=1;EMA50=1;VWAP=1;BIAS=1,2.03,-0.17,24545.89,24545.89,stopped at a trailed level
566,2026.03.17 09:45:00,2026.03.17 12:15:00,ENTRY,XAUUSD,M15,190,SELL,FULLTGT,DAY,0,5015.04,5031.45,5031.45,16.41,1.00,16.41,4998.63,4982.23,4965.82,4949.42,4933.01,0.07,0.07,0.07,5015.04,0.00,0.00,0.00,5022.35,5023.13,5017.94,5024.17,5023.94,0.633,8.20,34.82,43.96,39.21,1.31,5.48,-4.17,5018.63,5015.03,2250,2122,14.3,85.7,6,1,CROSS=EMA9<EMA21;TREND=1;STRUCT=1;VOL=1;COOL=1;EMA50=1;VWAP=1;BIAS=1,0.00,0.00,24545.64,24545.22,KZ=LONDON; KZR=NY L @ 4993.22 63 bars ago (low taken); DAY 12AM-4PM IST session: stop x1.00 of usual; no partials; full size to TP5; SL steps BE->TP1->TP2->TP3
567,2026.03.17 13:40:02,2026.03.17 16:10:02,SL_MOVE,XAUUSD,M15,190,SELL,FULLTGT,EVENING,0,5015.04,5031.45,5015.04,16.41,1.00,16.41,4998.63,4982.23,4965.82,4949.42,4933.01,0.07,0.00,0.07,5015.04,1.00,0.00,0.00,5012.24,5016.50,5016.79,5014.38,5017.78,-0.031,9.24,27.10,36.70,29.98,-3.24,-0.95,-2.29,5017.93,5003.68,2238,2242,0.0,85.7,5,1,CROSS=EMA9<EMA21;TREND=1;STRUCT=1;VOL=1;COOL=1;EMA50=1;VWAP=1;BIAS=1,1.00,-0.89,24545.64,24660.93,stop to breakeven
568,2026.03.17 13:40:02,2026.03.17 16:10:02,TP1_REACHED,XAUUSD,M15,190,SELL,FULLTGT,EVENING,0,5015.04,5031.45,5015.04,16.41,1.00,16.41,4998.63,4982.23,4965.82,4949.42,4933.01,0.07,0.00,0.07,4998.63,1.00,1.00,0.00,5012.24,5016.50,5016.79,5014.38,5017.78,-0.031,9.24,27.10,36.70,29.98,-3.24,-0.95,-2.29,5017.93,5003.68,2238,2242,0.0,85.7,5,1,CROSS=EMA9<EMA21;TREND=1;STRUCT=1;VOL=1;COOL=1;EMA50=1;VWAP=1;BIAS=1,1.00,-0.89,24545.64,24660.93,full target: no partial booked
569,2026.03.17 15:20:38,2026.03.17 17:50:38,EXIT_BE,XAUUSD,M15,190,SELL,FULLTGT,EVENING,0,5015.04,5031.45,5015.04,16.41,1.00,16.41,4998.63,4982.23,4965.82,4949.42,4933.01,0.07,0.07,0.00,5015.04,0.00,-0.00,-0.50,5007.13,5011.00,5013.89,5006.76,5011.24,-0.322,8.99,26.11,46.32,58.59,-3.98,-4.07,0.08,5016.14,5008.57,2831,2108,57.1,42.9,5,1,CROSS=EMA9<EMA21;TREND=1;STRUCT=1;VOL=1;COOL=1;EMA50=1;VWAP=1;BIAS=1,1.39,-0.89,24545.39,24545.39,stopped at breakeven
570,2026.03.17 16:45:00,2026.03.17 19:15:00,ENTRY,XAUUSD,M15,192,BUY,FULLTGT,EVENING,0,5027.03,5008.08,5008.08,18.95,1.00,18.95,5045.98,5064.94,5083.89,5102.84,5121.80,0.06,0.06,0.06,5027.03,0.00,0.00,0.00,5015.48,5014.04,5014.73,5012.58,5012.74,-0.073,9.48,18.36,59.63,65.48,0.26,-2.31,2.57,5016.32,5027.10,4248,2407,85.7,0.0,6,1,CROSS=EMA9>EMA21;TREND=1;STRUCT=1;VOL=1;COOL=1;EMA50=1;VWAP=1;BIAS=1,0.00,0.00,24545.18,24544.82,KZ=NY; KZR=NY L @ 4993.22 91 bars ago (low taken); EVENING 4PM-12AM IST session: stop x1.00 of usual; no partials; full size to TP5; SL steps BE->TP1->TP2->TP3
571,2026.03.17 16:53:31,2026.03.17 19:23:31,EXIT_SL,XAUUSD,M15,192,BUY,FULLTGT,EVENING,0,5027.03,5008.08,5008.08,18.95,1.00,18.95,5045.98,5064.94,5083.89,5102.84,5121.80,0.06,0.06,0.00,5008.05,0.00,-1.00,-114.30,5015.48,5014.04,5014.73,5012.58,5012.74,-0.073,9.48,18.36,59.63,61.31,0.26,-2.31,2.57,5016.32,5027.10,4248,2407,85.7,0.0,8,1,CROSS=EMA9>EMA21;TREND=1;STRUCT=1;VOL=1;COOL=1;EMA50=1;VWAP=1;BIAS=1,0.04,-1.00,24431.09,24431.09,stopped at the initial SL (x1.00 of usual)
572,2026.03.17 18:00:00,2026.03.17 20:30:00,SKIP,XAUUSD,M15,192,FLAT,NA,EVENING,0,0.00,0.00,0.00,0.00,1.00,0.00,0.00,0.00,0.00,0.00,0.00,0.00,0.00,0.00,0.00,0.00,0.00,0.00,5013.01,5013.40,5014.34,5014.34,5013.97,-0.087,10.86,13.30,45.77,43.89,-0.56,-0.35,-0.20,5015.93,5007.72,3319,2890,0.0,85.7,9,1,CROSS=EMA9>EMA21;TREND=1;STRUCT=1;VOL=1;COOL=1;EMA50=1;VWAP=1;BIAS=1,0.00,0.00,24431.09,24431.09,outside the killzone window
573,2026.03.18 01:00:00,2026.03.18 03:30:00,DAY_SUMMARY,XAUUSD,M15,192,FLAT,NA,DAY,0,0.00,0.00,0.00,0.00,1.00,0.00,0.00,0.00,0.00,0.00,0.00,0.00,0.00,0.00,0.00,0.00,-1.00,-110.99,5003.38,5003.71,5006.77,5002.85,5003.53,-0.473,6.48,11.83,51.36,55.73,-0.96,-1.68,0.72,5011.62,5005.50,831,2294,42.9,28.6,5,1,CROSS=EMA9>EMA21;TREND=1;STRUCT=1;VOL=1;COOL=1;EMA50=1;VWAP=1;BIAS=1,0.00,0.00,24431.09,24431.09,2026.03.17 trades=6 W=1 L=5 gross_profit=117.66 gross_loss=228.65 net=-110.99 PF=0.51
574,2026.03.18 03:15:00,2026.03.18 05:45:00,SKIP,XAUUSD,M15,192,FLAT,NA,DAY,0,0.00,0.00,0.00,0.00,1.00,0.00,0.00,0.00,0.00,0.00,0.00,0.00,0.00,0.00,0.00,0.00,0.00,0.00,5003.17,5002.89,5005.32,5001.46,5002.18,-0.446,5.44,26.01,58.61,65.05,-0.33,-1.18,0.84,5002.25,5010.03,1953,1501,100.0,0.0,5,1,CROSS=EMA9>EMA21;TREND=1;STRUCT=1;VOL=1;COOL=1;EMA50=1;VWAP=1;BIAS=1,0.00,0.00,24431.09,24431.09,already positioned that way
575,2026.03.18 05:15:00,2026.03.18 07:45:00,ENTRY,XAUUSD,M15,194,SELL,FULLTGT,DAY,0,4999.74,5013.11,5013.11,13.37,1.00,13.37,4986.37,4973.00,4959.63,4946.26,4932.89,0.09,0.09,0.09,4999.74,0.00,0.00,0.00,5002.93,5003.24,5004.90,5003.73,5003.59,-0.249,6.68,24.37,45.66,40.82,-0.30,0.10,-0.39,5003.44,4999.74,2157,1503,14.3,71.4,5,1,CROSS=EMA9<EMA21;TREND=1;STRUCT=1;VOL=1;COOL=1;EMA50=1;VWAP=1;BIAS=1,0.00,0.00,24430.77,24430.32,KZ=ASIA; KZR=NY L @ 4993.22 141 bars ago (low taken); DAY 12AM-4PM IST session: stop x1.00 of usual; no partials; full size to TP5; SL steps BE->TP1->TP2->TP3
576,2026.03.18 06:04:42,2026.03.18 08:34:42,SL_MOVE,XAUUSD,M15,194,SELL,FULLTGT,DAY,0,4999.74,5013.11,4999.74,13.37,1.00,13.37,4986.37,4973.00,4959.63,4946.26,4932.89,0.09,0.00,0.09,4999.74,1.00,0.00,0.00,5000.39,5001.98,5004.16,5002.48,5002.98,-0.298,7.33,20.97,38.63,29.64,-1.27,-0.05,-1.23,5002.69,4992.03,2573,1654,0.0,85.7,5,1,CROSS=EMA9<EMA21;TREND=1;STRUCT=1;VOL=1;COOL=1;EMA50=1;VWAP=1;BIAS=1,1.00,-0.54,24430.77,24551.82,stop to breakeven
577,2026.03.18 06:04:42,2026.03.18 08:34:42,TP1_REACHED,XAUUSD,M15,194,SELL,FULLTGT,DAY,0,4999.74,5013.11,4999.74,13.37,1.00,13.37,4986.37,4973.00,4959.63,4946.26,4932.89,0.09,0.00,0.09,4986.37,1.00,1.00,0.00,5000.39,5001.98,5004.16,5002.48,5002.98,-0.298,7.33,20.97,38.63,29.64,-1.27,-0.05,-1.23,5002.69,4992.03,2573,1654,0.0,85.7,5,1,CROSS=EMA9<EMA21;TREND=1;STRUCT=1;VOL=1;COOL=1;EMA50=1;VWAP=1;BIAS=1,1.00,-0.54,24430.77,24551.82,full target: no partial booked
578,2026.03.18 08:37:39,2026.03.18 11:07:39,EXIT_BE,XAUUSD,M15,194,SELL,FULLTGT,DAY,0,4999.74,5013.11,4999.74,13.37,1.00,13.37,4986.37,4973.00,4959.63,4946.26,4932.89,0.09,0.09,0.00,4999.83,0.00,-0.01,-1.45,4991.13,4994.94,4999.77,4991.16,4995.34,-0.664,7.27,27.90,42.95,53.99,-3.80,-3.15,-0.65,4998.81,4990.99,1534,1925,14.3,71.4,5,1,CROSS=EMA9<EMA21;TREND=1;STRUCT=1;VOL=1;COOL=1;EMA50=1;VWAP=1;BIAS=1,1.33,-0.54,24429.64,24429.64,stopped at breakeven
579,2026.03.18 09:15:00,2026.03.18 11:45:00,ENTRY,XAUUSD,M15,196,BUY,FULLTGT,DAY,0,5009.35,4993.48,4993.48,15.87,1.00,15.87,5025.22,5041.09,5056.97,5072.84,5088.71,0.07,0.07,0.07,5009.35,0.00,0.00,0.00,4996.81,4996.78,5000.04,4993.71,4995.54,-0.410,7.94,25.26,62.01,70.00,-1.01,-3.13,2.11,4998.91,5009.21,2354,1976,100.0,0.0,11,1,CROSS=EMA9>EMA21;TREND=1;STRUCT=1;VOL=1;COOL=1;EMA50=1;VWAP=1;BIAS=1,0.00,0.00,24429.39,24428.62,KZ=LONDON; KZR=NY L @ 4993.22 157 bars ago (low taken); DAY 12AM-4PM IST session: stop x1.00 of usual; no partials; full size to TP5; SL steps BE->TP1->TP2->TP3
580,2026.03.18 10:50:41,2026.03.18 13:20:41,EXIT_SL,XAUUSD,M15,196,BUY,FULLTGT,DAY,0,5009.35,4993.48,4993.48,15.87,1.00,15.87,5025.22,5041.09,5056.97,5072.84,5088.71,0.07,0.07,0.00,4993.47,0.00,-1.00,-111.66,5004.81,5001.74,5001.82,5005.50,5001.71,-0.011,6.87,29.92,50.85,35.80,2.27,0.42,1.85,5000.61,5002.04,1209,1847,57.1,28.6,10,1,CROSS=EMA9>EMA21;TREND=1;STRUCT=1;VOL=1;COOL=1;EMA50=1;VWAP=1;BIAS=1,0.44,-1.00,24317.98,24317.98,stopped at the initial SL (x1.00 of usual)
581,2026.03.18 11:30:00,2026.03.18 14:00:00,ENTRY,XAUUSD,M15,198,SELL,FULLTGT,DAY,0,4989.16,5003.44,5003.44,14.28,1.00,14.28,4974.88,4960.59,4946.31,4932.03,4917.75,0.08,0.08,0.08,4989.16,0.00,0.00,0.00,4998.52,4999.37,5000.74,5000.87,5000.39,-0.193,7.14,33.08,38.31,36.14,-0.41,1.31,-1.72,4999.86,4989.12,2375,1846,0.0,100.0,5,1,CROSS=EMA9<EMA21;TREND=1;STRUCT=1;VOL=1;COOL=1;EMA50=1;VWAP=1;BIAS=1,0.00,0.00,24317.70,24317.30,KZ=LONDON; KZR=NY L @ 4993.22 166 bars ago (low taken); DAY 12AM-4PM IST session: stop x1.00 of usual; no partials; full size to TP5; SL steps BE->TP1->TP2->TP3
582,2026.03.18 13:35:20,2026.03.18 16:05:20,SL_MOVE,XAUUSD,M15,198,SELL,FULLTGT,EVENING,0,4989.16,5003.44,4989.16,14.28,1.00,14.28,4974.88,4960.59,4946.31,4932.03,4917.75,0.08,0.00,0.08,4989.16,1.00,0.00,0.00,4990.02,4993.60,4997.41,4991.91,4994.71,-0.477,8.00,35.13,35.86,30.69,-3.24,-2.22,-1.01,4998.03,4982.46,1832,1995,0.0,85.7,8,1,CROSS=EMA9<EMA21;TREND=1;STRUCT=1;VOL=1;COOL=1;EMA50=1;VWAP=1;BIAS=1,0.98,-0.46,24317.70,24432.90,stop to breakeven
583,2026.03.18 13:35:20,2026.03.18 16:05:20,TP1_REACHED,XAUUSD,M15,198,SELL,FULLTGT,EVENING,0,4989.16,5003.44,4989.16,14.28,1.00,14.28,4974.88,4960.59,4946.31,4932.03,4917.75,0.08,0.00,0.08,4974.88,1.00,1.00,0.00,4990.02,4993.60,4997.41,4991.91,4994.71,-0.477,8.00,35.13,35.86,30.69,-3.24,-2.22,-1.01,4998.03,4982.46,1832,1995,0.0,85.7,8,1,CROSS=EMA9<EMA21;TREND=1;STRUCT=1;VOL=1;COOL=1;EMA50=1;VWAP=1;BIAS=1,0.98,-0.46,24317.70,24432.90,full target: no partial booked
584,2026.03.18 13:35:43,2026.03.18 16:05:43,SL_MOVE,XAUUSD,M15,198,SELL,FULLTGT,EVENING,0,4989.16,5003.44,4974.88,14.28,1.00,14.28,4974.88,4960.59,4946.31,4932.03,4917.75,0.08,0.00,0.08,4974.88,2.00,0.00,0.00,4990.02,4993.60,4997.41,4991.91,4994.71,-0.477,8.00,35.13,35.86,30.69,-3.24,-2.22,-1.01,4998.03,4982.46,1832,1995,0.0,85.7,8,1,CROSS=EMA9<EMA21;TREND=1;STRUCT=1;VOL=1;COOL=1;EMA50=1;VWAP=1;BIAS=1,1.98,-0.46,24317.70,24547.14,stop trailed to TP1
585,2026.03.18 13:35:43,2026.03.18 16:05:43,TP2_REACHED,XAUUSD,M15,198,SELL,FULLTGT,EVENING,0,4989.16,5003.44,4974.88,14.28,1.00,14.28,4974.88,4960.59,4946.31,4932.03,4917.75,0.08,0.00,0.08,4960.59,2.00,2.00,0.00,4990.02,4993.60,4997.41,4991.91,4994.71,-0.477,8.00,35.13,35.86,30.69,-3.24,-2.22,-1.01,4998.03,4982.46,1832,1995,0.0,85.7,8,1,CROSS=EMA9<EMA21;TREND=1;STRUCT=1;VOL=1;COOL=1;EMA50=1;VWAP=1;BIAS=1,1.98,-0.46,24317.70,24547.14,full target: no partial booked
586,2026.03.18 13:38:39,2026.03.18 16:08:39,EXIT_TRAIL_SL,XAUUSD,M15,198,SELL,FULLTGT,EVENING,0,4989.16,5003.44,4974.88,14.28,1.00,14.28,4974.88,4960.59,4946.31,4932.03,4917.75,0.08,0.08,0.00,4974.88,0.00,1.00,113.68,4990.02,4993.60,4997.41,4991.91,4994.71,-0.477,8.00,35.13,35.86,30.69,-3.24,-2.22,-1.01,4998.03,4982.46,1832,1995,0.0,85.7,8,1,CROSS=EMA9<EMA21;TREND=1;STRUCT=1;VOL=1;COOL=1;EMA50=1;VWAP=1;BIAS=1,2.01,-0.46,24431.66,24431.66,stopped at a trailed level
587,2026.03.19 01:00:00,2026.03.19 03:30:00,DAY_SUMMARY,XAUUSD,M15,198,FLAT,NA,DAY,0,0.00,0.00,0.00,0.00,1.00,0.00,0.00,0.00,0.00,0.00,0.00,0.00,0.00,0.00,0.00,0.00,-0.01,0.57,4836.19,4856.75,4892.08,4840.58,4860.56,-2.490,14.19,43.36,26.42,33.41,-21.09,-15.74,-5.35,4923.01,4818.64,1712,3439,0.0,85.7,5,1,CROSS=EMA9<EMA21;TREND=1;STRUCT=1;VOL=1;COOL=1;EMA50=1;VWAP=1;BIAS=1,0.00,0.00,24431.66,24431.66,2026.03.18 trades=3 W=1 L=2 gross_profit=113.68 gross_loss=113.11 net=0.57 PF=1.01
588,2026.03.19 04:45:00,2026.03.19 07:15:00,ENTRY,XAUUSD,M15,200,BUY,FULLTGT,DAY,0,4865.78,4836.93,4836.93,28.85,1.00,28.85,4894.63,4923.49,4952.34,4981.20,5010.05,0.04,0.04,0.04,4865.78,0.00,0.00,0.00,4844.93,4844.74,4868.03,4839.73,4842.64,-1.614,14.43,33.37,61.14,74.92,-4.18,-9.82,5.63,4836.41,4865.74,3466,2692,100.0,0.0,5,1,CROSS=EMA9>EMA21;TREND=1;STRUCT=1;VOL=1;COOL=1;EMA50=1;VWAP=1;BIAS=1,0.00,0.00,24431.52,24431.32,KZ=ASIA; KZR=NY L @ 4834.52 22 bars ago (low taken); DAY 12AM-4PM IST session: stop x1.00 of usual; no partials; full size to TP5; SL steps BE->TP1->TP2->TP3
589,2026.03.19 08:38:38,2026.03.19 11:08:38,EXIT_SL,XAUUSD,M15,200,BUY,FULLTGT,DAY,0,4865.78,4836.93,4836.93,28.85,1.00,28.85,4894.63,4923.49,4952.34,4981.20,5010.05,0.04,0.04,0.00,4836.90,0.00,-1.00,-115.80,4850.83,4850.73,4861.39,4851.86,4851.13,-1.118,9.53,20.98,45.65,34.85,-0.18,1.00,-1.19,4844.05,4846.73,1663,2248,28.6,42.9,5,1,CROSS=EMA9>EMA21;TREND=1;STRUCT=1;VOL=1;COOL=1;EMA50=1;VWAP=1;BIAS=1,0.01,-1.00,24315.86,24315.86,stopped at the initial SL (x1.00 of usual)
590,2026.03.19 08:45:00,2026.03.19 11:15:00,ENTRY,XAUUSD,M15,202,SELL,FULLTGT,DAY,0,4833.78,4853.53,4853.53,19.75,1.00,19.75,4814.03,4794.28,4774.53,4754.78,4735.03,0.06,0.06,0.06,4833.78,0.00,0.00,0.00,4847.42,4849.19,4860.31,4850.83,4850.73,-1.126,9.88,22.69,36.75,29.65,-1.54,0.61,-2.15,4843.76,4833.79,3317,2288,0.0,85.7,5,1,CROSS=EMA9<EMA21;TREND=1;STRUCT=1;VOL=1;COOL=1;EMA50=1;VWAP=1;BIAS=1,0.00,0.00,24315.65,24315.35,KZ=LONDON; KZR=NY L @ 4834.52 38 bars ago (low taken); DAY 12AM-4PM IST session: stop x1.00 of usual; no partials; full size to TP5; SL steps BE->TP1->TP2->TP3
591,2026.03.19 09:29:57,2026.03.19 11:59:57,SL_MOVE,XAUUSD,M15,202,SELL,FULLTGT,DAY,0,4833.78,4853.53,4833.78,19.75,1.00,19.75,4814.03,4794.28,4774.53,4754.78,4735.03,0.06,0.00,0.06,4833.78,1.00,0.00,0.00,4841.39,4845.95,4858.01,4843.45,4847.23,-1.168,10.33,26.66,38.78,29.48,-3.82,-0.57,-3.25,4842.90,4833.13,3198,2295,14.3,85.7,7,1,CROSS=EMA9<EMA21;TREND=1;STRUCT=1;VOL=1;COOL=1;EMA50=1;VWAP=1;BIAS=1,1.00,-0.43,24315.65,24434.39,stop to breakeven
592,2026.03.19 09:29:57,2026.03.19 11:59:57,TP1_REACHED,XAUUSD,M15,202,SELL,FULLTGT,DAY,0,4833.78,4853.53,4833.78,19.75,1.00,19.75,4814.03,4794.28,4774.53,4754.78,4735.03,0.06,0.00,0.06,4814.03,1.00,1.00,0.00,4841.39,4845.95,4858.01,4843.45,4847.23,-1.168,10.33,26.66,38.78,29.48,-3.82,-0.57,-3.25,4842.90,4833.13,3198,2295,14.3,85.7,7,1,CROSS=EMA9<EMA21;TREND=1;STRUCT=1;VOL=1;COOL=1;EMA50=1;VWAP=1;BIAS=1,1.00,-0.43,24315.65,24434.39,full target: no partial booked
593,2026.03.19 09:38:03,2026.03.19 12:08:03,SL_MOVE,XAUUSD,M15,202,SELL,FULLTGT,DAY,0,4833.78,4853.53,4814.03,19.75,1.00,19.75,4814.03,4794.28,4774.53,4754.78,4735.03,0.06,0.00,0.06,4814.03,2.00,0.00,0.00,4835.82,4843.00,4856.27,4841.39,4845.95,-1.286,10.31,29.63,29.66,23.87,-5.91,-1.37,-4.54,4841.89,4813.54,3677,2327,0.0,100.0,12,1,CROSS=EMA9<EMA21;TREND=1;STRUCT=1;VOL=1;COOL=1;EMA50=1;VWAP=1;BIAS=1,2.00,-0.43,24315.65,24553.25,stop trailed to TP1
594,2026.03.19 09:38:03,2026.03.19 12:08:03,TP2_REACHED,XAUUSD,M15,202,SELL,FULLTGT,DAY,0,4833.78,4853.53,4814.03,19.75,1.00,19.75,4814.03,4794.28,4774.53,4754.78,4735.03,0.06,0.00,0.06,4794.28,2.00,2.00,0.00,4835.82,4843.00,4856.27,4841.39,4845.95,-1.286,10.31,29.63,29.66,23.87,-5.91,-1.37,-4.54,4841.89,4813.54,3677,2327,0.0,100.0,12,1,CROSS=EMA9<EMA21;TREND=1;STRUCT=1;VOL=1;COOL=1;EMA50=1;VWAP=1;BIAS=1,2.00,-0.43,24315.65,24553.25,full target: no partial booked
595,2026.03.19 09:46:31,2026.03.19 12:16:31,SL_MOVE,XAUUSD,M15,202,SELL,FULLTGT,DAY,0,4833.78,4853.53,4794.28,19.75,1.00,19.75,4814.03,4794.28,4774.53,4754.78,4735.03,0.06,0.00,0.06,4794.28,3.00,0.00,0.00,4825.87,4837.83,4853.52,4835.82,4843.00,-1.346,11.65,33.73,21.89,16.67,-9.67,-2.55,-7.12,4839.46,4786.09,4529,2380,0.0,100.0,9,1,CROSS=EMA9<EMA21;TREND=1;STRUCT=1;VOL=1;COOL=1;EMA50=1;VWAP=1;BIAS=1,3.00,-0.43,24315.65,24671.45,stop trailed to TP2
596,2026.03.19 09:46:31,2026.03.19 12:16:31,TP3_REACHED,XAUUSD,M15,202,SELL,FULLTGT,DAY,0,4833.78,4853.53,4794.28,19.75,1.00,19.75,4814.03,4794.28,4774.53,4754.78,4735.03,0.06,0.00,0.06,4774.53,3.00,3.00,0.00,4825.87,4837.83,4853.52,4835.82,4843.00,-1.346,11.65,33.73,21.89,16.67,-9.67,-2.55,-7.12,4839.46,4786.09,4529,2380,0.0,100.0,9,1,CROSS=EMA9<EMA21;TREND=1;STRUCT=1;VOL=1;COOL=1;EMA50=1;VWAP=1;BIAS=1,3.00,-0.43,24315.65,24671.45,full target: no partial booked
597,2026.03.19 09:50:39,2026.03.19 12:20:39,SL_MOVE,XAUUSD,M15,202,SELL,FULLTGT,DAY,0,4833.78,4853.53,4774.53,19.75,1.00,19.75,4814.03,4794.28,4774.53,4754.78,4735.03,0.06,0.00,0.06,4774.53,4.00,0.00,0.00,4825.87,4837.83,4853.52,4835.82,4843.00,-1.346,11.65,33.73,21.89,12.94,-9.67,-2.55,-7.12,4839.46,4786.09,4529,2380,0.0,100.0,9,1,CROSS=EMA9<EMA21;TREND=1;STRUCT=1;VOL=1;COOL=1;EMA50=1;VWAP=1;BIAS=1,3.99,-0.43,24315.65,24789.71,stop trailed to TP3
598,2026.03.19 09:50:39,2026.03.19 12:20:39,TP4_REACHED,XAUUSD,M15,202,SELL,FULLTGT,DAY,0,4833.78,4853.53,4774.53,19.75,1.00,19.75,4814.03,4794.28,4774.53,4754.78,4735.03,0.06,0.00,0.06,4754.78,4.00,4.00,0.00,4825.87,4837.83,4853.52,4835.82,4843.00,-1.346,11.65,33.73,21.89,12.94,-9.67,-2.55,-7.12,4839.46,4786.09,4529,2380,0.0,100.0,9,1,CROSS=EMA9<EMA21;TREND=1;STRUCT=1;VOL=1;COOL=1;EMA50=1;VWAP=1;BIAS=1,3.99,-0.43,24315.65,24789.71,full target: no partial booked
599,2026.03.19 10:06:40,2026.03.19 12:36:40,EXIT_TRAIL_SL,XAUUSD,M15,202,SELL,FULLTGT,DAY,0,4833.78,4853.53,4774.53,19.75,1.00,19.75,4814.03,4794.28,4774.53,4754.78,4735.03,0.06,0.06,0.00,4774.55,0.00,3.00,354.96,4813.45,4831.09,4850.00,4825.87,4837.83,-1.513,12.50,38.32,17.80,24.34,-14.29,-4.21,-10.08,4835.41,4763.77,5099,2499,0.0,100.0,5,1,CROSS=EMA9<EMA21;TREND=1;STRUCT=1;VOL=1;COOL=1;EMA50=1;VWAP=1;BIAS=1,4.41,-0.43,24670.82,24670.82,stopped at a trailed level
600,2026.03.19 22:15:00,2026.03.20 00:45:00,SKIP,XAUUSD,M15,202,FLAT,NA,DAY,0,0.00,0.00,0.00,0.00,1.00,0.00,0.00,0.00,0.00,0.00,0.00,0.00,0.00,0.00,0.00,0.00,0.00,0.00,4618.81,4615.21,4654.62,4609.21,4611.01,-1.331,29.60,20.23,59.36,73.96,-4.20,-14.57,10.37,4694.08,4657.18,5563,4819,71.4,14.3,5,1,CROSS=EMA9<EMA21;TREND=1;STRUCT=1;VOL=1;COOL=1;EMA50=1;VWAP=1;BIAS=1,0.00,0.00,24670.82,24670.82,outside the killzone window
601,2026.03.20 01:00:00,2026.03.20 03:30:00,DAY_SUMMARY,XAUUSD,M15,202,FLAT,NA,DAY,0,0.00,0.00,0.00,0.00,1.00,0.00,0.00,0.00,0.00,0.00,0.00,0.00,0.00,0.00,0.00,0.00,2.00,239.16,4644.21,4632.14,4653.37,4642.50,4630.24,-0.961,22.09,35.10,56.34,56.49,7.47,1.24,6.23,4691.01,4651.06,1555,4060,71.4,14.3,5,1,CROSS=EMA9<EMA21;TREND=1;STRUCT=1;VOL=1;COOL=1;EMA50=1;VWAP=1;BIAS=1,0.00,0.00,24670.82,24670.82,2026.03.19 trades=2 W=1 L=1 gross_profit=354.96 gross_loss=115.80 net=239.16 PF=3.07
602,2026.03.20 10:00:00,2026.03.20 12:30:00,SKIP,XAUUSD,M15,202,FLAT,NA,DAY,0,0.00,0.00,0.00,0.00,1.00,0.00,0.00,0.00,0.00,0.00,0.00,0.00,0.00,0.00,0.00,0.00,0.00,0.00,4690.02,4692.55,4681.25,4695.20,4694.87,0.742,15.23,41.32,41.03,29.88,3.18,13.58,-10.40,4682.39,4669.33,3503,2775,14.3,85.7,5,1,CROSS=EMA9<EMA21;TREND=1;STRUCT=1;VOL=1;COOL=1;EMA50=1;VWAP=1;BIAS=1,0.00,0.00,24670.82,24670.82,already positioned that way
603,2026.03.20 11:15:00,2026.03.20 13:45:00,ENTRY,XAUUSD,M15,204,BUY,FULLTGT,DAY,0,4716.30,4687.48,4687.48,28.82,1.00,28.82,4745.12,4773.93,4802.75,4831.56,4860.38,0.04,0.04,0.04,4716.30,0.00,0.00,0.00,4697.37,4694.86,4684.22,4692.65,4692.72,0.739,14.41,34.00,60.52,69.53,4.39,4.74,-0.35,4683.67,4716.25,2722,2678,85.7,14.3,7,1,CROSS=EMA9>EMA21;TREND=1;STRUCT=1;VOL=1;COOL=1;EMA50=1;VWAP=1;BIAS=1,0.00,0.00,24670.68,24670.40,KZ=LONDON; KZR=London L @ 4686.88 87 bars ago (low taken); DAY 12AM-4PM IST session: stop x1.00 of usual; no partials; full size to TP5; SL steps BE->TP1->TP2->TP3
604,2026.03.20 11:55:40,2026.03.20 14:25:40,EXIT_SL,XAUUSD,M15,204,BUY,FULLTGT,DAY,0,4716.30,4687.48,4687.48,28.82,1.00,28.82,4745.12,4773.93,4802.75,4831.56,4860.38,0.04,0.04,0.00,4687.42,0.00,-1.00,-115.80,4703.43,4698.31,4686.58,4702.44,4697.40,0.833,14.08,35.70,55.12,43.80,6.18,3.73,2.45,4685.47,4707.39,3320,2700,71.4,28.6,5,1,CROSS=EMA9>EMA21;TREND=1;STRUCT=1;VOL=1;COOL=1;EMA50=1;VWAP=1;BIAS=1,0.64,-1.00,24555.02,24555.02,stopped at the initial SL (x1.00 of usual)
605,2026.03.20 12:45:00,2026.03.20 15:15:00,SKIP,XAUUSD,M15,204,FLAT,NA,DAY,0,0.00,0.00,0.00,0.00,1.00,0.00,0.00,0.00,0.00,0.00,0.00,0.00,0.00,0.00,0.00,0.00,0.00,0.00,4693.39,4694.88,4686.79,4698.38,4697.03,0.504,16.06,24.43,41.58,36.25,1.00,3.84,-2.84,4685.87,4673.44,2825,2910,0.0,71.4,11,1,CROSS=EMA9>EMA21;TREND=1;STRUCT=1;VOL=1;COOL=1;EMA50=1;VWAP=1;BIAS=1,0.00,0.00,24555.02,24555.02,outside the killzone window
606,2026.03.23 01:00:00,2026.03.23 03:30:00,DAY_SUMMARY,XAUUSD,M15,204,FLAT,NA,DAY,0,0.00,0.00,0.00,0.00,1.00,0.00,0.00,0.00,0.00,0.00,0.00,0.00,0.00,0.00,0.00,0.00,-1.00,-115.80,4509.92,4536.33,4583.05,4512.92,4540.17,-2.052,22.77,41.16,29.40,38.29,-30.05,-30.69,0.63,4628.25,4497.92,1784,4284,14.3,71.4,5,1,CROSS=EMA9>EMA21;TREND=1;STRUCT=1;VOL=1;COOL=1;EMA50=1;VWAP=1;BIAS=1,0.00,0.00,24555.02,24555.02,2026.03.20 trades=1 W=0 L=1 gross_profit=0.00 gross_loss=115.80 net=-115.80 PF=0.00
607,2026.03.23 01:00:00,2026.03.23 03:30:00,WEEK_SUMMARY,XAUUSD,M15,204,FLAT,NA,DAY,0,0.00,0.00,0.00,0.00,1.00,0.00,0.00,0.00,0.00,0.00,0.00,0.00,0.00,0.00,0.00,0.00,-1.01,-106.06,4509.92,4536.33,4583.05,4512.92,4540.17,-2.052,22.77,41.16,29.40,38.29,-30.05,-30.69,0.63,4628.25,4497.92,1784,4284,14.3,71.4,5,1,CROSS=EMA9>EMA21;TREND=1;STRUCT=1;VOL=1;COOL=1;EMA50=1;VWAP=1;BIAS=1,0.00,0.00,24555.02,24555.02,days=5 trades=14 W=3 L=11 gross_profit=586.30 gross_loss=692.36 net=-106.06 PF=0.85 pips=-4257.0
608,2026.03.23 14:15:00,2026.03.23 16:45:00,SKIP,XAUUSD,M15,204,FLAT,NA,EVENING,0,0.00,0.00,0.00,0.00,1.00,0.00,0.00,0.00,0.00,0.00,0.00,0.00,0.00,0.00,0.00,0.00,0.00,0.00,4298.48,4284.09,4336.18,4258.81,4266.79,-0.910,57.27,23.10,67.33,82.83,-1.14,-24.60,23.45,4330.01,4457.17,5931,5192,85.7,0.0,5,1,CROSS=EMA9>EMA21;TREND=1;STRUCT=1;VOL=1;COOL=1;EMA50=1;VWAP=1;BIAS=1,0.00,0.00,24555.02,24555.02,already positioned that way
609,2026.03.23 20:00:00,2026.03.23 22:30:00,SKIP,XAUUSD,M15,204,FLAT,NA,EVENING,0,0.00,0.00,0.00,0.00,1.00,0.00,0.00,0.00,0.00,0.00,0.00,0.00,0.00,0.00,0.00,0.00,0.00,0.00,4396.71,4398.42,4385.51,4402.04,4400.73,0.292,44.25,31.68,47.58,40.71,7.91,26.92,-19.01,4363.13,4375.37,5886,5874,14.3,85.7,5,1,CROSS=EMA9>EMA21;TREND=1;STRUCT=1;VOL=1;COOL=1;EMA50=1;VWAP=1;BIAS=1,0.00,0.00,24555.02,24555.02,outside the killzone window
610,2026.03.23 20:45:00,2026.03.23 23:15:00,SKIP,XAUUSD,M15,204,FLAT,NA,EVENING,0,0.00,0.00,0.00,0.00,1.00,0.00,0.00,0.00,0.00,0.00,0.00,0.00,0.00,0.00,0.00,0.00,0.00,0.00,4402.93,4400.92,4388.06,4398.56,4398.97,0.310,41.52,26.92,53.83,56.62,7.85,15.15,-7.30,4364.81,4420.42,4979,5817,71.4,14.3,5,1,CROSS=EMA9>EMA21;TREND=1;STRUCT=1;VOL=1;COOL=1;EMA50=1;VWAP=1;BIAS=1,0.00,0.00,24555.02,24555.02,outside the killzone window
611,2026.03.24 01:00:00,2026.03.24 03:30:00,SKIP,XAUUSD,M15,204,FLAT,NA,DAY,0,0.00,0.00,0.00,0.00,1.00,0.00,0.00,0.00,0.00,0.00,0.00,0.00,0.00,0.00,0.00,0.00,0.00,0.00,4410.94,4411.10,4399.93,4412.00,4411.54,0.400,27.95,15.89,49.62,46.55,3.12,7.78,-4.66,4371.27,4406.68,1641,4573,14.3,57.1,6,1,CROSS=EMA9<EMA21;TREND=1;STRUCT=1;VOL=1;COOL=1;EMA50=1;VWAP=0;BIAS=1,0.00,0.00,24555.02,24555.02,quality filter
612,2026.03.24 02:00:00,2026.03.24 04:30:00,SKIP,XAUUSD,M15,204,FLAT,NA,DAY,0,0.00,0.00,0.00,0.00,1.00,0.00,0.00,0.00,0.00,0.00,0.00,0.00,0.00,0.00,0.00,0.00,0.00,0.00,4413.03,4411.77,4401.81,4409.53,4410.24,0.384,25.93,16.22,54.48,58.87,2.98,3.59,-0.62,4406.30,4427.02,2658,4012,57.1,14.3,5,1,CROSS=EMA9>EMA21;TREND=1;STRUCT=1;VOL=1;COOL=1;EMA50=1;VWAP=1;BIAS=1,0.00,0.00,24555.02,24555.02,already positioned that way
613,2026.03.24 03:45:00,2026.03.24 06:15:00,ENTRY,XAUUSD,M15,206,SELL,FULLTGT,DAY,0,4344.45,4398.78,4398.78,54.33,1.00,54.33,4290.12,4235.79,4181.46,4127.13,4072.80,0.02,0.02,0.02,4344.45,0.00,0.00,0.00,4402.31,4409.78,4404.08,4416.80,4416.32,0.210,27.17,20.76,35.61,22.09,-3.33,4.03,-7.36,4408.49,4344.37,4975,3463,0.0,85.7,5,1,CROSS=EMA9<EMA21;TREND=1;STRUCT=1;VOL=1;COOL=1;EMA50=1;VWAP=1;BIAS=1,0.00,0.00,24554.95,24554.85,KZ=ASIA; KZR=Asia L @ 4320.30 76 bars ago (low taken); DAY 12AM-4PM IST session: stop x1.00 of usual; no partials; full size to TP5; SL steps BE->TP1->TP2->TP3
614,2026.03.24 09:45:00,2026.03.24 12:15:00,FLIP,XAUUSD,M15,206,SELL,FULLTGT,DAY,0,4344.45,4398.78,4398.78,54.33,1.00,54.33,4290.12,4235.79,4181.46,4127.13,4072.80,0.02,0.00,0.00,4377.69,0.00,-0.61,0.00,4361.32,4359.72,4371.33,4357.21,4357.92,-0.446,26.01,20.22,54.49,58.90,-2.92,-10.77,7.85,4365.39,4377.72,4537,4127,71.4,14.3,5,1,CROSS=EMA9>EMA21;TREND=1;STRUCT=1;VOL=1;COOL=1;EMA50=1;VWAP=1;BIAS=1,0.71,-0.97,24554.95,24488.47,opposite signal before SL/target | SELL -> BUY | closing trade 206
615,2026.03.24 09:45:00,2026.03.24 12:15:00,EXIT_FLIP,XAUUSD,M15,206,SELL,FULLTGT,DAY,0,4344.45,4398.78,4398.78,54.33,1.00,54.33,4290.12,4235.79,4181.46,4127.13,4072.80,0.02,0.02,0.00,4377.69,0.00,-0.61,0.00,4361.32,4359.72,4371.33,4357.21,4357.92,-0.446,26.01,20.22,54.49,58.90,-2.92,-10.77,7.85,4365.39,4377.72,4537,4127,71.4,14.3,5,1,CROSS=EMA9>EMA21;TREND=1;STRUCT=1;VOL=1;COOL=1;EMA50=1;VWAP=1;BIAS=1,0.71,-0.97,24488.40,24488.40,FLIP exit
616,2026.03.24 09:45:00,2026.03.24 12:15:00,EXIT_OTHER,XAUUSD,M15,206,SELL,FULLTGT,DAY,0,4344.45,4398.78,4398.78,54.33,1.00,54.33,4290.12,4235.79,4181.46,4127.13,4072.80,0.02,0.02,0.00,4377.69,0.00,-0.61,-66.62,4361.32,4359.72,4371.33,4357.21,4357.92,-0.446,26.01,20.22,54.49,58.90,-2.92,-10.77,7.85,4365.39,4377.72,4537,4127,71.4,14.3,5,1,CROSS=EMA9>EMA21;TREND=1;STRUCT=1;VOL=1;COOL=1;EMA50=1;VWAP=1;BIAS=1,0.71,-0.97,24488.40,24488.40,FLIP exit
617,2026.03.24 09:45:00,2026.03.24 12:15:00,ENTRY,XAUUSD,M15,208,BUY,FULLTGT,DAY,206,4377.69,4325.66,4325.66,52.03,1.00,52.03,4429.72,4481.75,4533.78,4585.80,4637.83,0.02,0.02,0.02,4377.69,0.00,0.00,0.00,4361.32,4359.72,4371.33,4357.21,4357.92,-0.446,26.01,20.22,54.49,58.90,-2.92,-10.77,7.85,4365.39,4377.72,4537,4127,71.4,14.3,5,1,CROSS=EMA9>EMA21;TREND=1;STRUCT=1;VOL=1;COOL=1;EMA50=1;VWAP=1;BIAS=1,0.00,0.00,24488.33,24488.23,KZ=LONDON; KZR=Asia L @ 4320.30 100 bars ago (low taken); DAY 12AM-4PM IST session: stop x1.00 of usual; no partials; full size to TP5; SL steps BE->TP1->TP2->TP3; flipped from trade 206
618,2026.03.24 10:52:42,2026.03.24 13:22:42,SL_MOVE,XAUUSD,M15,208,BUY,FULLTGT,DAY,206,4377.69,4325.66,4377.69,52.03,1.00,52.03,4429.72,4481.75,4533.78,4585.80,4637.83,0.02,0.00,0.02,4377.69,1.00,0.00,0.00,4391.26,4376.30,4377.35,4386.93,4373.08,-0.045,23.32,28.65,59.42,68.75,9.65,-1.77,11.43,4370.20,4408.55,4127,4032,85.7,14.3,5,1,CROSS=EMA9>EMA21;TREND=1;STRUCT=1;VOL=1;COOL=1;EMA50=1;VWAP=1;BIAS=1,1.00,-0.09,24488.33,24592.49,stop to breakeven
619,2026.03.24 10:52:42,2026.03.24 13:22:42,TP1_REACHED,XAUUSD,M15,208,BUY,FULLTGT,DAY,206,4377.69,4325.66,4377.69,52.03,1.00,52.03,4429.72,4481.75,4533.78,4585.80,4637.83,0.02,0.00,0.02,4429.72,1.00,1.00,0.00,4391.26,4376.30,4377.35,4386.93,4373.08,-0.045,23.32,28.65,59.42,68.75,9.65,-1.77,11.43,4370.20,4408.55,4127,4032,85.7,14.3,5,1,CROSS=EMA9>EMA21;TREND=1;STRUCT=1;VOL=1;COOL=1;EMA50=1;VWAP=1;BIAS=1,1.00,-0.09,24488.33,24592.49,full target: no partial booked
620,2026.03.24 14:01:42,2026.03.24 16:31:42,EXIT_BE,XAUUSD,M15,208,BUY,FULLTGT,EVENING,206,4377.69,4325.66,4377.69,52.03,1.00,52.03,4429.72,4481.75,4533.78,4585.80,4637.83,0.02,0.02,0.00,4377.24,0.00,-0.01,-1.04,4421.55,4406.63,4393.45,4417.30,4403.44,0.610,21.59,41.09,64.03,63.50,14.84,12.75,2.09,4380.96,4438.56,3621,4117,85.7,0.0,8,1,CROSS=EMA9>EMA21;TREND=1;STRUCT=1;VOL=1;COOL=1;EMA50=1;VWAP=1;BIAS=1,1.24,-0.09,24487.36,24487.36,stopped at breakeven
621,2026.03.24 15:45:00,2026.03.24 18:15:00,ENTRY,XAUUSD,M15,210,SELL,FULLTGT,EVENING,0,4369.24,4416.22,4416.22,46.98,1.00,46.98,4322.26,4275.28,4228.29,4181.31,4134.33,0.02,0.02,0.02,4369.24,0.00,0.00,0.00,4406.00,4406.06,4396.74,4415.08,4409.70,0.397,23.49,24.41,39.81,33.50,3.84,11.04,-7.19,4384.42,4369.69,5001,4078,0.0,85.7,5,1,CROSS=EMA9<EMA21;TREND=1;STRUCT=1;VOL=1;COOL=1;EMA50=1;VWAP=1;BIAS=1,0.00,0.00,24487.29,24487.19,KZ=NY; KZR=Asia L @ 4320.30 124 bars ago (low taken); EVENING 4PM-12AM IST session: stop x1.00 of usual; no partials; full size to TP5; SL steps BE->TP1->TP2->TP3
622,2026.03.24 17:34:40,2026.03.24 20:04:40,EXIT_SL,XAUUSD,M15,210,SELL,FULLTGT,EVENING,0,4369.24,4416.22,4416.22,46.98,1.00,46.98,4322.26,4275.28,4228.29,4181.31,4134.33,0.02,0.02,0.00,4416.23,0.00,-1.00,-94.12,4389.59,4394.30,4392.80,4384.67,4392.80,0.060,25.21,28.24,54.50,62.04,-3.37,-1.56,-1.81,4383.66,4409.30,5389,4462,71.4,28.6,5,1,CROSS=EMA9<EMA21;TREND=1;STRUCT=1;VOL=1;COOL=1;EMA50=1;VWAP=1;BIAS=1,0.40,-1.00,24393.24,24393.24,stopped at the initial SL (x1.00 of usual)
623,2026.03.24 18:00:00,2026.03.24 20:30:00,SKIP,XAUUSD,M15,210,FLAT,NA,EVENING,0,0.00,0.00,0.00,0.00,1.00,0.00,0.00,0.00,0.00,0.00,0.00,0.00,0.00,0.00,0.00,0.00,0.00,0.00,4398.48,4397.75,4394.44,4394.14,4395.94,0.127,26.02,30.02,56.31,59.03,0.38,-2.99,3.37,4384.81,4415.84,5590,4656,100.0,0.0,10,1,CROSS=EMA9<EMA21;TREND=1;STRUCT=1;VOL=1;COOL=1;EMA50=1;VWAP=1;BIAS=1,0.00,0.00,24393.24,24393.24,outside the killzone window
624,2026.03.24 20:45:00,2026.03.24 23:15:00,SKIP,XAUUSD,M15,210,FLAT,NA,EVENING,0,0.00,0.00,0.00,0.00,1.00,0.00,0.00,0.00,0.00,0.00,0.00,0.00,0.00,0.00,0.00,0.00,0.00,0.00,4403.51,4404.49,4399.88,4409.82,4407.11,0.201,22.93,23.64,40.42,33.18,0.73,4.39,-3.66,4388.73,4378.26,4848,5019,0.0,71.4,5,1,CROSS=EMA9<EMA21;TREND=1;STRUCT=1;VOL=1;COOL=1;EMA50=1;VWAP=1;BIAS=1,0.00,0.00,24393.24,24393.24,outside the killzone window
625,2026.03.24 23:30:00,2026.03.25 02:00:00,SKIP,XAUUSD,M15,210,FLAT,NA,DAY,0,0.00,0.00,0.00,0.00,1.00,0.00,0.00,0.00,0.00,0.00,0.00,0.00,0.00,0.00,0.00,0.00,0.00,0.00,4411.86,4406.55,4401.92,4400.95,4401.66,0.229,20.25,16.05,66.56,72.95,3.89,-0.30,4.18,4390.31,4455.51,4320,4279,85.7,0.0,5,1,CROSS=EMA9<EMA21;TREND=1;STRUCT=1;VOL=1;COOL=1;EMA50=1;VWAP=1;BIAS=1,0.00,0.00,24393.24,24393.24,outside the killzone window
626,2026.03.25 01:00:00,2026.03.25 03:30:00,DAY_SUMMARY,XAUUSD,M15,210,FLAT,NA,DAY,0,0.00,0.00,0.00,0.00,1.00,0.00,0.00,0.00,0.00,0.00,0.00,0.00,0.00,0.00,0.00,0.00,-1.62,-161.78,4431.91,4417.05,4406.91,4421.30,4411.32,0.485,20.93,22.08,70.47,69.66,11.56,2.02,9.54,4391.92,4474.36,3465,4251,71.4,0.0,7,1,CROSS=EMA9<EMA21;TREND=1;STRUCT=1;VOL=1;COOL=1;EMA50=1;VWAP=1;BIAS=1,0.00,0.00,24393.24,24393.24,2026.03.24 trades=3 W=0 L=3 gross_profit=0.00 gross_loss=161.78 net=-161.78 PF=0.00
627,2026.03.25 09:45:00,2026.03.25 12:15:00,SKIP,XAUUSD,M15,210,FLAT,NA,DAY,0,0.00,0.00,0.00,0.00,1.00,0.00,0.00,0.00,0.00,0.00,0.00,0.00,0.00,0.00,0.00,0.00,0.00,0.00,4555.76,4555.86,4521.56,4557.97,4556.76,2.713,12.64,51.24,48.63,40.64,6.93,15.52,-8.59,4551.93,4546.89,2902,2784,0.0,100.0,7,1,CROSS=EMA9<EMA21;TREND=1;STRUCT=1;VOL=1;COOL=1;EMA50=1;VWAP=1;BIAS=1,0.00,0.00,24393.24,24393.24,already positioned that way
628,2026.03.25 10:30:00,2026.03.25 13:00:00,ENTRY,XAUUSD,M15,212,BUY,FULLTGT,DAY,0,4561.15,4537.91,4537.91,23.24,1.00,23.24,4584.39,4607.62,4630.86,4654.09,4677.33,0.05,0.05,0.05,4561.15,0.00,0.00,0.00,4555.66,4555.63,4525.30,4554.33,4555.09,2.610,11.62,41.77,54.85,55.33,5.09,9.89,-4.80,4552.01,4560.99,2615,2699,71.4,14.3,9,1,CROSS=EMA9>EMA21;TREND=1;STRUCT=1;VOL=1;COOL=1;EMA50=1;VWAP=1;BIAS=1,0.00,0.00,24393.06,24392.61,KZ=LONDON; KZR=Asia L @ 4320.30 199 bars ago (low taken); DAY 12AM-4PM IST session: stop x1.00 of usual; no partials; full size to TP5; SL steps BE->TP1->TP2->TP3
629,2026.03.25 10:45:00,2026.03.25 13:15:00,FLIP,XAUUSD,M15,212,BUY,FULLTGT,DAY,0,4561.15,4537.91,4537.91,23.24,1.00,23.24,4584.39,4607.62,4630.86,4654.09,4677.33,0.05,0.00,0.00,4546.99,0.00,-0.61,0.00,4553.92,4554.84,4526.15,4555.66,4555.63,2.369,12.11,38.53,48.32,42.85,3.92,8.37,-4.46,4551.97,4546.95,3086,2688,0.0,100.0,5,1,CROSS=EMA9<EMA21;TREND=1;STRUCT=1;VOL=1;COOL=1;EMA50=1;VWAP=1;BIAS=1,0.00,-0.79,24393.06,24322.26,opposite signal before SL/target | BUY -> SELL | closing trade 212
630,2026.03.25 10:45:00,2026.03.25 13:15:00,EXIT_FLIP,XAUUSD,M15,212,BUY,FULLTGT,DAY,0,4561.15,4537.91,4537.91,23.24,1.00,23.24,4584.39,4607.62,4630.86,4654.09,4677.33,0.05,0.05,0.00,4546.99,0.00,-0.61,0.00,4553.92,4554.84,4526.15,4555.66,4555.63,2.369,12.11,38.53,48.32,42.85,3.92,8.37,-4.46,4551.97,4546.95,3086,2688,0.0,100.0,5,1,CROSS=EMA9<EMA21;TREND=1;STRUCT=1;VOL=1;COOL=1;EMA50=1;VWAP=1;BIAS=1,0.00,-0.79,24322.08,24322.08,FLIP exit
631,2026.03.25 10:45:00,2026.03.25 13:15:00,EXIT_OTHER,XAUUSD,M15,212,BUY,FULLTGT,DAY,0,4561.15,4537.91,4537.91,23.24,1.00,23.24,4584.39,4607.62,4630.86,4654.09,4677.33,0.05,0.05,0.00,4546.99,0.00,-0.61,-71.16,4553.92,4554.84,4526.15,4555.66,4555.63,2.369,12.11,38.53,48.32,42.85,3.92,8.37,-4.46,4551.97,4546.95,3086,2688,0.0,100.0,5,1,CROSS=EMA9<EMA21;TREND=1;STRUCT=1;VOL=1;COOL=1;EMA50=1;VWAP=1;BIAS=1,0.00,-0.79,24322.08,24322.08,FLIP exit
632,2026.03.25 10:45:00,2026.03.25 13:15:00,ENTRY,XAUUSD,M15,214,SELL,FULLTGT,DAY,212,4546.99,4571.21,4571.21,24.22,1.00,24.22,4522.77,4498.55,4474.34,4450.12,4425.90,0.05,0.05,0.05,4546.99,0.00,0.00,0.00,4553.92,4554.84,4526.15,4555.66,4555.63,2.369,12.11,38.53,48.32,42.85,3.92,8.37,-4.46,4551.97,4546.95,3086,2688,0.0,100.0,5,1,CROSS=EMA9<EMA21;TREND=1;STRUCT=1;VOL=1;COOL=1;EMA50=1;VWAP=1;BIAS=1,0.00,0.00,24321.90,24321.65,KZ=LONDON; KZR=Asia L @ 4320.30 200 bars ago (low taken); DAY 12AM-4PM IST session: stop x1.00 of usual; no partials; full size to TP5; SL steps BE->TP1->TP2->TP3; flipped from trade 212
633,2026.03.25 11:30:00,2026.03.25 14:00:00,FLIP,XAUUSD,M15,214,SELL,FULLTGT,DAY,0,4546.99,4571.21,4571.21,24.22,1.00,24.22,4522.77,4498.55,4474.34,4450.12,4425.90,0.05,0.00,0.00,4565.67,0.00,-0.77,0.00,4555.14,4554.96,4529.40,4552.52,4553.90,2.135,11.97,31.26,56.02,60.76,3.37,4.82,-1.45,4552.02,4565.59,3252,2694,85.7,14.3,7,1,CROSS=EMA9>EMA21;TREND=1;STRUCT=1;VOL=1;COOL=1;EMA50=1;VWAP=1;BIAS=1,0.46,-0.85,24321.90,24228.50,opposite signal before SL/target | SELL -> BUY | closing trade 214
634,2026.03.25 11:30:00,2026.03.25 14:00:00,EXIT_FLIP,XAUUSD,M15,214,SELL,FULLTGT,DAY,0,4546.99,4571.21,4571.21,24.22,1.00,24.22,4522.77,4498.55,4474.34,4450.12,4425.90,0.05,0.05,0.00,4565.67,0.00,-0.77,0.00,4555.14,4554.96,4529.40,4552.52,4553.90,2.135,11.97,31.26,56.02,60.76,3.37,4.82,-1.45,4552.02,4565.59,3252,2694,85.7,14.3,7,1,CROSS=EMA9>EMA21;TREND=1;STRUCT=1;VOL=1;COOL=1;EMA50=1;VWAP=1;BIAS=1,0.46,-0.85,24228.32,24228.32,FLIP exit
635,2026.03.25 11:30:00,2026.03.25 14:00:00,EXIT_OTHER,XAUUSD,M15,214,SELL,FULLTGT,DAY,0,4546.99,4571.21,4571.21,24.22,1.00,24.22,4522.77,4498.55,4474.34,4450.12,4425.90,0.05,0.05,0.00,4565.67,0.00,-0.77,-93.76,4555.14,4554.96,4529.40,4552.52,4553.90,2.135,11.97,31.26,56.02,60.76,3.37,4.82,-1.45,4552.02,4565.59,3252,2694,85.7,14.3,7,1,CROSS=EMA9>EMA21;TREND=1;STRUCT=1;VOL=1;COOL=1;EMA50=1;VWAP=1;BIAS=1,0.46,-0.85,24228.32,24228.32,FLIP exit
636,2026.03.25 11:30:00,2026.03.25 14:00:00,ENTRY,XAUUSD,M15,216,BUY,FULLTGT,DAY,214,4565.67,4541.72,4541.72,23.95,1.00,23.95,4589.62,4613.57,4637.52,4661.47,4685.42,0.05,0.05,0.05,4565.67,0.00,0.00,0.00,4555.14,4554.96,4529.40,4552.52,4553.90,2.135,11.97,31.26,56.02,60.76,3.37,4.82,-1.45,4552.02,4565.59,3252,2694,85.7,14.3,7,1,CROSS=EMA9>EMA21;TREND=1;STRUCT=1;VOL=1;COOL=1;EMA50=1;VWAP=1;BIAS=1,0.00,0.00,24228.14,24227.79,KZ=LONDON; KZR=Asia L @ 4320.30 203 bars ago (low taken); DAY 12AM-4PM IST session: stop x1.00 of usual; no partials; full size to TP5; SL steps BE->TP1->TP2->TP3; flipped from trade 214
637,2026.03.25 12:46:41,2026.03.25 15:16:41,EXIT_SL,XAUUSD,M15,216,BUY,FULLTGT,DAY,214,4565.67,4541.72,4541.72,23.95,1.00,23.95,4589.62,4613.57,4637.52,4661.47,4685.42,0.05,0.05,0.00,4541.70,0.00,-1.00,-120.21,4556.65,4556.15,4534.65,4558.13,4556.69,1.618,13.28,18.86,48.60,41.85,2.65,3.28,-0.63,4552.80,4550.72,2837,2949,14.3,57.1,11,1,CROSS=EMA9>EMA21;TREND=1;STRUCT=1;VOL=1;COOL=1;EMA50=1;VWAP=1;BIAS=1,0.08,-1.00,24108.11,24108.11,stopped at the initial SL (x1.00 of usual)
638,2026.03.25 13:00:00,2026.03.25 15:30:00,ENTRY,XAUUSD,M15,218,SELL,FULLTGT,DAY,0,4551.98,4580.40,4580.40,28.42,1.00,28.42,4523.56,4495.14,4466.73,4438.31,4409.89,0.04,0.04,0.04,4551.98,0.00,0.00,0.00,4555.69,4555.76,4535.33,4556.65,4556.15,1.438,14.21,21.84,49.16,46.85,2.06,3.07,-1.01,4552.62,4551.84,3527,3054,14.3,71.4,10,1,CROSS=EMA9<EMA21;TREND=1;STRUCT=1;VOL=1;COOL=1;EMA50=1;VWAP=1;BIAS=1,0.00,0.00,24107.97,24107.57,KZ=NY; KZR=Asia L @ 4320.30 209 bars ago (low taken); DAY 12AM-4PM IST session: stop x1.00 of usual; no partials; full size to TP5; SL steps BE->TP1->TP2->TP3
639,2026.03.25 14:00:00,2026.03.25 16:30:00,FLIP,XAUUSD,M15,218,SELL,FULLTGT,EVENING,0,4551.98,4580.40,4580.40,28.42,1.00,28.42,4523.56,4495.14,4466.73,4438.31,4409.89,0.04,0.00,0.00,4558.91,0.00,-0.24,0.00,4555.69,4555.69,4538.31,4554.89,4555.36,1.281,13.57,17.15,52.95,52.96,1.45,2.40,-0.95,4552.82,4558.89,2344,3001,57.1,14.3,5,1,CROSS=EMA9>EMA21;TREND=1;STRUCT=1;VOL=1;COOL=1;EMA50=1;VWAP=1;BIAS=1,0.03,-0.37,24107.97,24080.25,opposite signal before SL/target | SELL -> BUY | closing trade 218
640,2026.03.25 14:00:00,2026.03.25 16:30:00,EXIT_FLIP,XAUUSD,M15,218,SELL,FULLTGT,EVENING,0,4551.98,4580.40,4580.40,28.42,1.00,28.42,4523.56,4495.14,4466.73,4438.31,4409.89,0.04,0.04,0.00,4558.91,0.00,-0.24,0.00,4555.69,4555.69,4538.31,4554.89,4555.36,1.281,13.57,17.15,52.95,52.96,1.45,2.40,-0.95,4552.82,4558.89,2344,3001,57.1,14.3,5,1,CROSS=EMA9>EMA21;TREND=1;STRUCT=1;VOL=1;COOL=1;EMA50=1;VWAP=1;BIAS=1,0.03,-0.37,24080.11,24080.11,FLIP exit
641,2026.03.25 14:00:00,2026.03.25 16:30:00,EXIT_OTHER,XAUUSD,M15,218,SELL,FULLTGT,EVENING,0,4551.98,4580.40,4580.40,28.42,1.00,28.42,4523.56,4495.14,4466.73,4438.31,4409.89,0.04,0.04,0.00,4558.91,0.00,-0.24,-28.00,4555.69,4555.69,4538.31,4554.89,4555.36,1.281,13.57,17.15,52.95,52.96,1.45,2.40,-0.95,4552.82,4558.89,2344,3001,57.1,14.3,5,1,CROSS=EMA9>EMA21;TREND=1;STRUCT=1;VOL=1;COOL=1;EMA50=1;VWAP=1;BIAS=1,0.03,-0.37,24080.11,24080.11,FLIP exit
642,2026.03.25 14:00:00,2026.03.25 16:30:00,ENTRY,XAUUSD,M15,220,BUY,FULLTGT,EVENING,218,4558.91,4531.77,4531.77,27.14,1.00,27.14,4586.05,4613.20,4640.34,4667.48,4694.62,0.04,0.04,0.04,4558.91,0.00,0.00,0.00,4555.69,4555.69,4538.31,4554.89,4555.36,1.281,13.57,17.15,52.95,52.96,1.45,2.40,-0.95,4552.82,4558.89,2344,3001,57.1,14.3,5,1,CROSS=EMA9>EMA21;TREND=1;STRUCT=1;VOL=1;COOL=1;EMA50=1;VWAP=1;BIAS=1,0.00,0.00,24079.97,24079.77,KZ=NY; KZR=Asia L @ 4320.30 213 bars ago (low taken); EVENING 4PM-12AM IST session: stop x1.00 of usual; no partials; full size to TP5; SL steps BE->TP1->TP2->TP3; flipped from trade 218
643,2026.03.25 15:31:27,2026.03.25 18:01:27,EXIT_SL,XAUUSD,M15,220,BUY,FULLTGT,EVENING,218,4558.91,4531.77,4531.77,27.14,1.00,27.14,4586.05,4613.20,4640.34,4667.48,4694.62,0.04,0.04,0.00,4531.66,0.00,-1.00,-109.28,4565.78,4562.42,4545.45,4570.86,4564.11,1.211,14.00,22.35,42.95,31.16,4.25,3.66,0.60,4554.75,4545.48,4885,3048,28.6,57.1,12,1,CROSS=EMA9>EMA21;TREND=1;STRUCT=1;VOL=1;COOL=1;EMA50=1;VWAP=1;BIAS=1,0.98,-1.00,23970.83,23970.83,stopped at the initial SL (x1.00 of usual)
644,2026.03.25 16:00:00,2026.03.25 18:30:00,ENTRY,XAUUSD,M15,222,SELL,FULLTGT,EVENING,0,4544.22,4574.44,4574.44,30.22,1.00,30.22,4514.00,4483.78,4453.55,4423.33,4393.11,0.03,0.03,0.03,4544.22,0.00,0.00,0.00,4558.49,4559.50,4545.47,4562.09,4561.04,0.929,15.11,22.78,42.56,38.22,0.90,3.72,-2.81,4554.20,4544.12,3911,3166,0.0,85.7,3,1,CROSS=EMA9<EMA21;TREND=1;STRUCT=1;VOL=1;COOL=1;EMA50=1;VWAP=1;BIAS=1,0.00,0.00,23970.72,23970.63,KZ=NY; KZR=Asia L @ 4320.30 221 bars ago (low taken); EVENING 4PM-12AM IST session: stop x1.00 of usual; no partials; full size to TP5; SL steps BE->TP1->TP2->TP3
645,2026.03.25 17:45:00,2026.03.25 20:15:00,SKIP,XAUUSD,M15,222,SELL,FULLTGT,EVENING,0,4544.22,4574.44,4574.44,30.22,1.00,30.22,4514.00,4483.78,4453.55,4423.33,4393.11,0.03,0.00,0.00,0.00,0.00,0.00,0.00,4560.09,4560.00,4547.27,4558.72,4559.44,0.854,14.90,18.37,53.53,53.42,1.17,3.17,-2.00,4554.39,4565.56,1875,2971,57.1,14.3,5,1,CROSS=EMA9<EMA21;TREND=1;STRUCT=1;VOL=1;COOL=1;EMA50=1;VWAP=1;BIAS=1,0.09,-0.89,23970.72,23905.32,outside the killzone window
646,2026.03.25 17:50:27,2026.03.25 20:20:27,EXIT_SL,XAUUSD,M15,222,SELL,FULLTGT,EVENING,0,4544.22,4574.44,4574.44,30.22,1.00,30.22,4514.00,4483.78,4453.55,4423.33,4393.11,0.03,0.03,0.00,4574.46,0.00,-1.00,-90.94,4560.09,4560.00,4547.27,4558.72,4559.44,0.854,14.90,18.37,53.53,57.82,1.17,3.17,-2.00,4554.39,4565.56,1875,2971,57.1,14.3,5,1,CROSS=EMA9<EMA21;TREND=1;STRUCT=1;VOL=1;COOL=1;EMA50=1;VWAP=1;BIAS=1,0.09,-1.00,23879.89,23879.89,stopped at the initial SL (x1.00 of usual)
647,2026.03.25 18:15:00,2026.03.25 20:45:00,SKIP,XAUUSD,M15,222,FLAT,NA,EVENING,0,0.00,0.00,0.00,0.00,1.00,0.00,0.00,0.00,0.00,0.00,0.00,0.00,0.00,0.00,0.00,0.00,0.00,0.00,4559.20,4559.68,4548.13,4561.51,4560.65,0.756,15.29,20.15,45.55,41.95,0.61,2.14,-1.53,4554.75,4549.97,4409,3088,0.0,85.7,8,1,CROSS=EMA9<EMA21;TREND=1;STRUCT=1;VOL=1;COOL=1;EMA50=1;VWAP=1;BIAS=1,0.00,0.00,23879.89,23879.89,outside the killzone window
648,2026.03.26 01:00:00,2026.03.26 03:30:00,DAY_SUMMARY,XAUUSD,M15,222,FLAT,NA,DAY,0,0.00,0.00,0.00,0.00,1.00,0.00,0.00,0.00,0.00,0.00,0.00,0.00,0.00,0.00,0.00,0.00,-4.63,-513.35,4521.53,4534.15,4541.27,4525.35,4536.94,-0.417,17.05,21.73,33.07,37.23,-11.69,-8.36,-3.33,4551.29,4506.28,1611,3387,0.0,71.4,7,1,CROSS=EMA9<EMA21;TREND=1;STRUCT=1;VOL=1;COOL=1;EMA50=1;VWAP=1;BIAS=1,0.00,0.00,23879.89,23879.89,2026.03.25 trades=6 W=0 L=6 gross_profit=0.00 gross_loss=513.35 net=-513.35 PF=0.00
649,2026.03.26 04:15:00,2026.03.26 06:45:00,ENTRY,XAUUSD,M15,224,BUY,FULLTGT,DAY,0,4538.53,4500.13,4500.13,38.40,1.00,38.40,4576.93,4615.33,4653.73,4692.13,4730.53,0.03,0.03,0.03,4538.53,0.00,0.00,0.00,4524.73,4524.73,4532.35,4521.33,4523.37,-0.397,19.20,28.32,55.59,64.93,-3.13,-8.67,5.54,4519.20,4538.32,3913,2771,100.0,0.0,5,1,CROSS=EMA9>EMA21;TREND=1;STRUCT=1;VOL=1;COOL=1;EMA50=1;VWAP=1;BIAS=1,0.00,0.00,23879.78,23879.63,KZ=ASIA; KZR=Asia L @ 4320.30 270 bars ago (low taken); DAY 12AM-4PM IST session: stop x1.00 of usual; no partials; full size to TP5; SL steps BE->TP1->TP2->TP3
650,2026.03.26 06:00:00,2026.03.26 08:30:00,FLIP,XAUUSD,M15,224,BUY,FULLTGT,DAY,0,4538.53,4500.13,4500.13,38.40,1.00,38.40,4576.93,4615.33,4653.73,4692.13,4730.53,0.03,0.00,0.00,4508.83,0.00,-0.77,0.00,4523.64,4525.07,4530.88,4527.33,4526.69,-0.381,15.23,25.12,40.49,35.80,-2.20,-1.72,-0.48,4522.21,4508.91,2843,2854,0.0,85.7,5,1,CROSS=EMA9<EMA21;TREND=1;STRUCT=1;VOL=1;COOL=1;EMA50=1;VWAP=1;BIAS=1,0.00,-0.86,23879.78,23790.68,opposite signal before SL/target | BUY -> SELL | closing trade 224
651,2026.03.26 06:00:00,2026.03.26 08:30:00,EXIT_FLIP,XAUUSD,M15,224,BUY,FULLTGT,DAY,0,4538.53,4500.13,4500.13,38.40,1.00,38.40,4576.93,4615.33,4653.73,4692.13,4730.53,0.03,0.03,0.00,4508.83,0.00,-0.77,0.00,4523.64,4525.07,4530.88,4527.33,4526.69,-0.381,15.23,25.12,40.49,35.80,-2.20,-1.72,-0.48,4522.21,4508.91,2843,2854,0.0,85.7,5,1,CROSS=EMA9<EMA21;TREND=1;STRUCT=1;VOL=1;COOL=1;EMA50=1;VWAP=1;BIAS=1,0.00,-0.86,23790.57,23790.57,FLIP exit
652,2026.03.26 06:00:00,2026.03.26 08:30:00,EXIT_OTHER,XAUUSD,M15,224,BUY,FULLTGT,DAY,0,4538.53,4500.13,4500.13,38.40,1.00,38.40,4576.93,4615.33,4653.73,4692.13,4730.53,0.03,0.03,0.00,4508.83,0.00,-0.77,-89.32,4523.64,4525.07,4530.88,4527.33,4526.69,-0.381,15.23,25.12,40.49,35.80,-2.20,-1.72,-0.48,4522.21,4508.91,2843,2854,0.0,85.7,5,1,CROSS=EMA9<EMA21;TREND=1;STRUCT=1;VOL=1;COOL=1;EMA50=1;VWAP=1;BIAS=1,0.00,-0.86,23790.57,23790.57,FLIP exit
653,2026.03.26 06:00:00,2026.03.26 08:30:00,ENTRY,XAUUSD,M15,226,SELL,FULLTGT,DAY,224,4508.83,4539.28,4539.28,30.45,1.00,30.45,4478.38,4447.92,4417.47,4387.01,4356.56,0.03,0.03,0.03,4508.83,0.00,0.00,0.00,4523.64,4525.07,4530.88,4527.33,4526.69,-0.381,15.23,25.12,40.49,35.80,-2.20,-1.72,-0.48,4522.21,4508.91,2843,2854,0.0,85.7,5,1,CROSS=EMA9<EMA21;TREND=1;STRUCT=1;VOL=1;COOL=1;EMA50=1;VWAP=1;BIAS=1,0.00,0.00,23790.46,23790.31,KZ=ASIA; KZR=Asia L @ 4320.30 277 bars ago (low taken); DAY 12AM-4PM IST session: stop x1.00 of usual; no partials; full size to TP5; SL steps BE->TP1->TP2->TP3; flipped from trade 224
654,2026.03.26 08:45:38,2026.03.26 11:15:38,SL_MOVE,XAUUSD,M15,226,SELL,FULLTGT,DAY,224,4508.83,4539.28,4508.83,30.45,1.00,30.45,4478.38,4447.92,4417.47,4387.01,4356.56,0.03,0.00,0.03,4508.83,1.00,0.00,0.00,4506.33,4514.14,4523.28,4512.15,4517.25,-0.803,11.38,26.18,30.95,22.39,-7.08,-4.01,-3.07,4517.73,4483.07,4009,2695,0.0,100.0,5,1,CROSS=EMA9<EMA21;TREND=1;STRUCT=1;VOL=1;COOL=1;EMA50=1;VWAP=1;BIAS=1,1.00,-0.51,23790.46,23881.84,stop to breakeven
655,2026.03.26 08:45:38,2026.03.26 11:15:38,TP1_REACHED,XAUUSD,M15,226,SELL,FULLTGT,DAY,224,4508.83,4539.28,4508.83,30.45,1.00,30.45,4478.38,4447.92,4417.47,4387.01,4356.56,0.03,0.00,0.03,4478.38,1.00,1.00,0.00,4506.33,4514.14,4523.28,4512.15,4517.25,-0.803,11.38,26.18,30.95,22.39,-7.08,-4.01,-3.07,4517.73,4483.07,4009,2695,0.0,100.0,5,1,CROSS=EMA9<EMA21;TREND=1;STRUCT=1;VOL=1;COOL=1;EMA50=1;VWAP=1;BIAS=1,1.00,-0.51,23790.46,23881.84,full target: no partial booked
656,2026.03.26 08:57:42,2026.03.26 11:27:42,SL_MOVE,XAUUSD,M15,226,SELL,FULLTGT,DAY,224,4508.83,4539.28,4478.38,30.45,1.00,30.45,4478.38,4447.92,4417.47,4387.01,4356.56,0.03,0.00,0.03,4478.38,2.00,0.00,0.00,4506.33,4514.14,4523.28,4512.15,4517.25,-0.803,11.38,26.18,30.95,15.36,-7.08,-4.01,-3.07,4517.73,4483.07,4009,2695,0.0,100.0,5,1,CROSS=EMA9<EMA21;TREND=1;STRUCT=1;VOL=1;COOL=1;EMA50=1;VWAP=1;BIAS=1,2.00,-0.51,23790.46,23973.22,stop trailed to TP1
657,2026.03.26 08:57:42,2026.03.26 11:27:42,TP2_REACHED,XAUUSD,M15,226,SELL,FULLTGT,DAY,224,4508.83,4539.28,4478.38,30.45,1.00,30.45,4478.38,4447.92,4417.47,4387.01,4356.56,0.03,0.00,0.03,4447.92,2.00,2.00,0.00,4506.33,4514.14,4523.28,4512.15,4517.25,-0.803,11.38,26.18,30.95,15.36,-7.08,-4.01,-3.07,4517.73,4483.07,4009,2695,0.0,100.0,5,1,CROSS=EMA9<EMA21;TREND=1;STRUCT=1;VOL=1;COOL=1;EMA50=1;VWAP=1;BIAS=1,2.00,-0.51,23790.46,23973.22,full target: no partial booked
658,2026.03.26 09:15:40,2026.03.26 11:45:40,SL_MOVE,XAUUSD,M15,226,SELL,FULLTGT,DAY,224,4508.83,4539.28,4447.92,30.45,1.00,30.45,4478.38,4447.92,4417.47,4387.01,4356.56,0.03,0.00,0.03,4447.92,3.00,0.00,0.00,4478.53,4499.48,4516.11,4492.90,4507.33,-1.177,14.12,35.04,17.99,11.05,-17.40,-6.40,-11.00,4510.25,4421.06,4630,2801,0.0,100.0,10,1,CROSS=EMA9<EMA21;TREND=1;STRUCT=1;VOL=1;COOL=1;EMA50=1;VWAP=1;BIAS=1,3.00,-0.51,23790.46,24064.72,stop trailed to TP2
659,2026.03.26 09:15:40,2026.03.26 11:45:40,TP3_REACHED,XAUUSD,M15,226,SELL,FULLTGT,DAY,224,4508.83,4539.28,4447.92,30.45,1.00,30.45,4478.38,4447.92,4417.47,4387.01,4356.56,0.03,0.00,0.03,4417.47,3.00,3.00,0.00,4478.53,4499.48,4516.11,4492.90,4507.33,-1.177,14.12,35.04,17.99,11.05,-17.40,-6.40,-11.00,4510.25,4421.06,4630,2801,0.0,100.0,10,1,CROSS=EMA9<EMA21;TREND=1;STRUCT=1;VOL=1;COOL=1;EMA50=1;VWAP=1;BIAS=1,3.00,-0.51,23790.46,24064.72,full target: no partial booked
660,2026.03.26 09:45:30,2026.03.26 12:15:30,EXIT_TRAIL_SL,XAUUSD,M15,226,SELL,FULLTGT,DAY,224,4508.83,4539.28,4447.92,30.45,1.00,30.45,4478.38,4447.92,4417.47,4387.01,4356.56,0.03,0.03,0.00,4447.92,0.00,2.00,182.51,4466.14,4489.84,4510.55,4470.92,4494.12,-1.382,14.98,40.33,31.83,36.06,-20.90,-10.15,-10.74,4504.55,4447.06,3613,2860,14.3,85.7,7,1,CROSS=EMA9<EMA21;TREND=1;STRUCT=1;VOL=1;COOL=1;EMA50=1;VWAP=1;BIAS=1,3.05,-0.51,23973.08,23973.08,stopped at a trailed level
661,2026.03.26 17:00:00,2026.03.26 19:30:00,SKIP,XAUUSD,M15,226,FLAT,NA,EVENING,224,0.00,0.00,0.00,0.00,1.00,0.00,0.00,0.00,0.00,0.00,0.00,0.00,0.00,0.00,0.00,0.00,0.00,0.00,4443.70,4443.23,4461.39,4441.40,4442.26,-1.006,18.06,17.86,53.41,57.58,-3.21,-7.76,4.55,4469.84,4452.88,4140,3261,57.1,28.6,10,1,CROSS=EMA9<EMA21;TREND=1;STRUCT=1;VOL=1;COOL=1;EMA50=1;VWAP=1;BIAS=1,0.00,0.00,23973.08,23973.08,outside the killzone window
662,2026.03.26 19:15:00,2026.03.26 21:45:00,SKIP,XAUUSD,M15,226,FLAT,NA,EVENING,224,0.00,0.00,0.00,0.00,1.00,0.00,0.00,0.00,0.00,0.00,0.00,0.00,0.00,0.00,0.00,0.00,0.00,0.00,4446.74,4446.82,4458.07,4448.43,4447.51,-0.612,18.39,23.31,45.39,43.28,-0.79,0.14,-0.93,4467.26,4439.99,3514,3624,0.0,71.4,5,1,CROSS=EMA9<EMA21;TREND=1;STRUCT=1;VOL=1;COOL=1;EMA50=1;VWAP=1;BIAS=1,0.00,0.00,23973.08,23973.08,outside the killzone window
663,2026.03.27 01:00:00,2026.03.27 03:30:00,DAY_SUMMARY,XAUUSD,M15,226,FLAT,NA,DAY,224,0.00,0.00,0.00,0.00,1.00,0.00,0.00,0.00,0.00,0.00,0.00,0.00,0.00,0.00,0.00,0.00,1.23,93.19,4389.79,4397.53,4420.52,4392.74,4399.48,-1.022,22.50,37.59,41.38,44.63,-10.71,-14.26,3.55,4450.49,4378.00,3027,3432,14.3,71.4,7,1,CROSS=EMA9<EMA21;TREND=1;STRUCT=1;VOL=1;COOL=1;EMA50=1;VWAP=1;BIAS=1,0.00,0.00,23973.08,23973.08,2026.03.26 trades=2 W=1 L=1 gross_profit=182.51 gross_loss=89.32 net=93.19 PF=2.04
664,2026.03.27 03:00:00,2026.03.27 05:30:00,ENTRY,XAUUSD,M15,228,BUY,FULLTGT,DAY,0,4405.21,4364.81,4364.81,40.40,1.00,40.40,4445.61,4486.01,4526.40,4566.80,4607.20,0.02,0.02,0.02,4405.21,0.00,0.00,0.00,4399.97,4399.92,4415.46,4398.67,4399.40,-0.769,20.20,22.36,51.15,54.33,-2.72,-5.94,3.22,4400.37,4405.15,1163,2656,71.4,0.0,5,1,CROSS=EMA9>EMA21;TREND=1;STRUCT=1;VOL=1;COOL=1;EMA50=1;VWAP=1;BIAS=1,0.00,0.00,23973.01,23972.91,KZ=ASIA; KZR=Asia L @ 4320.30 361 bars ago (low taken); DAY 12AM-4PM IST session: stop x1.00 of usual; no partials; full size to TP5; SL steps BE->TP1->TP2->TP3
665,2026.03.27 03:30:00,2026.03.27 06:00:00,FLIP,XAUUSD,M15,228,BUY,FULLTGT,DAY,0,4405.21,4364.81,4364.81,40.40,1.00,40.40,4445.61,4486.01,4526.40,4566.80,4607.20,0.02,0.00,0.00,4391.22,0.00,-0.35,0.00,4398.88,4399.48,4414.08,4400.79,4400.30,-0.710,20.58,21.77,45.72,43.26,-2.65,-4.27,1.62,4399.91,4391.25,2391,2510,14.3,57.1,5,1,CROSS=EMA9<EMA21;TREND=1;STRUCT=1;VOL=1;COOL=1;EMA50=1;VWAP=1;BIAS=1,0.15,-0.56,23973.01,23945.03,opposite signal before SL/target | BUY -> SELL | closing trade 228
666,2026.03.27 03:30:00,2026.03.27 06:00:00,EXIT_FLIP,XAUUSD,M15,228,BUY,FULLTGT,DAY,0,4405.21,4364.81,4364.81,40.40,1.00,40.40,4445.61,4486.01,4526.40,4566.80,4607.20,0.02,0.02,0.00,4391.22,0.00,-0.35,0.00,4398.88,4399.48,4414.08,4400.79,4400.30,-0.710,20.58,21.77,45.72,43.26,-2.65,-4.27,1.62,4399.91,4391.25,2391,2510,14.3,57.1,5,1,CROSS=EMA9<EMA21;TREND=1;STRUCT=1;VOL=1;COOL=1;EMA50=1;VWAP=1;BIAS=1,0.15,-0.56,23944.96,23944.96,FLIP exit
667,2026.03.27 03:30:00,2026.03.27 06:00:00,EXIT_OTHER,XAUUSD,M15,228,BUY,FULLTGT,DAY,0,4405.21,4364.81,4364.81,40.40,1.00,40.40,4445.61,4486.01,4526.40,4566.80,4607.20,0.02,0.02,0.00,4391.22,0.00,-0.35,-28.12,4398.88,4399.48,4414.08,4400.79,4400.30,-0.710,20.58,21.77,45.72,43.26,-2.65,-4.27,1.62,4399.91,4391.25,2391,2510,14.3,57.1,5,1,CROSS=EMA9<EMA21;TREND=1;STRUCT=1;VOL=1;COOL=1;EMA50=1;VWAP=1;BIAS=1,0.15,-0.56,23944.96,23944.96,FLIP exit
668,2026.03.27 03:30:00,2026.03.27 06:00:00,ENTRY,XAUUSD,M15,230,SELL,FULLTGT,DAY,228,4391.22,4432.37,4432.37,41.15,1.00,41.15,4350.07,4308.92,4267.76,4226.61,4185.46,0.02,0.02,0.02,4391.22,0.00,0.00,0.00,4398.88,4399.48,4414.08,4400.79,4400.30,-0.710,20.58,21.77,45.72,43.26,-2.65,-4.27,1.62,4399.91,4391.25,2391,2510,14.3,57.1,5,1,CROSS=EMA9<EMA21;TREND=1;STRUCT=1;VOL=1;COOL=1;EMA50=1;VWAP=1;BIAS=1,0.00,0.00,23944.89,23944.79,KZ=ASIA; KZR=Asia L @ 4320.30 363 bars ago (low taken); DAY 12AM-4PM IST session: stop x1.00 of usual; no partials; full size to TP5; SL steps BE->TP1->TP2->TP3; flipped from trade 228
669,2026.03.27 04:45:00,2026.03.27 07:15:00,FLIP,XAUUSD,M15,230,SELL,FULLTGT,DAY,0,4391.22,4432.37,4432.37,41.15,1.00,41.15,4350.07,4308.92,4267.76,4226.61,4185.46,0.02,0.00,0.00,4419.57,0.00,-0.69,0.00,4400.91,4399.54,4411.29,4396.26,4397.54,-0.574,20.46,19.00,57.28,66.51,-0.71,-2.88,2.17,4398.37,4419.52,2883,2425,85.7,0.0,5,1,CROSS=EMA9>EMA21;TREND=1;STRUCT=1;VOL=1;COOL=1;EMA50=1;VWAP=1;BIAS=1,0.38,-0.71,23944.89,23888.19,opposite signal before SL/target | SELL -> BUY | closing trade 230
670,2026.03.27 04:45:00,2026.03.27 07:15:00,EXIT_FLIP,XAUUSD,M15,230,SELL,FULLTGT,DAY,0,4391.22,4432.37,4432.37,41.15,1.00,41.15,4350.07,4308.92,4267.76,4226.61,4185.46,0.02,0.02,0.00,4419.57,0.00,-0.69,0.00,4400.91,4399.54,4411.29,4396.26,4397.54,-0.574,20.46,19.00,57.28,66.51,-0.71,-2.88,2.17,4398.37,4419.52,2883,2425,85.7,0.0,5,1,CROSS=EMA9>EMA21;TREND=1;STRUCT=1;VOL=1;COOL=1;EMA50=1;VWAP=1;BIAS=1,0.38,-0.71,23888.12,23888.12,FLIP exit
671,2026.03.27 04:45:00,2026.03.27 07:15:00,EXIT_OTHER,XAUUSD,M15,230,SELL,FULLTGT,DAY,0,4391.22,4432.37,4432.37,41.15,1.00,41.15,4350.07,4308.92,4267.76,4226.61,4185.46,0.02,0.02,0.00,4419.57,0.00,-0.69,-56.84,4400.91,4399.54,4411.29,4396.26,4397.54,-0.574,20.46,19.00,57.28,66.51,-0.71,-2.88,2.17,4398.37,4419.52,2883,2425,85.7,0.0,5,1,CROSS=EMA9>EMA21;TREND=1;STRUCT=1;VOL=1;COOL=1;EMA50=1;VWAP=1;BIAS=1,0.38,-0.71,23888.12,23888.12,FLIP exit
672,2026.03.27 04:45:00,2026.03.27 07:15:00,ENTRY,XAUUSD,M15,232,BUY,FULLTGT,DAY,230,4419.57,4378.64,4378.64,40.93,1.00,40.93,4460.50,4501.42,4542.35,4583.28,4624.20,0.02,0.02,0.02,4419.57,0.00,0.00,0.00,4400.91,4399.54,4411.29,4396.26,4397.54,-0.574,20.46,19.00,57.28,66.51,-0.71,-2.88,2.17,4398.37,4419.52,2883,2425,85.7,0.0,5,1,CROSS=EMA9>EMA21;TREND=1;STRUCT=1;VOL=1;COOL=1;EMA50=1;VWAP=1;BIAS=1,0.00,0.00,23888.05,23887.95,KZ=ASIA; KZR=Asia L @ 4320.30 368 bars ago (low taken); DAY 12AM-4PM IST session: stop x1.00 of usual; no partials; full size to TP5; SL steps BE->TP1->TP2->TP3; flipped from trade 230
673,2026.03.27 08:35:20,2026.03.27 11:05:20,SL_MOVE,XAUUSD,M15,232,BUY,FULLTGT,DAY,230,4419.57,4378.64,4419.57,40.93,1.00,40.93,4460.50,4501.42,4542.35,4583.28,4624.20,0.02,0.00,0.02,4419.57,1.00,0.00,0.00,4438.58,4428.39,4422.51,4437.38,4426.89,0.495,11.89,44.10,62.69,75.52,10.23,9.45,0.78,4415.24,4443.39,1646,2134,85.7,0.0,5,1,CROSS=EMA9>EMA21;TREND=1;STRUCT=1;VOL=1;COOL=1;EMA50=1;VWAP=1;BIAS=1,1.00,-0.19,23888.05,23969.99,stop to breakeven
674,2026.03.27 08:35:20,2026.03.27 11:05:20,TP1_REACHED,XAUUSD,M15,232,BUY,FULLTGT,DAY,230,4419.57,4378.64,4419.57,40.93,1.00,40.93,4460.50,4501.42,4542.35,4583.28,4624.20,0.02,0.00,0.02,4460.50,1.00,1.00,0.00,4438.58,4428.39,4422.51,4437.38,4426.89,0.495,11.89,44.10,62.69,75.52,10.23,9.45,0.78,4415.24,4443.39,1646,2134,85.7,0.0,5,1,CROSS=EMA9>EMA21;TREND=1;STRUCT=1;VOL=1;COOL=1;EMA50=1;VWAP=1;BIAS=1,1.00,-0.19,23888.05,23969.99,full target: no partial booked
675,2026.03.27 12:00:00,2026.03.27 14:30:00,SKIP,XAUUSD,M15,232,BUY,FULLTGT,DAY,230,4419.57,4378.64,4419.57,40.93,1.00,40.93,4460.50,4501.42,4542.35,4583.28,4624.20,0.02,0.00,0.00,0.00,0.00,0.00,0.00,4441.26,4442.15,4434.20,4445.53,4443.94,0.691,11.51,42.26,40.24,28.93,2.63,8.87,-6.24,4428.71,4424.20,2422,2185,0.0,100.0,7,1,CROSS=EMA9>EMA21;TREND=1;STRUCT=1;VOL=1;COOL=1;EMA50=1;VWAP=1;BIAS=1,1.36,-0.19,23888.05,23897.21,outside the killzone window
676,2026.03.27 13:41:25,2026.03.27 16:11:25,EXIT_BE,XAUUSD,M15,232,BUY,FULLTGT,EVENING,230,4419.57,4378.64,4419.57,40.93,1.00,40.93,4460.50,4501.42,4542.35,4583.28,4624.20,0.02,0.02,0.00,4419.50,0.00,-0.00,-0.28,4432.64,4436.82,4433.32,4433.51,4437.59,0.296,11.84,37.73,44.74,34.36,-1.92,1.31,-3.23,4428.86,4429.18,2175,2450,14.3,71.4,5,1,CROSS=EMA9>EMA21;TREND=1;STRUCT=1;VOL=1;COOL=1;EMA50=1;VWAP=1;BIAS=1,1.36,-0.19,23887.84,23887.84,stopped at breakeven
677,2026.03.27 17:15:00,2026.03.27 19:45:00,SKIP,XAUUSD,M15,232,FLAT,NA,EVENING,230,0.00,0.00,0.00,0.00,1.00,0.00,0.00,0.00,0.00,0.00,0.00,0.00,0.00,0.00,0.00,0.00,0.00,0.00,4434.64,4431.87,4431.00,4428.27,4429.05,0.064,13.52,21.44,66.11,65.52,1.25,-2.27,3.52,4428.30,4460.12,4083,2815,85.7,0.0,11,1,CROSS=EMA9>EMA21;TREND=1;STRUCT=1;VOL=1;COOL=1;EMA50=1;VWAP=1;BIAS=1,0.00,0.00,23887.84,23887.84,outside the killzone window
678,2026.03.30 01:00:00,2026.03.30 03:30:00,DAY_SUMMARY,XAUUSD,M15,232,FLAT,NA,DAY,230,0.00,0.00,0.00,0.00,1.00,0.00,0.00,0.00,0.00,0.00,0.00,0.00,0.00,0.00,0.00,0.00,-1.04,-85.24,4506.98,4503.05,4482.74,4509.86,4503.81,1.337,15.19,23.50,48.50,34.52,7.72,12.19,-4.46,4456.92,4495.46,1546,2869,28.6,42.9,5,1,CROSS=EMA9>EMA21;TREND=1;STRUCT=1;VOL=1;COOL=1;EMA50=1;VWAP=1;BIAS=1,0.00,0.00,23887.84,23887.84,2026.03.27 trades=3 W=0 L=3 gross_profit=0.00 gross_loss=85.24 net=-85.24 PF=0.00
679,2026.03.30 01:00:00,2026.03.30 03:30:00,WEEK_SUMMARY,XAUUSD,M15,232,FLAT,NA,DAY,230,0.00,0.00,0.00,0.00,1.00,0.00,0.00,0.00,0.00,0.00,0.00,0.00,0.00,0.00,0.00,0.00,-6.06,-667.18,4506.98,4503.05,4482.74,4509.86,4503.81,1.337,15.19,23.50,48.50,34.52,7.72,12.19,-4.46,4456.92,4495.46,1546,2869,28.6,42.9,5,1,CROSS=EMA9>EMA21;TREND=1;STRUCT=1;VOL=1;COOL=1;EMA50=1;VWAP=1;BIAS=1,0.00,0.00,23887.84,23887.84,days=4 trades=14 W=1 L=13 gross_profit=182.51 gross_loss=849.69 net=-667.18 PF=0.21 pips=-21311.0
680,2026.03.30 02:00:00,2026.03.30 04:30:00,ENTRY,XAUUSD,M15,234,SELL,FULLTGT,DAY,0,4484.60,4519.50,4519.50,34.90,1.00,34.90,4449.70,4414.79,4379.89,4344.99,4310.09,0.03,0.03,0.03,4484.60,0.00,0.00,0.00,4499.67,4500.68,4484.70,4503.44,4502.28,0.916,17.45,36.98,44.08,36.77,2.80,8.07,-5.27,4495.92,4484.61,2588,2801,0.0,85.7,5,1,CROSS=EMA9<EMA21;TREND=1;STRUCT=1;VOL=1;COOL=1;EMA50=1;VWAP=1;BIAS=1,0.00,0.00,23887.73,23887.58,KZ=ASIA; KZR=Asia L @ 4320.30 645 bars ago (low taken); DAY 12AM-4PM IST session: stop x1.00 of usual; no partials; full size to TP5; SL steps BE->TP1->TP2->TP3
681,2026.03.30 02:35:42,2026.03.30 05:05:42,SL_MOVE,XAUUSD,M15,234,SELL,FULLTGT,DAY,0,4484.60,4519.50,4484.60,34.90,1.00,34.90,4449.70,4414.79,4379.89,4344.99,4310.09,0.03,0.00,0.03,4484.60,1.00,0.00,0.00,4490.86,4496.29,4483.99,4495.46,4498.67,0.685,17.94,45.31,39.62,26.09,-1.29,5.28,-6.57,4490.82,4472.43,2079,2683,0.0,85.7,5,1,CROSS=EMA9<EMA21;TREND=1;STRUCT=1;VOL=1;COOL=1;EMA50=1;VWAP=1;BIAS=1,1.00,-0.24,23887.73,23992.70,stop to breakeven
682,2026.03.30 02:35:42,2026.03.30 05:05:42,TP1_REACHED,XAUUSD,M15,234,SELL,FULLTGT,DAY,0,4484.60,4519.50,4484.60,34.90,1.00,34.90,4449.70,4414.79,4379.89,4344.99,4310.09,0.03,0.00,0.03,4449.70,1.00,1.00,0.00,4490.86,4496.29,4483.99,4495.46,4498.67,0.685,17.94,45.31,39.62,26.09,-1.29,5.28,-6.57,4490.82,4472.43,2079,2683,0.0,85.7,5,1,CROSS=EMA9<EMA21;TREND=1;STRUCT=1;VOL=1;COOL=1;EMA50=1;VWAP=1;BIAS=1,1.00,-0.24,23887.73,23992.70,full target: no partial booked
683,2026.03.30 05:41:41,2026.03.30 08:11:41,EXIT_BE,XAUUSD,M15,234,SELL,FULLTGT,DAY,0,4484.60,4519.50,4484.60,34.90,1.00,34.90,4449.70,4414.79,4379.89,4344.99,4310.09,0.03,0.03,0.00,4484.63,0.00,-0.00,-0.31,4464.23,4469.77,4472.98,4462.07,4469.46,-0.151,21.31,33.83,50.24,54.52,-7.17,-11.93,4.76,4464.28,4472.88,2175,2956,71.4,14.3,5,1,CROSS=EMA9<EMA21;TREND=1;STRUCT=1;VOL=1;COOL=1;EMA50=1;VWAP=1;BIAS=1,1.86,-0.24,23887.53,23887.53,stopped at breakeven
684,2026.03.30 06:15:00,2026.03.30 08:45:00,ENTRY,XAUUSD,M15,236,BUY,FULLTGT,DAY,0,4504.69,4457.07,4457.07,47.62,1.00,47.62,4552.31,4599.92,4647.54,4695.15,4742.77,0.02,0.02,0.02,4504.69,0.00,0.00,0.00,4478.95,4475.77,4475.32,4472.53,4472.88,0.019,23.81,31.97,58.93,66.01,-0.09,-8.14,8.05,4467.90,4504.65,3248,3086,100.0,0.0,5,1,CROSS=EMA9>EMA21;TREND=1;STRUCT=1;VOL=1;COOL=1;EMA50=1;VWAP=1;BIAS=1,0.00,0.00,23887.46,23887.36,KZ=ASIA; KZR=Asia L @ 4320.30 662 bars ago (low taken); DAY 12AM-4PM IST session: stop x1.00 of usual; no partials; full size to TP5; SL steps BE->TP1->TP2->TP3
685,2026.03.30 14:44:21,2026.03.30 17:14:21,SL_MOVE,XAUUSD,M15,236,BUY,FULLTGT,EVENING,0,4504.69,4457.07,4504.69,47.62,1.00,47.62,4552.31,4599.92,4647.54,4695.15,4742.77,0.02,0.00,0.02,4504.69,1.00,0.00,0.00,4535.40,4528.81,4512.95,4533.37,4527.34,1.413,11.22,35.00,63.11,58.64,8.25,9.06,-0.81,4497.87,4543.52,2644,2379,85.7,14.3,9,1,CROSS=EMA9>EMA21;TREND=1;STRUCT=1;VOL=1;COOL=1;EMA50=1;VWAP=1;BIAS=1,1.00,-0.38,23887.46,23982.84,stop to breakeven
686,2026.03.30 14:44:21,2026.03.30 17:14:21,TP1_REACHED,XAUUSD,M15,236,BUY,FULLTGT,EVENING,0,4504.69,4457.07,4504.69,47.62,1.00,47.62,4552.31,4599.92,4647.54,4695.15,4742.77,0.02,0.00,0.02,4552.31,1.00,1.00,0.00,4535.40,4528.81,4512.95,4533.37,4527.34,1.413,11.22,35.00,63.11,58.64,8.25,9.06,-0.81,4497.87,4543.52,2644,2379,85.7,14.3,9,1,CROSS=EMA9>EMA21;TREND=1;STRUCT=1;VOL=1;COOL=1;EMA50=1;VWAP=1;BIAS=1,1.00,-0.38,23887.46,23982.84,full target: no partial booked
687,2026.03.30 17:30:00,2026.03.30 20:00:00,SKIP,XAUUSD,M15,236,BUY,FULLTGT,EVENING,0,4504.69,4457.07,4504.69,47.62,1.00,47.62,4552.31,4599.92,4647.54,4695.15,4742.77,0.02,0.00,0.00,0.00,0.00,0.00,0.00,4541.93,4542.60,4527.80,4547.66,4544.96,0.933,15.87,34.05,40.88,31.23,3.38,10.72,-7.34,4509.76,4519.02,3733,2877,14.3,85.7,8,1,CROSS=EMA9>EMA21;TREND=1;STRUCT=1;VOL=1;COOL=1;EMA50=1;VWAP=1;BIAS=1,1.60,-0.38,23887.46,23916.00,outside the killzone window
688,2026.03.30 19:15:00,2026.03.30 21:45:00,SKIP,XAUUSD,M15,236,BUY,FULLTGT,EVENING,0,4504.69,4457.07,4504.69,47.62,1.00,47.62,4552.31,4599.92,4647.54,4695.15,4742.77,0.02,0.00,0.00,0.00,0.00,0.00,0.00,4541.73,4541.36,4530.60,4541.04,4541.04,0.609,17.65,19.51,52.17,52.66,1.72,1.88,-0.16,4513.01,4544.51,3314,3366,57.1,14.3,5,1,CROSS=EMA9>EMA21;TREND=1;STRUCT=1;VOL=1;COOL=1;EMA50=1;VWAP=1;BIAS=1,1.60,-0.38,23887.46,23967.06,outside the killzone window
689,2026.03.30 19:30:00,2026.03.30 22:00:00,SKIP,XAUUSD,M15,236,BUY,FULLTGT,EVENING,0,4504.69,4457.07,4504.69,47.62,1.00,47.62,4552.31,4599.92,4647.54,4695.15,4742.77,0.02,0.00,0.00,0.00,0.00,0.00,0.00,4540.78,4540.96,4530.85,4541.73,4541.36,0.577,17.52,18.35,48.78,45.42,1.21,1.33,-0.12,4513.42,4536.99,3110,3389,14.3,57.1,5,1,CROSS=EMA9>EMA21;TREND=1;STRUCT=1;VOL=1;COOL=1;EMA50=1;VWAP=1;BIAS=1,1.60,-0.38,23887.46,23951.90,outside the killzone window
690,2026.03.30 19:45:00,2026.03.30 22:15:00,SKIP,XAUUSD,M15,236,BUY,FULLTGT,EVENING,0,4504.69,4457.07,4504.69,47.62,1.00,47.62,4552.31,4599.92,4647.54,4695.15,4742.77,0.02,0.00,0.00,0.00,0.00,0.00,0.00,4542.30,4541.63,4531.54,4540.78,4540.96,0.572,17.64,18.48,53.69,56.25,1.70,1.14,0.55,4513.83,4548.38,2950,3370,71.4,0.0,5,1,CROSS=EMA9>EMA21;TREND=1;STRUCT=1;VOL=1;COOL=1;EMA50=1;VWAP=1;BIAS=1,1.60,-0.38,23887.46,23974.84,outside the killzone window
691,2026.03.30 20:15:00,2026.03.30 22:45:00,SKIP,XAUUSD,M15,236,BUY,FULLTGT,EVENING,0,4504.69,4457.07,4504.69,47.62,1.00,47.62,4552.31,4599.92,4647.54,4695.15,4742.77,0.02,0.00,0.00,0.00,0.00,0.00,0.00,4538.02,4539.78,4531.51,4541.84,4541.48,0.491,16.85,21.08,43.14,35.65,-0.24,0.98,-1.21,4514.42,4522.74,3200,3361,14.3,57.1,4,1,CROSS=EMA9>EMA21;TREND=1;STRUCT=1;VOL=1;COOL=1;EMA50=1;VWAP=1;BIAS=1,1.60,-0.38,23887.46,23923.10,outside the killzone window
692,2026.03.30 21:55:41,2026.03.31 00:25:41,EXIT_BE,XAUUSD,M15,236,BUY,FULLTGT,DAY,0,4504.69,4457.07,4504.69,47.62,1.00,47.62,4552.31,4599.92,4647.54,4695.15,4742.77,0.02,0.02,0.00,4504.64,0.00,-0.00,-0.24,4523.00,4530.50,4528.81,4524.89,4532.01,0.105,16.11,39.29,41.58,33.06,-5.88,-2.15,-3.73,4514.82,4515.45,2531,3331,14.3,71.4,5,1,CROSS=EMA9>EMA21;TREND=1;STRUCT=1;VOL=1;COOL=1;EMA50=1;VWAP=1;BIAS=1,1.60,-0.38,23887.29,23887.29,stopped at breakeven
693,2026.03.31 01:00:00,2026.03.31 03:30:00,DAY_SUMMARY,XAUUSD,M15,236,FLAT,NA,DAY,0,0.00,0.00,0.00,0.00,1.00,0.00,0.00,0.00,0.00,0.00,0.00,0.00,0.00,0.00,0.00,0.00,-0.00,-0.55,4508.86,4516.30,4521.74,4508.32,4516.83,-0.441,12.33,33.39,45.22,54.05,-8.00,-8.75,0.75,4514.06,4511.02,880,2697,42.9,42.9,6,1,CROSS=EMA9>EMA21;TREND=1;STRUCT=1;VOL=1;COOL=1;EMA50=1;VWAP=1;BIAS=1,0.00,0.00,23887.29,23887.29,2026.03.30 trades=2 W=0 L=2 gross_profit=0.00 gross_loss=0.55 net=-0.55 PF=0.00
694,2026.03.31 03:45:00,2026.03.31 06:15:00,SKIP,XAUUSD,M15,236,FLAT,NA,DAY,0,0.00,0.00,0.00,0.00,1.00,0.00,0.00,0.00,0.00,0.00,0.00,0.00,0.00,0.00,0.00,0.00,0.00,0.00,4516.60,4515.33,4518.91,4511.72,4513.25,-0.248,14.46,18.21,60.19,63.18,-0.93,-4.60,3.67,4512.55,4536.12,3181,2068,85.7,0.0,5,1,CROSS=EMA9>EMA21;TREND=1;STRUCT=1;VOL=1;COOL=1;EMA50=1;VWAP=1;BIAS=1,0.00,0.00,23887.29,23887.29,already positioned that way
695,2026.03.31 10:30:00,2026.03.31 13:00:00,ENTRY,XAUUSD,M15,238,SELL,FULLTGT,DAY,0,4552.17,4578.12,4578.12,25.95,1.00,25.95,4526.22,4500.27,4474.33,4448.38,4422.43,0.04,0.04,0.04,4552.17,0.00,0.00,0.00,4558.21,4558.49,4549.23,4559.69,4559.12,0.714,12.97,21.55,47.53,42.56,2.04,5.05,-3.01,4556.29,4552.28,2694,2532,0.0,85.7,5,1,CROSS=EMA9<EMA21;TREND=1;STRUCT=1;VOL=1;COOL=1;EMA50=1;VWAP=1;BIAS=1,0.00,0.00,23887.15,23886.95,KZ=LONDON; KZR=Asia H @ 4602.54 23 bars ago (high taken); DAY 12AM-4PM IST session: stop x1.00 of usual; no partials; full size to TP5; SL steps BE->TP1->TP2->TP3
696,2026.03.31 11:00:00,2026.03.31 13:30:00,FLIP,XAUUSD,M15,238,SELL,FULLTGT,DAY,0,4552.17,4578.12,4578.12,25.95,1.00,25.95,4526.22,4500.27,4474.33,4448.38,4422.43,0.04,0.00,0.00,4564.26,0.00,-0.47,0.00,4559.73,4559.15,4550.23,4558.53,4558.61,0.701,12.73,18.61,53.98,56.08,2.22,4.02,-1.80,4556.47,4564.53,2308,2445,57.1,14.3,8,1,CROSS=EMA9>EMA21;TREND=1;STRUCT=1;VOL=1;COOL=1;EMA50=1;VWAP=1;BIAS=1,0.00,-0.53,23887.15,23838.79,opposite signal before SL/target | SELL -> BUY | closing trade 238
697,2026.03.31 11:00:00,2026.03.31 13:30:00,EXIT_FLIP,XAUUSD,M15,238,SELL,FULLTGT,DAY,0,4552.17,4578.12,4578.12,25.95,1.00,25.95,4526.22,4500.27,4474.33,4448.38,4422.43,0.04,0.04,0.00,4564.26,0.00,-0.47,0.00,4559.73,4559.15,4550.23,4558.53,4558.61,0.701,12.73,18.61,53.98,56.08,2.22,4.02,-1.80,4556.47,4564.53,2308,2445,57.1,14.3,8,1,CROSS=EMA9>EMA21;TREND=1;STRUCT=1;VOL=1;COOL=1;EMA50=1;VWAP=1;BIAS=1,0.00,-0.53,23838.65,23838.65,FLIP exit
698,2026.03.31 11:00:00,2026.03.31 13:30:00,EXIT_OTHER,XAUUSD,M15,238,SELL,FULLTGT,DAY,0,4552.17,4578.12,4578.12,25.95,1.00,25.95,4526.22,4500.27,4474.33,4448.38,4422.43,0.04,0.04,0.00,4564.26,0.00,-0.47,-48.64,4559.73,4559.15,4550.23,4558.53,4558.61,0.701,12.73,18.61,53.98,56.08,2.22,4.02,-1.80,4556.47,4564.53,2308,2445,57.1,14.3,8,1,CROSS=EMA9>EMA21;TREND=1;STRUCT=1;VOL=1;COOL=1;EMA50=1;VWAP=1;BIAS=1,0.00,-0.53,23838.65,23838.65,FLIP exit
699,2026.03.31 11:00:00,2026.03.31 13:30:00,ENTRY,XAUUSD,M15,240,BUY,FULLTGT,DAY,238,4564.26,4538.80,4538.80,25.46,1.00,25.46,4589.72,4615.18,4640.63,4666.09,4691.55,0.04,0.04,0.04,4564.26,0.00,0.00,0.00,4559.73,4559.15,4550.23,4558.53,4558.61,0.701,12.73,18.61,53.98,56.08,2.22,4.02,-1.80,4556.47,4564.53,2308,2445,57.1,14.3,8,1,CROSS=EMA9>EMA21;TREND=1;STRUCT=1;VOL=1;COOL=1;EMA50=1;VWAP=1;BIAS=1,0.00,0.00,23838.51,23838.19,KZ=LONDON; KZR=Asia H @ 4602.54 25 bars ago (high taken); DAY 12AM-4PM IST session: stop x1.00 of usual; no partials; full size to TP5; SL steps BE->TP1->TP2->TP3; flipped from trade 238
700,2026.03.31 13:15:00,2026.03.31 15:45:00,FLIP,XAUUSD,M15,240,BUY,FULLTGT,DAY,0,4564.26,4538.80,4538.80,25.46,1.00,25.46,4589.72,4615.18,4640.63,4666.09,4691.55,0.04,0.00,0.00,4557.10,0.00,-0.28,0.00,4560.91,4561.25,4554.27,4561.87,4561.67,0.598,11.68,22.77,47.51,43.23,0.99,2.80,-1.81,4557.94,4557.06,2192,2573,0.0,71.4,6,1,CROSS=EMA9<EMA21;TREND=1;STRUCT=1;VOL=1;COOL=1;EMA50=1;VWAP=1;BIAS=1,0.43,-0.54,23838.51,23809.87,opposite signal before SL/target | BUY -> SELL | closing trade 240
701,2026.03.31 13:15:00,2026.03.31 15:45:00,EXIT_FLIP,XAUUSD,M15,240,BUY,FULLTGT,DAY,0,4564.26,4538.80,4538.80,25.46,1.00,25.46,4589.72,4615.18,4640.63,4666.09,4691.55,0.04,0.04,0.00,4557.10,0.00,-0.28,0.00,4560.91,4561.25,4554.27,4561.87,4561.67,0.598,11.68,22.77,47.51,43.23,0.99,2.80,-1.81,4557.94,4557.06,2192,2573,0.0,71.4,6,1,CROSS=EMA9<EMA21;TREND=1;STRUCT=1;VOL=1;COOL=1;EMA50=1;VWAP=1;BIAS=1,0.43,-0.54,23809.73,23809.73,FLIP exit
702,2026.03.31 13:15:00,2026.03.31 15:45:00,EXIT_OTHER,XAUUSD,M15,240,BUY,FULLTGT,DAY,0,4564.26,4538.80,4538.80,25.46,1.00,25.46,4589.72,4615.18,4640.63,4666.09,4691.55,0.04,0.04,0.00,4557.10,0.00,-0.28,-28.92,4560.91,4561.25,4554.27,4561.87,4561.67,0.598,11.68,22.77,47.51,43.23,0.99,2.80,-1.81,4557.94,4557.06,2192,2573,0.0,71.4,6,1,CROSS=EMA9<EMA21;TREND=1;STRUCT=1;VOL=1;COOL=1;EMA50=1;VWAP=1;BIAS=1,0.43,-0.54,23809.73,23809.73,FLIP exit
703,2026.03.31 13:15:00,2026.03.31 15:45:00,ENTRY,XAUUSD,M15,242,SELL,FULLTGT,DAY,240,4557.10,4580.46,4580.46,23.36,1.00,23.36,4533.74,4510.38,4487.03,4463.67,4440.31,0.05,0.05,0.05,4557.10,0.00,0.00,0.00,4560.91,4561.25,4554.27,4561.87,4561.67,0.598,11.68,22.77,47.51,43.23,0.99,2.80,-1.81,4557.94,4557.06,2192,2573,0.0,71.4,6,1,CROSS=EMA9<EMA21;TREND=1;STRUCT=1;VOL=1;COOL=1;EMA50=1;VWAP=1;BIAS=1,0.00,0.00,23809.55,23809.25,KZ=NY; KZR=Asia H @ 4602.54 34 bars ago (high taken); DAY 12AM-4PM IST session: stop x1.00 of usual; no partials; full size to TP5; SL steps BE->TP1->TP2->TP3; flipped from trade 240
704,2026.03.31 13:39:40,2026.03.31 16:09:40,SL_MOVE,XAUUSD,M15,242,SELL,FULLTGT,EVENING,240,4557.10,4580.46,4557.10,23.36,1.00,23.36,4533.74,4510.38,4487.03,4463.67,4440.31,0.05,0.00,0.05,4557.10,1.00,0.00,0.00,4560.83,4561.19,4554.51,4560.91,4561.25,0.616,10.84,24.12,50.24,41.49,0.85,2.61,-1.77,4557.96,4560.55,1854,2554,28.6,42.9,11,1,CROSS=EMA9<EMA21;TREND=1;STRUCT=1;VOL=1;COOL=1;EMA50=1;VWAP=1;BIAS=1,1.00,-0.18,23809.55,23926.75,stop to breakeven
705,2026.03.31 13:39:40,2026.03.31 16:09:40,TP1_REACHED,XAUUSD,M15,242,SELL,FULLTGT,EVENING,240,4557.10,4580.46,4557.10,23.36,1.00,23.36,4533.74,4510.38,4487.03,4463.67,4440.31,0.05,0.00,0.05,4533.74,1.00,1.00,0.00,4560.83,4561.19,4554.51,4560.91,4561.25,0.616,10.84,24.12,50.24,41.49,0.85,2.61,-1.77,4557.96,4560.55,1854,2554,28.6,42.9,11,1,CROSS=EMA9<EMA21;TREND=1;STRUCT=1;VOL=1;COOL=1;EMA50=1;VWAP=1;BIAS=1,1.00,-0.18,23809.55,23926.75,full target: no partial booked
706,2026.03.31 14:11:37,2026.03.31 16:41:37,EXIT_BE,XAUUSD,M15,242,SELL,FULLTGT,EVENING,240,4557.10,4580.46,4557.10,23.36,1.00,23.36,4533.74,4510.38,4487.03,4463.67,4440.31,0.05,0.05,0.00,4557.25,0.00,-0.01,-1.11,4554.94,4558.26,4553.72,4556.91,4559.37,0.410,11.06,31.82,42.76,40.39,-1.64,1.56,-3.20,4557.44,4547.08,2722,2523,14.3,85.7,10,1,CROSS=EMA9<EMA21;TREND=1;STRUCT=1;VOL=1;COOL=1;EMA50=1;VWAP=1;BIAS=1,1.18,-0.18,23808.62,23808.62,stopped at breakeven
707,2026.03.31 14:45:00,2026.03.31 17:15:00,ENTRY,XAUUSD,M15,244,BUY,FULLTGT,EVENING,0,4592.69,4566.63,4566.63,26.06,1.00,26.06,4618.75,4644.81,4670.87,4696.93,4722.99,0.04,0.04,0.04,4592.69,0.00,0.00,0.00,4565.18,4562.23,4555.96,4558.47,4559.25,0.481,13.03,25.96,65.38,72.86,2.46,0.39,2.07,4558.31,4592.05,3398,2592,100.0,0.0,5,1,CROSS=EMA9>EMA21;TREND=1;STRUCT=1;VOL=1;COOL=1;EMA50=1;VWAP=1;BIAS=1,0.00,0.00,23808.48,23808.28,KZ=NY; KZR=London H @ 4575.32 1 bars ago (high taken); EVENING 4PM-12AM IST session: stop x1.00 of usual; no partials; full size to TP5; SL steps BE->TP1->TP2->TP3
708,2026.03.31 17:02:38,2026.03.31 19:32:38,SL_MOVE,XAUUSD,M15,244,BUY,FULLTGT,EVENING,0,4592.69,4566.63,4592.69,26.06,1.00,26.06,4618.75,4644.81,4670.87,4696.93,4722.99,0.04,0.00,0.04,4592.69,1.00,0.00,0.00,4583.48,4574.73,4564.14,4577.48,4571.46,0.662,15.99,18.32,66.45,69.59,7.98,5.27,2.71,4562.73,4607.49,3899,3013,85.7,0.0,10,1,CROSS=EMA9>EMA21;TREND=1;STRUCT=1;VOL=1;COOL=1;EMA50=1;VWAP=1;BIAS=1,0.99,-0.95,23808.48,23912.72,stop to breakeven
709,2026.03.31 17:02:38,2026.03.31 19:32:38,TP1_REACHED,XAUUSD,M15,244,BUY,FULLTGT,EVENING,0,4592.69,4566.63,4592.69,26.06,1.00,26.06,4618.75,4644.81,4670.87,4696.93,4722.99,0.04,0.00,0.04,4618.75,1.00,1.00,0.00,4583.48,4574.73,4564.14,4577.48,4571.46,0.662,15.99,18.32,66.45,69.59,7.98,5.27,2.71,4562.73,4607.49,3899,3013,85.7,0.0,10,1,CROSS=EMA9>EMA21;TREND=1;STRUCT=1;VOL=1;COOL=1;EMA50=1;VWAP=1;BIAS=1,0.99,-0.95,23808.48,23912.72,full target: no partial booked
710,2026.03.31 19:41:30,2026.03.31 22:11:30,SL_MOVE,XAUUSD,M15,244,BUY,FULLTGT,EVENING,0,4592.69,4566.63,4618.75,26.06,1.00,26.06,4618.75,4644.81,4670.87,4696.93,4722.99,0.04,0.00,0.04,4618.75,2.00,0.00,0.00,4610.78,4598.68,4580.44,4609.00,4596.76,0.998,18.28,32.59,60.30,64.45,13.02,12.97,0.04,4571.66,4617.87,2920,3565,85.7,0.0,6,1,CROSS=EMA9>EMA21;TREND=1;STRUCT=1;VOL=1;COOL=1;EMA50=1;VWAP=1;BIAS=1,2.00,-0.95,23808.48,24017.04,stop trailed to TP1
711,2026.03.31 19:41:30,2026.03.31 22:11:30,TP2_REACHED,XAUUSD,M15,244,BUY,FULLTGT,EVENING,0,4592.69,4566.63,4618.75,26.06,1.00,26.06,4618.75,4644.81,4670.87,4696.93,4722.99,0.04,0.00,0.04,4644.81,2.00,2.00,0.00,4610.78,4598.68,4580.44,4609.00,4596.76,0.998,18.28,32.59,60.30,64.45,13.02,12.97,0.04,4571.66,4617.87,2920,3565,85.7,0.0,6,1,CROSS=EMA9>EMA21;TREND=1;STRUCT=1;VOL=1;COOL=1;EMA50=1;VWAP=1;BIAS=1,2.00,-0.95,23808.48,24017.04,full target: no partial booked
712,2026.03.31 21:38:41,2026.04.01 00:08:41,SL_MOVE,XAUUSD,M15,244,BUY,FULLTGT,DAY,0,4592.69,4566.63,4644.81,26.06,1.00,26.06,4618.75,4644.81,4670.87,4696.93,4722.99,0.04,0.00,0.04,4644.81,3.00,0.00,0.00,4649.01,4628.30,4600.32,4645.13,4624.67,1.533,18.25,58.26,69.88,61.50,21.21,17.61,3.60,4581.74,4664.55,3363,3742,85.7,0.0,5,1,CROSS=EMA9>EMA21;TREND=1;STRUCT=1;VOL=1;COOL=1;EMA50=1;VWAP=1;BIAS=1,3.00,-0.95,23808.48,24121.24,stop trailed to TP2
713,2026.03.31 21:38:41,2026.04.01 00:08:41,TP3_REACHED,XAUUSD,M15,244,BUY,FULLTGT,DAY,0,4592.69,4566.63,4644.81,26.06,1.00,26.06,4618.75,4644.81,4670.87,4696.93,4722.99,0.04,0.00,0.04,4670.87,3.00,3.00,0.00,4649.01,4628.30,4600.32,4645.13,4624.67,1.533,18.25,58.26,69.88,61.50,21.21,17.61,3.60,4581.74,4664.55,3363,3742,85.7,0.0,5,1,CROSS=EMA9>EMA21;TREND=1;STRUCT=1;VOL=1;COOL=1;EMA50=1;VWAP=1;BIAS=1,3.00,-0.95,23808.48,24121.24,full target: no partial booked
714,2026.04.01 01:49:48,2026.04.01 04:19:48,DAY_SUMMARY,XAUUSD,M15,244,BUY,FULLTGT,DAY,0,4592.69,4566.63,4644.81,26.06,1.00,26.06,4618.75,4644.81,4670.87,4696.93,4722.99,0.04,0.00,0.00,0.00,0.00,-0.75,-78.67,4669.59,4655.54,4624.19,4670.21,4654.38,2.303,13.61,51.66,62.61,46.03,17.72,20.96,-3.24,4590.80,4667.12,1300,3134,42.9,42.9,12,1,CROSS=EMA9>EMA21;TREND=1;STRUCT=1;VOL=1;COOL=1;EMA50=1;VWAP=1;BIAS=1,3.63,-0.95,23808.48,24110.19,2026.03.31 trades=3 W=0 L=3 gross_profit=0.00 gross_loss=78.67 net=-78.67 PF=0.00
715,2026.04.01 01:49:48,2026.04.01 04:19:48,MONTH_SUMMARY,XAUUSD,M15,244,BUY,FULLTGT,DAY,0,4592.69,4566.63,4644.81,26.06,1.00,26.06,4618.75,4644.81,4670.87,4696.93,4722.99,0.04,0.00,0.00,0.00,0.00,-2.22,-239.28,4669.59,4655.54,4624.19,4670.21,4654.38,2.303,13.61,51.66,62.61,46.03,17.72,20.96,-3.24,4590.80,4667.12,1300,3134,42.9,42.9,12,1,CROSS=EMA9>EMA21;TREND=1;STRUCT=1;VOL=1;COOL=1;EMA50=1;VWAP=1;BIAS=1,3.63,-0.95,23808.48,24110.19,days=18 trades=49 W=11 L=38 gross_profit=2079.85 gross_loss=2319.13 net=-239.28 PF=0.90 pips=-18526.0
716,2026.04.01 02:55:32,2026.04.01 05:25:32,SL_MOVE,XAUUSD,M15,244,BUY,FULLTGT,DAY,0,4592.69,4566.63,4670.87,26.06,1.00,26.06,4618.75,4644.81,4670.87,4696.93,4722.99,0.04,0.00,0.04,4670.87,4.00,0.00,0.00,4677.94,4664.27,4632.87,4674.68,4661.60,2.479,12.67,41.89,70.36,65.78,16.84,18.80,-1.96,4681.31,4691.01,2039,2768,71.4,14.3,72,1,CROSS=EMA9>EMA21;TREND=1;STRUCT=1;VOL=1;COOL=1;EMA50=1;VWAP=1;BIAS=1,3.99,-0.95,23808.48,24228.63,stop trailed to TP3
717,2026.04.01 02:55:32,2026.04.01 05:25:32,TP4_REACHED,XAUUSD,M15,244,BUY,FULLTGT,DAY,0,4592.69,4566.63,4670.87,26.06,1.00,26.06,4618.75,4644.81,4670.87,4696.93,4722.99,0.04,0.00,0.04,4696.93,4.00,4.00,0.00,4677.94,4664.27,4632.87,4674.68,4661.60,2.479,12.67,41.89,70.36,65.78,16.84,18.80,-1.96,4681.31,4691.01,2039,2768,71.4,14.3,72,1,CROSS=EMA9>EMA21;TREND=1;STRUCT=1;VOL=1;COOL=1;EMA50=1;VWAP=1;BIAS=1,3.99,-0.95,23808.48,24228.63,full target: no partial booked
718,2026.04.01 04:00:41,2026.04.01 06:30:41,TP5_EXIT,XAUUSD,M15,244,BUY,FULLTGT,DAY,0,4592.69,4566.63,4670.87,26.06,1.00,26.06,4618.75,4644.81,4670.87,4696.93,4722.99,0.04,0.04,0.00,4724.02,5.00,5.00,0.00,4698.83,4680.98,4646.49,4695.80,4677.99,2.822,12.22,53.68,69.40,64.81,19.96,18.08,1.88,4698.33,4710.94,2525,2497,100.0,0.0,12,1,CROSS=EMA9>EMA21;TREND=1;STRUCT=1;VOL=1;COOL=1;EMA50=1;VWAP=1;BIAS=1,4.98,-0.95,24331.13,24331.13,full target reached; closed in full
719,2026.04.01 04:00:41,2026.04.01 06:30:41,EXIT_TP,XAUUSD,M15,244,BUY,FULLTGT,DAY,0,4592.69,4566.63,4670.87,26.06,1.00,26.06,4618.75,4644.81,4670.87,4696.93,4722.99,0.04,0.04,0.00,4724.02,0.00,5.04,522.51,4698.83,4680.98,4646.49,4695.80,4677.99,2.822,12.22,53.68,69.40,64.81,19.96,18.08,1.88,4698.33,4710.94,2525,2497,100.0,0.0,12,1,CROSS=EMA9>EMA21;TREND=1;STRUCT=1;VOL=1;COOL=1;EMA50=1;VWAP=1;BIAS=1,4.98,-0.95,24331.13,24331.13,TP5 exit
720,2026.04.01 07:15:00,2026.04.01 09:45:00,SKIP,XAUUSD,M15,244,FLAT,NA,DAY,0,0.00,0.00,0.00,0.00,1.00,0.00,0.00,0.00,0.00,0.00,0.00,0.00,0.00,0.00,0.00,0.00,0.00,0.00,4685.10,4685.28,4663.51,4687.91,4686.42,1.546,14.08,24.48,44.75,31.43,3.81,8.57,-4.76,4694.29,4673.86,1597,2499,0.0,71.4,12,1,CROSS=EMA9>EMA21;TREND=1;STRUCT=1;VOL=1;COOL=1;EMA50=1;VWAP=1;BIAS=1,0.00,0.00,24331.13,24331.13,outside the killzone window
721,2026.04.01 08:45:00,2026.04.01 11:15:00,SKIP,XAUUSD,M15,244,FLAT,NA,DAY,0,0.00,0.00,0.00,0.00,1.00,0.00,0.00,0.00,0.00,0.00,0.00,0.00,0.00,0.00,0.00,0.00,0.00,0.00,4685.62,4684.65,4667.67,4681.46,4682.90,1.276,13.30,24.50,62.86,73.17,2.53,2.81,-0.28,4692.18,4702.24,1062,2209,57.1,14.3,5,1,CROSS=EMA9>EMA21;TREND=1;STRUCT=1;VOL=1;COOL=1;EMA50=1;VWAP=1;BIAS=1,0.00,0.00,24331.13,24331.13,already positioned that way
722,2026.04.02 01:00:02,2026.04.02 03:30:02,DAY_SUMMARY,XAUUSD,M15,244,FLAT,NA,DAY,0,0.00,0.00,0.00,0.00,1.00,0.00,0.00,0.00,0.00,0.00,0.00,0.00,0.00,0.00,0.00,0.00,5.04,522.51,4763.26,4763.93,4750.33,4764.53,4764.51,1.231,11.06,20.34,47.10,42.45,1.58,3.63,-2.04,4731.84,4758.18,931,2645,14.3,57.1,50,1,CROSS=EMA9>EMA21;TREND=1;STRUCT=1;VOL=1;COOL=1;EMA50=1;VWAP=1;BIAS=1,0.00,0.00,24331.13,24331.13,2026.04.01 trades=1 W=1 L=0 gross_profit=522.51 gross_loss=0.00 net=522.51 PF=0.00
723,2026.04.02 01:00:02,2026.04.02 03:30:02,SKIP,XAUUSD,M15,244,FLAT,NA,DAY,0,0.00,0.00,0.00,0.00,1.00,0.00,0.00,0.00,0.00,0.00,0.00,0.00,0.00,0.00,0.00,0.00,0.00,0.00,4763.26,4763.93,4750.33,4764.53,4764.51,1.231,11.06,20.34,47.10,42.45,1.58,3.63,-2.04,4731.84,4758.18,931,2645,14.3,57.1,50,1,CROSS=EMA9<EMA21;TREND=1;STRUCT=1;VOL=1;COOL=1;EMA50=1;VWAP=0;BIAS=1,0.00,0.00,24331.13,24331.13,quality filter
724,2026.04.02 01:30:00,2026.04.02 04:00:00,SKIP,XAUUSD,M15,244,FLAT,NA,DAY,0,0.00,0.00,0.00,0.00,1.00,0.00,0.00,0.00,0.00,0.00,0.00,0.00,0.00,0.00,0.00,0.00,0.00,0.00,4764.51,4764.34,4751.54,4762.41,4763.49,1.102,11.62,21.53,56.99,61.92,1.75,2.83,-1.08,4762.54,4772.89,1953,2528,57.1,14.3,12,1,CROSS=EMA9>EMA21;TREND=1;STRUCT=1;VOL=1;COOL=1;EMA50=1;VWAP=1;BIAS=1,0.00,0.00,24331.13,24331.13,already positioned that way
725,2026.04.02 04:30:00,2026.04.02 07:00:00,ENTRY,XAUUSD,M15,246,SELL,FULLTGT,DAY,0,4695.95,4729.46,4729.46,33.51,1.00,33.51,4662.44,4628.94,4595.43,4561.92,4528.42,0.03,0.03,0.03,4695.95,0.00,0.00,0.00,4761.99,4768.75,4760.17,4778.22,4775.91,0.512,16.75,22.09,24.03,15.94,-2.69,5.74,-8.43,4770.11,4697.10,4348,2236,0.0,85.7,15,1,CROSS=EMA9<EMA21;TREND=1;STRUCT=1;VOL=1;COOL=1;EMA50=1;VWAP=1;BIAS=1,0.00,0.00,24331.02,24330.57,KZ=ASIA; KZR=NY H @ 4763.08 42 bars ago (high taken); DAY 12AM-4PM IST session: stop x1.00 of usual; no partials; full size to TP5; SL steps BE->TP1->TP2->TP3
726,2026.04.02 04:32:16,2026.04.02 07:02:16,SL_MOVE,XAUUSD,M15,246,SELL,FULLTGT,DAY,0,4695.95,4729.46,4695.95,33.51,1.00,33.51,4662.44,4628.94,4595.43,4561.92,4528.42,0.03,0.00,0.03,4695.95,1.00,0.00,0.00,4761.99,4768.75,4760.17,4778.22,4775.91,0.512,16.75,22.09,24.03,15.94,-2.69,5.74,-8.43,4770.11,4697.10,4348,2236,0.0,85.7,160,1,CROSS=EMA9<EMA21;TREND=1;STRUCT=1;VOL=1;COOL=1;EMA50=1;VWAP=1;BIAS=1,0.87,-0.11,24331.02,24433.59,stop to breakeven
727,2026.04.02 04:32:16,2026.04.02 07:02:16,TP1_REACHED,XAUUSD,M15,246,SELL,FULLTGT,DAY,0,4695.95,4729.46,4695.95,33.51,1.00,33.51,4662.44,4628.94,4595.43,4561.92,4528.42,0.03,0.00,0.03,4662.44,1.00,1.00,0.00,4761.99,4768.75,4760.17,4778.22,4775.91,0.512,16.75,22.09,24.03,15.94,-2.69,5.74,-8.43,4770.11,4697.10,4348,2236,0.0,85.7,160,1,CROSS=EMA9<EMA21;TREND=1;STRUCT=1;VOL=1;COOL=1;EMA50=1;VWAP=1;BIAS=1,0.87,-0.11,24331.02,24433.59,full target: no partial booked
728,2026.04.02 04:37:30,2026.04.02 07:07:30,EXIT_BE,XAUUSD,M15,246,SELL,FULLTGT,DAY,0,4695.95,4729.46,4695.95,33.51,1.00,33.51,4662.44,4628.94,4595.43,4561.92,4528.42,0.03,0.03,0.00,4696.37,0.00,-0.01,-1.48,4761.99,4768.75,4760.17,4778.22,4775.91,0.512,16.75,22.09,24.03,13.83,-2.69,5.74,-8.43,4770.11,4697.10,4348,2236,0.0,85.7,124,1,CROSS=EMA9<EMA21;TREND=1;STRUCT=1;VOL=1;COOL=1;EMA50=1;VWAP=1;BIAS=1,1.33,-0.11,24329.65,24329.65,stopped at breakeven
729,2026.04.02 17:30:00,2026.04.02 20:00:00,SKIP,XAUUSD,M15,246,FLAT,NA,EVENING,0,0.00,0.00,0.00,0.00,1.00,0.00,0.00,0.00,0.00,0.00,0.00,0.00,0.00,0.00,0.00,0.00,0.00,0.00,4629.51,4624.61,4644.06,4620.50,4620.52,-0.949,20.48,23.52,63.23,67.29,-0.36,-8.72,8.36,4660.36,4665.55,4143,3015,85.7,0.0,5,1,CROSS=EMA9<EMA21;TREND=1;STRUCT=1;VOL=1;COOL=1;EMA50=1;VWAP=1;BIAS=1,0.00,0.00,24329.65,24329.65,outside the killzone window
730,2026.04.06 01:00:02,2026.04.06 03:30:02,DAY_SUMMARY,XAUUSD,M15,246,FLAT,NA,DAY,0,0.00,0.00,0.00,0.00,1.00,0.00,0.00,0.00,0.00,0.00,0.00,0.00,0.00,0.00,0.00,0.00,-0.01,-1.48,4669.15,4662.88,4657.84,4667.43,4661.56,0.427,11.81,23.30,59.28,59.23,6.91,6.63,0.28,4661.82,4676.04,1314,2697,71.4,0.0,50,1,CROSS=EMA9<EMA21;TREND=1;STRUCT=1;VOL=1;COOL=1;EMA50=1;VWAP=1;BIAS=1,0.00,0.00,24329.65,24329.65,2026.04.02 trades=1 W=0 L=1 gross_profit=0.00 gross_loss=1.48 net=-1.48 PF=0.00
731,2026.04.06 01:00:02,2026.04.06 03:30:02,WEEK_SUMMARY,XAUUSD,M15,246,FLAT,NA,DAY,0,0.00,0.00,0.00,0.00,1.00,0.00,0.00,0.00,0.00,0.00,0.00,0.00,0.00,0.00,0.00,0.00,5.03,521.03,4669.15,4662.88,4657.84,4667.43,4661.56,0.427,11.81,23.30,59.28,59.23,6.91,6.63,0.28,4661.82,4676.04,1314,2697,71.4,0.0,50,1,CROSS=EMA9<EMA21;TREND=1;STRUCT=1;VOL=1;COOL=1;EMA50=1;VWAP=1;BIAS=1,0.00,0.00,24329.65,24329.65,days=2 trades=2 W=1 L=1 gross_profit=522.51 gross_loss=1.48 net=521.03 PF=353.05 pips=13091.0
732,2026.04.06 01:30:00,2026.04.06 04:00:00,SKIP,XAUUSD,M15,246,FLAT,NA,DAY,0,0.00,0.00,0.00,0.00,1.00,0.00,0.00,0.00,0.00,0.00,0.00,0.00,0.00,0.00,0.00,0.00,0.00,0.00,4656.37,4657.77,4655.96,4661.38,4659.92,0.133,13.71,20.29,41.44,34.74,1.14,5.76,-4.63,4637.15,4636.32,2459,2639,0.0,71.4,7,1,CROSS=EMA9<EMA21;TREND=1;STRUCT=1;VOL=1;COOL=1;EMA50=1;VWAP=1;BIAS=1,0.00,0.00,24329.65,24329.65,already positioned that way
733,2026.04.06 05:45:00,2026.04.06 08:15:00,ENTRY,XAUUSD,M15,248,BUY,FULLTGT,DAY,0,4651.26,4609.23,4609.23,42.03,1.00,42.03,4693.29,4735.32,4777.34,4819.37,4861.40,0.02,0.02,0.02,4651.26,0.00,0.00,0.00,4639.26,4638.19,4643.69,4636.27,4636.89,-0.262,21.01,28.99,54.26,58.12,-1.34,-6.84,5.50,4630.38,4651.21,2547,2496,85.7,14.3,5,1,CROSS=EMA9>EMA21;TREND=1;STRUCT=1;VOL=1;COOL=1;EMA50=1;VWAP=1;BIAS=1,0.00,0.00,24329.58,24329.48,KZ=ASIA; KZR=NY H @ 4763.08 431 bars ago (high taken); DAY 12AM-4PM IST session: stop x1.00 of usual; no partials; full size to TP5; SL steps BE->TP1->TP2->TP3
734,2026.04.06 06:30:00,2026.04.06 09:00:00,FLIP,XAUUSD,M15,248,BUY,FULLTGT,DAY,0,4651.26,4609.23,4609.23,42.03,1.00,42.03,4693.29,4735.32,4777.34,4819.37,4861.40,0.02,0.00,0.00,4630.41,0.00,-0.50,0.00,4637.62,4637.80,4642.93,4639.42,4638.54,-0.268,19.16,25.36,46.78,44.45,-1.46,-3.71,2.24,4631.36,4630.42,2232,2456,14.3,71.4,5,1,CROSS=EMA9<EMA21;TREND=1;STRUCT=1;VOL=1;COOL=1;EMA50=1;VWAP=1;BIAS=1,0.12,-0.61,24329.58,24287.88,opposite signal before SL/target | BUY -> SELL | closing trade 248
735,2026.04.06 06:30:00,2026.04.06 09:00:00,EXIT_FLIP,XAUUSD,M15,248,BUY,FULLTGT,DAY,0,4651.26,4609.23,4609.23,42.03,1.00,42.03,4693.29,4735.32,4777.34,4819.37,4861.40,0.02,0.02,0.00,4630.41,0.00,-0.50,0.00,4637.62,4637.80,4642.93,4639.42,4638.54,-0.268,19.16,25.36,46.78,44.45,-1.46,-3.71,2.24,4631.36,4630.42,2232,2456,14.3,71.4,5,1,CROSS=EMA9<EMA21;TREND=1;STRUCT=1;VOL=1;COOL=1;EMA50=1;VWAP=1;BIAS=1,0.12,-0.61,24287.81,24287.81,FLIP exit
736,2026.04.06 06:30:00,2026.04.06 09:00:00,EXIT_OTHER,XAUUSD,M15,248,BUY,FULLTGT,DAY,0,4651.26,4609.23,4609.23,42.03,1.00,42.03,4693.29,4735.32,4777.34,4819.37,4861.40,0.02,0.02,0.00,4630.41,0.00,-0.50,-41.84,4637.62,4637.80,4642.93,4639.42,4638.54,-0.268,19.16,25.36,46.78,44.45,-1.46,-3.71,2.24,4631.36,4630.42,2232,2456,14.3,71.4,5,1,CROSS=EMA9<EMA21;TREND=1;STRUCT=1;VOL=1;COOL=1;EMA50=1;VWAP=1;BIAS=1,0.12,-0.61,24287.81,24287.81,FLIP exit
737,2026.04.06 06:30:00,2026.04.06 09:00:00,ENTRY,XAUUSD,M15,250,SELL,FULLTGT,DAY,248,4630.41,4668.73,4668.73,38.32,1.00,38.32,4592.09,4553.78,4515.46,4477.14,4438.82,0.03,0.03,0.03,4630.41,0.00,0.00,0.00,4637.62,4637.80,4642.93,4639.42,4638.54,-0.268,19.16,25.36,46.78,44.45,-1.46,-3.71,2.24,4631.36,4630.42,2232,2456,14.3,71.4,5,1,CROSS=EMA9<EMA21;TREND=1;STRUCT=1;VOL=1;COOL=1;EMA50=1;VWAP=1;BIAS=1,0.00,0.00,24287.70,24287.55,KZ=ASIA; KZR=NY H @ 4763.08 434 bars ago (high taken); DAY 12AM-4PM IST session: stop x1.00 of usual; no partials; full size to TP5; SL steps BE->TP1->TP2->TP3; flipped from trade 248
738,2026.04.06 07:15:00,2026.04.06 09:45:00,SKIP,XAUUSD,M15,250,SELL,FULLTGT,DAY,248,4630.41,4668.73,4668.73,38.32,1.00,38.32,4592.09,4553.78,4515.46,4477.14,4438.82,0.03,0.00,0.00,0.00,0.00,0.00,0.00,4638.65,4638.17,4642.50,4637.44,4637.64,-0.253,17.07,24.64,52.01,54.97,-0.65,-1.80,1.15,4631.91,4643.52,1868,2363,71.4,0.0,12,1,CROSS=EMA9<EMA21;TREND=1;STRUCT=1;VOL=1;COOL=1;EMA50=1;VWAP=1;BIAS=1,0.12,-0.48,24287.70,24248.01,outside the killzone window
739,2026.04.06 08:07:57,2026.04.06 10:37:57,EXIT_SL,XAUUSD,M15,250,SELL,FULLTGT,DAY,248,4630.41,4668.73,4668.73,38.32,1.00,38.32,4592.09,4553.78,4515.46,4477.14,4438.82,0.03,0.03,0.00,4668.73,0.00,-1.00,-115.18,4645.44,4641.61,4643.55,4642.01,4639.86,-0.125,15.45,33.47,58.30,71.04,2.24,-0.36,2.59,4632.99,4659.13,1284,2227,85.7,0.0,12,1,CROSS=EMA9<EMA21;TREND=1;STRUCT=1;VOL=1;COOL=1;EMA50=1;VWAP=1;BIAS=1,0.12,-1.00,24172.63,24172.63,stopped at the initial SL (x1.00 of usual)
740,2026.04.06 15:45:00,2026.04.06 18:15:00,SKIP,XAUUSD,M15,250,FLAT,NA,EVENING,248,0.00,0.00,0.00,0.00,1.00,0.00,0.00,0.00,0.00,0.00,0.00,0.00,0.00,0.00,0.00,0.00,0.00,0.00,4679.90,4680.20,4670.22,4680.63,4680.52,0.930,10.74,30.00,49.33,44.67,2.73,7.65,-4.92,4655.49,4677.01,2437,2094,28.6,71.4,5,1,CROSS=EMA9<EMA21;TREND=1;STRUCT=1;VOL=1;COOL=1;EMA50=1;VWAP=0;BIAS=1,0.00,0.00,24172.63,24172.63,already positioned that way
741,2026.04.06 17:45:00,2026.04.06 20:15:00,SKIP,XAUUSD,M15,250,FLAT,NA,EVENING,248,0.00,0.00,0.00,0.00,1.00,0.00,0.00,0.00,0.00,0.00,0.00,0.00,0.00,0.00,0.00,0.00,0.00,0.00,4678.34,4678.20,4671.74,4676.70,4677.53,0.496,13.02,22.26,54.90,55.93,0.92,0.62,0.30,4658.86,4684.92,3672,2539,71.4,14.3,10,1,CROSS=EMA9<EMA21;TREND=1;STRUCT=1;VOL=1;COOL=1;EMA50=1;VWAP=0;BIAS=1,0.00,0.00,24172.63,24172.63,outside the killzone window
742,2026.04.06 18:15:00,2026.04.06 20:45:00,SKIP,XAUUSD,M15,250,FLAT,NA,EVENING,248,0.00,0.00,0.00,0.00,1.00,0.00,0.00,0.00,0.00,0.00,0.00,0.00,0.00,0.00,0.00,0.00,0.00,0.00,4675.89,4677.16,4671.80,4679.27,4678.64,0.389,13.79,19.65,42.01,38.12,-0.20,0.20,-0.39,4659.58,4662.36,3339,2640,14.3,71.4,9,1,CROSS=EMA9<EMA21;TREND=1;STRUCT=1;VOL=1;COOL=1;EMA50=1;VWAP=0;BIAS=1,0.00,0.00,24172.63,24172.63,outside the killzone window
743,2026.04.07 01:00:00,2026.04.07 03:30:00,DAY_SUMMARY,XAUUSD,M15,250,FLAT,NA,DAY,248,0.00,0.00,0.00,0.00,1.00,0.00,0.00,0.00,0.00,0.00,0.00,0.00,0.00,0.00,0.00,0.00,-1.50,-157.02,4654.07,4657.90,4662.73,4654.96,4658.64,-0.592,8.17,25.60,41.38,42.62,-4.50,-5.07,0.57,4659.37,4650.50,725,2004,14.3,71.4,12,1,CROSS=EMA9<EMA21;TREND=1;STRUCT=1;VOL=1;COOL=1;EMA50=1;VWAP=0;BIAS=1,0.00,0.00,24172.63,24172.63,2026.04.06 trades=2 W=0 L=2 gross_profit=0.00 gross_loss=157.02 net=-157.02 PF=0.00
744,2026.04.07 07:45:00,2026.04.07 10:15:00,SKIP,XAUUSD,M15,250,FLAT,NA,DAY,248,0.00,0.00,0.00,0.00,1.00,0.00,0.00,0.00,0.00,0.00,0.00,0.00,0.00,0.00,0.00,0.00,0.00,0.00,4649.80,4649.40,4654.01,4646.66,4648.10,-0.368,12.55,26.26,57.94,71.29,-1.10,-3.86,2.76,4647.62,4662.38,2037,2279,85.7,0.0,5,1,CROSS=EMA9<EMA21;TREND=1;STRUCT=1;VOL=1;COOL=1;EMA50=1;VWAP=0;BIAS=1,0.00,0.00,24172.63,24172.63,outside the killzone window
745,2026.04.07 08:30:00,2026.04.07 11:00:00,SKIP,XAUUSD,M15,250,FLAT,NA,DAY,248,0.00,0.00,0.00,0.00,1.00,0.00,0.00,0.00,0.00,0.00,0.00,0.00,0.00,0.00,0.00,0.00,0.00,0.00,4648.62,4649.19,4653.45,4652.59,4650.84,-0.319,13.37,24.74,40.15,28.12,-1.26,-2.22,0.95,4647.96,4632.76,2013,2270,14.3,57.1,12,1,CROSS=EMA9<EMA21;TREND=1;STRUCT=1;VOL=1;COOL=1;EMA50=1;VWAP=1;BIAS=1,0.00,0.00,24172.63,24172.63,already positioned that way
746,2026.04.07 10:15:00,2026.04.07 12:45:00,ENTRY,XAUUSD,M15,252,BUY,FULLTGT,DAY,0,4651.87,4630.00,4630.00,21.87,1.00,21.87,4673.74,4695.60,4717.47,4739.33,4761.20,0.05,0.05,0.05,4651.87,0.00,0.00,0.00,4648.35,4648.08,4651.69,4647.51,4647.71,-0.331,10.93,19.15,51.92,54.90,-0.56,-1.57,1.01,4646.96,4651.72,2555,2264,71.4,14.3,5,1,CROSS=EMA9>EMA21;TREND=1;STRUCT=1;VOL=1;COOL=1;EMA50=1;VWAP=1;BIAS=1,0.00,0.00,24172.45,24172.20,KZ=LONDON; KZR=NY H @ 4763.08 545 bars ago (high taken); DAY 12AM-4PM IST session: stop x1.00 of usual; no partials; full size to TP5; SL steps BE->TP1->TP2->TP3
747,2026.04.07 10:30:00,2026.04.07 13:00:00,FLIP,XAUUSD,M15,252,BUY,FULLTGT,DAY,0,4651.87,4630.00,4630.00,21.87,1.00,21.87,4673.74,4695.60,4717.47,4739.33,4761.20,0.05,0.00,0.00,4640.10,0.00,-0.54,0.00,4646.60,4647.31,4651.22,4648.35,4648.08,-0.357,10.96,17.71,45.07,39.75,-1.19,-1.73,0.55,4646.88,4639.60,2502,2292,14.3,71.4,10,1,CROSS=EMA9<EMA21;TREND=1;STRUCT=1;VOL=1;COOL=1;EMA50=1;VWAP=1;BIAS=1,0.10,-0.59,24172.45,24113.60,opposite signal before SL/target | BUY -> SELL | closing trade 252
748,2026.04.07 10:30:00,2026.04.07 13:00:00,EXIT_FLIP,XAUUSD,M15,252,BUY,FULLTGT,DAY,0,4651.87,4630.00,4630.00,21.87,1.00,21.87,4673.74,4695.60,4717.47,4739.33,4761.20,0.05,0.05,0.00,4640.10,0.00,-0.54,0.00,4646.60,4647.31,4651.22,4648.35,4648.08,-0.357,10.96,17.71,45.07,39.75,-1.19,-1.73,0.55,4646.88,4639.60,2502,2292,14.3,71.4,10,1,CROSS=EMA9<EMA21;TREND=1;STRUCT=1;VOL=1;COOL=1;EMA50=1;VWAP=1;BIAS=1,0.10,-0.59,24113.42,24113.42,FLIP exit
749,2026.04.07 10:30:00,2026.04.07 13:00:00,EXIT_OTHER,XAUUSD,M15,252,BUY,FULLTGT,DAY,0,4651.87,4630.00,4630.00,21.87,1.00,21.87,4673.74,4695.60,4717.47,4739.33,4761.20,0.05,0.05,0.00,4640.10,0.00,-0.54,-59.21,4646.60,4647.31,4651.22,4648.35,4648.08,-0.357,10.96,17.71,45.07,39.75,-1.19,-1.73,0.55,4646.88,4639.60,2502,2292,14.3,71.4,10,1,CROSS=EMA9<EMA21;TREND=1;STRUCT=1;VOL=1;COOL=1;EMA50=1;VWAP=1;BIAS=1,0.10,-0.59,24113.42,24113.42,FLIP exit
750,2026.04.07 10:30:00,2026.04.07 13:00:00,ENTRY,XAUUSD,M15,254,SELL,FULLTGT,DAY,252,4640.10,4662.02,4662.02,21.92,1.00,21.92,4618.18,4596.26,4574.34,4552.42,4530.50,0.05,0.05,0.05,4640.10,0.00,0.00,0.00,4646.60,4647.31,4651.22,4648.35,4648.08,-0.357,10.96,17.71,45.07,39.75,-1.19,-1.73,0.55,4646.88,4639.60,2502,2292,14.3,71.4,10,1,CROSS=EMA9<EMA21;TREND=1;STRUCT=1;VOL=1;COOL=1;EMA50=1;VWAP=1;BIAS=1,0.00,0.00,24113.24,24112.74,KZ=LONDON; KZR=NY H @ 4763.08 546 bars ago (high taken); DAY 12AM-4PM IST session: stop x1.00 of usual; no partials; full size to TP5; SL steps BE->TP1->TP2->TP3; flipped from trade 252
751,2026.04.07 11:13:22,2026.04.07 13:43:22,EXIT_SL,XAUUSD,M15,254,SELL,FULLTGT,DAY,252,4640.10,4662.02,4662.02,21.92,1.00,21.92,4618.18,4596.26,4574.34,4552.42,4530.50,0.05,0.05,0.00,4662.07,0.00,-1.00,-110.21,4646.05,4646.91,4650.74,4646.04,4646.99,-0.361,10.61,16.79,49.07,55.78,-1.24,-1.60,0.35,4646.70,4646.12,1824,2230,28.6,42.9,10,1,CROSS=EMA9<EMA21;TREND=1;STRUCT=1;VOL=1;COOL=1;EMA50=1;VWAP=1;BIAS=1,0.15,-0.99,24003.21,24003.21,stopped at the initial SL (x1.00 of usual)
752,2026.04.07 11:15:00,2026.04.07 13:45:00,ENTRY,XAUUSD,M15,256,BUY,FULLTGT,DAY,0,4663.64,4641.24,4641.24,22.40,1.00,22.40,4686.04,4708.44,4730.84,4753.24,4775.64,0.05,0.05,0.05,4663.64,0.00,0.00,0.00,4649.50,4648.40,4651.23,4646.05,4646.91,-0.253,11.20,17.40,58.14,65.63,0.21,-1.28,1.49,4647.12,4663.30,3377,2272,85.7,0.0,18,1,CROSS=EMA9>EMA21;TREND=1;STRUCT=1;VOL=1;COOL=1;EMA50=1;VWAP=1;BIAS=1,0.00,0.00,24003.03,24002.13,KZ=LONDON; KZR=NY H @ 4763.08 549 bars ago (high taken); DAY 12AM-4PM IST session: stop x1.00 of usual; no partials; full size to TP5; SL steps BE->TP1->TP2->TP3
753,2026.04.07 11:22:13,2026.04.07 13:52:13,SL_MOVE,XAUUSD,M15,256,BUY,FULLTGT,DAY,0,4663.64,4641.24,4663.64,22.40,1.00,22.40,4686.04,4708.44,4730.84,4753.24,4775.64,0.05,0.00,0.05,4663.64,1.00,0.00,0.00,4649.50,4648.40,4651.23,4646.05,4646.91,-0.253,11.20,17.40,58.14,63.53,0.21,-1.28,1.49,4647.12,4663.30,3377,2272,85.7,0.0,14,1,CROSS=EMA9>EMA21;TREND=1;STRUCT=1;VOL=1;COOL=1;EMA50=1;VWAP=1;BIAS=1,0.97,-0.28,24003.03,24116.33,stop to breakeven
754,2026.04.07 11:22:13,2026.04.07 13:52:13,TP1_REACHED,XAUUSD,M15,256,BUY,FULLTGT,DAY,0,4663.64,4641.24,4663.64,22.40,1.00,22.40,4686.04,4708.44,4730.84,4753.24,4775.64,0.05,0.00,0.05,4686.04,1.00,1.00,0.00,4649.50,4648.40,4651.23,4646.05,4646.91,-0.253,11.20,17.40,58.14,63.53,0.21,-1.28,1.49,4647.12,4663.30,3377,2272,85.7,0.0,14,1,CROSS=EMA9>EMA21;TREND=1;STRUCT=1;VOL=1;COOL=1;EMA50=1;VWAP=1;BIAS=1,0.97,-0.28,24003.03,24116.33,full target: no partial booked
755,2026.04.07 12:45:34,2026.04.07 15:15:34,EXIT_BE,XAUUSD,M15,256,BUY,FULLTGT,DAY,0,4663.64,4641.24,4663.64,22.40,1.00,22.40,4686.04,4708.44,4730.84,4753.24,4775.64,0.05,0.05,0.00,4662.79,0.00,-0.04,-4.61,4671.68,4662.27,4657.48,4672.80,4661.78,0.345,13.89,28.75,53.87,44.81,8.13,4.02,4.11,4652.76,4667.19,2822,2623,57.1,42.9,11,1,CROSS=EMA9>EMA21;TREND=1;STRUCT=1;VOL=1;COOL=1;EMA50=1;VWAP=1;BIAS=1,1.38,-0.28,23998.60,23998.60,stopped at breakeven
756,2026.04.07 14:15:00,2026.04.07 16:45:00,ENTRY,XAUUSD,M15,258,SELL,FULLTGT,EVENING,0,4635.72,4665.87,4665.87,30.15,1.00,30.15,4605.57,4575.42,4545.26,4515.11,4484.96,0.03,0.03,0.03,4635.72,0.00,0.00,0.00,4660.22,4660.85,4658.06,4666.34,4663.36,0.185,15.08,23.77,38.04,26.80,1.46,6.56,-5.11,4653.94,4635.74,3030,2779,0.0,85.7,10,1,CROSS=EMA9<EMA21;TREND=1;STRUCT=1;VOL=1;COOL=1;EMA50=1;VWAP=1;BIAS=1,0.00,0.00,23998.49,23998.19,KZ=NY; KZR=NY H @ 4763.08 561 bars ago (high taken); EVENING 4PM-12AM IST session: stop x1.00 of usual; no partials; full size to TP5; SL steps BE->TP1->TP2->TP3
757,2026.04.07 15:22:33,2026.04.07 17:52:33,EXIT_SL,XAUUSD,M15,258,SELL,FULLTGT,EVENING,0,4635.72,4665.87,4665.87,30.15,1.00,30.15,4605.57,4575.42,4545.26,4515.11,4484.96,0.03,0.03,0.00,4665.88,0.00,-1.00,-90.70,4658.19,4659.51,4657.83,4659.04,4659.98,0.106,15.74,21.80,47.98,50.03,0.05,3.10,-3.04,4653.99,4654.82,3076,2788,28.6,57.1,10,1,CROSS=EMA9<EMA21;TREND=1;STRUCT=1;VOL=1;COOL=1;EMA50=1;VWAP=1;BIAS=1,0.08,-1.00,23907.90,23907.90,stopped at the initial SL (x1.00 of usual)
758,2026.04.07 19:30:00,2026.04.07 22:00:00,SKIP,XAUUSD,M15,258,FLAT,NA,EVENING,0,0.00,0.00,0.00,0.00,1.00,0.00,0.00,0.00,0.00,0.00,0.00,0.00,0.00,0.00,0.00,0.00,0.00,0.00,4652.51,4651.92,4653.75,4649.84,4650.79,-0.100,18.22,23.07,54.71,59.13,-0.64,-3.74,3.10,4652.30,4663.15,3495,3420,85.7,0.0,7,1,CROSS=EMA9<EMA21;TREND=1;STRUCT=1;VOL=1;COOL=1;EMA50=1;VWAP=1;BIAS=1,0.00,0.00,23907.90,23907.90,outside the killzone window
759,2026.04.08 01:00:01,2026.04.08 03:30:01,DAY_SUMMARY,XAUUSD,M15,258,FLAT,NA,DAY,0,0.00,0.00,0.00,0.00,1.00,0.00,0.00,0.00,0.00,0.00,0.00,0.00,0.00,0.00,0.00,0.00,-2.58,-264.73,4696.83,4682.89,4669.96,4694.60,4680.60,0.895,14.44,49.46,64.50,59.67,13.18,9.20,3.98,4658.50,4705.73,1768,3000,85.7,0.0,12,1,CROSS=EMA9<EMA21;TREND=1;STRUCT=1;VOL=1;COOL=1;EMA50=1;VWAP=1;BIAS=1,0.00,0.00,23907.90,23907.90,2026.04.07 trades=4 W=0 L=4 gross_profit=0.00 gross_loss=264.73 net=-264.73 PF=0.00
760,2026.04.08 12:00:00,2026.04.08 14:30:00,SKIP,XAUUSD,M15,258,FLAT,NA,DAY,0,0.00,0.00,0.00,0.00,1.00,0.00,0.00,0.00,0.00,0.00,0.00,0.00,0.00,0.00,0.00,0.00,0.00,0.00,4807.36,4808.89,4786.13,4810.74,4810.40,1.805,12.61,24.13,42.64,33.21,2.66,8.56,-5.91,4807.95,4793.84,2409,2350,14.3,71.4,6,1,CROSS=EMA9<EMA21;TREND=1;STRUCT=1;VOL=1;COOL=1;EMA50=1;VWAP=1;BIAS=1,0.00,0.00,23907.90,23907.90,outside the killzone window
761,2026.04.09 05:45:00,2026.04.09 08:15:00,ENTRY,XAUUSD,M15,260,BUY,FULLTGT,DAY,0,4732.51,4708.47,4708.47,24.04,1.00,24.04,4756.55,4780.60,4804.64,4828.69,4852.73,0.04,0.04,0.04,4732.51,0.00,0.00,0.00,4721.62,4720.49,4733.07,4718.90,4719.29,-1.046,12.02,24.19,55.04,64.14,-1.88,-6.17,4.29,4715.17,4732.47,2061,1979,85.7,0.0,11,1,CROSS=EMA9>EMA21;TREND=1;STRUCT=1;VOL=1;COOL=1;EMA50=1;VWAP=1;BIAS=1,0.00,0.00,23907.76,23907.32,KZ=ASIA; KZR=Asia H @ 4800.40 111 bars ago (high taken); DAY 12AM-4PM IST session: stop x1.00 of usual; no partials; full size to TP5; SL steps BE->TP1->TP2->TP3
762,2026.04.09 06:15:00,2026.04.09 08:45:00,FLIP,XAUUSD,M15,260,BUY,FULLTGT,DAY,0,4732.51,4708.47,4708.47,24.04,1.00,24.04,4756.55,4780.60,4804.64,4828.69,4852.73,0.04,0.00,0.00,4712.57,0.00,-0.83,0.00,4719.41,4719.66,4731.74,4721.13,4720.37,-0.953,12.67,21.88,45.56,40.14,-2.30,-4.60,2.30,4715.55,4712.56,2193,2050,14.3,71.4,11,1,CROSS=EMA9<EMA21;TREND=1;STRUCT=1;VOL=1;COOL=1;EMA50=1;VWAP=1;BIAS=1,0.02,-0.87,23907.76,23828.00,opposite signal before SL/target | BUY -> SELL | closing trade 260
763,2026.04.09 06:15:00,2026.04.09 08:45:00,EXIT_FLIP,XAUUSD,M15,260,BUY,FULLTGT,DAY,0,4732.51,4708.47,4708.47,24.04,1.00,24.04,4756.55,4780.60,4804.64,4828.69,4852.73,0.04,0.04,0.00,4712.57,0.00,-0.83,0.00,4719.41,4719.66,4731.74,4721.13,4720.37,-0.953,12.67,21.88,45.56,40.14,-2.30,-4.60,2.30,4715.55,4712.56,2193,2050,14.3,71.4,11,1,CROSS=EMA9<EMA21;TREND=1;STRUCT=1;VOL=1;COOL=1;EMA50=1;VWAP=1;BIAS=1,0.02,-0.87,23827.86,23827.86,FLIP exit
764,2026.04.09 06:15:00,2026.04.09 08:45:00,EXIT_OTHER,XAUUSD,M15,260,BUY,FULLTGT,DAY,0,4732.51,4708.47,4708.47,24.04,1.00,24.04,4756.55,4780.60,4804.64,4828.69,4852.73,0.04,0.04,0.00,4712.57,0.00,-0.83,-80.04,4719.41,4719.66,4731.74,4721.13,4720.37,-0.953,12.67,21.88,45.56,40.14,-2.30,-4.60,2.30,4715.55,4712.56,2193,2050,14.3,71.4,11,1,CROSS=EMA9<EMA21;TREND=1;STRUCT=1;VOL=1;COOL=1;EMA50=1;VWAP=1;BIAS=1,0.02,-0.87,23827.86,23827.86,FLIP exit
765,2026.04.09 06:15:00,2026.04.09 08:45:00,ENTRY,XAUUSD,M15,262,SELL,FULLTGT,DAY,260,4712.57,4737.91,4737.91,25.34,1.00,25.34,4687.23,4661.88,4636.54,4611.19,4585.85,0.04,0.04,0.04,4712.57,0.00,0.00,0.00,4719.41,4719.66,4731.74,4721.13,4720.37,-0.953,12.67,21.88,45.56,40.14,-2.30,-4.60,2.30,4715.55,4712.56,2193,2050,14.3,71.4,11,1,CROSS=EMA9<EMA21;TREND=1;STRUCT=1;VOL=1;COOL=1;EMA50=1;VWAP=1;BIAS=1,0.00,0.00,23827.72,23827.28,KZ=ASIA; KZR=Asia H @ 4800.40 113 bars ago (high taken); DAY 12AM-4PM IST session: stop x1.00 of usual; no partials; full size to TP5; SL steps BE->TP1->TP2->TP3; flipped from trade 260
766,2026.04.09 08:30:00,2026.04.09 11:00:00,FLIP,XAUUSD,M15,262,SELL,FULLTGT,DAY,0,4712.57,4737.91,4737.91,25.34,1.00,25.34,4687.23,4661.88,4636.54,4611.19,4585.85,0.04,0.00,0.00,4726.40,0.00,-0.55,0.00,4719.39,4718.99,4727.61,4717.65,4718.25,-0.782,11.02,15.60,53.66,60.44,-0.81,-2.04,1.23,4715.77,4726.35,1798,2006,71.4,0.0,6,1,CROSS=EMA9>EMA21;TREND=1;STRUCT=1;VOL=1;COOL=1;EMA50=1;VWAP=1;BIAS=1,0.28,-0.56,23827.72,23772.40,opposite signal before SL/target | SELL -> BUY | closing trade 262
767,2026.04.09 08:30:00,2026.04.09 11:00:00,EXIT_FLIP,XAUUSD,M15,262,SELL,FULLTGT,DAY,0,4712.57,4737.91,4737.91,25.34,1.00,25.34,4687.23,4661.88,4636.54,4611.19,4585.85,0.04,0.04,0.00,4726.40,0.00,-0.55,0.00,4719.39,4718.99,4727.61,4717.65,4718.25,-0.782,11.02,15.60,53.66,60.44,-0.81,-2.04,1.23,4715.77,4726.35,1798,2006,71.4,0.0,6,1,CROSS=EMA9>EMA21;TREND=1;STRUCT=1;VOL=1;COOL=1;EMA50=1;VWAP=1;BIAS=1,0.28,-0.56,23772.26,23772.26,FLIP exit
768,2026.04.09 08:30:00,2026.04.09 11:00:00,EXIT_OTHER,XAUUSD,M15,262,SELL,FULLTGT,DAY,0,4712.57,4737.91,4737.91,25.34,1.00,25.34,4687.23,4661.88,4636.54,4611.19,4585.85,0.04,0.04,0.00,4726.40,0.00,-0.55,-55.60,4719.39,4718.99,4727.61,4717.65,4718.25,-0.782,11.02,15.60,53.66,60.44,-0.81,-2.04,1.23,4715.77,4726.35,1798,2006,71.4,0.0,6,1,CROSS=EMA9>EMA21;TREND=1;STRUCT=1;VOL=1;COOL=1;EMA50=1;VWAP=1;BIAS=1,0.28,-0.56,23772.26,23772.26,FLIP exit
769,2026.04.09 08:30:00,2026.04.09 11:00:00,ENTRY,XAUUSD,M15,264,BUY,FULLTGT,DAY,262,4726.40,4704.36,4704.36,22.04,1.00,22.04,4748.44,4770.49,4792.53,4814.58,4836.62,0.05,0.05,0.05,4726.40,0.00,0.00,0.00,4719.39,4718.99,4727.61,4717.65,4718.25,-0.782,11.02,15.60,53.66,60.44,-0.81,-2.04,1.23,4715.77,4726.35,1798,2006,71.4,0.0,6,1,CROSS=EMA9>EMA21;TREND=1;STRUCT=1;VOL=1;COOL=1;EMA50=1;VWAP=1;BIAS=1,0.00,0.00,23772.08,23771.78,KZ=LONDON; KZR=Asia H @ 4800.40 122 bars ago (high taken); DAY 12AM-4PM IST session: stop x1.00 of usual; no partials; full size to TP5; SL steps BE->TP1->TP2->TP3; flipped from trade 262
770,2026.04.09 09:45:00,2026.04.09 12:15:00,FLIP,XAUUSD,M15,264,BUY,FULLTGT,DAY,0,4726.40,4704.36,4704.36,22.04,1.00,22.04,4748.44,4770.49,4792.53,4814.58,4836.62,0.05,0.00,0.00,4713.78,0.00,-0.57,0.00,4717.86,4718.42,4725.80,4718.88,4718.88,-0.723,10.21,19.05,46.55,45.11,-1.06,-1.03,-0.03,4716.15,4713.79,2522,1967,0.0,85.7,10,1,CROSS=EMA9<EMA21;TREND=1;STRUCT=1;VOL=1;COOL=1;EMA50=1;VWAP=1;BIAS=1,0.01,-0.93,23772.08,23708.98,opposite signal before SL/target | BUY -> SELL | closing trade 264
771,2026.04.09 09:45:00,2026.04.09 12:15:00,EXIT_FLIP,XAUUSD,M15,264,BUY,FULLTGT,DAY,0,4726.40,4704.36,4704.36,22.04,1.00,22.04,4748.44,4770.49,4792.53,4814.58,4836.62,0.05,0.05,0.00,4713.78,0.00,-0.57,0.00,4717.86,4718.42,4725.80,4718.88,4718.88,-0.723,10.21,19.05,46.55,45.11,-1.06,-1.03,-0.03,4716.15,4713.79,2522,1967,0.0,85.7,10,1,CROSS=EMA9<EMA21;TREND=1;STRUCT=1;VOL=1;COOL=1;EMA50=1;VWAP=1;BIAS=1,0.01,-0.93,23708.80,23708.80,FLIP exit
772,2026.04.09 09:45:00,2026.04.09 12:15:00,EXIT_OTHER,XAUUSD,M15,264,BUY,FULLTGT,DAY,0,4726.40,4704.36,4704.36,22.04,1.00,22.04,4748.44,4770.49,4792.53,4814.58,4836.62,0.05,0.05,0.00,4713.78,0.00,-0.57,-63.46,4717.86,4718.42,4725.80,4718.88,4718.88,-0.723,10.21,19.05,46.55,45.11,-1.06,-1.03,-0.03,4716.15,4713.79,2522,1967,0.0,85.7,10,1,CROSS=EMA9<EMA21;TREND=1;STRUCT=1;VOL=1;COOL=1;EMA50=1;VWAP=1;BIAS=1,0.01,-0.93,23708.80,23708.80,FLIP exit
773,2026.04.09 09:45:00,2026.04.09 12:15:00,ENTRY,XAUUSD,M15,266,SELL,FULLTGT,DAY,264,4713.78,4734.20,4734.20,20.42,1.00,20.42,4693.36,4672.95,4652.53,4632.11,4611.69,0.05,0.05,0.05,4713.78,0.00,0.00,0.00,4717.86,4718.42,4725.80,4718.88,4718.88,-0.723,10.21,19.05,46.55,45.11,-1.06,-1.03,-0.03,4716.15,4713.79,2522,1967,0.0,85.7,10,1,CROSS=EMA9<EMA21;TREND=1;STRUCT=1;VOL=1;COOL=1;EMA50=1;VWAP=1;BIAS=1,0.00,0.00,23708.62,23708.12,KZ=LONDON; KZR=Asia H @ 4800.40 127 bars ago (high taken); DAY 12AM-4PM IST session: stop x1.00 of usual; no partials; full size to TP5; SL steps BE->TP1->TP2->TP3; flipped from trade 264
774,2026.04.09 11:00:00,2026.04.09 13:30:00,FLIP,XAUUSD,M15,266,SELL,FULLTGT,DAY,0,4713.78,4734.20,4734.20,20.42,1.00,20.42,4693.36,4672.95,4652.53,4632.11,4611.69,0.05,0.00,0.00,4724.52,0.00,-0.53,0.00,4719.00,4718.62,4724.52,4717.63,4718.04,-0.487,12.11,14.50,52.92,54.98,-0.28,-0.90,0.63,4716.32,4724.49,2484,2116,85.7,0.0,5,1,CROSS=EMA9>EMA21;TREND=1;STRUCT=1;VOL=1;COOL=1;EMA50=1;VWAP=1;BIAS=1,0.49,-0.87,23708.62,23654.92,opposite signal before SL/target | SELL -> BUY | closing trade 266
775,2026.04.09 11:00:00,2026.04.09 13:30:00,EXIT_FLIP,XAUUSD,M15,266,SELL,FULLTGT,DAY,0,4713.78,4734.20,4734.20,20.42,1.00,20.42,4693.36,4672.95,4652.53,4632.11,4611.69,0.05,0.05,0.00,4724.52,0.00,-0.53,0.00,4719.00,4718.62,4724.52,4717.63,4718.04,-0.487,12.11,14.50,52.92,54.98,-0.28,-0.90,0.63,4716.32,4724.49,2484,2116,85.7,0.0,5,1,CROSS=EMA9>EMA21;TREND=1;STRUCT=1;VOL=1;COOL=1;EMA50=1;VWAP=1;BIAS=1,0.49,-0.87,23654.74,23654.74,FLIP exit
776,2026.04.09 11:00:00,2026.04.09 13:30:00,EXIT_OTHER,XAUUSD,M15,266,SELL,FULLTGT,DAY,0,4713.78,4734.20,4734.20,20.42,1.00,20.42,4693.36,4672.95,4652.53,4632.11,4611.69,0.05,0.05,0.00,4724.52,0.00,-0.53,-54.06,4719.00,4718.62,4724.52,4717.63,4718.04,-0.487,12.11,14.50,52.92,54.98,-0.28,-0.90,0.63,4716.32,4724.49,2484,2116,85.7,0.0,5,1,CROSS=EMA9>EMA21;TREND=1;STRUCT=1;VOL=1;COOL=1;EMA50=1;VWAP=1;BIAS=1,0.49,-0.87,23654.74,23654.74,FLIP exit
777,2026.04.09 11:00:00,2026.04.09 13:30:00,ENTRY,XAUUSD,M15,268,BUY,FULLTGT,DAY,266,4724.52,4700.31,4700.31,24.21,1.00,24.21,4748.73,4772.95,4797.16,4821.38,4845.59,0.04,0.04,0.04,4724.52,0.00,0.00,0.00,4719.00,4718.62,4724.52,4717.63,4718.04,-0.487,12.11,14.50,52.92,54.98,-0.28,-0.90,0.63,4716.32,4724.49,2484,2116,85.7,0.0,5,1,CROSS=EMA9>EMA21;TREND=1;STRUCT=1;VOL=1;COOL=1;EMA50=1;VWAP=1;BIAS=1,0.00,0.00,23654.60,23654.40,KZ=LONDON; KZR=Asia H @ 4800.40 132 bars ago (high taken); DAY 12AM-4PM IST session: stop x1.00 of usual; no partials; full size to TP5; SL steps BE->TP1->TP2->TP3; flipped from trade 266
778,2026.04.09 14:39:39,2026.04.09 17:09:39,SL_MOVE,XAUUSD,M15,268,BUY,FULLTGT,EVENING,266,4724.52,4700.31,4724.52,24.21,1.00,24.21,4748.73,4772.95,4797.16,4821.38,4845.59,0.04,0.00,0.04,4724.52,1.00,0.00,0.00,4736.80,4730.46,4728.27,4734.52,4728.92,0.211,10.40,26.36,63.48,66.65,5.67,3.62,2.05,4720.21,4745.88,1730,2172,85.7,0.0,10,1,CROSS=EMA9>EMA21;TREND=1;STRUCT=1;VOL=1;COOL=1;EMA50=1;VWAP=1;BIAS=1,0.99,-0.19,23654.60,23751.64,stop to breakeven
779,2026.04.09 14:39:39,2026.04.09 17:09:39,TP1_REACHED,XAUUSD,M15,268,BUY,FULLTGT,EVENING,266,4724.52,4700.31,4724.52,24.21,1.00,24.21,4748.73,4772.95,4797.16,4821.38,4845.59,0.04,0.00,0.04,4748.73,1.00,1.00,0.00,4736.80,4730.46,4728.27,4734.52,4728.92,0.211,10.40,26.36,63.48,66.65,5.67,3.62,2.05,4720.21,4745.88,1730,2172,85.7,0.0,10,1,CROSS=EMA9>EMA21;TREND=1;STRUCT=1;VOL=1;COOL=1;EMA50=1;VWAP=1;BIAS=1,0.99,-0.19,23654.60,23751.64,full target: no partial booked
780,2026.04.09 16:40:43,2026.04.09 19:10:43,SL_MOVE,XAUUSD,M15,268,BUY,FULLTGT,EVENING,266,4724.52,4700.31,4748.73,24.21,1.00,24.21,4748.73,4772.95,4797.16,4821.38,4845.59,0.04,0.00,0.04,4748.73,2.00,0.00,0.00,4746.84,4740.02,4733.74,4745.37,4738.75,0.684,9.18,31.75,61.02,75.09,7.06,6.67,0.39,4724.56,4752.72,2880,2213,85.7,14.3,10,1,CROSS=EMA9>EMA21;TREND=1;STRUCT=1;VOL=1;COOL=1;EMA50=1;VWAP=1;BIAS=1,2.00,-0.19,23654.60,23850.20,stop trailed to TP1
781,2026.04.09 16:40:43,2026.04.09 19:10:43,TP2_REACHED,XAUUSD,M15,268,BUY,FULLTGT,EVENING,266,4724.52,4700.31,4748.73,24.21,1.00,24.21,4748.73,4772.95,4797.16,4821.38,4845.59,0.04,0.00,0.04,4772.95,2.00,2.00,0.00,4746.84,4740.02,4733.74,4745.37,4738.75,0.684,9.18,31.75,61.02,75.09,7.06,6.67,0.39,4724.56,4752.72,2880,2213,85.7,14.3,10,1,CROSS=EMA9>EMA21;TREND=1;STRUCT=1;VOL=1;COOL=1;EMA50=1;VWAP=1;BIAS=1,2.00,-0.19,23654.60,23850.20,full target: no partial booked
782,2026.04.09 17:36:58,2026.04.09 20:06:58,EXIT_TRAIL_SL,XAUUSD,M15,268,BUY,FULLTGT,EVENING,266,4724.52,4700.31,4748.73,24.21,1.00,24.21,4748.73,4772.95,4797.16,4821.38,4845.59,0.04,0.04,0.00,4748.70,0.00,1.00,96.44,4759.74,4749.22,4738.98,4758.23,4747.56,0.946,10.82,39.79,61.45,48.20,10.43,8.03,2.41,4728.99,4765.79,3636,2550,71.4,28.6,10,1,CROSS=EMA9>EMA21;TREND=1;STRUCT=1;VOL=1;COOL=1;EMA50=1;VWAP=1;BIAS=1,2.18,-0.19,23751.18,23751.18,stopped at a trailed level
783,2026.04.09 23:15:00,2026.04.10 01:45:00,SKIP,XAUUSD,M15,268,FLAT,NA,DAY,266,0.00,0.00,0.00,0.00,1.00,0.00,0.00,0.00,0.00,0.00,0.00,0.00,0.00,0.00,0.00,0.00,0.00,0.00,4775.17,4775.75,4763.99,4776.47,4776.33,1.125,10.45,26.24,47.32,40.94,2.46,6.89,-4.43,4745.32,4769.96,1374,2810,14.3,71.4,7,1,CROSS=EMA9>EMA21;TREND=1;STRUCT=1;VOL=1;COOL=1;EMA50=1;VWAP=1;BIAS=1,0.00,0.00,23751.18,23751.18,outside the killzone window
784,2026.04.10 01:00:01,2026.04.10 03:30:01,DAY_SUMMARY,XAUUSD,M15,268,FLAT,NA,DAY,266,0.00,0.00,0.00,0.00,1.00,0.00,0.00,0.00,0.00,0.00,0.00,0.00,0.00,0.00,0.00,0.00,-1.47,-156.72,4770.82,4773.43,4764.28,4772.14,4774.23,0.978,9.36,25.96,44.44,39.26,0.03,3.59,-3.55,4745.60,4765.52,825,2383,14.3,71.4,12,1,CROSS=EMA9>EMA21;TREND=1;STRUCT=1;VOL=1;COOL=1;EMA50=1;VWAP=1;BIAS=1,0.00,0.00,23751.18,23751.18,2026.04.09 trades=5 W=1 L=4 gross_profit=96.44 gross_loss=253.16 net=-156.72 PF=0.38
785,2026.04.10 07:15:00,2026.04.10 09:45:00,SKIP,XAUUSD,M15,268,FLAT,NA,DAY,266,0.00,0.00,0.00,0.00,1.00,0.00,0.00,0.00,0.00,0.00,0.00,0.00,0.00,0.00,0.00,0.00,0.00,0.00,4761.30,4761.27,4761.53,4759.82,4760.67,-0.030,9.00,28.86,54.21,60.69,-0.98,-2.99,2.02,4759.48,4767.22,1087,1959,85.7,0.0,12,1,CROSS=EMA9>EMA21;TREND=1;STRUCT=1;VOL=1;COOL=1;EMA50=1;VWAP=1;BIAS=1,0.00,0.00,23751.18,23751.18,outside the killzone window
786,2026.04.10 08:15:00,2026.04.10 10:45:00,SKIP,XAUUSD,M15,268,FLAT,NA,DAY,266,0.00,0.00,0.00,0.00,1.00,0.00,0.00,0.00,0.00,0.00,0.00,0.00,0.00,0.00,0.00,0.00,0.00,0.00,4761.23,4761.33,4761.55,4761.52,4761.46,-0.024,9.03,24.06,48.44,46.09,-0.66,-1.61,0.95,4759.80,4760.03,1406,1944,28.6,42.9,10,1,CROSS=EMA9<EMA21;TREND=1;STRUCT=1;VOL=1;COOL=1;EMA50=1;VWAP=0;BIAS=1,0.00,0.00,23751.18,23751.18,quality filter
787,2026.04.10 08:45:00,2026.04.10 11:15:00,SKIP,XAUUSD,M15,268,FLAT,NA,DAY,266,0.00,0.00,0.00,0.00,1.00,0.00,0.00,0.00,0.00,0.00,0.00,0.00,0.00,0.00,0.00,0.00,0.00,0.00,4761.67,4761.50,4761.60,4760.88,4761.17,-0.011,8.74,20.36,52.79,55.16,-0.36,-0.95,0.59,4760.01,4764.82,2296,1955,85.7,0.0,8,1,CROSS=EMA9>EMA21;TREND=1;STRUCT=1;VOL=1;COOL=1;EMA50=1;VWAP=1;BIAS=1,0.00,0.00,23751.18,23751.18,already positioned that way
788,2026.04.10 09:15:00,2026.04.10 11:45:00,ENTRY,XAUUSD,M15,270,SELL,FULLTGT,DAY,0,4756.30,4773.67,4773.67,17.37,1.00,17.37,4738.93,4721.56,4704.19,4686.82,4669.45,0.06,0.06,0.06,4756.30,0.00,0.00,0.00,4761.28,4761.39,4761.55,4762.52,4761.90,-0.019,8.69,19.42,45.17,38.36,-0.44,-0.52,0.08,4760.20,4756.30,2259,1945,14.3,71.4,11,1,CROSS=EMA9<EMA21;TREND=1;STRUCT=1;VOL=1;COOL=1;EMA50=1;VWAP=1;BIAS=1,0.00,0.00,23750.97,23750.31,KZ=LONDON; KZR=Asia H @ 4800.40 221 bars ago (high taken); DAY 12AM-4PM IST session: stop x1.00 of usual; no partials; full size to TP5; SL steps BE->TP1->TP2->TP3
789,2026.04.10 11:47:30,2026.04.10 14:17:30,SL_MOVE,XAUUSD,M15,270,SELL,FULLTGT,DAY,0,4756.30,4773.67,4756.30,17.37,1.00,17.37,4738.93,4721.56,4704.19,4686.82,4669.45,0.06,0.00,0.06,4756.30,1.00,0.00,0.00,4749.46,4753.76,4757.53,4751.45,4754.99,-0.497,7.59,34.12,35.75,35.06,-4.07,-2.93,-1.14,4757.59,4741.52,1683,1781,0.0,85.7,11,1,CROSS=EMA9<EMA21;TREND=1;STRUCT=1;VOL=1;COOL=1;EMA50=1;VWAP=1;BIAS=1,1.00,-0.13,23750.97,23871.15,stop to breakeven
790,2026.04.10 11:47:30,2026.04.10 14:17:30,TP1_REACHED,XAUUSD,M15,270,SELL,FULLTGT,DAY,0,4756.30,4773.67,4756.30,17.37,1.00,17.37,4738.93,4721.56,4704.19,4686.82,4669.45,0.06,0.00,0.06,4738.93,1.00,1.00,0.00,4749.46,4753.76,4757.53,4751.45,4754.99,-0.497,7.59,34.12,35.75,35.06,-4.07,-2.93,-1.14,4757.59,4741.52,1683,1781,0.0,85.7,11,1,CROSS=EMA9<EMA21;TREND=1;STRUCT=1;VOL=1;COOL=1;EMA50=1;VWAP=1;BIAS=1,1.00,-0.13,23750.97,23871.15,full target: no partial booked
791,2026.04.10 12:19:37,2026.04.10 14:49:37,EXIT_BE,XAUUSD,M15,270,SELL,FULLTGT,DAY,0,4756.30,4773.67,4756.30,17.37,1.00,17.37,4738.93,4721.56,4704.19,4686.82,4669.45,0.06,0.06,0.00,4756.60,0.00,-0.02,-2.22,4747.54,4752.06,4756.48,4747.73,4752.59,-0.581,7.62,36.31,42.82,48.97,-4.43,-3.49,-0.94,4756.73,4746.79,1768,1873,0.0,85.7,9,1,CROSS=EMA9<EMA21;TREND=1;STRUCT=1;VOL=1;COOL=1;EMA50=1;VWAP=1;BIAS=1,1.46,-0.13,23748.96,23748.96,stopped at breakeven
792,2026.04.10 14:00:00,2026.04.10 16:30:00,ENTRY,XAUUSD,M15,272,BUY,FULLTGT,EVENING,0,4757.33,4740.02,4740.02,17.31,1.00,17.31,4774.64,4791.95,4809.26,4826.56,4843.87,0.06,0.06,0.06,4757.33,0.00,0.00,0.00,4752.77,4752.71,4755.65,4751.60,4752.24,-0.339,8.65,18.60,54.19,57.35,-1.02,-3.10,2.08,4756.09,4757.43,1646,2058,71.4,0.0,7,1,CROSS=EMA9>EMA21;TREND=1;STRUCT=1;VOL=1;COOL=1;EMA50=1;VWAP=1;BIAS=1,0.00,0.00,23748.75,23748.33,KZ=NY; KZR=Asia H @ 4800.40 240 bars ago (high taken); EVENING 4PM-12AM IST session: stop x1.00 of usual; no partials; full size to TP5; SL steps BE->TP1->TP2->TP3
793,2026.04.10 15:30:10,2026.04.10 18:00:10,SL_MOVE,XAUUSD,M15,272,BUY,FULLTGT,EVENING,0,4757.33,4740.02,4757.33,17.31,1.00,17.31,4774.64,4791.95,4809.26,4826.56,4843.87,0.06,0.00,0.06,4757.33,1.00,0.00,0.00,4761.34,4757.65,4757.40,4761.07,4757.17,0.030,8.36,26.21,55.71,52.55,2.60,0.32,2.29,4756.85,4762.44,2497,1944,85.7,14.3,200,1,CROSS=EMA9>EMA21;TREND=1;STRUCT=1;VOL=1;COOL=1;EMA50=1;VWAP=1;BIAS=1,0.96,-0.23,23748.75,23852.73,stop to breakeven
794,2026.04.10 15:30:10,2026.04.10 18:00:10,TP1_REACHED,XAUUSD,M15,272,BUY,FULLTGT,EVENING,0,4757.33,4740.02,4757.33,17.31,1.00,17.31,4774.64,4791.95,4809.26,4826.56,4843.87,0.06,0.00,0.06,4774.64,1.00,1.00,0.00,4761.34,4757.65,4757.40,4761.07,4757.17,0.030,8.36,26.21,55.71,52.55,2.60,0.32,2.29,4756.85,4762.44,2497,1944,85.7,14.3,200,1,CROSS=EMA9>EMA21;TREND=1;STRUCT=1;VOL=1;COOL=1;EMA50=1;VWAP=1;BIAS=1,0.96,-0.23,23748.75,23852.73,full target: no partial booked
795,2026.04.10 17:25:11,2026.04.10 19:55:11,SL_MOVE,XAUUSD,M15,272,BUY,FULLTGT,EVENING,0,4757.33,4740.02,4774.64,17.31,1.00,17.31,4774.64,4791.95,4809.26,4826.56,4843.87,0.06,0.00,0.06,4774.64,2.00,0.00,0.00,4772.04,4765.77,4761.48,4769.95,4764.30,0.433,9.90,41.38,65.73,67.27,5.71,4.18,1.53,4759.61,4780.39,3634,2397,100.0,0.0,10,1,CROSS=EMA9>EMA21;TREND=1;STRUCT=1;VOL=1;COOL=1;EMA50=1;VWAP=1;BIAS=1,2.00,-0.23,23748.75,23956.65,stop trailed to TP1
796,2026.04.10 17:25:11,2026.04.10 19:55:11,TP2_REACHED,XAUUSD,M15,272,BUY,FULLTGT,EVENING,0,4757.33,4740.02,4774.64,17.31,1.00,17.31,4774.64,4791.95,4809.26,4826.56,4843.87,0.06,0.00,0.06,4791.95,2.00,2.00,0.00,4772.04,4765.77,4761.48,4769.95,4764.30,0.433,9.90,41.38,65.73,67.27,5.71,4.18,1.53,4759.61,4780.39,3634,2397,100.0,0.0,10,1,CROSS=EMA9>EMA21;TREND=1;STRUCT=1;VOL=1;COOL=1;EMA50=1;VWAP=1;BIAS=1,2.00,-0.23,23748.75,23956.65,full target: no partial booked
797,2026.04.10 17:42:59,2026.04.10 20:12:59,EXIT_TRAIL_SL,XAUUSD,M15,272,BUY,FULLTGT,EVENING,0,4757.33,4740.02,4774.64,17.31,1.00,17.31,4774.64,4791.95,4809.26,4826.56,4843.87,0.06,0.06,0.00,4774.28,0.00,0.98,101.28,4775.77,4768.03,4762.62,4772.04,4765.77,0.528,10.25,45.52,71.42,62.17,6.93,4.66,2.27,4760.35,4790.69,3566,2435,100.0,0.0,10,1,CROSS=EMA9>EMA21;TREND=1;STRUCT=1;VOL=1;COOL=1;EMA50=1;VWAP=1;BIAS=1,2.18,-0.23,23850.24,23850.24,stopped at a trailed level
798,2026.04.10 19:30:00,2026.04.10 22:00:00,SKIP,XAUUSD,M15,272,FLAT,NA,EVENING,0,0.00,0.00,0.00,0.00,1.00,0.00,0.00,0.00,0.00,0.00,0.00,0.00,0.00,0.00,0.00,0.00,0.00,0.00,4768.17,4768.44,4764.58,4770.66,4769.46,0.305,12.66,31.81,42.93,39.47,1.46,5.12,-3.67,4762.04,4758.22,2735,2997,0.0,85.7,9,1,CROSS=EMA9>EMA21;TREND=1;STRUCT=1;VOL=1;COOL=1;EMA50=1;VWAP=1;BIAS=1,0.00,0.00,23850.24,23850.24,outside the killzone window
799,2026.04.13 01:00:06,2026.04.13 03:30:06,DAY_SUMMARY,XAUUSD,M15,272,FLAT,NA,DAY,0,0.00,0.00,0.00,0.00,1.00,0.00,0.00,0.00,0.00,0.00,0.00,0.00,0.00,0.00,0.00,0.00,0.96,99.06,4755.39,4760.02,4761.95,4756.94,4761.11,-0.235,8.20,31.62,38.32,37.29,-3.81,-1.53,-2.28,4761.94,4749.18,859,2146,0.0,85.7,14,1,CROSS=EMA9>EMA21;TREND=1;STRUCT=1;VOL=1;COOL=1;EMA50=1;VWAP=1;BIAS=1,0.00,0.00,23850.24,23850.24,2026.04.10 trades=2 W=1 L=1 gross_profit=101.28 gross_loss=2.22 net=99.06 PF=45.62
800,2026.04.13 01:00:06,2026.04.13 03:30:06,WEEK_SUMMARY,XAUUSD,M15,272,FLAT,NA,DAY,0,0.00,0.00,0.00,0.00,1.00,0.00,0.00,0.00,0.00,0.00,0.00,0.00,0.00,0.00,0.00,0.00,-4.59,-479.41,4755.39,4760.02,4761.95,4756.94,4761.11,-0.235,8.20,31.62,38.32,37.29,-3.81,-1.53,-2.28,4761.94,4749.18,859,2146,0.0,85.7,14,1,CROSS=EMA9>EMA21;TREND=1;STRUCT=1;VOL=1;COOL=1;EMA50=1;VWAP=1;BIAS=1,0.00,0.00,23850.24,23850.24,days=4 trades=13 W=2 L=11 gross_profit=197.72 gross_loss=677.13 net=-479.41 PF=0.29 pips=-14022.0
801,2026.04.13 05:15:00,2026.04.13 07:45:00,SKIP,XAUUSD,M15,272,FLAT,NA,DAY,0,0.00,0.00,0.00,0.00,1.00,0.00,0.00,0.00,0.00,0.00,0.00,0.00,0.00,0.00,0.00,0.00,0.00,0.00,4706.17,4706.13,4724.70,4702.07,4704.48,-1.110,16.73,48.82,56.13,71.64,-6.11,-17.63,11.52,4683.71,4722.58,2492,2238,100.0,0.0,5,1,CROSS=EMA9>EMA21;TREND=1;STRUCT=1;VOL=1;COOL=1;EMA50=1;VWAP=1;BIAS=1,0.00,0.00,23850.24,23850.24,already positioned that way
802,2026.04.13 12:45:00,2026.04.13 15:15:00,SKIP,XAUUSD,M15,272,FLAT,NA,DAY,0,0.00,0.00,0.00,0.00,1.00,0.00,0.00,0.00,0.00,0.00,0.00,0.00,0.00,0.00,0.00,0.00,0.00,0.00,4721.82,4722.65,4723.84,4723.68,4723.48,-0.143,8.38,28.27,41.91,37.21,0.40,3.27,-2.88,4706.76,4714.34,1843,1981,14.3,71.4,7,1,CROSS=EMA9>EMA21;TREND=1;STRUCT=1;VOL=1;COOL=1;EMA50=1;VWAP=1;BIAS=1,0.00,0.00,23850.24,23850.24,outside the killzone window
803,2026.04.13 16:15:00,2026.04.13 18:45:00,SKIP,XAUUSD,M15,272,FLAT,NA,EVENING,0,0.00,0.00,0.00,0.00,1.00,0.00,0.00,0.00,0.00,0.00,0.00,0.00,0.00,0.00,0.00,0.00,0.00,0.00,4720.24,4719.52,4721.26,4716.68,4718.02,-0.183,9.52,21.80,60.96,69.51,0.07,-1.46,1.53,4711.61,4734.45,11507,4450,85.7,0.0,8,1,CROSS=EMA9>EMA21;TREND=1;STRUCT=1;VOL=1;COOL=1;EMA50=1;VWAP=1;BIAS=1,0.00,0.00,23850.24,23850.24,already positioned that way
804,2026.04.13 18:15:00,2026.04.13 20:45:00,SKIP,XAUUSD,M15,272,FLAT,NA,EVENING,0,0.00,0.00,0.00,0.00,1.00,0.00,0.00,0.00,0.00,0.00,0.00,0.00,0.00,0.00,0.00,0.00,0.00,0.00,4719.47,4720.47,4721.52,4722.41,4721.75,-0.087,11.96,21.23,41.24,39.44,-0.48,1.07,-1.55,4716.57,4707.69,15272,10105,0.0,85.7,7,1,CROSS=EMA9>EMA21;TREND=1;STRUCT=1;VOL=1;COOL=1;EMA50=1;VWAP=1;BIAS=1,0.00,0.00,23850.24,23850.24,outside the killzone window
805,2026.04.13 19:45:00,2026.04.13 22:15:00,SKIP,XAUUSD,M15,272,FLAT,NA,EVENING,0,0.00,0.00,0.00,0.00,1.00,0.00,0.00,0.00,0.00,0.00,0.00,0.00,0.00,0.00,0.00,0.00,0.00,0.00,4723.38,4721.24,4721.43,4719.12,4719.32,-0.014,13.20,27.76,62.23,70.53,1.32,-0.57,1.89,4717.41,4740.45,17733,12387,100.0,0.0,7,1,CROSS=EMA9>EMA21;TREND=1;STRUCT=1;VOL=1;COOL=1;EMA50=1;VWAP=1;BIAS=1,0.00,0.00,23850.24,23850.24,outside the killzone window
806,2026.04.14 15:15:00,2026.04.14 17:45:00,ENTRY,XAUUSD,M15,274,SELL,FULLTGT,EVENING,0,4769.96,4790.93,4790.93,20.97,1.00,20.97,4748.99,4728.02,4707.05,4686.07,4665.10,0.05,0.05,0.05,4769.96,0.00,0.00,0.00,4775.38,4775.94,4769.75,4776.74,4776.54,0.591,10.49,21.83,45.06,40.56,0.58,2.14,-1.55,4771.91,4769.96,8659,5667,0.0,85.7,7,1,CROSS=EMA9<EMA21;TREND=1;STRUCT=1;VOL=1;COOL=1;EMA50=1;VWAP=1;BIAS=1,0.00,0.00,23850.06,23849.71,KZ=NY; KZR=Asia H @ 4800.40 629 bars ago (high taken); EVENING 4PM-12AM IST session: stop x1.00 of usual; no partials; full size to TP5; SL steps BE->TP1->TP2->TP3
807,2026.04.14 16:24:32,2026.04.14 18:54:32,EXIT_SL,XAUUSD,M15,274,SELL,FULLTGT,EVENING,0,4769.96,4790.93,4790.93,20.97,1.00,20.97,4748.99,4728.02,4707.05,4686.07,4665.10,0.05,0.05,0.00,4791.00,0.00,-1.00,-105.56,4774.57,4775.11,4770.23,4772.70,4774.41,0.496,9.82,16.79,57.10,62.50,0.07,0.60,-0.53,4771.89,4782.06,9520,6302,57.1,28.6,10,1,CROSS=EMA9<EMA21;TREND=1;STRUCT=1;VOL=1;COOL=1;EMA50=1;VWAP=1;BIAS=1,0.36,-1.00,23744.68,23744.68,stopped at the initial SL (x1.00 of usual)
808,2026.04.14 16:30:00,2026.04.14 19:00:00,ENTRY,XAUUSD,M15,276,BUY,FULLTGT,EVENING,0,4783.10,4763.18,4763.18,19.92,1.00,19.92,4803.02,4822.93,4842.85,4862.77,4882.69,0.05,0.05,0.05,4783.10,0.00,0.00,0.00,4776.25,4775.82,4770.73,4774.57,4775.11,0.511,9.96,19.17,57.85,55.62,0.71,0.50,0.21,4772.31,4782.98,9820,6526,85.7,0.0,10,1,CROSS=EMA9>EMA21;TREND=1;STRUCT=1;VOL=1;COOL=1;EMA50=1;VWAP=1;BIAS=1,0.00,0.00,23744.50,23744.00,KZ=NY; KZR=Asia H @ 4800.40 634 bars ago (high taken); EVENING 4PM-12AM IST session: stop x1.00 of usual; no partials; full size to TP5; SL steps BE->TP1->TP2->TP3
809,2026.04.14 16:38:29,2026.04.14 19:08:29,SL_MOVE,XAUUSD,M15,276,BUY,FULLTGT,EVENING,0,4783.10,4763.18,4783.10,19.92,1.00,19.92,4803.02,4822.93,4842.85,4862.77,4882.69,0.05,0.00,0.05,4783.10,1.00,0.00,0.00,4776.25,4775.82,4770.73,4774.57,4775.11,0.511,9.96,19.17,57.85,63.26,0.71,0.50,0.21,4772.31,4782.98,9820,6526,85.7,0.0,10,1,CROSS=EMA9>EMA21;TREND=1;STRUCT=1;VOL=1;COOL=1;EMA50=1;VWAP=1;BIAS=1,0.97,-0.15,23744.50,23845.60,stop to breakeven
810,2026.04.14 16:38:29,2026.04.14 19:08:29,TP1_REACHED,XAUUSD,M15,276,BUY,FULLTGT,EVENING,0,4783.10,4763.18,4783.10,19.92,1.00,19.92,4803.02,4822.93,4842.85,4862.77,4882.69,0.05,0.00,0.05,4803.02,1.00,1.00,0.00,4776.25,4775.82,4770.73,4774.57,4775.11,0.511,9.96,19.17,57.85,63.26,0.71,0.50,0.21,4772.31,4782.98,9820,6526,85.7,0.0,10,1,CROSS=EMA9>EMA21;TREND=1;STRUCT=1;VOL=1;COOL=1;EMA50=1;VWAP=1;BIAS=1,0.97,-0.15,23744.50,23845.60,full target: no partial booked
811,2026.04.14 20:05:47,2026.04.14 22:35:47,SL_MOVE,XAUUSD,M15,276,BUY,FULLTGT,EVENING,0,4783.10,4763.18,4803.02,19.92,1.00,19.92,4803.02,4822.93,4842.85,4862.77,4882.69,0.05,0.00,0.05,4803.02,2.00,0.00,0.00,4807.82,4798.60,4785.60,4807.19,4797.43,1.113,11.68,44.13,62.00,59.24,9.40,8.20,1.20,4782.24,4810.35,6681,10759,85.7,0.0,11,1,CROSS=EMA9>EMA21;TREND=1;STRUCT=1;VOL=1;COOL=1;EMA50=1;VWAP=1;BIAS=1,2.00,-0.15,23744.50,23944.05,stop trailed to TP1
812,2026.04.14 20:05:47,2026.04.14 22:35:47,TP2_REACHED,XAUUSD,M15,276,BUY,FULLTGT,EVENING,0,4783.10,4763.18,4803.02,19.92,1.00,19.92,4803.02,4822.93,4842.85,4862.77,4882.69,0.05,0.00,0.05,4822.93,2.00,2.00,0.00,4807.82,4798.60,4785.60,4807.19,4797.43,1.113,11.68,44.13,62.00,59.24,9.40,8.20,1.20,4782.24,4810.35,6681,10759,85.7,0.0,11,1,CROSS=EMA9>EMA21;TREND=1;STRUCT=1;VOL=1;COOL=1;EMA50=1;VWAP=1;BIAS=1,2.00,-0.15,23744.50,23944.05,full target: no partial booked
813,2026.04.14 21:09:07,2026.04.14 23:39:07,SL_MOVE,XAUUSD,M15,276,BUY,FULLTGT,EVENING,0,4783.10,4763.18,4822.93,19.92,1.00,19.92,4803.02,4822.93,4842.85,4862.77,4882.69,0.05,0.00,0.05,4822.93,3.00,0.00,0.00,4822.31,4809.13,4792.40,4819.09,4806.52,1.355,12.35,47.83,71.18,67.47,13.01,10.22,2.79,4785.54,4835.21,6601,10678,85.7,0.0,11,1,CROSS=EMA9>EMA21;TREND=1;STRUCT=1;VOL=1;COOL=1;EMA50=1;VWAP=1;BIAS=1,3.00,-0.15,23744.50,24043.80,stop trailed to TP2
814,2026.04.14 21:09:07,2026.04.14 23:39:07,TP3_REACHED,XAUUSD,M15,276,BUY,FULLTGT,EVENING,0,4783.10,4763.18,4822.93,19.92,1.00,19.92,4803.02,4822.93,4842.85,4862.77,4882.69,0.05,0.00,0.05,4842.85,3.00,3.00,0.00,4822.31,4809.13,4792.40,4819.09,4806.52,1.355,12.35,47.83,71.18,67.47,13.01,10.22,2.79,4785.54,4835.21,6601,10678,85.7,0.0,11,1,CROSS=EMA9>EMA21;TREND=1;STRUCT=1;VOL=1;COOL=1;EMA50=1;VWAP=1;BIAS=1,3.00,-0.15,23744.50,24043.80,full target: no partial booked
815,2026.04.15 01:00:00,2026.04.15 03:30:00,DAY_SUMMARY,XAUUSD,M15,276,BUY,FULLTGT,DAY,0,4783.10,4763.18,4822.93,19.92,1.00,19.92,4803.02,4822.93,4842.85,4862.77,4882.69,0.05,0.00,0.00,0.00,0.00,-1.00,-105.56,4840.02,4830.68,4810.71,4839.60,4829.58,2.569,7.77,36.60,67.60,55.77,11.42,12.94,-1.52,4791.16,4841.68,1752,6204,71.4,14.3,12,1,CROSS=EMA9>EMA21;TREND=1;STRUCT=1;VOL=1;COOL=1;EMA50=1;VWAP=1;BIAS=1,3.17,-0.15,23744.50,24023.29,2026.04.14 trades=1 W=0 L=1 gross_profit=0.00 gross_loss=105.56 net=-105.56 PF=0.00
816,2026.04.15 04:16:14,2026.04.15 06:46:14,SL_MOVE,XAUUSD,M15,276,BUY,FULLTGT,DAY,0,4783.10,4763.18,4842.85,19.92,1.00,19.92,4803.02,4822.93,4842.85,4862.77,4882.69,0.05,0.00,0.05,4842.85,4.00,0.00,0.00,4838.57,4835.96,4821.84,4835.65,4834.53,1.870,7.55,20.05,65.20,69.53,4.34,5.55,-1.20,4838.54,4850.25,10130,4097,71.4,14.3,12,1,CROSS=EMA9>EMA21;TREND=1;STRUCT=1;VOL=1;COOL=1;EMA50=1;VWAP=1;BIAS=1,3.89,-0.15,23744.50,24144.54,stop trailed to TP3
817,2026.04.15 04:16:14,2026.04.15 06:46:14,TP4_REACHED,XAUUSD,M15,276,BUY,FULLTGT,DAY,0,4783.10,4763.18,4842.85,19.92,1.00,19.92,4803.02,4822.93,4842.85,4862.77,4882.69,0.05,0.00,0.05,4862.77,4.00,4.00,0.00,4838.57,4835.96,4821.84,4835.65,4834.53,1.870,7.55,20.05,65.20,69.53,4.34,5.55,-1.20,4838.54,4850.25,10130,4097,71.4,14.3,12,1,CROSS=EMA9>EMA21;TREND=1;STRUCT=1;VOL=1;COOL=1;EMA50=1;VWAP=1;BIAS=1,3.89,-0.15,23744.50,24144.54,full target: no partial booked
818,2026.04.15 04:23:28,2026.04.15 06:53:28,EXIT_TRAIL_SL,XAUUSD,M15,276,BUY,FULLTGT,DAY,0,4783.10,4763.18,4842.85,19.92,1.00,19.92,4803.02,4822.93,4842.85,4862.77,4882.69,0.05,0.05,0.00,4842.84,0.00,3.00,295.18,4838.57,4835.96,4821.84,4835.65,4834.53,1.870,7.55,20.05,65.20,78.30,4.34,5.55,-1.20,4838.54,4850.25,10130,4097,71.4,14.3,12,1,CROSS=EMA9>EMA21;TREND=1;STRUCT=1;VOL=1;COOL=1;EMA50=1;VWAP=1;BIAS=1,4.45,-0.15,24039.86,24039.86,stopped at a trailed level
819,2026.04.15 06:00:00,2026.04.15 08:30:00,ENTRY,XAUUSD,M15,278,SELL,FULLTGT,DAY,0,4824.04,4844.88,4844.88,20.84,1.00,20.84,4803.20,4782.35,4761.51,4740.67,4719.83,0.05,0.05,0.05,4824.04,0.00,0.00,0.00,4835.93,4836.70,4825.90,4838.90,4837.96,1.036,10.42,22.64,40.68,34.64,1.31,3.99,-2.68,4839.83,4824.04,9993,5890,0.0,85.7,5,1,CROSS=EMA9<EMA21;TREND=1;STRUCT=1;VOL=1;COOL=1;EMA50=1;VWAP=1;BIAS=1,0.00,0.00,24039.68,24039.43,KZ=ASIA; KZR=Asia H @ 4857.04 6 bars ago (high taken); DAY 12AM-4PM IST session: stop x1.00 of usual; no partials; full size to TP5; SL steps BE->TP1->TP2->TP3
820,2026.04.15 12:11:00,2026.04.15 14:41:00,SL_MOVE,XAUUSD,M15,278,SELL,FULLTGT,DAY,0,4824.04,4844.88,4824.04,20.84,1.00,20.84,4803.20,4782.35,4761.51,4740.67,4719.83,0.05,0.00,0.05,4824.04,1.00,0.00,0.00,4813.92,4817.89,4820.66,4812.77,4817.82,-0.348,7.99,30.16,48.71,39.92,-4.52,-5.04,0.51,4827.63,4818.49,5150,5916,28.6,57.1,55,1,CROSS=EMA9<EMA21;TREND=1;STRUCT=1;VOL=1;COOL=1;EMA50=1;VWAP=1;BIAS=1,0.98,-0.32,24039.68,24160.28,stop to breakeven
821,2026.04.15 12:11:00,2026.04.15 14:41:00,TP1_REACHED,XAUUSD,M15,278,SELL,FULLTGT,DAY,0,4824.04,4844.88,4824.04,20.84,1.00,20.84,4803.20,4782.35,4761.51,4740.67,4719.83,0.05,0.00,0.05,4803.20,1.00,1.00,0.00,4813.92,4817.89,4820.66,4812.77,4817.82,-0.348,7.99,30.16,48.71,39.92,-4.52,-5.04,0.51,4827.63,4818.49,5150,5916,28.6,57.1,55,1,CROSS=EMA9<EMA21;TREND=1;STRUCT=1;VOL=1;COOL=1;EMA50=1;VWAP=1;BIAS=1,0.98,-0.32,24039.68,24160.28,full target: no partial booked
822,2026.04.15 16:00:00,2026.04.15 18:30:00,SKIP,XAUUSD,M15,278,SELL,FULLTGT,EVENING,0,4824.04,4844.88,4824.04,20.84,1.00,20.84,4803.20,4782.35,4761.51,4740.67,4719.83,0.05,0.00,0.00,0.00,0.00,0.00,0.00,4809.32,4809.11,4813.43,4808.73,4808.86,-0.468,9.22,24.39,51.88,55.87,-1.39,-4.07,2.68,4819.92,4811.66,5316,7387,57.1,14.3,10,1,CROSS=EMA9>EMA21;TREND=1;STRUCT=1;VOL=1;COOL=1;EMA50=1;VWAP=0;BIAS=1,1.81,-0.32,24039.68,24101.08,quality filter
823,2026.04.15 16:38:29,2026.04.15 19:08:29,EXIT_BE,XAUUSD,M15,278,SELL,FULLTGT,EVENING,0,4824.04,4844.88,4824.04,20.84,1.00,20.84,4803.20,4782.35,4761.51,4740.67,4719.83,0.05,0.05,0.00,4824.04,0.00,-0.00,-0.36,4812.61,4810.69,4813.79,4810.31,4809.58,-0.328,9.45,26.06,62.61,64.10,0.20,-2.68,2.88,4819.67,4821.79,9551,7775,100.0,0.0,10,1,CROSS=EMA9>EMA21;TREND=1;STRUCT=1;VOL=1;COOL=1;EMA50=1;VWAP=0;BIAS=1,1.81,-0.32,24039.50,24039.50,stopped at breakeven
824,2026.04.15 18:30:00,2026.04.15 21:00:00,SKIP,XAUUSD,M15,278,FLAT,NA,EVENING,0,0.00,0.00,0.00,0.00,1.00,0.00,0.00,0.00,0.00,0.00,0.00,0.00,0.00,0.00,0.00,0.00,0.00,0.00,4813.74,4813.82,4814.84,4817.59,4815.36,-0.115,8.88,31.92,35.70,29.52,0.30,2.00,-1.70,4819.43,4798.36,12019,10050,0.0,100.0,10,1,CROSS=EMA9>EMA21;TREND=1;STRUCT=1;VOL=1;COOL=1;EMA50=1;VWAP=0;BIAS=1,0.00,0.00,24039.50,24039.50,outside the killzone window
825,2026.04.16 01:00:00,2026.04.16 03:30:00,DAY_SUMMARY,XAUUSD,M15,278,FLAT,NA,DAY,0,0.00,0.00,0.00,0.00,1.00,0.00,0.00,0.00,0.00,0.00,0.00,0.00,0.00,0.00,0.00,0.00,3.00,294.82,4794.63,4798.65,4804.85,4795.62,4799.45,-0.917,6.75,28.68,38.03,38.18,-4.30,-3.91,-0.38,4815.12,4790.68,2288,6049,0.0,85.7,10,1,CROSS=EMA9>EMA21;TREND=1;STRUCT=1;VOL=1;COOL=1;EMA50=1;VWAP=0;BIAS=1,0.00,0.00,24039.50,24039.50,2026.04.15 trades=2 W=1 L=1 gross_profit=295.18 gross_loss=0.36 net=294.82 PF=819.94
826,2026.04.16 02:15:00,2026.04.16 04:45:00,ENTRY,XAUUSD,M15,280,BUY,FULLTGT,DAY,0,4812.77,4799.33,4799.33,13.44,1.00,13.44,4826.21,4839.65,4853.10,4866.54,4879.98,0.08,0.08,0.08,4812.77,0.00,0.00,0.00,4801.68,4800.66,4804.59,4798.93,4799.46,-0.584,6.72,23.66,62.40,69.68,-0.47,-3.19,2.72,4801.92,4812.68,2492,4987,71.4,0.0,9,1,CROSS=EMA9>EMA21;TREND=1;STRUCT=1;VOL=1;COOL=1;EMA50=1;VWAP=1;BIAS=1,0.00,0.00,24039.22,24038.50,KZ=ASIA; KZR=NY H @ 4830.28 35 bars ago (high taken); DAY 12AM-4PM IST session: stop x1.00 of usual; no partials; full size to TP5; SL steps BE->TP1->TP2->TP3
827,2026.04.16 02:48:38,2026.04.16 05:18:38,SL_MOVE,XAUUSD,M15,280,BUY,FULLTGT,DAY,0,4812.77,4799.33,4812.77,13.44,1.00,13.44,4826.21,4839.65,4853.10,4866.54,4879.98,0.08,0.00,0.08,4812.77,1.00,0.00,0.00,4808.15,4803.91,4805.72,4804.37,4801.98,-0.277,6.52,30.98,69.82,78.80,2.28,-2.01,4.29,4806.23,4823.27,3027,4554,85.7,0.0,9,1,CROSS=EMA9>EMA21;TREND=1;STRUCT=1;VOL=1;COOL=1;EMA50=1;VWAP=1;BIAS=1,1.00,-0.02,24039.22,24147.22,stop to breakeven
828,2026.04.16 02:48:38,2026.04.16 05:18:38,TP1_REACHED,XAUUSD,M15,280,BUY,FULLTGT,DAY,0,4812.77,4799.33,4812.77,13.44,1.00,13.44,4826.21,4839.65,4853.10,4866.54,4879.98,0.08,0.00,0.08,4826.21,1.00,1.00,0.00,4808.15,4803.91,4805.72,4804.37,4801.98,-0.277,6.52,30.98,69.82,78.80,2.28,-2.01,4.29,4806.23,4823.27,3027,4554,85.7,0.0,9,1,CROSS=EMA9>EMA21;TREND=1;STRUCT=1;VOL=1;COOL=1;EMA50=1;VWAP=1;BIAS=1,1.00,-0.02,24039.22,24147.22,full target: no partial booked
829,2026.04.16 04:40:01,2026.04.16 07:10:01,EXIT_BE,XAUUSD,M15,280,BUY,FULLTGT,DAY,0,4812.77,4799.33,4812.77,13.44,1.00,13.44,4826.21,4839.65,4853.10,4866.54,4879.98,0.08,0.08,0.00,4812.77,0.00,0.00,-0.56,4824.04,4815.79,4811.23,4824.13,4815.00,0.634,7.19,45.24,59.65,35.27,7.39,5.14,2.25,4820.45,4823.70,5378,3843,57.1,42.9,10,1,CROSS=EMA9>EMA21;TREND=1;STRUCT=1;VOL=1;COOL=1;EMA50=1;VWAP=1;BIAS=1,1.86,-0.02,24038.94,24038.94,stopped at breakeven
830,2026.04.16 11:15:00,2026.04.16 13:45:00,ENTRY,XAUUSD,M15,282,SELL,FULLTGT,DAY,0,4811.78,4826.83,4826.83,15.05,1.00,15.05,4796.73,4781.68,4766.63,4751.58,4736.53,0.07,0.07,0.07,4811.78,0.00,0.00,0.00,4822.26,4823.09,4819.61,4824.88,4824.22,0.462,7.53,20.16,39.69,33.55,0.33,1.87,-1.54,4822.37,4811.77,7356,4940,0.0,85.7,7,1,CROSS=EMA9<EMA21;TREND=1;STRUCT=1;VOL=1;COOL=1;EMA50=1;VWAP=1;BIAS=1,0.00,0.00,24038.69,24038.20,KZ=LONDON; KZR=NY H @ 4830.28 71 bars ago (high taken); DAY 12AM-4PM IST session: stop x1.00 of usual; no partials; full size to TP5; SL steps BE->TP1->TP2->TP3
831,2026.04.16 16:52:51,2026.04.16 19:22:51,SL_MOVE,XAUUSD,M15,282,SELL,FULLTGT,EVENING,0,4811.78,4826.83,4811.78,15.05,1.00,15.05,4796.73,4781.68,4766.63,4751.58,4736.53,0.07,0.00,0.07,4811.78,1.00,0.00,0.00,4816.43,4816.63,4817.02,4816.45,4816.66,-0.056,6.94,22.63,49.19,45.02,-0.49,-0.77,0.28,4819.51,4816.36,11551,5509,28.6,57.1,10,1,CROSS=EMA9<EMA21;TREND=1;STRUCT=1;VOL=1;COOL=1;EMA50=1;VWAP=1;BIAS=1,1.00,-0.82,24038.69,24144.81,stop to breakeven
832,2026.04.16 16:52:51,2026.04.16 19:22:51,TP1_REACHED,XAUUSD,M15,282,SELL,FULLTGT,EVENING,0,4811.78,4826.83,4811.78,15.05,1.00,15.05,4796.73,4781.68,4766.63,4751.58,4736.53,0.07,0.00,0.07,4796.73,1.00,1.00,0.00,4816.43,4816.63,4817.02,4816.45,4816.66,-0.056,6.94,22.63,49.19,45.02,-0.49,-0.77,0.28,4819.51,4816.36,11551,5509,28.6,57.1,10,1,CROSS=EMA9<EMA21;TREND=1;STRUCT=1;VOL=1;COOL=1;EMA50=1;VWAP=1;BIAS=1,1.00,-0.82,24038.69,24144.81,full target: no partial booked
833,2026.04.16 17:40:49,2026.04.16 20:10:49,SL_MOVE,XAUUSD,M15,282,SELL,FULLTGT,EVENING,0,4811.78,4826.83,4796.73,15.05,1.00,15.05,4796.73,4781.68,4766.63,4751.58,4736.53,0.07,0.00,0.07,4796.73,2.00,0.00,0.00,4807.73,4812.11,4814.91,4809.88,4813.41,-0.304,9.20,18.18,36.08,32.97,-3.71,-1.38,-2.33,4815.78,4799.14,16866,8216,0.0,85.7,10,1,CROSS=EMA9<EMA21;TREND=1;STRUCT=1;VOL=1;COOL=1;EMA50=1;VWAP=1;BIAS=1,1.89,-0.82,24038.69,24250.37,stop trailed to TP1
834,2026.04.16 17:40:49,2026.04.16 20:10:49,TP2_REACHED,XAUUSD,M15,282,SELL,FULLTGT,EVENING,0,4811.78,4826.83,4796.73,15.05,1.00,15.05,4796.73,4781.68,4766.63,4751.58,4736.53,0.07,0.00,0.07,4781.68,2.00,2.00,0.00,4807.73,4812.11,4814.91,4809.88,4813.41,-0.304,9.20,18.18,36.08,32.97,-3.71,-1.38,-2.33,4815.78,4799.14,16866,8216,0.0,85.7,10,1,CROSS=EMA9<EMA21;TREND=1;STRUCT=1;VOL=1;COOL=1;EMA50=1;VWAP=1;BIAS=1,1.89,-0.82,24038.69,24250.37,full target: no partial booked
835,2026.04.16 18:02:35,2026.04.16 20:32:35,EXIT_TRAIL_SL,XAUUSD,M15,282,SELL,FULLTGT,EVENING,0,4811.78,4826.83,4796.73,15.05,1.00,15.05,4796.73,4781.68,4766.63,4751.58,4736.53,0.07,0.07,0.00,4796.77,0.00,1.00,104.57,4800.78,4807.99,4812.87,4803.78,4809.91,-0.475,10.28,23.00,30.56,34.42,-6.14,-2.47,-3.66,4813.50,4788.80,16699,9439,14.3,71.4,10,1,CROSS=EMA9<EMA21;TREND=1;STRUCT=1;VOL=1;COOL=1;EMA50=1;VWAP=1;BIAS=1,2.61,-0.82,24143.51,24143.51,stopped at a trailed level
836,2026.04.17 01:00:00,2026.04.17 03:30:00,DAY_SUMMARY,XAUUSD,M15,282,FLAT,NA,DAY,0,0.00,0.00,0.00,0.00,1.00,0.00,0.00,0.00,0.00,0.00,0.00,0.00,0.00,0.00,0.00,0.00,1.00,104.01,4790.79,4793.28,4800.36,4790.80,4793.53,-1.070,6.61,24.33,44.86,49.85,-3.46,-4.33,0.86,4807.74,4790.78,1308,6809,14.3,57.1,12,1,CROSS=EMA9<EMA21;TREND=1;STRUCT=1;VOL=1;COOL=1;EMA50=1;VWAP=1;BIAS=1,0.00,0.00,24143.51,24143.51,2026.04.16 trades=2 W=1 L=1 gross_profit=104.57 gross_loss=0.56 net=104.01 PF=186.73
837,2026.04.17 03:45:00,2026.04.17 06:15:00,ENTRY,XAUUSD,M15,284,BUY,FULLTGT,DAY,0,4798.90,4789.37,4789.37,9.53,1.00,9.53,4808.43,4817.96,4827.49,4837.02,4846.55,0.12,0.12,0.12,4798.90,0.00,0.00,0.00,4794.08,4793.93,4798.19,4792.89,4793.44,-0.895,4.76,15.71,55.79,62.41,-0.62,-1.32,0.70,4793.49,4798.83,3258,3160,85.7,0.0,7,1,CROSS=EMA9>EMA21;TREND=1;STRUCT=1;VOL=1;COOL=1;EMA50=1;VWAP=1;BIAS=1,0.00,0.00,24143.09,24142.25,KZ=ASIA; KZR=NY H @ 4830.28 137 bars ago (high taken); DAY 12AM-4PM IST session: stop x1.00 of usual; no partials; full size to TP5; SL steps BE->TP1->TP2->TP3
838,2026.04.17 04:03:43,2026.04.17 06:33:43,EXIT_SL,XAUUSD,M15,284,BUY,FULLTGT,DAY,0,4798.90,4789.37,4789.37,9.53,1.00,9.53,4808.43,4817.96,4827.49,4837.02,4846.55,0.12,0.12,0.00,4789.35,0.00,-1.00,-115.44,4794.24,4794.02,4798.06,4794.08,4793.93,-0.827,4.89,16.00,50.40,51.63,-0.49,-1.14,0.65,4793.76,4794.90,2609,3002,71.4,0.0,12,1,CROSS=EMA9>EMA21;TREND=1;STRUCT=1;VOL=1;COOL=1;EMA50=1;VWAP=1;BIAS=1,0.24,-0.99,24028.07,24028.07,stopped at the initial SL (x1.00 of usual)
839,2026.04.17 04:15:00,2026.04.17 06:45:00,ENTRY,XAUUSD,M15,286,SELL,FULLTGT,DAY,0,4778.82,4790.70,4790.70,11.88,1.00,11.88,4766.94,4755.05,4743.17,4731.29,4719.41,0.10,0.10,0.10,4778.82,0.00,0.00,0.00,4791.16,4792.64,4797.31,4794.24,4794.02,-0.786,5.94,15.33,35.36,28.41,-1.66,-1.14,-0.52,4790.84,4778.83,9712,3210,0.0,85.7,10,1,CROSS=EMA9<EMA21;TREND=1;STRUCT=1;VOL=1;COOL=1;EMA50=1;VWAP=1;BIAS=1,0.00,0.00,24027.72,24026.72,KZ=ASIA; KZR=NY H @ 4830.28 139 bars ago (high taken); DAY 12AM-4PM IST session: stop x1.00 of usual; no partials; full size to TP5; SL steps BE->TP1->TP2->TP3
840,2026.04.17 04:55:31,2026.04.17 07:25:31,EXIT_SL,XAUUSD,M15,286,SELL,FULLTGT,DAY,0,4778.82,4790.70,4790.70,11.88,1.00,11.88,4766.94,4755.05,4743.17,4731.29,4719.41,0.10,0.10,0.00,4790.70,0.00,-1.00,-119.50,4784.91,4789.32,4795.47,4786.69,4790.47,-0.905,6.80,14.84,39.21,51.27,-3.94,-1.63,-2.31,4785.83,4777.76,8857,3625,28.6,57.1,12,1,CROSS=EMA9<EMA21;TREND=1;STRUCT=1;VOL=1;COOL=1;EMA50=1;VWAP=1;BIAS=1,0.94,-1.00,23908.57,23908.57,stopped at the initial SL (x1.00 of usual)
841,2026.04.17 06:45:00,2026.04.17 09:15:00,ENTRY,XAUUSD,M15,288,BUY,FULLTGT,DAY,0,4794.45,4778.58,4778.58,15.87,1.00,15.87,4810.32,4826.19,4842.07,4857.94,4873.81,0.07,0.07,0.07,4794.45,0.00,0.00,0.00,4791.02,4790.59,4794.38,4790.18,4790.22,-0.477,7.94,20.89,52.69,55.47,-0.44,-2.17,1.73,4787.70,4794.36,2873,4360,71.4,0.0,9,1,CROSS=EMA9>EMA21;TREND=1;STRUCT=1;VOL=1;COOL=1;EMA50=1;VWAP=1;BIAS=1,0.00,0.00,23908.32,23907.69,KZ=ASIA; KZR=NY H @ 4830.28 149 bars ago (high taken); DAY 12AM-4PM IST session: stop x1.00 of usual; no partials; full size to TP5; SL steps BE->TP1->TP2->TP3
842,2026.04.17 09:30:00,2026.04.17 12:00:00,FLIP,XAUUSD,M15,288,BUY,FULLTGT,DAY,0,4794.45,4778.58,4778.58,15.87,1.00,15.87,4810.32,4826.19,4842.07,4857.94,4873.81,0.07,0.00,0.00,4783.87,0.00,-0.67,0.00,4793.37,4793.69,4794.95,4795.75,4794.67,-0.172,7.32,31.10,40.42,30.12,0.17,1.65,-1.48,4790.32,4783.87,5975,4564,0.0,100.0,5,1,CROSS=EMA9<EMA21;TREND=1;STRUCT=1;VOL=1;COOL=1;EMA50=1;VWAP=1;BIAS=1,0.75,-0.70,23908.32,23834.26,opposite signal before SL/target | BUY -> SELL | closing trade 288
843,2026.04.17 09:30:00,2026.04.17 12:00:00,EXIT_FLIP,XAUUSD,M15,288,BUY,FULLTGT,DAY,0,4794.45,4778.58,4778.58,15.87,1.00,15.87,4810.32,4826.19,4842.07,4857.94,4873.81,0.07,0.07,0.00,4783.87,0.00,-0.67,0.00,4793.37,4793.69,4794.95,4795.75,4794.67,-0.172,7.32,31.10,40.42,30.12,0.17,1.65,-1.48,4790.32,4783.87,5975,4564,0.0,100.0,5,1,CROSS=EMA9<EMA21;TREND=1;STRUCT=1;VOL=1;COOL=1;EMA50=1;VWAP=1;BIAS=1,0.75,-0.70,23834.01,23834.01,FLIP exit
844,2026.04.17 09:30:00,2026.04.17 12:00:00,EXIT_OTHER,XAUUSD,M15,288,BUY,FULLTGT,DAY,0,4794.45,4778.58,4778.58,15.87,1.00,15.87,4810.32,4826.19,4842.07,4857.94,4873.81,0.07,0.07,0.00,4783.87,0.00,-0.67,-74.56,4793.37,4793.69,4794.95,4795.75,4794.67,-0.172,7.32,31.10,40.42,30.12,0.17,1.65,-1.48,4790.32,4783.87,5975,4564,0.0,100.0,5,1,CROSS=EMA9<EMA21;TREND=1;STRUCT=1;VOL=1;COOL=1;EMA50=1;VWAP=1;BIAS=1,0.75,-0.70,23834.01,23834.01,FLIP exit
845,2026.04.17 09:30:00,2026.04.17 12:00:00,ENTRY,XAUUSD,M15,290,SELL,FULLTGT,DAY,288,4783.87,4798.51,4798.51,14.64,1.00,14.64,4769.23,4754.58,4739.94,4725.30,4710.66,0.08,0.08,0.08,4783.87,0.00,0.00,0.00,4793.37,4793.69,4794.95,4795.75,4794.67,-0.172,7.32,31.10,40.42,30.12,0.17,1.65,-1.48,4790.32,4783.87,5975,4564,0.0,100.0,5,1,CROSS=EMA9<EMA21;TREND=1;STRUCT=1;VOL=1;COOL=1;EMA50=1;VWAP=1;BIAS=1,0.00,0.00,23833.73,23833.33,KZ=LONDON; KZR=NY H @ 4830.28 160 bars ago (high taken); DAY 12AM-4PM IST session: stop x1.00 of usual; no partials; full size to TP5; SL steps BE->TP1->TP2->TP3; flipped from trade 288
846,2026.04.17 12:01:51,2026.04.17 14:31:51,EXIT_SL,XAUUSD,M15,290,SELL,FULLTGT,DAY,288,4783.87,4798.51,4798.51,14.64,1.00,14.64,4769.23,4754.58,4739.94,4725.30,4710.66,0.08,0.08,0.00,4798.63,0.00,-1.01,-118.64,4790.31,4790.71,4792.80,4788.88,4790.18,-0.306,6.80,21.49,55.32,59.49,-0.71,-1.46,0.75,4789.58,4796.02,4986,4630,57.1,28.6,9,1,CROSS=EMA9<EMA21;TREND=1;STRUCT=1;VOL=1;COOL=1;EMA50=1;VWAP=1;BIAS=1,0.34,-1.00,23715.37,23715.37,stopped at the initial SL (x1.00 of usual)
847,2026.04.17 12:30:00,2026.04.17 15:00:00,SKIP,XAUUSD,M15,290,FLAT,NA,DAY,288,0.00,0.00,0.00,0.00,1.00,0.00,0.00,0.00,0.00,0.00,0.00,0.00,0.00,0.00,0.00,0.00,0.00,0.00,4791.90,4791.40,4792.94,4790.88,4790.94,-0.215,7.14,24.07,54.91,56.50,0.02,-1.24,1.26,4789.88,4796.00,4405,4878,71.4,0.0,11,1,CROSS=EMA9<EMA21;TREND=1;STRUCT=1;VOL=1;COOL=1;EMA50=1;VWAP=1;BIAS=1,0.00,0.00,23715.37,23715.37,outside the killzone window
848,2026.04.17 13:45:00,2026.04.17 16:15:00,SKIP,XAUUSD,M15,290,FLAT,NA,EVENING,288,0.00,0.00,0.00,0.00,1.00,0.00,0.00,0.00,0.00,0.00,0.00,0.00,0.00,0.00,0.00,0.00,0.00,0.00,4790.17,4790.81,4792.42,4791.45,4791.38,-0.220,7.30,22.19,42.89,38.17,-0.59,-0.29,-0.29,4789.98,4785.05,3734,4928,0.0,71.4,7,1,CROSS=EMA9<EMA21;TREND=1;STRUCT=1;VOL=1;COOL=1;EMA50=1;VWAP=1;BIAS=1,0.00,0.00,23715.37,23715.37,already positioned that way
849,2026.04.17 14:45:00,2026.04.17 17:15:00,ENTRY,XAUUSD,M15,292,BUY,FULLTGT,EVENING,0,4798.78,4784.34,4784.34,14.44,1.00,14.44,4813.22,4827.66,4842.11,4856.55,4870.99,0.08,0.08,0.08,4798.78,0.00,0.00,0.00,4791.56,4791.14,4792.29,4789.78,4790.39,-0.159,7.22,20.02,58.31,65.19,0.10,-0.28,0.38,4789.95,4798.68,4148,4500,71.4,0.0,10,1,CROSS=EMA9>EMA21;TREND=1;STRUCT=1;VOL=1;COOL=1;EMA50=1;VWAP=1;BIAS=1,0.00,0.00,23715.09,23714.29,KZ=NY; KZR=NY H @ 4830.28 181 bars ago (high taken); EVENING 4PM-12AM IST session: stop x1.00 of usual; no partials; full size to TP5; SL steps BE->TP1->TP2->TP3
850,2026.04.17 15:25:04,2026.04.17 17:55:04,SL_MOVE,XAUUSD,M15,292,BUY,FULLTGT,EVENING,0,4798.78,4784.34,4798.78,14.44,1.00,14.44,4813.22,4827.66,4842.11,4856.55,4870.99,0.08,0.00,0.08,4798.78,1.00,0.00,0.00,4795.26,4792.97,4793.01,4793.10,4791.88,-0.005,7.69,24.32,62.93,72.39,1.58,-0.07,1.65,4790.75,4803.92,6813,4813,85.7,0.0,16,1,CROSS=EMA9>EMA21;TREND=1;STRUCT=1;VOL=1;COOL=1;EMA50=1;VWAP=1;BIAS=1,1.00,-0.07,23715.09,23830.85,stop to breakeven
851,2026.04.17 15:25:04,2026.04.17 17:55:04,TP1_REACHED,XAUUSD,M15,292,BUY,FULLTGT,EVENING,0,4798.78,4784.34,4798.78,14.44,1.00,14.44,4813.22,4827.66,4842.11,4856.55,4870.99,0.08,0.00,0.08,4813.22,1.00,1.00,0.00,4795.26,4792.97,4793.01,4793.10,4791.88,-0.005,7.69,24.32,62.93,72.39,1.58,-0.07,1.65,4790.75,4803.92,6813,4813,85.7,0.0,16,1,CROSS=EMA9>EMA21;TREND=1;STRUCT=1;VOL=1;COOL=1;EMA50=1;VWAP=1;BIAS=1,1.00,-0.07,23715.09,23830.85,full target: no partial booked
852,2026.04.17 15:45:59,2026.04.17 18:15:59,SL_MOVE,XAUUSD,M15,292,BUY,FULLTGT,EVENING,0,4798.78,4784.34,4813.22,14.44,1.00,14.44,4813.22,4827.66,4842.11,4856.55,4870.99,0.08,0.00,0.08,4813.22,2.00,0.00,0.00,4804.39,4797.74,4795.11,4799.61,4795.16,0.320,8.21,31.75,74.64,79.71,5.09,0.86,4.23,4793.12,4823.51,12856,5569,100.0,0.0,10,1,CROSS=EMA9>EMA21;TREND=1;STRUCT=1;VOL=1;COOL=1;EMA50=1;VWAP=1;BIAS=1,2.00,-0.07,23715.09,23947.89,stop trailed to TP1
853,2026.04.17 15:45:59,2026.04.17 18:15:59,TP2_REACHED,XAUUSD,M15,292,BUY,FULLTGT,EVENING,0,4798.78,4784.34,4813.22,14.44,1.00,14.44,4813.22,4827.66,4842.11,4856.55,4870.99,0.08,0.00,0.08,4827.66,2.00,2.00,0.00,4804.39,4797.74,4795.11,4799.61,4795.16,0.320,8.21,31.75,74.64,79.71,5.09,0.86,4.23,4793.12,4823.51,12856,5569,100.0,0.0,10,1,CROSS=EMA9>EMA21;TREND=1;STRUCT=1;VOL=1;COOL=1;EMA50=1;VWAP=1;BIAS=1,2.00,-0.07,23715.09,23947.89,full target: no partial booked
854,2026.04.17 15:48:15,2026.04.17 18:18:15,SL_MOVE,XAUUSD,M15,292,BUY,FULLTGT,EVENING,0,4798.78,4784.34,4827.66,14.44,1.00,14.44,4813.22,4827.66,4842.11,4856.55,4870.99,0.08,0.00,0.08,4827.66,3.00,0.00,0.00,4804.39,4797.74,4795.11,4799.61,4795.16,0.320,8.21,31.75,74.64,79.71,5.09,0.86,4.23,4793.12,4823.51,12856,5569,100.0,0.0,10,1,CROSS=EMA9>EMA21;TREND=1;STRUCT=1;VOL=1;COOL=1;EMA50=1;VWAP=1;BIAS=1,3.00,-0.07,23715.09,24062.45,stop trailed to TP2
855,2026.04.17 15:48:15,2026.04.17 18:18:15,TP3_REACHED,XAUUSD,M15,292,BUY,FULLTGT,EVENING,0,4798.78,4784.34,4827.66,14.44,1.00,14.44,4813.22,4827.66,4842.11,4856.55,4870.99,0.08,0.00,0.08,4842.11,3.00,3.00,0.00,4804.39,4797.74,4795.11,4799.61,4795.16,0.320,8.21,31.75,74.64,79.71,5.09,0.86,4.23,4793.12,4823.51,12856,5569,100.0,0.0,10,1,CROSS=EMA9>EMA21;TREND=1;STRUCT=1;VOL=1;COOL=1;EMA50=1;VWAP=1;BIAS=1,3.00,-0.07,23715.09,24062.45,full target: no partial booked
856,2026.04.17 15:49:23,2026.04.17 18:19:23,EXIT_TRAIL_SL,XAUUSD,M15,292,BUY,FULLTGT,EVENING,0,4798.78,4784.34,4827.66,14.44,1.00,14.44,4813.22,4827.66,4842.11,4856.55,4870.99,0.08,0.08,0.00,4827.38,0.00,1.98,228.24,4804.39,4797.74,4795.11,4799.61,4795.16,0.320,8.21,31.75,74.64,79.71,5.09,0.86,4.23,4793.12,4823.51,12856,5569,100.0,0.0,10,1,CROSS=EMA9>EMA21;TREND=1;STRUCT=1;VOL=1;COOL=1;EMA50=1;VWAP=1;BIAS=1,3.04,-0.07,23943.61,23943.61,stopped at a trailed level
857,2026.04.17 23:15:00,2026.04.18 01:45:00,SKIP,XAUUSD,M15,292,FLAT,NA,DAY,0,0.00,0.00,0.00,0.00,1.00,0.00,0.00,0.00,0.00,0.00,0.00,0.00,0.00,0.00,0.00,0.00,0.00,0.00,4856.17,4856.23,4841.85,4858.72,4857.26,1.592,9.03,31.03,44.02,30.20,3.00,6.47,-3.47,4833.05,4845.95,5137,7343,14.3,71.4,8,1,CROSS=EMA9>EMA21;TREND=1;STRUCT=1;VOL=1;COOL=1;EMA50=1;VWAP=1;BIAS=1,0.00,0.00,23943.61,23943.61,outside the killzone window
858,2026.04.20 01:00:02,2026.04.20 03:30:02,DAY_SUMMARY,XAUUSD,M15,292,FLAT,NA,DAY,0,0.00,0.00,0.00,0.00,1.00,0.00,0.00,0.00,0.00,0.00,0.00,0.00,0.00,0.00,0.00,0.00,-1.70,-199.90,4846.83,4851.59,4841.39,4850.43,4853.51,1.271,8.03,40.40,35.78,24.44,-1.44,3.60,-5.04,4833.17,4832.42,2958,6312,0.0,85.7,50,1,CROSS=EMA9>EMA21;TREND=1;STRUCT=1;VOL=1;COOL=1;EMA50=1;VWAP=1;BIAS=1,0.00,0.00,23943.61,23943.61,2026.04.17 trades=5 W=1 L=4 gross_profit=228.24 gross_loss=428.14 net=-199.90 PF=0.53
859,2026.04.20 01:00:02,2026.04.20 03:30:02,WEEK_SUMMARY,XAUUSD,M15,292,FLAT,NA,DAY,0,0.00,0.00,0.00,0.00,1.00,0.00,0.00,0.00,0.00,0.00,0.00,0.00,0.00,0.00,0.00,0.00,1.30,93.37,4846.83,4851.59,4841.39,4850.43,4853.51,1.271,8.03,40.40,35.78,24.44,-1.44,3.60,-5.04,4833.17,4832.42,2958,6312,0.0,85.7,50,1,CROSS=EMA9>EMA21;TREND=1;STRUCT=1;VOL=1;COOL=1;EMA50=1;VWAP=1;BIAS=1,0.00,0.00,23943.61,23943.61,days=4 trades=10 W=3 L=7 gross_profit=627.99 gross_loss=534.62 net=93.37 PF=1.17 pips=3554.0
860,2026.04.20 10:30:00,2026.04.20 13:00:00,SKIP,XAUUSD,M15,292,FLAT,NA,DAY,0,0.00,0.00,0.00,0.00,1.00,0.00,0.00,0.00,0.00,0.00,0.00,0.00,0.00,0.00,0.00,0.00,0.00,0.00,4792.94,4792.67,4800.44,4791.70,4792.15,-1.015,7.65,29.08,53.56,57.19,-1.39,-3.53,2.14,4784.00,4797.91,7504,5559,100.0,0.0,5,1,CROSS=EMA9>EMA21;TREND=1;STRUCT=1;VOL=1;COOL=1;EMA50=1;VWAP=1;BIAS=1,0.00,0.00,23943.61,23943.61,already positioned that way
861,2026.04.20 11:15:00,2026.04.20 13:45:00,SKIP,XAUUSD,M15,292,FLAT,NA,DAY,0,0.00,0.00,0.00,0.00,1.00,0.00,0.00,0.00,0.00,0.00,0.00,0.00,0.00,0.00,0.00,0.00,0.00,0.00,4792.25,4792.47,4799.49,4793.05,4792.82,-0.872,8.04,22.06,45.55,44.76,-1.28,-2.35,1.06,4784.71,4789.04,7695,5972,28.6,57.1,11,1,CROSS=EMA9<EMA21;TREND=1;STRUCT=1;VOL=1;COOL=1;EMA50=1;VWAP=0;BIAS=1,0.00,0.00,23943.61,23943.61,quality filter
862,2026.04.20 12:00:00,2026.04.20 14:30:00,SKIP,XAUUSD,M15,292,FLAT,NA,DAY,0,0.00,0.00,0.00,0.00,1.00,0.00,0.00,0.00,0.00,0.00,0.00,0.00,0.00,0.00,0.00,0.00,0.00,0.00,4793.08,4792.80,4798.83,4792.27,4792.44,-0.787,7.67,21.06,52.83,57.93,-0.66,-1.38,0.72,4785.16,4796.32,6404,6506,71.4,0.0,9,1,CROSS=EMA9<EMA21;TREND=1;STRUCT=1;VOL=1;COOL=1;EMA50=1;VWAP=0;BIAS=1,0.00,0.00,23943.61,23943.61,outside the killzone window
863,2026.04.20 14:30:00,2026.04.20 17:00:00,SKIP,XAUUSD,M15,292,FLAT,NA,EVENING,0,0.00,0.00,0.00,0.00,1.00,0.00,0.00,0.00,0.00,0.00,0.00,0.00,0.00,0.00,0.00,0.00,0.00,0.00,4792.70,4793.04,4797.03,4793.79,4793.51,-0.574,6.96,19.89,43.47,40.58,-0.46,-0.16,-0.30,4786.47,4788.35,4886,6677,14.3,57.1,8,1,CROSS=EMA9<EMA21;TREND=1;STRUCT=1;VOL=1;COOL=1;EMA50=1;VWAP=0;BIAS=1,0.00,0.00,23943.61,23943.61,quality filter
864,2026.04.20 15:00:00,2026.04.20 17:30:00,SKIP,XAUUSD,M15,292,FLAT,NA,EVENING,0,0.00,0.00,0.00,0.00,1.00,0.00,0.00,0.00,0.00,0.00,0.00,0.00,0.00,0.00,0.00,0.00,0.00,0.00,4796.60,4794.77,4797.48,4793.09,4793.19,-0.364,7.42,18.99,64.73,72.30,1.13,0.03,1.10,4786.97,4810.63,8091,6515,85.7,0.0,10,1,CROSS=EMA9>EMA21;TREND=1;STRUCT=1;VOL=1;COOL=1;EMA50=1;VWAP=1;BIAS=1,0.00,0.00,23943.61,23943.61,already positioned that way
865,2026.04.20 19:15:00,2026.04.20 21:45:00,SKIP,XAUUSD,M15,292,FLAT,NA,EVENING,0,0.00,0.00,0.00,0.00,1.00,0.00,0.00,0.00,0.00,0.00,0.00,0.00,0.00,0.00,0.00,0.00,0.00,0.00,4804.80,4805.43,4803.33,4806.35,4806.11,0.177,11.87,22.25,45.38,42.72,0.90,4.26,-3.36,4795.43,4798.59,6729,11201,14.3,57.1,6,1,CROSS=EMA9>EMA21;TREND=1;STRUCT=1;VOL=1;COOL=1;EMA50=1;VWAP=1;BIAS=1,0.00,0.00,23943.61,23943.61,outside the killzone window
866,2026.04.20 20:30:00,2026.04.20 23:00:00,SKIP,XAUUSD,M15,292,FLAT,NA,EVENING,0,0.00,0.00,0.00,0.00,1.00,0.00,0.00,0.00,0.00,0.00,0.00,0.00,0.00,0.00,0.00,0.00,0.00,0.00,4806.06,4805.67,4803.77,4805.05,4805.23,0.171,11.11,22.52,54.65,60.00,0.93,1.25,-0.31,4795.85,4810.12,5340,10638,57.1,14.3,11,1,CROSS=EMA9>EMA21;TREND=1;STRUCT=1;VOL=1;COOL=1;EMA50=1;VWAP=1;BIAS=1,0.00,0.00,23943.61,23943.61,outside the killzone window
867,2026.04.21 04:45:00,2026.04.21 07:15:00,ENTRY,XAUUSD,M15,294,SELL,FULLTGT,DAY,0,4813.46,4826.36,4826.36,12.90,1.00,12.90,4800.56,4787.66,4774.77,4761.87,4748.97,0.09,0.09,0.09,4813.46,0.00,0.00,0.00,4819.71,4819.78,4815.08,4821.27,4820.41,0.728,6.45,21.95,44.65,36.38,1.24,3.41,-2.17,4822.74,4813.47,6371,4097,0.0,85.7,5,1,CROSS=EMA9<EMA21;TREND=1;STRUCT=1;VOL=1;COOL=1;EMA50=1;VWAP=1;BIAS=1,0.00,0.00,23943.29,23942.84,KZ=ASIA; KZR=Asia H @ 4871.65 338 bars ago (high taken); DAY 12AM-4PM IST session: stop x1.00 of usual; no partials; full size to TP5; SL steps BE->TP1->TP2->TP3
868,2026.04.21 06:14:48,2026.04.21 08:44:48,SL_MOVE,XAUUSD,M15,294,SELL,FULLTGT,DAY,0,4813.46,4826.36,4813.46,12.90,1.00,12.90,4800.56,4787.66,4774.77,4761.87,4748.97,0.09,0.00,0.09,4813.46,1.00,0.00,0.00,4811.46,4815.16,4813.74,4812.59,4815.98,0.211,6.73,37.85,39.63,35.39,-2.34,0.38,-2.72,4818.59,4806.94,5078,4875,14.3,85.7,5,1,CROSS=EMA9<EMA21;TREND=1;STRUCT=1;VOL=1;COOL=1;EMA50=1;VWAP=1;BIAS=1,1.00,-0.06,23943.29,24059.39,stop to breakeven
869,2026.04.21 06:14:48,2026.04.21 08:44:48,TP1_REACHED,XAUUSD,M15,294,SELL,FULLTGT,DAY,0,4813.46,4826.36,4813.46,12.90,1.00,12.90,4800.56,4787.66,4774.77,4761.87,4748.97,0.09,0.00,0.09,4800.56,1.00,1.00,0.00,4811.46,4815.16,4813.74,4812.59,4815.98,0.211,6.73,37.85,39.63,35.39,-2.34,0.38,-2.72,4818.59,4806.94,5078,4875,14.3,85.7,5,1,CROSS=EMA9<EMA21;TREND=1;STRUCT=1;VOL=1;COOL=1;EMA50=1;VWAP=1;BIAS=1,1.00,-0.06,23943.29,24059.39,full target: no partial booked
870,2026.04.21 08:00:03,2026.04.21 10:30:03,SL_MOVE,XAUUSD,M15,294,SELL,FULLTGT,DAY,0,4813.46,4826.36,4800.56,12.90,1.00,12.90,4800.56,4787.66,4774.77,4761.87,4748.97,0.09,0.00,0.09,4800.56,2.00,0.00,0.00,4796.23,4803.93,4808.48,4798.02,4805.41,-0.690,6.60,64.70,27.62,27.54,-6.98,-4.97,-2.00,4812.69,4789.10,3241,5357,0.0,85.7,12,1,CROSS=EMA9<EMA21;TREND=1;STRUCT=1;VOL=1;COOL=1;EMA50=1;VWAP=1;BIAS=1,1.97,-0.06,23943.29,24182.51,stop trailed to TP1
871,2026.04.21 08:00:03,2026.04.21 10:30:03,TP2_REACHED,XAUUSD,M15,294,SELL,FULLTGT,DAY,0,4813.46,4826.36,4800.56,12.90,1.00,12.90,4800.56,4787.66,4774.77,4761.87,4748.97,0.09,0.00,0.09,4787.66,2.00,2.00,0.00,4796.23,4803.93,4808.48,4798.02,4805.41,-0.690,6.60,64.70,27.62,27.54,-6.98,-4.97,-2.00,4812.69,4789.10,3241,5357,0.0,85.7,12,1,CROSS=EMA9<EMA21;TREND=1;STRUCT=1;VOL=1;COOL=1;EMA50=1;VWAP=1;BIAS=1,1.97,-0.06,23943.29,24182.51,full target: no partial booked
872,2026.04.21 09:52:31,2026.04.21 12:22:31,SL_MOVE,XAUUSD,M15,294,SELL,FULLTGT,DAY,0,4813.46,4826.36,4787.66,12.90,1.00,12.90,4800.56,4787.66,4774.77,4761.87,4748.97,0.09,0.00,0.09,4787.66,3.00,0.00,0.00,4786.72,4794.82,4802.91,4788.28,4796.26,-1.104,7.33,62.37,31.64,33.98,-8.21,-7.32,-0.89,4805.55,4780.45,6346,5435,14.3,85.7,11,1,CROSS=EMA9<EMA21;TREND=1;STRUCT=1;VOL=1;COOL=1;EMA50=1;VWAP=1;BIAS=1,3.00,-0.06,23943.29,24291.68,stop trailed to TP2
873,2026.04.21 09:52:31,2026.04.21 12:22:31,TP3_REACHED,XAUUSD,M15,294,SELL,FULLTGT,DAY,0,4813.46,4826.36,4787.66,12.90,1.00,12.90,4800.56,4787.66,4774.77,4761.87,4748.97,0.09,0.00,0.09,4774.77,3.00,3.00,0.00,4786.72,4794.82,4802.91,4788.28,4796.26,-1.104,7.33,62.37,31.64,33.98,-8.21,-7.32,-0.89,4805.55,4780.45,6346,5435,14.3,85.7,11,1,CROSS=EMA9<EMA21;TREND=1;STRUCT=1;VOL=1;COOL=1;EMA50=1;VWAP=1;BIAS=1,3.00,-0.06,23943.29,24291.68,full target: no partial booked
874,2026.04.21 10:16:02,2026.04.21 12:46:02,EXIT_TRAIL_SL,XAUUSD,M15,294,SELL,FULLTGT,DAY,0,4813.46,4826.36,4787.66,12.90,1.00,12.90,4800.56,4787.66,4774.77,4761.87,4748.97,0.09,0.09,0.00,4787.69,0.00,2.00,231.29,4784.69,4792.41,4801.22,4785.14,4793.37,-1.173,7.51,60.35,36.33,47.98,-8.15,-7.66,-0.49,4803.53,4782.89,8178,5625,14.3,85.7,7,1,CROSS=EMA9<EMA21;TREND=1;STRUCT=1;VOL=1;COOL=1;EMA50=1;VWAP=1;BIAS=1,3.16,-0.06,24174.90,24174.90,stopped at a trailed level
875,2026.04.21 15:00:00,2026.04.21 17:30:00,SKIP,XAUUSD,M15,294,FLAT,NA,EVENING,0,0.00,0.00,0.00,0.00,1.00,0.00,0.00,0.00,0.00,0.00,0.00,0.00,0.00,0.00,0.00,0.00,0.00,0.00,4788.04,4787.64,4793.20,4786.38,4786.94,-0.705,7.88,20.09,55.98,63.36,-1.01,-2.86,1.86,4797.70,4794.68,5335,5064,71.4,14.3,8,1,CROSS=EMA9>EMA21;TREND=1;STRUCT=1;VOL=1;COOL=1;EMA50=1;VWAP=0;BIAS=1,0.00,0.00,24174.90,24174.90,quality filter
876,2026.04.21 15:30:00,2026.04.21 18:00:00,SKIP,XAUUSD,M15,294,FLAT,NA,EVENING,0,0.00,0.00,0.00,0.00,1.00,0.00,0.00,0.00,0.00,0.00,0.00,0.00,0.00,0.00,0.00,0.00,0.00,0.00,4787.12,4787.32,4792.64,4788.69,4787.97,-0.690,7.72,19.18,43.37,39.32,-1.15,-2.19,1.04,4797.19,4780.82,9227,5165,14.3,71.4,9,1,CROSS=EMA9<EMA21;TREND=1;STRUCT=1;VOL=1;COOL=1;EMA50=1;VWAP=1;BIAS=1,0.00,0.00,24174.90,24174.90,already positioned that way
877,2026.04.22 01:00:00,2026.04.22 03:30:00,DAY_SUMMARY,XAUUSD,M15,294,FLAT,NA,DAY,0,0.00,0.00,0.00,0.00,1.00,0.00,0.00,0.00,0.00,0.00,0.00,0.00,0.00,0.00,0.00,0.00,2.00,231.29,4705.50,4713.77,4738.64,4701.86,4713.14,-1.590,15.65,30.74,50.18,62.29,-12.30,-16.87,4.57,4757.55,4720.06,4138,12183,57.1,28.6,12,1,CROSS=EMA9<EMA21;TREND=1;STRUCT=1;VOL=1;COOL=1;EMA50=1;VWAP=1;BIAS=1,0.00,0.00,24174.90,24174.90,2026.04.21 trades=1 W=1 L=0 gross_profit=231.29 gross_loss=0.00 net=231.29 PF=0.00
878,2026.04.22 02:30:00,2026.04.22 05:00:00,ENTRY,XAUUSD,M15,296,BUY,FULLTGT,DAY,0,4730.18,4702.80,4702.80,27.38,1.00,27.38,4757.56,4784.95,4812.33,4839.72,4867.10,0.04,0.04,0.04,4730.18,0.00,0.00,0.00,4719.12,4717.84,4735.26,4716.39,4716.62,-1.272,13.69,40.27,54.88,65.37,-3.00,-9.27,6.27,4722.65,4730.06,2285,9487,85.7,0.0,12,1,CROSS=EMA9>EMA21;TREND=1;STRUCT=1;VOL=1;COOL=1;EMA50=1;VWAP=1;BIAS=1,0.00,0.00,24174.76,24174.28,KZ=ASIA; KZR=Asia L @ 4737.06 34 bars ago (low taken); DAY 12AM-4PM IST session: stop x1.00 of usual; no partials; full size to TP5; SL steps BE->TP1->TP2->TP3
879,2026.04.22 05:18:34,2026.04.22 07:48:34,SL_MOVE,XAUUSD,M15,296,BUY,FULLTGT,DAY,0,4730.18,4702.80,4730.18,27.38,1.00,27.38,4757.56,4784.95,4812.33,4839.72,4867.10,0.04,0.00,0.04,4730.18,1.00,0.00,0.00,4745.16,4735.73,4738.50,4742.52,4733.73,-0.296,9.37,56.46,66.47,71.34,7.57,4.73,2.84,4738.19,4755.74,4918,4484,100.0,0.0,12,1,CROSS=EMA9>EMA21;TREND=1;STRUCT=1;VOL=1;COOL=1;EMA50=1;VWAP=1;BIAS=1,1.00,-0.05,24174.76,24284.68,stop to breakeven
880,2026.04.22 05:18:34,2026.04.22 07:48:34,TP1_REACHED,XAUUSD,M15,296,BUY,FULLTGT,DAY,0,4730.18,4702.80,4730.18,27.38,1.00,27.38,4757.56,4784.95,4812.33,4839.72,4867.10,0.04,0.00,0.04,4757.56,1.00,1.00,0.00,4745.16,4735.73,4738.50,4742.52,4733.73,-0.296,9.37,56.46,66.47,71.34,7.57,4.73,2.84,4738.19,4755.74,4918,4484,100.0,0.0,12,1,CROSS=EMA9>EMA21;TREND=1;STRUCT=1;VOL=1;COOL=1;EMA50=1;VWAP=1;BIAS=1,1.00,-0.05,24174.76,24284.68,full target: no partial booked
881,2026.04.22 13:00:00,2026.04.22 15:30:00,SKIP,XAUUSD,M15,296,BUY,FULLTGT,DAY,0,4730.18,4702.80,4730.18,27.38,1.00,27.38,4757.56,4784.95,4812.33,4839.72,4867.10,0.04,0.00,0.00,0.00,0.00,0.00,0.00,4758.15,4758.31,4753.75,4758.88,4758.62,0.733,6.23,23.86,47.45,41.40,1.23,2.89,-1.66,4752.38,4755.22,3991,4337,14.3,57.1,11,1,CROSS=EMA9<EMA21;TREND=1;STRUCT=1;VOL=1;COOL=1;EMA50=1;VWAP=0;BIAS=1,1.54,-0.05,24174.76,24274.92,quality filter
882,2026.04.22 17:35:39,2026.04.22 20:05:39,EXIT_BE,XAUUSD,M15,296,BUY,FULLTGT,EVENING,0,4730.18,4702.80,4730.18,27.38,1.00,27.38,4757.56,4784.95,4812.33,4839.72,4867.10,0.04,0.04,0.00,4730.08,0.00,-0.00,-0.68,4748.73,4751.35,4752.11,4749.92,4752.09,-0.087,8.71,17.43,41.45,34.22,-2.39,-2.00,-0.39,4751.57,4743.95,10854,7193,0.0,85.7,10,1,CROSS=EMA9<EMA21;TREND=1;STRUCT=1;VOL=1;COOL=1;EMA50=1;VWAP=0;BIAS=1,1.54,-0.05,24174.22,24174.22,stopped at breakeven
883,2026.04.22 22:30:00,2026.04.23 01:00:00,SKIP,XAUUSD,M15,296,FLAT,NA,DAY,0,0.00,0.00,0.00,0.00,1.00,0.00,0.00,0.00,0.00,0.00,0.00,0.00,0.00,0.00,0.00,0.00,0.00,0.00,4738.28,4738.25,4742.65,4736.73,4737.63,-0.590,7.46,20.68,55.60,61.72,-1.41,-3.65,2.24,4746.41,4744.49,3669,6736,57.1,14.3,5,1,CROSS=EMA9<EMA21;TREND=1;STRUCT=1;VOL=1;COOL=1;EMA50=1;VWAP=0;BIAS=1,0.00,0.00,24174.22,24174.22,outside the killzone window
884,2026.04.22 23:15:00,2026.04.23 01:45:00,SKIP,XAUUSD,M15,296,FLAT,NA,DAY,0,0.00,0.00,0.00,0.00,1.00,0.00,0.00,0.00,0.00,0.00,0.00,0.00,0.00,0.00,0.00,0.00,0.00,0.00,4738.30,4738.31,4742.19,4738.84,4738.52,-0.566,6.86,17.77,46.76,44.19,-1.01,-2.32,1.31,4746.23,4736.16,3085,5421,14.3,57.1,7,1,CROSS=EMA9<EMA21;TREND=1;STRUCT=1;VOL=1;COOL=1;EMA50=1;VWAP=0;BIAS=1,0.00,0.00,24174.22,24174.22,outside the killzone window
885,2026.04.23 01:00:00,2026.04.23 03:30:00,DAY_SUMMARY,XAUUSD,M15,296,FLAT,NA,DAY,0,0.00,0.00,0.00,0.00,1.00,0.00,0.00,0.00,0.00,0.00,0.00,0.00,0.00,0.00,0.00,0.00,-0.00,-0.68,4738.35,4738.29,4741.74,4737.90,4738.11,-0.552,6.23,16.76,51.52,55.14,-0.71,-1.33,0.62,4746.12,4740.18,1566,4437,57.1,14.3,12,1,CROSS=EMA9<EMA21;TREND=1;STRUCT=1;VOL=1;COOL=1;EMA50=1;VWAP=0;BIAS=1,0.00,0.00,24174.22,24174.22,2026.04.22 trades=1 W=0 L=1 gross_profit=0.00 gross_loss=0.68 net=-0.68 PF=0.00
886,2026.04.23 01:00:00,2026.04.23 03:30:00,SKIP,XAUUSD,M15,296,FLAT,NA,DAY,0,0.00,0.00,0.00,0.00,1.00,0.00,0.00,0.00,0.00,0.00,0.00,0.00,0.00,0.00,0.00,0.00,0.00,0.00,4738.35,4738.29,4741.74,4737.90,4738.11,-0.552,6.23,16.76,51.52,55.14,-0.71,-1.33,0.62,4746.12,4740.18,1566,4437,57.1,14.3,12,1,CROSS=EMA9>EMA21;TREND=1;STRUCT=1;VOL=1;COOL=1;EMA50=1;VWAP=0;BIAS=1,0.00,0.00,24174.22,24174.22,already positioned that way
887,2026.04.23 01:15:00,2026.04.23 03:45:00,ENTRY,XAUUSD,M15,298,SELL,FULLTGT,DAY,0,4736.45,4749.33,4749.33,12.88,1.00,12.88,4723.57,4710.70,4697.82,4684.95,4672.07,0.09,0.09,0.09,4736.45,0.00,0.00,0.00,4737.97,4738.13,4741.53,4738.35,4738.29,-0.528,6.44,19.39,47.16,44.90,-0.79,-1.13,0.34,4739.72,4736.45,3409,4234,14.3,57.1,9,1,CROSS=EMA9<EMA21;TREND=1;STRUCT=1;VOL=1;COOL=1;EMA50=1;VWAP=1;BIAS=1,0.00,0.00,24173.90,24173.09,KZ=ASIA; KZR=NY L @ 4736.48 30 bars ago (low taken); DAY 12AM-4PM IST session: stop x1.00 of usual; no partials; full size to TP5; SL steps BE->TP1->TP2->TP3
888,2026.04.23 03:01:01,2026.04.23 05:31:01,SL_MOVE,XAUUSD,M15,298,SELL,FULLTGT,DAY,0,4736.45,4749.33,4736.45,12.88,1.00,12.88,4723.57,4710.70,4697.82,4684.95,4672.07,0.09,0.00,0.09,4736.45,1.00,0.00,0.00,4729.55,4733.01,4738.17,4729.97,4733.53,-0.879,5.87,22.31,41.81,44.23,-3.41,-2.12,-1.29,4731.32,4727.86,1749,2864,0.0,71.4,12,1,CROSS=EMA9<EMA21;TREND=1;STRUCT=1;VOL=1;COOL=1;EMA50=1;VWAP=1;BIAS=1,1.00,-0.16,24173.90,24292.97,stop to breakeven
889,2026.04.23 03:01:01,2026.04.23 05:31:01,TP1_REACHED,XAUUSD,M15,298,SELL,FULLTGT,DAY,0,4736.45,4749.33,4736.45,12.88,1.00,12.88,4723.57,4710.70,4697.82,4684.95,4672.07,0.09,0.00,0.09,4723.57,1.00,1.00,0.00,4729.55,4733.01,4738.17,4729.97,4733.53,-0.879,5.87,22.31,41.81,44.23,-3.41,-2.12,-1.29,4731.32,4727.86,1749,2864,0.0,71.4,12,1,CROSS=EMA9<EMA21;TREND=1;STRUCT=1;VOL=1;COOL=1;EMA50=1;VWAP=1;BIAS=1,1.00,-0.16,24173.90,24292.97,full target: no partial booked
890,2026.04.23 03:11:52,2026.04.23 05:41:52,SL_MOVE,XAUUSD,M15,298,SELL,FULLTGT,DAY,0,4736.45,4749.33,4723.57,12.88,1.00,12.88,4723.57,4710.70,4697.82,4684.95,4672.07,0.09,0.00,0.09,4723.57,2.00,0.00,0.00,4729.55,4733.01,4738.17,4729.97,4733.53,-0.879,5.87,22.31,41.81,27.20,-3.41,-2.12,-1.29,4731.32,4727.86,1749,2864,0.0,71.4,11,1,CROSS=EMA9<EMA21;TREND=1;STRUCT=1;VOL=1;COOL=1;EMA50=1;VWAP=1;BIAS=1,2.00,-0.16,24173.90,24406.37,stop trailed to TP1
891,2026.04.23 03:11:52,2026.04.23 05:41:52,TP2_REACHED,XAUUSD,M15,298,SELL,FULLTGT,DAY,0,4736.45,4749.33,4723.57,12.88,1.00,12.88,4723.57,4710.70,4697.82,4684.95,4672.07,0.09,0.00,0.09,4710.70,2.00,2.00,0.00,4729.55,4733.01,4738.17,4729.97,4733.53,-0.879,5.87,22.31,41.81,27.20,-3.41,-2.12,-1.29,4731.32,4727.86,1749,2864,0.0,71.4,11,1,CROSS=EMA9<EMA21;TREND=1;STRUCT=1;VOL=1;COOL=1;EMA50=1;VWAP=1;BIAS=1,2.00,-0.16,24173.90,24406.37,full target: no partial booked
892,2026.04.23 03:15:18,2026.04.23 05:45:18,SL_MOVE,XAUUSD,M15,298,SELL,FULLTGT,DAY,0,4736.45,4749.33,4710.70,12.88,1.00,12.88,4723.57,4710.70,4697.82,4684.95,4672.07,0.09,0.00,0.09,4710.70,3.00,0.00,0.00,4723.53,4729.96,4736.66,4729.55,4733.01,-0.949,7.05,24.99,24.26,17.43,-5.65,-2.67,-2.97,4722.98,4699.46,9031,3189,0.0,85.7,12,1,CROSS=EMA9<EMA21;TREND=1;STRUCT=1;VOL=1;COOL=1;EMA50=1;VWAP=1;BIAS=1,3.00,-0.16,24173.90,24523.55,stop trailed to TP2
893,2026.04.23 03:15:18,2026.04.23 05:45:18,TP3_REACHED,XAUUSD,M15,298,SELL,FULLTGT,DAY,0,4736.45,4749.33,4710.70,12.88,1.00,12.88,4723.57,4710.70,4697.82,4684.95,4672.07,0.09,0.00,0.09,4697.82,3.00,3.00,0.00,4723.53,4729.96,4736.66,4729.55,4733.01,-0.949,7.05,24.99,24.26,17.43,-5.65,-2.67,-2.97,4722.98,4699.46,9031,3189,0.0,85.7,12,1,CROSS=EMA9<EMA21;TREND=1;STRUCT=1;VOL=1;COOL=1;EMA50=1;VWAP=1;BIAS=1,3.00,-0.16,24173.90,24523.55,full target: no partial booked
894,2026.04.23 03:18:21,2026.04.23 05:48:21,EXIT_TRAIL_SL,XAUUSD,M15,298,SELL,FULLTGT,DAY,0,4736.45,4749.33,4710.70,12.88,1.00,12.88,4723.57,4710.70,4697.82,4684.95,4672.07,0.09,0.09,0.00,4710.84,0.00,1.99,229.85,4723.53,4729.96,4736.66,4729.55,4733.01,-0.949,7.05,24.99,24.26,17.43,-5.65,-2.67,-2.97,4722.98,4699.46,9031,3189,0.0,85.7,14,1,CROSS=EMA9<EMA21;TREND=1;STRUCT=1;VOL=1;COOL=1;EMA50=1;VWAP=1;BIAS=1,3.27,-0.16,24404.07,24404.07,stopped at a trailed level
895,2026.04.23 04:00:00,2026.04.23 06:30:00,ENTRY,XAUUSD,M15,300,BUY,FULLTGT,DAY,0,4748.00,4729.12,4729.12,18.88,1.00,18.88,4766.88,4785.76,4804.64,4823.52,4842.40,0.06,0.06,0.06,4748.00,0.00,0.00,0.00,4734.14,4733.70,4737.59,4730.69,4732.28,-0.411,9.44,20.40,57.54,62.91,-0.82,-3.07,2.26,4730.83,4747.94,7099,4541,85.7,0.0,6,1,CROSS=EMA9>EMA21;TREND=1;STRUCT=1;VOL=1;COOL=1;EMA50=1;VWAP=1;BIAS=1,0.00,0.00,24403.86,24403.50,KZ=ASIA; KZR=Asia L @ 4718.16 3 bars ago (low taken); DAY 12AM-4PM IST session: stop x1.00 of usual; no partials; full size to TP5; SL steps BE->TP1->TP2->TP3
896,2026.04.23 04:23:25,2026.04.23 06:53:25,EXIT_SL,XAUUSD,M15,300,BUY,FULLTGT,DAY,0,4748.00,4729.12,4729.12,18.88,1.00,18.88,4766.88,4785.76,4804.64,4823.52,4842.40,0.06,0.06,0.00,4728.95,0.00,-1.01,-114.72,4734.70,4734.00,4737.56,4734.14,4733.70,-0.373,9.56,18.95,51.27,48.54,-0.48,-2.87,2.39,4732.05,4736.97,8684,4686,57.1,28.6,5,1,CROSS=EMA9>EMA21;TREND=1;STRUCT=1;VOL=1;COOL=1;EMA50=1;VWAP=1;BIAS=1,0.11,-0.99,24289.35,24289.35,stopped at the initial SL (x1.00 of usual)
897,2026.04.23 04:30:00,2026.04.23 07:00:00,ENTRY,XAUUSD,M15,302,SELL,FULLTGT,DAY,0,4728.24,4747.82,4747.82,19.58,1.00,19.58,4708.66,4689.07,4669.49,4649.90,4630.32,0.06,0.06,0.06,4728.24,0.00,0.00,0.00,4733.41,4733.48,4737.20,4734.70,4734.00,-0.380,9.79,20.18,46.89,43.03,-0.90,-2.66,1.76,4731.97,4728.24,7999,4903,14.3,71.4,19,1,CROSS=EMA9<EMA21;TREND=1;STRUCT=1;VOL=1;COOL=1;EMA50=1;VWAP=1;BIAS=1,0.00,0.00,24289.14,24288.00,KZ=ASIA; KZR=Asia L @ 4718.16 5 bars ago (low taken); DAY 12AM-4PM IST session: stop x1.00 of usual; no partials; full size to TP5; SL steps BE->TP1->TP2->TP3
898,2026.04.23 05:11:42,2026.04.23 07:41:42,SL_MOVE,XAUUSD,M15,302,SELL,FULLTGT,DAY,0,4728.24,4747.82,4728.24,19.58,1.00,19.58,4708.66,4689.07,4669.49,4649.90,4630.32,0.06,0.00,0.06,4728.24,1.00,0.00,0.00,4731.43,4732.57,4736.52,4733.47,4733.50,-0.384,10.30,23.51,44.77,32.47,-1.52,-2.21,0.69,4731.52,4723.28,9787,5434,14.3,71.4,5,1,CROSS=EMA9<EMA21;TREND=1;STRUCT=1;VOL=1;COOL=1;EMA50=1;VWAP=1;BIAS=1,0.99,-0.45,24289.14,24406.74,stop to breakeven
899,2026.04.23 05:11:42,2026.04.23 07:41:42,TP1_REACHED,XAUUSD,M15,302,SELL,FULLTGT,DAY,0,4728.24,4747.82,4728.24,19.58,1.00,19.58,4708.66,4689.07,4669.49,4649.90,4630.32,0.06,0.00,0.06,4708.66,1.00,1.00,0.00,4731.43,4732.57,4736.52,4733.47,4733.50,-0.384,10.30,23.51,44.77,32.47,-1.52,-2.21,0.69,4731.52,4723.28,9787,5434,14.3,71.4,5,1,CROSS=EMA9<EMA21;TREND=1;STRUCT=1;VOL=1;COOL=1;EMA50=1;VWAP=1;BIAS=1,0.99,-0.45,24289.14,24406.74,full target: no partial booked
900,2026.04.23 11:00:00,2026.04.23 13:30:00,FLIP,XAUUSD,M15,302,SELL,FULLTGT,DAY,0,4728.24,4747.82,4728.24,19.58,1.00,19.58,4708.66,4689.07,4669.49,4649.90,4630.32,0.06,0.00,0.00,4719.25,0.00,0.46,0.00,4712.46,4712.36,4719.37,4710.78,4711.68,-0.882,7.95,17.74,54.68,60.10,-1.46,-3.47,2.01,4716.93,4719.20,6892,6091,85.7,0.0,5,1,CROSS=EMA9>EMA21;TREND=1;STRUCT=1;VOL=1;COOL=1;EMA50=1;VWAP=1;BIAS=1,1.83,-0.45,24289.14,24343.08,opposite signal before SL/target | SELL -> BUY | closing trade 302
901,2026.04.23 11:00:00,2026.04.23 13:30:00,EXIT_FLIP,XAUUSD,M15,302,SELL,FULLTGT,DAY,0,4728.24,4747.82,4728.24,19.58,1.00,19.58,4708.66,4689.07,4669.49,4649.90,4630.32,0.06,0.06,0.00,4719.25,0.00,0.46,0.00,4712.46,4712.36,4719.37,4710.78,4711.68,-0.882,7.95,17.74,54.68,60.10,-1.46,-3.47,2.01,4716.93,4719.20,6892,6091,85.7,0.0,5,1,CROSS=EMA9>EMA21;TREND=1;STRUCT=1;VOL=1;COOL=1;EMA50=1;VWAP=1;BIAS=1,1.83,-0.45,24342.87,24342.87,FLIP exit
902,2026.04.23 11:00:00,2026.04.23 13:30:00,EXIT_OTHER,XAUUSD,M15,302,SELL,FULLTGT,DAY,0,4728.24,4747.82,4728.24,19.58,1.00,19.58,4708.66,4689.07,4669.49,4649.90,4630.32,0.06,0.06,0.00,4719.25,0.00,0.46,53.52,4712.46,4712.36,4719.37,4710.78,4711.68,-0.882,7.95,17.74,54.68,60.10,-1.46,-3.47,2.01,4716.93,4719.20,6892,6091,85.7,0.0,5,1,CROSS=EMA9>EMA21;TREND=1;STRUCT=1;VOL=1;COOL=1;EMA50=1;VWAP=1;BIAS=1,1.83,-0.45,24342.87,24342.87,FLIP exit
903,2026.04.23 11:00:00,2026.04.23 13:30:00,ENTRY,XAUUSD,M15,304,BUY,FULLTGT,DAY,302,4719.25,4703.35,4703.35,15.90,1.00,15.90,4735.15,4751.06,4766.96,4782.86,4798.76,0.07,0.07,0.07,4719.25,0.00,0.00,0.00,4712.46,4712.36,4719.37,4710.78,4711.68,-0.882,7.95,17.74,54.68,60.10,-1.46,-3.47,2.01,4716.93,4719.20,6892,6091,85.7,0.0,5,1,CROSS=EMA9>EMA21;TREND=1;STRUCT=1;VOL=1;COOL=1;EMA50=1;VWAP=1;BIAS=1,0.00,0.00,24342.62,24342.27,KZ=LONDON; KZR=Asia L @ 4694.03 9 bars ago (low taken); DAY 12AM-4PM IST session: stop x1.00 of usual; no partials; full size to TP5; SL steps BE->TP1->TP2->TP3; flipped from trade 302
904,2026.04.23 11:45:00,2026.04.23 14:15:00,FLIP,XAUUSD,M15,304,BUY,FULLTGT,DAY,0,4719.25,4703.35,4703.35,15.90,1.00,15.90,4735.15,4751.06,4766.96,4782.86,4798.76,0.07,0.00,0.00,4703.83,0.00,-0.97,0.00,4711.95,4712.28,4718.57,4713.98,4713.12,-0.793,7.93,18.32,42.36,37.08,-1.29,-2.07,0.78,4716.77,4703.83,8178,5956,14.3,71.4,9,1,CROSS=EMA9<EMA21;TREND=1;STRUCT=1;VOL=1;COOL=1;EMA50=1;VWAP=1;BIAS=1,0.35,-0.99,24342.62,24234.68,opposite signal before SL/target | BUY -> SELL | closing trade 304
905,2026.04.23 11:45:00,2026.04.23 14:15:00,EXIT_FLIP,XAUUSD,M15,304,BUY,FULLTGT,DAY,0,4719.25,4703.35,4703.35,15.90,1.00,15.90,4735.15,4751.06,4766.96,4782.86,4798.76,0.07,0.07,0.00,4703.83,0.00,-0.97,0.00,4711.95,4712.28,4718.57,4713.98,4713.12,-0.793,7.93,18.32,42.36,37.08,-1.29,-2.07,0.78,4716.77,4703.83,8178,5956,14.3,71.4,9,1,CROSS=EMA9<EMA21;TREND=1;STRUCT=1;VOL=1;COOL=1;EMA50=1;VWAP=1;BIAS=1,0.35,-0.99,24234.43,24234.43,FLIP exit
906,2026.04.23 11:45:00,2026.04.23 14:15:00,EXIT_OTHER,XAUUSD,M15,304,BUY,FULLTGT,DAY,0,4719.25,4703.35,4703.35,15.90,1.00,15.90,4735.15,4751.06,4766.96,4782.86,4798.76,0.07,0.07,0.00,4703.83,0.00,-0.97,-108.44,4711.95,4712.28,4718.57,4713.98,4713.12,-0.793,7.93,18.32,42.36,37.08,-1.29,-2.07,0.78,4716.77,4703.83,8178,5956,14.3,71.4,9,1,CROSS=EMA9<EMA21;TREND=1;STRUCT=1;VOL=1;COOL=1;EMA50=1;VWAP=1;BIAS=1,0.35,-0.99,24234.43,24234.43,FLIP exit
907,2026.04.23 11:45:00,2026.04.23 14:15:00,ENTRY,XAUUSD,M15,306,SELL,FULLTGT,DAY,304,4703.83,4719.70,4719.70,15.87,1.00,15.87,4687.96,4672.09,4656.23,4640.36,4624.49,0.07,0.07,0.07,4703.83,0.00,0.00,0.00,4711.95,4712.28,4718.57,4713.98,4713.12,-0.793,7.93,18.32,42.36,37.08,-1.29,-2.07,0.78,4716.77,4703.83,8178,5956,14.3,71.4,9,1,CROSS=EMA9<EMA21;TREND=1;STRUCT=1;VOL=1;COOL=1;EMA50=1;VWAP=1;BIAS=1,0.00,0.00,24234.18,24233.55,KZ=LONDON; KZR=Asia L @ 4694.03 12 bars ago (low taken); DAY 12AM-4PM IST session: stop x1.00 of usual; no partials; full size to TP5; SL steps BE->TP1->TP2->TP3; flipped from trade 304
908,2026.04.23 13:12:04,2026.04.23 15:42:04,SL_MOVE,XAUUSD,M15,306,SELL,FULLTGT,DAY,304,4703.83,4719.70,4703.83,15.87,1.00,15.87,4687.96,4672.09,4656.23,4640.36,4624.49,0.07,0.00,0.07,4703.83,1.00,0.00,0.00,4703.67,4707.56,4715.19,4705.19,4708.55,-0.920,8.29,26.57,39.34,32.56,-3.91,-2.16,-1.75,4715.12,4697.61,5802,6772,0.0,85.7,11,1,CROSS=EMA9<EMA21;TREND=1;STRUCT=1;VOL=1;COOL=1;EMA50=1;VWAP=1;BIAS=1,0.99,-0.24,24234.18,24346.46,stop to breakeven
909,2026.04.23 13:12:04,2026.04.23 15:42:04,TP1_REACHED,XAUUSD,M15,306,SELL,FULLTGT,DAY,304,4703.83,4719.70,4703.83,15.87,1.00,15.87,4687.96,4672.09,4656.23,4640.36,4624.49,0.07,0.00,0.07,4687.96,1.00,1.00,0.00,4703.67,4707.56,4715.19,4705.19,4708.55,-0.920,8.29,26.57,39.34,32.56,-3.91,-2.16,-1.75,4715.12,4697.61,5802,6772,0.0,85.7,11,1,CROSS=EMA9<EMA21;TREND=1;STRUCT=1;VOL=1;COOL=1;EMA50=1;VWAP=1;BIAS=1,0.99,-0.24,24234.18,24346.46,full target: no partial booked
910,2026.04.23 14:41:43,2026.04.23 17:11:43,EXIT_BE,XAUUSD,M15,306,SELL,FULLTGT,EVENING,304,4703.83,4719.70,4703.83,15.87,1.00,15.87,4687.96,4672.09,4656.23,4640.36,4624.49,0.07,0.07,0.00,4703.83,0.00,-0.00,-0.50,4697.32,4701.71,4710.61,4696.83,4701.95,-1.044,8.52,28.19,45.74,57.09,-4.93,-4.83,-0.09,4712.77,4699.27,4851,6782,28.6,57.1,8,1,CROSS=EMA9<EMA21;TREND=1;STRUCT=1;VOL=1;COOL=1;EMA50=1;VWAP=1;BIAS=1,1.23,-0.24,24233.93,24233.93,stopped at breakeven
911,2026.04.23 15:15:00,2026.04.23 17:45:00,ENTRY,XAUUSD,M15,308,BUY,FULLTGT,EVENING,0,4729.30,4710.21,4710.21,19.09,1.00,19.09,4748.39,4767.49,4786.58,4805.68,4824.77,0.06,0.06,0.06,4729.30,0.00,0.00,0.00,4708.48,4706.06,4711.53,4703.30,4703.75,-0.573,9.55,32.51,66.62,77.23,0.24,-4.30,4.54,4713.23,4729.20,14037,7261,100.0,0.0,10,1,CROSS=EMA9>EMA21;TREND=1;STRUCT=1;VOL=1;COOL=1;EMA50=1;VWAP=1;BIAS=1,0.00,0.00,24233.72,24233.12,KZ=NY; KZR=Asia L @ 4694.03 26 bars ago (low taken); EVENING 4PM-12AM IST session: stop x1.00 of usual; no partials; full size to TP5; SL steps BE->TP1->TP2->TP3
912,2026.04.23 20:09:51,2026.04.23 22:39:51,EXIT_SL,XAUUSD,M15,308,BUY,FULLTGT,EVENING,0,4729.30,4710.21,4710.21,19.09,1.00,19.09,4748.39,4767.49,4786.58,4805.68,4824.77,0.06,0.06,0.00,4710.20,0.00,-1.00,-115.02,4728.46,4725.31,4721.10,4727.31,4724.54,0.389,10.80,28.67,57.56,46.51,3.90,4.90,-0.99,4718.89,4733.03,5403,10638,57.1,28.6,11,1,CROSS=EMA9>EMA21;TREND=1;STRUCT=1;VOL=1;COOL=1;EMA50=1;VWAP=1;BIAS=1,0.73,-0.99,24118.91,24118.91,stopped at the initial SL (x1.00 of usual)
913,2026.04.23 20:30:00,2026.04.23 23:00:00,SKIP,XAUUSD,M15,308,FLAT,NA,EVENING,0,0.00,0.00,0.00,0.00,1.00,0.00,0.00,0.00,0.00,0.00,0.00,0.00,0.00,0.00,0.00,0.00,0.00,0.00,4722.10,4722.84,4720.34,4725.99,4724.48,0.225,11.12,22.20,39.89,33.41,0.92,3.88,-2.97,4718.63,4706.50,18103,11412,0.0,85.7,11,1,CROSS=EMA9>EMA21;TREND=1;STRUCT=1;VOL=1;COOL=1;EMA50=1;VWAP=1;BIAS=1,0.00,0.00,24118.91,24118.91,outside the killzone window
914,2026.04.24 01:00:00,2026.04.24 03:30:00,DAY_SUMMARY,XAUUSD,M15,308,FLAT,NA,DAY,0,0.00,0.00,0.00,0.00,1.00,0.00,0.00,0.00,0.00,0.00,0.00,0.00,0.00,0.00,0.00,0.00,-0.53,-55.31,4695.99,4703.71,4710.72,4696.40,4704.64,-0.523,13.41,32.47,42.93,46.78,-7.44,-6.11,-1.33,4715.04,4694.36,2399,10387,0.0,85.7,12,1,CROSS=EMA9>EMA21;TREND=1;STRUCT=1;VOL=1;COOL=1;EMA50=1;VWAP=1;BIAS=1,0.00,0.00,24118.91,24118.91,2026.04.23 trades=6 W=2 L=4 gross_profit=283.37 gross_loss=338.68 net=-55.31 PF=0.84
915,2026.04.24 04:15:00,2026.04.24 06:45:00,SKIP,XAUUSD,M15,308,FLAT,NA,DAY,0,0.00,0.00,0.00,0.00,1.00,0.00,0.00,0.00,0.00,0.00,0.00,0.00,0.00,0.00,0.00,0.00,0.00,0.00,4701.55,4700.83,4705.83,4699.57,4699.97,-0.631,7.92,16.71,56.31,63.08,-1.04,-4.06,3.02,4699.57,4709.46,11460,5349,85.7,0.0,5,1,CROSS=EMA9>EMA21;TREND=1;STRUCT=1;VOL=1;COOL=1;EMA50=1;VWAP=1;BIAS=1,0.00,0.00,24118.91,24118.91,already positioned that way
916,2026.04.24 04:45:00,2026.04.24 07:15:00,ENTRY,XAUUSD,M15,310,SELL,FULLTGT,DAY,0,4690.96,4707.33,4707.33,16.37,1.00,16.37,4674.59,4658.23,4641.86,4625.49,4609.13,0.07,0.07,0.07,4690.96,0.00,0.00,0.00,4698.94,4699.74,4704.97,4700.94,4700.62,-0.639,8.18,15.91,42.76,40.50,-1.79,-2.99,1.20,4699.21,4690.95,11064,5442,14.3,71.4,5,1,CROSS=EMA9<EMA21;TREND=1;STRUCT=1;VOL=1;COOL=1;EMA50=1;VWAP=1;BIAS=1,0.00,0.00,24118.66,24118.31,KZ=ASIA; KZR=NY L @ 4695.48 32 bars ago (low taken); DAY 12AM-4PM IST session: stop x1.00 of usual; no partials; full size to TP5; SL steps BE->TP1->TP2->TP3
917,2026.04.24 05:55:47,2026.04.24 08:25:47,SL_MOVE,XAUUSD,M15,310,SELL,FULLTGT,DAY,0,4690.96,4707.33,4690.96,16.37,1.00,16.37,4674.59,4658.23,4641.86,4625.49,4609.13,0.07,0.00,0.07,4690.96,1.00,0.00,0.00,4692.73,4696.43,4702.71,4695.07,4697.74,-0.718,8.75,18.82,39.75,35.36,-3.72,-2.10,-1.62,4696.82,4683.41,9105,5742,0.0,85.7,12,1,CROSS=EMA9<EMA21;TREND=1;STRUCT=1;VOL=1;COOL=1;EMA50=1;VWAP=1;BIAS=1,1.00,-0.61,24118.66,24233.32,stop to breakeven
918,2026.04.24 05:55:47,2026.04.24 08:25:47,TP1_REACHED,XAUUSD,M15,310,SELL,FULLTGT,DAY,0,4690.96,4707.33,4690.96,16.37,1.00,16.37,4674.59,4658.23,4641.86,4625.49,4609.13,0.07,0.00,0.07,4674.59,1.00,1.00,0.00,4692.73,4696.43,4702.71,4695.07,4697.74,-0.718,8.75,18.82,39.75,35.36,-3.72,-2.10,-1.62,4696.82,4683.41,9105,5742,0.0,85.7,12,1,CROSS=EMA9<EMA21;TREND=1;STRUCT=1;VOL=1;COOL=1;EMA50=1;VWAP=1;BIAS=1,1.00,-0.61,24118.66,24233.32,full target: no partial booked
919,2026.04.24 07:31:58,2026.04.24 10:01:58,SL_MOVE,XAUUSD,M15,310,SELL,FULLTGT,DAY,0,4690.96,4707.33,4674.59,16.37,1.00,16.37,4674.59,4658.23,4641.86,4625.49,4609.13,0.07,0.00,0.07,4674.59,2.00,0.00,0.00,4674.26,4683.79,4694.95,4677.94,4686.22,-1.173,9.51,47.97,29.82,25.72,-9.08,-6.23,-2.84,4690.66,4659.54,6266,6666,0.0,85.7,12,1,CROSS=EMA9<EMA21;TREND=1;STRUCT=1;VOL=1;COOL=1;EMA50=1;VWAP=1;BIAS=1,2.00,-0.61,24118.66,24348.61,stop trailed to TP1
920,2026.04.24 07:31:58,2026.04.24 10:01:58,TP2_REACHED,XAUUSD,M15,310,SELL,FULLTGT,DAY,0,4690.96,4707.33,4674.59,16.37,1.00,16.37,4674.59,4658.23,4641.86,4625.49,4609.13,0.07,0.00,0.07,4658.23,2.00,2.00,0.00,4674.26,4683.79,4694.95,4677.94,4686.22,-1.173,9.51,47.97,29.82,25.72,-9.08,-6.23,-2.84,4690.66,4659.54,6266,6666,0.0,85.7,12,1,CROSS=EMA9<EMA21;TREND=1;STRUCT=1;VOL=1;COOL=1;EMA50=1;VWAP=1;BIAS=1,2.00,-0.61,24118.66,24348.61,full target: no partial booked
921,2026.04.24 07:47:54,2026.04.24 10:17:54,EXIT_TRAIL_SL,XAUUSD,M15,310,SELL,FULLTGT,DAY,0,4690.96,4707.33,4674.59,16.37,1.00,16.37,4674.59,4658.23,4641.86,4625.49,4609.13,0.07,0.07,0.00,4674.66,0.00,1.00,113.60,4673.02,4682.37,4693.90,4674.26,4683.79,-1.194,9.66,52.12,37.67,41.72,-9.14,-6.92,-2.22,4689.76,4668.08,5430,6784,0.0,85.7,12,1,CROSS=EMA9<EMA21;TREND=1;STRUCT=1;VOL=1;COOL=1;EMA50=1;VWAP=1;BIAS=1,2.03,-0.61,24232.51,24232.51,stopped at a trailed level
922,2026.04.24 11:00:00,2026.04.24 13:30:00,ENTRY,XAUUSD,M15,312,BUY,FULLTGT,DAY,0,4694.61,4677.83,4677.83,16.78,1.00,16.78,4711.39,4728.18,4744.96,4761.74,4778.52,0.07,0.07,0.07,4694.61,0.00,0.00,0.00,4682.64,4681.54,4688.43,4679.68,4680.25,-0.820,8.39,26.63,58.96,70.85,-0.86,-3.71,2.85,4686.17,4694.50,5071,5711,85.7,0.0,11,1,CROSS=EMA9>EMA21;TREND=1;STRUCT=1;VOL=1;COOL=1;EMA50=1;VWAP=1;BIAS=1,0.00,0.00,24232.26,24231.49,KZ=LONDON; KZR=NY L @ 4695.48 57 bars ago (low taken); DAY 12AM-4PM IST session: stop x1.00 of usual; no partials; full size to TP5; SL steps BE->TP1->TP2->TP3
923,2026.04.24 13:32:01,2026.04.24 16:02:01,EXIT_SL,XAUUSD,M15,312,BUY,FULLTGT,EVENING,0,4694.61,4677.83,4677.83,16.78,1.00,16.78,4711.39,4728.18,4744.96,4761.74,4778.52,0.07,0.07,0.00,4677.70,0.00,-1.01,-118.87,4684.66,4684.20,4687.72,4685.25,4684.39,-0.445,7.92,27.16,48.03,43.72,0.25,0.84,-0.59,4686.45,4682.33,4852,6329,14.3,71.4,11,1,CROSS=EMA9>EMA21;TREND=1;STRUCT=1;VOL=1;COOL=1;EMA50=1;VWAP=1;BIAS=1,0.17,-0.99,24113.64,24113.64,stopped at the initial SL (x1.00 of usual)
924,2026.04.24 13:45:00,2026.04.24 16:15:00,ENTRY,XAUUSD,M15,314,SELL,FULLTGT,EVENING,0,4679.03,4694.98,4694.98,15.95,1.00,15.95,4663.08,4647.14,4631.19,4615.24,4599.30,0.07,0.07,0.07,4679.03,0.00,0.00,0.00,4683.54,4683.73,4687.38,4684.66,4684.20,-0.458,7.97,25.04,45.23,41.45,-0.21,0.80,-1.01,4686.30,4679.03,5834,6304,0.0,85.7,6,1,CROSS=EMA9<EMA21;TREND=1;STRUCT=1;VOL=1;COOL=1;EMA50=1;VWAP=1;BIAS=1,0.00,0.00,24113.39,24112.97,KZ=NY; KZR=NY L @ 4695.48 68 bars ago (low taken); EVENING 4PM-12AM IST session: stop x1.00 of usual; no partials; full size to TP5; SL steps BE->TP1->TP2->TP3
925,2026.04.24 14:05:12,2026.04.24 16:35:12,EXIT_SL,XAUUSD,M15,314,SELL,FULLTGT,EVENING,0,4679.03,4694.98,4694.98,15.95,1.00,15.95,4663.08,4647.14,4631.19,4615.24,4599.30,0.07,0.07,0.00,4695.42,0.00,-1.03,-115.23,4682.40,4683.20,4687.01,4683.54,4683.73,-0.498,7.65,23.20,44.23,59.91,-0.67,0.67,-1.34,4686.20,4677.85,3998,6151,14.3,57.1,10,1,CROSS=EMA9<EMA21;TREND=1;STRUCT=1;VOL=1;COOL=1;EMA50=1;VWAP=1;BIAS=1,0.14,-1.00,23998.41,23998.41,stopped at the initial SL (x1.00 of usual)
926,2026.04.24 14:15:00,2026.04.24 16:45:00,ENTRY,XAUUSD,M15,316,BUY,FULLTGT,EVENING,0,4697.29,4680.18,4680.18,17.11,1.00,17.11,4714.40,4731.50,4748.61,4765.71,4782.82,0.07,0.07,0.07,4697.29,0.00,0.00,0.00,4685.37,4684.48,4687.41,4682.40,4683.20,-0.343,8.55,23.25,59.84,67.44,0.53,0.62,-0.09,4686.54,4697.24,16703,6615,71.4,14.3,6,1,CROSS=EMA9>EMA21;TREND=1;STRUCT=1;VOL=1;COOL=1;EMA50=1;VWAP=1;BIAS=1,0.00,0.00,23998.16,23997.74,KZ=NY; KZR=NY L @ 4695.48 70 bars ago (low taken); EVENING 4PM-12AM IST session: stop x1.00 of usual; no partials; full size to TP5; SL steps BE->TP1->TP2->TP3
927,2026.04.24 14:27:27,2026.04.24 16:57:27,SL_MOVE,XAUUSD,M15,316,BUY,FULLTGT,EVENING,0,4697.29,4680.18,4697.29,17.11,1.00,17.11,4714.40,4731.50,4748.61,4765.71,4782.82,0.07,0.00,0.07,4697.29,1.00,0.00,0.00,4685.37,4684.48,4687.41,4682.40,4683.20,-0.343,8.55,23.25,59.84,74.14,0.53,0.62,-0.09,4686.54,4697.24,16703,6615,71.4,14.3,10,1,CROSS=EMA9>EMA21;TREND=1;STRUCT=1;VOL=1;COOL=1;EMA50=1;VWAP=1;BIAS=1,1.00,-0.28,23998.16,24118.14,stop to breakeven
928,2026.04.24 14:27:27,2026.04.24 16:57:27,TP1_REACHED,XAUUSD,M15,316,BUY,FULLTGT,EVENING,0,4697.29,4680.18,4697.29,17.11,1.00,17.11,4714.40,4731.50,4748.61,4765.71,4782.82,0.07,0.00,0.07,4714.40,1.00,1.00,0.00,4685.37,4684.48,4687.41,4682.40,4683.20,-0.343,8.55,23.25,59.84,74.14,0.53,0.62,-0.09,4686.54,4697.24,16703,6615,71.4,14.3,10,1,CROSS=EMA9>EMA21;TREND=1;STRUCT=1;VOL=1;COOL=1;EMA50=1;VWAP=1;BIAS=1,1.00,-0.28,23998.16,24118.14,full target: no partial booked
929,2026.04.24 15:46:41,2026.04.24 18:16:41,EXIT_BE,XAUUSD,M15,316,BUY,FULLTGT,EVENING,0,4697.29,4680.18,4697.29,17.11,1.00,17.11,4714.40,4731.50,4748.61,4765.71,4782.82,0.07,0.07,0.00,4697.29,0.00,0.00,-0.50,4700.88,4694.33,4691.68,4701.38,4693.88,0.279,9.51,21.81,54.17,47.57,5.84,3.24,2.60,4690.13,4698.90,9431,7875,57.1,28.6,8,1,CROSS=EMA9>EMA21;TREND=1;STRUCT=1;VOL=1;COOL=1;EMA50=1;VWAP=1;BIAS=1,1.17,-0.28,23997.91,23997.91,stopped at breakeven
930,2026.04.24 23:15:00,2026.04.25 01:45:00,SKIP,XAUUSD,M15,316,FLAT,NA,DAY,0,0.00,0.00,0.00,0.00,1.00,0.00,0.00,0.00,0.00,0.00,0.00,0.00,0.00,0.00,0.00,0.00,0.00,0.00,4717.11,4718.04,4711.44,4719.68,4719.16,0.921,7.17,20.12,39.55,23.49,0.99,3.65,-2.66,4702.50,4706.84,3665,7310,14.3,57.1,10,1,CROSS=EMA9>EMA21;TREND=1;STRUCT=1;VOL=1;COOL=1;EMA50=1;VWAP=1;BIAS=1,0.00,0.00,23997.91,23997.91,outside the killzone window
931,2026.04.27 01:00:01,2026.04.27 03:30:01,DAY_SUMMARY,XAUUSD,M15,316,FLAT,NA,DAY,0,0.00,0.00,0.00,0.00,1.00,0.00,0.00,0.00,0.00,0.00,0.00,0.00,0.00,0.00,0.00,0.00,-1.04,-121.00,4712.51,4715.47,4711.02,4713.82,4716.29,0.717,6.21,26.35,40.38,35.12,-1.17,1.76,-2.93,4702.55,4707.26,1357,5595,14.3,71.4,12,1,CROSS=EMA9>EMA21;TREND=1;STRUCT=1;VOL=1;COOL=1;EMA50=1;VWAP=1;BIAS=1,0.00,0.00,23997.91,23997.91,2026.04.24 trades=4 W=1 L=3 gross_profit=113.60 gross_loss=234.60 net=-121.00 PF=0.48
932,2026.04.27 01:00:01,2026.04.27 03:30:01,WEEK_SUMMARY,XAUUSD,M15,316,FLAT,NA,DAY,0,0.00,0.00,0.00,0.00,1.00,0.00,0.00,0.00,0.00,0.00,0.00,0.00,0.00,0.00,0.00,0.00,0.42,54.30,4712.51,4715.47,4711.02,4713.82,4716.29,0.717,6.21,26.35,40.38,35.12,-1.17,1.76,-2.93,4702.55,4707.26,1357,5595,14.3,71.4,12,1,CROSS=EMA9>EMA21;TREND=1;STRUCT=1;VOL=1;COOL=1;EMA50=1;VWAP=1;BIAS=1,0.00,0.00,23997.91,23997.91,days=4 trades=12 W=4 L=8 gross_profit=628.26 gross_loss=573.96 net=54.30 PF=1.09 pips=-1030.0
933,2026.04.27 05:30:00,2026.04.27 08:00:00,SKIP,XAUUSD,M15,316,FLAT,NA,DAY,0,0.00,0.00,0.00,0.00,1.00,0.00,0.00,0.00,0.00,0.00,0.00,0.00,0.00,0.00,0.00,0.00,0.00,0.00,4697.04,4696.49,4700.31,4694.87,4695.56,-0.458,8.34,34.85,57.79,64.00,-1.56,-5.87,4.30,4691.35,4705.76,4327,5381,85.7,0.0,12,1,CROSS=EMA9>EMA21;TREND=1;STRUCT=1;VOL=1;COOL=1;EMA50=1;VWAP=1;BIAS=1,0.00,0.00,23997.91,23997.91,already positioned that way
934,2026.04.27 11:45:00,2026.04.27 14:15:00,SKIP,XAUUSD,M15,316,FLAT,NA,DAY,0,0.00,0.00,0.00,0.00,1.00,0.00,0.00,0.00,0.00,0.00,0.00,0.00,0.00,0.00,0.00,0.00,0.00,0.00,4713.11,4713.26,4710.38,4713.42,4713.40,0.495,5.83,30.90,48.92,47.41,0.74,1.87,-1.13,4705.13,4711.89,5487,5063,28.6,71.4,8,1,CROSS=EMA9<EMA21;TREND=1;STRUCT=1;VOL=1;COOL=1;EMA50=1;VWAP=0;BIAS=1,0.00,0.00,23997.91,23997.91,quality filter
935,2026.04.28 01:30:00,2026.04.28 04:00:00,SKIP,XAUUSD,M15,316,FLAT,NA,DAY,0,0.00,0.00,0.00,0.00,1.00,0.00,0.00,0.00,0.00,0.00,0.00,0.00,0.00,0.00,0.00,0.00,0.00,0.00,4683.73,4683.23,4688.70,4682.38,4682.64,-1.210,4.52,24.13,57.62,68.95,-0.83,-2.53,1.70,4687.94,4689.12,2176,4316,71.4,0.0,5,1,CROSS=EMA9>EMA21;TREND=1;STRUCT=1;VOL=1;COOL=1;EMA50=1;VWAP=1;BIAS=1,0.00,0.00,23997.91,23997.91,already positioned that way
936,2026.04.28 05:00:00,2026.04.28 07:30:00,ENTRY,XAUUSD,M15,318,SELL,FULLTGT,DAY,0,4670.71,4680.84,4680.84,10.13,1.00,10.13,4660.58,4650.46,4640.33,4630.20,4620.08,0.11,0.11,0.11,4670.71,0.00,0.00,0.00,4685.98,4686.97,4688.87,4689.80,4688.59,-0.375,5.06,32.34,30.77,24.46,-0.30,1.81,-2.11,4688.06,4670.71,9373,3481,0.0,100.0,5,1,CROSS=EMA9<EMA21;TREND=1;STRUCT=1;VOL=1;COOL=1;EMA50=1;VWAP=1;BIAS=1,0.00,0.00,23997.52,23996.97,KZ=ASIA; KZR=NY L @ 4677.84 107 bars ago (low taken); DAY 12AM-4PM IST session: stop x1.00 of usual; no partials; full size to TP5; SL steps BE->TP1->TP2->TP3
937,2026.04.28 08:06:15,2026.04.28 10:36:15,SL_MOVE,XAUUSD,M15,318,SELL,FULLTGT,DAY,0,4670.71,4680.84,4670.71,10.13,1.00,10.13,4660.58,4650.46,4640.33,4630.20,4620.08,0.11,0.00,0.11,4670.71,1.00,0.00,0.00,4671.12,4675.98,4682.16,4671.97,4676.81,-1.061,5.82,38.21,36.55,30.96,-4.79,-4.18,-0.61,4680.98,4667.72,2146,4782,0.0,85.7,17,1,CROSS=EMA9<EMA21;TREND=1;STRUCT=1;VOL=1;COOL=1;EMA50=1;VWAP=1;BIAS=1,0.91,-0.90,23997.52,24114.12,stop to breakeven
938,2026.04.28 08:06:15,2026.04.28 10:36:15,TP1_REACHED,XAUUSD,M15,318,SELL,FULLTGT,DAY,0,4670.71,4680.84,4670.71,10.13,1.00,10.13,4660.58,4650.46,4640.33,4630.20,4620.08,0.11,0.00,0.11,4660.58,1.00,1.00,0.00,4671.12,4675.98,4682.16,4671.97,4676.81,-1.061,5.82,38.21,36.55,30.96,-4.79,-4.18,-0.61,4680.98,4667.72,2146,4782,0.0,85.7,17,1,CROSS=EMA9<EMA21;TREND=1;STRUCT=1;VOL=1;COOL=1;EMA50=1;VWAP=1;BIAS=1,0.91,-0.90,23997.52,24114.12,full target: no partial booked
939,2026.04.28 08:06:20,2026.04.28 10:36:20,SL_MOVE,XAUUSD,M15,318,SELL,FULLTGT,DAY,0,4670.71,4680.84,4660.58,10.13,1.00,10.13,4660.58,4650.46,4640.33,4630.20,4620.08,0.11,0.00,0.11,4660.58,2.00,0.00,0.00,4671.12,4675.98,4682.16,4671.97,4676.81,-1.061,5.82,38.21,36.55,30.96,-4.79,-4.18,-0.61,4680.98,4667.72,2146,4782,0.0,85.7,200,1,CROSS=EMA9<EMA21;TREND=1;STRUCT=1;VOL=1;COOL=1;EMA50=1;VWAP=1;BIAS=1,1.91,-0.90,23997.52,24222.58,stop trailed to TP1
940,2026.04.28 08:06:20,2026.04.28 10:36:20,TP2_REACHED,XAUUSD,M15,318,SELL,FULLTGT,DAY,0,4670.71,4680.84,4660.58,10.13,1.00,10.13,4660.58,4650.46,4640.33,4630.20,4620.08,0.11,0.00,0.11,4650.46,2.00,2.00,0.00,4671.12,4675.98,4682.16,4671.97,4676.81,-1.061,5.82,38.21,36.55,30.96,-4.79,-4.18,-0.61,4680.98,4667.72,2146,4782,0.0,85.7,200,1,CROSS=EMA9<EMA21;TREND=1;STRUCT=1;VOL=1;COOL=1;EMA50=1;VWAP=1;BIAS=1,1.91,-0.90,23997.52,24222.58,full target: no partial booked
941,2026.04.28 08:36:08,2026.04.28 11:06:08,SL_MOVE,XAUUSD,M15,318,SELL,FULLTGT,DAY,0,4670.71,4680.84,4650.46,10.13,1.00,10.13,4660.58,4650.46,4640.33,4630.20,4620.08,0.11,0.00,0.11,4650.46,3.00,0.00,0.00,4665.57,4672.43,4680.10,4667.38,4673.84,-1.169,6.56,44.53,33.93,23.41,-6.48,-4.77,-1.70,4678.59,4658.36,4427,5006,0.0,85.7,12,1,CROSS=EMA9<EMA21;TREND=1;STRUCT=1;VOL=1;COOL=1;EMA50=1;VWAP=1;BIAS=1,2.99,-0.90,23997.52,24333.79,stop trailed to TP2
942,2026.04.28 08:36:08,2026.04.28 11:06:08,TP3_REACHED,XAUUSD,M15,318,SELL,FULLTGT,DAY,0,4670.71,4680.84,4650.46,10.13,1.00,10.13,4660.58,4650.46,4640.33,4630.20,4620.08,0.11,0.00,0.11,4640.33,3.00,3.00,0.00,4665.57,4672.43,4680.10,4667.38,4673.84,-1.169,6.56,44.53,33.93,23.41,-6.48,-4.77,-1.70,4678.59,4658.36,4427,5006,0.0,85.7,12,1,CROSS=EMA9<EMA21;TREND=1;STRUCT=1;VOL=1;COOL=1;EMA50=1;VWAP=1;BIAS=1,2.99,-0.90,23997.52,24333.79,full target: no partial booked
943,2026.04.28 08:40:08,2026.04.28 11:10:08,SL_MOVE,XAUUSD,M15,318,SELL,FULLTGT,DAY,0,4670.71,4680.84,4640.33,10.13,1.00,10.13,4660.58,4650.46,4640.33,4630.20,4620.08,0.11,0.00,0.11,4640.33,4.00,0.00,0.00,4665.57,4672.43,4680.10,4667.38,4673.84,-1.169,6.56,44.53,33.93,19.96,-6.48,-4.77,-1.70,4678.59,4658.36,4427,5006,0.0,85.7,12,1,CROSS=EMA9<EMA21;TREND=1;STRUCT=1;VOL=1;COOL=1;EMA50=1;VWAP=1;BIAS=1,3.99,-0.90,23997.52,24444.89,stop trailed to TP3
944,2026.04.28 08:40:08,2026.04.28 11:10:08,TP4_REACHED,XAUUSD,M15,318,SELL,FULLTGT,DAY,0,4670.71,4680.84,4640.33,10.13,1.00,10.13,4660.58,4650.46,4640.33,4630.20,4620.08,0.11,0.00,0.11,4630.20,4.00,4.00,0.00,4665.57,4672.43,4680.10,4667.38,4673.84,-1.169,6.56,44.53,33.93,19.96,-6.48,-4.77,-1.70,4678.59,4658.36,4427,5006,0.0,85.7,12,1,CROSS=EMA9<EMA21;TREND=1;STRUCT=1;VOL=1;COOL=1;EMA50=1;VWAP=1;BIAS=1,3.99,-0.90,23997.52,24444.89,full target: no partial booked
945,2026.04.28 09:07:32,2026.04.28 11:37:32,EXIT_TRAIL_SL,XAUUSD,M15,318,SELL,FULLTGT,DAY,0,4670.71,4680.84,4640.33,10.13,1.00,10.13,4660.58,4650.46,4640.33,4630.20,4620.08,0.11,0.11,0.00,4640.35,0.00,3.00,333.18,4652.37,4664.84,4676.14,4657.43,4668.11,-1.384,8.17,51.67,27.16,29.27,-11.04,-6.19,-4.85,4670.96,4632.12,10692,5928,14.3,85.7,7,1,CROSS=EMA9<EMA21;TREND=1;STRUCT=1;VOL=1;COOL=1;EMA50=1;VWAP=1;BIAS=1,4.62,-0.90,24331.09,24331.09,stopped at a trailed level
946,2026.04.28 20:30:00,2026.04.28 23:00:00,SKIP,XAUUSD,M15,318,FLAT,NA,EVENING,0,0.00,0.00,0.00,0.00,1.00,0.00,0.00,0.00,0.00,0.00,0.00,0.00,0.00,0.00,0.00,0.00,0.00,0.00,4587.15,4586.95,4604.65,4585.51,4586.28,-1.288,13.74,21.92,53.03,60.23,-3.32,-8.03,4.71,4611.42,4593.70,7478,13306,57.1,14.3,11,1,CROSS=EMA9<EMA21;TREND=1;STRUCT=1;VOL=1;COOL=1;EMA50=1;VWAP=1;BIAS=1,0.00,0.00,24331.09,24331.09,outside the killzone window
947,2026.04.29 01:00:01,2026.04.29 03:30:01,DAY_SUMMARY,XAUUSD,M15,318,FLAT,NA,DAY,0,0.00,0.00,0.00,0.00,1.00,0.00,0.00,0.00,0.00,0.00,0.00,0.00,0.00,0.00,0.00,0.00,3.00,333.18,4595.39,4593.66,4601.03,4594.93,4593.30,-1.176,6.27,19.07,53.77,56.04,1.14,1.15,-0.01,4610.20,4597.20,1250,5229,42.9,28.6,12,1,CROSS=EMA9<EMA21;TREND=1;STRUCT=1;VOL=1;COOL=1;EMA50=1;VWAP=1;BIAS=1,0.00,0.00,24331.09,24331.09,2026.04.28 trades=1 W=1 L=0 gross_profit=333.18 gross_loss=0.00 net=333.18 PF=0.00
948,2026.04.29 02:45:00,2026.04.29 05:15:00,SKIP,XAUUSD,M15,318,FLAT,NA,DAY,0,0.00,0.00,0.00,0.00,1.00,0.00,0.00,0.00,0.00,0.00,0.00,0.00,0.00,0.00,0.00,0.00,0.00,0.00,4593.07,4593.31,4599.11,4593.84,4593.65,-1.159,5.00,24.55,44.85,38.96,-0.10,0.75,-0.85,4594.01,4589.96,1431,3128,0.0,71.4,12,1,CROSS=EMA9<EMA21;TREND=1;STRUCT=1;VOL=1;COOL=1;EMA50=1;VWAP=1;BIAS=1,0.00,0.00,24331.09,24331.09,already positioned that way
949,2026.04.29 03:00:00,2026.04.29 05:30:00,ENTRY,XAUUSD,M15,320,BUY,FULLTGT,DAY,0,4595.78,4585.82,4585.82,9.96,1.00,9.96,4605.74,4615.69,4625.65,4635.60,4645.56,0.12,0.12,0.12,4595.78,0.00,0.00,0.00,4593.60,4593.53,4598.98,4593.07,4593.31,-1.094,4.98,24.14,52.71,56.98,0.10,0.65,-0.55,4593.95,4595.73,1738,2913,57.1,14.3,5,1,CROSS=EMA9>EMA21;TREND=1;STRUCT=1;VOL=1;COOL=1;EMA50=1;VWAP=1;BIAS=1,0.00,0.00,24330.67,24330.07,KZ=ASIA; KZR=London L @ 4614.70 58 bars ago (low taken); DAY 12AM-4PM IST session: stop x1.00 of usual; no partials; full size to TP5; SL steps BE->TP1->TP2->TP3
950,2026.04.29 03:04:02,2026.04.29 05:34:02,SL_MOVE,XAUUSD,M15,320,BUY,FULLTGT,DAY,0,4595.78,4585.82,4595.78,9.96,1.00,9.96,4605.74,4615.69,4625.65,4635.60,4645.56,0.12,0.00,0.12,4595.78,1.00,0.00,0.00,4593.60,4593.53,4598.98,4593.07,4593.31,-1.094,4.98,24.14,52.71,56.98,0.10,0.65,-0.55,4593.95,4595.73,1738,2913,57.1,14.3,10,1,CROSS=EMA9>EMA21;TREND=1;STRUCT=1;VOL=1;COOL=1;EMA50=1;VWAP=1;BIAS=1,0.98,-0.10,24330.67,24451.63,stop to breakeven
951,2026.04.29 03:04:02,2026.04.29 05:34:02,TP1_REACHED,XAUUSD,M15,320,BUY,FULLTGT,DAY,0,4595.78,4585.82,4595.78,9.96,1.00,9.96,4605.74,4615.69,4625.65,4635.60,4645.56,0.12,0.00,0.12,4605.74,1.00,1.00,0.00,4593.60,4593.53,4598.98,4593.07,4593.31,-1.094,4.98,24.14,52.71,56.98,0.10,0.65,-0.55,4593.95,4595.73,1738,2913,57.1,14.3,10,1,CROSS=EMA9>EMA21;TREND=1;STRUCT=1;VOL=1;COOL=1;EMA50=1;VWAP=1;BIAS=1,0.98,-0.10,24330.67,24451.63,full target: no partial booked
952,2026.04.29 04:00:51,2026.04.29 06:30:51,EXIT_BE,XAUUSD,M15,320,BUY,FULLTGT,DAY,0,4595.78,4585.82,4595.78,9.96,1.00,9.96,4605.74,4615.69,4625.65,4635.60,4645.56,0.12,0.12,0.00,4595.54,0.00,-0.02,-3.72,4598.83,4596.45,4599.55,4598.46,4596.06,-0.548,5.66,19.19,54.39,53.23,1.99,0.89,1.10,4598.92,4600.33,3580,2592,71.4,14.3,9,1,CROSS=EMA9>EMA21;TREND=1;STRUCT=1;VOL=1;COOL=1;EMA50=1;VWAP=1;BIAS=1,1.46,-0.10,24327.37,24327.37,stopped at breakeven
953,2026.04.29 04:30:00,2026.04.29 07:00:00,ENTRY,XAUUSD,M15,322,SELL,FULLTGT,DAY,0,4580.43,4593.79,4593.79,13.36,1.00,13.36,4567.07,4553.72,4540.36,4527.00,4513.64,0.09,0.09,0.09,4580.43,0.00,0.00,0.00,4592.52,4593.83,4598.15,4595.55,4595.17,-0.648,6.68,22.46,38.61,33.76,-0.66,0.74,-1.41,4593.15,4580.43,6490,3117,0.0,85.7,23,1,CROSS=EMA9<EMA21;TREND=1;STRUCT=1;VOL=1;COOL=1;EMA50=1;VWAP=1;BIAS=1,0.00,0.00,24327.05,24324.98,KZ=ASIA; KZR=London L @ 4614.70 64 bars ago (low taken); DAY 12AM-4PM IST session: stop x1.00 of usual; no partials; full size to TP5; SL steps BE->TP1->TP2->TP3
954,2026.04.29 05:01:18,2026.04.29 07:31:18,EXIT_SL,XAUUSD,M15,322,SELL,FULLTGT,DAY,0,4580.43,4593.79,4593.79,13.36,1.00,13.36,4567.07,4553.72,4540.36,4527.00,4513.64,0.09,0.09,0.00,4593.80,0.00,-1.00,-120.97,4590.69,4592.75,4597.35,4592.14,4593.53,-0.621,7.41,19.71,43.71,43.89,-1.40,0.48,-1.89,4591.59,4584.89,4884,3236,0.0,85.7,12,1,CROSS=EMA9<EMA21;TREND=1;STRUCT=1;VOL=1;COOL=1;EMA50=1;VWAP=1;BIAS=1,0.10,-1.00,24206.40,24206.40,stopped at the initial SL (x1.00 of usual)
955,2026.04.29 05:30:00,2026.04.29 08:00:00,ENTRY,XAUUSD,M15,324,BUY,FULLTGT,DAY,0,4599.37,4583.23,4583.23,16.14,1.00,16.14,4615.51,4631.66,4647.80,4663.95,4680.09,0.07,0.07,0.07,4599.37,0.00,0.00,0.00,4594.04,4594.02,4597.56,4592.74,4593.49,-0.439,8.07,20.08,53.60,57.18,-0.02,0.27,-0.30,4592.67,4599.26,4872,3538,57.1,28.6,11,1,CROSS=EMA9>EMA21;TREND=1;STRUCT=1;VOL=1;COOL=1;EMA50=1;VWAP=1;BIAS=1,0.00,0.00,24206.15,24205.38,KZ=ASIA; KZR=London L @ 4614.70 68 bars ago (low taken); DAY 12AM-4PM IST session: stop x1.00 of usual; no partials; full size to TP5; SL steps BE->TP1->TP2->TP3
956,2026.04.29 09:15:00,2026.04.29 11:45:00,FLIP,XAUUSD,M15,324,BUY,FULLTGT,DAY,0,4599.37,4583.23,4583.23,16.14,1.00,16.14,4615.51,4631.66,4647.80,4663.95,4680.09,0.07,0.00,0.00,4588.51,0.00,-0.67,0.00,4596.29,4596.72,4597.71,4598.23,4597.54,-0.113,8.83,20.14,42.26,36.18,0.17,1.46,-1.29,4594.83,4588.52,7590,4194,0.0,85.7,11,1,CROSS=EMA9<EMA21;TREND=1;STRUCT=1;VOL=1;COOL=1;EMA50=1;VWAP=1;BIAS=1,0.52,-0.75,24206.15,24130.13,opposite signal before SL/target | BUY -> SELL | closing trade 324
957,2026.04.29 09:15:00,2026.04.29 11:45:00,EXIT_FLIP,XAUUSD,M15,324,BUY,FULLTGT,DAY,0,4599.37,4583.23,4583.23,16.14,1.00,16.14,4615.51,4631.66,4647.80,4663.95,4680.09,0.07,0.07,0.00,4588.51,0.00,-0.67,0.00,4596.29,4596.72,4597.71,4598.23,4597.54,-0.113,8.83,20.14,42.26,36.18,0.17,1.46,-1.29,4594.83,4588.52,7590,4194,0.0,85.7,11,1,CROSS=EMA9<EMA21;TREND=1;STRUCT=1;VOL=1;COOL=1;EMA50=1;VWAP=1;BIAS=1,0.52,-0.75,24129.88,24129.88,FLIP exit
958,2026.04.29 09:15:00,2026.04.29 11:45:00,EXIT_OTHER,XAUUSD,M15,324,BUY,FULLTGT,DAY,0,4599.37,4583.23,4583.23,16.14,1.00,16.14,4615.51,4631.66,4647.80,4663.95,4680.09,0.07,0.07,0.00,4588.51,0.00,-0.67,-76.52,4596.29,4596.72,4597.71,4598.23,4597.54,-0.113,8.83,20.14,42.26,36.18,0.17,1.46,-1.29,4594.83,4588.52,7590,4194,0.0,85.7,11,1,CROSS=EMA9<EMA21;TREND=1;STRUCT=1;VOL=1;COOL=1;EMA50=1;VWAP=1;BIAS=1,0.52,-0.75,24129.88,24129.88,FLIP exit
959,2026.04.29 09:15:00,2026.04.29 11:45:00,ENTRY,XAUUSD,M15,326,SELL,FULLTGT,DAY,324,4588.51,4606.17,4606.17,17.66,1.00,17.66,4570.85,4553.19,4535.54,4517.88,4500.22,0.06,0.06,0.06,4588.51,0.00,0.00,0.00,4596.29,4596.72,4597.71,4598.23,4597.54,-0.113,8.83,20.14,42.26,36.18,0.17,1.46,-1.29,4594.83,4588.52,7590,4194,0.0,85.7,11,1,CROSS=EMA9<EMA21;TREND=1;STRUCT=1;VOL=1;COOL=1;EMA50=1;VWAP=1;BIAS=1,0.00,0.00,24129.67,24129.01,KZ=LONDON; KZR=London L @ 4614.70 83 bars ago (low taken); DAY 12AM-4PM IST session: stop x1.00 of usual; no partials; full size to TP5; SL steps BE->TP1->TP2->TP3; flipped from trade 324
960,2026.04.29 10:26:43,2026.04.29 12:56:43,SL_MOVE,XAUUSD,M15,326,SELL,FULLTGT,DAY,324,4588.51,4606.17,4588.51,17.66,1.00,17.66,4570.85,4553.19,4535.54,4517.88,4500.22,0.06,0.00,0.06,4588.51,1.00,0.00,0.00,4588.31,4592.40,4595.57,4590.70,4593.77,-0.412,7.69,31.16,34.67,28.96,-3.01,-0.03,-2.97,4592.69,4578.73,8914,4314,0.0,100.0,11,1,CROSS=EMA9<EMA21;TREND=1;STRUCT=1;VOL=1;COOL=1;EMA50=1;VWAP=1;BIAS=1,1.00,-0.05,24129.67,24235.63,stop to breakeven
961,2026.04.29 10:26:43,2026.04.29 12:56:43,TP1_REACHED,XAUUSD,M15,326,SELL,FULLTGT,DAY,324,4588.51,4606.17,4588.51,17.66,1.00,17.66,4570.85,4553.19,4535.54,4517.88,4500.22,0.06,0.00,0.06,4570.85,1.00,1.00,0.00,4588.31,4592.40,4595.57,4590.70,4593.77,-0.412,7.69,31.16,34.67,28.96,-3.01,-0.03,-2.97,4592.69,4578.73,8914,4314,0.0,100.0,11,1,CROSS=EMA9<EMA21;TREND=1;STRUCT=1;VOL=1;COOL=1;EMA50=1;VWAP=1;BIAS=1,1.00,-0.05,24129.67,24235.63,full target: no partial booked
962,2026.04.29 12:50:23,2026.04.29 15:20:23,SL_MOVE,XAUUSD,M15,326,SELL,FULLTGT,DAY,324,4588.51,4606.17,4570.85,17.66,1.00,17.66,4570.85,4553.19,4535.54,4517.88,4500.22,0.06,0.00,0.06,4570.85,2.00,0.00,0.00,4569.40,4577.38,4586.58,4571.97,4579.22,-1.102,8.35,40.92,28.61,35.70,-7.89,-6.98,-0.91,4584.56,4559.08,8748,6614,0.0,100.0,11,1,CROSS=EMA9<EMA21;TREND=1;STRUCT=1;VOL=1;COOL=1;EMA50=1;VWAP=1;BIAS=1,1.96,-0.05,24129.67,24342.07,stop trailed to TP1
963,2026.04.29 12:50:23,2026.04.29 15:20:23,TP2_REACHED,XAUUSD,M15,326,SELL,FULLTGT,DAY,324,4588.51,4606.17,4570.85,17.66,1.00,17.66,4570.85,4553.19,4535.54,4517.88,4500.22,0.06,0.00,0.06,4553.19,2.00,2.00,0.00,4569.40,4577.38,4586.58,4571.97,4579.22,-1.102,8.35,40.92,28.61,35.70,-7.89,-6.98,-0.91,4584.56,4559.08,8748,6614,0.0,100.0,11,1,CROSS=EMA9<EMA21;TREND=1;STRUCT=1;VOL=1;COOL=1;EMA50=1;VWAP=1;BIAS=1,1.96,-0.05,24129.67,24342.07,full target: no partial booked
964,2026.04.29 13:15:39,2026.04.29 15:45:39,EXIT_TRAIL_SL,XAUUSD,M15,326,SELL,FULLTGT,DAY,324,4588.51,4606.17,4570.85,17.66,1.00,17.66,4570.85,4553.19,4535.54,4517.88,4500.22,0.06,0.06,0.00,4570.86,0.00,1.00,105.48,4566.93,4574.74,4584.69,4566.65,4575.41,-1.089,9.14,39.19,41.63,50.22,-8.05,-7.59,-0.45,4582.86,4568.06,7343,7205,42.9,57.1,11,1,CROSS=EMA9<EMA21;TREND=1;STRUCT=1;VOL=1;COOL=1;EMA50=1;VWAP=1;BIAS=1,2.09,-0.05,24235.36,24235.36,stopped at a trailed level
965,2026.04.30 01:00:00,2026.04.30 03:30:00,DAY_SUMMARY,XAUUSD,M15,326,FLAT,NA,DAY,324,0.00,0.00,0.00,0.00,1.00,0.00,0.00,0.00,0.00,0.00,0.00,0.00,0.00,0.00,0.00,0.00,-0.70,-95.73,4542.98,4543.52,4551.65,4542.85,4543.52,-0.687,11.82,16.26,49.16,50.33,-1.71,-3.29,1.58,4557.56,4543.48,4130,11541,28.6,42.9,12,1,CROSS=EMA9<EMA21;TREND=1;STRUCT=1;VOL=1;COOL=1;EMA50=1;VWAP=1;BIAS=1,0.00,0.00,24235.36,24235.36,2026.04.29 trades=4 W=1 L=3 gross_profit=105.48 gross_loss=201.21 net=-95.73 PF=0.52
966,2026.04.30 01:30:00,2026.04.30 04:00:00,ENTRY,XAUUSD,M15,328,BUY,FULLTGT,DAY,0,4549.27,4527.59,4527.59,21.68,1.00,21.68,4570.95,4592.63,4614.30,4635.98,4657.66,0.05,0.05,0.05,4549.27,0.00,0.00,0.00,4544.77,4544.27,4551.35,4543.65,4543.78,-0.653,10.84,16.61,52.89,57.13,-0.73,-2.36,1.63,4546.49,4549.21,2920,10798,71.4,0.0,6,1,CROSS=EMA9>EMA21;TREND=1;STRUCT=1;VOL=1;COOL=1;EMA50=1;VWAP=1;BIAS=1,0.00,0.00,24235.18,24234.88,KZ=ASIA; KZR=NY L @ 4554.79 50 bars ago (low taken); DAY 12AM-4PM IST session: stop x1.00 of usual; no partials; full size to TP5; SL steps BE->TP1->TP2->TP3
967,2026.04.30 03:46:29,2026.04.30 06:16:29,SL_MOVE,XAUUSD,M15,328,BUY,FULLTGT,DAY,0,4549.27,4527.59,4549.27,21.68,1.00,21.68,4570.95,4592.63,4614.30,4635.98,4657.66,0.05,0.00,0.05,4549.27,1.00,0.00,0.00,4557.84,4552.26,4553.16,4555.55,4550.78,-0.106,8.53,48.65,63.49,70.15,4.40,1.87,2.53,4557.02,4567.03,5140,6737,85.7,0.0,12,1,CROSS=EMA9>EMA21;TREND=1;STRUCT=1;VOL=1;COOL=1;EMA50=1;VWAP=1;BIAS=1,1.00,-0.08,24235.18,24343.63,stop to breakeven
968,2026.04.30 03:46:29,2026.04.30 06:16:29,TP1_REACHED,XAUUSD,M15,328,BUY,FULLTGT,DAY,0,4549.27,4527.59,4549.27,21.68,1.00,21.68,4570.95,4592.63,4614.30,4635.98,4657.66,0.05,0.00,0.05,4570.95,1.00,1.00,0.00,4557.84,4552.26,4553.16,4555.55,4550.78,-0.106,8.53,48.65,63.49,70.15,4.40,1.87,2.53,4557.02,4567.03,5140,6737,85.7,0.0,12,1,CROSS=EMA9>EMA21;TREND=1;STRUCT=1;VOL=1;COOL=1;EMA50=1;VWAP=1;BIAS=1,1.00,-0.08,24235.18,24343.63,full target: no partial booked
969,2026.04.30 07:27:13,2026.04.30 09:57:13,EXIT_BE,XAUUSD,M15,328,BUY,FULLTGT,DAY,0,4549.27,4527.59,4549.27,21.68,1.00,21.68,4570.95,4592.63,4614.30,4635.98,4657.66,0.05,0.05,0.00,4548.74,0.00,-0.02,-3.01,4562.42,4562.20,4559.20,4564.17,4562.88,0.404,7.42,35.39,44.41,28.97,1.93,5.42,-3.49,4565.06,4555.40,5143,5456,14.3,71.4,6,1,CROSS=EMA9>EMA21;TREND=1;STRUCT=1;VOL=1;COOL=1;EMA50=1;VWAP=1;BIAS=1,1.53,-0.08,24232.35,24232.35,stopped at breakeven
970,2026.04.30 07:30:00,2026.04.30 10:00:00,SKIP,XAUUSD,M15,328,FLAT,NA,DAY,0,0.00,0.00,0.00,0.00,1.00,0.00,0.00,0.00,0.00,0.00,0.00,0.00,0.00,0.00,0.00,0.00,0.00,0.00,4559.38,4560.84,4558.73,4562.42,4562.20,0.271,7.79,37.35,38.19,25.95,0.52,4.54,-4.02,4564.47,4547.22,5038,5621,0.0,85.7,12,1,CROSS=EMA9>EMA21;TREND=1;STRUCT=1;VOL=1;COOL=1;EMA50=1;VWAP=1;BIAS=1,0.00,0.00,24232.35,24232.35,outside the killzone window
971,2026.04.30 09:15:00,2026.04.30 11:45:00,SKIP,XAUUSD,M15,328,FLAT,NA,DAY,0,0.00,0.00,0.00,0.00,1.00,0.00,0.00,0.00,0.00,0.00,0.00,0.00,0.00,0.00,0.00,0.00,0.00,0.00,4559.11,4559.02,4558.11,4557.31,4558.29,0.108,8.42,28.51,56.75,61.33,0.22,-0.63,0.85,4562.47,4566.29,7918,5610,100.0,0.0,11,1,CROSS=EMA9>EMA21;TREND=1;STRUCT=1;VOL=1;COOL=1;EMA50=1;VWAP=1;BIAS=1,0.00,0.00,24232.35,24232.35,already positioned that way
972,2026.04.30 18:45:00,2026.04.30 21:15:00,SKIP,XAUUSD,M15,328,FLAT,NA,EVENING,0,0.00,0.00,0.00,0.00,1.00,0.00,0.00,0.00,0.00,0.00,0.00,0.00,0.00,0.00,0.00,0.00,0.00,0.00,4621.32,4621.90,4608.47,4622.73,4622.52,1.220,11.00,36.80,47.14,42.20,2.17,5.30,-3.12,4601.87,4615.66,9932,10717,14.3,71.4,8,1,CROSS=EMA9>EMA21;TREND=1;STRUCT=1;VOL=1;COOL=1;EMA50=1;VWAP=1;BIAS=1,0.00,0.00,24232.35,24232.35,outside the killzone window
973,2026.04.30 22:00:00,2026.05.01 00:30:00,SKIP,XAUUSD,M15,328,FLAT,NA,DAY,0,0.00,0.00,0.00,0.00,1.00,0.00,0.00,0.00,0.00,0.00,0.00,0.00,0.00,0.00,0.00,0.00,0.00,0.00,4619.03,4618.59,4611.69,4618.16,4618.19,0.794,8.69,27.87,55.34,56.15,0.56,-0.64,1.21,4603.77,4622.54,4775,8404,85.7,0.0,5,1,CROSS=EMA9>EMA21;TREND=1;STRUCT=1;VOL=1;COOL=1;EMA50=1;VWAP=1;BIAS=1,0.00,0.00,24232.35,24232.35,outside the killzone window
974,2026.04.30 23:30:00,2026.05.01 02:00:00,SKIP,XAUUSD,M15,328,FLAT,NA,DAY,0,0.00,0.00,0.00,0.00,1.00,0.00,0.00,0.00,0.00,0.00,0.00,0.00,0.00,0.00,0.00,0.00,0.00,0.00,4618.48,4618.65,4613.24,4618.92,4618.85,0.751,7.21,17.50,48.16,44.07,0.18,0.52,-0.34,4604.60,4616.73,3095,6355,14.3,57.1,10,1,CROSS=EMA9>EMA21;TREND=1;STRUCT=1;VOL=1;COOL=1;EMA50=1;VWAP=1;BIAS=1,0.00,0.00,24232.35,24232.35,outside the killzone window
975,2026.05.01 01:00:01,2026.05.01 03:30:01,DAY_SUMMARY,XAUUSD,M15,328,FLAT,NA,DAY,0,0.00,0.00,0.00,0.00,1.00,0.00,0.00,0.00,0.00,0.00,0.00,0.00,0.00,0.00,0.00,0.00,-0.02,-3.01,4618.94,4618.82,4613.73,4618.24,4618.53,0.770,6.62,17.85,54.01,57.38,0.33,0.54,-0.21,4604.71,4621.76,2159,5781,57.1,14.3,12,1,CROSS=EMA9>EMA21;TREND=1;STRUCT=1;VOL=1;COOL=1;EMA50=1;VWAP=1;BIAS=1,0.00,0.00,24232.35,24232.35,2026.04.30 trades=1 W=0 L=1 gross_profit=0.00 gross_loss=3.01 net=-3.01 PF=0.00
976,2026.05.01 01:00:01,2026.05.01 03:30:01,MONTH_SUMMARY,XAUUSD,M15,328,FLAT,NA,DAY,0,0.00,0.00,0.00,0.00,1.00,0.00,0.00,0.00,0.00,0.00,0.00,0.00,0.00,0.00,0.00,0.00,4.44,423.73,4618.94,4618.82,4613.73,4618.24,4618.53,0.770,6.62,17.85,54.01,57.38,0.33,0.54,-0.21,4604.71,4621.76,2159,5781,57.1,14.3,12,1,CROSS=EMA9>EMA21;TREND=1;STRUCT=1;VOL=1;COOL=1;EMA50=1;VWAP=1;BIAS=1,0.00,0.00,24232.35,24232.35,days=17 trades=43 W=12 L=31 gross_profit=2415.14 gross_loss=1991.41 net=423.73 PF=1.21 pips=3894.0
977,2026.05.01 01:00:01,2026.05.01 03:30:01,SKIP,XAUUSD,M15,328,FLAT,NA,DAY,0,0.00,0.00,0.00,0.00,1.00,0.00,0.00,0.00,0.00,0.00,0.00,0.00,0.00,0.00,0.00,0.00,0.00,0.00,4618.94,4618.82,4613.73,4618.24,4618.53,0.770,6.62,17.85,54.01,57.38,0.33,0.54,-0.21,4604.71,4621.76,2159,5781,57.1,14.3,12,1,CROSS=EMA9>EMA21;TREND=1;STRUCT=1;VOL=1;COOL=1;EMA50=1;VWAP=1;BIAS=1,0.00,0.00,24232.35,24232.35,already positioned that way
978,2026.05.01 04:15:00,2026.05.01 06:45:00,ENTRY,XAUUSD,M15,330,SELL,FULLTGT,DAY,0,4618.45,4630.34,4630.34,11.89,1.00,11.89,4606.56,4594.68,4582.79,4570.90,4559.02,0.10,0.10,0.10,4618.45,0.00,0.00,0.00,4623.03,4623.41,4618.80,4624.18,4623.91,0.775,5.94,27.92,43.24,37.31,0.50,2.35,-1.86,4625.96,4618.44,4491,3841,0.0,100.0,5,1,CROSS=EMA9<EMA21;TREND=1;STRUCT=1;VOL=1;COOL=1;EMA50=1;VWAP=1;BIAS=1,0.00,0.00,24232.00,24231.50,KZ=ASIA; KZR=Asia L @ 4549.70 83 bars ago (low taken); DAY 12AM-4PM IST session: stop x1.00 of usual; no partials; full size to TP5; SL steps BE->TP1->TP2->TP3
979,2026.05.01 05:10:56,2026.05.01 07:40:56,EXIT_SL,XAUUSD,M15,330,SELL,FULLTGT,DAY,0,4618.45,4630.34,4630.34,11.89,1.00,11.89,4606.56,4594.68,4582.79,4570.90,4559.02,0.10,0.10,0.00,4630.34,0.00,-1.00,-119.60,4621.31,4622.39,4618.85,4621.39,4622.53,0.628,5.64,29.63,48.13,59.80,-0.35,1.15,-1.50,4624.59,4620.98,3073,3423,14.3,71.4,12,1,CROSS=EMA9<EMA21;TREND=1;STRUCT=1;VOL=1;COOL=1;EMA50=1;VWAP=1;BIAS=1,0.37,-1.00,24112.75,24112.75,stopped at the initial SL (x1.00 of usual)
980,2026.05.01 05:15:00,2026.05.01 07:45:00,ENTRY,XAUUSD,M15,332,BUY,FULLTGT,DAY,0,4631.10,4619.25,4619.25,11.85,1.00,11.85,4642.95,4654.80,4666.65,4678.51,4690.36,0.10,0.10,0.10,4631.10,0.00,0.00,0.00,4623.24,4623.17,4619.33,4621.31,4622.39,0.649,5.93,27.37,60.43,66.83,0.40,0.84,-0.44,4624.83,4630.98,3507,3294,85.7,14.3,12,1,CROSS=EMA9>EMA21;TREND=1;STRUCT=1;VOL=1;COOL=1;EMA50=1;VWAP=1;BIAS=1,0.00,0.00,24112.40,24111.20,KZ=ASIA; KZR=Asia L @ 4549.70 87 bars ago (low taken); DAY 12AM-4PM IST session: stop x1.00 of usual; no partials; full size to TP5; SL steps BE->TP1->TP2->TP3
981,2026.05.01 05:52:45,2026.05.01 08:22:45,EXIT_SL,XAUUSD,M15,332,BUY,FULLTGT,DAY,0,4631.10,4619.25,4619.25,11.85,1.00,11.85,4642.95,4654.80,4666.65,4678.51,4690.36,0.10,0.10,0.00,4619.25,0.00,-1.00,-119.20,4624.47,4623.80,4619.91,4624.51,4623.75,0.625,6.24,23.58,51.20,43.08,0.81,0.50,0.31,4625.28,4624.32,3443,3325,42.9,42.9,10,1,CROSS=EMA9>EMA21;TREND=1;STRUCT=1;VOL=1;COOL=1;EMA50=1;VWAP=1;BIAS=1,0.42,-1.00,23993.55,23993.55,stopped at the initial SL (x1.00 of usual)
982,2026.05.01 06:15:00,2026.05.01 08:45:00,ENTRY,XAUUSD,M15,334,SELL,FULLTGT,DAY,0,4620.70,4633.47,4633.47,12.77,1.00,12.77,4607.93,4595.17,4582.40,4569.64,4556.87,0.09,0.09,0.09,4620.70,0.00,0.00,0.00,4622.86,4623.14,4619.91,4623.40,4623.38,0.506,6.38,25.38,47.27,44.65,0.10,0.26,-0.16,4624.77,4620.70,2647,3365,0.0,85.7,5,1,CROSS=EMA9<EMA21;TREND=1;STRUCT=1;VOL=1;COOL=1;EMA50=1;VWAP=1;BIAS=1,0.00,0.00,23993.23,23992.78,KZ=ASIA; KZR=Asia L @ 4549.70 91 bars ago (low taken); DAY 12AM-4PM IST session: stop x1.00 of usual; no partials; full size to TP5; SL steps BE->TP1->TP2->TP3
983,2026.05.01 06:30:00,2026.05.01 09:00:00,FLIP,XAUUSD,M15,334,SELL,FULLTGT,DAY,0,4620.70,4633.47,4633.47,12.77,1.00,12.77,4607.93,4595.17,4582.40,4569.64,4556.87,0.09,0.00,0.00,4626.44,0.00,-0.45,0.00,4623.56,4623.43,4620.16,4622.86,4623.14,0.544,6.01,22.25,53.75,57.00,0.35,0.24,0.11,4624.77,4626.34,2197,3375,71.4,0.0,10,1,CROSS=EMA9>EMA21;TREND=1;STRUCT=1;VOL=1;COOL=1;EMA50=1;VWAP=1;BIAS=1,0.00,-0.48,23993.23,23941.57,opposite signal before SL/target | SELL -> BUY | closing trade 334
984,2026.05.01 06:30:00,2026.05.01 09:00:00,EXIT_FLIP,XAUUSD,M15,334,SELL,FULLTGT,DAY,0,4620.70,4633.47,4633.47,12.77,1.00,12.77,4607.93,4595.17,4582.40,4569.64,4556.87,0.09,0.09,0.00,4626.44,0.00,-0.45,0.00,4623.56,4623.43,4620.16,4622.86,4623.14,0.544,6.01,22.25,53.75,57.00,0.35,0.24,0.11,4624.77,4626.34,2197,3375,71.4,0.0,10,1,CROSS=EMA9>EMA21;TREND=1;STRUCT=1;VOL=1;COOL=1;EMA50=1;VWAP=1;BIAS=1,0.00,-0.48,23941.25,23941.25,FLIP exit
985,2026.05.01 06:30:00,2026.05.01 09:00:00,EXIT_OTHER,XAUUSD,M15,334,SELL,FULLTGT,DAY,0,4620.70,4633.47,4633.47,12.77,1.00,12.77,4607.93,4595.17,4582.40,4569.64,4556.87,0.09,0.09,0.00,4626.44,0.00,-0.45,-52.30,4623.56,4623.43,4620.16,4622.86,4623.14,0.544,6.01,22.25,53.75,57.00,0.35,0.24,0.11,4624.77,4626.34,2197,3375,71.4,0.0,10,1,CROSS=EMA9>EMA21;TREND=1;STRUCT=1;VOL=1;COOL=1;EMA50=1;VWAP=1;BIAS=1,0.00,-0.48,23941.25,23941.25,FLIP exit
986,2026.05.01 06:30:00,2026.05.01 09:00:00,ENTRY,XAUUSD,M15,336,BUY,FULLTGT,DAY,334,4626.44,4614.43,4614.43,12.01,1.00,12.01,4638.45,4650.47,4662.48,4674.50,4686.51,0.09,0.09,0.09,4626.44,0.00,0.00,0.00,4623.56,4623.43,4620.16,4622.86,4623.14,0.544,6.01,22.25,53.75,57.00,0.35,0.24,0.11,4624.77,4626.34,2197,3375,71.4,0.0,10,1,CROSS=EMA9>EMA21;TREND=1;STRUCT=1;VOL=1;COOL=1;EMA50=1;VWAP=1;BIAS=1,0.00,0.00,23940.93,23940.03,KZ=ASIA; KZR=Asia L @ 4549.70 92 bars ago (low taken); DAY 12AM-4PM IST session: stop x1.00 of usual; no partials; full size to TP5; SL steps BE->TP1->TP2->TP3; flipped from trade 334
987,2026.05.01 07:30:00,2026.05.01 10:00:00,SKIP,XAUUSD,M15,336,BUY,FULLTGT,DAY,334,4626.44,4614.43,4614.43,12.01,1.00,12.01,4638.45,4650.47,4662.48,4674.50,4686.51,0.09,0.00,0.00,0.00,0.00,0.00,0.00,4622.78,4623.21,4620.57,4624.06,4623.76,0.411,6.42,18.42,43.29,38.05,-0.08,0.46,-0.54,4624.81,4617.66,2044,3542,0.0,71.4,11,1,CROSS=EMA9>EMA21;TREND=1;STRUCT=1;VOL=1;COOL=1;EMA50=1;VWAP=1;BIAS=1,0.47,-0.77,23940.93,23861.91,outside the killzone window
988,2026.05.01 07:32:48,2026.05.01 10:02:48,EXIT_SL,XAUUSD,M15,336,BUY,FULLTGT,DAY,334,4626.44,4614.43,4614.43,12.01,1.00,12.01,4638.45,4650.47,4662.48,4674.50,4686.51,0.09,0.09,0.00,4614.21,0.00,-1.02,-110.71,4622.78,4623.21,4620.57,4624.06,4623.76,0.411,6.42,18.42,43.29,38.05,-0.08,0.46,-0.54,4624.81,4617.66,2044,3542,0.0,71.4,12,1,CROSS=EMA9>EMA21;TREND=1;STRUCT=1;VOL=1;COOL=1;EMA50=1;VWAP=1;BIAS=1,0.47,-0.99,23830.54,23830.54,stopped at the initial SL (x1.00 of usual)
989,2026.05.01 15:45:00,2026.05.01 18:15:00,SKIP,XAUUSD,M15,336,FLAT,NA,EVENING,334,0.00,0.00,0.00,0.00,1.00,0.00,0.00,0.00,0.00,0.00,0.00,0.00,0.00,0.00,0.00,0.00,0.00,0.00,4582.88,4581.66,4591.93,4580.60,4580.62,-1.108,9.27,35.13,55.92,62.53,-2.22,-8.00,5.77,4599.19,4592.01,8041,5004,71.4,28.6,6,1,CROSS=EMA9>EMA21;TREND=1;STRUCT=1;VOL=1;COOL=1;EMA50=1;VWAP=0;BIAS=1,0.00,0.00,23830.54,23830.54,already positioned that way
990,2026.05.01 22:45:00,2026.05.02 01:15:00,SKIP,XAUUSD,M15,336,FLAT,NA,DAY,334,0.00,0.00,0.00,0.00,1.00,0.00,0.00,0.00,0.00,0.00,0.00,0.00,0.00,0.00,0.00,0.00,0.00,0.00,4623.39,4623.85,4616.14,4626.26,4625.05,0.832,9.27,23.47,42.61,31.98,2.23,6.02,-3.80,4614.63,4611.90,8753,8170,0.0,85.7,11,1,CROSS=EMA9>EMA21;TREND=1;STRUCT=1;VOL=1;COOL=1;EMA50=1;VWAP=0;BIAS=1,0.00,0.00,23830.54,23830.54,outside the killzone window
991,2026.05.04 01:00:00,2026.05.04 03:30:00,DAY_SUMMARY,XAUUSD,M15,336,FLAT,NA,DAY,334,0.00,0.00,0.00,0.00,1.00,0.00,0.00,0.00,0.00,0.00,0.00,0.00,0.00,0.00,0.00,0.00,-3.47,-401.81,4616.71,4619.80,4615.57,4617.01,4620.23,0.536,7.89,23.44,46.42,47.84,-1.18,1.45,-2.63,4614.54,4615.53,1516,6331,14.3,57.1,12,1,CROSS=EMA9>EMA21;TREND=1;STRUCT=1;VOL=1;COOL=1;EMA50=1;VWAP=0;BIAS=1,0.00,0.00,23830.54,23830.54,2026.05.01 trades=4 W=0 L=4 gross_profit=0.00 gross_loss=401.81 net=-401.81 PF=0.00
992,2026.05.04 01:00:00,2026.05.04 03:30:00,WEEK_SUMMARY,XAUUSD,M15,336,FLAT,NA,DAY,334,0.00,0.00,0.00,0.00,1.00,0.00,0.00,0.00,0.00,0.00,0.00,0.00,0.00,0.00,0.00,0.00,-3.47,-401.81,4616.71,4619.80,4615.57,4617.01,4620.23,0.536,7.89,23.44,46.42,47.84,-1.18,1.45,-2.63,4614.54,4615.53,1516,6331,14.3,57.1,12,1,CROSS=EMA9>EMA21;TREND=1;STRUCT=1;VOL=1;COOL=1;EMA50=1;VWAP=0;BIAS=1,0.00,0.00,23830.54,23830.54,days=1 trades=4 W=0 L=4 gross_profit=0.00 gross_loss=401.81 net=-401.81 PF=0.00 pips=-4171.0
993,2026.05.05 04:00:00,2026.05.05 06:30:00,SKIP,XAUUSD,M15,336,FLAT,NA,DAY,334,0.00,0.00,0.00,0.00,1.00,0.00,0.00,0.00,0.00,0.00,0.00,0.00,0.00,0.00,0.00,0.00,0.00,0.00,4522.85,4522.72,4534.43,4521.03,4521.98,-1.860,6.29,15.33,55.14,65.04,-1.78,-3.91,2.13,4521.67,4530.16,3217,3271,71.4,0.0,12,1,CROSS=EMA9>EMA21;TREND=1;STRUCT=1;VOL=1;COOL=1;EMA50=1;VWAP=1;BIAS=1,0.00,0.00,23830.54,23830.54,already positioned that way
994,2026.05.05 19:45:00,2026.05.05 22:15:00,SKIP,XAUUSD,M15,336,FLAT,NA,EVENING,334,0.00,0.00,0.00,0.00,1.00,0.00,0.00,0.00,0.00,0.00,0.00,0.00,0.00,0.00,0.00,0.00,0.00,0.00,4568.03,4568.28,4560.29,4570.85,4569.43,0.826,9.67,37.50,41.07,29.55,2.17,6.50,-4.33,4555.18,4556.76,6514,7561,14.3,71.4,6,1,CROSS=EMA9>EMA21;TREND=1;STRUCT=1;VOL=1;COOL=1;EMA50=1;VWAP=1;BIAS=1,0.00,0.00,23830.54,23830.54,outside the killzone window
995,2026.05.06 02:15:00,2026.05.06 04:45:00,SKIP,XAUUSD,M15,336,FLAT,NA,DAY,334,0.00,0.00,0.00,0.00,1.00,0.00,0.00,0.00,0.00,0.00,0.00,0.00,0.00,0.00,0.00,0.00,0.00,0.00,4563.55,4561.46,4559.96,4557.23,4558.72,0.205,7.31,31.60,69.72,80.95,0.79,-2.19,2.99,4566.57,4588.83,8251,3673,100.0,0.0,5,1,CROSS=EMA9>EMA21;TREND=1;STRUCT=1;VOL=1;COOL=1;EMA50=1;VWAP=1;BIAS=1,0.00,0.00,23830.54,23830.54,already positioned that way
996,2026.05.06 19:30:00,2026.05.06 22:00:00,SKIP,XAUUSD,M15,336,FLAT,NA,EVENING,334,0.00,0.00,0.00,0.00,1.00,0.00,0.00,0.00,0.00,0.00,0.00,0.00,0.00,0.00,0.00,0.00,0.00,0.00,4692.49,4692.98,4677.47,4693.60,4693.47,1.187,13.06,35.74,47.96,42.88,1.93,5.39,-3.46,4671.92,4688.05,7400,12199,14.3,71.4,11,1,CROSS=EMA9>EMA21;TREND=1;STRUCT=1;VOL=1;COOL=1;EMA50=1;VWAP=1;BIAS=1,0.00,0.00,23830.54,23830.54,outside the killzone window
997,2026.05.06 22:30:00,2026.05.07 01:00:00,SKIP,XAUUSD,M15,336,FLAT,NA,DAY,334,0.00,0.00,0.00,0.00,1.00,0.00,0.00,0.00,0.00,0.00,0.00,0.00,0.00,0.00,0.00,0.00,0.00,0.00,4690.25,4689.83,4681.36,4688.19,4688.96,1.121,7.56,30.51,58.71,68.96,0.44,-0.86,1.30,4673.39,4698.51,4514,7069,85.7,0.0,5,1,CROSS=EMA9>EMA21;TREND=1;STRUCT=1;VOL=1;COOL=1;EMA50=1;VWAP=1;BIAS=1,0.00,0.00,23830.54,23830.54,outside the killzone window
998,2026.05.07 04:00:00,2026.05.07 06:30:00,ENTRY,XAUUSD,M15,338,SELL,FULLTGT,DAY,0,4688.63,4701.45,4701.45,12.82,1.00,12.82,4675.81,4663.00,4650.18,4637.37,4624.55,0.09,0.09,0.09,4688.63,0.00,0.00,0.00,4692.93,4693.11,4687.89,4694.00,4693.55,0.814,6.41,17.88,45.38,41.83,0.41,1.40,-0.99,4694.12,4688.63,5452,3801,14.3,71.4,7,1,CROSS=EMA9<EMA21;TREND=1;STRUCT=1;VOL=1;COOL=1;EMA50=1;VWAP=1;BIAS=1,0.00,0.00,23830.22,23829.59,KZ=ASIA; KZR=Asia H @ 4652.08 82 bars ago (high taken); DAY 12AM-4PM IST session: stop x1.00 of usual; no partials; full size to TP5; SL steps BE->TP1->TP2->TP3
999,2026.05.07 04:10:19,2026.05.07 06:40:19,EXIT_SL,XAUUSD,M15,338,SELL,FULLTGT,DAY,0,4688.63,4701.45,4701.45,12.82,1.00,12.82,4675.81,4663.00,4650.18,4637.37,4624.55,0.09,0.09,0.00,4701.66,0.00,-1.02,-117.91,4692.93,4693.11,4687.89,4694.00,4693.55,0.814,6.41,17.88,45.38,55.93,0.41,1.40,-0.99,4694.12,4688.63,5452,3801,28.6,57.1,12,1,CROSS=EMA9<EMA21;TREND=1;STRUCT=1;VOL=1;COOL=1;EMA50=1;VWAP=1;BIAS=1,0.26,-0.99,23712.63,23712.63,stopped at the initial SL (x1.00 of usual)
1000,2026.05.07 04:15:00,2026.05.07 06:45:00,ENTRY,XAUUSD,M15,340,BUY,FULLTGT,DAY,0,4709.82,4694.83,4694.83,14.99,1.00,14.99,4724.81,4739.80,4754.79,4769.78,4784.77,0.07,0.07,0.07,4709.82,0.00,0.00,0.00,4696.30,4694.62,4688.75,4692.93,4693.11,0.784,7.49,16.27,63.07,67.73,1.70,1.40,0.30,4695.50,4709.77,9800,4067,85.7,0.0,6,1,CROSS=EMA9>EMA21;TREND=1;STRUCT=1;VOL=1;COOL=1;EMA50=1;VWAP=1;BIAS=1,0.00,0.00,23712.38,23711.96,KZ=ASIA; KZR=Asia H @ 4652.08 83 bars ago (high taken); DAY 12AM-4PM IST session: stop x1.00 of usual; no partials; full size to TP5; SL steps BE->TP1->TP2->TP3
1001,2026.05.07 07:33:10,2026.05.07 10:03:10,EXIT_SL,XAUUSD,M15,340,BUY,FULLTGT,DAY,0,4709.82,4694.83,4694.83,14.99,1.00,14.99,4724.81,4739.80,4754.79,4769.78,4784.77,0.07,0.07,0.00,4694.82,0.00,-1.00,-105.50,4701.04,4700.60,4694.87,4702.13,4700.99,0.703,8.16,25.21,46.66,38.38,1.41,3.16,-1.75,4701.28,4696.66,3025,5133,14.3,71.4,12,1,CROSS=EMA9>EMA21;TREND=1;STRUCT=1;VOL=1;COOL=1;EMA50=1;VWAP=1;BIAS=1,0.76,-1.00,23607.13,23607.13,stopped at the initial SL (x1.00 of usual)
1002,2026.05.07 08:00:00,2026.05.07 10:30:00,ENTRY,XAUUSD,M15,342,SELL,FULLTGT,DAY,0,4696.46,4712.93,4712.93,16.47,1.00,16.47,4679.99,4663.53,4647.06,4630.59,4614.13,0.07,0.07,0.07,4696.46,0.00,0.00,0.00,4699.63,4700.01,4695.05,4700.43,4700.36,0.602,8.23,33.59,46.53,42.38,0.62,2.49,-1.87,4701.07,4696.45,2851,5167,0.0,85.7,7,1,CROSS=EMA9<EMA21;TREND=1;STRUCT=1;VOL=1;COOL=1;EMA50=1;VWAP=1;BIAS=1,0.00,0.00,23606.88,23606.39,KZ=LONDON; KZR=Asia H @ 4652.08 98 bars ago (high taken); DAY 12AM-4PM IST session: stop x1.00 of usual; no partials; full size to TP5; SL steps BE->TP1->TP2->TP3
1003,2026.05.07 09:00:00,2026.05.07 11:30:00,FLIP,XAUUSD,M15,342,SELL,FULLTGT,DAY,0,4696.46,4712.93,4712.93,16.47,1.00,16.47,4679.99,4663.53,4647.06,4630.59,4614.13,0.07,0.00,0.00,4701.15,0.00,-0.28,0.00,4700.17,4700.13,4695.83,4699.95,4700.04,0.539,7.98,29.28,51.51,50.53,0.56,1.08,-0.52,4701.02,4701.07,4435,4605,71.4,14.3,7,1,CROSS=EMA9>EMA21;TREND=1;STRUCT=1;VOL=1;COOL=1;EMA50=1;VWAP=1;BIAS=1,0.10,-0.62,23606.88,23574.05,opposite signal before SL/target | SELL -> BUY | closing trade 342
1004,2026.05.07 09:00:00,2026.05.07 11:30:00,EXIT_FLIP,XAUUSD,M15,342,SELL,FULLTGT,DAY,0,4696.46,4712.93,4712.93,16.47,1.00,16.47,4679.99,4663.53,4647.06,4630.59,4614.13,0.07,0.07,0.00,4701.15,0.00,-0.28,0.00,4700.17,4700.13,4695.83,4699.95,4700.04,0.539,7.98,29.28,51.51,50.53,0.56,1.08,-0.52,4701.02,4701.07,4435,4605,71.4,14.3,7,1,CROSS=EMA9>EMA21;TREND=1;STRUCT=1;VOL=1;COOL=1;EMA50=1;VWAP=1;BIAS=1,0.10,-0.62,23573.80,23573.80,FLIP exit
1005,2026.05.07 09:00:00,2026.05.07 11:30:00,EXIT_OTHER,XAUUSD,M15,342,SELL,FULLTGT,DAY,0,4696.46,4712.93,4712.93,16.47,1.00,16.47,4679.99,4663.53,4647.06,4630.59,4614.13,0.07,0.07,0.00,4701.15,0.00,-0.28,-33.33,4700.17,4700.13,4695.83,4699.95,4700.04,0.539,7.98,29.28,51.51,50.53,0.56,1.08,-0.52,4701.02,4701.07,4435,4605,71.4,14.3,7,1,CROSS=EMA9>EMA21;TREND=1;STRUCT=1;VOL=1;COOL=1;EMA50=1;VWAP=1;BIAS=1,0.10,-0.62,23573.80,23573.80,FLIP exit
1006,2026.05.07 09:00:00,2026.05.07 11:30:00,ENTRY,XAUUSD,M15,344,BUY,FULLTGT,DAY,342,4701.15,4685.20,4685.20,15.95,1.00,15.95,4717.10,4733.06,4749.01,4764.96,4780.92,0.07,0.07,0.07,4701.15,0.00,0.00,0.00,4700.17,4700.13,4695.83,4699.95,4700.04,0.539,7.98,29.28,51.51,50.53,0.56,1.08,-0.52,4701.02,4701.07,4435,4605,71.4,14.3,7,1,CROSS=EMA9>EMA21;TREND=1;STRUCT=1;VOL=1;COOL=1;EMA50=1;VWAP=1;BIAS=1,0.00,0.00,23573.55,23573.06,KZ=LONDON; KZR=Asia H @ 4652.08 102 bars ago (high taken); DAY 12AM-4PM IST session: stop x1.00 of usual; no partials; full size to TP5; SL steps BE->TP1->TP2->TP3; flipped from trade 342
1007,2026.05.07 09:29:26,2026.05.07 11:59:26,SL_MOVE,XAUUSD,M15,344,BUY,FULLTGT,DAY,342,4701.15,4685.20,4701.15,15.95,1.00,15.95,4717.10,4733.06,4749.01,4764.96,4780.92,0.07,0.00,0.07,4701.15,1.00,0.00,0.00,4701.74,4700.85,4696.31,4700.17,4700.13,0.559,8.12,26.10,57.73,67.80,1.13,0.90,0.23,4701.23,4708.01,5638,4397,100.0,0.0,11,1,CROSS=EMA9>EMA21;TREND=1;STRUCT=1;VOL=1;COOL=1;EMA50=1;VWAP=1;BIAS=1,1.00,-0.00,23573.55,23685.34,stop to breakeven
1008,2026.05.07 09:29:26,2026.05.07 11:59:26,TP1_REACHED,XAUUSD,M15,344,BUY,FULLTGT,DAY,342,4701.15,4685.20,4701.15,15.95,1.00,15.95,4717.10,4733.06,4749.01,4764.96,4780.92,0.07,0.00,0.07,4717.10,1.00,1.00,0.00,4701.74,4700.85,4696.31,4700.17,4700.13,0.559,8.12,26.10,57.73,67.80,1.13,0.90,0.23,4701.23,4708.01,5638,4397,100.0,0.0,11,1,CROSS=EMA9>EMA21;TREND=1;STRUCT=1;VOL=1;COOL=1;EMA50=1;VWAP=1;BIAS=1,1.00,-0.00,23573.55,23685.34,full target: no partial booked
1009,2026.05.07 09:34:49,2026.05.07 12:04:49,SL_MOVE,XAUUSD,M15,344,BUY,FULLTGT,DAY,342,4701.15,4685.20,4717.10,15.95,1.00,15.95,4717.10,4733.06,4749.01,4764.96,4780.92,0.07,0.00,0.07,4717.10,2.00,0.00,0.00,4704.88,4702.35,4697.14,4701.74,4700.85,0.706,7.39,26.33,64.40,71.69,2.32,0.94,1.38,4701.80,4717.43,6636,4292,100.0,0.0,9,1,CROSS=EMA9>EMA21;TREND=1;STRUCT=1;VOL=1;COOL=1;EMA50=1;VWAP=1;BIAS=1,1.99,-0.00,23573.55,23797.55,stop trailed to TP1
1010,2026.05.07 09:34:49,2026.05.07 12:04:49,TP2_REACHED,XAUUSD,M15,344,BUY,FULLTGT,DAY,342,4701.15,4685.20,4717.10,15.95,1.00,15.95,4717.10,4733.06,4749.01,4764.96,4780.92,0.07,0.00,0.07,4733.06,2.00,2.00,0.00,4704.88,4702.35,4697.14,4701.74,4700.85,0.706,7.39,26.33,64.40,71.69,2.32,0.94,1.38,4701.80,4717.43,6636,4292,100.0,0.0,9,1,CROSS=EMA9>EMA21;TREND=1;STRUCT=1;VOL=1;COOL=1;EMA50=1;VWAP=1;BIAS=1,1.99,-0.00,23573.55,23797.55,full target: no partial booked
1011,2026.05.07 09:43:57,2026.05.07 12:13:57,SL_MOVE,XAUUSD,M15,344,BUY,FULLTGT,DAY,342,4701.15,4685.20,4733.06,15.95,1.00,15.95,4717.10,4733.06,4749.01,4764.96,4780.92,0.07,0.00,0.07,4733.06,3.00,0.00,0.00,4704.88,4702.35,4697.14,4701.74,4700.85,0.706,7.39,26.33,64.40,84.81,2.32,0.94,1.38,4701.80,4717.43,6636,4292,100.0,0.0,11,1,CROSS=EMA9>EMA21;TREND=1;STRUCT=1;VOL=1;COOL=1;EMA50=1;VWAP=1;BIAS=1,3.00,-0.00,23573.55,23910.46,stop trailed to TP2
1012,2026.05.07 09:43:57,2026.05.07 12:13:57,TP3_REACHED,XAUUSD,M15,344,BUY,FULLTGT,DAY,342,4701.15,4685.20,4733.06,15.95,1.00,15.95,4717.10,4733.06,4749.01,4764.96,4780.92,0.07,0.00,0.07,4749.01,3.00,3.00,0.00,4704.88,4702.35,4697.14,4701.74,4700.85,0.706,7.39,26.33,64.40,84.81,2.32,0.94,1.38,4701.80,4717.43,6636,4292,100.0,0.0,11,1,CROSS=EMA9>EMA21;TREND=1;STRUCT=1;VOL=1;COOL=1;EMA50=1;VWAP=1;BIAS=1,3.00,-0.00,23573.55,23910.46,full target: no partial booked
1013,2026.05.07 10:04:11,2026.05.07 12:34:11,EXIT_TRAIL_SL,XAUUSD,M15,344,BUY,FULLTGT,DAY,342,4701.15,4685.20,4733.06,15.95,1.00,15.95,4717.10,4733.06,4749.01,4764.96,4780.92,0.07,0.07,0.00,4733.05,0.00,2.00,222.80,4718.31,4709.31,4700.62,4713.10,4706.32,1.060,8.19,31.52,70.36,73.04,7.39,2.10,5.29,4705.93,4739.17,6887,4560,85.7,14.3,10,1,CROSS=EMA9>EMA21;TREND=1;STRUCT=1;VOL=1;COOL=1;EMA50=1;VWAP=1;BIAS=1,3.08,-0.00,23796.60,23796.60,stopped at a trailed level
1014,2026.05.07 19:15:00,2026.05.07 21:45:00,SKIP,XAUUSD,M15,344,FLAT,NA,EVENING,342,0.00,0.00,0.00,0.00,1.00,0.00,0.00,0.00,0.00,0.00,0.00,0.00,0.00,0.00,0.00,0.00,0.00,0.00,4738.19,4740.53,4732.10,4743.92,4743.05,0.679,12.41,23.14,36.93,24.38,0.35,5.24,-4.89,4729.35,4715.28,16005,10576,0.0,85.7,5,1,CROSS=EMA9>EMA21;TREND=1;STRUCT=1;VOL=1;COOL=1;EMA50=1;VWAP=1;BIAS=1,0.00,0.00,23796.60,23796.60,outside the killzone window
1015,2026.05.08 01:00:00,2026.05.08 03:30:00,DAY_SUMMARY,XAUUSD,M15,344,FLAT,NA,DAY,342,0.00,0.00,0.00,0.00,1.00,0.00,0.00,0.00,0.00,0.00,0.00,0.00,0.00,0.00,0.00,0.00,-0.30,-33.94,4704.37,4711.83,4718.87,4708.68,4714.30,-0.542,13.00,28.31,34.23,32.75,-7.87,-7.57,-0.30,4722.88,4687.11,5808,11415,0.0,85.7,12,1,CROSS=EMA9>EMA21;TREND=1;STRUCT=1;VOL=1;COOL=1;EMA50=1;VWAP=1;BIAS=1,0.00,0.00,23796.60,23796.60,2026.05.07 trades=4 W=1 L=3 gross_profit=222.80 gross_loss=256.74 net=-33.94 PF=0.87
1016,2026.05.08 04:30:00,2026.05.08 07:00:00,SKIP,XAUUSD,M15,344,FLAT,NA,DAY,342,0.00,0.00,0.00,0.00,1.00,0.00,0.00,0.00,0.00,0.00,0.00,0.00,0.00,0.00,0.00,0.00,0.00,0.00,4704.71,4704.20,4710.72,4702.75,4703.37,-0.594,10.98,27.13,54.71,58.56,-1.78,-5.46,3.69,4700.78,4712.54,7662,6130,85.7,14.3,12,1,CROSS=EMA9>EMA21;TREND=1;STRUCT=1;VOL=1;COOL=1;EMA50=1;VWAP=1;BIAS=1,0.00,0.00,23796.60,23796.60,already positioned that way
1017,2026.05.08 10:45:00,2026.05.08 13:15:00,ENTRY,XAUUSD,M15,346,SELL,FULLTGT,DAY,0,4708.21,4728.35,4728.35,20.14,1.00,20.14,4688.07,4667.93,4647.78,4627.64,4607.50,0.05,0.05,0.05,4708.21,0.00,0.00,0.00,4717.21,4717.36,4715.87,4719.46,4718.28,0.148,10.07,22.71,43.65,34.41,0.97,3.18,-2.22,4713.00,4708.19,7827,6195,14.3,71.4,7,1,CROSS=EMA9<EMA21;TREND=1;STRUCT=1;VOL=1;COOL=1;EMA50=1;VWAP=1;BIAS=1,0.00,0.00,23796.42,23796.07,KZ=LONDON; KZR=Asia H @ 4732.76 5 bars ago (high taken); DAY 12AM-4PM IST session: stop x1.00 of usual; no partials; full size to TP5; SL steps BE->TP1->TP2->TP3
1018,2026.05.08 13:30:00,2026.05.08 16:00:00,FLIP,XAUUSD,M15,346,SELL,FULLTGT,EVENING,0,4708.21,4728.35,4728.35,20.14,1.00,20.14,4688.07,4667.93,4647.78,4627.64,4607.50,0.05,0.00,0.00,4720.61,0.00,-0.62,0.00,4716.81,4716.55,4715.84,4715.88,4716.15,0.077,9.28,15.97,54.27,57.53,0.34,0.03,0.31,4713.41,4720.54,3386,6665,71.4,0.0,8,1,CROSS=EMA9>EMA21;TREND=1;STRUCT=1;VOL=1;COOL=1;EMA50=1;VWAP=1;BIAS=1,0.07,-0.79,23796.42,23734.42,opposite signal before SL/target | SELL -> BUY | closing trade 346
1019,2026.05.08 13:30:00,2026.05.08 16:00:00,EXIT_FLIP,XAUUSD,M15,346,SELL,FULLTGT,EVENING,0,4708.21,4728.35,4728.35,20.14,1.00,20.14,4688.07,4667.93,4647.78,4627.64,4607.50,0.05,0.05,0.00,4720.61,0.00,-0.62,0.00,4716.81,4716.55,4715.84,4715.88,4716.15,0.077,9.28,15.97,54.27,57.53,0.34,0.03,0.31,4713.41,4720.54,3386,6665,71.4,0.0,8,1,CROSS=EMA9>EMA21;TREND=1;STRUCT=1;VOL=1;COOL=1;EMA50=1;VWAP=1;BIAS=1,0.07,-0.79,23734.24,23734.24,FLIP exit
1020,2026.05.08 13:30:00,2026.05.08 16:00:00,EXIT_OTHER,XAUUSD,M15,346,SELL,FULLTGT,EVENING,0,4708.21,4728.35,4728.35,20.14,1.00,20.14,4688.07,4667.93,4647.78,4627.64,4607.50,0.05,0.05,0.00,4720.61,0.00,-0.62,-62.36,4716.81,4716.55,4715.84,4715.88,4716.15,0.077,9.28,15.97,54.27,57.53,0.34,0.03,0.31,4713.41,4720.54,3386,6665,71.4,0.0,8,1,CROSS=EMA9>EMA21;TREND=1;STRUCT=1;VOL=1;COOL=1;EMA50=1;VWAP=1;BIAS=1,0.07,-0.79,23734.24,23734.24,FLIP exit
1021,2026.05.08 13:30:00,2026.05.08 16:00:00,ENTRY,XAUUSD,M15,348,BUY,FULLTGT,EVENING,346,4720.61,4702.04,4702.04,18.57,1.00,18.57,4739.18,4757.74,4776.31,4794.88,4813.44,0.06,0.06,0.06,4720.61,0.00,0.00,0.00,4716.81,4716.55,4715.84,4715.88,4716.15,0.077,9.28,15.97,54.27,57.53,0.34,0.03,0.31,4713.41,4720.54,3386,6665,71.4,0.0,8,1,CROSS=EMA9>EMA21;TREND=1;STRUCT=1;VOL=1;COOL=1;EMA50=1;VWAP=1;BIAS=1,0.00,0.00,23734.03,23733.55,KZ=NY; KZR=Asia H @ 4732.76 16 bars ago (high taken); EVENING 4PM-12AM IST session: stop x1.00 of usual; no partials; full size to TP5; SL steps BE->TP1->TP2->TP3; flipped from trade 346
1022,2026.05.08 15:15:00,2026.05.08 17:45:00,FLIP,XAUUSD,M15,348,BUY,FULLTGT,EVENING,0,4720.61,4702.04,4702.04,18.57,1.00,18.57,4739.18,4757.74,4776.31,4794.88,4813.44,0.06,0.00,0.00,4704.67,0.00,-0.86,0.00,4716.89,4717.38,4716.56,4719.95,4718.65,0.095,8.61,19.27,38.66,29.13,0.03,0.90,-0.87,4714.04,4704.67,8023,5751,0.0,85.7,6,1,CROSS=EMA9<EMA21;TREND=1;STRUCT=1;VOL=1;COOL=1;EMA50=1;VWAP=1;BIAS=1,0.39,-0.90,23734.03,23638.39,opposite signal before SL/target | BUY -> SELL | closing trade 348
1023,2026.05.08 15:15:00,2026.05.08 17:45:00,EXIT_FLIP,XAUUSD,M15,348,BUY,FULLTGT,EVENING,0,4720.61,4702.04,4702.04,18.57,1.00,18.57,4739.18,4757.74,4776.31,4794.88,4813.44,0.06,0.06,0.00,4704.67,0.00,-0.86,0.00,4716.89,4717.38,4716.56,4719.95,4718.65,0.095,8.61,19.27,38.66,29.13,0.03,0.90,-0.87,4714.04,4704.67,8023,5751,0.0,85.7,6,1,CROSS=EMA9<EMA21;TREND=1;STRUCT=1;VOL=1;COOL=1;EMA50=1;VWAP=1;BIAS=1,0.39,-0.90,23638.18,23638.18,FLIP exit
1024,2026.05.08 15:15:00,2026.05.08 17:45:00,EXIT_OTHER,XAUUSD,M15,348,BUY,FULLTGT,EVENING,0,4720.61,4702.04,4702.04,18.57,1.00,18.57,4739.18,4757.74,4776.31,4794.88,4813.44,0.06,0.06,0.00,4704.67,0.00,-0.86,-96.06,4716.89,4717.38,4716.56,4719.95,4718.65,0.095,8.61,19.27,38.66,29.13,0.03,0.90,-0.87,4714.04,4704.67,8023,5751,0.0,85.7,6,1,CROSS=EMA9<EMA21;TREND=1;STRUCT=1;VOL=1;COOL=1;EMA50=1;VWAP=1;BIAS=1,0.39,-0.90,23638.18,23638.18,FLIP exit
1025,2026.05.08 15:15:00,2026.05.08 17:45:00,ENTRY,XAUUSD,M15,350,SELL,FULLTGT,EVENING,348,4704.67,4721.90,4721.90,17.23,1.00,17.23,4687.44,4670.22,4652.99,4635.76,4618.54,0.06,0.06,0.06,4704.67,0.00,0.00,0.00,4716.89,4717.38,4716.56,4719.95,4718.65,0.095,8.61,19.27,38.66,29.13,0.03,0.90,-0.87,4714.04,4704.67,8023,5751,0.0,85.7,6,1,CROSS=EMA9<EMA21;TREND=1;STRUCT=1;VOL=1;COOL=1;EMA50=1;VWAP=1;BIAS=1,0.00,0.00,23637.97,23637.61,KZ=NY; KZR=Asia H @ 4732.76 23 bars ago (high taken); EVENING 4PM-12AM IST session: stop x1.00 of usual; no partials; full size to TP5; SL steps BE->TP1->TP2->TP3; flipped from trade 348
1026,2026.05.08 15:33:54,2026.05.08 18:03:54,EXIT_SL,XAUUSD,M15,350,SELL,FULLTGT,EVENING,348,4704.67,4721.90,4721.90,17.23,1.00,17.23,4687.44,4670.22,4652.99,4635.76,4618.54,0.06,0.06,0.00,4722.03,0.00,-1.01,-104.58,4715.56,4716.73,4716.32,4716.89,4717.38,0.049,8.48,21.18,44.28,41.32,-0.53,0.84,-1.37,4713.91,4710.24,7425,5542,14.3,71.4,41,1,CROSS=EMA9<EMA21;TREND=1;STRUCT=1;VOL=1;COOL=1;EMA50=1;VWAP=1;BIAS=1,0.10,-1.00,23533.60,23533.60,stopped at the initial SL (x1.00 of usual)
1027,2026.05.08 16:00:00,2026.05.08 18:30:00,ENTRY,XAUUSD,M15,352,BUY,FULLTGT,EVENING,0,4724.56,4706.58,4706.58,17.98,1.00,17.98,4742.54,4760.52,4778.49,4796.47,4814.45,0.06,0.06,0.06,4724.56,0.00,0.00,0.00,4718.68,4718.03,4716.92,4717.23,4717.39,0.123,8.99,17.24,55.53,55.62,0.68,0.79,-0.11,4714.52,4724.48,12937,6246,71.4,14.3,7,1,CROSS=EMA9>EMA21;TREND=1;STRUCT=1;VOL=1;COOL=1;EMA50=1;VWAP=1;BIAS=1,0.00,0.00,23533.39,23532.97,KZ=NY; KZR=Asia H @ 4732.76 26 bars ago (high taken); EVENING 4PM-12AM IST session: stop x1.00 of usual; no partials; full size to TP5; SL steps BE->TP1->TP2->TP3
1028,2026.05.08 16:33:34,2026.05.08 19:03:34,SL_MOVE,XAUUSD,M15,352,BUY,FULLTGT,EVENING,0,4724.56,4706.58,4724.56,17.98,1.00,17.98,4742.54,4760.52,4778.49,4796.47,4814.45,0.06,0.00,0.06,4724.56,1.00,0.00,0.00,4720.69,4719.07,4717.46,4719.03,4718.25,0.172,9.37,15.72,56.96,58.45,1.41,0.78,0.63,4715.02,4727.30,9230,6665,85.7,0.0,9,1,CROSS=EMA9>EMA21;TREND=1;STRUCT=1;VOL=1;COOL=1;EMA50=1;VWAP=1;BIAS=1,0.97,-0.45,23533.39,23641.39,stop to breakeven
1029,2026.05.08 16:33:34,2026.05.08 19:03:34,TP1_REACHED,XAUUSD,M15,352,BUY,FULLTGT,EVENING,0,4724.56,4706.58,4724.56,17.98,1.00,17.98,4742.54,4760.52,4778.49,4796.47,4814.45,0.06,0.00,0.06,4742.54,1.00,1.00,0.00,4720.69,4719.07,4717.46,4719.03,4718.25,0.172,9.37,15.72,56.96,58.45,1.41,0.78,0.63,4715.02,4727.30,9230,6665,85.7,0.0,9,1,CROSS=EMA9>EMA21;TREND=1;STRUCT=1;VOL=1;COOL=1;EMA50=1;VWAP=1;BIAS=1,0.97,-0.45,23533.39,23641.39,full target: no partial booked
1030,2026.05.08 17:10:15,2026.05.08 19:40:15,EXIT_BE,XAUUSD,M15,352,BUY,FULLTGT,EVENING,0,4724.56,4706.58,4724.56,17.98,1.00,17.98,4742.54,4760.52,4778.49,4796.47,4814.45,0.06,0.06,0.00,4724.55,0.00,-0.00,-0.48,4728.95,4723.28,4719.44,4724.19,4720.81,0.386,9.96,18.38,67.96,47.95,4.55,1.24,3.32,4716.81,4748.00,14245,7699,71.4,14.3,39,1,CROSS=EMA9>EMA21;TREND=1;STRUCT=1;VOL=1;COOL=1;EMA50=1;VWAP=1;BIAS=1,1.38,-0.45,23533.12,23533.12,stopped at breakeven
1031,2026.05.08 18:15:00,2026.05.08 20:45:00,SKIP,XAUUSD,M15,352,FLAT,NA,EVENING,0,0.00,0.00,0.00,0.00,1.00,0.00,0.00,0.00,0.00,0.00,0.00,0.00,0.00,0.00,0.00,0.00,0.00,0.00,4721.05,4721.46,4719.37,4724.41,4722.85,0.170,12.34,16.25,42.32,34.60,0.59,2.61,-2.02,4717.70,4707.59,11538,10164,0.0,85.7,5,1,CROSS=EMA9>EMA21;TREND=1;STRUCT=1;VOL=1;COOL=1;EMA50=1;VWAP=1;BIAS=1,0.00,0.00,23533.12,23533.12,outside the killzone window
1032,2026.05.08 21:15:00,2026.05.08 23:45:00,SKIP,XAUUSD,M15,352,FLAT,NA,EVENING,0,0.00,0.00,0.00,0.00,1.00,0.00,0.00,0.00,0.00,0.00,0.00,0.00,0.00,0.00,0.00,0.00,0.00,0.00,4719.54,4718.62,4718.20,4717.54,4717.72,0.041,10.19,30.01,57.12,67.60,0.37,-1.41,1.78,4717.04,4727.56,6772,10124,85.7,0.0,9,1,CROSS=EMA9>EMA21;TREND=1;STRUCT=1;VOL=1;COOL=1;EMA50=1;VWAP=1;BIAS=1,0.00,0.00,23533.12,23533.12,outside the killzone window
1033,2026.05.08 23:45:00,2026.05.09 02:15:00,SKIP,XAUUSD,M15,352,FLAT,NA,DAY,0,0.00,0.00,0.00,0.00,1.00,0.00,0.00,0.00,0.00,0.00,0.00,0.00,0.00,0.00,0.00,0.00,0.00,0.00,4720.34,4720.35,4719.41,4721.34,4720.75,0.178,5.30,27.31,45.53,36.84,0.31,1.19,-0.87,4717.41,4716.36,1490,5009,0.0,85.7,40,1,CROSS=EMA9>EMA21;TREND=1;STRUCT=1;VOL=1;COOL=1;EMA50=1;VWAP=1;BIAS=1,0.00,0.00,23533.12,23533.12,weekend cutoff
1034,2026.05.11 01:00:02,2026.05.11 03:30:02,DAY_SUMMARY,XAUUSD,M15,352,FLAT,NA,DAY,0,0.00,0.00,0.00,0.00,1.00,0.00,0.00,0.00,0.00,0.00,0.00,0.00,0.00,0.00,0.00,0.00,-2.48,-263.48,4719.40,4719.92,4719.26,4720.34,4720.35,0.136,4.88,29.36,44.76,36.41,-0.10,1.04,-1.14,4717.40,4715.62,1051,4583,0.0,85.7,50,1,CROSS=EMA9>EMA21;TREND=1;STRUCT=1;VOL=1;COOL=1;EMA50=1;VWAP=1;BIAS=1,0.00,0.00,23533.12,23533.12,2026.05.08 trades=4 W=0 L=4 gross_profit=0.00 gross_loss=263.48 net=-263.48 PF=0.00
1035,2026.05.11 01:00:02,2026.05.11 03:30:02,WEEK_SUMMARY,XAUUSD,M15,352,FLAT,NA,DAY,0,0.00,0.00,0.00,0.00,1.00,0.00,0.00,0.00,0.00,0.00,0.00,0.00,0.00,0.00,0.00,0.00,-2.79,-297.42,4719.40,4719.92,4719.26,4720.34,4720.35,0.136,4.88,29.36,44.76,36.41,-0.10,1.04,-1.14,4717.40,4715.62,1051,4583,0.0,85.7,50,1,CROSS=EMA9>EMA21;TREND=1;STRUCT=1;VOL=1;COOL=1;EMA50=1;VWAP=1;BIAS=1,0.00,0.00,23533.12,23533.12,days=2 trades=8 W=1 L=7 gross_profit=222.80 gross_loss=520.22 net=-297.42 PF=0.43 pips=-4653.0
1036,2026.05.11 15:00:00,2026.05.11 17:30:00,SKIP,XAUUSD,M15,352,FLAT,NA,EVENING,0,0.00,0.00,0.00,0.00,1.00,0.00,0.00,0.00,0.00,0.00,0.00,0.00,0.00,0.00,0.00,0.00,0.00,0.00,4669.37,4669.31,4677.25,4668.08,4668.79,-1.116,7.12,27.92,54.60,62.17,-1.53,-4.05,2.51,4678.37,4674.53,4349,4581,71.4,14.3,10,1,CROSS=EMA9>EMA21;TREND=1;STRUCT=1;VOL=1;COOL=1;EMA50=1;VWAP=0;BIAS=1,0.00,0.00,23533.12,23533.12,already positioned that way
1037,2026.05.11 15:15:00,2026.05.11 17:45:00,ENTRY,XAUUSD,M15,354,SELL,FULLTGT,EVENING,0,4668.47,4682.65,4682.65,14.18,1.00,14.18,4654.29,4640.12,4625.94,4611.76,4597.58,0.08,0.08,0.08,4668.47,0.00,0.00,0.00,4669.19,4669.24,4676.91,4669.37,4669.31,-1.083,7.09,26.65,47.85,48.38,-1.45,-3.59,2.15,4678.25,4668.47,4977,4516,14.3,85.7,9,1,CROSS=EMA9<EMA21;TREND=1;STRUCT=1;VOL=1;COOL=1;EMA50=1;VWAP=1;BIAS=1,0.00,0.00,23532.84,23532.12,KZ=NY; KZR=Asia H @ 4732.76 311 bars ago (high taken); EVENING 4PM-12AM IST session: stop x1.00 of usual; no partials; full size to TP5; SL steps BE->TP1->TP2->TP3
1038,2026.05.11 15:22:05,2026.05.11 17:52:05,EXIT_SL,XAUUSD,M15,354,SELL,FULLTGT,EVENING,0,4668.47,4682.65,4682.65,14.18,1.00,14.18,4654.29,4640.12,4625.94,4611.76,4597.58,0.08,0.08,0.00,4682.65,0.00,-1.00,-114.00,4669.19,4669.24,4676.91,4669.37,4669.31,-1.083,7.09,26.65,47.85,56.38,-1.45,-3.59,2.15,4678.25,4668.47,4977,4516,28.6,71.4,10,1,CROSS=EMA9<EMA21;TREND=1;STRUCT=1;VOL=1;COOL=1;EMA50=1;VWAP=1;BIAS=1,0.06,-1.00,23419.12,23419.12,stopped at the initial SL (x1.00 of usual)
1039,2026.05.11 15:30:00,2026.05.11 18:00:00,ENTRY,XAUUSD,M15,356,BUY,FULLTGT,EVENING,0,4690.85,4674.57,4674.57,16.28,1.00,16.28,4707.13,4723.42,4739.70,4755.99,4772.27,0.07,0.07,0.07,4690.85,0.00,0.00,0.00,4673.50,4671.19,4677.45,4669.19,4669.24,-0.769,8.14,28.27,64.98,72.51,0.41,-2.95,3.36,4678.45,4690.75,10239,4794,100.0,0.0,10,1,CROSS=EMA9>EMA21;TREND=1;STRUCT=1;VOL=1;COOL=1;EMA50=1;VWAP=1;BIAS=1,0.00,0.00,23418.87,23418.17,KZ=NY; KZR=Asia H @ 4732.76 312 bars ago (high taken); EVENING 4PM-12AM IST session: stop x1.00 of usual; no partials; full size to TP5; SL steps BE->TP1->TP2->TP3
1040,2026.05.11 16:02:36,2026.05.11 18:32:36,SL_MOVE,XAUUSD,M15,356,BUY,FULLTGT,EVENING,0,4690.85,4674.57,4690.85,16.28,1.00,16.28,4707.13,4723.42,4739.70,4755.99,4772.27,0.07,0.00,0.07,4690.85,1.00,0.00,0.00,4681.82,4675.56,4678.90,4677.27,4673.11,-0.383,8.71,31.27,69.72,72.05,3.82,-1.18,5.01,4679.29,4700.02,9136,5250,100.0,0.0,10,1,CROSS=EMA9>EMA21;TREND=1;STRUCT=1;VOL=1;COOL=1;EMA50=1;VWAP=1;BIAS=1,1.00,-0.27,23418.87,23533.32,stop to breakeven
1041,2026.05.11 16:02:36,2026.05.11 18:32:36,TP1_REACHED,XAUUSD,M15,356,BUY,FULLTGT,EVENING,0,4690.85,4674.57,4690.85,16.28,1.00,16.28,4707.13,4723.42,4739.70,4755.99,4772.27,0.07,0.00,0.07,4707.13,1.00,1.00,0.00,4681.82,4675.56,4678.90,4677.27,4673.11,-0.383,8.71,31.27,69.72,72.05,3.82,-1.18,5.01,4679.29,4700.02,9136,5250,100.0,0.0,10,1,CROSS=EMA9>EMA21;TREND=1;STRUCT=1;VOL=1;COOL=1;EMA50=1;VWAP=1;BIAS=1,1.00,-0.27,23418.87,23533.32,full target: no partial booked
1042,2026.05.11 16:16:10,2026.05.11 18:46:10,SL_MOVE,XAUUSD,M15,356,BUY,FULLTGT,EVENING,0,4690.85,4674.57,4707.13,16.28,1.00,16.28,4707.13,4723.42,4739.70,4755.99,4772.27,0.07,0.00,0.07,4707.13,2.00,0.00,0.00,4689.67,4679.70,4680.55,4681.82,4675.56,-0.091,9.40,34.28,77.32,81.34,6.89,0.10,6.79,4680.44,4721.07,11892,5543,100.0,0.0,10,1,CROSS=EMA9>EMA21;TREND=1;STRUCT=1;VOL=1;COOL=1;EMA50=1;VWAP=1;BIAS=1,2.00,-0.27,23418.87,23646.86,stop trailed to TP1
1043,2026.05.11 16:16:10,2026.05.11 18:46:10,TP2_REACHED,XAUUSD,M15,356,BUY,FULLTGT,EVENING,0,4690.85,4674.57,4707.13,16.28,1.00,16.28,4707.13,4723.42,4739.70,4755.99,4772.27,0.07,0.00,0.07,4723.42,2.00,2.00,0.00,4689.67,4679.70,4680.55,4681.82,4675.56,-0.091,9.40,34.28,77.32,81.34,6.89,0.10,6.79,4680.44,4721.07,11892,5543,100.0,0.0,10,1,CROSS=EMA9>EMA21;TREND=1;STRUCT=1;VOL=1;COOL=1;EMA50=1;VWAP=1;BIAS=1,2.00,-0.27,23418.87,23646.86,full target: no partial booked
1044,2026.05.11 16:38:53,2026.05.11 19:08:53,SL_MOVE,XAUUSD,M15,356,BUY,FULLTGT,EVENING,0,4690.85,4674.57,4723.42,16.28,1.00,16.28,4707.13,4723.42,4739.70,4755.99,4772.27,0.07,0.00,0.07,4723.42,3.00,0.00,0.00,4697.43,4684.13,4682.43,4689.67,4679.70,0.176,9.66,38.46,79.29,82.20,9.81,1.62,8.19,4681.91,4728.48,11413,5841,100.0,0.0,10,1,CROSS=EMA9>EMA21;TREND=1;STRUCT=1;VOL=1;COOL=1;EMA50=1;VWAP=1;BIAS=1,3.00,-0.27,23418.87,23761.10,stop trailed to TP2
1045,2026.05.11 16:38:53,2026.05.11 19:08:53,TP3_REACHED,XAUUSD,M15,356,BUY,FULLTGT,EVENING,0,4690.85,4674.57,4723.42,16.28,1.00,16.28,4707.13,4723.42,4739.70,4755.99,4772.27,0.07,0.00,0.07,4739.70,3.00,3.00,0.00,4697.43,4684.13,4682.43,4689.67,4679.70,0.176,9.66,38.46,79.29,82.20,9.81,1.62,8.19,4681.91,4728.48,11413,5841,100.0,0.0,10,1,CROSS=EMA9>EMA21;TREND=1;STRUCT=1;VOL=1;COOL=1;EMA50=1;VWAP=1;BIAS=1,3.00,-0.27,23418.87,23761.10,full target: no partial booked
1046,2026.05.11 17:06:47,2026.05.11 19:36:47,EXIT_TRAIL_SL,XAUUSD,M15,356,BUY,FULLTGT,EVENING,0,4690.85,4674.57,4723.42,16.28,1.00,16.28,4707.13,4723.42,4739.70,4755.99,4772.27,0.07,0.07,0.00,4723.41,0.00,2.00,227.42,4712.57,4693.78,4686.85,4706.72,4689.56,0.660,10.50,46.77,75.85,66.05,15.09,5.36,9.73,4685.75,4735.98,11844,6702,85.7,14.3,7,1,CROSS=EMA9>EMA21;TREND=1;STRUCT=1;VOL=1;COOL=1;EMA50=1;VWAP=1;BIAS=1,3.54,-0.27,23646.54,23646.54,stopped at a trailed level
1047,2026.05.12 01:00:00,2026.05.12 03:30:00,DAY_SUMMARY,XAUUSD,M15,356,FLAT,NA,DAY,0,0.00,0.00,0.00,0.00,1.00,0.00,0.00,0.00,0.00,0.00,0.00,0.00,0.00,0.00,0.00,0.00,1.00,113.42,4731.95,4726.54,4714.33,4731.28,4725.74,2.058,5.94,35.56,62.82,58.04,6.48,6.10,0.38,4696.69,4734.64,1501,4081,85.7,0.0,12,1,CROSS=EMA9>EMA21;TREND=1;STRUCT=1;VOL=1;COOL=1;EMA50=1;VWAP=1;BIAS=1,0.00,0.00,23646.54,23646.54,2026.05.11 trades=2 W=1 L=1 gross_profit=227.42 gross_loss=114.00 net=113.42 PF=1.99
1048,2026.05.12 05:00:00,2026.05.12 07:30:00,ENTRY,XAUUSD,M15,358,SELL,FULLTGT,DAY,0,4727.28,4746.58,4746.58,19.30,1.00,19.30,4707.98,4688.69,4669.39,4650.10,4630.80,0.06,0.06,0.06,4727.28,0.00,0.00,0.00,4741.85,4742.14,4730.20,4745.50,4743.63,1.238,9.65,41.76,38.92,32.90,2.87,8.64,-5.77,4748.47,4727.28,6558,4653,0.0,100.0,12,1,CROSS=EMA9<EMA21;TREND=1;STRUCT=1;VOL=1;COOL=1;EMA50=1;VWAP=1;BIAS=1,0.00,0.00,23646.33,23645.61,KZ=ASIA; KZR=Asia H @ 4732.76 366 bars ago (high taken); DAY 12AM-4PM IST session: stop x1.00 of usual; no partials; full size to TP5; SL steps BE->TP1->TP2->TP3
1049,2026.05.12 09:00:22,2026.05.12 11:30:22,SL_MOVE,XAUUSD,M15,358,SELL,FULLTGT,DAY,0,4727.28,4746.58,4727.28,19.30,1.00,19.30,4707.98,4688.69,4669.39,4650.10,4630.80,0.06,0.00,0.06,4727.28,1.00,0.00,0.00,4718.22,4724.88,4726.08,4719.19,4725.93,-0.132,9.14,30.32,35.74,41.15,-6.10,-4.90,-1.19,4736.10,4714.34,7386,5832,0.0,100.0,11,1,CROSS=EMA9<EMA21;TREND=1;STRUCT=1;VOL=1;COOL=1;EMA50=1;VWAP=1;BIAS=1,1.00,-0.35,23646.33,23762.31,stop to breakeven
1050,2026.05.12 09:00:22,2026.05.12 11:30:22,TP1_REACHED,XAUUSD,M15,358,SELL,FULLTGT,DAY,0,4727.28,4746.58,4727.28,19.30,1.00,19.30,4707.98,4688.69,4669.39,4650.10,4630.80,0.06,0.00,0.06,4707.98,1.00,1.00,0.00,4718.22,4724.88,4726.08,4719.19,4725.93,-0.132,9.14,30.32,35.74,41.15,-6.10,-4.90,-1.19,4736.10,4714.34,7386,5832,0.0,100.0,11,1,CROSS=EMA9<EMA21;TREND=1;STRUCT=1;VOL=1;COOL=1;EMA50=1;VWAP=1;BIAS=1,1.00,-0.35,23646.33,23762.31,full target: no partial booked
1051,2026.05.12 10:07:47,2026.05.12 12:37:47,SL_MOVE,XAUUSD,M15,358,SELL,FULLTGT,DAY,0,4727.28,4746.58,4707.98,19.30,1.00,19.30,4707.98,4688.69,4669.39,4650.10,4630.80,0.06,0.00,0.06,4707.98,2.00,0.00,0.00,4707.32,4717.00,4722.25,4709.89,4718.99,-0.644,8.15,38.38,29.90,28.78,-9.05,-6.76,-2.30,4730.70,4697.07,8424,5613,0.0,100.0,10,1,CROSS=EMA9<EMA21;TREND=1;STRUCT=1;VOL=1;COOL=1;EMA50=1;VWAP=1;BIAS=1,2.00,-0.35,23646.33,23879.19,stop trailed to TP1
1052,2026.05.12 10:07:47,2026.05.12 12:37:47,TP2_REACHED,XAUUSD,M15,358,SELL,FULLTGT,DAY,0,4727.28,4746.58,4707.98,19.30,1.00,19.30,4707.98,4688.69,4669.39,4650.10,4630.80,0.06,0.00,0.06,4688.69,2.00,2.00,0.00,4707.32,4717.00,4722.25,4709.89,4718.99,-0.644,8.15,38.38,29.90,28.78,-9.05,-6.76,-2.30,4730.70,4697.07,8424,5613,0.0,100.0,10,1,CROSS=EMA9<EMA21;TREND=1;STRUCT=1;VOL=1;COOL=1;EMA50=1;VWAP=1;BIAS=1,2.00,-0.35,23646.33,23879.19,full target: no partial booked
1053,2026.05.12 13:08:45,2026.05.12 15:38:45,EXIT_TRAIL_SL,XAUUSD,M15,358,SELL,FULLTGT,DAY,0,4727.28,4746.58,4707.98,19.30,1.00,19.30,4707.98,4688.69,4669.39,4650.10,4630.80,0.06,0.06,0.00,4707.98,0.00,1.00,115.38,4699.76,4705.01,4713.55,4699.82,4705.56,-1.015,8.41,20.08,40.84,54.11,-6.55,-7.70,1.15,4723.07,4699.55,4308,5897,28.6,42.9,11,1,CROSS=EMA9<EMA21;TREND=1;STRUCT=1;VOL=1;COOL=1;EMA50=1;VWAP=1;BIAS=1,2.10,-0.35,23761.92,23761.92,stopped at a trailed level
1054,2026.05.12 21:45:00,2026.05.13 00:15:00,SKIP,XAUUSD,M15,358,FLAT,NA,DAY,0,0.00,0.00,0.00,0.00,1.00,0.00,0.00,0.00,0.00,0.00,0.00,0.00,0.00,0.00,0.00,0.00,0.00,0.00,4681.98,4681.44,4690.36,4678.66,4680.06,-0.759,11.74,35.36,59.14,78.62,-1.92,-6.06,4.14,4702.59,4695.24,5983,8734,71.4,14.3,11,1,CROSS=EMA9<EMA21;TREND=1;STRUCT=1;VOL=1;COOL=1;EMA50=1;VWAP=1;BIAS=1,0.00,0.00,23761.92,23761.92,outside the killzone window
1055,2026.05.13 01:00:02,2026.05.13 03:30:02,DAY_SUMMARY,XAUUSD,M15,358,FLAT,NA,DAY,0,0.00,0.00,0.00,0.00,1.00,0.00,0.00,0.00,0.00,0.00,0.00,0.00,0.00,0.00,0.00,0.00,1.00,115.38,4707.99,4698.15,4696.19,4706.20,4696.46,0.302,6.49,66.98,68.75,73.51,8.12,4.52,3.60,4702.83,4715.15,1752,4860,85.7,0.0,18,1,CROSS=EMA9<EMA21;TREND=1;STRUCT=1;VOL=1;COOL=1;EMA50=1;VWAP=1;BIAS=1,0.00,0.00,23761.92,23761.92,2026.05.12 trades=1 W=1 L=0 gross_profit=115.38 gross_loss=0.00 net=115.38 PF=0.00
1056,2026.05.13 05:15:00,2026.05.13 07:45:00,SKIP,XAUUSD,M15,358,FLAT,NA,DAY,0,0.00,0.00,0.00,0.00,1.00,0.00,0.00,0.00,0.00,0.00,0.00,0.00,0.00,0.00,0.00,0.00,0.00,0.00,4709.01,4709.43,4704.79,4710.88,4710.22,0.657,7.07,51.18,42.65,37.59,1.72,5.52,-3.81,4715.08,4701.52,4003,4628,0.0,85.7,12,1,CROSS=EMA9<EMA21;TREND=1;STRUCT=1;VOL=1;COOL=1;EMA50=1;VWAP=1;BIAS=1,0.00,0.00,23761.92,23761.92,already positioned that way
1057,2026.05.13 09:30:00,2026.05.13 12:00:00,ENTRY,XAUUSD,M15,360,BUY,FULLTGT,DAY,0,4708.91,4693.83,4693.83,15.08,1.00,15.08,4723.99,4739.08,4754.16,4769.24,4784.32,0.07,0.07,0.07,4708.91,0.00,0.00,0.00,4703.84,4703.27,4702.83,4702.58,4702.71,0.059,7.54,28.72,55.39,58.16,0.03,-1.51,1.54,4708.25,4708.86,5492,4371,85.7,14.3,5,1,CROSS=EMA9>EMA21;TREND=1;STRUCT=1;VOL=1;COOL=1;EMA50=1;VWAP=1;BIAS=1,0.00,0.00,23761.67,23761.32,KZ=LONDON; KZR=NY L @ 4660.00 60 bars ago (low taken); DAY 12AM-4PM IST session: stop x1.00 of usual; no partials; full size to TP5; SL steps BE->TP1->TP2->TP3
1058,2026.05.13 11:15:00,2026.05.13 13:45:00,FLIP,XAUUSD,M15,360,BUY,FULLTGT,DAY,0,4708.91,4693.83,4693.83,15.08,1.00,15.08,4723.99,4739.08,4754.16,4769.24,4784.32,0.07,0.00,0.00,4700.27,0.00,-0.57,0.00,4703.50,4703.58,4703.15,4704.30,4703.91,0.061,7.18,20.50,46.63,41.75,-0.05,0.22,-0.27,4707.59,4700.27,4768,4240,0.0,85.7,5,1,CROSS=EMA9<EMA21;TREND=1;STRUCT=1;VOL=1;COOL=1;EMA50=1;VWAP=1;BIAS=1,0.32,-0.80,23761.67,23701.19,opposite signal before SL/target | BUY -> SELL | closing trade 360
1059,2026.05.13 11:15:00,2026.05.13 13:45:00,EXIT_FLIP,XAUUSD,M15,360,BUY,FULLTGT,DAY,0,4708.91,4693.83,4693.83,15.08,1.00,15.08,4723.99,4739.08,4754.16,4769.24,4784.32,0.07,0.07,0.00,4700.27,0.00,-0.57,0.00,4703.50,4703.58,4703.15,4704.30,4703.91,0.061,7.18,20.50,46.63,41.75,-0.05,0.22,-0.27,4707.59,4700.27,4768,4240,0.0,85.7,5,1,CROSS=EMA9<EMA21;TREND=1;STRUCT=1;VOL=1;COOL=1;EMA50=1;VWAP=1;BIAS=1,0.32,-0.80,23700.94,23700.94,FLIP exit
1060,2026.05.13 11:15:00,2026.05.13 13:45:00,EXIT_OTHER,XAUUSD,M15,360,BUY,FULLTGT,DAY,0,4708.91,4693.83,4693.83,15.08,1.00,15.08,4723.99,4739.08,4754.16,4769.24,4784.32,0.07,0.07,0.00,4700.27,0.00,-0.57,-60.98,4703.50,4703.58,4703.15,4704.30,4703.91,0.061,7.18,20.50,46.63,41.75,-0.05,0.22,-0.27,4707.59,4700.27,4768,4240,0.0,85.7,5,1,CROSS=EMA9<EMA21;TREND=1;STRUCT=1;VOL=1;COOL=1;EMA50=1;VWAP=1;BIAS=1,0.32,-0.80,23700.94,23700.94,FLIP exit
1061,2026.05.13 11:15:00,2026.05.13 13:45:00,ENTRY,XAUUSD,M15,362,SELL,FULLTGT,DAY,360,4700.27,4714.63,4714.63,14.36,1.00,14.36,4685.91,4671.55,4657.19,4642.83,4628.47,0.08,0.08,0.08,4700.27,0.00,0.00,0.00,4703.50,4703.58,4703.15,4704.30,4703.91,0.061,7.18,20.50,46.63,41.75,-0.05,0.22,-0.27,4707.59,4700.27,4768,4240,0.0,85.7,5,1,CROSS=EMA9<EMA21;TREND=1;STRUCT=1;VOL=1;COOL=1;EMA50=1;VWAP=1;BIAS=1,0.00,0.00,23700.66,23700.26,KZ=LONDON; KZR=NY L @ 4660.00 67 bars ago (low taken); DAY 12AM-4PM IST session: stop x1.00 of usual; no partials; full size to TP5; SL steps BE->TP1->TP2->TP3; flipped from trade 360
1062,2026.05.13 15:22:41,2026.05.13 17:52:41,SL_MOVE,XAUUSD,M15,362,SELL,FULLTGT,EVENING,360,4700.27,4714.63,4700.27,14.36,1.00,14.36,4685.91,4671.55,4657.19,4642.83,4628.47,0.08,0.00,0.08,4700.27,1.00,0.00,0.00,4697.78,4698.87,4700.45,4698.72,4699.35,-0.227,6.96,17.47,44.64,38.37,-1.26,-1.39,0.13,4704.77,4694.04,5423,4766,14.3,71.4,10,1,CROSS=EMA9<EMA21;TREND=1;STRUCT=1;VOL=1;COOL=1;EMA50=1;VWAP=1;BIAS=1,1.00,-0.74,23700.66,23815.94,stop to breakeven
1063,2026.05.13 15:22:41,2026.05.13 17:52:41,TP1_REACHED,XAUUSD,M15,362,SELL,FULLTGT,EVENING,360,4700.27,4714.63,4700.27,14.36,1.00,14.36,4685.91,4671.55,4657.19,4642.83,4628.47,0.08,0.00,0.08,4685.91,1.00,1.00,0.00,4697.78,4698.87,4700.45,4698.72,4699.35,-0.227,6.96,17.47,44.64,38.37,-1.26,-1.39,0.13,4704.77,4694.04,5423,4766,14.3,71.4,10,1,CROSS=EMA9<EMA21;TREND=1;STRUCT=1;VOL=1;COOL=1;EMA50=1;VWAP=1;BIAS=1,1.00,-0.74,23700.66,23815.94,full target: no partial booked
1064,2026.05.13 16:48:12,2026.05.13 19:18:12,SL_MOVE,XAUUSD,M15,362,SELL,FULLTGT,EVENING,360,4700.27,4714.63,4685.91,14.36,1.00,14.36,4685.91,4671.55,4657.19,4642.83,4628.47,0.08,0.00,0.08,4685.91,2.00,0.00,0.00,4688.04,4692.73,4697.11,4690.36,4694.12,-0.527,8.32,18.55,36.00,39.05,-4.35,-2.63,-1.72,4700.70,4678.78,16673,6876,0.0,85.7,7,1,CROSS=EMA9<EMA21;TREND=1;STRUCT=1;VOL=1;COOL=1;EMA50=1;VWAP=1;BIAS=1,2.00,-0.74,23700.66,23930.66,stop trailed to TP1
1065,2026.05.13 16:48:12,2026.05.13 19:18:12,TP2_REACHED,XAUUSD,M15,362,SELL,FULLTGT,EVENING,360,4700.27,4714.63,4685.91,14.36,1.00,14.36,4685.91,4671.55,4657.19,4642.83,4628.47,0.08,0.00,0.08,4671.55,2.00,2.00,0.00,4688.04,4692.73,4697.11,4690.36,4694.12,-0.527,8.32,18.55,36.00,39.05,-4.35,-2.63,-1.72,4700.70,4678.78,16673,6876,0.0,85.7,7,1,CROSS=EMA9<EMA21;TREND=1;STRUCT=1;VOL=1;COOL=1;EMA50=1;VWAP=1;BIAS=1,2.00,-0.74,23700.66,23930.66,full target: no partial booked
1066,2026.05.13 17:31:15,2026.05.13 20:01:15,EXIT_TRAIL_SL,XAUUSD,M15,362,SELL,FULLTGT,EVENING,360,4700.27,4714.63,4685.91,14.36,1.00,14.36,4685.91,4671.55,4657.19,4642.83,4628.47,0.08,0.08,0.00,4686.11,0.00,0.99,112.72,4685.11,4690.02,4695.37,4685.31,4690.59,-0.593,9.04,18.69,42.44,50.27,-4.86,-3.92,-0.94,4698.51,4684.29,10672,8064,28.6,57.1,12,1,CROSS=EMA9<EMA21;TREND=1;STRUCT=1;VOL=1;COOL=1;EMA50=1;VWAP=1;BIAS=1,2.14,-0.74,23813.66,23813.66,stopped at a trailed level
1067,2026.05.13 19:15:00,2026.05.13 21:45:00,SKIP,XAUUSD,M15,362,FLAT,NA,EVENING,360,0.00,0.00,0.00,0.00,1.00,0.00,0.00,0.00,0.00,0.00,0.00,0.00,0.00,0.00,0.00,0.00,0.00,0.00,4692.42,4691.31,4694.53,4689.99,4690.23,-0.344,9.34,19.14,59.11,65.85,-0.40,-3.50,3.10,4697.29,4702.14,6347,9304,71.4,0.0,11,1,CROSS=EMA9<EMA21;TREND=1;STRUCT=1;VOL=1;COOL=1;EMA50=1;VWAP=1;BIAS=1,0.00,0.00,23813.66,23813.66,outside the killzone window
1068,2026.05.13 21:45:00,2026.05.14 00:15:00,SKIP,XAUUSD,M15,362,FLAT,NA,DAY,360,0.00,0.00,0.00,0.00,1.00,0.00,0.00,0.00,0.00,0.00,0.00,0.00,0.00,0.00,0.00,0.00,0.00,0.00,4691.89,4692.62,4694.44,4693.33,4693.27,-0.203,8.96,24.59,44.24,37.95,-0.55,0.77,-1.32,4697.18,4686.14,4152,7702,0.0,71.4,11,1,CROSS=EMA9<EMA21;TREND=1;STRUCT=1;VOL=1;COOL=1;EMA50=1;VWAP=1;BIAS=1,0.00,0.00,23813.66,23813.66,outside the killzone window
1069,2026.05.14 01:00:00,2026.05.14 03:30:00,DAY_SUMMARY,XAUUSD,M15,362,FLAT,NA,DAY,360,0.00,0.00,0.00,0.00,1.00,0.00,0.00,0.00,0.00,0.00,0.00,0.00,0.00,0.00,0.00,0.00,0.41,51.74,4689.80,4690.64,4692.80,4690.05,4690.83,-0.344,6.28,21.44,47.14,48.37,-0.97,-1.18,0.21,4696.51,4688.78,1343,4949,14.3,57.1,12,1,CROSS=EMA9<EMA21;TREND=1;STRUCT=1;VOL=1;COOL=1;EMA50=1;VWAP=1;BIAS=1,0.00,0.00,23813.66,23813.66,2026.05.13 trades=2 W=1 L=1 gross_profit=112.72 gross_loss=60.98 net=51.74 PF=1.85
1070,2026.05.14 01:30:00,2026.05.14 04:00:00,ENTRY,XAUUSD,M15,364,BUY,FULLTGT,DAY,0,4697.26,4684.77,4684.77,12.49,1.00,12.49,4709.75,4722.24,4734.72,4747.21,4759.70,0.09,0.09,0.09,4697.26,0.00,0.00,0.00,4691.43,4691.25,4692.90,4690.08,4690.69,-0.264,6.24,19.49,56.45,61.74,-0.22,-1.05,0.83,4693.27,4696.86,2778,4500,71.4,0.0,40,1,CROSS=EMA9>EMA21;TREND=1;STRUCT=1;VOL=1;COOL=1;EMA50=1;VWAP=1;BIAS=1,0.00,0.00,23813.34,23809.74,KZ=ASIA; KZR=Asia L @ 4670.12 34 bars ago (low taken); DAY 12AM-4PM IST session: stop x1.00 of usual; no partials; full size to TP5; SL steps BE->TP1->TP2->TP3
1071,2026.05.14 04:13:20,2026.05.14 06:43:20,EXIT_SL,XAUUSD,M15,364,BUY,FULLTGT,DAY,0,4697.26,4684.77,4684.77,12.49,1.00,12.49,4709.75,4722.24,4734.72,4747.21,4759.70,0.09,0.09,0.00,4684.68,0.00,-1.01,-113.86,4699.35,4696.45,4695.08,4697.91,4695.58,0.249,5.50,16.08,62.94,38.92,2.53,1.70,0.83,4697.95,4705.10,3222,3001,71.4,14.3,12,1,CROSS=EMA9>EMA21;TREND=1;STRUCT=1;VOL=1;COOL=1;EMA50=1;VWAP=1;BIAS=1,0.79,-0.99,23699.80,23699.80,stopped at the initial SL (x1.00 of usual)
1072,2026.05.14 04:45:00,2026.05.14 07:15:00,ENTRY,XAUUSD,M15,366,SELL,FULLTGT,DAY,0,4688.86,4701.97,4701.97,13.11,1.00,13.11,4675.75,4662.65,4649.54,4636.44,4623.33,0.09,0.09,0.09,4688.86,0.00,0.00,0.00,4694.88,4694.90,4694.53,4696.38,4695.50,0.057,6.55,16.24,44.08,40.51,0.47,1.58,-1.11,4695.31,4688.86,7015,3489,0.0,85.7,6,1,CROSS=EMA9<EMA21;TREND=1;STRUCT=1;VOL=1;COOL=1;EMA50=1;VWAP=1;BIAS=1,0.00,0.00,23699.48,23698.94,KZ=ASIA; KZR=Asia L @ 4670.12 47 bars ago (low taken); DAY 12AM-4PM IST session: stop x1.00 of usual; no partials; full size to TP5; SL steps BE->TP1->TP2->TP3
1073,2026.05.14 06:48:02,2026.05.14 09:18:02,SL_MOVE,XAUUSD,M15,366,SELL,FULLTGT,DAY,0,4688.86,4701.97,4688.86,13.11,1.00,13.11,4675.75,4662.65,4649.54,4636.44,4623.33,0.09,0.00,0.09,4688.86,1.00,0.00,0.00,4687.34,4690.59,4692.53,4690.06,4692.00,-0.219,8.87,16.76,37.66,36.95,-2.53,-0.87,-1.66,4691.97,4676.45,4457,4913,0.0,71.4,9,1,CROSS=EMA9<EMA21;TREND=1;STRUCT=1;VOL=1;COOL=1;EMA50=1;VWAP=1;BIAS=1,0.99,-0.84,23699.48,23817.65,stop to breakeven
1074,2026.05.14 06:48:02,2026.05.14 09:18:02,TP1_REACHED,XAUUSD,M15,366,SELL,FULLTGT,DAY,0,4688.86,4701.97,4688.86,13.11,1.00,13.11,4675.75,4662.65,4649.54,4636.44,4623.33,0.09,0.00,0.09,4675.75,1.00,1.00,0.00,4687.34,4690.59,4692.53,4690.06,4692.00,-0.219,8.87,16.76,37.66,36.95,-2.53,-0.87,-1.66,4691.97,4676.45,4457,4913,0.0,71.4,9,1,CROSS=EMA9<EMA21;TREND=1;STRUCT=1;VOL=1;COOL=1;EMA50=1;VWAP=1;BIAS=1,0.99,-0.84,23699.48,23817.65,full target: no partial booked
1075,2026.05.14 07:23:36,2026.05.14 09:53:36,EXIT_BE,XAUUSD,M15,366,SELL,FULLTGT,DAY,0,4688.86,4701.97,4688.86,13.11,1.00,13.11,4675.75,4662.65,4649.54,4636.44,4623.33,0.09,0.09,0.00,4688.93,0.00,-0.01,-1.27,4684.35,4688.55,4691.47,4684.89,4689.18,-0.314,9.30,22.72,43.87,49.19,-3.51,-1.69,-1.82,4690.79,4682.22,4747,5207,0.0,71.4,11,1,CROSS=EMA9<EMA21;TREND=1;STRUCT=1;VOL=1;COOL=1;EMA50=1;VWAP=1;BIAS=1,1.52,-0.84,23698.53,23698.53,stopped at breakeven
1076,2026.05.14 07:45:00,2026.05.14 10:15:00,SKIP,XAUUSD,M15,366,FLAT,NA,DAY,0,0.00,0.00,0.00,0.00,1.00,0.00,0.00,0.00,0.00,0.00,0.00,0.00,0.00,0.00,0.00,0.00,0.00,0.00,4691.37,4691.18,4692.41,4687.97,4689.81,-0.114,10.69,18.99,59.51,64.98,-0.47,-1.85,1.38,4691.75,4704.96,5663,5589,85.7,0.0,6,1,CROSS=EMA9<EMA21;TREND=1;STRUCT=1;VOL=1;COOL=1;EMA50=1;VWAP=1;BIAS=1,0.00,0.00,23698.53,23698.53,outside the killzone window
1077,2026.05.14 12:45:00,2026.05.14 15:15:00,SKIP,XAUUSD,M15,366,FLAT,NA,DAY,0,0.00,0.00,0.00,0.00,1.00,0.00,0.00,0.00,0.00,0.00,0.00,0.00,0.00,0.00,0.00,0.00,0.00,0.00,4695.85,4695.85,4694.87,4695.90,4695.88,0.109,9.06,18.17,50.06,48.76,0.47,1.66,-1.19,4694.52,4695.64,6248,5751,42.9,42.9,6,1,CROSS=EMA9<EMA21;TREND=1;STRUCT=1;VOL=1;COOL=1;EMA50=1;VWAP=1;BIAS=1,0.00,0.00,23698.53,23698.53,outside the killzone window
1078,2026.05.14 13:00:00,2026.05.14 15:30:00,ENTRY,XAUUSD,M15,368,BUY,FULLTGT,DAY,0,4699.71,4681.99,4681.99,17.72,1.00,17.72,4717.43,4735.16,4752.88,4770.61,4788.33,0.06,0.06,0.06,4699.71,0.00,0.00,0.00,4696.60,4696.20,4695.05,4695.85,4695.85,0.129,8.86,16.92,52.85,54.16,0.72,1.44,-0.72,4694.63,4699.62,5632,5856,57.1,14.3,9,1,CROSS=EMA9>EMA21;TREND=1;STRUCT=1;VOL=1;COOL=1;EMA50=1;VWAP=1;BIAS=1,0.00,0.00,23698.32,23697.78,KZ=NY; KZR=Asia L @ 4670.12 80 bars ago (low taken); DAY 12AM-4PM IST session: stop x1.00 of usual; no partials; full size to TP5; SL steps BE->TP1->TP2->TP3
1079,2026.05.14 14:30:00,2026.05.14 17:00:00,FLIP,XAUUSD,M15,368,BUY,FULLTGT,EVENING,0,4699.71,4681.99,4681.99,17.72,1.00,17.72,4717.43,4735.16,4752.88,4770.61,4788.33,0.06,0.00,0.00,4692.01,0.00,-0.43,0.00,4695.71,4695.96,4695.20,4696.63,4696.36,0.088,8.55,14.81,46.58,41.33,0.09,0.52,-0.43,4694.80,4692.01,4174,5726,0.0,71.4,10,1,CROSS=EMA9<EMA21;TREND=1;STRUCT=1;VOL=1;COOL=1;EMA50=1;VWAP=1;BIAS=1,0.33,-0.58,23698.32,23652.12,opposite signal before SL/target | BUY -> SELL | closing trade 368
1080,2026.05.14 14:30:00,2026.05.14 17:00:00,EXIT_FLIP,XAUUSD,M15,368,BUY,FULLTGT,EVENING,0,4699.71,4681.99,4681.99,17.72,1.00,17.72,4717.43,4735.16,4752.88,4770.61,4788.33,0.06,0.06,0.00,4692.01,0.00,-0.43,0.00,4695.71,4695.96,4695.20,4696.63,4696.36,0.088,8.55,14.81,46.58,41.33,0.09,0.52,-0.43,4694.80,4692.01,4174,5726,0.0,71.4,10,1,CROSS=EMA9<EMA21;TREND=1;STRUCT=1;VOL=1;COOL=1;EMA50=1;VWAP=1;BIAS=1,0.33,-0.58,23651.91,23651.91,FLIP exit
1081,2026.05.14 14:30:00,2026.05.14 17:00:00,EXIT_OTHER,XAUUSD,M15,368,BUY,FULLTGT,EVENING,0,4699.71,4681.99,4681.99,17.72,1.00,17.72,4717.43,4735.16,4752.88,4770.61,4788.33,0.06,0.06,0.00,4692.01,0.00,-0.43,-46.62,4695.71,4695.96,4695.20,4696.63,4696.36,0.088,8.55,14.81,46.58,41.33,0.09,0.52,-0.43,4694.80,4692.01,4174,5726,0.0,71.4,10,1,CROSS=EMA9<EMA21;TREND=1;STRUCT=1;VOL=1;COOL=1;EMA50=1;VWAP=1;BIAS=1,0.33,-0.58,23651.91,23651.91,FLIP exit
1082,2026.05.14 14:30:00,2026.05.14 17:00:00,ENTRY,XAUUSD,M15,370,SELL,FULLTGT,EVENING,368,4692.01,4709.12,4709.12,17.11,1.00,17.11,4674.90,4657.80,4640.69,4623.58,4606.48,0.06,0.06,0.06,4692.01,0.00,0.00,0.00,4695.71,4695.96,4695.20,4696.63,4696.36,0.088,8.55,14.81,46.58,41.33,0.09,0.52,-0.43,4694.80,4692.01,4174,5726,0.0,71.4,10,1,CROSS=EMA9<EMA21;TREND=1;STRUCT=1;VOL=1;COOL=1;EMA50=1;VWAP=1;BIAS=1,0.00,0.00,23651.70,23651.10,KZ=NY; KZR=Asia L @ 4670.12 86 bars ago (low taken); EVENING 4PM-12AM IST session: stop x1.00 of usual; no partials; full size to TP5; SL steps BE->TP1->TP2->TP3; flipped from trade 368
1083,2026.05.14 15:15:00,2026.05.14 17:45:00,FLIP,XAUUSD,M15,370,SELL,FULLTGT,EVENING,0,4692.01,4709.12,4709.12,17.11,1.00,17.11,4674.90,4657.80,4640.69,4623.58,4606.48,0.06,0.00,0.00,4703.98,0.00,-0.70,0.00,4697.07,4696.50,4695.52,4695.36,4695.76,0.111,8.81,13.53,56.66,59.57,0.58,0.38,0.20,4694.97,4703.88,6030,5699,85.7,0.0,10,1,CROSS=EMA9>EMA21;TREND=1;STRUCT=1;VOL=1;COOL=1;EMA50=1;VWAP=1;BIAS=1,0.06,-0.76,23651.70,23579.88,opposite signal before SL/target | SELL -> BUY | closing trade 370
1084,2026.05.14 15:15:00,2026.05.14 17:45:00,EXIT_FLIP,XAUUSD,M15,370,SELL,FULLTGT,EVENING,0,4692.01,4709.12,4709.12,17.11,1.00,17.11,4674.90,4657.80,4640.69,4623.58,4606.48,0.06,0.06,0.00,4703.98,0.00,-0.70,0.00,4697.07,4696.50,4695.52,4695.36,4695.76,0.111,8.81,13.53,56.66,59.57,0.58,0.38,0.20,4694.97,4703.88,6030,5699,85.7,0.0,10,1,CROSS=EMA9>EMA21;TREND=1;STRUCT=1;VOL=1;COOL=1;EMA50=1;VWAP=1;BIAS=1,0.06,-0.76,23579.67,23579.67,FLIP exit
1085,2026.05.14 15:15:00,2026.05.14 17:45:00,EXIT_OTHER,XAUUSD,M15,370,SELL,FULLTGT,EVENING,0,4692.01,4709.12,4709.12,17.11,1.00,17.11,4674.90,4657.80,4640.69,4623.58,4606.48,0.06,0.06,0.00,4703.98,0.00,-0.70,-72.24,4697.07,4696.50,4695.52,4695.36,4695.76,0.111,8.81,13.53,56.66,59.57,0.58,0.38,0.20,4694.97,4703.88,6030,5699,85.7,0.0,10,1,CROSS=EMA9>EMA21;TREND=1;STRUCT=1;VOL=1;COOL=1;EMA50=1;VWAP=1;BIAS=1,0.06,-0.76,23579.67,23579.67,FLIP exit
1086,2026.05.14 15:15:00,2026.05.14 17:45:00,ENTRY,XAUUSD,M15,372,BUY,FULLTGT,EVENING,370,4703.98,4686.36,4686.36,17.62,1.00,17.62,4721.60,4739.21,4756.83,4774.45,4792.07,0.06,0.06,0.06,4703.98,0.00,0.00,0.00,4697.07,4696.50,4695.52,4695.36,4695.76,0.111,8.81,13.53,56.66,59.57,0.58,0.38,0.20,4694.97,4703.88,6030,5699,85.7,0.0,10,1,CROSS=EMA9>EMA21;TREND=1;STRUCT=1;VOL=1;COOL=1;EMA50=1;VWAP=1;BIAS=1,0.00,0.00,23579.46,23578.86,KZ=NY; KZR=Asia L @ 4670.12 89 bars ago (low taken); EVENING 4PM-12AM IST session: stop x1.00 of usual; no partials; full size to TP5; SL steps BE->TP1->TP2->TP3; flipped from trade 370
1087,2026.05.14 16:30:05,2026.05.14 19:00:05,EXIT_SL,XAUUSD,M15,372,BUY,FULLTGT,EVENING,370,4703.98,4686.36,4686.36,17.62,1.00,17.62,4721.60,4739.21,4756.83,4774.45,4792.07,0.06,0.06,0.00,4686.36,0.00,-1.00,-106.14,4698.08,4697.55,4696.25,4700.52,4698.48,0.151,8.61,15.17,43.13,39.51,0.74,0.74,0.00,4695.63,4688.32,8997,6011,28.6,57.1,10,1,CROSS=EMA9>EMA21;TREND=1;STRUCT=1;VOL=1;COOL=1;EMA50=1;VWAP=1;BIAS=1,0.35,-1.00,23473.53,23473.53,stopped at the initial SL (x1.00 of usual)
1088,2026.05.14 16:45:00,2026.05.14 19:15:00,ENTRY,XAUUSD,M15,374,SELL,FULLTGT,EVENING,0,4676.86,4695.58,4695.58,18.72,1.00,18.72,4658.14,4639.42,4620.70,4601.98,4583.26,0.06,0.06,0.06,4676.86,0.00,0.00,0.00,4693.84,4695.67,4695.49,4698.08,4697.55,0.020,9.36,17.88,36.66,31.58,-1.00,0.62,-1.62,4694.84,4676.88,15242,6488,0.0,85.7,12,1,CROSS=EMA9<EMA21;TREND=1;STRUCT=1;VOL=1;COOL=1;EMA50=1;VWAP=1;BIAS=1,0.00,0.00,23473.32,23472.60,KZ=NY; KZR=Asia L @ 4670.12 95 bars ago (low taken); EVENING 4PM-12AM IST session: stop x1.00 of usual; no partials; full size to TP5; SL steps BE->TP1->TP2->TP3
1089,2026.05.14 17:20:04,2026.05.14 19:50:04,EXIT_SL,XAUUSD,M15,374,SELL,FULLTGT,EVENING,0,4676.86,4695.58,4695.58,18.72,1.00,18.72,4658.14,4639.42,4620.70,4601.98,4583.26,0.06,0.06,0.00,4695.60,0.00,-1.00,-112.86,4690.35,4693.63,4694.59,4690.99,4694.21,-0.096,9.97,20.91,45.55,52.33,-2.35,0.12,-2.47,4693.88,4687.80,13808,7601,28.6,57.1,10,1,CROSS=EMA9<EMA21;TREND=1;STRUCT=1;VOL=1;COOL=1;EMA50=1;VWAP=1;BIAS=1,0.05,-1.00,23360.67,23360.67,stopped at the initial SL (x1.00 of usual)
1090,2026.05.15 01:00:00,2026.05.15 03:30:00,DAY_SUMMARY,XAUUSD,M15,374,FLAT,NA,DAY,0,0.00,0.00,0.00,0.00,1.00,0.00,0.00,0.00,0.00,0.00,0.00,0.00,0.00,0.00,0.00,0.00,-4.15,-452.99,4656.73,4666.19,4677.49,4657.83,4667.57,-1.777,6.36,65.64,31.38,39.70,-9.48,-7.48,-2.00,4688.72,4652.36,1787,5048,0.0,85.7,12,1,CROSS=EMA9<EMA21;TREND=1;STRUCT=1;VOL=1;COOL=1;EMA50=1;VWAP=1;BIAS=1,0.00,0.00,23360.67,23360.67,2026.05.14 trades=6 W=0 L=6 gross_profit=0.00 gross_loss=452.99 net=-452.99 PF=0.00
1091,2026.05.15 20:45:00,2026.05.15 23:15:00,SKIP,XAUUSD,M15,374,FLAT,NA,EVENING,0,0.00,0.00,0.00,0.00,1.00,0.00,0.00,0.00,0.00,0.00,0.00,0.00,0.00,0.00,0.00,0.00,0.00,0.00,4551.34,4550.36,4563.70,4548.96,4549.31,-0.915,14.57,27.60,55.27,61.99,-1.29,-4.46,3.16,4573.46,4560.86,6357,12753,71.4,14.3,5,1,CROSS=EMA9<EMA21;TREND=1;STRUCT=1;VOL=1;COOL=1;EMA50=1;VWAP=1;BIAS=1,0.00,0.00,23360.67,23360.67,outside the killzone window
1092,2026.05.15 23:15:00,2026.05.16 01:45:00,SKIP,XAUUSD,M15,374,FLAT,NA,DAY,0,0.00,0.00,0.00,0.00,1.00,0.00,0.00,0.00,0.00,0.00,0.00,0.00,0.00,0.00,0.00,0.00,0.00,0.00,4549.67,4551.22,4560.10,4552.51,4552.51,-1.000,8.88,18.70,39.88,31.76,-1.45,0.34,-1.79,4572.10,4538.32,4744,7695,0.0,71.4,7,1,CROSS=EMA9<EMA21;TREND=1;STRUCT=1;VOL=1;COOL=1;EMA50=1;VWAP=1;BIAS=1,0.00,0.00,23360.67,23360.67,outside the killzone window
1093,2026.05.18 01:00:00,2026.05.18 03:30:00,WEEK_SUMMARY,XAUUSD,M15,374,FLAT,NA,DAY,0,0.00,0.00,0.00,0.00,1.00,0.00,0.00,0.00,0.00,0.00,0.00,0.00,0.00,0.00,0.00,0.00,-1.74,-172.45,4544.64,4548.28,4557.76,4546.14,4549.24,-1.184,8.01,20.80,40.54,36.60,-3.23,-0.80,-2.43,4571.81,4538.64,1909,6275,0.0,71.4,12,1,CROSS=EMA9<EMA21;TREND=1;STRUCT=1;VOL=1;COOL=1;EMA50=1;VWAP=1;BIAS=1,0.00,0.00,23360.67,23360.67,days=4 trades=11 W=3 L=8 gross_profit=455.52 gross_loss=627.97 net=-172.45 PF=0.73 pips=-2548.0
1094,2026.05.18 06:45:00,2026.05.18 09:15:00,ENTRY,XAUUSD,M15,376,BUY,FULLTGT,DAY,0,4545.80,4512.73,4512.73,33.07,1.00,33.07,4578.87,4611.94,4645.00,4678.07,4711.14,0.03,0.03,0.03,4545.80,0.00,0.00,0.00,4532.65,4531.22,4540.26,4529.39,4529.77,-0.547,16.53,20.73,56.05,62.04,-1.09,-5.99,4.91,4521.73,4545.68,8631,10123,71.4,0.0,12,1,CROSS=EMA9>EMA21;TREND=1;STRUCT=1;VOL=1;COOL=1;EMA50=1;VWAP=1;BIAS=1,0.00,0.00,23360.56,23360.20,KZ=ASIA; KZR=NY L @ 4511.37 12 bars ago (low taken); DAY 12AM-4PM IST session: stop x1.00 of usual; no partials; full size to TP5; SL steps BE->TP1->TP2->TP3
1095,2026.05.18 14:15:00,2026.05.18 16:45:00,SKIP,XAUUSD,M15,376,BUY,FULLTGT,EVENING,0,4545.80,4512.73,4512.73,33.07,1.00,33.07,4578.87,4611.94,4645.00,4678.07,4711.14,0.03,0.00,0.00,0.00,0.00,0.00,0.00,4542.05,4542.36,4542.22,4542.67,4542.64,0.015,9.29,29.04,47.32,48.06,0.43,1.83,-1.39,4531.72,4539.56,6598,6382,14.3,85.7,9,1,CROSS=EMA9<EMA21;TREND=1;STRUCT=1;VOL=1;COOL=1;EMA50=1;VWAP=0;BIAS=1,0.43,-0.48,23360.56,23341.84,quality filter
1096,2026.05.18 14:45:00,2026.05.18 17:15:00,SKIP,XAUUSD,M15,376,BUY,FULLTGT,EVENING,0,4545.80,4512.73,4512.73,33.07,1.00,33.07,4578.87,4611.94,4645.00,4678.07,4711.14,0.03,0.00,0.00,0.00,0.00,0.00,0.00,4545.15,4543.66,4542.78,4540.89,4541.81,0.087,10.03,27.33,64.62,68.62,1.56,1.27,0.29,4532.57,4562.18,14875,6564,100.0,0.0,10,1,CROSS=EMA9>EMA21;TREND=1;STRUCT=1;VOL=1;COOL=1;EMA50=1;VWAP=1;BIAS=1,0.64,-0.48,23360.56,23409.70,already positioned that way
1097,2026.05.18 16:33:36,2026.05.18 19:03:36,SL_MOVE,XAUUSD,M15,376,BUY,FULLTGT,EVENING,0,4545.80,4512.73,4545.80,33.07,1.00,33.07,4578.87,4611.94,4645.00,4678.07,4711.14,0.03,0.00,0.03,4545.80,1.00,0.00,0.00,4561.31,4553.45,4547.70,4558.62,4551.58,0.522,11.02,23.76,64.35,61.49,6.97,3.45,3.52,4536.80,4572.09,7784,7570,85.7,0.0,10,1,CROSS=EMA9>EMA21;TREND=1;STRUCT=1;VOL=1;COOL=1;EMA50=1;VWAP=1;BIAS=1,0.99,-0.48,23360.56,23460.01,stop to breakeven
1098,2026.05.18 16:33:36,2026.05.18 19:03:36,TP1_REACHED,XAUUSD,M15,376,BUY,FULLTGT,EVENING,0,4545.80,4512.73,4545.80,33.07,1.00,33.07,4578.87,4611.94,4645.00,4678.07,4711.14,0.03,0.00,0.03,4578.87,1.00,1.00,0.00,4561.31,4553.45,4547.70,4558.62,4551.58,0.522,11.02,23.76,64.35,61.49,6.97,3.45,3.52,4536.80,4572.09,7784,7570,85.7,0.0,10,1,CROSS=EMA9>EMA21;TREND=1;STRUCT=1;VOL=1;COOL=1;EMA50=1;VWAP=1;BIAS=1,0.99,-0.48,23360.56,23460.01,full target: no partial booked
1099,2026.05.18 17:34:30,2026.05.18 20:04:30,EXIT_BE,XAUUSD,M15,376,BUY,FULLTGT,EVENING,0,4545.80,4512.73,4545.80,33.07,1.00,33.07,4578.87,4611.94,4645.00,4678.07,4711.14,0.03,0.03,0.00,4545.78,0.00,-0.00,-0.28,4564.25,4557.66,4550.54,4564.89,4557.26,0.571,12.46,24.96,54.15,47.69,6.80,6.04,0.76,4540.20,4561.73,12617,9530,57.1,28.6,10,1,CROSS=EMA9>EMA21;TREND=1;STRUCT=1;VOL=1;COOL=1;EMA50=1;VWAP=1;BIAS=1,1.16,-0.48,23360.39,23360.39,stopped at breakeven
1100,2026.05.18 18:30:00,2026.05.18 21:00:00,SKIP,XAUUSD,M15,376,FLAT,NA,EVENING,0,0.00,0.00,0.00,0.00,1.00,0.00,0.00,0.00,0.00,0.00,0.00,0.00,0.00,0.00,0.00,0.00,0.00,0.00,4550.63,4552.67,4549.31,4554.60,4554.46,0.237,14.14,27.89,39.26,36.18,0.21,5.24,-5.03,4540.46,4534.73,10979,11208,0.0,85.7,5,1,CROSS=EMA9>EMA21;TREND=1;STRUCT=1;VOL=1;COOL=1;EMA50=1;VWAP=1;BIAS=1,0.00,0.00,23360.39,23360.39,outside the killzone window
1101,2026.05.18 22:45:00,2026.05.19 01:15:00,SKIP,XAUUSD,M15,376,FLAT,NA,DAY,0,0.00,0.00,0.00,0.00,1.00,0.00,0.00,0.00,0.00,0.00,0.00,0.00,0.00,0.00,0.00,0.00,0.00,0.00,4549.24,4548.70,4548.22,4546.98,4547.75,0.044,10.87,25.92,56.55,61.52,0.03,-1.15,1.18,4541.54,4558.25,7415,8543,85.7,0.0,6,1,CROSS=EMA9>EMA21;TREND=1;STRUCT=1;VOL=1;COOL=1;EMA50=1;VWAP=1;BIAS=1,0.00,0.00,23360.39,23360.39,outside the killzone window
1102,2026.05.19 01:00:01,2026.05.19 03:30:01,DAY_SUMMARY,XAUUSD,M15,376,FLAT,NA,DAY,0,0.00,0.00,0.00,0.00,1.00,0.00,0.00,0.00,0.00,0.00,0.00,0.00,0.00,0.00,0.00,0.00,-0.00,-0.28,4558.95,4554.23,4550.92,4557.16,4553.04,0.383,8.65,25.78,61.42,63.11,3.76,0.79,2.97,4542.02,4566.12,1577,6589,85.7,0.0,12,1,CROSS=EMA9>EMA21;TREND=1;STRUCT=1;VOL=1;COOL=1;EMA50=1;VWAP=1;BIAS=1,0.00,0.00,23360.39,23360.39,2026.05.18 trades=1 W=0 L=1 gross_profit=0.00 gross_loss=0.28 net=-0.28 PF=0.00
1103,2026.05.19 05:15:00,2026.05.19 07:45:00,ENTRY,XAUUSD,M15,378,SELL,FULLTGT,DAY,0,4554.69,4572.26,4572.26,17.57,1.00,17.57,4537.12,4519.55,4501.98,4484.41,4466.84,0.06,0.06,0.06,4554.69,0.00,0.00,0.00,4565.70,4566.61,4561.08,4568.45,4567.81,0.630,8.78,30.31,42.05,34.74,1.08,4.85,-3.77,4569.86,4554.69,7765,3829,0.0,100.0,5,1,CROSS=EMA9<EMA21;TREND=1;STRUCT=1;VOL=1;COOL=1;EMA50=1;VWAP=1;BIAS=1,0.00,0.00,23360.18,23359.88,KZ=ASIA; KZR=NY L @ 4511.37 102 bars ago (low taken); DAY 12AM-4PM IST session: stop x1.00 of usual; no partials; full size to TP5; SL steps BE->TP1->TP2->TP3
1104,2026.05.19 08:22:35,2026.05.19 10:52:35,SL_MOVE,XAUUSD,M15,378,SELL,FULLTGT,DAY,0,4554.69,4572.26,4554.69,17.57,1.00,17.57,4537.12,4519.55,4501.98,4484.41,4466.84,0.06,0.00,0.06,4554.69,1.00,0.00,0.00,4545.58,4552.25,4555.47,4545.76,4552.98,-0.335,9.63,44.20,41.07,41.89,-6.09,-4.77,-1.32,4561.44,4544.85,3201,4608,0.0,85.7,12,1,CROSS=EMA9<EMA21;TREND=1;STRUCT=1;VOL=1;COOL=1;EMA50=1;VWAP=1;BIAS=1,1.00,-0.45,23360.18,23465.60,stop to breakeven
1105,2026.05.19 08:22:35,2026.05.19 10:52:35,TP1_REACHED,XAUUSD,M15,378,SELL,FULLTGT,DAY,0,4554.69,4572.26,4554.69,17.57,1.00,17.57,4537.12,4519.55,4501.98,4484.41,4466.84,0.06,0.00,0.06,4537.12,1.00,1.00,0.00,4545.58,4552.25,4555.47,4545.76,4552.98,-0.335,9.63,44.20,41.07,41.89,-6.09,-4.77,-1.32,4561.44,4544.85,3201,4608,0.0,85.7,12,1,CROSS=EMA9<EMA21;TREND=1;STRUCT=1;VOL=1;COOL=1;EMA50=1;VWAP=1;BIAS=1,1.00,-0.45,23360.18,23465.60,full target: no partial booked
1106,2026.05.19 10:09:13,2026.05.19 12:39:13,EXIT_BE,XAUUSD,M15,378,SELL,FULLTGT,DAY,0,4554.69,4572.26,4554.69,17.57,1.00,17.57,4537.12,4519.55,4501.98,4484.41,4466.84,0.06,0.06,0.00,4554.87,0.00,-0.01,-1.50,4545.85,4548.65,4552.76,4545.28,4548.71,-0.458,8.98,27.47,47.89,53.68,-3.82,-5.68,1.86,4555.68,4548.13,5548,5297,42.9,57.1,11,1,CROSS=EMA9<EMA21;TREND=1;STRUCT=1;VOL=1;COOL=1;EMA50=1;VWAP=1;BIAS=1,1.35,-0.45,23358.89,23358.89,stopped at breakeven
1107,2026.05.20 01:00:01,2026.05.20 03:30:01,DAY_SUMMARY,XAUUSD,M15,378,FLAT,NA,DAY,0,0.00,0.00,0.00,0.00,1.00,0.00,0.00,0.00,0.00,0.00,0.00,0.00,0.00,0.00,0.00,0.00,-0.01,-1.50,4487.61,4494.84,4509.25,4489.04,4496.13,-2.069,6.96,59.70,35.12,32.29,-8.00,-7.17,-0.83,4522.92,4481.92,1522,6014,0.0,85.7,12,1,CROSS=EMA9<EMA21;TREND=1;STRUCT=1;VOL=1;COOL=1;EMA50=1;VWAP=1;BIAS=1,0.00,0.00,23358.89,23358.89,2026.05.19 trades=1 W=0 L=1 gross_profit=0.00 gross_loss=1.50 net=-1.50 PF=0.00
1108,2026.05.20 03:45:00,2026.05.20 06:15:00,ENTRY,XAUUSD,M15,380,BUY,FULLTGT,DAY,0,4505.38,4490.47,4490.47,14.91,1.00,14.91,4520.29,4535.20,4550.11,4565.02,4579.93,0.07,0.07,0.07,4505.38,0.00,0.00,0.00,4493.41,4492.47,4502.38,4490.43,4491.19,-1.329,7.45,32.37,60.95,67.92,-1.43,-5.26,3.83,4491.19,4505.31,9238,4610,100.0,0.0,7,1,CROSS=EMA9>EMA21;TREND=1;STRUCT=1;VOL=1;COOL=1;EMA50=1;VWAP=1;BIAS=1,0.00,0.00,23358.64,23358.15,KZ=ASIA; KZR=Asia L @ 4480.48 44 bars ago (low taken); DAY 12AM-4PM IST session: stop x1.00 of usual; no partials; full size to TP5; SL steps BE->TP1->TP2->TP3
1109,2026.05.20 04:03:17,2026.05.20 06:33:17,EXIT_SL,XAUUSD,M15,380,BUY,FULLTGT,DAY,0,4505.38,4490.47,4490.47,14.91,1.00,14.91,4520.29,4535.20,4550.11,4565.02,4579.93,0.07,0.07,0.00,4490.42,0.00,-1.00,-105.22,4494.92,4493.24,4502.32,4493.41,4492.47,-1.193,7.61,31.66,56.23,60.34,-0.63,-4.46,3.82,4492.48,4500.98,5982,4525,85.7,14.3,12,1,CROSS=EMA9>EMA21;TREND=1;STRUCT=1;VOL=1;COOL=1;EMA50=1;VWAP=1;BIAS=1,0.24,-0.99,23253.67,23253.67,stopped at the initial SL (x1.00 of usual)
1110,2026.05.20 04:30:00,2026.05.20 07:00:00,ENTRY,XAUUSD,M15,382,SELL,FULLTGT,DAY,0,4473.68,4491.54,4491.54,17.86,1.00,17.86,4455.82,4437.97,4420.11,4402.26,4384.40,0.06,0.06,0.06,4473.68,0.00,0.00,0.00,4490.29,4491.40,4500.83,4494.44,4493.18,-1.056,8.93,26.38,36.21,32.55,-2.20,-3.19,0.99,4491.58,4473.68,8359,4750,14.3,85.7,12,1,CROSS=EMA9<EMA21;TREND=1;STRUCT=1;VOL=1;COOL=1;EMA50=1;VWAP=1;BIAS=1,0.00,0.00,23253.46,23252.74,KZ=ASIA; KZR=Asia L @ 4480.48 47 bars ago (low taken); DAY 12AM-4PM IST session: stop x1.00 of usual; no partials; full size to TP5; SL steps BE->TP1->TP2->TP3
1111,2026.05.20 06:06:10,2026.05.20 08:36:10,SL_MOVE,XAUUSD,M15,382,SELL,FULLTGT,DAY,0,4473.68,4491.54,4473.68,17.86,1.00,17.86,4455.82,4437.97,4420.11,4402.26,4384.40,0.06,0.00,0.06,4473.68,1.00,0.00,0.00,4476.28,4483.07,4494.82,4479.02,4484.85,-1.001,11.73,27.72,37.61,37.20,-6.54,-3.55,-2.99,4482.50,4465.33,9079,6651,14.3,85.7,12,1,CROSS=EMA9<EMA21;TREND=1;STRUCT=1;VOL=1;COOL=1;EMA50=1;VWAP=1;BIAS=1,1.00,-0.84,23253.46,23360.74,stop to breakeven
1112,2026.05.20 06:06:10,2026.05.20 08:36:10,TP1_REACHED,XAUUSD,M15,382,SELL,FULLTGT,DAY,0,4473.68,4491.54,4473.68,17.86,1.00,17.86,4455.82,4437.97,4420.11,4402.26,4384.40,0.06,0.00,0.06,4455.82,1.00,1.00,0.00,4476.28,4483.07,4494.82,4479.02,4484.85,-1.001,11.73,27.72,37.61,37.20,-6.54,-3.55,-2.99,4482.50,4465.33,9079,6651,14.3,85.7,12,1,CROSS=EMA9<EMA21;TREND=1;STRUCT=1;VOL=1;COOL=1;EMA50=1;VWAP=1;BIAS=1,1.00,-0.84,23253.46,23360.74,full target: no partial booked
1113,2026.05.20 08:21:39,2026.05.20 10:51:39,EXIT_BE,XAUUSD,M15,382,SELL,FULLTGT,DAY,0,4473.68,4491.54,4473.68,17.86,1.00,17.86,4455.82,4437.97,4420.11,4402.26,4384.40,0.06,0.06,0.00,4473.80,0.00,-0.01,-1.14,4466.38,4472.21,4485.46,4465.61,4472.48,-1.051,12.62,23.16,45.69,56.79,-6.93,-7.94,1.01,4477.64,4469.45,4398,7400,28.6,42.9,12,1,CROSS=EMA9<EMA21;TREND=1;STRUCT=1;VOL=1;COOL=1;EMA50=1;VWAP=1;BIAS=1,1.13,-0.84,23252.53,23252.53,stopped at breakeven
1114,2026.05.20 10:30:00,2026.05.20 13:00:00,ENTRY,XAUUSD,M15,384,BUY,FULLTGT,DAY,0,4482.91,4462.60,4462.60,20.31,1.00,20.31,4503.22,4523.52,4543.83,4564.13,4584.44,0.05,0.05,0.05,4482.91,0.00,0.00,0.00,4474.60,4473.56,4482.00,4472.53,4472.63,-0.831,10.15,17.97,57.45,61.29,-0.89,-3.78,2.89,4476.48,4482.85,5590,6403,71.4,0.0,6,1,CROSS=EMA9>EMA21;TREND=1;STRUCT=1;VOL=1;COOL=1;EMA50=1;VWAP=1;BIAS=1,0.00,0.00,23252.35,23252.05,KZ=LONDON; KZR=NY L @ 4464.95 23 bars ago (low taken); DAY 12AM-4PM IST session: stop x1.00 of usual; no partials; full size to TP5; SL steps BE->TP1->TP2->TP3
1115,2026.05.20 15:30:26,2026.05.20 18:00:26,SL_MOVE,XAUUSD,M15,384,BUY,FULLTGT,EVENING,0,4482.91,4462.60,4482.91,20.31,1.00,20.31,4503.22,4523.52,4543.83,4564.13,4584.44,0.05,0.00,0.05,4482.91,1.00,0.00,0.00,4495.12,4489.17,4486.31,4493.97,4488.12,0.351,8.14,43.62,62.29,59.40,5.73,4.64,1.08,4479.76,4499.70,6367,5148,100.0,0.0,10,1,CROSS=EMA9>EMA21;TREND=1;STRUCT=1;VOL=1;COOL=1;EMA50=1;VWAP=1;BIAS=1,1.00,-0.50,23252.35,23353.90,stop to breakeven
1116,2026.05.20 15:30:26,2026.05.20 18:00:26,TP1_REACHED,XAUUSD,M15,384,BUY,FULLTGT,EVENING,0,4482.91,4462.60,4482.91,20.31,1.00,20.31,4503.22,4523.52,4543.83,4564.13,4584.44,0.05,0.00,0.05,4503.22,1.00,1.00,0.00,4495.12,4489.17,4486.31,4493.97,4488.12,0.351,8.14,43.62,62.29,59.40,5.73,4.64,1.08,4479.76,4499.70,6367,5148,100.0,0.0,10,1,CROSS=EMA9>EMA21;TREND=1;STRUCT=1;VOL=1;COOL=1;EMA50=1;VWAP=1;BIAS=1,1.00,-0.50,23252.35,23353.90,full target: no partial booked
1117,2026.05.20 16:58:19,2026.05.20 19:28:19,EXIT_BE,XAUUSD,M15,384,BUY,FULLTGT,EVENING,0,4482.91,4462.60,4482.91,20.31,1.00,20.31,4503.22,4523.52,4543.83,4564.13,4584.44,0.05,0.05,0.00,4482.74,0.00,-0.01,-1.21,4495.23,4491.81,4488.16,4496.53,4491.99,0.412,8.85,32.51,49.88,39.88,4.27,5.47,-1.21,4481.58,4490.00,10766,5685,42.9,57.1,10,1,CROSS=EMA9>EMA21;TREND=1;STRUCT=1;VOL=1;COOL=1;EMA50=1;VWAP=1;BIAS=1,1.15,-0.50,23251.32,23251.32,stopped at breakeven
1118,2026.05.20 17:15:00,2026.05.20 19:45:00,SKIP,XAUUSD,M15,384,FLAT,NA,EVENING,0,0.00,0.00,0.00,0.00,1.00,0.00,0.00,0.00,0.00,0.00,0.00,0.00,0.00,0.00,0.00,0.00,0.00,0.00,4489.67,4489.76,4487.54,4492.82,4491.03,0.245,9.07,31.93,41.17,32.77,1.55,4.79,-3.24,4481.52,4477.08,13956,6272,0.0,100.0,10,1,CROSS=EMA9>EMA21;TREND=1;STRUCT=1;VOL=1;COOL=1;EMA50=1;VWAP=1;BIAS=1,0.00,0.00,23251.32,23251.32,outside the killzone window
1119,2026.05.20 17:30:00,2026.05.20 20:00:00,SKIP,XAUUSD,M15,384,FLAT,NA,EVENING,0,0.00,0.00,0.00,0.00,1.00,0.00,0.00,0.00,0.00,0.00,0.00,0.00,0.00,0.00,0.00,0.00,0.00,0.00,4493.13,4491.32,4488.30,4489.67,4489.76,0.291,10.40,28.92,59.48,62.75,2.75,4.48,-1.73,4482.57,4506.95,27684,7397,85.7,14.3,9,1,CROSS=EMA9>EMA21;TREND=1;STRUCT=1;VOL=1;COOL=1;EMA50=1;VWAP=1;BIAS=1,0.00,0.00,23251.32,23251.32,outside the killzone window
1120,2026.05.21 01:00:00,2026.05.21 03:30:00,DAY_SUMMARY,XAUUSD,M15,384,FLAT,NA,DAY,0,0.00,0.00,0.00,0.00,1.00,0.00,0.00,0.00,0.00,0.00,0.00,0.00,0.00,0.00,0.00,0.00,-1.02,-107.57,4543.15,4536.22,4520.48,4543.03,4535.48,2.683,5.87,47.07,63.93,51.25,8.76,9.92,-1.15,4499.06,4543.62,1534,5586,71.4,14.3,12,1,CROSS=EMA9>EMA21;TREND=1;STRUCT=1;VOL=1;COOL=1;EMA50=1;VWAP=1;BIAS=1,0.00,0.00,23251.32,23251.32,2026.05.20 trades=3 W=0 L=3 gross_profit=0.00 gross_loss=107.57 net=-107.57 PF=0.00
1121,2026.05.21 06:15:00,2026.05.21 08:45:00,ENTRY,XAUUSD,M15,386,SELL,FULLTGT,DAY,0,4538.07,4556.01,4556.01,17.94,1.00,17.94,4520.13,4502.18,4484.24,4466.30,4448.36,0.06,0.06,0.06,4538.07,0.00,0.00,0.00,4544.22,4544.82,4535.10,4545.76,4545.50,1.083,8.97,30.34,45.40,39.79,1.57,5.30,-3.74,4548.91,4538.02,4461,4654,0.0,85.7,7,1,CROSS=EMA9<EMA21;TREND=1;STRUCT=1;VOL=1;COOL=1;EMA50=1;VWAP=1;BIAS=1,0.00,0.00,23251.11,23250.69,KZ=ASIA; KZR=NY L @ 4464.95 102 bars ago (low taken); DAY 12AM-4PM IST session: stop x1.00 of usual; no partials; full size to TP5; SL steps BE->TP1->TP2->TP3
1122,2026.05.21 08:30:18,2026.05.21 11:00:18,SL_MOVE,XAUUSD,M15,386,SELL,FULLTGT,DAY,0,4538.07,4556.01,4538.07,17.94,1.00,17.94,4520.13,4502.18,4484.24,4466.30,4448.36,0.06,0.00,0.06,4538.07,1.00,0.00,0.00,4533.95,4538.15,4534.64,4536.70,4539.68,0.386,9.12,24.35,36.94,29.43,-2.96,-1.22,-1.73,4545.33,4522.92,4648,4696,0.0,71.4,12,1,CROSS=EMA9<EMA21;TREND=1;STRUCT=1;VOL=1;COOL=1;EMA50=1;VWAP=1;BIAS=1,1.00,-0.15,23251.11,23359.17,stop to breakeven
1123,2026.05.21 08:30:18,2026.05.21 11:00:18,TP1_REACHED,XAUUSD,M15,386,SELL,FULLTGT,DAY,0,4538.07,4556.01,4538.07,17.94,1.00,17.94,4520.13,4502.18,4484.24,4466.30,4448.36,0.06,0.00,0.06,4520.13,1.00,1.00,0.00,4533.95,4538.15,4534.64,4536.70,4539.68,0.386,9.12,24.35,36.94,29.43,-2.96,-1.22,-1.73,4545.33,4522.92,4648,4696,0.0,71.4,12,1,CROSS=EMA9<EMA21;TREND=1;STRUCT=1;VOL=1;COOL=1;EMA50=1;VWAP=1;BIAS=1,1.00,-0.15,23251.11,23359.17,full target: no partial booked
1124,2026.05.21 09:21:37,2026.05.21 11:51:37,EXIT_BE,XAUUSD,M15,386,SELL,FULLTGT,DAY,0,4538.07,4556.01,4538.07,17.94,1.00,17.94,4520.13,4502.18,4484.24,4466.30,4448.36,0.06,0.06,0.00,4538.15,0.00,-0.00,-0.90,4531.51,4535.81,4533.96,4531.49,4536.23,0.202,9.17,27.09,45.53,48.21,-3.57,-2.35,-1.22,4542.92,4531.59,6513,4862,28.6,71.4,11,1,CROSS=EMA9<EMA21;TREND=1;STRUCT=1;VOL=1;COOL=1;EMA50=1;VWAP=1;BIAS=1,1.10,-0.15,23250.42,23250.42,stopped at breakeven
1125,2026.05.21 12:30:00,2026.05.21 15:00:00,SKIP,XAUUSD,M15,386,FLAT,NA,DAY,0,0.00,0.00,0.00,0.00,1.00,0.00,0.00,0.00,0.00,0.00,0.00,0.00,0.00,0.00,0.00,0.00,0.00,0.00,4531.57,4531.08,4531.58,4530.22,4530.49,-0.056,8.79,21.57,54.56,60.40,-0.79,-3.71,2.92,4536.99,4537.00,5689,6250,71.4,0.0,11,1,CROSS=EMA9<EMA21;TREND=1;STRUCT=1;VOL=1;COOL=1;EMA50=1;VWAP=1;BIAS=1,0.00,0.00,23250.42,23250.42,outside the killzone window
1126,2026.05.21 13:30:00,2026.05.21 16:00:00,SKIP,XAUUSD,M15,386,FLAT,NA,EVENING,0,0.00,0.00,0.00,0.00,1.00,0.00,0.00,0.00,0.00,0.00,0.00,0.00,0.00,0.00,0.00,0.00,0.00,0.00,4528.78,4529.93,4531.00,4531.45,4531.11,-0.109,9.80,16.89,40.25,33.29,-1.52,-1.65,0.14,4536.12,4518.11,10622,6871,14.3,71.4,10,1,CROSS=EMA9<EMA21;TREND=1;STRUCT=1;VOL=1;COOL=1;EMA50=1;VWAP=1;BIAS=1,0.00,0.00,23250.42,23250.42,already positioned that way
1127,2026.05.21 19:45:00,2026.05.21 22:15:00,SKIP,XAUUSD,M15,386,FLAT,NA,EVENING,0,0.00,0.00,0.00,0.00,1.00,0.00,0.00,0.00,0.00,0.00,0.00,0.00,0.00,0.00,0.00,0.00,0.00,0.00,4512.66,4512.46,4517.86,4511.29,4511.89,-0.507,10.66,27.55,54.29,59.01,-1.42,-3.98,2.55,4522.01,4518.15,5745,11685,71.4,14.3,6,1,CROSS=EMA9<EMA21;TREND=1;STRUCT=1;VOL=1;COOL=1;EMA50=1;VWAP=1;BIAS=1,0.00,0.00,23250.42,23250.42,outside the killzone window
1128,2026.05.22 01:00:01,2026.05.22 03:30:01,DAY_SUMMARY,XAUUSD,M15,386,FLAT,NA,DAY,0,0.00,0.00,0.00,0.00,1.00,0.00,0.00,0.00,0.00,0.00,0.00,0.00,0.00,0.00,0.00,0.00,-0.00,-0.90,4540.83,4535.42,4529.15,4540.28,4534.66,0.767,8.18,30.25,60.11,55.55,6.10,6.87,-0.77,4525.88,4543.05,1251,8609,71.4,14.3,12,1,CROSS=EMA9<EMA21;TREND=1;STRUCT=1;VOL=1;COOL=1;EMA50=1;VWAP=1;BIAS=1,0.00,0.00,23250.42,23250.42,2026.05.21 trades=1 W=0 L=1 gross_profit=0.00 gross_loss=0.90 net=-0.90 PF=0.00
1129,2026.05.22 04:00:00,2026.05.22 06:30:00,SKIP,XAUUSD,M15,386,FLAT,NA,DAY,0,0.00,0.00,0.00,0.00,1.00,0.00,0.00,0.00,0.00,0.00,0.00,0.00,0.00,0.00,0.00,0.00,0.00,0.00,4535.33,4536.17,4532.25,4537.49,4537.12,0.650,6.03,22.74,41.39,34.73,0.64,3.01,-2.37,4536.41,4526.70,5160,3672,0.0,85.7,12,1,CROSS=EMA9<EMA21;TREND=1;STRUCT=1;VOL=1;COOL=1;EMA50=1;VWAP=1;BIAS=1,0.00,0.00,23250.42,23250.42,already positioned that way
1130,2026.05.22 13:15:00,2026.05.22 15:45:00,ENTRY,XAUUSD,M15,388,BUY,FULLTGT,DAY,0,4533.98,4516.57,4516.57,17.41,1.00,17.41,4551.39,4568.81,4586.22,4603.64,4621.05,0.06,0.06,0.06,4533.98,0.00,0.00,0.00,4526.15,4525.40,4526.71,4524.22,4524.55,-0.151,8.71,17.94,58.23,61.84,-0.04,-1.45,1.40,4526.56,4533.87,4944,5808,71.4,0.0,11,1,CROSS=EMA9>EMA21;TREND=1;STRUCT=1;VOL=1;COOL=1;EMA50=1;VWAP=1;BIAS=1,0.00,0.00,23250.21,23249.55,KZ=NY; KZR=NY L @ 4464.95 226 bars ago (low taken); DAY 12AM-4PM IST session: stop x1.00 of usual; no partials; full size to TP5; SL steps BE->TP1->TP2->TP3
1131,2026.05.22 13:37:03,2026.05.22 16:07:03,EXIT_SL,XAUUSD,M15,388,BUY,FULLTGT,EVENING,0,4533.98,4516.57,4516.57,17.41,1.00,17.41,4551.39,4568.81,4586.22,4603.64,4621.05,0.06,0.06,0.00,4516.28,0.00,-1.02,-106.62,4525.89,4525.35,4526.64,4526.15,4525.40,-0.145,8.88,15.56,49.28,40.39,-0.10,-1.26,1.16,4526.58,4524.84,4229,5888,28.6,42.9,11,1,CROSS=EMA9>EMA21;TREND=1;STRUCT=1;VOL=1;COOL=1;EMA50=1;VWAP=1;BIAS=1,0.01,-0.99,23143.80,23143.80,stopped at the initial SL (x1.00 of usual)
1132,2026.05.22 13:45:00,2026.05.22 16:15:00,ENTRY,XAUUSD,M15,390,SELL,FULLTGT,EVENING,0,4512.55,4531.03,4531.03,18.48,1.00,18.48,4494.07,4475.59,4457.11,4438.63,4420.15,0.06,0.06,0.06,4512.55,0.00,0.00,0.00,4523.22,4524.18,4526.08,4525.89,4525.35,-0.206,9.24,16.90,40.22,34.23,-1.12,-1.23,0.11,4526.32,4512.55,6238,5916,14.3,71.4,6,1,CROSS=EMA9<EMA21;TREND=1;STRUCT=1;VOL=1;COOL=1;EMA50=1;VWAP=1;BIAS=1,0.00,0.00,23143.59,23143.23,KZ=NY; KZR=NY L @ 4464.95 228 bars ago (low taken); EVENING 4PM-12AM IST session: stop x1.00 of usual; no partials; full size to TP5; SL steps BE->TP1->TP2->TP3
1133,2026.05.22 15:19:08,2026.05.22 17:49:08,EXIT_SL,XAUUSD,M15,390,SELL,FULLTGT,EVENING,0,4512.55,4531.03,4531.03,18.48,1.00,18.48,4494.07,4475.59,4457.11,4438.63,4420.15,0.06,0.06,0.00,4531.08,0.00,-1.00,-111.60,4521.58,4522.32,4524.67,4519.64,4521.62,-0.304,7.72,16.08,55.22,63.55,-1.21,-1.49,0.28,4525.50,4529.34,7836,5162,71.4,14.3,15,1,CROSS=EMA9<EMA21;TREND=1;STRUCT=1;VOL=1;COOL=1;EMA50=1;VWAP=1;BIAS=1,0.12,-0.99,23032.20,23032.20,stopped at the initial SL (x1.00 of usual)
1134,2026.05.22 16:15:00,2026.05.22 18:45:00,ENTRY,XAUUSD,M15,392,BUY,FULLTGT,EVENING,0,4528.34,4510.86,4510.86,17.48,1.00,17.48,4545.82,4563.30,4580.78,4598.26,4615.74,0.06,0.06,0.06,4528.34,0.00,0.00,0.00,4523.64,4523.05,4524.63,4522.49,4522.53,-0.181,8.74,17.11,53.97,56.29,-0.07,-1.49,1.41,4525.45,4528.24,11139,5964,71.4,14.3,10,1,CROSS=EMA9>EMA21;TREND=1;STRUCT=1;VOL=1;COOL=1;EMA50=1;VWAP=1;BIAS=1,0.00,0.00,23031.99,23031.39,KZ=NY; KZR=NY L @ 4464.95 238 bars ago (low taken); EVENING 4PM-12AM IST session: stop x1.00 of usual; no partials; full size to TP5; SL steps BE->TP1->TP2->TP3
1135,2026.05.22 16:45:00,2026.05.22 19:15:00,FLIP,XAUUSD,M15,392,BUY,FULLTGT,EVENING,0,4528.34,4510.86,4510.86,17.48,1.00,17.48,4545.82,4563.30,4580.78,4598.26,4615.74,0.06,0.00,0.00,4517.76,0.00,-0.61,0.00,4522.24,4522.50,4524.27,4523.36,4522.97,-0.194,9.14,16.08,45.94,43.56,-0.56,-1.04,0.48,4525.17,4517.76,12342,6182,14.3,71.4,10,1,CROSS=EMA9<EMA21;TREND=1;STRUCT=1;VOL=1;COOL=1;EMA50=1;VWAP=1;BIAS=1,0.08,-0.97,23031.99,22968.51,opposite signal before SL/target | BUY -> SELL | closing trade 392
1136,2026.05.22 16:45:00,2026.05.22 19:15:00,EXIT_FLIP,XAUUSD,M15,392,BUY,FULLTGT,EVENING,0,4528.34,4510.86,4510.86,17.48,1.00,17.48,4545.82,4563.30,4580.78,4598.26,4615.74,0.06,0.06,0.00,4517.76,0.00,-0.61,0.00,4522.24,4522.50,4524.27,4523.36,4522.97,-0.194,9.14,16.08,45.94,43.56,-0.56,-1.04,0.48,4525.17,4517.76,12342,6182,14.3,71.4,10,1,CROSS=EMA9<EMA21;TREND=1;STRUCT=1;VOL=1;COOL=1;EMA50=1;VWAP=1;BIAS=1,0.08,-0.97,22968.30,22968.30,FLIP exit
1137,2026.05.22 16:45:00,2026.05.22 19:15:00,EXIT_OTHER,XAUUSD,M15,392,BUY,FULLTGT,EVENING,0,4528.34,4510.86,4510.86,17.48,1.00,17.48,4545.82,4563.30,4580.78,4598.26,4615.74,0.06,0.06,0.00,4517.76,0.00,-0.61,-63.90,4522.24,4522.50,4524.27,4523.36,4522.97,-0.194,9.14,16.08,45.94,43.56,-0.56,-1.04,0.48,4525.17,4517.76,12342,6182,14.3,71.4,10,1,CROSS=EMA9<EMA21;TREND=1;STRUCT=1;VOL=1;COOL=1;EMA50=1;VWAP=1;BIAS=1,0.08,-0.97,22968.30,22968.30,FLIP exit
1138,2026.05.22 16:45:00,2026.05.22 19:15:00,ENTRY,XAUUSD,M15,394,SELL,FULLTGT,EVENING,392,4517.76,4536.04,4536.04,18.28,1.00,18.28,4499.48,4481.20,4462.92,4444.64,4426.36,0.06,0.06,0.06,4517.76,0.00,0.00,0.00,4522.24,4522.50,4524.27,4523.36,4522.97,-0.194,9.14,16.08,45.94,43.56,-0.56,-1.04,0.48,4525.17,4517.76,12342,6182,14.3,71.4,10,1,CROSS=EMA9<EMA21;TREND=1;STRUCT=1;VOL=1;COOL=1;EMA50=1;VWAP=1;BIAS=1,0.00,0.00,22968.09,22967.49,KZ=NY; KZR=NY L @ 4464.95 240 bars ago (low taken); EVENING 4PM-12AM IST session: stop x1.00 of usual; no partials; full size to TP5; SL steps BE->TP1->TP2->TP3; flipped from trade 392
1139,2026.05.22 17:13:41,2026.05.22 19:43:41,SL_MOVE,XAUUSD,M15,394,SELL,FULLTGT,EVENING,392,4517.76,4536.04,4517.76,18.28,1.00,18.28,4499.48,4481.20,4462.92,4444.64,4426.36,0.06,0.00,0.06,4517.76,1.00,0.00,0.00,4520.58,4521.72,4523.86,4522.24,4522.50,-0.237,9.06,14.23,43.30,39.84,-1.18,-0.91,-0.27,4524.79,4513.95,11668,6526,0.0,85.7,39,1,CROSS=EMA9<EMA21;TREND=1;STRUCT=1;VOL=1;COOL=1;EMA50=1;VWAP=1;BIAS=1,1.00,-0.08,22968.09,23077.89,stop to breakeven
1140,2026.05.22 17:13:41,2026.05.22 19:43:41,TP1_REACHED,XAUUSD,M15,394,SELL,FULLTGT,EVENING,392,4517.76,4536.04,4517.76,18.28,1.00,18.28,4499.48,4481.20,4462.92,4444.64,4426.36,0.06,0.00,0.06,4499.48,1.00,1.00,0.00,4520.58,4521.72,4523.86,4522.24,4522.50,-0.237,9.06,14.23,43.30,39.84,-1.18,-0.91,-0.27,4524.79,4513.95,11668,6526,0.0,85.7,39,1,CROSS=EMA9<EMA21;TREND=1;STRUCT=1;VOL=1;COOL=1;EMA50=1;VWAP=1;BIAS=1,1.00,-0.08,22968.09,23077.89,full target: no partial booked
1141,2026.05.22 18:26:05,2026.05.22 20:56:05,EXIT_BE,XAUUSD,M15,394,SELL,FULLTGT,EVENING,392,4517.76,4536.04,4517.76,18.28,1.00,18.28,4499.48,4481.20,4462.92,4444.64,4426.36,0.06,0.06,0.00,4517.77,0.00,-0.00,-0.48,4509.33,4514.65,4520.03,4508.86,4515.00,-0.534,10.08,14.05,46.58,54.91,-4.93,-2.69,-2.24,4521.00,4511.23,9528,8506,28.6,57.1,8,1,CROSS=EMA9<EMA21;TREND=1;STRUCT=1;VOL=1;COOL=1;EMA50=1;VWAP=1;BIAS=1,1.55,-0.08,22967.82,22967.82,stopped at breakeven
1142,2026.05.22 19:30:00,2026.05.22 22:00:00,SKIP,XAUUSD,M15,394,FLAT,NA,EVENING,392,0.00,0.00,0.00,0.00,1.00,0.00,0.00,0.00,0.00,0.00,0.00,0.00,0.00,0.00,0.00,0.00,0.00,0.00,4516.97,4516.83,4520.08,4515.27,4516.14,-0.334,9.73,26.95,54.98,61.40,-0.95,-3.49,2.53,4520.83,4523.78,5065,9030,85.7,0.0,6,1,CROSS=EMA9<EMA21;TREND=1;STRUCT=1;VOL=1;COOL=1;EMA50=1;VWAP=1;BIAS=1,0.00,0.00,22967.82,22967.82,outside the killzone window
1143,2026.05.22 19:45:00,2026.05.22 22:15:00,SKIP,XAUUSD,M15,394,FLAT,NA,EVENING,392,0.00,0.00,0.00,0.00,1.00,0.00,0.00,0.00,0.00,0.00,0.00,0.00,0.00,0.00,0.00,0.00,0.00,0.00,4516.58,4516.67,4519.88,4516.97,4516.83,-0.315,10.20,27.43,48.27,48.05,-0.99,-3.13,2.13,4520.79,4515.04,6285,9137,14.3,71.4,11,1,CROSS=EMA9<EMA21;TREND=1;STRUCT=1;VOL=1;COOL=1;EMA50=1;VWAP=1;BIAS=1,0.00,0.00,22967.82,22967.82,outside the killzone window
1144,2026.05.22 20:15:00,2026.05.22 22:45:00,SKIP,XAUUSD,M15,394,FLAT,NA,EVENING,392,0.00,0.00,0.00,0.00,1.00,0.00,0.00,0.00,0.00,0.00,0.00,0.00,0.00,0.00,0.00,0.00,0.00,0.00,4516.89,4516.78,4519.68,4516.26,4516.52,-0.291,9.97,28.53,51.68,54.60,-0.68,-2.20,1.52,4520.69,4519.40,4913,9064,71.4,14.3,5,1,CROSS=EMA9<EMA21;TREND=1;STRUCT=1;VOL=1;COOL=1;EMA50=1;VWAP=1;BIAS=1,0.00,0.00,22967.82,22967.82,outside the killzone window
1145,2026.05.22 21:45:00,2026.05.23 00:15:00,SKIP,XAUUSD,M15,394,FLAT,NA,DAY,392,0.00,0.00,0.00,0.00,1.00,0.00,0.00,0.00,0.00,0.00,0.00,0.00,0.00,0.00,0.00,0.00,0.00,0.00,4517.18,4517.30,4519.39,4517.67,4517.52,-0.235,8.89,24.36,47.74,46.27,-0.35,-0.25,-0.10,4520.58,4515.19,4680,8393,0.0,71.4,9,1,CROSS=EMA9<EMA21;TREND=1;STRUCT=1;VOL=1;COOL=1;EMA50=1;VWAP=1;BIAS=1,0.00,0.00,22967.82,22967.82,outside the killzone window
1146,2026.05.25 01:00:02,2026.05.25 03:30:02,DAY_SUMMARY,XAUUSD,M15,394,FLAT,NA,DAY,392,0.00,0.00,0.00,0.00,1.00,0.00,0.00,0.00,0.00,0.00,0.00,0.00,0.00,0.00,0.00,0.00,-2.63,-282.60,4509.33,4512.21,4516.14,4509.69,4512.64,-0.632,6.22,31.55,43.98,45.92,-2.79,-2.02,-0.77,4519.86,4507.90,1084,5155,0.0,85.7,12,1,CROSS=EMA9<EMA21;TREND=1;STRUCT=1;VOL=1;COOL=1;EMA50=1;VWAP=1;BIAS=1,0.00,0.00,22967.82,22967.82,2026.05.22 trades=4 W=0 L=4 gross_profit=0.00 gross_loss=282.60 net=-282.60 PF=0.00
1147,2026.05.25 01:00:02,2026.05.25 03:30:02,WEEK_SUMMARY,XAUUSD,M15,394,FLAT,NA,DAY,392,0.00,0.00,0.00,0.00,1.00,0.00,0.00,0.00,0.00,0.00,0.00,0.00,0.00,0.00,0.00,0.00,-3.66,-392.85,4509.33,4512.21,4516.14,4509.69,4512.64,-0.632,6.22,31.55,43.98,45.92,-2.79,-2.02,-0.77,4519.86,4507.90,1084,5155,0.0,85.7,12,1,CROSS=EMA9<EMA21;TREND=1;STRUCT=1;VOL=1;COOL=1;EMA50=1;VWAP=1;BIAS=1,0.00,0.00,22967.82,22967.82,days=5 trades=10 W=0 L=10 gross_profit=0.00 gross_loss=392.85 net=-392.85 PF=0.00 pips=-6235.0
1148,2026.05.25 01:15:00,2026.05.25 03:45:00,ENTRY,XAUUSD,M15,396,BUY,FULLTGT,DAY,0,4554.83,4538.36,4538.36,16.47,1.00,16.47,4571.30,4587.76,4604.23,4620.70,4637.16,0.06,0.06,0.06,4554.83,0.00,0.00,0.00,4518.40,4516.07,4517.65,4509.33,4512.21,-0.192,8.23,27.94,72.87,85.41,0.96,-1.86,2.82,4548.16,4554.69,11728,5415,100.0,0.0,12,1,CROSS=EMA9>EMA21;TREND=1;STRUCT=1;VOL=1;COOL=1;EMA50=1;VWAP=1;BIAS=1,0.00,0.00,22967.61,22966.89,KZ=ASIA; KZR=NY L @ 4464.95 466 bars ago (low taken); DAY 12AM-4PM IST session: stop x1.00 of usual; no partials; full size to TP5; SL steps BE->TP1->TP2->TP3
1149,2026.05.25 02:07:14,2026.05.25 04:37:14,SL_MOVE,XAUUSD,M15,396,BUY,FULLTGT,DAY,0,4554.83,4538.36,4554.83,16.47,1.00,16.47,4571.30,4587.76,4604.23,4620.70,4637.16,0.06,0.00,0.06,4554.83,1.00,0.00,0.00,4538.44,4526.73,4522.29,4531.79,4522.90,0.539,8.24,26.37,74.99,80.27,8.76,0.78,7.99,4552.98,4565.05,4169,5369,85.7,0.0,12,1,CROSS=EMA9>EMA21;TREND=1;STRUCT=1;VOL=1;COOL=1;EMA50=1;VWAP=1;BIAS=1,0.96,-0.38,22967.61,23067.57,stop to breakeven
1150,2026.05.25 02:07:14,2026.05.25 04:37:14,TP1_REACHED,XAUUSD,M15,396,BUY,FULLTGT,DAY,0,4554.83,4538.36,4554.83,16.47,1.00,16.47,4571.30,4587.76,4604.23,4620.70,4637.16,0.06,0.00,0.06,4571.30,1.00,1.00,0.00,4538.44,4526.73,4522.29,4531.79,4522.90,0.539,8.24,26.37,74.99,80.27,8.76,0.78,7.99,4552.98,4565.05,4169,5369,85.7,0.0,12,1,CROSS=EMA9>EMA21;TREND=1;STRUCT=1;VOL=1;COOL=1;EMA50=1;VWAP=1;BIAS=1,0.96,-0.38,22967.61,23067.57,full target: no partial booked
1151,2026.05.25 08:29:00,2026.05.25 10:59:00,EXIT_BE,XAUUSD,M15,396,BUY,FULLTGT,DAY,0,4554.83,4538.36,4554.83,16.47,1.00,16.47,4571.30,4587.76,4604.23,4620.70,4637.16,0.06,0.06,0.00,4554.81,0.00,-0.00,-0.54,4563.14,4560.75,4549.51,4563.03,4560.47,1.557,7.22,15.56,55.59,35.81,4.23,5.69,-1.45,4565.08,4563.58,2307,5618,28.6,42.9,11,1,CROSS=EMA9>EMA21;TREND=1;STRUCT=1;VOL=1;COOL=1;EMA50=1;VWAP=1;BIAS=1,1.54,-0.38,22967.28,22967.28,stopped at breakeven
1152,2026.05.25 09:00:00,2026.05.25 11:30:00,ENTRY,XAUUSD,M15,398,SELL,FULLTGT,DAY,0,4553.40,4568.20,4568.20,14.80,1.00,14.80,4538.60,4523.79,4508.99,4494.18,4479.38,0.07,0.07,0.07,4553.40,0.00,0.00,0.00,4559.08,4559.29,4550.12,4560.50,4559.88,1.238,7.40,21.21,45.84,36.13,1.82,4.11,-2.29,4564.46,4553.40,4979,5165,0.0,71.4,11,1,CROSS=EMA9<EMA21;TREND=1;STRUCT=1;VOL=1;COOL=1;EMA50=1;VWAP=1;BIAS=1,0.00,0.00,22967.03,22966.26,KZ=LONDON; KZR=London H @ 4560.08 29 bars ago (high taken); DAY 12AM-4PM IST session: stop x1.00 of usual; no partials; full size to TP5; SL steps BE->TP1->TP2->TP3
1153,2026.05.25 11:00:00,2026.05.25 13:30:00,FLIP,XAUUSD,M15,398,SELL,FULLTGT,DAY,0,4553.40,4568.20,4568.20,14.80,1.00,14.80,4538.60,4523.79,4508.99,4494.18,4479.38,0.07,0.00,0.00,4564.94,0.00,-0.78,0.00,4559.60,4559.12,4552.46,4558.28,4558.55,1.140,5.85,19.34,56.70,62.34,1.12,0.96,0.16,4563.17,4564.88,3331,4295,71.4,0.0,6,1,CROSS=EMA9>EMA21;TREND=1;STRUCT=1;VOL=1;COOL=1;EMA50=1;VWAP=1;BIAS=1,0.19,-0.80,22967.03,22886.25,opposite signal before SL/target | SELL -> BUY | closing trade 398
1154,2026.05.25 11:00:00,2026.05.25 13:30:00,EXIT_FLIP,XAUUSD,M15,398,SELL,FULLTGT,DAY,0,4553.40,4568.20,4568.20,14.80,1.00,14.80,4538.60,4523.79,4508.99,4494.18,4479.38,0.07,0.07,0.00,4564.94,0.00,-0.78,0.00,4559.60,4559.12,4552.46,4558.28,4558.55,1.140,5.85,19.34,56.70,62.34,1.12,0.96,0.16,4563.17,4564.88,3331,4295,71.4,0.0,6,1,CROSS=EMA9>EMA21;TREND=1;STRUCT=1;VOL=1;COOL=1;EMA50=1;VWAP=1;BIAS=1,0.19,-0.80,22886.00,22886.00,FLIP exit
1155,2026.05.25 11:00:00,2026.05.25 13:30:00,EXIT_OTHER,XAUUSD,M15,398,SELL,FULLTGT,DAY,0,4553.40,4568.20,4568.20,14.80,1.00,14.80,4538.60,4523.79,4508.99,4494.18,4479.38,0.07,0.07,0.00,4564.94,0.00,-0.78,-81.28,4559.60,4559.12,4552.46,4558.28,4558.55,1.140,5.85,19.34,56.70,62.34,1.12,0.96,0.16,4563.17,4564.88,3331,4295,71.4,0.0,6,1,CROSS=EMA9>EMA21;TREND=1;STRUCT=1;VOL=1;COOL=1;EMA50=1;VWAP=1;BIAS=1,0.19,-0.80,22886.00,22886.00,FLIP exit
1156,2026.05.25 11:00:00,2026.05.25 13:30:00,ENTRY,XAUUSD,M15,400,BUY,FULLTGT,DAY,398,4564.94,4553.24,4553.24,11.70,1.00,11.70,4576.64,4588.33,4600.03,4611.72,4623.42,0.09,0.09,0.09,4564.94,0.00,0.00,0.00,4559.60,4559.12,4552.46,4558.28,4558.55,1.140,5.85,19.34,56.70,62.34,1.12,0.96,0.16,4563.17,4564.88,3331,4295,71.4,0.0,6,1,CROSS=EMA9>EMA21;TREND=1;STRUCT=1;VOL=1;COOL=1;EMA50=1;VWAP=1;BIAS=1,0.00,0.00,22885.68,22885.14,KZ=LONDON; KZR=London H @ 4560.08 37 bars ago (high taken); DAY 12AM-4PM IST session: stop x1.00 of usual; no partials; full size to TP5; SL steps BE->TP1->TP2->TP3; flipped from trade 398
1157,2026.05.25 11:45:00,2026.05.25 14:15:00,FLIP,XAUUSD,M15,400,BUY,FULLTGT,DAY,0,4564.94,4553.24,4553.24,11.70,1.00,11.70,4576.64,4588.33,4600.03,4611.72,4623.42,0.09,0.00,0.00,4554.73,0.00,-0.87,0.00,4558.11,4558.55,4552.96,4558.95,4558.93,0.966,5.78,18.22,46.72,40.91,0.32,0.78,-0.46,4562.95,4554.73,2853,4136,0.0,71.4,5,1,CROSS=EMA9<EMA21;TREND=1;STRUCT=1;VOL=1;COOL=1;EMA50=1;VWAP=1;BIAS=1,0.01,-0.98,22885.68,22793.79,opposite signal before SL/target | BUY -> SELL | closing trade 400
1158,2026.05.25 11:45:00,2026.05.25 14:15:00,EXIT_FLIP,XAUUSD,M15,400,BUY,FULLTGT,DAY,0,4564.94,4553.24,4553.24,11.70,1.00,11.70,4576.64,4588.33,4600.03,4611.72,4623.42,0.09,0.09,0.00,4554.73,0.00,-0.87,0.00,4558.11,4558.55,4552.96,4558.95,4558.93,0.966,5.78,18.22,46.72,40.91,0.32,0.78,-0.46,4562.95,4554.73,2853,4136,0.0,71.4,5,1,CROSS=EMA9<EMA21;TREND=1;STRUCT=1;VOL=1;COOL=1;EMA50=1;VWAP=1;BIAS=1,0.01,-0.98,22793.47,22793.47,FLIP exit
1159,2026.05.25 11:45:00,2026.05.25 14:15:00,EXIT_OTHER,XAUUSD,M15,400,BUY,FULLTGT,DAY,0,4564.94,4553.24,4553.24,11.70,1.00,11.70,4576.64,4588.33,4600.03,4611.72,4623.42,0.09,0.09,0.00,4554.73,0.00,-0.87,-92.53,4558.11,4558.55,4552.96,4558.95,4558.93,0.966,5.78,18.22,46.72,40.91,0.32,0.78,-0.46,4562.95,4554.73,2853,4136,0.0,71.4,5,1,CROSS=EMA9<EMA21;TREND=1;STRUCT=1;VOL=1;COOL=1;EMA50=1;VWAP=1;BIAS=1,0.01,-0.98,22793.47,22793.47,FLIP exit
1160,2026.05.25 11:45:00,2026.05.25 14:15:00,ENTRY,XAUUSD,M15,402,SELL,FULLTGT,DAY,400,4554.73,4566.29,4566.29,11.56,1.00,11.56,4543.17,4531.61,4520.05,4508.49,4496.93,0.09,0.09,0.09,4554.73,0.00,0.00,0.00,4558.11,4558.55,4552.96,4558.95,4558.93,0.966,5.78,18.22,46.72,40.91,0.32,0.78,-0.46,4562.95,4554.73,2853,4136,0.0,71.4,5,1,CROSS=EMA9<EMA21;TREND=1;STRUCT=1;VOL=1;COOL=1;EMA50=1;VWAP=1;BIAS=1,0.00,0.00,22793.15,22792.70,KZ=LONDON; KZR=London H @ 4560.08 40 bars ago (high taken); DAY 12AM-4PM IST session: stop x1.00 of usual; no partials; full size to TP5; SL steps BE->TP1->TP2->TP3; flipped from trade 400
1161,2026.05.25 12:45:00,2026.05.25 15:15:00,SKIP,XAUUSD,M15,402,SELL,FULLTGT,DAY,400,4554.73,4566.29,4566.29,11.56,1.00,11.56,4543.17,4531.61,4520.05,4508.49,4496.93,0.09,0.00,0.00,0.00,0.00,0.00,0.00,4559.28,4558.86,4553.90,4557.63,4558.16,0.870,5.70,19.21,58.06,66.87,0.66,0.52,0.14,4562.78,4565.89,4183,3987,85.7,0.0,6,1,CROSS=EMA9<EMA21;TREND=1;STRUCT=1;VOL=1;COOL=1;EMA50=1;VWAP=1;BIAS=1,0.10,-0.99,22793.15,22692.17,outside the killzone window
1162,2026.05.25 12:47:22,2026.05.25 15:17:22,EXIT_SL,XAUUSD,M15,402,SELL,FULLTGT,DAY,400,4554.73,4566.29,4566.29,11.56,1.00,11.56,4543.17,4531.61,4520.05,4508.49,4496.93,0.09,0.09,0.00,4566.45,0.00,-1.01,-106.12,4559.28,4558.86,4553.90,4557.63,4558.16,0.870,5.70,19.21,58.06,66.87,0.66,0.52,0.14,4562.78,4565.89,4183,3987,85.7,0.0,6,1,CROSS=EMA9<EMA21;TREND=1;STRUCT=1;VOL=1;COOL=1;EMA50=1;VWAP=1;BIAS=1,0.10,-1.00,22687.35,22687.35,stopped at the initial SL (x1.00 of usual)
1163,2026.05.26 01:00:01,2026.05.26 03:30:01,DAY_SUMMARY,XAUUSD,M15,402,FLAT,NA,DAY,400,0.00,0.00,0.00,0.00,1.00,0.00,0.00,0.00,0.00,0.00,0.00,0.00,0.00,0.00,0.00,0.00,-2.67,-280.47,4569.65,4568.94,4565.17,4569.33,4568.74,0.810,4.65,18.78,53.69,53.76,1.14,1.69,-0.56,4564.24,4570.94,715,2377,57.1,14.3,12,1,CROSS=EMA9<EMA21;TREND=1;STRUCT=1;VOL=1;COOL=1;EMA50=1;VWAP=1;BIAS=1,0.00,0.00,22687.35,22687.35,2026.05.25 trades=4 W=0 L=4 gross_profit=0.00 gross_loss=280.47 net=-280.47 PF=0.00
1164,2026.05.26 02:45:00,2026.05.26 05:15:00,SKIP,XAUUSD,M15,402,FLAT,NA,DAY,400,0.00,0.00,0.00,0.00,1.00,0.00,0.00,0.00,0.00,0.00,0.00,0.00,0.00,0.00,0.00,0.00,0.00,0.00,4569.45,4569.77,4566.63,4572.62,4571.07,0.568,5.53,15.94,36.69,28.34,0.41,1.46,-1.04,4569.45,4556.80,6270,2119,0.0,85.7,10,1,CROSS=EMA9<EMA21;TREND=1;STRUCT=1;VOL=1;COOL=1;EMA50=1;VWAP=1;BIAS=1,0.00,0.00,22687.35,22687.35,already positioned that way
1165,2026.05.27 01:00:00,2026.05.27 03:30:00,SKIP,XAUUSD,M15,402,FLAT,NA,DAY,400,0.00,0.00,0.00,0.00,1.00,0.00,0.00,0.00,0.00,0.00,0.00,0.00,0.00,0.00,0.00,0.00,0.00,0.00,4505.39,4505.18,4512.36,4504.87,4504.95,-1.229,5.84,30.45,51.42,57.11,-1.31,-3.74,2.43,4523.75,4507.47,1568,4524,71.4,14.3,12,1,CROSS=EMA9>EMA21;TREND=1;STRUCT=1;VOL=1;COOL=1;EMA50=1;VWAP=0;BIAS=1,0.00,0.00,22687.35,22687.35,quality filter
1166,2026.05.27 01:45:00,2026.05.27 04:15:00,SKIP,XAUUSD,M15,402,FLAT,NA,DAY,400,0.00,0.00,0.00,0.00,1.00,0.00,0.00,0.00,0.00,0.00,0.00,0.00,0.00,0.00,0.00,0.00,0.00,0.00,4504.25,4504.69,4511.33,4505.14,4505.09,-0.895,7.42,29.31,43.49,39.61,-1.38,-2.20,0.82,4508.97,4500.69,1892,4138,14.3,71.4,10,1,CROSS=EMA9<EMA21;TREND=1;STRUCT=1;VOL=1;COOL=1;EMA50=1;VWAP=1;BIAS=1,0.00,0.00,22687.35,22687.35,already positioned that way
1167,2026.05.27 02:00:00,2026.05.27 04:30:00,ENTRY,XAUUSD,M15,404,BUY,FULLTGT,DAY,0,4511.16,4495.54,4495.54,15.62,1.00,15.62,4526.78,4542.40,4558.01,4573.63,4589.25,0.07,0.07,0.07,4511.16,0.00,0.00,0.00,4505.60,4505.27,4511.32,4504.25,4504.69,-0.775,7.81,28.72,55.45,63.04,-0.73,-1.78,1.05,4508.76,4511.03,2303,4165,85.7,0.0,12,1,CROSS=EMA9>EMA21;TREND=1;STRUCT=1;VOL=1;COOL=1;EMA50=1;VWAP=1;BIAS=1,0.00,0.00,22687.10,22686.26,KZ=ASIA; KZR=NY H @ 4577.12 119 bars ago (high taken); DAY 12AM-4PM IST session: stop x1.00 of usual; no partials; full size to TP5; SL steps BE->TP1->TP2->TP3
1168,2026.05.27 02:44:52,2026.05.27 05:14:52,SL_MOVE,XAUUSD,M15,404,BUY,FULLTGT,DAY,0,4511.16,4495.54,4511.16,15.62,1.00,15.62,4526.78,4542.40,4558.01,4573.63,4589.25,0.07,0.00,0.07,4511.16,1.00,0.00,0.00,4507.48,4506.21,4511.27,4506.27,4505.60,-0.622,8.13,26.60,56.35,65.48,0.18,-1.10,1.28,4509.02,4512.32,2163,3858,85.7,0.0,12,1,CROSS=EMA9>EMA21;TREND=1;STRUCT=1;VOL=1;COOL=1;EMA50=1;VWAP=1;BIAS=1,1.00,-0.42,22687.10,22797.35,stop to breakeven
1169,2026.05.27 02:44:52,2026.05.27 05:14:52,TP1_REACHED,XAUUSD,M15,404,BUY,FULLTGT,DAY,0,4511.16,4495.54,4511.16,15.62,1.00,15.62,4526.78,4542.40,4558.01,4573.63,4589.25,0.07,0.00,0.07,4526.78,1.00,1.00,0.00,4507.48,4506.21,4511.27,4506.27,4505.60,-0.622,8.13,26.60,56.35,65.48,0.18,-1.10,1.28,4509.02,4512.32,2163,3858,85.7,0.0,12,1,CROSS=EMA9>EMA21;TREND=1;STRUCT=1;VOL=1;COOL=1;EMA50=1;VWAP=1;BIAS=1,1.00,-0.42,22687.10,22797.35,full target: no partial booked
1170,2026.05.27 04:42:58,2026.05.27 07:12:58,EXIT_BE,XAUUSD,M15,404,BUY,FULLTGT,DAY,0,4511.16,4495.54,4511.16,15.62,1.00,15.62,4526.78,4542.40,4558.01,4573.63,4589.25,0.07,0.07,0.00,4511.13,0.00,-0.00,-0.71,4516.55,4513.03,4513.47,4516.65,4512.72,-0.050,8.78,19.11,53.79,43.09,3.17,2.66,0.51,4515.30,4516.16,3173,3064,57.1,28.6,12,1,CROSS=EMA9>EMA21;TREND=1;STRUCT=1;VOL=1;COOL=1;EMA50=1;VWAP=1;BIAS=1,1.08,-0.42,22686.64,22686.64,stopped at breakeven
1171,2026.05.27 05:30:00,2026.05.27 08:00:00,ENTRY,XAUUSD,M15,406,SELL,FULLTGT,DAY,0,4505.60,4523.66,4523.66,18.06,1.00,18.06,4487.54,4469.48,4451.43,4433.37,4415.31,0.06,0.06,0.06,4505.60,0.00,0.00,0.00,4510.64,4511.05,4512.50,4511.90,4511.60,-0.160,9.03,34.76,44.61,41.49,0.31,2.44,-2.13,4513.58,4505.60,3010,3014,0.0,85.7,6,1,CROSS=EMA9<EMA21;TREND=1;STRUCT=1;VOL=1;COOL=1;EMA50=1;VWAP=1;BIAS=1,0.00,0.00,22686.43,22686.07,KZ=ASIA; KZR=NY H @ 4577.12 133 bars ago (high taken); DAY 12AM-4PM IST session: stop x1.00 of usual; no partials; full size to TP5; SL steps BE->TP1->TP2->TP3
1172,2026.05.27 09:19:02,2026.05.27 11:49:02,SL_MOVE,XAUUSD,M15,406,SELL,FULLTGT,DAY,0,4505.60,4523.66,4505.60,18.06,1.00,18.06,4487.54,4469.48,4451.43,4433.37,4415.31,0.06,0.00,0.06,4505.60,1.00,0.00,0.00,4501.00,4504.31,4508.11,4502.74,4505.34,-0.507,7.49,29.38,40.41,40.01,-2.93,-1.87,-1.06,4507.15,4494.05,9154,4019,0.0,100.0,11,1,CROSS=EMA9<EMA21;TREND=1;STRUCT=1;VOL=1;COOL=1;EMA50=1;VWAP=1;BIAS=1,1.00,-0.65,22686.43,22795.45,stop to breakeven
1173,2026.05.27 09:19:02,2026.05.27 11:49:02,TP1_REACHED,XAUUSD,M15,406,SELL,FULLTGT,DAY,0,4505.60,4523.66,4505.60,18.06,1.00,18.06,4487.54,4469.48,4451.43,4433.37,4415.31,0.06,0.00,0.06,4487.54,1.00,1.00,0.00,4501.00,4504.31,4508.11,4502.74,4505.34,-0.507,7.49,29.38,40.41,40.01,-2.93,-1.87,-1.06,4507.15,4494.05,9154,4019,0.0,100.0,11,1,CROSS=EMA9<EMA21;TREND=1;STRUCT=1;VOL=1;COOL=1;EMA50=1;VWAP=1;BIAS=1,1.00,-0.65,22686.43,22795.45,full target: no partial booked
1174,2026.05.27 13:39:19,2026.05.27 16:09:19,SL_MOVE,XAUUSD,M15,406,SELL,FULLTGT,EVENING,0,4505.60,4523.66,4487.54,18.06,1.00,18.06,4487.54,4469.48,4451.43,4433.37,4415.31,0.06,0.00,0.06,4487.54,2.00,0.00,0.00,4487.01,4490.76,4497.91,4489.50,4492.13,-0.878,8.14,23.68,35.52,28.38,-4.22,-4.08,-0.13,4498.68,4477.08,4604,6029,0.0,71.4,11,1,CROSS=EMA9<EMA21;TREND=1;STRUCT=1;VOL=1;COOL=1;EMA50=1;VWAP=1;BIAS=1,2.00,-0.65,22686.43,22903.57,stop trailed to TP1
1175,2026.05.27 13:39:19,2026.05.27 16:09:19,TP2_REACHED,XAUUSD,M15,406,SELL,FULLTGT,EVENING,0,4505.60,4523.66,4487.54,18.06,1.00,18.06,4487.54,4469.48,4451.43,4433.37,4415.31,0.06,0.00,0.06,4469.48,2.00,2.00,0.00,4487.01,4490.76,4497.91,4489.50,4492.13,-0.878,8.14,23.68,35.52,28.38,-4.22,-4.08,-0.13,4498.68,4477.08,4604,6029,0.0,71.4,11,1,CROSS=EMA9<EMA21;TREND=1;STRUCT=1;VOL=1;COOL=1;EMA50=1;VWAP=1;BIAS=1,2.00,-0.65,22686.43,22903.57,full target: no partial booked
1176,2026.05.27 13:46:26,2026.05.27 16:16:26,SL_MOVE,XAUUSD,M15,406,SELL,FULLTGT,EVENING,0,4505.60,4523.66,4469.48,18.06,1.00,18.06,4487.54,4469.48,4451.43,4433.37,4415.31,0.06,0.00,0.06,4469.48,3.00,0.00,0.00,4482.72,4488.47,4496.64,4487.01,4490.76,-0.947,8.63,28.33,29.18,25.14,-5.70,-4.05,-1.65,4497.35,4465.54,9746,5951,0.0,100.0,11,1,CROSS=EMA9<EMA21;TREND=1;STRUCT=1;VOL=1;COOL=1;EMA50=1;VWAP=1;BIAS=1,2.99,-0.65,22686.43,23013.25,stop trailed to TP2
1177,2026.05.27 13:46:26,2026.05.27 16:16:26,TP3_REACHED,XAUUSD,M15,406,SELL,FULLTGT,EVENING,0,4505.60,4523.66,4469.48,18.06,1.00,18.06,4487.54,4469.48,4451.43,4433.37,4415.31,0.06,0.00,0.06,4451.43,3.00,3.00,0.00,4482.72,4488.47,4496.64,4487.01,4490.76,-0.947,8.63,28.33,29.18,25.14,-5.70,-4.05,-1.65,4497.35,4465.54,9746,5951,0.0,100.0,11,1,CROSS=EMA9<EMA21;TREND=1;STRUCT=1;VOL=1;COOL=1;EMA50=1;VWAP=1;BIAS=1,2.99,-0.65,22686.43,23013.25,full target: no partial booked
1178,2026.05.27 14:31:04,2026.05.27 17:01:04,SL_MOVE,XAUUSD,M15,406,SELL,FULLTGT,EVENING,0,4505.60,4523.66,4451.43,18.06,1.00,18.06,4487.54,4469.48,4451.43,4433.37,4415.31,0.06,0.00,0.06,4451.43,4.00,0.00,0.00,4464.62,4477.88,4490.91,4470.54,4481.57,-1.405,9.27,42.12,23.91,22.95,-11.85,-5.97,-5.87,4491.15,4440.96,8845,6118,0.0,100.0,10,1,CROSS=EMA9<EMA21;TREND=1;STRUCT=1;VOL=1;COOL=1;EMA50=1;VWAP=1;BIAS=1,3.99,-0.65,22686.43,23119.99,stop trailed to TP3
1179,2026.05.27 14:31:04,2026.05.27 17:01:04,TP4_REACHED,XAUUSD,M15,406,SELL,FULLTGT,EVENING,0,4505.60,4523.66,4451.43,18.06,1.00,18.06,4487.54,4469.48,4451.43,4433.37,4415.31,0.06,0.00,0.06,4433.37,4.00,4.00,0.00,4464.62,4477.88,4490.91,4470.54,4481.57,-1.405,9.27,42.12,23.91,22.95,-11.85,-5.97,-5.87,4491.15,4440.96,8845,6118,0.0,100.0,10,1,CROSS=EMA9<EMA21;TREND=1;STRUCT=1;VOL=1;COOL=1;EMA50=1;VWAP=1;BIAS=1,3.99,-0.65,22686.43,23119.99,full target: no partial booked
1180,2026.05.27 15:19:13,2026.05.27 17:49:13,EXIT_TRAIL_SL,XAUUSD,M15,406,SELL,FULLTGT,EVENING,0,4505.60,4523.66,4451.43,18.06,1.00,18.06,4487.54,4469.48,4451.43,4433.37,4415.31,0.06,0.06,0.00,4451.43,0.00,3.00,324.60,4449.31,4466.90,4484.47,4454.04,4470.55,-1.767,9.94,54.26,23.38,28.47,-16.21,-9.75,-6.46,4485.79,4430.42,9031,6385,14.3,85.7,10,1,CROSS=EMA9<EMA21;TREND=1;STRUCT=1;VOL=1;COOL=1;EMA50=1;VWAP=1;BIAS=1,4.46,-0.65,23011.24,23011.24,stopped at a trailed level
1181,2026.05.27 20:45:00,2026.05.27 23:15:00,SKIP,XAUUSD,M15,406,FLAT,NA,EVENING,0,0.00,0.00,0.00,0.00,1.00,0.00,0.00,0.00,0.00,0.00,0.00,0.00,0.00,0.00,0.00,0.00,0.00,0.00,4445.84,4445.20,4458.52,4444.64,4444.65,-1.057,12.61,24.62,52.12,59.20,-2.27,-6.09,3.82,4462.67,4450.64,4811,10671,57.1,14.3,8,1,CROSS=EMA9<EMA21;TREND=1;STRUCT=1;VOL=1;COOL=1;EMA50=1;VWAP=1;BIAS=1,0.00,0.00,23011.24,23011.24,outside the killzone window
1182,2026.05.28 01:00:00,2026.05.28 03:30:00,DAY_SUMMARY,XAUUSD,M15,406,FLAT,NA,DAY,0,0.00,0.00,0.00,0.00,1.00,0.00,0.00,0.00,0.00,0.00,0.00,0.00,0.00,0.00,0.00,0.00,3.00,323.89,4453.60,4451.15,4456.43,4452.95,4450.65,-0.939,5.62,15.01,55.45,57.64,1.70,1.11,0.59,4462.01,4456.18,988,4049,57.1,14.3,12,1,CROSS=EMA9<EMA21;TREND=1;STRUCT=1;VOL=1;COOL=1;EMA50=1;VWAP=1;BIAS=1,0.00,0.00,23011.24,23011.24,2026.05.27 trades=2 W=1 L=1 gross_profit=324.60 gross_loss=0.71 net=323.89 PF=457.18
1183,2026.05.28 03:15:00,2026.05.28 05:45:00,SKIP,XAUUSD,M15,406,FLAT,NA,DAY,0,0.00,0.00,0.00,0.00,1.00,0.00,0.00,0.00,0.00,0.00,0.00,0.00,0.00,0.00,0.00,0.00,0.00,0.00,4451.05,4451.77,4455.37,4452.65,4452.48,-0.636,5.67,24.08,40.42,34.88,-0.13,1.64,-1.77,4452.45,4444.65,4747,2650,0.0,85.7,12,1,CROSS=EMA9<EMA21;TREND=1;STRUCT=1;VOL=1;COOL=1;EMA50=1;VWAP=1;BIAS=1,0.00,0.00,23011.24,23011.24,already positioned that way
1184,2026.05.28 13:15:00,2026.05.28 15:45:00,SKIP,XAUUSD,M15,406,FLAT,NA,DAY,0,0.00,0.00,0.00,0.00,1.00,0.00,0.00,0.00,0.00,0.00,0.00,0.00,0.00,0.00,0.00,0.00,0.00,0.00,4392.67,4391.79,4404.42,4390.97,4391.03,-1.388,9.10,34.43,55.28,62.70,-1.53,-4.09,2.56,4400.53,4399.45,5034,5746,71.4,14.3,6,1,CROSS=EMA9>EMA21;TREND=1;STRUCT=1;VOL=1;COOL=1;EMA50=1;VWAP=0;BIAS=1,0.00,0.00,23011.24,23011.24,quality filter
1185,2026.05.28 14:00:00,2026.05.28 16:30:00,SKIP,XAUUSD,M15,406,FLAT,NA,EVENING,0,0.00,0.00,0.00,0.00,1.00,0.00,0.00,0.00,0.00,0.00,0.00,0.00,0.00,0.00,0.00,0.00,0.00,0.00,4391.29,4391.50,4402.90,4393.34,4392.34,-1.251,9.11,33.61,41.93,38.17,-1.62,-2.52,0.91,4399.84,4383.08,8827,5541,14.3,85.7,7,1,CROSS=EMA9<EMA21;TREND=1;STRUCT=1;VOL=1;COOL=1;EMA50=1;VWAP=1;BIAS=1,0.00,0.00,23011.24,23011.24,already positioned that way
1186,2026.05.28 15:45:00,2026.05.28 18:15:00,ENTRY,XAUUSD,M15,408,BUY,FULLTGT,EVENING,0,4402.54,4384.23,4384.23,18.31,1.00,18.31,4420.85,4439.16,4457.46,4475.77,4494.08,0.06,0.06,0.06,4402.54,0.00,0.00,0.00,4391.39,4390.92,4399.71,4388.63,4389.77,-0.960,9.15,21.44,57.74,63.71,-0.68,-1.69,1.01,4398.26,4402.43,13284,6095,85.7,0.0,9,1,CROSS=EMA9>EMA21;TREND=1;STRUCT=1;VOL=1;COOL=1;EMA50=1;VWAP=1;BIAS=1,0.00,0.00,23011.03,23010.49,KZ=NY; KZR=Asia L @ 4368.56 33 bars ago (low taken); EVENING 4PM-12AM IST session: stop x1.00 of usual; no partials; full size to TP5; SL steps BE->TP1->TP2->TP3
1187,2026.05.28 15:54:24,2026.05.28 18:24:24,SL_MOVE,XAUUSD,M15,408,BUY,FULLTGT,EVENING,0,4402.54,4384.23,4402.54,18.31,1.00,18.31,4420.85,4439.16,4457.46,4475.77,4494.08,0.06,0.00,0.06,4402.54,1.00,0.00,0.00,4391.39,4390.92,4399.71,4388.63,4389.77,-0.960,9.15,21.44,57.74,69.03,-0.68,-1.69,1.01,4398.26,4402.43,13284,6095,85.7,0.0,9,1,CROSS=EMA9>EMA21;TREND=1;STRUCT=1;VOL=1;COOL=1;EMA50=1;VWAP=1;BIAS=1,1.00,-0.04,23011.03,23120.89,stop to breakeven
1188,2026.05.28 15:54:24,2026.05.28 18:24:24,TP1_REACHED,XAUUSD,M15,408,BUY,FULLTGT,EVENING,0,4402.54,4384.23,4402.54,18.31,1.00,18.31,4420.85,4439.16,4457.46,4475.77,4494.08,0.06,0.00,0.06,4420.85,1.00,1.00,0.00,4391.39,4390.92,4399.71,4388.63,4389.77,-0.960,9.15,21.44,57.74,69.03,-0.68,-1.69,1.01,4398.26,4402.43,13284,6095,85.7,0.0,9,1,CROSS=EMA9>EMA21;TREND=1;STRUCT=1;VOL=1;COOL=1;EMA50=1;VWAP=1;BIAS=1,1.00,-0.04,23011.03,23120.89,full target: no partial booked
1189,2026.05.28 17:09:29,2026.05.28 19:39:29,SL_MOVE,XAUUSD,M15,408,BUY,FULLTGT,EVENING,0,4402.54,4384.23,4420.85,18.31,1.00,18.31,4420.85,4439.16,4457.46,4475.77,4494.08,0.06,0.00,0.06,4420.85,2.00,0.00,0.00,4415.87,4404.95,4404.84,4412.21,4402.39,0.010,11.03,26.32,65.88,58.61,8.61,2.62,5.98,4402.82,4430.50,12627,8209,100.0,0.0,10,1,CROSS=EMA9>EMA21;TREND=1;STRUCT=1;VOL=1;COOL=1;EMA50=1;VWAP=1;BIAS=1,2.00,-0.04,23011.03,23231.95,stop trailed to TP1
1190,2026.05.28 17:09:29,2026.05.28 19:39:29,TP2_REACHED,XAUUSD,M15,408,BUY,FULLTGT,EVENING,0,4402.54,4384.23,4420.85,18.31,1.00,18.31,4420.85,4439.16,4457.46,4475.77,4494.08,0.06,0.00,0.06,4439.16,2.00,2.00,0.00,4415.87,4404.95,4404.84,4412.21,4402.39,0.010,11.03,26.32,65.88,58.61,8.61,2.62,5.98,4402.82,4430.50,12627,8209,100.0,0.0,10,1,CROSS=EMA9>EMA21;TREND=1;STRUCT=1;VOL=1;COOL=1;EMA50=1;VWAP=1;BIAS=1,2.00,-0.04,23011.03,23231.95,full target: no partial booked
1191,2026.05.28 17:13:06,2026.05.28 19:43:06,SL_MOVE,XAUUSD,M15,408,BUY,FULLTGT,EVENING,0,4402.54,4384.23,4439.16,18.31,1.00,18.31,4420.85,4439.16,4457.46,4475.77,4494.08,0.06,0.00,0.06,4439.16,3.00,0.00,0.00,4415.87,4404.95,4404.84,4412.21,4402.39,0.010,11.03,26.32,65.88,67.23,8.61,2.62,5.98,4402.82,4430.50,12627,8209,100.0,0.0,10,1,CROSS=EMA9>EMA21;TREND=1;STRUCT=1;VOL=1;COOL=1;EMA50=1;VWAP=1;BIAS=1,3.00,-0.04,23011.03,23341.09,stop trailed to TP2
1192,2026.05.28 17:13:06,2026.05.28 19:43:06,TP3_REACHED,XAUUSD,M15,408,BUY,FULLTGT,EVENING,0,4402.54,4384.23,4439.16,18.31,1.00,18.31,4420.85,4439.16,4457.46,4475.77,4494.08,0.06,0.00,0.06,4457.46,3.00,3.00,0.00,4415.87,4404.95,4404.84,4412.21,4402.39,0.010,11.03,26.32,65.88,67.23,8.61,2.62,5.98,4402.82,4430.50,12627,8209,100.0,0.0,10,1,CROSS=EMA9>EMA21;TREND=1;STRUCT=1;VOL=1;COOL=1;EMA50=1;VWAP=1;BIAS=1,3.00,-0.04,23011.03,23341.09,full target: no partial booked
1193,2026.05.28 17:45:17,2026.05.28 20:15:17,SL_MOVE,XAUUSD,M15,408,BUY,FULLTGT,EVENING,0,4402.54,4384.23,4457.46,18.31,1.00,18.31,4420.85,4439.16,4457.46,4475.77,4494.08,0.06,0.00,0.06,4457.46,4.00,0.00,0.00,4439.93,4419.87,4411.63,4432.67,4414.96,0.581,14.20,32.24,75.21,73.75,16.87,8.11,8.76,4410.55,4468.98,18696,10696,100.0,0.0,10,1,CROSS=EMA9>EMA21;TREND=1;STRUCT=1;VOL=1;COOL=1;EMA50=1;VWAP=1;BIAS=1,4.00,-0.04,23011.03,23451.49,stop trailed to TP3
1194,2026.05.28 17:45:17,2026.05.28 20:15:17,TP4_REACHED,XAUUSD,M15,408,BUY,FULLTGT,EVENING,0,4402.54,4384.23,4457.46,18.31,1.00,18.31,4420.85,4439.16,4457.46,4475.77,4494.08,0.06,0.00,0.06,4475.77,4.00,4.00,0.00,4439.93,4419.87,4411.63,4432.67,4414.96,0.581,14.20,32.24,75.21,73.75,16.87,8.11,8.76,4410.55,4468.98,18696,10696,100.0,0.0,10,1,CROSS=EMA9>EMA21;TREND=1;STRUCT=1;VOL=1;COOL=1;EMA50=1;VWAP=1;BIAS=1,4.00,-0.04,23011.03,23451.49,full target: no partial booked
1195,2026.05.28 19:18:23,2026.05.28 21:48:23,TP5_EXIT,XAUUSD,M15,408,BUY,FULLTGT,EVENING,0,4402.54,4384.23,4457.46,18.31,1.00,18.31,4420.85,4439.16,4457.46,4475.77,4494.08,0.06,0.06,0.00,4494.24,5.00,5.00,0.00,4469.00,4445.30,4425.74,4465.14,4441.38,1.377,14.21,49.10,78.98,74.33,23.03,18.94,4.09,4418.62,4484.44,7658,12323,85.7,0.0,11,1,CROSS=EMA9>EMA21;TREND=1;STRUCT=1;VOL=1;COOL=1;EMA50=1;VWAP=1;BIAS=1,5.00,-0.04,23561.02,23561.02,full target reached; closed in full
1196,2026.05.28 19:18:23,2026.05.28 21:48:23,EXIT_TP,XAUUSD,M15,408,BUY,FULLTGT,EVENING,0,4402.54,4384.23,4457.46,18.31,1.00,18.31,4420.85,4439.16,4457.46,4475.77,4494.08,0.06,0.06,0.00,4494.24,0.00,5.01,549.78,4469.00,4445.30,4425.74,4465.14,4441.38,1.377,14.21,49.10,78.98,74.33,23.03,18.94,4.09,4418.62,4484.44,7658,12323,85.7,0.0,11,1,CROSS=EMA9>EMA21;TREND=1;STRUCT=1;VOL=1;COOL=1;EMA50=1;VWAP=1;BIAS=1,5.00,-0.04,23561.02,23561.02,TP5 exit
1197,2026.05.29 01:00:00,2026.05.29 03:30:00,DAY_SUMMARY,XAUUSD,M15,408,FLAT,NA,DAY,0,0.00,0.00,0.00,0.00,1.00,0.00,0.00,0.00,0.00,0.00,0.00,0.00,0.00,0.00,0.00,0.00,5.01,549.78,4498.02,4491.29,4465.96,4498.61,4490.85,4.047,6.26,30.91,61.86,41.17,11.27,16.06,-4.79,4431.19,4495.64,1197,5189,42.9,42.9,6,1,CROSS=EMA9>EMA21;TREND=1;STRUCT=1;VOL=1;COOL=1;EMA50=1;VWAP=1;BIAS=1,0.00,0.00,23561.02,23561.02,2026.05.28 trades=1 W=1 L=0 gross_profit=549.78 gross_loss=0.00 net=549.78 PF=0.00
1198,2026.05.29 23:00:00,2026.05.30 01:30:00,SKIP,XAUUSD,M15,408,FLAT,NA,DAY,0,0.00,0.00,0.00,0.00,1.00,0.00,0.00,0.00,0.00,0.00,0.00,0.00,0.00,0.00,0.00,0.00,0.00,0.00,4554.26,4554.28,4542.91,4556.42,4555.15,1.047,10.87,25.73,45.06,28.92,2.32,5.35,-3.03,4534.49,4545.60,6723,8105,14.3,71.4,11,1,CROSS=EMA9>EMA21;TREND=1;STRUCT=1;VOL=1;COOL=1;EMA50=1;VWAP=1;BIAS=1,0.00,0.00,23561.02,23561.02,outside the killzone window
1199,2026.06.01 01:00:00,2026.06.01 03:30:00,WEEK_SUMMARY,XAUUSD,M15,408,FLAT,NA,DAY,0,0.00,0.00,0.00,0.00,1.00,0.00,0.00,0.00,0.00,0.00,0.00,0.00,0.00,0.00,0.00,0.00,5.34,593.20,4547.91,4550.97,4543.06,4549.60,4551.95,1.123,7.04,40.52,42.62,32.75,-0.90,2.38,-3.28,4534.69,4541.13,994,5307,14.3,71.4,12,1,CROSS=EMA9>EMA21;TREND=1;STRUCT=1;VOL=1;COOL=1;EMA50=1;VWAP=1;BIAS=1,0.00,0.00,23561.02,23561.02,days=3 trades=7 W=2 L=5 gross_profit=874.38 gross_loss=281.18 net=593.20 PF=3.11 pips=11235.0
1200,2026.06.01 01:00:00,2026.06.01 03:30:00,MONTH_SUMMARY,XAUUSD,M15,408,FLAT,NA,DAY,0,0.00,0.00,0.00,0.00,1.00,0.00,0.00,0.00,0.00,0.00,0.00,0.00,0.00,0.00,0.00,0.00,-6.31,-671.33,4547.91,4550.97,4543.06,4549.60,4551.95,1.123,7.04,40.52,42.62,32.75,-0.90,2.38,-3.28,4534.69,4541.13,994,5307,14.3,71.4,12,1,CROSS=EMA9>EMA21;TREND=1;STRUCT=1;VOL=1;COOL=1;EMA50=1;VWAP=1;BIAS=1,0.00,0.00,23561.02,23561.02,days=15 trades=40 W=6 L=34 gross_profit=1552.70 gross_loss=2224.03 net=-671.33 PF=0.70 pips=-6372.0
1201,2026.06.01 21:00:00,2026.06.01 23:30:00,SKIP,XAUUSD,M15,408,FLAT,NA,EVENING,0,0.00,0.00,0.00,0.00,1.00,0.00,0.00,0.00,0.00,0.00,0.00,0.00,0.00,0.00,0.00,0.00,0.00,0.00,4479.56,4478.84,4489.86,4477.56,4477.96,-0.855,12.89,41.79,54.81,63.41,-2.19,-6.90,4.71,4492.72,4487.60,8217,11169,71.4,14.3,5,1,CROSS=EMA9>EMA21;TREND=1;STRUCT=1;VOL=1;COOL=1;EMA50=1;VWAP=1;BIAS=1,0.00,0.00,23561.02,23561.02,outside the killzone window
1202,2026.06.02 05:00:00,2026.06.02 07:30:00,ENTRY,XAUUSD,M15,410,SELL,FULLTGT,DAY,0,4474.06,4489.51,4489.51,15.45,1.00,15.45,4458.61,4443.16,4427.71,4412.25,4396.80,0.07,0.07,0.07,4474.06,0.00,0.00,0.00,4482.79,4483.59,4486.14,4484.94,4484.54,-0.329,7.73,23.59,41.33,37.94,-0.37,0.72,-1.09,4483.50,4474.16,6802,2967,0.0,85.7,5,1,CROSS=EMA9<EMA21;TREND=1;STRUCT=1;VOL=1;COOL=1;EMA50=1;VWAP=1;BIAS=1,0.00,0.00,23560.77,23560.42,KZ=ASIA; KZR=Asia H @ 4580.34 331 bars ago (high taken); DAY 12AM-4PM IST session: stop x1.00 of usual; no partials; full size to TP5; SL steps BE->TP1->TP2->TP3
1203,2026.06.02 06:00:54,2026.06.02 08:30:54,EXIT_SL,XAUUSD,M15,410,SELL,FULLTGT,DAY,0,4474.06,4489.51,4489.51,15.45,1.00,15.45,4458.61,4443.16,4427.71,4412.25,4396.80,0.07,0.07,0.00,4489.58,0.00,-1.00,-109.14,4482.09,4482.90,4485.42,4481.13,4482.59,-0.283,8.91,25.34,52.36,57.13,-0.63,0.04,-0.67,4482.49,4485.92,3632,3653,57.1,28.6,10,1,CROSS=EMA9<EMA21;TREND=1;STRUCT=1;VOL=1;COOL=1;EMA50=1;VWAP=1;BIAS=1,0.11,-1.00,23451.88,23451.88,stopped at the initial SL (x1.00 of usual)
1204,2026.06.02 06:30:00,2026.06.02 09:00:00,ENTRY,XAUUSD,M15,412,BUY,FULLTGT,DAY,0,4495.34,4477.01,4477.01,18.33,1.00,18.33,4513.67,4532.00,4550.33,4568.65,4586.98,0.06,0.06,0.06,4495.34,0.00,0.00,0.00,4485.72,4484.47,4485.92,4483.34,4483.39,-0.158,9.16,23.53,59.06,66.72,0.85,-0.09,0.94,4483.18,4495.22,3352,3748,71.4,0.0,12,1,CROSS=EMA9>EMA21;TREND=1;STRUCT=1;VOL=1;COOL=1;EMA50=1;VWAP=1;BIAS=1,0.00,0.00,23451.67,23450.95,KZ=ASIA; KZR=Asia H @ 4580.34 337 bars ago (high taken); DAY 12AM-4PM IST session: stop x1.00 of usual; no partials; full size to TP5; SL steps BE->TP1->TP2->TP3
1205,2026.06.02 07:47:21,2026.06.02 10:17:21,SL_MOVE,XAUUSD,M15,412,BUY,FULLTGT,DAY,0,4495.34,4477.01,4495.34,18.33,1.00,18.33,4513.67,4532.00,4550.33,4568.65,4586.98,0.06,0.00,0.06,4495.34,1.00,0.00,0.00,4498.44,4491.82,4489.11,4495.46,4489.96,0.282,9.61,37.13,68.46,74.67,5.48,1.89,3.59,4486.75,4510.33,3613,4281,85.7,0.0,9,1,CROSS=EMA9>EMA21;TREND=1;STRUCT=1;VOL=1;COOL=1;EMA50=1;VWAP=1;BIAS=1,0.97,-0.13,23451.67,23561.65,stop to breakeven
1206,2026.06.02 07:47:21,2026.06.02 10:17:21,TP1_REACHED,XAUUSD,M15,412,BUY,FULLTGT,DAY,0,4495.34,4477.01,4495.34,18.33,1.00,18.33,4513.67,4532.00,4550.33,4568.65,4586.98,0.06,0.00,0.06,4513.67,1.00,1.00,0.00,4498.44,4491.82,4489.11,4495.46,4489.96,0.282,9.61,37.13,68.46,74.67,5.48,1.89,3.59,4486.75,4510.33,3613,4281,85.7,0.0,9,1,CROSS=EMA9>EMA21;TREND=1;STRUCT=1;VOL=1;COOL=1;EMA50=1;VWAP=1;BIAS=1,0.97,-0.13,23451.67,23561.65,full target: no partial booked
1207,2026.06.02 09:28:19,2026.06.02 11:58:19,SL_MOVE,XAUUSD,M15,412,BUY,FULLTGT,DAY,0,4495.34,4477.01,4513.67,18.33,1.00,18.33,4513.67,4532.00,4550.33,4568.65,4586.98,0.06,0.00,0.06,4513.67,2.00,0.00,0.00,4513.96,4503.86,4495.58,4512.69,4502.34,0.908,9.12,57.03,67.23,72.54,9.64,7.29,2.35,4493.71,4519.05,5215,4422,100.0,0.0,11,1,CROSS=EMA9>EMA21;TREND=1;STRUCT=1;VOL=1;COOL=1;EMA50=1;VWAP=1;BIAS=1,1.99,-0.13,23451.67,23671.93,stop trailed to TP1
1208,2026.06.02 09:28:19,2026.06.02 11:58:19,TP2_REACHED,XAUUSD,M15,412,BUY,FULLTGT,DAY,0,4495.34,4477.01,4513.67,18.33,1.00,18.33,4513.67,4532.00,4550.33,4568.65,4586.98,0.06,0.00,0.06,4532.00,2.00,2.00,0.00,4513.96,4503.86,4495.58,4512.69,4502.34,0.908,9.12,57.03,67.23,72.54,9.64,7.29,2.35,4493.71,4519.05,5215,4422,100.0,0.0,11,1,CROSS=EMA9>EMA21;TREND=1;STRUCT=1;VOL=1;COOL=1;EMA50=1;VWAP=1;BIAS=1,1.99,-0.13,23451.67,23671.93,full target: no partial booked
1209,2026.06.02 15:59:17,2026.06.02 18:29:17,EXIT_TRAIL_SL,XAUUSD,M15,412,BUY,FULLTGT,EVENING,0,4495.34,4477.01,4513.67,18.33,1.00,18.33,4513.67,4532.00,4550.33,4568.65,4586.98,0.06,0.06,0.00,4513.64,0.00,1.00,109.38,4527.79,4526.86,4517.72,4528.51,4527.05,1.519,6.02,12.75,49.72,26.42,2.55,4.16,-1.60,4510.88,4524.89,6624,3988,28.6,57.1,10,1,CROSS=EMA9>EMA21;TREND=1;STRUCT=1;VOL=1;COOL=1;EMA50=1;VWAP=1;BIAS=1,2.52,-0.13,23561.26,23561.26,stopped at a trailed level
1210,2026.06.02 16:00:00,2026.06.02 18:30:00,SKIP,XAUUSD,M15,412,FLAT,NA,EVENING,0,0.00,0.00,0.00,0.00,1.00,0.00,0.00,0.00,0.00,0.00,0.00,0.00,0.00,0.00,0.00,0.00,0.00,0.00,4525.12,4525.73,4517.59,4527.79,4526.86,1.270,6.41,13.40,39.25,25.83,1.28,3.68,-2.40,4511.08,4514.44,6576,4083,14.3,71.4,7,1,CROSS=EMA9<EMA21;TREND=1;STRUCT=1;VOL=1;COOL=1;EMA50=1;VWAP=0;BIAS=1,0.00,0.00,23561.26,23561.26,quality filter
1211,2026.06.03 01:00:00,2026.06.03 03:30:00,DAY_SUMMARY,XAUUSD,M15,412,FLAT,NA,DAY,0,0.00,0.00,0.00,0.00,1.00,0.00,0.00,0.00,0.00,0.00,0.00,0.00,0.00,0.00,0.00,0.00,-0.01,0.24,4488.54,4491.63,4499.26,4488.72,4492.01,-1.444,5.28,30.88,40.72,47.97,-4.51,-6.11,1.60,4505.95,4487.83,1221,3532,14.3,71.4,12,1,CROSS=EMA9<EMA21;TREND=1;STRUCT=1;VOL=1;COOL=1;EMA50=1;VWAP=0;BIAS=1,0.00,0.00,23561.26,23561.26,2026.06.02 trades=2 W=1 L=1 gross_profit=109.38 gross_loss=109.14 net=0.24 PF=1.00
1212,2026.06.03 07:00:00,2026.06.03 09:30:00,SKIP,XAUUSD,M15,412,FLAT,NA,DAY,0,0.00,0.00,0.00,0.00,1.00,0.00,0.00,0.00,0.00,0.00,0.00,0.00,0.00,0.00,0.00,0.00,0.00,0.00,4482.15,4481.94,4487.71,4481.57,4481.68,-0.630,9.16,30.42,51.69,56.30,-1.03,-2.94,1.90,4477.84,4484.49,1794,4743,85.7,0.0,5,1,CROSS=EMA9<EMA21;TREND=1;STRUCT=1;VOL=1;COOL=1;EMA50=1;VWAP=0;BIAS=1,0.00,0.00,23561.26,23561.26,outside the killzone window
1213,2026.06.03 07:45:00,2026.06.03 10:15:00,SKIP,XAUUSD,M15,412,FLAT,NA,DAY,0,0.00,0.00,0.00,0.00,1.00,0.00,0.00,0.00,0.00,0.00,0.00,0.00,0.00,0.00,0.00,0.00,0.00,0.00,4480.23,4481.15,4486.72,4481.92,4481.91,-0.668,8.34,28.07,41.63,36.47,-1.51,-1.80,0.29,4477.94,4473.48,1685,4100,14.3,71.4,8,1,CROSS=EMA9<EMA21;TREND=1;STRUCT=1;VOL=1;COOL=1;EMA50=1;VWAP=0;BIAS=1,0.00,0.00,23561.26,23561.26,outside the killzone window
1214,2026.06.03 15:00:00,2026.06.03 17:30:00,SKIP,XAUUSD,M15,412,FLAT,NA,EVENING,0,0.00,0.00,0.00,0.00,1.00,0.00,0.00,0.00,0.00,0.00,0.00,0.00,0.00,0.00,0.00,0.00,0.00,0.00,4459.24,4459.18,4466.93,4458.42,4458.85,-0.734,10.56,29.43,51.42,54.87,-1.67,-4.45,2.79,4466.33,4462.48,4349,5699,71.4,14.3,5,1,CROSS=EMA9>EMA21;TREND=1;STRUCT=1;VOL=1;COOL=1;EMA50=1;VWAP=0;BIAS=1,0.00,0.00,23561.26,23561.26,already positioned that way
1215,2026.06.03 15:30:00,2026.06.03 18:00:00,ENTRY,XAUUSD,M15,414,SELL,FULLTGT,EVENING,0,4452.88,4473.79,4473.79,20.91,1.00,20.91,4431.97,4411.05,4390.14,4369.23,4348.31,0.05,0.05,0.05,4452.88,0.00,0.00,0.00,4457.95,4458.60,4466.08,4459.24,4459.18,-0.716,10.46,25.97,44.83,40.27,-1.85,-3.18,1.33,4465.98,4452.80,6253,5744,14.3,85.7,10,1,CROSS=EMA9<EMA21;TREND=1;STRUCT=1;VOL=1;COOL=1;EMA50=1;VWAP=1;BIAS=1,0.00,0.00,23561.08,23560.58,KZ=NY; KZR=NY H @ 4540.76 117 bars ago (high taken); EVENING 4PM-12AM IST session: stop x1.00 of usual; no partials; full size to TP5; SL steps BE->TP1->TP2->TP3
1216,2026.06.03 16:15:00,2026.06.03 18:45:00,SKIP,XAUUSD,M15,414,SELL,FULLTGT,EVENING,0,4452.88,4473.79,4473.79,20.91,1.00,20.91,4431.97,4411.05,4390.14,4369.23,4348.31,0.05,0.00,0.00,0.00,0.00,0.00,0.00,4459.39,4459.14,4465.48,4458.65,4458.82,-0.611,10.37,20.73,51.82,55.10,-0.88,-1.91,1.03,4465.49,4462.33,9515,6206,71.4,14.3,10,1,CROSS=EMA9>EMA21;TREND=1;STRUCT=1;VOL=1;COOL=1;EMA50=1;VWAP=0;BIAS=1,0.22,-0.69,23561.08,23513.33,quality filter
1217,2026.06.03 16:30:00,2026.06.03 19:00:00,SKIP,XAUUSD,M15,414,SELL,FULLTGT,EVENING,0,4452.88,4473.79,4473.79,20.91,1.00,20.91,4431.97,4411.05,4390.14,4369.23,4348.31,0.05,0.00,0.00,0.00,0.00,0.00,0.00,4457.24,4458.19,4464.82,4459.39,4459.14,-0.615,10.78,21.51,42.55,36.77,-1.64,-1.69,0.06,4465.14,4448.66,8686,6373,14.3,71.4,8,1,CROSS=EMA9<EMA21;TREND=1;STRUCT=1;VOL=1;COOL=1;EMA50=1;VWAP=1;BIAS=1,0.33,-0.69,23561.08,23581.83,already positioned that way
1218,2026.06.03 16:44:30,2026.06.03 19:14:30,SL_MOVE,XAUUSD,M15,414,SELL,FULLTGT,EVENING,0,4452.88,4473.79,4452.88,20.91,1.00,20.91,4431.97,4411.05,4390.14,4369.23,4348.31,0.05,0.00,0.05,4452.88,1.00,0.00,0.00,4457.24,4458.19,4464.82,4459.39,4459.14,-0.615,10.78,21.51,42.55,37.09,-1.64,-1.69,0.06,4465.14,4448.66,8686,6373,14.3,71.4,10,1,CROSS=EMA9<EMA21;TREND=1;STRUCT=1;VOL=1;COOL=1;EMA50=1;VWAP=1;BIAS=1,1.00,-0.69,23561.08,23666.83,stop to breakeven
1219,2026.06.03 16:44:30,2026.06.03 19:14:30,TP1_REACHED,XAUUSD,M15,414,SELL,FULLTGT,EVENING,0,4452.88,4473.79,4452.88,20.91,1.00,20.91,4431.97,4411.05,4390.14,4369.23,4348.31,0.05,0.00,0.05,4431.97,1.00,1.00,0.00,4457.24,4458.19,4464.82,4459.39,4459.14,-0.615,10.78,21.51,42.55,37.09,-1.64,-1.69,0.06,4465.14,4448.66,8686,6373,14.3,71.4,10,1,CROSS=EMA9<EMA21;TREND=1;STRUCT=1;VOL=1;COOL=1;EMA50=1;VWAP=1;BIAS=1,1.00,-0.69,23561.08,23666.83,full target: no partial booked
1220,2026.06.03 17:10:15,2026.06.03 19:40:15,EXIT_BE,XAUUSD,M15,414,SELL,FULLTGT,EVENING,0,4452.88,4473.79,4452.88,20.91,1.00,20.91,4431.97,4411.05,4390.14,4369.23,4348.31,0.05,0.05,0.00,4452.89,0.00,-0.00,-0.41,4450.52,4454.67,4462.73,4451.31,4455.40,-0.639,12.60,27.62,45.43,48.78,-4.04,-2.04,-2.00,4462.50,4447.35,19757,7566,14.3,85.7,10,1,CROSS=EMA9<EMA21;TREND=1;STRUCT=1;VOL=1;COOL=1;EMA50=1;VWAP=1;BIAS=1,1.27,-0.69,23560.85,23560.85,stopped at breakeven
1221,2026.06.04 01:00:00,2026.06.04 03:30:00,DAY_SUMMARY,XAUUSD,M15,414,FLAT,NA,DAY,0,0.00,0.00,0.00,0.00,1.00,0.00,0.00,0.00,0.00,0.00,0.00,0.00,0.00,0.00,0.00,0.00,-0.00,-0.41,4439.42,4441.96,4448.73,4440.69,4442.72,-1.208,5.60,31.04,39.99,36.98,-2.83,-2.24,-0.59,4456.22,4434.34,2279,5199,0.0,85.7,12,1,CROSS=EMA9<EMA21;TREND=1;STRUCT=1;VOL=1;COOL=1;EMA50=1;VWAP=1;BIAS=1,0.00,0.00,23560.85,23560.85,2026.06.03 trades=1 W=0 L=1 gross_profit=0.00 gross_loss=0.41 net=-0.41 PF=0.00
1222,2026.06.04 02:30:00,2026.06.04 05:00:00,ENTRY,XAUUSD,M15,416,BUY,FULLTGT,DAY,0,4451.00,4438.04,4438.04,12.96,1.00,12.96,4463.96,4476.92,4489.88,4502.84,4515.80,0.09,0.09,0.09,4451.00,0.00,0.00,0.00,4443.12,4442.40,4447.35,4441.17,4441.54,-0.765,6.48,23.58,58.41,65.96,-0.43,-2.33,1.90,4439.91,4450.92,1698,3988,71.4,0.0,5,1,CROSS=EMA9>EMA21;TREND=1;STRUCT=1;VOL=1;COOL=1;EMA50=1;VWAP=1;BIAS=1,0.00,0.00,23560.53,23560.08,KZ=ASIA; KZR=NY H @ 4540.76 161 bars ago (high taken); DAY 12AM-4PM IST session: stop x1.00 of usual; no partials; full size to TP5; SL steps BE->TP1->TP2->TP3
1223,2026.06.04 02:46:06,2026.06.04 05:16:06,SL_MOVE,XAUUSD,M15,416,BUY,FULLTGT,DAY,0,4451.00,4438.04,4451.00,12.96,1.00,12.96,4463.96,4476.92,4489.88,4502.84,4515.80,0.09,0.00,0.09,4451.00,1.00,0.00,0.00,4445.22,4443.42,4447.60,4443.12,4442.40,-0.636,6.58,24.01,60.66,68.37,0.49,-2.07,2.56,4441.22,4453.61,2711,3884,71.4,0.0,12,1,CROSS=EMA9>EMA21;TREND=1;STRUCT=1;VOL=1;COOL=1;EMA50=1;VWAP=1;BIAS=1,0.99,-0.36,23560.53,23677.26,stop to breakeven
1224,2026.06.04 02:46:06,2026.06.04 05:16:06,TP1_REACHED,XAUUSD,M15,416,BUY,FULLTGT,DAY,0,4451.00,4438.04,4451.00,12.96,1.00,12.96,4463.96,4476.92,4489.88,4502.84,4515.80,0.09,0.00,0.09,4463.96,1.00,1.00,0.00,4445.22,4443.42,4447.60,4443.12,4442.40,-0.636,6.58,24.01,60.66,68.37,0.49,-2.07,2.56,4441.22,4453.61,2711,3884,71.4,0.0,12,1,CROSS=EMA9>EMA21;TREND=1;STRUCT=1;VOL=1;COOL=1;EMA50=1;VWAP=1;BIAS=1,0.99,-0.36,23560.53,23677.26,full target: no partial booked
1225,2026.06.04 03:15:41,2026.06.04 05:45:41,EXIT_BE,XAUUSD,M15,416,BUY,FULLTGT,DAY,0,4451.00,4438.04,4451.00,12.96,1.00,12.96,4463.96,4476.92,4489.88,4502.84,4515.80,0.09,0.09,0.00,4450.96,0.00,-0.00,-1.00,4448.83,4445.49,4448.20,4447.65,4444.68,-0.377,7.19,29.50,58.81,57.74,1.98,-1.10,3.08,4446.65,4453.57,6861,4028,85.7,14.3,6,1,CROSS=EMA9>EMA21;TREND=1;STRUCT=1;VOL=1;COOL=1;EMA50=1;VWAP=1;BIAS=1,1.11,-0.36,23559.85,23559.85,stopped at breakeven
1226,2026.06.04 11:00:00,2026.06.04 13:30:00,ENTRY,XAUUSD,M15,418,SELL,FULLTGT,DAY,0,4461.64,4477.28,4477.28,15.64,1.00,15.64,4446.00,4430.37,4414.73,4399.09,4383.45,0.07,0.07,0.07,4461.64,0.00,0.00,0.00,4466.28,4466.89,4462.13,4467.44,4467.41,0.608,7.82,22.03,45.34,39.18,1.08,3.80,-2.72,4461.76,4461.64,4367,3911,14.3,71.4,10,1,CROSS=EMA9<EMA21;TREND=1;STRUCT=1;VOL=1;COOL=1;EMA50=1;VWAP=1;BIAS=1,0.00,0.00,23559.60,23558.90,KZ=LONDON; KZR=NY H @ 4540.76 195 bars ago (high taken); DAY 12AM-4PM IST session: stop x1.00 of usual; no partials; full size to TP5; SL steps BE->TP1->TP2->TP3
1227,2026.06.04 13:00:00,2026.06.04 15:30:00,FLIP,XAUUSD,M15,418,SELL,FULLTGT,DAY,0,4461.64,4477.28,4477.28,15.64,1.00,15.64,4446.00,4430.37,4414.73,4399.09,4383.45,0.07,0.00,0.00,4470.37,0.00,-0.56,0.00,4466.07,4466.01,4462.89,4465.00,4465.58,0.422,7.39,23.90,57.28,55.53,0.45,0.19,0.26,4462.53,4470.35,6080,5160,85.7,0.0,7,1,CROSS=EMA9>EMA21;TREND=1;STRUCT=1;VOL=1;COOL=1;EMA50=1;VWAP=1;BIAS=1,0.20,-0.90,23559.60,23498.49,opposite signal before SL/target | SELL -> BUY | closing trade 418
1228,2026.06.04 13:00:00,2026.06.04 15:30:00,EXIT_FLIP,XAUUSD,M15,418,SELL,FULLTGT,DAY,0,4461.64,4477.28,4477.28,15.64,1.00,15.64,4446.00,4430.37,4414.73,4399.09,4383.45,0.07,0.07,0.00,4470.37,0.00,-0.56,0.00,4466.07,4466.01,4462.89,4465.00,4465.58,0.422,7.39,23.90,57.28,55.53,0.45,0.19,0.26,4462.53,4470.35,6080,5160,85.7,0.0,7,1,CROSS=EMA9>EMA21;TREND=1;STRUCT=1;VOL=1;COOL=1;EMA50=1;VWAP=1;BIAS=1,0.20,-0.90,23498.24,23498.24,FLIP exit
1229,2026.06.04 13:00:00,2026.06.04 15:30:00,EXIT_OTHER,XAUUSD,M15,418,SELL,FULLTGT,DAY,0,4461.64,4477.28,4477.28,15.64,1.00,15.64,4446.00,4430.37,4414.73,4399.09,4383.45,0.07,0.07,0.00,4470.37,0.00,-0.56,-61.61,4466.07,4466.01,4462.89,4465.00,4465.58,0.422,7.39,23.90,57.28,55.53,0.45,0.19,0.26,4462.53,4470.35,6080,5160,85.7,0.0,7,1,CROSS=EMA9>EMA21;TREND=1;STRUCT=1;VOL=1;COOL=1;EMA50=1;VWAP=1;BIAS=1,0.20,-0.90,23498.24,23498.24,FLIP exit
1230,2026.06.04 13:00:00,2026.06.04 15:30:00,ENTRY,XAUUSD,M15,420,BUY,FULLTGT,DAY,418,4470.37,4455.59,4455.59,14.78,1.00,14.78,4485.15,4499.92,4514.70,4529.47,4544.25,0.07,0.07,0.07,4470.37,0.00,0.00,0.00,4466.07,4466.01,4462.89,4465.00,4465.58,0.422,7.39,23.90,57.28,55.53,0.45,0.19,0.26,4462.53,4470.35,6080,5160,85.7,0.0,7,1,CROSS=EMA9>EMA21;TREND=1;STRUCT=1;VOL=1;COOL=1;EMA50=1;VWAP=1;BIAS=1,0.00,0.00,23497.99,23497.50,KZ=NY; KZR=NY H @ 4540.76 203 bars ago (high taken); DAY 12AM-4PM IST session: stop x1.00 of usual; no partials; full size to TP5; SL steps BE->TP1->TP2->TP3; flipped from trade 418
1231,2026.06.04 14:26:48,2026.06.04 16:56:48,SL_MOVE,XAUUSD,M15,420,BUY,FULLTGT,EVENING,418,4470.37,4455.59,4470.37,14.78,1.00,14.78,4485.15,4499.92,4514.70,4529.47,4544.25,0.07,0.00,0.07,4470.37,1.00,0.00,0.00,4470.05,4468.17,4464.47,4469.16,4467.62,0.508,7.28,31.12,59.89,63.92,1.80,0.68,1.13,4463.22,4473.63,4481,5254,85.7,0.0,10,1,CROSS=EMA9>EMA21;TREND=1;STRUCT=1;VOL=1;COOL=1;EMA50=1;VWAP=1;BIAS=1,0.99,-0.41,23497.99,23601.87,stop to breakeven
1232,2026.06.04 14:26:48,2026.06.04 16:56:48,TP1_REACHED,XAUUSD,M15,420,BUY,FULLTGT,EVENING,418,4470.37,4455.59,4470.37,14.78,1.00,14.78,4485.15,4499.92,4514.70,4529.47,4544.25,0.07,0.00,0.07,4485.15,1.00,1.00,0.00,4470.05,4468.17,4464.47,4469.16,4467.62,0.508,7.28,31.12,59.89,63.92,1.80,0.68,1.13,4463.22,4473.63,4481,5254,85.7,0.0,10,1,CROSS=EMA9>EMA21;TREND=1;STRUCT=1;VOL=1;COOL=1;EMA50=1;VWAP=1;BIAS=1,0.99,-0.41,23497.99,23601.87,full target: no partial booked
1233,2026.06.04 14:47:22,2026.06.04 17:17:22,SL_MOVE,XAUUSD,M15,420,BUY,FULLTGT,EVENING,418,4470.37,4455.59,4485.15,14.78,1.00,14.78,4485.15,4499.92,4514.70,4529.47,4544.25,0.07,0.00,0.07,4485.15,2.00,0.00,0.00,4477.47,4472.06,4466.47,4473.95,4470.11,0.713,7.84,39.07,74.52,71.06,4.56,1.60,2.96,4464.82,4491.53,8846,5585,100.0,0.0,10,1,CROSS=EMA9>EMA21;TREND=1;STRUCT=1;VOL=1;COOL=1;EMA50=1;VWAP=1;BIAS=1,1.99,-0.41,23497.99,23705.12,stop trailed to TP1
1234,2026.06.04 14:47:22,2026.06.04 17:17:22,TP2_REACHED,XAUUSD,M15,420,BUY,FULLTGT,EVENING,418,4470.37,4455.59,4485.15,14.78,1.00,14.78,4485.15,4499.92,4514.70,4529.47,4544.25,0.07,0.00,0.07,4499.92,2.00,2.00,0.00,4477.47,4472.06,4466.47,4473.95,4470.11,0.713,7.84,39.07,74.52,71.06,4.56,1.60,2.96,4464.82,4491.53,8846,5585,100.0,0.0,10,1,CROSS=EMA9>EMA21;TREND=1;STRUCT=1;VOL=1;COOL=1;EMA50=1;VWAP=1;BIAS=1,1.99,-0.41,23497.99,23705.12,full target: no partial booked
1235,2026.06.04 16:44:42,2026.06.04 19:14:42,SL_MOVE,XAUUSD,M15,420,BUY,FULLTGT,EVENING,418,4470.37,4455.59,4499.92,14.78,1.00,14.78,4485.15,4499.92,4514.70,4529.47,4544.25,0.07,0.00,0.07,4499.92,3.00,0.00,0.00,4497.56,4486.97,4475.30,4495.79,4485.20,1.212,9.62,64.13,68.05,64.86,10.20,7.74,2.45,4471.80,4504.64,5351,6602,85.7,0.0,10,1,CROSS=EMA9>EMA21;TREND=1;STRUCT=1;VOL=1;COOL=1;EMA50=1;VWAP=1;BIAS=1,3.00,-0.41,23497.99,23808.44,stop trailed to TP2
1236,2026.06.04 16:44:42,2026.06.04 19:14:42,TP3_REACHED,XAUUSD,M15,420,BUY,FULLTGT,EVENING,418,4470.37,4455.59,4499.92,14.78,1.00,14.78,4485.15,4499.92,4514.70,4529.47,4544.25,0.07,0.00,0.07,4514.70,3.00,3.00,0.00,4497.56,4486.97,4475.30,4495.79,4485.20,1.212,9.62,64.13,68.05,64.86,10.20,7.74,2.45,4471.80,4504.64,5351,6602,85.7,0.0,10,1,CROSS=EMA9>EMA21;TREND=1;STRUCT=1;VOL=1;COOL=1;EMA50=1;VWAP=1;BIAS=1,3.00,-0.41,23497.99,23808.44,full target: no partial booked
1237,2026.06.04 16:54:12,2026.06.04 19:24:12,EXIT_TRAIL_SL,XAUUSD,M15,420,BUY,FULLTGT,EVENING,418,4470.37,4455.59,4499.92,14.78,1.00,14.78,4485.15,4499.92,4514.70,4529.47,4544.25,0.07,0.07,0.00,4499.91,0.00,2.00,206.28,4500.95,4489.48,4476.84,4497.56,4486.97,1.275,9.91,66.98,72.67,61.98,11.05,8.61,2.45,4473.32,4514.52,12497,6839,100.0,0.0,10,1,CROSS=EMA9>EMA21;TREND=1;STRUCT=1;VOL=1;COOL=1;EMA50=1;VWAP=1;BIAS=1,3.05,-0.41,23704.52,23704.52,stopped at a trailed level
1238,2026.06.04 18:00:00,2026.06.04 20:30:00,SKIP,XAUUSD,M15,420,FLAT,NA,EVENING,418,0.00,0.00,0.00,0.00,1.00,0.00,0.00,0.00,0.00,0.00,0.00,0.00,0.00,0.00,0.00,0.00,0.00,0.00,4486.04,4486.12,4477.68,4491.10,4488.15,0.715,11.80,47.29,38.73,25.15,2.70,8.29,-5.59,4475.00,4465.78,15469,8259,0.0,100.0,9,1,CROSS=EMA9>EMA21;TREND=1;STRUCT=1;VOL=1;COOL=1;EMA50=1;VWAP=1;BIAS=1,0.00,0.00,23704.52,23704.52,outside the killzone window
1239,2026.06.05 01:00:00,2026.06.05 03:30:00,DAY_SUMMARY,XAUUSD,M15,420,FLAT,NA,DAY,418,0.00,0.00,0.00,0.00,1.00,0.00,0.00,0.00,0.00,0.00,0.00,0.00,0.00,0.00,0.00,0.00,1.44,143.67,4477.21,4478.44,4477.63,4477.72,4478.77,0.169,4.77,20.11,44.87,40.58,-1.15,-1.00,-0.15,4475.41,4475.16,1312,3530,0.0,71.4,9,1,CROSS=EMA9>EMA21;TREND=1;STRUCT=1;VOL=1;COOL=1;EMA50=1;VWAP=1;BIAS=1,0.00,0.00,23704.52,23704.52,2026.06.04 trades=3 W=1 L=2 gross_profit=206.28 gross_loss=62.61 net=143.67 PF=3.29
1240,2026.06.05 10:30:00,2026.06.05 13:00:00,SKIP,XAUUSD,M15,420,FLAT,NA,DAY,418,0.00,0.00,0.00,0.00,1.00,0.00,0.00,0.00,0.00,0.00,0.00,0.00,0.00,0.00,0.00,0.00,0.00,0.00,4451.78,4449.75,4456.13,4447.91,4448.01,-0.761,8.37,25.89,65.56,75.27,-0.37,-4.28,3.91,4450.86,4467.23,6212,5513,100.0,0.0,11,1,CROSS=EMA9>EMA21;TREND=1;STRUCT=1;VOL=1;COOL=1;EMA50=1;VWAP=1;BIAS=1,0.00,0.00,23704.52,23704.52,already positioned that way
1241,2026.06.05 16:00:00,2026.06.05 18:30:00,ENTRY,XAUUSD,M15,422,SELL,FULLTGT,EVENING,0,4406.43,4424.86,4424.86,18.43,1.00,18.43,4388.00,4369.57,4351.14,4332.72,4314.29,0.06,0.06,0.06,4406.43,0.00,0.00,0.00,4451.03,4456.68,4458.40,4462.17,4461.70,-0.187,9.21,23.75,21.14,16.39,-3.14,2.43,-5.56,4451.93,4406.47,21034,5006,0.0,85.7,10,1,CROSS=EMA9<EMA21;TREND=1;STRUCT=1;VOL=1;COOL=1;EMA50=1;VWAP=1;BIAS=1,0.00,0.00,23704.31,23703.71,KZ=NY; KZR=NY L @ 4426.38 0 bars ago (low taken); EVENING 4PM-12AM IST session: stop x1.00 of usual; no partials; full size to TP5; SL steps BE->TP1->TP2->TP3
1242,2026.06.05 16:38:03,2026.06.05 19:08:03,SL_MOVE,XAUUSD,M15,422,SELL,FULLTGT,EVENING,0,4406.43,4424.86,4406.43,18.43,1.00,18.43,4388.00,4369.57,4351.14,4332.72,4314.29,0.06,0.00,0.06,4406.43,1.00,0.00,0.00,4436.53,4448.79,4454.79,4444.53,4453.21,-0.568,10.57,24.97,26.64,24.39,-8.81,0.04,-8.84,4447.18,4404.54,17123,6622,0.0,85.7,10,1,CROSS=EMA9<EMA21;TREND=1;STRUCT=1;VOL=1;COOL=1;EMA50=1;VWAP=1;BIAS=1,0.99,-0.79,23704.31,23815.61,stop to breakeven
1243,2026.06.05 16:38:03,2026.06.05 19:08:03,TP1_REACHED,XAUUSD,M15,422,SELL,FULLTGT,EVENING,0,4406.43,4424.86,4406.43,18.43,1.00,18.43,4388.00,4369.57,4351.14,4332.72,4314.29,0.06,0.00,0.06,4388.00,1.00,1.00,0.00,4436.53,4448.79,4454.79,4444.53,4453.21,-0.568,10.57,24.97,26.64,24.39,-8.81,0.04,-8.84,4447.18,4404.54,17123,6622,0.0,85.7,10,1,CROSS=EMA9<EMA21;TREND=1;STRUCT=1;VOL=1;COOL=1;EMA50=1;VWAP=1;BIAS=1,0.99,-0.79,23704.31,23815.61,full target: no partial booked
1244,2026.06.05 16:59:48,2026.06.05 19:29:48,SL_MOVE,XAUUSD,M15,422,SELL,FULLTGT,EVENING,0,4406.43,4424.86,4388.00,18.43,1.00,18.43,4388.00,4369.57,4351.14,4332.72,4314.29,0.06,0.00,0.06,4388.00,2.00,0.00,0.00,4427.11,4443.39,4452.22,4436.53,4448.79,-0.778,11.35,27.70,23.11,19.56,-12.32,-1.70,-10.63,4443.15,4389.44,28289,7864,0.0,100.0,10,1,CROSS=EMA9<EMA21;TREND=1;STRUCT=1;VOL=1;COOL=1;EMA50=1;VWAP=1;BIAS=1,2.00,-0.79,23704.31,23925.53,stop trailed to TP1
1245,2026.06.05 16:59:48,2026.06.05 19:29:48,TP2_REACHED,XAUUSD,M15,422,SELL,FULLTGT,EVENING,0,4406.43,4424.86,4388.00,18.43,1.00,18.43,4388.00,4369.57,4351.14,4332.72,4314.29,0.06,0.00,0.06,4369.57,2.00,2.00,0.00,4427.11,4443.39,4452.22,4436.53,4448.79,-0.778,11.35,27.70,23.11,19.56,-12.32,-1.70,-10.63,4443.15,4389.44,28289,7864,0.0,100.0,10,1,CROSS=EMA9<EMA21;TREND=1;STRUCT=1;VOL=1;COOL=1;EMA50=1;VWAP=1;BIAS=1,2.00,-0.79,23704.31,23925.53,full target: no partial booked
1246,2026.06.05 17:33:59,2026.06.05 20:03:59,SL_MOVE,XAUUSD,M15,422,SELL,FULLTGT,EVENING,0,4406.43,4424.86,4369.57,18.43,1.00,18.43,4388.00,4369.57,4351.14,4332.72,4314.29,0.06,0.00,0.06,4369.57,3.00,0.00,0.00,4396.34,4423.71,4442.29,4405.15,4429.97,-1.414,13.13,39.55,18.37,24.56,-22.88,-9.46,-13.42,4429.49,4361.13,24942,11346,0.0,100.0,10,1,CROSS=EMA9<EMA21;TREND=1;STRUCT=1;VOL=1;COOL=1;EMA50=1;VWAP=1;BIAS=1,2.99,-0.79,23704.31,24036.47,stop trailed to TP2
1247,2026.06.05 17:33:59,2026.06.05 20:03:59,TP3_REACHED,XAUUSD,M15,422,SELL,FULLTGT,EVENING,0,4406.43,4424.86,4369.57,18.43,1.00,18.43,4388.00,4369.57,4351.14,4332.72,4314.29,0.06,0.00,0.06,4351.14,3.00,3.00,0.00,4396.34,4423.71,4442.29,4405.15,4429.97,-1.414,13.13,39.55,18.37,24.56,-22.88,-9.46,-13.42,4429.49,4361.13,24942,11346,0.0,100.0,10,1,CROSS=EMA9<EMA21;TREND=1;STRUCT=1;VOL=1;COOL=1;EMA50=1;VWAP=1;BIAS=1,2.99,-0.79,23704.31,24036.47,full target: no partial booked
1248,2026.06.05 17:57:58,2026.06.05 20:27:58,EXIT_TRAIL_SL,XAUUSD,M15,422,SELL,FULLTGT,EVENING,0,4406.43,4424.86,4369.57,18.43,1.00,18.43,4388.00,4369.57,4351.14,4332.72,4314.29,0.06,0.06,0.00,4369.60,0.00,2.00,220.56,4386.92,4416.94,4438.64,4396.34,4423.71,-1.583,13.71,43.75,16.56,34.55,-25.74,-12.68,-13.06,4425.95,4349.23,21682,12198,0.0,100.0,10,1,CROSS=EMA9<EMA21;TREND=1;STRUCT=1;VOL=1;COOL=1;EMA50=1;VWAP=1;BIAS=1,3.36,-0.79,23925.08,23925.08,stopped at a trailed level
1249,2026.06.08 01:00:01,2026.06.08 03:30:01,DAY_SUMMARY,XAUUSD,M15,422,FLAT,NA,DAY,0,0.00,0.00,0.00,0.00,1.00,0.00,0.00,0.00,0.00,0.00,0.00,0.00,0.00,0.00,0.00,0.00,2.00,220.56,4323.74,4334.80,4369.61,4322.67,4335.48,-3.552,9.80,39.82,40.46,59.44,-15.96,-20.38,4.41,4388.58,4328.02,2710,12228,42.9,42.9,12,1,CROSS=EMA9<EMA21;TREND=1;STRUCT=1;VOL=1;COOL=1;EMA50=1;VWAP=1;BIAS=1,0.00,0.00,23925.08,23925.08,2026.06.05 trades=1 W=1 L=0 gross_profit=220.56 gross_loss=0.00 net=220.56 PF=0.00
1250,2026.06.08 01:00:01,2026.06.08 03:30:01,WEEK_SUMMARY,XAUUSD,M15,422,FLAT,NA,DAY,0,0.00,0.00,0.00,0.00,1.00,0.00,0.00,0.00,0.00,0.00,0.00,0.00,0.00,0.00,0.00,0.00,3.43,364.06,4323.74,4334.80,4369.61,4322.67,4335.48,-3.552,9.80,39.82,40.46,59.44,-15.96,-20.38,4.41,4388.58,4328.02,2710,12228,42.9,42.9,12,1,CROSS=EMA9<EMA21;TREND=1;STRUCT=1;VOL=1;COOL=1;EMA50=1;VWAP=1;BIAS=1,0.00,0.00,23925.08,23925.08,days=4 trades=7 W=3 L=4 gross_profit=536.22 gross_loss=172.16 net=364.06 PF=3.11 pips=6037.0
1251,2026.06.08 03:15:00,2026.06.08 05:45:00,ENTRY,XAUUSD,M15,424,BUY,FULLTGT,DAY,0,4343.90,4321.30,4321.30,22.60,1.00,22.60,4366.50,4389.11,4411.71,4434.32,4456.92,0.05,0.05,0.05,4343.90,0.00,0.00,0.00,4334.23,4333.94,4358.29,4331.85,4332.96,-2.154,11.30,33.69,53.72,67.07,-4.45,-10.30,5.85,4329.53,4343.78,6106,9163,85.7,0.0,12,1,CROSS=EMA9>EMA21;TREND=1;STRUCT=1;VOL=1;COOL=1;EMA50=1;VWAP=1;BIAS=1,0.00,0.00,23924.90,23924.30,KZ=ASIA; KZR=NY L @ 4426.38 237 bars ago (low taken); DAY 12AM-4PM IST session: stop x1.00 of usual; no partials; full size to TP5; SL steps BE->TP1->TP2->TP3
1252,2026.06.08 04:15:16,2026.06.08 06:45:16,EXIT_SL,XAUUSD,M15,424,BUY,FULLTGT,DAY,0,4343.90,4321.30,4321.30,22.60,1.00,22.60,4366.50,4389.11,4411.71,4434.32,4456.92,0.05,0.05,0.00,4321.18,0.00,-1.01,-113.96,4337.28,4336.06,4355.76,4339.84,4336.96,-1.763,11.17,36.34,43.30,33.75,-1.89,-5.11,3.22,4333.05,4327.05,10298,7790,28.6,71.4,12,1,CROSS=EMA9>EMA21;TREND=1;STRUCT=1;VOL=1;COOL=1;EMA50=1;VWAP=1;BIAS=1,0.42,-0.99,23811.12,23811.12,stopped at the initial SL (x1.00 of usual)
1253,2026.06.08 04:30:00,2026.06.08 07:00:00,ENTRY,XAUUSD,M15,426,SELL,FULLTGT,DAY,0,4314.63,4337.69,4337.69,23.06,1.00,23.06,4291.57,4268.51,4245.45,4222.39,4199.33,0.05,0.05,0.05,4314.63,0.00,0.00,0.00,4332.75,4334.11,4354.14,4337.28,4336.06,-1.737,11.53,35.13,37.86,28.32,-3.47,-4.26,0.79,4330.31,4314.63,19420,8035,14.3,85.7,10,1,CROSS=EMA9<EMA21;TREND=1;STRUCT=1;VOL=1;COOL=1;EMA50=1;VWAP=1;BIAS=1,0.00,0.00,23810.94,23810.44,KZ=ASIA; KZR=NY L @ 4426.38 242 bars ago (low taken); DAY 12AM-4PM IST session: stop x1.00 of usual; no partials; full size to TP5; SL steps BE->TP1->TP2->TP3
1254,2026.06.08 08:34:27,2026.06.08 11:04:27,SL_MOVE,XAUUSD,M15,426,SELL,FULLTGT,DAY,0,4314.63,4337.69,4314.63,23.06,1.00,23.06,4291.57,4268.51,4245.45,4222.39,4199.33,0.05,0.00,0.05,4314.63,1.00,0.00,0.00,4312.32,4317.45,4334.92,4312.44,4318.01,-1.584,11.03,22.12,44.47,48.47,-6.27,-6.89,0.62,4321.96,4311.85,5063,8871,14.3,57.1,12,1,CROSS=EMA9<EMA21;TREND=1;STRUCT=1;VOL=1;COOL=1;EMA50=1;VWAP=1;BIAS=1,1.00,-0.70,23810.94,23926.29,stop to breakeven
1255,2026.06.08 08:34:27,2026.06.08 11:04:27,TP1_REACHED,XAUUSD,M15,426,SELL,FULLTGT,DAY,0,4314.63,4337.69,4314.63,23.06,1.00,23.06,4291.57,4268.51,4245.45,4222.39,4199.33,0.05,0.00,0.05,4291.57,1.00,1.00,0.00,4312.32,4317.45,4334.92,4312.44,4318.01,-1.584,11.03,22.12,44.47,48.47,-6.27,-6.89,0.62,4321.96,4311.85,5063,8871,14.3,57.1,12,1,CROSS=EMA9<EMA21;TREND=1;STRUCT=1;VOL=1;COOL=1;EMA50=1;VWAP=1;BIAS=1,1.00,-0.70,23810.94,23926.29,full target: no partial booked
1256,2026.06.08 10:24:36,2026.06.08 12:54:36,EXIT_BE,XAUUSD,M15,426,SELL,FULLTGT,DAY,0,4314.63,4337.69,4314.63,23.06,1.00,23.06,4291.57,4268.51,4245.45,4222.39,4199.33,0.05,0.05,0.00,4314.73,0.00,-0.00,-0.86,4303.18,4308.87,4326.24,4302.66,4309.24,-1.473,11.79,17.54,46.01,55.28,-6.97,-7.52,0.55,4315.32,4305.24,11886,8948,42.9,42.9,11,1,CROSS=EMA9<EMA21;TREND=1;STRUCT=1;VOL=1;COOL=1;EMA50=1;VWAP=1;BIAS=1,2.01,-0.70,23810.26,23810.26,stopped at breakeven
1257,2026.06.08 14:15:00,2026.06.08 16:45:00,ENTRY,XAUUSD,M15,428,BUY,FULLTGT,EVENING,0,4319.00,4295.97,4295.97,23.03,1.00,23.03,4342.03,4365.06,4388.08,4411.11,4434.14,0.05,0.05,0.05,4319.00,0.00,0.00,0.00,4301.05,4300.08,4312.17,4296.60,4298.20,-1.050,11.51,23.33,61.30,67.15,-1.55,-5.82,4.26,4310.07,4318.88,8624,8402,85.7,0.0,10,1,CROSS=EMA9>EMA21;TREND=1;STRUCT=1;VOL=1;COOL=1;EMA50=1;VWAP=1;BIAS=1,0.00,0.00,23810.08,23809.58,KZ=NY; KZR=Asia L @ 4300.28 22 bars ago (low taken); EVENING 4PM-12AM IST session: stop x1.00 of usual; no partials; full size to TP5; SL steps BE->TP1->TP2->TP3
1258,2026.06.08 16:37:47,2026.06.08 19:07:47,SL_MOVE,XAUUSD,M15,428,BUY,FULLTGT,EVENING,0,4319.00,4295.97,4319.00,23.03,1.00,23.03,4342.03,4365.06,4388.08,4411.11,4434.14,0.05,0.00,0.05,4319.00,1.00,0.00,0.00,4325.61,4316.76,4317.21,4324.18,4315.30,-0.037,11.96,31.66,60.38,60.29,7.56,5.16,2.40,4312.85,4331.33,7490,8302,85.7,0.0,10,1,CROSS=EMA9>EMA21;TREND=1;STRUCT=1;VOL=1;COOL=1;EMA50=1;VWAP=1;BIAS=1,1.00,-0.28,23810.08,23925.28,stop to breakeven
1259,2026.06.08 16:37:47,2026.06.08 19:07:47,TP1_REACHED,XAUUSD,M15,428,BUY,FULLTGT,EVENING,0,4319.00,4295.97,4319.00,23.03,1.00,23.03,4342.03,4365.06,4388.08,4411.11,4434.14,0.05,0.00,0.05,4342.03,1.00,1.00,0.00,4325.61,4316.76,4317.21,4324.18,4315.30,-0.037,11.96,31.66,60.38,60.29,7.56,5.16,2.40,4312.85,4331.33,7490,8302,85.7,0.0,10,1,CROSS=EMA9>EMA21;TREND=1;STRUCT=1;VOL=1;COOL=1;EMA50=1;VWAP=1;BIAS=1,1.00,-0.28,23810.08,23925.28,full target: no partial booked
1260,2026.06.08 17:10:15,2026.06.08 19:40:15,EXIT_BE,XAUUSD,M15,428,BUY,FULLTGT,EVENING,0,4319.00,4295.97,4319.00,23.03,1.00,23.03,4342.03,4365.06,4388.08,4411.11,4434.14,0.05,0.05,0.00,4318.88,0.00,-0.01,-0.96,4327.63,4319.32,4318.32,4327.76,4318.54,0.079,12.65,30.78,56.08,43.03,7.67,6.61,1.06,4314.00,4327.08,12307,9085,57.1,42.9,10,1,CROSS=EMA9>EMA21;TREND=1;STRUCT=1;VOL=1;COOL=1;EMA50=1;VWAP=1;BIAS=1,1.20,-0.28,23809.30,23809.30,stopped at breakeven
1261,2026.06.08 22:45:00,2026.06.09 01:15:00,SKIP,XAUUSD,M15,428,FLAT,NA,DAY,0,0.00,0.00,0.00,0.00,1.00,0.00,0.00,0.00,0.00,0.00,0.00,0.00,0.00,0.00,0.00,0.00,0.00,0.00,4332.75,4332.85,4328.13,4334.65,4333.61,0.600,7.86,30.54,43.62,31.34,1.77,4.69,-2.91,4318.58,4325.18,6125,7249,14.3,71.4,6,1,CROSS=EMA9>EMA21;TREND=1;STRUCT=1;VOL=1;COOL=1;EMA50=1;VWAP=1;BIAS=1,0.00,0.00,23809.30,23809.30,outside the killzone window
1262,2026.06.09 01:00:00,2026.06.09 03:30:00,DAY_SUMMARY,XAUUSD,M15,428,FLAT,NA,DAY,0,0.00,0.00,0.00,0.00,1.00,0.00,0.00,0.00,0.00,0.00,0.00,0.00,0.00,0.00,0.00,0.00,-1.01,-115.78,4329.36,4330.85,4328.02,4329.27,4330.96,0.467,6.06,41.91,49.31,50.17,-0.21,1.61,-1.83,4318.75,4329.71,1266,5795,42.9,42.9,12,1,CROSS=EMA9>EMA21;TREND=1;STRUCT=1;VOL=1;COOL=1;EMA50=1;VWAP=1;BIAS=1,0.00,0.00,23809.30,23809.30,2026.06.08 trades=3 W=0 L=3 gross_profit=0.00 gross_loss=115.78 net=-115.78 PF=0.00
1263,2026.06.09 04:45:00,2026.06.09 07:15:00,SKIP,XAUUSD,M15,428,FLAT,NA,DAY,0,0.00,0.00,0.00,0.00,1.00,0.00,0.00,0.00,0.00,0.00,0.00,0.00,0.00,0.00,0.00,0.00,0.00,0.00,4326.68,4326.38,4326.44,4324.42,4325.44,-0.011,6.33,29.39,60.55,68.74,-0.40,-2.25,1.84,4323.97,4335.73,4767,4386,100.0,0.0,12,1,CROSS=EMA9>EMA21;TREND=1;STRUCT=1;VOL=1;COOL=1;EMA50=1;VWAP=1;BIAS=1,0.00,0.00,23809.30,23809.30,already positioned that way
1264,2026.06.09 10:30:00,2026.06.09 13:00:00,SKIP,XAUUSD,M15,428,FLAT,NA,DAY,0,0.00,0.00,0.00,0.00,1.00,0.00,0.00,0.00,0.00,0.00,0.00,0.00,0.00,0.00,0.00,0.00,0.00,0.00,4333.94,4334.05,4331.79,4334.63,4334.34,0.287,7.90,25.31,47.42,44.13,0.62,1.98,-1.36,4330.63,4331.15,5766,3736,28.6,71.4,5,1,CROSS=EMA9<EMA21;TREND=1;STRUCT=1;VOL=1;COOL=1;EMA50=1;VWAP=0;BIAS=1,0.00,0.00,23809.30,23809.30,quality filter
1265,2026.06.09 14:00:00,2026.06.09 16:30:00,SKIP,XAUUSD,M15,428,FLAT,NA,EVENING,0,0.00,0.00,0.00,0.00,1.00,0.00,0.00,0.00,0.00,0.00,0.00,0.00,0.00,0.00,0.00,0.00,0.00,0.00,4333.34,4332.65,4331.74,4331.86,4332.00,0.113,8.13,22.19,57.81,60.59,0.39,-0.60,0.99,4330.74,4339.23,3684,4429,71.4,0.0,10,1,CROSS=EMA9>EMA21;TREND=1;STRUCT=1;VOL=1;COOL=1;EMA50=1;VWAP=1;BIAS=1,0.00,0.00,23809.30,23809.30,already positioned that way
1266,2026.06.09 17:00:00,2026.06.09 19:30:00,SKIP,XAUUSD,M15,428,FLAT,NA,EVENING,0,0.00,0.00,0.00,0.00,1.00,0.00,0.00,0.00,0.00,0.00,0.00,0.00,0.00,0.00,0.00,0.00,0.00,0.00,4334.66,4335.08,4333.67,4336.09,4335.70,0.162,8.74,22.48,41.95,43.58,0.18,1.57,-1.39,4332.60,4328.93,16350,5198,0.0,85.7,10,1,CROSS=EMA9>EMA21;TREND=1;STRUCT=1;VOL=1;COOL=1;EMA50=1;VWAP=1;BIAS=1,0.00,0.00,23809.30,23809.30,outside the killzone window
1267,2026.06.10 09:30:00,2026.06.10 12:00:00,SKIP,XAUUSD,M15,428,FLAT,NA,DAY,0,0.00,0.00,0.00,0.00,1.00,0.00,0.00,0.00,0.00,0.00,0.00,0.00,0.00,0.00,0.00,0.00,0.00,0.00,4197.20,4196.79,4220.54,4193.51,4195.27,-2.121,11.20,45.33,57.65,71.38,-4.95,-13.09,8.15,4200.52,4211.94,8981,7872,85.7,14.3,5,1,CROSS=EMA9>EMA21;TREND=1;STRUCT=1;VOL=1;COOL=1;EMA50=1;VWAP=1;BIAS=1,0.00,0.00,23809.30,23809.30,already positioned that way
1268,2026.06.10 10:45:00,2026.06.10 13:15:00,ENTRY,XAUUSD,M15,430,SELL,FULLTGT,DAY,0,4189.74,4209.35,4209.35,19.61,1.00,19.61,4170.13,4150.53,4130.92,4111.32,4091.71,0.06,0.06,0.06,4189.74,0.00,0.00,0.00,4197.27,4197.40,4216.62,4199.15,4198.17,-1.960,9.80,31.61,42.34,36.73,-2.97,-5.36,2.39,4200.61,4189.74,7933,7482,14.3,85.7,11,1,CROSS=EMA9<EMA21;TREND=1;STRUCT=1;VOL=1;COOL=1;EMA50=1;VWAP=1;BIAS=1,0.00,0.00,23809.09,23808.43,KZ=LONDON; KZR=Asia L @ 4173.30 11 bars ago (low taken); DAY 12AM-4PM IST session: stop x1.00 of usual; no partials; full size to TP5; SL steps BE->TP1->TP2->TP3
1269,2026.06.10 11:03:14,2026.06.10 13:33:14,SL_MOVE,XAUUSD,M15,430,SELL,FULLTGT,DAY,0,4189.74,4209.35,4189.74,19.61,1.00,19.61,4170.13,4150.53,4130.92,4111.32,4091.71,0.06,0.00,0.06,4189.74,1.00,0.00,0.00,4195.05,4196.39,4215.43,4197.27,4197.40,-2.011,9.47,32.10,40.25,37.05,-3.59,-4.40,0.81,4200.25,4186.20,7923,7477,14.3,85.7,11,1,CROSS=EMA9<EMA21;TREND=1;STRUCT=1;VOL=1;COOL=1;EMA50=1;VWAP=1;BIAS=1,1.00,-0.17,23809.09,23927.59,stop to breakeven
1270,2026.06.10 11:03:14,2026.06.10 13:33:14,TP1_REACHED,XAUUSD,M15,430,SELL,FULLTGT,DAY,0,4189.74,4209.35,4189.74,19.61,1.00,19.61,4170.13,4150.53,4130.92,4111.32,4091.71,0.06,0.00,0.06,4170.13,1.00,1.00,0.00,4195.05,4196.39,4215.43,4197.27,4197.40,-2.011,9.47,32.10,40.25,37.05,-3.59,-4.40,0.81,4200.25,4186.20,7923,7477,14.3,85.7,11,1,CROSS=EMA9<EMA21;TREND=1;STRUCT=1;VOL=1;COOL=1;EMA50=1;VWAP=1;BIAS=1,1.00,-0.17,23809.09,23927.59,full target: no partial booked
1271,2026.06.10 14:56:39,2026.06.10 17:26:39,SL_MOVE,XAUUSD,M15,430,SELL,FULLTGT,EVENING,0,4189.74,4209.35,4170.13,19.61,1.00,19.61,4170.13,4150.53,4130.92,4111.32,4091.71,0.06,0.00,0.06,4170.13,2.00,0.00,0.00,4166.63,4173.83,4193.65,4169.67,4175.77,-1.607,12.33,29.18,33.53,38.65,-8.42,-8.78,0.36,4189.39,4154.45,12983,9676,14.3,85.7,10,1,CROSS=EMA9<EMA21;TREND=1;STRUCT=1;VOL=1;COOL=1;EMA50=1;VWAP=1;BIAS=1,2.00,-0.17,23809.09,24044.47,stop trailed to TP1
1272,2026.06.10 14:56:39,2026.06.10 17:26:39,TP2_REACHED,XAUUSD,M15,430,SELL,FULLTGT,EVENING,0,4189.74,4209.35,4170.13,19.61,1.00,19.61,4170.13,4150.53,4130.92,4111.32,4091.71,0.06,0.00,0.06,4150.53,2.00,2.00,0.00,4166.63,4173.83,4193.65,4169.67,4175.77,-1.607,12.33,29.18,33.53,38.65,-8.42,-8.78,0.36,4189.39,4154.45,12983,9676,14.3,85.7,10,1,CROSS=EMA9<EMA21;TREND=1;STRUCT=1;VOL=1;COOL=1;EMA50=1;VWAP=1;BIAS=1,2.00,-0.17,23809.09,24044.47,full target: no partial booked
1273,2026.06.10 15:27:24,2026.06.10 17:57:24,SL_MOVE,XAUUSD,M15,430,SELL,FULLTGT,EVENING,0,4189.74,4209.35,4150.53,19.61,1.00,19.61,4170.13,4150.53,4130.92,4111.32,4091.71,0.06,0.00,0.06,4150.53,3.00,0.00,0.00,4157.52,4168.25,4189.67,4162.83,4171.45,-1.618,13.23,33.12,26.37,25.79,-11.07,-9.00,-2.07,4187.43,4136.30,11385,9956,0.0,100.0,10,1,CROSS=EMA9<EMA21;TREND=1;STRUCT=1;VOL=1;COOL=1;EMA50=1;VWAP=1;BIAS=1,2.98,-0.17,23809.09,24162.55,stop trailed to TP2
1274,2026.06.10 15:27:24,2026.06.10 17:57:24,TP3_REACHED,XAUUSD,M15,430,SELL,FULLTGT,EVENING,0,4189.74,4209.35,4150.53,19.61,1.00,19.61,4170.13,4150.53,4130.92,4111.32,4091.71,0.06,0.00,0.06,4130.92,3.00,3.00,0.00,4157.52,4168.25,4189.67,4162.83,4171.45,-1.618,13.23,33.12,26.37,25.79,-11.07,-9.00,-2.07,4187.43,4136.30,11385,9956,0.0,100.0,10,1,CROSS=EMA9<EMA21;TREND=1;STRUCT=1;VOL=1;COOL=1;EMA50=1;VWAP=1;BIAS=1,2.98,-0.17,23809.09,24162.55,full target: no partial booked
1275,2026.06.10 15:30:04,2026.06.10 18:00:04,EXIT_TRAIL_SL,XAUUSD,M15,430,SELL,FULLTGT,EVENING,0,4189.74,4209.35,4150.53,19.61,1.00,19.61,4170.13,4150.53,4130.92,4111.32,4091.71,0.06,0.06,0.00,4150.76,0.00,1.99,233.46,4154.21,4165.77,4187.76,4157.52,4168.25,-1.652,13.31,36.34,30.59,35.02,-11.83,-9.23,-2.60,4186.24,4140.97,11781,10195,14.3,85.7,10,1,CROSS=EMA9<EMA21;TREND=1;STRUCT=1;VOL=1;COOL=1;EMA50=1;VWAP=1;BIAS=1,3.02,-0.17,24042.76,24042.76,stopped at a trailed level
1276,2026.06.11 01:00:00,2026.06.11 03:30:00,DAY_SUMMARY,XAUUSD,M15,430,FLAT,NA,DAY,0,0.00,0.00,0.00,0.00,1.00,0.00,0.00,0.00,0.00,0.00,0.00,0.00,0.00,0.00,0.00,0.00,1.99,233.46,4083.08,4100.17,4129.89,4086.02,4103.06,-2.668,11.14,58.55,28.03,32.98,-18.38,-16.58,-1.80,4157.24,4071.32,3173,11354,0.0,85.7,12,1,CROSS=EMA9<EMA21;TREND=1;STRUCT=1;VOL=1;COOL=1;EMA50=1;VWAP=1;BIAS=1,0.00,0.00,24042.76,24042.76,2026.06.10 trades=1 W=1 L=0 gross_profit=233.46 gross_loss=0.00 net=233.46 PF=0.00
1277,2026.06.11 04:45:00,2026.06.11 07:15:00,ENTRY,XAUUSD,M15,432,BUY,FULLTGT,DAY,0,4113.67,4077.06,4077.06,36.61,1.00,36.61,4150.28,4186.89,4223.50,4260.12,4296.73,0.03,0.03,0.03,4113.67,0.00,0.00,0.00,4082.45,4078.95,4101.85,4074.67,4075.49,-1.251,18.31,41.27,61.29,76.85,-2.98,-14.11,11.13,4066.57,4113.55,13748,11911,100.0,0.0,12,1,CROSS=EMA9>EMA21;TREND=1;STRUCT=1;VOL=1;COOL=1;EMA50=1;VWAP=1;BIAS=1,0.00,0.00,24042.65,24042.29,KZ=ASIA; KZR=NY L @ 4130.60 43 bars ago (low taken); DAY 12AM-4PM IST session: stop x1.00 of usual; no partials; full size to TP5; SL steps BE->TP1->TP2->TP3
1278,2026.06.11 05:31:22,2026.06.11 08:01:22,EXIT_SL,XAUUSD,M15,432,BUY,FULLTGT,DAY,0,4113.67,4077.06,4077.06,36.61,1.00,36.61,4150.28,4186.89,4223.50,4260.12,4296.73,0.03,0.03,0.00,4076.89,0.00,-1.00,-110.56,4086.08,4081.87,4100.63,4087.01,4081.82,-0.992,18.90,31.25,49.31,45.82,-0.35,-7.58,7.23,4070.50,4082.38,6744,11887,42.9,42.9,12,1,CROSS=EMA9>EMA21;TREND=1;STRUCT=1;VOL=1;COOL=1;EMA50=1;VWAP=1;BIAS=1,0.09,-1.00,23932.20,23932.20,stopped at the initial SL (x1.00 of usual)
1279,2026.06.11 06:00:00,2026.06.11 08:30:00,ENTRY,XAUUSD,M15,434,SELL,FULLTGT,DAY,0,4068.02,4109.16,4109.16,41.14,1.00,41.14,4026.88,3985.74,3944.59,3903.45,3862.31,0.02,0.02,0.02,4068.02,0.00,0.00,0.00,4078.19,4078.75,4097.79,4080.74,4079.83,-0.926,20.57,31.84,45.38,42.16,-3.01,-4.49,1.48,4069.98,4068.01,11915,12988,14.3,71.4,5,1,CROSS=EMA9<EMA21;TREND=1;STRUCT=1;VOL=1;COOL=1;EMA50=1;VWAP=1;BIAS=1,0.00,0.00,23932.13,23932.03,KZ=ASIA; KZR=NY L @ 4130.60 48 bars ago (low taken); DAY 12AM-4PM IST session: stop x1.00 of usual; no partials; full size to TP5; SL steps BE->TP1->TP2->TP3
1280,2026.06.11 08:00:00,2026.06.11 10:30:00,FLIP,XAUUSD,M15,434,SELL,FULLTGT,DAY,0,4068.02,4109.16,4109.16,41.14,1.00,41.14,4026.88,3985.74,3944.59,3903.45,3862.31,0.02,0.00,0.00,4082.85,0.00,-0.36,0.00,4077.72,4077.19,4091.54,4076.45,4076.63,-0.896,16.01,20.68,51.90,57.25,-1.30,-3.30,2.00,4070.42,4082.80,4200,11267,71.4,0.0,7,1,CROSS=EMA9>EMA21;TREND=1;STRUCT=1;VOL=1;COOL=1;EMA50=1;VWAP=1;BIAS=1,0.27,-0.44,23932.13,23902.47,opposite signal before SL/target | SELL -> BUY | closing trade 434
1281,2026.06.11 08:00:00,2026.06.11 10:30:00,EXIT_FLIP,XAUUSD,M15,434,SELL,FULLTGT,DAY,0,4068.02,4109.16,4109.16,41.14,1.00,41.14,4026.88,3985.74,3944.59,3903.45,3862.31,0.02,0.02,0.00,4082.85,0.00,-0.36,0.00,4077.72,4077.19,4091.54,4076.45,4076.63,-0.896,16.01,20.68,51.90,57.25,-1.30,-3.30,2.00,4070.42,4082.80,4200,11267,71.4,0.0,7,1,CROSS=EMA9>EMA21;TREND=1;STRUCT=1;VOL=1;COOL=1;EMA50=1;VWAP=1;BIAS=1,0.27,-0.44,23902.40,23902.40,FLIP exit
1282,2026.06.11 08:00:00,2026.06.11 10:30:00,EXIT_OTHER,XAUUSD,M15,434,SELL,FULLTGT,DAY,0,4068.02,4109.16,4109.16,41.14,1.00,41.14,4026.88,3985.74,3944.59,3903.45,3862.31,0.02,0.02,0.00,4082.85,0.00,-0.36,-29.80,4077.72,4077.19,4091.54,4076.45,4076.63,-0.896,16.01,20.68,51.90,57.25,-1.30,-3.30,2.00,4070.42,4082.80,4200,11267,71.4,0.0,7,1,CROSS=EMA9>EMA21;TREND=1;STRUCT=1;VOL=1;COOL=1;EMA50=1;VWAP=1;BIAS=1,0.27,-0.44,23902.40,23902.40,FLIP exit
1283,2026.06.11 08:00:00,2026.06.11 10:30:00,ENTRY,XAUUSD,M15,436,BUY,FULLTGT,DAY,434,4082.85,4050.82,4050.82,32.03,1.00,32.03,4114.88,4146.91,4178.94,4210.97,4243.00,0.03,0.03,0.03,4082.85,0.00,0.00,0.00,4077.72,4077.19,4091.54,4076.45,4076.63,-0.896,16.01,20.68,51.90,57.25,-1.30,-3.30,2.00,4070.42,4082.80,4200,11267,71.4,0.0,7,1,CROSS=EMA9>EMA21;TREND=1;STRUCT=1;VOL=1;COOL=1;EMA50=1;VWAP=1;BIAS=1,0.00,0.00,23902.29,23902.08,KZ=LONDON; KZR=NY L @ 4130.60 56 bars ago (low taken); DAY 12AM-4PM IST session: stop x1.00 of usual; no partials; full size to TP5; SL steps BE->TP1->TP2->TP3; flipped from trade 434
1284,2026.06.11 14:15:00,2026.06.11 16:45:00,SKIP,XAUUSD,M15,436,BUY,FULLTGT,EVENING,434,4082.85,4050.82,4050.82,32.03,1.00,32.03,4114.88,4146.91,4178.94,4210.97,4243.00,0.03,0.00,0.00,0.00,0.00,0.00,0.00,4089.51,4089.74,4091.60,4090.33,4090.09,-0.204,9.12,23.28,47.59,43.62,0.53,1.51,-0.98,4078.31,4086.22,7291,6599,14.3,71.4,8,1,CROSS=EMA9<EMA21;TREND=1;STRUCT=1;VOL=1;COOL=1;EMA50=1;VWAP=0;BIAS=1,0.93,-0.31,23902.29,23912.37,quality filter
1285,2026.06.11 19:00:00,2026.06.11 21:30:00,SKIP,XAUUSD,M15,436,BUY,FULLTGT,EVENING,434,4082.85,4050.82,4050.82,32.03,1.00,32.03,4114.88,4146.91,4178.94,4210.97,4243.00,0.03,0.00,0.00,0.00,0.00,0.00,0.00,4081.35,4080.90,4084.68,4079.47,4080.11,-0.257,14.67,21.93,55.10,59.50,-0.69,-3.08,2.39,4078.13,4088.85,13707,15656,71.4,0.0,10,1,CROSS=EMA9<EMA21;TREND=1;STRUCT=1;VOL=1;COOL=1;EMA50=1;VWAP=0;BIAS=1,0.93,-0.93,23902.29,23920.32,outside the killzone window
1286,2026.06.11 20:30:11,2026.06.11 23:00:11,SL_MOVE,XAUUSD,M15,436,BUY,FULLTGT,EVENING,434,4082.85,4050.82,4082.85,32.03,1.00,32.03,4114.88,4146.91,4178.94,4210.97,4243.00,0.03,0.00,0.03,4082.85,1.00,0.00,0.00,4085.77,4083.58,4085.18,4081.77,4081.76,-0.096,16.59,22.85,58.99,66.29,1.32,-0.14,1.47,4078.97,4101.79,15314,16917,71.4,0.0,11,1,CROSS=EMA9<EMA21;TREND=1;STRUCT=1;VOL=1;COOL=1;EMA50=1;VWAP=0;BIAS=1,1.00,-0.93,23902.29,23998.80,stop to breakeven
1287,2026.06.11 20:30:11,2026.06.11 23:00:11,TP1_REACHED,XAUUSD,M15,436,BUY,FULLTGT,EVENING,434,4082.85,4050.82,4082.85,32.03,1.00,32.03,4114.88,4146.91,4178.94,4210.97,4243.00,0.03,0.00,0.03,4114.88,1.00,1.00,0.00,4085.77,4083.58,4085.18,4081.77,4081.76,-0.096,16.59,22.85,58.99,66.29,1.32,-0.14,1.47,4078.97,4101.79,15314,16917,71.4,0.0,11,1,CROSS=EMA9<EMA21;TREND=1;STRUCT=1;VOL=1;COOL=1;EMA50=1;VWAP=0;BIAS=1,1.00,-0.93,23902.29,23998.80,full target: no partial booked
1288,2026.06.11 20:34:25,2026.06.11 23:04:25,SL_MOVE,XAUUSD,M15,436,BUY,FULLTGT,EVENING,434,4082.85,4050.82,4114.88,32.03,1.00,32.03,4114.88,4146.91,4178.94,4210.97,4243.00,0.03,0.00,0.03,4114.88,2.00,0.00,0.00,4085.77,4083.58,4085.18,4081.77,4081.76,-0.096,16.59,22.85,58.99,66.29,1.32,-0.14,1.47,4078.97,4101.79,15314,16917,71.4,0.0,11,1,CROSS=EMA9<EMA21;TREND=1;STRUCT=1;VOL=1;COOL=1;EMA50=1;VWAP=0;BIAS=1,2.00,-0.93,23902.29,24095.19,stop trailed to TP1
1289,2026.06.11 20:34:25,2026.06.11 23:04:25,TP2_REACHED,XAUUSD,M15,436,BUY,FULLTGT,EVENING,434,4082.85,4050.82,4114.88,32.03,1.00,32.03,4114.88,4146.91,4178.94,4210.97,4243.00,0.03,0.00,0.03,4146.91,2.00,2.00,0.00,4085.77,4083.58,4085.18,4081.77,4081.76,-0.096,16.59,22.85,58.99,66.29,1.32,-0.14,1.47,4078.97,4101.79,15314,16917,71.4,0.0,11,1,CROSS=EMA9<EMA21;TREND=1;STRUCT=1;VOL=1;COOL=1;EMA50=1;VWAP=0;BIAS=1,2.00,-0.93,23902.29,24095.19,full target: no partial booked
1290,2026.06.11 22:11:23,2026.06.12 00:41:23,SL_MOVE,XAUUSD,M15,436,BUY,FULLTGT,DAY,434,4082.85,4050.82,4146.91,32.03,1.00,32.03,4114.88,4146.91,4178.94,4210.97,4243.00,0.03,0.00,0.03,4146.91,3.00,0.00,0.00,4139.23,4115.89,4100.64,4133.57,4111.29,0.777,19.62,27.58,68.64,70.13,20.21,9.96,10.25,4089.92,4161.89,11355,19244,85.7,0.0,9,1,CROSS=EMA9<EMA21;TREND=1;STRUCT=1;VOL=1;COOL=1;EMA50=1;VWAP=0;BIAS=1,3.00,-0.93,23902.29,24191.10,stop trailed to TP2
1291,2026.06.11 22:11:23,2026.06.12 00:41:23,TP3_REACHED,XAUUSD,M15,436,BUY,FULLTGT,DAY,434,4082.85,4050.82,4146.91,32.03,1.00,32.03,4114.88,4146.91,4178.94,4210.97,4243.00,0.03,0.00,0.03,4178.94,3.00,3.00,0.00,4139.23,4115.89,4100.64,4133.57,4111.29,0.777,19.62,27.58,68.64,70.13,20.21,9.96,10.25,4089.92,4161.89,11355,19244,85.7,0.0,9,1,CROSS=EMA9<EMA21;TREND=1;STRUCT=1;VOL=1;COOL=1;EMA50=1;VWAP=0;BIAS=1,3.00,-0.93,23902.29,24191.10,full target: no partial booked
1292,2026.06.11 22:30:55,2026.06.12 01:00:55,SL_MOVE,XAUUSD,M15,436,BUY,FULLTGT,DAY,434,4082.85,4050.82,4178.94,32.03,1.00,32.03,4114.88,4146.91,4178.94,4210.97,4243.00,0.03,0.00,0.03,4178.94,4.00,0.00,0.00,4158.38,4129.13,4107.67,4149.05,4122.48,1.126,19.05,35.18,74.87,74.48,26.00,15.44,10.56,4092.92,4195.70,15806,18803,85.7,0.0,11,1,CROSS=EMA9<EMA21;TREND=1;STRUCT=1;VOL=1;COOL=1;EMA50=1;VWAP=0;BIAS=1,3.99,-0.93,23902.29,24286.71,stop trailed to TP3
1293,2026.06.11 22:30:55,2026.06.12 01:00:55,TP4_REACHED,XAUUSD,M15,436,BUY,FULLTGT,DAY,434,4082.85,4050.82,4178.94,32.03,1.00,32.03,4114.88,4146.91,4178.94,4210.97,4243.00,0.03,0.00,0.03,4210.97,4.00,4.00,0.00,4158.38,4129.13,4107.67,4149.05,4122.48,1.126,19.05,35.18,74.87,74.48,26.00,15.44,10.56,4092.92,4195.70,15806,18803,85.7,0.0,11,1,CROSS=EMA9<EMA21;TREND=1;STRUCT=1;VOL=1;COOL=1;EMA50=1;VWAP=0;BIAS=1,3.99,-0.93,23902.29,24286.71,full target: no partial booked
1294,2026.06.12 01:00:00,2026.06.12 03:30:00,DAY_SUMMARY,XAUUSD,M15,436,BUY,FULLTGT,DAY,434,4082.85,4050.82,4178.94,32.03,1.00,32.03,4114.88,4146.91,4178.94,4210.97,4243.00,0.03,0.00,0.00,0.00,0.00,-1.37,-140.36,4197.43,4164.92,4129.78,4194.09,4160.34,2.035,17.27,50.09,74.83,64.82,32.91,29.04,3.87,4098.83,4210.77,2428,16095,85.7,0.0,12,1,CROSS=EMA9<EMA21;TREND=1;STRUCT=1;VOL=1;COOL=1;EMA50=1;VWAP=0;BIAS=1,4.29,-0.93,23902.29,24282.11,2026.06.11 trades=2 W=0 L=2 gross_profit=0.00 gross_loss=140.36 net=-140.36 PF=0.00
1295,2026.06.12 01:57:15,2026.06.12 04:27:15,TP5_EXIT,XAUUSD,M15,436,BUY,FULLTGT,DAY,434,4082.85,4050.82,4178.94,32.03,1.00,32.03,4114.88,4146.91,4178.94,4210.97,4243.00,0.03,0.03,0.00,4243.01,5.00,5.00,0.00,4207.51,4177.97,4139.66,4202.90,4173.17,2.297,16.68,52.90,77.71,77.88,31.78,31.94,-0.17,4215.97,4225.95,5481,14669,71.4,14.3,12,1,CROSS=EMA9<EMA21;TREND=1;STRUCT=1;VOL=1;COOL=1;EMA50=1;VWAP=0;BIAS=1,5.00,-0.93,24380.76,24380.76,full target reached; closed in full
1296,2026.06.12 01:57:15,2026.06.12 04:27:15,EXIT_TP,XAUUSD,M15,436,BUY,FULLTGT,DAY,434,4082.85,4050.82,4178.94,32.03,1.00,32.03,4114.88,4146.91,4178.94,4210.97,4243.00,0.03,0.03,0.00,4243.01,0.00,5.00,478.36,4207.51,4177.97,4139.66,4202.90,4173.17,2.297,16.68,52.90,77.71,77.88,31.78,31.94,-0.17,4215.97,4225.95,5481,14669,71.4,14.3,12,1,CROSS=EMA9<EMA21;TREND=1;STRUCT=1;VOL=1;COOL=1;EMA50=1;VWAP=0;BIAS=1,5.00,-0.93,24380.76,24380.76,TP5 exit
1297,2026.06.12 05:30:00,2026.06.12 08:00:00,ENTRY,XAUUSD,M15,438,SELL,FULLTGT,DAY,0,4188.38,4216.74,4216.74,28.36,1.00,28.36,4160.02,4131.66,4103.30,4074.94,4046.58,0.04,0.04,0.04,4188.38,0.00,0.00,0.00,4194.18,4194.48,4168.33,4195.63,4195.09,1.844,14.18,27.51,49.41,43.20,5.74,13.78,-8.04,4204.57,4188.37,6442,8205,0.0,85.7,12,1,CROSS=EMA9<EMA21;TREND=1;STRUCT=1;VOL=1;COOL=1;EMA50=1;VWAP=1;BIAS=1,0.00,0.00,24380.62,24380.14,KZ=ASIA; KZR=London L @ 4076.40 57 bars ago (low taken); DAY 12AM-4PM IST session: stop x1.00 of usual; no partials; full size to TP5; SL steps BE->TP1->TP2->TP3
1298,2026.06.12 06:30:00,2026.06.12 09:00:00,FLIP,XAUUSD,M15,438,SELL,FULLTGT,DAY,0,4188.38,4216.74,4216.74,28.36,1.00,28.36,4160.02,4131.66,4103.30,4074.94,4046.58,0.04,0.00,0.00,4203.51,0.00,-0.53,0.00,4194.87,4194.49,4172.15,4192.75,4193.60,1.534,14.56,22.85,56.75,60.84,4.10,6.58,-2.48,4202.44,4203.38,8304,9168,57.1,14.3,8,1,CROSS=EMA9>EMA21;TREND=1;STRUCT=1;VOL=1;COOL=1;EMA50=1;VWAP=1;BIAS=1,0.20,-0.54,24380.62,24320.10,opposite signal before SL/target | SELL -> BUY | closing trade 438
1299,2026.06.12 06:30:00,2026.06.12 09:00:00,EXIT_FLIP,XAUUSD,M15,438,SELL,FULLTGT,DAY,0,4188.38,4216.74,4216.74,28.36,1.00,28.36,4160.02,4131.66,4103.30,4074.94,4046.58,0.04,0.04,0.00,4203.51,0.00,-0.53,0.00,4194.87,4194.49,4172.15,4192.75,4193.60,1.534,14.56,22.85,56.75,60.84,4.10,6.58,-2.48,4202.44,4203.38,8304,9168,57.1,14.3,8,1,CROSS=EMA9>EMA21;TREND=1;STRUCT=1;VOL=1;COOL=1;EMA50=1;VWAP=1;BIAS=1,0.20,-0.54,24319.96,24319.96,FLIP exit
1300,2026.06.12 06:30:00,2026.06.12 09:00:00,EXIT_OTHER,XAUUSD,M15,438,SELL,FULLTGT,DAY,0,4188.38,4216.74,4216.74,28.36,1.00,28.36,4160.02,4131.66,4103.30,4074.94,4046.58,0.04,0.04,0.00,4203.51,0.00,-0.53,-60.80,4194.87,4194.49,4172.15,4192.75,4193.60,1.534,14.56,22.85,56.75,60.84,4.10,6.58,-2.48,4202.44,4203.38,8304,9168,57.1,14.3,8,1,CROSS=EMA9>EMA21;TREND=1;STRUCT=1;VOL=1;COOL=1;EMA50=1;VWAP=1;BIAS=1,0.20,-0.54,24319.96,24319.96,FLIP exit
1301,2026.06.12 06:30:00,2026.06.12 09:00:00,ENTRY,XAUUSD,M15,440,BUY,FULLTGT,DAY,438,4203.51,4174.38,4174.38,29.13,1.00,29.13,4232.64,4261.76,4290.89,4320.02,4349.14,0.04,0.04,0.04,4203.51,0.00,0.00,0.00,4194.87,4194.49,4172.15,4192.75,4193.60,1.534,14.56,22.85,56.75,60.84,4.10,6.58,-2.48,4202.44,4203.38,8304,9168,57.1,14.3,8,1,CROSS=EMA9>EMA21;TREND=1;STRUCT=1;VOL=1;COOL=1;EMA50=1;VWAP=1;BIAS=1,0.00,0.00,24319.82,24319.50,KZ=ASIA; KZR=London L @ 4076.40 61 bars ago (low taken); DAY 12AM-4PM IST session: stop x1.00 of usual; no partials; full size to TP5; SL steps BE->TP1->TP2->TP3; flipped from trade 438
1302,2026.06.12 08:00:00,2026.06.12 10:30:00,FLIP,XAUUSD,M15,440,BUY,FULLTGT,DAY,0,4203.51,4174.38,4174.38,29.13,1.00,29.13,4232.64,4261.76,4290.89,4320.02,4349.14,0.04,0.00,0.00,4190.02,0.00,-0.46,0.00,4193.82,4194.29,4176.88,4194.77,4194.72,1.473,11.83,17.29,48.60,42.01,1.92,3.38,-1.46,4201.87,4190.02,2533,8124,0.0,71.4,6,1,CROSS=EMA9<EMA21;TREND=1;STRUCT=1;VOL=1;COOL=1;EMA50=1;VWAP=1;BIAS=1,0.05,-0.48,24319.82,24265.86,opposite signal before SL/target | BUY -> SELL | closing trade 440
1303,2026.06.12 08:00:00,2026.06.12 10:30:00,EXIT_FLIP,XAUUSD,M15,440,BUY,FULLTGT,DAY,0,4203.51,4174.38,4174.38,29.13,1.00,29.13,4232.64,4261.76,4290.89,4320.02,4349.14,0.04,0.04,0.00,4190.02,0.00,-0.46,0.00,4193.82,4194.29,4176.88,4194.77,4194.72,1.473,11.83,17.29,48.60,42.01,1.92,3.38,-1.46,4201.87,4190.02,2533,8124,0.0,71.4,6,1,CROSS=EMA9<EMA21;TREND=1;STRUCT=1;VOL=1;COOL=1;EMA50=1;VWAP=1;BIAS=1,0.05,-0.48,24265.72,24265.72,FLIP exit
1304,2026.06.12 08:00:00,2026.06.12 10:30:00,EXIT_OTHER,XAUUSD,M15,440,BUY,FULLTGT,DAY,0,4203.51,4174.38,4174.38,29.13,1.00,29.13,4232.64,4261.76,4290.89,4320.02,4349.14,0.04,0.04,0.00,4190.02,0.00,-0.46,-54.24,4193.82,4194.29,4176.88,4194.77,4194.72,1.473,11.83,17.29,48.60,42.01,1.92,3.38,-1.46,4201.87,4190.02,2533,8124,0.0,71.4,6,1,CROSS=EMA9<EMA21;TREND=1;STRUCT=1;VOL=1;COOL=1;EMA50=1;VWAP=1;BIAS=1,0.05,-0.48,24265.72,24265.72,FLIP exit
1305,2026.06.12 08:00:00,2026.06.12 10:30:00,ENTRY,XAUUSD,M15,442,SELL,FULLTGT,DAY,440,4190.02,4213.67,4213.67,23.65,1.00,23.65,4166.37,4142.72,4119.07,4095.41,4071.76,0.05,0.05,0.05,4190.02,0.00,0.00,0.00,4193.82,4194.29,4176.88,4194.77,4194.72,1.473,11.83,17.29,48.60,42.01,1.92,3.38,-1.46,4201.87,4190.02,2533,8124,0.0,71.4,6,1,CROSS=EMA9<EMA21;TREND=1;STRUCT=1;VOL=1;COOL=1;EMA50=1;VWAP=1;BIAS=1,0.00,0.00,24265.54,24265.24,KZ=LONDON; KZR=London L @ 4076.40 67 bars ago (low taken); DAY 12AM-4PM IST session: stop x1.00 of usual; no partials; full size to TP5; SL steps BE->TP1->TP2->TP3; flipped from trade 440
1306,2026.06.12 11:15:00,2026.06.12 13:45:00,FLIP,XAUUSD,M15,442,SELL,FULLTGT,DAY,0,4190.02,4213.67,4213.67,23.65,1.00,23.65,4166.37,4142.72,4119.07,4095.41,4071.76,0.05,0.00,0.00,4203.96,0.00,-0.59,0.00,4187.85,4187.76,4179.88,4183.83,4186.14,0.843,9.34,29.63,60.13,68.98,-0.33,-2.42,2.09,4196.33,4203.89,11785,5819,100.0,0.0,7,1,CROSS=EMA9>EMA21;TREND=1;STRUCT=1;VOL=1;COOL=1;EMA50=1;VWAP=1;BIAS=1,0.83,-0.64,24265.54,24195.84,opposite signal before SL/target | SELL -> BUY | closing trade 442
1307,2026.06.12 11:15:00,2026.06.12 13:45:00,EXIT_FLIP,XAUUSD,M15,442,SELL,FULLTGT,DAY,0,4190.02,4213.67,4213.67,23.65,1.00,23.65,4166.37,4142.72,4119.07,4095.41,4071.76,0.05,0.05,0.00,4203.96,0.00,-0.59,0.00,4187.85,4187.76,4179.88,4183.83,4186.14,0.843,9.34,29.63,60.13,68.98,-0.33,-2.42,2.09,4196.33,4203.89,11785,5819,100.0,0.0,7,1,CROSS=EMA9>EMA21;TREND=1;STRUCT=1;VOL=1;COOL=1;EMA50=1;VWAP=1;BIAS=1,0.83,-0.64,24195.66,24195.66,FLIP exit
1308,2026.06.12 11:15:00,2026.06.12 13:45:00,EXIT_OTHER,XAUUSD,M15,442,SELL,FULLTGT,DAY,0,4190.02,4213.67,4213.67,23.65,1.00,23.65,4166.37,4142.72,4119.07,4095.41,4071.76,0.05,0.05,0.00,4203.96,0.00,-0.59,-70.06,4187.85,4187.76,4179.88,4183.83,4186.14,0.843,9.34,29.63,60.13,68.98,-0.33,-2.42,2.09,4196.33,4203.89,11785,5819,100.0,0.0,7,1,CROSS=EMA9>EMA21;TREND=1;STRUCT=1;VOL=1;COOL=1;EMA50=1;VWAP=1;BIAS=1,0.83,-0.64,24195.66,24195.66,FLIP exit
1309,2026.06.12 11:15:00,2026.06.12 13:45:00,ENTRY,XAUUSD,M15,444,BUY,FULLTGT,DAY,442,4203.96,4185.27,4185.27,18.69,1.00,18.69,4222.65,4241.33,4260.02,4278.70,4297.39,0.06,0.06,0.06,4203.96,0.00,0.00,0.00,4187.85,4187.76,4179.88,4183.83,4186.14,0.843,9.34,29.63,60.13,68.98,-0.33,-2.42,2.09,4196.33,4203.89,11785,5819,100.0,0.0,7,1,CROSS=EMA9>EMA21;TREND=1;STRUCT=1;VOL=1;COOL=1;EMA50=1;VWAP=1;BIAS=1,0.00,0.00,24195.45,24195.03,KZ=LONDON; KZR=London L @ 4076.40 80 bars ago (low taken); DAY 12AM-4PM IST session: stop x1.00 of usual; no partials; full size to TP5; SL steps BE->TP1->TP2->TP3; flipped from trade 442
1310,2026.06.12 11:55:30,2026.06.12 14:25:30,SL_MOVE,XAUUSD,M15,444,BUY,FULLTGT,DAY,442,4203.96,4185.27,4203.96,18.69,1.00,18.69,4222.65,4241.33,4260.02,4278.70,4297.39,0.06,0.00,0.06,4203.96,1.00,0.00,0.00,4198.00,4192.64,4182.64,4192.90,4190.06,0.997,10.03,32.93,66.36,72.02,3.79,-1.34,5.13,4197.73,4218.42,9787,6540,100.0,0.0,11,1,CROSS=EMA9>EMA21;TREND=1;STRUCT=1;VOL=1;COOL=1;EMA50=1;VWAP=1;BIAS=1,0.99,-0.24,24195.45,24307.71,stop to breakeven
1311,2026.06.12 11:55:30,2026.06.12 14:25:30,TP1_REACHED,XAUUSD,M15,444,BUY,FULLTGT,DAY,442,4203.96,4185.27,4203.96,18.69,1.00,18.69,4222.65,4241.33,4260.02,4278.70,4297.39,0.06,0.00,0.06,4222.65,1.00,1.00,0.00,4198.00,4192.64,4182.64,4192.90,4190.06,0.997,10.03,32.93,66.36,72.02,3.79,-1.34,5.13,4197.73,4218.42,9787,6540,100.0,0.0,11,1,CROSS=EMA9>EMA21;TREND=1;STRUCT=1;VOL=1;COOL=1;EMA50=1;VWAP=1;BIAS=1,0.99,-0.24,24195.45,24307.71,full target: no partial booked
1312,2026.06.12 13:26:49,2026.06.12 15:56:49,EXIT_BE,XAUUSD,M15,444,BUY,FULLTGT,DAY,442,4203.96,4185.27,4203.96,18.69,1.00,18.69,4222.65,4241.33,4260.02,4278.70,4297.39,0.06,0.06,0.00,4203.87,0.00,-0.00,-0.96,4215.94,4205.56,4191.10,4214.56,4203.97,1.363,10.61,41.70,64.34,46.59,9.46,5.93,3.54,4200.42,4221.48,6223,7594,71.4,14.3,11,1,CROSS=EMA9>EMA21;TREND=1;STRUCT=1;VOL=1;COOL=1;EMA50=1;VWAP=1;BIAS=1,1.29,-0.24,24194.70,24194.70,stopped at breakeven
1313,2026.06.12 16:00:00,2026.06.12 18:30:00,ENTRY,XAUUSD,M15,446,SELL,FULLTGT,EVENING,0,4191.81,4214.83,4214.83,23.02,1.00,23.02,4168.79,4145.77,4122.75,4099.73,4076.71,0.05,0.05,0.05,4191.81,0.00,0.00,0.00,4203.41,4204.77,4196.13,4206.31,4206.06,0.750,11.51,39.29,42.37,35.76,0.70,4.27,-3.57,4201.33,4191.82,7666,7403,0.0,100.0,10,1,CROSS=EMA9<EMA21;TREND=1;STRUCT=1;VOL=1;COOL=1;EMA50=1;VWAP=1;BIAS=1,0.00,0.00,24194.52,24194.02,KZ=NY; KZR=London L @ 4076.40 99 bars ago (low taken); EVENING 4PM-12AM IST session: stop x1.00 of usual; no partials; full size to TP5; SL steps BE->TP1->TP2->TP3
1314,2026.06.12 18:14:25,2026.06.12 20:44:25,EXIT_SL,XAUUSD,M15,446,SELL,FULLTGT,EVENING,0,4191.81,4214.83,4214.83,23.02,1.00,23.02,4168.79,4145.77,4122.75,4099.73,4076.71,0.05,0.05,0.00,4214.85,0.00,-1.00,-115.56,4195.09,4198.69,4195.40,4192.87,4198.16,0.249,13.18,31.06,52.68,59.08,-2.78,-1.57,-1.21,4199.08,4203.97,24327,11263,71.4,28.6,5,1,CROSS=EMA9<EMA21;TREND=1;STRUCT=1;VOL=1;COOL=1;EMA50=1;VWAP=1;BIAS=1,0.64,-0.99,24079.14,24079.14,stopped at the initial SL (x1.00 of usual)
1315,2026.06.12 18:30:00,2026.06.12 21:00:00,SKIP,XAUUSD,M15,446,FLAT,NA,EVENING,0,0.00,0.00,0.00,0.00,1.00,0.00,0.00,0.00,0.00,0.00,0.00,0.00,0.00,0.00,0.00,0.00,0.00,0.00,4204.28,4202.43,4197.30,4198.88,4200.08,0.358,14.32,30.39,62.18,67.16,1.07,-1.67,2.74,4199.93,4225.87,14258,11921,100.0,0.0,8,1,CROSS=EMA9<EMA21;TREND=1;STRUCT=1;VOL=1;COOL=1;EMA50=1;VWAP=1;BIAS=1,0.00,0.00,24079.14,24079.14,outside the killzone window
1316,2026.06.15 01:00:01,2026.06.15 03:30:01,DAY_SUMMARY,XAUUSD,M15,446,FLAT,NA,DAY,0,0.00,0.00,0.00,0.00,1.00,0.00,0.00,0.00,0.00,0.00,0.00,0.00,0.00,0.00,0.00,0.00,2.41,176.74,4214.98,4214.37,4208.59,4214.09,4213.96,0.648,8.92,26.87,54.09,60.24,1.44,2.65,-1.20,4204.00,4218.50,1045,7601,71.4,14.3,12,1,CROSS=EMA9<EMA21;TREND=1;STRUCT=1;VOL=1;COOL=1;EMA50=1;VWAP=1;BIAS=1,0.00,0.00,24079.14,24079.14,2026.06.12 trades=6 W=1 L=5 gross_profit=478.36 gross_loss=301.62 net=176.74 PF=1.59
1317,2026.06.15 01:00:01,2026.06.15 03:30:01,WEEK_SUMMARY,XAUUSD,M15,446,FLAT,NA,DAY,0,0.00,0.00,0.00,0.00,1.00,0.00,0.00,0.00,0.00,0.00,0.00,0.00,0.00,0.00,0.00,0.00,2.02,154.06,4214.98,4214.37,4208.59,4214.09,4213.96,0.648,8.92,26.87,54.09,60.24,1.44,2.65,-1.20,4204.00,4218.50,1045,7601,71.4,14.3,12,1,CROSS=EMA9<EMA21;TREND=1;STRUCT=1;VOL=1;COOL=1;EMA50=1;VWAP=1;BIAS=1,0.00,0.00,24079.14,24079.14,days=4 trades=12 W=2 L=10 gross_profit=711.82 gross_loss=557.76 net=154.06 PF=1.28 pips=5890.0
1318,2026.06.15 20:00:00,2026.06.15 22:30:00,SKIP,XAUUSD,M15,446,FLAT,NA,EVENING,0,0.00,0.00,0.00,0.00,1.00,0.00,0.00,0.00,0.00,0.00,0.00,0.00,0.00,0.00,0.00,0.00,0.00,0.00,4347.04,4347.13,4333.54,4348.99,4347.91,1.408,9.65,35.94,44.72,36.62,2.41,6.31,-3.90,4329.30,4339.25,5989,9492,14.3,71.4,11,1,CROSS=EMA9<EMA21;TREND=1;STRUCT=1;VOL=1;COOL=1;EMA50=1;VWAP=1;BIAS=1,0.00,0.00,24079.14,24079.14,outside the killzone window
1319,2026.06.16 06:45:00,2026.06.16 09:15:00,ENTRY,XAUUSD,M15,448,BUY,FULLTGT,DAY,0,4332.04,4318.01,4318.01,14.03,1.00,14.03,4346.07,4360.11,4374.14,4388.17,4402.21,0.08,0.08,0.08,4332.04,0.00,0.00,0.00,4319.67,4318.05,4320.52,4316.61,4316.66,-0.352,7.02,17.12,65.25,73.48,0.11,-2.21,2.32,4315.98,4331.92,4591,5008,71.4,0.0,12,1,CROSS=EMA9>EMA21;TREND=1;STRUCT=1;VOL=1;COOL=1;EMA50=1;VWAP=1;BIAS=1,0.00,0.00,24078.86,24077.90,KZ=ASIA; KZR=NY H @ 4363.75 56 bars ago (high taken); DAY 12AM-4PM IST session: stop x1.00 of usual; no partials; full size to TP5; SL steps BE->TP1->TP2->TP3
1320,2026.06.16 08:39:43,2026.06.16 11:09:43,EXIT_SL,XAUUSD,M15,448,BUY,FULLTGT,DAY,0,4332.04,4318.01,4318.01,14.03,1.00,14.03,4346.07,4360.11,4374.14,4388.17,4402.21,0.08,0.08,0.00,4317.99,0.00,-1.00,-112.96,4324.33,4321.73,4321.78,4323.59,4321.17,-0.007,6.83,15.72,57.95,45.31,1.93,1.06,0.87,4317.77,4327.29,2812,5055,57.1,14.3,12,1,CROSS=EMA9>EMA21;TREND=1;STRUCT=1;VOL=1;COOL=1;EMA50=1;VWAP=1;BIAS=1,0.08,-1.00,23966.18,23966.18,stopped at the initial SL (x1.00 of usual)
1321,2026.06.16 09:30:00,2026.06.16 12:00:00,ENTRY,XAUUSD,M15,450,SELL,FULLTGT,DAY,0,4316.63,4330.01,4330.01,13.38,1.00,13.38,4303.25,4289.86,4276.48,4263.09,4249.71,0.08,0.08,0.08,4316.63,0.00,0.00,0.00,4320.13,4320.30,4321.11,4321.00,4320.67,-0.120,6.69,19.88,45.29,42.14,0.04,1.18,-1.14,4317.89,4316.61,4772,4732,0.0,85.7,11,1,CROSS=EMA9<EMA21;TREND=1;STRUCT=1;VOL=1;COOL=1;EMA50=1;VWAP=1;BIAS=1,0.00,0.00,23965.90,23965.02,KZ=LONDON; KZR=NY H @ 4363.75 67 bars ago (high taken); DAY 12AM-4PM IST session: stop x1.00 of usual; no partials; full size to TP5; SL steps BE->TP1->TP2->TP3
1322,2026.06.16 10:15:00,2026.06.16 12:45:00,FLIP,XAUUSD,M15,450,SELL,FULLTGT,DAY,0,4316.63,4330.01,4330.01,13.38,1.00,13.38,4303.25,4289.86,4276.48,4263.09,4249.71,0.08,0.00,0.00,4326.21,0.00,-0.72,0.00,4321.46,4320.84,4321.24,4320.29,4320.31,-0.061,6.61,20.31,56.57,60.95,0.52,0.72,-0.19,4318.18,4326.15,4646,4512,71.4,14.3,6,1,CROSS=EMA9>EMA21;TREND=1;STRUCT=1;VOL=1;COOL=1;EMA50=1;VWAP=1;BIAS=1,0.18,-0.90,23965.90,23889.26,opposite signal before SL/target | SELL -> BUY | closing trade 450
1323,2026.06.16 10:15:00,2026.06.16 12:45:00,EXIT_FLIP,XAUUSD,M15,450,SELL,FULLTGT,DAY,0,4316.63,4330.01,4330.01,13.38,1.00,13.38,4303.25,4289.86,4276.48,4263.09,4249.71,0.08,0.08,0.00,4326.21,0.00,-0.72,0.00,4321.46,4320.84,4321.24,4320.29,4320.31,-0.061,6.61,20.31,56.57,60.95,0.52,0.72,-0.19,4318.18,4326.15,4646,4512,71.4,14.3,6,1,CROSS=EMA9>EMA21;TREND=1;STRUCT=1;VOL=1;COOL=1;EMA50=1;VWAP=1;BIAS=1,0.18,-0.90,23888.98,23888.98,FLIP exit
1324,2026.06.16 10:15:00,2026.06.16 12:45:00,EXIT_OTHER,XAUUSD,M15,450,SELL,FULLTGT,DAY,0,4316.63,4330.01,4330.01,13.38,1.00,13.38,4303.25,4289.86,4276.48,4263.09,4249.71,0.08,0.08,0.00,4326.21,0.00,-0.72,-77.20,4321.46,4320.84,4321.24,4320.29,4320.31,-0.061,6.61,20.31,56.57,60.95,0.52,0.72,-0.19,4318.18,4326.15,4646,4512,71.4,14.3,6,1,CROSS=EMA9>EMA21;TREND=1;STRUCT=1;VOL=1;COOL=1;EMA50=1;VWAP=1;BIAS=1,0.18,-0.90,23888.98,23888.98,FLIP exit
1325,2026.06.16 10:15:00,2026.06.16 12:45:00,ENTRY,XAUUSD,M15,452,BUY,FULLTGT,DAY,450,4326.21,4312.99,4312.99,13.22,1.00,13.22,4339.43,4352.65,4365.86,4379.08,4392.30,0.09,0.09,0.09,4326.21,0.00,0.00,0.00,4321.46,4320.84,4321.24,4320.29,4320.31,-0.061,6.61,20.31,56.57,60.95,0.52,0.72,-0.19,4318.18,4326.15,4646,4512,71.4,14.3,6,1,CROSS=EMA9>EMA21;TREND=1;STRUCT=1;VOL=1;COOL=1;EMA50=1;VWAP=1;BIAS=1,0.00,0.00,23888.66,23888.12,KZ=LONDON; KZR=NY H @ 4363.75 70 bars ago (high taken); DAY 12AM-4PM IST session: stop x1.00 of usual; no partials; full size to TP5; SL steps BE->TP1->TP2->TP3; flipped from trade 450
1326,2026.06.16 11:10:00,2026.06.16 13:40:00,SL_MOVE,XAUUSD,M15,452,BUY,FULLTGT,DAY,450,4326.21,4312.99,4326.21,13.22,1.00,13.22,4339.43,4352.65,4365.86,4379.08,4392.30,0.09,0.00,0.09,4326.21,1.00,0.00,0.00,4326.17,4323.32,4322.31,4323.90,4322.13,0.152,6.65,30.76,64.54,72.63,2.27,0.70,1.58,4319.13,4335.23,5562,4672,100.0,0.0,11,1,CROSS=EMA9>EMA21;TREND=1;STRUCT=1;VOL=1;COOL=1;EMA50=1;VWAP=1;BIAS=1,1.00,-0.15,23888.66,24008.45,stop to breakeven
1327,2026.06.16 11:10:00,2026.06.16 13:40:00,TP1_REACHED,XAUUSD,M15,452,BUY,FULLTGT,DAY,450,4326.21,4312.99,4326.21,13.22,1.00,13.22,4339.43,4352.65,4365.86,4379.08,4392.30,0.09,0.00,0.09,4339.43,1.00,1.00,0.00,4326.17,4323.32,4322.31,4323.90,4322.13,0.152,6.65,30.76,64.54,72.63,2.27,0.70,1.58,4319.13,4335.23,5562,4672,100.0,0.0,11,1,CROSS=EMA9>EMA21;TREND=1;STRUCT=1;VOL=1;COOL=1;EMA50=1;VWAP=1;BIAS=1,1.00,-0.15,23888.66,24008.45,full target: no partial booked
1328,2026.06.16 15:51:36,2026.06.16 18:21:36,SL_MOVE,XAUUSD,M15,452,BUY,FULLTGT,EVENING,450,4326.21,4312.99,4339.43,13.22,1.00,13.22,4339.43,4352.65,4365.86,4379.08,4392.30,0.09,0.00,0.09,4339.43,2.00,0.00,0.00,4344.23,4340.68,4333.80,4342.91,4339.79,1.096,6.28,24.08,63.64,62.52,4.39,5.17,-0.78,4326.57,4349.50,6804,4586,71.4,14.3,10,1,CROSS=EMA9>EMA21;TREND=1;STRUCT=1;VOL=1;COOL=1;EMA50=1;VWAP=1;BIAS=1,1.99,-0.15,23888.66,24127.97,stop trailed to TP1
1329,2026.06.16 15:51:36,2026.06.16 18:21:36,TP2_REACHED,XAUUSD,M15,452,BUY,FULLTGT,EVENING,450,4326.21,4312.99,4339.43,13.22,1.00,13.22,4339.43,4352.65,4365.86,4379.08,4392.30,0.09,0.00,0.09,4352.65,2.00,2.00,0.00,4344.23,4340.68,4333.80,4342.91,4339.79,1.096,6.28,24.08,63.64,62.52,4.39,5.17,-0.78,4326.57,4349.50,6804,4586,71.4,14.3,10,1,CROSS=EMA9>EMA21;TREND=1;STRUCT=1;VOL=1;COOL=1;EMA50=1;VWAP=1;BIAS=1,1.99,-0.15,23888.66,24127.97,full target: no partial booked
1330,2026.06.16 16:20:12,2026.06.16 18:50:12,EXIT_TRAIL_SL,XAUUSD,M15,452,BUY,FULLTGT,EVENING,450,4326.21,4312.99,4339.43,13.22,1.00,13.22,4339.43,4352.65,4365.86,4379.08,4392.30,0.09,0.09,0.00,4339.39,0.00,1.00,117.98,4345.81,4342.12,4334.98,4346.33,4341.95,1.107,6.45,26.15,53.63,43.55,4.47,4.78,-0.31,4327.80,4343.74,9234,4808,42.9,57.1,7,1,CROSS=EMA9>EMA21;TREND=1;STRUCT=1;VOL=1;COOL=1;EMA50=1;VWAP=1;BIAS=1,2.17,-0.15,24006.96,24006.96,stopped at a trailed level
1331,2026.06.16 17:15:00,2026.06.16 19:45:00,SKIP,XAUUSD,M15,452,FLAT,NA,EVENING,450,0.00,0.00,0.00,0.00,1.00,0.00,0.00,0.00,0.00,0.00,0.00,0.00,0.00,0.00,0.00,0.00,0.00,0.00,4339.54,4339.95,4335.03,4340.54,4340.39,0.719,6.85,18.47,46.90,43.61,1.10,3.46,-2.36,4328.91,4335.54,10092,6012,28.6,57.1,7,1,CROSS=EMA9>EMA21;TREND=1;STRUCT=1;VOL=1;COOL=1;EMA50=1;VWAP=1;BIAS=1,0.00,0.00,24006.96,24006.96,outside the killzone window
1332,2026.06.16 19:30:00,2026.06.16 22:00:00,SKIP,XAUUSD,M15,452,FLAT,NA,EVENING,450,0.00,0.00,0.00,0.00,1.00,0.00,0.00,0.00,0.00,0.00,0.00,0.00,0.00,0.00,0.00,0.00,0.00,0.00,4335.52,4335.48,4333.81,4333.24,4334.56,0.186,8.99,25.16,57.87,64.42,-0.29,-2.01,1.72,4328.88,4344.64,6858,9099,85.7,0.0,5,1,CROSS=EMA9>EMA21;TREND=1;STRUCT=1;VOL=1;COOL=1;EMA50=1;VWAP=1;BIAS=1,0.00,0.00,24006.96,24006.96,outside the killzone window
1333,2026.06.16 23:15:00,2026.06.17 01:45:00,SKIP,XAUUSD,M15,452,FLAT,NA,DAY,450,0.00,0.00,0.00,0.00,1.00,0.00,0.00,0.00,0.00,0.00,0.00,0.00,0.00,0.00,0.00,0.00,0.00,0.00,4336.69,4337.24,4335.80,4338.07,4337.85,0.222,6.49,16.99,41.82,33.06,-0.12,0.85,-0.97,4330.33,4331.19,2772,6169,14.3,57.1,5,1,CROSS=EMA9>EMA21;TREND=1;STRUCT=1;VOL=1;COOL=1;EMA50=1;VWAP=1;BIAS=1,0.00,0.00,24006.96,24006.96,outside the killzone window
1334,2026.06.17 01:00:00,2026.06.17 03:30:00,DAY_SUMMARY,XAUUSD,M15,452,FLAT,NA,DAY,450,0.00,0.00,0.00,0.00,1.00,0.00,0.00,0.00,0.00,0.00,0.00,0.00,0.00,0.00,0.00,0.00,-0.72,-72.18,4334.57,4336.05,4335.42,4335.43,4336.54,0.102,6.13,21.03,42.35,37.97,-0.98,0.25,-1.23,4330.34,4331.14,1010,4899,14.3,57.1,12,1,CROSS=EMA9>EMA21;TREND=1;STRUCT=1;VOL=1;COOL=1;EMA50=1;VWAP=1;BIAS=1,0.00,0.00,24006.96,24006.96,2026.06.16 trades=3 W=1 L=2 gross_profit=117.98 gross_loss=190.16 net=-72.18 PF=0.62
1335,2026.06.17 04:00:00,2026.06.17 06:30:00,SKIP,XAUUSD,M15,452,FLAT,NA,DAY,450,0.00,0.00,0.00,0.00,1.00,0.00,0.00,0.00,0.00,0.00,0.00,0.00,0.00,0.00,0.00,0.00,0.00,0.00,4335.62,4335.47,4335.24,4335.25,4335.30,0.050,4.60,16.82,52.54,54.58,-0.08,-0.61,0.53,4335.15,4337.12,4038,2927,85.7,0.0,12,1,CROSS=EMA9>EMA21;TREND=1;STRUCT=1;VOL=1;COOL=1;EMA50=1;VWAP=1;BIAS=1,0.00,0.00,24006.96,24006.96,already positioned that way
1336,2026.06.17 06:15:00,2026.06.17 08:45:00,ENTRY,XAUUSD,M15,454,SELL,FULLTGT,DAY,0,4330.53,4342.26,4342.26,11.73,1.00,11.73,4318.80,4307.07,4295.34,4283.61,4271.88,0.10,0.10,0.10,4330.53,0.00,0.00,0.00,4336.72,4337.14,4336.39,4338.26,4337.80,0.129,5.86,18.18,41.32,34.86,-0.00,1.14,-1.14,4338.19,4330.53,4246,3932,0.0,85.7,12,1,CROSS=EMA9<EMA21;TREND=1;STRUCT=1;VOL=1;COOL=1;EMA50=1;VWAP=1;BIAS=1,0.00,0.00,24006.61,24005.41,KZ=ASIA; KZR=Asia H @ 4335.48 77 bars ago (high taken); DAY 12AM-4PM IST session: stop x1.00 of usual; no partials; full size to TP5; SL steps BE->TP1->TP2->TP3
1337,2026.06.17 07:34:56,2026.06.17 10:04:56,SL_MOVE,XAUUSD,M15,454,SELL,FULLTGT,DAY,0,4330.53,4342.26,4330.53,11.73,1.00,11.73,4318.80,4307.07,4295.34,4283.61,4271.88,0.10,0.00,0.10,4330.53,1.00,0.00,0.00,4332.02,4334.51,4335.30,4333.88,4335.51,-0.131,6.02,28.23,35.51,30.78,-1.86,-0.14,-1.72,4337.07,4324.59,2817,4265,0.0,85.7,12,1,CROSS=EMA9<EMA21;TREND=1;STRUCT=1;VOL=1;COOL=1;EMA50=1;VWAP=1;BIAS=1,0.99,-0.32,24006.61,24127.41,stop to breakeven
1338,2026.06.17 07:34:56,2026.06.17 10:04:56,TP1_REACHED,XAUUSD,M15,454,SELL,FULLTGT,DAY,0,4330.53,4342.26,4330.53,11.73,1.00,11.73,4318.80,4307.07,4295.34,4283.61,4271.88,0.10,0.00,0.10,4318.80,1.00,1.00,0.00,4332.02,4334.51,4335.30,4333.88,4335.51,-0.131,6.02,28.23,35.51,30.78,-1.86,-0.14,-1.72,4337.07,4324.59,2817,4265,0.0,85.7,12,1,CROSS=EMA9<EMA21;TREND=1;STRUCT=1;VOL=1;COOL=1;EMA50=1;VWAP=1;BIAS=1,0.99,-0.32,24006.61,24127.41,full target: no partial booked
1339,2026.06.17 08:30:02,2026.06.17 11:00:02,EXIT_BE,XAUUSD,M15,454,SELL,FULLTGT,DAY,0,4330.53,4342.26,4330.53,11.73,1.00,11.73,4318.80,4307.07,4295.34,4283.61,4271.88,0.10,0.10,0.00,4330.61,0.00,-0.01,-1.50,4327.99,4331.52,4333.78,4328.16,4331.94,-0.365,6.20,36.42,43.37,48.60,-3.10,-1.82,-1.28,4335.67,4327.30,3440,4092,0.0,85.7,12,1,CROSS=EMA9<EMA21;TREND=1;STRUCT=1;VOL=1;COOL=1;EMA50=1;VWAP=1;BIAS=1,1.10,-0.32,24005.46,24005.46,stopped at breakeven
1340,2026.06.17 13:15:00,2026.06.17 15:45:00,SKIP,XAUUSD,M15,454,FLAT,NA,DAY,0,0.00,0.00,0.00,0.00,1.00,0.00,0.00,0.00,0.00,0.00,0.00,0.00,0.00,0.00,0.00,0.00,0.00,0.00,4328.11,4328.11,4330.32,4327.41,4327.83,-0.357,6.21,22.31,53.13,59.31,-0.67,-1.84,1.16,4331.64,4330.90,3832,4772,57.1,14.3,5,1,CROSS=EMA9>EMA21;TREND=1;STRUCT=1;VOL=1;COOL=1;EMA50=1;VWAP=0;BIAS=1,0.00,0.00,24005.46,24005.46,quality filter
1341,2026.06.17 15:00:00,2026.06.17 17:30:00,SKIP,XAUUSD,M15,454,FLAT,NA,EVENING,0,0.00,0.00,0.00,0.00,1.00,0.00,0.00,0.00,0.00,0.00,0.00,0.00,0.00,0.00,0.00,0.00,0.00,0.00,4327.52,4328.04,4329.81,4328.59,4328.52,-0.333,5.31,18.37,41.82,37.89,-0.63,-0.36,-0.26,4331.25,4323.22,4477,4493,0.0,71.4,10,1,CROSS=EMA9<EMA21;TREND=1;STRUCT=1;VOL=1;COOL=1;EMA50=1;VWAP=1;BIAS=1,0.00,0.00,24005.46,24005.46,already positioned that way
1342,2026.06.17 16:00:00,2026.06.17 18:30:00,ENTRY,XAUUSD,M15,456,BUY,FULLTGT,EVENING,0,4333.77,4323.10,4323.10,10.67,1.00,10.67,4344.44,4355.11,4365.79,4376.46,4387.13,0.11,0.11,0.11,4333.77,0.00,0.00,0.00,4328.65,4328.30,4329.63,4327.39,4327.76,-0.250,5.34,18.48,58.04,63.20,-0.02,-0.37,0.35,4330.94,4333.72,4514,4563,71.4,0.0,5,1,CROSS=EMA9>EMA21;TREND=1;STRUCT=1;VOL=1;COOL=1;EMA50=1;VWAP=1;BIAS=1,0.00,0.00,24005.07,24004.52,KZ=NY; KZR=Asia H @ 4335.48 116 bars ago (high taken); EVENING 4PM-12AM IST session: stop x1.00 of usual; no partials; full size to TP5; SL steps BE->TP1->TP2->TP3
1343,2026.06.17 16:52:01,2026.06.17 19:22:01,SL_MOVE,XAUUSD,M15,456,BUY,FULLTGT,EVENING,0,4333.77,4323.10,4333.77,10.67,1.00,10.67,4344.44,4355.11,4365.79,4376.46,4387.13,0.11,0.00,0.11,4333.77,1.00,0.00,0.00,4332.81,4330.40,4330.42,4330.56,4329.26,-0.003,5.88,16.62,66.06,69.49,1.66,-0.08,1.74,4331.34,4341.84,11246,4983,85.7,0.0,10,1,CROSS=EMA9>EMA21;TREND=1;STRUCT=1;VOL=1;COOL=1;EMA50=1;VWAP=1;BIAS=1,1.00,-0.90,24005.07,24123.98,stop to breakeven
1344,2026.06.17 16:52:01,2026.06.17 19:22:01,TP1_REACHED,XAUUSD,M15,456,BUY,FULLTGT,EVENING,0,4333.77,4323.10,4333.77,10.67,1.00,10.67,4344.44,4355.11,4365.79,4376.46,4387.13,0.11,0.00,0.11,4344.44,1.00,1.00,0.00,4332.81,4330.40,4330.42,4330.56,4329.26,-0.003,5.88,16.62,66.06,69.49,1.66,-0.08,1.74,4331.34,4341.84,11246,4983,85.7,0.0,10,1,CROSS=EMA9>EMA21;TREND=1;STRUCT=1;VOL=1;COOL=1;EMA50=1;VWAP=1;BIAS=1,1.00,-0.90,24005.07,24123.98,full target: no partial booked
1345,2026.06.17 17:24:08,2026.06.17 19:54:08,SL_MOVE,XAUUSD,M15,456,BUY,FULLTGT,EVENING,0,4333.77,4323.10,4344.44,10.67,1.00,10.67,4344.44,4355.11,4365.79,4376.46,4387.13,0.11,0.00,0.11,4344.44,2.00,0.00,0.00,4335.87,4332.28,4331.25,4334.22,4331.26,0.172,6.00,19.17,65.21,65.28,2.77,0.57,2.20,4332.08,4342.48,11249,5613,85.7,0.0,10,1,CROSS=EMA9>EMA21;TREND=1;STRUCT=1;VOL=1;COOL=1;EMA50=1;VWAP=1;BIAS=1,1.99,-0.90,24005.07,24242.12,stop trailed to TP1
1346,2026.06.17 17:24:08,2026.06.17 19:54:08,TP2_REACHED,XAUUSD,M15,456,BUY,FULLTGT,EVENING,0,4333.77,4323.10,4344.44,10.67,1.00,10.67,4344.44,4355.11,4365.79,4376.46,4387.13,0.11,0.00,0.11,4355.11,2.00,2.00,0.00,4335.87,4332.28,4331.25,4334.22,4331.26,0.172,6.00,19.17,65.21,65.28,2.77,0.57,2.20,4332.08,4342.48,11249,5613,85.7,0.0,10,1,CROSS=EMA9>EMA21;TREND=1;STRUCT=1;VOL=1;COOL=1;EMA50=1;VWAP=1;BIAS=1,1.99,-0.90,24005.07,24242.12,full target: no partial booked
1347,2026.06.17 17:47:15,2026.06.17 20:17:15,EXIT_TRAIL_SL,XAUUSD,M15,456,BUY,FULLTGT,EVENING,0,4333.77,4323.10,4344.44,10.67,1.00,10.67,4344.44,4355.11,4365.79,4376.46,4387.13,0.11,0.11,0.00,4344.29,0.00,0.99,114.94,4343.04,4336.40,4333.16,4340.78,4334.84,0.450,7.20,23.72,65.83,64.53,5.37,1.89,3.48,4333.86,4352.07,12418,6424,71.4,14.3,10,1,CROSS=EMA9>EMA21;TREND=1;STRUCT=1;VOL=1;COOL=1;EMA50=1;VWAP=1;BIAS=1,2.84,-0.90,24120.40,24120.40,stopped at a trailed level
1348,2026.06.17 21:30:00,2026.06.18 00:00:00,SKIP,XAUUSD,M15,456,FLAT,NA,DAY,0,0.00,0.00,0.00,0.00,1.00,0.00,0.00,0.00,0.00,0.00,0.00,0.00,0.00,0.00,0.00,0.00,0.00,0.00,4337.89,4344.04,4340.53,4349.22,4349.19,0.230,15.26,33.04,31.94,28.96,-2.02,6.71,-8.73,4334.31,4292.60,33114,11549,14.3,85.7,11,1,CROSS=EMA9>EMA21;TREND=1;STRUCT=1;VOL=1;COOL=1;EMA50=1;VWAP=1;BIAS=1,0.00,0.00,24120.40,24120.40,outside the killzone window
1349,2026.06.18 01:00:00,2026.06.18 03:30:00,DAY_SUMMARY,XAUUSD,M15,456,FLAT,NA,DAY,0,0.00,0.00,0.00,0.00,1.00,0.00,0.00,0.00,0.00,0.00,0.00,0.00,0.00,0.00,0.00,0.00,0.98,113.44,4264.59,4290.83,4313.60,4266.30,4294.14,-1.009,22.57,20.98,37.31,44.90,-25.27,-21.24,-4.04,4311.08,4257.74,2293,19115,0.0,71.4,12,1,CROSS=EMA9>EMA21;TREND=1;STRUCT=1;VOL=1;COOL=1;EMA50=1;VWAP=1;BIAS=1,0.00,0.00,24120.40,24120.40,2026.06.17 trades=2 W=1 L=1 gross_profit=114.94 gross_loss=1.50 net=113.44 PF=76.63
1350,2026.06.18 03:45:00,2026.06.18 06:15:00,SKIP,XAUUSD,M15,456,FLAT,NA,DAY,0,0.00,0.00,0.00,0.00,1.00,0.00,0.00,0.00,0.00,0.00,0.00,0.00,0.00,0.00,0.00,0.00,0.00,0.00,4288.23,4287.06,4302.55,4282.57,4284.68,-0.814,19.04,28.76,58.41,76.15,-4.32,-13.59,9.28,4283.58,4310.88,8306,13897,85.7,0.0,12,1,CROSS=EMA9>EMA21;TREND=1;STRUCT=1;VOL=1;COOL=1;EMA50=1;VWAP=1;BIAS=1,0.00,0.00,24120.40,24120.40,already positioned that way
1351,2026.06.18 09:30:00,2026.06.18 12:00:00,ENTRY,XAUUSD,M15,458,SELL,FULLTGT,DAY,0,4305.02,4322.47,4322.47,17.45,1.00,17.45,4287.57,4270.12,4252.67,4235.22,4217.77,0.06,0.06,0.06,4305.02,0.00,0.00,0.00,4309.84,4310.06,4309.70,4311.03,4310.56,0.042,8.72,22.18,47.24,42.92,1.17,3.90,-2.73,4305.71,4305.08,9000,6202,14.3,71.4,11,1,CROSS=EMA9<EMA21;TREND=1;STRUCT=1;VOL=1;COOL=1;EMA50=1;VWAP=1;BIAS=1,0.00,0.00,24120.19,24119.53,KZ=LONDON; KZR=Asia H @ 4349.66 64 bars ago (high taken); DAY 12AM-4PM IST session: stop x1.00 of usual; no partials; full size to TP5; SL steps BE->TP1->TP2->TP3
1352,2026.06.18 11:00:03,2026.06.18 13:30:03,SL_MOVE,XAUUSD,M15,458,SELL,FULLTGT,DAY,0,4305.02,4322.47,4305.02,17.45,1.00,17.45,4287.57,4270.12,4252.67,4235.22,4217.77,0.06,0.00,0.06,4305.02,1.00,0.00,0.00,4302.33,4306.04,4307.90,4305.73,4307.77,-0.216,8.65,21.46,37.98,31.53,-2.30,0.38,-2.68,4305.10,4288.72,6559,6146,0.0,85.7,11,1,CROSS=EMA9<EMA21;TREND=1;STRUCT=1;VOL=1;COOL=1;EMA50=1;VWAP=1;BIAS=1,1.00,-0.26,24120.19,24225.13,stop to breakeven
1353,2026.06.18 11:00:03,2026.06.18 13:30:03,TP1_REACHED,XAUUSD,M15,458,SELL,FULLTGT,DAY,0,4305.02,4322.47,4305.02,17.45,1.00,17.45,4287.57,4270.12,4252.67,4235.22,4217.77,0.06,0.00,0.06,4287.57,1.00,1.00,0.00,4302.33,4306.04,4307.90,4305.73,4307.77,-0.216,8.65,21.46,37.98,31.53,-2.30,0.38,-2.68,4305.10,4288.72,6559,6146,0.0,85.7,11,1,CROSS=EMA9<EMA21;TREND=1;STRUCT=1;VOL=1;COOL=1;EMA50=1;VWAP=1;BIAS=1,1.00,-0.26,24120.19,24225.13,full target: no partial booked
1354,2026.06.18 11:56:56,2026.06.18 14:26:56,SL_MOVE,XAUUSD,M15,458,SELL,FULLTGT,DAY,0,4305.02,4322.47,4287.57,17.45,1.00,17.45,4287.57,4270.12,4252.67,4235.22,4217.77,0.06,0.00,0.06,4287.57,2.00,0.00,0.00,4293.47,4300.66,4305.26,4296.40,4302.55,-0.526,8.75,32.94,34.39,25.10,-5.57,-1.83,-3.74,4303.69,4281.74,6783,6418,0.0,100.0,11,1,CROSS=EMA9<EMA21;TREND=1;STRUCT=1;VOL=1;COOL=1;EMA50=1;VWAP=1;BIAS=1,1.99,-0.26,24120.19,24329.71,stop trailed to TP1
1355,2026.06.18 11:56:56,2026.06.18 14:26:56,TP2_REACHED,XAUUSD,M15,458,SELL,FULLTGT,DAY,0,4305.02,4322.47,4287.57,17.45,1.00,17.45,4287.57,4270.12,4252.67,4235.22,4217.77,0.06,0.00,0.06,4270.12,2.00,2.00,0.00,4293.47,4300.66,4305.26,4296.40,4302.55,-0.526,8.75,32.94,34.39,25.10,-5.57,-1.83,-3.74,4303.69,4281.74,6783,6418,0.0,100.0,11,1,CROSS=EMA9<EMA21;TREND=1;STRUCT=1;VOL=1;COOL=1;EMA50=1;VWAP=1;BIAS=1,1.99,-0.26,24120.19,24329.71,full target: no partial booked
1356,2026.06.18 14:01:14,2026.06.18 16:31:14,SL_MOVE,XAUUSD,M15,458,SELL,FULLTGT,EVENING,0,4305.02,4322.47,4270.12,17.45,1.00,17.45,4287.57,4270.12,4252.67,4235.22,4217.77,0.06,0.00,0.06,4270.12,3.00,0.00,0.00,4268.47,4280.44,4293.36,4271.70,4282.93,-1.419,9.11,38.64,25.20,29.12,-11.78,-10.25,-1.53,4296.97,4255.54,6710,7295,0.0,85.7,10,1,CROSS=EMA9<EMA21;TREND=1;STRUCT=1;VOL=1;COOL=1;EMA50=1;VWAP=1;BIAS=1,2.99,-0.26,24120.19,24436.15,stop trailed to TP2
1357,2026.06.18 14:01:14,2026.06.18 16:31:14,TP3_REACHED,XAUUSD,M15,458,SELL,FULLTGT,EVENING,0,4305.02,4322.47,4270.12,17.45,1.00,17.45,4287.57,4270.12,4252.67,4235.22,4217.77,0.06,0.00,0.06,4252.67,3.00,3.00,0.00,4268.47,4280.44,4293.36,4271.70,4282.93,-1.419,9.11,38.64,25.20,29.12,-11.78,-10.25,-1.53,4296.97,4255.54,6710,7295,0.0,85.7,10,1,CROSS=EMA9<EMA21;TREND=1;STRUCT=1;VOL=1;COOL=1;EMA50=1;VWAP=1;BIAS=1,2.99,-0.26,24120.19,24436.15,full target: no partial booked
1358,2026.06.18 16:31:10,2026.06.18 19:01:10,EXIT_TRAIL_SL,XAUUSD,M15,458,SELL,FULLTGT,EVENING,0,4305.02,4322.47,4270.12,17.45,1.00,17.45,4287.57,4270.12,4252.67,4235.22,4217.77,0.06,0.06,0.00,4270.13,0.00,2.00,208.92,4255.07,4262.84,4279.43,4253.02,4262.80,-1.628,10.19,28.80,47.30,61.96,-10.13,-13.02,2.89,4286.42,4263.24,9895,8614,57.1,42.9,10,1,CROSS=EMA9<EMA21;TREND=1;STRUCT=1;VOL=1;COOL=1;EMA50=1;VWAP=1;BIAS=1,3.73,-0.26,24329.32,24329.32,stopped at a trailed level
1359,2026.06.19 01:00:00,2026.06.19 03:30:00,DAY_SUMMARY,XAUUSD,M15,458,FLAT,NA,DAY,0,0.00,0.00,0.00,0.00,1.00,0.00,0.00,0.00,0.00,0.00,0.00,0.00,0.00,0.00,0.00,0.00,2.00,208.92,4215.35,4222.48,4240.95,4216.93,4223.82,-2.466,7.49,25.03,34.35,36.29,-8.80,-9.57,0.77,4266.19,4209.04,2083,6807,14.3,71.4,12,1,CROSS=EMA9<EMA21;TREND=1;STRUCT=1;VOL=1;COOL=1;EMA50=1;VWAP=1;BIAS=1,0.00,0.00,24329.32,24329.32,2026.06.18 trades=1 W=1 L=0 gross_profit=208.92 gross_loss=0.00 net=208.92 PF=0.00
1360,2026.06.19 11:30:00,2026.06.19 14:00:00,ENTRY,XAUUSD,M15,460,BUY,FULLTGT,DAY,0,4176.36,4154.72,4154.72,21.64,1.00,21.64,4198.00,4219.63,4241.27,4262.91,4284.55,0.05,0.05,0.05,4176.36,0.00,0.00,0.00,4157.96,4156.86,4175.74,4153.35,4154.90,-1.746,10.82,32.70,61.02,76.03,-3.30,-10.07,6.78,4163.36,4176.41,7113,7004,100.0,0.0,9,1,CROSS=EMA9>EMA21;TREND=1;STRUCT=1;VOL=1;COOL=1;EMA50=1;VWAP=1;BIAS=1,0.00,0.00,24329.14,24328.69,KZ=LONDON; KZR=London L @ 4170.32 21 bars ago (low taken); DAY 12AM-4PM IST session: stop x1.00 of usual; no partials; full size to TP5; SL steps BE->TP1->TP2->TP3
1361,2026.06.19 13:08:32,2026.06.19 15:38:32,EXIT_SL,XAUUSD,M15,460,BUY,FULLTGT,DAY,0,4176.36,4154.72,4154.72,21.64,1.00,21.64,4198.00,4219.63,4241.27,4262.91,4284.55,0.05,0.05,0.00,4154.65,0.00,-1.00,-108.91,4162.57,4160.26,4173.43,4162.48,4160.00,-1.377,9.56,28.12,51.09,42.56,-0.00,-2.27,2.27,4163.70,4162.92,3968,6395,57.1,28.6,9,1,CROSS=EMA9>EMA21;TREND=1;STRUCT=1;VOL=1;COOL=1;EMA50=1;VWAP=1;BIAS=1,0.10,-1.00,24220.41,24220.41,stopped at the initial SL (x1.00 of usual)
1362,2026.06.19 13:45:00,2026.06.19 16:15:00,ENTRY,XAUUSD,M15,462,SELL,FULLTGT,EVENING,0,4151.29,4169.51,4169.51,18.22,1.00,18.22,4133.07,4114.85,4096.63,4078.41,4060.19,0.06,0.06,0.06,4151.29,0.00,0.00,0.00,4158.01,4158.56,4171.17,4159.69,4159.28,-1.385,9.11,28.76,42.23,35.14,-1.54,-0.78,-0.75,4163.20,4151.29,5528,6072,0.0,85.7,5,1,CROSS=EMA9<EMA21;TREND=1;STRUCT=1;VOL=1;COOL=1;EMA50=1;VWAP=1;BIAS=1,0.00,0.00,24220.20,24219.90,KZ=NY; KZR=London L @ 4170.32 30 bars ago (low taken); EVENING 4PM-12AM IST session: stop x1.00 of usual; no partials; full size to TP5; SL steps BE->TP1->TP2->TP3
1363,2026.06.19 15:51:50,2026.06.19 18:21:50,EXIT_SL,XAUUSD,M15,462,SELL,FULLTGT,EVENING,0,4151.29,4169.51,4169.51,18.22,1.00,18.22,4133.07,4114.85,4096.63,4078.41,4060.19,0.06,0.06,0.00,4169.51,0.00,-1.00,-109.74,4152.55,4154.47,4165.54,4152.61,4154.68,-1.477,7.50,26.77,46.26,42.48,-2.57,-2.73,0.16,4161.48,4152.33,5944,5476,28.6,71.4,10,1,CROSS=EMA9<EMA21;TREND=1;STRUCT=1;VOL=1;COOL=1;EMA50=1;VWAP=1;BIAS=1,0.51,-1.00,24110.67,24110.67,stopped at the initial SL (x1.00 of usual)
1364,2026.06.19 16:00:00,2026.06.19 18:30:00,ENTRY,XAUUSD,M15,464,BUY,FULLTGT,EVENING,0,4179.18,4161.67,4161.67,17.51,1.00,17.51,4196.69,4214.19,4231.70,4249.21,4266.71,0.06,0.06,0.06,4179.18,0.00,0.00,0.00,4157.86,4156.71,4166.07,4152.55,4154.47,-1.070,8.75,25.06,65.59,74.10,-0.30,-2.59,2.29,4161.78,4179.08,14172,5902,100.0,0.0,10,1,CROSS=EMA9>EMA21;TREND=1;STRUCT=1;VOL=1;COOL=1;EMA50=1;VWAP=1;BIAS=1,0.00,0.00,24110.46,24109.86,KZ=NY; KZR=London L @ 4170.32 39 bars ago (low taken); EVENING 4PM-12AM IST session: stop x1.00 of usual; no partials; full size to TP5; SL steps BE->TP1->TP2->TP3
1365,2026.06.19 16:36:52,2026.06.19 19:06:52,EXIT_SL,XAUUSD,M15,464,BUY,FULLTGT,EVENING,0,4179.18,4161.67,4161.67,17.51,1.00,17.51,4196.69,4214.19,4231.70,4249.21,4266.71,0.06,0.06,0.00,4161.67,0.00,-1.00,-105.48,4161.03,4158.47,4166.14,4160.27,4157.91,-0.853,9.00,22.01,53.60,51.77,1.10,-1.85,2.94,4162.27,4164.08,7572,6213,71.4,14.3,7,1,CROSS=EMA9>EMA21;TREND=1;STRUCT=1;VOL=1;COOL=1;EMA50=1;VWAP=1;BIAS=1,0.21,-1.00,24005.19,24005.19,stopped at the initial SL (x1.00 of usual)
1366,2026.06.19 17:15:00,2026.06.19 19:45:00,SKIP,XAUUSD,M15,464,FLAT,NA,EVENING,0,0.00,0.00,0.00,0.00,1.00,0.00,0.00,0.00,0.00,0.00,0.00,0.00,0.00,0.00,0.00,0.00,0.00,0.00,4156.87,4157.08,4164.66,4158.74,4157.85,-0.850,8.92,22.96,44.14,40.87,-0.53,-0.66,0.13,4161.89,4149.36,7234,6534,14.3,71.4,5,1,CROSS=EMA9>EMA21;TREND=1;STRUCT=1;VOL=1;COOL=1;EMA50=1;VWAP=1;BIAS=1,0.00,0.00,24005.19,24005.19,outside the killzone window
1367,2026.06.22 01:00:00,2026.06.22 03:30:00,DAY_SUMMARY,XAUUSD,M15,464,FLAT,NA,DAY,0,0.00,0.00,0.00,0.00,1.00,0.00,0.00,0.00,0.00,0.00,0.00,0.00,0.00,0.00,0.00,0.00,-3.00,-324.13,4151.08,4152.44,4159.33,4149.90,4152.10,-0.796,8.66,24.97,52.28,57.90,-1.80,-2.29,0.49,4160.88,4155.81,2312,5323,42.9,28.6,12,1,CROSS=EMA9>EMA21;TREND=1;STRUCT=1;VOL=1;COOL=1;EMA50=1;VWAP=1;BIAS=1,0.00,0.00,24005.19,24005.19,2026.06.19 trades=3 W=0 L=3 gross_profit=0.00 gross_loss=324.13 net=-324.13 PF=0.00
1368,2026.06.22 01:00:00,2026.06.22 03:30:00,WEEK_SUMMARY,XAUUSD,M15,464,FLAT,NA,DAY,0,0.00,0.00,0.00,0.00,1.00,0.00,0.00,0.00,0.00,0.00,0.00,0.00,0.00,0.00,0.00,0.00,-0.74,-73.95,4151.08,4152.44,4159.33,4149.90,4152.10,-0.796,8.66,24.97,52.28,57.90,-1.80,-2.29,0.49,4160.88,4155.81,2312,5323,42.9,28.6,12,1,CROSS=EMA9>EMA21;TREND=1;STRUCT=1;VOL=1;COOL=1;EMA50=1;VWAP=1;BIAS=1,0.00,0.00,24005.19,24005.19,days=4 trades=9 W=3 L=6 gross_profit=441.84 gross_loss=515.79 net=-73.95 PF=0.86 pips=-2256.0
1369,2026.06.22 02:15:00,2026.06.22 04:45:00,SKIP,XAUUSD,M15,464,FLAT,NA,DAY,0,0.00,0.00,0.00,0.00,1.00,0.00,0.00,0.00,0.00,0.00,0.00,0.00,0.00,0.00,0.00,0.00,0.00,0.00,4153.94,4153.36,4158.49,4152.78,4152.84,-0.637,8.05,19.67,55.14,57.59,-0.19,-1.64,1.45,4153.14,4158.59,5190,4534,85.7,0.0,8,1,CROSS=EMA9>EMA21;TREND=1;STRUCT=1;VOL=1;COOL=1;EMA50=1;VWAP=1;BIAS=1,0.00,0.00,24005.19,24005.19,already positioned that way
1370,2026.06.22 02:45:00,2026.06.22 05:15:00,ENTRY,XAUUSD,M15,466,SELL,FULLTGT,DAY,0,4145.68,4160.97,4160.97,15.29,1.00,15.29,4130.39,4115.10,4099.81,4084.52,4069.23,0.07,0.07,0.07,4145.68,0.00,0.00,0.00,4152.77,4152.96,4157.93,4154.54,4153.68,-0.650,7.65,18.38,42.63,39.20,-0.57,-1.10,0.52,4152.83,4145.68,5919,4301,14.3,71.4,7,1,CROSS=EMA9<EMA21;TREND=1;STRUCT=1;VOL=1;COOL=1;EMA50=1;VWAP=1;BIAS=1,0.00,0.00,24004.94,24004.45,KZ=ASIA; KZR=NY L @ 4141.94 6 bars ago (low taken); DAY 12AM-4PM IST session: stop x1.00 of usual; no partials; full size to TP5; SL steps BE->TP1->TP2->TP3
1371,2026.06.22 03:14:03,2026.06.22 05:44:03,EXIT_SL,XAUUSD,M15,466,SELL,FULLTGT,DAY,0,4145.68,4160.97,4160.97,15.29,1.00,15.29,4130.39,4115.10,4099.81,4084.52,4069.23,0.07,0.07,0.00,4161.22,0.00,-1.02,-109.28,4150.28,4151.81,4157.24,4152.77,4152.96,-0.709,7.66,18.43,38.68,48.82,-1.52,-1.00,-0.52,4150.81,4140.33,8283,4349,0.0,85.7,12,1,CROSS=EMA9<EMA21;TREND=1;STRUCT=1;VOL=1;COOL=1;EMA50=1;VWAP=1;BIAS=1,0.59,-0.99,23895.91,23895.91,stopped at the initial SL (x1.00 of usual)
1372,2026.06.22 03:30:00,2026.06.22 06:00:00,ENTRY,XAUUSD,M15,468,BUY,FULLTGT,DAY,0,4167.64,4150.91,4150.91,16.73,1.00,16.73,4184.37,4201.11,4217.84,4234.58,4251.31,0.07,0.07,0.07,4167.64,0.00,0.00,0.00,4155.46,4154.00,4157.78,4152.44,4152.65,-0.452,8.37,17.50,59.57,65.92,0.66,-0.60,1.27,4153.65,4167.52,9603,4817,85.7,0.0,6,1,CROSS=EMA9>EMA21;TREND=1;STRUCT=1;VOL=1;COOL=1;EMA50=1;VWAP=1;BIAS=1,0.00,0.00,23895.66,23895.24,KZ=ASIA; KZR=NY L @ 4141.94 9 bars ago (low taken); DAY 12AM-4PM IST session: stop x1.00 of usual; no partials; full size to TP5; SL steps BE->TP1->TP2->TP3
1373,2026.06.22 03:50:32,2026.06.22 06:20:32,SL_MOVE,XAUUSD,M15,468,BUY,FULLTGT,DAY,0,4167.64,4150.91,4167.64,16.73,1.00,16.73,4184.37,4201.11,4217.84,4234.58,4251.31,0.07,0.00,0.07,4167.64,1.00,0.00,0.00,4159.50,4155.98,4158.49,4155.46,4154.00,-0.293,8.56,19.76,63.79,75.29,2.29,-0.19,2.47,4155.38,4175.69,7036,4870,85.7,0.0,12,1,CROSS=EMA9>EMA21;TREND=1;STRUCT=1;VOL=1;COOL=1;EMA50=1;VWAP=1;BIAS=1,1.00,-0.11,23895.66,24012.84,stop to breakeven
1374,2026.06.22 03:50:32,2026.06.22 06:20:32,TP1_REACHED,XAUUSD,M15,468,BUY,FULLTGT,DAY,0,4167.64,4150.91,4167.64,16.73,1.00,16.73,4184.37,4201.11,4217.84,4234.58,4251.31,0.07,0.00,0.07,4184.37,1.00,1.00,0.00,4159.50,4155.98,4158.49,4155.46,4154.00,-0.293,8.56,19.76,63.79,75.29,2.29,-0.19,2.47,4155.38,4175.69,7036,4870,85.7,0.0,12,1,CROSS=EMA9>EMA21;TREND=1;STRUCT=1;VOL=1;COOL=1;EMA50=1;VWAP=1;BIAS=1,1.00,-0.11,23895.66,24012.84,full target: no partial booked
1375,2026.06.22 04:00:00,2026.06.22 06:30:00,SL_MOVE,XAUUSD,M15,468,BUY,FULLTGT,DAY,0,4167.64,4150.91,4184.37,16.73,1.00,16.73,4184.37,4201.11,4217.84,4234.58,4251.31,0.07,0.00,0.07,4184.37,2.00,0.00,0.00,4167.77,4160.05,4160.15,4159.50,4155.98,-0.010,9.41,23.63,73.10,81.96,5.54,0.56,4.98,4159.35,4200.82,9251,5160,85.7,0.0,12,1,CROSS=EMA9>EMA21;TREND=1;STRUCT=1;VOL=1;COOL=1;EMA50=1;VWAP=1;BIAS=1,2.00,-0.11,23895.66,24130.51,stop trailed to TP1
1376,2026.06.22 04:00:00,2026.06.22 06:30:00,TP2_REACHED,XAUUSD,M15,468,BUY,FULLTGT,DAY,0,4167.64,4150.91,4184.37,16.73,1.00,16.73,4184.37,4201.11,4217.84,4234.58,4251.31,0.07,0.00,0.07,4201.11,2.00,2.00,0.00,4167.77,4160.05,4160.15,4159.50,4155.98,-0.010,9.41,23.63,73.10,81.96,5.54,0.56,4.98,4159.35,4200.82,9251,5160,85.7,0.0,12,1,CROSS=EMA9>EMA21;TREND=1;STRUCT=1;VOL=1;COOL=1;EMA50=1;VWAP=1;BIAS=1,2.00,-0.11,23895.66,24130.51,full target: no partial booked
1377,2026.06.22 04:00:16,2026.06.22 06:30:16,SL_MOVE,XAUUSD,M15,468,BUY,FULLTGT,DAY,0,4167.64,4150.91,4201.11,16.73,1.00,16.73,4184.37,4201.11,4217.84,4234.58,4251.31,0.07,0.00,0.07,4201.11,3.00,0.00,0.00,4167.77,4160.05,4160.15,4159.50,4155.98,-0.010,9.41,23.63,73.10,81.96,5.54,0.56,4.98,4159.35,4200.82,9251,5160,85.7,0.0,12,1,CROSS=EMA9>EMA21;TREND=1;STRUCT=1;VOL=1;COOL=1;EMA50=1;VWAP=1;BIAS=1,2.99,-0.11,23895.66,24247.76,stop trailed to TP2
1378,2026.06.22 04:00:16,2026.06.22 06:30:16,TP3_REACHED,XAUUSD,M15,468,BUY,FULLTGT,DAY,0,4167.64,4150.91,4201.11,16.73,1.00,16.73,4184.37,4201.11,4217.84,4234.58,4251.31,0.07,0.00,0.07,4217.84,3.00,3.00,0.00,4167.77,4160.05,4160.15,4159.50,4155.98,-0.010,9.41,23.63,73.10,81.96,5.54,0.56,4.98,4159.35,4200.82,9251,5160,85.7,0.0,12,1,CROSS=EMA9>EMA21;TREND=1;STRUCT=1;VOL=1;COOL=1;EMA50=1;VWAP=1;BIAS=1,2.99,-0.11,23895.66,24247.76,full target: no partial booked
1379,2026.06.22 04:31:41,2026.06.22 07:01:41,EXIT_TRAIL_SL,XAUUSD,M15,468,BUY,FULLTGT,DAY,0,4167.64,4150.91,4201.11,16.73,1.00,16.73,4184.37,4201.11,4217.84,4234.58,4251.31,0.07,0.07,0.00,4200.94,0.00,1.99,232.60,4182.73,4168.63,4163.94,4176.56,4164.75,0.460,10.18,32.52,72.66,75.16,11.07,2.87,8.20,4175.10,4207.41,14828,6796,85.7,14.3,12,1,CROSS=EMA9>EMA21;TREND=1;STRUCT=1;VOL=1;COOL=1;EMA50=1;VWAP=1;BIAS=1,3.19,-0.11,24128.51,24128.51,stopped at a trailed level
1380,2026.06.22 16:30:00,2026.06.22 19:00:00,ENTRY,XAUUSD,M15,470,SELL,FULLTGT,EVENING,0,4186.99,4201.46,4201.46,14.47,1.00,14.47,4172.52,4158.04,4143.57,4129.10,4114.62,0.08,0.08,0.08,4186.99,0.00,0.00,0.00,4198.86,4200.23,4193.39,4201.83,4201.55,0.945,7.24,27.72,36.93,28.64,0.66,4.02,-3.36,4189.59,4186.97,9435,6061,0.0,100.0,7,1,CROSS=EMA9<EMA21;TREND=1;STRUCT=1;VOL=1;COOL=1;EMA50=1;VWAP=1;BIAS=1,0.00,0.00,24128.23,24127.67,KZ=NY; KZR=NY L @ 4141.94 61 bars ago (low taken); EVENING 4PM-12AM IST session: stop x1.00 of usual; no partials; full size to TP5; SL steps BE->TP1->TP2->TP3
1381,2026.06.22 16:49:04,2026.06.22 19:19:04,EXIT_SL,XAUUSD,M15,470,SELL,FULLTGT,EVENING,0,4186.99,4201.46,4201.46,14.47,1.00,14.47,4172.52,4158.04,4143.57,4129.10,4114.62,0.08,0.08,0.00,4201.58,0.00,-1.01,-117.28,4197.30,4199.39,4193.30,4198.86,4200.23,0.813,7.50,30.45,42.02,38.96,-0.11,3.38,-3.48,4189.58,4191.06,16982,6651,28.6,71.4,10,1,CROSS=EMA9<EMA21;TREND=1;STRUCT=1;VOL=1;COOL=1;EMA50=1;VWAP=1;BIAS=1,0.27,-0.99,24011.23,24011.23,stopped at the initial SL (x1.00 of usual)
1382,2026.06.22 23:45:00,2026.06.23 02:15:00,SKIP,XAUUSD,M15,470,FLAT,NA,DAY,0,0.00,0.00,0.00,0.00,1.00,0.00,0.00,0.00,0.00,0.00,0.00,0.00,0.00,0.00,0.00,0.00,0.00,0.00,4189.71,4189.40,4190.11,4188.94,4189.06,-0.112,6.29,16.71,53.75,58.90,-0.43,-1.56,1.13,4189.89,4192.79,1212,5553,71.4,0.0,40,1,CROSS=EMA9<EMA21;TREND=1;STRUCT=1;VOL=1;COOL=1;EMA50=1;VWAP=1;BIAS=1,0.00,0.00,24011.23,24011.23,outside the killzone window
1383,2026.06.23 01:00:00,2026.06.23 03:30:00,DAY_SUMMARY,XAUUSD,M15,470,FLAT,NA,DAY,0,0.00,0.00,0.00,0.00,1.00,0.00,0.00,0.00,0.00,0.00,0.00,0.00,0.00,0.00,0.00,0.00,-0.03,6.04,4190.02,4189.57,4190.15,4189.71,4189.40,-0.098,5.94,16.74,51.75,53.80,-0.25,-1.27,1.03,4189.89,4191.26,854,5059,71.4,0.0,11,1,CROSS=EMA9<EMA21;TREND=1;STRUCT=1;VOL=1;COOL=1;EMA50=1;VWAP=1;BIAS=1,0.00,0.00,24011.23,24011.23,2026.06.22 trades=3 W=1 L=2 gross_profit=232.60 gross_loss=226.56 net=6.04 PF=1.03
1384,2026.06.23 03:15:00,2026.06.23 05:45:00,SKIP,XAUUSD,M15,470,FLAT,NA,DAY,0,0.00,0.00,0.00,0.00,1.00,0.00,0.00,0.00,0.00,0.00,0.00,0.00,0.00,0.00,0.00,0.00,0.00,0.00,4188.45,4189.37,4190.00,4190.84,4190.42,-0.138,4.52,17.22,36.78,27.86,-0.74,0.11,-0.85,4188.67,4178.89,7203,3162,0.0,85.7,8,1,CROSS=EMA9<EMA21;TREND=1;STRUCT=1;VOL=1;COOL=1;EMA50=1;VWAP=1;BIAS=1,0.00,0.00,24011.23,24011.23,already positioned that way
1385,2026.06.23 14:15:00,2026.06.23 16:45:00,SKIP,XAUUSD,M15,470,FLAT,NA,EVENING,0,0.00,0.00,0.00,0.00,1.00,0.00,0.00,0.00,0.00,0.00,0.00,0.00,0.00,0.00,0.00,0.00,0.00,0.00,4122.26,4121.70,4136.51,4120.53,4120.95,-1.454,10.19,34.33,53.52,59.43,-2.79,-7.51,4.72,4136.27,4129.20,8287,8642,71.4,14.3,6,1,CROSS=EMA9>EMA21;TREND=1;STRUCT=1;VOL=1;COOL=1;EMA50=1;VWAP=0;BIAS=1,0.00,0.00,24011.23,24011.23,quality filter
1386,2026.06.23 15:15:00,2026.06.23 17:45:00,SKIP,XAUUSD,M15,470,FLAT,NA,EVENING,0,0.00,0.00,0.00,0.00,1.00,0.00,0.00,0.00,0.00,0.00,0.00,0.00,0.00,0.00,0.00,0.00,0.00,0.00,4121.19,4121.49,4134.26,4122.96,4122.23,-1.303,9.80,23.76,43.20,38.09,-2.23,-3.45,1.22,4135.26,4114.11,8325,8073,14.3,71.4,10,1,CROSS=EMA9<EMA21;TREND=1;STRUCT=1;VOL=1;COOL=1;EMA50=1;VWAP=1;BIAS=1,0.00,0.00,24011.23,24011.23,already positioned that way
1387,2026.06.23 17:00:00,2026.06.23 19:30:00,SKIP,XAUUSD,M15,470,FLAT,NA,EVENING,0,0.00,0.00,0.00,0.00,1.00,0.00,0.00,0.00,0.00,0.00,0.00,0.00,0.00,0.00,0.00,0.00,0.00,0.00,4122.32,4121.21,4130.83,4118.99,4119.77,-0.962,10.00,20.52,60.06,63.66,-0.53,-2.25,1.72,4132.72,4135.65,19435,9363,85.7,0.0,6,1,CROSS=EMA9<EMA21;TREND=1;STRUCT=1;VOL=1;COOL=1;EMA50=1;VWAP=1;BIAS=1,0.00,0.00,24011.23,24011.23,outside the killzone window
1388,2026.06.23 21:30:00,2026.06.24 00:00:00,SKIP,XAUUSD,M15,470,FLAT,NA,DAY,0,0.00,0.00,0.00,0.00,1.00,0.00,0.00,0.00,0.00,0.00,0.00,0.00,0.00,0.00,0.00,0.00,0.00,0.00,4129.26,4129.60,4131.50,4131.30,4130.45,-0.196,9.67,23.30,42.99,31.42,0.60,2.96,-2.36,4132.71,4121.11,5113,10786,0.0,71.4,9,1,CROSS=EMA9<EMA21;TREND=1;STRUCT=1;VOL=1;COOL=1;EMA50=1;VWAP=1;BIAS=1,0.00,0.00,24011.23,24011.23,outside the killzone window
1389,2026.06.24 09:30:00,2026.06.24 12:00:00,ENTRY,XAUUSD,M15,472,BUY,FULLTGT,DAY,0,4087.75,4063.73,4063.73,24.02,1.00,24.02,4111.77,4135.80,4159.82,4183.85,4207.87,0.04,0.04,0.04,4087.75,0.00,0.00,0.00,4078.17,4078.03,4091.13,4075.79,4077.07,-1.090,12.01,35.30,54.58,61.76,-3.32,-9.10,5.78,4082.78,4087.67,10163,9675,85.7,14.3,8,1,CROSS=EMA9>EMA21;TREND=1;STRUCT=1;VOL=1;COOL=1;EMA50=1;VWAP=1;BIAS=1,0.00,0.00,24011.09,24010.77,KZ=LONDON; KZR=London L @ 4090.96 27 bars ago (low taken); DAY 12AM-4PM IST session: stop x1.00 of usual; no partials; full size to TP5; SL steps BE->TP1->TP2->TP3
1390,2026.06.24 12:00:00,2026.06.24 14:30:00,SKIP,XAUUSD,M15,472,BUY,FULLTGT,DAY,0,4087.75,4063.73,4063.73,24.02,1.00,24.02,4111.77,4135.80,4159.82,4183.85,4207.87,0.04,0.00,0.00,0.00,0.00,0.00,0.00,4079.84,4079.91,4088.01,4080.72,4080.27,-0.879,9.21,24.87,46.40,44.35,-0.97,-0.74,-0.23,4082.80,4076.34,5453,7673,0.0,71.4,6,1,CROSS=EMA9>EMA21;TREND=1;STRUCT=1;VOL=1;COOL=1;EMA50=1;VWAP=1;BIAS=1,0.29,-0.61,24011.09,23965.37,outside the killzone window
1391,2026.06.24 13:00:24,2026.06.24 15:30:24,EXIT_SL,XAUUSD,M15,472,BUY,FULLTGT,DAY,0,4087.75,4063.73,4063.73,24.02,1.00,24.02,4111.77,4135.80,4159.82,4183.85,4207.87,0.04,0.04,0.00,4063.69,0.00,-1.00,-96.52,4073.27,4076.53,4085.27,4075.42,4077.72,-0.949,9.21,27.22,38.40,35.23,-3.22,-1.49,-1.74,4082.14,4064.64,5131,7536,0.0,85.7,11,1,CROSS=EMA9>EMA21;TREND=1;STRUCT=1;VOL=1;COOL=1;EMA50=1;VWAP=1;BIAS=1,0.29,-1.00,23914.71,23914.71,stopped at the initial SL (x1.00 of usual)
1392,2026.06.25 01:00:00,2026.06.25 03:30:00,DAY_SUMMARY,XAUUSD,M15,472,FLAT,NA,DAY,0,0.00,0.00,0.00,0.00,1.00,0.00,0.00,0.00,0.00,0.00,0.00,0.00,0.00,0.00,0.00,0.00,-1.00,-96.52,3993.44,3996.22,4015.77,3992.04,3995.94,-1.622,12.05,26.20,49.49,58.55,-6.05,-10.51,4.46,4036.29,3999.01,2698,12427,42.9,42.9,12,1,CROSS=EMA9>EMA21;TREND=1;STRUCT=1;VOL=1;COOL=1;EMA50=1;VWAP=1;BIAS=1,0.00,0.00,23914.71,23914.71,2026.06.24 trades=1 W=0 L=1 gross_profit=0.00 gross_loss=96.52 net=-96.52 PF=0.00
1393,2026.06.25 01:45:00,2026.06.25 04:15:00,SKIP,XAUUSD,M15,472,FLAT,NA,DAY,0,0.00,0.00,0.00,0.00,1.00,0.00,0.00,0.00,0.00,0.00,0.00,0.00,0.00,0.00,0.00,0.00,0.00,0.00,3997.70,3997.70,4014.23,3996.51,3997.22,-1.513,10.93,29.01,51.65,57.67,-3.10,-7.48,4.38,4003.09,4002.50,4888,10918,71.4,14.3,5,1,CROSS=EMA9>EMA21;TREND=1;STRUCT=1;VOL=1;COOL=1;EMA50=1;VWAP=0;BIAS=1,0.00,0.00,23914.71,23914.71,already positioned that way
1394,2026.06.25 02:00:00,2026.06.25 04:30:00,ENTRY,XAUUSD,M15,474,SELL,FULLTGT,DAY,0,3996.48,4018.04,4018.04,21.56,1.00,21.56,3974.92,3953.37,3931.81,3910.25,3888.69,0.05,0.05,0.05,3996.48,0.00,0.00,0.00,3997.46,3997.59,4013.53,3997.70,3997.70,-1.480,10.78,26.17,47.38,48.32,-2.89,-6.43,3.54,4001.52,3996.47,4153,10677,14.3,71.4,9,1,CROSS=EMA9<EMA21;TREND=1;STRUCT=1;VOL=1;COOL=1;EMA50=1;VWAP=1;BIAS=1,0.00,0.00,23914.53,23914.08,KZ=ASIA; KZR=NY L @ 3964.56 19 bars ago (low taken); DAY 12AM-4PM IST session: stop x1.00 of usual; no partials; full size to TP5; SL steps BE->TP1->TP2->TP3
1395,2026.06.25 02:38:56,2026.06.25 05:08:56,EXIT_SL,XAUUSD,M15,474,SELL,FULLTGT,DAY,0,3996.48,4018.04,4018.04,21.56,1.00,21.56,3974.92,3953.37,3931.81,3910.25,3888.69,0.05,0.05,0.00,4018.07,0.00,-1.00,-108.31,3997.23,3997.44,4012.24,3996.99,3997.36,-1.371,10.80,21.40,48.90,64.65,-2.45,-4.63,2.18,3999.34,3998.19,3293,9828,28.6,42.9,10,1,CROSS=EMA9<EMA21;TREND=1;STRUCT=1;VOL=1;COOL=1;EMA50=1;VWAP=1;BIAS=1,0.25,-1.00,23806.40,23806.40,stopped at the initial SL (x1.00 of usual)
1396,2026.06.25 02:45:00,2026.06.25 05:15:00,ENTRY,XAUUSD,M15,476,BUY,FULLTGT,DAY,0,4014.57,3992.67,3992.67,21.90,1.00,21.90,4036.47,4058.38,4080.28,4102.19,4124.09,0.05,0.05,0.05,4014.57,0.00,0.00,0.00,4000.68,3998.98,4012.32,3997.23,3997.44,-1.218,10.95,23.17,59.46,67.90,-0.85,-3.79,2.94,4001.60,4014.45,6333,9284,71.4,0.0,12,1,CROSS=EMA9>EMA21;TREND=1;STRUCT=1;VOL=1;COOL=1;EMA50=1;VWAP=1;BIAS=1,0.00,0.00,23806.22,23805.62,KZ=ASIA; KZR=NY L @ 3964.56 22 bars ago (low taken); DAY 12AM-4PM IST session: stop x1.00 of usual; no partials; full size to TP5; SL steps BE->TP1->TP2->TP3
1397,2026.06.25 03:32:12,2026.06.25 06:02:12,EXIT_SL,XAUUSD,M15,476,BUY,FULLTGT,DAY,0,4014.57,3992.67,3992.67,21.90,1.00,21.90,4036.47,4058.38,4080.28,4102.19,4124.09,0.05,0.05,0.00,3992.63,0.00,-1.00,-110.06,4002.12,4000.31,4011.45,4003.53,4000.69,-1.137,9.80,21.96,46.73,41.26,0.07,-1.68,1.76,4003.74,3996.51,12098,7774,28.6,57.1,9,1,CROSS=EMA9>EMA21;TREND=1;STRUCT=1;VOL=1;COOL=1;EMA50=1;VWAP=1;BIAS=1,0.14,-1.00,23696.34,23696.34,stopped at the initial SL (x1.00 of usual)
1398,2026.06.25 03:45:00,2026.06.25 06:15:00,ENTRY,XAUUSD,M15,478,SELL,FULLTGT,DAY,0,3985.53,4005.33,4005.33,19.80,1.00,19.80,3965.73,3945.94,3926.14,3906.35,3886.55,0.05,0.05,0.05,3985.53,0.00,0.00,0.00,3998.80,3998.97,4010.44,4002.12,4000.31,-1.159,9.90,23.67,40.72,34.46,-1.18,-1.38,0.19,4001.49,3985.53,10208,7673,14.3,71.4,10,1,CROSS=EMA9<EMA21;TREND=1;STRUCT=1;VOL=1;COOL=1;EMA50=1;VWAP=1;BIAS=1,0.00,0.00,23696.16,23695.66,KZ=ASIA; KZR=NY L @ 3964.56 26 bars ago (low taken); DAY 12AM-4PM IST session: stop x1.00 of usual; no partials; full size to TP5; SL steps BE->TP1->TP2->TP3
1399,2026.06.25 04:02:45,2026.06.25 06:32:45,EXIT_SL,XAUUSD,M15,478,SELL,FULLTGT,DAY,0,3985.53,4005.33,4005.33,19.80,1.00,19.80,3965.73,3945.94,3926.14,3906.35,3886.55,0.05,0.05,0.00,4005.34,0.00,-1.00,-99.41,3997.36,3998.29,4009.70,3998.80,3998.97,-1.100,10.37,24.06,44.91,44.40,-1.67,-1.22,-0.45,3999.86,3991.56,12503,7759,14.3,71.4,12,1,CROSS=EMA9<EMA21;TREND=1;STRUCT=1;VOL=1;COOL=1;EMA50=1;VWAP=1;BIAS=1,0.34,-1.00,23596.93,23596.93,stopped at the initial SL (x1.00 of usual)
1400,2026.06.25 08:00:00,2026.06.25 10:30:00,ENTRY,XAUUSD,M15,480,BUY,FULLTGT,DAY,0,3996.22,3965.97,3965.97,30.25,1.00,30.25,4026.47,4056.72,4086.98,4117.23,4147.48,0.03,0.03,0.03,3996.22,0.00,0.00,0.00,3988.98,3988.55,3997.85,3987.20,3987.79,-0.615,15.13,20.08,53.56,57.62,-1.28,-4.50,3.21,3988.40,3996.10,5821,12435,71.4,0.0,12,1,CROSS=EMA9>EMA21;TREND=1;STRUCT=1;VOL=1;COOL=1;EMA50=1;VWAP=1;BIAS=1,0.00,0.00,23596.82,23596.46,KZ=LONDON; KZR=NY L @ 3964.56 43 bars ago (low taken); DAY 12AM-4PM IST session: stop x1.00 of usual; no partials; full size to TP5; SL steps BE->TP1->TP2->TP3
1401,2026.06.25 09:15:00,2026.06.25 11:45:00,FLIP,XAUUSD,M15,480,BUY,FULLTGT,DAY,0,3996.22,3965.97,3965.97,30.25,1.00,30.25,4026.47,4056.72,4086.98,4117.23,4147.48,0.03,0.00,0.00,3980.21,0.00,-0.53,0.00,3987.45,3988.25,3996.11,3989.25,3989.05,-0.546,14.41,19.94,44.67,39.24,-1.38,-1.49,0.11,3988.50,3980.22,10001,11517,14.3,57.1,8,1,CROSS=EMA9<EMA21;TREND=1;STRUCT=1;VOL=1;COOL=1;EMA50=1;VWAP=1;BIAS=1,0.13,-0.54,23596.82,23548.79,opposite signal before SL/target | BUY -> SELL | closing trade 480
1402,2026.06.25 09:15:00,2026.06.25 11:45:00,EXIT_FLIP,XAUUSD,M15,480,BUY,FULLTGT,DAY,0,3996.22,3965.97,3965.97,30.25,1.00,30.25,4026.47,4056.72,4086.98,4117.23,4147.48,0.03,0.03,0.00,3980.21,0.00,-0.53,0.00,3987.45,3988.25,3996.11,3989.25,3989.05,-0.546,14.41,19.94,44.67,39.24,-1.38,-1.49,0.11,3988.50,3980.22,10001,11517,14.3,57.1,8,1,CROSS=EMA9<EMA21;TREND=1;STRUCT=1;VOL=1;COOL=1;EMA50=1;VWAP=1;BIAS=1,0.13,-0.54,23548.68,23548.68,FLIP exit
1403,2026.06.25 09:15:00,2026.06.25 11:45:00,EXIT_OTHER,XAUUSD,M15,480,BUY,FULLTGT,DAY,0,3996.22,3965.97,3965.97,30.25,1.00,30.25,4026.47,4056.72,4086.98,4117.23,4147.48,0.03,0.03,0.00,3980.21,0.00,-0.53,-48.25,3987.45,3988.25,3996.11,3989.25,3989.05,-0.546,14.41,19.94,44.67,39.24,-1.38,-1.49,0.11,3988.50,3980.22,10001,11517,14.3,57.1,8,1,CROSS=EMA9<EMA21;TREND=1;STRUCT=1;VOL=1;COOL=1;EMA50=1;VWAP=1;BIAS=1,0.13,-0.54,23548.68,23548.68,FLIP exit
1404,2026.06.25 09:15:00,2026.06.25 11:45:00,ENTRY,XAUUSD,M15,482,SELL,FULLTGT,DAY,480,3980.21,4009.02,4009.02,28.81,1.00,28.81,3951.40,3922.58,3893.77,3864.96,3836.14,0.04,0.04,0.04,3980.21,0.00,0.00,0.00,3987.45,3988.25,3996.11,3989.25,3989.05,-0.546,14.41,19.94,44.67,39.24,-1.38,-1.49,0.11,3988.50,3980.22,10001,11517,14.3,57.1,8,1,CROSS=EMA9<EMA21;TREND=1;STRUCT=1;VOL=1;COOL=1;EMA50=1;VWAP=1;BIAS=1,0.00,0.00,23548.54,23548.22,KZ=LONDON; KZR=NY L @ 3964.56 48 bars ago (low taken); DAY 12AM-4PM IST session: stop x1.00 of usual; no partials; full size to TP5; SL steps BE->TP1->TP2->TP3; flipped from trade 480
1405,2026.06.25 11:45:00,2026.06.25 14:15:00,FLIP,XAUUSD,M15,482,SELL,FULLTGT,DAY,0,3980.21,4009.02,4009.02,28.81,1.00,28.81,3951.40,3922.58,3893.77,3864.96,3836.14,0.04,0.00,0.00,3999.70,0.00,-0.68,0.00,3988.62,3987.28,3992.71,3985.87,3986.04,-0.463,11.75,26.64,57.49,62.50,0.21,-1.89,2.10,3987.73,3999.65,8048,9091,85.7,0.0,5,1,CROSS=EMA9>EMA21;TREND=1;STRUCT=1;VOL=1;COOL=1;EMA50=1;VWAP=1;BIAS=1,0.30,-0.76,23548.54,23470.58,opposite signal before SL/target | SELL -> BUY | closing trade 482
1406,2026.06.25 11:45:00,2026.06.25 14:15:00,EXIT_FLIP,XAUUSD,M15,482,SELL,FULLTGT,DAY,0,3980.21,4009.02,4009.02,28.81,1.00,28.81,3951.40,3922.58,3893.77,3864.96,3836.14,0.04,0.04,0.00,3999.70,0.00,-0.68,0.00,3988.62,3987.28,3992.71,3985.87,3986.04,-0.463,11.75,26.64,57.49,62.50,0.21,-1.89,2.10,3987.73,3999.65,8048,9091,85.7,0.0,5,1,CROSS=EMA9>EMA21;TREND=1;STRUCT=1;VOL=1;COOL=1;EMA50=1;VWAP=1;BIAS=1,0.30,-0.76,23470.44,23470.44,FLIP exit
1407,2026.06.25 11:45:00,2026.06.25 14:15:00,EXIT_OTHER,XAUUSD,M15,482,SELL,FULLTGT,DAY,0,3980.21,4009.02,4009.02,28.81,1.00,28.81,3951.40,3922.58,3893.77,3864.96,3836.14,0.04,0.04,0.00,3999.70,0.00,-0.68,-78.24,3988.62,3987.28,3992.71,3985.87,3986.04,-0.463,11.75,26.64,57.49,62.50,0.21,-1.89,2.10,3987.73,3999.65,8048,9091,85.7,0.0,5,1,CROSS=EMA9>EMA21;TREND=1;STRUCT=1;VOL=1;COOL=1;EMA50=1;VWAP=1;BIAS=1,0.30,-0.76,23470.44,23470.44,FLIP exit
1408,2026.06.25 11:45:00,2026.06.25 14:15:00,ENTRY,XAUUSD,M15,484,BUY,FULLTGT,DAY,482,3999.70,3976.20,3976.20,23.50,1.00,23.50,4023.20,4046.70,4070.19,4093.69,4117.19,0.04,0.04,0.04,3999.70,0.00,0.00,0.00,3988.62,3987.28,3992.71,3985.87,3986.04,-0.463,11.75,26.64,57.49,62.50,0.21,-1.89,2.10,3987.73,3999.65,8048,9091,85.7,0.0,5,1,CROSS=EMA9>EMA21;TREND=1;STRUCT=1;VOL=1;COOL=1;EMA50=1;VWAP=1;BIAS=1,0.00,0.00,23470.30,23470.10,KZ=LONDON; KZR=NY L @ 3964.56 58 bars ago (low taken); DAY 12AM-4PM IST session: stop x1.00 of usual; no partials; full size to TP5; SL steps BE->TP1->TP2->TP3; flipped from trade 482
1409,2026.06.25 14:00:00,2026.06.25 16:30:00,FLIP,XAUUSD,M15,484,BUY,FULLTGT,EVENING,0,3999.70,3976.20,3976.20,23.50,1.00,23.50,4023.20,4046.70,4070.19,4093.69,4117.19,0.04,0.00,0.00,3984.39,0.00,-0.65,0.00,3987.31,3987.56,3991.31,3988.04,3987.88,-0.383,9.78,34.78,47.32,43.94,-0.25,0.40,-0.65,3987.94,3984.37,4289,7689,0.0,85.7,9,1,CROSS=EMA9<EMA21;TREND=1;STRUCT=1;VOL=1;COOL=1;EMA50=1;VWAP=1;BIAS=1,0.01,-0.78,23470.30,23409.06,opposite signal before SL/target | BUY -> SELL | closing trade 484
1410,2026.06.25 14:00:00,2026.06.25 16:30:00,EXIT_FLIP,XAUUSD,M15,484,BUY,FULLTGT,EVENING,0,3999.70,3976.20,3976.20,23.50,1.00,23.50,4023.20,4046.70,4070.19,4093.69,4117.19,0.04,0.04,0.00,3984.39,0.00,-0.65,0.00,3987.31,3987.56,3991.31,3988.04,3987.88,-0.383,9.78,34.78,47.32,43.94,-0.25,0.40,-0.65,3987.94,3984.37,4289,7689,0.0,85.7,9,1,CROSS=EMA9<EMA21;TREND=1;STRUCT=1;VOL=1;COOL=1;EMA50=1;VWAP=1;BIAS=1,0.01,-0.78,23408.92,23408.92,FLIP exit
1411,2026.06.25 14:00:00,2026.06.25 16:30:00,EXIT_OTHER,XAUUSD,M15,484,BUY,FULLTGT,EVENING,0,3999.70,3976.20,3976.20,23.50,1.00,23.50,4023.20,4046.70,4070.19,4093.69,4117.19,0.04,0.04,0.00,3984.39,0.00,-0.65,-61.52,3987.31,3987.56,3991.31,3988.04,3987.88,-0.383,9.78,34.78,47.32,43.94,-0.25,0.40,-0.65,3987.94,3984.37,4289,7689,0.0,85.7,9,1,CROSS=EMA9<EMA21;TREND=1;STRUCT=1;VOL=1;COOL=1;EMA50=1;VWAP=1;BIAS=1,0.01,-0.78,23408.92,23408.92,FLIP exit
1412,2026.06.25 14:00:00,2026.06.25 16:30:00,ENTRY,XAUUSD,M15,486,SELL,FULLTGT,EVENING,484,3984.39,4003.96,4003.96,19.57,1.00,19.57,3964.82,3945.25,3925.68,3906.12,3886.55,0.05,0.05,0.05,3984.39,0.00,0.00,0.00,3987.31,3987.56,3991.31,3988.04,3987.88,-0.383,9.78,34.78,47.32,43.94,-0.25,0.40,-0.65,3987.94,3984.37,4289,7689,0.0,85.7,9,1,CROSS=EMA9<EMA21;TREND=1;STRUCT=1;VOL=1;COOL=1;EMA50=1;VWAP=1;BIAS=1,0.00,0.00,23408.74,23408.29,KZ=NY; KZR=NY L @ 3964.56 67 bars ago (low taken); EVENING 4PM-12AM IST session: stop x1.00 of usual; no partials; full size to TP5; SL steps BE->TP1->TP2->TP3; flipped from trade 484
1413,2026.06.25 15:30:25,2026.06.25 18:00:25,EXIT_SL,XAUUSD,M15,486,SELL,FULLTGT,EVENING,484,3984.39,4003.96,4003.96,19.57,1.00,19.57,3964.82,3945.25,3925.68,3906.12,3886.55,0.05,0.05,0.00,4004.12,0.00,-1.01,-99.01,3983.62,3985.20,3989.34,3983.58,3985.34,-0.464,8.93,41.41,48.32,50.16,-1.50,-0.85,-0.65,3987.48,3983.78,7940,6839,42.9,57.1,10,1,CROSS=EMA9<EMA21;TREND=1;STRUCT=1;VOL=1;COOL=1;EMA50=1;VWAP=1;BIAS=1,0.54,-1.00,23309.91,23309.91,stopped at the initial SL (x1.00 of usual)
1414,2026.06.25 15:45:00,2026.06.25 18:15:00,ENTRY,XAUUSD,M15,488,BUY,FULLTGT,EVENING,0,4005.72,3986.26,3986.26,19.46,1.00,19.46,4025.18,4044.64,4064.10,4083.56,4103.02,0.05,0.05,0.05,4005.72,0.00,0.00,0.00,3988.02,3987.06,3989.98,3983.62,3985.20,-0.300,9.73,38.22,62.37,74.08,0.33,-0.84,1.17,3988.08,4005.63,25842,7702,100.0,0.0,9,1,CROSS=EMA9>EMA21;TREND=1;STRUCT=1;VOL=1;COOL=1;EMA50=1;VWAP=1;BIAS=1,0.00,0.00,23309.73,23309.28,KZ=NY; KZR=NY L @ 3964.56 74 bars ago (low taken); EVENING 4PM-12AM IST session: stop x1.00 of usual; no partials; full size to TP5; SL steps BE->TP1->TP2->TP3
1415,2026.06.25 16:01:17,2026.06.25 18:31:17,SL_MOVE,XAUUSD,M15,488,BUY,FULLTGT,EVENING,0,4005.72,3986.26,4005.72,19.46,1.00,19.46,4025.18,4044.64,4064.10,4083.56,4103.02,0.05,0.00,0.05,4005.72,1.00,0.00,0.00,3992.94,3989.38,3990.87,3988.02,3987.06,-0.153,9.72,37.37,65.60,73.67,2.31,-0.59,2.90,3988.85,4012.63,18315,8221,100.0,0.0,9,1,CROSS=EMA9>EMA21;TREND=1;STRUCT=1;VOL=1;COOL=1;EMA50=1;VWAP=1;BIAS=1,1.00,-0.11,23309.73,23407.03,stop to breakeven
1416,2026.06.25 16:01:17,2026.06.25 18:31:17,TP1_REACHED,XAUUSD,M15,488,BUY,FULLTGT,EVENING,0,4005.72,3986.26,4005.72,19.46,1.00,19.46,4025.18,4044.64,4064.10,4083.56,4103.02,0.05,0.00,0.05,4025.18,1.00,1.00,0.00,3992.94,3989.38,3990.87,3988.02,3987.06,-0.153,9.72,37.37,65.60,73.67,2.31,-0.59,2.90,3988.85,4012.63,18315,8221,100.0,0.0,9,1,CROSS=EMA9>EMA21;TREND=1;STRUCT=1;VOL=1;COOL=1;EMA50=1;VWAP=1;BIAS=1,1.00,-0.11,23309.73,23407.03,full target: no partial booked
1417,2026.06.25 16:55:21,2026.06.25 19:25:21,EXIT_BE,XAUUSD,M15,488,BUY,FULLTGT,EVENING,0,4005.72,3986.26,4005.72,19.46,1.00,19.46,4025.18,4044.64,4064.10,4083.56,4103.02,0.05,0.05,0.00,4005.72,0.00,0.00,-0.36,4006.30,3997.27,3994.33,4004.89,3995.81,0.290,10.15,37.50,58.93,50.72,7.23,1.80,5.43,3992.19,4011.95,26222,10033,85.7,14.3,10,1,CROSS=EMA9>EMA21;TREND=1;STRUCT=1;VOL=1;COOL=1;EMA50=1;VWAP=1;BIAS=1,1.46,-0.11,23309.55,23309.55,stopped at breakeven
1418,2026.06.26 01:00:10,2026.06.26 03:30:10,DAY_SUMMARY,XAUUSD,M15,488,FLAT,NA,DAY,0,0.00,0.00,0.00,0.00,1.00,0.00,0.00,0.00,0.00,0.00,0.00,0.00,0.00,0.00,0.00,0.00,-5.87,-605.16,4030.13,4028.92,4019.08,4031.02,4029.16,1.185,8.30,20.35,49.84,43.48,3.36,6.21,-2.85,4004.37,4026.59,927,8205,28.6,42.9,10,1,CROSS=EMA9>EMA21;TREND=1;STRUCT=1;VOL=1;COOL=1;EMA50=1;VWAP=1;BIAS=1,0.00,0.00,23309.55,23309.55,2026.06.25 trades=8 W=0 L=8 gross_profit=0.00 gross_loss=605.16 net=-605.16 PF=0.00
1419,2026.06.26 01:30:00,2026.06.26 04:00:00,ENTRY,XAUUSD,M15,490,SELL,FULLTGT,DAY,0,4024.90,4041.47,4041.47,16.57,1.00,16.57,4008.33,3991.76,3975.19,3958.62,3942.05,0.07,0.07,0.07,4024.90,0.00,0.00,0.00,4027.94,4028.07,4019.46,4028.70,4028.38,1.039,8.28,16.84,48.73,44.45,1.97,4.84,-2.88,4026.14,4024.90,3068,7307,0.0,71.4,6,1,CROSS=EMA9<EMA21;TREND=1;STRUCT=1;VOL=1;COOL=1;EMA50=1;VWAP=1;BIAS=1,0.00,0.00,23309.30,23308.88,KZ=ASIA; KZR=NY L @ 3964.56 113 bars ago (low taken); DAY 12AM-4PM IST session: stop x1.00 of usual; no partials; full size to TP5; SL steps BE->TP1->TP2->TP3
1420,2026.06.26 05:22:46,2026.06.26 07:52:46,SL_MOVE,XAUUSD,M15,490,SELL,FULLTGT,DAY,0,4024.90,4041.47,4024.90,16.57,1.00,16.57,4008.33,3991.76,3975.19,3958.62,3942.05,0.07,0.00,0.07,4024.90,1.00,0.00,0.00,4019.93,4022.29,4020.15,4021.11,4023.00,0.238,8.99,13.39,42.65,34.94,-1.89,-1.53,-0.36,4020.92,4015.20,8972,6553,0.0,85.7,12,1,CROSS=EMA9<EMA21;TREND=1;STRUCT=1;VOL=1;COOL=1;EMA50=1;VWAP=1;BIAS=1,1.00,-0.71,23309.30,23425.29,stop to breakeven
1421,2026.06.26 05:22:46,2026.06.26 07:52:46,TP1_REACHED,XAUUSD,M15,490,SELL,FULLTGT,DAY,0,4024.90,4041.47,4024.90,16.57,1.00,16.57,4008.33,3991.76,3975.19,3958.62,3942.05,0.07,0.00,0.07,4008.33,1.00,1.00,0.00,4019.93,4022.29,4020.15,4021.11,4023.00,0.238,8.99,13.39,42.65,34.94,-1.89,-1.53,-0.36,4020.92,4015.20,8972,6553,0.0,85.7,12,1,CROSS=EMA9<EMA21;TREND=1;STRUCT=1;VOL=1;COOL=1;EMA50=1;VWAP=1;BIAS=1,1.00,-0.71,23309.30,23425.29,full target: no partial booked
1422,2026.06.26 05:41:46,2026.06.26 08:11:46,SL_MOVE,XAUUSD,M15,490,SELL,FULLTGT,DAY,0,4024.90,4041.47,4008.33,16.57,1.00,16.57,4008.33,3991.76,3975.19,3958.62,3942.05,0.07,0.00,0.07,4008.33,2.00,0.00,0.00,4017.41,4020.93,4019.65,4019.93,4022.29,0.141,9.14,15.96,36.88,26.04,-2.81,-1.76,-1.05,4020.30,4007.37,7119,6762,0.0,85.7,12,1,CROSS=EMA9<EMA21;TREND=1;STRUCT=1;VOL=1;COOL=1;EMA50=1;VWAP=1;BIAS=1,2.00,-0.71,23309.30,23542.40,stop trailed to TP1
1423,2026.06.26 05:41:46,2026.06.26 08:11:46,TP2_REACHED,XAUUSD,M15,490,SELL,FULLTGT,DAY,0,4024.90,4041.47,4008.33,16.57,1.00,16.57,4008.33,3991.76,3975.19,3958.62,3942.05,0.07,0.00,0.07,3991.76,2.00,2.00,0.00,4017.41,4020.93,4019.65,4019.93,4022.29,0.141,9.14,15.96,36.88,26.04,-2.81,-1.76,-1.05,4020.30,4007.37,7119,6762,0.0,85.7,12,1,CROSS=EMA9<EMA21;TREND=1;STRUCT=1;VOL=1;COOL=1;EMA50=1;VWAP=1;BIAS=1,2.00,-0.71,23309.30,23542.40,full target: no partial booked
1424,2026.06.26 07:13:10,2026.06.26 09:43:10,EXIT_TRAIL_SL,XAUUSD,M15,490,SELL,FULLTGT,DAY,0,4024.90,4041.47,4008.33,16.57,1.00,16.57,4008.33,3991.76,3975.19,3958.62,3942.05,0.07,0.07,0.00,4008.34,0.00,1.00,115.42,4003.40,4010.73,4014.84,4003.19,4011.38,-0.410,10.01,26.71,42.91,48.24,-6.95,-5.07,-1.87,4013.44,4004.27,7059,8360,14.3,71.4,10,1,CROSS=EMA9<EMA21;TREND=1;STRUCT=1;VOL=1;COOL=1;EMA50=1;VWAP=1;BIAS=1,2.52,-0.71,23424.97,23424.97,stopped at a trailed level
1425,2026.06.26 09:30:00,2026.06.26 12:00:00,ENTRY,XAUUSD,M15,492,BUY,FULLTGT,DAY,0,4024.35,4004.71,4004.71,19.64,1.00,19.64,4043.99,4063.63,4083.27,4102.91,4122.55,0.05,0.05,0.05,4024.35,0.00,0.00,0.00,4012.78,4012.06,4014.05,4009.88,4010.82,-0.203,9.82,23.42,59.89,66.86,-0.66,-3.06,2.40,4012.99,4024.37,12238,8547,85.7,0.0,5,1,CROSS=EMA9>EMA21;TREND=1;STRUCT=1;VOL=1;COOL=1;EMA50=1;VWAP=1;BIAS=1,0.00,0.00,23424.79,23424.54,KZ=LONDON; KZR=NY L @ 3964.56 145 bars ago (low taken); DAY 12AM-4PM IST session: stop x1.00 of usual; no partials; full size to TP5; SL steps BE->TP1->TP2->TP3
1426,2026.06.26 12:19:33,2026.06.26 14:49:33,SL_MOVE,XAUUSD,M15,492,BUY,FULLTGT,DAY,0,4024.35,4004.71,4024.35,19.64,1.00,19.64,4043.99,4063.63,4083.27,4102.91,4122.55,0.05,0.00,0.05,4024.35,1.00,0.00,0.00,4032.33,4025.85,4020.75,4030.54,4024.49,0.607,8.41,27.84,63.30,63.49,5.97,4.80,1.17,4017.02,4039.52,6121,7443,85.7,0.0,11,1,CROSS=EMA9>EMA21;TREND=1;STRUCT=1;VOL=1;COOL=1;EMA50=1;VWAP=1;BIAS=1,0.99,-0.17,23424.79,23523.14,stop to breakeven
1427,2026.06.26 12:19:33,2026.06.26 14:49:33,TP1_REACHED,XAUUSD,M15,492,BUY,FULLTGT,DAY,0,4024.35,4004.71,4024.35,19.64,1.00,19.64,4043.99,4063.63,4083.27,4102.91,4122.55,0.05,0.00,0.05,4043.99,1.00,1.00,0.00,4032.33,4025.85,4020.75,4030.54,4024.49,0.607,8.41,27.84,63.30,63.49,5.97,4.80,1.17,4017.02,4039.52,6121,7443,85.7,0.0,11,1,CROSS=EMA9>EMA21;TREND=1;STRUCT=1;VOL=1;COOL=1;EMA50=1;VWAP=1;BIAS=1,0.99,-0.17,23424.79,23523.14,full target: no partial booked
1428,2026.06.26 16:00:03,2026.06.26 18:30:03,SL_MOVE,XAUUSD,M15,492,BUY,FULLTGT,EVENING,0,4024.35,4004.71,4043.99,19.64,1.00,19.64,4043.99,4063.63,4083.27,4102.91,4122.55,0.05,0.00,0.05,4043.99,2.00,0.00,0.00,4048.67,4043.48,4033.49,4046.06,4041.92,1.102,9.07,21.26,63.56,64.97,6.36,7.52,-1.16,4023.96,4059.10,10830,6326,71.4,14.3,10,1,CROSS=EMA9>EMA21;TREND=1;STRUCT=1;VOL=1;COOL=1;EMA50=1;VWAP=1;BIAS=1,2.00,-0.17,23424.79,23621.19,stop trailed to TP1
1429,2026.06.26 16:00:03,2026.06.26 18:30:03,TP2_REACHED,XAUUSD,M15,492,BUY,FULLTGT,EVENING,0,4024.35,4004.71,4043.99,19.64,1.00,19.64,4043.99,4063.63,4083.27,4102.91,4122.55,0.05,0.00,0.05,4063.63,2.00,2.00,0.00,4048.67,4043.48,4033.49,4046.06,4041.92,1.102,9.07,21.26,63.56,64.97,6.36,7.52,-1.16,4023.96,4059.10,10830,6326,71.4,14.3,10,1,CROSS=EMA9>EMA21;TREND=1;STRUCT=1;VOL=1;COOL=1;EMA50=1;VWAP=1;BIAS=1,2.00,-0.17,23424.79,23621.19,full target: no partial booked
1430,2026.06.26 16:09:12,2026.06.26 18:39:12,EXIT_TRAIL_SL,XAUUSD,M15,492,BUY,FULLTGT,EVENING,0,4024.35,4004.71,4043.99,19.64,1.00,19.64,4043.99,4063.63,4083.27,4102.91,4122.55,0.05,0.05,0.00,4043.95,0.00,1.00,97.64,4048.67,4043.48,4033.49,4046.06,4041.92,1.102,9.07,21.26,63.56,55.60,6.36,7.52,-1.16,4023.96,4059.10,10830,6326,71.4,14.3,10,1,CROSS=EMA9>EMA21;TREND=1;STRUCT=1;VOL=1;COOL=1;EMA50=1;VWAP=1;BIAS=1,2.12,-0.17,23522.61,23522.61,stopped at a trailed level
1431,2026.06.26 22:30:00,2026.06.27 01:00:00,SKIP,XAUUSD,M15,492,FLAT,NA,DAY,0,0.00,0.00,0.00,0.00,1.00,0.00,0.00,0.00,0.00,0.00,0.00,0.00,0.00,0.00,0.00,0.00,0.00,0.00,4072.73,4073.50,4061.84,4074.30,4074.21,1.564,7.45,42.19,44.55,36.43,2.00,5.90,-3.90,4043.06,4066.46,4387,7425,14.3,71.4,5,1,CROSS=EMA9>EMA21;TREND=1;STRUCT=1;VOL=1;COOL=1;EMA50=1;VWAP=1;BIAS=1,0.00,0.00,23522.61,23522.61,outside the killzone window
1432,2026.06.29 01:00:01,2026.06.29 03:30:01,DAY_SUMMARY,XAUUSD,M15,492,FLAT,NA,DAY,0,0.00,0.00,0.00,0.00,1.00,0.00,0.00,0.00,0.00,0.00,0.00,0.00,0.00,0.00,0.00,0.00,2.00,213.06,4074.62,4073.76,4064.35,4071.17,4072.29,1.328,7.08,33.40,63.94,72.67,1.79,1.67,0.12,4043.89,4088.41,2078,4862,85.7,0.0,12,1,CROSS=EMA9>EMA21;TREND=1;STRUCT=1;VOL=1;COOL=1;EMA50=1;VWAP=1;BIAS=1,0.00,0.00,23522.61,23522.61,2026.06.26 trades=2 W=2 L=0 gross_profit=213.06 gross_loss=0.00 net=213.06 PF=0.00
1433,2026.06.29 01:00:01,2026.06.29 03:30:01,WEEK_SUMMARY,XAUUSD,M15,492,FLAT,NA,DAY,0,0.00,0.00,0.00,0.00,1.00,0.00,0.00,0.00,0.00,0.00,0.00,0.00,0.00,0.00,0.00,0.00,-4.91,-482.58,4074.62,4073.76,4064.35,4071.17,4072.29,1.328,7.08,33.40,63.94,72.67,1.79,1.67,0.12,4043.89,4088.41,2078,4862,85.7,0.0,12,1,CROSS=EMA9>EMA21;TREND=1;STRUCT=1;VOL=1;COOL=1;EMA50=1;VWAP=1;BIAS=1,0.00,0.00,23522.61,23522.61,days=4 trades=14 W=3 L=11 gross_profit=445.66 gross_loss=928.24 net=-482.58 PF=0.48 pips=-11861.0
1434,2026.06.29 01:00:01,2026.06.29 03:30:01,SKIP,XAUUSD,M15,492,FLAT,NA,DAY,0,0.00,0.00,0.00,0.00,1.00,0.00,0.00,0.00,0.00,0.00,0.00,0.00,0.00,0.00,0.00,0.00,0.00,0.00,4074.62,4073.76,4064.35,4071.17,4072.29,1.328,7.08,33.40,63.94,72.67,1.79,1.67,0.12,4043.89,4088.41,2078,4862,85.7,0.0,12,1,CROSS=EMA9>EMA21;TREND=1;STRUCT=1;VOL=1;COOL=1;EMA50=1;VWAP=1;BIAS=1,0.00,0.00,23522.61,23522.61,already positioned that way
1435,2026.06.29 01:30:00,2026.06.29 04:00:00,ENTRY,XAUUSD,M15,494,SELL,FULLTGT,DAY,0,4057.29,4073.22,4073.22,15.93,1.00,15.93,4041.36,4025.42,4009.49,3993.56,3977.62,0.07,0.07,0.07,4057.29,0.00,0.00,0.00,4070.51,4072.00,4064.31,4073.82,4073.47,0.965,7.97,30.19,41.01,35.32,-0.07,1.07,-1.14,4069.73,4057.28,7207,5034,0.0,100.0,11,1,CROSS=EMA9<EMA21;TREND=1;STRUCT=1;VOL=1;COOL=1;EMA50=1;VWAP=1;BIAS=1,0.00,0.00,23522.36,23521.59,KZ=ASIA; KZR=NY L @ 3964.56 401 bars ago (low taken); DAY 12AM-4PM IST session: stop x1.00 of usual; no partials; full size to TP5; SL steps BE->TP1->TP2->TP3
1436,2026.06.29 03:56:56,2026.06.29 06:26:56,EXIT_SL,XAUUSD,M15,494,SELL,FULLTGT,DAY,0,4057.29,4073.22,4073.22,15.93,1.00,15.93,4041.36,4025.42,4009.49,3993.56,3977.62,0.07,0.07,0.00,4073.33,0.00,-1.01,-112.78,4062.29,4065.82,4063.45,4060.48,4065.45,0.249,9.54,22.03,51.82,57.75,-2.99,-2.12,-0.87,4062.31,4069.54,9588,5901,57.1,28.6,12,1,CROSS=EMA9<EMA21;TREND=1;STRUCT=1;VOL=1;COOL=1;EMA50=1;VWAP=1;BIAS=1,0.56,-1.00,23409.83,23409.83,stopped at the initial SL (x1.00 of usual)
1437,2026.06.29 06:30:00,2026.06.29 09:00:00,ENTRY,XAUUSD,M15,496,BUY,FULLTGT,DAY,0,4072.56,4050.31,4050.31,22.25,1.00,22.25,4094.81,4117.07,4139.32,4161.57,4183.83,0.05,0.05,0.05,4072.56,0.00,0.00,0.00,4066.12,4065.43,4063.89,4064.53,4064.72,0.138,11.13,16.52,54.70,59.93,-0.08,-1.80,1.72,4063.27,4072.51,7638,8869,71.4,0.0,5,1,CROSS=EMA9>EMA21;TREND=1;STRUCT=1;VOL=1;COOL=1;EMA50=1;VWAP=1;BIAS=1,0.00,0.00,23409.65,23409.40,KZ=ASIA; KZR=NY L @ 3964.56 421 bars ago (low taken); DAY 12AM-4PM IST session: stop x1.00 of usual; no partials; full size to TP5; SL steps BE->TP1->TP2->TP3
1438,2026.06.29 07:45:00,2026.06.29 10:15:00,SKIP,XAUUSD,M15,496,BUY,FULLTGT,DAY,0,4072.56,4050.31,4050.31,22.25,1.00,22.25,4094.81,4117.07,4139.32,4161.57,4183.83,0.05,0.00,0.00,0.00,0.00,0.00,0.00,4064.58,4065.08,4064.05,4066.42,4065.87,0.098,10.46,20.59,43.77,36.69,-0.55,-0.40,-0.15,4063.51,4057.19,6064,8944,0.0,71.4,5,1,CROSS=EMA9>EMA21;TREND=1;STRUCT=1;VOL=1;COOL=1;EMA50=1;VWAP=1;BIAS=1,0.05,-0.88,23409.65,23332.80,outside the killzone window
1439,2026.06.29 07:57:48,2026.06.29 10:27:48,EXIT_SL,XAUUSD,M15,496,BUY,FULLTGT,DAY,0,4072.56,4050.31,4050.31,22.25,1.00,22.25,4094.81,4117.07,4139.32,4161.57,4183.83,0.05,0.05,0.00,4050.31,0.00,-1.00,-111.61,4064.58,4065.08,4064.05,4066.42,4065.87,0.098,10.46,20.59,43.77,33.04,-0.55,-0.40,-0.15,4063.51,4057.19,6064,8944,0.0,71.4,12,1,CROSS=EMA9>EMA21;TREND=1;STRUCT=1;VOL=1;COOL=1;EMA50=1;VWAP=1;BIAS=1,0.05,-1.00,23298.22,23298.22,stopped at the initial SL (x1.00 of usual)
1440,2026.06.30 01:00:00,2026.06.30 03:30:00,DAY_SUMMARY,XAUUSD,M15,496,FLAT,NA,DAY,0,0.00,0.00,0.00,0.00,1.00,0.00,0.00,0.00,0.00,0.00,0.00,0.00,0.00,0.00,0.00,0.00,-2.01,-224.39,4016.80,4020.02,4029.34,4016.87,4020.37,-1.691,5.51,25.38,44.09,49.94,-4.19,-4.88,0.69,4044.92,4016.55,992,3481,14.3,71.4,12,1,CROSS=EMA9>EMA21;TREND=1;STRUCT=1;VOL=1;COOL=1;EMA50=1;VWAP=1;BIAS=1,0.00,0.00,23298.22,23298.22,2026.06.29 trades=2 W=0 L=2 gross_profit=0.00 gross_loss=224.39 net=-224.39 PF=0.00
1441,2026.06.30 09:30:00,2026.06.30 12:00:00,SKIP,XAUUSD,M15,496,FLAT,NA,DAY,0,0.00,0.00,0.00,0.00,1.00,0.00,0.00,0.00,0.00,0.00,0.00,0.00,0.00,0.00,0.00,0.00,0.00,0.00,3987.17,3984.32,3995.49,3980.94,3981.54,-0.940,11.89,31.40,65.71,74.74,-0.53,-5.53,5.00,3980.05,4012.10,12736,8567,100.0,0.0,11,1,CROSS=EMA9>EMA21;TREND=1;STRUCT=1;VOL=1;COOL=1;EMA50=1;VWAP=1;BIAS=1,0.00,0.00,23298.22,23298.22,already positioned that way
1442,2026.06.30 20:15:00,2026.06.30 22:45:00,SKIP,XAUUSD,M15,496,FLAT,NA,EVENING,0,0.00,0.00,0.00,0.00,1.00,0.00,0.00,0.00,0.00,0.00,0.00,0.00,0.00,0.00,0.00,0.00,0.00,0.00,4029.24,4029.32,4023.18,4030.74,4029.93,0.567,10.82,15.97,45.55,37.89,1.51,3.96,-2.45,4008.17,4023.22,6171,10316,14.3,57.1,11,1,CROSS=EMA9>EMA21;TREND=1;STRUCT=1;VOL=1;COOL=1;EMA50=1;VWAP=1;BIAS=1,0.00,0.00,23298.22,23298.22,outside the killzone window
1443,2026.06.30 21:15:00,2026.06.30 23:45:00,SKIP,XAUUSD,M15,496,FLAT,NA,EVENING,0,0.00,0.00,0.00,0.00,1.00,0.00,0.00,0.00,0.00,0.00,0.00,0.00,0.00,0.00,0.00,0.00,0.00,0.00,4029.80,4029.49,4024.15,4029.14,4029.19,0.553,9.66,17.95,54.10,56.18,1.23,2.02,-0.79,4008.70,4032.45,2949,9215,57.1,14.3,7,1,CROSS=EMA9>EMA21;TREND=1;STRUCT=1;VOL=1;COOL=1;EMA50=1;VWAP=1;BIAS=1,0.00,0.00,23298.22,23298.22,outside the killzone window
1444,2026.06.30 22:15:00,2026.07.01 00:45:00,SKIP,XAUUSD,M15,496,FLAT,NA,DAY,0,0.00,0.00,0.00,0.00,1.00,0.00,0.00,0.00,0.00,0.00,0.00,0.00,0.00,0.00,0.00,0.00,0.00,0.00,4028.79,4029.17,4024.81,4029.95,4029.67,0.561,7.76,16.09,44.91,35.34,0.46,1.09,-0.63,4009.06,4024.14,3395,6755,14.3,57.1,11,1,CROSS=EMA9>EMA21;TREND=1;STRUCT=1;VOL=1;COOL=1;EMA50=1;VWAP=1;BIAS=1,0.00,0.00,23298.22,23298.22,outside the killzone window
1445,2026.07.01 01:00:00,2026.07.01 03:30:00,MONTH_SUMMARY,XAUUSD,M15,496,FLAT,NA,DAY,0,0.00,0.00,0.00,0.00,1.00,0.00,0.00,0.00,0.00,0.00,0.00,0.00,0.00,0.00,0.00,0.00,-2.21,-262.80,4016.90,4022.25,4022.53,4019.27,4023.73,-0.058,4.98,39.20,32.88,20.27,-4.14,-1.41,-2.73,4009.39,4007.44,1621,3900,0.0,85.7,12,1,CROSS=EMA9>EMA21;TREND=1;STRUCT=1;VOL=1;COOL=1;EMA50=1;VWAP=1;BIAS=1,0.00,0.00,23298.22,23298.22,days=17 trades=44 W=11 L=33 gross_profit=2135.54 gross_loss=2398.34 net=-262.80 PF=0.89 pips=-6019.0
1446,2026.07.01 12:45:00,2026.07.01 15:15:00,SKIP,XAUUSD,M15,496,FLAT,NA,DAY,0,0.00,0.00,0.00,0.00,1.00,0.00,0.00,0.00,0.00,0.00,0.00,0.00,0.00,0.00,0.00,0.00,0.00,0.00,3976.49,3976.31,3985.44,3975.18,3975.76,-1.141,8.01,27.95,54.47,59.78,-1.71,-4.20,2.49,3981.70,3981.74,3819,5966,85.7,0.0,10,1,CROSS=EMA9>EMA21;TREND=1;STRUCT=1;VOL=1;COOL=1;EMA50=1;VWAP=1;BIAS=1,0.00,0.00,23298.22,23298.22,outside the killzone window
1447,2026.07.01 22:45:00,2026.07.02 01:15:00,SKIP,XAUUSD,M15,496,FLAT,NA,DAY,0,0.00,0.00,0.00,0.00,1.00,0.00,0.00,0.00,0.00,0.00,0.00,0.00,0.00,0.00,0.00,0.00,0.00,0.00,4063.10,4063.71,4046.29,4065.40,4064.69,2.191,7.95,38.71,44.26,33.37,3.47,8.21,-4.75,4027.51,4053.90,3250,5391,14.3,71.4,7,1,CROSS=EMA9>EMA21;TREND=1;STRUCT=1;VOL=1;COOL=1;EMA50=1;VWAP=1;BIAS=1,0.00,0.00,23298.22,23298.22,outside the killzone window
1448,2026.07.02 04:15:00,2026.07.02 06:45:00,SKIP,XAUUSD,M15,496,FLAT,NA,DAY,0,0.00,0.00,0.00,0.00,1.00,0.00,0.00,0.00,0.00,0.00,0.00,0.00,0.00,0.00,0.00,0.00,0.00,0.00,4047.48,4047.05,4043.96,4043.04,4045.23,0.364,8.50,22.77,62.45,71.45,-0.89,-4.30,3.41,4044.89,4065.24,9530,3777,85.7,0.0,5,1,CROSS=EMA9>EMA21;TREND=1;STRUCT=1;VOL=1;COOL=1;EMA50=1;VWAP=1;BIAS=1,0.00,0.00,23298.22,23298.22,already positioned that way
1449,2026.07.02 14:15:00,2026.07.02 16:45:00,SKIP,XAUUSD,M15,496,FLAT,NA,EVENING,0,0.00,0.00,0.00,0.00,1.00,0.00,0.00,0.00,0.00,0.00,0.00,0.00,0.00,0.00,0.00,0.00,0.00,0.00,4066.33,4066.60,4061.62,4067.08,4066.93,0.580,8.58,25.22,47.38,45.71,0.78,2.44,-1.66,4060.36,4063.33,5550,4993,14.3,85.7,10,1,CROSS=EMA9<EMA21;TREND=1;STRUCT=1;VOL=1;COOL=1;EMA50=1;VWAP=0;BIAS=1,0.00,0.00,23298.22,23298.22,quality filter
1450,2026.07.02 14:45:00,2026.07.02 17:15:00,SKIP,XAUUSD,M15,496,FLAT,NA,EVENING,0,0.00,0.00,0.00,0.00,1.00,0.00,0.00,0.00,0.00,0.00,0.00,0.00,0.00,0.00,0.00,0.00,0.00,0.00,4067.16,4066.92,4062.14,4066.17,4066.50,0.589,8.12,23.86,55.06,59.71,0.94,1.69,-0.75,4060.59,4071.13,4883,4904,57.1,14.3,6,1,CROSS=EMA9>EMA21;TREND=1;STRUCT=1;VOL=1;COOL=1;EMA50=1;VWAP=1;BIAS=1,0.00,0.00,23298.22,23298.22,already positioned that way
1451,2026.07.02 15:15:00,2026.07.02 17:45:00,SKIP,XAUUSD,M15,496,FLAT,NA,EVENING,0,0.00,0.00,0.00,0.00,1.00,0.00,0.00,0.00,0.00,0.00,0.00,0.00,0.00,0.00,0.00,0.00,0.00,0.00,4066.28,4066.54,4062.34,4066.79,4066.78,0.521,8.06,19.94,48.15,46.04,0.44,1.12,-0.68,4060.84,4064.23,5722,4735,14.3,71.4,6,1,CROSS=EMA9<EMA21;TREND=1;STRUCT=1;VOL=1;COOL=1;EMA50=1;VWAP=0;BIAS=1,0.00,0.00,23298.22,23298.22,quality filter
1452,2026.07.02 15:45:00,2026.07.02 18:15:00,SKIP,XAUUSD,M15,496,FLAT,NA,EVENING,0,0.00,0.00,0.00,0.00,1.00,0.00,0.00,0.00,0.00,0.00,0.00,0.00,0.00,0.00,0.00,0.00,0.00,0.00,4079.29,4072.40,4065.19,4066.00,4066.39,0.635,11.35,20.44,79.52,79.61,5.53,1.32,4.21,4065.77,4132.47,28627,6002,85.7,0.0,8,1,CROSS=EMA9>EMA21;TREND=1;STRUCT=1;VOL=1;COOL=1;EMA50=1;VWAP=1;BIAS=1,0.00,0.00,23298.22,23298.22,already positioned that way
1453,2026.07.03 16:15:00,2026.07.03 18:45:00,ENTRY,XAUUSD,M15,498,SELL,FULLTGT,EVENING,0,4166.67,4178.99,4178.99,12.32,1.00,12.32,4154.35,4142.04,4129.72,4117.40,4105.08,0.09,0.09,0.09,4166.67,0.00,0.00,0.00,4175.72,4176.60,4168.60,4177.98,4177.60,1.300,6.16,22.46,39.01,30.23,0.38,2.26,-1.88,4169.61,4166.67,7530,3096,0.0,85.7,5,1,CROSS=EMA9<EMA21;TREND=1;STRUCT=1;VOL=1;COOL=1;EMA50=1;VWAP=1;BIAS=1,0.00,0.00,23297.90,23297.45,KZ=NY; KZR=NY H @ 4144.10 49 bars ago (high taken); EVENING 4PM-12AM IST session: stop x1.00 of usual; no partials; full size to TP5; SL steps BE->TP1->TP2->TP3
1454,2026.07.06 01:02:00,2026.07.06 03:32:00,EXIT_SL,XAUUSD,M15,498,SELL,FULLTGT,DAY,0,4166.67,4178.99,4178.99,12.32,1.00,12.32,4154.35,4142.04,4129.72,4117.40,4105.08,0.09,0.09,0.00,4179.07,0.00,-1.01,-108.23,4169.13,4170.13,4168.23,4167.68,4169.64,0.312,6.07,27.62,55.37,67.12,-1.34,-2.16,0.82,4169.22,4174.94,1750,3370,71.4,14.3,12,1,CROSS=EMA9<EMA21;TREND=1;STRUCT=1;VOL=1;COOL=1;EMA50=1;VWAP=1;BIAS=1,0.91,-1.77,23189.99,23189.99,stopped at the initial SL (x1.00 of usual)
1455,2026.07.06 01:15:00,2026.07.06 03:45:00,ENTRY,XAUUSD,M15,500,BUY,FULLTGT,DAY,0,4181.33,4168.46,4168.46,12.87,1.00,12.87,4194.20,4207.06,4219.93,4232.80,4245.66,0.09,0.09,0.09,4181.33,0.00,0.00,0.00,4171.57,4171.14,4168.74,4169.13,4170.13,0.373,6.43,29.69,61.37,75.05,-0.27,-1.91,1.64,4180.90,4181.30,6133,3511,85.7,14.3,5,1,CROSS=EMA9>EMA21;TREND=1;STRUCT=1;VOL=1;COOL=1;EMA50=1;VWAP=1;BIAS=1,0.00,0.00,23189.67,23189.22,KZ=ASIA; KZR=NY H @ 4186.36 0 bars ago (high taken); DAY 12AM-4PM IST session: stop x1.00 of usual; no partials; full size to TP5; SL steps BE->TP1->TP2->TP3
1456,2026.07.06 02:28:04,2026.07.06 04:58:04,SL_MOVE,XAUUSD,M15,500,BUY,FULLTGT,DAY,0,4181.33,4168.46,4181.33,12.87,1.00,12.87,4194.20,4207.06,4219.93,4232.80,4245.66,0.09,0.00,0.09,4181.33,1.00,0.00,0.00,4181.03,4176.33,4171.51,4179.39,4175.20,0.710,6.78,39.78,65.36,66.78,3.50,0.08,3.41,4184.49,4187.60,2305,3331,85.7,0.0,12,1,CROSS=EMA9>EMA21;TREND=1;STRUCT=1;VOL=1;COOL=1;EMA50=1;VWAP=1;BIAS=1,0.99,-0.30,23189.67,23306.58,stop to breakeven
1457,2026.07.06 02:28:04,2026.07.06 04:58:04,TP1_REACHED,XAUUSD,M15,500,BUY,FULLTGT,DAY,0,4181.33,4168.46,4181.33,12.87,1.00,12.87,4194.20,4207.06,4219.93,4232.80,4245.66,0.09,0.00,0.09,4194.20,1.00,1.00,0.00,4181.03,4176.33,4171.51,4179.39,4175.20,0.710,6.78,39.78,65.36,66.78,3.50,0.08,3.41,4184.49,4187.60,2305,3331,85.7,0.0,12,1,CROSS=EMA9>EMA21;TREND=1;STRUCT=1;VOL=1;COOL=1;EMA50=1;VWAP=1;BIAS=1,0.99,-0.30,23189.67,23306.58,full target: no partial booked
1458,2026.07.06 02:47:20,2026.07.06 05:17:20,EXIT_BE,XAUUSD,M15,500,BUY,FULLTGT,DAY,0,4181.33,4168.46,4181.33,12.87,1.00,12.87,4194.20,4207.06,4219.93,4232.80,4245.66,0.09,0.09,0.00,4181.23,0.00,-0.01,-1.54,4187.21,4180.14,4173.58,4184.90,4178.51,0.952,6.90,46.54,68.31,66.03,5.69,1.81,3.88,4187.33,4196.45,3046,3109,85.7,0.0,12,1,CROSS=EMA9>EMA21;TREND=1;STRUCT=1;VOL=1;COOL=1;EMA50=1;VWAP=1;BIAS=1,1.58,-0.30,23188.45,23188.45,stopped at breakeven
1459,2026.07.06 06:00:00,2026.07.06 08:30:00,ENTRY,XAUUSD,M15,502,SELL,FULLTGT,DAY,0,4174.12,4197.48,4197.48,23.36,1.00,23.36,4150.76,4127.39,4104.03,4080.66,4057.30,0.04,0.04,0.04,4174.12,0.00,0.00,0.00,4180.39,4181.07,4176.94,4181.96,4181.76,0.353,11.68,27.03,45.32,39.36,0.54,2.79,-2.25,4183.77,4174.14,5487,5780,0.0,85.7,12,1,CROSS=EMA9<EMA21;TREND=1;STRUCT=1;VOL=1;COOL=1;EMA50=1;VWAP=1;BIAS=1,0.00,0.00,23188.31,23187.83,KZ=ASIA; KZR=Asia H @ 4195.50 14 bars ago (high taken); DAY 12AM-4PM IST session: stop x1.00 of usual; no partials; full size to TP5; SL steps BE->TP1->TP2->TP3
1460,2026.07.06 08:21:53,2026.07.06 10:51:53,SL_MOVE,XAUUSD,M15,502,SELL,FULLTGT,DAY,0,4174.12,4197.48,4174.12,23.36,1.00,23.36,4150.76,4127.39,4104.03,4080.66,4057.30,0.04,0.00,0.04,4174.12,1.00,0.00,0.00,4162.57,4169.54,4172.30,4165.16,4171.28,-0.277,9.95,45.24,32.33,23.23,-5.95,-3.56,-2.39,4179.33,4152.20,3679,5437,0.0,85.7,5,1,CROSS=EMA9<EMA21;TREND=1;STRUCT=1;VOL=1;COOL=1;EMA50=1;VWAP=1;BIAS=1,1.00,-0.10,23188.31,23281.95,stop to breakeven
1461,2026.07.06 08:21:53,2026.07.06 10:51:53,TP1_REACHED,XAUUSD,M15,502,SELL,FULLTGT,DAY,0,4174.12,4197.48,4174.12,23.36,1.00,23.36,4150.76,4127.39,4104.03,4080.66,4057.30,0.04,0.00,0.04,4150.76,1.00,1.00,0.00,4162.57,4169.54,4172.30,4165.16,4171.28,-0.277,9.95,45.24,32.33,23.23,-5.95,-3.56,-2.39,4179.33,4152.20,3679,5437,0.0,85.7,5,1,CROSS=EMA9<EMA21;TREND=1;STRUCT=1;VOL=1;COOL=1;EMA50=1;VWAP=1;BIAS=1,1.00,-0.10,23188.31,23281.95,full target: no partial booked
1462,2026.07.06 20:00:00,2026.07.06 22:30:00,SKIP,XAUUSD,M15,502,SELL,FULLTGT,EVENING,0,4174.12,4197.48,4174.12,23.36,1.00,23.36,4150.76,4127.39,4104.03,4080.66,4057.30,0.04,0.00,0.00,0.00,0.00,0.00,0.00,4147.18,4146.31,4150.89,4145.21,4145.43,-0.504,9.10,20.50,56.81,64.66,-0.39,-2.59,2.20,4159.86,4155.05,3911,6272,57.1,14.3,11,1,CROSS=EMA9<EMA21;TREND=1;STRUCT=1;VOL=1;COOL=1;EMA50=1;VWAP=1;BIAS=1,1.95,-0.10,23188.31,23264.15,outside the killzone window
1463,2026.07.07 01:00:00,2026.07.07 03:30:00,DAY_SUMMARY,XAUUSD,M15,502,SELL,FULLTGT,DAY,0,4174.12,4197.48,4174.12,23.36,1.00,23.36,4150.76,4127.39,4104.03,4080.66,4057.30,0.04,0.00,0.00,0.00,0.00,-1.01,-109.77,4162.25,4158.48,4155.84,4161.60,4157.84,0.525,5.03,41.94,60.04,60.34,3.92,4.00,-0.08,4159.88,4164.87,853,2979,71.4,14.3,12,1,CROSS=EMA9<EMA21;TREND=1;STRUCT=1;VOL=1;COOL=1;EMA50=1;VWAP=1;BIAS=1,1.95,-0.10,23188.31,23220.57,2026.07.06 trades=2 W=0 L=2 gross_profit=0.00 gross_loss=109.77 net=-109.77 PF=0.00
1464,2026.07.07 03:45:00,2026.07.07 06:15:00,SKIP,XAUUSD,M15,502,SELL,FULLTGT,DAY,0,4174.12,4197.48,4174.12,23.36,1.00,23.36,4150.76,4127.39,4104.03,4080.66,4057.30,0.04,0.00,0.00,0.00,0.00,0.00,0.00,4158.78,4159.63,4157.70,4161.04,4160.62,0.412,4.69,37.81,38.28,26.04,0.37,2.67,-2.30,4158.97,4149.73,5251,2397,0.0,100.0,12,1,CROSS=EMA9<EMA21;TREND=1;STRUCT=1;VOL=1;COOL=1;EMA50=1;VWAP=1;BIAS=1,1.95,-0.10,23188.31,23287.09,already positioned that way
1465,2026.07.07 04:27:49,2026.07.07 06:57:49,SL_MOVE,XAUUSD,M15,502,SELL,FULLTGT,DAY,0,4174.12,4197.48,4150.76,23.36,1.00,23.36,4150.76,4127.39,4104.03,4080.66,4057.30,0.04,0.00,0.04,4150.76,2.00,0.00,0.00,4153.35,4156.89,4156.64,4156.24,4158.40,0.050,5.07,42.44,31.70,19.68,-1.92,1.49,-3.41,4153.84,4141.78,10135,2893,0.0,100.0,12,1,CROSS=EMA9<EMA21;TREND=1;STRUCT=1;VOL=1;COOL=1;EMA50=1;VWAP=1;BIAS=1,2.00,-0.10,23188.31,23377.77,stop trailed to TP1
1466,2026.07.07 04:27:49,2026.07.07 06:57:49,TP2_REACHED,XAUUSD,M15,502,SELL,FULLTGT,DAY,0,4174.12,4197.48,4150.76,23.36,1.00,23.36,4150.76,4127.39,4104.03,4080.66,4057.30,0.04,0.00,0.04,4127.39,2.00,2.00,0.00,4153.35,4156.89,4156.64,4156.24,4158.40,0.050,5.07,42.44,31.70,19.68,-1.92,1.49,-3.41,4153.84,4141.78,10135,2893,0.0,100.0,12,1,CROSS=EMA9<EMA21;TREND=1;STRUCT=1;VOL=1;COOL=1;EMA50=1;VWAP=1;BIAS=1,2.00,-0.10,23188.31,23377.77,full target: no partial booked
1467,2026.07.07 13:30:00,2026.07.07 16:00:00,FLIP,XAUUSD,M15,502,SELL,FULLTGT,EVENING,0,4174.12,4197.48,4150.76,23.36,1.00,23.36,4150.76,4127.39,4104.03,4080.66,4057.30,0.04,0.00,0.00,4137.52,0.00,1.57,0.00,4131.60,4131.42,4136.69,4130.13,4130.82,-0.671,7.86,27.96,54.69,60.78,-0.97,-2.19,1.22,4136.15,4137.47,3088,4366,85.7,0.0,5,1,CROSS=EMA9>EMA21;TREND=1;STRUCT=1;VOL=1;COOL=1;EMA50=1;VWAP=1;BIAS=1,2.46,-0.10,23188.31,23336.49,opposite signal before SL/target | SELL -> BUY | closing trade 502
1468,2026.07.07 13:30:00,2026.07.07 16:00:00,EXIT_FLIP,XAUUSD,M15,502,SELL,FULLTGT,EVENING,0,4174.12,4197.48,4150.76,23.36,1.00,23.36,4150.76,4127.39,4104.03,4080.66,4057.30,0.04,0.04,0.00,4137.52,0.00,1.57,0.00,4131.60,4131.42,4136.69,4130.13,4130.82,-0.671,7.86,27.96,54.69,60.78,-0.97,-2.19,1.22,4136.15,4137.47,3088,4366,85.7,0.0,5,1,CROSS=EMA9>EMA21;TREND=1;STRUCT=1;VOL=1;COOL=1;EMA50=1;VWAP=1;BIAS=1,2.46,-0.10,23336.35,23336.35,FLIP exit
1469,2026.07.07 13:30:00,2026.07.07 16:00:00,EXIT_OTHER,XAUUSD,M15,502,SELL,FULLTGT,EVENING,0,4174.12,4197.48,4150.76,23.36,1.00,23.36,4150.76,4127.39,4104.03,4080.66,4057.30,0.04,0.04,0.00,4137.52,0.00,1.57,147.90,4131.60,4131.42,4136.69,4130.13,4130.82,-0.671,7.86,27.96,54.69,60.78,-0.97,-2.19,1.22,4136.15,4137.47,3088,4366,85.7,0.0,5,1,CROSS=EMA9>EMA21;TREND=1;STRUCT=1;VOL=1;COOL=1;EMA50=1;VWAP=1;BIAS=1,2.46,-0.10,23336.35,23336.35,FLIP exit
1470,2026.07.07 13:30:00,2026.07.07 16:00:00,ENTRY,XAUUSD,M15,504,BUY,FULLTGT,EVENING,502,4137.52,4121.80,4121.80,15.72,1.00,15.72,4153.24,4168.96,4184.67,4200.39,4216.11,0.07,0.07,0.07,4137.52,0.00,0.00,0.00,4131.60,4131.42,4136.69,4130.13,4130.82,-0.671,7.86,27.96,54.69,60.78,-0.97,-2.19,1.22,4136.15,4137.47,3088,4366,85.7,0.0,5,1,CROSS=EMA9>EMA21;TREND=1;STRUCT=1;VOL=1;COOL=1;EMA50=1;VWAP=1;BIAS=1,0.00,0.00,23336.10,23335.75,KZ=NY; KZR=Asia H @ 4195.50 140 bars ago (high taken); EVENING 4PM-12AM IST session: stop x1.00 of usual; no partials; full size to TP5; SL steps BE->TP1->TP2->TP3; flipped from trade 502
1471,2026.07.07 14:57:45,2026.07.07 17:27:45,SL_MOVE,XAUUSD,M15,504,BUY,FULLTGT,EVENING,502,4137.52,4121.80,4137.52,15.72,1.00,15.72,4153.24,4168.96,4184.67,4200.39,4216.11,0.07,0.00,0.07,4137.52,1.00,0.00,0.00,4137.79,4134.64,4137.21,4135.13,4133.26,-0.344,7.47,22.49,62.66,73.31,1.82,-0.60,2.42,4136.34,4148.44,3903,3817,85.7,0.0,8,1,CROSS=EMA9>EMA21;TREND=1;STRUCT=1;VOL=1;COOL=1;EMA50=1;VWAP=1;BIAS=1,1.00,-0.36,23336.10,23446.14,stop to breakeven
1472,2026.07.07 14:57:45,2026.07.07 17:27:45,TP1_REACHED,XAUUSD,M15,504,BUY,FULLTGT,EVENING,502,4137.52,4121.80,4137.52,15.72,1.00,15.72,4153.24,4168.96,4184.67,4200.39,4216.11,0.07,0.00,0.07,4153.24,1.00,1.00,0.00,4137.79,4134.64,4137.21,4135.13,4133.26,-0.344,7.47,22.49,62.66,73.31,1.82,-0.60,2.42,4136.34,4148.44,3903,3817,85.7,0.0,8,1,CROSS=EMA9>EMA21;TREND=1;STRUCT=1;VOL=1;COOL=1;EMA50=1;VWAP=1;BIAS=1,1.00,-0.36,23336.10,23446.14,full target: no partial booked
1473,2026.07.07 15:09:42,2026.07.07 17:39:42,SL_MOVE,XAUUSD,M15,504,BUY,FULLTGT,EVENING,502,4137.52,4121.80,4153.24,15.72,1.00,15.72,4153.24,4168.96,4184.67,4200.39,4216.11,0.07,0.00,0.07,4153.24,2.00,0.00,0.00,4141.67,4136.69,4137.99,4137.79,4134.64,-0.170,7.64,25.79,67.82,79.91,3.34,0.04,3.31,4136.69,4157.19,4440,3848,100.0,0.0,10,1,CROSS=EMA9>EMA21;TREND=1;STRUCT=1;VOL=1;COOL=1;EMA50=1;VWAP=1;BIAS=1,1.99,-0.36,23336.10,23556.60,stop trailed to TP1
1474,2026.07.07 15:09:42,2026.07.07 17:39:42,TP2_REACHED,XAUUSD,M15,504,BUY,FULLTGT,EVENING,502,4137.52,4121.80,4153.24,15.72,1.00,15.72,4153.24,4168.96,4184.67,4200.39,4216.11,0.07,0.00,0.07,4168.96,2.00,2.00,0.00,4141.67,4136.69,4137.99,4137.79,4134.64,-0.170,7.64,25.79,67.82,79.91,3.34,0.04,3.31,4136.69,4157.19,4440,3848,100.0,0.0,10,1,CROSS=EMA9>EMA21;TREND=1;STRUCT=1;VOL=1;COOL=1;EMA50=1;VWAP=1;BIAS=1,1.99,-0.36,23336.10,23556.60,full target: no partial booked
1475,2026.07.07 17:04:48,2026.07.07 19:34:48,EXIT_TRAIL_SL,XAUUSD,M15,504,BUY,FULLTGT,EVENING,502,4137.52,4121.80,4153.24,15.72,1.00,15.72,4153.24,4168.96,4184.67,4200.39,4216.11,0.07,0.07,0.00,4153.23,0.00,1.00,109.47,4163.84,4153.83,4146.49,4165.14,4153.35,0.725,10.13,47.51,54.80,45.53,9.68,8.16,1.52,4144.55,4158.68,11303,5910,57.1,42.9,10,1,CROSS=EMA9>EMA21;TREND=1;STRUCT=1;VOL=1;COOL=1;EMA50=1;VWAP=1;BIAS=1,2.74,-0.36,23445.82,23445.82,stopped at a trailed level
1476,2026.07.07 19:00:00,2026.07.07 21:30:00,SKIP,XAUUSD,M15,504,FLAT,NA,EVENING,502,0.00,0.00,0.00,0.00,1.00,0.00,0.00,0.00,0.00,0.00,0.00,0.00,0.00,0.00,0.00,0.00,0.00,0.00,4149.64,4150.85,4147.15,4152.26,4152.02,0.340,10.90,36.61,42.98,36.01,0.99,5.39,-4.40,4145.78,4139.14,6575,7932,0.0,85.7,5,1,CROSS=EMA9>EMA21;TREND=1;STRUCT=1;VOL=1;COOL=1;EMA50=1;VWAP=1;BIAS=1,0.00,0.00,23445.82,23445.82,outside the killzone window
1477,2026.07.08 01:00:00,2026.07.08 03:30:00,DAY_SUMMARY,XAUUSD,M15,504,FLAT,NA,DAY,502,0.00,0.00,0.00,0.00,1.00,0.00,0.00,0.00,0.00,0.00,0.00,0.00,0.00,0.00,0.00,0.00,2.57,257.37,4113.80,4125.31,4135.18,4115.80,4127.26,-1.250,7.89,50.33,30.71,35.41,-10.94,-8.50,-2.44,4141.54,4105.80,1562,4872,0.0,85.7,12,1,CROSS=EMA9>EMA21;TREND=1;STRUCT=1;VOL=1;COOL=1;EMA50=1;VWAP=1;BIAS=1,0.00,0.00,23445.82,23445.82,2026.07.07 trades=2 W=2 L=0 gross_profit=257.37 gross_loss=0.00 net=257.37 PF=0.00
1478,2026.07.08 05:45:00,2026.07.08 08:15:00,SKIP,XAUUSD,M15,504,FLAT,NA,DAY,502,0.00,0.00,0.00,0.00,1.00,0.00,0.00,0.00,0.00,0.00,0.00,0.00,0.00,0.00,0.00,0.00,0.00,0.00,4112.48,4112.08,4120.69,4110.52,4111.25,-0.922,9.34,25.67,55.32,61.31,-1.92,-4.95,3.03,4107.93,4120.33,7147,5955,100.0,0.0,5,1,CROSS=EMA9>EMA21;TREND=1;STRUCT=1;VOL=1;COOL=1;EMA50=1;VWAP=1;BIAS=1,0.00,0.00,23445.82,23445.82,already positioned that way
1479,2026.07.08 11:30:00,2026.07.08 14:00:00,ENTRY,XAUUSD,M15,506,SELL,FULLTGT,DAY,0,4088.86,4105.41,4105.41,16.55,1.00,16.55,4072.31,4055.75,4039.20,4022.64,4006.09,0.07,0.07,0.07,4088.86,0.00,0.00,0.00,4115.89,4119.48,4121.58,4122.65,4122.54,-0.253,8.28,27.61,28.98,26.33,-2.01,1.70,-3.71,4114.65,4088.86,24553,6200,0.0,100.0,7,1,CROSS=EMA9<EMA21;TREND=1;STRUCT=1;VOL=1;COOL=1;EMA50=1;VWAP=1;BIAS=1,0.00,0.00,23445.57,23445.08,KZ=LONDON; KZR=Asia H @ 4195.50 228 bars ago (high taken); DAY 12AM-4PM IST session: stop x1.00 of usual; no partials; full size to TP5; SL steps BE->TP1->TP2->TP3
1480,2026.07.08 11:37:05,2026.07.08 14:07:05,SL_MOVE,XAUUSD,M15,506,SELL,FULLTGT,DAY,0,4088.86,4105.41,4088.86,16.55,1.00,16.55,4072.31,4055.75,4039.20,4022.64,4006.09,0.07,0.00,0.07,4088.86,1.00,0.00,0.00,4115.89,4119.48,4121.58,4122.65,4122.54,-0.253,8.28,27.61,28.98,24.03,-2.01,1.70,-3.71,4114.65,4088.86,24553,6200,0.0,100.0,10,1,CROSS=EMA9<EMA21;TREND=1;STRUCT=1;VOL=1;COOL=1;EMA50=1;VWAP=1;BIAS=1,0.99,-0.20,23445.57,23562.19,stop to breakeven
1481,2026.07.08 11:37:05,2026.07.08 14:07:05,TP1_REACHED,XAUUSD,M15,506,SELL,FULLTGT,DAY,0,4088.86,4105.41,4088.86,16.55,1.00,16.55,4072.31,4055.75,4039.20,4022.64,4006.09,0.07,0.00,0.07,4072.31,1.00,1.00,0.00,4115.89,4119.48,4121.58,4122.65,4122.54,-0.253,8.28,27.61,28.98,24.03,-2.01,1.70,-3.71,4114.65,4088.86,24553,6200,0.0,100.0,10,1,CROSS=EMA9<EMA21;TREND=1;STRUCT=1;VOL=1;COOL=1;EMA50=1;VWAP=1;BIAS=1,0.99,-0.20,23445.57,23562.19,full target: no partial booked
1482,2026.07.08 11:56:44,2026.07.08 14:26:44,SL_MOVE,XAUUSD,M15,506,SELL,FULLTGT,DAY,0,4088.86,4105.41,4072.31,16.55,1.00,16.55,4072.31,4055.75,4039.20,4022.64,4006.09,0.07,0.00,0.07,4072.31,2.00,0.00,0.00,4105.88,4114.60,4119.39,4115.89,4119.48,-0.505,9.48,31.83,22.06,18.64,-6.00,0.64,-6.64,4112.04,4065.82,17403,6833,0.0,100.0,11,1,CROSS=EMA9<EMA21;TREND=1;STRUCT=1;VOL=1;COOL=1;EMA50=1;VWAP=1;BIAS=1,2.00,-0.20,23445.57,23677.41,stop trailed to TP1
1483,2026.07.08 11:56:44,2026.07.08 14:26:44,TP2_REACHED,XAUUSD,M15,506,SELL,FULLTGT,DAY,0,4088.86,4105.41,4072.31,16.55,1.00,16.55,4072.31,4055.75,4039.20,4022.64,4006.09,0.07,0.00,0.07,4055.75,2.00,2.00,0.00,4105.88,4114.60,4119.39,4115.89,4119.48,-0.505,9.48,31.83,22.06,18.64,-6.00,0.64,-6.64,4112.04,4065.82,17403,6833,0.0,100.0,11,1,CROSS=EMA9<EMA21;TREND=1;STRUCT=1;VOL=1;COOL=1;EMA50=1;VWAP=1;BIAS=1,2.00,-0.20,23445.57,23677.41,full target: no partial booked
1484,2026.07.08 14:46:41,2026.07.08 17:16:41,EXIT_TRAIL_SL,XAUUSD,M15,506,SELL,FULLTGT,EVENING,0,4088.86,4105.41,4072.31,16.55,1.00,16.55,4072.31,4055.75,4039.20,4022.64,4006.09,0.07,0.07,0.00,4072.36,0.00,1.00,115.00,4057.70,4072.75,4094.03,4055.97,4073.56,-1.763,12.08,31.42,40.63,58.10,-16.72,-18.70,1.97,4097.00,4064.59,9094,8439,57.1,42.9,10,1,CROSS=EMA9<EMA21;TREND=1;STRUCT=1;VOL=1;COOL=1;EMA50=1;VWAP=1;BIAS=1,2.92,-0.20,23560.82,23560.82,stopped at a trailed level
1485,2026.07.08 20:45:00,2026.07.08 23:15:00,SKIP,XAUUSD,M15,506,FLAT,NA,EVENING,0,0.00,0.00,0.00,0.00,1.00,0.00,0.00,0.00,0.00,0.00,0.00,0.00,0.00,0.00,0.00,0.00,0.00,0.00,4059.01,4057.53,4070.66,4056.27,4056.28,-1.084,12.12,37.40,56.77,67.70,-1.98,-8.36,6.38,4080.56,4069.94,5674,11440,71.4,14.3,7,1,CROSS=EMA9<EMA21;TREND=1;STRUCT=1;VOL=1;COOL=1;EMA50=1;VWAP=1;BIAS=1,0.00,0.00,23560.82,23560.82,outside the killzone window
1486,2026.07.09 01:00:00,2026.07.09 03:30:00,DAY_SUMMARY,XAUUSD,M15,506,FLAT,NA,DAY,0,0.00,0.00,0.00,0.00,1.00,0.00,0.00,0.00,0.00,0.00,0.00,0.00,0.00,0.00,0.00,0.00,1.00,115.00,4077.63,4072.76,4073.98,4077.69,4072.30,-0.141,8.69,27.97,54.94,49.69,4.72,5.35,-0.63,4080.32,4077.39,2842,6896,28.6,57.1,12,1,CROSS=EMA9<EMA21;TREND=1;STRUCT=1;VOL=1;COOL=1;EMA50=1;VWAP=1;BIAS=1,0.00,0.00,23560.82,23560.82,2026.07.08 trades=1 W=1 L=0 gross_profit=115.00 gross_loss=0.00 net=115.00 PF=0.00
1487,2026.07.09 04:30:00,2026.07.09 07:00:00,SKIP,XAUUSD,M15,506,FLAT,NA,DAY,0,0.00,0.00,0.00,0.00,1.00,0.00,0.00,0.00,0.00,0.00,0.00,0.00,0.00,0.00,0.00,0.00,0.00,0.00,4074.78,4074.98,4074.91,4076.80,4075.81,0.010,6.94,22.07,42.23,38.64,0.82,2.46,-1.64,4076.22,4066.70,7535,4531,0.0,85.7,12,1,CROSS=EMA9<EMA21;TREND=1;STRUCT=1;VOL=1;COOL=1;EMA50=1;VWAP=1;BIAS=1,0.00,0.00,23560.82,23560.82,already positioned that way
1488,2026.07.09 05:15:00,2026.07.09 07:45:00,ENTRY,XAUUSD,M15,508,BUY,FULLTGT,DAY,0,4078.60,4063.81,4063.81,14.79,1.00,14.79,4093.39,4108.18,4122.97,4137.76,4152.55,0.07,0.07,0.07,4078.60,0.00,0.00,0.00,4075.04,4075.01,4074.92,4074.16,4074.65,0.012,7.39,23.22,53.96,56.10,0.67,1.71,-1.04,4075.44,4078.55,6123,4537,71.4,14.3,5,1,CROSS=EMA9>EMA21;TREND=1;STRUCT=1;VOL=1;COOL=1;EMA50=1;VWAP=1;BIAS=1,0.00,0.00,23560.57,23560.22,KZ=ASIA; KZR=Asia L @ 4030.86 43 bars ago (low taken); DAY 12AM-4PM IST session: stop x1.00 of usual; no partials; full size to TP5; SL steps BE->TP1->TP2->TP3
1489,2026.07.09 05:45:00,2026.07.09 08:15:00,FLIP,XAUUSD,M15,508,BUY,FULLTGT,DAY,0,4078.60,4063.81,4063.81,14.79,1.00,14.79,4093.39,4108.18,4122.97,4137.76,4152.55,0.07,0.00,0.00,4070.82,0.00,-0.53,0.00,4075.06,4075.07,4074.97,4076.12,4075.50,0.014,7.62,20.43,46.48,43.95,0.53,1.19,-0.65,4075.55,4070.82,5422,4573,0.0,85.7,6,1,CROSS=EMA9<EMA21;TREND=1;STRUCT=1;VOL=1;COOL=1;EMA50=1;VWAP=1;BIAS=1,0.27,-0.59,23560.57,23506.11,opposite signal before SL/target | BUY -> SELL | closing trade 508
1490,2026.07.09 05:45:00,2026.07.09 08:15:00,EXIT_FLIP,XAUUSD,M15,508,BUY,FULLTGT,DAY,0,4078.60,4063.81,4063.81,14.79,1.00,14.79,4093.39,4108.18,4122.97,4137.76,4152.55,0.07,0.07,0.00,4070.82,0.00,-0.53,0.00,4075.06,4075.07,4074.97,4076.12,4075.50,0.014,7.62,20.43,46.48,43.95,0.53,1.19,-0.65,4075.55,4070.82,5422,4573,0.0,85.7,6,1,CROSS=EMA9<EMA21;TREND=1;STRUCT=1;VOL=1;COOL=1;EMA50=1;VWAP=1;BIAS=1,0.27,-0.59,23505.86,23505.86,FLIP exit
1491,2026.07.09 05:45:00,2026.07.09 08:15:00,EXIT_OTHER,XAUUSD,M15,508,BUY,FULLTGT,DAY,0,4078.60,4063.81,4063.81,14.79,1.00,14.79,4093.39,4108.18,4122.97,4137.76,4152.55,0.07,0.07,0.00,4070.82,0.00,-0.53,-54.96,4075.06,4075.07,4074.97,4076.12,4075.50,0.014,7.62,20.43,46.48,43.95,0.53,1.19,-0.65,4075.55,4070.82,5422,4573,0.0,85.7,6,1,CROSS=EMA9<EMA21;TREND=1;STRUCT=1;VOL=1;COOL=1;EMA50=1;VWAP=1;BIAS=1,0.27,-0.59,23505.86,23505.86,FLIP exit
1492,2026.07.09 05:45:00,2026.07.09 08:15:00,ENTRY,XAUUSD,M15,510,SELL,FULLTGT,DAY,508,4070.82,4086.06,4086.06,15.24,1.00,15.24,4055.58,4040.33,4025.09,4009.85,3994.61,0.07,0.07,0.07,4070.82,0.00,0.00,0.00,4075.06,4075.07,4074.97,4076.12,4075.50,0.014,7.62,20.43,46.48,43.95,0.53,1.19,-0.65,4075.55,4070.82,5422,4573,0.0,85.7,6,1,CROSS=EMA9<EMA21;TREND=1;STRUCT=1;VOL=1;COOL=1;EMA50=1;VWAP=1;BIAS=1,0.00,0.00,23505.61,23505.19,KZ=ASIA; KZR=Asia L @ 4030.86 45 bars ago (low taken); DAY 12AM-4PM IST session: stop x1.00 of usual; no partials; full size to TP5; SL steps BE->TP1->TP2->TP3; flipped from trade 508
1493,2026.07.09 06:13:17,2026.07.09 08:43:17,SL_MOVE,XAUUSD,M15,510,SELL,FULLTGT,DAY,508,4070.82,4086.06,4070.82,15.24,1.00,15.24,4055.58,4040.33,4025.09,4009.85,3994.61,0.07,0.00,0.07,4070.82,1.00,0.00,0.00,4073.05,4074.16,4074.58,4075.06,4075.07,-0.055,7.64,21.74,41.98,33.88,-0.32,0.85,-1.17,4074.99,4065.00,6204,4741,0.0,85.7,12,1,CROSS=EMA9<EMA21;TREND=1;STRUCT=1;VOL=1;COOL=1;EMA50=1;VWAP=1;BIAS=1,0.99,-0.07,23505.61,23612.43,stop to breakeven
1494,2026.07.09 06:13:17,2026.07.09 08:43:17,TP1_REACHED,XAUUSD,M15,510,SELL,FULLTGT,DAY,508,4070.82,4086.06,4070.82,15.24,1.00,15.24,4055.58,4040.33,4025.09,4009.85,3994.61,0.07,0.00,0.07,4055.58,1.00,1.00,0.00,4073.05,4074.16,4074.58,4075.06,4075.07,-0.055,7.64,21.74,41.98,33.88,-0.32,0.85,-1.17,4074.99,4065.00,6204,4741,0.0,85.7,12,1,CROSS=EMA9<EMA21;TREND=1;STRUCT=1;VOL=1;COOL=1;EMA50=1;VWAP=1;BIAS=1,0.99,-0.07,23505.61,23612.43,full target: no partial booked
1495,2026.07.09 08:01:27,2026.07.09 10:31:27,EXIT_BE,XAUUSD,M15,510,SELL,FULLTGT,DAY,508,4070.82,4086.06,4070.82,15.24,1.00,15.24,4055.58,4040.33,4025.09,4009.85,3994.61,0.07,0.07,0.00,4070.82,0.00,-0.00,-0.50,4062.97,4067.01,4070.77,4062.62,4067.28,-0.447,8.42,27.49,46.28,51.64,-3.67,-2.73,-0.94,4071.28,4064.38,2969,5480,28.6,57.1,12,1,CROSS=EMA9<EMA21;TREND=1;STRUCT=1;VOL=1;COOL=1;EMA50=1;VWAP=1;BIAS=1,1.08,-0.07,23505.36,23505.36,stopped at breakeven
1496,2026.07.09 09:00:00,2026.07.09 11:30:00,ENTRY,XAUUSD,M15,512,BUY,FULLTGT,DAY,0,4082.19,4065.09,4065.09,17.10,1.00,17.10,4099.29,4116.40,4133.50,4150.60,4167.70,0.06,0.06,0.06,4082.19,0.00,0.00,0.00,4071.10,4069.94,4071.55,4068.36,4068.73,-0.188,8.55,26.42,61.20,69.28,0.13,-2.56,2.69,4071.65,4082.08,5627,5439,100.0,0.0,11,1,CROSS=EMA9>EMA21;TREND=1;STRUCT=1;VOL=1;COOL=1;EMA50=1;VWAP=1;BIAS=1,0.00,0.00,23505.15,23504.49,KZ=LONDON; KZR=Asia L @ 4030.86 58 bars ago (low taken); DAY 12AM-4PM IST session: stop x1.00 of usual; no partials; full size to TP5; SL steps BE->TP1->TP2->TP3
1497,2026.07.09 09:00:42,2026.07.09 11:30:42,SL_MOVE,XAUUSD,M15,512,BUY,FULLTGT,DAY,0,4082.19,4065.09,4082.19,17.10,1.00,17.10,4099.29,4116.40,4133.50,4150.60,4167.70,0.06,0.00,0.06,4082.19,1.00,0.00,0.00,4071.10,4069.94,4071.55,4068.36,4068.73,-0.188,8.55,26.42,61.20,69.28,0.13,-2.56,2.69,4071.65,4082.08,5627,5439,100.0,0.0,9,1,CROSS=EMA9>EMA21;TREND=1;STRUCT=1;VOL=1;COOL=1;EMA50=1;VWAP=1;BIAS=1,1.00,-0.04,23505.15,23608.41,stop to breakeven
1498,2026.07.09 09:00:42,2026.07.09 11:30:42,TP1_REACHED,XAUUSD,M15,512,BUY,FULLTGT,DAY,0,4082.19,4065.09,4082.19,17.10,1.00,17.10,4099.29,4116.40,4133.50,4150.60,4167.70,0.06,0.00,0.06,4099.29,1.00,1.00,0.00,4071.10,4069.94,4071.55,4068.36,4068.73,-0.188,8.55,26.42,61.20,69.28,0.13,-2.56,2.69,4071.65,4082.08,5627,5439,100.0,0.0,9,1,CROSS=EMA9>EMA21;TREND=1;STRUCT=1;VOL=1;COOL=1;EMA50=1;VWAP=1;BIAS=1,1.00,-0.04,23505.15,23608.41,full target: no partial booked
1499,2026.07.09 11:23:22,2026.07.09 13:53:22,SL_MOVE,XAUUSD,M15,512,BUY,FULLTGT,DAY,0,4082.19,4065.09,4099.29,17.10,1.00,17.10,4099.29,4116.40,4133.50,4150.60,4167.70,0.06,0.00,0.06,4099.29,2.00,0.00,0.00,4101.81,4090.47,4081.68,4100.23,4088.70,1.038,8.46,56.60,69.72,63.34,10.44,7.42,3.01,4079.78,4108.16,5757,5101,100.0,0.0,10,1,CROSS=EMA9>EMA21;TREND=1;STRUCT=1;VOL=1;COOL=1;EMA50=1;VWAP=1;BIAS=1,1.99,-0.04,23505.15,23710.65,stop trailed to TP1
1500,2026.07.09 11:23:22,2026.07.09 13:53:22,TP2_REACHED,XAUUSD,M15,512,BUY,FULLTGT,DAY,0,4082.19,4065.09,4099.29,17.10,1.00,17.10,4099.29,4116.40,4133.50,4150.60,4167.70,0.06,0.00,0.06,4116.40,2.00,2.00,0.00,4101.81,4090.47,4081.68,4100.23,4088.70,1.038,8.46,56.60,69.72,63.34,10.44,7.42,3.01,4079.78,4108.16,5757,5101,100.0,0.0,10,1,CROSS=EMA9>EMA21;TREND=1;STRUCT=1;VOL=1;COOL=1;EMA50=1;VWAP=1;BIAS=1,1.99,-0.04,23505.15,23710.65,full target: no partial booked
1501,2026.07.09 13:51:49,2026.07.09 16:21:49,EXIT_TRAIL_SL,XAUUSD,M15,512,BUY,FULLTGT,EVENING,0,4082.19,4065.09,4099.29,17.10,1.00,17.10,4099.29,4116.40,4133.50,4150.60,4167.70,0.06,0.06,0.00,4099.22,0.00,1.00,101.76,4105.47,4100.55,4090.15,4105.97,4100.26,1.385,7.51,30.32,57.33,37.95,6.67,9.14,-2.47,4083.95,4103.47,2651,4661,42.9,42.9,8,1,CROSS=EMA9>EMA21;TREND=1;STRUCT=1;VOL=1;COOL=1;EMA50=1;VWAP=1;BIAS=1,2.08,-0.04,23607.12,23607.12,stopped at a trailed level
1502,2026.07.09 22:45:00,2026.07.10 01:15:00,SKIP,XAUUSD,M15,512,FLAT,NA,DAY,0,0.00,0.00,0.00,0.00,1.00,0.00,0.00,0.00,0.00,0.00,0.00,0.00,0.00,0.00,0.00,0.00,0.00,0.00,4124.74,4124.81,4116.16,4125.85,4125.26,1.562,5.53,22.08,45.84,34.33,1.68,4.18,-2.50,4101.47,4120.30,2731,4335,14.3,57.1,7,1,CROSS=EMA9>EMA21;TREND=1;STRUCT=1;VOL=1;COOL=1;EMA50=1;VWAP=1;BIAS=1,0.00,0.00,23607.12,23607.12,outside the killzone window
1503,2026.07.10 01:00:00,2026.07.10 03:30:00,DAY_SUMMARY,XAUUSD,M15,512,FLAT,NA,DAY,0,0.00,0.00,0.00,0.00,1.00,0.00,0.00,0.00,0.00,0.00,0.00,0.00,0.00,0.00,0.00,0.00,0.47,46.30,4123.48,4124.02,4117.34,4123.46,4124.06,1.418,4.71,17.04,50.60,49.88,0.55,1.64,-1.09,4101.92,4123.57,1493,3263,28.6,42.9,8,1,CROSS=EMA9>EMA21;TREND=1;STRUCT=1;VOL=1;COOL=1;EMA50=1;VWAP=1;BIAS=1,0.00,0.00,23607.12,23607.12,2026.07.09 trades=3 W=1 L=2 gross_profit=101.76 gross_loss=55.46 net=46.30 PF=1.83
1504,2026.07.10 04:15:00,2026.07.10 06:45:00,SKIP,XAUUSD,M15,512,FLAT,NA,DAY,0,0.00,0.00,0.00,0.00,1.00,0.00,0.00,0.00,0.00,0.00,0.00,0.00,0.00,0.00,0.00,0.00,0.00,0.00,4123.67,4123.57,4119.75,4123.31,4123.41,0.855,4.46,17.27,53.48,54.70,0.23,0.02,0.20,4123.40,4125.12,7735,2502,71.4,14.3,11,1,CROSS=EMA9>EMA21;TREND=1;STRUCT=1;VOL=1;COOL=1;EMA50=1;VWAP=1;BIAS=1,0.00,0.00,23607.12,23607.12,already positioned that way
1505,2026.07.10 04:30:00,2026.07.10 07:00:00,ENTRY,XAUUSD,M15,514,SELL,FULLTGT,DAY,0,4121.69,4130.90,4130.90,9.21,1.00,9.21,4112.48,4103.27,4094.06,4084.86,4075.65,0.12,0.12,0.12,4121.69,0.00,0.00,0.00,4123.27,4123.40,4119.83,4123.67,4123.57,0.774,4.60,17.41,47.32,47.21,0.06,0.01,0.05,4123.36,4121.68,6228,2700,14.3,71.4,7,1,CROSS=EMA9<EMA21;TREND=1;STRUCT=1;VOL=1;COOL=1;EMA50=1;VWAP=1;BIAS=1,0.00,0.00,23606.70,23605.86,KZ=ASIA; KZR=Asia L @ 4030.86 136 bars ago (low taken); DAY 12AM-4PM IST session: stop x1.00 of usual; no partials; full size to TP5; SL steps BE->TP1->TP2->TP3
1506,2026.07.10 04:39:35,2026.07.10 07:09:35,SL_MOVE,XAUUSD,M15,514,SELL,FULLTGT,DAY,0,4121.69,4130.90,4121.69,9.21,1.00,9.21,4112.48,4103.27,4094.06,4084.86,4075.65,0.12,0.00,0.12,4121.69,1.00,0.00,0.00,4123.27,4123.40,4119.83,4123.67,4123.57,0.774,4.60,17.41,47.32,44.29,0.06,0.01,0.05,4123.36,4121.68,6228,2700,14.3,71.4,12,1,CROSS=EMA9<EMA21;TREND=1;STRUCT=1;VOL=1;COOL=1;EMA50=1;VWAP=1;BIAS=1,1.00,-0.21,23606.70,23718.54,stop to breakeven
1507,2026.07.10 04:39:35,2026.07.10 07:09:35,TP1_REACHED,XAUUSD,M15,514,SELL,FULLTGT,DAY,0,4121.69,4130.90,4121.69,9.21,1.00,9.21,4112.48,4103.27,4094.06,4084.86,4075.65,0.12,0.00,0.12,4112.48,1.00,1.00,0.00,4123.27,4123.40,4119.83,4123.67,4123.57,0.774,4.60,17.41,47.32,44.29,0.06,0.01,0.05,4123.36,4121.68,6228,2700,14.3,71.4,12,1,CROSS=EMA9<EMA21;TREND=1;STRUCT=1;VOL=1;COOL=1;EMA50=1;VWAP=1;BIAS=1,1.00,-0.21,23606.70,23718.54,full target: no partial booked
1508,2026.07.10 05:08:18,2026.07.10 07:38:18,EXIT_BE,XAUUSD,M15,514,SELL,FULLTGT,DAY,0,4121.69,4130.90,4121.69,9.21,1.00,9.21,4112.48,4103.27,4094.06,4084.86,4075.65,0.12,0.12,0.00,4121.71,0.00,-0.00,-1.08,4120.16,4121.85,4119.41,4120.97,4122.34,0.445,5.47,17.48,43.25,46.40,-1.17,-0.24,-0.93,4121.45,4116.94,5965,3051,14.3,71.4,12,1,CROSS=EMA9<EMA21;TREND=1;STRUCT=1;VOL=1;COOL=1;EMA50=1;VWAP=1;BIAS=1,1.39,-0.21,23606.04,23606.04,stopped at breakeven
1509,2026.07.10 05:45:00,2026.07.10 08:15:00,ENTRY,XAUUSD,M15,516,BUY,FULLTGT,DAY,0,4125.92,4113.42,4113.42,12.50,1.00,12.50,4138.42,4150.91,4163.41,4175.90,4188.40,0.09,0.09,0.09,4125.92,0.00,0.00,0.00,4122.81,4122.77,4120.10,4122.04,4122.46,0.426,6.25,15.29,54.31,56.51,-0.03,-0.34,0.31,4122.04,4125.87,4178,3430,85.7,0.0,5,1,CROSS=EMA9>EMA21;TREND=1;STRUCT=1;VOL=1;COOL=1;EMA50=1;VWAP=1;BIAS=1,0.00,0.00,23605.72,23605.27,KZ=ASIA; KZR=Asia L @ 4030.86 141 bars ago (low taken); DAY 12AM-4PM IST session: stop x1.00 of usual; no partials; full size to TP5; SL steps BE->TP1->TP2->TP3
1510,2026.07.10 07:15:00,2026.07.10 09:45:00,SKIP,XAUUSD,M15,516,BUY,FULLTGT,DAY,0,4125.92,4113.42,4113.42,12.50,1.00,12.50,4138.42,4150.91,4163.41,4175.90,4188.40,0.09,0.00,0.00,0.00,0.00,0.00,0.00,4122.78,4123.01,4120.85,4123.25,4123.22,0.309,7.01,19.11,46.73,46.09,-0.08,0.11,-0.19,4122.74,4120.90,2534,4022,0.0,71.4,12,1,CROSS=EMA9>EMA21;TREND=1;STRUCT=1;VOL=1;COOL=1;EMA50=1;VWAP=1;BIAS=1,0.71,-0.72,23605.72,23560.45,outside the killzone window
1511,2026.07.10 07:22:41,2026.07.10 09:52:41,EXIT_SL,XAUUSD,M15,516,BUY,FULLTGT,DAY,0,4125.92,4113.42,4113.42,12.50,1.00,12.50,4138.42,4150.91,4163.41,4175.90,4188.40,0.09,0.09,0.00,4113.42,0.00,-1.00,-113.14,4122.78,4123.01,4120.85,4123.25,4123.22,0.309,7.01,19.11,46.73,44.21,-0.08,0.11,-0.19,4122.74,4120.90,2534,4022,0.0,71.4,11,1,CROSS=EMA9>EMA21;TREND=1;STRUCT=1;VOL=1;COOL=1;EMA50=1;VWAP=1;BIAS=1,0.71,-1.00,23492.90,23492.90,stopped at the initial SL (x1.00 of usual)
1512,2026.07.10 19:00:00,2026.07.10 21:30:00,SKIP,XAUUSD,M15,516,FLAT,NA,EVENING,0,0.00,0.00,0.00,0.00,1.00,0.00,0.00,0.00,0.00,0.00,0.00,0.00,0.00,0.00,0.00,0.00,0.00,0.00,4103.39,4103.09,4106.75,4100.96,4102.08,-0.329,11.12,20.75,57.10,61.68,-0.77,-2.52,1.75,4109.56,4113.12,5798,6738,71.4,0.0,8,1,CROSS=EMA9>EMA21;TREND=1;STRUCT=1;VOL=1;COOL=1;EMA50=1;VWAP=1;BIAS=1,0.00,0.00,23492.90,23492.90,outside the killzone window
1513,2026.07.10 21:30:00,2026.07.11 00:00:00,SKIP,XAUUSD,M15,516,FLAT,NA,DAY,0,0.00,0.00,0.00,0.00,1.00,0.00,0.00,0.00,0.00,0.00,0.00,0.00,0.00,0.00,0.00,0.00,0.00,0.00,4104.34,4104.43,4106.40,4104.68,4104.57,-0.212,9.30,22.73,48.40,45.52,-0.17,0.39,-0.56,4109.28,4103.01,2600,6337,0.0,71.4,5,1,CROSS=EMA9>EMA21;TREND=1;STRUCT=1;VOL=1;COOL=1;EMA50=1;VWAP=1;BIAS=1,0.00,0.00,23492.90,23492.90,outside the killzone window
1514,2026.07.10 23:15:00,2026.07.11 01:45:00,SKIP,XAUUSD,M15,516,FLAT,NA,DAY,0,0.00,0.00,0.00,0.00,1.00,0.00,0.00,0.00,0.00,0.00,0.00,0.00,0.00,0.00,0.00,0.00,0.00,0.00,4105.41,4104.53,4105.86,4103.68,4103.75,-0.247,5.40,25.93,58.85,68.10,0.43,-0.43,0.86,4109.02,4112.33,2778,3840,85.7,0.0,6,1,CROSS=EMA9>EMA21;TREND=1;STRUCT=1;VOL=1;COOL=1;EMA50=1;VWAP=1;BIAS=1,0.00,0.00,23492.90,23492.90,outside the killzone window
1515,2026.07.13 01:00:00,2026.07.13 03:30:00,DAY_SUMMARY,XAUUSD,M15,516,FLAT,NA,DAY,0,0.00,0.00,0.00,0.00,1.00,0.00,0.00,0.00,0.00,0.00,0.00,0.00,0.00,0.00,0.00,0.00,-1.00,-114.22,4110.04,4107.02,4106.83,4107.63,4105.75,0.040,4.83,30.02,65.09,77.80,2.23,0.16,2.07,4109.09,4119.68,2187,3002,85.7,0.0,12,1,CROSS=EMA9>EMA21;TREND=1;STRUCT=1;VOL=1;COOL=1;EMA50=1;VWAP=1;BIAS=1,0.00,0.00,23492.90,23492.90,2026.07.10 trades=2 W=0 L=2 gross_profit=0.00 gross_loss=114.22 net=-114.22 PF=0.00
1516,2026.07.13 01:00:00,2026.07.13 03:30:00,WEEK_SUMMARY,XAUUSD,M15,516,FLAT,NA,DAY,0,0.00,0.00,0.00,0.00,1.00,0.00,0.00,0.00,0.00,0.00,0.00,0.00,0.00,0.00,0.00,0.00,2.02,194.68,4110.04,4107.02,4106.83,4107.63,4105.75,0.040,4.83,30.02,65.09,77.80,2.23,0.16,2.07,4109.09,4119.68,2187,3002,85.7,0.0,12,1,CROSS=EMA9>EMA21;TREND=1;STRUCT=1;VOL=1;COOL=1;EMA50=1;VWAP=1;BIAS=1,0.00,0.00,23492.90,23492.90,days=5 trades=10 W=4 L=6 gross_profit=474.13 gross_loss=279.45 net=194.68 PF=1.70 pips=5304.0
1517,2026.07.13 01:15:00,2026.07.13 03:45:00,ENTRY,XAUUSD,M15,518,SELL,FULLTGT,DAY,0,4081.46,4094.09,4094.09,12.63,1.00,12.63,4068.83,4056.20,4043.58,4030.95,4018.32,0.09,0.09,0.09,4081.46,0.00,0.00,0.00,4104.33,4104.70,4105.83,4110.04,4107.02,-0.180,6.31,28.09,34.65,24.54,-0.12,0.23,-0.34,4088.66,4081.46,11100,3280,0.0,100.0,12,1,CROSS=EMA9<EMA21;TREND=1;STRUCT=1;VOL=1;COOL=1;EMA50=1;VWAP=1;BIAS=1,0.00,0.00,23492.58,23491.50,KZ=ASIA; KZR=Asia L @ 4030.86 411 bars ago (low taken); DAY 12AM-4PM IST session: stop x1.00 of usual; no partials; full size to TP5; SL steps BE->TP1->TP2->TP3
1518,2026.07.13 02:04:39,2026.07.13 04:34:39,SL_MOVE,XAUUSD,M15,518,SELL,FULLTGT,DAY,0,4081.46,4094.09,4081.46,12.63,1.00,12.63,4068.83,4056.20,4043.58,4030.95,4018.32,0.09,0.00,0.09,4081.46,1.00,0.00,0.00,4092.16,4098.48,4102.89,4096.01,4100.66,-0.665,6.63,22.62,33.53,26.63,-4.86,-0.61,-4.24,4084.88,4076.73,3272,3228,0.0,85.7,12,1,CROSS=EMA9<EMA21;TREND=1;STRUCT=1;VOL=1;COOL=1;EMA50=1;VWAP=1;BIAS=1,1.00,-0.54,23492.58,23606.61,stop to breakeven
1519,2026.07.13 02:04:39,2026.07.13 04:34:39,TP1_REACHED,XAUUSD,M15,518,SELL,FULLTGT,DAY,0,4081.46,4094.09,4081.46,12.63,1.00,12.63,4068.83,4056.20,4043.58,4030.95,4018.32,0.09,0.00,0.09,4068.83,1.00,1.00,0.00,4092.16,4098.48,4102.89,4096.01,4100.66,-0.665,6.63,22.62,33.53,26.63,-4.86,-0.61,-4.24,4084.88,4076.73,3272,3228,0.0,85.7,12,1,CROSS=EMA9<EMA21;TREND=1;STRUCT=1;VOL=1;COOL=1;EMA50=1;VWAP=1;BIAS=1,1.00,-0.54,23492.58,23606.61,full target: no partial booked
1520,2026.07.13 02:50:26,2026.07.13 05:20:26,EXIT_BE,XAUUSD,M15,518,SELL,FULLTGT,DAY,0,4081.46,4094.09,4081.46,12.63,1.00,12.63,4068.83,4056.20,4043.58,4030.95,4018.32,0.09,0.09,0.00,4081.47,0.00,-0.00,-0.73,4083.66,4092.50,4099.66,4085.15,4093.98,-1.005,7.12,19.84,37.48,42.69,-7.59,-3.10,-4.49,4081.09,4077.71,2830,3192,0.0,71.4,12,1,CROSS=EMA9<EMA21;TREND=1;STRUCT=1;VOL=1;COOL=1;EMA50=1;VWAP=1;BIAS=1,1.02,-0.54,23492.17,23492.17,stopped at breakeven
1521,2026.07.13 11:30:00,2026.07.13 14:00:00,ENTRY,XAUUSD,M15,520,BUY,FULLTGT,DAY,0,4074.22,4056.89,4056.89,17.33,1.00,17.33,4091.55,4108.89,4126.22,4143.55,4160.89,0.06,0.06,0.06,4074.22,0.00,0.00,0.00,4064.62,4063.97,4072.77,4062.24,4062.95,-1.015,8.67,23.92,56.93,64.90,-1.54,-4.83,3.29,4069.05,4074.17,6386,5797,85.7,0.0,5,1,CROSS=EMA9>EMA21;TREND=1;STRUCT=1;VOL=1;COOL=1;EMA50=1;VWAP=1;BIAS=1,0.00,0.00,23491.96,23491.66,KZ=LONDON; KZR=Asia L @ 4054.30 21 bars ago (low taken); DAY 12AM-4PM IST session: stop x1.00 of usual; no partials; full size to TP5; SL steps BE->TP1->TP2->TP3
1522,2026.07.13 13:41:53,2026.07.13 16:11:53,EXIT_SL,XAUUSD,M15,520,BUY,FULLTGT,EVENING,0,4074.22,4056.89,4056.89,17.33,1.00,17.33,4091.55,4108.89,4126.22,4143.55,4160.89,0.06,0.06,0.00,4056.54,0.00,-1.02,-106.50,4068.86,4067.57,4072.33,4069.80,4067.82,-0.617,7.71,22.65,46.86,43.97,0.64,0.53,0.11,4069.33,4065.12,3185,5334,28.6,42.9,11,1,CROSS=EMA9>EMA21;TREND=1;STRUCT=1;VOL=1;COOL=1;EMA50=1;VWAP=1;BIAS=1,0.25,-1.00,23385.67,23385.67,stopped at the initial SL (x1.00 of usual)
1523,2026.07.13 13:45:00,2026.07.13 16:15:00,ENTRY,XAUUSD,M15,522,SELL,FULLTGT,EVENING,0,4052.05,4068.34,4068.34,16.29,1.00,16.29,4035.76,4019.46,4003.17,3986.87,3970.58,0.07,0.07,0.07,4052.05,0.00,0.00,0.00,4065.55,4066.18,4071.54,4068.86,4067.57,-0.658,8.15,26.12,36.30,25.70,-0.69,0.62,-1.32,4069.10,4052.28,5226,5099,0.0,100.0,9,1,CROSS=EMA9<EMA21;TREND=1;STRUCT=1;VOL=1;COOL=1;EMA50=1;VWAP=1;BIAS=1,0.00,0.00,23385.42,23384.79,KZ=NY; KZR=Asia L @ 4054.30 30 bars ago (low taken); EVENING 4PM-12AM IST session: stop x1.00 of usual; no partials; full size to TP5; SL steps BE->TP1->TP2->TP3
1524,2026.07.13 14:35:00,2026.07.13 17:05:00,EXIT_SL,XAUUSD,M15,522,SELL,FULLTGT,EVENING,0,4052.05,4068.34,4068.34,16.29,1.00,16.29,4035.76,4019.46,4003.17,3986.87,3970.58,0.07,0.07,0.00,4068.52,0.00,-1.01,-115.79,4064.14,4065.29,4070.53,4064.45,4065.53,-0.671,7.81,26.22,47.13,54.10,-1.16,0.17,-1.34,4068.65,4062.89,4410,4814,14.3,71.4,10,1,CROSS=EMA9<EMA21;TREND=1;STRUCT=1;VOL=1;COOL=1;EMA50=1;VWAP=1;BIAS=1,0.24,-0.99,23269.88,23269.88,stopped at the initial SL (x1.00 of usual)
1525,2026.07.14 01:00:01,2026.07.14 03:30:01,DAY_SUMMARY,XAUUSD,M15,522,FLAT,NA,DAY,0,0.00,0.00,0.00,0.00,1.00,0.00,0.00,0.00,0.00,0.00,0.00,0.00,0.00,0.00,0.00,0.00,-2.03,-223.02,3999.96,4004.91,4023.35,3999.76,4005.33,-2.588,7.12,18.81,39.35,52.03,-7.70,-10.41,2.71,4045.98,4000.77,2212,5886,28.6,42.9,12,1,CROSS=EMA9<EMA21;TREND=1;STRUCT=1;VOL=1;COOL=1;EMA50=1;VWAP=1;BIAS=1,0.00,0.00,23269.88,23269.88,2026.07.13 trades=3 W=0 L=3 gross_profit=0.00 gross_loss=223.02 net=-223.02 PF=0.00
1526,2026.07.14 05:15:00,2026.07.14 07:45:00,ENTRY,XAUUSD,M15,524,BUY,FULLTGT,DAY,0,4016.78,4000.46,4000.46,16.32,1.00,16.32,4033.10,4049.43,4065.75,4082.08,4098.40,0.07,0.07,0.07,4016.78,0.00,0.00,0.00,4004.78,4003.18,4012.84,4001.80,4001.83,-1.183,8.16,21.12,62.24,69.43,-0.32,-3.03,2.71,4000.49,4016.72,8521,6159,85.7,0.0,5,1,CROSS=EMA9>EMA21;TREND=1;STRUCT=1;VOL=1;COOL=1;EMA50=1;VWAP=1;BIAS=1,0.00,0.00,23269.63,23269.28,KZ=ASIA; KZR=London L @ 4043.89 49 bars ago (low taken); DAY 12AM-4PM IST session: stop x1.00 of usual; no partials; full size to TP5; SL steps BE->TP1->TP2->TP3
1527,2026.07.14 08:43:46,2026.07.14 11:13:46,SL_MOVE,XAUUSD,M15,524,BUY,FULLTGT,DAY,0,4016.78,4000.46,4016.78,16.32,1.00,16.32,4033.10,4049.43,4065.75,4082.08,4098.40,0.07,0.00,0.07,4016.78,1.00,0.00,0.00,4018.78,4013.91,4014.80,4017.77,4013.02,-0.118,7.55,30.74,63.84,69.40,4.38,3.42,0.96,4005.92,4022.80,3464,6618,85.7,0.0,12,1,CROSS=EMA9>EMA21;TREND=1;STRUCT=1;VOL=1;COOL=1;EMA50=1;VWAP=1;BIAS=1,1.00,-0.47,23269.63,23384.08,stop to breakeven
1528,2026.07.14 08:43:46,2026.07.14 11:13:46,TP1_REACHED,XAUUSD,M15,524,BUY,FULLTGT,DAY,0,4016.78,4000.46,4016.78,16.32,1.00,16.32,4033.10,4049.43,4065.75,4082.08,4098.40,0.07,0.00,0.07,4033.10,1.00,1.00,0.00,4018.78,4013.91,4014.80,4017.77,4013.02,-0.118,7.55,30.74,63.84,69.40,4.38,3.42,0.96,4005.92,4022.80,3464,6618,85.7,0.0,12,1,CROSS=EMA9>EMA21;TREND=1;STRUCT=1;VOL=1;COOL=1;EMA50=1;VWAP=1;BIAS=1,1.00,-0.47,23269.63,23384.08,full target: no partial booked
1529,2026.07.14 11:09:14,2026.07.14 13:39:14,EXIT_BE,XAUUSD,M15,524,BUY,FULLTGT,DAY,0,4016.78,4000.46,4016.78,16.32,1.00,16.32,4033.10,4049.43,4065.75,4082.08,4098.40,0.07,0.07,0.00,4016.75,0.00,-0.00,-0.71,4023.92,4021.00,4018.46,4024.72,4021.03,0.452,5.62,24.59,51.65,38.64,3.75,5.10,-1.34,4011.02,4020.71,5749,4945,42.9,42.9,11,1,CROSS=EMA9>EMA21;TREND=1;STRUCT=1;VOL=1;COOL=1;EMA50=1;VWAP=1;BIAS=1,1.06,-0.47,23269.17,23269.17,stopped at breakeven
1530,2026.07.14 12:30:00,2026.07.14 15:00:00,SKIP,XAUUSD,M15,524,FLAT,NA,DAY,0,0.00,0.00,0.00,0.00,1.00,0.00,0.00,0.00,0.00,0.00,0.00,0.00,0.00,0.00,0.00,0.00,0.00,0.00,4019.69,4019.86,4018.46,4020.67,4020.26,0.230,6.09,29.55,46.04,38.87,0.95,2.76,-1.81,4011.98,4015.79,5474,5140,14.3,85.7,11,1,CROSS=EMA9>EMA21;TREND=1;STRUCT=1;VOL=1;COOL=1;EMA50=1;VWAP=1;BIAS=1,0.00,0.00,23269.17,23269.17,outside the killzone window
1531,2026.07.14 14:15:00,2026.07.14 16:45:00,SKIP,XAUUSD,M15,524,FLAT,NA,EVENING,0,0.00,0.00,0.00,0.00,1.00,0.00,0.00,0.00,0.00,0.00,0.00,0.00,0.00,0.00,0.00,0.00,0.00,0.00,4020.28,4019.96,4018.82,4019.61,4019.66,0.189,6.09,17.20,54.86,55.92,0.69,0.69,-0.00,4012.81,4022.96,6367,5120,71.4,14.3,10,1,CROSS=EMA9>EMA21;TREND=1;STRUCT=1;VOL=1;COOL=1;EMA50=1;VWAP=1;BIAS=1,0.00,0.00,23269.17,23269.17,already positioned that way
1532,2026.07.14 21:30:00,2026.07.15 00:00:00,SKIP,XAUUSD,M15,524,FLAT,NA,DAY,0,0.00,0.00,0.00,0.00,1.00,0.00,0.00,0.00,0.00,0.00,0.00,0.00,0.00,0.00,0.00,0.00,0.00,0.00,4062.25,4062.32,4050.99,4063.18,4062.70,1.071,10.58,26.99,48.72,41.61,2.56,5.49,-2.94,4042.87,4058.53,3505,10348,14.3,71.4,8,1,CROSS=EMA9>EMA21;TREND=1;STRUCT=1;VOL=1;COOL=1;EMA50=1;VWAP=1;BIAS=1,0.00,0.00,23269.17,23269.17,outside the killzone window
1533,2026.07.15 01:00:00,2026.07.15 03:30:00,DAY_SUMMARY,XAUUSD,M15,524,FLAT,NA,DAY,0,0.00,0.00,0.00,0.00,1.00,0.00,0.00,0.00,0.00,0.00,0.00,0.00,0.00,0.00,0.00,0.00,-0.00,-0.71,4053.73,4056.44,4051.56,4053.98,4056.81,0.741,6.58,33.92,46.68,47.18,-1.68,-0.79,-0.89,4043.45,4052.72,1108,4801,14.3,71.4,12,1,CROSS=EMA9>EMA21;TREND=1;STRUCT=1;VOL=1;COOL=1;EMA50=1;VWAP=1;BIAS=1,0.00,0.00,23269.17,23269.17,2026.07.14 trades=1 W=0 L=1 gross_profit=0.00 gross_loss=0.71 net=-0.71 PF=0.00
1534,2026.07.15 04:00:00,2026.07.15 06:30:00,SKIP,XAUUSD,M15,524,FLAT,NA,DAY,0,0.00,0.00,0.00,0.00,1.00,0.00,0.00,0.00,0.00,0.00,0.00,0.00,0.00,0.00,0.00,0.00,0.00,0.00,4054.67,4054.56,4052.19,4053.58,4054.12,0.482,4.93,25.77,54.88,62.55,-0.31,-1.53,1.22,4053.51,4059.01,3907,3216,100.0,0.0,12,1,CROSS=EMA9>EMA21;TREND=1;STRUCT=1;VOL=1;COOL=1;EMA50=1;VWAP=1;BIAS=1,0.00,0.00,23269.17,23269.17,already positioned that way
1535,2026.07.15 04:45:00,2026.07.15 07:15:00,ENTRY,XAUUSD,M15,526,SELL,FULLTGT,DAY,0,4038.81,4049.55,4049.55,10.74,1.00,10.74,4028.07,4017.33,4006.59,3995.85,3985.11,0.10,0.10,0.10,4038.81,0.00,0.00,0.00,4051.60,4053.21,4051.88,4054.80,4054.65,0.248,5.37,25.85,36.36,24.30,-1.41,-0.97,-0.44,4052.77,4038.81,8997,3783,0.0,100.0,5,1,CROSS=EMA9<EMA21;TREND=1;STRUCT=1;VOL=1;COOL=1;EMA50=1;VWAP=1;BIAS=1,0.00,0.00,23268.82,23268.32,KZ=ASIA; KZR=London L @ 4043.89 143 bars ago (low taken); DAY 12AM-4PM IST session: stop x1.00 of usual; no partials; full size to TP5; SL steps BE->TP1->TP2->TP3
1536,2026.07.15 08:11:18,2026.07.15 10:41:18,SL_MOVE,XAUUSD,M15,526,SELL,FULLTGT,DAY,0,4038.81,4049.55,4038.81,10.74,1.00,10.74,4028.07,4017.33,4006.59,3995.85,3985.11,0.10,0.00,0.10,4038.81,1.00,0.00,0.00,4033.52,4038.89,4044.39,4033.62,4039.47,-0.828,6.65,32.81,40.83,43.00,-5.76,-5.76,-0.00,4044.30,4033.11,2377,5134,0.0,85.7,10,1,CROSS=EMA9<EMA21;TREND=1;STRUCT=1;VOL=1;COOL=1;EMA50=1;VWAP=1;BIAS=1,1.00,-0.35,23268.82,23376.72,stop to breakeven
1537,2026.07.15 08:11:18,2026.07.15 10:41:18,TP1_REACHED,XAUUSD,M15,526,SELL,FULLTGT,DAY,0,4038.81,4049.55,4038.81,10.74,1.00,10.74,4028.07,4017.33,4006.59,3995.85,3985.11,0.10,0.00,0.10,4028.07,1.00,1.00,0.00,4033.52,4038.89,4044.39,4033.62,4039.47,-0.828,6.65,32.81,40.83,43.00,-5.76,-5.76,-0.00,4044.30,4033.11,2377,5134,0.0,85.7,10,1,CROSS=EMA9<EMA21;TREND=1;STRUCT=1;VOL=1;COOL=1;EMA50=1;VWAP=1;BIAS=1,1.00,-0.35,23268.82,23376.72,full target: no partial booked
1538,2026.07.15 14:41:30,2026.07.15 17:11:30,EXIT_BE,XAUUSD,M15,526,SELL,FULLTGT,EVENING,0,4038.81,4049.55,4038.81,10.74,1.00,10.74,4028.07,4017.33,4006.59,3995.85,3985.11,0.10,0.10,0.00,4038.82,0.00,-0.00,-0.80,4029.79,4029.88,4034.21,4029.54,4029.78,-0.693,6.26,15.25,50.17,62.83,-0.92,-1.76,0.84,4036.10,4030.78,4189,4600,42.9,28.6,10,1,CROSS=EMA9<EMA21;TREND=1;STRUCT=1;VOL=1;COOL=1;EMA50=1;VWAP=1;BIAS=1,1.99,-0.35,23268.37,23268.37,stopped at breakeven
1539,2026.07.15 14:45:00,2026.07.15 17:15:00,ENTRY,XAUUSD,M15,528,BUY,FULLTGT,EVENING,0,4037.64,4024.86,4024.86,12.78,1.00,12.78,4050.42,4063.20,4075.98,4088.76,4101.54,0.09,0.09,0.09,4037.64,0.00,0.00,0.00,4031.35,4030.57,4034.35,4029.79,4029.88,-0.590,6.39,18.00,57.60,66.60,-0.21,-1.46,1.25,4036.09,4037.57,3839,4562,71.4,0.0,7,1,CROSS=EMA9>EMA21;TREND=1;STRUCT=1;VOL=1;COOL=1;EMA50=1;VWAP=1;BIAS=1,0.00,0.00,23268.05,23267.42,KZ=NY; KZR=London L @ 4043.89 183 bars ago (low taken); EVENING 4PM-12AM IST session: stop x1.00 of usual; no partials; full size to TP5; SL steps BE->TP1->TP2->TP3
1540,2026.07.15 15:30:26,2026.07.15 18:00:26,SL_MOVE,XAUUSD,M15,528,BUY,FULLTGT,EVENING,0,4037.64,4024.86,4037.64,12.78,1.00,12.78,4050.42,4063.20,4075.98,4088.76,4101.54,0.09,0.00,0.09,4037.64,1.00,0.00,0.00,4035.04,4032.63,4034.85,4033.79,4031.89,-0.364,6.10,27.86,59.96,64.44,1.36,-0.42,1.78,4036.25,4040.00,5750,4550,100.0,0.0,10,1,CROSS=EMA9>EMA21;TREND=1;STRUCT=1;VOL=1;COOL=1;EMA50=1;VWAP=1;BIAS=1,1.00,-0.15,23268.05,23384.96,stop to breakeven
1541,2026.07.15 15:30:26,2026.07.15 18:00:26,TP1_REACHED,XAUUSD,M15,528,BUY,FULLTGT,EVENING,0,4037.64,4024.86,4037.64,12.78,1.00,12.78,4050.42,4063.20,4075.98,4088.76,4101.54,0.09,0.00,0.09,4050.42,1.00,1.00,0.00,4035.04,4032.63,4034.85,4033.79,4031.89,-0.364,6.10,27.86,59.96,64.44,1.36,-0.42,1.78,4036.25,4040.00,5750,4550,100.0,0.0,10,1,CROSS=EMA9>EMA21;TREND=1;STRUCT=1;VOL=1;COOL=1;EMA50=1;VWAP=1;BIAS=1,1.00,-0.15,23268.05,23384.96,full target: no partial booked
1542,2026.07.15 15:37:39,2026.07.15 18:07:39,SL_MOVE,XAUUSD,M15,528,BUY,FULLTGT,EVENING,0,4037.64,4024.86,4050.42,12.78,1.00,12.78,4050.42,4063.20,4075.98,4088.76,4101.54,0.09,0.00,0.09,4050.42,2.00,0.00,0.00,4035.04,4032.63,4034.85,4033.79,4031.89,-0.364,6.10,27.86,59.96,79.99,1.36,-0.42,1.78,4036.25,4040.00,5750,4550,100.0,0.0,10,1,CROSS=EMA9>EMA21;TREND=1;STRUCT=1;VOL=1;COOL=1;EMA50=1;VWAP=1;BIAS=1,2.00,-0.15,23268.05,23498.09,stop trailed to TP1
1543,2026.07.15 15:37:39,2026.07.15 18:07:39,TP2_REACHED,XAUUSD,M15,528,BUY,FULLTGT,EVENING,0,4037.64,4024.86,4050.42,12.78,1.00,12.78,4050.42,4063.20,4075.98,4088.76,4101.54,0.09,0.00,0.09,4063.20,2.00,2.00,0.00,4035.04,4032.63,4034.85,4033.79,4031.89,-0.364,6.10,27.86,59.96,79.99,1.36,-0.42,1.78,4036.25,4040.00,5750,4550,100.0,0.0,10,1,CROSS=EMA9>EMA21;TREND=1;STRUCT=1;VOL=1;COOL=1;EMA50=1;VWAP=1;BIAS=1,2.00,-0.15,23268.05,23498.09,full target: no partial booked
1544,2026.07.15 18:13:00,2026.07.15 20:43:00,EXIT_TRAIL_SL,XAUUSD,M15,528,BUY,FULLTGT,EVENING,0,4037.64,4024.86,4050.42,12.78,1.00,12.78,4050.42,4063.20,4075.98,4088.76,4101.54,0.09,0.09,0.00,4050.41,0.00,1.00,114.29,4057.71,4049.97,4043.50,4056.97,4048.90,0.776,8.35,32.85,62.63,45.76,7.78,7.49,0.29,4043.18,4060.69,10466,7411,85.7,14.3,10,1,CROSS=EMA9>EMA21;TREND=1;STRUCT=1;VOL=1;COOL=1;EMA50=1;VWAP=1;BIAS=1,2.85,-0.15,23382.66,23382.66,stopped at a trailed level
1545,2026.07.15 19:30:00,2026.07.15 22:00:00,SKIP,XAUUSD,M15,528,FLAT,NA,EVENING,0,0.00,0.00,0.00,0.00,1.00,0.00,0.00,0.00,0.00,0.00,0.00,0.00,0.00,0.00,0.00,0.00,0.00,0.00,4046.26,4047.02,4043.52,4049.12,4048.24,0.371,9.44,36.67,40.85,31.03,1.24,5.36,-4.12,4043.43,4034.85,10593,9052,0.0,100.0,9,1,CROSS=EMA9>EMA21;TREND=1;STRUCT=1;VOL=1;COOL=1;EMA50=1;VWAP=1;BIAS=1,0.00,0.00,23382.66,23382.66,outside the killzone window
1546,2026.07.15 20:45:00,2026.07.15 23:15:00,SKIP,XAUUSD,M15,528,FLAT,NA,EVENING,0,0.00,0.00,0.00,0.00,1.00,0.00,0.00,0.00,0.00,0.00,0.00,0.00,0.00,0.00,0.00,0.00,0.00,0.00,4045.68,4045.60,4043.31,4041.50,4043.92,0.211,10.84,37.26,61.51,71.72,0.60,1.00,-0.40,4043.14,4062.42,10035,9579,85.7,14.3,7,1,CROSS=EMA9>EMA21;TREND=1;STRUCT=1;VOL=1;COOL=1;EMA50=1;VWAP=1;BIAS=1,0.00,0.00,23382.66,23382.66,outside the killzone window
1547,2026.07.16 01:00:00,2026.07.16 03:30:00,DAY_SUMMARY,XAUUSD,M15,528,FLAT,NA,DAY,0,0.00,0.00,0.00,0.00,1.00,0.00,0.00,0.00,0.00,0.00,0.00,0.00,0.00,0.00,0.00,0.00,1.00,113.49,4059.12,4056.17,4050.46,4058.82,4055.76,0.698,8.17,23.20,54.90,53.56,3.51,4.09,-0.59,4045.51,4060.32,650,6378,57.1,14.3,12,1,CROSS=EMA9>EMA21;TREND=1;STRUCT=1;VOL=1;COOL=1;EMA50=1;VWAP=1;BIAS=1,0.00,0.00,23382.66,23382.66,2026.07.15 trades=2 W=1 L=1 gross_profit=114.29 gross_loss=0.80 net=113.49 PF=142.86
1548,2026.07.16 04:00:00,2026.07.16 06:30:00,ENTRY,XAUUSD,M15,530,SELL,FULLTGT,DAY,0,4044.71,4056.11,4056.11,11.40,1.00,11.40,4033.31,4021.91,4010.51,3999.11,3987.71,0.10,0.10,0.10,4044.71,0.00,0.00,0.00,4055.26,4056.49,4053.10,4057.90,4057.67,0.595,5.70,18.12,37.26,28.53,-0.05,1.90,-1.95,4057.42,4044.71,5693,3296,0.0,85.7,9,1,CROSS=EMA9<EMA21;TREND=1;STRUCT=1;VOL=1;COOL=1;EMA50=1;VWAP=1;BIAS=1,0.00,0.00,23382.31,23381.41,KZ=ASIA; KZR=London L @ 4043.89 236 bars ago (low taken); DAY 12AM-4PM IST session: stop x1.00 of usual; no partials; full size to TP5; SL steps BE->TP1->TP2->TP3
1549,2026.07.16 05:09:54,2026.07.16 07:39:54,SL_MOVE,XAUUSD,M15,530,SELL,FULLTGT,DAY,0,4044.71,4056.11,4044.71,11.40,1.00,11.40,4033.31,4021.91,4010.51,3999.11,3987.71,0.10,0.00,0.10,4044.71,1.00,0.00,0.00,4046.56,4051.49,4051.28,4048.43,4052.73,0.035,5.84,29.84,36.33,30.61,-3.51,-0.37,-3.14,4050.16,4039.08,5909,3644,0.0,100.0,12,1,CROSS=EMA9<EMA21;TREND=1;STRUCT=1;VOL=1;COOL=1;EMA50=1;VWAP=1;BIAS=1,0.99,-0.52,23382.31,23496.31,stop to breakeven
1550,2026.07.16 05:09:54,2026.07.16 07:39:54,TP1_REACHED,XAUUSD,M15,530,SELL,FULLTGT,DAY,0,4044.71,4056.11,4044.71,11.40,1.00,11.40,4033.31,4021.91,4010.51,3999.11,3987.71,0.10,0.00,0.10,4033.31,1.00,1.00,0.00,4046.56,4051.49,4051.28,4048.43,4052.73,0.035,5.84,29.84,36.33,30.61,-3.51,-0.37,-3.14,4050.16,4039.08,5909,3644,0.0,100.0,12,1,CROSS=EMA9<EMA21;TREND=1;STRUCT=1;VOL=1;COOL=1;EMA50=1;VWAP=1;BIAS=1,0.99,-0.52,23382.31,23496.31,full target: no partial booked
1551,2026.07.16 12:45:00,2026.07.16 15:15:00,SKIP,XAUUSD,M15,530,SELL,FULLTGT,DAY,0,4044.71,4056.11,4044.71,11.40,1.00,11.40,4033.31,4021.91,4010.51,3999.11,3987.71,0.10,0.00,0.00,0.00,0.00,0.00,0.00,4032.77,4032.69,4037.18,4032.37,4032.52,-0.810,5.55,27.16,50.96,55.17,-1.09,-2.84,1.75,4036.72,4034.36,3890,5217,71.4,14.3,6,1,CROSS=EMA9<EMA21;TREND=1;STRUCT=1;VOL=1;COOL=1;EMA50=1;VWAP=1;BIAS=1,1.91,-0.52,23382.31,23485.21,outside the killzone window
1552,2026.07.16 13:00:00,2026.07.16 15:30:00,SKIP,XAUUSD,M15,530,SELL,FULLTGT,DAY,0,4044.71,4056.11,4044.71,11.40,1.00,11.40,4033.31,4021.91,4010.51,3999.11,3987.71,0.10,0.00,0.00,0.00,0.00,0.00,0.00,4032.58,4032.61,4036.97,4032.77,4032.69,-0.776,5.62,25.92,47.92,48.17,-1.05,-2.45,1.40,4036.67,4031.85,3636,5285,14.3,71.4,5,1,CROSS=EMA9<EMA21;TREND=1;STRUCT=1;VOL=1;COOL=1;EMA50=1;VWAP=1;BIAS=1,1.91,-0.52,23382.31,23510.41,already positioned that way
1553,2026.07.16 13:30:00,2026.07.16 16:00:00,SKIP,XAUUSD,M15,530,SELL,FULLTGT,EVENING,0,4044.71,4056.11,4044.71,11.40,1.00,11.40,4033.31,4021.91,4010.51,3999.11,3987.71,0.10,0.00,0.00,0.00,0.00,0.00,0.00,4032.62,4032.61,4036.64,4032.42,4032.53,-0.724,5.55,22.35,50.09,51.80,-0.84,-1.74,0.90,4036.54,4033.42,2824,5206,57.1,14.3,5,1,CROSS=EMA9>EMA21;TREND=1;STRUCT=1;VOL=1;COOL=1;EMA50=1;VWAP=0;BIAS=1,1.91,-0.52,23382.31,23494.71,quality filter
1554,2026.07.16 14:00:00,2026.07.16 16:30:00,SKIP,XAUUSD,M15,530,SELL,FULLTGT,EVENING,0,4044.71,4056.11,4044.71,11.40,1.00,11.40,4033.31,4021.91,4010.51,3999.11,3987.71,0.10,0.00,0.00,0.00,0.00,0.00,0.00,4032.09,4032.38,4036.22,4032.72,4032.66,-0.734,5.24,19.95,44.83,42.82,-0.90,-1.21,0.31,4036.41,4029.55,3506,4737,14.3,57.1,10,1,CROSS=EMA9<EMA21;TREND=1;STRUCT=1;VOL=1;COOL=1;EMA50=1;VWAP=1;BIAS=1,1.91,-0.52,23382.31,23532.91,already positioned that way
1555,2026.07.16 14:25:45,2026.07.16 16:55:45,SL_MOVE,XAUUSD,M15,530,SELL,FULLTGT,EVENING,0,4044.71,4056.11,4033.31,11.40,1.00,11.40,4033.31,4021.91,4010.51,3999.11,3987.71,0.10,0.00,0.10,4033.31,2.00,0.00,0.00,4031.29,4031.99,4035.91,4032.09,4032.38,-0.773,5.07,21.15,42.98,34.54,-1.15,-1.08,-0.07,4036.27,4028.08,3973,4540,0.0,71.4,10,1,CROSS=EMA9<EMA21;TREND=1;STRUCT=1;VOL=1;COOL=1;EMA50=1;VWAP=1;BIAS=1,1.98,-0.52,23382.31,23610.41,stop trailed to TP1
1556,2026.07.16 14:25:45,2026.07.16 16:55:45,TP2_REACHED,XAUUSD,M15,530,SELL,FULLTGT,EVENING,0,4044.71,4056.11,4033.31,11.40,1.00,11.40,4033.31,4021.91,4010.51,3999.11,3987.71,0.10,0.00,0.10,4021.91,2.00,2.00,0.00,4031.29,4031.99,4035.91,4032.09,4032.38,-0.773,5.07,21.15,42.98,34.54,-1.15,-1.08,-0.07,4036.27,4028.08,3973,4540,0.0,71.4,10,1,CROSS=EMA9<EMA21;TREND=1;STRUCT=1;VOL=1;COOL=1;EMA50=1;VWAP=1;BIAS=1,1.98,-0.52,23382.31,23610.41,full target: no partial booked
1557,2026.07.16 14:42:38,2026.07.16 17:12:38,EXIT_TRAIL_SL,XAUUSD,M15,530,SELL,FULLTGT,EVENING,0,4044.71,4056.11,4033.31,11.40,1.00,11.40,4033.31,4021.91,4010.51,3999.11,3987.71,0.10,0.10,0.00,4033.31,0.00,1.00,113.30,4029.91,4031.30,4035.46,4031.29,4031.99,-0.840,4.94,24.31,38.69,51.29,-1.62,-1.08,-0.54,4036.05,4024.43,4441,4457,14.3,57.1,6,1,CROSS=EMA9<EMA21;TREND=1;STRUCT=1;VOL=1;COOL=1;EMA50=1;VWAP=1;BIAS=1,2.05,-0.52,23495.96,23495.96,stopped at a trailed level
1558,2026.07.16 15:00:00,2026.07.16 17:30:00,ENTRY,XAUUSD,M15,532,BUY,FULLTGT,EVENING,0,4038.59,4027.32,4027.32,11.27,1.00,11.27,4049.86,4061.13,4072.40,4083.67,4094.94,0.10,0.10,0.10,4038.59,0.00,0.00,0.00,4032.45,4032.26,4035.56,4030.93,4031.63,-0.585,5.63,21.14,56.91,61.96,-0.45,-0.98,0.53,4035.97,4038.54,10299,4609,85.7,0.0,5,1,CROSS=EMA9>EMA21;TREND=1;STRUCT=1;VOL=1;COOL=1;EMA50=1;VWAP=1;BIAS=1,0.00,0.00,23495.61,23495.11,KZ=NY; KZR=London L @ 4043.89 280 bars ago (low taken); EVENING 4PM-12AM IST session: stop x1.00 of usual; no partials; full size to TP5; SL steps BE->TP1->TP2->TP3
1559,2026.07.16 15:15:16,2026.07.16 17:45:16,EXIT_SL,XAUUSD,M15,532,BUY,FULLTGT,EVENING,0,4038.59,4027.32,4027.32,11.27,1.00,11.27,4049.86,4061.13,4072.40,4083.67,4094.94,0.10,0.10,0.00,4027.20,0.00,-1.01,-114.60,4032.33,4032.23,4035.41,4032.45,4032.26,-0.519,6.15,18.72,49.06,48.81,-0.45,-0.92,0.47,4035.91,4031.86,8516,4775,28.6,57.1,10,1,CROSS=EMA9>EMA21;TREND=1;STRUCT=1;VOL=1;COOL=1;EMA50=1;VWAP=1;BIAS=1,0.43,-1.00,23381.36,23381.36,stopped at the initial SL (x1.00 of usual)
1560,2026.07.16 15:30:00,2026.07.16 18:00:00,ENTRY,XAUUSD,M15,534,SELL,FULLTGT,EVENING,0,4024.97,4038.63,4038.63,13.66,1.00,13.66,4011.31,3997.64,3983.98,3970.32,3956.66,0.08,0.08,0.08,4024.97,0.00,0.00,0.00,4030.86,4031.57,4035.00,4032.33,4032.23,-0.503,6.83,19.42,42.54,42.39,-0.99,-0.92,-0.07,4035.39,4024.97,11494,5077,0.0,85.7,5,1,CROSS=EMA9<EMA21;TREND=1;STRUCT=1;VOL=1;COOL=1;EMA50=1;VWAP=1;BIAS=1,0.00,0.00,23381.08,23380.68,KZ=NY; KZR=NY L @ 4015.58 0 bars ago (low taken); EVENING 4PM-12AM IST session: stop x1.00 of usual; no partials; full size to TP5; SL steps BE->TP1->TP2->TP3
1561,2026.07.16 15:40:50,2026.07.16 18:10:50,SL_MOVE,XAUUSD,M15,534,SELL,FULLTGT,EVENING,0,4024.97,4038.63,4024.97,13.66,1.00,13.66,4011.31,3997.64,3983.98,3970.32,3956.66,0.08,0.00,0.08,4024.97,1.00,0.00,0.00,4030.86,4031.57,4035.00,4032.33,4032.23,-0.503,6.83,19.42,42.54,33.67,-0.99,-0.92,-0.07,4035.39,4024.97,11494,5077,0.0,85.7,10,1,CROSS=EMA9<EMA21;TREND=1;STRUCT=1;VOL=1;COOL=1;EMA50=1;VWAP=1;BIAS=1,0.99,-0.35,23381.08,23490.84,stop to breakeven
1562,2026.07.16 15:40:50,2026.07.16 18:10:50,TP1_REACHED,XAUUSD,M15,534,SELL,FULLTGT,EVENING,0,4024.97,4038.63,4024.97,13.66,1.00,13.66,4011.31,3997.64,3983.98,3970.32,3956.66,0.08,0.00,0.08,4011.31,1.00,1.00,0.00,4030.86,4031.57,4035.00,4032.33,4032.23,-0.503,6.83,19.42,42.54,33.67,-0.99,-0.92,-0.07,4035.39,4024.97,11494,5077,0.0,85.7,10,1,CROSS=EMA9<EMA21;TREND=1;STRUCT=1;VOL=1;COOL=1;EMA50=1;VWAP=1;BIAS=1,0.99,-0.35,23381.08,23490.84,full target: no partial booked
1563,2026.07.16 15:50:10,2026.07.16 18:20:10,SL_MOVE,XAUUSD,M15,534,SELL,FULLTGT,EVENING,0,4024.97,4038.63,4011.31,13.66,1.00,13.66,4011.31,3997.64,3983.98,3970.32,3956.66,0.08,0.00,0.08,4011.31,2.00,0.00,0.00,4025.24,4028.95,4033.74,4030.86,4031.57,-0.594,8.07,21.26,29.12,24.78,-3.17,-1.17,-2.00,4034.33,4002.78,12681,5466,0.0,85.7,10,1,CROSS=EMA9<EMA21;TREND=1;STRUCT=1;VOL=1;COOL=1;EMA50=1;VWAP=1;BIAS=1,1.99,-0.35,23381.08,23599.80,stop trailed to TP1
1564,2026.07.16 15:50:10,2026.07.16 18:20:10,TP2_REACHED,XAUUSD,M15,534,SELL,FULLTGT,EVENING,0,4024.97,4038.63,4011.31,13.66,1.00,13.66,4011.31,3997.64,3983.98,3970.32,3956.66,0.08,0.00,0.08,3997.64,2.00,2.00,0.00,4025.24,4028.95,4033.74,4030.86,4031.57,-0.594,8.07,21.26,29.12,24.78,-3.17,-1.17,-2.00,4034.33,4002.78,12681,5466,0.0,85.7,10,1,CROSS=EMA9<EMA21;TREND=1;STRUCT=1;VOL=1;COOL=1;EMA50=1;VWAP=1;BIAS=1,1.99,-0.35,23381.08,23599.80,full target: no partial booked
1565,2026.07.16 16:02:39,2026.07.16 18:32:39,SL_MOVE,XAUUSD,M15,534,SELL,FULLTGT,EVENING,0,4024.97,4038.63,3997.64,13.66,1.00,13.66,4011.31,3997.64,3983.98,3970.32,3956.66,0.08,0.00,0.08,3997.64,3.00,0.00,0.00,4018.67,4025.62,4032.12,4025.24,4028.95,-0.747,8.70,24.24,25.12,21.62,-5.67,-1.73,-3.95,4032.53,3992.38,14750,5936,0.0,85.7,10,1,CROSS=EMA9<EMA21;TREND=1;STRUCT=1;VOL=1;COOL=1;EMA50=1;VWAP=1;BIAS=1,2.99,-0.35,23381.08,23711.08,stop trailed to TP2
1566,2026.07.16 16:02:39,2026.07.16 18:32:39,TP3_REACHED,XAUUSD,M15,534,SELL,FULLTGT,EVENING,0,4024.97,4038.63,3997.64,13.66,1.00,13.66,4011.31,3997.64,3983.98,3970.32,3956.66,0.08,0.00,0.08,3983.98,3.00,3.00,0.00,4018.67,4025.62,4032.12,4025.24,4028.95,-0.747,8.70,24.24,25.12,21.62,-5.67,-1.73,-3.95,4032.53,3992.38,14750,5936,0.0,85.7,10,1,CROSS=EMA9<EMA21;TREND=1;STRUCT=1;VOL=1;COOL=1;EMA50=1;VWAP=1;BIAS=1,2.99,-0.35,23381.08,23711.08,full target: no partial booked
1567,2026.07.16 16:24:21,2026.07.16 18:54:21,EXIT_TRAIL_SL,XAUUSD,M15,534,SELL,FULLTGT,EVENING,0,4024.97,4038.63,3997.64,13.66,1.00,13.66,4011.31,3997.64,3983.98,3970.32,3956.66,0.08,0.08,0.00,3997.64,0.00,2.00,218.08,4013.39,4022.59,4030.55,4018.67,4025.62,-0.836,9.53,28.24,25.07,36.10,-7.58,-2.47,-5.11,4029.76,3992.25,19993,6618,0.0,100.0,10,1,CROSS=EMA9<EMA21;TREND=1;STRUCT=1;VOL=1;COOL=1;EMA50=1;VWAP=1;BIAS=1,3.76,-0.35,23599.44,23599.44,stopped at a trailed level
1568,2026.07.17 01:00:00,2026.07.17 03:30:00,DAY_SUMMARY,XAUUSD,M15,534,FLAT,NA,DAY,0,0.00,0.00,0.00,0.00,1.00,0.00,0.00,0.00,0.00,0.00,0.00,0.00,0.00,0.00,0.00,0.00,1.99,216.78,3977.91,3984.25,3998.68,3978.29,3985.04,-2.007,7.19,35.20,37.96,46.04,-7.62,-8.02,0.40,4013.38,3976.39,1505,5872,14.3,71.4,12,1,CROSS=EMA9<EMA21;TREND=1;STRUCT=1;VOL=1;COOL=1;EMA50=1;VWAP=1;BIAS=1,0.00,0.00,23599.44,23599.44,2026.07.16 trades=3 W=2 L=1 gross_profit=331.38 gross_loss=114.60 net=216.78 PF=2.89
1569,2026.07.17 04:00:00,2026.07.17 06:30:00,ENTRY,XAUUSD,M15,536,BUY,FULLTGT,DAY,0,3992.06,3980.78,3980.78,11.28,1.00,11.28,4003.34,4014.63,4025.91,4037.19,4048.47,0.10,0.10,0.10,3992.06,0.00,0.00,0.00,3983.75,3983.07,3992.21,3981.69,3982.18,-1.620,5.64,19.67,58.63,67.48,-1.20,-3.80,2.60,3982.86,3991.99,5708,3815,85.7,0.0,7,1,CROSS=EMA9>EMA21;TREND=1;STRUCT=1;VOL=1;COOL=1;EMA50=1;VWAP=1;BIAS=1,0.00,0.00,23599.09,23598.39,KZ=ASIA; KZR=NY L @ 3973.66 21 bars ago (low taken); DAY 12AM-4PM IST session: stop x1.00 of usual; no partials; full size to TP5; SL steps BE->TP1->TP2->TP3
1570,2026.07.17 04:51:42,2026.07.17 07:21:42,EXIT_SL,XAUUSD,M15,536,BUY,FULLTGT,DAY,0,3992.06,3980.78,3980.78,11.28,1.00,11.28,4003.34,4014.63,4025.91,4037.19,4048.47,0.10,0.10,0.00,3980.72,0.00,-1.01,-114.10,3987.51,3985.16,3992.13,3986.55,3984.55,-1.190,5.86,25.37,57.53,45.12,0.64,-1.85,2.49,3986.27,3991.32,8007,4332,85.7,14.3,12,1,CROSS=EMA9>EMA21;TREND=1;STRUCT=1;VOL=1;COOL=1;EMA50=1;VWAP=1;BIAS=1,0.37,-0.99,23485.34,23485.34,stopped at the initial SL (x1.00 of usual)
1571,2026.07.17 05:45:00,2026.07.17 08:15:00,ENTRY,XAUUSD,M15,538,SELL,FULLTGT,DAY,0,3974.96,3987.60,3987.60,12.64,1.00,12.64,3962.32,3949.69,3937.05,3924.42,3911.78,0.09,0.09,0.09,3974.96,0.00,0.00,0.00,3983.02,3983.62,3990.40,3985.03,3984.48,-1.074,6.32,18.67,39.38,36.65,-0.98,-0.43,-0.55,3984.88,3974.99,8872,5073,0.0,85.7,12,1,CROSS=EMA9<EMA21;TREND=1;STRUCT=1;VOL=1;COOL=1;EMA50=1;VWAP=1;BIAS=1,0.00,0.00,23485.02,23483.94,KZ=ASIA; KZR=NY L @ 3973.66 28 bars ago (low taken); DAY 12AM-4PM IST session: stop x1.00 of usual; no partials; full size to TP5; SL steps BE->TP1->TP2->TP3
1572,2026.07.17 06:04:25,2026.07.17 08:34:25,EXIT_SL,XAUUSD,M15,538,SELL,FULLTGT,DAY,0,3974.96,3987.60,3987.60,12.64,1.00,12.64,3962.32,3949.69,3937.05,3924.42,3911.78,0.09,0.09,0.00,3987.66,0.00,-1.01,-114.94,3982.24,3983.21,3989.96,3983.02,3983.62,-1.046,6.46,19.48,44.55,44.75,-1.24,-0.32,-0.92,3984.40,3979.13,7325,5364,14.3,71.4,5,1,CROSS=EMA9<EMA21;TREND=1;STRUCT=1;VOL=1;COOL=1;EMA50=1;VWAP=1;BIAS=1,0.04,-1.00,23370.40,23370.40,stopped at the initial SL (x1.00 of usual)
1573,2026.07.17 06:30:00,2026.07.17 09:00:00,ENTRY,XAUUSD,M15,540,BUY,FULLTGT,DAY,0,4001.25,3985.82,3985.82,15.43,1.00,15.43,4016.68,4032.11,4047.53,4062.96,4078.39,0.07,0.07,0.07,4001.25,0.00,0.00,0.00,3987.08,3985.31,3990.36,3983.56,3983.72,-0.655,7.71,20.98,63.29,67.71,0.80,-0.13,0.93,3985.72,4001.18,9609,6089,85.7,0.0,7,1,CROSS=EMA9>EMA21;TREND=1;STRUCT=1;VOL=1;COOL=1;EMA50=1;VWAP=1;BIAS=1,0.00,0.00,23370.15,23369.66,KZ=ASIA; KZR=NY L @ 3973.66 31 bars ago (low taken); DAY 12AM-4PM IST session: stop x1.00 of usual; no partials; full size to TP5; SL steps BE->TP1->TP2->TP3
1574,2026.07.17 07:25:20,2026.07.17 09:55:20,EXIT_SL,XAUUSD,M15,540,BUY,FULLTGT,DAY,0,4001.25,3985.82,3985.82,15.43,1.00,15.43,4016.68,4032.11,4047.53,4062.96,4078.39,0.07,0.07,0.00,3985.82,0.00,-1.00,-108.51,3989.46,3987.05,3990.60,3989.62,3986.87,-0.442,8.03,20.15,51.63,45.21,1.67,0.30,1.37,3986.44,3988.81,4325,6415,57.1,14.3,10,1,CROSS=EMA9>EMA21;TREND=1;STRUCT=1;VOL=1;COOL=1;EMA50=1;VWAP=1;BIAS=1,0.02,-1.00,23261.89,23261.89,stopped at the initial SL (x1.00 of usual)
1575,2026.07.17 08:15:00,2026.07.17 10:45:00,ENTRY,XAUUSD,M15,542,SELL,FULLTGT,DAY,0,3979.72,3995.71,3995.71,15.99,1.00,15.99,3963.73,3947.75,3931.76,3915.77,3899.79,0.07,0.07,0.07,3979.72,0.00,0.00,0.00,3985.01,3985.52,3989.38,3986.33,3986.10,-0.483,7.99,28.76,44.01,37.71,-0.28,0.82,-1.10,3986.08,3979.72,4725,6479,0.0,85.7,5,1,CROSS=EMA9<EMA21;TREND=1;STRUCT=1;VOL=1;COOL=1;EMA50=1;VWAP=1;BIAS=1,0.00,0.00,23261.64,23261.29,KZ=LONDON; KZR=NY L @ 3973.66 38 bars ago (low taken); DAY 12AM-4PM IST session: stop x1.00 of usual; no partials; full size to TP5; SL steps BE->TP1->TP2->TP3
1576,2026.07.17 09:11:05,2026.07.17 11:41:05,EXIT_SL,XAUUSD,M15,542,SELL,FULLTGT,DAY,0,3979.72,3995.71,3995.71,15.99,1.00,15.99,3963.73,3947.75,3931.76,3915.77,3899.79,0.07,0.07,0.00,3995.75,0.00,-1.00,-112.71,3984.66,3985.16,3988.77,3984.54,3985.17,-0.420,8.58,29.09,49.70,54.42,-0.42,0.45,-0.86,3985.80,3985.12,8092,6864,28.6,71.4,11,1,CROSS=EMA9<EMA21;TREND=1;STRUCT=1;VOL=1;COOL=1;EMA50=1;VWAP=1;BIAS=1,0.28,-1.00,23149.18,23149.18,stopped at the initial SL (x1.00 of usual)
1577,2026.07.17 09:15:00,2026.07.17 11:45:00,ENTRY,XAUUSD,M15,544,BUY,FULLTGT,DAY,0,3999.75,3982.08,3982.08,17.67,1.00,17.67,4017.42,4035.09,4052.77,4070.44,4088.11,0.06,0.06,0.06,3999.75,0.00,0.00,0.00,3987.66,3986.48,3989.20,3984.66,3985.16,-0.307,8.84,25.70,61.42,65.73,0.79,0.33,0.45,3986.31,3999.65,10250,6836,100.0,0.0,11,1,CROSS=EMA9>EMA21;TREND=1;STRUCT=1;VOL=1;COOL=1;EMA50=1;VWAP=1;BIAS=1,0.00,0.00,23148.97,23148.31,KZ=LONDON; KZR=NY L @ 3973.66 42 bars ago (low taken); DAY 12AM-4PM IST session: stop x1.00 of usual; no partials; full size to TP5; SL steps BE->TP1->TP2->TP3
1578,2026.07.17 15:15:00,2026.07.17 17:45:00,FLIP,XAUUSD,M15,544,BUY,FULLTGT,EVENING,0,3999.75,3982.08,3982.08,17.67,1.00,17.67,4017.42,4035.09,4052.77,4070.44,4088.11,0.06,0.00,0.00,3989.93,0.00,-0.56,0.00,3993.38,3993.66,3992.82,3994.24,3994.04,0.144,5.86,14.79,45.51,42.16,0.34,1.37,-1.04,3990.32,3989.93,5914,5178,0.0,85.7,10,1,CROSS=EMA9<EMA21;TREND=1;STRUCT=1;VOL=1;COOL=1;EMA50=1;VWAP=1;BIAS=1,0.42,-0.67,23148.97,23090.05,opposite signal before SL/target | BUY -> SELL | closing trade 544
1579,2026.07.17 15:15:00,2026.07.17 17:45:00,EXIT_FLIP,XAUUSD,M15,544,BUY,FULLTGT,EVENING,0,3999.75,3982.08,3982.08,17.67,1.00,17.67,4017.42,4035.09,4052.77,4070.44,4088.11,0.06,0.06,0.00,3989.93,0.00,-0.56,0.00,3993.38,3993.66,3992.82,3994.24,3994.04,0.144,5.86,14.79,45.51,42.16,0.34,1.37,-1.04,3990.32,3989.93,5914,5178,0.0,85.7,10,1,CROSS=EMA9<EMA21;TREND=1;STRUCT=1;VOL=1;COOL=1;EMA50=1;VWAP=1;BIAS=1,0.42,-0.67,23089.84,23089.84,FLIP exit
1580,2026.07.17 15:15:00,2026.07.17 17:45:00,EXIT_OTHER,XAUUSD,M15,544,BUY,FULLTGT,EVENING,0,3999.75,3982.08,3982.08,17.67,1.00,17.67,4017.42,4035.09,4052.77,4070.44,4088.11,0.06,0.06,0.00,3989.93,0.00,-0.56,-59.34,3993.38,3993.66,3992.82,3994.24,3994.04,0.144,5.86,14.79,45.51,42.16,0.34,1.37,-1.04,3990.32,3989.93,5914,5178,0.0,85.7,10,1,CROSS=EMA9<EMA21;TREND=1;STRUCT=1;VOL=1;COOL=1;EMA50=1;VWAP=1;BIAS=1,0.42,-0.67,23089.84,23089.84,FLIP exit
1581,2026.07.17 15:15:00,2026.07.17 17:45:00,ENTRY,XAUUSD,M15,546,SELL,FULLTGT,EVENING,544,3989.93,4001.65,4001.65,11.72,1.00,11.72,3978.21,3966.49,3954.77,3943.05,3931.33,0.09,0.09,0.09,3989.93,0.00,0.00,0.00,3993.38,3993.66,3992.82,3994.24,3994.04,0.144,5.86,14.79,45.51,42.16,0.34,1.37,-1.04,3990.32,3989.93,5914,5178,0.0,85.7,10,1,CROSS=EMA9<EMA21;TREND=1;STRUCT=1;VOL=1;COOL=1;EMA50=1;VWAP=1;BIAS=1,0.00,0.00,23089.52,23088.62,KZ=NY; KZR=NY L @ 3973.66 66 bars ago (low taken); EVENING 4PM-12AM IST session: stop x1.00 of usual; no partials; full size to TP5; SL steps BE->TP1->TP2->TP3; flipped from trade 544
1582,2026.07.17 15:39:56,2026.07.17 18:09:56,SL_MOVE,XAUUSD,M15,546,SELL,FULLTGT,EVENING,544,3989.93,4001.65,3989.93,11.72,1.00,11.72,3978.21,3966.49,3954.77,3943.05,3931.33,0.09,0.00,0.09,3989.93,1.00,0.00,0.00,3992.16,3993.09,3992.61,3993.38,3993.66,0.083,5.79,17.08,42.53,33.67,-0.20,1.09,-1.29,3990.28,3987.30,5991,5186,0.0,85.7,10,1,CROSS=EMA9<EMA21;TREND=1;STRUCT=1;VOL=1;COOL=1;EMA50=1;VWAP=1;BIAS=1,1.00,-0.21,23089.52,23195.00,stop to breakeven
1583,2026.07.17 15:39:56,2026.07.17 18:09:56,TP1_REACHED,XAUUSD,M15,546,SELL,FULLTGT,EVENING,544,3989.93,4001.65,3989.93,11.72,1.00,11.72,3978.21,3966.49,3954.77,3943.05,3931.33,0.09,0.00,0.09,3978.21,1.00,1.00,0.00,3992.16,3993.09,3992.61,3993.38,3993.66,0.083,5.79,17.08,42.53,33.67,-0.20,1.09,-1.29,3990.28,3987.30,5991,5186,0.0,85.7,10,1,CROSS=EMA9<EMA21;TREND=1;STRUCT=1;VOL=1;COOL=1;EMA50=1;VWAP=1;BIAS=1,1.00,-0.21,23089.52,23195.00,full target: no partial booked
1584,2026.07.17 15:43:08,2026.07.17 18:13:08,SL_MOVE,XAUUSD,M15,546,SELL,FULLTGT,EVENING,544,3989.93,4001.65,3978.21,11.72,1.00,11.72,3978.21,3966.49,3954.77,3943.05,3931.33,0.09,0.00,0.09,3978.21,2.00,0.00,0.00,3992.16,3993.09,3992.61,3993.38,3993.66,0.083,5.79,17.08,42.53,29.91,-0.20,1.09,-1.29,3990.28,3987.30,5991,5186,0.0,85.7,10,1,CROSS=EMA9<EMA21;TREND=1;STRUCT=1;VOL=1;COOL=1;EMA50=1;VWAP=1;BIAS=1,1.98,-0.21,23089.52,23301.56,stop trailed to TP1
1585,2026.07.17 15:43:08,2026.07.17 18:13:08,TP2_REACHED,XAUUSD,M15,546,SELL,FULLTGT,EVENING,544,3989.93,4001.65,3978.21,11.72,1.00,11.72,3978.21,3966.49,3954.77,3943.05,3931.33,0.09,0.00,0.09,3966.49,2.00,2.00,0.00,3992.16,3993.09,3992.61,3993.38,3993.66,0.083,5.79,17.08,42.53,29.91,-0.20,1.09,-1.29,3990.28,3987.30,5991,5186,0.0,85.7,10,1,CROSS=EMA9<EMA21;TREND=1;STRUCT=1;VOL=1;COOL=1;EMA50=1;VWAP=1;BIAS=1,1.98,-0.21,23089.52,23301.56,full target: no partial booked
1586,2026.07.17 16:36:20,2026.07.17 19:06:20,EXIT_TRAIL_SL,XAUUSD,M15,546,SELL,FULLTGT,EVENING,544,3989.93,4001.65,3978.21,11.72,1.00,11.72,3978.21,3966.49,3954.77,3943.05,3931.33,0.09,0.09,0.00,3978.24,0.00,1.00,104.57,3978.24,3985.31,3989.05,3980.72,3987.01,-0.512,7.30,35.01,31.26,31.53,-5.51,-1.45,-4.06,3987.90,3968.32,12289,6112,0.0,100.0,10,1,CROSS=EMA9<EMA21;TREND=1;STRUCT=1;VOL=1;COOL=1;EMA50=1;VWAP=1;BIAS=1,2.58,-0.21,23194.41,23194.41,stopped at a trailed level
1587,2026.07.17 17:45:00,2026.07.17 20:15:00,SKIP,XAUUSD,M15,546,FLAT,NA,EVENING,544,0.00,0.00,0.00,0.00,1.00,0.00,0.00,0.00,0.00,0.00,0.00,0.00,0.00,0.00,0.00,0.00,0.00,0.00,3990.05,3989.07,3990.12,3988.11,3988.19,-0.107,9.80,22.12,57.05,58.00,-0.01,-2.98,2.97,3988.74,3997.83,11952,9019,71.4,14.3,7,1,CROSS=EMA9<EMA21;TREND=1;STRUCT=1;VOL=1;COOL=1;EMA50=1;VWAP=1;BIAS=1,0.00,0.00,23194.41,23194.41,outside the killzone window
1588,2026.07.20 01:00:00,2026.07.20 03:30:00,DAY_SUMMARY,XAUUSD,M15,546,FLAT,NA,DAY,544,0.00,0.00,0.00,0.00,1.00,0.00,0.00,0.00,0.00,0.00,0.00,0.00,0.00,0.00,0.00,0.00,-3.57,-405.03,4012.81,4010.22,4004.18,4011.46,4009.43,1.027,5.88,19.28,60.59,64.04,3.25,3.34,-0.09,3994.80,4018.17,1359,5326,57.1,14.3,12,1,CROSS=EMA9<EMA21;TREND=1;STRUCT=1;VOL=1;COOL=1;EMA50=1;VWAP=1;BIAS=1,0.00,0.00,23194.41,23194.41,2026.07.17 trades=6 W=1 L=5 gross_profit=104.57 gross_loss=509.60 net=-405.03 PF=0.21
1589,2026.07.20 01:00:00,2026.07.20 03:30:00,WEEK_SUMMARY,XAUUSD,M15,546,FLAT,NA,DAY,544,0.00,0.00,0.00,0.00,1.00,0.00,0.00,0.00,0.00,0.00,0.00,0.00,0.00,0.00,0.00,0.00,-2.62,-298.49,4012.81,4010.22,4004.18,4011.46,4009.43,1.027,5.88,19.28,60.59,64.04,3.25,3.34,-0.09,3994.80,4018.17,1359,5326,57.1,14.3,12,1,CROSS=EMA9<EMA21;TREND=1;STRUCT=1;VOL=1;COOL=1;EMA50=1;VWAP=1;BIAS=1,0.00,0.00,23194.41,23194.41,days=5 trades=15 W=4 L=11 gross_profit=550.24 gross_loss=848.73 net=-298.49 PF=0.65 pips=-4772.0
1590,2026.07.20 01:30:00,2026.07.20 04:00:00,SKIP,XAUUSD,M15,546,FLAT,NA,DAY,544,0.00,0.00,0.00,0.00,1.00,0.00,0.00,0.00,0.00,0.00,0.00,0.00,0.00,0.00,0.00,0.00,0.00,0.00,4006.67,4007.72,4003.54,4009.58,4008.99,0.649,6.44,14.92,39.80,33.84,0.46,2.65,-2.19,3998.75,3995.03,3844,4721,0.0,71.4,12,1,CROSS=EMA9<EMA21;TREND=1;STRUCT=1;VOL=1;COOL=1;EMA50=1;VWAP=1;BIAS=1,0.00,0.00,23194.41,23194.41,already positioned that way
1591,2026.07.20 05:15:00,2026.07.20 07:45:00,ENTRY,XAUUSD,M15,548,BUY,FULLTGT,DAY,0,4006.36,3989.75,3989.75,16.61,1.00,16.61,4022.97,4039.57,4056.18,4072.78,4089.39,0.06,0.06,0.06,4006.36,0.00,0.00,0.00,4002.57,4002.55,4001.97,4001.64,4002.18,0.071,8.30,14.77,53.12,53.91,-0.35,-1.47,1.12,4001.17,4006.29,7982,5583,85.7,0.0,6,1,CROSS=EMA9>EMA21;TREND=1;STRUCT=1;VOL=1;COOL=1;EMA50=1;VWAP=1;BIAS=1,0.00,0.00,23194.20,23193.84,KZ=ASIA; KZR=Asia L @ 3970.79 246 bars ago (low taken); DAY 12AM-4PM IST session: stop x1.00 of usual; no partials; full size to TP5; SL steps BE->TP1->TP2->TP3
1592,2026.07.20 05:48:48,2026.07.20 08:18:48,SL_MOVE,XAUUSD,M15,548,BUY,FULLTGT,DAY,0,4006.36,3989.75,4006.36,16.61,1.00,16.61,4022.97,4039.57,4056.18,4072.78,4089.39,0.06,0.00,0.06,4006.36,1.00,0.00,0.00,4005.73,4004.04,4002.66,4003.44,4002.95,0.159,8.66,18.37,59.56,62.46,0.98,-0.69,1.68,4002.17,4014.87,8534,6073,85.7,0.0,12,1,CROSS=EMA9>EMA21;TREND=1;STRUCT=1;VOL=1;COOL=1;EMA50=1;VWAP=1;BIAS=1,0.99,-0.13,23194.20,23294.04,stop to breakeven
1593,2026.07.20 05:48:48,2026.07.20 08:18:48,TP1_REACHED,XAUUSD,M15,548,BUY,FULLTGT,DAY,0,4006.36,3989.75,4006.36,16.61,1.00,16.61,4022.97,4039.57,4056.18,4072.78,4089.39,0.06,0.00,0.06,4022.97,1.00,1.00,0.00,4005.73,4004.04,4002.66,4003.44,4002.95,0.159,8.66,18.37,59.56,62.46,0.98,-0.69,1.68,4002.17,4014.87,8534,6073,85.7,0.0,12,1,CROSS=EMA9>EMA21;TREND=1;STRUCT=1;VOL=1;COOL=1;EMA50=1;VWAP=1;BIAS=1,0.99,-0.13,23194.20,23294.04,full target: no partial booked
1594,2026.07.20 08:49:49,2026.07.20 11:19:49,EXIT_BE,XAUUSD,M15,548,BUY,FULLTGT,DAY,0,4006.36,3989.75,4006.36,16.61,1.00,16.61,4022.97,4039.57,4056.18,4072.78,4089.39,0.06,0.06,0.00,4006.12,0.00,-0.01,-1.86,4015.95,4014.09,4009.15,4017.44,4014.50,0.632,7.81,35.29,47.07,33.18,2.84,4.90,-2.07,4008.22,4009.98,7960,6346,28.6,71.4,6,1,CROSS=EMA9>EMA21;TREND=1;STRUCT=1;VOL=1;COOL=1;EMA50=1;VWAP=1;BIAS=1,1.35,-0.13,23192.55,23192.55,stopped at breakeven
1595,2026.07.20 09:30:00,2026.07.20 12:00:00,ENTRY,XAUUSD,M15,550,SELL,FULLTGT,DAY,0,4004.91,4018.67,4018.67,13.76,1.00,13.76,3991.15,3977.39,3963.63,3949.87,3936.11,0.08,0.08,0.08,4004.91,0.00,0.00,0.00,4011.47,4012.31,4008.91,4013.11,4013.05,0.494,6.88,42.03,42.25,33.14,0.53,3.55,-3.02,4008.17,4004.91,5859,5817,0.0,100.0,8,1,CROSS=EMA9<EMA21;TREND=1;STRUCT=1;VOL=1;COOL=1;EMA50=1;VWAP=1;BIAS=1,0.00,0.00,23192.27,23191.63,KZ=LONDON; KZR=Asia L @ 3970.79 263 bars ago (low taken); DAY 12AM-4PM IST session: stop x1.00 of usual; no partials; full size to TP5; SL steps BE->TP1->TP2->TP3
1596,2026.07.20 10:40:58,2026.07.20 13:10:58,EXIT_SL,XAUUSD,M15,550,SELL,FULLTGT,DAY,0,4004.91,4018.67,4018.67,13.76,1.00,13.76,3991.15,3977.39,3963.63,3949.87,3936.11,0.08,0.08,0.00,4018.67,0.00,-1.00,-110.64,4007.73,4010.00,4008.33,4007.97,4010.32,0.276,6.06,44.89,45.60,64.30,-1.20,0.81,-2.01,4007.89,4006.80,5219,5361,14.3,71.4,7,1,CROSS=EMA9<EMA21;TREND=1;STRUCT=1;VOL=1;COOL=1;EMA50=1;VWAP=1;BIAS=1,0.19,-0.99,23081.91,23081.91,stopped at the initial SL (x1.00 of usual)
1597,2026.07.20 11:00:00,2026.07.20 13:30:00,ENTRY,XAUUSD,M15,552,BUY,FULLTGT,DAY,0,4017.30,4004.66,4004.66,12.64,1.00,12.64,4029.94,4042.58,4055.21,4067.85,4080.49,0.09,0.09,0.09,4017.30,0.00,0.00,0.00,4011.79,4011.58,4009.16,4010.40,4011.01,0.384,6.32,35.28,56.53,61.45,0.41,0.12,0.29,4008.41,4017.35,5252,5152,85.7,14.3,8,1,CROSS=EMA9>EMA21;TREND=1;STRUCT=1;VOL=1;COOL=1;EMA50=1;VWAP=1;BIAS=1,0.00,0.00,23081.59,23080.87,KZ=LONDON; KZR=Asia L @ 3970.79 269 bars ago (low taken); DAY 12AM-4PM IST session: stop x1.00 of usual; no partials; full size to TP5; SL steps BE->TP1->TP2->TP3
1598,2026.07.20 11:24:55,2026.07.20 13:54:55,SL_MOVE,XAUUSD,M15,552,BUY,FULLTGT,DAY,0,4017.30,4004.66,4017.30,12.64,1.00,12.64,4029.94,4042.58,4055.21,4067.85,4080.49,0.09,0.00,0.09,4017.30,1.00,0.00,0.00,4014.27,4012.73,4009.75,4011.79,4011.58,0.495,6.02,33.65,62.07,67.42,1.38,0.05,1.33,4008.74,4024.19,5621,5047,100.0,0.0,11,1,CROSS=EMA9>EMA21;TREND=1;STRUCT=1;VOL=1;COOL=1;EMA50=1;VWAP=1;BIAS=1,1.00,-0.01,23081.59,23195.98,stop to breakeven
1599,2026.07.20 11:24:55,2026.07.20 13:54:55,TP1_REACHED,XAUUSD,M15,552,BUY,FULLTGT,DAY,0,4017.30,4004.66,4017.30,12.64,1.00,12.64,4029.94,4042.58,4055.21,4067.85,4080.49,0.09,0.00,0.09,4029.94,1.00,1.00,0.00,4014.27,4012.73,4009.75,4011.79,4011.58,0.495,6.02,33.65,62.07,67.42,1.38,0.05,1.33,4008.74,4024.19,5621,5047,100.0,0.0,11,1,CROSS=EMA9>EMA21;TREND=1;STRUCT=1;VOL=1;COOL=1;EMA50=1;VWAP=1;BIAS=1,1.00,-0.01,23081.59,23195.98,full target: no partial booked
1600,2026.07.20 12:05:40,2026.07.20 14:35:40,EXIT_BE,XAUUSD,M15,552,BUY,FULLTGT,DAY,0,4017.30,4004.66,4017.30,12.64,1.00,12.64,4029.94,4042.58,4055.21,4067.85,4080.49,0.09,0.09,0.00,4017.16,0.00,-0.01,-1.90,4017.45,4014.76,4011.02,4017.05,4014.34,0.623,6.01,28.16,55.78,51.16,2.43,0.60,1.82,4009.46,4019.04,3960,4931,85.7,0.0,8,1,CROSS=EMA9>EMA21;TREND=1;STRUCT=1;VOL=1;COOL=1;EMA50=1;VWAP=1;BIAS=1,1.06,-0.01,23080.01,23080.01,stopped at breakeven
1601,2026.07.20 15:45:00,2026.07.20 18:15:00,ENTRY,XAUUSD,M15,554,SELL,FULLTGT,EVENING,0,4010.00,4024.94,4024.94,14.94,1.00,14.94,3995.06,3980.11,3965.17,3950.22,3935.28,0.07,0.07,0.07,4010.00,0.00,0.00,0.00,4018.00,4018.41,4015.08,4020.00,4019.25,0.445,7.47,29.48,41.58,37.61,0.62,2.51,-1.89,4012.46,4010.01,7162,5464,0.0,100.0,10,1,CROSS=EMA9<EMA21;TREND=1;STRUCT=1;VOL=1;COOL=1;EMA50=1;VWAP=1;BIAS=1,0.00,0.00,23079.76,23079.06,KZ=NY; KZR=London H @ 4036.63 4 bars ago (high taken); EVENING 4PM-12AM IST session: stop x1.00 of usual; no partials; full size to TP5; SL steps BE->TP1->TP2->TP3
1602,2026.07.21 01:00:00,2026.07.21 03:30:00,DAY_SUMMARY,XAUUSD,M15,554,SELL,FULLTGT,DAY,0,4010.00,4024.94,4024.94,14.94,1.00,14.94,3995.06,3980.11,3965.17,3950.22,3935.28,0.07,0.00,0.00,0.00,0.00,-1.03,-114.40,4007.93,4008.76,4010.38,4008.05,4008.89,-0.320,5.06,18.91,47.22,47.55,-1.11,-1.43,0.31,4011.26,4007.46,1390,4052,14.3,57.1,12,1,CROSS=EMA9<EMA21;TREND=1;STRUCT=1;VOL=1;COOL=1;EMA50=1;VWAP=1;BIAS=1,0.78,-0.64,23079.76,23079.80,2026.07.20 trades=3 W=0 L=3 gross_profit=0.00 gross_loss=114.40 net=-114.40 PF=0.00
1603,2026.07.21 03:30:00,2026.07.21 06:00:00,FLIP,XAUUSD,M15,554,SELL,FULLTGT,DAY,0,4010.00,4024.94,4024.94,14.94,1.00,14.94,3995.06,3980.11,3965.17,3950.22,3935.28,0.07,0.00,0.00,4015.22,0.00,-0.35,0.00,4008.88,4008.23,4009.42,4007.32,4007.54,-0.201,5.92,22.26,59.75,60.79,0.00,-1.16,1.17,4008.01,4015.10,6893,3830,85.7,0.0,12,1,CROSS=EMA9>EMA21;TREND=1;STRUCT=1;VOL=1;COOL=1;EMA50=1;VWAP=1;BIAS=1,0.78,-0.64,23079.76,23046.34,opposite signal before SL/target | SELL -> BUY | closing trade 554
1604,2026.07.21 03:30:00,2026.07.21 06:00:00,EXIT_FLIP,XAUUSD,M15,554,SELL,FULLTGT,DAY,0,4010.00,4024.94,4024.94,14.94,1.00,14.94,3995.06,3980.11,3965.17,3950.22,3935.28,0.07,0.07,0.00,4015.22,0.00,-0.35,0.00,4008.88,4008.23,4009.42,4007.32,4007.54,-0.201,5.92,22.26,59.75,60.79,0.00,-1.16,1.17,4008.01,4015.10,6893,3830,85.7,0.0,12,1,CROSS=EMA9>EMA21;TREND=1;STRUCT=1;VOL=1;COOL=1;EMA50=1;VWAP=1;BIAS=1,0.78,-0.64,23046.09,23046.09,FLIP exit
1605,2026.07.21 03:30:00,2026.07.21 06:00:00,EXIT_OTHER,XAUUSD,M15,554,SELL,FULLTGT,DAY,0,4010.00,4024.94,4024.94,14.94,1.00,14.94,3995.06,3980.11,3965.17,3950.22,3935.28,0.07,0.07,0.00,4015.22,0.00,-0.35,-33.92,4008.88,4008.23,4009.42,4007.32,4007.54,-0.201,5.92,22.26,59.75,60.79,0.00,-1.16,1.17,4008.01,4015.10,6893,3830,85.7,0.0,12,1,CROSS=EMA9>EMA21;TREND=1;STRUCT=1;VOL=1;COOL=1;EMA50=1;VWAP=1;BIAS=1,0.78,-0.64,23046.09,23046.09,FLIP exit
1606,2026.07.21 03:30:00,2026.07.21 06:00:00,ENTRY,XAUUSD,M15,556,BUY,FULLTGT,DAY,554,4015.22,4003.38,4003.38,11.84,1.00,11.84,4027.06,4038.90,4050.74,4062.58,4074.42,0.09,0.09,0.09,4015.22,0.00,0.00,0.00,4008.88,4008.23,4009.42,4007.32,4007.54,-0.201,5.92,22.26,59.75,60.79,0.00,-1.16,1.17,4008.01,4015.10,6893,3830,85.7,0.0,12,1,CROSS=EMA9>EMA21;TREND=1;STRUCT=1;VOL=1;COOL=1;EMA50=1;VWAP=1;BIAS=1,0.00,0.00,23045.77,23044.69,KZ=ASIA; KZR=London H @ 4036.63 51 bars ago (high taken); DAY 12AM-4PM IST session: stop x1.00 of usual; no partials; full size to TP5; SL steps BE->TP1->TP2->TP3; flipped from trade 554
1607,2026.07.21 03:54:13,2026.07.21 06:24:13,SL_MOVE,XAUUSD,M15,556,BUY,FULLTGT,DAY,554,4015.22,4003.38,4015.22,11.84,1.00,11.84,4027.06,4038.90,4050.74,4062.58,4074.42,0.09,0.00,0.09,4015.22,1.00,0.00,0.00,4011.60,4009.52,4009.93,4008.88,4008.23,-0.068,5.98,27.63,66.91,71.23,1.13,-0.94,2.06,4009.35,4022.47,5029,3867,100.0,0.0,6,1,CROSS=EMA9>EMA21;TREND=1;STRUCT=1;VOL=1;COOL=1;EMA50=1;VWAP=1;BIAS=1,1.00,-0.08,23045.77,23152.51,stop to breakeven
1608,2026.07.21 03:54:13,2026.07.21 06:24:13,TP1_REACHED,XAUUSD,M15,556,BUY,FULLTGT,DAY,554,4015.22,4003.38,4015.22,11.84,1.00,11.84,4027.06,4038.90,4050.74,4062.58,4074.42,0.09,0.00,0.09,4027.06,1.00,1.00,0.00,4011.60,4009.52,4009.93,4008.88,4008.23,-0.068,5.98,27.63,66.91,71.23,1.13,-0.94,2.06,4009.35,4022.47,5029,3867,100.0,0.0,6,1,CROSS=EMA9>EMA21;TREND=1;STRUCT=1;VOL=1;COOL=1;EMA50=1;VWAP=1;BIAS=1,1.00,-0.08,23045.77,23152.51,full target: no partial booked
1609,2026.07.21 05:36:33,2026.07.21 08:06:33,SL_MOVE,XAUUSD,M15,556,BUY,FULLTGT,DAY,554,4015.22,4003.38,4027.06,11.84,1.00,11.84,4027.06,4038.90,4050.74,4062.58,4074.42,0.09,0.00,0.09,4027.06,2.00,0.00,0.00,4023.12,4017.62,4013.90,4021.69,4016.50,0.562,6.63,36.48,67.38,61.33,4.91,3.22,1.69,4017.80,4028.85,4304,4707,85.7,0.0,9,1,CROSS=EMA9>EMA21;TREND=1;STRUCT=1;VOL=1;COOL=1;EMA50=1;VWAP=1;BIAS=1,2.00,-0.08,23045.77,23259.07,stop trailed to TP1
1610,2026.07.21 05:36:33,2026.07.21 08:06:33,TP2_REACHED,XAUUSD,M15,556,BUY,FULLTGT,DAY,554,4015.22,4003.38,4027.06,11.84,1.00,11.84,4027.06,4038.90,4050.74,4062.58,4074.42,0.09,0.00,0.09,4038.90,2.00,2.00,0.00,4023.12,4017.62,4013.90,4021.69,4016.50,0.562,6.63,36.48,67.38,61.33,4.91,3.22,1.69,4017.80,4028.85,4304,4707,85.7,0.0,9,1,CROSS=EMA9>EMA21;TREND=1;STRUCT=1;VOL=1;COOL=1;EMA50=1;VWAP=1;BIAS=1,2.00,-0.08,23045.77,23259.07,full target: no partial booked
1611,2026.07.21 06:27:45,2026.07.21 08:57:45,SL_MOVE,XAUUSD,M15,556,BUY,FULLTGT,DAY,554,4015.22,4003.38,4038.90,11.84,1.00,11.84,4027.06,4038.90,4050.74,4062.58,4074.42,0.09,0.00,0.09,4038.90,3.00,0.00,0.00,4030.14,4022.54,4016.55,4028.14,4020.98,0.776,7.72,45.10,74.14,66.63,6.95,4.97,1.98,4021.37,4038.16,5755,5489,100.0,0.0,12,1,CROSS=EMA9>EMA21;TREND=1;STRUCT=1;VOL=1;COOL=1;EMA50=1;VWAP=1;BIAS=1,3.00,-0.08,23045.77,23365.63,stop trailed to TP2
1612,2026.07.21 06:27:45,2026.07.21 08:57:45,TP3_REACHED,XAUUSD,M15,556,BUY,FULLTGT,DAY,554,4015.22,4003.38,4038.90,11.84,1.00,11.84,4027.06,4038.90,4050.74,4062.58,4074.42,0.09,0.00,0.09,4050.74,3.00,3.00,0.00,4030.14,4022.54,4016.55,4028.14,4020.98,0.776,7.72,45.10,74.14,66.63,6.95,4.97,1.98,4021.37,4038.16,5755,5489,100.0,0.0,12,1,CROSS=EMA9>EMA21;TREND=1;STRUCT=1;VOL=1;COOL=1;EMA50=1;VWAP=1;BIAS=1,3.00,-0.08,23045.77,23365.63,full target: no partial booked
1613,2026.07.21 08:40:43,2026.07.21 11:10:43,SL_MOVE,XAUUSD,M15,556,BUY,FULLTGT,DAY,554,4015.22,4003.38,4050.74,11.84,1.00,11.84,4027.06,4038.90,4050.74,4062.58,4074.42,0.09,0.00,0.09,4050.74,4.00,0.00,0.00,4046.90,4037.50,4026.09,4045.01,4035.81,1.496,7.63,57.73,76.10,78.27,9.76,9.02,0.74,4027.07,4054.46,3749,5146,85.7,0.0,12,1,CROSS=EMA9>EMA21;TREND=1;STRUCT=1;VOL=1;COOL=1;EMA50=1;VWAP=1;BIAS=1,4.00,-0.08,23045.77,23472.10,stop trailed to TP3
1614,2026.07.21 08:40:43,2026.07.21 11:10:43,TP4_REACHED,XAUUSD,M15,556,BUY,FULLTGT,DAY,554,4015.22,4003.38,4050.74,11.84,1.00,11.84,4027.06,4038.90,4050.74,4062.58,4074.42,0.09,0.00,0.09,4062.58,4.00,4.00,0.00,4046.90,4037.50,4026.09,4045.01,4035.81,1.496,7.63,57.73,76.10,78.27,9.76,9.02,0.74,4027.07,4054.46,3749,5146,85.7,0.0,12,1,CROSS=EMA9>EMA21;TREND=1;STRUCT=1;VOL=1;COOL=1;EMA50=1;VWAP=1;BIAS=1,4.00,-0.08,23045.77,23472.10,full target: no partial booked
1615,2026.07.21 09:24:20,2026.07.21 11:54:20,TP5_EXIT,XAUUSD,M15,556,BUY,FULLTGT,DAY,554,4015.22,4003.38,4050.74,11.84,1.00,11.84,4027.06,4038.90,4050.74,4062.58,4074.42,0.09,0.09,0.00,4074.47,5.00,5.00,0.00,4056.62,4044.73,4030.66,4052.90,4042.05,1.794,7.84,64.59,78.91,78.32,12.00,9.99,2.01,4031.58,4071.47,6412,5114,100.0,0.0,5,1,CROSS=EMA9>EMA21;TREND=1;STRUCT=1;VOL=1;COOL=1;EMA50=1;VWAP=1;BIAS=1,5.00,-0.08,23578.70,23578.70,full target reached; closed in full
1616,2026.07.21 09:24:20,2026.07.21 11:54:20,EXIT_TP,XAUUSD,M15,556,BUY,FULLTGT,DAY,554,4015.22,4003.38,4050.74,11.84,1.00,11.84,4027.06,4038.90,4050.74,4062.58,4074.42,0.09,0.09,0.00,4074.47,0.00,5.00,532.61,4056.62,4044.73,4030.66,4052.90,4042.05,1.794,7.84,64.59,78.91,78.32,12.00,9.99,2.01,4031.58,4071.47,6412,5114,100.0,0.0,5,1,CROSS=EMA9>EMA21;TREND=1;STRUCT=1;VOL=1;COOL=1;EMA50=1;VWAP=1;BIAS=1,5.00,-0.08,23578.70,23578.70,TP5 exit
1617,2026.07.21 14:45:00,2026.07.21 17:15:00,SKIP,XAUUSD,M15,556,FLAT,NA,EVENING,554,0.00,0.00,0.00,0.00,1.00,0.00,0.00,0.00,0.00,0.00,0.00,0.00,0.00,0.00,0.00,0.00,0.00,0.00,4061.48,4061.53,4050.95,4062.81,4062.07,1.841,5.75,21.09,44.43,38.13,2.10,4.58,-2.48,4044.30,4056.15,3343,3851,14.3,57.1,6,1,CROSS=EMA9<EMA21;TREND=1;STRUCT=1;VOL=1;COOL=1;EMA50=1;VWAP=0;BIAS=1,0.00,0.00,23578.70,23578.70,quality filter
1618,2026.07.21 17:30:00,2026.07.21 20:00:00,SKIP,XAUUSD,M15,556,FLAT,NA,EVENING,554,0.00,0.00,0.00,0.00,1.00,0.00,0.00,0.00,0.00,0.00,0.00,0.00,0.00,0.00,0.00,0.00,0.00,0.00,4059.38,4059.22,4053.31,4056.85,4058.19,0.774,7.63,17.97,60.03,63.57,0.38,-0.24,0.61,4047.42,4069.50,9900,5845,85.7,0.0,5,1,CROSS=EMA9<EMA21;TREND=1;STRUCT=1;VOL=1;COOL=1;EMA50=1;VWAP=0;BIAS=1,0.00,0.00,23578.70,23578.70,outside the killzone window
1619,2026.07.22 01:00:00,2026.07.22 03:30:00,DAY_SUMMARY,XAUUSD,M15,556,FLAT,NA,DAY,554,0.00,0.00,0.00,0.00,1.00,0.00,0.00,0.00,0.00,0.00,0.00,0.00,0.00,0.00,0.00,0.00,4.65,498.69,4080.77,4077.54,4069.16,4081.56,4077.54,1.781,4.71,23.74,52.71,36.79,4.02,4.72,-0.70,4053.88,4077.60,1293,2893,42.9,28.6,9,1,CROSS=EMA9<EMA21;TREND=1;STRUCT=1;VOL=1;COOL=1;EMA50=1;VWAP=0;BIAS=1,0.00,0.00,23578.70,23578.70,2026.07.21 trades=2 W=1 L=1 gross_profit=532.61 gross_loss=33.92 net=498.69 PF=15.70
1620,2026.07.22 10:45:00,2026.07.22 13:15:00,ENTRY,XAUUSD,M15,558,SELL,FULLTGT,DAY,0,4112.37,4125.63,4125.63,13.26,1.00,13.26,4099.11,4085.84,4072.58,4059.31,4046.05,0.08,0.08,0.08,4112.37,0.00,0.00,0.00,4119.75,4120.20,4108.05,4121.59,4120.98,1.831,6.63,18.49,43.99,35.36,2.21,5.90,-3.69,4116.18,4112.37,5488,4817,0.0,85.7,11,1,CROSS=EMA9<EMA21;TREND=1;STRUCT=1;VOL=1;COOL=1;EMA50=1;VWAP=1;BIAS=1,0.00,0.00,23578.42,23577.54,KZ=LONDON; KZR=London H @ 4084.07 53 bars ago (high taken); DAY 12AM-4PM IST session: stop x1.00 of usual; no partials; full size to TP5; SL steps BE->TP1->TP2->TP3
1621,2026.07.22 15:00:00,2026.07.22 17:30:00,FLIP,XAUUSD,M15,558,SELL,FULLTGT,EVENING,0,4112.37,4125.63,4125.63,13.26,1.00,13.26,4099.11,4085.84,4072.58,4059.31,4046.05,0.08,0.00,0.00,4122.70,0.00,-0.78,0.00,4118.54,4118.39,4112.77,4117.52,4117.96,0.950,5.91,15.88,56.00,58.63,0.40,0.16,0.24,4116.44,4122.63,4412,4320,85.7,0.0,7,1,CROSS=EMA9>EMA21;TREND=1;STRUCT=1;VOL=1;COOL=1;EMA50=1;VWAP=1;BIAS=1,0.22,-0.81,23578.42,23495.78,opposite signal before SL/target | SELL -> BUY | closing trade 558
1622,2026.07.22 15:00:00,2026.07.22 17:30:00,EXIT_FLIP,XAUUSD,M15,558,SELL,FULLTGT,EVENING,0,4112.37,4125.63,4125.63,13.26,1.00,13.26,4099.11,4085.84,4072.58,4059.31,4046.05,0.08,0.08,0.00,4122.70,0.00,-0.78,0.00,4118.54,4118.39,4112.77,4117.52,4117.96,0.950,5.91,15.88,56.00,58.63,0.40,0.16,0.24,4116.44,4122.63,4412,4320,85.7,0.0,7,1,CROSS=EMA9>EMA21;TREND=1;STRUCT=1;VOL=1;COOL=1;EMA50=1;VWAP=1;BIAS=1,0.22,-0.81,23495.50,23495.50,FLIP exit
1623,2026.07.22 15:00:00,2026.07.22 17:30:00,EXIT_OTHER,XAUUSD,M15,558,SELL,FULLTGT,EVENING,0,4112.37,4125.63,4125.63,13.26,1.00,13.26,4099.11,4085.84,4072.58,4059.31,4046.05,0.08,0.08,0.00,4122.70,0.00,-0.78,-83.20,4118.54,4118.39,4112.77,4117.52,4117.96,0.950,5.91,15.88,56.00,58.63,0.40,0.16,0.24,4116.44,4122.63,4412,4320,85.7,0.0,7,1,CROSS=EMA9>EMA21;TREND=1;STRUCT=1;VOL=1;COOL=1;EMA50=1;VWAP=1;BIAS=1,0.22,-0.81,23495.50,23495.50,FLIP exit
1624,2026.07.22 15:00:00,2026.07.22 17:30:00,ENTRY,XAUUSD,M15,560,BUY,FULLTGT,EVENING,558,4122.70,4110.88,4110.88,11.82,1.00,11.82,4134.52,4146.35,4158.17,4170.00,4181.82,0.09,0.09,0.09,4122.70,0.00,0.00,0.00,4118.54,4118.39,4112.77,4117.52,4117.96,0.950,5.91,15.88,56.00,58.63,0.40,0.16,0.24,4116.44,4122.63,4412,4320,85.7,0.0,7,1,CROSS=EMA9>EMA21;TREND=1;STRUCT=1;VOL=1;COOL=1;EMA50=1;VWAP=1;BIAS=1,0.00,0.00,23495.18,23494.55,KZ=NY; KZR=London H @ 4084.07 70 bars ago (high taken); EVENING 4PM-12AM IST session: stop x1.00 of usual; no partials; full size to TP5; SL steps BE->TP1->TP2->TP3; flipped from trade 558
1625,2026.07.22 15:56:53,2026.07.22 18:26:53,EXIT_SL,XAUUSD,M15,560,BUY,FULLTGT,EVENING,558,4122.70,4110.88,4110.88,11.82,1.00,11.82,4134.52,4146.35,4158.17,4170.00,4181.82,0.09,0.09,0.00,4110.13,0.00,-1.06,-113.77,4123.70,4121.06,4114.62,4122.80,4120.44,1.050,6.13,25.77,57.95,42.41,2.32,0.73,1.60,4117.13,4127.29,5425,4391,71.4,28.6,10,1,CROSS=EMA9>EMA21;TREND=1;STRUCT=1;VOL=1;COOL=1;EMA50=1;VWAP=1;BIAS=1,0.99,-0.98,23381.73,23381.73,stopped at the initial SL (x1.00 of usual)
1626,2026.07.22 21:30:00,2026.07.23 00:00:00,SKIP,XAUUSD,M15,560,FLAT,NA,DAY,558,0.00,0.00,0.00,0.00,1.00,0.00,0.00,0.00,0.00,0.00,0.00,0.00,0.00,0.00,0.00,0.00,0.00,0.00,4142.68,4142.71,4133.46,4144.56,4143.46,1.181,7.83,35.18,44.14,33.30,2.18,5.78,-3.59,4127.39,4135.20,4412,6713,14.3,71.4,10,1,CROSS=EMA9>EMA21;TREND=1;STRUCT=1;VOL=1;COOL=1;EMA50=1;VWAP=1;BIAS=1,0.00,0.00,23381.73,23381.73,outside the killzone window
1627,2026.07.23 01:00:00,2026.07.23 03:30:00,DAY_SUMMARY,XAUUSD,M15,560,FLAT,NA,DAY,558,0.00,0.00,0.00,0.00,1.00,0.00,0.00,0.00,0.00,0.00,0.00,0.00,0.00,0.00,0.00,0.00,-1.84,-196.97,4134.00,4137.03,4133.54,4135.03,4137.75,0.669,5.22,38.41,40.25,36.58,-2.04,-0.84,-1.20,4127.91,4129.87,2139,4247,14.3,71.4,12,1,CROSS=EMA9>EMA21;TREND=1;STRUCT=1;VOL=1;COOL=1;EMA50=1;VWAP=1;BIAS=1,0.00,0.00,23381.73,23381.73,2026.07.22 trades=2 W=0 L=2 gross_profit=0.00 gross_loss=196.97 net=-196.97 PF=0.00
1628,2026.07.23 04:30:00,2026.07.23 07:00:00,SKIP,XAUUSD,M15,560,FLAT,NA,DAY,558,0.00,0.00,0.00,0.00,1.00,0.00,0.00,0.00,0.00,0.00,0.00,0.00,0.00,0.00,0.00,0.00,0.00,0.00,4131.22,4131.19,4131.25,4129.66,4130.57,-0.007,7.40,27.67,56.26,65.33,-0.92,-3.03,2.11,4128.70,4137.46,6484,4643,100.0,0.0,5,1,CROSS=EMA9>EMA21;TREND=1;STRUCT=1;VOL=1;COOL=1;EMA50=1;VWAP=1;BIAS=1,0.00,0.00,23381.73,23381.73,already positioned that way
1629,2026.07.23 04:45:00,2026.07.23 07:15:00,ENTRY,XAUUSD,M15,562,SELL,FULLTGT,DAY,0,4121.84,4137.95,4137.95,16.11,1.00,16.11,4105.73,4089.62,4073.52,4057.41,4041.30,0.07,0.07,0.07,4121.84,0.00,0.00,0.00,4129.34,4130.34,4130.88,4131.22,4131.19,-0.066,8.05,25.04,41.95,37.08,-1.56,-2.69,1.13,4128.56,4121.83,11223,5039,14.3,85.7,12,1,CROSS=EMA9<EMA21;TREND=1;STRUCT=1;VOL=1;COOL=1;EMA50=1;VWAP=1;BIAS=1,0.00,0.00,23381.48,23380.64,KZ=ASIA; KZR=London H @ 4135.33 48 bars ago (high taken); DAY 12AM-4PM IST session: stop x1.00 of usual; no partials; full size to TP5; SL steps BE->TP1->TP2->TP3
1630,2026.07.23 10:11:14,2026.07.23 12:41:14,SL_MOVE,XAUUSD,M15,562,SELL,FULLTGT,DAY,0,4121.84,4137.95,4121.84,16.11,1.00,16.11,4105.73,4089.62,4073.52,4057.41,4041.30,0.07,0.00,0.07,4121.84,1.00,0.00,0.00,4122.56,4124.47,4126.87,4123.53,4125.05,-0.388,6.20,14.96,41.19,27.50,-1.94,-1.40,-0.54,4125.36,4118.65,4390,4710,0.0,71.4,10,1,CROSS=EMA9<EMA21;TREND=1;STRUCT=1;VOL=1;COOL=1;EMA50=1;VWAP=1;BIAS=1,1.00,-0.70,23381.48,23494.39,stop to breakeven
1631,2026.07.23 10:11:14,2026.07.23 12:41:14,TP1_REACHED,XAUUSD,M15,562,SELL,FULLTGT,DAY,0,4121.84,4137.95,4121.84,16.11,1.00,16.11,4105.73,4089.62,4073.52,4057.41,4041.30,0.07,0.00,0.07,4105.73,1.00,1.00,0.00,4122.56,4124.47,4126.87,4123.53,4125.05,-0.388,6.20,14.96,41.19,27.50,-1.94,-1.40,-0.54,4125.36,4118.65,4390,4710,0.0,71.4,10,1,CROSS=EMA9<EMA21;TREND=1;STRUCT=1;VOL=1;COOL=1;EMA50=1;VWAP=1;BIAS=1,1.00,-0.70,23381.48,23494.39,full target: no partial booked
1632,2026.07.23 11:21:32,2026.07.23 13:51:32,SL_MOVE,XAUUSD,M15,562,SELL,FULLTGT,DAY,0,4121.84,4137.95,4105.73,16.11,1.00,16.11,4105.73,4089.62,4073.52,4057.41,4041.30,0.07,0.00,0.07,4105.73,2.00,0.00,0.00,4105.81,4114.70,4121.86,4109.40,4117.03,-1.007,7.10,38.06,24.11,26.35,-7.75,-3.65,-4.10,4121.47,4091.44,6749,4919,0.0,100.0,5,1,CROSS=EMA9<EMA21;TREND=1;STRUCT=1;VOL=1;COOL=1;EMA50=1;VWAP=1;BIAS=1,2.00,-0.70,23381.48,23607.23,stop trailed to TP1
1633,2026.07.23 11:21:32,2026.07.23 13:51:32,TP2_REACHED,XAUUSD,M15,562,SELL,FULLTGT,DAY,0,4121.84,4137.95,4105.73,16.11,1.00,16.11,4105.73,4089.62,4073.52,4057.41,4041.30,0.07,0.00,0.07,4089.62,2.00,2.00,0.00,4105.81,4114.70,4121.86,4109.40,4117.03,-1.007,7.10,38.06,24.11,26.35,-7.75,-3.65,-4.10,4121.47,4091.44,6749,4919,0.0,100.0,5,1,CROSS=EMA9<EMA21;TREND=1;STRUCT=1;VOL=1;COOL=1;EMA50=1;VWAP=1;BIAS=1,2.00,-0.70,23381.48,23607.23,full target: no partial booked
1634,2026.07.23 14:41:04,2026.07.23 17:11:04,SL_MOVE,XAUUSD,M15,562,SELL,FULLTGT,EVENING,0,4121.84,4137.95,4089.62,16.11,1.00,16.11,4105.73,4089.62,4073.52,4057.41,4041.30,0.07,0.00,0.07,4089.62,3.00,0.00,0.00,4090.19,4097.30,4109.19,4091.65,4098.60,-1.620,7.33,31.81,27.63,29.17,-8.17,-8.74,0.57,4114.87,4084.37,5884,5232,14.3,85.7,10,1,CROSS=EMA9<EMA21;TREND=1;STRUCT=1;VOL=1;COOL=1;EMA50=1;VWAP=1;BIAS=1,3.00,-0.70,23381.48,23719.93,stop trailed to TP2
1635,2026.07.23 14:41:04,2026.07.23 17:11:04,TP3_REACHED,XAUUSD,M15,562,SELL,FULLTGT,EVENING,0,4121.84,4137.95,4089.62,16.11,1.00,16.11,4105.73,4089.62,4073.52,4057.41,4041.30,0.07,0.00,0.07,4073.52,3.00,3.00,0.00,4090.19,4097.30,4109.19,4091.65,4098.60,-1.620,7.33,31.81,27.63,29.17,-8.17,-8.74,0.57,4114.87,4084.37,5884,5232,14.3,85.7,10,1,CROSS=EMA9<EMA21;TREND=1;STRUCT=1;VOL=1;COOL=1;EMA50=1;VWAP=1;BIAS=1,3.00,-0.70,23381.48,23719.93,full target: no partial booked
1636,2026.07.23 16:01:31,2026.07.23 18:31:31,SL_MOVE,XAUUSD,M15,562,SELL,FULLTGT,EVENING,0,4121.84,4137.95,4073.52,16.11,1.00,16.11,4105.73,4089.62,4073.52,4057.41,4041.30,0.07,0.00,0.07,4073.52,4.00,0.00,0.00,4077.20,4087.23,4101.86,4081.04,4089.77,-1.992,7.34,44.08,21.69,22.03,-10.45,-8.69,-1.76,4108.15,4061.86,11764,6035,0.0,100.0,10,1,CROSS=EMA9<EMA21;TREND=1;STRUCT=1;VOL=1;COOL=1;EMA50=1;VWAP=1;BIAS=1,3.99,-0.70,23381.48,23834.03,stop trailed to TP3
1637,2026.07.23 16:01:31,2026.07.23 18:31:31,TP4_REACHED,XAUUSD,M15,562,SELL,FULLTGT,EVENING,0,4121.84,4137.95,4073.52,16.11,1.00,16.11,4105.73,4089.62,4073.52,4057.41,4041.30,0.07,0.00,0.07,4057.41,4.00,4.00,0.00,4077.20,4087.23,4101.86,4081.04,4089.77,-1.992,7.34,44.08,21.69,22.03,-10.45,-8.69,-1.76,4108.15,4061.86,11764,6035,0.0,100.0,10,1,CROSS=EMA9<EMA21;TREND=1;STRUCT=1;VOL=1;COOL=1;EMA50=1;VWAP=1;BIAS=1,3.99,-0.70,23381.48,23834.03,full target: no partial booked
1638,2026.07.23 16:10:44,2026.07.23 18:40:44,TP5_EXIT,XAUUSD,M15,562,SELL,FULLTGT,EVENING,0,4121.84,4137.95,4073.52,16.11,1.00,16.11,4105.73,4089.62,4073.52,4057.41,4041.30,0.07,0.07,0.00,4040.91,5.00,5.00,0.00,4077.20,4087.23,4101.86,4081.04,4089.77,-1.992,7.34,44.08,21.69,14.44,-10.45,-8.69,-1.76,4108.15,4061.86,11764,6035,0.0,100.0,10,1,CROSS=EMA9<EMA21;TREND=1;STRUCT=1;VOL=1;COOL=1;EMA50=1;VWAP=1;BIAS=1,4.99,-0.70,23947.74,23947.74,full target reached; closed in full
1639,2026.07.23 16:10:44,2026.07.23 18:40:44,EXIT_TP,XAUUSD,M15,562,SELL,FULLTGT,EVENING,0,4121.84,4137.95,4073.52,16.11,1.00,16.11,4105.73,4089.62,4073.52,4057.41,4041.30,0.07,0.07,0.00,4040.91,0.00,5.02,566.01,4077.20,4087.23,4101.86,4081.04,4089.77,-1.992,7.34,44.08,21.69,14.44,-10.45,-8.69,-1.76,4108.15,4061.86,11764,6035,0.0,100.0,10,1,CROSS=EMA9<EMA21;TREND=1;STRUCT=1;VOL=1;COOL=1;EMA50=1;VWAP=1;BIAS=1,4.99,-0.70,23947.74,23947.74,TP5 exit
1640,2026.07.24 01:00:00,2026.07.24 03:30:00,DAY_SUMMARY,XAUUSD,M15,562,FLAT,NA,DAY,0,0.00,0.00,0.00,0.00,1.00,0.00,0.00,0.00,0.00,0.00,0.00,0.00,0.00,0.00,0.00,0.00,5.02,566.01,4048.49,4049.87,4063.17,4048.29,4049.93,-3.002,4.43,18.52,45.59,53.98,-3.33,-5.38,2.04,4080.97,4049.29,1154,4941,28.6,42.9,8,1,CROSS=EMA9<EMA21;TREND=1;STRUCT=1;VOL=1;COOL=1;EMA50=1;VWAP=1;BIAS=1,0.00,0.00,23947.74,23947.74,2026.07.23 trades=1 W=1 L=0 gross_profit=566.01 gross_loss=0.00 net=566.01 PF=0.00
1641,2026.07.24 10:30:00,2026.07.24 13:00:00,ENTRY,XAUUSD,M15,564,BUY,FULLTGT,DAY,0,4048.83,4035.15,4035.15,13.68,1.00,13.68,4062.51,4076.20,4089.88,4103.57,4117.25,0.08,0.08,0.08,4048.83,0.00,0.00,0.00,4037.38,4035.87,4042.59,4034.53,4034.58,-0.982,6.84,28.53,62.48,75.07,-0.37,-3.90,3.53,4038.20,4048.78,6370,5003,100.0,0.0,5,1,CROSS=EMA9>EMA21;TREND=1;STRUCT=1;VOL=1;COOL=1;EMA50=1;VWAP=1;BIAS=1,0.00,0.00,23947.46,23947.06,KZ=LONDON; KZR=London H @ 4135.33 167 bars ago (high taken); DAY 12AM-4PM IST session: stop x1.00 of usual; no partials; full size to TP5; SL steps BE->TP1->TP2->TP3
1642,2026.07.24 13:27:54,2026.07.24 15:57:54,SL_MOVE,XAUUSD,M15,564,BUY,FULLTGT,DAY,0,4048.83,4035.15,4048.83,13.68,1.00,13.68,4062.51,4076.20,4089.88,4103.57,4117.25,0.08,0.00,0.08,4048.83,1.00,0.00,0.00,4054.18,4048.04,4046.66,4053.17,4047.02,0.208,6.62,50.79,64.88,66.02,5.49,4.13,1.37,4041.81,4058.24,3743,5302,85.7,0.0,11,1,CROSS=EMA9>EMA21;TREND=1;STRUCT=1;VOL=1;COOL=1;EMA50=1;VWAP=1;BIAS=1,0.99,-0.27,23947.46,24057.54,stop to breakeven
1643,2026.07.24 13:27:54,2026.07.24 15:57:54,TP1_REACHED,XAUUSD,M15,564,BUY,FULLTGT,DAY,0,4048.83,4035.15,4048.83,13.68,1.00,13.68,4062.51,4076.20,4089.88,4103.57,4117.25,0.08,0.00,0.08,4062.51,1.00,1.00,0.00,4054.18,4048.04,4046.66,4053.17,4047.02,0.208,6.62,50.79,64.88,66.02,5.49,4.13,1.37,4041.81,4058.24,3743,5302,85.7,0.0,11,1,CROSS=EMA9>EMA21;TREND=1;STRUCT=1;VOL=1;COOL=1;EMA50=1;VWAP=1;BIAS=1,0.99,-0.27,23947.46,24057.54,full target: no partial booked
1644,2026.07.24 16:06:31,2026.07.24 18:36:31,EXIT_BE,XAUUSD,M15,564,BUY,FULLTGT,EVENING,0,4048.83,4035.15,4048.83,13.68,1.00,13.68,4062.51,4076.20,4089.88,4103.57,4117.25,0.08,0.08,0.00,4048.83,0.00,0.00,-0.56,4057.08,4054.42,4050.75,4057.34,4054.26,0.669,5.50,27.07,54.34,39.91,3.56,4.86,-1.29,4044.67,4056.04,4838,4637,57.1,42.9,8,1,CROSS=EMA9>EMA21;TREND=1;STRUCT=1;VOL=1;COOL=1;EMA50=1;VWAP=1;BIAS=1,1.10,-0.27,23947.18,23947.18,stopped at breakeven
1645,2026.07.24 21:30:00,2026.07.25 00:00:00,SKIP,XAUUSD,M15,564,FLAT,NA,DAY,0,0.00,0.00,0.00,0.00,1.00,0.00,0.00,0.00,0.00,0.00,0.00,0.00,0.00,0.00,0.00,0.00,0.00,0.00,4063.93,4064.08,4059.29,4066.08,4064.96,0.592,8.10,44.34,42.37,26.00,1.35,3.97,-2.62,4053.52,4055.32,5461,9227,14.3,71.4,11,1,CROSS=EMA9>EMA21;TREND=1;STRUCT=1;VOL=1;COOL=1;EMA50=1;VWAP=1;BIAS=1,0.00,0.00,23947.18,23947.18,outside the killzone window
1646,2026.07.27 01:00:00,2026.07.27 03:30:00,DAY_SUMMARY,XAUUSD,M15,564,FLAT,NA,DAY,0,0.00,0.00,0.00,0.00,1.00,0.00,0.00,0.00,0.00,0.00,0.00,0.00,0.00,0.00,0.00,0.00,0.00,-0.56,4054.81,4057.68,4057.42,4055.32,4058.17,0.054,4.72,43.94,43.26,42.68,-2.34,-1.77,-0.56,4053.55,4052.79,932,5064,0.0,85.7,5,1,CROSS=EMA9>EMA21;TREND=1;STRUCT=1;VOL=1;COOL=1;EMA50=1;VWAP=1;BIAS=1,0.00,0.00,23947.18,23947.18,2026.07.24 trades=1 W=0 L=1 gross_profit=0.00 gross_loss=0.56 net=-0.56 PF=0.00
1647,2026.07.27 01:00:00,2026.07.27 03:30:00,WEEK_SUMMARY,XAUUSD,M15,564,FLAT,NA,DAY,0,0.00,0.00,0.00,0.00,1.00,0.00,0.00,0.00,0.00,0.00,0.00,0.00,0.00,0.00,0.00,0.00,6.81,752.77,4054.81,4057.68,4057.42,4055.32,4058.17,0.054,4.72,43.94,43.26,42.68,-2.34,-1.77,-0.56,4053.55,4052.79,932,5064,0.0,85.7,5,1,CROSS=EMA9>EMA21;TREND=1;STRUCT=1;VOL=1;COOL=1;EMA50=1;VWAP=1;BIAS=1,0.00,0.00,23947.18,23947.18,days=5 trades=9 W=2 L=7 gross_profit=1098.62 gross_loss=345.85 net=752.77 PF=3.18 pips=9792.0
1648,2026.07.27 01:15:00,2026.07.27 03:45:00,SKIP,XAUUSD,M15,564,FLAT,NA,DAY,0,0.00,0.00,0.00,0.00,1.00,0.00,0.00,0.00,0.00,0.00,0.00,0.00,0.00,0.00,0.00,0.00,0.00,0.00,4061.46,4060.44,4058.62,4054.81,4057.68,0.279,6.51,40.17,70.04,81.36,0.42,-1.68,2.10,4090.57,4088.06,6324,4986,85.7,14.3,8,1,CROSS=EMA9>EMA21;TREND=1;STRUCT=1;VOL=1;COOL=1;EMA50=1;VWAP=0;BIAS=1,0.00,0.00,23947.18,23947.18,already positioned that way
1649,2026.07.27 08:30:00,2026.07.27 11:00:00,ENTRY,XAUUSD,M15,566,SELL,FULLTGT,DAY,0,4087.05,4101.90,4101.90,14.85,1.00,14.85,4072.20,4057.35,4042.50,4027.65,4012.80,0.08,0.08,0.08,4087.05,0.00,0.00,0.00,4091.16,4091.23,4083.17,4092.19,4091.64,1.084,7.42,20.83,47.50,38.55,1.59,3.27,-1.68,4098.39,4087.05,3068,5572,0.0,71.4,5,1,CROSS=EMA9<EMA21;TREND=1;STRUCT=1;VOL=1;COOL=1;EMA50=1;VWAP=1;BIAS=1,0.00,0.00,23946.90,23946.50,KZ=LONDON; KZR=London H @ 4135.33 447 bars ago (high taken); DAY 12AM-4PM IST session: stop x1.00 of usual; no partials; full size to TP5; SL steps BE->TP1->TP2->TP3
1650,2026.07.27 09:15:00,2026.07.27 11:45:00,SKIP,XAUUSD,M15,566,SELL,FULLTGT,DAY,0,4087.05,4101.90,4101.90,14.85,1.00,14.85,4072.20,4057.35,4042.50,4027.65,4012.80,0.08,0.00,0.00,0.00,0.00,0.00,0.00,4091.74,4091.44,4084.17,4091.07,4091.14,1.169,6.22,19.75,54.08,59.02,1.40,2.07,-0.67,4097.63,4094.44,5636,4803,57.1,28.6,5,1,CROSS=EMA9>EMA21;TREND=1;STRUCT=1;VOL=1;COOL=1;EMA50=1;VWAP=0;BIAS=1,0.18,-0.64,23946.90,23887.38,quality filter
1651,2026.07.27 10:14:52,2026.07.27 12:44:52,EXIT_SL,XAUUSD,M15,566,SELL,FULLTGT,DAY,0,4087.05,4101.90,4101.90,14.85,1.00,14.85,4072.20,4057.35,4042.50,4027.65,4012.80,0.08,0.08,0.00,4101.90,0.00,-1.00,-119.36,4094.24,4092.79,4085.61,4093.82,4092.48,1.321,5.44,26.75,54.61,60.66,2.04,1.72,0.33,4097.54,4095.92,4971,4075,71.4,28.6,6,1,CROSS=EMA9>EMA21;TREND=1;STRUCT=1;VOL=1;COOL=1;EMA50=1;VWAP=0;BIAS=1,0.18,-1.00,23827.82,23827.82,stopped at the initial SL (x1.00 of usual)
1652,2026.07.27 11:45:00,2026.07.27 14:15:00,SKIP,XAUUSD,M15,566,FLAT,NA,DAY,0,0.00,0.00,0.00,0.00,1.00,0.00,0.00,0.00,0.00,0.00,0.00,0.00,0.00,0.00,0.00,0.00,0.00,0.00,4093.47,4093.48,4087.82,4093.98,4093.68,1.032,5.48,22.49,48.59,45.11,0.84,2.00,-1.16,4097.19,4091.43,4359,4488,0.0,71.4,5,1,CROSS=EMA9<EMA21;TREND=1;STRUCT=1;VOL=1;COOL=1;EMA50=1;VWAP=1;BIAS=1,0.00,0.00,23827.82,23827.82,already positioned that way
1653,2026.07.27 12:00:00,2026.07.27 14:30:00,SKIP,XAUUSD,M15,566,FLAT,NA,DAY,0,0.00,0.00,0.00,0.00,1.00,0.00,0.00,0.00,0.00,0.00,0.00,0.00,0.00,0.00,0.00,0.00,0.00,0.00,4093.83,4093.64,4088.11,4093.47,4093.48,1.006,5.49,21.29,52.57,53.76,0.91,1.88,-0.98,4097.16,4095.26,3025,4536,42.9,28.6,5,1,CROSS=EMA9<EMA21;TREND=1;STRUCT=1;VOL=1;COOL=1;EMA50=1;VWAP=1;BIAS=1,0.00,0.00,23827.82,23827.82,outside the killzone window
1654,2026.07.27 12:30:00,2026.07.27 15:00:00,SKIP,XAUUSD,M15,566,FLAT,NA,DAY,0,0.00,0.00,0.00,0.00,1.00,0.00,0.00,0.00,0.00,0.00,0.00,0.00,0.00,0.00,0.00,0.00,0.00,0.00,4093.39,4093.48,4088.46,4093.85,4093.67,0.887,5.65,19.22,48.47,44.17,0.59,1.53,-0.94,4097.07,4091.56,3195,4587,0.0,71.4,11,1,CROSS=EMA9<EMA21;TREND=1;STRUCT=1;VOL=1;COOL=1;EMA50=1;VWAP=1;BIAS=1,0.00,0.00,23827.82,23827.82,outside the killzone window
1655,2026.07.27 12:45:00,2026.07.27 15:15:00,SKIP,XAUUSD,M15,566,FLAT,NA,DAY,0,0.00,0.00,0.00,0.00,1.00,0.00,0.00,0.00,0.00,0.00,0.00,0.00,0.00,0.00,0.00,0.00,0.00,0.00,4093.57,4093.55,4088.69,4093.39,4093.48,0.853,5.69,16.90,51.51,52.03,0.60,1.26,-0.67,4097.02,4094.25,3710,4642,42.9,28.6,7,1,CROSS=EMA9<EMA21;TREND=1;STRUCT=1;VOL=1;COOL=1;EMA50=1;VWAP=1;BIAS=1,0.00,0.00,23827.82,23827.82,outside the killzone window
1656,2026.07.27 13:15:00,2026.07.27 15:45:00,SKIP,XAUUSD,M15,566,FLAT,NA,DAY,0,0.00,0.00,0.00,0.00,1.00,0.00,0.00,0.00,0.00,0.00,0.00,0.00,0.00,0.00,0.00,0.00,0.00,0.00,4093.45,4093.52,4089.06,4094.08,4093.78,0.716,6.23,15.74,47.52,41.93,0.44,0.85,-0.41,4096.90,4090.90,5031,4808,0.0,85.7,6,1,CROSS=EMA9<EMA21;TREND=1;STRUCT=1;VOL=1;COOL=1;EMA50=1;VWAP=1;BIAS=1,0.00,0.00,23827.82,23827.82,already positioned that way
1657,2026.07.27 13:45:00,2026.07.27 16:15:00,ENTRY,XAUUSD,M15,568,BUY,FULLTGT,EVENING,0,4100.47,4088.11,4088.11,12.36,1.00,12.36,4112.83,4125.18,4137.54,4149.90,4162.26,0.09,0.09,0.09,4100.47,0.00,0.00,0.00,4094.78,4094.11,4089.66,4093.38,4093.49,0.721,6.18,15.23,57.43,64.12,0.89,0.69,0.20,4096.87,4100.36,3750,4666,71.4,0.0,11,1,CROSS=EMA9>EMA21;TREND=1;STRUCT=1;VOL=1;COOL=1;EMA50=1;VWAP=1;BIAS=1,0.00,0.00,23827.50,23826.51,KZ=NY; KZR=London H @ 4135.33 468 bars ago (high taken); EVENING 4PM-12AM IST session: stop x1.00 of usual; no partials; full size to TP5; SL steps BE->TP1->TP2->TP3
1658,2026.07.27 15:13:15,2026.07.27 17:43:15,EXIT_SL,XAUUSD,M15,568,BUY,FULLTGT,EVENING,0,4100.47,4088.11,4088.11,12.36,1.00,12.36,4112.83,4125.18,4137.54,4149.90,4162.26,0.09,0.09,0.00,4088.02,0.00,-1.01,-112.69,4096.18,4095.33,4091.08,4096.74,4095.47,0.701,6.05,14.82,48.99,44.64,1.12,1.05,0.07,4096.96,4093.93,4693,4448,28.6,57.1,10,1,CROSS=EMA9>EMA21;TREND=1;STRUCT=1;VOL=1;COOL=1;EMA50=1;VWAP=1;BIAS=1,0.30,-0.99,23715.13,23715.13,stopped at the initial SL (x1.00 of usual)
1659,2026.07.27 15:15:00,2026.07.27 17:45:00,ENTRY,XAUUSD,M15,570,SELL,FULLTGT,EVENING,0,4087.67,4100.48,4100.48,12.81,1.00,12.81,4074.86,4062.05,4049.24,4036.43,4023.62,0.09,0.09,0.09,4087.67,0.00,0.00,0.00,4094.48,4094.63,4090.95,4096.18,4095.33,0.575,6.40,17.24,42.46,33.05,0.37,1.01,-0.64,4096.80,4087.67,7331,4465,0.0,85.7,10,1,CROSS=EMA9<EMA21;TREND=1;STRUCT=1;VOL=1;COOL=1;EMA50=1;VWAP=1;BIAS=1,0.00,0.00,23714.81,23713.91,KZ=NY; KZR=London H @ 4135.33 474 bars ago (high taken); EVENING 4PM-12AM IST session: stop x1.00 of usual; no partials; full size to TP5; SL steps BE->TP1->TP2->TP3
1660,2026.07.27 16:56:46,2026.07.27 19:26:46,SL_MOVE,XAUUSD,M15,570,SELL,FULLTGT,EVENING,0,4087.67,4100.48,4087.67,12.81,1.00,12.81,4074.86,4062.05,4049.24,4036.43,4023.62,0.09,0.00,0.09,4087.67,1.00,0.00,0.00,4086.55,4089.99,4089.48,4086.49,4090.31,0.072,7.00,37.18,46.16,45.07,-2.69,-0.77,-1.92,4094.86,4086.78,15480,5487,28.6,71.4,10,1,CROSS=EMA9<EMA21;TREND=1;STRUCT=1;VOL=1;COOL=1;EMA50=1;VWAP=1;BIAS=1,0.99,-0.15,23714.81,23830.73,stop to breakeven
1661,2026.07.27 16:56:46,2026.07.27 19:26:46,TP1_REACHED,XAUUSD,M15,570,SELL,FULLTGT,EVENING,0,4087.67,4100.48,4087.67,12.81,1.00,12.81,4074.86,4062.05,4049.24,4036.43,4023.62,0.09,0.00,0.09,4074.86,1.00,1.00,0.00,4086.55,4089.99,4089.48,4086.49,4090.31,0.072,7.00,37.18,46.16,45.07,-2.69,-0.77,-1.92,4094.86,4086.78,15480,5487,28.6,71.4,10,1,CROSS=EMA9<EMA21;TREND=1;STRUCT=1;VOL=1;COOL=1;EMA50=1;VWAP=1;BIAS=1,0.99,-0.15,23714.81,23830.73,full target: no partial booked
1662,2026.07.27 19:25:29,2026.07.27 21:55:29,EXIT_BE,XAUUSD,M15,570,SELL,FULLTGT,EVENING,0,4087.67,4100.48,4087.67,12.81,1.00,12.81,4074.86,4062.05,4049.24,4036.43,4023.62,0.09,0.09,0.00,4087.74,0.00,-0.01,-1.27,4078.01,4081.41,4084.91,4077.14,4081.40,-0.442,7.92,29.52,48.51,55.49,-3.98,-4.92,0.95,4090.38,4081.49,6445,8611,42.9,42.9,11,1,CROSS=EMA9<EMA21;TREND=1;STRUCT=1;VOL=1;COOL=1;EMA50=1;VWAP=1;BIAS=1,1.74,-0.15,23713.86,23713.86,stopped at breakeven
1663,2026.07.27 22:45:00,2026.07.28 01:15:00,SKIP,XAUUSD,M15,570,FLAT,NA,DAY,0,0.00,0.00,0.00,0.00,1.00,0.00,0.00,0.00,0.00,0.00,0.00,0.00,0.00,0.00,0.00,0.00,0.00,0.00,4081.01,4080.44,4082.73,4079.51,4079.78,-0.382,6.00,24.04,58.22,68.55,-0.45,-2.14,1.69,4088.76,4087.02,3477,6419,57.1,14.3,5,1,CROSS=EMA9<EMA21;TREND=1;STRUCT=1;VOL=1;COOL=1;EMA50=1;VWAP=1;BIAS=1,0.00,0.00,23713.86,23713.86,outside the killzone window
1664,2026.07.27 23:45:00,2026.07.28 02:15:00,SKIP,XAUUSD,M15,570,FLAT,NA,DAY,0,0.00,0.00,0.00,0.00,1.00,0.00,0.00,0.00,0.00,0.00,0.00,0.00,0.00,0.00,0.00,0.00,0.00,0.00,4080.27,4080.33,4082.37,4081.07,4080.66,-0.356,5.71,24.28,44.71,39.28,-0.52,-1.04,0.52,4088.64,4077.04,1873,5272,14.3,57.1,40,1,CROSS=EMA9<EMA21;TREND=1;STRUCT=1;VOL=1;COOL=1;EMA50=1;VWAP=1;BIAS=1,0.00,0.00,23713.86,23713.86,outside the killzone window
1665,2026.07.28 01:00:00,2026.07.28 03:30:00,DAY_SUMMARY,XAUUSD,M15,570,FLAT,NA,DAY,0,0.00,0.00,0.00,0.00,1.00,0.00,0.00,0.00,0.00,0.00,0.00,0.00,0.00,0.00,0.00,0.00,-2.01,-233.32,4079.52,4079.99,4082.14,4080.27,4080.33,-0.387,5.56,25.02,44.08,38.18,-0.77,-0.84,0.07,4088.62,4076.53,935,5070,14.3,71.4,12,1,CROSS=EMA9<EMA21;TREND=1;STRUCT=1;VOL=1;COOL=1;EMA50=1;VWAP=1;BIAS=1,0.00,0.00,23713.86,23713.86,2026.07.27 trades=3 W=0 L=3 gross_profit=0.00 gross_loss=233.32 net=-233.32 PF=0.00
1666,2026.07.28 18:45:00,2026.07.28 21:15:00,SKIP,XAUUSD,M15,570,FLAT,NA,EVENING,0,0.00,0.00,0.00,0.00,1.00,0.00,0.00,0.00,0.00,0.00,0.00,0.00,0.00,0.00,0.00,0.00,0.00,0.00,4031.32,4030.85,4037.82,4028.78,4029.78,-0.818,8.53,21.73,60.51,65.82,-1.09,-3.42,2.33,4039.16,4041.49,10479,9585,85.7,0.0,8,1,CROSS=EMA9<EMA21;TREND=1;STRUCT=1;VOL=1;COOL=1;EMA50=1;VWAP=1;BIAS=1,0.00,0.00,23713.86,23713.86,outside the killzone window
1667,2026.07.28 21:15:00,2026.07.28 23:45:00,SKIP,XAUUSD,M15,570,FLAT,NA,EVENING,0,0.00,0.00,0.00,0.00,1.00,0.00,0.00,0.00,0.00,0.00,0.00,0.00,0.00,0.00,0.00,0.00,0.00,0.00,4033.11,4033.63,4037.33,4034.32,4034.17,-0.488,7.60,30.63,42.61,38.42,-0.34,1.18,-1.52,4038.99,4028.24,6666,9797,0.0,85.7,8,1,CROSS=EMA9<EMA21;TREND=1;STRUCT=1;VOL=1;COOL=1;EMA50=1;VWAP=1;BIAS=1,0.00,0.00,23713.86,23713.86,outside the killzone window
1668,2026.07.29 05:30:00,2026.07.29 08:00:00,ENTRY,XAUUSD,M15,572,BUY,FULLTGT,DAY,0,4033.11,4018.71,4018.71,14.40,1.00,14.40,4047.51,4061.90,4076.30,4090.69,4105.09,0.08,0.08,0.08,4033.11,0.00,0.00,0.00,4025.67,4024.78,4028.10,4023.82,4023.96,-0.461,7.20,16.70,58.25,62.03,-0.08,-1.75,1.67,4022.18,4033.06,5799,6149,71.4,0.0,5,1,CROSS=EMA9>EMA21;TREND=1;STRUCT=1;VOL=1;COOL=1;EMA50=1;VWAP=1;BIAS=1,0.00,0.00,23713.58,23713.18,KZ=ASIA; KZR=NY L @ 4020.28 48 bars ago (low taken); DAY 12AM-4PM IST session: stop x1.00 of usual; no partials; full size to TP5; SL steps BE->TP1->TP2->TP3
1669,2026.07.29 07:30:00,2026.07.29 10:00:00,SKIP,XAUUSD,M15,572,BUY,FULLTGT,DAY,0,4033.11,4018.71,4018.71,14.40,1.00,14.40,4047.51,4061.90,4076.30,4090.69,4105.09,0.08,0.00,0.00,0.00,0.00,0.00,0.00,4025.27,4025.47,4027.66,4025.71,4025.67,-0.313,7.01,24.74,47.21,44.32,-0.20,0.46,-0.66,4023.52,4023.52,4170,6753,14.3,57.1,10,1,CROSS=EMA9>EMA21;TREND=1;STRUCT=1;VOL=1;COOL=1;EMA50=1;VWAP=1;BIAS=1,0.34,-0.86,23713.58,23636.94,outside the killzone window
1670,2026.07.29 07:45:00,2026.07.29 10:15:00,SKIP,XAUUSD,M15,572,BUY,FULLTGT,DAY,0,4033.11,4018.71,4018.71,14.40,1.00,14.40,4047.51,4061.90,4076.30,4090.69,4105.09,0.08,0.00,0.00,0.00,0.00,0.00,0.00,4025.69,4025.64,4027.65,4025.27,4025.47,-0.293,6.86,23.00,52.02,54.46,-0.03,0.47,-0.50,4023.60,4027.35,5367,6895,57.1,14.3,5,1,CROSS=EMA9>EMA21;TREND=1;STRUCT=1;VOL=1;COOL=1;EMA50=1;VWAP=1;BIAS=1,0.34,-0.86,23713.58,23667.50,outside the killzone window
1671,2026.07.29 10:22:35,2026.07.29 12:52:35,SL_MOVE,XAUUSD,M15,572,BUY,FULLTGT,DAY,0,4033.11,4018.71,4033.11,14.40,1.00,14.40,4047.51,4061.90,4076.30,4090.69,4105.09,0.08,0.00,0.08,4033.11,1.00,0.00,0.00,4038.44,4033.41,4030.88,4036.70,4032.21,0.458,5.51,41.26,65.87,68.25,4.40,2.41,1.99,4026.50,4045.40,4413,4788,85.7,0.0,7,1,CROSS=EMA9>EMA21;TREND=1;STRUCT=1;VOL=1;COOL=1;EMA50=1;VWAP=1;BIAS=1,1.00,-0.86,23713.58,23830.30,stop to breakeven
1672,2026.07.29 10:22:35,2026.07.29 12:52:35,TP1_REACHED,XAUUSD,M15,572,BUY,FULLTGT,DAY,0,4033.11,4018.71,4033.11,14.40,1.00,14.40,4047.51,4061.90,4076.30,4090.69,4105.09,0.08,0.00,0.08,4047.51,1.00,1.00,0.00,4038.44,4033.41,4030.88,4036.70,4032.21,0.458,5.51,41.26,65.87,68.25,4.40,2.41,1.99,4026.50,4045.40,4413,4788,85.7,0.0,7,1,CROSS=EMA9>EMA21;TREND=1;STRUCT=1;VOL=1;COOL=1;EMA50=1;VWAP=1;BIAS=1,1.00,-0.86,23713.58,23830.30,full target: no partial booked
1673,2026.07.29 12:30:32,2026.07.29 15:00:32,EXIT_BE,XAUUSD,M15,572,BUY,FULLTGT,DAY,0,4033.11,4018.71,4033.11,14.40,1.00,14.40,4047.51,4061.90,4076.30,4090.69,4105.09,0.08,0.08,0.00,4033.07,0.00,-0.00,-0.88,4037.86,4036.56,4033.47,4038.87,4036.84,0.636,4.86,28.38,47.32,35.49,2.20,3.95,-1.75,4028.33,4033.81,3482,4306,28.6,57.1,11,1,CROSS=EMA9>EMA21;TREND=1;STRUCT=1;VOL=1;COOL=1;EMA50=1;VWAP=1;BIAS=1,1.02,-0.86,23712.98,23712.98,stopped at breakeven
1674,2026.07.29 13:15:00,2026.07.29 15:45:00,SKIP,XAUUSD,M15,572,FLAT,NA,DAY,0,0.00,0.00,0.00,0.00,1.00,0.00,0.00,0.00,0.00,0.00,0.00,0.00,0.00,0.00,0.00,0.00,0.00,0.00,4035.40,4035.66,4033.41,4036.27,4036.03,0.471,4.77,31.57,44.59,35.89,0.79,2.71,-1.92,4028.54,4031.95,4078,4090,14.3,71.4,11,1,CROSS=EMA9<EMA21;TREND=1;STRUCT=1;VOL=1;COOL=1;EMA50=1;VWAP=0;BIAS=1,0.00,0.00,23712.98,23712.98,quality filter
1675,2026.07.29 20:15:00,2026.07.29 22:45:00,SKIP,XAUUSD,M15,572,FLAT,NA,EVENING,0,0.00,0.00,0.00,0.00,1.00,0.00,0.00,0.00,0.00,0.00,0.00,0.00,0.00,0.00,0.00,0.00,0.00,0.00,4020.54,4018.33,4022.46,4015.16,4015.95,-0.406,10.17,38.04,69.50,80.85,-0.19,-5.01,4.82,4022.32,4042.07,14593,10015,100.0,0.0,11,1,CROSS=EMA9<EMA21;TREND=1;STRUCT=1;VOL=1;COOL=1;EMA50=1;VWAP=0;BIAS=1,0.00,0.00,23712.98,23712.98,outside the killzone window
1676,2026.07.30 01:00:00,2026.07.30 03:30:00,DAY_SUMMARY,XAUUSD,M15,572,FLAT,NA,DAY,0,0.00,0.00,0.00,0.00,1.00,0.00,0.00,0.00,0.00,0.00,0.00,0.00,0.00,0.00,0.00,0.00,-0.00,-0.88,4064.04,4055.46,4042.70,4063.52,4054.39,0.714,17.85,32.03,56.01,52.07,10.45,14.69,-4.24,4042.66,4066.15,3106,18067,71.4,14.3,12,1,CROSS=EMA9<EMA21;TREND=1;STRUCT=1;VOL=1;COOL=1;EMA50=1;VWAP=0;BIAS=1,0.00,0.00,23712.98,23712.98,2026.07.29 trades=1 W=0 L=1 gross_profit=0.00 gross_loss=0.88 net=-0.88 PF=0.00
1677,2026.07.30 06:15:00,2026.07.30 08:45:00,ENTRY,XAUUSD,M15,574,SELL,FULLTGT,DAY,0,4062.96,4082.28,4082.28,19.32,1.00,19.32,4043.64,4024.31,4004.99,3985.67,3966.35,0.06,0.06,0.06,4062.96,0.00,0.00,0.00,4074.25,4074.43,4063.21,4077.07,4075.58,1.162,9.66,27.83,43.71,33.88,2.50,5.89,-3.40,4079.42,4062.96,8166,8335,0.0,85.7,12,1,CROSS=EMA9<EMA21;TREND=1;STRUCT=1;VOL=1;COOL=1;EMA50=1;VWAP=1;BIAS=1,0.00,0.00,23712.77,23712.05,KZ=ASIA; KZR=NY H @ 4104.20 33 bars ago (high taken); DAY 12AM-4PM IST session: stop x1.00 of usual; no partials; full size to TP5; SL steps BE->TP1->TP2->TP3
1678,2026.07.30 08:00:42,2026.07.30 10:30:42,SL_MOVE,XAUUSD,M15,574,SELL,FULLTGT,DAY,0,4062.96,4082.28,4062.96,19.32,1.00,19.32,4043.64,4024.31,4004.99,3985.67,3966.35,0.06,0.00,0.06,4062.96,1.00,0.00,0.00,4056.07,4063.51,4060.54,4058.57,4065.25,0.326,9.11,42.04,36.50,28.48,-5.21,-1.25,-3.96,4074.31,4046.06,5850,8889,0.0,85.7,7,1,CROSS=EMA9<EMA21;TREND=1;STRUCT=1;VOL=1;COOL=1;EMA50=1;VWAP=1;BIAS=1,1.00,-0.05,23712.77,23829.29,stop to breakeven
1679,2026.07.30 08:00:42,2026.07.30 10:30:42,TP1_REACHED,XAUUSD,M15,574,SELL,FULLTGT,DAY,0,4062.96,4082.28,4062.96,19.32,1.00,19.32,4043.64,4024.31,4004.99,3985.67,3966.35,0.06,0.00,0.06,4043.64,1.00,1.00,0.00,4056.07,4063.51,4060.54,4058.57,4065.25,0.326,9.11,42.04,36.50,28.48,-5.21,-1.25,-3.96,4074.31,4046.06,5850,8889,0.0,85.7,7,1,CROSS=EMA9<EMA21;TREND=1;STRUCT=1;VOL=1;COOL=1;EMA50=1;VWAP=1;BIAS=1,1.00,-0.05,23712.77,23829.29,full target: no partial booked
1680,2026.07.30 11:23:47,2026.07.30 13:53:47,EXIT_BE,XAUUSD,M15,574,SELL,FULLTGT,DAY,0,4062.96,4082.28,4062.96,19.32,1.00,19.32,4043.64,4024.31,4004.99,3985.67,3966.35,0.06,0.06,0.00,4063.06,0.00,-0.01,-1.02,4044.19,4048.07,4052.66,4041.92,4047.55,-0.490,9.36,33.68,52.50,65.09,-5.26,-7.97,2.71,4062.47,4053.27,10609,7692,71.4,28.6,11,1,CROSS=EMA9<EMA21;TREND=1;STRUCT=1;VOL=1;COOL=1;EMA50=1;VWAP=1;BIAS=1,1.78,-0.05,23711.96,23711.96,stopped at breakeven
1681,2026.07.30 11:45:00,2026.07.30 14:15:00,ENTRY,XAUUSD,M15,576,BUY,FULLTGT,DAY,0,4065.88,4046.67,4046.67,19.21,1.00,19.21,4085.09,4104.31,4123.52,4142.74,4161.95,0.06,0.06,0.06,4065.88,0.00,0.00,0.00,4051.78,4051.05,4053.62,4048.27,4049.57,-0.268,9.61,34.09,60.49,68.39,-1.58,-6.44,4.86,4062.60,4065.83,10756,8009,100.0,0.0,5,1,CROSS=EMA9>EMA21;TREND=1;STRUCT=1;VOL=1;COOL=1;EMA50=1;VWAP=1;BIAS=1,0.00,0.00,23711.75,23711.45,KZ=LONDON; KZR=NY H @ 4104.20 55 bars ago (high taken); DAY 12AM-4PM IST session: stop x1.00 of usual; no partials; full size to TP5; SL steps BE->TP1->TP2->TP3
1682,2026.07.30 15:30:17,2026.07.30 18:00:17,SL_MOVE,XAUUSD,M15,576,BUY,FULLTGT,EVENING,0,4065.88,4046.67,4065.88,19.21,1.00,19.21,4085.09,4104.31,4123.52,4142.74,4161.95,0.06,0.00,0.06,4065.88,1.00,0.00,0.00,4075.98,4069.40,4062.85,4075.68,4068.62,0.717,9.14,35.94,61.43,52.08,6.52,6.15,0.37,4064.91,4077.21,7020,7247,85.7,0.0,10,1,CROSS=EMA9>EMA21;TREND=1;STRUCT=1;VOL=1;COOL=1;EMA50=1;VWAP=1;BIAS=1,1.00,-0.33,23711.75,23827.61,stop to breakeven
1683,2026.07.30 15:30:17,2026.07.30 18:00:17,TP1_REACHED,XAUUSD,M15,576,BUY,FULLTGT,EVENING,0,4065.88,4046.67,4065.88,19.21,1.00,19.21,4085.09,4104.31,4123.52,4142.74,4161.95,0.06,0.00,0.06,4085.09,1.00,1.00,0.00,4075.98,4069.40,4062.85,4075.68,4068.62,0.717,9.14,35.94,61.43,52.08,6.52,6.15,0.37,4064.91,4077.21,7020,7247,85.7,0.0,10,1,CROSS=EMA9>EMA21;TREND=1;STRUCT=1;VOL=1;COOL=1;EMA50=1;VWAP=1;BIAS=1,1.00,-0.33,23711.75,23827.61,full target: no partial booked
1684,2026.07.30 16:00:02,2026.07.30 18:30:02,EXIT_BE,XAUUSD,M15,576,BUY,FULLTGT,EVENING,0,4065.88,4046.67,4065.88,19.21,1.00,19.21,4085.09,4104.31,4123.52,4142.74,4161.95,0.06,0.06,0.00,4065.85,0.00,-0.00,-0.60,4074.79,4070.01,4063.63,4076.24,4070.11,0.670,9.52,32.90,50.95,39.75,5.37,6.39,-1.03,4065.44,4068.98,11683,7785,42.9,57.1,10,1,CROSS=EMA9>EMA21;TREND=1;STRUCT=1;VOL=1;COOL=1;EMA50=1;VWAP=1;BIAS=1,1.09,-0.33,23711.36,23711.36,stopped at breakeven
1685,2026.07.31 01:00:00,2026.07.31 03:30:00,DAY_SUMMARY,XAUUSD,M15,576,FLAT,NA,DAY,0,0.00,0.00,0.00,0.00,1.00,0.00,0.00,0.00,0.00,0.00,0.00,0.00,0.00,0.00,0.00,0.00,-0.01,-1.62,4107.47,4104.91,4093.65,4108.44,4105.04,1.707,6.60,19.62,50.80,42.21,4.17,5.42,-1.24,4080.21,4103.58,2230,6647,42.9,28.6,12,1,CROSS=EMA9>EMA21;TREND=1;STRUCT=1;VOL=1;COOL=1;EMA50=1;VWAP=1;BIAS=1,0.00,0.00,23711.36,23711.36,2026.07.30 trades=2 W=0 L=2 gross_profit=0.00 gross_loss=1.62 net=-1.62 PF=0.00
1686,2026.07.31 03:30:00,2026.07.31 06:00:00,ENTRY,XAUUSD,M15,578,SELL,FULLTGT,DAY,0,4096.52,4107.88,4107.88,11.36,1.00,11.36,4085.16,4073.80,4062.45,4051.09,4039.73,0.10,0.10,0.10,4096.52,0.00,0.00,0.00,4103.88,4104.76,4097.45,4105.72,4105.59,1.287,5.68,18.86,41.91,29.70,0.58,2.52,-1.94,4105.06,4096.52,4032,4076,0.0,71.4,5,1,CROSS=EMA9<EMA21;TREND=1;STRUCT=1;VOL=1;COOL=1;EMA50=1;VWAP=1;BIAS=1,0.00,0.00,23711.01,23710.51,KZ=ASIA; KZR=Asia H @ 4116.34 41 bars ago (high taken); DAY 12AM-4PM IST session: stop x1.00 of usual; no partials; full size to TP5; SL steps BE->TP1->TP2->TP3
1687,2026.07.31 04:38:49,2026.07.31 07:08:49,SL_MOVE,XAUUSD,M15,578,SELL,FULLTGT,DAY,0,4096.52,4107.88,4096.52,11.36,1.00,11.36,4085.16,4073.80,4062.45,4051.09,4039.73,0.10,0.00,0.10,4096.52,1.00,0.00,0.00,4096.84,4100.74,4096.67,4098.04,4101.61,0.663,6.14,27.70,40.34,32.99,-2.40,0.36,-2.76,4099.45,4092.04,5398,4029,14.3,85.7,5,1,CROSS=EMA9<EMA21;TREND=1;STRUCT=1;VOL=1;COOL=1;EMA50=1;VWAP=1;BIAS=1,0.99,-0.46,23711.01,23826.71,stop to breakeven
1688,2026.07.31 04:38:49,2026.07.31 07:08:49,TP1_REACHED,XAUUSD,M15,578,SELL,FULLTGT,DAY,0,4096.52,4107.88,4096.52,11.36,1.00,11.36,4085.16,4073.80,4062.45,4051.09,4039.73,0.10,0.00,0.10,4085.16,1.00,1.00,0.00,4096.84,4100.74,4096.67,4098.04,4101.61,0.663,6.14,27.70,40.34,32.99,-2.40,0.36,-2.76,4099.45,4092.04,5398,4029,14.3,85.7,5,1,CROSS=EMA9<EMA21;TREND=1;STRUCT=1;VOL=1;COOL=1;EMA50=1;VWAP=1;BIAS=1,0.99,-0.46,23711.01,23826.71,full target: no partial booked
1689,2026.07.31 06:03:17,2026.07.31 08:33:17,SL_MOVE,XAUUSD,M15,578,SELL,FULLTGT,DAY,0,4096.52,4107.88,4085.16,11.36,1.00,11.36,4085.16,4073.80,4062.45,4051.09,4039.73,0.10,0.00,0.10,4085.16,2.00,0.00,0.00,4084.52,4092.13,4093.39,4086.60,4093.72,-0.204,6.18,40.11,30.14,29.22,-6.45,-3.80,-2.65,4093.97,4076.21,3725,3768,0.0,85.7,12,1,CROSS=EMA9<EMA21;TREND=1;STRUCT=1;VOL=1;COOL=1;EMA50=1;VWAP=1;BIAS=1,2.00,-0.46,23711.01,23938.61,stop trailed to TP1
1690,2026.07.31 06:03:17,2026.07.31 08:33:17,TP2_REACHED,XAUUSD,M15,578,SELL,FULLTGT,DAY,0,4096.52,4107.88,4085.16,11.36,1.00,11.36,4085.16,4073.80,4062.45,4051.09,4039.73,0.10,0.00,0.10,4073.80,2.00,2.00,0.00,4084.52,4092.13,4093.39,4086.60,4093.72,-0.204,6.18,40.11,30.14,29.22,-6.45,-3.80,-2.65,4093.97,4076.21,3725,3768,0.0,85.7,12,1,CROSS=EMA9<EMA21;TREND=1;STRUCT=1;VOL=1;COOL=1;EMA50=1;VWAP=1;BIAS=1,2.00,-0.46,23711.01,23938.61,full target: no partial booked
1691,2026.07.31 09:16:52,2026.07.31 11:46:52,EXIT_TRAIL_SL,XAUUSD,M15,578,SELL,FULLTGT,DAY,0,4096.52,4107.88,4085.16,11.36,1.00,11.36,4085.16,4073.80,4062.45,4051.09,4039.73,0.10,0.10,0.00,4085.30,0.00,0.99,111.50,4078.99,4082.27,4087.15,4078.13,4082.26,-0.839,5.81,22.08,47.76,57.52,-4.33,-5.63,1.29,4087.81,4082.44,5643,3704,42.9,42.9,11,1,CROSS=EMA9<EMA21;TREND=1;STRUCT=1;VOL=1;COOL=1;EMA50=1;VWAP=1;BIAS=1,2.17,-0.46,23822.86,23822.86,stopped at a trailed level
1692,2026.07.31 20:45:00,2026.07.31 23:15:00,SKIP,XAUUSD,M15,578,FLAT,NA,EVENING,0,0.00,0.00,0.00,0.00,1.00,0.00,0.00,0.00,0.00,0.00,0.00,0.00,0.00,0.00,0.00,0.00,0.00,0.00,4046.71,4046.34,4054.42,4045.41,4045.78,-0.946,8.54,27.22,54.66,62.93,-1.29,-3.33,2.04,4058.12,4051.93,6535,10295,71.4,14.3,6,1,CROSS=EMA9<EMA21;TREND=1;STRUCT=1;VOL=1;COOL=1;EMA50=1;VWAP=1;BIAS=1,0.00,0.00,23822.86,23822.86,outside the killzone window
1693,2026.08.03 01:00:00,2026.08.03 03:30:00,DAY_SUMMARY,XAUUSD,M15,578,FLAT,NA,DAY,0,0.00,0.00,0.00,0.00,1.00,0.00,0.00,0.00,0.00,0.00,0.00,0.00,0.00,0.00,0.00,0.00,0.99,111.50,4048.61,4048.49,4052.48,4049.85,4048.98,-0.716,5.57,22.02,44.03,35.15,-0.02,0.39,-0.40,4057.23,4043.65,4052,4882,14.3,57.1,12,1,CROSS=EMA9<EMA21;TREND=1;STRUCT=1;VOL=1;COOL=1;EMA50=1;VWAP=1;BIAS=1,0.00,0.00,23822.86,23822.86,2026.07.31 trades=1 W=1 L=0 gross_profit=111.50 gross_loss=0.00 net=111.50 PF=0.00
1694,2026.08.03 01:00:00,2026.08.03 03:30:00,WEEK_SUMMARY,XAUUSD,M15,578,FLAT,NA,DAY,0,0.00,0.00,0.00,0.00,1.00,0.00,0.00,0.00,0.00,0.00,0.00,0.00,0.00,0.00,0.00,0.00,-1.03,-124.32,4048.61,4048.49,4052.48,4049.85,4048.98,-0.716,5.57,22.02,44.03,35.15,-0.02,0.39,-0.40,4057.23,4043.65,4052,4882,14.3,57.1,12,1,CROSS=EMA9<EMA21;TREND=1;STRUCT=1;VOL=1;COOL=1;EMA50=1;VWAP=1;BIAS=1,0.00,0.00,23822.86,23822.86,days=4 trades=7 W=1 L=6 gross_profit=111.50 gross_loss=235.82 net=-124.32 PF=0.47 pips=-1632.0
1695,2026.08.03 01:00:00,2026.08.03 03:30:00,MONTH_SUMMARY,XAUUSD,M15,578,FLAT,NA,DAY,0,0.00,0.00,0.00,0.00,1.00,0.00,0.00,0.00,0.00,0.00,0.00,0.00,0.00,0.00,0.00,0.00,5.18,524.64,4048.61,4048.49,4052.48,4049.85,4048.98,-0.716,5.57,22.02,44.03,35.15,-0.02,0.39,-0.40,4057.23,4043.65,4052,4882,14.3,57.1,12,1,CROSS=EMA9<EMA21;TREND=1;STRUCT=1;VOL=1;COOL=1;EMA50=1;VWAP=1;BIAS=1,0.00,0.00,23822.86,23822.86,days=19 trades=41 W=11 L=30 gross_profit=2234.49 gross_loss=1709.85 net=524.64 PF=1.31 pips=8692.0
1696,2026.08.03 04:45:00,2026.08.03 07:15:00,SKIP,XAUUSD,M15,578,FLAT,NA,DAY,0,0.00,0.00,0.00,0.00,1.00,0.00,0.00,0.00,0.00,0.00,0.00,0.00,0.00,0.00,0.00,0.00,0.00,0.00,4058.00,4058.52,4057.33,4059.70,4059.25,0.134,8.91,24.21,44.12,36.03,0.88,4.11,-3.23,4063.56,4051.22,6538,6772,0.0,71.4,5,1,CROSS=EMA9<EMA21;TREND=1;STRUCT=1;VOL=1;COOL=1;EMA50=1;VWAP=1;BIAS=1,0.00,0.00,23822.86,23822.86,already positioned that way
1697,2026.08.03 06:00:00,2026.08.03 08:30:00,ENTRY,XAUUSD,M15,580,BUY,FULLTGT,DAY,0,4062.55,4043.35,4043.35,19.20,1.00,19.20,4081.75,4100.95,4120.15,4139.35,4158.55,0.06,0.06,0.06,4062.55,0.00,0.00,0.00,4058.86,4058.65,4057.58,4057.94,4058.27,0.112,9.60,18.03,54.46,55.79,0.76,1.29,-0.53,4062.39,4062.52,4429,6838,57.1,14.3,5,1,CROSS=EMA9>EMA21;TREND=1;STRUCT=1;VOL=1;COOL=1;EMA50=1;VWAP=1;BIAS=1,0.00,0.00,23822.65,23822.35,KZ=ASIA; KZR=London L @ 4029.45 245 bars ago (low taken); DAY 12AM-4PM IST session: stop x1.00 of usual; no partials; full size to TP5; SL steps BE->TP1->TP2->TP3
1698,2026.08.03 10:45:00,2026.08.03 13:15:00,FLIP,XAUUSD,M15,580,BUY,FULLTGT,DAY,0,4062.55,4043.35,4043.35,19.20,1.00,19.20,4081.75,4100.95,4120.15,4139.35,4158.55,0.06,0.00,0.00,4059.63,0.00,-0.15,0.00,4062.42,4062.68,4060.91,4063.11,4062.98,0.261,6.76,25.88,46.80,45.72,0.40,1.46,-1.06,4062.90,4059.63,4461,4226,14.3,85.7,5,1,CROSS=EMA9<EMA21;TREND=1;STRUCT=1;VOL=1;COOL=1;EMA50=1;VWAP=1;BIAS=1,0.50,-0.54,23822.65,23805.13,opposite signal before SL/target | BUY -> SELL | closing trade 580
1699,2026.08.03 10:45:00,2026.08.03 13:15:00,EXIT_FLIP,XAUUSD,M15,580,BUY,FULLTGT,DAY,0,4062.55,4043.35,4043.35,19.20,1.00,19.20,4081.75,4100.95,4120.15,4139.35,4158.55,0.06,0.06,0.00,4059.63,0.00,-0.15,0.00,4062.42,4062.68,4060.91,4063.11,4062.98,0.261,6.76,25.88,46.80,45.72,0.40,1.46,-1.06,4062.90,4059.63,4461,4226,14.3,85.7,5,1,CROSS=EMA9<EMA21;TREND=1;STRUCT=1;VOL=1;COOL=1;EMA50=1;VWAP=1;BIAS=1,0.50,-0.54,23804.92,23804.92,FLIP exit
1700,2026.08.03 10:45:00,2026.08.03 13:15:00,EXIT_OTHER,XAUUSD,M15,580,BUY,FULLTGT,DAY,0,4062.55,4043.35,4043.35,19.20,1.00,19.20,4081.75,4100.95,4120.15,4139.35,4158.55,0.06,0.06,0.00,4059.63,0.00,-0.15,-17.94,4062.42,4062.68,4060.91,4063.11,4062.98,0.261,6.76,25.88,46.80,45.72,0.40,1.46,-1.06,4062.90,4059.63,4461,4226,14.3,85.7,5,1,CROSS=EMA9<EMA21;TREND=1;STRUCT=1;VOL=1;COOL=1;EMA50=1;VWAP=1;BIAS=1,0.50,-0.54,23804.92,23804.92,FLIP exit
1701,2026.08.03 10:45:00,2026.08.03 13:15:00,ENTRY,XAUUSD,M15,582,SELL,FULLTGT,DAY,580,4059.63,4073.15,4073.15,13.52,1.00,13.52,4046.11,4032.59,4019.07,4005.55,3992.03,0.08,0.08,0.08,4059.63,0.00,0.00,0.00,4062.42,4062.68,4060.91,4063.11,4062.98,0.261,6.76,25.88,46.80,45.72,0.40,1.46,-1.06,4062.90,4059.63,4461,4226,14.3,85.7,5,1,CROSS=EMA9<EMA21;TREND=1;STRUCT=1;VOL=1;COOL=1;EMA50=1;VWAP=1;BIAS=1,0.00,0.00,23804.64,23804.24,KZ=LONDON; KZR=London L @ 4029.45 264 bars ago (low taken); DAY 12AM-4PM IST session: stop x1.00 of usual; no partials; full size to TP5; SL steps BE->TP1->TP2->TP3; flipped from trade 580
1702,2026.08.03 13:52:11,2026.08.03 16:22:11,SL_MOVE,XAUUSD,M15,582,SELL,FULLTGT,EVENING,580,4059.63,4073.15,4059.63,13.52,1.00,13.52,4046.11,4032.59,4019.07,4005.55,3992.03,0.08,0.00,0.08,4059.63,1.00,0.00,0.00,4055.00,4057.88,4059.12,4056.43,4058.74,-0.195,6.34,29.46,37.98,36.41,-2.42,-1.35,-1.08,4061.63,4049.25,4302,4885,0.0,85.7,11,1,CROSS=EMA9<EMA21;TREND=1;STRUCT=1;VOL=1;COOL=1;EMA50=1;VWAP=1;BIAS=1,0.99,-0.29,23804.64,23913.12,stop to breakeven
1703,2026.08.03 13:52:11,2026.08.03 16:22:11,TP1_REACHED,XAUUSD,M15,582,SELL,FULLTGT,EVENING,580,4059.63,4073.15,4059.63,13.52,1.00,13.52,4046.11,4032.59,4019.07,4005.55,3992.03,0.08,0.00,0.08,4046.11,1.00,1.00,0.00,4055.00,4057.88,4059.12,4056.43,4058.74,-0.195,6.34,29.46,37.98,36.41,-2.42,-1.35,-1.08,4061.63,4049.25,4302,4885,0.0,85.7,11,1,CROSS=EMA9<EMA21;TREND=1;STRUCT=1;VOL=1;COOL=1;EMA50=1;VWAP=1;BIAS=1,0.99,-0.29,23804.64,23913.12,full target: no partial booked
1704,2026.08.03 14:49:59,2026.08.03 17:19:59,EXIT_BE,XAUUSD,M15,582,SELL,FULLTGT,EVENING,580,4059.63,4073.15,4059.63,13.52,1.00,13.52,4046.11,4032.59,4019.07,4005.55,3992.03,0.08,0.08,0.00,4059.87,0.00,-0.02,-2.48,4052.45,4055.53,4057.82,4052.15,4055.72,-0.393,5.84,31.38,46.03,53.62,-2.94,-2.35,-0.59,4060.94,4053.65,4091,4598,28.6,57.1,10,1,CROSS=EMA9<EMA21;TREND=1;STRUCT=1;VOL=1;COOL=1;EMA50=1;VWAP=1;BIAS=1,1.05,-0.29,23802.44,23802.44,stopped at breakeven
1705,2026.08.03 22:15:00,2026.08.04 00:45:00,SKIP,XAUUSD,M15,582,FLAT,NA,DAY,580,0.00,0.00,0.00,0.00,1.00,0.00,0.00,0.00,0.00,0.00,0.00,0.00,0.00,0.00,0.00,0.00,0.00,0.00,4039.73,4039.20,4044.13,4038.09,4038.49,-0.907,5.44,25.97,59.07,66.49,-0.87,-2.97,2.10,4051.49,4046.28,3586,4358,71.4,14.3,9,1,CROSS=EMA9<EMA21;TREND=1;STRUCT=1;VOL=1;COOL=1;EMA50=1;VWAP=1;BIAS=1,0.00,0.00,23802.44,23802.44,outside the killzone window
1706,2026.08.04 01:00:00,2026.08.04 03:30:00,DAY_SUMMARY,XAUUSD,M15,582,FLAT,NA,DAY,580,0.00,0.00,0.00,0.00,1.00,0.00,0.00,0.00,0.00,0.00,0.00,0.00,0.00,0.00,0.00,0.00,-0.17,-20.42,4051.32,4046.47,4046.55,4050.32,4045.59,-0.018,4.49,43.02,65.55,63.42,3.72,1.50,2.22,4051.57,4055.28,1128,3210,85.7,0.0,7,1,CROSS=EMA9<EMA21;TREND=1;STRUCT=1;VOL=1;COOL=1;EMA50=1;VWAP=1;BIAS=1,0.00,0.00,23802.44,23802.44,2026.08.03 trades=2 W=0 L=2 gross_profit=0.00 gross_loss=20.42 net=-20.42 PF=0.00
1707,2026.08.04 12:15:00,2026.08.04 14:45:00,SKIP,XAUUSD,M15,582,FLAT,NA,DAY,580,0.00,0.00,0.00,0.00,1.00,0.00,0.00,0.00,0.00,0.00,0.00,0.00,0.00,0.00,0.00,0.00,0.00,0.00,4059.19,4059.90,4057.19,4061.31,4060.82,0.473,5.74,23.60,38.62,28.37,0.27,1.92,-1.65,4058.47,4050.72,4425,3638,0.0,85.7,6,1,CROSS=EMA9<EMA21;TREND=1;STRUCT=1;VOL=1;COOL=1;EMA50=1;VWAP=1;BIAS=1,0.00,0.00,23802.44,23802.44,outside the killzone window
1708,2026.08.04 14:45:00,2026.08.04 17:15:00,ENTRY,XAUUSD,M15,584,BUY,FULLTGT,EVENING,0,4069.81,4058.30,4058.30,11.51,1.00,11.51,4081.32,4092.83,4104.34,4115.86,4127.37,0.10,0.10,0.10,4069.81,0.00,0.00,0.00,4058.08,4057.38,4056.44,4055.18,4056.16,0.165,5.76,27.81,66.84,75.54,0.17,-1.56,1.73,4057.87,4069.67,7950,4233,100.0,0.0,10,1,CROSS=EMA9>EMA21;TREND=1;STRUCT=1;VOL=1;COOL=1;EMA50=1;VWAP=1;BIAS=1,0.00,0.00,23802.09,23801.09,KZ=NY; KZR=London L @ 4029.45 376 bars ago (low taken); EVENING 4PM-12AM IST session: stop x1.00 of usual; no partials; full size to TP5; SL steps BE->TP1->TP2->TP3
1709,2026.08.04 14:51:44,2026.08.04 17:21:44,SL_MOVE,XAUUSD,M15,584,BUY,FULLTGT,EVENING,0,4069.81,4058.30,4069.81,11.51,1.00,11.51,4081.32,4092.83,4104.34,4115.86,4127.37,0.10,0.00,0.10,4069.81,1.00,0.00,0.00,4058.08,4057.38,4056.44,4055.18,4056.16,0.165,5.76,27.81,66.84,80.66,0.17,-1.56,1.73,4057.87,4069.67,7950,4233,100.0,0.0,9,1,CROSS=EMA9>EMA21;TREND=1;STRUCT=1;VOL=1;COOL=1;EMA50=1;VWAP=1;BIAS=1,0.99,-0.23,23802.09,23917.49,stop to breakeven
1710,2026.08.04 14:51:44,2026.08.04 17:21:44,TP1_REACHED,XAUUSD,M15,584,BUY,FULLTGT,EVENING,0,4069.81,4058.30,4069.81,11.51,1.00,11.51,4081.32,4092.83,4104.34,4115.86,4127.37,0.10,0.00,0.10,4081.32,1.00,1.00,0.00,4058.08,4057.38,4056.44,4055.18,4056.16,0.165,5.76,27.81,66.84,80.66,0.17,-1.56,1.73,4057.87,4069.67,7950,4233,100.0,0.0,9,1,CROSS=EMA9>EMA21;TREND=1;STRUCT=1;VOL=1;COOL=1;EMA50=1;VWAP=1;BIAS=1,0.99,-0.23,23802.09,23917.49,full target: no partial booked
1711,2026.08.04 14:57:27,2026.08.04 17:27:27,EXIT_BE,XAUUSD,M15,584,BUY,FULLTGT,EVENING,0,4069.81,4058.30,4069.81,11.51,1.00,11.51,4081.32,4092.83,4104.34,4115.86,4127.37,0.10,0.10,0.00,4069.77,0.00,-0.00,-1.10,4058.08,4057.38,4056.44,4055.18,4056.16,0.165,5.76,27.81,66.84,79.78,0.17,-1.56,1.73,4057.87,4069.67,7950,4233,100.0,0.0,8,1,CROSS=EMA9>EMA21;TREND=1;STRUCT=1;VOL=1;COOL=1;EMA50=1;VWAP=1;BIAS=1,1.26,-0.23,23801.34,23801.34,stopped at breakeven
1712,2026.08.04 23:00:00,2026.08.05 01:30:00,SKIP,XAUUSD,M15,584,FLAT,NA,DAY,0,0.00,0.00,0.00,0.00,1.00,0.00,0.00,0.00,0.00,0.00,0.00,0.00,0.00,0.00,0.00,0.00,0.00,0.00,4082.28,4082.71,4076.29,4083.20,4083.12,0.958,6.70,22.44,47.04,40.75,1.19,3.69,-2.50,4071.44,4078.59,5219,5659,14.3,57.1,6,1,CROSS=EMA9>EMA21;TREND=1;STRUCT=1;VOL=1;COOL=1;EMA50=1;VWAP=1;BIAS=1,0.00,0.00,23801.34,23801.34,outside the killzone window
1713,2026.08.05 01:00:00,2026.08.05 03:30:00,DAY_SUMMARY,XAUUSD,M15,584,FLAT,NA,DAY,0,0.00,0.00,0.00,0.00,1.00,0.00,0.00,0.00,0.00,0.00,0.00,0.00,0.00,0.00,0.00,0.00,-0.00,-1.10,4079.30,4080.99,4076.44,4079.83,4081.37,0.805,5.65,33.07,46.16,42.21,-0.41,1.26,-1.67,4071.55,4077.19,1256,4473,14.3,71.4,12,1,CROSS=EMA9>EMA21;TREND=1;STRUCT=1;VOL=1;COOL=1;EMA50=1;VWAP=1;BIAS=1,0.00,0.00,23801.34,23801.34,2026.08.04 trades=1 W=0 L=1 gross_profit=0.00 gross_loss=1.10 net=-1.10 PF=0.00
1714,2026.08.05 04:15:00,2026.08.05 06:45:00,SKIP,XAUUSD,M15,584,FLAT,NA,DAY,0,0.00,0.00,0.00,0.00,1.00,0.00,0.00,0.00,0.00,0.00,0.00,0.00,0.00,0.00,0.00,0.00,0.00,0.00,4078.63,4078.34,4076.60,4076.82,4077.58,0.321,5.41,29.66,58.53,66.25,-0.17,-1.64,1.47,4076.68,4085.88,6988,3118,100.0,0.0,12,1,CROSS=EMA9>EMA21;TREND=1;STRUCT=1;VOL=1;COOL=1;EMA50=1;VWAP=1;BIAS=1,0.00,0.00,23801.34,23801.34,already positioned that way
1715,2026.08.06 07:15:00,2026.08.06 09:45:00,SKIP,XAUUSD,M15,584,FLAT,NA,DAY,0,0.00,0.00,0.00,0.00,1.00,0.00,0.00,0.00,0.00,0.00,0.00,0.00,0.00,0.00,0.00,0.00,0.00,0.00,4271.60,4271.73,4253.90,4273.65,4272.57,1.398,12.76,35.70,45.93,36.34,3.20,8.67,-5.47,4279.14,4263.36,4277,8596,0.0,85.7,12,1,CROSS=EMA9>EMA21;TREND=1;STRUCT=1;VOL=1;COOL=1;EMA50=1;VWAP=1;BIAS=1,0.00,0.00,23801.34,23801.34,outside the killzone window
1716,2026.08.06 11:45:00,2026.08.06 14:15:00,SKIP,XAUUSD,M15,584,FLAT,NA,DAY,0,0.00,0.00,0.00,0.00,1.00,0.00,0.00,0.00,0.00,0.00,0.00,0.00,0.00,0.00,0.00,0.00,0.00,0.00,4265.20,4264.52,4258.06,4263.20,4263.65,0.786,8.21,19.98,57.13,63.67,0.22,-1.62,1.84,4273.10,4273.22,5133,4884,85.7,0.0,6,1,CROSS=EMA9>EMA21;TREND=1;STRUCT=1;VOL=1;COOL=1;EMA50=1;VWAP=1;BIAS=1,0.00,0.00,23801.34,23801.34,already positioned that way
1717,2026.08.06 14:45:00,2026.08.06 17:15:00,ENTRY,XAUUSD,M15,586,SELL,FULLTGT,EVENING,0,4260.67,4276.05,4276.05,15.38,1.00,15.38,4245.29,4229.91,4214.52,4199.14,4183.76,0.07,0.07,0.07,4260.67,0.00,0.00,0.00,4267.31,4267.92,4262.82,4268.97,4268.64,0.663,7.69,21.20,43.65,37.24,0.13,1.86,-1.74,4272.88,4260.67,5026,4866,0.0,85.7,10,1,CROSS=EMA9<EMA21;TREND=1;STRUCT=1;VOL=1;COOL=1;EMA50=1;VWAP=1;BIAS=1,0.00,0.00,23801.09,23800.39,KZ=NY; KZR=London H @ 4179.55 97 bars ago (high taken); EVENING 4PM-12AM IST session: stop x1.00 of usual; no partials; full size to TP5; SL steps BE->TP1->TP2->TP3
1718,2026.08.06 16:06:14,2026.08.06 18:36:14,SL_MOVE,XAUUSD,M15,586,SELL,FULLTGT,EVENING,0,4260.67,4276.05,4260.67,15.38,1.00,15.38,4245.29,4229.91,4214.52,4199.14,4183.76,0.07,0.00,0.07,4260.67,1.00,0.00,0.00,4261.69,4264.70,4262.24,4264.56,4266.15,0.284,8.67,23.47,39.31,39.02,-2.15,-0.19,-1.95,4271.48,4250.19,10229,5709,0.0,85.7,10,1,CROSS=EMA9<EMA21;TREND=1;STRUCT=1;VOL=1;COOL=1;EMA50=1;VWAP=1;BIAS=1,1.00,-0.68,23801.09,23908.89,stop to breakeven
1719,2026.08.06 16:06:14,2026.08.06 18:36:14,TP1_REACHED,XAUUSD,M15,586,SELL,FULLTGT,EVENING,0,4260.67,4276.05,4260.67,15.38,1.00,15.38,4245.29,4229.91,4214.52,4199.14,4183.76,0.07,0.00,0.07,4245.29,1.00,1.00,0.00,4261.69,4264.70,4262.24,4264.56,4266.15,0.284,8.67,23.47,39.31,39.02,-2.15,-0.19,-1.95,4271.48,4250.19,10229,5709,0.0,85.7,10,1,CROSS=EMA9<EMA21;TREND=1;STRUCT=1;VOL=1;COOL=1;EMA50=1;VWAP=1;BIAS=1,1.00,-0.68,23801.09,23908.89,full target: no partial booked
1720,2026.08.06 16:38:33,2026.08.06 19:08:33,EXIT_BE,XAUUSD,M15,586,SELL,FULLTGT,EVENING,0,4260.67,4276.05,4260.67,15.38,1.00,15.38,4245.29,4229.91,4214.52,4199.14,4183.76,0.07,0.07,0.00,4260.79,0.00,-0.01,-1.34,4255.16,4260.98,4260.77,4257.03,4262.31,0.022,9.53,27.50,40.87,46.24,-4.56,-1.48,-3.09,4269.70,4247.68,9852,6409,14.3,85.7,5,1,CROSS=EMA9<EMA21;TREND=1;STRUCT=1;VOL=1;COOL=1;EMA50=1;VWAP=1;BIAS=1,1.97,-0.68,23800.00,23800.00,stopped at breakeven
1721,2026.08.06 17:45:00,2026.08.06 20:15:00,SKIP,XAUUSD,M15,586,FLAT,NA,EVENING,0,0.00,0.00,0.00,0.00,1.00,0.00,0.00,0.00,0.00,0.00,0.00,0.00,0.00,0.00,0.00,0.00,0.00,0.00,4264.64,4264.04,4262.26,4262.40,4263.09,0.164,10.88,17.63,55.65,60.38,-0.15,-2.23,2.08,4269.24,4273.61,11769,8782,85.7,0.0,6,1,CROSS=EMA9<EMA21;TREND=1;STRUCT=1;VOL=1;COOL=1;EMA50=1;VWAP=1;BIAS=1,0.00,0.00,23800.00,23800.00,outside the killzone window
1722,2026.08.06 18:30:00,2026.08.06 21:00:00,SKIP,XAUUSD,M15,586,FLAT,NA,EVENING,0,0.00,0.00,0.00,0.00,1.00,0.00,0.00,0.00,0.00,0.00,0.00,0.00,0.00,0.00,0.00,0.00,0.00,0.00,4263.63,4263.86,4262.42,4265.81,4264.76,0.124,11.64,15.88,44.48,41.63,-0.45,-1.38,0.93,4268.93,4254.90,10842,9836,14.3,71.4,5,1,CROSS=EMA9<EMA21;TREND=1;STRUCT=1;VOL=1;COOL=1;EMA50=1;VWAP=1;BIAS=1,0.00,0.00,23800.00,23800.00,outside the killzone window
1723,2026.08.07 01:00:00,2026.08.07 03:30:00,DAY_SUMMARY,XAUUSD,M15,586,FLAT,NA,DAY,0,0.00,0.00,0.00,0.00,1.00,0.00,0.00,0.00,0.00,0.00,0.00,0.00,0.00,0.00,0.00,0.00,-0.01,-1.34,4241.28,4244.21,4250.09,4241.51,4244.60,-0.700,8.39,16.57,45.85,47.31,-3.71,-4.07,0.36,4263.11,4240.38,1686,5274,14.3,57.1,12,1,CROSS=EMA9<EMA21;TREND=1;STRUCT=1;VOL=1;COOL=1;EMA50=1;VWAP=1;BIAS=1,0.00,0.00,23800.00,23800.00,2026.08.06 trades=1 W=0 L=1 gross_profit=0.00 gross_loss=1.34 net=-1.34 PF=0.00
1724,2026.08.07 03:00:00,2026.08.07 05:30:00,ENTRY,XAUUSD,M15,588,BUY,FULLTGT,DAY,0,4252.49,4239.25,4239.25,13.24,1.00,13.24,4265.73,4278.97,4292.21,4305.45,4318.69,0.08,0.08,0.08,4252.49,0.00,0.00,0.00,4245.06,4244.48,4248.48,4243.23,4243.68,-0.605,6.62,23.57,56.83,69.67,-0.68,-2.64,1.96,4244.76,4252.40,3543,2895,85.7,0.0,9,1,CROSS=EMA9>EMA21;TREND=1;STRUCT=1;VOL=1;COOL=1;EMA50=1;VWAP=1;BIAS=1,0.00,0.00,23799.72,23799.00,KZ=ASIA; KZR=London H @ 4179.55 146 bars ago (high taken); DAY 12AM-4PM IST session: stop x1.00 of usual; no partials; full size to TP5; SL steps BE->TP1->TP2->TP3
1725,2026.08.07 03:25:16,2026.08.07 05:55:16,EXIT_SL,XAUUSD,M15,588,BUY,FULLTGT,DAY,0,4252.49,4239.25,4239.25,13.24,1.00,13.24,4265.73,4278.97,4292.21,4305.45,4318.69,0.08,0.08,0.00,4239.24,0.00,-1.00,-106.56,4245.03,4244.51,4248.34,4245.06,4244.48,-0.571,6.70,25.70,49.68,39.36,-0.60,-2.30,1.70,4245.40,4244.89,4893,2945,28.6,71.4,12,1,CROSS=EMA9>EMA21;TREND=1;STRUCT=1;VOL=1;COOL=1;EMA50=1;VWAP=1;BIAS=1,0.03,-1.00,23693.44,23693.44,stopped at the initial SL (x1.00 of usual)
1726,2026.08.07 03:45:00,2026.08.07 06:15:00,ENTRY,XAUUSD,M15,590,SELL,FULLTGT,DAY,0,4234.81,4249.39,4249.39,14.58,1.00,14.58,4220.23,4205.65,4191.07,4176.49,4161.91,0.08,0.08,0.08,4234.81,0.00,0.00,0.00,4242.83,4243.60,4247.65,4244.84,4244.47,-0.556,7.29,22.15,41.58,35.11,-1.31,-1.73,0.42,4243.07,4234.81,6278,3210,14.3,71.4,11,1,CROSS=EMA9<EMA21;TREND=1;STRUCT=1;VOL=1;COOL=1;EMA50=1;VWAP=1;BIAS=1,0.00,0.00,23693.16,23692.28,KZ=ASIA; KZR=London H @ 4179.55 149 bars ago (high taken); DAY 12AM-4PM IST session: stop x1.00 of usual; no partials; full size to TP5; SL steps BE->TP1->TP2->TP3
1727,2026.08.07 04:21:48,2026.08.07 06:51:48,EXIT_SL,XAUUSD,M15,590,SELL,FULLTGT,DAY,0,4234.81,4249.39,4249.39,14.58,1.00,14.58,4220.23,4205.65,4191.07,4176.49,4161.91,0.08,0.08,0.00,4249.41,0.00,-1.00,-117.36,4241.49,4242.75,4246.95,4240.80,4242.60,-0.539,7.79,19.57,50.50,54.58,-1.65,-1.44,-0.21,4241.30,4244.25,9554,3673,57.1,28.6,12,1,CROSS=EMA9<EMA21;TREND=1;STRUCT=1;VOL=1;COOL=1;EMA50=1;VWAP=1;BIAS=1,0.34,-0.99,23576.08,23576.08,stopped at the initial SL (x1.00 of usual)
1728,2026.08.07 04:45:00,2026.08.07 07:15:00,ENTRY,XAUUSD,M15,592,BUY,FULLTGT,DAY,0,4256.90,4240.56,4240.56,16.34,1.00,16.34,4273.24,4289.59,4305.93,4322.27,4338.61,0.07,0.07,0.07,4256.90,0.00,0.00,0.00,4244.86,4244.08,4247.20,4241.88,4242.81,-0.382,8.17,21.12,59.20,68.14,-0.13,-1.10,0.98,4243.32,4256.78,9972,3945,85.7,0.0,12,1,CROSS=EMA9>EMA21;TREND=1;STRUCT=1;VOL=1;COOL=1;EMA50=1;VWAP=1;BIAS=1,0.00,0.00,23575.83,23574.99,KZ=ASIA; KZR=London H @ 4179.55 153 bars ago (high taken); DAY 12AM-4PM IST session: stop x1.00 of usual; no partials; full size to TP5; SL steps BE->TP1->TP2->TP3
1729,2026.08.07 08:33:43,2026.08.07 11:03:43,SL_MOVE,XAUUSD,M15,592,BUY,FULLTGT,DAY,0,4256.90,4240.56,4256.90,16.34,1.00,16.34,4273.24,4289.59,4305.93,4322.27,4338.61,0.07,0.00,0.07,4256.90,1.00,0.00,0.00,4263.93,4258.23,4253.72,4263.24,4257.39,0.527,8.56,39.45,61.30,56.78,5.57,4.64,0.92,4251.80,4266.68,4002,5310,85.7,0.0,10,1,CROSS=EMA9>EMA21;TREND=1;STRUCT=1;VOL=1;COOL=1;EMA50=1;VWAP=1;BIAS=1,0.99,-0.60,23575.83,23690.98,stop to breakeven
1730,2026.08.07 08:33:43,2026.08.07 11:03:43,TP1_REACHED,XAUUSD,M15,592,BUY,FULLTGT,DAY,0,4256.90,4240.56,4256.90,16.34,1.00,16.34,4273.24,4289.59,4305.93,4322.27,4338.61,0.07,0.00,0.07,4273.24,1.00,1.00,0.00,4263.93,4258.23,4253.72,4263.24,4257.39,0.527,8.56,39.45,61.30,56.78,5.57,4.64,0.92,4251.80,4266.68,4002,5310,85.7,0.0,10,1,CROSS=EMA9>EMA21;TREND=1;STRUCT=1;VOL=1;COOL=1;EMA50=1;VWAP=1;BIAS=1,0.99,-0.60,23575.83,23690.98,full target: no partial booked
1731,2026.08.07 09:12:36,2026.08.07 11:42:36,SL_MOVE,XAUUSD,M15,592,BUY,FULLTGT,DAY,0,4256.90,4240.56,4273.24,16.34,1.00,16.34,4273.24,4289.59,4305.93,4322.27,4338.61,0.07,0.00,0.07,4273.24,2.00,0.00,0.00,4268.10,4261.19,4255.37,4265.45,4259.44,0.681,8.54,46.64,69.71,70.45,6.65,5.33,1.33,4253.75,4278.70,5977,5319,100.0,0.0,11,1,CROSS=EMA9>EMA21;TREND=1;STRUCT=1;VOL=1;COOL=1;EMA50=1;VWAP=1;BIAS=1,2.00,-0.60,23575.83,23804.94,stop trailed to TP1
1732,2026.08.07 09:12:36,2026.08.07 11:42:36,TP2_REACHED,XAUUSD,M15,592,BUY,FULLTGT,DAY,0,4256.90,4240.56,4273.24,16.34,1.00,16.34,4273.24,4289.59,4305.93,4322.27,4338.61,0.07,0.00,0.07,4289.59,2.00,2.00,0.00,4268.10,4261.19,4255.37,4265.45,4259.44,0.681,8.54,46.64,69.71,70.45,6.65,5.33,1.33,4253.75,4278.70,5977,5319,100.0,0.0,11,1,CROSS=EMA9>EMA21;TREND=1;STRUCT=1;VOL=1;COOL=1;EMA50=1;VWAP=1;BIAS=1,2.00,-0.60,23575.83,23804.94,full target: no partial booked
1733,2026.08.07 11:33:52,2026.08.07 14:03:52,SL_MOVE,XAUUSD,M15,592,BUY,FULLTGT,DAY,0,4256.90,4240.56,4289.59,16.34,1.00,16.34,4273.24,4289.59,4305.93,4322.27,4338.61,0.07,0.00,0.07,4289.59,3.00,0.00,0.00,4289.59,4279.68,4267.09,4288.25,4278.15,1.524,8.27,52.71,65.40,60.23,10.51,10.05,0.46,4265.27,4294.95,5881,5314,85.7,14.3,11,1,CROSS=EMA9>EMA21;TREND=1;STRUCT=1;VOL=1;COOL=1;EMA50=1;VWAP=1;BIAS=1,3.00,-0.60,23575.83,23920.23,stop trailed to TP2
1734,2026.08.07 11:33:52,2026.08.07 14:03:52,TP3_REACHED,XAUUSD,M15,592,BUY,FULLTGT,DAY,0,4256.90,4240.56,4289.59,16.34,1.00,16.34,4273.24,4289.59,4305.93,4322.27,4338.61,0.07,0.00,0.07,4305.93,3.00,3.00,0.00,4289.59,4279.68,4267.09,4288.25,4278.15,1.524,8.27,52.71,65.40,60.23,10.51,10.05,0.46,4265.27,4294.95,5881,5314,85.7,14.3,11,1,CROSS=EMA9>EMA21;TREND=1;STRUCT=1;VOL=1;COOL=1;EMA50=1;VWAP=1;BIAS=1,3.00,-0.60,23575.83,23920.23,full target: no partial booked
1735,2026.08.07 14:03:34,2026.08.07 16:33:34,SL_MOVE,XAUUSD,M15,592,BUY,FULLTGT,EVENING,0,4256.90,4240.56,4305.93,16.34,1.00,16.34,4273.24,4289.59,4305.93,4322.27,4338.61,0.07,0.00,0.07,4305.93,4.00,0.00,0.00,4311.09,4299.91,4281.93,4309.63,4298.21,1.966,9.15,60.33,68.61,59.57,12.53,12.53,-0.01,4275.89,4316.92,5290,6395,71.4,14.3,9,1,CROSS=EMA9>EMA21;TREND=1;STRUCT=1;VOL=1;COOL=1;EMA50=1;VWAP=1;BIAS=1,4.00,-0.60,23575.83,24033.98,stop trailed to TP3
1736,2026.08.07 14:03:34,2026.08.07 16:33:34,TP4_REACHED,XAUUSD,M15,592,BUY,FULLTGT,EVENING,0,4256.90,4240.56,4305.93,16.34,1.00,16.34,4273.24,4289.59,4305.93,4322.27,4338.61,0.07,0.00,0.07,4322.27,4.00,4.00,0.00,4311.09,4299.91,4281.93,4309.63,4298.21,1.966,9.15,60.33,68.61,59.57,12.53,12.53,-0.01,4275.89,4316.92,5290,6395,71.4,14.3,9,1,CROSS=EMA9>EMA21;TREND=1;STRUCT=1;VOL=1;COOL=1;EMA50=1;VWAP=1;BIAS=1,4.00,-0.60,23575.83,24033.98,full target: no partial booked
1737,2026.08.07 15:29:46,2026.08.07 17:59:46,EXIT_TRAIL_SL,XAUUSD,M15,592,BUY,FULLTGT,EVENING,0,4256.90,4240.56,4305.93,16.34,1.00,16.34,4273.24,4289.59,4305.93,4322.27,4338.61,0.07,0.07,0.00,4305.91,0.00,3.00,342.57,4317.19,4307.76,4288.97,4317.73,4307.03,2.192,8.57,61.94,60.90,38.54,11.41,12.48,-1.07,4280.71,4315.04,7378,6139,42.9,57.1,10,1,CROSS=EMA9>EMA21;TREND=1;STRUCT=1;VOL=1;COOL=1;EMA50=1;VWAP=1;BIAS=1,4.33,-0.60,23918.65,23918.65,stopped at a trailed level
1738,2026.08.07 21:45:00,2026.08.08 00:15:00,SKIP,XAUUSD,M15,592,FLAT,NA,DAY,0,0.00,0.00,0.00,0.00,1.00,0.00,0.00,0.00,0.00,0.00,0.00,0.00,0.00,0.00,0.00,0.00,0.00,0.00,4336.92,4337.13,4323.11,4337.58,4337.41,1.208,11.60,28.14,49.49,43.63,2.16,4.50,-2.34,4316.44,4334.30,4683,12937,14.3,71.4,11,1,CROSS=EMA9>EMA21;TREND=1;STRUCT=1;VOL=1;COOL=1;EMA50=1;VWAP=1;BIAS=1,0.00,0.00,23918.65,23918.65,outside the killzone window
1739,2026.08.07 22:15:00,2026.08.08 00:45:00,SKIP,XAUUSD,M15,592,FLAT,NA,DAY,0,0.00,0.00,0.00,0.00,1.00,0.00,0.00,0.00,0.00,0.00,0.00,0.00,0.00,0.00,0.00,0.00,0.00,0.00,4338.03,4337.58,4324.38,4336.63,4336.98,1.242,10.63,25.86,55.44,58.57,2.20,3.38,-1.18,4316.94,4343.65,10189,11204,71.4,14.3,6,1,CROSS=EMA9>EMA21;TREND=1;STRUCT=1;VOL=1;COOL=1;EMA50=1;VWAP=1;BIAS=1,0.00,0.00,23918.65,23918.65,outside the killzone window
1740,2026.08.10 01:00:00,2026.08.10 03:30:00,DAY_SUMMARY,XAUUSD,M15,592,FLAT,NA,DAY,0,0.00,0.00,0.00,0.00,1.00,0.00,0.00,0.00,0.00,0.00,0.00,0.00,0.00,0.00,0.00,0.00,1.00,118.65,4341.30,4340.12,4328.95,4341.34,4340.02,1.337,8.35,19.64,52.16,49.68,2.22,2.64,-0.42,4318.46,4341.11,1574,8007,42.9,28.6,12,1,CROSS=EMA9>EMA21;TREND=1;STRUCT=1;VOL=1;COOL=1;EMA50=1;VWAP=1;BIAS=1,0.00,0.00,23918.65,23918.65,2026.08.07 trades=3 W=1 L=2 gross_profit=342.57 gross_loss=223.92 net=118.65 PF=1.53
1741,2026.08.10 01:00:00,2026.08.10 03:30:00,WEEK_SUMMARY,XAUUSD,M15,592,FLAT,NA,DAY,0,0.00,0.00,0.00,0.00,1.00,0.00,0.00,0.00,0.00,0.00,0.00,0.00,0.00,0.00,0.00,0.00,0.82,95.79,4341.30,4340.12,4328.95,4341.34,4340.02,1.337,8.35,19.64,52.16,49.68,2.22,2.64,-0.42,4318.46,4341.11,1574,8007,42.9,28.6,12,1,CROSS=EMA9>EMA21;TREND=1;STRUCT=1;VOL=1;COOL=1;EMA50=1;VWAP=1;BIAS=1,0.00,0.00,23918.65,23918.65,days=4 trades=7 W=1 L=6 gross_profit=342.57 gross_loss=246.78 net=95.79 PF=1.39 pips=1784.0
1742,2026.08.10 03:30:00,2026.08.10 06:00:00,ENTRY,XAUUSD,M15,594,SELL,FULLTGT,DAY,0,4337.66,4352.65,4352.65,14.99,1.00,14.99,4322.67,4307.68,4292.69,4277.70,4262.71,0.07,0.07,0.07,4337.66,0.00,0.00,0.00,4340.99,4340.99,4333.19,4341.82,4341.33,1.041,7.50,18.13,47.94,43.33,0.82,1.74,-0.92,4341.40,4337.66,7316,4895,0.0,85.7,8,1,CROSS=EMA9<EMA21;TREND=1;STRUCT=1;VOL=1;COOL=1;EMA50=1;VWAP=1;BIAS=1,0.00,0.00,23918.40,23917.84,KZ=ASIA; KZR=London H @ 4316.70 251 bars ago (high taken); DAY 12AM-4PM IST session: stop x1.00 of usual; no partials; full size to TP5; SL steps BE->TP1->TP2->TP3
1743,2026.08.10 04:06:43,2026.08.10 06:36:43,SL_MOVE,XAUUSD,M15,594,SELL,FULLTGT,DAY,0,4337.66,4352.65,4337.66,14.99,1.00,14.99,4322.67,4307.68,4292.69,4277.70,4262.71,0.07,0.00,0.07,4337.66,1.00,0.00,0.00,4338.19,4339.66,4333.20,4339.68,4340.40,0.856,7.54,22.55,43.94,31.56,-0.43,1.24,-1.67,4339.90,4332.22,5171,4997,0.0,85.7,9,1,CROSS=EMA9<EMA21;TREND=1;STRUCT=1;VOL=1;COOL=1;EMA50=1;VWAP=1;BIAS=1,1.00,-0.22,23918.40,24023.40,stop to breakeven
1744,2026.08.10 04:06:43,2026.08.10 06:36:43,TP1_REACHED,XAUUSD,M15,594,SELL,FULLTGT,DAY,0,4337.66,4352.65,4337.66,14.99,1.00,14.99,4322.67,4307.68,4292.69,4277.70,4262.71,0.07,0.00,0.07,4322.67,1.00,1.00,0.00,4338.19,4339.66,4333.20,4339.68,4340.40,0.856,7.54,22.55,43.94,31.56,-0.43,1.24,-1.67,4339.90,4332.22,5171,4997,0.0,85.7,9,1,CROSS=EMA9<EMA21;TREND=1;STRUCT=1;VOL=1;COOL=1;EMA50=1;VWAP=1;BIAS=1,1.00,-0.22,23918.40,24023.40,full target: no partial booked
1745,2026.08.10 07:26:30,2026.08.10 09:56:30,EXIT_BE,XAUUSD,M15,594,SELL,FULLTGT,DAY,0,4337.66,4352.65,4337.66,14.99,1.00,14.99,4322.67,4307.68,4292.69,4277.70,4262.71,0.07,0.07,0.00,4337.70,0.00,-0.00,-0.78,4326.91,4329.29,4329.68,4325.55,4328.99,-0.046,8.35,20.16,51.79,68.24,-2.95,-4.08,1.13,4329.84,4332.37,3356,6071,57.1,14.3,12,1,CROSS=EMA9<EMA21;TREND=1;STRUCT=1;VOL=1;COOL=1;EMA50=1;VWAP=1;BIAS=1,1.61,-0.22,23917.87,23917.87,stopped at breakeven
1746,2026.08.10 08:00:00,2026.08.10 10:30:00,ENTRY,XAUUSD,M15,596,BUY,FULLTGT,DAY,0,4339.65,4322.74,4322.74,16.91,1.00,16.91,4356.56,4373.48,4390.39,4407.31,4424.22,0.07,0.07,0.07,4339.65,0.00,0.00,0.00,4331.31,4330.89,4330.35,4329.24,4330.02,0.064,8.46,25.95,57.31,67.96,-0.70,-3.17,2.48,4330.14,4339.59,3054,6086,85.7,0.0,6,1,CROSS=EMA9>EMA21;TREND=1;STRUCT=1;VOL=1;COOL=1;EMA50=1;VWAP=1;BIAS=1,0.00,0.00,23917.62,23917.20,KZ=LONDON; KZR=London H @ 4316.70 269 bars ago (high taken); DAY 12AM-4PM IST session: stop x1.00 of usual; no partials; full size to TP5; SL steps BE->TP1->TP2->TP3
1747,2026.08.10 09:46:25,2026.08.10 12:16:25,SL_MOVE,XAUUSD,M15,596,BUY,FULLTGT,DAY,0,4339.65,4322.74,4339.65,16.91,1.00,16.91,4356.56,4373.48,4390.39,4407.31,4424.22,0.07,0.00,0.07,4339.65,1.00,0.00,0.00,4343.88,4338.07,4333.91,4341.03,4336.35,0.547,7.62,43.44,66.93,70.57,4.41,1.17,3.24,4332.74,4355.24,4493,4380,100.0,0.0,9,1,CROSS=EMA9>EMA21;TREND=1;STRUCT=1;VOL=1;COOL=1;EMA50=1;VWAP=1;BIAS=1,0.99,-0.47,23917.62,24036.48,stop to breakeven
1748,2026.08.10 09:46:25,2026.08.10 12:16:25,TP1_REACHED,XAUUSD,M15,596,BUY,FULLTGT,DAY,0,4339.65,4322.74,4339.65,16.91,1.00,16.91,4356.56,4373.48,4390.39,4407.31,4424.22,0.07,0.00,0.07,4356.56,1.00,1.00,0.00,4343.88,4338.07,4333.91,4341.03,4336.35,0.547,7.62,43.44,66.93,70.57,4.41,1.17,3.24,4332.74,4355.24,4493,4380,100.0,0.0,9,1,CROSS=EMA9>EMA21;TREND=1;STRUCT=1;VOL=1;COOL=1;EMA50=1;VWAP=1;BIAS=1,0.99,-0.47,23917.62,24036.48,full target: no partial booked
1749,2026.08.10 13:01:15,2026.08.10 15:31:15,EXIT_BE,XAUUSD,M15,596,BUY,FULLTGT,DAY,0,4339.65,4322.74,4339.65,16.91,1.00,16.91,4356.56,4373.48,4390.39,4407.31,4424.22,0.07,0.07,0.00,4339.61,0.00,-0.00,-0.78,4347.24,4346.17,4340.62,4348.74,4346.67,0.783,7.10,30.36,46.04,36.12,2.35,4.85,-2.50,4336.92,4341.24,2300,4112,28.6,57.1,11,1,CROSS=EMA9>EMA21;TREND=1;STRUCT=1;VOL=1;COOL=1;EMA50=1;VWAP=1;BIAS=1,1.32,-0.47,23917.09,23917.09,stopped at breakeven
1750,2026.08.10 13:30:00,2026.08.10 16:00:00,SKIP,XAUUSD,M15,596,FLAT,NA,EVENING,0,0.00,0.00,0.00,0.00,1.00,0.00,0.00,0.00,0.00,0.00,0.00,0.00,0.00,0.00,0.00,0.00,0.00,0.00,4345.49,4345.50,4340.74,4345.94,4345.68,0.703,6.77,32.16,48.94,45.42,1.30,3.73,-2.43,4337.04,4343.67,2925,4189,14.3,71.4,8,1,CROSS=EMA9<EMA21;TREND=1;STRUCT=1;VOL=1;COOL=1;EMA50=1;VWAP=0;BIAS=1,0.00,0.00,23917.09,23917.09,quality filter
1751,2026.08.10 18:00:00,2026.08.10 20:30:00,SKIP,XAUUSD,M15,596,FLAT,NA,EVENING,0,0.00,0.00,0.00,0.00,1.00,0.00,0.00,0.00,0.00,0.00,0.00,0.00,0.00,0.00,0.00,0.00,0.00,0.00,4338.49,4337.69,4337.88,4336.73,4336.91,-0.023,8.14,28.02,55.55,59.48,-0.24,-2.65,2.41,4336.17,4345.51,11304,7401,85.7,14.3,5,1,CROSS=EMA9<EMA21;TREND=1;STRUCT=1;VOL=1;COOL=1;EMA50=1;VWAP=0;BIAS=1,0.00,0.00,23917.09,23917.09,outside the killzone window
1752,2026.08.11 01:00:00,2026.08.11 03:30:00,DAY_SUMMARY,XAUUSD,M15,596,FLAT,NA,DAY,0,0.00,0.00,0.00,0.00,1.00,0.00,0.00,0.00,0.00,0.00,0.00,0.00,0.00,0.00,0.00,0.00,-0.01,-1.56,4385.63,4374.54,4360.00,4384.49,4372.97,2.099,6.93,53.16,73.15,61.88,11.66,10.83,0.83,4347.63,4390.20,1195,8693,85.7,0.0,12,1,CROSS=EMA9<EMA21;TREND=1;STRUCT=1;VOL=1;COOL=1;EMA50=1;VWAP=0;BIAS=1,0.00,0.00,23917.09,23917.09,2026.08.10 trades=2 W=0 L=2 gross_profit=0.00 gross_loss=1.56 net=-1.56 PF=0.00
1753,2026.08.11 08:30:00,2026.08.11 11:00:00,ENTRY,XAUUSD,M15,598,SELL,FULLTGT,DAY,0,4392.44,4412.65,4412.65,20.21,1.00,20.21,4372.23,4352.03,4331.82,4311.61,4291.41,0.05,0.05,0.05,4392.44,0.00,0.00,0.00,4407.75,4408.96,4395.66,4411.57,4410.61,1.316,10.10,27.68,38.25,23.02,2.01,6.68,-4.68,4412.05,4392.44,4658,5679,0.0,85.7,11,1,CROSS=EMA9<EMA21;TREND=1;STRUCT=1;VOL=1;COOL=1;EMA50=1;VWAP=1;BIAS=1,0.00,0.00,23916.91,23916.36,KZ=LONDON; KZR=NY H @ 4371.78 43 bars ago (high taken); DAY 12AM-4PM IST session: stop x1.00 of usual; no partials; full size to TP5; SL steps BE->TP1->TP2->TP3
1754,2026.08.11 08:49:59,2026.08.11 11:19:59,SL_MOVE,XAUUSD,M15,598,SELL,FULLTGT,DAY,0,4392.44,4412.65,4392.44,20.21,1.00,20.21,4372.23,4352.03,4331.82,4311.61,4291.41,0.05,0.00,0.05,4392.44,1.00,0.00,0.00,4401.62,4406.06,4394.94,4407.75,4408.96,1.061,10.49,31.71,30.59,15.09,-0.70,5.49,-6.19,4409.39,4377.11,13661,6124,0.0,100.0,11,1,CROSS=EMA9<EMA21;TREND=1;STRUCT=1;VOL=1;COOL=1;EMA50=1;VWAP=1;BIAS=1,0.99,-0.00,23916.91,24018.66,stop to breakeven
1755,2026.08.11 08:49:59,2026.08.11 11:19:59,TP1_REACHED,XAUUSD,M15,598,SELL,FULLTGT,DAY,0,4392.44,4412.65,4392.44,20.21,1.00,20.21,4372.23,4352.03,4331.82,4311.61,4291.41,0.05,0.00,0.05,4372.23,1.00,1.00,0.00,4401.62,4406.06,4394.94,4407.75,4408.96,1.061,10.49,31.71,30.59,15.09,-0.70,5.49,-6.19,4409.39,4377.11,13661,6124,0.0,100.0,11,1,CROSS=EMA9<EMA21;TREND=1;STRUCT=1;VOL=1;COOL=1;EMA50=1;VWAP=1;BIAS=1,0.99,-0.00,23916.91,24018.66,full target: no partial booked
1756,2026.08.11 14:03:45,2026.08.11 16:33:45,EXIT_BE,XAUUSD,M15,598,SELL,FULLTGT,EVENING,0,4392.44,4412.65,4392.44,20.21,1.00,20.21,4372.23,4352.03,4331.82,4311.61,4291.41,0.05,0.05,0.00,4392.52,0.00,-0.00,-0.76,4375.40,4376.72,4381.12,4373.65,4376.15,-0.584,7.54,37.41,54.14,66.85,-3.38,-6.64,3.26,4392.12,4382.38,4449,5590,57.1,28.6,10,1,CROSS=EMA9<EMA21;TREND=1;STRUCT=1;VOL=1;COOL=1;EMA50=1;VWAP=1;BIAS=1,1.76,-0.00,23916.33,23916.33,stopped at breakeven
1757,2026.08.11 14:15:00,2026.08.11 16:45:00,SKIP,XAUUSD,M15,598,FLAT,NA,EVENING,0,0.00,0.00,0.00,0.00,1.00,0.00,0.00,0.00,0.00,0.00,0.00,0.00,0.00,0.00,0.00,0.00,0.00,0.00,4378.61,4378.06,4381.53,4375.40,4376.72,-0.455,7.63,41.62,61.65,75.76,-1.81,-5.78,3.97,4391.95,4391.46,13459,5889,85.7,14.3,6,1,CROSS=EMA9>EMA21;TREND=1;STRUCT=1;VOL=1;COOL=1;EMA50=1;VWAP=0;BIAS=1,0.00,0.00,23916.33,23916.33,quality filter
1758,2026.08.11 19:00:00,2026.08.11 21:30:00,SKIP,XAUUSD,M15,598,FLAT,NA,EVENING,0,0.00,0.00,0.00,0.00,1.00,0.00,0.00,0.00,0.00,0.00,0.00,0.00,0.00,0.00,0.00,0.00,0.00,0.00,4386.92,4387.32,4386.03,4387.71,4387.68,0.127,10.15,33.50,47.48,47.54,0.42,2.37,-1.95,4391.31,4383.77,8605,10061,0.0,85.7,7,1,CROSS=EMA9>EMA21;TREND=1;STRUCT=1;VOL=1;COOL=1;EMA50=1;VWAP=0;BIAS=1,0.00,0.00,23916.33,23916.33,outside the killzone window
1759,2026.08.12 01:00:00,2026.08.12 03:30:00,DAY_SUMMARY,XAUUSD,M15,598,FLAT,NA,DAY,0,0.00,0.00,0.00,0.00,1.00,0.00,0.00,0.00,0.00,0.00,0.00,0.00,0.00,0.00,0.00,0.00,-0.00,-0.76,4369.41,4373.05,4378.15,4369.76,4373.56,-0.822,6.20,37.78,42.88,45.53,-4.13,-4.67,0.54,4388.01,4368.01,931,5214,14.3,71.4,12,1,CROSS=EMA9>EMA21;TREND=1;STRUCT=1;VOL=1;COOL=1;EMA50=1;VWAP=0;BIAS=1,0.00,0.00,23916.33,23916.33,2026.08.11 trades=1 W=0 L=1 gross_profit=0.00 gross_loss=0.76 net=-0.76 PF=0.00
1760,2026.08.12 03:30:00,2026.08.12 06:00:00,ENTRY,XAUUSD,M15,600,BUY,FULLTGT,DAY,0,4380.88,4367.85,4367.85,13.03,1.00,13.03,4393.91,4406.94,4419.97,4433.01,4446.04,0.09,0.09,0.09,4380.88,0.00,0.00,0.00,4373.95,4373.48,4376.63,4372.24,4372.76,-0.483,6.52,19.22,56.47,65.52,-0.59,-2.06,1.47,4373.04,4380.76,4858,3845,85.7,0.0,12,1,CROSS=EMA9>EMA21;TREND=1;STRUCT=1;VOL=1;COOL=1;EMA50=1;VWAP=1;BIAS=1,0.00,0.00,23916.01,23914.93,KZ=ASIA; KZR=London H @ 4382.73 53 bars ago (high taken); DAY 12AM-4PM IST session: stop x1.00 of usual; no partials; full size to TP5; SL steps BE->TP1->TP2->TP3
1761,2026.08.12 04:20:34,2026.08.12 06:50:34,SL_MOVE,XAUUSD,M15,600,BUY,FULLTGT,DAY,0,4380.88,4367.85,4380.88,13.03,1.00,13.03,4393.91,4406.94,4419.97,4433.01,4446.04,0.09,0.00,0.09,4380.88,1.00,0.00,0.00,4379.45,4376.32,4377.54,4376.70,4374.90,-0.186,6.61,25.28,63.15,73.27,1.77,-0.96,2.73,4376.65,4390.45,9108,3797,100.0,0.0,12,1,CROSS=EMA9>EMA21;TREND=1;STRUCT=1;VOL=1;COOL=1;EMA50=1;VWAP=1;BIAS=1,0.99,-0.25,23916.01,24033.82,stop to breakeven
1762,2026.08.12 04:20:34,2026.08.12 06:50:34,TP1_REACHED,XAUUSD,M15,600,BUY,FULLTGT,DAY,0,4380.88,4367.85,4380.88,13.03,1.00,13.03,4393.91,4406.94,4419.97,4433.01,4446.04,0.09,0.00,0.09,4393.91,1.00,1.00,0.00,4379.45,4376.32,4377.54,4376.70,4374.90,-0.186,6.61,25.28,63.15,73.27,1.77,-0.96,2.73,4376.65,4390.45,9108,3797,100.0,0.0,12,1,CROSS=EMA9>EMA21;TREND=1;STRUCT=1;VOL=1;COOL=1;EMA50=1;VWAP=1;BIAS=1,0.99,-0.25,23916.01,24033.82,full target: no partial booked
1763,2026.08.12 05:42:52,2026.08.12 08:12:52,SL_MOVE,XAUUSD,M15,600,BUY,FULLTGT,DAY,0,4380.88,4367.85,4393.91,13.03,1.00,13.03,4393.91,4406.94,4419.97,4433.01,4446.04,0.09,0.00,0.09,4393.91,2.00,0.00,0.00,4392.10,4384.35,4381.10,4389.57,4382.56,0.489,6.65,40.69,70.73,67.93,6.30,2.71,3.59,4383.14,4402.25,3482,3975,85.7,0.0,12,1,CROSS=EMA9>EMA21;TREND=1;STRUCT=1;VOL=1;COOL=1;EMA50=1;VWAP=1;BIAS=1,2.00,-0.25,23916.01,24151.09,stop trailed to TP1
1764,2026.08.12 05:42:52,2026.08.12 08:12:52,TP2_REACHED,XAUUSD,M15,600,BUY,FULLTGT,DAY,0,4380.88,4367.85,4393.91,13.03,1.00,13.03,4393.91,4406.94,4419.97,4433.01,4446.04,0.09,0.00,0.09,4406.94,2.00,2.00,0.00,4392.10,4384.35,4381.10,4389.57,4382.56,0.489,6.65,40.69,70.73,67.93,6.30,2.71,3.59,4383.14,4402.25,3482,3975,85.7,0.0,12,1,CROSS=EMA9>EMA21;TREND=1;STRUCT=1;VOL=1;COOL=1;EMA50=1;VWAP=1;BIAS=1,2.00,-0.25,23916.01,24151.09,full target: no partial booked
1765,2026.08.12 08:22:38,2026.08.12 10:52:38,EXIT_TRAIL_SL,XAUUSD,M15,600,BUY,FULLTGT,DAY,0,4380.88,4367.85,4393.91,13.03,1.00,13.03,4393.91,4406.94,4419.97,4433.01,4446.04,0.09,0.09,0.00,4393.88,0.00,1.00,116.36,4400.67,4396.09,4388.88,4400.63,4395.62,1.038,6.94,29.47,59.28,45.52,5.66,7.41,-1.75,4391.33,4400.83,2372,4723,57.1,28.6,12,1,CROSS=EMA9>EMA21;TREND=1;STRUCT=1;VOL=1;COOL=1;EMA50=1;VWAP=1;BIAS=1,2.70,-0.25,24032.69,24032.69,stopped at a trailed level
1766,2026.08.12 09:15:00,2026.08.12 11:45:00,ENTRY,XAUUSD,M15,602,SELL,FULLTGT,DAY,0,4387.14,4401.57,4401.57,14.43,1.00,14.43,4372.71,4358.29,4343.86,4329.43,4315.01,0.08,0.08,0.08,4387.14,0.00,0.00,0.00,4394.01,4394.03,4389.00,4395.73,4394.72,0.697,7.21,24.19,43.63,36.72,1.81,4.98,-3.17,4391.25,4387.14,5284,4691,0.0,85.7,9,1,CROSS=EMA9<EMA21;TREND=1;STRUCT=1;VOL=1;COOL=1;EMA50=1;VWAP=1;BIAS=1,0.00,0.00,24032.41,24031.69,KZ=LONDON; KZR=NY H @ 4404.22 16 bars ago (high taken); DAY 12AM-4PM IST session: stop x1.00 of usual; no partials; full size to TP5; SL steps BE->TP1->TP2->TP3
1767,2026.08.12 09:51:22,2026.08.12 12:21:22,EXIT_SL,XAUUSD,M15,602,SELL,FULLTGT,DAY,0,4387.14,4401.57,4401.57,14.43,1.00,14.43,4372.71,4358.29,4343.86,4329.43,4315.01,0.08,0.08,0.00,4401.57,0.00,-1.00,-116.00,4393.45,4393.73,4389.25,4393.16,4393.64,0.647,6.92,21.78,52.11,61.51,1.23,3.69,-2.46,4391.27,4394.59,6019,4592,57.1,28.6,5,1,CROSS=EMA9<EMA21;TREND=1;STRUCT=1;VOL=1;COOL=1;EMA50=1;VWAP=1;BIAS=1,0.09,-0.99,23916.69,23916.69,stopped at the initial SL (x1.00 of usual)
1768,2026.08.12 10:00:00,2026.08.12 12:30:00,ENTRY,XAUUSD,M15,604,BUY,FULLTGT,DAY,0,4403.56,4389.36,4389.36,14.20,1.00,14.20,4417.76,4431.97,4446.17,4460.38,4474.58,0.08,0.08,0.08,4403.56,0.00,0.00,0.00,4395.46,4394.62,4389.81,4393.45,4393.73,0.677,7.10,22.44,60.06,66.09,1.89,3.19,-1.31,4391.60,4403.50,5203,4537,71.4,14.3,5,1,CROSS=EMA9>EMA21;TREND=1;STRUCT=1;VOL=1;COOL=1;EMA50=1;VWAP=1;BIAS=1,0.00,0.00,23916.41,23916.01,KZ=LONDON; KZR=NY H @ 4404.22 19 bars ago (high taken); DAY 12AM-4PM IST session: stop x1.00 of usual; no partials; full size to TP5; SL steps BE->TP1->TP2->TP3
1769,2026.08.12 12:15:59,2026.08.12 14:45:59,SL_MOVE,XAUUSD,M15,604,BUY,FULLTGT,DAY,0,4403.56,4389.36,4403.56,14.20,1.00,14.20,4417.76,4431.97,4446.17,4460.38,4474.58,0.08,0.00,0.08,4403.56,1.00,0.00,0.00,4405.45,4401.45,4394.78,4403.59,4400.31,1.050,6.36,20.05,63.43,66.69,4.25,3.51,0.74,4393.63,4412.87,3301,3651,71.4,0.0,11,1,CROSS=EMA9>EMA21;TREND=1;STRUCT=1;VOL=1;COOL=1;EMA50=1;VWAP=1;BIAS=1,0.99,-0.38,23916.41,24031.61,stop to breakeven
1770,2026.08.12 12:15:59,2026.08.12 14:45:59,TP1_REACHED,XAUUSD,M15,604,BUY,FULLTGT,DAY,0,4403.56,4389.36,4403.56,14.20,1.00,14.20,4417.76,4431.97,4446.17,4460.38,4474.58,0.08,0.00,0.08,4417.76,1.00,1.00,0.00,4405.45,4401.45,4394.78,4403.59,4400.31,1.050,6.36,20.05,63.43,66.69,4.25,3.51,0.74,4393.63,4412.87,3301,3651,71.4,0.0,11,1,CROSS=EMA9>EMA21;TREND=1;STRUCT=1;VOL=1;COOL=1;EMA50=1;VWAP=1;BIAS=1,0.99,-0.38,23916.41,24031.61,full target: no partial booked
1771,2026.08.12 15:30:02,2026.08.12 18:00:02,SL_MOVE,XAUUSD,M15,604,BUY,FULLTGT,EVENING,0,4403.56,4389.36,4417.76,14.20,1.00,14.20,4417.76,4431.97,4446.17,4460.38,4474.58,0.08,0.00,0.08,4417.76,2.00,0.00,0.00,4415.16,4411.16,4402.96,4412.06,4409.51,1.187,6.90,14.50,66.28,68.71,4.62,4.87,-0.26,4398.64,4427.56,7366,3830,71.4,14.3,10,1,CROSS=EMA9>EMA21;TREND=1;STRUCT=1;VOL=1;COOL=1;EMA50=1;VWAP=1;BIAS=1,2.00,-0.38,23916.41,24144.17,stop trailed to TP1
1772,2026.08.12 15:30:02,2026.08.12 18:00:02,TP2_REACHED,XAUUSD,M15,604,BUY,FULLTGT,EVENING,0,4403.56,4389.36,4417.76,14.20,1.00,14.20,4417.76,4431.97,4446.17,4460.38,4474.58,0.08,0.00,0.08,4431.97,2.00,2.00,0.00,4415.16,4411.16,4402.96,4412.06,4409.51,1.187,6.90,14.50,66.28,68.71,4.62,4.87,-0.26,4398.64,4427.56,7366,3830,71.4,14.3,10,1,CROSS=EMA9>EMA21;TREND=1;STRUCT=1;VOL=1;COOL=1;EMA50=1;VWAP=1;BIAS=1,2.00,-0.38,23916.41,24144.17,full target: no partial booked
1773,2026.08.12 15:30:06,2026.08.12 18:00:06,EXIT_TRAIL_SL,XAUUSD,M15,604,BUY,FULLTGT,EVENING,0,4403.56,4389.36,4417.76,14.20,1.00,14.20,4417.76,4431.97,4446.17,4460.38,4474.58,0.08,0.08,0.00,4417.71,0.00,1.00,112.64,4415.16,4411.16,4402.96,4412.06,4409.51,1.187,6.90,14.50,66.28,68.71,4.62,4.87,-0.26,4398.64,4427.56,7366,3830,71.4,14.3,10,1,CROSS=EMA9>EMA21;TREND=1;STRUCT=1;VOL=1;COOL=1;EMA50=1;VWAP=1;BIAS=1,2.06,-0.38,24029.33,24029.33,stopped at a trailed level
1774,2026.08.12 20:00:00,2026.08.12 22:30:00,SKIP,XAUUSD,M15,604,FLAT,NA,EVENING,0,0.00,0.00,0.00,0.00,1.00,0.00,0.00,0.00,0.00,0.00,0.00,0.00,0.00,0.00,0.00,0.00,0.00,0.00,4416.76,4418.54,4412.56,4420.52,4420.22,0.391,15.30,25.80,37.84,33.21,0.13,3.35,-3.22,4411.63,4401.71,14886,15566,0.0,85.7,5,1,CROSS=EMA9>EMA21;TREND=1;STRUCT=1;VOL=1;COOL=1;EMA50=1;VWAP=1;BIAS=1,0.00,0.00,24029.33,24029.33,outside the killzone window
1775,2026.08.13 01:00:00,2026.08.13 03:30:00,DAY_SUMMARY,XAUUSD,M15,604,FLAT,NA,DAY,0,0.00,0.00,0.00,0.00,1.00,0.00,0.00,0.00,0.00,0.00,0.00,0.00,0.00,0.00,0.00,0.00,0.99,113.00,4410.11,4411.74,4411.12,4410.53,4412.07,0.090,6.91,28.13,45.37,45.81,-1.59,-1.39,-0.20,4411.21,4408.42,950,6725,0.0,85.7,12,1,CROSS=EMA9>EMA21;TREND=1;STRUCT=1;VOL=1;COOL=1;EMA50=1;VWAP=1;BIAS=1,0.00,0.00,24029.33,24029.33,2026.08.12 trades=3 W=2 L=1 gross_profit=229.00 gross_loss=116.00 net=113.00 PF=1.97
1776,2026.08.13 03:15:00,2026.08.13 05:45:00,SKIP,XAUUSD,M15,604,FLAT,NA,DAY,0,0.00,0.00,0.00,0.00,1.00,0.00,0.00,0.00,0.00,0.00,0.00,0.00,0.00,0.00,0.00,0.00,0.00,0.00,4410.13,4409.69,4409.98,4407.85,4408.74,-0.055,5.11,35.50,61.04,74.28,-0.45,-2.34,1.89,4409.80,4419.23,5820,3243,100.0,0.0,7,1,CROSS=EMA9>EMA21;TREND=1;STRUCT=1;VOL=1;COOL=1;EMA50=1;VWAP=1;BIAS=1,0.00,0.00,24029.33,24029.33,already positioned that way
1777,2026.08.13 05:45:00,2026.08.13 08:15:00,ENTRY,XAUUSD,M15,606,SELL,FULLTGT,DAY,0,4410.42,4428.80,4428.80,18.38,1.00,18.38,4392.04,4373.66,4355.28,4336.90,4318.52,0.06,0.06,0.06,4410.42,0.00,0.00,0.00,4414.17,4414.55,4412.97,4415.11,4414.96,0.172,9.19,29.68,46.89,45.27,0.33,2.76,-2.43,4420.14,4410.42,9059,4872,14.3,85.7,5,1,CROSS=EMA9<EMA21;TREND=1;STRUCT=1;VOL=1;COOL=1;EMA50=1;VWAP=1;BIAS=1,0.00,0.00,24029.12,24028.82,KZ=ASIA; KZR=NY H @ 4441.44 8 bars ago (high taken); DAY 12AM-4PM IST session: stop x1.00 of usual; no partials; full size to TP5; SL steps BE->TP1->TP2->TP3
1778,2026.08.13 07:11:38,2026.08.13 09:41:38,SL_MOVE,XAUUSD,M15,606,SELL,FULLTGT,DAY,0,4410.42,4428.80,4410.42,18.38,1.00,18.38,4392.04,4373.66,4355.28,4336.90,4318.52,0.06,0.00,0.06,4410.42,1.00,0.00,0.00,4408.15,4411.17,4411.67,4410.12,4412.27,-0.051,9.69,23.44,39.69,30.94,-2.16,-0.02,-2.14,4417.51,4400.26,3825,5734,0.0,71.4,12,1,CROSS=EMA9<EMA21;TREND=1;STRUCT=1;VOL=1;COOL=1;EMA50=1;VWAP=1;BIAS=1,1.00,-0.11,24029.12,24139.46,stop to breakeven
1779,2026.08.13 07:11:38,2026.08.13 09:41:38,TP1_REACHED,XAUUSD,M15,606,SELL,FULLTGT,DAY,0,4410.42,4428.80,4410.42,18.38,1.00,18.38,4392.04,4373.66,4355.28,4336.90,4318.52,0.06,0.00,0.06,4392.04,1.00,1.00,0.00,4408.15,4411.17,4411.67,4410.12,4412.27,-0.051,9.69,23.44,39.69,30.94,-2.16,-0.02,-2.14,4417.51,4400.26,3825,5734,0.0,71.4,12,1,CROSS=EMA9<EMA21;TREND=1;STRUCT=1;VOL=1;COOL=1;EMA50=1;VWAP=1;BIAS=1,1.00,-0.11,24029.12,24139.46,full target: no partial booked
1780,2026.08.13 09:33:28,2026.08.13 12:03:28,SL_MOVE,XAUUSD,M15,606,SELL,FULLTGT,DAY,0,4410.42,4428.80,4392.04,18.38,1.00,18.38,4392.04,4373.66,4355.28,4336.90,4318.52,0.06,0.00,0.06,4392.04,2.00,0.00,0.00,4389.14,4398.09,4404.91,4392.41,4400.30,-0.769,8.86,34.88,30.57,30.98,-7.99,-4.96,-3.03,4407.87,4376.06,6232,6415,0.0,85.7,11,1,CROSS=EMA9<EMA21;TREND=1;STRUCT=1;VOL=1;COOL=1;EMA50=1;VWAP=1;BIAS=1,2.00,-0.11,24029.12,24249.98,stop trailed to TP1
1781,2026.08.13 09:33:28,2026.08.13 12:03:28,TP2_REACHED,XAUUSD,M15,606,SELL,FULLTGT,DAY,0,4410.42,4428.80,4392.04,18.38,1.00,18.38,4392.04,4373.66,4355.28,4336.90,4318.52,0.06,0.00,0.06,4373.66,2.00,2.00,0.00,4389.14,4398.09,4404.91,4392.41,4400.30,-0.769,8.86,34.88,30.57,30.98,-7.99,-4.96,-3.03,4407.87,4376.06,6232,6415,0.0,85.7,11,1,CROSS=EMA9<EMA21;TREND=1;STRUCT=1;VOL=1;COOL=1;EMA50=1;VWAP=1;BIAS=1,2.00,-0.11,24029.12,24249.98,full target: no partial booked
1782,2026.08.13 13:50:54,2026.08.13 16:20:54,EXIT_TRAIL_SL,XAUUSD,M15,606,SELL,FULLTGT,EVENING,0,4410.42,4428.80,4392.04,18.38,1.00,18.38,4392.04,4373.66,4355.28,4336.90,4318.52,0.06,0.06,0.00,4392.16,0.00,0.99,109.14,4382.82,4383.56,4392.02,4380.89,4382.87,-1.179,7.17,34.47,55.15,66.73,-2.97,-6.50,3.52,4397.95,4390.55,2358,5649,57.1,28.6,8,1,CROSS=EMA9<EMA21;TREND=1;STRUCT=1;VOL=1;COOL=1;EMA50=1;VWAP=1;BIAS=1,2.52,-0.11,24138.47,24138.47,stopped at a trailed level
1783,2026.08.13 14:00:00,2026.08.13 16:30:00,SKIP,XAUUSD,M15,606,FLAT,NA,EVENING,0,0.00,0.00,0.00,0.00,1.00,0.00,0.00,0.00,0.00,0.00,0.00,0.00,0.00,0.00,0.00,0.00,0.00,0.00,4384.70,4384.35,4392.03,4382.82,4383.56,-1.192,6.44,38.13,56.62,68.68,-1.95,-5.66,3.71,4397.89,4392.23,2559,5237,71.4,14.3,5,1,CROSS=EMA9>EMA21;TREND=1;STRUCT=1;VOL=1;COOL=1;EMA50=1;VWAP=0;BIAS=1,0.00,0.00,24138.47,24138.47,quality filter
1784,2026.08.13 17:00:00,2026.08.13 19:30:00,SKIP,XAUUSD,M15,606,FLAT,NA,EVENING,0,0.00,0.00,0.00,0.00,1.00,0.00,0.00,0.00,0.00,0.00,0.00,0.00,0.00,0.00,0.00,0.00,0.00,0.00,4385.25,4386.30,4390.46,4388.36,4387.65,-0.516,8.06,30.73,38.31,31.73,-0.90,0.46,-1.37,4394.85,4372.80,19427,6775,0.0,100.0,9,1,CROSS=EMA9>EMA21;TREND=1;STRUCT=1;VOL=1;COOL=1;EMA50=1;VWAP=0;BIAS=1,0.00,0.00,24138.47,24138.47,outside the killzone window
1785,2026.08.14 01:00:00,2026.08.14 03:30:00,DAY_SUMMARY,XAUUSD,M15,606,FLAT,NA,DAY,0,0.00,0.00,0.00,0.00,1.00,0.00,0.00,0.00,0.00,0.00,0.00,0.00,0.00,0.00,0.00,0.00,0.99,109.14,4352.18,4357.71,4368.91,4352.47,4358.38,-1.714,6.53,26.57,39.83,47.42,-6.49,-6.86,0.38,4383.07,4351.00,1082,6435,14.3,71.4,12,1,CROSS=EMA9>EMA21;TREND=1;STRUCT=1;VOL=1;COOL=1;EMA50=1;VWAP=0;BIAS=1,0.00,0.00,24138.47,24138.47,2026.08.13 trades=1 W=1 L=0 gross_profit=109.14 gross_loss=0.00 net=109.14 PF=0.00
1786,2026.08.14 10:00:00,2026.08.14 12:30:00,ENTRY,XAUUSD,M15,608,BUY,FULLTGT,DAY,0,4335.78,4321.75,4321.75,14.03,1.00,14.03,4349.81,4363.84,4377.87,4391.90,4405.93,0.08,0.08,0.08,4335.78,0.00,0.00,0.00,4329.46,4329.11,4339.24,4327.88,4328.45,-1.444,7.01,22.39,55.09,62.90,-1.81,-4.77,2.96,4330.61,4335.75,4562,4776,71.4,0.0,5,1,CROSS=EMA9>EMA21;TREND=1;STRUCT=1;VOL=1;COOL=1;EMA50=1;VWAP=1;BIAS=1,0.00,0.00,24138.19,24137.79,KZ=LONDON; KZR=NY H @ 4441.44 121 bars ago (high taken); DAY 12AM-4PM IST session: stop x1.00 of usual; no partials; full size to TP5; SL steps BE->TP1->TP2->TP3
1787,2026.08.14 12:14:06,2026.08.14 14:44:06,SL_MOVE,XAUUSD,M15,608,BUY,FULLTGT,DAY,0,4335.78,4321.75,4335.78,14.03,1.00,14.03,4349.81,4363.84,4377.87,4391.90,4405.93,0.08,0.00,0.08,4335.78,1.00,0.00,0.00,4341.64,4336.41,4340.03,4339.86,4335.17,-0.586,6.19,30.67,63.02,63.13,3.62,0.82,2.80,4332.31,4348.74,2546,4550,85.7,0.0,10,1,CROSS=EMA9>EMA21;TREND=1;STRUCT=1;VOL=1;COOL=1;EMA50=1;VWAP=1;BIAS=1,1.00,-0.43,24138.19,24251.07,stop to breakeven
1788,2026.08.14 12:14:06,2026.08.14 14:44:06,TP1_REACHED,XAUUSD,M15,608,BUY,FULLTGT,DAY,0,4335.78,4321.75,4335.78,14.03,1.00,14.03,4349.81,4363.84,4377.87,4391.90,4405.93,0.08,0.00,0.08,4349.81,1.00,1.00,0.00,4341.64,4336.41,4340.03,4339.86,4335.17,-0.586,6.19,30.67,63.02,63.13,3.62,0.82,2.80,4332.31,4348.74,2546,4550,85.7,0.0,10,1,CROSS=EMA9>EMA21;TREND=1;STRUCT=1;VOL=1;COOL=1;EMA50=1;VWAP=1;BIAS=1,1.00,-0.43,24138.19,24251.07,full target: no partial booked
1789,2026.08.14 14:50:39,2026.08.14 17:20:39,SL_MOVE,XAUUSD,M15,608,BUY,FULLTGT,EVENING,0,4335.78,4321.75,4349.81,14.03,1.00,14.03,4349.81,4363.84,4377.87,4391.90,4405.93,0.08,0.00,0.08,4349.81,2.00,0.00,0.00,4353.88,4347.96,4344.97,4351.72,4346.51,0.545,5.50,38.45,68.89,69.08,5.92,5.63,0.29,4335.30,4362.49,4645,3692,100.0,0.0,5,1,CROSS=EMA9>EMA21;TREND=1;STRUCT=1;VOL=1;COOL=1;EMA50=1;VWAP=1;BIAS=1,1.99,-0.43,24138.19,24364.43,stop trailed to TP1
1790,2026.08.14 14:50:39,2026.08.14 17:20:39,TP2_REACHED,XAUUSD,M15,608,BUY,FULLTGT,EVENING,0,4335.78,4321.75,4349.81,14.03,1.00,14.03,4349.81,4363.84,4377.87,4391.90,4405.93,0.08,0.00,0.08,4363.84,2.00,2.00,0.00,4353.88,4347.96,4344.97,4351.72,4346.51,0.545,5.50,38.45,68.89,69.08,5.92,5.63,0.29,4335.30,4362.49,4645,3692,100.0,0.0,5,1,CROSS=EMA9>EMA21;TREND=1;STRUCT=1;VOL=1;COOL=1;EMA50=1;VWAP=1;BIAS=1,1.99,-0.43,24138.19,24364.43,full target: no partial booked
1791,2026.08.14 15:22:03,2026.08.14 17:52:03,SL_MOVE,XAUUSD,M15,608,BUY,FULLTGT,EVENING,0,4335.78,4321.75,4363.84,14.03,1.00,14.03,4349.81,4363.84,4377.87,4391.90,4405.93,0.08,0.00,0.08,4363.84,3.00,0.00,0.00,4359.93,4351.89,4346.94,4356.96,4349.90,0.821,6.04,45.67,74.47,75.71,7.68,6.00,1.68,4336.79,4371.80,6489,3823,100.0,0.0,8,1,CROSS=EMA9>EMA21;TREND=1;STRUCT=1;VOL=1;COOL=1;EMA50=1;VWAP=1;BIAS=1,3.00,-0.43,24138.19,24474.91,stop trailed to TP2
1792,2026.08.14 15:22:03,2026.08.14 17:52:03,TP3_REACHED,XAUUSD,M15,608,BUY,FULLTGT,EVENING,0,4335.78,4321.75,4363.84,14.03,1.00,14.03,4349.81,4363.84,4377.87,4391.90,4405.93,0.08,0.00,0.08,4377.87,3.00,3.00,0.00,4359.93,4351.89,4346.94,4356.96,4349.90,0.821,6.04,45.67,74.47,75.71,7.68,6.00,1.68,4336.79,4371.80,6489,3823,100.0,0.0,8,1,CROSS=EMA9>EMA21;TREND=1;STRUCT=1;VOL=1;COOL=1;EMA50=1;VWAP=1;BIAS=1,3.00,-0.43,24138.19,24474.91,full target: no partial booked
1793,2026.08.14 16:35:11,2026.08.14 19:05:11,SL_MOVE,XAUUSD,M15,608,BUY,FULLTGT,EVENING,0,4335.78,4321.75,4377.87,14.03,1.00,14.03,4349.81,4363.84,4377.87,4391.90,4405.93,0.08,0.00,0.08,4377.87,4.00,0.00,0.00,4372.00,4361.59,4352.44,4368.88,4359.30,1.296,7.06,59.08,74.86,72.38,10.30,8.12,2.18,4342.85,4384.47,8625,4939,100.0,0.0,8,1,CROSS=EMA9>EMA21;TREND=1;STRUCT=1;VOL=1;COOL=1;EMA50=1;VWAP=1;BIAS=1,3.99,-0.43,24138.19,24587.63,stop trailed to TP3
1794,2026.08.14 16:35:11,2026.08.14 19:05:11,TP4_REACHED,XAUUSD,M15,608,BUY,FULLTGT,EVENING,0,4335.78,4321.75,4377.87,14.03,1.00,14.03,4349.81,4363.84,4377.87,4391.90,4405.93,0.08,0.00,0.08,4391.90,4.00,4.00,0.00,4372.00,4361.59,4352.44,4368.88,4359.30,1.296,7.06,59.08,74.86,72.38,10.30,8.12,2.18,4342.85,4384.47,8625,4939,100.0,0.0,8,1,CROSS=EMA9>EMA21;TREND=1;STRUCT=1;VOL=1;COOL=1;EMA50=1;VWAP=1;BIAS=1,3.99,-0.43,24138.19,24587.63,full target: no partial booked
1795,2026.08.14 20:43:43,2026.08.14 23:13:43,EXIT_TRAIL_SL,XAUUSD,M15,608,BUY,FULLTGT,EVENING,0,4335.78,4321.75,4377.87,14.03,1.00,14.03,4349.81,4363.84,4377.87,4391.90,4405.93,0.08,0.08,0.00,4377.75,0.00,2.99,335.20,4384.69,4380.93,4368.71,4385.99,4381.08,1.346,9.09,35.84,51.63,40.03,6.10,8.88,-2.79,4355.90,4379.50,3694,8187,42.9,42.9,8,1,CROSS=EMA9>EMA21;TREND=1;STRUCT=1;VOL=1;COOL=1;EMA50=1;VWAP=1;BIAS=1,4.37,-0.43,24473.67,24473.67,stopped at a trailed level
1796,2026.08.14 22:00:00,2026.08.15 00:30:00,SKIP,XAUUSD,M15,608,FLAT,NA,DAY,0,0.00,0.00,0.00,0.00,1.00,0.00,0.00,0.00,0.00,0.00,0.00,0.00,0.00,0.00,0.00,0.00,0.00,0.00,4378.76,4379.21,4370.50,4380.06,4379.77,1.199,7.26,27.23,45.23,37.73,1.75,4.62,-2.87,4356.84,4373.57,3246,5676,14.3,71.4,5,1,CROSS=EMA9>EMA21;TREND=1;STRUCT=1;VOL=1;COOL=1;EMA50=1;VWAP=1;BIAS=1,0.00,0.00,24473.67,24473.67,outside the killzone window
1797,2026.08.17 01:00:00,2026.08.17 03:30:00,DAY_SUMMARY,XAUUSD,M15,608,FLAT,NA,DAY,0,0.00,0.00,0.00,0.00,1.00,0.00,0.00,0.00,0.00,0.00,0.00,0.00,0.00,0.00,0.00,0.00,2.99,335.20,4375.89,4377.17,4371.85,4375.96,4377.33,1.096,4.86,20.92,48.41,48.85,-0.27,0.55,-0.83,4357.74,4375.59,1095,3406,14.3,57.1,12,1,CROSS=EMA9>EMA21;TREND=1;STRUCT=1;VOL=1;COOL=1;EMA50=1;VWAP=1;BIAS=1,0.00,0.00,24473.67,24473.67,2026.08.14 trades=1 W=1 L=0 gross_profit=335.20 gross_loss=0.00 net=335.20 PF=0.00
1798,2026.08.17 01:00:00,2026.08.17 03:30:00,WEEK_SUMMARY,XAUUSD,M15,608,FLAT,NA,DAY,0,0.00,0.00,0.00,0.00,1.00,0.00,0.00,0.00,0.00,0.00,0.00,0.00,0.00,0.00,0.00,0.00,4.97,555.02,4375.89,4377.17,4371.85,4375.96,4377.33,1.096,4.86,20.92,48.41,48.85,-0.27,0.55,-0.83,4357.74,4375.59,1095,3406,14.3,57.1,12,1,CROSS=EMA9>EMA21;TREND=1;STRUCT=1;VOL=1;COOL=1;EMA50=1;VWAP=1;BIAS=1,0.00,0.00,24473.67,24473.67,days=5 trades=8 W=4 L=4 gross_profit=673.34 gross_loss=118.32 net=555.02 PF=5.69 pips=7279.0
1799,2026.08.17 02:00:00,2026.08.17 04:30:00,SKIP,XAUUSD,M15,608,FLAT,NA,DAY,0,0.00,0.00,0.00,0.00,1.00,0.00,0.00,0.00,0.00,0.00,0.00,0.00,0.00,0.00,0.00,0.00,0.00,0.00,4378.02,4377.73,4372.86,4376.04,4376.91,0.975,4.99,29.88,62.56,70.13,0.52,-0.05,0.57,4378.34,4385.94,2296,2997,85.7,0.0,12,1,CROSS=EMA9>EMA21;TREND=1;STRUCT=1;VOL=1;COOL=1;EMA50=1;VWAP=1;BIAS=1,0.00,0.00,24473.67,24473.67,already positioned that way
1800,2026.08.17 02:45:00,2026.08.17 05:15:00,ENTRY,XAUUSD,M15,610,SELL,FULLTGT,DAY,0,4368.34,4379.18,4379.18,10.84,1.00,10.84,4357.50,4346.66,4335.82,4324.98,4314.14,0.11,0.11,0.11,4368.34,0.00,0.00,0.00,4375.80,4376.79,4373.01,4377.66,4377.64,0.697,5.42,28.33,40.50,33.54,-0.43,-0.04,-0.39,4377.10,4368.34,3301,2871,0.0,100.0,5,1,CROSS=EMA9<EMA21;TREND=1;STRUCT=1;VOL=1;COOL=1;EMA50=1;VWAP=1;BIAS=1,0.00,0.00,24473.28,24472.73,KZ=ASIA; KZR=NY H @ 4441.44 380 bars ago (high taken); DAY 12AM-4PM IST session: stop x1.00 of usual; no partials; full size to TP5; SL steps BE->TP1->TP2->TP3
1801,2026.08.17 03:12:36,2026.08.17 05:42:36,EXIT_SL,XAUUSD,M15,610,SELL,FULLTGT,DAY,0,4368.34,4379.18,4379.18,10.84,1.00,10.84,4357.50,4346.66,4335.82,4324.98,4314.14,0.11,0.11,0.00,4379.19,0.00,-1.00,-120.13,4374.71,4376.21,4372.91,4375.80,4376.79,0.610,5.41,25.21,43.17,44.94,-0.86,-0.12,-0.75,4376.24,4370.37,3048,2881,14.3,85.7,11,1,CROSS=EMA9<EMA21;TREND=1;STRUCT=1;VOL=1;COOL=1;EMA50=1;VWAP=1;BIAS=1,0.01,-0.99,24353.54,24353.54,stopped at the initial SL (x1.00 of usual)
1802,2026.08.17 03:30:00,2026.08.17 06:00:00,ENTRY,XAUUSD,M15,612,BUY,FULLTGT,DAY,0,4390.02,4377.69,4377.69,12.33,1.00,12.33,4402.35,4414.67,4427.00,4439.32,4451.65,0.09,0.09,0.09,4390.02,0.00,0.00,0.00,4378.42,4377.68,4373.80,4375.54,4376.45,0.629,6.16,24.96,61.79,67.94,0.65,-0.04,0.69,4377.70,4389.97,5408,3170,85.7,0.0,5,1,CROSS=EMA9>EMA21;TREND=1;STRUCT=1;VOL=1;COOL=1;EMA50=1;VWAP=1;BIAS=1,0.00,0.00,24353.22,24352.77,KZ=ASIA; KZR=NY H @ 4441.44 383 bars ago (high taken); DAY 12AM-4PM IST session: stop x1.00 of usual; no partials; full size to TP5; SL steps BE->TP1->TP2->TP3
1803,2026.08.17 04:00:10,2026.08.17 06:30:10,SL_MOVE,XAUUSD,M15,612,BUY,FULLTGT,DAY,0,4390.02,4377.69,4390.02,12.33,1.00,12.33,4402.35,4414.67,4427.00,4439.32,4451.65,0.09,0.00,0.09,4390.02,1.00,0.00,0.00,4385.68,4381.28,4375.69,4381.91,4379.33,0.855,6.54,31.35,68.38,72.89,3.47,0.65,2.82,4382.60,4400.80,6473,3456,100.0,0.0,12,1,CROSS=EMA9>EMA21;TREND=1;STRUCT=1;VOL=1;COOL=1;EMA50=1;VWAP=1;BIAS=1,1.00,-0.20,24353.22,24465.63,stop to breakeven
1804,2026.08.17 04:00:10,2026.08.17 06:30:10,TP1_REACHED,XAUUSD,M15,612,BUY,FULLTGT,DAY,0,4390.02,4377.69,4390.02,12.33,1.00,12.33,4402.35,4414.67,4427.00,4439.32,4451.65,0.09,0.00,0.09,4402.35,1.00,1.00,0.00,4385.68,4381.28,4375.69,4381.91,4379.33,0.855,6.54,31.35,68.38,72.89,3.47,0.65,2.82,4382.60,4400.80,6473,3456,100.0,0.0,12,1,CROSS=EMA9>EMA21;TREND=1;STRUCT=1;VOL=1;COOL=1;EMA50=1;VWAP=1;BIAS=1,1.00,-0.20,24353.22,24465.63,full target: no partial booked
1805,2026.08.17 04:23:57,2026.08.17 06:53:57,SL_MOVE,XAUUSD,M15,612,BUY,FULLTGT,DAY,0,4390.02,4377.69,4402.35,12.33,1.00,12.33,4402.35,4414.67,4427.00,4439.32,4451.65,0.09,0.00,0.09,4402.35,2.00,0.00,0.00,4390.42,4383.83,4377.01,4385.68,4381.28,0.995,6.86,35.55,72.57,74.45,5.25,1.17,4.08,4388.32,4409.38,14404,4057,100.0,0.0,9,1,CROSS=EMA9>EMA21;TREND=1;STRUCT=1;VOL=1;COOL=1;EMA50=1;VWAP=1;BIAS=1,2.00,-0.20,24353.22,24575.25,stop trailed to TP1
1806,2026.08.17 04:23:57,2026.08.17 06:53:57,TP2_REACHED,XAUUSD,M15,612,BUY,FULLTGT,DAY,0,4390.02,4377.69,4402.35,12.33,1.00,12.33,4402.35,4414.67,4427.00,4439.32,4451.65,0.09,0.00,0.09,4414.67,2.00,2.00,0.00,4390.42,4383.83,4377.01,4385.68,4381.28,0.995,6.86,35.55,72.57,74.45,5.25,1.17,4.08,4388.32,4409.38,14404,4057,100.0,0.0,9,1,CROSS=EMA9>EMA21;TREND=1;STRUCT=1;VOL=1;COOL=1;EMA50=1;VWAP=1;BIAS=1,2.00,-0.20,24353.22,24575.25,full target: no partial booked
1807,2026.08.17 04:34:07,2026.08.17 07:04:07,EXIT_TRAIL_SL,XAUUSD,M15,612,BUY,FULLTGT,DAY,0,4390.02,4377.69,4402.35,12.33,1.00,12.33,4402.35,4414.67,4427.00,4439.32,4451.65,0.09,0.09,0.00,4402.33,0.00,1.00,110.15,4393.78,4385.96,4378.19,4390.42,4383.83,1.094,7.10,39.76,70.04,67.59,6.41,1.81,4.60,4391.58,4407.21,10765,4473,85.7,14.3,11,1,CROSS=EMA9>EMA21;TREND=1;STRUCT=1;VOL=1;COOL=1;EMA50=1;VWAP=1;BIAS=1,2.15,-0.20,24463.69,24463.69,stopped at a trailed level
1808,2026.08.17 13:15:00,2026.08.17 15:45:00,SKIP,XAUUSD,M15,612,FLAT,NA,DAY,0,0.00,0.00,0.00,0.00,1.00,0.00,0.00,0.00,0.00,0.00,0.00,0.00,0.00,0.00,0.00,0.00,0.00,0.00,4397.28,4397.43,4392.76,4397.60,4397.57,0.736,6.36,28.68,49.12,47.44,0.73,2.19,-1.46,4395.41,4396.01,2411,4328,14.3,71.4,6,1,CROSS=EMA9<EMA21;TREND=1;STRUCT=1;VOL=1;COOL=1;EMA50=1;VWAP=0;BIAS=1,0.00,0.00,24463.69,24463.69,quality filter
1809,2026.08.17 13:30:00,2026.08.17 16:00:00,SKIP,XAUUSD,M15,612,FLAT,NA,EVENING,0,0.00,0.00,0.00,0.00,1.00,0.00,0.00,0.00,0.00,0.00,0.00,0.00,0.00,0.00,0.00,0.00,0.00,0.00,4398.86,4398.13,4393.24,4397.28,4397.43,0.729,6.71,24.93,58.05,66.33,1.28,1.91,-0.63,4395.51,4405.15,4478,4374,71.4,14.3,11,1,CROSS=EMA9>EMA21;TREND=1;STRUCT=1;VOL=1;COOL=1;EMA50=1;VWAP=1;BIAS=1,0.00,0.00,24463.69,24463.69,already positioned that way
1810,2026.08.17 15:15:00,2026.08.17 17:45:00,ENTRY,XAUUSD,M15,614,SELL,FULLTGT,EVENING,0,4393.99,4406.60,4406.60,12.61,1.00,12.61,4381.38,4368.78,4356.17,4343.56,4330.96,0.09,0.09,0.09,4393.99,0.00,0.00,0.00,4398.19,4398.29,4394.55,4399.24,4398.72,0.593,6.30,21.12,45.74,41.24,0.47,1.04,-0.57,4395.88,4393.99,4170,3706,0.0,85.7,5,1,CROSS=EMA9<EMA21;TREND=1;STRUCT=1;VOL=1;COOL=1;EMA50=1;VWAP=1;BIAS=1,0.00,0.00,24463.37,24462.92,KZ=NY; KZR=NY H @ 4441.44 430 bars ago (high taken); EVENING 4PM-12AM IST session: stop x1.00 of usual; no partials; full size to TP5; SL steps BE->TP1->TP2->TP3
1811,2026.08.17 15:39:50,2026.08.17 18:09:50,SL_MOVE,XAUUSD,M15,614,SELL,FULLTGT,EVENING,0,4393.99,4406.60,4393.99,12.61,1.00,12.61,4381.38,4368.78,4356.17,4343.56,4330.96,0.09,0.00,0.09,4393.99,1.00,0.00,0.00,4395.72,4397.16,4394.21,4398.19,4398.29,0.438,6.72,23.45,38.73,37.31,-0.57,0.90,-1.47,4395.71,4385.84,6408,3773,0.0,85.7,5,1,CROSS=EMA9<EMA21;TREND=1;STRUCT=1;VOL=1;COOL=1;EMA50=1;VWAP=1;BIAS=1,0.99,-0.39,24463.37,24577.94,stop to breakeven
1812,2026.08.17 15:39:50,2026.08.17 18:09:50,TP1_REACHED,XAUUSD,M15,614,SELL,FULLTGT,EVENING,0,4393.99,4406.60,4393.99,12.61,1.00,12.61,4381.38,4368.78,4356.17,4343.56,4330.96,0.09,0.00,0.09,4381.38,1.00,1.00,0.00,4395.72,4397.16,4394.21,4398.19,4398.29,0.438,6.72,23.45,38.73,37.31,-0.57,0.90,-1.47,4395.71,4385.84,6408,3773,0.0,85.7,5,1,CROSS=EMA9<EMA21;TREND=1;STRUCT=1;VOL=1;COOL=1;EMA50=1;VWAP=1;BIAS=1,0.99,-0.39,24463.37,24577.94,full target: no partial booked
1813,2026.08.17 16:49:14,2026.08.17 19:19:14,EXIT_BE,XAUUSD,M15,614,SELL,FULLTGT,EVENING,0,4393.99,4406.60,4393.99,12.61,1.00,12.61,4381.38,4368.78,4356.17,4343.56,4330.96,0.09,0.09,0.00,4393.99,0.00,-0.00,-0.64,4388.51,4392.42,4392.45,4389.21,4393.09,-0.004,7.15,25.04,41.89,42.79,-3.17,-1.26,-1.91,4394.22,4385.71,12605,4874,0.0,100.0,9,1,CROSS=EMA9<EMA21;TREND=1;STRUCT=1;VOL=1;COOL=1;EMA50=1;VWAP=1;BIAS=1,1.32,-0.39,24463.05,24463.05,stopped at breakeven
1814,2026.08.17 17:15:00,2026.08.17 19:45:00,SKIP,XAUUSD,M15,614,FLAT,NA,EVENING,0,0.00,0.00,0.00,0.00,1.00,0.00,0.00,0.00,0.00,0.00,0.00,0.00,0.00,0.00,0.00,0.00,0.00,0.00,4396.54,4395.59,4393.85,4392.58,4393.91,0.203,8.58,24.66,63.39,71.14,0.24,-1.64,1.88,4395.50,4412.37,17027,6391,85.7,0.0,10,1,CROSS=EMA9<EMA21;TREND=1;STRUCT=1;VOL=1;COOL=1;EMA50=1;VWAP=1;BIAS=1,0.00,0.00,24463.05,24463.05,outside the killzone window
1815,2026.08.17 21:45:00,2026.08.18 00:15:00,SKIP,XAUUSD,M15,614,FLAT,NA,DAY,0,0.00,0.00,0.00,0.00,1.00,0.00,0.00,0.00,0.00,0.00,0.00,0.00,0.00,0.00,0.00,0.00,0.00,0.00,4412.67,4412.73,4406.21,4415.48,4413.85,0.752,8.66,38.83,39.59,31.69,1.92,5.74,-3.82,4403.35,4401.44,7269,10275,0.0,85.7,5,1,CROSS=EMA9<EMA21;TREND=1;STRUCT=1;VOL=1;COOL=1;EMA50=1;VWAP=1;BIAS=1,0.00,0.00,24463.05,24463.05,outside the killzone window
1816,2026.08.17 22:45:00,2026.08.18 01:15:00,SKIP,XAUUSD,M15,614,FLAT,NA,DAY,0,0.00,0.00,0.00,0.00,1.00,0.00,0.00,0.00,0.00,0.00,0.00,0.00,0.00,0.00,0.00,0.00,0.00,0.00,4413.18,4412.76,4407.14,4411.63,4412.10,0.791,7.10,34.02,57.57,60.82,1.47,2.86,-1.39,4403.63,4419.40,4404,7983,71.4,14.3,11,1,CROSS=EMA9<EMA21;TREND=1;STRUCT=1;VOL=1;COOL=1;EMA50=1;VWAP=1;BIAS=1,0.00,0.00,24463.05,24463.05,outside the killzone window
1817,2026.08.18 01:00:00,2026.08.18 03:30:00,DAY_SUMMARY,XAUUSD,M15,614,FLAT,NA,DAY,0,0.00,0.00,0.00,0.00,1.00,0.00,0.00,0.00,0.00,0.00,0.00,0.00,0.00,0.00,0.00,0.00,-0.00,-10.62,4415.48,4414.29,4408.91,4415.22,4414.06,0.885,6.08,21.86,54.02,53.70,1.77,1.54,0.23,4403.97,4416.54,821,5779,71.4,0.0,6,1,CROSS=EMA9<EMA21;TREND=1;STRUCT=1;VOL=1;COOL=1;EMA50=1;VWAP=1;BIAS=1,0.00,0.00,24463.05,24463.05,2026.08.17 trades=3 W=1 L=2 gross_profit=110.15 gross_loss=120.77 net=-10.62 PF=0.91
1818,2026.08.18 05:15:00,2026.08.18 07:45:00,SKIP,XAUUSD,M15,614,FLAT,NA,DAY,0,0.00,0.00,0.00,0.00,1.00,0.00,0.00,0.00,0.00,0.00,0.00,0.00,0.00,0.00,0.00,0.00,0.00,0.00,4416.38,4418.00,4414.11,4420.20,4419.69,0.611,6.38,32.97,36.09,24.48,-0.09,3.06,-3.15,4421.41,4401.08,5629,3724,0.0,100.0,5,1,CROSS=EMA9<EMA21;TREND=1;STRUCT=1;VOL=1;COOL=1;EMA50=1;VWAP=1;BIAS=1,0.00,0.00,24463.05,24463.05,already positioned that way
1819,2026.08.18 16:45:00,2026.08.18 19:15:00,SKIP,XAUUSD,M15,614,FLAT,NA,EVENING,0,0.00,0.00,0.00,0.00,1.00,0.00,0.00,0.00,0.00,0.00,0.00,0.00,0.00,0.00,0.00,0.00,0.00,0.00,4394.73,4394.66,4397.65,4393.13,4394.01,-0.396,7.54,13.99,56.13,58.53,-0.53,-1.26,0.73,4401.57,4401.14,25652,4840,71.4,14.3,7,1,CROSS=EMA9>EMA21;TREND=1;STRUCT=1;VOL=1;COOL=1;EMA50=1;VWAP=0;BIAS=1,0.00,0.00,24463.05,24463.05,quality filter
1820,2026.08.18 17:15:00,2026.08.18 19:45:00,SKIP,XAUUSD,M15,614,FLAT,NA,EVENING,0,0.00,0.00,0.00,0.00,1.00,0.00,0.00,0.00,0.00,0.00,0.00,0.00,0.00,0.00,0.00,0.00,0.00,0.00,4394.44,4394.54,4397.36,4394.72,4394.66,-0.346,8.17,14.80,48.30,48.28,-0.54,-0.99,0.44,4400.89,4393.32,18687,6504,14.3,71.4,10,1,CROSS=EMA9>EMA21;TREND=1;STRUCT=1;VOL=1;COOL=1;EMA50=1;VWAP=0;BIAS=1,0.00,0.00,24463.05,24463.05,outside the killzone window
1821,2026.08.19 05:00:00,2026.08.19 07:30:00,ENTRY,XAUUSD,M15,616,BUY,FULLTGT,DAY,0,4356.59,4339.19,4339.19,17.40,1.00,17.40,4373.99,4391.38,4408.78,4426.17,4443.57,0.07,0.07,0.07,4356.59,0.00,0.00,0.00,4346.01,4345.04,4355.92,4343.38,4343.89,-1.251,8.70,19.67,59.60,64.88,-1.74,-5.87,4.13,4340.49,4356.54,5929,5380,85.7,0.0,5,1,CROSS=EMA9>EMA21;TREND=1;STRUCT=1;VOL=1;COOL=1;EMA50=1;VWAP=1;BIAS=1,0.00,0.00,24462.80,24462.45,KZ=ASIA; KZR=London L @ 4328.01 9 bars ago (low taken); DAY 12AM-4PM IST session: stop x1.00 of usual; no partials; full size to TP5; SL steps BE->TP1->TP2->TP3
1822,2026.08.19 08:13:57,2026.08.19 10:43:57,EXIT_SL,XAUUSD,M15,616,BUY,FULLTGT,DAY,0,4356.59,4339.19,4339.19,17.40,1.00,17.40,4373.99,4391.38,4408.78,4426.17,4443.57,0.07,0.07,0.00,4339.03,0.00,-1.01,-123.42,4351.63,4350.65,4355.11,4352.41,4350.87,-0.585,7.62,26.00,47.26,32.05,0.83,1.68,-0.84,4344.83,4348.51,2251,5649,28.6,57.1,5,1,CROSS=EMA9>EMA21;TREND=1;STRUCT=1;VOL=1;COOL=1;EMA50=1;VWAP=1;BIAS=1,0.32,-1.00,24339.63,24339.63,stopped at the initial SL (x1.00 of usual)
1823,2026.08.19 08:15:00,2026.08.19 10:45:00,ENTRY,XAUUSD,M15,618,SELL,FULLTGT,DAY,0,4338.90,4354.83,4354.83,15.93,1.00,15.93,4322.97,4307.03,4291.10,4275.17,4259.23,0.07,0.07,0.07,4338.90,0.00,0.00,0.00,4349.08,4349.58,4354.47,4351.63,4350.65,-0.614,7.97,29.65,38.27,27.57,-0.23,1.52,-1.75,4344.78,4338.90,3516,5423,0.0,85.7,12,1,CROSS=EMA9<EMA21;TREND=1;STRUCT=1;VOL=1;COOL=1;EMA50=1;VWAP=1;BIAS=1,0.00,0.00,24339.38,24338.54,KZ=LONDON; KZR=London L @ 4328.01 22 bars ago (low taken); DAY 12AM-4PM IST session: stop x1.00 of usual; no partials; full size to TP5; SL steps BE->TP1->TP2->TP3
1824,2026.08.19 10:23:49,2026.08.19 12:53:49,EXIT_SL,XAUUSD,M15,618,SELL,FULLTGT,DAY,0,4338.90,4354.83,4354.83,15.93,1.00,15.93,4322.97,4307.03,4291.10,4275.17,4259.23,0.07,0.07,0.00,4354.90,0.00,-1.00,-112.50,4345.53,4346.51,4351.45,4344.27,4346.11,-0.723,6.83,31.97,53.46,57.63,-1.26,-1.58,0.32,4344.16,4350.55,4496,4414,85.7,14.3,11,1,CROSS=EMA9<EMA21;TREND=1;STRUCT=1;VOL=1;COOL=1;EMA50=1;VWAP=1;BIAS=1,0.25,-1.00,24227.13,24227.13,stopped at the initial SL (x1.00 of usual)
1825,2026.08.19 10:30:00,2026.08.19 13:00:00,ENTRY,XAUUSD,M15,620,BUY,FULLTGT,DAY,0,4356.88,4342.83,4342.83,14.05,1.00,14.05,4370.93,4384.98,4399.02,4413.07,4427.12,0.08,0.08,0.08,4356.88,0.00,0.00,0.00,4347.78,4347.45,4351.66,4345.53,4346.51,-0.600,7.02,32.70,58.67,64.35,-0.29,-1.59,1.30,4344.38,4356.80,4454,4381,100.0,0.0,8,1,CROSS=EMA9>EMA21;TREND=1;STRUCT=1;VOL=1;COOL=1;EMA50=1;VWAP=1;BIAS=1,0.00,0.00,24226.85,24226.21,KZ=LONDON; KZR=London L @ 4328.01 31 bars ago (low taken); DAY 12AM-4PM IST session: stop x1.00 of usual; no partials; full size to TP5; SL steps BE->TP1->TP2->TP3
1826,2026.08.19 14:03:09,2026.08.19 16:33:09,SL_MOVE,XAUUSD,M15,620,BUY,FULLTGT,EVENING,0,4356.88,4342.83,4356.88,14.05,1.00,14.05,4370.93,4384.98,4399.02,4413.07,4427.12,0.08,0.00,0.08,4356.88,1.00,0.00,0.00,4363.32,4358.37,4355.86,4362.32,4357.47,0.378,6.64,48.26,63.82,62.59,4.63,3.42,1.22,4347.96,4367.30,1859,4660,85.7,0.0,8,1,CROSS=EMA9>EMA21;TREND=1;STRUCT=1;VOL=1;COOL=1;EMA50=1;VWAP=1;BIAS=1,1.00,-0.41,24226.85,24339.49,stop to breakeven
1827,2026.08.19 14:03:09,2026.08.19 16:33:09,TP1_REACHED,XAUUSD,M15,620,BUY,FULLTGT,EVENING,0,4356.88,4342.83,4356.88,14.05,1.00,14.05,4370.93,4384.98,4399.02,4413.07,4427.12,0.08,0.00,0.08,4370.93,1.00,1.00,0.00,4363.32,4358.37,4355.86,4362.32,4357.47,0.378,6.64,48.26,63.82,62.59,4.63,3.42,1.22,4347.96,4367.30,1859,4660,85.7,0.0,8,1,CROSS=EMA9>EMA21;TREND=1;STRUCT=1;VOL=1;COOL=1;EMA50=1;VWAP=1;BIAS=1,1.00,-0.41,24226.85,24339.49,full target: no partial booked
1828,2026.08.19 15:34:58,2026.08.19 18:04:58,SL_MOVE,XAUUSD,M15,620,BUY,FULLTGT,EVENING,0,4356.88,4342.83,4370.93,14.05,1.00,14.05,4370.93,4384.98,4399.02,4413.07,4427.12,0.08,0.00,0.08,4370.93,2.00,0.00,0.00,4366.83,4362.66,4358.52,4366.19,4361.98,0.660,6.27,48.78,60.49,56.24,4.55,4.71,-0.16,4349.73,4369.39,5856,4146,85.7,14.3,10,1,CROSS=EMA9>EMA21;TREND=1;STRUCT=1;VOL=1;COOL=1;EMA50=1;VWAP=1;BIAS=1,2.00,-0.41,24226.85,24451.97,stop trailed to TP1
1829,2026.08.19 15:34:58,2026.08.19 18:04:58,TP2_REACHED,XAUUSD,M15,620,BUY,FULLTGT,EVENING,0,4356.88,4342.83,4370.93,14.05,1.00,14.05,4370.93,4384.98,4399.02,4413.07,4427.12,0.08,0.00,0.08,4384.98,2.00,2.00,0.00,4366.83,4362.66,4358.52,4366.19,4361.98,0.660,6.27,48.78,60.49,56.24,4.55,4.71,-0.16,4349.73,4369.39,5856,4146,85.7,14.3,10,1,CROSS=EMA9>EMA21;TREND=1;STRUCT=1;VOL=1;COOL=1;EMA50=1;VWAP=1;BIAS=1,2.00,-0.41,24226.85,24451.97,full target: no partial booked
1830,2026.08.19 15:37:07,2026.08.19 18:07:07,SL_MOVE,XAUUSD,M15,620,BUY,FULLTGT,EVENING,0,4356.88,4342.83,4384.98,14.05,1.00,14.05,4370.93,4384.98,4399.02,4413.07,4427.12,0.08,0.00,0.08,4384.98,3.00,0.00,0.00,4366.83,4362.66,4358.52,4366.19,4361.98,0.660,6.27,48.78,60.49,74.84,4.55,4.71,-0.16,4349.73,4369.39,5856,4146,85.7,14.3,10,1,CROSS=EMA9>EMA21;TREND=1;STRUCT=1;VOL=1;COOL=1;EMA50=1;VWAP=1;BIAS=1,3.00,-0.41,24226.85,24564.45,stop trailed to TP2
1831,2026.08.19 15:37:07,2026.08.19 18:07:07,TP3_REACHED,XAUUSD,M15,620,BUY,FULLTGT,EVENING,0,4356.88,4342.83,4384.98,14.05,1.00,14.05,4370.93,4384.98,4399.02,4413.07,4427.12,0.08,0.00,0.08,4399.02,3.00,3.00,0.00,4366.83,4362.66,4358.52,4366.19,4361.98,0.660,6.27,48.78,60.49,74.84,4.55,4.71,-0.16,4349.73,4369.39,5856,4146,85.7,14.3,10,1,CROSS=EMA9>EMA21;TREND=1;STRUCT=1;VOL=1;COOL=1;EMA50=1;VWAP=1;BIAS=1,3.00,-0.41,24226.85,24564.45,full target: no partial booked
1832,2026.08.19 15:38:49,2026.08.19 18:08:49,SL_MOVE,XAUUSD,M15,620,BUY,FULLTGT,EVENING,0,4356.88,4342.83,4399.02,14.05,1.00,14.05,4370.93,4384.98,4399.02,4413.07,4427.12,0.08,0.00,0.08,4399.02,4.00,0.00,0.00,4366.83,4362.66,4358.52,4366.19,4361.98,0.660,6.27,48.78,60.49,74.84,4.55,4.71,-0.16,4349.73,4369.39,5856,4146,85.7,14.3,10,1,CROSS=EMA9>EMA21;TREND=1;STRUCT=1;VOL=1;COOL=1;EMA50=1;VWAP=1;BIAS=1,3.99,-0.41,24226.85,24677.41,stop trailed to TP3
1833,2026.08.19 15:38:49,2026.08.19 18:08:49,TP4_REACHED,XAUUSD,M15,620,BUY,FULLTGT,EVENING,0,4356.88,4342.83,4399.02,14.05,1.00,14.05,4370.93,4384.98,4399.02,4413.07,4427.12,0.08,0.00,0.08,4413.07,4.00,4.00,0.00,4366.83,4362.66,4358.52,4366.19,4361.98,0.660,6.27,48.78,60.49,74.84,4.55,4.71,-0.16,4349.73,4369.39,5856,4146,85.7,14.3,10,1,CROSS=EMA9>EMA21;TREND=1;STRUCT=1;VOL=1;COOL=1;EMA50=1;VWAP=1;BIAS=1,3.99,-0.41,24226.85,24677.41,full target: no partial booked
1834,2026.08.19 15:54:57,2026.08.19 18:24:57,TP5_EXIT,XAUUSD,M15,620,BUY,FULLTGT,EVENING,0,4356.88,4342.83,4399.02,14.05,1.00,14.05,4370.93,4384.98,4399.02,4413.07,4427.12,0.08,0.08,0.00,4427.15,5.00,5.00,0.00,4376.99,4367.65,4360.83,4366.83,4362.66,0.822,8.30,51.06,82.09,86.95,8.34,5.18,3.16,4354.38,4417.61,26866,5273,100.0,0.0,7,1,CROSS=EMA9>EMA21;TREND=1;STRUCT=1;VOL=1;COOL=1;EMA50=1;VWAP=1;BIAS=1,5.00,-0.41,24788.73,24788.73,full target reached; closed in full
1835,2026.08.19 15:54:57,2026.08.19 18:24:57,EXIT_TP,XAUUSD,M15,620,BUY,FULLTGT,EVENING,0,4356.88,4342.83,4399.02,14.05,1.00,14.05,4370.93,4384.98,4399.02,4413.07,4427.12,0.08,0.08,0.00,4427.15,0.00,5.00,561.60,4376.99,4367.65,4360.83,4366.83,4362.66,0.822,8.30,51.06,82.09,86.95,8.34,5.18,3.16,4354.38,4417.61,26866,5273,100.0,0.0,7,1,CROSS=EMA9>EMA21;TREND=1;STRUCT=1;VOL=1;COOL=1;EMA50=1;VWAP=1;BIAS=1,5.00,-0.41,24788.73,24788.73,TP5 exit
1836,2026.08.20 01:00:00,2026.08.20 03:30:00,DAY_SUMMARY,XAUUSD,M15,620,FLAT,NA,DAY,0,0.00,0.00,0.00,0.00,1.00,0.00,0.00,0.00,0.00,0.00,0.00,0.00,0.00,0.00,0.00,0.00,2.99,325.68,4510.69,4495.95,4459.21,4507.66,4493.27,4.294,8.56,49.42,76.41,70.55,17.99,17.86,0.13,4430.98,4522.82,2306,10019,85.7,0.0,12,1,CROSS=EMA9>EMA21;TREND=1;STRUCT=1;VOL=1;COOL=1;EMA50=1;VWAP=1;BIAS=1,0.00,0.00,24788.73,24788.73,2026.08.19 trades=3 W=1 L=2 gross_profit=561.60 gross_loss=235.92 net=325.68 PF=2.38
1837,2026.08.20 04:45:00,2026.08.20 07:15:00,ENTRY,XAUUSD,M15,622,SELL,FULLTGT,DAY,0,4493.93,4509.60,4509.60,15.67,1.00,15.67,4478.26,4462.60,4446.93,4431.27,4415.60,0.07,0.07,0.07,4493.93,0.00,0.00,0.00,4503.74,4504.82,4481.97,4506.20,4505.91,2.918,7.83,32.31,43.64,34.88,3.07,8.51,-5.43,4507.67,4493.93,10613,5965,0.0,100.0,5,1,CROSS=EMA9<EMA21;TREND=1;STRUCT=1;VOL=1;COOL=1;EMA50=1;VWAP=1;BIAS=1,0.00,0.00,24788.48,24788.13,KZ=ASIA; KZR=Asia H @ 4449.85 50 bars ago (high taken); DAY 12AM-4PM IST session: stop x1.00 of usual; no partials; full size to TP5; SL steps BE->TP1->TP2->TP3
1838,2026.08.20 08:38:10,2026.08.20 11:08:10,SL_MOVE,XAUUSD,M15,622,SELL,FULLTGT,DAY,0,4493.93,4509.60,4493.93,15.67,1.00,15.67,4478.26,4462.60,4446.93,4431.27,4415.60,0.07,0.00,0.07,4493.93,1.00,0.00,0.00,4489.53,4494.06,4486.19,4491.12,4495.15,0.995,7.90,33.88,37.57,32.22,-3.47,-2.01,-1.46,4500.74,4483.17,3297,6101,0.0,85.7,9,1,CROSS=EMA9<EMA21;TREND=1;STRUCT=1;VOL=1;COOL=1;EMA50=1;VWAP=1;BIAS=1,1.00,-0.46,24788.48,24898.31,stop to breakeven
1839,2026.08.20 08:38:10,2026.08.20 11:08:10,TP1_REACHED,XAUUSD,M15,622,SELL,FULLTGT,DAY,0,4493.93,4509.60,4493.93,15.67,1.00,15.67,4478.26,4462.60,4446.93,4431.27,4415.60,0.07,0.00,0.07,4478.26,1.00,1.00,0.00,4489.53,4494.06,4486.19,4491.12,4495.15,0.995,7.90,33.88,37.57,32.22,-3.47,-2.01,-1.46,4500.74,4483.17,3297,6101,0.0,85.7,9,1,CROSS=EMA9<EMA21;TREND=1;STRUCT=1;VOL=1;COOL=1;EMA50=1;VWAP=1;BIAS=1,1.00,-0.46,24788.48,24898.31,full target: no partial booked
1840,2026.08.20 09:15:31,2026.08.20 11:45:31,EXIT_BE,XAUUSD,M15,622,SELL,FULLTGT,DAY,0,4493.93,4509.60,4493.93,15.67,1.00,15.67,4478.26,4462.60,4446.93,4431.27,4415.60,0.07,0.07,0.00,4494.02,0.00,-0.01,-1.13,4487.77,4491.90,4486.08,4486.49,4491.80,0.745,7.82,37.79,50.24,58.47,-3.68,-2.88,-0.80,4499.37,4492.86,5085,5449,42.9,42.9,10,1,CROSS=EMA9<EMA21;TREND=1;STRUCT=1;VOL=1;COOL=1;EMA50=1;VWAP=1;BIAS=1,1.02,-0.46,24787.60,24787.60,stopped at breakeven
1841,2026.08.20 17:45:00,2026.08.20 20:15:00,SKIP,XAUUSD,M15,622,FLAT,NA,EVENING,0,0.00,0.00,0.00,0.00,1.00,0.00,0.00,0.00,0.00,0.00,0.00,0.00,0.00,0.00,0.00,0.00,0.00,0.00,4484.77,4482.82,4484.01,4481.14,4481.17,-0.115,10.33,26.36,62.15,69.15,0.08,-4.15,4.24,4488.58,4499.30,13634,10097,100.0,0.0,8,1,CROSS=EMA9<EMA21;TREND=1;STRUCT=1;VOL=1;COOL=1;EMA50=1;VWAP=1;BIAS=1,0.00,0.00,24787.60,24787.60,outside the killzone window
1842,2026.08.21 01:00:00,2026.08.21 03:30:00,DAY_SUMMARY,XAUUSD,M15,622,FLAT,NA,DAY,0,0.00,0.00,0.00,0.00,1.00,0.00,0.00,0.00,0.00,0.00,0.00,0.00,0.00,0.00,0.00,0.00,-0.01,-1.13,4520.92,4516.75,4506.43,4521.37,4516.52,1.324,7.79,30.94,54.23,44.66,5.67,7.26,-1.59,4499.98,4519.11,1599,7410,42.9,42.9,12,1,CROSS=EMA9<EMA21;TREND=1;STRUCT=1;VOL=1;COOL=1;EMA50=1;VWAP=1;BIAS=1,0.00,0.00,24787.60,24787.60,2026.08.20 trades=1 W=0 L=1 gross_profit=0.00 gross_loss=1.13 net=-1.13 PF=0.00
1843,2026.08.21 04:00:00,2026.08.21 06:30:00,SKIP,XAUUSD,M15,622,FLAT,NA,DAY,0,0.00,0.00,0.00,0.00,1.00,0.00,0.00,0.00,0.00,0.00,0.00,0.00,0.00,0.00,0.00,0.00,0.00,0.00,4518.26,4518.91,4511.84,4520.19,4519.74,1.078,6.55,28.34,42.71,28.24,1.12,3.79,-2.67,4519.84,4510.55,5761,4575,0.0,100.0,9,1,CROSS=EMA9<EMA21;TREND=1;STRUCT=1;VOL=1;COOL=1;EMA50=1;VWAP=1;BIAS=1,0.00,0.00,24787.60,24787.60,already positioned that way
1844,2026.08.21 04:30:00,2026.08.21 07:00:00,ENTRY,XAUUSD,M15,624,BUY,FULLTGT,DAY,0,4529.55,4515.94,4515.94,13.61,1.00,13.61,4543.16,4556.77,4570.37,4583.98,4597.59,0.09,0.09,0.09,4529.55,0.00,0.00,0.00,4520.92,4520.03,4512.88,4518.78,4519.08,1.052,6.80,25.18,59.03,67.75,1.90,3.06,-1.16,4520.17,4529.51,9948,5195,85.7,14.3,5,1,CROSS=EMA9>EMA21;TREND=1;STRUCT=1;VOL=1;COOL=1;EMA50=1;VWAP=1;BIAS=1,0.00,0.00,24787.28,24786.83,KZ=ASIA; KZR=Asia H @ 4523.76 41 bars ago (high taken); DAY 12AM-4PM IST session: stop x1.00 of usual; no partials; full size to TP5; SL steps BE->TP1->TP2->TP3
1845,2026.08.21 04:35:55,2026.08.21 07:05:55,SL_MOVE,XAUUSD,M15,624,BUY,FULLTGT,DAY,0,4529.55,4515.94,4529.55,13.61,1.00,13.61,4543.16,4556.77,4570.37,4583.98,4597.59,0.09,0.00,0.09,4529.55,1.00,0.00,0.00,4520.92,4520.03,4512.88,4518.78,4519.08,1.052,6.80,25.18,59.03,75.03,1.90,3.06,-1.16,4520.17,4529.51,9948,5195,85.7,14.3,12,1,CROSS=EMA9>EMA21;TREND=1;STRUCT=1;VOL=1;COOL=1;EMA50=1;VWAP=1;BIAS=1,0.99,-0.08,24787.28,24909.86,stop to breakeven
1846,2026.08.21 04:35:55,2026.08.21 07:05:55,TP1_REACHED,XAUUSD,M15,624,BUY,FULLTGT,DAY,0,4529.55,4515.94,4529.55,13.61,1.00,13.61,4543.16,4556.77,4570.37,4583.98,4597.59,0.09,0.00,0.09,4543.16,1.00,1.00,0.00,4520.92,4520.03,4512.88,4518.78,4519.08,1.052,6.80,25.18,59.03,75.03,1.90,3.06,-1.16,4520.17,4529.51,9948,5195,85.7,14.3,12,1,CROSS=EMA9>EMA21;TREND=1;STRUCT=1;VOL=1;COOL=1;EMA50=1;VWAP=1;BIAS=1,0.99,-0.08,24787.28,24909.86,full target: no partial booked
1847,2026.08.21 04:39:07,2026.08.21 07:09:07,EXIT_BE,XAUUSD,M15,624,BUY,FULLTGT,DAY,0,4529.55,4515.94,4529.55,13.61,1.00,13.61,4543.16,4556.77,4570.37,4583.98,4597.59,0.09,0.09,0.00,4529.51,0.00,-0.00,-1.00,4520.92,4520.03,4512.88,4518.78,4519.08,1.052,6.80,25.18,59.03,75.03,1.90,3.06,-1.16,4520.17,4529.51,9948,5195,85.7,14.3,7,1,CROSS=EMA9>EMA21;TREND=1;STRUCT=1;VOL=1;COOL=1;EMA50=1;VWAP=1;BIAS=1,1.05,-0.08,24786.60,24786.60,stopped at breakeven
1848,2026.08.24 01:00:00,2026.08.24 03:30:00,DAY_SUMMARY,XAUUSD,M15,624,FLAT,NA,DAY,0,0.00,0.00,0.00,0.00,1.00,0.00,0.00,0.00,0.00,0.00,0.00,0.00,0.00,0.00,0.00,0.00,-0.00,-1.00,4613.10,4612.84,4598.80,4615.57,4613.80,2.032,6.91,31.26,42.67,24.08,3.03,7.07,-4.04,4580.50,4603.23,2832,7887,28.6,57.1,12,1,CROSS=EMA9>EMA21;TREND=1;STRUCT=1;VOL=1;COOL=1;EMA50=1;VWAP=1;BIAS=1,0.00,0.00,24786.60,24786.60,2026.08.21 trades=1 W=0 L=1 gross_profit=0.00 gross_loss=1.00 net=-1.00 PF=0.00
1849,2026.08.24 01:00:00,2026.08.24 03:30:00,WEEK_SUMMARY,XAUUSD,M15,624,FLAT,NA,DAY,0,0.00,0.00,0.00,0.00,1.00,0.00,0.00,0.00,0.00,0.00,0.00,0.00,0.00,0.00,0.00,0.00,2.98,312.93,4613.10,4612.84,4598.80,4615.57,4613.80,2.032,6.91,31.26,42.67,24.08,3.03,7.07,-4.04,4580.50,4603.23,2832,7887,28.6,57.1,12,1,CROSS=EMA9>EMA21;TREND=1;STRUCT=1;VOL=1;COOL=1;EMA50=1;VWAP=1;BIAS=1,0.00,0.00,24786.60,24786.60,days=4 trades=8 W=2 L=6 gross_profit=671.75 gross_loss=358.82 net=312.93 PF=1.87 pips=3804.0
1850,2026.08.24 02:00:00,2026.08.24 04:30:00,ENTRY,XAUUSD,M15,626,SELL,FULLTGT,DAY,0,4606.25,4620.75,4620.75,14.50,1.00,14.50,4591.75,4577.26,4562.76,4548.26,4533.76,0.08,0.08,0.08,4606.25,0.00,0.00,0.00,4611.98,4612.51,4600.76,4613.42,4613.13,1.621,7.25,32.59,45.96,36.38,1.55,4.07,-2.52,4613.56,4606.25,2937,6356,0.0,85.7,7,1,CROSS=EMA9<EMA21;TREND=1;STRUCT=1;VOL=1;COOL=1;EMA50=1;VWAP=1;BIAS=1,0.00,0.00,24786.32,24785.76,KZ=ASIA; KZR=NY H @ 4604.53 222 bars ago (high taken); DAY 12AM-4PM IST session: stop x1.00 of usual; no partials; full size to TP5; SL steps BE->TP1->TP2->TP3
1851,2026.08.24 02:54:01,2026.08.24 05:24:01,EXIT_SL,XAUUSD,M15,626,SELL,FULLTGT,DAY,0,4606.25,4620.75,4620.75,14.50,1.00,14.50,4591.75,4577.26,4562.76,4548.26,4533.76,0.08,0.08,0.00,4620.85,0.00,-1.01,-117.36,4611.22,4611.99,4601.85,4611.93,4612.35,1.433,7.08,28.79,48.01,53.93,0.79,2.25,-1.45,4612.55,4608.41,3437,4783,14.3,71.4,7,1,CROSS=EMA9<EMA21;TREND=1;STRUCT=1;VOL=1;COOL=1;EMA50=1;VWAP=1;BIAS=1,0.10,-0.99,24669.24,24669.24,stopped at the initial SL (x1.00 of usual)
1852,2026.08.24 03:00:00,2026.08.24 05:30:00,ENTRY,XAUUSD,M15,628,BUY,FULLTGT,DAY,0,4624.25,4609.11,4609.11,15.14,1.00,15.14,4639.39,4654.52,4669.66,4684.79,4699.93,0.08,0.08,0.08,4624.25,0.00,0.00,0.00,4613.82,4613.10,4602.73,4611.22,4611.99,1.370,7.57,25.58,58.84,63.80,1.72,1.95,-0.23,4613.71,4624.18,5618,4578,85.7,14.3,5,1,CROSS=EMA9>EMA21;TREND=1;STRUCT=1;VOL=1;COOL=1;EMA50=1;VWAP=1;BIAS=1,0.00,0.00,24668.96,24668.56,KZ=ASIA; KZR=NY H @ 4604.53 226 bars ago (high taken); DAY 12AM-4PM IST session: stop x1.00 of usual; no partials; full size to TP5; SL steps BE->TP1->TP2->TP3
1853,2026.08.24 03:12:09,2026.08.24 05:42:09,SL_MOVE,XAUUSD,M15,628,BUY,FULLTGT,DAY,0,4624.25,4609.11,4624.25,15.14,1.00,15.14,4639.39,4654.52,4669.66,4684.79,4699.93,0.08,0.00,0.08,4624.25,1.00,0.00,0.00,4613.82,4613.10,4602.73,4611.22,4611.99,1.370,7.57,25.58,58.84,72.35,1.72,1.95,-0.23,4613.71,4624.18,5618,4578,85.7,14.3,12,1,CROSS=EMA9>EMA21;TREND=1;STRUCT=1;VOL=1;COOL=1;EMA50=1;VWAP=1;BIAS=1,1.00,-0.26,24668.96,24790.16,stop to breakeven
1854,2026.08.24 03:12:09,2026.08.24 05:42:09,TP1_REACHED,XAUUSD,M15,628,BUY,FULLTGT,DAY,0,4624.25,4609.11,4624.25,15.14,1.00,15.14,4639.39,4654.52,4669.66,4684.79,4699.93,0.08,0.00,0.08,4639.39,1.00,1.00,0.00,4613.82,4613.10,4602.73,4611.22,4611.99,1.370,7.57,25.58,58.84,72.35,1.72,1.95,-0.23,4613.71,4624.18,5618,4578,85.7,14.3,12,1,CROSS=EMA9>EMA21;TREND=1;STRUCT=1;VOL=1;COOL=1;EMA50=1;VWAP=1;BIAS=1,1.00,-0.26,24668.96,24790.16,full target: no partial booked
1855,2026.08.24 03:21:05,2026.08.24 05:51:05,EXIT_BE,XAUUSD,M15,628,BUY,FULLTGT,DAY,0,4624.25,4609.11,4624.25,15.14,1.00,15.14,4639.39,4654.52,4669.66,4684.79,4699.93,0.08,0.08,0.00,4624.22,0.00,-0.00,-0.80,4618.54,4615.31,4604.09,4613.82,4613.10,1.353,8.29,25.69,65.36,61.66,3.48,2.00,1.48,4619.61,4637.43,13890,4888,100.0,0.0,10,1,CROSS=EMA9>EMA21;TREND=1;STRUCT=1;VOL=1;COOL=1;EMA50=1;VWAP=1;BIAS=1,1.11,-0.26,24668.44,24668.44,stopped at breakeven
1856,2026.08.24 20:00:00,2026.08.24 22:30:00,SKIP,XAUUSD,M15,628,FLAT,NA,EVENING,0,0.00,0.00,0.00,0.00,1.00,0.00,0.00,0.00,0.00,0.00,0.00,0.00,0.00,0.00,0.00,0.00,0.00,0.00,4658.25,4659.15,4651.02,4661.60,4660.58,0.554,14.68,26.98,41.75,35.58,1.23,5.05,-3.82,4647.50,4644.85,9826,15585,0.0,85.7,10,1,CROSS=EMA9>EMA21;TREND=1;STRUCT=1;VOL=1;COOL=1;EMA50=1;VWAP=1;BIAS=1,0.00,0.00,24668.44,24668.44,outside the killzone window
1857,2026.08.25 01:00:00,2026.08.25 03:30:00,DAY_SUMMARY,XAUUSD,M15,628,FLAT,NA,DAY,0,0.00,0.00,0.00,0.00,1.00,0.00,0.00,0.00,0.00,0.00,0.00,0.00,0.00,0.00,0.00,0.00,-1.01,-118.16,4647.53,4648.01,4647.61,4646.50,4647.65,0.039,10.41,31.20,52.67,57.75,-1.31,-3.60,2.29,4646.53,4651.65,1890,9290,71.4,14.3,12,1,CROSS=EMA9>EMA21;TREND=1;STRUCT=1;VOL=1;COOL=1;EMA50=1;VWAP=1;BIAS=1,0.00,0.00,24668.44,24668.44,2026.08.24 trades=2 W=0 L=2 gross_profit=0.00 gross_loss=118.16 net=-118.16 PF=0.00
1858,2026.08.25 01:15:00,2026.08.25 03:45:00,SKIP,XAUUSD,M15,628,FLAT,NA,DAY,0,0.00,0.00,0.00,0.00,1.00,0.00,0.00,0.00,0.00,0.00,0.00,0.00,0.00,0.00,0.00,0.00,0.00,0.00,4649.77,4648.99,4648.04,4647.53,4648.01,0.095,9.96,31.32,57.86,67.05,-0.29,-3.01,2.72,4655.46,4658.73,3444,8728,85.7,0.0,10,1,CROSS=EMA9>EMA21;TREND=1;STRUCT=1;VOL=1;COOL=1;EMA50=1;VWAP=1;BIAS=1,0.00,0.00,24668.44,24668.44,already positioned that way
1859,2026.08.25 05:30:00,2026.08.25 08:00:00,ENTRY,XAUUSD,M15,630,SELL,FULLTGT,DAY,0,4656.43,4677.88,4677.88,21.45,1.00,21.45,4634.98,4613.53,4592.08,4570.64,4549.19,0.05,0.05,0.05,4656.43,0.00,0.00,0.00,4664.30,4665.15,4659.16,4666.25,4666.02,0.558,10.72,38.18,46.13,42.06,1.49,6.91,-5.43,4671.96,4656.46,8773,7121,14.3,85.7,5,1,CROSS=EMA9<EMA21;TREND=1;STRUCT=1;VOL=1;COOL=1;EMA50=1;VWAP=1;BIAS=1,0.00,0.00,24668.26,24668.01,KZ=ASIA; KZR=NY H @ 4680.98 10 bars ago (high taken); DAY 12AM-4PM IST session: stop x1.00 of usual; no partials; full size to TP5; SL steps BE->TP1->TP2->TP3
1860,2026.08.25 05:44:43,2026.08.25 08:14:43,SL_MOVE,XAUUSD,M15,630,SELL,FULLTGT,DAY,0,4656.43,4677.88,4656.43,21.45,1.00,21.45,4634.98,4613.53,4592.08,4570.64,4549.19,0.05,0.00,0.05,4656.43,1.00,0.00,0.00,4664.30,4665.15,4659.16,4666.25,4666.02,0.558,10.72,38.18,46.13,33.86,1.49,6.91,-5.43,4671.96,4656.46,8773,7121,14.3,85.7,12,1,CROSS=EMA9<EMA21;TREND=1;STRUCT=1;VOL=1;COOL=1;EMA50=1;VWAP=1;BIAS=1,1.00,-0.02,24668.26,24775.71,stop to breakeven
1861,2026.08.25 05:44:43,2026.08.25 08:14:43,TP1_REACHED,XAUUSD,M15,630,SELL,FULLTGT,DAY,0,4656.43,4677.88,4656.43,21.45,1.00,21.45,4634.98,4613.53,4592.08,4570.64,4549.19,0.05,0.00,0.05,4634.98,1.00,1.00,0.00,4664.30,4665.15,4659.16,4666.25,4666.02,0.558,10.72,38.18,46.13,33.86,1.49,6.91,-5.43,4671.96,4656.46,8773,7121,14.3,85.7,12,1,CROSS=EMA9<EMA21;TREND=1;STRUCT=1;VOL=1;COOL=1;EMA50=1;VWAP=1;BIAS=1,1.00,-0.02,24668.26,24775.71,full target: no partial booked
1862,2026.08.25 14:30:00,2026.08.25 17:00:00,SKIP,XAUUSD,M15,630,SELL,FULLTGT,EVENING,0,4656.43,4677.88,4656.43,21.45,1.00,21.45,4634.98,4613.53,4592.08,4570.64,4549.19,0.05,0.00,0.00,0.00,0.00,0.00,0.00,4637.99,4637.58,4641.76,4637.08,4637.18,-0.483,8.64,20.59,53.15,56.61,-0.86,-2.95,2.09,4649.05,4641.63,4224,6218,57.1,14.3,9,1,CROSS=EMA9>EMA21;TREND=1;STRUCT=1;VOL=1;COOL=1;EMA50=1;VWAP=0;BIAS=1,1.80,-0.02,24668.26,24741.76,quality filter
1863,2026.08.25 16:15:00,2026.08.25 18:45:00,SKIP,XAUUSD,M15,630,SELL,FULLTGT,EVENING,0,4656.43,4677.88,4656.43,21.45,1.00,21.45,4634.98,4613.53,4592.08,4570.64,4549.19,0.05,0.00,0.00,0.00,0.00,0.00,0.00,4636.04,4637.14,4640.63,4639.25,4638.54,-0.393,8.88,20.17,36.71,33.72,-1.21,-0.50,-0.72,4647.57,4623.17,14155,6718,0.0,85.7,10,1,CROSS=EMA9<EMA21;TREND=1;STRUCT=1;VOL=1;COOL=1;EMA50=1;VWAP=1;BIAS=1,1.80,-0.02,24668.26,24834.06,already positioned that way
1864,2026.08.25 16:23:03,2026.08.25 18:53:03,SL_MOVE,XAUUSD,M15,630,SELL,FULLTGT,EVENING,0,4656.43,4677.88,4634.98,21.45,1.00,21.45,4634.98,4613.53,4592.08,4570.64,4549.19,0.05,0.00,0.05,4634.98,2.00,0.00,0.00,4636.04,4637.14,4640.63,4639.25,4638.54,-0.393,8.88,20.17,36.71,37.98,-1.21,-0.50,-0.72,4647.57,4623.17,14155,6718,0.0,85.7,10,1,CROSS=EMA9<EMA21;TREND=1;STRUCT=1;VOL=1;COOL=1;EMA50=1;VWAP=1;BIAS=1,2.00,-0.02,24668.26,24883.11,stop trailed to TP1
1865,2026.08.25 16:23:03,2026.08.25 18:53:03,TP2_REACHED,XAUUSD,M15,630,SELL,FULLTGT,EVENING,0,4656.43,4677.88,4634.98,21.45,1.00,21.45,4634.98,4613.53,4592.08,4570.64,4549.19,0.05,0.00,0.05,4613.53,2.00,2.00,0.00,4636.04,4637.14,4640.63,4639.25,4638.54,-0.393,8.88,20.17,36.71,37.98,-1.21,-0.50,-0.72,4647.57,4623.17,14155,6718,0.0,85.7,10,1,CROSS=EMA9<EMA21;TREND=1;STRUCT=1;VOL=1;COOL=1;EMA50=1;VWAP=1;BIAS=1,2.00,-0.02,24668.26,24883.11,full target: no partial booked
1866,2026.08.25 17:38:29,2026.08.25 20:08:29,EXIT_TRAIL_SL,XAUUSD,M15,630,SELL,FULLTGT,EVENING,0,4656.43,4677.88,4634.98,21.45,1.00,21.45,4634.98,4613.53,4592.08,4570.64,4549.19,0.05,0.05,0.00,4634.98,0.00,1.00,106.89,4624.52,4629.87,4636.45,4624.66,4630.46,-0.696,9.45,23.98,43.49,54.45,-5.04,-2.76,-2.29,4642.60,4623.94,14025,9155,28.6,57.1,5,1,CROSS=EMA9<EMA21;TREND=1;STRUCT=1;VOL=1;COOL=1;EMA50=1;VWAP=1;BIAS=1,2.38,-0.02,24775.33,24775.33,stopped at a trailed level
1867,2026.08.25 18:45:00,2026.08.25 21:15:00,SKIP,XAUUSD,M15,630,FLAT,NA,EVENING,0,0.00,0.00,0.00,0.00,1.00,0.00,0.00,0.00,0.00,0.00,0.00,0.00,0.00,0.00,0.00,0.00,0.00,0.00,4636.64,4634.22,4637.24,4631.74,4632.01,-0.274,11.06,20.94,64.72,72.81,0.72,-3.31,4.02,4642.12,4656.26,17788,11047,85.7,0.0,5,1,CROSS=EMA9<EMA21;TREND=1;STRUCT=1;VOL=1;COOL=1;EMA50=1;VWAP=1;BIAS=1,0.00,0.00,24775.33,24775.33,outside the killzone window
1868,2026.08.26 01:00:00,2026.08.26 03:30:00,DAY_SUMMARY,XAUUSD,M15,630,FLAT,NA,DAY,0,0.00,0.00,0.00,0.00,1.00,0.00,0.00,0.00,0.00,0.00,0.00,0.00,0.00,0.00,0.00,0.00,1.00,106.89,4659.60,4653.33,4646.73,4659.85,4652.80,0.924,7.14,34.80,57.97,46.93,6.57,6.19,0.38,4643.77,4658.58,2185,6257,57.1,28.6,12,1,CROSS=EMA9<EMA21;TREND=1;STRUCT=1;VOL=1;COOL=1;EMA50=1;VWAP=1;BIAS=1,0.00,0.00,24775.33,24775.33,2026.08.25 trades=1 W=1 L=0 gross_profit=106.89 gross_loss=0.00 net=106.89 PF=0.00
1869,2026.08.26 03:30:00,2026.08.26 06:00:00,SKIP,XAUUSD,M15,630,FLAT,NA,DAY,0,0.00,0.00,0.00,0.00,1.00,0.00,0.00,0.00,0.00,0.00,0.00,0.00,0.00,0.00,0.00,0.00,0.00,0.00,4656.92,4656.97,4651.24,4659.47,4657.99,0.902,6.34,28.21,41.07,24.83,1.96,5.53,-3.58,4658.28,4646.69,5608,4329,0.0,100.0,7,1,CROSS=EMA9<EMA21;TREND=1;STRUCT=1;VOL=1;COOL=1;EMA50=1;VWAP=1;BIAS=1,0.00,0.00,24775.33,24775.33,already positioned that way
1870,2026.08.26 05:45:00,2026.08.26 08:15:00,ENTRY,XAUUSD,M15,632,BUY,FULLTGT,DAY,0,4667.50,4651.36,4651.36,16.14,1.00,16.14,4683.64,4699.78,4715.91,4732.05,4748.19,0.07,0.07,0.07,4667.50,0.00,0.00,0.00,4655.77,4654.41,4651.20,4652.86,4653.11,0.397,8.07,21.14,62.02,70.94,1.13,-0.95,2.08,4651.80,4667.39,7619,5470,85.7,0.0,10,1,CROSS=EMA9>EMA21;TREND=1;STRUCT=1;VOL=1;COOL=1;EMA50=1;VWAP=1;BIAS=1,0.00,0.00,24775.08,24774.38,KZ=ASIA; KZR=NY H @ 4680.98 107 bars ago (high taken); DAY 12AM-4PM IST session: stop x1.00 of usual; no partials; full size to TP5; SL steps BE->TP1->TP2->TP3
1871,2026.08.26 06:07:30,2026.08.26 08:37:30,EXIT_SL,XAUUSD,M15,632,BUY,FULLTGT,DAY,0,4667.50,4651.36,4651.36,16.14,1.00,16.14,4683.64,4699.78,4715.91,4732.05,4748.19,0.07,0.07,0.00,4651.18,0.00,-1.01,-114.74,4656.31,4654.78,4651.49,4655.77,4654.41,0.391,8.41,20.67,53.58,50.60,1.32,-0.82,2.14,4652.33,4658.50,5968,5659,71.4,14.3,12,1,CROSS=EMA9>EMA21;TREND=1;STRUCT=1;VOL=1;COOL=1;EMA50=1;VWAP=1;BIAS=1,0.10,-1.00,24660.59,24660.59,stopped at the initial SL (x1.00 of usual)
1872,2026.08.26 06:30:00,2026.08.26 09:00:00,ENTRY,XAUUSD,M15,634,SELL,FULLTGT,DAY,0,4650.24,4667.10,4667.10,16.86,1.00,16.86,4633.38,4616.52,4599.66,4582.80,4565.94,0.07,0.07,0.07,4650.24,0.00,0.00,0.00,4653.82,4653.83,4651.32,4654.71,4654.19,0.298,8.43,19.82,47.41,43.41,0.26,-0.39,0.65,4652.14,4650.24,5540,6063,14.3,57.1,12,1,CROSS=EMA9<EMA21;TREND=1;STRUCT=1;VOL=1;COOL=1;EMA50=1;VWAP=1;BIAS=1,0.00,0.00,24660.34,24659.50,KZ=ASIA; KZR=NY H @ 4680.98 110 bars ago (high taken); DAY 12AM-4PM IST session: stop x1.00 of usual; no partials; full size to TP5; SL steps BE->TP1->TP2->TP3
1873,2026.08.26 09:16:43,2026.08.26 11:46:43,SL_MOVE,XAUUSD,M15,634,SELL,FULLTGT,DAY,0,4650.24,4667.10,4650.24,16.86,1.00,16.86,4633.38,4616.52,4599.66,4582.80,4565.94,0.07,0.00,0.07,4650.24,1.00,0.00,0.00,4641.48,4645.49,4647.75,4642.46,4646.28,-0.306,7.41,28.76,39.22,37.57,-3.73,-2.93,-0.80,4649.35,4637.52,6475,5646,0.0,100.0,7,1,CROSS=EMA9<EMA21;TREND=1;STRUCT=1;VOL=1;COOL=1;EMA50=1;VWAP=1;BIAS=1,1.00,-0.07,24660.34,24778.57,stop to breakeven
1874,2026.08.26 09:16:43,2026.08.26 11:46:43,TP1_REACHED,XAUUSD,M15,634,SELL,FULLTGT,DAY,0,4650.24,4667.10,4650.24,16.86,1.00,16.86,4633.38,4616.52,4599.66,4582.80,4565.94,0.07,0.00,0.07,4633.38,1.00,1.00,0.00,4641.48,4645.49,4647.75,4642.46,4646.28,-0.306,7.41,28.76,39.22,37.57,-3.73,-2.93,-0.80,4649.35,4637.52,6475,5646,0.0,100.0,7,1,CROSS=EMA9<EMA21;TREND=1;STRUCT=1;VOL=1;COOL=1;EMA50=1;VWAP=1;BIAS=1,1.00,-0.07,24660.34,24778.57,full target: no partial booked
1875,2026.08.26 12:25:44,2026.08.26 14:55:44,SL_MOVE,XAUUSD,M15,634,SELL,FULLTGT,DAY,0,4650.24,4667.10,4633.38,16.86,1.00,16.86,4633.38,4616.52,4599.66,4582.80,4565.94,0.07,0.00,0.07,4633.38,2.00,0.00,0.00,4629.50,4634.56,4640.92,4630.62,4635.52,-1.041,6.11,33.42,35.70,28.75,-5.46,-5.23,-0.23,4644.21,4625.01,5217,4951,0.0,100.0,6,1,CROSS=EMA9<EMA21;TREND=1;STRUCT=1;VOL=1;COOL=1;EMA50=1;VWAP=1;BIAS=1,2.00,-0.07,24660.34,24896.45,stop trailed to TP1
1876,2026.08.26 12:25:44,2026.08.26 14:55:44,TP2_REACHED,XAUUSD,M15,634,SELL,FULLTGT,DAY,0,4650.24,4667.10,4633.38,16.86,1.00,16.86,4633.38,4616.52,4599.66,4582.80,4565.94,0.07,0.00,0.07,4616.52,2.00,2.00,0.00,4629.50,4634.56,4640.92,4630.62,4635.52,-1.041,6.11,33.42,35.70,28.75,-5.46,-5.23,-0.23,4644.21,4625.01,5217,4951,0.0,100.0,6,1,CROSS=EMA9<EMA21;TREND=1;STRUCT=1;VOL=1;COOL=1;EMA50=1;VWAP=1;BIAS=1,2.00,-0.07,24660.34,24896.45,full target: no partial booked
1877,2026.08.26 15:30:02,2026.08.26 18:00:02,EXIT_TRAIL_SL,XAUUSD,M15,634,SELL,FULLTGT,EVENING,0,4650.24,4667.10,4633.38,16.86,1.00,16.86,4633.38,4616.52,4599.66,4582.80,4565.94,0.07,0.07,0.00,4633.82,0.00,0.97,114.44,4623.99,4625.87,4633.15,4622.35,4625.40,-1.125,6.47,28.77,53.31,61.62,-3.37,-5.47,2.10,4639.74,4630.55,6070,4662,71.4,28.6,10,1,CROSS=EMA9<EMA21;TREND=1;STRUCT=1;VOL=1;COOL=1;EMA50=1;VWAP=1;BIAS=1,2.20,-0.07,24775.03,24775.03,stopped at a trailed level
1878,2026.08.27 01:00:00,2026.08.27 03:30:00,DAY_SUMMARY,XAUUSD,M15,634,FLAT,NA,DAY,0,0.00,0.00,0.00,0.00,1.00,0.00,0.00,0.00,0.00,0.00,0.00,0.00,0.00,0.00,0.00,0.00,-0.04,-0.30,4594.01,4597.27,4607.60,4593.89,4597.55,-1.540,6.71,13.74,44.43,51.78,-4.41,-5.07,0.66,4621.47,4594.47,2117,6812,28.6,42.9,12,1,CROSS=EMA9<EMA21;TREND=1;STRUCT=1;VOL=1;COOL=1;EMA50=1;VWAP=1;BIAS=1,0.00,0.00,24775.03,24775.03,2026.08.26 trades=2 W=1 L=1 gross_profit=114.44 gross_loss=114.74 net=-0.30 PF=1.00
1879,2026.08.27 01:45:00,2026.08.27 04:15:00,ENTRY,XAUUSD,M15,636,BUY,FULLTGT,DAY,0,4610.99,4598.02,4598.02,12.97,1.00,12.97,4623.96,4636.94,4649.91,4662.89,4675.86,0.09,0.09,0.09,4610.99,0.00,0.00,0.00,4601.19,4600.03,4607.67,4598.76,4598.95,-1.177,6.49,19.94,59.86,67.83,-0.83,-3.88,3.05,4607.37,4610.87,3219,5754,71.4,0.0,11,1,CROSS=EMA9>EMA21;TREND=1;STRUCT=1;VOL=1;COOL=1;EMA50=1;VWAP=1;BIAS=1,0.00,0.00,24774.71,24773.72,KZ=ASIA; KZR=NY H @ 4680.98 187 bars ago (high taken); DAY 12AM-4PM IST session: stop x1.00 of usual; no partials; full size to TP5; SL steps BE->TP1->TP2->TP3
1880,2026.08.27 02:39:52,2026.08.27 05:09:52,SL_MOVE,XAUUSD,M15,636,BUY,FULLTGT,DAY,0,4610.99,4598.02,4610.99,12.97,1.00,12.97,4623.96,4636.94,4649.91,4662.89,4675.86,0.09,0.00,0.09,4610.99,1.00,0.00,0.00,4608.33,4603.85,4608.52,4605.37,4602.22,-0.737,6.34,24.60,66.10,72.48,2.32,-1.88,4.20,4610.23,4620.16,2995,4881,71.4,0.0,12,1,CROSS=EMA9>EMA21;TREND=1;STRUCT=1;VOL=1;COOL=1;EMA50=1;VWAP=1;BIAS=1,1.00,-0.31,24774.71,24891.98,stop to breakeven
1881,2026.08.27 02:39:52,2026.08.27 05:09:52,TP1_REACHED,XAUUSD,M15,636,BUY,FULLTGT,DAY,0,4610.99,4598.02,4610.99,12.97,1.00,12.97,4623.96,4636.94,4649.91,4662.89,4675.86,0.09,0.00,0.09,4623.96,1.00,1.00,0.00,4608.33,4603.85,4608.52,4605.37,4602.22,-0.737,6.34,24.60,66.10,72.48,2.32,-1.88,4.20,4610.23,4620.16,2995,4881,71.4,0.0,12,1,CROSS=EMA9>EMA21;TREND=1;STRUCT=1;VOL=1;COOL=1;EMA50=1;VWAP=1;BIAS=1,1.00,-0.31,24774.71,24891.98,full target: no partial booked
1882,2026.08.27 03:35:39,2026.08.27 06:05:39,EXIT_BE,XAUUSD,M15,636,BUY,FULLTGT,DAY,0,4610.99,4598.02,4610.99,12.97,1.00,12.97,4623.96,4636.94,4649.91,4662.89,4675.86,0.09,0.09,0.00,4610.99,0.00,0.00,-0.64,4615.50,4609.20,4610.34,4614.58,4608.20,-0.174,6.57,29.53,61.82,46.64,4.85,1.99,2.86,4615.41,4619.17,6139,4564,85.7,14.3,12,1,CROSS=EMA9>EMA21;TREND=1;STRUCT=1;VOL=1;COOL=1;EMA50=1;VWAP=1;BIAS=1,1.24,-0.31,24774.39,24774.39,stopped at breakeven
1883,2026.08.27 08:45:00,2026.08.27 11:15:00,ENTRY,XAUUSD,M15,638,SELL,FULLTGT,DAY,0,4605.35,4622.59,4622.59,17.24,1.00,17.24,4588.11,4570.88,4553.64,4536.41,4519.17,0.07,0.07,0.07,4605.35,0.00,0.00,0.00,4618.68,4620.43,4617.75,4622.01,4621.94,0.311,8.62,36.31,37.70,20.58,0.20,3.87,-3.67,4621.09,4605.35,10206,5884,0.0,100.0,9,1,CROSS=EMA9<EMA21;TREND=1;STRUCT=1;VOL=1;COOL=1;EMA50=1;VWAP=1;BIAS=1,0.00,0.00,24774.14,24773.51,KZ=LONDON; KZR=NY H @ 4680.98 215 bars ago (high taken); DAY 12AM-4PM IST session: stop x1.00 of usual; no partials; full size to TP5; SL steps BE->TP1->TP2->TP3
1884,2026.08.27 12:37:05,2026.08.27 15:07:05,SL_MOVE,XAUUSD,M15,638,SELL,FULLTGT,DAY,0,4605.35,4622.59,4605.35,17.24,1.00,17.24,4588.11,4570.88,4553.64,4536.41,4519.17,0.07,0.00,0.07,4605.35,1.00,0.00,0.00,4599.74,4605.17,4610.24,4600.23,4605.91,-0.712,7.14,37.02,40.05,38.10,-5.44,-5.17,-0.27,4614.72,4597.74,4898,5347,0.0,85.7,11,1,CROSS=EMA9<EMA21;TREND=1;STRUCT=1;VOL=1;COOL=1;EMA50=1;VWAP=1;BIAS=1,0.91,-0.39,24774.14,24896.36,stop to breakeven
1885,2026.08.27 12:37:05,2026.08.27 15:07:05,TP1_REACHED,XAUUSD,M15,638,SELL,FULLTGT,DAY,0,4605.35,4622.59,4605.35,17.24,1.00,17.24,4588.11,4570.88,4553.64,4536.41,4519.17,0.07,0.00,0.07,4588.11,1.00,1.00,0.00,4599.74,4605.17,4610.24,4600.23,4605.91,-0.712,7.14,37.02,40.05,38.10,-5.44,-5.17,-0.27,4614.72,4597.74,4898,5347,0.0,85.7,11,1,CROSS=EMA9<EMA21;TREND=1;STRUCT=1;VOL=1;COOL=1;EMA50=1;VWAP=1;BIAS=1,0.91,-0.39,24774.14,24896.36,full target: no partial booked
1886,2026.08.27 13:02:54,2026.08.27 15:32:54,SL_MOVE,XAUUSD,M15,638,SELL,FULLTGT,DAY,0,4605.35,4622.59,4588.11,17.24,1.00,17.24,4588.11,4570.88,4553.64,4536.41,4519.17,0.07,0.00,0.07,4588.11,2.00,0.00,0.00,4593.08,4601.03,4608.02,4596.27,4603.10,-0.875,7.99,41.98,28.98,23.70,-7.49,-5.68,-1.81,4613.21,4580.32,5414,5649,0.0,85.7,11,1,CROSS=EMA9<EMA21;TREND=1;STRUCT=1;VOL=1;COOL=1;EMA50=1;VWAP=1;BIAS=1,2.00,-0.39,24774.14,25015.71,stop trailed to TP1
1887,2026.08.27 13:02:54,2026.08.27 15:32:54,TP2_REACHED,XAUUSD,M15,638,SELL,FULLTGT,DAY,0,4605.35,4622.59,4588.11,17.24,1.00,17.24,4588.11,4570.88,4553.64,4536.41,4519.17,0.07,0.00,0.07,4570.88,2.00,2.00,0.00,4593.08,4601.03,4608.02,4596.27,4603.10,-0.875,7.99,41.98,28.98,23.70,-7.49,-5.68,-1.81,4613.21,4580.32,5414,5649,0.0,85.7,11,1,CROSS=EMA9<EMA21;TREND=1;STRUCT=1;VOL=1;COOL=1;EMA50=1;VWAP=1;BIAS=1,2.00,-0.39,24774.14,25015.71,full target: no partial booked
1888,2026.08.27 13:51:52,2026.08.27 16:21:52,EXIT_TRAIL_SL,XAUUSD,M15,638,SELL,FULLTGT,EVENING,0,4605.35,4622.59,4588.11,17.24,1.00,17.24,4588.11,4570.88,4553.64,4536.41,4519.17,0.07,0.07,0.00,4588.15,0.00,1.00,119.90,4588.14,4596.48,4605.16,4588.72,4597.55,-0.990,8.76,45.08,36.81,49.69,-8.30,-6.73,-1.57,4611.24,4585.79,4703,5605,0.0,85.7,11,1,CROSS=EMA9<EMA21;TREND=1;STRUCT=1;VOL=1;COOL=1;EMA50=1;VWAP=1;BIAS=1,2.10,-0.39,24894.29,24894.29,stopped at a trailed level
1889,2026.08.27 18:45:00,2026.08.27 21:15:00,SKIP,XAUUSD,M15,638,FLAT,NA,EVENING,0,0.00,0.00,0.00,0.00,1.00,0.00,0.00,0.00,0.00,0.00,0.00,0.00,0.00,0.00,0.00,0.00,0.00,0.00,4591.08,4590.55,4596.46,4588.55,4589.48,-0.599,9.86,26.58,57.86,64.51,-1.16,-4.13,2.97,4600.44,4601.21,13399,10880,100.0,0.0,5,1,CROSS=EMA9<EMA21;TREND=1;STRUCT=1;VOL=1;COOL=1;EMA50=1;VWAP=1;BIAS=1,0.00,0.00,24894.29,24894.29,outside the killzone window
1890,2026.08.28 01:00:00,2026.08.28 03:30:00,DAY_SUMMARY,XAUUSD,M15,638,FLAT,NA,DAY,0,0.00,0.00,0.00,0.00,1.00,0.00,0.00,0.00,0.00,0.00,0.00,0.00,0.00,0.00,0.00,0.00,1.00,119.26,4605.36,4604.60,4602.68,4606.31,4604.90,0.301,6.38,22.54,47.64,39.46,1.65,3.20,-1.55,4602.29,4601.58,2279,6866,14.3,57.1,6,1,CROSS=EMA9<EMA21;TREND=1;STRUCT=1;VOL=1;COOL=1;EMA50=1;VWAP=1;BIAS=1,0.00,0.00,24894.29,24894.29,2026.08.27 trades=2 W=1 L=1 gross_profit=119.90 gross_loss=0.64 net=119.26 PF=187.34
1891,2026.08.28 02:45:00,2026.08.28 05:15:00,SKIP,XAUUSD,M15,638,FLAT,NA,DAY,0,0.00,0.00,0.00,0.00,1.00,0.00,0.00,0.00,0.00,0.00,0.00,0.00,0.00,0.00,0.00,0.00,0.00,0.00,4604.15,4604.57,4603.21,4605.24,4605.05,0.243,5.62,19.14,44.95,36.95,0.37,1.44,-1.07,4605.00,4599.80,1991,4599,0.0,71.4,5,1,CROSS=EMA9<EMA21;TREND=1;STRUCT=1;VOL=1;COOL=1;EMA50=1;VWAP=1;BIAS=1,0.00,0.00,24894.29,24894.29,already positioned that way
1892,2026.08.28 10:00:00,2026.08.28 12:30:00,ENTRY,XAUUSD,M15,640,BUY,FULLTGT,DAY,0,4612.79,4597.84,4597.84,14.95,1.00,14.95,4627.74,4642.69,4657.64,4672.58,4687.53,0.08,0.08,0.08,4612.79,0.00,0.00,0.00,4588.44,4586.77,4590.89,4582.38,4584.18,-0.552,7.47,22.96,66.98,81.09,-0.28,-3.72,3.44,4587.79,4612.69,11143,5195,85.7,0.0,11,1,CROSS=EMA9>EMA21;TREND=1;STRUCT=1;VOL=1;COOL=1;EMA50=1;VWAP=1;BIAS=1,0.00,0.00,24894.01,24893.13,KZ=LONDON; KZR=Asia L @ 4575.15 5 bars ago (low taken); DAY 12AM-4PM IST session: stop x1.00 of usual; no partials; full size to TP5; SL steps BE->TP1->TP2->TP3
1893,2026.08.28 10:10:38,2026.08.28 12:40:38,EXIT_SL,XAUUSD,M15,640,BUY,FULLTGT,DAY,0,4612.79,4597.84,4597.84,14.95,1.00,14.95,4627.74,4642.69,4657.64,4672.58,4687.53,0.08,0.08,0.00,4597.81,0.00,-1.00,-120.40,4588.44,4586.77,4590.89,4582.38,4584.18,-0.552,7.47,22.96,66.98,62.83,-0.28,-3.72,3.44,4587.79,4612.69,11143,5195,85.7,0.0,11,1,CROSS=EMA9>EMA21;TREND=1;STRUCT=1;VOL=1;COOL=1;EMA50=1;VWAP=1;BIAS=1,0.05,-1.00,24773.89,24773.89,stopped at the initial SL (x1.00 of usual)
1894,2026.08.28 15:00:00,2026.08.28 17:30:00,ENTRY,XAUUSD,M15,642,SELL,FULLTGT,EVENING,0,4593.34,4607.85,4607.85,14.51,1.00,14.51,4578.83,4564.31,4549.80,4535.28,4520.77,0.08,0.08,0.08,4593.34,0.00,0.00,0.00,4599.01,4599.37,4597.44,4600.43,4599.97,0.266,7.26,31.11,43.42,35.14,0.80,3.06,-2.25,4593.36,4593.35,4787,4797,0.0,85.7,10,1,CROSS=EMA9<EMA21;TREND=1;STRUCT=1;VOL=1;COOL=1;EMA50=1;VWAP=1;BIAS=1,0.00,0.00,24773.61,24772.81,KZ=NY; KZR=Asia L @ 4575.15 25 bars ago (low taken); EVENING 4PM-12AM IST session: stop x1.00 of usual; no partials; full size to TP5; SL steps BE->TP1->TP2->TP3
1895,2026.08.28 16:30:00,2026.08.28 19:00:00,FLIP,XAUUSD,M15,642,SELL,FULLTGT,EVENING,0,4593.34,4607.85,4607.85,14.51,1.00,14.51,4578.83,4564.31,4549.80,4535.28,4520.77,0.08,0.00,0.00,4604.11,0.00,-0.74,0.00,4599.52,4599.27,4597.76,4598.39,4598.80,0.220,6.91,19.89,54.81,59.85,0.60,0.70,-0.10,4594.09,4604.02,9829,5587,71.4,14.3,10,1,CROSS=EMA9>EMA21;TREND=1;STRUCT=1;VOL=1;COOL=1;EMA50=1;VWAP=1;BIAS=1,0.29,-0.84,24773.61,24687.45,opposite signal before SL/target | SELL -> BUY | closing trade 642
1896,2026.08.28 16:30:00,2026.08.28 19:00:00,EXIT_FLIP,XAUUSD,M15,642,SELL,FULLTGT,EVENING,0,4593.34,4607.85,4607.85,14.51,1.00,14.51,4578.83,4564.31,4549.80,4535.28,4520.77,0.08,0.08,0.00,4604.11,0.00,-0.74,0.00,4599.52,4599.27,4597.76,4598.39,4598.80,0.220,6.91,19.89,54.81,59.85,0.60,0.70,-0.10,4594.09,4604.02,9829,5587,71.4,14.3,10,1,CROSS=EMA9>EMA21;TREND=1;STRUCT=1;VOL=1;COOL=1;EMA50=1;VWAP=1;BIAS=1,0.29,-0.84,24687.17,24687.17,FLIP exit
1897,2026.08.28 16:30:00,2026.08.28 19:00:00,EXIT_OTHER,XAUUSD,M15,642,SELL,FULLTGT,EVENING,0,4593.34,4607.85,4607.85,14.51,1.00,14.51,4578.83,4564.31,4549.80,4535.28,4520.77,0.08,0.08,0.00,4604.11,0.00,-0.74,-86.72,4599.52,4599.27,4597.76,4598.39,4598.80,0.220,6.91,19.89,54.81,59.85,0.60,0.70,-0.10,4594.09,4604.02,9829,5587,71.4,14.3,10,1,CROSS=EMA9>EMA21;TREND=1;STRUCT=1;VOL=1;COOL=1;EMA50=1;VWAP=1;BIAS=1,0.29,-0.84,24687.17,24687.17,FLIP exit
1898,2026.08.28 16:30:00,2026.08.28 19:00:00,ENTRY,XAUUSD,M15,644,BUY,FULLTGT,EVENING,642,4604.11,4590.30,4590.30,13.81,1.00,13.81,4617.92,4631.73,4645.54,4659.36,4673.17,0.08,0.08,0.08,4604.11,0.00,0.00,0.00,4599.52,4599.27,4597.76,4598.39,4598.80,0.220,6.91,19.89,54.81,59.85,0.60,0.70,-0.10,4594.09,4604.02,9829,5587,71.4,14.3,10,1,CROSS=EMA9>EMA21;TREND=1;STRUCT=1;VOL=1;COOL=1;EMA50=1;VWAP=1;BIAS=1,0.00,0.00,24686.89,24686.09,KZ=NY; KZR=Asia L @ 4575.15 31 bars ago (low taken); EVENING 4PM-12AM IST session: stop x1.00 of usual; no partials; full size to TP5; SL steps BE->TP1->TP2->TP3; flipped from trade 642
1899,2026.08.28 16:57:42,2026.08.28 19:27:42,SL_MOVE,XAUUSD,M15,644,BUY,FULLTGT,EVENING,642,4604.11,4590.30,4604.11,13.81,1.00,13.81,4617.92,4631.73,4645.54,4659.36,4673.17,0.08,0.00,0.08,4604.11,1.00,0.00,0.00,4600.60,4599.79,4598.04,4599.52,4599.27,0.245,7.13,18.72,55.57,66.99,0.99,0.56,0.43,4594.56,4604.93,16686,6174,85.7,0.0,10,1,CROSS=EMA9>EMA21;TREND=1;STRUCT=1;VOL=1;COOL=1;EMA50=1;VWAP=1;BIAS=1,1.00,-0.37,24686.89,24797.85,stop to breakeven
1900,2026.08.28 16:57:42,2026.08.28 19:27:42,TP1_REACHED,XAUUSD,M15,644,BUY,FULLTGT,EVENING,642,4604.11,4590.30,4604.11,13.81,1.00,13.81,4617.92,4631.73,4645.54,4659.36,4673.17,0.08,0.00,0.08,4617.92,1.00,1.00,0.00,4600.60,4599.79,4598.04,4599.52,4599.27,0.245,7.13,18.72,55.57,66.99,0.99,0.56,0.43,4594.56,4604.93,16686,6174,85.7,0.0,10,1,CROSS=EMA9>EMA21;TREND=1;STRUCT=1;VOL=1;COOL=1;EMA50=1;VWAP=1;BIAS=1,1.00,-0.37,24686.89,24797.85,full target: no partial booked
1901,2026.08.28 16:59:59,2026.08.28 19:29:59,EXIT_BE,XAUUSD,M15,644,BUY,FULLTGT,EVENING,642,4604.11,4590.30,4604.11,13.81,1.00,13.81,4617.92,4631.73,4645.54,4659.36,4673.17,0.08,0.08,0.00,4603.96,0.00,-0.01,-1.76,4600.60,4599.79,4598.04,4599.52,4599.27,0.245,7.13,18.72,55.57,66.99,0.99,0.56,0.43,4594.56,4604.93,16686,6174,85.7,0.0,10,1,CROSS=EMA9>EMA21;TREND=1;STRUCT=1;VOL=1;COOL=1;EMA50=1;VWAP=1;BIAS=1,1.69,-0.37,24685.41,24685.41,stopped at breakeven
1902,2026.08.28 17:15:00,2026.08.28 19:45:00,SKIP,XAUUSD,M15,644,FLAT,NA,EVENING,642,0.00,0.00,0.00,0.00,1.00,0.00,0.00,0.00,0.00,0.00,0.00,0.00,0.00,0.00,0.00,0.00,0.00,0.00,4590.31,4595.29,4596.24,4601.30,4600.18,-0.081,11.82,19.46,24.77,17.82,-3.23,0.07,-3.31,4592.41,4546.36,56104,9307,0.0,85.7,7,1,CROSS=EMA9>EMA21;TREND=1;STRUCT=1;VOL=1;COOL=1;EMA50=1;VWAP=1;BIAS=1,0.00,0.00,24685.41,24685.41,outside the killzone window
1903,2026.08.31 01:00:00,2026.08.31 03:30:00,DAY_SUMMARY,XAUUSD,M15,644,FLAT,NA,DAY,642,0.00,0.00,0.00,0.00,1.00,0.00,0.00,0.00,0.00,0.00,0.00,0.00,0.00,0.00,0.00,0.00,-1.75,-208.88,4459.71,4478.36,4518.67,4461.07,4480.77,-2.889,13.95,40.21,27.67,40.75,-23.84,-28.62,4.78,4543.54,4454.28,2226,16240,14.3,71.4,12,1,CROSS=EMA9>EMA21;TREND=1;STRUCT=1;VOL=1;COOL=1;EMA50=1;VWAP=1;BIAS=1,0.00,0.00,24685.41,24685.41,2026.08.28 trades=3 W=0 L=3 gross_profit=0.00 gross_loss=208.88 net=-208.88 PF=0.00
1904,2026.08.31 01:00:00,2026.08.31 03:30:00,WEEK_SUMMARY,XAUUSD,M15,644,FLAT,NA,DAY,642,0.00,0.00,0.00,0.00,1.00,0.00,0.00,0.00,0.00,0.00,0.00,0.00,0.00,0.00,0.00,0.00,-0.80,-101.19,4459.71,4478.36,4518.67,4461.07,4480.77,-2.889,13.95,40.21,27.67,40.75,-23.84,-28.62,4.78,4543.54,4454.28,2226,16240,14.3,71.4,12,1,CROSS=EMA9>EMA21;TREND=1;STRUCT=1;VOL=1;COOL=1;EMA50=1;VWAP=1;BIAS=1,0.00,0.00,24685.41,24685.41,days=5 trades=10 W=3 L=7 gross_profit=341.23 gross_loss=442.42 net=-101.19 PF=0.77 pips=-178.0
1905,2026.08.31 10:15:00,2026.08.31 12:45:00,SKIP,XAUUSD,M15,644,FLAT,NA,DAY,642,0.00,0.00,0.00,0.00,1.00,0.00,0.00,0.00,0.00,0.00,0.00,0.00,0.00,0.00,0.00,0.00,0.00,0.00,4435.33,4435.32,4454.85,4435.13,4435.24,-1.795,10.88,18.67,48.76,51.72,-2.90,-6.33,3.43,4439.05,4436.13,5823,6926,42.9,28.6,5,1,CROSS=EMA9>EMA21;TREND=1;STRUCT=1;VOL=1;COOL=1;EMA50=1;VWAP=0;BIAS=1,0.00,0.00,24685.41,24685.41,already positioned that way
1906,2026.08.31 16:45:00,2026.08.31 19:15:00,ENTRY,XAUUSD,M15,646,SELL,FULLTGT,EVENING,0,4433.71,4449.29,4449.29,15.58,1.00,15.58,4418.13,4402.56,4386.98,4371.40,4355.82,0.07,0.07,0.07,4433.71,0.00,0.00,0.00,4444.20,4445.26,4449.32,4446.83,4446.42,-0.520,7.79,30.62,41.81,35.64,-0.00,2.80,-2.80,4441.28,4433.71,20387,7055,0.0,100.0,5,1,CROSS=EMA9<EMA21;TREND=1;STRUCT=1;VOL=1;COOL=1;EMA50=1;VWAP=1;BIAS=1,0.00,0.00,24685.16,24684.81,KZ=NY; KZR=London L @ 4572.43 286 bars ago (low taken); EVENING 4PM-12AM IST session: stop x1.00 of usual; no partials; full size to TP5; SL steps BE->TP1->TP2->TP3
1907,2026.08.31 16:59:14,2026.08.31 19:29:14,SL_MOVE,XAUUSD,M15,646,SELL,FULLTGT,EVENING,0,4433.71,4449.29,4433.71,15.58,1.00,15.58,4418.13,4402.56,4386.98,4371.40,4355.82,0.07,0.00,0.07,4433.71,1.00,0.00,0.00,4444.20,4445.26,4449.32,4446.83,4446.42,-0.520,7.79,30.62,41.81,28.52,-0.00,2.80,-2.80,4441.28,4433.71,20387,7055,0.0,100.0,10,1,CROSS=EMA9<EMA21;TREND=1;STRUCT=1;VOL=1;COOL=1;EMA50=1;VWAP=1;BIAS=1,1.00,-0.00,24685.16,24794.22,stop to breakeven
1908,2026.08.31 16:59:14,2026.08.31 19:29:14,TP1_REACHED,XAUUSD,M15,646,SELL,FULLTGT,EVENING,0,4433.71,4449.29,4433.71,15.58,1.00,15.58,4418.13,4402.56,4386.98,4371.40,4355.82,0.07,0.00,0.07,4418.13,1.00,1.00,0.00,4444.20,4445.26,4449.32,4446.83,4446.42,-0.520,7.79,30.62,41.81,28.52,-0.00,2.80,-2.80,4441.28,4433.71,20387,7055,0.0,100.0,10,1,CROSS=EMA9<EMA21;TREND=1;STRUCT=1;VOL=1;COOL=1;EMA50=1;VWAP=1;BIAS=1,1.00,-0.00,24685.16,24794.22,full target: no partial booked
1909,2026.08.31 17:38:09,2026.08.31 20:08:09,EXIT_BE,XAUUSD,M15,646,SELL,FULLTGT,EVENING,0,4433.71,4449.29,4433.71,15.58,1.00,15.58,4418.13,4402.56,4386.98,4371.40,4355.82,0.07,0.07,0.00,4433.75,0.00,-0.00,-0.78,4433.43,4439.50,4446.24,4436.73,4441.43,-0.738,9.12,30.21,37.68,40.20,-4.31,0.18,-4.50,4439.38,4420.24,17287,9112,0.0,100.0,10,1,CROSS=EMA9<EMA21;TREND=1;STRUCT=1;VOL=1;COOL=1;EMA50=1;VWAP=1;BIAS=1,1.15,-0.00,24684.63,24684.63,stopped at breakeven
1910,2026.08.31 22:45:00,2026.09.01 01:15:00,SKIP,XAUUSD,M15,646,FLAT,NA,DAY,0,0.00,0.00,0.00,0.00,1.00,0.00,0.00,0.00,0.00,0.00,0.00,0.00,0.00,0.00,0.00,0.00,0.00,0.00,4435.88,4435.23,4439.30,4434.10,4434.45,-0.524,7.75,20.87,57.22,66.49,-0.23,-1.59,1.36,4437.54,4443.02,8188,9776,71.4,0.0,6,1,CROSS=EMA9<EMA21;TREND=1;STRUCT=1;VOL=1;COOL=1;EMA50=1;VWAP=1;BIAS=1,0.00,0.00,24684.63,24684.63,outside the killzone window
1911,2026.09.01 01:00:00,2026.09.01 03:30:00,DAY_SUMMARY,XAUUSD,M15,646,FLAT,NA,DAY,0,0.00,0.00,0.00,0.00,1.00,0.00,0.00,0.00,0.00,0.00,0.00,0.00,0.00,0.00,0.00,0.00,-0.00,-0.78,4444.82,4440.61,4441.15,4443.79,4439.77,-0.084,6.47,21.39,59.34,62.75,3.23,0.77,2.46,4437.94,4448.98,1752,7685,71.4,0.0,12,1,CROSS=EMA9<EMA21;TREND=1;STRUCT=1;VOL=1;COOL=1;EMA50=1;VWAP=1;BIAS=1,0.00,0.00,24684.63,24684.63,2026.08.31 trades=1 W=0 L=1 gross_profit=0.00 gross_loss=0.78 net=-0.78 PF=0.00
1912,2026.09.01 01:00:00,2026.09.01 03:30:00,MONTH_SUMMARY,XAUUSD,M15,646,FLAT,NA,DAY,0,0.00,0.00,0.00,0.00,1.00,0.00,0.00,0.00,0.00,0.00,0.00,0.00,0.00,0.00,0.00,0.00,7.96,861.77,4444.82,4440.61,4441.15,4443.79,4439.77,-0.084,6.47,21.39,59.34,62.75,3.23,0.77,2.46,4437.94,4448.98,1752,7685,71.4,0.0,12,1,CROSS=EMA9<EMA21;TREND=1;STRUCT=1;VOL=1;COOL=1;EMA50=1;VWAP=1;BIAS=1,0.00,0.00,24684.63,24684.63,days=19 trades=34 W=10 L=24 gross_profit=2028.89 gross_loss=1167.12 net=861.77 PF=1.74 pips=12685.0
1913,2026.09.01 05:30:00,2026.09.01 08:00:00,SKIP,XAUUSD,M15,646,FLAT,NA,DAY,0,0.00,0.00,0.00,0.00,1.00,0.00,0.00,0.00,0.00,0.00,0.00,0.00,0.00,0.00,0.00,0.00,0.00,0.00,4445.62,4446.00,4444.56,4446.87,4446.54,0.218,6.58,16.82,44.91,41.39,0.60,2.62,-2.02,4448.50,4440.61,4357,4899,0.0,71.4,7,1,CROSS=EMA9<EMA21;TREND=1;STRUCT=1;VOL=1;COOL=1;EMA50=1;VWAP=1;BIAS=1,0.00,0.00,24684.63,24684.63,already positioned that way
1914,2026.09.02 09:00:00,2026.09.02 11:30:00,ENTRY,XAUUSD,M15,648,BUY,FULLTGT,DAY,0,4320.05,4298.25,4298.25,21.80,1.00,21.80,4341.85,4363.65,4385.45,4407.25,4429.05,0.05,0.05,0.05,4320.05,0.00,0.00,0.00,4311.90,4311.46,4324.87,4309.88,4310.61,-1.230,10.90,28.32,55.15,60.22,-2.35,-6.82,4.47,4312.32,4319.98,6406,8274,85.7,0.0,7,1,CROSS=EMA9>EMA21;TREND=1;STRUCT=1;VOL=1;COOL=1;EMA50=1;VWAP=1;BIAS=1,0.00,0.00,24684.45,24684.10,KZ=LONDON; KZR=NY L @ 4326.20 41 bars ago (low taken); DAY 12AM-4PM IST session: stop x1.00 of usual; no partials; full size to TP5; SL steps BE->TP1->TP2->TP3
1915,2026.09.02 12:30:00,2026.09.02 15:00:00,SKIP,XAUUSD,M15,648,BUY,FULLTGT,DAY,0,4320.05,4298.25,4298.25,21.80,1.00,21.80,4341.85,4363.65,4385.45,4407.25,4429.05,0.05,0.00,0.00,0.00,0.00,0.00,0.00,4317.35,4317.68,4323.16,4319.41,4318.54,-0.687,7.99,26.22,41.13,35.15,0.02,1.92,-1.90,4315.59,4309.08,7945,7438,0.0,100.0,11,1,CROSS=EMA9>EMA21;TREND=1;STRUCT=1;VOL=1;COOL=1;EMA50=1;VWAP=1;BIAS=1,0.53,-0.69,24684.45,24629.65,outside the killzone window
1916,2026.09.02 14:45:00,2026.09.02 17:15:00,SKIP,XAUUSD,M15,648,BUY,FULLTGT,EVENING,0,4320.05,4298.25,4298.25,21.80,1.00,21.80,4341.85,4363.65,4385.45,4407.25,4429.05,0.05,0.00,0.00,0.00,0.00,0.00,0.00,4317.13,4316.23,4320.49,4315.24,4315.39,-0.530,8.04,26.91,59.34,60.08,0.26,-1.28,1.55,4315.36,4324.70,8609,7729,100.0,0.0,8,1,CROSS=EMA9>EMA21;TREND=1;STRUCT=1;VOL=1;COOL=1;EMA50=1;VWAP=1;BIAS=1,0.59,-0.83,24684.45,24707.70,already positioned that way
1917,2026.09.02 15:20:45,2026.09.02 17:50:45,SL_MOVE,XAUUSD,M15,648,BUY,FULLTGT,EVENING,0,4320.05,4298.25,4320.05,21.80,1.00,21.80,4341.85,4363.65,4385.45,4407.25,4429.05,0.05,0.00,0.05,4320.05,1.00,0.00,0.00,4322.82,4319.13,4321.45,4320.18,4317.70,-0.294,7.89,28.41,66.01,62.88,2.53,-0.64,3.17,4316.06,4333.35,11061,7736,100.0,0.0,10,1,CROSS=EMA9>EMA21;TREND=1;STRUCT=1;VOL=1;COOL=1;EMA50=1;VWAP=1;BIAS=1,1.00,-0.83,24684.45,24793.60,stop to breakeven
1918,2026.09.02 15:20:45,2026.09.02 17:50:45,TP1_REACHED,XAUUSD,M15,648,BUY,FULLTGT,EVENING,0,4320.05,4298.25,4320.05,21.80,1.00,21.80,4341.85,4363.65,4385.45,4407.25,4429.05,0.05,0.00,0.05,4341.85,1.00,1.00,0.00,4322.82,4319.13,4321.45,4320.18,4317.70,-0.294,7.89,28.41,66.01,62.88,2.53,-0.64,3.17,4316.06,4333.35,11061,7736,100.0,0.0,10,1,CROSS=EMA9>EMA21;TREND=1;STRUCT=1;VOL=1;COOL=1;EMA50=1;VWAP=1;BIAS=1,1.00,-0.83,24684.45,24793.60,full target: no partial booked
1919,2026.09.02 16:30:27,2026.09.02 19:00:27,SL_MOVE,XAUUSD,M15,648,BUY,FULLTGT,EVENING,0,4320.05,4298.25,4341.85,21.80,1.00,21.80,4341.85,4363.65,4385.45,4407.25,4429.05,0.05,0.00,0.05,4341.85,2.00,0.00,0.00,4336.02,4327.43,4324.89,4330.41,4324.32,0.273,9.29,38.94,76.59,73.08,7.12,3.11,4.01,4319.22,4358.50,15584,9237,100.0,0.0,10,1,CROSS=EMA9>EMA21;TREND=1;STRUCT=1;VOL=1;COOL=1;EMA50=1;VWAP=1;BIAS=1,2.00,-0.83,24684.45,24902.65,stop trailed to TP1
1920,2026.09.02 16:30:27,2026.09.02 19:00:27,TP2_REACHED,XAUUSD,M15,648,BUY,FULLTGT,EVENING,0,4320.05,4298.25,4341.85,21.80,1.00,21.80,4341.85,4363.65,4385.45,4407.25,4429.05,0.05,0.00,0.05,4363.65,2.00,2.00,0.00,4336.02,4327.43,4324.89,4330.41,4324.32,0.273,9.29,38.94,76.59,73.08,7.12,3.11,4.01,4319.22,4358.50,15584,9237,100.0,0.0,10,1,CROSS=EMA9>EMA21;TREND=1;STRUCT=1;VOL=1;COOL=1;EMA50=1;VWAP=1;BIAS=1,2.00,-0.83,24684.45,24902.65,full target: no partial booked
1921,2026.09.02 16:59:59,2026.09.02 19:29:59,SL_MOVE,XAUUSD,M15,648,BUY,FULLTGT,EVENING,0,4320.05,4298.25,4363.65,21.80,1.00,21.80,4341.85,4363.65,4385.45,4407.25,4429.05,0.05,0.00,0.05,4363.65,3.00,0.00,0.00,4344.46,4332.04,4326.98,4336.02,4327.43,0.500,10.12,43.25,82.23,73.09,10.20,4.30,5.90,4321.96,4378.18,27277,10240,100.0,0.0,5,1,CROSS=EMA9>EMA21;TREND=1;STRUCT=1;VOL=1;COOL=1;EMA50=1;VWAP=1;BIAS=1,3.00,-0.83,24684.45,25011.60,stop trailed to TP2
1922,2026.09.02 16:59:59,2026.09.02 19:29:59,TP3_REACHED,XAUUSD,M15,648,BUY,FULLTGT,EVENING,0,4320.05,4298.25,4363.65,21.80,1.00,21.80,4341.85,4363.65,4385.45,4407.25,4429.05,0.05,0.00,0.05,4385.45,3.00,3.00,0.00,4344.46,4332.04,4326.98,4336.02,4327.43,0.500,10.12,43.25,82.23,73.09,10.20,4.30,5.90,4321.96,4378.18,27277,10240,100.0,0.0,5,1,CROSS=EMA9>EMA21;TREND=1;STRUCT=1;VOL=1;COOL=1;EMA50=1;VWAP=1;BIAS=1,3.00,-0.83,24684.45,25011.60,full target: no partial booked
1923,2026.09.03 04:11:48,2026.09.03 06:41:48,SL_MOVE,XAUUSD,M15,648,BUY,FULLTGT,DAY,0,4320.05,4298.25,4385.45,21.80,1.00,21.80,4341.85,4363.65,4385.45,4407.25,4429.05,0.05,0.00,0.05,4385.45,4.00,0.00,0.00,4388.41,4384.57,4372.04,4386.66,4383.48,2.423,5.17,19.03,67.72,71.92,5.05,5.43,-0.38,4388.04,4395.45,5435,3982,71.4,14.3,5,1,CROSS=EMA9>EMA21;TREND=1;STRUCT=1;VOL=1;COOL=1;EMA50=1;VWAP=1;BIAS=1,3.97,-0.83,24684.45,25111.27,stop trailed to TP3
1924,2026.09.03 04:11:48,2026.09.03 06:41:48,TP4_REACHED,XAUUSD,M15,648,BUY,FULLTGT,DAY,0,4320.05,4298.25,4385.45,21.80,1.00,21.80,4341.85,4363.65,4385.45,4407.25,4429.05,0.05,0.00,0.05,4407.25,4.00,4.00,0.00,4388.41,4384.57,4372.04,4386.66,4383.48,2.423,5.17,19.03,67.72,71.92,5.05,5.43,-0.38,4388.04,4395.45,5435,3982,71.4,14.3,5,1,CROSS=EMA9>EMA21;TREND=1;STRUCT=1;VOL=1;COOL=1;EMA50=1;VWAP=1;BIAS=1,3.97,-0.83,24684.45,25111.27,full target: no partial booked
1925,2026.09.03 06:13:15,2026.09.03 08:43:15,TP5_EXIT,XAUUSD,M15,648,BUY,FULLTGT,DAY,0,4320.05,4298.25,4385.45,21.80,1.00,21.80,4341.85,4363.65,4385.45,4407.25,4429.05,0.05,0.05,0.00,4429.06,5.00,5.00,0.00,4408.01,4398.27,4382.29,4404.91,4396.06,2.265,7.05,38.15,81.93,75.24,9.87,7.44,2.42,4400.68,4420.40,7517,5422,100.0,0.0,12,1,CROSS=EMA9>EMA21;TREND=1;STRUCT=1;VOL=1;COOL=1;EMA50=1;VWAP=1;BIAS=1,5.00,-0.83,25219.84,25219.84,full target reached; closed in full
1926,2026.09.03 06:13:15,2026.09.03 08:43:15,EXIT_TP,XAUUSD,M15,648,BUY,FULLTGT,DAY,0,4320.05,4298.25,4385.45,21.80,1.00,21.80,4341.85,4363.65,4385.45,4407.25,4429.05,0.05,0.05,0.00,4429.06,0.00,5.00,535.21,4408.01,4398.27,4382.29,4404.91,4396.06,2.265,7.05,38.15,81.93,75.24,9.87,7.44,2.42,4400.68,4420.40,7517,5422,100.0,0.0,12,1,CROSS=EMA9>EMA21;TREND=1;STRUCT=1;VOL=1;COOL=1;EMA50=1;VWAP=1;BIAS=1,5.00,-0.83,25219.84,25219.84,TP5 exit
1927,2026.09.03 23:00:00,2026.09.04 01:30:00,SKIP,XAUUSD,M15,648,FLAT,NA,DAY,0,0.00,0.00,0.00,0.00,1.00,0.00,0.00,0.00,0.00,0.00,0.00,0.00,0.00,0.00,0.00,0.00,0.00,0.00,4479.04,4479.53,4464.87,4479.99,4479.96,1.803,8.13,34.60,47.97,41.36,2.34,5.96,-3.62,4452.10,4475.24,7963,8920,14.3,71.4,11,1,CROSS=EMA9>EMA21;TREND=1;STRUCT=1;VOL=1;COOL=1;EMA50=1;VWAP=1;BIAS=1,0.00,0.00,25219.84,25219.84,outside the killzone window
1928,2026.09.04 01:02:00,2026.09.04 03:32:00,DAY_SUMMARY,XAUUSD,M15,648,FLAT,NA,DAY,0,0.00,0.00,0.00,0.00,1.00,0.00,0.00,0.00,0.00,0.00,0.00,0.00,0.00,0.00,0.00,0.00,5.00,535.21,4475.08,4477.23,4465.96,4475.61,4477.66,1.933,5.83,32.79,46.30,42.88,0.01,2.42,-2.42,4452.36,4472.94,1257,6228,14.3,71.4,10,1,CROSS=EMA9>EMA21;TREND=1;STRUCT=1;VOL=1;COOL=1;EMA50=1;VWAP=1;BIAS=1,0.00,0.00,25219.84,25219.84,2026.09.03 trades=1 W=1 L=0 gross_profit=535.21 gross_loss=0.00 net=535.21 PF=0.00
1929,2026.09.04 03:15:00,2026.09.04 05:45:00,SKIP,XAUUSD,M15,648,FLAT,NA,DAY,0,0.00,0.00,0.00,0.00,1.00,0.00,0.00,0.00,0.00,0.00,0.00,0.00,0.00,0.00,0.00,0.00,0.00,0.00,4477.15,4477.02,4469.19,4476.22,4476.63,1.595,4.91,23.69,56.78,61.95,0.47,-0.09,0.56,4476.87,4480.88,5414,4008,85.7,0.0,12,1,CROSS=EMA9>EMA21;TREND=1;STRUCT=1;VOL=1;COOL=1;EMA50=1;VWAP=1;BIAS=1,0.00,0.00,25219.84,25219.84,already positioned that way
1930,2026.09.04 03:30:00,2026.09.04 06:00:00,ENTRY,XAUUSD,M15,650,SELL,FULLTGT,DAY,0,4474.57,4484.51,4484.51,9.94,1.00,9.94,4464.63,4454.68,4444.74,4434.79,4424.85,0.12,0.12,0.12,4474.57,0.00,0.00,0.00,4476.64,4476.79,4469.40,4477.15,4477.02,1.487,4.97,22.82,47.72,45.10,0.24,-0.08,0.32,4476.81,4474.57,4083,3859,14.3,71.4,12,1,CROSS=EMA9<EMA21;TREND=1;STRUCT=1;VOL=1;COOL=1;EMA50=1;VWAP=1;BIAS=1,0.00,0.00,25219.42,25217.98,KZ=ASIA; KZR=NY L @ 4326.20 211 bars ago (low taken); DAY 12AM-4PM IST session: stop x1.00 of usual; no partials; full size to TP5; SL steps BE->TP1->TP2->TP3
1931,2026.09.04 03:45:00,2026.09.04 06:15:00,FLIP,XAUUSD,M15,650,SELL,FULLTGT,DAY,0,4474.57,4484.51,4484.51,9.94,1.00,9.94,4464.63,4454.68,4444.74,4434.79,4424.85,0.12,0.00,0.00,4482.32,0.00,-0.78,0.00,4477.75,4477.29,4469.90,4476.64,4476.79,1.471,5.02,22.53,56.72,58.83,0.67,-0.01,0.68,4477.11,4482.21,4265,3751,85.7,0.0,12,1,CROSS=EMA9>EMA21;TREND=1;STRUCT=1;VOL=1;COOL=1;EMA50=1;VWAP=1;BIAS=1,0.16,-0.78,25219.42,25126.42,opposite signal before SL/target | SELL -> BUY | closing trade 650
1932,2026.09.04 03:45:00,2026.09.04 06:15:00,EXIT_FLIP,XAUUSD,M15,650,SELL,FULLTGT,DAY,0,4474.57,4484.51,4484.51,9.94,1.00,9.94,4464.63,4454.68,4444.74,4434.79,4424.85,0.12,0.12,0.00,4482.32,0.00,-0.78,0.00,4477.75,4477.29,4469.90,4476.64,4476.79,1.471,5.02,22.53,56.72,58.83,0.67,-0.01,0.68,4477.11,4482.21,4265,3751,85.7,0.0,12,1,CROSS=EMA9>EMA21;TREND=1;STRUCT=1;VOL=1;COOL=1;EMA50=1;VWAP=1;BIAS=1,0.16,-0.78,25126.00,25126.00,FLIP exit
1933,2026.09.04 03:45:00,2026.09.04 06:15:00,EXIT_OTHER,XAUUSD,M15,650,SELL,FULLTGT,DAY,0,4474.57,4484.51,4484.51,9.94,1.00,9.94,4464.63,4454.68,4444.74,4434.79,4424.85,0.12,0.12,0.00,4482.32,0.00,-0.78,-93.84,4477.75,4477.29,4469.90,4476.64,4476.79,1.471,5.02,22.53,56.72,58.83,0.67,-0.01,0.68,4477.11,4482.21,4265,3751,85.7,0.0,12,1,CROSS=EMA9>EMA21;TREND=1;STRUCT=1;VOL=1;COOL=1;EMA50=1;VWAP=1;BIAS=1,0.16,-0.78,25126.00,25126.00,FLIP exit
1934,2026.09.04 03:45:00,2026.09.04 06:15:00,ENTRY,XAUUSD,M15,652,BUY,FULLTGT,DAY,650,4482.32,4472.28,4472.28,10.04,1.00,10.04,4492.36,4502.40,4512.44,4522.48,4532.52,0.12,0.12,0.12,4482.32,0.00,0.00,0.00,4477.75,4477.29,4469.90,4476.64,4476.79,1.471,5.02,22.53,56.72,58.83,0.67,-0.01,0.68,4477.11,4482.21,4265,3751,85.7,0.0,12,1,CROSS=EMA9>EMA21;TREND=1;STRUCT=1;VOL=1;COOL=1;EMA50=1;VWAP=1;BIAS=1,0.00,0.00,25125.58,25124.14,KZ=ASIA; KZR=NY L @ 4326.20 212 bars ago (low taken); DAY 12AM-4PM IST session: stop x1.00 of usual; no partials; full size to TP5; SL steps BE->TP1->TP2->TP3; flipped from trade 650
1935,2026.09.04 04:26:14,2026.09.04 06:56:14,EXIT_SL,XAUUSD,M15,652,BUY,FULLTGT,DAY,650,4482.32,4472.28,4472.28,10.04,1.00,10.04,4492.36,4502.40,4512.44,4522.48,4532.52,0.12,0.12,0.00,4472.01,0.00,-1.03,-124.56,4478.57,4477.82,4470.72,4479.48,4478.11,1.358,5.23,23.91,47.71,45.08,0.92,0.29,0.63,4478.29,4474.91,11247,3871,28.6,57.1,8,1,CROSS=EMA9>EMA21;TREND=1;STRUCT=1;VOL=1;COOL=1;EMA50=1;VWAP=1;BIAS=1,0.51,-0.97,25001.44,25001.44,stopped at the initial SL (x1.00 of usual)
1936,2026.09.04 04:30:00,2026.09.04 07:00:00,ENTRY,XAUUSD,M15,654,SELL,FULLTGT,DAY,0,4470.99,4482.15,4482.15,11.16,1.00,11.16,4459.83,4448.67,4437.51,4426.35,4415.19,0.11,0.11,0.11,4470.99,0.00,0.00,0.00,4477.05,4477.20,4470.73,4478.57,4477.82,1.160,5.58,20.79,44.23,39.88,0.27,0.36,-0.09,4477.39,4470.99,8915,4023,0.0,85.7,6,1,CROSS=EMA9<EMA21;TREND=1;STRUCT=1;VOL=1;COOL=1;EMA50=1;VWAP=1;BIAS=1,0.00,0.00,25001.05,25000.39,KZ=ASIA; KZR=NY L @ 4326.20 215 bars ago (low taken); DAY 12AM-4PM IST session: stop x1.00 of usual; no partials; full size to TP5; SL steps BE->TP1->TP2->TP3
1937,2026.09.04 05:03:02,2026.09.04 07:33:02,EXIT_SL,XAUUSD,M15,654,SELL,FULLTGT,DAY,0,4470.99,4482.15,4482.15,11.16,1.00,11.16,4459.83,4448.67,4437.51,4426.35,4415.19,0.11,0.11,0.00,4482.20,0.00,-1.00,-124.09,4476.93,4477.09,4471.17,4476.42,4476.90,0.945,6.26,16.80,52.20,54.22,0.18,0.46,-0.29,4476.68,4478.93,6526,4092,57.1,28.6,12,1,CROSS=EMA9<EMA21;TREND=1;STRUCT=1;VOL=1;COOL=1;EMA50=1;VWAP=1;BIAS=1,0.43,-1.00,24877.35,24877.35,stopped at the initial SL (x1.00 of usual)
1938,2026.09.04 05:15:00,2026.09.04 07:45:00,ENTRY,XAUUSD,M15,656,BUY,FULLTGT,DAY,0,4479.53,4467.14,4467.14,12.39,1.00,12.39,4491.92,4504.32,4516.71,4529.10,4541.50,0.10,0.10,0.10,4479.53,0.00,0.00,0.00,4477.42,4477.30,4471.49,4476.93,4477.09,0.937,6.20,17.05,52.67,54.26,0.36,0.49,-0.13,4476.89,4479.42,6087,4213,71.4,14.3,10,1,CROSS=EMA9>EMA21;TREND=1;STRUCT=1;VOL=1;COOL=1;EMA50=1;VWAP=1;BIAS=1,0.00,0.00,24877.00,24876.00,KZ=ASIA; KZR=NY L @ 4326.20 218 bars ago (low taken); DAY 12AM-4PM IST session: stop x1.00 of usual; no partials; full size to TP5; SL steps BE->TP1->TP2->TP3
1939,2026.09.04 05:30:00,2026.09.04 08:00:00,FLIP,XAUUSD,M15,656,BUY,FULLTGT,DAY,0,4479.53,4467.14,4467.14,12.39,1.00,12.39,4491.92,4504.32,4516.71,4529.10,4541.50,0.10,0.00,0.00,4473.96,0.00,-0.45,0.00,4476.73,4477.00,4471.59,4477.42,4477.30,0.843,6.41,15.06,47.20,45.86,0.06,0.44,-0.39,4476.81,4473.97,4296,4287,0.0,85.7,11,1,CROSS=EMA9<EMA21;TREND=1;STRUCT=1;VOL=1;COOL=1;EMA50=1;VWAP=1;BIAS=1,0.06,-0.64,24877.00,24821.30,opposite signal before SL/target | BUY -> SELL | closing trade 656
1940,2026.09.04 05:30:00,2026.09.04 08:00:00,EXIT_FLIP,XAUUSD,M15,656,BUY,FULLTGT,DAY,0,4479.53,4467.14,4467.14,12.39,1.00,12.39,4491.92,4504.32,4516.71,4529.10,4541.50,0.10,0.10,0.00,4473.96,0.00,-0.45,0.00,4476.73,4477.00,4471.59,4477.42,4477.30,0.843,6.41,15.06,47.20,45.86,0.06,0.44,-0.39,4476.81,4473.97,4296,4287,0.0,85.7,11,1,CROSS=EMA9<EMA21;TREND=1;STRUCT=1;VOL=1;COOL=1;EMA50=1;VWAP=1;BIAS=1,0.06,-0.64,24820.95,24820.95,FLIP exit
1941,2026.09.04 05:30:00,2026.09.04 08:00:00,EXIT_OTHER,XAUUSD,M15,656,BUY,FULLTGT,DAY,0,4479.53,4467.14,4467.14,12.39,1.00,12.39,4491.92,4504.32,4516.71,4529.10,4541.50,0.10,0.10,0.00,4473.96,0.00,-0.45,-56.40,4476.73,4477.00,4471.59,4477.42,4477.30,0.843,6.41,15.06,47.20,45.86,0.06,0.44,-0.39,4476.81,4473.97,4296,4287,0.0,85.7,11,1,CROSS=EMA9<EMA21;TREND=1;STRUCT=1;VOL=1;COOL=1;EMA50=1;VWAP=1;BIAS=1,0.06,-0.64,24820.95,24820.95,FLIP exit
1942,2026.09.04 05:30:00,2026.09.04 08:00:00,ENTRY,XAUUSD,M15,658,SELL,FULLTGT,DAY,656,4473.96,4486.78,4486.78,12.82,1.00,12.82,4461.14,4448.31,4435.49,4422.67,4409.85,0.09,0.09,0.09,4473.96,0.00,0.00,0.00,4476.73,4477.00,4471.59,4477.42,4477.30,0.843,6.41,15.06,47.20,45.86,0.06,0.44,-0.39,4476.81,4473.97,4296,4287,0.0,85.7,11,1,CROSS=EMA9<EMA21;TREND=1;STRUCT=1;VOL=1;COOL=1;EMA50=1;VWAP=1;BIAS=1,0.00,0.00,24820.63,24819.64,KZ=ASIA; KZR=NY L @ 4326.20 219 bars ago (low taken); DAY 12AM-4PM IST session: stop x1.00 of usual; no partials; full size to TP5; SL steps BE->TP1->TP2->TP3; flipped from trade 656
1943,2026.09.04 09:56:52,2026.09.04 12:26:52,SL_MOVE,XAUUSD,M15,658,SELL,FULLTGT,DAY,656,4473.96,4486.78,4473.96,12.82,1.00,12.82,4461.14,4448.31,4435.49,4422.67,4409.85,0.09,0.00,0.09,4473.96,1.00,0.00,0.00,4469.20,4471.35,4471.00,4470.43,4472.06,0.051,6.82,13.01,39.73,38.10,-2.06,-1.60,-0.45,4474.00,4464.27,6554,4664,0.0,85.7,6,1,CROSS=EMA9<EMA21;TREND=1;STRUCT=1;VOL=1;COOL=1;EMA50=1;VWAP=1;BIAS=1,1.00,-0.55,24820.63,24936.28,stop to breakeven
1944,2026.09.04 09:56:52,2026.09.04 12:26:52,TP1_REACHED,XAUUSD,M15,658,SELL,FULLTGT,DAY,656,4473.96,4486.78,4473.96,12.82,1.00,12.82,4461.14,4448.31,4435.49,4422.67,4409.85,0.09,0.00,0.09,4461.14,1.00,1.00,0.00,4469.20,4471.35,4471.00,4470.43,4472.06,0.051,6.82,13.01,39.73,38.10,-2.06,-1.60,-0.45,4474.00,4464.27,6554,4664,0.0,85.7,6,1,CROSS=EMA9<EMA21;TREND=1;STRUCT=1;VOL=1;COOL=1;EMA50=1;VWAP=1;BIAS=1,1.00,-0.55,24820.63,24936.28,full target: no partial booked
1945,2026.09.04 10:30:55,2026.09.04 13:00:55,EXIT_BE,XAUUSD,M15,658,SELL,FULLTGT,DAY,656,4473.96,4486.78,4473.96,12.82,1.00,12.82,4461.14,4448.31,4435.49,4422.67,4409.85,0.09,0.09,0.00,4473.98,0.00,-0.00,-0.82,4468.91,4470.57,4470.66,4467.95,4470.35,-0.015,6.37,14.04,51.90,58.57,-1.84,-1.87,0.03,4473.25,4472.73,4998,4712,57.1,28.6,7,1,CROSS=EMA9<EMA21;TREND=1;STRUCT=1;VOL=1;COOL=1;EMA50=1;VWAP=1;BIAS=1,1.07,-0.55,24820.13,24820.13,stopped at breakeven
1946,2026.09.04 10:45:00,2026.09.04 13:15:00,ENTRY,XAUUSD,M15,660,BUY,FULLTGT,DAY,0,4485.92,4472.71,4472.71,13.21,1.00,13.21,4499.13,4512.33,4525.54,4538.75,4551.95,0.09,0.09,0.09,4485.92,0.00,0.00,0.00,4472.29,4471.95,4471.26,4468.91,4470.57,0.105,6.60,16.44,63.81,74.40,-0.39,-1.72,1.33,4473.52,4485.81,5931,4664,85.7,0.0,11,1,CROSS=EMA9>EMA21;TREND=1;STRUCT=1;VOL=1;COOL=1;EMA50=1;VWAP=1;BIAS=1,0.00,0.00,24819.81,24818.82,KZ=LONDON; KZR=NY L @ 4326.20 240 bars ago (low taken); DAY 12AM-4PM IST session: stop x1.00 of usual; no partials; full size to TP5; SL steps BE->TP1->TP2->TP3
1947,2026.09.04 12:11:37,2026.09.04 14:41:37,EXIT_SL,XAUUSD,M15,660,BUY,FULLTGT,DAY,0,4485.92,4472.71,4472.71,13.21,1.00,13.21,4499.13,4512.33,4525.54,4538.75,4551.95,0.09,0.09,0.00,4472.45,0.00,-1.02,-121.87,4477.30,4475.05,4472.90,4477.17,4474.77,0.335,6.43,18.76,53.84,46.24,1.64,-0.04,1.68,4474.56,4477.83,4193,5070,57.1,14.3,41,1,CROSS=EMA9>EMA21;TREND=1;STRUCT=1;VOL=1;COOL=1;EMA50=1;VWAP=1;BIAS=1,0.37,-1.00,24698.26,24698.26,stopped at the initial SL (x1.00 of usual)
1948,2026.09.04 12:45:00,2026.09.04 15:15:00,SKIP,XAUUSD,M15,660,FLAT,NA,DAY,0,0.00,0.00,0.00,0.00,1.00,0.00,0.00,0.00,0.00,0.00,0.00,0.00,0.00,0.00,0.00,0.00,0.00,0.00,4472.68,4473.28,4472.34,4474.02,4473.88,0.135,6.96,25.60,42.80,38.24,-0.32,0.80,-1.12,4474.15,4467.30,5199,5421,0.0,85.7,9,1,CROSS=EMA9>EMA21;TREND=1;STRUCT=1;VOL=1;COOL=1;EMA50=1;VWAP=1;BIAS=1,0.00,0.00,24698.26,24698.26,outside the killzone window
1949,2026.09.07 01:02:04,2026.09.07 03:32:04,DAY_SUMMARY,XAUUSD,M15,660,FLAT,NA,DAY,0,0.00,0.00,0.00,0.00,1.00,0.00,0.00,0.00,0.00,0.00,0.00,0.00,0.00,0.00,0.00,0.00,-4.28,-521.58,4430.79,4431.36,4439.49,4430.68,4431.37,-1.210,6.72,19.13,48.51,52.28,-1.91,-3.45,1.55,4442.34,4431.23,1076,6210,28.6,42.9,9,1,CROSS=EMA9>EMA21;TREND=1;STRUCT=1;VOL=1;COOL=1;EMA50=1;VWAP=1;BIAS=1,0.00,0.00,24698.26,24698.26,2026.09.04 trades=6 W=0 L=6 gross_profit=0.00 gross_loss=521.58 net=-521.58 PF=0.00
1950,2026.09.07 01:02:04,2026.09.07 03:32:04,WEEK_SUMMARY,XAUUSD,M15,660,FLAT,NA,DAY,0,0.00,0.00,0.00,0.00,1.00,0.00,0.00,0.00,0.00,0.00,0.00,0.00,0.00,0.00,0.00,0.00,0.72,13.63,4430.79,4431.36,4439.49,4430.68,4431.37,-1.210,6.72,19.13,48.51,52.28,-1.91,-3.45,1.55,4442.34,4431.23,1076,6210,28.6,42.9,9,1,CROSS=EMA9>EMA21;TREND=1;STRUCT=1;VOL=1;COOL=1;EMA50=1;VWAP=1;BIAS=1,0.00,0.00,24698.26,24698.26,days=2 trades=7 W=1 L=6 gross_profit=535.21 gross_loss=521.58 net=13.63 PF=1.03 pips=6068.0
1951,2026.09.07 11:30:00,2026.09.07 14:00:00,SKIP,XAUUSD,M15,660,FLAT,NA,DAY,0,0.00,0.00,0.00,0.00,1.00,0.00,0.00,0.00,0.00,0.00,0.00,0.00,0.00,0.00,0.00,0.00,0.00,0.00,4406.14,4404.86,4412.58,4402.73,4403.36,-0.960,8.05,19.25,60.38,70.10,-0.89,-4.66,3.78,4407.58,4419.77,7250,5344,85.7,0.0,9,1,CROSS=EMA9>EMA21;TREND=1;STRUCT=1;VOL=1;COOL=1;EMA50=1;VWAP=1;BIAS=1,0.00,0.00,24698.26,24698.26,already positioned that way
1952,2026.09.07 13:30:00,2026.09.07 16:00:00,ENTRY,XAUUSD,M15,662,SELL,FULLTGT,EVENING,0,4395.97,4412.46,4412.46,16.49,1.00,16.49,4379.48,4362.99,4346.50,4330.01,4313.52,0.07,0.07,0.07,4395.97,0.00,0.00,0.00,4404.82,4405.47,4410.96,4407.04,4406.42,-0.666,8.24,24.18,41.63,30.87,-0.88,0.05,-0.93,4407.80,4395.98,3051,5594,0.0,71.4,9,1,CROSS=EMA9<EMA21;TREND=1;STRUCT=1;VOL=1;COOL=1;EMA50=1;VWAP=1;BIAS=1,0.00,0.00,24698.01,24697.38,KZ=NY; KZR=Asia H @ 4487.47 298 bars ago (high taken); EVENING 4PM-12AM IST session: stop x1.00 of usual; no partials; full size to TP5; SL steps BE->TP1->TP2->TP3
1953,2026.09.07 17:00:00,2026.09.07 19:30:00,SKIP,XAUUSD,M15,662,SELL,FULLTGT,EVENING,0,4395.97,4412.46,4412.46,16.49,1.00,16.49,4379.48,4362.99,4346.50,4330.01,4313.52,0.07,0.00,0.00,0.00,0.00,0.00,0.00,4399.80,4399.52,4404.71,4399.10,4399.21,-0.803,6.46,31.30,52.73,56.73,-0.80,-3.09,2.29,4405.37,4402.62,4218,4024,71.4,28.6,9,1,CROSS=EMA9<EMA21;TREND=1;STRUCT=1;VOL=1;COOL=1;EMA50=1;VWAP=1;BIAS=1,0.90,-0.73,24698.01,24650.83,outside the killzone window
1954,2026.09.07 17:45:43,2026.09.07 20:15:43,EXIT_SL,XAUUSD,M15,662,SELL,FULLTGT,EVENING,0,4395.97,4412.46,4412.46,16.49,1.00,16.49,4379.48,4362.99,4346.50,4330.01,4313.52,0.07,0.07,0.00,4412.51,0.00,-1.00,-116.28,4404.37,4401.86,4405.18,4402.45,4400.85,-0.498,6.65,34.68,61.70,67.65,1.23,-1.35,2.58,4405.46,4412.05,4655,4175,100.0,0.0,30,1,CROSS=EMA9<EMA21;TREND=1;STRUCT=1;VOL=1;COOL=1;EMA50=1;VWAP=1;BIAS=1,0.90,-0.99,24581.98,24581.98,stopped at the initial SL (x1.00 of usual)
1955,2026.09.08 01:02:00,2026.09.08 03:32:00,DAY_SUMMARY,XAUUSD,M15,662,FLAT,NA,DAY,0,0.00,0.00,0.00,0.00,1.00,0.00,0.00,0.00,0.00,0.00,0.00,0.00,0.00,0.00,0.00,0.00,-1.00,-116.28,4409.29,4408.80,4408.11,4410.04,4409.05,0.152,4.56,37.13,46.71,37.13,1.25,2.89,-1.64,4406.18,4406.28,1758,2858,28.6,57.1,10,1,CROSS=EMA9<EMA21;TREND=1;STRUCT=1;VOL=1;COOL=1;EMA50=1;VWAP=1;BIAS=1,0.00,0.00,24581.98,24581.98,2026.09.07 trades=1 W=0 L=1 gross_profit=0.00 gross_loss=116.28 net=-116.28 PF=0.00
1956,2026.09.08 09:15:00,2026.09.08 11:45:00,SKIP,XAUUSD,M15,662,FLAT,NA,DAY,0,0.00,0.00,0.00,0.00,1.00,0.00,0.00,0.00,0.00,0.00,0.00,0.00,0.00,0.00,0.00,0.00,0.00,0.00,4424.18,4425.83,4421.34,4427.34,4427.26,0.534,8.43,20.22,38.48,27.37,0.24,3.81,-3.56,4425.82,4411.54,10352,6088,0.0,85.7,5,1,CROSS=EMA9<EMA21;TREND=1;STRUCT=1;VOL=1;COOL=1;EMA50=1;VWAP=1;BIAS=1,0.00,0.00,24581.98,24581.98,already positioned that way
1957,2026.09.08 16:15:00,2026.09.08 18:45:00,SKIP,XAUUSD,M15,662,FLAT,NA,EVENING,0,0.00,0.00,0.00,0.00,1.00,0.00,0.00,0.00,0.00,0.00,0.00,0.00,0.00,0.00,0.00,0.00,0.00,0.00,4402.90,4402.43,4406.77,4401.48,4401.81,-0.462,9.39,14.91,53.69,57.04,-1.02,-3.19,2.16,4412.41,4408.57,12883,7068,57.1,28.6,5,1,CROSS=EMA9>EMA21;TREND=1;STRUCT=1;VOL=1;COOL=1;EMA50=1;VWAP=0;BIAS=1,0.00,0.00,24581.98,24581.98,quality filter
1958,2026.09.08 16:45:00,2026.09.08 19:15:00,SKIP,XAUUSD,M15,662,FLAT,NA,EVENING,0,0.00,0.00,0.00,0.00,1.00,0.00,0.00,0.00,0.00,0.00,0.00,0.00,0.00,0.00,0.00,0.00,0.00,0.00,4401.26,4401.74,4406.13,4402.40,4402.25,-0.440,9.99,14.22,45.75,44.22,-1.42,-2.38,0.95,4411.49,4396.69,21192,7823,14.3,71.4,8,1,CROSS=EMA9<EMA21;TREND=1;STRUCT=1;VOL=1;COOL=1;EMA50=1;VWAP=1;BIAS=1,0.00,0.00,24581.98,24581.98,already positioned that way
1959,2026.09.09 04:45:00,2026.09.09 07:15:00,ENTRY,XAUUSD,M15,664,BUY,FULLTGT,DAY,0,4376.59,4360.99,4360.99,15.60,1.00,15.60,4392.19,4407.79,4423.39,4438.99,4454.59,0.07,0.07,0.07,4376.59,0.00,0.00,0.00,4364.07,4363.95,4374.85,4360.97,4362.70,-1.397,7.80,34.94,60.12,68.97,-2.80,-7.47,4.67,4358.28,4376.47,5744,4616,100.0,0.0,12,1,CROSS=EMA9>EMA21;TREND=1;STRUCT=1;VOL=1;COOL=1;EMA50=1;VWAP=1;BIAS=1,0.00,0.00,24581.73,24580.89,KZ=ASIA; KZR=Asia H @ 4487.47 455 bars ago (high taken); DAY 12AM-4PM IST session: stop x1.00 of usual; no partials; full size to TP5; SL steps BE->TP1->TP2->TP3
1960,2026.09.09 08:37:40,2026.09.09 11:07:40,SL_MOVE,XAUUSD,M15,664,BUY,FULLTGT,DAY,0,4376.59,4360.99,4376.59,15.60,1.00,15.60,4392.19,4407.79,4423.39,4438.99,4454.59,0.07,0.00,0.07,4376.59,1.00,0.00,0.00,4380.65,4375.85,4376.64,4379.50,4374.91,-0.109,7.29,22.44,61.64,67.09,4.08,2.96,1.12,4367.50,4385.23,3956,4973,71.4,0.0,10,1,CROSS=EMA9>EMA21;TREND=1;STRUCT=1;VOL=1;COOL=1;EMA50=1;VWAP=1;BIAS=1,1.00,-0.60,24581.73,24690.93,stop to breakeven
1961,2026.09.09 08:37:40,2026.09.09 11:07:40,TP1_REACHED,XAUUSD,M15,664,BUY,FULLTGT,DAY,0,4376.59,4360.99,4376.59,15.60,1.00,15.60,4392.19,4407.79,4423.39,4438.99,4454.59,0.07,0.00,0.07,4392.19,1.00,1.00,0.00,4380.65,4375.85,4376.64,4379.50,4374.91,-0.109,7.29,22.44,61.64,67.09,4.08,2.96,1.12,4367.50,4385.23,3956,4973,71.4,0.0,10,1,CROSS=EMA9>EMA21;TREND=1;STRUCT=1;VOL=1;COOL=1;EMA50=1;VWAP=1;BIAS=1,1.00,-0.60,24581.73,24690.93,full target: no partial booked
1962,2026.09.09 10:27:34,2026.09.09 12:57:34,SL_MOVE,XAUUSD,M15,664,BUY,FULLTGT,DAY,0,4376.59,4360.99,4392.19,15.60,1.00,15.60,4392.19,4407.79,4423.39,4438.99,4454.59,0.07,0.00,0.07,4392.19,2.00,0.00,0.00,4397.04,4387.96,4382.45,4394.66,4386.10,0.853,6.46,44.12,72.98,65.28,8.58,6.42,2.16,4374.39,4406.55,4723,4397,100.0,0.0,8,1,CROSS=EMA9>EMA21;TREND=1;STRUCT=1;VOL=1;COOL=1;EMA50=1;VWAP=1;BIAS=1,2.00,-0.60,24581.73,24800.34,stop trailed to TP1
1963,2026.09.09 10:27:34,2026.09.09 12:57:34,TP2_REACHED,XAUUSD,M15,664,BUY,FULLTGT,DAY,0,4376.59,4360.99,4392.19,15.60,1.00,15.60,4392.19,4407.79,4423.39,4438.99,4454.59,0.07,0.00,0.07,4407.79,2.00,2.00,0.00,4397.04,4387.96,4382.45,4394.66,4386.10,0.853,6.46,44.12,72.98,65.28,8.58,6.42,2.16,4374.39,4406.55,4723,4397,100.0,0.0,8,1,CROSS=EMA9>EMA21;TREND=1;STRUCT=1;VOL=1;COOL=1;EMA50=1;VWAP=1;BIAS=1,2.00,-0.60,24581.73,24800.34,full target: no partial booked
1964,2026.09.09 12:54:09,2026.09.09 15:24:09,EXIT_TRAIL_SL,XAUUSD,M15,664,BUY,FULLTGT,DAY,0,4376.59,4360.99,4392.19,15.60,1.00,15.60,4392.19,4407.79,4423.39,4438.99,4454.59,0.07,0.07,0.00,4391.86,0.00,0.98,106.39,4399.72,4396.19,4388.90,4400.55,4396.17,1.234,5.91,29.85,53.64,35.94,5.17,7.70,-2.53,4380.27,4396.38,3973,4482,42.9,42.9,65,1,CROSS=EMA9>EMA21;TREND=1;STRUCT=1;VOL=1;COOL=1;EMA50=1;VWAP=1;BIAS=1,2.32,-0.60,24688.37,24688.37,stopped at a trailed level
1965,2026.09.09 19:00:00,2026.09.09 21:30:00,SKIP,XAUUSD,M15,664,FLAT,NA,EVENING,0,0.00,0.00,0.00,0.00,1.00,0.00,0.00,0.00,0.00,0.00,0.00,0.00,0.00,0.00,0.00,0.00,0.00,0.00,4405.38,4405.94,4399.94,4407.09,4406.68,0.449,13.35,20.46,46.33,44.27,1.25,4.88,-3.63,4394.85,4398.53,12353,12175,14.3,71.4,10,1,CROSS=EMA9>EMA21;TREND=1;STRUCT=1;VOL=1;COOL=1;EMA50=1;VWAP=1;BIAS=1,0.00,0.00,24688.37,24688.37,outside the killzone window
1966,2026.09.09 20:15:00,2026.09.09 22:45:00,SKIP,XAUUSD,M15,664,FLAT,NA,EVENING,0,0.00,0.00,0.00,0.00,1.00,0.00,0.00,0.00,0.00,0.00,0.00,0.00,0.00,0.00,0.00,0.00,0.00,0.00,4407.60,4406.55,4401.23,4405.32,4405.54,0.390,13.65,20.56,57.38,61.53,1.58,1.56,0.03,4395.65,4416.70,9375,12864,71.4,0.0,11,1,CROSS=EMA9>EMA21;TREND=1;STRUCT=1;VOL=1;COOL=1;EMA50=1;VWAP=1;BIAS=1,0.00,0.00,24688.37,24688.37,outside the killzone window
1967,2026.09.09 22:30:00,2026.09.10 01:00:00,SKIP,XAUUSD,M15,664,FLAT,NA,DAY,0,0.00,0.00,0.00,0.00,1.00,0.00,0.00,0.00,0.00,0.00,0.00,0.00,0.00,0.00,0.00,0.00,0.00,0.00,4407.13,4408.04,4403.89,4409.00,4408.88,0.381,10.89,25.89,43.54,36.51,0.22,2.26,-2.04,4396.95,4399.66,5095,10280,14.3,71.4,5,1,CROSS=EMA9>EMA21;TREND=1;STRUCT=1;VOL=1;COOL=1;EMA50=1;VWAP=1;BIAS=1,0.00,0.00,24688.37,24688.37,outside the killzone window
1968,2026.09.10 01:02:00,2026.09.10 03:32:00,DAY_SUMMARY,XAUUSD,M15,664,FLAT,NA,DAY,0,0.00,0.00,0.00,0.00,1.00,0.00,0.00,0.00,0.00,0.00,0.00,0.00,0.00,0.00,0.00,0.00,0.98,106.39,4401.18,4404.05,4402.81,4401.08,4404.31,0.194,6.41,29.50,47.07,51.66,-2.15,-0.69,-1.46,4397.01,4401.54,1112,5561,42.9,42.9,10,1,CROSS=EMA9>EMA21;TREND=1;STRUCT=1;VOL=1;COOL=1;EMA50=1;VWAP=1;BIAS=1,0.00,0.00,24688.37,24688.37,2026.09.09 trades=1 W=1 L=0 gross_profit=106.39 gross_loss=0.00 net=106.39 PF=0.00
1969,2026.09.10 04:30:00,2026.09.10 07:00:00,SKIP,XAUUSD,M15,664,FLAT,NA,DAY,0,0.00,0.00,0.00,0.00,1.00,0.00,0.00,0.00,0.00,0.00,0.00,0.00,0.00,0.00,0.00,0.00,0.00,0.00,4403.07,4402.10,4401.96,4401.21,4401.26,0.023,5.91,22.82,59.45,60.05,0.05,-1.98,2.03,4403.02,4410.52,10375,3982,71.4,14.3,11,1,CROSS=EMA9>EMA21;TREND=1;STRUCT=1;VOL=1;COOL=1;EMA50=1;VWAP=1;BIAS=1,0.00,0.00,24688.37,24688.37,already positioned that way
1970,2026.09.10 11:15:00,2026.09.10 13:45:00,ENTRY,XAUUSD,M15,666,SELL,FULLTGT,DAY,0,4405.75,4421.68,4421.68,15.93,1.00,15.93,4389.82,4373.88,4357.95,4342.01,4326.08,0.07,0.07,0.07,4405.75,0.00,0.00,0.00,4413.23,4413.99,4410.70,4415.10,4414.81,0.413,7.97,18.62,43.59,39.39,0.50,3.07,-2.58,4412.06,4405.75,6910,5062,0.0,85.7,11,1,CROSS=EMA9<EMA21;TREND=1;STRUCT=1;VOL=1;COOL=1;EMA50=1;VWAP=1;BIAS=1,0.00,0.00,24688.12,24687.35,KZ=LONDON; KZR=London L @ 4385.24 68 bars ago (low taken); DAY 12AM-4PM IST session: stop x1.00 of usual; no partials; full size to TP5; SL steps BE->TP1->TP2->TP3
1971,2026.09.10 12:32:52,2026.09.10 15:02:52,SL_MOVE,XAUUSD,M15,666,SELL,FULLTGT,DAY,0,4405.75,4421.68,4405.75,15.93,1.00,15.93,4389.82,4373.88,4357.95,4342.01,4326.08,0.07,0.00,0.07,4405.75,1.00,0.00,0.00,4401.51,4407.32,4408.16,4403.67,4408.77,-0.103,8.10,30.86,35.09,35.26,-4.23,-0.62,-3.60,4410.34,4392.88,4825,5703,0.0,85.7,10,1,CROSS=EMA9<EMA21;TREND=1;STRUCT=1;VOL=1;COOL=1;EMA50=1;VWAP=1;BIAS=1,1.00,-0.13,24688.12,24799.84,stop to breakeven
1972,2026.09.10 12:32:52,2026.09.10 15:02:52,TP1_REACHED,XAUUSD,M15,666,SELL,FULLTGT,DAY,0,4405.75,4421.68,4405.75,15.93,1.00,15.93,4389.82,4373.88,4357.95,4342.01,4326.08,0.07,0.00,0.07,4389.82,1.00,1.00,0.00,4401.51,4407.32,4408.16,4403.67,4408.77,-0.103,8.10,30.86,35.09,35.26,-4.23,-0.62,-3.60,4410.34,4392.88,4825,5703,0.0,85.7,10,1,CROSS=EMA9<EMA21;TREND=1;STRUCT=1;VOL=1;COOL=1;EMA50=1;VWAP=1;BIAS=1,1.00,-0.13,24688.12,24799.84,full target: no partial booked
1973,2026.09.10 15:00:48,2026.09.10 17:30:48,SL_MOVE,XAUUSD,M15,666,SELL,FULLTGT,EVENING,0,4405.75,4421.68,4389.82,15.93,1.00,15.93,4389.82,4373.88,4357.95,4342.01,4326.08,0.07,0.00,0.07,4389.82,2.00,0.00,0.00,4385.44,4393.79,4400.90,4388.15,4395.71,-0.881,8.08,26.20,29.10,34.01,-8.05,-6.52,-1.54,4404.57,4374.61,8673,6702,0.0,100.0,10,1,CROSS=EMA9<EMA21;TREND=1;STRUCT=1;VOL=1;COOL=1;EMA50=1;VWAP=1;BIAS=1,2.02,-0.13,24688.12,24911.63,stop trailed to TP1
1974,2026.09.10 15:00:48,2026.09.10 17:30:48,TP2_REACHED,XAUUSD,M15,666,SELL,FULLTGT,EVENING,0,4405.75,4421.68,4389.82,15.93,1.00,15.93,4389.82,4373.88,4357.95,4342.01,4326.08,0.07,0.00,0.07,4373.88,2.00,2.00,0.00,4385.44,4393.79,4400.90,4388.15,4395.71,-0.881,8.08,26.20,29.10,34.01,-8.05,-6.52,-1.54,4404.57,4374.61,8673,6702,0.0,100.0,10,1,CROSS=EMA9<EMA21;TREND=1;STRUCT=1;VOL=1;COOL=1;EMA50=1;VWAP=1;BIAS=1,2.02,-0.13,24688.12,24911.63,full target: no partial booked
1975,2026.09.10 15:31:04,2026.09.10 18:01:04,SL_MOVE,XAUUSD,M15,666,SELL,FULLTGT,EVENING,0,4405.75,4421.68,4373.88,15.93,1.00,15.93,4389.82,4373.88,4357.95,4342.01,4326.08,0.07,0.00,0.07,4373.88,3.00,0.00,0.00,4379.49,4389.53,4398.48,4383.41,4392.11,-1.072,8.35,30.48,24.32,27.63,-9.61,-7.39,-2.21,4401.99,4363.81,14062,7483,0.0,100.0,8,1,CROSS=EMA9<EMA21;TREND=1;STRUCT=1;VOL=1;COOL=1;EMA50=1;VWAP=1;BIAS=1,2.97,-0.13,24688.12,25028.04,stop trailed to TP2
1976,2026.09.10 15:31:04,2026.09.10 18:01:04,TP3_REACHED,XAUUSD,M15,666,SELL,FULLTGT,EVENING,0,4405.75,4421.68,4373.88,15.93,1.00,15.93,4389.82,4373.88,4357.95,4342.01,4326.08,0.07,0.00,0.07,4357.95,3.00,3.00,0.00,4379.49,4389.53,4398.48,4383.41,4392.11,-1.072,8.35,30.48,24.32,27.63,-9.61,-7.39,-2.21,4401.99,4363.81,14062,7483,0.0,100.0,8,1,CROSS=EMA9<EMA21;TREND=1;STRUCT=1;VOL=1;COOL=1;EMA50=1;VWAP=1;BIAS=1,2.97,-0.13,24688.12,25028.04,full target: no partial booked
1977,2026.09.10 15:34:37,2026.09.10 18:04:37,SL_MOVE,XAUUSD,M15,666,SELL,FULLTGT,EVENING,0,4405.75,4421.68,4357.95,15.93,1.00,15.93,4389.82,4373.88,4357.95,4342.01,4326.08,0.07,0.00,0.07,4357.95,4.00,0.00,0.00,4379.49,4389.53,4398.48,4383.41,4392.11,-1.072,8.35,30.48,24.32,27.63,-9.61,-7.39,-2.21,4401.99,4363.81,14062,7483,0.0,100.0,10,1,CROSS=EMA9<EMA21;TREND=1;STRUCT=1;VOL=1;COOL=1;EMA50=1;VWAP=1;BIAS=1,4.00,-0.13,24688.12,25141.44,stop trailed to TP3
1978,2026.09.10 15:34:37,2026.09.10 18:04:37,TP4_REACHED,XAUUSD,M15,666,SELL,FULLTGT,EVENING,0,4405.75,4421.68,4357.95,15.93,1.00,15.93,4389.82,4373.88,4357.95,4342.01,4326.08,0.07,0.00,0.07,4342.01,4.00,4.00,0.00,4379.49,4389.53,4398.48,4383.41,4392.11,-1.072,8.35,30.48,24.32,27.63,-9.61,-7.39,-2.21,4401.99,4363.81,14062,7483,0.0,100.0,10,1,CROSS=EMA9<EMA21;TREND=1;STRUCT=1;VOL=1;COOL=1;EMA50=1;VWAP=1;BIAS=1,4.00,-0.13,24688.12,25141.44,full target: no partial booked
1979,2026.09.10 15:39:13,2026.09.10 18:09:13,TP5_EXIT,XAUUSD,M15,666,SELL,FULLTGT,EVENING,0,4405.75,4421.68,4357.95,15.93,1.00,15.93,4389.82,4373.88,4357.95,4342.01,4326.08,0.07,0.07,0.00,4326.03,5.00,5.00,0.00,4379.49,4389.53,4398.48,4383.41,4392.11,-1.072,8.35,30.48,24.32,17.56,-9.61,-7.39,-2.21,4401.99,4363.81,14062,7483,0.0,100.0,10,1,CROSS=EMA9<EMA21;TREND=1;STRUCT=1;VOL=1;COOL=1;EMA50=1;VWAP=1;BIAS=1,5.00,-0.13,25245.91,25245.91,full target reached; closed in full
1980,2026.09.10 15:39:13,2026.09.10 18:09:13,EXIT_TP,XAUUSD,M15,666,SELL,FULLTGT,EVENING,0,4405.75,4421.68,4357.95,15.93,1.00,15.93,4389.82,4373.88,4357.95,4342.01,4326.08,0.07,0.07,0.00,4326.03,0.00,5.00,557.54,4379.49,4389.53,4398.48,4383.41,4392.11,-1.072,8.35,30.48,24.32,17.56,-9.61,-7.39,-2.21,4401.99,4363.81,14062,7483,0.0,100.0,10,1,CROSS=EMA9<EMA21;TREND=1;STRUCT=1;VOL=1;COOL=1;EMA50=1;VWAP=1;BIAS=1,5.00,-0.13,25245.91,25245.91,TP5 exit
1981,2026.09.11 01:02:00,2026.09.11 03:32:00,DAY_SUMMARY,XAUUSD,M15,666,FLAT,NA,DAY,0,0.00,0.00,0.00,0.00,1.00,0.00,0.00,0.00,0.00,0.00,0.00,0.00,0.00,0.00,0.00,0.00,5.00,557.54,4324.53,4336.94,4356.62,4326.56,4339.00,-2.208,8.91,68.11,25.40,34.87,-13.13,-11.86,-1.26,4373.07,4316.42,2502,9742,0.0,85.7,10,1,CROSS=EMA9<EMA21;TREND=1;STRUCT=1;VOL=1;COOL=1;EMA50=1;VWAP=1;BIAS=1,0.00,0.00,25245.91,25245.91,2026.09.10 trades=1 W=1 L=0 gross_profit=557.54 gross_loss=0.00 net=557.54 PF=0.00
1982,2026.09.11 08:00:00,2026.09.11 10:30:00,ENTRY,XAUUSD,M15,668,BUY,FULLTGT,DAY,0,4331.91,4311.51,4311.51,20.40,1.00,20.40,4352.31,4372.70,4393.10,4413.49,4433.89,0.06,0.06,0.06,4331.91,0.00,0.00,0.00,4323.47,4323.44,4333.44,4321.40,4322.60,-0.981,10.20,23.59,55.97,62.25,-1.60,-3.74,2.13,4322.80,4331.75,5861,8806,71.4,0.0,12,1,CROSS=EMA9>EMA21;TREND=1;STRUCT=1;VOL=1;COOL=1;EMA50=1;VWAP=1;BIAS=1,0.00,0.00,25245.70,25244.98,KZ=LONDON; KZR=NY L @ 4324.03 39 bars ago (low taken); DAY 12AM-4PM IST session: stop x1.00 of usual; no partials; full size to TP5; SL steps BE->TP1->TP2->TP3
1983,2026.09.11 09:02:06,2026.09.11 11:32:06,SL_MOVE,XAUUSD,M15,668,BUY,FULLTGT,DAY,0,4331.91,4311.51,4331.91,20.40,1.00,20.40,4352.31,4372.70,4393.10,4413.49,4433.89,0.06,0.00,0.06,4331.91,1.00,0.00,0.00,4334.05,4328.96,4334.51,4331.02,4327.24,-0.533,10.41,32.43,64.22,69.19,2.97,-1.53,4.51,4325.45,4346.15,10366,9001,100.0,0.0,11,1,CROSS=EMA9>EMA21;TREND=1;STRUCT=1;VOL=1;COOL=1;EMA50=1;VWAP=1;BIAS=1,1.00,-0.17,25245.70,25368.10,stop to breakeven
1984,2026.09.11 09:02:06,2026.09.11 11:32:06,TP1_REACHED,XAUUSD,M15,668,BUY,FULLTGT,DAY,0,4331.91,4311.51,4331.91,20.40,1.00,20.40,4352.31,4372.70,4393.10,4413.49,4433.89,0.06,0.00,0.06,4352.31,1.00,1.00,0.00,4334.05,4328.96,4334.51,4331.02,4327.24,-0.533,10.41,32.43,64.22,69.19,2.97,-1.53,4.51,4325.45,4346.15,10366,9001,100.0,0.0,11,1,CROSS=EMA9>EMA21;TREND=1;STRUCT=1;VOL=1;COOL=1;EMA50=1;VWAP=1;BIAS=1,1.00,-0.17,25245.70,25368.10,full target: no partial booked
1985,2026.09.11 14:30:00,2026.09.11 17:00:00,SKIP,XAUUSD,M15,668,BUY,FULLTGT,EVENING,0,4331.91,4311.51,4331.91,20.40,1.00,20.40,4352.31,4372.70,4393.10,4413.49,4433.89,0.06,0.00,0.00,0.00,0.00,0.00,0.00,4341.94,4342.54,4341.12,4343.30,4343.14,0.203,6.99,22.84,43.76,34.76,0.73,2.83,-2.09,4334.53,4336.49,5376,6663,14.3,57.1,5,1,CROSS=EMA9<EMA21;TREND=1;STRUCT=1;VOL=1;COOL=1;EMA50=1;VWAP=0;BIAS=1,1.43,-0.17,25245.70,25273.18,quality filter
1986,2026.09.11 14:34:52,2026.09.11 17:04:52,EXIT_BE,XAUUSD,M15,668,BUY,FULLTGT,EVENING,0,4331.91,4311.51,4331.91,20.40,1.00,20.40,4352.31,4372.70,4393.10,4413.49,4433.89,0.06,0.06,0.00,4331.88,0.00,-0.00,-0.60,4341.94,4342.54,4341.12,4343.30,4343.14,0.203,6.99,22.84,43.76,34.76,0.73,2.83,-2.09,4334.53,4336.49,5376,6663,14.3,57.1,6,1,CROSS=EMA9<EMA21;TREND=1;STRUCT=1;VOL=1;COOL=1;EMA50=1;VWAP=0;BIAS=1,1.43,-0.17,25245.31,25245.31,stopped at breakeven
1987,2026.09.11 16:00:00,2026.09.11 18:30:00,SKIP,XAUUSD,M15,668,FLAT,NA,EVENING,0,0.00,0.00,0.00,0.00,1.00,0.00,0.00,0.00,0.00,0.00,0.00,0.00,0.00,0.00,0.00,0.00,0.00,0.00,4350.52,4345.58,4342.55,4341.00,4341.28,0.247,12.24,34.21,75.39,77.58,3.90,0.56,3.34,4337.00,4388.57,27784,9632,100.0,0.0,8,1,CROSS=EMA9>EMA21;TREND=1;STRUCT=1;VOL=1;COOL=1;EMA50=1;VWAP=1;BIAS=1,0.00,0.00,25245.31,25245.31,already positioned that way
1988,2026.09.11 21:00:00,2026.09.11 23:30:00,SKIP,XAUUSD,M15,668,FLAT,NA,EVENING,0,0.00,0.00,0.00,0.00,1.00,0.00,0.00,0.00,0.00,0.00,0.00,0.00,0.00,0.00,0.00,0.00,0.00,0.00,4363.52,4364.00,4357.60,4364.83,4364.57,0.489,13.06,26.63,46.81,41.08,1.27,3.42,-2.15,4352.24,4358.28,7020,15089,14.3,71.4,5,1,CROSS=EMA9>EMA21;TREND=1;STRUCT=1;VOL=1;COOL=1;EMA50=1;VWAP=1;BIAS=1,0.00,0.00,25245.31,25245.31,outside the killzone window
1989,2026.09.14 01:02:00,2026.09.14 03:32:00,DAY_SUMMARY,XAUUSD,M15,668,FLAT,NA,DAY,0,0.00,0.00,0.00,0.00,1.00,0.00,0.00,0.00,0.00,0.00,0.00,0.00,0.00,0.00,0.00,0.00,-0.00,-0.60,4348.98,4353.11,4353.97,4349.23,4353.63,-0.119,7.20,33.01,43.81,46.81,-3.82,-3.53,-0.29,4351.93,4348.00,1511,7500,0.0,85.7,9,1,CROSS=EMA9>EMA21;TREND=1;STRUCT=1;VOL=1;COOL=1;EMA50=1;VWAP=1;BIAS=1,0.00,0.00,25245.31,25245.31,2026.09.11 trades=1 W=0 L=1 gross_profit=0.00 gross_loss=0.60 net=-0.60 PF=0.00
1990,2026.09.14 01:02:00,2026.09.14 03:32:00,WEEK_SUMMARY,XAUUSD,M15,668,FLAT,NA,DAY,0,0.00,0.00,0.00,0.00,1.00,0.00,0.00,0.00,0.00,0.00,0.00,0.00,0.00,0.00,0.00,0.00,4.98,547.05,4348.98,4353.11,4353.97,4349.23,4353.63,-0.119,7.20,33.01,43.81,46.81,-3.82,-3.53,-0.29,4351.93,4348.00,1511,7500,0.0,85.7,9,1,CROSS=EMA9>EMA21;TREND=1;STRUCT=1;VOL=1;COOL=1;EMA50=1;VWAP=1;BIAS=1,0.00,0.00,25245.31,25245.31,days=4 trades=4 W=2 L=2 gross_profit=663.93 gross_loss=116.88 net=547.05 PF=5.68 pips=7842.0
1991,2026.09.14 05:30:00,2026.09.14 08:00:00,SKIP,XAUUSD,M15,668,FLAT,NA,DAY,0,0.00,0.00,0.00,0.00,1.00,0.00,0.00,0.00,0.00,0.00,0.00,0.00,0.00,0.00,0.00,0.00,0.00,0.00,4344.73,4343.85,4347.08,4342.85,4343.01,-0.374,8.64,16.35,56.54,59.17,-0.75,-3.64,2.90,4338.82,4352.25,4158,6767,71.4,0.0,7,1,CROSS=EMA9>EMA21;TREND=1;STRUCT=1;VOL=1;COOL=1;EMA50=1;VWAP=1;BIAS=1,0.00,0.00,25245.31,25245.31,already positioned that way
1992,2026.09.14 06:00:00,2026.09.14 08:30:00,ENTRY,XAUUSD,M15,670,SELL,FULLTGT,DAY,0,4330.86,4350.30,4350.30,19.44,1.00,19.44,4311.42,4291.97,4272.53,4253.08,4233.64,0.06,0.06,0.06,4330.86,0.00,0.00,0.00,4342.11,4342.82,4346.39,4344.92,4344.02,-0.367,9.72,15.81,40.69,37.33,-1.55,-2.79,1.24,4339.25,4330.87,6800,7361,14.3,57.1,7,1,CROSS=EMA9<EMA21;TREND=1;STRUCT=1;VOL=1;COOL=1;EMA50=1;VWAP=1;BIAS=1,0.00,0.00,25245.10,25244.68,KZ=ASIA; KZR=Asia L @ 4300.85 249 bars ago (low taken); DAY 12AM-4PM IST session: stop x1.00 of usual; no partials; full size to TP5; SL steps BE->TP1->TP2->TP3
1993,2026.09.14 10:52:05,2026.09.14 13:22:05,SL_MOVE,XAUUSD,M15,670,SELL,FULLTGT,DAY,0,4330.86,4350.30,4330.86,19.44,1.00,19.44,4311.42,4291.97,4272.53,4253.08,4233.64,0.06,0.00,0.06,4330.86,1.00,0.00,0.00,4324.34,4329.12,4336.35,4325.62,4330.11,-0.893,8.10,45.72,39.31,38.01,-4.93,-3.88,-1.04,4334.55,4319.21,5604,5736,0.0,85.7,11,1,CROSS=EMA9<EMA21;TREND=1;STRUCT=1;VOL=1;COOL=1;EMA50=1;VWAP=1;BIAS=1,1.00,-0.43,25245.10,25362.10,stop to breakeven
1994,2026.09.14 10:52:05,2026.09.14 13:22:05,TP1_REACHED,XAUUSD,M15,670,SELL,FULLTGT,DAY,0,4330.86,4350.30,4330.86,19.44,1.00,19.44,4311.42,4291.97,4272.53,4253.08,4233.64,0.06,0.00,0.06,4311.42,1.00,1.00,0.00,4324.34,4329.12,4336.35,4325.62,4330.11,-0.893,8.10,45.72,39.31,38.01,-4.93,-3.88,-1.04,4334.55,4319.21,5604,5736,0.0,85.7,11,1,CROSS=EMA9<EMA21;TREND=1;STRUCT=1;VOL=1;COOL=1;EMA50=1;VWAP=1;BIAS=1,1.00,-0.43,25245.10,25362.10,full target: no partial booked
1995,2026.09.14 12:19:02,2026.09.14 14:49:02,SL_MOVE,XAUUSD,M15,670,SELL,FULLTGT,DAY,0,4330.86,4350.30,4311.42,19.44,1.00,19.44,4311.42,4291.97,4272.53,4253.08,4233.64,0.06,0.00,0.06,4311.42,2.00,0.00,0.00,4313.02,4320.57,4330.66,4314.82,4322.05,-1.305,7.73,59.06,32.71,35.31,-7.59,-5.96,-1.63,4331.44,4305.85,7085,6189,0.0,100.0,11,1,CROSS=EMA9<EMA21;TREND=1;STRUCT=1;VOL=1;COOL=1;EMA50=1;VWAP=1;BIAS=1,2.00,-0.43,25245.10,25479.94,stop trailed to TP1
1996,2026.09.14 12:19:02,2026.09.14 14:49:02,TP2_REACHED,XAUUSD,M15,670,SELL,FULLTGT,DAY,0,4330.86,4350.30,4311.42,19.44,1.00,19.44,4311.42,4291.97,4272.53,4253.08,4233.64,0.06,0.00,0.06,4291.97,2.00,2.00,0.00,4313.02,4320.57,4330.66,4314.82,4322.05,-1.305,7.73,59.06,32.71,35.31,-7.59,-5.96,-1.63,4331.44,4305.85,7085,6189,0.0,100.0,11,1,CROSS=EMA9<EMA21;TREND=1;STRUCT=1;VOL=1;COOL=1;EMA50=1;VWAP=1;BIAS=1,2.00,-0.43,25245.10,25479.94,full target: no partial booked
1997,2026.09.14 15:53:30,2026.09.14 18:23:30,SL_MOVE,XAUUSD,M15,670,SELL,FULLTGT,EVENING,0,4330.86,4350.30,4291.97,19.44,1.00,19.44,4311.42,4291.97,4272.53,4253.08,4233.64,0.06,0.00,0.06,4291.97,3.00,0.00,0.00,4290.25,4297.85,4313.12,4291.90,4299.27,-1.616,9.45,32.71,34.84,36.80,-9.05,-9.89,0.84,4319.82,4283.67,17887,7375,14.3,85.7,10,1,CROSS=EMA9<EMA21;TREND=1;STRUCT=1;VOL=1;COOL=1;EMA50=1;VWAP=1;BIAS=1,2.98,-0.43,25245.10,25596.16,stop trailed to TP2
1998,2026.09.14 15:53:30,2026.09.14 18:23:30,TP3_REACHED,XAUUSD,M15,670,SELL,FULLTGT,EVENING,0,4330.86,4350.30,4291.97,19.44,1.00,19.44,4311.42,4291.97,4272.53,4253.08,4233.64,0.06,0.00,0.06,4272.53,3.00,3.00,0.00,4290.25,4297.85,4313.12,4291.90,4299.27,-1.616,9.45,32.71,34.84,36.80,-9.05,-9.89,0.84,4319.82,4283.67,17887,7375,14.3,85.7,10,1,CROSS=EMA9<EMA21;TREND=1;STRUCT=1;VOL=1;COOL=1;EMA50=1;VWAP=1;BIAS=1,2.98,-0.43,25245.10,25596.16,full target: no partial booked
1999,2026.09.14 18:33:57,2026.09.14 21:03:57,EXIT_TRAIL_SL,XAUUSD,M15,670,SELL,FULLTGT,EVENING,0,4330.86,4350.30,4291.97,19.44,1.00,19.44,4311.42,4291.97,4272.53,4253.08,4233.64,0.06,0.06,0.00,4291.98,0.00,2.00,232.86,4278.70,4283.86,4299.80,4277.47,4283.89,-1.391,11.45,28.83,47.26,56.56,-7.36,-9.76,2.40,4306.43,4283.61,10547,11547,42.9,42.9,10,1,CROSS=EMA9<EMA21;TREND=1;STRUCT=1;VOL=1;COOL=1;EMA50=1;VWAP=1;BIAS=1,3.98,-0.43,25478.17,25478.17,stopped at a trailed level
2000,2026.09.14 19:30:00,2026.09.14 22:00:00,SKIP,XAUUSD,M15,670,FLAT,NA,EVENING,0,0.00,0.00,0.00,0.00,1.00,0.00,0.00,0.00,0.00,0.00,0.00,0.00,0.00,0.00,0.00,0.00,0.00,0.00,4288.32,4287.26,4299.00,4285.37,4285.97,-0.942,12.46,40.38,57.30,61.88,-1.91,-6.68,4.77,4305.46,4300.12,9461,12803,71.4,14.3,8,1,CROSS=EMA9<EMA21;TREND=1;STRUCT=1;VOL=1;COOL=1;EMA50=1;VWAP=1;BIAS=1,0.00,0.00,25478.17,25478.17,outside the killzone window
2001,2026.09.14 23:00:00,2026.09.15 01:30:00,SKIP,XAUUSD,M15,670,FLAT,NA,DAY,0,0.00,0.00,0.00,0.00,1.00,0.00,0.00,0.00,0.00,0.00,0.00,0.00,0.00,0.00,0.00,0.00,0.00,0.00,4298.77,4298.99,4301.51,4302.51,4300.51,-0.302,8.37,42.95,37.70,21.74,0.91,4.42,-3.51,4305.70,4283.81,9248,9450,0.0,85.7,11,1,CROSS=EMA9<EMA21;TREND=1;STRUCT=1;VOL=1;COOL=1;EMA50=1;VWAP=1;BIAS=1,0.00,0.00,25478.17,25478.17,outside the killzone window
2002,2026.09.15 01:02:00,2026.09.15 03:32:00,DAY_SUMMARY,XAUUSD,M15,670,FLAT,NA,DAY,0,0.00,0.00,0.00,0.00,1.00,0.00,0.00,0.00,0.00,0.00,0.00,0.00,0.00,0.00,0.00,0.00,2.00,232.86,4296.71,4297.67,4300.50,4296.24,4297.58,-0.381,7.40,36.84,50.78,53.49,-0.24,1.87,-2.11,4305.49,4298.60,1746,7286,42.9,42.9,9,1,CROSS=EMA9<EMA21;TREND=1;STRUCT=1;VOL=1;COOL=1;EMA50=1;VWAP=1;BIAS=1,0.00,0.00,25478.17,25478.17,2026.09.14 trades=1 W=1 L=0 gross_profit=232.86 gross_loss=0.00 net=232.86 PF=0.00
2003,2026.09.15 04:30:00,2026.09.15 07:00:00,ENTRY,XAUUSD,M15,672,BUY,FULLTGT,DAY,0,4301.91,4288.92,4288.92,12.99,1.00,12.99,4314.90,4327.89,4340.88,4353.86,4366.85,0.09,0.09,0.09,4301.91,0.00,0.00,0.00,4294.85,4294.72,4297.45,4293.11,4294.01,-0.420,6.49,32.00,58.64,64.42,-0.42,-1.72,1.29,4293.43,4301.80,7550,4572,100.0,0.0,10,1,CROSS=EMA9>EMA21;TREND=1;STRUCT=1;VOL=1;COOL=1;EMA50=1;VWAP=1;BIAS=1,0.00,0.00,25477.85,25476.95,KZ=ASIA; KZR=NY L @ 4290.05 64 bars ago (low taken); DAY 12AM-4PM IST session: stop x1.00 of usual; no partials; full size to TP5; SL steps BE->TP1->TP2->TP3
2004,2026.09.15 05:39:42,2026.09.15 08:09:42,SL_MOVE,XAUUSD,M15,672,BUY,FULLTGT,DAY,0,4301.91,4288.92,4301.91,12.99,1.00,12.99,4314.90,4327.89,4340.88,4353.86,4366.85,0.09,0.00,0.09,4301.91,1.00,0.00,0.00,4301.52,4298.16,4298.62,4299.38,4296.97,-0.069,6.57,25.10,65.01,72.13,2.33,-0.43,2.75,4296.68,4310.07,4836,4845,85.7,0.0,7,1,CROSS=EMA9>EMA21;TREND=1;STRUCT=1;VOL=1;COOL=1;EMA50=1;VWAP=1;BIAS=1,0.99,-0.59,25477.85,25595.03,stop to breakeven
2005,2026.09.15 05:39:42,2026.09.15 08:09:42,TP1_REACHED,XAUUSD,M15,672,BUY,FULLTGT,DAY,0,4301.91,4288.92,4301.91,12.99,1.00,12.99,4314.90,4327.89,4340.88,4353.86,4366.85,0.09,0.00,0.09,4314.90,1.00,1.00,0.00,4301.52,4298.16,4298.62,4299.38,4296.97,-0.069,6.57,25.10,65.01,72.13,2.33,-0.43,2.75,4296.68,4310.07,4836,4845,85.7,0.0,7,1,CROSS=EMA9>EMA21;TREND=1;STRUCT=1;VOL=1;COOL=1;EMA50=1;VWAP=1;BIAS=1,0.99,-0.59,25477.85,25595.03,full target: no partial booked
2006,2026.09.15 07:36:24,2026.09.15 10:06:24,EXIT_BE,XAUUSD,M15,672,BUY,FULLTGT,DAY,0,4301.91,4288.92,4301.91,12.99,1.00,12.99,4314.90,4327.89,4340.88,4353.86,4366.85,0.09,0.09,0.00,4301.91,0.00,0.00,-0.64,4306.34,4303.50,4301.34,4307.02,4303.49,0.321,6.73,24.23,51.51,42.67,3.08,3.57,-0.49,4300.80,4303.64,3726,5769,42.9,28.6,12,1,CROSS=EMA9>EMA21;TREND=1;STRUCT=1;VOL=1;COOL=1;EMA50=1;VWAP=1;BIAS=1,1.19,-0.59,25477.53,25477.53,stopped at breakeven
2007,2026.09.15 08:45:00,2026.09.15 11:15:00,ENTRY,XAUUSD,M15,674,SELL,FULLTGT,DAY,0,4296.31,4310.65,4310.65,14.34,1.00,14.34,4281.97,4267.63,4253.29,4238.95,4224.61,0.08,0.08,0.08,4296.31,0.00,0.00,0.00,4302.01,4302.37,4301.24,4303.44,4302.98,0.158,7.17,30.35,42.17,36.04,0.60,2.64,-2.04,4300.65,4296.29,9820,5978,0.0,100.0,7,1,CROSS=EMA9<EMA21;TREND=1;STRUCT=1;VOL=1;COOL=1;EMA50=1;VWAP=1;BIAS=1,0.00,0.00,25477.25,25476.69,KZ=LONDON; KZR=NY L @ 4290.05 81 bars ago (low taken); DAY 12AM-4PM IST session: stop x1.00 of usual; no partials; full size to TP5; SL steps BE->TP1->TP2->TP3
2008,2026.09.15 10:42:20,2026.09.15 13:12:20,SL_MOVE,XAUUSD,M15,674,SELL,FULLTGT,DAY,0,4296.31,4310.65,4296.31,14.34,1.00,14.34,4281.97,4267.63,4253.29,4238.95,4224.61,0.08,0.00,0.08,4296.31,1.00,0.00,0.00,4293.15,4296.71,4298.67,4293.44,4297.18,-0.306,6.42,38.96,42.72,36.98,-2.85,-1.33,-1.52,4298.27,4292.02,7209,5906,14.3,85.7,11,1,CROSS=EMA9<EMA21;TREND=1;STRUCT=1;VOL=1;COOL=1;EMA50=1;VWAP=1;BIAS=1,1.00,-0.26,25477.25,25591.97,stop to breakeven
2009,2026.09.15 10:42:20,2026.09.15 13:12:20,TP1_REACHED,XAUUSD,M15,674,SELL,FULLTGT,DAY,0,4296.31,4310.65,4296.31,14.34,1.00,14.34,4281.97,4267.63,4253.29,4238.95,4224.61,0.08,0.00,0.08,4281.97,1.00,1.00,0.00,4293.15,4296.71,4298.67,4293.44,4297.18,-0.306,6.42,38.96,42.72,36.98,-2.85,-1.33,-1.52,4298.27,4292.02,7209,5906,14.3,85.7,11,1,CROSS=EMA9<EMA21;TREND=1;STRUCT=1;VOL=1;COOL=1;EMA50=1;VWAP=1;BIAS=1,1.00,-0.26,25477.25,25591.97,full target: no partial booked
2010,2026.09.15 11:04:56,2026.09.15 13:34:56,SL_MOVE,XAUUSD,M15,674,SELL,FULLTGT,DAY,0,4296.31,4310.65,4281.97,14.34,1.00,14.34,4281.97,4267.63,4253.29,4238.95,4224.61,0.08,0.00,0.08,4281.97,2.00,0.00,0.00,4289.16,4294.18,4297.40,4291.30,4295.54,-0.462,6.96,41.34,32.41,35.05,-4.20,-2.39,-1.81,4297.09,4280.60,10576,6120,0.0,100.0,9,1,CROSS=EMA9<EMA21;TREND=1;STRUCT=1;VOL=1;COOL=1;EMA50=1;VWAP=1;BIAS=1,2.00,-0.26,25477.25,25709.89,stop trailed to TP1
2011,2026.09.15 11:04:56,2026.09.15 13:34:56,TP2_REACHED,XAUUSD,M15,674,SELL,FULLTGT,DAY,0,4296.31,4310.65,4281.97,14.34,1.00,14.34,4281.97,4267.63,4253.29,4238.95,4224.61,0.08,0.00,0.08,4267.63,2.00,2.00,0.00,4289.16,4294.18,4297.40,4291.30,4295.54,-0.462,6.96,41.34,32.41,35.05,-4.20,-2.39,-1.81,4297.09,4280.60,10576,6120,0.0,100.0,9,1,CROSS=EMA9<EMA21;TREND=1;STRUCT=1;VOL=1;COOL=1;EMA50=1;VWAP=1;BIAS=1,2.00,-0.26,25477.25,25709.89,full target: no partial booked
2012,2026.09.15 13:52:44,2026.09.15 16:22:44,EXIT_TRAIL_SL,XAUUSD,M15,674,SELL,FULLTGT,EVENING,0,4296.31,4310.65,4281.97,14.34,1.00,14.34,4281.97,4267.63,4253.29,4238.95,4224.61,0.08,0.08,0.00,4282.07,0.00,0.99,113.36,4272.79,4278.61,4287.57,4272.25,4278.98,-1.115,8.03,35.99,42.83,59.19,-6.81,-8.19,1.38,4290.03,4274.95,5234,7511,42.9,42.9,49,1,CROSS=EMA9<EMA21;TREND=1;STRUCT=1;VOL=1;COOL=1;EMA50=1;VWAP=1;BIAS=1,2.44,-0.26,25590.89,25590.89,stopped at a trailed level
2013,2026.09.15 16:00:00,2026.09.15 18:30:00,ENTRY,XAUUSD,M15,676,BUY,FULLTGT,EVENING,0,4290.47,4274.36,4274.36,16.11,1.00,16.11,4306.58,4322.69,4338.80,4354.90,4371.01,0.07,0.07,0.07,4290.47,0.00,0.00,0.00,4281.86,4281.07,4286.12,4279.72,4280.14,-0.627,8.05,29.72,59.27,61.82,-0.77,-2.90,2.13,4288.78,4290.40,16132,7280,100.0,0.0,5,1,CROSS=EMA9>EMA21;TREND=1;STRUCT=1;VOL=1;COOL=1;EMA50=1;VWAP=1;BIAS=1,0.00,0.00,25590.64,25590.29,KZ=NY; KZR=Asia L @ 4283.31 21 bars ago (low taken); EVENING 4PM-12AM IST session: stop x1.00 of usual; no partials; full size to TP5; SL steps BE->TP1->TP2->TP3
2014,2026.09.15 17:51:05,2026.09.15 20:21:05,EXIT_SL,XAUUSD,M15,676,BUY,FULLTGT,EVENING,0,4290.47,4274.36,4274.36,16.11,1.00,16.11,4306.58,4322.69,4338.80,4354.90,4371.01,0.07,0.07,0.00,4274.30,0.00,-1.00,-113.69,4285.75,4284.23,4286.54,4287.63,4284.83,-0.283,8.15,27.44,43.92,37.52,1.00,0.52,0.48,4288.85,4278.25,16102,9534,28.6,71.4,10,1,CROSS=EMA9>EMA21;TREND=1;STRUCT=1;VOL=1;COOL=1;EMA50=1;VWAP=1;BIAS=1,0.62,-0.99,25477.20,25477.20,stopped at the initial SL (x1.00 of usual)
2015,2026.09.16 01:02:01,2026.09.16 03:32:01,DAY_SUMMARY,XAUUSD,M15,676,FLAT,NA,DAY,0,0.00,0.00,0.00,0.00,1.00,0.00,0.00,0.00,0.00,0.00,0.00,0.00,0.00,0.00,0.00,0.00,-0.01,-0.97,4296.35,4295.48,4292.42,4296.96,4295.64,0.504,6.08,33.34,49.12,41.04,1.86,3.76,-1.90,4290.17,4293.89,1660,6047,28.6,57.1,9,1,CROSS=EMA9>EMA21;TREND=1;STRUCT=1;VOL=1;COOL=1;EMA50=1;VWAP=1;BIAS=1,0.00,0.00,25477.20,25477.20,2026.09.15 trades=3 W=1 L=2 gross_profit=113.36 gross_loss=114.33 net=-0.97 PF=0.99
2016,2026.09.16 02:00:00,2026.09.16 04:30:00,ENTRY,XAUUSD,M15,678,SELL,FULLTGT,DAY,0,4288.97,4300.01,4300.01,11.04,1.00,11.04,4277.93,4266.90,4255.86,4244.83,4233.79,0.11,0.11,0.11,4288.97,0.00,0.00,0.00,4294.60,4294.91,4292.62,4296.01,4295.51,0.415,5.52,24.52,43.40,34.69,0.65,2.15,-1.50,4294.74,4288.96,2146,5153,0.0,71.4,12,1,CROSS=EMA9<EMA21;TREND=1;STRUCT=1;VOL=1;COOL=1;EMA50=1;VWAP=1;BIAS=1,0.00,0.00,25476.81,25475.49,KZ=ASIA; KZR=Asia L @ 4283.31 61 bars ago (low taken); DAY 12AM-4PM IST session: stop x1.00 of usual; no partials; full size to TP5; SL steps BE->TP1->TP2->TP3
2017,2026.09.16 03:55:11,2026.09.16 06:25:11,SL_MOVE,XAUUSD,M15,678,SELL,FULLTGT,DAY,0,4288.97,4300.01,4288.97,11.04,1.00,11.04,4277.93,4266.90,4255.86,4244.83,4233.79,0.11,0.00,0.11,4288.97,1.00,0.00,0.00,4286.18,4289.64,4290.56,4286.80,4290.24,-0.178,5.12,38.62,39.35,32.96,-2.69,-1.08,-1.60,4287.22,4283.71,3596,3761,0.0,85.7,10,1,CROSS=EMA9<EMA21;TREND=1;STRUCT=1;VOL=1;COOL=1;EMA50=1;VWAP=1;BIAS=1,1.00,-0.05,25476.81,25599.68,stop to breakeven
2018,2026.09.16 03:55:11,2026.09.16 06:25:11,TP1_REACHED,XAUUSD,M15,678,SELL,FULLTGT,DAY,0,4288.97,4300.01,4288.97,11.04,1.00,11.04,4277.93,4266.90,4255.86,4244.83,4233.79,0.11,0.00,0.11,4277.93,1.00,1.00,0.00,4286.18,4289.64,4290.56,4286.80,4290.24,-0.178,5.12,38.62,39.35,32.96,-2.69,-1.08,-1.60,4287.22,4283.71,3596,3761,0.0,85.7,10,1,CROSS=EMA9<EMA21;TREND=1;STRUCT=1;VOL=1;COOL=1;EMA50=1;VWAP=1;BIAS=1,1.00,-0.05,25476.81,25599.68,full target: no partial booked
2019,2026.09.16 04:15:18,2026.09.16 06:45:18,EXIT_BE,XAUUSD,M15,678,SELL,FULLTGT,DAY,0,4288.97,4300.01,4288.97,11.04,1.00,11.04,4277.93,4266.90,4255.86,4244.83,4233.79,0.11,0.11,0.00,4289.01,0.00,-0.00,-1.22,4284.99,4288.42,4289.93,4284.44,4288.54,-0.275,5.52,40.05,47.66,55.54,-2.94,-1.99,-0.94,4285.60,4287.23,10658,3793,57.1,42.9,9,1,CROSS=EMA9<EMA21;TREND=1;STRUCT=1;VOL=1;COOL=1;EMA50=1;VWAP=1;BIAS=1,1.22,-0.05,25475.98,25475.98,stopped at breakeven
2020,2026.09.16 05:30:00,2026.09.16 08:00:00,ENTRY,XAUUSD,M15,680,BUY,FULLTGT,DAY,0,4299.13,4286.36,4286.36,12.77,1.00,12.77,4311.90,4324.67,4337.45,4350.22,4362.99,0.09,0.09,0.09,4299.13,0.00,0.00,0.00,4289.49,4289.41,4290.08,4287.09,4288.44,-0.106,6.39,26.04,59.13,67.99,-0.55,-2.25,1.70,4287.18,4299.07,5463,4041,100.0,0.0,5,1,CROSS=EMA9>EMA21;TREND=1;STRUCT=1;VOL=1;COOL=1;EMA50=1;VWAP=1;BIAS=1,0.00,0.00,25475.66,25475.21,KZ=ASIA; KZR=Asia L @ 4283.31 75 bars ago (low taken); DAY 12AM-4PM IST session: stop x1.00 of usual; no partials; full size to TP5; SL steps BE->TP1->TP2->TP3
2021,2026.09.16 05:35:37,2026.09.16 08:05:37,SL_MOVE,XAUUSD,M15,680,BUY,FULLTGT,DAY,0,4299.13,4286.36,4299.13,12.77,1.00,12.77,4311.90,4324.67,4337.45,4350.22,4362.99,0.09,0.00,0.09,4299.13,1.00,0.00,0.00,4289.49,4289.41,4290.08,4287.09,4288.44,-0.106,6.39,26.04,59.13,76.70,-0.55,-2.25,1.70,4287.18,4299.07,5463,4041,100.0,0.0,11,1,CROSS=EMA9>EMA21;TREND=1;STRUCT=1;VOL=1;COOL=1;EMA50=1;VWAP=1;BIAS=1,0.98,-0.03,25475.66,25592.75,stop to breakeven
2022,2026.09.16 05:35:37,2026.09.16 08:05:37,TP1_REACHED,XAUUSD,M15,680,BUY,FULLTGT,DAY,0,4299.13,4286.36,4299.13,12.77,1.00,12.77,4311.90,4324.67,4337.45,4350.22,4362.99,0.09,0.00,0.09,4311.90,1.00,1.00,0.00,4289.49,4289.41,4290.08,4287.09,4288.44,-0.106,6.39,26.04,59.13,76.70,-0.55,-2.25,1.70,4287.18,4299.07,5463,4041,100.0,0.0,11,1,CROSS=EMA9>EMA21;TREND=1;STRUCT=1;VOL=1;COOL=1;EMA50=1;VWAP=1;BIAS=1,0.98,-0.03,25475.66,25592.75,full target: no partial booked
2023,2026.09.16 06:01:40,2026.09.16 08:31:40,SL_MOVE,XAUUSD,M15,680,BUY,FULLTGT,DAY,0,4299.13,4286.36,4311.90,12.77,1.00,12.77,4311.90,4324.67,4337.45,4350.22,4362.99,0.09,0.00,0.09,4311.90,2.00,0.00,0.00,4299.38,4294.13,4292.12,4293.81,4291.38,0.270,7.47,29.25,71.93,82.91,3.48,-1.15,4.63,4293.12,4321.70,9266,5026,100.0,0.0,5,1,CROSS=EMA9>EMA21;TREND=1;STRUCT=1;VOL=1;COOL=1;EMA50=1;VWAP=1;BIAS=1,2.00,-0.03,25475.66,25705.97,stop trailed to TP1
2024,2026.09.16 06:01:40,2026.09.16 08:31:40,TP2_REACHED,XAUUSD,M15,680,BUY,FULLTGT,DAY,0,4299.13,4286.36,4311.90,12.77,1.00,12.77,4311.90,4324.67,4337.45,4350.22,4362.99,0.09,0.00,0.09,4324.67,2.00,2.00,0.00,4299.38,4294.13,4292.12,4293.81,4291.38,0.270,7.47,29.25,71.93,82.91,3.48,-1.15,4.63,4293.12,4321.70,9266,5026,100.0,0.0,5,1,CROSS=EMA9>EMA21;TREND=1;STRUCT=1;VOL=1;COOL=1;EMA50=1;VWAP=1;BIAS=1,2.00,-0.03,25475.66,25705.97,full target: no partial booked
2025,2026.09.16 06:14:01,2026.09.16 08:44:01,SL_MOVE,XAUUSD,M15,680,BUY,FULLTGT,DAY,0,4299.13,4286.36,4324.67,12.77,1.00,12.77,4311.90,4324.67,4337.45,4350.22,4362.99,0.09,0.00,0.09,4324.67,3.00,0.00,0.00,4299.38,4294.13,4292.12,4293.81,4291.38,0.270,7.47,29.25,71.93,83.09,3.48,-1.15,4.63,4293.12,4321.70,9266,5026,100.0,0.0,10,1,CROSS=EMA9>EMA21;TREND=1;STRUCT=1;VOL=1;COOL=1;EMA50=1;VWAP=1;BIAS=1,3.00,-0.03,25475.66,25821.89,stop trailed to TP2
2026,2026.09.16 06:14:01,2026.09.16 08:44:01,TP3_REACHED,XAUUSD,M15,680,BUY,FULLTGT,DAY,0,4299.13,4286.36,4324.67,12.77,1.00,12.77,4311.90,4324.67,4337.45,4350.22,4362.99,0.09,0.00,0.09,4337.45,3.00,3.00,0.00,4299.38,4294.13,4292.12,4293.81,4291.38,0.270,7.47,29.25,71.93,83.09,3.48,-1.15,4.63,4293.12,4321.70,9266,5026,100.0,0.0,10,1,CROSS=EMA9>EMA21;TREND=1;STRUCT=1;VOL=1;COOL=1;EMA50=1;VWAP=1;BIAS=1,3.00,-0.03,25475.66,25821.89,full target: no partial booked
2027,2026.09.16 06:49:08,2026.09.16 09:19:08,EXIT_TRAIL_SL,XAUUSD,M15,680,BUY,FULLTGT,DAY,0,4299.13,4286.36,4324.67,12.77,1.00,12.77,4311.90,4324.67,4337.45,4350.22,4362.99,0.09,0.09,0.00,4324.67,0.00,2.00,229.22,4315.00,4303.50,4296.63,4311.95,4301.13,0.815,8.44,34.80,67.92,67.59,9.21,2.46,6.75,4301.14,4327.20,6380,5977,85.7,14.3,11,1,CROSS=EMA9>EMA21;TREND=1;STRUCT=1;VOL=1;COOL=1;EMA50=1;VWAP=1;BIAS=1,3.29,-0.03,25705.20,25705.20,stopped at a trailed level
2028,2026.09.16 21:15:00,2026.09.16 23:45:00,SKIP,XAUUSD,M15,680,FLAT,NA,EVENING,0,0.00,0.00,0.00,0.00,1.00,0.00,0.00,0.00,0.00,0.00,0.00,0.00,0.00,0.00,0.00,0.00,0.00,0.00,4341.27,4343.72,4338.11,4348.96,4347.04,0.445,12.61,12.49,33.78,29.84,-0.72,2.23,-2.95,4331.12,4310.47,47456,11517,0.0,85.7,25,1,CROSS=EMA9>EMA21;TREND=1;STRUCT=1;VOL=1;COOL=1;EMA50=1;VWAP=1;BIAS=1,0.00,0.00,25705.20,25705.20,outside the killzone window
2029,2026.09.17 01:02:00,2026.09.17 03:32:00,DAY_SUMMARY,XAUUSD,M15,680,FLAT,NA,DAY,0,0.00,0.00,0.00,0.00,1.00,0.00,0.00,0.00,0.00,0.00,0.00,0.00,0.00,0.00,0.00,0.00,2.00,228.00,4271.89,4294.49,4313.70,4273.89,4297.54,-1.003,19.16,13.81,32.96,41.87,-22.11,-19.38,-2.73,4311.81,4263.91,2384,20288,0.0,71.4,5,1,CROSS=EMA9>EMA21;TREND=1;STRUCT=1;VOL=1;COOL=1;EMA50=1;VWAP=1;BIAS=1,0.00,0.00,25705.20,25705.20,2026.09.16 trades=2 W=1 L=1 gross_profit=229.22 gross_loss=1.22 net=228.00 PF=187.89
2030,2026.09.17 04:30:00,2026.09.17 07:00:00,SKIP,XAUUSD,M15,680,FLAT,NA,DAY,0,0.00,0.00,0.00,0.00,1.00,0.00,0.00,0.00,0.00,0.00,0.00,0.00,0.00,0.00,0.00,0.00,0.00,0.00,4287.91,4285.76,4299.16,4282.41,4283.35,-1.169,11.45,28.46,60.31,73.33,-2.70,-10.36,7.67,4282.44,4309.92,9727,8949,100.0,0.0,12,1,CROSS=EMA9>EMA21;TREND=1;STRUCT=1;VOL=1;COOL=1;EMA50=1;VWAP=1;BIAS=1,0.00,0.00,25705.20,25705.20,already positioned that way
2031,2026.09.17 22:15:00,2026.09.18 00:45:00,SKIP,XAUUSD,M15,680,FLAT,NA,DAY,0,0.00,0.00,0.00,0.00,1.00,0.00,0.00,0.00,0.00,0.00,0.00,0.00,0.00,0.00,0.00,0.00,0.00,0.00,4357.32,4357.51,4345.78,4357.95,4357.78,1.533,7.65,15.52,49.37,44.75,2.22,5.14,-2.92,4330.54,4354.80,6057,9184,14.3,57.1,5,1,CROSS=EMA9>EMA21;TREND=1;STRUCT=1;VOL=1;COOL=1;EMA50=1;VWAP=1;BIAS=1,0.00,0.00,25705.20,25705.20,outside the killzone window
