seq,time_server,time_ist,event,symbol,tf,trade_id,direction,exit_mode,ist_session,flip_from,entry_price,init_sl,cur_sl,sl_distance,sl_factor,tp_unit,tp1,tp2,tp3,tp4,tp5,lots_initial,lots_event,lots_remaining,event_price,r_target,r_realized,profit,ema9,ema21,ema50,ema9_prev,ema21_prev,ema21_50_gap_atr,atr,adx,rsi,rsi_m5,macd_main,macd_signal,macd_hist,vwap,close,volume,vol_avg,bull_pct,bear_pct,spread_pts,qfilter_on,qf_flags,mfe_r,mae_r,balance,equity,note
1,2025.01.03 09:10:00,2025.01.03 11:40:00,ENTRY,XAUUSD,M5,2,SELL,FULLTGT,DAY,0,2656.15,2659.24,2659.24,3.09,1.00,3.09,2653.06,2649.98,2646.89,2643.81,2640.72,0.40,0.40,0.40,2656.15,0.00,0.00,0.00,2659.68,2659.72,2657.21,2659.86,2659.81,1.624,1.54,30.87,35.90,35.90,-0.75,-0.75,0.00,2660.29,2656.17,474,466,14.3,85.7,9,1,CROSS=EMA9<EMA21;TREND=1;STRUCT=1;VOL=1;COOL=1;EMA50=1;VWAP=1;BIAS=1,0.00,0.00,24998.60,24995.00,KZ=LONDON; KZR=NY H @ 2655.84 178 bars ago (high taken); DAY 12AM-4PM IST session: stop x1.00 of usual; no partials; full size to TP5; SL steps BE->TP1->TP2->TP3
2,2025.01.03 09:22:30,2025.01.03 11:52:30,SL_MOVE,XAUUSD,M5,2,SELL,FULLTGT,DAY,0,2656.15,2659.24,2656.15,3.09,1.00,3.09,2653.06,2649.98,2646.89,2643.81,2640.72,0.40,0.00,0.40,2656.15,1.00,0.00,0.00,2659.29,2659.51,2657.17,2659.50,2659.63,1.583,1.48,32.97,32.49,32.49,-1.05,-0.75,-0.31,2660.14,2655.10,984,481,0.0,100.0,12,1,CROSS=EMA9<EMA21;TREND=1;STRUCT=1;VOL=1;COOL=1;EMA50=1;VWAP=1;BIAS=1,1.00,-0.37,24998.60,25123.40,stop to breakeven
3,2025.01.03 09:22:30,2025.01.03 11:52:30,TP1_REACHED,XAUUSD,M5,2,SELL,FULLTGT,DAY,0,2656.15,2659.24,2656.15,3.09,1.00,3.09,2653.06,2649.98,2646.89,2643.81,2640.72,0.40,0.00,0.40,2653.06,1.00,1.00,0.00,2659.29,2659.51,2657.17,2659.50,2659.63,1.583,1.48,32.97,32.49,32.49,-1.05,-0.75,-0.31,2660.14,2655.10,984,481,0.0,100.0,12,1,CROSS=EMA9<EMA21;TREND=1;STRUCT=1;VOL=1;COOL=1;EMA50=1;VWAP=1;BIAS=1,1.00,-0.37,24998.60,25123.40,full target: no partial booked
4,2025.01.03 09:53:13,2025.01.03 12:23:13,EXIT_BE,XAUUSD,M5,2,SELL,FULLTGT,DAY,0,2656.15,2659.24,2656.15,3.09,1.00,3.09,2653.06,2649.98,2646.89,2643.81,2640.72,0.40,0.40,0.00,2656.15,0.00,-0.00,-2.80,2657.85,2658.71,2656.92,2658.03,2658.82,1.152,1.55,30.87,37.65,37.65,-1.61,-1.37,-0.24,2659.67,2654.41,421,509,0.0,85.7,10,1,CROSS=EMA9<EMA21;TREND=1;STRUCT=1;VOL=1;COOL=1;EMA50=1;VWAP=1;BIAS=1,1.40,-0.37,24997.20,24997.20,stopped at breakeven
5,2025.01.06 01:00:00,2025.01.06 03:30:00,DAY_SUMMARY,XAUUSD,M5,2,FLAT,NA,DAY,0,0.00,0.00,0.00,0.00,1.00,0.00,0.00,0.00,0.00,0.00,0.00,0.00,0.00,0.00,0.00,0.00,0.00,-2.80,2639.56,2641.71,2645.46,2639.54,2641.75,-4.001,0.94,23.11,57.70,57.70,-0.20,-0.67,0.47,2651.22,2639.98,56,242,42.9,28.6,18,1,CROSS=EMA9<EMA21;TREND=1;STRUCT=1;VOL=1;COOL=1;EMA50=1;VWAP=1;BIAS=1,0.00,0.00,24997.20,24997.20,2025.01.03 trades=1 W=0 L=1 gross_profit=0.00 gross_loss=2.80 net=-2.80 PF=0.00
6,2025.01.06 01:00:00,2025.01.06 03:30:00,WEEK_SUMMARY,XAUUSD,M5,2,FLAT,NA,DAY,0,0.00,0.00,0.00,0.00,1.00,0.00,0.00,0.00,0.00,0.00,0.00,0.00,0.00,0.00,0.00,0.00,0.00,-2.80,2639.56,2641.71,2645.46,2639.54,2641.75,-4.001,0.94,23.11,57.70,57.70,-0.20,-0.67,0.47,2651.22,2639.98,56,242,42.9,28.6,18,1,CROSS=EMA9<EMA21;TREND=1;STRUCT=1;VOL=1;COOL=1;EMA50=1;VWAP=1;BIAS=1,0.00,0.00,24997.20,24997.20,days=1 trades=1 W=0 L=1 gross_profit=0.00 gross_loss=2.80 net=-2.80 PF=0.00 pips=0.0
7,2025.01.06 04:20:00,2025.01.06 06:50:00,ENTRY,XAUUSD,M5,4,BUY,FULLTGT,DAY,0,2643.72,2640.12,2640.12,3.60,1.00,3.60,2647.32,2650.92,2654.52,2658.11,2661.71,0.34,0.34,0.34,2643.72,0.00,0.00,0.00,2642.00,2641.97,2644.09,2641.93,2641.93,-1.180,1.80,23.01,55.61,55.61,0.53,0.77,-0.24,2642.56,2643.50,455,746,57.1,14.3,13,1,CROSS=EMA9>EMA21;TREND=1;STRUCT=1;VOL=1;COOL=1;EMA50=1;VWAP=1;BIAS=1,0.00,0.00,24996.01,24991.59,KZ=ASIA; KZR=NY H @ 2655.84 984 bars ago (high taken); DAY 12AM-4PM IST session: stop x1.00 of usual; no partials; full size to TP5; SL steps BE->TP1->TP2->TP3
8,2025.01.06 05:34:38,2025.01.06 08:04:38,EXIT_SL,XAUUSD,M5,4,BUY,FULLTGT,DAY,0,2643.72,2640.12,2640.12,3.60,1.00,3.60,2647.32,2650.92,2654.52,2658.11,2661.71,0.34,0.34,0.00,2640.11,0.00,-1.00,-125.12,2642.71,2642.41,2643.99,2642.73,2642.41,-1.168,1.36,20.08,45.50,45.50,0.03,0.46,-0.43,2642.81,2642.19,625,587,28.6,57.1,13,1,CROSS=EMA9>EMA21;TREND=1;STRUCT=1;VOL=1;COOL=1;EMA50=1;VWAP=1;BIAS=1,0.44,-1.00,24872.08,24872.08,stopped at the initial SL (x1.00 of usual)
9,2025.01.06 06:00:00,2025.01.06 08:30:00,ENTRY,XAUUSD,M5,6,SELL,FULLTGT,DAY,0,2640.20,2642.94,2642.94,2.74,1.00,2.74,2637.46,2634.72,2631.98,2629.24,2626.50,0.45,0.45,0.45,2640.20,0.00,0.00,0.00,2642.14,2642.15,2643.74,2642.24,2642.20,-1.165,1.37,37.66,39.46,39.46,-0.67,-0.24,-0.43,2642.64,2640.21,345,473,0.0,85.7,13,1,CROSS=EMA9<EMA21;TREND=1;STRUCT=1;VOL=1;COOL=1;EMA50=1;VWAP=1;BIAS=1,0.00,0.00,24870.50,24864.65,KZ=ASIA; KZR=NY H @ 2655.84 1004 bars ago (high taken); DAY 12AM-4PM IST session: stop x1.00 of usual; no partials; full size to TP5; SL steps BE->TP1->TP2->TP3
10,2025.01.06 06:13:40,2025.01.06 08:43:40,SL_MOVE,XAUUSD,M5,6,SELL,FULLTGT,DAY,0,2640.20,2642.94,2640.20,2.74,1.00,2.74,2637.46,2634.72,2631.98,2629.24,2626.50,0.45,0.00,0.45,2640.20,1.00,0.00,0.00,2641.98,2642.07,2643.66,2642.06,2642.11,-1.217,1.31,36.24,41.04,41.04,-0.71,-0.45,-0.26,2642.61,2640.44,211,459,0.0,85.7,11,1,CROSS=EMA9<EMA21;TREND=1;STRUCT=1;VOL=1;COOL=1;EMA50=1;VWAP=1;BIAS=1,0.99,-0.26,24870.50,24994.25,stop to breakeven
11,2025.01.06 06:13:40,2025.01.06 08:43:40,TP1_REACHED,XAUUSD,M5,6,SELL,FULLTGT,DAY,0,2640.20,2642.94,2640.20,2.74,1.00,2.74,2637.46,2634.72,2631.98,2629.24,2626.50,0.45,0.00,0.45,2637.46,1.00,1.00,0.00,2641.98,2642.07,2643.66,2642.06,2642.11,-1.217,1.31,36.24,41.04,41.04,-0.71,-0.45,-0.26,2642.61,2640.44,211,459,0.0,85.7,11,1,CROSS=EMA9<EMA21;TREND=1;STRUCT=1;VOL=1;COOL=1;EMA50=1;VWAP=1;BIAS=1,0.99,-0.26,24870.50,24994.25,full target: no partial booked
12,2025.01.06 06:52:41,2025.01.06 09:22:41,SL_MOVE,XAUUSD,M5,6,SELL,FULLTGT,DAY,0,2640.20,2642.94,2637.46,2.74,1.00,2.74,2637.46,2634.72,2631.98,2629.24,2626.50,0.45,0.00,0.45,2637.46,2.00,0.00,0.00,2640.37,2641.17,2643.04,2640.57,2641.29,-1.276,1.47,47.15,33.12,33.12,-1.58,-1.26,-0.32,2642.06,2636.54,418,419,0.0,85.7,13,1,CROSS=EMA9<EMA21;TREND=1;STRUCT=1;VOL=1;COOL=1;EMA50=1;VWAP=1;BIAS=1,1.98,-0.26,24870.50,25118.45,stop trailed to TP1
13,2025.01.06 06:52:41,2025.01.06 09:22:41,TP2_REACHED,XAUUSD,M5,6,SELL,FULLTGT,DAY,0,2640.20,2642.94,2637.46,2.74,1.00,2.74,2637.46,2634.72,2631.98,2629.24,2626.50,0.45,0.00,0.45,2634.72,2.00,2.00,0.00,2640.37,2641.17,2643.04,2640.57,2641.29,-1.276,1.47,47.15,33.12,33.12,-1.58,-1.26,-0.32,2642.06,2636.54,418,419,0.0,85.7,13,1,CROSS=EMA9<EMA21;TREND=1;STRUCT=1;VOL=1;COOL=1;EMA50=1;VWAP=1;BIAS=1,1.98,-0.26,24870.50,25118.45,full target: no partial booked
14,2025.01.06 07:47:04,2025.01.06 10:17:04,SL_MOVE,XAUUSD,M5,6,SELL,FULLTGT,DAY,0,2640.20,2642.94,2634.72,2.74,1.00,2.74,2637.46,2634.72,2631.98,2629.24,2626.50,0.45,0.00,0.45,2634.72,3.00,0.00,0.00,2637.86,2639.57,2641.95,2638.11,2639.74,-1.752,1.36,49.00,27.56,27.56,-1.91,-1.78,-0.13,2640.80,2633.00,898,508,14.3,85.7,12,1,CROSS=EMA9<EMA21;TREND=1;STRUCT=1;VOL=1;COOL=1;EMA50=1;VWAP=1;BIAS=1,2.99,-0.26,24870.50,25240.40,stop trailed to TP2
15,2025.01.06 07:47:04,2025.01.06 10:17:04,TP3_REACHED,XAUUSD,M5,6,SELL,FULLTGT,DAY,0,2640.20,2642.94,2634.72,2.74,1.00,2.74,2637.46,2634.72,2631.98,2629.24,2626.50,0.45,0.00,0.45,2631.98,3.00,3.00,0.00,2637.86,2639.57,2641.95,2638.11,2639.74,-1.752,1.36,49.00,27.56,27.56,-1.91,-1.78,-0.13,2640.80,2633.00,898,508,14.3,85.7,12,1,CROSS=EMA9<EMA21;TREND=1;STRUCT=1;VOL=1;COOL=1;EMA50=1;VWAP=1;BIAS=1,2.99,-0.26,24870.50,25240.40,full target: no partial booked
16,2025.01.06 08:00:45,2025.01.06 10:30:45,EXIT_TRAIL_SL,XAUUSD,M5,6,SELL,FULLTGT,DAY,0,2640.20,2642.94,2634.72,2.74,1.00,2.74,2637.46,2634.72,2631.98,2629.24,2626.50,0.45,0.45,0.00,2634.72,0.00,2.00,243.44,2637.26,2639.13,2641.64,2637.43,2639.26,-1.674,1.50,43.04,37.30,37.30,-1.73,-1.81,0.09,2640.48,2633.92,415,537,14.3,71.4,13,1,CROSS=EMA9<EMA21;TREND=1;STRUCT=1;VOL=1;COOL=1;EMA50=1;VWAP=1;BIAS=1,3.14,-0.26,25115.52,25115.52,stopped at a trailed level
17,2025.01.06 13:35:00,2025.01.06 16:05:00,SKIP,XAUUSD,M5,6,FLAT,NA,EVENING,0,0.00,0.00,0.00,0.00,1.00,0.00,0.00,0.00,0.00,0.00,0.00,0.00,0.00,0.00,0.00,0.00,0.00,0.00,2634.68,2634.43,2636.61,2634.02,2634.10,-0.921,2.36,37.55,85.05,85.05,2.95,1.14,1.81,2636.66,2647.65,1558,739,100.0,0.0,10,1,CROSS=EMA9<EMA21;TREND=1;STRUCT=1;VOL=1;COOL=1;EMA50=1;VWAP=1;BIAS=1,0.00,0.00,25115.52,25115.52,outside the killzone window
18,2025.01.06 16:15:00,2025.01.06 18:45:00,SKIP,XAUUSD,M5,6,FLAT,NA,EVENING,0,0.00,0.00,0.00,0.00,1.00,0.00,0.00,0.00,0.00,0.00,0.00,0.00,0.00,0.00,0.00,0.00,0.00,0.00,2636.51,2636.71,2637.51,2637.00,2636.95,-0.183,4.38,36.52,34.04,34.04,-4.32,-2.69,-1.63,2637.43,2626.99,1453,1364,0.0,100.0,11,1,CROSS=EMA9<EMA21;TREND=1;STRUCT=1;VOL=1;COOL=1;EMA50=1;VWAP=1;BIAS=1,0.00,0.00,25115.52,25115.52,already positioned that way
19,2025.01.06 18:50:00,2025.01.06 21:20:00,SKIP,XAUUSD,M5,6,FLAT,NA,EVENING,0,0.00,0.00,0.00,0.00,1.00,0.00,0.00,0.00,0.00,0.00,0.00,0.00,0.00,0.00,0.00,0.00,0.00,0.00,2635.40,2635.34,2636.28,2635.16,2635.22,-0.386,2.42,40.52,62.46,62.46,1.81,1.28,0.53,2635.96,2640.19,953,1287,85.7,0.0,10,1,CROSS=EMA9<EMA21;TREND=1;STRUCT=1;VOL=1;COOL=1;EMA50=1;VWAP=1;BIAS=1,0.00,0.00,25115.52,25115.52,outside the killzone window
20,2025.01.06 21:20:00,2025.01.06 23:50:00,SKIP,XAUUSD,M5,6,FLAT,NA,EVENING,0,0.00,0.00,0.00,0.00,1.00,0.00,0.00,0.00,0.00,0.00,0.00,0.00,0.00,0.00,0.00,0.00,0.00,0.00,2635.78,2635.79,2636.30,2635.87,2635.83,-0.326,1.56,27.49,43.55,43.55,-0.62,-0.37,-0.25,2636.03,2634.12,626,671,0.0,85.7,12,1,CROSS=EMA9<EMA21;TREND=1;STRUCT=1;VOL=1;COOL=1;EMA50=1;VWAP=1;BIAS=1,0.00,0.00,25115.52,25115.52,outside the killzone window
21,2025.01.07 01:00:00,2025.01.07 03:30:00,DAY_SUMMARY,XAUUSD,M5,6,FLAT,NA,DAY,0,0.00,0.00,0.00,0.00,1.00,0.00,0.00,0.00,0.00,0.00,0.00,0.00,0.00,0.00,0.00,0.00,1.00,118.32,2635.47,2635.48,2635.92,2635.45,2635.47,-0.679,0.65,26.63,52.49,52.49,0.32,0.38,-0.05,2635.95,2635.77,139,282,42.9,42.9,18,1,CROSS=EMA9<EMA21;TREND=1;STRUCT=1;VOL=1;COOL=1;EMA50=1;VWAP=1;BIAS=1,0.00,0.00,25115.52,25115.52,2025.01.06 trades=2 W=1 L=1 gross_profit=243.44 gross_loss=125.12 net=118.32 PF=1.95
22,2025.01.07 01:05:00,2025.01.07 03:35:00,SKIP,XAUUSD,M5,6,FLAT,NA,DAY,0,0.00,0.00,0.00,0.00,1.00,0.00,0.00,0.00,0.00,0.00,0.00,0.00,0.00,0.00,0.00,0.00,0.00,0.00,2635.49,2635.49,2635.92,2635.47,2635.48,-0.667,0.64,23.91,54.02,54.02,0.30,0.39,-0.08,2635.92,2635.92,54,261,42.9,14.3,17,1,CROSS=EMA9<EMA21;TREND=1;STRUCT=1;VOL=1;COOL=1;EMA50=1;VWAP=1;BIAS=1,0.00,0.00,25115.52,25115.52,outside the killzone window
23,2025.01.07 01:25:00,2025.01.07 03:55:00,SKIP,XAUUSD,M5,6,FLAT,NA,DAY,0,0.00,0.00,0.00,0.00,1.00,0.00,0.00,0.00,0.00,0.00,0.00,0.00,0.00,0.00,0.00,0.00,0.00,0.00,2635.47,2635.48,2635.89,2635.49,2635.49,-0.800,0.51,27.77,44.20,44.20,0.10,0.29,-0.19,2635.55,2635.07,135,205,0.0,85.7,14,1,CROSS=EMA9<EMA21;TREND=1;STRUCT=1;VOL=1;COOL=1;EMA50=1;VWAP=1;BIAS=1,0.00,0.00,25115.52,25115.52,outside the killzone window
24,2025.01.07 03:30:00,2025.01.07 06:00:00,ENTRY,XAUUSD,M5,8,BUY,FULLTGT,DAY,0,2637.67,2634.76,2634.76,2.91,1.00,2.91,2640.58,2643.49,2646.40,2649.32,2652.23,0.43,0.43,0.43,2637.67,0.00,0.00,0.00,2635.31,2635.28,2635.64,2635.20,2635.22,-0.247,1.46,35.63,61.66,61.66,0.72,0.11,0.61,2635.67,2637.60,813,441,85.7,14.3,13,1,CROSS=EMA9>EMA21;TREND=1;STRUCT=1;VOL=1;COOL=1;EMA50=1;VWAP=1;BIAS=1,0.00,0.00,25114.01,25108.42,KZ=ASIA; KZR=Asia L @ 2623.84 140 bars ago (low taken); DAY 12AM-4PM IST session: stop x1.00 of usual; no partials; full size to TP5; SL steps BE->TP1->TP2->TP3
25,2025.01.07 03:50:15,2025.01.07 06:20:15,SL_MOVE,XAUUSD,M5,8,BUY,FULLTGT,DAY,0,2637.67,2634.76,2637.67,2.91,1.00,2.91,2640.58,2643.49,2646.40,2649.32,2652.23,0.43,0.00,0.43,2637.67,1.00,0.00,0.00,2635.97,2635.63,2635.80,2635.74,2635.51,-0.098,1.76,41.69,70.79,70.79,1.19,0.66,0.53,2636.31,2640.44,694,555,100.0,0.0,13,1,CROSS=EMA9>EMA21;TREND=1;STRUCT=1;VOL=1;COOL=1;EMA50=1;VWAP=1;BIAS=1,1.00,-0.44,25114.01,25240.43,stop to breakeven
26,2025.01.07 03:50:15,2025.01.07 06:20:15,TP1_REACHED,XAUUSD,M5,8,BUY,FULLTGT,DAY,0,2637.67,2634.76,2637.67,2.91,1.00,2.91,2640.58,2643.49,2646.40,2649.32,2652.23,0.43,0.00,0.43,2640.58,1.00,1.00,0.00,2635.97,2635.63,2635.80,2635.74,2635.51,-0.098,1.76,41.69,70.79,70.79,1.19,0.66,0.53,2636.31,2640.44,694,555,100.0,0.0,13,1,CROSS=EMA9>EMA21;TREND=1;STRUCT=1;VOL=1;COOL=1;EMA50=1;VWAP=1;BIAS=1,1.00,-0.44,25114.01,25240.43,full target: no partial booked
27,2025.01.07 04:16:04,2025.01.07 06:46:04,EXIT_BE,XAUUSD,M5,8,BUY,FULLTGT,DAY,0,2637.67,2634.76,2637.67,2.91,1.00,2.91,2640.58,2643.49,2646.40,2649.32,2652.23,0.43,0.43,0.00,2637.64,0.00,-0.01,-4.31,2636.64,2636.02,2636.00,2636.56,2635.97,0.017,1.69,33.14,55.14,55.14,1.10,1.12,-0.02,2636.85,2638.08,557,644,71.4,14.3,13,1,CROSS=EMA9>EMA21;TREND=1;STRUCT=1;VOL=1;COOL=1;EMA50=1;VWAP=1;BIAS=1,1.20,-0.44,25111.21,25111.21,stopped at breakeven
28,2025.01.07 21:20:00,2025.01.07 23:50:00,SKIP,XAUUSD,M5,8,FLAT,NA,EVENING,0,0.00,0.00,0.00,0.00,1.00,0.00,0.00,0.00,0.00,0.00,0.00,0.00,0.00,0.00,0.00,0.00,0.00,0.00,2650.82,2650.82,2648.59,2650.95,2650.89,1.527,1.47,25.94,40.39,40.39,-0.94,-0.93,-0.01,2648.01,2648.31,705,844,14.3,71.4,8,1,CROSS=EMA9>EMA21;TREND=1;STRUCT=1;VOL=1;COOL=1;EMA50=1;VWAP=1;BIAS=1,0.00,0.00,25111.21,25111.21,outside the killzone window
29,2025.01.08 01:00:00,2025.01.08 03:30:00,DAY_SUMMARY,XAUUSD,M5,8,FLAT,NA,DAY,0,0.00,0.00,0.00,0.00,1.00,0.00,0.00,0.00,0.00,0.00,0.00,0.00,0.00,0.00,0.00,0.00,-0.01,-4.31,2649.53,2649.90,2648.76,2649.59,2649.93,1.399,0.82,30.83,42.42,42.42,-0.08,0.10,-0.17,2648.06,2648.42,106,323,14.3,71.4,12,1,CROSS=EMA9>EMA21;TREND=1;STRUCT=1;VOL=1;COOL=1;EMA50=1;VWAP=1;BIAS=1,0.00,0.00,25111.21,25111.21,2025.01.07 trades=1 W=0 L=1 gross_profit=0.00 gross_loss=4.31 net=-4.31 PF=0.00
30,2025.01.08 03:00:00,2025.01.08 05:30:00,SKIP,XAUUSD,M5,8,FLAT,NA,DAY,0,0.00,0.00,0.00,0.00,1.00,0.00,0.00,0.00,0.00,0.00,0.00,0.00,0.00,0.00,0.00,0.00,0.00,0.00,2649.95,2649.94,2649.06,2649.91,2649.92,1.023,0.86,22.73,55.28,55.28,0.44,0.38,0.06,2650.00,2650.56,330,198,71.4,14.3,13,1,CROSS=EMA9>EMA21;TREND=1;STRUCT=1;VOL=1;COOL=1;EMA50=1;VWAP=1;BIAS=1,0.00,0.00,25111.21,25111.21,already positioned that way
31,2025.01.08 03:05:00,2025.01.08 05:35:00,ENTRY,XAUUSD,M5,10,SELL,FULLTGT,DAY,0,2648.80,2650.73,2650.73,1.93,1.00,1.93,2646.87,2644.94,2643.01,2641.08,2639.15,0.65,0.65,0.65,2648.80,0.00,0.00,0.00,2649.89,2649.91,2649.06,2649.95,2649.94,0.887,0.97,23.14,39.61,39.61,0.27,0.39,-0.12,2649.88,2648.80,1051,247,0.0,85.7,13,1,CROSS=EMA9<EMA21;TREND=1;STRUCT=1;VOL=1;COOL=1;EMA50=1;VWAP=1;BIAS=1,0.00,0.00,25108.93,25100.48,KZ=ASIA; KZR=NY H @ 2656.39 141 bars ago (high taken); DAY 12AM-4PM IST session: stop x1.00 of usual; no partials; full size to TP5; SL steps BE->TP1->TP2->TP3
32,2025.01.08 04:30:26,2025.01.08 07:00:26,SL_MOVE,XAUUSD,M5,10,SELL,FULLTGT,DAY,0,2648.80,2650.73,2648.80,1.93,1.00,1.93,2646.87,2644.94,2643.01,2641.08,2639.15,0.65,0.00,0.65,2648.80,1.00,0.00,0.00,2648.91,2649.32,2648.90,2648.98,2649.37,0.387,1.10,31.20,39.31,39.31,-0.50,-0.44,-0.06,2648.97,2647.43,240,563,0.0,85.7,8,1,CROSS=EMA9<EMA21;TREND=1;STRUCT=1;VOL=1;COOL=1;EMA50=1;VWAP=1;BIAS=1,0.99,-0.59,25108.93,25234.38,stop to breakeven
33,2025.01.08 04:30:26,2025.01.08 07:00:26,TP1_REACHED,XAUUSD,M5,10,SELL,FULLTGT,DAY,0,2648.80,2650.73,2648.80,1.93,1.00,1.93,2646.87,2644.94,2643.01,2641.08,2639.15,0.65,0.00,0.65,2646.87,1.00,1.00,0.00,2648.91,2649.32,2648.90,2648.98,2649.37,0.387,1.10,31.20,39.31,39.31,-0.50,-0.44,-0.06,2648.97,2647.43,240,563,0.0,85.7,8,1,CROSS=EMA9<EMA21;TREND=1;STRUCT=1;VOL=1;COOL=1;EMA50=1;VWAP=1;BIAS=1,0.99,-0.59,25108.93,25234.38,full target: no partial booked
34,2025.01.08 04:45:37,2025.01.08 07:15:37,EXIT_BE,XAUUSD,M5,10,SELL,FULLTGT,DAY,0,2648.80,2650.73,2648.80,1.93,1.00,1.93,2646.87,2644.94,2643.01,2641.08,2639.15,0.65,0.65,0.00,2648.81,0.00,-0.01,-5.21,2648.67,2649.17,2648.83,2648.68,2649.19,0.274,1.22,39.81,50.67,50.67,-0.54,-0.50,-0.04,2648.77,2648.48,488,565,28.6,57.1,9,1,CROSS=EMA9<EMA21;TREND=1;STRUCT=1;VOL=1;COOL=1;EMA50=1;VWAP=1;BIAS=1,1.47,-0.59,25106.00,25106.00,stopped at breakeven
35,2025.01.08 08:20:00,2025.01.08 10:50:00,SKIP,XAUUSD,M5,10,FLAT,NA,DAY,0,0.00,0.00,0.00,0.00,1.00,0.00,0.00,0.00,0.00,0.00,0.00,0.00,0.00,0.00,0.00,0.00,0.00,0.00,2648.62,2648.60,2648.56,2648.45,2648.52,0.036,1.16,34.52,73.37,73.37,0.88,0.62,0.26,2648.62,2651.84,455,435,100.0,0.0,10,1,CROSS=EMA9<EMA21;TREND=1;STRUCT=1;VOL=1;COOL=1;EMA50=1;VWAP=1;BIAS=1,0.00,0.00,25106.00,25106.00,outside the killzone window
36,2025.01.08 14:25:00,2025.01.08 16:55:00,SKIP,XAUUSD,M5,10,FLAT,NA,EVENING,0,0.00,0.00,0.00,0.00,1.00,0.00,0.00,0.00,0.00,0.00,0.00,0.00,0.00,0.00,0.00,0.00,0.00,0.00,2651.14,2651.22,2650.59,2651.37,2651.34,0.393,1.61,37.60,30.07,30.07,-1.17,-0.94,-0.23,2650.45,2646.62,993,733,0.0,100.0,11,1,CROSS=EMA9<EMA21;TREND=1;STRUCT=1;VOL=1;COOL=1;EMA50=1;VWAP=1;BIAS=1,0.00,0.00,25106.00,25106.00,already positioned that way
37,2025.01.08 15:10:00,2025.01.08 17:40:00,ENTRY,XAUUSD,M5,12,BUY,FULLTGT,EVENING,0,2657.32,2653.27,2653.27,4.05,1.00,4.05,2661.37,2665.42,2669.47,2673.53,2677.58,0.30,0.30,0.30,2657.32,0.00,0.00,0.00,2651.53,2651.38,2650.73,2651.23,2651.24,0.323,2.03,33.39,70.17,70.17,0.72,-0.47,1.19,2650.62,2657.28,1270,909,100.0,0.0,3,1,CROSS=EMA9>EMA21;TREND=1;STRUCT=1;VOL=1;COOL=1;EMA50=1;VWAP=1;BIAS=1,0.00,0.00,25104.95,25104.05,KZ=NY; KZR=NY H @ 2656.39 286 bars ago (high taken); EVENING 4PM-12AM IST session: stop x1.00 of usual; no partials; full size to TP5; SL steps BE->TP1->TP2->TP3
38,2025.01.08 15:29:37,2025.01.08 17:59:37,EXIT_SL,XAUUSD,M5,12,BUY,FULLTGT,EVENING,0,2657.32,2653.27,2653.27,4.05,1.00,4.05,2661.37,2665.42,2669.47,2673.53,2677.58,0.30,0.30,0.00,2653.25,0.00,-1.00,-124.20,2652.26,2651.77,2650.95,2651.92,2651.59,0.337,2.44,40.96,69.49,69.49,1.48,0.29,1.19,2650.87,2658.94,1460,925,100.0,0.0,4,1,CROSS=EMA9>EMA21;TREND=1;STRUCT=1;VOL=1;COOL=1;EMA50=1;VWAP=1;BIAS=1,0.50,-0.98,24981.80,24981.80,stopped at the initial SL (x1.00 of usual)
39,2025.01.08 21:05:00,2025.01.08 23:35:00,SKIP,XAUUSD,M5,12,FLAT,NA,EVENING,0,0.00,0.00,0.00,0.00,1.00,0.00,0.00,0.00,0.00,0.00,0.00,0.00,0.00,0.00,0.00,0.00,0.00,0.00,2658.82,2658.93,2656.81,2659.08,2659.06,0.927,2.29,23.01,38.99,38.99,-2.32,-2.34,0.02,2655.94,2653.80,699,948,14.3,57.1,13,1,CROSS=EMA9>EMA21;TREND=1;STRUCT=1;VOL=1;COOL=1;EMA50=1;VWAP=1;BIAS=1,0.00,0.00,24981.80,24981.80,outside the killzone window
40,2025.01.08 22:45:00,2025.01.09 01:15:00,SKIP,XAUUSD,M5,12,FLAT,NA,DAY,0,0.00,0.00,0.00,0.00,1.00,0.00,0.00,0.00,0.00,0.00,0.00,0.00,0.00,0.00,0.00,0.00,0.00,0.00,2658.97,2658.95,2657.28,2658.90,2658.91,1.436,1.16,24.79,57.44,57.44,0.46,0.21,0.25,2656.17,2660.46,396,734,71.4,0.0,10,1,CROSS=EMA9>EMA21;TREND=1;STRUCT=1;VOL=1;COOL=1;EMA50=1;VWAP=1;BIAS=1,0.00,0.00,24981.80,24981.80,outside the killzone window
41,2025.01.09 01:00:00,2025.01.09 03:30:00,DAY_SUMMARY,XAUUSD,M5,12,FLAT,NA,DAY,0,0.00,0.00,0.00,0.00,1.00,0.00,0.00,0.00,0.00,0.00,0.00,0.00,0.00,0.00,0.00,0.00,-1.01,-129.41,2660.82,2660.07,2658.19,2660.79,2660.03,1.491,1.26,27.30,51.31,51.31,0.67,1.08,-0.40,2656.33,2661.44,187,359,71.4,14.3,11,1,CROSS=EMA9>EMA21;TREND=1;STRUCT=1;VOL=1;COOL=1;EMA50=1;VWAP=1;BIAS=1,0.00,0.00,24981.80,24981.80,2025.01.08 trades=2 W=0 L=2 gross_profit=0.00 gross_loss=129.41 net=-129.41 PF=0.00
42,2025.01.09 03:45:00,2025.01.09 06:15:00,ENTRY,XAUUSD,M5,14,SELL,FULLTGT,DAY,0,2659.05,2661.58,2661.58,2.53,1.00,2.53,2656.52,2654.00,2651.47,2648.95,2646.42,0.49,0.49,0.49,2659.05,0.00,0.00,0.00,2660.28,2660.29,2659.01,2660.34,2660.32,1.013,1.26,30.04,43.17,43.17,-0.70,-0.69,-0.02,2660.02,2659.06,424,413,0.0,100.0,8,1,CROSS=EMA9<EMA21;TREND=1;STRUCT=1;VOL=1;COOL=1;EMA50=1;VWAP=1;BIAS=1,0.00,0.00,24980.08,24976.16,KZ=ASIA; KZR=NY H @ 2667.84 108 bars ago (high taken); DAY 12AM-4PM IST session: stop x1.00 of usual; no partials; full size to TP5; SL steps BE->TP1->TP2->TP3
43,2025.01.09 04:38:42,2025.01.09 07:08:42,SL_MOVE,XAUUSD,M5,14,SELL,FULLTGT,DAY,0,2659.05,2661.58,2659.05,2.53,1.00,2.53,2656.52,2654.00,2651.47,2648.95,2646.42,0.49,0.00,0.49,2659.05,1.00,0.00,0.00,2659.42,2659.82,2658.91,2659.54,2659.89,0.701,1.29,36.26,33.74,33.74,-0.85,-0.66,-0.19,2659.52,2657.07,588,531,14.3,85.7,8,1,CROSS=EMA9<EMA21;TREND=1;STRUCT=1;VOL=1;COOL=1;EMA50=1;VWAP=1;BIAS=1,0.99,-0.88,24980.08,25104.54,stop to breakeven
44,2025.01.09 04:38:42,2025.01.09 07:08:42,TP1_REACHED,XAUUSD,M5,14,SELL,FULLTGT,DAY,0,2659.05,2661.58,2659.05,2.53,1.00,2.53,2656.52,2654.00,2651.47,2648.95,2646.42,0.49,0.00,0.49,2656.52,1.00,1.00,0.00,2659.42,2659.82,2658.91,2659.54,2659.89,0.701,1.29,36.26,33.74,33.74,-0.85,-0.66,-0.19,2659.52,2657.07,588,531,14.3,85.7,8,1,CROSS=EMA9<EMA21;TREND=1;STRUCT=1;VOL=1;COOL=1;EMA50=1;VWAP=1;BIAS=1,0.99,-0.88,24980.08,25104.54,full target: no partial booked
45,2025.01.09 05:00:37,2025.01.09 07:30:37,EXIT_BE,XAUUSD,M5,14,SELL,FULLTGT,DAY,0,2659.05,2661.58,2659.05,2.53,1.00,2.53,2656.52,2654.00,2651.47,2648.95,2646.42,0.49,0.49,0.00,2659.05,0.00,-0.00,-3.44,2659.08,2659.59,2658.85,2659.09,2659.61,0.632,1.17,30.06,51.89,51.89,-0.58,-0.76,0.17,2659.28,2658.88,539,489,57.1,42.9,9,1,CROSS=EMA9<EMA21;TREND=1;STRUCT=1;VOL=1;COOL=1;EMA50=1;VWAP=1;BIAS=1,1.04,-0.88,24978.36,24978.36,stopped at breakeven
46,2025.01.09 08:45:00,2025.01.09 11:15:00,SKIP,XAUUSD,M5,14,FLAT,NA,DAY,0,0.00,0.00,0.00,0.00,1.00,0.00,0.00,0.00,0.00,0.00,0.00,0.00,0.00,0.00,0.00,0.00,0.00,0.00,2659.66,2659.54,2659.11,2659.43,2659.43,0.349,1.25,32.79,75.53,75.53,0.95,0.30,0.64,2659.41,2664.12,553,436,100.0,0.0,10,1,CROSS=EMA9<EMA21;TREND=1;STRUCT=1;VOL=1;COOL=1;EMA50=1;VWAP=1;BIAS=1,0.00,0.00,24978.36,24978.36,outside the killzone window
47,2025.01.09 19:30:00,2025.01.09 22:00:00,SKIP,XAUUSD,M5,14,FLAT,NA,EVENING,0,0.00,0.00,0.00,0.00,1.00,0.00,0.00,0.00,0.00,0.00,0.00,0.00,0.00,0.00,0.00,0.00,0.00,0.00,2669.53,2669.63,2667.62,2669.77,2669.75,1.045,1.93,31.68,34.72,34.72,-1.66,-1.32,-0.33,2666.64,2664.98,722,673,0.0,100.0,8,1,CROSS=EMA9<EMA21;TREND=1;STRUCT=1;VOL=1;COOL=1;EMA50=1;VWAP=1;BIAS=1,0.00,0.00,24978.36,24978.36,outside the killzone window
48,2025.01.09 21:35:00,2025.01.10 00:05:00,SKIP,XAUUSD,M5,14,FLAT,NA,DAY,0,0.00,0.00,0.00,0.00,1.00,0.00,0.00,0.00,0.00,0.00,0.00,0.00,0.00,0.00,0.00,0.00,0.00,0.00,2669.33,2669.32,2667.93,2669.28,2669.29,0.926,1.49,32.56,54.88,54.88,0.52,0.63,-0.12,2666.80,2670.33,396,500,71.4,14.3,9,1,CROSS=EMA9<EMA21;TREND=1;STRUCT=1;VOL=1;COOL=1;EMA50=1;VWAP=1;BIAS=1,0.00,0.00,24978.36,24978.36,outside the killzone window
49,2025.01.10 01:00:00,2025.01.10 03:30:00,DAY_SUMMARY,XAUUSD,M5,14,FLAT,NA,DAY,0,0.00,0.00,0.00,0.00,1.00,0.00,0.00,0.00,0.00,0.00,0.00,0.00,0.00,0.00,0.00,0.00,0.00,-3.44,2669.76,2669.62,2668.54,2669.73,2669.60,1.850,0.59,18.55,56.24,56.24,0.13,-0.00,0.14,2666.97,2670.34,151,173,71.4,0.0,12,1,CROSS=EMA9<EMA21;TREND=1;STRUCT=1;VOL=1;COOL=1;EMA50=1;VWAP=1;BIAS=1,0.00,0.00,24978.36,24978.36,2025.01.09 trades=1 W=0 L=1 gross_profit=0.00 gross_loss=3.44 net=-3.44 PF=0.00
50,2025.01.13 01:00:00,2025.01.13 03:30:00,WEEK_SUMMARY,XAUUSD,M5,14,FLAT,NA,DAY,0,0.00,0.00,0.00,0.00,1.00,0.00,0.00,0.00,0.00,0.00,0.00,0.00,0.00,0.00,0.00,0.00,-0.02,-18.84,2689.70,2688.92,2686.03,2689.74,2688.92,2.207,1.31,25.98,44.81,44.81,0.14,0.60,-0.45,2683.40,2688.96,59,476,28.6,57.1,13,1,CROSS=EMA9<EMA21;TREND=1;STRUCT=1;VOL=1;COOL=1;EMA50=1;VWAP=1;BIAS=1,0.00,0.00,24978.36,24978.36,days=4 trades=6 W=1 L=5 gross_profit=243.44 gross_loss=262.28 net=-18.84 PF=0.93 pips=-224.0
51,2025.01.13 03:20:00,2025.01.13 05:50:00,SKIP,XAUUSD,M5,14,FLAT,NA,DAY,0,0.00,0.00,0.00,0.00,1.00,0.00,0.00,0.00,0.00,0.00,0.00,0.00,0.00,0.00,0.00,0.00,0.00,0.00,2688.90,2688.95,2686.94,2689.26,2689.13,1.086,1.85,29.37,25.12,25.12,-1.56,-0.40,-1.16,2687.61,2681.94,1750,561,14.3,85.7,13,1,CROSS=EMA9<EMA21;TREND=1;STRUCT=1;VOL=1;COOL=1;EMA50=1;VWAP=1;BIAS=1,0.00,0.00,24978.36,24978.36,already positioned that way
52,2025.01.13 08:50:00,2025.01.13 11:20:00,SKIP,XAUUSD,M5,14,FLAT,NA,DAY,0,0.00,0.00,0.00,0.00,1.00,0.00,0.00,0.00,0.00,0.00,0.00,0.00,0.00,0.00,0.00,0.00,0.00,0.00,2687.69,2687.64,2687.07,2687.57,2687.58,0.439,1.28,42.80,62.14,62.14,1.06,0.65,0.42,2686.76,2690.05,526,678,85.7,0.0,9,1,CROSS=EMA9<EMA21;TREND=1;STRUCT=1;VOL=1;COOL=1;EMA50=1;VWAP=1;BIAS=1,0.00,0.00,24978.36,24978.36,outside the killzone window
53,2025.01.13 10:00:00,2025.01.13 12:30:00,SKIP,XAUUSD,M5,14,FLAT,NA,DAY,0,0.00,0.00,0.00,0.00,1.00,0.00,0.00,0.00,0.00,0.00,0.00,0.00,0.00,0.00,0.00,0.00,0.00,0.00,2687.62,2687.66,2687.19,2687.74,2687.72,0.325,1.45,44.38,33.17,33.17,-0.54,0.12,-0.67,2686.94,2685.18,669,741,0.0,85.7,9,1,CROSS=EMA9<EMA21;TREND=1;STRUCT=1;VOL=1;COOL=1;EMA50=1;VWAP=1;BIAS=1,0.00,0.00,24978.36,24978.36,already positioned that way
54,2025.01.13 10:45:00,2025.01.13 13:15:00,ENTRY,XAUUSD,M5,16,BUY,FULLTGT,DAY,0,2689.39,2685.00,2685.00,4.39,1.00,4.39,2693.78,2698.17,2702.56,2706.96,2711.35,0.28,0.28,0.28,2689.39,0.00,0.00,0.00,2687.75,2687.72,2687.27,2687.68,2687.68,0.206,2.20,21.73,56.53,56.53,0.07,-0.21,0.28,2687.00,2689.30,774,891,71.4,0.0,7,1,CROSS=EMA9>EMA21;TREND=1;STRUCT=1;VOL=1;COOL=1;EMA50=1;VWAP=1;BIAS=1,0.00,0.00,24977.38,24975.42,KZ=LONDON; KZR=Asia H @ 2690.76 28 bars ago (high taken); DAY 12AM-4PM IST session: stop x1.00 of usual; no partials; full size to TP5; SL steps BE->TP1->TP2->TP3
55,2025.01.13 10:50:00,2025.01.13 13:20:00,FLIP,XAUUSD,M5,16,BUY,FULLTGT,DAY,0,2689.39,2685.00,2685.00,4.39,1.00,4.39,2693.78,2698.17,2702.56,2706.96,2711.35,0.28,0.00,0.00,2686.34,0.00,-0.69,0.00,2687.69,2687.69,2687.26,2687.75,2687.72,0.191,2.25,21.38,44.91,44.91,-0.06,-0.17,0.12,2687.01,2686.33,786,894,14.3,57.1,7,1,CROSS=EMA9<EMA21;TREND=1;STRUCT=1;VOL=1;COOL=1;EMA50=1;VWAP=1;BIAS=1,0.07,-0.73,24977.38,24891.98,opposite signal before SL/target | BUY -> SELL | closing trade 16
56,2025.01.13 10:50:00,2025.01.13 13:20:00,EXIT_FLIP,XAUUSD,M5,16,BUY,FULLTGT,DAY,0,2689.39,2685.00,2685.00,4.39,1.00,4.39,2693.78,2698.17,2702.56,2706.96,2711.35,0.28,0.28,0.00,2686.34,0.00,-0.69,0.00,2687.69,2687.69,2687.26,2687.75,2687.72,0.191,2.25,21.38,44.91,44.91,-0.06,-0.17,0.12,2687.01,2686.33,786,894,14.3,57.1,7,1,CROSS=EMA9<EMA21;TREND=1;STRUCT=1;VOL=1;COOL=1;EMA50=1;VWAP=1;BIAS=1,0.07,-0.73,24891.00,24891.00,FLIP exit
57,2025.01.13 10:50:00,2025.01.13 13:20:00,EXIT_OTHER,XAUUSD,M5,16,BUY,FULLTGT,DAY,0,2689.39,2685.00,2685.00,4.39,1.00,4.39,2693.78,2698.17,2702.56,2706.96,2711.35,0.28,0.28,0.00,2686.34,0.00,-0.69,-87.36,2687.69,2687.69,2687.26,2687.75,2687.72,0.191,2.25,21.38,44.91,44.91,-0.06,-0.17,0.12,2687.01,2686.33,786,894,14.3,57.1,7,1,CROSS=EMA9<EMA21;TREND=1;STRUCT=1;VOL=1;COOL=1;EMA50=1;VWAP=1;BIAS=1,0.07,-0.73,24891.00,24891.00,FLIP exit
58,2025.01.13 10:50:00,2025.01.13 13:20:00,ENTRY,XAUUSD,M5,18,SELL,FULLTGT,DAY,16,2686.34,2690.83,2690.83,4.49,1.00,4.49,2681.85,2677.36,2672.87,2668.37,2663.88,0.27,0.27,0.27,2686.34,0.00,0.00,0.00,2687.69,2687.69,2687.26,2687.75,2687.72,0.191,2.25,21.38,44.91,44.91,-0.06,-0.17,0.12,2687.01,2686.33,786,894,14.3,57.1,7,1,CROSS=EMA9<EMA21;TREND=1;STRUCT=1;VOL=1;COOL=1;EMA50=1;VWAP=1;BIAS=1,0.00,0.00,24890.05,24888.16,KZ=LONDON; KZR=Asia H @ 2690.76 29 bars ago (high taken); DAY 12AM-4PM IST session: stop x1.00 of usual; no partials; full size to TP5; SL steps BE->TP1->TP2->TP3; flipped from trade 16
59,2025.01.13 12:03:31,2025.01.13 14:33:31,SL_MOVE,XAUUSD,M5,18,SELL,FULLTGT,DAY,16,2686.34,2690.83,2686.34,4.49,1.00,4.49,2681.85,2677.36,2672.87,2668.37,2663.88,0.27,0.00,0.27,2686.34,1.00,0.00,0.00,2686.77,2687.17,2687.05,2686.87,2687.23,0.053,2.20,23.35,43.09,43.09,-0.64,-0.53,-0.11,2686.88,2684.82,934,955,0.0,71.4,10,1,CROSS=EMA9<EMA21;TREND=1;STRUCT=1;VOL=1;COOL=1;EMA50=1;VWAP=1;BIAS=1,1.00,-0.50,24890.05,25012.09,stop to breakeven
60,2025.01.13 12:03:31,2025.01.13 14:33:31,TP1_REACHED,XAUUSD,M5,18,SELL,FULLTGT,DAY,16,2686.34,2690.83,2686.34,4.49,1.00,4.49,2681.85,2677.36,2672.87,2668.37,2663.88,0.27,0.00,0.27,2681.85,1.00,1.00,0.00,2686.77,2687.17,2687.05,2686.87,2687.23,0.053,2.20,23.35,43.09,43.09,-0.64,-0.53,-0.11,2686.88,2684.82,934,955,0.0,71.4,10,1,CROSS=EMA9<EMA21;TREND=1;STRUCT=1;VOL=1;COOL=1;EMA50=1;VWAP=1;BIAS=1,1.00,-0.50,24890.05,25012.09,full target: no partial booked
61,2025.01.13 13:37:40,2025.01.13 16:07:40,SL_MOVE,XAUUSD,M5,18,SELL,FULLTGT,EVENING,16,2686.34,2690.83,2681.85,4.49,1.00,4.49,2681.85,2677.36,2672.87,2668.37,2663.88,0.27,0.00,0.27,2681.85,2.00,0.00,0.00,2682.27,2684.27,2685.46,2682.45,2684.41,-0.660,1.81,20.84,38.02,38.02,-1.61,-1.74,0.13,2685.90,2678.73,756,829,14.3,57.1,12,1,CROSS=EMA9<EMA21;TREND=1;STRUCT=1;VOL=1;COOL=1;EMA50=1;VWAP=1;BIAS=1,2.00,-0.50,24890.05,25133.05,stop trailed to TP1
62,2025.01.13 13:37:40,2025.01.13 16:07:40,TP2_REACHED,XAUUSD,M5,18,SELL,FULLTGT,EVENING,16,2686.34,2690.83,2681.85,4.49,1.00,4.49,2681.85,2677.36,2672.87,2668.37,2663.88,0.27,0.00,0.27,2677.36,2.00,2.00,0.00,2682.27,2684.27,2685.46,2682.45,2684.41,-0.660,1.81,20.84,38.02,38.02,-1.61,-1.74,0.13,2685.90,2678.73,756,829,14.3,57.1,12,1,CROSS=EMA9<EMA21;TREND=1;STRUCT=1;VOL=1;COOL=1;EMA50=1;VWAP=1;BIAS=1,2.00,-0.50,24890.05,25133.05,full target: no partial booked
63,2025.01.13 14:01:16,2025.01.13 16:31:16,SL_MOVE,XAUUSD,M5,18,SELL,FULLTGT,EVENING,16,2686.34,2690.83,2677.36,4.49,1.00,4.49,2681.85,2677.36,2672.87,2668.37,2663.88,0.27,0.00,0.27,2677.36,3.00,0.00,0.00,2681.24,2683.49,2684.99,2681.50,2683.68,-0.846,1.77,23.54,32.42,32.42,-1.56,-1.61,0.05,2685.55,2676.04,1110,814,14.3,71.4,9,1,CROSS=EMA9<EMA21;TREND=1;STRUCT=1;VOL=1;COOL=1;EMA50=1;VWAP=1;BIAS=1,2.99,-0.50,24890.05,25256.44,stop trailed to TP2
64,2025.01.13 14:01:16,2025.01.13 16:31:16,TP3_REACHED,XAUUSD,M5,18,SELL,FULLTGT,EVENING,16,2686.34,2690.83,2677.36,4.49,1.00,4.49,2681.85,2677.36,2672.87,2668.37,2663.88,0.27,0.00,0.27,2672.87,3.00,3.00,0.00,2681.24,2683.49,2684.99,2681.50,2683.68,-0.846,1.77,23.54,32.42,32.42,-1.56,-1.61,0.05,2685.55,2676.04,1110,814,14.3,71.4,9,1,CROSS=EMA9<EMA21;TREND=1;STRUCT=1;VOL=1;COOL=1;EMA50=1;VWAP=1;BIAS=1,2.99,-0.50,24890.05,25256.44,full target: no partial booked
65,2025.01.13 14:29:42,2025.01.13 16:59:42,SL_MOVE,XAUUSD,M5,18,SELL,FULLTGT,EVENING,16,2686.34,2690.83,2672.87,4.49,1.00,4.49,2681.85,2677.36,2672.87,2668.37,2663.88,0.27,0.00,0.27,2672.87,4.00,0.00,0.00,2679.25,2682.17,2684.22,2679.62,2682.43,-0.923,2.22,40.23,25.68,25.68,-2.60,-1.96,-0.64,2684.88,2672.03,1300,898,14.3,85.7,9,1,CROSS=EMA9<EMA21;TREND=1;STRUCT=1;VOL=1;COOL=1;EMA50=1;VWAP=1;BIAS=1,4.00,-0.50,24890.05,25375.78,stop trailed to TP3
66,2025.01.13 14:29:42,2025.01.13 16:59:42,TP4_REACHED,XAUUSD,M5,18,SELL,FULLTGT,EVENING,16,2686.34,2690.83,2672.87,4.49,1.00,4.49,2681.85,2677.36,2672.87,2668.37,2663.88,0.27,0.00,0.27,2668.37,4.00,4.00,0.00,2679.25,2682.17,2684.22,2679.62,2682.43,-0.923,2.22,40.23,25.68,25.68,-2.60,-1.96,-0.64,2684.88,2672.03,1300,898,14.3,85.7,9,1,CROSS=EMA9<EMA21;TREND=1;STRUCT=1;VOL=1;COOL=1;EMA50=1;VWAP=1;BIAS=1,4.00,-0.50,24890.05,25375.78,full target: no partial booked
67,2025.01.13 14:48:38,2025.01.13 17:18:38,EXIT_TRAIL_SL,XAUUSD,M5,18,SELL,FULLTGT,EVENING,16,2686.34,2690.83,2672.87,4.49,1.00,4.49,2681.85,2677.36,2672.87,2668.37,2663.88,0.27,0.27,0.00,2672.87,0.00,3.00,361.79,2677.44,2680.94,2683.49,2677.76,2681.19,-0.908,2.80,43.40,35.36,35.36,-3.10,-2.64,-0.46,2684.24,2671.17,1247,1021,14.3,85.7,6,1,CROSS=EMA9<EMA21;TREND=1;STRUCT=1;VOL=1;COOL=1;EMA50=1;VWAP=1;BIAS=1,4.92,-0.50,25252.79,25252.79,stopped at a trailed level
68,2025.01.14 01:00:00,2025.01.14 03:30:00,DAY_SUMMARY,XAUUSD,M5,18,FLAT,NA,DAY,16,0.00,0.00,0.00,0.00,1.00,0.00,0.00,0.00,0.00,0.00,0.00,0.00,0.00,0.00,0.00,0.00,2.30,274.43,2661.47,2663.08,2667.87,2661.39,2663.08,-5.473,0.88,29.40,60.67,60.67,0.74,0.61,0.12,2676.44,2662.98,281,252,57.1,42.9,13,1,CROSS=EMA9<EMA21;TREND=1;STRUCT=1;VOL=1;COOL=1;EMA50=1;VWAP=1;BIAS=1,0.00,0.00,25252.79,25252.79,2025.01.13 trades=2 W=1 L=1 gross_profit=361.79 gross_loss=87.36 net=274.43 PF=4.14
69,2025.01.14 02:10:00,2025.01.14 04:40:00,ENTRY,XAUUSD,M5,20,BUY,FULLTGT,DAY,0,2668.56,2665.89,2665.89,2.67,1.00,2.67,2671.23,2673.91,2676.58,2679.25,2681.92,0.47,0.47,0.47,2668.56,0.00,0.00,0.00,2664.28,2664.22,2667.71,2664.07,2664.11,-2.616,1.34,55.75,66.87,66.87,1.76,1.66,0.09,2666.74,2668.42,266,256,100.0,0.0,10,1,CROSS=EMA9>EMA21;TREND=1;STRUCT=1;VOL=1;COOL=1;EMA50=1;VWAP=1;BIAS=1,0.00,0.00,25251.14,25246.44,KZ=ASIA; KZR=Asia H @ 2690.76 213 bars ago (high taken); DAY 12AM-4PM IST session: stop x1.00 of usual; no partials; full size to TP5; SL steps BE->TP1->TP2->TP3
70,2025.01.14 03:00:17,2025.01.14 05:30:17,SL_MOVE,XAUUSD,M5,20,BUY,FULLTGT,DAY,0,2668.56,2665.89,2668.56,2.67,1.00,2.67,2671.23,2673.91,2676.58,2679.25,2681.92,0.47,0.00,0.47,2668.56,1.00,0.00,0.00,2666.31,2665.35,2667.90,2666.10,2665.23,-2.081,1.22,39.20,69.47,69.47,1.71,1.61,0.10,2668.00,2670.44,635,304,85.7,14.3,9,1,CROSS=EMA9>EMA21;TREND=1;STRUCT=1;VOL=1;COOL=1;EMA50=1;VWAP=1;BIAS=1,1.00,-0.48,25251.14,25377.10,stop to breakeven
71,2025.01.14 03:00:17,2025.01.14 05:30:17,TP1_REACHED,XAUUSD,M5,20,BUY,FULLTGT,DAY,0,2668.56,2665.89,2668.56,2.67,1.00,2.67,2671.23,2673.91,2676.58,2679.25,2681.92,0.47,0.00,0.47,2671.23,1.00,1.00,0.00,2666.31,2665.35,2667.90,2666.10,2665.23,-2.081,1.22,39.20,69.47,69.47,1.71,1.61,0.10,2668.00,2670.44,635,304,85.7,14.3,9,1,CROSS=EMA9>EMA21;TREND=1;STRUCT=1;VOL=1;COOL=1;EMA50=1;VWAP=1;BIAS=1,1.00,-0.48,25251.14,25377.10,full target: no partial booked
72,2025.01.14 03:35:30,2025.01.14 06:05:30,EXIT_BE,XAUUSD,M5,20,BUY,FULLTGT,DAY,0,2668.56,2665.89,2668.56,2.67,1.00,2.67,2671.23,2673.91,2676.58,2679.25,2681.92,0.47,0.47,0.00,2668.54,0.00,-0.01,-4.24,2667.60,2666.21,2668.14,2667.49,2666.13,-1.469,1.31,27.63,55.55,55.55,1.28,1.63,-0.35,2669.35,2669.56,919,533,71.4,28.6,13,1,CROSS=EMA9>EMA21;TREND=1;STRUCT=1;VOL=1;COOL=1;EMA50=1;VWAP=1;BIAS=1,1.36,-0.48,25248.55,25248.55,stopped at breakeven
73,2025.01.14 12:00:00,2025.01.14 14:30:00,ENTRY,XAUUSD,M5,22,SELL,FULLTGT,DAY,0,2667.27,2670.60,2670.60,3.33,1.00,3.33,2663.94,2660.60,2657.27,2653.93,2650.60,0.37,0.37,0.37,2667.27,0.00,0.00,0.00,2669.49,2669.51,2669.43,2669.61,2669.57,0.045,1.67,41.77,39.24,39.24,-0.91,-0.40,-0.51,2669.95,2667.24,484,851,0.0,85.7,7,1,CROSS=EMA9<EMA21;TREND=1;STRUCT=1;VOL=1;COOL=1;EMA50=1;VWAP=1;BIAS=1,0.00,0.00,25247.25,25244.66,KZ=LONDON; KZR=Asia H @ 2690.76 331 bars ago (high taken); DAY 12AM-4PM IST session: stop x1.00 of usual; no partials; full size to TP5; SL steps BE->TP1->TP2->TP3
74,2025.01.14 14:05:15,2025.01.14 16:35:15,EXIT_SL,XAUUSD,M5,22,SELL,FULLTGT,EVENING,0,2667.27,2670.60,2670.60,3.33,1.00,3.33,2663.94,2660.60,2657.27,2653.93,2650.60,0.37,0.37,0.00,2670.61,0.00,-1.00,-126.18,2667.72,2668.29,2668.74,2667.62,2668.26,-0.315,1.41,27.72,62.43,62.43,0.25,-0.42,0.67,2669.42,2669.68,738,636,85.7,14.3,6,1,CROSS=EMA9<EMA21;TREND=1;STRUCT=1;VOL=1;COOL=1;EMA50=1;VWAP=1;BIAS=1,0.79,-1.00,25122.37,25122.37,stopped at the initial SL (x1.00 of usual)
75,2025.01.14 17:55:00,2025.01.14 20:25:00,ENTRY,XAUUSD,M5,24,BUY,FULLTGT,EVENING,0,2671.82,2666.87,2666.87,4.95,1.00,4.95,2676.77,2681.72,2686.67,2691.61,2696.56,0.25,0.25,0.25,2671.82,0.00,0.00,0.00,2667.72,2667.66,2668.10,2667.51,2667.56,-0.176,2.47,43.27,61.68,61.68,1.59,1.24,0.34,2668.43,2671.78,1216,1364,85.7,0.0,5,1,CROSS=EMA9>EMA21;TREND=1;STRUCT=1;VOL=1;COOL=1;EMA50=1;VWAP=1;BIAS=1,0.00,0.00,25121.49,25120.24,KZ=NY; KZR=Asia H @ 2690.76 402 bars ago (high taken); EVENING 4PM-12AM IST session: stop x1.00 of usual; no partials; full size to TP5; SL steps BE->TP1->TP2->TP3
76,2025.01.14 20:15:02,2025.01.14 22:45:02,EXIT_SL,XAUUSD,M5,24,BUY,FULLTGT,EVENING,0,2671.82,2666.87,2666.87,4.95,1.00,4.95,2676.77,2681.72,2686.67,2691.61,2696.56,0.25,0.25,0.00,2666.87,0.00,-1.00,-125.51,2669.42,2668.97,2668.78,2669.54,2669.02,0.167,1.14,32.21,37.33,37.33,-0.58,-0.09,-0.49,2668.77,2667.02,353,751,14.3,71.4,11,1,CROSS=EMA9>EMA21;TREND=1;STRUCT=1;VOL=1;COOL=1;EMA50=1;VWAP=1;BIAS=1,0.43,-1.00,24996.86,24996.86,stopped at the initial SL (x1.00 of usual)
77,2025.01.15 01:00:00,2025.01.15 03:30:00,DAY_SUMMARY,XAUUSD,M5,24,FLAT,NA,DAY,0,0.00,0.00,0.00,0.00,1.00,0.00,0.00,0.00,0.00,0.00,0.00,0.00,0.00,0.00,0.00,0.00,-2.01,-255.93,2674.63,2672.81,2671.16,2674.49,2672.69,1.798,0.91,41.40,61.99,61.99,1.12,1.13,-0.00,2669.21,2677.37,151,296,71.4,14.3,11,1,CROSS=EMA9>EMA21;TREND=1;STRUCT=1;VOL=1;COOL=1;EMA50=1;VWAP=1;BIAS=1,0.00,0.00,24996.86,24996.86,2025.01.14 trades=3 W=0 L=3 gross_profit=0.00 gross_loss=255.93 net=-255.93 PF=0.00
78,2025.01.15 04:35:00,2025.01.15 07:05:00,ENTRY,XAUUSD,M5,26,SELL,FULLTGT,DAY,0,2670.60,2673.37,2673.37,2.77,1.00,2.77,2667.83,2665.05,2662.28,2659.51,2656.74,0.45,0.45,0.45,2670.60,0.00,0.00,0.00,2673.03,2673.07,2672.10,2673.15,2673.13,0.696,1.39,29.74,38.16,38.16,-0.63,-0.72,0.09,2673.15,2670.58,793,434,14.3,85.7,13,1,CROSS=EMA9<EMA21;TREND=1;STRUCT=1;VOL=1;COOL=1;EMA50=1;VWAP=1;BIAS=1,0.00,0.00,24995.28,24989.43,KZ=ASIA; KZR=Asia H @ 2690.76 530 bars ago (high taken); DAY 12AM-4PM IST session: stop x1.00 of usual; no partials; full size to TP5; SL steps BE->TP1->TP2->TP3
79,2025.01.15 04:45:05,2025.01.15 07:15:05,EXIT_SL,XAUUSD,M5,26,SELL,FULLTGT,DAY,0,2670.60,2673.37,2673.37,2.77,1.00,2.77,2667.83,2665.05,2662.28,2659.51,2656.74,0.45,0.45,0.00,2673.38,0.00,-1.00,-128.26,2672.92,2673.01,2672.10,2672.92,2673.01,0.649,1.41,28.58,52.12,52.12,-0.53,-0.66,0.13,2673.00,2672.96,638,446,71.4,28.6,13,1,CROSS=EMA9<EMA21;TREND=1;STRUCT=1;VOL=1;COOL=1;EMA50=1;VWAP=1;BIAS=1,0.07,-1.00,24868.60,24868.60,stopped at the initial SL (x1.00 of usual)
80,2025.01.15 05:15:00,2025.01.15 07:45:00,ENTRY,XAUUSD,M5,28,BUY,FULLTGT,DAY,0,2674.10,2671.28,2671.28,2.82,1.00,2.82,2676.92,2679.74,2682.56,2685.38,2688.20,0.44,0.44,0.44,2674.10,0.00,0.00,0.00,2673.10,2673.10,2672.21,2673.06,2673.07,0.631,1.41,20.42,55.86,55.86,0.09,-0.27,0.36,2673.12,2674.01,355,485,71.4,0.0,8,1,CROSS=EMA9>EMA21;TREND=1;STRUCT=1;VOL=1;COOL=1;EMA50=1;VWAP=1;BIAS=1,0.00,0.00,24867.06,24863.54,KZ=ASIA; KZR=Asia H @ 2690.76 538 bars ago (high taken); DAY 12AM-4PM IST session: stop x1.00 of usual; no partials; full size to TP5; SL steps BE->TP1->TP2->TP3
81,2025.01.15 07:37:19,2025.01.15 10:07:19,SL_MOVE,XAUUSD,M5,28,BUY,FULLTGT,DAY,0,2674.10,2671.28,2674.10,2.82,1.00,2.82,2676.92,2679.74,2682.56,2685.38,2688.20,0.44,0.00,0.44,2674.10,1.00,0.00,0.00,2674.88,2674.29,2673.17,2674.82,2674.24,1.412,0.79,20.40,57.88,57.88,0.24,0.31,-0.07,2673.98,2676.06,983,385,71.4,14.3,13,1,CROSS=EMA9>EMA21;TREND=1;STRUCT=1;VOL=1;COOL=1;EMA50=1;VWAP=1;BIAS=1,1.00,-0.26,24867.06,24992.02,stop to breakeven
82,2025.01.15 07:37:19,2025.01.15 10:07:19,TP1_REACHED,XAUUSD,M5,28,BUY,FULLTGT,DAY,0,2674.10,2671.28,2674.10,2.82,1.00,2.82,2676.92,2679.74,2682.56,2685.38,2688.20,0.44,0.00,0.44,2676.92,1.00,1.00,0.00,2674.88,2674.29,2673.17,2674.82,2674.24,1.412,0.79,20.40,57.88,57.88,0.24,0.31,-0.07,2673.98,2676.06,983,385,71.4,14.3,13,1,CROSS=EMA9>EMA21;TREND=1;STRUCT=1;VOL=1;COOL=1;EMA50=1;VWAP=1;BIAS=1,1.00,-0.26,24867.06,24992.02,full target: no partial booked
83,2025.01.15 08:00:15,2025.01.15 10:30:15,SL_MOVE,XAUUSD,M5,28,BUY,FULLTGT,DAY,0,2674.10,2671.28,2676.92,2.82,1.00,2.82,2676.92,2679.74,2682.56,2685.38,2688.20,0.44,0.00,0.44,2676.92,2.00,0.00,0.00,2675.60,2674.73,2673.47,2675.40,2674.62,1.440,0.88,39.98,74.59,74.59,0.91,0.43,0.47,2674.45,2679.38,879,504,100.0,0.0,13,1,CROSS=EMA9>EMA21;TREND=1;STRUCT=1;VOL=1;COOL=1;EMA50=1;VWAP=1;BIAS=1,2.00,-0.26,24867.06,25116.10,stop trailed to TP1
84,2025.01.15 08:00:15,2025.01.15 10:30:15,TP2_REACHED,XAUUSD,M5,28,BUY,FULLTGT,DAY,0,2674.10,2671.28,2676.92,2.82,1.00,2.82,2676.92,2679.74,2682.56,2685.38,2688.20,0.44,0.00,0.44,2679.74,2.00,2.00,0.00,2675.60,2674.73,2673.47,2675.40,2674.62,1.440,0.88,39.98,74.59,74.59,0.91,0.43,0.47,2674.45,2679.38,879,504,100.0,0.0,13,1,CROSS=EMA9>EMA21;TREND=1;STRUCT=1;VOL=1;COOL=1;EMA50=1;VWAP=1;BIAS=1,2.00,-0.26,24867.06,25116.10,full target: no partial booked
85,2025.01.15 08:23:29,2025.01.15 10:53:29,SL_MOVE,XAUUSD,M5,28,BUY,FULLTGT,DAY,0,2674.10,2671.28,2679.74,2.82,1.00,2.82,2676.92,2679.74,2682.56,2685.38,2688.20,0.44,0.00,0.44,2679.74,3.00,0.00,0.00,2676.47,2675.27,2673.80,2676.24,2675.13,1.389,1.06,56.93,77.39,77.39,1.47,0.89,0.58,2674.92,2681.08,642,584,85.7,14.3,12,1,CROSS=EMA9>EMA21;TREND=1;STRUCT=1;VOL=1;COOL=1;EMA50=1;VWAP=1;BIAS=1,2.99,-0.26,24867.06,25240.18,stop trailed to TP2
86,2025.01.15 08:23:29,2025.01.15 10:53:29,TP3_REACHED,XAUUSD,M5,28,BUY,FULLTGT,DAY,0,2674.10,2671.28,2679.74,2.82,1.00,2.82,2676.92,2679.74,2682.56,2685.38,2688.20,0.44,0.00,0.44,2682.56,3.00,3.00,0.00,2676.47,2675.27,2673.80,2676.24,2675.13,1.389,1.06,56.93,77.39,77.39,1.47,0.89,0.58,2674.92,2681.08,642,584,85.7,14.3,12,1,CROSS=EMA9>EMA21;TREND=1;STRUCT=1;VOL=1;COOL=1;EMA50=1;VWAP=1;BIAS=1,2.99,-0.26,24867.06,25240.18,full target: no partial booked
87,2025.01.15 10:07:41,2025.01.15 12:37:41,SL_MOVE,XAUUSD,M5,28,BUY,FULLTGT,DAY,0,2674.10,2671.28,2682.56,2.82,1.00,2.82,2676.92,2679.74,2682.56,2685.38,2688.20,0.44,0.00,0.44,2682.56,4.00,0.00,0.00,2680.04,2678.00,2675.68,2679.91,2677.88,1.672,1.39,31.15,62.14,62.14,0.87,1.13,-0.26,2676.86,2682.67,897,598,85.7,14.3,11,1,CROSS=EMA9>EMA21;TREND=1;STRUCT=1;VOL=1;COOL=1;EMA50=1;VWAP=1;BIAS=1,4.00,-0.26,24867.06,25364.26,stop trailed to TP3
88,2025.01.15 10:07:41,2025.01.15 12:37:41,TP4_REACHED,XAUUSD,M5,28,BUY,FULLTGT,DAY,0,2674.10,2671.28,2682.56,2.82,1.00,2.82,2676.92,2679.74,2682.56,2685.38,2688.20,0.44,0.00,0.44,2685.38,4.00,4.00,0.00,2680.04,2678.00,2675.68,2679.91,2677.88,1.672,1.39,31.15,62.14,62.14,0.87,1.13,-0.26,2676.86,2682.67,897,598,85.7,14.3,11,1,CROSS=EMA9>EMA21;TREND=1;STRUCT=1;VOL=1;COOL=1;EMA50=1;VWAP=1;BIAS=1,4.00,-0.26,24867.06,25364.26,full target: no partial booked
89,2025.01.15 10:33:30,2025.01.15 13:03:30,EXIT_TRAIL_SL,XAUUSD,M5,28,BUY,FULLTGT,DAY,0,2674.10,2671.28,2682.56,2.82,1.00,2.82,2676.92,2679.74,2682.56,2685.38,2688.20,0.44,0.44,0.00,2682.55,0.00,3.00,368.72,2680.87,2678.68,2676.18,2680.73,2678.56,1.597,1.57,27.36,61.46,61.46,1.06,0.99,0.07,2677.41,2683.62,674,656,85.7,14.3,8,1,CROSS=EMA9>EMA21;TREND=1;STRUCT=1;VOL=1;COOL=1;EMA50=1;VWAP=1;BIAS=1,4.04,-0.26,25237.32,25237.32,stopped at a trailed level
90,2025.01.15 17:35:00,2025.01.15 20:05:00,ENTRY,XAUUSD,M5,30,SELL,FULLTGT,EVENING,0,2682.08,2689.73,2689.73,7.65,1.00,7.65,2674.43,2666.79,2659.14,2651.49,2643.84,0.16,0.16,0.16,2682.08,0.00,0.00,0.00,2684.29,2684.32,2682.20,2684.41,2684.38,0.554,3.82,24.89,46.19,46.19,-1.65,-1.61,-0.04,2682.60,2682.08,1363,1734,0.0,71.4,6,1,CROSS=EMA9<EMA21;TREND=1;STRUCT=1;VOL=1;COOL=1;EMA50=1;VWAP=1;BIAS=1,0.00,0.00,25236.76,25235.80,KZ=NY; KZR=London H @ 2689.71 24 bars ago (high taken); EVENING 4PM-12AM IST session: stop x1.00 of usual; no partials; full size to TP5; SL steps BE->TP1->TP2->TP3
91,2025.01.15 18:57:42,2025.01.15 21:27:42,EXIT_SL,XAUUSD,M5,30,SELL,FULLTGT,EVENING,0,2682.08,2689.73,2689.73,7.65,1.00,7.65,2674.43,2666.79,2659.14,2651.49,2643.84,0.16,0.16,0.00,2689.74,0.00,-1.00,-123.68,2683.61,2683.79,2682.27,2683.36,2683.67,0.633,2.41,38.82,64.06,64.06,0.95,-0.32,1.27,2682.53,2688.60,1001,1278,71.4,14.3,6,1,CROSS=EMA9<EMA21;TREND=1;STRUCT=1;VOL=1;COOL=1;EMA50=1;VWAP=1;BIAS=1,0.66,-1.00,25113.64,25113.64,stopped at the initial SL (x1.00 of usual)
92,2025.01.15 19:05:00,2025.01.15 21:35:00,SKIP,XAUUSD,M5,30,FLAT,NA,EVENING,0,0.00,0.00,0.00,0.00,1.00,0.00,0.00,0.00,0.00,0.00,0.00,0.00,0.00,0.00,0.00,0.00,0.00,0.00,2684.21,2684.09,2682.45,2683.89,2683.93,0.715,2.29,46.69,67.55,67.55,1.60,0.29,1.32,2682.62,2690.48,962,1223,85.7,0.0,11,1,CROSS=EMA9<EMA21;TREND=1;STRUCT=1;VOL=1;COOL=1;EMA50=1;VWAP=1;BIAS=1,0.00,0.00,25113.64,25113.64,outside the killzone window
93,2025.01.16 01:00:00,2025.01.16 03:30:00,DAY_SUMMARY,XAUUSD,M5,30,FLAT,NA,DAY,0,0.00,0.00,0.00,0.00,1.00,0.00,0.00,0.00,0.00,0.00,0.00,0.00,0.00,0.00,0.00,0.00,0.99,116.78,2694.42,2692.15,2688.61,2694.32,2692.04,3.934,0.90,27.93,58.35,58.35,0.46,0.56,-0.10,2684.28,2696.28,163,322,71.4,14.3,51,1,CROSS=EMA9<EMA21;TREND=1;STRUCT=1;VOL=1;COOL=1;EMA50=1;VWAP=1;BIAS=1,0.00,0.00,25113.64,25113.64,2025.01.15 trades=3 W=1 L=2 gross_profit=368.72 gross_loss=251.94 net=116.78 PF=1.46
94,2025.01.16 08:20:00,2025.01.16 10:50:00,SKIP,XAUUSD,M5,30,FLAT,NA,DAY,0,0.00,0.00,0.00,0.00,1.00,0.00,0.00,0.00,0.00,0.00,0.00,0.00,0.00,0.00,0.00,0.00,0.00,0.00,2695.55,2695.65,2693.74,2695.81,2695.78,1.341,1.43,46.50,21.42,21.42,-1.23,-0.76,-0.47,2696.69,2690.38,979,582,0.0,100.0,12,1,CROSS=EMA9<EMA21;TREND=1;STRUCT=1;VOL=1;COOL=1;EMA50=1;VWAP=1;BIAS=1,0.00,0.00,25113.64,25113.64,outside the killzone window
95,2025.01.16 09:45:00,2025.01.16 12:15:00,ENTRY,XAUUSD,M5,32,BUY,FULLTGT,DAY,0,2698.52,2695.49,2695.49,3.03,1.00,3.03,2701.55,2704.57,2707.60,2710.62,2713.65,0.41,0.41,0.41,2698.52,0.00,0.00,0.00,2695.59,2695.55,2694.03,2695.45,2695.48,1.010,1.51,54.09,65.51,65.51,0.79,0.26,0.54,2696.40,2698.42,668,714,85.7,0.0,10,1,CROSS=EMA9>EMA21;TREND=1;STRUCT=1;VOL=1;COOL=1;EMA50=1;VWAP=1;BIAS=1,0.00,0.00,25112.20,25108.10,KZ=LONDON; KZR=NY H @ 2697.88 89 bars ago (high taken); DAY 12AM-4PM IST session: stop x1.00 of usual; no partials; full size to TP5; SL steps BE->TP1->TP2->TP3
96,2025.01.16 10:18:28,2025.01.16 12:48:28,SL_MOVE,XAUUSD,M5,32,BUY,FULLTGT,DAY,0,2698.52,2695.49,2698.52,3.03,1.00,3.03,2701.55,2704.57,2707.60,2710.62,2713.65,0.41,0.00,0.41,2698.52,1.00,0.00,0.00,2696.41,2696.00,2694.37,2696.24,2695.90,0.868,1.88,55.17,66.36,66.36,1.18,0.89,0.29,2696.57,2699.77,1019,765,100.0,0.0,9,1,CROSS=EMA9>EMA21;TREND=1;STRUCT=1;VOL=1;COOL=1;EMA50=1;VWAP=1;BIAS=1,0.99,-0.76,25112.20,25236.43,stop to breakeven
97,2025.01.16 10:18:28,2025.01.16 12:48:28,TP1_REACHED,XAUUSD,M5,32,BUY,FULLTGT,DAY,0,2698.52,2695.49,2698.52,3.03,1.00,3.03,2701.55,2704.57,2707.60,2710.62,2713.65,0.41,0.00,0.41,2701.55,1.00,1.00,0.00,2696.41,2696.00,2694.37,2696.24,2695.90,0.868,1.88,55.17,66.36,66.36,1.18,0.89,0.29,2696.57,2699.77,1019,765,100.0,0.0,9,1,CROSS=EMA9>EMA21;TREND=1;STRUCT=1;VOL=1;COOL=1;EMA50=1;VWAP=1;BIAS=1,0.99,-0.76,25112.20,25236.43,full target: no partial booked
98,2025.01.16 10:53:29,2025.01.16 13:23:29,EXIT_BE,XAUUSD,M5,32,BUY,FULLTGT,DAY,0,2698.52,2695.49,2698.52,3.03,1.00,3.03,2701.55,2704.57,2707.60,2710.62,2713.65,0.41,0.41,0.00,2698.52,0.00,0.00,-2.88,2697.60,2696.72,2694.88,2697.51,2696.65,0.933,1.97,39.62,54.60,54.60,1.21,1.39,-0.17,2696.91,2699.21,710,831,71.4,14.3,6,1,CROSS=EMA9>EMA21;TREND=1;STRUCT=1;VOL=1;COOL=1;EMA50=1;VWAP=1;BIAS=1,1.60,-0.76,25110.76,25110.76,stopped at breakeven
99,2025.01.17 01:00:00,2025.01.17 03:30:00,DAY_SUMMARY,XAUUSD,M5,32,FLAT,NA,DAY,0,0.00,0.00,0.00,0.00,1.00,0.00,0.00,0.00,0.00,0.00,0.00,0.00,0.00,0.00,0.00,0.00,0.00,-2.88,2715.25,2715.26,2712.16,2715.30,2715.28,2.992,1.04,34.63,46.11,46.11,-0.67,-0.84,0.18,2707.78,2714.26,153,354,28.6,57.1,51,1,CROSS=EMA9>EMA21;TREND=1;STRUCT=1;VOL=1;COOL=1;EMA50=1;VWAP=1;BIAS=1,0.00,0.00,25110.76,25110.76,2025.01.16 trades=1 W=0 L=1 gross_profit=0.00 gross_loss=2.88 net=-2.88 PF=0.00
100,2025.01.17 01:00:00,2025.01.17 03:30:00,SKIP,XAUUSD,M5,32,FLAT,NA,DAY,0,0.00,0.00,0.00,0.00,1.00,0.00,0.00,0.00,0.00,0.00,0.00,0.00,0.00,0.00,0.00,0.00,0.00,0.00,2715.25,2715.26,2712.16,2715.30,2715.28,2.992,1.04,34.63,46.11,46.11,-0.67,-0.84,0.18,2707.78,2714.26,153,354,28.6,57.1,51,1,CROSS=EMA9>EMA21;TREND=1;STRUCT=1;VOL=1;COOL=1;EMA50=1;VWAP=1;BIAS=1,0.00,0.00,25110.76,25110.76,outside the killzone window
101,2025.01.17 05:05:00,2025.01.17 07:35:00,SKIP,XAUUSD,M5,32,FLAT,NA,DAY,0,0.00,0.00,0.00,0.00,1.00,0.00,0.00,0.00,0.00,0.00,0.00,0.00,0.00,0.00,0.00,0.00,0.00,0.00,2714.63,2714.62,2713.13,2714.51,2714.56,1.120,1.34,34.03,61.89,61.89,0.70,0.58,0.12,2713.87,2717.13,723,719,100.0,0.0,7,1,CROSS=EMA9>EMA21;TREND=1;STRUCT=1;VOL=1;COOL=1;EMA50=1;VWAP=1;BIAS=1,0.00,0.00,25110.76,25110.76,already positioned that way
102,2025.01.17 07:40:00,2025.01.17 10:10:00,ENTRY,XAUUSD,M5,34,SELL,FULLTGT,DAY,0,2712.64,2714.36,2714.36,1.72,1.00,1.72,2710.92,2709.21,2707.49,2705.78,2704.06,0.73,0.73,0.73,2712.64,0.00,0.00,0.00,2714.78,2714.81,2713.74,2714.89,2714.87,1.245,0.86,25.97,34.17,34.17,-0.45,-0.18,-0.27,2714.29,2712.64,875,401,0.0,100.0,13,1,CROSS=EMA9<EMA21;TREND=1;STRUCT=1;VOL=1;COOL=1;EMA50=1;VWAP=1;BIAS=1,0.00,0.00,25108.20,25098.71,KZ=ASIA; KZR=NY H @ 2719.52 161 bars ago (high taken); DAY 12AM-4PM IST session: stop x1.00 of usual; no partials; full size to TP5; SL steps BE->TP1->TP2->TP3
103,2025.01.17 08:22:36,2025.01.17 10:52:36,SL_MOVE,XAUUSD,M5,34,SELL,FULLTGT,DAY,0,2712.64,2714.36,2712.64,1.72,1.00,1.72,2710.92,2709.21,2707.49,2705.78,2704.06,0.73,0.00,0.73,2712.64,1.00,0.00,0.00,2713.94,2714.34,2713.60,2714.02,2714.39,0.640,1.16,36.57,40.12,40.12,-0.78,-0.72,-0.06,2713.99,2712.35,694,585,0.0,100.0,7,1,CROSS=EMA9<EMA21;TREND=1;STRUCT=1;VOL=1;COOL=1;EMA50=1;VWAP=1;BIAS=1,1.00,-0.45,25108.20,25233.76,stop to breakeven
104,2025.01.17 08:22:36,2025.01.17 10:52:36,TP1_REACHED,XAUUSD,M5,34,SELL,FULLTGT,DAY,0,2712.64,2714.36,2712.64,1.72,1.00,1.72,2710.92,2709.21,2707.49,2705.78,2704.06,0.73,0.00,0.73,2710.92,1.00,1.00,0.00,2713.94,2714.34,2713.60,2714.02,2714.39,0.640,1.16,36.57,40.12,40.12,-0.78,-0.72,-0.06,2713.99,2712.35,694,585,0.0,100.0,7,1,CROSS=EMA9<EMA21;TREND=1;STRUCT=1;VOL=1;COOL=1;EMA50=1;VWAP=1;BIAS=1,1.00,-0.45,25108.20,25233.76,full target: no partial booked
105,2025.01.17 08:33:01,2025.01.17 11:03:01,EXIT_BE,XAUUSD,M5,34,SELL,FULLTGT,DAY,0,2712.64,2714.36,2712.64,1.72,1.00,1.72,2710.92,2709.21,2707.49,2705.78,2704.06,0.73,0.73,0.00,2712.64,0.00,-0.00,-5.12,2713.71,2714.20,2713.55,2713.81,2714.27,0.520,1.26,38.79,38.00,38.00,-0.84,-0.80,-0.04,2713.92,2711.72,563,624,0.0,85.7,8,1,CROSS=EMA9<EMA21;TREND=1;STRUCT=1;VOL=1;COOL=1;EMA50=1;VWAP=1;BIAS=1,1.18,-0.45,25105.64,25105.64,stopped at breakeven
106,2025.01.17 17:20:00,2025.01.17 19:50:00,ENTRY,XAUUSD,M5,36,BUY,FULLTGT,EVENING,0,2711.57,2706.67,2706.67,4.90,1.00,4.90,2716.47,2721.37,2726.27,2731.17,2736.07,0.25,0.25,0.25,2711.57,0.00,0.00,0.00,2708.97,2708.94,2709.86,2708.84,2708.87,-0.374,2.45,26.81,56.99,56.99,1.34,0.61,0.73,2710.40,2711.53,1323,1530,85.7,0.0,6,1,CROSS=EMA9>EMA21;TREND=1;STRUCT=1;VOL=1;COOL=1;EMA50=1;VWAP=1;BIAS=1,0.00,0.00,25104.76,25103.26,KZ=NY; KZR=London H @ 2713.03 3 bars ago (high taken); EVENING 4PM-12AM IST session: stop x1.00 of usual; no partials; full size to TP5; SL steps BE->TP1->TP2->TP3
107,2025.01.17 18:14:17,2025.01.17 20:44:17,SL_MOVE,XAUUSD,M5,36,BUY,FULLTGT,EVENING,0,2711.57,2706.67,2711.57,4.90,1.00,4.90,2716.47,2721.37,2726.27,2731.17,2736.07,0.25,0.00,0.25,2711.57,1.00,0.00,0.00,2710.86,2710.00,2710.31,2710.69,2709.89,-0.151,2.05,30.77,60.79,60.79,1.63,1.50,0.12,2710.59,2714.31,1073,1292,85.7,0.0,5,1,CROSS=EMA9>EMA21;TREND=1;STRUCT=1;VOL=1;COOL=1;EMA50=1;VWAP=1;BIAS=1,0.99,-0.14,25104.76,25227.51,stop to breakeven
108,2025.01.17 18:14:17,2025.01.17 20:44:17,TP1_REACHED,XAUUSD,M5,36,BUY,FULLTGT,EVENING,0,2711.57,2706.67,2711.57,4.90,1.00,4.90,2716.47,2721.37,2726.27,2731.17,2736.07,0.25,0.00,0.25,2716.47,1.00,1.00,0.00,2710.86,2710.00,2710.31,2710.69,2709.89,-0.151,2.05,30.77,60.79,60.79,1.63,1.50,0.12,2710.59,2714.31,1073,1292,85.7,0.0,5,1,CROSS=EMA9>EMA21;TREND=1;STRUCT=1;VOL=1;COOL=1;EMA50=1;VWAP=1;BIAS=1,0.99,-0.14,25104.76,25227.51,full target: no partial booked
109,2025.01.17 19:08:37,2025.01.17 21:38:37,EXIT_BE,XAUUSD,M5,36,BUY,FULLTGT,EVENING,0,2711.57,2706.67,2711.57,4.90,1.00,4.90,2716.47,2721.37,2726.27,2731.17,2736.07,0.25,0.25,0.00,2711.57,0.00,0.00,-1.76,2712.95,2711.40,2711.01,2712.88,2711.32,0.222,1.71,25.48,50.95,50.95,1.24,1.59,-0.35,2710.91,2714.20,606,900,71.4,14.3,11,1,CROSS=EMA9>EMA21;TREND=1;STRUCT=1;VOL=1;COOL=1;EMA50=1;VWAP=1;BIAS=1,1.18,-0.14,25103.88,25103.88,stopped at breakeven
110,2025.01.17 21:05:00,2025.01.17 23:35:00,SKIP,XAUUSD,M5,36,FLAT,NA,EVENING,0,0.00,0.00,0.00,0.00,1.00,0.00,0.00,0.00,0.00,0.00,0.00,0.00,0.00,0.00,0.00,0.00,0.00,0.00,2710.74,2710.84,2710.84,2710.99,2710.97,-0.001,1.39,64.43,27.84,27.84,-1.78,-1.22,-0.56,2710.88,2705.88,706,716,0.0,85.7,12,1,CROSS=EMA9>EMA21;TREND=1;STRUCT=1;VOL=1;COOL=1;EMA50=1;VWAP=1;BIAS=1,0.00,0.00,25103.88,25103.88,outside the killzone window
111,2025.01.20 01:00:00,2025.01.20 03:30:00,DAY_SUMMARY,XAUUSD,M5,36,FLAT,NA,DAY,0,0.00,0.00,0.00,0.00,1.00,0.00,0.00,0.00,0.00,0.00,0.00,0.00,0.00,0.00,0.00,0.00,0.00,-6.88,2703.98,2706.16,2708.06,2704.03,2706.25,-1.894,1.00,19.24,49.73,49.73,-0.67,-1.16,0.49,2710.21,2702.92,55,400,14.3,57.1,50,1,CROSS=EMA9>EMA21;TREND=1;STRUCT=1;VOL=1;COOL=1;EMA50=1;VWAP=1;BIAS=1,0.00,0.00,25103.88,25103.88,2025.01.17 trades=2 W=0 L=2 gross_profit=0.00 gross_loss=6.88 net=-6.88 PF=0.00
112,2025.01.20 01:00:00,2025.01.20 03:30:00,WEEK_SUMMARY,XAUUSD,M5,36,FLAT,NA,DAY,0,0.00,0.00,0.00,0.00,1.00,0.00,0.00,0.00,0.00,0.00,0.00,0.00,0.00,0.00,0.00,0.00,1.29,125.52,2703.98,2706.16,2708.06,2704.03,2706.25,-1.894,1.00,19.24,49.73,49.73,-0.67,-1.16,0.49,2710.21,2702.92,55,400,14.3,57.1,50,1,CROSS=EMA9>EMA21;TREND=1;STRUCT=1;VOL=1;COOL=1;EMA50=1;VWAP=1;BIAS=1,0.00,0.00,25103.88,25103.88,days=5 trades=11 W=2 L=9 gross_profit=730.51 gross_loss=604.99 net=125.52 PF=1.21 pips=12.0
113,2025.01.20 06:30:00,2025.01.20 09:00:00,SKIP,XAUUSD,M5,36,FLAT,NA,DAY,0,0.00,0.00,0.00,0.00,1.00,0.00,0.00,0.00,0.00,0.00,0.00,0.00,0.00,0.00,0.00,0.00,0.00,0.00,2699.81,2699.80,2702.20,2699.65,2699.72,-2.383,1.01,44.83,63.62,63.62,1.83,2.05,-0.22,2696.24,2702.88,479,574,71.4,14.3,7,1,CROSS=EMA9>EMA21;TREND=1;STRUCT=1;VOL=1;COOL=1;EMA50=1;VWAP=1;BIAS=1,0.00,0.00,25103.88,25103.88,already positioned that way
114,2025.01.21 12:55:00,2025.01.21 15:25:00,ENTRY,XAUUSD,M5,38,SELL,FULLTGT,DAY,0,2719.41,2722.93,2722.93,3.52,1.00,3.52,2715.89,2712.38,2708.86,2705.34,2701.82,0.35,0.35,0.35,2719.41,0.00,0.00,0.00,2722.78,2722.85,2720.13,2722.95,2722.93,1.543,1.76,24.63,36.84,36.84,-1.01,-0.78,-0.22,2720.97,2719.38,444,1023,0.0,71.4,5,1,CROSS=EMA9<EMA21;TREND=1;STRUCT=1;VOL=1;COOL=1;EMA50=1;VWAP=1;BIAS=1,0.00,0.00,25102.65,25100.90,KZ=LONDON; KZR=Asia H @ 2729.20 55 bars ago (high taken); DAY 12AM-4PM IST session: stop x1.00 of usual; no partials; full size to TP5; SL steps BE->TP1->TP2->TP3
115,2025.01.21 13:48:54,2025.01.21 16:18:54,EXIT_SL,XAUUSD,M5,38,SELL,FULLTGT,EVENING,0,2719.41,2722.93,2722.93,3.52,1.00,3.52,2715.89,2712.38,2708.86,2705.34,2701.82,0.35,0.35,0.00,2722.95,0.00,-1.01,-126.36,2721.52,2722.11,2720.06,2721.53,2722.13,1.224,1.68,26.96,52.25,52.25,-0.65,-1.12,0.47,2720.89,2721.32,804,808,57.1,28.6,9,1,CROSS=EMA9<EMA21;TREND=1;STRUCT=1;VOL=1;COOL=1;EMA50=1;VWAP=1;BIAS=1,0.80,-1.00,24977.52,24977.52,stopped at the initial SL (x1.00 of usual)
116,2025.01.21 14:35:00,2025.01.21 17:05:00,ENTRY,XAUUSD,M5,40,BUY,FULLTGT,EVENING,0,2726.12,2722.44,2722.44,3.68,1.00,3.68,2729.80,2733.49,2737.17,2740.86,2744.54,0.33,0.33,0.33,2726.12,0.00,0.00,0.00,2722.64,2722.59,2720.55,2722.46,2722.51,1.109,1.84,39.07,66.62,66.62,1.09,0.51,0.58,2721.12,2726.07,931,836,100.0,0.0,5,1,CROSS=EMA9>EMA21;TREND=1;STRUCT=1;VOL=1;COOL=1;EMA50=1;VWAP=1;BIAS=1,0.00,0.00,24976.36,24974.71,KZ=NY; KZR=Asia H @ 2729.20 75 bars ago (high taken); EVENING 4PM-12AM IST session: stop x1.00 of usual; no partials; full size to TP5; SL steps BE->TP1->TP2->TP3
117,2025.01.21 15:20:39,2025.01.21 17:50:39,SL_MOVE,XAUUSD,M5,40,BUY,FULLTGT,EVENING,0,2726.12,2722.44,2726.12,3.68,1.00,3.68,2729.80,2733.49,2737.17,2740.86,2744.54,0.33,0.00,0.33,2726.12,1.00,0.00,0.00,2724.36,2723.54,2721.27,2724.11,2723.40,1.417,1.61,44.27,70.67,70.67,1.73,1.44,0.29,2721.57,2729.22,1336,1105,100.0,0.0,6,1,CROSS=EMA9>EMA21;TREND=1;STRUCT=1;VOL=1;COOL=1;EMA50=1;VWAP=1;BIAS=1,1.00,-0.33,24976.36,25098.46,stop to breakeven
118,2025.01.21 15:20:39,2025.01.21 17:50:39,TP1_REACHED,XAUUSD,M5,40,BUY,FULLTGT,EVENING,0,2726.12,2722.44,2726.12,3.68,1.00,3.68,2729.80,2733.49,2737.17,2740.86,2744.54,0.33,0.00,0.33,2729.80,1.00,1.00,0.00,2724.36,2723.54,2721.27,2724.11,2723.40,1.417,1.61,44.27,70.67,70.67,1.73,1.44,0.29,2721.57,2729.22,1336,1105,100.0,0.0,6,1,CROSS=EMA9>EMA21;TREND=1;STRUCT=1;VOL=1;COOL=1;EMA50=1;VWAP=1;BIAS=1,1.00,-0.33,24976.36,25098.46,full target: no partial booked
119,2025.01.21 15:27:16,2025.01.21 17:57:16,EXIT_BE,XAUUSD,M5,40,BUY,FULLTGT,EVENING,0,2726.12,2722.44,2726.12,3.68,1.00,3.68,2729.80,2733.49,2737.17,2740.86,2744.54,0.33,0.33,0.00,2726.11,0.00,-0.00,-2.65,2724.53,2723.65,2721.35,2724.36,2723.54,1.391,1.65,45.94,62.28,62.28,1.68,1.49,0.19,2721.63,2727.85,1350,1132,85.7,14.3,6,1,CROSS=EMA9>EMA21;TREND=1;STRUCT=1;VOL=1;COOL=1;EMA50=1;VWAP=1;BIAS=1,1.07,-0.33,24974.87,24974.87,stopped at breakeven
120,2025.01.22 01:00:00,2025.01.22 03:30:00,DAY_SUMMARY,XAUUSD,M5,40,FLAT,NA,DAY,0,0.00,0.00,0.00,0.00,1.00,0.00,0.00,0.00,0.00,0.00,0.00,0.00,0.00,0.00,0.00,0.00,-1.01,-129.01,2742.71,2740.61,2735.67,2742.60,2740.51,5.706,0.87,23.94,63.98,63.98,0.57,0.24,0.33,2727.42,2744.69,108,265,71.4,0.0,8,1,CROSS=EMA9>EMA21;TREND=1;STRUCT=1;VOL=1;COOL=1;EMA50=1;VWAP=1;BIAS=1,0.00,0.00,24974.87,24974.87,2025.01.21 trades=2 W=0 L=2 gross_profit=0.00 gross_loss=129.01 net=-129.01 PF=0.00
121,2025.01.22 17:20:00,2025.01.22 19:50:00,SKIP,XAUUSD,M5,40,FLAT,NA,EVENING,0,0.00,0.00,0.00,0.00,1.00,0.00,0.00,0.00,0.00,0.00,0.00,0.00,0.00,0.00,0.00,0.00,0.00,0.00,2755.11,2755.16,2752.80,2755.22,2755.21,0.836,2.82,20.55,45.20,45.20,-0.96,-0.75,-0.21,2752.83,2753.06,1369,1408,14.3,57.1,6,1,CROSS=EMA9<EMA21;TREND=1;STRUCT=1;VOL=1;COOL=1;EMA50=1;VWAP=0;BIAS=1,0.00,0.00,24974.87,24974.87,quality filter
122,2025.01.22 17:50:00,2025.01.22 20:20:00,SKIP,XAUUSD,M5,40,FLAT,NA,EVENING,0,0.00,0.00,0.00,0.00,1.00,0.00,0.00,0.00,0.00,0.00,0.00,0.00,0.00,0.00,0.00,0.00,0.00,0.00,2755.39,2755.29,2753.04,2755.18,2755.19,0.886,2.54,20.48,63.58,63.58,0.25,-0.56,0.81,2752.96,2759.53,1497,1382,85.7,0.0,8,1,CROSS=EMA9>EMA21;TREND=1;STRUCT=1;VOL=1;COOL=1;EMA50=1;VWAP=1;BIAS=1,0.00,0.00,24974.87,24974.87,already positioned that way
123,2025.01.22 22:35:00,2025.01.23 01:05:00,SKIP,XAUUSD,M5,40,FLAT,NA,DAY,0,0.00,0.00,0.00,0.00,1.00,0.00,0.00,0.00,0.00,0.00,0.00,0.00,0.00,0.00,0.00,0.00,0.00,0.00,2756.45,2756.48,2755.08,2756.51,2756.51,2.022,0.69,25.38,40.37,40.37,-0.43,-0.49,0.05,2753.78,2755.26,558,452,28.6,71.4,9,1,CROSS=EMA9>EMA21;TREND=1;STRUCT=1;VOL=1;COOL=1;EMA50=1;VWAP=1;BIAS=1,0.00,0.00,24974.87,24974.87,outside the killzone window
124,2025.01.23 18:50:00,2025.01.23 21:20:00,SKIP,XAUUSD,M5,40,FLAT,NA,EVENING,0,0.00,0.00,0.00,0.00,1.00,0.00,0.00,0.00,0.00,0.00,0.00,0.00,0.00,0.00,0.00,0.00,0.00,0.00,2747.62,2747.46,2748.88,2747.17,2747.23,-0.584,2.43,23.18,72.55,72.55,2.56,1.64,0.92,2749.31,2756.48,877,808,85.7,0.0,9,1,CROSS=EMA9>EMA21;TREND=1;STRUCT=1;VOL=1;COOL=1;EMA50=1;VWAP=1;BIAS=1,0.00,0.00,24974.87,24974.87,outside the killzone window
125,2025.01.24 19:10:00,2025.01.24 21:40:00,SKIP,XAUUSD,M5,40,FLAT,NA,EVENING,0,0.00,0.00,0.00,0.00,1.00,0.00,0.00,0.00,0.00,0.00,0.00,0.00,0.00,0.00,0.00,0.00,0.00,0.00,2777.08,2777.10,2774.41,2777.26,2777.19,1.181,2.28,33.55,40.04,40.04,-1.89,-1.55,-0.34,2774.27,2773.57,624,852,0.0,85.7,9,1,CROSS=EMA9>EMA21;TREND=1;STRUCT=1;VOL=1;COOL=1;EMA50=1;VWAP=1;BIAS=1,0.00,0.00,24974.87,24974.87,outside the killzone window
126,2025.01.27 01:00:00,2025.01.27 03:30:00,WEEK_SUMMARY,XAUUSD,M5,40,FLAT,NA,DAY,0,0.00,0.00,0.00,0.00,1.00,0.00,0.00,0.00,0.00,0.00,0.00,0.00,0.00,0.00,0.00,0.00,-1.01,-129.01,2772.66,2773.77,2773.65,2772.72,2773.83,0.142,0.84,28.27,43.41,43.41,-0.55,-0.64,0.09,2774.13,2771.48,40,258,14.3,71.4,13,1,CROSS=EMA9>EMA21;TREND=1;STRUCT=1;VOL=1;COOL=1;EMA50=1;VWAP=1;BIAS=1,0.00,0.00,24974.87,24974.87,days=1 trades=2 W=0 L=2 gross_profit=0.00 gross_loss=129.01 net=-129.01 PF=0.00 pips=-355.0
127,2025.01.27 12:00:00,2025.01.27 14:30:00,SKIP,XAUUSD,M5,40,FLAT,NA,DAY,0,0.00,0.00,0.00,0.00,1.00,0.00,0.00,0.00,0.00,0.00,0.00,0.00,0.00,0.00,0.00,0.00,0.00,0.00,2758.35,2758.33,2761.25,2758.09,2758.20,-1.197,2.44,43.63,62.51,62.51,2.34,2.25,0.09,2759.09,2763.44,687,769,85.7,0.0,6,1,CROSS=EMA9>EMA21;TREND=1;STRUCT=1;VOL=1;COOL=1;EMA50=1;VWAP=1;BIAS=1,0.00,0.00,24974.87,24974.87,already positioned that way
128,2025.01.27 15:55:00,2025.01.27 18:25:00,ENTRY,XAUUSD,M5,42,SELL,FULLTGT,EVENING,0,2756.94,2762.20,2762.20,5.26,1.00,5.26,2751.68,2746.42,2741.16,2735.90,2730.64,0.23,0.23,0.23,2756.94,0.00,0.00,0.00,2761.67,2761.76,2762.44,2761.91,2761.89,-0.255,2.63,46.61,38.68,38.68,-2.63,-2.01,-0.62,2760.76,2756.94,882,773,14.3,85.7,5,1,CROSS=EMA9<EMA21;TREND=1;STRUCT=1;VOL=1;COOL=1;EMA50=1;VWAP=1;BIAS=1,0.00,0.00,24974.06,24972.91,KZ=NY; KZR=London H @ 2777.90 892 bars ago (high taken); EVENING 4PM-12AM IST session: stop x1.00 of usual; no partials; full size to TP5; SL steps BE->TP1->TP2->TP3
129,2025.01.27 16:23:57,2025.01.27 18:53:57,SL_MOVE,XAUUSD,M5,42,SELL,FULLTGT,EVENING,0,2756.94,2762.20,2756.94,5.26,1.00,5.26,2751.68,2746.42,2741.16,2735.90,2730.64,0.23,0.00,0.23,2756.94,1.00,0.00,0.00,2760.04,2760.89,2761.95,2760.43,2761.11,-0.371,2.85,38.37,32.69,32.69,-2.82,-2.63,-0.19,2760.57,2752.30,901,774,0.0,100.0,5,1,CROSS=EMA9<EMA21;TREND=1;STRUCT=1;VOL=1;COOL=1;EMA50=1;VWAP=1;BIAS=1,1.01,-0.24,24974.06,25095.27,stop to breakeven
130,2025.01.27 16:23:57,2025.01.27 18:53:57,TP1_REACHED,XAUUSD,M5,42,SELL,FULLTGT,EVENING,0,2756.94,2762.20,2756.94,5.26,1.00,5.26,2751.68,2746.42,2741.16,2735.90,2730.64,0.23,0.00,0.23,2751.68,1.00,1.00,0.00,2760.04,2760.89,2761.95,2760.43,2761.11,-0.371,2.85,38.37,32.69,32.69,-2.82,-2.63,-0.19,2760.57,2752.30,901,774,0.0,100.0,5,1,CROSS=EMA9<EMA21;TREND=1;STRUCT=1;VOL=1;COOL=1;EMA50=1;VWAP=1;BIAS=1,1.01,-0.24,24974.06,25095.27,full target: no partial booked
131,2025.01.27 16:31:28,2025.01.27 19:01:28,SL_MOVE,XAUUSD,M5,42,SELL,FULLTGT,EVENING,0,2756.94,2762.20,2751.68,5.26,1.00,5.26,2751.68,2746.42,2741.16,2735.90,2730.64,0.23,0.00,0.23,2751.68,2.00,0.00,0.00,2759.15,2760.39,2761.67,2759.58,2760.64,-0.412,3.09,38.77,30.20,30.20,-3.15,-2.77,-0.37,2760.42,2750.71,873,806,14.3,85.7,10,1,CROSS=EMA9<EMA21;TREND=1;STRUCT=1;VOL=1;COOL=1;EMA50=1;VWAP=1;BIAS=1,2.00,-0.24,24974.06,25216.71,stop trailed to TP1
132,2025.01.27 16:31:28,2025.01.27 19:01:28,TP2_REACHED,XAUUSD,M5,42,SELL,FULLTGT,EVENING,0,2756.94,2762.20,2751.68,5.26,1.00,5.26,2751.68,2746.42,2741.16,2735.90,2730.64,0.23,0.00,0.23,2746.42,2.00,2.00,0.00,2759.15,2760.39,2761.67,2759.58,2760.64,-0.412,3.09,38.77,30.20,30.20,-3.15,-2.77,-0.37,2760.42,2750.71,873,806,14.3,85.7,10,1,CROSS=EMA9<EMA21;TREND=1;STRUCT=1;VOL=1;COOL=1;EMA50=1;VWAP=1;BIAS=1,2.00,-0.24,24974.06,25216.71,full target: no partial booked
133,2025.01.27 16:36:04,2025.01.27 19:06:04,EXIT_TRAIL_SL,XAUUSD,M5,42,SELL,FULLTGT,EVENING,0,2756.94,2762.20,2751.68,5.26,1.00,5.26,2751.68,2746.42,2741.16,2735.90,2730.64,0.23,0.23,0.00,2751.68,0.00,1.00,119.36,2758.64,2760.10,2761.51,2759.15,2760.39,-0.439,3.19,40.72,27.13,27.13,-3.36,-2.84,-0.52,2760.30,2748.72,1254,842,0.0,100.0,7,1,CROSS=EMA9<EMA21;TREND=1;STRUCT=1;VOL=1;COOL=1;EMA50=1;VWAP=1;BIAS=1,2.25,-0.24,25094.23,25094.23,stopped at a trailed level
134,2025.01.28 01:00:00,2025.01.28 03:30:00,DAY_SUMMARY,XAUUSD,M5,42,FLAT,NA,DAY,0,0.00,0.00,0.00,0.00,1.00,0.00,0.00,0.00,0.00,0.00,0.00,0.00,0.00,0.00,0.00,0.00,1.00,119.36,2740.68,2742.00,2746.83,2740.68,2742.04,-5.595,0.86,43.31,47.19,47.19,0.59,1.08,-0.49,2754.30,2740.70,82,217,14.3,71.4,11,1,CROSS=EMA9<EMA21;TREND=1;STRUCT=1;VOL=1;COOL=1;EMA50=1;VWAP=1;BIAS=1,0.00,0.00,25094.23,25094.23,2025.01.27 trades=1 W=1 L=0 gross_profit=119.36 gross_loss=0.00 net=119.36 PF=0.00
135,2025.01.28 03:30:00,2025.01.28 06:00:00,ENTRY,XAUUSD,M5,44,BUY,FULLTGT,DAY,0,2744.74,2741.32,2741.32,3.42,1.00,3.42,2748.16,2751.57,2754.99,2758.41,2761.83,0.36,0.36,0.36,2744.74,0.00,0.00,0.00,2742.40,2742.36,2745.50,2742.29,2742.31,-1.835,1.71,11.74,58.96,58.96,0.74,0.52,0.22,2742.50,2744.64,377,311,85.7,0.0,10,1,CROSS=EMA9>EMA21;TREND=1;STRUCT=1;VOL=1;COOL=1;EMA50=1;VWAP=1;BIAS=1,0.00,0.00,25092.97,25089.37,KZ=ASIA; KZR=London H @ 2777.90 1031 bars ago (high taken); DAY 12AM-4PM IST session: stop x1.00 of usual; no partials; full size to TP5; SL steps BE->TP1->TP2->TP3
136,2025.01.28 03:58:28,2025.01.28 06:28:28,EXIT_SL,XAUUSD,M5,44,BUY,FULLTGT,DAY,0,2744.74,2741.32,2741.32,3.42,1.00,3.42,2748.16,2751.57,2754.99,2758.41,2761.83,0.36,0.36,0.00,2741.30,0.00,-1.01,-126.36,2742.53,2742.44,2745.35,2742.54,2742.44,-1.838,1.58,25.31,47.29,47.29,0.31,0.57,-0.26,2742.59,2742.33,168,307,14.3,71.4,9,1,CROSS=EMA9>EMA21;TREND=1;STRUCT=1;VOL=1;COOL=1;EMA50=1;VWAP=1;BIAS=1,0.00,-0.99,24967.87,24967.87,stopped at the initial SL (x1.00 of usual)
137,2025.01.28 04:05:00,2025.01.28 06:35:00,ENTRY,XAUUSD,M5,46,SELL,FULLTGT,DAY,0,2738.96,2742.54,2742.54,3.58,1.00,3.58,2735.38,2731.79,2728.21,2724.63,2721.05,0.34,0.34,0.34,2738.96,0.00,0.00,0.00,2742.31,2742.33,2745.22,2742.48,2742.41,-1.614,1.79,35.81,35.25,35.25,-0.18,0.43,-0.61,2742.35,2738.96,871,353,0.0,100.0,11,1,CROSS=EMA9<EMA21;TREND=1;STRUCT=1;VOL=1;COOL=1;EMA50=1;VWAP=1;BIAS=1,0.00,0.00,24966.68,24962.94,KZ=ASIA; KZR=London H @ 2777.90 1038 bars ago (high taken); DAY 12AM-4PM IST session: stop x1.00 of usual; no partials; full size to TP5; SL steps BE->TP1->TP2->TP3
138,2025.01.28 06:59:37,2025.01.28 09:29:37,EXIT_SL,XAUUSD,M5,46,SELL,FULLTGT,DAY,0,2738.96,2742.54,2742.54,3.58,1.00,3.58,2735.38,2731.79,2728.21,2724.63,2721.05,0.34,0.34,0.00,2742.57,0.00,-1.01,-125.12,2740.41,2740.96,2743.39,2740.39,2740.97,-2.597,0.93,19.54,54.22,54.22,-0.03,-0.14,0.11,2741.09,2740.77,265,330,42.9,28.6,13,1,CROSS=EMA9<EMA21;TREND=1;STRUCT=1;VOL=1;COOL=1;EMA50=1;VWAP=1;BIAS=1,0.30,-0.99,24842.75,24842.75,stopped at the initial SL (x1.00 of usual)
139,2025.01.28 07:55:00,2025.01.28 10:25:00,ENTRY,XAUUSD,M5,48,BUY,FULLTGT,DAY,0,2742.11,2739.87,2739.87,2.24,1.00,2.24,2744.35,2746.60,2748.84,2751.09,2753.33,0.55,0.55,0.55,2742.11,0.00,0.00,0.00,2741.43,2741.42,2743.30,2741.40,2741.40,-1.675,1.12,26.12,52.67,52.67,0.48,0.70,-0.22,2741.33,2742.04,222,329,71.4,14.3,7,1,CROSS=EMA9>EMA21;TREND=1;STRUCT=1;VOL=1;COOL=1;EMA50=1;VWAP=1;BIAS=1,0.00,0.00,24840.82,24836.97,KZ=ASIA; KZR=London H @ 2777.90 1084 bars ago (high taken); DAY 12AM-4PM IST session: stop x1.00 of usual; no partials; full size to TP5; SL steps BE->TP1->TP2->TP3
140,2025.01.28 08:32:39,2025.01.28 11:02:39,EXIT_SL,XAUUSD,M5,48,BUY,FULLTGT,DAY,0,2742.11,2739.87,2739.87,2.24,1.00,2.24,2744.35,2746.60,2748.84,2751.09,2753.33,0.55,0.55,0.00,2739.85,0.00,-1.01,-128.16,2741.50,2741.46,2743.16,2741.53,2741.48,-1.835,0.93,25.72,44.87,44.87,0.12,0.33,-0.22,2741.36,2740.91,294,324,14.3,71.4,7,1,CROSS=EMA9>EMA21;TREND=1;STRUCT=1;VOL=1;COOL=1;EMA50=1;VWAP=1;BIAS=1,0.36,-0.99,24714.59,24714.59,stopped at the initial SL (x1.00 of usual)
141,2025.01.28 08:40:00,2025.01.28 11:10:00,SKIP,XAUUSD,M5,48,FLAT,NA,DAY,0,0.00,0.00,0.00,0.00,1.00,0.00,0.00,0.00,0.00,0.00,0.00,0.00,0.00,0.00,0.00,0.00,0.00,0.00,2741.36,2741.39,2743.09,2741.45,2741.44,-1.790,0.95,32.37,37.65,37.65,-0.16,0.21,-0.36,2741.34,2739.59,279,325,0.0,85.7,9,1,CROSS=EMA9>EMA21;TREND=1;STRUCT=1;VOL=1;COOL=1;EMA50=1;VWAP=1;BIAS=1,0.00,0.00,24714.59,24714.59,outside the killzone window
142,2025.01.28 11:45:00,2025.01.28 14:15:00,SKIP,XAUUSD,M5,48,FLAT,NA,DAY,0,0.00,0.00,0.00,0.00,1.00,0.00,0.00,0.00,0.00,0.00,0.00,0.00,0.00,0.00,0.00,0.00,0.00,0.00,2740.97,2740.93,2742.13,2740.85,2740.87,-0.616,1.96,30.11,60.72,60.72,0.98,0.59,0.39,2741.03,2743.16,562,566,85.7,0.0,7,1,CROSS=EMA9>EMA21;TREND=1;STRUCT=1;VOL=1;COOL=1;EMA50=1;VWAP=1;BIAS=1,0.00,0.00,24714.59,24714.59,already positioned that way
143,2025.01.29 01:00:00,2025.01.29 03:30:00,DAY_SUMMARY,XAUUSD,M5,48,FLAT,NA,DAY,0,0.00,0.00,0.00,0.00,1.00,0.00,0.00,0.00,0.00,0.00,0.00,0.00,0.00,0.00,0.00,0.00,-3.02,-379.64,2762.89,2760.28,2755.64,2762.87,2760.21,7.004,0.66,16.42,47.22,47.22,0.05,0.14,-0.09,2748.69,2763.17,135,263,28.6,42.9,11,1,CROSS=EMA9>EMA21;TREND=1;STRUCT=1;VOL=1;COOL=1;EMA50=1;VWAP=1;BIAS=1,0.00,0.00,24714.59,24714.59,2025.01.28 trades=3 W=0 L=3 gross_profit=0.00 gross_loss=379.64 net=-379.64 PF=0.00
144,2025.01.29 07:50:00,2025.01.29 10:20:00,ENTRY,XAUUSD,M5,50,SELL,FULLTGT,DAY,0,2761.25,2762.79,2762.79,1.54,1.00,1.54,2759.71,2758.16,2756.62,2755.08,2753.54,0.80,0.80,0.80,2761.25,0.00,0.00,0.00,2762.80,2762.83,2760.62,2762.88,2762.87,2.861,0.77,37.42,38.79,38.79,-0.58,-0.42,-0.17,2763.65,2761.25,380,318,14.3,85.7,7,1,CROSS=EMA9<EMA21;TREND=1;STRUCT=1;VOL=1;COOL=1;EMA50=1;VWAP=1;BIAS=1,0.00,0.00,24711.79,24706.19,KZ=ASIA; KZR=Asia L @ 2737.89 258 bars ago (low taken); DAY 12AM-4PM IST session: stop x1.00 of usual; no partials; full size to TP5; SL steps BE->TP1->TP2->TP3
145,2025.01.29 08:54:42,2025.01.29 11:24:42,SL_MOVE,XAUUSD,M5,50,SELL,FULLTGT,DAY,0,2761.25,2762.79,2761.25,1.54,1.00,1.54,2759.71,2758.16,2756.62,2755.08,2753.54,0.80,0.00,0.80,2761.25,1.00,0.00,0.00,2761.91,2762.31,2760.65,2761.97,2762.35,1.551,1.07,37.70,43.31,43.31,-0.50,-0.58,0.08,2763.24,2760.63,257,335,14.3,71.4,13,1,CROSS=EMA9<EMA21;TREND=1;STRUCT=1;VOL=1;COOL=1;EMA50=1;VWAP=1;BIAS=1,0.99,-0.79,24711.79,24835.79,stop to breakeven
146,2025.01.29 08:54:42,2025.01.29 11:24:42,TP1_REACHED,XAUUSD,M5,50,SELL,FULLTGT,DAY,0,2761.25,2762.79,2761.25,1.54,1.00,1.54,2759.71,2758.16,2756.62,2755.08,2753.54,0.80,0.00,0.80,2759.71,1.00,1.00,0.00,2761.91,2762.31,2760.65,2761.97,2762.35,1.551,1.07,37.70,43.31,43.31,-0.50,-0.58,0.08,2763.24,2760.63,257,335,14.3,71.4,13,1,CROSS=EMA9<EMA21;TREND=1;STRUCT=1;VOL=1;COOL=1;EMA50=1;VWAP=1;BIAS=1,0.99,-0.79,24711.79,24835.79,full target: no partial booked
147,2025.01.29 09:23:17,2025.01.29 11:53:17,SL_MOVE,XAUUSD,M5,50,SELL,FULLTGT,DAY,0,2761.25,2762.79,2759.71,1.54,1.00,1.54,2759.71,2758.16,2756.62,2755.08,2753.54,0.80,0.00,0.80,2759.71,2.00,0.00,0.00,2761.25,2761.90,2760.56,2761.37,2761.98,1.110,1.21,41.66,36.22,36.22,-0.75,-0.63,-0.12,2762.91,2758.83,428,402,0.0,100.0,5,1,CROSS=EMA9<EMA21;TREND=1;STRUCT=1;VOL=1;COOL=1;EMA50=1;VWAP=1;BIAS=1,2.00,-0.79,24711.79,24959.79,stop trailed to TP1
148,2025.01.29 09:23:17,2025.01.29 11:53:17,TP2_REACHED,XAUUSD,M5,50,SELL,FULLTGT,DAY,0,2761.25,2762.79,2759.71,1.54,1.00,1.54,2759.71,2758.16,2756.62,2755.08,2753.54,0.80,0.00,0.80,2758.16,2.00,2.00,0.00,2761.25,2761.90,2760.56,2761.37,2761.98,1.110,1.21,41.66,36.22,36.22,-0.75,-0.63,-0.12,2762.91,2758.83,428,402,0.0,100.0,5,1,CROSS=EMA9<EMA21;TREND=1;STRUCT=1;VOL=1;COOL=1;EMA50=1;VWAP=1;BIAS=1,2.00,-0.79,24711.79,24959.79,full target: no partial booked
149,2025.01.29 09:52:41,2025.01.29 12:22:41,EXIT_TRAIL_SL,XAUUSD,M5,50,SELL,FULLTGT,DAY,0,2761.25,2762.79,2759.71,1.54,1.00,1.54,2759.71,2758.16,2756.62,2755.08,2753.54,0.80,0.80,0.00,2759.73,0.00,0.99,116.00,2760.41,2761.36,2760.37,2760.53,2761.44,0.870,1.13,38.47,36.66,36.66,-0.98,-0.87,-0.11,2762.52,2758.05,415,414,14.3,85.7,9,1,CROSS=EMA9<EMA21;TREND=1;STRUCT=1;VOL=1;COOL=1;EMA50=1;VWAP=1;BIAS=1,2.48,-0.79,24830.59,24830.59,stopped at a trailed level
150,2025.01.29 11:25:00,2025.01.29 13:55:00,ENTRY,XAUUSD,M5,52,BUY,FULLTGT,DAY,0,2762.85,2759.76,2759.76,3.09,1.00,3.09,2765.94,2769.04,2772.13,2775.23,2778.32,0.40,0.40,0.40,2762.85,0.00,0.00,0.00,2761.88,2761.87,2760.86,2761.83,2761.85,0.655,1.55,30.48,53.45,53.45,0.63,0.88,-0.25,2762.57,2762.80,505,571,71.4,14.3,5,1,CROSS=EMA9>EMA21;TREND=1;STRUCT=1;VOL=1;COOL=1;EMA50=1;VWAP=1;BIAS=1,0.00,0.00,24829.19,24827.19,KZ=LONDON; KZR=Asia L @ 2737.89 301 bars ago (low taken); DAY 12AM-4PM IST session: stop x1.00 of usual; no partials; full size to TP5; SL steps BE->TP1->TP2->TP3
151,2025.01.29 12:24:27,2025.01.29 14:54:27,EXIT_SL,XAUUSD,M5,52,BUY,FULLTGT,DAY,0,2762.85,2759.76,2759.76,3.09,1.00,3.09,2765.94,2769.04,2772.13,2775.23,2778.32,0.40,0.40,0.00,2759.76,0.00,-1.00,-126.40,2762.24,2762.09,2761.11,2762.33,2762.13,0.713,1.38,19.27,39.43,39.43,0.06,0.46,-0.40,2762.60,2760.52,660,574,14.3,71.4,7,1,CROSS=EMA9>EMA21;TREND=1;STRUCT=1;VOL=1;COOL=1;EMA50=1;VWAP=1;BIAS=1,0.51,-0.99,24704.19,24704.19,stopped at the initial SL (x1.00 of usual)
152,2025.01.29 12:35:00,2025.01.29 15:05:00,ENTRY,XAUUSD,M5,54,SELL,FULLTGT,DAY,0,2759.66,2762.30,2762.30,2.64,1.00,2.64,2757.02,2754.39,2751.75,2749.12,2746.48,0.46,0.46,0.46,2759.66,0.00,0.00,0.00,2761.87,2761.91,2761.05,2761.98,2761.97,0.651,1.32,33.01,37.06,37.06,-0.51,0.14,-0.64,2762.49,2759.65,729,584,14.3,85.7,8,1,CROSS=EMA9<EMA21;TREND=1;STRUCT=1;VOL=1;COOL=1;EMA50=1;VWAP=1;BIAS=1,0.00,0.00,24702.58,24698.90,KZ=LONDON; KZR=Asia L @ 2737.89 315 bars ago (low taken); DAY 12AM-4PM IST session: stop x1.00 of usual; no partials; full size to TP5; SL steps BE->TP1->TP2->TP3
153,2025.01.29 14:08:21,2025.01.29 16:38:21,SL_MOVE,XAUUSD,M5,54,SELL,FULLTGT,EVENING,0,2759.66,2762.30,2759.66,2.64,1.00,2.64,2757.02,2754.39,2751.75,2749.12,2746.48,0.46,0.00,0.46,2759.66,1.00,0.00,0.00,2759.93,2760.70,2760.55,2760.05,2760.78,0.144,1.04,24.63,36.32,36.32,-0.61,-0.75,0.14,2761.88,2757.64,573,547,14.3,71.4,7,1,CROSS=EMA9<EMA21;TREND=1;STRUCT=1;VOL=1;COOL=1;EMA50=1;VWAP=1;BIAS=1,1.00,-0.10,24702.58,24824.02,stop to breakeven
154,2025.01.29 14:08:21,2025.01.29 16:38:21,TP1_REACHED,XAUUSD,M5,54,SELL,FULLTGT,EVENING,0,2759.66,2762.30,2759.66,2.64,1.00,2.64,2757.02,2754.39,2751.75,2749.12,2746.48,0.46,0.00,0.46,2757.02,1.00,1.00,0.00,2759.93,2760.70,2760.55,2760.05,2760.78,0.144,1.04,24.63,36.32,36.32,-0.61,-0.75,0.14,2761.88,2757.64,573,547,14.3,71.4,7,1,CROSS=EMA9<EMA21;TREND=1;STRUCT=1;VOL=1;COOL=1;EMA50=1;VWAP=1;BIAS=1,1.00,-0.10,24702.58,24824.02,full target: no partial booked
155,2025.01.29 15:17:37,2025.01.29 17:47:37,SL_MOVE,XAUUSD,M5,54,SELL,FULLTGT,EVENING,0,2759.66,2762.30,2757.02,2.64,1.00,2.64,2757.02,2754.39,2751.75,2749.12,2746.48,0.46,0.00,0.46,2757.02,2.00,0.00,0.00,2758.51,2759.64,2760.00,2758.60,2759.72,-0.225,1.59,50.53,40.85,40.85,-0.65,-0.74,0.09,2761.21,2756.76,816,654,14.3,85.7,4,1,CROSS=EMA9<EMA21;TREND=1;STRUCT=1;VOL=1;COOL=1;EMA50=1;VWAP=1;BIAS=1,1.99,-0.10,24702.58,24945.92,stop trailed to TP1
156,2025.01.29 15:17:37,2025.01.29 17:47:37,TP2_REACHED,XAUUSD,M5,54,SELL,FULLTGT,EVENING,0,2759.66,2762.30,2757.02,2.64,1.00,2.64,2757.02,2754.39,2751.75,2749.12,2746.48,0.46,0.00,0.46,2754.39,2.00,2.00,0.00,2758.51,2759.64,2760.00,2758.60,2759.72,-0.225,1.59,50.53,40.85,40.85,-0.65,-0.74,0.09,2761.21,2756.76,816,654,14.3,85.7,4,1,CROSS=EMA9<EMA21;TREND=1;STRUCT=1;VOL=1;COOL=1;EMA50=1;VWAP=1;BIAS=1,1.99,-0.10,24702.58,24945.92,full target: no partial booked
157,2025.01.29 15:35:30,2025.01.29 18:05:30,EXIT_TRAIL_SL,XAUUSD,M5,54,SELL,FULLTGT,EVENING,0,2759.66,2762.30,2757.02,2.64,1.00,2.64,2757.02,2754.39,2751.75,2749.12,2746.48,0.46,0.46,0.00,2757.02,0.00,1.00,118.22,2757.83,2759.18,2759.74,2757.90,2759.24,-0.278,2.04,41.13,46.55,46.55,-0.97,-0.85,-0.12,2760.84,2756.46,848,773,14.3,85.7,5,1,CROSS=EMA9<EMA21;TREND=1;STRUCT=1;VOL=1;COOL=1;EMA50=1;VWAP=1;BIAS=1,2.82,-0.10,24822.41,24822.41,stopped at a trailed level
158,2025.01.29 23:40:00,2025.01.30 02:10:00,SKIP,XAUUSD,M5,54,FLAT,NA,DAY,0,0.00,0.00,0.00,0.00,1.00,0.00,0.00,0.00,0.00,0.00,0.00,0.00,0.00,0.00,0.00,0.00,0.00,0.00,2754.49,2754.44,2755.68,2754.38,2754.38,-1.064,1.17,31.74,58.12,58.12,0.96,0.95,0.01,2757.74,2756.72,215,497,71.4,14.3,12,1,CROSS=EMA9<EMA21;TREND=1;STRUCT=1;VOL=1;COOL=1;EMA50=1;VWAP=1;BIAS=1,0.00,0.00,24822.41,24822.41,outside the killzone window
159,2025.01.30 01:00:00,2025.01.30 03:30:00,DAY_SUMMARY,XAUUSD,M5,54,FLAT,NA,DAY,0,0.00,0.00,0.00,0.00,1.00,0.00,0.00,0.00,0.00,0.00,0.00,0.00,0.00,0.00,0.00,0.00,0.99,107.82,2755.19,2754.81,2755.81,2754.96,2754.69,-0.889,1.12,45.25,68.35,68.35,1.29,1.00,0.28,2757.74,2759.68,212,401,85.7,0.0,13,1,CROSS=EMA9<EMA21;TREND=1;STRUCT=1;VOL=1;COOL=1;EMA50=1;VWAP=1;BIAS=1,0.00,0.00,24822.41,24822.41,2025.01.29 trades=3 W=2 L=1 gross_profit=234.22 gross_loss=126.40 net=107.82 PF=1.85
160,2025.01.31 09:00:00,2025.01.31 11:30:00,SKIP,XAUUSD,M5,54,FLAT,NA,DAY,0,0.00,0.00,0.00,0.00,1.00,0.00,0.00,0.00,0.00,0.00,0.00,0.00,0.00,0.00,0.00,0.00,0.00,0.00,2795.09,2795.11,2792.80,2795.21,2795.17,1.939,1.19,22.15,36.69,36.69,-0.49,-0.37,-0.11,2795.76,2792.75,473,334,0.0,85.7,8,1,CROSS=EMA9<EMA21;TREND=1;STRUCT=1;VOL=1;COOL=1;EMA50=1;VWAP=1;BIAS=1,0.00,0.00,24822.41,24822.41,already positioned that way
161,2025.01.31 09:20:00,2025.01.31 11:50:00,ENTRY,XAUUSD,M5,56,BUY,FULLTGT,DAY,0,2797.45,2794.57,2794.57,2.88,1.00,2.88,2800.33,2803.22,2806.10,2808.99,2811.87,0.43,0.43,0.43,2797.45,0.00,0.00,0.00,2795.14,2795.13,2792.92,2795.02,2795.07,1.533,1.44,22.24,62.27,62.27,-0.05,-0.36,0.32,2795.72,2797.39,477,359,85.7,0.0,6,1,CROSS=EMA9>EMA21;TREND=1;STRUCT=1;VOL=1;COOL=1;EMA50=1;VWAP=1;BIAS=1,0.00,0.00,24820.90,24818.32,KZ=LONDON; KZR=NY H @ 2786.02 203 bars ago (high taken); DAY 12AM-4PM IST session: stop x1.00 of usual; no partials; full size to TP5; SL steps BE->TP1->TP2->TP3
162,2025.01.31 09:31:02,2025.01.31 12:01:02,SL_MOVE,XAUUSD,M5,56,BUY,FULLTGT,DAY,0,2797.45,2794.57,2797.45,2.88,1.00,2.88,2800.33,2803.22,2806.10,2808.99,2811.87,0.43,0.00,0.43,2797.45,1.00,0.00,0.00,2795.56,2795.35,2793.08,2795.34,2795.23,1.468,1.54,30.05,70.42,70.42,0.63,-0.17,0.81,2795.81,2800.03,497,373,100.0,0.0,7,1,CROSS=EMA9>EMA21;TREND=1;STRUCT=1;VOL=1;COOL=1;EMA50=1;VWAP=1;BIAS=1,0.99,-0.22,24820.90,24945.17,stop to breakeven
163,2025.01.31 09:31:02,2025.01.31 12:01:02,TP1_REACHED,XAUUSD,M5,56,BUY,FULLTGT,DAY,0,2797.45,2794.57,2797.45,2.88,1.00,2.88,2800.33,2803.22,2806.10,2808.99,2811.87,0.43,0.00,0.43,2800.33,1.00,1.00,0.00,2795.56,2795.35,2793.08,2795.34,2795.23,1.468,1.54,30.05,70.42,70.42,0.63,-0.17,0.81,2795.81,2800.03,497,373,100.0,0.0,7,1,CROSS=EMA9>EMA21;TREND=1;STRUCT=1;VOL=1;COOL=1;EMA50=1;VWAP=1;BIAS=1,0.99,-0.22,24820.90,24945.17,full target: no partial booked
164,2025.01.31 09:44:40,2025.01.31 12:14:40,EXIT_BE,XAUUSD,M5,56,BUY,FULLTGT,DAY,0,2797.45,2794.57,2797.45,2.88,1.00,2.88,2800.33,2803.22,2806.10,2808.99,2811.87,0.43,0.43,0.00,2797.41,0.00,-0.01,-4.74,2795.99,2795.57,2793.25,2795.79,2795.47,1.427,1.63,38.01,68.24,68.24,1.06,0.12,0.95,2795.92,2799.80,523,391,85.7,14.3,11,1,CROSS=EMA9>EMA21;TREND=1;STRUCT=1;VOL=1;COOL=1;EMA50=1;VWAP=1;BIAS=1,1.22,-0.22,24817.67,24817.67,stopped at breakeven
165,2025.01.31 11:05:00,2025.01.31 13:35:00,ENTRY,XAUUSD,M5,58,SELL,FULLTGT,DAY,0,2793.38,2796.78,2796.78,3.40,1.00,3.40,2789.98,2786.58,2783.18,2779.78,2776.38,0.36,0.36,0.36,2793.38,0.00,0.00,0.00,2795.51,2795.51,2793.69,2795.62,2795.56,1.073,1.70,31.58,39.41,39.41,-0.85,-0.41,-0.43,2795.88,2793.38,932,558,14.3,85.7,10,1,CROSS=EMA9<EMA21;TREND=1;STRUCT=1;VOL=1;COOL=1;EMA50=1;VWAP=1;BIAS=1,0.00,0.00,24816.41,24812.81,KZ=LONDON; KZR=Asia H @ 2798.19 20 bars ago (high taken); DAY 12AM-4PM IST session: stop x1.00 of usual; no partials; full size to TP5; SL steps BE->TP1->TP2->TP3
166,2025.01.31 13:27:30,2025.01.31 15:57:30,EXIT_SL,XAUUSD,M5,58,SELL,FULLTGT,DAY,0,2793.38,2796.78,2796.78,3.40,1.00,3.40,2789.98,2786.58,2783.18,2779.78,2776.38,0.36,0.36,0.00,2796.80,0.00,-1.01,-125.64,2794.61,2794.91,2793.87,2794.56,2794.89,0.630,1.64,20.92,55.38,55.38,0.14,-0.33,0.47,2795.49,2795.60,608,505,57.1,28.6,7,1,CROSS=EMA9<EMA21;TREND=1;STRUCT=1;VOL=1;COOL=1;EMA50=1;VWAP=1;BIAS=1,0.68,-1.00,24692.03,24692.03,stopped at the initial SL (x1.00 of usual)
167,2025.01.31 13:50:00,2025.01.31 16:20:00,SKIP,XAUUSD,M5,58,FLAT,NA,EVENING,0,0.00,0.00,0.00,0.00,1.00,0.00,0.00,0.00,0.00,0.00,0.00,0.00,0.00,0.00,0.00,0.00,0.00,0.00,2795.23,2795.20,2794.09,2795.06,2795.12,0.735,1.51,38.81,65.11,65.11,0.83,0.28,0.55,2795.57,2798.44,582,540,100.0,0.0,10,1,CROSS=EMA9<EMA21;TREND=1;STRUCT=1;VOL=1;COOL=1;EMA50=1;VWAP=1;BIAS=1,0.00,0.00,24692.03,24692.03,outside the killzone window
168,2025.01.31 21:10:00,2025.01.31 23:40:00,SKIP,XAUUSD,M5,58,FLAT,NA,EVENING,0,0.00,0.00,0.00,0.00,1.00,0.00,0.00,0.00,0.00,0.00,0.00,0.00,0.00,0.00,0.00,0.00,0.00,0.00,2804.74,2804.86,2802.36,2805.08,2805.03,0.792,3.16,43.43,37.19,37.19,-2.71,-2.30,-0.41,2801.60,2798.27,931,1059,0.0,85.7,8,1,CROSS=EMA9<EMA21;TREND=1;STRUCT=1;VOL=1;COOL=1;EMA50=1;VWAP=1;BIAS=1,0.00,0.00,24692.03,24692.03,outside the killzone window
169,2025.02.03 01:00:00,2025.02.03 03:30:00,DAY_SUMMARY,XAUUSD,M5,58,FLAT,NA,DAY,0,0.00,0.00,0.00,0.00,1.00,0.00,0.00,0.00,0.00,0.00,0.00,0.00,0.00,0.00,0.00,0.00,-1.02,-130.38,2800.53,2801.74,2801.31,2800.64,2801.83,0.237,1.82,24.67,43.74,43.74,0.02,0.23,-0.21,2801.25,2798.47,90,477,0.0,71.4,50,1,CROSS=EMA9<EMA21;TREND=1;STRUCT=1;VOL=1;COOL=1;EMA50=1;VWAP=1;BIAS=1,0.00,0.00,24692.03,24692.03,2025.01.31 trades=2 W=0 L=2 gross_profit=0.00 gross_loss=130.38 net=-130.38 PF=0.00
170,2025.02.03 01:00:00,2025.02.03 03:30:00,WEEK_SUMMARY,XAUUSD,M5,58,FLAT,NA,DAY,0,0.00,0.00,0.00,0.00,1.00,0.00,0.00,0.00,0.00,0.00,0.00,0.00,0.00,0.00,0.00,0.00,-2.05,-282.84,2800.53,2801.74,2801.31,2800.64,2801.83,0.237,1.82,24.67,43.74,43.74,0.02,0.23,-0.21,2801.25,2798.47,90,477,0.0,71.4,50,1,CROSS=EMA9<EMA21;TREND=1;STRUCT=1;VOL=1;COOL=1;EMA50=1;VWAP=1;BIAS=1,0.00,0.00,24692.03,24692.03,days=4 trades=9 W=3 L=6 gross_profit=353.58 gross_loss=636.42 net=-282.84 PF=0.56 pips=-644.0
171,2025.02.03 01:00:00,2025.02.03 03:30:00,MONTH_SUMMARY,XAUUSD,M5,58,FLAT,NA,DAY,0,0.00,0.00,0.00,0.00,1.00,0.00,0.00,0.00,0.00,0.00,0.00,0.00,0.00,0.00,0.00,0.00,-1.80,-307.97,2800.53,2801.74,2801.31,2800.64,2801.83,0.237,1.82,24.67,43.74,43.74,0.02,0.23,-0.21,2801.25,2798.47,90,477,0.0,71.4,50,1,CROSS=EMA9<EMA21;TREND=1;STRUCT=1;VOL=1;COOL=1;EMA50=1;VWAP=1;BIAS=1,0.00,0.00,24692.03,24692.03,days=15 trades=29 W=6 L=23 gross_profit=1327.53 gross_loss=1635.50 net=-307.97 PF=0.81 pips=-1211.0
172,2025.02.03 10:00:00,2025.02.03 12:30:00,ENTRY,XAUUSD,M5,60,BUY,FULLTGT,DAY,0,2789.42,2785.30,2785.30,4.12,1.00,4.12,2793.54,2797.67,2801.79,2805.91,2810.03,0.29,0.29,0.29,2789.42,0.00,0.00,0.00,2785.53,2785.53,2788.64,2785.33,2785.43,-1.507,2.06,17.81,64.82,64.82,1.24,1.27,-0.03,2784.48,2789.36,571,633,57.1,14.3,6,1,CROSS=EMA9>EMA21;TREND=1;STRUCT=1;VOL=1;COOL=1;EMA50=1;VWAP=1;BIAS=1,0.00,0.00,24691.01,24689.27,KZ=LONDON; KZR=London H @ 2799.43 817 bars ago (high taken); DAY 12AM-4PM IST session: stop x1.00 of usual; no partials; full size to TP5; SL steps BE->TP1->TP2->TP3
173,2025.02.03 10:14:37,2025.02.03 12:44:37,SL_MOVE,XAUUSD,M5,60,BUY,FULLTGT,DAY,0,2789.42,2785.30,2789.42,4.12,1.00,4.12,2793.54,2797.67,2801.79,2805.91,2810.03,0.29,0.00,0.29,2789.42,1.00,0.00,0.00,2785.79,2785.66,2788.63,2785.64,2785.59,-1.290,2.30,21.63,59.20,59.20,1.14,1.20,-0.06,2784.57,2788.62,863,673,71.4,14.3,8,1,CROSS=EMA9>EMA21;TREND=1;STRUCT=1;VOL=1;COOL=1;EMA50=1;VWAP=1;BIAS=1,1.00,-0.62,24691.01,24811.36,stop to breakeven
174,2025.02.03 10:14:37,2025.02.03 12:44:37,TP1_REACHED,XAUUSD,M5,60,BUY,FULLTGT,DAY,0,2789.42,2785.30,2789.42,4.12,1.00,4.12,2793.54,2797.67,2801.79,2805.91,2810.03,0.29,0.00,0.29,2793.54,1.00,1.00,0.00,2785.79,2785.66,2788.63,2785.64,2785.59,-1.290,2.30,21.63,59.20,59.20,1.14,1.20,-0.06,2784.57,2788.62,863,673,71.4,14.3,8,1,CROSS=EMA9>EMA21;TREND=1;STRUCT=1;VOL=1;COOL=1;EMA50=1;VWAP=1;BIAS=1,1.00,-0.62,24691.01,24811.36,full target: no partial booked
175,2025.02.03 10:22:39,2025.02.03 12:52:39,SL_MOVE,XAUUSD,M5,60,BUY,FULLTGT,DAY,0,2789.42,2785.30,2793.54,4.12,1.00,4.12,2793.54,2797.67,2801.79,2805.91,2810.03,0.29,0.00,0.29,2793.54,2.00,0.00,0.00,2786.56,2786.06,2788.76,2786.16,2785.85,-1.085,2.48,32.02,73.81,73.81,1.84,1.29,0.55,2784.76,2794.48,868,699,100.0,0.0,6,1,CROSS=EMA9>EMA21;TREND=1;STRUCT=1;VOL=1;COOL=1;EMA50=1;VWAP=1;BIAS=1,1.98,-0.62,24691.01,24930.26,stop trailed to TP1
176,2025.02.03 10:22:39,2025.02.03 12:52:39,TP2_REACHED,XAUUSD,M5,60,BUY,FULLTGT,DAY,0,2789.42,2785.30,2793.54,4.12,1.00,4.12,2793.54,2797.67,2801.79,2805.91,2810.03,0.29,0.00,0.29,2797.67,2.00,2.00,0.00,2786.56,2786.06,2788.76,2786.16,2785.85,-1.085,2.48,32.02,73.81,73.81,1.84,1.29,0.55,2784.76,2794.48,868,699,100.0,0.0,6,1,CROSS=EMA9>EMA21;TREND=1;STRUCT=1;VOL=1;COOL=1;EMA50=1;VWAP=1;BIAS=1,1.98,-0.62,24691.01,24930.26,full target: no partial booked
177,2025.02.03 12:07:15,2025.02.03 14:37:15,EXIT_TRAIL_SL,XAUUSD,M5,60,BUY,FULLTGT,DAY,0,2789.42,2785.30,2793.54,4.12,1.00,4.12,2793.54,2797.67,2801.79,2805.91,2810.03,0.29,0.29,0.00,2793.53,0.00,1.00,117.15,2793.77,2790.81,2790.82,2793.68,2790.69,-0.006,2.01,23.91,50.17,50.17,1.53,2.24,-0.72,2786.97,2795.55,846,743,57.1,28.6,10,1,CROSS=EMA9>EMA21;TREND=1;STRUCT=1;VOL=1;COOL=1;EMA50=1;VWAP=1;BIAS=1,2.77,-0.62,24809.18,24809.18,stopped at a trailed level
178,2025.02.04 01:00:00,2025.02.04 03:30:00,DAY_SUMMARY,XAUUSD,M5,60,FLAT,NA,DAY,0,0.00,0.00,0.00,0.00,1.00,0.00,0.00,0.00,0.00,0.00,0.00,0.00,0.00,0.00,0.00,0.00,1.00,117.15,2816.69,2816.18,2811.73,2816.79,2816.21,2.732,1.63,45.13,44.33,44.33,-1.24,-1.22,-0.01,2802.02,2814.75,286,519,28.6,57.1,11,1,CROSS=EMA9>EMA21;TREND=1;STRUCT=1;VOL=1;COOL=1;EMA50=1;VWAP=1;BIAS=1,0.00,0.00,24809.18,24809.18,2025.02.03 trades=1 W=1 L=0 gross_profit=117.15 gross_loss=0.00 net=117.15 PF=0.00
179,2025.02.04 01:40:00,2025.02.04 04:10:00,SKIP,XAUUSD,M5,60,FLAT,NA,DAY,0,0.00,0.00,0.00,0.00,1.00,0.00,0.00,0.00,0.00,0.00,0.00,0.00,0.00,0.00,0.00,0.00,0.00,0.00,2815.72,2815.73,2811.92,2815.81,2815.78,2.255,1.69,34.66,44.25,44.25,-0.92,-1.14,0.22,2813.77,2813.91,230,365,28.6,57.1,10,1,CROSS=EMA9>EMA21;TREND=1;STRUCT=1;VOL=1;COOL=1;EMA50=1;VWAP=1;BIAS=1,0.00,0.00,24809.18,24809.18,outside the killzone window
180,2025.02.04 03:20:00,2025.02.04 05:50:00,SKIP,XAUUSD,M5,60,FLAT,NA,DAY,0,0.00,0.00,0.00,0.00,1.00,0.00,0.00,0.00,0.00,0.00,0.00,0.00,0.00,0.00,0.00,0.00,0.00,0.00,2815.66,2815.62,2812.68,2815.56,2815.56,2.691,1.09,44.05,63.92,63.92,0.64,0.34,0.30,2815.12,2817.70,578,304,100.0,0.0,7,1,CROSS=EMA9>EMA21;TREND=1;STRUCT=1;VOL=1;COOL=1;EMA50=1;VWAP=1;BIAS=1,0.00,0.00,24809.18,24809.18,already positioned that way
181,2025.02.04 08:00:00,2025.02.04 10:30:00,SKIP,XAUUSD,M5,60,FLAT,NA,DAY,0,0.00,0.00,0.00,0.00,1.00,0.00,0.00,0.00,0.00,0.00,0.00,0.00,0.00,0.00,0.00,0.00,0.00,0.00,2818.18,2818.21,2816.08,2818.30,2818.27,1.225,1.74,26.26,39.59,39.59,-1.15,-1.04,-0.12,2818.50,2815.84,611,635,0.0,85.7,10,1,CROSS=EMA9>EMA21;TREND=1;STRUCT=1;VOL=1;COOL=1;EMA50=1;VWAP=1;BIAS=1,0.00,0.00,24809.18,24809.18,outside the killzone window
182,2025.02.04 12:00:00,2025.02.04 14:30:00,SKIP,XAUUSD,M5,60,FLAT,NA,DAY,0,0.00,0.00,0.00,0.00,1.00,0.00,0.00,0.00,0.00,0.00,0.00,0.00,0.00,0.00,0.00,0.00,0.00,0.00,2816.12,2816.06,2815.47,2815.89,2815.94,0.300,1.93,37.75,65.69,65.69,1.71,1.13,0.59,2816.56,2820.53,562,798,85.7,0.0,6,1,CROSS=EMA9>EMA21;TREND=1;STRUCT=1;VOL=1;COOL=1;EMA50=1;VWAP=1;BIAS=1,0.00,0.00,24809.18,24809.18,already positioned that way
183,2025.02.04 12:45:00,2025.02.04 15:15:00,ENTRY,XAUUSD,M5,62,SELL,FULLTGT,DAY,0,2814.27,2817.67,2817.67,3.40,1.00,3.40,2810.87,2807.48,2804.08,2800.69,2797.29,0.36,0.36,0.36,2814.27,0.00,0.00,0.00,2816.02,2816.03,2815.53,2816.11,2816.08,0.297,1.70,36.50,42.69,42.69,-0.16,0.76,-0.92,2816.53,2814.27,688,725,0.0,85.7,6,1,CROSS=EMA9<EMA21;TREND=1;STRUCT=1;VOL=1;COOL=1;EMA50=1;VWAP=1;BIAS=1,0.00,0.00,24807.92,24805.76,KZ=LONDON; KZR=NY H @ 2817.11 241 bars ago (high taken); DAY 12AM-4PM IST session: stop x1.00 of usual; no partials; full size to TP5; SL steps BE->TP1->TP2->TP3
184,2025.02.04 14:13:40,2025.02.04 16:43:40,EXIT_SL,XAUUSD,M5,62,SELL,FULLTGT,EVENING,0,2814.27,2817.67,2817.67,3.40,1.00,3.40,2810.87,2807.48,2804.08,2800.69,2797.29,0.36,0.36,0.00,2817.68,0.00,-1.00,-125.28,2815.61,2815.76,2815.47,2815.59,2815.75,0.197,1.47,13.36,52.37,52.37,-0.02,-0.20,0.18,2816.35,2816.01,696,647,57.1,28.6,8,1,CROSS=EMA9<EMA21;TREND=1;STRUCT=1;VOL=1;COOL=1;EMA50=1;VWAP=1;BIAS=1,0.34,-1.00,24683.90,24683.90,stopped at the initial SL (x1.00 of usual)
185,2025.02.04 14:25:00,2025.02.04 16:55:00,ENTRY,XAUUSD,M5,64,BUY,FULLTGT,EVENING,0,2819.16,2815.93,2815.93,3.23,1.00,3.23,2822.39,2825.62,2828.85,2832.07,2835.30,0.38,0.38,0.38,2819.16,0.00,0.00,0.00,2815.99,2815.95,2815.58,2815.83,2815.87,0.230,1.61,22.65,65.56,65.56,0.54,0.03,0.51,2816.39,2819.12,688,630,85.7,0.0,5,1,CROSS=EMA9>EMA21;TREND=1;STRUCT=1;VOL=1;COOL=1;EMA50=1;VWAP=1;BIAS=1,0.00,0.00,24682.57,24680.67,KZ=NY; KZR=NY H @ 2817.11 261 bars ago (high taken); EVENING 4PM-12AM IST session: stop x1.00 of usual; no partials; full size to TP5; SL steps BE->TP1->TP2->TP3
186,2025.02.04 14:53:38,2025.02.04 17:23:38,SL_MOVE,XAUUSD,M5,64,BUY,FULLTGT,EVENING,0,2819.16,2815.93,2819.16,3.23,1.00,3.23,2822.39,2825.62,2828.85,2832.07,2835.30,0.38,0.00,0.38,2819.16,1.00,0.00,0.00,2816.97,2816.47,2815.87,2816.74,2816.34,0.373,1.62,39.45,70.73,70.73,1.32,0.69,0.63,2816.52,2821.48,651,637,100.0,0.0,8,1,CROSS=EMA9>EMA21;TREND=1;STRUCT=1;VOL=1;COOL=1;EMA50=1;VWAP=1;BIAS=1,1.00,-0.14,24682.57,24806.07,stop to breakeven
187,2025.02.04 14:53:38,2025.02.04 17:23:38,TP1_REACHED,XAUUSD,M5,64,BUY,FULLTGT,EVENING,0,2819.16,2815.93,2819.16,3.23,1.00,3.23,2822.39,2825.62,2828.85,2832.07,2835.30,0.38,0.00,0.38,2822.39,1.00,1.00,0.00,2816.97,2816.47,2815.87,2816.74,2816.34,0.373,1.62,39.45,70.73,70.73,1.32,0.69,0.63,2816.52,2821.48,651,637,100.0,0.0,8,1,CROSS=EMA9>EMA21;TREND=1;STRUCT=1;VOL=1;COOL=1;EMA50=1;VWAP=1;BIAS=1,1.00,-0.14,24682.57,24806.07,full target: no partial booked
188,2025.02.04 15:18:37,2025.02.04 17:48:37,SL_MOVE,XAUUSD,M5,64,BUY,FULLTGT,EVENING,0,2819.16,2815.93,2822.39,3.23,1.00,3.23,2822.39,2825.62,2828.85,2832.07,2835.30,0.38,0.00,0.38,2822.39,2.00,0.00,0.00,2818.28,2817.22,2816.29,2817.99,2817.05,0.522,1.79,53.26,72.99,72.99,1.94,1.46,0.49,2816.77,2823.89,798,676,100.0,0.0,7,1,CROSS=EMA9>EMA21;TREND=1;STRUCT=1;VOL=1;COOL=1;EMA50=1;VWAP=1;BIAS=1,1.99,-0.14,24682.57,24928.05,stop trailed to TP1
189,2025.02.04 15:18:37,2025.02.04 17:48:37,TP2_REACHED,XAUUSD,M5,64,BUY,FULLTGT,EVENING,0,2819.16,2815.93,2822.39,3.23,1.00,3.23,2822.39,2825.62,2828.85,2832.07,2835.30,0.38,0.00,0.38,2825.62,2.00,2.00,0.00,2818.28,2817.22,2816.29,2817.99,2817.05,0.522,1.79,53.26,72.99,72.99,1.94,1.46,0.49,2816.77,2823.89,798,676,100.0,0.0,7,1,CROSS=EMA9>EMA21;TREND=1;STRUCT=1;VOL=1;COOL=1;EMA50=1;VWAP=1;BIAS=1,1.99,-0.14,24682.57,24928.05,full target: no partial booked
190,2025.02.04 15:21:21,2025.02.04 17:51:21,SL_MOVE,XAUUSD,M5,64,BUY,FULLTGT,EVENING,0,2819.16,2815.93,2825.62,3.23,1.00,3.23,2822.39,2825.62,2828.85,2832.07,2835.30,0.38,0.00,0.38,2825.62,3.00,0.00,0.00,2818.66,2817.44,2816.41,2818.28,2817.22,0.549,1.87,56.42,77.62,77.62,2.18,1.59,0.59,2816.84,2826.02,932,694,100.0,0.0,9,1,CROSS=EMA9>EMA21;TREND=1;STRUCT=1;VOL=1;COOL=1;EMA50=1;VWAP=1;BIAS=1,3.00,-0.14,24682.57,25052.31,stop trailed to TP2
191,2025.02.04 15:21:21,2025.02.04 17:51:21,TP3_REACHED,XAUUSD,M5,64,BUY,FULLTGT,EVENING,0,2819.16,2815.93,2825.62,3.23,1.00,3.23,2822.39,2825.62,2828.85,2832.07,2835.30,0.38,0.00,0.38,2828.85,3.00,3.00,0.00,2818.66,2817.44,2816.41,2818.28,2817.22,0.549,1.87,56.42,77.62,77.62,2.18,1.59,0.59,2816.84,2826.02,932,694,100.0,0.0,9,1,CROSS=EMA9>EMA21;TREND=1;STRUCT=1;VOL=1;COOL=1;EMA50=1;VWAP=1;BIAS=1,3.00,-0.14,24682.57,25052.31,full target: no partial booked
192,2025.02.04 15:23:27,2025.02.04 17:53:27,SL_MOVE,XAUUSD,M5,64,BUY,FULLTGT,EVENING,0,2819.16,2815.93,2828.85,3.23,1.00,3.23,2822.39,2825.62,2828.85,2832.07,2835.30,0.38,0.00,0.38,2828.85,4.00,0.00,0.00,2818.66,2817.44,2816.41,2818.28,2817.22,0.549,1.87,56.42,77.62,77.62,2.18,1.59,0.59,2816.84,2826.02,932,694,100.0,0.0,8,1,CROSS=EMA9>EMA21;TREND=1;STRUCT=1;VOL=1;COOL=1;EMA50=1;VWAP=1;BIAS=1,3.99,-0.14,24682.57,25173.53,stop trailed to TP3
193,2025.02.04 15:23:27,2025.02.04 17:53:27,TP4_REACHED,XAUUSD,M5,64,BUY,FULLTGT,EVENING,0,2819.16,2815.93,2828.85,3.23,1.00,3.23,2822.39,2825.62,2828.85,2832.07,2835.30,0.38,0.00,0.38,2832.07,4.00,4.00,0.00,2818.66,2817.44,2816.41,2818.28,2817.22,0.549,1.87,56.42,77.62,77.62,2.18,1.59,0.59,2816.84,2826.02,932,694,100.0,0.0,8,1,CROSS=EMA9>EMA21;TREND=1;STRUCT=1;VOL=1;COOL=1;EMA50=1;VWAP=1;BIAS=1,3.99,-0.14,24682.57,25173.53,full target: no partial booked
194,2025.02.04 15:30:27,2025.02.04 18:00:27,TP5_EXIT,XAUUSD,M5,64,BUY,FULLTGT,EVENING,0,2819.16,2815.93,2828.85,3.23,1.00,3.23,2822.39,2825.62,2828.85,2832.07,2835.30,0.38,0.38,0.00,2835.31,5.00,5.00,0.00,2820.09,2818.23,2816.84,2819.32,2817.80,0.578,2.41,63.48,87.62,87.62,3.55,2.06,1.50,2817.16,2835.11,982,741,100.0,0.0,8,1,CROSS=EMA9>EMA21;TREND=1;STRUCT=1;VOL=1;COOL=1;EMA50=1;VWAP=1;BIAS=1,5.00,-0.14,25294.94,25294.94,full target reached; closed in full
195,2025.02.04 15:30:27,2025.02.04 18:00:27,EXIT_TP,XAUUSD,M5,64,BUY,FULLTGT,EVENING,0,2819.16,2815.93,2828.85,3.23,1.00,3.23,2822.39,2825.62,2828.85,2832.07,2835.30,0.38,0.38,0.00,2835.31,0.00,5.00,611.04,2820.09,2818.23,2816.84,2819.32,2817.80,0.578,2.41,63.48,87.62,87.62,3.55,2.06,1.50,2817.16,2835.11,982,741,100.0,0.0,8,1,CROSS=EMA9>EMA21;TREND=1;STRUCT=1;VOL=1;COOL=1;EMA50=1;VWAP=1;BIAS=1,5.00,-0.14,25294.94,25294.94,TP5 exit
196,2025.02.05 01:00:00,2025.02.05 03:30:00,DAY_SUMMARY,XAUUSD,M5,64,FLAT,NA,DAY,0,0.00,0.00,0.00,0.00,1.00,0.00,0.00,0.00,0.00,0.00,0.00,0.00,0.00,0.00,0.00,0.00,4.00,485.76,2842.35,2840.30,2834.76,2842.37,2840.26,5.865,0.94,18.30,46.45,46.45,-0.25,-0.20,-0.06,2826.66,2842.01,122,324,28.6,42.9,10,1,CROSS=EMA9>EMA21;TREND=1;STRUCT=1;VOL=1;COOL=1;EMA50=1;VWAP=1;BIAS=1,0.00,0.00,25294.94,25294.94,2025.02.04 trades=2 W=1 L=1 gross_profit=611.04 gross_loss=125.28 net=485.76 PF=4.88
197,2025.02.05 21:40:00,2025.02.06 00:10:00,SKIP,XAUUSD,M5,64,FLAT,NA,DAY,0,0.00,0.00,0.00,0.00,1.00,0.00,0.00,0.00,0.00,0.00,0.00,0.00,0.00,0.00,0.00,0.00,0.00,0.00,2869.41,2869.41,2866.15,2869.43,2869.42,1.535,2.12,27.19,50.25,50.25,-1.13,-1.66,0.53,2863.42,2868.87,506,569,57.1,28.6,8,1,CROSS=EMA9>EMA21;TREND=1;STRUCT=1;VOL=1;COOL=1;EMA50=1;VWAP=1;BIAS=1,0.00,0.00,25294.94,25294.94,outside the killzone window
198,2025.02.06 02:50:00,2025.02.06 05:20:00,SKIP,XAUUSD,M5,64,FLAT,NA,DAY,0,0.00,0.00,0.00,0.00,1.00,0.00,0.00,0.00,0.00,0.00,0.00,0.00,0.00,0.00,0.00,0.00,0.00,0.00,2867.40,2867.36,2866.16,2867.31,2867.32,1.053,1.14,21.69,57.30,57.30,0.74,0.93,-0.18,2868.38,2869.02,176,204,57.1,14.3,8,1,CROSS=EMA9>EMA21;TREND=1;STRUCT=1;VOL=1;COOL=1;EMA50=1;VWAP=1;BIAS=1,0.00,0.00,25294.94,25294.94,already positioned that way
199,2025.02.06 03:30:00,2025.02.06 06:00:00,ENTRY,XAUUSD,M5,66,SELL,FULLTGT,DAY,0,2865.75,2868.78,2868.78,3.03,1.00,3.03,2862.72,2859.69,2856.66,2853.62,2850.59,0.41,0.41,0.41,2865.75,0.00,0.00,0.00,2867.31,2867.33,2866.26,2867.39,2867.37,0.706,1.52,16.02,42.44,42.44,-0.14,0.36,-0.50,2867.69,2865.75,373,332,0.0,85.7,9,1,CROSS=EMA9<EMA21;TREND=1;STRUCT=1;VOL=1;COOL=1;EMA50=1;VWAP=1;BIAS=1,0.00,0.00,25293.50,25289.81,KZ=ASIA; KZR=London H @ 2877.04 120 bars ago (high taken); DAY 12AM-4PM IST session: stop x1.00 of usual; no partials; full size to TP5; SL steps BE->TP1->TP2->TP3
200,2025.02.06 03:38:42,2025.02.06 06:08:42,EXIT_SL,XAUUSD,M5,66,SELL,FULLTGT,DAY,0,2865.75,2868.78,2868.78,3.03,1.00,3.03,2862.72,2859.69,2856.66,2853.62,2850.59,0.41,0.41,0.00,2868.78,0.00,-1.00,-127.11,2867.33,2867.34,2866.28,2867.31,2867.33,0.663,1.60,14.93,51.16,51.16,-0.09,0.27,-0.36,2867.66,2867.76,568,348,57.1,28.6,11,1,CROSS=EMA9<EMA21;TREND=1;STRUCT=1;VOL=1;COOL=1;EMA50=1;VWAP=1;BIAS=1,0.00,-0.99,25167.83,25167.83,stopped at the initial SL (x1.00 of usual)
201,2025.02.06 03:40:00,2025.02.06 06:10:00,ENTRY,XAUUSD,M5,68,BUY,FULLTGT,DAY,0,2869.10,2865.72,2865.72,3.38,1.00,3.38,2872.48,2875.86,2879.24,2882.63,2886.01,0.37,0.37,0.37,2869.10,0.00,0.00,0.00,2867.41,2867.38,2866.31,2867.33,2867.34,0.632,1.69,13.82,55.60,55.60,0.04,0.19,-0.15,2867.70,2868.99,473,362,71.4,14.3,12,1,CROSS=EMA9>EMA21;TREND=1;STRUCT=1;VOL=1;COOL=1;EMA50=1;VWAP=1;BIAS=1,0.00,0.00,25166.53,25162.09,KZ=ASIA; KZR=London H @ 2877.04 122 bars ago (high taken); DAY 12AM-4PM IST session: stop x1.00 of usual; no partials; full size to TP5; SL steps BE->TP1->TP2->TP3
202,2025.02.06 04:02:17,2025.02.06 06:32:17,SL_MOVE,XAUUSD,M5,68,BUY,FULLTGT,DAY,0,2869.10,2865.72,2869.10,3.38,1.00,3.38,2872.48,2875.86,2879.24,2882.63,2886.01,0.37,0.00,0.37,2869.10,1.00,0.00,0.00,2867.88,2867.63,2866.49,2867.69,2867.53,0.591,1.93,20.90,64.57,64.57,0.62,0.15,0.47,2868.12,2871.63,615,424,85.7,0.0,10,1,CROSS=EMA9>EMA21;TREND=1;STRUCT=1;VOL=1;COOL=1;EMA50=1;VWAP=1;BIAS=1,1.00,-0.22,25166.53,25293.07,stop to breakeven
203,2025.02.06 04:02:17,2025.02.06 06:32:17,TP1_REACHED,XAUUSD,M5,68,BUY,FULLTGT,DAY,0,2869.10,2865.72,2869.10,3.38,1.00,3.38,2872.48,2875.86,2879.24,2882.63,2886.01,0.37,0.00,0.37,2872.48,1.00,1.00,0.00,2867.88,2867.63,2866.49,2867.69,2867.53,0.591,1.93,20.90,64.57,64.57,0.62,0.15,0.47,2868.12,2871.63,615,424,85.7,0.0,10,1,CROSS=EMA9>EMA21;TREND=1;STRUCT=1;VOL=1;COOL=1;EMA50=1;VWAP=1;BIAS=1,1.00,-0.22,25166.53,25293.07,full target: no partial booked
204,2025.02.06 04:23:16,2025.02.06 06:53:16,EXIT_BE,XAUUSD,M5,68,BUY,FULLTGT,DAY,0,2869.10,2865.72,2869.10,3.38,1.00,3.38,2872.48,2875.86,2879.24,2882.63,2886.01,0.37,0.37,0.00,2869.10,0.00,0.00,-2.60,2868.39,2867.92,2866.69,2868.29,2867.86,0.683,1.79,24.06,57.24,57.24,0.83,0.53,0.30,2868.56,2870.30,249,483,71.4,0.0,10,1,CROSS=EMA9>EMA21;TREND=1;STRUCT=1;VOL=1;COOL=1;EMA50=1;VWAP=1;BIAS=1,1.26,-0.22,25165.23,25165.23,stopped at breakeven
205,2025.02.06 08:50:00,2025.02.06 11:20:00,SKIP,XAUUSD,M5,68,FLAT,NA,DAY,0,0.00,0.00,0.00,0.00,1.00,0.00,0.00,0.00,0.00,0.00,0.00,0.00,0.00,0.00,0.00,0.00,0.00,0.00,2868.44,2868.45,2867.70,2868.78,2868.62,0.419,1.80,22.21,28.20,28.20,-0.60,-0.09,-0.51,2868.71,2861.83,634,484,0.0,85.7,13,1,CROSS=EMA9>EMA21;TREND=1;STRUCT=1;VOL=1;COOL=1;EMA50=1;VWAP=1;BIAS=1,0.00,0.00,25165.23,25165.23,outside the killzone window
206,2025.02.06 14:20:00,2025.02.06 16:50:00,SKIP,XAUUSD,M5,68,FLAT,NA,EVENING,0,0.00,0.00,0.00,0.00,1.00,0.00,0.00,0.00,0.00,0.00,0.00,0.00,0.00,0.00,0.00,0.00,0.00,0.00,2862.25,2862.17,2863.38,2862.06,2862.08,-0.494,2.46,30.71,57.33,57.33,2.17,1.85,0.32,2863.89,2865.90,529,597,85.7,0.0,6,1,CROSS=EMA9>EMA21;TREND=1;STRUCT=1;VOL=1;COOL=1;EMA50=1;VWAP=1;BIAS=1,0.00,0.00,25165.23,25165.23,already positioned that way
207,2025.02.06 16:00:00,2025.02.06 18:30:00,ENTRY,XAUUSD,M5,70,SELL,FULLTGT,EVENING,0,2856.83,2862.00,2862.00,5.17,1.00,5.17,2851.66,2846.50,2841.33,2836.17,2831.00,0.24,0.24,0.24,2856.83,0.00,0.00,0.00,2862.35,2862.43,2863.31,2862.63,2862.58,-0.340,2.58,40.88,30.82,30.82,-1.37,-0.50,-0.87,2863.70,2856.83,960,765,0.0,100.0,6,1,CROSS=EMA9<EMA21;TREND=1;STRUCT=1;VOL=1;COOL=1;EMA50=1;VWAP=1;BIAS=1,0.00,0.00,25164.39,25162.95,KZ=NY; KZR=London H @ 2877.04 270 bars ago (high taken); EVENING 4PM-12AM IST session: stop x1.00 of usual; no partials; full size to TP5; SL steps BE->TP1->TP2->TP3
208,2025.02.06 16:47:40,2025.02.06 19:17:40,SL_MOVE,XAUUSD,M5,70,SELL,FULLTGT,EVENING,0,2856.83,2862.00,2856.83,5.17,1.00,5.17,2851.66,2846.50,2841.33,2836.17,2831.00,0.24,0.00,0.24,2856.83,1.00,0.00,0.00,2860.18,2861.21,2862.57,2860.46,2861.38,-0.530,2.57,39.28,33.34,33.34,-2.04,-1.89,-0.15,2863.08,2854.67,1011,934,0.0,100.0,9,1,CROSS=EMA9<EMA21;TREND=1;STRUCT=1;VOL=1;COOL=1;EMA50=1;VWAP=1;BIAS=1,1.00,-0.59,25164.39,25288.95,stop to breakeven
209,2025.02.06 16:47:40,2025.02.06 19:17:40,TP1_REACHED,XAUUSD,M5,70,SELL,FULLTGT,EVENING,0,2856.83,2862.00,2856.83,5.17,1.00,5.17,2851.66,2846.50,2841.33,2836.17,2831.00,0.24,0.00,0.24,2851.66,1.00,1.00,0.00,2860.18,2861.21,2862.57,2860.46,2861.38,-0.530,2.57,39.28,33.34,33.34,-2.04,-1.89,-0.15,2863.08,2854.67,1011,934,0.0,100.0,9,1,CROSS=EMA9<EMA21;TREND=1;STRUCT=1;VOL=1;COOL=1;EMA50=1;VWAP=1;BIAS=1,1.00,-0.59,25164.39,25288.95,full target: no partial booked
210,2025.02.06 16:56:28,2025.02.06 19:26:28,SL_MOVE,XAUUSD,M5,70,SELL,FULLTGT,EVENING,0,2856.83,2862.00,2851.66,5.17,1.00,5.17,2851.66,2846.50,2841.33,2836.17,2831.00,0.24,0.00,0.24,2851.66,2.00,0.00,0.00,2859.10,2860.61,2862.23,2859.57,2860.88,-0.513,3.17,44.18,29.89,29.89,-2.92,-2.13,-0.79,2862.78,2849.85,1177,958,14.3,85.7,7,1,CROSS=EMA9<EMA21;TREND=1;STRUCT=1;VOL=1;COOL=1;EMA50=1;VWAP=1;BIAS=1,2.00,-0.59,25164.39,25413.03,stop trailed to TP1
211,2025.02.06 16:56:28,2025.02.06 19:26:28,TP2_REACHED,XAUUSD,M5,70,SELL,FULLTGT,EVENING,0,2856.83,2862.00,2851.66,5.17,1.00,5.17,2851.66,2846.50,2841.33,2836.17,2831.00,0.24,0.00,0.24,2846.50,2.00,2.00,0.00,2859.10,2860.61,2862.23,2859.57,2860.88,-0.513,3.17,44.18,29.89,29.89,-2.92,-2.13,-0.79,2862.78,2849.85,1177,958,14.3,85.7,7,1,CROSS=EMA9<EMA21;TREND=1;STRUCT=1;VOL=1;COOL=1;EMA50=1;VWAP=1;BIAS=1,2.00,-0.59,25164.39,25413.03,full target: no partial booked
212,2025.02.06 17:00:19,2025.02.06 19:30:19,SL_MOVE,XAUUSD,M5,70,SELL,FULLTGT,EVENING,0,2856.83,2862.00,2846.50,5.17,1.00,5.17,2851.66,2846.50,2841.33,2836.17,2831.00,0.24,0.00,0.24,2846.50,3.00,0.00,0.00,2858.26,2860.15,2861.98,2859.10,2860.61,-0.506,3.62,47.40,21.46,21.46,-3.73,-2.31,-1.43,2862.57,2841.97,1218,981,0.0,100.0,6,1,CROSS=EMA9<EMA21;TREND=1;STRUCT=1;VOL=1;COOL=1;EMA50=1;VWAP=1;BIAS=1,3.01,-0.59,25164.39,25536.63,stop trailed to TP2
213,2025.02.06 17:00:19,2025.02.06 19:30:19,TP3_REACHED,XAUUSD,M5,70,SELL,FULLTGT,EVENING,0,2856.83,2862.00,2846.50,5.17,1.00,5.17,2851.66,2846.50,2841.33,2836.17,2831.00,0.24,0.00,0.24,2841.33,3.00,3.00,0.00,2858.26,2860.15,2861.98,2859.10,2860.61,-0.506,3.62,47.40,21.46,21.46,-3.73,-2.31,-1.43,2862.57,2841.97,1218,981,0.0,100.0,6,1,CROSS=EMA9<EMA21;TREND=1;STRUCT=1;VOL=1;COOL=1;EMA50=1;VWAP=1;BIAS=1,3.01,-0.59,25164.39,25536.63,full target: no partial booked
214,2025.02.06 17:07:40,2025.02.06 19:37:40,SL_MOVE,XAUUSD,M5,70,SELL,FULLTGT,EVENING,0,2856.83,2862.00,2841.33,5.17,1.00,5.17,2851.66,2846.50,2841.33,2836.17,2831.00,0.24,0.00,0.24,2841.33,4.00,0.00,0.00,2857.31,2859.62,2861.69,2858.26,2860.15,-0.557,3.72,51.09,19.12,19.12,-4.58,-2.60,-1.98,2862.25,2838.79,1477,1004,0.0,100.0,7,1,CROSS=EMA9<EMA21;TREND=1;STRUCT=1;VOL=1;COOL=1;EMA50=1;VWAP=1;BIAS=1,4.00,-0.59,25164.39,25661.67,stop trailed to TP3
215,2025.02.06 17:07:40,2025.02.06 19:37:40,TP4_REACHED,XAUUSD,M5,70,SELL,FULLTGT,EVENING,0,2856.83,2862.00,2841.33,5.17,1.00,5.17,2851.66,2846.50,2841.33,2836.17,2831.00,0.24,0.00,0.24,2836.17,4.00,4.00,0.00,2857.31,2859.62,2861.69,2858.26,2860.15,-0.557,3.72,51.09,19.12,19.12,-4.58,-2.60,-1.98,2862.25,2838.79,1477,1004,0.0,100.0,7,1,CROSS=EMA9<EMA21;TREND=1;STRUCT=1;VOL=1;COOL=1;EMA50=1;VWAP=1;BIAS=1,4.00,-0.59,25164.39,25661.67,full target: no partial booked
216,2025.02.06 17:11:40,2025.02.06 19:41:40,EXIT_TRAIL_SL,XAUUSD,M5,70,SELL,FULLTGT,EVENING,0,2856.83,2862.00,2841.33,5.17,1.00,5.17,2851.66,2846.50,2841.33,2836.17,2831.00,0.24,0.24,0.00,2841.35,0.00,3.00,369.84,2856.37,2859.09,2861.40,2857.31,2859.62,-0.576,4.02,54.81,18.65,18.65,-5.25,-2.98,-2.27,2861.95,2838.11,1278,1033,0.0,100.0,6,1,CROSS=EMA9<EMA21;TREND=1;STRUCT=1;VOL=1;COOL=1;EMA50=1;VWAP=1;BIAS=1,4.37,-0.59,25535.07,25535.07,stopped at a trailed level
217,2025.02.06 23:15:00,2025.02.07 01:45:00,SKIP,XAUUSD,M5,70,FLAT,NA,DAY,0,0.00,0.00,0.00,0.00,1.00,0.00,0.00,0.00,0.00,0.00,0.00,0.00,0.00,0.00,0.00,0.00,0.00,0.00,2853.92,2853.92,2856.00,2853.85,2853.88,-1.661,1.25,17.46,54.04,54.04,0.98,1.04,-0.06,2858.92,2855.27,154,445,42.9,28.6,7,1,CROSS=EMA9<EMA21;TREND=1;STRUCT=1;VOL=1;COOL=1;EMA50=1;VWAP=1;BIAS=1,0.00,0.00,25535.07,25535.07,outside the killzone window
218,2025.02.07 01:00:00,2025.02.07 03:30:00,DAY_SUMMARY,XAUUSD,M5,70,FLAT,NA,DAY,0,0.00,0.00,0.00,0.00,1.00,0.00,0.00,0.00,0.00,0.00,0.00,0.00,0.00,0.00,0.00,0.00,2.00,240.13,2854.68,2854.33,2855.99,2854.63,2854.30,-1.618,1.03,15.83,51.77,51.77,0.68,0.76,-0.08,2858.89,2855.55,95,331,42.9,28.6,11,1,CROSS=EMA9<EMA21;TREND=1;STRUCT=1;VOL=1;COOL=1;EMA50=1;VWAP=1;BIAS=1,0.00,0.00,25535.07,25535.07,2025.02.06 trades=3 W=1 L=2 gross_profit=369.84 gross_loss=129.71 net=240.13 PF=2.85
219,2025.02.07 15:20:00,2025.02.07 17:50:00,SKIP,XAUUSD,M5,70,FLAT,NA,EVENING,0,0.00,0.00,0.00,0.00,1.00,0.00,0.00,0.00,0.00,0.00,0.00,0.00,0.00,0.00,0.00,0.00,0.00,0.00,2865.47,2865.51,2864.35,2865.73,2865.63,0.696,1.66,45.65,27.91,27.91,-1.11,-0.50,-0.61,2865.12,2860.54,754,579,0.0,100.0,8,1,CROSS=EMA9<EMA21;TREND=1;STRUCT=1;VOL=1;COOL=1;EMA50=1;VWAP=1;BIAS=1,0.00,0.00,25535.07,25535.07,already positioned that way
220,2025.02.07 16:35:00,2025.02.07 19:05:00,ENTRY,XAUUSD,M5,72,BUY,FULLTGT,EVENING,0,2872.73,2860.64,2860.64,12.09,1.00,12.09,2884.82,2896.92,2909.01,2921.10,2933.19,0.10,0.10,0.10,2872.73,0.00,0.00,0.00,2865.64,2865.49,2864.51,2865.28,2865.30,0.162,6.05,40.11,62.82,62.82,1.40,-0.31,1.71,2865.06,2872.68,1331,1105,85.7,14.3,7,1,CROSS=EMA9>EMA21;TREND=1;STRUCT=1;VOL=1;COOL=1;EMA50=1;VWAP=1;BIAS=1,0.00,0.00,25534.72,25534.02,KZ=NY; KZR=Asia H @ 2873.37 1 bars ago (high taken); EVENING 4PM-12AM IST session: stop x1.00 of usual; no partials; full size to TP5; SL steps BE->TP1->TP2->TP3
221,2025.02.07 17:33:30,2025.02.07 20:03:30,SL_MOVE,XAUUSD,M5,72,BUY,FULLTGT,EVENING,0,2872.73,2860.64,2872.73,12.09,1.00,12.09,2884.82,2896.92,2909.01,2921.10,2933.19,0.10,0.00,0.10,2872.73,1.00,0.00,0.00,2871.34,2868.71,2866.34,2870.74,2868.35,0.636,3.72,42.38,71.31,71.31,4.44,3.64,0.80,2866.41,2883.03,729,1106,85.7,0.0,8,1,CROSS=EMA9>EMA21;TREND=1;STRUCT=1;VOL=1;COOL=1;EMA50=1;VWAP=1;BIAS=1,1.00,-0.10,25534.72,25655.72,stop to breakeven
222,2025.02.07 17:33:30,2025.02.07 20:03:30,TP1_REACHED,XAUUSD,M5,72,BUY,FULLTGT,EVENING,0,2872.73,2860.64,2872.73,12.09,1.00,12.09,2884.82,2896.92,2909.01,2921.10,2933.19,0.10,0.00,0.10,2884.82,1.00,1.00,0.00,2871.34,2868.71,2866.34,2870.74,2868.35,0.636,3.72,42.38,71.31,71.31,4.44,3.64,0.80,2866.41,2883.03,729,1106,85.7,0.0,8,1,CROSS=EMA9>EMA21;TREND=1;STRUCT=1;VOL=1;COOL=1;EMA50=1;VWAP=1;BIAS=1,1.00,-0.10,25534.72,25655.72,full target: no partial booked
223,2025.02.07 18:03:03,2025.02.07 20:33:03,EXIT_BE,XAUUSD,M5,72,BUY,FULLTGT,EVENING,0,2872.73,2860.64,2872.73,12.09,1.00,12.09,2884.82,2896.92,2909.01,2921.10,2933.19,0.10,0.10,0.00,2872.66,0.00,-0.01,-1.40,2874.56,2870.82,2867.61,2874.26,2870.58,0.926,3.47,38.38,58.15,58.15,4.14,4.54,-0.40,2867.28,2880.46,1176,1027,71.4,28.6,2,1,CROSS=EMA9>EMA21;TREND=1;STRUCT=1;VOL=1;COOL=1;EMA50=1;VWAP=1;BIAS=1,1.16,-0.10,25533.67,25533.67,stopped at breakeven
224,2025.02.07 19:25:00,2025.02.07 21:55:00,SKIP,XAUUSD,M5,72,FLAT,NA,EVENING,0,0.00,0.00,0.00,0.00,1.00,0.00,0.00,0.00,0.00,0.00,0.00,0.00,0.00,0.00,0.00,0.00,0.00,0.00,2868.36,2868.60,2867.06,2868.92,2868.88,0.433,3.54,50.84,30.01,30.01,-4.55,-3.61,-0.94,2867.08,2857.32,855,984,0.0,85.7,10,1,CROSS=EMA9>EMA21;TREND=1;STRUCT=1;VOL=1;COOL=1;EMA50=1;VWAP=1;BIAS=1,0.00,0.00,25533.67,25533.67,outside the killzone window
225,2025.02.10 01:00:00,2025.02.10 03:30:00,DAY_SUMMARY,XAUUSD,M5,72,FLAT,NA,DAY,0,0.00,0.00,0.00,0.00,1.00,0.00,0.00,0.00,0.00,0.00,0.00,0.00,0.00,0.00,0.00,0.00,-0.01,-1.40,2861.91,2863.21,2864.21,2861.94,2863.26,-0.874,1.14,20.86,48.20,48.20,-0.05,0.07,-0.12,2866.12,2861.30,62,362,0.0,71.4,11,1,CROSS=EMA9>EMA21;TREND=1;STRUCT=1;VOL=1;COOL=1;EMA50=1;VWAP=1;BIAS=1,0.00,0.00,25533.67,25533.67,2025.02.07 trades=1 W=0 L=1 gross_profit=0.00 gross_loss=1.40 net=-1.40 PF=0.00
226,2025.02.10 01:00:00,2025.02.10 03:30:00,WEEK_SUMMARY,XAUUSD,M5,72,FLAT,NA,DAY,0,0.00,0.00,0.00,0.00,1.00,0.00,0.00,0.00,0.00,0.00,0.00,0.00,0.00,0.00,0.00,0.00,6.99,841.64,2861.91,2863.21,2864.21,2861.94,2863.26,-0.874,1.14,20.86,48.20,48.20,-0.05,0.07,-0.12,2866.12,2861.30,62,362,0.0,71.4,11,1,CROSS=EMA9>EMA21;TREND=1;STRUCT=1;VOL=1;COOL=1;EMA50=1;VWAP=1;BIAS=1,0.00,0.00,25533.67,25533.67,days=4 trades=7 W=3 L=4 gross_profit=1098.03 gross_loss=256.39 net=841.64 PF=4.28 pips=2923.0
227,2025.02.10 02:00:00,2025.02.10 04:30:00,SKIP,XAUUSD,M5,72,FLAT,NA,DAY,0,0.00,0.00,0.00,0.00,1.00,0.00,0.00,0.00,0.00,0.00,0.00,0.00,0.00,0.00,0.00,0.00,0.00,0.00,2864.19,2864.14,2864.56,2864.02,2864.06,-0.160,2.61,38.89,61.49,61.49,1.80,1.44,0.35,2866.00,2867.54,193,270,85.7,0.0,11,1,CROSS=EMA9>EMA21;TREND=1;STRUCT=1;VOL=1;COOL=1;EMA50=1;VWAP=1;BIAS=1,0.00,0.00,25533.67,25533.67,already positioned that way
228,2025.02.11 09:35:00,2025.02.11 12:05:00,ENTRY,XAUUSD,M5,74,SELL,FULLTGT,DAY,0,2911.38,2917.48,2917.48,6.10,1.00,6.10,2905.28,2899.19,2893.09,2886.99,2880.89,0.20,0.20,0.20,2911.38,0.00,0.00,0.00,2918.99,2919.09,2915.36,2919.39,2919.29,1.226,3.05,34.83,34.98,34.98,-2.12,-1.34,-0.78,2922.04,2911.25,885,725,14.3,85.7,8,1,CROSS=EMA9<EMA21;TREND=1;STRUCT=1;VOL=1;COOL=1;EMA50=1;VWAP=1;BIAS=1,0.00,0.00,25532.97,25531.37,KZ=LONDON; KZR=NY H @ 2911.96 102 bars ago (high taken); DAY 12AM-4PM IST session: stop x1.00 of usual; no partials; full size to TP5; SL steps BE->TP1->TP2->TP3
229,2025.02.11 11:00:38,2025.02.11 13:30:38,SL_MOVE,XAUUSD,M5,74,SELL,FULLTGT,DAY,0,2911.38,2917.48,2911.38,6.10,1.00,6.10,2905.28,2899.19,2893.09,2886.99,2880.89,0.20,0.00,0.20,2911.38,1.00,0.00,0.00,2914.60,2916.43,2914.60,2914.96,2916.66,0.614,2.97,28.83,35.48,35.48,-2.01,-1.75,-0.26,2920.46,2907.43,648,684,0.0,85.7,7,1,CROSS=EMA9<EMA21;TREND=1;STRUCT=1;VOL=1;COOL=1;EMA50=1;VWAP=1;BIAS=1,1.00,-0.66,25532.97,25654.97,stop to breakeven
230,2025.02.11 11:00:38,2025.02.11 13:30:38,TP1_REACHED,XAUUSD,M5,74,SELL,FULLTGT,DAY,0,2911.38,2917.48,2911.38,6.10,1.00,6.10,2905.28,2899.19,2893.09,2886.99,2880.89,0.20,0.00,0.20,2905.28,1.00,1.00,0.00,2914.60,2916.43,2914.60,2914.96,2916.66,0.614,2.97,28.83,35.48,35.48,-2.01,-1.75,-0.26,2920.46,2907.43,648,684,0.0,85.7,7,1,CROSS=EMA9<EMA21;TREND=1;STRUCT=1;VOL=1;COOL=1;EMA50=1;VWAP=1;BIAS=1,1.00,-0.66,25532.97,25654.97,full target: no partial booked
231,2025.02.11 11:04:27,2025.02.11 13:34:27,EXIT_BE,XAUUSD,M5,74,SELL,FULLTGT,DAY,0,2911.38,2917.48,2911.38,6.10,1.00,6.10,2905.28,2899.19,2893.09,2886.99,2880.89,0.20,0.20,0.00,2911.38,0.00,-0.00,-1.40,2914.60,2916.43,2914.60,2914.96,2916.66,0.614,2.97,28.83,35.48,35.48,-2.01,-1.75,-0.26,2920.46,2907.43,648,684,0.0,85.7,10,1,CROSS=EMA9<EMA21;TREND=1;STRUCT=1;VOL=1;COOL=1;EMA50=1;VWAP=1;BIAS=1,1.05,-0.66,25532.27,25532.27,stopped at breakeven
232,2025.02.11 19:50:00,2025.02.11 22:20:00,SKIP,XAUUSD,M5,74,FLAT,NA,EVENING,0,0.00,0.00,0.00,0.00,1.00,0.00,0.00,0.00,0.00,0.00,0.00,0.00,0.00,0.00,0.00,0.00,0.00,0.00,2902.98,2902.93,2905.07,2902.81,2902.84,-1.086,1.97,32.30,59.80,59.80,0.99,0.63,0.35,2909.67,2906.34,607,732,71.4,14.3,7,1,CROSS=EMA9<EMA21;TREND=1;STRUCT=1;VOL=1;COOL=1;EMA50=1;VWAP=1;BIAS=1,0.00,0.00,25532.27,25532.27,outside the killzone window
233,2025.02.11 22:00:00,2025.02.12 00:30:00,SKIP,XAUUSD,M5,74,FLAT,NA,DAY,0,0.00,0.00,0.00,0.00,1.00,0.00,0.00,0.00,0.00,0.00,0.00,0.00,0.00,0.00,0.00,0.00,0.00,0.00,2903.28,2903.31,2904.74,2903.44,2903.39,-1.120,1.28,37.66,33.71,33.71,-1.08,-0.52,-0.56,2909.21,2900.19,586,551,0.0,100.0,7,1,CROSS=EMA9<EMA21;TREND=1;STRUCT=1;VOL=1;COOL=1;EMA50=1;VWAP=1;BIAS=1,0.00,0.00,25532.27,25532.27,outside the killzone window
234,2025.02.12 01:00:00,2025.02.12 03:30:00,DAY_SUMMARY,XAUUSD,M5,74,FLAT,NA,DAY,0,0.00,0.00,0.00,0.00,1.00,0.00,0.00,0.00,0.00,0.00,0.00,0.00,0.00,0.00,0.00,0.00,0.00,-1.40,2899.54,2900.84,2902.94,2899.65,2900.93,-2.052,1.02,27.42,42.10,42.10,-0.51,-0.75,0.24,2908.57,2897.53,140,409,14.3,71.4,11,1,CROSS=EMA9<EMA21;TREND=1;STRUCT=1;VOL=1;COOL=1;EMA50=1;VWAP=1;BIAS=1,0.00,0.00,25532.27,25532.27,2025.02.11 trades=1 W=0 L=1 gross_profit=0.00 gross_loss=1.40 net=-1.40 PF=0.00
235,2025.02.12 17:00:00,2025.02.12 19:30:00,ENTRY,XAUUSD,M5,76,BUY,FULLTGT,EVENING,0,2894.70,2884.94,2884.94,9.76,1.00,9.76,2904.46,2914.22,2923.98,2933.74,2943.50,0.13,0.13,0.13,2894.70,0.00,0.00,0.00,2886.35,2886.26,2888.61,2885.92,2886.05,-0.482,4.88,26.59,60.83,60.83,3.61,3.16,0.44,2888.12,2894.64,910,1209,85.7,0.0,6,1,CROSS=EMA9>EMA21;TREND=1;STRUCT=1;VOL=1;COOL=1;EMA50=1;VWAP=1;BIAS=1,0.00,0.00,25531.81,25531.03,KZ=NY; KZR=NY H @ 2911.96 479 bars ago (high taken); EVENING 4PM-12AM IST session: stop x1.00 of usual; no partials; full size to TP5; SL steps BE->TP1->TP2->TP3
236,2025.02.12 18:56:40,2025.02.12 21:26:40,SL_MOVE,XAUUSD,M5,76,BUY,FULLTGT,EVENING,0,2894.70,2884.94,2894.70,9.76,1.00,9.76,2904.46,2914.22,2923.98,2933.74,2943.50,0.13,0.00,0.13,2894.70,1.00,0.00,0.00,2892.07,2889.80,2890.00,2891.61,2889.51,-0.084,2.41,35.86,68.99,68.99,2.29,1.80,0.49,2888.93,2901.10,714,830,85.7,0.0,11,1,CROSS=EMA9>EMA21;TREND=1;STRUCT=1;VOL=1;COOL=1;EMA50=1;VWAP=1;BIAS=1,1.00,-0.80,25531.81,25658.69,stop to breakeven
237,2025.02.12 18:56:40,2025.02.12 21:26:40,TP1_REACHED,XAUUSD,M5,76,BUY,FULLTGT,EVENING,0,2894.70,2884.94,2894.70,9.76,1.00,9.76,2904.46,2914.22,2923.98,2933.74,2943.50,0.13,0.00,0.13,2904.46,1.00,1.00,0.00,2892.07,2889.80,2890.00,2891.61,2889.51,-0.084,2.41,35.86,68.99,68.99,2.29,1.80,0.49,2888.93,2901.10,714,830,85.7,0.0,11,1,CROSS=EMA9>EMA21;TREND=1;STRUCT=1;VOL=1;COOL=1;EMA50=1;VWAP=1;BIAS=1,1.00,-0.80,25531.81,25658.69,full target: no partial booked
238,2025.02.12 21:21:00,2025.02.12 23:51:00,EXIT_BE,XAUUSD,M5,76,BUY,FULLTGT,EVENING,0,2894.70,2884.94,2894.70,9.76,1.00,9.76,2904.46,2914.22,2923.98,2933.74,2943.50,0.13,0.13,0.00,2894.68,0.00,-0.00,-1.18,2899.45,2896.17,2893.76,2899.62,2896.17,1.396,1.72,36.42,33.93,33.93,-0.48,0.56,-1.04,2890.74,2896.12,504,614,28.6,57.1,7,1,CROSS=EMA9>EMA21;TREND=1;STRUCT=1;VOL=1;COOL=1;EMA50=1;VWAP=1;BIAS=1,1.49,-0.80,25531.09,25531.09,stopped at breakeven
239,2025.02.13 01:00:00,2025.02.13 03:30:00,DAY_SUMMARY,XAUUSD,M5,76,FLAT,NA,DAY,0,0.00,0.00,0.00,0.00,1.00,0.00,0.00,0.00,0.00,0.00,0.00,0.00,0.00,0.00,0.00,0.00,-0.00,-1.18,2900.57,2898.44,2895.81,2900.40,2898.30,2.499,1.05,51.16,69.26,69.26,1.21,0.98,0.23,2891.47,2903.97,187,409,85.7,0.0,12,1,CROSS=EMA9>EMA21;TREND=1;STRUCT=1;VOL=1;COOL=1;EMA50=1;VWAP=1;BIAS=1,0.00,0.00,25531.09,25531.09,2025.02.12 trades=1 W=0 L=1 gross_profit=0.00 gross_loss=1.18 net=-1.18 PF=0.00
240,2025.02.13 16:00:00,2025.02.13 18:30:00,ENTRY,XAUUSD,M5,78,SELL,FULLTGT,EVENING,0,2908.44,2915.78,2915.78,7.34,1.00,7.34,2901.10,2893.76,2886.42,2879.07,2871.73,0.17,0.17,0.17,2908.44,0.00,0.00,0.00,2915.27,2915.33,2912.95,2915.62,2915.50,0.649,3.67,42.92,31.32,31.32,-1.96,-1.11,-0.85,2913.58,2908.50,889,751,0.0,100.0,6,1,CROSS=EMA9<EMA21;TREND=1;STRUCT=1;VOL=1;COOL=1;EMA50=1;VWAP=1;BIAS=1,0.00,0.00,25530.49,25529.47,KZ=NY; KZR=London H @ 2919.48 21 bars ago (high taken); EVENING 4PM-12AM IST session: stop x1.00 of usual; no partials; full size to TP5; SL steps BE->TP1->TP2->TP3
241,2025.02.13 16:41:42,2025.02.13 19:11:42,EXIT_SL,XAUUSD,M5,78,SELL,FULLTGT,EVENING,0,2908.44,2915.78,2915.78,7.34,1.00,7.34,2901.10,2893.76,2886.42,2879.07,2871.73,0.17,0.17,0.00,2915.79,0.00,-1.00,-126.15,2913.98,2914.61,2912.79,2913.97,2914.61,0.474,3.82,28.67,52.99,52.99,-1.30,-1.76,0.46,2913.37,2914.33,1002,941,85.7,14.3,7,1,CROSS=EMA9<EMA21;TREND=1;STRUCT=1;VOL=1;COOL=1;EMA50=1;VWAP=1;BIAS=1,0.25,-0.99,25404.94,25404.94,stopped at the initial SL (x1.00 of usual)
242,2025.02.13 17:25:00,2025.02.13 19:55:00,ENTRY,XAUUSD,M5,80,BUY,FULLTGT,EVENING,0,2917.95,2912.51,2912.51,5.44,1.00,5.44,2923.39,2928.84,2934.28,2939.73,2945.17,0.23,0.23,0.23,2917.95,0.00,0.00,0.00,2915.17,2915.12,2913.26,2915.03,2915.05,0.686,2.72,23.40,58.54,58.54,1.09,0.17,0.92,2913.65,2917.96,731,901,71.4,0.0,5,1,CROSS=EMA9>EMA21;TREND=1;STRUCT=1;VOL=1;COOL=1;EMA50=1;VWAP=1;BIAS=1,0.00,0.00,25404.13,25402.98,KZ=NY; KZR=London H @ 2919.48 38 bars ago (high taken); EVENING 4PM-12AM IST session: stop x1.00 of usual; no partials; full size to TP5; SL steps BE->TP1->TP2->TP3
243,2025.02.13 20:57:20,2025.02.13 23:27:20,SL_MOVE,XAUUSD,M5,80,BUY,FULLTGT,EVENING,0,2917.95,2912.51,2917.95,5.44,1.00,5.44,2923.39,2928.84,2934.28,2939.73,2945.17,0.23,0.00,0.23,2917.95,1.00,0.00,0.00,2917.40,2916.71,2915.00,2917.18,2916.58,0.821,2.09,19.01,62.79,62.79,0.87,0.34,0.53,2914.48,2921.57,854,593,85.7,0.0,11,1,CROSS=EMA9>EMA21;TREND=1;STRUCT=1;VOL=1;COOL=1;EMA50=1;VWAP=1;BIAS=1,1.00,-0.90,25404.13,25530.17,stop to breakeven
244,2025.02.13 20:57:20,2025.02.13 23:27:20,TP1_REACHED,XAUUSD,M5,80,BUY,FULLTGT,EVENING,0,2917.95,2912.51,2917.95,5.44,1.00,5.44,2923.39,2928.84,2934.28,2939.73,2945.17,0.23,0.00,0.23,2923.39,1.00,1.00,0.00,2917.40,2916.71,2915.00,2917.18,2916.58,0.821,2.09,19.01,62.79,62.79,0.87,0.34,0.53,2914.48,2921.57,854,593,85.7,0.0,11,1,CROSS=EMA9>EMA21;TREND=1;STRUCT=1;VOL=1;COOL=1;EMA50=1;VWAP=1;BIAS=1,1.00,-0.90,25404.13,25530.17,full target: no partial booked
245,2025.02.13 22:23:37,2025.02.14 00:53:37,SL_MOVE,XAUUSD,M5,80,BUY,FULLTGT,DAY,0,2917.95,2912.51,2923.39,5.44,1.00,5.44,2923.39,2928.84,2934.28,2939.73,2945.17,0.23,0.00,0.23,2923.39,2.00,0.00,0.00,2922.55,2920.05,2917.16,2922.27,2919.84,2.304,1.25,21.63,68.24,68.24,2.01,2.30,-0.29,2915.14,2928.04,346,503,57.1,14.3,8,1,CROSS=EMA9>EMA21;TREND=1;STRUCT=1;VOL=1;COOL=1;EMA50=1;VWAP=1;BIAS=1,1.99,-0.90,25404.13,25655.06,stop trailed to TP1
246,2025.02.13 22:23:37,2025.02.14 00:53:37,TP2_REACHED,XAUUSD,M5,80,BUY,FULLTGT,DAY,0,2917.95,2912.51,2923.39,5.44,1.00,5.44,2923.39,2928.84,2934.28,2939.73,2945.17,0.23,0.00,0.23,2928.84,2.00,2.00,0.00,2922.55,2920.05,2917.16,2922.27,2919.84,2.304,1.25,21.63,68.24,68.24,2.01,2.30,-0.29,2915.14,2928.04,346,503,57.1,14.3,8,1,CROSS=EMA9>EMA21;TREND=1;STRUCT=1;VOL=1;COOL=1;EMA50=1;VWAP=1;BIAS=1,1.99,-0.90,25404.13,25655.06,full target: no partial booked
247,2025.02.14 01:00:00,2025.02.14 03:30:00,DAY_SUMMARY,XAUUSD,M5,80,BUY,FULLTGT,DAY,0,2917.95,2912.51,2923.39,5.44,1.00,5.44,2923.39,2928.84,2934.28,2939.73,2945.17,0.23,0.00,0.00,0.00,0.00,-1.00,-126.15,2926.25,2923.30,2919.63,2926.14,2923.18,4.924,0.75,12.70,56.89,56.89,0.99,1.23,-0.23,2915.79,2928.34,145,355,57.1,14.3,11,1,CROSS=EMA9>EMA21;TREND=1;STRUCT=1;VOL=1;COOL=1;EMA50=1;VWAP=1;BIAS=1,2.10,-0.90,25404.13,25612.00,2025.02.13 trades=1 W=0 L=1 gross_profit=0.00 gross_loss=126.15 net=-126.15 PF=0.00
248,2025.02.14 05:43:39,2025.02.14 08:13:39,EXIT_TRAIL_SL,XAUUSD,M5,80,BUY,FULLTGT,DAY,0,2917.95,2912.51,2923.39,5.44,1.00,5.44,2923.39,2928.84,2934.28,2939.73,2945.17,0.23,0.23,0.00,2923.39,0.00,1.00,108.96,2928.81,2927.74,2924.50,2928.91,2927.77,2.419,1.34,28.84,39.70,39.70,-0.32,-0.28,-0.04,2929.57,2926.83,235,385,14.3,71.4,11,1,CROSS=EMA9>EMA21;TREND=1;STRUCT=1;VOL=1;COOL=1;EMA50=1;VWAP=1;BIAS=1,2.93,-0.90,25513.90,25513.90,stopped at a trailed level
249,2025.02.14 14:50:00,2025.02.14 17:20:00,ENTRY,XAUUSD,M5,82,SELL,FULLTGT,EVENING,0,2929.65,2933.42,2933.42,3.77,1.00,3.77,2925.88,2922.11,2918.34,2914.57,2910.80,0.33,0.33,0.33,2929.65,0.00,0.00,0.00,2933.19,2933.19,2931.08,2933.37,2933.28,1.119,1.88,31.00,37.80,37.80,-1.45,-1.36,-0.09,2932.11,2929.65,555,476,14.3,85.7,5,1,CROSS=EMA9<EMA21;TREND=1;STRUCT=1;VOL=1;COOL=1;EMA50=1;VWAP=1;BIAS=1,0.00,0.00,25512.74,25511.09,KZ=NY; KZR=NY H @ 2921.00 216 bars ago (high taken); EVENING 4PM-12AM IST session: stop x1.00 of usual; no partials; full size to TP5; SL steps BE->TP1->TP2->TP3
250,2025.02.14 15:41:40,2025.02.14 18:11:40,SL_MOVE,XAUUSD,M5,82,SELL,FULLTGT,EVENING,0,2929.65,2933.42,2929.65,3.77,1.00,3.77,2925.88,2922.11,2918.34,2914.57,2910.80,0.33,0.00,0.33,2929.65,1.00,0.00,0.00,2931.63,2932.31,2930.86,2931.69,2932.36,0.538,2.69,19.47,48.57,48.57,-1.08,-1.44,0.36,2931.78,2930.34,1234,728,14.3,71.4,9,1,CROSS=EMA9<EMA21;TREND=1;STRUCT=1;VOL=1;COOL=1;EMA50=1;VWAP=1;BIAS=1,0.99,-0.94,25512.74,25638.14,stop to breakeven
251,2025.02.14 15:41:40,2025.02.14 18:11:40,TP1_REACHED,XAUUSD,M5,82,SELL,FULLTGT,EVENING,0,2929.65,2933.42,2929.65,3.77,1.00,3.77,2925.88,2922.11,2918.34,2914.57,2910.80,0.33,0.00,0.33,2925.88,1.00,1.00,0.00,2931.63,2932.31,2930.86,2931.69,2932.36,0.538,2.69,19.47,48.57,48.57,-1.08,-1.44,0.36,2931.78,2930.34,1234,728,14.3,71.4,9,1,CROSS=EMA9<EMA21;TREND=1;STRUCT=1;VOL=1;COOL=1;EMA50=1;VWAP=1;BIAS=1,0.99,-0.94,25512.74,25638.14,full target: no partial booked
252,2025.02.14 15:44:17,2025.02.14 18:14:17,SL_MOVE,XAUUSD,M5,82,SELL,FULLTGT,EVENING,0,2929.65,2933.42,2925.88,3.77,1.00,3.77,2925.88,2922.11,2918.34,2914.57,2910.80,0.33,0.00,0.33,2925.88,2.00,0.00,0.00,2931.63,2932.31,2930.86,2931.69,2932.36,0.538,2.69,19.47,48.57,48.57,-1.08,-1.44,0.36,2931.78,2930.34,1234,728,14.3,71.4,13,1,CROSS=EMA9<EMA21;TREND=1;STRUCT=1;VOL=1;COOL=1;EMA50=1;VWAP=1;BIAS=1,2.00,-0.94,25512.74,25762.88,stop trailed to TP1
253,2025.02.14 15:44:17,2025.02.14 18:14:17,TP2_REACHED,XAUUSD,M5,82,SELL,FULLTGT,EVENING,0,2929.65,2933.42,2925.88,3.77,1.00,3.77,2925.88,2922.11,2918.34,2914.57,2910.80,0.33,0.00,0.33,2922.11,2.00,2.00,0.00,2931.63,2932.31,2930.86,2931.69,2932.36,0.538,2.69,19.47,48.57,48.57,-1.08,-1.44,0.36,2931.78,2930.34,1234,728,14.3,71.4,13,1,CROSS=EMA9<EMA21;TREND=1;STRUCT=1;VOL=1;COOL=1;EMA50=1;VWAP=1;BIAS=1,2.00,-0.94,25512.74,25762.88,full target: no partial booked
254,2025.02.14 15:44:42,2025.02.14 18:14:42,SL_MOVE,XAUUSD,M5,82,SELL,FULLTGT,EVENING,0,2929.65,2933.42,2922.11,3.77,1.00,3.77,2925.88,2922.11,2918.34,2914.57,2910.80,0.33,0.00,0.33,2922.11,3.00,0.00,0.00,2931.63,2932.31,2930.86,2931.69,2932.36,0.538,2.69,19.47,48.57,48.57,-1.08,-1.44,0.36,2931.78,2930.34,1234,728,14.3,71.4,13,1,CROSS=EMA9<EMA21;TREND=1;STRUCT=1;VOL=1;COOL=1;EMA50=1;VWAP=1;BIAS=1,2.99,-0.94,25512.74,25886.96,stop trailed to TP2
255,2025.02.14 15:44:42,2025.02.14 18:14:42,TP3_REACHED,XAUUSD,M5,82,SELL,FULLTGT,EVENING,0,2929.65,2933.42,2922.11,3.77,1.00,3.77,2925.88,2922.11,2918.34,2914.57,2910.80,0.33,0.00,0.33,2918.34,3.00,3.00,0.00,2931.63,2932.31,2930.86,2931.69,2932.36,0.538,2.69,19.47,48.57,48.57,-1.08,-1.44,0.36,2931.78,2930.34,1234,728,14.3,71.4,13,1,CROSS=EMA9<EMA21;TREND=1;STRUCT=1;VOL=1;COOL=1;EMA50=1;VWAP=1;BIAS=1,2.99,-0.94,25512.74,25886.96,full target: no partial booked
256,2025.02.14 15:53:27,2025.02.14 18:23:27,EXIT_TRAIL_SL,XAUUSD,M5,82,SELL,FULLTGT,EVENING,0,2929.65,2933.42,2922.11,3.77,1.00,3.77,2925.88,2922.11,2918.34,2914.57,2910.80,0.33,0.33,0.00,2922.12,0.00,2.00,246.17,2930.47,2931.68,2930.58,2930.96,2931.96,0.305,3.61,20.34,34.79,34.79,-2.35,-1.62,-0.73,2931.43,2920.79,1291,804,14.3,71.4,6,1,CROSS=EMA9<EMA21;TREND=1;STRUCT=1;VOL=1;COOL=1;EMA50=1;VWAP=1;BIAS=1,3.15,-0.94,25760.07,25760.07,stopped at a trailed level
257,2025.02.17 01:00:00,2025.02.17 03:30:00,DAY_SUMMARY,XAUUSD,M5,82,FLAT,NA,DAY,0,0.00,0.00,0.00,0.00,1.00,0.00,0.00,0.00,0.00,0.00,0.00,0.00,0.00,0.00,0.00,0.00,3.00,355.13,2884.20,2890.81,2901.92,2884.28,2891.02,-8.973,1.24,16.37,47.30,47.30,-0.17,-0.25,0.08,2915.71,2882.50,59,424,14.3,57.1,11,1,CROSS=EMA9<EMA21;TREND=1;STRUCT=1;VOL=1;COOL=1;EMA50=1;VWAP=1;BIAS=1,0.00,0.00,25760.07,25760.07,2025.02.14 trades=2 W=2 L=0 gross_profit=355.13 gross_loss=0.00 net=355.13 PF=0.00
258,2025.02.17 01:00:00,2025.02.17 03:30:00,WEEK_SUMMARY,XAUUSD,M5,82,FLAT,NA,DAY,0,0.00,0.00,0.00,0.00,1.00,0.00,0.00,0.00,0.00,0.00,0.00,0.00,0.00,0.00,0.00,0.00,1.99,226.40,2884.20,2890.81,2901.92,2884.28,2891.02,-8.973,1.24,16.37,47.30,47.30,-0.17,-0.25,0.08,2915.71,2882.50,59,424,14.3,57.1,11,1,CROSS=EMA9<EMA21;TREND=1;STRUCT=1;VOL=1;COOL=1;EMA50=1;VWAP=1;BIAS=1,0.00,0.00,25760.07,25760.07,days=4 trades=5 W=2 L=3 gross_profit=355.13 gross_loss=128.73 net=226.40 PF=2.76 pips=560.0
259,2025.02.17 04:35:00,2025.02.17 07:05:00,ENTRY,XAUUSD,M5,84,BUY,FULLTGT,DAY,0,2895.83,2890.60,2890.60,5.23,1.00,5.23,2901.06,2906.30,2911.53,2916.76,2921.99,0.24,0.24,0.24,2895.83,0.00,0.00,0.00,2890.32,2890.19,2896.65,2890.04,2890.05,-2.470,2.62,39.21,60.82,60.82,2.74,2.91,-0.17,2889.14,2895.72,601,614,71.4,14.3,11,1,CROSS=EMA9>EMA21;TREND=1;STRUCT=1;VOL=1;COOL=1;EMA50=1;VWAP=1;BIAS=1,0.00,0.00,25759.23,25756.59,KZ=ASIA; KZR=London L @ 2879.43 656 bars ago (low taken); DAY 12AM-4PM IST session: stop x1.00 of usual; no partials; full size to TP5; SL steps BE->TP1->TP2->TP3
260,2025.02.17 05:15:56,2025.02.17 07:45:56,SL_MOVE,XAUUSD,M5,84,BUY,FULLTGT,DAY,0,2895.83,2890.60,2895.83,5.23,1.00,5.23,2901.06,2906.30,2911.53,2916.76,2921.99,0.24,0.00,0.24,2895.83,1.00,0.00,0.00,2893.26,2891.82,2896.89,2892.88,2891.60,-2.372,2.14,33.90,69.43,69.43,2.86,2.84,0.02,2890.67,2900.58,353,537,85.7,0.0,7,1,CROSS=EMA9>EMA21;TREND=1;STRUCT=1;VOL=1;COOL=1;EMA50=1;VWAP=1;BIAS=1,1.00,-0.07,25759.23,25884.99,stop to breakeven
261,2025.02.17 05:15:56,2025.02.17 07:45:56,TP1_REACHED,XAUUSD,M5,84,BUY,FULLTGT,DAY,0,2895.83,2890.60,2895.83,5.23,1.00,5.23,2901.06,2906.30,2911.53,2916.76,2921.99,0.24,0.00,0.24,2901.06,1.00,1.00,0.00,2893.26,2891.82,2896.89,2892.88,2891.60,-2.372,2.14,33.90,69.43,69.43,2.86,2.84,0.02,2890.67,2900.58,353,537,85.7,0.0,7,1,CROSS=EMA9>EMA21;TREND=1;STRUCT=1;VOL=1;COOL=1;EMA50=1;VWAP=1;BIAS=1,1.00,-0.07,25759.23,25884.99,full target: no partial booked
262,2025.02.17 08:00:13,2025.02.17 10:30:13,EXIT_BE,XAUUSD,M5,84,BUY,FULLTGT,DAY,0,2895.83,2890.60,2895.83,5.23,1.00,5.23,2901.06,2906.30,2911.53,2916.76,2921.99,0.24,0.24,0.00,2895.82,0.00,-0.00,-1.92,2899.76,2897.29,2898.51,2899.94,2897.32,-0.614,1.98,25.56,34.97,34.97,-0.28,0.30,-0.58,2894.49,2896.26,727,446,28.6,71.4,9,1,CROSS=EMA9>EMA21;TREND=1;STRUCT=1;VOL=1;COOL=1;EMA50=1;VWAP=1;BIAS=1,1.80,-0.07,25758.15,25758.15,stopped at breakeven
263,2025.02.17 15:10:00,2025.02.17 17:40:00,SKIP,XAUUSD,M5,84,FLAT,NA,EVENING,0,0.00,0.00,0.00,0.00,1.00,0.00,0.00,0.00,0.00,0.00,0.00,0.00,0.00,0.00,0.00,0.00,0.00,0.00,2899.24,2899.25,2899.15,2899.34,2899.30,0.049,1.91,21.52,43.18,43.18,-0.61,-0.70,0.10,2896.82,2897.28,643,521,28.6,57.1,7,1,CROSS=EMA9<EMA21;TREND=1;STRUCT=1;VOL=1;COOL=1;EMA50=1;VWAP=0;BIAS=1,0.00,0.00,25758.15,25758.15,quality filter
264,2025.02.17 17:10:00,2025.02.17 19:40:00,SKIP,XAUUSD,M5,84,FLAT,NA,EVENING,0,0.00,0.00,0.00,0.00,1.00,0.00,0.00,0.00,0.00,0.00,0.00,0.00,0.00,0.00,0.00,0.00,0.00,0.00,2899.03,2899.00,2899.01,2898.96,2898.97,-0.002,1.83,36.18,56.59,56.59,0.74,0.29,0.45,2897.09,2900.46,662,652,85.7,14.3,7,1,CROSS=EMA9>EMA21;TREND=1;STRUCT=1;VOL=1;COOL=1;EMA50=1;VWAP=1;BIAS=1,0.00,0.00,25758.15,25758.15,already positioned that way
265,2025.02.17 18:45:00,2025.02.17 21:15:00,SKIP,XAUUSD,M5,84,FLAT,NA,EVENING,0,0.00,0.00,0.00,0.00,1.00,0.00,0.00,0.00,0.00,0.00,0.00,0.00,0.00,0.00,0.00,0.00,0.00,0.00,2899.09,2899.10,2899.07,2899.20,2899.16,0.019,1.34,28.06,39.37,39.37,-0.44,0.03,-0.46,2897.30,2896.89,480,476,0.0,100.0,5,1,CROSS=EMA9>EMA21;TREND=1;STRUCT=1;VOL=1;COOL=1;EMA50=1;VWAP=1;BIAS=1,0.00,0.00,25758.15,25758.15,outside the killzone window
266,2025.02.17 19:05:00,2025.02.17 21:35:00,SKIP,XAUUSD,M5,84,FLAT,NA,EVENING,0,0.00,0.00,0.00,0.00,1.00,0.00,0.00,0.00,0.00,0.00,0.00,0.00,0.00,0.00,0.00,0.00,0.00,0.00,2899.11,2899.11,2899.08,2899.08,2899.09,0.021,1.39,22.12,53.02,53.02,-0.15,-0.22,0.07,2897.32,2899.72,450,417,85.7,0.0,10,1,CROSS=EMA9>EMA21;TREND=1;STRUCT=1;VOL=1;COOL=1;EMA50=1;VWAP=1;BIAS=1,0.00,0.00,25758.15,25758.15,outside the killzone window
267,2025.02.17 19:10:00,2025.02.17 21:40:00,SKIP,XAUUSD,M5,84,FLAT,NA,EVENING,0,0.00,0.00,0.00,0.00,1.00,0.00,0.00,0.00,0.00,0.00,0.00,0.00,0.00,0.00,0.00,0.00,0.00,0.00,2899.07,2899.09,2899.07,2899.11,2899.11,0.013,1.44,21.22,46.97,46.97,-0.19,-0.25,0.07,2897.33,2898.35,435,415,28.6,57.1,11,1,CROSS=EMA9>EMA21;TREND=1;STRUCT=1;VOL=1;COOL=1;EMA50=1;VWAP=1;BIAS=1,0.00,0.00,25758.15,25758.15,outside the killzone window
268,2025.02.18 01:00:00,2025.02.18 03:30:00,DAY_SUMMARY,XAUUSD,M5,84,FLAT,NA,DAY,0,0.00,0.00,0.00,0.00,1.00,0.00,0.00,0.00,0.00,0.00,0.00,0.00,0.00,0.00,0.00,0.00,-0.00,-1.92,2898.46,2898.69,2898.85,2898.42,2898.68,-0.209,0.76,16.73,56.36,56.36,-0.09,-0.23,0.14,2897.39,2899.13,264,229,71.4,14.3,11,1,CROSS=EMA9>EMA21;TREND=1;STRUCT=1;VOL=1;COOL=1;EMA50=1;VWAP=1;BIAS=1,0.00,0.00,25758.15,25758.15,2025.02.17 trades=1 W=0 L=1 gross_profit=0.00 gross_loss=1.92 net=-1.92 PF=0.00
269,2025.02.18 02:50:00,2025.02.18 05:20:00,SKIP,XAUUSD,M5,84,FLAT,NA,DAY,0,0.00,0.00,0.00,0.00,1.00,0.00,0.00,0.00,0.00,0.00,0.00,0.00,0.00,0.00,0.00,0.00,0.00,0.00,2898.76,2898.75,2898.84,2898.72,2898.73,-0.112,0.77,23.88,57.35,57.35,0.30,0.27,0.03,2898.93,2899.55,166,115,85.7,0.0,12,1,CROSS=EMA9>EMA21;TREND=1;STRUCT=1;VOL=1;COOL=1;EMA50=1;VWAP=1;BIAS=1,0.00,0.00,25758.15,25758.15,already positioned that way
270,2025.02.18 03:10:00,2025.02.18 05:40:00,ENTRY,XAUUSD,M5,86,SELL,FULLTGT,DAY,0,2896.73,2898.64,2898.64,1.91,1.00,1.91,2894.82,2892.91,2891.00,2889.10,2887.19,0.67,0.67,0.67,2896.73,0.00,0.00,0.00,2898.66,2898.70,2898.81,2898.76,2898.75,-0.111,0.95,23.59,34.46,34.46,-0.04,0.22,-0.26,2898.63,2896.73,534,175,0.0,85.7,11,1,CROSS=EMA9<EMA21;TREND=1;STRUCT=1;VOL=1;COOL=1;EMA50=1;VWAP=1;BIAS=1,0.00,0.00,25755.80,25748.43,KZ=ASIA; KZR=London L @ 2879.43 927 bars ago (low taken); DAY 12AM-4PM IST session: stop x1.00 of usual; no partials; full size to TP5; SL steps BE->TP1->TP2->TP3
271,2025.02.18 03:33:19,2025.02.18 06:03:19,SL_MOVE,XAUUSD,M5,86,SELL,FULLTGT,DAY,0,2896.73,2898.64,2896.73,1.91,1.00,1.91,2894.82,2892.91,2891.00,2889.10,2887.19,0.67,0.00,0.67,2896.73,1.00,0.00,0.00,2898.27,2898.49,2898.70,2898.43,2898.58,-0.158,1.28,29.02,28.03,28.03,-0.55,-0.05,-0.50,2898.05,2895.11,305,236,0.0,100.0,9,1,CROSS=EMA9<EMA21;TREND=1;STRUCT=1;VOL=1;COOL=1;EMA50=1;VWAP=1;BIAS=1,0.97,-0.93,25755.80,25885.11,stop to breakeven
272,2025.02.18 03:33:19,2025.02.18 06:03:19,TP1_REACHED,XAUUSD,M5,86,SELL,FULLTGT,DAY,0,2896.73,2898.64,2896.73,1.91,1.00,1.91,2894.82,2892.91,2891.00,2889.10,2887.19,0.67,0.00,0.67,2894.82,1.00,1.00,0.00,2898.27,2898.49,2898.70,2898.43,2898.58,-0.158,1.28,29.02,28.03,28.03,-0.55,-0.05,-0.50,2898.05,2895.11,305,236,0.0,100.0,9,1,CROSS=EMA9<EMA21;TREND=1;STRUCT=1;VOL=1;COOL=1;EMA50=1;VWAP=1;BIAS=1,0.97,-0.93,25755.80,25885.11,full target: no partial booked
273,2025.02.18 03:34:19,2025.02.18 06:04:19,SL_MOVE,XAUUSD,M5,86,SELL,FULLTGT,DAY,0,2896.73,2898.64,2894.82,1.91,1.00,1.91,2894.82,2892.91,2891.00,2889.10,2887.19,0.67,0.00,0.67,2894.82,2.00,0.00,0.00,2898.27,2898.49,2898.70,2898.43,2898.58,-0.158,1.28,29.02,28.03,28.03,-0.55,-0.05,-0.50,2898.05,2895.11,305,236,0.0,100.0,13,1,CROSS=EMA9<EMA21;TREND=1;STRUCT=1;VOL=1;COOL=1;EMA50=1;VWAP=1;BIAS=1,2.00,-0.93,25755.80,26012.41,stop trailed to TP1
274,2025.02.18 03:34:19,2025.02.18 06:04:19,TP2_REACHED,XAUUSD,M5,86,SELL,FULLTGT,DAY,0,2896.73,2898.64,2894.82,1.91,1.00,1.91,2894.82,2892.91,2891.00,2889.10,2887.19,0.67,0.00,0.67,2892.91,2.00,2.00,0.00,2898.27,2898.49,2898.70,2898.43,2898.58,-0.158,1.28,29.02,28.03,28.03,-0.55,-0.05,-0.50,2898.05,2895.11,305,236,0.0,100.0,13,1,CROSS=EMA9<EMA21;TREND=1;STRUCT=1;VOL=1;COOL=1;EMA50=1;VWAP=1;BIAS=1,2.00,-0.93,25755.80,26012.41,full target: no partial booked
275,2025.02.18 03:38:20,2025.02.18 06:08:20,EXIT_TRAIL_SL,XAUUSD,M5,86,SELL,FULLTGT,DAY,0,2896.73,2898.64,2894.82,1.91,1.00,1.91,2894.82,2892.91,2891.00,2889.10,2887.19,0.67,0.67,0.00,2894.82,0.00,1.00,123.27,2897.99,2898.35,2898.62,2898.27,2898.49,-0.176,1.55,32.03,20.32,20.32,-0.91,-0.18,-0.73,2897.60,2892.51,624,259,0.0,100.0,9,1,CROSS=EMA9<EMA21;TREND=1;STRUCT=1;VOL=1;COOL=1;EMA50=1;VWAP=1;BIAS=1,2.47,-0.93,25881.42,25881.42,stopped at a trailed level
276,2025.02.18 04:55:00,2025.02.18 07:25:00,ENTRY,XAUUSD,M5,88,BUY,FULLTGT,DAY,0,2902.91,2899.30,2899.30,3.61,1.00,3.61,2906.52,2910.13,2913.74,2917.34,2920.95,0.35,0.35,0.35,2902.91,0.00,0.00,0.00,2898.53,2898.45,2898.60,2898.31,2898.34,-0.083,1.80,26.33,64.01,64.01,1.29,0.23,1.06,2898.17,2902.83,479,431,85.7,14.3,8,1,CROSS=EMA9>EMA21;TREND=1;STRUCT=1;VOL=1;COOL=1;EMA50=1;VWAP=1;BIAS=1,0.00,0.00,25880.19,25877.39,KZ=ASIA; KZR=London L @ 2879.43 948 bars ago (low taken); DAY 12AM-4PM IST session: stop x1.00 of usual; no partials; full size to TP5; SL steps BE->TP1->TP2->TP3
277,2025.02.18 05:02:37,2025.02.18 07:32:37,SL_MOVE,XAUUSD,M5,88,BUY,FULLTGT,DAY,0,2902.91,2899.30,2902.91,3.61,1.00,3.61,2906.52,2910.13,2913.74,2917.34,2920.95,0.35,0.00,0.35,2902.91,1.00,0.00,0.00,2898.75,2898.56,2898.65,2898.53,2898.45,-0.051,1.78,25.54,64.75,64.75,1.43,0.44,0.99,2898.32,2903.13,426,435,85.7,0.0,10,1,CROSS=EMA9>EMA21;TREND=1;STRUCT=1;VOL=1;COOL=1;EMA50=1;VWAP=1;BIAS=1,0.99,-0.21,25880.19,26006.54,stop to breakeven
278,2025.02.18 05:02:37,2025.02.18 07:32:37,TP1_REACHED,XAUUSD,M5,88,BUY,FULLTGT,DAY,0,2902.91,2899.30,2902.91,3.61,1.00,3.61,2906.52,2910.13,2913.74,2917.34,2920.95,0.35,0.00,0.35,2906.52,1.00,1.00,0.00,2898.75,2898.56,2898.65,2898.53,2898.45,-0.051,1.78,25.54,64.75,64.75,1.43,0.44,0.99,2898.32,2903.13,426,435,85.7,0.0,10,1,CROSS=EMA9>EMA21;TREND=1;STRUCT=1;VOL=1;COOL=1;EMA50=1;VWAP=1;BIAS=1,0.99,-0.21,25880.19,26006.54,full target: no partial booked
279,2025.02.18 05:32:02,2025.02.18 08:02:02,SL_MOVE,XAUUSD,M5,88,BUY,FULLTGT,DAY,0,2902.91,2899.30,2906.52,3.61,1.00,3.61,2906.52,2910.13,2913.74,2917.34,2920.95,0.35,0.00,0.35,2906.52,2.00,0.00,0.00,2901.23,2899.91,2899.35,2900.81,2899.67,0.265,2.14,41.56,73.08,73.08,3.06,2.08,0.98,2900.20,2909.37,440,471,85.7,0.0,9,1,CROSS=EMA9>EMA21;TREND=1;STRUCT=1;VOL=1;COOL=1;EMA50=1;VWAP=1;BIAS=1,2.00,-0.21,25880.19,26133.94,stop trailed to TP1
280,2025.02.18 05:32:02,2025.02.18 08:02:02,TP2_REACHED,XAUUSD,M5,88,BUY,FULLTGT,DAY,0,2902.91,2899.30,2906.52,3.61,1.00,3.61,2906.52,2910.13,2913.74,2917.34,2920.95,0.35,0.00,0.35,2910.13,2.00,2.00,0.00,2901.23,2899.91,2899.35,2900.81,2899.67,0.265,2.14,41.56,73.08,73.08,3.06,2.08,0.98,2900.20,2909.37,440,471,85.7,0.0,9,1,CROSS=EMA9>EMA21;TREND=1;STRUCT=1;VOL=1;COOL=1;EMA50=1;VWAP=1;BIAS=1,2.00,-0.21,25880.19,26133.94,full target: no partial booked
281,2025.02.18 05:53:37,2025.02.18 08:23:37,EXIT_TRAIL_SL,XAUUSD,M5,88,BUY,FULLTGT,DAY,0,2902.91,2899.30,2906.52,3.61,1.00,3.61,2906.52,2910.13,2913.74,2917.34,2920.95,0.35,0.35,0.00,2906.52,0.00,1.00,123.89,2902.72,2900.82,2899.84,2902.41,2900.62,0.499,1.97,35.62,67.57,67.57,3.07,2.87,0.20,2900.93,2908.75,263,463,85.7,0.0,12,1,CROSS=EMA9>EMA21;TREND=1;STRUCT=1;VOL=1;COOL=1;EMA50=1;VWAP=1;BIAS=1,2.16,-0.21,26005.31,26005.31,stopped at a trailed level
282,2025.02.19 01:00:00,2025.02.19 03:30:00,DAY_SUMMARY,XAUUSD,M5,88,FLAT,NA,DAY,0,0.00,0.00,0.00,0.00,1.00,0.00,0.00,0.00,0.00,0.00,0.00,0.00,0.00,0.00,0.00,0.00,2.00,247.16,2933.82,2931.09,2925.40,2933.76,2930.99,5.402,1.05,29.51,54.17,54.17,0.37,0.20,0.17,2918.05,2935.08,180,282,85.7,0.0,11,1,CROSS=EMA9>EMA21;TREND=1;STRUCT=1;VOL=1;COOL=1;EMA50=1;VWAP=1;BIAS=1,0.00,0.00,26005.31,26005.31,2025.02.18 trades=2 W=2 L=0 gross_profit=247.16 gross_loss=0.00 net=247.16 PF=0.00
283,2025.02.19 05:30:00,2025.02.19 08:00:00,ENTRY,XAUUSD,M5,90,SELL,FULLTGT,DAY,0,2928.44,2933.63,2933.63,5.19,1.00,5.19,2923.25,2918.07,2912.88,2907.69,2902.50,0.25,0.25,0.25,2928.44,0.00,0.00,0.00,2932.23,2932.24,2929.06,2932.42,2932.33,1.224,2.59,33.74,38.42,38.42,-1.71,-1.32,-0.38,2932.54,2928.44,531,519,0.0,100.0,8,1,CROSS=EMA9<EMA21;TREND=1;STRUCT=1;VOL=1;COOL=1;EMA50=1;VWAP=1;BIAS=1,0.00,0.00,26004.43,26002.43,KZ=ASIA; KZR=Asia H @ 2933.88 94 bars ago (high taken); DAY 12AM-4PM IST session: stop x1.00 of usual; no partials; full size to TP5; SL steps BE->TP1->TP2->TP3
284,2025.02.19 07:55:01,2025.02.19 10:25:01,EXIT_SL,XAUUSD,M5,90,SELL,FULLTGT,DAY,0,2928.44,2933.63,2933.63,5.19,1.00,5.19,2923.25,2918.07,2912.88,2907.69,2902.50,0.25,0.25,0.00,2933.67,0.00,-1.01,-132.51,2930.33,2930.84,2929.18,2930.18,2930.78,1.173,1.42,32.32,66.95,66.95,0.63,-0.02,0.65,2931.52,2933.26,248,301,71.4,14.3,12,1,CROSS=EMA9<EMA21;TREND=1;STRUCT=1;VOL=1;COOL=1;EMA50=1;VWAP=1;BIAS=1,0.36,-1.00,25872.80,25872.80,stopped at the initial SL (x1.00 of usual)
285,2025.02.19 08:25:00,2025.02.19 10:55:00,SKIP,XAUUSD,M5,90,FLAT,NA,DAY,0,0.00,0.00,0.00,0.00,1.00,0.00,0.00,0.00,0.00,0.00,0.00,0.00,0.00,0.00,0.00,0.00,0.00,0.00,2931.46,2931.37,2929.57,2931.27,2931.27,1.156,1.56,49.71,71.24,71.24,1.49,0.92,0.57,2931.76,2935.23,256,355,85.7,0.0,7,1,CROSS=EMA9<EMA21;TREND=1;STRUCT=1;VOL=1;COOL=1;EMA50=1;VWAP=1;BIAS=1,0.00,0.00,25872.80,25872.80,outside the killzone window
286,2025.02.19 16:30:00,2025.02.19 19:00:00,SKIP,XAUUSD,M5,90,FLAT,NA,EVENING,0,0.00,0.00,0.00,0.00,1.00,0.00,0.00,0.00,0.00,0.00,0.00,0.00,0.00,0.00,0.00,0.00,0.00,0.00,2938.07,2938.08,2936.10,2938.28,2938.18,0.613,3.22,26.05,39.64,39.64,-0.81,-0.33,-0.47,2936.09,2933.91,1184,835,0.0,100.0,9,1,CROSS=EMA9<EMA21;TREND=1;STRUCT=1;VOL=1;COOL=1;EMA50=1;VWAP=1;BIAS=1,0.00,0.00,25872.80,25872.80,already positioned that way
287,2025.02.19 23:10:00,2025.02.20 01:40:00,SKIP,XAUUSD,M5,90,FLAT,NA,DAY,0,0.00,0.00,0.00,0.00,1.00,0.00,0.00,0.00,0.00,0.00,0.00,0.00,0.00,0.00,0.00,0.00,0.00,0.00,2931.09,2931.04,2932.05,2930.83,2930.91,-0.647,1.56,47.12,67.54,67.54,2.14,2.16,-0.02,2933.64,2936.15,352,585,71.4,14.3,7,1,CROSS=EMA9<EMA21;TREND=1;STRUCT=1;VOL=1;COOL=1;EMA50=1;VWAP=1;BIAS=1,0.00,0.00,25872.80,25872.80,outside the killzone window
288,2025.02.20 01:00:00,2025.02.20 03:30:00,DAY_SUMMARY,XAUUSD,M5,90,FLAT,NA,DAY,0,0.00,0.00,0.00,0.00,1.00,0.00,0.00,0.00,0.00,0.00,0.00,0.00,0.00,0.00,0.00,0.00,-1.01,-132.51,2932.16,2931.67,2932.27,2932.12,2931.63,-0.513,1.17,35.52,50.28,50.28,0.64,1.33,-0.69,2933.65,2932.99,114,385,57.1,28.6,11,1,CROSS=EMA9<EMA21;TREND=1;STRUCT=1;VOL=1;COOL=1;EMA50=1;VWAP=1;BIAS=1,0.00,0.00,25872.80,25872.80,2025.02.19 trades=1 W=0 L=1 gross_profit=0.00 gross_loss=132.51 net=-132.51 PF=0.00
289,2025.02.20 15:00:00,2025.02.20 17:30:00,SKIP,XAUUSD,M5,90,FLAT,NA,EVENING,0,0.00,0.00,0.00,0.00,1.00,0.00,0.00,0.00,0.00,0.00,0.00,0.00,0.00,0.00,0.00,0.00,0.00,0.00,2948.29,2948.29,2945.55,2948.43,2948.36,1.036,2.65,21.60,43.59,43.59,-2.00,-1.89,-0.12,2945.92,2945.39,460,579,0.0,71.4,9,1,CROSS=EMA9<EMA21;TREND=1;STRUCT=1;VOL=1;COOL=1;EMA50=1;VWAP=1;BIAS=1,0.00,0.00,25872.80,25872.80,already positioned that way
290,2025.02.21 02:20:00,2025.02.21 04:50:00,ENTRY,XAUUSD,M5,92,BUY,FULLTGT,DAY,0,2941.46,2939.34,2939.34,2.12,1.00,2.12,2943.58,2945.69,2947.81,2949.92,2952.04,0.61,0.61,0.61,2941.46,0.00,0.00,0.00,2940.11,2940.09,2940.76,2940.05,2940.05,-0.637,1.06,27.28,56.86,56.86,0.78,0.74,0.04,2941.11,2941.39,169,157,85.7,14.3,7,1,CROSS=EMA9>EMA21;TREND=1;STRUCT=1;VOL=1;COOL=1;EMA50=1;VWAP=1;BIAS=1,0.00,0.00,25870.66,25866.39,KZ=ASIA; KZR=London H @ 2946.94 220 bars ago (high taken); DAY 12AM-4PM IST session: stop x1.00 of usual; no partials; full size to TP5; SL steps BE->TP1->TP2->TP3
291,2025.02.21 02:25:25,2025.02.21 04:55:25,EXIT_SL,XAUUSD,M5,92,BUY,FULLTGT,DAY,0,2941.46,2939.34,2939.34,2.12,1.00,2.12,2943.58,2945.69,2947.81,2949.92,2952.04,0.61,0.61,0.00,2939.29,0.00,-1.03,-136.65,2940.12,2940.09,2940.75,2940.11,2940.09,-0.574,1.16,25.67,48.09,48.09,0.63,0.75,-0.12,2941.07,2940.15,156,158,28.6,57.1,11,1,CROSS=EMA9>EMA21;TREND=1;STRUCT=1;VOL=1;COOL=1;EMA50=1;VWAP=1;BIAS=1,0.06,-1.00,25736.15,25736.15,stopped at the initial SL (x1.00 of usual)
292,2025.02.21 02:30:00,2025.02.21 05:00:00,ENTRY,XAUUSD,M5,94,SELL,FULLTGT,DAY,0,2938.64,2941.21,2941.21,2.57,1.00,2.57,2936.07,2933.50,2930.93,2928.35,2925.78,0.50,0.50,0.50,2938.64,0.00,0.00,0.00,2940.05,2940.05,2940.73,2940.12,2940.09,-0.524,1.29,26.77,40.18,40.18,0.39,0.72,-0.33,2940.80,2938.68,333,163,0.0,100.0,11,1,CROSS=EMA9<EMA21;TREND=1;STRUCT=1;VOL=1;COOL=1;EMA50=1;VWAP=1;BIAS=1,0.00,0.00,25734.40,25728.90,KZ=ASIA; KZR=London H @ 2946.94 222 bars ago (high taken); DAY 12AM-4PM IST session: stop x1.00 of usual; no partials; full size to TP5; SL steps BE->TP1->TP2->TP3
293,2025.02.21 03:00:29,2025.02.21 05:30:29,EXIT_SL,XAUUSD,M5,94,SELL,FULLTGT,DAY,0,2938.64,2941.21,2941.21,2.57,1.00,2.57,2936.07,2933.50,2930.93,2928.35,2925.78,0.50,0.50,0.00,2941.21,0.00,-1.00,-132.00,2939.97,2940.01,2940.65,2939.97,2940.01,-0.480,1.35,19.85,49.10,49.10,0.02,0.27,-0.25,2940.43,2939.99,239,182,14.3,71.4,5,1,CROSS=EMA9<EMA21;TREND=1;STRUCT=1;VOL=1;COOL=1;EMA50=1;VWAP=1;BIAS=1,0.30,-0.98,25604.15,25604.15,stopped at the initial SL (x1.00 of usual)
294,2025.02.21 03:05:00,2025.02.21 05:35:00,ENTRY,XAUUSD,M5,96,BUY,FULLTGT,DAY,0,2943.71,2940.45,2940.45,3.26,1.00,3.26,2946.97,2950.23,2953.49,2956.74,2960.00,0.39,0.39,0.39,2943.71,0.00,0.00,0.00,2940.15,2940.10,2940.69,2939.97,2940.01,-0.364,1.63,21.32,66.79,66.79,0.29,0.21,0.08,2940.82,2943.60,885,223,85.7,0.0,11,1,CROSS=EMA9>EMA21;TREND=1;STRUCT=1;VOL=1;COOL=1;EMA50=1;VWAP=1;BIAS=1,0.00,0.00,25602.78,25598.49,KZ=ASIA; KZR=London H @ 2946.94 229 bars ago (high taken); DAY 12AM-4PM IST session: stop x1.00 of usual; no partials; full size to TP5; SL steps BE->TP1->TP2->TP3
295,2025.02.21 03:13:14,2025.02.21 05:43:14,SL_MOVE,XAUUSD,M5,96,BUY,FULLTGT,DAY,0,2943.71,2940.45,2943.71,3.26,1.00,3.26,2946.97,2950.23,2953.49,2956.74,2960.00,0.39,0.00,0.39,2943.71,1.00,0.00,0.00,2940.42,2940.24,2940.75,2940.15,2940.10,-0.286,1.81,24.33,72.87,72.87,0.68,0.22,0.46,2941.30,2945.76,662,252,85.7,0.0,10,1,CROSS=EMA9>EMA21;TREND=1;STRUCT=1;VOL=1;COOL=1;EMA50=1;VWAP=1;BIAS=1,0.99,-0.23,25602.78,25730.70,stop to breakeven
296,2025.02.21 03:13:14,2025.02.21 05:43:14,TP1_REACHED,XAUUSD,M5,96,BUY,FULLTGT,DAY,0,2943.71,2940.45,2943.71,3.26,1.00,3.26,2946.97,2950.23,2953.49,2956.74,2960.00,0.39,0.00,0.39,2946.97,1.00,1.00,0.00,2940.42,2940.24,2940.75,2940.15,2940.10,-0.286,1.81,24.33,72.87,72.87,0.68,0.22,0.46,2941.30,2945.76,662,252,85.7,0.0,10,1,CROSS=EMA9>EMA21;TREND=1;STRUCT=1;VOL=1;COOL=1;EMA50=1;VWAP=1;BIAS=1,0.99,-0.23,25602.78,25730.70,full target: no partial booked
297,2025.02.21 03:38:27,2025.02.21 06:08:27,EXIT_BE,XAUUSD,M5,96,BUY,FULLTGT,DAY,0,2943.71,2940.45,2943.71,3.26,1.00,3.26,2946.97,2950.23,2953.49,2956.74,2960.00,0.39,0.39,0.00,2943.70,0.00,-0.00,-3.13,2941.82,2941.01,2941.12,2941.63,2940.89,-0.055,2.08,34.18,62.07,62.07,1.71,0.96,0.76,2943.19,2945.63,582,358,100.0,0.0,10,1,CROSS=EMA9>EMA21;TREND=1;STRUCT=1;VOL=1;COOL=1;EMA50=1;VWAP=1;BIAS=1,1.86,-0.23,25601.02,25601.02,stopped at breakeven
298,2025.02.21 04:00:00,2025.02.21 06:30:00,ENTRY,XAUUSD,M5,98,SELL,FULLTGT,DAY,0,2928.87,2935.68,2935.68,6.81,1.00,6.81,2922.06,2915.24,2908.43,2901.62,2894.81,0.18,0.18,0.18,2928.87,0.00,0.00,0.00,2940.01,2940.16,2940.68,2940.58,2940.44,-0.153,3.41,36.53,25.75,25.75,-1.82,0.61,-2.43,2940.23,2928.87,744,521,0.0,100.0,10,1,CROSS=EMA9<EMA21;TREND=1;STRUCT=1;VOL=1;COOL=1;EMA50=1;VWAP=1;BIAS=1,0.00,0.00,25600.39,25598.59,KZ=ASIA; KZR=NY H @ 2947.78 8 bars ago (high taken); DAY 12AM-4PM IST session: stop x1.00 of usual; no partials; full size to TP5; SL steps BE->TP1->TP2->TP3
299,2025.02.21 04:06:36,2025.02.21 06:36:36,EXIT_SL,XAUUSD,M5,98,SELL,FULLTGT,DAY,0,2928.87,2935.68,2935.68,6.81,1.00,6.81,2922.06,2915.24,2908.43,2901.62,2894.81,0.18,0.18,0.00,2935.75,0.00,-1.01,-125.10,2939.57,2939.93,2940.56,2940.01,2940.16,-0.170,3.70,38.66,31.98,31.98,-2.24,0.20,-2.44,2939.65,2930.93,739,550,14.3,85.7,7,1,CROSS=EMA9<EMA21;TREND=1;STRUCT=1;VOL=1;COOL=1;EMA50=1;VWAP=1;BIAS=1,0.34,-1.00,25475.92,25475.92,stopped at the initial SL (x1.00 of usual)
300,2025.02.21 13:50:00,2025.02.21 16:20:00,SKIP,XAUUSD,M5,98,FLAT,NA,EVENING,0,0.00,0.00,0.00,0.00,1.00,0.00,0.00,0.00,0.00,0.00,0.00,0.00,0.00,0.00,0.00,0.00,0.00,0.00,2930.22,2930.18,2932.24,2930.13,2930.14,-1.171,1.76,39.56,54.00,54.00,1.27,1.47,-0.20,2932.04,2931.84,332,350,57.1,28.6,7,1,CROSS=EMA9<EMA21;TREND=1;STRUCT=1;VOL=1;COOL=1;EMA50=1;VWAP=1;BIAS=1,0.00,0.00,25475.92,25475.92,outside the killzone window
301,2025.02.21 14:00:00,2025.02.21 16:30:00,SKIP,XAUUSD,M5,98,FLAT,NA,EVENING,0,0.00,0.00,0.00,0.00,1.00,0.00,0.00,0.00,0.00,0.00,0.00,0.00,0.00,0.00,0.00,0.00,0.00,0.00,2930.14,2930.14,2932.17,2930.23,2930.19,-1.046,1.94,35.80,41.32,41.32,0.67,1.38,-0.71,2932.01,2928.39,454,343,0.0,100.0,9,1,CROSS=EMA9<EMA21;TREND=1;STRUCT=1;VOL=1;COOL=1;EMA50=1;VWAP=1;BIAS=1,0.00,0.00,25475.92,25475.92,already positioned that way
302,2025.02.21 14:20:00,2025.02.21 16:50:00,ENTRY,XAUUSD,M5,100,BUY,FULLTGT,EVENING,0,2933.24,2928.96,2928.96,4.28,1.00,4.28,2937.52,2941.80,2946.08,2950.37,2954.65,0.29,0.29,0.29,2933.24,0.00,0.00,0.00,2930.25,2930.19,2932.09,2930.10,2930.12,-0.888,2.14,29.50,58.80,58.80,0.44,0.81,-0.37,2931.97,2933.19,665,386,85.7,14.3,6,1,CROSS=EMA9>EMA21;TREND=1;STRUCT=1;VOL=1;COOL=1;EMA50=1;VWAP=1;BIAS=1,0.00,0.00,25474.90,25473.16,KZ=NY; KZR=NY H @ 2947.78 132 bars ago (high taken); EVENING 4PM-12AM IST session: stop x1.00 of usual; no partials; full size to TP5; SL steps BE->TP1->TP2->TP3
303,2025.02.21 15:31:27,2025.02.21 18:01:27,EXIT_SL,XAUUSD,M5,100,BUY,FULLTGT,EVENING,0,2933.24,2928.96,2928.96,4.28,1.00,4.28,2937.52,2941.80,2946.08,2950.37,2954.65,0.29,0.29,0.00,2928.92,0.00,-1.01,-127.32,2931.49,2930.95,2932.20,2931.44,2930.91,-0.636,1.97,23.51,52.19,52.19,0.46,0.53,-0.07,2932.02,2932.51,666,554,57.1,28.6,15,1,CROSS=EMA9>EMA21;TREND=1;STRUCT=1;VOL=1;COOL=1;EMA50=1;VWAP=1;BIAS=1,0.46,-1.00,25348.60,25348.60,stopped at the initial SL (x1.00 of usual)
304,2025.02.21 17:40:00,2025.02.21 20:10:00,ENTRY,XAUUSD,M5,102,SELL,FULLTGT,EVENING,0,2925.26,2933.90,2933.90,8.64,1.00,8.64,2916.62,2907.97,2899.33,2890.69,2882.05,0.14,0.14,0.14,2925.26,0.00,0.00,0.00,2930.72,2930.84,2931.83,2931.00,2930.98,-0.228,4.32,32.37,40.68,40.68,-1.47,-0.39,-1.08,2931.76,2925.26,912,905,0.0,100.0,9,1,CROSS=EMA9<EMA21;TREND=1;STRUCT=1;VOL=1;COOL=1;EMA50=1;VWAP=1;BIAS=1,0.00,0.00,25348.11,25346.85,KZ=NY; KZR=NY H @ 2947.78 172 bars ago (high taken); EVENING 4PM-12AM IST session: stop x1.00 of usual; no partials; full size to TP5; SL steps BE->TP1->TP2->TP3
305,2025.02.21 18:27:17,2025.02.21 20:57:17,EXIT_SL,XAUUSD,M5,102,SELL,FULLTGT,EVENING,0,2925.26,2933.90,2933.90,8.64,1.00,8.64,2916.62,2907.97,2899.33,2890.69,2882.05,0.14,0.14,0.00,2933.92,0.00,-1.00,-122.22,2930.55,2930.70,2931.64,2930.45,2930.65,-0.318,2.96,27.00,55.15,55.15,-0.01,-0.88,0.86,2931.63,2932.67,585,900,71.4,14.3,7,1,CROSS=EMA9<EMA21;TREND=1;STRUCT=1;VOL=1;COOL=1;EMA50=1;VWAP=1;BIAS=1,0.01,-1.00,25226.38,25226.38,stopped at the initial SL (x1.00 of usual)
306,2025.02.21 18:35:00,2025.02.21 21:05:00,SKIP,XAUUSD,M5,102,FLAT,NA,EVENING,0,0.00,0.00,0.00,0.00,1.00,0.00,0.00,0.00,0.00,0.00,0.00,0.00,0.00,0.00,0.00,0.00,0.00,0.00,2931.02,2930.93,2931.73,2930.73,2930.79,-0.275,2.92,34.71,62.15,62.15,0.73,-0.42,1.15,2931.67,2936.60,744,858,85.7,0.0,9,1,CROSS=EMA9<EMA21;TREND=1;STRUCT=1;VOL=1;COOL=1;EMA50=1;VWAP=1;BIAS=1,0.00,0.00,25226.38,25226.38,outside the killzone window
307,2025.02.24 01:00:00,2025.02.24 03:30:00,DAY_SUMMARY,XAUUSD,M5,102,FLAT,NA,DAY,0,0.00,0.00,0.00,0.00,1.00,0.00,0.00,0.00,0.00,0.00,0.00,0.00,0.00,0.00,0.00,0.00,-5.05,-646.42,2936.37,2935.91,2934.91,2936.40,2935.91,0.782,1.28,21.49,48.39,48.39,-0.14,-0.38,0.25,2933.02,2935.89,48,387,42.9,28.6,10,1,CROSS=EMA9<EMA21;TREND=1;STRUCT=1;VOL=1;COOL=1;EMA50=1;VWAP=1;BIAS=1,0.00,0.00,25226.38,25226.38,2025.02.21 trades=6 W=0 L=6 gross_profit=0.00 gross_loss=646.42 net=-646.42 PF=0.00
308,2025.02.24 01:00:00,2025.02.24 03:30:00,WEEK_SUMMARY,XAUUSD,M5,102,FLAT,NA,DAY,0,0.00,0.00,0.00,0.00,1.00,0.00,0.00,0.00,0.00,0.00,0.00,0.00,0.00,0.00,0.00,0.00,-4.06,-533.69,2936.37,2935.91,2934.91,2936.40,2935.91,0.782,1.28,21.49,48.39,48.39,-0.14,-0.38,0.25,2933.02,2935.89,48,387,42.9,28.6,10,1,CROSS=EMA9<EMA21;TREND=1;STRUCT=1;VOL=1;COOL=1;EMA50=1;VWAP=1;BIAS=1,0.00,0.00,25226.38,25226.38,days=4 trades=10 W=2 L=8 gross_profit=247.16 gross_loss=780.85 net=-533.69 PF=0.32 pips=-2433.0
309,2025.02.24 03:00:00,2025.02.24 05:30:00,SKIP,XAUUSD,M5,102,FLAT,NA,DAY,0,0.00,0.00,0.00,0.00,1.00,0.00,0.00,0.00,0.00,0.00,0.00,0.00,0.00,0.00,0.00,0.00,0.00,0.00,2936.01,2936.08,2935.32,2936.31,2936.23,0.478,1.58,50.05,26.90,26.90,-1.31,-0.62,-0.69,2936.56,2930.10,497,343,0.0,100.0,13,1,CROSS=EMA9<EMA21;TREND=1;STRUCT=1;VOL=1;COOL=1;EMA50=1;VWAP=1;BIAS=1,0.00,0.00,25226.38,25226.38,already positioned that way
310,2025.02.24 05:20:00,2025.02.24 07:50:00,ENTRY,XAUUSD,M5,104,BUY,FULLTGT,DAY,0,2942.76,2938.23,2938.23,4.53,1.00,4.53,2947.29,2951.81,2956.34,2960.86,2965.39,0.27,0.27,0.27,2942.76,0.00,0.00,0.00,2934.52,2934.45,2934.41,2934.11,2934.24,0.016,2.26,60.72,74.61,74.61,3.10,1.75,1.35,2932.90,2942.63,887,696,100.0,0.0,9,1,CROSS=EMA9>EMA21;TREND=1;STRUCT=1;VOL=1;COOL=1;EMA50=1;VWAP=1;BIAS=1,0.00,0.00,25225.43,25223.00,KZ=ASIA; KZR=NY H @ 2947.78 888 bars ago (high taken); DAY 12AM-4PM IST session: stop x1.00 of usual; no partials; full size to TP5; SL steps BE->TP1->TP2->TP3
311,2025.02.24 06:03:05,2025.02.24 08:33:05,EXIT_SL,XAUUSD,M5,104,BUY,FULLTGT,DAY,0,2942.76,2938.23,2938.23,4.53,1.00,4.53,2947.29,2951.81,2956.34,2960.86,2965.39,0.27,0.27,0.00,2938.23,0.00,-1.00,-124.21,2936.81,2935.73,2935.09,2936.58,2935.59,0.325,1.96,44.59,62.20,62.20,2.44,2.94,-0.50,2934.09,2941.23,510,663,71.4,14.3,13,1,CROSS=EMA9>EMA21;TREND=1;STRUCT=1;VOL=1;COOL=1;EMA50=1;VWAP=1;BIAS=1,0.44,-0.99,25102.17,25102.17,stopped at the initial SL (x1.00 of usual)
312,2025.02.24 17:20:00,2025.02.24 19:50:00,ENTRY,XAUUSD,M5,106,SELL,FULLTGT,EVENING,0,2937.00,2946.19,2946.19,9.19,1.00,9.19,2927.81,2918.63,2909.44,2900.26,2891.07,0.13,0.13,0.13,2937.00,0.00,0.00,0.00,2943.84,2943.88,2942.17,2944.19,2944.05,0.373,4.59,38.74,40.10,40.10,-3.38,-2.34,-1.04,2940.33,2937.00,876,932,0.0,85.7,5,1,CROSS=EMA9<EMA21;TREND=1;STRUCT=1;VOL=1;COOL=1;EMA50=1;VWAP=1;BIAS=1,0.00,0.00,25101.71,25101.06,KZ=NY; KZR=London H @ 2954.94 15 bars ago (high taken); EVENING 4PM-12AM IST session: stop x1.00 of usual; no partials; full size to TP5; SL steps BE->TP1->TP2->TP3
313,2025.02.24 20:20:00,2025.02.24 22:50:00,SKIP,XAUUSD,M5,106,SELL,FULLTGT,EVENING,0,2937.00,2946.19,2946.19,9.19,1.00,9.19,2927.81,2918.63,2909.44,2900.26,2891.07,0.13,0.00,0.00,0.00,0.00,0.00,0.00,2942.76,2942.74,2941.98,2942.61,2942.67,0.469,1.64,25.17,60.84,60.84,0.93,0.81,0.12,2940.47,2945.67,578,699,85.7,0.0,8,1,CROSS=EMA9<EMA21;TREND=1;STRUCT=1;VOL=1;COOL=1;EMA50=1;VWAP=1;BIAS=1,0.42,-0.96,25101.71,24987.96,outside the killzone window
314,2025.02.24 20:24:40,2025.02.24 22:54:40,EXIT_SL,XAUUSD,M5,106,SELL,FULLTGT,EVENING,0,2937.00,2946.19,2946.19,9.19,1.00,9.19,2927.81,2918.63,2909.44,2900.26,2891.07,0.13,0.13,0.00,2946.19,0.00,-1.00,-120.39,2942.76,2942.74,2941.98,2942.61,2942.67,0.469,1.64,25.17,60.84,60.84,0.93,0.81,0.12,2940.47,2945.67,578,699,85.7,0.0,7,1,CROSS=EMA9<EMA21;TREND=1;STRUCT=1;VOL=1;COOL=1;EMA50=1;VWAP=1;BIAS=1,0.42,-1.00,24981.78,24981.78,stopped at the initial SL (x1.00 of usual)
315,2025.02.25 01:00:00,2025.02.25 03:30:00,DAY_SUMMARY,XAUUSD,M5,106,FLAT,NA,DAY,0,0.00,0.00,0.00,0.00,1.00,0.00,0.00,0.00,0.00,0.00,0.00,0.00,0.00,0.00,0.00,0.00,-2.00,-244.60,2949.47,2947.48,2945.20,2949.31,2947.35,2.610,0.87,35.23,67.19,67.19,1.06,1.07,-0.01,2941.38,2952.62,179,267,71.4,14.3,11,1,CROSS=EMA9<EMA21;TREND=1;STRUCT=1;VOL=1;COOL=1;EMA50=1;VWAP=1;BIAS=1,0.00,0.00,24981.78,24981.78,2025.02.24 trades=2 W=0 L=2 gross_profit=0.00 gross_loss=244.60 net=-244.60 PF=0.00
316,2025.02.25 05:40:00,2025.02.25 08:10:00,SKIP,XAUUSD,M5,106,FLAT,NA,DAY,0,0.00,0.00,0.00,0.00,1.00,0.00,0.00,0.00,0.00,0.00,0.00,0.00,0.00,0.00,0.00,0.00,0.00,0.00,2948.51,2948.60,2947.22,2948.78,2948.73,0.938,1.46,40.66,25.55,25.55,-1.33,-0.57,-0.76,2949.23,2943.27,393,471,0.0,85.7,12,1,CROSS=EMA9<EMA21;TREND=1;STRUCT=1;VOL=1;COOL=1;EMA50=1;VWAP=1;BIAS=1,0.00,0.00,24981.78,24981.78,already positioned that way
317,2025.02.26 02:05:00,2025.02.26 04:35:00,ENTRY,XAUUSD,M5,108,BUY,FULLTGT,DAY,0,2919.42,2916.86,2916.86,2.56,1.00,2.56,2921.98,2924.53,2927.09,2929.64,2932.20,0.48,0.48,0.48,2919.42,0.00,0.00,0.00,2914.57,2914.45,2919.12,2914.32,2914.33,-3.652,1.28,41.68,70.74,70.74,1.32,0.91,0.41,2916.30,2919.32,344,279,100.0,0.0,10,1,CROSS=EMA9>EMA21;TREND=1;STRUCT=1;VOL=1;COOL=1;EMA50=1;VWAP=1;BIAS=1,0.00,0.00,24980.10,24975.30,KZ=ASIA; KZR=NY L @ 2900.68 95 bars ago (low taken); DAY 12AM-4PM IST session: stop x1.00 of usual; no partials; full size to TP5; SL steps BE->TP1->TP2->TP3
318,2025.02.26 02:09:35,2025.02.26 04:39:35,SL_MOVE,XAUUSD,M5,108,BUY,FULLTGT,DAY,0,2919.42,2916.86,2919.42,2.56,1.00,2.56,2921.98,2924.53,2927.09,2929.64,2932.20,0.48,0.00,0.48,2919.42,1.00,0.00,0.00,2914.57,2914.45,2919.12,2914.32,2914.33,-3.652,1.28,41.68,70.74,70.74,1.32,0.91,0.41,2916.30,2919.32,344,279,100.0,0.0,9,1,CROSS=EMA9>EMA21;TREND=1;STRUCT=1;VOL=1;COOL=1;EMA50=1;VWAP=1;BIAS=1,0.99,-0.03,24980.10,25102.98,stop to breakeven
319,2025.02.26 02:09:35,2025.02.26 04:39:35,TP1_REACHED,XAUUSD,M5,108,BUY,FULLTGT,DAY,0,2919.42,2916.86,2919.42,2.56,1.00,2.56,2921.98,2924.53,2927.09,2929.64,2932.20,0.48,0.00,0.48,2921.98,1.00,1.00,0.00,2914.57,2914.45,2919.12,2914.32,2914.33,-3.652,1.28,41.68,70.74,70.74,1.32,0.91,0.41,2916.30,2919.32,344,279,100.0,0.0,9,1,CROSS=EMA9>EMA21;TREND=1;STRUCT=1;VOL=1;COOL=1;EMA50=1;VWAP=1;BIAS=1,0.99,-0.03,24980.10,25102.98,full target: no partial booked
320,2025.02.26 02:14:39,2025.02.26 04:44:39,SL_MOVE,XAUUSD,M5,108,BUY,FULLTGT,DAY,0,2919.42,2916.86,2921.98,2.56,1.00,2.56,2921.98,2924.53,2927.09,2929.64,2932.20,0.48,0.00,0.48,2921.98,2.00,0.00,0.00,2914.92,2914.64,2919.15,2914.57,2914.45,-3.181,1.42,46.11,76.90,76.90,1.61,1.00,0.61,2916.94,2921.78,535,289,100.0,0.0,12,1,CROSS=EMA9>EMA21;TREND=1;STRUCT=1;VOL=1;COOL=1;EMA50=1;VWAP=1;BIAS=1,2.00,-0.03,24980.10,25227.78,stop trailed to TP1
321,2025.02.26 02:14:39,2025.02.26 04:44:39,TP2_REACHED,XAUUSD,M5,108,BUY,FULLTGT,DAY,0,2919.42,2916.86,2921.98,2.56,1.00,2.56,2921.98,2924.53,2927.09,2929.64,2932.20,0.48,0.00,0.48,2924.53,2.00,2.00,0.00,2914.92,2914.64,2919.15,2914.57,2914.45,-3.181,1.42,46.11,76.90,76.90,1.61,1.00,0.61,2916.94,2921.78,535,289,100.0,0.0,12,1,CROSS=EMA9>EMA21;TREND=1;STRUCT=1;VOL=1;COOL=1;EMA50=1;VWAP=1;BIAS=1,2.00,-0.03,24980.10,25227.78,full target: no partial booked
322,2025.02.26 02:57:42,2025.02.26 05:27:42,EXIT_TRAIL_SL,XAUUSD,M5,108,BUY,FULLTGT,DAY,0,2919.42,2916.86,2921.98,2.56,1.00,2.56,2921.98,2924.53,2927.09,2929.64,2932.20,0.48,0.48,0.00,2921.97,0.00,1.00,119.04,2918.43,2916.64,2919.73,2918.15,2916.46,-1.627,1.90,53.67,67.79,67.79,2.71,2.65,0.06,2920.22,2923.89,340,300,85.7,14.3,8,1,CROSS=EMA9>EMA21;TREND=1;STRUCT=1;VOL=1;COOL=1;EMA50=1;VWAP=1;BIAS=1,2.62,-0.03,25100.82,25100.82,stopped at a trailed level
323,2025.02.26 06:45:00,2025.02.26 09:15:00,ENTRY,XAUUSD,M5,110,SELL,FULLTGT,DAY,0,2913.69,2917.15,2917.15,3.46,1.00,3.46,2910.23,2906.77,2903.31,2899.86,2896.40,0.36,0.36,0.36,2913.69,0.00,0.00,0.00,2918.09,2918.19,2919.57,2918.32,2918.30,-0.802,1.73,46.64,33.94,33.94,-1.65,-1.25,-0.40,2920.60,2913.69,189,227,0.0,85.7,9,1,CROSS=EMA9<EMA21;TREND=1;STRUCT=1;VOL=1;COOL=1;EMA50=1;VWAP=1;BIAS=1,0.00,0.00,25099.56,25096.32,KZ=ASIA; KZR=NY L @ 2900.68 151 bars ago (low taken); DAY 12AM-4PM IST session: stop x1.00 of usual; no partials; full size to TP5; SL steps BE->TP1->TP2->TP3
324,2025.02.26 07:07:42,2025.02.26 09:37:42,EXIT_SL,XAUUSD,M5,110,SELL,FULLTGT,DAY,0,2913.69,2917.15,2917.15,3.46,1.00,3.46,2910.23,2906.77,2903.31,2899.86,2896.40,0.36,0.36,0.00,2917.15,0.00,-1.00,-127.08,2917.50,2917.87,2919.34,2917.59,2917.92,-0.917,1.61,36.99,44.42,44.42,-1.38,-1.52,0.14,2920.39,2915.63,311,235,28.6,71.4,10,1,CROSS=EMA9<EMA21;TREND=1;STRUCT=1;VOL=1;COOL=1;EMA50=1;VWAP=1;BIAS=1,0.04,-0.99,24973.74,24973.74,stopped at the initial SL (x1.00 of usual)
325,2025.02.26 19:10:00,2025.02.26 21:40:00,SKIP,XAUUSD,M5,110,FLAT,NA,EVENING,0,0.00,0.00,0.00,0.00,1.00,0.00,0.00,0.00,0.00,0.00,0.00,0.00,0.00,0.00,0.00,0.00,0.00,0.00,2910.38,2910.38,2912.12,2910.17,2910.27,-0.639,2.72,19.24,57.99,57.99,1.90,1.99,-0.09,2912.59,2914.60,502,684,57.1,14.3,12,1,CROSS=EMA9<EMA21;TREND=1;STRUCT=1;VOL=1;COOL=1;EMA50=1;VWAP=1;BIAS=1,0.00,0.00,24973.74,24973.74,outside the killzone window
326,2025.02.27 01:00:00,2025.02.27 03:30:00,DAY_SUMMARY,XAUUSD,M5,110,FLAT,NA,DAY,0,0.00,0.00,0.00,0.00,1.00,0.00,0.00,0.00,0.00,0.00,0.00,0.00,0.00,0.00,0.00,0.00,-0.00,-8.04,2915.69,2914.41,2913.84,2915.66,2914.37,0.500,1.14,21.46,49.46,49.46,0.47,0.73,-0.27,2913.04,2916.11,105,356,28.6,42.9,11,1,CROSS=EMA9<EMA21;TREND=1;STRUCT=1;VOL=1;COOL=1;EMA50=1;VWAP=1;BIAS=1,0.00,0.00,24973.74,24973.74,2025.02.26 trades=2 W=1 L=1 gross_profit=119.04 gross_loss=127.08 net=-8.04 PF=0.94
327,2025.02.27 04:35:00,2025.02.27 07:05:00,SKIP,XAUUSD,M5,110,FLAT,NA,DAY,0,0.00,0.00,0.00,0.00,1.00,0.00,0.00,0.00,0.00,0.00,0.00,0.00,0.00,0.00,0.00,0.00,0.00,0.00,2915.31,2915.32,2914.77,2915.46,2915.40,0.299,1.85,17.81,38.32,38.32,-1.01,-0.92,-0.09,2915.65,2912.46,439,484,0.0,71.4,10,1,CROSS=EMA9<EMA21;TREND=1;STRUCT=1;VOL=1;COOL=1;EMA50=1;VWAP=1;BIAS=1,0.00,0.00,24973.74,24973.74,already positioned that way
328,2025.02.28 23:15:00,2025.03.01 01:45:00,SKIP,XAUUSD,M5,110,FLAT,NA,DAY,0,0.00,0.00,0.00,0.00,1.00,0.00,0.00,0.00,0.00,0.00,0.00,0.00,0.00,0.00,0.00,0.00,0.00,0.00,2849.71,2849.64,2853.21,2849.45,2849.51,-2.084,1.71,37.00,65.16,65.16,1.83,1.43,0.40,2857.11,2854.70,223,484,71.4,14.3,7,1,CROSS=EMA9<EMA21;TREND=1;STRUCT=1;VOL=1;COOL=1;EMA50=1;VWAP=1;BIAS=1,0.00,0.00,24973.74,24973.74,outside the killzone window
329,2025.03.03 01:00:00,2025.03.03 03:30:00,WEEK_SUMMARY,XAUUSD,M5,110,FLAT,NA,DAY,0,0.00,0.00,0.00,0.00,1.00,0.00,0.00,0.00,0.00,0.00,0.00,0.00,0.00,0.00,0.00,0.00,-2.00,-252.64,2852.72,2851.32,2853.71,2852.40,2851.13,-1.891,1.27,42.88,72.04,72.04,2.58,2.41,0.16,2857.12,2859.06,100,335,85.7,0.0,11,1,CROSS=EMA9<EMA21;TREND=1;STRUCT=1;VOL=1;COOL=1;EMA50=1;VWAP=1;BIAS=1,0.00,0.00,24973.74,24973.74,days=2 trades=4 W=1 L=3 gross_profit=119.04 gross_loss=371.68 net=-252.64 PF=0.32 pips=-1463.0
330,2025.03.03 01:00:00,2025.03.03 03:30:00,MONTH_SUMMARY,XAUUSD,M5,110,FLAT,NA,DAY,0,0.00,0.00,0.00,0.00,1.00,0.00,0.00,0.00,0.00,0.00,0.00,0.00,0.00,0.00,0.00,0.00,2.92,281.71,2852.72,2851.32,2853.71,2852.40,2851.13,-1.891,1.27,42.88,72.04,72.04,2.58,2.41,0.16,2857.12,2859.06,100,335,85.7,0.0,11,1,CROSS=EMA9<EMA21;TREND=1;STRUCT=1;VOL=1;COOL=1;EMA50=1;VWAP=1;BIAS=1,0.00,0.00,24973.74,24973.74,days=14 trades=26 W=8 L=18 gross_profit=1819.36 gross_loss=1537.65 net=281.71 PF=1.18 pips=-413.0
331,2025.03.03 09:40:00,2025.03.03 12:10:00,SKIP,XAUUSD,M5,110,FLAT,NA,DAY,0,0.00,0.00,0.00,0.00,1.00,0.00,0.00,0.00,0.00,0.00,0.00,0.00,0.00,0.00,0.00,0.00,0.00,0.00,2864.15,2864.16,2862.63,2864.26,2864.22,0.962,1.60,25.11,41.27,41.27,-0.65,-0.39,-0.26,2866.72,2862.14,368,440,0.0,85.7,6,1,CROSS=EMA9<EMA21;TREND=1;STRUCT=1;VOL=1;COOL=1;EMA50=1;VWAP=1;BIAS=1,0.00,0.00,24973.74,24973.74,already positioned that way
332,2025.03.03 11:00:00,2025.03.03 13:30:00,ENTRY,XAUUSD,M5,112,BUY,FULLTGT,DAY,0,2868.76,2864.20,2864.20,4.56,1.00,4.56,2873.32,2877.89,2882.45,2887.02,2891.58,0.27,0.27,0.27,2868.76,0.00,0.00,0.00,2864.13,2864.08,2862.84,2863.90,2863.96,0.542,2.28,24.63,67.55,67.55,0.86,-0.08,0.94,2866.20,2868.70,846,572,85.7,0.0,7,1,CROSS=EMA9>EMA21;TREND=1;STRUCT=1;VOL=1;COOL=1;EMA50=1;VWAP=1;BIAS=1,0.00,0.00,24972.79,24970.90,KZ=LONDON; KZR=London L @ 2851.13 804 bars ago (low taken); DAY 12AM-4PM IST session: stop x1.00 of usual; no partials; full size to TP5; SL steps BE->TP1->TP2->TP3
333,2025.03.03 12:54:40,2025.03.03 15:24:40,SL_MOVE,XAUUSD,M5,112,BUY,FULLTGT,DAY,0,2868.76,2864.20,2868.76,4.56,1.00,4.56,2873.32,2877.89,2882.45,2887.02,2891.58,0.27,0.00,0.27,2868.76,1.00,0.00,0.00,2867.44,2866.16,2864.31,2867.21,2866.01,0.897,2.06,34.83,64.99,64.99,1.27,1.00,0.27,2866.69,2871.88,400,567,85.7,0.0,8,1,CROSS=EMA9>EMA21;TREND=1;STRUCT=1;VOL=1;COOL=1;EMA50=1;VWAP=1;BIAS=1,1.00,-0.97,24972.79,25096.45,stop to breakeven
334,2025.03.03 12:54:40,2025.03.03 15:24:40,TP1_REACHED,XAUUSD,M5,112,BUY,FULLTGT,DAY,0,2868.76,2864.20,2868.76,4.56,1.00,4.56,2873.32,2877.89,2882.45,2887.02,2891.58,0.27,0.00,0.27,2873.32,1.00,1.00,0.00,2867.44,2866.16,2864.31,2867.21,2866.01,0.897,2.06,34.83,64.99,64.99,1.27,1.00,0.27,2866.69,2871.88,400,567,85.7,0.0,8,1,CROSS=EMA9>EMA21;TREND=1;STRUCT=1;VOL=1;COOL=1;EMA50=1;VWAP=1;BIAS=1,1.00,-0.97,24972.79,25096.45,full target: no partial booked
335,2025.03.03 16:34:04,2025.03.03 19:04:04,SL_MOVE,XAUUSD,M5,112,BUY,FULLTGT,EVENING,0,2868.76,2864.20,2873.32,4.56,1.00,4.56,2873.32,2877.89,2882.45,2887.02,2891.58,0.27,0.00,0.27,2873.32,2.00,0.00,0.00,2873.09,2871.30,2868.37,2873.05,2871.24,1.455,2.02,21.92,51.78,51.78,0.06,-0.08,0.15,2868.41,2873.88,415,639,71.4,0.0,4,1,CROSS=EMA9>EMA21;TREND=1;STRUCT=1;VOL=1;COOL=1;EMA50=1;VWAP=1;BIAS=1,2.00,-0.97,24972.79,25219.57,stop trailed to TP1
336,2025.03.03 16:34:04,2025.03.03 19:04:04,TP2_REACHED,XAUUSD,M5,112,BUY,FULLTGT,EVENING,0,2868.76,2864.20,2873.32,4.56,1.00,4.56,2873.32,2877.89,2882.45,2887.02,2891.58,0.27,0.00,0.27,2877.89,2.00,2.00,0.00,2873.09,2871.30,2868.37,2873.05,2871.24,1.455,2.02,21.92,51.78,51.78,0.06,-0.08,0.15,2868.41,2873.88,415,639,71.4,0.0,4,1,CROSS=EMA9>EMA21;TREND=1;STRUCT=1;VOL=1;COOL=1;EMA50=1;VWAP=1;BIAS=1,2.00,-0.97,24972.79,25219.57,full target: no partial booked
337,2025.03.03 16:37:40,2025.03.03 19:07:40,SL_MOVE,XAUUSD,M5,112,BUY,FULLTGT,EVENING,0,2868.76,2864.20,2877.89,4.56,1.00,4.56,2873.32,2877.89,2882.45,2887.02,2891.58,0.27,0.00,0.27,2877.89,3.00,0.00,0.00,2873.37,2871.49,2868.50,2873.09,2871.30,1.291,2.32,20.38,67.06,67.06,0.48,-0.02,0.49,2868.51,2878.85,1089,681,85.7,0.0,10,1,CROSS=EMA9>EMA21;TREND=1;STRUCT=1;VOL=1;COOL=1;EMA50=1;VWAP=1;BIAS=1,3.00,-0.97,24972.79,25342.69,stop trailed to TP2
338,2025.03.03 16:37:40,2025.03.03 19:07:40,TP3_REACHED,XAUUSD,M5,112,BUY,FULLTGT,EVENING,0,2868.76,2864.20,2877.89,4.56,1.00,4.56,2873.32,2877.89,2882.45,2887.02,2891.58,0.27,0.00,0.27,2882.45,3.00,3.00,0.00,2873.37,2871.49,2868.50,2873.09,2871.30,1.291,2.32,20.38,67.06,67.06,0.48,-0.02,0.49,2868.51,2878.85,1089,681,85.7,0.0,10,1,CROSS=EMA9>EMA21;TREND=1;STRUCT=1;VOL=1;COOL=1;EMA50=1;VWAP=1;BIAS=1,3.00,-0.97,24972.79,25342.69,full target: no partial booked
339,2025.03.03 16:44:41,2025.03.03 19:14:41,EXIT_TRAIL_SL,XAUUSD,M5,112,BUY,FULLTGT,EVENING,0,2868.76,2864.20,2877.89,4.56,1.00,4.56,2873.32,2877.89,2882.45,2887.02,2891.58,0.27,0.27,0.00,2877.87,0.00,2.00,244.07,2873.78,2871.75,2868.66,2873.37,2871.49,1.291,2.39,21.61,72.73,72.73,1.04,0.12,0.92,2868.67,2881.88,1216,725,85.7,0.0,7,1,CROSS=EMA9>EMA21;TREND=1;STRUCT=1;VOL=1;COOL=1;EMA50=1;VWAP=1;BIAS=1,3.12,-0.97,25217.81,25217.81,stopped at a trailed level
340,2025.03.04 01:00:00,2025.03.04 03:30:00,DAY_SUMMARY,XAUUSD,M5,112,FLAT,NA,DAY,0,0.00,0.00,0.00,0.00,1.00,0.00,0.00,0.00,0.00,0.00,0.00,0.00,0.00,0.00,0.00,0.00,2.00,244.07,2889.63,2887.20,2882.05,2889.46,2887.05,3.241,1.59,31.98,61.43,61.43,1.76,1.63,0.13,2875.54,2892.99,139,419,85.7,0.0,10,1,CROSS=EMA9>EMA21;TREND=1;STRUCT=1;VOL=1;COOL=1;EMA50=1;VWAP=1;BIAS=1,0.00,0.00,25217.81,25217.81,2025.03.03 trades=1 W=1 L=0 gross_profit=244.07 gross_loss=0.00 net=244.07 PF=0.00
341,2025.03.04 05:00:00,2025.03.04 07:30:00,ENTRY,XAUUSD,M5,114,SELL,FULLTGT,DAY,0,2885.49,2888.49,2888.49,3.00,1.00,3.00,2882.49,2879.48,2876.48,2873.47,2870.47,0.41,0.41,0.41,2885.49,0.00,0.00,0.00,2888.04,2888.09,2885.11,2888.17,2888.16,1.985,1.50,23.06,41.06,41.06,-0.64,-0.74,0.10,2888.11,2885.48,363,506,14.3,57.1,7,1,CROSS=EMA9<EMA21;TREND=1;STRUCT=1;VOL=1;COOL=1;EMA50=1;VWAP=1;BIAS=1,0.00,0.00,25216.37,25213.50,KZ=ASIA; KZR=London L @ 2851.13 1020 bars ago (low taken); DAY 12AM-4PM IST session: stop x1.00 of usual; no partials; full size to TP5; SL steps BE->TP1->TP2->TP3
342,2025.03.04 05:14:00,2025.03.04 07:44:00,EXIT_SL,XAUUSD,M5,114,SELL,FULLTGT,DAY,0,2885.49,2888.49,2888.49,3.00,1.00,3.00,2882.49,2879.48,2876.48,2873.47,2870.47,0.41,0.41,0.00,2888.50,0.00,-1.00,-126.29,2887.92,2888.03,2885.15,2887.95,2888.04,1.947,1.48,22.78,49.68,49.68,-0.55,-0.68,0.14,2888.04,2887.38,287,490,14.3,57.1,9,1,CROSS=EMA9<EMA21;TREND=1;STRUCT=1;VOL=1;COOL=1;EMA50=1;VWAP=1;BIAS=1,0.17,-0.99,25091.52,25091.52,stopped at the initial SL (x1.00 of usual)
343,2025.03.04 05:20:00,2025.03.04 07:50:00,ENTRY,XAUUSD,M5,116,BUY,FULLTGT,DAY,0,2892.29,2889.03,2889.03,3.26,1.00,3.26,2895.55,2898.81,2902.07,2905.34,2908.60,0.38,0.38,0.38,2892.29,0.00,0.00,0.00,2888.14,2888.14,2885.28,2887.94,2888.03,1.754,1.63,22.29,64.91,64.91,0.04,-0.52,0.57,2888.14,2892.17,617,446,85.7,0.0,13,1,CROSS=EMA9>EMA21;TREND=1;STRUCT=1;VOL=1;COOL=1;EMA50=1;VWAP=1;BIAS=1,0.00,0.00,25090.19,25085.25,KZ=ASIA; KZR=London L @ 2851.13 1024 bars ago (low taken); DAY 12AM-4PM IST session: stop x1.00 of usual; no partials; full size to TP5; SL steps BE->TP1->TP2->TP3
344,2025.03.04 05:52:35,2025.03.04 08:22:35,EXIT_SL,XAUUSD,M5,116,BUY,FULLTGT,DAY,0,2892.29,2889.03,2889.03,3.26,1.00,3.26,2895.55,2898.81,2902.07,2905.34,2908.60,0.38,0.38,0.00,2888.98,0.00,-1.01,-128.44,2888.92,2888.56,2885.70,2888.84,2888.51,1.469,1.94,20.97,55.41,55.41,0.82,0.37,0.45,2888.49,2890.43,156,395,71.4,0.0,11,1,CROSS=EMA9>EMA21;TREND=1;STRUCT=1;VOL=1;COOL=1;EMA50=1;VWAP=1;BIAS=1,0.24,-0.99,24963.08,24963.08,stopped at the initial SL (x1.00 of usual)
345,2025.03.04 08:55:00,2025.03.04 11:25:00,SKIP,XAUUSD,M5,116,FLAT,NA,DAY,0,0.00,0.00,0.00,0.00,1.00,0.00,0.00,0.00,0.00,0.00,0.00,0.00,0.00,0.00,0.00,0.00,0.00,0.00,2889.03,2889.04,2887.10,2889.21,2889.13,1.237,1.57,51.91,31.31,31.31,-1.16,-0.69,-0.46,2888.92,2885.49,440,385,0.0,100.0,10,1,CROSS=EMA9>EMA21;TREND=1;STRUCT=1;VOL=1;COOL=1;EMA50=1;VWAP=1;BIAS=1,0.00,0.00,24963.08,24963.08,outside the killzone window
346,2025.03.04 09:15:00,2025.03.04 11:45:00,SKIP,XAUUSD,M5,116,FLAT,NA,DAY,0,0.00,0.00,0.00,0.00,1.00,0.00,0.00,0.00,0.00,0.00,0.00,0.00,0.00,0.00,0.00,0.00,0.00,0.00,2889.05,2889.05,2887.20,2888.92,2888.98,1.076,1.72,38.57,61.55,61.55,-0.40,-0.87,0.47,2888.90,2891.50,547,423,100.0,0.0,6,1,CROSS=EMA9>EMA21;TREND=1;STRUCT=1;VOL=1;COOL=1;EMA50=1;VWAP=1;BIAS=1,0.00,0.00,24963.08,24963.08,already positioned that way
347,2025.03.04 18:05:00,2025.03.04 20:35:00,SKIP,XAUUSD,M5,116,FLAT,NA,EVENING,0,0.00,0.00,0.00,0.00,1.00,0.00,0.00,0.00,0.00,0.00,0.00,0.00,0.00,0.00,0.00,0.00,0.00,0.00,2912.63,2912.78,2907.55,2912.96,2912.94,1.229,4.26,30.44,39.58,39.58,-3.09,-3.37,0.29,2905.88,2906.32,848,1071,28.6,57.1,6,1,CROSS=EMA9>EMA21;TREND=1;STRUCT=1;VOL=1;COOL=1;EMA50=1;VWAP=1;BIAS=1,0.00,0.00,24963.08,24963.08,outside the killzone window
348,2025.03.04 19:35:00,2025.03.04 22:05:00,SKIP,XAUUSD,M5,116,FLAT,NA,EVENING,0,0.00,0.00,0.00,0.00,1.00,0.00,0.00,0.00,0.00,0.00,0.00,0.00,0.00,0.00,0.00,0.00,0.00,0.00,2912.57,2912.57,2908.45,2912.47,2912.52,2.006,2.05,31.84,57.69,57.69,1.05,0.64,0.40,2906.43,2914.50,561,737,85.7,0.0,10,1,CROSS=EMA9>EMA21;TREND=1;STRUCT=1;VOL=1;COOL=1;EMA50=1;VWAP=1;BIAS=1,0.00,0.00,24963.08,24963.08,outside the killzone window
349,2025.03.04 20:30:00,2025.03.04 23:00:00,SKIP,XAUUSD,M5,116,FLAT,NA,EVENING,0,0.00,0.00,0.00,0.00,1.00,0.00,0.00,0.00,0.00,0.00,0.00,0.00,0.00,0.00,0.00,0.00,0.00,0.00,2912.59,2912.59,2908.99,2912.73,2912.66,1.945,1.85,19.92,41.18,41.18,0.05,0.48,-0.43,2906.71,2909.87,638,582,14.3,71.4,12,1,CROSS=EMA9>EMA21;TREND=1;STRUCT=1;VOL=1;COOL=1;EMA50=1;VWAP=1;BIAS=1,0.00,0.00,24963.08,24963.08,outside the killzone window
350,2025.03.04 21:50:00,2025.03.05 00:20:00,SKIP,XAUUSD,M5,116,FLAT,NA,DAY,0,0.00,0.00,0.00,0.00,1.00,0.00,0.00,0.00,0.00,0.00,0.00,0.00,0.00,0.00,0.00,0.00,0.00,0.00,2912.56,2912.50,2909.58,2912.42,2912.43,1.735,1.69,29.68,60.48,60.48,0.63,0.21,0.42,2906.99,2915.24,456,471,85.7,0.0,7,1,CROSS=EMA9>EMA21;TREND=1;STRUCT=1;VOL=1;COOL=1;EMA50=1;VWAP=1;BIAS=1,0.00,0.00,24963.08,24963.08,outside the killzone window
351,2025.03.05 01:00:00,2025.03.05 03:30:00,DAY_SUMMARY,XAUUSD,M5,116,FLAT,NA,DAY,0,0.00,0.00,0.00,0.00,1.00,0.00,0.00,0.00,0.00,0.00,0.00,0.00,0.00,0.00,0.00,0.00,-2.02,-254.73,2915.45,2914.46,2911.54,2915.33,2914.38,2.045,1.43,20.46,58.55,58.55,0.46,0.31,0.15,2907.76,2917.70,191,466,71.4,0.0,11,1,CROSS=EMA9>EMA21;TREND=1;STRUCT=1;VOL=1;COOL=1;EMA50=1;VWAP=1;BIAS=1,0.00,0.00,24963.08,24963.08,2025.03.04 trades=2 W=0 L=2 gross_profit=0.00 gross_loss=254.73 net=-254.73 PF=0.00
352,2025.03.05 03:20:00,2025.03.05 05:50:00,ENTRY,XAUUSD,M5,118,SELL,FULLTGT,DAY,0,2904.16,2908.48,2908.48,4.32,1.00,4.32,2899.84,2895.53,2891.21,2886.89,2882.57,0.28,0.28,0.28,2904.16,0.00,0.00,0.00,2914.25,2914.34,2912.38,2914.76,2914.60,0.907,2.16,35.09,17.56,17.56,-1.59,-0.49,-1.09,2913.31,2904.13,836,358,0.0,100.0,11,1,CROSS=EMA9<EMA21;TREND=1;STRUCT=1;VOL=1;COOL=1;EMA50=1;VWAP=1;BIAS=1,0.00,0.00,24962.10,24959.02,KZ=ASIA; KZR=London H @ 2921.19 161 bars ago (high taken); DAY 12AM-4PM IST session: stop x1.00 of usual; no partials; full size to TP5; SL steps BE->TP1->TP2->TP3
353,2025.03.05 03:23:50,2025.03.05 05:53:50,EXIT_SL,XAUUSD,M5,118,SELL,FULLTGT,DAY,0,2904.16,2908.48,2908.48,4.32,1.00,4.32,2899.84,2895.53,2891.21,2886.89,2882.57,0.28,0.28,0.00,2908.49,0.00,-1.00,-123.20,2914.25,2914.34,2912.38,2914.76,2914.60,0.907,2.16,35.09,17.56,17.56,-1.59,-0.49,-1.09,2913.31,2904.13,836,358,0.0,100.0,10,1,CROSS=EMA9<EMA21;TREND=1;STRUCT=1;VOL=1;COOL=1;EMA50=1;VWAP=1;BIAS=1,0.12,-1.00,24839.88,24839.88,stopped at the initial SL (x1.00 of usual)
354,2025.03.05 08:00:00,2025.03.05 10:30:00,SKIP,XAUUSD,M5,118,FLAT,NA,DAY,0,0.00,0.00,0.00,0.00,1.00,0.00,0.00,0.00,0.00,0.00,0.00,0.00,0.00,0.00,0.00,0.00,0.00,0.00,2911.94,2911.90,2911.56,2911.59,2911.73,0.218,1.55,27.37,74.12,74.12,1.45,0.62,0.82,2910.52,2918.80,289,260,100.0,0.0,7,1,CROSS=EMA9<EMA21;TREND=1;STRUCT=1;VOL=1;COOL=1;EMA50=1;VWAP=1;BIAS=1,0.00,0.00,24839.88,24839.88,outside the killzone window
355,2025.03.05 14:00:00,2025.03.05 16:30:00,SKIP,XAUUSD,M5,118,FLAT,NA,EVENING,0,0.00,0.00,0.00,0.00,1.00,0.00,0.00,0.00,0.00,0.00,0.00,0.00,0.00,0.00,0.00,0.00,0.00,0.00,2915.66,2915.68,2914.66,2915.78,2915.74,0.531,1.93,34.99,40.61,40.61,-0.83,-0.86,0.03,2914.40,2913.30,821,659,14.3,85.7,9,1,CROSS=EMA9<EMA21;TREND=1;STRUCT=1;VOL=1;COOL=1;EMA50=1;VWAP=1;BIAS=1,0.00,0.00,24839.88,24839.88,already positioned that way
356,2025.03.05 14:15:00,2025.03.05 16:45:00,ENTRY,XAUUSD,M5,120,BUY,FULLTGT,EVENING,0,2917.95,2914.27,2914.27,3.68,1.00,3.68,2921.63,2925.32,2929.00,2932.68,2936.36,0.33,0.33,0.33,2917.95,0.00,0.00,0.00,2915.79,2915.74,2914.73,2915.68,2915.69,0.553,1.84,26.31,59.08,59.08,-0.22,-0.70,0.48,2914.44,2917.90,661,664,85.7,0.0,5,1,CROSS=EMA9>EMA21;TREND=1;STRUCT=1;VOL=1;COOL=1;EMA50=1;VWAP=1;BIAS=1,0.00,0.00,24838.72,24837.07,KZ=NY; KZR=London H @ 2921.19 292 bars ago (high taken); EVENING 4PM-12AM IST session: stop x1.00 of usual; no partials; full size to TP5; SL steps BE->TP1->TP2->TP3
357,2025.03.05 14:43:40,2025.03.05 17:13:40,EXIT_SL,XAUUSD,M5,120,BUY,FULLTGT,EVENING,0,2917.95,2914.27,2914.27,3.68,1.00,3.68,2921.63,2925.32,2929.00,2932.68,2936.36,0.33,0.33,0.00,2914.24,0.00,-1.01,-124.75,2916.15,2915.94,2914.89,2916.13,2915.93,0.515,2.04,19.88,51.61,51.61,0.34,-0.11,0.45,2914.57,2916.49,556,656,71.4,0.0,5,1,CROSS=EMA9>EMA21;TREND=1;STRUCT=1;VOL=1;COOL=1;EMA50=1;VWAP=1;BIAS=1,0.33,-0.99,24715.13,24715.13,stopped at the initial SL (x1.00 of usual)
358,2025.03.05 15:15:00,2025.03.05 17:45:00,ENTRY,XAUUSD,M5,122,SELL,FULLTGT,EVENING,0,2913.52,2917.72,2917.72,4.20,1.00,4.20,2909.32,2905.13,2900.93,2896.74,2892.54,0.29,0.29,0.29,2913.52,0.00,0.00,0.00,2915.75,2915.77,2914.89,2915.86,2915.82,0.418,2.10,21.36,42.65,42.65,-0.40,0.09,-0.49,2914.59,2913.52,622,713,0.0,71.4,12,1,CROSS=EMA9<EMA21;TREND=1;STRUCT=1;VOL=1;COOL=1;EMA50=1;VWAP=1;BIAS=1,0.00,0.00,24714.11,24710.63,KZ=NY; KZR=London H @ 2921.19 304 bars ago (high taken); EVENING 4PM-12AM IST session: stop x1.00 of usual; no partials; full size to TP5; SL steps BE->TP1->TP2->TP3
359,2025.03.05 15:34:26,2025.03.05 18:04:26,SL_MOVE,XAUUSD,M5,122,SELL,FULLTGT,EVENING,0,2913.52,2917.72,2913.52,4.20,1.00,4.20,2909.32,2905.13,2900.93,2896.74,2892.54,0.29,0.00,0.29,2913.52,1.00,0.00,0.00,2915.37,2915.57,2914.82,2915.49,2915.63,0.316,2.37,20.58,41.68,41.68,-0.71,-0.22,-0.49,2914.55,2913.06,981,778,14.3,71.4,8,1,CROSS=EMA9<EMA21;TREND=1;STRUCT=1;VOL=1;COOL=1;EMA50=1;VWAP=1;BIAS=1,1.00,-0.77,24714.11,24837.07,stop to breakeven
360,2025.03.05 15:34:26,2025.03.05 18:04:26,TP1_REACHED,XAUUSD,M5,122,SELL,FULLTGT,EVENING,0,2913.52,2917.72,2913.52,4.20,1.00,4.20,2909.32,2905.13,2900.93,2896.74,2892.54,0.29,0.00,0.29,2909.32,1.00,1.00,0.00,2915.37,2915.57,2914.82,2915.49,2915.63,0.316,2.37,20.58,41.68,41.68,-0.71,-0.22,-0.49,2914.55,2913.06,981,778,14.3,71.4,8,1,CROSS=EMA9<EMA21;TREND=1;STRUCT=1;VOL=1;COOL=1;EMA50=1;VWAP=1;BIAS=1,1.00,-0.77,24714.11,24837.07,full target: no partial booked
361,2025.03.05 15:43:42,2025.03.05 18:13:42,SL_MOVE,XAUUSD,M5,122,SELL,FULLTGT,EVENING,0,2913.52,2917.72,2909.32,4.20,1.00,4.20,2909.32,2905.13,2900.93,2896.74,2892.54,0.29,0.00,0.29,2909.32,2.00,0.00,0.00,2914.79,2915.26,2914.69,2915.05,2915.40,0.196,2.95,25.89,35.31,35.31,-1.31,-0.53,-0.78,2914.44,2909.84,1059,807,14.3,85.7,13,1,CROSS=EMA9<EMA21;TREND=1;STRUCT=1;VOL=1;COOL=1;EMA50=1;VWAP=1;BIAS=1,1.99,-0.77,24714.11,24957.71,stop trailed to TP1
362,2025.03.05 15:43:42,2025.03.05 18:13:42,TP2_REACHED,XAUUSD,M5,122,SELL,FULLTGT,EVENING,0,2913.52,2917.72,2909.32,4.20,1.00,4.20,2909.32,2905.13,2900.93,2896.74,2892.54,0.29,0.00,0.29,2905.13,2.00,2.00,0.00,2914.79,2915.26,2914.69,2915.05,2915.40,0.196,2.95,25.89,35.31,35.31,-1.31,-0.53,-0.78,2914.44,2909.84,1059,807,14.3,85.7,13,1,CROSS=EMA9<EMA21;TREND=1;STRUCT=1;VOL=1;COOL=1;EMA50=1;VWAP=1;BIAS=1,1.99,-0.77,24714.11,24957.71,full target: no partial booked
363,2025.03.05 15:44:17,2025.03.05 18:14:17,SL_MOVE,XAUUSD,M5,122,SELL,FULLTGT,EVENING,0,2913.52,2917.72,2905.13,4.20,1.00,4.20,2909.32,2905.13,2900.93,2896.74,2892.54,0.29,0.00,0.29,2905.13,3.00,0.00,0.00,2914.79,2915.26,2914.69,2915.05,2915.40,0.196,2.95,25.89,35.31,35.31,-1.31,-0.53,-0.78,2914.44,2909.84,1059,807,14.3,85.7,13,1,CROSS=EMA9<EMA21;TREND=1;STRUCT=1;VOL=1;COOL=1;EMA50=1;VWAP=1;BIAS=1,2.99,-0.77,24714.11,25079.51,stop trailed to TP2
364,2025.03.05 15:44:17,2025.03.05 18:14:17,TP3_REACHED,XAUUSD,M5,122,SELL,FULLTGT,EVENING,0,2913.52,2917.72,2905.13,4.20,1.00,4.20,2909.32,2905.13,2900.93,2896.74,2892.54,0.29,0.00,0.29,2900.93,3.00,3.00,0.00,2914.79,2915.26,2914.69,2915.05,2915.40,0.196,2.95,25.89,35.31,35.31,-1.31,-0.53,-0.78,2914.44,2909.84,1059,807,14.3,85.7,13,1,CROSS=EMA9<EMA21;TREND=1;STRUCT=1;VOL=1;COOL=1;EMA50=1;VWAP=1;BIAS=1,2.99,-0.77,24714.11,25079.51,full target: no partial booked
365,2025.03.05 15:49:38,2025.03.05 18:19:38,SL_MOVE,XAUUSD,M5,122,SELL,FULLTGT,EVENING,0,2913.52,2917.72,2900.93,4.20,1.00,4.20,2909.32,2905.13,2900.93,2896.74,2892.54,0.29,0.00,0.29,2900.93,4.00,0.00,0.00,2914.06,2914.88,2914.50,2914.79,2915.26,0.105,3.64,29.95,21.12,21.12,-2.26,-0.80,-1.46,2914.30,2899.74,1176,826,0.0,100.0,9,1,CROSS=EMA9<EMA21;TREND=1;STRUCT=1;VOL=1;COOL=1;EMA50=1;VWAP=1;BIAS=1,4.00,-0.77,24714.11,25202.18,stop trailed to TP3
366,2025.03.05 15:49:38,2025.03.05 18:19:38,TP4_REACHED,XAUUSD,M5,122,SELL,FULLTGT,EVENING,0,2913.52,2917.72,2900.93,4.20,1.00,4.20,2909.32,2905.13,2900.93,2896.74,2892.54,0.29,0.00,0.29,2896.74,4.00,4.00,0.00,2914.06,2914.88,2914.50,2914.79,2915.26,0.105,3.64,29.95,21.12,21.12,-2.26,-0.80,-1.46,2914.30,2899.74,1176,826,0.0,100.0,9,1,CROSS=EMA9<EMA21;TREND=1;STRUCT=1;VOL=1;COOL=1;EMA50=1;VWAP=1;BIAS=1,4.00,-0.77,24714.11,25202.18,full target: no partial booked
367,2025.03.05 16:00:37,2025.03.05 18:30:37,EXIT_TRAIL_SL,XAUUSD,M5,122,SELL,FULLTGT,EVENING,0,2913.52,2917.72,2900.93,4.20,1.00,4.20,2909.32,2905.13,2900.93,2896.74,2892.54,0.29,0.29,0.00,2900.94,0.00,3.00,362.78,2911.80,2913.65,2913.88,2912.40,2913.99,-0.054,4.42,38.17,29.58,29.58,-4.20,-1.99,-2.21,2913.70,2900.00,1127,908,14.3,85.7,5,1,CROSS=EMA9<EMA21;TREND=1;STRUCT=1;VOL=1;COOL=1;EMA50=1;VWAP=1;BIAS=1,4.56,-0.77,25077.91,25077.91,stopped at a trailed level
368,2025.03.05 17:50:00,2025.03.05 20:20:00,ENTRY,XAUUSD,M5,124,BUY,FULLTGT,EVENING,0,2920.35,2911.44,2911.44,8.91,1.00,8.91,2929.26,2938.18,2947.09,2956.00,2964.91,0.14,0.14,0.14,2920.35,0.00,0.00,0.00,2913.92,2913.83,2913.81,2913.60,2913.66,0.003,4.46,39.79,61.58,61.58,2.98,2.29,0.70,2913.57,2920.30,1052,1170,85.7,0.0,7,1,CROSS=EMA9>EMA21;TREND=1;STRUCT=1;VOL=1;COOL=1;EMA50=1;VWAP=1;BIAS=1,0.00,0.00,25077.42,25076.44,KZ=NY; KZR=London H @ 2922.53 3 bars ago (high taken); EVENING 4PM-12AM IST session: stop x1.00 of usual; no partials; full size to TP5; SL steps BE->TP1->TP2->TP3
369,2025.03.05 18:24:38,2025.03.05 20:54:38,SL_MOVE,XAUUSD,M5,124,BUY,FULLTGT,EVENING,0,2920.35,2911.44,2920.35,8.91,1.00,8.91,2929.26,2938.18,2947.09,2956.00,2964.91,0.14,0.00,0.14,2920.35,1.00,0.00,0.00,2915.79,2914.82,2914.33,2915.26,2914.54,0.137,3.63,32.07,68.24,68.24,3.10,2.78,0.33,2913.88,2926.24,1035,1147,85.7,0.0,11,1,CROSS=EMA9>EMA21;TREND=1;STRUCT=1;VOL=1;COOL=1;EMA50=1;VWAP=1;BIAS=1,1.00,-0.57,25077.42,25202.30,stop to breakeven
370,2025.03.05 18:24:38,2025.03.05 20:54:38,TP1_REACHED,XAUUSD,M5,124,BUY,FULLTGT,EVENING,0,2920.35,2911.44,2920.35,8.91,1.00,8.91,2929.26,2938.18,2947.09,2956.00,2964.91,0.14,0.00,0.14,2929.26,1.00,1.00,0.00,2915.79,2914.82,2914.33,2915.26,2914.54,0.137,3.63,32.07,68.24,68.24,3.10,2.78,0.33,2913.88,2926.24,1035,1147,85.7,0.0,11,1,CROSS=EMA9>EMA21;TREND=1;STRUCT=1;VOL=1;COOL=1;EMA50=1;VWAP=1;BIAS=1,1.00,-0.57,25077.42,25202.30,full target: no partial booked
371,2025.03.05 19:10:38,2025.03.05 21:40:38,EXIT_BE,XAUUSD,M5,124,BUY,FULLTGT,EVENING,0,2920.35,2911.44,2920.35,8.91,1.00,8.91,2929.26,2938.18,2947.09,2956.00,2964.91,0.14,0.14,0.00,2920.30,0.00,-0.01,-1.68,2919.91,2917.38,2915.75,2919.78,2917.26,0.486,3.35,29.07,51.27,51.27,2.59,3.63,-1.03,2914.67,2922.38,880,967,71.4,14.3,9,1,CROSS=EMA9>EMA21;TREND=1;STRUCT=1;VOL=1;COOL=1;EMA50=1;VWAP=1;BIAS=1,1.08,-0.57,25076.23,25076.23,stopped at breakeven
372,2025.03.06 01:00:00,2025.03.06 03:30:00,DAY_SUMMARY,XAUUSD,M5,124,FLAT,NA,DAY,0,0.00,0.00,0.00,0.00,1.00,0.00,0.00,0.00,0.00,0.00,0.00,0.00,0.00,0.00,0.00,0.00,0.98,113.15,2919.57,2918.85,2917.49,2919.59,2918.84,1.298,1.05,38.14,46.66,46.66,-0.30,-0.10,-0.20,2915.35,2919.13,127,310,28.6,57.1,11,1,CROSS=EMA9>EMA21;TREND=1;STRUCT=1;VOL=1;COOL=1;EMA50=1;VWAP=1;BIAS=1,0.00,0.00,25076.23,25076.23,2025.03.05 trades=4 W=1 L=3 gross_profit=362.78 gross_loss=249.63 net=113.15 PF=1.45
373,2025.03.06 03:05:00,2025.03.06 05:35:00,ENTRY,XAUUSD,M5,126,SELL,FULLTGT,DAY,0,2917.48,2919.69,2919.69,2.21,1.00,2.21,2915.27,2913.05,2910.84,2908.62,2906.41,0.56,0.56,0.56,2917.48,0.00,0.00,0.00,2918.48,2918.48,2917.64,2918.53,2918.51,0.760,1.11,29.94,44.11,44.11,-0.37,-0.22,-0.15,2918.02,2917.48,577,208,14.3,85.7,10,1,CROSS=EMA9<EMA21;TREND=1;STRUCT=1;VOL=1;COOL=1;EMA50=1;VWAP=1;BIAS=1,0.00,0.00,25074.27,25068.67,KZ=ASIA; KZR=NY H @ 2927.81 104 bars ago (high taken); DAY 12AM-4PM IST session: stop x1.00 of usual; no partials; full size to TP5; SL steps BE->TP1->TP2->TP3
374,2025.03.06 03:30:36,2025.03.06 06:00:36,EXIT_SL,XAUUSD,M5,126,SELL,FULLTGT,DAY,0,2917.48,2919.69,2919.69,2.21,1.00,2.21,2915.27,2913.05,2910.84,2908.62,2906.41,0.56,0.56,0.00,2919.70,0.00,-1.00,-128.24,2918.44,2918.46,2917.68,2918.41,2918.44,0.697,1.12,22.67,55.38,55.38,-0.11,-0.28,0.17,2918.06,2919.02,381,308,71.4,14.3,7,1,CROSS=EMA9<EMA21;TREND=1;STRUCT=1;VOL=1;COOL=1;EMA50=1;VWAP=1;BIAS=1,0.51,-0.99,24947.99,24947.99,stopped at the initial SL (x1.00 of usual)
375,2025.03.06 03:35:00,2025.03.06 06:05:00,ENTRY,XAUUSD,M5,128,BUY,FULLTGT,DAY,0,2919.88,2917.65,2917.65,2.23,1.00,2.23,2922.11,2924.34,2926.57,2928.79,2931.02,0.55,0.55,0.55,2919.88,0.00,0.00,0.00,2918.50,2918.49,2917.70,2918.44,2918.46,0.705,1.11,24.19,59.79,59.79,0.03,-0.25,0.28,2918.16,2919.77,471,326,85.7,0.0,11,1,CROSS=EMA9>EMA21;TREND=1;STRUCT=1;VOL=1;COOL=1;EMA50=1;VWAP=1;BIAS=1,0.00,0.00,24946.06,24940.01,KZ=ASIA; KZR=NY H @ 2927.81 110 bars ago (high taken); DAY 12AM-4PM IST session: stop x1.00 of usual; no partials; full size to TP5; SL steps BE->TP1->TP2->TP3
376,2025.03.06 03:41:35,2025.03.06 06:11:35,SL_MOVE,XAUUSD,M5,128,BUY,FULLTGT,DAY,0,2919.88,2917.65,2919.88,2.23,1.00,2.23,2922.11,2924.34,2926.57,2928.79,2931.02,0.55,0.00,0.55,2919.88,1.00,0.00,0.00,2918.65,2918.57,2917.75,2918.50,2918.49,0.706,1.15,27.36,67.89,67.89,0.28,-0.19,0.47,2918.33,2921.55,498,346,100.0,0.0,9,1,CROSS=EMA9>EMA21;TREND=1;STRUCT=1;VOL=1;COOL=1;EMA50=1;VWAP=1;BIAS=1,0.99,-0.06,24946.06,25068.71,stop to breakeven
377,2025.03.06 03:41:35,2025.03.06 06:11:35,TP1_REACHED,XAUUSD,M5,128,BUY,FULLTGT,DAY,0,2919.88,2917.65,2919.88,2.23,1.00,2.23,2922.11,2924.34,2926.57,2928.79,2931.02,0.55,0.00,0.55,2922.11,1.00,1.00,0.00,2918.65,2918.57,2917.75,2918.50,2918.49,0.706,1.15,27.36,67.89,67.89,0.28,-0.19,0.47,2918.33,2921.55,498,346,100.0,0.0,9,1,CROSS=EMA9>EMA21;TREND=1;STRUCT=1;VOL=1;COOL=1;EMA50=1;VWAP=1;BIAS=1,0.99,-0.06,24946.06,25068.71,full target: no partial booked
378,2025.03.06 03:52:37,2025.03.06 06:22:37,SL_MOVE,XAUUSD,M5,128,BUY,FULLTGT,DAY,0,2919.88,2917.65,2922.11,2.23,1.00,2.23,2922.11,2924.34,2926.57,2928.79,2931.02,0.55,0.00,0.55,2922.11,2.00,0.00,0.00,2919.06,2918.78,2917.88,2918.84,2918.67,0.733,1.23,36.08,73.39,73.39,0.81,0.04,0.77,2918.88,2923.20,703,394,100.0,0.0,13,1,CROSS=EMA9>EMA21;TREND=1;STRUCT=1;VOL=1;COOL=1;EMA50=1;VWAP=1;BIAS=1,2.00,-0.06,24946.06,25191.91,stop trailed to TP1
379,2025.03.06 03:52:37,2025.03.06 06:22:37,TP2_REACHED,XAUUSD,M5,128,BUY,FULLTGT,DAY,0,2919.88,2917.65,2922.11,2.23,1.00,2.23,2922.11,2924.34,2926.57,2928.79,2931.02,0.55,0.00,0.55,2924.34,2.00,2.00,0.00,2919.06,2918.78,2917.88,2918.84,2918.67,0.733,1.23,36.08,73.39,73.39,0.81,0.04,0.77,2918.88,2923.20,703,394,100.0,0.0,13,1,CROSS=EMA9>EMA21;TREND=1;STRUCT=1;VOL=1;COOL=1;EMA50=1;VWAP=1;BIAS=1,2.00,-0.06,24946.06,25191.91,full target: no partial booked
380,2025.03.06 05:38:56,2025.03.06 08:08:56,EXIT_TRAIL_SL,XAUUSD,M5,128,BUY,FULLTGT,DAY,0,2919.88,2917.65,2922.11,2.23,1.00,2.23,2922.11,2924.34,2926.57,2928.79,2931.02,0.55,0.55,0.00,2922.11,0.00,1.00,118.79,2922.13,2920.86,2919.28,2922.10,2920.81,1.352,1.17,17.08,49.71,49.71,0.52,0.92,-0.40,2921.39,2922.70,193,410,28.6,42.9,7,1,CROSS=EMA9>EMA21;TREND=1;STRUCT=1;VOL=1;COOL=1;EMA50=1;VWAP=1;BIAS=1,2.99,-0.06,25066.78,25066.78,stopped at a trailed level
381,2025.03.06 07:00:00,2025.03.06 09:30:00,ENTRY,XAUUSD,M5,130,SELL,FULLTGT,DAY,0,2917.40,2919.66,2919.66,2.26,1.00,2.26,2915.14,2912.87,2910.61,2908.35,2906.09,0.55,0.55,0.55,2917.40,0.00,0.00,0.00,2920.03,2920.09,2919.17,2920.17,2920.16,0.814,1.13,46.40,35.61,35.61,-1.37,-1.24,-0.13,2920.93,2917.40,191,274,0.0,85.7,12,1,CROSS=EMA9<EMA21;TREND=1;STRUCT=1;VOL=1;COOL=1;EMA50=1;VWAP=1;BIAS=1,0.00,0.00,25064.85,25058.25,KZ=ASIA; KZR=NY H @ 2927.81 151 bars ago (high taken); DAY 12AM-4PM IST session: stop x1.00 of usual; no partials; full size to TP5; SL steps BE->TP1->TP2->TP3
382,2025.03.06 07:25:27,2025.03.06 09:55:27,SL_MOVE,XAUUSD,M5,130,SELL,FULLTGT,DAY,0,2917.40,2919.66,2917.40,2.26,1.00,2.26,2915.14,2912.87,2910.61,2908.35,2906.09,0.55,0.00,0.55,2917.40,1.00,0.00,0.00,2919.19,2919.64,2919.00,2919.38,2919.75,0.593,1.09,42.82,30.28,30.28,-1.44,-1.41,-0.03,2920.62,2915.47,338,283,0.0,100.0,13,1,CROSS=EMA9<EMA21;TREND=1;STRUCT=1;VOL=1;COOL=1;EMA50=1;VWAP=1;BIAS=1,1.00,-0.14,25064.85,25190.25,stop to breakeven
383,2025.03.06 07:25:27,2025.03.06 09:55:27,TP1_REACHED,XAUUSD,M5,130,SELL,FULLTGT,DAY,0,2917.40,2919.66,2917.40,2.26,1.00,2.26,2915.14,2912.87,2910.61,2908.35,2906.09,0.55,0.00,0.55,2915.14,1.00,1.00,0.00,2919.19,2919.64,2919.00,2919.38,2919.75,0.593,1.09,42.82,30.28,30.28,-1.44,-1.41,-0.03,2920.62,2915.47,338,283,0.0,100.0,13,1,CROSS=EMA9<EMA21;TREND=1;STRUCT=1;VOL=1;COOL=1;EMA50=1;VWAP=1;BIAS=1,1.00,-0.14,25064.85,25190.25,full target: no partial booked
384,2025.03.06 07:30:37,2025.03.06 10:00:37,EXIT_BE,XAUUSD,M5,130,SELL,FULLTGT,DAY,0,2917.40,2919.66,2917.40,2.26,1.00,2.26,2915.14,2912.87,2910.61,2908.35,2906.09,0.55,0.55,0.00,2917.41,0.00,-0.00,-4.41,2919.06,2919.56,2918.96,2919.19,2919.64,0.521,1.15,42.97,37.81,37.81,-1.38,-1.40,0.02,2920.53,2916.41,469,289,28.6,71.4,11,1,CROSS=EMA9<EMA21;TREND=1;STRUCT=1;VOL=1;COOL=1;EMA50=1;VWAP=1;BIAS=1,1.17,-0.14,25062.37,25062.37,stopped at breakeven
385,2025.03.06 08:50:00,2025.03.06 11:20:00,SKIP,XAUUSD,M5,130,FLAT,NA,DAY,0,0.00,0.00,0.00,0.00,1.00,0.00,0.00,0.00,0.00,0.00,0.00,0.00,0.00,0.00,0.00,0.00,0.00,0.00,2919.88,2919.85,2919.22,2919.79,2919.80,0.382,1.64,16.43,59.36,59.36,0.74,0.54,0.20,2920.40,2921.65,418,402,71.4,0.0,7,1,CROSS=EMA9<EMA21;TREND=1;STRUCT=1;VOL=1;COOL=1;EMA50=1;VWAP=1;BIAS=1,0.00,0.00,25062.37,25062.37,outside the killzone window
386,2025.03.06 09:30:00,2025.03.06 12:00:00,SKIP,XAUUSD,M5,130,FLAT,NA,DAY,0,0.00,0.00,0.00,0.00,1.00,0.00,0.00,0.00,0.00,0.00,0.00,0.00,0.00,0.00,0.00,0.00,0.00,0.00,2919.79,2919.82,2919.27,2919.97,2919.91,0.312,1.77,22.54,33.81,33.81,-0.18,0.48,-0.66,2920.33,2916.11,614,499,0.0,85.7,9,1,CROSS=EMA9<EMA21;TREND=1;STRUCT=1;VOL=1;COOL=1;EMA50=1;VWAP=1;BIAS=1,0.00,0.00,25062.37,25062.37,already positioned that way
387,2025.03.06 16:55:00,2025.03.06 19:25:00,ENTRY,XAUUSD,M5,132,BUY,FULLTGT,EVENING,0,2915.45,2908.25,2908.25,7.20,1.00,7.20,2922.65,2929.85,2937.05,2944.24,2951.44,0.17,0.17,0.17,2915.45,0.00,0.00,0.00,2907.00,2906.98,2909.56,2906.57,2906.76,-0.719,3.60,31.68,68.90,68.90,2.57,1.69,0.88,2909.69,2915.40,1154,1058,100.0,0.0,5,1,CROSS=EMA9>EMA21;TREND=1;STRUCT=1;VOL=1;COOL=1;EMA50=1;VWAP=1;BIAS=1,0.00,0.00,25061.77,25060.92,KZ=NY; KZR=NY H @ 2927.81 270 bars ago (high taken); EVENING 4PM-12AM IST session: stop x1.00 of usual; no partials; full size to TP5; SL steps BE->TP1->TP2->TP3
388,2025.03.06 17:04:14,2025.03.06 19:34:14,SL_MOVE,XAUUSD,M5,132,BUY,FULLTGT,EVENING,0,2915.45,2908.25,2915.45,7.20,1.00,7.20,2922.65,2929.85,2937.05,2944.24,2951.44,0.17,0.00,0.17,2915.45,1.00,0.00,0.00,2907.40,2907.18,2909.63,2907.00,2906.98,-0.690,3.56,35.22,68.34,68.34,2.74,1.87,0.87,2909.73,2915.24,1040,1050,85.7,0.0,11,1,CROSS=EMA9>EMA21;TREND=1;STRUCT=1;VOL=1;COOL=1;EMA50=1;VWAP=1;BIAS=1,1.00,-0.25,25061.77,25184.17,stop to breakeven
389,2025.03.06 17:04:14,2025.03.06 19:34:14,TP1_REACHED,XAUUSD,M5,132,BUY,FULLTGT,EVENING,0,2915.45,2908.25,2915.45,7.20,1.00,7.20,2922.65,2929.85,2937.05,2944.24,2951.44,0.17,0.00,0.17,2922.65,1.00,1.00,0.00,2907.40,2907.18,2909.63,2907.00,2906.98,-0.690,3.56,35.22,68.34,68.34,2.74,1.87,0.87,2909.73,2915.24,1040,1050,85.7,0.0,11,1,CROSS=EMA9>EMA21;TREND=1;STRUCT=1;VOL=1;COOL=1;EMA50=1;VWAP=1;BIAS=1,1.00,-0.25,25061.77,25184.17,full target: no partial booked
390,2025.03.06 17:21:29,2025.03.06 19:51:29,EXIT_BE,XAUUSD,M5,132,BUY,FULLTGT,EVENING,0,2915.45,2908.25,2915.45,7.20,1.00,7.20,2922.65,2929.85,2937.05,2944.24,2951.44,0.17,0.17,0.00,2915.44,0.00,-0.00,-1.37,2909.43,2908.27,2910.07,2909.03,2908.04,-0.479,3.76,45.31,64.64,64.64,3.53,2.82,0.70,2910.08,2917.22,1114,1063,100.0,0.0,8,1,CROSS=EMA9>EMA21;TREND=1;STRUCT=1;VOL=1;COOL=1;EMA50=1;VWAP=1;BIAS=1,1.01,-0.25,25061.00,25061.00,stopped at breakeven
391,2025.03.06 23:30:00,2025.03.07 02:00:00,SKIP,XAUUSD,M5,132,FLAT,NA,DAY,0,0.00,0.00,0.00,0.00,1.00,0.00,0.00,0.00,0.00,0.00,0.00,0.00,0.00,0.00,0.00,0.00,0.00,0.00,2913.54,2913.62,2913.09,2913.73,2913.71,0.339,1.57,54.66,37.89,37.89,-1.60,-1.29,-0.31,2911.69,2909.92,274,467,0.0,85.7,9,1,CROSS=EMA9>EMA21;TREND=1;STRUCT=1;VOL=1;COOL=1;EMA50=1;VWAP=1;BIAS=1,0.00,0.00,25061.00,25061.00,outside the killzone window
392,2025.03.07 01:00:00,2025.03.07 03:30:00,DAY_SUMMARY,XAUUSD,M5,132,FLAT,NA,DAY,0,0.00,0.00,0.00,0.00,1.00,0.00,0.00,0.00,0.00,0.00,0.00,0.00,0.00,0.00,0.00,0.00,-0.01,-15.23,2912.79,2913.20,2912.91,2912.89,2913.26,0.201,1.46,35.28,43.59,43.59,-1.11,-1.42,0.31,2911.68,2910.74,125,334,14.3,71.4,11,1,CROSS=EMA9>EMA21;TREND=1;STRUCT=1;VOL=1;COOL=1;EMA50=1;VWAP=1;BIAS=1,0.00,0.00,25061.00,25061.00,2025.03.06 trades=4 W=1 L=3 gross_profit=118.79 gross_loss=134.02 net=-15.23 PF=0.89
393,2025.03.07 08:00:00,2025.03.07 10:30:00,SKIP,XAUUSD,M5,132,FLAT,NA,DAY,0,0.00,0.00,0.00,0.00,1.00,0.00,0.00,0.00,0.00,0.00,0.00,0.00,0.00,0.00,0.00,0.00,0.00,0.00,2908.11,2908.11,2909.17,2908.03,2908.07,-0.821,1.29,44.01,56.00,56.00,1.14,1.15,-0.01,2906.45,2909.63,560,406,71.4,28.6,7,1,CROSS=EMA9>EMA21;TREND=1;STRUCT=1;VOL=1;COOL=1;EMA50=1;VWAP=1;BIAS=1,0.00,0.00,25061.00,25061.00,outside the killzone window
394,2025.03.07 18:55:00,2025.03.07 21:25:00,SKIP,XAUUSD,M5,132,FLAT,NA,EVENING,0,0.00,0.00,0.00,0.00,1.00,0.00,0.00,0.00,0.00,0.00,0.00,0.00,0.00,0.00,0.00,0.00,0.00,0.00,2918.14,2918.20,2916.76,2918.34,2918.29,0.362,3.98,23.44,43.51,43.51,-1.33,-1.25,-0.07,2915.17,2914.32,820,956,0.0,71.4,5,1,CROSS=EMA9>EMA21;TREND=1;STRUCT=1;VOL=1;COOL=1;EMA50=1;VWAP=1;BIAS=1,0.00,0.00,25061.00,25061.00,outside the killzone window
395,2025.03.10 01:00:00,2025.03.10 03:30:00,WEEK_SUMMARY,XAUUSD,M5,132,FLAT,NA,DAY,0,0.00,0.00,0.00,0.00,1.00,0.00,0.00,0.00,0.00,0.00,0.00,0.00,0.00,0.00,0.00,0.00,0.95,87.26,2909.86,2910.91,2912.43,2909.75,2910.89,-1.382,1.10,30.11,60.42,60.42,1.03,0.94,0.08,2913.69,2911.94,65,277,57.1,28.6,11,1,CROSS=EMA9>EMA21;TREND=1;STRUCT=1;VOL=1;COOL=1;EMA50=1;VWAP=1;BIAS=1,0.00,0.00,25061.00,25061.00,days=4 trades=11 W=3 L=8 gross_profit=725.64 gross_loss=638.38 net=87.26 PF=1.14 pips=727.0
396,2025.03.10 02:25:00,2025.03.10 04:55:00,SKIP,XAUUSD,M5,132,FLAT,NA,DAY,0,0.00,0.00,0.00,0.00,1.00,0.00,0.00,0.00,0.00,0.00,0.00,0.00,0.00,0.00,0.00,0.00,0.00,0.00,2911.72,2911.64,2912.54,2911.53,2911.55,-0.559,1.60,29.40,64.97,64.97,1.08,0.82,0.26,2913.05,2915.38,312,238,85.7,14.3,8,1,CROSS=EMA9>EMA21;TREND=1;STRUCT=1;VOL=1;COOL=1;EMA50=1;VWAP=1;BIAS=1,0.00,0.00,25061.00,25061.00,already positioned that way
397,2025.03.10 06:30:00,2025.03.10 09:00:00,ENTRY,XAUUSD,M5,134,SELL,FULLTGT,DAY,0,2911.92,2915.08,2915.08,3.16,1.00,3.16,2908.76,2905.59,2902.43,2899.26,2896.10,0.39,0.39,0.39,2911.92,0.00,0.00,0.00,2913.04,2913.06,2913.17,2913.10,2913.08,-0.070,1.58,16.89,45.91,45.91,-0.45,-0.66,0.21,2913.99,2911.92,284,390,14.3,57.1,9,1,CROSS=EMA9<EMA21;TREND=1;STRUCT=1;VOL=1;COOL=1;EMA50=1;VWAP=1;BIAS=1,0.00,0.00,25059.63,25056.12,KZ=ASIA; KZR=Asia H @ 2926.55 738 bars ago (high taken); DAY 12AM-4PM IST session: stop x1.00 of usual; no partials; full size to TP5; SL steps BE->TP1->TP2->TP3
398,2025.03.10 06:38:45,2025.03.10 09:08:45,SL_MOVE,XAUUSD,M5,134,SELL,FULLTGT,DAY,0,2911.92,2915.08,2911.92,3.16,1.00,3.16,2908.76,2905.59,2902.43,2899.26,2896.10,0.39,0.00,0.39,2911.92,1.00,0.00,0.00,2912.95,2913.01,2913.14,2913.04,2913.06,-0.085,1.58,16.34,42.70,42.70,-0.52,-0.62,0.10,2913.96,2911.10,304,377,14.3,57.1,13,1,CROSS=EMA9<EMA21;TREND=1;STRUCT=1;VOL=1;COOL=1;EMA50=1;VWAP=1;BIAS=1,1.00,-0.10,25059.63,25184.04,stop to breakeven
399,2025.03.10 06:38:45,2025.03.10 09:08:45,TP1_REACHED,XAUUSD,M5,134,SELL,FULLTGT,DAY,0,2911.92,2915.08,2911.92,3.16,1.00,3.16,2908.76,2905.59,2902.43,2899.26,2896.10,0.39,0.00,0.39,2908.76,1.00,1.00,0.00,2912.95,2913.01,2913.14,2913.04,2913.06,-0.085,1.58,16.34,42.70,42.70,-0.52,-0.62,0.10,2913.96,2911.10,304,377,14.3,57.1,13,1,CROSS=EMA9<EMA21;TREND=1;STRUCT=1;VOL=1;COOL=1;EMA50=1;VWAP=1;BIAS=1,1.00,-0.10,25059.63,25184.04,full target: no partial booked
400,2025.03.10 06:52:28,2025.03.10 09:22:28,EXIT_BE,XAUUSD,M5,134,SELL,FULLTGT,DAY,0,2911.92,2915.08,2911.92,3.16,1.00,3.16,2908.76,2905.59,2902.43,2899.26,2896.10,0.39,0.39,0.00,2911.95,0.00,-0.01,-3.91,2912.54,2912.79,2913.02,2912.64,2912.85,-0.147,1.61,23.32,42.69,42.69,-0.80,-0.61,-0.19,2913.79,2910.48,207,346,0.0,71.4,9,1,CROSS=EMA9<EMA21;TREND=1;STRUCT=1;VOL=1;COOL=1;EMA50=1;VWAP=1;BIAS=1,1.17,-0.10,25057.09,25057.09,stopped at breakeven
401,2025.03.10 10:30:00,2025.03.10 13:00:00,ENTRY,XAUUSD,M5,136,BUY,FULLTGT,DAY,0,2915.18,2912.02,2912.02,3.16,1.00,3.16,2918.34,2921.51,2924.67,2927.83,2930.99,0.39,0.39,0.39,2915.18,0.00,0.00,0.00,2912.10,2912.07,2912.41,2911.95,2912.00,-0.212,1.58,30.85,63.71,63.71,0.87,0.71,0.16,2912.89,2915.11,449,445,100.0,0.0,5,1,CROSS=EMA9>EMA21;TREND=1;STRUCT=1;VOL=1;COOL=1;EMA50=1;VWAP=1;BIAS=1,0.00,0.00,25055.72,25053.77,KZ=LONDON; KZR=Asia H @ 2926.55 786 bars ago (high taken); DAY 12AM-4PM IST session: stop x1.00 of usual; no partials; full size to TP5; SL steps BE->TP1->TP2->TP3
402,2025.03.10 10:47:57,2025.03.10 13:17:57,EXIT_SL,XAUUSD,M5,136,BUY,FULLTGT,DAY,0,2915.18,2912.02,2912.02,3.16,1.00,3.16,2918.34,2921.51,2924.67,2927.83,2930.99,0.39,0.39,0.00,2912.02,0.00,-1.00,-125.98,2912.39,2912.23,2912.48,2912.33,2912.19,-0.166,1.49,27.21,54.45,54.45,0.85,0.83,0.01,2912.94,2913.56,494,461,85.7,14.3,5,1,CROSS=EMA9>EMA21;TREND=1;STRUCT=1;VOL=1;COOL=1;EMA50=1;VWAP=1;BIAS=1,0.09,-0.99,24931.11,24931.11,stopped at the initial SL (x1.00 of usual)
403,2025.03.10 10:55:00,2025.03.10 13:25:00,ENTRY,XAUUSD,M5,138,SELL,FULLTGT,DAY,0,2907.31,2911.29,2911.29,3.98,1.00,3.98,2903.33,2899.35,2895.37,2891.38,2887.40,0.31,0.31,0.31,2907.31,0.00,0.00,0.00,2912.03,2912.05,2912.38,2912.29,2912.18,-0.165,1.99,29.26,31.60,31.60,-0.01,0.71,-0.72,2912.83,2907.02,715,489,0.0,100.0,12,1,CROSS=EMA9<EMA21;TREND=1;STRUCT=1;VOL=1;COOL=1;EMA50=1;VWAP=1;BIAS=1,0.00,0.00,24930.02,24926.30,KZ=LONDON; KZR=Asia H @ 2926.55 791 bars ago (high taken); DAY 12AM-4PM IST session: stop x1.00 of usual; no partials; full size to TP5; SL steps BE->TP1->TP2->TP3
404,2025.03.10 11:29:16,2025.03.10 13:59:16,SL_MOVE,XAUUSD,M5,138,SELL,FULLTGT,DAY,0,2907.31,2911.29,2907.31,3.98,1.00,3.98,2903.33,2899.35,2895.37,2891.38,2887.40,0.31,0.00,0.31,2907.31,1.00,0.00,0.00,2910.87,2911.44,2912.04,2911.16,2911.59,-0.215,2.81,45.43,33.43,33.43,-1.38,-0.35,-1.03,2912.37,2905.37,593,568,0.0,100.0,7,1,CROSS=EMA9<EMA21;TREND=1;STRUCT=1;VOL=1;COOL=1;EMA50=1;VWAP=1;BIAS=1,1.00,-0.91,24930.02,25054.33,stop to breakeven
405,2025.03.10 11:29:16,2025.03.10 13:59:16,TP1_REACHED,XAUUSD,M5,138,SELL,FULLTGT,DAY,0,2907.31,2911.29,2907.31,3.98,1.00,3.98,2903.33,2899.35,2895.37,2891.38,2887.40,0.31,0.00,0.31,2903.33,1.00,1.00,0.00,2910.87,2911.44,2912.04,2911.16,2911.59,-0.215,2.81,45.43,33.43,33.43,-1.38,-0.35,-1.03,2912.37,2905.37,593,568,0.0,100.0,7,1,CROSS=EMA9<EMA21;TREND=1;STRUCT=1;VOL=1;COOL=1;EMA50=1;VWAP=1;BIAS=1,1.00,-0.91,24930.02,25054.33,full target: no partial booked
406,2025.03.10 11:45:39,2025.03.10 14:15:39,SL_MOVE,XAUUSD,M5,138,SELL,FULLTGT,DAY,0,2907.31,2911.29,2903.33,3.98,1.00,3.98,2903.33,2899.35,2895.37,2891.38,2887.40,0.31,0.00,0.31,2903.33,2.00,0.00,0.00,2909.37,2910.60,2911.58,2909.83,2910.85,-0.304,3.24,59.93,27.80,27.80,-2.51,-1.40,-1.11,2911.80,2900.50,687,642,0.0,100.0,9,1,CROSS=EMA9<EMA21;TREND=1;STRUCT=1;VOL=1;COOL=1;EMA50=1;VWAP=1;BIAS=1,2.00,-0.91,24930.02,25177.40,stop trailed to TP1
407,2025.03.10 11:45:39,2025.03.10 14:15:39,TP2_REACHED,XAUUSD,M5,138,SELL,FULLTGT,DAY,0,2907.31,2911.29,2903.33,3.98,1.00,3.98,2903.33,2899.35,2895.37,2891.38,2887.40,0.31,0.00,0.31,2899.35,2.00,2.00,0.00,2909.37,2910.60,2911.58,2909.83,2910.85,-0.304,3.24,59.93,27.80,27.80,-2.51,-1.40,-1.11,2911.80,2900.50,687,642,0.0,100.0,9,1,CROSS=EMA9<EMA21;TREND=1;STRUCT=1;VOL=1;COOL=1;EMA50=1;VWAP=1;BIAS=1,2.00,-0.91,24930.02,25177.40,full target: no partial booked
408,2025.03.10 12:05:28,2025.03.10 14:35:28,EXIT_TRAIL_SL,XAUUSD,M5,138,SELL,FULLTGT,DAY,0,2907.31,2911.29,2903.33,3.98,1.00,3.98,2903.33,2899.35,2895.37,2891.38,2887.40,0.31,0.31,0.00,2903.38,0.00,0.99,119.65,2907.62,2909.56,2911.00,2907.91,2909.75,-0.455,3.17,68.29,39.13,39.13,-3.17,-2.46,-0.70,2911.13,2902.03,807,673,14.3,85.7,11,1,CROSS=EMA9<EMA21;TREND=1;STRUCT=1;VOL=1;COOL=1;EMA50=1;VWAP=1;BIAS=1,2.64,-0.91,25050.76,25050.76,stopped at a trailed level
409,2025.03.11 01:00:00,2025.03.11 03:30:00,DAY_SUMMARY,XAUUSD,M5,138,FLAT,NA,DAY,0,0.00,0.00,0.00,0.00,1.00,0.00,0.00,0.00,0.00,0.00,0.00,0.00,0.00,0.00,0.00,0.00,-0.02,-10.24,2888.68,2892.41,2897.73,2888.65,2892.49,-3.288,1.62,16.69,55.27,55.27,0.07,-0.34,0.41,2903.67,2889.24,164,410,42.9,28.6,11,1,CROSS=EMA9<EMA21;TREND=1;STRUCT=1;VOL=1;COOL=1;EMA50=1;VWAP=1;BIAS=1,0.00,0.00,25050.76,25050.76,2025.03.10 trades=3 W=1 L=2 gross_profit=119.65 gross_loss=129.89 net=-10.24 PF=0.92
410,2025.03.11 05:35:00,2025.03.11 08:05:00,ENTRY,XAUUSD,M5,140,BUY,FULLTGT,DAY,0,2898.02,2894.02,2894.02,4.00,1.00,4.00,2902.02,2906.01,2910.01,2914.00,2918.00,0.31,0.31,0.31,2898.02,0.00,0.00,0.00,2889.65,2889.49,2892.85,2889.23,2889.28,-1.682,2.00,55.34,81.13,81.13,2.79,1.79,0.99,2888.20,2898.00,568,591,85.7,0.0,7,1,CROSS=EMA9>EMA21;TREND=1;STRUCT=1;VOL=1;COOL=1;EMA50=1;VWAP=1;BIAS=1,0.00,0.00,25049.67,25047.50,KZ=ASIA; KZR=Asia L @ 2881.96 102 bars ago (low taken); DAY 12AM-4PM IST session: stop x1.00 of usual; no partials; full size to TP5; SL steps BE->TP1->TP2->TP3
411,2025.03.11 08:47:41,2025.03.11 11:17:41,EXIT_SL,XAUUSD,M5,140,BUY,FULLTGT,DAY,0,2898.02,2894.02,2894.02,4.00,1.00,4.00,2902.02,2906.01,2910.01,2914.00,2918.00,0.31,0.31,0.00,2894.02,0.00,-1.00,-126.18,2896.26,2894.34,2894.57,2896.28,2894.30,-0.208,1.10,22.82,43.16,43.16,0.41,0.64,-0.23,2891.65,2895.93,560,223,28.6,57.1,10,1,CROSS=EMA9>EMA21;TREND=1;STRUCT=1;VOL=1;COOL=1;EMA50=1;VWAP=1;BIAS=1,0.63,-1.00,24924.58,24924.58,stopped at the initial SL (x1.00 of usual)
412,2025.03.12 01:00:00,2025.03.12 03:30:00,DAY_SUMMARY,XAUUSD,M5,140,FLAT,NA,DAY,0,0.00,0.00,0.00,0.00,1.00,0.00,0.00,0.00,0.00,0.00,0.00,0.00,0.00,0.00,0.00,0.00,-1.00,-126.18,2917.47,2916.64,2913.32,2917.57,2916.67,3.157,1.05,40.69,36.35,36.35,-0.74,-0.48,-0.27,2907.69,2915.50,142,307,28.6,57.1,11,1,CROSS=EMA9>EMA21;TREND=1;STRUCT=1;VOL=1;COOL=1;EMA50=1;VWAP=1;BIAS=1,0.00,0.00,24924.58,24924.58,2025.03.11 trades=1 W=0 L=1 gross_profit=0.00 gross_loss=126.18 net=-126.18 PF=0.00
413,2025.03.12 03:20:00,2025.03.12 05:50:00,ENTRY,XAUUSD,M5,142,SELL,FULLTGT,DAY,0,2913.68,2915.74,2915.74,2.06,1.00,2.06,2911.62,2909.57,2907.51,2905.46,2903.40,0.60,0.60,0.60,2913.68,0.00,0.00,0.00,2916.41,2916.41,2914.18,2916.55,2916.48,2.169,1.03,35.64,34.06,34.06,-0.74,-0.24,-0.50,2916.22,2913.68,97,158,0.0,85.7,9,1,CROSS=EMA9<EMA21;TREND=1;STRUCT=1;VOL=1;COOL=1;EMA50=1;VWAP=1;BIAS=1,0.00,0.00,24922.48,24917.08,KZ=ASIA; KZR=Asia L @ 2881.96 363 bars ago (low taken); DAY 12AM-4PM IST session: stop x1.00 of usual; no partials; full size to TP5; SL steps BE->TP1->TP2->TP3
414,2025.03.12 04:07:39,2025.03.12 06:37:39,SL_MOVE,XAUUSD,M5,142,SELL,FULLTGT,DAY,0,2913.68,2915.74,2913.68,2.06,1.00,2.06,2911.62,2909.57,2907.51,2905.46,2903.40,0.60,0.00,0.60,2913.68,1.00,0.00,0.00,2915.34,2915.82,2914.11,2915.51,2915.92,1.558,1.10,34.90,33.54,33.54,-0.98,-0.88,-0.09,2915.30,2911.91,514,177,0.0,100.0,9,1,CROSS=EMA9<EMA21;TREND=1;STRUCT=1;VOL=1;COOL=1;EMA50=1;VWAP=1;BIAS=1,0.99,-0.54,24922.48,25046.08,stop to breakeven
415,2025.03.12 04:07:39,2025.03.12 06:37:39,TP1_REACHED,XAUUSD,M5,142,SELL,FULLTGT,DAY,0,2913.68,2915.74,2913.68,2.06,1.00,2.06,2911.62,2909.57,2907.51,2905.46,2903.40,0.60,0.00,0.60,2911.62,1.00,1.00,0.00,2915.34,2915.82,2914.11,2915.51,2915.92,1.558,1.10,34.90,33.54,33.54,-0.98,-0.88,-0.09,2915.30,2911.91,514,177,0.0,100.0,9,1,CROSS=EMA9<EMA21;TREND=1;STRUCT=1;VOL=1;COOL=1;EMA50=1;VWAP=1;BIAS=1,0.99,-0.54,24922.48,25046.08,full target: no partial booked
416,2025.03.12 04:23:30,2025.03.12 06:53:30,EXIT_BE,XAUUSD,M5,142,SELL,FULLTGT,DAY,0,2913.68,2915.74,2913.68,2.06,1.00,2.06,2911.62,2909.57,2907.51,2905.46,2903.40,0.60,0.60,0.00,2913.68,0.00,-0.00,-4.20,2914.89,2915.55,2914.04,2915.00,2915.62,1.291,1.18,34.23,41.52,41.52,-1.08,-0.98,-0.10,2914.80,2912.73,496,223,14.3,85.7,7,1,CROSS=EMA9<EMA21;TREND=1;STRUCT=1;VOL=1;COOL=1;EMA50=1;VWAP=1;BIAS=1,1.37,-0.54,24920.38,24920.38,stopped at breakeven
417,2025.03.12 06:10:00,2025.03.12 08:40:00,ENTRY,XAUUSD,M5,144,BUY,FULLTGT,DAY,0,2918.33,2915.26,2915.26,3.07,1.00,3.07,2921.40,2924.46,2927.53,2930.60,2933.67,0.40,0.40,0.40,2918.33,0.00,0.00,0.00,2915.79,2915.79,2914.52,2915.66,2915.73,0.828,1.53,20.78,62.92,62.92,0.74,0.46,0.28,2915.36,2918.32,416,340,71.4,14.3,1,1,CROSS=EMA9>EMA21;TREND=1;STRUCT=1;VOL=1;COOL=1;EMA50=1;VWAP=1;BIAS=1,0.00,0.00,24918.98,24918.58,KZ=ASIA; KZR=Asia L @ 2881.96 397 bars ago (low taken); DAY 12AM-4PM IST session: stop x1.00 of usual; no partials; full size to TP5; SL steps BE->TP1->TP2->TP3
418,2025.03.12 06:58:36,2025.03.12 09:28:36,EXIT_SL,XAUUSD,M5,144,BUY,FULLTGT,DAY,0,2918.33,2915.26,2915.26,3.07,1.00,3.07,2921.40,2924.46,2927.53,2930.60,2933.67,0.40,0.40,0.00,2915.26,0.00,-1.00,-125.60,2916.54,2916.21,2914.88,2916.54,2916.20,0.909,1.46,23.21,48.05,48.05,0.59,0.81,-0.22,2915.70,2916.52,204,283,28.6,42.9,8,1,CROSS=EMA9>EMA21;TREND=1;STRUCT=1;VOL=1;COOL=1;EMA50=1;VWAP=1;BIAS=1,0.57,-0.99,24794.78,24794.78,stopped at the initial SL (x1.00 of usual)
419,2025.03.12 07:35:00,2025.03.12 10:05:00,SKIP,XAUUSD,M5,144,FLAT,NA,DAY,0,0.00,0.00,0.00,0.00,1.00,0.00,0.00,0.00,0.00,0.00,0.00,0.00,0.00,0.00,0.00,0.00,0.00,0.00,2915.90,2915.92,2914.85,2915.95,2915.95,0.775,1.38,47.91,45.03,45.03,-0.45,-0.11,-0.34,2915.59,2914.89,230,266,0.0,85.7,7,1,CROSS=EMA9>EMA21;TREND=1;STRUCT=1;VOL=1;COOL=1;EMA50=1;VWAP=1;BIAS=1,0.00,0.00,24794.78,24794.78,outside the killzone window
420,2025.03.12 09:15:00,2025.03.12 11:45:00,SKIP,XAUUSD,M5,144,FLAT,NA,DAY,0,0.00,0.00,0.00,0.00,1.00,0.00,0.00,0.00,0.00,0.00,0.00,0.00,0.00,0.00,0.00,0.00,0.00,0.00,2915.80,2915.77,2914.99,2915.58,2915.66,0.539,1.46,43.41,71.75,71.75,0.80,-0.12,0.91,2915.56,2920.17,581,313,85.7,14.3,10,1,CROSS=EMA9>EMA21;TREND=1;STRUCT=1;VOL=1;COOL=1;EMA50=1;VWAP=1;BIAS=1,0.00,0.00,24794.78,24794.78,already positioned that way
421,2025.03.12 09:45:00,2025.03.12 12:15:00,ENTRY,XAUUSD,M5,146,SELL,FULLTGT,DAY,0,2912.98,2916.89,2916.89,3.91,1.00,3.91,2909.07,2905.15,2901.24,2897.32,2893.41,0.31,0.31,0.31,2912.98,0.00,0.00,0.00,2915.75,2915.76,2915.04,2915.89,2915.83,0.368,1.96,31.91,38.14,38.14,-0.04,0.54,-0.58,2915.60,2912.98,642,406,0.0,100.0,8,1,CROSS=EMA9<EMA21;TREND=1;STRUCT=1;VOL=1;COOL=1;EMA50=1;VWAP=1;BIAS=1,0.00,0.00,24793.69,24791.21,KZ=LONDON; KZR=Asia L @ 2881.96 440 bars ago (low taken); DAY 12AM-4PM IST session: stop x1.00 of usual; no partials; full size to TP5; SL steps BE->TP1->TP2->TP3
422,2025.03.12 10:20:42,2025.03.12 12:50:42,SL_MOVE,XAUUSD,M5,146,SELL,FULLTGT,DAY,0,2912.98,2916.89,2912.98,3.91,1.00,3.91,2909.07,2905.15,2901.24,2897.32,2893.41,0.31,0.00,0.31,2912.98,1.00,0.00,0.00,2914.64,2915.16,2914.79,2914.83,2915.27,0.179,2.08,29.02,36.20,36.20,-1.15,-0.54,-0.60,2915.17,2910.88,447,495,0.0,85.7,5,1,CROSS=EMA9<EMA21;TREND=1;STRUCT=1;VOL=1;COOL=1;EMA50=1;VWAP=1;BIAS=1,0.99,-0.61,24793.69,24915.83,stop to breakeven
423,2025.03.12 10:20:42,2025.03.12 12:50:42,TP1_REACHED,XAUUSD,M5,146,SELL,FULLTGT,DAY,0,2912.98,2916.89,2912.98,3.91,1.00,3.91,2909.07,2905.15,2901.24,2897.32,2893.41,0.31,0.00,0.31,2909.07,1.00,1.00,0.00,2914.64,2915.16,2914.79,2914.83,2915.27,0.179,2.08,29.02,36.20,36.20,-1.15,-0.54,-0.60,2915.17,2910.88,447,495,0.0,85.7,5,1,CROSS=EMA9<EMA21;TREND=1;STRUCT=1;VOL=1;COOL=1;EMA50=1;VWAP=1;BIAS=1,0.99,-0.61,24793.69,24915.83,full target: no partial booked
424,2025.03.12 10:31:37,2025.03.12 13:01:37,EXIT_BE,XAUUSD,M5,146,SELL,FULLTGT,DAY,0,2912.98,2916.89,2912.98,3.91,1.00,3.91,2909.07,2905.15,2901.24,2897.32,2893.41,0.31,0.31,0.00,2913.00,0.00,-0.01,-2.80,2914.35,2914.99,2914.71,2914.51,2915.08,0.131,2.11,31.14,39.13,39.13,-1.19,-0.82,-0.37,2915.07,2911.24,342,504,0.0,85.7,5,1,CROSS=EMA9<EMA21;TREND=1;STRUCT=1;VOL=1;COOL=1;EMA50=1;VWAP=1;BIAS=1,1.02,-0.61,24791.98,24791.98,stopped at breakeven
425,2025.03.12 11:45:00,2025.03.12 14:15:00,ENTRY,XAUUSD,M5,148,BUY,FULLTGT,DAY,0,2919.16,2915.59,2915.59,3.57,1.00,3.57,2922.73,2926.30,2929.87,2933.45,2937.02,0.34,0.34,0.34,2919.16,0.00,0.00,0.00,2915.35,2915.31,2914.91,2915.16,2915.21,0.221,1.79,54.20,65.94,65.94,1.22,0.52,0.70,2915.17,2919.12,382,521,85.7,0.0,5,1,CROSS=EMA9>EMA21;TREND=1;STRUCT=1;VOL=1;COOL=1;EMA50=1;VWAP=1;BIAS=1,0.00,0.00,24790.79,24789.09,KZ=LONDON; KZR=Asia L @ 2881.96 464 bars ago (low taken); DAY 12AM-4PM IST session: stop x1.00 of usual; no partials; full size to TP5; SL steps BE->TP1->TP2->TP3
426,2025.03.12 12:00:27,2025.03.12 14:30:27,SL_MOVE,XAUUSD,M5,148,BUY,FULLTGT,DAY,0,2919.16,2915.59,2919.16,3.57,1.00,3.57,2922.73,2926.30,2929.87,2933.45,2937.02,0.34,0.00,0.34,2919.16,1.00,0.00,0.00,2916.12,2915.71,2915.13,2915.81,2915.55,0.319,1.81,58.22,73.81,73.81,1.75,1.06,0.69,2915.39,2922.12,557,527,100.0,0.0,5,1,CROSS=EMA9>EMA21;TREND=1;STRUCT=1;VOL=1;COOL=1;EMA50=1;VWAP=1;BIAS=1,1.00,-0.31,24790.79,24913.87,stop to breakeven
427,2025.03.12 12:00:27,2025.03.12 14:30:27,TP1_REACHED,XAUUSD,M5,148,BUY,FULLTGT,DAY,0,2919.16,2915.59,2919.16,3.57,1.00,3.57,2922.73,2926.30,2929.87,2933.45,2937.02,0.34,0.00,0.34,2922.73,1.00,1.00,0.00,2916.12,2915.71,2915.13,2915.81,2915.55,0.319,1.81,58.22,73.81,73.81,1.75,1.06,0.69,2915.39,2922.12,557,527,100.0,0.0,5,1,CROSS=EMA9>EMA21;TREND=1;STRUCT=1;VOL=1;COOL=1;EMA50=1;VWAP=1;BIAS=1,1.00,-0.31,24790.79,24913.87,full target: no partial booked
428,2025.03.12 12:11:31,2025.03.12 14:41:31,EXIT_BE,XAUUSD,M5,148,BUY,FULLTGT,DAY,0,2919.16,2915.59,2919.16,3.57,1.00,3.57,2922.73,2926.30,2929.87,2933.45,2937.02,0.34,0.34,0.00,2919.16,0.00,0.00,-2.38,2916.64,2915.99,2915.29,2916.37,2915.85,0.354,1.99,59.88,70.29,70.29,1.94,1.38,0.57,2915.63,2921.82,625,566,100.0,0.0,7,1,CROSS=EMA9>EMA21;TREND=1;STRUCT=1;VOL=1;COOL=1;EMA50=1;VWAP=1;BIAS=1,1.73,-0.31,24789.60,24789.60,stopped at breakeven
429,2025.03.12 14:00:00,2025.03.12 16:30:00,ENTRY,XAUUSD,M5,150,SELL,FULLTGT,EVENING,0,2914.37,2917.73,2917.73,3.36,1.00,3.36,2911.01,2907.66,2904.30,2900.94,2897.58,0.36,0.36,0.36,2914.37,0.00,0.00,0.00,2915.83,2915.87,2915.42,2915.91,2915.91,0.266,1.68,34.26,44.44,44.44,-0.85,-0.82,-0.03,2915.72,2914.37,312,423,0.0,85.7,5,1,CROSS=EMA9<EMA21;TREND=1;STRUCT=1;VOL=1;COOL=1;EMA50=1;VWAP=1;BIAS=1,0.00,0.00,24788.34,24786.54,KZ=NY; KZR=Asia L @ 2881.96 491 bars ago (low taken); EVENING 4PM-12AM IST session: stop x1.00 of usual; no partials; full size to TP5; SL steps BE->TP1->TP2->TP3
430,2025.03.12 15:30:24,2025.03.12 18:00:24,EXIT_SL,XAUUSD,M5,150,SELL,FULLTGT,EVENING,0,2914.37,2917.73,2917.73,3.36,1.00,3.36,2911.01,2907.66,2904.30,2900.94,2897.58,0.36,0.36,0.00,2917.77,0.00,-1.01,-124.92,2915.00,2915.36,2915.24,2915.06,2915.40,0.075,1.70,24.46,45.60,45.60,-0.46,-0.32,-0.15,2915.55,2913.76,558,465,0.0,85.7,14,1,CROSS=EMA9<EMA21;TREND=1;STRUCT=1;VOL=1;COOL=1;EMA50=1;VWAP=1;BIAS=1,0.65,-0.99,24664.68,24664.68,stopped at the initial SL (x1.00 of usual)
431,2025.03.12 15:50:00,2025.03.12 18:20:00,ENTRY,XAUUSD,M5,152,BUY,FULLTGT,EVENING,0,2918.57,2913.22,2913.22,5.35,1.00,5.35,2923.92,2929.27,2934.62,2939.98,2945.33,0.23,0.23,0.23,2918.57,0.00,0.00,0.00,2915.80,2915.75,2915.44,2915.66,2915.68,0.116,2.68,18.87,58.69,58.69,0.78,-0.02,0.80,2915.80,2918.51,1006,631,71.4,14.3,6,1,CROSS=EMA9>EMA21;TREND=1;STRUCT=1;VOL=1;COOL=1;EMA50=1;VWAP=1;BIAS=1,0.00,0.00,24663.87,24662.49,KZ=NY; KZR=Asia L @ 2881.96 513 bars ago (low taken); EVENING 4PM-12AM IST session: stop x1.00 of usual; no partials; full size to TP5; SL steps BE->TP1->TP2->TP3
432,2025.03.12 16:16:38,2025.03.12 18:46:38,EXIT_SL,XAUUSD,M5,152,BUY,FULLTGT,EVENING,0,2918.57,2913.22,2913.22,5.35,1.00,5.35,2923.92,2929.27,2934.62,2939.98,2945.33,0.23,0.23,0.00,2913.21,0.00,-1.00,-124.90,2916.14,2915.94,2915.56,2916.10,2915.92,0.124,3.08,22.46,52.51,52.51,0.65,0.64,0.01,2915.91,2916.96,930,761,85.7,0.0,8,1,CROSS=EMA9>EMA21;TREND=1;STRUCT=1;VOL=1;COOL=1;EMA50=1;VWAP=1;BIAS=1,0.13,-1.00,24539.78,24539.78,stopped at the initial SL (x1.00 of usual)
433,2025.03.12 16:25:00,2025.03.12 18:55:00,ENTRY,XAUUSD,M5,154,SELL,FULLTGT,EVENING,0,2908.05,2915.34,2915.34,7.29,1.00,7.29,2900.76,2893.48,2886.19,2878.90,2871.61,0.16,0.16,0.16,2908.05,0.00,0.00,0.00,2915.50,2915.63,2915.41,2915.89,2915.82,0.059,3.64,32.55,29.98,29.98,-0.54,0.54,-1.07,2915.74,2908.05,1267,841,0.0,100.0,9,1,CROSS=EMA9<EMA21;TREND=1;STRUCT=1;VOL=1;COOL=1;EMA50=1;VWAP=1;BIAS=1,0.00,0.00,24539.22,24537.78,KZ=NY; KZR=Asia L @ 2881.96 520 bars ago (low taken); EVENING 4PM-12AM IST session: stop x1.00 of usual; no partials; full size to TP5; SL steps BE->TP1->TP2->TP3
434,2025.03.12 16:47:41,2025.03.12 19:17:41,EXIT_SL,XAUUSD,M5,154,SELL,FULLTGT,EVENING,0,2908.05,2915.34,2915.34,7.29,1.00,7.29,2900.76,2893.48,2886.19,2878.90,2871.61,0.16,0.16,0.00,2915.37,0.00,-1.00,-118.24,2914.78,2915.23,2915.22,2914.92,2915.31,0.004,3.50,34.12,42.87,42.87,-1.12,-0.25,-0.88,2915.49,2911.95,988,958,14.3,85.7,8,1,CROSS=EMA9<EMA21;TREND=1;STRUCT=1;VOL=1;COOL=1;EMA50=1;VWAP=1;BIAS=1,0.25,-1.00,24421.54,24421.54,stopped at the initial SL (x1.00 of usual)
435,2025.03.12 17:45:00,2025.03.12 20:15:00,SKIP,XAUUSD,M5,154,FLAT,NA,EVENING,0,0.00,0.00,0.00,0.00,1.00,0.00,0.00,0.00,0.00,0.00,0.00,0.00,0.00,0.00,0.00,0.00,0.00,0.00,2915.71,2915.63,2915.43,2915.52,2915.53,0.079,2.56,32.62,61.64,61.64,0.76,0.26,0.50,2915.61,2919.39,773,1000,85.7,0.0,5,1,CROSS=EMA9<EMA21;TREND=1;STRUCT=1;VOL=1;COOL=1;EMA50=1;VWAP=1;BIAS=1,0.00,0.00,24421.54,24421.54,outside the killzone window
436,2025.03.13 01:00:00,2025.03.13 03:30:00,DAY_SUMMARY,XAUUSD,M5,154,FLAT,NA,DAY,0,0.00,0.00,0.00,0.00,1.00,0.00,0.00,0.00,0.00,0.00,0.00,0.00,0.00,0.00,0.00,0.00,-4.02,-503.04,2933.29,2930.94,2926.41,2933.29,2930.88,3.790,1.19,24.56,49.14,49.14,-0.33,-0.54,0.21,2920.88,2933.31,172,281,42.9,28.6,11,1,CROSS=EMA9<EMA21;TREND=1;STRUCT=1;VOL=1;COOL=1;EMA50=1;VWAP=1;BIAS=1,0.00,0.00,24421.54,24421.54,2025.03.12 trades=7 W=0 L=7 gross_profit=0.00 gross_loss=503.04 net=-503.04 PF=0.00
437,2025.03.13 10:20:00,2025.03.13 12:50:00,SKIP,XAUUSD,M5,154,FLAT,NA,DAY,0,0.00,0.00,0.00,0.00,1.00,0.00,0.00,0.00,0.00,0.00,0.00,0.00,0.00,0.00,0.00,0.00,0.00,0.00,2939.68,2939.78,2936.90,2939.91,2939.90,1.739,1.66,56.54,32.22,32.22,-1.47,-1.31,-0.16,2939.96,2935.21,310,398,0.0,85.7,7,1,CROSS=EMA9<EMA21;TREND=1;STRUCT=1;VOL=1;COOL=1;EMA50=1;VWAP=1;BIAS=1,0.00,0.00,24421.54,24421.54,already positioned that way
438,2025.03.13 11:55:00,2025.03.13 14:25:00,ENTRY,XAUUSD,M5,156,BUY,FULLTGT,DAY,0,2942.44,2938.28,2938.28,4.16,1.00,4.16,2946.60,2950.76,2954.92,2959.09,2963.25,0.29,0.29,0.29,2942.44,0.00,0.00,0.00,2939.53,2939.47,2937.29,2939.38,2939.40,1.050,2.08,47.57,62.92,62.92,1.39,0.64,0.75,2939.65,2942.38,402,474,85.7,0.0,6,1,CROSS=EMA9>EMA21;TREND=1;STRUCT=1;VOL=1;COOL=1;EMA50=1;VWAP=1;BIAS=1,0.00,0.00,24420.52,24418.78,KZ=LONDON; KZR=NY H @ 2930.54 201 bars ago (high taken); DAY 12AM-4PM IST session: stop x1.00 of usual; no partials; full size to TP5; SL steps BE->TP1->TP2->TP3
439,2025.03.13 12:23:30,2025.03.13 14:53:30,SL_MOVE,XAUUSD,M5,156,BUY,FULLTGT,DAY,0,2942.44,2938.28,2942.44,4.16,1.00,4.16,2946.60,2950.76,2954.92,2959.09,2963.25,0.29,0.00,0.29,2942.44,1.00,0.00,0.00,2940.26,2939.86,2937.62,2940.01,2939.73,1.136,1.97,31.13,69.28,69.28,1.48,1.32,0.15,2939.84,2945.15,568,523,100.0,0.0,9,1,CROSS=EMA9>EMA21;TREND=1;STRUCT=1;VOL=1;COOL=1;EMA50=1;VWAP=1;BIAS=1,1.00,-0.33,24420.52,24542.32,stop to breakeven
440,2025.03.13 12:23:30,2025.03.13 14:53:30,TP1_REACHED,XAUUSD,M5,156,BUY,FULLTGT,DAY,0,2942.44,2938.28,2942.44,4.16,1.00,4.16,2946.60,2950.76,2954.92,2959.09,2963.25,0.29,0.00,0.29,2946.60,1.00,1.00,0.00,2940.26,2939.86,2937.62,2940.01,2939.73,1.136,1.97,31.13,69.28,69.28,1.48,1.32,0.15,2939.84,2945.15,568,523,100.0,0.0,9,1,CROSS=EMA9>EMA21;TREND=1;STRUCT=1;VOL=1;COOL=1;EMA50=1;VWAP=1;BIAS=1,1.00,-0.33,24420.52,24542.32,full target: no partial booked
441,2025.03.13 13:44:03,2025.03.13 16:14:03,EXIT_BE,XAUUSD,M5,156,BUY,FULLTGT,EVENING,0,2942.44,2938.28,2942.44,4.16,1.00,4.16,2946.60,2950.76,2954.92,2959.09,2963.25,0.29,0.29,0.00,2942.42,0.00,-0.00,-2.62,2943.32,2941.88,2939.15,2943.31,2941.84,1.681,1.62,32.57,47.11,47.11,0.69,1.55,-0.86,2940.67,2943.51,372,453,42.9,42.9,11,1,CROSS=EMA9>EMA21;TREND=1;STRUCT=1;VOL=1;COOL=1;EMA50=1;VWAP=1;BIAS=1,1.54,-0.33,24418.92,24418.92,stopped at breakeven
442,2025.03.14 01:00:00,2025.03.14 03:30:00,DAY_SUMMARY,XAUUSD,M5,156,FLAT,NA,DAY,0,0.00,0.00,0.00,0.00,1.00,0.00,0.00,0.00,0.00,0.00,0.00,0.00,0.00,0.00,0.00,0.00,-0.00,-2.62,2982.56,2976.62,2966.32,2982.24,2976.31,6.947,1.48,39.77,70.77,70.77,1.62,0.95,0.67,2956.14,2988.80,188,323,85.7,0.0,11,1,CROSS=EMA9>EMA21;TREND=1;STRUCT=1;VOL=1;COOL=1;EMA50=1;VWAP=1;BIAS=1,0.00,0.00,24418.92,24418.92,2025.03.13 trades=1 W=0 L=1 gross_profit=0.00 gross_loss=2.62 net=-2.62 PF=0.00
443,2025.03.14 09:45:00,2025.03.14 12:15:00,ENTRY,XAUUSD,M5,158,SELL,FULLTGT,DAY,0,2984.72,2988.67,2988.67,3.95,1.00,3.95,2980.77,2976.82,2972.87,2968.92,2964.97,0.30,0.30,0.30,2984.72,0.00,0.00,0.00,2985.53,2985.55,2981.09,2985.57,2985.57,2.258,1.98,46.72,49.06,49.06,-1.04,-1.11,0.06,2986.53,2984.72,418,463,14.3,71.4,6,1,CROSS=EMA9<EMA21;TREND=1;STRUCT=1;VOL=1;COOL=1;EMA50=1;VWAP=1;BIAS=1,0.00,0.00,24417.87,24416.07,KZ=LONDON; KZR=Asia H @ 2947.11 256 bars ago (high taken); DAY 12AM-4PM IST session: stop x1.00 of usual; no partials; full size to TP5; SL steps BE->TP1->TP2->TP3
444,2025.03.14 09:50:00,2025.03.14 12:20:00,FLIP,XAUUSD,M5,158,SELL,FULLTGT,DAY,0,2984.72,2988.67,2988.67,3.95,1.00,3.95,2980.77,2976.82,2972.87,2968.92,2964.97,0.30,0.00,0.00,2987.30,0.00,-0.65,0.00,2985.61,2985.59,2981.16,2985.53,2985.55,2.245,1.97,42.54,58.03,58.03,-0.70,-1.08,0.38,2986.53,2987.17,707,482,100.0,0.0,13,1,CROSS=EMA9>EMA21;TREND=1;STRUCT=1;VOL=1;COOL=1;EMA50=1;VWAP=1;BIAS=1,0.00,-0.76,24417.87,24340.47,opposite signal before SL/target | SELL -> BUY | closing trade 158
445,2025.03.14 09:50:00,2025.03.14 12:20:00,EXIT_FLIP,XAUUSD,M5,158,SELL,FULLTGT,DAY,0,2984.72,2988.67,2988.67,3.95,1.00,3.95,2980.77,2976.82,2972.87,2968.92,2964.97,0.30,0.30,0.00,2987.30,0.00,-0.65,0.00,2985.61,2985.59,2981.16,2985.53,2985.55,2.245,1.97,42.54,58.03,58.03,-0.70,-1.08,0.38,2986.53,2987.17,707,482,100.0,0.0,13,1,CROSS=EMA9>EMA21;TREND=1;STRUCT=1;VOL=1;COOL=1;EMA50=1;VWAP=1;BIAS=1,0.00,-0.76,24339.42,24339.42,FLIP exit
446,2025.03.14 09:50:00,2025.03.14 12:20:00,EXIT_OTHER,XAUUSD,M5,158,SELL,FULLTGT,DAY,0,2984.72,2988.67,2988.67,3.95,1.00,3.95,2980.77,2976.82,2972.87,2968.92,2964.97,0.30,0.30,0.00,2987.30,0.00,-0.65,-79.50,2985.61,2985.59,2981.16,2985.53,2985.55,2.245,1.97,42.54,58.03,58.03,-0.70,-1.08,0.38,2986.53,2987.17,707,482,100.0,0.0,13,1,CROSS=EMA9>EMA21;TREND=1;STRUCT=1;VOL=1;COOL=1;EMA50=1;VWAP=1;BIAS=1,0.00,-0.76,24339.42,24339.42,FLIP exit
447,2025.03.14 09:50:00,2025.03.14 12:20:00,ENTRY,XAUUSD,M5,160,BUY,FULLTGT,DAY,158,2987.30,2983.36,2983.36,3.94,1.00,3.94,2991.24,2995.18,2999.12,3003.06,3007.00,0.30,0.30,0.30,2987.30,0.00,0.00,0.00,2985.61,2985.59,2981.16,2985.53,2985.55,2.245,1.97,42.54,58.03,58.03,-0.70,-1.08,0.38,2986.53,2987.17,707,482,100.0,0.0,13,1,CROSS=EMA9>EMA21;TREND=1;STRUCT=1;VOL=1;COOL=1;EMA50=1;VWAP=1;BIAS=1,0.00,0.00,24338.37,24334.47,KZ=LONDON; KZR=Asia H @ 2947.11 257 bars ago (high taken); DAY 12AM-4PM IST session: stop x1.00 of usual; no partials; full size to TP5; SL steps BE->TP1->TP2->TP3; flipped from trade 158
448,2025.03.14 10:08:39,2025.03.14 12:38:39,EXIT_SL,XAUUSD,M5,160,BUY,FULLTGT,DAY,158,2987.30,2983.36,2983.36,3.94,1.00,3.94,2991.24,2995.18,2999.12,3003.06,3007.00,0.30,0.30,0.00,2983.33,0.00,-1.01,-121.20,2985.62,2985.59,2981.33,2985.63,2985.60,2.448,1.74,32.55,50.78,50.78,-0.31,-0.88,0.58,2986.50,2985.40,572,506,57.1,42.9,12,1,CROSS=EMA9>EMA21;TREND=1;STRUCT=1;VOL=1;COOL=1;EMA50=1;VWAP=1;BIAS=1,0.00,-1.00,24218.22,24218.22,stopped at the initial SL (x1.00 of usual)
449,2025.03.14 10:10:00,2025.03.14 12:40:00,ENTRY,XAUUSD,M5,162,SELL,FULLTGT,DAY,0,2982.62,2986.15,2986.15,3.53,1.00,3.53,2979.09,2975.55,2972.02,2968.49,2964.96,0.34,0.34,0.34,2982.62,0.00,0.00,0.00,2985.47,2985.52,2981.35,2985.62,2985.59,2.364,1.77,32.73,41.15,41.15,-0.46,-0.80,0.34,2986.46,2982.63,652,515,14.3,85.7,9,1,CROSS=EMA9<EMA21;TREND=1;STRUCT=1;VOL=1;COOL=1;EMA50=1;VWAP=1;BIAS=1,0.00,0.00,24217.03,24213.97,KZ=LONDON; KZR=Asia H @ 2947.11 261 bars ago (high taken); DAY 12AM-4PM IST session: stop x1.00 of usual; no partials; full size to TP5; SL steps BE->TP1->TP2->TP3
450,2025.03.14 10:59:18,2025.03.14 13:29:18,EXIT_SL,XAUUSD,M5,162,SELL,FULLTGT,DAY,0,2982.62,2986.15,2986.15,3.53,1.00,3.53,2979.09,2975.55,2972.02,2968.49,2964.96,0.34,0.34,0.00,2986.16,0.00,-1.00,-122.74,2984.92,2985.19,2981.61,2984.90,2985.19,1.830,1.95,22.88,52.79,52.79,-0.25,-0.52,0.27,2986.21,2985.31,334,506,42.9,28.6,5,1,CROSS=EMA9<EMA21;TREND=1;STRUCT=1;VOL=1;COOL=1;EMA50=1;VWAP=1;BIAS=1,0.53,-0.99,24095.48,24095.48,stopped at the initial SL (x1.00 of usual)
451,2025.03.14 11:15:00,2025.03.14 13:45:00,ENTRY,XAUUSD,M5,164,BUY,FULLTGT,DAY,0,2990.03,2985.94,2985.94,4.09,1.00,4.09,2994.12,2998.21,3002.30,3006.39,3010.48,0.29,0.29,0.29,2990.03,0.00,0.00,0.00,2985.53,2985.49,2981.94,2985.31,2985.37,1.735,2.05,31.07,64.68,64.68,0.80,-0.08,0.88,2986.28,2989.98,590,515,100.0,0.0,5,1,CROSS=EMA9>EMA21;TREND=1;STRUCT=1;VOL=1;COOL=1;EMA50=1;VWAP=1;BIAS=1,0.00,0.00,24094.46,24093.01,KZ=LONDON; KZR=Asia H @ 2947.11 274 bars ago (high taken); DAY 12AM-4PM IST session: stop x1.00 of usual; no partials; full size to TP5; SL steps BE->TP1->TP2->TP3
452,2025.03.14 12:09:30,2025.03.14 14:39:30,SL_MOVE,XAUUSD,M5,164,BUY,FULLTGT,DAY,0,2990.03,2985.94,2990.03,4.09,1.00,4.09,2994.12,2998.21,3002.30,3006.39,3010.48,0.29,0.00,0.29,2990.03,1.00,0.00,0.00,2987.84,2986.78,2983.04,2987.54,2986.61,2.225,1.68,50.23,68.53,68.53,1.96,1.66,0.30,2986.72,2993.70,519,466,100.0,0.0,6,1,CROSS=EMA9>EMA21;TREND=1;STRUCT=1;VOL=1;COOL=1;EMA50=1;VWAP=1;BIAS=1,1.00,-0.23,24094.46,24213.36,stop to breakeven
453,2025.03.14 12:09:30,2025.03.14 14:39:30,TP1_REACHED,XAUUSD,M5,164,BUY,FULLTGT,DAY,0,2990.03,2985.94,2990.03,4.09,1.00,4.09,2994.12,2998.21,3002.30,3006.39,3010.48,0.29,0.00,0.29,2994.12,1.00,1.00,0.00,2987.84,2986.78,2983.04,2987.54,2986.61,2.225,1.68,50.23,68.53,68.53,1.96,1.66,0.30,2986.72,2993.70,519,466,100.0,0.0,6,1,CROSS=EMA9>EMA21;TREND=1;STRUCT=1;VOL=1;COOL=1;EMA50=1;VWAP=1;BIAS=1,1.00,-0.23,24094.46,24213.36,full target: no partial booked
454,2025.03.14 12:40:13,2025.03.14 15:10:13,SL_MOVE,XAUUSD,M5,164,BUY,FULLTGT,DAY,0,2990.03,2985.94,2994.12,4.09,1.00,4.09,2994.12,2998.21,3002.30,3006.39,3010.48,0.29,0.00,0.29,2994.12,2.00,0.00,0.00,2990.22,2988.24,2984.11,2989.83,2987.99,2.708,1.52,63.45,72.63,72.63,2.69,2.32,0.37,2987.33,2997.82,646,525,100.0,0.0,12,1,CROSS=EMA9>EMA21;TREND=1;STRUCT=1;VOL=1;COOL=1;EMA50=1;VWAP=1;BIAS=1,2.00,-0.23,24094.46,24331.68,stop trailed to TP1
455,2025.03.14 12:40:13,2025.03.14 15:10:13,TP2_REACHED,XAUUSD,M5,164,BUY,FULLTGT,DAY,0,2990.03,2985.94,2994.12,4.09,1.00,4.09,2994.12,2998.21,3002.30,3006.39,3010.48,0.29,0.00,0.29,2998.21,2.00,2.00,0.00,2990.22,2988.24,2984.11,2989.83,2987.99,2.708,1.52,63.45,72.63,72.63,2.69,2.32,0.37,2987.33,2997.82,646,525,100.0,0.0,12,1,CROSS=EMA9>EMA21;TREND=1;STRUCT=1;VOL=1;COOL=1;EMA50=1;VWAP=1;BIAS=1,2.00,-0.23,24094.46,24331.68,full target: no partial booked
456,2025.03.14 13:16:19,2025.03.14 15:46:19,SL_MOVE,XAUUSD,M5,164,BUY,FULLTGT,DAY,0,2990.03,2985.94,2998.21,4.09,1.00,4.09,2994.12,2998.21,3002.30,3006.39,3010.48,0.29,0.00,0.29,2998.21,3.00,0.00,0.00,2992.91,2990.02,2985.38,2992.50,2989.74,3.172,1.46,49.86,77.77,77.77,2.99,2.88,0.11,2988.00,3001.04,539,494,100.0,0.0,12,1,CROSS=EMA9>EMA21;TREND=1;STRUCT=1;VOL=1;COOL=1;EMA50=1;VWAP=1;BIAS=1,3.00,-0.23,24094.46,24451.16,stop trailed to TP2
457,2025.03.14 13:16:19,2025.03.14 15:46:19,TP3_REACHED,XAUUSD,M5,164,BUY,FULLTGT,DAY,0,2990.03,2985.94,2998.21,4.09,1.00,4.09,2994.12,2998.21,3002.30,3006.39,3010.48,0.29,0.00,0.29,3002.30,3.00,3.00,0.00,2992.91,2990.02,2985.38,2992.50,2989.74,3.172,1.46,49.86,77.77,77.77,2.99,2.88,0.11,2988.00,3001.04,539,494,100.0,0.0,12,1,CROSS=EMA9>EMA21;TREND=1;STRUCT=1;VOL=1;COOL=1;EMA50=1;VWAP=1;BIAS=1,3.00,-0.23,24094.46,24451.16,full target: no partial booked
458,2025.03.14 13:36:18,2025.03.14 16:06:18,EXIT_TRAIL_SL,XAUUSD,M5,164,BUY,FULLTGT,EVENING,0,2990.03,2985.94,2998.21,4.09,1.00,4.09,2994.12,2998.21,3002.30,3006.39,3010.48,0.29,0.29,0.00,2998.18,0.00,1.99,234.31,2994.57,2991.17,2986.20,2994.32,2990.96,2.494,1.99,47.56,59.22,59.22,3.03,3.09,-0.06,2988.56,2999.43,641,546,71.4,28.6,10,1,CROSS=EMA9>EMA21;TREND=1;STRUCT=1;VOL=1;COOL=1;EMA50=1;VWAP=1;BIAS=1,3.65,-0.23,24329.79,24329.79,stopped at a trailed level
459,2025.03.14 17:30:00,2025.03.14 20:00:00,SKIP,XAUUSD,M5,164,FLAT,NA,EVENING,0,0.00,0.00,0.00,0.00,1.00,0.00,0.00,0.00,0.00,0.00,0.00,0.00,0.00,0.00,0.00,0.00,0.00,0.00,2992.37,2992.47,2989.43,2992.85,2992.70,0.689,4.41,23.63,33.66,33.66,-2.18,-1.92,-0.26,2990.20,2983.09,1039,950,0.0,85.7,10,1,CROSS=EMA9>EMA21;TREND=1;STRUCT=1;VOL=1;COOL=1;EMA50=1;VWAP=1;BIAS=1,0.00,0.00,24329.79,24329.79,outside the killzone window
460,2025.03.17 01:00:00,2025.03.17 03:30:00,DAY_SUMMARY,XAUUSD,M5,164,FLAT,NA,DAY,0,0.00,0.00,0.00,0.00,1.00,0.00,0.00,0.00,0.00,0.00,0.00,0.00,0.00,0.00,0.00,0.00,-0.67,-89.13,2985.19,2986.29,2986.91,2985.14,2986.29,-0.424,1.46,27.53,55.39,55.39,0.47,-0.26,0.74,2988.87,2986.24,84,235,57.1,28.6,11,1,CROSS=EMA9>EMA21;TREND=1;STRUCT=1;VOL=1;COOL=1;EMA50=1;VWAP=1;BIAS=1,0.00,0.00,24329.79,24329.79,2025.03.14 trades=4 W=1 L=3 gross_profit=234.31 gross_loss=323.44 net=-89.13 PF=0.72
461,2025.03.17 01:00:00,2025.03.17 03:30:00,WEEK_SUMMARY,XAUUSD,M5,164,FLAT,NA,DAY,0,0.00,0.00,0.00,0.00,1.00,0.00,0.00,0.00,0.00,0.00,0.00,0.00,0.00,0.00,0.00,0.00,-5.72,-731.21,2985.19,2986.29,2986.91,2985.14,2986.29,-0.424,1.46,27.53,55.39,55.39,0.47,-0.26,0.74,2988.87,2986.24,84,235,57.1,28.6,11,1,CROSS=EMA9>EMA21;TREND=1;STRUCT=1;VOL=1;COOL=1;EMA50=1;VWAP=1;BIAS=1,0.00,0.00,24329.79,24329.79,days=5 trades=16 W=2 L=14 gross_profit=353.96 gross_loss=1085.17 net=-731.21 PF=0.33 pips=-2439.0
462,2025.03.17 02:10:00,2025.03.17 04:40:00,SKIP,XAUUSD,M5,164,FLAT,NA,DAY,0,0.00,0.00,0.00,0.00,1.00,0.00,0.00,0.00,0.00,0.00,0.00,0.00,0.00,0.00,0.00,0.00,0.00,0.00,2987.11,2987.07,2987.23,2986.97,2987.01,-0.083,1.89,17.10,59.70,59.70,1.18,1.16,0.02,2988.49,2989.79,117,214,71.4,0.0,7,1,CROSS=EMA9>EMA21;TREND=1;STRUCT=1;VOL=1;COOL=1;EMA50=1;VWAP=1;BIAS=1,0.00,0.00,24329.79,24329.79,already positioned that way
463,2025.03.17 06:35:00,2025.03.17 09:05:00,ENTRY,XAUUSD,M5,166,SELL,FULLTGT,DAY,0,2986.94,2989.07,2989.07,2.13,1.00,2.13,2984.81,2982.68,2980.55,2978.41,2976.28,0.57,0.57,0.57,2986.94,0.00,0.00,0.00,2988.72,2988.74,2988.38,2988.81,2988.79,0.339,1.07,39.40,37.91,37.91,-0.95,-0.84,-0.11,2989.68,2986.88,214,287,0.0,85.7,7,1,CROSS=EMA9<EMA21;TREND=1;STRUCT=1;VOL=1;COOL=1;EMA50=1;VWAP=1;BIAS=1,0.00,0.00,24327.79,24323.80,KZ=ASIA; KZR=Asia H @ 2947.11 1082 bars ago (high taken); DAY 12AM-4PM IST session: stop x1.00 of usual; no partials; full size to TP5; SL steps BE->TP1->TP2->TP3
464,2025.03.17 07:24:36,2025.03.17 09:54:36,SL_MOVE,XAUUSD,M5,166,SELL,FULLTGT,DAY,0,2986.94,2989.07,2986.94,2.13,1.00,2.13,2984.81,2982.68,2980.55,2978.41,2976.28,0.57,0.00,0.57,2986.94,1.00,0.00,0.00,2987.93,2988.31,2988.19,2988.07,2988.39,0.109,1.05,22.87,27.86,27.86,-0.83,-0.79,-0.04,2989.36,2985.13,208,270,0.0,71.4,7,1,CROSS=EMA9<EMA21;TREND=1;STRUCT=1;VOL=1;COOL=1;EMA50=1;VWAP=1;BIAS=1,0.98,-0.84,24327.79,24451.48,stop to breakeven
465,2025.03.17 07:24:36,2025.03.17 09:54:36,TP1_REACHED,XAUUSD,M5,166,SELL,FULLTGT,DAY,0,2986.94,2989.07,2986.94,2.13,1.00,2.13,2984.81,2982.68,2980.55,2978.41,2976.28,0.57,0.00,0.57,2984.81,1.00,1.00,0.00,2987.93,2988.31,2988.19,2988.07,2988.39,0.109,1.05,22.87,27.86,27.86,-0.83,-0.79,-0.04,2989.36,2985.13,208,270,0.0,71.4,7,1,CROSS=EMA9<EMA21;TREND=1;STRUCT=1;VOL=1;COOL=1;EMA50=1;VWAP=1;BIAS=1,0.98,-0.84,24327.79,24451.48,full target: no partial booked
466,2025.03.17 07:56:33,2025.03.17 10:26:33,SL_MOVE,XAUUSD,M5,166,SELL,FULLTGT,DAY,0,2986.94,2989.07,2984.81,2.13,1.00,2.13,2984.81,2982.68,2980.55,2978.41,2976.28,0.57,0.00,0.57,2984.81,2.00,0.00,0.00,2986.77,2987.62,2987.84,2986.94,2987.73,-0.239,0.94,35.44,21.65,21.65,-1.24,-1.03,-0.20,2989.01,2983.50,203,237,0.0,85.7,9,1,CROSS=EMA9<EMA21;TREND=1;STRUCT=1;VOL=1;COOL=1;EMA50=1;VWAP=1;BIAS=1,1.98,-0.84,24327.79,24572.89,stop trailed to TP1
467,2025.03.17 07:56:33,2025.03.17 10:26:33,TP2_REACHED,XAUUSD,M5,166,SELL,FULLTGT,DAY,0,2986.94,2989.07,2984.81,2.13,1.00,2.13,2984.81,2982.68,2980.55,2978.41,2976.28,0.57,0.00,0.57,2982.68,2.00,2.00,0.00,2986.77,2987.62,2987.84,2986.94,2987.73,-0.239,0.94,35.44,21.65,21.65,-1.24,-1.03,-0.20,2989.01,2983.50,203,237,0.0,85.7,9,1,CROSS=EMA9<EMA21;TREND=1;STRUCT=1;VOL=1;COOL=1;EMA50=1;VWAP=1;BIAS=1,1.98,-0.84,24327.79,24572.89,full target: no partial booked
468,2025.03.17 08:22:32,2025.03.17 10:52:32,EXIT_TRAIL_SL,XAUUSD,M5,166,SELL,FULLTGT,DAY,0,2986.94,2989.07,2984.81,2.13,1.00,2.13,2984.81,2982.68,2980.55,2978.41,2976.28,0.57,0.57,0.00,2984.82,0.00,0.99,116.84,2985.98,2987.10,2987.56,2986.10,2987.19,-0.466,0.99,37.99,37.05,37.05,-1.22,-1.23,0.01,2988.72,2983.53,245,222,28.6,71.4,13,1,CROSS=EMA9<EMA21;TREND=1;STRUCT=1;VOL=1;COOL=1;EMA50=1;VWAP=1;BIAS=1,2.17,-0.84,24446.63,24446.63,stopped at a trailed level
469,2025.03.17 10:20:00,2025.03.17 12:50:00,ENTRY,XAUUSD,M5,168,BUY,FULLTGT,DAY,0,2989.03,2986.38,2986.38,2.65,1.00,2.65,2991.68,2994.34,2996.99,2999.64,3002.29,0.46,0.46,0.46,2989.03,0.00,0.00,0.00,2987.38,2987.37,2987.56,2987.30,2987.33,-0.142,1.33,22.28,59.29,59.29,0.98,1.14,-0.16,2988.42,2988.98,281,339,57.1,14.3,5,1,CROSS=EMA9>EMA21;TREND=1;STRUCT=1;VOL=1;COOL=1;EMA50=1;VWAP=1;BIAS=1,0.00,0.00,24445.02,24442.72,KZ=LONDON; KZR=Asia H @ 2947.11 1127 bars ago (high taken); DAY 12AM-4PM IST session: stop x1.00 of usual; no partials; full size to TP5; SL steps BE->TP1->TP2->TP3
470,2025.03.17 10:43:39,2025.03.17 13:13:39,EXIT_SL,XAUUSD,M5,168,BUY,FULLTGT,DAY,0,2989.03,2986.38,2986.38,2.65,1.00,2.65,2991.68,2994.34,2996.99,2999.64,3002.29,0.46,0.46,0.00,2986.38,0.00,-1.00,-125.12,2987.49,2987.43,2987.58,2987.48,2987.42,-0.129,1.16,27.88,48.53,48.53,0.53,0.94,-0.41,2988.40,2987.60,360,340,28.6,71.4,7,1,CROSS=EMA9>EMA21;TREND=1;STRUCT=1;VOL=1;COOL=1;EMA50=1;VWAP=1;BIAS=1,0.01,-0.98,24321.51,24321.51,stopped at the initial SL (x1.00 of usual)
471,2025.03.17 10:50:00,2025.03.17 13:20:00,ENTRY,XAUUSD,M5,170,SELL,FULLTGT,DAY,0,2984.84,2987.10,2987.10,2.26,1.00,2.26,2982.58,2980.32,2978.06,2975.80,2973.54,0.53,0.53,0.53,2984.84,0.00,0.00,0.00,2987.32,2987.34,2987.53,2987.44,2987.40,-0.167,1.13,37.67,33.07,33.07,0.06,0.71,-0.65,2988.35,2984.84,419,353,0.0,100.0,11,1,CROSS=EMA9<EMA21;TREND=1;STRUCT=1;VOL=1;COOL=1;EMA50=1;VWAP=1;BIAS=1,0.00,0.00,24319.65,24313.82,KZ=LONDON; KZR=Asia H @ 2947.11 1133 bars ago (high taken); DAY 12AM-4PM IST session: stop x1.00 of usual; no partials; full size to TP5; SL steps BE->TP1->TP2->TP3
472,2025.03.17 11:38:13,2025.03.17 14:08:13,EXIT_SL,XAUUSD,M5,170,SELL,FULLTGT,DAY,0,2984.84,2987.10,2987.10,2.26,1.00,2.26,2982.58,2980.32,2978.06,2975.80,2973.54,0.53,0.53,0.00,2987.12,0.00,-1.01,-124.56,2986.60,2986.94,2987.30,2986.66,2986.98,-0.250,1.44,29.83,44.17,44.17,-0.59,-0.45,-0.14,2988.08,2985.38,301,341,0.0,85.7,12,1,CROSS=EMA9<EMA21;TREND=1;STRUCT=1;VOL=1;COOL=1;EMA50=1;VWAP=1;BIAS=1,0.74,-1.00,24196.95,24196.95,stopped at the initial SL (x1.00 of usual)
473,2025.03.17 12:15:00,2025.03.17 14:45:00,SKIP,XAUUSD,M5,170,FLAT,NA,DAY,0,0.00,0.00,0.00,0.00,1.00,0.00,0.00,0.00,0.00,0.00,0.00,0.00,0.00,0.00,0.00,0.00,0.00,0.00,2987.20,2987.19,2987.39,2987.01,2987.10,-0.134,1.49,28.49,66.17,66.17,0.61,-0.05,0.66,2988.08,2990.84,382,348,100.0,0.0,6,1,CROSS=EMA9<EMA21;TREND=1;STRUCT=1;VOL=1;COOL=1;EMA50=1;VWAP=1;BIAS=1,0.00,0.00,24196.95,24196.95,outside the killzone window
474,2025.03.17 16:50:00,2025.03.17 19:20:00,SKIP,XAUUSD,M5,170,FLAT,NA,EVENING,0,0.00,0.00,0.00,0.00,1.00,0.00,0.00,0.00,0.00,0.00,0.00,0.00,0.00,0.00,0.00,0.00,0.00,0.00,2991.45,2991.51,2990.47,2991.58,2991.58,0.319,3.26,14.66,44.07,44.07,-1.67,-2.02,0.35,2990.02,2988.88,1058,823,14.3,71.4,5,1,CROSS=EMA9<EMA21;TREND=1;STRUCT=1;VOL=1;COOL=1;EMA50=1;VWAP=1;BIAS=1,0.00,0.00,24196.95,24196.95,already positioned that way
475,2025.03.17 17:25:00,2025.03.17 19:55:00,SKIP,XAUUSD,M5,170,FLAT,NA,EVENING,0,0.00,0.00,0.00,0.00,1.00,0.00,0.00,0.00,0.00,0.00,0.00,0.00,0.00,0.00,0.00,0.00,0.00,0.00,2991.69,2991.61,2990.61,2991.49,2991.51,0.367,2.74,32.39,63.22,63.22,0.23,-0.97,1.20,2990.15,2995.66,881,850,100.0,0.0,5,1,CROSS=EMA9<EMA21;TREND=1;STRUCT=1;VOL=1;COOL=1;EMA50=1;VWAP=1;BIAS=1,0.00,0.00,24196.95,24196.95,outside the killzone window
476,2025.03.18 01:00:00,2025.03.18 03:30:00,DAY_SUMMARY,XAUUSD,M5,170,FLAT,NA,DAY,0,0.00,0.00,0.00,0.00,1.00,0.00,0.00,0.00,0.00,0.00,0.00,0.00,0.00,0.00,0.00,0.00,-1.01,-132.84,2999.58,2998.01,2995.63,2999.51,2997.93,3.373,0.70,34.55,59.22,59.22,0.65,0.71,-0.06,2992.69,3001.02,146,277,71.4,14.3,11,1,CROSS=EMA9<EMA21;TREND=1;STRUCT=1;VOL=1;COOL=1;EMA50=1;VWAP=1;BIAS=1,0.00,0.00,24196.95,24196.95,2025.03.17 trades=3 W=1 L=2 gross_profit=116.84 gross_loss=249.68 net=-132.84 PF=0.47
477,2025.03.19 04:00:00,2025.03.19 06:30:00,SKIP,XAUUSD,M5,170,FLAT,NA,DAY,0,0.00,0.00,0.00,0.00,1.00,0.00,0.00,0.00,0.00,0.00,0.00,0.00,0.00,0.00,0.00,0.00,0.00,0.00,3032.94,3032.96,3030.25,3033.02,3033.00,2.493,1.09,18.24,40.39,40.39,-0.41,-0.49,0.08,3032.66,3031.50,105,149,14.3,57.1,8,1,CROSS=EMA9<EMA21;TREND=1;STRUCT=1;VOL=1;COOL=1;EMA50=1;VWAP=1;BIAS=1,0.00,0.00,24196.95,24196.95,already positioned that way
478,2025.03.19 06:30:00,2025.03.19 09:00:00,ENTRY,XAUUSD,M5,172,BUY,FULLTGT,DAY,0,3034.58,3031.80,3031.80,2.78,1.00,2.78,3037.36,3040.14,3042.92,3045.70,3048.48,0.43,0.43,0.43,3034.58,0.00,0.00,0.00,3032.31,3032.29,3030.63,3032.19,3032.23,1.194,1.39,36.17,61.41,61.41,1.11,0.73,0.38,3031.68,3034.51,241,314,85.7,0.0,7,1,CROSS=EMA9>EMA21;TREND=1;STRUCT=1;VOL=1;COOL=1;EMA50=1;VWAP=1;BIAS=1,0.00,0.00,24195.44,24192.43,KZ=ASIA; KZR=Asia H @ 3014.97 272 bars ago (high taken); DAY 12AM-4PM IST session: stop x1.00 of usual; no partials; full size to TP5; SL steps BE->TP1->TP2->TP3
479,2025.03.19 06:54:04,2025.03.19 09:24:04,SL_MOVE,XAUUSD,M5,172,BUY,FULLTGT,DAY,0,3034.58,3031.80,3034.58,2.78,1.00,2.78,3037.36,3040.14,3042.92,3045.70,3048.48,0.43,0.00,0.43,3034.58,1.00,0.00,0.00,3032.91,3032.60,3030.87,3032.74,3032.51,1.411,1.23,33.84,68.00,68.00,1.26,1.06,0.20,3031.91,3036.12,304,292,100.0,0.0,10,1,CROSS=EMA9>EMA21;TREND=1;STRUCT=1;VOL=1;COOL=1;EMA50=1;VWAP=1;BIAS=1,1.00,-0.18,24195.44,24315.41,stop to breakeven
480,2025.03.19 06:54:04,2025.03.19 09:24:04,TP1_REACHED,XAUUSD,M5,172,BUY,FULLTGT,DAY,0,3034.58,3031.80,3034.58,2.78,1.00,2.78,3037.36,3040.14,3042.92,3045.70,3048.48,0.43,0.00,0.43,3037.36,1.00,1.00,0.00,3032.91,3032.60,3030.87,3032.74,3032.51,1.411,1.23,33.84,68.00,68.00,1.26,1.06,0.20,3031.91,3036.12,304,292,100.0,0.0,10,1,CROSS=EMA9>EMA21;TREND=1;STRUCT=1;VOL=1;COOL=1;EMA50=1;VWAP=1;BIAS=1,1.00,-0.18,24195.44,24315.41,full target: no partial booked
481,2025.03.19 07:08:31,2025.03.19 09:38:31,EXIT_BE,XAUUSD,M5,172,BUY,FULLTGT,DAY,0,3034.58,3031.80,3034.58,2.78,1.00,2.78,3037.36,3040.14,3042.92,3045.70,3048.48,0.43,0.43,0.00,3034.56,0.00,-0.01,-3.88,3033.39,3032.88,3031.07,3033.28,3032.81,1.272,1.42,37.57,59.13,59.13,1.31,1.23,0.07,3032.24,3035.59,334,303,85.7,14.3,7,1,CROSS=EMA9>EMA21;TREND=1;STRUCT=1;VOL=1;COOL=1;EMA50=1;VWAP=1;BIAS=1,1.59,-0.18,24193.07,24193.07,stopped at breakeven
482,2025.03.19 11:50:00,2025.03.19 14:20:00,ENTRY,XAUUSD,M5,174,SELL,FULLTGT,DAY,0,3028.34,3032.93,3032.93,4.59,1.00,4.59,3023.75,3019.15,3014.56,3009.97,3005.38,0.26,0.26,0.26,3028.34,0.00,0.00,0.00,3036.03,3036.10,3034.34,3036.43,3036.30,0.765,2.30,50.01,28.36,28.36,-2.64,-1.73,-0.91,3035.68,3028.34,488,519,0.0,85.7,5,1,CROSS=EMA9<EMA21;TREND=1;STRUCT=1;VOL=1;COOL=1;EMA50=1;VWAP=1;BIAS=1,0.00,0.00,24192.16,24190.86,KZ=LONDON; KZR=Asia H @ 3039.00 42 bars ago (high taken); DAY 12AM-4PM IST session: stop x1.00 of usual; no partials; full size to TP5; SL steps BE->TP1->TP2->TP3
483,2025.03.19 12:05:03,2025.03.19 14:35:03,SL_MOVE,XAUUSD,M5,174,SELL,FULLTGT,DAY,0,3028.34,3032.93,3028.34,4.59,1.00,4.59,3023.75,3019.15,3014.56,3009.97,3005.38,0.26,0.00,0.26,3028.34,1.00,0.00,0.00,3034.58,3035.34,3034.02,3035.09,3035.61,0.557,2.37,60.05,22.57,22.57,-3.43,-2.39,-1.04,3035.30,3024.52,633,528,0.0,100.0,9,1,CROSS=EMA9<EMA21;TREND=1;STRUCT=1;VOL=1;COOL=1;EMA50=1;VWAP=1;BIAS=1,1.00,-0.02,24192.16,24313.58,stop to breakeven
484,2025.03.19 12:05:03,2025.03.19 14:35:03,TP1_REACHED,XAUUSD,M5,174,SELL,FULLTGT,DAY,0,3028.34,3032.93,3028.34,4.59,1.00,4.59,3023.75,3019.15,3014.56,3009.97,3005.38,0.26,0.00,0.26,3023.75,1.00,1.00,0.00,3034.58,3035.34,3034.02,3035.09,3035.61,0.557,2.37,60.05,22.57,22.57,-3.43,-2.39,-1.04,3035.30,3024.52,633,528,0.0,100.0,9,1,CROSS=EMA9<EMA21;TREND=1;STRUCT=1;VOL=1;COOL=1;EMA50=1;VWAP=1;BIAS=1,1.00,-0.02,24192.16,24313.58,full target: no partial booked
485,2025.03.19 12:23:37,2025.03.19 14:53:37,EXIT_BE,XAUUSD,M5,174,SELL,FULLTGT,DAY,0,3028.34,3032.93,3028.34,4.59,1.00,4.59,3023.75,3019.15,3014.56,3009.97,3005.38,0.26,0.26,0.00,3028.35,0.00,-0.00,-2.08,3033.43,3034.69,3033.74,3033.76,3034.89,0.393,2.42,67.98,33.72,33.72,-3.35,-2.99,-0.37,3035.00,3026.86,434,541,0.0,85.7,5,1,CROSS=EMA9<EMA21;TREND=1;STRUCT=1;VOL=1;COOL=1;EMA50=1;VWAP=1;BIAS=1,1.22,-0.02,24190.99,24190.99,stopped at breakeven
486,2025.03.19 14:40:00,2025.03.19 17:10:00,ENTRY,XAUUSD,M5,176,BUY,FULLTGT,EVENING,0,3038.90,3035.46,3035.46,3.44,1.00,3.44,3042.34,3045.79,3049.23,3052.67,3056.11,0.35,0.35,0.35,3038.90,0.00,0.00,0.00,3034.63,3034.53,3033.83,3034.42,3034.43,0.410,1.72,45.67,65.63,65.63,1.81,1.42,0.39,3034.71,3038.86,386,405,85.7,0.0,5,1,CROSS=EMA9>EMA21;TREND=1;STRUCT=1;VOL=1;COOL=1;EMA50=1;VWAP=1;BIAS=1,0.00,0.00,24189.76,24188.01,KZ=NY; KZR=Asia H @ 3039.00 76 bars ago (high taken); EVENING 4PM-12AM IST session: stop x1.00 of usual; no partials; full size to TP5; SL steps BE->TP1->TP2->TP3
487,2025.03.19 16:12:38,2025.03.19 18:42:38,EXIT_SL,XAUUSD,M5,176,BUY,FULLTGT,EVENING,0,3038.90,3035.46,3035.46,3.44,1.00,3.44,3042.34,3045.79,3049.23,3052.67,3056.11,0.35,0.35,0.00,3035.44,0.00,-1.00,-123.56,3036.95,3036.01,3034.80,3036.96,3036.00,0.630,1.92,28.15,45.59,45.59,0.47,0.98,-0.52,3035.24,3036.61,650,484,28.6,71.4,5,1,CROSS=EMA9>EMA21;TREND=1;STRUCT=1;VOL=1;COOL=1;EMA50=1;VWAP=1;BIAS=1,0.65,-0.99,24067.43,24067.43,stopped at the initial SL (x1.00 of usual)
488,2025.03.19 16:55:00,2025.03.19 19:25:00,ENTRY,XAUUSD,M5,178,SELL,FULLTGT,EVENING,0,3032.08,3037.17,3037.17,5.09,1.00,5.09,3026.99,3021.91,3016.82,3011.74,3006.65,0.23,0.23,0.23,3032.08,0.00,0.00,0.00,3035.16,3035.23,3034.52,3035.32,3035.31,0.279,2.54,48.19,41.20,41.20,-1.74,-0.87,-0.87,3034.89,3032.08,781,681,14.3,85.7,5,1,CROSS=EMA9<EMA21;TREND=1;STRUCT=1;VOL=1;COOL=1;EMA50=1;VWAP=1;BIAS=1,0.00,0.00,24066.62,24065.47,KZ=NY; KZR=Asia H @ 3039.00 103 bars ago (high taken); EVENING 4PM-12AM IST session: stop x1.00 of usual; no partials; full size to TP5; SL steps BE->TP1->TP2->TP3
489,2025.03.19 17:23:01,2025.03.19 19:53:01,SL_MOVE,XAUUSD,M5,178,SELL,FULLTGT,EVENING,0,3032.08,3037.17,3032.08,5.09,1.00,5.09,3026.99,3021.91,3016.82,3011.74,3006.65,0.23,0.00,0.23,3032.08,1.00,0.00,0.00,3033.87,3034.55,3034.21,3034.19,3034.72,0.115,2.88,34.11,33.88,33.88,-2.23,-1.80,-0.43,3034.60,3027.68,757,752,0.0,100.0,8,1,CROSS=EMA9<EMA21;TREND=1;STRUCT=1;VOL=1;COOL=1;EMA50=1;VWAP=1;BIAS=1,1.00,-0.56,24066.62,24184.38,stop to breakeven
490,2025.03.19 17:23:01,2025.03.19 19:53:01,TP1_REACHED,XAUUSD,M5,178,SELL,FULLTGT,EVENING,0,3032.08,3037.17,3032.08,5.09,1.00,5.09,3026.99,3021.91,3016.82,3011.74,3006.65,0.23,0.00,0.23,3026.99,1.00,1.00,0.00,3033.87,3034.55,3034.21,3034.19,3034.72,0.115,2.88,34.11,33.88,33.88,-2.23,-1.80,-0.43,3034.60,3027.68,757,752,0.0,100.0,8,1,CROSS=EMA9<EMA21;TREND=1;STRUCT=1;VOL=1;COOL=1;EMA50=1;VWAP=1;BIAS=1,1.00,-0.56,24066.62,24184.38,full target: no partial booked
491,2025.03.19 17:31:15,2025.03.19 20:01:15,EXIT_BE,XAUUSD,M5,178,SELL,FULLTGT,EVENING,0,3032.08,3037.17,3032.08,5.09,1.00,5.09,3026.99,3021.91,3016.82,3011.74,3006.65,0.23,0.23,0.00,3032.08,0.00,-0.00,-1.62,3033.48,3034.31,3034.10,3033.64,3034.41,0.071,2.92,30.20,43.10,43.10,-2.05,-1.93,-0.12,3034.49,3030.32,646,773,0.0,85.7,5,1,CROSS=EMA9<EMA21;TREND=1;STRUCT=1;VOL=1;COOL=1;EMA50=1;VWAP=1;BIAS=1,1.19,-0.56,24065.81,24065.81,stopped at breakeven
492,2025.03.19 21:25:00,2025.03.19 23:55:00,SKIP,XAUUSD,M5,178,FLAT,NA,EVENING,0,0.00,0.00,0.00,0.00,1.00,0.00,0.00,0.00,0.00,0.00,0.00,0.00,0.00,0.00,0.00,0.00,0.00,0.00,3033.80,3033.65,3033.66,3033.47,3033.48,-0.001,2.52,26.16,70.89,70.89,1.36,0.08,1.28,3034.10,3040.35,748,557,100.0,0.0,12,1,CROSS=EMA9<EMA21;TREND=1;STRUCT=1;VOL=1;COOL=1;EMA50=1;VWAP=1;BIAS=1,0.00,0.00,24065.81,24065.81,outside the killzone window
493,2025.03.20 01:00:00,2025.03.20 03:30:00,DAY_SUMMARY,XAUUSD,M5,178,FLAT,NA,DAY,0,0.00,0.00,0.00,0.00,1.00,0.00,0.00,0.00,0.00,0.00,0.00,0.00,0.00,0.00,0.00,0.00,-1.01,-131.14,3043.39,3040.23,3037.55,3043.19,3040.05,2.088,1.28,23.92,58.86,58.86,1.19,1.46,-0.27,3035.64,3047.16,108,382,57.1,14.3,11,1,CROSS=EMA9<EMA21;TREND=1;STRUCT=1;VOL=1;COOL=1;EMA50=1;VWAP=1;BIAS=1,0.00,0.00,24065.81,24065.81,2025.03.19 trades=4 W=0 L=4 gross_profit=0.00 gross_loss=131.14 net=-131.14 PF=0.00
494,2025.03.20 10:20:00,2025.03.20 12:50:00,SKIP,XAUUSD,M5,178,FLAT,NA,DAY,0,0.00,0.00,0.00,0.00,1.00,0.00,0.00,0.00,0.00,0.00,0.00,0.00,0.00,0.00,0.00,0.00,0.00,0.00,3049.09,3049.13,3046.96,3049.27,3049.22,1.089,1.99,24.17,37.16,37.16,-0.78,-0.43,-0.36,3050.44,3045.55,473,405,0.0,85.7,5,1,CROSS=EMA9<EMA21;TREND=1;STRUCT=1;VOL=1;COOL=1;EMA50=1;VWAP=1;BIAS=1,0.00,0.00,24065.81,24065.81,already positioned that way
495,2025.03.20 21:05:00,2025.03.20 23:35:00,SKIP,XAUUSD,M5,178,FLAT,NA,EVENING,0,0.00,0.00,0.00,0.00,1.00,0.00,0.00,0.00,0.00,0.00,0.00,0.00,0.00,0.00,0.00,0.00,0.00,0.00,3038.38,3038.32,3039.57,3038.17,3038.21,-0.721,1.74,30.47,63.30,63.30,0.69,0.01,0.68,3041.49,3042.53,619,431,100.0,0.0,10,1,CROSS=EMA9<EMA21;TREND=1;STRUCT=1;VOL=1;COOL=1;EMA50=1;VWAP=1;BIAS=1,0.00,0.00,24065.81,24065.81,outside the killzone window
496,2025.03.21 04:55:00,2025.03.21 07:25:00,SKIP,XAUUSD,M5,178,FLAT,NA,DAY,0,0.00,0.00,0.00,0.00,1.00,0.00,0.00,0.00,0.00,0.00,0.00,0.00,0.00,0.00,0.00,0.00,0.00,0.00,3042.90,3042.95,3042.36,3043.21,3043.11,0.339,1.75,23.94,23.32,23.32,-1.55,-0.83,-0.72,3042.96,3036.90,469,324,0.0,85.7,10,1,CROSS=EMA9<EMA21;TREND=1;STRUCT=1;VOL=1;COOL=1;EMA50=1;VWAP=1;BIAS=1,0.00,0.00,24065.81,24065.81,already positioned that way
497,2025.03.21 15:10:00,2025.03.21 17:40:00,ENTRY,XAUUSD,M5,180,BUY,FULLTGT,EVENING,0,3037.25,3033.05,3033.05,4.20,1.00,4.20,3041.45,3045.64,3049.84,3054.04,3058.24,0.28,0.28,0.28,3037.25,0.00,0.00,0.00,3032.42,3032.31,3033.86,3032.17,3032.18,-0.740,2.10,31.16,62.74,62.74,1.18,0.57,0.60,3033.36,3037.17,502,417,100.0,0.0,8,1,CROSS=EMA9>EMA21;TREND=1;STRUCT=1;VOL=1;COOL=1;EMA50=1;VWAP=1;BIAS=1,0.00,0.00,24064.83,24062.59,KZ=NY; KZR=NY H @ 3042.38 238 bars ago (high taken); EVENING 4PM-12AM IST session: stop x1.00 of usual; no partials; full size to TP5; SL steps BE->TP1->TP2->TP3
498,2025.03.21 16:22:17,2025.03.21 18:52:17,EXIT_SL,XAUUSD,M5,180,BUY,FULLTGT,EVENING,0,3037.25,3033.05,3033.05,4.20,1.00,4.20,3041.45,3045.64,3049.84,3054.04,3058.24,0.28,0.28,0.00,3033.05,0.00,-1.00,-119.56,3033.88,3033.20,3034.10,3033.84,3033.17,-0.405,2.22,19.97,50.37,50.37,0.67,0.88,-0.21,3033.59,3034.57,517,533,57.1,14.3,7,1,CROSS=EMA9>EMA21;TREND=1;STRUCT=1;VOL=1;COOL=1;EMA50=1;VWAP=1;BIAS=1,0.23,-0.99,23946.25,23946.25,stopped at the initial SL (x1.00 of usual)
499,2025.03.21 16:40:00,2025.03.21 19:10:00,ENTRY,XAUUSD,M5,182,SELL,FULLTGT,EVENING,0,3016.86,3023.68,3023.68,6.82,1.00,6.82,3010.04,3003.22,2996.40,2989.59,2982.77,0.17,0.17,0.17,3016.86,0.00,0.00,0.00,3032.39,3032.50,3033.70,3033.18,3032.89,-0.352,3.41,30.14,22.08,22.08,-1.92,0.17,-2.08,3033.12,3016.98,1423,640,0.0,100.0,10,1,CROSS=EMA9<EMA21;TREND=1;STRUCT=1;VOL=1;COOL=1;EMA50=1;VWAP=1;BIAS=1,0.00,0.00,23945.65,23943.95,KZ=NY; KZR=NY H @ 3042.38 256 bars ago (high taken); EVENING 4PM-12AM IST session: stop x1.00 of usual; no partials; full size to TP5; SL steps BE->TP1->TP2->TP3
500,2025.03.21 16:50:02,2025.03.21 19:20:02,SL_MOVE,XAUUSD,M5,182,SELL,FULLTGT,EVENING,0,3016.86,3023.68,3016.86,6.82,1.00,6.82,3010.04,3003.22,2996.40,2989.59,2982.77,0.17,0.00,0.17,3016.86,1.00,0.00,0.00,3030.52,3031.53,3033.18,3031.53,3032.06,-0.417,3.94,38.77,17.86,17.86,-4.14,-0.82,-3.31,3032.40,3010.85,1369,716,0.0,100.0,8,1,CROSS=EMA9<EMA21;TREND=1;STRUCT=1;VOL=1;COOL=1;EMA50=1;VWAP=1;BIAS=1,0.99,-0.36,23945.65,24061.76,stop to breakeven
501,2025.03.21 16:50:02,2025.03.21 19:20:02,TP1_REACHED,XAUUSD,M5,182,SELL,FULLTGT,EVENING,0,3016.86,3023.68,3016.86,6.82,1.00,6.82,3010.04,3003.22,2996.40,2989.59,2982.77,0.17,0.00,0.17,3010.04,1.00,1.00,0.00,3030.52,3031.53,3033.18,3031.53,3032.06,-0.417,3.94,38.77,17.86,17.86,-4.14,-0.82,-3.31,3032.40,3010.85,1369,716,0.0,100.0,8,1,CROSS=EMA9<EMA21;TREND=1;STRUCT=1;VOL=1;COOL=1;EMA50=1;VWAP=1;BIAS=1,0.99,-0.36,23945.65,24061.76,full target: no partial booked
502,2025.03.21 17:06:29,2025.03.21 19:36:29,SL_MOVE,XAUUSD,M5,182,SELL,FULLTGT,EVENING,0,3016.86,3023.68,3010.04,6.82,1.00,6.82,3010.04,3003.22,2996.40,2989.59,2982.77,0.17,0.00,0.17,3010.04,2.00,0.00,0.00,3027.35,3029.82,3032.25,3028.48,3030.44,-0.522,4.65,51.43,15.95,15.95,-6.64,-3.01,-3.64,3031.16,3005.40,1333,826,0.0,100.0,7,1,CROSS=EMA9<EMA21;TREND=1;STRUCT=1;VOL=1;COOL=1;EMA50=1;VWAP=1;BIAS=1,2.00,-0.36,23945.65,24177.87,stop trailed to TP1
503,2025.03.21 17:06:29,2025.03.21 19:36:29,TP2_REACHED,XAUUSD,M5,182,SELL,FULLTGT,EVENING,0,3016.86,3023.68,3010.04,6.82,1.00,6.82,3010.04,3003.22,2996.40,2989.59,2982.77,0.17,0.00,0.17,3003.22,2.00,2.00,0.00,3027.35,3029.82,3032.25,3028.48,3030.44,-0.522,4.65,51.43,15.95,15.95,-6.64,-3.01,-3.64,3031.16,3005.40,1333,826,0.0,100.0,7,1,CROSS=EMA9<EMA21;TREND=1;STRUCT=1;VOL=1;COOL=1;EMA50=1;VWAP=1;BIAS=1,2.00,-0.36,23945.65,24177.87,full target: no partial booked
504,2025.03.21 17:41:37,2025.03.21 20:11:37,EXIT_TRAIL_SL,XAUUSD,M5,182,SELL,FULLTGT,EVENING,0,3016.86,3023.68,3010.04,6.82,1.00,6.82,3010.04,3003.22,2996.40,2989.59,2982.77,0.17,0.17,0.00,3010.05,0.00,1.00,114.57,3020.89,3025.90,3029.99,3021.60,3026.37,-0.724,5.65,49.99,31.49,31.49,-7.08,-7.37,0.28,3028.74,3007.04,932,1042,14.3,71.4,7,1,CROSS=EMA9<EMA21;TREND=1;STRUCT=1;VOL=1;COOL=1;EMA50=1;VWAP=1;BIAS=1,2.57,-0.36,24060.82,24060.82,stopped at a trailed level
505,2025.03.21 23:40:00,2025.03.22 02:10:00,SKIP,XAUUSD,M5,182,FLAT,NA,DAY,0,0.00,0.00,0.00,0.00,1.00,0.00,0.00,0.00,0.00,0.00,0.00,0.00,0.00,0.00,0.00,0.00,0.00,0.00,3019.60,3019.55,3022.60,3019.41,3019.46,-3.062,1.00,36.74,67.18,67.18,1.36,1.13,0.22,3025.08,3023.23,124,285,71.4,14.3,12,1,CROSS=EMA9<EMA21;TREND=1;STRUCT=1;VOL=1;COOL=1;EMA50=1;VWAP=1;BIAS=1,0.00,0.00,24060.82,24060.82,outside the killzone window
506,2025.03.24 01:00:00,2025.03.24 03:30:00,DAY_SUMMARY,XAUUSD,M5,182,FLAT,NA,DAY,0,0.00,0.00,0.00,0.00,1.00,0.00,0.00,0.00,0.00,0.00,0.00,0.00,0.00,0.00,0.00,0.00,-0.00,-4.99,3020.23,3019.89,3022.63,3020.09,3019.81,-2.371,1.16,40.33,63.85,63.85,1.28,1.26,0.01,3025.07,3022.94,117,235,71.4,14.3,11,1,CROSS=EMA9<EMA21;TREND=1;STRUCT=1;VOL=1;COOL=1;EMA50=1;VWAP=1;BIAS=1,0.00,0.00,24060.82,24060.82,2025.03.21 trades=2 W=1 L=1 gross_profit=114.57 gross_loss=119.56 net=-4.99 PF=0.96
507,2025.03.24 01:00:00,2025.03.24 03:30:00,WEEK_SUMMARY,XAUUSD,M5,182,FLAT,NA,DAY,0,0.00,0.00,0.00,0.00,1.00,0.00,0.00,0.00,0.00,0.00,0.00,0.00,0.00,0.00,0.00,0.00,-2.03,-268.97,3020.23,3019.89,3022.63,3020.09,3019.81,-2.371,1.16,40.33,63.85,63.85,1.28,1.26,0.01,3025.07,3022.94,117,235,71.4,14.3,11,1,CROSS=EMA9<EMA21;TREND=1;STRUCT=1;VOL=1;COOL=1;EMA50=1;VWAP=1;BIAS=1,0.00,0.00,24060.82,24060.82,days=3 trades=9 W=2 L=7 gross_profit=231.41 gross_loss=500.38 net=-268.97 PF=0.46 pips=-369.0
508,2025.03.24 05:55:00,2025.03.24 08:25:00,SKIP,XAUUSD,M5,182,FLAT,NA,DAY,0,0.00,0.00,0.00,0.00,1.00,0.00,0.00,0.00,0.00,0.00,0.00,0.00,0.00,0.00,0.00,0.00,0.00,0.00,3021.93,3021.96,3022.76,3022.15,3022.07,-0.388,2.06,28.02,34.84,34.84,-1.05,-0.32,-0.73,3022.28,3017.80,482,489,0.0,85.7,8,1,CROSS=EMA9<EMA21;TREND=1;STRUCT=1;VOL=1;COOL=1;EMA50=1;VWAP=1;BIAS=1,0.00,0.00,24060.82,24060.82,already positioned that way
509,2025.03.24 09:45:00,2025.03.24 12:15:00,ENTRY,XAUUSD,M5,184,BUY,FULLTGT,DAY,0,3024.84,3021.49,3021.49,3.35,1.00,3.35,3028.19,3031.55,3034.90,3038.25,3041.60,0.35,0.35,0.35,3024.84,0.00,0.00,0.00,3020.85,3020.75,3021.51,3020.65,3020.65,-0.451,1.68,26.87,64.75,64.75,0.86,0.55,0.32,3021.24,3024.74,423,328,100.0,0.0,6,1,CROSS=EMA9>EMA21;TREND=1;STRUCT=1;VOL=1;COOL=1;EMA50=1;VWAP=1;BIAS=1,0.00,0.00,24059.59,24057.49,KZ=LONDON; KZR=NY H @ 3042.38 1037 bars ago (high taken); DAY 12AM-4PM IST session: stop x1.00 of usual; no partials; full size to TP5; SL steps BE->TP1->TP2->TP3
510,2025.03.24 10:23:03,2025.03.24 12:53:03,SL_MOVE,XAUUSD,M5,184,BUY,FULLTGT,DAY,0,3024.84,3021.49,3024.84,3.35,1.00,3.35,3028.19,3031.55,3034.90,3038.25,3041.60,0.35,0.00,0.35,3024.84,1.00,0.00,0.00,3022.18,3021.49,3021.83,3021.98,3021.37,-0.208,1.62,35.43,65.56,65.56,1.45,1.17,0.28,3021.51,3026.17,333,352,85.7,0.0,12,1,CROSS=EMA9>EMA21;TREND=1;STRUCT=1;VOL=1;COOL=1;EMA50=1;VWAP=1;BIAS=1,0.99,-0.24,24059.59,24178.94,stop to breakeven
511,2025.03.24 10:23:03,2025.03.24 12:53:03,TP1_REACHED,XAUUSD,M5,184,BUY,FULLTGT,DAY,0,3024.84,3021.49,3024.84,3.35,1.00,3.35,3028.19,3031.55,3034.90,3038.25,3041.60,0.35,0.00,0.35,3028.19,1.00,1.00,0.00,3022.18,3021.49,3021.83,3021.98,3021.37,-0.208,1.62,35.43,65.56,65.56,1.45,1.17,0.28,3021.51,3026.17,333,352,85.7,0.0,12,1,CROSS=EMA9>EMA21;TREND=1;STRUCT=1;VOL=1;COOL=1;EMA50=1;VWAP=1;BIAS=1,0.99,-0.24,24059.59,24178.94,full target: no partial booked
512,2025.03.24 10:28:37,2025.03.24 12:58:37,EXIT_BE,XAUUSD,M5,184,BUY,FULLTGT,DAY,0,3024.84,3021.49,3024.84,3.35,1.00,3.35,3028.19,3031.55,3034.90,3038.25,3041.60,0.35,0.35,0.00,3024.83,0.00,-0.00,-2.81,3022.38,3021.61,3021.88,3022.18,3021.49,-0.170,1.62,36.88,66.13,66.13,1.50,1.26,0.24,3021.59,3026.35,554,362,100.0,0.0,11,1,CROSS=EMA9>EMA21;TREND=1;STRUCT=1;VOL=1;COOL=1;EMA50=1;VWAP=1;BIAS=1,1.21,-0.24,24058.01,24058.01,stopped at breakeven
513,2025.03.24 17:05:00,2025.03.24 19:35:00,SKIP,XAUUSD,M5,184,FLAT,NA,EVENING,0,0.00,0.00,0.00,0.00,1.00,0.00,0.00,0.00,0.00,0.00,0.00,0.00,0.00,0.00,0.00,0.00,0.00,0.00,3025.29,3025.29,3024.53,3025.48,3025.39,0.281,2.72,27.85,37.89,37.89,-1.06,-0.67,-0.38,3023.98,3021.43,919,766,0.0,100.0,9,1,CROSS=EMA9>EMA21;TREND=1;STRUCT=1;VOL=1;COOL=1;EMA50=1;VWAP=1;BIAS=1,0.00,0.00,24058.01,24058.01,outside the killzone window
514,2025.03.25 01:00:00,2025.03.25 03:30:00,DAY_SUMMARY,XAUUSD,M5,184,FLAT,NA,DAY,0,0.00,0.00,0.00,0.00,1.00,0.00,0.00,0.00,0.00,0.00,0.00,0.00,0.00,0.00,0.00,0.00,-0.00,-2.81,3009.33,3011.12,3014.76,3009.20,3011.10,-2.638,1.38,53.46,60.54,60.54,1.55,1.04,0.51,3019.64,3011.96,82,210,57.1,28.6,11,1,CROSS=EMA9>EMA21;TREND=1;STRUCT=1;VOL=1;COOL=1;EMA50=1;VWAP=1;BIAS=1,0.00,0.00,24058.01,24058.01,2025.03.24 trades=1 W=0 L=1 gross_profit=0.00 gross_loss=2.81 net=-2.81 PF=0.00
515,2025.03.25 04:15:00,2025.03.25 06:45:00,SKIP,XAUUSD,M5,184,FLAT,NA,DAY,0,0.00,0.00,0.00,0.00,1.00,0.00,0.00,0.00,0.00,0.00,0.00,0.00,0.00,0.00,0.00,0.00,0.00,0.00,3011.37,3011.37,3013.48,3011.30,3011.34,-1.637,1.29,14.23,55.57,55.57,0.74,0.46,0.27,3011.77,3012.74,305,218,71.4,14.3,7,1,CROSS=EMA9>EMA21;TREND=1;STRUCT=1;VOL=1;COOL=1;EMA50=1;VWAP=1;BIAS=1,0.00,0.00,24058.01,24058.01,already positioned that way
516,2025.03.25 05:50:00,2025.03.25 08:20:00,ENTRY,XAUUSD,M5,186,SELL,FULLTGT,DAY,0,3008.41,3011.61,3011.61,3.20,1.00,3.20,3005.21,3002.02,2998.82,2995.63,2992.43,0.37,0.37,0.37,3008.41,0.00,0.00,0.00,3011.33,3011.40,3013.06,3011.48,3011.47,-1.041,1.60,28.93,35.58,35.58,-0.53,-0.19,-0.35,3011.66,3008.40,533,338,0.0,100.0,12,1,CROSS=EMA9<EMA21;TREND=1;STRUCT=1;VOL=1;COOL=1;EMA50=1;VWAP=1;BIAS=1,0.00,0.00,24056.71,24052.27,KZ=ASIA; KZR=NY L @ 3004.19 104 bars ago (low taken); DAY 12AM-4PM IST session: stop x1.00 of usual; no partials; full size to TP5; SL steps BE->TP1->TP2->TP3
517,2025.03.25 06:09:37,2025.03.25 08:39:37,EXIT_SL,XAUUSD,M5,186,SELL,FULLTGT,DAY,0,3008.41,3011.61,3011.61,3.20,1.00,3.20,3005.21,3002.02,2998.82,2995.63,2992.43,0.37,0.37,0.00,3011.61,0.00,-1.00,-121.00,3011.06,3011.25,3012.92,3011.11,3011.28,-1.096,1.53,28.49,45.36,45.36,-0.66,-0.41,-0.25,3011.46,3010.05,312,342,0.0,85.7,7,1,CROSS=EMA9<EMA21;TREND=1;STRUCT=1;VOL=1;COOL=1;EMA50=1;VWAP=1;BIAS=1,0.25,-1.00,23937.01,23937.01,stopped at the initial SL (x1.00 of usual)
518,2025.03.25 06:30:00,2025.03.25 09:00:00,ENTRY,XAUUSD,M5,188,BUY,FULLTGT,DAY,0,3014.34,3011.51,3011.51,2.83,1.00,2.83,3017.17,3020.00,3022.83,3025.65,3028.48,0.42,0.42,0.42,3014.34,0.00,0.00,0.00,3011.54,3011.48,3012.94,3011.40,3011.41,-1.032,1.41,33.27,63.39,63.39,0.37,-0.32,0.69,3011.66,3014.29,474,348,100.0,0.0,7,1,CROSS=EMA9>EMA21;TREND=1;STRUCT=1;VOL=1;COOL=1;EMA50=1;VWAP=1;BIAS=1,0.00,0.00,23935.54,23932.60,KZ=ASIA; KZR=NY L @ 3004.19 112 bars ago (low taken); DAY 12AM-4PM IST session: stop x1.00 of usual; no partials; full size to TP5; SL steps BE->TP1->TP2->TP3
519,2025.03.25 08:04:39,2025.03.25 10:34:39,SL_MOVE,XAUUSD,M5,188,BUY,FULLTGT,DAY,0,3014.34,3011.51,3014.34,2.83,1.00,2.83,3017.17,3020.00,3022.83,3025.65,3028.48,0.42,0.00,0.42,3014.34,1.00,0.00,0.00,3013.82,3012.89,3013.43,3013.75,3012.83,-0.657,0.82,42.49,56.37,56.37,0.82,0.97,-0.15,3012.40,3015.21,220,257,71.4,14.3,13,1,CROSS=EMA9>EMA21;TREND=1;STRUCT=1;VOL=1;COOL=1;EMA50=1;VWAP=1;BIAS=1,0.98,-0.11,23935.54,24054.40,stop to breakeven
520,2025.03.25 08:04:39,2025.03.25 10:34:39,TP1_REACHED,XAUUSD,M5,188,BUY,FULLTGT,DAY,0,3014.34,3011.51,3014.34,2.83,1.00,2.83,3017.17,3020.00,3022.83,3025.65,3028.48,0.42,0.00,0.42,3017.17,1.00,1.00,0.00,3013.82,3012.89,3013.43,3013.75,3012.83,-0.657,0.82,42.49,56.37,56.37,0.82,0.97,-0.15,3012.40,3015.21,220,257,71.4,14.3,13,1,CROSS=EMA9>EMA21;TREND=1;STRUCT=1;VOL=1;COOL=1;EMA50=1;VWAP=1;BIAS=1,0.98,-0.11,23935.54,24054.40,full target: no partial booked
521,2025.03.25 08:23:37,2025.03.25 10:53:37,SL_MOVE,XAUUSD,M5,188,BUY,FULLTGT,DAY,0,3014.34,3011.51,3017.17,2.83,1.00,2.83,3017.17,3020.00,3022.83,3025.65,3028.48,0.42,0.00,0.42,3017.17,2.00,0.00,0.00,3014.57,3013.37,3013.64,3014.38,3013.24,-0.275,1.02,47.00,68.93,68.93,1.21,0.98,0.23,3012.68,3018.18,238,240,85.7,0.0,7,1,CROSS=EMA9>EMA21;TREND=1;STRUCT=1;VOL=1;COOL=1;EMA50=1;VWAP=1;BIAS=1,1.99,-0.11,23935.54,24173.68,stop trailed to TP1
522,2025.03.25 08:23:37,2025.03.25 10:53:37,TP2_REACHED,XAUUSD,M5,188,BUY,FULLTGT,DAY,0,3014.34,3011.51,3017.17,2.83,1.00,2.83,3017.17,3020.00,3022.83,3025.65,3028.48,0.42,0.00,0.42,3020.00,2.00,2.00,0.00,3014.57,3013.37,3013.64,3014.38,3013.24,-0.275,1.02,47.00,68.93,68.93,1.21,0.98,0.23,3012.68,3018.18,238,240,85.7,0.0,7,1,CROSS=EMA9>EMA21;TREND=1;STRUCT=1;VOL=1;COOL=1;EMA50=1;VWAP=1;BIAS=1,1.99,-0.11,23935.54,24173.68,full target: no partial booked
523,2025.03.25 08:52:25,2025.03.25 11:22:25,EXIT_TRAIL_SL,XAUUSD,M5,188,BUY,FULLTGT,DAY,0,3014.34,3011.51,3017.17,2.83,1.00,2.83,3017.17,3020.00,3022.83,3025.65,3028.48,0.42,0.42,0.00,3017.17,0.00,1.00,115.92,3015.70,3014.14,3014.03,3015.58,3014.05,0.090,1.28,39.45,58.84,58.84,1.30,1.33,-0.03,3013.23,3017.97,266,253,71.4,28.6,7,1,CROSS=EMA9>EMA21;TREND=1;STRUCT=1;VOL=1;COOL=1;EMA50=1;VWAP=1;BIAS=1,2.37,-0.11,24052.93,24052.93,stopped at a trailed level
524,2025.03.25 21:25:00,2025.03.25 23:55:00,SKIP,XAUUSD,M5,188,FLAT,NA,EVENING,0,0.00,0.00,0.00,0.00,1.00,0.00,0.00,0.00,0.00,0.00,0.00,0.00,0.00,0.00,0.00,0.00,0.00,0.00,3022.74,3022.80,3021.31,3022.90,3022.88,1.007,1.48,26.97,37.15,37.15,-0.75,-0.62,-0.13,3020.16,3019.57,414,348,0.0,100.0,11,1,CROSS=EMA9>EMA21;TREND=1;STRUCT=1;VOL=1;COOL=1;EMA50=1;VWAP=1;BIAS=1,0.00,0.00,24052.93,24052.93,outside the killzone window
525,2025.03.26 01:00:00,2025.03.26 03:30:00,DAY_SUMMARY,XAUUSD,M5,188,FLAT,NA,DAY,0,0.00,0.00,0.00,0.00,1.00,0.00,0.00,0.00,0.00,0.00,0.00,0.00,0.00,0.00,0.00,0.00,-0.00,-5.08,3020.39,3021.10,3020.76,3020.42,3021.13,0.473,0.73,19.02,47.60,47.60,-0.02,-0.08,0.06,3020.10,3019.81,86,180,14.3,57.1,11,1,CROSS=EMA9>EMA21;TREND=1;STRUCT=1;VOL=1;COOL=1;EMA50=1;VWAP=1;BIAS=1,0.00,0.00,24052.93,24052.93,2025.03.25 trades=2 W=1 L=1 gross_profit=115.92 gross_loss=121.00 net=-5.08 PF=0.96
526,2025.03.26 05:10:00,2025.03.26 07:40:00,SKIP,XAUUSD,M5,188,FLAT,NA,DAY,0,0.00,0.00,0.00,0.00,1.00,0.00,0.00,0.00,0.00,0.00,0.00,0.00,0.00,0.00,0.00,0.00,0.00,0.00,3020.96,3020.95,3020.81,3020.76,3020.85,0.078,1.81,40.07,70.53,70.53,1.11,0.17,0.94,3020.53,3024.88,442,427,100.0,0.0,7,1,CROSS=EMA9>EMA21;TREND=1;STRUCT=1;VOL=1;COOL=1;EMA50=1;VWAP=1;BIAS=1,0.00,0.00,24052.93,24052.93,already positioned that way
527,2025.03.26 06:50:00,2025.03.26 09:20:00,ENTRY,XAUUSD,M5,190,SELL,FULLTGT,DAY,0,3017.54,3020.78,3020.78,3.24,1.00,3.24,3014.30,3011.07,3007.83,3004.59,3001.35,0.37,0.37,0.37,3017.54,0.00,0.00,0.00,3021.31,3021.32,3021.09,3021.50,3021.42,0.142,1.62,54.56,33.72,33.72,-1.12,-0.33,-0.79,3021.25,3017.50,361,382,0.0,85.7,9,1,CROSS=EMA9<EMA21;TREND=1;STRUCT=1;VOL=1;COOL=1;EMA50=1;VWAP=1;BIAS=1,0.00,0.00,24051.63,24048.30,KZ=ASIA; KZR=NY L @ 3004.19 404 bars ago (low taken); DAY 12AM-4PM IST session: stop x1.00 of usual; no partials; full size to TP5; SL steps BE->TP1->TP2->TP3
528,2025.03.26 08:07:53,2025.03.26 10:37:53,SL_MOVE,XAUUSD,M5,190,SELL,FULLTGT,DAY,0,3017.54,3020.78,3017.54,3.24,1.00,3.24,3014.30,3011.07,3007.83,3004.59,3001.35,0.37,0.00,0.37,3017.54,1.00,0.00,0.00,3018.45,3019.65,3020.22,3018.59,3019.75,-0.618,0.93,55.77,36.67,36.67,-1.52,-1.62,0.10,3020.42,3015.64,233,294,14.3,71.4,12,1,CROSS=EMA9<EMA21;TREND=1;STRUCT=1;VOL=1;COOL=1;EMA50=1;VWAP=1;BIAS=1,1.01,-0.15,24051.63,24171.51,stop to breakeven
529,2025.03.26 08:07:53,2025.03.26 10:37:53,TP1_REACHED,XAUUSD,M5,190,SELL,FULLTGT,DAY,0,3017.54,3020.78,3017.54,3.24,1.00,3.24,3014.30,3011.07,3007.83,3004.59,3001.35,0.37,0.00,0.37,3014.30,1.00,1.00,0.00,3018.45,3019.65,3020.22,3018.59,3019.75,-0.618,0.93,55.77,36.67,36.67,-1.52,-1.62,0.10,3020.42,3015.64,233,294,14.3,71.4,12,1,CROSS=EMA9<EMA21;TREND=1;STRUCT=1;VOL=1;COOL=1;EMA50=1;VWAP=1;BIAS=1,1.01,-0.15,24051.63,24171.51,full target: no partial booked
530,2025.03.26 08:33:35,2025.03.26 11:03:35,EXIT_BE,XAUUSD,M5,190,SELL,FULLTGT,DAY,0,3017.54,3020.78,3017.54,3.24,1.00,3.24,3014.30,3011.07,3007.83,3004.59,3001.35,0.37,0.37,0.00,3017.54,0.00,-0.00,-2.60,3017.75,3019.13,3019.92,3017.84,3019.21,-0.685,1.15,35.61,45.11,45.11,-1.16,-1.48,0.32,3020.13,3016.03,258,255,28.6,71.4,12,1,CROSS=EMA9<EMA21;TREND=1;STRUCT=1;VOL=1;COOL=1;EMA50=1;VWAP=1;BIAS=1,1.34,-0.15,24050.33,24050.33,stopped at breakeven
531,2025.03.26 09:35:00,2025.03.26 12:05:00,ENTRY,XAUUSD,M5,192,BUY,FULLTGT,DAY,0,3025.36,3022.00,3022.00,3.36,1.00,3.36,3028.72,3032.07,3035.43,3038.78,3042.14,0.35,0.35,0.35,3025.36,0.00,0.00,0.00,3020.16,3020.08,3020.30,3019.89,3019.95,-0.129,1.68,62.65,72.90,72.90,2.02,1.35,0.67,3020.60,3025.29,404,420,85.7,0.0,7,1,CROSS=EMA9>EMA21;TREND=1;STRUCT=1;VOL=1;COOL=1;EMA50=1;VWAP=1;BIAS=1,0.00,0.00,24049.10,24046.65,KZ=LONDON; KZR=NY L @ 3004.19 437 bars ago (low taken); DAY 12AM-4PM IST session: stop x1.00 of usual; no partials; full size to TP5; SL steps BE->TP1->TP2->TP3
532,2025.03.26 10:35:38,2025.03.26 13:05:38,SL_MOVE,XAUUSD,M5,192,BUY,FULLTGT,DAY,0,3025.36,3022.00,3025.36,3.36,1.00,3.36,3028.72,3032.07,3035.43,3038.78,3042.14,0.35,0.00,0.35,3025.36,1.00,0.00,0.00,3022.84,3021.63,3021.09,3022.57,3021.46,0.421,1.26,42.93,74.46,74.46,1.89,1.97,-0.08,3021.36,3028.10,437,479,71.4,14.3,12,1,CROSS=EMA9>EMA21;TREND=1;STRUCT=1;VOL=1;COOL=1;EMA50=1;VWAP=1;BIAS=1,0.99,-0.36,24049.10,24167.40,stop to breakeven
533,2025.03.26 10:35:38,2025.03.26 13:05:38,TP1_REACHED,XAUUSD,M5,192,BUY,FULLTGT,DAY,0,3025.36,3022.00,3025.36,3.36,1.00,3.36,3028.72,3032.07,3035.43,3038.78,3042.14,0.35,0.00,0.35,3028.72,1.00,1.00,0.00,3022.84,3021.63,3021.09,3022.57,3021.46,0.421,1.26,42.93,74.46,74.46,1.89,1.97,-0.08,3021.36,3028.10,437,479,71.4,14.3,12,1,CROSS=EMA9>EMA21;TREND=1;STRUCT=1;VOL=1;COOL=1;EMA50=1;VWAP=1;BIAS=1,0.99,-0.36,24049.10,24167.40,full target: no partial booked
534,2025.03.26 11:50:15,2025.03.26 14:20:15,EXIT_BE,XAUUSD,M5,192,BUY,FULLTGT,DAY,0,3025.36,3022.00,3025.36,3.36,1.00,3.36,3028.72,3032.07,3035.43,3038.78,3042.14,0.35,0.35,0.00,3025.35,0.00,-0.00,-2.81,3025.69,3023.73,3022.35,3025.69,3023.68,0.984,1.41,37.22,45.07,45.07,0.69,1.53,-0.84,3022.45,3025.72,288,422,42.9,42.9,5,1,CROSS=EMA9>EMA21;TREND=1;STRUCT=1;VOL=1;COOL=1;EMA50=1;VWAP=1;BIAS=1,1.97,-0.36,24047.52,24047.52,stopped at breakeven
535,2025.03.26 13:15:00,2025.03.26 15:45:00,ENTRY,XAUUSD,M5,194,SELL,FULLTGT,DAY,0,3018.50,3021.97,3021.97,3.47,1.00,3.47,3015.03,3011.57,3008.10,3004.64,3001.17,0.34,0.34,0.34,3018.50,0.00,0.00,0.00,3022.47,3022.53,3021.97,3022.68,3022.64,0.326,1.73,64.88,29.82,29.82,-1.90,-1.87,-0.04,3022.17,3018.52,423,406,14.3,85.7,5,1,CROSS=EMA9<EMA21;TREND=1;STRUCT=1;VOL=1;COOL=1;EMA50=1;VWAP=1;BIAS=1,0.00,0.00,24046.33,24044.63,KZ=NY; KZR=NY L @ 3004.19 481 bars ago (low taken); DAY 12AM-4PM IST session: stop x1.00 of usual; no partials; full size to TP5; SL steps BE->TP1->TP2->TP3
536,2025.03.26 13:20:36,2025.03.26 15:50:36,EXIT_SL,XAUUSD,M5,194,SELL,FULLTGT,DAY,0,3018.50,3021.97,3021.97,3.47,1.00,3.47,3015.03,3011.57,3008.10,3004.64,3001.17,0.34,0.34,0.00,3021.98,0.00,-1.00,-120.70,3022.40,3022.50,3021.96,3022.47,3022.53,0.301,1.79,58.12,46.09,46.09,-1.67,-1.87,0.20,3022.16,3021.00,300,405,14.3,71.4,5,1,CROSS=EMA9<EMA21;TREND=1;STRUCT=1;VOL=1;COOL=1;EMA50=1;VWAP=1;BIAS=1,0.00,-0.99,23926.82,23926.82,stopped at the initial SL (x1.00 of usual)
537,2025.03.26 14:05:00,2025.03.26 16:35:00,ENTRY,XAUUSD,M5,196,BUY,FULLTGT,EVENING,0,3023.97,3020.39,3020.39,3.58,1.00,3.58,3027.55,3031.13,3034.71,3038.30,3041.88,0.33,0.33,0.33,3023.97,0.00,0.00,0.00,3022.59,3022.58,3022.06,3022.53,3022.55,0.291,1.79,24.40,56.75,56.75,0.05,-0.56,0.61,3022.21,3023.89,293,446,71.4,0.0,8,1,CROSS=EMA9>EMA21;TREND=1;STRUCT=1;VOL=1;COOL=1;EMA50=1;VWAP=1;BIAS=1,0.00,0.00,23925.66,23923.02,KZ=NY; KZR=NY L @ 3004.19 491 bars ago (low taken); EVENING 4PM-12AM IST session: stop x1.00 of usual; no partials; full size to TP5; SL steps BE->TP1->TP2->TP3
538,2025.03.26 14:22:29,2025.03.26 16:52:29,SL_MOVE,XAUUSD,M5,196,BUY,FULLTGT,EVENING,0,3023.97,3020.39,3023.97,3.58,1.00,3.58,3027.55,3031.13,3034.71,3038.30,3041.88,0.33,0.00,0.33,3023.97,1.00,0.00,0.00,3023.07,3022.82,3022.20,3022.87,3022.72,0.371,1.68,30.77,66.13,66.13,0.74,-0.04,0.78,3022.30,3026.84,470,445,100.0,0.0,6,1,CROSS=EMA9>EMA21;TREND=1;STRUCT=1;VOL=1;COOL=1;EMA50=1;VWAP=1;BIAS=1,1.00,-0.02,23925.66,24045.12,stop to breakeven
539,2025.03.26 14:22:29,2025.03.26 16:52:29,TP1_REACHED,XAUUSD,M5,196,BUY,FULLTGT,EVENING,0,3023.97,3020.39,3023.97,3.58,1.00,3.58,3027.55,3031.13,3034.71,3038.30,3041.88,0.33,0.00,0.33,3027.55,1.00,1.00,0.00,3023.07,3022.82,3022.20,3022.87,3022.72,0.371,1.68,30.77,66.13,66.13,0.74,-0.04,0.78,3022.30,3026.84,470,445,100.0,0.0,6,1,CROSS=EMA9>EMA21;TREND=1;STRUCT=1;VOL=1;COOL=1;EMA50=1;VWAP=1;BIAS=1,1.00,-0.02,23925.66,24045.12,full target: no partial booked
540,2025.03.26 16:10:41,2025.03.26 18:40:41,EXIT_BE,XAUUSD,M5,196,BUY,FULLTGT,EVENING,0,3023.97,3020.39,3023.97,3.58,1.00,3.58,3027.55,3031.13,3034.71,3038.30,3041.88,0.33,0.33,0.00,3023.96,0.00,-0.00,-2.65,3025.92,3024.78,3023.48,3025.97,3024.78,0.602,2.17,25.51,43.40,43.40,0.33,0.79,-0.46,3023.24,3024.80,758,577,28.6,71.4,5,1,CROSS=EMA9>EMA21;TREND=1;STRUCT=1;VOL=1;COOL=1;EMA50=1;VWAP=1;BIAS=1,1.78,-0.02,23924.17,23924.17,stopped at breakeven
541,2025.03.26 17:05:00,2025.03.26 19:35:00,SKIP,XAUUSD,M5,196,FLAT,NA,EVENING,0,0.00,0.00,0.00,0.00,1.00,0.00,0.00,0.00,0.00,0.00,0.00,0.00,0.00,0.00,0.00,0.00,0.00,0.00,3023.78,3023.89,3023.18,3024.18,3024.09,0.263,2.70,48.21,28.06,28.06,-2.17,-1.07,-1.10,3023.00,3016.03,966,719,0.0,100.0,5,1,CROSS=EMA9>EMA21;TREND=1;STRUCT=1;VOL=1;COOL=1;EMA50=1;VWAP=1;BIAS=1,0.00,0.00,23924.17,23924.17,outside the killzone window
542,2025.03.27 01:00:00,2025.03.27 03:30:00,DAY_SUMMARY,XAUUSD,M5,196,FLAT,NA,DAY,0,0.00,0.00,0.00,0.00,1.00,0.00,0.00,0.00,0.00,0.00,0.00,0.00,0.00,0.00,0.00,0.00,-1.01,-128.76,3018.69,3018.98,3019.88,3018.68,3018.98,-0.780,1.16,36.09,50.01,50.01,0.44,0.43,0.02,3020.96,3018.85,223,387,57.1,28.6,50,1,CROSS=EMA9>EMA21;TREND=1;STRUCT=1;VOL=1;COOL=1;EMA50=1;VWAP=1;BIAS=1,0.00,0.00,23924.17,23924.17,2025.03.26 trades=4 W=0 L=4 gross_profit=0.00 gross_loss=128.76 net=-128.76 PF=0.00
543,2025.03.27 02:30:00,2025.03.27 05:00:00,SKIP,XAUUSD,M5,196,FLAT,NA,DAY,0,0.00,0.00,0.00,0.00,1.00,0.00,0.00,0.00,0.00,0.00,0.00,0.00,0.00,0.00,0.00,0.00,0.00,0.00,3019.17,3019.17,3019.80,3019.10,3019.13,-0.542,1.17,42.35,57.90,57.90,0.17,0.15,0.02,3019.41,3020.67,444,295,100.0,0.0,25,1,CROSS=EMA9>EMA21;TREND=1;STRUCT=1;VOL=1;COOL=1;EMA50=1;VWAP=1;BIAS=1,0.00,0.00,23924.17,23924.17,already positioned that way
544,2025.03.31 01:00:00,2025.03.31 03:30:00,WEEK_SUMMARY,XAUUSD,M5,196,FLAT,NA,DAY,0,0.00,0.00,0.00,0.00,1.00,0.00,0.00,0.00,0.00,0.00,0.00,0.00,0.00,0.00,0.00,0.00,-1.01,-136.65,3081.59,3080.46,3077.87,3081.45,3080.37,1.669,1.56,44.56,59.08,59.08,1.06,0.87,0.19,3075.09,3084.20,78,301,85.7,0.0,12,1,CROSS=EMA9>EMA21;TREND=1;STRUCT=1;VOL=1;COOL=1;EMA50=1;VWAP=1;BIAS=1,0.00,0.00,23924.17,23924.17,days=3 trades=7 W=1 L=6 gross_profit=115.92 gross_loss=252.57 net=-136.65 PF=0.46 pips=-388.0
545,2025.03.31 17:25:00,2025.03.31 19:55:00,SKIP,XAUUSD,M5,196,FLAT,NA,EVENING,0,0.00,0.00,0.00,0.00,1.00,0.00,0.00,0.00,0.00,0.00,0.00,0.00,0.00,0.00,0.00,0.00,0.00,0.00,3116.39,3116.44,3111.56,3116.61,3116.55,1.102,4.43,17.40,43.27,43.27,-1.84,-2.41,0.57,3111.17,3111.99,1072,1122,28.6,42.9,4,1,CROSS=EMA9>EMA21;TREND=1;STRUCT=1;VOL=1;COOL=1;EMA50=1;VWAP=1;BIAS=1,0.00,0.00,23924.17,23924.17,outside the killzone window
546,2025.03.31 17:40:00,2025.03.31 20:10:00,SKIP,XAUUSD,M5,196,FLAT,NA,EVENING,0,0.00,0.00,0.00,0.00,1.00,0.00,0.00,0.00,0.00,0.00,0.00,0.00,0.00,0.00,0.00,0.00,0.00,0.00,3116.49,3116.48,3111.76,3116.31,3116.39,0.976,4.84,16.88,57.39,57.39,-0.69,-1.89,1.19,3111.31,3119.92,1134,1155,71.4,0.0,5,1,CROSS=EMA9>EMA21;TREND=1;STRUCT=1;VOL=1;COOL=1;EMA50=1;VWAP=1;BIAS=1,0.00,0.00,23924.17,23924.17,outside the killzone window
547,2025.04.01 01:00:00,2025.04.01 03:30:00,MONTH_SUMMARY,XAUUSD,M5,196,FLAT,NA,DAY,0,0.00,0.00,0.00,0.00,1.00,0.00,0.00,0.00,0.00,0.00,0.00,0.00,0.00,0.00,0.00,0.00,-7.81,-1049.57,3122.24,3120.72,3117.39,3122.16,3120.64,3.681,0.91,18.78,56.74,56.74,0.72,0.81,-0.09,3113.51,3123.96,127,225,57.1,14.3,16,1,CROSS=EMA9>EMA21;TREND=1;STRUCT=1;VOL=1;COOL=1;EMA50=1;VWAP=1;BIAS=1,0.00,0.00,23924.17,23924.17,days=15 trades=43 W=8 L=35 gross_profit=1426.93 gross_loss=2476.50 net=-1049.57 PF=0.58 pips=-2469.0
548,2025.04.01 10:45:00,2025.04.01 13:15:00,ENTRY,XAUUSD,M5,198,SELL,FULLTGT,DAY,0,3126.19,3132.10,3132.10,5.91,1.00,5.91,3120.28,3114.38,3108.47,3102.56,3096.65,0.20,0.20,0.20,3126.19,0.00,0.00,0.00,3135.94,3136.00,3131.93,3136.44,3136.25,1.379,2.95,24.60,29.58,29.58,-2.68,-2.10,-0.58,3135.49,3126.18,898,873,0.0,85.7,5,1,CROSS=EMA9<EMA21;TREND=1;STRUCT=1;VOL=1;COOL=1;EMA50=1;VWAP=1;BIAS=1,0.00,0.00,23923.47,23922.47,KZ=LONDON; KZR=Asia H @ 3147.37 42 bars ago (high taken); DAY 12AM-4PM IST session: stop x1.00 of usual; no partials; full size to TP5; SL steps BE->TP1->TP2->TP3
549,2025.04.01 11:06:28,2025.04.01 13:36:28,EXIT_SL,XAUUSD,M5,198,SELL,FULLTGT,DAY,0,3126.19,3132.10,3132.10,5.91,1.00,5.91,3120.28,3114.38,3108.47,3102.56,3096.65,0.20,0.20,0.00,3132.12,0.00,-1.00,-120.00,3134.40,3135.18,3131.70,3134.62,3135.31,1.167,2.98,30.05,43.40,43.40,-2.84,-2.52,-0.32,3134.99,3130.01,909,847,14.3,85.7,8,1,CROSS=EMA9<EMA21;TREND=1;STRUCT=1;VOL=1;COOL=1;EMA50=1;VWAP=1;BIAS=1,0.34,-1.00,23804.17,23804.17,stopped at the initial SL (x1.00 of usual)
550,2025.04.02 01:00:00,2025.04.02 03:30:00,DAY_SUMMARY,XAUUSD,M5,198,FLAT,NA,DAY,0,0.00,0.00,0.00,0.00,1.00,0.00,0.00,0.00,0.00,0.00,0.00,0.00,0.00,0.00,0.00,0.00,-1.00,-120.00,3116.72,3118.54,3122.29,3116.85,3118.65,-2.897,1.29,41.63,37.09,37.09,0.15,0.81,-0.66,3128.82,3114.12,186,244,0.0,85.7,16,1,CROSS=EMA9<EMA21;TREND=1;STRUCT=1;VOL=1;COOL=1;EMA50=1;VWAP=1;BIAS=1,0.00,0.00,23804.17,23804.17,2025.04.01 trades=1 W=0 L=1 gross_profit=0.00 gross_loss=120.00 net=-120.00 PF=0.00
551,2025.04.02 04:10:00,2025.04.02 06:40:00,ENTRY,XAUUSD,M5,200,BUY,FULLTGT,DAY,0,3128.63,3123.39,3123.39,5.24,1.00,5.24,3133.87,3139.11,3144.35,3149.60,3154.84,0.22,0.22,0.22,3128.63,0.00,0.00,0.00,3117.61,3117.38,3119.95,3117.05,3117.10,-0.979,2.62,44.94,75.58,75.58,2.87,2.03,0.83,3117.00,3128.52,766,341,100.0,0.0,13,1,CROSS=EMA9>EMA21;TREND=1;STRUCT=1;VOL=1;COOL=1;EMA50=1;VWAP=1;BIAS=1,0.00,0.00,23803.40,23800.54,KZ=ASIA; KZR=London H @ 3138.27 177 bars ago (high taken); DAY 12AM-4PM IST session: stop x1.00 of usual; no partials; full size to TP5; SL steps BE->TP1->TP2->TP3
552,2025.04.02 04:20:38,2025.04.02 06:50:38,SL_MOVE,XAUUSD,M5,200,BUY,FULLTGT,DAY,0,3128.63,3123.39,3128.63,5.24,1.00,5.24,3133.87,3139.11,3144.35,3149.60,3154.84,0.22,0.00,0.22,3128.63,1.00,0.00,0.00,3119.03,3118.12,3120.26,3118.34,3117.75,-0.764,2.80,52.25,79.89,79.89,4.00,2.58,1.42,3118.80,3132.64,638,393,100.0,0.0,13,1,CROSS=EMA9>EMA21;TREND=1;STRUCT=1;VOL=1;COOL=1;EMA50=1;VWAP=1;BIAS=1,1.00,-0.04,23803.40,23919.34,stop to breakeven
553,2025.04.02 04:20:38,2025.04.02 06:50:38,TP1_REACHED,XAUUSD,M5,200,BUY,FULLTGT,DAY,0,3128.63,3123.39,3128.63,5.24,1.00,5.24,3133.87,3139.11,3144.35,3149.60,3154.84,0.22,0.00,0.22,3133.87,1.00,1.00,0.00,3119.03,3118.12,3120.26,3118.34,3117.75,-0.764,2.80,52.25,79.89,79.89,4.00,2.58,1.42,3118.80,3132.64,638,393,100.0,0.0,13,1,CROSS=EMA9>EMA21;TREND=1;STRUCT=1;VOL=1;COOL=1;EMA50=1;VWAP=1;BIAS=1,1.00,-0.04,23803.40,23919.34,full target: no partial booked
554,2025.04.02 05:59:38,2025.04.02 08:29:38,EXIT_BE,XAUUSD,M5,200,BUY,FULLTGT,DAY,0,3128.63,3123.39,3128.63,5.24,1.00,5.24,3133.87,3139.11,3144.35,3149.60,3154.84,0.22,0.22,0.00,3128.60,0.00,-0.01,-2.20,3126.99,3123.39,3122.76,3126.76,3123.18,0.306,2.07,24.94,59.52,59.52,2.11,3.00,-0.89,3124.64,3131.51,321,477,57.1,14.3,13,1,CROSS=EMA9>EMA21;TREND=1;STRUCT=1;VOL=1;COOL=1;EMA50=1;VWAP=1;BIAS=1,1.34,-0.04,23801.97,23801.97,stopped at breakeven
555,2025.04.02 08:20:00,2025.04.02 10:50:00,ENTRY,XAUUSD,M5,202,SELL,FULLTGT,DAY,0,3116.45,3120.69,3120.69,4.24,1.00,4.24,3112.21,3107.98,3103.74,3099.51,3095.27,0.28,0.28,0.28,3116.45,0.00,0.00,0.00,3123.25,3123.25,3123.03,3123.60,3123.43,0.106,2.12,79.02,29.98,29.98,-3.28,-2.74,-0.54,3124.37,3116.42,403,291,0.0,100.0,8,1,CROSS=EMA9<EMA21;TREND=1;STRUCT=1;VOL=1;COOL=1;EMA50=1;VWAP=1;BIAS=1,0.00,0.00,23800.99,23798.75,KZ=LONDON; KZR=London H @ 3138.27 227 bars ago (high taken); DAY 12AM-4PM IST session: stop x1.00 of usual; no partials; full size to TP5; SL steps BE->TP1->TP2->TP3
556,2025.04.02 08:33:16,2025.04.02 11:03:16,SL_MOVE,XAUUSD,M5,202,SELL,FULLTGT,DAY,0,3116.45,3120.69,3116.45,4.24,1.00,4.24,3112.21,3107.98,3103.74,3099.51,3095.27,0.28,0.00,0.28,3116.45,1.00,0.00,0.00,3122.41,3122.82,3122.82,3122.90,3123.08,0.003,2.33,76.26,23.52,23.52,-3.43,-3.07,-0.37,3124.14,3112.78,406,303,0.0,100.0,13,1,CROSS=EMA9<EMA21;TREND=1;STRUCT=1;VOL=1;COOL=1;EMA50=1;VWAP=1;BIAS=1,0.99,-0.05,23800.99,23919.71,stop to breakeven
557,2025.04.02 08:33:16,2025.04.02 11:03:16,TP1_REACHED,XAUUSD,M5,202,SELL,FULLTGT,DAY,0,3116.45,3120.69,3116.45,4.24,1.00,4.24,3112.21,3107.98,3103.74,3099.51,3095.27,0.28,0.00,0.28,3112.21,1.00,1.00,0.00,3122.41,3122.82,3122.82,3122.90,3123.08,0.003,2.33,76.26,23.52,23.52,-3.43,-3.07,-0.37,3124.14,3112.78,406,303,0.0,100.0,13,1,CROSS=EMA9<EMA21;TREND=1;STRUCT=1;VOL=1;COOL=1;EMA50=1;VWAP=1;BIAS=1,0.99,-0.05,23800.99,23919.71,full target: no partial booked
558,2025.04.02 08:38:38,2025.04.02 11:08:38,EXIT_BE,XAUUSD,M5,202,SELL,FULLTGT,DAY,0,3116.45,3120.69,3116.45,4.24,1.00,4.24,3112.21,3107.98,3103.74,3099.51,3095.27,0.28,0.28,0.00,3116.45,0.00,-0.00,-1.96,3121.96,3122.58,3122.70,3122.41,3122.82,-0.039,2.81,76.20,25.24,25.24,-3.52,-3.20,-0.33,3123.77,3113.14,997,341,14.3,85.7,13,1,CROSS=EMA9<EMA21;TREND=1;STRUCT=1;VOL=1;COOL=1;EMA50=1;VWAP=1;BIAS=1,1.83,-0.05,23800.01,23800.01,stopped at breakeven
559,2025.04.02 11:35:00,2025.04.02 14:05:00,ENTRY,XAUUSD,M5,204,BUY,FULLTGT,DAY,0,3132.57,3127.25,3127.25,5.32,1.00,5.32,3137.89,3143.21,3148.53,3153.86,3159.18,0.22,0.22,0.22,3132.57,0.00,0.00,0.00,3121.53,3121.29,3121.68,3120.97,3121.01,-0.148,2.66,50.05,75.30,75.30,3.08,1.94,1.14,3122.06,3132.47,862,570,100.0,0.0,9,1,CROSS=EMA9>EMA21;TREND=1;STRUCT=1;VOL=1;COOL=1;EMA50=1;VWAP=1;BIAS=1,0.00,0.00,23799.24,23797.26,KZ=LONDON; KZR=London H @ 3138.27 266 bars ago (high taken); DAY 12AM-4PM IST session: stop x1.00 of usual; no partials; full size to TP5; SL steps BE->TP1->TP2->TP3
560,2025.04.02 12:32:36,2025.04.02 15:02:36,EXIT_SL,XAUUSD,M5,204,BUY,FULLTGT,DAY,0,3132.57,3127.25,3127.25,5.32,1.00,5.32,3137.89,3143.21,3148.53,3153.86,3159.18,0.22,0.22,0.00,3127.24,0.00,-1.00,-118.80,3125.45,3123.59,3122.87,3125.18,3123.41,0.293,2.47,29.72,62.66,62.66,2.48,3.25,-0.77,3122.89,3130.69,432,524,71.4,14.3,11,1,CROSS=EMA9>EMA21;TREND=1;STRUCT=1;VOL=1;COOL=1;EMA50=1;VWAP=1;BIAS=1,0.23,-1.00,23681.21,23681.21,stopped at the initial SL (x1.00 of usual)
561,2025.04.02 14:35:00,2025.04.02 17:05:00,SKIP,XAUUSD,M5,204,FLAT,NA,EVENING,0,0.00,0.00,0.00,0.00,1.00,0.00,0.00,0.00,0.00,0.00,0.00,0.00,0.00,0.00,0.00,0.00,0.00,0.00,3123.51,3123.51,3123.12,3123.54,3123.52,0.113,3.50,28.95,50.05,50.05,-1.75,-2.59,0.84,3122.84,3122.94,421,483,57.1,28.6,5,1,CROSS=EMA9<EMA21;TREND=1;STRUCT=1;VOL=1;COOL=1;EMA50=1;VWAP=0;BIAS=1,0.00,0.00,23681.21,23681.21,quality filter
562,2025.04.02 16:25:00,2025.04.02 18:55:00,SKIP,XAUUSD,M5,204,FLAT,NA,EVENING,0,0.00,0.00,0.00,0.00,1.00,0.00,0.00,0.00,0.00,0.00,0.00,0.00,0.00,0.00,0.00,0.00,0.00,0.00,3123.31,3123.29,3123.06,3123.20,3123.23,0.078,2.97,19.09,55.80,55.80,0.66,0.36,0.30,3122.85,3125.53,786,647,85.7,0.0,5,1,CROSS=EMA9>EMA21;TREND=1;STRUCT=1;VOL=1;COOL=1;EMA50=1;VWAP=1;BIAS=1,0.00,0.00,23681.21,23681.21,already positioned that way
563,2025.04.02 21:35:00,2025.04.03 00:05:00,SKIP,XAUUSD,M5,204,FLAT,NA,DAY,0,0.00,0.00,0.00,0.00,1.00,0.00,0.00,0.00,0.00,0.00,0.00,0.00,0.00,0.00,0.00,0.00,0.00,0.00,3125.28,3125.37,3124.69,3125.56,3125.51,0.295,2.28,25.44,36.07,36.07,-1.89,-1.42,-0.46,3123.90,3119.72,632,648,0.0,85.7,8,1,CROSS=EMA9>EMA21;TREND=1;STRUCT=1;VOL=1;COOL=1;EMA50=1;VWAP=1;BIAS=1,0.00,0.00,23681.21,23681.21,outside the killzone window
564,2025.04.02 23:35:00,2025.04.03 02:05:00,SKIP,XAUUSD,M5,204,FLAT,NA,DAY,0,0.00,0.00,0.00,0.00,1.00,0.00,0.00,0.00,0.00,0.00,0.00,0.00,0.00,0.00,0.00,0.00,0.00,0.00,3125.16,3125.14,3124.71,3124.65,3124.89,0.063,6.86,23.07,68.23,68.23,0.99,-0.01,1.01,3123.99,3134.94,1264,534,85.7,0.0,11,1,CROSS=EMA9>EMA21;TREND=1;STRUCT=1;VOL=1;COOL=1;EMA50=1;VWAP=1;BIAS=1,0.00,0.00,23681.21,23681.21,outside the killzone window
565,2025.04.03 01:00:00,2025.04.03 03:30:00,DAY_SUMMARY,XAUUSD,M5,204,FLAT,NA,DAY,0,0.00,0.00,0.00,0.00,1.00,0.00,0.00,0.00,0.00,0.00,0.00,0.00,0.00,0.00,0.00,0.00,-1.01,-122.96,3126.56,3125.88,3125.12,3126.28,3125.73,0.082,9.40,16.95,60.28,60.28,2.03,0.91,1.12,3124.26,3132.12,627,693,71.4,0.0,16,1,CROSS=EMA9>EMA21;TREND=1;STRUCT=1;VOL=1;COOL=1;EMA50=1;VWAP=1;BIAS=1,0.00,0.00,23681.21,23681.21,2025.04.02 trades=3 W=0 L=3 gross_profit=0.00 gross_loss=122.96 net=-122.96 PF=0.00
566,2025.04.03 08:30:00,2025.04.03 11:00:00,ENTRY,XAUUSD,M5,206,SELL,FULLTGT,DAY,0,3130.58,3136.81,3136.81,6.23,1.00,6.23,3124.35,3118.12,3111.89,3105.65,3099.42,0.19,0.19,0.19,3130.58,0.00,0.00,0.00,3144.18,3144.49,3140.42,3144.88,3144.84,1.306,3.12,59.97,18.75,18.75,-4.19,-2.44,-1.75,3148.95,3130.58,660,434,0.0,100.0,13,1,CROSS=EMA9<EMA21;TREND=1;STRUCT=1;VOL=1;COOL=1;EMA50=1;VWAP=1;BIAS=1,0.00,0.00,23680.54,23678.07,KZ=LONDON; KZR=NY H @ 3137.09 108 bars ago (high taken); DAY 12AM-4PM IST session: stop x1.00 of usual; no partials; full size to TP5; SL steps BE->TP1->TP2->TP3
567,2025.04.03 08:48:42,2025.04.03 11:18:42,SL_MOVE,XAUUSD,M5,206,SELL,FULLTGT,DAY,0,3130.58,3136.81,3130.58,6.23,1.00,6.23,3124.35,3118.12,3111.89,3105.65,3099.42,0.19,0.00,0.19,3130.58,1.00,0.00,0.00,3142.08,3143.38,3140.00,3142.81,3143.77,0.836,4.04,64.07,20.25,20.25,-5.04,-3.59,-1.45,3148.12,3127.86,718,520,0.0,100.0,13,1,CROSS=EMA9<EMA21;TREND=1;STRUCT=1;VOL=1;COOL=1;EMA50=1;VWAP=1;BIAS=1,1.00,-0.58,23680.54,23799.67,stop to breakeven
568,2025.04.03 08:48:42,2025.04.03 11:18:42,TP1_REACHED,XAUUSD,M5,206,SELL,FULLTGT,DAY,0,3130.58,3136.81,3130.58,6.23,1.00,6.23,3124.35,3118.12,3111.89,3105.65,3099.42,0.19,0.00,0.19,3124.35,1.00,1.00,0.00,3142.08,3143.38,3140.00,3142.81,3143.77,0.836,4.04,64.07,20.25,20.25,-5.04,-3.59,-1.45,3148.12,3127.86,718,520,0.0,100.0,13,1,CROSS=EMA9<EMA21;TREND=1;STRUCT=1;VOL=1;COOL=1;EMA50=1;VWAP=1;BIAS=1,1.00,-0.58,23680.54,23799.67,full target: no partial booked
569,2025.04.03 08:53:39,2025.04.03 11:23:39,EXIT_BE,XAUUSD,M5,206,SELL,FULLTGT,DAY,0,3130.58,3136.81,3130.58,6.23,1.00,6.23,3124.35,3118.12,3111.89,3105.65,3099.42,0.19,0.19,0.00,3130.59,0.00,-0.00,-1.53,3141.32,3142.96,3139.84,3142.08,3143.38,0.720,4.34,65.14,19.00,19.00,-5.31,-3.97,-1.34,3147.87,3126.54,778,536,0.0,100.0,8,1,CROSS=EMA9<EMA21;TREND=1;STRUCT=1;VOL=1;COOL=1;EMA50=1;VWAP=1;BIAS=1,1.03,-0.58,23679.68,23679.68,stopped at breakeven
570,2025.04.03 19:15:00,2025.04.03 21:45:00,SKIP,XAUUSD,M5,206,FLAT,NA,EVENING,0,0.00,0.00,0.00,0.00,1.00,0.00,0.00,0.00,0.00,0.00,0.00,0.00,0.00,0.00,0.00,0.00,0.00,0.00,3106.83,3106.79,3113.44,3106.72,3106.74,-1.076,6.18,31.34,49.84,49.84,1.52,3.12,-1.60,3120.91,3108.89,887,1084,28.6,57.1,11,1,CROSS=EMA9<EMA21;TREND=1;STRUCT=1;VOL=1;COOL=1;EMA50=1;VWAP=1;BIAS=1,0.00,0.00,23679.68,23679.68,outside the killzone window
571,2025.04.03 19:25:00,2025.04.03 21:55:00,SKIP,XAUUSD,M5,206,FLAT,NA,EVENING,0,0.00,0.00,0.00,0.00,1.00,0.00,0.00,0.00,0.00,0.00,0.00,0.00,0.00,0.00,0.00,0.00,0.00,0.00,3106.75,3106.75,3113.26,3106.90,3106.83,-1.191,5.47,32.66,44.64,44.64,0.59,2.29,-1.70,3120.81,3103.78,751,1038,0.0,85.7,12,1,CROSS=EMA9<EMA21;TREND=1;STRUCT=1;VOL=1;COOL=1;EMA50=1;VWAP=1;BIAS=1,0.00,0.00,23679.68,23679.68,outside the killzone window
572,2025.04.03 19:30:00,2025.04.03 22:00:00,SKIP,XAUUSD,M5,206,FLAT,NA,EVENING,0,0.00,0.00,0.00,0.00,1.00,0.00,0.00,0.00,0.00,0.00,0.00,0.00,0.00,0.00,0.00,0.00,0.00,0.00,3106.84,3106.80,3113.20,3106.75,3106.75,-1.187,5.40,34.61,49.96,49.96,0.49,1.90,-1.42,3120.74,3108.58,861,1019,28.6,57.1,8,1,CROSS=EMA9<EMA21;TREND=1;STRUCT=1;VOL=1;COOL=1;EMA50=1;VWAP=1;BIAS=1,0.00,0.00,23679.68,23679.68,outside the killzone window
573,2025.04.03 20:20:00,2025.04.03 22:50:00,SKIP,XAUUSD,M5,206,FLAT,NA,EVENING,0,0.00,0.00,0.00,0.00,1.00,0.00,0.00,0.00,0.00,0.00,0.00,0.00,0.00,0.00,0.00,0.00,0.00,0.00,3106.69,3106.75,3112.43,3106.85,3106.84,-1.664,3.41,35.91,43.00,43.00,-1.01,-0.15,-0.86,3120.28,3103.44,685,770,0.0,85.7,12,1,CROSS=EMA9<EMA21;TREND=1;STRUCT=1;VOL=1;COOL=1;EMA50=1;VWAP=1;BIAS=1,0.00,0.00,23679.68,23679.68,outside the killzone window
574,2025.04.03 22:05:00,2025.04.04 00:35:00,SKIP,XAUUSD,M5,206,FLAT,NA,DAY,0,0.00,0.00,0.00,0.00,1.00,0.00,0.00,0.00,0.00,0.00,0.00,0.00,0.00,0.00,0.00,0.00,0.00,0.00,3106.86,3106.74,3111.09,3106.57,3106.60,-1.846,2.36,30.47,61.62,61.62,0.72,-0.24,0.96,3119.55,3112.40,383,505,71.4,14.3,9,1,CROSS=EMA9<EMA21;TREND=1;STRUCT=1;VOL=1;COOL=1;EMA50=1;VWAP=1;BIAS=1,0.00,0.00,23679.68,23679.68,outside the killzone window
575,2025.04.04 01:00:00,2025.04.04 03:30:00,DAY_SUMMARY,XAUUSD,M5,206,FLAT,NA,DAY,0,0.00,0.00,0.00,0.00,1.00,0.00,0.00,0.00,0.00,0.00,0.00,0.00,0.00,0.00,0.00,0.00,-0.00,-1.53,3109.17,3108.09,3110.73,3108.92,3107.94,-1.041,2.53,45.18,60.28,60.28,2.01,1.03,0.99,3119.17,3114.19,185,334,71.4,14.3,15,1,CROSS=EMA9<EMA21;TREND=1;STRUCT=1;VOL=1;COOL=1;EMA50=1;VWAP=1;BIAS=1,0.00,0.00,23679.68,23679.68,2025.04.03 trades=1 W=0 L=1 gross_profit=0.00 gross_loss=1.53 net=-1.53 PF=0.00
576,2025.04.04 05:40:00,2025.04.04 08:10:00,SKIP,XAUUSD,M5,206,FLAT,NA,DAY,0,0.00,0.00,0.00,0.00,1.00,0.00,0.00,0.00,0.00,0.00,0.00,0.00,0.00,0.00,0.00,0.00,0.00,0.00,3110.12,3110.38,3111.16,3111.02,3110.83,-0.210,3.74,33.56,18.87,18.87,-2.64,-0.82,-1.82,3111.02,3092.50,952,492,0.0,100.0,13,1,CROSS=EMA9<EMA21;TREND=1;STRUCT=1;VOL=1;COOL=1;EMA50=1;VWAP=1;BIAS=1,0.00,0.00,23679.68,23679.68,already positioned that way
577,2025.04.04 14:05:00,2025.04.04 16:35:00,ENTRY,XAUUSD,M5,208,BUY,FULLTGT,EVENING,0,3113.11,3100.39,3100.39,12.72,1.00,12.72,3125.83,3138.54,3151.26,3163.98,3176.70,0.09,0.09,0.09,3113.11,0.00,0.00,0.00,3098.89,3098.65,3101.37,3098.17,3098.28,-0.429,6.36,41.28,66.21,66.21,5.43,3.94,1.49,3100.36,3113.01,1087,865,100.0,0.0,10,1,CROSS=EMA9>EMA21;TREND=1;STRUCT=1;VOL=1;COOL=1;EMA50=1;VWAP=1;BIAS=1,0.00,0.00,23679.36,23678.46,KZ=NY; KZR=London L @ 3066.13 269 bars ago (low taken); EVENING 4PM-12AM IST session: stop x1.00 of usual; no partials; full size to TP5; SL steps BE->TP1->TP2->TP3
578,2025.04.04 14:09:27,2025.04.04 16:39:27,SL_MOVE,XAUUSD,M5,208,BUY,FULLTGT,EVENING,0,3113.11,3100.39,3113.11,12.72,1.00,12.72,3125.83,3138.54,3151.26,3163.98,3176.70,0.09,0.00,0.09,3113.11,1.00,0.00,0.00,3098.89,3098.65,3101.37,3098.17,3098.28,-0.429,6.36,41.28,66.21,66.21,5.43,3.94,1.49,3100.36,3113.01,1087,865,100.0,0.0,11,1,CROSS=EMA9>EMA21;TREND=1;STRUCT=1;VOL=1;COOL=1;EMA50=1;VWAP=1;BIAS=1,1.00,-0.07,23679.36,23793.84,stop to breakeven
579,2025.04.04 14:09:27,2025.04.04 16:39:27,TP1_REACHED,XAUUSD,M5,208,BUY,FULLTGT,EVENING,0,3113.11,3100.39,3113.11,12.72,1.00,12.72,3125.83,3138.54,3151.26,3163.98,3176.70,0.09,0.00,0.09,3125.83,1.00,1.00,0.00,3098.89,3098.65,3101.37,3098.17,3098.28,-0.429,6.36,41.28,66.21,66.21,5.43,3.94,1.49,3100.36,3113.01,1087,865,100.0,0.0,11,1,CROSS=EMA9>EMA21;TREND=1;STRUCT=1;VOL=1;COOL=1;EMA50=1;VWAP=1;BIAS=1,1.00,-0.07,23679.36,23793.84,full target: no partial booked
580,2025.04.04 14:40:20,2025.04.04 17:10:20,EXIT_BE,XAUUSD,M5,208,BUY,FULLTGT,EVENING,0,3113.11,3100.39,3113.11,12.72,1.00,12.72,3125.83,3138.54,3151.26,3163.98,3176.70,0.09,0.09,0.00,3113.09,0.00,-0.00,-0.82,3106.95,3103.11,3103.49,3106.53,3102.81,-0.046,8.05,42.53,54.15,54.15,7.81,7.84,-0.03,3102.58,3115.17,1281,1084,71.4,28.6,10,1,CROSS=EMA9>EMA21;TREND=1;STRUCT=1;VOL=1;COOL=1;EMA50=1;VWAP=1;BIAS=1,1.84,-0.07,23678.86,23678.86,stopped at breakeven
581,2025.04.04 15:55:00,2025.04.04 18:25:00,ENTRY,XAUUSD,M5,210,SELL,FULLTGT,EVENING,0,3070.67,3093.01,3093.01,22.34,1.00,22.34,3048.33,3026.00,3003.66,2981.33,2958.99,0.05,0.05,0.05,3070.67,0.00,0.00,0.00,3099.70,3100.38,3102.03,3101.19,3101.13,-0.148,11.17,51.19,31.86,31.86,-7.45,-3.51,-3.94,3101.42,3070.73,1261,1268,0.0,85.7,5,1,CROSS=EMA9<EMA21;TREND=1;STRUCT=1;VOL=1;COOL=1;EMA50=1;VWAP=1;BIAS=1,0.00,0.00,23678.68,23678.43,KZ=NY; KZR=Asia L @ 3076.67 2 bars ago (low taken); EVENING 4PM-12AM IST session: stop x1.00 of usual; no partials; full size to TP5; SL steps BE->TP1->TP2->TP3
582,2025.04.04 17:13:38,2025.04.04 19:43:38,SL_MOVE,XAUUSD,M5,210,SELL,FULLTGT,EVENING,0,3070.67,3093.01,3070.67,22.34,1.00,22.34,3048.33,3026.00,3003.66,2981.33,2958.99,0.05,0.00,0.05,3070.67,1.00,0.00,0.00,3084.21,3091.26,3096.83,3085.95,3092.30,-0.683,8.16,45.64,26.34,26.34,-10.31,-8.17,-2.14,3097.51,3050.22,1341,1271,0.0,100.0,5,1,CROSS=EMA9<EMA21;TREND=1;STRUCT=1;VOL=1;COOL=1;EMA50=1;VWAP=1;BIAS=1,1.00,-0.75,23678.68,23790.48,stop to breakeven
583,2025.04.04 17:13:38,2025.04.04 19:43:38,TP1_REACHED,XAUUSD,M5,210,SELL,FULLTGT,EVENING,0,3070.67,3093.01,3070.67,22.34,1.00,22.34,3048.33,3026.00,3003.66,2981.33,2958.99,0.05,0.00,0.05,3048.33,1.00,1.00,0.00,3084.21,3091.26,3096.83,3085.95,3092.30,-0.683,8.16,45.64,26.34,26.34,-10.31,-8.17,-2.14,3097.51,3050.22,1341,1271,0.0,100.0,5,1,CROSS=EMA9<EMA21;TREND=1;STRUCT=1;VOL=1;COOL=1;EMA50=1;VWAP=1;BIAS=1,1.00,-0.75,23678.68,23790.48,full target: no partial booked
584,2025.04.04 18:28:37,2025.04.04 20:58:37,SL_MOVE,XAUUSD,M5,210,SELL,FULLTGT,EVENING,0,3070.67,3093.01,3048.33,22.34,1.00,22.34,3048.33,3026.00,3003.66,2981.33,2958.99,0.05,0.00,0.05,3048.33,2.00,0.00,0.00,3062.35,3076.22,3087.69,3063.64,3077.21,-1.124,10.21,57.53,38.66,38.66,-10.25,-11.50,1.26,3090.95,3037.31,1108,1269,14.3,71.4,11,1,CROSS=EMA9<EMA21;TREND=1;STRUCT=1;VOL=1;COOL=1;EMA50=1;VWAP=1;BIAS=1,2.00,-0.75,23678.68,23902.08,stop trailed to TP1
585,2025.04.04 18:28:37,2025.04.04 20:58:37,TP2_REACHED,XAUUSD,M5,210,SELL,FULLTGT,EVENING,0,3070.67,3093.01,3048.33,22.34,1.00,22.34,3048.33,3026.00,3003.66,2981.33,2958.99,0.05,0.00,0.05,3026.00,2.00,2.00,0.00,3062.35,3076.22,3087.69,3063.64,3077.21,-1.124,10.21,57.53,38.66,38.66,-10.25,-11.50,1.26,3090.95,3037.31,1108,1269,14.3,71.4,11,1,CROSS=EMA9<EMA21;TREND=1;STRUCT=1;VOL=1;COOL=1;EMA50=1;VWAP=1;BIAS=1,2.00,-0.75,23678.68,23902.08,full target: no partial booked
586,2025.04.04 23:42:00,2025.04.05 02:12:00,EXIT_WEEKEND,XAUUSD,M5,210,SELL,FULLTGT,DAY,0,3070.67,3093.01,3048.33,22.34,1.00,22.34,3048.33,3026.00,3003.66,2981.33,2958.99,0.05,0.05,0.00,3036.95,0.00,1.51,0.00,3032.47,3039.04,3055.39,3032.24,3039.09,-5.346,3.06,25.32,60.48,60.48,2.91,2.89,0.03,3074.62,3036.91,253,650,57.1,28.6,41,1,CROSS=EMA9<EMA21;TREND=1;STRUCT=1;VOL=1;COOL=1;EMA50=1;VWAP=1;BIAS=1,2.46,-0.75,23847.10,23847.10,WEEKEND exit
587,2025.04.04 23:42:01,2025.04.05 02:12:01,EXIT_WEEKEND,XAUUSD,M5,210,SELL,FULLTGT,DAY,0,3070.67,3093.01,3048.33,22.34,1.00,22.34,3048.33,3026.00,3003.66,2981.33,2958.99,0.05,0.05,0.00,3036.95,0.00,1.51,168.24,3032.47,3039.04,3055.39,3032.24,3039.09,-5.346,3.06,25.32,60.48,60.48,2.91,2.89,0.03,3074.62,3036.91,253,650,57.1,28.6,41,1,CROSS=EMA9<EMA21;TREND=1;STRUCT=1;VOL=1;COOL=1;EMA50=1;VWAP=1;BIAS=1,2.46,-0.75,23847.10,23847.10,flattened before the Friday close
588,2025.04.07 01:00:00,2025.04.07 03:30:00,DAY_SUMMARY,XAUUSD,M5,210,FLAT,NA,DAY,0,0.00,0.00,0.00,0.00,1.00,0.00,0.00,0.00,0.00,0.00,0.00,0.00,0.00,0.00,0.00,0.00,1.51,167.42,3033.30,3038.85,3054.50,3033.09,3038.89,-6.949,2.25,18.85,59.62,59.62,2.41,2.85,-0.44,3074.46,3037.34,81,551,28.6,42.9,50,1,CROSS=EMA9<EMA21;TREND=1;STRUCT=1;VOL=1;COOL=1;EMA50=1;VWAP=1;BIAS=1,0.00,0.00,23847.10,23847.10,2025.04.04 trades=2 W=1 L=1 gross_profit=168.24 gross_loss=0.82 net=167.42 PF=205.17
589,2025.04.07 01:00:00,2025.04.07 03:30:00,WEEK_SUMMARY,XAUUSD,M5,210,FLAT,NA,DAY,0,0.00,0.00,0.00,0.00,1.00,0.00,0.00,0.00,0.00,0.00,0.00,0.00,0.00,0.00,0.00,0.00,-0.50,-77.07,3033.30,3038.85,3054.50,3033.09,3038.89,-6.949,2.25,18.85,59.62,59.62,2.41,2.85,-0.44,3074.46,3037.34,81,551,28.6,42.9,50,1,CROSS=EMA9<EMA21;TREND=1;STRUCT=1;VOL=1;COOL=1;EMA50=1;VWAP=1;BIAS=1,0.00,0.00,23847.10,23847.10,days=4 trades=7 W=1 L=6 gross_profit=168.24 gross_loss=245.31 net=-77.07 PF=0.69 pips=2240.0
590,2025.04.07 05:30:00,2025.04.07 08:00:00,ENTRY,XAUUSD,M5,212,BUY,FULLTGT,DAY,0,3042.52,3020.57,3020.57,21.95,1.00,21.95,3064.47,3086.42,3108.37,3130.33,3152.28,0.05,0.05,0.05,3042.52,0.00,0.00,0.00,3021.44,3021.03,3033.81,3020.37,3020.49,-1.164,10.98,36.96,61.83,61.83,12.99,13.32,-0.33,3011.31,3042.40,677,1162,71.4,14.3,11,1,CROSS=EMA9>EMA21;TREND=1;STRUCT=1;VOL=1;COOL=1;EMA50=1;VWAP=1;BIAS=1,0.00,0.00,23846.92,23846.37,KZ=ASIA; KZR=NY L @ 3054.24 725 bars ago (low taken); DAY 12AM-4PM IST session: stop x1.00 of usual; no partials; full size to TP5; SL steps BE->TP1->TP2->TP3
591,2025.04.07 06:49:36,2025.04.07 09:19:36,EXIT_SL,XAUUSD,M5,212,BUY,FULLTGT,DAY,0,3042.52,3020.57,3020.57,21.95,1.00,21.95,3064.47,3086.42,3108.37,3130.33,3152.28,0.05,0.05,0.00,3020.56,0.00,-1.00,-110.16,3025.70,3023.74,3033.12,3025.62,3023.66,-1.559,6.02,28.97,48.67,48.67,1.18,2.64,-1.46,3014.95,3027.20,597,787,42.9,42.9,11,1,CROSS=EMA9>EMA21;TREND=1;STRUCT=1;VOL=1;COOL=1;EMA50=1;VWAP=1;BIAS=1,0.11,-1.00,23736.94,23736.94,stopped at the initial SL (x1.00 of usual)
592,2025.04.07 10:40:00,2025.04.07 13:10:00,ENTRY,XAUUSD,M5,214,SELL,FULLTGT,DAY,0,3019.11,3033.20,3033.20,14.09,1.00,14.09,3005.02,2990.92,2976.83,2962.74,2948.65,0.08,0.08,0.08,3019.11,0.00,0.00,0.00,3025.78,3025.89,3030.54,3026.12,3026.06,-0.659,7.05,23.53,44.23,44.23,-2.70,-2.41,-0.29,3019.50,3019.14,1260,1072,0.0,85.7,7,1,CROSS=EMA9<EMA21;TREND=1;STRUCT=1;VOL=1;COOL=1;EMA50=1;VWAP=1;BIAS=1,0.00,0.00,23736.66,23736.10,KZ=LONDON; KZR=NY L @ 3054.24 787 bars ago (low taken); DAY 12AM-4PM IST session: stop x1.00 of usual; no partials; full size to TP5; SL steps BE->TP1->TP2->TP3
593,2025.04.07 11:52:30,2025.04.07 14:22:30,EXIT_SL,XAUUSD,M5,214,SELL,FULLTGT,DAY,0,3019.11,3033.20,3033.20,14.09,1.00,14.09,3005.02,2990.92,2976.83,2962.74,2948.65,0.08,0.08,0.00,3033.20,0.00,-1.00,-113.28,3025.32,3025.52,3029.57,3025.15,3025.45,-0.805,5.03,16.45,55.40,55.40,0.44,-0.45,0.90,3020.11,3028.57,859,1075,57.1,14.3,9,1,CROSS=EMA9<EMA21;TREND=1;STRUCT=1;VOL=1;COOL=1;EMA50=1;VWAP=1;BIAS=1,0.23,-1.00,23623.66,23623.66,stopped at the initial SL (x1.00 of usual)
594,2025.04.07 11:55:00,2025.04.07 14:25:00,ENTRY,XAUUSD,M5,216,BUY,FULLTGT,DAY,0,3035.03,3024.50,3024.50,10.53,1.00,10.53,3045.56,3056.09,3066.62,3077.15,3087.68,0.11,0.11,0.11,3035.03,0.00,0.00,0.00,3025.78,3025.75,3029.64,3025.32,3025.52,-0.738,5.26,19.85,62.43,62.43,1.16,-0.14,1.30,3020.21,3034.78,902,1057,71.4,0.0,5,1,CROSS=EMA9>EMA21;TREND=1;STRUCT=1;VOL=1;COOL=1;EMA50=1;VWAP=1;BIAS=1,0.00,0.00,23623.27,23622.72,KZ=LONDON; KZR=NY L @ 3054.24 802 bars ago (low taken); DAY 12AM-4PM IST session: stop x1.00 of usual; no partials; full size to TP5; SL steps BE->TP1->TP2->TP3
595,2025.04.07 12:17:41,2025.04.07 14:47:41,EXIT_SL,XAUUSD,M5,216,BUY,FULLTGT,DAY,0,3035.03,3024.50,3024.50,10.53,1.00,10.53,3045.56,3056.09,3066.62,3077.15,3087.68,0.11,0.11,0.00,3024.48,0.00,-1.00,-116.83,3026.58,3026.18,3029.67,3026.51,3026.14,-0.711,4.91,17.67,51.46,51.46,1.51,0.84,0.67,3020.47,3027.85,708,954,71.4,0.0,5,1,CROSS=EMA9>EMA21;TREND=1;STRUCT=1;VOL=1;COOL=1;EMA50=1;VWAP=1;BIAS=1,0.04,-0.99,23506.83,23506.83,stopped at the initial SL (x1.00 of usual)
596,2025.04.07 16:35:00,2025.04.07 19:05:00,ENTRY,XAUUSD,M5,218,SELL,FULLTGT,EVENING,0,3014.97,3028.00,3028.00,13.03,1.00,13.03,3001.94,2988.92,2975.89,2962.86,2949.83,0.09,0.09,0.09,3014.97,0.00,0.00,0.00,3028.77,3028.78,3029.84,3029.48,3029.13,-0.163,6.51,27.21,33.70,33.70,-2.33,-1.60,-0.73,3023.29,3014.89,1330,1095,0.0,100.0,10,1,CROSS=EMA9<EMA21;TREND=1;STRUCT=1;VOL=1;COOL=1;EMA50=1;VWAP=1;BIAS=1,0.00,0.00,23506.51,23505.61,KZ=NY; KZR=NY L @ 3054.24 858 bars ago (low taken); EVENING 4PM-12AM IST session: stop x1.00 of usual; no partials; full size to TP5; SL steps BE->TP1->TP2->TP3
597,2025.04.07 17:12:38,2025.04.07 19:42:38,EXIT_SL,XAUUSD,M5,218,SELL,FULLTGT,EVENING,0,3014.97,3028.00,3028.00,13.03,1.00,13.03,3001.94,2988.92,2975.89,2962.86,2949.83,0.09,0.09,0.00,3028.02,0.00,-1.00,-118.09,3023.75,3026.03,3028.31,3024.18,3026.30,-0.323,7.06,29.28,41.93,41.93,-4.76,-4.12,-0.64,3022.63,3015.47,1288,1212,14.3,85.7,11,1,CROSS=EMA9<EMA21;TREND=1;STRUCT=1;VOL=1;COOL=1;EMA50=1;VWAP=1;BIAS=1,0.97,-1.00,23388.74,23388.74,stopped at the initial SL (x1.00 of usual)
598,2025.04.08 01:00:00,2025.04.08 03:30:00,DAY_SUMMARY,XAUUSD,M5,218,FLAT,NA,DAY,0,0.00,0.00,0.00,0.00,1.00,0.00,0.00,0.00,0.00,0.00,0.00,0.00,0.00,0.00,0.00,0.00,-4.00,-458.36,2978.80,2984.14,2996.60,2978.63,2984.20,-4.403,2.83,27.11,56.51,56.51,2.74,2.72,0.02,3010.03,2982.01,222,520,57.1,28.6,13,1,CROSS=EMA9<EMA21;TREND=1;STRUCT=1;VOL=1;COOL=1;EMA50=1;VWAP=1;BIAS=1,0.00,0.00,23388.74,23388.74,2025.04.07 trades=4 W=0 L=4 gross_profit=0.00 gross_loss=458.36 net=-458.36 PF=0.00
599,2025.04.08 04:10:00,2025.04.08 06:40:00,ENTRY,XAUUSD,M5,220,BUY,FULLTGT,DAY,0,2997.31,2989.40,2989.40,7.91,1.00,7.91,3005.22,3013.14,3021.05,3028.97,3036.88,0.14,0.14,0.14,2997.31,0.00,0.00,0.00,2985.52,2985.33,2992.52,2984.92,2985.04,-1.816,3.96,27.44,68.28,68.28,2.34,1.77,0.57,2986.04,2997.13,909,563,100.0,0.0,11,1,CROSS=EMA9>EMA21;TREND=1;STRUCT=1;VOL=1;COOL=1;EMA50=1;VWAP=1;BIAS=1,0.00,0.00,23388.25,23386.71,KZ=ASIA; KZR=Asia L @ 2970.60 98 bars ago (low taken); DAY 12AM-4PM IST session: stop x1.00 of usual; no partials; full size to TP5; SL steps BE->TP1->TP2->TP3
600,2025.04.08 08:15:41,2025.04.08 10:45:41,SL_MOVE,XAUUSD,M5,220,BUY,FULLTGT,DAY,0,2997.31,2989.40,2997.31,7.91,1.00,7.91,3005.22,3013.14,3021.05,3028.97,3036.88,0.14,0.00,0.14,2997.31,1.00,0.00,0.00,2997.53,2994.73,2995.33,2997.19,2994.49,-0.224,2.67,26.85,63.65,63.65,1.20,0.08,1.12,2993.69,3004.23,330,379,85.7,0.0,13,1,CROSS=EMA9>EMA21;TREND=1;STRUCT=1;VOL=1;COOL=1;EMA50=1;VWAP=1;BIAS=1,1.00,-0.98,23388.25,23499.41,stop to breakeven
601,2025.04.08 08:15:41,2025.04.08 10:45:41,TP1_REACHED,XAUUSD,M5,220,BUY,FULLTGT,DAY,0,2997.31,2989.40,2997.31,7.91,1.00,7.91,3005.22,3013.14,3021.05,3028.97,3036.88,0.14,0.00,0.14,3005.22,1.00,1.00,0.00,2997.53,2994.73,2995.33,2997.19,2994.49,-0.224,2.67,26.85,63.65,63.65,1.20,0.08,1.12,2993.69,3004.23,330,379,85.7,0.0,13,1,CROSS=EMA9>EMA21;TREND=1;STRUCT=1;VOL=1;COOL=1;EMA50=1;VWAP=1;BIAS=1,1.00,-0.98,23388.25,23499.41,full target: no partial booked
602,2025.04.08 09:21:04,2025.04.08 11:51:04,SL_MOVE,XAUUSD,M5,220,BUY,FULLTGT,DAY,0,2997.31,2989.40,3005.22,7.91,1.00,7.91,3005.22,3013.14,3021.05,3028.97,3036.88,0.14,0.00,0.14,3005.22,2.00,0.00,0.00,3000.78,2997.35,2996.64,3000.32,2997.04,0.192,3.69,19.71,65.92,65.92,2.18,1.76,0.42,2995.40,3009.74,805,555,85.7,0.0,12,1,CROSS=EMA9>EMA21;TREND=1;STRUCT=1;VOL=1;COOL=1;EMA50=1;VWAP=1;BIAS=1,2.00,-0.98,23388.25,23610.01,stop trailed to TP1
603,2025.04.08 09:21:04,2025.04.08 11:51:04,TP2_REACHED,XAUUSD,M5,220,BUY,FULLTGT,DAY,0,2997.31,2989.40,3005.22,7.91,1.00,7.91,3005.22,3013.14,3021.05,3028.97,3036.88,0.14,0.00,0.14,3013.14,2.00,2.00,0.00,3000.78,2997.35,2996.64,3000.32,2997.04,0.192,3.69,19.71,65.92,65.92,2.18,1.76,0.42,2995.40,3009.74,805,555,85.7,0.0,12,1,CROSS=EMA9>EMA21;TREND=1;STRUCT=1;VOL=1;COOL=1;EMA50=1;VWAP=1;BIAS=1,2.00,-0.98,23388.25,23610.01,full target: no partial booked
604,2025.04.08 10:37:42,2025.04.08 13:07:42,EXIT_TRAIL_SL,XAUUSD,M5,220,BUY,FULLTGT,DAY,0,2997.31,2989.40,3005.22,7.91,1.00,7.91,3005.22,3013.14,3021.05,3028.97,3036.88,0.14,0.14,0.00,3005.20,0.00,1.00,109.48,3006.32,3001.75,2999.18,3006.20,3001.57,0.754,3.41,19.50,51.24,51.24,1.79,2.80,-1.02,2998.83,3008.74,907,845,57.1,28.6,5,1,CROSS=EMA9>EMA21;TREND=1;STRUCT=1;VOL=1;COOL=1;EMA50=1;VWAP=1;BIAS=1,2.34,-0.98,23498.22,23498.22,stopped at a trailed level
605,2025.04.08 19:05:00,2025.04.08 21:35:00,SKIP,XAUUSD,M5,220,FLAT,NA,EVENING,0,0.00,0.00,0.00,0.00,1.00,0.00,0.00,0.00,0.00,0.00,0.00,0.00,0.00,0.00,0.00,0.00,0.00,0.00,3008.34,3008.36,3006.16,3008.88,3008.63,0.617,3.58,23.86,33.05,33.05,-2.42,-1.41,-1.01,3004.83,2997.77,896,1041,0.0,71.4,11,1,CROSS=EMA9>EMA21;TREND=1;STRUCT=1;VOL=1;COOL=1;EMA50=1;VWAP=1;BIAS=1,0.00,0.00,23498.22,23498.22,outside the killzone window
606,2025.04.09 01:00:00,2025.04.09 03:30:00,DAY_SUMMARY,XAUUSD,M5,220,FLAT,NA,DAY,0,0.00,0.00,0.00,0.00,1.00,0.00,0.00,0.00,0.00,0.00,0.00,0.00,0.00,0.00,0.00,0.00,1.00,109.48,2983.97,2989.03,2994.47,2984.07,2989.21,-2.159,2.52,17.15,48.65,48.65,-0.74,-1.08,0.34,2999.88,2981.96,156,514,14.3,57.1,13,1,CROSS=EMA9>EMA21;TREND=1;STRUCT=1;VOL=1;COOL=1;EMA50=1;VWAP=1;BIAS=1,0.00,0.00,23498.22,23498.22,2025.04.08 trades=1 W=1 L=0 gross_profit=109.48 gross_loss=0.00 net=109.48 PF=0.00
607,2025.04.09 05:00:00,2025.04.09 07:30:00,SKIP,XAUUSD,M5,220,FLAT,NA,DAY,0,0.00,0.00,0.00,0.00,1.00,0.00,0.00,0.00,0.00,0.00,0.00,0.00,0.00,0.00,0.00,0.00,0.00,0.00,2986.71,2986.27,2989.87,2985.58,2985.71,-0.548,6.56,48.17,75.76,75.76,6.53,2.76,3.77,2984.63,3008.69,794,980,85.7,0.0,10,1,CROSS=EMA9>EMA21;TREND=1;STRUCT=1;VOL=1;COOL=1;EMA50=1;VWAP=1;BIAS=1,0.00,0.00,23498.22,23498.22,already positioned that way
608,2025.04.14 01:00:00,2025.04.14 03:30:00,WEEK_SUMMARY,XAUUSD,M5,220,FLAT,NA,DAY,0,0.00,0.00,0.00,0.00,1.00,0.00,0.00,0.00,0.00,0.00,0.00,0.00,0.00,0.00,0.00,0.00,-3.01,-348.88,3233.82,3232.13,3225.70,3233.63,3231.99,2.902,2.22,21.11,59.49,59.49,1.13,0.75,0.37,3218.40,3237.53,94,344,71.4,0.0,11,1,CROSS=EMA9>EMA21;TREND=1;STRUCT=1;VOL=1;COOL=1;EMA50=1;VWAP=1;BIAS=1,0.00,0.00,23498.22,23498.22,days=2 trades=5 W=1 L=4 gross_profit=109.48 gross_loss=458.36 net=-348.88 PF=0.24 pips=-5176.0
609,2025.04.14 01:30:00,2025.04.14 04:00:00,ENTRY,XAUUSD,M5,222,SELL,FULLTGT,DAY,0,3219.13,3229.05,3229.05,9.92,1.00,9.92,3209.21,3199.28,3189.36,3179.43,3169.51,0.11,0.11,0.11,3219.13,0.00,0.00,0.00,3230.37,3230.51,3225.33,3230.94,3230.80,1.045,4.96,15.49,29.52,29.52,-3.33,-0.94,-2.40,3220.07,3219.13,419,350,14.3,71.4,10,1,CROSS=EMA9<EMA21;TREND=1;STRUCT=1;VOL=1;COOL=1;EMA50=1;VWAP=1;BIAS=1,0.00,0.00,23497.83,23496.73,KZ=ASIA; KZR=NY H @ 3244.35 652 bars ago (high taken); DAY 12AM-4PM IST session: stop x1.00 of usual; no partials; full size to TP5; SL steps BE->TP1->TP2->TP3
610,2025.04.14 04:26:52,2025.04.14 06:56:52,EXIT_SL,XAUUSD,M5,222,SELL,FULLTGT,DAY,0,3219.13,3229.05,3229.05,9.92,1.00,9.92,3209.21,3199.28,3189.36,3179.43,3169.51,0.11,0.11,0.00,3229.05,0.00,-1.00,-109.90,3223.17,3225.27,3223.95,3222.95,3225.21,0.341,3.87,20.56,60.43,60.43,-0.28,-0.58,0.30,3221.10,3227.65,1019,605,71.4,14.3,11,1,CROSS=EMA9<EMA21;TREND=1;STRUCT=1;VOL=1;COOL=1;EMA50=1;VWAP=1;BIAS=1,0.38,-1.00,23388.32,23388.32,stopped at the initial SL (x1.00 of usual)
611,2025.04.14 05:00:00,2025.04.14 07:30:00,ENTRY,XAUUSD,M5,224,BUY,FULLTGT,DAY,0,3239.82,3229.67,3229.67,10.15,1.00,10.15,3249.97,3260.13,3270.28,3280.43,3290.58,0.11,0.11,0.11,3239.82,0.00,0.00,0.00,3227.56,3227.29,3225.11,3226.94,3226.98,0.430,5.08,42.14,71.27,71.27,4.60,2.04,2.56,3224.85,3239.75,795,761,85.7,14.3,7,1,CROSS=EMA9>EMA21;TREND=1;STRUCT=1;VOL=1;COOL=1;EMA50=1;VWAP=1;BIAS=1,0.00,0.00,23387.93,23387.16,KZ=ASIA; KZR=NY H @ 3244.35 694 bars ago (high taken); DAY 12AM-4PM IST session: stop x1.00 of usual; no partials; full size to TP5; SL steps BE->TP1->TP2->TP3
612,2025.04.14 05:35:42,2025.04.14 08:05:42,EXIT_SL,XAUUSD,M5,224,BUY,FULLTGT,DAY,0,3239.82,3229.67,3229.67,10.15,1.00,10.15,3249.97,3260.13,3270.28,3280.43,3290.58,0.11,0.11,0.00,3229.67,0.00,-1.00,-112.43,3230.75,3229.10,3226.25,3230.66,3229.02,0.618,4.63,38.94,50.00,50.00,3.43,4.70,-1.27,3227.04,3232.55,910,871,42.9,57.1,10,1,CROSS=EMA9>EMA21;TREND=1;STRUCT=1;VOL=1;COOL=1;EMA50=1;VWAP=1;BIAS=1,0.59,-0.99,23275.89,23275.89,stopped at the initial SL (x1.00 of usual)
613,2025.04.14 08:30:00,2025.04.14 11:00:00,ENTRY,XAUUSD,M5,226,SELL,FULLTGT,DAY,0,3224.98,3230.29,3230.29,5.31,1.00,5.31,3219.67,3214.36,3209.05,3203.73,3198.42,0.21,0.21,0.21,3224.98,0.00,0.00,0.00,3229.61,3229.69,3227.74,3229.85,3229.81,0.733,2.66,56.42,39.42,39.42,-2.16,-1.53,-0.63,3228.24,3224.97,507,386,14.3,85.7,10,1,CROSS=EMA9<EMA21;TREND=1;STRUCT=1;VOL=1;COOL=1;EMA50=1;VWAP=1;BIAS=1,0.00,0.00,23275.15,23273.05,KZ=LONDON; KZR=NY H @ 3244.35 736 bars ago (high taken); DAY 12AM-4PM IST session: stop x1.00 of usual; no partials; full size to TP5; SL steps BE->TP1->TP2->TP3
614,2025.04.14 08:38:17,2025.04.14 11:08:17,EXIT_SL,XAUUSD,M5,226,SELL,FULLTGT,DAY,0,3224.98,3230.29,3230.29,5.31,1.00,5.31,3219.67,3214.36,3209.05,3203.73,3198.42,0.21,0.21,0.00,3230.30,0.00,-1.00,-113.20,3229.43,3229.59,3227.72,3229.61,3229.69,0.673,2.79,54.06,41.90,41.90,-2.08,-1.68,-0.40,3228.19,3225.78,851,415,14.3,85.7,11,1,CROSS=EMA9<EMA21;TREND=1;STRUCT=1;VOL=1;COOL=1;EMA50=1;VWAP=1;BIAS=1,0.30,-1.00,23162.69,23162.69,stopped at the initial SL (x1.00 of usual)
615,2025.04.14 09:00:00,2025.04.14 11:30:00,ENTRY,XAUUSD,M5,228,BUY,FULLTGT,DAY,0,3234.57,3227.84,3227.84,6.73,1.00,6.73,3241.30,3248.02,3254.75,3261.48,3268.21,0.17,0.17,0.17,3234.57,0.00,0.00,0.00,3229.82,3229.77,3227.92,3229.58,3229.65,0.550,3.36,36.24,61.45,61.45,-0.09,-1.48,1.39,3228.34,3234.51,704,470,100.0,0.0,12,1,CROSS=EMA9>EMA21;TREND=1;STRUCT=1;VOL=1;COOL=1;EMA50=1;VWAP=1;BIAS=1,0.00,0.00,23162.09,23160.05,KZ=LONDON; KZR=NY H @ 3244.35 742 bars ago (high taken); DAY 12AM-4PM IST session: stop x1.00 of usual; no partials; full size to TP5; SL steps BE->TP1->TP2->TP3
616,2025.04.14 10:45:29,2025.04.14 13:15:29,EXIT_SL,XAUUSD,M5,228,BUY,FULLTGT,DAY,0,3234.57,3227.84,3227.84,6.73,1.00,6.73,3241.30,3248.02,3254.75,3261.48,3268.21,0.17,0.17,0.00,3227.82,0.00,-1.00,-115.95,3230.73,3230.41,3228.72,3230.86,3230.47,0.643,2.63,15.57,43.72,43.72,-0.05,0.16,-0.21,3229.06,3228.34,702,716,14.3,57.1,11,1,CROSS=EMA9>EMA21;TREND=1;STRUCT=1;VOL=1;COOL=1;EMA50=1;VWAP=1;BIAS=1,0.52,-1.00,23046.74,23046.74,stopped at the initial SL (x1.00 of usual)
617,2025.04.14 11:05:00,2025.04.14 13:35:00,ENTRY,XAUUSD,M5,230,SELL,FULLTGT,DAY,0,3222.46,3228.86,3228.86,6.40,1.00,6.40,3216.06,3209.66,3203.26,3196.85,3190.45,0.18,0.18,0.18,3222.46,0.00,0.00,0.00,3229.95,3230.04,3228.62,3230.33,3230.23,0.444,3.20,18.62,34.81,34.81,-1.12,-0.19,-0.93,3228.96,3222.49,949,737,0.0,85.7,6,1,CROSS=EMA9<EMA21;TREND=1;STRUCT=1;VOL=1;COOL=1;EMA50=1;VWAP=1;BIAS=1,0.00,0.00,23046.11,23045.03,KZ=LONDON; KZR=NY H @ 3244.35 767 bars ago (high taken); DAY 12AM-4PM IST session: stop x1.00 of usual; no partials; full size to TP5; SL steps BE->TP1->TP2->TP3
618,2025.04.14 11:58:37,2025.04.14 14:28:37,EXIT_SL,XAUUSD,M5,230,SELL,FULLTGT,DAY,0,3222.46,3228.86,3228.86,6.40,1.00,6.40,3216.06,3209.66,3203.26,3196.85,3190.45,0.18,0.18,0.00,3228.88,0.00,-1.00,-116.82,3226.94,3228.30,3227.86,3227.08,3228.40,0.105,4.28,19.88,46.71,46.71,-1.93,-2.32,0.39,3228.31,3224.34,576,706,14.3,57.1,9,1,CROSS=EMA9<EMA21;TREND=1;STRUCT=1;VOL=1;COOL=1;EMA50=1;VWAP=1;BIAS=1,0.92,-1.00,22929.92,22929.92,stopped at the initial SL (x1.00 of usual)
619,2025.04.15 01:00:00,2025.04.15 03:30:00,DAY_SUMMARY,XAUUSD,M5,230,FLAT,NA,DAY,0,0.00,0.00,0.00,0.00,1.00,0.00,0.00,0.00,0.00,0.00,0.00,0.00,0.00,0.00,0.00,0.00,-5.01,-568.30,3210.28,3210.39,3213.15,3210.28,3210.39,-1.566,1.76,15.38,49.39,49.39,0.29,0.51,-0.22,3218.28,3210.46,91,263,0.0,71.4,11,1,CROSS=EMA9<EMA21;TREND=1;STRUCT=1;VOL=1;COOL=1;EMA50=1;VWAP=1;BIAS=1,0.00,0.00,22929.92,22929.92,2025.04.14 trades=5 W=0 L=5 gross_profit=0.00 gross_loss=568.30 net=-568.30 PF=0.00
620,2025.04.15 01:15:00,2025.04.15 03:45:00,ENTRY,XAUUSD,M5,232,BUY,FULLTGT,DAY,0,3212.69,3208.99,3208.99,3.70,1.00,3.70,3216.39,3220.10,3223.80,3227.51,3231.21,0.30,0.30,0.30,3212.69,0.00,0.00,0.00,3210.55,3210.52,3213.11,3210.44,3210.47,-1.401,1.85,14.07,55.72,55.72,0.46,0.39,0.07,3212.16,3212.59,125,232,71.4,0.0,10,1,CROSS=EMA9>EMA21;TREND=1;STRUCT=1;VOL=1;COOL=1;EMA50=1;VWAP=1;BIAS=1,0.00,0.00,22928.87,22925.87,KZ=ASIA; KZR=NY H @ 3244.35 937 bars ago (high taken); DAY 12AM-4PM IST session: stop x1.00 of usual; no partials; full size to TP5; SL steps BE->TP1->TP2->TP3
621,2025.04.15 04:11:38,2025.04.15 06:41:38,SL_MOVE,XAUUSD,M5,232,BUY,FULLTGT,DAY,0,3212.69,3208.99,3212.69,3.70,1.00,3.70,3216.39,3220.10,3223.80,3227.51,3231.21,0.30,0.00,0.30,3212.69,1.00,0.00,0.00,3212.27,3211.74,3212.94,3212.16,3211.67,-0.569,2.10,17.12,59.95,59.95,0.20,0.16,0.04,3212.68,3214.38,765,299,85.7,0.0,11,1,CROSS=EMA9>EMA21;TREND=1;STRUCT=1;VOL=1;COOL=1;EMA50=1;VWAP=1;BIAS=1,0.99,-0.72,22928.87,23040.47,stop to breakeven
622,2025.04.15 04:11:38,2025.04.15 06:41:38,TP1_REACHED,XAUUSD,M5,232,BUY,FULLTGT,DAY,0,3212.69,3208.99,3212.69,3.70,1.00,3.70,3216.39,3220.10,3223.80,3227.51,3231.21,0.30,0.00,0.30,3216.39,1.00,1.00,0.00,3212.27,3211.74,3212.94,3212.16,3211.67,-0.569,2.10,17.12,59.95,59.95,0.20,0.16,0.04,3212.68,3214.38,765,299,85.7,0.0,11,1,CROSS=EMA9>EMA21;TREND=1;STRUCT=1;VOL=1;COOL=1;EMA50=1;VWAP=1;BIAS=1,0.99,-0.72,22928.87,23040.47,full target: no partial booked
623,2025.04.15 04:18:36,2025.04.15 06:48:36,SL_MOVE,XAUUSD,M5,232,BUY,FULLTGT,DAY,0,3212.69,3208.99,3216.39,3.70,1.00,3.70,3216.39,3220.10,3223.80,3227.51,3231.21,0.30,0.00,0.30,3216.39,2.00,0.00,0.00,3212.53,3211.89,3212.99,3212.27,3211.74,-0.500,2.22,21.96,70.27,70.27,0.58,0.18,0.39,3212.96,3217.63,668,326,85.7,0.0,9,1,CROSS=EMA9>EMA21;TREND=1;STRUCT=1;VOL=1;COOL=1;EMA50=1;VWAP=1;BIAS=1,2.00,-0.72,22928.87,23152.37,stop trailed to TP1
624,2025.04.15 04:18:36,2025.04.15 06:48:36,TP2_REACHED,XAUUSD,M5,232,BUY,FULLTGT,DAY,0,3212.69,3208.99,3216.39,3.70,1.00,3.70,3216.39,3220.10,3223.80,3227.51,3231.21,0.30,0.00,0.30,3220.10,2.00,2.00,0.00,3212.53,3211.89,3212.99,3212.27,3211.74,-0.500,2.22,21.96,70.27,70.27,0.58,0.18,0.39,3212.96,3217.63,668,326,85.7,0.0,9,1,CROSS=EMA9>EMA21;TREND=1;STRUCT=1;VOL=1;COOL=1;EMA50=1;VWAP=1;BIAS=1,2.00,-0.72,22928.87,23152.37,full target: no partial booked
625,2025.04.15 04:23:29,2025.04.15 06:53:29,SL_MOVE,XAUUSD,M5,232,BUY,FULLTGT,DAY,0,3212.69,3208.99,3220.10,3.70,1.00,3.70,3216.39,3220.10,3223.80,3227.51,3231.21,0.30,0.00,0.30,3220.10,3.00,0.00,0.00,3212.90,3212.09,3213.08,3212.53,3211.89,-0.409,2.43,27.89,75.62,75.62,1.07,0.27,0.80,3213.43,3220.20,708,354,100.0,0.0,11,1,CROSS=EMA9>EMA21;TREND=1;STRUCT=1;VOL=1;COOL=1;EMA50=1;VWAP=1;BIAS=1,2.99,-0.72,22928.87,23263.67,stop trailed to TP2
626,2025.04.15 04:23:29,2025.04.15 06:53:29,TP3_REACHED,XAUUSD,M5,232,BUY,FULLTGT,DAY,0,3212.69,3208.99,3220.10,3.70,1.00,3.70,3216.39,3220.10,3223.80,3227.51,3231.21,0.30,0.00,0.30,3223.80,3.00,3.00,0.00,3212.90,3212.09,3213.08,3212.53,3211.89,-0.409,2.43,27.89,75.62,75.62,1.07,0.27,0.80,3213.43,3220.20,708,354,100.0,0.0,11,1,CROSS=EMA9>EMA21;TREND=1;STRUCT=1;VOL=1;COOL=1;EMA50=1;VWAP=1;BIAS=1,2.99,-0.72,22928.87,23263.67,full target: no partial booked
627,2025.04.15 04:41:05,2025.04.15 07:11:05,EXIT_TRAIL_SL,XAUUSD,M5,232,BUY,FULLTGT,DAY,0,3212.69,3208.99,3220.10,3.70,1.00,3.70,3216.39,3220.10,3223.80,3227.51,3231.21,0.30,0.30,0.00,3220.09,0.00,2.00,219.90,3214.86,3213.20,3213.60,3214.45,3212.95,-0.144,2.80,47.76,71.85,71.85,2.81,1.26,1.55,3215.63,3222.96,679,442,85.7,14.3,13,1,CROSS=EMA9>EMA21;TREND=1;STRUCT=1;VOL=1;COOL=1;EMA50=1;VWAP=1;BIAS=1,3.58,-0.72,23149.82,23149.82,stopped at a trailed level
628,2025.04.15 14:30:00,2025.04.15 17:00:00,ENTRY,XAUUSD,M5,234,SELL,FULLTGT,EVENING,0,3220.36,3225.13,3225.13,4.77,1.00,4.77,3215.59,3210.81,3206.04,3201.27,3196.50,0.24,0.24,0.24,3220.36,0.00,0.00,0.00,3224.17,3224.26,3222.49,3224.36,3224.36,0.740,2.39,49.40,38.87,38.87,-1.24,-1.01,-0.22,3223.26,3220.36,409,439,0.0,85.7,7,1,CROSS=EMA9<EMA21;TREND=1;STRUCT=1;VOL=1;COOL=1;EMA50=1;VWAP=1;BIAS=1,0.00,0.00,23148.98,23147.30,KZ=NY; KZR=NY H @ 3244.35 1096 bars ago (high taken); EVENING 4PM-12AM IST session: stop x1.00 of usual; no partials; full size to TP5; SL steps BE->TP1->TP2->TP3
629,2025.04.15 15:16:44,2025.04.15 17:46:44,EXIT_SL,XAUUSD,M5,234,SELL,FULLTGT,EVENING,0,3220.36,3225.13,3225.13,4.77,1.00,4.77,3215.59,3210.81,3206.04,3201.27,3196.50,0.24,0.24,0.00,3225.13,0.00,-1.00,-116.16,3222.73,3223.43,3222.24,3222.69,3223.42,0.544,2.19,43.02,55.58,55.58,-0.94,-1.45,0.51,3223.03,3223.58,658,522,85.7,14.3,5,1,CROSS=EMA9<EMA21;TREND=1;STRUCT=1;VOL=1;COOL=1;EMA50=1;VWAP=1;BIAS=1,0.74,-0.99,23033.66,23033.66,stopped at the initial SL (x1.00 of usual)
630,2025.04.15 20:40:00,2025.04.15 23:10:00,SKIP,XAUUSD,M5,234,FLAT,NA,EVENING,0,0.00,0.00,0.00,0.00,1.00,0.00,0.00,0.00,0.00,0.00,0.00,0.00,0.00,0.00,0.00,0.00,0.00,0.00,3221.89,3221.86,3221.71,3221.64,3221.74,0.094,1.66,27.47,65.21,65.21,0.82,0.27,0.55,3222.18,3226.64,433,378,100.0,0.0,11,1,CROSS=EMA9<EMA21;TREND=1;STRUCT=1;VOL=1;COOL=1;EMA50=1;VWAP=1;BIAS=1,0.00,0.00,23033.66,23033.66,outside the killzone window
631,2025.04.16 01:00:00,2025.04.16 03:30:00,DAY_SUMMARY,XAUUSD,M5,234,FLAT,NA,DAY,0,0.00,0.00,0.00,0.00,1.00,0.00,0.00,0.00,0.00,0.00,0.00,0.00,0.00,0.00,0.00,0.00,1.00,103.74,3227.95,3226.22,3224.45,3227.87,3226.14,0.856,2.07,17.71,52.35,52.35,0.51,0.64,-0.13,3222.80,3229.36,116,251,57.1,14.3,11,1,CROSS=EMA9<EMA21;TREND=1;STRUCT=1;VOL=1;COOL=1;EMA50=1;VWAP=1;BIAS=1,0.00,0.00,23033.66,23033.66,2025.04.15 trades=2 W=1 L=1 gross_profit=219.90 gross_loss=116.16 net=103.74 PF=1.89
632,2025.04.17 08:35:00,2025.04.17 11:05:00,SKIP,XAUUSD,M5,234,FLAT,NA,DAY,0,0.00,0.00,0.00,0.00,1.00,0.00,0.00,0.00,0.00,0.00,0.00,0.00,0.00,0.00,0.00,0.00,0.00,0.00,3339.89,3339.89,3333.90,3340.10,3340.00,2.210,2.71,23.04,40.31,40.31,-0.88,-0.31,-0.57,3341.46,3335.61,879,442,0.0,85.7,9,1,CROSS=EMA9<EMA21;TREND=1;STRUCT=1;VOL=1;COOL=1;EMA50=1;VWAP=1;BIAS=1,0.00,0.00,23033.66,23033.66,already positioned that way
633,2025.04.17 22:45:00,2025.04.18 01:15:00,SKIP,XAUUSD,M5,234,FLAT,NA,DAY,0,0.00,0.00,0.00,0.00,1.00,0.00,0.00,0.00,0.00,0.00,0.00,0.00,0.00,0.00,0.00,0.00,0.00,0.00,3315.33,3315.33,3318.32,3315.08,3315.21,-1.253,2.39,25.12,60.79,60.79,0.50,0.36,0.14,3324.77,3320.22,332,379,71.4,14.3,5,1,CROSS=EMA9<EMA21;TREND=1;STRUCT=1;VOL=1;COOL=1;EMA50=1;VWAP=1;BIAS=1,0.00,0.00,23033.66,23033.66,outside the killzone window
634,2025.04.21 01:00:00,2025.04.21 03:30:00,WEEK_SUMMARY,XAUUSD,M5,234,FLAT,NA,DAY,0,0.00,0.00,0.00,0.00,1.00,0.00,0.00,0.00,0.00,0.00,0.00,0.00,0.00,0.00,0.00,0.00,-4.01,-464.56,3320.12,3318.07,3319.28,3319.75,3317.84,-0.603,2.00,57.98,69.09,69.09,2.91,2.34,0.57,3324.73,3327.24,198,278,85.7,0.0,16,1,CROSS=EMA9<EMA21;TREND=1;STRUCT=1;VOL=1;COOL=1;EMA50=1;VWAP=1;BIAS=1,0.00,0.00,23033.66,23033.66,days=2 trades=7 W=1 L=6 gross_profit=219.90 gross_loss=684.46 net=-464.56 PF=0.32 pips=-3593.0
635,2025.04.22 12:10:00,2025.04.22 14:40:00,SKIP,XAUUSD,M5,234,FLAT,NA,DAY,0,0.00,0.00,0.00,0.00,1.00,0.00,0.00,0.00,0.00,0.00,0.00,0.00,0.00,0.00,0.00,0.00,0.00,0.00,3466.76,3466.92,3455.55,3467.47,3467.27,1.994,5.70,51.12,38.49,38.49,-7.46,-5.96,-1.50,3461.82,3452.84,1185,964,14.3,85.7,5,1,CROSS=EMA9<EMA21;TREND=1;STRUCT=1;VOL=1;COOL=1;EMA50=1;VWAP=1;BIAS=1,0.00,0.00,23033.66,23033.66,outside the killzone window
636,2025.04.24 01:30:00,2025.04.24 04:00:00,ENTRY,XAUUSD,M5,236,BUY,FULLTGT,DAY,0,3311.06,3302.03,3302.03,9.03,1.00,9.03,3320.09,3329.11,3338.14,3347.17,3356.20,0.12,0.12,0.12,3311.06,0.00,0.00,0.00,3294.65,3294.31,3303.63,3293.81,3293.89,-2.065,4.51,30.46,72.64,72.64,5.37,2.55,2.83,3306.97,3310.97,305,373,85.7,0.0,9,1,CROSS=EMA9>EMA21;TREND=1;STRUCT=1;VOL=1;COOL=1;EMA50=1;VWAP=1;BIAS=1,0.00,0.00,23033.24,23032.16,KZ=ASIA; KZR=London L @ 3286.04 106 bars ago (low taken); DAY 12AM-4PM IST session: stop x1.00 of usual; no partials; full size to TP5; SL steps BE->TP1->TP2->TP3
637,2025.04.24 03:13:36,2025.04.24 05:43:36,SL_MOVE,XAUUSD,M5,236,BUY,FULLTGT,DAY,0,3311.06,3302.03,3311.06,9.03,1.00,9.03,3320.09,3329.11,3338.14,3347.17,3356.20,0.12,0.00,0.12,3311.06,1.00,0.00,0.00,3306.18,3301.54,3305.61,3305.60,3301.13,-1.425,2.86,24.08,66.79,66.79,3.90,4.01,-0.11,3311.00,3317.48,572,331,71.4,14.3,11,1,CROSS=EMA9>EMA21;TREND=1;STRUCT=1;VOL=1;COOL=1;EMA50=1;VWAP=1;BIAS=1,1.00,-0.35,23033.24,23141.60,stop to breakeven
638,2025.04.24 03:13:36,2025.04.24 05:43:36,TP1_REACHED,XAUUSD,M5,236,BUY,FULLTGT,DAY,0,3311.06,3302.03,3311.06,9.03,1.00,9.03,3320.09,3329.11,3338.14,3347.17,3356.20,0.12,0.00,0.12,3320.09,1.00,1.00,0.00,3306.18,3301.54,3305.61,3305.60,3301.13,-1.425,2.86,24.08,66.79,66.79,3.90,4.01,-0.11,3311.00,3317.48,572,331,71.4,14.3,11,1,CROSS=EMA9>EMA21;TREND=1;STRUCT=1;VOL=1;COOL=1;EMA50=1;VWAP=1;BIAS=1,1.00,-0.35,23033.24,23141.60,full target: no partial booked
639,2025.04.24 03:26:38,2025.04.24 05:56:38,SL_MOVE,XAUUSD,M5,236,BUY,FULLTGT,DAY,0,3311.06,3302.03,3320.09,9.03,1.00,9.03,3320.09,3329.11,3338.14,3347.17,3356.20,0.12,0.00,0.12,3320.09,2.00,0.00,0.00,3308.56,3303.11,3306.26,3307.73,3302.56,-1.006,3.13,37.83,74.84,74.84,4.96,4.13,0.83,3313.03,3324.80,715,376,100.0,0.0,13,1,CROSS=EMA9>EMA21;TREND=1;STRUCT=1;VOL=1;COOL=1;EMA50=1;VWAP=1;BIAS=1,2.00,-0.35,23033.24,23250.20,stop trailed to TP1
640,2025.04.24 03:26:38,2025.04.24 05:56:38,TP2_REACHED,XAUUSD,M5,236,BUY,FULLTGT,DAY,0,3311.06,3302.03,3320.09,9.03,1.00,9.03,3320.09,3329.11,3338.14,3347.17,3356.20,0.12,0.00,0.12,3329.11,2.00,2.00,0.00,3308.56,3303.11,3306.26,3307.73,3302.56,-1.006,3.13,37.83,74.84,74.84,4.96,4.13,0.83,3313.03,3324.80,715,376,100.0,0.0,13,1,CROSS=EMA9>EMA21;TREND=1;STRUCT=1;VOL=1;COOL=1;EMA50=1;VWAP=1;BIAS=1,2.00,-0.35,23033.24,23250.20,full target: no partial booked
641,2025.04.24 03:33:36,2025.04.24 06:03:36,SL_MOVE,XAUUSD,M5,236,BUY,FULLTGT,DAY,0,3311.06,3302.03,3329.11,9.03,1.00,9.03,3320.09,3329.11,3338.14,3347.17,3356.20,0.12,0.00,0.12,3329.11,3.00,0.00,0.00,3309.84,3303.88,3306.61,3308.56,3303.11,-0.708,3.85,43.02,81.88,81.88,5.96,4.35,1.61,3314.43,3334.65,970,407,100.0,0.0,13,1,CROSS=EMA9>EMA21;TREND=1;STRUCT=1;VOL=1;COOL=1;EMA50=1;VWAP=1;BIAS=1,3.00,-0.35,23033.24,23359.04,stop trailed to TP2
642,2025.04.24 03:33:36,2025.04.24 06:03:36,TP3_REACHED,XAUUSD,M5,236,BUY,FULLTGT,DAY,0,3311.06,3302.03,3329.11,9.03,1.00,9.03,3320.09,3329.11,3338.14,3347.17,3356.20,0.12,0.00,0.12,3338.14,3.00,3.00,0.00,3309.84,3303.88,3306.61,3308.56,3303.11,-0.708,3.85,43.02,81.88,81.88,5.96,4.35,1.61,3314.43,3334.65,970,407,100.0,0.0,13,1,CROSS=EMA9>EMA21;TREND=1;STRUCT=1;VOL=1;COOL=1;EMA50=1;VWAP=1;BIAS=1,3.00,-0.35,23033.24,23359.04,full target: no partial booked
643,2025.04.24 04:06:04,2025.04.24 06:36:04,SL_MOVE,XAUUSD,M5,236,BUY,FULLTGT,DAY,0,3311.06,3302.03,3338.14,9.03,1.00,9.03,3320.09,3329.11,3338.14,3347.17,3356.20,0.12,0.00,0.12,3338.14,4.00,0.00,0.00,3316.96,3308.71,3308.90,3315.80,3307.93,-0.036,5.30,45.63,76.72,76.72,7.39,6.78,0.62,3320.60,3339.69,1426,586,100.0,0.0,13,1,CROSS=EMA9>EMA21;TREND=1;STRUCT=1;VOL=1;COOL=1;EMA50=1;VWAP=1;BIAS=1,4.00,-0.35,23033.24,23467.04,stop trailed to TP3
644,2025.04.24 04:06:04,2025.04.24 06:36:04,TP4_REACHED,XAUUSD,M5,236,BUY,FULLTGT,DAY,0,3311.06,3302.03,3338.14,9.03,1.00,9.03,3320.09,3329.11,3338.14,3347.17,3356.20,0.12,0.00,0.12,3347.17,4.00,4.00,0.00,3316.96,3308.71,3308.90,3315.80,3307.93,-0.036,5.30,45.63,76.72,76.72,7.39,6.78,0.62,3320.60,3339.69,1426,586,100.0,0.0,13,1,CROSS=EMA9>EMA21;TREND=1;STRUCT=1;VOL=1;COOL=1;EMA50=1;VWAP=1;BIAS=1,4.00,-0.35,23033.24,23467.04,full target: no partial booked
645,2025.04.24 04:18:28,2025.04.24 06:48:28,TP5_EXIT,XAUUSD,M5,236,BUY,FULLTGT,DAY,0,3311.06,3302.03,3338.14,9.03,1.00,9.03,3320.09,3329.11,3338.14,3347.17,3356.20,0.12,0.12,0.00,3356.24,5.00,5.00,0.00,3319.78,3310.55,3309.83,3318.32,3309.60,0.122,5.96,49.27,81.60,81.60,8.73,7.42,1.30,3323.73,3348.22,1203,696,100.0,0.0,10,1,CROSS=EMA9>EMA21;TREND=1;STRUCT=1;VOL=1;COOL=1;EMA50=1;VWAP=1;BIAS=1,5.00,-0.35,23574.98,23574.98,full target reached; closed in full
646,2025.04.24 04:18:28,2025.04.24 06:48:28,EXIT_TP,XAUUSD,M5,236,BUY,FULLTGT,DAY,0,3311.06,3302.03,3338.14,9.03,1.00,9.03,3320.09,3329.11,3338.14,3347.17,3356.20,0.12,0.12,0.00,3356.24,0.00,5.00,541.32,3319.78,3310.55,3309.83,3318.32,3309.60,0.122,5.96,49.27,81.60,81.60,8.73,7.42,1.30,3323.73,3348.22,1203,696,100.0,0.0,10,1,CROSS=EMA9>EMA21;TREND=1;STRUCT=1;VOL=1;COOL=1;EMA50=1;VWAP=1;BIAS=1,5.00,-0.35,23574.98,23574.98,TP5 exit
647,2025.04.24 10:00:00,2025.04.24 12:30:00,ENTRY,XAUUSD,M5,238,SELL,FULLTGT,DAY,0,3324.70,3335.37,3335.37,10.67,1.00,10.67,3314.03,3303.35,3292.68,3282.01,3271.34,0.11,0.11,0.11,3324.70,0.00,0.00,0.00,3326.57,3326.60,3322.89,3326.67,3326.64,0.696,5.34,26.52,49.43,49.43,-1.86,-2.35,0.50,3333.66,3324.74,1098,909,14.3,85.7,8,1,CROSS=EMA9<EMA21;TREND=1;STRUCT=1;VOL=1;COOL=1;EMA50=1;VWAP=1;BIAS=1,0.00,0.00,23574.59,23573.71,KZ=LONDON; KZR=London L @ 3286.04 208 bars ago (low taken); DAY 12AM-4PM IST session: stop x1.00 of usual; no partials; full size to TP5; SL steps BE->TP1->TP2->TP3
648,2025.04.24 10:04:37,2025.04.24 12:34:37,EXIT_SL,XAUUSD,M5,238,SELL,FULLTGT,DAY,0,3324.70,3335.37,3335.37,10.67,1.00,10.67,3314.03,3303.35,3292.68,3282.01,3271.34,0.11,0.11,0.00,3335.38,0.00,-1.00,-118.26,3326.57,3326.60,3322.89,3326.67,3326.64,0.696,5.34,26.52,49.43,49.43,-1.86,-2.35,0.50,3333.66,3324.74,1098,909,14.3,85.7,6,1,CROSS=EMA9<EMA21;TREND=1;STRUCT=1;VOL=1;COOL=1;EMA50=1;VWAP=1;BIAS=1,0.05,-1.00,23456.72,23456.72,stopped at the initial SL (x1.00 of usual)
649,2025.04.24 10:05:00,2025.04.24 12:35:00,ENTRY,XAUUSD,M5,240,BUY,FULLTGT,DAY,0,3334.80,3323.15,3323.15,11.65,1.00,11.65,3346.45,3358.10,3369.75,3381.41,3393.06,0.10,0.10,0.10,3334.80,0.00,0.00,0.00,3326.99,3326.81,3323.04,3326.57,3326.60,0.647,5.83,27.13,63.04,63.04,-0.76,-2.21,1.45,3333.63,3335.12,1069,941,100.0,0.0,5,1,CROSS=EMA9>EMA21;TREND=1;STRUCT=1;VOL=1;COOL=1;EMA50=1;VWAP=1;BIAS=1,0.00,0.00,23456.37,23455.87,KZ=LONDON; KZR=London L @ 3286.04 209 bars ago (low taken); DAY 12AM-4PM IST session: stop x1.00 of usual; no partials; full size to TP5; SL steps BE->TP1->TP2->TP3
650,2025.04.24 16:32:39,2025.04.24 19:02:39,EXIT_SL,XAUUSD,M5,240,BUY,FULLTGT,EVENING,0,3334.80,3323.15,3323.15,11.65,1.00,11.65,3346.45,3358.10,3369.75,3381.41,3393.06,0.10,0.10,0.00,3323.10,0.00,-1.00,-117.70,3335.09,3333.86,3330.32,3335.32,3333.95,0.716,4.95,28.08,42.62,42.62,-1.52,-0.01,-1.51,3333.98,3330.58,813,795,14.3,85.7,11,1,CROSS=EMA9>EMA21;TREND=1;STRUCT=1;VOL=1;COOL=1;EMA50=1;VWAP=1;BIAS=1,0.85,-1.00,23339.02,23339.02,stopped at the initial SL (x1.00 of usual)
651,2025.04.24 16:50:00,2025.04.24 19:20:00,ENTRY,XAUUSD,M5,242,SELL,FULLTGT,EVENING,0,3315.76,3327.71,3327.71,11.95,1.00,11.95,3303.81,3291.87,3279.92,3267.98,3256.03,0.09,0.09,0.09,3315.76,0.00,0.00,0.00,3332.42,3332.59,3329.85,3333.28,3333.02,0.460,5.97,37.85,27.74,27.74,-4.29,-1.84,-2.45,3333.50,3315.76,1312,929,0.0,100.0,5,1,CROSS=EMA9<EMA21;TREND=1;STRUCT=1;VOL=1;COOL=1;EMA50=1;VWAP=1;BIAS=1,0.00,0.00,23338.70,23338.25,KZ=NY; KZR=London L @ 3286.04 290 bars ago (low taken); EVENING 4PM-12AM IST session: stop x1.00 of usual; no partials; full size to TP5; SL steps BE->TP1->TP2->TP3
652,2025.04.24 17:45:36,2025.04.24 20:15:36,EXIT_SL,XAUUSD,M5,242,SELL,FULLTGT,EVENING,0,3315.76,3327.71,3327.71,11.95,1.00,11.95,3303.81,3291.87,3279.92,3267.98,3256.03,0.09,0.09,0.00,3327.74,0.00,-1.00,-108.46,3325.79,3328.71,3328.11,3325.76,3328.77,0.096,6.26,31.88,54.09,54.09,-3.46,-5.60,2.14,3331.91,3326.52,1173,1130,71.4,28.6,11,1,CROSS=EMA9<EMA21;TREND=1;STRUCT=1;VOL=1;COOL=1;EMA50=1;VWAP=1;BIAS=1,0.76,-1.00,23230.56,23230.56,stopped at the initial SL (x1.00 of usual)
653,2025.04.24 20:25:00,2025.04.24 22:55:00,SKIP,XAUUSD,M5,242,FLAT,NA,EVENING,0,0.00,0.00,0.00,0.00,1.00,0.00,0.00,0.00,0.00,0.00,0.00,0.00,0.00,0.00,0.00,0.00,0.00,0.00,3328.99,3328.98,3328.37,3328.76,3328.87,0.187,3.28,37.62,56.95,56.95,2.05,1.39,0.67,3331.34,3333.44,862,663,85.7,14.3,12,1,CROSS=EMA9<EMA21;TREND=1;STRUCT=1;VOL=1;COOL=1;EMA50=1;VWAP=1;BIAS=1,0.00,0.00,23230.56,23230.56,outside the killzone window
654,2025.04.25 01:00:00,2025.04.25 03:30:00,DAY_SUMMARY,XAUUSD,M5,242,FLAT,NA,DAY,0,0.00,0.00,0.00,0.00,1.00,0.00,0.00,0.00,0.00,0.00,0.00,0.00,0.00,0.00,0.00,0.00,2.00,196.90,3339.78,3336.32,3333.03,3339.32,3336.00,1.144,2.88,46.54,68.52,68.52,2.90,2.06,0.84,3331.95,3348.58,132,297,85.7,0.0,11,1,CROSS=EMA9<EMA21;TREND=1;STRUCT=1;VOL=1;COOL=1;EMA50=1;VWAP=1;BIAS=1,0.00,0.00,23230.56,23230.56,2025.04.24 trades=4 W=1 L=3 gross_profit=541.32 gross_loss=344.42 net=196.90 PF=1.57
655,2025.04.25 07:00:00,2025.04.25 09:30:00,SKIP,XAUUSD,M5,242,FLAT,NA,DAY,0,0.00,0.00,0.00,0.00,1.00,0.00,0.00,0.00,0.00,0.00,0.00,0.00,0.00,0.00,0.00,0.00,0.00,0.00,3347.27,3347.54,3343.71,3348.48,3348.14,0.863,4.44,32.46,20.09,20.09,-4.05,-1.46,-2.59,3351.66,3323.67,1059,612,0.0,100.0,13,1,CROSS=EMA9<EMA21;TREND=1;STRUCT=1;VOL=1;COOL=1;EMA50=1;VWAP=1;BIAS=1,0.00,0.00,23230.56,23230.56,outside the killzone window
656,2025.04.25 22:30:00,2025.04.26 01:00:00,SKIP,XAUUSD,M5,242,FLAT,NA,DAY,0,0.00,0.00,0.00,0.00,1.00,0.00,0.00,0.00,0.00,0.00,0.00,0.00,0.00,0.00,0.00,0.00,0.00,0.00,3289.51,3289.38,3295.79,3289.24,3289.25,-3.089,2.08,33.39,61.28,61.28,1.13,1.04,0.09,3307.22,3294.71,308,375,71.4,14.3,7,1,CROSS=EMA9<EMA21;TREND=1;STRUCT=1;VOL=1;COOL=1;EMA50=1;VWAP=1;BIAS=1,0.00,0.00,23230.56,23230.56,outside the killzone window
657,2025.04.28 01:00:00,2025.04.28 03:30:00,WEEK_SUMMARY,XAUUSD,M5,242,FLAT,NA,DAY,0,0.00,0.00,0.00,0.00,1.00,0.00,0.00,0.00,0.00,0.00,0.00,0.00,0.00,0.00,0.00,0.00,2.00,196.90,3301.46,3296.53,3298.42,3300.58,3295.97,-0.652,2.90,60.92,81.59,81.59,5.67,4.90,0.77,3307.22,3318.62,185,338,85.7,0.0,11,1,CROSS=EMA9<EMA21;TREND=1;STRUCT=1;VOL=1;COOL=1;EMA50=1;VWAP=1;BIAS=1,0.00,0.00,23230.56,23230.56,days=1 trades=4 W=1 L=3 gross_profit=541.32 gross_loss=344.42 net=196.90 PF=1.57 pips=1082.0
658,2025.04.28 05:00:00,2025.04.28 07:30:00,SKIP,XAUUSD,M5,242,FLAT,NA,DAY,0,0.00,0.00,0.00,0.00,1.00,0.00,0.00,0.00,0.00,0.00,0.00,0.00,0.00,0.00,0.00,0.00,0.00,0.00,3301.49,3301.93,3301.69,3302.55,3302.46,0.037,6.31,42.02,24.20,24.20,-6.62,-4.01,-2.61,3305.00,3280.89,706,713,0.0,85.7,12,1,CROSS=EMA9<EMA21;TREND=1;STRUCT=1;VOL=1;COOL=1;EMA50=1;VWAP=1;BIAS=1,0.00,0.00,23230.56,23230.56,already positioned that way
659,2025.04.28 15:05:00,2025.04.28 17:35:00,ENTRY,XAUUSD,M5,244,BUY,FULLTGT,EVENING,0,3295.17,3288.64,3288.64,6.53,1.00,6.53,3301.70,3308.23,3314.76,3321.28,3327.81,0.17,0.17,0.17,3295.17,0.00,0.00,0.00,3287.79,3287.78,3290.30,3287.41,3287.59,-0.771,3.26,40.78,68.82,68.82,2.70,2.24,0.46,3291.41,3295.12,809,613,100.0,0.0,5,1,CROSS=EMA9>EMA21;TREND=1;STRUCT=1;VOL=1;COOL=1;EMA50=1;VWAP=1;BIAS=1,0.00,0.00,23229.96,23229.11,KZ=NY; KZR=London L @ 3277.82 30 bars ago (low taken); EVENING 4PM-12AM IST session: stop x1.00 of usual; no partials; full size to TP5; SL steps BE->TP1->TP2->TP3
660,2025.04.28 15:27:40,2025.04.28 17:57:40,SL_MOVE,XAUUSD,M5,244,BUY,FULLTGT,EVENING,0,3295.17,3288.64,3295.17,6.53,1.00,6.53,3301.70,3308.23,3314.76,3321.28,3327.81,0.17,0.00,0.17,3295.17,1.00,0.00,0.00,3289.43,3288.64,3290.61,3288.94,3288.37,-0.615,3.21,41.80,73.40,73.40,3.19,2.72,0.47,3291.57,3299.10,978,658,100.0,0.0,8,1,CROSS=EMA9>EMA21;TREND=1;STRUCT=1;VOL=1;COOL=1;EMA50=1;VWAP=1;BIAS=1,1.00,-0.35,23229.96,23341.31,stop to breakeven
661,2025.04.28 15:27:40,2025.04.28 17:57:40,TP1_REACHED,XAUUSD,M5,244,BUY,FULLTGT,EVENING,0,3295.17,3288.64,3295.17,6.53,1.00,6.53,3301.70,3308.23,3314.76,3321.28,3327.81,0.17,0.00,0.17,3301.70,1.00,1.00,0.00,3289.43,3288.64,3290.61,3288.94,3288.37,-0.615,3.21,41.80,73.40,73.40,3.19,2.72,0.47,3291.57,3299.10,978,658,100.0,0.0,8,1,CROSS=EMA9>EMA21;TREND=1;STRUCT=1;VOL=1;COOL=1;EMA50=1;VWAP=1;BIAS=1,1.00,-0.35,23229.96,23341.31,full target: no partial booked
662,2025.04.28 15:51:05,2025.04.28 18:21:05,EXIT_BE,XAUUSD,M5,244,BUY,FULLTGT,EVENING,0,3295.17,3288.64,3295.17,6.53,1.00,6.53,3301.70,3308.23,3314.76,3321.28,3327.81,0.17,0.17,0.00,3295.15,0.00,-0.00,-1.54,3291.69,3289.94,3291.16,3291.37,3289.73,-0.365,3.36,37.71,60.76,60.76,3.40,3.32,0.08,3291.87,3298.03,721,690,85.7,14.3,8,1,CROSS=EMA9>EMA21;TREND=1;STRUCT=1;VOL=1;COOL=1;EMA50=1;VWAP=1;BIAS=1,1.10,-0.35,23229.02,23229.02,stopped at breakeven
663,2025.04.29 01:00:00,2025.04.29 03:30:00,DAY_SUMMARY,XAUUSD,M5,244,FLAT,NA,DAY,0,0.00,0.00,0.00,0.00,1.00,0.00,0.00,0.00,0.00,0.00,0.00,0.00,0.00,0.00,0.00,0.00,-0.00,-1.54,3344.87,3336.21,3323.06,3344.92,3336.02,6.140,2.14,33.88,40.23,40.23,-0.16,1.29,-1.45,3304.66,3343.99,139,285,28.6,57.1,11,1,CROSS=EMA9>EMA21;TREND=1;STRUCT=1;VOL=1;COOL=1;EMA50=1;VWAP=1;BIAS=1,0.00,0.00,23229.02,23229.02,2025.04.28 trades=1 W=0 L=1 gross_profit=0.00 gross_loss=1.54 net=-1.54 PF=0.00
664,2025.04.29 04:30:00,2025.04.29 07:00:00,ENTRY,XAUUSD,M5,246,SELL,FULLTGT,DAY,0,3331.33,3339.12,3339.12,7.79,1.00,7.79,3323.54,3315.75,3307.96,3300.18,3292.39,0.14,0.14,0.14,3331.33,0.00,0.00,0.00,3335.10,3335.14,3327.93,3335.29,3335.24,1.851,3.89,14.47,43.89,43.89,-2.11,-2.30,0.20,3334.54,3331.33,393,483,14.3,57.1,7,1,CROSS=EMA9<EMA21;TREND=1;STRUCT=1;VOL=1;COOL=1;EMA50=1;VWAP=1;BIAS=1,0.00,0.00,23228.53,23227.55,KZ=ASIA; KZR=London L @ 3277.82 191 bars ago (low taken); DAY 12AM-4PM IST session: stop x1.00 of usual; no partials; full size to TP5; SL steps BE->TP1->TP2->TP3
665,2025.04.29 04:37:00,2025.04.29 07:07:00,EXIT_SL,XAUUSD,M5,246,SELL,FULLTGT,DAY,0,3331.33,3339.12,3339.12,7.79,1.00,7.79,3323.54,3315.75,3307.96,3300.18,3292.39,0.14,0.14,0.00,3339.12,0.00,-1.00,-110.04,3335.08,3335.13,3328.02,3335.10,3335.14,1.825,3.90,13.85,52.47,52.47,-1.68,-2.29,0.61,3334.49,3334.73,618,501,71.4,14.3,13,1,CROSS=EMA9<EMA21;TREND=1;STRUCT=1;VOL=1;COOL=1;EMA50=1;VWAP=1;BIAS=1,0.18,-1.00,23118.98,23118.98,stopped at the initial SL (x1.00 of usual)
666,2025.04.29 19:40:00,2025.04.29 22:10:00,SKIP,XAUUSD,M5,246,FLAT,NA,EVENING,0,0.00,0.00,0.00,0.00,1.00,0.00,0.00,0.00,0.00,0.00,0.00,0.00,0.00,0.00,0.00,0.00,0.00,0.00,3313.68,3313.50,3315.21,3313.21,3313.26,-0.467,3.67,33.71,65.63,65.63,2.02,0.83,1.19,3317.21,3323.00,764,678,100.0,0.0,12,1,CROSS=EMA9<EMA21;TREND=1;STRUCT=1;VOL=1;COOL=1;EMA50=1;VWAP=1;BIAS=1,0.00,0.00,23118.98,23118.98,outside the killzone window
667,2025.04.30 01:00:00,2025.04.30 03:30:00,DAY_SUMMARY,XAUUSD,M5,246,FLAT,NA,DAY,0,0.00,0.00,0.00,0.00,1.00,0.00,0.00,0.00,0.00,0.00,0.00,0.00,0.00,0.00,0.00,0.00,-1.00,-110.04,3320.12,3318.98,3318.11,3320.27,3319.02,0.416,2.09,33.24,38.25,38.25,-0.71,-0.07,-0.64,3317.89,3317.20,154,301,14.3,71.4,11,1,CROSS=EMA9<EMA21;TREND=1;STRUCT=1;VOL=1;COOL=1;EMA50=1;VWAP=1;BIAS=1,0.00,0.00,23118.98,23118.98,2025.04.29 trades=1 W=0 L=1 gross_profit=0.00 gross_loss=110.04 net=-110.04 PF=0.00
668,2025.04.30 02:30:00,2025.04.30 05:00:00,SKIP,XAUUSD,M5,246,FLAT,NA,DAY,0,0.00,0.00,0.00,0.00,1.00,0.00,0.00,0.00,0.00,0.00,0.00,0.00,0.00,0.00,0.00,0.00,0.00,0.00,3318.35,3318.39,3317.98,3318.45,3318.44,0.167,2.45,32.08,46.06,46.06,-1.31,-1.04,-0.27,3317.33,3316.45,177,185,0.0,85.7,8,1,CROSS=EMA9<EMA21;TREND=1;STRUCT=1;VOL=1;COOL=1;EMA50=1;VWAP=1;BIAS=1,0.00,0.00,23118.98,23118.98,already positioned that way
669,2025.04.30 03:15:00,2025.04.30 05:45:00,ENTRY,XAUUSD,M5,248,BUY,FULLTGT,DAY,0,3324.35,3318.08,3318.08,6.27,1.00,6.27,3330.62,3336.89,3343.16,3349.43,3355.70,0.18,0.18,0.18,3324.35,0.00,0.00,0.00,3318.54,3318.45,3318.05,3318.25,3318.31,0.129,3.13,31.03,67.02,67.02,0.62,-0.66,1.28,3318.35,3324.17,505,240,100.0,0.0,13,1,CROSS=EMA9>EMA21;TREND=1;STRUCT=1;VOL=1;COOL=1;EMA50=1;VWAP=1;BIAS=1,0.00,0.00,23118.35,23116.01,KZ=ASIA; KZR=London L @ 3277.82 464 bars ago (low taken); DAY 12AM-4PM IST session: stop x1.00 of usual; no partials; full size to TP5; SL steps BE->TP1->TP2->TP3
670,2025.04.30 03:31:21,2025.04.30 06:01:21,EXIT_SL,XAUUSD,M5,248,BUY,FULLTGT,DAY,0,3324.35,3318.08,3318.08,6.27,1.00,6.27,3330.62,3336.89,3343.16,3349.43,3355.70,0.18,0.18,0.00,3318.03,0.00,-1.01,-115.02,3318.80,3318.59,3318.13,3318.77,3318.57,0.152,3.02,27.22,51.65,51.65,0.71,-0.02,0.73,3318.77,3319.38,386,279,85.7,14.3,10,1,CROSS=EMA9>EMA21;TREND=1;STRUCT=1;VOL=1;COOL=1;EMA50=1;VWAP=1;BIAS=1,0.03,-1.00,23003.96,23003.96,stopped at the initial SL (x1.00 of usual)
671,2025.04.30 03:50:00,2025.04.30 06:20:00,ENTRY,XAUUSD,M5,250,SELL,FULLTGT,DAY,0,3311.92,3318.09,3318.09,6.17,1.00,6.17,3305.75,3299.58,3293.41,3287.25,3281.08,0.18,0.18,0.18,3311.92,0.00,0.00,0.00,3318.12,3318.26,3317.99,3318.44,3318.42,0.089,3.08,27.35,34.80,34.80,-0.60,0.36,-0.96,3318.21,3311.92,453,325,0.0,100.0,9,1,CROSS=EMA9<EMA21;TREND=1;STRUCT=1;VOL=1;COOL=1;EMA50=1;VWAP=1;BIAS=1,0.00,0.00,23003.33,23001.71,KZ=ASIA; KZR=London L @ 3277.82 471 bars ago (low taken); DAY 12AM-4PM IST session: stop x1.00 of usual; no partials; full size to TP5; SL steps BE->TP1->TP2->TP3
672,2025.04.30 04:17:39,2025.04.30 06:47:39,EXIT_SL,XAUUSD,M5,250,SELL,FULLTGT,DAY,0,3311.92,3318.09,3318.09,6.17,1.00,6.17,3305.75,3299.58,3293.41,3287.25,3281.08,0.18,0.18,0.00,3318.09,0.00,-1.00,-112.32,3316.95,3317.62,3317.68,3317.01,3317.67,-0.015,3.51,35.42,49.03,49.03,-1.43,-0.71,-0.72,3316.77,3315.87,583,426,14.3,85.7,9,1,CROSS=EMA9<EMA21;TREND=1;STRUCT=1;VOL=1;COOL=1;EMA50=1;VWAP=1;BIAS=1,0.57,-0.99,22891.64,22891.64,stopped at the initial SL (x1.00 of usual)
673,2025.04.30 16:40:00,2025.04.30 19:10:00,ENTRY,XAUUSD,M5,252,BUY,FULLTGT,EVENING,0,3319.35,3305.21,3305.21,14.14,1.00,14.14,3333.49,3347.62,3361.76,3375.90,3390.04,0.08,0.08,0.08,3319.35,0.00,0.00,0.00,3291.80,3291.72,3297.28,3290.40,3291.03,-0.786,7.07,34.94,73.86,73.86,7.94,6.34,1.60,3299.74,3319.26,1331,1062,100.0,0.0,7,1,CROSS=EMA9>EMA21;TREND=1;STRUCT=1;VOL=1;COOL=1;EMA50=1;VWAP=1;BIAS=1,0.00,0.00,22891.36,22890.80,KZ=NY; KZR=Asia L @ 3267.99 19 bars ago (low taken); EVENING 4PM-12AM IST session: stop x1.00 of usual; no partials; full size to TP5; SL steps BE->TP1->TP2->TP3
674,2025.04.30 16:57:15,2025.04.30 19:27:15,EXIT_SL,XAUUSD,M5,252,BUY,FULLTGT,EVENING,0,3319.35,3305.21,3305.21,14.14,1.00,14.14,3333.49,3347.62,3361.76,3375.90,3390.04,0.08,0.08,0.00,3305.21,0.00,-1.00,-113.68,3294.93,3293.35,3297.91,3294.14,3292.93,-0.664,6.86,36.45,61.93,61.93,8.30,7.41,0.88,3300.21,3310.31,1184,1113,85.7,14.3,5,1,CROSS=EMA9>EMA21;TREND=1;STRUCT=1;VOL=1;COOL=1;EMA50=1;VWAP=1;BIAS=1,0.03,-1.00,22777.96,22777.96,stopped at the initial SL (x1.00 of usual)
675,2025.04.30 23:00:00,2025.05.01 01:30:00,SKIP,XAUUSD,M5,252,FLAT,NA,DAY,0,0.00,0.00,0.00,0.00,1.00,0.00,0.00,0.00,0.00,0.00,0.00,0.00,0.00,0.00,0.00,0.00,0.00,0.00,3302.17,3302.32,3302.05,3302.50,3302.48,0.099,2.76,45.54,37.63,37.63,-3.04,-2.20,-0.85,3301.98,3295.89,648,430,14.3,85.7,12,1,CROSS=EMA9>EMA21;TREND=1;STRUCT=1;VOL=1;COOL=1;EMA50=1;VWAP=1;BIAS=1,0.00,0.00,22777.96,22777.96,outside the killzone window
676,2025.05.01 01:00:00,2025.05.01 03:30:00,DAY_SUMMARY,XAUUSD,M5,252,FLAT,NA,DAY,0,0.00,0.00,0.00,0.00,1.00,0.00,0.00,0.00,0.00,0.00,0.00,0.00,0.00,0.00,0.00,0.00,-3.01,-341.02,3297.07,3299.40,3300.53,3297.52,3299.68,-0.355,3.18,40.61,32.78,32.78,-3.58,-3.43,-0.15,3301.67,3288.27,240,433,0.0,85.7,11,1,CROSS=EMA9>EMA21;TREND=1;STRUCT=1;VOL=1;COOL=1;EMA50=1;VWAP=1;BIAS=1,0.00,0.00,22777.96,22777.96,2025.04.30 trades=3 W=0 L=3 gross_profit=0.00 gross_loss=341.02 net=-341.02 PF=0.00
677,2025.05.01 01:00:00,2025.05.01 03:30:00,MONTH_SUMMARY,XAUUSD,M5,252,FLAT,NA,DAY,0,0.00,0.00,0.00,0.00,1.00,0.00,0.00,0.00,0.00,0.00,0.00,0.00,0.00,0.00,0.00,0.00,-9.53,-1146.21,3297.07,3299.40,3300.53,3297.52,3299.68,-0.355,3.18,40.61,32.78,32.78,-3.58,-3.43,-0.15,3301.67,3288.27,240,433,0.0,85.7,11,1,CROSS=EMA9>EMA21;TREND=1;STRUCT=1;VOL=1;COOL=1;EMA50=1;VWAP=1;BIAS=1,0.00,0.00,22777.96,22777.96,days=12 trades=28 W=4 L=24 gross_profit=1038.94 gross_loss=2185.15 net=-1146.21 PF=0.48 pips=-8891.0
678,2025.05.01 22:30:00,2025.05.02 01:00:00,SKIP,XAUUSD,M5,252,FLAT,NA,DAY,0,0.00,0.00,0.00,0.00,1.00,0.00,0.00,0.00,0.00,0.00,0.00,0.00,0.00,0.00,0.00,0.00,0.00,0.00,3220.10,3220.05,3225.84,3219.80,3219.91,-2.336,2.48,27.37,62.53,62.53,2.60,2.54,0.06,3230.30,3225.86,256,432,71.4,14.3,7,1,CROSS=EMA9>EMA21;TREND=1;STRUCT=1;VOL=1;COOL=1;EMA50=1;VWAP=1;BIAS=1,0.00,0.00,22777.96,22777.96,outside the killzone window
679,2025.05.02 16:35:00,2025.05.02 19:05:00,ENTRY,XAUUSD,M5,254,SELL,FULLTGT,EVENING,0,3251.41,3265.26,3265.26,13.85,1.00,13.85,3237.56,3223.70,3209.85,3196.00,3182.15,0.08,0.08,0.08,3251.41,0.00,0.00,0.00,3257.08,3257.13,3252.91,3257.37,3257.27,0.609,6.93,28.33,44.13,44.13,-2.79,-3.04,0.25,3252.11,3251.41,1310,1040,14.3,85.7,8,1,CROSS=EMA9<EMA21;TREND=1;STRUCT=1;VOL=1;COOL=1;EMA50=1;VWAP=1;BIAS=1,0.00,0.00,22777.68,22777.04,KZ=NY; KZR=London L @ 3226.09 337 bars ago (low taken); EVENING 4PM-12AM IST session: stop x1.00 of usual; no partials; full size to TP5; SL steps BE->TP1->TP2->TP3
680,2025.05.02 18:15:00,2025.05.02 20:45:00,SKIP,XAUUSD,M5,254,SELL,FULLTGT,EVENING,0,3251.41,3265.26,3265.26,13.85,1.00,13.85,3237.56,3223.70,3209.85,3196.00,3182.15,0.08,0.00,0.00,0.00,0.00,0.00,0.00,3256.56,3256.52,3253.43,3256.22,3256.35,0.609,5.07,28.67,59.47,59.47,2.16,0.70,1.45,3252.43,3263.35,679,1093,85.7,0.0,8,1,CROSS=EMA9<EMA21;TREND=1;STRUCT=1;VOL=1;COOL=1;EMA50=1;VWAP=1;BIAS=1,0.66,-0.96,22777.68,22681.52,outside the killzone window
681,2025.05.02 18:25:00,2025.05.02 20:55:00,SKIP,XAUUSD,M5,254,SELL,FULLTGT,EVENING,0,3251.41,3265.26,3265.26,13.85,1.00,13.85,3237.56,3223.70,3209.85,3196.00,3182.15,0.08,0.00,0.00,0.00,0.00,0.00,0.00,3256.38,3256.43,3253.46,3256.57,3256.52,0.588,5.05,24.82,45.39,45.39,1.22,1.15,0.07,3252.49,3252.72,958,1051,28.6,42.9,6,1,CROSS=EMA9<EMA21;TREND=1;STRUCT=1;VOL=1;COOL=1;EMA50=1;VWAP=1;BIAS=1,0.66,-0.96,22777.68,22766.72,outside the killzone window
682,2025.05.02 18:36:58,2025.05.02 21:06:58,SL_MOVE,XAUUSD,M5,254,SELL,FULLTGT,EVENING,0,3251.41,3265.26,3251.41,13.85,1.00,13.85,3237.56,3223.70,3209.85,3196.00,3182.15,0.08,0.00,0.08,3251.41,1.00,0.00,0.00,3255.46,3255.96,3253.29,3256.12,3256.30,0.500,5.33,29.98,35.64,35.64,-0.56,1.17,-1.74,3252.42,3242.48,1114,1027,0.0,100.0,8,1,CROSS=EMA9<EMA21;TREND=1;STRUCT=1;VOL=1;COOL=1;EMA50=1;VWAP=1;BIAS=1,1.00,-0.96,22777.68,22888.64,stop to breakeven
683,2025.05.02 18:36:58,2025.05.02 21:06:58,TP1_REACHED,XAUUSD,M5,254,SELL,FULLTGT,EVENING,0,3251.41,3265.26,3251.41,13.85,1.00,13.85,3237.56,3223.70,3209.85,3196.00,3182.15,0.08,0.00,0.08,3237.56,1.00,1.00,0.00,3255.46,3255.96,3253.29,3256.12,3256.30,0.500,5.33,29.98,35.64,35.64,-0.56,1.17,-1.74,3252.42,3242.48,1114,1027,0.0,100.0,8,1,CROSS=EMA9<EMA21;TREND=1;STRUCT=1;VOL=1;COOL=1;EMA50=1;VWAP=1;BIAS=1,1.00,-0.96,22777.68,22888.64,full target: no partial booked
684,2025.05.02 19:58:31,2025.05.02 22:28:31,SL_MOVE,XAUUSD,M5,254,SELL,FULLTGT,EVENING,0,3251.41,3265.26,3237.56,13.85,1.00,13.85,3237.56,3223.70,3209.85,3196.00,3182.15,0.08,0.00,0.08,3237.56,2.00,0.00,0.00,3242.33,3248.00,3249.42,3243.15,3248.54,-0.278,5.10,39.63,33.36,33.36,-5.83,-6.27,0.44,3250.06,3226.42,801,1005,14.3,71.4,12,1,CROSS=EMA9<EMA21;TREND=1;STRUCT=1;VOL=1;COOL=1;EMA50=1;VWAP=1;BIAS=1,2.00,-0.96,22777.68,22999.36,stop trailed to TP1
685,2025.05.02 19:58:31,2025.05.02 22:28:31,TP2_REACHED,XAUUSD,M5,254,SELL,FULLTGT,EVENING,0,3251.41,3265.26,3237.56,13.85,1.00,13.85,3237.56,3223.70,3209.85,3196.00,3182.15,0.08,0.00,0.08,3223.70,2.00,2.00,0.00,3242.33,3248.00,3249.42,3243.15,3248.54,-0.278,5.10,39.63,33.36,33.36,-5.83,-6.27,0.44,3250.06,3226.42,801,1005,14.3,71.4,12,1,CROSS=EMA9<EMA21;TREND=1;STRUCT=1;VOL=1;COOL=1;EMA50=1;VWAP=1;BIAS=1,2.00,-0.96,22777.68,22999.36,full target: no partial booked
686,2025.05.02 20:24:04,2025.05.02 22:54:04,EXIT_TRAIL_SL,XAUUSD,M5,254,SELL,FULLTGT,EVENING,0,3251.41,3265.26,3237.56,13.85,1.00,13.85,3237.56,3223.70,3209.85,3196.00,3182.15,0.08,0.08,0.00,3237.57,0.00,1.00,110.16,3239.55,3245.84,3248.21,3239.81,3246.12,-0.521,4.56,31.39,47.96,47.96,-4.37,-5.55,1.18,3249.38,3234.54,669,978,14.3,71.4,11,1,CROSS=EMA9<EMA21;TREND=1;STRUCT=1;VOL=1;COOL=1;EMA50=1;VWAP=1;BIAS=1,2.09,-0.96,22888.12,22888.12,stopped at a trailed level
687,2025.05.05 01:00:00,2025.05.05 03:30:00,DAY_SUMMARY,XAUUSD,M5,254,FLAT,NA,DAY,0,0.00,0.00,0.00,0.00,1.00,0.00,0.00,0.00,0.00,0.00,0.00,0.00,0.00,0.00,0.00,0.00,1.00,110.16,3235.03,3237.55,3241.75,3234.76,3237.48,-1.973,2.13,63.38,65.18,65.18,2.48,2.12,0.36,3247.24,3240.30,91,303,57.1,28.6,11,1,CROSS=EMA9<EMA21;TREND=1;STRUCT=1;VOL=1;COOL=1;EMA50=1;VWAP=1;BIAS=1,0.00,0.00,22888.12,22888.12,2025.05.02 trades=1 W=1 L=0 gross_profit=110.16 gross_loss=0.00 net=110.16 PF=0.00
688,2025.05.05 01:00:00,2025.05.05 03:30:00,WEEK_SUMMARY,XAUUSD,M5,254,FLAT,NA,DAY,0,0.00,0.00,0.00,0.00,1.00,0.00,0.00,0.00,0.00,0.00,0.00,0.00,0.00,0.00,0.00,0.00,1.00,110.16,3235.03,3237.55,3241.75,3234.76,3237.48,-1.973,2.13,63.38,65.18,65.18,2.48,2.12,0.36,3247.24,3240.30,91,303,57.1,28.6,11,1,CROSS=EMA9<EMA21;TREND=1;STRUCT=1;VOL=1;COOL=1;EMA50=1;VWAP=1;BIAS=1,0.00,0.00,22888.12,22888.12,days=1 trades=1 W=1 L=0 gross_profit=110.16 gross_loss=0.00 net=110.16 PF=0.00 pips=1384.0
689,2025.05.05 02:35:00,2025.05.05 05:05:00,ENTRY,XAUUSD,M5,256,BUY,FULLTGT,DAY,0,3247.88,3242.88,3242.88,5.00,1.00,5.00,3252.88,3257.88,3262.88,3267.89,3272.89,0.22,0.22,0.22,3247.88,0.00,0.00,0.00,3239.40,3239.21,3241.76,3238.97,3238.99,-1.023,2.50,43.36,72.23,72.23,2.11,1.78,0.33,3241.70,3247.77,487,318,100.0,0.0,11,1,CROSS=EMA9>EMA21;TREND=1;STRUCT=1;VOL=1;COOL=1;EMA50=1;VWAP=1;BIAS=1,0.00,0.00,22887.35,22884.93,KZ=ASIA; KZR=Asia L @ 3227.46 666 bars ago (low taken); DAY 12AM-4PM IST session: stop x1.00 of usual; no partials; full size to TP5; SL steps BE->TP1->TP2->TP3
690,2025.05.05 03:36:04,2025.05.05 06:06:04,EXIT_SL,XAUUSD,M5,256,BUY,FULLTGT,DAY,0,3247.88,3242.88,3242.88,5.00,1.00,5.00,3252.88,3257.88,3262.88,3267.89,3272.89,0.22,0.22,0.00,3242.84,0.00,-1.01,-112.42,3242.85,3241.27,3242.53,3242.73,3241.17,-0.457,2.75,32.63,53.52,53.52,1.51,2.33,-0.82,3244.37,3245.20,347,369,71.4,14.3,11,1,CROSS=EMA9>EMA21;TREND=1;STRUCT=1;VOL=1;COOL=1;EMA50=1;VWAP=1;BIAS=1,0.89,-1.00,22775.70,22775.70,stopped at the initial SL (x1.00 of usual)
691,2025.05.06 01:00:00,2025.05.06 03:30:00,DAY_SUMMARY,XAUUSD,M5,256,FLAT,NA,DAY,0,0.00,0.00,0.00,0.00,1.00,0.00,0.00,0.00,0.00,0.00,0.00,0.00,0.00,0.00,0.00,0.00,-1.01,-112.42,3327.10,3321.12,3309.36,3326.75,3320.79,4.937,2.38,21.45,63.24,63.24,2.47,2.87,-0.40,3293.24,3333.96,239,461,57.1,14.3,11,1,CROSS=EMA9>EMA21;TREND=1;STRUCT=1;VOL=1;COOL=1;EMA50=1;VWAP=1;BIAS=1,0.00,0.00,22775.70,22775.70,2025.05.05 trades=1 W=0 L=1 gross_profit=0.00 gross_loss=112.42 net=-112.42 PF=0.00
692,2025.05.07 02:25:00,2025.05.07 04:55:00,ENTRY,XAUUSD,M5,258,SELL,FULLTGT,DAY,0,3392.83,3413.15,3413.15,20.32,1.00,20.32,3372.51,3352.18,3331.86,3311.53,3291.21,0.05,0.05,0.05,3392.83,0.00,0.00,0.00,3405.48,3405.79,3396.89,3406.14,3406.12,0.876,10.16,19.74,41.68,41.68,-7.37,-7.69,0.32,3397.90,3392.67,476,802,14.3,57.1,7,1,CROSS=EMA9<EMA21;TREND=1;STRUCT=1;VOL=1;COOL=1;EMA50=1;VWAP=1;BIAS=1,0.00,0.00,22775.52,22775.17,KZ=ASIA; KZR=NY H @ 3397.68 111 bars ago (high taken); DAY 12AM-4PM IST session: stop x1.00 of usual; no partials; full size to TP5; SL steps BE->TP1->TP2->TP3
693,2025.05.07 03:42:37,2025.05.07 06:12:37,SL_MOVE,XAUUSD,M5,258,SELL,FULLTGT,DAY,0,3392.83,3413.15,3392.83,20.32,1.00,20.32,3372.51,3352.18,3331.86,3311.53,3291.21,0.05,0.00,0.05,3392.83,1.00,0.00,0.00,3397.43,3401.09,3395.88,3398.43,3401.68,0.890,5.85,26.14,30.52,30.52,-5.41,-3.86,-1.55,3394.96,3377.89,1040,745,0.0,100.0,13,1,CROSS=EMA9<EMA21;TREND=1;STRUCT=1;VOL=1;COOL=1;EMA50=1;VWAP=1;BIAS=1,1.00,-0.58,22775.52,22877.67,stop to breakeven
694,2025.05.07 03:42:37,2025.05.07 06:12:37,TP1_REACHED,XAUUSD,M5,258,SELL,FULLTGT,DAY,0,3392.83,3413.15,3392.83,20.32,1.00,20.32,3372.51,3352.18,3331.86,3311.53,3291.21,0.05,0.00,0.05,3372.51,1.00,1.00,0.00,3397.43,3401.09,3395.88,3398.43,3401.68,0.890,5.85,26.14,30.52,30.52,-5.41,-3.86,-1.55,3394.96,3377.89,1040,745,0.0,100.0,13,1,CROSS=EMA9<EMA21;TREND=1;STRUCT=1;VOL=1;COOL=1;EMA50=1;VWAP=1;BIAS=1,1.00,-0.58,22775.52,22877.67,full target: no partial booked
695,2025.05.07 05:22:38,2025.05.07 07:52:38,EXIT_BE,XAUUSD,M5,258,SELL,FULLTGT,DAY,0,3392.83,3413.15,3392.83,20.32,1.00,20.32,3372.51,3352.18,3331.86,3311.53,3291.21,0.05,0.05,0.00,3392.89,0.00,-0.00,-0.66,3382.14,3390.02,3390.78,3382.15,3390.23,-0.122,6.23,16.47,54.09,54.09,-2.72,-5.06,2.34,3385.07,3382.02,753,992,42.9,28.6,13,1,CROSS=EMA9<EMA21;TREND=1;STRUCT=1;VOL=1;COOL=1;EMA50=1;VWAP=1;BIAS=1,1.60,-0.58,22775.04,22775.04,stopped at breakeven
696,2025.05.07 10:10:00,2025.05.07 12:40:00,ENTRY,XAUUSD,M5,260,BUY,FULLTGT,DAY,0,3393.83,3386.44,3386.44,7.39,1.00,7.39,3401.22,3408.61,3416.00,3423.39,3430.78,0.15,0.15,0.15,3393.83,0.00,0.00,0.00,3387.77,3387.70,3388.55,3387.46,3387.54,-0.231,3.69,15.08,60.47,60.47,1.84,2.03,-0.19,3385.64,3393.77,700,582,71.4,14.3,6,1,CROSS=EMA9>EMA21;TREND=1;STRUCT=1;VOL=1;COOL=1;EMA50=1;VWAP=1;BIAS=1,0.00,0.00,22774.51,22773.61,KZ=LONDON; KZR=NY H @ 3397.68 204 bars ago (high taken); DAY 12AM-4PM IST session: stop x1.00 of usual; no partials; full size to TP5; SL steps BE->TP1->TP2->TP3
697,2025.05.07 10:33:37,2025.05.07 13:03:37,EXIT_SL,XAUUSD,M5,260,BUY,FULLTGT,DAY,0,3393.83,3386.44,3386.44,7.39,1.00,7.39,3401.22,3408.61,3416.00,3423.39,3430.78,0.15,0.15,0.00,3386.40,0.00,-1.01,-112.51,3388.64,3388.17,3388.75,3388.51,3388.09,-0.160,3.65,14.22,52.60,52.60,1.63,1.88,-0.25,3385.86,3391.10,638,583,71.4,14.3,5,1,CROSS=EMA9>EMA21;TREND=1;STRUCT=1;VOL=1;COOL=1;EMA50=1;VWAP=1;BIAS=1,0.50,-1.00,22662.53,22662.53,stopped at the initial SL (x1.00 of usual)
698,2025.05.07 11:20:00,2025.05.07 13:50:00,SKIP,XAUUSD,M5,260,FLAT,NA,DAY,0,0.00,0.00,0.00,0.00,1.00,0.00,0.00,0.00,0.00,0.00,0.00,0.00,0.00,0.00,0.00,0.00,0.00,0.00,3387.75,3387.78,3388.48,3387.82,3387.81,-0.186,3.76,14.88,46.74,46.74,-0.76,-0.17,-0.59,3385.91,3386.39,511,574,14.3,57.1,9,1,CROSS=EMA9<EMA21;TREND=1;STRUCT=1;VOL=1;COOL=1;EMA50=1;VWAP=0;BIAS=1,0.00,0.00,22662.53,22662.53,quality filter
699,2025.05.07 15:10:00,2025.05.07 17:40:00,SKIP,XAUUSD,M5,260,FLAT,NA,EVENING,0,0.00,0.00,0.00,0.00,1.00,0.00,0.00,0.00,0.00,0.00,0.00,0.00,0.00,0.00,0.00,0.00,0.00,0.00,3385.80,3385.73,3386.67,3385.60,3385.62,-0.283,3.32,13.44,57.34,57.34,0.77,0.88,-0.12,3385.43,3389.82,705,560,71.4,14.3,11,1,CROSS=EMA9>EMA21;TREND=1;STRUCT=1;VOL=1;COOL=1;EMA50=1;VWAP=1;BIAS=1,0.00,0.00,22662.53,22662.53,already positioned that way
700,2025.05.07 18:35:00,2025.05.07 21:05:00,SKIP,XAUUSD,M5,260,FLAT,NA,EVENING,0,0.00,0.00,0.00,0.00,1.00,0.00,0.00,0.00,0.00,0.00,0.00,0.00,0.00,0.00,0.00,0.00,0.00,0.00,3386.86,3386.87,3387.11,3386.91,3386.90,-0.060,3.93,20.65,48.48,48.48,-0.87,-0.89,0.01,3386.08,3385.87,668,942,14.3,57.1,5,1,CROSS=EMA9>EMA21;TREND=1;STRUCT=1;VOL=1;COOL=1;EMA50=1;VWAP=1;BIAS=1,0.00,0.00,22662.53,22662.53,outside the killzone window
701,2025.05.07 21:10:00,2025.05.07 23:40:00,SKIP,XAUUSD,M5,260,FLAT,NA,EVENING,0,0.00,0.00,0.00,0.00,1.00,0.00,0.00,0.00,0.00,0.00,0.00,0.00,0.00,0.00,0.00,0.00,0.00,0.00,3386.38,3386.37,3386.68,3386.00,3386.18,-0.086,3.66,22.58,65.70,65.70,1.02,0.24,0.78,3386.08,3393.88,1207,566,85.7,0.0,13,1,CROSS=EMA9>EMA21;TREND=1;STRUCT=1;VOL=1;COOL=1;EMA50=1;VWAP=1;BIAS=1,0.00,0.00,22662.53,22662.53,outside the killzone window
702,2025.05.07 21:45:00,2025.05.08 00:15:00,SKIP,XAUUSD,M5,260,FLAT,NA,DAY,0,0.00,0.00,0.00,0.00,1.00,0.00,0.00,0.00,0.00,0.00,0.00,0.00,0.00,0.00,0.00,0.00,0.00,0.00,3386.43,3386.43,3386.70,3386.75,3386.59,-0.044,6.15,18.31,39.54,39.54,-0.25,0.85,-1.10,3386.14,3380.17,1042,732,0.0,85.7,14,1,CROSS=EMA9>EMA21;TREND=1;STRUCT=1;VOL=1;COOL=1;EMA50=1;VWAP=1;BIAS=1,0.00,0.00,22662.53,22662.53,outside the killzone window
703,2025.05.08 01:00:00,2025.05.08 03:30:00,DAY_SUMMARY,XAUUSD,M5,260,FLAT,NA,DAY,0,0.00,0.00,0.00,0.00,1.00,0.00,0.00,0.00,0.00,0.00,0.00,0.00,0.00,0.00,0.00,0.00,-1.01,-113.17,3374.91,3379.20,3382.53,3375.45,3379.58,-1.041,3.19,40.67,32.43,32.43,-3.71,-3.63,-0.08,3385.02,3364.44,241,568,0.0,85.7,11,1,CROSS=EMA9>EMA21;TREND=1;STRUCT=1;VOL=1;COOL=1;EMA50=1;VWAP=1;BIAS=1,0.00,0.00,22662.53,22662.53,2025.05.07 trades=2 W=0 L=2 gross_profit=0.00 gross_loss=113.17 net=-113.17 PF=0.00
704,2025.05.08 04:05:00,2025.05.08 06:35:00,SKIP,XAUUSD,M5,260,FLAT,NA,DAY,0,0.00,0.00,0.00,0.00,1.00,0.00,0.00,0.00,0.00,0.00,0.00,0.00,0.00,0.00,0.00,0.00,0.00,0.00,3378.08,3377.97,3380.26,3377.28,3377.57,-0.505,4.52,38.01,70.52,70.52,3.73,3.13,0.61,3377.91,3393.66,1321,464,100.0,0.0,12,1,CROSS=EMA9>EMA21;TREND=1;STRUCT=1;VOL=1;COOL=1;EMA50=1;VWAP=1;BIAS=1,0.00,0.00,22662.53,22662.53,already positioned that way
705,2025.05.08 08:35:00,2025.05.08 11:05:00,ENTRY,XAUUSD,M5,262,SELL,FULLTGT,DAY,0,3376.24,3384.13,3384.13,7.89,1.00,7.89,3368.35,3360.47,3352.58,3344.70,3336.81,0.14,0.14,0.14,3376.24,0.00,0.00,0.00,3388.77,3388.93,3387.15,3389.42,3389.25,0.451,3.94,65.12,31.91,31.91,-6.18,-5.00,-1.18,3391.15,3376.24,1019,600,14.3,85.7,7,1,CROSS=EMA9<EMA21;TREND=1;STRUCT=1;VOL=1;COOL=1;EMA50=1;VWAP=1;BIAS=1,0.00,0.00,22662.04,22661.06,KZ=LONDON; KZR=Asia H @ 3404.52 44 bars ago (high taken); DAY 12AM-4PM IST session: stop x1.00 of usual; no partials; full size to TP5; SL steps BE->TP1->TP2->TP3
706,2025.05.08 08:53:17,2025.05.08 11:23:17,SL_MOVE,XAUUSD,M5,262,SELL,FULLTGT,DAY,0,3376.24,3384.13,3376.24,7.89,1.00,7.89,3368.35,3360.47,3352.58,3344.70,3336.81,0.14,0.00,0.14,3376.24,1.00,0.00,0.00,3386.65,3387.82,3386.66,3387.51,3388.28,0.265,4.40,59.69,26.01,26.01,-6.24,-5.77,-0.47,3390.40,3369.85,853,631,0.0,100.0,13,1,CROSS=EMA9<EMA21;TREND=1;STRUCT=1;VOL=1;COOL=1;EMA50=1;VWAP=1;BIAS=1,1.00,-0.31,22662.04,22773.34,stop to breakeven
707,2025.05.08 08:53:17,2025.05.08 11:23:17,TP1_REACHED,XAUUSD,M5,262,SELL,FULLTGT,DAY,0,3376.24,3384.13,3376.24,7.89,1.00,7.89,3368.35,3360.47,3352.58,3344.70,3336.81,0.14,0.00,0.14,3368.35,1.00,1.00,0.00,3386.65,3387.82,3386.66,3387.51,3388.28,0.265,4.40,59.69,26.01,26.01,-6.24,-5.77,-0.47,3390.40,3369.85,853,631,0.0,100.0,13,1,CROSS=EMA9<EMA21;TREND=1;STRUCT=1;VOL=1;COOL=1;EMA50=1;VWAP=1;BIAS=1,1.00,-0.31,22662.04,22773.34,full target: no partial booked
708,2025.05.08 08:54:31,2025.05.08 11:24:31,SL_MOVE,XAUUSD,M5,262,SELL,FULLTGT,DAY,0,3376.24,3384.13,3368.35,7.89,1.00,7.89,3368.35,3360.47,3352.58,3344.70,3336.81,0.14,0.00,0.14,3368.35,2.00,0.00,0.00,3386.65,3387.82,3386.66,3387.51,3388.28,0.265,4.40,59.69,26.01,26.01,-6.24,-5.77,-0.47,3390.40,3369.85,853,631,0.0,100.0,13,1,CROSS=EMA9<EMA21;TREND=1;STRUCT=1;VOL=1;COOL=1;EMA50=1;VWAP=1;BIAS=1,1.99,-0.31,22662.04,22883.10,stop trailed to TP1
709,2025.05.08 08:54:31,2025.05.08 11:24:31,TP2_REACHED,XAUUSD,M5,262,SELL,FULLTGT,DAY,0,3376.24,3384.13,3368.35,7.89,1.00,7.89,3368.35,3360.47,3352.58,3344.70,3336.81,0.14,0.00,0.14,3360.47,2.00,2.00,0.00,3386.65,3387.82,3386.66,3387.51,3388.28,0.265,4.40,59.69,26.01,26.01,-6.24,-5.77,-0.47,3390.40,3369.85,853,631,0.0,100.0,13,1,CROSS=EMA9<EMA21;TREND=1;STRUCT=1;VOL=1;COOL=1;EMA50=1;VWAP=1;BIAS=1,1.99,-0.31,22662.04,22883.10,full target: no partial booked
710,2025.05.08 09:00:04,2025.05.08 11:30:04,SL_MOVE,XAUUSD,M5,262,SELL,FULLTGT,DAY,0,3376.24,3384.13,3360.47,7.89,1.00,7.89,3368.35,3360.47,3352.58,3344.70,3336.81,0.14,0.00,0.14,3360.47,3.00,0.00,0.00,3383.90,3386.36,3385.94,3385.37,3387.14,0.072,5.72,61.73,17.22,17.22,-8.17,-6.40,-1.77,3389.13,3355.23,1227,685,0.0,100.0,7,1,CROSS=EMA9<EMA21;TREND=1;STRUCT=1;VOL=1;COOL=1;EMA50=1;VWAP=1;BIAS=1,3.00,-0.31,22662.04,22994.54,stop trailed to TP2
711,2025.05.08 09:00:04,2025.05.08 11:30:04,TP3_REACHED,XAUUSD,M5,262,SELL,FULLTGT,DAY,0,3376.24,3384.13,3360.47,7.89,1.00,7.89,3368.35,3360.47,3352.58,3344.70,3336.81,0.14,0.00,0.14,3352.58,3.00,3.00,0.00,3383.90,3386.36,3385.94,3385.37,3387.14,0.072,5.72,61.73,17.22,17.22,-8.17,-6.40,-1.77,3389.13,3355.23,1227,685,0.0,100.0,7,1,CROSS=EMA9<EMA21;TREND=1;STRUCT=1;VOL=1;COOL=1;EMA50=1;VWAP=1;BIAS=1,3.00,-0.31,22662.04,22994.54,full target: no partial booked
712,2025.05.08 09:02:41,2025.05.08 11:32:41,EXIT_TRAIL_SL,XAUUSD,M5,262,SELL,FULLTGT,DAY,0,3376.24,3384.13,3360.47,7.89,1.00,7.89,3368.35,3360.47,3352.58,3344.70,3336.81,0.14,0.14,0.00,3360.50,0.00,2.00,219.38,3383.90,3386.36,3385.94,3385.37,3387.14,0.072,5.72,61.73,17.22,17.22,-8.17,-6.40,-1.77,3389.13,3355.23,1227,685,0.0,100.0,6,1,CROSS=EMA9<EMA21;TREND=1;STRUCT=1;VOL=1;COOL=1;EMA50=1;VWAP=1;BIAS=1,3.19,-0.31,22881.91,22881.91,stopped at a trailed level
713,2025.05.08 16:40:00,2025.05.08 19:10:00,ENTRY,XAUUSD,M5,264,BUY,FULLTGT,EVENING,0,3365.07,3354.53,3354.53,10.54,1.00,10.54,3375.61,3386.16,3396.70,3407.24,3417.78,0.10,0.10,0.10,3365.07,0.00,0.00,0.00,3351.85,3351.57,3358.37,3351.18,3351.23,-1.289,5.27,35.46,66.59,66.59,5.00,4.30,0.70,3363.88,3364.96,1189,915,85.7,14.3,8,1,CROSS=EMA9>EMA21;TREND=1;STRUCT=1;VOL=1;COOL=1;EMA50=1;VWAP=1;BIAS=1,0.00,0.00,22881.56,22880.76,KZ=NY; KZR=Asia H @ 3404.52 141 bars ago (high taken); EVENING 4PM-12AM IST session: stop x1.00 of usual; no partials; full size to TP5; SL steps BE->TP1->TP2->TP3
714,2025.05.08 17:00:37,2025.05.08 19:30:37,EXIT_SL,XAUUSD,M5,264,BUY,FULLTGT,EVENING,0,3365.07,3354.53,3354.53,10.54,1.00,10.54,3375.61,3386.16,3396.70,3407.24,3417.78,0.10,0.10,0.00,3354.52,0.00,-1.00,-106.20,3353.53,3352.49,3358.51,3353.40,3352.40,-1.132,5.32,25.36,50.08,50.08,3.81,4.65,-0.85,3363.81,3356.09,1005,987,57.1,42.9,5,1,CROSS=EMA9>EMA21;TREND=1;STRUCT=1;VOL=1;COOL=1;EMA50=1;VWAP=1;BIAS=1,0.26,-1.00,22775.71,22775.71,stopped at the initial SL (x1.00 of usual)
715,2025.05.08 18:50:00,2025.05.08 21:20:00,SKIP,XAUUSD,M5,264,FLAT,NA,EVENING,0,0.00,0.00,0.00,0.00,1.00,0.00,0.00,0.00,0.00,0.00,0.00,0.00,0.00,0.00,0.00,0.00,0.00,0.00,3351.98,3352.37,3357.11,3353.06,3352.91,-0.720,6.58,28.92,25.91,25.91,-4.50,-1.22,-3.28,3362.22,3330.99,1137,1006,0.0,100.0,8,1,CROSS=EMA9>EMA21;TREND=1;STRUCT=1;VOL=1;COOL=1;EMA50=1;VWAP=1;BIAS=1,0.00,0.00,22775.71,22775.71,outside the killzone window
716,2025.05.09 01:00:00,2025.05.09 03:30:00,DAY_SUMMARY,XAUUSD,M5,264,FLAT,NA,DAY,0,0.00,0.00,0.00,0.00,1.00,0.00,0.00,0.00,0.00,0.00,0.00,0.00,0.00,0.00,0.00,0.00,1.00,113.18,3308.20,3316.29,3330.09,3308.32,3316.56,-4.815,2.87,28.13,48.66,48.66,0.06,0.13,-0.07,3350.32,3305.85,267,480,0.0,85.7,11,1,CROSS=EMA9>EMA21;TREND=1;STRUCT=1;VOL=1;COOL=1;EMA50=1;VWAP=1;BIAS=1,0.00,0.00,22775.71,22775.71,2025.05.08 trades=2 W=1 L=1 gross_profit=219.38 gross_loss=106.20 net=113.18 PF=2.07
717,2025.05.09 08:00:00,2025.05.09 10:30:00,SKIP,XAUUSD,M5,264,FLAT,NA,DAY,0,0.00,0.00,0.00,0.00,1.00,0.00,0.00,0.00,0.00,0.00,0.00,0.00,0.00,0.00,0.00,0.00,0.00,0.00,3309.69,3309.50,3316.17,3308.93,3309.12,-1.978,3.37,59.10,73.51,73.51,4.58,3.83,0.74,3305.90,3324.64,782,493,100.0,0.0,11,1,CROSS=EMA9>EMA21;TREND=1;STRUCT=1;VOL=1;COOL=1;EMA50=1;VWAP=1;BIAS=1,0.00,0.00,22775.71,22775.71,already positioned that way
718,2025.05.09 22:55:00,2025.05.10 01:25:00,SKIP,XAUUSD,M5,264,FLAT,NA,DAY,0,0.00,0.00,0.00,0.00,1.00,0.00,0.00,0.00,0.00,0.00,0.00,0.00,0.00,0.00,0.00,0.00,0.00,0.00,3335.43,3335.53,3332.52,3335.87,3335.75,1.358,2.22,39.52,25.81,25.81,-3.29,-2.20,-1.08,3323.74,3326.85,544,442,28.6,71.4,12,1,CROSS=EMA9>EMA21;TREND=1;STRUCT=1;VOL=1;COOL=1;EMA50=1;VWAP=1;BIAS=1,0.00,0.00,22775.71,22775.71,outside the killzone window
719,2025.05.12 01:00:00,2025.05.12 03:30:00,WEEK_SUMMARY,XAUUSD,M5,264,FLAT,NA,DAY,0,0.00,0.00,0.00,0.00,1.00,0.00,0.00,0.00,0.00,0.00,0.00,0.00,0.00,0.00,0.00,0.00,-1.02,-112.41,3332.15,3333.62,3331.95,3332.41,3333.78,0.871,1.92,32.35,37.64,37.64,-2.00,-2.16,0.16,3323.83,3327.15,58,363,28.6,57.1,13,1,CROSS=EMA9>EMA21;TREND=1;STRUCT=1;VOL=1;COOL=1;EMA50=1;VWAP=1;BIAS=1,0.00,0.00,22775.71,22775.71,days=3 trades=5 W=1 L=4 gross_profit=219.38 gross_loss=331.79 net=-112.41 PF=0.66 pips=-734.0
720,2025.05.12 18:50:00,2025.05.12 21:20:00,SKIP,XAUUSD,M5,264,FLAT,NA,EVENING,0,0.00,0.00,0.00,0.00,1.00,0.00,0.00,0.00,0.00,0.00,0.00,0.00,0.00,0.00,0.00,0.00,0.00,0.00,3236.88,3236.82,3247.31,3236.62,3236.70,-2.497,4.20,13.95,55.78,55.78,0.86,0.97,-0.12,3249.33,3241.89,647,1024,42.9,28.6,5,1,CROSS=EMA9>EMA21;TREND=1;STRUCT=1;VOL=1;COOL=1;EMA50=1;VWAP=1;BIAS=1,0.00,0.00,22775.71,22775.71,outside the killzone window
721,2025.05.12 19:15:00,2025.05.12 21:45:00,SKIP,XAUUSD,M5,264,FLAT,NA,EVENING,0,0.00,0.00,0.00,0.00,1.00,0.00,0.00,0.00,0.00,0.00,0.00,0.00,0.00,0.00,0.00,0.00,0.00,0.00,3236.60,3236.70,3246.61,3236.86,3236.83,-2.549,3.89,17.49,40.43,40.43,-0.53,0.47,-1.00,3249.07,3231.55,748,901,0.0,71.4,10,1,CROSS=EMA9>EMA21;TREND=1;STRUCT=1;VOL=1;COOL=1;EMA50=1;VWAP=1;BIAS=1,0.00,0.00,22775.71,22775.71,outside the killzone window
722,2025.05.12 23:30:00,2025.05.13 02:00:00,SKIP,XAUUSD,M5,264,FLAT,NA,DAY,0,0.00,0.00,0.00,0.00,1.00,0.00,0.00,0.00,0.00,0.00,0.00,0.00,0.00,0.00,0.00,0.00,0.00,0.00,3231.90,3231.85,3238.40,3231.72,3231.76,-2.590,2.53,34.46,57.12,57.12,2.25,2.47,-0.22,3246.18,3235.23,189,481,57.1,28.6,8,1,CROSS=EMA9>EMA21;TREND=1;STRUCT=1;VOL=1;COOL=1;EMA50=1;VWAP=1;BIAS=1,0.00,0.00,22775.71,22775.71,outside the killzone window
723,2025.05.13 04:50:00,2025.05.13 07:20:00,ENTRY,XAUUSD,M5,266,SELL,FULLTGT,DAY,0,3225.18,3235.52,3235.52,10.34,1.00,10.34,3214.84,3204.49,3194.15,3183.81,3173.47,0.11,0.11,0.11,3225.18,0.00,0.00,0.00,3233.99,3234.09,3236.88,3234.44,3234.31,-0.539,5.17,35.25,40.26,40.26,-3.28,-0.84,-2.44,3234.49,3225.19,998,705,14.3,85.7,9,1,CROSS=EMA9<EMA21;TREND=1;STRUCT=1;VOL=1;COOL=1;EMA50=1;VWAP=1;BIAS=1,0.00,0.00,22775.32,22774.33,KZ=ASIA; KZR=London L @ 3216.19 190 bars ago (low taken); DAY 12AM-4PM IST session: stop x1.00 of usual; no partials; full size to TP5; SL steps BE->TP1->TP2->TP3
724,2025.05.13 05:40:28,2025.05.13 08:10:28,EXIT_SL,XAUUSD,M5,266,SELL,FULLTGT,DAY,0,3225.18,3235.52,3235.52,10.34,1.00,10.34,3214.84,3204.49,3194.15,3183.81,3173.47,0.11,0.11,0.00,3235.56,0.00,-1.00,-114.96,3231.59,3232.68,3235.79,3231.45,3232.64,-0.605,5.14,24.67,55.95,55.95,-1.60,-2.77,1.18,3232.82,3234.37,834,768,71.4,14.3,13,1,CROSS=EMA9<EMA21;TREND=1;STRUCT=1;VOL=1;COOL=1;EMA50=1;VWAP=1;BIAS=1,0.41,-1.00,22660.75,22660.75,stopped at the initial SL (x1.00 of usual)
725,2025.05.13 07:05:00,2025.05.13 09:35:00,SKIP,XAUUSD,M5,266,FLAT,NA,DAY,0,0.00,0.00,0.00,0.00,1.00,0.00,0.00,0.00,0.00,0.00,0.00,0.00,0.00,0.00,0.00,0.00,0.00,0.00,3233.36,3233.32,3235.53,3233.19,3233.23,-0.963,2.30,43.32,56.91,56.91,1.43,0.91,0.52,3233.17,3236.58,384,571,85.7,0.0,10,1,CROSS=EMA9<EMA21;TREND=1;STRUCT=1;VOL=1;COOL=1;EMA50=1;VWAP=1;BIAS=1,0.00,0.00,22660.75,22660.75,outside the killzone window
726,2025.05.13 15:30:00,2025.05.13 18:00:00,SKIP,XAUUSD,M5,266,FLAT,NA,EVENING,0,0.00,0.00,0.00,0.00,1.00,0.00,0.00,0.00,0.00,0.00,0.00,0.00,0.00,0.00,0.00,0.00,0.00,0.00,3250.78,3250.89,3248.03,3251.34,3251.17,0.753,3.79,56.34,28.27,28.27,-3.68,-1.68,-2.01,3245.63,3239.87,843,670,14.3,85.7,9,1,CROSS=EMA9<EMA21;TREND=1;STRUCT=1;VOL=1;COOL=1;EMA50=1;VWAP=1;BIAS=1,0.00,0.00,22660.75,22660.75,already positioned that way
727,2025.05.13 19:15:00,2025.05.13 21:45:00,SKIP,XAUUSD,M5,266,FLAT,NA,EVENING,0,0.00,0.00,0.00,0.00,1.00,0.00,0.00,0.00,0.00,0.00,0.00,0.00,0.00,0.00,0.00,0.00,0.00,0.00,3247.32,3247.13,3246.54,3246.83,3246.88,0.175,3.34,57.97,65.66,65.66,3.65,2.77,0.88,3244.77,3256.93,625,823,85.7,0.0,8,1,CROSS=EMA9<EMA21;TREND=1;STRUCT=1;VOL=1;COOL=1;EMA50=1;VWAP=1;BIAS=1,0.00,0.00,22660.75,22660.75,outside the killzone window
728,2025.05.14 01:00:00,2025.05.14 03:30:00,DAY_SUMMARY,XAUUSD,M5,266,FLAT,NA,DAY,0,0.00,0.00,0.00,0.00,1.00,0.00,0.00,0.00,0.00,0.00,0.00,0.00,0.00,0.00,0.00,0.00,-1.00,-114.96,3249.89,3249.02,3248.03,3249.89,3249.00,0.529,1.89,25.86,48.15,48.15,0.90,0.94,-0.04,3245.38,3249.98,93,251,42.9,42.9,11,1,CROSS=EMA9<EMA21;TREND=1;STRUCT=1;VOL=1;COOL=1;EMA50=1;VWAP=1;BIAS=1,0.00,0.00,22660.75,22660.75,2025.05.13 trades=1 W=0 L=1 gross_profit=0.00 gross_loss=114.96 net=-114.96 PF=0.00
729,2025.05.14 03:50:00,2025.05.14 06:20:00,SKIP,XAUUSD,M5,266,FLAT,NA,DAY,0,0.00,0.00,0.00,0.00,1.00,0.00,0.00,0.00,0.00,0.00,0.00,0.00,0.00,0.00,0.00,0.00,0.00,0.00,3249.85,3249.87,3248.98,3250.17,3250.02,0.325,2.72,36.69,35.39,35.39,-2.09,-1.49,-0.60,3249.47,3243.70,685,354,0.0,100.0,9,1,CROSS=EMA9<EMA21;TREND=1;STRUCT=1;VOL=1;COOL=1;EMA50=1;VWAP=1;BIAS=1,0.00,0.00,22660.75,22660.75,already positioned that way
730,2025.05.14 14:35:00,2025.05.14 17:05:00,ENTRY,XAUUSD,M5,268,BUY,FULLTGT,EVENING,0,3236.54,3231.29,3231.29,5.25,1.00,5.25,3241.79,3247.04,3252.29,3257.53,3262.78,0.21,0.21,0.21,3236.54,0.00,0.00,0.00,3234.03,3233.97,3236.24,3233.91,3233.91,-0.866,2.62,17.02,56.04,56.04,1.06,0.53,0.53,3235.37,3236.48,470,588,71.4,0.0,8,1,CROSS=EMA9>EMA21;TREND=1;STRUCT=1;VOL=1;COOL=1;EMA50=1;VWAP=1;BIAS=1,0.00,0.00,22660.01,22658.33,KZ=NY; KZR=London L @ 3216.19 595 bars ago (low taken); EVENING 4PM-12AM IST session: stop x1.00 of usual; no partials; full size to TP5; SL steps BE->TP1->TP2->TP3
731,2025.05.14 14:42:39,2025.05.14 17:12:39,EXIT_SL,XAUUSD,M5,268,BUY,FULLTGT,EVENING,0,3236.54,3231.29,3231.29,5.25,1.00,5.25,3241.79,3247.04,3252.29,3257.53,3262.78,0.21,0.21,0.00,3231.26,0.00,-1.01,-112.36,3234.01,3233.96,3236.21,3234.03,3233.97,-0.809,2.78,18.39,47.62,47.62,0.82,0.65,0.17,3235.36,3233.56,587,585,28.6,57.1,5,1,CROSS=EMA9>EMA21;TREND=1;STRUCT=1;VOL=1;COOL=1;EMA50=1;VWAP=1;BIAS=1,0.06,-0.99,22548.39,22548.39,stopped at the initial SL (x1.00 of usual)
732,2025.05.14 14:45:00,2025.05.14 17:15:00,ENTRY,XAUUSD,M5,270,SELL,FULLTGT,EVENING,0,3231.25,3236.71,3236.71,5.46,1.00,5.46,3225.79,3220.32,3214.86,3209.40,3203.94,0.20,0.20,0.20,3231.25,0.00,0.00,0.00,3233.87,3233.89,3236.15,3234.01,3233.96,-0.825,2.73,21.56,42.25,42.25,0.44,0.69,-0.25,3235.34,3231.27,696,590,0.0,85.7,8,1,CROSS=EMA9<EMA21;TREND=1;STRUCT=1;VOL=1;COOL=1;EMA50=1;VWAP=1;BIAS=1,0.00,0.00,22547.69,22546.09,KZ=NY; KZR=London L @ 3216.19 597 bars ago (low taken); EVENING 4PM-12AM IST session: stop x1.00 of usual; no partials; full size to TP5; SL steps BE->TP1->TP2->TP3
733,2025.05.14 14:55:03,2025.05.14 17:25:03,SL_MOVE,XAUUSD,M5,270,SELL,FULLTGT,EVENING,0,3231.25,3236.71,3231.25,5.46,1.00,5.46,3225.79,3220.32,3214.86,3209.40,3203.94,0.20,0.00,0.20,3231.25,1.00,0.00,0.00,3233.14,3233.52,3235.90,3233.51,3233.71,-0.864,2.76,30.53,33.02,33.02,-0.82,0.51,-1.34,3235.20,3226.02,834,610,0.0,100.0,7,1,CROSS=EMA9<EMA21;TREND=1;STRUCT=1;VOL=1;COOL=1;EMA50=1;VWAP=1;BIAS=1,1.00,-0.04,22547.69,22657.29,stop to breakeven
734,2025.05.14 14:55:03,2025.05.14 17:25:03,TP1_REACHED,XAUUSD,M5,270,SELL,FULLTGT,EVENING,0,3231.25,3236.71,3231.25,5.46,1.00,5.46,3225.79,3220.32,3214.86,3209.40,3203.94,0.20,0.00,0.20,3225.79,1.00,1.00,0.00,3233.14,3233.52,3235.90,3233.51,3233.71,-0.864,2.76,30.53,33.02,33.02,-0.82,0.51,-1.34,3235.20,3226.02,834,610,0.0,100.0,7,1,CROSS=EMA9<EMA21;TREND=1;STRUCT=1;VOL=1;COOL=1;EMA50=1;VWAP=1;BIAS=1,1.00,-0.04,22547.69,22657.29,full target: no partial booked
735,2025.05.14 14:57:13,2025.05.14 17:27:13,SL_MOVE,XAUUSD,M5,270,SELL,FULLTGT,EVENING,0,3231.25,3236.71,3225.79,5.46,1.00,5.46,3225.79,3220.32,3214.86,3209.40,3203.94,0.20,0.00,0.20,3225.79,2.00,0.00,0.00,3233.14,3233.52,3235.90,3233.51,3233.71,-0.864,2.76,30.53,33.02,33.02,-0.82,0.51,-1.34,3235.20,3226.02,834,610,0.0,100.0,11,1,CROSS=EMA9<EMA21;TREND=1;STRUCT=1;VOL=1;COOL=1;EMA50=1;VWAP=1;BIAS=1,2.00,-0.04,22547.69,22766.89,stop trailed to TP1
736,2025.05.14 14:57:13,2025.05.14 17:27:13,TP2_REACHED,XAUUSD,M5,270,SELL,FULLTGT,EVENING,0,3231.25,3236.71,3225.79,5.46,1.00,5.46,3225.79,3220.32,3214.86,3209.40,3203.94,0.20,0.00,0.20,3220.32,2.00,2.00,0.00,3233.14,3233.52,3235.90,3233.51,3233.71,-0.864,2.76,30.53,33.02,33.02,-0.82,0.51,-1.34,3235.20,3226.02,834,610,0.0,100.0,11,1,CROSS=EMA9<EMA21;TREND=1;STRUCT=1;VOL=1;COOL=1;EMA50=1;VWAP=1;BIAS=1,2.00,-0.04,22547.69,22766.89,full target: no partial booked
737,2025.05.14 15:13:28,2025.05.14 17:43:28,SL_MOVE,XAUUSD,M5,270,SELL,FULLTGT,EVENING,0,3231.25,3236.71,3220.32,5.46,1.00,5.46,3225.79,3220.32,3214.86,3209.40,3203.94,0.20,0.00,0.20,3220.32,3.00,0.00,0.00,3231.39,3232.58,3235.34,3231.94,3232.88,-0.857,3.22,44.23,27.62,27.62,-2.84,-0.51,-2.33,3234.77,3220.73,896,689,0.0,100.0,7,1,CROSS=EMA9<EMA21;TREND=1;STRUCT=1;VOL=1;COOL=1;EMA50=1;VWAP=1;BIAS=1,3.00,-0.04,22547.69,22876.49,stop trailed to TP2
738,2025.05.14 15:13:28,2025.05.14 17:43:28,TP3_REACHED,XAUUSD,M5,270,SELL,FULLTGT,EVENING,0,3231.25,3236.71,3220.32,5.46,1.00,5.46,3225.79,3220.32,3214.86,3209.40,3203.94,0.20,0.00,0.20,3214.86,3.00,3.00,0.00,3231.39,3232.58,3235.34,3231.94,3232.88,-0.857,3.22,44.23,27.62,27.62,-2.84,-0.51,-2.33,3234.77,3220.73,896,689,0.0,100.0,7,1,CROSS=EMA9<EMA21;TREND=1;STRUCT=1;VOL=1;COOL=1;EMA50=1;VWAP=1;BIAS=1,3.00,-0.04,22547.69,22876.49,full target: no partial booked
739,2025.05.14 15:18:03,2025.05.14 17:48:03,SL_MOVE,XAUUSD,M5,270,SELL,FULLTGT,EVENING,0,3231.25,3236.71,3214.86,5.46,1.00,5.46,3225.79,3220.32,3214.86,3209.40,3203.94,0.20,0.00,0.20,3214.86,4.00,0.00,0.00,3230.53,3232.11,3235.07,3231.39,3232.58,-0.799,3.69,48.13,20.91,20.91,-3.75,-1.05,-2.70,3234.61,3213.65,910,703,0.0,100.0,9,1,CROSS=EMA9<EMA21;TREND=1;STRUCT=1;VOL=1;COOL=1;EMA50=1;VWAP=1;BIAS=1,4.00,-0.04,22547.69,22985.09,stop trailed to TP3
740,2025.05.14 15:18:03,2025.05.14 17:48:03,TP4_REACHED,XAUUSD,M5,270,SELL,FULLTGT,EVENING,0,3231.25,3236.71,3214.86,5.46,1.00,5.46,3225.79,3220.32,3214.86,3209.40,3203.94,0.20,0.00,0.20,3209.40,4.00,4.00,0.00,3230.53,3232.11,3235.07,3231.39,3232.58,-0.799,3.69,48.13,20.91,20.91,-3.75,-1.05,-2.70,3234.61,3213.65,910,703,0.0,100.0,9,1,CROSS=EMA9<EMA21;TREND=1;STRUCT=1;VOL=1;COOL=1;EMA50=1;VWAP=1;BIAS=1,4.00,-0.04,22547.69,22985.09,full target: no partial booked
741,2025.05.14 15:19:37,2025.05.14 17:49:37,EXIT_TRAIL_SL,XAUUSD,M5,270,SELL,FULLTGT,EVENING,0,3231.25,3236.71,3214.86,5.46,1.00,5.46,3225.79,3220.32,3214.86,3209.40,3203.94,0.20,0.20,0.00,3214.88,0.00,3.00,326.00,3230.53,3232.11,3235.07,3231.39,3232.58,-0.799,3.69,48.13,20.91,20.91,-3.75,-1.05,-2.70,3234.61,3213.65,910,703,0.0,100.0,11,1,CROSS=EMA9<EMA21;TREND=1;STRUCT=1;VOL=1;COOL=1;EMA50=1;VWAP=1;BIAS=1,4.12,-0.04,22874.39,22874.39,stopped at a trailed level
742,2025.05.15 01:00:00,2025.05.15 03:30:00,DAY_SUMMARY,XAUUSD,M5,270,FLAT,NA,DAY,0,0.00,0.00,0.00,0.00,1.00,0.00,0.00,0.00,0.00,0.00,0.00,0.00,0.00,0.00,0.00,0.00,1.99,213.64,3179.53,3184.20,3196.12,3179.64,3184.37,-5.880,2.03,21.89,44.49,44.49,0.51,0.70,-0.19,3212.10,3177.40,251,438,0.0,71.4,10,1,CROSS=EMA9<EMA21;TREND=1;STRUCT=1;VOL=1;COOL=1;EMA50=1;VWAP=1;BIAS=1,0.00,0.00,22874.39,22874.39,2025.05.14 trades=2 W=1 L=1 gross_profit=326.00 gross_loss=112.36 net=213.64 PF=2.90
743,2025.05.15 12:35:00,2025.05.15 15:05:00,SKIP,XAUUSD,M5,270,FLAT,NA,DAY,0,0.00,0.00,0.00,0.00,1.00,0.00,0.00,0.00,0.00,0.00,0.00,0.00,0.00,0.00,0.00,0.00,0.00,0.00,3154.00,3153.91,3162.62,3153.16,3153.50,-2.080,4.18,58.45,69.90,69.90,6.29,5.35,0.94,3156.12,3170.27,941,834,100.0,0.0,5,1,CROSS=EMA9<EMA21;TREND=1;STRUCT=1;VOL=1;COOL=1;EMA50=1;VWAP=1;BIAS=1,0.00,0.00,22874.39,22874.39,outside the killzone window
744,2025.05.16 05:40:00,2025.05.16 08:10:00,SKIP,XAUUSD,M5,270,FLAT,NA,DAY,0,0.00,0.00,0.00,0.00,1.00,0.00,0.00,0.00,0.00,0.00,0.00,0.00,0.00,0.00,0.00,0.00,0.00,0.00,3229.49,3229.55,3220.19,3229.89,3229.74,2.021,4.63,22.96,42.48,42.48,-3.19,-4.10,0.91,3234.18,3221.73,651,765,14.3,57.1,11,1,CROSS=EMA9<EMA21;TREND=1;STRUCT=1;VOL=1;COOL=1;EMA50=1;VWAP=1;BIAS=1,0.00,0.00,22874.39,22874.39,already positioned that way
745,2025.05.16 21:50:00,2025.05.17 00:20:00,SKIP,XAUUSD,M5,270,FLAT,NA,DAY,0,0.00,0.00,0.00,0.00,1.00,0.00,0.00,0.00,0.00,0.00,0.00,0.00,0.00,0.00,0.00,0.00,0.00,0.00,3185.87,3185.86,3191.22,3185.77,3185.81,-2.196,2.44,24.67,52.72,52.72,0.85,1.41,-0.56,3201.34,3187.92,383,430,42.9,28.6,12,1,CROSS=EMA9<EMA21;TREND=1;STRUCT=1;VOL=1;COOL=1;EMA50=1;VWAP=1;BIAS=1,0.00,0.00,22874.39,22874.39,outside the killzone window
746,2025.05.19 01:00:00,2025.05.19 03:30:00,WEEK_SUMMARY,XAUUSD,M5,270,FLAT,NA,DAY,0,0.00,0.00,0.00,0.00,1.00,0.00,0.00,0.00,0.00,0.00,0.00,0.00,0.00,0.00,0.00,0.00,0.99,98.68,3193.76,3190.75,3192.48,3193.39,3190.50,-0.566,3.05,32.14,63.43,63.43,2.72,2.62,0.10,3201.03,3201.00,98,348,71.4,14.3,11,1,CROSS=EMA9<EMA21;TREND=1;STRUCT=1;VOL=1;COOL=1;EMA50=1;VWAP=1;BIAS=1,0.00,0.00,22874.39,22874.39,days=2 trades=3 W=1 L=2 gross_profit=326.00 gross_loss=227.32 net=98.68 PF=1.43 pips=71.0
747,2025.05.19 08:00:00,2025.05.19 10:30:00,SKIP,XAUUSD,M5,270,FLAT,NA,DAY,0,0.00,0.00,0.00,0.00,1.00,0.00,0.00,0.00,0.00,0.00,0.00,0.00,0.00,0.00,0.00,0.00,0.00,0.00,3220.04,3220.07,3214.61,3220.26,3220.18,1.977,2.76,24.72,44.44,44.44,-2.07,-3.09,1.02,3229.32,3215.90,432,406,14.3,71.4,10,1,CROSS=EMA9<EMA21;TREND=1;STRUCT=1;VOL=1;COOL=1;EMA50=1;VWAP=1;BIAS=1,0.00,0.00,22874.39,22874.39,already positioned that way
748,2025.05.19 09:10:00,2025.05.19 11:40:00,SKIP,XAUUSD,M5,270,FLAT,NA,DAY,0,0.00,0.00,0.00,0.00,1.00,0.00,0.00,0.00,0.00,0.00,0.00,0.00,0.00,0.00,0.00,0.00,0.00,0.00,3220.00,3219.99,3215.43,3219.73,3219.85,1.304,3.50,28.70,64.10,64.10,0.97,-0.16,1.13,3228.16,3225.19,657,428,85.7,14.3,6,1,CROSS=EMA9>EMA21;TREND=1;STRUCT=1;VOL=1;COOL=1;EMA50=1;VWAP=0;BIAS=1,0.00,0.00,22874.39,22874.39,quality filter
749,2025.05.19 17:10:00,2025.05.19 19:40:00,SKIP,XAUUSD,M5,270,FLAT,NA,EVENING,0,0.00,0.00,0.00,0.00,1.00,0.00,0.00,0.00,0.00,0.00,0.00,0.00,0.00,0.00,0.00,0.00,0.00,0.00,3234.44,3234.59,3229.98,3235.28,3235.00,0.829,5.55,27.20,28.79,28.79,-4.07,-2.95,-1.13,3231.74,3218.16,1281,991,0.0,100.0,9,1,CROSS=EMA9>EMA21;TREND=1;STRUCT=1;VOL=1;COOL=1;EMA50=1;VWAP=0;BIAS=1,0.00,0.00,22874.39,22874.39,outside the killzone window
750,2025.05.20 11:35:00,2025.05.20 14:05:00,ENTRY,XAUUSD,M5,272,BUY,FULLTGT,DAY,0,3225.34,3218.94,3218.94,6.40,1.00,6.40,3231.74,3238.13,3244.53,3250.92,3257.32,0.17,0.17,0.17,3225.34,0.00,0.00,0.00,3217.57,3217.41,3219.91,3217.17,3217.21,-0.783,3.20,30.56,65.14,65.14,2.44,2.39,0.05,3217.55,3225.26,635,634,100.0,0.0,5,1,CROSS=EMA9>EMA21;TREND=1;STRUCT=1;VOL=1;COOL=1;EMA50=1;VWAP=1;BIAS=1,0.00,0.00,22873.79,22872.94,KZ=LONDON; KZR=NY L @ 3172.55 1124 bars ago (low taken); DAY 12AM-4PM IST session: stop x1.00 of usual; no partials; full size to TP5; SL steps BE->TP1->TP2->TP3
751,2025.05.20 11:55:27,2025.05.20 14:25:27,SL_MOVE,XAUUSD,M5,272,BUY,FULLTGT,DAY,0,3225.34,3218.94,3225.34,6.40,1.00,6.40,3231.74,3238.13,3244.53,3250.92,3257.32,0.17,0.00,0.17,3225.34,1.00,0.00,0.00,3219.65,3218.51,3220.35,3219.07,3218.20,-0.600,3.07,40.31,72.71,72.71,3.61,2.72,0.89,3217.99,3230.89,630,640,85.7,0.0,5,1,CROSS=EMA9>EMA21;TREND=1;STRUCT=1;VOL=1;COOL=1;EMA50=1;VWAP=1;BIAS=1,0.99,-0.33,22873.79,22982.76,stop to breakeven
752,2025.05.20 11:55:27,2025.05.20 14:25:27,TP1_REACHED,XAUUSD,M5,272,BUY,FULLTGT,DAY,0,3225.34,3218.94,3225.34,6.40,1.00,6.40,3231.74,3238.13,3244.53,3250.92,3257.32,0.17,0.00,0.17,3231.74,1.00,1.00,0.00,3219.65,3218.51,3220.35,3219.07,3218.20,-0.600,3.07,40.31,72.71,72.71,3.61,2.72,0.89,3217.99,3230.89,630,640,85.7,0.0,5,1,CROSS=EMA9>EMA21;TREND=1;STRUCT=1;VOL=1;COOL=1;EMA50=1;VWAP=1;BIAS=1,0.99,-0.33,22873.79,22982.76,full target: no partial booked
753,2025.05.20 12:26:28,2025.05.20 14:56:28,SL_MOVE,XAUUSD,M5,272,BUY,FULLTGT,DAY,0,3225.34,3218.94,3231.74,6.40,1.00,6.40,3231.74,3238.13,3244.53,3250.92,3257.32,0.17,0.00,0.17,3231.74,2.00,0.00,0.00,3223.66,3220.82,3221.42,3222.99,3220.42,-0.169,3.53,60.71,69.95,69.95,5.00,4.19,0.81,3219.01,3236.64,600,671,85.7,0.0,5,1,CROSS=EMA9>EMA21;TREND=1;STRUCT=1;VOL=1;COOL=1;EMA50=1;VWAP=1;BIAS=1,2.00,-0.33,22873.79,23091.56,stop trailed to TP1
754,2025.05.20 12:26:28,2025.05.20 14:56:28,TP2_REACHED,XAUUSD,M5,272,BUY,FULLTGT,DAY,0,3225.34,3218.94,3231.74,6.40,1.00,6.40,3231.74,3238.13,3244.53,3250.92,3257.32,0.17,0.00,0.17,3238.13,2.00,2.00,0.00,3223.66,3220.82,3221.42,3222.99,3220.42,-0.169,3.53,60.71,69.95,69.95,5.00,4.19,0.81,3219.01,3236.64,600,671,85.7,0.0,5,1,CROSS=EMA9>EMA21;TREND=1;STRUCT=1;VOL=1;COOL=1;EMA50=1;VWAP=1;BIAS=1,2.00,-0.33,22873.79,23091.56,full target: no partial booked
755,2025.05.20 15:32:44,2025.05.20 18:02:44,SL_MOVE,XAUUSD,M5,272,BUY,FULLTGT,EVENING,0,3225.34,3218.94,3238.13,6.40,1.00,6.40,3231.74,3238.13,3244.53,3250.92,3257.32,0.17,0.00,0.17,3238.13,3.00,0.00,0.00,3235.66,3230.89,3227.30,3235.36,3230.63,1.405,2.56,23.52,59.31,59.31,1.14,1.69,-0.55,3222.78,3241.38,664,516,71.4,14.3,10,1,CROSS=EMA9>EMA21;TREND=1;STRUCT=1;VOL=1;COOL=1;EMA50=1;VWAP=1;BIAS=1,3.00,-0.33,22873.79,23200.36,stop trailed to TP2
756,2025.05.20 15:32:44,2025.05.20 18:02:44,TP3_REACHED,XAUUSD,M5,272,BUY,FULLTGT,EVENING,0,3225.34,3218.94,3238.13,6.40,1.00,6.40,3231.74,3238.13,3244.53,3250.92,3257.32,0.17,0.00,0.17,3244.53,3.00,3.00,0.00,3235.66,3230.89,3227.30,3235.36,3230.63,1.405,2.56,23.52,59.31,59.31,1.14,1.69,-0.55,3222.78,3241.38,664,516,71.4,14.3,10,1,CROSS=EMA9>EMA21;TREND=1;STRUCT=1;VOL=1;COOL=1;EMA50=1;VWAP=1;BIAS=1,3.00,-0.33,22873.79,23200.36,full target: no partial booked
757,2025.05.20 16:00:37,2025.05.20 18:30:37,EXIT_TRAIL_SL,XAUUSD,M5,272,BUY,FULLTGT,EVENING,0,3225.34,3218.94,3238.13,6.40,1.00,6.40,3231.74,3238.13,3244.53,3250.92,3257.32,0.17,0.17,0.00,3238.12,0.00,2.00,216.06,3238.37,3233.02,3228.67,3238.14,3232.78,1.170,3.72,21.86,54.81,54.81,2.50,1.97,0.53,3224.11,3242.86,929,654,71.4,14.3,8,1,CROSS=EMA9>EMA21;TREND=1;STRUCT=1;VOL=1;COOL=1;EMA50=1;VWAP=1;BIAS=1,3.97,-0.33,23090.45,23090.45,stopped at a trailed level
758,2025.05.21 01:00:00,2025.05.21 03:30:00,DAY_SUMMARY,XAUUSD,M5,272,FLAT,NA,DAY,0,0.00,0.00,0.00,0.00,1.00,0.00,0.00,0.00,0.00,0.00,0.00,0.00,0.00,0.00,0.00,0.00,2.00,216.06,3288.64,3281.01,3266.59,3288.59,3280.80,9.076,1.59,33.38,47.09,47.09,0.62,1.55,-0.93,3244.92,3289.66,195,344,42.9,42.9,11,1,CROSS=EMA9>EMA21;TREND=1;STRUCT=1;VOL=1;COOL=1;EMA50=1;VWAP=1;BIAS=1,0.00,0.00,23090.45,23090.45,2025.05.20 trades=1 W=1 L=0 gross_profit=216.06 gross_loss=0.00 net=216.06 PF=0.00
759,2025.05.21 15:40:00,2025.05.21 18:10:00,ENTRY,XAUUSD,M5,274,SELL,FULLTGT,EVENING,0,3297.93,3307.70,3307.70,9.77,1.00,9.77,3288.16,3278.40,3268.63,3258.87,3249.10,0.11,0.11,0.11,3297.93,0.00,0.00,0.00,3308.42,3308.52,3303.15,3308.96,3308.79,1.099,4.88,28.27,33.38,33.38,-3.32,-1.33,-1.98,3305.27,3297.97,1306,767,14.3,85.7,7,1,CROSS=EMA9<EMA21;TREND=1;STRUCT=1;VOL=1;COOL=1;EMA50=1;VWAP=1;BIAS=1,0.00,0.00,23090.06,23089.29,KZ=NY; KZR=Asia H @ 3314.54 82 bars ago (high taken); EVENING 4PM-12AM IST session: stop x1.00 of usual; no partials; full size to TP5; SL steps BE->TP1->TP2->TP3
760,2025.05.21 16:31:42,2025.05.21 19:01:42,EXIT_SL,XAUUSD,M5,274,SELL,FULLTGT,EVENING,0,3297.93,3307.70,3307.70,9.77,1.00,9.77,3288.16,3278.40,3268.63,3258.87,3249.10,0.11,0.11,0.00,3307.70,0.00,-1.00,-108.25,3306.47,3307.37,3303.17,3306.57,3307.45,0.794,5.30,22.10,48.10,48.10,-1.33,-2.34,1.01,3305.07,3304.52,772,953,14.3,57.1,11,1,CROSS=EMA9<EMA21;TREND=1;STRUCT=1;VOL=1;COOL=1;EMA50=1;VWAP=1;BIAS=1,0.19,-1.00,22982.20,22982.20,stopped at the initial SL (x1.00 of usual)
761,2025.05.21 18:40:00,2025.05.21 21:10:00,SKIP,XAUUSD,M5,274,FLAT,NA,EVENING,0,0.00,0.00,0.00,0.00,1.00,0.00,0.00,0.00,0.00,0.00,0.00,0.00,0.00,0.00,0.00,0.00,0.00,0.00,3306.96,3306.94,3303.99,3306.67,3306.79,0.772,3.82,26.33,60.53,60.53,2.24,1.36,0.88,3305.07,3312.53,698,938,85.7,0.0,5,1,CROSS=EMA9<EMA21;TREND=1;STRUCT=1;VOL=1;COOL=1;EMA50=1;VWAP=1;BIAS=1,0.00,0.00,22982.20,22982.20,outside the killzone window
762,2025.05.22 01:00:00,2025.05.22 03:30:00,DAY_SUMMARY,XAUUSD,M5,274,FLAT,NA,DAY,0,0.00,0.00,0.00,0.00,1.00,0.00,0.00,0.00,0.00,0.00,0.00,0.00,0.00,0.00,0.00,0.00,-1.00,-108.25,3316.23,3313.99,3310.14,3316.28,3313.97,1.594,2.42,31.14,43.58,43.58,-0.54,0.11,-0.66,3306.91,3315.11,193,398,28.6,57.1,11,1,CROSS=EMA9<EMA21;TREND=1;STRUCT=1;VOL=1;COOL=1;EMA50=1;VWAP=1;BIAS=1,0.00,0.00,22982.20,22982.20,2025.05.21 trades=1 W=0 L=1 gross_profit=0.00 gross_loss=108.25 net=-108.25 PF=0.00
763,2025.05.22 10:40:00,2025.05.22 13:10:00,SKIP,XAUUSD,M5,274,FLAT,NA,DAY,0,0.00,0.00,0.00,0.00,1.00,0.00,0.00,0.00,0.00,0.00,0.00,0.00,0.00,0.00,0.00,0.00,0.00,0.00,3331.47,3331.51,3327.08,3331.67,3331.61,1.430,3.10,33.72,42.71,42.71,-1.84,-2.28,0.43,3331.92,3327.59,1042,800,28.6,71.4,7,1,CROSS=EMA9<EMA21;TREND=1;STRUCT=1;VOL=1;COOL=1;EMA50=1;VWAP=1;BIAS=1,0.00,0.00,22982.20,22982.20,already positioned that way
764,2025.05.23 03:00:00,2025.05.23 05:30:00,ENTRY,XAUUSD,M5,276,BUY,FULLTGT,DAY,0,3300.19,3296.65,3296.65,3.54,1.00,3.54,3303.73,3307.28,3310.82,3314.37,3317.91,0.32,0.32,0.32,3300.19,0.00,0.00,0.00,3297.31,3297.31,3300.84,3297.17,3297.24,-1.993,1.77,42.83,57.88,57.88,1.35,1.29,0.07,3298.39,3300.07,315,206,85.7,14.3,12,1,CROSS=EMA9>EMA21;TREND=1;STRUCT=1;VOL=1;COOL=1;EMA50=1;VWAP=1;BIAS=1,0.00,0.00,22981.08,22977.24,KZ=ASIA; KZR=London H @ 3320.55 346 bars ago (high taken); DAY 12AM-4PM IST session: stop x1.00 of usual; no partials; full size to TP5; SL steps BE->TP1->TP2->TP3
765,2025.05.23 03:02:26,2025.05.23 05:32:26,EXIT_SL,XAUUSD,M5,276,BUY,FULLTGT,DAY,0,3300.19,3296.65,3296.65,3.54,1.00,3.54,3303.73,3307.28,3310.82,3314.37,3317.91,0.32,0.32,0.00,3296.64,0.00,-1.00,-115.84,3297.31,3297.31,3300.84,3297.17,3297.24,-1.993,1.77,42.83,57.88,57.88,1.35,1.29,0.07,3298.39,3300.07,315,206,85.7,14.3,13,1,CROSS=EMA9>EMA21;TREND=1;STRUCT=1;VOL=1;COOL=1;EMA50=1;VWAP=1;BIAS=1,0.21,-0.99,22866.36,22866.36,stopped at the initial SL (x1.00 of usual)
766,2025.05.23 03:05:00,2025.05.23 05:35:00,ENTRY,XAUUSD,M5,278,SELL,FULLTGT,DAY,0,3295.40,3299.72,3299.72,4.32,1.00,4.32,3291.08,3286.76,3282.44,3278.13,3273.81,0.26,0.26,0.26,3295.40,0.00,0.00,0.00,3297.22,3297.26,3300.78,3297.31,3297.31,-1.626,2.16,37.73,42.62,42.62,0.93,1.25,-0.32,3298.19,3295.40,758,237,0.0,100.0,12,1,CROSS=EMA9<EMA21;TREND=1;STRUCT=1;VOL=1;COOL=1;EMA50=1;VWAP=1;BIAS=1,0.00,0.00,22865.45,22862.33,KZ=ASIA; KZR=London H @ 3320.55 347 bars ago (high taken); DAY 12AM-4PM IST session: stop x1.00 of usual; no partials; full size to TP5; SL steps BE->TP1->TP2->TP3
767,2025.05.23 03:10:26,2025.05.23 05:40:26,EXIT_SL,XAUUSD,M5,278,SELL,FULLTGT,DAY,0,3295.40,3299.72,3299.72,4.32,1.00,4.32,3291.08,3286.76,3282.44,3278.13,3273.81,0.26,0.26,0.00,3299.74,0.00,-1.00,-114.66,3297.29,3297.30,3300.75,3297.22,3297.26,-1.424,2.42,33.92,51.99,51.99,0.84,1.20,-0.36,3298.08,3298.61,560,256,71.4,28.6,11,1,CROSS=EMA9<EMA21;TREND=1;STRUCT=1;VOL=1;COOL=1;EMA50=1;VWAP=1;BIAS=1,0.41,-1.00,22751.70,22751.70,stopped at the initial SL (x1.00 of usual)
768,2025.05.23 03:15:00,2025.05.23 05:45:00,ENTRY,XAUUSD,M5,280,BUY,FULLTGT,DAY,0,3300.16,3295.37,3295.37,4.79,1.00,4.79,3304.95,3309.75,3314.54,3319.33,3324.12,0.23,0.23,0.23,3300.16,0.00,0.00,0.00,3297.42,3297.36,3300.74,3297.29,3297.30,-1.408,2.40,32.16,55.52,55.52,0.88,1.16,-0.28,3298.18,3300.06,428,268,85.7,14.3,10,1,CROSS=EMA9>EMA21;TREND=1;STRUCT=1;VOL=1;COOL=1;EMA50=1;VWAP=1;BIAS=1,0.00,0.00,22750.89,22748.59,KZ=ASIA; KZR=London H @ 3320.55 349 bars ago (high taken); DAY 12AM-4PM IST session: stop x1.00 of usual; no partials; full size to TP5; SL steps BE->TP1->TP2->TP3
769,2025.05.23 03:23:25,2025.05.23 05:53:25,SL_MOVE,XAUUSD,M5,280,BUY,FULLTGT,DAY,0,3300.16,3295.37,3300.16,4.79,1.00,4.79,3304.95,3309.75,3314.54,3319.33,3324.12,0.23,0.00,0.23,3300.16,1.00,0.00,0.00,3297.69,3297.50,3300.77,3297.42,3297.36,-1.331,2.45,33.09,61.35,61.35,1.12,1.14,-0.02,3298.40,3302.82,446,281,85.7,14.3,9,1,CROSS=EMA9>EMA21;TREND=1;STRUCT=1;VOL=1;COOL=1;EMA50=1;VWAP=1;BIAS=1,1.00,-0.01,22750.89,22861.75,stop to breakeven
770,2025.05.23 03:23:25,2025.05.23 05:53:25,TP1_REACHED,XAUUSD,M5,280,BUY,FULLTGT,DAY,0,3300.16,3295.37,3300.16,4.79,1.00,4.79,3304.95,3309.75,3314.54,3319.33,3324.12,0.23,0.00,0.23,3304.95,1.00,1.00,0.00,3297.69,3297.50,3300.77,3297.42,3297.36,-1.331,2.45,33.09,61.35,61.35,1.12,1.14,-0.02,3298.40,3302.82,446,281,85.7,14.3,9,1,CROSS=EMA9>EMA21;TREND=1;STRUCT=1;VOL=1;COOL=1;EMA50=1;VWAP=1;BIAS=1,1.00,-0.01,22750.89,22861.75,full target: no partial booked
771,2025.05.23 03:47:41,2025.05.23 06:17:41,EXIT_BE,XAUUSD,M5,280,BUY,FULLTGT,DAY,0,3300.16,3295.37,3300.16,4.79,1.00,4.79,3304.95,3309.75,3314.54,3319.33,3324.12,0.23,0.23,0.00,3300.11,0.00,-0.01,-2.77,3299.34,3298.40,3301.03,3299.16,3298.28,-0.854,3.08,39.13,55.07,55.07,2.13,1.47,0.66,3300.46,3302.95,650,388,85.7,14.3,11,1,CROSS=EMA9>EMA21;TREND=1;STRUCT=1;VOL=1;COOL=1;EMA50=1;VWAP=1;BIAS=1,1.83,-0.01,22748.93,22748.93,stopped at breakeven
772,2025.05.26 01:00:00,2025.05.26 03:30:00,DAY_SUMMARY,XAUUSD,M5,280,FLAT,NA,DAY,0,0.00,0.00,0.00,0.00,1.00,0.00,0.00,0.00,0.00,0.00,0.00,0.00,0.00,0.00,0.00,0.00,-2.02,-233.27,3360.84,3358.08,3349.02,3360.99,3358.09,5.044,1.80,33.48,38.96,38.96,-1.12,-0.90,-0.22,3335.95,3357.90,118,363,28.6,57.1,11,1,CROSS=EMA9>EMA21;TREND=1;STRUCT=1;VOL=1;COOL=1;EMA50=1;VWAP=1;BIAS=1,0.00,0.00,22748.93,22748.93,2025.05.23 trades=3 W=0 L=3 gross_profit=0.00 gross_loss=233.27 net=-233.27 PF=0.00
773,2025.05.26 01:00:00,2025.05.26 03:30:00,WEEK_SUMMARY,XAUUSD,M5,280,FLAT,NA,DAY,0,0.00,0.00,0.00,0.00,1.00,0.00,0.00,0.00,0.00,0.00,0.00,0.00,0.00,0.00,0.00,0.00,-1.02,-125.46,3360.84,3358.08,3349.02,3360.99,3358.09,5.044,1.80,33.48,38.96,38.96,-1.12,-0.90,-0.22,3335.95,3357.90,118,363,28.6,57.1,11,1,CROSS=EMA9>EMA21;TREND=1;STRUCT=1;VOL=1;COOL=1;EMA50=1;VWAP=1;BIAS=1,0.00,0.00,22748.93,22748.93,days=3 trades=5 W=1 L=4 gross_profit=216.06 gross_loss=341.52 net=-125.46 PF=0.63 pips=-493.0
774,2025.05.26 01:50:00,2025.05.26 04:20:00,SKIP,XAUUSD,M5,280,FLAT,NA,DAY,0,0.00,0.00,0.00,0.00,1.00,0.00,0.00,0.00,0.00,0.00,0.00,0.00,0.00,0.00,0.00,0.00,0.00,0.00,3355.83,3355.88,3348.91,3356.08,3356.00,1.743,4.00,34.07,43.23,43.23,-3.54,-3.57,0.02,3347.97,3350.91,233,362,28.6,57.1,8,1,CROSS=EMA9<EMA21;TREND=1;STRUCT=1;VOL=1;COOL=1;EMA50=1;VWAP=0;BIAS=1,0.00,0.00,22748.93,22748.93,quality filter
775,2025.05.26 17:45:00,2025.05.26 20:15:00,SKIP,XAUUSD,M5,280,FLAT,NA,EVENING,0,0.00,0.00,0.00,0.00,1.00,0.00,0.00,0.00,0.00,0.00,0.00,0.00,0.00,0.00,0.00,0.00,0.00,0.00,3335.74,3335.71,3337.98,3335.59,3335.64,-0.879,2.57,28.50,57.06,57.06,1.30,1.55,-0.25,3339.83,3338.62,393,567,57.1,28.6,5,1,CROSS=EMA9<EMA21;TREND=1;STRUCT=1;VOL=1;COOL=1;EMA50=1;VWAP=0;BIAS=1,0.00,0.00,22748.93,22748.93,outside the killzone window
776,2025.05.27 04:55:00,2025.05.27 07:25:00,ENTRY,XAUUSD,M5,282,SELL,FULLTGT,DAY,0,3333.88,3340.00,3340.00,6.12,1.00,6.12,3327.76,3321.65,3315.53,3309.42,3303.30,0.18,0.18,0.18,3333.88,0.00,0.00,0.00,3341.97,3342.00,3341.19,3342.39,3342.20,0.266,3.06,41.70,33.93,33.93,-2.98,-1.78,-1.20,3343.09,3333.88,510,525,0.0,85.7,5,1,CROSS=EMA9<EMA21;TREND=1;STRUCT=1;VOL=1;COOL=1;EMA50=1;VWAP=1;BIAS=1,0.00,0.00,22748.30,22747.40,KZ=ASIA; KZR=London H @ 3347.59 45 bars ago (high taken); DAY 12AM-4PM IST session: stop x1.00 of usual; no partials; full size to TP5; SL steps BE->TP1->TP2->TP3
777,2025.05.27 05:14:36,2025.05.27 07:44:36,EXIT_SL,XAUUSD,M5,282,SELL,FULLTGT,DAY,0,3333.88,3340.00,3340.00,6.12,1.00,6.12,3327.76,3321.65,3315.53,3309.42,3303.30,0.18,0.18,0.00,3340.03,0.00,-1.01,-111.96,3341.27,3341.63,3341.03,3341.43,3341.72,0.189,3.18,32.58,45.00,45.00,-2.53,-2.36,-0.17,3342.46,3338.07,654,560,14.3,85.7,12,1,CROSS=EMA9<EMA21;TREND=1;STRUCT=1;VOL=1;COOL=1;EMA50=1;VWAP=1;BIAS=1,0.08,-1.00,22636.97,22636.97,stopped at the initial SL (x1.00 of usual)
778,2025.05.27 06:20:00,2025.05.27 08:50:00,ENTRY,XAUUSD,M5,284,BUY,FULLTGT,DAY,0,3346.20,3341.69,3341.69,4.51,1.00,4.51,3350.71,3355.21,3359.72,3364.23,3368.74,0.25,0.25,0.25,3346.20,0.00,0.00,0.00,3341.92,3341.86,3341.24,3341.70,3341.75,0.276,2.25,42.53,63.17,63.17,0.88,0.10,0.78,3342.31,3346.15,517,524,85.7,0.0,5,1,CROSS=EMA9>EMA21;TREND=1;STRUCT=1;VOL=1;COOL=1;EMA50=1;VWAP=1;BIAS=1,0.00,0.00,22636.09,22634.84,KZ=ASIA; KZR=London H @ 3347.59 62 bars ago (high taken); DAY 12AM-4PM IST session: stop x1.00 of usual; no partials; full size to TP5; SL steps BE->TP1->TP2->TP3
779,2025.05.27 06:48:27,2025.05.27 09:18:27,EXIT_SL,XAUUSD,M5,284,BUY,FULLTGT,DAY,0,3346.20,3341.69,3341.69,4.51,1.00,4.51,3350.71,3355.21,3359.72,3364.23,3368.74,0.25,0.25,0.00,3341.67,0.00,-1.01,-115.01,3342.75,3342.31,3341.51,3342.67,3342.26,0.440,1.83,40.01,54.55,54.55,1.26,0.97,0.29,3342.57,3344.29,368,460,85.7,0.0,12,1,CROSS=EMA9>EMA21;TREND=1;STRUCT=1;VOL=1;COOL=1;EMA50=1;VWAP=1;BIAS=1,0.25,-1.00,22521.96,22521.96,stopped at the initial SL (x1.00 of usual)
780,2025.05.27 07:35:00,2025.05.27 10:05:00,SKIP,XAUUSD,M5,284,FLAT,NA,DAY,0,0.00,0.00,0.00,0.00,1.00,0.00,0.00,0.00,0.00,0.00,0.00,0.00,0.00,0.00,0.00,0.00,0.00,0.00,3341.86,3341.92,3341.40,3342.07,3342.03,0.320,1.63,51.87,33.97,33.97,-0.74,-0.01,-0.73,3342.36,3337.63,456,392,0.0,100.0,13,1,CROSS=EMA9>EMA21;TREND=1;STRUCT=1;VOL=1;COOL=1;EMA50=1;VWAP=1;BIAS=1,0.00,0.00,22521.96,22521.96,outside the killzone window
781,2025.05.27 21:35:00,2025.05.28 00:05:00,SKIP,XAUUSD,M5,284,FLAT,NA,DAY,0,0.00,0.00,0.00,0.00,1.00,0.00,0.00,0.00,0.00,0.00,0.00,0.00,0.00,0.00,0.00,0.00,0.00,0.00,3299.45,3299.44,3304.77,3299.30,3299.36,-3.164,1.69,29.12,58.83,58.83,1.08,1.43,-0.36,3310.70,3302.38,386,445,57.1,28.6,11,1,CROSS=EMA9>EMA21;TREND=1;STRUCT=1;VOL=1;COOL=1;EMA50=1;VWAP=1;BIAS=1,0.00,0.00,22521.96,22521.96,outside the killzone window
782,2025.05.28 01:00:00,2025.05.28 03:30:00,DAY_SUMMARY,XAUUSD,M5,284,FLAT,NA,DAY,0,0.00,0.00,0.00,0.00,1.00,0.00,0.00,0.00,0.00,0.00,0.00,0.00,0.00,0.00,0.00,0.00,-2.01,-226.97,3302.90,3301.81,3304.56,3303.01,3301.84,-2.118,1.30,29.35,35.47,35.47,-0.22,0.44,-0.66,3310.40,3300.56,190,242,14.3,71.4,9,1,CROSS=EMA9>EMA21;TREND=1;STRUCT=1;VOL=1;COOL=1;EMA50=1;VWAP=1;BIAS=1,0.00,0.00,22521.96,22521.96,2025.05.27 trades=2 W=0 L=2 gross_profit=0.00 gross_loss=226.97 net=-226.97 PF=0.00
783,2025.05.28 06:25:00,2025.05.28 08:55:00,ENTRY,XAUUSD,M5,286,SELL,FULLTGT,DAY,0,3296.03,3301.97,3301.97,5.94,1.00,5.94,3290.09,3284.15,3278.21,3272.28,3266.34,0.18,0.18,0.18,3296.03,0.00,0.00,0.00,3304.95,3305.15,3305.56,3305.41,3305.38,-0.139,2.97,31.00,27.70,27.70,-2.13,-1.08,-1.05,3306.11,3296.03,1094,651,0.0,100.0,9,1,CROSS=EMA9<EMA21;TREND=1;STRUCT=1;VOL=1;COOL=1;EMA50=1;VWAP=1;BIAS=1,0.00,0.00,22521.33,22519.71,KZ=ASIA; KZR=Asia L @ 3285.51 160 bars ago (low taken); DAY 12AM-4PM IST session: stop x1.00 of usual; no partials; full size to TP5; SL steps BE->TP1->TP2->TP3
784,2025.05.28 08:07:38,2025.05.28 10:37:38,EXIT_SL,XAUUSD,M5,286,SELL,FULLTGT,DAY,0,3296.03,3301.97,3301.97,5.94,1.00,5.94,3290.09,3284.15,3278.21,3272.28,3266.34,0.18,0.18,0.00,3301.98,0.00,-1.00,-108.36,3299.63,3301.74,3303.54,3299.70,3301.82,-0.880,2.06,21.58,49.77,49.77,-1.24,-1.86,0.61,3303.88,3298.23,401,437,14.3,57.1,12,1,CROSS=EMA9<EMA21;TREND=1;STRUCT=1;VOL=1;COOL=1;EMA50=1;VWAP=1;BIAS=1,0.73,-1.00,22413.60,22413.60,stopped at the initial SL (x1.00 of usual)
785,2025.05.28 09:50:00,2025.05.28 12:20:00,ENTRY,XAUUSD,M5,288,BUY,FULLTGT,DAY,0,3308.04,3301.90,3301.90,6.14,1.00,6.14,3314.18,3320.31,3326.45,3332.59,3338.73,0.18,0.18,0.18,3308.04,0.00,0.00,0.00,3303.13,3303.09,3303.89,3302.88,3302.96,-0.263,3.07,41.38,61.21,61.21,1.19,0.98,0.21,3304.11,3307.97,599,592,100.0,0.0,5,1,CROSS=EMA9>EMA21;TREND=1;STRUCT=1;VOL=1;COOL=1;EMA50=1;VWAP=1;BIAS=1,0.00,0.00,22412.97,22412.07,KZ=LONDON; KZR=Asia L @ 3285.51 201 bars ago (low taken); DAY 12AM-4PM IST session: stop x1.00 of usual; no partials; full size to TP5; SL steps BE->TP1->TP2->TP3
786,2025.05.28 10:33:41,2025.05.28 13:03:41,SL_MOVE,XAUUSD,M5,288,BUY,FULLTGT,DAY,0,3308.04,3301.90,3308.04,6.14,1.00,6.14,3314.18,3320.31,3326.45,3332.59,3338.73,0.18,0.00,0.18,3308.04,1.00,0.00,0.00,3305.43,3304.34,3304.47,3305.15,3304.18,-0.052,2.51,56.38,61.63,61.63,2.30,1.79,0.51,3304.65,3310.71,473,599,85.7,0.0,9,1,CROSS=EMA9>EMA21;TREND=1;STRUCT=1;VOL=1;COOL=1;EMA50=1;VWAP=1;BIAS=1,1.00,-0.22,22412.97,22524.03,stop to breakeven
787,2025.05.28 10:33:41,2025.05.28 13:03:41,TP1_REACHED,XAUUSD,M5,288,BUY,FULLTGT,DAY,0,3308.04,3301.90,3308.04,6.14,1.00,6.14,3314.18,3320.31,3326.45,3332.59,3338.73,0.18,0.00,0.18,3314.18,1.00,1.00,0.00,3305.43,3304.34,3304.47,3305.15,3304.18,-0.052,2.51,56.38,61.63,61.63,2.30,1.79,0.51,3304.65,3310.71,473,599,85.7,0.0,9,1,CROSS=EMA9>EMA21;TREND=1;STRUCT=1;VOL=1;COOL=1;EMA50=1;VWAP=1;BIAS=1,1.00,-0.22,22412.97,22524.03,full target: no partial booked
788,2025.05.28 10:51:35,2025.05.28 13:21:35,SL_MOVE,XAUUSD,M5,288,BUY,FULLTGT,DAY,0,3308.04,3301.90,3314.18,6.14,1.00,6.14,3314.18,3320.31,3326.45,3332.59,3338.73,0.18,0.00,0.18,3314.18,2.00,0.00,0.00,3307.21,3305.37,3304.99,3306.57,3305.01,0.127,3.00,55.08,72.37,72.37,3.28,2.38,0.89,3305.26,3319.67,922,670,100.0,0.0,9,1,CROSS=EMA9>EMA21;TREND=1;STRUCT=1;VOL=1;COOL=1;EMA50=1;VWAP=1;BIAS=1,1.99,-0.22,22412.97,22634.19,stop trailed to TP1
789,2025.05.28 10:51:35,2025.05.28 13:21:35,TP2_REACHED,XAUUSD,M5,288,BUY,FULLTGT,DAY,0,3308.04,3301.90,3314.18,6.14,1.00,6.14,3314.18,3320.31,3326.45,3332.59,3338.73,0.18,0.00,0.18,3320.31,2.00,2.00,0.00,3307.21,3305.37,3304.99,3306.57,3305.01,0.127,3.00,55.08,72.37,72.37,3.28,2.38,0.89,3305.26,3319.67,922,670,100.0,0.0,9,1,CROSS=EMA9>EMA21;TREND=1;STRUCT=1;VOL=1;COOL=1;EMA50=1;VWAP=1;BIAS=1,1.99,-0.22,22412.97,22634.19,full target: no partial booked
790,2025.05.28 13:47:43,2025.05.28 16:17:43,EXIT_TRAIL_SL,XAUUSD,M5,288,BUY,FULLTGT,EVENING,0,3308.04,3301.90,3314.18,6.14,1.00,6.14,3314.18,3320.31,3326.45,3332.59,3338.73,0.18,0.18,0.00,3314.15,0.00,1.00,108.72,3318.34,3314.38,3310.62,3318.46,3314.34,1.809,2.08,32.42,38.21,38.21,-0.26,1.11,-1.38,3309.06,3315.97,667,473,42.9,57.1,5,1,CROSS=EMA9>EMA21;TREND=1;STRUCT=1;VOL=1;COOL=1;EMA50=1;VWAP=1;BIAS=1,2.84,-0.22,22522.32,22522.32,stopped at a trailed level
791,2025.05.28 16:20:00,2025.05.28 18:50:00,SKIP,XAUUSD,M5,288,FLAT,NA,EVENING,0,0.00,0.00,0.00,0.00,1.00,0.00,0.00,0.00,0.00,0.00,0.00,0.00,0.00,0.00,0.00,0.00,0.00,0.00,3312.66,3312.69,3310.84,3312.78,3312.75,0.515,3.59,17.33,45.92,45.92,-1.03,-0.97,-0.05,3309.54,3310.20,943,757,28.6,57.1,5,1,CROSS=EMA9<EMA21;TREND=1;STRUCT=1;VOL=1;COOL=1;EMA50=1;VWAP=0;BIAS=1,0.00,0.00,22522.32,22522.32,quality filter
792,2025.05.29 01:00:00,2025.05.29 03:30:00,DAY_SUMMARY,XAUUSD,M5,288,FLAT,NA,DAY,0,0.00,0.00,0.00,0.00,1.00,0.00,0.00,0.00,0.00,0.00,0.00,0.00,0.00,0.00,0.00,0.00,-0.01,0.36,3296.10,3298.53,3301.82,3296.48,3298.78,-1.081,3.04,33.79,33.09,33.09,-1.96,-1.00,-0.96,3305.76,3288.64,407,395,14.3,85.7,9,1,CROSS=EMA9<EMA21;TREND=1;STRUCT=1;VOL=1;COOL=1;EMA50=1;VWAP=0;BIAS=1,0.00,0.00,22522.32,22522.32,2025.05.28 trades=2 W=1 L=1 gross_profit=108.72 gross_loss=108.36 net=0.36 PF=1.00
793,2025.05.29 10:30:00,2025.05.29 13:00:00,SKIP,XAUUSD,M5,288,FLAT,NA,DAY,0,0.00,0.00,0.00,0.00,1.00,0.00,0.00,0.00,0.00,0.00,0.00,0.00,0.00,0.00,0.00,0.00,0.00,0.00,3273.09,3273.04,3278.13,3272.68,3272.83,-1.979,2.57,42.70,69.29,69.29,2.15,0.91,1.24,3267.73,3281.19,688,670,85.7,14.3,5,1,CROSS=EMA9>EMA21;TREND=1;STRUCT=1;VOL=1;COOL=1;EMA50=1;VWAP=1;BIAS=1,0.00,0.00,22522.32,22522.32,already positioned that way
794,2025.05.30 03:35:00,2025.05.30 06:05:00,ENTRY,XAUUSD,M5,290,SELL,FULLTGT,DAY,0,3311.90,3315.76,3315.76,3.86,1.00,3.86,3308.04,3304.18,3300.32,3296.45,3292.59,0.29,0.29,0.29,3311.90,0.00,0.00,0.00,3315.67,3315.74,3311.25,3315.87,3315.84,2.327,1.93,19.01,35.60,35.60,-0.77,-0.49,-0.28,3315.38,3311.90,430,327,0.0,85.7,10,1,CROSS=EMA9<EMA21;TREND=1;STRUCT=1;VOL=1;COOL=1;EMA50=1;VWAP=1;BIAS=1,0.00,0.00,22521.30,22518.40,KZ=ASIA; KZR=NY L @ 3283.03 332 bars ago (low taken); DAY 12AM-4PM IST session: stop x1.00 of usual; no partials; full size to TP5; SL steps BE->TP1->TP2->TP3
795,2025.05.30 04:06:37,2025.05.30 06:36:37,EXIT_SL,XAUUSD,M5,290,SELL,FULLTGT,DAY,0,3311.90,3315.76,3315.76,3.86,1.00,3.86,3308.04,3304.18,3300.32,3296.45,3292.59,0.29,0.29,0.00,3315.76,0.00,-1.00,-113.98,3314.93,3315.34,3311.36,3315.06,3315.41,1.777,2.24,19.75,40.83,40.83,-0.91,-0.78,-0.14,3314.66,3312.44,721,402,0.0,85.7,11,1,CROSS=EMA9<EMA21;TREND=1;STRUCT=1;VOL=1;COOL=1;EMA50=1;VWAP=1;BIAS=1,0.59,-0.99,22408.34,22408.34,stopped at the initial SL (x1.00 of usual)
796,2025.05.30 16:05:00,2025.05.30 18:35:00,ENTRY,XAUUSD,M5,292,BUY,FULLTGT,EVENING,0,3304.55,3292.78,3292.78,11.77,1.00,11.77,3316.32,3328.09,3339.86,3351.63,3363.40,0.09,0.09,0.09,3304.55,0.00,0.00,0.00,3297.95,3297.79,3299.74,3297.62,3297.62,-0.331,5.88,24.60,62.50,62.50,2.44,1.67,0.77,3300.83,3304.50,895,873,85.7,0.0,5,1,CROSS=EMA9>EMA21;TREND=1;STRUCT=1;VOL=1;COOL=1;EMA50=1;VWAP=1;BIAS=1,0.00,0.00,22408.02,22407.57,KZ=NY; KZR=NY L @ 3287.85 70 bars ago (low taken); EVENING 4PM-12AM IST session: stop x1.00 of usual; no partials; full size to TP5; SL steps BE->TP1->TP2->TP3
797,2025.05.30 16:31:39,2025.05.30 19:01:39,EXIT_SL,XAUUSD,M5,292,BUY,FULLTGT,EVENING,0,3304.55,3292.78,3292.78,11.77,1.00,11.77,3316.32,3328.09,3339.86,3351.63,3363.40,0.09,0.09,0.00,3292.78,0.00,-1.00,-106.57,3298.41,3298.07,3299.77,3298.59,3298.15,-0.372,4.57,22.40,42.27,42.27,1.03,2.09,-1.06,3300.81,3294.78,912,1001,14.3,57.1,10,1,CROSS=EMA9>EMA21;TREND=1;STRUCT=1;VOL=1;COOL=1;EMA50=1;VWAP=1;BIAS=1,0.31,-1.00,22301.77,22301.77,stopped at the initial SL (x1.00 of usual)
798,2025.05.30 16:45:00,2025.05.30 19:15:00,ENTRY,XAUUSD,M5,294,SELL,FULLTGT,EVENING,0,3289.65,3299.38,3299.38,9.73,1.00,9.73,3279.92,3270.20,3260.47,3250.74,3241.01,0.11,0.11,0.11,3289.65,0.00,0.00,0.00,3297.62,3297.69,3299.51,3298.03,3297.89,-0.375,4.86,25.26,38.20,38.20,-0.62,1.35,-1.97,3300.57,3289.74,976,1065,0.0,85.7,10,1,CROSS=EMA9<EMA21;TREND=1;STRUCT=1;VOL=1;COOL=1;EMA50=1;VWAP=1;BIAS=1,0.00,0.00,22301.38,22300.28,KZ=NY; KZR=NY L @ 3287.85 78 bars ago (low taken); EVENING 4PM-12AM IST session: stop x1.00 of usual; no partials; full size to TP5; SL steps BE->TP1->TP2->TP3
799,2025.05.30 16:53:40,2025.05.30 19:23:40,SL_MOVE,XAUUSD,M5,294,SELL,FULLTGT,EVENING,0,3289.65,3299.38,3289.65,9.73,1.00,9.73,3279.92,3270.20,3260.47,3250.74,3241.01,0.11,0.00,0.11,3289.65,1.00,0.00,0.00,3297.10,3297.42,3299.36,3297.62,3297.69,-0.379,5.10,27.72,35.35,35.35,-1.39,0.93,-2.32,3300.40,3286.98,1368,1084,0.0,100.0,9,1,CROSS=EMA9<EMA21;TREND=1;STRUCT=1;VOL=1;COOL=1;EMA50=1;VWAP=1;BIAS=1,1.00,-0.15,22301.38,22409.07,stop to breakeven
800,2025.05.30 16:53:40,2025.05.30 19:23:40,TP1_REACHED,XAUUSD,M5,294,SELL,FULLTGT,EVENING,0,3289.65,3299.38,3289.65,9.73,1.00,9.73,3279.92,3270.20,3260.47,3250.74,3241.01,0.11,0.00,0.11,3279.92,1.00,1.00,0.00,3297.10,3297.42,3299.36,3297.62,3297.69,-0.379,5.10,27.72,35.35,35.35,-1.39,0.93,-2.32,3300.40,3286.98,1368,1084,0.0,100.0,9,1,CROSS=EMA9<EMA21;TREND=1;STRUCT=1;VOL=1;COOL=1;EMA50=1;VWAP=1;BIAS=1,1.00,-0.15,22301.38,22409.07,full target: no partial booked
801,2025.05.30 18:32:42,2025.05.30 21:02:42,EXIT_BE,XAUUSD,M5,294,SELL,FULLTGT,EVENING,0,3289.65,3299.38,3289.65,9.73,1.00,9.73,3279.92,3270.20,3260.47,3250.74,3241.01,0.11,0.11,0.00,3289.66,0.00,-0.00,-0.89,3287.74,3291.37,3295.50,3287.78,3291.48,-0.840,4.92,18.88,51.81,51.81,-1.70,-3.51,1.81,3297.18,3287.00,693,1102,42.9,28.6,5,1,CROSS=EMA9<EMA21;TREND=1;STRUCT=1;VOL=1;COOL=1;EMA50=1;VWAP=1;BIAS=1,1.86,-0.15,22300.88,22300.88,stopped at breakeven
802,2025.05.30 21:45:00,2025.05.31 00:15:00,SKIP,XAUUSD,M5,294,FLAT,NA,DAY,0,0.00,0.00,0.00,0.00,1.00,0.00,0.00,0.00,0.00,0.00,0.00,0.00,0.00,0.00,0.00,0.00,0.00,0.00,3291.68,3291.67,3293.99,3291.54,3291.60,-1.266,1.83,22.27,57.25,57.25,1.20,1.19,0.01,3296.22,3294.44,306,443,57.1,14.3,5,1,CROSS=EMA9<EMA21;TREND=1;STRUCT=1;VOL=1;COOL=1;EMA50=1;VWAP=1;BIAS=1,0.00,0.00,22300.88,22300.88,outside the killzone window
803,2025.06.02 01:00:00,2025.06.02 03:30:00,DAY_SUMMARY,XAUUSD,M5,294,FLAT,NA,DAY,0,0.00,0.00,0.00,0.00,1.00,0.00,0.00,0.00,0.00,0.00,0.00,0.00,0.00,0.00,0.00,0.00,-2.00,-221.44,3292.16,3292.11,3293.62,3292.34,3292.20,-0.908,1.66,31.27,35.64,35.64,-0.73,-0.37,-0.36,3296.09,3288.72,94,253,14.3,71.4,9,1,CROSS=EMA9<EMA21;TREND=1;STRUCT=1;VOL=1;COOL=1;EMA50=1;VWAP=1;BIAS=1,0.00,0.00,22300.88,22300.88,2025.05.30 trades=3 W=0 L=3 gross_profit=0.00 gross_loss=221.44 net=-221.44 PF=0.00
804,2025.06.02 01:00:00,2025.06.02 03:30:00,WEEK_SUMMARY,XAUUSD,M5,294,FLAT,NA,DAY,0,0.00,0.00,0.00,0.00,1.00,0.00,0.00,0.00,0.00,0.00,0.00,0.00,0.00,0.00,0.00,0.00,-4.02,-448.05,3292.16,3292.11,3293.62,3292.34,3292.20,-0.908,1.66,31.27,35.64,35.64,-0.73,-0.37,-0.36,3296.09,3288.72,94,253,14.3,71.4,9,1,CROSS=EMA9<EMA21;TREND=1;STRUCT=1;VOL=1;COOL=1;EMA50=1;VWAP=1;BIAS=1,0.00,0.00,22300.88,22300.88,days=3 trades=7 W=1 L=6 gross_profit=108.72 gross_loss=556.77 net=-448.05 PF=0.20 pips=-2616.0
805,2025.06.02 01:00:00,2025.06.02 03:30:00,MONTH_SUMMARY,XAUUSD,M5,294,FLAT,NA,DAY,0,0.00,0.00,0.00,0.00,1.00,0.00,0.00,0.00,0.00,0.00,0.00,0.00,0.00,0.00,0.00,0.00,-4.07,-477.08,3292.16,3292.11,3293.62,3292.34,3292.20,-0.908,1.66,31.27,35.64,35.64,-0.73,-0.37,-0.36,3296.09,3288.72,94,253,14.3,71.4,9,1,CROSS=EMA9<EMA21;TREND=1;STRUCT=1;VOL=1;COOL=1;EMA50=1;VWAP=1;BIAS=1,0.00,0.00,22300.88,22300.88,days=12 trades=21 W=5 L=16 gross_profit=980.32 gross_loss=1457.40 net=-477.08 PF=0.67 pips=-2388.0
806,2025.06.03 04:35:00,2025.06.03 07:05:00,SKIP,XAUUSD,M5,294,FLAT,NA,DAY,0,0.00,0.00,0.00,0.00,1.00,0.00,0.00,0.00,0.00,0.00,0.00,0.00,0.00,0.00,0.00,0.00,0.00,0.00,3378.16,3378.21,3370.98,3378.66,3378.46,1.951,3.71,63.08,29.49,29.49,-4.52,-3.55,-0.96,3378.86,3368.34,831,698,0.0,100.0,5,1,CROSS=EMA9<EMA21;TREND=1;STRUCT=1;VOL=1;COOL=1;EMA50=1;VWAP=1;BIAS=1,0.00,0.00,22300.88,22300.88,already positioned that way
807,2025.06.03 23:05:00,2025.06.04 01:35:00,SKIP,XAUUSD,M5,294,FLAT,NA,DAY,0,0.00,0.00,0.00,0.00,1.00,0.00,0.00,0.00,0.00,0.00,0.00,0.00,0.00,0.00,0.00,0.00,0.00,0.00,3352.53,3352.51,3354.78,3352.47,3352.48,-1.693,1.34,21.48,53.19,53.19,0.40,0.65,-0.25,3359.95,3353.62,292,277,57.1,28.6,5,1,CROSS=EMA9<EMA21;TREND=1;STRUCT=1;VOL=1;COOL=1;EMA50=1;VWAP=1;BIAS=1,0.00,0.00,22300.88,22300.88,outside the killzone window
808,2025.06.04 08:15:00,2025.06.04 10:45:00,SKIP,XAUUSD,M5,294,FLAT,NA,DAY,0,0.00,0.00,0.00,0.00,1.00,0.00,0.00,0.00,0.00,0.00,0.00,0.00,0.00,0.00,0.00,0.00,0.00,0.00,3359.56,3359.58,3358.55,3359.81,3359.70,0.413,2.50,41.72,38.93,38.93,-2.47,-2.10,-0.37,3360.75,3354.77,320,414,0.0,85.7,5,1,CROSS=EMA9<EMA21;TREND=1;STRUCT=1;VOL=1;COOL=1;EMA50=1;VWAP=1;BIAS=1,0.00,0.00,22300.88,22300.88,already positioned that way
809,2025.06.04 12:05:00,2025.06.04 14:35:00,SKIP,XAUUSD,M5,294,FLAT,NA,DAY,0,0.00,0.00,0.00,0.00,1.00,0.00,0.00,0.00,0.00,0.00,0.00,0.00,0.00,0.00,0.00,0.00,0.00,0.00,3358.01,3357.91,3357.75,3357.78,3357.79,0.067,2.37,34.22,64.57,64.57,1.23,0.22,1.00,3358.81,3362.54,615,600,85.7,14.3,5,1,CROSS=EMA9<EMA21;TREND=1;STRUCT=1;VOL=1;COOL=1;EMA50=1;VWAP=1;BIAS=1,0.00,0.00,22300.88,22300.88,outside the killzone window
810,2025.06.04 14:00:00,2025.06.04 16:30:00,SKIP,XAUUSD,M5,294,FLAT,NA,EVENING,0,0.00,0.00,0.00,0.00,1.00,0.00,0.00,0.00,0.00,0.00,0.00,0.00,0.00,0.00,0.00,0.00,0.00,0.00,3358.22,3358.35,3358.12,3358.60,3358.54,0.091,2.60,51.43,27.25,27.25,-2.02,-0.55,-1.46,3358.83,3350.95,635,542,14.3,85.7,5,1,CROSS=EMA9<EMA21;TREND=1;STRUCT=1;VOL=1;COOL=1;EMA50=1;VWAP=1;BIAS=1,0.00,0.00,22300.88,22300.88,already positioned that way
811,2025.06.04 17:20:00,2025.06.04 19:50:00,SKIP,XAUUSD,M5,294,FLAT,NA,EVENING,0,0.00,0.00,0.00,0.00,1.00,0.00,0.00,0.00,0.00,0.00,0.00,0.00,0.00,0.00,0.00,0.00,0.00,0.00,3356.47,3356.29,3356.70,3356.00,3356.06,-0.086,4.69,33.60,65.74,65.74,2.23,0.93,1.30,3357.52,3365.71,1123,992,85.7,14.3,5,1,CROSS=EMA9<EMA21;TREND=1;STRUCT=1;VOL=1;COOL=1;EMA50=1;VWAP=1;BIAS=1,0.00,0.00,22300.88,22300.88,outside the killzone window
812,2025.06.05 05:50:00,2025.06.05 08:20:00,SKIP,XAUUSD,M5,294,FLAT,NA,DAY,0,0.00,0.00,0.00,0.00,1.00,0.00,0.00,0.00,0.00,0.00,0.00,0.00,0.00,0.00,0.00,0.00,0.00,0.00,3374.33,3374.33,3371.82,3374.50,3374.42,0.981,2.56,23.51,41.56,41.56,-1.57,-1.53,-0.04,3375.56,3371.10,366,571,0.0,71.4,5,1,CROSS=EMA9<EMA21;TREND=1;STRUCT=1;VOL=1;COOL=1;EMA50=1;VWAP=1;BIAS=1,0.00,0.00,22300.88,22300.88,already positioned that way
813,2025.06.05 11:45:00,2025.06.05 14:15:00,ENTRY,XAUUSD,M5,296,BUY,FULLTGT,DAY,0,3375.42,3371.53,3371.53,3.89,1.00,3.89,3379.31,3383.20,3387.09,3390.98,3394.87,0.28,0.28,0.28,3375.42,0.00,0.00,0.00,3370.79,3370.73,3370.61,3370.55,3370.62,0.063,1.94,18.45,65.34,65.34,1.35,1.19,0.15,3371.90,3375.32,407,519,71.4,0.0,10,1,CROSS=EMA9>EMA21;TREND=1;STRUCT=1;VOL=1;COOL=1;EMA50=1;VWAP=1;BIAS=1,0.00,0.00,22299.90,22297.10,KZ=LONDON; KZR=London H @ 3367.40 374 bars ago (high taken); DAY 12AM-4PM IST session: stop x1.00 of usual; no partials; full size to TP5; SL steps BE->TP1->TP2->TP3
814,2025.06.05 12:15:39,2025.06.05 14:45:39,SL_MOVE,XAUUSD,M5,296,BUY,FULLTGT,DAY,0,3375.42,3371.53,3375.42,3.89,1.00,3.89,3379.31,3383.20,3387.09,3390.98,3394.87,0.28,0.00,0.28,3375.42,1.00,0.00,0.00,3372.16,3371.47,3371.00,3371.82,3371.29,0.225,2.10,34.89,71.28,71.28,1.83,1.47,0.35,3372.15,3378.81,725,523,100.0,0.0,6,1,CROSS=EMA9>EMA21;TREND=1;STRUCT=1;VOL=1;COOL=1;EMA50=1;VWAP=1;BIAS=1,0.99,-0.34,22299.90,22408.82,stop to breakeven
815,2025.06.05 12:15:39,2025.06.05 14:45:39,TP1_REACHED,XAUUSD,M5,296,BUY,FULLTGT,DAY,0,3375.42,3371.53,3375.42,3.89,1.00,3.89,3379.31,3383.20,3387.09,3390.98,3394.87,0.28,0.00,0.28,3379.31,1.00,1.00,0.00,3372.16,3371.47,3371.00,3371.82,3371.29,0.225,2.10,34.89,71.28,71.28,1.83,1.47,0.35,3372.15,3378.81,725,523,100.0,0.0,6,1,CROSS=EMA9>EMA21;TREND=1;STRUCT=1;VOL=1;COOL=1;EMA50=1;VWAP=1;BIAS=1,0.99,-0.34,22299.90,22408.82,full target: no partial booked
816,2025.06.05 12:22:42,2025.06.05 14:52:42,SL_MOVE,XAUUSD,M5,296,BUY,FULLTGT,DAY,0,3375.42,3371.53,3379.31,3.89,1.00,3.89,3379.31,3383.20,3387.09,3390.98,3394.87,0.28,0.00,0.28,3379.31,2.00,0.00,0.00,3372.51,3371.67,3371.11,3372.16,3371.47,0.263,2.14,37.87,72.43,72.43,2.04,1.57,0.47,3372.25,3379.37,894,544,100.0,0.0,5,1,CROSS=EMA9>EMA21;TREND=1;STRUCT=1;VOL=1;COOL=1;EMA50=1;VWAP=1;BIAS=1,1.99,-0.34,22299.90,22517.74,stop trailed to TP1
817,2025.06.05 12:22:42,2025.06.05 14:52:42,TP2_REACHED,XAUUSD,M5,296,BUY,FULLTGT,DAY,0,3375.42,3371.53,3379.31,3.89,1.00,3.89,3379.31,3383.20,3387.09,3390.98,3394.87,0.28,0.00,0.28,3383.20,2.00,2.00,0.00,3372.51,3371.67,3371.11,3372.16,3371.47,0.263,2.14,37.87,72.43,72.43,2.04,1.57,0.47,3372.25,3379.37,894,544,100.0,0.0,5,1,CROSS=EMA9>EMA21;TREND=1;STRUCT=1;VOL=1;COOL=1;EMA50=1;VWAP=1;BIAS=1,1.99,-0.34,22299.90,22517.74,full target: no partial booked
818,2025.06.05 12:29:29,2025.06.05 14:59:29,SL_MOVE,XAUUSD,M5,296,BUY,FULLTGT,DAY,0,3375.42,3371.53,3383.20,3.89,1.00,3.89,3379.31,3383.20,3387.09,3390.98,3394.87,0.28,0.00,0.28,3383.20,3.00,0.00,0.00,3373.04,3371.96,3371.26,3372.51,3371.67,0.303,2.31,41.96,78.90,78.90,2.50,1.71,0.79,3372.40,3383.37,937,569,100.0,0.0,11,1,CROSS=EMA9>EMA21;TREND=1;STRUCT=1;VOL=1;COOL=1;EMA50=1;VWAP=1;BIAS=1,2.99,-0.34,22299.90,22626.94,stop trailed to TP2
819,2025.06.05 12:29:29,2025.06.05 14:59:29,TP3_REACHED,XAUUSD,M5,296,BUY,FULLTGT,DAY,0,3375.42,3371.53,3383.20,3.89,1.00,3.89,3379.31,3383.20,3387.09,3390.98,3394.87,0.28,0.00,0.28,3387.09,3.00,3.00,0.00,3373.04,3371.96,3371.26,3372.51,3371.67,0.303,2.31,41.96,78.90,78.90,2.50,1.71,0.79,3372.40,3383.37,937,569,100.0,0.0,11,1,CROSS=EMA9>EMA21;TREND=1;STRUCT=1;VOL=1;COOL=1;EMA50=1;VWAP=1;BIAS=1,2.99,-0.34,22299.90,22626.94,full target: no partial booked
820,2025.06.05 12:33:46,2025.06.05 15:03:46,EXIT_TRAIL_SL,XAUUSD,M5,296,BUY,FULLTGT,DAY,0,3375.42,3371.53,3383.20,3.89,1.00,3.89,3379.31,3383.20,3387.09,3390.98,3394.87,0.28,0.28,0.00,3383.19,0.00,2.00,215.60,3373.77,3372.35,3371.47,3373.04,3371.96,0.347,2.55,46.20,83.60,83.60,3.20,1.92,1.28,3372.63,3387.90,1072,598,100.0,0.0,8,1,CROSS=EMA9>EMA21;TREND=1;STRUCT=1;VOL=1;COOL=1;EMA50=1;VWAP=1;BIAS=1,3.73,-0.34,22516.48,22516.48,stopped at a trailed level
821,2025.06.05 17:45:00,2025.06.05 20:15:00,SKIP,XAUUSD,M5,296,FLAT,NA,EVENING,0,0.00,0.00,0.00,0.00,1.00,0.00,0.00,0.00,0.00,0.00,0.00,0.00,0.00,0.00,0.00,0.00,0.00,0.00,3383.04,3383.20,3380.16,3383.49,3383.43,0.469,6.49,17.82,40.66,40.66,-2.80,-3.25,0.45,3379.78,3374.26,1429,1304,14.3,71.4,10,1,CROSS=EMA9>EMA21;TREND=1;STRUCT=1;VOL=1;COOL=1;EMA50=1;VWAP=1;BIAS=1,0.00,0.00,22516.48,22516.48,outside the killzone window
822,2025.06.06 01:00:00,2025.06.06 03:30:00,DAY_SUMMARY,XAUUSD,M5,296,FLAT,NA,DAY,0,0.00,0.00,0.00,0.00,1.00,0.00,0.00,0.00,0.00,0.00,0.00,0.00,0.00,0.00,0.00,0.00,2.00,215.60,3355.42,3358.98,3364.60,3355.56,3359.14,-2.905,1.93,40.96,42.79,42.79,-0.49,0.00,-0.49,3372.46,3352.60,145,417,0.0,85.7,9,1,CROSS=EMA9>EMA21;TREND=1;STRUCT=1;VOL=1;COOL=1;EMA50=1;VWAP=1;BIAS=1,0.00,0.00,22516.48,22516.48,2025.06.05 trades=1 W=1 L=0 gross_profit=215.60 gross_loss=0.00 net=215.60 PF=0.00
823,2025.06.06 03:40:00,2025.06.06 06:10:00,SKIP,XAUUSD,M5,296,FLAT,NA,DAY,0,0.00,0.00,0.00,0.00,1.00,0.00,0.00,0.00,0.00,0.00,0.00,0.00,0.00,0.00,0.00,0.00,0.00,0.00,3359.88,3359.87,3363.20,3359.79,3359.82,-1.903,1.75,24.73,54.30,54.30,1.38,1.47,-0.09,3360.32,3361.74,532,316,57.1,28.6,12,1,CROSS=EMA9>EMA21;TREND=1;STRUCT=1;VOL=1;COOL=1;EMA50=1;VWAP=1;BIAS=1,0.00,0.00,22516.48,22516.48,already positioned that way
824,2025.06.06 03:55:00,2025.06.06 06:25:00,ENTRY,XAUUSD,M5,298,SELL,FULLTGT,DAY,0,3359.21,3363.52,3363.52,4.31,1.00,4.31,3354.90,3350.60,3346.29,3341.98,3337.67,0.26,0.26,0.26,3359.21,0.00,0.00,0.00,3359.85,3359.85,3363.07,3359.88,3359.87,-1.495,2.15,34.29,44.72,44.72,0.58,1.32,-0.74,3360.25,3359.21,606,355,14.3,85.7,5,1,CROSS=EMA9<EMA21;TREND=1;STRUCT=1;VOL=1;COOL=1;EMA50=1;VWAP=1;BIAS=1,0.00,0.00,22515.57,22514.27,KZ=ASIA; KZR=Asia H @ 3392.17 177 bars ago (high taken); DAY 12AM-4PM IST session: stop x1.00 of usual; no partials; full size to TP5; SL steps BE->TP1->TP2->TP3
825,2025.06.06 04:10:00,2025.06.06 06:40:00,FLIP,XAUUSD,M5,298,SELL,FULLTGT,DAY,0,3359.21,3363.52,3363.52,4.31,1.00,4.31,3354.90,3350.60,3346.29,3341.98,3337.67,0.26,0.00,0.00,3361.32,0.00,-0.49,0.00,3359.89,3359.87,3362.96,3359.82,3359.84,-1.354,2.28,39.14,53.63,53.63,0.29,0.90,-0.60,3360.14,3361.35,765,436,85.7,14.3,5,1,CROSS=EMA9>EMA21;TREND=1;STRUCT=1;VOL=1;COOL=1;EMA50=1;VWAP=1;BIAS=1,0.69,-0.68,22515.57,22460.71,opposite signal before SL/target | SELL -> BUY | closing trade 298
826,2025.06.06 04:10:00,2025.06.06 06:40:00,EXIT_FLIP,XAUUSD,M5,298,SELL,FULLTGT,DAY,0,3359.21,3363.52,3363.52,4.31,1.00,4.31,3354.90,3350.60,3346.29,3341.98,3337.67,0.26,0.26,0.00,3361.32,0.00,-0.49,0.00,3359.89,3359.87,3362.96,3359.82,3359.84,-1.354,2.28,39.14,53.63,53.63,0.29,0.90,-0.60,3360.14,3361.35,765,436,85.7,14.3,5,1,CROSS=EMA9>EMA21;TREND=1;STRUCT=1;VOL=1;COOL=1;EMA50=1;VWAP=1;BIAS=1,0.69,-0.68,22459.80,22459.80,FLIP exit
827,2025.06.06 04:10:00,2025.06.06 06:40:00,EXIT_OTHER,XAUUSD,M5,298,SELL,FULLTGT,DAY,0,3359.21,3363.52,3363.52,4.31,1.00,4.31,3354.90,3350.60,3346.29,3341.98,3337.67,0.26,0.26,0.00,3361.32,0.00,-0.49,-56.68,3359.89,3359.87,3362.96,3359.82,3359.84,-1.354,2.28,39.14,53.63,53.63,0.29,0.90,-0.60,3360.14,3361.35,765,436,85.7,14.3,5,1,CROSS=EMA9>EMA21;TREND=1;STRUCT=1;VOL=1;COOL=1;EMA50=1;VWAP=1;BIAS=1,0.69,-0.68,22459.80,22459.80,FLIP exit
828,2025.06.06 04:10:00,2025.06.06 06:40:00,ENTRY,XAUUSD,M5,300,BUY,FULLTGT,DAY,298,3361.32,3356.76,3356.76,4.56,1.00,4.56,3365.88,3370.45,3375.01,3379.58,3384.14,0.24,0.24,0.24,3361.32,0.00,0.00,0.00,3359.89,3359.87,3362.96,3359.82,3359.84,-1.354,2.28,39.14,53.63,53.63,0.29,0.90,-0.60,3360.14,3361.35,765,436,85.7,14.3,5,1,CROSS=EMA9>EMA21;TREND=1;STRUCT=1;VOL=1;COOL=1;EMA50=1;VWAP=1;BIAS=1,0.00,0.00,22458.96,22457.76,KZ=ASIA; KZR=Asia H @ 3392.17 180 bars ago (high taken); DAY 12AM-4PM IST session: stop x1.00 of usual; no partials; full size to TP5; SL steps BE->TP1->TP2->TP3; flipped from trade 298
829,2025.06.06 04:24:41,2025.06.06 06:54:41,SL_MOVE,XAUUSD,M5,300,BUY,FULLTGT,DAY,298,3361.32,3356.76,3361.32,4.56,1.00,4.56,3365.88,3370.45,3375.01,3379.58,3384.14,0.24,0.00,0.24,3361.32,1.00,0.00,0.00,3360.14,3360.00,3362.95,3360.00,3359.93,-1.291,2.29,31.35,59.36,59.36,0.50,0.65,-0.15,3360.28,3362.98,620,471,85.7,14.3,11,1,CROSS=EMA9>EMA21;TREND=1;STRUCT=1;VOL=1;COOL=1;EMA50=1;VWAP=1;BIAS=1,0.99,-0.11,22458.96,22569.12,stop to breakeven
830,2025.06.06 04:24:41,2025.06.06 06:54:41,TP1_REACHED,XAUUSD,M5,300,BUY,FULLTGT,DAY,298,3361.32,3356.76,3361.32,4.56,1.00,4.56,3365.88,3370.45,3375.01,3379.58,3384.14,0.24,0.00,0.24,3365.88,1.00,1.00,0.00,3360.14,3360.00,3362.95,3360.00,3359.93,-1.291,2.29,31.35,59.36,59.36,0.50,0.65,-0.15,3360.28,3362.98,620,471,85.7,14.3,11,1,CROSS=EMA9>EMA21;TREND=1;STRUCT=1;VOL=1;COOL=1;EMA50=1;VWAP=1;BIAS=1,0.99,-0.11,22458.96,22569.12,full target: no partial booked
831,2025.06.06 04:43:20,2025.06.06 07:13:20,EXIT_BE,XAUUSD,M5,300,BUY,FULLTGT,DAY,298,3361.32,3356.76,3361.32,4.56,1.00,4.56,3365.88,3370.45,3375.01,3379.58,3384.14,0.24,0.24,0.00,3361.30,0.00,-0.00,-2.16,3361.03,3360.48,3363.06,3360.95,3360.43,-0.885,2.91,29.53,52.00,52.00,1.10,0.70,0.40,3361.12,3362.56,725,560,85.7,14.3,5,1,CROSS=EMA9>EMA21;TREND=1;STRUCT=1;VOL=1;COOL=1;EMA50=1;VWAP=1;BIAS=1,1.59,-0.11,22457.64,22457.64,stopped at breakeven
832,2025.06.06 10:10:00,2025.06.06 12:40:00,ENTRY,XAUUSD,M5,302,SELL,FULLTGT,DAY,0,3357.81,3364.08,3364.08,6.27,1.00,6.27,3351.54,3345.28,3339.01,3332.75,3326.48,0.17,0.17,0.17,3357.81,0.00,0.00,0.00,3364.87,3364.92,3364.87,3365.23,3365.10,0.017,3.13,38.79,33.05,33.05,-2.62,-2.07,-0.55,3363.98,3357.81,810,827,0.0,85.7,5,1,CROSS=EMA9<EMA21;TREND=1;STRUCT=1;VOL=1;COOL=1;EMA50=1;VWAP=1;BIAS=1,0.00,0.00,22457.04,22456.19,KZ=LONDON; KZR=Asia H @ 3392.17 252 bars ago (high taken); DAY 12AM-4PM IST session: stop x1.00 of usual; no partials; full size to TP5; SL steps BE->TP1->TP2->TP3
833,2025.06.06 11:27:36,2025.06.06 13:57:36,EXIT_SL,XAUUSD,M5,302,SELL,FULLTGT,DAY,0,3357.81,3364.08,3364.08,6.27,1.00,6.27,3351.54,3345.28,3339.01,3332.75,3326.48,0.17,0.17,0.00,3364.09,0.00,-1.00,-107.96,3362.09,3363.26,3363.97,3362.15,3363.32,-0.257,2.77,27.99,49.64,49.64,-1.11,-1.74,0.62,3363.28,3360.90,503,726,14.3,71.4,5,1,CROSS=EMA9<EMA21;TREND=1;STRUCT=1;VOL=1;COOL=1;EMA50=1;VWAP=1;BIAS=1,0.80,-1.00,22349.68,22349.68,stopped at the initial SL (x1.00 of usual)
834,2025.06.09 01:00:00,2025.06.09 03:30:00,DAY_SUMMARY,XAUUSD,M5,302,FLAT,NA,DAY,0,0.00,0.00,0.00,0.00,1.00,0.00,0.00,0.00,0.00,0.00,0.00,0.00,0.00,0.00,0.00,0.00,-1.50,-166.80,3315.80,3322.91,3334.02,3315.99,3323.18,-6.581,1.69,29.92,44.04,44.04,-1.72,-2.40,0.68,3348.84,3312.12,116,334,14.3,71.4,9,1,CROSS=EMA9<EMA21;TREND=1;STRUCT=1;VOL=1;COOL=1;EMA50=1;VWAP=1;BIAS=1,0.00,0.00,22349.68,22349.68,2025.06.06 trades=3 W=0 L=3 gross_profit=0.00 gross_loss=166.80 net=-166.80 PF=0.00
835,2025.06.09 01:00:00,2025.06.09 03:30:00,WEEK_SUMMARY,XAUUSD,M5,302,FLAT,NA,DAY,0,0.00,0.00,0.00,0.00,1.00,0.00,0.00,0.00,0.00,0.00,0.00,0.00,0.00,0.00,0.00,0.00,0.50,48.80,3315.80,3322.91,3334.02,3315.99,3323.18,-6.581,1.69,29.92,44.04,44.04,-1.72,-2.40,0.68,3348.84,3312.12,116,334,14.3,71.4,9,1,CROSS=EMA9<EMA21;TREND=1;STRUCT=1;VOL=1;COOL=1;EMA50=1;VWAP=1;BIAS=1,0.00,0.00,22349.68,22349.68,days=2 trades=4 W=1 L=3 gross_profit=215.60 gross_loss=166.80 net=48.80 PF=1.29 pips=-64.0
836,2025.06.09 09:15:00,2025.06.09 11:45:00,ENTRY,XAUUSD,M5,304,BUY,FULLTGT,DAY,0,3316.92,3312.79,3312.79,4.13,1.00,4.13,3321.05,3325.17,3329.30,3333.42,3337.55,0.27,0.27,0.27,3316.92,0.00,0.00,0.00,3311.54,3311.46,3317.07,3311.27,3311.33,-2.715,2.06,29.42,65.83,65.83,1.63,1.36,0.27,3308.88,3316.87,713,450,100.0,0.0,5,1,CROSS=EMA9>EMA21;TREND=1;STRUCT=1;VOL=1;COOL=1;EMA50=1;VWAP=1;BIAS=1,0.00,0.00,22348.73,22347.38,KZ=LONDON; KZR=Asia L @ 3301.48 65 bars ago (low taken); DAY 12AM-4PM IST session: stop x1.00 of usual; no partials; full size to TP5; SL steps BE->TP1->TP2->TP3
837,2025.06.09 09:47:28,2025.06.09 12:17:28,SL_MOVE,XAUUSD,M5,304,BUY,FULLTGT,DAY,0,3316.92,3312.79,3316.92,4.13,1.00,4.13,3321.05,3325.17,3329.30,3333.42,3337.55,0.27,0.00,0.27,3316.92,1.00,0.00,0.00,3313.42,3312.48,3317.19,3313.07,3312.29,-2.061,2.28,40.27,67.52,67.52,2.28,1.90,0.39,3309.55,3320.16,574,531,100.0,0.0,11,1,CROSS=EMA9>EMA21;TREND=1;STRUCT=1;VOL=1;COOL=1;EMA50=1;VWAP=1;BIAS=1,1.00,-0.19,22348.73,22460.78,stop to breakeven
838,2025.06.09 09:47:28,2025.06.09 12:17:28,TP1_REACHED,XAUUSD,M5,304,BUY,FULLTGT,DAY,0,3316.92,3312.79,3316.92,4.13,1.00,4.13,3321.05,3325.17,3329.30,3333.42,3337.55,0.27,0.00,0.27,3321.05,1.00,1.00,0.00,3313.42,3312.48,3317.19,3313.07,3312.29,-2.061,2.28,40.27,67.52,67.52,2.28,1.90,0.39,3309.55,3320.16,574,531,100.0,0.0,11,1,CROSS=EMA9>EMA21;TREND=1;STRUCT=1;VOL=1;COOL=1;EMA50=1;VWAP=1;BIAS=1,1.00,-0.19,22348.73,22460.78,full target: no partial booked
839,2025.06.09 10:13:41,2025.06.09 12:43:41,SL_MOVE,XAUUSD,M5,304,BUY,FULLTGT,DAY,0,3316.92,3312.79,3321.05,4.13,1.00,4.13,3321.05,3325.17,3329.30,3333.42,3337.55,0.27,0.00,0.27,3321.05,2.00,0.00,0.00,3315.43,3313.66,3317.51,3315.06,3313.43,-1.590,2.42,55.01,66.01,66.01,2.89,2.50,0.40,3310.29,3322.59,509,606,85.7,0.0,5,1,CROSS=EMA9>EMA21;TREND=1;STRUCT=1;VOL=1;COOL=1;EMA50=1;VWAP=1;BIAS=1,2.00,-0.19,22348.73,22571.75,stop trailed to TP1
840,2025.06.09 10:13:41,2025.06.09 12:43:41,TP2_REACHED,XAUUSD,M5,304,BUY,FULLTGT,DAY,0,3316.92,3312.79,3321.05,4.13,1.00,4.13,3321.05,3325.17,3329.30,3333.42,3337.55,0.27,0.00,0.27,3325.17,2.00,2.00,0.00,3315.43,3313.66,3317.51,3315.06,3313.43,-1.590,2.42,55.01,66.01,66.01,2.89,2.50,0.40,3310.29,3322.59,509,606,85.7,0.0,5,1,CROSS=EMA9>EMA21;TREND=1;STRUCT=1;VOL=1;COOL=1;EMA50=1;VWAP=1;BIAS=1,2.00,-0.19,22348.73,22571.75,full target: no partial booked
841,2025.06.09 11:52:35,2025.06.09 14:22:35,EXIT_TRAIL_SL,XAUUSD,M5,304,BUY,FULLTGT,DAY,0,3316.92,3312.79,3321.05,4.13,1.00,4.13,3321.05,3325.17,3329.30,3333.42,3337.55,0.27,0.27,0.00,3321.04,0.00,1.00,109.34,3320.85,3317.77,3318.98,3320.76,3317.65,-0.531,2.28,17.38,50.75,50.75,1.00,1.56,-0.56,3312.77,3322.60,427,603,57.1,14.3,8,1,CROSS=EMA9>EMA21;TREND=1;STRUCT=1;VOL=1;COOL=1;EMA50=1;VWAP=1;BIAS=1,2.81,-0.19,22459.02,22459.02,stopped at a trailed level
842,2025.06.09 15:25:00,2025.06.09 17:55:00,SKIP,XAUUSD,M5,304,FLAT,NA,EVENING,0,0.00,0.00,0.00,0.00,1.00,0.00,0.00,0.00,0.00,0.00,0.00,0.00,0.00,0.00,0.00,0.00,0.00,0.00,3317.54,3317.58,3318.46,3317.66,3317.64,-0.309,2.82,25.23,44.94,44.94,-0.76,-0.35,-0.40,3314.05,3315.24,705,568,28.6,71.4,5,1,CROSS=EMA9<EMA21;TREND=1;STRUCT=1;VOL=1;COOL=1;EMA50=1;VWAP=0;BIAS=1,0.00,0.00,22459.02,22459.02,quality filter
843,2025.06.09 15:35:00,2025.06.09 18:05:00,SKIP,XAUUSD,M5,304,FLAT,NA,EVENING,0,0.00,0.00,0.00,0.00,1.00,0.00,0.00,0.00,0.00,0.00,0.00,0.00,0.00,0.00,0.00,0.00,0.00,0.00,3317.78,3317.70,3318.49,3317.58,3317.60,-0.256,3.09,22.77,59.87,59.87,-0.09,-0.43,0.33,3314.13,3321.68,800,597,85.7,0.0,6,1,CROSS=EMA9>EMA21;TREND=1;STRUCT=1;VOL=1;COOL=1;EMA50=1;VWAP=1;BIAS=1,0.00,0.00,22459.02,22459.02,already positioned that way
844,2025.06.09 16:25:00,2025.06.09 18:55:00,ENTRY,XAUUSD,M5,306,SELL,FULLTGT,EVENING,0,3312.38,3318.56,3318.56,6.18,1.00,6.18,3306.20,3300.01,3293.83,3287.65,3281.47,0.18,0.18,0.18,3312.38,0.00,0.00,0.00,3317.45,3317.57,3318.34,3317.71,3317.71,-0.249,3.09,25.74,38.11,38.11,-0.70,0.06,-0.76,3314.37,3312.38,951,736,0.0,100.0,5,1,CROSS=EMA9<EMA21;TREND=1;STRUCT=1;VOL=1;COOL=1;EMA50=1;VWAP=1;BIAS=1,0.00,0.00,22458.39,22457.49,KZ=NY; KZR=London L @ 3312.51 30 bars ago (low taken); EVENING 4PM-12AM IST session: stop x1.00 of usual; no partials; full size to TP5; SL steps BE->TP1->TP2->TP3
845,2025.06.09 16:46:43,2025.06.09 19:16:43,EXIT_SL,XAUUSD,M5,306,SELL,FULLTGT,EVENING,0,3312.38,3318.56,3318.56,6.18,1.00,6.18,3306.20,3300.01,3293.83,3287.65,3281.47,0.18,0.18,0.00,3318.57,0.00,-1.00,-112.68,3316.88,3317.26,3318.15,3317.01,3317.34,-0.265,3.34,26.67,45.05,45.05,-1.00,-0.48,-0.52,3314.37,3314.22,1181,838,14.3,85.7,5,1,CROSS=EMA9<EMA21;TREND=1;STRUCT=1;VOL=1;COOL=1;EMA50=1;VWAP=1;BIAS=1,0.23,-1.00,22346.34,22346.34,stopped at the initial SL (x1.00 of usual)
846,2025.06.09 17:10:00,2025.06.09 19:40:00,SKIP,XAUUSD,M5,306,FLAT,NA,EVENING,0,0.00,0.00,0.00,0.00,1.00,0.00,0.00,0.00,0.00,0.00,0.00,0.00,0.00,0.00,0.00,0.00,0.00,0.00,3317.65,3317.62,3318.27,3317.38,3317.48,-0.172,3.80,19.19,61.83,61.83,0.69,-0.41,1.11,3314.63,3322.95,1095,928,85.7,0.0,5,1,CROSS=EMA9<EMA21;TREND=1;STRUCT=1;VOL=1;COOL=1;EMA50=1;VWAP=1;BIAS=1,0.00,0.00,22346.34,22346.34,outside the killzone window
847,2025.06.10 01:00:00,2025.06.10 03:30:00,DAY_SUMMARY,XAUUSD,M5,306,FLAT,NA,DAY,0,0.00,0.00,0.00,0.00,1.00,0.00,0.00,0.00,0.00,0.00,0.00,0.00,0.00,0.00,0.00,0.00,-0.00,-3.34,3329.42,3328.74,3326.10,3329.63,3328.83,1.766,1.50,51.09,34.05,34.05,-1.78,-1.87,0.10,3318.90,3325.39,165,338,42.9,42.9,9,1,CROSS=EMA9<EMA21;TREND=1;STRUCT=1;VOL=1;COOL=1;EMA50=1;VWAP=1;BIAS=1,0.00,0.00,22346.34,22346.34,2025.06.09 trades=2 W=1 L=1 gross_profit=109.34 gross_loss=112.68 net=-3.34 PF=0.97
848,2025.06.10 01:35:00,2025.06.10 04:05:00,SKIP,XAUUSD,M5,306,FLAT,NA,DAY,0,0.00,0.00,0.00,0.00,1.00,0.00,0.00,0.00,0.00,0.00,0.00,0.00,0.00,0.00,0.00,0.00,0.00,0.00,3328.12,3328.14,3326.00,3328.28,3328.22,1.360,1.57,32.86,37.87,37.87,-1.48,-1.73,0.24,3325.12,3324.95,284,241,14.3,85.7,9,1,CROSS=EMA9<EMA21;TREND=1;STRUCT=1;VOL=1;COOL=1;EMA50=1;VWAP=1;BIAS=1,0.00,0.00,22346.34,22346.34,already positioned that way
849,2025.06.10 09:35:00,2025.06.10 12:05:00,ENTRY,XAUUSD,M5,308,BUY,FULLTGT,DAY,0,3326.90,3319.99,3319.99,6.91,1.00,6.91,3333.81,3340.73,3347.64,3354.55,3361.46,0.16,0.16,0.16,3326.90,0.00,0.00,0.00,3314.64,3314.63,3317.18,3314.01,3314.32,-0.737,3.46,47.43,80.34,80.34,4.28,3.20,1.07,3313.87,3326.85,974,712,100.0,0.0,5,1,CROSS=EMA9>EMA21;TREND=1;STRUCT=1;VOL=1;COOL=1;EMA50=1;VWAP=1;BIAS=1,0.00,0.00,22345.78,22344.98,KZ=LONDON; KZR=NY L @ 3310.76 61 bars ago (low taken); DAY 12AM-4PM IST session: stop x1.00 of usual; no partials; full size to TP5; SL steps BE->TP1->TP2->TP3
850,2025.06.10 11:16:36,2025.06.10 13:46:36,SL_MOVE,XAUUSD,M5,308,BUY,FULLTGT,DAY,0,3326.90,3319.99,3326.90,6.91,1.00,6.91,3333.81,3340.73,3347.64,3354.55,3361.46,0.16,0.00,0.16,3326.90,1.00,0.00,0.00,3323.76,3320.24,3319.75,3323.33,3319.94,0.161,3.05,15.75,67.24,67.24,2.99,3.29,-0.30,3317.12,3332.13,817,742,71.4,14.3,5,1,CROSS=EMA9>EMA21;TREND=1;STRUCT=1;VOL=1;COOL=1;EMA50=1;VWAP=1;BIAS=1,1.00,-0.41,22345.78,22456.66,stop to breakeven
851,2025.06.10 11:16:36,2025.06.10 13:46:36,TP1_REACHED,XAUUSD,M5,308,BUY,FULLTGT,DAY,0,3326.90,3319.99,3326.90,6.91,1.00,6.91,3333.81,3340.73,3347.64,3354.55,3361.46,0.16,0.00,0.16,3333.81,1.00,1.00,0.00,3323.76,3320.24,3319.75,3323.33,3319.94,0.161,3.05,15.75,67.24,67.24,2.99,3.29,-0.30,3317.12,3332.13,817,742,71.4,14.3,5,1,CROSS=EMA9>EMA21;TREND=1;STRUCT=1;VOL=1;COOL=1;EMA50=1;VWAP=1;BIAS=1,1.00,-0.41,22345.78,22456.66,full target: no partial booked
852,2025.06.10 11:46:19,2025.06.10 14:16:19,EXIT_BE,XAUUSD,M5,308,BUY,FULLTGT,DAY,0,3326.90,3319.99,3326.90,6.91,1.00,6.91,3333.81,3340.73,3347.64,3354.55,3361.46,0.16,0.16,0.00,3326.87,0.00,-0.00,-1.60,3325.23,3321.53,3320.46,3325.11,3321.38,0.388,2.77,19.40,50.38,50.38,1.70,2.61,-0.91,3317.70,3327.51,516,652,57.1,14.3,9,1,CROSS=EMA9>EMA21;TREND=1;STRUCT=1;VOL=1;COOL=1;EMA50=1;VWAP=1;BIAS=1,1.16,-0.41,22344.74,22344.74,stopped at breakeven
853,2025.06.10 18:50:00,2025.06.10 21:20:00,SKIP,XAUUSD,M5,308,FLAT,NA,EVENING,0,0.00,0.00,0.00,0.00,1.00,0.00,0.00,0.00,0.00,0.00,0.00,0.00,0.00,0.00,0.00,0.00,0.00,0.00,3332.01,3332.12,3329.30,3332.32,3332.28,0.795,3.56,48.89,38.32,38.32,-3.16,-3.43,0.27,3325.50,3325.99,656,880,28.6,57.1,5,1,CROSS=EMA9>EMA21;TREND=1;STRUCT=1;VOL=1;COOL=1;EMA50=1;VWAP=1;BIAS=1,0.00,0.00,22344.74,22344.74,outside the killzone window
854,2025.06.11 01:00:00,2025.06.11 03:30:00,DAY_SUMMARY,XAUUSD,M5,308,FLAT,NA,DAY,0,0.00,0.00,0.00,0.00,1.00,0.00,0.00,0.00,0.00,0.00,0.00,0.00,0.00,0.00,0.00,0.00,-0.00,-1.60,3325.90,3326.77,3327.04,3326.08,3326.88,-0.144,1.82,31.38,35.96,35.96,-0.96,-0.11,-0.85,3325.39,3322.40,199,420,0.0,85.7,9,1,CROSS=EMA9>EMA21;TREND=1;STRUCT=1;VOL=1;COOL=1;EMA50=1;VWAP=1;BIAS=1,0.00,0.00,22344.74,22344.74,2025.06.10 trades=1 W=0 L=1 gross_profit=0.00 gross_loss=1.60 net=-1.60 PF=0.00
855,2025.06.11 03:35:00,2025.06.11 06:05:00,SKIP,XAUUSD,M5,308,FLAT,NA,DAY,0,0.00,0.00,0.00,0.00,1.00,0.00,0.00,0.00,0.00,0.00,0.00,0.00,0.00,0.00,0.00,0.00,0.00,0.00,3326.33,3326.29,3326.58,3326.03,3326.14,-0.103,2.75,29.73,65.68,65.68,1.79,0.89,0.90,3325.55,3332.14,468,450,100.0,0.0,5,1,CROSS=EMA9>EMA21;TREND=1;STRUCT=1;VOL=1;COOL=1;EMA50=1;VWAP=1;BIAS=1,0.00,0.00,22344.74,22344.74,already positioned that way
856,2025.06.11 13:35:00,2025.06.11 16:05:00,ENTRY,XAUUSD,M5,310,SELL,FULLTGT,EVENING,0,3333.28,3338.56,3338.56,5.28,1.00,5.28,3328.00,3322.71,3317.43,3312.14,3306.86,0.21,0.21,0.21,3333.28,0.00,0.00,0.00,3338.11,3338.12,3335.97,3338.35,3338.25,0.816,2.64,51.45,37.75,37.75,-2.20,-1.96,-0.23,3335.85,3333.28,572,612,0.0,85.7,8,1,CROSS=EMA9<EMA21;TREND=1;STRUCT=1;VOL=1;COOL=1;EMA50=1;VWAP=1;BIAS=1,0.00,0.00,22344.00,22342.32,KZ=NY; KZR=NY L @ 3310.76 397 bars ago (low taken); EVENING 4PM-12AM IST session: stop x1.00 of usual; no partials; full size to TP5; SL steps BE->TP1->TP2->TP3
857,2025.06.11 14:04:26,2025.06.11 16:34:26,SL_MOVE,XAUUSD,M5,310,SELL,FULLTGT,EVENING,0,3333.28,3338.56,3333.28,5.28,1.00,5.28,3328.00,3322.71,3317.43,3312.14,3306.86,0.21,0.00,0.21,3333.28,1.00,0.00,0.00,3336.59,3337.32,3335.69,3336.94,3337.51,0.648,2.53,57.92,30.87,30.87,-2.48,-2.24,-0.24,3335.71,3329.91,463,545,0.0,85.7,6,1,CROSS=EMA9<EMA21;TREND=1;STRUCT=1;VOL=1;COOL=1;EMA50=1;VWAP=1;BIAS=1,1.00,-0.09,22344.00,22455.51,stop to breakeven
858,2025.06.11 14:04:26,2025.06.11 16:34:26,TP1_REACHED,XAUUSD,M5,310,SELL,FULLTGT,EVENING,0,3333.28,3338.56,3333.28,5.28,1.00,5.28,3328.00,3322.71,3317.43,3312.14,3306.86,0.21,0.00,0.21,3328.00,1.00,1.00,0.00,3336.59,3337.32,3335.69,3336.94,3337.51,0.648,2.53,57.92,30.87,30.87,-2.48,-2.24,-0.24,3335.71,3329.91,463,545,0.0,85.7,6,1,CROSS=EMA9<EMA21;TREND=1;STRUCT=1;VOL=1;COOL=1;EMA50=1;VWAP=1;BIAS=1,1.00,-0.09,22344.00,22455.51,full target: no partial booked
859,2025.06.11 14:36:38,2025.06.11 17:06:38,EXIT_BE,XAUUSD,M5,310,SELL,FULLTGT,EVENING,0,3333.28,3338.56,3333.28,5.28,1.00,5.28,3328.00,3322.71,3317.43,3312.14,3306.86,0.21,0.21,0.00,3333.28,0.00,-0.00,-1.48,3334.69,3336.16,3335.21,3334.82,3336.26,0.361,2.62,43.87,46.41,46.41,-1.95,-2.50,0.55,3335.40,3332.30,490,542,14.3,71.4,5,1,CROSS=EMA9<EMA21;TREND=1;STRUCT=1;VOL=1;COOL=1;EMA50=1;VWAP=1;BIAS=1,1.34,-0.09,22343.26,22343.26,stopped at breakeven
860,2025.06.11 15:40:00,2025.06.11 18:10:00,ENTRY,XAUUSD,M5,312,BUY,FULLTGT,EVENING,0,3357.19,3347.67,3347.67,9.52,1.00,9.52,3366.71,3376.22,3385.74,3395.26,3404.78,0.11,0.11,0.11,3357.19,0.00,0.00,0.00,3336.90,3336.86,3335.68,3335.87,3336.34,0.246,4.76,37.67,79.85,79.85,3.73,0.43,3.30,3335.93,3357.09,1430,786,100.0,0.0,7,1,CROSS=EMA9>EMA21;TREND=1;STRUCT=1;VOL=1;COOL=1;EMA50=1;VWAP=1;BIAS=1,0.00,0.00,22342.87,22342.10,KZ=NY; KZR=NY L @ 3310.76 422 bars ago (low taken); EVENING 4PM-12AM IST session: stop x1.00 of usual; no partials; full size to TP5; SL steps BE->TP1->TP2->TP3
861,2025.06.11 15:52:27,2025.06.11 18:22:27,EXIT_SL,XAUUSD,M5,312,BUY,FULLTGT,EVENING,0,3357.19,3347.67,3347.67,9.52,1.00,9.52,3366.71,3376.22,3385.74,3395.26,3404.78,0.11,0.11,0.00,3347.66,0.00,-1.00,-105.61,3338.36,3337.61,3336.09,3337.76,3337.29,0.287,5.26,37.14,65.40,65.40,4.72,1.66,3.06,3336.40,3350.14,1192,836,85.7,14.3,5,1,CROSS=EMA9>EMA21;TREND=1;STRUCT=1;VOL=1;COOL=1;EMA50=1;VWAP=1;BIAS=1,0.15,-1.00,22237.65,22237.65,stopped at the initial SL (x1.00 of usual)
862,2025.06.11 17:05:00,2025.06.11 19:35:00,SKIP,XAUUSD,M5,312,FLAT,NA,EVENING,0,0.00,0.00,0.00,0.00,1.00,0.00,0.00,0.00,0.00,0.00,0.00,0.00,0.00,0.00,0.00,0.00,0.00,0.00,3337.28,3337.32,3336.22,3337.62,3337.48,0.189,5.78,29.13,40.77,40.77,-1.63,0.08,-1.71,3336.52,3330.73,1191,1241,0.0,85.7,5,1,CROSS=EMA9>EMA21;TREND=1;STRUCT=1;VOL=1;COOL=1;EMA50=1;VWAP=1;BIAS=1,0.00,0.00,22237.65,22237.65,outside the killzone window
863,2025.06.11 18:20:00,2025.06.11 20:50:00,SKIP,XAUUSD,M5,312,FLAT,NA,EVENING,0,0.00,0.00,0.00,0.00,1.00,0.00,0.00,0.00,0.00,0.00,0.00,0.00,0.00,0.00,0.00,0.00,0.00,0.00,3337.31,3337.23,3336.34,3337.09,3337.12,0.272,3.28,23.35,58.77,58.77,0.85,-0.11,0.95,3336.50,3341.59,880,973,71.4,0.0,5,1,CROSS=EMA9>EMA21;TREND=1;STRUCT=1;VOL=1;COOL=1;EMA50=1;VWAP=1;BIAS=1,0.00,0.00,22237.65,22237.65,outside the killzone window
864,2025.06.11 18:55:00,2025.06.11 21:25:00,SKIP,XAUUSD,M5,312,FLAT,NA,EVENING,0,0.00,0.00,0.00,0.00,1.00,0.00,0.00,0.00,0.00,0.00,0.00,0.00,0.00,0.00,0.00,0.00,0.00,0.00,3337.07,3337.13,3336.37,3337.30,3337.25,0.239,3.20,30.68,40.23,40.23,-0.38,0.55,-0.93,3336.51,3332.54,764,821,0.0,85.7,9,1,CROSS=EMA9>EMA21;TREND=1;STRUCT=1;VOL=1;COOL=1;EMA50=1;VWAP=1;BIAS=1,0.00,0.00,22237.65,22237.65,outside the killzone window
865,2025.06.11 22:00:00,2025.06.12 00:30:00,SKIP,XAUUSD,M5,312,FLAT,NA,DAY,0,0.00,0.00,0.00,0.00,1.00,0.00,0.00,0.00,0.00,0.00,0.00,0.00,0.00,0.00,0.00,0.00,0.00,0.00,3334.99,3334.87,3335.06,3334.53,3334.64,-0.042,4.50,42.36,65.18,65.18,3.49,2.66,0.83,3335.91,3343.87,682,824,85.7,0.0,7,1,CROSS=EMA9>EMA21;TREND=1;STRUCT=1;VOL=1;COOL=1;EMA50=1;VWAP=1;BIAS=1,0.00,0.00,22237.65,22237.65,outside the killzone window
866,2025.06.12 01:00:00,2025.06.12 03:30:00,DAY_SUMMARY,XAUUSD,M5,312,FLAT,NA,DAY,0,0.00,0.00,0.00,0.00,1.00,0.00,0.00,0.00,0.00,0.00,0.00,0.00,0.00,0.00,0.00,0.00,-1.00,-107.09,3345.19,3341.27,3338.61,3344.69,3340.92,1.331,1.99,72.31,69.40,69.40,3.47,3.31,0.16,3336.60,3354.82,211,392,85.7,0.0,9,1,CROSS=EMA9>EMA21;TREND=1;STRUCT=1;VOL=1;COOL=1;EMA50=1;VWAP=1;BIAS=1,0.00,0.00,22237.65,22237.65,2025.06.11 trades=2 W=0 L=2 gross_profit=0.00 gross_loss=107.09 net=-107.09 PF=0.00
867,2025.06.12 10:50:00,2025.06.12 13:20:00,ENTRY,XAUUSD,M5,314,SELL,FULLTGT,DAY,0,3342.65,3352.00,3352.00,9.35,1.00,9.35,3333.30,3323.95,3314.60,3305.25,3295.90,0.11,0.11,0.11,3342.65,0.00,0.00,0.00,3368.07,3368.24,3362.83,3369.38,3368.88,1.155,4.67,39.72,15.21,15.21,-5.62,-1.56,-4.06,3368.98,3342.65,1220,757,14.3,85.7,5,1,CROSS=EMA9<EMA21;TREND=1;STRUCT=1;VOL=1;COOL=1;EMA50=1;VWAP=1;BIAS=1,0.00,0.00,22237.26,22236.71,KZ=LONDON; KZR=NY L @ 3310.76 652 bars ago (low taken); DAY 12AM-4PM IST session: stop x1.00 of usual; no partials; full size to TP5; SL steps BE->TP1->TP2->TP3
868,2025.06.12 11:15:16,2025.06.12 13:45:16,EXIT_SL,XAUUSD,M5,314,SELL,FULLTGT,DAY,0,3342.65,3352.00,3352.00,9.35,1.00,9.35,3333.30,3323.95,3314.60,3305.25,3295.90,0.11,0.11,0.00,3352.00,0.00,-1.00,-103.63,3363.70,3365.89,3361.95,3364.37,3366.27,0.717,5.50,31.79,34.19,34.19,-6.65,-5.26,-1.39,3367.45,3350.67,949,847,14.3,85.7,5,1,CROSS=EMA9<EMA21;TREND=1;STRUCT=1;VOL=1;COOL=1;EMA50=1;VWAP=1;BIAS=1,0.27,-1.00,22134.02,22134.02,stopped at the initial SL (x1.00 of usual)
869,2025.06.12 13:40:00,2025.06.12 16:10:00,ENTRY,XAUUSD,M5,316,BUY,FULLTGT,EVENING,0,3383.63,3375.20,3375.20,8.43,1.00,8.43,3392.06,3400.50,3408.93,3417.37,3425.80,0.13,0.13,0.13,3383.63,0.00,0.00,0.00,3365.88,3365.49,3362.70,3364.97,3365.04,0.662,4.22,37.18,79.61,79.61,5.08,2.45,2.63,3366.66,3383.60,977,707,100.0,0.0,5,1,CROSS=EMA9>EMA21;TREND=1;STRUCT=1;VOL=1;COOL=1;EMA50=1;VWAP=1;BIAS=1,0.00,0.00,22133.56,22132.91,KZ=NY; KZR=London H @ 3375.67 2 bars ago (high taken); EVENING 4PM-12AM IST session: stop x1.00 of usual; no partials; full size to TP5; SL steps BE->TP1->TP2->TP3
870,2025.06.12 14:37:41,2025.06.12 17:07:41,EXIT_SL,XAUUSD,M5,316,BUY,FULLTGT,EVENING,0,3383.63,3375.20,3375.20,8.43,1.00,8.43,3392.06,3400.50,3408.93,3417.37,3425.80,0.13,0.13,0.00,3375.18,0.00,-1.00,-110.77,3373.34,3369.83,3365.38,3372.87,3369.51,1.141,3.90,40.61,63.64,63.64,5.07,5.96,-0.88,3368.13,3382.49,738,810,71.4,14.3,1,1,CROSS=EMA9>EMA21;TREND=1;STRUCT=1;VOL=1;COOL=1;EMA50=1;VWAP=1;BIAS=1,0.58,-0.99,22023.25,22023.25,stopped at the initial SL (x1.00 of usual)
871,2025.06.13 01:00:00,2025.06.13 03:30:00,DAY_SUMMARY,XAUUSD,M5,316,FLAT,NA,DAY,0,0.00,0.00,0.00,0.00,1.00,0.00,0.00,0.00,0.00,0.00,0.00,0.00,0.00,0.00,0.00,0.00,-2.00,-214.40,3386.13,3384.93,3380.80,3386.11,3384.89,3.889,1.06,37.93,51.60,51.60,0.18,0.53,-0.35,3375.96,3386.66,101,278,71.4,14.3,8,1,CROSS=EMA9>EMA21;TREND=1;STRUCT=1;VOL=1;COOL=1;EMA50=1;VWAP=1;BIAS=1,0.00,0.00,22023.25,22023.25,2025.06.12 trades=2 W=0 L=2 gross_profit=0.00 gross_loss=214.40 net=-214.40 PF=0.00
872,2025.06.13 14:10:00,2025.06.13 16:40:00,ENTRY,XAUUSD,M5,318,SELL,FULLTGT,EVENING,0,3414.11,3422.06,3422.06,7.95,1.00,7.95,3406.16,3398.21,3390.26,3382.32,3374.37,0.13,0.13,0.13,3414.11,0.00,0.00,0.00,3419.81,3419.90,3414.59,3420.11,3420.05,1.336,3.97,22.42,37.45,37.45,-2.07,-1.39,-0.68,3420.16,3413.94,709,760,0.0,71.4,5,1,CROSS=EMA9<EMA21;TREND=1;STRUCT=1;VOL=1;COOL=1;EMA50=1;VWAP=1;BIAS=1,0.00,0.00,22022.79,22022.14,KZ=NY; KZR=NY H @ 3398.97 133 bars ago (high taken); EVENING 4PM-12AM IST session: stop x1.00 of usual; no partials; full size to TP5; SL steps BE->TP1->TP2->TP3
873,2025.06.13 14:34:39,2025.06.13 17:04:39,EXIT_SL,XAUUSD,M5,318,SELL,FULLTGT,EVENING,0,3414.11,3422.06,3422.06,7.95,1.00,7.95,3406.16,3398.21,3390.26,3382.32,3374.37,0.13,0.13,0.00,3422.08,0.00,-1.00,-104.53,3419.60,3419.78,3414.78,3419.60,3419.78,1.449,3.45,22.47,51.44,51.44,-1.06,-1.71,0.65,3420.11,3419.54,625,775,42.9,28.6,5,1,CROSS=EMA9<EMA21;TREND=1;STRUCT=1;VOL=1;COOL=1;EMA50=1;VWAP=1;BIAS=1,0.00,-1.00,21918.72,21918.72,stopped at the initial SL (x1.00 of usual)
874,2025.06.13 15:00:00,2025.06.13 17:30:00,ENTRY,XAUUSD,M5,320,BUY,FULLTGT,EVENING,0,3422.30,3416.27,3416.27,6.03,1.00,6.03,3428.33,3434.37,3440.40,3446.43,3452.46,0.18,0.18,0.18,3422.30,0.00,0.00,0.00,3420.00,3419.97,3415.24,3419.89,3419.91,1.566,3.02,28.56,55.95,55.95,0.21,-0.58,0.78,3420.14,3422.25,486,701,85.7,0.0,5,1,CROSS=EMA9>EMA21;TREND=1;STRUCT=1;VOL=1;COOL=1;EMA50=1;VWAP=1;BIAS=1,0.00,0.00,21918.09,21917.19,KZ=NY; KZR=NY H @ 3398.97 143 bars ago (high taken); EVENING 4PM-12AM IST session: stop x1.00 of usual; no partials; full size to TP5; SL steps BE->TP1->TP2->TP3
875,2025.06.13 15:31:41,2025.06.13 18:01:41,SL_MOVE,XAUUSD,M5,320,BUY,FULLTGT,EVENING,0,3422.30,3416.27,3422.30,6.03,1.00,6.03,3428.33,3434.37,3440.40,3446.43,3452.46,0.18,0.00,0.18,3422.30,1.00,0.00,0.00,3421.19,3420.61,3415.92,3420.86,3420.43,1.559,3.01,36.95,64.07,64.07,1.48,0.66,0.82,3420.30,3427.67,873,693,100.0,0.0,5,1,CROSS=EMA9>EMA21;TREND=1;STRUCT=1;VOL=1;COOL=1;EMA50=1;VWAP=1;BIAS=1,1.00,-0.08,21918.09,22026.99,stop to breakeven
876,2025.06.13 15:31:41,2025.06.13 18:01:41,TP1_REACHED,XAUUSD,M5,320,BUY,FULLTGT,EVENING,0,3422.30,3416.27,3422.30,6.03,1.00,6.03,3428.33,3434.37,3440.40,3446.43,3452.46,0.18,0.00,0.18,3428.33,1.00,1.00,0.00,3421.19,3420.61,3415.92,3420.86,3420.43,1.559,3.01,36.95,64.07,64.07,1.48,0.66,0.82,3420.30,3427.67,873,693,100.0,0.0,5,1,CROSS=EMA9>EMA21;TREND=1;STRUCT=1;VOL=1;COOL=1;EMA50=1;VWAP=1;BIAS=1,1.00,-0.08,21918.09,22026.99,full target: no partial booked
877,2025.06.13 15:38:04,2025.06.13 18:08:04,SL_MOVE,XAUUSD,M5,320,BUY,FULLTGT,EVENING,0,3422.30,3416.27,3428.33,6.03,1.00,6.03,3428.33,3434.37,3440.40,3446.43,3452.46,0.18,0.00,0.18,3428.33,2.00,0.00,0.00,3421.63,3420.84,3416.09,3421.19,3420.61,1.603,2.96,40.09,67.66,67.66,1.93,0.87,1.06,3420.35,3430.11,804,694,100.0,0.0,8,1,CROSS=EMA9>EMA21;TREND=1;STRUCT=1;VOL=1;COOL=1;EMA50=1;VWAP=1;BIAS=1,2.00,-0.08,21918.09,22135.35,stop trailed to TP1
878,2025.06.13 15:38:04,2025.06.13 18:08:04,TP2_REACHED,XAUUSD,M5,320,BUY,FULLTGT,EVENING,0,3422.30,3416.27,3428.33,6.03,1.00,6.03,3428.33,3434.37,3440.40,3446.43,3452.46,0.18,0.00,0.18,3434.37,2.00,2.00,0.00,3421.63,3420.84,3416.09,3421.19,3420.61,1.603,2.96,40.09,67.66,67.66,1.93,0.87,1.06,3420.35,3430.11,804,694,100.0,0.0,8,1,CROSS=EMA9>EMA21;TREND=1;STRUCT=1;VOL=1;COOL=1;EMA50=1;VWAP=1;BIAS=1,2.00,-0.08,21918.09,22135.35,full target: no partial booked
879,2025.06.13 16:01:41,2025.06.13 18:31:41,SL_MOVE,XAUUSD,M5,320,BUY,FULLTGT,EVENING,0,3422.30,3416.27,3434.37,6.03,1.00,6.03,3428.33,3434.37,3440.40,3446.43,3452.46,0.18,0.00,0.18,3434.37,3.00,0.00,0.00,3424.29,3422.34,3417.15,3423.64,3421.97,1.482,3.50,50.22,73.22,73.22,3.84,2.31,1.53,3420.81,3436.89,971,740,100.0,0.0,10,1,CROSS=EMA9>EMA21;TREND=1;STRUCT=1;VOL=1;COOL=1;EMA50=1;VWAP=1;BIAS=1,3.00,-0.08,21918.09,22244.07,stop trailed to TP2
880,2025.06.13 16:01:41,2025.06.13 18:31:41,TP3_REACHED,XAUUSD,M5,320,BUY,FULLTGT,EVENING,0,3422.30,3416.27,3434.37,6.03,1.00,6.03,3428.33,3434.37,3440.40,3446.43,3452.46,0.18,0.00,0.18,3440.40,3.00,3.00,0.00,3424.29,3422.34,3417.15,3423.64,3421.97,1.482,3.50,50.22,73.22,73.22,3.84,2.31,1.53,3420.81,3436.89,971,740,100.0,0.0,10,1,CROSS=EMA9>EMA21;TREND=1;STRUCT=1;VOL=1;COOL=1;EMA50=1;VWAP=1;BIAS=1,3.00,-0.08,21918.09,22244.07,full target: no partial booked
881,2025.06.13 16:36:05,2025.06.13 19:06:05,SL_MOVE,XAUUSD,M5,320,BUY,FULLTGT,EVENING,0,3422.30,3416.27,3440.40,6.03,1.00,6.03,3428.33,3434.37,3440.40,3446.43,3452.46,0.18,0.00,0.18,3440.40,4.00,0.00,0.00,3429.02,3425.21,3419.08,3428.35,3424.78,1.405,4.36,62.70,67.78,67.78,5.37,4.58,0.80,3421.87,3442.03,1265,911,85.7,14.3,6,1,CROSS=EMA9>EMA21;TREND=1;STRUCT=1;VOL=1;COOL=1;EMA50=1;VWAP=1;BIAS=1,4.00,-0.08,21918.09,22352.79,stop trailed to TP3
882,2025.06.13 16:36:05,2025.06.13 19:06:05,TP4_REACHED,XAUUSD,M5,320,BUY,FULLTGT,EVENING,0,3422.30,3416.27,3440.40,6.03,1.00,6.03,3428.33,3434.37,3440.40,3446.43,3452.46,0.18,0.00,0.18,3446.43,4.00,4.00,0.00,3429.02,3425.21,3419.08,3428.35,3424.78,1.405,4.36,62.70,67.78,67.78,5.37,4.58,0.80,3421.87,3442.03,1265,911,85.7,14.3,6,1,CROSS=EMA9>EMA21;TREND=1;STRUCT=1;VOL=1;COOL=1;EMA50=1;VWAP=1;BIAS=1,4.00,-0.08,21918.09,22352.79,full target: no partial booked
883,2025.06.13 16:46:20,2025.06.13 19:16:20,EXIT_TRAIL_SL,XAUUSD,M5,320,BUY,FULLTGT,EVENING,0,3422.30,3416.27,3440.40,6.03,1.00,6.03,3428.33,3434.37,3440.40,3446.43,3452.46,0.18,0.18,0.00,3440.40,0.00,3.00,324.54,3430.37,3426.09,3419.67,3429.77,3425.68,1.405,4.56,61.50,64.87,64.87,5.42,4.99,0.43,3422.27,3442.01,1327,985,85.7,14.3,5,1,CROSS=EMA9>EMA21;TREND=1;STRUCT=1;VOL=1;COOL=1;EMA50=1;VWAP=1;BIAS=1,4.05,-0.08,22243.26,22243.26,stopped at a trailed level
884,2025.06.16 01:00:00,2025.06.16 03:30:00,DAY_SUMMARY,XAUUSD,M5,320,FLAT,NA,DAY,0,0.00,0.00,0.00,0.00,1.00,0.00,0.00,0.00,0.00,0.00,0.00,0.00,0.00,0.00,0.00,0.00,2.00,220.01,3432.80,3431.52,3427.70,3432.73,3431.45,1.888,2.02,23.03,53.73,53.73,-0.08,-0.22,0.14,3424.96,3434.15,155,443,71.4,0.0,12,1,CROSS=EMA9>EMA21;TREND=1;STRUCT=1;VOL=1;COOL=1;EMA50=1;VWAP=1;BIAS=1,0.00,0.00,22243.26,22243.26,2025.06.13 trades=2 W=1 L=1 gross_profit=324.54 gross_loss=104.53 net=220.01 PF=3.10
885,2025.06.16 01:00:00,2025.06.16 03:30:00,WEEK_SUMMARY,XAUUSD,M5,320,FLAT,NA,DAY,0,0.00,0.00,0.00,0.00,1.00,0.00,0.00,0.00,0.00,0.00,0.00,0.00,0.00,0.00,0.00,0.00,-1.01,-106.42,3432.80,3431.52,3427.70,3432.73,3431.45,1.888,2.02,23.03,53.73,53.73,-0.08,-0.22,0.14,3424.96,3434.15,155,443,71.4,0.0,12,1,CROSS=EMA9>EMA21;TREND=1;STRUCT=1;VOL=1;COOL=1;EMA50=1;VWAP=1;BIAS=1,0.00,0.00,22243.26,22243.26,days=5 trades=9 W=2 L=7 gross_profit=433.88 gross_loss=540.30 net=-106.42 PF=0.80 pips=-1930.0
886,2025.06.16 06:50:00,2025.06.16 09:20:00,ENTRY,XAUUSD,M5,322,SELL,FULLTGT,DAY,0,3431.30,3437.00,3437.00,5.70,1.00,5.70,3425.60,3419.90,3414.20,3408.49,3402.79,0.19,0.19,0.19,3431.30,0.00,0.00,0.00,3439.13,3439.14,3435.79,3439.54,3439.34,1.175,2.85,37.71,30.78,30.78,-2.28,-1.35,-0.93,3442.14,3431.31,385,511,0.0,85.7,5,1,CROSS=EMA9<EMA21;TREND=1;STRUCT=1;VOL=1;COOL=1;EMA50=1;VWAP=1;BIAS=1,0.00,0.00,22242.59,22241.64,KZ=ASIA; KZR=NY H @ 3446.75 69 bars ago (high taken); DAY 12AM-4PM IST session: stop x1.00 of usual; no partials; full size to TP5; SL steps BE->TP1->TP2->TP3
887,2025.06.16 08:02:35,2025.06.16 10:32:35,SL_MOVE,XAUUSD,M5,322,SELL,FULLTGT,DAY,0,3431.30,3437.00,3431.30,5.70,1.00,5.70,3425.60,3419.90,3414.20,3408.49,3402.79,0.19,0.00,0.19,3431.30,1.00,0.00,0.00,3434.58,3436.49,3434.89,3434.94,3436.72,0.729,2.19,32.43,28.66,28.66,-2.52,-2.57,0.06,3440.83,3427.50,330,392,14.3,71.4,5,1,CROSS=EMA9<EMA21;TREND=1;STRUCT=1;VOL=1;COOL=1;EMA50=1;VWAP=1;BIAS=1,1.00,-0.36,22242.59,22351.84,stop to breakeven
888,2025.06.16 08:02:35,2025.06.16 10:32:35,TP1_REACHED,XAUUSD,M5,322,SELL,FULLTGT,DAY,0,3431.30,3437.00,3431.30,5.70,1.00,5.70,3425.60,3419.90,3414.20,3408.49,3402.79,0.19,0.00,0.19,3425.60,1.00,1.00,0.00,3434.58,3436.49,3434.89,3434.94,3436.72,0.729,2.19,32.43,28.66,28.66,-2.52,-2.57,0.06,3440.83,3427.50,330,392,14.3,71.4,5,1,CROSS=EMA9<EMA21;TREND=1;STRUCT=1;VOL=1;COOL=1;EMA50=1;VWAP=1;BIAS=1,1.00,-0.36,22242.59,22351.84,full target: no partial booked
889,2025.06.16 08:41:36,2025.06.16 11:11:36,SL_MOVE,XAUUSD,M5,322,SELL,FULLTGT,DAY,0,3431.30,3437.00,3425.60,5.70,1.00,5.70,3425.60,3419.90,3414.20,3408.49,3402.79,0.19,0.00,0.19,3425.60,2.00,0.00,0.00,3431.73,3434.59,3434.05,3432.13,3434.86,0.168,3.21,37.14,34.67,34.67,-2.73,-2.61,-0.12,3439.35,3424.10,883,474,14.3,85.7,12,1,CROSS=EMA9<EMA21;TREND=1;STRUCT=1;VOL=1;COOL=1;EMA50=1;VWAP=1;BIAS=1,2.00,-0.36,22242.59,22459.38,stop trailed to TP1
890,2025.06.16 08:41:36,2025.06.16 11:11:36,TP2_REACHED,XAUUSD,M5,322,SELL,FULLTGT,DAY,0,3431.30,3437.00,3425.60,5.70,1.00,5.70,3425.60,3419.90,3414.20,3408.49,3402.79,0.19,0.00,0.19,3419.90,2.00,2.00,0.00,3431.73,3434.59,3434.05,3432.13,3434.86,0.168,3.21,37.14,34.67,34.67,-2.73,-2.61,-0.12,3439.35,3424.10,883,474,14.3,85.7,12,1,CROSS=EMA9<EMA21;TREND=1;STRUCT=1;VOL=1;COOL=1;EMA50=1;VWAP=1;BIAS=1,2.00,-0.36,22242.59,22459.38,full target: no partial booked
891,2025.06.16 09:27:38,2025.06.16 11:57:38,SL_MOVE,XAUUSD,M5,322,SELL,FULLTGT,DAY,0,3431.30,3437.00,3419.90,5.70,1.00,5.70,3425.60,3419.90,3414.20,3408.49,3402.79,0.19,0.00,0.19,3419.90,3.00,0.00,0.00,3427.22,3431.53,3432.50,3427.73,3431.89,-0.281,3.45,40.00,32.29,32.29,-3.82,-3.40,-0.42,3436.94,3417.30,863,673,14.3,85.7,6,1,CROSS=EMA9<EMA21;TREND=1;STRUCT=1;VOL=1;COOL=1;EMA50=1;VWAP=1;BIAS=1,3.00,-0.36,22242.59,22568.44,stop trailed to TP2
892,2025.06.16 09:27:38,2025.06.16 11:57:38,TP3_REACHED,XAUUSD,M5,322,SELL,FULLTGT,DAY,0,3431.30,3437.00,3419.90,5.70,1.00,5.70,3425.60,3419.90,3414.20,3408.49,3402.79,0.19,0.00,0.19,3414.20,3.00,3.00,0.00,3427.22,3431.53,3432.50,3427.73,3431.89,-0.281,3.45,40.00,32.29,32.29,-3.82,-3.40,-0.42,3436.94,3417.30,863,673,14.3,85.7,6,1,CROSS=EMA9<EMA21;TREND=1;STRUCT=1;VOL=1;COOL=1;EMA50=1;VWAP=1;BIAS=1,3.00,-0.36,22242.59,22568.44,full target: no partial booked
893,2025.06.16 09:43:40,2025.06.16 12:13:40,EXIT_TRAIL_SL,XAUUSD,M5,322,SELL,FULLTGT,DAY,0,3431.30,3437.00,3419.90,5.70,1.00,5.70,3425.60,3419.90,3414.20,3408.49,3402.79,0.19,0.19,0.00,3419.90,0.00,2.00,215.26,3425.73,3430.45,3431.91,3426.19,3430.79,-0.381,3.84,41.91,33.06,33.06,-3.77,-3.66,-0.11,3436.04,3416.79,850,745,0.0,100.0,8,1,CROSS=EMA9<EMA21;TREND=1;STRUCT=1;VOL=1;COOL=1;EMA50=1;VWAP=1;BIAS=1,3.26,-0.36,22458.52,22458.52,stopped at a trailed level
894,2025.06.17 01:00:00,2025.06.17 03:30:00,DAY_SUMMARY,XAUUSD,M5,322,FLAT,NA,DAY,0,0.00,0.00,0.00,0.00,1.00,0.00,0.00,0.00,0.00,0.00,0.00,0.00,0.00,0.00,0.00,0.00,2.00,215.26,3387.84,3393.13,3401.67,3387.98,3393.33,-5.827,1.47,21.64,44.76,44.76,-1.24,-1.53,0.29,3416.75,3385.14,168,301,14.3,57.1,8,1,CROSS=EMA9<EMA21;TREND=1;STRUCT=1;VOL=1;COOL=1;EMA50=1;VWAP=1;BIAS=1,0.00,0.00,22458.52,22458.52,2025.06.16 trades=1 W=1 L=0 gross_profit=215.26 gross_loss=0.00 net=215.26 PF=0.00
895,2025.06.17 03:25:00,2025.06.17 05:55:00,ENTRY,XAUUSD,M5,324,BUY,FULLTGT,DAY,0,3398.46,3391.47,3391.47,6.99,1.00,6.99,3405.45,3412.45,3419.44,3426.43,3433.42,0.16,0.16,0.16,3398.46,0.00,0.00,0.00,3394.61,3394.58,3399.81,3394.41,3394.49,-1.494,3.50,31.56,56.07,56.07,2.51,2.63,-0.12,3396.17,3398.41,586,508,71.4,28.6,5,1,CROSS=EMA9>EMA21;TREND=1;STRUCT=1;VOL=1;COOL=1;EMA50=1;VWAP=1;BIAS=1,0.00,0.00,22457.96,22457.16,KZ=ASIA; KZR=NY H @ 3446.75 316 bars ago (high taken); DAY 12AM-4PM IST session: stop x1.00 of usual; no partials; full size to TP5; SL steps BE->TP1->TP2->TP3
896,2025.06.17 05:08:27,2025.06.17 07:38:27,EXIT_SL,XAUUSD,M5,324,BUY,FULLTGT,DAY,0,3398.46,3391.47,3391.47,6.99,1.00,6.99,3405.45,3412.45,3419.44,3426.43,3433.42,0.16,0.16,0.00,3391.45,0.00,-1.00,-113.28,3396.81,3396.03,3399.48,3396.92,3396.06,-1.177,2.93,24.88,41.95,41.95,-0.25,0.73,-0.98,3397.15,3394.62,598,572,14.3,71.4,5,1,CROSS=EMA9>EMA21;TREND=1;STRUCT=1;VOL=1;COOL=1;EMA50=1;VWAP=1;BIAS=1,0.70,-1.00,22345.24,22345.24,stopped at the initial SL (x1.00 of usual)
897,2025.06.17 06:15:00,2025.06.17 08:45:00,ENTRY,XAUUSD,M5,326,SELL,FULLTGT,DAY,0,3384.90,3391.97,3391.97,7.07,1.00,7.07,3377.83,3370.75,3363.68,3356.60,3349.53,0.15,0.15,0.15,3384.90,0.00,0.00,0.00,3395.12,3395.37,3398.60,3395.64,3395.64,-0.912,3.54,28.67,27.48,27.48,-2.44,-0.73,-1.71,3396.17,3384.90,897,588,0.0,100.0,5,1,CROSS=EMA9<EMA21;TREND=1;STRUCT=1;VOL=1;COOL=1;EMA50=1;VWAP=1;BIAS=1,0.00,0.00,22344.71,22343.96,KZ=ASIA; KZR=NY H @ 3446.75 350 bars ago (high taken); DAY 12AM-4PM IST session: stop x1.00 of usual; no partials; full size to TP5; SL steps BE->TP1->TP2->TP3
898,2025.06.17 06:23:28,2025.06.17 08:53:28,SL_MOVE,XAUUSD,M5,326,SELL,FULLTGT,DAY,0,3384.90,3391.97,3384.90,7.07,1.00,7.07,3377.83,3370.75,3363.68,3356.60,3349.53,0.15,0.00,0.15,3384.90,1.00,0.00,0.00,3394.46,3395.04,3398.39,3395.12,3395.37,-0.971,3.46,32.31,23.92,23.92,-3.09,-1.05,-2.04,3395.92,3381.68,635,591,0.0,100.0,5,1,CROSS=EMA9<EMA21;TREND=1;STRUCT=1;VOL=1;COOL=1;EMA50=1;VWAP=1;BIAS=1,1.00,-0.01,22344.71,22451.81,stop to breakeven
899,2025.06.17 06:23:28,2025.06.17 08:53:28,TP1_REACHED,XAUUSD,M5,326,SELL,FULLTGT,DAY,0,3384.90,3391.97,3384.90,7.07,1.00,7.07,3377.83,3370.75,3363.68,3356.60,3349.53,0.15,0.00,0.15,3377.83,1.00,1.00,0.00,3394.46,3395.04,3398.39,3395.12,3395.37,-0.971,3.46,32.31,23.92,23.92,-3.09,-1.05,-2.04,3395.92,3381.68,635,591,0.0,100.0,5,1,CROSS=EMA9<EMA21;TREND=1;STRUCT=1;VOL=1;COOL=1;EMA50=1;VWAP=1;BIAS=1,1.00,-0.01,22344.71,22451.81,full target: no partial booked
900,2025.06.17 06:29:29,2025.06.17 08:59:29,EXIT_BE,XAUUSD,M5,326,SELL,FULLTGT,DAY,0,3384.90,3391.97,3384.90,7.07,1.00,7.07,3377.83,3370.75,3363.68,3356.60,3349.53,0.15,0.15,0.00,3384.90,0.00,-0.00,-1.06,3393.66,3394.62,3398.14,3394.46,3395.04,-0.910,3.87,36.93,20.71,20.71,-3.85,-1.46,-2.39,3395.45,3378.11,911,613,0.0,100.0,5,1,CROSS=EMA9<EMA21;TREND=1;STRUCT=1;VOL=1;COOL=1;EMA50=1;VWAP=1;BIAS=1,1.54,-0.01,22344.18,22344.18,stopped at breakeven
901,2025.06.17 14:00:00,2025.06.17 16:30:00,ENTRY,XAUUSD,M5,328,BUY,FULLTGT,EVENING,0,3398.21,3392.80,3392.80,5.41,1.00,5.41,3403.62,3409.04,3414.45,3419.86,3425.27,0.20,0.20,0.20,3398.21,0.00,0.00,0.00,3389.03,3388.86,3391.32,3388.56,3388.62,-0.911,2.71,52.84,70.44,70.44,3.44,2.64,0.80,3390.77,3398.14,628,695,85.7,0.0,7,1,CROSS=EMA9>EMA21;TREND=1;STRUCT=1;VOL=1;COOL=1;EMA50=1;VWAP=1;BIAS=1,0.00,0.00,22343.48,22342.08,KZ=NY; KZR=NY H @ 3446.75 443 bars ago (high taken); EVENING 4PM-12AM IST session: stop x1.00 of usual; no partials; full size to TP5; SL steps BE->TP1->TP2->TP3
902,2025.06.17 14:28:38,2025.06.17 16:58:38,EXIT_SL,XAUUSD,M5,328,BUY,FULLTGT,EVENING,0,3398.21,3392.80,3392.80,5.41,1.00,5.41,3403.62,3409.04,3414.45,3419.86,3425.27,0.20,0.20,0.00,3392.80,0.00,-1.00,-109.60,3390.79,3389.82,3391.67,3390.61,3389.71,-0.686,2.70,45.39,55.12,55.12,3.02,3.36,-0.34,3391.01,3394.21,695,688,71.4,28.6,5,1,CROSS=EMA9>EMA21;TREND=1;STRUCT=1;VOL=1;COOL=1;EMA50=1;VWAP=1;BIAS=1,0.36,-1.00,22234.58,22234.58,stopped at the initial SL (x1.00 of usual)
903,2025.06.17 16:00:00,2025.06.17 18:30:00,ENTRY,XAUUSD,M5,330,SELL,FULLTGT,EVENING,0,3386.79,3395.12,3395.12,8.33,1.00,8.33,3378.46,3370.14,3361.81,3353.48,3345.15,0.13,0.13,0.13,3386.79,0.00,0.00,0.00,3389.43,3389.47,3391.12,3389.56,3389.54,-0.396,4.16,22.87,43.54,43.54,-1.37,-1.23,-0.15,3390.69,3386.79,849,794,0.0,85.7,5,1,CROSS=EMA9<EMA21;TREND=1;STRUCT=1;VOL=1;COOL=1;EMA50=1;VWAP=1;BIAS=1,0.00,0.00,22234.12,22233.47,KZ=NY; KZR=NY H @ 3446.75 467 bars ago (high taken); EVENING 4PM-12AM IST session: stop x1.00 of usual; no partials; full size to TP5; SL steps BE->TP1->TP2->TP3
904,2025.06.17 16:15:00,2025.06.17 18:45:00,FLIP,XAUUSD,M5,330,SELL,FULLTGT,EVENING,0,3386.79,3395.12,3395.12,8.33,1.00,8.33,3378.46,3370.14,3361.81,3353.48,3345.15,0.13,0.00,0.00,3393.43,0.00,-0.80,0.00,3389.66,3389.59,3391.12,3389.47,3389.49,-0.385,3.98,25.25,58.96,58.96,-0.41,-1.12,0.70,3390.67,3393.38,863,852,100.0,0.0,5,1,CROSS=EMA9>EMA21;TREND=1;STRUCT=1;VOL=1;COOL=1;EMA50=1;VWAP=1;BIAS=1,0.09,-0.85,22234.12,22147.80,opposite signal before SL/target | SELL -> BUY | closing trade 330
905,2025.06.17 16:15:00,2025.06.17 18:45:00,EXIT_FLIP,XAUUSD,M5,330,SELL,FULLTGT,EVENING,0,3386.79,3395.12,3395.12,8.33,1.00,8.33,3378.46,3370.14,3361.81,3353.48,3345.15,0.13,0.13,0.00,3393.43,0.00,-0.80,0.00,3389.66,3389.59,3391.12,3389.47,3389.49,-0.385,3.98,25.25,58.96,58.96,-0.41,-1.12,0.70,3390.67,3393.38,863,852,100.0,0.0,5,1,CROSS=EMA9>EMA21;TREND=1;STRUCT=1;VOL=1;COOL=1;EMA50=1;VWAP=1;BIAS=1,0.09,-0.85,22147.34,22147.34,FLIP exit
906,2025.06.17 16:15:00,2025.06.17 18:45:00,EXIT_OTHER,XAUUSD,M5,330,SELL,FULLTGT,EVENING,0,3386.79,3395.12,3395.12,8.33,1.00,8.33,3378.46,3370.14,3361.81,3353.48,3345.15,0.13,0.13,0.00,3393.43,0.00,-0.80,-87.24,3389.66,3389.59,3391.12,3389.47,3389.49,-0.385,3.98,25.25,58.96,58.96,-0.41,-1.12,0.70,3390.67,3393.38,863,852,100.0,0.0,5,1,CROSS=EMA9>EMA21;TREND=1;STRUCT=1;VOL=1;COOL=1;EMA50=1;VWAP=1;BIAS=1,0.09,-0.85,22147.34,22147.34,FLIP exit
907,2025.06.17 16:15:00,2025.06.17 18:45:00,ENTRY,XAUUSD,M5,332,BUY,FULLTGT,EVENING,330,3393.43,3385.47,3385.47,7.96,1.00,7.96,3401.39,3409.35,3417.31,3425.27,3433.23,0.13,0.13,0.13,3393.43,0.00,0.00,0.00,3389.66,3389.59,3391.12,3389.47,3389.49,-0.385,3.98,25.25,58.96,58.96,-0.41,-1.12,0.70,3390.67,3393.38,863,852,100.0,0.0,5,1,CROSS=EMA9>EMA21;TREND=1;STRUCT=1;VOL=1;COOL=1;EMA50=1;VWAP=1;BIAS=1,0.00,0.00,22146.88,22146.23,KZ=NY; KZR=NY H @ 3446.75 470 bars ago (high taken); EVENING 4PM-12AM IST session: stop x1.00 of usual; no partials; full size to TP5; SL steps BE->TP1->TP2->TP3; flipped from trade 330
908,2025.06.17 17:05:39,2025.06.17 19:35:39,EXIT_SL,XAUUSD,M5,332,BUY,FULLTGT,EVENING,330,3393.43,3385.47,3385.47,7.96,1.00,7.96,3401.39,3409.35,3417.31,3425.27,3433.23,0.13,0.13,0.00,3385.47,0.00,-1.00,-104.40,3390.88,3390.32,3391.34,3391.01,3390.37,-0.252,4.04,25.94,44.00,44.00,0.29,0.81,-0.52,3390.87,3388.22,1221,1014,14.3,85.7,8,1,CROSS=EMA9>EMA21;TREND=1;STRUCT=1;VOL=1;COOL=1;EMA50=1;VWAP=1;BIAS=1,0.51,-0.99,22042.94,22042.94,stopped at the initial SL (x1.00 of usual)
909,2025.06.17 17:35:00,2025.06.17 20:05:00,SKIP,XAUUSD,M5,332,FLAT,NA,EVENING,330,0.00,0.00,0.00,0.00,1.00,0.00,0.00,0.00,0.00,0.00,0.00,0.00,0.00,0.00,0.00,0.00,0.00,0.00,3389.22,3389.53,3390.86,3389.91,3389.88,-0.274,4.85,34.63,28.20,28.20,-2.09,-0.34,-1.75,3390.57,3375.76,1239,1039,0.0,100.0,6,1,CROSS=EMA9>EMA21;TREND=1;STRUCT=1;VOL=1;COOL=1;EMA50=1;VWAP=1;BIAS=1,0.00,0.00,22042.94,22042.94,outside the killzone window
910,2025.06.17 21:25:00,2025.06.17 23:55:00,SKIP,XAUUSD,M5,332,FLAT,NA,EVENING,330,0.00,0.00,0.00,0.00,1.00,0.00,0.00,0.00,0.00,0.00,0.00,0.00,0.00,0.00,0.00,0.00,0.00,0.00,3386.60,3386.47,3388.04,3386.33,3386.34,-0.685,2.28,31.75,65.39,65.39,2.11,2.16,-0.04,3388.92,3391.86,554,678,71.4,14.3,9,1,CROSS=EMA9>EMA21;TREND=1;STRUCT=1;VOL=1;COOL=1;EMA50=1;VWAP=1;BIAS=1,0.00,0.00,22042.94,22042.94,outside the killzone window
911,2025.06.17 22:15:00,2025.06.18 00:45:00,SKIP,XAUUSD,M5,332,FLAT,NA,DAY,330,0.00,0.00,0.00,0.00,1.00,0.00,0.00,0.00,0.00,0.00,0.00,0.00,0.00,0.00,0.00,0.00,0.00,0.00,3386.45,3386.45,3387.86,3386.52,3386.49,-0.682,2.05,31.70,45.06,45.06,-0.39,0.71,-1.10,3388.86,3385.13,333,577,0.0,85.7,5,1,CROSS=EMA9>EMA21;TREND=1;STRUCT=1;VOL=1;COOL=1;EMA50=1;VWAP=1;BIAS=1,0.00,0.00,22042.94,22042.94,outside the killzone window
912,2025.06.18 01:00:00,2025.06.18 03:30:00,DAY_SUMMARY,XAUUSD,M5,332,FLAT,NA,DAY,330,0.00,0.00,0.00,0.00,1.00,0.00,0.00,0.00,0.00,0.00,0.00,0.00,0.00,0.00,0.00,0.00,-3.80,-415.58,3386.12,3386.16,3387.35,3386.00,3386.10,-0.658,1.80,37.96,57.72,57.72,0.54,-0.08,0.62,3388.73,3388.47,231,295,57.1,28.6,7,1,CROSS=EMA9>EMA21;TREND=1;STRUCT=1;VOL=1;COOL=1;EMA50=1;VWAP=1;BIAS=1,0.00,0.00,22042.94,22042.94,2025.06.17 trades=5 W=0 L=5 gross_profit=0.00 gross_loss=415.58 net=-415.58 PF=0.00
913,2025.06.18 01:05:00,2025.06.18 03:35:00,SKIP,XAUUSD,M5,332,FLAT,NA,DAY,330,0.00,0.00,0.00,0.00,1.00,0.00,0.00,0.00,0.00,0.00,0.00,0.00,0.00,0.00,0.00,0.00,0.00,0.00,3386.57,3386.39,3387.45,3386.12,3386.16,-0.485,2.17,42.72,71.55,71.55,1.19,0.12,1.08,3393.96,3395.47,456,296,100.0,0.0,5,1,CROSS=EMA9>EMA21;TREND=1;STRUCT=1;VOL=1;COOL=1;EMA50=1;VWAP=1;BIAS=1,0.00,0.00,22042.94,22042.94,already positioned that way
914,2025.06.18 03:45:00,2025.06.18 06:15:00,ENTRY,XAUUSD,M5,334,SELL,FULLTGT,DAY,0,3386.33,3390.71,3390.71,4.38,1.00,4.38,3381.95,3377.57,3373.19,3368.80,3364.42,0.25,0.25,0.25,3386.33,0.00,0.00,0.00,3387.30,3387.31,3387.75,3387.35,3387.33,-0.200,2.19,26.89,47.64,47.64,-1.07,-0.98,-0.09,3388.48,3386.33,415,350,14.3,85.7,5,1,CROSS=EMA9<EMA21;TREND=1;STRUCT=1;VOL=1;COOL=1;EMA50=1;VWAP=1;BIAS=1,0.00,0.00,22042.06,22040.81,KZ=ASIA; KZR=NY H @ 3446.75 608 bars ago (high taken); DAY 12AM-4PM IST session: stop x1.00 of usual; no partials; full size to TP5; SL steps BE->TP1->TP2->TP3
915,2025.06.18 03:50:00,2025.06.18 06:20:00,SKIP,XAUUSD,M5,334,SELL,FULLTGT,DAY,0,3386.33,3390.71,3390.71,4.38,1.00,4.38,3381.95,3377.57,3373.19,3368.80,3364.42,0.25,0.00,0.00,0.00,0.00,0.00,0.00,3387.32,3387.32,3387.75,3387.30,3387.31,-0.194,2.22,27.52,51.81,51.81,-0.86,-1.01,0.15,3388.43,3387.56,418,357,85.7,14.3,5,1,CROSS=EMA9>EMA21;TREND=1;STRUCT=1;VOL=1;COOL=1;EMA50=1;VWAP=0;BIAS=1,0.02,-0.32,22042.06,22010.06,quality filter
916,2025.06.18 03:55:00,2025.06.18 06:25:00,SKIP,XAUUSD,M5,334,SELL,FULLTGT,DAY,0,3386.33,3390.71,3390.71,4.38,1.00,4.38,3381.95,3377.57,3373.19,3368.80,3364.42,0.25,0.00,0.00,0.00,0.00,0.00,0.00,3387.23,3387.27,3387.72,3387.32,3387.32,-0.207,2.16,26.04,45.19,45.19,-0.85,-1.04,0.18,3388.34,3385.46,518,370,14.3,85.7,9,1,CROSS=EMA9<EMA21;TREND=1;STRUCT=1;VOL=1;COOL=1;EMA50=1;VWAP=1;BIAS=1,0.28,-0.44,22042.06,22057.56,already positioned that way
917,2025.06.18 04:42:26,2025.06.18 07:12:26,SL_MOVE,XAUUSD,M5,334,SELL,FULLTGT,DAY,0,3386.33,3390.71,3386.33,4.38,1.00,4.38,3381.95,3377.57,3373.19,3368.80,3364.42,0.25,0.00,0.25,3386.33,1.00,0.00,0.00,3386.57,3386.89,3387.47,3386.69,3386.96,-0.249,2.31,16.63,43.69,43.69,-0.54,-0.76,0.21,3387.59,3384.29,443,489,14.3,57.1,5,1,CROSS=EMA9<EMA21;TREND=1;STRUCT=1;VOL=1;COOL=1;EMA50=1;VWAP=1;BIAS=1,0.99,-0.56,22042.06,22152.56,stop to breakeven
918,2025.06.18 04:42:26,2025.06.18 07:12:26,TP1_REACHED,XAUUSD,M5,334,SELL,FULLTGT,DAY,0,3386.33,3390.71,3386.33,4.38,1.00,4.38,3381.95,3377.57,3373.19,3368.80,3364.42,0.25,0.00,0.25,3381.95,1.00,1.00,0.00,3386.57,3386.89,3387.47,3386.69,3386.96,-0.249,2.31,16.63,43.69,43.69,-0.54,-0.76,0.21,3387.59,3384.29,443,489,14.3,57.1,5,1,CROSS=EMA9<EMA21;TREND=1;STRUCT=1;VOL=1;COOL=1;EMA50=1;VWAP=1;BIAS=1,0.99,-0.56,22042.06,22152.56,full target: no partial booked
919,2025.06.18 05:00:36,2025.06.18 07:30:36,SL_MOVE,XAUUSD,M5,334,SELL,FULLTGT,DAY,0,3386.33,3390.71,3381.95,4.38,1.00,4.38,3381.95,3377.57,3373.19,3368.80,3364.42,0.25,0.00,0.25,3381.95,2.00,0.00,0.00,3385.45,3386.28,3387.13,3385.78,3386.46,-0.299,2.84,19.14,34.31,34.31,-1.59,-0.93,-0.66,3386.83,3379.04,568,492,0.0,85.7,5,1,CROSS=EMA9<EMA21;TREND=1;STRUCT=1;VOL=1;COOL=1;EMA50=1;VWAP=1;BIAS=1,2.00,-0.56,22042.06,22261.81,stop trailed to TP1
920,2025.06.18 05:00:36,2025.06.18 07:30:36,TP2_REACHED,XAUUSD,M5,334,SELL,FULLTGT,DAY,0,3386.33,3390.71,3381.95,4.38,1.00,4.38,3381.95,3377.57,3373.19,3368.80,3364.42,0.25,0.00,0.25,3377.57,2.00,2.00,0.00,3385.45,3386.28,3387.13,3385.78,3386.46,-0.299,2.84,19.14,34.31,34.31,-1.59,-0.93,-0.66,3386.83,3379.04,568,492,0.0,85.7,5,1,CROSS=EMA9<EMA21;TREND=1;STRUCT=1;VOL=1;COOL=1;EMA50=1;VWAP=1;BIAS=1,2.00,-0.56,22042.06,22261.81,full target: no partial booked
921,2025.06.18 05:30:27,2025.06.18 08:00:27,SL_MOVE,XAUUSD,M5,334,SELL,FULLTGT,DAY,0,3386.33,3390.71,3377.57,4.38,1.00,4.38,3381.95,3377.57,3373.19,3368.80,3364.42,0.25,0.00,0.25,3377.57,3.00,0.00,0.00,3382.67,3384.67,3386.23,3383.14,3384.95,-0.558,2.80,38.64,25.91,25.91,-3.27,-2.28,-0.99,3385.13,3373.50,468,529,0.0,85.7,11,1,CROSS=EMA9<EMA21;TREND=1;STRUCT=1;VOL=1;COOL=1;EMA50=1;VWAP=1;BIAS=1,3.00,-0.56,22042.06,22371.56,stop trailed to TP2
922,2025.06.18 05:30:27,2025.06.18 08:00:27,TP3_REACHED,XAUUSD,M5,334,SELL,FULLTGT,DAY,0,3386.33,3390.71,3377.57,4.38,1.00,4.38,3381.95,3377.57,3373.19,3368.80,3364.42,0.25,0.00,0.25,3373.19,3.00,3.00,0.00,3382.67,3384.67,3386.23,3383.14,3384.95,-0.558,2.80,38.64,25.91,25.91,-3.27,-2.28,-0.99,3385.13,3373.50,468,529,0.0,85.7,11,1,CROSS=EMA9<EMA21;TREND=1;STRUCT=1;VOL=1;COOL=1;EMA50=1;VWAP=1;BIAS=1,3.00,-0.56,22042.06,22371.56,full target: no partial booked
923,2025.06.18 05:48:05,2025.06.18 08:18:05,EXIT_TRAIL_SL,XAUUSD,M5,334,SELL,FULLTGT,DAY,0,3386.33,3390.71,3377.57,4.38,1.00,4.38,3381.95,3377.57,3373.19,3368.80,3364.42,0.25,0.25,0.00,3377.57,0.00,2.00,217.24,3381.65,3384.00,3385.83,3381.92,3384.19,-0.651,2.82,35.66,38.00,38.00,-3.00,-2.89,-0.11,3384.37,3376.34,559,527,14.3,85.7,5,1,CROSS=EMA9<EMA21;TREND=1;STRUCT=1;VOL=1;COOL=1;EMA50=1;VWAP=1;BIAS=1,3.57,-0.56,22260.18,22260.18,stopped at a trailed level
924,2025.06.18 07:20:00,2025.06.18 09:50:00,SKIP,XAUUSD,M5,334,FLAT,NA,DAY,0,0.00,0.00,0.00,0.00,1.00,0.00,0.00,0.00,0.00,0.00,0.00,0.00,0.00,0.00,0.00,0.00,0.00,0.00,3385.34,3385.15,3386.02,3384.95,3384.96,-0.452,1.93,72.66,73.99,73.99,3.03,2.36,0.67,3384.77,3392.87,354,494,85.7,0.0,5,1,CROSS=EMA9<EMA21;TREND=1;STRUCT=1;VOL=1;COOL=1;EMA50=1;VWAP=1;BIAS=1,0.00,0.00,22260.18,22260.18,outside the killzone window
925,2025.06.18 09:50:00,2025.06.18 12:20:00,SKIP,XAUUSD,M5,334,FLAT,NA,DAY,0,0.00,0.00,0.00,0.00,1.00,0.00,0.00,0.00,0.00,0.00,0.00,0.00,0.00,0.00,0.00,0.00,0.00,0.00,3386.81,3386.82,3386.91,3387.04,3386.93,-0.039,2.41,54.92,36.53,36.53,-2.36,-1.81,-0.55,3386.07,3382.32,560,629,0.0,85.7,5,1,CROSS=EMA9<EMA21;TREND=1;STRUCT=1;VOL=1;COOL=1;EMA50=1;VWAP=1;BIAS=1,0.00,0.00,22260.18,22260.18,already positioned that way
926,2025.06.18 15:45:00,2025.06.18 18:15:00,ENTRY,XAUUSD,M5,336,BUY,FULLTGT,EVENING,0,3389.12,3382.62,3382.62,6.50,1.00,6.50,3395.62,3402.12,3408.62,3415.11,3421.61,0.17,0.17,0.17,3389.12,0.00,0.00,0.00,3383.86,3383.82,3384.62,3383.59,3383.68,-0.249,3.25,24.60,62.48,62.48,1.69,1.21,0.48,3384.70,3389.09,731,648,85.7,0.0,5,1,CROSS=EMA9>EMA21;TREND=1;STRUCT=1;VOL=1;COOL=1;EMA50=1;VWAP=1;BIAS=1,0.00,0.00,22259.58,22258.73,KZ=NY; KZR=NY H @ 3446.75 752 bars ago (high taken); EVENING 4PM-12AM IST session: stop x1.00 of usual; no partials; full size to TP5; SL steps BE->TP1->TP2->TP3
927,2025.06.18 16:30:28,2025.06.18 19:00:28,SL_MOVE,XAUUSD,M5,336,BUY,FULLTGT,EVENING,0,3389.12,3382.62,3389.12,6.50,1.00,6.50,3395.62,3402.12,3408.62,3415.11,3421.61,0.17,0.00,0.17,3389.12,1.00,0.00,0.00,3386.06,3385.02,3385.16,3385.60,3384.76,-0.054,2.72,40.04,71.12,71.12,2.38,1.76,0.63,3385.00,3395.14,710,686,100.0,0.0,4,1,CROSS=EMA9>EMA21;TREND=1;STRUCT=1;VOL=1;COOL=1;EMA50=1;VWAP=1;BIAS=1,1.00,-0.65,22259.58,22370.59,stop to breakeven
928,2025.06.18 16:30:28,2025.06.18 19:00:28,TP1_REACHED,XAUUSD,M5,336,BUY,FULLTGT,EVENING,0,3389.12,3382.62,3389.12,6.50,1.00,6.50,3395.62,3402.12,3408.62,3415.11,3421.61,0.17,0.00,0.17,3395.62,1.00,1.00,0.00,3386.06,3385.02,3385.16,3385.60,3384.76,-0.054,2.72,40.04,71.12,71.12,2.38,1.76,0.63,3385.00,3395.14,710,686,100.0,0.0,4,1,CROSS=EMA9>EMA21;TREND=1;STRUCT=1;VOL=1;COOL=1;EMA50=1;VWAP=1;BIAS=1,1.00,-0.65,22259.58,22370.59,full target: no partial booked
929,2025.06.18 17:02:31,2025.06.18 19:32:31,EXIT_BE,XAUUSD,M5,336,BUY,FULLTGT,EVENING,0,3389.12,3382.62,3389.12,6.50,1.00,6.50,3395.62,3402.12,3408.62,3415.11,3421.61,0.17,0.17,0.00,3389.11,0.00,-0.00,-1.37,3387.75,3386.08,3385.70,3387.52,3385.92,0.130,2.86,40.85,58.88,58.88,2.18,2.34,-0.15,3385.44,3392.33,812,749,85.7,14.3,10,1,CROSS=EMA9>EMA21;TREND=1;STRUCT=1;VOL=1;COOL=1;EMA50=1;VWAP=1;BIAS=1,1.18,-0.65,22258.81,22258.81,stopped at breakeven
930,2025.06.18 22:05:00,2025.06.19 00:35:00,SKIP,XAUUSD,M5,336,FLAT,NA,DAY,0,0.00,0.00,0.00,0.00,1.00,0.00,0.00,0.00,0.00,0.00,0.00,0.00,0.00,0.00,0.00,0.00,0.00,0.00,3387.54,3387.61,3387.02,3388.09,3387.88,0.121,4.90,46.37,27.25,27.25,-2.35,-0.57,-1.78,3386.10,3376.76,1104,901,0.0,100.0,11,1,CROSS=EMA9>EMA21;TREND=1;STRUCT=1;VOL=1;COOL=1;EMA50=1;VWAP=1;BIAS=1,0.00,0.00,22258.81,22258.81,outside the killzone window
931,2025.06.19 01:00:00,2025.06.19 03:30:00,DAY_SUMMARY,XAUUSD,M5,336,FLAT,NA,DAY,0,0.00,0.00,0.00,0.00,1.00,0.00,0.00,0.00,0.00,0.00,0.00,0.00,0.00,0.00,0.00,0.00,2.00,215.87,3373.99,3379.03,3382.30,3374.24,3379.28,-1.321,2.48,41.22,45.06,45.06,-3.24,-4.52,1.29,3384.62,3369.15,244,573,14.3,71.4,9,1,CROSS=EMA9>EMA21;TREND=1;STRUCT=1;VOL=1;COOL=1;EMA50=1;VWAP=1;BIAS=1,0.00,0.00,22258.81,22258.81,2025.06.18 trades=2 W=1 L=1 gross_profit=217.24 gross_loss=1.37 net=215.87 PF=158.57
932,2025.06.19 13:20:00,2025.06.19 15:50:00,SKIP,XAUUSD,M5,336,FLAT,NA,DAY,0,0.00,0.00,0.00,0.00,1.00,0.00,0.00,0.00,0.00,0.00,0.00,0.00,0.00,0.00,0.00,0.00,0.00,0.00,3368.32,3368.31,3371.20,3368.02,3368.17,-1.404,2.06,20.43,65.76,65.76,2.07,2.07,-0.00,3368.73,3374.13,462,602,57.1,14.3,6,1,CROSS=EMA9>EMA21;TREND=1;STRUCT=1;VOL=1;COOL=1;EMA50=1;VWAP=1;BIAS=1,0.00,0.00,22258.81,22258.81,already positioned that way
933,2025.06.19 16:10:00,2025.06.19 18:40:00,ENTRY,XAUUSD,M5,338,SELL,FULLTGT,EVENING,0,3367.16,3372.80,3372.80,5.64,1.00,5.64,3361.52,3355.88,3350.24,3344.60,3338.96,0.19,0.19,0.19,3367.16,0.00,0.00,0.00,3369.63,3369.66,3371.15,3369.76,3369.72,-0.531,2.82,23.61,43.30,43.30,-1.29,-1.37,0.08,3369.19,3367.15,861,585,28.6,57.1,5,1,CROSS=EMA9<EMA21;TREND=1;STRUCT=1;VOL=1;COOL=1;EMA50=1;VWAP=1;BIAS=1,0.00,0.00,22258.14,22257.19,KZ=NY; KZR=Asia L @ 3369.70 89 bars ago (low taken); EVENING 4PM-12AM IST session: stop x1.00 of usual; no partials; full size to TP5; SL steps BE->TP1->TP2->TP3
934,2025.06.19 16:53:39,2025.06.19 19:23:39,EXIT_SL,XAUUSD,M5,338,SELL,FULLTGT,EVENING,0,3367.16,3372.80,3372.80,5.64,1.00,5.64,3361.52,3355.88,3350.24,3344.60,3338.96,0.19,0.19,0.00,3372.82,0.00,-1.00,-108.88,3368.70,3369.13,3370.73,3368.60,3369.09,-0.508,3.15,27.58,55.90,55.90,-0.85,-1.27,0.42,3369.03,3370.59,798,691,85.7,14.3,5,1,CROSS=EMA9<EMA21;TREND=1;STRUCT=1;VOL=1;COOL=1;EMA50=1;VWAP=1;BIAS=1,0.99,-1.00,22149.93,22149.93,stopped at the initial SL (x1.00 of usual)
935,2025.06.19 20:05:00,2025.06.19 22:35:00,SKIP,XAUUSD,M5,338,FLAT,NA,EVENING,0,0.00,0.00,0.00,0.00,1.00,0.00,0.00,0.00,0.00,0.00,0.00,0.00,0.00,0.00,0.00,0.00,0.00,0.00,3368.52,3368.51,3369.67,3368.36,3368.43,-0.560,2.06,20.83,60.86,60.86,0.98,0.62,0.35,3368.78,3371.76,438,458,71.4,0.0,5,1,CROSS=EMA9<EMA21;TREND=1;STRUCT=1;VOL=1;COOL=1;EMA50=1;VWAP=1;BIAS=1,0.00,0.00,22149.93,22149.93,outside the killzone window
936,2025.06.20 01:00:00,2025.06.20 03:30:00,DAY_SUMMARY,XAUUSD,M5,338,FLAT,NA,DAY,0,0.00,0.00,0.00,0.00,1.00,0.00,0.00,0.00,0.00,0.00,0.00,0.00,0.00,0.00,0.00,0.00,-1.00,-108.88,3369.39,3369.07,3369.77,3369.32,3369.03,-0.306,2.27,21.21,53.95,53.95,0.22,0.06,0.16,3368.87,3370.70,311,424,71.4,0.0,9,1,CROSS=EMA9<EMA21;TREND=1;STRUCT=1;VOL=1;COOL=1;EMA50=1;VWAP=1;BIAS=1,0.00,0.00,22149.93,22149.93,2025.06.19 trades=1 W=0 L=1 gross_profit=0.00 gross_loss=108.88 net=-108.88 PF=0.00
937,2025.06.20 01:30:00,2025.06.20 04:00:00,SKIP,XAUUSD,M5,338,FLAT,NA,DAY,0,0.00,0.00,0.00,0.00,1.00,0.00,0.00,0.00,0.00,0.00,0.00,0.00,0.00,0.00,0.00,0.00,0.00,0.00,3368.71,3368.76,3369.55,3368.83,3368.81,-0.346,2.30,25.33,42.88,42.88,-0.75,-0.19,-0.56,3366.61,3366.48,274,390,0.0,85.7,5,1,CROSS=EMA9<EMA21;TREND=1;STRUCT=1;VOL=1;COOL=1;EMA50=1;VWAP=1;BIAS=1,0.00,0.00,22149.93,22149.93,already positioned that way
938,2025.06.20 13:30:00,2025.06.20 16:00:00,ENTRY,XAUUSD,M5,340,BUY,FULLTGT,EVENING,0,3356.56,3352.97,3352.97,3.59,1.00,3.59,3360.15,3363.75,3367.34,3370.94,3374.53,0.30,0.30,0.30,3356.56,0.00,0.00,0.00,3353.39,3353.35,3356.36,3353.23,3353.28,-1.671,1.80,27.45,58.36,58.36,1.51,1.79,-0.28,3354.80,3356.48,299,491,71.4,14.3,6,1,CROSS=EMA9>EMA21;TREND=1;STRUCT=1;VOL=1;COOL=1;EMA50=1;VWAP=1;BIAS=1,0.00,0.00,22148.88,22147.08,KZ=NY; KZR=Asia L @ 3344.71 55 bars ago (low taken); EVENING 4PM-12AM IST session: stop x1.00 of usual; no partials; full size to TP5; SL steps BE->TP1->TP2->TP3
939,2025.06.20 14:24:19,2025.06.20 16:54:19,EXIT_SL,XAUUSD,M5,340,BUY,FULLTGT,EVENING,0,3356.56,3352.97,3352.97,3.59,1.00,3.59,3360.15,3363.75,3367.34,3370.94,3374.53,0.30,0.30,0.00,3352.95,0.00,-1.00,-110.40,3354.11,3353.78,3356.24,3354.15,3353.79,-1.643,1.49,32.72,43.96,43.96,0.30,0.92,-0.62,3354.83,3353.44,378,431,14.3,71.4,5,1,CROSS=EMA9>EMA21;TREND=1;STRUCT=1;VOL=1;COOL=1;EMA50=1;VWAP=1;BIAS=1,0.26,-0.99,22039.53,22039.53,stopped at the initial SL (x1.00 of usual)
940,2025.06.20 14:55:00,2025.06.20 17:25:00,ENTRY,XAUUSD,M5,342,SELL,FULLTGT,EVENING,0,3348.65,3352.94,3352.94,4.29,1.00,4.29,3344.36,3340.07,3335.78,3331.48,3327.19,0.25,0.25,0.25,3348.65,0.00,0.00,0.00,3353.40,3353.46,3355.86,3353.64,3353.58,-1.121,2.15,40.56,33.92,33.92,-0.93,-0.18,-0.75,3354.68,3348.70,686,446,0.0,100.0,5,1,CROSS=EMA9<EMA21;TREND=1;STRUCT=1;VOL=1;COOL=1;EMA50=1;VWAP=1;BIAS=1,0.00,0.00,22038.65,22037.40,KZ=NY; KZR=Asia L @ 3344.71 72 bars ago (low taken); EVENING 4PM-12AM IST session: stop x1.00 of usual; no partials; full size to TP5; SL steps BE->TP1->TP2->TP3
941,2025.06.20 15:32:37,2025.06.20 18:02:37,SL_MOVE,XAUUSD,M5,342,SELL,FULLTGT,EVENING,0,3348.65,3352.94,3348.65,4.29,1.00,4.29,3344.36,3340.07,3335.78,3331.48,3327.19,0.25,0.00,0.25,3348.65,1.00,0.00,0.00,3351.89,3352.62,3355.23,3352.06,3352.73,-0.881,2.95,30.81,42.74,42.74,-1.64,-1.42,-0.22,3354.35,3348.52,559,543,0.0,100.0,7,1,CROSS=EMA9<EMA21;TREND=1;STRUCT=1;VOL=1;COOL=1;EMA50=1;VWAP=1;BIAS=1,1.00,-0.51,22038.65,22147.40,stop to breakeven
942,2025.06.20 15:32:37,2025.06.20 18:02:37,TP1_REACHED,XAUUSD,M5,342,SELL,FULLTGT,EVENING,0,3348.65,3352.94,3348.65,4.29,1.00,4.29,3344.36,3340.07,3335.78,3331.48,3327.19,0.25,0.00,0.25,3344.36,1.00,1.00,0.00,3351.89,3352.62,3355.23,3352.06,3352.73,-0.881,2.95,30.81,42.74,42.74,-1.64,-1.42,-0.22,3354.35,3348.52,559,543,0.0,100.0,7,1,CROSS=EMA9<EMA21;TREND=1;STRUCT=1;VOL=1;COOL=1;EMA50=1;VWAP=1;BIAS=1,1.00,-0.51,22038.65,22147.40,full target: no partial booked
943,2025.06.20 15:40:35,2025.06.20 18:10:35,EXIT_BE,XAUUSD,M5,342,SELL,FULLTGT,EVENING,0,3348.65,3352.94,3348.65,4.29,1.00,4.29,3344.36,3340.07,3335.78,3331.48,3327.19,0.25,0.25,0.00,3348.66,0.00,-0.00,-2.01,3351.40,3352.34,3355.02,3351.62,3352.47,-0.768,3.49,30.30,40.71,40.71,-1.82,-1.64,-0.17,3354.16,3347.11,985,608,14.3,85.7,5,1,CROSS=EMA9<EMA21;TREND=1;STRUCT=1;VOL=1;COOL=1;EMA50=1;VWAP=1;BIAS=1,1.54,-0.51,22037.52,22037.52,stopped at breakeven
944,2025.06.20 16:50:00,2025.06.20 19:20:00,ENTRY,XAUUSD,M5,344,BUY,FULLTGT,EVENING,0,3367.10,3360.00,3360.00,7.10,1.00,7.10,3374.20,3381.31,3388.41,3395.51,3402.61,0.15,0.15,0.15,3367.10,0.00,0.00,0.00,3353.24,3352.91,3354.84,3352.53,3352.55,-0.542,3.55,53.88,76.50,76.50,3.39,0.65,2.74,3354.11,3367.04,1086,855,100.0,0.0,5,1,CROSS=EMA9>EMA21;TREND=1;STRUCT=1;VOL=1;COOL=1;EMA50=1;VWAP=1;BIAS=1,0.00,0.00,22036.99,22036.24,KZ=NY; KZR=Asia L @ 3344.71 95 bars ago (low taken); EVENING 4PM-12AM IST session: stop x1.00 of usual; no partials; full size to TP5; SL steps BE->TP1->TP2->TP3
945,2025.06.20 17:11:39,2025.06.20 19:41:39,SL_MOVE,XAUUSD,M5,344,BUY,FULLTGT,EVENING,0,3367.10,3360.00,3367.10,7.10,1.00,7.10,3374.20,3381.31,3388.41,3395.51,3402.61,0.15,0.00,0.15,3367.10,1.00,0.00,0.00,3356.37,3354.59,3355.60,3355.57,3354.14,-0.254,3.99,59.76,73.56,73.56,5.39,3.25,2.14,3354.77,3372.06,986,954,100.0,0.0,5,1,CROSS=EMA9>EMA21;TREND=1;STRUCT=1;VOL=1;COOL=1;EMA50=1;VWAP=1;BIAS=1,1.00,-0.12,22036.99,22143.79,stop to breakeven
946,2025.06.20 17:11:39,2025.06.20 19:41:39,TP1_REACHED,XAUUSD,M5,344,BUY,FULLTGT,EVENING,0,3367.10,3360.00,3367.10,7.10,1.00,7.10,3374.20,3381.31,3388.41,3395.51,3402.61,0.15,0.00,0.15,3374.20,1.00,1.00,0.00,3356.37,3354.59,3355.60,3355.57,3354.14,-0.254,3.99,59.76,73.56,73.56,5.39,3.25,2.14,3354.77,3372.06,986,954,100.0,0.0,5,1,CROSS=EMA9>EMA21;TREND=1;STRUCT=1;VOL=1;COOL=1;EMA50=1;VWAP=1;BIAS=1,1.00,-0.12,22036.99,22143.79,full target: no partial booked
947,2025.06.20 17:20:38,2025.06.20 19:50:38,EXIT_BE,XAUUSD,M5,344,BUY,FULLTGT,EVENING,0,3367.10,3360.00,3367.10,7.10,1.00,7.10,3374.20,3381.31,3388.41,3395.51,3402.61,0.15,0.15,0.00,3367.08,0.00,-0.00,-1.36,3357.67,3355.34,3355.96,3357.07,3354.99,-0.154,4.01,56.97,67.04,67.04,5.49,4.29,1.19,3355.08,3369.32,916,955,85.7,0.0,5,1,CROSS=EMA9>EMA21;TREND=1;STRUCT=1;VOL=1;COOL=1;EMA50=1;VWAP=1;BIAS=1,1.04,-0.12,22036.16,22036.16,stopped at breakeven
948,2025.06.23 01:00:00,2025.06.23 03:30:00,DAY_SUMMARY,XAUUSD,M5,344,FLAT,NA,DAY,0,0.00,0.00,0.00,0.00,1.00,0.00,0.00,0.00,0.00,0.00,0.00,0.00,0.00,0.00,0.00,0.00,-1.01,-113.77,3367.59,3366.28,3363.66,3367.54,3366.22,2.322,1.13,22.48,56.55,56.55,0.30,-0.06,0.35,3358.40,3368.64,92,281,71.4,0.0,50,1,CROSS=EMA9>EMA21;TREND=1;STRUCT=1;VOL=1;COOL=1;EMA50=1;VWAP=1;BIAS=1,0.00,0.00,22036.16,22036.16,2025.06.20 trades=3 W=0 L=3 gross_profit=0.00 gross_loss=113.77 net=-113.77 PF=0.00
949,2025.06.23 01:00:00,2025.06.23 03:30:00,WEEK_SUMMARY,XAUUSD,M5,344,FLAT,NA,DAY,0,0.00,0.00,0.00,0.00,1.00,0.00,0.00,0.00,0.00,0.00,0.00,0.00,0.00,0.00,0.00,0.00,-1.82,-207.10,3367.59,3366.28,3363.66,3367.54,3366.22,2.322,1.13,22.48,56.55,56.55,0.30,-0.06,0.35,3358.40,3368.64,92,281,71.4,0.0,50,1,CROSS=EMA9>EMA21;TREND=1;STRUCT=1;VOL=1;COOL=1;EMA50=1;VWAP=1;BIAS=1,0.00,0.00,22036.16,22036.16,days=5 trades=12 W=2 L=10 gross_profit=432.50 gross_loss=639.60 net=-207.10 PF=0.68 pips=-1617.0
950,2025.06.23 04:20:00,2025.06.23 06:50:00,ENTRY,XAUUSD,M5,346,SELL,FULLTGT,DAY,0,3361.90,3369.63,3369.63,7.73,1.00,7.73,3354.17,3346.43,3338.70,3330.97,3323.24,0.14,0.14,0.14,3361.90,0.00,0.00,0.00,3369.09,3369.22,3366.87,3369.46,3369.41,0.609,3.87,46.50,37.79,37.79,-2.53,-2.75,0.22,3372.74,3361.90,691,600,14.3,85.7,8,1,CROSS=EMA9<EMA21;TREND=1;STRUCT=1;VOL=1;COOL=1;EMA50=1;VWAP=1;BIAS=1,0.00,0.00,22035.67,22034.55,KZ=ASIA; KZR=Asia L @ 3344.71 809 bars ago (low taken); DAY 12AM-4PM IST session: stop x1.00 of usual; no partials; full size to TP5; SL steps BE->TP1->TP2->TP3
951,2025.06.23 04:25:36,2025.06.23 06:55:36,SL_MOVE,XAUUSD,M5,346,SELL,FULLTGT,DAY,0,3361.90,3369.63,3361.90,7.73,1.00,7.73,3354.17,3346.43,3338.70,3330.97,3323.24,0.14,0.00,0.14,3361.90,1.00,0.00,0.00,3368.46,3368.90,3366.73,3369.09,3369.22,0.523,4.14,49.25,30.70,30.70,-3.08,-2.76,-0.32,3372.24,3356.12,802,624,0.0,100.0,10,1,CROSS=EMA9<EMA21;TREND=1;STRUCT=1;VOL=1;COOL=1;EMA50=1;VWAP=1;BIAS=1,0.99,-0.02,22035.67,22144.17,stop to breakeven
952,2025.06.23 04:25:36,2025.06.23 06:55:36,TP1_REACHED,XAUUSD,M5,346,SELL,FULLTGT,DAY,0,3361.90,3369.63,3361.90,7.73,1.00,7.73,3354.17,3346.43,3338.70,3330.97,3323.24,0.14,0.00,0.14,3354.17,1.00,1.00,0.00,3368.46,3368.90,3366.73,3369.09,3369.22,0.523,4.14,49.25,30.70,30.70,-3.08,-2.76,-0.32,3372.24,3356.12,802,624,0.0,100.0,10,1,CROSS=EMA9<EMA21;TREND=1;STRUCT=1;VOL=1;COOL=1;EMA50=1;VWAP=1;BIAS=1,0.99,-0.02,22035.67,22144.17,full target: no partial booked
953,2025.06.23 05:11:28,2025.06.23 07:41:28,EXIT_BE,XAUUSD,M5,346,SELL,FULLTGT,DAY,0,3361.90,3369.63,3361.90,7.73,1.00,7.73,3354.17,3346.43,3338.70,3330.97,3323.24,0.14,0.14,0.00,3361.91,0.00,-0.00,-1.12,3364.27,3366.46,3365.67,3364.46,3366.61,0.216,3.66,35.02,46.59,46.59,-3.22,-3.81,0.59,3369.18,3360.47,547,669,14.3,71.4,5,1,CROSS=EMA9<EMA21;TREND=1;STRUCT=1;VOL=1;COOL=1;EMA50=1;VWAP=1;BIAS=1,1.28,-0.02,22035.04,22035.04,stopped at breakeven
954,2025.06.23 12:30:00,2025.06.23 15:00:00,SKIP,XAUUSD,M5,346,FLAT,NA,DAY,0,0.00,0.00,0.00,0.00,1.00,0.00,0.00,0.00,0.00,0.00,0.00,0.00,0.00,0.00,0.00,0.00,0.00,0.00,3360.42,3360.32,3361.50,3360.18,3360.20,-0.465,2.54,41.88,59.93,59.93,2.25,1.76,0.50,3363.22,3365.05,652,581,85.7,14.3,9,1,CROSS=EMA9<EMA21;TREND=1;STRUCT=1;VOL=1;COOL=1;EMA50=1;VWAP=1;BIAS=1,0.00,0.00,22035.04,22035.04,outside the killzone window
955,2025.06.23 23:35:00,2025.06.24 02:05:00,SKIP,XAUUSD,M5,346,FLAT,NA,DAY,0,0.00,0.00,0.00,0.00,1.00,0.00,0.00,0.00,0.00,0.00,0.00,0.00,0.00,0.00,0.00,0.00,0.00,0.00,3379.03,3379.09,3375.78,3379.37,3379.26,1.618,2.04,42.47,28.64,28.64,-2.35,-1.72,-0.63,3371.41,3372.34,318,421,14.3,71.4,5,1,CROSS=EMA9<EMA21;TREND=1;STRUCT=1;VOL=1;COOL=1;EMA50=1;VWAP=1;BIAS=1,0.00,0.00,22035.04,22035.04,outside the killzone window
956,2025.06.24 01:00:00,2025.06.24 03:30:00,DAY_SUMMARY,XAUUSD,M5,346,FLAT,NA,DAY,0,0.00,0.00,0.00,0.00,1.00,0.00,0.00,0.00,0.00,0.00,0.00,0.00,0.00,0.00,0.00,0.00,-0.00,-1.12,3376.92,3377.96,3375.40,3377.33,3378.19,1.076,2.38,58.83,25.82,25.82,-3.11,-2.54,-0.57,3371.39,3369.04,212,381,0.0,85.7,14,1,CROSS=EMA9<EMA21;TREND=1;STRUCT=1;VOL=1;COOL=1;EMA50=1;VWAP=1;BIAS=1,0.00,0.00,22035.04,22035.04,2025.06.23 trades=1 W=0 L=1 gross_profit=0.00 gross_loss=1.12 net=-1.12 PF=0.00
957,2025.06.24 21:50:00,2025.06.25 00:20:00,SKIP,XAUUSD,M5,346,FLAT,NA,DAY,0,0.00,0.00,0.00,0.00,1.00,0.00,0.00,0.00,0.00,0.00,0.00,0.00,0.00,0.00,0.00,0.00,0.00,0.00,3316.34,3316.33,3322.05,3316.28,3316.29,-3.345,1.71,37.47,51.79,51.79,0.46,0.82,-0.35,3327.00,3317.61,322,460,57.1,28.6,9,1,CROSS=EMA9<EMA21;TREND=1;STRUCT=1;VOL=1;COOL=1;EMA50=1;VWAP=1;BIAS=1,0.00,0.00,22035.04,22035.04,outside the killzone window
958,2025.06.25 12:20:00,2025.06.25 14:50:00,SKIP,XAUUSD,M5,346,FLAT,NA,DAY,0,0.00,0.00,0.00,0.00,1.00,0.00,0.00,0.00,0.00,0.00,0.00,0.00,0.00,0.00,0.00,0.00,0.00,0.00,3328.93,3328.95,3327.79,3329.20,3329.08,0.600,1.93,39.30,35.19,35.19,-1.69,-0.90,-0.79,3329.26,3323.80,521,550,0.0,85.7,5,1,CROSS=EMA9<EMA21;TREND=1;STRUCT=1;VOL=1;COOL=1;EMA50=1;VWAP=1;BIAS=1,0.00,0.00,22035.04,22035.04,outside the killzone window
959,2025.06.25 19:30:00,2025.06.25 22:00:00,SKIP,XAUUSD,M5,346,FLAT,NA,EVENING,0,0.00,0.00,0.00,0.00,1.00,0.00,0.00,0.00,0.00,0.00,0.00,0.00,0.00,0.00,0.00,0.00,0.00,0.00,3324.01,3323.94,3324.75,3323.74,3323.80,-0.408,1.99,41.91,67.34,67.34,1.80,1.56,0.24,3325.92,3329.31,529,554,85.7,0.0,7,1,CROSS=EMA9<EMA21;TREND=1;STRUCT=1;VOL=1;COOL=1;EMA50=1;VWAP=1;BIAS=1,0.00,0.00,22035.04,22035.04,outside the killzone window
960,2025.06.26 14:55:00,2025.06.26 17:25:00,SKIP,XAUUSD,M5,346,FLAT,NA,EVENING,0,0.00,0.00,0.00,0.00,1.00,0.00,0.00,0.00,0.00,0.00,0.00,0.00,0.00,0.00,0.00,0.00,0.00,0.00,3339.82,3339.83,3337.92,3340.16,3339.99,0.918,2.08,41.50,26.48,26.48,-1.83,-0.79,-1.04,3338.46,3333.27,687,447,0.0,100.0,5,1,CROSS=EMA9<EMA21;TREND=1;STRUCT=1;VOL=1;COOL=1;EMA50=1;VWAP=1;BIAS=1,0.00,0.00,22035.04,22035.04,already positioned that way
961,2025.06.26 20:55:00,2025.06.26 23:25:00,SKIP,XAUUSD,M5,346,FLAT,NA,EVENING,0,0.00,0.00,0.00,0.00,1.00,0.00,0.00,0.00,0.00,0.00,0.00,0.00,0.00,0.00,0.00,0.00,0.00,0.00,3329.73,3329.69,3331.40,3329.51,3329.58,-0.958,1.79,52.88,62.13,62.13,2.48,2.63,-0.15,3332.75,3334.08,543,568,71.4,14.3,7,1,CROSS=EMA9<EMA21;TREND=1;STRUCT=1;VOL=1;COOL=1;EMA50=1;VWAP=1;BIAS=1,0.00,0.00,22035.04,22035.04,outside the killzone window
962,2025.06.27 01:05:00,2025.06.27 03:35:00,SKIP,XAUUSD,M5,346,FLAT,NA,DAY,0,0.00,0.00,0.00,0.00,1.00,0.00,0.00,0.00,0.00,0.00,0.00,0.00,0.00,0.00,0.00,0.00,0.00,0.00,3330.35,3330.42,3331.29,3330.61,3330.55,-0.578,1.50,40.84,31.85,31.85,-1.02,-0.53,-0.49,3325.76,3325.34,353,239,0.0,100.0,8,1,CROSS=EMA9<EMA21;TREND=1;STRUCT=1;VOL=1;COOL=1;EMA50=1;VWAP=1;BIAS=1,0.00,0.00,22035.04,22035.04,already positioned that way
963,2025.06.30 01:00:00,2025.06.30 03:30:00,WEEK_SUMMARY,XAUUSD,M5,346,FLAT,NA,DAY,0,0.00,0.00,0.00,0.00,1.00,0.00,0.00,0.00,0.00,0.00,0.00,0.00,0.00,0.00,0.00,0.00,-0.00,-1.12,3273.35,3274.32,3279.48,3273.27,3274.30,-3.816,1.35,29.53,57.35,57.35,0.39,0.02,0.37,3285.95,3274.96,73,347,57.1,28.6,9,1,CROSS=EMA9<EMA21;TREND=1;STRUCT=1;VOL=1;COOL=1;EMA50=1;VWAP=1;BIAS=1,0.00,0.00,22035.04,22035.04,days=1 trades=1 W=0 L=1 gross_profit=0.00 gross_loss=1.12 net=-1.12 PF=0.00 pips=-1.0
964,2025.06.30 05:15:00,2025.06.30 07:45:00,ENTRY,XAUUSD,M5,348,BUY,FULLTGT,DAY,0,3279.98,3272.50,3272.50,7.48,1.00,7.48,3287.46,3294.93,3302.41,3309.89,3317.37,0.14,0.14,0.14,3279.98,0.00,0.00,0.00,3270.70,3270.57,3274.27,3270.22,3270.33,-0.990,3.74,42.34,66.18,66.18,3.06,1.97,1.08,3267.49,3279.93,578,600,85.7,0.0,5,1,CROSS=EMA9>EMA21;TREND=1;STRUCT=1;VOL=1;COOL=1;EMA50=1;VWAP=1;BIAS=1,0.00,0.00,22034.55,22033.85,KZ=ASIA; KZR=NY L @ 3255.84 46 bars ago (low taken); DAY 12AM-4PM IST session: stop x1.00 of usual; no partials; full size to TP5; SL steps BE->TP1->TP2->TP3
965,2025.06.30 08:16:31,2025.06.30 10:46:31,SL_MOVE,XAUUSD,M5,348,BUY,FULLTGT,DAY,0,3279.98,3272.50,3279.98,7.48,1.00,7.48,3287.46,3294.93,3302.41,3309.89,3317.37,0.14,0.00,0.14,3279.98,1.00,0.00,0.00,3279.68,3276.81,3276.68,3279.33,3276.57,0.070,1.82,36.28,69.07,69.07,2.06,1.16,0.91,3271.84,3286.47,342,312,85.7,14.3,5,1,CROSS=EMA9>EMA21;TREND=1;STRUCT=1;VOL=1;COOL=1;EMA50=1;VWAP=1;BIAS=1,1.00,-0.39,22034.55,22139.55,stop to breakeven
966,2025.06.30 08:16:31,2025.06.30 10:46:31,TP1_REACHED,XAUUSD,M5,348,BUY,FULLTGT,DAY,0,3279.98,3272.50,3279.98,7.48,1.00,7.48,3287.46,3294.93,3302.41,3309.89,3317.37,0.14,0.00,0.14,3287.46,1.00,1.00,0.00,3279.68,3276.81,3276.68,3279.33,3276.57,0.070,1.82,36.28,69.07,69.07,2.06,1.16,0.91,3271.84,3286.47,342,312,85.7,14.3,5,1,CROSS=EMA9>EMA21;TREND=1;STRUCT=1;VOL=1;COOL=1;EMA50=1;VWAP=1;BIAS=1,1.00,-0.39,22034.55,22139.55,full target: no partial booked
967,2025.06.30 09:36:38,2025.06.30 12:06:38,SL_MOVE,XAUUSD,M5,348,BUY,FULLTGT,DAY,0,3279.98,3272.50,3287.46,7.48,1.00,7.48,3287.46,3294.93,3302.41,3309.89,3317.37,0.14,0.00,0.14,3287.46,2.00,0.00,0.00,3285.30,3281.08,3279.04,3284.88,3280.76,0.903,2.26,46.60,72.76,72.76,2.52,2.56,-0.04,3274.74,3293.45,694,454,85.7,14.3,7,1,CROSS=EMA9>EMA21;TREND=1;STRUCT=1;VOL=1;COOL=1;EMA50=1;VWAP=1;BIAS=1,2.00,-0.39,22034.55,22243.99,stop trailed to TP1
968,2025.06.30 09:36:38,2025.06.30 12:06:38,TP2_REACHED,XAUUSD,M5,348,BUY,FULLTGT,DAY,0,3279.98,3272.50,3287.46,7.48,1.00,7.48,3287.46,3294.93,3302.41,3309.89,3317.37,0.14,0.00,0.14,3294.93,2.00,2.00,0.00,3285.30,3281.08,3279.04,3284.88,3280.76,0.903,2.26,46.60,72.76,72.76,2.52,2.56,-0.04,3274.74,3293.45,694,454,85.7,14.3,7,1,CROSS=EMA9>EMA21;TREND=1;STRUCT=1;VOL=1;COOL=1;EMA50=1;VWAP=1;BIAS=1,2.00,-0.39,22034.55,22243.99,full target: no partial booked
969,2025.06.30 12:00:34,2025.06.30 14:30:34,EXIT_TRAIL_SL,XAUUSD,M5,348,BUY,FULLTGT,DAY,0,3279.98,3272.50,3287.46,7.48,1.00,7.48,3287.46,3294.93,3302.41,3309.89,3317.37,0.14,0.14,0.00,3287.45,0.00,1.00,103.60,3291.08,3287.31,3283.38,3291.18,3287.26,1.615,2.43,37.03,40.64,40.64,-0.56,0.39,-0.95,3279.35,3289.23,495,484,28.6,71.4,5,1,CROSS=EMA9>EMA21;TREND=1;STRUCT=1;VOL=1;COOL=1;EMA50=1;VWAP=1;BIAS=1,2.25,-0.39,22138.64,22138.64,stopped at a trailed level
970,2025.06.30 14:20:00,2025.06.30 16:50:00,ENTRY,XAUUSD,M5,350,SELL,FULLTGT,EVENING,0,3279.02,3282.48,3282.48,3.46,1.00,3.46,3275.56,3272.11,3268.65,3265.20,3261.74,0.32,0.32,0.32,3279.02,0.00,0.00,0.00,3285.68,3285.73,3283.65,3286.02,3285.90,1.207,1.73,37.18,32.55,32.55,-2.02,-1.43,-0.60,3280.22,3279.02,537,423,0.0,100.0,7,1,CROSS=EMA9<EMA21;TREND=1;STRUCT=1;VOL=1;COOL=1;EMA50=1;VWAP=1;BIAS=1,0.00,0.00,22137.52,22135.28,KZ=NY; KZR=NY L @ 3255.84 155 bars ago (low taken); EVENING 4PM-12AM IST session: stop x1.00 of usual; no partials; full size to TP5; SL steps BE->TP1->TP2->TP3
971,2025.06.30 14:24:29,2025.06.30 16:54:29,SL_MOVE,XAUUSD,M5,350,SELL,FULLTGT,EVENING,0,3279.02,3282.48,3279.02,3.46,1.00,3.46,3275.56,3272.11,3268.65,3265.20,3261.74,0.32,0.00,0.32,3279.02,1.00,0.00,0.00,3285.68,3285.73,3283.65,3286.02,3285.90,1.207,1.73,37.18,32.55,32.55,-2.02,-1.43,-0.60,3280.22,3279.02,537,423,0.0,100.0,6,1,CROSS=EMA9<EMA21;TREND=1;STRUCT=1;VOL=1;COOL=1;EMA50=1;VWAP=1;BIAS=1,1.00,-0.17,22137.52,22248.56,stop to breakeven
972,2025.06.30 14:24:29,2025.06.30 16:54:29,TP1_REACHED,XAUUSD,M5,350,SELL,FULLTGT,EVENING,0,3279.02,3282.48,3279.02,3.46,1.00,3.46,3275.56,3272.11,3268.65,3265.20,3261.74,0.32,0.00,0.32,3275.56,1.00,1.00,0.00,3285.68,3285.73,3283.65,3286.02,3285.90,1.207,1.73,37.18,32.55,32.55,-2.02,-1.43,-0.60,3280.22,3279.02,537,423,0.0,100.0,6,1,CROSS=EMA9<EMA21;TREND=1;STRUCT=1;VOL=1;COOL=1;EMA50=1;VWAP=1;BIAS=1,1.00,-0.17,22137.52,22248.56,full target: no partial booked
973,2025.06.30 14:37:13,2025.06.30 17:07:13,EXIT_BE,XAUUSD,M5,350,SELL,FULLTGT,EVENING,0,3279.02,3282.48,3279.02,3.46,1.00,3.46,3275.56,3272.11,3268.65,3265.20,3261.74,0.32,0.32,0.00,3279.02,0.00,-0.00,-2.24,3284.39,3285.06,3283.38,3284.73,3285.24,0.785,2.14,44.66,35.31,35.31,-2.72,-1.94,-0.78,3280.12,3277.75,593,433,14.3,85.7,5,1,CROSS=EMA9<EMA21;TREND=1;STRUCT=1;VOL=1;COOL=1;EMA50=1;VWAP=1;BIAS=1,1.28,-0.17,22136.40,22136.40,stopped at breakeven
974,2025.06.30 17:50:00,2025.06.30 20:20:00,SKIP,XAUUSD,M5,350,FLAT,NA,EVENING,0,0.00,0.00,0.00,0.00,1.00,0.00,0.00,0.00,0.00,0.00,0.00,0.00,0.00,0.00,0.00,0.00,0.00,0.00,3284.47,3284.45,3283.56,3284.36,3284.39,0.275,3.21,19.79,54.06,54.06,0.99,0.61,0.38,3281.03,3286.59,658,812,71.4,0.0,5,1,CROSS=EMA9<EMA21;TREND=1;STRUCT=1;VOL=1;COOL=1;EMA50=1;VWAP=1;BIAS=1,0.00,0.00,22136.40,22136.40,outside the killzone window
975,2025.07.01 01:00:00,2025.07.01 03:30:00,DAY_SUMMARY,XAUUSD,M5,350,FLAT,NA,DAY,0,0.00,0.00,0.00,0.00,1.00,0.00,0.00,0.00,0.00,0.00,0.00,0.00,0.00,0.00,0.00,0.00,1.00,101.36,3302.23,3297.94,3292.86,3302.20,3297.81,3.236,1.57,44.70,46.09,46.09,0.77,1.93,-1.16,3284.65,3302.92,189,311,42.9,42.9,9,1,CROSS=EMA9<EMA21;TREND=1;STRUCT=1;VOL=1;COOL=1;EMA50=1;VWAP=1;BIAS=1,0.00,0.00,22136.40,22136.40,2025.06.30 trades=2 W=1 L=1 gross_profit=103.60 gross_loss=2.24 net=101.36 PF=46.25
976,2025.07.01 01:00:00,2025.07.01 03:30:00,MONTH_SUMMARY,XAUUSD,M5,350,FLAT,NA,DAY,0,0.00,0.00,0.00,0.00,1.00,0.00,0.00,0.00,0.00,0.00,0.00,0.00,0.00,0.00,0.00,0.00,-1.33,-164.48,3302.23,3297.94,3292.86,3302.20,3297.81,3.236,1.57,44.70,46.09,46.09,0.77,1.93,-1.16,3284.65,3302.92,189,311,42.9,42.9,9,1,CROSS=EMA9<EMA21;TREND=1;STRUCT=1;VOL=1;COOL=1;EMA50=1;VWAP=1;BIAS=1,0.00,0.00,22136.40,22136.40,days=14 trades=28 W=6 L=22 gross_profit=1185.58 gross_loss=1350.06 net=-164.48 PF=0.88 pips=-2865.0
977,2025.07.01 19:30:00,2025.07.01 22:00:00,SKIP,XAUUSD,M5,350,FLAT,NA,EVENING,0,0.00,0.00,0.00,0.00,1.00,0.00,0.00,0.00,0.00,0.00,0.00,0.00,0.00,0.00,0.00,0.00,0.00,0.00,3344.14,3344.16,3338.05,3344.43,3344.31,2.697,2.27,34.01,36.04,36.04,-2.15,-2.26,0.12,3336.35,3338.35,530,751,28.6,57.1,6,1,CROSS=EMA9<EMA21;TREND=1;STRUCT=1;VOL=1;COOL=1;EMA50=1;VWAP=1;BIAS=1,0.00,0.00,22136.40,22136.40,outside the killzone window
978,2025.07.02 07:35:00,2025.07.02 10:05:00,SKIP,XAUUSD,M5,350,FLAT,NA,DAY,0,0.00,0.00,0.00,0.00,1.00,0.00,0.00,0.00,0.00,0.00,0.00,0.00,0.00,0.00,0.00,0.00,0.00,0.00,3338.11,3338.09,3338.03,3338.01,3338.04,0.043,1.38,37.45,57.44,57.44,1.24,1.44,-0.20,3337.49,3340.04,253,335,71.4,14.3,5,1,CROSS=EMA9<EMA21;TREND=1;STRUCT=1;VOL=1;COOL=1;EMA50=1;VWAP=1;BIAS=1,0.00,0.00,22136.40,22136.40,outside the killzone window
979,2025.07.02 09:30:00,2025.07.02 12:00:00,SKIP,XAUUSD,M5,350,FLAT,NA,DAY,0,0.00,0.00,0.00,0.00,1.00,0.00,0.00,0.00,0.00,0.00,0.00,0.00,0.00,0.00,0.00,0.00,0.00,0.00,3338.36,3338.38,3338.25,3338.49,3338.45,0.061,2.24,27.16,39.26,39.26,-0.92,-0.38,-0.54,3337.78,3335.73,586,415,14.3,85.7,6,1,CROSS=EMA9<EMA21;TREND=1;STRUCT=1;VOL=1;COOL=1;EMA50=1;VWAP=1;BIAS=1,0.00,0.00,22136.40,22136.40,already positioned that way
980,2025.07.02 12:55:00,2025.07.02 15:25:00,SKIP,XAUUSD,M5,350,FLAT,NA,DAY,0,0.00,0.00,0.00,0.00,1.00,0.00,0.00,0.00,0.00,0.00,0.00,0.00,0.00,0.00,0.00,0.00,0.00,0.00,3336.72,3336.64,3337.04,3336.52,3336.54,-0.199,2.01,42.40,63.71,63.71,1.60,1.06,0.54,3336.65,3340.77,334,491,85.7,0.0,6,1,CROSS=EMA9<EMA21;TREND=1;STRUCT=1;VOL=1;COOL=1;EMA50=1;VWAP=1;BIAS=1,0.00,0.00,22136.40,22136.40,outside the killzone window
981,2025.07.03 03:45:00,2025.07.03 06:15:00,SKIP,XAUUSD,M5,350,FLAT,NA,DAY,0,0.00,0.00,0.00,0.00,1.00,0.00,0.00,0.00,0.00,0.00,0.00,0.00,0.00,0.00,0.00,0.00,0.00,0.00,3351.95,3352.05,3349.23,3352.31,3352.24,1.405,2.01,44.81,24.09,24.09,-3.20,-3.13,-0.07,3353.40,3344.80,293,395,0.0,85.7,5,1,CROSS=EMA9<EMA21;TREND=1;STRUCT=1;VOL=1;COOL=1;EMA50=1;VWAP=1;BIAS=1,0.00,0.00,22136.40,22136.40,already positioned that way
982,2025.07.03 08:25:00,2025.07.03 10:55:00,ENTRY,XAUUSD,M5,352,BUY,FULLTGT,DAY,0,3353.90,3351.52,3351.52,2.38,1.00,2.38,3356.28,3358.66,3361.04,3363.43,3365.81,0.46,0.46,0.46,3353.90,0.00,0.00,0.00,3349.66,3349.59,3348.80,3349.45,3349.48,0.662,1.19,41.19,74.72,74.72,1.28,0.78,0.50,3349.80,3353.85,318,233,100.0,0.0,5,1,CROSS=EMA9>EMA21;TREND=1;STRUCT=1;VOL=1;COOL=1;EMA50=1;VWAP=1;BIAS=1,0.00,0.00,22134.79,22132.49,KZ=LONDON; KZR=NY H @ 3358.04 113 bars ago (high taken); DAY 12AM-4PM IST session: stop x1.00 of usual; no partials; full size to TP5; SL steps BE->TP1->TP2->TP3
983,2025.07.03 08:30:42,2025.07.03 11:00:42,EXIT_SL,XAUUSD,M5,352,BUY,FULLTGT,DAY,0,3353.90,3351.52,3351.52,2.38,1.00,2.38,3356.28,3358.66,3361.04,3363.43,3365.81,0.46,0.46,0.00,3351.50,0.00,-1.01,-113.62,3349.81,3349.67,3348.85,3349.66,3349.59,0.692,1.18,44.69,65.81,65.81,1.30,0.88,0.42,3349.83,3352.82,270,240,85.7,14.3,5,1,CROSS=EMA9>EMA21;TREND=1;STRUCT=1;VOL=1;COOL=1;EMA50=1;VWAP=1;BIAS=1,0.00,-0.99,22022.78,22022.78,stopped at the initial SL (x1.00 of usual)
984,2025.07.03 12:55:00,2025.07.03 15:25:00,SKIP,XAUUSD,M5,352,FLAT,NA,DAY,0,0.00,0.00,0.00,0.00,1.00,0.00,0.00,0.00,0.00,0.00,0.00,0.00,0.00,0.00,0.00,0.00,0.00,0.00,3352.99,3353.11,3351.79,3353.30,3353.27,0.648,2.04,58.11,31.70,31.70,-2.39,-1.35,-1.04,3352.36,3346.90,533,433,14.3,85.7,5,1,CROSS=EMA9>EMA21;TREND=1;STRUCT=1;VOL=1;COOL=1;EMA50=1;VWAP=1;BIAS=1,0.00,0.00,22022.78,22022.78,outside the killzone window
985,2025.07.04 01:00:00,2025.07.04 03:30:00,DAY_SUMMARY,XAUUSD,M5,352,FLAT,NA,DAY,0,0.00,0.00,0.00,0.00,1.00,0.00,0.00,0.00,0.00,0.00,0.00,0.00,0.00,0.00,0.00,0.00,-1.01,-113.62,3328.26,3330.34,3334.93,3328.38,3330.45,-5.297,0.87,37.28,36.11,36.11,-0.86,-0.68,-0.17,3341.65,3325.92,104,101,14.3,85.7,9,1,CROSS=EMA9>EMA21;TREND=1;STRUCT=1;VOL=1;COOL=1;EMA50=1;VWAP=1;BIAS=1,0.00,0.00,22022.78,22022.78,2025.07.03 trades=1 W=0 L=1 gross_profit=0.00 gross_loss=113.62 net=-113.62 PF=0.00
986,2025.07.04 05:15:00,2025.07.04 07:45:00,SKIP,XAUUSD,M5,352,FLAT,NA,DAY,0,0.00,0.00,0.00,0.00,1.00,0.00,0.00,0.00,0.00,0.00,0.00,0.00,0.00,0.00,0.00,0.00,0.00,0.00,3329.75,3329.74,3332.27,3329.72,3329.73,-1.284,1.96,20.80,51.26,51.26,0.41,0.59,-0.18,3329.47,3330.37,384,331,71.4,14.3,5,1,CROSS=EMA9>EMA21;TREND=1;STRUCT=1;VOL=1;COOL=1;EMA50=1;VWAP=1;BIAS=1,0.00,0.00,22022.78,22022.78,already positioned that way
987,2025.07.04 06:00:00,2025.07.04 08:30:00,ENTRY,XAUUSD,M5,354,SELL,FULLTGT,DAY,0,3327.40,3330.56,3330.56,3.16,1.00,3.16,3324.24,3321.09,3317.93,3314.77,3311.61,0.34,0.34,0.34,3327.40,0.00,0.00,0.00,3329.66,3329.71,3331.98,3329.78,3329.77,-1.442,1.58,23.72,38.43,38.43,-0.30,0.17,-0.47,3329.50,3327.40,426,348,0.0,85.7,5,1,CROSS=EMA9<EMA21;TREND=1;STRUCT=1;VOL=1;COOL=1;EMA50=1;VWAP=1;BIAS=1,0.00,0.00,22021.59,22019.89,KZ=ASIA; KZR=Asia H @ 3362.26 251 bars ago (high taken); DAY 12AM-4PM IST session: stop x1.00 of usual; no partials; full size to TP5; SL steps BE->TP1->TP2->TP3
988,2025.07.04 06:18:30,2025.07.04 08:48:30,EXIT_SL,XAUUSD,M5,354,SELL,FULLTGT,DAY,0,3327.40,3330.56,3330.56,3.16,1.00,3.16,3324.24,3321.09,3317.93,3314.77,3311.61,0.34,0.34,0.00,3330.58,0.00,-1.01,-110.50,3329.45,3329.60,3331.84,3329.46,3329.60,-1.368,1.64,23.81,49.65,49.65,-0.44,-0.11,-0.33,3329.40,3329.37,314,342,0.0,71.4,5,1,CROSS=EMA9<EMA21;TREND=1;STRUCT=1;VOL=1;COOL=1;EMA50=1;VWAP=1;BIAS=1,0.37,-1.00,21912.28,21912.28,stopped at the initial SL (x1.00 of usual)
989,2025.07.04 06:30:00,2025.07.04 09:00:00,ENTRY,XAUUSD,M5,356,BUY,FULLTGT,DAY,0,3332.93,3329.58,3329.58,3.35,1.00,3.35,3336.28,3339.63,3342.98,3346.32,3349.67,0.32,0.32,0.32,3332.93,0.00,0.00,0.00,3329.78,3329.75,3331.84,3329.62,3329.67,-1.246,1.67,22.35,62.33,62.33,0.20,-0.22,0.42,3329.53,3332.87,496,348,85.7,0.0,6,1,CROSS=EMA9>EMA21;TREND=1;STRUCT=1;VOL=1;COOL=1;EMA50=1;VWAP=1;BIAS=1,0.00,0.00,21911.16,21909.24,KZ=ASIA; KZR=Asia H @ 3362.26 257 bars ago (high taken); DAY 12AM-4PM IST session: stop x1.00 of usual; no partials; full size to TP5; SL steps BE->TP1->TP2->TP3
990,2025.07.04 06:38:17,2025.07.04 09:08:17,SL_MOVE,XAUUSD,M5,356,BUY,FULLTGT,DAY,0,3332.93,3329.58,3332.93,3.35,1.00,3.35,3336.28,3339.63,3342.98,3346.32,3349.67,0.32,0.00,0.32,3332.93,1.00,0.00,0.00,3330.03,3329.88,3331.88,3329.78,3329.75,-1.123,1.78,25.43,67.88,67.88,0.57,-0.16,0.73,3329.62,3334.94,360,354,100.0,0.0,11,1,CROSS=EMA9>EMA21;TREND=1;STRUCT=1;VOL=1;COOL=1;EMA50=1;VWAP=1;BIAS=1,0.99,-0.04,21911.16,22018.36,stop to breakeven
991,2025.07.04 06:38:17,2025.07.04 09:08:17,TP1_REACHED,XAUUSD,M5,356,BUY,FULLTGT,DAY,0,3332.93,3329.58,3332.93,3.35,1.00,3.35,3336.28,3339.63,3342.98,3346.32,3349.67,0.32,0.00,0.32,3336.28,1.00,1.00,0.00,3330.03,3329.88,3331.88,3329.78,3329.75,-1.123,1.78,25.43,67.88,67.88,0.57,-0.16,0.73,3329.62,3334.94,360,354,100.0,0.0,11,1,CROSS=EMA9>EMA21;TREND=1;STRUCT=1;VOL=1;COOL=1;EMA50=1;VWAP=1;BIAS=1,0.99,-0.04,21911.16,22018.36,full target: no partial booked
992,2025.07.04 07:07:19,2025.07.04 09:37:19,SL_MOVE,XAUUSD,M5,356,BUY,FULLTGT,DAY,0,3332.93,3329.58,3336.28,3.35,1.00,3.35,3336.28,3339.63,3342.98,3346.32,3349.67,0.32,0.00,0.32,3336.28,2.00,0.00,0.00,3332.12,3331.02,3332.33,3331.79,3330.83,-0.730,1.78,47.86,75.26,75.26,2.31,1.27,1.05,3330.40,3338.72,264,361,85.7,0.0,5,1,CROSS=EMA9>EMA21;TREND=1;STRUCT=1;VOL=1;COOL=1;EMA50=1;VWAP=1;BIAS=1,1.99,-0.04,21911.16,22126.20,stop trailed to TP1
993,2025.07.04 07:07:19,2025.07.04 09:37:19,TP2_REACHED,XAUUSD,M5,356,BUY,FULLTGT,DAY,0,3332.93,3329.58,3336.28,3.35,1.00,3.35,3336.28,3339.63,3342.98,3346.32,3349.67,0.32,0.00,0.32,3339.63,2.00,2.00,0.00,3332.12,3331.02,3332.33,3331.79,3330.83,-0.730,1.78,47.86,75.26,75.26,2.31,1.27,1.05,3330.40,3338.72,264,361,85.7,0.0,5,1,CROSS=EMA9>EMA21;TREND=1;STRUCT=1;VOL=1;COOL=1;EMA50=1;VWAP=1;BIAS=1,1.99,-0.04,21911.16,22126.20,full target: no partial booked
994,2025.07.04 09:05:29,2025.07.04 11:35:29,SL_MOVE,XAUUSD,M5,356,BUY,FULLTGT,DAY,0,3332.93,3329.58,3339.63,3.35,1.00,3.35,3336.28,3339.63,3342.98,3346.32,3349.67,0.32,0.00,0.32,3339.63,3.00,0.00,0.00,3337.99,3335.33,3334.47,3337.82,3335.18,0.733,1.18,29.42,64.63,64.63,0.87,1.32,-0.45,3333.02,3341.28,557,296,85.7,14.3,8,1,CROSS=EMA9>EMA21;TREND=1;STRUCT=1;VOL=1;COOL=1;EMA50=1;VWAP=1;BIAS=1,3.00,-0.04,21911.16,22232.76,stop trailed to TP2
995,2025.07.04 09:05:29,2025.07.04 11:35:29,TP3_REACHED,XAUUSD,M5,356,BUY,FULLTGT,DAY,0,3332.93,3329.58,3339.63,3.35,1.00,3.35,3336.28,3339.63,3342.98,3346.32,3349.67,0.32,0.00,0.32,3342.98,3.00,3.00,0.00,3337.99,3335.33,3334.47,3337.82,3335.18,0.733,1.18,29.42,64.63,64.63,0.87,1.32,-0.45,3333.02,3341.28,557,296,85.7,14.3,8,1,CROSS=EMA9>EMA21;TREND=1;STRUCT=1;VOL=1;COOL=1;EMA50=1;VWAP=1;BIAS=1,3.00,-0.04,21911.16,22232.76,full target: no partial booked
996,2025.07.04 10:11:28,2025.07.04 12:41:28,EXIT_TRAIL_SL,XAUUSD,M5,356,BUY,FULLTGT,DAY,0,3332.93,3329.58,3339.63,3.35,1.00,3.35,3336.28,3339.63,3342.98,3346.32,3349.67,0.32,0.32,0.00,3339.61,0.00,1.99,211.52,3340.30,3337.41,3335.72,3340.16,3337.27,0.993,1.70,15.99,61.58,61.58,0.98,1.17,-0.19,3334.91,3342.97,440,469,57.1,14.3,11,1,CROSS=EMA9>EMA21;TREND=1;STRUCT=1;VOL=1;COOL=1;EMA50=1;VWAP=1;BIAS=1,3.64,-0.04,22123.80,22123.80,stopped at a trailed level
997,2025.07.04 13:40:00,2025.07.04 16:10:00,ENTRY,XAUUSD,M5,358,SELL,FULLTGT,EVENING,0,3334.57,3338.68,3338.68,4.11,1.00,4.11,3330.46,3326.36,3322.25,3318.14,3314.03,0.26,0.26,0.26,3334.57,0.00,0.00,0.00,3338.06,3338.14,3337.03,3338.24,3338.23,0.541,2.05,30.07,39.39,39.39,-1.66,-1.79,0.13,3336.27,3334.57,289,354,14.3,71.4,5,1,CROSS=EMA9<EMA21;TREND=1;STRUCT=1;VOL=1;COOL=1;EMA50=1;VWAP=1;BIAS=1,0.00,0.00,22122.89,22121.59,KZ=NY; KZR=Asia H @ 3362.26 343 bars ago (high taken); EVENING 4PM-12AM IST session: stop x1.00 of usual; no partials; full size to TP5; SL steps BE->TP1->TP2->TP3
998,2025.07.07 01:00:00,2025.07.07 03:30:00,DAY_SUMMARY,XAUUSD,M5,358,SELL,FULLTGT,DAY,0,3334.57,3338.68,3338.68,4.11,1.00,4.11,3330.46,3326.36,3322.25,3318.14,3314.03,0.26,0.00,0.00,0.00,0.00,0.99,101.02,3334.16,3334.72,3335.33,3334.01,3334.66,-0.582,1.05,41.12,68.42,68.42,0.85,0.30,0.55,3335.68,3337.06,206,203,85.7,14.3,9,1,CROSS=EMA9<EMA21;TREND=1;STRUCT=1;VOL=1;COOL=1;EMA50=1;VWAP=1;BIAS=1,0.90,-0.88,22122.89,22137.85,2025.07.04 trades=2 W=1 L=1 gross_profit=211.52 gross_loss=110.50 net=101.02 PF=1.91
999,2025.07.07 01:00:00,2025.07.07 03:30:00,WEEK_SUMMARY,XAUUSD,M5,358,SELL,FULLTGT,DAY,0,3334.57,3338.68,3338.68,4.11,1.00,4.11,3330.46,3326.36,3322.25,3318.14,3314.03,0.26,0.00,0.00,0.00,0.00,-0.02,-12.60,3334.16,3334.72,3335.33,3334.01,3334.66,-0.582,1.05,41.12,68.42,68.42,0.85,0.30,0.55,3335.68,3337.06,206,203,85.7,14.3,9,1,CROSS=EMA9<EMA21;TREND=1;STRUCT=1;VOL=1;COOL=1;EMA50=1;VWAP=1;BIAS=1,0.90,-0.88,22122.89,22137.85,days=2 trades=3 W=1 L=2 gross_profit=211.52 gross_loss=224.12 net=-12.60 PF=0.94 pips=110.0
1000,2025.07.07 01:02:18,2025.07.07 03:32:18,EXIT_SL,XAUUSD,M5,358,SELL,FULLTGT,DAY,0,3334.57,3338.68,3338.68,4.11,1.00,4.11,3330.46,3326.36,3322.25,3318.14,3314.03,0.26,0.26,0.00,3338.70,0.00,-1.01,-97.62,3334.16,3334.72,3335.33,3334.01,3334.66,-0.582,1.05,41.12,68.42,68.42,0.85,0.30,0.55,3335.68,3337.06,206,203,85.7,14.3,8,1,CROSS=EMA9<EMA21;TREND=1;STRUCT=1;VOL=1;COOL=1;EMA50=1;VWAP=1;BIAS=1,0.90,-1.01,22026.18,22026.18,stopped at the initial SL (x1.00 of usual)
1001,2025.07.07 17:10:00,2025.07.07 19:40:00,SKIP,XAUUSD,M5,358,FLAT,NA,EVENING,0,0.00,0.00,0.00,0.00,1.00,0.00,0.00,0.00,0.00,0.00,0.00,0.00,0.00,0.00,0.00,0.00,0.00,0.00,3308.98,3308.79,3312.02,3308.59,3308.60,-0.939,3.44,20.08,63.16,63.16,2.40,1.67,0.73,3311.92,3316.59,848,812,85.7,0.0,5,1,CROSS=EMA9<EMA21;TREND=1;STRUCT=1;VOL=1;COOL=1;EMA50=1;VWAP=1;BIAS=1,0.00,0.00,22026.18,22026.18,outside the killzone window
1002,2025.07.08 01:00:00,2025.07.08 03:30:00,DAY_SUMMARY,XAUUSD,M5,358,FLAT,NA,DAY,0,0.00,0.00,0.00,0.00,1.00,0.00,0.00,0.00,0.00,0.00,0.00,0.00,0.00,0.00,0.00,0.00,-1.01,-97.62,3334.60,3329.68,3324.23,3334.52,3329.52,4.687,1.16,23.58,50.97,50.97,0.65,1.00,-0.35,3315.99,3336.16,137,246,57.1,14.3,9,1,CROSS=EMA9<EMA21;TREND=1;STRUCT=1;VOL=1;COOL=1;EMA50=1;VWAP=1;BIAS=1,0.00,0.00,22026.18,22026.18,2025.07.07 trades=1 W=0 L=1 gross_profit=0.00 gross_loss=97.62 net=-97.62 PF=0.00
1003,2025.07.08 07:00:00,2025.07.08 09:30:00,SKIP,XAUUSD,M5,358,FLAT,NA,DAY,0,0.00,0.00,0.00,0.00,1.00,0.00,0.00,0.00,0.00,0.00,0.00,0.00,0.00,0.00,0.00,0.00,0.00,0.00,3333.42,3333.43,3330.45,3333.52,3333.48,1.724,1.73,34.48,43.94,43.94,-0.89,-0.86,-0.04,3335.02,3331.54,360,329,0.0,100.0,12,1,CROSS=EMA9<EMA21;TREND=1;STRUCT=1;VOL=1;COOL=1;EMA50=1;VWAP=1;BIAS=1,0.00,0.00,22026.18,22026.18,outside the killzone window
1004,2025.07.08 08:55:00,2025.07.08 11:25:00,ENTRY,XAUUSD,M5,360,BUY,FULLTGT,DAY,0,3336.01,3332.68,3332.68,3.33,1.00,3.33,3339.34,3342.67,3346.00,3349.33,3352.66,0.33,0.33,0.33,3336.01,0.00,0.00,0.00,3333.07,3333.06,3330.94,3332.93,3332.99,1.272,1.66,41.11,63.22,63.22,0.98,0.47,0.51,3334.50,3335.96,413,310,100.0,0.0,5,1,CROSS=EMA9>EMA21;TREND=1;STRUCT=1;VOL=1;COOL=1;EMA50=1;VWAP=1;BIAS=1,0.00,0.00,22025.02,22023.37,KZ=LONDON; KZR=London L @ 3300.69 230 bars ago (low taken); DAY 12AM-4PM IST session: stop x1.00 of usual; no partials; full size to TP5; SL steps BE->TP1->TP2->TP3
1005,2025.07.08 09:10:03,2025.07.08 11:40:03,EXIT_SL,XAUUSD,M5,360,BUY,FULLTGT,DAY,0,3336.01,3332.68,3332.68,3.33,1.00,3.33,3339.34,3342.67,3346.00,3349.33,3352.66,0.33,0.33,0.00,3332.68,0.00,-1.00,-112.21,3333.14,3333.10,3331.04,3333.16,3333.11,1.230,1.67,32.08,48.00,48.00,0.65,0.77,-0.12,3334.49,3332.80,339,340,14.3,71.4,8,1,CROSS=EMA9>EMA21;TREND=1;STRUCT=1;VOL=1;COOL=1;EMA50=1;VWAP=1;BIAS=1,0.00,-0.99,21913.97,21913.97,stopped at the initial SL (x1.00 of usual)
1006,2025.07.08 09:20:00,2025.07.08 11:50:00,ENTRY,XAUUSD,M5,362,SELL,FULLTGT,DAY,0,3331.95,3335.51,3335.51,3.56,1.00,3.56,3328.39,3324.84,3321.28,3317.72,3314.16,0.30,0.30,0.30,3331.95,0.00,0.00,0.00,3333.04,3333.05,3331.07,3333.10,3333.08,1.115,1.78,28.39,44.70,44.70,0.30,0.73,-0.44,3334.43,3331.99,340,349,0.0,85.7,6,1,CROSS=EMA9<EMA21;TREND=1;STRUCT=1;VOL=1;COOL=1;EMA50=1;VWAP=1;BIAS=1,0.00,0.00,21912.92,21911.12,KZ=LONDON; KZR=London L @ 3300.69 235 bars ago (low taken); DAY 12AM-4PM IST session: stop x1.00 of usual; no partials; full size to TP5; SL steps BE->TP1->TP2->TP3
1007,2025.07.08 09:25:00,2025.07.08 11:55:00,SKIP,XAUUSD,M5,362,SELL,FULLTGT,DAY,0,3331.95,3335.51,3335.51,3.56,1.00,3.56,3328.39,3324.84,3321.28,3317.72,3314.16,0.30,0.00,0.00,0.00,0.00,0.00,0.00,3333.11,3333.08,3331.11,3333.04,3333.05,1.088,1.81,25.11,55.06,55.06,0.35,0.69,-0.33,3334.42,3334.37,445,362,71.4,28.6,5,1,CROSS=EMA9>EMA21;TREND=1;STRUCT=1;VOL=1;COOL=1;EMA50=1;VWAP=0;BIAS=1,0.12,-0.85,21912.92,21838.82,quality filter
1008,2025.07.08 09:59:04,2025.07.08 12:29:04,EXIT_SL,XAUUSD,M5,362,SELL,FULLTGT,DAY,0,3331.95,3335.51,3335.51,3.56,1.00,3.56,3328.39,3324.84,3321.28,3317.72,3314.16,0.30,0.30,0.00,3335.51,0.00,-1.00,-108.90,3333.36,3333.22,3331.32,3333.29,3333.19,0.976,1.94,14.56,55.45,55.45,0.36,0.37,-0.01,3334.39,3334.65,297,369,57.1,14.3,6,1,CROSS=EMA9>EMA21;TREND=1;STRUCT=1;VOL=1;COOL=1;EMA50=1;VWAP=0;BIAS=1,0.12,-1.00,21805.07,21805.07,stopped at the initial SL (x1.00 of usual)
1009,2025.07.08 11:15:00,2025.07.08 13:45:00,SKIP,XAUUSD,M5,362,FLAT,NA,DAY,0,0.00,0.00,0.00,0.00,1.00,0.00,0.00,0.00,0.00,0.00,0.00,0.00,0.00,0.00,0.00,0.00,0.00,0.00,3333.27,3333.31,3331.74,3333.54,3333.45,0.649,2.42,26.86,34.53,34.53,-1.00,-0.21,-0.80,3334.25,3327.92,625,441,0.0,100.0,7,1,CROSS=EMA9<EMA21;TREND=1;STRUCT=1;VOL=1;COOL=1;EMA50=1;VWAP=1;BIAS=1,0.00,0.00,21805.07,21805.07,already positioned that way
1010,2025.07.09 01:00:00,2025.07.09 03:30:00,DAY_SUMMARY,XAUUSD,M5,362,FLAT,NA,DAY,0,0.00,0.00,0.00,0.00,1.00,0.00,0.00,0.00,0.00,0.00,0.00,0.00,0.00,0.00,0.00,0.00,-2.00,-221.11,3303.29,3305.62,3311.27,3303.38,3305.73,-4.481,1.26,36.24,42.63,42.63,-0.86,-0.59,-0.27,3318.59,3301.48,158,261,0.0,85.7,9,1,CROSS=EMA9<EMA21;TREND=1;STRUCT=1;VOL=1;COOL=1;EMA50=1;VWAP=1;BIAS=1,0.00,0.00,21805.07,21805.07,2025.07.08 trades=2 W=0 L=2 gross_profit=0.00 gross_loss=221.11 net=-221.11 PF=0.00
1011,2025.07.09 16:15:00,2025.07.09 18:45:00,ENTRY,XAUUSD,M5,364,BUY,FULLTGT,EVENING,0,3298.11,3292.06,3292.06,6.05,1.00,6.05,3304.16,3310.22,3316.27,3322.32,3328.37,0.18,0.18,0.18,3298.11,0.00,0.00,0.00,3291.98,3291.85,3294.47,3291.66,3291.69,-0.864,3.03,39.59,68.59,68.59,1.77,1.05,0.72,3294.13,3298.07,626,574,100.0,0.0,5,1,CROSS=EMA9>EMA21;TREND=1;STRUCT=1;VOL=1;COOL=1;EMA50=1;VWAP=1;BIAS=1,0.00,0.00,21804.44,21803.54,KZ=NY; KZR=Asia L @ 3285.00 58 bars ago (low taken); EVENING 4PM-12AM IST session: stop x1.00 of usual; no partials; full size to TP5; SL steps BE->TP1->TP2->TP3
1012,2025.07.09 16:40:41,2025.07.09 19:10:41,EXIT_SL,XAUUSD,M5,364,BUY,FULLTGT,EVENING,0,3298.11,3292.06,3292.06,6.05,1.00,6.05,3304.16,3310.22,3316.27,3322.32,3328.37,0.18,0.18,0.00,3292.05,0.00,-1.00,-110.34,3292.93,3292.38,3294.58,3292.91,3292.35,-0.741,2.97,38.57,48.99,48.99,1.57,1.69,-0.11,3294.25,3293.36,958,656,28.6,71.4,9,1,CROSS=EMA9>EMA21;TREND=1;STRUCT=1;VOL=1;COOL=1;EMA50=1;VWAP=1;BIAS=1,0.23,-0.99,21694.73,21694.73,stopped at the initial SL (x1.00 of usual)
1013,2025.07.10 01:00:00,2025.07.10 03:30:00,DAY_SUMMARY,XAUUSD,M5,364,FLAT,NA,DAY,0,0.00,0.00,0.00,0.00,1.00,0.00,0.00,0.00,0.00,0.00,0.00,0.00,0.00,0.00,0.00,0.00,-1.00,-110.34,3312.89,3310.15,3306.00,3312.86,3310.06,3.563,1.16,34.58,50.78,50.78,0.01,0.16,-0.14,3299.60,3313.55,105,281,71.4,14.3,9,1,CROSS=EMA9>EMA21;TREND=1;STRUCT=1;VOL=1;COOL=1;EMA50=1;VWAP=1;BIAS=1,0.00,0.00,21694.73,21694.73,2025.07.09 trades=1 W=0 L=1 gross_profit=0.00 gross_loss=110.34 net=-110.34 PF=0.00
1014,2025.07.10 17:00:00,2025.07.10 19:30:00,SKIP,XAUUSD,M5,364,FLAT,NA,EVENING,0,0.00,0.00,0.00,0.00,1.00,0.00,0.00,0.00,0.00,0.00,0.00,0.00,0.00,0.00,0.00,0.00,0.00,0.00,3323.33,3323.58,3321.75,3323.86,3323.85,0.459,3.99,28.55,29.14,29.14,-1.47,-0.03,-1.44,3322.71,3312.89,996,798,0.0,100.0,5,1,CROSS=EMA9>EMA21;TREND=1;STRUCT=1;VOL=1;COOL=1;EMA50=1;VWAP=1;BIAS=1,0.00,0.00,21694.73,21694.73,outside the killzone window
1015,2025.07.10 22:30:00,2025.07.11 01:00:00,SKIP,XAUUSD,M5,364,FLAT,NA,DAY,0,0.00,0.00,0.00,0.00,1.00,0.00,0.00,0.00,0.00,0.00,0.00,0.00,0.00,0.00,0.00,0.00,0.00,0.00,3319.77,3319.74,3319.91,3319.54,3319.63,-0.125,1.28,60.51,67.42,67.42,1.96,1.22,0.74,3321.22,3324.24,425,383,85.7,14.3,11,1,CROSS=EMA9>EMA21;TREND=1;STRUCT=1;VOL=1;COOL=1;EMA50=1;VWAP=1;BIAS=1,0.00,0.00,21694.73,21694.73,outside the killzone window
1016,2025.07.14 01:00:00,2025.07.14 03:30:00,WEEK_SUMMARY,XAUUSD,M5,364,FLAT,NA,DAY,0,0.00,0.00,0.00,0.00,1.00,0.00,0.00,0.00,0.00,0.00,0.00,0.00,0.00,0.00,0.00,0.00,-4.01,-429.07,3356.44,3355.24,3350.88,3356.49,3355.24,3.230,1.35,18.94,45.07,45.07,-0.00,-0.01,0.01,3345.09,3355.50,106,259,42.9,28.6,9,1,CROSS=EMA9>EMA21;TREND=1;STRUCT=1;VOL=1;COOL=1;EMA50=1;VWAP=1;BIAS=1,0.00,0.00,21694.73,21694.73,days=3 trades=4 W=0 L=4 gross_profit=0.00 gross_loss=429.07 net=-429.07 PF=0.00 pips=-1708.0
1017,2025.07.14 05:45:00,2025.07.14 08:15:00,ENTRY,XAUUSD,M5,366,SELL,FULLTGT,DAY,0,3355.44,3360.34,3360.34,4.90,1.00,4.90,3350.54,3345.64,3340.74,3335.85,3330.95,0.22,0.22,0.22,3355.44,0.00,0.00,0.00,3361.50,3361.56,3357.79,3361.81,3361.72,1.539,2.45,38.87,35.59,35.59,-2.71,-2.76,0.05,3364.59,3355.48,551,557,14.3,71.4,12,1,CROSS=EMA9<EMA21;TREND=1;STRUCT=1;VOL=1;COOL=1;EMA50=1;VWAP=1;BIAS=1,0.00,0.00,21693.96,21691.32,KZ=ASIA; KZR=NY H @ 3359.26 720 bars ago (high taken); DAY 12AM-4PM IST session: stop x1.00 of usual; no partials; full size to TP5; SL steps BE->TP1->TP2->TP3
1018,2025.07.14 07:38:26,2025.07.14 10:08:26,EXIT_SL,XAUUSD,M5,366,SELL,FULLTGT,DAY,0,3355.44,3360.34,3360.34,4.90,1.00,4.90,3350.54,3345.64,3340.74,3335.85,3330.95,0.22,0.22,0.00,3360.34,0.00,-1.00,-109.34,3358.23,3359.49,3357.53,3358.24,3359.53,1.100,1.78,14.10,53.40,53.40,-0.80,-1.06,0.26,3362.82,3358.09,309,346,42.9,28.6,10,1,CROSS=EMA9<EMA21;TREND=1;STRUCT=1;VOL=1;COOL=1;EMA50=1;VWAP=1;BIAS=1,0.33,-0.99,21585.39,21585.39,stopped at the initial SL (x1.00 of usual)
1019,2025.07.14 10:00:00,2025.07.14 12:30:00,ENTRY,XAUUSD,M5,368,BUY,FULLTGT,DAY,0,3369.05,3364.56,3364.56,4.49,1.00,4.49,3373.54,3378.04,3382.53,3387.02,3391.51,0.24,0.24,0.24,3369.05,0.00,0.00,0.00,3360.09,3359.87,3358.29,3359.64,3359.64,0.702,2.25,37.28,74.88,74.88,2.14,0.89,1.25,3362.02,3368.94,696,515,100.0,0.0,11,1,CROSS=EMA9>EMA21;TREND=1;STRUCT=1;VOL=1;COOL=1;EMA50=1;VWAP=1;BIAS=1,0.00,0.00,21584.55,21581.91,KZ=LONDON; KZR=NY H @ 3359.26 771 bars ago (high taken); DAY 12AM-4PM IST session: stop x1.00 of usual; no partials; full size to TP5; SL steps BE->TP1->TP2->TP3
1020,2025.07.14 10:28:35,2025.07.14 12:58:35,SL_MOVE,XAUUSD,M5,368,BUY,FULLTGT,DAY,0,3369.05,3364.56,3369.05,4.49,1.00,4.49,3373.54,3378.04,3382.53,3387.02,3391.51,0.24,0.00,0.24,3369.05,1.00,0.00,0.00,3362.26,3361.05,3358.99,3361.87,3360.82,0.753,2.73,49.94,66.72,66.72,3.18,2.29,0.89,3362.45,3369.90,483,547,85.7,0.0,10,1,CROSS=EMA9>EMA21;TREND=1;STRUCT=1;VOL=1;COOL=1;EMA50=1;VWAP=1;BIAS=1,1.00,-0.54,21584.55,21693.27,stop to breakeven
1021,2025.07.14 10:28:35,2025.07.14 12:58:35,TP1_REACHED,XAUUSD,M5,368,BUY,FULLTGT,DAY,0,3369.05,3364.56,3369.05,4.49,1.00,4.49,3373.54,3378.04,3382.53,3387.02,3391.51,0.24,0.00,0.24,3373.54,1.00,1.00,0.00,3362.26,3361.05,3358.99,3361.87,3360.82,0.753,2.73,49.94,66.72,66.72,3.18,2.29,0.89,3362.45,3369.90,483,547,85.7,0.0,10,1,CROSS=EMA9>EMA21;TREND=1;STRUCT=1;VOL=1;COOL=1;EMA50=1;VWAP=1;BIAS=1,1.00,-0.54,21584.55,21693.27,full target: no partial booked
1022,2025.07.14 11:21:36,2025.07.14 13:51:36,EXIT_BE,XAUUSD,M5,368,BUY,FULLTGT,DAY,0,3369.05,3364.56,3369.05,4.49,1.00,4.49,3373.54,3378.04,3382.53,3387.02,3391.51,0.24,0.24,0.00,3369.02,0.00,-0.01,-2.40,3366.30,3363.64,3360.65,3366.05,3363.46,1.026,2.92,23.71,58.96,58.96,2.58,3.14,-0.56,3363.35,3371.11,387,555,57.1,14.3,5,1,CROSS=EMA9>EMA21;TREND=1;STRUCT=1;VOL=1;COOL=1;EMA50=1;VWAP=1;BIAS=1,1.30,-0.54,21582.99,21582.99,stopped at breakeven
1023,2025.07.14 15:40:00,2025.07.14 18:10:00,ENTRY,XAUUSD,M5,370,SELL,FULLTGT,EVENING,0,3351.54,3357.93,3357.93,6.39,1.00,6.39,3345.15,3338.77,3332.38,3326.00,3319.61,0.16,0.16,0.16,3351.54,0.00,0.00,0.00,3366.15,3366.19,3363.94,3366.90,3366.56,0.705,3.19,56.54,19.18,19.18,-3.59,-1.86,-1.73,3364.39,3351.54,970,587,0.0,100.0,6,1,CROSS=EMA9<EMA21;TREND=1;STRUCT=1;VOL=1;COOL=1;EMA50=1;VWAP=1;BIAS=1,0.00,0.00,21582.43,21581.47,KZ=NY; KZR=Asia H @ 3374.06 62 bars ago (high taken); EVENING 4PM-12AM IST session: stop x1.00 of usual; no partials; full size to TP5; SL steps BE->TP1->TP2->TP3
1024,2025.07.14 16:34:39,2025.07.14 19:04:39,EXIT_SL,XAUUSD,M5,370,SELL,FULLTGT,EVENING,0,3351.54,3357.93,3357.93,6.39,1.00,6.39,3345.15,3338.77,3332.38,3326.00,3319.61,0.16,0.16,0.00,3357.95,0.00,-1.00,-103.68,3360.71,3363.10,3362.56,3360.98,3363.29,0.144,3.79,54.99,43.82,43.82,-3.85,-4.62,0.77,3363.28,3355.59,606,776,14.3,71.4,9,1,CROSS=EMA9<EMA21;TREND=1;STRUCT=1;VOL=1;COOL=1;EMA50=1;VWAP=1;BIAS=1,0.67,-1.00,21479.31,21479.31,stopped at the initial SL (x1.00 of usual)
1025,2025.07.15 01:00:00,2025.07.15 03:30:00,DAY_SUMMARY,XAUUSD,M5,370,FLAT,NA,DAY,0,0.00,0.00,0.00,0.00,1.00,0.00,0.00,0.00,0.00,0.00,0.00,0.00,0.00,0.00,0.00,0.00,-2.01,-215.42,3346.40,3348.88,3352.53,3346.56,3349.02,-3.084,1.19,35.99,36.39,36.39,-1.55,-1.43,-0.12,3358.30,3343.26,128,310,0.0,85.7,9,1,CROSS=EMA9<EMA21;TREND=1;STRUCT=1;VOL=1;COOL=1;EMA50=1;VWAP=1;BIAS=1,0.00,0.00,21479.31,21479.31,2025.07.14 trades=3 W=0 L=3 gross_profit=0.00 gross_loss=215.42 net=-215.42 PF=0.00
1026,2025.07.15 05:25:00,2025.07.15 07:55:00,ENTRY,XAUUSD,M5,372,BUY,FULLTGT,DAY,0,3351.21,3347.61,3347.61,3.60,1.00,3.60,3354.81,3358.41,3362.01,3365.62,3369.22,0.29,0.29,0.29,3351.21,0.00,0.00,0.00,3347.59,3347.58,3349.74,3347.41,3347.49,-1.202,1.80,31.34,65.83,65.83,0.82,0.54,0.27,3347.06,3351.09,357,350,100.0,0.0,12,1,CROSS=EMA9>EMA21;TREND=1;STRUCT=1;VOL=1;COOL=1;EMA50=1;VWAP=1;BIAS=1,0.00,0.00,21478.29,21474.81,KZ=ASIA; KZR=Asia H @ 3374.06 227 bars ago (high taken); DAY 12AM-4PM IST session: stop x1.00 of usual; no partials; full size to TP5; SL steps BE->TP1->TP2->TP3
1027,2025.07.15 06:16:04,2025.07.15 08:46:04,SL_MOVE,XAUUSD,M5,372,BUY,FULLTGT,DAY,0,3351.21,3347.61,3351.21,3.60,1.00,3.60,3354.81,3358.41,3362.01,3365.62,3369.22,0.29,0.00,0.29,3351.21,1.00,0.00,0.00,3348.95,3348.32,3349.87,3348.68,3348.17,-0.877,1.77,28.02,71.09,71.09,1.38,0.85,0.52,3347.94,3354.27,419,371,100.0,0.0,5,1,CROSS=EMA9>EMA21;TREND=1;STRUCT=1;VOL=1;COOL=1;EMA50=1;VWAP=1;BIAS=1,0.99,-0.98,21478.29,21583.27,stop to breakeven
1028,2025.07.15 06:16:04,2025.07.15 08:46:04,TP1_REACHED,XAUUSD,M5,372,BUY,FULLTGT,DAY,0,3351.21,3347.61,3351.21,3.60,1.00,3.60,3354.81,3358.41,3362.01,3365.62,3369.22,0.29,0.00,0.29,3354.81,1.00,1.00,0.00,3348.95,3348.32,3349.87,3348.68,3348.17,-0.877,1.77,28.02,71.09,71.09,1.38,0.85,0.52,3347.94,3354.27,419,371,100.0,0.0,5,1,CROSS=EMA9>EMA21;TREND=1;STRUCT=1;VOL=1;COOL=1;EMA50=1;VWAP=1;BIAS=1,0.99,-0.98,21478.29,21583.27,full target: no partial booked
1029,2025.07.15 07:00:38,2025.07.15 09:30:38,SL_MOVE,XAUUSD,M5,372,BUY,FULLTGT,DAY,0,3351.21,3347.61,3354.81,3.60,1.00,3.60,3354.81,3358.41,3362.01,3365.62,3369.22,0.29,0.00,0.29,3354.81,2.00,0.00,0.00,3351.66,3349.93,3350.55,3351.34,3349.73,-0.377,1.65,49.24,74.48,74.48,2.42,1.99,0.43,3349.16,3357.96,286,359,85.7,0.0,5,1,CROSS=EMA9>EMA21;TREND=1;STRUCT=1;VOL=1;COOL=1;EMA50=1;VWAP=1;BIAS=1,2.00,-0.98,21478.29,21687.67,stop trailed to TP1
1030,2025.07.15 07:00:38,2025.07.15 09:30:38,TP2_REACHED,XAUUSD,M5,372,BUY,FULLTGT,DAY,0,3351.21,3347.61,3354.81,3.60,1.00,3.60,3354.81,3358.41,3362.01,3365.62,3369.22,0.29,0.00,0.29,3358.41,2.00,2.00,0.00,3351.66,3349.93,3350.55,3351.34,3349.73,-0.377,1.65,49.24,74.48,74.48,2.42,1.99,0.43,3349.16,3357.96,286,359,85.7,0.0,5,1,CROSS=EMA9>EMA21;TREND=1;STRUCT=1;VOL=1;COOL=1;EMA50=1;VWAP=1;BIAS=1,2.00,-0.98,21478.29,21687.67,full target: no partial booked
1031,2025.07.15 08:08:26,2025.07.15 10:38:26,SL_MOVE,XAUUSD,M5,372,BUY,FULLTGT,DAY,0,3351.21,3347.61,3358.41,3.60,1.00,3.60,3354.81,3358.41,3362.01,3365.62,3369.22,0.29,0.00,0.29,3358.41,3.00,0.00,0.00,3355.70,3352.74,3351.98,3355.41,3352.52,0.618,1.24,51.32,73.11,73.11,2.19,2.47,-0.28,3350.88,3361.34,225,290,71.4,14.3,5,1,CROSS=EMA9>EMA21;TREND=1;STRUCT=1;VOL=1;COOL=1;EMA50=1;VWAP=1;BIAS=1,2.99,-0.98,21478.29,21792.36,stop trailed to TP2
1032,2025.07.15 08:08:26,2025.07.15 10:38:26,TP3_REACHED,XAUUSD,M5,372,BUY,FULLTGT,DAY,0,3351.21,3347.61,3358.41,3.60,1.00,3.60,3354.81,3358.41,3362.01,3365.62,3369.22,0.29,0.00,0.29,3362.01,3.00,3.00,0.00,3355.70,3352.74,3351.98,3355.41,3352.52,0.618,1.24,51.32,73.11,73.11,2.19,2.47,-0.28,3350.88,3361.34,225,290,71.4,14.3,5,1,CROSS=EMA9>EMA21;TREND=1;STRUCT=1;VOL=1;COOL=1;EMA50=1;VWAP=1;BIAS=1,2.99,-0.98,21478.29,21792.36,full target: no partial booked
1033,2025.07.15 09:56:26,2025.07.15 12:26:26,EXIT_TRAIL_SL,XAUUSD,M5,372,BUY,FULLTGT,DAY,0,3351.21,3347.61,3358.41,3.60,1.00,3.60,3354.81,3358.41,3362.01,3365.62,3369.22,0.29,0.29,0.00,3358.41,0.00,2.00,206.76,3359.81,3356.68,3354.42,3359.83,3356.61,1.043,2.17,25.78,44.80,44.80,0.23,0.64,-0.42,3353.89,3359.41,292,399,28.6,57.1,6,1,CROSS=EMA9>EMA21;TREND=1;STRUCT=1;VOL=1;COOL=1;EMA50=1;VWAP=1;BIAS=1,3.89,-0.98,21686.07,21686.07,stopped at a trailed level
1034,2025.07.15 15:10:00,2025.07.15 17:40:00,ENTRY,XAUUSD,M5,374,SELL,FULLTGT,EVENING,0,3352.77,3356.50,3356.50,3.73,1.00,3.73,3349.04,3345.32,3341.59,3337.86,3334.13,0.29,0.29,0.29,3352.77,0.00,0.00,0.00,3359.71,3359.76,3357.98,3360.06,3359.94,0.959,1.86,55.33,20.31,20.31,-2.18,-1.51,-0.67,3357.12,3352.77,497,401,0.0,100.0,5,1,CROSS=EMA9<EMA21;TREND=1;STRUCT=1;VOL=1;COOL=1;EMA50=1;VWAP=1;BIAS=1,0.00,0.00,21685.05,21683.60,KZ=NY; KZR=Asia H @ 3374.06 344 bars ago (high taken); EVENING 4PM-12AM IST session: stop x1.00 of usual; no partials; full size to TP5; SL steps BE->TP1->TP2->TP3
1035,2025.07.15 15:30:27,2025.07.15 18:00:27,EXIT_SL,XAUUSD,M5,374,SELL,FULLTGT,EVENING,0,3352.77,3356.50,3356.50,3.73,1.00,3.73,3349.04,3345.32,3341.59,3337.86,3334.13,0.29,0.29,0.00,3356.50,0.00,-1.00,-110.21,3358.55,3359.15,3357.75,3358.77,3359.27,0.596,2.35,60.18,38.43,38.43,-2.28,-2.07,-0.21,3356.92,3354.24,534,478,0.0,100.0,14,1,CROSS=EMA9<EMA21;TREND=1;STRUCT=1;VOL=1;COOL=1;EMA50=1;VWAP=1;BIAS=1,0.94,-0.98,21575.86,21575.86,stopped at the initial SL (x1.00 of usual)
1036,2025.07.16 01:00:00,2025.07.16 03:30:00,DAY_SUMMARY,XAUUSD,M5,374,FLAT,NA,DAY,0,0.00,0.00,0.00,0.00,1.00,0.00,0.00,0.00,0.00,0.00,0.00,0.00,0.00,0.00,0.00,0.00,1.00,96.55,3328.80,3332.57,3339.22,3329.02,3332.77,-5.247,1.27,46.87,32.25,32.25,-0.87,-0.22,-0.65,3346.96,3324.65,170,232,0.0,85.7,9,1,CROSS=EMA9<EMA21;TREND=1;STRUCT=1;VOL=1;COOL=1;EMA50=1;VWAP=1;BIAS=1,0.00,0.00,21575.86,21575.86,2025.07.15 trades=2 W=1 L=1 gross_profit=206.76 gross_loss=110.21 net=96.55 PF=1.88
1037,2025.07.16 07:00:00,2025.07.16 09:30:00,SKIP,XAUUSD,M5,374,FLAT,NA,DAY,0,0.00,0.00,0.00,0.00,1.00,0.00,0.00,0.00,0.00,0.00,0.00,0.00,0.00,0.00,0.00,0.00,0.00,0.00,3330.84,3330.80,3333.85,3330.66,3330.71,-1.844,1.65,50.82,63.71,63.71,1.21,0.45,0.76,3330.38,3334.40,308,373,85.7,0.0,5,1,CROSS=EMA9<EMA21;TREND=1;STRUCT=1;VOL=1;COOL=1;EMA50=1;VWAP=1;BIAS=1,0.00,0.00,21575.86,21575.86,outside the killzone window
1038,2025.07.16 15:40:00,2025.07.16 18:10:00,SKIP,XAUUSD,M5,374,FLAT,NA,EVENING,0,0.00,0.00,0.00,0.00,1.00,0.00,0.00,0.00,0.00,0.00,0.00,0.00,0.00,0.00,0.00,0.00,0.00,0.00,3337.52,3337.54,3337.09,3337.66,3337.61,0.167,2.68,19.29,43.54,43.54,-0.57,-0.23,-0.33,3335.51,3334.84,961,539,0.0,85.7,29,1,CROSS=EMA9<EMA21;TREND=1;STRUCT=1;VOL=1;COOL=1;EMA50=1;VWAP=1;BIAS=1,0.00,0.00,21575.86,21575.86,already positioned that way
1039,2025.07.16 18:25:00,2025.07.16 20:55:00,SKIP,XAUUSD,M5,374,FLAT,NA,EVENING,0,0.00,0.00,0.00,0.00,1.00,0.00,0.00,0.00,0.00,0.00,0.00,0.00,0.00,0.00,0.00,0.00,0.00,0.00,3336.98,3336.26,3336.25,3335.40,3335.46,0.001,7.79,43.14,76.68,76.68,7.18,1.25,5.93,3335.48,3367.77,1669,1141,85.7,14.3,6,1,CROSS=EMA9<EMA21;TREND=1;STRUCT=1;VOL=1;COOL=1;EMA50=1;VWAP=1;BIAS=1,0.00,0.00,21575.86,21575.86,outside the killzone window
1040,2025.07.17 03:30:00,2025.07.17 06:00:00,SKIP,XAUUSD,M5,374,FLAT,NA,DAY,0,0.00,0.00,0.00,0.00,1.00,0.00,0.00,0.00,0.00,0.00,0.00,0.00,0.00,0.00,0.00,0.00,0.00,0.00,3347.59,3347.67,3345.62,3347.76,3347.76,1.587,1.30,47.09,32.27,32.27,-1.24,-0.97,-0.27,3347.58,3344.26,332,225,0.0,100.0,5,1,CROSS=EMA9<EMA21;TREND=1;STRUCT=1;VOL=1;COOL=1;EMA50=1;VWAP=1;BIAS=1,0.00,0.00,21575.86,21575.86,already positioned that way
1041,2025.07.17 18:30:00,2025.07.17 21:00:00,SKIP,XAUUSD,M5,374,FLAT,NA,EVENING,0,0.00,0.00,0.00,0.00,1.00,0.00,0.00,0.00,0.00,0.00,0.00,0.00,0.00,0.00,0.00,0.00,0.00,0.00,3327.39,3327.23,3330.40,3326.89,3326.98,-1.184,2.68,49.49,72.34,72.34,3.77,3.66,0.11,3330.67,3337.10,755,832,85.7,0.0,10,1,CROSS=EMA9<EMA21;TREND=1;STRUCT=1;VOL=1;COOL=1;EMA50=1;VWAP=1;BIAS=1,0.00,0.00,21575.86,21575.86,outside the killzone window
1042,2025.07.18 06:35:00,2025.07.18 09:05:00,SKIP,XAUUSD,M5,374,FLAT,NA,DAY,0,0.00,0.00,0.00,0.00,1.00,0.00,0.00,0.00,0.00,0.00,0.00,0.00,0.00,0.00,0.00,0.00,0.00,0.00,3338.62,3338.66,3337.53,3338.83,3338.76,0.722,1.56,48.97,29.69,29.69,-1.12,-0.51,-0.61,3339.65,3334.51,324,384,0.0,85.7,9,1,CROSS=EMA9<EMA21;TREND=1;STRUCT=1;VOL=1;COOL=1;EMA50=1;VWAP=1;BIAS=1,0.00,0.00,21575.86,21575.86,already positioned that way
1043,2025.07.18 10:05:00,2025.07.18 12:35:00,ENTRY,XAUUSD,M5,376,BUY,FULLTGT,DAY,0,3342.57,3338.60,3338.60,3.97,1.00,3.97,3346.54,3350.51,3354.48,3358.45,3362.42,0.27,0.27,0.27,3342.57,0.00,0.00,0.00,3337.89,3337.81,3337.37,3337.65,3337.69,0.219,1.98,32.25,67.92,67.92,1.32,0.55,0.77,3338.55,3342.50,526,489,100.0,0.0,7,1,CROSS=EMA9>EMA21;TREND=1;STRUCT=1;VOL=1;COOL=1;EMA50=1;VWAP=1;BIAS=1,0.00,0.00,21574.91,21573.02,KZ=LONDON; KZR=NY L @ 3312.03 219 bars ago (low taken); DAY 12AM-4PM IST session: stop x1.00 of usual; no partials; full size to TP5; SL steps BE->TP1->TP2->TP3
1044,2025.07.18 10:25:05,2025.07.18 12:55:05,SL_MOVE,XAUUSD,M5,376,BUY,FULLTGT,DAY,0,3342.57,3338.60,3342.57,3.97,1.00,3.97,3346.54,3350.51,3354.48,3358.45,3362.42,0.27,0.00,0.27,3342.57,1.00,0.00,0.00,3339.13,3338.47,3337.73,3338.77,3338.27,0.412,1.78,47.42,76.05,76.05,2.17,1.33,0.84,3338.84,3346.11,382,506,85.7,0.0,5,1,CROSS=EMA9>EMA21;TREND=1;STRUCT=1;VOL=1;COOL=1;EMA50=1;VWAP=1;BIAS=1,0.99,-0.02,21574.91,21682.37,stop to breakeven
1045,2025.07.18 10:25:05,2025.07.18 12:55:05,TP1_REACHED,XAUUSD,M5,376,BUY,FULLTGT,DAY,0,3342.57,3338.60,3342.57,3.97,1.00,3.97,3346.54,3350.51,3354.48,3358.45,3362.42,0.27,0.00,0.27,3346.54,1.00,1.00,0.00,3339.13,3338.47,3337.73,3338.77,3338.27,0.412,1.78,47.42,76.05,76.05,2.17,1.33,0.84,3338.84,3346.11,382,506,85.7,0.0,5,1,CROSS=EMA9>EMA21;TREND=1;STRUCT=1;VOL=1;COOL=1;EMA50=1;VWAP=1;BIAS=1,0.99,-0.02,21574.91,21682.37,full target: no partial booked
1046,2025.07.18 12:06:35,2025.07.18 14:36:35,SL_MOVE,XAUUSD,M5,376,BUY,FULLTGT,DAY,0,3342.57,3338.60,3346.54,3.97,1.00,3.97,3346.54,3350.51,3354.48,3358.45,3362.42,0.27,0.00,0.27,3346.54,2.00,0.00,0.00,3344.91,3342.31,3340.05,3344.69,3342.13,1.446,1.56,23.29,62.94,62.94,1.68,2.03,-0.34,3340.49,3349.22,353,407,57.1,14.3,7,1,CROSS=EMA9>EMA21;TREND=1;STRUCT=1;VOL=1;COOL=1;EMA50=1;VWAP=1;BIAS=1,1.99,-0.02,21574.91,21789.29,stop trailed to TP1
1047,2025.07.18 12:06:35,2025.07.18 14:36:35,TP2_REACHED,XAUUSD,M5,376,BUY,FULLTGT,DAY,0,3342.57,3338.60,3346.54,3.97,1.00,3.97,3346.54,3350.51,3354.48,3358.45,3362.42,0.27,0.00,0.27,3350.51,2.00,2.00,0.00,3344.91,3342.31,3340.05,3344.69,3342.13,1.446,1.56,23.29,62.94,62.94,1.68,2.03,-0.34,3340.49,3349.22,353,407,57.1,14.3,7,1,CROSS=EMA9>EMA21;TREND=1;STRUCT=1;VOL=1;COOL=1;EMA50=1;VWAP=1;BIAS=1,1.99,-0.02,21574.91,21789.29,full target: no partial booked
1048,2025.07.18 12:09:05,2025.07.18 14:39:05,SL_MOVE,XAUUSD,M5,376,BUY,FULLTGT,DAY,0,3342.57,3338.60,3350.51,3.97,1.00,3.97,3346.54,3350.51,3354.48,3358.45,3362.42,0.27,0.00,0.27,3350.51,3.00,0.00,0.00,3344.91,3342.31,3340.05,3344.69,3342.13,1.446,1.56,23.29,62.94,62.94,1.68,2.03,-0.34,3340.49,3349.22,353,407,57.1,14.3,11,1,CROSS=EMA9>EMA21;TREND=1;STRUCT=1;VOL=1;COOL=1;EMA50=1;VWAP=1;BIAS=1,2.99,-0.02,21574.91,21896.75,stop trailed to TP2
1049,2025.07.18 12:09:05,2025.07.18 14:39:05,TP3_REACHED,XAUUSD,M5,376,BUY,FULLTGT,DAY,0,3342.57,3338.60,3350.51,3.97,1.00,3.97,3346.54,3350.51,3354.48,3358.45,3362.42,0.27,0.00,0.27,3354.48,3.00,3.00,0.00,3344.91,3342.31,3340.05,3344.69,3342.13,1.446,1.56,23.29,62.94,62.94,1.68,2.03,-0.34,3340.49,3349.22,353,407,57.1,14.3,11,1,CROSS=EMA9>EMA21;TREND=1;STRUCT=1;VOL=1;COOL=1;EMA50=1;VWAP=1;BIAS=1,2.99,-0.02,21574.91,21896.75,full target: no partial booked
1050,2025.07.18 12:17:15,2025.07.18 14:47:15,EXIT_TRAIL_SL,XAUUSD,M5,376,BUY,FULLTGT,DAY,0,3342.57,3338.60,3350.51,3.97,1.00,3.97,3346.54,3350.51,3354.48,3358.45,3362.42,0.27,0.27,0.00,3350.50,0.00,2.00,212.21,3345.59,3342.78,3340.35,3345.26,3342.55,1.307,1.87,25.47,70.77,70.77,1.99,1.94,0.05,3340.74,3352.14,409,406,100.0,0.0,9,1,CROSS=EMA9>EMA21;TREND=1;STRUCT=1;VOL=1;COOL=1;EMA50=1;VWAP=1;BIAS=1,3.04,-0.02,21788.07,21788.07,stopped at a trailed level
1051,2025.07.18 21:20:00,2025.07.18 23:50:00,SKIP,XAUUSD,M5,376,FLAT,NA,EVENING,0,0.00,0.00,0.00,0.00,1.00,0.00,0.00,0.00,0.00,0.00,0.00,0.00,0.00,0.00,0.00,0.00,0.00,0.00,3352.97,3352.99,3350.54,3353.06,3353.04,1.997,1.23,26.41,42.91,42.91,-0.72,-0.70,-0.02,3348.50,3351.21,398,405,14.3,71.4,5,1,CROSS=EMA9>EMA21;TREND=1;STRUCT=1;VOL=1;COOL=1;EMA50=1;VWAP=1;BIAS=1,0.00,0.00,21788.07,21788.07,outside the killzone window
1052,2025.07.21 01:00:00,2025.07.21 03:30:00,DAY_SUMMARY,XAUUSD,M5,376,FLAT,NA,DAY,0,0.00,0.00,0.00,0.00,1.00,0.00,0.00,0.00,0.00,0.00,0.00,0.00,0.00,0.00,0.00,0.00,2.00,212.21,3350.75,3351.52,3350.49,3350.79,3351.55,0.969,1.06,17.93,48.38,48.38,-0.19,-0.48,0.29,3348.64,3350.12,92,236,28.6,42.9,9,1,CROSS=EMA9>EMA21;TREND=1;STRUCT=1;VOL=1;COOL=1;EMA50=1;VWAP=1;BIAS=1,0.00,0.00,21788.07,21788.07,2025.07.18 trades=1 W=1 L=0 gross_profit=212.21 gross_loss=0.00 net=212.21 PF=0.00
1053,2025.07.21 01:00:00,2025.07.21 03:30:00,WEEK_SUMMARY,XAUUSD,M5,376,FLAT,NA,DAY,0,0.00,0.00,0.00,0.00,1.00,0.00,0.00,0.00,0.00,0.00,0.00,0.00,0.00,0.00,0.00,0.00,0.99,93.34,3350.75,3351.52,3350.49,3350.79,3351.55,0.969,1.06,17.93,48.38,48.38,-0.19,-0.48,0.29,3348.64,3350.12,92,236,28.6,42.9,9,1,CROSS=EMA9>EMA21;TREND=1;STRUCT=1;VOL=1;COOL=1;EMA50=1;VWAP=1;BIAS=1,0.00,0.00,21788.07,21788.07,days=3 trades=6 W=2 L=4 gross_profit=418.97 gross_loss=325.63 net=93.34 PF=1.29 pips=6.0
1054,2025.07.21 04:10:00,2025.07.21 06:40:00,SKIP,XAUUSD,M5,376,FLAT,NA,DAY,0,0.00,0.00,0.00,0.00,1.00,0.00,0.00,0.00,0.00,0.00,0.00,0.00,0.00,0.00,0.00,0.00,0.00,0.00,3350.56,3350.48,3350.11,3350.21,3350.30,0.223,1.67,60.95,77.03,77.03,1.78,1.29,0.49,3349.71,3357.40,430,272,100.0,0.0,12,1,CROSS=EMA9>EMA21;TREND=1;STRUCT=1;VOL=1;COOL=1;EMA50=1;VWAP=1;BIAS=1,0.00,0.00,21788.07,21788.07,already positioned that way
1055,2025.07.22 04:35:00,2025.07.22 07:05:00,ENTRY,XAUUSD,M5,378,SELL,FULLTGT,DAY,0,3391.33,3396.13,3396.13,4.80,1.00,4.80,3386.53,3381.74,3376.94,3372.14,3367.34,0.22,0.22,0.22,3391.33,0.00,0.00,0.00,3395.03,3395.05,3390.51,3395.21,3395.14,1.893,2.40,18.31,35.43,35.43,-1.39,-1.15,-0.25,3395.08,3391.33,443,405,0.0,85.7,5,1,CROSS=EMA9<EMA21;TREND=1;STRUCT=1;VOL=1;COOL=1;EMA50=1;VWAP=1;BIAS=1,0.00,0.00,21787.30,21786.20,KZ=ASIA; KZR=NY H @ 3395.24 135 bars ago (high taken); DAY 12AM-4PM IST session: stop x1.00 of usual; no partials; full size to TP5; SL steps BE->TP1->TP2->TP3
1056,2025.07.22 04:56:18,2025.07.22 07:26:18,SL_MOVE,XAUUSD,M5,378,SELL,FULLTGT,DAY,0,3391.33,3396.13,3391.33,4.80,1.00,4.80,3386.53,3381.74,3376.94,3372.14,3367.34,0.22,0.00,0.22,3391.33,1.00,0.00,0.00,3393.83,3394.42,3390.41,3394.17,3394.60,1.695,2.37,31.10,25.47,25.47,-2.05,-1.50,-0.55,3394.23,3387.28,469,434,0.0,100.0,5,1,CROSS=EMA9<EMA21;TREND=1;STRUCT=1;VOL=1;COOL=1;EMA50=1;VWAP=1;BIAS=1,0.99,-0.03,21787.30,21892.90,stop to breakeven
1057,2025.07.22 04:56:18,2025.07.22 07:26:18,TP1_REACHED,XAUUSD,M5,378,SELL,FULLTGT,DAY,0,3391.33,3396.13,3391.33,4.80,1.00,4.80,3386.53,3381.74,3376.94,3372.14,3367.34,0.22,0.00,0.22,3386.53,1.00,1.00,0.00,3393.83,3394.42,3390.41,3394.17,3394.60,1.695,2.37,31.10,25.47,25.47,-2.05,-1.50,-0.55,3394.23,3387.28,469,434,0.0,100.0,5,1,CROSS=EMA9<EMA21;TREND=1;STRUCT=1;VOL=1;COOL=1;EMA50=1;VWAP=1;BIAS=1,0.99,-0.03,21787.30,21892.90,full target: no partial booked
1058,2025.07.22 05:26:04,2025.07.22 07:56:04,EXIT_BE,XAUUSD,M5,378,SELL,FULLTGT,DAY,0,3391.33,3396.13,3391.33,4.80,1.00,4.80,3386.53,3381.74,3376.94,3372.14,3367.34,0.22,0.22,0.00,3391.39,0.00,-0.01,-2.86,3392.40,3393.56,3390.25,3392.47,3393.63,1.549,2.14,30.28,49.35,49.35,-1.72,-2.06,0.34,3393.25,3391.04,414,462,14.3,71.4,5,1,CROSS=EMA9<EMA21;TREND=1;STRUCT=1;VOL=1;COOL=1;EMA50=1;VWAP=1;BIAS=1,1.29,-0.03,21785.21,21785.21,stopped at breakeven
1059,2025.07.22 15:05:00,2025.07.22 17:35:00,ENTRY,XAUUSD,M5,380,BUY,FULLTGT,EVENING,0,3392.36,3389.77,3389.77,2.59,1.00,2.59,3394.95,3397.53,3400.12,3402.70,3405.29,0.42,0.42,0.42,3392.36,0.00,0.00,0.00,3388.25,3388.24,3388.48,3388.04,3388.14,-0.187,1.29,33.35,76.68,76.68,0.96,0.43,0.53,3389.44,3392.31,565,369,100.0,0.0,5,1,CROSS=EMA9>EMA21;TREND=1;STRUCT=1;VOL=1;COOL=1;EMA50=1;VWAP=1;BIAS=1,0.00,0.00,21783.74,21781.64,KZ=NY; KZR=London H @ 3390.12 35 bars ago (high taken); EVENING 4PM-12AM IST session: stop x1.00 of usual; no partials; full size to TP5; SL steps BE->TP1->TP2->TP3
1060,2025.07.22 15:16:31,2025.07.22 17:46:31,SL_MOVE,XAUUSD,M5,380,BUY,FULLTGT,EVENING,0,3392.36,3389.77,3392.36,2.59,1.00,2.59,3394.95,3397.53,3400.12,3402.70,3405.29,0.42,0.00,0.42,3392.36,1.00,0.00,0.00,3388.81,3388.52,3388.62,3388.52,3388.38,-0.064,1.46,43.25,82.15,82.15,1.47,0.70,0.77,3389.52,3394.40,428,392,100.0,0.0,6,1,CROSS=EMA9>EMA21;TREND=1;STRUCT=1;VOL=1;COOL=1;EMA50=1;VWAP=1;BIAS=1,0.99,-0.12,21783.74,21892.94,stop to breakeven
1061,2025.07.22 15:16:31,2025.07.22 17:46:31,TP1_REACHED,XAUUSD,M5,380,BUY,FULLTGT,EVENING,0,3392.36,3389.77,3392.36,2.59,1.00,2.59,3394.95,3397.53,3400.12,3402.70,3405.29,0.42,0.00,0.42,3394.95,1.00,1.00,0.00,3388.81,3388.52,3388.62,3388.52,3388.38,-0.064,1.46,43.25,82.15,82.15,1.47,0.70,0.77,3389.52,3394.40,428,392,100.0,0.0,6,1,CROSS=EMA9>EMA21;TREND=1;STRUCT=1;VOL=1;COOL=1;EMA50=1;VWAP=1;BIAS=1,0.99,-0.12,21783.74,21892.94,full target: no partial booked
1062,2025.07.22 15:21:19,2025.07.22 17:51:19,SL_MOVE,XAUUSD,M5,380,BUY,FULLTGT,EVENING,0,3392.36,3389.77,3394.95,2.59,1.00,2.59,3394.95,3397.53,3400.12,3402.70,3405.29,0.42,0.00,0.42,3394.95,2.00,0.00,0.00,3389.12,3388.69,3388.70,3388.81,3388.52,-0.007,1.51,47.95,83.84,83.84,1.71,0.87,0.84,3389.57,3395.22,591,410,100.0,0.0,10,1,CROSS=EMA9>EMA21;TREND=1;STRUCT=1;VOL=1;COOL=1;EMA50=1;VWAP=1;BIAS=1,2.00,-0.12,21783.74,22001.72,stop trailed to TP1
1063,2025.07.22 15:21:19,2025.07.22 17:51:19,TP2_REACHED,XAUUSD,M5,380,BUY,FULLTGT,EVENING,0,3392.36,3389.77,3394.95,2.59,1.00,2.59,3394.95,3397.53,3400.12,3402.70,3405.29,0.42,0.00,0.42,3397.53,2.00,2.00,0.00,3389.12,3388.69,3388.70,3388.81,3388.52,-0.007,1.51,47.95,83.84,83.84,1.71,0.87,0.84,3389.57,3395.22,591,410,100.0,0.0,10,1,CROSS=EMA9>EMA21;TREND=1;STRUCT=1;VOL=1;COOL=1;EMA50=1;VWAP=1;BIAS=1,2.00,-0.12,21783.74,22001.72,full target: no partial booked
1064,2025.07.22 15:25:29,2025.07.22 17:55:29,SL_MOVE,XAUUSD,M5,380,BUY,FULLTGT,EVENING,0,3392.36,3389.77,3397.53,2.59,1.00,2.59,3394.95,3397.53,3400.12,3402.70,3405.29,0.42,0.00,0.42,3397.53,3.00,0.00,0.00,3389.65,3388.97,3388.84,3389.12,3388.69,0.073,1.78,52.77,89.89,89.89,2.26,1.09,1.17,3389.71,3400.04,966,441,100.0,0.0,10,1,CROSS=EMA9>EMA21;TREND=1;STRUCT=1;VOL=1;COOL=1;EMA50=1;VWAP=1;BIAS=1,3.00,-0.12,21783.74,22110.08,stop trailed to TP2
1065,2025.07.22 15:25:29,2025.07.22 17:55:29,TP3_REACHED,XAUUSD,M5,380,BUY,FULLTGT,EVENING,0,3392.36,3389.77,3397.53,2.59,1.00,2.59,3394.95,3397.53,3400.12,3402.70,3405.29,0.42,0.00,0.42,3400.12,3.00,3.00,0.00,3389.65,3388.97,3388.84,3389.12,3388.69,0.073,1.78,52.77,89.89,89.89,2.26,1.09,1.17,3389.71,3400.04,966,441,100.0,0.0,10,1,CROSS=EMA9>EMA21;TREND=1;STRUCT=1;VOL=1;COOL=1;EMA50=1;VWAP=1;BIAS=1,3.00,-0.12,21783.74,22110.08,full target: no partial booked
1066,2025.07.22 15:42:13,2025.07.22 18:12:13,SL_MOVE,XAUUSD,M5,380,BUY,FULLTGT,EVENING,0,3392.36,3389.77,3400.12,2.59,1.00,2.59,3394.95,3397.53,3400.12,3402.70,3405.29,0.42,0.00,0.42,3400.12,4.00,0.00,0.00,3391.09,3389.77,3389.25,3390.62,3389.50,0.232,2.22,64.34,82.74,82.74,3.13,1.90,1.23,3390.06,3400.35,636,508,100.0,0.0,5,1,CROSS=EMA9>EMA21;TREND=1;STRUCT=1;VOL=1;COOL=1;EMA50=1;VWAP=1;BIAS=1,3.99,-0.12,21783.74,22218.44,stop trailed to TP3
1067,2025.07.22 15:42:13,2025.07.22 18:12:13,TP4_REACHED,XAUUSD,M5,380,BUY,FULLTGT,EVENING,0,3392.36,3389.77,3400.12,2.59,1.00,2.59,3394.95,3397.53,3400.12,3402.70,3405.29,0.42,0.00,0.42,3402.70,4.00,4.00,0.00,3391.09,3389.77,3389.25,3390.62,3389.50,0.232,2.22,64.34,82.74,82.74,3.13,1.90,1.23,3390.06,3400.35,636,508,100.0,0.0,5,1,CROSS=EMA9>EMA21;TREND=1;STRUCT=1;VOL=1;COOL=1;EMA50=1;VWAP=1;BIAS=1,3.99,-0.12,21783.74,22218.44,full target: no partial booked
1068,2025.07.22 15:43:24,2025.07.22 18:13:24,TP5_EXIT,XAUUSD,M5,380,BUY,FULLTGT,EVENING,0,3392.36,3389.77,3400.12,2.59,1.00,2.59,3394.95,3397.53,3400.12,3402.70,3405.29,0.42,0.42,0.00,3405.30,5.00,5.00,0.00,3391.09,3389.77,3389.25,3390.62,3389.50,0.232,2.22,64.34,82.74,82.74,3.13,1.90,1.23,3390.06,3400.35,636,508,100.0,0.0,10,1,CROSS=EMA9>EMA21;TREND=1;STRUCT=1;VOL=1;COOL=1;EMA50=1;VWAP=1;BIAS=1,5.00,-0.12,22325.75,22325.75,full target reached; closed in full
1069,2025.07.22 15:43:24,2025.07.22 18:13:24,EXIT_TP,XAUUSD,M5,380,BUY,FULLTGT,EVENING,0,3392.36,3389.77,3400.12,2.59,1.00,2.59,3394.95,3397.53,3400.12,3402.70,3405.29,0.42,0.42,0.00,3405.30,0.00,5.00,540.54,3391.09,3389.77,3389.25,3390.62,3389.50,0.232,2.22,64.34,82.74,82.74,3.13,1.90,1.23,3390.06,3400.35,636,508,100.0,0.0,10,1,CROSS=EMA9>EMA21;TREND=1;STRUCT=1;VOL=1;COOL=1;EMA50=1;VWAP=1;BIAS=1,5.00,-0.12,22325.75,22325.75,TP5 exit
1070,2025.07.23 01:00:00,2025.07.23 03:30:00,DAY_SUMMARY,XAUUSD,M5,380,FLAT,NA,DAY,0,0.00,0.00,0.00,0.00,1.00,0.00,0.00,0.00,0.00,0.00,0.00,0.00,0.00,0.00,0.00,0.00,4.99,537.68,3429.77,3425.57,3416.49,3429.68,3425.42,6.451,1.41,23.11,56.28,56.28,-0.05,0.17,-0.22,3407.55,3431.52,266,394,57.1,14.3,9,1,CROSS=EMA9>EMA21;TREND=1;STRUCT=1;VOL=1;COOL=1;EMA50=1;VWAP=1;BIAS=1,0.00,0.00,22325.75,22325.75,2025.07.22 trades=2 W=1 L=1 gross_profit=540.54 gross_loss=2.86 net=537.68 PF=189.00
1071,2025.07.23 05:10:00,2025.07.23 07:40:00,ENTRY,XAUUSD,M5,382,SELL,FULLTGT,DAY,0,3422.57,3429.22,3429.22,6.65,1.00,6.65,3415.92,3409.27,3402.62,3395.96,3389.31,0.16,0.16,0.16,3422.57,0.00,0.00,0.00,3426.87,3426.91,3421.77,3427.09,3427.02,1.546,3.33,26.55,40.71,40.71,-1.98,-1.83,-0.15,3427.90,3422.57,365,620,0.0,85.7,5,1,CROSS=EMA9<EMA21;TREND=1;STRUCT=1;VOL=1;COOL=1;EMA50=1;VWAP=1;BIAS=1,0.00,0.00,22325.19,22324.39,KZ=ASIA; KZR=NY H @ 3420.22 141 bars ago (high taken); DAY 12AM-4PM IST session: stop x1.00 of usual; no partials; full size to TP5; SL steps BE->TP1->TP2->TP3
1072,2025.07.23 10:17:32,2025.07.23 12:47:32,EXIT_SL,XAUUSD,M5,382,SELL,FULLTGT,DAY,0,3422.57,3429.22,3429.22,6.65,1.00,6.65,3415.92,3409.27,3402.62,3395.96,3389.31,0.16,0.16,0.00,3429.22,0.00,-1.00,-107.52,3423.71,3424.15,3422.61,3423.47,3424.04,0.718,2.14,33.21,69.24,69.24,1.15,0.36,0.79,3425.12,3428.42,709,624,85.7,14.3,5,1,CROSS=EMA9<EMA21;TREND=1;STRUCT=1;VOL=1;COOL=1;EMA50=1;VWAP=1;BIAS=1,0.92,-1.00,22218.23,22218.23,stopped at the initial SL (x1.00 of usual)
1073,2025.07.23 11:50:00,2025.07.23 14:20:00,ENTRY,XAUUSD,M5,384,BUY,FULLTGT,DAY,0,3425.67,3421.18,3421.18,4.49,1.00,4.49,3430.16,3434.65,3439.14,3443.62,3448.11,0.24,0.24,0.24,3425.67,0.00,0.00,0.00,3424.45,3424.43,3423.09,3424.39,3424.40,0.596,2.24,19.72,53.40,53.40,0.52,0.21,0.30,3425.09,3425.68,414,501,71.4,0.0,7,1,CROSS=EMA9>EMA21;TREND=1;STRUCT=1;VOL=1;COOL=1;EMA50=1;VWAP=1;BIAS=1,0.00,0.00,22217.39,22215.71,KZ=LONDON; KZR=NY H @ 3420.22 221 bars ago (high taken); DAY 12AM-4PM IST session: stop x1.00 of usual; no partials; full size to TP5; SL steps BE->TP1->TP2->TP3
1074,2025.07.23 12:12:25,2025.07.23 14:42:25,SL_MOVE,XAUUSD,M5,384,BUY,FULLTGT,DAY,0,3425.67,3421.18,3425.67,4.49,1.00,4.49,3430.16,3434.65,3439.14,3443.62,3448.11,0.24,0.00,0.24,3425.67,1.00,0.00,0.00,3425.17,3424.81,3423.35,3424.93,3424.68,0.681,2.14,26.01,64.97,64.97,1.16,0.60,0.56,3425.18,3429.99,400,477,85.7,0.0,5,1,CROSS=EMA9>EMA21;TREND=1;STRUCT=1;VOL=1;COOL=1;EMA50=1;VWAP=1;BIAS=1,1.00,-0.06,22217.39,22325.15,stop to breakeven
1075,2025.07.23 12:12:25,2025.07.23 14:42:25,TP1_REACHED,XAUUSD,M5,384,BUY,FULLTGT,DAY,0,3425.67,3421.18,3425.67,4.49,1.00,4.49,3430.16,3434.65,3439.14,3443.62,3448.11,0.24,0.00,0.24,3430.16,1.00,1.00,0.00,3425.17,3424.81,3423.35,3424.93,3424.68,0.681,2.14,26.01,64.97,64.97,1.16,0.60,0.56,3425.18,3429.99,400,477,85.7,0.0,5,1,CROSS=EMA9>EMA21;TREND=1;STRUCT=1;VOL=1;COOL=1;EMA50=1;VWAP=1;BIAS=1,1.00,-0.06,22217.39,22325.15,full target: no partial booked
1076,2025.07.23 13:08:38,2025.07.23 15:38:38,EXIT_BE,XAUUSD,M5,384,BUY,FULLTGT,DAY,0,3425.67,3421.18,3425.67,4.49,1.00,4.49,3430.16,3434.65,3439.14,3443.62,3448.11,0.24,0.24,0.00,3425.61,0.00,-0.01,-3.12,3427.66,3426.32,3424.35,3427.65,3426.28,1.120,1.76,27.43,47.04,47.04,1.40,1.86,-0.45,3425.60,3427.90,504,429,42.9,57.1,10,1,CROSS=EMA9>EMA21;TREND=1;STRUCT=1;VOL=1;COOL=1;EMA50=1;VWAP=1;BIAS=1,1.82,-0.06,22215.11,22215.11,stopped at breakeven
1077,2025.07.23 14:15:00,2025.07.23 16:45:00,ENTRY,XAUUSD,M5,386,SELL,FULLTGT,EVENING,0,3421.69,3425.97,3425.97,4.28,1.00,4.28,3417.41,3413.13,3408.85,3404.58,3400.30,0.25,0.25,0.25,3421.69,0.00,0.00,0.00,3425.29,3425.35,3424.15,3425.47,3425.45,0.564,2.14,54.85,36.03,36.03,-1.53,-1.28,-0.26,3425.38,3421.69,510,452,14.3,85.7,5,1,CROSS=EMA9<EMA21;TREND=1;STRUCT=1;VOL=1;COOL=1;EMA50=1;VWAP=1;BIAS=1,0.00,0.00,22214.23,22212.98,KZ=NY; KZR=NY H @ 3420.22 250 bars ago (high taken); EVENING 4PM-12AM IST session: stop x1.00 of usual; no partials; full size to TP5; SL steps BE->TP1->TP2->TP3
1078,2025.07.23 14:30:59,2025.07.23 17:00:59,EXIT_SL,XAUUSD,M5,386,SELL,FULLTGT,EVENING,0,3421.69,3425.97,3425.97,4.28,1.00,4.28,3417.41,3413.13,3408.85,3404.58,3400.30,0.25,0.25,0.00,3425.98,0.00,-1.00,-109.01,3424.98,3425.18,3424.10,3424.96,3425.18,0.500,2.16,46.28,52.61,52.61,-1.21,-1.42,0.21,3425.33,3425.27,507,475,71.4,28.6,5,1,CROSS=EMA9<EMA21;TREND=1;STRUCT=1;VOL=1;COOL=1;EMA50=1;VWAP=1;BIAS=1,0.26,-0.99,22106.10,22106.10,stopped at the initial SL (x1.00 of usual)
1079,2025.07.23 14:45:00,2025.07.23 17:15:00,ENTRY,XAUUSD,M5,388,BUY,FULLTGT,EVENING,0,3428.99,3424.92,3424.92,4.07,1.00,4.07,3433.06,3437.12,3441.19,3445.26,3449.33,0.27,0.27,0.27,3428.99,0.00,0.00,0.00,3425.38,3425.38,3424.24,3425.19,3425.29,0.557,2.03,45.16,63.05,63.05,-0.08,-1.13,1.05,3425.38,3428.92,579,487,100.0,0.0,7,1,CROSS=EMA9>EMA21;TREND=1;STRUCT=1;VOL=1;COOL=1;EMA50=1;VWAP=1;BIAS=1,0.00,0.00,22105.15,22103.26,KZ=NY; KZR=NY H @ 3420.22 256 bars ago (high taken); EVENING 4PM-12AM IST session: stop x1.00 of usual; no partials; full size to TP5; SL steps BE->TP1->TP2->TP3
1080,2025.07.23 15:21:40,2025.07.23 17:51:40,EXIT_SL,XAUUSD,M5,388,BUY,FULLTGT,EVENING,0,3428.99,3424.92,3424.92,4.07,1.00,4.07,3433.06,3437.12,3441.19,3445.26,3449.33,0.27,0.27,0.00,3424.92,0.00,-1.00,-111.79,3426.30,3425.88,3424.60,3426.22,3425.83,0.672,1.91,36.33,56.58,56.58,0.84,0.45,0.39,3425.52,3427.99,633,485,100.0,0.0,12,1,CROSS=EMA9>EMA21;TREND=1;STRUCT=1;VOL=1;COOL=1;EMA50=1;VWAP=1;BIAS=1,0.22,-0.99,21994.31,21994.31,stopped at the initial SL (x1.00 of usual)
1081,2025.07.23 16:00:00,2025.07.23 18:30:00,ENTRY,XAUUSD,M5,390,SELL,FULLTGT,EVENING,0,3420.03,3425.23,3425.23,5.20,1.00,5.20,3414.83,3409.63,3404.43,3399.24,3394.04,0.21,0.21,0.21,3420.03,0.00,0.00,0.00,3425.39,3425.47,3424.51,3425.66,3425.61,0.369,2.60,28.25,34.20,34.20,-0.94,0.05,-0.99,3425.43,3420.03,881,599,0.0,100.0,5,1,CROSS=EMA9<EMA21;TREND=1;STRUCT=1;VOL=1;COOL=1;EMA50=1;VWAP=1;BIAS=1,0.00,0.00,21993.57,21992.52,KZ=NY; KZR=NY H @ 3420.22 271 bars ago (high taken); EVENING 4PM-12AM IST session: stop x1.00 of usual; no partials; full size to TP5; SL steps BE->TP1->TP2->TP3
1082,2025.07.23 16:03:30,2025.07.23 18:33:30,SL_MOVE,XAUUSD,M5,390,SELL,FULLTGT,EVENING,0,3420.03,3425.23,3420.03,5.20,1.00,5.20,3414.83,3409.63,3404.43,3399.24,3394.04,0.21,0.00,0.21,3420.03,1.00,0.00,0.00,3425.39,3425.47,3424.51,3425.66,3425.61,0.369,2.60,28.25,34.20,34.20,-0.94,0.05,-0.99,3425.43,3420.03,881,599,0.0,100.0,9,1,CROSS=EMA9<EMA21;TREND=1;STRUCT=1;VOL=1;COOL=1;EMA50=1;VWAP=1;BIAS=1,1.00,-0.11,21993.57,22103.61,stop to breakeven
1083,2025.07.23 16:03:30,2025.07.23 18:33:30,TP1_REACHED,XAUUSD,M5,390,SELL,FULLTGT,EVENING,0,3420.03,3425.23,3420.03,5.20,1.00,5.20,3414.83,3409.63,3404.43,3399.24,3394.04,0.21,0.00,0.21,3414.83,1.00,1.00,0.00,3425.39,3425.47,3424.51,3425.66,3425.61,0.369,2.60,28.25,34.20,34.20,-0.94,0.05,-0.99,3425.43,3420.03,881,599,0.0,100.0,9,1,CROSS=EMA9<EMA21;TREND=1;STRUCT=1;VOL=1;COOL=1;EMA50=1;VWAP=1;BIAS=1,1.00,-0.11,21993.57,22103.61,full target: no partial booked
1084,2025.07.23 16:23:38,2025.07.23 18:53:38,SL_MOVE,XAUUSD,M5,390,SELL,FULLTGT,EVENING,0,3420.03,3425.23,3414.83,5.20,1.00,5.20,3414.83,3409.63,3404.43,3399.24,3394.04,0.21,0.00,0.21,3414.83,2.00,0.00,0.00,3423.51,3424.48,3424.05,3423.99,3424.74,0.123,3.49,34.93,28.27,28.27,-2.73,-1.16,-1.56,3424.95,3414.22,927,715,0.0,100.0,10,1,CROSS=EMA9<EMA21;TREND=1;STRUCT=1;VOL=1;COOL=1;EMA50=1;VWAP=1;BIAS=1,2.00,-0.11,21993.57,22212.39,stop trailed to TP1
1085,2025.07.23 16:23:38,2025.07.23 18:53:38,TP2_REACHED,XAUUSD,M5,390,SELL,FULLTGT,EVENING,0,3420.03,3425.23,3414.83,5.20,1.00,5.20,3414.83,3409.63,3404.43,3399.24,3394.04,0.21,0.00,0.21,3409.63,2.00,2.00,0.00,3423.51,3424.48,3424.05,3423.99,3424.74,0.123,3.49,34.93,28.27,28.27,-2.73,-1.16,-1.56,3424.95,3414.22,927,715,0.0,100.0,10,1,CROSS=EMA9<EMA21;TREND=1;STRUCT=1;VOL=1;COOL=1;EMA50=1;VWAP=1;BIAS=1,2.00,-0.11,21993.57,22212.39,full target: no partial booked
1086,2025.07.23 17:00:40,2025.07.23 19:30:40,EXIT_TRAIL_SL,XAUUSD,M5,390,SELL,FULLTGT,EVENING,0,3420.03,3425.23,3414.83,5.20,1.00,5.20,3414.83,3409.63,3404.43,3399.24,3394.04,0.21,0.21,0.00,3414.84,0.00,1.00,107.51,3419.38,3422.01,3422.79,3419.68,3422.23,-0.183,4.25,27.61,40.82,40.82,-3.58,-3.84,0.25,3423.77,3413.47,812,922,14.3,71.4,5,1,CROSS=EMA9<EMA21;TREND=1;STRUCT=1;VOL=1;COOL=1;EMA50=1;VWAP=1;BIAS=1,2.76,-0.11,22101.82,22101.82,stopped at a trailed level
1087,2025.07.24 01:00:00,2025.07.24 03:30:00,DAY_SUMMARY,XAUUSD,M5,390,FLAT,NA,DAY,0,0.00,0.00,0.00,0.00,1.00,0.00,0.00,0.00,0.00,0.00,0.00,0.00,0.00,0.00,0.00,0.00,-2.02,-223.93,3391.46,3396.49,3404.44,3391.69,3396.73,-5.416,1.47,47.08,35.28,35.28,-1.22,-1.12,-0.10,3414.66,3387.04,269,299,0.0,85.7,8,1,CROSS=EMA9<EMA21;TREND=1;STRUCT=1;VOL=1;COOL=1;EMA50=1;VWAP=1;BIAS=1,0.00,0.00,22101.82,22101.82,2025.07.23 trades=5 W=1 L=4 gross_profit=107.51 gross_loss=331.44 net=-223.93 PF=0.32
1088,2025.07.24 18:10:00,2025.07.24 20:40:00,SKIP,XAUUSD,M5,390,FLAT,NA,EVENING,0,0.00,0.00,0.00,0.00,1.00,0.00,0.00,0.00,0.00,0.00,0.00,0.00,0.00,0.00,0.00,0.00,0.00,0.00,3368.13,3368.06,3373.00,3367.90,3367.94,-1.730,2.85,31.06,58.33,58.33,3.07,3.47,-0.40,3373.68,3372.75,691,988,57.1,28.6,5,1,CROSS=EMA9<EMA21;TREND=1;STRUCT=1;VOL=1;COOL=1;EMA50=1;VWAP=1;BIAS=1,0.00,0.00,22101.82,22101.82,outside the killzone window
1089,2025.07.25 01:15:00,2025.07.25 03:45:00,SKIP,XAUUSD,M5,390,FLAT,NA,DAY,0,0.00,0.00,0.00,0.00,1.00,0.00,0.00,0.00,0.00,0.00,0.00,0.00,0.00,0.00,0.00,0.00,0.00,0.00,3369.79,3369.86,3371.44,3369.93,3369.92,-1.391,1.13,35.06,37.23,37.23,-0.87,-0.68,-0.20,3368.31,3367.20,164,253,0.0,85.7,9,1,CROSS=EMA9<EMA21;TREND=1;STRUCT=1;VOL=1;COOL=1;EMA50=1;VWAP=1;BIAS=1,0.00,0.00,22101.82,22101.82,already positioned that way
1090,2025.07.25 03:30:00,2025.07.25 06:00:00,ENTRY,XAUUSD,M5,392,BUY,FULLTGT,DAY,0,3372.04,3369.51,3369.51,2.53,1.00,2.53,3374.57,3377.11,3379.64,3382.17,3384.70,0.43,0.43,0.43,3372.04,0.00,0.00,0.00,3369.57,3369.55,3370.77,3369.44,3369.49,-0.960,1.27,20.24,64.27,64.27,0.67,0.28,0.39,3368.81,3371.97,289,232,85.7,0.0,7,1,CROSS=EMA9>EMA21;TREND=1;STRUCT=1;VOL=1;COOL=1;EMA50=1;VWAP=1;BIAS=1,0.00,0.00,22100.31,22097.30,KZ=ASIA; KZR=NY H @ 3420.22 697 bars ago (high taken); DAY 12AM-4PM IST session: stop x1.00 of usual; no partials; full size to TP5; SL steps BE->TP1->TP2->TP3
1091,2025.07.25 04:08:34,2025.07.25 06:38:34,EXIT_SL,XAUUSD,M5,392,BUY,FULLTGT,DAY,0,3372.04,3369.51,3369.51,2.53,1.00,2.53,3374.57,3377.11,3379.64,3382.17,3384.70,0.43,0.43,0.00,3369.50,0.00,-1.00,-112.24,3370.27,3369.93,3370.86,3370.19,3369.89,-0.734,1.27,18.09,58.79,58.79,0.81,0.77,0.04,3369.39,3371.70,432,226,71.4,14.3,7,1,CROSS=EMA9>EMA21;TREND=1;STRUCT=1;VOL=1;COOL=1;EMA50=1;VWAP=1;BIAS=1,0.58,-0.99,21989.58,21989.58,stopped at the initial SL (x1.00 of usual)
1092,2025.07.25 04:40:00,2025.07.25 07:10:00,ENTRY,XAUUSD,M5,394,SELL,FULLTGT,DAY,0,3367.52,3370.78,3370.78,3.26,1.00,3.26,3364.26,3361.00,3357.74,3354.47,3351.21,0.33,0.33,0.33,3367.52,0.00,0.00,0.00,3369.66,3369.66,3370.65,3369.77,3369.72,-0.603,1.63,30.45,36.96,36.96,-0.50,0.19,-0.68,3369.18,3367.47,406,305,0.0,100.0,5,1,CROSS=EMA9<EMA21;TREND=1;STRUCT=1;VOL=1;COOL=1;EMA50=1;VWAP=1;BIAS=1,0.00,0.00,21988.42,21986.77,KZ=ASIA; KZR=NY H @ 3420.22 711 bars ago (high taken); DAY 12AM-4PM IST session: stop x1.00 of usual; no partials; full size to TP5; SL steps BE->TP1->TP2->TP3
1093,2025.07.25 04:54:57,2025.07.25 07:24:57,EXIT_SL,XAUUSD,M5,394,SELL,FULLTGT,DAY,0,3367.52,3370.78,3370.78,3.26,1.00,3.26,3364.26,3361.00,3357.74,3354.47,3351.21,0.33,0.33,0.00,3370.78,0.00,-1.00,-109.90,3369.62,3369.64,3370.61,3369.61,3369.64,-0.566,1.71,26.73,51.75,51.75,-0.39,-0.09,-0.30,3369.16,3369.90,487,324,71.4,28.6,5,1,CROSS=EMA9<EMA21;TREND=1;STRUCT=1;VOL=1;COOL=1;EMA50=1;VWAP=1;BIAS=1,0.17,-1.00,21879.68,21879.68,stopped at the initial SL (x1.00 of usual)
1094,2025.07.25 04:55:00,2025.07.25 07:25:00,ENTRY,XAUUSD,M5,396,BUY,FULLTGT,DAY,0,3370.80,3367.40,3367.40,3.40,1.00,3.40,3374.20,3377.60,3381.00,3384.39,3387.79,0.32,0.32,0.32,3370.80,0.00,0.00,0.00,3369.68,3369.67,3370.61,3369.62,3369.64,-0.555,1.70,26.06,55.79,55.79,-0.24,-0.19,-0.05,3369.19,3370.75,379,329,85.7,14.3,5,1,CROSS=EMA9>EMA21;TREND=1;STRUCT=1;VOL=1;COOL=1;EMA50=1;VWAP=1;BIAS=1,0.00,0.00,21878.56,21876.96,KZ=ASIA; KZR=NY H @ 3420.22 714 bars ago (high taken); DAY 12AM-4PM IST session: stop x1.00 of usual; no partials; full size to TP5; SL steps BE->TP1->TP2->TP3
1095,2025.07.25 05:08:03,2025.07.25 07:38:03,EXIT_SL,XAUUSD,M5,396,BUY,FULLTGT,DAY,0,3370.80,3367.40,3367.40,3.40,1.00,3.40,3374.20,3377.60,3381.00,3384.39,3387.79,0.32,0.32,0.00,3367.39,0.00,-1.00,-111.36,3369.70,3369.68,3370.60,3369.75,3369.71,-0.518,1.77,25.22,45.69,45.69,-0.15,-0.28,0.13,3369.26,3368.78,552,352,28.6,71.4,5,1,CROSS=EMA9>EMA21;TREND=1;STRUCT=1;VOL=1;COOL=1;EMA50=1;VWAP=1;BIAS=1,0.24,-0.98,21768.32,21768.32,stopped at the initial SL (x1.00 of usual)
1096,2025.07.25 05:10:00,2025.07.25 07:40:00,ENTRY,XAUUSD,M5,398,SELL,FULLTGT,DAY,0,3367.32,3371.00,3371.00,3.68,1.00,3.68,3363.64,3359.95,3356.27,3352.58,3348.90,0.29,0.29,0.29,3367.32,0.00,0.00,0.00,3369.59,3369.63,3370.56,3369.70,3369.68,-0.506,1.84,22.05,40.15,40.15,-0.32,-0.31,-0.01,3369.23,3367.32,336,354,0.0,71.4,5,1,CROSS=EMA9<EMA21;TREND=1;STRUCT=1;VOL=1;COOL=1;EMA50=1;VWAP=1;BIAS=1,0.00,0.00,21767.30,21765.85,KZ=ASIA; KZR=NY H @ 3420.22 717 bars ago (high taken); DAY 12AM-4PM IST session: stop x1.00 of usual; no partials; full size to TP5; SL steps BE->TP1->TP2->TP3
1097,2025.07.25 05:35:13,2025.07.25 08:05:13,SL_MOVE,XAUUSD,M5,398,SELL,FULLTGT,DAY,0,3367.32,3371.00,3367.32,3.68,1.00,3.68,3363.64,3359.95,3356.27,3352.58,3348.90,0.29,0.00,0.29,3367.32,1.00,0.00,0.00,3368.65,3369.13,3370.24,3368.90,3369.26,-0.625,1.79,23.73,32.98,32.98,-1.21,-0.58,-0.63,3368.83,3363.91,376,385,0.0,71.4,5,1,CROSS=EMA9<EMA21;TREND=1;STRUCT=1;VOL=1;COOL=1;EMA50=1;VWAP=1;BIAS=1,1.01,-0.11,21767.30,21874.89,stop to breakeven
1098,2025.07.25 05:35:13,2025.07.25 08:05:13,TP1_REACHED,XAUUSD,M5,398,SELL,FULLTGT,DAY,0,3367.32,3371.00,3367.32,3.68,1.00,3.68,3363.64,3359.95,3356.27,3352.58,3348.90,0.29,0.00,0.29,3363.64,1.00,1.00,0.00,3368.65,3369.13,3370.24,3368.90,3369.26,-0.625,1.79,23.73,32.98,32.98,-1.21,-0.58,-0.63,3368.83,3363.91,376,385,0.0,71.4,5,1,CROSS=EMA9<EMA21;TREND=1;STRUCT=1;VOL=1;COOL=1;EMA50=1;VWAP=1;BIAS=1,1.01,-0.11,21767.30,21874.89,full target: no partial booked
1099,2025.07.25 06:57:35,2025.07.25 09:27:35,SL_MOVE,XAUUSD,M5,398,SELL,FULLTGT,DAY,0,3367.32,3371.00,3363.64,3.68,1.00,3.68,3363.64,3359.95,3356.27,3352.58,3348.90,0.29,0.00,0.29,3363.64,2.00,0.00,0.00,3364.97,3366.80,3368.78,3365.18,3366.95,-1.418,1.39,41.53,34.45,34.45,-1.80,-1.88,0.08,3367.42,3360.90,133,286,14.3,71.4,5,1,CROSS=EMA9<EMA21;TREND=1;STRUCT=1;VOL=1;COOL=1;EMA50=1;VWAP=1;BIAS=1,1.97,-0.11,21767.30,21981.03,stop trailed to TP1
1100,2025.07.25 06:57:35,2025.07.25 09:27:35,TP2_REACHED,XAUUSD,M5,398,SELL,FULLTGT,DAY,0,3367.32,3371.00,3363.64,3.68,1.00,3.68,3363.64,3359.95,3356.27,3352.58,3348.90,0.29,0.00,0.29,3359.95,2.00,2.00,0.00,3364.97,3366.80,3368.78,3365.18,3366.95,-1.418,1.39,41.53,34.45,34.45,-1.80,-1.88,0.08,3367.42,3360.90,133,286,14.3,71.4,5,1,CROSS=EMA9<EMA21;TREND=1;STRUCT=1;VOL=1;COOL=1;EMA50=1;VWAP=1;BIAS=1,1.97,-0.11,21767.30,21981.03,full target: no partial booked
1101,2025.07.25 08:49:02,2025.07.25 11:19:02,SL_MOVE,XAUUSD,M5,398,SELL,FULLTGT,DAY,0,3367.32,3371.00,3359.95,3.68,1.00,3.68,3363.64,3359.95,3356.27,3352.58,3348.90,0.29,0.00,0.29,3359.95,3.00,0.00,0.00,3361.64,3363.99,3366.73,3361.89,3364.18,-1.674,1.63,36.27,31.60,31.60,-1.26,-0.98,-0.28,3365.83,3356.69,374,258,0.0,100.0,5,1,CROSS=EMA9<EMA21;TREND=1;STRUCT=1;VOL=1;COOL=1;EMA50=1;VWAP=1;BIAS=1,3.00,-0.11,21767.30,22088.33,stop trailed to TP2
1102,2025.07.25 08:49:02,2025.07.25 11:19:02,TP3_REACHED,XAUUSD,M5,398,SELL,FULLTGT,DAY,0,3367.32,3371.00,3359.95,3.68,1.00,3.68,3363.64,3359.95,3356.27,3352.58,3348.90,0.29,0.00,0.29,3356.27,3.00,3.00,0.00,3361.64,3363.99,3366.73,3361.89,3364.18,-1.674,1.63,36.27,31.60,31.60,-1.26,-0.98,-0.28,3365.83,3356.69,374,258,0.0,100.0,5,1,CROSS=EMA9<EMA21;TREND=1;STRUCT=1;VOL=1;COOL=1;EMA50=1;VWAP=1;BIAS=1,3.00,-0.11,21767.30,22088.33,full target: no partial booked
1103,2025.07.25 10:17:04,2025.07.25 12:47:04,EXIT_TRAIL_SL,XAUUSD,M5,398,SELL,FULLTGT,DAY,0,3367.32,3371.00,3359.95,3.68,1.00,3.68,3363.64,3359.95,3356.27,3352.58,3348.90,0.29,0.29,0.00,3359.95,0.00,2.00,211.69,3359.19,3361.63,3364.86,3359.28,3361.74,-1.591,2.03,16.60,46.18,46.18,-0.54,-0.85,0.31,3364.00,3357.43,297,394,14.3,57.1,11,1,CROSS=EMA9<EMA21;TREND=1;STRUCT=1;VOL=1;COOL=1;EMA50=1;VWAP=1;BIAS=1,3.39,-0.11,21980.01,21980.01,stopped at a trailed level
1104,2025.07.28 01:00:00,2025.07.28 03:30:00,DAY_SUMMARY,XAUUSD,M5,398,FLAT,NA,DAY,0,0.00,0.00,0.00,0.00,1.00,0.00,0.00,0.00,0.00,0.00,0.00,0.00,0.00,0.00,0.00,0.00,-1.01,-121.81,3337.33,3337.50,3341.33,3337.36,3337.51,-3.167,1.21,27.81,44.37,44.37,-0.07,0.15,-0.23,3346.16,3336.80,82,245,0.0,85.7,7,1,CROSS=EMA9<EMA21;TREND=1;STRUCT=1;VOL=1;COOL=1;EMA50=1;VWAP=1;BIAS=1,0.00,0.00,21980.01,21980.01,2025.07.25 trades=4 W=1 L=3 gross_profit=211.69 gross_loss=333.50 net=-121.81 PF=0.63
1105,2025.07.28 01:00:00,2025.07.28 03:30:00,WEEK_SUMMARY,XAUUSD,M5,398,FLAT,NA,DAY,0,0.00,0.00,0.00,0.00,1.00,0.00,0.00,0.00,0.00,0.00,0.00,0.00,0.00,0.00,0.00,0.00,1.97,191.94,3337.33,3337.50,3341.33,3337.36,3337.51,-3.167,1.21,27.81,44.37,44.37,-0.07,0.15,-0.23,3346.16,3336.80,82,245,0.0,85.7,7,1,CROSS=EMA9<EMA21;TREND=1;STRUCT=1;VOL=1;COOL=1;EMA50=1;VWAP=1;BIAS=1,0.00,0.00,21980.01,21980.01,days=3 trades=11 W=3 L=8 gross_profit=859.74 gross_loss=667.80 net=191.94 PF=1.29 pips=116.0
1106,2025.07.28 06:30:00,2025.07.28 09:00:00,ENTRY,XAUUSD,M5,400,BUY,FULLTGT,DAY,0,3336.93,3333.51,3333.51,3.42,1.00,3.42,3340.35,3343.76,3347.18,3350.59,3354.01,0.32,0.32,0.32,3336.93,0.00,0.00,0.00,3334.96,3334.94,3337.22,3334.86,3334.89,-1.337,1.71,33.49,56.22,56.22,0.90,0.43,0.47,3333.62,3336.88,293,387,85.7,0.0,5,1,CROSS=EMA9>EMA21;TREND=1;STRUCT=1;VOL=1;COOL=1;EMA50=1;VWAP=1;BIAS=1,0.00,0.00,21978.89,21977.29,KZ=ASIA; KZR=NY L @ 3336.62 734 bars ago (low taken); DAY 12AM-4PM IST session: stop x1.00 of usual; no partials; full size to TP5; SL steps BE->TP1->TP2->TP3
1107,2025.07.28 06:54:27,2025.07.28 09:24:27,SL_MOVE,XAUUSD,M5,400,BUY,FULLTGT,DAY,0,3336.93,3333.51,3336.93,3.42,1.00,3.42,3340.35,3343.76,3347.18,3350.59,3354.01,0.32,0.00,0.32,3336.93,1.00,0.00,0.00,3335.65,3335.30,3337.30,3335.45,3335.20,-1.369,1.46,42.88,64.24,64.24,1.26,0.91,0.35,3333.79,3339.51,262,327,85.7,0.0,5,1,CROSS=EMA9>EMA21;TREND=1;STRUCT=1;VOL=1;COOL=1;EMA50=1;VWAP=1;BIAS=1,1.00,-0.10,21978.89,22089.29,stop to breakeven
1108,2025.07.28 06:54:27,2025.07.28 09:24:27,TP1_REACHED,XAUUSD,M5,400,BUY,FULLTGT,DAY,0,3336.93,3333.51,3336.93,3.42,1.00,3.42,3340.35,3343.76,3347.18,3350.59,3354.01,0.32,0.00,0.32,3340.35,1.00,1.00,0.00,3335.65,3335.30,3337.30,3335.45,3335.20,-1.369,1.46,42.88,64.24,64.24,1.26,0.91,0.35,3333.79,3339.51,262,327,85.7,0.0,5,1,CROSS=EMA9>EMA21;TREND=1;STRUCT=1;VOL=1;COOL=1;EMA50=1;VWAP=1;BIAS=1,1.00,-0.10,21978.89,22089.29,full target: no partial booked
1109,2025.07.28 07:00:05,2025.07.28 09:30:05,SL_MOVE,XAUUSD,M5,400,BUY,FULLTGT,DAY,0,3336.93,3333.51,3340.35,3.42,1.00,3.42,3340.35,3343.76,3347.18,3350.59,3354.01,0.32,0.00,0.32,3340.35,2.00,0.00,0.00,3336.25,3335.63,3337.41,3335.89,3335.44,-1.124,1.59,50.35,73.26,73.26,1.73,1.14,0.59,3333.97,3343.24,394,326,100.0,0.0,11,1,CROSS=EMA9>EMA21;TREND=1;STRUCT=1;VOL=1;COOL=1;EMA50=1;VWAP=1;BIAS=1,2.00,-0.10,21978.89,22199.05,stop trailed to TP1
1110,2025.07.28 07:00:05,2025.07.28 09:30:05,TP2_REACHED,XAUUSD,M5,400,BUY,FULLTGT,DAY,0,3336.93,3333.51,3340.35,3.42,1.00,3.42,3340.35,3343.76,3347.18,3350.59,3354.01,0.32,0.00,0.32,3343.76,2.00,2.00,0.00,3336.25,3335.63,3337.41,3335.89,3335.44,-1.124,1.59,50.35,73.26,73.26,1.73,1.14,0.59,3333.97,3343.24,394,326,100.0,0.0,11,1,CROSS=EMA9>EMA21;TREND=1;STRUCT=1;VOL=1;COOL=1;EMA50=1;VWAP=1;BIAS=1,2.00,-0.10,21978.89,22199.05,full target: no partial booked
1111,2025.07.28 07:26:14,2025.07.28 09:56:14,EXIT_TRAIL_SL,XAUUSD,M5,400,BUY,FULLTGT,DAY,0,3336.93,3333.51,3340.35,3.42,1.00,3.42,3340.35,3343.76,3347.18,3350.59,3354.01,0.32,0.32,0.00,3340.33,0.00,1.00,106.56,3337.55,3336.39,3337.70,3337.37,3336.27,-0.785,1.66,54.30,60.05,60.05,1.98,1.72,0.26,3334.42,3341.09,268,313,85.7,0.0,5,1,CROSS=EMA9>EMA21;TREND=1;STRUCT=1;VOL=1;COOL=1;EMA50=1;VWAP=1;BIAS=1,2.07,-0.10,22086.57,22086.57,stopped at a trailed level
1112,2025.07.28 11:50:00,2025.07.28 14:20:00,ENTRY,XAUUSD,M5,402,SELL,FULLTGT,DAY,0,3333.52,3337.85,3337.85,4.33,1.00,4.33,3329.19,3324.87,3320.54,3316.22,3311.89,0.25,0.25,0.25,3333.52,0.00,0.00,0.00,3337.87,3337.94,3338.24,3338.09,3338.06,-0.137,2.16,33.93,35.02,35.02,-1.19,-0.87,-0.32,3336.31,3333.52,455,447,0.0,100.0,5,1,CROSS=EMA9<EMA21;TREND=1;STRUCT=1;VOL=1;COOL=1;EMA50=1;VWAP=1;BIAS=1,0.00,0.00,22085.69,22084.44,KZ=LONDON; KZR=NY L @ 3336.62 798 bars ago (low taken); DAY 12AM-4PM IST session: stop x1.00 of usual; no partials; full size to TP5; SL steps BE->TP1->TP2->TP3
1113,2025.07.28 12:08:38,2025.07.28 14:38:38,EXIT_SL,XAUUSD,M5,402,SELL,FULLTGT,DAY,0,3333.52,3337.85,3337.85,4.33,1.00,4.33,3329.19,3324.87,3320.54,3316.22,3311.89,0.25,0.25,0.00,3337.86,0.00,-1.00,-110.26,3337.62,3337.81,3338.16,3337.66,3337.84,-0.179,1.96,27.15,48.85,48.85,-0.93,-0.93,0.00,3336.30,3336.84,547,465,42.9,57.1,11,1,CROSS=EMA9<EMA21;TREND=1;STRUCT=1;VOL=1;COOL=1;EMA50=1;VWAP=1;BIAS=1,0.00,-0.99,21976.31,21976.31,stopped at the initial SL (x1.00 of usual)
1114,2025.07.29 01:00:00,2025.07.29 03:30:00,DAY_SUMMARY,XAUUSD,M5,402,FLAT,NA,DAY,0,0.00,0.00,0.00,0.00,1.00,0.00,0.00,0.00,0.00,0.00,0.00,0.00,0.00,0.00,0.00,0.00,-0.01,-3.70,3315.45,3316.51,3321.12,3315.50,3316.57,-3.525,1.31,42.74,41.94,41.94,0.39,1.01,-0.62,3326.88,3314.36,137,297,0.0,85.7,10,1,CROSS=EMA9<EMA21;TREND=1;STRUCT=1;VOL=1;COOL=1;EMA50=1;VWAP=1;BIAS=1,0.00,0.00,21976.31,21976.31,2025.07.28 trades=2 W=1 L=1 gross_profit=106.56 gross_loss=110.26 net=-3.70 PF=0.97
1115,2025.07.29 05:20:00,2025.07.29 07:50:00,ENTRY,XAUUSD,M5,404,BUY,FULLTGT,DAY,0,3318.47,3313.69,3313.69,4.78,1.00,4.78,3323.25,3328.02,3332.80,3337.57,3342.35,0.23,0.23,0.23,3318.47,0.00,0.00,0.00,3314.67,3314.66,3317.57,3314.48,3314.56,-1.221,2.39,45.91,61.34,61.34,1.78,1.51,0.27,3313.65,3318.42,353,490,85.7,0.0,5,1,CROSS=EMA9>EMA21;TREND=1;STRUCT=1;VOL=1;COOL=1;EMA50=1;VWAP=1;BIAS=1,0.00,0.00,21975.50,21974.35,KZ=ASIA; KZR=Asia L @ 3327.69 164 bars ago (low taken); DAY 12AM-4PM IST session: stop x1.00 of usual; no partials; full size to TP5; SL steps BE->TP1->TP2->TP3
1116,2025.07.29 06:34:32,2025.07.29 09:04:32,EXIT_SL,XAUUSD,M5,404,BUY,FULLTGT,DAY,0,3318.47,3313.69,3313.69,4.78,1.00,4.78,3323.25,3328.02,3332.80,3337.57,3342.35,0.23,0.23,0.00,3313.67,0.00,-1.01,-112.02,3316.16,3315.58,3317.62,3316.20,3315.59,-1.344,1.52,40.75,42.70,42.70,0.19,1.02,-0.83,3314.56,3315.19,292,384,28.6,57.1,5,1,CROSS=EMA9>EMA21;TREND=1;STRUCT=1;VOL=1;COOL=1;EMA50=1;VWAP=1;BIAS=1,0.39,-0.99,21864.29,21864.29,stopped at the initial SL (x1.00 of usual)
1117,2025.07.29 07:15:00,2025.07.29 09:45:00,SKIP,XAUUSD,M5,404,FLAT,NA,DAY,0,0.00,0.00,0.00,0.00,1.00,0.00,0.00,0.00,0.00,0.00,0.00,0.00,0.00,0.00,0.00,0.00,0.00,0.00,3315.09,3315.10,3317.15,3315.19,3315.15,-1.152,1.78,39.03,41.77,41.77,-0.94,-0.67,-0.27,3314.42,3313.23,352,350,14.3,85.7,5,1,CROSS=EMA9>EMA21;TREND=1;STRUCT=1;VOL=1;COOL=1;EMA50=1;VWAP=1;BIAS=1,0.00,0.00,21864.29,21864.29,outside the killzone window
1118,2025.07.29 08:35:00,2025.07.29 11:05:00,SKIP,XAUUSD,M5,404,FLAT,NA,DAY,0,0.00,0.00,0.00,0.00,1.00,0.00,0.00,0.00,0.00,0.00,0.00,0.00,0.00,0.00,0.00,0.00,0.00,0.00,3315.01,3314.98,3316.69,3314.84,3314.90,-0.991,1.73,27.04,64.91,64.91,0.57,0.03,0.54,3314.44,3318.26,528,332,100.0,0.0,12,1,CROSS=EMA9>EMA21;TREND=1;STRUCT=1;VOL=1;COOL=1;EMA50=1;VWAP=1;BIAS=1,0.00,0.00,21864.29,21864.29,already positioned that way
1119,2025.07.29 16:55:00,2025.07.29 19:25:00,ENTRY,XAUUSD,M5,406,SELL,FULLTGT,EVENING,0,3318.37,3325.56,3325.56,7.19,1.00,7.19,3311.18,3303.98,3296.79,3289.60,3282.41,0.15,0.15,0.15,3318.37,0.00,0.00,0.00,3320.53,3320.57,3319.92,3320.64,3320.62,0.180,3.60,16.55,46.39,46.39,-0.82,-0.20,-0.62,3318.59,3318.44,963,816,14.3,71.4,6,1,CROSS=EMA9<EMA21;TREND=1;STRUCT=1;VOL=1;COOL=1;EMA50=1;VWAP=1;BIAS=1,0.00,0.00,21863.76,21862.86,KZ=NY; KZR=Asia L @ 3327.69 303 bars ago (low taken); EVENING 4PM-12AM IST session: stop x1.00 of usual; no partials; full size to TP5; SL steps BE->TP1->TP2->TP3
1120,2025.07.29 17:36:26,2025.07.29 20:06:26,EXIT_SL,XAUUSD,M5,406,SELL,FULLTGT,EVENING,0,3318.37,3325.56,3325.56,7.19,1.00,7.19,3311.18,3303.98,3296.79,3289.60,3282.41,0.15,0.15,0.00,3325.58,0.00,-1.00,-109.21,3320.33,3320.41,3319.89,3320.12,3320.31,0.119,4.38,23.35,58.84,58.84,0.30,-0.77,1.07,3318.62,3324.51,874,906,57.1,14.3,5,1,CROSS=EMA9<EMA21;TREND=1;STRUCT=1;VOL=1;COOL=1;EMA50=1;VWAP=1;BIAS=1,0.89,-1.00,21755.08,21755.08,stopped at the initial SL (x1.00 of usual)
1121,2025.07.29 17:40:00,2025.07.29 20:10:00,SKIP,XAUUSD,M5,406,FLAT,NA,EVENING,0,0.00,0.00,0.00,0.00,1.00,0.00,0.00,0.00,0.00,0.00,0.00,0.00,0.00,0.00,0.00,0.00,0.00,0.00,3320.61,3320.55,3319.97,3320.33,3320.41,0.132,4.40,27.16,61.06,61.06,0.72,-0.60,1.32,3318.69,3325.92,867,918,85.7,0.0,7,1,CROSS=EMA9<EMA21;TREND=1;STRUCT=1;VOL=1;COOL=1;EMA50=1;VWAP=1;BIAS=1,0.00,0.00,21755.08,21755.08,outside the killzone window
1122,2025.07.30 01:00:00,2025.07.30 03:30:00,DAY_SUMMARY,XAUUSD,M5,406,FLAT,NA,DAY,0,0.00,0.00,0.00,0.00,1.00,0.00,0.00,0.00,0.00,0.00,0.00,0.00,0.00,0.00,0.00,0.00,-2.01,-221.23,3325.97,3325.26,3323.69,3325.95,3325.23,1.577,1.00,21.94,52.34,52.34,-0.13,-0.28,0.15,3320.62,3326.34,212,327,71.4,0.0,9,1,CROSS=EMA9<EMA21;TREND=1;STRUCT=1;VOL=1;COOL=1;EMA50=1;VWAP=1;BIAS=1,0.00,0.00,21755.08,21755.08,2025.07.29 trades=2 W=0 L=2 gross_profit=0.00 gross_loss=221.23 net=-221.23 PF=0.00
1123,2025.07.30 09:00:00,2025.07.30 11:30:00,SKIP,XAUUSD,M5,406,FLAT,NA,DAY,0,0.00,0.00,0.00,0.00,1.00,0.00,0.00,0.00,0.00,0.00,0.00,0.00,0.00,0.00,0.00,0.00,0.00,0.00,3327.65,3327.66,3326.70,3327.79,3327.73,0.471,2.03,18.34,41.82,41.82,-0.45,-0.23,-0.22,3328.06,3324.98,494,276,0.0,85.7,6,1,CROSS=EMA9<EMA21;TREND=1;STRUCT=1;VOL=1;COOL=1;EMA50=1;VWAP=1;BIAS=1,0.00,0.00,21755.08,21755.08,already positioned that way
1124,2025.07.30 10:50:00,2025.07.30 13:20:00,ENTRY,XAUUSD,M5,408,BUY,FULLTGT,DAY,0,3329.73,3325.25,3325.25,4.48,1.00,4.48,3334.21,3338.69,3343.17,3347.65,3352.13,0.24,0.24,0.24,3329.73,0.00,0.00,0.00,3327.45,3327.42,3326.76,3327.34,3327.36,0.293,2.24,34.32,58.91,58.91,0.63,0.49,0.14,3327.75,3329.69,396,428,85.7,0.0,5,1,CROSS=EMA9>EMA21;TREND=1;STRUCT=1;VOL=1;COOL=1;EMA50=1;VWAP=1;BIAS=1,0.00,0.00,21754.24,21753.04,KZ=LONDON; KZR=Asia L @ 3327.69 518 bars ago (low taken); DAY 12AM-4PM IST session: stop x1.00 of usual; no partials; full size to TP5; SL steps BE->TP1->TP2->TP3
1125,2025.07.30 14:06:40,2025.07.30 16:36:40,EXIT_SL,XAUUSD,M5,408,BUY,FULLTGT,EVENING,0,3329.73,3325.25,3325.25,4.48,1.00,4.48,3334.21,3338.69,3343.17,3347.65,3352.13,0.24,0.24,0.00,3325.24,0.00,-1.00,-109.44,3329.63,3329.18,3328.16,3329.73,3329.22,0.476,2.16,16.93,39.16,39.16,-0.63,-0.40,-0.23,3328.52,3327.76,394,392,14.3,71.4,8,1,CROSS=EMA9>EMA21;TREND=1;STRUCT=1;VOL=1;COOL=1;EMA50=1;VWAP=1;BIAS=1,0.96,-0.99,21645.64,21645.64,stopped at the initial SL (x1.00 of usual)
1126,2025.07.30 14:50:00,2025.07.30 17:20:00,ENTRY,XAUUSD,M5,410,SELL,FULLTGT,EVENING,0,3326.47,3330.33,3330.33,3.86,1.00,3.86,3322.61,3318.76,3314.90,3311.04,3307.18,0.28,0.28,0.28,3326.47,0.00,0.00,0.00,3328.84,3328.84,3328.08,3328.96,3328.90,0.391,1.93,23.87,40.58,40.58,-0.83,-0.72,-0.11,3328.43,3326.47,426,418,14.3,71.4,5,1,CROSS=EMA9<EMA21;TREND=1;STRUCT=1;VOL=1;COOL=1;EMA50=1;VWAP=1;BIAS=1,0.00,0.00,21644.66,21643.26,KZ=NY; KZR=Asia L @ 3327.69 566 bars ago (low taken); EVENING 4PM-12AM IST session: stop x1.00 of usual; no partials; full size to TP5; SL steps BE->TP1->TP2->TP3
1127,2025.07.30 14:55:00,2025.07.30 17:25:00,FLIP,XAUUSD,M5,410,SELL,FULLTGT,EVENING,0,3326.47,3330.33,3330.33,3.86,1.00,3.86,3322.61,3318.76,3314.90,3311.04,3307.18,0.28,0.00,0.00,3329.09,0.00,-0.68,0.00,3328.85,3328.84,3328.09,3328.84,3328.84,0.367,2.03,22.36,51.84,51.84,-0.66,-0.71,0.05,3328.43,3329.04,415,404,85.7,0.0,5,1,CROSS=EMA9>EMA21;TREND=1;STRUCT=1;VOL=1;COOL=1;EMA50=1;VWAP=1;BIAS=1,0.10,-0.68,21644.66,21571.30,opposite signal before SL/target | SELL -> BUY | closing trade 410
1128,2025.07.30 14:55:00,2025.07.30 17:25:00,EXIT_FLIP,XAUUSD,M5,410,SELL,FULLTGT,EVENING,0,3326.47,3330.33,3330.33,3.86,1.00,3.86,3322.61,3318.76,3314.90,3311.04,3307.18,0.28,0.28,0.00,3329.09,0.00,-0.68,0.00,3328.85,3328.84,3328.09,3328.84,3328.84,0.367,2.03,22.36,51.84,51.84,-0.66,-0.71,0.05,3328.43,3329.04,415,404,85.7,0.0,5,1,CROSS=EMA9>EMA21;TREND=1;STRUCT=1;VOL=1;COOL=1;EMA50=1;VWAP=1;BIAS=1,0.10,-0.68,21570.32,21570.32,FLIP exit
1129,2025.07.30 14:55:00,2025.07.30 17:25:00,EXIT_OTHER,XAUUSD,M5,410,SELL,FULLTGT,EVENING,0,3326.47,3330.33,3330.33,3.86,1.00,3.86,3322.61,3318.76,3314.90,3311.04,3307.18,0.28,0.28,0.00,3329.09,0.00,-0.68,-75.32,3328.85,3328.84,3328.09,3328.84,3328.84,0.367,2.03,22.36,51.84,51.84,-0.66,-0.71,0.05,3328.43,3329.04,415,404,85.7,0.0,5,1,CROSS=EMA9>EMA21;TREND=1;STRUCT=1;VOL=1;COOL=1;EMA50=1;VWAP=1;BIAS=1,0.10,-0.68,21570.32,21570.32,FLIP exit
1130,2025.07.30 14:55:00,2025.07.30 17:25:00,ENTRY,XAUUSD,M5,412,BUY,FULLTGT,EVENING,410,3329.09,3325.02,3325.02,4.07,1.00,4.07,3333.16,3337.23,3341.30,3345.36,3349.43,0.26,0.26,0.26,3329.09,0.00,0.00,0.00,3328.85,3328.84,3328.09,3328.84,3328.84,0.367,2.03,22.36,51.84,51.84,-0.66,-0.71,0.05,3328.43,3329.04,415,404,85.7,0.0,5,1,CROSS=EMA9>EMA21;TREND=1;STRUCT=1;VOL=1;COOL=1;EMA50=1;VWAP=1;BIAS=1,0.00,0.00,21569.41,21568.11,KZ=NY; KZR=Asia L @ 3327.69 567 bars ago (low taken); EVENING 4PM-12AM IST session: stop x1.00 of usual; no partials; full size to TP5; SL steps BE->TP1->TP2->TP3; flipped from trade 410
1131,2025.07.30 15:31:27,2025.07.30 18:01:27,EXIT_SL,XAUUSD,M5,412,BUY,FULLTGT,EVENING,410,3329.09,3325.02,3325.02,4.07,1.00,4.07,3333.16,3337.23,3341.30,3345.36,3349.43,0.26,0.26,0.00,3325.00,0.00,-1.01,-108.16,3328.85,3328.85,3328.17,3328.88,3328.87,0.279,2.47,17.87,48.90,48.90,-0.22,-0.34,0.12,3328.46,3328.39,664,474,42.9,42.9,10,1,CROSS=EMA9>EMA21;TREND=1;STRUCT=1;VOL=1;COOL=1;EMA50=1;VWAP=1;BIAS=1,0.69,-0.98,21462.16,21462.16,stopped at the initial SL (x1.00 of usual)
1132,2025.07.30 15:35:00,2025.07.30 18:05:00,ENTRY,XAUUSD,M5,414,SELL,FULLTGT,EVENING,0,3323.75,3329.20,3329.20,5.45,1.00,5.45,3318.30,3312.85,3307.40,3301.94,3296.49,0.19,0.19,0.19,3323.75,0.00,0.00,0.00,3328.61,3328.73,3328.11,3328.85,3328.85,0.227,2.73,19.29,36.30,36.30,-0.58,-0.31,-0.27,3328.41,3323.78,1006,508,0.0,85.7,9,1,CROSS=EMA9<EMA21;TREND=1;STRUCT=1;VOL=1;COOL=1;EMA50=1;VWAP=1;BIAS=1,0.00,0.00,21461.49,21459.78,KZ=NY; KZR=Asia L @ 3327.69 575 bars ago (low taken); EVENING 4PM-12AM IST session: stop x1.00 of usual; no partials; full size to TP5; SL steps BE->TP1->TP2->TP3
1133,2025.07.30 15:50:37,2025.07.30 18:20:37,SL_MOVE,XAUUSD,M5,414,SELL,FULLTGT,EVENING,0,3323.75,3329.20,3323.75,5.45,1.00,5.45,3318.30,3312.85,3307.40,3301.94,3296.49,0.19,0.00,0.19,3323.75,1.00,0.00,0.00,3327.80,3328.30,3327.92,3328.17,3328.50,0.128,3.01,20.43,30.24,30.24,-1.44,-0.54,-0.90,3328.19,3320.43,775,578,0.0,85.7,7,1,CROSS=EMA9<EMA21;TREND=1;STRUCT=1;VOL=1;COOL=1;EMA50=1;VWAP=1;BIAS=1,0.99,-0.41,21461.49,21565.23,stop to breakeven
1134,2025.07.30 15:50:37,2025.07.30 18:20:37,TP1_REACHED,XAUUSD,M5,414,SELL,FULLTGT,EVENING,0,3323.75,3329.20,3323.75,5.45,1.00,5.45,3318.30,3312.85,3307.40,3301.94,3296.49,0.19,0.00,0.19,3318.30,1.00,1.00,0.00,3327.80,3328.30,3327.92,3328.17,3328.50,0.128,3.01,20.43,30.24,30.24,-1.44,-0.54,-0.90,3328.19,3320.43,775,578,0.0,85.7,7,1,CROSS=EMA9<EMA21;TREND=1;STRUCT=1;VOL=1;COOL=1;EMA50=1;VWAP=1;BIAS=1,0.99,-0.41,21461.49,21565.23,full target: no partial booked
1135,2025.07.30 15:55:13,2025.07.30 18:25:13,SL_MOVE,XAUUSD,M5,414,SELL,FULLTGT,EVENING,0,3323.75,3329.20,3318.30,5.45,1.00,5.45,3318.30,3312.85,3307.40,3301.94,3296.49,0.19,0.00,0.19,3318.30,2.00,0.00,0.00,3327.11,3327.94,3327.74,3327.80,3328.30,0.060,3.39,23.64,21.83,21.83,-2.28,-0.78,-1.50,3327.98,3313.81,1084,607,0.0,85.7,10,1,CROSS=EMA9<EMA21;TREND=1;STRUCT=1;VOL=1;COOL=1;EMA50=1;VWAP=1;BIAS=1,1.99,-0.41,21461.49,21668.78,stop trailed to TP1
1136,2025.07.30 15:55:13,2025.07.30 18:25:13,TP2_REACHED,XAUUSD,M5,414,SELL,FULLTGT,EVENING,0,3323.75,3329.20,3318.30,5.45,1.00,5.45,3318.30,3312.85,3307.40,3301.94,3296.49,0.19,0.00,0.19,3312.85,2.00,2.00,0.00,3327.11,3327.94,3327.74,3327.80,3328.30,0.060,3.39,23.64,21.83,21.83,-2.28,-0.78,-1.50,3327.98,3313.81,1084,607,0.0,85.7,10,1,CROSS=EMA9<EMA21;TREND=1;STRUCT=1;VOL=1;COOL=1;EMA50=1;VWAP=1;BIAS=1,1.99,-0.41,21461.49,21668.78,full target: no partial booked
1137,2025.07.30 16:28:18,2025.07.30 18:58:18,SL_MOVE,XAUUSD,M5,414,SELL,FULLTGT,EVENING,0,3323.75,3329.20,3312.85,5.45,1.00,5.45,3318.30,3312.85,3307.40,3301.94,3296.49,0.19,0.00,0.19,3312.85,3.00,0.00,0.00,3322.94,3325.60,3326.54,3323.66,3326.02,-0.226,4.18,36.24,23.73,23.73,-4.95,-3.27,-1.68,3326.53,3308.91,826,783,0.0,100.0,5,1,CROSS=EMA9<EMA21;TREND=1;STRUCT=1;VOL=1;COOL=1;EMA50=1;VWAP=1;BIAS=1,3.01,-0.41,21461.49,21773.09,stop trailed to TP2
1138,2025.07.30 16:28:18,2025.07.30 18:58:18,TP3_REACHED,XAUUSD,M5,414,SELL,FULLTGT,EVENING,0,3323.75,3329.20,3312.85,5.45,1.00,5.45,3318.30,3312.85,3307.40,3301.94,3296.49,0.19,0.00,0.19,3307.40,3.00,3.00,0.00,3322.94,3325.60,3326.54,3323.66,3326.02,-0.226,4.18,36.24,23.73,23.73,-4.95,-3.27,-1.68,3326.53,3308.91,826,783,0.0,100.0,5,1,CROSS=EMA9<EMA21;TREND=1;STRUCT=1;VOL=1;COOL=1;EMA50=1;VWAP=1;BIAS=1,3.01,-0.41,21461.49,21773.09,full target: no partial booked
1139,2025.07.30 16:33:13,2025.07.30 19:03:13,SL_MOVE,XAUUSD,M5,414,SELL,FULLTGT,EVENING,0,3323.75,3329.20,3307.40,5.45,1.00,5.45,3318.30,3312.85,3307.40,3301.94,3296.49,0.19,0.00,0.19,3307.40,4.00,0.00,0.00,3322.09,3325.10,3326.28,3322.94,3325.60,-0.269,4.39,39.51,20.52,20.52,-5.40,-3.75,-1.65,3326.26,3305.38,968,810,0.0,100.0,9,1,CROSS=EMA9<EMA21;TREND=1;STRUCT=1;VOL=1;COOL=1;EMA50=1;VWAP=1;BIAS=1,4.00,-0.41,21461.49,21876.07,stop trailed to TP3
1140,2025.07.30 16:33:13,2025.07.30 19:03:13,TP4_REACHED,XAUUSD,M5,414,SELL,FULLTGT,EVENING,0,3323.75,3329.20,3307.40,5.45,1.00,5.45,3318.30,3312.85,3307.40,3301.94,3296.49,0.19,0.00,0.19,3301.94,4.00,4.00,0.00,3322.09,3325.10,3326.28,3322.94,3325.60,-0.269,4.39,39.51,20.52,20.52,-5.40,-3.75,-1.65,3326.26,3305.38,968,810,0.0,100.0,9,1,CROSS=EMA9<EMA21;TREND=1;STRUCT=1;VOL=1;COOL=1;EMA50=1;VWAP=1;BIAS=1,4.00,-0.41,21461.49,21876.07,full target: no partial booked
1141,2025.07.30 16:34:37,2025.07.30 19:04:37,EXIT_TRAIL_SL,XAUUSD,M5,414,SELL,FULLTGT,EVENING,0,3323.75,3329.20,3307.40,5.45,1.00,5.45,3318.30,3312.85,3307.40,3301.94,3296.49,0.19,0.19,0.00,3307.42,0.00,3.00,308.93,3322.09,3325.10,3326.28,3322.94,3325.60,-0.269,4.39,39.51,20.52,20.52,-5.40,-3.75,-1.65,3326.26,3305.38,968,810,0.0,100.0,11,1,CROSS=EMA9<EMA21;TREND=1;STRUCT=1;VOL=1;COOL=1;EMA50=1;VWAP=1;BIAS=1,4.04,-0.41,21771.09,21771.09,stopped at a trailed level
1142,2025.07.31 01:00:00,2025.07.31 03:30:00,DAY_SUMMARY,XAUUSD,M5,414,FLAT,NA,DAY,0,0.00,0.00,0.00,0.00,1.00,0.00,0.00,0.00,0.00,0.00,0.00,0.00,0.00,0.00,0.00,0.00,0.31,16.01,3280.36,3289.20,3300.56,3280.64,3289.57,-3.893,2.92,30.58,45.19,45.19,-2.87,-4.26,1.39,3309.36,3274.90,256,628,14.3,71.4,8,1,CROSS=EMA9<EMA21;TREND=1;STRUCT=1;VOL=1;COOL=1;EMA50=1;VWAP=1;BIAS=1,0.00,0.00,21771.09,21771.09,2025.07.30 trades=4 W=1 L=3 gross_profit=308.93 gross_loss=292.92 net=16.01 PF=1.05
1143,2025.07.31 05:10:00,2025.07.31 07:40:00,ENTRY,XAUUSD,M5,416,BUY,FULLTGT,DAY,0,3294.95,3289.44,3289.44,5.51,1.00,5.51,3300.46,3305.96,3311.47,3316.98,3322.49,0.19,0.19,0.19,3294.95,0.00,0.00,0.00,3286.78,3286.77,3293.30,3286.37,3286.57,-2.370,2.75,27.81,70.14,70.14,2.67,2.11,0.56,3285.53,3294.82,431,527,85.7,0.0,5,1,CROSS=EMA9>EMA21;TREND=1;STRUCT=1;VOL=1;COOL=1;EMA50=1;VWAP=1;BIAS=1,0.00,0.00,21770.42,21769.47,KZ=ASIA; KZR=NY L @ 3298.42 129 bars ago (low taken); DAY 12AM-4PM IST session: stop x1.00 of usual; no partials; full size to TP5; SL steps BE->TP1->TP2->TP3
1144,2025.07.31 08:57:37,2025.07.31 11:27:37,SL_MOVE,XAUUSD,M5,416,BUY,FULLTGT,DAY,0,3294.95,3289.44,3294.95,5.51,1.00,5.51,3300.46,3305.96,3311.47,3316.98,3322.49,0.19,0.00,0.19,3294.95,1.00,0.00,0.00,3295.16,3292.92,3294.34,3294.96,3292.77,-0.898,1.58,16.07,63.42,63.42,0.62,0.63,-0.01,3289.88,3299.04,347,269,71.4,14.3,8,1,CROSS=EMA9>EMA21;TREND=1;STRUCT=1;VOL=1;COOL=1;EMA50=1;VWAP=1;BIAS=1,1.00,-0.80,21770.42,21875.68,stop to breakeven
1145,2025.07.31 08:57:37,2025.07.31 11:27:37,TP1_REACHED,XAUUSD,M5,416,BUY,FULLTGT,DAY,0,3294.95,3289.44,3294.95,5.51,1.00,5.51,3300.46,3305.96,3311.47,3316.98,3322.49,0.19,0.00,0.19,3300.46,1.00,1.00,0.00,3295.16,3292.92,3294.34,3294.96,3292.77,-0.898,1.58,16.07,63.42,63.42,0.62,0.63,-0.01,3289.88,3299.04,347,269,71.4,14.3,8,1,CROSS=EMA9>EMA21;TREND=1;STRUCT=1;VOL=1;COOL=1;EMA50=1;VWAP=1;BIAS=1,1.00,-0.80,21770.42,21875.68,full target: no partial booked
1146,2025.07.31 10:45:27,2025.07.31 13:15:27,SL_MOVE,XAUUSD,M5,416,BUY,FULLTGT,DAY,0,3294.95,3289.44,3300.46,5.51,1.00,5.51,3300.46,3305.96,3311.47,3316.98,3322.49,0.19,0.00,0.19,3300.46,2.00,0.00,0.00,3299.27,3296.47,3296.02,3299.01,3296.28,0.186,2.44,16.75,63.77,63.77,0.99,0.86,0.13,3292.65,3304.19,515,503,85.7,0.0,7,1,CROSS=EMA9>EMA21;TREND=1;STRUCT=1;VOL=1;COOL=1;EMA50=1;VWAP=1;BIAS=1,1.99,-0.80,21770.42,21980.56,stop trailed to TP1
1147,2025.07.31 10:45:27,2025.07.31 13:15:27,TP2_REACHED,XAUUSD,M5,416,BUY,FULLTGT,DAY,0,3294.95,3289.44,3300.46,5.51,1.00,5.51,3300.46,3305.96,3311.47,3316.98,3322.49,0.19,0.00,0.19,3305.96,2.00,2.00,0.00,3299.27,3296.47,3296.02,3299.01,3296.28,0.186,2.44,16.75,63.77,63.77,0.99,0.86,0.13,3292.65,3304.19,515,503,85.7,0.0,7,1,CROSS=EMA9>EMA21;TREND=1;STRUCT=1;VOL=1;COOL=1;EMA50=1;VWAP=1;BIAS=1,1.99,-0.80,21770.42,21980.56,full target: no partial booked
1148,2025.07.31 11:18:29,2025.07.31 13:48:29,SL_MOVE,XAUUSD,M5,416,BUY,FULLTGT,DAY,0,3294.95,3289.44,3305.96,5.51,1.00,5.51,3300.46,3305.96,3311.47,3316.98,3322.49,0.19,0.00,0.19,3305.96,3.00,0.00,0.00,3301.19,3297.89,3296.79,3300.83,3297.63,0.368,3.00,25.80,67.63,67.63,2.14,1.41,0.72,3293.63,3308.24,485,508,85.7,0.0,5,1,CROSS=EMA9>EMA21;TREND=1;STRUCT=1;VOL=1;COOL=1;EMA50=1;VWAP=1;BIAS=1,2.99,-0.80,21770.42,22085.25,stop trailed to TP2
1149,2025.07.31 11:18:29,2025.07.31 13:48:29,TP3_REACHED,XAUUSD,M5,416,BUY,FULLTGT,DAY,0,3294.95,3289.44,3305.96,5.51,1.00,5.51,3300.46,3305.96,3311.47,3316.98,3322.49,0.19,0.00,0.19,3311.47,3.00,3.00,0.00,3301.19,3297.89,3296.79,3300.83,3297.63,0.368,3.00,25.80,67.63,67.63,2.14,1.41,0.72,3293.63,3308.24,485,508,85.7,0.0,5,1,CROSS=EMA9>EMA21;TREND=1;STRUCT=1;VOL=1;COOL=1;EMA50=1;VWAP=1;BIAS=1,2.99,-0.80,21770.42,22085.25,full target: no partial booked
1150,2025.07.31 12:34:04,2025.07.31 15:04:04,EXIT_TRAIL_SL,XAUUSD,M5,416,BUY,FULLTGT,DAY,0,3294.95,3289.44,3305.96,5.51,1.00,5.51,3300.46,3305.96,3311.47,3316.98,3322.49,0.19,0.19,0.00,3305.96,0.00,2.00,207.85,3306.18,3301.91,3299.18,3306.11,3301.77,1.073,2.54,27.94,48.54,48.54,1.74,2.42,-0.68,3295.66,3307.47,414,456,42.9,42.9,6,1,CROSS=EMA9>EMA21;TREND=1;STRUCT=1;VOL=1;COOL=1;EMA50=1;VWAP=1;BIAS=1,3.61,-0.80,21978.94,21978.94,stopped at a trailed level
1151,2025.07.31 17:35:00,2025.07.31 20:05:00,SKIP,XAUUSD,M5,416,FLAT,NA,EVENING,0,0.00,0.00,0.00,0.00,1.00,0.00,0.00,0.00,0.00,0.00,0.00,0.00,0.00,0.00,0.00,0.00,0.00,0.00,3303.36,3303.46,3301.83,3303.85,3303.71,0.484,3.37,53.28,25.31,25.31,-2.70,-1.50,-1.20,3299.18,3293.67,986,916,0.0,100.0,6,1,CROSS=EMA9>EMA21;TREND=1;STRUCT=1;VOL=1;COOL=1;EMA50=1;VWAP=1;BIAS=1,0.00,0.00,21978.94,21978.94,outside the killzone window
1152,2025.08.01 01:00:00,2025.08.01 03:30:00,DAY_SUMMARY,XAUUSD,M5,416,FLAT,NA,DAY,0,0.00,0.00,0.00,0.00,1.00,0.00,0.00,0.00,0.00,0.00,0.00,0.00,0.00,0.00,0.00,0.00,2.00,207.85,3293.15,3295.03,3296.95,3293.32,3295.16,-1.326,1.45,30.47,37.70,37.70,-0.98,-0.86,-0.12,3297.83,3289.94,160,339,0.0,85.7,9,1,CROSS=EMA9>EMA21;TREND=1;STRUCT=1;VOL=1;COOL=1;EMA50=1;VWAP=1;BIAS=1,0.00,0.00,21978.94,21978.94,2025.07.31 trades=1 W=1 L=0 gross_profit=207.85 gross_loss=0.00 net=207.85 PF=0.00
1153,2025.08.01 01:00:00,2025.08.01 03:30:00,MONTH_SUMMARY,XAUUSD,M5,416,FLAT,NA,DAY,0,0.00,0.00,0.00,0.00,1.00,0.00,0.00,0.00,0.00,0.00,0.00,0.00,0.00,0.00,0.00,0.00,-0.78,-157.46,3293.15,3295.03,3296.95,3293.32,3295.16,-1.326,1.45,30.47,37.70,37.70,-0.98,-0.86,-0.12,3297.83,3289.94,160,339,0.0,85.7,9,1,CROSS=EMA9>EMA21;TREND=1;STRUCT=1;VOL=1;COOL=1;EMA50=1;VWAP=1;BIAS=1,0.00,0.00,21978.94,21978.94,days=15 trades=33 W=9 L=24 gross_profit=2113.57 gross_loss=2271.03 net=-157.46 PF=0.93 pips=-1157.0
1154,2025.08.01 08:10:00,2025.08.01 10:40:00,SKIP,XAUUSD,M5,416,FLAT,NA,DAY,0,0.00,0.00,0.00,0.00,1.00,0.00,0.00,0.00,0.00,0.00,0.00,0.00,0.00,0.00,0.00,0.00,0.00,0.00,3291.92,3291.86,3293.19,3291.80,3291.80,-0.699,1.91,18.60,57.53,57.53,0.48,0.47,0.01,3290.69,3294.20,386,347,85.7,0.0,5,1,CROSS=EMA9>EMA21;TREND=1;STRUCT=1;VOL=1;COOL=1;EMA50=1;VWAP=1;BIAS=1,0.00,0.00,21978.94,21978.94,already positioned that way
1155,2025.08.01 10:35:00,2025.08.01 13:05:00,ENTRY,XAUUSD,M5,418,SELL,FULLTGT,DAY,0,3288.16,3292.36,3292.36,4.20,1.00,4.20,3283.96,3279.75,3275.55,3271.34,3267.14,0.26,0.26,0.26,3288.16,0.00,0.00,0.00,3292.32,3292.34,3293.12,3292.54,3292.44,-0.371,2.10,27.96,35.40,35.40,-0.91,-0.61,-0.31,3291.45,3288.16,542,508,0.0,100.0,7,1,CROSS=EMA9<EMA21;TREND=1;STRUCT=1;VOL=1;COOL=1;EMA50=1;VWAP=1;BIAS=1,0.00,0.00,21978.03,21976.21,KZ=LONDON; KZR=NY L @ 3295.19 204 bars ago (low taken); DAY 12AM-4PM IST session: stop x1.00 of usual; no partials; full size to TP5; SL steps BE->TP1->TP2->TP3
1156,2025.08.01 11:51:42,2025.08.01 14:21:42,EXIT_SL,XAUUSD,M5,418,SELL,FULLTGT,DAY,0,3288.16,3292.36,3292.36,4.20,1.00,4.20,3283.96,3279.75,3275.55,3271.34,3267.14,0.26,0.26,0.00,3292.36,0.00,-1.00,-111.02,3290.07,3290.96,3292.23,3290.04,3290.97,-0.585,2.15,25.49,54.22,54.22,-0.69,-1.26,0.57,3290.95,3290.55,454,495,57.1,28.6,6,1,CROSS=EMA9<EMA21;TREND=1;STRUCT=1;VOL=1;COOL=1;EMA50=1;VWAP=1;BIAS=1,0.69,-0.99,21867.92,21867.92,stopped at the initial SL (x1.00 of usual)
1157,2025.08.01 12:40:00,2025.08.01 15:10:00,SKIP,XAUUSD,M5,418,FLAT,NA,DAY,0,0.00,0.00,0.00,0.00,1.00,0.00,0.00,0.00,0.00,0.00,0.00,0.00,0.00,0.00,0.00,0.00,0.00,0.00,3291.78,3291.73,3292.48,3291.64,3291.66,-0.413,1.83,41.61,61.64,61.64,1.25,0.94,0.30,3291.20,3294.46,382,458,85.7,0.0,5,1,CROSS=EMA9<EMA21;TREND=1;STRUCT=1;VOL=1;COOL=1;EMA50=1;VWAP=1;BIAS=1,0.00,0.00,21867.92,21867.92,outside the killzone window
1158,2025.08.04 01:00:00,2025.08.04 03:30:00,DAY_SUMMARY,XAUUSD,M5,418,FLAT,NA,DAY,0,0.00,0.00,0.00,0.00,1.00,0.00,0.00,0.00,0.00,0.00,0.00,0.00,0.00,0.00,0.00,0.00,-1.00,-111.02,3355.38,3348.24,3335.13,3355.02,3347.88,8.399,1.56,61.52,69.87,69.87,3.08,3.22,-0.14,3321.57,3362.38,148,530,71.4,14.3,8,1,CROSS=EMA9<EMA21;TREND=1;STRUCT=1;VOL=1;COOL=1;EMA50=1;VWAP=1;BIAS=1,0.00,0.00,21867.92,21867.92,2025.08.01 trades=1 W=0 L=1 gross_profit=0.00 gross_loss=111.02 net=-111.02 PF=0.00
1159,2025.08.04 01:00:00,2025.08.04 03:30:00,WEEK_SUMMARY,XAUUSD,M5,418,FLAT,NA,DAY,0,0.00,0.00,0.00,0.00,1.00,0.00,0.00,0.00,0.00,0.00,0.00,0.00,0.00,0.00,0.00,0.00,-1.00,-111.02,3355.38,3348.24,3335.13,3355.02,3347.88,8.399,1.56,61.52,69.87,69.87,3.08,3.22,-0.14,3321.57,3362.38,148,530,71.4,14.3,8,1,CROSS=EMA9<EMA21;TREND=1;STRUCT=1;VOL=1;COOL=1;EMA50=1;VWAP=1;BIAS=1,0.00,0.00,21867.92,21867.92,days=1 trades=1 W=0 L=1 gross_profit=0.00 gross_loss=111.02 net=-111.02 PF=0.00 pips=-420.0
1160,2025.08.05 06:45:00,2025.08.05 09:15:00,SKIP,XAUUSD,M5,418,FLAT,NA,DAY,0,0.00,0.00,0.00,0.00,1.00,0.00,0.00,0.00,0.00,0.00,0.00,0.00,0.00,0.00,0.00,0.00,0.00,0.00,3376.35,3376.43,3374.06,3376.52,3376.52,1.671,1.42,50.59,35.70,35.70,-1.48,-1.36,-0.12,3377.81,3372.94,205,336,0.0,85.7,8,1,CROSS=EMA9<EMA21;TREND=1;STRUCT=1;VOL=1;COOL=1;EMA50=1;VWAP=1;BIAS=1,0.00,0.00,21867.92,21867.92,already positioned that way
1161,2025.08.05 16:50:00,2025.08.05 19:20:00,ENTRY,XAUUSD,M5,420,BUY,FULLTGT,EVENING,0,3377.41,3372.11,3372.11,5.30,1.00,5.30,3382.71,3388.00,3393.30,3398.59,3403.89,0.20,0.20,0.20,3377.41,0.00,0.00,0.00,3364.56,3364.45,3366.66,3363.90,3364.12,-0.833,2.65,75.60,81.45,81.45,5.07,3.88,1.19,3368.90,3377.34,1043,813,100.0,0.0,7,1,CROSS=EMA9>EMA21;TREND=1;STRUCT=1;VOL=1;COOL=1;EMA50=1;VWAP=1;BIAS=1,0.00,0.00,21867.22,21865.82,KZ=NY; KZR=London H @ 3375.56 3 bars ago (high taken); EVENING 4PM-12AM IST session: stop x1.00 of usual; no partials; full size to TP5; SL steps BE->TP1->TP2->TP3
1162,2025.08.05 16:55:40,2025.08.05 19:25:40,EXIT_SL,XAUUSD,M5,420,BUY,FULLTGT,EVENING,0,3377.41,3372.11,3372.11,5.30,1.00,5.30,3382.71,3388.00,3393.30,3398.59,3403.89,0.20,0.20,0.00,3372.09,0.00,-1.00,-107.80,3364.98,3364.67,3366.74,3364.56,3364.45,-0.730,2.84,71.37,65.95,65.95,4.83,4.11,0.72,3368.97,3373.21,912,825,85.7,14.3,12,1,CROSS=EMA9>EMA21;TREND=1;STRUCT=1;VOL=1;COOL=1;EMA50=1;VWAP=1;BIAS=1,0.01,-1.00,21760.12,21760.12,stopped at the initial SL (x1.00 of usual)
1163,2025.08.06 01:00:00,2025.08.06 03:30:00,DAY_SUMMARY,XAUUSD,M5,420,FLAT,NA,DAY,0,0.00,0.00,0.00,0.00,1.00,0.00,0.00,0.00,0.00,0.00,0.00,0.00,0.00,0.00,0.00,0.00,-1.00,-107.80,3380.03,3378.84,3376.16,3380.00,3378.80,2.543,1.06,13.45,53.99,53.99,-0.07,-0.18,0.12,3373.34,3380.66,113,209,71.4,0.0,8,1,CROSS=EMA9>EMA21;TREND=1;STRUCT=1;VOL=1;COOL=1;EMA50=1;VWAP=1;BIAS=1,0.00,0.00,21760.12,21760.12,2025.08.05 trades=1 W=0 L=1 gross_profit=0.00 gross_loss=107.80 net=-107.80 PF=0.00
1164,2025.08.06 05:10:00,2025.08.06 07:40:00,ENTRY,XAUUSD,M5,422,SELL,FULLTGT,DAY,0,3376.19,3381.03,3381.03,4.84,1.00,4.84,3371.35,3366.51,3361.67,3356.83,3351.99,0.22,0.22,0.22,3376.19,0.00,0.00,0.00,3379.95,3379.96,3378.22,3380.14,3380.06,0.720,2.42,26.28,36.55,36.55,-1.49,-1.08,-0.41,3380.38,3376.19,578,490,14.3,85.7,5,1,CROSS=EMA9<EMA21;TREND=1;STRUCT=1;VOL=1;COOL=1;EMA50=1;VWAP=1;BIAS=1,0.00,0.00,21759.35,21758.25,KZ=ASIA; KZR=NY H @ 3385.50 135 bars ago (high taken); DAY 12AM-4PM IST session: stop x1.00 of usual; no partials; full size to TP5; SL steps BE->TP1->TP2->TP3
1165,2025.08.06 08:10:36,2025.08.06 10:40:36,SL_MOVE,XAUUSD,M5,422,SELL,FULLTGT,DAY,0,3376.19,3381.03,3376.19,4.84,1.00,4.84,3371.35,3366.51,3361.67,3356.83,3351.99,0.22,0.00,0.22,3376.19,1.00,0.00,0.00,3375.62,3377.03,3377.10,3375.80,3377.15,-0.067,1.10,29.43,33.89,33.89,-0.99,-0.72,-0.27,3378.46,3372.09,266,239,0.0,100.0,8,1,CROSS=EMA9<EMA21;TREND=1;STRUCT=1;VOL=1;COOL=1;EMA50=1;VWAP=1;BIAS=1,0.99,-0.46,21759.35,21865.83,stop to breakeven
1166,2025.08.06 08:10:36,2025.08.06 10:40:36,TP1_REACHED,XAUUSD,M5,422,SELL,FULLTGT,DAY,0,3376.19,3381.03,3376.19,4.84,1.00,4.84,3371.35,3366.51,3361.67,3356.83,3351.99,0.22,0.00,0.22,3371.35,1.00,1.00,0.00,3375.62,3377.03,3377.10,3375.80,3377.15,-0.067,1.10,29.43,33.89,33.89,-0.99,-0.72,-0.27,3378.46,3372.09,266,239,0.0,100.0,8,1,CROSS=EMA9<EMA21;TREND=1;STRUCT=1;VOL=1;COOL=1;EMA50=1;VWAP=1;BIAS=1,0.99,-0.46,21759.35,21865.83,full target: no partial booked
1167,2025.08.06 09:04:25,2025.08.06 11:34:25,EXIT_BE,XAUUSD,M5,422,SELL,FULLTGT,DAY,0,3376.19,3381.03,3376.19,4.84,1.00,4.84,3371.35,3366.51,3361.67,3356.83,3351.99,0.22,0.22,0.00,3376.19,0.00,-0.00,-1.54,3374.32,3375.97,3376.53,3374.32,3376.02,-0.359,1.55,29.56,53.65,53.65,-0.74,-1.07,0.33,3377.71,3374.31,546,299,57.1,42.9,8,1,CROSS=EMA9<EMA21;TREND=1;STRUCT=1;VOL=1;COOL=1;EMA50=1;VWAP=1;BIAS=1,1.14,-0.46,21758.58,21758.58,stopped at breakeven
1168,2025.08.06 17:25:00,2025.08.06 19:55:00,SKIP,XAUUSD,M5,422,FLAT,NA,EVENING,0,0.00,0.00,0.00,0.00,1.00,0.00,0.00,0.00,0.00,0.00,0.00,0.00,0.00,0.00,0.00,0.00,0.00,0.00,3368.18,3368.06,3369.99,3367.78,3367.86,-0.619,3.12,25.53,65.69,65.69,2.11,1.49,0.62,3371.23,3375.83,744,832,85.7,0.0,5,1,CROSS=EMA9<EMA21;TREND=1;STRUCT=1;VOL=1;COOL=1;EMA50=1;VWAP=1;BIAS=1,0.00,0.00,21758.58,21758.58,outside the killzone window
1169,2025.08.06 23:15:00,2025.08.07 01:45:00,SKIP,XAUUSD,M5,422,FLAT,NA,DAY,0,0.00,0.00,0.00,0.00,1.00,0.00,0.00,0.00,0.00,0.00,0.00,0.00,0.00,0.00,0.00,0.00,0.00,0.00,3372.26,3372.30,3372.16,3372.37,3372.35,0.117,1.18,22.16,39.60,39.60,-0.55,-0.48,-0.07,3372.31,3370.21,261,405,0.0,71.4,5,1,CROSS=EMA9<EMA21;TREND=1;STRUCT=1;VOL=1;COOL=1;EMA50=1;VWAP=1;BIAS=1,0.00,0.00,21758.58,21758.58,outside the killzone window
1170,2025.08.07 01:00:00,2025.08.07 03:30:00,DAY_SUMMARY,XAUUSD,M5,422,FLAT,NA,DAY,0,0.00,0.00,0.00,0.00,1.00,0.00,0.00,0.00,0.00,0.00,0.00,0.00,0.00,0.00,0.00,0.00,0.00,-1.54,3370.93,3371.56,3371.79,3371.01,3371.61,-0.208,1.10,45.64,43.95,43.95,-1.06,-0.97,-0.09,3372.23,3369.28,212,334,0.0,85.7,9,1,CROSS=EMA9<EMA21;TREND=1;STRUCT=1;VOL=1;COOL=1;EMA50=1;VWAP=1;BIAS=1,0.00,0.00,21758.58,21758.58,2025.08.06 trades=1 W=0 L=1 gross_profit=0.00 gross_loss=1.54 net=-1.54 PF=0.00
1171,2025.08.07 04:15:00,2025.08.07 06:45:00,ENTRY,XAUUSD,M5,424,BUY,FULLTGT,DAY,0,3376.50,3372.00,3372.00,4.50,1.00,4.50,3381.00,3385.49,3389.99,3394.49,3398.99,0.24,0.24,0.24,3376.50,0.00,0.00,0.00,3371.39,3371.37,3371.56,3371.13,3371.25,-0.082,2.25,19.36,65.32,65.32,0.98,0.53,0.45,3371.37,3376.35,798,559,85.7,0.0,5,1,CROSS=EMA9>EMA21;TREND=1;STRUCT=1;VOL=1;COOL=1;EMA50=1;VWAP=1;BIAS=1,0.00,0.00,21757.74,21756.54,KZ=ASIA; KZR=London H @ 3378.64 123 bars ago (high taken); DAY 12AM-4PM IST session: stop x1.00 of usual; no partials; full size to TP5; SL steps BE->TP1->TP2->TP3
1172,2025.08.07 04:43:55,2025.08.07 07:13:55,SL_MOVE,XAUUSD,M5,424,BUY,FULLTGT,DAY,0,3376.50,3372.00,3376.50,4.50,1.00,4.50,3381.00,3385.49,3389.99,3394.49,3398.99,0.24,0.00,0.24,3376.50,1.00,0.00,0.00,3372.85,3372.15,3371.94,3372.51,3371.96,0.095,2.14,35.09,71.77,71.77,2.09,1.21,0.88,3372.46,3379.44,634,646,85.7,0.0,5,1,CROSS=EMA9>EMA21;TREND=1;STRUCT=1;VOL=1;COOL=1;EMA50=1;VWAP=1;BIAS=1,1.00,-0.31,21757.74,21865.74,stop to breakeven
1173,2025.08.07 04:43:55,2025.08.07 07:13:55,TP1_REACHED,XAUUSD,M5,424,BUY,FULLTGT,DAY,0,3376.50,3372.00,3376.50,4.50,1.00,4.50,3381.00,3385.49,3389.99,3394.49,3398.99,0.24,0.00,0.24,3381.00,1.00,1.00,0.00,3372.85,3372.15,3371.94,3372.51,3371.96,0.095,2.14,35.09,71.77,71.77,2.09,1.21,0.88,3372.46,3379.44,634,646,85.7,0.0,5,1,CROSS=EMA9>EMA21;TREND=1;STRUCT=1;VOL=1;COOL=1;EMA50=1;VWAP=1;BIAS=1,1.00,-0.31,21757.74,21865.74,full target: no partial booked
1174,2025.08.07 08:33:37,2025.08.07 11:03:37,EXIT_BE,XAUUSD,M5,424,BUY,FULLTGT,DAY,0,3376.50,3372.00,3376.50,4.50,1.00,4.50,3381.00,3385.49,3389.99,3394.49,3398.99,0.24,0.24,0.00,3376.50,0.00,0.00,-1.68,3378.40,3376.94,3375.14,3378.33,3376.87,1.132,1.59,17.31,54.31,54.31,0.11,0.11,0.01,3376.00,3379.71,496,368,85.7,0.0,7,1,CROSS=EMA9>EMA21;TREND=1;STRUCT=1;VOL=1;COOL=1;EMA50=1;VWAP=1;BIAS=1,1.67,-0.31,21756.90,21756.90,stopped at breakeven
1175,2025.08.07 13:15:00,2025.08.07 15:45:00,ENTRY,XAUUSD,M5,426,SELL,FULLTGT,DAY,0,3377.73,3383.32,3383.32,5.59,1.00,5.59,3372.14,3366.55,3360.96,3355.37,3349.78,0.19,0.19,0.19,3377.73,0.00,0.00,0.00,3379.98,3380.03,3378.32,3380.10,3380.09,0.613,2.80,17.74,46.35,46.35,-1.57,-1.85,0.28,3378.93,3377.66,550,733,14.3,57.1,5,1,CROSS=EMA9<EMA21;TREND=1;STRUCT=1;VOL=1;COOL=1;EMA50=1;VWAP=1;BIAS=1,0.00,0.00,21756.23,21755.28,KZ=NY; KZR=Asia H @ 3385.38 42 bars ago (high taken); DAY 12AM-4PM IST session: stop x1.00 of usual; no partials; full size to TP5; SL steps BE->TP1->TP2->TP3
1176,2025.08.07 13:58:28,2025.08.07 16:28:28,SL_MOVE,XAUUSD,M5,426,SELL,FULLTGT,EVENING,0,3377.73,3383.32,3377.73,5.59,1.00,5.59,3372.14,3366.55,3360.96,3355.37,3349.78,0.19,0.00,0.19,3377.73,1.00,0.00,0.00,3378.68,3379.31,3378.11,3378.95,3379.47,0.461,2.62,13.65,39.61,39.61,-1.36,-1.41,0.05,3378.77,3373.35,761,655,14.3,71.4,5,1,CROSS=EMA9<EMA21;TREND=1;STRUCT=1;VOL=1;COOL=1;EMA50=1;VWAP=1;BIAS=1,1.00,-0.22,21756.23,21862.63,stop to breakeven
1177,2025.08.07 13:58:28,2025.08.07 16:28:28,TP1_REACHED,XAUUSD,M5,426,SELL,FULLTGT,EVENING,0,3377.73,3383.32,3377.73,5.59,1.00,5.59,3372.14,3366.55,3360.96,3355.37,3349.78,0.19,0.00,0.19,3372.14,1.00,1.00,0.00,3378.68,3379.31,3378.11,3378.95,3379.47,0.461,2.62,13.65,39.61,39.61,-1.36,-1.41,0.05,3378.77,3373.35,761,655,14.3,71.4,5,1,CROSS=EMA9<EMA21;TREND=1;STRUCT=1;VOL=1;COOL=1;EMA50=1;VWAP=1;BIAS=1,1.00,-0.22,21756.23,21862.63,full target: no partial booked
1178,2025.08.07 14:11:37,2025.08.07 16:41:37,EXIT_BE,XAUUSD,M5,426,SELL,FULLTGT,EVENING,0,3377.73,3383.32,3377.73,5.59,1.00,5.59,3372.14,3366.55,3360.96,3355.37,3349.78,0.19,0.19,0.00,3377.75,0.00,-0.00,-1.72,3377.99,3378.91,3377.94,3378.15,3379.01,0.374,2.58,13.89,44.02,44.02,-1.55,-1.43,-0.11,3378.65,3374.71,597,644,0.0,71.4,10,1,CROSS=EMA9<EMA21;TREND=1;STRUCT=1;VOL=1;COOL=1;EMA50=1;VWAP=1;BIAS=1,1.10,-0.22,21755.18,21755.18,stopped at breakeven
1179,2025.08.07 15:40:00,2025.08.07 18:10:00,ENTRY,XAUUSD,M5,428,BUY,FULLTGT,EVENING,0,3385.79,3378.73,3378.73,7.06,1.00,7.06,3392.85,3399.92,3406.98,3414.05,3421.11,0.15,0.15,0.15,3385.79,0.00,0.00,0.00,3379.40,3379.38,3378.39,3379.08,3379.23,0.281,3.53,37.96,61.55,61.55,1.40,0.37,1.03,3378.86,3385.56,952,769,85.7,14.3,9,1,CROSS=EMA9>EMA21;TREND=1;STRUCT=1;VOL=1;COOL=1;EMA50=1;VWAP=1;BIAS=1,0.00,0.00,21754.65,21753.30,KZ=NY; KZR=Asia H @ 3385.38 71 bars ago (high taken); EVENING 4PM-12AM IST session: stop x1.00 of usual; no partials; full size to TP5; SL steps BE->TP1->TP2->TP3
1180,2025.08.07 16:47:29,2025.08.07 19:17:29,SL_MOVE,XAUUSD,M5,428,BUY,FULLTGT,EVENING,0,3385.79,3378.73,3385.79,7.06,1.00,7.06,3392.85,3399.92,3406.98,3414.05,3421.11,0.15,0.00,0.15,3385.79,1.00,0.00,0.00,3382.23,3380.97,3379.38,3381.80,3380.73,0.443,3.58,41.56,64.99,64.99,2.33,1.71,0.62,3379.54,3390.59,1264,908,100.0,0.0,6,1,CROSS=EMA9>EMA21;TREND=1;STRUCT=1;VOL=1;COOL=1;EMA50=1;VWAP=1;BIAS=1,1.00,-0.84,21754.65,21860.70,stop to breakeven
1181,2025.08.07 16:47:29,2025.08.07 19:17:29,TP1_REACHED,XAUUSD,M5,428,BUY,FULLTGT,EVENING,0,3385.79,3378.73,3385.79,7.06,1.00,7.06,3392.85,3399.92,3406.98,3414.05,3421.11,0.15,0.00,0.15,3392.85,1.00,1.00,0.00,3382.23,3380.97,3379.38,3381.80,3380.73,0.443,3.58,41.56,64.99,64.99,2.33,1.71,0.62,3379.54,3390.59,1264,908,100.0,0.0,6,1,CROSS=EMA9>EMA21;TREND=1;STRUCT=1;VOL=1;COOL=1;EMA50=1;VWAP=1;BIAS=1,1.00,-0.84,21754.65,21860.70,full target: no partial booked
1182,2025.08.07 16:59:38,2025.08.07 19:29:38,EXIT_BE,XAUUSD,M5,428,BUY,FULLTGT,EVENING,0,3385.79,3378.73,3385.79,7.06,1.00,7.06,3392.85,3399.92,3406.98,3414.05,3421.11,0.15,0.15,0.00,3385.78,0.00,-0.00,-1.21,3382.83,3381.34,3379.61,3382.48,3381.13,0.437,3.96,48.85,61.04,61.04,2.43,1.93,0.49,3379.75,3389.72,1190,963,100.0,0.0,1,1,CROSS=EMA9>EMA21;TREND=1;STRUCT=1;VOL=1;COOL=1;EMA50=1;VWAP=1;BIAS=1,1.13,-0.84,21753.97,21753.97,stopped at breakeven
1183,2025.08.08 01:00:00,2025.08.08 03:30:00,DAY_SUMMARY,XAUUSD,M5,428,FLAT,NA,DAY,0,0.00,0.00,0.00,0.00,1.00,0.00,0.00,0.00,0.00,0.00,0.00,0.00,0.00,0.00,0.00,0.00,-0.00,-4.61,3394.81,3391.67,3387.66,3394.75,3391.56,1.462,2.74,20.73,49.04,49.04,1.42,2.40,-0.98,3383.24,3395.88,504,707,28.6,42.9,50,1,CROSS=EMA9>EMA21;TREND=1;STRUCT=1;VOL=1;COOL=1;EMA50=1;VWAP=1;BIAS=1,0.00,0.00,21753.97,21753.97,2025.08.07 trades=3 W=0 L=3 gross_profit=0.00 gross_loss=4.61 net=-4.61 PF=0.00
1184,2025.08.08 04:30:00,2025.08.08 07:00:00,ENTRY,XAUUSD,M5,430,SELL,FULLTGT,DAY,0,3384.59,3392.50,3392.50,7.91,1.00,7.91,3376.68,3368.76,3360.85,3352.94,3345.03,0.13,0.13,0.13,3384.59,0.00,0.00,0.00,3393.43,3393.59,3390.78,3393.89,3393.82,0.712,3.96,51.76,34.16,34.16,-3.67,-2.60,-1.08,3394.31,3384.50,1118,1021,14.3,85.7,5,1,CROSS=EMA9<EMA21;TREND=1;STRUCT=1;VOL=1;COOL=1;EMA50=1;VWAP=1;BIAS=1,0.00,0.00,21753.51,21752.86,KZ=ASIA; KZR=London H @ 3397.29 71 bars ago (high taken); DAY 12AM-4PM IST session: stop x1.00 of usual; no partials; full size to TP5; SL steps BE->TP1->TP2->TP3
1185,2025.08.08 06:33:39,2025.08.08 09:03:39,EXIT_SL,XAUUSD,M5,430,SELL,FULLTGT,DAY,0,3384.59,3392.50,3392.50,7.91,1.00,7.91,3376.68,3368.76,3360.85,3352.94,3345.03,0.13,0.13,0.00,3392.53,0.00,-1.00,-104.14,3388.85,3390.47,3389.69,3388.86,3390.52,0.338,2.33,27.46,52.61,52.61,-0.42,-0.62,0.20,3391.40,3388.75,747,741,57.1,42.9,11,1,CROSS=EMA9<EMA21;TREND=1;STRUCT=1;VOL=1;COOL=1;EMA50=1;VWAP=1;BIAS=1,0.43,-1.00,21649.83,21649.83,stopped at the initial SL (x1.00 of usual)
1186,2025.08.08 07:25:00,2025.08.08 09:55:00,SKIP,XAUUSD,M5,430,FLAT,NA,DAY,0,0.00,0.00,0.00,0.00,1.00,0.00,0.00,0.00,0.00,0.00,0.00,0.00,0.00,0.00,0.00,0.00,0.00,0.00,3391.96,3391.83,3390.51,3391.65,3391.68,0.565,2.34,39.26,70.29,70.29,2.43,1.94,0.49,3391.97,3397.98,625,737,85.7,0.0,5,1,CROSS=EMA9<EMA21;TREND=1;STRUCT=1;VOL=1;COOL=1;EMA50=1;VWAP=1;BIAS=1,0.00,0.00,21649.83,21649.83,outside the killzone window
1187,2025.08.08 13:55:00,2025.08.08 16:25:00,SKIP,XAUUSD,M5,430,FLAT,NA,EVENING,0,0.00,0.00,0.00,0.00,1.00,0.00,0.00,0.00,0.00,0.00,0.00,0.00,0.00,0.00,0.00,0.00,0.00,0.00,3395.36,3395.39,3393.97,3395.72,3395.57,0.586,2.42,53.40,29.45,29.45,-2.71,-1.42,-1.29,3394.10,3388.38,700,794,0.0,85.7,5,1,CROSS=EMA9<EMA21;TREND=1;STRUCT=1;VOL=1;COOL=1;EMA50=1;VWAP=1;BIAS=1,0.00,0.00,21649.83,21649.83,already positioned that way
1188,2025.08.08 17:05:00,2025.08.08 19:35:00,SKIP,XAUUSD,M5,430,FLAT,NA,EVENING,0,0.00,0.00,0.00,0.00,1.00,0.00,0.00,0.00,0.00,0.00,0.00,0.00,0.00,0.00,0.00,0.00,0.00,0.00,3393.37,3393.31,3393.01,3393.19,3393.22,0.061,4.83,25.56,54.76,54.76,1.79,1.00,0.79,3393.42,3396.78,1308,1309,85.7,0.0,7,1,CROSS=EMA9<EMA21;TREND=1;STRUCT=1;VOL=1;COOL=1;EMA50=1;VWAP=1;BIAS=1,0.00,0.00,21649.83,21649.83,outside the killzone window
1189,2025.08.08 17:10:00,2025.08.08 19:40:00,SKIP,XAUUSD,M5,430,FLAT,NA,EVENING,0,0.00,0.00,0.00,0.00,1.00,0.00,0.00,0.00,0.00,0.00,0.00,0.00,0.00,0.00,0.00,0.00,0.00,0.00,3393.18,3393.22,3392.97,3393.37,3393.31,0.047,5.24,22.55,44.22,44.22,1.16,1.07,0.09,3393.39,3389.54,1449,1316,14.3,71.4,10,1,CROSS=EMA9<EMA21;TREND=1;STRUCT=1;VOL=1;COOL=1;EMA50=1;VWAP=1;BIAS=1,0.00,0.00,21649.83,21649.83,outside the killzone window
1190,2025.08.08 19:15:00,2025.08.08 21:45:00,SKIP,XAUUSD,M5,430,FLAT,NA,EVENING,0,0.00,0.00,0.00,0.00,1.00,0.00,0.00,0.00,0.00,0.00,0.00,0.00,0.00,0.00,0.00,0.00,0.00,0.00,3392.59,3392.57,3392.59,3392.45,3392.50,-0.007,2.72,32.75,56.43,56.43,1.24,0.73,0.51,3393.06,3395.34,840,866,85.7,0.0,5,1,CROSS=EMA9<EMA21;TREND=1;STRUCT=1;VOL=1;COOL=1;EMA50=1;VWAP=1;BIAS=1,0.00,0.00,21649.83,21649.83,outside the killzone window
1191,2025.08.11 01:00:00,2025.08.11 03:30:00,DAY_SUMMARY,XAUUSD,M5,430,FLAT,NA,DAY,0,0.00,0.00,0.00,0.00,1.00,0.00,0.00,0.00,0.00,0.00,0.00,0.00,0.00,0.00,0.00,0.00,-1.00,-104.14,3396.25,3395.56,3394.61,3396.19,3395.52,0.372,2.56,19.36,52.60,52.60,0.24,0.03,0.21,3393.71,3397.42,68,603,71.4,0.0,8,1,CROSS=EMA9<EMA21;TREND=1;STRUCT=1;VOL=1;COOL=1;EMA50=1;VWAP=1;BIAS=1,0.00,0.00,21649.83,21649.83,2025.08.08 trades=1 W=0 L=1 gross_profit=0.00 gross_loss=104.14 net=-104.14 PF=0.00
1192,2025.08.11 01:00:00,2025.08.11 03:30:00,WEEK_SUMMARY,XAUUSD,M5,430,FLAT,NA,DAY,0,0.00,0.00,0.00,0.00,1.00,0.00,0.00,0.00,0.00,0.00,0.00,0.00,0.00,0.00,0.00,0.00,-2.01,-218.09,3396.25,3395.56,3394.61,3396.19,3395.52,0.372,2.56,19.36,52.60,52.60,0.24,0.03,0.21,3393.71,3397.42,68,603,71.4,0.0,8,1,CROSS=EMA9<EMA21;TREND=1;STRUCT=1;VOL=1;COOL=1;EMA50=1;VWAP=1;BIAS=1,0.00,0.00,21649.83,21649.83,days=4 trades=6 W=0 L=6 gross_profit=0.00 gross_loss=218.09 net=-218.09 PF=0.00 pips=-1329.0
1193,2025.08.11 02:45:00,2025.08.11 05:15:00,SKIP,XAUUSD,M5,430,FLAT,NA,DAY,0,0.00,0.00,0.00,0.00,1.00,0.00,0.00,0.00,0.00,0.00,0.00,0.00,0.00,0.00,0.00,0.00,0.00,0.00,3395.23,3395.23,3394.66,3395.30,3395.27,0.319,1.81,14.11,46.26,46.26,-0.45,-0.45,0.00,3395.56,3393.86,162,244,14.3,57.1,9,1,CROSS=EMA9<EMA21;TREND=1;STRUCT=1;VOL=1;COOL=1;EMA50=1;VWAP=1;BIAS=1,0.00,0.00,21649.83,21649.83,already positioned that way
1194,2025.08.12 04:05:00,2025.08.12 06:35:00,ENTRY,XAUUSD,M5,432,BUY,FULLTGT,DAY,0,3354.58,3351.06,3351.06,3.52,1.00,3.52,3358.10,3361.62,3365.14,3368.65,3372.17,0.30,0.30,0.30,3354.58,0.00,0.00,0.00,3350.37,3350.28,3353.32,3350.15,3350.18,-1.726,1.76,56.52,68.03,68.03,1.94,1.55,0.39,3349.40,3354.48,661,345,85.7,14.3,10,1,CROSS=EMA9>EMA21;TREND=1;STRUCT=1;VOL=1;COOL=1;EMA50=1;VWAP=1;BIAS=1,0.00,0.00,21648.78,21645.78,KZ=ASIA; KZR=NY L @ 3344.44 125 bars ago (low taken); DAY 12AM-4PM IST session: stop x1.00 of usual; no partials; full size to TP5; SL steps BE->TP1->TP2->TP3
1195,2025.08.12 04:23:04,2025.08.12 06:53:04,EXIT_SL,XAUUSD,M5,432,BUY,FULLTGT,DAY,0,3354.58,3351.06,3351.06,3.52,1.00,3.52,3358.10,3361.62,3365.14,3368.65,3372.17,0.30,0.30,0.00,3351.03,0.00,-1.01,-108.60,3351.15,3350.70,3353.42,3350.90,3350.56,-1.490,1.83,54.33,70.43,70.43,2.10,1.87,0.23,3350.17,3356.05,389,393,85.7,0.0,10,1,CROSS=EMA9>EMA21;TREND=1;STRUCT=1;VOL=1;COOL=1;EMA50=1;VWAP=1;BIAS=1,0.82,-0.99,21541.23,21541.23,stopped at the initial SL (x1.00 of usual)
1196,2025.08.12 09:30:00,2025.08.12 12:00:00,ENTRY,XAUUSD,M5,434,SELL,FULLTGT,DAY,0,3344.90,3350.35,3350.35,5.45,1.00,5.45,3339.45,3333.99,3328.54,3323.09,3317.64,0.19,0.19,0.19,3344.90,0.00,0.00,0.00,3351.28,3351.41,3352.49,3351.61,3351.58,-0.395,2.73,36.55,30.64,30.64,-1.71,-0.42,-1.29,3350.93,3344.90,694,449,14.3,85.7,6,1,CROSS=EMA9<EMA21;TREND=1;STRUCT=1;VOL=1;COOL=1;EMA50=1;VWAP=1;BIAS=1,0.00,0.00,21540.56,21539.42,KZ=LONDON; KZR=Asia L @ 3346.26 2 bars ago (low taken); DAY 12AM-4PM IST session: stop x1.00 of usual; no partials; full size to TP5; SL steps BE->TP1->TP2->TP3
1197,2025.08.12 10:32:31,2025.08.12 13:02:31,EXIT_SL,XAUUSD,M5,434,SELL,FULLTGT,DAY,0,3344.90,3350.35,3350.35,5.45,1.00,5.45,3339.45,3333.99,3328.54,3323.09,3317.64,0.19,0.19,0.00,3350.35,0.00,-1.00,-104.89,3349.22,3350.19,3351.68,3349.23,3350.22,-0.514,2.90,26.48,52.16,52.16,-1.21,-1.62,0.41,3350.39,3349.18,321,514,42.9,42.9,7,1,CROSS=EMA9<EMA21;TREND=1;STRUCT=1;VOL=1;COOL=1;EMA50=1;VWAP=1;BIAS=1,0.47,-1.00,21436.34,21436.34,stopped at the initial SL (x1.00 of usual)
1198,2025.08.12 11:10:00,2025.08.12 13:40:00,ENTRY,XAUUSD,M5,436,BUY,FULLTGT,DAY,0,3354.56,3348.45,3348.45,6.11,1.00,6.11,3360.67,3366.77,3372.88,3378.98,3385.09,0.17,0.17,0.17,3354.56,0.00,0.00,0.00,3351.07,3351.03,3351.98,3350.89,3350.95,-0.311,3.05,28.22,57.98,57.98,1.41,0.56,0.84,3350.76,3354.48,405,484,85.7,0.0,8,1,CROSS=EMA9>EMA21;TREND=1;STRUCT=1;VOL=1;COOL=1;EMA50=1;VWAP=1;BIAS=1,0.00,0.00,21435.74,21434.38,KZ=LONDON; KZR=Asia L @ 3346.26 22 bars ago (low taken); DAY 12AM-4PM IST session: stop x1.00 of usual; no partials; full size to TP5; SL steps BE->TP1->TP2->TP3
1199,2025.08.12 11:33:02,2025.08.12 14:03:02,EXIT_SL,XAUUSD,M5,436,BUY,FULLTGT,DAY,0,3354.56,3348.45,3348.45,6.11,1.00,6.11,3360.67,3366.77,3372.88,3378.98,3385.09,0.17,0.17,0.00,3348.44,0.00,-1.00,-105.24,3351.17,3351.09,3351.97,3351.24,3351.13,-0.299,2.93,25.80,45.99,45.99,0.72,1.18,-0.46,3350.78,3349.86,426,446,14.3,71.4,5,1,CROSS=EMA9>EMA21;TREND=1;STRUCT=1;VOL=1;COOL=1;EMA50=1;VWAP=1;BIAS=1,0.04,-1.00,21331.10,21331.10,stopped at the initial SL (x1.00 of usual)
1200,2025.08.12 11:40:00,2025.08.12 14:10:00,ENTRY,XAUUSD,M5,438,SELL,FULLTGT,DAY,0,3346.99,3352.99,3352.99,6.00,1.00,6.00,3340.99,3334.99,3328.99,3322.98,3316.98,0.17,0.17,0.17,3346.99,0.00,0.00,0.00,3350.86,3350.94,3351.87,3351.06,3351.04,-0.310,3.00,32.11,39.64,39.64,0.01,0.98,-0.98,3350.75,3346.99,365,447,0.0,85.7,5,1,CROSS=EMA9<EMA21;TREND=1;STRUCT=1;VOL=1;COOL=1;EMA50=1;VWAP=1;BIAS=1,0.00,0.00,21330.50,21329.65,KZ=LONDON; KZR=Asia L @ 3346.26 28 bars ago (low taken); DAY 12AM-4PM IST session: stop x1.00 of usual; no partials; full size to TP5; SL steps BE->TP1->TP2->TP3
1201,2025.08.12 14:20:16,2025.08.12 16:50:16,SL_MOVE,XAUUSD,M5,438,SELL,FULLTGT,EVENING,0,3346.99,3352.99,3346.99,6.00,1.00,6.00,3340.99,3334.99,3328.99,3322.98,3316.98,0.17,0.00,0.17,3346.99,1.00,0.00,0.00,3347.34,3348.67,3350.26,3347.60,3348.83,-0.690,2.31,38.55,35.20,35.20,-1.45,-0.96,-0.49,3349.94,3342.27,437,454,0.0,85.7,6,1,CROSS=EMA9<EMA21;TREND=1;STRUCT=1;VOL=1;COOL=1;EMA50=1;VWAP=1;BIAS=1,1.00,-0.78,21330.50,21433.69,stop to breakeven
1202,2025.08.12 14:20:16,2025.08.12 16:50:16,TP1_REACHED,XAUUSD,M5,438,SELL,FULLTGT,EVENING,0,3346.99,3352.99,3346.99,6.00,1.00,6.00,3340.99,3334.99,3328.99,3322.98,3316.98,0.17,0.00,0.17,3340.99,1.00,1.00,0.00,3347.34,3348.67,3350.26,3347.60,3348.83,-0.690,2.31,38.55,35.20,35.20,-1.45,-0.96,-0.49,3349.94,3342.27,437,454,0.0,85.7,6,1,CROSS=EMA9<EMA21;TREND=1;STRUCT=1;VOL=1;COOL=1;EMA50=1;VWAP=1;BIAS=1,1.00,-0.78,21330.50,21433.69,full target: no partial booked
1203,2025.08.12 14:45:38,2025.08.12 17:15:38,EXIT_BE,XAUUSD,M5,438,SELL,FULLTGT,EVENING,0,3346.99,3352.99,3346.99,6.00,1.00,6.00,3340.99,3334.99,3328.99,3322.98,3316.98,0.17,0.17,0.00,3347.00,0.00,-0.00,-1.37,3346.48,3348.05,3349.84,3346.48,3348.09,-0.615,2.92,48.65,52.26,52.26,-1.29,-1.41,0.11,3349.55,3346.44,777,544,57.1,42.9,5,1,CROSS=EMA9<EMA21;TREND=1;STRUCT=1;VOL=1;COOL=1;EMA50=1;VWAP=1;BIAS=1,1.81,-0.78,21329.73,21329.73,stopped at breakeven
1204,2025.08.12 19:35:00,2025.08.12 22:05:00,SKIP,XAUUSD,M5,438,FLAT,NA,EVENING,0,0.00,0.00,0.00,0.00,1.00,0.00,0.00,0.00,0.00,0.00,0.00,0.00,0.00,0.00,0.00,0.00,0.00,0.00,3346.39,3346.33,3347.67,3346.15,3346.21,-0.360,3.71,26.72,58.47,58.47,1.62,2.02,-0.40,3347.74,3351.06,772,934,71.4,14.3,5,1,CROSS=EMA9<EMA21;TREND=1;STRUCT=1;VOL=1;COOL=1;EMA50=1;VWAP=1;BIAS=1,0.00,0.00,21329.73,21329.73,outside the killzone window
1205,2025.08.13 01:00:00,2025.08.13 03:30:00,DAY_SUMMARY,XAUUSD,M5,438,FLAT,NA,DAY,0,0.00,0.00,0.00,0.00,1.00,0.00,0.00,0.00,0.00,0.00,0.00,0.00,0.00,0.00,0.00,0.00,-3.01,-320.10,3348.02,3347.74,3347.99,3348.02,3347.73,-0.229,1.07,20.53,49.71,49.71,0.10,-0.09,0.19,3347.85,3348.03,121,292,42.9,28.6,7,1,CROSS=EMA9<EMA21;TREND=1;STRUCT=1;VOL=1;COOL=1;EMA50=1;VWAP=1;BIAS=1,0.00,0.00,21329.73,21329.73,2025.08.12 trades=4 W=0 L=4 gross_profit=0.00 gross_loss=320.10 net=-320.10 PF=0.00
1206,2025.08.13 03:55:00,2025.08.13 06:25:00,SKIP,XAUUSD,M5,438,FLAT,NA,DAY,0,0.00,0.00,0.00,0.00,1.00,0.00,0.00,0.00,0.00,0.00,0.00,0.00,0.00,0.00,0.00,0.00,0.00,0.00,3348.42,3348.52,3348.47,3348.63,3348.62,0.026,1.86,62.20,32.53,32.53,-1.50,-1.03,-0.48,3348.66,3344.32,538,362,0.0,100.0,8,1,CROSS=EMA9<EMA21;TREND=1;STRUCT=1;VOL=1;COOL=1;EMA50=1;VWAP=1;BIAS=1,0.00,0.00,21329.73,21329.73,already positioned that way
1207,2025.08.13 05:30:00,2025.08.13 08:00:00,ENTRY,XAUUSD,M5,440,BUY,FULLTGT,DAY,0,3352.05,3346.91,3346.91,5.14,1.00,5.14,3357.19,3362.33,3367.47,3372.60,3377.74,0.20,0.20,0.20,3352.05,0.00,0.00,0.00,3348.44,3348.42,3348.40,3348.25,3348.33,0.006,2.57,27.83,60.98,60.98,0.58,0.26,0.32,3348.28,3352.00,449,617,85.7,0.0,5,1,CROSS=EMA9>EMA21;TREND=1;STRUCT=1;VOL=1;COOL=1;EMA50=1;VWAP=1;BIAS=1,0.00,0.00,21329.03,21328.03,KZ=ASIA; KZR=NY L @ 3336.12 147 bars ago (low taken); DAY 12AM-4PM IST session: stop x1.00 of usual; no partials; full size to TP5; SL steps BE->TP1->TP2->TP3
1208,2025.08.13 08:41:35,2025.08.13 11:11:35,EXIT_SL,XAUUSD,M5,440,BUY,FULLTGT,DAY,0,3352.05,3346.91,3346.91,5.14,1.00,5.14,3357.19,3362.33,3367.47,3372.60,3377.74,0.20,0.20,0.00,3346.91,0.00,-1.00,-104.20,3350.18,3349.79,3349.29,3350.32,3349.85,0.368,1.37,22.03,36.71,36.71,-0.33,0.05,-0.37,3349.26,3347.48,558,291,14.3,71.4,5,1,CROSS=EMA9>EMA21;TREND=1;STRUCT=1;VOL=1;COOL=1;EMA50=1;VWAP=1;BIAS=1,0.45,-0.99,21225.53,21225.53,stopped at the initial SL (x1.00 of usual)
1209,2025.08.13 19:40:00,2025.08.13 22:10:00,SKIP,XAUUSD,M5,440,FLAT,NA,EVENING,0,0.00,0.00,0.00,0.00,1.00,0.00,0.00,0.00,0.00,0.00,0.00,0.00,0.00,0.00,0.00,0.00,0.00,0.00,3359.68,3359.69,3357.94,3359.76,3359.74,1.104,1.58,41.01,44.88,44.88,-0.45,-0.96,0.52,3356.40,3357.97,394,559,28.6,57.1,5,1,CROSS=EMA9>EMA21;TREND=1;STRUCT=1;VOL=1;COOL=1;EMA50=1;VWAP=1;BIAS=1,0.00,0.00,21225.53,21225.53,outside the killzone window
1210,2025.08.14 01:00:00,2025.08.14 03:30:00,DAY_SUMMARY,XAUUSD,M5,440,FLAT,NA,DAY,0,0.00,0.00,0.00,0.00,1.00,0.00,0.00,0.00,0.00,0.00,0.00,0.00,0.00,0.00,0.00,0.00,-1.00,-104.20,3356.01,3356.67,3356.77,3356.02,3356.69,-0.114,0.87,26.11,49.27,49.27,0.25,0.50,-0.25,3356.28,3355.88,85,234,0.0,85.7,9,1,CROSS=EMA9>EMA21;TREND=1;STRUCT=1;VOL=1;COOL=1;EMA50=1;VWAP=1;BIAS=1,0.00,0.00,21225.53,21225.53,2025.08.13 trades=1 W=0 L=1 gross_profit=0.00 gross_loss=104.20 net=-104.20 PF=0.00
1211,2025.08.14 02:10:00,2025.08.14 04:40:00,SKIP,XAUUSD,M5,440,FLAT,NA,DAY,0,0.00,0.00,0.00,0.00,1.00,0.00,0.00,0.00,0.00,0.00,0.00,0.00,0.00,0.00,0.00,0.00,0.00,0.00,3357.08,3357.08,3356.97,3356.89,3356.98,0.093,1.17,20.60,70.01,70.01,0.87,0.55,0.32,3358.21,3360.69,387,184,85.7,0.0,5,1,CROSS=EMA9>EMA21;TREND=1;STRUCT=1;VOL=1;COOL=1;EMA50=1;VWAP=1;BIAS=1,0.00,0.00,21225.53,21225.53,already positioned that way
1212,2025.08.14 07:10:00,2025.08.14 09:40:00,SKIP,XAUUSD,M5,440,FLAT,NA,DAY,0,0.00,0.00,0.00,0.00,1.00,0.00,0.00,0.00,0.00,0.00,0.00,0.00,0.00,0.00,0.00,0.00,0.00,0.00,3362.31,3362.31,3360.88,3362.42,3362.37,0.723,1.98,35.80,44.76,44.76,-1.82,-2.38,0.56,3364.70,3360.10,324,533,14.3,71.4,5,1,CROSS=EMA9>EMA21;TREND=1;STRUCT=1;VOL=1;COOL=1;EMA50=1;VWAP=1;BIAS=1,0.00,0.00,21225.53,21225.53,outside the killzone window
1213,2025.08.15 05:50:00,2025.08.15 08:20:00,SKIP,XAUUSD,M5,440,FLAT,NA,DAY,0,0.00,0.00,0.00,0.00,1.00,0.00,0.00,0.00,0.00,0.00,0.00,0.00,0.00,0.00,0.00,0.00,0.00,0.00,3337.48,3337.44,3340.09,3337.36,3337.38,-1.999,1.33,17.36,60.13,60.13,0.84,0.83,0.01,3336.51,3339.80,435,455,71.4,0.0,5,1,CROSS=EMA9>EMA21;TREND=1;STRUCT=1;VOL=1;COOL=1;EMA50=1;VWAP=1;BIAS=1,0.00,0.00,21225.53,21225.53,already positioned that way
1214,2025.08.15 13:30:00,2025.08.15 16:00:00,ENTRY,XAUUSD,M5,442,SELL,FULLTGT,EVENING,0,3338.14,3342.23,3342.23,4.09,1.00,4.09,3334.05,3329.96,3325.87,3321.79,3317.70,0.25,0.25,0.25,3338.14,0.00,0.00,0.00,3341.70,3341.77,3341.77,3341.88,3341.87,-0.000,2.04,27.45,37.25,37.25,-0.68,-0.24,-0.44,3340.77,3338.19,515,467,0.0,100.0,11,1,CROSS=EMA9<EMA21;TREND=1;STRUCT=1;VOL=1;COOL=1;EMA50=1;VWAP=1;BIAS=1,0.00,0.00,21224.65,21221.90,KZ=NY; KZR=London L @ 3338.38 0 bars ago (low taken); EVENING 4PM-12AM IST session: stop x1.00 of usual; no partials; full size to TP5; SL steps BE->TP1->TP2->TP3
1215,2025.08.15 14:33:30,2025.08.15 17:03:30,EXIT_SL,XAUUSD,M5,442,SELL,FULLTGT,EVENING,0,3338.14,3342.23,3342.23,4.09,1.00,4.09,3334.05,3329.96,3325.87,3321.79,3317.70,0.25,0.25,0.00,3342.23,0.00,-1.00,-104.01,3340.50,3341.06,3341.39,3340.52,3341.08,-0.159,2.07,19.68,50.18,50.18,-0.59,-0.84,0.25,3340.62,3340.08,372,407,42.9,28.6,7,1,CROSS=EMA9<EMA21;TREND=1;STRUCT=1;VOL=1;COOL=1;EMA50=1;VWAP=1;BIAS=1,0.42,-0.99,21121.52,21121.52,stopped at the initial SL (x1.00 of usual)
1216,2025.08.15 18:25:00,2025.08.15 20:55:00,SKIP,XAUUSD,M5,442,FLAT,NA,EVENING,0,0.00,0.00,0.00,0.00,1.00,0.00,0.00,0.00,0.00,0.00,0.00,0.00,0.00,0.00,0.00,0.00,0.00,0.00,3340.69,3340.64,3340.94,3340.55,3340.57,-0.132,2.26,27.40,59.52,59.52,1.14,0.82,0.32,3340.42,3343.52,541,780,85.7,0.0,5,1,CROSS=EMA9<EMA21;TREND=1;STRUCT=1;VOL=1;COOL=1;EMA50=1;VWAP=1;BIAS=1,0.00,0.00,21121.52,21121.52,outside the killzone window
1217,2025.08.15 19:40:00,2025.08.15 22:10:00,SKIP,XAUUSD,M5,442,FLAT,NA,EVENING,0,0.00,0.00,0.00,0.00,1.00,0.00,0.00,0.00,0.00,0.00,0.00,0.00,0.00,0.00,0.00,0.00,0.00,0.00,3340.67,3340.71,3340.94,3340.75,3340.74,-0.139,1.68,50.96,43.69,43.69,-0.62,0.03,-0.65,3340.47,3339.26,426,504,0.0,85.7,5,1,CROSS=EMA9<EMA21;TREND=1;STRUCT=1;VOL=1;COOL=1;EMA50=1;VWAP=1;BIAS=1,0.00,0.00,21121.52,21121.52,outside the killzone window
1218,2025.08.18 01:00:00,2025.08.18 03:30:00,DAY_SUMMARY,XAUUSD,M5,442,FLAT,NA,DAY,0,0.00,0.00,0.00,0.00,1.00,0.00,0.00,0.00,0.00,0.00,0.00,0.00,0.00,0.00,0.00,0.00,-1.00,-104.01,3337.16,3337.90,3338.97,3337.23,3337.95,-1.114,0.96,41.73,39.89,39.89,-0.29,0.04,-0.33,3339.97,3335.78,110,280,0.0,85.7,8,1,CROSS=EMA9<EMA21;TREND=1;STRUCT=1;VOL=1;COOL=1;EMA50=1;VWAP=1;BIAS=1,0.00,0.00,21121.52,21121.52,2025.08.15 trades=1 W=0 L=1 gross_profit=0.00 gross_loss=104.01 net=-104.01 PF=0.00
1219,2025.08.18 01:00:00,2025.08.18 03:30:00,WEEK_SUMMARY,XAUUSD,M5,442,FLAT,NA,DAY,0,0.00,0.00,0.00,0.00,1.00,0.00,0.00,0.00,0.00,0.00,0.00,0.00,0.00,0.00,0.00,0.00,-5.01,-528.31,3337.16,3337.90,3338.97,3337.23,3337.95,-1.114,0.96,41.73,39.89,39.89,-0.29,0.04,-0.33,3339.97,3335.78,110,280,0.0,85.7,8,1,CROSS=EMA9<EMA21;TREND=1;STRUCT=1;VOL=1;COOL=1;EMA50=1;VWAP=1;BIAS=1,0.00,0.00,21121.52,21121.52,days=3 trades=6 W=0 L=6 gross_profit=0.00 gross_loss=528.31 net=-528.31 PF=0.00 pips=-2436.0
1220,2025.08.18 04:15:00,2025.08.18 06:45:00,ENTRY,XAUUSD,M5,444,BUY,FULLTGT,DAY,0,3342.84,3337.56,3337.56,5.28,1.00,5.28,3348.12,3353.40,3358.68,3363.95,3369.23,0.20,0.20,0.20,3342.84,0.00,0.00,0.00,3336.32,3336.23,3337.36,3335.98,3336.06,-0.428,2.64,58.72,69.82,69.82,2.69,2.21,0.48,3335.30,3342.80,634,531,85.7,14.3,5,1,CROSS=EMA9>EMA21;TREND=1;STRUCT=1;VOL=1;COOL=1;EMA50=1;VWAP=1;BIAS=1,0.00,0.00,21120.82,21119.82,KZ=ASIA; KZR=Asia L @ 3332.23 24 bars ago (low taken); DAY 12AM-4PM IST session: stop x1.00 of usual; no partials; full size to TP5; SL steps BE->TP1->TP2->TP3
1221,2025.08.18 06:36:12,2025.08.18 09:06:12,SL_MOVE,XAUUSD,M5,444,BUY,FULLTGT,DAY,0,3342.84,3337.56,3342.84,5.28,1.00,5.28,3348.12,3353.40,3358.68,3363.95,3369.23,0.20,0.00,0.20,3342.84,1.00,0.00,0.00,3342.61,3340.39,3339.44,3342.34,3340.20,0.683,1.39,30.35,68.68,68.68,1.41,1.16,0.25,3339.19,3347.87,394,405,85.7,0.0,5,1,CROSS=EMA9>EMA21;TREND=1;STRUCT=1;VOL=1;COOL=1;EMA50=1;VWAP=1;BIAS=1,1.00,-0.62,21120.82,21226.62,stop to breakeven
1222,2025.08.18 06:36:12,2025.08.18 09:06:12,TP1_REACHED,XAUUSD,M5,444,BUY,FULLTGT,DAY,0,3342.84,3337.56,3342.84,5.28,1.00,5.28,3348.12,3353.40,3358.68,3363.95,3369.23,0.20,0.00,0.20,3348.12,1.00,1.00,0.00,3342.61,3340.39,3339.44,3342.34,3340.20,0.683,1.39,30.35,68.68,68.68,1.41,1.16,0.25,3339.19,3347.87,394,405,85.7,0.0,5,1,CROSS=EMA9>EMA21;TREND=1;STRUCT=1;VOL=1;COOL=1;EMA50=1;VWAP=1;BIAS=1,1.00,-0.62,21120.82,21226.62,full target: no partial booked
1223,2025.08.18 07:31:35,2025.08.18 10:01:35,SL_MOVE,XAUUSD,M5,444,BUY,FULLTGT,DAY,0,3342.84,3337.56,3348.12,5.28,1.00,5.28,3348.12,3353.40,3358.68,3363.95,3369.23,0.20,0.00,0.20,3348.12,2.00,0.00,0.00,3345.76,3342.69,3340.78,3345.43,3342.45,1.106,1.72,47.24,69.23,69.23,2.18,1.94,0.25,3340.75,3352.32,421,408,100.0,0.0,5,1,CROSS=EMA9>EMA21;TREND=1;STRUCT=1;VOL=1;COOL=1;EMA50=1;VWAP=1;BIAS=1,2.00,-0.62,21120.82,21332.62,stop trailed to TP1
1224,2025.08.18 07:31:35,2025.08.18 10:01:35,TP2_REACHED,XAUUSD,M5,444,BUY,FULLTGT,DAY,0,3342.84,3337.56,3348.12,5.28,1.00,5.28,3348.12,3353.40,3358.68,3363.95,3369.23,0.20,0.00,0.20,3353.40,2.00,2.00,0.00,3345.76,3342.69,3340.78,3345.43,3342.45,1.106,1.72,47.24,69.23,69.23,2.18,1.94,0.25,3340.75,3352.32,421,408,100.0,0.0,5,1,CROSS=EMA9>EMA21;TREND=1;STRUCT=1;VOL=1;COOL=1;EMA50=1;VWAP=1;BIAS=1,2.00,-0.62,21120.82,21332.62,full target: no partial booked
1225,2025.08.18 08:36:25,2025.08.18 11:06:25,EXIT_TRAIL_SL,XAUUSD,M5,444,BUY,FULLTGT,DAY,0,3342.84,3337.56,3348.12,5.28,1.00,5.28,3348.12,3353.40,3358.68,3363.95,3369.23,0.20,0.20,0.00,3348.11,0.00,1.00,104.00,3349.79,3345.92,3342.82,3349.81,3345.83,1.682,1.84,42.31,41.91,41.91,1.39,2.57,-1.18,3343.01,3349.27,634,495,28.6,71.4,9,1,CROSS=EMA9>EMA21;TREND=1;STRUCT=1;VOL=1;COOL=1;EMA50=1;VWAP=1;BIAS=1,2.94,-0.62,21225.52,21225.52,stopped at a trailed level
1226,2025.08.18 15:10:00,2025.08.18 17:40:00,SKIP,XAUUSD,M5,444,FLAT,NA,EVENING,0,0.00,0.00,0.00,0.00,1.00,0.00,0.00,0.00,0.00,0.00,0.00,0.00,0.00,0.00,0.00,0.00,0.00,0.00,3348.10,3348.11,3346.50,3348.19,3348.16,1.286,1.26,40.85,41.25,41.25,-0.68,-0.47,-0.21,3345.74,3346.23,317,312,14.3,85.7,9,1,CROSS=EMA9<EMA21;TREND=1;STRUCT=1;VOL=1;COOL=1;EMA50=1;VWAP=0;BIAS=1,0.00,0.00,21225.52,21225.52,quality filter
1227,2025.08.19 01:00:00,2025.08.19 03:30:00,DAY_SUMMARY,XAUUSD,M5,444,FLAT,NA,DAY,0,0.00,0.00,0.00,0.00,1.00,0.00,0.00,0.00,0.00,0.00,0.00,0.00,0.00,0.00,0.00,0.00,1.00,104.00,3333.08,3334.65,3337.61,3333.10,3334.70,-4.253,0.69,17.89,47.99,47.99,0.07,0.18,-0.11,3342.56,3332.72,93,161,0.0,71.4,8,1,CROSS=EMA9<EMA21;TREND=1;STRUCT=1;VOL=1;COOL=1;EMA50=1;VWAP=0;BIAS=1,0.00,0.00,21225.52,21225.52,2025.08.18 trades=1 W=1 L=0 gross_profit=104.00 gross_loss=0.00 net=104.00 PF=0.00
1228,2025.08.19 06:10:00,2025.08.19 08:40:00,SKIP,XAUUSD,M5,444,FLAT,NA,DAY,0,0.00,0.00,0.00,0.00,1.00,0.00,0.00,0.00,0.00,0.00,0.00,0.00,0.00,0.00,0.00,0.00,0.00,0.00,3334.30,3334.18,3335.62,3334.01,3334.04,-0.747,1.93,28.72,71.23,71.23,1.19,0.29,0.90,3333.78,3339.94,564,431,100.0,0.0,5,1,CROSS=EMA9>EMA21;TREND=1;STRUCT=1;VOL=1;COOL=1;EMA50=1;VWAP=1;BIAS=1,0.00,0.00,21225.52,21225.52,already positioned that way
1229,2025.08.19 16:05:00,2025.08.19 18:35:00,ENTRY,XAUUSD,M5,446,SELL,FULLTGT,EVENING,0,3334.49,3338.46,3338.46,3.97,1.00,3.97,3330.52,3326.55,3322.58,3318.62,3314.65,0.26,0.26,0.26,3334.49,0.00,0.00,0.00,3338.97,3338.98,3338.34,3339.20,3339.10,0.324,1.98,51.10,30.07,30.07,-1.61,-1.23,-0.38,3337.11,3334.49,570,450,0.0,100.0,7,1,CROSS=EMA9<EMA21;TREND=1;STRUCT=1;VOL=1;COOL=1;EMA50=1;VWAP=1;BIAS=1,0.00,0.00,21224.61,21222.79,KZ=NY; KZR=London L @ 3334.48 1 bars ago (low taken); EVENING 4PM-12AM IST session: stop x1.00 of usual; no partials; full size to TP5; SL steps BE->TP1->TP2->TP3
1230,2025.08.19 16:10:01,2025.08.19 18:40:01,SL_MOVE,XAUUSD,M5,446,SELL,FULLTGT,EVENING,0,3334.49,3338.46,3334.49,3.97,1.00,3.97,3330.52,3326.55,3322.58,3318.62,3314.65,0.26,0.00,0.26,3334.49,1.00,0.00,0.00,3338.57,3338.78,3338.25,3338.97,3338.98,0.241,2.21,53.77,21.81,21.81,-1.97,-1.35,-0.62,3337.06,3330.72,648,470,0.0,100.0,5,1,CROSS=EMA9<EMA21;TREND=1;STRUCT=1;VOL=1;COOL=1;EMA50=1;VWAP=1;BIAS=1,1.00,-0.16,21224.61,21328.87,stop to breakeven
1231,2025.08.19 16:10:01,2025.08.19 18:40:01,TP1_REACHED,XAUUSD,M5,446,SELL,FULLTGT,EVENING,0,3334.49,3338.46,3334.49,3.97,1.00,3.97,3330.52,3326.55,3322.58,3318.62,3314.65,0.26,0.00,0.26,3330.52,1.00,1.00,0.00,3338.57,3338.78,3338.25,3338.97,3338.98,0.241,2.21,53.77,21.81,21.81,-1.97,-1.35,-0.62,3337.06,3330.72,648,470,0.0,100.0,5,1,CROSS=EMA9<EMA21;TREND=1;STRUCT=1;VOL=1;COOL=1;EMA50=1;VWAP=1;BIAS=1,1.00,-0.16,21224.61,21328.87,full target: no partial booked
1232,2025.08.19 16:10:37,2025.08.19 18:40:37,SL_MOVE,XAUUSD,M5,446,SELL,FULLTGT,EVENING,0,3334.49,3338.46,3330.52,3.97,1.00,3.97,3330.52,3326.55,3322.58,3318.62,3314.65,0.26,0.00,0.26,3330.52,2.00,0.00,0.00,3338.57,3338.78,3338.25,3338.97,3338.98,0.241,2.21,53.77,21.81,21.81,-1.97,-1.35,-0.62,3337.06,3330.72,648,470,0.0,100.0,5,1,CROSS=EMA9<EMA21;TREND=1;STRUCT=1;VOL=1;COOL=1;EMA50=1;VWAP=1;BIAS=1,2.00,-0.16,21224.61,21432.09,stop trailed to TP1
1233,2025.08.19 16:10:37,2025.08.19 18:40:37,TP2_REACHED,XAUUSD,M5,446,SELL,FULLTGT,EVENING,0,3334.49,3338.46,3330.52,3.97,1.00,3.97,3330.52,3326.55,3322.58,3318.62,3314.65,0.26,0.00,0.26,3326.55,2.00,2.00,0.00,3338.57,3338.78,3338.25,3338.97,3338.98,0.241,2.21,53.77,21.81,21.81,-1.97,-1.35,-0.62,3337.06,3330.72,648,470,0.0,100.0,5,1,CROSS=EMA9<EMA21;TREND=1;STRUCT=1;VOL=1;COOL=1;EMA50=1;VWAP=1;BIAS=1,2.00,-0.16,21224.61,21432.09,full target: no partial booked
1234,2025.08.19 16:15:37,2025.08.19 18:45:37,EXIT_TRAIL_SL,XAUUSD,M5,446,SELL,FULLTGT,EVENING,0,3334.49,3338.46,3330.52,3.97,1.00,3.97,3330.52,3326.55,3322.58,3318.62,3314.65,0.26,0.26,0.00,3330.54,0.00,1.00,100.88,3338.13,3338.55,3338.14,3338.57,3338.78,0.169,2.46,57.12,20.10,20.10,-2.32,-1.51,-0.81,3336.90,3329.64,1187,519,0.0,100.0,2,1,CROSS=EMA9<EMA21;TREND=1;STRUCT=1;VOL=1;COOL=1;EMA50=1;VWAP=1;BIAS=1,2.21,-0.16,21326.40,21326.40,stopped at a trailed level
1235,2025.08.20 01:00:00,2025.08.20 03:30:00,DAY_SUMMARY,XAUUSD,M5,446,FLAT,NA,DAY,0,0.00,0.00,0.00,0.00,1.00,0.00,0.00,0.00,0.00,0.00,0.00,0.00,0.00,0.00,0.00,0.00,1.00,100.88,3317.48,3320.73,3325.76,3317.57,3320.85,-5.697,0.88,25.42,41.47,41.47,-0.58,-0.62,0.04,3331.59,3315.65,176,271,14.3,71.4,9,1,CROSS=EMA9<EMA21;TREND=1;STRUCT=1;VOL=1;COOL=1;EMA50=1;VWAP=1;BIAS=1,0.00,0.00,21326.40,21326.40,2025.08.19 trades=1 W=1 L=0 gross_profit=100.88 gross_loss=0.00 net=100.88 PF=0.00
1236,2025.08.20 07:40:00,2025.08.20 10:10:00,SKIP,XAUUSD,M5,446,FLAT,NA,DAY,0,0.00,0.00,0.00,0.00,1.00,0.00,0.00,0.00,0.00,0.00,0.00,0.00,0.00,0.00,0.00,0.00,0.00,0.00,3317.00,3316.91,3319.60,3316.82,3316.82,-2.497,1.07,36.59,67.88,67.88,1.12,0.98,0.14,3315.41,3320.58,309,303,100.0,0.0,5,1,CROSS=EMA9<EMA21;TREND=1;STRUCT=1;VOL=1;COOL=1;EMA50=1;VWAP=1;BIAS=1,0.00,0.00,21326.40,21326.40,outside the killzone window
1237,2025.08.21 04:20:00,2025.08.21 06:50:00,SKIP,XAUUSD,M5,446,FLAT,NA,DAY,0,0.00,0.00,0.00,0.00,1.00,0.00,0.00,0.00,0.00,0.00,0.00,0.00,0.00,0.00,0.00,0.00,0.00,0.00,3345.46,3345.53,3342.33,3345.60,3345.60,2.198,1.45,41.39,39.77,39.77,-1.37,-1.45,0.08,3346.22,3342.76,473,304,14.3,85.7,5,1,CROSS=EMA9<EMA21;TREND=1;STRUCT=1;VOL=1;COOL=1;EMA50=1;VWAP=1;BIAS=1,0.00,0.00,21326.40,21326.40,already positioned that way
1238,2025.08.21 16:20:00,2025.08.21 18:50:00,ENTRY,XAUUSD,M5,448,BUY,FULLTGT,EVENING,0,3344.86,3337.98,3337.98,6.88,1.00,6.88,3351.74,3358.62,3365.50,3372.38,3379.26,0.15,0.15,0.15,3344.86,0.00,0.00,0.00,3338.36,3338.26,3339.04,3338.03,3338.10,-0.224,3.44,17.92,63.43,63.43,2.08,1.82,0.26,3339.77,3344.82,730,681,85.7,0.0,5,1,CROSS=EMA9>EMA21;TREND=1;STRUCT=1;VOL=1;COOL=1;EMA50=1;VWAP=1;BIAS=1,0.00,0.00,21325.87,21325.12,KZ=NY; KZR=Asia L @ 3323.54 558 bars ago (low taken); EVENING 4PM-12AM IST session: stop x1.00 of usual; no partials; full size to TP5; SL steps BE->TP1->TP2->TP3
1239,2025.08.21 16:45:32,2025.08.21 19:15:32,EXIT_SL,XAUUSD,M5,448,BUY,FULLTGT,EVENING,0,3344.86,3337.98,3337.98,6.88,1.00,6.88,3351.74,3358.62,3365.50,3372.38,3379.26,0.15,0.15,0.00,3337.93,0.00,-1.01,-105.01,3339.97,3339.13,3339.44,3339.70,3338.98,-0.103,2.96,25.47,61.19,61.19,2.53,2.19,0.34,3340.09,3345.27,680,746,85.7,0.0,6,1,CROSS=EMA9>EMA21;TREND=1;STRUCT=1;VOL=1;COOL=1;EMA50=1;VWAP=1;BIAS=1,0.39,-1.00,21221.39,21221.39,stopped at the initial SL (x1.00 of usual)
1240,2025.08.21 21:00:00,2025.08.21 23:30:00,SKIP,XAUUSD,M5,448,FLAT,NA,EVENING,0,0.00,0.00,0.00,0.00,1.00,0.00,0.00,0.00,0.00,0.00,0.00,0.00,0.00,0.00,0.00,0.00,0.00,0.00,3340.53,3340.55,3340.34,3340.71,3340.63,0.147,1.41,39.88,37.36,37.36,-1.03,-0.76,-0.27,3340.63,3337.10,270,354,0.0,85.7,11,1,CROSS=EMA9>EMA21;TREND=1;STRUCT=1;VOL=1;COOL=1;EMA50=1;VWAP=1;BIAS=1,0.00,0.00,21221.39,21221.39,outside the killzone window
1241,2025.08.22 01:00:00,2025.08.22 03:30:00,DAY_SUMMARY,XAUUSD,M5,448,FLAT,NA,DAY,0,0.00,0.00,0.00,0.00,1.00,0.00,0.00,0.00,0.00,0.00,0.00,0.00,0.00,0.00,0.00,0.00,-1.01,-105.01,3339.29,3339.69,3339.90,3339.32,3339.72,-0.263,0.78,24.95,45.04,45.04,-0.39,-0.37,-0.02,3340.52,3338.60,107,182,0.0,71.4,8,1,CROSS=EMA9>EMA21;TREND=1;STRUCT=1;VOL=1;COOL=1;EMA50=1;VWAP=1;BIAS=1,0.00,0.00,21221.39,21221.39,2025.08.21 trades=1 W=0 L=1 gross_profit=0.00 gross_loss=105.01 net=-105.01 PF=0.00
1242,2025.08.22 17:05:00,2025.08.22 19:35:00,SKIP,XAUUSD,M5,448,FLAT,NA,EVENING,0,0.00,0.00,0.00,0.00,1.00,0.00,0.00,0.00,0.00,0.00,0.00,0.00,0.00,0.00,0.00,0.00,0.00,0.00,3330.09,3329.94,3331.33,3329.17,3329.48,-0.337,4.11,49.79,82.40,82.40,2.77,0.76,2.01,3331.52,3348.11,1786,771,100.0,0.0,7,1,CROSS=EMA9>EMA21;TREND=1;STRUCT=1;VOL=1;COOL=1;EMA50=1;VWAP=1;BIAS=1,0.00,0.00,21221.39,21221.39,outside the killzone window
1243,2025.08.25 01:00:00,2025.08.25 03:30:00,WEEK_SUMMARY,XAUUSD,M5,448,FLAT,NA,DAY,0,0.00,0.00,0.00,0.00,1.00,0.00,0.00,0.00,0.00,0.00,0.00,0.00,0.00,0.00,0.00,0.00,0.99,99.87,3371.05,3366.59,3357.51,3371.02,3366.47,9.009,1.01,17.62,50.76,50.76,-0.05,-0.16,0.11,3347.41,3371.59,73,279,71.4,0.0,6,1,CROSS=EMA9>EMA21;TREND=1;STRUCT=1;VOL=1;COOL=1;EMA50=1;VWAP=1;BIAS=1,0.00,0.00,21221.39,21221.39,days=3 trades=3 W=2 L=1 gross_profit=204.88 gross_loss=105.01 net=99.87 PF=1.95 pips=229.0
1244,2025.08.25 04:45:00,2025.08.25 07:15:00,ENTRY,XAUUSD,M5,450,SELL,FULLTGT,DAY,0,3362.29,3365.64,3365.64,3.35,1.00,3.35,3358.94,3355.59,3352.24,3348.89,3345.54,0.31,0.31,0.31,3362.29,0.00,0.00,0.00,3366.10,3366.16,3361.24,3366.29,3366.26,2.938,1.67,18.97,33.22,33.22,-1.01,-0.86,-0.15,3366.20,3362.30,446,348,0.0,85.7,5,1,CROSS=EMA9<EMA21;TREND=1;STRUCT=1;VOL=1;COOL=1;EMA50=1;VWAP=1;BIAS=1,0.00,0.00,21220.30,21218.75,KZ=ASIA; KZR=NY H @ 3348.79 716 bars ago (high taken); DAY 12AM-4PM IST session: stop x1.00 of usual; no partials; full size to TP5; SL steps BE->TP1->TP2->TP3
1245,2025.08.25 06:05:40,2025.08.25 08:35:40,EXIT_SL,XAUUSD,M5,450,SELL,FULLTGT,DAY,0,3362.29,3365.64,3365.64,3.35,1.00,3.35,3358.94,3355.59,3352.24,3348.89,3345.54,0.31,0.31,0.00,3365.64,0.00,-1.00,-106.03,3364.51,3365.15,3361.56,3364.46,3365.14,2.430,1.47,26.73,58.74,58.74,-0.11,-0.67,0.56,3365.19,3365.46,304,335,71.4,14.3,5,1,CROSS=EMA9<EMA21;TREND=1;STRUCT=1;VOL=1;COOL=1;EMA50=1;VWAP=1;BIAS=1,0.75,-0.99,21115.36,21115.36,stopped at the initial SL (x1.00 of usual)
1246,2025.08.25 09:20:00,2025.08.25 11:50:00,ENTRY,XAUUSD,M5,452,BUY,FULLTGT,DAY,0,3368.06,3365.68,3365.68,2.38,1.00,2.38,3370.44,3372.82,3375.20,3377.59,3379.97,0.44,0.44,0.44,3368.06,0.00,0.00,0.00,3365.58,3365.54,3363.20,3365.46,3365.48,1.965,1.19,24.76,65.11,65.11,0.40,-0.07,0.47,3365.44,3368.00,319,210,85.7,0.0,6,1,CROSS=EMA9>EMA21;TREND=1;STRUCT=1;VOL=1;COOL=1;EMA50=1;VWAP=1;BIAS=1,0.00,0.00,21113.82,21111.18,KZ=LONDON; KZR=NY H @ 3348.79 771 bars ago (high taken); DAY 12AM-4PM IST session: stop x1.00 of usual; no partials; full size to TP5; SL steps BE->TP1->TP2->TP3
1247,2025.08.25 11:03:36,2025.08.25 13:33:36,EXIT_SL,XAUUSD,M5,452,BUY,FULLTGT,DAY,0,3368.06,3365.68,3365.68,2.38,1.00,2.38,3370.44,3372.82,3375.20,3377.59,3379.97,0.44,0.44,0.00,3365.68,0.00,-1.00,-107.80,3367.03,3366.48,3364.25,3367.07,3366.49,1.682,1.32,17.07,44.88,44.88,0.20,0.51,-0.31,3365.90,3366.22,282,283,28.6,42.9,9,1,CROSS=EMA9>EMA21;TREND=1;STRUCT=1;VOL=1;COOL=1;EMA50=1;VWAP=1;BIAS=1,0.77,-0.99,21007.56,21007.56,stopped at the initial SL (x1.00 of usual)
1248,2025.08.25 11:55:00,2025.08.25 14:25:00,ENTRY,XAUUSD,M5,454,SELL,FULLTGT,DAY,0,3364.48,3366.67,3366.67,2.19,1.00,2.19,3362.29,3360.10,3357.91,3355.73,3353.54,0.47,0.47,0.47,3364.48,0.00,0.00,0.00,3366.04,3366.06,3364.32,3366.12,3366.10,1.592,1.09,33.72,42.11,42.11,-0.78,-0.60,-0.19,3365.82,3364.48,226,254,0.0,85.7,10,1,CROSS=EMA9<EMA21;TREND=1;STRUCT=1;VOL=1;COOL=1;EMA50=1;VWAP=1;BIAS=1,0.00,0.00,21005.91,21001.21,KZ=LONDON; KZR=NY H @ 3348.79 802 bars ago (high taken); DAY 12AM-4PM IST session: stop x1.00 of usual; no partials; full size to TP5; SL steps BE->TP1->TP2->TP3
1249,2025.08.25 12:17:04,2025.08.25 14:47:04,SL_MOVE,XAUUSD,M5,454,SELL,FULLTGT,DAY,0,3364.48,3366.67,3364.48,2.19,1.00,2.19,3362.29,3360.10,3357.91,3355.73,3353.54,0.47,0.00,0.47,3364.48,1.00,0.00,0.00,3365.53,3365.79,3364.26,3365.68,3365.87,1.476,1.03,36.20,34.33,34.33,-1.00,-0.83,-0.18,3365.75,3362.70,275,254,0.0,100.0,5,1,CROSS=EMA9<EMA21;TREND=1;STRUCT=1;VOL=1;COOL=1;EMA50=1;VWAP=1;BIAS=1,0.98,-0.04,21005.91,21109.31,stop to breakeven
1250,2025.08.25 12:17:04,2025.08.25 14:47:04,TP1_REACHED,XAUUSD,M5,454,SELL,FULLTGT,DAY,0,3364.48,3366.67,3364.48,2.19,1.00,2.19,3362.29,3360.10,3357.91,3355.73,3353.54,0.47,0.00,0.47,3362.29,1.00,1.00,0.00,3365.53,3365.79,3364.26,3365.68,3365.87,1.476,1.03,36.20,34.33,34.33,-1.00,-0.83,-0.18,3365.75,3362.70,275,254,0.0,100.0,5,1,CROSS=EMA9<EMA21;TREND=1;STRUCT=1;VOL=1;COOL=1;EMA50=1;VWAP=1;BIAS=1,0.98,-0.04,21005.91,21109.31,full target: no partial booked
1251,2025.08.25 12:33:26,2025.08.25 15:03:26,EXIT_BE,XAUUSD,M5,454,SELL,FULLTGT,DAY,0,3364.48,3366.67,3364.48,2.19,1.00,2.19,3362.29,3360.10,3357.91,3355.73,3353.54,0.47,0.47,0.00,3364.50,0.00,-0.01,-4.24,3365.14,3365.57,3364.21,3365.26,3365.64,1.452,0.94,39.83,34.86,34.86,-1.06,-0.93,-0.13,3365.68,3362.69,291,252,0.0,100.0,9,1,CROSS=EMA9<EMA21;TREND=1;STRUCT=1;VOL=1;COOL=1;EMA50=1;VWAP=1;BIAS=1,1.14,-0.04,21003.32,21003.32,stopped at breakeven
1252,2025.08.25 13:20:00,2025.08.25 15:50:00,ENTRY,XAUUSD,M5,456,BUY,FULLTGT,DAY,0,3367.91,3365.47,3365.47,2.44,1.00,2.44,3370.35,3372.78,3375.22,3377.66,3380.10,0.43,0.43,0.43,3367.91,0.00,0.00,0.00,3365.89,3365.88,3364.53,3365.79,3365.83,1.109,1.22,33.19,65.29,65.29,0.65,0.09,0.56,3365.76,3367.86,295,275,100.0,0.0,5,1,CROSS=EMA9>EMA21;TREND=1;STRUCT=1;VOL=1;COOL=1;EMA50=1;VWAP=1;BIAS=1,0.00,0.00,21001.81,20999.66,KZ=NY; KZR=NY H @ 3348.79 819 bars ago (high taken); DAY 12AM-4PM IST session: stop x1.00 of usual; no partials; full size to TP5; SL steps BE->TP1->TP2->TP3
1253,2025.08.25 13:28:23,2025.08.25 15:58:23,EXIT_SL,XAUUSD,M5,456,BUY,FULLTGT,DAY,0,3367.91,3365.47,3365.47,2.44,1.00,2.44,3370.35,3372.78,3375.22,3377.66,3380.10,0.43,0.43,0.00,3365.45,0.00,-1.01,-108.80,3365.92,3365.89,3364.55,3365.89,3365.88,1.044,1.29,28.84,53.41,53.41,0.59,0.24,0.35,3365.78,3366.47,417,288,85.7,14.3,10,1,CROSS=EMA9>EMA21;TREND=1;STRUCT=1;VOL=1;COOL=1;EMA50=1;VWAP=1;BIAS=1,0.11,-0.99,20894.52,20894.52,stopped at the initial SL (x1.00 of usual)
1254,2025.08.25 16:30:00,2025.08.25 19:00:00,ENTRY,XAUUSD,M5,458,SELL,FULLTGT,EVENING,0,3364.09,3367.64,3367.64,3.55,1.00,3.55,3360.54,3356.99,3353.44,3349.88,3346.33,0.29,0.29,0.29,3364.09,0.00,0.00,0.00,3366.46,3366.50,3365.47,3366.58,3366.56,0.578,1.78,35.29,40.01,40.01,-1.12,-0.75,-0.37,3366.10,3364.00,469,408,14.3,85.7,5,1,CROSS=EMA9<EMA21;TREND=1;STRUCT=1;VOL=1;COOL=1;EMA50=1;VWAP=1;BIAS=1,0.00,0.00,20893.50,20892.05,KZ=NY; KZR=Asia H @ 3371.04 20 bars ago (high taken); EVENING 4PM-12AM IST session: stop x1.00 of usual; no partials; full size to TP5; SL steps BE->TP1->TP2->TP3
1255,2025.08.25 16:39:02,2025.08.25 19:09:02,EXIT_SL,XAUUSD,M5,458,SELL,FULLTGT,EVENING,0,3364.09,3367.64,3367.64,3.55,1.00,3.55,3360.54,3356.99,3353.44,3349.88,3346.33,0.29,0.29,0.00,3367.64,0.00,-1.00,-104.99,3366.44,3366.49,3365.48,3366.46,3366.50,0.528,1.91,31.49,49.52,49.52,-0.95,-0.85,-0.10,3366.09,3366.06,772,426,14.3,85.7,7,1,CROSS=EMA9<EMA21;TREND=1;STRUCT=1;VOL=1;COOL=1;EMA50=1;VWAP=1;BIAS=1,0.04,-0.99,20789.53,20789.53,stopped at the initial SL (x1.00 of usual)
1256,2025.08.25 16:45:00,2025.08.25 19:15:00,ENTRY,XAUUSD,M5,460,BUY,FULLTGT,EVENING,0,3368.25,3364.53,3364.53,3.72,1.00,3.72,3371.97,3375.70,3379.42,3383.14,3386.86,0.27,0.27,0.27,3368.25,0.00,0.00,0.00,3366.56,3366.55,3365.54,3366.48,3366.51,0.544,1.86,25.69,57.16,57.16,-0.45,-0.90,0.45,3366.12,3368.15,677,459,100.0,0.0,7,1,CROSS=EMA9>EMA21;TREND=1;STRUCT=1;VOL=1;COOL=1;EMA50=1;VWAP=1;BIAS=1,0.00,0.00,20788.58,20786.69,KZ=NY; KZR=Asia H @ 3371.04 23 bars ago (high taken); EVENING 4PM-12AM IST session: stop x1.00 of usual; no partials; full size to TP5; SL steps BE->TP1->TP2->TP3
1257,2025.08.25 17:02:18,2025.08.25 19:32:18,SL_MOVE,XAUUSD,M5,460,BUY,FULLTGT,EVENING,0,3368.25,3364.53,3368.25,3.72,1.00,3.72,3371.97,3375.70,3379.42,3383.14,3386.86,0.27,0.00,0.27,3368.25,1.00,0.00,0.00,3367.08,3366.82,3365.71,3366.89,3366.72,0.570,1.95,30.00,65.36,65.36,0.48,-0.53,1.02,3366.28,3370.90,744,531,100.0,0.0,6,1,CROSS=EMA9>EMA21;TREND=1;STRUCT=1;VOL=1;COOL=1;EMA50=1;VWAP=1;BIAS=1,1.00,-0.45,20788.58,20889.83,stop to breakeven
1258,2025.08.25 17:02:18,2025.08.25 19:32:18,TP1_REACHED,XAUUSD,M5,460,BUY,FULLTGT,EVENING,0,3368.25,3364.53,3368.25,3.72,1.00,3.72,3371.97,3375.70,3379.42,3383.14,3386.86,0.27,0.00,0.27,3371.97,1.00,1.00,0.00,3367.08,3366.82,3365.71,3366.89,3366.72,0.570,1.95,30.00,65.36,65.36,0.48,-0.53,1.02,3366.28,3370.90,744,531,100.0,0.0,6,1,CROSS=EMA9>EMA21;TREND=1;STRUCT=1;VOL=1;COOL=1;EMA50=1;VWAP=1;BIAS=1,1.00,-0.45,20788.58,20889.83,full target: no partial booked
1259,2025.08.25 18:02:35,2025.08.25 20:32:35,SL_MOVE,XAUUSD,M5,460,BUY,FULLTGT,EVENING,0,3368.25,3364.53,3371.97,3.72,1.00,3.72,3371.97,3375.70,3379.42,3383.14,3386.86,0.27,0.00,0.27,3371.97,2.00,0.00,0.00,3369.82,3368.44,3366.73,3369.58,3368.29,0.757,2.26,36.72,65.29,65.29,1.85,1.65,0.20,3367.10,3374.40,587,697,85.7,0.0,7,1,CROSS=EMA9>EMA21;TREND=1;STRUCT=1;VOL=1;COOL=1;EMA50=1;VWAP=1;BIAS=1,1.99,-0.45,20788.58,20989.73,stop trailed to TP1
1260,2025.08.25 18:02:35,2025.08.25 20:32:35,TP2_REACHED,XAUUSD,M5,460,BUY,FULLTGT,EVENING,0,3368.25,3364.53,3371.97,3.72,1.00,3.72,3371.97,3375.70,3379.42,3383.14,3386.86,0.27,0.00,0.27,3375.70,2.00,2.00,0.00,3369.82,3368.44,3366.73,3369.58,3368.29,0.757,2.26,36.72,65.29,65.29,1.85,1.65,0.20,3367.10,3374.40,587,697,85.7,0.0,7,1,CROSS=EMA9>EMA21;TREND=1;STRUCT=1;VOL=1;COOL=1;EMA50=1;VWAP=1;BIAS=1,1.99,-0.45,20788.58,20989.73,full target: no partial booked
1261,2025.08.25 18:40:34,2025.08.25 21:10:34,EXIT_TRAIL_SL,XAUUSD,M5,460,BUY,FULLTGT,EVENING,0,3368.25,3364.53,3371.97,3.72,1.00,3.72,3371.97,3375.70,3379.42,3383.14,3386.86,0.27,0.27,0.00,3371.96,0.00,1.00,98.27,3371.26,3369.49,3367.45,3371.20,3369.42,1.216,1.68,32.99,50.64,50.64,1.29,1.74,-0.45,3367.53,3372.40,471,620,71.4,14.3,10,1,CROSS=EMA9>EMA21;TREND=1;STRUCT=1;VOL=1;COOL=1;EMA50=1;VWAP=1;BIAS=1,2.15,-0.45,20887.80,20887.80,stopped at a trailed level
1262,2025.08.25 22:50:00,2025.08.26 01:20:00,SKIP,XAUUSD,M5,460,FLAT,NA,DAY,0,0.00,0.00,0.00,0.00,1.00,0.00,0.00,0.00,0.00,0.00,0.00,0.00,0.00,0.00,0.00,0.00,0.00,0.00,3370.67,3370.74,3369.37,3370.85,3370.84,1.358,1.02,47.78,23.73,23.73,-1.25,-1.04,-0.22,3368.39,3367.06,271,299,0.0,85.7,5,1,CROSS=EMA9>EMA21;TREND=1;STRUCT=1;VOL=1;COOL=1;EMA50=1;VWAP=1;BIAS=1,0.00,0.00,20887.80,20887.80,outside the killzone window
1263,2025.08.26 01:00:00,2025.08.26 03:30:00,DAY_SUMMARY,XAUUSD,M5,460,FLAT,NA,DAY,0,0.00,0.00,0.00,0.00,1.00,0.00,0.00,0.00,0.00,0.00,0.00,0.00,0.00,0.00,0.00,0.00,-3.02,-333.59,3367.93,3369.12,3368.71,3368.05,3369.21,0.526,0.79,62.06,37.48,37.48,-1.33,-1.59,0.25,3368.29,3365.56,115,235,14.3,71.4,9,1,CROSS=EMA9>EMA21;TREND=1;STRUCT=1;VOL=1;COOL=1;EMA50=1;VWAP=1;BIAS=1,0.00,0.00,20887.80,20887.80,2025.08.25 trades=6 W=1 L=5 gross_profit=98.27 gross_loss=431.86 net=-333.59 PF=0.23
1264,2025.08.26 03:55:00,2025.08.26 06:25:00,SKIP,XAUUSD,M5,460,FLAT,NA,DAY,0,0.00,0.00,0.00,0.00,1.00,0.00,0.00,0.00,0.00,0.00,0.00,0.00,0.00,0.00,0.00,0.00,0.00,0.00,3367.87,3367.50,3367.64,3367.00,3367.06,-0.028,4.81,52.85,78.66,78.66,5.76,2.77,2.99,3368.25,3384.86,1013,762,100.0,0.0,5,1,CROSS=EMA9>EMA21;TREND=1;STRUCT=1;VOL=1;COOL=1;EMA50=1;VWAP=1;BIAS=1,0.00,0.00,20887.80,20887.80,already positioned that way
1265,2025.08.26 13:25:00,2025.08.26 15:55:00,ENTRY,XAUUSD,M5,462,SELL,FULLTGT,DAY,0,3371.53,3376.04,3376.04,4.51,1.00,4.51,3367.02,3362.52,3358.01,3353.50,3348.99,0.23,0.23,0.23,3371.53,0.00,0.00,0.00,3374.50,3374.50,3373.29,3374.65,3374.58,0.540,2.25,28.16,41.37,41.37,-1.21,-1.12,-0.09,3373.54,3371.52,227,423,0.0,85.7,5,1,CROSS=EMA9<EMA21;TREND=1;STRUCT=1;VOL=1;COOL=1;EMA50=1;VWAP=1;BIAS=1,0.00,0.00,20886.99,20885.84,KZ=NY; KZR=Asia H @ 3371.04 271 bars ago (high taken); DAY 12AM-4PM IST session: stop x1.00 of usual; no partials; full size to TP5; SL steps BE->TP1->TP2->TP3
1266,2025.08.26 14:09:30,2025.08.26 16:39:30,EXIT_SL,XAUUSD,M5,462,SELL,FULLTGT,EVENING,0,3371.53,3376.04,3376.04,4.51,1.00,4.51,3367.02,3362.52,3358.01,3353.50,3348.99,0.23,0.23,0.00,3376.05,0.00,-1.00,-105.58,3373.19,3373.77,3373.01,3373.20,3373.79,0.371,2.04,30.20,51.61,51.61,-1.06,-1.44,0.38,3373.38,3372.97,452,439,57.1,42.9,5,1,CROSS=EMA9<EMA21;TREND=1;STRUCT=1;VOL=1;COOL=1;EMA50=1;VWAP=1;BIAS=1,0.95,-1.00,20782.22,20782.22,stopped at the initial SL (x1.00 of usual)
1267,2025.08.26 14:35:00,2025.08.26 17:05:00,ENTRY,XAUUSD,M5,464,BUY,FULLTGT,EVENING,0,3377.93,3374.14,3374.14,3.79,1.00,3.79,3381.72,3385.50,3389.29,3393.08,3396.87,0.27,0.27,0.27,3377.93,0.00,0.00,0.00,3374.27,3374.26,3373.32,3374.08,3374.17,0.496,1.89,43.07,63.40,63.40,0.97,-0.26,1.22,3373.53,3377.83,525,451,85.7,14.3,10,1,CROSS=EMA9>EMA21;TREND=1;STRUCT=1;VOL=1;COOL=1;EMA50=1;VWAP=1;BIAS=1,0.00,0.00,20781.27,20778.57,KZ=NY; KZR=Asia H @ 3371.04 285 bars ago (high taken); EVENING 4PM-12AM IST session: stop x1.00 of usual; no partials; full size to TP5; SL steps BE->TP1->TP2->TP3
1268,2025.08.26 15:56:20,2025.08.26 18:26:20,EXIT_SL,XAUUSD,M5,464,BUY,FULLTGT,EVENING,0,3377.93,3374.14,3374.14,3.79,1.00,3.79,3381.72,3385.50,3389.29,3393.08,3396.87,0.27,0.27,0.00,3374.12,0.00,-1.01,-104.77,3376.12,3375.40,3374.12,3376.15,3375.39,0.609,2.09,15.69,45.90,45.90,0.60,1.00,-0.40,3373.97,3375.54,580,558,28.6,57.1,7,1,CROSS=EMA9>EMA21;TREND=1;STRUCT=1;VOL=1;COOL=1;EMA50=1;VWAP=1;BIAS=1,0.61,-1.00,20677.45,20677.45,stopped at the initial SL (x1.00 of usual)
1269,2025.08.26 17:15:00,2025.08.26 19:45:00,SKIP,XAUUSD,M5,464,FLAT,NA,EVENING,0,0.00,0.00,0.00,0.00,1.00,0.00,0.00,0.00,0.00,0.00,0.00,0.00,0.00,0.00,0.00,0.00,0.00,0.00,3374.80,3374.82,3374.03,3374.96,3374.91,0.270,2.93,26.22,41.71,41.71,-0.61,-0.35,-0.26,3373.94,3371.56,1046,824,0.0,100.0,5,1,CROSS=EMA9>EMA21;TREND=1;STRUCT=1;VOL=1;COOL=1;EMA50=1;VWAP=1;BIAS=1,0.00,0.00,20677.45,20677.45,outside the killzone window
1270,2025.08.26 17:45:00,2025.08.26 20:15:00,SKIP,XAUUSD,M5,464,FLAT,NA,EVENING,0,0.00,0.00,0.00,0.00,1.00,0.00,0.00,0.00,0.00,0.00,0.00,0.00,0.00,0.00,0.00,0.00,0.00,0.00,3374.88,3374.86,3374.11,3374.80,3374.82,0.245,3.07,17.00,54.98,54.98,-0.03,-0.33,0.30,3373.97,3376.52,639,826,71.4,0.0,5,1,CROSS=EMA9>EMA21;TREND=1;STRUCT=1;VOL=1;COOL=1;EMA50=1;VWAP=1;BIAS=1,0.00,0.00,20677.45,20677.45,outside the killzone window
1271,2025.08.27 01:00:00,2025.08.27 03:30:00,DAY_SUMMARY,XAUUSD,M5,464,FLAT,NA,DAY,0,0.00,0.00,0.00,0.00,1.00,0.00,0.00,0.00,0.00,0.00,0.00,0.00,0.00,0.00,0.00,0.00,-2.01,-210.35,3388.09,3385.11,3381.44,3387.82,3384.90,3.513,1.05,56.99,75.77,75.77,1.68,1.59,0.09,3376.49,3393.49,121,301,85.7,0.0,8,1,CROSS=EMA9>EMA21;TREND=1;STRUCT=1;VOL=1;COOL=1;EMA50=1;VWAP=1;BIAS=1,0.00,0.00,20677.45,20677.45,2025.08.26 trades=2 W=0 L=2 gross_profit=0.00 gross_loss=210.35 net=-210.35 PF=0.00
1272,2025.08.27 05:40:00,2025.08.27 08:10:00,ENTRY,XAUUSD,M5,466,SELL,FULLTGT,DAY,0,3382.92,3386.63,3386.63,3.71,1.00,3.71,3379.21,3375.50,3371.79,3368.09,3364.38,0.27,0.27,0.27,3382.92,0.00,0.00,0.00,3387.32,3387.39,3385.04,3387.55,3387.50,1.267,1.85,32.58,34.83,34.83,-1.20,-1.16,-0.04,3388.46,3382.92,406,449,0.0,85.7,8,1,CROSS=EMA9<EMA21;TREND=1;STRUCT=1;VOL=1;COOL=1;EMA50=1;VWAP=1;BIAS=1,0.00,0.00,20676.50,20674.34,KZ=ASIA; KZR=Asia H @ 3386.47 128 bars ago (high taken); DAY 12AM-4PM IST session: stop x1.00 of usual; no partials; full size to TP5; SL steps BE->TP1->TP2->TP3
1273,2025.08.27 07:11:35,2025.08.27 09:41:35,SL_MOVE,XAUUSD,M5,466,SELL,FULLTGT,DAY,0,3382.92,3386.63,3382.92,3.71,1.00,3.71,3379.21,3375.50,3371.79,3368.09,3364.38,0.27,0.00,0.27,3382.92,1.00,0.00,0.00,3384.35,3385.62,3384.55,3384.59,3385.77,1.033,1.04,55.10,26.86,26.86,-1.52,-1.29,-0.23,3387.19,3379.65,348,300,0.0,100.0,5,1,CROSS=EMA9<EMA21;TREND=1;STRUCT=1;VOL=1;COOL=1;EMA50=1;VWAP=1;BIAS=1,1.00,-0.65,20676.50,20776.94,stop to breakeven
1274,2025.08.27 07:11:35,2025.08.27 09:41:35,TP1_REACHED,XAUUSD,M5,466,SELL,FULLTGT,DAY,0,3382.92,3386.63,3382.92,3.71,1.00,3.71,3379.21,3375.50,3371.79,3368.09,3364.38,0.27,0.00,0.27,3379.21,1.00,1.00,0.00,3384.35,3385.62,3384.55,3384.59,3385.77,1.033,1.04,55.10,26.86,26.86,-1.52,-1.29,-0.23,3387.19,3379.65,348,300,0.0,100.0,5,1,CROSS=EMA9<EMA21;TREND=1;STRUCT=1;VOL=1;COOL=1;EMA50=1;VWAP=1;BIAS=1,1.00,-0.65,20676.50,20776.94,full target: no partial booked
1275,2025.08.27 07:42:37,2025.08.27 10:12:37,SL_MOVE,XAUUSD,M5,466,SELL,FULLTGT,DAY,0,3382.92,3386.63,3379.21,3.71,1.00,3.71,3379.21,3375.50,3371.79,3368.09,3364.38,0.27,0.00,0.27,3379.21,2.00,0.00,0.00,3382.67,3384.55,3384.07,3382.97,3384.74,0.415,1.15,73.36,19.80,19.80,-2.08,-1.68,-0.39,3386.48,3376.82,304,291,14.3,85.7,12,1,CROSS=EMA9<EMA21;TREND=1;STRUCT=1;VOL=1;COOL=1;EMA50=1;VWAP=1;BIAS=1,1.99,-0.65,20676.50,20877.11,stop trailed to TP1
1276,2025.08.27 07:42:37,2025.08.27 10:12:37,TP2_REACHED,XAUUSD,M5,466,SELL,FULLTGT,DAY,0,3382.92,3386.63,3379.21,3.71,1.00,3.71,3379.21,3375.50,3371.79,3368.09,3364.38,0.27,0.00,0.27,3375.50,2.00,2.00,0.00,3382.67,3384.55,3384.07,3382.97,3384.74,0.415,1.15,73.36,19.80,19.80,-2.08,-1.68,-0.39,3386.48,3376.82,304,291,14.3,85.7,12,1,CROSS=EMA9<EMA21;TREND=1;STRUCT=1;VOL=1;COOL=1;EMA50=1;VWAP=1;BIAS=1,1.99,-0.65,20676.50,20877.11,full target: no partial booked
1277,2025.08.27 09:10:35,2025.08.27 11:40:35,EXIT_TRAIL_SL,XAUUSD,M5,466,SELL,FULLTGT,DAY,0,3382.92,3386.63,3379.21,3.71,1.00,3.71,3379.21,3375.50,3371.79,3368.09,3364.38,0.27,0.27,0.00,3379.25,0.00,0.99,97.19,3379.21,3381.69,3382.56,3379.25,3381.77,-0.547,1.59,26.13,52.17,52.17,-0.52,-1.09,0.58,3384.17,3378.53,489,420,57.1,42.9,7,1,CROSS=EMA9<EMA21;TREND=1;STRUCT=1;VOL=1;COOL=1;EMA50=1;VWAP=1;BIAS=1,2.43,-0.65,20774.64,20774.64,stopped at a trailed level
1278,2025.08.27 12:20:00,2025.08.27 14:50:00,SKIP,XAUUSD,M5,466,FLAT,NA,DAY,0,0.00,0.00,0.00,0.00,1.00,0.00,0.00,0.00,0.00,0.00,0.00,0.00,0.00,0.00,0.00,0.00,0.00,0.00,3381.41,3381.35,3381.90,3381.24,3381.27,-0.376,1.45,52.26,64.99,64.99,1.56,1.55,0.01,3382.91,3384.71,296,448,85.7,0.0,6,1,CROSS=EMA9<EMA21;TREND=1;STRUCT=1;VOL=1;COOL=1;EMA50=1;VWAP=1;BIAS=1,0.00,0.00,20774.64,20774.64,outside the killzone window
1279,2025.08.27 13:05:00,2025.08.27 15:35:00,SKIP,XAUUSD,M5,466,FLAT,NA,DAY,0,0.00,0.00,0.00,0.00,1.00,0.00,0.00,0.00,0.00,0.00,0.00,0.00,0.00,0.00,0.00,0.00,0.00,0.00,3381.14,3381.25,3381.79,3381.36,3381.36,-0.337,1.62,46.05,29.06,29.06,-0.52,0.62,-1.14,3382.74,3376.83,621,421,0.0,100.0,9,1,CROSS=EMA9<EMA21;TREND=1;STRUCT=1;VOL=1;COOL=1;EMA50=1;VWAP=1;BIAS=1,0.00,0.00,20774.64,20774.64,already positioned that way
1280,2025.08.27 16:25:00,2025.08.27 18:55:00,ENTRY,XAUUSD,M5,468,BUY,FULLTGT,EVENING,0,3384.11,3379.75,3379.75,4.36,1.00,4.36,3388.47,3392.84,3397.20,3401.57,3405.93,0.23,0.23,0.23,3384.11,0.00,0.00,0.00,3379.80,3379.76,3380.52,3379.58,3379.66,-0.348,2.18,31.26,66.76,66.76,1.54,1.23,0.31,3381.51,3384.06,538,589,85.7,0.0,5,1,CROSS=EMA9>EMA21;TREND=1;STRUCT=1;VOL=1;COOL=1;EMA50=1;VWAP=1;BIAS=1,0.00,0.00,20773.83,20772.68,KZ=NY; KZR=Asia H @ 3386.47 257 bars ago (high taken); EVENING 4PM-12AM IST session: stop x1.00 of usual; no partials; full size to TP5; SL steps BE->TP1->TP2->TP3
1281,2025.08.27 16:30:40,2025.08.27 19:00:40,EXIT_SL,XAUUSD,M5,468,BUY,FULLTGT,EVENING,0,3384.11,3379.75,3379.75,4.36,1.00,4.36,3388.47,3392.84,3397.20,3401.57,3405.93,0.23,0.23,0.00,3379.72,0.00,-1.01,-102.59,3379.91,3379.82,3380.54,3379.80,3379.76,-0.323,2.24,27.66,56.28,56.28,1.43,1.29,0.14,3381.52,3381.96,523,594,85.7,0.0,5,1,CROSS=EMA9>EMA21;TREND=1;STRUCT=1;VOL=1;COOL=1;EMA50=1;VWAP=1;BIAS=1,0.00,-1.00,20672.05,20672.05,stopped at the initial SL (x1.00 of usual)
1282,2025.08.27 16:50:00,2025.08.27 19:20:00,ENTRY,XAUUSD,M5,470,SELL,FULLTGT,EVENING,0,3376.16,3381.15,3381.15,4.99,1.00,4.99,3371.17,3366.19,3361.20,3356.22,3351.23,0.20,0.20,0.20,3376.16,0.00,0.00,0.00,3379.65,3379.70,3380.44,3379.83,3379.78,-0.300,2.49,32.78,39.90,39.90,0.23,1.11,-0.88,3381.40,3376.16,957,699,0.0,100.0,8,1,CROSS=EMA9<EMA21;TREND=1;STRUCT=1;VOL=1;COOL=1;EMA50=1;VWAP=1;BIAS=1,0.00,0.00,20671.35,20669.75,KZ=NY; KZR=Asia H @ 3386.47 262 bars ago (high taken); EVENING 4PM-12AM IST session: stop x1.00 of usual; no partials; full size to TP5; SL steps BE->TP1->TP2->TP3
1283,2025.08.27 17:20:27,2025.08.27 19:50:27,EXIT_SL,XAUUSD,M5,470,SELL,FULLTGT,EVENING,0,3376.16,3381.15,3381.15,4.99,1.00,4.99,3371.17,3366.19,3361.20,3356.22,3351.23,0.20,0.20,0.00,3381.16,0.00,-1.00,-101.40,3379.41,3379.56,3380.32,3379.35,3379.53,-0.299,2.54,30.13,53.66,53.66,-0.11,0.08,-0.20,3381.23,3380.69,625,744,42.9,42.9,5,1,CROSS=EMA9<EMA21;TREND=1;STRUCT=1;VOL=1;COOL=1;EMA50=1;VWAP=1;BIAS=1,0.02,-1.00,20570.65,20570.65,stopped at the initial SL (x1.00 of usual)
1284,2025.08.27 17:30:00,2025.08.27 20:00:00,SKIP,XAUUSD,M5,470,FLAT,NA,EVENING,0,0.00,0.00,0.00,0.00,1.00,0.00,0.00,0.00,0.00,0.00,0.00,0.00,0.00,0.00,0.00,0.00,0.00,0.00,3379.70,3379.69,3380.37,3379.54,3379.61,-0.270,2.49,33.45,59.31,59.31,0.34,-0.05,0.38,3381.25,3382.87,918,757,100.0,0.0,24,1,CROSS=EMA9<EMA21;TREND=1;STRUCT=1;VOL=1;COOL=1;EMA50=1;VWAP=1;BIAS=1,0.00,0.00,20570.65,20570.65,outside the killzone window
1285,2025.08.28 01:00:00,2025.08.28 03:30:00,DAY_SUMMARY,XAUUSD,M5,470,FLAT,NA,DAY,0,0.00,0.00,0.00,0.00,1.00,0.00,0.00,0.00,0.00,0.00,0.00,0.00,0.00,0.00,0.00,0.00,-1.02,-106.80,3394.94,3392.36,3388.74,3394.83,3392.24,4.105,0.88,17.68,61.11,61.11,0.51,0.32,0.18,3384.69,3397.04,424,340,71.4,14.3,8,1,CROSS=EMA9<EMA21;TREND=1;STRUCT=1;VOL=1;COOL=1;EMA50=1;VWAP=1;BIAS=1,0.00,0.00,20570.65,20570.65,2025.08.27 trades=3 W=1 L=2 gross_profit=97.19 gross_loss=203.99 net=-106.80 PF=0.48
1286,2025.08.28 04:40:00,2025.08.28 07:10:00,SKIP,XAUUSD,M5,470,FLAT,NA,DAY,0,0.00,0.00,0.00,0.00,1.00,0.00,0.00,0.00,0.00,0.00,0.00,0.00,0.00,0.00,0.00,0.00,0.00,0.00,3393.77,3393.78,3391.35,3394.13,3393.96,1.082,2.25,35.95,23.30,23.30,-2.30,-1.51,-0.79,3393.96,3386.69,687,455,0.0,100.0,7,1,CROSS=EMA9<EMA21;TREND=1;STRUCT=1;VOL=1;COOL=1;EMA50=1;VWAP=1;BIAS=1,0.00,0.00,20570.65,20570.65,already positioned that way
1287,2025.08.28 10:00:00,2025.08.28 12:30:00,ENTRY,XAUUSD,M5,472,BUY,FULLTGT,DAY,0,3395.36,3391.61,3391.61,3.75,1.00,3.75,3399.11,3402.85,3406.60,3410.35,3414.10,0.27,0.27,0.27,3395.36,0.00,0.00,0.00,3391.32,3391.28,3390.78,3391.11,3391.18,0.265,1.87,30.66,65.06,65.06,1.24,0.52,0.72,3391.37,3395.34,468,474,85.7,0.0,7,1,CROSS=EMA9>EMA21;TREND=1;STRUCT=1;VOL=1;COOL=1;EMA50=1;VWAP=1;BIAS=1,0.00,0.00,20569.70,20567.81,KZ=LONDON; KZR=Asia H @ 3393.48 173 bars ago (high taken); DAY 12AM-4PM IST session: stop x1.00 of usual; no partials; full size to TP5; SL steps BE->TP1->TP2->TP3
1288,2025.08.28 11:37:28,2025.08.28 14:07:28,SL_MOVE,XAUUSD,M5,472,BUY,FULLTGT,DAY,0,3395.36,3391.61,3395.36,3.75,1.00,3.75,3399.11,3402.85,3406.60,3410.35,3414.10,0.27,0.00,0.27,3395.36,1.00,0.00,0.00,3393.89,3392.87,3391.77,3393.72,3392.76,0.672,1.63,29.53,62.64,62.64,0.93,0.99,-0.06,3392.11,3397.18,448,449,71.4,14.3,5,1,CROSS=EMA9>EMA21;TREND=1;STRUCT=1;VOL=1;COOL=1;EMA50=1;VWAP=1;BIAS=1,1.00,-0.41,20569.70,20670.95,stop to breakeven
1289,2025.08.28 11:37:28,2025.08.28 14:07:28,TP1_REACHED,XAUUSD,M5,472,BUY,FULLTGT,DAY,0,3395.36,3391.61,3395.36,3.75,1.00,3.75,3399.11,3402.85,3406.60,3410.35,3414.10,0.27,0.00,0.27,3399.11,1.00,1.00,0.00,3393.89,3392.87,3391.77,3393.72,3392.76,0.672,1.63,29.53,62.64,62.64,0.93,0.99,-0.06,3392.11,3397.18,448,449,71.4,14.3,5,1,CROSS=EMA9>EMA21;TREND=1;STRUCT=1;VOL=1;COOL=1;EMA50=1;VWAP=1;BIAS=1,1.00,-0.41,20569.70,20670.95,full target: no partial booked
1290,2025.08.28 13:06:37,2025.08.28 15:36:37,EXIT_BE,XAUUSD,M5,472,BUY,FULLTGT,DAY,0,3395.36,3391.61,3395.36,3.75,1.00,3.75,3399.11,3402.85,3406.60,3410.35,3414.10,0.27,0.27,0.00,3395.34,0.00,-0.01,-2.44,3397.35,3395.38,3393.40,3397.41,3395.36,1.586,1.25,27.66,40.59,40.59,0.72,1.35,-0.63,3393.12,3396.22,501,407,28.6,71.4,5,1,CROSS=EMA9>EMA21;TREND=1;STRUCT=1;VOL=1;COOL=1;EMA50=1;VWAP=1;BIAS=1,1.68,-0.41,20568.21,20568.21,stopped at breakeven
1291,2025.08.29 01:00:00,2025.08.29 03:30:00,DAY_SUMMARY,XAUUSD,M5,472,FLAT,NA,DAY,0,0.00,0.00,0.00,0.00,1.00,0.00,0.00,0.00,0.00,0.00,0.00,0.00,0.00,0.00,0.00,0.00,-0.01,-2.44,3417.61,3414.95,3409.62,3417.64,3414.90,4.643,1.15,30.03,43.40,43.40,-0.37,-0.00,-0.36,3402.96,3417.02,134,368,28.6,57.1,8,1,CROSS=EMA9>EMA21;TREND=1;STRUCT=1;VOL=1;COOL=1;EMA50=1;VWAP=1;BIAS=1,0.00,0.00,20568.21,20568.21,2025.08.28 trades=1 W=0 L=1 gross_profit=0.00 gross_loss=2.44 net=-2.44 PF=0.00
1292,2025.08.29 04:25:00,2025.08.29 06:55:00,ENTRY,XAUUSD,M5,474,SELL,FULLTGT,DAY,0,3410.68,3413.82,3413.82,3.14,1.00,3.14,3407.54,3404.40,3401.26,3398.12,3394.98,0.32,0.32,0.32,3410.68,0.00,0.00,0.00,3414.80,3414.90,3411.82,3415.01,3415.00,1.961,1.57,35.31,30.26,30.26,-1.29,-0.93,-0.37,3414.65,3410.69,475,408,0.0,100.0,5,1,CROSS=EMA9<EMA21;TREND=1;STRUCT=1;VOL=1;COOL=1;EMA50=1;VWAP=1;BIAS=1,0.00,0.00,20567.09,20565.49,KZ=ASIA; KZR=NY H @ 3410.49 135 bars ago (high taken); DAY 12AM-4PM IST session: stop x1.00 of usual; no partials; full size to TP5; SL steps BE->TP1->TP2->TP3
1293,2025.08.29 05:41:33,2025.08.29 08:11:33,EXIT_SL,XAUUSD,M5,474,SELL,FULLTGT,DAY,0,3410.68,3413.82,3413.82,3.14,1.00,3.14,3407.54,3404.40,3401.26,3398.12,3394.98,0.32,0.32,0.00,3413.85,0.00,-1.01,-103.68,3413.02,3413.77,3411.72,3413.03,3413.79,1.338,1.53,34.33,52.40,52.40,-0.36,-0.87,0.51,3413.17,3412.84,322,500,42.9,42.9,12,1,CROSS=EMA9<EMA21;TREND=1;STRUCT=1;VOL=1;COOL=1;EMA50=1;VWAP=1;BIAS=1,0.88,-0.98,20464.53,20464.53,stopped at the initial SL (x1.00 of usual)
1294,2025.08.29 15:55:00,2025.08.29 18:25:00,ENTRY,XAUUSD,M5,476,BUY,FULLTGT,EVENING,0,3415.67,3411.13,3411.13,4.54,1.00,4.54,3420.21,3424.74,3429.28,3433.82,3438.36,0.22,0.22,0.22,3415.67,0.00,0.00,0.00,3409.62,3409.62,3409.99,3409.31,3409.47,-0.164,2.27,28.18,74.64,74.64,1.63,0.83,0.80,3410.75,3415.66,736,627,100.0,0.0,5,1,CROSS=EMA9>EMA21;TREND=1;STRUCT=1;VOL=1;COOL=1;EMA50=1;VWAP=1;BIAS=1,0.00,0.00,20463.76,20462.66,KZ=NY; KZR=London H @ 3414.84 1 bars ago (high taken); EVENING 4PM-12AM IST session: stop x1.00 of usual; no partials; full size to TP5; SL steps BE->TP1->TP2->TP3
1295,2025.08.29 16:18:14,2025.08.29 18:48:14,SL_MOVE,XAUUSD,M5,476,BUY,FULLTGT,EVENING,0,3415.67,3411.13,3415.67,4.54,1.00,4.54,3420.21,3424.74,3429.28,3433.82,3438.36,0.22,0.00,0.22,3415.67,1.00,0.00,0.00,3410.95,3410.32,3410.33,3410.55,3410.10,-0.005,2.60,36.50,72.46,72.46,2.39,1.56,0.83,3411.02,3418.79,916,710,100.0,0.0,5,1,CROSS=EMA9>EMA21;TREND=1;STRUCT=1;VOL=1;COOL=1;EMA50=1;VWAP=1;BIAS=1,1.00,-0.45,20463.76,20563.64,stop to breakeven
1296,2025.08.29 16:18:14,2025.08.29 18:48:14,TP1_REACHED,XAUUSD,M5,476,BUY,FULLTGT,EVENING,0,3415.67,3411.13,3415.67,4.54,1.00,4.54,3420.21,3424.74,3429.28,3433.82,3438.36,0.22,0.00,0.22,3420.21,1.00,1.00,0.00,3410.95,3410.32,3410.33,3410.55,3410.10,-0.005,2.60,36.50,72.46,72.46,2.39,1.56,0.83,3411.02,3418.79,916,710,100.0,0.0,5,1,CROSS=EMA9>EMA21;TREND=1;STRUCT=1;VOL=1;COOL=1;EMA50=1;VWAP=1;BIAS=1,1.00,-0.45,20463.76,20563.64,full target: no partial booked
1297,2025.08.29 16:41:29,2025.08.29 19:11:29,SL_MOVE,XAUUSD,M5,476,BUY,FULLTGT,EVENING,0,3415.67,3411.13,3420.21,4.54,1.00,4.54,3420.21,3424.74,3429.28,3433.82,3438.36,0.22,0.00,0.22,3420.21,2.00,0.00,0.00,3412.91,3411.42,3410.90,3412.36,3411.12,0.190,2.78,36.32,77.26,77.26,3.14,2.46,0.68,3411.53,3423.59,1186,826,100.0,0.0,5,1,CROSS=EMA9>EMA21;TREND=1;STRUCT=1;VOL=1;COOL=1;EMA50=1;VWAP=1;BIAS=1,1.99,-0.45,20463.76,20663.52,stop trailed to TP1
1298,2025.08.29 16:41:29,2025.08.29 19:11:29,TP2_REACHED,XAUUSD,M5,476,BUY,FULLTGT,EVENING,0,3415.67,3411.13,3420.21,4.54,1.00,4.54,3420.21,3424.74,3429.28,3433.82,3438.36,0.22,0.00,0.22,3424.74,2.00,2.00,0.00,3412.91,3411.42,3410.90,3412.36,3411.12,0.190,2.78,36.32,77.26,77.26,3.14,2.46,0.68,3411.53,3423.59,1186,826,100.0,0.0,5,1,CROSS=EMA9>EMA21;TREND=1;STRUCT=1;VOL=1;COOL=1;EMA50=1;VWAP=1;BIAS=1,1.99,-0.45,20463.76,20663.52,full target: no partial booked
1299,2025.08.29 17:00:27,2025.08.29 19:30:27,SL_MOVE,XAUUSD,M5,476,BUY,FULLTGT,EVENING,0,3415.67,3411.13,3424.74,4.54,1.00,4.54,3420.21,3424.74,3429.28,3433.82,3438.36,0.22,0.00,0.22,3424.74,3.00,0.00,0.00,3415.32,3412.83,3411.64,3414.66,3412.44,0.451,2.63,46.58,82.75,82.75,4.30,3.23,1.07,3412.24,3428.29,903,925,85.7,0.0,12,1,CROSS=EMA9>EMA21;TREND=1;STRUCT=1;VOL=1;COOL=1;EMA50=1;VWAP=1;BIAS=1,3.00,-0.45,20463.76,20763.84,stop trailed to TP2
1300,2025.08.29 17:00:27,2025.08.29 19:30:27,TP3_REACHED,XAUUSD,M5,476,BUY,FULLTGT,EVENING,0,3415.67,3411.13,3424.74,4.54,1.00,4.54,3420.21,3424.74,3429.28,3433.82,3438.36,0.22,0.00,0.22,3429.28,3.00,3.00,0.00,3415.32,3412.83,3411.64,3414.66,3412.44,0.451,2.63,46.58,82.75,82.75,4.30,3.23,1.07,3412.24,3428.29,903,925,85.7,0.0,12,1,CROSS=EMA9>EMA21;TREND=1;STRUCT=1;VOL=1;COOL=1;EMA50=1;VWAP=1;BIAS=1,3.00,-0.45,20463.76,20763.84,full target: no partial booked
1301,2025.08.29 17:10:28,2025.08.29 19:40:28,SL_MOVE,XAUUSD,M5,476,BUY,FULLTGT,EVENING,0,3415.67,3411.13,3429.28,4.54,1.00,4.54,3420.21,3424.74,3429.28,3433.82,3438.36,0.22,0.00,0.22,3429.28,4.00,0.00,0.00,3416.91,3413.76,3412.14,3416.11,3413.29,0.556,2.91,53.57,86.32,86.32,5.12,3.76,1.36,3412.80,3432.55,1318,989,100.0,0.0,6,1,CROSS=EMA9>EMA21;TREND=1;STRUCT=1;VOL=1;COOL=1;EMA50=1;VWAP=1;BIAS=1,4.00,-0.45,20463.76,20863.28,stop trailed to TP3
1302,2025.08.29 17:10:28,2025.08.29 19:40:28,TP4_REACHED,XAUUSD,M5,476,BUY,FULLTGT,EVENING,0,3415.67,3411.13,3429.28,4.54,1.00,4.54,3420.21,3424.74,3429.28,3433.82,3438.36,0.22,0.00,0.22,3433.82,4.00,4.00,0.00,3416.91,3413.76,3412.14,3416.11,3413.29,0.556,2.91,53.57,86.32,86.32,5.12,3.76,1.36,3412.80,3432.55,1318,989,100.0,0.0,6,1,CROSS=EMA9>EMA21;TREND=1;STRUCT=1;VOL=1;COOL=1;EMA50=1;VWAP=1;BIAS=1,4.00,-0.45,20463.76,20863.28,full target: no partial booked
1303,2025.08.29 17:31:38,2025.08.29 20:01:38,TP5_EXIT,XAUUSD,M5,476,BUY,FULLTGT,EVENING,0,3415.67,3411.13,3429.28,4.54,1.00,4.54,3420.21,3424.74,3429.28,3433.82,3438.36,0.22,0.22,0.00,3438.36,5.00,5.00,0.00,3420.14,3415.76,3413.24,3419.33,3415.25,0.838,3.00,65.53,82.26,82.26,6.01,5.00,1.00,3413.97,3435.94,1138,1026,100.0,0.0,5,1,CROSS=EMA9>EMA21;TREND=1;STRUCT=1;VOL=1;COOL=1;EMA50=1;VWAP=1;BIAS=1,5.00,-0.45,20962.17,20962.17,full target reached; closed in full
1304,2025.08.29 17:31:38,2025.08.29 20:01:38,EXIT_TP,XAUUSD,M5,476,BUY,FULLTGT,EVENING,0,3415.67,3411.13,3429.28,4.54,1.00,4.54,3420.21,3424.74,3429.28,3433.82,3438.36,0.22,0.22,0.00,3438.36,0.00,5.00,497.64,3420.14,3415.76,3413.24,3419.33,3415.25,0.838,3.00,65.53,82.26,82.26,6.01,5.00,1.00,3413.97,3435.94,1138,1026,100.0,0.0,5,1,CROSS=EMA9>EMA21;TREND=1;STRUCT=1;VOL=1;COOL=1;EMA50=1;VWAP=1;BIAS=1,5.00,-0.45,20962.17,20962.17,TP5 exit
1305,2025.09.01 01:00:00,2025.09.01 03:30:00,DAY_SUMMARY,XAUUSD,M5,476,FLAT,NA,DAY,0,0.00,0.00,0.00,0.00,1.00,0.00,0.00,0.00,0.00,0.00,0.00,0.00,0.00,0.00,0.00,0.00,3.99,393.96,3446.47,3441.96,3433.57,3446.34,3441.79,4.134,2.03,29.10,55.15,55.15,0.84,1.01,-0.17,3425.60,3448.93,70,517,71.4,14.3,12,1,CROSS=EMA9>EMA21;TREND=1;STRUCT=1;VOL=1;COOL=1;EMA50=1;VWAP=1;BIAS=1,0.00,0.00,20962.17,20962.17,2025.08.29 trades=2 W=1 L=1 gross_profit=497.64 gross_loss=103.68 net=393.96 PF=4.80
1306,2025.09.01 01:00:00,2025.09.01 03:30:00,WEEK_SUMMARY,XAUUSD,M5,476,FLAT,NA,DAY,0,0.00,0.00,0.00,0.00,1.00,0.00,0.00,0.00,0.00,0.00,0.00,0.00,0.00,0.00,0.00,0.00,-2.06,-259.22,3446.47,3441.96,3433.57,3446.34,3441.79,4.134,2.03,29.10,55.15,55.15,0.84,1.01,-0.17,3425.60,3448.93,70,517,71.4,14.3,12,1,CROSS=EMA9>EMA21;TREND=1;STRUCT=1;VOL=1;COOL=1;EMA50=1;VWAP=1;BIAS=1,0.00,0.00,20962.17,20962.17,days=5 trades=14 W=3 L=11 gross_profit=693.10 gross_loss=952.32 net=-259.22 PF=0.73 pips=-260.0
1307,2025.09.01 01:00:00,2025.09.01 03:30:00,MONTH_SUMMARY,XAUUSD,M5,476,FLAT,NA,DAY,0,0.00,0.00,0.00,0.00,1.00,0.00,0.00,0.00,0.00,0.00,0.00,0.00,0.00,0.00,0.00,0.00,-9.10,-1016.77,3446.47,3441.96,3433.57,3446.34,3441.79,4.134,2.03,29.10,55.15,55.15,0.84,1.01,-0.17,3425.60,3448.93,70,517,71.4,14.3,12,1,CROSS=EMA9>EMA21;TREND=1;STRUCT=1;VOL=1;COOL=1;EMA50=1;VWAP=1;BIAS=1,0.00,0.00,20962.17,20962.17,days=16 trades=30 W=5 L=25 gross_profit=897.98 gross_loss=1914.75 net=-1016.77 PF=0.47 pips=-4216.0
1308,2025.09.01 15:00:00,2025.09.01 17:30:00,SKIP,XAUUSD,M5,476,FLAT,NA,EVENING,0,0.00,0.00,0.00,0.00,1.00,0.00,0.00,0.00,0.00,0.00,0.00,0.00,0.00,0.00,0.00,0.00,0.00,0.00,3471.72,3471.73,3466.16,3471.80,3471.77,2.846,1.95,17.68,46.23,46.23,-0.54,-0.55,0.02,3468.83,3470.18,333,499,28.6,42.9,5,1,CROSS=EMA9<EMA21;TREND=1;STRUCT=1;VOL=1;COOL=1;EMA50=1;VWAP=0;BIAS=1,0.00,0.00,20962.17,20962.17,quality filter
1309,2025.09.01 16:20:00,2025.09.01 18:50:00,SKIP,XAUUSD,M5,476,FLAT,NA,EVENING,0,0.00,0.00,0.00,0.00,1.00,0.00,0.00,0.00,0.00,0.00,0.00,0.00,0.00,0.00,0.00,0.00,0.00,0.00,3471.69,3471.62,3467.09,3471.44,3471.50,2.003,2.26,25.12,65.17,65.17,1.13,-0.05,1.17,3469.04,3476.56,727,587,85.7,14.3,5,1,CROSS=EMA9>EMA21;TREND=1;STRUCT=1;VOL=1;COOL=1;EMA50=1;VWAP=1;BIAS=1,0.00,0.00,20962.17,20962.17,already positioned that way
1310,2025.09.02 10:30:00,2025.09.02 13:00:00,ENTRY,XAUUSD,M5,478,SELL,FULLTGT,DAY,0,3483.97,3489.70,3489.70,5.73,1.00,5.73,3478.24,3472.52,3466.79,3461.06,3455.33,0.18,0.18,0.18,3483.97,0.00,0.00,0.00,3489.38,3489.40,3485.59,3489.66,3489.53,1.331,2.86,30.38,37.67,37.67,-2.67,-2.56,-0.11,3489.84,3483.96,839,814,14.3,85.7,5,1,CROSS=EMA9<EMA21;TREND=1;STRUCT=1;VOL=1;COOL=1;EMA50=1;VWAP=1;BIAS=1,0.00,0.00,20961.54,20960.64,KZ=LONDON; KZR=London H @ 3489.86 74 bars ago (high taken); DAY 12AM-4PM IST session: stop x1.00 of usual; no partials; full size to TP5; SL steps BE->TP1->TP2->TP3
1311,2025.09.02 10:51:28,2025.09.02 13:21:28,SL_MOVE,XAUUSD,M5,478,SELL,FULLTGT,DAY,0,3483.97,3489.70,3483.97,5.73,1.00,5.73,3478.24,3472.52,3466.79,3461.06,3455.33,0.18,0.00,0.18,3483.97,1.00,0.00,0.00,3488.04,3488.69,3485.41,3488.43,3488.90,1.112,2.95,28.96,35.10,35.10,-2.72,-2.65,-0.07,3489.53,3480.54,703,825,0.0,85.7,9,1,CROSS=EMA9<EMA21;TREND=1;STRUCT=1;VOL=1;COOL=1;EMA50=1;VWAP=1;BIAS=1,1.00,-0.36,20961.54,21065.04,stop to breakeven
1312,2025.09.02 10:51:28,2025.09.02 13:21:28,TP1_REACHED,XAUUSD,M5,478,SELL,FULLTGT,DAY,0,3483.97,3489.70,3483.97,5.73,1.00,5.73,3478.24,3472.52,3466.79,3461.06,3455.33,0.18,0.00,0.18,3478.24,1.00,1.00,0.00,3488.04,3488.69,3485.41,3488.43,3488.90,1.112,2.95,28.96,35.10,35.10,-2.72,-2.65,-0.07,3489.53,3480.54,703,825,0.0,85.7,9,1,CROSS=EMA9<EMA21;TREND=1;STRUCT=1;VOL=1;COOL=1;EMA50=1;VWAP=1;BIAS=1,1.00,-0.36,20961.54,21065.04,full target: no partial booked
1313,2025.09.02 10:54:16,2025.09.02 13:24:16,SL_MOVE,XAUUSD,M5,478,SELL,FULLTGT,DAY,0,3483.97,3489.70,3478.24,5.73,1.00,5.73,3478.24,3472.52,3466.79,3461.06,3455.33,0.18,0.00,0.18,3478.24,2.00,0.00,0.00,3488.04,3488.69,3485.41,3488.43,3488.90,1.112,2.95,28.96,35.10,35.10,-2.72,-2.65,-0.07,3489.53,3480.54,703,825,0.0,85.7,11,1,CROSS=EMA9<EMA21;TREND=1;STRUCT=1;VOL=1;COOL=1;EMA50=1;VWAP=1;BIAS=1,2.00,-0.36,20961.54,21168.18,stop trailed to TP1
1314,2025.09.02 10:54:16,2025.09.02 13:24:16,TP2_REACHED,XAUUSD,M5,478,SELL,FULLTGT,DAY,0,3483.97,3489.70,3478.24,5.73,1.00,5.73,3478.24,3472.52,3466.79,3461.06,3455.33,0.18,0.00,0.18,3472.52,2.00,2.00,0.00,3488.04,3488.69,3485.41,3488.43,3488.90,1.112,2.95,28.96,35.10,35.10,-2.72,-2.65,-0.07,3489.53,3480.54,703,825,0.0,85.7,11,1,CROSS=EMA9<EMA21;TREND=1;STRUCT=1;VOL=1;COOL=1;EMA50=1;VWAP=1;BIAS=1,2.00,-0.36,20961.54,21168.18,full target: no partial booked
1315,2025.09.02 10:57:38,2025.09.02 13:27:38,EXIT_TRAIL_SL,XAUUSD,M5,478,SELL,FULLTGT,DAY,0,3483.97,3489.70,3478.24,5.73,1.00,5.73,3478.24,3472.52,3466.79,3461.06,3455.33,0.18,0.18,0.00,3478.27,0.00,1.00,101.34,3487.39,3488.35,3485.28,3488.04,3488.69,0.925,3.32,30.44,27.30,27.30,-3.23,-2.74,-0.49,3489.32,3474.76,1162,843,0.0,100.0,9,1,CROSS=EMA9<EMA21;TREND=1;STRUCT=1;VOL=1;COOL=1;EMA50=1;VWAP=1;BIAS=1,2.06,-0.36,21063.51,21063.51,stopped at a trailed level
1316,2025.09.02 16:55:00,2025.09.02 19:25:00,ENTRY,XAUUSD,M5,480,BUY,FULLTGT,EVENING,0,3487.72,3477.14,3477.14,10.58,1.00,10.58,3498.30,3508.89,3519.47,3530.05,3540.63,0.09,0.09,0.09,3487.72,0.00,0.00,0.00,3483.64,3483.62,3483.38,3483.44,3483.52,0.045,5.29,26.22,57.01,57.01,1.04,0.13,0.90,3485.85,3487.66,1386,1186,85.7,14.3,5,1,CROSS=EMA9>EMA21;TREND=1;STRUCT=1;VOL=1;COOL=1;EMA50=1;VWAP=1;BIAS=1,0.00,0.00,21063.19,21062.74,KZ=NY; KZR=London H @ 3489.86 151 bars ago (high taken); EVENING 4PM-12AM IST session: stop x1.00 of usual; no partials; full size to TP5; SL steps BE->TP1->TP2->TP3
1317,2025.09.02 17:08:37,2025.09.02 19:38:37,SL_MOVE,XAUUSD,M5,480,BUY,FULLTGT,EVENING,0,3487.72,3477.14,3487.72,10.58,1.00,10.58,3498.30,3508.89,3519.47,3530.05,3540.63,0.09,0.00,0.09,3487.72,1.00,0.00,0.00,3484.39,3484.00,3483.58,3483.94,3483.77,0.081,5.22,29.19,64.88,64.88,1.82,0.58,1.24,3485.95,3493.18,1580,1212,100.0,0.0,6,1,CROSS=EMA9>EMA21;TREND=1;STRUCT=1;VOL=1;COOL=1;EMA50=1;VWAP=1;BIAS=1,1.00,-0.11,21063.19,21158.50,stop to breakeven
1318,2025.09.02 17:08:37,2025.09.02 19:38:37,TP1_REACHED,XAUUSD,M5,480,BUY,FULLTGT,EVENING,0,3487.72,3477.14,3487.72,10.58,1.00,10.58,3498.30,3508.89,3519.47,3530.05,3540.63,0.09,0.00,0.09,3498.30,1.00,1.00,0.00,3484.39,3484.00,3483.58,3483.94,3483.77,0.081,5.22,29.19,64.88,64.88,1.82,0.58,1.24,3485.95,3493.18,1580,1212,100.0,0.0,6,1,CROSS=EMA9>EMA21;TREND=1;STRUCT=1;VOL=1;COOL=1;EMA50=1;VWAP=1;BIAS=1,1.00,-0.11,21063.19,21158.50,full target: no partial booked
1319,2025.09.02 17:44:37,2025.09.02 20:14:37,SL_MOVE,XAUUSD,M5,480,BUY,FULLTGT,EVENING,0,3487.72,3477.14,3498.30,10.58,1.00,10.58,3498.30,3508.89,3519.47,3530.05,3540.63,0.09,0.00,0.09,3498.30,2.00,0.00,0.00,3489.17,3486.65,3484.99,3488.44,3486.22,0.279,5.93,43.78,72.08,72.08,5.00,3.43,1.56,3486.81,3503.52,1218,1292,85.7,0.0,9,1,CROSS=EMA9>EMA21;TREND=1;STRUCT=1;VOL=1;COOL=1;EMA50=1;VWAP=1;BIAS=1,2.00,-0.11,21063.19,21254.17,stop trailed to TP1
1320,2025.09.02 17:44:37,2025.09.02 20:14:37,TP2_REACHED,XAUUSD,M5,480,BUY,FULLTGT,EVENING,0,3487.72,3477.14,3498.30,10.58,1.00,10.58,3498.30,3508.89,3519.47,3530.05,3540.63,0.09,0.00,0.09,3508.89,2.00,2.00,0.00,3489.17,3486.65,3484.99,3488.44,3486.22,0.279,5.93,43.78,72.08,72.08,5.00,3.43,1.56,3486.81,3503.52,1218,1292,85.7,0.0,9,1,CROSS=EMA9>EMA21;TREND=1;STRUCT=1;VOL=1;COOL=1;EMA50=1;VWAP=1;BIAS=1,2.00,-0.11,21063.19,21254.17,full target: no partial booked
1321,2025.09.02 18:58:30,2025.09.02 21:28:30,SL_MOVE,XAUUSD,M5,480,BUY,FULLTGT,EVENING,0,3487.72,3477.14,3508.89,10.58,1.00,10.58,3498.30,3508.89,3519.47,3530.05,3540.63,0.09,0.00,0.09,3508.89,3.00,0.00,0.00,3502.04,3495.01,3489.83,3501.26,3494.44,1.486,3.48,50.71,73.57,73.57,6.17,6.64,-0.46,3489.39,3517.35,951,1164,71.4,14.3,5,1,CROSS=EMA9>EMA21;TREND=1;STRUCT=1;VOL=1;COOL=1;EMA50=1;VWAP=1;BIAS=1,3.00,-0.11,21063.19,21349.03,stop trailed to TP2
1322,2025.09.02 18:58:30,2025.09.02 21:28:30,TP3_REACHED,XAUUSD,M5,480,BUY,FULLTGT,EVENING,0,3487.72,3477.14,3508.89,10.58,1.00,10.58,3498.30,3508.89,3519.47,3530.05,3540.63,0.09,0.00,0.09,3519.47,3.00,3.00,0.00,3502.04,3495.01,3489.83,3501.26,3494.44,1.486,3.48,50.71,73.57,73.57,6.17,6.64,-0.46,3489.39,3517.35,951,1164,71.4,14.3,5,1,CROSS=EMA9>EMA21;TREND=1;STRUCT=1;VOL=1;COOL=1;EMA50=1;VWAP=1;BIAS=1,3.00,-0.11,21063.19,21349.03,full target: no partial booked
1323,2025.09.02 20:30:41,2025.09.02 23:00:41,SL_MOVE,XAUUSD,M5,480,BUY,FULLTGT,EVENING,0,3487.72,3477.14,3519.47,10.58,1.00,10.58,3498.30,3508.89,3519.47,3530.05,3540.63,0.09,0.00,0.09,3519.47,4.00,0.00,0.00,3516.71,3506.64,3497.40,3516.12,3506.09,3.296,2.80,51.93,66.62,66.62,4.42,5.31,-0.90,3492.65,3528.22,720,894,71.4,14.3,5,1,CROSS=EMA9>EMA21;TREND=1;STRUCT=1;VOL=1;COOL=1;EMA50=1;VWAP=1;BIAS=1,4.00,-0.11,21063.19,21444.25,stop trailed to TP3
1324,2025.09.02 20:30:41,2025.09.02 23:00:41,TP4_REACHED,XAUUSD,M5,480,BUY,FULLTGT,EVENING,0,3487.72,3477.14,3519.47,10.58,1.00,10.58,3498.30,3508.89,3519.47,3530.05,3540.63,0.09,0.00,0.09,3530.05,4.00,4.00,0.00,3516.71,3506.64,3497.40,3516.12,3506.09,3.296,2.80,51.93,66.62,66.62,4.42,5.31,-0.90,3492.65,3528.22,720,894,71.4,14.3,5,1,CROSS=EMA9>EMA21;TREND=1;STRUCT=1;VOL=1;COOL=1;EMA50=1;VWAP=1;BIAS=1,4.00,-0.11,21063.19,21444.25,full target: no partial booked
1325,2025.09.03 01:00:00,2025.09.03 03:30:00,DAY_SUMMARY,XAUUSD,M5,480,BUY,FULLTGT,DAY,0,3487.72,3477.14,3519.47,10.58,1.00,10.58,3498.30,3508.89,3519.47,3530.05,3540.63,0.09,0.00,0.00,0.00,0.00,1.00,101.34,3532.26,3524.25,3512.06,3532.19,3524.01,5.602,2.18,21.35,47.79,47.79,0.88,1.53,-0.65,3497.37,3533.52,298,505,28.6,42.9,8,1,CROSS=EMA9>EMA21;TREND=1;STRUCT=1;VOL=1;COOL=1;EMA50=1;VWAP=1;BIAS=1,4.95,-0.11,21063.19,21466.37,2025.09.02 trades=1 W=1 L=0 gross_profit=101.34 gross_loss=0.00 net=101.34 PF=0.00
1326,2025.09.03 03:24:20,2025.09.03 05:54:20,TP5_EXIT,XAUUSD,M5,480,BUY,FULLTGT,DAY,0,3487.72,3477.14,3519.47,10.58,1.00,10.58,3498.30,3508.89,3519.47,3530.05,3540.63,0.09,0.09,0.00,3540.68,5.00,5.00,0.00,3530.71,3527.31,3517.48,3530.54,3527.14,4.593,2.14,36.07,59.60,59.60,-0.26,-1.05,0.79,3530.65,3534.16,629,318,100.0,0.0,12,1,CROSS=EMA9>EMA21;TREND=1;STRUCT=1;VOL=1;COOL=1;EMA50=1;VWAP=1;BIAS=1,5.00,-0.11,21533.82,21533.82,full target reached; closed in full
1327,2025.09.03 03:24:20,2025.09.03 05:54:20,EXIT_TP,XAUUSD,M5,480,BUY,FULLTGT,DAY,0,3487.72,3477.14,3519.47,10.58,1.00,10.58,3498.30,3508.89,3519.47,3530.05,3540.63,0.09,0.09,0.00,3540.68,0.00,5.00,470.31,3530.71,3527.31,3517.48,3530.54,3527.14,4.593,2.14,36.07,59.60,59.60,-0.26,-1.05,0.79,3530.65,3534.16,629,318,100.0,0.0,12,1,CROSS=EMA9>EMA21;TREND=1;STRUCT=1;VOL=1;COOL=1;EMA50=1;VWAP=1;BIAS=1,5.00,-0.11,21533.82,21533.82,TP5 exit
1328,2025.09.04 01:00:00,2025.09.04 03:30:00,DAY_SUMMARY,XAUUSD,M5,480,FLAT,NA,DAY,0,0.00,0.00,0.00,0.00,1.00,0.00,0.00,0.00,0.00,0.00,0.00,0.00,0.00,0.00,0.00,0.00,5.00,470.31,3565.30,3563.78,3556.85,3565.62,3563.90,3.769,1.84,37.99,30.96,30.96,-2.08,-1.74,-0.33,3548.70,3559.08,258,555,28.6,57.1,9,1,CROSS=EMA9>EMA21;TREND=1;STRUCT=1;VOL=1;COOL=1;EMA50=1;VWAP=1;BIAS=1,0.00,0.00,21533.82,21533.82,2025.09.03 trades=1 W=1 L=0 gross_profit=470.31 gross_loss=0.00 net=470.31 PF=0.00
1329,2025.09.04 02:20:00,2025.09.04 04:50:00,ENTRY,XAUUSD,M5,482,SELL,FULLTGT,DAY,0,3559.16,3563.42,3563.42,4.26,1.00,4.26,3554.90,3550.64,3546.38,3542.12,3537.86,0.25,0.25,0.25,3559.16,0.00,0.00,0.00,3562.77,3562.81,3557.57,3562.95,3562.90,2.456,2.13,27.91,43.00,43.00,-1.47,-1.05,-0.42,3560.70,3559.22,636,431,14.3,85.7,9,1,CROSS=EMA9<EMA21;TREND=1;STRUCT=1;VOL=1;COOL=1;EMA50=1;VWAP=1;BIAS=1,0.00,0.00,21532.94,21530.69,KZ=ASIA; KZR=NY H @ 3561.45 107 bars ago (high taken); DAY 12AM-4PM IST session: stop x1.00 of usual; no partials; full size to TP5; SL steps BE->TP1->TP2->TP3
1330,2025.09.04 03:06:38,2025.09.04 05:36:38,SL_MOVE,XAUUSD,M5,482,SELL,FULLTGT,DAY,0,3559.16,3563.42,3559.16,4.26,1.00,4.26,3554.90,3550.64,3546.38,3542.12,3537.86,0.25,0.00,0.25,3559.16,1.00,0.00,0.00,3561.23,3561.94,3557.67,3561.34,3562.01,1.530,2.79,22.20,46.24,46.24,-1.10,-1.44,0.35,3559.85,3559.04,540,455,14.3,71.4,10,1,CROSS=EMA9<EMA21;TREND=1;STRUCT=1;VOL=1;COOL=1;EMA50=1;VWAP=1;BIAS=1,0.99,-0.52,21532.94,21639.69,stop to breakeven
1331,2025.09.04 03:06:38,2025.09.04 05:36:38,TP1_REACHED,XAUUSD,M5,482,SELL,FULLTGT,DAY,0,3559.16,3563.42,3559.16,4.26,1.00,4.26,3554.90,3550.64,3546.38,3542.12,3537.86,0.25,0.00,0.25,3554.90,1.00,1.00,0.00,3561.23,3561.94,3557.67,3561.34,3562.01,1.530,2.79,22.20,46.24,46.24,-1.10,-1.44,0.35,3559.85,3559.04,540,455,14.3,71.4,10,1,CROSS=EMA9<EMA21;TREND=1;STRUCT=1;VOL=1;COOL=1;EMA50=1;VWAP=1;BIAS=1,0.99,-0.52,21532.94,21639.69,full target: no partial booked
1332,2025.09.04 03:25:41,2025.09.04 05:55:41,EXIT_BE,XAUUSD,M5,482,SELL,FULLTGT,DAY,0,3559.16,3563.42,3559.16,4.26,1.00,4.26,3554.90,3550.64,3546.38,3542.12,3537.86,0.25,0.25,0.00,3559.17,0.00,-0.00,-2.01,3560.40,3561.43,3557.62,3560.52,3561.52,1.268,3.01,19.56,46.58,46.58,-1.26,-1.35,0.09,3559.25,3558.11,596,505,28.6,57.1,5,1,CROSS=EMA9<EMA21;TREND=1;STRUCT=1;VOL=1;COOL=1;EMA50=1;VWAP=1;BIAS=1,1.67,-0.52,21531.81,21531.81,stopped at breakeven
1333,2025.09.04 13:10:00,2025.09.04 15:40:00,ENTRY,XAUUSD,M5,484,BUY,FULLTGT,DAY,0,3546.72,3540.99,3540.99,5.73,1.00,5.73,3552.45,3558.19,3563.92,3569.65,3575.38,0.18,0.18,0.18,3546.72,0.00,0.00,0.00,3539.88,3539.86,3542.81,3539.53,3539.69,-1.029,2.87,24.04,64.12,64.12,0.50,0.39,0.12,3542.03,3546.61,605,543,85.7,0.0,10,1,CROSS=EMA9>EMA21;TREND=1;STRUCT=1;VOL=1;COOL=1;EMA50=1;VWAP=1;BIAS=1,0.00,0.00,21531.18,21529.38,KZ=NY; KZR=London H @ 3545.60 0 bars ago (high taken); DAY 12AM-4PM IST session: stop x1.00 of usual; no partials; full size to TP5; SL steps BE->TP1->TP2->TP3
1334,2025.09.04 13:20:39,2025.09.04 15:50:39,EXIT_SL,XAUUSD,M5,484,BUY,FULLTGT,DAY,0,3546.72,3540.99,3540.99,5.73,1.00,5.73,3552.45,3558.19,3563.92,3569.65,3575.38,0.18,0.18,0.00,3540.98,0.00,-1.00,-104.58,3540.24,3540.05,3542.83,3540.14,3540.00,-0.925,3.01,21.87,52.55,52.55,0.77,0.38,0.39,3542.06,3542.11,790,554,71.4,14.3,6,1,CROSS=EMA9>EMA21;TREND=1;STRUCT=1;VOL=1;COOL=1;EMA50=1;VWAP=1;BIAS=1,0.00,-0.99,21427.23,21427.23,stopped at the initial SL (x1.00 of usual)
1335,2025.09.05 01:00:00,2025.09.05 03:30:00,DAY_SUMMARY,XAUUSD,M5,484,FLAT,NA,DAY,0,0.00,0.00,0.00,0.00,1.00,0.00,0.00,0.00,0.00,0.00,0.00,0.00,0.00,0.00,0.00,0.00,-1.00,-106.59,3547.81,3547.46,3546.52,3547.93,3547.50,0.719,1.30,31.97,40.22,40.22,-0.71,0.03,-0.74,3544.23,3545.63,160,302,28.6,57.1,8,1,CROSS=EMA9>EMA21;TREND=1;STRUCT=1;VOL=1;COOL=1;EMA50=1;VWAP=1;BIAS=1,0.00,0.00,21427.23,21427.23,2025.09.04 trades=2 W=0 L=2 gross_profit=0.00 gross_loss=106.59 net=-106.59 PF=0.00
1336,2025.09.05 01:15:00,2025.09.05 03:45:00,ENTRY,XAUUSD,M5,486,SELL,FULLTGT,DAY,0,3540.69,3543.96,3543.96,3.27,1.00,3.27,3537.42,3534.16,3530.89,3527.63,3524.36,0.32,0.32,0.32,3540.69,0.00,0.00,0.00,3547.13,3547.13,3546.39,3547.46,3547.29,0.455,1.63,32.74,26.30,26.30,-1.39,-0.53,-0.87,3543.57,3540.64,346,289,0.0,100.0,5,1,CROSS=EMA9<EMA21;TREND=1;STRUCT=1;VOL=1;COOL=1;EMA50=1;VWAP=1;BIAS=1,0.00,0.00,21426.11,21424.51,KZ=ASIA; KZR=London H @ 3545.60 145 bars ago (high taken); DAY 12AM-4PM IST session: stop x1.00 of usual; no partials; full size to TP5; SL steps BE->TP1->TP2->TP3
1337,2025.09.05 02:18:26,2025.09.05 04:48:26,EXIT_SL,XAUUSD,M5,486,SELL,FULLTGT,DAY,0,3540.69,3543.96,3543.96,3.27,1.00,3.27,3537.42,3534.16,3530.89,3527.63,3524.36,0.32,0.32,0.00,3543.96,0.00,-1.00,-106.88,3544.71,3545.75,3545.75,3544.85,3545.84,-0.001,1.65,23.77,42.58,42.58,-1.51,-1.68,0.17,3542.33,3542.05,194,226,14.3,57.1,8,1,CROSS=EMA9<EMA21;TREND=1;STRUCT=1;VOL=1;COOL=1;EMA50=1;VWAP=1;BIAS=1,0.18,-1.00,21320.35,21320.35,stopped at the initial SL (x1.00 of usual)
1338,2025.09.05 03:05:00,2025.09.05 05:35:00,ENTRY,XAUUSD,M5,488,BUY,FULLTGT,DAY,0,3554.89,3549.76,3549.76,5.13,1.00,5.13,3560.02,3565.15,3570.28,3575.42,3580.55,0.20,0.20,0.20,3554.89,0.00,0.00,0.00,3546.67,3546.55,3546.16,3546.25,3546.34,0.154,2.57,54.19,71.10,71.10,2.23,0.48,1.75,3546.68,3554.77,782,340,100.0,0.0,12,1,CROSS=EMA9>EMA21;TREND=1;STRUCT=1;VOL=1;COOL=1;EMA50=1;VWAP=1;BIAS=1,0.00,0.00,21319.65,21317.25,KZ=ASIA; KZR=London H @ 3545.60 167 bars ago (high taken); DAY 12AM-4PM IST session: stop x1.00 of usual; no partials; full size to TP5; SL steps BE->TP1->TP2->TP3
1339,2025.09.05 03:16:27,2025.09.05 05:46:27,EXIT_SL,XAUUSD,M5,488,BUY,FULLTGT,DAY,0,3554.89,3549.76,3549.76,5.13,1.00,5.13,3560.02,3565.15,3570.28,3575.42,3580.55,0.20,0.20,0.00,3549.75,0.00,-1.00,-104.20,3547.12,3546.79,3546.29,3546.92,3546.68,0.176,2.86,53.66,58.89,58.89,2.21,1.22,0.99,3547.45,3551.03,542,393,85.7,14.3,6,1,CROSS=EMA9>EMA21;TREND=1;STRUCT=1;VOL=1;COOL=1;EMA50=1;VWAP=1;BIAS=1,0.01,-1.00,21216.15,21216.15,stopped at the initial SL (x1.00 of usual)
1340,2025.09.05 10:40:00,2025.09.05 13:10:00,ENTRY,XAUUSD,M5,490,SELL,FULLTGT,DAY,0,3547.75,3552.15,3552.15,4.40,1.00,4.40,3543.35,3538.96,3534.56,3530.16,3525.76,0.24,0.24,0.24,3547.75,0.00,0.00,0.00,3553.10,3553.11,3551.50,3553.38,3553.25,0.735,2.20,32.59,34.66,34.66,-1.74,-1.39,-0.35,3552.56,3547.80,434,642,0.0,85.7,6,1,CROSS=EMA9<EMA21;TREND=1;STRUCT=1;VOL=1;COOL=1;EMA50=1;VWAP=1;BIAS=1,0.00,0.00,21215.31,21213.87,KZ=LONDON; KZR=London H @ 3545.60 258 bars ago (high taken); DAY 12AM-4PM IST session: stop x1.00 of usual; no partials; full size to TP5; SL steps BE->TP1->TP2->TP3
1341,2025.09.05 12:48:12,2025.09.05 15:18:12,EXIT_SL,XAUUSD,M5,490,SELL,FULLTGT,DAY,0,3547.75,3552.15,3552.15,4.40,1.00,4.40,3543.35,3538.96,3534.56,3530.16,3525.76,0.24,0.24,0.00,3552.16,0.00,-1.00,-107.52,3549.99,3551.03,3550.71,3549.92,3551.01,0.158,1.99,16.88,57.43,57.43,-0.00,-0.56,0.56,3551.83,3551.50,386,490,42.9,28.6,5,1,CROSS=EMA9<EMA21;TREND=1;STRUCT=1;VOL=1;COOL=1;EMA50=1;VWAP=1;BIAS=1,0.65,-0.99,21108.63,21108.63,stopped at the initial SL (x1.00 of usual)
1342,2025.09.05 15:30:00,2025.09.05 18:00:00,ENTRY,XAUUSD,M5,492,BUY,FULLTGT,EVENING,0,3554.78,3549.21,3549.21,5.57,1.00,5.57,3560.35,3565.93,3571.50,3577.08,3582.65,0.18,0.18,0.18,3554.78,0.00,0.00,0.00,3551.38,3551.37,3551.02,3551.21,3551.29,0.128,2.79,11.08,60.08,60.08,0.56,0.20,0.36,3551.79,3554.69,1017,635,85.7,0.0,7,1,CROSS=EMA9>EMA21;TREND=1;STRUCT=1;VOL=1;COOL=1;EMA50=1;VWAP=1;BIAS=1,0.00,0.00,21108.00,21106.74,KZ=NY; KZR=London H @ 3545.60 316 bars ago (high taken); EVENING 4PM-12AM IST session: stop x1.00 of usual; no partials; full size to TP5; SL steps BE->TP1->TP2->TP3
1343,2025.09.05 15:30:20,2025.09.05 18:00:20,SL_MOVE,XAUUSD,M5,492,BUY,FULLTGT,EVENING,0,3554.78,3549.21,3554.78,5.57,1.00,5.57,3560.35,3565.93,3571.50,3577.08,3582.65,0.18,0.00,0.18,3554.78,1.00,0.00,0.00,3551.38,3551.37,3551.02,3551.21,3551.29,0.128,2.79,11.08,60.08,60.08,0.56,0.20,0.36,3551.79,3554.69,1017,635,85.7,0.0,7,1,CROSS=EMA9>EMA21;TREND=1;STRUCT=1;VOL=1;COOL=1;EMA50=1;VWAP=1;BIAS=1,0.98,-0.04,21108.00,21209.88,stop to breakeven
1344,2025.09.05 15:30:20,2025.09.05 18:00:20,TP1_REACHED,XAUUSD,M5,492,BUY,FULLTGT,EVENING,0,3554.78,3549.21,3554.78,5.57,1.00,5.57,3560.35,3565.93,3571.50,3577.08,3582.65,0.18,0.00,0.18,3560.35,1.00,1.00,0.00,3551.38,3551.37,3551.02,3551.21,3551.29,0.128,2.79,11.08,60.08,60.08,0.56,0.20,0.36,3551.79,3554.69,1017,635,85.7,0.0,7,1,CROSS=EMA9>EMA21;TREND=1;STRUCT=1;VOL=1;COOL=1;EMA50=1;VWAP=1;BIAS=1,0.98,-0.04,21108.00,21209.88,full target: no partial booked
1345,2025.09.05 15:30:30,2025.09.05 18:00:30,SL_MOVE,XAUUSD,M5,492,BUY,FULLTGT,EVENING,0,3554.78,3549.21,3560.35,5.57,1.00,5.57,3560.35,3565.93,3571.50,3577.08,3582.65,0.18,0.00,0.18,3560.35,2.00,0.00,0.00,3551.38,3551.37,3551.02,3551.21,3551.29,0.128,2.79,11.08,60.08,60.08,0.56,0.20,0.36,3551.79,3554.69,1017,635,85.7,0.0,7,1,CROSS=EMA9>EMA21;TREND=1;STRUCT=1;VOL=1;COOL=1;EMA50=1;VWAP=1;BIAS=1,1.99,-0.04,21108.00,21311.94,stop trailed to TP1
1346,2025.09.05 15:30:30,2025.09.05 18:00:30,TP2_REACHED,XAUUSD,M5,492,BUY,FULLTGT,EVENING,0,3554.78,3549.21,3560.35,5.57,1.00,5.57,3560.35,3565.93,3571.50,3577.08,3582.65,0.18,0.00,0.18,3565.93,2.00,2.00,0.00,3551.38,3551.37,3551.02,3551.21,3551.29,0.128,2.79,11.08,60.08,60.08,0.56,0.20,0.36,3551.79,3554.69,1017,635,85.7,0.0,7,1,CROSS=EMA9>EMA21;TREND=1;STRUCT=1;VOL=1;COOL=1;EMA50=1;VWAP=1;BIAS=1,1.99,-0.04,21108.00,21311.94,full target: no partial booked
1347,2025.09.05 15:30:40,2025.09.05 18:00:40,SL_MOVE,XAUUSD,M5,492,BUY,FULLTGT,EVENING,0,3554.78,3549.21,3565.93,5.57,1.00,5.57,3560.35,3565.93,3571.50,3577.08,3582.65,0.18,0.00,0.18,3565.93,3.00,0.00,0.00,3551.38,3551.37,3551.02,3551.21,3551.29,0.128,2.79,11.08,60.08,60.08,0.56,0.20,0.36,3551.79,3554.69,1017,635,85.7,0.0,7,1,CROSS=EMA9>EMA21;TREND=1;STRUCT=1;VOL=1;COOL=1;EMA50=1;VWAP=1;BIAS=1,2.97,-0.04,21108.00,21410.40,stop trailed to TP2
1348,2025.09.05 15:30:40,2025.09.05 18:00:40,TP3_REACHED,XAUUSD,M5,492,BUY,FULLTGT,EVENING,0,3554.78,3549.21,3565.93,5.57,1.00,5.57,3560.35,3565.93,3571.50,3577.08,3582.65,0.18,0.00,0.18,3571.50,3.00,3.00,0.00,3551.38,3551.37,3551.02,3551.21,3551.29,0.128,2.79,11.08,60.08,60.08,0.56,0.20,0.36,3551.79,3554.69,1017,635,85.7,0.0,7,1,CROSS=EMA9>EMA21;TREND=1;STRUCT=1;VOL=1;COOL=1;EMA50=1;VWAP=1;BIAS=1,2.97,-0.04,21108.00,21410.40,full target: no partial booked
1349,2025.09.05 15:31:42,2025.09.05 18:01:42,SL_MOVE,XAUUSD,M5,492,BUY,FULLTGT,EVENING,0,3554.78,3549.21,3571.50,5.57,1.00,5.57,3560.35,3565.93,3571.50,3577.08,3582.65,0.18,0.00,0.18,3571.50,4.00,0.00,0.00,3551.38,3551.37,3551.02,3551.21,3551.29,0.128,2.79,11.08,60.08,60.08,0.56,0.20,0.36,3551.79,3554.69,1017,635,85.7,0.0,10,1,CROSS=EMA9>EMA21;TREND=1;STRUCT=1;VOL=1;COOL=1;EMA50=1;VWAP=1;BIAS=1,4.00,-0.04,21108.00,21510.12,stop trailed to TP3
1350,2025.09.05 15:31:42,2025.09.05 18:01:42,TP4_REACHED,XAUUSD,M5,492,BUY,FULLTGT,EVENING,0,3554.78,3549.21,3571.50,5.57,1.00,5.57,3560.35,3565.93,3571.50,3577.08,3582.65,0.18,0.00,0.18,3577.08,4.00,4.00,0.00,3551.38,3551.37,3551.02,3551.21,3551.29,0.128,2.79,11.08,60.08,60.08,0.56,0.20,0.36,3551.79,3554.69,1017,635,85.7,0.0,10,1,CROSS=EMA9>EMA21;TREND=1;STRUCT=1;VOL=1;COOL=1;EMA50=1;VWAP=1;BIAS=1,4.00,-0.04,21108.00,21510.12,full target: no partial booked
1351,2025.09.05 15:33:42,2025.09.05 18:03:42,TP5_EXIT,XAUUSD,M5,492,BUY,FULLTGT,EVENING,0,3554.78,3549.21,3571.50,5.57,1.00,5.57,3560.35,3565.93,3571.50,3577.08,3582.65,0.18,0.18,0.00,3582.69,5.00,5.00,0.00,3551.38,3551.37,3551.02,3551.21,3551.29,0.128,2.79,11.08,60.08,60.08,0.56,0.20,0.36,3551.79,3554.69,1017,635,85.7,0.0,8,1,CROSS=EMA9>EMA21;TREND=1;STRUCT=1;VOL=1;COOL=1;EMA50=1;VWAP=1;BIAS=1,5.00,-0.04,21609.75,21609.75,full target reached; closed in full
1352,2025.09.05 15:33:42,2025.09.05 18:03:42,EXIT_TP,XAUUSD,M5,492,BUY,FULLTGT,EVENING,0,3554.78,3549.21,3571.50,5.57,1.00,5.57,3560.35,3565.93,3571.50,3577.08,3582.65,0.18,0.18,0.00,3582.69,0.00,5.01,501.12,3551.38,3551.37,3551.02,3551.21,3551.29,0.128,2.79,11.08,60.08,60.08,0.56,0.20,0.36,3551.79,3554.69,1017,635,85.7,0.0,8,1,CROSS=EMA9>EMA21;TREND=1;STRUCT=1;VOL=1;COOL=1;EMA50=1;VWAP=1;BIAS=1,5.00,-0.04,21609.75,21609.75,TP5 exit
1353,2025.09.08 01:00:00,2025.09.08 03:30:00,DAY_SUMMARY,XAUUSD,M5,492,FLAT,NA,DAY,0,0.00,0.00,0.00,0.00,1.00,0.00,0.00,0.00,0.00,0.00,0.00,0.00,0.00,0.00,0.00,0.00,2.00,182.52,3591.61,3588.88,3580.27,3591.87,3588.94,3.949,2.18,35.12,33.06,33.06,-1.76,-1.33,-0.43,3571.15,3586.58,124,491,28.6,57.1,8,1,CROSS=EMA9>EMA21;TREND=1;STRUCT=1;VOL=1;COOL=1;EMA50=1;VWAP=1;BIAS=1,0.00,0.00,21609.75,21609.75,2025.09.05 trades=4 W=1 L=3 gross_profit=501.12 gross_loss=318.60 net=182.52 PF=1.57
1354,2025.09.08 01:00:00,2025.09.08 03:30:00,WEEK_SUMMARY,XAUUSD,M5,492,FLAT,NA,DAY,0,0.00,0.00,0.00,0.00,1.00,0.00,0.00,0.00,0.00,0.00,0.00,0.00,0.00,0.00,0.00,0.00,7.00,647.58,3591.61,3588.88,3580.27,3591.87,3588.94,3.949,2.18,35.12,33.06,33.06,-1.76,-1.33,-0.43,3571.15,3586.58,124,491,28.6,57.1,8,1,CROSS=EMA9>EMA21;TREND=1;STRUCT=1;VOL=1;COOL=1;EMA50=1;VWAP=1;BIAS=1,0.00,0.00,21609.75,21609.75,days=4 trades=8 W=3 L=5 gross_profit=1072.77 gross_loss=425.19 net=647.58 PF=2.52 pips=6800.0
1355,2025.09.08 06:25:00,2025.09.08 08:55:00,ENTRY,XAUUSD,M5,494,SELL,FULLTGT,DAY,0,3587.46,3592.96,3592.96,5.50,1.00,5.50,3581.96,3576.45,3570.95,3565.44,3559.94,0.19,0.19,0.19,3587.46,0.00,0.00,0.00,3589.62,3589.63,3585.69,3589.73,3589.68,1.431,2.75,22.37,44.64,44.64,-0.25,0.03,-0.28,3590.23,3587.46,457,700,0.0,71.4,5,1,CROSS=EMA9<EMA21;TREND=1;STRUCT=1;VOL=1;COOL=1;EMA50=1;VWAP=1;BIAS=1,0.00,0.00,21609.08,21608.13,KZ=ASIA; KZR=London H @ 3558.14 754 bars ago (high taken); DAY 12AM-4PM IST session: stop x1.00 of usual; no partials; full size to TP5; SL steps BE->TP1->TP2->TP3
1356,2025.09.08 07:02:26,2025.09.08 09:32:26,SL_MOVE,XAUUSD,M5,494,SELL,FULLTGT,DAY,0,3587.46,3592.96,3587.46,5.50,1.00,5.50,3581.96,3576.45,3570.95,3565.44,3559.94,0.19,0.00,0.19,3587.46,1.00,0.00,0.00,3588.14,3588.83,3585.60,3588.37,3588.96,1.462,2.20,38.26,38.10,38.10,-1.51,-0.84,-0.67,3589.89,3583.64,199,578,0.0,85.7,7,1,CROSS=EMA9<EMA21;TREND=1;STRUCT=1;VOL=1;COOL=1;EMA50=1;VWAP=1;BIAS=1,1.00,-0.05,21609.08,21713.77,stop to breakeven
1357,2025.09.08 07:02:26,2025.09.08 09:32:26,TP1_REACHED,XAUUSD,M5,494,SELL,FULLTGT,DAY,0,3587.46,3592.96,3587.46,5.50,1.00,5.50,3581.96,3576.45,3570.95,3565.44,3559.94,0.19,0.00,0.19,3581.96,1.00,1.00,0.00,3588.14,3588.83,3585.60,3588.37,3588.96,1.462,2.20,38.26,38.10,38.10,-1.51,-0.84,-0.67,3589.89,3583.64,199,578,0.0,85.7,7,1,CROSS=EMA9<EMA21;TREND=1;STRUCT=1;VOL=1;COOL=1;EMA50=1;VWAP=1;BIAS=1,1.00,-0.05,21609.08,21713.77,full target: no partial booked
1358,2025.09.08 08:39:37,2025.09.08 11:09:37,EXIT_BE,XAUUSD,M5,494,SELL,FULLTGT,DAY,0,3587.46,3592.96,3587.46,5.50,1.00,5.50,3581.96,3576.45,3570.95,3565.44,3559.94,0.19,0.19,0.00,3587.46,0.00,-0.00,-1.34,3584.89,3586.55,3585.01,3584.94,3586.62,0.976,1.58,22.78,49.54,49.54,-0.76,-1.21,0.45,3589.05,3583.88,574,331,28.6,57.1,11,1,CROSS=EMA9<EMA21;TREND=1;STRUCT=1;VOL=1;COOL=1;EMA50=1;VWAP=1;BIAS=1,1.44,-0.05,21608.41,21608.41,stopped at breakeven
1359,2025.09.08 09:35:00,2025.09.08 12:05:00,ENTRY,XAUUSD,M5,496,BUY,FULLTGT,DAY,0,3593.90,3588.73,3588.73,5.17,1.00,5.17,3599.07,3604.25,3609.42,3614.60,3619.77,0.20,0.20,0.20,3593.90,0.00,0.00,0.00,3587.80,3587.75,3585.85,3587.49,3587.59,0.731,2.59,49.16,65.27,65.27,2.37,1.66,0.71,3589.27,3593.84,635,518,85.7,14.3,6,1,CROSS=EMA9>EMA21;TREND=1;STRUCT=1;VOL=1;COOL=1;EMA50=1;VWAP=1;BIAS=1,0.00,0.00,21607.71,21606.51,KZ=LONDON; KZR=London H @ 3558.14 792 bars ago (high taken); DAY 12AM-4PM IST session: stop x1.00 of usual; no partials; full size to TP5; SL steps BE->TP1->TP2->TP3
1360,2025.09.08 10:02:37,2025.09.08 12:32:37,SL_MOVE,XAUUSD,M5,496,BUY,FULLTGT,DAY,0,3593.90,3588.73,3593.90,5.17,1.00,5.17,3599.07,3604.25,3609.42,3614.60,3619.77,0.20,0.00,0.20,3593.90,1.00,0.00,0.00,3589.82,3588.82,3586.52,3589.40,3588.59,0.883,2.60,57.96,70.37,70.37,3.17,2.57,0.60,3589.60,3598.09,696,590,100.0,0.0,11,1,CROSS=EMA9>EMA21;TREND=1;STRUCT=1;VOL=1;COOL=1;EMA50=1;VWAP=1;BIAS=1,1.00,-0.11,21607.71,21712.11,stop to breakeven
1361,2025.09.08 10:02:37,2025.09.08 12:32:37,TP1_REACHED,XAUUSD,M5,496,BUY,FULLTGT,DAY,0,3593.90,3588.73,3593.90,5.17,1.00,5.17,3599.07,3604.25,3609.42,3614.60,3619.77,0.20,0.00,0.20,3599.07,1.00,1.00,0.00,3589.82,3588.82,3586.52,3589.40,3588.59,0.883,2.60,57.96,70.37,70.37,3.17,2.57,0.60,3589.60,3598.09,696,590,100.0,0.0,11,1,CROSS=EMA9>EMA21;TREND=1;STRUCT=1;VOL=1;COOL=1;EMA50=1;VWAP=1;BIAS=1,1.00,-0.11,21607.71,21712.11,full target: no partial booked
1362,2025.09.08 10:12:26,2025.09.08 12:42:26,SL_MOVE,XAUUSD,M5,496,BUY,FULLTGT,DAY,0,3593.90,3588.73,3599.07,5.17,1.00,5.17,3599.07,3604.25,3609.42,3614.60,3619.77,0.20,0.00,0.20,3599.07,2.00,0.00,0.00,3590.81,3589.38,3586.86,3590.33,3589.10,0.902,2.79,60.54,73.82,73.82,3.55,2.90,0.65,3589.78,3600.35,568,625,85.7,0.0,7,1,CROSS=EMA9>EMA21;TREND=1;STRUCT=1;VOL=1;COOL=1;EMA50=1;VWAP=1;BIAS=1,2.00,-0.11,21607.71,21815.11,stop trailed to TP1
1363,2025.09.08 10:12:26,2025.09.08 12:42:26,TP2_REACHED,XAUUSD,M5,496,BUY,FULLTGT,DAY,0,3593.90,3588.73,3599.07,5.17,1.00,5.17,3599.07,3604.25,3609.42,3614.60,3619.77,0.20,0.00,0.20,3604.25,2.00,2.00,0.00,3590.81,3589.38,3586.86,3590.33,3589.10,0.902,2.79,60.54,73.82,73.82,3.55,2.90,0.65,3589.78,3600.35,568,625,85.7,0.0,7,1,CROSS=EMA9>EMA21;TREND=1;STRUCT=1;VOL=1;COOL=1;EMA50=1;VWAP=1;BIAS=1,2.00,-0.11,21607.71,21815.11,full target: no partial booked
1364,2025.09.08 10:20:36,2025.09.08 12:50:36,SL_MOVE,XAUUSD,M5,496,BUY,FULLTGT,DAY,0,3593.90,3588.73,3604.25,5.17,1.00,5.17,3599.07,3604.25,3609.42,3614.60,3619.77,0.20,0.00,0.20,3604.25,3.00,0.00,0.00,3592.32,3590.22,3587.35,3591.49,3589.76,0.922,3.11,65.30,82.61,82.61,4.57,3.34,1.23,3590.16,3608.56,880,648,100.0,0.0,11,1,CROSS=EMA9>EMA21;TREND=1;STRUCT=1;VOL=1;COOL=1;EMA50=1;VWAP=1;BIAS=1,3.00,-0.11,21607.71,21918.71,stop trailed to TP2
1365,2025.09.08 10:20:36,2025.09.08 12:50:36,TP3_REACHED,XAUUSD,M5,496,BUY,FULLTGT,DAY,0,3593.90,3588.73,3604.25,5.17,1.00,5.17,3599.07,3604.25,3609.42,3614.60,3619.77,0.20,0.00,0.20,3609.42,3.00,3.00,0.00,3592.32,3590.22,3587.35,3591.49,3589.76,0.922,3.11,65.30,82.61,82.61,4.57,3.34,1.23,3590.16,3608.56,880,648,100.0,0.0,11,1,CROSS=EMA9>EMA21;TREND=1;STRUCT=1;VOL=1;COOL=1;EMA50=1;VWAP=1;BIAS=1,3.00,-0.11,21607.71,21918.71,full target: no partial booked
1366,2025.09.08 11:22:19,2025.09.08 13:52:19,SL_MOVE,XAUUSD,M5,496,BUY,FULLTGT,DAY,0,3593.90,3588.73,3609.42,5.17,1.00,5.17,3599.07,3604.25,3609.42,3614.60,3619.77,0.20,0.00,0.20,3609.42,4.00,0.00,0.00,3600.21,3595.29,3590.47,3599.55,3594.84,1.447,3.33,45.45,70.57,70.57,4.69,5.36,-0.67,3592.15,3613.04,729,660,85.7,14.3,10,1,CROSS=EMA9>EMA21;TREND=1;STRUCT=1;VOL=1;COOL=1;EMA50=1;VWAP=1;BIAS=1,3.99,-0.11,21607.71,22021.91,stop trailed to TP3
1367,2025.09.08 11:22:19,2025.09.08 13:52:19,TP4_REACHED,XAUUSD,M5,496,BUY,FULLTGT,DAY,0,3593.90,3588.73,3609.42,5.17,1.00,5.17,3599.07,3604.25,3609.42,3614.60,3619.77,0.20,0.00,0.20,3614.60,4.00,4.00,0.00,3600.21,3595.29,3590.47,3599.55,3594.84,1.447,3.33,45.45,70.57,70.57,4.69,5.36,-0.67,3592.15,3613.04,729,660,85.7,14.3,10,1,CROSS=EMA9>EMA21;TREND=1;STRUCT=1;VOL=1;COOL=1;EMA50=1;VWAP=1;BIAS=1,3.99,-0.11,21607.71,22021.91,full target: no partial booked
1368,2025.09.08 12:01:27,2025.09.08 14:31:27,EXIT_TRAIL_SL,XAUUSD,M5,496,BUY,FULLTGT,DAY,0,3593.90,3588.73,3609.42,5.17,1.00,5.17,3599.07,3604.25,3609.42,3614.60,3619.77,0.20,0.20,0.00,3609.41,0.00,3.00,308.80,3604.29,3598.44,3592.59,3603.94,3598.12,1.993,2.94,35.99,59.79,59.79,3.56,4.37,-0.81,3593.42,3611.22,692,638,85.7,14.3,11,1,CROSS=EMA9>EMA21;TREND=1;STRUCT=1;VOL=1;COOL=1;EMA50=1;VWAP=1;BIAS=1,4.48,-0.11,21917.21,21917.21,stopped at a trailed level
1369,2025.09.09 01:00:00,2025.09.09 03:30:00,DAY_SUMMARY,XAUUSD,M5,496,FLAT,NA,DAY,0,0.00,0.00,0.00,0.00,1.00,0.00,0.00,0.00,0.00,0.00,0.00,0.00,0.00,0.00,0.00,0.00,3.00,307.46,3635.59,3633.58,3626.04,3635.58,3633.53,6.605,1.14,20.28,49.97,49.97,0.32,0.23,0.08,3613.45,3635.75,206,361,42.9,28.6,8,1,CROSS=EMA9>EMA21;TREND=1;STRUCT=1;VOL=1;COOL=1;EMA50=1;VWAP=1;BIAS=1,0.00,0.00,21917.21,21917.21,2025.09.08 trades=2 W=1 L=1 gross_profit=308.80 gross_loss=1.34 net=307.46 PF=230.45
1370,2025.09.09 18:10:00,2025.09.09 20:40:00,SKIP,XAUUSD,M5,496,FLAT,NA,EVENING,0,0.00,0.00,0.00,0.00,1.00,0.00,0.00,0.00,0.00,0.00,0.00,0.00,0.00,0.00,0.00,0.00,0.00,0.00,3650.83,3650.93,3648.22,3651.28,3651.16,0.329,8.25,18.02,38.72,38.72,-3.20,-1.95,-1.25,3648.51,3642.04,1259,1430,0.0,71.4,5,1,CROSS=EMA9>EMA21;TREND=1;STRUCT=1;VOL=1;COOL=1;EMA50=1;VWAP=1;BIAS=1,0.00,0.00,21917.21,21917.21,outside the killzone window
1371,2025.09.10 07:10:00,2025.09.10 09:40:00,SKIP,XAUUSD,M5,496,FLAT,NA,DAY,0,0.00,0.00,0.00,0.00,1.00,0.00,0.00,0.00,0.00,0.00,0.00,0.00,0.00,0.00,0.00,0.00,0.00,0.00,3634.02,3633.93,3636.39,3633.68,3633.76,-1.410,1.75,25.01,71.16,71.16,1.73,1.37,0.36,3630.94,3640.65,503,435,100.0,0.0,9,1,CROSS=EMA9>EMA21;TREND=1;STRUCT=1;VOL=1;COOL=1;EMA50=1;VWAP=1;BIAS=1,0.00,0.00,21917.21,21917.21,outside the killzone window
1372,2025.09.10 19:00:00,2025.09.10 21:30:00,SKIP,XAUUSD,M5,496,FLAT,NA,EVENING,0,0.00,0.00,0.00,0.00,1.00,0.00,0.00,0.00,0.00,0.00,0.00,0.00,0.00,0.00,0.00,0.00,0.00,0.00,3648.19,3648.24,3646.40,3648.38,3648.34,0.580,3.17,20.39,43.35,43.35,-1.03,-1.24,0.21,3643.09,3644.44,745,900,28.6,42.9,6,1,CROSS=EMA9>EMA21;TREND=1;STRUCT=1;VOL=1;COOL=1;EMA50=1;VWAP=1;BIAS=1,0.00,0.00,21917.21,21917.21,outside the killzone window
1373,2025.09.11 04:15:00,2025.09.11 06:45:00,SKIP,XAUUSD,M5,496,FLAT,NA,DAY,0,0.00,0.00,0.00,0.00,1.00,0.00,0.00,0.00,0.00,0.00,0.00,0.00,0.00,0.00,0.00,0.00,0.00,0.00,3643.58,3643.54,3643.99,3643.45,3643.47,-0.224,2.02,29.53,59.21,59.21,0.70,0.81,-0.10,3643.55,3646.21,496,383,85.7,14.3,5,1,CROSS=EMA9>EMA21;TREND=1;STRUCT=1;VOL=1;COOL=1;EMA50=1;VWAP=1;BIAS=1,0.00,0.00,21917.21,21917.21,already positioned that way
1374,2025.09.11 05:20:00,2025.09.11 07:50:00,ENTRY,XAUUSD,M5,498,SELL,FULLTGT,DAY,0,3639.79,3644.49,3644.49,4.70,1.00,4.70,3635.09,3630.38,3625.68,3620.97,3616.27,0.23,0.23,0.23,3639.79,0.00,0.00,0.00,3643.42,3643.50,3643.92,3643.60,3643.60,-0.176,2.35,27.79,38.45,38.45,-0.67,-0.06,-0.61,3643.63,3639.81,339,489,0.0,85.7,5,1,CROSS=EMA9<EMA21;TREND=1;STRUCT=1;VOL=1;COOL=1;EMA50=1;VWAP=1;BIAS=1,0.00,0.00,21916.40,21915.25,KZ=ASIA; KZR=London H @ 3656.37 492 bars ago (high taken); DAY 12AM-4PM IST session: stop x1.00 of usual; no partials; full size to TP5; SL steps BE->TP1->TP2->TP3
1375,2025.09.11 05:45:37,2025.09.11 08:15:37,SL_MOVE,XAUUSD,M5,498,SELL,FULLTGT,DAY,0,3639.79,3644.49,3639.79,4.70,1.00,4.70,3635.09,3630.38,3625.68,3620.97,3616.27,0.23,0.00,0.23,3639.79,1.00,0.00,0.00,3642.12,3642.81,3643.54,3642.43,3642.98,-0.326,2.23,43.17,33.07,33.07,-1.80,-0.97,-0.83,3642.95,3636.09,552,487,0.0,100.0,5,1,CROSS=EMA9<EMA21;TREND=1;STRUCT=1;VOL=1;COOL=1;EMA50=1;VWAP=1;BIAS=1,0.99,-0.15,21916.40,22024.73,stop to breakeven
1376,2025.09.11 05:45:37,2025.09.11 08:15:37,TP1_REACHED,XAUUSD,M5,498,SELL,FULLTGT,DAY,0,3639.79,3644.49,3639.79,4.70,1.00,4.70,3635.09,3630.38,3625.68,3620.97,3616.27,0.23,0.00,0.23,3635.09,1.00,1.00,0.00,3642.12,3642.81,3643.54,3642.43,3642.98,-0.326,2.23,43.17,33.07,33.07,-1.80,-0.97,-0.83,3642.95,3636.09,552,487,0.0,100.0,5,1,CROSS=EMA9<EMA21;TREND=1;STRUCT=1;VOL=1;COOL=1;EMA50=1;VWAP=1;BIAS=1,0.99,-0.15,21916.40,22024.73,full target: no partial booked
1377,2025.09.11 06:45:26,2025.09.11 09:15:26,SL_MOVE,XAUUSD,M5,498,SELL,FULLTGT,DAY,0,3639.79,3644.49,3635.09,4.70,1.00,4.70,3635.09,3630.38,3625.68,3620.97,3616.27,0.23,0.00,0.23,3635.09,2.00,0.00,0.00,3638.60,3640.65,3642.29,3638.99,3640.89,-0.640,2.56,63.24,31.62,31.62,-2.62,-2.36,-0.25,3641.21,3631.10,377,452,0.0,85.7,9,1,CROSS=EMA9<EMA21;TREND=1;STRUCT=1;VOL=1;COOL=1;EMA50=1;VWAP=1;BIAS=1,2.00,-0.15,21916.40,22132.83,stop trailed to TP1
1378,2025.09.11 06:45:26,2025.09.11 09:15:26,TP2_REACHED,XAUUSD,M5,498,SELL,FULLTGT,DAY,0,3639.79,3644.49,3635.09,4.70,1.00,4.70,3635.09,3630.38,3625.68,3620.97,3616.27,0.23,0.00,0.23,3630.38,2.00,2.00,0.00,3638.60,3640.65,3642.29,3638.99,3640.89,-0.640,2.56,63.24,31.62,31.62,-2.62,-2.36,-0.25,3641.21,3631.10,377,452,0.0,85.7,9,1,CROSS=EMA9<EMA21;TREND=1;STRUCT=1;VOL=1;COOL=1;EMA50=1;VWAP=1;BIAS=1,2.00,-0.15,21916.40,22132.83,full target: no partial booked
1379,2025.09.11 08:32:41,2025.09.11 11:02:41,SL_MOVE,XAUUSD,M5,498,SELL,FULLTGT,DAY,0,3639.79,3644.49,3630.38,4.70,1.00,4.70,3635.09,3630.38,3625.68,3620.97,3616.27,0.23,0.00,0.23,3630.38,3.00,0.00,0.00,3634.08,3637.03,3639.88,3634.23,3637.18,-2.018,1.41,23.37,42.74,42.74,-1.43,-1.55,0.12,3639.08,3631.19,426,343,28.6,57.1,11,1,CROSS=EMA9<EMA21;TREND=1;STRUCT=1;VOL=1;COOL=1;EMA50=1;VWAP=1;BIAS=1,3.00,-0.15,21916.40,22242.54,stop trailed to TP2
1380,2025.09.11 08:32:41,2025.09.11 11:02:41,TP3_REACHED,XAUUSD,M5,498,SELL,FULLTGT,DAY,0,3639.79,3644.49,3630.38,4.70,1.00,4.70,3635.09,3630.38,3625.68,3620.97,3616.27,0.23,0.00,0.23,3625.68,3.00,3.00,0.00,3634.08,3637.03,3639.88,3634.23,3637.18,-2.018,1.41,23.37,42.74,42.74,-1.43,-1.55,0.12,3639.08,3631.19,426,343,28.6,57.1,11,1,CROSS=EMA9<EMA21;TREND=1;STRUCT=1;VOL=1;COOL=1;EMA50=1;VWAP=1;BIAS=1,3.00,-0.15,21916.40,22242.54,full target: no partial booked
1381,2025.09.11 08:34:32,2025.09.11 11:04:32,EXIT_TRAIL_SL,XAUUSD,M5,498,SELL,FULLTGT,DAY,0,3639.79,3644.49,3630.38,4.70,1.00,4.70,3635.09,3630.38,3625.68,3620.97,3616.27,0.23,0.23,0.00,3630.41,0.00,1.99,214.12,3634.08,3637.03,3639.88,3634.23,3637.18,-2.018,1.41,23.37,42.74,42.74,-1.43,-1.55,0.12,3639.08,3631.19,426,343,28.6,57.1,12,1,CROSS=EMA9<EMA21;TREND=1;STRUCT=1;VOL=1;COOL=1;EMA50=1;VWAP=1;BIAS=1,3.01,-0.15,22131.33,22131.33,stopped at a trailed level
1382,2025.09.11 17:10:00,2025.09.11 19:40:00,SKIP,XAUUSD,M5,498,FLAT,NA,EVENING,0,0.00,0.00,0.00,0.00,1.00,0.00,0.00,0.00,0.00,0.00,0.00,0.00,0.00,0.00,0.00,0.00,0.00,0.00,3626.82,3626.75,3629.66,3626.50,3626.59,-0.456,6.40,14.44,57.20,57.20,1.31,1.07,0.24,3630.71,3633.02,1255,1365,71.4,0.0,6,1,CROSS=EMA9<EMA21;TREND=1;STRUCT=1;VOL=1;COOL=1;EMA50=1;VWAP=1;BIAS=1,0.00,0.00,22131.33,22131.33,outside the killzone window
1383,2025.09.12 01:00:00,2025.09.12 03:30:00,DAY_SUMMARY,XAUUSD,M5,498,FLAT,NA,DAY,0,0.00,0.00,0.00,0.00,1.00,0.00,0.00,0.00,0.00,0.00,0.00,0.00,0.00,0.00,0.00,0.00,1.99,214.12,3634.76,3633.82,3632.96,3634.81,3633.82,0.780,1.10,27.65,44.83,44.83,-0.29,0.12,-0.41,3631.92,3633.96,145,282,28.6,57.1,9,1,CROSS=EMA9<EMA21;TREND=1;STRUCT=1;VOL=1;COOL=1;EMA50=1;VWAP=1;BIAS=1,0.00,0.00,22131.33,22131.33,2025.09.11 trades=1 W=1 L=0 gross_profit=214.12 gross_loss=0.00 net=214.12 PF=0.00
1384,2025.09.12 12:00:00,2025.09.12 14:30:00,SKIP,XAUUSD,M5,498,FLAT,NA,DAY,0,0.00,0.00,0.00,0.00,1.00,0.00,0.00,0.00,0.00,0.00,0.00,0.00,0.00,0.00,0.00,0.00,0.00,0.00,3647.89,3647.92,3644.82,3648.24,3648.09,1.226,2.53,32.73,33.00,33.00,-2.54,-1.99,-0.55,3646.60,3641.09,821,577,14.3,85.7,7,1,CROSS=EMA9<EMA21;TREND=1;STRUCT=1;VOL=1;COOL=1;EMA50=1;VWAP=1;BIAS=1,0.00,0.00,22131.33,22131.33,outside the killzone window
1385,2025.09.12 13:50:00,2025.09.12 16:20:00,ENTRY,XAUUSD,M5,500,BUY,FULLTGT,EVENING,0,3650.07,3646.91,3646.91,3.16,1.00,3.16,3653.23,3656.40,3659.56,3662.72,3665.88,0.34,0.34,0.34,3650.07,0.00,0.00,0.00,3647.56,3647.51,3645.28,3647.44,3647.45,1.413,1.58,41.39,59.52,59.52,1.20,0.73,0.47,3646.45,3650.00,380,488,85.7,0.0,7,1,CROSS=EMA9>EMA21;TREND=1;STRUCT=1;VOL=1;COOL=1;EMA50=1;VWAP=1;BIAS=1,0.00,0.00,22130.14,22127.76,KZ=NY; KZR=London H @ 3656.37 882 bars ago (high taken); EVENING 4PM-12AM IST session: stop x1.00 of usual; no partials; full size to TP5; SL steps BE->TP1->TP2->TP3
1386,2025.09.12 14:59:38,2025.09.12 17:29:38,EXIT_SL,XAUUSD,M5,500,BUY,FULLTGT,EVENING,0,3650.07,3646.91,3646.91,3.16,1.00,3.16,3653.23,3656.40,3659.56,3662.72,3665.88,0.34,0.34,0.00,3646.91,0.00,-1.00,-109.82,3648.30,3647.99,3645.88,3648.31,3647.98,1.253,1.68,24.73,47.81,47.81,0.16,0.69,-0.53,3646.67,3648.04,431,436,28.6,42.9,5,1,CROSS=EMA9>EMA21;TREND=1;STRUCT=1;VOL=1;COOL=1;EMA50=1;VWAP=1;BIAS=1,0.66,-0.99,22021.51,22021.51,stopped at the initial SL (x1.00 of usual)
1387,2025.09.12 15:25:00,2025.09.12 17:55:00,ENTRY,XAUUSD,M5,502,SELL,FULLTGT,EVENING,0,3643.20,3647.39,3647.39,4.19,1.00,4.19,3639.01,3634.82,3630.63,3626.43,3622.24,0.26,0.26,0.26,3643.20,0.00,0.00,0.00,3647.60,3647.66,3645.86,3647.82,3647.77,0.857,2.10,30.93,32.94,32.94,-0.77,-0.17,-0.60,3646.63,3643.33,793,495,0.0,100.0,5,1,CROSS=EMA9<EMA21;TREND=1;STRUCT=1;VOL=1;COOL=1;EMA50=1;VWAP=1;BIAS=1,0.00,0.00,22020.60,22019.30,KZ=NY; KZR=London H @ 3656.37 901 bars ago (high taken); EVENING 4PM-12AM IST session: stop x1.00 of usual; no partials; full size to TP5; SL steps BE->TP1->TP2->TP3
1388,2025.09.12 15:33:41,2025.09.12 18:03:41,SL_MOVE,XAUUSD,M5,502,SELL,FULLTGT,EVENING,0,3643.20,3647.39,3643.20,4.19,1.00,4.19,3639.01,3634.82,3630.63,3626.43,3622.24,0.26,0.00,0.26,3643.20,1.00,0.00,0.00,3647.35,3647.53,3645.82,3647.60,3647.66,0.807,2.12,33.46,30.81,30.81,-1.05,-0.33,-0.72,3646.58,3642.50,914,522,0.0,100.0,8,1,CROSS=EMA9<EMA21;TREND=1;STRUCT=1;VOL=1;COOL=1;EMA50=1;VWAP=1;BIAS=1,0.99,-0.19,22020.60,22130.06,stop to breakeven
1389,2025.09.12 15:33:41,2025.09.12 18:03:41,TP1_REACHED,XAUUSD,M5,502,SELL,FULLTGT,EVENING,0,3643.20,3647.39,3643.20,4.19,1.00,4.19,3639.01,3634.82,3630.63,3626.43,3622.24,0.26,0.00,0.26,3639.01,1.00,1.00,0.00,3647.35,3647.53,3645.82,3647.60,3647.66,0.807,2.12,33.46,30.81,30.81,-1.05,-0.33,-0.72,3646.58,3642.50,914,522,0.0,100.0,8,1,CROSS=EMA9<EMA21;TREND=1;STRUCT=1;VOL=1;COOL=1;EMA50=1;VWAP=1;BIAS=1,0.99,-0.19,22020.60,22130.06,full target: no partial booked
1390,2025.09.12 15:50:15,2025.09.12 18:20:15,EXIT_BE,XAUUSD,M5,502,SELL,FULLTGT,EVENING,0,3643.20,3647.39,3643.20,4.19,1.00,4.19,3639.01,3634.82,3630.63,3626.43,3622.24,0.26,0.26,0.00,3643.20,0.00,-0.00,-1.82,3646.00,3646.80,3645.53,3646.18,3646.91,0.448,2.84,38.15,41.48,41.48,-2.05,-1.20,-0.85,3646.30,3642.59,910,625,14.3,85.7,5,1,CROSS=EMA9<EMA21;TREND=1;STRUCT=1;VOL=1;COOL=1;EMA50=1;VWAP=1;BIAS=1,1.17,-0.19,22019.69,22019.69,stopped at breakeven
1391,2025.09.12 16:50:00,2025.09.12 19:20:00,ENTRY,XAUUSD,M5,504,BUY,FULLTGT,EVENING,0,3650.12,3643.57,3643.57,6.55,1.00,6.55,3656.67,3663.21,3669.76,3676.30,3682.85,0.16,0.16,0.16,3650.12,0.00,0.00,0.00,3647.35,3647.33,3645.98,3647.21,3647.27,0.413,3.27,35.53,59.16,59.16,1.11,0.42,0.69,3646.53,3650.01,996,873,85.7,14.3,7,1,CROSS=EMA9>EMA21;TREND=1;STRUCT=1;VOL=1;COOL=1;EMA50=1;VWAP=1;BIAS=1,0.00,0.00,22019.13,22018.01,KZ=NY; KZR=London H @ 3656.37 918 bars ago (high taken); EVENING 4PM-12AM IST session: stop x1.00 of usual; no partials; full size to TP5; SL steps BE->TP1->TP2->TP3
1392,2025.09.12 18:12:20,2025.09.12 20:42:20,EXIT_SL,XAUUSD,M5,504,BUY,FULLTGT,EVENING,0,3650.12,3643.57,3643.57,6.55,1.00,6.55,3656.67,3663.21,3669.76,3676.30,3682.85,0.16,0.16,0.00,3643.54,0.00,-1.01,-106.40,3648.90,3648.34,3646.80,3649.07,3648.41,0.655,2.35,46.06,36.68,36.68,-0.12,0.91,-1.03,3647.02,3645.64,854,846,14.3,85.7,5,1,CROSS=EMA9>EMA21;TREND=1;STRUCT=1;VOL=1;COOL=1;EMA50=1;VWAP=1;BIAS=1,0.63,-1.00,21913.29,21913.29,stopped at the initial SL (x1.00 of usual)
1393,2025.09.12 18:40:00,2025.09.12 21:10:00,SKIP,XAUUSD,M5,504,FLAT,NA,EVENING,0,0.00,0.00,0.00,0.00,1.00,0.00,0.00,0.00,0.00,0.00,0.00,0.00,0.00,0.00,0.00,0.00,0.00,0.00,3647.83,3647.84,3646.65,3647.94,3647.89,0.512,2.32,53.48,42.24,42.24,-1.14,-0.59,-0.54,3646.93,3645.67,556,760,0.0,85.7,5,1,CROSS=EMA9>EMA21;TREND=1;STRUCT=1;VOL=1;COOL=1;EMA50=1;VWAP=1;BIAS=1,0.00,0.00,21913.29,21913.29,outside the killzone window
1394,2025.09.12 20:20:00,2025.09.12 22:50:00,SKIP,XAUUSD,M5,504,FLAT,NA,EVENING,0,0.00,0.00,0.00,0.00,1.00,0.00,0.00,0.00,0.00,0.00,0.00,0.00,0.00,0.00,0.00,0.00,0.00,0.00,3647.57,3647.57,3646.73,3647.43,3647.50,0.718,1.17,43.78,64.16,64.16,0.78,0.17,0.61,3646.91,3650.21,370,451,85.7,0.0,5,1,CROSS=EMA9>EMA21;TREND=1;STRUCT=1;VOL=1;COOL=1;EMA50=1;VWAP=1;BIAS=1,0.00,0.00,21913.29,21913.29,outside the killzone window
1395,2025.09.12 22:35:00,2025.09.13 01:05:00,SKIP,XAUUSD,M5,504,FLAT,NA,DAY,0,0.00,0.00,0.00,0.00,1.00,0.00,0.00,0.00,0.00,0.00,0.00,0.00,0.00,0.00,0.00,0.00,0.00,0.00,3647.77,3647.79,3647.12,3647.88,3647.84,0.757,0.88,40.80,33.53,33.53,-0.52,-0.15,-0.36,3647.01,3645.66,386,325,0.0,100.0,7,1,CROSS=EMA9>EMA21;TREND=1;STRUCT=1;VOL=1;COOL=1;EMA50=1;VWAP=1;BIAS=1,0.00,0.00,21913.29,21913.29,outside the killzone window
1396,2025.09.15 01:00:00,2025.09.15 03:30:00,DAY_SUMMARY,XAUUSD,M5,504,FLAT,NA,DAY,0,0.00,0.00,0.00,0.00,1.00,0.00,0.00,0.00,0.00,0.00,0.00,0.00,0.00,0.00,0.00,0.00,-2.00,-218.04,3645.13,3646.23,3646.40,3645.25,3646.32,-0.138,1.26,36.37,39.41,39.41,-1.27,-1.45,0.18,3646.88,3642.65,75,328,14.3,71.4,9,1,CROSS=EMA9>EMA21;TREND=1;STRUCT=1;VOL=1;COOL=1;EMA50=1;VWAP=1;BIAS=1,0.00,0.00,21913.29,21913.29,2025.09.12 trades=3 W=0 L=3 gross_profit=0.00 gross_loss=218.04 net=-218.04 PF=0.00
1397,2025.09.15 01:00:00,2025.09.15 03:30:00,WEEK_SUMMARY,XAUUSD,M5,504,FLAT,NA,DAY,0,0.00,0.00,0.00,0.00,1.00,0.00,0.00,0.00,0.00,0.00,0.00,0.00,0.00,0.00,0.00,0.00,2.99,303.54,3645.13,3646.23,3646.40,3645.25,3646.32,-0.138,1.26,36.37,39.41,39.41,-1.27,-1.45,0.18,3646.88,3642.65,75,328,14.3,71.4,9,1,CROSS=EMA9>EMA21;TREND=1;STRUCT=1;VOL=1;COOL=1;EMA50=1;VWAP=1;BIAS=1,0.00,0.00,21913.29,21913.29,days=3 trades=6 W=2 L=4 gross_profit=522.92 gross_loss=219.38 net=303.54 PF=2.38 pips=1515.0
1398,2025.09.15 06:55:00,2025.09.15 09:25:00,SKIP,XAUUSD,M5,504,FLAT,NA,DAY,0,0.00,0.00,0.00,0.00,1.00,0.00,0.00,0.00,0.00,0.00,0.00,0.00,0.00,0.00,0.00,0.00,0.00,0.00,3640.87,3640.80,3642.23,3640.59,3640.66,-0.789,1.81,36.32,64.59,64.59,1.97,1.79,0.18,3638.20,3646.27,358,461,85.7,0.0,5,1,CROSS=EMA9>EMA21;TREND=1;STRUCT=1;VOL=1;COOL=1;EMA50=1;VWAP=1;BIAS=1,0.00,0.00,21913.29,21913.29,already positioned that way
1399,2025.09.15 10:05:00,2025.09.15 12:35:00,ENTRY,XAUUSD,M5,506,SELL,FULLTGT,DAY,0,3635.65,3639.85,3639.85,4.20,1.00,4.20,3631.45,3627.25,3623.05,3618.84,3614.64,0.26,0.26,0.26,3635.65,0.00,0.00,0.00,3641.95,3642.02,3642.56,3642.28,3642.18,-0.258,2.10,45.28,24.99,24.99,-1.73,-0.84,-0.89,3639.60,3635.68,737,466,0.0,100.0,10,1,CROSS=EMA9<EMA21;TREND=1;STRUCT=1;VOL=1;COOL=1;EMA50=1;VWAP=1;BIAS=1,0.00,0.00,21912.38,21909.78,KZ=LONDON; KZR=London H @ 3656.37 1701 bars ago (high taken); DAY 12AM-4PM IST session: stop x1.00 of usual; no partials; full size to TP5; SL steps BE->TP1->TP2->TP3
1400,2025.09.15 10:35:27,2025.09.15 13:05:27,EXIT_SL,XAUUSD,M5,506,SELL,FULLTGT,DAY,0,3635.65,3639.85,3639.85,4.20,1.00,4.20,3631.45,3627.25,3623.05,3618.84,3614.64,0.26,0.26,0.00,3639.86,0.00,-1.00,-111.28,3640.54,3641.24,3642.12,3640.59,3641.29,-0.363,2.41,46.84,49.05,49.05,-1.86,-1.84,-0.02,3639.36,3639.48,644,538,28.6,71.4,5,1,CROSS=EMA9<EMA21;TREND=1;STRUCT=1;VOL=1;COOL=1;EMA50=1;VWAP=1;BIAS=1,0.46,-0.99,21802.01,21802.01,stopped at the initial SL (x1.00 of usual)
1401,2025.09.15 12:05:00,2025.09.15 14:35:00,SKIP,XAUUSD,M5,506,FLAT,NA,DAY,0,0.00,0.00,0.00,0.00,1.00,0.00,0.00,0.00,0.00,0.00,0.00,0.00,0.00,0.00,0.00,0.00,0.00,0.00,3641.77,3641.72,3642.20,3641.61,3641.64,-0.247,1.95,21.47,61.76,61.76,0.77,0.46,0.31,3639.86,3644.90,525,516,71.4,14.3,11,1,CROSS=EMA9<EMA21;TREND=1;STRUCT=1;VOL=1;COOL=1;EMA50=1;VWAP=1;BIAS=1,0.00,0.00,21802.01,21802.01,outside the killzone window
1402,2025.09.15 12:40:00,2025.09.15 15:10:00,SKIP,XAUUSD,M5,506,FLAT,NA,DAY,0,0.00,0.00,0.00,0.00,1.00,0.00,0.00,0.00,0.00,0.00,0.00,0.00,0.00,0.00,0.00,0.00,0.00,0.00,3641.54,3641.62,3642.11,3641.74,3641.72,-0.243,2.03,29.12,36.43,36.43,-0.33,0.48,-0.81,3639.93,3637.53,524,478,0.0,100.0,11,1,CROSS=EMA9<EMA21;TREND=1;STRUCT=1;VOL=1;COOL=1;EMA50=1;VWAP=1;BIAS=1,0.00,0.00,21802.01,21802.01,outside the killzone window
1403,2025.09.15 13:25:00,2025.09.15 15:55:00,ENTRY,XAUUSD,M5,508,BUY,FULLTGT,DAY,0,3645.73,3640.98,3640.98,4.75,1.00,4.75,3650.48,3655.24,3659.99,3664.74,3669.49,0.22,0.22,0.22,3645.73,0.00,0.00,0.00,3641.81,3641.71,3642.10,3641.61,3641.61,-0.163,2.38,33.08,62.40,62.40,0.66,-0.23,0.88,3640.06,3645.67,514,517,85.7,0.0,7,1,CROSS=EMA9>EMA21;TREND=1;STRUCT=1;VOL=1;COOL=1;EMA50=1;VWAP=1;BIAS=1,0.00,0.00,21801.24,21799.70,KZ=NY; KZR=London H @ 3656.37 1741 bars ago (high taken); DAY 12AM-4PM IST session: stop x1.00 of usual; no partials; full size to TP5; SL steps BE->TP1->TP2->TP3
1404,2025.09.15 13:47:41,2025.09.15 16:17:41,EXIT_SL,XAUUSD,M5,508,BUY,FULLTGT,EVENING,0,3645.73,3640.98,3640.98,4.75,1.00,4.75,3650.48,3655.24,3659.99,3664.74,3669.49,0.22,0.22,0.00,3640.96,0.00,-1.00,-106.48,3642.31,3641.99,3642.22,3642.29,3641.97,-0.107,2.18,30.76,50.29,50.29,0.85,0.49,0.36,3640.19,3642.70,459,512,85.7,0.0,8,1,CROSS=EMA9>EMA21;TREND=1;STRUCT=1;VOL=1;COOL=1;EMA50=1;VWAP=1;BIAS=1,0.14,-1.00,21695.53,21695.53,stopped at the initial SL (x1.00 of usual)
1405,2025.09.16 01:00:00,2025.09.16 03:30:00,DAY_SUMMARY,XAUUSD,M5,508,FLAT,NA,DAY,0,0.00,0.00,0.00,0.00,1.00,0.00,0.00,0.00,0.00,0.00,0.00,0.00,0.00,0.00,0.00,0.00,-2.01,-217.76,3679.45,3674.64,3665.85,3679.49,3674.54,8.344,1.05,29.36,40.03,40.03,0.18,0.54,-0.35,3653.23,3678.71,214,367,28.6,57.1,9,1,CROSS=EMA9>EMA21;TREND=1;STRUCT=1;VOL=1;COOL=1;EMA50=1;VWAP=1;BIAS=1,0.00,0.00,21695.53,21695.53,2025.09.15 trades=2 W=0 L=2 gross_profit=0.00 gross_loss=217.76 net=-217.76 PF=0.00
1406,2025.09.16 18:15:00,2025.09.16 20:45:00,SKIP,XAUUSD,M5,508,FLAT,NA,EVENING,0,0.00,0.00,0.00,0.00,1.00,0.00,0.00,0.00,0.00,0.00,0.00,0.00,0.00,0.00,0.00,0.00,0.00,0.00,3691.85,3691.86,3688.69,3692.24,3692.05,0.703,4.52,35.16,39.52,39.52,-2.42,-0.65,-1.77,3688.47,3684.36,1138,1190,0.0,85.7,10,1,CROSS=EMA9>EMA21;TREND=1;STRUCT=1;VOL=1;COOL=1;EMA50=1;VWAP=1;BIAS=1,0.00,0.00,21695.53,21695.53,outside the killzone window
1407,2025.09.16 23:20:00,2025.09.17 01:50:00,SKIP,XAUUSD,M5,508,FLAT,NA,DAY,0,0.00,0.00,0.00,0.00,1.00,0.00,0.00,0.00,0.00,0.00,0.00,0.00,0.00,0.00,0.00,0.00,0.00,0.00,3689.71,3689.62,3688.66,3689.54,3689.54,0.873,1.10,25.39,66.06,66.06,0.82,0.43,0.40,3688.24,3692.99,224,361,85.7,0.0,5,1,CROSS=EMA9>EMA21;TREND=1;STRUCT=1;VOL=1;COOL=1;EMA50=1;VWAP=1;BIAS=1,0.00,0.00,21695.53,21695.53,outside the killzone window
1408,2025.09.17 04:40:00,2025.09.17 07:10:00,ENTRY,XAUUSD,M5,510,SELL,FULLTGT,DAY,0,3680.96,3685.36,3685.36,4.40,1.00,4.40,3676.56,3672.16,3667.76,3663.37,3658.97,0.24,0.24,0.24,3680.96,0.00,0.00,0.00,3690.93,3691.10,3690.21,3691.44,3691.36,0.405,2.20,65.40,15.38,15.38,-2.32,-0.89,-1.43,3690.48,3681.05,1127,493,0.0,100.0,12,1,CROSS=EMA9<EMA21;TREND=1;STRUCT=1;VOL=1;COOL=1;EMA50=1;VWAP=1;BIAS=1,0.00,0.00,21694.69,21691.81,KZ=ASIA; KZR=NY H @ 3699.44 137 bars ago (high taken); DAY 12AM-4PM IST session: stop x1.00 of usual; no partials; full size to TP5; SL steps BE->TP1->TP2->TP3
1409,2025.09.17 04:50:03,2025.09.17 07:20:03,SL_MOVE,XAUUSD,M5,510,SELL,FULLTGT,DAY,0,3680.96,3685.36,3680.96,4.40,1.00,4.40,3676.56,3672.16,3667.76,3663.37,3658.97,0.24,0.00,0.24,3680.96,1.00,0.00,0.00,3689.63,3690.43,3689.89,3690.29,3690.77,0.196,2.73,71.04,11.67,11.67,-3.51,-1.56,-1.95,3688.93,3676.86,1052,558,0.0,100.0,11,1,CROSS=EMA9<EMA21;TREND=1;STRUCT=1;VOL=1;COOL=1;EMA50=1;VWAP=1;BIAS=1,0.99,-0.37,21694.69,21800.29,stop to breakeven
1410,2025.09.17 04:50:03,2025.09.17 07:20:03,TP1_REACHED,XAUUSD,M5,510,SELL,FULLTGT,DAY,0,3680.96,3685.36,3680.96,4.40,1.00,4.40,3676.56,3672.16,3667.76,3663.37,3658.97,0.24,0.00,0.24,3676.56,1.00,1.00,0.00,3689.63,3690.43,3689.89,3690.29,3690.77,0.196,2.73,71.04,11.67,11.67,-3.51,-1.56,-1.95,3688.93,3676.86,1052,558,0.0,100.0,11,1,CROSS=EMA9<EMA21;TREND=1;STRUCT=1;VOL=1;COOL=1;EMA50=1;VWAP=1;BIAS=1,0.99,-0.37,21694.69,21800.29,full target: no partial booked
1411,2025.09.17 04:56:38,2025.09.17 07:26:38,EXIT_BE,XAUUSD,M5,510,SELL,FULLTGT,DAY,0,3680.96,3685.36,3680.96,4.40,1.00,4.40,3676.56,3672.16,3667.76,3663.37,3658.97,0.24,0.24,0.00,3680.97,0.00,-0.00,-1.92,3689.14,3690.16,3689.76,3689.63,3690.43,0.136,2.91,73.43,25.10,25.10,-3.67,-1.92,-1.75,3688.37,3679.59,925,588,14.3,85.7,7,1,CROSS=EMA9<EMA21;TREND=1;STRUCT=1;VOL=1;COOL=1;EMA50=1;VWAP=1;BIAS=1,1.11,-0.37,21693.61,21693.61,stopped at breakeven
1412,2025.09.17 16:30:00,2025.09.17 19:00:00,ENTRY,XAUUSD,M5,512,BUY,FULLTGT,EVENING,0,3676.70,3671.26,3671.26,5.44,1.00,5.44,3682.14,3687.57,3693.01,3698.44,3703.88,0.19,0.19,0.19,3676.70,0.00,0.00,0.00,3671.57,3671.53,3674.88,3671.31,3671.40,-1.232,2.72,35.64,60.72,60.72,2.54,2.67,-0.12,3675.26,3676.66,747,829,71.4,14.3,5,1,CROSS=EMA9>EMA21;TREND=1;STRUCT=1;VOL=1;COOL=1;EMA50=1;VWAP=1;BIAS=1,0.00,0.00,21692.94,21691.99,KZ=NY; KZR=NY H @ 3699.44 279 bars ago (high taken); EVENING 4PM-12AM IST session: stop x1.00 of usual; no partials; full size to TP5; SL steps BE->TP1->TP2->TP3
1413,2025.09.17 16:37:30,2025.09.17 19:07:30,SL_MOVE,XAUUSD,M5,512,BUY,FULLTGT,EVENING,0,3676.70,3671.26,3676.70,5.44,1.00,5.44,3682.14,3687.57,3693.01,3698.44,3703.88,0.19,0.00,0.19,3676.70,1.00,0.00,0.00,3672.00,3671.74,3674.94,3671.57,3671.53,-1.106,2.89,35.09,67.18,67.18,2.74,2.73,0.01,3675.30,3680.23,1219,845,100.0,0.0,6,1,CROSS=EMA9>EMA21;TREND=1;STRUCT=1;VOL=1;COOL=1;EMA50=1;VWAP=1;BIAS=1,1.00,-0.06,21692.94,21796.30,stop to breakeven
1414,2025.09.17 16:37:30,2025.09.17 19:07:30,TP1_REACHED,XAUUSD,M5,512,BUY,FULLTGT,EVENING,0,3676.70,3671.26,3676.70,5.44,1.00,5.44,3682.14,3687.57,3693.01,3698.44,3703.88,0.19,0.00,0.19,3682.14,1.00,1.00,0.00,3672.00,3671.74,3674.94,3671.57,3671.53,-1.106,2.89,35.09,67.18,67.18,2.74,2.73,0.01,3675.30,3680.23,1219,845,100.0,0.0,6,1,CROSS=EMA9>EMA21;TREND=1;STRUCT=1;VOL=1;COOL=1;EMA50=1;VWAP=1;BIAS=1,1.00,-0.06,21692.94,21796.30,full target: no partial booked
1415,2025.09.17 16:51:37,2025.09.17 19:21:37,EXIT_BE,XAUUSD,M5,512,BUY,FULLTGT,EVENING,0,3676.70,3671.26,3676.70,5.44,1.00,5.44,3682.14,3687.57,3693.01,3698.44,3703.88,0.19,0.19,0.00,3676.69,0.00,-0.00,-1.53,3673.05,3672.31,3675.11,3672.71,3672.12,-0.926,3.03,31.09,64.29,64.29,2.80,2.76,0.03,3675.43,3679.49,1003,888,100.0,0.0,5,1,CROSS=EMA9>EMA21;TREND=1;STRUCT=1;VOL=1;COOL=1;EMA50=1;VWAP=1;BIAS=1,1.09,-0.06,21692.08,21692.08,stopped at breakeven
1416,2025.09.17 22:00:00,2025.09.18 00:30:00,SKIP,XAUUSD,M5,512,FLAT,NA,DAY,0,0.00,0.00,0.00,0.00,1.00,0.00,0.00,0.00,0.00,0.00,0.00,0.00,0.00,0.00,0.00,0.00,0.00,0.00,3678.43,3679.10,3678.74,3679.87,3679.83,0.028,12.96,39.63,26.26,26.26,-7.91,-2.27,-5.64,3677.13,3650.38,1879,1367,14.3,85.7,5,1,CROSS=EMA9>EMA21;TREND=1;STRUCT=1;VOL=1;COOL=1;EMA50=1;VWAP=1;BIAS=1,0.00,0.00,21692.08,21692.08,outside the killzone window
1417,2025.09.18 01:00:00,2025.09.18 03:30:00,DAY_SUMMARY,XAUUSD,M5,512,FLAT,NA,DAY,0,0.00,0.00,0.00,0.00,1.00,0.00,0.00,0.00,0.00,0.00,0.00,0.00,0.00,0.00,0.00,0.00,-0.00,-3.45,3665.01,3670.13,3673.68,3665.27,3670.39,-1.464,2.42,21.66,45.73,45.73,-2.56,-3.36,0.80,3674.93,3659.84,220,775,14.3,57.1,9,1,CROSS=EMA9>EMA21;TREND=1;STRUCT=1;VOL=1;COOL=1;EMA50=1;VWAP=1;BIAS=1,0.00,0.00,21692.08,21692.08,2025.09.17 trades=2 W=0 L=2 gross_profit=0.00 gross_loss=3.45 net=-3.45 PF=0.00
1418,2025.09.18 12:10:00,2025.09.18 14:40:00,SKIP,XAUUSD,M5,512,FLAT,NA,DAY,0,0.00,0.00,0.00,0.00,1.00,0.00,0.00,0.00,0.00,0.00,0.00,0.00,0.00,0.00,0.00,0.00,0.00,0.00,3655.57,3655.54,3659.26,3654.94,3655.23,-1.542,2.42,59.19,78.63,78.63,4.36,3.42,0.94,3655.64,3667.78,792,687,100.0,0.0,10,1,CROSS=EMA9>EMA21;TREND=1;STRUCT=1;VOL=1;COOL=1;EMA50=1;VWAP=1;BIAS=1,0.00,0.00,21692.08,21692.08,outside the killzone window
1419,2025.09.18 16:45:00,2025.09.18 19:15:00,ENTRY,XAUUSD,M5,514,SELL,FULLTGT,EVENING,0,3629.88,3640.43,3640.43,10.55,1.00,10.55,3619.33,3608.79,3598.24,3587.70,3577.15,0.10,0.10,0.10,3629.88,0.00,0.00,0.00,3660.84,3661.52,3661.95,3662.43,3662.33,-0.080,5.27,46.71,12.21,12.21,-6.60,-2.79,-3.81,3658.32,3629.87,1517,954,0.0,100.0,8,1,CROSS=EMA9<EMA21;TREND=1;STRUCT=1;VOL=1;COOL=1;EMA50=1;VWAP=1;BIAS=1,0.00,0.00,21691.73,21690.93,KZ=NY; KZR=London L @ 3633.70 0 bars ago (low taken); EVENING 4PM-12AM IST session: stop x1.00 of usual; no partials; full size to TP5; SL steps BE->TP1->TP2->TP3
1420,2025.09.18 16:51:40,2025.09.18 19:21:40,EXIT_SL,XAUUSD,M5,514,SELL,FULLTGT,EVENING,0,3629.88,3640.43,3640.43,10.55,1.00,10.55,3619.33,3608.79,3598.24,3587.70,3577.15,0.10,0.10,0.00,3640.45,0.00,-1.00,-106.40,3659.63,3660.90,3661.63,3660.84,3661.52,-0.130,5.61,50.51,24.57,24.57,-7.38,-3.56,-3.83,3658.01,3636.17,1528,1003,14.3,85.7,5,1,CROSS=EMA9<EMA21;TREND=1;STRUCT=1;VOL=1;COOL=1;EMA50=1;VWAP=1;BIAS=1,0.17,-1.00,21585.68,21585.68,stopped at the initial SL (x1.00 of usual)
1421,2025.09.19 01:00:00,2025.09.19 03:30:00,DAY_SUMMARY,XAUUSD,M5,514,FLAT,NA,DAY,0,0.00,0.00,0.00,0.00,1.00,0.00,0.00,0.00,0.00,0.00,0.00,0.00,0.00,0.00,0.00,0.00,-1.00,-106.40,3644.22,3645.53,3649.45,3644.22,3645.56,-3.916,1.00,34.18,50.34,50.34,0.29,0.62,-0.33,3653.31,3644.36,160,265,42.9,42.9,8,1,CROSS=EMA9<EMA21;TREND=1;STRUCT=1;VOL=1;COOL=1;EMA50=1;VWAP=1;BIAS=1,0.00,0.00,21585.68,21585.68,2025.09.18 trades=1 W=0 L=1 gross_profit=0.00 gross_loss=106.40 net=-106.40 PF=0.00
1422,2025.09.19 05:45:00,2025.09.19 08:15:00,ENTRY,XAUUSD,M5,516,BUY,FULLTGT,DAY,0,3646.46,3639.90,3639.90,6.56,1.00,6.56,3653.02,3659.59,3666.15,3672.72,3679.28,0.16,0.16,0.16,3646.46,0.00,0.00,0.00,3643.50,3643.45,3645.88,3643.35,3643.37,-0.742,3.28,20.98,57.23,57.23,0.99,0.61,0.37,3642.86,3646.40,694,707,71.4,0.0,6,1,CROSS=EMA9>EMA21;TREND=1;STRUCT=1;VOL=1;COOL=1;EMA50=1;VWAP=1;BIAS=1,0.00,0.00,21585.12,21584.16,KZ=ASIA; KZR=London L @ 3633.70 156 bars ago (low taken); DAY 12AM-4PM IST session: stop x1.00 of usual; no partials; full size to TP5; SL steps BE->TP1->TP2->TP3
1423,2025.09.19 06:23:25,2025.09.19 08:53:25,SL_MOVE,XAUUSD,M5,516,BUY,FULLTGT,DAY,0,3646.46,3639.90,3646.46,6.56,1.00,6.56,3653.02,3659.59,3666.15,3672.72,3679.28,0.16,0.00,0.16,3646.46,1.00,0.00,0.00,3644.63,3644.06,3646.00,3644.35,3643.91,-0.779,2.48,22.80,65.96,65.96,1.32,1.08,0.23,3643.44,3649.98,499,653,71.4,0.0,7,1,CROSS=EMA9>EMA21;TREND=1;STRUCT=1;VOL=1;COOL=1;EMA50=1;VWAP=1;BIAS=1,0.99,-0.31,21585.12,21690.24,stop to breakeven
1424,2025.09.19 06:23:25,2025.09.19 08:53:25,TP1_REACHED,XAUUSD,M5,516,BUY,FULLTGT,DAY,0,3646.46,3639.90,3646.46,6.56,1.00,6.56,3653.02,3659.59,3666.15,3672.72,3679.28,0.16,0.00,0.16,3653.02,1.00,1.00,0.00,3644.63,3644.06,3646.00,3644.35,3643.91,-0.779,2.48,22.80,65.96,65.96,1.32,1.08,0.23,3643.44,3649.98,499,653,71.4,0.0,7,1,CROSS=EMA9>EMA21;TREND=1;STRUCT=1;VOL=1;COOL=1;EMA50=1;VWAP=1;BIAS=1,0.99,-0.31,21585.12,21690.24,full target: no partial booked
1425,2025.09.19 07:10:14,2025.09.19 09:40:14,SL_MOVE,XAUUSD,M5,516,BUY,FULLTGT,DAY,0,3646.46,3639.90,3653.02,6.56,1.00,6.56,3653.02,3659.59,3666.15,3672.72,3679.28,0.16,0.00,0.16,3653.02,2.00,0.00,0.00,3648.73,3646.47,3647.04,3648.18,3646.14,-0.226,2.54,50.40,77.43,77.43,3.19,2.72,0.47,3645.43,3659.48,658,600,100.0,0.0,5,1,CROSS=EMA9>EMA21;TREND=1;STRUCT=1;VOL=1;COOL=1;EMA50=1;VWAP=1;BIAS=1,2.00,-0.31,21585.12,21795.20,stop trailed to TP1
1426,2025.09.19 07:10:14,2025.09.19 09:40:14,TP2_REACHED,XAUUSD,M5,516,BUY,FULLTGT,DAY,0,3646.46,3639.90,3653.02,6.56,1.00,6.56,3653.02,3659.59,3666.15,3672.72,3679.28,0.16,0.00,0.16,3659.59,2.00,2.00,0.00,3648.73,3646.47,3647.04,3648.18,3646.14,-0.226,2.54,50.40,77.43,77.43,3.19,2.72,0.47,3645.43,3659.48,658,600,100.0,0.0,5,1,CROSS=EMA9>EMA21;TREND=1;STRUCT=1;VOL=1;COOL=1;EMA50=1;VWAP=1;BIAS=1,2.00,-0.31,21585.12,21795.20,full target: no partial booked
1427,2025.09.19 08:41:38,2025.09.19 11:11:38,EXIT_TRAIL_SL,XAUUSD,M5,516,BUY,FULLTGT,DAY,0,3646.46,3639.90,3653.02,6.56,1.00,6.56,3653.02,3659.59,3666.15,3672.72,3679.28,0.16,0.16,0.00,3652.99,0.00,0.99,103.36,3654.34,3650.76,3649.32,3654.35,3650.67,0.691,2.08,30.90,43.82,43.82,1.18,2.23,-1.05,3648.01,3654.12,689,486,28.6,71.4,12,1,CROSS=EMA9>EMA21;TREND=1;STRUCT=1;VOL=1;COOL=1;EMA50=1;VWAP=1;BIAS=1,2.25,-0.31,21689.04,21689.04,stopped at a trailed level
1428,2025.09.19 15:10:00,2025.09.19 17:40:00,ENTRY,XAUUSD,M5,518,SELL,FULLTGT,EVENING,0,3648.53,3653.10,3653.10,4.57,1.00,4.57,3643.96,3639.39,3634.82,3630.26,3625.69,0.23,0.23,0.23,3648.53,0.00,0.00,0.00,3653.08,3653.12,3651.93,3653.32,3653.24,0.520,2.28,56.95,35.70,35.70,-2.05,-1.73,-0.33,3650.20,3648.53,678,513,0.0,100.0,5,1,CROSS=EMA9<EMA21;TREND=1;STRUCT=1;VOL=1;COOL=1;EMA50=1;VWAP=1;BIAS=1,0.00,0.00,21688.23,21687.08,KZ=NY; KZR=London L @ 3633.70 269 bars ago (low taken); EVENING 4PM-12AM IST session: stop x1.00 of usual; no partials; full size to TP5; SL steps BE->TP1->TP2->TP3
1429,2025.09.19 16:02:38,2025.09.19 18:32:38,SL_MOVE,XAUUSD,M5,518,SELL,FULLTGT,EVENING,0,3648.53,3653.10,3648.53,4.57,1.00,4.57,3643.96,3639.39,3634.82,3630.26,3625.69,0.23,0.00,0.23,3648.53,1.00,0.00,0.00,3651.35,3652.15,3651.56,3651.46,3652.22,0.214,2.75,39.81,45.77,45.77,-1.44,-1.68,0.24,3650.08,3649.29,610,644,14.3,71.4,10,1,CROSS=EMA9<EMA21;TREND=1;STRUCT=1;VOL=1;COOL=1;EMA50=1;VWAP=1;BIAS=1,1.00,-0.75,21688.23,21793.57,stop to breakeven
1430,2025.09.19 16:02:38,2025.09.19 18:32:38,TP1_REACHED,XAUUSD,M5,518,SELL,FULLTGT,EVENING,0,3648.53,3653.10,3648.53,4.57,1.00,4.57,3643.96,3639.39,3634.82,3630.26,3625.69,0.23,0.00,0.23,3643.96,1.00,1.00,0.00,3651.35,3652.15,3651.56,3651.46,3652.22,0.214,2.75,39.81,45.77,45.77,-1.44,-1.68,0.24,3650.08,3649.29,610,644,14.3,71.4,10,1,CROSS=EMA9<EMA21;TREND=1;STRUCT=1;VOL=1;COOL=1;EMA50=1;VWAP=1;BIAS=1,1.00,-0.75,21688.23,21793.57,full target: no partial booked
1431,2025.09.19 16:11:25,2025.09.19 18:41:25,EXIT_BE,XAUUSD,M5,518,SELL,FULLTGT,EVENING,0,3648.53,3653.10,3648.53,4.57,1.00,4.57,3643.96,3639.39,3634.82,3630.26,3625.69,0.23,0.23,0.00,3648.55,0.00,-0.00,-2.08,3650.92,3651.89,3651.44,3651.16,3652.03,0.149,2.98,42.31,36.75,36.75,-1.54,-1.63,0.09,3650.01,3646.12,828,684,14.3,85.7,6,1,CROSS=EMA9<EMA21;TREND=1;STRUCT=1;VOL=1;COOL=1;EMA50=1;VWAP=1;BIAS=1,1.07,-0.75,21686.96,21686.96,stopped at breakeven
1432,2025.09.19 16:55:00,2025.09.19 19:25:00,ENTRY,XAUUSD,M5,520,BUY,FULLTGT,EVENING,0,3660.46,3653.43,3653.43,7.03,1.00,7.03,3667.49,3674.53,3681.56,3688.59,3695.62,0.15,0.15,0.15,3660.46,0.00,0.00,0.00,3652.88,3652.76,3651.94,3652.50,3652.57,0.232,3.52,34.92,70.04,70.04,1.86,0.51,1.35,3650.48,3660.38,985,822,100.0,0.0,5,1,CROSS=EMA9>EMA21;TREND=1;STRUCT=1;VOL=1;COOL=1;EMA50=1;VWAP=1;BIAS=1,0.00,0.00,21686.43,21685.68,KZ=NY; KZR=London L @ 3633.70 290 bars ago (low taken); EVENING 4PM-12AM IST session: stop x1.00 of usual; no partials; full size to TP5; SL steps BE->TP1->TP2->TP3
1433,2025.09.19 17:54:28,2025.09.19 20:24:28,SL_MOVE,XAUUSD,M5,520,BUY,FULLTGT,EVENING,0,3660.46,3653.43,3660.46,7.03,1.00,7.03,3667.49,3674.53,3681.56,3688.59,3695.62,0.15,0.00,0.15,3660.46,1.00,0.00,0.00,3657.03,3655.12,3653.30,3656.64,3654.88,0.535,3.40,37.69,64.79,64.79,3.23,2.89,0.34,3651.62,3664.52,809,967,85.7,0.0,10,1,CROSS=EMA9>EMA21;TREND=1;STRUCT=1;VOL=1;COOL=1;EMA50=1;VWAP=1;BIAS=1,1.00,-0.58,21686.43,21792.33,stop to breakeven
1434,2025.09.19 17:54:28,2025.09.19 20:24:28,TP1_REACHED,XAUUSD,M5,520,BUY,FULLTGT,EVENING,0,3660.46,3653.43,3660.46,7.03,1.00,7.03,3667.49,3674.53,3681.56,3688.59,3695.62,0.15,0.00,0.15,3667.49,1.00,1.00,0.00,3657.03,3655.12,3653.30,3656.64,3654.88,0.535,3.40,37.69,64.79,64.79,3.23,2.89,0.34,3651.62,3664.52,809,967,85.7,0.0,10,1,CROSS=EMA9>EMA21;TREND=1;STRUCT=1;VOL=1;COOL=1;EMA50=1;VWAP=1;BIAS=1,1.00,-0.58,21686.43,21792.33,full target: no partial booked
1435,2025.09.19 18:21:26,2025.09.19 20:51:26,SL_MOVE,XAUUSD,M5,520,BUY,FULLTGT,EVENING,0,3660.46,3653.43,3667.49,7.03,1.00,7.03,3667.49,3674.53,3681.56,3688.59,3695.62,0.15,0.00,0.15,3667.49,2.00,0.00,0.00,3660.26,3657.11,3654.46,3659.61,3656.71,0.728,3.64,55.51,72.16,72.16,4.26,3.58,0.68,3652.53,3672.98,993,996,85.7,0.0,5,1,CROSS=EMA9>EMA21;TREND=1;STRUCT=1;VOL=1;COOL=1;EMA50=1;VWAP=1;BIAS=1,2.00,-0.58,21686.43,21897.48,stop trailed to TP1
1436,2025.09.19 18:21:26,2025.09.19 20:51:26,TP2_REACHED,XAUUSD,M5,520,BUY,FULLTGT,EVENING,0,3660.46,3653.43,3667.49,7.03,1.00,7.03,3667.49,3674.53,3681.56,3688.59,3695.62,0.15,0.00,0.15,3674.53,2.00,2.00,0.00,3660.26,3657.11,3654.46,3659.61,3656.71,0.728,3.64,55.51,72.16,72.16,4.26,3.58,0.68,3652.53,3672.98,993,996,85.7,0.0,5,1,CROSS=EMA9>EMA21;TREND=1;STRUCT=1;VOL=1;COOL=1;EMA50=1;VWAP=1;BIAS=1,2.00,-0.58,21686.43,21897.48,full target: no partial booked
1437,2025.09.19 19:25:30,2025.09.19 21:55:30,EXIT_TRAIL_SL,XAUUSD,M5,520,BUY,FULLTGT,EVENING,0,3660.46,3653.43,3667.49,7.03,1.00,7.03,3667.49,3674.53,3681.56,3688.59,3695.62,0.15,0.15,0.00,3667.48,0.00,1.00,104.24,3665.06,3660.79,3656.86,3664.92,3660.62,1.500,2.62,28.35,50.91,50.91,2.12,3.08,-0.96,3653.84,3667.63,564,803,71.4,14.3,5,1,CROSS=EMA9>EMA21;TREND=1;STRUCT=1;VOL=1;COOL=1;EMA50=1;VWAP=1;BIAS=1,2.19,-0.58,21791.20,21791.20,stopped at a trailed level
1438,2025.09.22 01:00:00,2025.09.22 03:30:00,DAY_SUMMARY,XAUUSD,M5,520,FLAT,NA,DAY,0,0.00,0.00,0.00,0.00,1.00,0.00,0.00,0.00,0.00,0.00,0.00,0.00,0.00,0.00,0.00,0.00,1.99,205.52,3681.12,3675.80,3668.37,3680.91,3675.57,6.037,1.23,24.28,65.60,65.60,1.21,1.17,0.04,3658.05,3685.12,143,344,71.4,0.0,8,1,CROSS=EMA9>EMA21;TREND=1;STRUCT=1;VOL=1;COOL=1;EMA50=1;VWAP=1;BIAS=1,0.00,0.00,21791.20,21791.20,2025.09.19 trades=3 W=2 L=1 gross_profit=207.60 gross_loss=2.08 net=205.52 PF=99.81
1439,2025.09.22 01:00:00,2025.09.22 03:30:00,WEEK_SUMMARY,XAUUSD,M5,520,FLAT,NA,DAY,0,0.00,0.00,0.00,0.00,1.00,0.00,0.00,0.00,0.00,0.00,0.00,0.00,0.00,0.00,0.00,0.00,-1.02,-122.09,3681.12,3675.80,3668.37,3680.91,3675.57,6.037,1.23,24.28,65.60,65.60,1.21,1.17,0.04,3658.05,3685.12,143,344,71.4,0.0,8,1,CROSS=EMA9>EMA21;TREND=1;STRUCT=1;VOL=1;COOL=1;EMA50=1;VWAP=1;BIAS=1,0.00,0.00,21791.20,21791.20,days=4 trades=8 W=2 L=6 gross_profit=207.60 gross_loss=329.69 net=-122.09 PF=0.63 pips=-604.0
1440,2025.09.23 22:05:00,2025.09.24 00:35:00,SKIP,XAUUSD,M5,520,FLAT,NA,DAY,0,0.00,0.00,0.00,0.00,1.00,0.00,0.00,0.00,0.00,0.00,0.00,0.00,0.00,0.00,0.00,0.00,0.00,0.00,3776.40,3776.69,3772.05,3777.14,3777.06,1.138,4.08,22.23,32.62,32.62,-3.15,-0.65,-2.50,3767.47,3761.96,1325,832,14.3,71.4,6,1,CROSS=EMA9>EMA21;TREND=1;STRUCT=1;VOL=1;COOL=1;EMA50=1;VWAP=1;BIAS=1,0.00,0.00,21791.20,21791.20,outside the killzone window
1441,2025.09.24 08:10:00,2025.09.24 10:40:00,SKIP,XAUUSD,M5,520,FLAT,NA,DAY,0,0.00,0.00,0.00,0.00,1.00,0.00,0.00,0.00,0.00,0.00,0.00,0.00,0.00,0.00,0.00,0.00,0.00,0.00,3763.81,3763.66,3764.96,3763.49,3763.50,-0.829,1.57,61.03,69.52,69.52,2.30,2.15,0.15,3761.25,3770.05,351,401,85.7,0.0,7,1,CROSS=EMA9>EMA21;TREND=1;STRUCT=1;VOL=1;COOL=1;EMA50=1;VWAP=1;BIAS=1,0.00,0.00,21791.20,21791.20,already positioned that way
1442,2025.09.24 13:25:00,2025.09.24 15:55:00,ENTRY,XAUUSD,M5,522,SELL,FULLTGT,DAY,0,3761.98,3766.48,3766.48,4.50,1.00,4.50,3757.48,3752.99,3748.49,3744.00,3739.50,0.24,0.24,0.24,3761.98,0.00,0.00,0.00,3769.06,3769.17,3768.41,3769.43,3769.36,0.342,2.25,61.05,26.62,26.62,-2.15,-1.63,-0.51,3766.23,3761.93,603,486,0.0,100.0,11,1,CROSS=EMA9<EMA21;TREND=1;STRUCT=1;VOL=1;COOL=1;EMA50=1;VWAP=1;BIAS=1,0.00,0.00,21790.36,21787.72,KZ=NY; KZR=Asia H @ 3771.84 60 bars ago (high taken); DAY 12AM-4PM IST session: stop x1.00 of usual; no partials; full size to TP5; SL steps BE->TP1->TP2->TP3
1443,2025.09.24 14:33:38,2025.09.24 17:03:38,EXIT_SL,XAUUSD,M5,522,SELL,FULLTGT,EVENING,0,3761.98,3766.48,3766.48,4.50,1.00,4.50,3757.48,3752.99,3748.49,3744.00,3739.50,0.24,0.24,0.00,3766.51,0.00,-1.01,-110.40,3766.27,3767.51,3767.62,3766.32,3767.57,-0.045,2.42,32.07,50.58,50.58,-1.29,-1.99,0.70,3765.97,3765.31,427,502,42.9,42.9,5,1,CROSS=EMA9<EMA21;TREND=1;STRUCT=1;VOL=1;COOL=1;EMA50=1;VWAP=1;BIAS=1,0.50,-1.00,21680.80,21680.80,stopped at the initial SL (x1.00 of usual)
1444,2025.09.25 01:00:00,2025.09.25 03:30:00,DAY_SUMMARY,XAUUSD,M5,522,FLAT,NA,DAY,0,0.00,0.00,0.00,0.00,1.00,0.00,0.00,0.00,0.00,0.00,0.00,0.00,0.00,0.00,0.00,0.00,-1.01,-110.40,3732.24,3737.71,3746.71,3732.06,3737.76,-5.691,1.58,44.42,64.12,64.12,1.97,1.16,0.81,3756.92,3735.90,237,456,57.1,28.6,9,1,CROSS=EMA9<EMA21;TREND=1;STRUCT=1;VOL=1;COOL=1;EMA50=1;VWAP=1;BIAS=1,0.00,0.00,21680.80,21680.80,2025.09.24 trades=1 W=0 L=1 gross_profit=0.00 gross_loss=110.40 net=-110.40 PF=0.00
1445,2025.09.25 03:15:00,2025.09.25 05:45:00,ENTRY,XAUUSD,M5,524,BUY,FULLTGT,DAY,0,3750.16,3745.71,3745.71,4.45,1.00,4.45,3754.61,3759.05,3763.50,3767.95,3772.40,0.24,0.24,0.24,3750.16,0.00,0.00,0.00,3740.02,3740.01,3745.43,3739.51,3739.76,-2.437,2.22,35.45,74.17,74.17,2.62,1.92,0.71,3742.85,3750.05,554,310,100.0,0.0,11,1,CROSS=EMA9>EMA21;TREND=1;STRUCT=1;VOL=1;COOL=1;EMA50=1;VWAP=1;BIAS=1,0.00,0.00,21679.96,21677.32,KZ=ASIA; KZR=Asia H @ 3771.84 226 bars ago (high taken); DAY 12AM-4PM IST session: stop x1.00 of usual; no partials; full size to TP5; SL steps BE->TP1->TP2->TP3
1446,2025.09.25 04:03:59,2025.09.25 06:33:59,EXIT_SL,XAUUSD,M5,524,BUY,FULLTGT,DAY,0,3750.16,3745.71,3745.71,4.45,1.00,4.45,3754.61,3759.05,3763.50,3767.95,3772.40,0.24,0.24,0.00,3745.70,0.00,-1.00,-108.72,3743.20,3741.79,3745.79,3742.91,3741.61,-1.599,2.50,38.30,62.26,62.26,2.47,2.84,-0.37,3745.03,3749.00,417,445,71.4,14.3,12,1,CROSS=EMA9>EMA21;TREND=1;STRUCT=1;VOL=1;COOL=1;EMA50=1;VWAP=1;BIAS=1,0.31,-1.00,21572.08,21572.08,stopped at the initial SL (x1.00 of usual)
1447,2025.09.25 05:15:00,2025.09.25 07:45:00,ENTRY,XAUUSD,M5,526,SELL,FULLTGT,DAY,0,3732.82,3740.29,3740.29,7.47,1.00,7.47,3725.35,3717.88,3710.41,3702.94,3695.47,0.14,0.14,0.14,3732.82,0.00,0.00,0.00,3740.89,3741.01,3744.72,3741.31,3741.22,-0.994,3.74,44.62,32.63,32.63,-2.86,-1.23,-1.63,3742.70,3732.81,683,682,14.3,85.7,5,1,CROSS=EMA9<EMA21;TREND=1;STRUCT=1;VOL=1;COOL=1;EMA50=1;VWAP=1;BIAS=1,0.00,0.00,21571.59,21570.89,KZ=ASIA; KZR=Asia H @ 3771.84 250 bars ago (high taken); DAY 12AM-4PM IST session: stop x1.00 of usual; no partials; full size to TP5; SL steps BE->TP1->TP2->TP3
1448,2025.09.25 05:35:30,2025.09.25 08:05:30,EXIT_SL,XAUUSD,M5,526,SELL,FULLTGT,DAY,0,3732.82,3740.29,3740.29,7.47,1.00,7.47,3725.35,3717.88,3710.41,3702.94,3695.47,0.14,0.14,0.00,3740.33,0.00,-1.01,-106.12,3739.93,3740.49,3744.27,3739.97,3740.52,-1.122,3.37,37.75,49.48,49.48,-2.44,-2.41,-0.03,3742.06,3739.07,865,703,14.3,85.7,8,1,CROSS=EMA9<EMA21;TREND=1;STRUCT=1;VOL=1;COOL=1;EMA50=1;VWAP=1;BIAS=1,0.14,-1.00,21465.96,21465.96,stopped at the initial SL (x1.00 of usual)
1449,2025.09.25 09:30:00,2025.09.25 12:00:00,ENTRY,XAUUSD,M5,528,BUY,FULLTGT,DAY,0,3744.87,3739.20,3739.20,5.67,1.00,5.67,3750.54,3756.22,3761.89,3767.56,3773.23,0.18,0.18,0.18,3744.87,0.00,0.00,0.00,3739.13,3739.01,3741.51,3738.82,3738.85,-0.881,2.84,32.67,64.34,64.34,2.19,1.02,1.16,3740.38,3745.11,531,507,85.7,14.3,5,1,CROSS=EMA9>EMA21;TREND=1;STRUCT=1;VOL=1;COOL=1;EMA50=1;VWAP=1;BIAS=1,0.00,0.00,21465.33,21464.43,KZ=LONDON; KZR=Asia H @ 3771.84 301 bars ago (high taken); DAY 12AM-4PM IST session: stop x1.00 of usual; no partials; full size to TP5; SL steps BE->TP1->TP2->TP3
1450,2025.09.25 10:38:37,2025.09.25 13:08:37,SL_MOVE,XAUUSD,M5,528,BUY,FULLTGT,DAY,0,3744.87,3739.20,3744.87,5.67,1.00,5.67,3750.54,3756.22,3761.89,3767.56,3773.23,0.18,0.00,0.18,3744.87,1.00,0.00,0.00,3741.23,3740.24,3741.79,3740.90,3740.05,-0.617,2.52,18.96,68.33,68.33,1.57,1.33,0.24,3740.75,3747.64,690,596,85.7,0.0,12,1,CROSS=EMA9>EMA21;TREND=1;STRUCT=1;VOL=1;COOL=1;EMA50=1;VWAP=1;BIAS=1,1.00,-0.89,21465.33,21567.75,stop to breakeven
1451,2025.09.25 10:38:37,2025.09.25 13:08:37,TP1_REACHED,XAUUSD,M5,528,BUY,FULLTGT,DAY,0,3744.87,3739.20,3744.87,5.67,1.00,5.67,3750.54,3756.22,3761.89,3767.56,3773.23,0.18,0.00,0.18,3750.54,1.00,1.00,0.00,3741.23,3740.24,3741.79,3740.90,3740.05,-0.617,2.52,18.96,68.33,68.33,1.57,1.33,0.24,3740.75,3747.64,690,596,85.7,0.0,12,1,CROSS=EMA9>EMA21;TREND=1;STRUCT=1;VOL=1;COOL=1;EMA50=1;VWAP=1;BIAS=1,1.00,-0.89,21465.33,21567.75,full target: no partial booked
1452,2025.09.25 11:03:01,2025.09.25 13:33:01,SL_MOVE,XAUUSD,M5,528,BUY,FULLTGT,DAY,0,3744.87,3739.20,3750.54,5.67,1.00,5.67,3750.54,3756.22,3761.89,3767.56,3773.23,0.18,0.00,0.18,3750.54,2.00,0.00,0.00,3743.70,3741.66,3742.43,3743.26,3741.39,-0.255,3.01,32.32,71.10,71.10,3.22,2.11,1.11,3741.55,3752.33,846,644,85.7,14.3,10,1,CROSS=EMA9>EMA21;TREND=1;STRUCT=1;VOL=1;COOL=1;EMA50=1;VWAP=1;BIAS=1,2.00,-0.89,21465.33,21669.99,stop trailed to TP1
1453,2025.09.25 11:03:01,2025.09.25 13:33:01,TP2_REACHED,XAUUSD,M5,528,BUY,FULLTGT,DAY,0,3744.87,3739.20,3750.54,5.67,1.00,5.67,3750.54,3756.22,3761.89,3767.56,3773.23,0.18,0.00,0.18,3756.22,2.00,2.00,0.00,3743.70,3741.66,3742.43,3743.26,3741.39,-0.255,3.01,32.32,71.10,71.10,3.22,2.11,1.11,3741.55,3752.33,846,644,85.7,14.3,10,1,CROSS=EMA9>EMA21;TREND=1;STRUCT=1;VOL=1;COOL=1;EMA50=1;VWAP=1;BIAS=1,2.00,-0.89,21465.33,21669.99,full target: no partial booked
1454,2025.09.25 12:29:39,2025.09.25 14:59:39,EXIT_TRAIL_SL,XAUUSD,M5,528,BUY,FULLTGT,DAY,0,3744.87,3739.20,3750.54,5.67,1.00,5.67,3750.54,3756.22,3761.89,3767.56,3773.23,0.18,0.18,0.00,3750.50,0.00,0.99,100.08,3750.54,3746.53,3744.99,3750.41,3746.37,0.521,2.97,22.26,51.20,51.20,2.08,2.80,-0.72,3744.02,3753.14,568,769,57.1,14.3,10,1,CROSS=EMA9>EMA21;TREND=1;STRUCT=1;VOL=1;COOL=1;EMA50=1;VWAP=1;BIAS=1,2.95,-0.89,21566.04,21566.04,stopped at a trailed level
1455,2025.09.25 16:05:00,2025.09.25 18:35:00,ENTRY,XAUUSD,M5,530,SELL,FULLTGT,EVENING,0,3739.12,3750.24,3750.24,11.12,1.00,11.12,3728.00,3716.87,3705.75,3694.62,3683.50,0.09,0.09,0.09,3739.12,0.00,0.00,0.00,3748.64,3748.81,3747.41,3749.12,3749.06,0.252,5.56,27.72,37.14,37.14,-3.98,-2.05,-1.94,3745.61,3739.14,1445,953,14.3,85.7,7,1,CROSS=EMA9<EMA21;TREND=1;STRUCT=1;VOL=1;COOL=1;EMA50=1;VWAP=1;BIAS=1,0.00,0.00,21565.72,21565.09,KZ=NY; KZR=Asia H @ 3771.84 380 bars ago (high taken); EVENING 4PM-12AM IST session: stop x1.00 of usual; no partials; full size to TP5; SL steps BE->TP1->TP2->TP3
1456,2025.09.25 16:40:41,2025.09.25 19:10:41,SL_MOVE,XAUUSD,M5,530,SELL,FULLTGT,EVENING,0,3739.12,3750.24,3739.12,11.12,1.00,11.12,3728.00,3716.87,3705.75,3694.62,3683.50,0.09,0.00,0.09,3739.12,1.00,0.00,0.00,3745.55,3747.12,3746.65,3746.27,3747.51,0.068,6.87,21.66,33.28,33.28,-3.89,-3.83,-0.06,3745.09,3731.56,1354,1171,0.0,85.7,10,1,CROSS=EMA9<EMA21;TREND=1;STRUCT=1;VOL=1;COOL=1;EMA50=1;VWAP=1;BIAS=1,1.00,-0.59,21565.72,21665.89,stop to breakeven
1457,2025.09.25 16:40:41,2025.09.25 19:10:41,TP1_REACHED,XAUUSD,M5,530,SELL,FULLTGT,EVENING,0,3739.12,3750.24,3739.12,11.12,1.00,11.12,3728.00,3716.87,3705.75,3694.62,3683.50,0.09,0.00,0.09,3728.00,1.00,1.00,0.00,3745.55,3747.12,3746.65,3746.27,3747.51,0.068,6.87,21.66,33.28,33.28,-3.89,-3.83,-0.06,3745.09,3731.56,1354,1171,0.0,85.7,10,1,CROSS=EMA9<EMA21;TREND=1;STRUCT=1;VOL=1;COOL=1;EMA50=1;VWAP=1;BIAS=1,1.00,-0.59,21565.72,21665.89,full target: no partial booked
1458,2025.09.25 19:07:38,2025.09.25 21:37:38,EXIT_BE,XAUUSD,M5,530,SELL,FULLTGT,EVENING,0,3739.12,3750.24,3739.12,11.12,1.00,11.12,3728.00,3716.87,3705.75,3694.62,3683.50,0.09,0.09,0.00,3739.14,0.00,-0.00,-0.82,3735.45,3739.26,3742.09,3735.41,3739.34,-0.721,3.92,18.34,53.72,53.72,0.11,-0.70,0.81,3741.99,3736.36,816,992,42.9,28.6,5,1,CROSS=EMA9<EMA21;TREND=1;STRUCT=1;VOL=1;COOL=1;EMA50=1;VWAP=1;BIAS=1,1.52,-0.59,21565.22,21565.22,stopped at breakeven
1459,2025.09.25 21:40:00,2025.09.26 00:10:00,SKIP,XAUUSD,M5,530,FLAT,NA,DAY,0,0.00,0.00,0.00,0.00,1.00,0.00,0.00,0.00,0.00,0.00,0.00,0.00,0.00,0.00,0.00,0.00,0.00,0.00,3740.37,3740.11,3741.55,3739.61,3739.73,-0.442,3.27,35.07,77.12,77.12,3.53,1.97,1.55,3741.79,3755.15,964,729,100.0,0.0,5,1,CROSS=EMA9<EMA21;TREND=1;STRUCT=1;VOL=1;COOL=1;EMA50=1;VWAP=1;BIAS=1,0.00,0.00,21565.22,21565.22,outside the killzone window
1460,2025.09.26 01:00:00,2025.09.26 03:30:00,DAY_SUMMARY,XAUUSD,M5,530,FLAT,NA,DAY,0,0.00,0.00,0.00,0.00,1.00,0.00,0.00,0.00,0.00,0.00,0.00,0.00,0.00,0.00,0.00,0.00,-1.02,-115.58,3747.98,3745.47,3744.32,3747.92,3745.38,0.644,1.78,26.66,49.71,49.71,0.71,0.72,-0.01,3742.60,3749.10,295,440,42.9,42.9,8,1,CROSS=EMA9<EMA21;TREND=1;STRUCT=1;VOL=1;COOL=1;EMA50=1;VWAP=1;BIAS=1,0.00,0.00,21565.22,21565.22,2025.09.25 trades=4 W=1 L=3 gross_profit=100.08 gross_loss=215.66 net=-115.58 PF=0.46
1461,2025.09.26 04:35:00,2025.09.26 07:05:00,SKIP,XAUUSD,M5,530,FLAT,NA,DAY,0,0.00,0.00,0.00,0.00,1.00,0.00,0.00,0.00,0.00,0.00,0.00,0.00,0.00,0.00,0.00,0.00,0.00,0.00,3745.28,3745.33,3744.79,3745.47,3745.43,0.167,3.23,22.48,41.89,41.89,-0.96,-0.15,-0.80,3745.09,3741.54,755,653,14.3,71.4,8,1,CROSS=EMA9<EMA21;TREND=1;STRUCT=1;VOL=1;COOL=1;EMA50=1;VWAP=1;BIAS=1,0.00,0.00,21565.22,21565.22,already positioned that way
1462,2025.09.26 07:55:00,2025.09.26 10:25:00,SKIP,XAUUSD,M5,530,FLAT,NA,DAY,0,0.00,0.00,0.00,0.00,1.00,0.00,0.00,0.00,0.00,0.00,0.00,0.00,0.00,0.00,0.00,0.00,0.00,0.00,3743.93,3743.85,3743.94,3743.76,3743.77,-0.059,1.43,39.49,61.89,61.89,1.34,1.38,-0.04,3743.34,3747.18,312,369,71.4,14.3,7,1,CROSS=EMA9<EMA21;TREND=1;STRUCT=1;VOL=1;COOL=1;EMA50=1;VWAP=1;BIAS=1,0.00,0.00,21565.22,21565.22,outside the killzone window
1463,2025.09.29 01:00:00,2025.09.29 03:30:00,WEEK_SUMMARY,XAUUSD,M5,530,FLAT,NA,DAY,0,0.00,0.00,0.00,0.00,1.00,0.00,0.00,0.00,0.00,0.00,0.00,0.00,0.00,0.00,0.00,0.00,-2.03,-225.98,3769.96,3770.10,3765.32,3770.44,3770.34,1.916,2.50,42.24,26.16,26.16,-3.46,-3.05,-0.41,3758.02,3760.58,127,483,14.3,71.4,8,1,CROSS=EMA9<EMA21;TREND=1;STRUCT=1;VOL=1;COOL=1;EMA50=1;VWAP=1;BIAS=1,0.00,0.00,21565.22,21565.22,days=2 trades=5 W=1 L=4 gross_profit=100.08 gross_loss=326.06 net=-225.98 PF=0.31 pips=-1089.0
1464,2025.09.29 01:00:00,2025.09.29 03:30:00,SKIP,XAUUSD,M5,530,FLAT,NA,DAY,0,0.00,0.00,0.00,0.00,1.00,0.00,0.00,0.00,0.00,0.00,0.00,0.00,0.00,0.00,0.00,0.00,0.00,0.00,3769.96,3770.10,3765.32,3770.44,3770.34,1.916,2.50,42.24,26.16,26.16,-3.46,-3.05,-0.41,3758.02,3760.58,127,483,14.3,71.4,8,1,CROSS=EMA9<EMA21;TREND=1;STRUCT=1;VOL=1;COOL=1;EMA50=1;VWAP=0;BIAS=1,0.00,0.00,21565.22,21565.22,already positioned that way
1465,2025.09.29 03:25:00,2025.09.29 05:55:00,ENTRY,XAUUSD,M5,532,BUY,FULLTGT,DAY,0,3775.05,3770.06,3770.06,4.99,1.00,4.99,3780.04,3785.04,3790.03,3795.03,3800.02,0.21,0.21,0.21,3775.05,0.00,0.00,0.00,3769.99,3769.88,3766.59,3769.73,3769.74,1.317,2.50,21.85,65.14,65.14,1.31,0.53,0.78,3769.20,3775.05,650,412,85.7,0.0,5,1,CROSS=EMA9>EMA21;TREND=1;STRUCT=1;VOL=1;COOL=1;EMA50=1;VWAP=1;BIAS=1,0.00,0.00,21564.48,21563.43,KZ=ASIA; KZR=London H @ 3779.25 696 bars ago (high taken); DAY 12AM-4PM IST session: stop x1.00 of usual; no partials; full size to TP5; SL steps BE->TP1->TP2->TP3
1466,2025.09.29 03:32:01,2025.09.29 06:02:01,SL_MOVE,XAUUSD,M5,532,BUY,FULLTGT,DAY,0,3775.05,3770.06,3775.05,4.99,1.00,4.99,3780.04,3785.04,3790.03,3795.03,3800.02,0.21,0.00,0.21,3775.05,1.00,0.00,0.00,3770.36,3770.06,3766.72,3769.99,3769.88,1.295,2.58,25.30,69.60,69.60,1.69,0.69,1.00,3769.52,3777.45,576,429,100.0,0.0,8,1,CROSS=EMA9>EMA21;TREND=1;STRUCT=1;VOL=1;COOL=1;EMA50=1;VWAP=1;BIAS=1,1.00,-0.15,21564.48,21669.90,stop to breakeven
1467,2025.09.29 03:32:01,2025.09.29 06:02:01,TP1_REACHED,XAUUSD,M5,532,BUY,FULLTGT,DAY,0,3775.05,3770.06,3775.05,4.99,1.00,4.99,3780.04,3785.04,3790.03,3795.03,3800.02,0.21,0.00,0.21,3780.04,1.00,1.00,0.00,3770.36,3770.06,3766.72,3769.99,3769.88,1.295,2.58,25.30,69.60,69.60,1.69,0.69,1.00,3769.52,3777.45,576,429,100.0,0.0,8,1,CROSS=EMA9>EMA21;TREND=1;STRUCT=1;VOL=1;COOL=1;EMA50=1;VWAP=1;BIAS=1,1.00,-0.15,21564.48,21669.90,full target: no partial booked
1468,2025.09.29 03:45:37,2025.09.29 06:15:37,SL_MOVE,XAUUSD,M5,532,BUY,FULLTGT,DAY,0,3775.05,3770.06,3780.04,4.99,1.00,4.99,3780.04,3785.04,3790.03,3795.03,3800.02,0.21,0.00,0.21,3780.04,2.00,0.00,0.00,3771.89,3770.88,3767.26,3771.32,3770.57,1.259,2.87,38.84,77.22,77.22,3.08,1.48,1.60,3771.10,3782.90,785,499,100.0,0.0,11,1,CROSS=EMA9>EMA21;TREND=1;STRUCT=1;VOL=1;COOL=1;EMA50=1;VWAP=1;BIAS=1,1.99,-0.15,21564.48,21774.48,stop trailed to TP1
1469,2025.09.29 03:45:37,2025.09.29 06:15:37,TP2_REACHED,XAUUSD,M5,532,BUY,FULLTGT,DAY,0,3775.05,3770.06,3780.04,4.99,1.00,4.99,3780.04,3785.04,3790.03,3795.03,3800.02,0.21,0.00,0.21,3785.04,2.00,2.00,0.00,3771.89,3770.88,3767.26,3771.32,3770.57,1.259,2.87,38.84,77.22,77.22,3.08,1.48,1.60,3771.10,3782.90,785,499,100.0,0.0,11,1,CROSS=EMA9>EMA21;TREND=1;STRUCT=1;VOL=1;COOL=1;EMA50=1;VWAP=1;BIAS=1,1.99,-0.15,21564.48,21774.48,full target: no partial booked
1470,2025.09.29 04:06:41,2025.09.29 06:36:41,EXIT_TRAIL_SL,XAUUSD,M5,532,BUY,FULLTGT,DAY,0,3775.05,3770.06,3780.04,4.99,1.00,4.99,3780.04,3785.04,3790.03,3795.03,3800.02,0.21,0.21,0.00,3780.04,0.00,1.00,103.31,3774.34,3772.26,3768.14,3773.85,3771.96,1.180,3.49,51.80,69.38,69.38,4.36,3.00,1.35,3773.78,3783.84,1390,615,85.7,14.3,12,1,CROSS=EMA9>EMA21;TREND=1;STRUCT=1;VOL=1;COOL=1;EMA50=1;VWAP=1;BIAS=1,2.77,-0.15,21668.53,21668.53,stopped at a trailed level
1471,2025.09.30 01:00:00,2025.09.30 03:30:00,DAY_SUMMARY,XAUUSD,M5,532,FLAT,NA,DAY,0,0.00,0.00,0.00,0.00,1.00,0.00,0.00,0.00,0.00,0.00,0.00,0.00,0.00,0.00,0.00,0.00,1.00,103.31,3828.64,3826.92,3820.88,3828.37,3826.75,3.838,1.57,25.43,68.77,68.77,1.21,0.67,0.54,3809.97,3833.81,306,432,85.7,0.0,9,1,CROSS=EMA9>EMA21;TREND=1;STRUCT=1;VOL=1;COOL=1;EMA50=1;VWAP=1;BIAS=1,0.00,0.00,21668.53,21668.53,2025.09.29 trades=1 W=1 L=0 gross_profit=103.31 gross_loss=0.00 net=103.31 PF=0.00
1472,2025.09.30 11:25:00,2025.09.30 13:55:00,ENTRY,XAUUSD,M5,534,SELL,FULLTGT,DAY,0,3829.91,3840.98,3840.98,11.07,1.00,11.07,3818.84,3807.78,3796.71,3785.64,3774.57,0.09,0.09,0.09,3829.91,0.00,0.00,0.00,3852.51,3852.83,3845.96,3853.67,3853.41,1.242,5.53,52.13,18.99,18.99,-7.45,-5.55,-1.90,3851.03,3829.92,1411,1023,0.0,100.0,11,1,CROSS=EMA9<EMA21;TREND=1;STRUCT=1;VOL=1;COOL=1;EMA50=1;VWAP=1;BIAS=1,0.00,0.00,21668.21,21667.22,KZ=LONDON; KZR=Asia H @ 3867.24 40 bars ago (high taken); DAY 12AM-4PM IST session: stop x1.00 of usual; no partials; full size to TP5; SL steps BE->TP1->TP2->TP3
1473,2025.09.30 11:30:41,2025.09.30 14:00:41,SL_MOVE,XAUUSD,M5,534,SELL,FULLTGT,DAY,0,3829.91,3840.98,3829.91,11.07,1.00,11.07,3818.84,3807.78,3796.71,3785.64,3774.57,0.09,0.00,0.09,3829.91,1.00,0.00,0.00,3851.11,3852.12,3845.69,3852.51,3852.83,1.067,6.03,54.90,15.94,15.94,-8.33,-6.03,-2.30,3850.72,3823.83,1109,1039,0.0,100.0,11,1,CROSS=EMA9<EMA21;TREND=1;STRUCT=1;VOL=1;COOL=1;EMA50=1;VWAP=1;BIAS=1,1.00,-0.32,21668.21,21768.20,stop to breakeven
1474,2025.09.30 11:30:41,2025.09.30 14:00:41,TP1_REACHED,XAUUSD,M5,534,SELL,FULLTGT,DAY,0,3829.91,3840.98,3829.91,11.07,1.00,11.07,3818.84,3807.78,3796.71,3785.64,3774.57,0.09,0.00,0.09,3818.84,1.00,1.00,0.00,3851.11,3852.12,3845.69,3852.51,3852.83,1.067,6.03,54.90,15.94,15.94,-8.33,-6.03,-2.30,3850.72,3823.83,1109,1039,0.0,100.0,11,1,CROSS=EMA9<EMA21;TREND=1;STRUCT=1;VOL=1;COOL=1;EMA50=1;VWAP=1;BIAS=1,1.00,-0.32,21668.21,21768.20,full target: no partial booked
1475,2025.09.30 12:11:53,2025.09.30 14:41:53,SL_MOVE,XAUUSD,M5,534,SELL,FULLTGT,DAY,0,3829.91,3840.98,3818.84,11.07,1.00,11.07,3818.84,3807.78,3796.71,3785.64,3774.57,0.09,0.00,0.09,3818.84,2.00,0.00,0.00,3839.35,3845.47,3842.80,3840.78,3846.32,0.332,8.02,53.55,27.05,27.05,-11.04,-10.69,-0.36,3847.23,3811.54,1015,1115,0.0,85.7,6,1,CROSS=EMA9<EMA21;TREND=1;STRUCT=1;VOL=1;COOL=1;EMA50=1;VWAP=1;BIAS=1,2.01,-0.32,21668.21,21867.56,stop trailed to TP1
1476,2025.09.30 12:11:53,2025.09.30 14:41:53,TP2_REACHED,XAUUSD,M5,534,SELL,FULLTGT,DAY,0,3829.91,3840.98,3818.84,11.07,1.00,11.07,3818.84,3807.78,3796.71,3785.64,3774.57,0.09,0.00,0.09,3807.78,2.00,2.00,0.00,3839.35,3845.47,3842.80,3840.78,3846.32,0.332,8.02,53.55,27.05,27.05,-11.04,-10.69,-0.36,3847.23,3811.54,1015,1115,0.0,85.7,6,1,CROSS=EMA9<EMA21;TREND=1;STRUCT=1;VOL=1;COOL=1;EMA50=1;VWAP=1;BIAS=1,2.01,-0.32,21668.21,21867.56,full target: no partial booked
1477,2025.09.30 12:46:28,2025.09.30 15:16:28,SL_MOVE,XAUUSD,M5,534,SELL,FULLTGT,DAY,0,3829.91,3840.98,3807.78,11.07,1.00,11.07,3818.84,3807.78,3796.71,3785.64,3774.57,0.09,0.00,0.09,3807.78,3.00,0.00,0.00,3828.10,3838.36,3839.32,3829.45,3839.29,-0.135,7.07,49.02,29.09,29.09,-11.91,-12.08,0.17,3844.07,3801.79,734,1130,14.3,71.4,5,1,CROSS=EMA9<EMA21;TREND=1;STRUCT=1;VOL=1;COOL=1;EMA50=1;VWAP=1;BIAS=1,3.00,-0.32,21668.21,21967.19,stop trailed to TP2
1478,2025.09.30 12:46:28,2025.09.30 15:16:28,TP3_REACHED,XAUUSD,M5,534,SELL,FULLTGT,DAY,0,3829.91,3840.98,3807.78,11.07,1.00,11.07,3818.84,3807.78,3796.71,3785.64,3774.57,0.09,0.00,0.09,3796.71,3.00,3.00,0.00,3828.10,3838.36,3839.32,3829.45,3839.29,-0.135,7.07,49.02,29.09,29.09,-11.91,-12.08,0.17,3844.07,3801.79,734,1130,14.3,71.4,5,1,CROSS=EMA9<EMA21;TREND=1;STRUCT=1;VOL=1;COOL=1;EMA50=1;VWAP=1;BIAS=1,3.00,-0.32,21668.21,21967.19,full target: no partial booked
1479,2025.09.30 13:21:15,2025.09.30 15:51:15,EXIT_TRAIL_SL,XAUUSD,M5,534,SELL,FULLTGT,DAY,0,3829.91,3840.98,3807.78,11.07,1.00,11.07,3818.84,3807.78,3796.71,3785.64,3774.57,0.09,0.09,0.00,3807.81,0.00,2.00,198.26,3820.40,3832.51,3836.18,3821.17,3833.20,-0.626,5.86,34.10,39.33,39.33,-8.16,-10.63,2.47,3841.59,3805.32,785,1009,14.3,71.4,7,1,CROSS=EMA9<EMA21;TREND=1;STRUCT=1;VOL=1;COOL=1;EMA50=1;VWAP=1;BIAS=1,3.32,-0.32,21866.79,21866.79,stopped at a trailed level
1480,2025.09.30 17:35:00,2025.09.30 20:05:00,SKIP,XAUUSD,M5,534,FLAT,NA,EVENING,0,0.00,0.00,0.00,0.00,1.00,0.00,0.00,0.00,0.00,0.00,0.00,0.00,0.00,0.00,0.00,0.00,0.00,0.00,3825.25,3825.00,3828.69,3824.29,3824.52,-0.551,6.71,41.65,66.81,66.81,8.21,5.53,2.68,3835.25,3843.97,1227,1128,85.7,14.3,5,1,CROSS=EMA9<EMA21;TREND=1;STRUCT=1;VOL=1;COOL=1;EMA50=1;VWAP=1;BIAS=1,0.00,0.00,21866.79,21866.79,outside the killzone window
1481,2025.10.01 01:00:00,2025.10.01 03:30:00,DAY_SUMMARY,XAUUSD,M5,534,FLAT,NA,DAY,0,0.00,0.00,0.00,0.00,1.00,0.00,0.00,0.00,0.00,0.00,0.00,0.00,0.00,0.00,0.00,0.00,2.00,198.26,3851.89,3846.45,3841.09,3851.56,3846.15,1.828,2.93,52.53,61.79,61.79,2.43,2.31,0.13,3838.00,3858.28,274,519,85.7,0.0,8,1,CROSS=EMA9<EMA21;TREND=1;STRUCT=1;VOL=1;COOL=1;EMA50=1;VWAP=1;BIAS=1,0.00,0.00,21866.79,21866.79,2025.09.30 trades=1 W=1 L=0 gross_profit=198.26 gross_loss=0.00 net=198.26 PF=0.00
1482,2025.10.01 01:00:00,2025.10.01 03:30:00,MONTH_SUMMARY,XAUUSD,M5,534,FLAT,NA,DAY,0,0.00,0.00,0.00,0.00,1.00,0.00,0.00,0.00,0.00,0.00,0.00,0.00,0.00,0.00,0.00,0.00,9.93,904.62,3851.89,3846.45,3841.09,3851.56,3846.15,1.828,2.93,52.53,61.79,61.79,2.43,2.31,0.13,3838.00,3858.28,274,519,85.7,0.0,8,1,CROSS=EMA9<EMA21;TREND=1;STRUCT=1;VOL=1;COOL=1;EMA50=1;VWAP=1;BIAS=1,0.00,0.00,21866.79,21866.79,days=15 trades=29 W=10 L=19 gross_profit=2204.94 gross_loss=1300.32 net=904.62 PF=1.70 pips=9331.0
1483,2025.10.01 16:35:00,2025.10.01 19:05:00,SKIP,XAUUSD,M5,534,FLAT,NA,EVENING,0,0.00,0.00,0.00,0.00,1.00,0.00,0.00,0.00,0.00,0.00,0.00,0.00,0.00,0.00,0.00,0.00,0.00,0.00,3877.68,3877.76,3872.32,3877.86,3877.85,0.992,5.49,41.45,47.47,47.47,-3.74,-3.91,0.18,3872.49,3874.31,1328,1109,42.9,57.1,9,1,CROSS=EMA9<EMA21;TREND=1;STRUCT=1;VOL=1;COOL=1;EMA50=1;VWAP=0;BIAS=1,0.00,0.00,21866.79,21866.79,already positioned that way
1484,2025.10.02 06:15:00,2025.10.02 08:45:00,ENTRY,XAUUSD,M5,536,BUY,FULLTGT,DAY,0,3869.06,3863.58,3863.58,5.48,1.00,5.48,3874.54,3880.02,3885.50,3890.99,3896.47,0.19,0.19,0.19,3869.06,0.00,0.00,0.00,3864.06,3864.02,3865.35,3863.80,3863.90,-0.483,2.74,41.70,61.87,61.87,1.38,1.10,0.28,3862.15,3869.02,301,462,85.7,0.0,5,1,CROSS=EMA9>EMA21;TREND=1;STRUCT=1;VOL=1;COOL=1;EMA50=1;VWAP=1;BIAS=1,0.00,0.00,21866.12,21865.17,KZ=ASIA; KZR=Asia H @ 3875.30 232 bars ago (high taken); DAY 12AM-4PM IST session: stop x1.00 of usual; no partials; full size to TP5; SL steps BE->TP1->TP2->TP3
1485,2025.10.02 07:46:35,2025.10.02 10:16:35,EXIT_SL,XAUUSD,M5,536,BUY,FULLTGT,DAY,0,3869.06,3863.58,3863.58,5.48,1.00,5.48,3874.54,3880.02,3885.50,3890.99,3896.47,0.19,0.19,0.00,3863.52,0.00,-1.01,-106.60,3865.12,3864.72,3865.48,3865.13,3864.71,-0.511,1.49,19.49,47.50,47.50,0.04,0.34,-0.30,3862.79,3864.89,227,308,28.6,42.9,5,1,CROSS=EMA9>EMA21;TREND=1;STRUCT=1;VOL=1;COOL=1;EMA50=1;VWAP=1;BIAS=1,0.07,-0.99,21760.19,21760.19,stopped at the initial SL (x1.00 of usual)
1486,2025.10.02 17:40:00,2025.10.02 20:10:00,SKIP,XAUUSD,M5,536,FLAT,NA,EVENING,0,0.00,0.00,0.00,0.00,1.00,0.00,0.00,0.00,0.00,0.00,0.00,0.00,0.00,0.00,0.00,0.00,0.00,0.00,3876.99,3877.29,3874.58,3878.62,3878.10,0.382,7.09,52.22,13.43,13.43,-7.45,-3.75,-3.70,3872.07,3845.17,1572,1206,0.0,100.0,9,1,CROSS=EMA9>EMA21;TREND=1;STRUCT=1;VOL=1;COOL=1;EMA50=1;VWAP=1;BIAS=1,0.00,0.00,21760.19,21760.19,outside the killzone window
1487,2025.10.03 01:00:00,2025.10.03 03:30:00,DAY_SUMMARY,XAUUSD,M5,536,FLAT,NA,DAY,0,0.00,0.00,0.00,0.00,1.00,0.00,0.00,0.00,0.00,0.00,0.00,0.00,0.00,0.00,0.00,0.00,-1.01,-106.60,3853.50,3854.07,3858.24,3853.36,3854.02,-2.416,1.73,29.96,57.07,57.07,1.21,1.83,-0.61,3862.21,3856.24,139,363,42.9,42.9,8,1,CROSS=EMA9>EMA21;TREND=1;STRUCT=1;VOL=1;COOL=1;EMA50=1;VWAP=1;BIAS=1,0.00,0.00,21760.19,21760.19,2025.10.02 trades=1 W=0 L=1 gross_profit=0.00 gross_loss=106.60 net=-106.60 PF=0.00
1488,2025.10.03 02:00:00,2025.10.03 04:30:00,SKIP,XAUUSD,M5,536,FLAT,NA,DAY,0,0.00,0.00,0.00,0.00,1.00,0.00,0.00,0.00,0.00,0.00,0.00,0.00,0.00,0.00,0.00,0.00,0.00,0.00,3854.59,3854.53,3857.91,3854.45,3854.46,-1.724,1.96,29.49,58.42,58.42,0.73,0.52,0.20,3855.82,3857.22,113,236,85.7,0.0,5,1,CROSS=EMA9>EMA21;TREND=1;STRUCT=1;VOL=1;COOL=1;EMA50=1;VWAP=1;BIAS=1,0.00,0.00,21760.19,21760.19,already positioned that way
1489,2025.10.03 05:45:00,2025.10.03 08:15:00,ENTRY,XAUUSD,M5,538,SELL,FULLTGT,DAY,0,3849.53,3855.12,3855.12,5.59,1.00,5.59,3843.94,3838.35,3832.76,3827.17,3821.58,0.19,0.19,0.19,3849.53,0.00,0.00,0.00,3855.96,3856.04,3857.56,3856.28,3856.20,-0.544,2.80,37.72,33.87,33.87,-1.39,-0.50,-0.90,3856.84,3849.72,521,612,0.0,85.7,6,1,CROSS=EMA9<EMA21;TREND=1;STRUCT=1;VOL=1;COOL=1;EMA50=1;VWAP=1;BIAS=1,0.00,0.00,21759.52,21758.38,KZ=ASIA; KZR=London H @ 3895.37 158 bars ago (high taken); DAY 12AM-4PM IST session: stop x1.00 of usual; no partials; full size to TP5; SL steps BE->TP1->TP2->TP3
1490,2025.10.03 06:19:42,2025.10.03 08:49:42,SL_MOVE,XAUUSD,M5,538,SELL,FULLTGT,DAY,0,3849.53,3855.12,3849.53,5.59,1.00,5.59,3843.94,3838.35,3832.76,3827.17,3821.58,0.19,0.00,0.19,3849.53,1.00,0.00,0.00,3854.32,3855.15,3856.99,3854.66,3855.34,-0.642,2.87,50.45,35.23,35.23,-2.13,-1.60,-0.54,3856.06,3847.68,561,536,0.0,100.0,5,1,CROSS=EMA9<EMA21;TREND=1;STRUCT=1;VOL=1;COOL=1;EMA50=1;VWAP=1;BIAS=1,0.99,-0.52,21759.52,21866.30,stop to breakeven
1491,2025.10.03 06:19:42,2025.10.03 08:49:42,TP1_REACHED,XAUUSD,M5,538,SELL,FULLTGT,DAY,0,3849.53,3855.12,3849.53,5.59,1.00,5.59,3843.94,3838.35,3832.76,3827.17,3821.58,0.19,0.00,0.19,3843.94,1.00,1.00,0.00,3854.32,3855.15,3856.99,3854.66,3855.34,-0.642,2.87,50.45,35.23,35.23,-2.13,-1.60,-0.54,3856.06,3847.68,561,536,0.0,100.0,5,1,CROSS=EMA9<EMA21;TREND=1;STRUCT=1;VOL=1;COOL=1;EMA50=1;VWAP=1;BIAS=1,0.99,-0.52,21759.52,21866.30,full target: no partial booked
1492,2025.10.03 06:34:39,2025.10.03 09:04:39,SL_MOVE,XAUUSD,M5,538,SELL,FULLTGT,DAY,0,3849.53,3855.12,3843.94,5.59,1.00,5.59,3843.94,3838.35,3832.76,3827.17,3821.58,0.19,0.00,0.19,3843.94,2.00,0.00,0.00,3852.60,3854.20,3856.44,3853.24,3854.56,-0.681,3.29,59.53,24.81,24.81,-3.49,-2.25,-1.24,3855.17,3840.00,619,526,0.0,100.0,7,1,CROSS=EMA9<EMA21;TREND=1;STRUCT=1;VOL=1;COOL=1;EMA50=1;VWAP=1;BIAS=1,2.00,-0.52,21759.52,21972.70,stop trailed to TP1
1493,2025.10.03 06:34:39,2025.10.03 09:04:39,TP2_REACHED,XAUUSD,M5,538,SELL,FULLTGT,DAY,0,3849.53,3855.12,3843.94,5.59,1.00,5.59,3843.94,3838.35,3832.76,3827.17,3821.58,0.19,0.00,0.19,3838.35,2.00,2.00,0.00,3852.60,3854.20,3856.44,3853.24,3854.56,-0.681,3.29,59.53,24.81,24.81,-3.49,-2.25,-1.24,3855.17,3840.00,619,526,0.0,100.0,7,1,CROSS=EMA9<EMA21;TREND=1;STRUCT=1;VOL=1;COOL=1;EMA50=1;VWAP=1;BIAS=1,2.00,-0.52,21759.52,21972.70,full target: no partial booked
1494,2025.10.03 06:48:16,2025.10.03 09:18:16,EXIT_TRAIL_SL,XAUUSD,M5,538,SELL,FULLTGT,DAY,0,3849.53,3855.12,3843.94,5.59,1.00,5.59,3843.94,3838.35,3832.76,3827.17,3821.58,0.19,0.19,0.00,3843.98,0.00,0.99,104.11,3850.78,3853.14,3855.82,3851.29,3853.45,-0.767,3.49,65.19,31.32,31.32,-4.22,-3.04,-1.18,3854.18,3840.96,658,542,14.3,85.7,5,1,CROSS=EMA9<EMA21;TREND=1;STRUCT=1;VOL=1;COOL=1;EMA50=1;VWAP=1;BIAS=1,2.05,-0.52,21864.30,21864.30,stopped at a trailed level
1495,2025.10.03 09:25:00,2025.10.03 11:55:00,ENTRY,XAUUSD,M5,540,BUY,FULLTGT,DAY,0,3859.50,3853.46,3853.46,6.04,1.00,6.04,3865.54,3871.59,3877.63,3883.67,3889.71,0.18,0.18,0.18,3859.50,0.00,0.00,0.00,3852.06,3852.03,3854.05,3851.68,3851.84,-0.670,3.02,25.27,65.52,65.52,3.10,2.71,0.40,3852.85,3859.43,440,530,85.7,0.0,7,1,CROSS=EMA9>EMA21;TREND=1;STRUCT=1;VOL=1;COOL=1;EMA50=1;VWAP=1;BIAS=1,0.00,0.00,21863.67,21862.41,KZ=LONDON; KZR=London H @ 3895.37 202 bars ago (high taken); DAY 12AM-4PM IST session: stop x1.00 of usual; no partials; full size to TP5; SL steps BE->TP1->TP2->TP3
1496,2025.10.03 11:08:12,2025.10.03 13:38:12,SL_MOVE,XAUUSD,M5,540,BUY,FULLTGT,DAY,0,3859.50,3853.46,3859.50,6.04,1.00,6.04,3865.54,3871.59,3877.63,3883.67,3889.71,0.18,0.00,0.18,3859.50,1.00,0.00,0.00,3858.05,3855.65,3855.61,3857.75,3855.44,0.021,2.09,38.38,63.60,63.60,2.50,2.46,0.04,3854.22,3863.92,557,500,85.7,14.3,5,1,CROSS=EMA9>EMA21;TREND=1;STRUCT=1;VOL=1;COOL=1;EMA50=1;VWAP=1;BIAS=1,1.00,-0.67,21863.67,21972.57,stop to breakeven
1497,2025.10.03 11:08:12,2025.10.03 13:38:12,TP1_REACHED,XAUUSD,M5,540,BUY,FULLTGT,DAY,0,3859.50,3853.46,3859.50,6.04,1.00,6.04,3865.54,3871.59,3877.63,3883.67,3889.71,0.18,0.00,0.18,3865.54,1.00,1.00,0.00,3858.05,3855.65,3855.61,3857.75,3855.44,0.021,2.09,38.38,63.60,63.60,2.50,2.46,0.04,3854.22,3863.92,557,500,85.7,14.3,5,1,CROSS=EMA9>EMA21;TREND=1;STRUCT=1;VOL=1;COOL=1;EMA50=1;VWAP=1;BIAS=1,1.00,-0.67,21863.67,21972.57,full target: no partial booked
1498,2025.10.03 12:16:52,2025.10.03 14:46:52,EXIT_BE,XAUUSD,M5,540,BUY,FULLTGT,DAY,0,3859.50,3853.46,3859.50,6.04,1.00,6.04,3865.54,3871.59,3877.63,3883.67,3889.71,0.18,0.18,0.00,3859.49,0.00,-0.00,-1.44,3860.19,3857.62,3856.69,3860.15,3857.54,0.420,2.22,16.98,48.09,48.09,0.68,1.17,-0.49,3854.98,3860.84,358,435,28.6,42.9,5,1,CROSS=EMA9>EMA21;TREND=1;STRUCT=1;VOL=1;COOL=1;EMA50=1;VWAP=1;BIAS=1,1.03,-0.67,21862.86,21862.86,stopped at breakeven
1499,2025.10.06 01:00:00,2025.10.06 03:30:00,DAY_SUMMARY,XAUUSD,M5,540,FLAT,NA,DAY,0,0.00,0.00,0.00,0.00,1.00,0.00,0.00,0.00,0.00,0.00,0.00,0.00,0.00,0.00,0.00,0.00,0.99,102.67,3885.15,3882.60,3876.73,3885.09,3882.51,3.623,1.62,27.81,54.38,54.38,-0.01,-0.10,0.09,3868.91,3886.43,92,362,85.7,0.0,9,1,CROSS=EMA9>EMA21;TREND=1;STRUCT=1;VOL=1;COOL=1;EMA50=1;VWAP=1;BIAS=1,0.00,0.00,21862.86,21862.86,2025.10.03 trades=2 W=1 L=1 gross_profit=104.11 gross_loss=1.44 net=102.67 PF=72.30
1500,2025.10.06 01:00:00,2025.10.06 03:30:00,WEEK_SUMMARY,XAUUSD,M5,540,FLAT,NA,DAY,0,0.00,0.00,0.00,0.00,1.00,0.00,0.00,0.00,0.00,0.00,0.00,0.00,0.00,0.00,0.00,0.00,-0.02,-3.93,3885.15,3882.60,3876.73,3885.09,3882.51,3.623,1.62,27.81,54.38,54.38,-0.01,-0.10,0.09,3868.91,3886.43,92,362,85.7,0.0,9,1,CROSS=EMA9>EMA21;TREND=1;STRUCT=1;VOL=1;COOL=1;EMA50=1;VWAP=1;BIAS=1,0.00,0.00,21862.86,21862.86,days=2 trades=3 W=1 L=2 gross_profit=104.11 gross_loss=108.04 net=-3.93 PF=0.96 pips=0.0
1501,2025.10.07 09:50:00,2025.10.07 12:20:00,ENTRY,XAUUSD,M5,542,SELL,FULLTGT,DAY,0,3959.65,3966.66,3966.66,7.01,1.00,7.01,3952.64,3945.63,3938.62,3931.60,3924.59,0.15,0.15,0.15,3959.65,0.00,0.00,0.00,3965.46,3965.53,3961.44,3965.76,3965.68,1.166,3.51,42.53,37.90,37.90,-2.27,-1.95,-0.32,3966.41,3959.57,734,760,0.0,85.7,6,1,CROSS=EMA9<EMA21;TREND=1;STRUCT=1;VOL=1;COOL=1;EMA50=1;VWAP=1;BIAS=1,0.00,0.00,21862.33,21861.43,KZ=LONDON; KZR=London H @ 3949.73 201 bars ago (high taken); DAY 12AM-4PM IST session: stop x1.00 of usual; no partials; full size to TP5; SL steps BE->TP1->TP2->TP3
1502,2025.10.07 10:01:01,2025.10.07 12:31:01,SL_MOVE,XAUUSD,M5,542,SELL,FULLTGT,DAY,0,3959.65,3966.66,3959.65,7.01,1.00,7.01,3952.64,3945.63,3938.62,3931.60,3924.59,0.15,0.00,0.15,3959.65,1.00,0.00,0.00,3964.52,3965.04,3961.30,3965.01,3965.30,1.036,3.62,49.88,30.97,30.97,-2.89,-2.12,-0.76,3966.18,3955.05,897,741,0.0,100.0,11,1,CROSS=EMA9<EMA21;TREND=1;STRUCT=1;VOL=1;COOL=1;EMA50=1;VWAP=1;BIAS=1,1.00,-0.11,21862.33,21968.08,stop to breakeven
1503,2025.10.07 10:01:01,2025.10.07 12:31:01,TP1_REACHED,XAUUSD,M5,542,SELL,FULLTGT,DAY,0,3959.65,3966.66,3959.65,7.01,1.00,7.01,3952.64,3945.63,3938.62,3931.60,3924.59,0.15,0.00,0.15,3952.64,1.00,1.00,0.00,3964.52,3965.04,3961.30,3965.01,3965.30,1.036,3.62,49.88,30.97,30.97,-2.89,-2.12,-0.76,3966.18,3955.05,897,741,0.0,100.0,11,1,CROSS=EMA9<EMA21;TREND=1;STRUCT=1;VOL=1;COOL=1;EMA50=1;VWAP=1;BIAS=1,1.00,-0.11,21862.33,21968.08,full target: no partial booked
1504,2025.10.07 10:22:31,2025.10.07 12:52:31,SL_MOVE,XAUUSD,M5,542,SELL,FULLTGT,DAY,0,3959.65,3966.66,3952.64,7.01,1.00,7.01,3952.64,3945.63,3938.62,3931.60,3924.59,0.15,0.00,0.15,3952.64,2.00,0.00,0.00,3962.23,3963.79,3960.84,3962.85,3964.14,0.852,3.47,63.96,24.61,24.61,-4.09,-2.93,-1.17,3965.37,3950.04,1098,801,0.0,100.0,11,1,CROSS=EMA9<EMA21;TREND=1;STRUCT=1;VOL=1;COOL=1;EMA50=1;VWAP=1;BIAS=1,2.00,-0.11,21862.33,22073.38,stop trailed to TP1
1505,2025.10.07 10:22:31,2025.10.07 12:52:31,TP2_REACHED,XAUUSD,M5,542,SELL,FULLTGT,DAY,0,3959.65,3966.66,3952.64,7.01,1.00,7.01,3952.64,3945.63,3938.62,3931.60,3924.59,0.15,0.00,0.15,3945.63,2.00,2.00,0.00,3962.23,3963.79,3960.84,3962.85,3964.14,0.852,3.47,63.96,24.61,24.61,-4.09,-2.93,-1.17,3965.37,3950.04,1098,801,0.0,100.0,11,1,CROSS=EMA9<EMA21;TREND=1;STRUCT=1;VOL=1;COOL=1;EMA50=1;VWAP=1;BIAS=1,2.00,-0.11,21862.33,22073.38,full target: no partial booked
1506,2025.10.07 10:30:38,2025.10.07 13:00:38,EXIT_TRAIL_SL,XAUUSD,M5,542,SELL,FULLTGT,DAY,0,3959.65,3966.66,3952.64,7.01,1.00,7.01,3952.64,3945.63,3938.62,3931.60,3924.59,0.15,0.15,0.00,3952.65,0.00,1.00,103.94,3961.00,3963.09,3960.55,3961.50,3963.39,0.655,3.87,68.66,34.16,34.16,-4.43,-3.46,-0.97,3964.81,3951.33,1172,869,14.3,85.7,8,1,CROSS=EMA9<EMA21;TREND=1;STRUCT=1;VOL=1;COOL=1;EMA50=1;VWAP=1;BIAS=1,2.24,-0.11,21966.80,21966.80,stopped at a trailed level
1507,2025.10.07 14:55:00,2025.10.07 17:25:00,ENTRY,XAUUSD,M5,544,BUY,FULLTGT,EVENING,0,3965.91,3959.17,3959.17,6.74,1.00,6.74,3972.65,3979.40,3986.14,3992.88,3999.62,0.16,0.16,0.16,3965.91,0.00,0.00,0.00,3959.27,3959.24,3958.88,3958.93,3959.08,0.109,3.37,22.90,61.96,61.96,1.79,1.16,0.64,3961.71,3965.88,708,564,85.7,0.0,5,1,CROSS=EMA9>EMA21;TREND=1;STRUCT=1;VOL=1;COOL=1;EMA50=1;VWAP=1;BIAS=1,0.00,0.00,21966.24,21965.44,KZ=NY; KZR=London H @ 3966.26 2 bars ago (high taken); EVENING 4PM-12AM IST session: stop x1.00 of usual; no partials; full size to TP5; SL steps BE->TP1->TP2->TP3
1508,2025.10.07 15:42:40,2025.10.07 18:12:40,SL_MOVE,XAUUSD,M5,544,BUY,FULLTGT,EVENING,0,3965.91,3959.17,3965.91,6.74,1.00,6.74,3972.65,3979.40,3986.14,3992.88,3999.62,0.16,0.00,0.16,3965.91,1.00,0.00,0.00,3962.73,3961.17,3959.94,3962.31,3960.93,0.311,3.98,31.08,63.22,63.22,2.74,2.78,-0.05,3962.16,3970.76,939,733,85.7,14.3,6,1,CROSS=EMA9>EMA21;TREND=1;STRUCT=1;VOL=1;COOL=1;EMA50=1;VWAP=1;BIAS=1,1.00,-0.22,21966.24,22074.72,stop to breakeven
1509,2025.10.07 15:42:40,2025.10.07 18:12:40,TP1_REACHED,XAUUSD,M5,544,BUY,FULLTGT,EVENING,0,3965.91,3959.17,3965.91,6.74,1.00,6.74,3972.65,3979.40,3986.14,3992.88,3999.62,0.16,0.00,0.16,3972.65,1.00,1.00,0.00,3962.73,3961.17,3959.94,3962.31,3960.93,0.311,3.98,31.08,63.22,63.22,2.74,2.78,-0.05,3962.16,3970.76,939,733,85.7,14.3,6,1,CROSS=EMA9>EMA21;TREND=1;STRUCT=1;VOL=1;COOL=1;EMA50=1;VWAP=1;BIAS=1,1.00,-0.22,21966.24,22074.72,full target: no partial booked
1510,2025.10.07 15:55:41,2025.10.07 18:25:41,SL_MOVE,XAUUSD,M5,544,BUY,FULLTGT,EVENING,0,3965.91,3959.17,3972.65,6.74,1.00,6.74,3972.65,3979.40,3986.14,3992.88,3999.62,0.16,0.00,0.16,3972.65,2.00,0.00,0.00,3964.47,3962.19,3960.50,3963.81,3961.81,0.445,3.80,39.06,71.49,71.49,3.74,3.08,0.67,3962.45,3977.34,1101,807,100.0,0.0,10,1,CROSS=EMA9>EMA21;TREND=1;STRUCT=1;VOL=1;COOL=1;EMA50=1;VWAP=1;BIAS=1,1.99,-0.22,21966.24,22182.08,stop trailed to TP1
1511,2025.10.07 15:55:41,2025.10.07 18:25:41,TP2_REACHED,XAUUSD,M5,544,BUY,FULLTGT,EVENING,0,3965.91,3959.17,3972.65,6.74,1.00,6.74,3972.65,3979.40,3986.14,3992.88,3999.62,0.16,0.00,0.16,3979.40,2.00,2.00,0.00,3964.47,3962.19,3960.50,3963.81,3961.81,0.445,3.80,39.06,71.49,71.49,3.74,3.08,0.67,3962.45,3977.34,1101,807,100.0,0.0,10,1,CROSS=EMA9>EMA21;TREND=1;STRUCT=1;VOL=1;COOL=1;EMA50=1;VWAP=1;BIAS=1,1.99,-0.22,21966.24,22182.08,full target: no partial booked
1512,2025.10.07 16:37:01,2025.10.07 19:07:01,EXIT_TRAIL_SL,XAUUSD,M5,544,BUY,FULLTGT,EVENING,0,3965.91,3959.17,3972.65,6.74,1.00,6.74,3972.65,3979.40,3986.14,3992.88,3999.62,0.16,0.16,0.00,3972.61,0.00,0.99,106.08,3969.99,3965.65,3962.48,3969.77,3965.43,0.697,4.55,46.46,51.78,51.78,4.72,4.98,-0.26,3963.70,3974.27,1290,1005,71.4,28.6,10,1,CROSS=EMA9>EMA21;TREND=1;STRUCT=1;VOL=1;COOL=1;EMA50=1;VWAP=1;BIAS=1,2.93,-0.22,22072.88,22072.88,stopped at a trailed level
1513,2025.10.08 01:00:00,2025.10.08 03:30:00,DAY_SUMMARY,XAUUSD,M5,544,FLAT,NA,DAY,0,0.00,0.00,0.00,0.00,1.00,0.00,0.00,0.00,0.00,0.00,0.00,0.00,0.00,0.00,0.00,0.00,1.99,210.02,3981.44,3979.04,3974.30,3981.30,3978.90,2.647,1.79,32.90,56.37,56.37,1.12,0.65,0.47,3969.47,3984.28,276,491,85.7,0.0,8,1,CROSS=EMA9>EMA21;TREND=1;STRUCT=1;VOL=1;COOL=1;EMA50=1;VWAP=1;BIAS=1,0.00,0.00,22072.88,22072.88,2025.10.07 trades=2 W=2 L=0 gross_profit=210.02 gross_loss=0.00 net=210.02 PF=0.00
1514,2025.10.08 23:55:00,2025.10.09 02:25:00,SKIP,XAUUSD,M5,544,FLAT,NA,DAY,0,0.00,0.00,0.00,0.00,1.00,0.00,0.00,0.00,0.00,0.00,0.00,0.00,0.00,0.00,0.00,0.00,0.00,0.00,4044.38,4044.43,4039.08,4044.56,4044.52,1.474,3.63,13.60,46.31,46.31,-1.07,-1.24,0.18,4031.61,4040.96,354,743,28.6,42.9,40,1,CROSS=EMA9>EMA21;TREND=1;STRUCT=1;VOL=1;COOL=1;EMA50=1;VWAP=1;BIAS=1,0.00,0.00,22072.88,22072.88,outside the killzone window
1515,2025.10.09 07:45:00,2025.10.09 10:15:00,SKIP,XAUUSD,M5,544,FLAT,NA,DAY,0,0.00,0.00,0.00,0.00,1.00,0.00,0.00,0.00,0.00,0.00,0.00,0.00,0.00,0.00,0.00,0.00,0.00,0.00,4027.19,4027.07,4029.04,4026.61,4026.78,-0.709,2.78,56.29,71.56,71.56,4.70,3.57,1.13,4021.26,4038.69,580,578,85.7,14.3,5,1,CROSS=EMA9>EMA21;TREND=1;STRUCT=1;VOL=1;COOL=1;EMA50=1;VWAP=1;BIAS=1,0.00,0.00,22072.88,22072.88,outside the killzone window
1516,2025.10.09 17:25:00,2025.10.09 19:55:00,SKIP,XAUUSD,M5,544,FLAT,NA,EVENING,0,0.00,0.00,0.00,0.00,1.00,0.00,0.00,0.00,0.00,0.00,0.00,0.00,0.00,0.00,0.00,0.00,0.00,0.00,4036.70,4037.30,4035.78,4038.06,4037.99,0.162,9.47,38.08,27.32,27.32,-6.99,-3.74,-3.25,4030.50,4010.18,1713,1408,0.0,100.0,10,1,CROSS=EMA9>EMA21;TREND=1;STRUCT=1;VOL=1;COOL=1;EMA50=1;VWAP=1;BIAS=1,0.00,0.00,22072.88,22072.88,outside the killzone window
1517,2025.10.10 11:35:00,2025.10.10 14:05:00,SKIP,XAUUSD,M5,544,FLAT,NA,DAY,0,0.00,0.00,0.00,0.00,1.00,0.00,0.00,0.00,0.00,0.00,0.00,0.00,0.00,0.00,0.00,0.00,0.00,0.00,3973.32,3973.29,3979.14,3972.59,3972.93,-1.289,4.54,57.70,69.72,69.72,5.23,2.66,2.57,3974.45,3987.51,716,995,85.7,0.0,5,1,CROSS=EMA9>EMA21;TREND=1;STRUCT=1;VOL=1;COOL=1;EMA50=1;VWAP=1;BIAS=1,0.00,0.00,22072.88,22072.88,already positioned that way
1518,2025.10.10 20:30:00,2025.10.10 23:00:00,SKIP,XAUUSD,M5,544,FLAT,NA,EVENING,0,0.00,0.00,0.00,0.00,1.00,0.00,0.00,0.00,0.00,0.00,0.00,0.00,0.00,0.00,0.00,0.00,0.00,0.00,3989.84,3989.85,3988.37,3990.11,3989.99,0.232,6.38,31.33,45.37,45.37,-3.27,-3.23,-0.03,3984.18,3984.55,1131,1439,14.3,71.4,5,1,CROSS=EMA9>EMA21;TREND=1;STRUCT=1;VOL=1;COOL=1;EMA50=1;VWAP=1;BIAS=1,0.00,0.00,22072.88,22072.88,outside the killzone window
1519,2025.10.10 21:15:00,2025.10.10 23:45:00,SKIP,XAUUSD,M5,544,FLAT,NA,EVENING,0,0.00,0.00,0.00,0.00,1.00,0.00,0.00,0.00,0.00,0.00,0.00,0.00,0.00,0.00,0.00,0.00,0.00,0.00,3990.04,3989.93,3988.56,3989.75,3989.78,0.262,5.20,18.12,58.88,58.88,0.24,-1.38,1.63,3984.37,3995.68,1050,1220,71.4,0.0,7,1,CROSS=EMA9>EMA21;TREND=1;STRUCT=1;VOL=1;COOL=1;EMA50=1;VWAP=1;BIAS=1,0.00,0.00,22072.88,22072.88,outside the killzone window
1520,2025.10.13 01:00:00,2025.10.13 03:30:00,WEEK_SUMMARY,XAUUSD,M5,544,FLAT,NA,DAY,0,0.00,0.00,0.00,0.00,1.00,0.00,0.00,0.00,0.00,0.00,0.00,0.00,0.00,0.00,0.00,0.00,1.99,210.02,4005.60,4000.23,3995.03,4005.25,3999.92,0.926,5.61,26.08,54.94,54.94,3.33,3.53,-0.20,3986.96,4012.42,526,832,71.4,14.3,50,1,CROSS=EMA9>EMA21;TREND=1;STRUCT=1;VOL=1;COOL=1;EMA50=1;VWAP=1;BIAS=1,0.00,0.00,22072.88,22072.88,days=1 trades=2 W=2 L=0 gross_profit=210.02 gross_loss=0.00 net=210.02 PF=0.00 pips=1370.0
1521,2025.10.14 09:45:00,2025.10.14 12:15:00,ENTRY,XAUUSD,M5,546,SELL,FULLTGT,DAY,0,4098.80,4135.67,4135.67,36.87,1.00,36.87,4061.93,4025.07,3988.20,3951.33,3914.46,0.02,0.02,0.02,4098.80,0.00,0.00,0.00,4137.84,4138.49,4127.21,4139.85,4139.50,0.612,18.43,45.94,31.81,31.81,-14.95,-12.39,-2.56,4138.19,4098.62,1389,1420,0.0,85.7,5,1,CROSS=EMA9<EMA21;TREND=1;STRUCT=1;VOL=1;COOL=1;EMA50=1;VWAP=1;BIAS=1,0.00,0.00,22072.81,22072.71,KZ=LONDON; KZR=Asia H @ 4166.49 30 bars ago (high taken); DAY 12AM-4PM IST session: stop x1.00 of usual; no partials; full size to TP5; SL steps BE->TP1->TP2->TP3
1522,2025.10.14 11:12:20,2025.10.14 13:42:20,EXIT_SL,XAUUSD,M5,546,SELL,FULLTGT,DAY,0,4098.80,4135.67,4135.67,36.87,1.00,36.87,4061.93,4025.07,3988.20,3951.33,3914.46,0.02,0.02,0.00,4135.71,0.00,-1.00,-73.96,4127.53,4131.72,4125.54,4127.42,4131.77,0.886,6.97,29.67,55.24,55.24,-0.84,-3.93,3.09,4134.65,4129.66,977,1189,57.1,28.6,6,1,CROSS=EMA9<EMA21;TREND=1;STRUCT=1;VOL=1;COOL=1;EMA50=1;VWAP=1;BIAS=1,0.22,-1.00,21998.92,21998.92,stopped at the initial SL (x1.00 of usual)
1523,2025.10.14 12:40:00,2025.10.14 15:10:00,SKIP,XAUUSD,M5,546,FLAT,NA,DAY,0,0.00,0.00,0.00,0.00,1.00,0.00,0.00,0.00,0.00,0.00,0.00,0.00,0.00,0.00,0.00,0.00,0.00,0.00,4134.42,4134.42,4128.29,4134.28,4134.35,1.040,5.89,20.02,52.35,52.35,2.99,3.61,-0.62,4135.20,4137.20,878,925,57.1,14.3,9,1,CROSS=EMA9<EMA21;TREND=1;STRUCT=1;VOL=1;COOL=1;EMA50=1;VWAP=1;BIAS=1,0.00,0.00,21998.92,21998.92,outside the killzone window
1524,2025.10.14 12:55:00,2025.10.14 15:25:00,SKIP,XAUUSD,M5,546,FLAT,NA,DAY,0,0.00,0.00,0.00,0.00,1.00,0.00,0.00,0.00,0.00,0.00,0.00,0.00,0.00,0.00,0.00,0.00,0.00,0.00,4134.14,4134.28,4128.45,4134.48,4134.45,1.030,5.66,21.84,41.93,41.93,1.14,2.92,-1.78,4135.15,4127.52,971,903,0.0,85.7,10,1,CROSS=EMA9<EMA21;TREND=1;STRUCT=1;VOL=1;COOL=1;EMA50=1;VWAP=1;BIAS=1,0.00,0.00,21998.92,21998.92,outside the killzone window
1525,2025.10.14 13:45:00,2025.10.14 16:15:00,ENTRY,XAUUSD,M5,548,BUY,FULLTGT,EVENING,0,4139.87,4129.36,4129.36,10.51,1.00,10.51,4150.38,4160.89,4171.40,4181.92,4192.43,0.10,0.10,0.10,4139.87,0.00,0.00,0.00,4134.48,4134.36,4129.15,4134.21,4134.22,0.991,5.26,33.05,57.46,57.46,1.40,0.11,1.30,4135.05,4139.70,918,876,85.7,14.3,9,1,CROSS=EMA9>EMA21;TREND=1;STRUCT=1;VOL=1;COOL=1;EMA50=1;VWAP=1;BIAS=1,0.00,0.00,21998.57,21997.67,KZ=NY; KZR=Asia H @ 4166.49 78 bars ago (high taken); EVENING 4PM-12AM IST session: stop x1.00 of usual; no partials; full size to TP5; SL steps BE->TP1->TP2->TP3
1526,2025.10.14 13:48:40,2025.10.14 16:18:40,EXIT_SL,XAUUSD,M5,548,BUY,FULLTGT,EVENING,0,4139.87,4129.36,4129.36,10.51,1.00,10.51,4150.38,4160.89,4171.40,4181.92,4192.43,0.10,0.10,0.00,4129.34,0.00,-1.00,-106.00,4134.48,4134.36,4129.15,4134.21,4134.22,0.991,5.26,33.05,57.46,57.46,1.40,0.11,1.30,4135.05,4139.70,918,876,85.7,14.3,11,1,CROSS=EMA9>EMA21;TREND=1;STRUCT=1;VOL=1;COOL=1;EMA50=1;VWAP=1;BIAS=1,0.00,-1.00,21892.92,21892.92,stopped at the initial SL (x1.00 of usual)
1527,2025.10.14 14:10:00,2025.10.14 16:40:00,ENTRY,XAUUSD,M5,550,SELL,FULLTGT,EVENING,0,4130.88,4140.73,4140.73,9.85,1.00,9.85,4121.03,4111.19,4101.34,4091.49,4081.64,0.11,0.11,0.11,4130.88,0.00,0.00,0.00,4134.15,4134.20,4129.39,4134.32,4134.29,0.978,4.92,20.65,44.44,44.44,-0.01,0.74,-0.75,4134.99,4130.90,788,888,0.0,71.4,7,1,CROSS=EMA9<EMA21;TREND=1;STRUCT=1;VOL=1;COOL=1;EMA50=1;VWAP=1;BIAS=1,0.00,0.00,21892.53,21891.76,KZ=NY; KZR=Asia H @ 4166.49 83 bars ago (high taken); EVENING 4PM-12AM IST session: stop x1.00 of usual; no partials; full size to TP5; SL steps BE->TP1->TP2->TP3
1528,2025.10.14 15:25:27,2025.10.14 17:55:27,SL_MOVE,XAUUSD,M5,550,SELL,FULLTGT,EVENING,0,4130.88,4140.73,4130.88,9.85,1.00,9.85,4121.03,4111.19,4101.34,4091.49,4081.64,0.11,0.00,0.11,4130.88,1.00,0.00,0.00,4131.98,4132.95,4129.54,4132.42,4133.19,0.742,4.60,18.33,38.37,38.37,-1.51,-1.22,-0.30,4134.64,4123.41,1218,806,0.0,85.7,10,1,CROSS=EMA9<EMA21;TREND=1;STRUCT=1;VOL=1;COOL=1;EMA50=1;VWAP=1;BIAS=1,0.99,-0.72,21892.53,22000.99,stop to breakeven
1529,2025.10.14 15:25:27,2025.10.14 17:55:27,TP1_REACHED,XAUUSD,M5,550,SELL,FULLTGT,EVENING,0,4130.88,4140.73,4130.88,9.85,1.00,9.85,4121.03,4111.19,4101.34,4091.49,4081.64,0.11,0.00,0.11,4121.03,1.00,1.00,0.00,4131.98,4132.95,4129.54,4132.42,4133.19,0.742,4.60,18.33,38.37,38.37,-1.51,-1.22,-0.30,4134.64,4123.41,1218,806,0.0,85.7,10,1,CROSS=EMA9<EMA21;TREND=1;STRUCT=1;VOL=1;COOL=1;EMA50=1;VWAP=1;BIAS=1,0.99,-0.72,21892.53,22000.99,full target: no partial booked
1530,2025.10.14 15:33:05,2025.10.14 18:03:05,SL_MOVE,XAUUSD,M5,550,SELL,FULLTGT,EVENING,0,4130.88,4140.73,4121.03,9.85,1.00,9.85,4121.03,4111.19,4101.34,4091.49,4081.64,0.11,0.00,0.11,4121.03,2.00,0.00,0.00,4131.34,4132.60,4129.41,4131.98,4132.95,0.668,4.78,19.56,33.87,33.87,-2.27,-1.37,-0.90,4134.51,4118.87,1401,824,0.0,85.7,9,1,CROSS=EMA9<EMA21;TREND=1;STRUCT=1;VOL=1;COOL=1;EMA50=1;VWAP=1;BIAS=1,2.00,-0.72,21892.53,22109.34,stop trailed to TP1
1531,2025.10.14 15:33:05,2025.10.14 18:03:05,TP2_REACHED,XAUUSD,M5,550,SELL,FULLTGT,EVENING,0,4130.88,4140.73,4121.03,9.85,1.00,9.85,4121.03,4111.19,4101.34,4091.49,4081.64,0.11,0.00,0.11,4111.19,2.00,2.00,0.00,4131.34,4132.60,4129.41,4131.98,4132.95,0.668,4.78,19.56,33.87,33.87,-2.27,-1.37,-0.90,4134.51,4118.87,1401,824,0.0,85.7,9,1,CROSS=EMA9<EMA21;TREND=1;STRUCT=1;VOL=1;COOL=1;EMA50=1;VWAP=1;BIAS=1,2.00,-0.72,21892.53,22109.34,full target: no partial booked
1532,2025.10.14 16:00:45,2025.10.14 18:30:45,SL_MOVE,XAUUSD,M5,550,SELL,FULLTGT,EVENING,0,4130.88,4140.73,4111.19,9.85,1.00,9.85,4121.03,4111.19,4101.34,4091.49,4081.64,0.11,0.00,0.11,4111.19,3.00,0.00,0.00,4125.68,4129.40,4127.98,4126.66,4129.98,0.250,5.67,37.73,24.44,24.44,-6.60,-3.92,-2.67,4133.48,4106.58,1130,956,0.0,100.0,4,1,CROSS=EMA9<EMA21;TREND=1;STRUCT=1;VOL=1;COOL=1;EMA50=1;VWAP=1;BIAS=1,3.00,-0.72,21892.53,22217.91,stop trailed to TP2
1533,2025.10.14 16:00:45,2025.10.14 18:30:45,TP3_REACHED,XAUUSD,M5,550,SELL,FULLTGT,EVENING,0,4130.88,4140.73,4111.19,9.85,1.00,9.85,4121.03,4111.19,4101.34,4091.49,4081.64,0.11,0.00,0.11,4101.34,3.00,3.00,0.00,4125.68,4129.40,4127.98,4126.66,4129.98,0.250,5.67,37.73,24.44,24.44,-6.60,-3.92,-2.67,4133.48,4106.58,1130,956,0.0,100.0,4,1,CROSS=EMA9<EMA21;TREND=1;STRUCT=1;VOL=1;COOL=1;EMA50=1;VWAP=1;BIAS=1,3.00,-0.72,21892.53,22217.91,full target: no partial booked
1534,2025.10.14 16:14:28,2025.10.14 18:44:28,EXIT_TRAIL_SL,XAUUSD,M5,550,SELL,FULLTGT,EVENING,0,4130.88,4140.73,4111.19,9.85,1.00,9.85,4121.03,4111.19,4101.34,4091.49,4081.64,0.11,0.11,0.00,4111.21,0.00,2.00,215.59,4123.72,4128.22,4127.42,4124.74,4128.83,0.124,6.43,44.99,22.42,22.42,-7.22,-5.21,-2.01,4132.98,4103.88,1431,1016,0.0,100.0,5,1,CROSS=EMA9<EMA21;TREND=1;STRUCT=1;VOL=1;COOL=1;EMA50=1;VWAP=1;BIAS=1,3.36,-0.72,22108.51,22108.51,stopped at a trailed level
1535,2025.10.14 18:30:00,2025.10.14 21:00:00,SKIP,XAUUSD,M5,550,FLAT,NA,EVENING,0,0.00,0.00,0.00,0.00,1.00,0.00,0.00,0.00,0.00,0.00,0.00,0.00,0.00,0.00,0.00,0.00,0.00,0.00,4128.57,4128.45,4127.55,4128.09,4128.21,0.164,5.46,26.29,61.19,61.19,4.17,3.49,0.69,4131.73,4137.92,1000,1296,85.7,0.0,5,1,CROSS=EMA9<EMA21;TREND=1;STRUCT=1;VOL=1;COOL=1;EMA50=1;VWAP=1;BIAS=1,0.00,0.00,22108.51,22108.51,outside the killzone window
1536,2025.10.15 01:00:00,2025.10.15 03:30:00,DAY_SUMMARY,XAUUSD,M5,550,FLAT,NA,DAY,0,0.00,0.00,0.00,0.00,1.00,0.00,0.00,0.00,0.00,0.00,0.00,0.00,0.00,0.00,0.00,0.00,-0.01,35.63,4143.89,4141.35,4136.89,4143.98,4141.33,1.643,2.71,14.99,44.84,44.84,-0.54,-0.57,0.03,4134.30,4142.14,259,655,42.9,28.6,9,1,CROSS=EMA9<EMA21;TREND=1;STRUCT=1;VOL=1;COOL=1;EMA50=1;VWAP=1;BIAS=1,0.00,0.00,22108.51,22108.51,2025.10.14 trades=3 W=1 L=2 gross_profit=215.59 gross_loss=179.96 net=35.63 PF=1.20
1537,2025.10.15 16:05:00,2025.10.15 18:35:00,SKIP,XAUUSD,M5,550,FLAT,NA,EVENING,0,0.00,0.00,0.00,0.00,1.00,0.00,0.00,0.00,0.00,0.00,0.00,0.00,0.00,0.00,0.00,0.00,0.00,0.00,4193.99,4194.08,4186.38,4194.33,4194.25,1.238,6.22,25.83,44.04,44.04,-3.28,-3.45,0.18,4186.11,4187.41,1283,837,28.6,71.4,8,1,CROSS=EMA9<EMA21;TREND=1;STRUCT=1;VOL=1;COOL=1;EMA50=1;VWAP=0;BIAS=1,0.00,0.00,22108.51,22108.51,already positioned that way
1538,2025.10.15 17:10:00,2025.10.15 19:40:00,SKIP,XAUUSD,M5,550,FLAT,NA,EVENING,0,0.00,0.00,0.00,0.00,1.00,0.00,0.00,0.00,0.00,0.00,0.00,0.00,0.00,0.00,0.00,0.00,0.00,0.00,4194.48,4194.25,4187.60,4193.88,4193.95,0.881,7.54,17.13,62.54,62.54,1.50,-0.37,1.88,4186.89,4206.22,1211,1089,85.7,0.0,5,1,CROSS=EMA9<EMA21;TREND=1;STRUCT=1;VOL=1;COOL=1;EMA50=1;VWAP=0;BIAS=1,0.00,0.00,22108.51,22108.51,outside the killzone window
1539,2025.10.15 20:15:00,2025.10.15 22:45:00,SKIP,XAUUSD,M5,550,FLAT,NA,EVENING,0,0.00,0.00,0.00,0.00,1.00,0.00,0.00,0.00,0.00,0.00,0.00,0.00,0.00,0.00,0.00,0.00,0.00,0.00,4195.47,4195.48,4190.96,4195.99,4195.74,0.807,5.60,14.15,38.34,38.34,-0.69,-0.37,-0.31,4188.91,4185.36,1317,974,0.0,85.7,11,1,CROSS=EMA9<EMA21;TREND=1;STRUCT=1;VOL=1;COOL=1;EMA50=1;VWAP=0;BIAS=1,0.00,0.00,22108.51,22108.51,outside the killzone window
1540,2025.10.15 21:15:00,2025.10.15 23:45:00,SKIP,XAUUSD,M5,550,FLAT,NA,EVENING,0,0.00,0.00,0.00,0.00,1.00,0.00,0.00,0.00,0.00,0.00,0.00,0.00,0.00,0.00,0.00,0.00,0.00,0.00,4195.24,4195.24,4191.43,4194.99,4195.11,0.662,5.75,38.49,57.34,57.34,1.20,-0.54,1.75,4189.20,4200.14,988,997,85.7,0.0,5,1,CROSS=EMA9<EMA21;TREND=1;STRUCT=1;VOL=1;COOL=1;EMA50=1;VWAP=0;BIAS=1,0.00,0.00,22108.51,22108.51,outside the killzone window
1541,2025.10.17 11:35:00,2025.10.17 14:05:00,SKIP,XAUUSD,M5,550,FLAT,NA,DAY,0,0.00,0.00,0.00,0.00,1.00,0.00,0.00,0.00,0.00,0.00,0.00,0.00,0.00,0.00,0.00,0.00,0.00,0.00,4348.52,4348.75,4335.46,4349.23,4349.10,1.142,11.63,25.62,42.78,42.78,-5.13,-5.88,0.74,4349.80,4334.65,1120,1287,14.3,71.4,7,1,CROSS=EMA9<EMA21;TREND=1;STRUCT=1;VOL=1;COOL=1;EMA50=1;VWAP=1;BIAS=1,0.00,0.00,22108.51,22108.51,already positioned that way
1542,2025.10.20 01:00:00,2025.10.20 03:30:00,WEEK_SUMMARY,XAUUSD,M5,550,FLAT,NA,DAY,0,0.00,0.00,0.00,0.00,1.00,0.00,0.00,0.00,0.00,0.00,0.00,0.00,0.00,0.00,0.00,0.00,-0.01,35.63,4234.63,4242.48,4264.19,4233.70,4242.22,-3.046,7.13,46.06,66.81,66.81,5.96,3.57,2.39,4302.72,4252.68,182,816,57.1,28.6,9,1,CROSS=EMA9<EMA21;TREND=1;STRUCT=1;VOL=1;COOL=1;EMA50=1;VWAP=1;BIAS=1,0.00,0.00,22108.51,22108.51,days=1 trades=3 W=1 L=2 gross_profit=215.59 gross_loss=179.96 net=35.63 PF=1.20 pips=-2777.0
1543,2025.10.20 04:45:00,2025.10.20 07:15:00,ENTRY,XAUUSD,M5,552,BUY,FULLTGT,DAY,0,4266.08,4246.56,4246.56,19.52,1.00,19.52,4285.60,4305.12,4324.64,4344.16,4363.68,0.05,0.05,0.05,4266.08,0.00,0.00,0.00,4246.27,4245.81,4257.06,4245.26,4245.30,-1.153,9.76,27.41,63.37,63.37,5.18,1.99,3.19,4246.50,4266.03,1079,1206,85.7,0.0,5,1,CROSS=EMA9>EMA21;TREND=1;STRUCT=1;VOL=1;COOL=1;EMA50=1;VWAP=1;BIAS=1,0.00,0.00,22108.33,22108.08,KZ=ASIA; KZR=NY H @ 4258.61 1003 bars ago (high taken); DAY 12AM-4PM IST session: stop x1.00 of usual; no partials; full size to TP5; SL steps BE->TP1->TP2->TP3
1544,2025.10.20 08:52:40,2025.10.20 11:22:40,EXIT_SL,XAUUSD,M5,552,BUY,FULLTGT,DAY,0,4266.08,4246.56,4246.56,19.52,1.00,19.52,4285.60,4305.12,4324.64,4344.16,4363.68,0.05,0.05,0.00,4246.56,0.00,-1.00,-97.96,4258.43,4255.89,4258.55,4258.98,4256.10,-0.520,5.10,40.78,36.71,36.71,-2.14,-0.09,-2.05,4252.94,4247.78,1172,704,14.3,85.7,8,1,CROSS=EMA9>EMA21;TREND=1;STRUCT=1;VOL=1;COOL=1;EMA50=1;VWAP=1;BIAS=1,0.26,-1.00,22010.55,22010.55,stopped at the initial SL (x1.00 of usual)
1545,2025.10.20 09:25:00,2025.10.20 11:55:00,ENTRY,XAUUSD,M5,554,SELL,FULLTGT,DAY,0,4236.87,4252.18,4252.18,15.31,1.00,15.31,4221.56,4206.26,4190.95,4175.65,4160.34,0.07,0.07,0.07,4236.87,0.00,0.00,0.00,4252.91,4253.31,4256.98,4253.73,4253.73,-0.479,7.65,50.69,35.51,35.51,-6.01,-4.19,-1.82,4251.84,4236.96,1103,920,0.0,100.0,7,1,CROSS=EMA9<EMA21;TREND=1;STRUCT=1;VOL=1;COOL=1;EMA50=1;VWAP=1;BIAS=1,0.00,0.00,22010.30,22009.81,KZ=LONDON; KZR=NY H @ 4258.61 1059 bars ago (high taken); DAY 12AM-4PM IST session: stop x1.00 of usual; no partials; full size to TP5; SL steps BE->TP1->TP2->TP3
1546,2025.10.20 10:12:30,2025.10.20 12:42:30,EXIT_SL,XAUUSD,M5,554,SELL,FULLTGT,DAY,0,4236.87,4252.18,4252.18,15.31,1.00,15.31,4221.56,4206.26,4190.95,4175.65,4160.34,0.07,0.07,0.00,4252.21,0.00,-1.00,-107.88,4247.17,4249.98,4254.82,4247.06,4250.00,-0.625,7.73,36.16,54.43,54.43,-4.31,-6.25,1.94,4250.23,4249.29,1131,1147,57.1,28.6,8,1,CROSS=EMA9<EMA21;TREND=1;STRUCT=1;VOL=1;COOL=1;EMA50=1;VWAP=1;BIAS=1,1.00,-1.00,21902.67,21902.67,stopped at the initial SL (x1.00 of usual)
1547,2025.10.20 11:20:00,2025.10.20 13:50:00,ENTRY,XAUUSD,M5,556,BUY,FULLTGT,DAY,0,4260.23,4250.97,4250.97,9.26,1.00,9.26,4269.49,4278.75,4288.01,4297.27,4306.53,0.11,0.11,0.11,4260.23,0.00,0.00,0.00,4252.20,4252.06,4255.15,4251.80,4251.85,-0.669,4.63,30.85,60.28,60.28,3.40,2.50,0.91,4250.92,4260.18,659,934,85.7,0.0,5,1,CROSS=EMA9>EMA21;TREND=1;STRUCT=1;VOL=1;COOL=1;EMA50=1;VWAP=1;BIAS=1,0.00,0.00,21902.28,21901.73,KZ=LONDON; KZR=NY H @ 4258.61 1082 bars ago (high taken); DAY 12AM-4PM IST session: stop x1.00 of usual; no partials; full size to TP5; SL steps BE->TP1->TP2->TP3
1548,2025.10.20 12:21:04,2025.10.20 14:51:04,EXIT_SL,XAUUSD,M5,556,BUY,FULLTGT,DAY,0,4260.23,4250.97,4250.97,9.26,1.00,9.26,4269.49,4278.75,4288.01,4297.27,4306.53,0.11,0.11,0.00,4250.95,0.00,-1.00,-102.86,4254.18,4253.29,4255.40,4254.24,4253.30,-0.528,4.00,16.54,46.96,46.96,0.70,2.13,-1.43,4251.38,4252.97,727,787,28.6,42.9,7,1,CROSS=EMA9>EMA21;TREND=1;STRUCT=1;VOL=1;COOL=1;EMA50=1;VWAP=1;BIAS=1,0.64,-0.99,21799.81,21799.81,stopped at the initial SL (x1.00 of usual)
1549,2025.10.21 01:00:00,2025.10.21 03:30:00,DAY_SUMMARY,XAUUSD,M5,556,FLAT,NA,DAY,0,0.00,0.00,0.00,0.00,1.00,0.00,0.00,0.00,0.00,0.00,0.00,0.00,0.00,0.00,0.00,0.00,-3.00,-308.70,4356.50,4345.36,4323.28,4356.51,4345.09,2.740,8.06,25.34,47.62,47.62,-0.92,0.03,-0.95,4289.48,4356.30,332,866,28.6,57.1,8,1,CROSS=EMA9>EMA21;TREND=1;STRUCT=1;VOL=1;COOL=1;EMA50=1;VWAP=1;BIAS=1,0.00,0.00,21799.81,21799.81,2025.10.20 trades=3 W=0 L=3 gross_profit=0.00 gross_loss=308.70 net=-308.70 PF=0.00
1550,2025.10.21 05:45:00,2025.10.21 08:15:00,ENTRY,XAUUSD,M5,558,SELL,FULLTGT,DAY,0,4339.86,4355.29,4355.29,15.43,1.00,15.43,4324.43,4309.01,4293.58,4278.15,4262.72,0.07,0.07,0.07,4339.86,0.00,0.00,0.00,4353.49,4353.67,4340.92,4354.19,4354.02,1.653,7.71,36.07,37.81,37.81,-4.53,-4.38,-0.15,4357.29,4339.89,1143,1133,14.3,85.7,5,1,CROSS=EMA9<EMA21;TREND=1;STRUCT=1;VOL=1;COOL=1;EMA50=1;VWAP=1;BIAS=1,0.00,0.00,21799.56,21799.21,KZ=ASIA; KZR=Asia H @ 4379.19 81 bars ago (high taken); DAY 12AM-4PM IST session: stop x1.00 of usual; no partials; full size to TP5; SL steps BE->TP1->TP2->TP3
1551,2025.10.21 08:33:59,2025.10.21 11:03:59,SL_MOVE,XAUUSD,M5,558,SELL,FULLTGT,DAY,0,4339.86,4355.29,4339.86,15.43,1.00,15.43,4324.43,4309.01,4293.58,4278.15,4262.72,0.07,0.00,0.07,4339.86,1.00,0.00,0.00,4342.93,4346.72,4341.18,4343.43,4347.06,1.410,3.93,50.66,35.64,35.64,-3.61,-2.51,-1.10,4352.26,4333.19,798,639,14.3,85.7,10,1,CROSS=EMA9<EMA21;TREND=1;STRUCT=1;VOL=1;COOL=1;EMA50=1;VWAP=1;BIAS=1,1.00,-0.72,21799.56,21907.57,stop to breakeven
1552,2025.10.21 08:33:59,2025.10.21 11:03:59,TP1_REACHED,XAUUSD,M5,558,SELL,FULLTGT,DAY,0,4339.86,4355.29,4339.86,15.43,1.00,15.43,4324.43,4309.01,4293.58,4278.15,4262.72,0.07,0.00,0.07,4324.43,1.00,1.00,0.00,4342.93,4346.72,4341.18,4343.43,4347.06,1.410,3.93,50.66,35.64,35.64,-3.61,-2.51,-1.10,4352.26,4333.19,798,639,14.3,85.7,10,1,CROSS=EMA9<EMA21;TREND=1;STRUCT=1;VOL=1;COOL=1;EMA50=1;VWAP=1;BIAS=1,1.00,-0.72,21799.56,21907.57,full target: no partial booked
1553,2025.10.21 09:48:30,2025.10.21 12:18:30,EXIT_BE,XAUUSD,M5,558,SELL,FULLTGT,DAY,0,4339.86,4355.29,4339.86,15.43,1.00,15.43,4324.43,4309.01,4293.58,4278.15,4262.72,0.07,0.07,0.00,4339.95,0.00,-0.01,-1.13,4334.18,4340.25,4338.57,4334.01,4340.32,0.281,6.01,26.19,58.55,58.55,-2.45,-4.41,1.97,4347.40,4337.56,1019,993,71.4,28.6,7,1,CROSS=EMA9<EMA21;TREND=1;STRUCT=1;VOL=1;COOL=1;EMA50=1;VWAP=1;BIAS=1,1.47,-0.72,21798.68,21798.68,stopped at breakeven
1554,2025.10.22 01:00:00,2025.10.22 03:30:00,DAY_SUMMARY,XAUUSD,M5,558,FLAT,NA,DAY,0,0.00,0.00,0.00,0.00,1.00,0.00,0.00,0.00,0.00,0.00,0.00,0.00,0.00,0.00,0.00,0.00,-0.01,-1.13,4119.90,4135.07,4175.90,4119.64,4135.33,-7.760,5.26,39.74,56.44,56.44,3.59,2.44,1.15,4233.77,4124.90,287,842,57.1,28.6,8,1,CROSS=EMA9<EMA21;TREND=1;STRUCT=1;VOL=1;COOL=1;EMA50=1;VWAP=1;BIAS=1,0.00,0.00,21798.68,21798.68,2025.10.21 trades=1 W=0 L=1 gross_profit=0.00 gross_loss=1.13 net=-1.13 PF=0.00
1555,2025.10.22 07:00:00,2025.10.22 09:30:00,SKIP,XAUUSD,M5,558,FLAT,NA,DAY,0,0.00,0.00,0.00,0.00,1.00,0.00,0.00,0.00,0.00,0.00,0.00,0.00,0.00,0.00,0.00,0.00,0.00,0.00,4113.27,4113.22,4135.22,4112.46,4112.82,-3.227,6.82,39.78,60.49,60.49,8.30,6.36,1.95,4098.14,4128.87,700,777,85.7,0.0,5,1,CROSS=EMA9<EMA21;TREND=1;STRUCT=1;VOL=1;COOL=1;EMA50=1;VWAP=1;BIAS=1,0.00,0.00,21798.68,21798.68,outside the killzone window
1556,2025.10.22 11:40:00,2025.10.22 14:10:00,SKIP,XAUUSD,M5,558,FLAT,NA,DAY,0,0.00,0.00,0.00,0.00,1.00,0.00,0.00,0.00,0.00,0.00,0.00,0.00,0.00,0.00,0.00,0.00,0.00,0.00,4125.69,4125.98,4133.40,4126.87,4126.57,-0.533,13.91,39.09,38.37,38.37,-10.69,-7.62,-3.08,4113.11,4102.82,1314,1283,0.0,100.0,7,1,CROSS=EMA9<EMA21;TREND=1;STRUCT=1;VOL=1;COOL=1;EMA50=1;VWAP=1;BIAS=1,0.00,0.00,21798.68,21798.68,already positioned that way
1557,2025.10.22 21:30:00,2025.10.23 00:00:00,SKIP,XAUUSD,M5,558,FLAT,NA,DAY,0,0.00,0.00,0.00,0.00,1.00,0.00,0.00,0.00,0.00,0.00,0.00,0.00,0.00,0.00,0.00,0.00,0.00,0.00,4056.79,4056.66,4070.64,4055.91,4056.23,-1.840,7.60,48.46,62.07,62.07,7.83,6.44,1.38,4079.18,4073.85,831,1158,71.4,14.3,5,1,CROSS=EMA9<EMA21;TREND=1;STRUCT=1;VOL=1;COOL=1;EMA50=1;VWAP=1;BIAS=1,0.00,0.00,21798.68,21798.68,outside the killzone window
1558,2025.10.23 05:35:00,2025.10.23 08:05:00,SKIP,XAUUSD,M5,558,FLAT,NA,DAY,0,0.00,0.00,0.00,0.00,1.00,0.00,0.00,0.00,0.00,0.00,0.00,0.00,0.00,0.00,0.00,0.00,0.00,0.00,4082.86,4082.88,4082.25,4082.92,4082.91,0.107,5.89,28.15,50.31,50.31,-1.83,-2.33,0.51,4086.11,4081.58,1118,1017,57.1,42.9,5,1,CROSS=EMA9<EMA21;TREND=1;STRUCT=1;VOL=1;COOL=1;EMA50=1;VWAP=1;BIAS=1,0.00,0.00,21798.68,21798.68,already positioned that way
1559,2025.10.23 06:15:00,2025.10.23 08:45:00,ENTRY,XAUUSD,M5,560,BUY,FULLTGT,DAY,0,4088.78,4079.13,4079.13,9.65,1.00,9.65,4098.43,4108.09,4117.74,4127.40,4137.05,0.11,0.11,0.11,4088.78,0.00,0.00,0.00,4082.99,4082.92,4082.33,4082.70,4082.78,0.124,4.83,16.98,59.51,59.51,0.50,-0.83,1.34,4085.68,4088.64,661,872,71.4,0.0,9,1,CROSS=EMA9>EMA21;TREND=1;STRUCT=1;VOL=1;COOL=1;EMA50=1;VWAP=1;BIAS=1,0.00,0.00,21798.29,21797.30,KZ=ASIA; KZR=NY L @ 4015.21 148 bars ago (low taken); DAY 12AM-4PM IST session: stop x1.00 of usual; no partials; full size to TP5; SL steps BE->TP1->TP2->TP3
1560,2025.10.23 06:23:28,2025.10.23 08:53:28,SL_MOVE,XAUUSD,M5,560,BUY,FULLTGT,DAY,0,4088.78,4079.13,4088.78,9.65,1.00,9.65,4098.43,4108.09,4117.74,4127.40,4137.05,0.11,0.00,0.11,4088.78,1.00,0.00,0.00,4083.63,4083.25,4082.50,4082.99,4082.92,0.144,5.21,20.86,66.87,66.87,1.53,-0.46,1.99,4085.83,4096.09,1044,873,85.7,0.0,5,1,CROSS=EMA9>EMA21;TREND=1;STRUCT=1;VOL=1;COOL=1;EMA50=1;VWAP=1;BIAS=1,1.00,-0.01,21798.29,21904.99,stop to breakeven
1561,2025.10.23 06:23:28,2025.10.23 08:53:28,TP1_REACHED,XAUUSD,M5,560,BUY,FULLTGT,DAY,0,4088.78,4079.13,4088.78,9.65,1.00,9.65,4098.43,4108.09,4117.74,4127.40,4137.05,0.11,0.00,0.11,4098.43,1.00,1.00,0.00,4083.63,4083.25,4082.50,4082.99,4082.92,0.144,5.21,20.86,66.87,66.87,1.53,-0.46,1.99,4085.83,4096.09,1044,873,85.7,0.0,5,1,CROSS=EMA9>EMA21;TREND=1;STRUCT=1;VOL=1;COOL=1;EMA50=1;VWAP=1;BIAS=1,1.00,-0.01,21798.29,21904.99,full target: no partial booked
1562,2025.10.23 07:08:52,2025.10.23 09:38:52,EXIT_BE,XAUUSD,M5,560,BUY,FULLTGT,DAY,0,4088.78,4079.13,4088.78,9.65,1.00,9.65,4098.43,4108.09,4117.74,4127.40,4137.05,0.11,0.11,0.00,4088.76,0.00,-0.00,-1.00,4086.94,4085.20,4083.61,4086.76,4085.06,0.357,4.44,19.28,54.14,54.14,2.61,2.99,-0.38,4086.59,4090.49,461,751,57.1,14.3,12,1,CROSS=EMA9>EMA21;TREND=1;STRUCT=1;VOL=1;COOL=1;EMA50=1;VWAP=1;BIAS=1,1.24,-0.01,21797.68,21797.68,stopped at breakeven
1563,2025.10.23 23:00:00,2025.10.24 01:30:00,SKIP,XAUUSD,M5,560,FLAT,NA,DAY,0,0.00,0.00,0.00,0.00,1.00,0.00,0.00,0.00,0.00,0.00,0.00,0.00,0.00,0.00,0.00,0.00,0.00,0.00,4132.04,4132.35,4125.68,4132.74,4132.71,1.507,4.43,57.92,28.79,28.79,-4.89,-2.92,-1.96,4114.61,4118.28,924,711,14.3,85.7,5,1,CROSS=EMA9>EMA21;TREND=1;STRUCT=1;VOL=1;COOL=1;EMA50=1;VWAP=1;BIAS=1,0.00,0.00,21797.68,21797.68,outside the killzone window
1564,2025.10.24 01:00:00,2025.10.24 03:30:00,DAY_SUMMARY,XAUUSD,M5,560,FLAT,NA,DAY,0,0.00,0.00,0.00,0.00,1.00,0.00,0.00,0.00,0.00,0.00,0.00,0.00,0.00,0.00,0.00,0.00,-0.00,-1.00,4124.84,4128.06,4124.29,4124.78,4128.12,0.830,4.55,47.80,56.47,56.47,-3.19,-5.49,2.30,4114.61,4125.98,346,660,71.4,14.3,8,1,CROSS=EMA9>EMA21;TREND=1;STRUCT=1;VOL=1;COOL=1;EMA50=1;VWAP=1;BIAS=1,0.00,0.00,21797.68,21797.68,2025.10.23 trades=1 W=0 L=1 gross_profit=0.00 gross_loss=1.00 net=-1.00 PF=0.00
1565,2025.10.24 04:15:00,2025.10.24 06:45:00,SKIP,XAUUSD,M5,560,FLAT,NA,DAY,0,0.00,0.00,0.00,0.00,1.00,0.00,0.00,0.00,0.00,0.00,0.00,0.00,0.00,0.00,0.00,0.00,0.00,0.00,4126.02,4125.84,4124.06,4125.14,4125.40,0.352,5.08,45.10,73.88,73.88,4.84,3.34,1.50,4124.94,4143.17,861,631,100.0,0.0,5,1,CROSS=EMA9>EMA21;TREND=1;STRUCT=1;VOL=1;COOL=1;EMA50=1;VWAP=1;BIAS=1,0.00,0.00,21797.68,21797.68,already positioned that way
1566,2025.10.24 05:10:00,2025.10.24 07:40:00,ENTRY,XAUUSD,M5,562,SELL,FULLTGT,DAY,0,4115.65,4129.45,4129.45,13.80,1.00,13.80,4101.85,4088.05,4074.25,4060.44,4046.64,0.07,0.07,0.07,4115.65,0.00,0.00,0.00,4125.64,4125.82,4124.32,4126.15,4126.08,0.218,6.90,42.18,36.10,36.10,-1.82,1.52,-3.34,4125.33,4115.59,828,796,0.0,100.0,5,1,CROSS=EMA9<EMA21;TREND=1;STRUCT=1;VOL=1;COOL=1;EMA50=1;VWAP=1;BIAS=1,0.00,0.00,21797.43,21797.08,KZ=ASIA; KZR=NY L @ 4015.21 423 bars ago (low taken); DAY 12AM-4PM IST session: stop x1.00 of usual; no partials; full size to TP5; SL steps BE->TP1->TP2->TP3
1567,2025.10.24 09:02:23,2025.10.24 11:32:23,SL_MOVE,XAUUSD,M5,562,SELL,FULLTGT,DAY,0,4115.65,4129.45,4115.65,13.80,1.00,13.80,4101.85,4088.05,4074.25,4060.44,4046.64,0.07,0.00,0.07,4115.65,1.00,0.00,0.00,4113.48,4116.79,4119.30,4113.93,4117.10,-0.578,4.34,24.28,39.94,39.94,-1.58,-1.04,-0.54,4119.09,4104.63,749,592,0.0,85.7,7,1,CROSS=EMA9<EMA21;TREND=1;STRUCT=1;VOL=1;COOL=1;EMA50=1;VWAP=1;BIAS=1,1.00,-0.57,21797.43,21894.17,stop to breakeven
1568,2025.10.24 09:02:23,2025.10.24 11:32:23,TP1_REACHED,XAUUSD,M5,562,SELL,FULLTGT,DAY,0,4115.65,4129.45,4115.65,13.80,1.00,13.80,4101.85,4088.05,4074.25,4060.44,4046.64,0.07,0.00,0.07,4101.85,1.00,1.00,0.00,4113.48,4116.79,4119.30,4113.93,4117.10,-0.578,4.34,24.28,39.94,39.94,-1.58,-1.04,-0.54,4119.09,4104.63,749,592,0.0,85.7,7,1,CROSS=EMA9<EMA21;TREND=1;STRUCT=1;VOL=1;COOL=1;EMA50=1;VWAP=1;BIAS=1,1.00,-0.57,21797.43,21894.17,full target: no partial booked
1569,2025.10.24 09:07:30,2025.10.24 11:37:30,SL_MOVE,XAUUSD,M5,562,SELL,FULLTGT,DAY,0,4115.65,4129.45,4101.85,13.80,1.00,13.80,4101.85,4088.05,4074.25,4060.44,4046.64,0.07,0.00,0.07,4101.85,2.00,0.00,0.00,4112.59,4116.26,4119.00,4113.48,4116.79,-0.544,5.03,26.90,31.97,31.97,-2.67,-1.28,-1.39,4118.72,4095.32,1031,604,0.0,100.0,10,1,CROSS=EMA9<EMA21;TREND=1;STRUCT=1;VOL=1;COOL=1;EMA50=1;VWAP=1;BIAS=1,2.00,-0.57,21797.43,21990.84,stop trailed to TP1
1570,2025.10.24 09:07:30,2025.10.24 11:37:30,TP2_REACHED,XAUUSD,M5,562,SELL,FULLTGT,DAY,0,4115.65,4129.45,4101.85,13.80,1.00,13.80,4101.85,4088.05,4074.25,4060.44,4046.64,0.07,0.00,0.07,4088.05,2.00,2.00,0.00,4112.59,4116.26,4119.00,4113.48,4116.79,-0.544,5.03,26.90,31.97,31.97,-2.67,-1.28,-1.39,4118.72,4095.32,1031,604,0.0,100.0,10,1,CROSS=EMA9<EMA21;TREND=1;STRUCT=1;VOL=1;COOL=1;EMA50=1;VWAP=1;BIAS=1,2.00,-0.57,21797.43,21990.84,full target: no partial booked
1571,2025.10.24 10:52:41,2025.10.24 13:22:41,SL_MOVE,XAUUSD,M5,562,SELL,FULLTGT,DAY,0,4115.65,4129.45,4088.05,13.80,1.00,13.80,4101.85,4088.05,4074.25,4060.44,4046.64,0.07,0.00,0.07,4088.05,3.00,0.00,0.00,4098.03,4105.65,4112.37,4098.75,4106.20,-1.365,4.93,27.09,32.52,32.52,-4.36,-4.14,-0.22,4111.74,4084.03,851,867,0.0,85.7,12,1,CROSS=EMA9<EMA21;TREND=1;STRUCT=1;VOL=1;COOL=1;EMA50=1;VWAP=1;BIAS=1,3.00,-0.57,21797.43,22087.58,stop trailed to TP2
1572,2025.10.24 10:52:41,2025.10.24 13:22:41,TP3_REACHED,XAUUSD,M5,562,SELL,FULLTGT,DAY,0,4115.65,4129.45,4088.05,13.80,1.00,13.80,4101.85,4088.05,4074.25,4060.44,4046.64,0.07,0.00,0.07,4074.25,3.00,3.00,0.00,4098.03,4105.65,4112.37,4098.75,4106.20,-1.365,4.93,27.09,32.52,32.52,-4.36,-4.14,-0.22,4111.74,4084.03,851,867,0.0,85.7,12,1,CROSS=EMA9<EMA21;TREND=1;STRUCT=1;VOL=1;COOL=1;EMA50=1;VWAP=1;BIAS=1,3.00,-0.57,21797.43,22087.58,full target: no partial booked
1573,2025.10.24 11:10:28,2025.10.24 13:40:28,SL_MOVE,XAUUSD,M5,562,SELL,FULLTGT,DAY,0,4115.65,4129.45,4074.25,13.80,1.00,13.80,4101.85,4088.05,4074.25,4060.44,4046.64,0.07,0.00,0.07,4074.25,4.00,0.00,0.00,4092.80,4102.19,4110.28,4094.21,4103.13,-1.229,6.58,43.43,22.11,22.11,-7.97,-5.25,-2.72,4109.24,4065.24,1355,894,0.0,100.0,2,1,CROSS=EMA9<EMA21;TREND=1;STRUCT=1;VOL=1;COOL=1;EMA50=1;VWAP=1;BIAS=1,3.99,-0.57,21797.43,22184.11,stop trailed to TP3
1574,2025.10.24 11:10:28,2025.10.24 13:40:28,TP4_REACHED,XAUUSD,M5,562,SELL,FULLTGT,DAY,0,4115.65,4129.45,4074.25,13.80,1.00,13.80,4101.85,4088.05,4074.25,4060.44,4046.64,0.07,0.00,0.07,4060.44,4.00,4.00,0.00,4092.80,4102.19,4110.28,4094.21,4103.13,-1.229,6.58,43.43,22.11,22.11,-7.97,-5.25,-2.72,4109.24,4065.24,1355,894,0.0,100.0,2,1,CROSS=EMA9<EMA21;TREND=1;STRUCT=1;VOL=1;COOL=1;EMA50=1;VWAP=1;BIAS=1,3.99,-0.57,21797.43,22184.11,full target: no partial booked
1575,2025.10.24 14:03:31,2025.10.24 16:33:31,TP5_EXIT,XAUUSD,M5,562,SELL,FULLTGT,EVENING,0,4115.65,4129.45,4074.25,13.80,1.00,13.80,4101.85,4088.05,4074.25,4060.44,4046.64,0.07,0.07,0.00,4046.57,5.00,5.00,0.00,4068.04,4079.61,4093.84,4068.72,4080.24,-2.502,5.69,43.73,36.51,36.51,-3.74,-3.01,-0.73,4097.30,4054.74,727,726,0.0,100.0,8,1,CROSS=EMA9<EMA21;TREND=1;STRUCT=1;VOL=1;COOL=1;EMA50=1;VWAP=1;BIAS=1,5.00,-0.57,22280.74,22280.74,full target reached; closed in full
1576,2025.10.24 14:03:31,2025.10.24 16:33:31,EXIT_TP,XAUUSD,M5,562,SELL,FULLTGT,EVENING,0,4115.65,4129.45,4074.25,13.80,1.00,13.80,4101.85,4088.05,4074.25,4060.44,4046.64,0.07,0.07,0.00,4046.57,0.00,5.01,483.06,4068.04,4079.61,4093.84,4068.72,4080.24,-2.502,5.69,43.73,36.51,36.51,-3.74,-3.01,-0.73,4097.30,4054.74,727,726,0.0,100.0,8,1,CROSS=EMA9<EMA21;TREND=1;STRUCT=1;VOL=1;COOL=1;EMA50=1;VWAP=1;BIAS=1,5.00,-0.57,22280.74,22280.74,TP5 exit
1577,2025.10.24 16:30:00,2025.10.24 19:00:00,ENTRY,XAUUSD,M5,564,BUY,FULLTGT,EVENING,0,4114.18,4091.32,4091.32,22.86,1.00,22.86,4137.04,4159.90,4182.76,4205.61,4228.47,0.04,0.04,0.04,4114.18,0.00,0.00,0.00,4079.32,4078.97,4088.37,4077.53,4078.08,-0.822,11.43,46.82,71.90,71.90,13.46,8.56,4.90,4092.77,4114.13,1152,1212,85.7,0.0,7,1,CROSS=EMA9>EMA21;TREND=1;STRUCT=1;VOL=1;COOL=1;EMA50=1;VWAP=1;BIAS=1,0.00,0.00,22280.60,22280.32,KZ=NY; KZR=London L @ 4047.47 29 bars ago (low taken); EVENING 4PM-12AM IST session: stop x1.00 of usual; no partials; full size to TP5; SL steps BE->TP1->TP2->TP3
1578,2025.10.24 19:28:28,2025.10.24 21:58:28,SL_MOVE,XAUUSD,M5,564,BUY,FULLTGT,EVENING,0,4114.18,4091.32,4114.18,22.86,1.00,22.86,4137.04,4159.90,4182.76,4205.61,4228.47,0.04,0.00,0.04,4114.18,1.00,0.00,0.00,4117.54,4105.33,4100.79,4116.66,4104.59,0.769,5.91,19.73,65.45,65.45,5.65,5.78,-0.13,4099.32,4134.77,909,1068,57.1,14.3,4,1,CROSS=EMA9>EMA21;TREND=1;STRUCT=1;VOL=1;COOL=1;EMA50=1;VWAP=1;BIAS=1,1.00,-0.71,22280.60,22372.12,stop to breakeven
1579,2025.10.24 19:28:28,2025.10.24 21:58:28,TP1_REACHED,XAUUSD,M5,564,BUY,FULLTGT,EVENING,0,4114.18,4091.32,4114.18,22.86,1.00,22.86,4137.04,4159.90,4182.76,4205.61,4228.47,0.04,0.00,0.04,4137.04,1.00,1.00,0.00,4117.54,4105.33,4100.79,4116.66,4104.59,0.769,5.91,19.73,65.45,65.45,5.65,5.78,-0.13,4099.32,4134.77,909,1068,57.1,14.3,4,1,CROSS=EMA9>EMA21;TREND=1;STRUCT=1;VOL=1;COOL=1;EMA50=1;VWAP=1;BIAS=1,1.00,-0.71,22280.60,22372.12,full target: no partial booked
1580,2025.10.24 20:42:36,2025.10.24 23:12:36,EXIT_BE,XAUUSD,M5,564,BUY,FULLTGT,EVENING,0,4114.18,4091.32,4114.18,22.86,1.00,22.86,4137.04,4159.90,4182.76,4205.61,4228.47,0.04,0.04,0.00,4114.17,0.00,-0.00,-0.32,4122.21,4112.07,4105.29,4122.40,4111.91,1.355,5.01,29.84,38.41,38.41,-0.65,1.62,-2.27,4101.12,4118.48,820,879,28.6,57.1,7,1,CROSS=EMA9>EMA21;TREND=1;STRUCT=1;VOL=1;COOL=1;EMA50=1;VWAP=1;BIAS=1,1.07,-0.71,22280.42,22280.42,stopped at breakeven
1581,2025.10.24 23:40:00,2025.10.25 02:10:00,SKIP,XAUUSD,M5,564,FLAT,NA,DAY,0,0.00,0.00,0.00,0.00,1.00,0.00,0.00,0.00,0.00,0.00,0.00,0.00,0.00,0.00,0.00,0.00,0.00,0.00,4109.29,4109.35,4106.22,4109.41,4109.41,0.824,3.81,39.46,49.12,49.12,-3.15,-3.37,0.22,4102.00,4106.90,345,611,28.6,57.1,40,1,CROSS=EMA9>EMA21;TREND=1;STRUCT=1;VOL=1;COOL=1;EMA50=1;VWAP=1;BIAS=1,0.00,0.00,22280.42,22280.42,outside the killzone window
1582,2025.10.24 23:55:00,2025.10.25 02:25:00,SKIP,XAUUSD,M5,564,FLAT,NA,DAY,0,0.00,0.00,0.00,0.00,1.00,0.00,0.00,0.00,0.00,0.00,0.00,0.00,0.00,0.00,0.00,0.00,0.00,0.00,4109.54,4109.48,4106.39,4109.37,4109.39,0.796,3.87,35.21,59.59,59.59,-1.10,-3.01,1.91,4102.03,4112.87,91,532,85.7,0.0,40,1,CROSS=EMA9>EMA21;TREND=1;STRUCT=1;VOL=1;COOL=1;EMA50=1;VWAP=1;BIAS=1,0.00,0.00,22280.42,22280.42,weekend cutoff
1583,2025.10.27 01:00:00,2025.10.27 03:30:00,DAY_SUMMARY,XAUUSD,M5,564,FLAT,NA,DAY,0,0.00,0.00,0.00,0.00,1.00,0.00,0.00,0.00,0.00,0.00,0.00,0.00,0.00,0.00,0.00,0.00,5.00,482.74,4109.68,4109.54,4106.47,4109.54,4109.48,0.860,3.58,34.08,58.17,58.17,-0.59,-2.69,2.10,4102.03,4112.26,53,508,85.7,0.0,8,1,CROSS=EMA9>EMA21;TREND=1;STRUCT=1;VOL=1;COOL=1;EMA50=1;VWAP=1;BIAS=1,0.00,0.00,22280.42,22280.42,2025.10.24 trades=2 W=1 L=1 gross_profit=483.06 gross_loss=0.32 net=482.74 PF=1509.56
1584,2025.10.27 01:00:00,2025.10.27 03:30:00,WEEK_SUMMARY,XAUUSD,M5,564,FLAT,NA,DAY,0,0.00,0.00,0.00,0.00,1.00,0.00,0.00,0.00,0.00,0.00,0.00,0.00,0.00,0.00,0.00,0.00,1.99,171.91,4109.68,4109.54,4106.47,4109.54,4109.48,0.860,3.58,34.08,58.17,58.17,-0.59,-2.69,2.10,4102.03,4112.26,53,508,85.7,0.0,8,1,CROSS=EMA9>EMA21;TREND=1;STRUCT=1;VOL=1;COOL=1;EMA50=1;VWAP=1;BIAS=1,0.00,0.00,22280.42,22280.42,days=4 trades=7 W=1 L=6 gross_profit=483.06 gross_loss=311.15 net=171.91 PF=1.55 pips=2482.0
1585,2025.10.27 01:05:00,2025.10.27 03:35:00,SKIP,XAUUSD,M5,564,FLAT,NA,DAY,0,0.00,0.00,0.00,0.00,1.00,0.00,0.00,0.00,0.00,0.00,0.00,0.00,0.00,0.00,0.00,0.00,0.00,0.00,4108.36,4108.88,4106.17,4109.68,4109.54,0.400,6.78,29.65,25.87,25.87,-2.54,-2.56,0.02,4079.32,4082.70,1343,543,42.9,57.1,7,1,CROSS=EMA9<EMA21;TREND=1;STRUCT=1;VOL=1;COOL=1;EMA50=1;VWAP=0;BIAS=1,0.00,0.00,22280.42,22280.42,quality filter
1586,2025.10.28 04:25:00,2025.10.28 06:55:00,SKIP,XAUUSD,M5,564,FLAT,NA,DAY,0,0.00,0.00,0.00,0.00,1.00,0.00,0.00,0.00,0.00,0.00,0.00,0.00,0.00,0.00,0.00,0.00,0.00,0.00,3999.17,3998.88,4008.52,3998.37,3998.48,-1.311,7.35,37.70,65.26,65.26,6.08,3.39,2.69,3997.49,4014.88,1044,859,100.0,0.0,5,1,CROSS=EMA9>EMA21;TREND=1;STRUCT=1;VOL=1;COOL=1;EMA50=1;VWAP=1;BIAS=1,0.00,0.00,22280.42,22280.42,already positioned that way
1587,2025.10.28 06:00:00,2025.10.28 08:30:00,ENTRY,XAUUSD,M5,566,SELL,FULLTGT,DAY,0,3983.82,3995.46,3995.46,11.64,1.00,11.64,3972.18,3960.55,3948.91,3937.27,3925.63,0.09,0.09,0.09,3983.82,0.00,0.00,0.00,3999.64,3999.74,4007.09,4000.45,4000.14,-1.263,5.82,56.69,31.42,31.42,-4.16,-0.69,-3.47,3999.37,3983.96,870,907,0.0,85.7,5,1,CROSS=EMA9<EMA21;TREND=1;STRUCT=1;VOL=1;COOL=1;EMA50=1;VWAP=1;BIAS=1,0.00,0.00,22280.10,22279.65,KZ=ASIA; KZR=Asia L @ 4004.69 154 bars ago (low taken); DAY 12AM-4PM IST session: stop x1.00 of usual; no partials; full size to TP5; SL steps BE->TP1->TP2->TP3
1588,2025.10.28 07:24:42,2025.10.28 09:54:42,SL_MOVE,XAUUSD,M5,566,SELL,FULLTGT,DAY,0,3983.82,3995.46,3983.82,11.64,1.00,11.64,3972.18,3960.55,3948.91,3937.27,3925.63,0.09,0.00,0.09,3983.82,1.00,0.00,0.00,3993.70,3996.15,4003.79,3994.16,3996.45,-1.847,4.13,23.61,36.78,36.78,-2.85,-3.13,0.28,3997.40,3984.67,756,700,14.3,71.4,12,1,CROSS=EMA9<EMA21;TREND=1;STRUCT=1;VOL=1;COOL=1;EMA50=1;VWAP=1;BIAS=1,1.00,-0.91,22280.10,22385.22,stop to breakeven
1589,2025.10.28 07:24:42,2025.10.28 09:54:42,TP1_REACHED,XAUUSD,M5,566,SELL,FULLTGT,DAY,0,3983.82,3995.46,3983.82,11.64,1.00,11.64,3972.18,3960.55,3948.91,3937.27,3925.63,0.09,0.00,0.09,3972.18,1.00,1.00,0.00,3993.70,3996.15,4003.79,3994.16,3996.45,-1.847,4.13,23.61,36.78,36.78,-2.85,-3.13,0.28,3997.40,3984.67,756,700,14.3,71.4,12,1,CROSS=EMA9<EMA21;TREND=1;STRUCT=1;VOL=1;COOL=1;EMA50=1;VWAP=1;BIAS=1,1.00,-0.91,22280.10,22385.22,full target: no partial booked
1590,2025.10.28 08:35:42,2025.10.28 11:05:42,SL_MOVE,XAUUSD,M5,566,SELL,FULLTGT,DAY,0,3983.82,3995.46,3972.18,11.64,1.00,11.64,3972.18,3960.55,3948.91,3937.27,3925.63,0.09,0.00,0.09,3972.18,2.00,0.00,0.00,3982.67,3988.87,3998.50,3983.58,3989.48,-1.360,7.08,27.44,32.64,32.64,-5.04,-5.35,0.31,3992.68,3964.84,1339,810,14.3,85.7,12,1,CROSS=EMA9<EMA21;TREND=1;STRUCT=1;VOL=1;COOL=1;EMA50=1;VWAP=1;BIAS=1,1.99,-0.91,22280.10,22489.71,stop trailed to TP1
1591,2025.10.28 08:35:42,2025.10.28 11:05:42,TP2_REACHED,XAUUSD,M5,566,SELL,FULLTGT,DAY,0,3983.82,3995.46,3972.18,11.64,1.00,11.64,3972.18,3960.55,3948.91,3937.27,3925.63,0.09,0.00,0.09,3960.55,2.00,2.00,0.00,3982.67,3988.87,3998.50,3983.58,3989.48,-1.360,7.08,27.44,32.64,32.64,-5.04,-5.35,0.31,3992.68,3964.84,1339,810,14.3,85.7,12,1,CROSS=EMA9<EMA21;TREND=1;STRUCT=1;VOL=1;COOL=1;EMA50=1;VWAP=1;BIAS=1,1.99,-0.91,22280.10,22489.71,full target: no partial booked
1592,2025.10.28 09:39:28,2025.10.28 12:09:28,SL_MOVE,XAUUSD,M5,566,SELL,FULLTGT,DAY,0,3983.82,3995.46,3960.55,11.64,1.00,11.64,3972.18,3960.55,3948.91,3937.27,3925.63,0.09,0.00,0.09,3960.55,3.00,0.00,0.00,3971.98,3981.20,3993.06,3972.83,3981.85,-1.882,6.30,35.43,35.97,35.97,-6.74,-6.36,-0.38,3988.02,3955.51,890,899,0.0,85.7,8,1,CROSS=EMA9<EMA21;TREND=1;STRUCT=1;VOL=1;COOL=1;EMA50=1;VWAP=1;BIAS=1,3.00,-0.91,22280.10,22594.38,stop trailed to TP2
1593,2025.10.28 09:39:28,2025.10.28 12:09:28,TP3_REACHED,XAUUSD,M5,566,SELL,FULLTGT,DAY,0,3983.82,3995.46,3960.55,11.64,1.00,11.64,3972.18,3960.55,3948.91,3937.27,3925.63,0.09,0.00,0.09,3948.91,3.00,3.00,0.00,3971.98,3981.20,3993.06,3972.83,3981.85,-1.882,6.30,35.43,35.97,35.97,-6.74,-6.36,-0.38,3988.02,3955.51,890,899,0.0,85.7,8,1,CROSS=EMA9<EMA21;TREND=1;STRUCT=1;VOL=1;COOL=1;EMA50=1;VWAP=1;BIAS=1,3.00,-0.91,22280.10,22594.38,full target: no partial booked
1594,2025.10.28 10:01:42,2025.10.28 12:31:42,SL_MOVE,XAUUSD,M5,566,SELL,FULLTGT,DAY,0,3983.82,3995.46,3948.91,11.64,1.00,11.64,3972.18,3960.55,3948.91,3937.27,3925.63,0.09,0.00,0.09,3948.91,4.00,0.00,0.00,3965.92,3976.90,3990.12,3967.12,3977.77,-2.129,6.21,56.44,29.39,29.39,-8.52,-7.41,-1.11,3985.25,3942.53,1051,969,0.0,100.0,5,1,CROSS=EMA9<EMA21;TREND=1;STRUCT=1;VOL=1;COOL=1;EMA50=1;VWAP=1;BIAS=1,3.99,-0.91,22280.10,22699.05,stop trailed to TP3
1595,2025.10.28 10:01:42,2025.10.28 12:31:42,TP4_REACHED,XAUUSD,M5,566,SELL,FULLTGT,DAY,0,3983.82,3995.46,3948.91,11.64,1.00,11.64,3972.18,3960.55,3948.91,3937.27,3925.63,0.09,0.00,0.09,3937.27,4.00,4.00,0.00,3965.92,3976.90,3990.12,3967.12,3977.77,-2.129,6.21,56.44,29.39,29.39,-8.52,-7.41,-1.11,3985.25,3942.53,1051,969,0.0,100.0,5,1,CROSS=EMA9<EMA21;TREND=1;STRUCT=1;VOL=1;COOL=1;EMA50=1;VWAP=1;BIAS=1,3.99,-0.91,22280.10,22699.05,full target: no partial booked
1596,2025.10.28 10:32:27,2025.10.28 13:02:27,TP5_EXIT,XAUUSD,M5,566,SELL,FULLTGT,DAY,0,3983.82,3995.46,3948.91,11.64,1.00,11.64,3972.18,3960.55,3948.91,3937.27,3925.63,0.09,0.09,0.00,3925.58,5.00,5.00,0.00,3958.95,3971.65,3986.45,3960.35,3972.67,-2.219,6.67,51.19,25.45,25.45,-9.07,-8.40,-0.67,3982.13,3931.51,993,988,0.0,100.0,5,1,CROSS=EMA9<EMA21;TREND=1;STRUCT=1;VOL=1;COOL=1;EMA50=1;VWAP=1;BIAS=1,5.00,-0.91,22803.94,22803.94,full target reached; closed in full
1597,2025.10.28 10:32:27,2025.10.28 13:02:27,EXIT_TP,XAUUSD,M5,566,SELL,FULLTGT,DAY,0,3983.82,3995.46,3948.91,11.64,1.00,11.64,3972.18,3960.55,3948.91,3937.27,3925.63,0.09,0.09,0.00,3925.58,0.00,5.00,523.52,3958.95,3971.65,3986.45,3960.35,3972.67,-2.219,6.67,51.19,25.45,25.45,-9.07,-8.40,-0.67,3982.13,3931.51,993,988,0.0,100.0,5,1,CROSS=EMA9<EMA21;TREND=1;STRUCT=1;VOL=1;COOL=1;EMA50=1;VWAP=1;BIAS=1,5.00,-0.91,22803.94,22803.94,TP5 exit
1598,2025.10.28 17:45:00,2025.10.28 20:15:00,SKIP,XAUUSD,M5,566,FLAT,NA,EVENING,0,0.00,0.00,0.00,0.00,1.00,0.00,0.00,0.00,0.00,0.00,0.00,0.00,0.00,0.00,0.00,0.00,0.00,0.00,3931.15,3930.98,3944.37,3930.39,3930.60,-1.951,6.86,28.93,63.46,63.46,6.33,5.42,0.91,3950.80,3946.04,1161,1325,71.4,14.3,5,1,CROSS=EMA9<EMA21;TREND=1;STRUCT=1;VOL=1;COOL=1;EMA50=1;VWAP=1;BIAS=1,0.00,0.00,22803.94,22803.94,outside the killzone window
1599,2025.10.29 01:00:00,2025.10.29 03:30:00,DAY_SUMMARY,XAUUSD,M5,566,FLAT,NA,DAY,0,0.00,0.00,0.00,0.00,1.00,0.00,0.00,0.00,0.00,0.00,0.00,0.00,0.00,0.00,0.00,0.00,5.00,523.52,3955.18,3952.87,3952.31,3955.31,3952.87,0.140,3.98,13.69,45.29,45.29,-1.17,-0.89,-0.28,3952.71,3952.66,208,516,14.3,57.1,9,1,CROSS=EMA9<EMA21;TREND=1;STRUCT=1;VOL=1;COOL=1;EMA50=1;VWAP=1;BIAS=1,0.00,0.00,22803.94,22803.94,2025.10.28 trades=1 W=1 L=0 gross_profit=523.52 gross_loss=0.00 net=523.52 PF=0.00
1600,2025.10.29 01:40:00,2025.10.29 04:10:00,SKIP,XAUUSD,M5,566,FLAT,NA,DAY,0,0.00,0.00,0.00,0.00,1.00,0.00,0.00,0.00,0.00,0.00,0.00,0.00,0.00,0.00,0.00,0.00,0.00,0.00,3950.91,3950.94,3951.35,3951.30,3951.13,-0.043,9.47,15.06,43.24,43.24,-3.82,-3.05,-0.77,3941.17,3943.38,432,463,14.3,57.1,7,1,CROSS=EMA9<EMA21;TREND=1;STRUCT=1;VOL=1;COOL=1;EMA50=1;VWAP=0;BIAS=1,0.00,0.00,22803.94,22803.94,already positioned that way
1601,2025.10.29 03:00:00,2025.10.29 05:30:00,ENTRY,XAUUSD,M5,568,BUY,FULLTGT,DAY,0,3964.86,3953.86,3953.86,11.00,1.00,11.00,3975.86,3986.86,3997.86,4008.86,4019.86,0.10,0.10,0.10,3964.86,0.00,0.00,0.00,3950.94,3950.65,3951.03,3950.22,3950.28,-0.070,5.50,30.67,65.81,65.81,3.05,0.41,2.63,3946.02,3965.05,850,560,100.0,0.0,11,1,CROSS=EMA9>EMA21;TREND=1;STRUCT=1;VOL=1;COOL=1;EMA50=1;VWAP=1;BIAS=1,0.00,0.00,22803.59,22802.49,KZ=ASIA; KZR=Asia L @ 3973.54 235 bars ago (low taken); DAY 12AM-4PM IST session: stop x1.00 of usual; no partials; full size to TP5; SL steps BE->TP1->TP2->TP3
1602,2025.10.29 03:40:26,2025.10.29 06:10:26,SL_MOVE,XAUUSD,M5,568,BUY,FULLTGT,DAY,0,3964.86,3953.86,3964.86,11.00,1.00,11.00,3975.86,3986.86,3997.86,4008.86,4019.86,0.10,0.00,0.10,3964.86,1.00,0.00,0.00,3956.80,3953.89,3952.69,3955.86,3953.35,0.193,6.22,42.65,69.58,69.58,6.27,4.74,1.53,3952.49,3975.06,665,644,100.0,0.0,5,1,CROSS=EMA9>EMA21;TREND=1;STRUCT=1;VOL=1;COOL=1;EMA50=1;VWAP=1;BIAS=1,1.00,-0.51,22803.59,22913.89,stop to breakeven
1603,2025.10.29 03:40:26,2025.10.29 06:10:26,TP1_REACHED,XAUUSD,M5,568,BUY,FULLTGT,DAY,0,3964.86,3953.86,3964.86,11.00,1.00,11.00,3975.86,3986.86,3997.86,4008.86,4019.86,0.10,0.00,0.10,3975.86,1.00,1.00,0.00,3956.80,3953.89,3952.69,3955.86,3953.35,0.193,6.22,42.65,69.58,69.58,6.27,4.74,1.53,3952.49,3975.06,665,644,100.0,0.0,5,1,CROSS=EMA9>EMA21;TREND=1;STRUCT=1;VOL=1;COOL=1;EMA50=1;VWAP=1;BIAS=1,1.00,-0.51,22803.59,22913.89,full target: no partial booked
1604,2025.10.29 05:21:36,2025.10.29 07:51:36,EXIT_BE,XAUUSD,M5,568,BUY,FULLTGT,DAY,0,3964.86,3953.86,3964.86,11.00,1.00,11.00,3975.86,3986.86,3997.86,4008.86,4019.86,0.10,0.10,0.00,3964.85,0.00,-0.00,-0.80,3966.88,3961.47,3957.27,3966.80,3961.29,0.822,5.12,29.42,48.90,48.90,1.44,2.87,-1.43,3962.76,3968.54,669,942,42.9,42.9,11,1,CROSS=EMA9>EMA21;TREND=1;STRUCT=1;VOL=1;COOL=1;EMA50=1;VWAP=1;BIAS=1,1.59,-0.51,22803.14,22803.14,stopped at breakeven
1605,2025.10.29 19:05:00,2025.10.29 21:35:00,SKIP,XAUUSD,M5,568,FLAT,NA,EVENING,0,0.00,0.00,0.00,0.00,1.00,0.00,0.00,0.00,0.00,0.00,0.00,0.00,0.00,0.00,0.00,0.00,0.00,0.00,4009.20,4009.40,4000.15,4010.02,4009.80,1.766,5.24,59.51,26.29,26.29,-5.40,-3.56,-1.83,3991.57,3993.33,1100,1140,14.3,71.4,7,1,CROSS=EMA9>EMA21;TREND=1;STRUCT=1;VOL=1;COOL=1;EMA50=1;VWAP=1;BIAS=1,0.00,0.00,22803.14,22803.14,outside the killzone window
1606,2025.10.30 01:00:00,2025.10.30 03:30:00,DAY_SUMMARY,XAUUSD,M5,568,FLAT,NA,DAY,0,0.00,0.00,0.00,0.00,1.00,0.00,0.00,0.00,0.00,0.00,0.00,0.00,0.00,0.00,0.00,0.00,-0.00,-0.80,3956.40,3972.38,3982.36,3957.75,3973.45,-1.269,7.87,33.32,35.30,35.30,-8.81,-8.62,-0.19,3986.08,3930.12,463,1003,0.0,85.7,9,1,CROSS=EMA9>EMA21;TREND=1;STRUCT=1;VOL=1;COOL=1;EMA50=1;VWAP=1;BIAS=1,0.00,0.00,22803.14,22803.14,2025.10.29 trades=1 W=0 L=1 gross_profit=0.00 gross_loss=0.80 net=-0.80 PF=0.00
1607,2025.10.30 08:05:00,2025.10.30 10:35:00,SKIP,XAUUSD,M5,568,FLAT,NA,DAY,0,0.00,0.00,0.00,0.00,1.00,0.00,0.00,0.00,0.00,0.00,0.00,0.00,0.00,0.00,0.00,0.00,0.00,0.00,3950.47,3950.38,3958.80,3949.38,3949.85,-1.083,7.77,53.64,69.56,69.56,10.23,7.33,2.89,3946.03,3971.63,1297,1022,85.7,14.3,5,1,CROSS=EMA9>EMA21;TREND=1;STRUCT=1;VOL=1;COOL=1;EMA50=1;VWAP=1;BIAS=1,0.00,0.00,22803.14,22803.14,already positioned that way
1608,2025.10.31 06:05:00,2025.10.31 08:35:00,ENTRY,XAUUSD,M5,570,SELL,FULLTGT,DAY,0,4005.29,4018.36,4018.36,13.07,1.00,13.07,3992.22,3979.16,3966.09,3953.02,3939.95,0.08,0.08,0.08,4005.29,0.00,0.00,0.00,4019.32,4019.46,4011.48,4020.04,4019.82,1.222,6.53,46.49,35.57,35.57,-5.15,-4.94,-0.21,4024.37,4005.27,1070,1090,0.0,85.7,12,1,CROSS=EMA9<EMA21;TREND=1;STRUCT=1;VOL=1;COOL=1;EMA50=1;VWAP=1;BIAS=1,0.00,0.00,22802.86,22801.90,KZ=ASIA; KZR=Asia L @ 3933.94 376 bars ago (low taken); DAY 12AM-4PM IST session: stop x1.00 of usual; no partials; full size to TP5; SL steps BE->TP1->TP2->TP3
1609,2025.10.31 06:13:41,2025.10.31 08:43:41,SL_MOVE,XAUUSD,M5,570,SELL,FULLTGT,DAY,0,4005.29,4018.36,4005.29,13.07,1.00,13.07,3992.22,3979.16,3966.09,3953.02,3939.95,0.08,0.00,0.08,4005.29,1.00,0.00,0.00,4018.73,4019.16,4011.43,4019.32,4019.46,1.168,6.62,47.19,38.68,38.68,-5.11,-5.03,-0.07,4023.94,4007.32,1281,1109,14.3,85.7,9,1,CROSS=EMA9<EMA21;TREND=1;STRUCT=1;VOL=1;COOL=1;EMA50=1;VWAP=1;BIAS=1,0.99,-0.28,22802.86,22907.50,stop to breakeven
1610,2025.10.31 06:13:41,2025.10.31 08:43:41,TP1_REACHED,XAUUSD,M5,570,SELL,FULLTGT,DAY,0,4005.29,4018.36,4005.29,13.07,1.00,13.07,3992.22,3979.16,3966.09,3953.02,3939.95,0.08,0.00,0.08,3992.22,1.00,1.00,0.00,4018.73,4019.16,4011.43,4019.32,4019.46,1.168,6.62,47.19,38.68,38.68,-5.11,-5.03,-0.07,4023.94,4007.32,1281,1109,14.3,85.7,9,1,CROSS=EMA9<EMA21;TREND=1;STRUCT=1;VOL=1;COOL=1;EMA50=1;VWAP=1;BIAS=1,0.99,-0.28,22802.86,22907.50,full target: no partial booked
1611,2025.10.31 07:32:39,2025.10.31 10:02:39,EXIT_BE,XAUUSD,M5,570,SELL,FULLTGT,DAY,0,4005.29,4018.36,4005.29,13.07,1.00,13.07,3992.22,3979.16,3966.09,3953.02,3939.95,0.08,0.08,0.00,4005.33,0.00,-0.00,-0.88,4006.67,4011.84,4008.82,4006.97,4012.12,0.734,4.12,29.18,47.26,47.26,-4.91,-5.87,0.96,4018.81,4000.80,678,895,14.3,71.4,1,1,CROSS=EMA9<EMA21;TREND=1;STRUCT=1;VOL=1;COOL=1;EMA50=1;VWAP=1;BIAS=1,1.24,-0.28,22802.26,22802.26,stopped at breakeven
1612,2025.10.31 10:40:00,2025.10.31 13:10:00,ENTRY,XAUUSD,M5,572,BUY,FULLTGT,DAY,0,4018.49,4007.71,4007.71,10.78,1.00,10.78,4029.27,4040.05,4050.83,4061.62,4072.40,0.10,0.10,0.10,4018.49,0.00,0.00,0.00,4010.49,4010.43,4008.78,4010.08,4010.23,0.307,5.39,31.68,59.62,59.62,4.00,3.03,0.97,4015.45,4018.44,912,929,85.7,0.0,5,1,CROSS=EMA9>EMA21;TREND=1;STRUCT=1;VOL=1;COOL=1;EMA50=1;VWAP=1;BIAS=1,0.00,0.00,22801.91,22801.41,KZ=LONDON; KZR=Asia L @ 3933.94 431 bars ago (low taken); DAY 12AM-4PM IST session: stop x1.00 of usual; no partials; full size to TP5; SL steps BE->TP1->TP2->TP3
1613,2025.10.31 11:54:39,2025.10.31 14:24:39,EXIT_SL,XAUUSD,M5,572,BUY,FULLTGT,DAY,0,4018.49,4007.71,4007.71,10.78,1.00,10.78,4029.27,4040.05,4050.83,4061.62,4072.40,0.10,0.10,0.00,4007.65,0.00,-1.01,-109.10,4015.65,4013.45,4010.68,4015.42,4013.28,0.593,4.68,15.30,54.13,54.13,2.56,3.42,-0.86,4015.93,4020.06,662,800,57.1,14.3,12,1,CROSS=EMA9>EMA21;TREND=1;STRUCT=1;VOL=1;COOL=1;EMA50=1;VWAP=1;BIAS=1,0.76,-1.00,22693.16,22693.16,stopped at the initial SL (x1.00 of usual)
1614,2025.10.31 12:45:00,2025.10.31 15:15:00,SKIP,XAUUSD,M5,572,FLAT,NA,DAY,0,0.00,0.00,0.00,0.00,1.00,0.00,0.00,0.00,0.00,0.00,0.00,0.00,0.00,0.00,0.00,0.00,0.00,0.00,4011.55,4011.70,4010.11,4011.93,4011.89,0.309,5.15,33.89,39.98,39.98,-3.32,-1.99,-1.33,4015.26,4004.23,559,783,0.0,85.7,7,1,CROSS=EMA9>EMA21;TREND=1;STRUCT=1;VOL=1;COOL=1;EMA50=1;VWAP=1;BIAS=1,0.00,0.00,22693.16,22693.16,outside the killzone window
1615,2025.10.31 15:35:00,2025.10.31 18:05:00,SKIP,XAUUSD,M5,572,FLAT,NA,EVENING,0,0.00,0.00,0.00,0.00,1.00,0.00,0.00,0.00,0.00,0.00,0.00,0.00,0.00,0.00,0.00,0.00,0.00,0.00,4011.02,4010.92,4010.11,4010.65,4010.74,0.199,4.08,39.47,60.25,60.25,2.42,0.59,1.83,4014.47,4018.13,916,670,85.7,14.3,6,1,CROSS=EMA9>EMA21;TREND=1;STRUCT=1;VOL=1;COOL=1;EMA50=1;VWAP=1;BIAS=1,0.00,0.00,22693.16,22693.16,already positioned that way
1616,2025.10.31 19:15:00,2025.10.31 21:45:00,SKIP,XAUUSD,M5,572,FLAT,NA,EVENING,0,0.00,0.00,0.00,0.00,1.00,0.00,0.00,0.00,0.00,0.00,0.00,0.00,0.00,0.00,0.00,0.00,0.00,0.00,4014.93,4015.24,4013.61,4016.78,4016.16,0.218,7.44,29.20,23.85,23.85,-5.29,-1.23,-4.06,4015.68,3978.86,1549,1212,0.0,100.0,11,1,CROSS=EMA9>EMA21;TREND=1;STRUCT=1;VOL=1;COOL=1;EMA50=1;VWAP=1;BIAS=1,0.00,0.00,22693.16,22693.16,outside the killzone window
1617,2025.11.03 01:00:00,2025.11.03 03:30:00,DAY_SUMMARY,XAUUSD,M5,572,FLAT,NA,DAY,0,0.00,0.00,0.00,0.00,1.00,0.00,0.00,0.00,0.00,0.00,0.00,0.00,0.00,0.00,0.00,0.00,-1.01,-109.98,4000.66,4002.44,4005.37,4000.58,4002.45,-0.932,3.14,25.83,52.58,52.58,1.10,0.54,0.56,4011.34,4002.19,149,519,57.1,28.6,5,1,CROSS=EMA9>EMA21;TREND=1;STRUCT=1;VOL=1;COOL=1;EMA50=1;VWAP=1;BIAS=1,0.00,0.00,22693.16,22693.16,2025.10.31 trades=2 W=0 L=2 gross_profit=0.00 gross_loss=109.98 net=-109.98 PF=0.00
1618,2025.11.03 01:00:00,2025.11.03 03:30:00,WEEK_SUMMARY,XAUUSD,M5,572,FLAT,NA,DAY,0,0.00,0.00,0.00,0.00,1.00,0.00,0.00,0.00,0.00,0.00,0.00,0.00,0.00,0.00,0.00,0.00,4.00,412.74,4000.66,4002.44,4005.37,4000.58,4002.45,-0.932,3.14,25.83,52.58,52.58,1.10,0.54,0.56,4011.34,4002.19,149,519,57.1,28.6,5,1,CROSS=EMA9>EMA21;TREND=1;STRUCT=1;VOL=1;COOL=1;EMA50=1;VWAP=1;BIAS=1,0.00,0.00,22693.16,22693.16,days=3 trades=4 W=1 L=3 gross_profit=523.52 gross_loss=110.78 net=412.74 PF=4.73 pips=4735.0
1619,2025.11.03 01:00:00,2025.11.03 03:30:00,MONTH_SUMMARY,XAUUSD,M5,572,FLAT,NA,DAY,0,0.00,0.00,0.00,0.00,1.00,0.00,0.00,0.00,0.00,0.00,0.00,0.00,0.00,0.00,0.00,0.00,7.95,826.37,4000.66,4002.44,4005.37,4000.58,4002.45,-0.932,3.14,25.83,52.58,52.58,1.10,0.54,0.56,4011.34,4002.19,149,519,57.1,28.6,5,1,CROSS=EMA9>EMA21;TREND=1;STRUCT=1;VOL=1;COOL=1;EMA50=1;VWAP=1;BIAS=1,0.00,0.00,22693.16,22693.16,days=11 trades=19 W=6 L=13 gross_profit=1536.30 gross_loss=709.93 net=826.37 PF=2.16 pips=5810.0
1620,2025.11.03 05:15:00,2025.11.03 07:45:00,SKIP,XAUUSD,M5,572,FLAT,NA,DAY,0,0.00,0.00,0.00,0.00,1.00,0.00,0.00,0.00,0.00,0.00,0.00,0.00,0.00,0.00,0.00,0.00,0.00,0.00,3994.81,3994.51,3998.13,3994.15,3994.18,-0.678,5.34,30.94,65.37,65.37,4.86,4.20,0.67,3988.73,4007.58,972,870,100.0,0.0,5,1,CROSS=EMA9>EMA21;TREND=1;STRUCT=1;VOL=1;COOL=1;EMA50=1;VWAP=1;BIAS=1,0.00,0.00,22693.16,22693.16,already positioned that way
1621,2025.11.03 12:25:00,2025.11.03 14:55:00,ENTRY,XAUUSD,M5,574,SELL,FULLTGT,DAY,0,3996.91,4007.67,4007.67,10.76,1.00,10.76,3986.15,3975.39,3964.63,3953.87,3943.11,0.10,0.10,0.10,3996.91,0.00,0.00,0.00,4009.33,4009.62,4007.40,4009.97,4009.94,0.412,5.38,37.83,33.17,33.17,-5.51,-4.83,-0.67,4002.60,3996.97,663,873,0.0,85.7,5,1,CROSS=EMA9<EMA21;TREND=1;STRUCT=1;VOL=1;COOL=1;EMA50=1;VWAP=1;BIAS=1,0.00,0.00,22692.81,22692.31,KZ=LONDON; KZR=Asia L @ 3933.94 1316 bars ago (low taken); DAY 12AM-4PM IST session: stop x1.00 of usual; no partials; full size to TP5; SL steps BE->TP1->TP2->TP3
1622,2025.11.03 13:48:26,2025.11.03 16:18:26,EXIT_SL,XAUUSD,M5,574,SELL,FULLTGT,EVENING,0,3996.91,4007.67,4007.67,10.76,1.00,10.76,3986.15,3975.39,3964.63,3953.87,3943.11,0.10,0.10,0.00,4007.67,0.00,-1.00,-108.30,4004.99,4006.81,4006.23,4004.97,4006.85,0.159,3.67,25.97,54.71,54.71,-0.51,-2.16,1.65,4002.40,4005.41,585,717,71.4,14.3,5,1,CROSS=EMA9<EMA21;TREND=1;STRUCT=1;VOL=1;COOL=1;EMA50=1;VWAP=1;BIAS=1,0.22,-1.00,22584.86,22584.86,stopped at the initial SL (x1.00 of usual)
1623,2025.11.03 15:15:00,2025.11.03 17:45:00,ENTRY,XAUUSD,M5,576,BUY,FULLTGT,EVENING,0,4015.74,4008.58,4008.58,7.16,1.00,7.16,4022.90,4030.06,4037.22,4044.37,4051.53,0.15,0.15,0.15,4015.74,0.00,0.00,0.00,4008.02,4007.86,4006.89,4007.62,4007.66,0.271,3.58,46.70,68.39,68.39,2.67,1.78,0.89,4003.12,4015.69,1101,700,100.0,0.0,5,1,CROSS=EMA9>EMA21;TREND=1;STRUCT=1;VOL=1;COOL=1;EMA50=1;VWAP=1;BIAS=1,0.00,0.00,22584.33,22583.58,KZ=NY; KZR=Asia L @ 3933.94 1350 bars ago (low taken); EVENING 4PM-12AM IST session: stop x1.00 of usual; no partials; full size to TP5; SL steps BE->TP1->TP2->TP3
1624,2025.11.03 16:30:13,2025.11.03 19:00:13,EXIT_SL,XAUUSD,M5,576,BUY,FULLTGT,EVENING,0,4015.74,4008.58,4008.58,7.16,1.00,7.16,4022.90,4030.06,4037.22,4044.37,4051.53,0.15,0.15,0.00,4008.55,0.00,-1.00,-108.91,4012.09,4010.36,4008.43,4012.18,4010.36,0.439,4.38,27.67,43.64,43.64,1.43,2.40,-0.97,4004.49,4010.36,903,985,28.6,57.1,5,1,CROSS=EMA9>EMA21;TREND=1;STRUCT=1;VOL=1;COOL=1;EMA50=1;VWAP=1;BIAS=1,0.71,-1.00,22475.95,22475.95,stopped at the initial SL (x1.00 of usual)
1625,2025.11.03 18:40:00,2025.11.03 21:10:00,SKIP,XAUUSD,M5,576,FLAT,NA,EVENING,0,0.00,0.00,0.00,0.00,1.00,0.00,0.00,0.00,0.00,0.00,0.00,0.00,0.00,0.00,0.00,0.00,0.00,0.00,4011.01,4011.13,4009.60,4011.45,4011.35,0.202,7.59,42.57,40.93,40.93,-4.60,-2.62,-1.98,4006.20,4002.45,1119,1256,0.0,85.7,5,1,CROSS=EMA9>EMA21;TREND=1;STRUCT=1;VOL=1;COOL=1;EMA50=1;VWAP=1;BIAS=1,0.00,0.00,22475.95,22475.95,outside the killzone window
1626,2025.11.04 01:00:00,2025.11.04 03:30:00,DAY_SUMMARY,XAUUSD,M5,576,FLAT,NA,DAY,0,0.00,0.00,0.00,0.00,1.00,0.00,0.00,0.00,0.00,0.00,0.00,0.00,0.00,0.00,0.00,0.00,-2.00,-217.21,4005.57,4006.74,4007.47,4005.79,4006.88,-0.316,2.31,48.94,38.13,38.13,-1.56,-0.84,-0.72,4006.18,4001.26,122,403,0.0,85.7,5,1,CROSS=EMA9>EMA21;TREND=1;STRUCT=1;VOL=1;COOL=1;EMA50=1;VWAP=1;BIAS=1,0.00,0.00,22475.95,22475.95,2025.11.03 trades=2 W=0 L=2 gross_profit=0.00 gross_loss=217.21 net=-217.21 PF=0.00
1627,2025.11.04 10:30:00,2025.11.04 13:00:00,SKIP,XAUUSD,M5,576,FLAT,NA,DAY,0,0.00,0.00,0.00,0.00,1.00,0.00,0.00,0.00,0.00,0.00,0.00,0.00,0.00,0.00,0.00,0.00,0.00,0.00,3988.81,3988.58,3992.18,3988.24,3988.29,-0.804,4.48,37.71,66.50,66.50,3.63,3.53,0.10,3986.68,3999.94,757,796,85.7,0.0,5,1,CROSS=EMA9>EMA21;TREND=1;STRUCT=1;VOL=1;COOL=1;EMA50=1;VWAP=1;BIAS=1,0.00,0.00,22475.95,22475.95,already positioned that way
1628,2025.11.04 15:30:00,2025.11.04 18:00:00,ENTRY,XAUUSD,M5,578,SELL,FULLTGT,EVENING,0,3983.96,3993.59,3993.59,9.63,1.00,9.63,3974.33,3964.70,3955.07,3945.44,3935.81,0.11,0.11,0.11,3983.96,0.00,0.00,0.00,3991.43,3991.51,3992.49,3991.81,3991.70,-0.204,4.82,19.34,38.32,38.32,-1.36,-1.39,0.02,3988.66,3983.97,945,753,14.3,71.4,8,1,CROSS=EMA9<EMA21;TREND=1;STRUCT=1;VOL=1;COOL=1;EMA50=1;VWAP=1;BIAS=1,0.00,0.00,22475.56,22474.68,KZ=NY; KZR=London H @ 4028.01 269 bars ago (high taken); EVENING 4PM-12AM IST session: stop x1.00 of usual; no partials; full size to TP5; SL steps BE->TP1->TP2->TP3
1629,2025.11.04 15:51:28,2025.11.04 18:21:28,SL_MOVE,XAUUSD,M5,578,SELL,FULLTGT,EVENING,0,3983.96,3993.59,3983.96,9.63,1.00,9.63,3974.33,3964.70,3955.07,3945.44,3935.81,0.11,0.00,0.11,3983.96,1.00,0.00,0.00,3989.15,3990.30,3991.82,3989.77,3990.64,-0.282,5.39,25.05,32.19,32.19,-3.42,-1.89,-1.53,3988.38,3976.92,1078,847,0.0,100.0,5,1,CROSS=EMA9<EMA21;TREND=1;STRUCT=1;VOL=1;COOL=1;EMA50=1;VWAP=1;BIAS=1,1.00,-0.45,22475.56,22581.49,stop to breakeven
1630,2025.11.04 15:51:28,2025.11.04 18:21:28,TP1_REACHED,XAUUSD,M5,578,SELL,FULLTGT,EVENING,0,3983.96,3993.59,3983.96,9.63,1.00,9.63,3974.33,3964.70,3955.07,3945.44,3935.81,0.11,0.00,0.11,3974.33,1.00,1.00,0.00,3989.15,3990.30,3991.82,3989.77,3990.64,-0.282,5.39,25.05,32.19,32.19,-3.42,-1.89,-1.53,3988.38,3976.92,1078,847,0.0,100.0,5,1,CROSS=EMA9<EMA21;TREND=1;STRUCT=1;VOL=1;COOL=1;EMA50=1;VWAP=1;BIAS=1,1.00,-0.45,22475.56,22581.49,full target: no partial booked
1631,2025.11.04 16:05:41,2025.11.04 18:35:41,SL_MOVE,XAUUSD,M5,578,SELL,FULLTGT,EVENING,0,3983.96,3993.59,3974.33,9.63,1.00,9.63,3974.33,3964.70,3955.07,3945.44,3935.81,0.11,0.00,0.11,3974.33,2.00,0.00,0.00,3987.00,3989.11,3991.16,3987.94,3989.63,-0.362,5.67,32.32,25.09,25.09,-4.80,-2.87,-1.93,3988.05,3968.69,1102,937,0.0,100.0,5,1,CROSS=EMA9<EMA21;TREND=1;STRUCT=1;VOL=1;COOL=1;EMA50=1;VWAP=1;BIAS=1,1.99,-0.45,22475.56,22687.42,stop trailed to TP1
1632,2025.11.04 16:05:41,2025.11.04 18:35:41,TP2_REACHED,XAUUSD,M5,578,SELL,FULLTGT,EVENING,0,3983.96,3993.59,3974.33,9.63,1.00,9.63,3974.33,3964.70,3955.07,3945.44,3935.81,0.11,0.00,0.11,3964.70,2.00,2.00,0.00,3987.00,3989.11,3991.16,3987.94,3989.63,-0.362,5.67,32.32,25.09,25.09,-4.80,-2.87,-1.93,3988.05,3968.69,1102,937,0.0,100.0,5,1,CROSS=EMA9<EMA21;TREND=1;STRUCT=1;VOL=1;COOL=1;EMA50=1;VWAP=1;BIAS=1,1.99,-0.45,22475.56,22687.42,full target: no partial booked
1633,2025.11.04 16:12:30,2025.11.04 18:42:30,EXIT_TRAIL_SL,XAUUSD,M5,578,SELL,FULLTGT,EVENING,0,3983.96,3993.59,3974.33,9.63,1.00,9.63,3974.33,3964.70,3955.07,3945.44,3935.81,0.11,0.11,0.00,3974.33,0.00,1.00,105.15,3986.20,3988.65,3990.91,3987.00,3989.11,-0.378,5.96,35.59,29.10,29.10,-5.20,-3.35,-1.85,3987.90,3970.54,1107,957,14.3,85.7,5,1,CROSS=EMA9<EMA21;TREND=1;STRUCT=1;VOL=1;COOL=1;EMA50=1;VWAP=1;BIAS=1,2.01,-0.45,22581.10,22581.10,stopped at a trailed level
1634,2025.11.05 01:00:00,2025.11.05 03:30:00,DAY_SUMMARY,XAUUSD,M5,578,FLAT,NA,DAY,0,0.00,0.00,0.00,0.00,1.00,0.00,0.00,0.00,0.00,0.00,0.00,0.00,0.00,0.00,0.00,0.00,1.00,105.15,3938.48,3946.90,3959.57,3938.82,3947.28,-5.192,2.44,23.40,39.88,39.88,-2.33,-2.33,0.01,3973.98,3931.90,178,475,14.3,57.1,14,1,CROSS=EMA9<EMA21;TREND=1;STRUCT=1;VOL=1;COOL=1;EMA50=1;VWAP=1;BIAS=1,0.00,0.00,22581.10,22581.10,2025.11.04 trades=1 W=1 L=0 gross_profit=105.15 gross_loss=0.00 net=105.15 PF=0.00
1635,2025.11.05 05:25:00,2025.11.05 07:55:00,ENTRY,XAUUSD,M5,580,BUY,FULLTGT,DAY,0,3954.54,3946.96,3946.96,7.58,1.00,7.58,3962.12,3969.70,3977.28,3984.85,3992.43,0.14,0.14,0.14,3954.54,0.00,0.00,0.00,3944.07,3943.87,3951.01,3943.53,3943.61,-1.884,3.79,51.33,67.11,67.11,3.84,2.54,1.31,3941.37,3954.46,555,808,85.7,0.0,8,1,CROSS=EMA9>EMA21;TREND=1;STRUCT=1;VOL=1;COOL=1;EMA50=1;VWAP=1;BIAS=1,0.00,0.00,22580.61,22579.49,KZ=ASIA; KZR=London L @ 3955.75 155 bars ago (low taken); DAY 12AM-4PM IST session: stop x1.00 of usual; no partials; full size to TP5; SL steps BE->TP1->TP2->TP3
1636,2025.11.05 05:47:39,2025.11.05 08:17:39,SL_MOVE,XAUUSD,M5,580,BUY,FULLTGT,DAY,0,3954.54,3946.96,3954.54,7.58,1.00,7.58,3962.12,3969.70,3977.28,3984.85,3992.43,0.14,0.00,0.14,3954.54,1.00,0.00,0.00,3946.36,3945.09,3951.29,3945.71,3944.74,-1.669,3.71,60.36,71.06,71.06,4.47,3.67,0.80,3942.14,3959.06,445,730,85.7,0.0,8,1,CROSS=EMA9>EMA21;TREND=1;STRUCT=1;VOL=1;COOL=1;EMA50=1;VWAP=1;BIAS=1,1.00,-0.35,22580.61,22687.29,stop to breakeven
1637,2025.11.05 05:47:39,2025.11.05 08:17:39,TP1_REACHED,XAUUSD,M5,580,BUY,FULLTGT,DAY,0,3954.54,3946.96,3954.54,7.58,1.00,7.58,3962.12,3969.70,3977.28,3984.85,3992.43,0.14,0.00,0.14,3962.12,1.00,1.00,0.00,3946.36,3945.09,3951.29,3945.71,3944.74,-1.669,3.71,60.36,71.06,71.06,4.47,3.67,0.80,3942.14,3959.06,445,730,85.7,0.0,8,1,CROSS=EMA9>EMA21;TREND=1;STRUCT=1;VOL=1;COOL=1;EMA50=1;VWAP=1;BIAS=1,1.00,-0.35,22580.61,22687.29,full target: no partial booked
1638,2025.11.05 06:38:36,2025.11.05 09:08:36,SL_MOVE,XAUUSD,M5,580,BUY,FULLTGT,DAY,0,3954.54,3946.96,3962.12,7.58,1.00,7.58,3962.12,3969.70,3977.28,3984.85,3992.43,0.14,0.00,0.14,3962.12,2.00,0.00,0.00,3952.86,3949.01,3952.63,3952.10,3948.53,-1.117,3.25,54.00,73.52,73.52,5.01,5.01,-0.00,3944.61,3967.70,783,591,85.7,14.3,5,1,CROSS=EMA9>EMA21;TREND=1;STRUCT=1;VOL=1;COOL=1;EMA50=1;VWAP=1;BIAS=1,2.00,-0.35,22580.61,22793.13,stop trailed to TP1
1639,2025.11.05 06:38:36,2025.11.05 09:08:36,TP2_REACHED,XAUUSD,M5,580,BUY,FULLTGT,DAY,0,3954.54,3946.96,3962.12,7.58,1.00,7.58,3962.12,3969.70,3977.28,3984.85,3992.43,0.14,0.00,0.14,3969.70,2.00,2.00,0.00,3952.86,3949.01,3952.63,3952.10,3948.53,-1.117,3.25,54.00,73.52,73.52,5.01,5.01,-0.00,3944.61,3967.70,783,591,85.7,14.3,5,1,CROSS=EMA9>EMA21;TREND=1;STRUCT=1;VOL=1;COOL=1;EMA50=1;VWAP=1;BIAS=1,2.00,-0.35,22580.61,22793.13,full target: no partial booked
1640,2025.11.05 07:28:21,2025.11.05 09:58:21,SL_MOVE,XAUUSD,M5,580,BUY,FULLTGT,DAY,0,3954.54,3946.96,3969.70,7.58,1.00,7.58,3962.12,3969.70,3977.28,3984.85,3992.43,0.14,0.00,0.14,3969.70,3.00,0.00,0.00,3960.12,3953.92,3954.81,3959.34,3953.37,-0.292,3.05,53.26,75.85,75.85,5.42,5.43,-0.01,3947.77,3975.41,521,596,71.4,14.3,5,1,CROSS=EMA9>EMA21;TREND=1;STRUCT=1;VOL=1;COOL=1;EMA50=1;VWAP=1;BIAS=1,3.00,-0.35,22580.61,22899.25,stop trailed to TP2
1641,2025.11.05 07:28:21,2025.11.05 09:58:21,TP3_REACHED,XAUUSD,M5,580,BUY,FULLTGT,DAY,0,3954.54,3946.96,3969.70,7.58,1.00,7.58,3962.12,3969.70,3977.28,3984.85,3992.43,0.14,0.00,0.14,3977.28,3.00,3.00,0.00,3960.12,3953.92,3954.81,3959.34,3953.37,-0.292,3.05,53.26,75.85,75.85,5.42,5.43,-0.01,3947.77,3975.41,521,596,71.4,14.3,5,1,CROSS=EMA9>EMA21;TREND=1;STRUCT=1;VOL=1;COOL=1;EMA50=1;VWAP=1;BIAS=1,3.00,-0.35,22580.61,22899.25,full target: no partial booked
1642,2025.11.05 07:40:15,2025.11.05 10:10:15,EXIT_TRAIL_SL,XAUUSD,M5,580,BUY,FULLTGT,DAY,0,3954.54,3946.96,3969.70,7.58,1.00,7.58,3962.12,3969.70,3977.28,3984.85,3992.43,0.14,0.14,0.00,3969.67,0.00,2.00,210.84,3962.04,3955.37,3955.52,3961.59,3954.97,-0.044,3.42,48.07,60.41,60.41,4.98,5.33,-0.35,3948.94,3970.79,769,627,71.4,28.6,5,1,CROSS=EMA9>EMA21;TREND=1;STRUCT=1;VOL=1;COOL=1;EMA50=1;VWAP=1;BIAS=1,3.19,-0.35,22791.94,22791.94,stopped at a trailed level
1643,2025.11.05 14:55:00,2025.11.05 17:25:00,SKIP,XAUUSD,M5,580,FLAT,NA,EVENING,0,0.00,0.00,0.00,0.00,1.00,0.00,0.00,0.00,0.00,0.00,0.00,0.00,0.00,0.00,0.00,0.00,0.00,0.00,3966.01,3966.01,3963.92,3966.04,3966.03,0.681,3.08,16.29,50.01,50.01,-0.19,-0.23,0.04,3959.14,3965.42,286,537,57.1,14.3,5,1,CROSS=EMA9<EMA21;TREND=1;STRUCT=1;VOL=1;COOL=1;EMA50=1;VWAP=0;BIAS=1,0.00,0.00,22791.94,22791.94,quality filter
1644,2025.11.05 15:00:00,2025.11.05 17:30:00,SKIP,XAUUSD,M5,580,FLAT,NA,EVENING,0,0.00,0.00,0.00,0.00,1.00,0.00,0.00,0.00,0.00,0.00,0.00,0.00,0.00,0.00,0.00,0.00,0.00,0.00,3966.19,3966.10,3963.99,3966.01,3966.01,0.685,3.09,17.85,58.08,58.08,0.19,-0.11,0.30,3959.18,3969.68,517,536,71.4,0.0,5,1,CROSS=EMA9>EMA21;TREND=1;STRUCT=1;VOL=1;COOL=1;EMA50=1;VWAP=1;BIAS=1,0.00,0.00,22791.94,22791.94,already positioned that way
1645,2025.11.06 01:00:00,2025.11.06 03:30:00,DAY_SUMMARY,XAUUSD,M5,580,FLAT,NA,DAY,0,0.00,0.00,0.00,0.00,1.00,0.00,0.00,0.00,0.00,0.00,0.00,0.00,0.00,0.00,0.00,0.00,2.00,210.84,3983.21,3981.68,3977.37,3983.42,3981.75,2.383,1.81,18.79,36.44,36.44,-1.13,-0.60,-0.53,3967.67,3979.04,155,396,28.6,42.9,5,1,CROSS=EMA9>EMA21;TREND=1;STRUCT=1;VOL=1;COOL=1;EMA50=1;VWAP=1;BIAS=1,0.00,0.00,22791.94,22791.94,2025.11.05 trades=1 W=1 L=0 gross_profit=210.84 gross_loss=0.00 net=210.84 PF=0.00
1646,2025.11.06 01:25:00,2025.11.06 03:55:00,SKIP,XAUUSD,M5,580,FLAT,NA,DAY,0,0.00,0.00,0.00,0.00,1.00,0.00,0.00,0.00,0.00,0.00,0.00,0.00,0.00,0.00,0.00,0.00,0.00,0.00,3980.18,3980.25,3976.90,3980.70,3980.51,1.075,3.12,30.96,25.98,25.98,-3.79,-2.11,-1.69,3971.20,3970.04,434,424,14.3,85.7,5,1,CROSS=EMA9>EMA21;TREND=1;STRUCT=1;VOL=1;COOL=1;EMA50=1;VWAP=1;BIAS=1,0.00,0.00,22791.94,22791.94,outside the killzone window
1647,2025.11.06 05:10:00,2025.11.06 07:40:00,SKIP,XAUUSD,M5,580,FLAT,NA,DAY,0,0.00,0.00,0.00,0.00,1.00,0.00,0.00,0.00,0.00,0.00,0.00,0.00,0.00,0.00,0.00,0.00,0.00,0.00,3977.53,3977.48,3976.35,3977.34,3977.39,0.350,3.22,31.59,57.17,57.17,2.22,2.04,0.18,3974.62,3981.14,595,581,100.0,0.0,5,1,CROSS=EMA9>EMA21;TREND=1;STRUCT=1;VOL=1;COOL=1;EMA50=1;VWAP=1;BIAS=1,0.00,0.00,22791.94,22791.94,already positioned that way
1648,2025.11.06 17:05:00,2025.11.06 19:35:00,ENTRY,XAUUSD,M5,582,SELL,FULLTGT,EVENING,0,3979.37,3992.08,3992.08,12.71,1.00,12.71,3966.66,3953.95,3941.24,3928.54,3915.83,0.08,0.08,0.08,3979.37,0.00,0.00,0.00,4004.57,4005.02,3999.99,4005.87,4005.67,0.791,6.35,42.82,21.60,21.60,-5.52,-3.62,-1.90,3995.87,3979.38,1455,954,0.0,100.0,8,1,CROSS=EMA9<EMA21;TREND=1;STRUCT=1;VOL=1;COOL=1;EMA50=1;VWAP=1;BIAS=1,0.00,0.00,22791.66,22791.02,KZ=NY; KZR=London L @ 3955.75 583 bars ago (low taken); EVENING 4PM-12AM IST session: stop x1.00 of usual; no partials; full size to TP5; SL steps BE->TP1->TP2->TP3
1649,2025.11.06 19:25:13,2025.11.06 21:55:13,SL_MOVE,XAUUSD,M5,582,SELL,FULLTGT,EVENING,0,3979.37,3992.08,3979.37,12.71,1.00,12.71,3966.66,3953.95,3941.24,3928.54,3915.83,0.08,0.00,0.08,3979.37,1.00,0.00,0.00,3986.39,3992.86,3994.41,3987.36,3993.50,-0.286,5.41,24.71,30.09,30.09,-3.78,-3.56,-0.22,3992.80,3967.49,1203,1107,0.0,85.7,5,1,CROSS=EMA9<EMA21;TREND=1;STRUCT=1;VOL=1;COOL=1;EMA50=1;VWAP=1;BIAS=1,1.00,-0.92,22791.66,22893.50,stop to breakeven
1650,2025.11.06 19:25:13,2025.11.06 21:55:13,TP1_REACHED,XAUUSD,M5,582,SELL,FULLTGT,EVENING,0,3979.37,3992.08,3979.37,12.71,1.00,12.71,3966.66,3953.95,3941.24,3928.54,3915.83,0.08,0.00,0.08,3966.66,1.00,1.00,0.00,3986.39,3992.86,3994.41,3987.36,3993.50,-0.286,5.41,24.71,30.09,30.09,-3.78,-3.56,-0.22,3992.80,3967.49,1203,1107,0.0,85.7,5,1,CROSS=EMA9<EMA21;TREND=1;STRUCT=1;VOL=1;COOL=1;EMA50=1;VWAP=1;BIAS=1,1.00,-0.92,22791.66,22893.50,full target: no partial booked
1651,2025.11.06 19:42:42,2025.11.06 22:12:42,EXIT_BE,XAUUSD,M5,582,SELL,FULLTGT,EVENING,0,3979.37,3992.08,3979.37,12.71,1.00,12.71,3966.66,3953.95,3941.24,3928.54,3915.83,0.08,0.08,0.00,3979.37,0.00,-0.00,-0.56,3984.47,3991.40,3993.61,3984.95,3991.81,-0.416,5.32,21.99,42.54,42.54,-4.09,-3.54,-0.55,3992.33,3975.22,1015,1094,0.0,71.4,5,1,CROSS=EMA9<EMA21;TREND=1;STRUCT=1;VOL=1;COOL=1;EMA50=1;VWAP=1;BIAS=1,1.07,-0.92,22791.38,22791.38,stopped at breakeven
1652,2025.11.07 01:00:00,2025.11.07 03:30:00,DAY_SUMMARY,XAUUSD,M5,582,FLAT,NA,DAY,0,0.00,0.00,0.00,0.00,1.00,0.00,0.00,0.00,0.00,0.00,0.00,0.00,0.00,0.00,0.00,0.00,0.00,-0.56,3982.73,3985.87,3989.20,3983.03,3986.10,-1.747,1.91,51.04,32.33,32.33,-2.15,-1.90,-0.25,3991.12,3976.93,119,479,0.0,85.7,14,1,CROSS=EMA9<EMA21;TREND=1;STRUCT=1;VOL=1;COOL=1;EMA50=1;VWAP=1;BIAS=1,0.00,0.00,22791.38,22791.38,2025.11.06 trades=1 W=0 L=1 gross_profit=0.00 gross_loss=0.56 net=-0.56 PF=0.00
1653,2025.11.07 03:05:00,2025.11.07 05:35:00,ENTRY,XAUUSD,M5,584,BUY,FULLTGT,DAY,0,3993.56,3988.05,3988.05,5.51,1.00,5.51,3999.07,4004.59,4010.10,4015.62,4021.13,0.20,0.20,0.20,3993.56,0.00,0.00,0.00,3986.91,3986.89,3988.82,3986.57,3986.72,-0.701,2.76,22.44,64.86,64.86,2.01,2.16,-0.15,3987.61,3993.46,855,393,71.4,14.3,12,1,CROSS=EMA9>EMA21;TREND=1;STRUCT=1;VOL=1;COOL=1;EMA50=1;VWAP=1;BIAS=1,0.00,0.00,22790.68,22788.28,KZ=ASIA; KZR=London L @ 3955.75 703 bars ago (low taken); DAY 12AM-4PM IST session: stop x1.00 of usual; no partials; full size to TP5; SL steps BE->TP1->TP2->TP3
1654,2025.11.07 03:10:38,2025.11.07 05:40:38,SL_MOVE,XAUUSD,M5,584,BUY,FULLTGT,DAY,0,3993.56,3988.05,3993.56,5.51,1.00,5.51,3999.07,4004.59,4010.10,4015.62,4021.13,0.20,0.00,0.20,3993.56,1.00,0.00,0.00,3987.37,3987.13,3988.92,3986.91,3986.89,-0.608,2.94,23.58,69.70,69.70,2.38,2.20,0.18,3988.20,3996.48,816,419,85.7,0.0,12,1,CROSS=EMA9>EMA21;TREND=1;STRUCT=1;VOL=1;COOL=1;EMA50=1;VWAP=1;BIAS=1,1.00,-0.15,22790.68,22901.88,stop to breakeven
1655,2025.11.07 03:10:38,2025.11.07 05:40:38,TP1_REACHED,XAUUSD,M5,584,BUY,FULLTGT,DAY,0,3993.56,3988.05,3993.56,5.51,1.00,5.51,3999.07,4004.59,4010.10,4015.62,4021.13,0.20,0.00,0.20,3999.07,1.00,1.00,0.00,3987.37,3987.13,3988.92,3986.91,3986.89,-0.608,2.94,23.58,69.70,69.70,2.38,2.20,0.18,3988.20,3996.48,816,419,85.7,0.0,12,1,CROSS=EMA9>EMA21;TREND=1;STRUCT=1;VOL=1;COOL=1;EMA50=1;VWAP=1;BIAS=1,1.00,-0.15,22790.68,22901.88,full target: no partial booked
1656,2025.11.07 04:31:21,2025.11.07 07:01:21,EXIT_BE,XAUUSD,M5,584,BUY,FULLTGT,DAY,0,3993.56,3988.05,3993.56,5.51,1.00,5.51,3999.07,4004.59,4010.10,4015.62,4021.13,0.20,0.20,0.00,3993.55,0.00,-0.00,-1.60,3993.79,3991.07,3990.77,3993.69,3990.95,0.102,2.99,27.71,49.89,49.89,2.07,3.30,-1.23,3993.51,3995.69,536,610,42.9,42.9,12,1,CROSS=EMA9>EMA21;TREND=1;STRUCT=1;VOL=1;COOL=1;EMA50=1;VWAP=1;BIAS=1,1.76,-0.15,22789.78,22789.78,stopped at breakeven
1657,2025.11.07 14:55:00,2025.11.07 17:25:00,ENTRY,XAUUSD,M5,586,SELL,FULLTGT,EVENING,0,3995.12,4002.78,4002.78,7.66,1.00,7.66,3987.46,3979.81,3972.15,3964.49,3956.83,0.14,0.14,0.14,3995.12,0.00,0.00,0.00,4002.32,4002.46,4000.04,4002.69,4002.64,0.631,3.83,33.55,38.90,38.90,-2.53,-1.35,-1.18,3999.56,3995.12,821,747,14.3,85.7,5,1,CROSS=EMA9<EMA21;TREND=1;STRUCT=1;VOL=1;COOL=1;EMA50=1;VWAP=1;BIAS=1,0.00,0.00,22789.29,22788.59,KZ=NY; KZR=London L @ 3955.75 845 bars ago (low taken); EVENING 4PM-12AM IST session: stop x1.00 of usual; no partials; full size to TP5; SL steps BE->TP1->TP2->TP3
1658,2025.11.07 16:11:35,2025.11.07 18:41:35,EXIT_SL,XAUUSD,M5,586,SELL,FULLTGT,EVENING,0,3995.12,4002.78,4002.78,7.66,1.00,7.66,3987.46,3979.81,3972.15,3964.49,3956.83,0.14,0.14,0.00,4002.78,0.00,-1.00,-108.22,3999.58,4000.79,3999.54,3999.61,4000.83,0.310,4.01,19.57,50.86,50.86,-1.04,-1.63,0.60,3999.26,3998.87,668,754,42.9,28.6,5,1,CROSS=EMA9<EMA21;TREND=1;STRUCT=1;VOL=1;COOL=1;EMA50=1;VWAP=1;BIAS=1,0.43,-1.00,22681.56,22681.56,stopped at the initial SL (x1.00 of usual)
1659,2025.11.07 18:45:00,2025.11.07 21:15:00,SKIP,XAUUSD,M5,586,FLAT,NA,EVENING,0,0.00,0.00,0.00,0.00,1.00,0.00,0.00,0.00,0.00,0.00,0.00,0.00,0.00,0.00,0.00,0.00,0.00,0.00,3999.88,3999.61,3999.05,3998.81,3999.07,0.091,6.11,41.88,69.91,69.91,5.87,1.52,4.35,3998.77,4020.92,1357,1065,85.7,14.3,5,1,CROSS=EMA9<EMA21;TREND=1;STRUCT=1;VOL=1;COOL=1;EMA50=1;VWAP=1;BIAS=1,0.00,0.00,22681.56,22681.56,outside the killzone window
1660,2025.11.10 01:00:00,2025.11.10 03:30:00,DAY_SUMMARY,XAUUSD,M5,586,FLAT,NA,DAY,0,0.00,0.00,0.00,0.00,1.00,0.00,0.00,0.00,0.00,0.00,0.00,0.00,0.00,0.00,0.00,0.00,-1.00,-109.82,4002.22,4002.12,4001.20,4002.29,4002.15,0.443,2.08,30.83,46.70,46.70,-0.76,-0.60,-0.16,3999.94,4000.84,66,483,28.6,57.1,5,1,CROSS=EMA9<EMA21;TREND=1;STRUCT=1;VOL=1;COOL=1;EMA50=1;VWAP=1;BIAS=1,0.00,0.00,22681.56,22681.56,2025.11.07 trades=2 W=0 L=2 gross_profit=0.00 gross_loss=109.82 net=-109.82 PF=0.00
1661,2025.11.10 01:00:00,2025.11.10 03:30:00,WEEK_SUMMARY,XAUUSD,M5,586,FLAT,NA,DAY,0,0.00,0.00,0.00,0.00,1.00,0.00,0.00,0.00,0.00,0.00,0.00,0.00,0.00,0.00,0.00,0.00,-0.01,-11.60,4002.22,4002.12,4001.20,4002.29,4002.15,0.443,2.08,30.83,46.70,46.70,-0.76,-0.60,-0.16,3999.94,4000.84,66,483,28.6,57.1,5,1,CROSS=EMA9<EMA21;TREND=1;STRUCT=1;VOL=1;COOL=1;EMA50=1;VWAP=1;BIAS=1,0.00,0.00,22681.56,22681.56,days=5 trades=7 W=2 L=5 gross_profit=315.99 gross_loss=327.59 net=-11.60 PF=0.96 pips=-86.0
1662,2025.11.11 16:50:00,2025.11.11 19:20:00,SKIP,XAUUSD,M5,586,FLAT,NA,EVENING,0,0.00,0.00,0.00,0.00,1.00,0.00,0.00,0.00,0.00,0.00,0.00,0.00,0.00,0.00,0.00,0.00,0.00,0.00,4137.32,4137.72,4133.43,4138.19,4138.16,0.775,5.54,45.23,30.32,30.32,-3.63,-1.40,-2.23,4135.43,4120.27,1385,994,0.0,100.0,7,1,CROSS=EMA9<EMA21;TREND=1;STRUCT=1;VOL=1;COOL=1;EMA50=1;VWAP=1;BIAS=1,0.00,0.00,22681.56,22681.56,already positioned that way
1663,2025.11.11 23:00:00,2025.11.12 01:30:00,SKIP,XAUUSD,M5,586,FLAT,NA,DAY,0,0.00,0.00,0.00,0.00,1.00,0.00,0.00,0.00,0.00,0.00,0.00,0.00,0.00,0.00,0.00,0.00,0.00,0.00,4122.02,4121.93,4123.88,4121.63,4121.73,-0.682,2.86,50.18,66.45,66.45,3.63,3.43,0.20,4129.16,4129.61,754,646,85.7,14.3,5,1,CROSS=EMA9<EMA21;TREND=1;STRUCT=1;VOL=1;COOL=1;EMA50=1;VWAP=1;BIAS=1,0.00,0.00,22681.56,22681.56,outside the killzone window
1664,2025.11.12 05:20:00,2025.11.12 07:50:00,SKIP,XAUUSD,M5,586,FLAT,NA,DAY,0,0.00,0.00,0.00,0.00,1.00,0.00,0.00,0.00,0.00,0.00,0.00,0.00,0.00,0.00,0.00,0.00,0.00,0.00,4129.84,4129.85,4128.66,4130.22,4130.04,0.327,3.64,54.01,37.51,37.51,-3.39,-2.73,-0.66,4133.19,4122.53,572,751,0.0,85.7,7,1,CROSS=EMA9<EMA21;TREND=1;STRUCT=1;VOL=1;COOL=1;EMA50=1;VWAP=1;BIAS=1,0.00,0.00,22681.56,22681.56,already positioned that way
1665,2025.11.12 10:45:00,2025.11.12 13:15:00,ENTRY,XAUUSD,M5,588,BUY,FULLTGT,DAY,0,4128.72,4120.14,4120.14,8.58,1.00,8.58,4137.30,4145.88,4154.46,4163.03,4171.61,0.13,0.13,0.13,4128.72,0.00,0.00,0.00,4119.19,4119.17,4121.32,4118.70,4118.93,-0.500,4.29,27.36,64.46,64.46,3.50,2.13,1.37,4122.63,4128.64,659,756,85.7,0.0,7,1,CROSS=EMA9>EMA21;TREND=1;STRUCT=1;VOL=1;COOL=1;EMA50=1;VWAP=1;BIAS=1,0.00,0.00,22681.10,22680.19,KZ=LONDON; KZR=London H @ 4145.91 229 bars ago (high taken); DAY 12AM-4PM IST session: stop x1.00 of usual; no partials; full size to TP5; SL steps BE->TP1->TP2->TP3
1666,2025.11.12 12:30:20,2025.11.12 15:00:20,EXIT_SL,XAUUSD,M5,588,BUY,FULLTGT,DAY,0,4128.72,4120.14,4120.14,8.58,1.00,8.58,4137.30,4145.88,4154.46,4163.03,4171.61,0.13,0.13,0.00,4120.11,0.00,-1.00,-112.85,4123.72,4122.18,4122.57,4123.87,4122.22,-0.108,3.58,22.20,40.18,40.18,-0.07,0.82,-0.89,4123.27,4120.82,754,737,14.3,71.4,7,1,CROSS=EMA9>EMA21;TREND=1;STRUCT=1;VOL=1;COOL=1;EMA50=1;VWAP=1;BIAS=1,0.57,-1.00,22568.71,22568.71,stopped at the initial SL (x1.00 of usual)
1667,2025.11.13 01:00:00,2025.11.13 03:30:00,DAY_SUMMARY,XAUUSD,M5,588,FLAT,NA,DAY,0,0.00,0.00,0.00,0.00,1.00,0.00,0.00,0.00,0.00,0.00,0.00,0.00,0.00,0.00,0.00,0.00,-1.00,-112.85,4195.68,4187.71,4170.93,4195.70,4187.52,5.372,3.12,19.83,47.28,47.28,-0.04,-0.32,0.28,4149.96,4195.32,233,573,42.9,28.6,9,1,CROSS=EMA9>EMA21;TREND=1;STRUCT=1;VOL=1;COOL=1;EMA50=1;VWAP=1;BIAS=1,0.00,0.00,22568.71,22568.71,2025.11.12 trades=1 W=0 L=1 gross_profit=0.00 gross_loss=112.85 net=-112.85 PF=0.00
1668,2025.11.13 16:45:00,2025.11.13 19:15:00,ENTRY,XAUUSD,M5,590,SELL,FULLTGT,EVENING,0,4187.88,4206.42,4206.42,18.54,1.00,18.54,4169.34,4150.80,4132.26,4113.72,4095.18,0.06,0.06,0.06,4187.88,0.00,0.00,0.00,4224.27,4224.73,4217.15,4226.13,4225.66,0.818,9.27,38.79,23.73,23.73,-7.16,-3.78,-3.39,4214.01,4188.06,1625,1225,0.0,100.0,7,1,CROSS=EMA9<EMA21;TREND=1;STRUCT=1;VOL=1;COOL=1;EMA50=1;VWAP=1;BIAS=1,0.00,0.00,22568.50,22568.08,KZ=NY; KZR=London H @ 4240.09 21 bars ago (high taken); EVENING 4PM-12AM IST session: stop x1.00 of usual; no partials; full size to TP5; SL steps BE->TP1->TP2->TP3
1669,2025.11.13 18:00:38,2025.11.13 20:30:38,EXIT_SL,XAUUSD,M5,590,SELL,FULLTGT,EVENING,0,4187.88,4206.42,4206.42,18.54,1.00,18.54,4169.34,4150.80,4132.26,4113.72,4095.18,0.06,0.06,0.00,4206.42,0.00,-1.00,-111.66,4210.04,4216.12,4213.73,4210.42,4216.46,0.282,8.50,20.24,47.40,47.40,-6.00,-7.40,1.40,4212.02,4202.66,1317,1410,14.3,57.1,7,1,CROSS=EMA9<EMA21;TREND=1;STRUCT=1;VOL=1;COOL=1;EMA50=1;VWAP=1;BIAS=1,0.13,-1.00,22457.05,22457.05,stopped at the initial SL (x1.00 of usual)
1670,2025.11.14 01:00:00,2025.11.14 03:30:00,DAY_SUMMARY,XAUUSD,M5,590,FLAT,NA,DAY,0,0.00,0.00,0.00,0.00,1.00,0.00,0.00,0.00,0.00,0.00,0.00,0.00,0.00,0.00,0.00,0.00,-1.00,-111.66,4172.70,4181.49,4192.10,4172.77,4181.75,-2.435,4.36,19.26,50.38,50.38,0.78,1.01,-0.24,4203.27,4171.26,311,637,28.6,42.9,8,1,CROSS=EMA9<EMA21;TREND=1;STRUCT=1;VOL=1;COOL=1;EMA50=1;VWAP=1;BIAS=1,0.00,0.00,22457.05,22457.05,2025.11.13 trades=1 W=0 L=1 gross_profit=0.00 gross_loss=111.66 net=-111.66 PF=0.00
1671,2025.11.14 04:15:00,2025.11.14 06:45:00,ENTRY,XAUUSD,M5,592,BUY,FULLTGT,DAY,0,4194.15,4181.98,4181.98,12.17,1.00,12.17,4206.32,4218.48,4230.65,4242.81,4254.98,0.09,0.09,0.09,4194.15,0.00,0.00,0.00,4183.40,4183.39,4189.06,4182.85,4183.12,-0.932,6.08,33.92,62.18,62.18,2.71,0.92,1.79,4183.94,4194.08,884,970,85.7,0.0,7,1,CROSS=EMA9>EMA21;TREND=1;STRUCT=1;VOL=1;COOL=1;EMA50=1;VWAP=1;BIAS=1,0.00,0.00,22456.73,22456.10,KZ=ASIA; KZR=London H @ 4240.09 159 bars ago (high taken); DAY 12AM-4PM IST session: stop x1.00 of usual; no partials; full size to TP5; SL steps BE->TP1->TP2->TP3
1672,2025.11.14 04:50:22,2025.11.14 07:20:22,SL_MOVE,XAUUSD,M5,592,BUY,FULLTGT,DAY,0,4194.15,4181.98,4194.15,12.17,1.00,12.17,4206.32,4218.48,4230.65,4242.81,4254.98,0.09,0.00,0.09,4194.15,1.00,0.00,0.00,4188.64,4186.22,4190.05,4187.78,4185.73,-0.821,4.67,61.38,70.98,70.98,5.68,4.00,1.68,4186.88,4205.47,979,992,85.7,0.0,7,1,CROSS=EMA9>EMA21;TREND=1;STRUCT=1;VOL=1;COOL=1;EMA50=1;VWAP=1;BIAS=1,1.00,-0.14,22456.73,22566.44,stop to breakeven
1673,2025.11.14 04:50:22,2025.11.14 07:20:22,TP1_REACHED,XAUUSD,M5,592,BUY,FULLTGT,DAY,0,4194.15,4181.98,4194.15,12.17,1.00,12.17,4206.32,4218.48,4230.65,4242.81,4254.98,0.09,0.00,0.09,4206.32,1.00,1.00,0.00,4188.64,4186.22,4190.05,4187.78,4185.73,-0.821,4.67,61.38,70.98,70.98,5.68,4.00,1.68,4186.88,4205.47,979,992,85.7,0.0,7,1,CROSS=EMA9>EMA21;TREND=1;STRUCT=1;VOL=1;COOL=1;EMA50=1;VWAP=1;BIAS=1,1.00,-0.14,22456.73,22566.44,full target: no partial booked
1674,2025.11.14 07:09:40,2025.11.14 09:39:40,EXIT_BE,XAUUSD,M5,592,BUY,FULLTGT,DAY,0,4194.15,4181.98,4194.15,12.17,1.00,12.17,4206.32,4218.48,4230.65,4242.81,4254.98,0.09,0.09,0.00,4194.11,0.00,-0.00,-1.00,4199.53,4194.86,4194.07,4199.53,4194.75,0.240,3.29,39.66,46.08,46.08,0.29,0.78,-0.49,4192.85,4199.45,645,641,28.6,71.4,7,1,CROSS=EMA9>EMA21;TREND=1;STRUCT=1;VOL=1;COOL=1;EMA50=1;VWAP=1;BIAS=1,1.41,-0.14,22456.05,22456.05,stopped at breakeven
1675,2025.11.14 08:40:00,2025.11.14 11:10:00,SKIP,XAUUSD,M5,592,FLAT,NA,DAY,0,0.00,0.00,0.00,0.00,1.00,0.00,0.00,0.00,0.00,0.00,0.00,0.00,0.00,0.00,0.00,0.00,0.00,0.00,4192.32,4192.36,4192.89,4192.81,4192.61,-0.103,5.14,49.20,35.79,35.79,-4.34,-3.29,-1.05,4191.79,4182.80,907,891,14.3,85.7,7,1,CROSS=EMA9>EMA21;TREND=1;STRUCT=1;VOL=1;COOL=1;EMA50=1;VWAP=1;BIAS=1,0.00,0.00,22456.05,22456.05,outside the killzone window
1676,2025.11.17 01:00:00,2025.11.17 03:30:00,DAY_SUMMARY,XAUUSD,M5,592,FLAT,NA,DAY,0,0.00,0.00,0.00,0.00,1.00,0.00,0.00,0.00,0.00,0.00,0.00,0.00,0.00,0.00,0.00,0.00,-0.00,-1.00,4086.91,4092.36,4108.65,4087.00,4092.54,-4.240,3.84,17.81,49.79,49.79,-2.06,-2.61,0.55,4133.87,4085.10,75,591,14.3,57.1,8,1,CROSS=EMA9>EMA21;TREND=1;STRUCT=1;VOL=1;COOL=1;EMA50=1;VWAP=1;BIAS=1,0.00,0.00,22456.05,22456.05,2025.11.14 trades=1 W=0 L=1 gross_profit=0.00 gross_loss=1.00 net=-1.00 PF=0.00
1677,2025.11.17 01:00:00,2025.11.17 03:30:00,WEEK_SUMMARY,XAUUSD,M5,592,FLAT,NA,DAY,0,0.00,0.00,0.00,0.00,1.00,0.00,0.00,0.00,0.00,0.00,0.00,0.00,0.00,0.00,0.00,0.00,-2.01,-225.51,4086.91,4092.36,4108.65,4087.00,4092.54,-4.240,3.84,17.81,49.79,49.79,-2.06,-2.61,0.55,4133.87,4085.10,75,591,14.3,57.1,8,1,CROSS=EMA9>EMA21;TREND=1;STRUCT=1;VOL=1;COOL=1;EMA50=1;VWAP=1;BIAS=1,0.00,0.00,22456.05,22456.05,days=3 trades=3 W=0 L=3 gross_profit=0.00 gross_loss=225.51 net=-225.51 PF=0.00 pips=-2719.0
1678,2025.11.17 11:40:00,2025.11.17 14:10:00,SKIP,XAUUSD,M5,592,FLAT,NA,DAY,0,0.00,0.00,0.00,0.00,1.00,0.00,0.00,0.00,0.00,0.00,0.00,0.00,0.00,0.00,0.00,0.00,0.00,0.00,4079.34,4079.27,4085.55,4078.99,4079.10,-1.357,4.63,28.94,59.05,59.05,1.94,1.03,0.91,4081.70,4086.02,765,842,85.7,0.0,7,1,CROSS=EMA9>EMA21;TREND=1;STRUCT=1;VOL=1;COOL=1;EMA50=1;VWAP=1;BIAS=1,0.00,0.00,22456.05,22456.05,already positioned that way
1679,2025.11.17 13:05:00,2025.11.17 15:35:00,SKIP,XAUUSD,M5,592,FLAT,NA,DAY,0,0.00,0.00,0.00,0.00,1.00,0.00,0.00,0.00,0.00,0.00,0.00,0.00,0.00,0.00,0.00,0.00,0.00,0.00,4079.59,4079.68,4084.64,4080.43,4080.10,-0.979,5.06,37.87,25.01,25.01,-2.71,0.27,-2.98,4081.60,4063.27,1024,726,0.0,100.0,7,1,CROSS=EMA9>EMA21;TREND=1;STRUCT=1;VOL=1;COOL=1;EMA50=1;VWAP=1;BIAS=1,0.00,0.00,22456.05,22456.05,outside the killzone window
1680,2025.11.17 15:05:00,2025.11.17 17:35:00,SKIP,XAUUSD,M5,592,FLAT,NA,EVENING,0,0.00,0.00,0.00,0.00,1.00,0.00,0.00,0.00,0.00,0.00,0.00,0.00,0.00,0.00,0.00,0.00,0.00,0.00,4079.11,4079.07,4082.92,4078.68,4078.86,-0.782,4.92,21.08,60.21,60.21,1.15,0.76,0.39,4081.06,4087.42,1114,742,85.7,0.0,7,1,CROSS=EMA9>EMA21;TREND=1;STRUCT=1;VOL=1;COOL=1;EMA50=1;VWAP=1;BIAS=1,0.00,0.00,22456.05,22456.05,already positioned that way
1681,2025.11.17 15:40:00,2025.11.17 18:10:00,ENTRY,XAUUSD,M5,594,SELL,FULLTGT,EVENING,0,4069.62,4081.55,4081.55,11.93,1.00,11.93,4057.69,4045.77,4033.84,4021.92,4009.99,0.09,0.09,0.09,4069.62,0.00,0.00,0.00,4078.91,4079.00,4082.57,4079.39,4079.24,-0.598,5.96,21.63,39.11,39.11,-0.53,0.82,-1.35,4080.97,4069.58,1248,810,0.0,85.7,11,1,CROSS=EMA9<EMA21;TREND=1;STRUCT=1;VOL=1;COOL=1;EMA50=1;VWAP=1;BIAS=1,0.00,0.00,22455.73,22454.74,KZ=NY; KZR=London L @ 4071.61 867 bars ago (low taken); EVENING 4PM-12AM IST session: stop x1.00 of usual; no partials; full size to TP5; SL steps BE->TP1->TP2->TP3
1682,2025.11.17 16:37:56,2025.11.17 19:07:56,EXIT_SL,XAUUSD,M5,594,SELL,FULLTGT,EVENING,0,4069.62,4081.55,4081.55,11.93,1.00,11.93,4057.69,4045.77,4033.84,4021.92,4009.99,0.09,0.09,0.00,4081.57,0.00,-1.00,-108.19,4074.29,4076.33,4080.68,4074.27,4076.37,-0.740,5.87,31.81,51.89,51.89,-2.65,-3.16,0.51,4079.97,4074.58,1426,1022,71.4,28.6,7,1,CROSS=EMA9<EMA21;TREND=1;STRUCT=1;VOL=1;COOL=1;EMA50=1;VWAP=1;BIAS=1,0.74,-1.00,22347.86,22347.86,stopped at the initial SL (x1.00 of usual)
1683,2025.11.18 01:00:00,2025.11.18 03:30:00,DAY_SUMMARY,XAUUSD,M5,594,FLAT,NA,DAY,0,0.00,0.00,0.00,0.00,1.00,0.00,0.00,0.00,0.00,0.00,0.00,0.00,0.00,0.00,0.00,0.00,-1.00,-108.19,4043.75,4051.77,4062.01,4043.66,4051.93,-3.532,2.90,43.49,57.21,57.21,1.18,0.11,1.07,4071.95,4045.52,157,562,57.1,28.6,7,1,CROSS=EMA9<EMA21;TREND=1;STRUCT=1;VOL=1;COOL=1;EMA50=1;VWAP=1;BIAS=1,0.00,0.00,22347.86,22347.86,2025.11.17 trades=1 W=0 L=1 gross_profit=0.00 gross_loss=108.19 net=-108.19 PF=0.00
1684,2025.11.18 11:10:00,2025.11.18 13:40:00,ENTRY,XAUUSD,M5,596,BUY,FULLTGT,DAY,0,4034.52,4021.86,4021.86,12.66,1.00,12.66,4047.18,4059.83,4072.49,4085.14,4097.80,0.08,0.08,0.08,4034.52,0.00,0.00,0.00,4022.45,4022.27,4030.43,4021.84,4021.96,-1.289,6.33,31.48,61.70,61.70,6.54,5.80,0.74,4023.57,4034.45,796,901,85.7,0.0,7,1,CROSS=EMA9>EMA21;TREND=1;STRUCT=1;VOL=1;COOL=1;EMA50=1;VWAP=1;BIAS=1,0.00,0.00,22347.58,22347.02,KZ=LONDON; KZR=Asia L @ 4004.90 23 bars ago (low taken); DAY 12AM-4PM IST session: stop x1.00 of usual; no partials; full size to TP5; SL steps BE->TP1->TP2->TP3
1685,2025.11.18 11:56:14,2025.11.18 14:26:14,SL_MOVE,XAUUSD,M5,596,BUY,FULLTGT,DAY,0,4034.52,4021.86,4034.52,12.66,1.00,12.66,4047.18,4059.83,4072.49,4085.14,4097.80,0.08,0.00,0.08,4034.52,1.00,0.00,0.00,4027.64,4025.17,4031.09,4026.88,4024.74,-1.201,4.92,20.10,65.52,65.52,4.94,5.46,-0.52,4024.35,4042.42,806,823,57.1,14.3,7,1,CROSS=EMA9>EMA21;TREND=1;STRUCT=1;VOL=1;COOL=1;EMA50=1;VWAP=1;BIAS=1,1.00,-0.34,22347.58,22448.94,stop to breakeven
1686,2025.11.18 11:56:14,2025.11.18 14:26:14,TP1_REACHED,XAUUSD,M5,596,BUY,FULLTGT,DAY,0,4034.52,4021.86,4034.52,12.66,1.00,12.66,4047.18,4059.83,4072.49,4085.14,4097.80,0.08,0.00,0.08,4047.18,1.00,1.00,0.00,4027.64,4025.17,4031.09,4026.88,4024.74,-1.201,4.92,20.10,65.52,65.52,4.94,5.46,-0.52,4024.35,4042.42,806,823,57.1,14.3,7,1,CROSS=EMA9>EMA21;TREND=1;STRUCT=1;VOL=1;COOL=1;EMA50=1;VWAP=1;BIAS=1,1.00,-0.34,22347.58,22448.94,full target: no partial booked
1687,2025.11.18 14:25:28,2025.11.18 16:55:28,EXIT_BE,XAUUSD,M5,596,BUY,FULLTGT,EVENING,0,4034.52,4021.86,4034.52,12.66,1.00,12.66,4047.18,4059.83,4072.49,4085.14,4097.80,0.08,0.08,0.00,4034.46,0.00,-0.00,-1.04,4039.89,4034.83,4034.96,4040.08,4034.79,-0.030,4.36,28.47,41.41,41.41,0.28,1.73,-1.45,4027.49,4036.36,802,697,28.6,71.4,7,1,CROSS=EMA9>EMA21;TREND=1;STRUCT=1;VOL=1;COOL=1;EMA50=1;VWAP=1;BIAS=1,1.26,-0.34,22346.82,22346.82,stopped at breakeven
1688,2025.11.19 01:00:00,2025.11.19 03:30:00,DAY_SUMMARY,XAUUSD,M5,596,FLAT,NA,DAY,0,0.00,0.00,0.00,0.00,1.00,0.00,0.00,0.00,0.00,0.00,0.00,0.00,0.00,0.00,0.00,0.00,-0.00,-1.04,4069.88,4067.07,4059.69,4070.01,4067.07,3.390,2.18,37.33,42.16,42.16,-1.59,-1.57,-0.02,4044.53,4067.29,147,520,28.6,57.1,13,1,CROSS=EMA9>EMA21;TREND=1;STRUCT=1;VOL=1;COOL=1;EMA50=1;VWAP=1;BIAS=1,0.00,0.00,22346.82,22346.82,2025.11.18 trades=1 W=0 L=1 gross_profit=0.00 gross_loss=1.04 net=-1.04 PF=0.00
1689,2025.11.19 04:05:00,2025.11.19 06:35:00,ENTRY,XAUUSD,M5,598,SELL,FULLTGT,DAY,0,4059.66,4069.61,4069.61,9.95,1.00,9.95,4049.71,4039.76,4029.81,4019.87,4009.92,0.11,0.11,0.11,4059.66,0.00,0.00,0.00,4067.97,4068.04,4063.21,4068.39,4068.25,0.972,4.97,42.83,37.19,37.19,-3.01,-2.16,-0.86,4068.37,4059.66,1006,718,14.3,85.7,7,1,CROSS=EMA9<EMA21;TREND=1;STRUCT=1;VOL=1;COOL=1;EMA50=1;VWAP=1;BIAS=1,0.00,0.00,22346.43,22345.66,KZ=ASIA; KZR=Asia L @ 4004.90 226 bars ago (low taken); DAY 12AM-4PM IST session: stop x1.00 of usual; no partials; full size to TP5; SL steps BE->TP1->TP2->TP3
1690,2025.11.19 04:33:40,2025.11.19 07:03:40,EXIT_SL,XAUUSD,M5,598,SELL,FULLTGT,DAY,0,4059.66,4069.61,4069.61,9.95,1.00,9.95,4049.71,4039.76,4029.81,4019.87,4009.92,0.11,0.11,0.00,4069.61,0.00,-1.00,-110.23,4066.63,4067.32,4063.13,4066.74,4067.39,0.921,4.55,30.81,48.29,48.29,-2.39,-2.73,0.34,4067.41,4064.39,730,789,14.3,71.4,7,1,CROSS=EMA9<EMA21;TREND=1;STRUCT=1;VOL=1;COOL=1;EMA50=1;VWAP=1;BIAS=1,0.11,-1.00,22236.59,22236.59,stopped at the initial SL (x1.00 of usual)
1691,2025.11.19 04:50:00,2025.11.19 07:20:00,ENTRY,XAUUSD,M5,600,BUY,FULLTGT,DAY,0,4077.35,4068.15,4068.15,9.20,1.00,9.20,4086.55,4095.74,4104.94,4114.14,4123.34,0.12,0.12,0.12,4077.35,0.00,0.00,0.00,4068.07,4068.00,4063.68,4067.60,4067.77,0.940,4.60,41.68,64.98,64.98,1.04,-1.68,2.72,4068.26,4077.28,922,825,85.7,14.3,7,1,CROSS=EMA9>EMA21;TREND=1;STRUCT=1;VOL=1;COOL=1;EMA50=1;VWAP=1;BIAS=1,0.00,0.00,22236.17,22235.33,KZ=ASIA; KZR=Asia L @ 4004.90 235 bars ago (low taken); DAY 12AM-4PM IST session: stop x1.00 of usual; no partials; full size to TP5; SL steps BE->TP1->TP2->TP3
1692,2025.11.19 05:57:39,2025.11.19 08:27:39,EXIT_SL,XAUUSD,M5,600,BUY,FULLTGT,DAY,0,4077.35,4068.15,4068.15,9.20,1.00,9.20,4086.55,4095.74,4104.94,4114.14,4123.34,0.12,0.12,0.00,4068.13,0.00,-1.00,-111.48,4070.78,4069.63,4065.21,4070.75,4069.58,1.247,3.54,26.57,49.95,49.95,1.35,1.81,-0.45,4069.69,4071.35,600,765,42.9,42.9,7,1,CROSS=EMA9>EMA21;TREND=1;STRUCT=1;VOL=1;COOL=1;EMA50=1;VWAP=1;BIAS=1,0.34,-0.99,22125.11,22125.11,stopped at the initial SL (x1.00 of usual)
1693,2025.11.19 18:35:00,2025.11.19 21:05:00,SKIP,XAUUSD,M5,600,FLAT,NA,EVENING,0,0.00,0.00,0.00,0.00,1.00,0.00,0.00,0.00,0.00,0.00,0.00,0.00,0.00,0.00,0.00,0.00,0.00,0.00,4104.56,4105.18,4098.29,4105.94,4105.88,0.730,9.44,60.22,31.22,31.22,-9.40,-5.82,-3.57,4094.12,4077.56,1433,1382,14.3,85.7,7,1,CROSS=EMA9>EMA21;TREND=1;STRUCT=1;VOL=1;COOL=1;EMA50=1;VWAP=1;BIAS=1,0.00,0.00,22125.11,22125.11,outside the killzone window
1694,2025.11.20 01:00:00,2025.11.20 03:30:00,DAY_SUMMARY,XAUUSD,M5,600,FLAT,NA,DAY,0,0.00,0.00,0.00,0.00,1.00,0.00,0.00,0.00,0.00,0.00,0.00,0.00,0.00,0.00,0.00,0.00,-2.00,-221.71,4078.08,4082.39,4086.24,4078.10,4082.51,-0.878,4.39,20.36,50.61,50.61,0.53,-0.22,0.76,4089.17,4077.76,310,626,42.9,28.6,8,1,CROSS=EMA9>EMA21;TREND=1;STRUCT=1;VOL=1;COOL=1;EMA50=1;VWAP=1;BIAS=1,0.00,0.00,22125.11,22125.11,2025.11.19 trades=2 W=0 L=2 gross_profit=0.00 gross_loss=221.71 net=-221.71 PF=0.00
1695,2025.11.20 02:00:00,2025.11.20 04:30:00,SKIP,XAUUSD,M5,600,FLAT,NA,DAY,0,0.00,0.00,0.00,0.00,1.00,0.00,0.00,0.00,0.00,0.00,0.00,0.00,0.00,0.00,0.00,0.00,0.00,0.00,4085.53,4085.41,4087.29,4084.56,4084.93,-0.377,4.99,32.75,72.45,72.45,6.44,4.17,2.26,4094.47,4104.55,635,539,85.7,14.3,7,1,CROSS=EMA9>EMA21;TREND=1;STRUCT=1;VOL=1;COOL=1;EMA50=1;VWAP=1;BIAS=1,0.00,0.00,22125.11,22125.11,already positioned that way
1696,2025.11.20 04:20:00,2025.11.20 06:50:00,ENTRY,XAUUSD,M5,602,SELL,FULLTGT,DAY,0,4050.67,4066.10,4066.10,15.43,1.00,15.43,4035.24,4019.80,4004.37,3988.93,3973.50,0.07,0.07,0.07,4050.67,0.00,0.00,0.00,4088.22,4088.68,4089.06,4090.15,4089.65,-0.049,7.72,46.64,16.04,16.04,-8.85,-3.14,-5.71,4092.42,4050.65,1359,993,0.0,100.0,7,1,CROSS=EMA9<EMA21;TREND=1;STRUCT=1;VOL=1;COOL=1;EMA50=1;VWAP=1;BIAS=1,0.00,0.00,22124.86,22124.37,KZ=ASIA; KZR=Asia L @ 4004.90 517 bars ago (low taken); DAY 12AM-4PM IST session: stop x1.00 of usual; no partials; full size to TP5; SL steps BE->TP1->TP2->TP3
1697,2025.11.20 04:49:38,2025.11.20 07:19:38,EXIT_SL,XAUUSD,M5,602,SELL,FULLTGT,DAY,0,4050.67,4066.10,4066.10,15.43,1.00,15.43,4035.24,4019.80,4004.37,3988.93,3973.50,0.07,0.07,0.00,4066.12,0.00,-1.00,-108.65,4081.20,4084.89,4087.08,4082.21,4085.48,-0.268,8.18,39.18,32.95,32.95,-11.01,-8.82,-2.19,4087.01,4061.42,916,1066,0.0,85.7,7,1,CROSS=EMA9<EMA21;TREND=1;STRUCT=1;VOL=1;COOL=1;EMA50=1;VWAP=1;BIAS=1,0.50,-1.00,22016.46,22016.46,stopped at the initial SL (x1.00 of usual)
1698,2025.11.20 14:50:00,2025.11.20 17:20:00,ENTRY,XAUUSD,M5,604,BUY,FULLTGT,EVENING,0,4078.35,4067.00,4067.00,11.35,1.00,11.35,4089.70,4101.05,4112.40,4123.76,4135.11,0.09,0.09,0.09,4078.35,0.00,0.00,0.00,4066.02,4065.85,4069.99,4065.39,4065.53,-0.730,5.68,52.12,64.18,64.18,4.44,2.99,1.45,4071.75,4078.27,626,702,85.7,0.0,7,1,CROSS=EMA9>EMA21;TREND=1;STRUCT=1;VOL=1;COOL=1;EMA50=1;VWAP=1;BIAS=1,0.00,0.00,22016.14,22015.51,KZ=NY; KZR=Asia L @ 4004.90 643 bars ago (low taken); EVENING 4PM-12AM IST session: stop x1.00 of usual; no partials; full size to TP5; SL steps BE->TP1->TP2->TP3
1699,2025.11.20 15:06:20,2025.11.20 17:36:20,SL_MOVE,XAUUSD,M5,604,BUY,FULLTGT,EVENING,0,4078.35,4067.00,4078.35,11.35,1.00,11.35,4089.70,4101.05,4112.40,4123.76,4135.11,0.09,0.00,0.09,4078.35,1.00,0.00,0.00,4068.41,4067.09,4070.47,4067.41,4066.57,-0.639,5.28,61.96,72.12,72.12,5.70,4.20,1.49,4071.97,4087.84,1197,734,100.0,0.0,7,1,CROSS=EMA9>EMA21;TREND=1;STRUCT=1;VOL=1;COOL=1;EMA50=1;VWAP=1;BIAS=1,1.00,-0.05,22016.14,22118.92,stop to breakeven
1700,2025.11.20 15:06:20,2025.11.20 17:36:20,TP1_REACHED,XAUUSD,M5,604,BUY,FULLTGT,EVENING,0,4078.35,4067.00,4078.35,11.35,1.00,11.35,4089.70,4101.05,4112.40,4123.76,4135.11,0.09,0.00,0.09,4089.70,1.00,1.00,0.00,4068.41,4067.09,4070.47,4067.41,4066.57,-0.639,5.28,61.96,72.12,72.12,5.70,4.20,1.49,4071.97,4087.84,1197,734,100.0,0.0,7,1,CROSS=EMA9>EMA21;TREND=1;STRUCT=1;VOL=1;COOL=1;EMA50=1;VWAP=1;BIAS=1,1.00,-0.05,22016.14,22118.92,full target: no partial booked
1701,2025.11.20 15:30:28,2025.11.20 18:00:28,EXIT_BE,XAUUSD,M5,604,BUY,FULLTGT,EVENING,0,4078.35,4067.00,4078.35,11.35,1.00,11.35,4089.70,4101.05,4112.40,4123.76,4135.11,0.09,0.09,0.00,4078.27,0.00,-0.01,-1.36,4072.91,4069.64,4071.58,4072.24,4069.23,-0.361,5.37,65.44,64.34,64.34,6.71,5.98,0.72,4072.65,4085.88,1009,840,85.7,14.3,50,1,CROSS=EMA9>EMA21;TREND=1;STRUCT=1;VOL=1;COOL=1;EMA50=1;VWAP=1;BIAS=1,1.41,-0.05,22015.10,22015.10,stopped at breakeven
1702,2025.11.20 19:00:00,2025.11.20 21:30:00,SKIP,XAUUSD,M5,604,FLAT,NA,EVENING,0,0.00,0.00,0.00,0.00,1.00,0.00,0.00,0.00,0.00,0.00,0.00,0.00,0.00,0.00,0.00,0.00,0.00,0.00,4074.79,4074.92,4074.61,4076.10,4075.57,0.035,8.93,39.40,31.21,31.21,-7.67,-5.03,-2.63,4074.82,4049.24,1501,1369,0.0,100.0,7,1,CROSS=EMA9>EMA21;TREND=1;STRUCT=1;VOL=1;COOL=1;EMA50=1;VWAP=1;BIAS=1,0.00,0.00,22015.10,22015.10,outside the killzone window
1703,2025.11.20 22:00:00,2025.11.21 00:30:00,SKIP,XAUUSD,M5,604,FLAT,NA,DAY,0,0.00,0.00,0.00,0.00,1.00,0.00,0.00,0.00,0.00,0.00,0.00,0.00,0.00,0.00,0.00,0.00,0.00,0.00,4070.98,4070.73,4071.73,4070.28,4070.38,-0.190,5.25,42.41,68.07,68.07,5.53,3.84,1.69,4072.80,4084.58,1086,1173,85.7,0.0,7,1,CROSS=EMA9>EMA21;TREND=1;STRUCT=1;VOL=1;COOL=1;EMA50=1;VWAP=1;BIAS=1,0.00,0.00,22015.10,22015.10,outside the killzone window
1704,2025.11.21 01:00:00,2025.11.21 03:30:00,DAY_SUMMARY,XAUUSD,M5,604,FLAT,NA,DAY,0,0.00,0.00,0.00,0.00,1.00,0.00,0.00,0.00,0.00,0.00,0.00,0.00,0.00,0.00,0.00,0.00,-1.01,-110.01,4075.81,4073.96,4073.33,4075.74,4073.88,0.243,2.62,12.27,50.63,50.63,0.82,1.31,-0.49,4073.09,4077.20,156,550,57.1,14.3,11,1,CROSS=EMA9>EMA21;TREND=1;STRUCT=1;VOL=1;COOL=1;EMA50=1;VWAP=1;BIAS=1,0.00,0.00,22015.10,22015.10,2025.11.20 trades=2 W=0 L=2 gross_profit=0.00 gross_loss=110.01 net=-110.01 PF=0.00
1705,2025.11.21 03:25:00,2025.11.21 05:55:00,ENTRY,XAUUSD,M5,606,SELL,FULLTGT,DAY,0,4064.08,4074.23,4074.23,10.15,1.00,10.15,4053.93,4043.78,4033.63,4023.48,4013.33,0.10,0.10,0.10,4064.08,0.00,0.00,0.00,4074.60,4074.67,4074.10,4075.14,4074.94,0.112,5.07,29.33,35.51,35.51,-3.51,-1.91,-1.60,4075.16,4064.09,1015,647,0.0,100.0,7,1,CROSS=EMA9<EMA21;TREND=1;STRUCT=1;VOL=1;COOL=1;EMA50=1;VWAP=1;BIAS=1,0.00,0.00,22014.75,22014.05,KZ=ASIA; KZR=Asia L @ 4004.90 794 bars ago (low taken); DAY 12AM-4PM IST session: stop x1.00 of usual; no partials; full size to TP5; SL steps BE->TP1->TP2->TP3
1706,2025.11.21 03:55:14,2025.11.21 06:25:14,EXIT_SL,XAUUSD,M5,606,SELL,FULLTGT,DAY,0,4064.08,4074.23,4074.23,10.15,1.00,10.15,4053.93,4043.78,4033.63,4023.48,4013.33,0.10,0.10,0.00,4074.23,0.00,-1.00,-102.20,4072.26,4073.38,4073.47,4072.23,4073.40,-0.019,4.76,30.40,53.00,53.00,-2.98,-3.64,0.66,4072.72,4072.70,915,744,71.4,28.6,7,1,CROSS=EMA9<EMA21;TREND=1;STRUCT=1;VOL=1;COOL=1;EMA50=1;VWAP=1;BIAS=1,0.34,-1.00,21912.90,21912.90,stopped at the initial SL (x1.00 of usual)
1707,2025.11.21 15:00:00,2025.11.21 17:30:00,ENTRY,XAUUSD,M5,608,BUY,FULLTGT,EVENING,0,4066.14,4051.43,4051.43,14.71,1.00,14.71,4080.85,4095.56,4110.27,4124.97,4139.68,0.07,0.07,0.07,4066.14,0.00,0.00,0.00,4046.87,4046.61,4051.36,4045.89,4046.12,-0.647,7.35,43.92,68.62,68.62,6.24,3.00,3.25,4051.95,4065.96,1117,998,100.0,0.0,7,1,CROSS=EMA9>EMA21;TREND=1;STRUCT=1;VOL=1;COOL=1;EMA50=1;VWAP=1;BIAS=1,0.00,0.00,21912.65,21912.16,KZ=NY; KZR=NY L @ 4031.28 78 bars ago (low taken); EVENING 4PM-12AM IST session: stop x1.00 of usual; no partials; full size to TP5; SL steps BE->TP1->TP2->TP3
1708,2025.11.21 15:57:41,2025.11.21 18:27:41,SL_MOVE,XAUUSD,M5,608,BUY,FULLTGT,EVENING,0,4066.14,4051.43,4066.14,14.71,1.00,14.71,4080.85,4095.56,4110.27,4124.97,4139.68,0.07,0.00,0.07,4066.14,1.00,0.00,0.00,4056.22,4051.88,4053.54,4055.09,4051.22,-0.265,6.27,60.66,71.55,71.55,7.69,6.77,0.92,4053.23,4078.12,1151,1184,85.7,0.0,7,1,CROSS=EMA9>EMA21;TREND=1;STRUCT=1;VOL=1;COOL=1;EMA50=1;VWAP=1;BIAS=1,1.00,-0.46,21912.65,22015.69,stop to breakeven
1709,2025.11.21 15:57:41,2025.11.21 18:27:41,TP1_REACHED,XAUUSD,M5,608,BUY,FULLTGT,EVENING,0,4066.14,4051.43,4066.14,14.71,1.00,14.71,4080.85,4095.56,4110.27,4124.97,4139.68,0.07,0.00,0.07,4080.85,1.00,1.00,0.00,4056.22,4051.88,4053.54,4055.09,4051.22,-0.265,6.27,60.66,71.55,71.55,7.69,6.77,0.92,4053.23,4078.12,1151,1184,85.7,0.0,7,1,CROSS=EMA9>EMA21;TREND=1;STRUCT=1;VOL=1;COOL=1;EMA50=1;VWAP=1;BIAS=1,1.00,-0.46,21912.65,22015.69,full target: no partial booked
1710,2025.11.21 16:25:00,2025.11.21 18:55:00,EXIT_BE,XAUUSD,M5,608,BUY,FULLTGT,EVENING,0,4066.14,4051.43,4066.14,14.71,1.00,14.71,4080.85,4095.56,4110.27,4124.97,4139.68,0.07,0.07,0.00,4066.13,0.00,-0.00,-0.57,4060.82,4054.98,4055.04,4060.53,4054.69,-0.010,5.46,49.09,51.50,51.50,5.86,7.32,-1.46,4054.16,4066.39,1132,1167,71.4,14.3,7,1,CROSS=EMA9>EMA21;TREND=1;STRUCT=1;VOL=1;COOL=1;EMA50=1;VWAP=1;BIAS=1,1.21,-0.46,21912.33,21912.33,stopped at breakeven
1711,2025.11.21 23:25:00,2025.11.22 01:55:00,SKIP,XAUUSD,M5,608,FLAT,NA,DAY,0,0.00,0.00,0.00,0.00,1.00,0.00,0.00,0.00,0.00,0.00,0.00,0.00,0.00,0.00,0.00,0.00,0.00,0.00,4073.10,4073.20,4068.92,4073.59,4073.45,0.618,6.93,38.94,41.43,41.43,-6.10,-6.13,0.03,4062.08,4063.53,369,854,28.6,57.1,7,1,CROSS=EMA9>EMA21;TREND=1;STRUCT=1;VOL=1;COOL=1;EMA50=1;VWAP=1;BIAS=1,0.00,0.00,21912.33,21912.33,outside the killzone window
1712,2025.11.24 01:00:00,2025.11.24 03:30:00,DAY_SUMMARY,XAUUSD,M5,608,FLAT,NA,DAY,0,0.00,0.00,0.00,0.00,1.00,0.00,0.00,0.00,0.00,0.00,0.00,0.00,0.00,0.00,0.00,0.00,-1.00,-102.77,4070.75,4071.90,4068.60,4071.04,4072.07,0.753,4.39,24.77,44.83,44.83,-3.22,-4.82,1.59,4062.10,4065.26,80,722,28.6,42.9,8,1,CROSS=EMA9>EMA21;TREND=1;STRUCT=1;VOL=1;COOL=1;EMA50=1;VWAP=1;BIAS=1,0.00,0.00,21912.33,21912.33,2025.11.21 trades=2 W=0 L=2 gross_profit=0.00 gross_loss=102.77 net=-102.77 PF=0.00
1713,2025.11.24 01:00:00,2025.11.24 03:30:00,WEEK_SUMMARY,XAUUSD,M5,608,FLAT,NA,DAY,0,0.00,0.00,0.00,0.00,1.00,0.00,0.00,0.00,0.00,0.00,0.00,0.00,0.00,0.00,0.00,0.00,-5.02,-543.72,4070.75,4071.90,4068.60,4071.04,4072.07,0.753,4.39,24.77,44.83,44.83,-3.22,-4.82,1.59,4062.10,4065.26,80,722,28.6,42.9,8,1,CROSS=EMA9>EMA21;TREND=1;STRUCT=1;VOL=1;COOL=1;EMA50=1;VWAP=1;BIAS=1,0.00,0.00,21912.33,21912.33,days=5 trades=8 W=0 L=8 gross_profit=0.00 gross_loss=543.72 net=-543.72 PF=0.00 pips=-5687.0
1714,2025.11.24 10:10:00,2025.11.24 12:40:00,SKIP,XAUUSD,M5,608,FLAT,NA,DAY,0,0.00,0.00,0.00,0.00,1.00,0.00,0.00,0.00,0.00,0.00,0.00,0.00,0.00,0.00,0.00,0.00,0.00,0.00,4054.97,4054.89,4057.62,4054.58,4054.70,-0.602,4.54,25.26,62.08,62.08,2.95,2.43,0.53,4054.22,4062.45,644,700,85.7,0.0,7,1,CROSS=EMA9>EMA21;TREND=1;STRUCT=1;VOL=1;COOL=1;EMA50=1;VWAP=1;BIAS=1,0.00,0.00,21912.33,21912.33,already positioned that way
1715,2025.11.25 10:45:00,2025.11.25 13:15:00,ENTRY,XAUUSD,M5,610,SELL,FULLTGT,DAY,0,4127.58,4137.10,4137.10,9.52,1.00,9.52,4118.06,4108.54,4099.02,4089.51,4079.99,0.11,0.11,0.11,4127.58,0.00,0.00,0.00,4138.21,4138.47,4130.42,4138.75,4138.75,1.693,4.76,28.64,31.96,31.96,-3.21,-2.55,-0.66,4139.69,4127.58,648,825,0.0,85.7,7,1,CROSS=EMA9<EMA21;TREND=1;STRUCT=1;VOL=1;COOL=1;EMA50=1;VWAP=1;BIAS=1,0.00,0.00,21911.94,21911.17,KZ=LONDON; KZR=NY H @ 4132.83 145 bars ago (high taken); DAY 12AM-4PM IST session: stop x1.00 of usual; no partials; full size to TP5; SL steps BE->TP1->TP2->TP3
1716,2025.11.25 10:51:40,2025.11.25 13:21:40,SL_MOVE,XAUUSD,M5,610,SELL,FULLTGT,DAY,0,4127.58,4137.10,4127.58,9.52,1.00,9.52,4118.06,4108.54,4099.02,4089.51,4079.99,0.11,0.00,0.11,4127.58,1.00,0.00,0.00,4137.51,4138.11,4130.33,4138.21,4138.47,1.676,4.64,31.95,27.77,27.77,-3.73,-2.67,-1.06,4139.55,4123.80,849,832,0.0,100.0,7,1,CROSS=EMA9<EMA21;TREND=1;STRUCT=1;VOL=1;COOL=1;EMA50=1;VWAP=1;BIAS=1,1.00,-0.07,21911.94,22016.77,stop to breakeven
1717,2025.11.25 10:51:40,2025.11.25 13:21:40,TP1_REACHED,XAUUSD,M5,610,SELL,FULLTGT,DAY,0,4127.58,4137.10,4127.58,9.52,1.00,9.52,4118.06,4108.54,4099.02,4089.51,4079.99,0.11,0.00,0.11,4118.06,1.00,1.00,0.00,4137.51,4138.11,4130.33,4138.21,4138.47,1.676,4.64,31.95,27.77,27.77,-3.73,-2.67,-1.06,4139.55,4123.80,849,832,0.0,100.0,7,1,CROSS=EMA9<EMA21;TREND=1;STRUCT=1;VOL=1;COOL=1;EMA50=1;VWAP=1;BIAS=1,1.00,-0.07,21911.94,22016.77,full target: no partial booked
1718,2025.11.25 11:13:24,2025.11.25 13:43:24,EXIT_BE,XAUUSD,M5,610,SELL,FULLTGT,DAY,0,4127.58,4137.10,4127.58,9.52,1.00,9.52,4118.06,4108.54,4099.02,4089.51,4079.99,0.11,0.11,0.00,4127.60,0.00,-0.00,-1.00,4134.10,4136.26,4129.76,4134.66,4136.58,1.138,5.71,35.61,39.46,39.46,-5.40,-3.99,-1.41,4138.75,4123.32,841,850,0.0,85.7,7,1,CROSS=EMA9<EMA21;TREND=1;STRUCT=1;VOL=1;COOL=1;EMA50=1;VWAP=1;BIAS=1,1.88,-0.07,21911.33,21911.33,stopped at breakeven
1719,2025.11.25 15:35:00,2025.11.25 18:05:00,ENTRY,XAUUSD,M5,612,BUY,FULLTGT,EVENING,0,4143.72,4131.09,4131.09,12.63,1.00,12.63,4156.35,4168.98,4181.61,4194.25,4206.88,0.08,0.08,0.08,4143.72,0.00,0.00,0.00,4134.04,4133.96,4131.17,4133.55,4133.72,0.443,6.32,40.79,62.32,62.32,2.55,0.42,2.14,4136.72,4143.71,1048,935,100.0,0.0,8,1,CROSS=EMA9>EMA21;TREND=1;STRUCT=1;VOL=1;COOL=1;EMA50=1;VWAP=1;BIAS=1,0.00,0.00,21911.05,21910.41,KZ=NY; KZR=London H @ 4139.45 4 bars ago (high taken); EVENING 4PM-12AM IST session: stop x1.00 of usual; no partials; full size to TP5; SL steps BE->TP1->TP2->TP3
1720,2025.11.25 16:31:30,2025.11.25 19:01:30,EXIT_SL,XAUUSD,M5,612,BUY,FULLTGT,EVENING,0,4143.72,4131.09,4131.09,12.63,1.00,12.63,4156.35,4168.98,4181.61,4194.25,4206.88,0.08,0.08,0.00,4131.05,0.00,-1.00,-101.92,4137.88,4136.23,4132.75,4138.05,4136.27,0.652,5.33,30.21,43.05,43.05,1.72,3.35,-1.63,4137.25,4134.62,1256,1027,14.3,85.7,7,1,CROSS=EMA9>EMA21;TREND=1;STRUCT=1;VOL=1;COOL=1;EMA50=1;VWAP=1;BIAS=1,0.56,-1.00,21809.41,21809.41,stopped at the initial SL (x1.00 of usual)
1721,2025.11.25 16:55:00,2025.11.25 19:25:00,ENTRY,XAUUSD,M5,614,SELL,FULLTGT,EVENING,0,4121.80,4136.04,4136.04,14.24,1.00,14.24,4107.56,4093.33,4079.09,4064.85,4050.61,0.07,0.07,0.07,4121.80,0.00,0.00,0.00,4134.23,4134.50,4132.07,4134.87,4134.82,0.341,7.12,43.40,36.66,36.66,-3.92,0.09,-4.01,4136.48,4121.82,1540,1139,14.3,85.7,6,1,CROSS=EMA9<EMA21;TREND=1;STRUCT=1;VOL=1;COOL=1;EMA50=1;VWAP=1;BIAS=1,0.00,0.00,21809.16,21808.74,KZ=NY; KZR=London H @ 4139.45 20 bars ago (high taken); EVENING 4PM-12AM IST session: stop x1.00 of usual; no partials; full size to TP5; SL steps BE->TP1->TP2->TP3
1722,2025.11.25 18:17:04,2025.11.25 20:47:04,EXIT_SL,XAUUSD,M5,614,SELL,FULLTGT,EVENING,0,4121.80,4136.04,4136.04,14.24,1.00,14.24,4107.56,4093.33,4079.09,4064.85,4050.61,0.07,0.07,0.00,4136.09,0.00,-1.00,-100.53,4130.83,4132.36,4131.34,4130.81,4132.39,0.173,5.95,15.11,51.62,51.62,-1.44,-1.92,0.48,4135.48,4131.27,1114,1238,42.9,28.6,7,1,CROSS=EMA9<EMA21;TREND=1;STRUCT=1;VOL=1;COOL=1;EMA50=1;VWAP=1;BIAS=1,0.28,-1.00,21708.88,21708.88,stopped at the initial SL (x1.00 of usual)
1723,2025.11.25 19:05:00,2025.11.25 21:35:00,SKIP,XAUUSD,M5,614,FLAT,NA,EVENING,0,0.00,0.00,0.00,0.00,1.00,0.00,0.00,0.00,0.00,0.00,0.00,0.00,0.00,0.00,0.00,0.00,0.00,0.00,4134.01,4133.79,4132.21,4133.32,4133.45,0.274,5.77,17.20,63.77,63.77,2.58,1.48,1.09,4135.67,4147.36,1528,1025,85.7,0.0,7,1,CROSS=EMA9<EMA21;TREND=1;STRUCT=1;VOL=1;COOL=1;EMA50=1;VWAP=1;BIAS=1,0.00,0.00,21708.88,21708.88,outside the killzone window
1724,2025.11.25 22:20:00,2025.11.26 00:50:00,SKIP,XAUUSD,M5,614,FLAT,NA,DAY,0,0.00,0.00,0.00,0.00,1.00,0.00,0.00,0.00,0.00,0.00,0.00,0.00,0.00,0.00,0.00,0.00,0.00,0.00,4137.25,4137.27,4135.33,4137.32,4137.31,0.524,3.71,36.69,48.73,48.73,-1.56,-2.69,1.12,4136.75,4135.92,628,801,14.3,71.4,7,1,CROSS=EMA9<EMA21;TREND=1;STRUCT=1;VOL=1;COOL=1;EMA50=1;VWAP=1;BIAS=1,0.00,0.00,21708.88,21708.88,outside the killzone window
1725,2025.11.26 01:00:00,2025.11.26 03:30:00,DAY_SUMMARY,XAUUSD,M5,614,FLAT,NA,DAY,0,0.00,0.00,0.00,0.00,1.00,0.00,0.00,0.00,0.00,0.00,0.00,0.00,0.00,0.00,0.00,0.00,-2.01,-203.45,4133.57,4135.02,4134.50,4133.73,4135.13,0.229,2.25,17.89,43.55,43.55,-1.17,-1.44,0.26,4136.55,4130.64,164,469,14.3,57.1,8,1,CROSS=EMA9<EMA21;TREND=1;STRUCT=1;VOL=1;COOL=1;EMA50=1;VWAP=1;BIAS=1,0.00,0.00,21708.88,21708.88,2025.11.25 trades=3 W=0 L=3 gross_profit=0.00 gross_loss=203.45 net=-203.45 PF=0.00
1726,2025.11.26 02:45:00,2025.11.26 05:15:00,ENTRY,XAUUSD,M5,616,BUY,FULLTGT,DAY,0,4139.61,4133.84,4133.84,5.77,1.00,5.77,4145.38,4151.14,4156.91,4162.68,4168.45,0.18,0.18,0.18,4139.61,0.00,0.00,0.00,4135.68,4135.59,4134.90,4135.48,4135.48,0.239,2.88,31.43,59.79,59.79,1.93,1.35,0.58,4136.49,4139.56,491,362,85.7,14.3,5,1,CROSS=EMA9>EMA21;TREND=1;STRUCT=1;VOL=1;COOL=1;EMA50=1;VWAP=1;BIAS=1,0.00,0.00,21708.25,21707.35,KZ=ASIA; KZR=Asia H @ 4155.86 86 bars ago (high taken); DAY 12AM-4PM IST session: stop x1.00 of usual; no partials; full size to TP5; SL steps BE->TP1->TP2->TP3
1727,2025.11.26 03:08:41,2025.11.26 05:38:41,SL_MOVE,XAUUSD,M5,616,BUY,FULLTGT,DAY,0,4139.61,4133.84,4139.61,5.77,1.00,5.77,4145.38,4151.14,4156.91,4162.68,4168.45,0.18,0.00,0.18,4139.61,1.00,0.00,0.00,4136.45,4135.99,4135.14,4136.19,4135.85,0.246,3.48,24.56,59.97,59.97,1.91,1.79,0.12,4137.35,4141.44,940,433,71.4,14.3,5,1,CROSS=EMA9>EMA21;TREND=1;STRUCT=1;VOL=1;COOL=1;EMA50=1;VWAP=1;BIAS=1,0.99,-0.84,21708.25,21812.65,stop to breakeven
1728,2025.11.26 03:08:41,2025.11.26 05:38:41,TP1_REACHED,XAUUSD,M5,616,BUY,FULLTGT,DAY,0,4139.61,4133.84,4139.61,5.77,1.00,5.77,4145.38,4151.14,4156.91,4162.68,4168.45,0.18,0.00,0.18,4145.38,1.00,1.00,0.00,4136.45,4135.99,4135.14,4136.19,4135.85,0.246,3.48,24.56,59.97,59.97,1.91,1.79,0.12,4137.35,4141.44,940,433,71.4,14.3,5,1,CROSS=EMA9>EMA21;TREND=1;STRUCT=1;VOL=1;COOL=1;EMA50=1;VWAP=1;BIAS=1,0.99,-0.84,21708.25,21812.65,full target: no partial booked
1729,2025.11.26 03:14:04,2025.11.26 05:44:04,EXIT_BE,XAUUSD,M5,616,BUY,FULLTGT,DAY,0,4139.61,4133.84,4139.61,5.77,1.00,5.77,4145.38,4151.14,4156.91,4162.68,4168.45,0.18,0.18,0.00,4139.61,0.00,0.00,-1.26,4136.81,4136.19,4135.25,4136.45,4135.99,0.253,3.72,25.40,64.16,64.16,2.15,1.86,0.29,4137.72,4143.94,661,455,100.0,0.0,5,1,CROSS=EMA9>EMA21;TREND=1;STRUCT=1;VOL=1;COOL=1;EMA50=1;VWAP=1;BIAS=1,1.06,-0.84,21707.62,21707.62,stopped at breakeven
1730,2025.11.26 16:05:00,2025.11.26 18:35:00,ENTRY,XAUUSD,M5,618,SELL,FULLTGT,EVENING,0,4156.37,4166.19,4166.19,9.82,1.00,9.82,4146.55,4136.74,4126.92,4117.11,4107.29,0.11,0.11,0.11,4156.37,0.00,0.00,0.00,4160.26,4160.29,4156.96,4160.46,4160.39,0.680,4.91,19.36,45.14,45.14,-2.41,-1.63,-0.78,4157.77,4156.37,996,955,14.3,71.4,7,1,CROSS=EMA9<EMA21;TREND=1;STRUCT=1;VOL=1;COOL=1;EMA50=1;VWAP=1;BIAS=1,0.00,0.00,21707.23,21706.46,KZ=NY; KZR=London H @ 4168.61 30 bars ago (high taken); EVENING 4PM-12AM IST session: stop x1.00 of usual; no partials; full size to TP5; SL steps BE->TP1->TP2->TP3
1731,2025.11.26 16:08:17,2025.11.26 18:38:17,SL_MOVE,XAUUSD,M5,618,SELL,FULLTGT,EVENING,0,4156.37,4166.19,4156.37,9.82,1.00,9.82,4146.55,4136.74,4126.92,4117.11,4107.29,0.11,0.00,0.11,4156.37,1.00,0.00,0.00,4160.26,4160.29,4156.96,4160.46,4160.39,0.680,4.91,19.36,45.14,45.14,-2.41,-1.63,-0.78,4157.77,4156.37,996,955,14.3,71.4,7,1,CROSS=EMA9<EMA21;TREND=1;STRUCT=1;VOL=1;COOL=1;EMA50=1;VWAP=1;BIAS=1,0.99,-0.06,21707.23,21815.36,stop to breakeven
1732,2025.11.26 16:08:17,2025.11.26 18:38:17,TP1_REACHED,XAUUSD,M5,618,SELL,FULLTGT,EVENING,0,4156.37,4166.19,4156.37,9.82,1.00,9.82,4146.55,4136.74,4126.92,4117.11,4107.29,0.11,0.00,0.11,4146.55,1.00,1.00,0.00,4160.26,4160.29,4156.96,4160.46,4160.39,0.680,4.91,19.36,45.14,45.14,-2.41,-1.63,-0.78,4157.77,4156.37,996,955,14.3,71.4,7,1,CROSS=EMA9<EMA21;TREND=1;STRUCT=1;VOL=1;COOL=1;EMA50=1;VWAP=1;BIAS=1,0.99,-0.06,21707.23,21815.36,full target: no partial booked
1733,2025.11.26 17:00:40,2025.11.26 19:30:40,SL_MOVE,XAUUSD,M5,618,SELL,FULLTGT,EVENING,0,4156.37,4166.19,4146.55,9.82,1.00,9.82,4146.55,4136.74,4126.92,4117.11,4107.29,0.11,0.00,0.11,4146.55,2.00,0.00,0.00,4154.95,4157.26,4155.77,4155.61,4157.65,0.230,6.51,16.26,37.17,37.17,-3.56,-3.72,0.16,4156.86,4141.97,1235,1089,14.3,71.4,6,1,CROSS=EMA9<EMA21;TREND=1;STRUCT=1;VOL=1;COOL=1;EMA50=1;VWAP=1;BIAS=1,2.00,-0.06,21707.23,21923.71,stop trailed to TP1
1734,2025.11.26 17:00:40,2025.11.26 19:30:40,TP2_REACHED,XAUUSD,M5,618,SELL,FULLTGT,EVENING,0,4156.37,4166.19,4146.55,9.82,1.00,9.82,4146.55,4136.74,4126.92,4117.11,4107.29,0.11,0.00,0.11,4136.74,2.00,2.00,0.00,4154.95,4157.26,4155.77,4155.61,4157.65,0.230,6.51,16.26,37.17,37.17,-3.56,-3.72,0.16,4156.86,4141.97,1235,1089,14.3,71.4,6,1,CROSS=EMA9<EMA21;TREND=1;STRUCT=1;VOL=1;COOL=1;EMA50=1;VWAP=1;BIAS=1,2.00,-0.06,21707.23,21923.71,full target: no partial booked
1735,2025.11.26 17:09:03,2025.11.26 19:39:03,EXIT_TRAIL_SL,XAUUSD,M5,618,SELL,FULLTGT,EVENING,0,4156.37,4166.19,4146.55,9.82,1.00,9.82,4146.55,4136.74,4126.92,4117.11,4107.29,0.11,0.11,0.00,4146.56,0.00,1.00,107.13,4154.35,4156.91,4155.60,4154.95,4157.26,0.189,6.88,20.54,38.24,38.24,-3.80,-3.73,-0.08,4156.70,4142.71,1312,1110,14.3,71.4,6,1,CROSS=EMA9<EMA21;TREND=1;STRUCT=1;VOL=1;COOL=1;EMA50=1;VWAP=1;BIAS=1,2.02,-0.06,21814.75,21814.75,stopped at a trailed level
1736,2025.11.26 18:35:00,2025.11.26 21:05:00,SKIP,XAUUSD,M5,618,FLAT,NA,EVENING,0,0.00,0.00,0.00,0.00,1.00,0.00,0.00,0.00,0.00,0.00,0.00,0.00,0.00,0.00,0.00,0.00,0.00,0.00,4158.12,4158.12,4156.50,4157.87,4158.00,0.436,3.73,42.46,58.45,58.45,2.57,2.51,0.06,4156.98,4163.02,715,1077,85.7,0.0,7,1,CROSS=EMA9<EMA21;TREND=1;STRUCT=1;VOL=1;COOL=1;EMA50=1;VWAP=1;BIAS=1,0.00,0.00,21814.75,21814.75,outside the killzone window
1737,2025.11.27 01:00:00,2025.11.27 03:30:00,DAY_SUMMARY,XAUUSD,M5,618,FLAT,NA,DAY,0,0.00,0.00,0.00,0.00,1.00,0.00,0.00,0.00,0.00,0.00,0.00,0.00,0.00,0.00,0.00,0.00,1.00,105.87,4164.54,4163.78,4161.45,4164.58,4163.78,1.181,1.97,18.42,46.76,46.76,-0.20,-0.30,0.11,4158.89,4163.70,169,536,42.9,28.6,50,1,CROSS=EMA9<EMA21;TREND=1;STRUCT=1;VOL=1;COOL=1;EMA50=1;VWAP=1;BIAS=1,0.00,0.00,21814.75,21814.75,2025.11.26 trades=2 W=1 L=1 gross_profit=107.13 gross_loss=1.26 net=105.87 PF=85.02
1738,2025.11.27 03:20:00,2025.11.27 05:50:00,SKIP,XAUUSD,M5,618,FLAT,NA,DAY,0,0.00,0.00,0.00,0.00,1.00,0.00,0.00,0.00,0.00,0.00,0.00,0.00,0.00,0.00,0.00,0.00,0.00,0.00,4163.59,4163.79,4162.22,4164.23,4164.12,0.549,2.86,24.15,22.51,22.51,-2.12,-0.55,-1.57,4163.18,4150.93,1157,509,0.0,85.7,7,1,CROSS=EMA9<EMA21;TREND=1;STRUCT=1;VOL=1;COOL=1;EMA50=1;VWAP=1;BIAS=1,0.00,0.00,21814.75,21814.75,already positioned that way
1739,2025.11.27 09:40:00,2025.11.27 12:10:00,ENTRY,XAUUSD,M5,620,BUY,FULLTGT,DAY,0,4159.79,4153.88,4153.88,5.91,1.00,5.91,4165.70,4171.61,4177.52,4183.44,4189.35,0.18,0.18,0.18,4159.79,0.00,0.00,0.00,4154.95,4154.86,4156.31,4154.70,4154.74,-0.491,2.96,27.29,60.21,60.21,2.19,2.12,0.07,4154.46,4159.73,702,757,85.7,0.0,7,1,CROSS=EMA9>EMA21;TREND=1;STRUCT=1;VOL=1;COOL=1;EMA50=1;VWAP=1;BIAS=1,0.00,0.00,21814.12,21812.86,KZ=LONDON; KZR=NY H @ 4166.69 179 bars ago (high taken); DAY 12AM-4PM IST session: stop x1.00 of usual; no partials; full size to TP5; SL steps BE->TP1->TP2->TP3
1740,2025.11.27 10:30:13,2025.11.27 13:00:13,SL_MOVE,XAUUSD,M5,620,BUY,FULLTGT,DAY,0,4159.79,4153.88,4159.79,5.91,1.00,5.91,4165.70,4171.61,4177.52,4183.44,4189.35,0.18,0.00,0.18,4159.79,1.00,0.00,0.00,4157.66,4156.38,4156.94,4157.28,4156.16,-0.236,2.39,41.84,68.10,68.10,2.39,2.11,0.29,4155.15,4165.05,737,735,100.0,0.0,7,1,CROSS=EMA9>EMA21;TREND=1;STRUCT=1;VOL=1;COOL=1;EMA50=1;VWAP=1;BIAS=1,0.99,-0.32,21814.12,21920.68,stop to breakeven
1741,2025.11.27 10:30:13,2025.11.27 13:00:13,TP1_REACHED,XAUUSD,M5,620,BUY,FULLTGT,DAY,0,4159.79,4153.88,4159.79,5.91,1.00,5.91,4165.70,4171.61,4177.52,4183.44,4189.35,0.18,0.00,0.18,4165.70,1.00,1.00,0.00,4157.66,4156.38,4156.94,4157.28,4156.16,-0.236,2.39,41.84,68.10,68.10,2.39,2.11,0.29,4155.15,4165.05,737,735,100.0,0.0,7,1,CROSS=EMA9>EMA21;TREND=1;STRUCT=1;VOL=1;COOL=1;EMA50=1;VWAP=1;BIAS=1,0.99,-0.32,21814.12,21920.68,full target: no partial booked
1742,2025.11.27 11:02:41,2025.11.27 13:32:41,EXIT_BE,XAUUSD,M5,620,BUY,FULLTGT,DAY,0,4159.79,4153.88,4159.79,5.91,1.00,5.91,4165.70,4171.61,4177.52,4183.44,4189.35,0.18,0.18,0.00,4159.76,0.00,-0.01,-1.80,4159.56,4157.57,4157.52,4159.24,4157.36,0.023,2.37,55.43,66.09,66.09,2.49,2.38,0.11,4155.61,4165.86,582,673,85.7,0.0,7,1,CROSS=EMA9>EMA21;TREND=1;STRUCT=1;VOL=1;COOL=1;EMA50=1;VWAP=1;BIAS=1,1.24,-0.32,21812.95,21812.95,stopped at breakeven
1743,2025.11.27 15:10:00,2025.11.27 17:40:00,ENTRY,XAUUSD,M5,622,SELL,FULLTGT,EVENING,0,4150.31,4155.22,4155.22,4.91,1.00,4.91,4145.40,4140.50,4135.59,4130.69,4125.78,0.22,0.22,0.22,4150.31,0.00,0.00,0.00,4156.89,4156.96,4157.14,4157.23,4157.13,-0.071,2.45,24.69,32.06,32.06,-1.14,-0.26,-0.88,4155.81,4150.39,814,454,0.0,85.7,10,1,CROSS=EMA9<EMA21;TREND=1;STRUCT=1;VOL=1;COOL=1;EMA50=1;VWAP=1;BIAS=1,0.00,0.00,21812.18,21809.98,KZ=NY; KZR=NY H @ 4166.69 245 bars ago (high taken); EVENING 4PM-12AM IST session: stop x1.00 of usual; no partials; full size to TP5; SL steps BE->TP1->TP2->TP3
1744,2025.11.27 15:31:38,2025.11.27 18:01:38,EXIT_SL,XAUUSD,M5,622,SELL,FULLTGT,EVENING,0,4150.31,4155.22,4155.22,4.91,1.00,4.91,4145.40,4140.50,4135.59,4130.69,4125.78,0.22,0.22,0.00,4155.25,0.00,-1.01,-110.22,4156.02,4156.50,4156.89,4156.21,4156.60,-0.147,2.66,28.61,39.89,39.89,-1.55,-0.93,-0.62,4155.70,4152.43,722,512,0.0,100.0,6,1,CROSS=EMA9<EMA21;TREND=1;STRUCT=1;VOL=1;COOL=1;EMA50=1;VWAP=1;BIAS=1,0.16,-1.00,21702.73,21702.73,stopped at the initial SL (x1.00 of usual)
1745,2025.11.27 17:25:00,2025.11.27 19:55:00,ENTRY,XAUUSD,M5,624,BUY,FULLTGT,EVENING,0,4159.72,4154.47,4154.47,5.25,1.00,5.25,4164.97,4170.23,4175.48,4180.74,4185.99,0.20,0.20,0.20,4159.72,0.00,0.00,0.00,4156.74,4156.73,4156.91,4156.60,4156.65,-0.072,2.63,21.45,59.08,59.08,0.46,0.18,0.28,4155.82,4159.64,571,626,71.4,0.0,8,1,CROSS=EMA9>EMA21;TREND=1;STRUCT=1;VOL=1;COOL=1;EMA50=1;VWAP=1;BIAS=1,0.00,0.00,21702.03,21700.43,KZ=NY; KZR=NY H @ 4166.69 272 bars ago (high taken); EVENING 4PM-12AM IST session: stop x1.00 of usual; no partials; full size to TP5; SL steps BE->TP1->TP2->TP3
1746,2025.11.27 18:08:39,2025.11.27 20:38:39,EXIT_SL,XAUUSD,M5,624,BUY,FULLTGT,EVENING,0,4159.72,4154.47,4154.47,5.25,1.00,5.25,4164.97,4170.23,4175.48,4180.74,4185.99,0.20,0.20,0.00,4154.46,0.00,-1.00,-106.60,4157.49,4157.15,4157.12,4157.54,4157.17,0.013,2.19,24.04,45.63,45.63,0.54,0.76,-0.21,4155.92,4156.48,500,544,28.6,42.9,10,1,CROSS=EMA9>EMA21;TREND=1;STRUCT=1;VOL=1;COOL=1;EMA50=1;VWAP=1;BIAS=1,0.39,-1.00,21596.13,21596.13,stopped at the initial SL (x1.00 of usual)
1747,2025.11.27 18:35:00,2025.11.27 21:05:00,SKIP,XAUUSD,M5,624,FLAT,NA,EVENING,0,0.00,0.00,0.00,0.00,1.00,0.00,0.00,0.00,0.00,0.00,0.00,0.00,0.00,0.00,0.00,0.00,0.00,0.00,4156.76,4156.81,4156.95,4156.86,4156.85,-0.067,2.08,37.00,43.75,43.75,-0.65,0.07,-0.71,4155.89,4154.85,409,487,0.0,85.7,8,1,CROSS=EMA9>EMA21;TREND=1;STRUCT=1;VOL=1;COOL=1;EMA50=1;VWAP=1;BIAS=1,0.00,0.00,21596.13,21596.13,outside the killzone window
1748,2025.11.27 20:05:00,2025.11.27 22:35:00,SKIP,XAUUSD,M5,624,FLAT,NA,EVENING,0,0.00,0.00,0.00,0.00,1.00,0.00,0.00,0.00,0.00,0.00,0.00,0.00,0.00,0.00,0.00,0.00,0.00,0.00,4156.76,4156.74,4156.87,4156.69,4156.71,-0.101,1.27,32.59,56.48,56.48,0.41,0.04,0.37,4155.92,4158.08,224,272,85.7,0.0,5,1,CROSS=EMA9>EMA21;TREND=1;STRUCT=1;VOL=1;COOL=1;EMA50=1;VWAP=1;BIAS=1,0.00,0.00,21596.13,21596.13,outside the killzone window
1749,2025.11.28 01:00:00,2025.11.28 03:30:00,DAY_SUMMARY,XAUUSD,M5,624,FLAT,NA,DAY,0,0.00,0.00,0.00,0.00,1.00,0.00,0.00,0.00,0.00,0.00,0.00,0.00,0.00,0.00,0.00,0.00,-2.01,-218.62,4157.55,4157.20,4157.09,4157.56,4157.19,0.111,0.99,37.19,47.18,47.18,0.51,0.55,-0.04,4155.98,4157.37,94,235,28.6,57.1,9,1,CROSS=EMA9>EMA21;TREND=1;STRUCT=1;VOL=1;COOL=1;EMA50=1;VWAP=1;BIAS=1,0.00,0.00,21596.13,21596.13,2025.11.27 trades=3 W=0 L=3 gross_profit=0.00 gross_loss=218.62 net=-218.62 PF=0.00
1750,2025.11.28 10:40:30,2025.11.28 13:10:30,ENTRY,XAUUSD,M5,626,SELL,FULLTGT,DAY,0,4157.15,4164.92,4164.92,7.77,1.00,7.77,4149.38,4141.61,4133.84,4126.06,4118.29,0.13,0.13,0.13,4157.15,0.00,0.00,0.00,4180.14,4180.45,4175.95,4181.12,4180.94,1.158,3.89,63.98,24.92,24.92,-5.55,-2.33,-3.23,4183.69,4161.03,4,151,0.0,85.7,11,1,CROSS=EMA9<EMA21;TREND=1;STRUCT=1;VOL=1;COOL=1;EMA50=1;VWAP=1;BIAS=1,0.00,0.00,21595.67,21594.24,KZ=LONDON; KZR=NY H @ 4166.69 479 bars ago (high taken); DAY 12AM-4PM IST session: stop x1.00 of usual; no partials; full size to TP5; SL steps BE->TP1->TP2->TP3
1751,2025.11.28 10:59:30,2025.11.28 13:29:30,EXIT_SL,XAUUSD,M5,626,SELL,FULLTGT,DAY,0,4157.15,4164.92,4164.92,7.77,1.00,7.77,4149.38,4141.61,4133.84,4126.06,4118.29,0.13,0.13,0.00,4166.63,0.00,-1.22,-124.16,4177.25,4178.92,4175.34,4177.96,4179.32,0.776,4.62,67.44,35.04,35.04,-6.80,-4.33,-2.47,4183.69,4163.36,4,121,0.0,85.7,8,1,CROSS=EMA9<EMA21;TREND=1;STRUCT=1;VOL=1;COOL=1;EMA50=1;VWAP=1;BIAS=1,0.32,-0.81,21471.97,21471.97,stopped at the initial SL (x1.00 of usual)
1752,2025.11.28 16:05:00,2025.11.28 18:35:00,ENTRY,XAUUSD,M5,628,BUY,FULLTGT,EVENING,0,4187.32,4179.24,4179.24,8.08,1.00,8.08,4195.40,4203.49,4211.57,4219.66,4227.74,0.13,0.13,0.13,4187.32,0.00,0.00,0.00,4174.67,4174.41,4173.74,4174.03,4174.08,0.166,4.04,20.08,71.20,71.20,2.02,0.63,1.39,4180.44,4187.26,924,266,85.7,0.0,6,1,CROSS=EMA9>EMA21;TREND=1;STRUCT=1;VOL=1;COOL=1;EMA50=1;VWAP=1;BIAS=1,0.00,0.00,21471.51,21470.73,KZ=NY; KZR=London H @ 4178.74 31 bars ago (high taken); EVENING 4PM-12AM IST session: stop x1.00 of usual; no partials; full size to TP5; SL steps BE->TP1->TP2->TP3
1753,2025.11.28 16:19:04,2025.11.28 18:49:04,SL_MOVE,XAUUSD,M5,628,BUY,FULLTGT,EVENING,0,4187.32,4179.24,4187.32,8.08,1.00,8.08,4195.40,4203.49,4211.57,4219.66,4227.74,0.13,0.00,0.13,4187.32,1.00,0.00,0.00,4176.04,4175.12,4174.11,4175.22,4174.69,0.220,4.57,28.15,73.77,73.77,3.39,1.25,2.15,4180.71,4191.98,1102,355,100.0,0.0,10,1,CROSS=EMA9>EMA21;TREND=1;STRUCT=1;VOL=1;COOL=1;EMA50=1;VWAP=1;BIAS=1,1.00,-0.37,21471.51,21576.94,stop to breakeven
1754,2025.11.28 16:19:04,2025.11.28 18:49:04,TP1_REACHED,XAUUSD,M5,628,BUY,FULLTGT,EVENING,0,4187.32,4179.24,4187.32,8.08,1.00,8.08,4195.40,4203.49,4211.57,4219.66,4227.74,0.13,0.00,0.13,4195.40,1.00,1.00,0.00,4176.04,4175.12,4174.11,4175.22,4174.69,0.220,4.57,28.15,73.77,73.77,3.39,1.25,2.15,4180.71,4191.98,1102,355,100.0,0.0,10,1,CROSS=EMA9>EMA21;TREND=1;STRUCT=1;VOL=1;COOL=1;EMA50=1;VWAP=1;BIAS=1,1.00,-0.37,21471.51,21576.94,full target: no partial booked
1755,2025.11.28 16:40:17,2025.11.28 19:10:17,SL_MOVE,XAUUSD,M5,628,BUY,FULLTGT,EVENING,0,4187.32,4179.24,4195.40,8.08,1.00,8.08,4195.40,4203.49,4211.57,4219.66,4227.74,0.13,0.00,0.13,4195.40,2.00,0.00,0.00,4180.98,4177.84,4175.57,4179.84,4177.20,0.401,5.66,50.95,79.24,79.24,6.83,4.12,2.71,4182.20,4203.07,1158,601,100.0,0.0,5,1,CROSS=EMA9>EMA21;TREND=1;STRUCT=1;VOL=1;COOL=1;EMA50=1;VWAP=1;BIAS=1,1.99,-0.37,21471.51,21681.72,stop trailed to TP1
1756,2025.11.28 16:40:17,2025.11.28 19:10:17,TP2_REACHED,XAUUSD,M5,628,BUY,FULLTGT,EVENING,0,4187.32,4179.24,4195.40,8.08,1.00,8.08,4195.40,4203.49,4211.57,4219.66,4227.74,0.13,0.00,0.13,4203.49,2.00,2.00,0.00,4180.98,4177.84,4175.57,4179.84,4177.20,0.401,5.66,50.95,79.24,79.24,6.83,4.12,2.71,4182.20,4203.07,1158,601,100.0,0.0,5,1,CROSS=EMA9>EMA21;TREND=1;STRUCT=1;VOL=1;COOL=1;EMA50=1;VWAP=1;BIAS=1,1.99,-0.37,21471.51,21681.72,full target: no partial booked
1757,2025.11.28 16:48:37,2025.11.28 19:18:37,EXIT_TRAIL_SL,XAUUSD,M5,628,BUY,FULLTGT,EVENING,0,4187.32,4179.24,4195.40,8.08,1.00,8.08,4195.40,4203.49,4211.57,4219.66,4227.74,0.13,0.13,0.00,4195.38,0.00,1.00,103.86,4181.87,4178.37,4175.87,4180.98,4177.84,0.421,5.95,54.89,71.15,71.15,6.99,4.77,2.23,4182.64,4199.34,1409,666,85.7,14.3,6,1,CROSS=EMA9>EMA21;TREND=1;STRUCT=1;VOL=1;COOL=1;EMA50=1;VWAP=1;BIAS=1,2.69,-0.37,21575.83,21575.83,stopped at a trailed level
1758,2025.12.01 01:00:00,2025.12.01 03:30:00,DAY_SUMMARY,XAUUSD,M5,628,FLAT,NA,DAY,0,0.00,0.00,0.00,0.00,1.00,0.00,0.00,0.00,0.00,0.00,0.00,0.00,0.00,0.00,0.00,0.00,-0.22,-20.30,4213.68,4204.97,4194.34,4213.38,4204.60,4.197,2.53,29.94,58.15,58.15,2.09,2.96,-0.87,4193.89,4219.51,560,692,71.4,14.3,8,1,CROSS=EMA9>EMA21;TREND=1;STRUCT=1;VOL=1;COOL=1;EMA50=1;VWAP=1;BIAS=1,0.00,0.00,21575.83,21575.83,2025.11.28 trades=2 W=1 L=1 gross_profit=103.86 gross_loss=124.16 net=-20.30 PF=0.84
1759,2025.12.01 01:00:00,2025.12.01 03:30:00,WEEK_SUMMARY,XAUUSD,M5,628,FLAT,NA,DAY,0,0.00,0.00,0.00,0.00,1.00,0.00,0.00,0.00,0.00,0.00,0.00,0.00,0.00,0.00,0.00,0.00,-3.25,-336.50,4213.68,4204.97,4194.34,4213.38,4204.60,4.197,2.53,29.94,58.15,58.15,2.09,2.96,-0.87,4193.89,4219.51,560,692,71.4,14.3,8,1,CROSS=EMA9>EMA21;TREND=1;STRUCT=1;VOL=1;COOL=1;EMA50=1;VWAP=1;BIAS=1,0.00,0.00,21575.83,21575.83,days=4 trades=10 W=2 L=8 gross_profit=210.99 gross_loss=547.49 net=-336.50 PF=0.39 pips=-2882.0
1760,2025.12.01 01:00:00,2025.12.01 03:30:00,MONTH_SUMMARY,XAUUSD,M5,628,FLAT,NA,DAY,0,0.00,0.00,0.00,0.00,1.00,0.00,0.00,0.00,0.00,0.00,0.00,0.00,0.00,0.00,0.00,0.00,-10.28,-1117.33,4213.68,4204.97,4194.34,4213.38,4204.60,4.197,2.53,29.94,58.15,58.15,2.09,2.96,-0.87,4193.89,4219.51,560,692,71.4,14.3,8,1,CROSS=EMA9>EMA21;TREND=1;STRUCT=1;VOL=1;COOL=1;EMA50=1;VWAP=1;BIAS=1,0.00,0.00,21575.83,21575.83,days=17 trades=28 W=4 L=24 gross_profit=526.98 gross_loss=1644.31 net=-1117.33 PF=0.32 pips=-11374.0
1761,2025.12.01 17:00:00,2025.12.01 19:30:00,ENTRY,XAUUSD,M5,630,SELL,FULLTGT,EVENING,0,4242.38,4258.45,4258.45,16.07,1.00,16.07,4226.31,4210.23,4194.16,4178.08,4162.01,0.06,0.06,0.06,4242.38,0.00,0.00,0.00,4247.29,4247.40,4241.13,4247.65,4247.58,0.780,8.04,34.98,44.51,44.51,-4.43,-3.20,-1.23,4240.55,4240.21,1224,1246,0.0,85.7,7,1,CROSS=EMA9<EMA21;TREND=1;STRUCT=1;VOL=1;COOL=1;EMA50=1;VWAP=1;BIAS=1,0.00,0.00,21575.62,21575.20,KZ=NY; KZR=London H @ 4262.35 15 bars ago (high taken); EVENING 4PM-12AM IST session: stop x1.00 of usual; no partials; full size to TP5; SL steps BE->TP1->TP2->TP3
1762,2025.12.01 17:15:55,2025.12.01 19:45:55,SL_MOVE,XAUUSD,M5,630,SELL,FULLTGT,EVENING,0,4242.38,4258.45,4242.38,16.07,1.00,16.07,4226.31,4210.23,4194.16,4178.08,4162.01,0.06,0.00,0.06,4242.38,1.00,0.00,0.00,4245.98,4246.72,4241.02,4246.72,4247.10,0.719,7.92,27.50,37.94,37.94,-4.27,-4.04,-0.23,4240.51,4231.47,1540,1319,0.0,100.0,7,1,CROSS=EMA9<EMA21;TREND=1;STRUCT=1;VOL=1;COOL=1;EMA50=1;VWAP=1;BIAS=1,1.00,-0.17,21575.62,21672.28,stop to breakeven
1763,2025.12.01 17:15:55,2025.12.01 19:45:55,TP1_REACHED,XAUUSD,M5,630,SELL,FULLTGT,EVENING,0,4242.38,4258.45,4242.38,16.07,1.00,16.07,4226.31,4210.23,4194.16,4178.08,4162.01,0.06,0.00,0.06,4226.31,1.00,1.00,0.00,4245.98,4246.72,4241.02,4246.72,4247.10,0.719,7.92,27.50,37.94,37.94,-4.27,-4.04,-0.23,4240.51,4231.47,1540,1319,0.0,100.0,7,1,CROSS=EMA9<EMA21;TREND=1;STRUCT=1;VOL=1;COOL=1;EMA50=1;VWAP=1;BIAS=1,1.00,-0.17,21575.62,21672.28,full target: no partial booked
1764,2025.12.01 20:30:14,2025.12.01 23:00:14,EXIT_BE,XAUUSD,M5,630,SELL,FULLTGT,EVENING,0,4242.38,4258.45,4242.38,16.07,1.00,16.07,4226.31,4210.23,4194.16,4178.08,4162.01,0.06,0.06,0.00,4242.39,0.00,-0.00,-0.48,4236.06,4238.66,4238.10,4235.81,4238.60,0.136,4.15,25.07,59.25,59.25,1.07,0.26,0.81,4238.78,4241.00,1204,1206,71.4,14.3,5,1,CROSS=EMA9<EMA21;TREND=1;STRUCT=1;VOL=1;COOL=1;EMA50=1;VWAP=1;BIAS=1,1.42,-0.17,21575.35,21575.35,stopped at breakeven
1765,2025.12.02 01:00:00,2025.12.02 03:30:00,DAY_SUMMARY,XAUUSD,M5,630,FLAT,NA,DAY,0,0.00,0.00,0.00,0.00,1.00,0.00,0.00,0.00,0.00,0.00,0.00,0.00,0.00,0.00,0.00,0.00,-0.00,-0.48,4236.77,4237.79,4237.87,4237.01,4237.93,-0.033,2.51,34.22,38.47,38.47,-1.22,-0.31,-0.91,4238.68,4232.12,248,565,0.0,85.7,8,1,CROSS=EMA9<EMA21;TREND=1;STRUCT=1;VOL=1;COOL=1;EMA50=1;VWAP=1;BIAS=1,0.00,0.00,21575.35,21575.35,2025.12.01 trades=1 W=0 L=1 gross_profit=0.00 gross_loss=0.48 net=-0.48 PF=0.00
1766,2025.12.02 16:15:00,2025.12.02 18:45:00,ENTRY,XAUUSD,M5,632,BUY,FULLTGT,EVENING,0,4223.66,4213.38,4213.38,10.28,1.00,10.28,4233.94,4244.21,4254.49,4264.77,4275.05,0.10,0.10,0.10,4223.66,0.00,0.00,0.00,4205.91,4205.66,4210.67,4205.01,4205.21,-0.974,5.14,39.18,75.40,75.40,4.32,2.38,1.94,4211.78,4223.50,1275,851,100.0,0.0,10,1,CROSS=EMA9>EMA21;TREND=1;STRUCT=1;VOL=1;COOL=1;EMA50=1;VWAP=1;BIAS=1,0.00,0.00,21575.00,21574.00,KZ=NY; KZR=London H @ 4262.35 294 bars ago (high taken); EVENING 4PM-12AM IST session: stop x1.00 of usual; no partials; full size to TP5; SL steps BE->TP1->TP2->TP3
1767,2025.12.02 17:05:38,2025.12.02 19:35:38,EXIT_SL,XAUUSD,M5,632,BUY,FULLTGT,EVENING,0,4223.66,4213.38,4213.38,10.28,1.00,10.28,4233.94,4244.21,4254.49,4264.77,4275.05,0.10,0.10,0.00,4213.38,0.00,-1.00,-103.50,4212.27,4209.33,4212.04,4212.01,4209.13,-0.456,5.94,37.62,53.10,53.10,4.09,5.37,-1.28,4212.81,4217.16,1457,1188,71.4,28.6,6,1,CROSS=EMA9>EMA21;TREND=1;STRUCT=1;VOL=1;COOL=1;EMA50=1;VWAP=1;BIAS=1,0.67,-0.99,21471.85,21471.85,stopped at the initial SL (x1.00 of usual)
1768,2025.12.02 17:40:00,2025.12.02 20:10:00,ENTRY,XAUUSD,M5,634,SELL,FULLTGT,EVENING,0,4188.69,4204.23,4204.23,15.54,1.00,15.54,4173.15,4157.62,4142.08,4126.54,4111.00,0.06,0.06,0.06,4188.69,0.00,0.00,0.00,4206.95,4206.98,4210.60,4207.90,4207.45,-0.467,7.77,51.97,30.89,30.89,-5.59,-0.12,-5.47,4211.67,4188.30,1486,1415,14.3,85.7,8,1,CROSS=EMA9<EMA21;TREND=1;STRUCT=1;VOL=1;COOL=1;EMA50=1;VWAP=1;BIAS=1,0.00,0.00,21471.64,21471.16,KZ=NY; KZR=London H @ 4262.35 311 bars ago (high taken); EVENING 4PM-12AM IST session: stop x1.00 of usual; no partials; full size to TP5; SL steps BE->TP1->TP2->TP3
1769,2025.12.02 17:54:55,2025.12.02 20:24:55,SL_MOVE,XAUUSD,M5,634,SELL,FULLTGT,EVENING,0,4188.69,4204.23,4188.69,15.54,1.00,15.54,4173.15,4157.62,4142.08,4126.54,4111.00,0.06,0.00,0.06,4188.69,1.00,0.00,0.00,4205.10,4206.03,4210.03,4206.08,4206.54,-0.521,7.69,50.16,29.98,29.98,-6.70,-2.51,-4.19,4211.25,4185.82,1433,1442,0.0,85.7,5,1,CROSS=EMA9<EMA21;TREND=1;STRUCT=1;VOL=1;COOL=1;EMA50=1;VWAP=1;BIAS=1,1.00,-0.22,21471.64,21565.12,stop to breakeven
1770,2025.12.02 17:54:55,2025.12.02 20:24:55,TP1_REACHED,XAUUSD,M5,634,SELL,FULLTGT,EVENING,0,4188.69,4204.23,4188.69,15.54,1.00,15.54,4173.15,4157.62,4142.08,4126.54,4111.00,0.06,0.00,0.06,4173.15,1.00,1.00,0.00,4205.10,4206.03,4210.03,4206.08,4206.54,-0.521,7.69,50.16,29.98,29.98,-6.70,-2.51,-4.19,4211.25,4185.82,1433,1442,0.0,85.7,5,1,CROSS=EMA9<EMA21;TREND=1;STRUCT=1;VOL=1;COOL=1;EMA50=1;VWAP=1;BIAS=1,1.00,-0.22,21471.64,21565.12,full target: no partial booked
1771,2025.12.02 18:41:38,2025.12.02 21:11:38,EXIT_BE,XAUUSD,M5,634,SELL,FULLTGT,EVENING,0,4188.69,4204.23,4188.69,15.54,1.00,15.54,4173.15,4157.62,4142.08,4126.54,4111.00,0.06,0.06,0.00,4188.70,0.00,-0.00,-0.48,4194.03,4199.53,4206.09,4194.43,4199.86,-0.878,7.48,36.05,45.68,45.68,-7.56,-9.58,2.01,4208.45,4186.22,1236,1427,14.3,71.4,5,1,CROSS=EMA9<EMA21;TREND=1;STRUCT=1;VOL=1;COOL=1;EMA50=1;VWAP=1;BIAS=1,1.61,-0.22,21471.37,21471.37,stopped at breakeven
1772,2025.12.02 22:50:00,2025.12.03 01:20:00,SKIP,XAUUSD,M5,634,FLAT,NA,DAY,0,0.00,0.00,0.00,0.00,1.00,0.00,0.00,0.00,0.00,0.00,0.00,0.00,0.00,0.00,0.00,0.00,0.00,0.00,4197.39,4197.05,4201.03,4196.68,4196.69,-1.128,3.54,35.70,78.55,78.55,3.90,2.19,1.71,4205.48,4211.18,848,754,100.0,0.0,5,1,CROSS=EMA9<EMA21;TREND=1;STRUCT=1;VOL=1;COOL=1;EMA50=1;VWAP=1;BIAS=1,0.00,0.00,21471.37,21471.37,outside the killzone window
1773,2025.12.03 01:00:00,2025.12.03 03:30:00,DAY_SUMMARY,XAUUSD,M5,634,FLAT,NA,DAY,0,0.00,0.00,0.00,0.00,1.00,0.00,0.00,0.00,0.00,0.00,0.00,0.00,0.00,0.00,0.00,0.00,-1.00,-103.98,4203.20,4200.57,4202.32,4203.07,4200.45,-0.823,2.12,26.43,50.96,50.96,2.47,3.56,-1.09,4205.57,4205.64,267,499,71.4,14.3,8,1,CROSS=EMA9<EMA21;TREND=1;STRUCT=1;VOL=1;COOL=1;EMA50=1;VWAP=1;BIAS=1,0.00,0.00,21471.37,21471.37,2025.12.02 trades=2 W=0 L=2 gross_profit=0.00 gross_loss=103.98 net=-103.98 PF=0.00
1774,2025.12.03 08:40:00,2025.12.03 11:10:00,SKIP,XAUUSD,M5,634,FLAT,NA,DAY,0,0.00,0.00,0.00,0.00,1.00,0.00,0.00,0.00,0.00,0.00,0.00,0.00,0.00,0.00,0.00,0.00,0.00,0.00,4214.67,4214.78,4212.12,4214.99,4214.94,0.589,4.51,38.89,39.17,39.17,-3.36,-3.75,0.39,4216.15,4208.31,813,909,14.3,71.4,5,1,CROSS=EMA9<EMA21;TREND=1;STRUCT=1;VOL=1;COOL=1;EMA50=1;VWAP=1;BIAS=1,0.00,0.00,21471.37,21471.37,outside the killzone window
1775,2025.12.03 15:05:00,2025.12.03 17:35:00,ENTRY,XAUUSD,M5,636,BUY,FULLTGT,EVENING,0,4213.51,4207.77,4207.77,5.74,1.00,5.74,4219.25,4224.99,4230.73,4236.47,4242.21,0.18,0.18,0.18,4213.51,0.00,0.00,0.00,4206.89,4206.87,4207.77,4206.55,4206.70,-0.315,2.87,40.21,66.58,66.58,2.74,2.24,0.50,4210.84,4213.52,1268,819,85.7,14.3,12,1,CROSS=EMA9>EMA21;TREND=1;STRUCT=1;VOL=1;COOL=1;EMA50=1;VWAP=1;BIAS=1,0.00,0.00,21470.74,21468.58,KZ=NY; KZR=London H @ 4262.35 568 bars ago (high taken); EVENING 4PM-12AM IST session: stop x1.00 of usual; no partials; full size to TP5; SL steps BE->TP1->TP2->TP3
1776,2025.12.03 15:15:38,2025.12.03 17:45:38,SL_MOVE,XAUUSD,M5,636,BUY,FULLTGT,EVENING,0,4213.51,4207.77,4213.51,5.74,1.00,5.74,4219.25,4224.99,4230.73,4236.47,4242.21,0.18,0.00,0.18,4213.51,1.00,0.00,0.00,4207.50,4207.18,4207.91,4207.29,4207.07,-0.252,2.89,42.81,57.88,57.88,2.66,2.49,0.18,4210.88,4211.63,951,846,85.7,14.3,12,1,CROSS=EMA9>EMA21;TREND=1;STRUCT=1;VOL=1;COOL=1;EMA50=1;VWAP=1;BIAS=1,1.00,-0.38,21470.74,21575.68,stop to breakeven
1777,2025.12.03 15:15:38,2025.12.03 17:45:38,TP1_REACHED,XAUUSD,M5,636,BUY,FULLTGT,EVENING,0,4213.51,4207.77,4213.51,5.74,1.00,5.74,4219.25,4224.99,4230.73,4236.47,4242.21,0.18,0.00,0.18,4219.25,1.00,1.00,0.00,4207.50,4207.18,4207.91,4207.29,4207.07,-0.252,2.89,42.81,57.88,57.88,2.66,2.49,0.18,4210.88,4211.63,951,846,85.7,14.3,12,1,CROSS=EMA9>EMA21;TREND=1;STRUCT=1;VOL=1;COOL=1;EMA50=1;VWAP=1;BIAS=1,1.00,-0.38,21470.74,21575.68,full target: no partial booked
1778,2025.12.03 15:42:40,2025.12.03 18:12:40,SL_MOVE,XAUUSD,M5,636,BUY,FULLTGT,EVENING,0,4213.51,4207.77,4219.25,5.74,1.00,5.74,4219.25,4224.99,4230.73,4236.47,4242.21,0.18,0.00,0.18,4219.25,2.00,0.00,0.00,4210.34,4208.73,4208.66,4209.79,4208.41,0.017,3.73,45.57,69.64,69.64,4.01,3.26,0.74,4211.29,4221.12,1196,962,100.0,0.0,7,1,CROSS=EMA9>EMA21;TREND=1;STRUCT=1;VOL=1;COOL=1;EMA50=1;VWAP=1;BIAS=1,2.00,-0.38,21470.74,21677.92,stop trailed to TP1
1779,2025.12.03 15:42:40,2025.12.03 18:12:40,TP2_REACHED,XAUUSD,M5,636,BUY,FULLTGT,EVENING,0,4213.51,4207.77,4219.25,5.74,1.00,5.74,4219.25,4224.99,4230.73,4236.47,4242.21,0.18,0.00,0.18,4224.99,2.00,2.00,0.00,4210.34,4208.73,4208.66,4209.79,4208.41,0.017,3.73,45.57,69.64,69.64,4.01,3.26,0.74,4211.29,4221.12,1196,962,100.0,0.0,7,1,CROSS=EMA9>EMA21;TREND=1;STRUCT=1;VOL=1;COOL=1;EMA50=1;VWAP=1;BIAS=1,2.00,-0.38,21470.74,21677.92,full target: no partial booked
1780,2025.12.03 15:52:46,2025.12.03 18:22:46,SL_MOVE,XAUUSD,M5,636,BUY,FULLTGT,EVENING,0,4213.51,4207.77,4224.99,5.74,1.00,5.74,4219.25,4224.99,4230.73,4236.47,4242.21,0.18,0.00,0.18,4224.99,3.00,0.00,0.00,4211.77,4209.53,4209.07,4210.99,4209.10,0.115,4.03,46.66,76.02,76.02,4.70,3.66,1.04,4211.50,4226.86,1035,996,100.0,0.0,5,1,CROSS=EMA9>EMA21;TREND=1;STRUCT=1;VOL=1;COOL=1;EMA50=1;VWAP=1;BIAS=1,3.00,-0.38,21470.74,21781.42,stop trailed to TP2
1781,2025.12.03 15:52:46,2025.12.03 18:22:46,TP3_REACHED,XAUUSD,M5,636,BUY,FULLTGT,EVENING,0,4213.51,4207.77,4224.99,5.74,1.00,5.74,4219.25,4224.99,4230.73,4236.47,4242.21,0.18,0.00,0.18,4230.73,3.00,3.00,0.00,4211.77,4209.53,4209.07,4210.99,4209.10,0.115,4.03,46.66,76.02,76.02,4.70,3.66,1.04,4211.50,4226.86,1035,996,100.0,0.0,5,1,CROSS=EMA9>EMA21;TREND=1;STRUCT=1;VOL=1;COOL=1;EMA50=1;VWAP=1;BIAS=1,3.00,-0.38,21470.74,21781.42,full target: no partial booked
1782,2025.12.03 15:55:01,2025.12.03 18:25:01,SL_MOVE,XAUUSD,M5,636,BUY,FULLTGT,EVENING,0,4213.51,4207.77,4230.73,5.74,1.00,5.74,4219.25,4224.99,4230.73,4236.47,4242.21,0.18,0.00,0.18,4230.73,4.00,0.00,0.00,4212.96,4210.19,4209.41,4211.77,4209.53,0.170,4.60,49.04,82.63,82.63,5.72,3.98,1.75,4211.68,4236.21,1221,1017,100.0,0.0,10,1,CROSS=EMA9>EMA21;TREND=1;STRUCT=1;VOL=1;COOL=1;EMA50=1;VWAP=1;BIAS=1,4.00,-0.38,21470.74,21885.10,stop trailed to TP3
1783,2025.12.03 15:55:01,2025.12.03 18:25:01,TP4_REACHED,XAUUSD,M5,636,BUY,FULLTGT,EVENING,0,4213.51,4207.77,4230.73,5.74,1.00,5.74,4219.25,4224.99,4230.73,4236.47,4242.21,0.18,0.00,0.18,4236.47,4.00,4.00,0.00,4212.96,4210.19,4209.41,4211.77,4209.53,0.170,4.60,49.04,82.63,82.63,5.72,3.98,1.75,4211.68,4236.21,1221,1017,100.0,0.0,10,1,CROSS=EMA9>EMA21;TREND=1;STRUCT=1;VOL=1;COOL=1;EMA50=1;VWAP=1;BIAS=1,4.00,-0.38,21470.74,21885.10,full target: no partial booked
1784,2025.12.03 16:05:29,2025.12.03 18:35:29,EXIT_TRAIL_SL,XAUUSD,M5,636,BUY,FULLTGT,EVENING,0,4213.51,4207.77,4230.73,5.74,1.00,5.74,4219.25,4224.99,4230.73,4236.47,4242.21,0.18,0.18,0.00,4230.70,0.00,2.99,308.16,4215.09,4211.42,4210.05,4214.15,4210.86,0.268,5.11,54.55,73.88,73.88,6.81,4.81,2.00,4212.14,4233.48,1511,1072,85.7,14.3,12,1,CROSS=EMA9>EMA21;TREND=1;STRUCT=1;VOL=1;COOL=1;EMA50=1;VWAP=1;BIAS=1,4.75,-0.38,21779.53,21779.53,stopped at a trailed level
1785,2025.12.03 20:05:00,2025.12.03 22:35:00,SKIP,XAUUSD,M5,636,FLAT,NA,EVENING,0,0.00,0.00,0.00,0.00,1.00,0.00,0.00,0.00,0.00,0.00,0.00,0.00,0.00,0.00,0.00,0.00,0.00,0.00,4214.64,4214.74,4213.21,4215.00,4214.92,0.322,4.77,20.02,41.38,41.38,-2.15,-2.54,0.39,4213.97,4207.63,1167,1147,14.3,71.4,5,1,CROSS=EMA9>EMA21;TREND=1;STRUCT=1;VOL=1;COOL=1;EMA50=1;VWAP=1;BIAS=1,0.00,0.00,21779.53,21779.53,outside the killzone window
1786,2025.12.04 01:00:00,2025.12.04 03:30:00,DAY_SUMMARY,XAUUSD,M5,636,FLAT,NA,DAY,0,0.00,0.00,0.00,0.00,1.00,0.00,0.00,0.00,0.00,0.00,0.00,0.00,0.00,0.00,0.00,0.00,2.99,308.16,4207.77,4209.20,4210.22,4208.01,4209.36,-0.442,2.31,21.61,38.14,38.14,-0.64,0.04,-0.68,4212.78,4202.98,251,584,0.0,71.4,8,1,CROSS=EMA9>EMA21;TREND=1;STRUCT=1;VOL=1;COOL=1;EMA50=1;VWAP=1;BIAS=1,0.00,0.00,21779.53,21779.53,2025.12.03 trades=1 W=1 L=0 gross_profit=308.16 gross_loss=0.00 net=308.16 PF=0.00
1787,2025.12.04 03:15:00,2025.12.04 05:45:00,SKIP,XAUUSD,M5,636,FLAT,NA,DAY,0,0.00,0.00,0.00,0.00,1.00,0.00,0.00,0.00,0.00,0.00,0.00,0.00,0.00,0.00,0.00,0.00,0.00,0.00,4209.47,4209.43,4210.00,4209.25,4209.33,-0.174,3.27,22.08,58.50,58.50,1.10,1.40,-0.30,4209.55,4213.66,996,582,71.4,14.3,5,1,CROSS=EMA9>EMA21;TREND=1;STRUCT=1;VOL=1;COOL=1;EMA50=1;VWAP=1;BIAS=1,0.00,0.00,21779.53,21779.53,already positioned that way
1788,2025.12.04 04:15:00,2025.12.04 06:45:00,ENTRY,XAUUSD,M5,638,SELL,FULLTGT,DAY,0,4204.82,4212.66,4212.66,7.84,1.00,7.84,4196.98,4189.13,4181.29,4173.44,4165.60,0.13,0.13,0.13,4204.82,0.00,0.00,0.00,4209.57,4209.58,4210.02,4209.82,4209.70,-0.113,3.92,24.60,40.34,40.34,-0.93,0.56,-1.49,4209.93,4204.82,892,884,14.3,71.4,5,1,CROSS=EMA9<EMA21;TREND=1;STRUCT=1;VOL=1;COOL=1;EMA50=1;VWAP=1;BIAS=1,0.00,0.00,21779.07,21778.42,KZ=ASIA; KZR=London H @ 4262.35 726 bars ago (high taken); DAY 12AM-4PM IST session: stop x1.00 of usual; no partials; full size to TP5; SL steps BE->TP1->TP2->TP3
1789,2025.12.04 05:02:21,2025.12.04 07:32:21,SL_MOVE,XAUUSD,M5,638,SELL,FULLTGT,DAY,0,4204.82,4212.66,4204.82,7.84,1.00,7.84,4196.98,4189.13,4181.29,4173.44,4165.60,0.13,0.00,0.13,4204.82,1.00,0.00,0.00,4207.20,4208.27,4209.29,4207.54,4208.47,-0.290,3.51,24.04,36.97,36.97,-2.27,-1.79,-0.48,4208.43,4200.56,783,903,0.0,71.4,11,1,CROSS=EMA9<EMA21;TREND=1;STRUCT=1;VOL=1;COOL=1;EMA50=1;VWAP=1;BIAS=1,0.99,-0.35,21779.07,21882.42,stop to breakeven
1790,2025.12.04 05:02:21,2025.12.04 07:32:21,TP1_REACHED,XAUUSD,M5,638,SELL,FULLTGT,DAY,0,4204.82,4212.66,4204.82,7.84,1.00,7.84,4196.98,4189.13,4181.29,4173.44,4165.60,0.13,0.00,0.13,4196.98,1.00,1.00,0.00,4207.20,4208.27,4209.29,4207.54,4208.47,-0.290,3.51,24.04,36.97,36.97,-2.27,-1.79,-0.48,4208.43,4200.56,783,903,0.0,71.4,11,1,CROSS=EMA9<EMA21;TREND=1;STRUCT=1;VOL=1;COOL=1;EMA50=1;VWAP=1;BIAS=1,0.99,-0.35,21779.07,21882.42,full target: no partial booked
1791,2025.12.04 05:02:41,2025.12.04 07:32:41,SL_MOVE,XAUUSD,M5,638,SELL,FULLTGT,DAY,0,4204.82,4212.66,4196.98,7.84,1.00,7.84,4196.98,4189.13,4181.29,4173.44,4165.60,0.13,0.00,0.13,4196.98,2.00,0.00,0.00,4207.20,4208.27,4209.29,4207.54,4208.47,-0.290,3.51,24.04,36.97,36.97,-2.27,-1.79,-0.48,4208.43,4200.56,783,903,0.0,71.4,11,1,CROSS=EMA9<EMA21;TREND=1;STRUCT=1;VOL=1;COOL=1;EMA50=1;VWAP=1;BIAS=1,2.00,-0.35,21779.07,21984.99,stop trailed to TP1
1792,2025.12.04 05:02:41,2025.12.04 07:32:41,TP2_REACHED,XAUUSD,M5,638,SELL,FULLTGT,DAY,0,4204.82,4212.66,4196.98,7.84,1.00,7.84,4196.98,4189.13,4181.29,4173.44,4165.60,0.13,0.00,0.13,4189.13,2.00,2.00,0.00,4207.20,4208.27,4209.29,4207.54,4208.47,-0.290,3.51,24.04,36.97,36.97,-2.27,-1.79,-0.48,4208.43,4200.56,783,903,0.0,71.4,11,1,CROSS=EMA9<EMA21;TREND=1;STRUCT=1;VOL=1;COOL=1;EMA50=1;VWAP=1;BIAS=1,2.00,-0.35,21779.07,21984.99,full target: no partial booked
1793,2025.12.04 05:44:40,2025.12.04 08:14:40,EXIT_TRAIL_SL,XAUUSD,M5,638,SELL,FULLTGT,DAY,0,4204.82,4212.66,4196.98,7.84,1.00,7.84,4196.98,4189.13,4181.29,4173.44,4165.60,0.13,0.13,0.00,4197.01,0.00,1.00,100.61,4202.85,4205.69,4207.84,4203.28,4205.98,-0.529,4.06,31.90,37.74,37.74,-4.07,-3.55,-0.52,4205.91,4194.47,495,877,0.0,85.7,5,1,CROSS=EMA9<EMA21;TREND=1;STRUCT=1;VOL=1;COOL=1;EMA50=1;VWAP=1;BIAS=1,2.20,-0.35,21880.14,21880.14,stopped at a trailed level
1794,2025.12.04 12:35:00,2025.12.04 15:05:00,ENTRY,XAUUSD,M5,640,BUY,FULLTGT,DAY,0,4201.55,4196.09,4196.09,5.46,1.00,5.46,4207.01,4212.47,4217.93,4223.40,4228.86,0.20,0.20,0.20,4201.55,0.00,0.00,0.00,4194.93,4194.90,4198.10,4194.59,4194.73,-1.172,2.73,49.44,63.28,63.28,2.62,2.37,0.26,4196.62,4201.51,789,808,85.7,0.0,5,1,CROSS=EMA9>EMA21;TREND=1;STRUCT=1;VOL=1;COOL=1;EMA50=1;VWAP=1;BIAS=1,0.00,0.00,21879.44,21878.44,KZ=LONDON; KZR=London H @ 4262.35 826 bars ago (high taken); DAY 12AM-4PM IST session: stop x1.00 of usual; no partials; full size to TP5; SL steps BE->TP1->TP2->TP3
1795,2025.12.04 14:04:38,2025.12.04 16:34:38,EXIT_SL,XAUUSD,M5,640,BUY,FULLTGT,EVENING,0,4201.55,4196.09,4196.09,5.46,1.00,5.46,4207.01,4212.47,4217.93,4223.40,4228.86,0.20,0.20,0.00,4196.04,0.00,-1.01,-111.60,4197.82,4196.68,4198.48,4197.77,4196.63,-0.561,3.21,17.01,49.54,49.54,0.66,1.36,-0.71,4196.95,4198.63,616,640,28.6,42.9,9,1,CROSS=EMA9>EMA21;TREND=1;STRUCT=1;VOL=1;COOL=1;EMA50=1;VWAP=1;BIAS=1,0.91,-1.00,21768.54,21768.54,stopped at the initial SL (x1.00 of usual)
1796,2025.12.04 15:00:00,2025.12.04 17:30:00,ENTRY,XAUUSD,M5,642,SELL,FULLTGT,EVENING,0,4190.58,4197.27,4197.27,6.69,1.00,6.69,4183.89,4177.20,4170.51,4163.82,4157.13,0.16,0.16,0.16,4190.58,0.00,0.00,0.00,4195.98,4195.98,4197.87,4196.25,4196.11,-0.565,3.35,42.36,38.16,38.16,-1.99,-1.01,-0.98,4196.74,4190.58,874,715,14.3,85.7,10,1,CROSS=EMA9<EMA21;TREND=1;STRUCT=1;VOL=1;COOL=1;EMA50=1;VWAP=1;BIAS=1,0.00,0.00,21767.98,21766.38,KZ=NY; KZR=London H @ 4262.35 855 bars ago (high taken); EVENING 4PM-12AM IST session: stop x1.00 of usual; no partials; full size to TP5; SL steps BE->TP1->TP2->TP3
1797,2025.12.04 15:58:28,2025.12.04 18:28:28,EXIT_SL,XAUUSD,M5,642,SELL,FULLTGT,EVENING,0,4190.58,4197.27,4197.27,6.69,1.00,6.69,4183.89,4177.20,4170.51,4163.82,4157.13,0.16,0.16,0.00,4197.29,0.00,-1.00,-108.48,4194.31,4195.02,4197.11,4194.41,4195.08,-0.449,4.66,23.79,47.69,47.69,-1.10,-1.66,0.55,4196.25,4192.47,1174,1016,14.3,71.4,5,1,CROSS=EMA9<EMA21;TREND=1;STRUCT=1;VOL=1;COOL=1;EMA50=1;VWAP=1;BIAS=1,0.74,-1.00,21660.06,21660.06,stopped at the initial SL (x1.00 of usual)
1798,2025.12.04 16:15:00,2025.12.04 18:45:00,ENTRY,XAUUSD,M5,644,BUY,FULLTGT,EVENING,0,4204.91,4194.59,4194.59,10.32,1.00,10.32,4215.23,4225.56,4235.88,4246.21,4256.53,0.10,0.10,0.10,4204.91,0.00,0.00,0.00,4195.74,4195.69,4197.35,4195.27,4195.46,-0.321,5.16,29.10,64.29,64.29,1.50,-0.54,2.04,4196.40,4204.87,1172,1102,85.7,14.3,5,1,CROSS=EMA9>EMA21;TREND=1;STRUCT=1;VOL=1;COOL=1;EMA50=1;VWAP=1;BIAS=1,0.00,0.00,21659.71,21659.21,KZ=NY; KZR=London H @ 4262.35 870 bars ago (high taken); EVENING 4PM-12AM IST session: stop x1.00 of usual; no partials; full size to TP5; SL steps BE->TP1->TP2->TP3
1799,2025.12.04 16:43:38,2025.12.04 19:13:38,EXIT_SL,XAUUSD,M5,644,BUY,FULLTGT,EVENING,0,4204.91,4194.59,4194.59,10.32,1.00,10.32,4215.23,4225.56,4235.88,4246.21,4256.53,0.10,0.10,0.00,4194.56,0.00,-1.00,-104.20,4198.11,4196.95,4197.90,4197.88,4196.81,-0.169,5.61,35.65,54.54,54.54,3.21,1.75,1.46,4196.82,4202.44,1637,1209,85.7,14.3,10,1,CROSS=EMA9>EMA21;TREND=1;STRUCT=1;VOL=1;COOL=1;EMA50=1;VWAP=1;BIAS=1,0.82,-1.00,21555.86,21555.86,stopped at the initial SL (x1.00 of usual)
1800,2025.12.05 01:00:00,2025.12.05 03:30:00,DAY_SUMMARY,XAUUSD,M5,644,FLAT,NA,DAY,0,0.00,0.00,0.00,0.00,1.00,0.00,0.00,0.00,0.00,0.00,0.00,0.00,0.00,0.00,0.00,0.00,-2.02,-223.67,4208.68,4207.75,4205.44,4208.68,4207.72,1.604,1.44,11.23,49.85,49.85,0.15,0.08,0.07,4200.74,4208.64,190,437,42.9,28.6,8,1,CROSS=EMA9>EMA21;TREND=1;STRUCT=1;VOL=1;COOL=1;EMA50=1;VWAP=1;BIAS=1,0.00,0.00,21555.86,21555.86,2025.12.04 trades=4 W=1 L=3 gross_profit=100.61 gross_loss=324.28 net=-223.67 PF=0.31
1801,2025.12.05 02:40:00,2025.12.05 05:10:00,ENTRY,XAUUSD,M5,646,SELL,FULLTGT,DAY,0,4203.89,4208.81,4208.81,4.92,1.00,4.92,4198.97,4194.05,4189.13,4184.22,4179.30,0.21,0.21,0.21,4203.89,0.00,0.00,0.00,4207.25,4207.28,4205.70,4207.43,4207.36,0.641,2.46,22.54,37.46,37.46,-0.83,-0.57,-0.26,4206.52,4203.89,459,419,14.3,71.4,5,1,CROSS=EMA9<EMA21;TREND=1;STRUCT=1;VOL=1;COOL=1;EMA50=1;VWAP=1;BIAS=1,0.00,0.00,21555.12,21554.07,KZ=ASIA; KZR=London H @ 4262.35 995 bars ago (high taken); DAY 12AM-4PM IST session: stop x1.00 of usual; no partials; full size to TP5; SL steps BE->TP1->TP2->TP3
1802,2025.12.05 03:08:30,2025.12.05 05:38:30,SL_MOVE,XAUUSD,M5,646,SELL,FULLTGT,DAY,0,4203.89,4208.81,4203.89,4.92,1.00,4.92,4198.97,4194.05,4189.13,4184.22,4179.30,0.21,0.00,0.21,4203.89,1.00,0.00,0.00,4206.39,4206.82,4205.56,4206.57,4206.92,0.528,2.38,21.60,38.73,38.73,-1.28,-0.85,-0.43,4205.57,4202.94,1063,526,14.3,71.4,9,1,CROSS=EMA9<EMA21;TREND=1;STRUCT=1;VOL=1;COOL=1;EMA50=1;VWAP=1;BIAS=1,1.00,-0.32,21555.12,21659.07,stop to breakeven
1803,2025.12.05 03:08:30,2025.12.05 05:38:30,TP1_REACHED,XAUUSD,M5,646,SELL,FULLTGT,DAY,0,4203.89,4208.81,4203.89,4.92,1.00,4.92,4198.97,4194.05,4189.13,4184.22,4179.30,0.21,0.00,0.21,4198.97,1.00,1.00,0.00,4206.39,4206.82,4205.56,4206.57,4206.92,0.528,2.38,21.60,38.73,38.73,-1.28,-0.85,-0.43,4205.57,4202.94,1063,526,14.3,71.4,9,1,CROSS=EMA9<EMA21;TREND=1;STRUCT=1;VOL=1;COOL=1;EMA50=1;VWAP=1;BIAS=1,1.00,-0.32,21555.12,21659.07,full target: no partial booked
1804,2025.12.05 03:49:04,2025.12.05 06:19:04,EXIT_BE,XAUUSD,M5,646,SELL,FULLTGT,DAY,0,4203.89,4208.81,4203.89,4.92,1.00,4.92,4198.97,4194.05,4189.13,4184.22,4179.30,0.21,0.21,0.00,4203.89,0.00,-0.00,-1.48,4204.03,4205.43,4204.95,4204.31,4205.61,0.152,3.16,23.74,38.41,38.41,-2.02,-1.99,-0.04,4203.02,4198.48,892,711,0.0,85.7,5,1,CROSS=EMA9<EMA21;TREND=1;STRUCT=1;VOL=1;COOL=1;EMA50=1;VWAP=1;BIAS=1,1.84,-0.32,21554.38,21554.38,stopped at breakeven
1805,2025.12.05 06:10:00,2025.12.05 08:40:00,ENTRY,XAUUSD,M5,648,BUY,FULLTGT,DAY,0,4212.58,4207.40,4207.40,5.18,1.00,5.18,4217.76,4222.94,4228.12,4233.31,4238.49,0.20,0.20,0.20,4212.58,0.00,0.00,0.00,4205.20,4205.16,4204.84,4204.82,4204.97,0.124,2.59,35.15,67.51,67.51,2.11,1.27,0.84,4203.54,4212.53,725,707,100.0,0.0,5,1,CROSS=EMA9>EMA21;TREND=1;STRUCT=1;VOL=1;COOL=1;EMA50=1;VWAP=1;BIAS=1,0.00,0.00,21553.68,21552.68,KZ=ASIA; KZR=London H @ 4262.35 1037 bars ago (high taken); DAY 12AM-4PM IST session: stop x1.00 of usual; no partials; full size to TP5; SL steps BE->TP1->TP2->TP3
1806,2025.12.05 07:01:13,2025.12.05 09:31:13,SL_MOVE,XAUUSD,M5,648,BUY,FULLTGT,DAY,0,4212.58,4207.40,4212.58,5.18,1.00,5.18,4217.76,4222.94,4228.12,4233.31,4238.49,0.20,0.00,0.20,4212.58,1.00,0.00,0.00,4208.82,4207.18,4205.94,4208.41,4206.94,0.561,2.21,58.19,69.33,69.33,3.03,2.78,0.25,4204.89,4216.76,763,604,100.0,0.0,5,1,CROSS=EMA9>EMA21;TREND=1;STRUCT=1;VOL=1;COOL=1;EMA50=1;VWAP=1;BIAS=1,1.00,-0.22,21553.68,21657.48,stop to breakeven
1807,2025.12.05 07:01:13,2025.12.05 09:31:13,TP1_REACHED,XAUUSD,M5,648,BUY,FULLTGT,DAY,0,4212.58,4207.40,4212.58,5.18,1.00,5.18,4217.76,4222.94,4228.12,4233.31,4238.49,0.20,0.00,0.20,4217.76,1.00,1.00,0.00,4208.82,4207.18,4205.94,4208.41,4206.94,0.561,2.21,58.19,69.33,69.33,3.03,2.78,0.25,4204.89,4216.76,763,604,100.0,0.0,5,1,CROSS=EMA9>EMA21;TREND=1;STRUCT=1;VOL=1;COOL=1;EMA50=1;VWAP=1;BIAS=1,1.00,-0.22,21553.68,21657.48,full target: no partial booked
1808,2025.12.05 08:08:27,2025.12.05 10:38:27,SL_MOVE,XAUUSD,M5,648,BUY,FULLTGT,DAY,0,4212.58,4207.40,4217.76,5.18,1.00,5.18,4217.76,4222.94,4228.12,4233.31,4238.49,0.20,0.00,0.20,4217.76,2.00,0.00,0.00,4213.62,4210.38,4207.85,4213.28,4210.13,1.213,2.09,52.90,73.22,73.22,2.91,2.98,-0.07,4207.25,4220.31,845,672,71.4,28.6,5,1,CROSS=EMA9>EMA21;TREND=1;STRUCT=1;VOL=1;COOL=1;EMA50=1;VWAP=1;BIAS=1,1.99,-0.22,21553.68,21761.68,stop trailed to TP1
1809,2025.12.05 08:08:27,2025.12.05 10:38:27,TP2_REACHED,XAUUSD,M5,648,BUY,FULLTGT,DAY,0,4212.58,4207.40,4217.76,5.18,1.00,5.18,4217.76,4222.94,4228.12,4233.31,4238.49,0.20,0.00,0.20,4222.94,2.00,2.00,0.00,4213.62,4210.38,4207.85,4213.28,4210.13,1.213,2.09,52.90,73.22,73.22,2.91,2.98,-0.07,4207.25,4220.31,845,672,71.4,28.6,5,1,CROSS=EMA9>EMA21;TREND=1;STRUCT=1;VOL=1;COOL=1;EMA50=1;VWAP=1;BIAS=1,1.99,-0.22,21553.68,21761.68,full target: no partial booked
1810,2025.12.05 08:13:04,2025.12.05 10:43:04,SL_MOVE,XAUUSD,M5,648,BUY,FULLTGT,DAY,0,4212.58,4207.40,4222.94,5.18,1.00,5.18,4217.76,4222.94,4228.12,4233.31,4238.49,0.20,0.00,0.20,4222.94,3.00,0.00,0.00,4214.27,4210.79,4208.08,4213.62,4210.38,1.084,2.50,53.03,83.80,83.80,3.33,3.04,0.29,4207.51,4226.79,827,681,100.0,0.0,5,1,CROSS=EMA9>EMA21;TREND=1;STRUCT=1;VOL=1;COOL=1;EMA50=1;VWAP=1;BIAS=1,3.00,-0.22,21553.68,21865.08,stop trailed to TP2
1811,2025.12.05 08:13:04,2025.12.05 10:43:04,TP3_REACHED,XAUUSD,M5,648,BUY,FULLTGT,DAY,0,4212.58,4207.40,4222.94,5.18,1.00,5.18,4217.76,4222.94,4228.12,4233.31,4238.49,0.20,0.00,0.20,4228.12,3.00,3.00,0.00,4214.27,4210.79,4208.08,4213.62,4210.38,1.084,2.50,53.03,83.80,83.80,3.33,3.04,0.29,4207.51,4226.79,827,681,100.0,0.0,5,1,CROSS=EMA9>EMA21;TREND=1;STRUCT=1;VOL=1;COOL=1;EMA50=1;VWAP=1;BIAS=1,3.00,-0.22,21553.68,21865.08,full target: no partial booked
1812,2025.12.05 09:53:03,2025.12.05 12:23:03,EXIT_TRAIL_SL,XAUUSD,M5,648,BUY,FULLTGT,DAY,0,4212.58,4207.40,4222.94,5.18,1.00,5.18,4217.76,4222.94,4228.12,4233.31,4238.49,0.20,0.20,0.00,4222.92,0.00,2.00,205.40,4222.05,4217.00,4212.17,4221.87,4216.78,1.952,2.47,24.10,53.71,53.71,1.87,2.55,-0.69,4211.55,4225.65,633,756,57.1,14.3,5,1,CROSS=EMA9>EMA21;TREND=1;STRUCT=1;VOL=1;COOL=1;EMA50=1;VWAP=1;BIAS=1,3.51,-0.22,21759.78,21759.78,stopped at a trailed level
1813,2025.12.05 18:55:00,2025.12.05 21:25:00,SKIP,XAUUSD,M5,648,FLAT,NA,EVENING,0,0.00,0.00,0.00,0.00,1.00,0.00,0.00,0.00,0.00,0.00,0.00,0.00,0.00,0.00,0.00,0.00,0.00,0.00,4228.35,4228.41,4224.45,4228.98,4228.72,0.433,9.14,27.18,40.67,40.67,-7.22,-5.83,-1.39,4221.44,4216.18,1204,1390,0.0,85.7,5,1,CROSS=EMA9>EMA21;TREND=1;STRUCT=1;VOL=1;COOL=1;EMA50=1;VWAP=1;BIAS=1,0.00,0.00,21759.78,21759.78,outside the killzone window
1814,2025.12.08 01:00:00,2025.12.08 03:30:00,DAY_SUMMARY,XAUUSD,M5,648,FLAT,NA,DAY,0,0.00,0.00,0.00,0.00,1.00,0.00,0.00,0.00,0.00,0.00,0.00,0.00,0.00,0.00,0.00,0.00,2.00,203.92,4203.39,4209.78,4214.62,4203.61,4210.05,-1.682,2.88,26.97,46.40,46.40,-2.83,-3.22,0.39,4218.50,4199.09,100,708,14.3,71.4,5,1,CROSS=EMA9>EMA21;TREND=1;STRUCT=1;VOL=1;COOL=1;EMA50=1;VWAP=1;BIAS=1,0.00,0.00,21759.78,21759.78,2025.12.05 trades=2 W=1 L=1 gross_profit=205.40 gross_loss=1.48 net=203.92 PF=138.78
1815,2025.12.08 01:00:00,2025.12.08 03:30:00,WEEK_SUMMARY,XAUUSD,M5,648,FLAT,NA,DAY,0,0.00,0.00,0.00,0.00,1.00,0.00,0.00,0.00,0.00,0.00,0.00,0.00,0.00,0.00,0.00,0.00,1.97,183.95,4203.39,4209.78,4214.62,4203.61,4210.05,-1.682,2.88,26.97,46.40,46.40,-2.83,-3.22,0.39,4218.50,4199.09,100,708,14.3,71.4,5,1,CROSS=EMA9>EMA21;TREND=1;STRUCT=1;VOL=1;COOL=1;EMA50=1;VWAP=1;BIAS=1,0.00,0.00,21759.78,21759.78,days=5 trades=10 W=3 L=7 gross_profit=614.17 gross_loss=430.22 net=183.95 PF=1.43 pips=247.0
1816,2025.12.08 06:10:00,2025.12.08 08:40:00,SKIP,XAUUSD,M5,648,FLAT,NA,DAY,0,0.00,0.00,0.00,0.00,1.00,0.00,0.00,0.00,0.00,0.00,0.00,0.00,0.00,0.00,0.00,0.00,0.00,0.00,4207.21,4207.19,4209.95,4207.07,4207.12,-1.211,2.28,28.81,56.02,56.02,1.15,1.39,-0.25,4205.52,4209.98,234,754,71.4,14.3,5,1,CROSS=EMA9>EMA21;TREND=1;STRUCT=1;VOL=1;COOL=1;EMA50=1;VWAP=1;BIAS=1,0.00,0.00,21759.78,21759.78,already positioned that way
1817,2025.12.08 11:50:00,2025.12.08 14:20:00,ENTRY,XAUUSD,M5,650,SELL,FULLTGT,DAY,0,4208.10,4213.89,4213.89,5.79,1.00,5.79,4202.31,4196.53,4190.74,4184.95,4179.16,0.18,0.18,0.18,4208.10,0.00,0.00,0.00,4210.45,4210.50,4210.85,4210.58,4210.56,-0.123,2.89,23.79,43.43,43.43,-0.90,-0.95,0.05,4208.68,4208.10,635,673,14.3,57.1,5,1,CROSS=EMA9<EMA21;TREND=1;STRUCT=1;VOL=1;COOL=1;EMA50=1;VWAP=1;BIAS=1,0.00,0.00,21759.15,21758.25,KZ=LONDON; KZR=London H @ 4262.35 1969 bars ago (high taken); DAY 12AM-4PM IST session: stop x1.00 of usual; no partials; full size to TP5; SL steps BE->TP1->TP2->TP3
1818,2025.12.08 12:31:27,2025.12.08 15:01:27,SL_MOVE,XAUUSD,M5,650,SELL,FULLTGT,DAY,0,4208.10,4213.89,4208.10,5.79,1.00,5.79,4202.31,4196.53,4190.74,4184.95,4179.16,0.18,0.00,0.18,4208.10,1.00,0.00,0.00,4209.87,4210.18,4210.66,4210.07,4210.29,-0.174,2.74,19.54,39.33,39.33,-0.77,-0.66,-0.11,4208.69,4205.93,625,601,0.0,85.7,11,1,CROSS=EMA9<EMA21;TREND=1;STRUCT=1;VOL=1;COOL=1;EMA50=1;VWAP=1;BIAS=1,0.99,-0.81,21759.15,21863.55,stop to breakeven
1819,2025.12.08 12:31:27,2025.12.08 15:01:27,TP1_REACHED,XAUUSD,M5,650,SELL,FULLTGT,DAY,0,4208.10,4213.89,4208.10,5.79,1.00,5.79,4202.31,4196.53,4190.74,4184.95,4179.16,0.18,0.00,0.18,4202.31,1.00,1.00,0.00,4209.87,4210.18,4210.66,4210.07,4210.29,-0.174,2.74,19.54,39.33,39.33,-0.77,-0.66,-0.11,4208.69,4205.93,625,601,0.0,85.7,11,1,CROSS=EMA9<EMA21;TREND=1;STRUCT=1;VOL=1;COOL=1;EMA50=1;VWAP=1;BIAS=1,0.99,-0.81,21759.15,21863.55,full target: no partial booked
1820,2025.12.08 12:39:13,2025.12.08 15:09:13,EXIT_BE,XAUUSD,M5,650,SELL,FULLTGT,DAY,0,4208.10,4213.89,4208.10,5.79,1.00,5.79,4202.31,4196.53,4190.74,4184.95,4179.16,0.18,0.18,0.00,4208.11,0.00,-0.00,-1.44,4209.72,4210.09,4210.61,4209.87,4210.18,-0.179,2.87,24.55,42.47,42.47,-0.85,-0.65,-0.20,4208.66,4206.81,831,614,14.3,71.4,5,1,CROSS=EMA9<EMA21;TREND=1;STRUCT=1;VOL=1;COOL=1;EMA50=1;VWAP=1;BIAS=1,1.20,-0.81,21758.34,21758.34,stopped at breakeven
1821,2025.12.08 14:45:00,2025.12.08 17:15:00,ENTRY,XAUUSD,M5,652,BUY,FULLTGT,EVENING,0,4212.56,4207.32,4207.32,5.24,1.00,5.24,4217.80,4223.03,4228.27,4233.50,4238.74,0.20,0.20,0.20,4212.56,0.00,0.00,0.00,4209.74,4209.69,4210.16,4209.60,4209.62,-0.178,2.62,21.49,56.85,56.85,1.15,0.99,0.16,4208.67,4212.46,481,611,71.4,0.0,10,1,CROSS=EMA9>EMA21;TREND=1;STRUCT=1;VOL=1;COOL=1;EMA50=1;VWAP=1;BIAS=1,0.00,0.00,21757.64,21755.64,KZ=NY; KZR=London H @ 4262.35 2004 bars ago (high taken); EVENING 4PM-12AM IST session: stop x1.00 of usual; no partials; full size to TP5; SL steps BE->TP1->TP2->TP3
1822,2025.12.08 15:09:28,2025.12.08 17:39:28,EXIT_SL,XAUUSD,M5,652,BUY,FULLTGT,EVENING,0,4212.56,4207.32,4207.32,5.24,1.00,5.24,4217.80,4223.03,4228.27,4233.50,4238.74,0.20,0.20,0.00,4207.31,0.00,-1.00,-106.40,4210.13,4209.90,4210.25,4210.20,4209.94,-0.120,2.85,24.21,45.23,45.23,0.92,1.08,-0.16,4208.76,4208.62,1287,644,14.3,71.4,10,1,CROSS=EMA9>EMA21;TREND=1;STRUCT=1;VOL=1;COOL=1;EMA50=1;VWAP=1;BIAS=1,0.55,-1.00,21651.94,21651.94,stopped at the initial SL (x1.00 of usual)
1823,2025.12.08 15:25:00,2025.12.08 17:55:00,ENTRY,XAUUSD,M5,654,SELL,FULLTGT,EVENING,0,4204.30,4211.13,4211.13,6.83,1.00,6.83,4197.47,4190.63,4183.80,4176.96,4170.13,0.15,0.15,0.15,4204.30,0.00,0.00,0.00,4209.66,4209.68,4210.12,4209.93,4209.82,-0.127,3.42,20.59,38.56,38.56,-0.29,0.74,-1.03,4208.73,4204.30,1102,719,0.0,85.7,10,1,CROSS=EMA9<EMA21;TREND=1;STRUCT=1;VOL=1;COOL=1;EMA50=1;VWAP=1;BIAS=1,0.00,0.00,21651.41,21649.91,KZ=NY; KZR=London H @ 4262.35 2012 bars ago (high taken); EVENING 4PM-12AM IST session: stop x1.00 of usual; no partials; full size to TP5; SL steps BE->TP1->TP2->TP3
1824,2025.12.08 16:01:14,2025.12.08 18:31:14,SL_MOVE,XAUUSD,M5,654,SELL,FULLTGT,EVENING,0,4204.30,4211.13,4204.30,6.83,1.00,6.83,4197.47,4190.63,4183.80,4176.96,4170.13,0.15,0.00,0.15,4204.30,1.00,0.00,0.00,4207.66,4208.60,4209.52,4207.97,4208.77,-0.202,4.54,30.70,37.81,37.81,-2.03,-1.16,-0.86,4208.37,4201.64,1442,885,14.3,85.7,10,1,CROSS=EMA9<EMA21;TREND=1;STRUCT=1;VOL=1;COOL=1;EMA50=1;VWAP=1;BIAS=1,1.00,-0.34,21651.41,21754.01,stop to breakeven
1825,2025.12.08 16:01:14,2025.12.08 18:31:14,TP1_REACHED,XAUUSD,M5,654,SELL,FULLTGT,EVENING,0,4204.30,4211.13,4204.30,6.83,1.00,6.83,4197.47,4190.63,4183.80,4176.96,4170.13,0.15,0.00,0.15,4197.47,1.00,1.00,0.00,4207.66,4208.60,4209.52,4207.97,4208.77,-0.202,4.54,30.70,37.81,37.81,-2.03,-1.16,-0.86,4208.37,4201.64,1442,885,14.3,85.7,10,1,CROSS=EMA9<EMA21;TREND=1;STRUCT=1;VOL=1;COOL=1;EMA50=1;VWAP=1;BIAS=1,1.00,-0.34,21651.41,21754.01,full target: no partial booked
1826,2025.12.08 16:05:41,2025.12.08 18:35:41,EXIT_BE,XAUUSD,M5,654,SELL,FULLTGT,EVENING,0,4204.30,4211.13,4204.30,6.83,1.00,6.83,4197.47,4190.63,4183.80,4176.96,4170.13,0.15,0.15,0.00,4204.32,0.00,-0.00,-1.36,4207.41,4208.45,4209.43,4207.66,4208.60,-0.209,4.69,31.47,40.28,40.28,-2.06,-1.42,-0.65,4208.31,4202.54,1098,915,14.3,85.7,8,1,CROSS=EMA9<EMA21;TREND=1;STRUCT=1;VOL=1;COOL=1;EMA50=1;VWAP=1;BIAS=1,1.02,-0.34,21650.58,21650.58,stopped at breakeven
1827,2025.12.09 01:00:00,2025.12.09 03:30:00,DAY_SUMMARY,XAUUSD,M5,654,FLAT,NA,DAY,0,0.00,0.00,0.00,0.00,1.00,0.00,0.00,0.00,0.00,0.00,0.00,0.00,0.00,0.00,0.00,0.00,-1.01,-109.20,4190.40,4192.00,4196.35,4190.39,4192.04,-3.023,1.44,34.11,50.71,50.71,0.04,0.47,-0.43,4201.93,4190.56,149,414,42.9,42.9,5,1,CROSS=EMA9<EMA21;TREND=1;STRUCT=1;VOL=1;COOL=1;EMA50=1;VWAP=1;BIAS=1,0.00,0.00,21650.58,21650.58,2025.12.08 trades=3 W=0 L=3 gross_profit=0.00 gross_loss=109.20 net=-109.20 PF=0.00
1828,2025.12.09 03:20:00,2025.12.09 05:50:00,ENTRY,XAUUSD,M5,656,BUY,FULLTGT,DAY,0,4195.69,4191.00,4191.00,4.69,1.00,4.69,4200.38,4205.06,4209.75,4214.43,4219.12,0.23,0.23,0.23,4195.69,0.00,0.00,0.00,4192.67,4192.67,4195.44,4192.52,4192.59,-1.184,2.34,12.62,59.70,59.70,0.70,0.35,0.35,4193.52,4195.57,812,490,71.4,14.3,5,1,CROSS=EMA9>EMA21;TREND=1;STRUCT=1;VOL=1;COOL=1;EMA50=1;VWAP=1;BIAS=1,0.00,0.00,21649.77,21648.62,KZ=ASIA; KZR=London L @ 4181.19 122 bars ago (low taken); DAY 12AM-4PM IST session: stop x1.00 of usual; no partials; full size to TP5; SL steps BE->TP1->TP2->TP3
1829,2025.12.09 04:14:55,2025.12.09 06:44:55,EXIT_SL,XAUUSD,M5,656,BUY,FULLTGT,DAY,0,4195.69,4191.00,4191.00,4.69,1.00,4.69,4200.38,4205.06,4209.75,4214.43,4219.12,0.23,0.23,0.00,4190.99,0.00,-1.00,-109.72,4193.77,4193.28,4195.44,4193.71,4193.24,-0.840,2.57,11.00,52.49,52.49,0.85,0.81,0.04,4194.21,4194.92,718,683,71.4,14.3,5,1,CROSS=EMA9>EMA21;TREND=1;STRUCT=1;VOL=1;COOL=1;EMA50=1;VWAP=1;BIAS=1,0.36,-1.00,21540.86,21540.86,stopped at the initial SL (x1.00 of usual)
1830,2025.12.09 04:40:00,2025.12.09 07:10:00,ENTRY,XAUUSD,M5,658,SELL,FULLTGT,DAY,0,4188.62,4193.80,4193.80,5.18,1.00,5.18,4183.44,4178.25,4173.07,4167.88,4162.70,0.20,0.20,0.20,4188.62,0.00,0.00,0.00,4192.86,4192.87,4195.07,4193.08,4192.97,-0.850,2.59,36.82,37.29,37.29,-0.94,0.18,-1.12,4193.47,4188.64,922,772,14.3,85.7,5,1,CROSS=EMA9<EMA21;TREND=1;STRUCT=1;VOL=1;COOL=1;EMA50=1;VWAP=1;BIAS=1,0.00,0.00,21540.16,21539.16,KZ=ASIA; KZR=London L @ 4181.19 138 bars ago (low taken); DAY 12AM-4PM IST session: stop x1.00 of usual; no partials; full size to TP5; SL steps BE->TP1->TP2->TP3
1831,2025.12.09 05:13:54,2025.12.09 07:43:54,EXIT_SL,XAUUSD,M5,658,SELL,FULLTGT,DAY,0,4188.62,4193.80,4193.80,5.18,1.00,5.18,4183.44,4178.25,4173.07,4167.88,4162.70,0.20,0.20,0.00,4193.80,0.00,-1.00,-105.00,4192.11,4192.45,4194.70,4192.13,4192.47,-0.845,2.65,29.28,49.65,49.65,-0.97,-1.00,0.02,4192.87,4191.74,696,721,14.3,71.4,5,1,CROSS=EMA9<EMA21;TREND=1;STRUCT=1;VOL=1;COOL=1;EMA50=1;VWAP=1;BIAS=1,0.24,-1.00,21435.86,21435.86,stopped at the initial SL (x1.00 of usual)
1832,2025.12.09 05:30:00,2025.12.09 08:00:00,ENTRY,XAUUSD,M5,660,BUY,FULLTGT,DAY,0,4197.95,4193.06,4193.06,4.89,1.00,4.89,4202.84,4207.72,4212.61,4217.50,4222.39,0.21,0.21,0.21,4197.95,0.00,0.00,0.00,4192.81,4192.78,4194.75,4192.54,4192.65,-0.806,2.44,39.08,66.02,66.02,0.51,-0.71,1.22,4193.14,4198.06,869,728,100.0,0.0,5,1,CROSS=EMA9>EMA21;TREND=1;STRUCT=1;VOL=1;COOL=1;EMA50=1;VWAP=1;BIAS=1,0.00,0.00,21435.12,21434.07,KZ=ASIA; KZR=London L @ 4181.19 148 bars ago (low taken); DAY 12AM-4PM IST session: stop x1.00 of usual; no partials; full size to TP5; SL steps BE->TP1->TP2->TP3
1833,2025.12.09 06:01:26,2025.12.09 08:31:26,EXIT_SL,XAUUSD,M5,660,BUY,FULLTGT,DAY,0,4197.95,4193.06,4193.06,4.89,1.00,4.89,4202.84,4207.72,4212.61,4217.50,4222.39,0.21,0.21,0.00,4193.05,0.00,-1.00,-104.38,4193.36,4193.09,4194.77,4193.30,4193.05,-0.813,2.07,26.52,53.23,53.23,0.69,0.49,0.20,4193.38,4194.56,478,725,85.7,0.0,5,1,CROSS=EMA9>EMA21;TREND=1;STRUCT=1;VOL=1;COOL=1;EMA50=1;VWAP=1;BIAS=1,0.19,-1.00,21331.48,21331.48,stopped at the initial SL (x1.00 of usual)
1834,2025.12.09 06:55:00,2025.12.09 09:25:00,ENTRY,XAUUSD,M5,662,SELL,FULLTGT,DAY,0,4185.56,4189.83,4189.83,4.27,1.00,4.27,4181.29,4177.01,4172.74,4168.46,4164.19,0.24,0.24,0.24,4185.56,0.00,0.00,0.00,4192.72,4192.84,4194.43,4193.09,4193.02,-0.746,2.14,26.04,29.08,29.08,-1.08,0.07,-1.15,4193.24,4185.58,552,635,0.0,85.7,5,1,CROSS=EMA9<EMA21;TREND=1;STRUCT=1;VOL=1;COOL=1;EMA50=1;VWAP=1;BIAS=1,0.00,0.00,21330.64,21329.44,KZ=ASIA; KZR=London L @ 4181.19 165 bars ago (low taken); DAY 12AM-4PM IST session: stop x1.00 of usual; no partials; full size to TP5; SL steps BE->TP1->TP2->TP3
1835,2025.12.09 07:42:32,2025.12.09 10:12:32,SL_MOVE,XAUUSD,M5,662,SELL,FULLTGT,DAY,0,4185.56,4189.83,4185.56,4.27,1.00,4.27,4181.29,4177.01,4172.74,4168.46,4164.19,0.24,0.00,0.24,4185.56,1.00,0.00,0.00,4189.84,4191.23,4193.42,4190.19,4191.44,-0.813,2.69,41.43,33.80,33.80,-2.64,-2.09,-0.55,4191.99,4182.98,1238,693,14.3,85.7,5,1,CROSS=EMA9<EMA21;TREND=1;STRUCT=1;VOL=1;COOL=1;EMA50=1;VWAP=1;BIAS=1,0.99,-0.65,21330.64,21433.36,stop to breakeven
1836,2025.12.09 07:42:32,2025.12.09 10:12:32,TP1_REACHED,XAUUSD,M5,662,SELL,FULLTGT,DAY,0,4185.56,4189.83,4185.56,4.27,1.00,4.27,4181.29,4177.01,4172.74,4168.46,4164.19,0.24,0.00,0.24,4181.29,1.00,1.00,0.00,4189.84,4191.23,4193.42,4190.19,4191.44,-0.813,2.69,41.43,33.80,33.80,-2.64,-2.09,-0.55,4191.99,4182.98,1238,693,14.3,85.7,5,1,CROSS=EMA9<EMA21;TREND=1;STRUCT=1;VOL=1;COOL=1;EMA50=1;VWAP=1;BIAS=1,0.99,-0.65,21330.64,21433.36,full target: no partial booked
1837,2025.12.09 08:09:27,2025.12.09 10:39:27,SL_MOVE,XAUUSD,M5,662,SELL,FULLTGT,DAY,0,4185.56,4189.83,4181.29,4.27,1.00,4.27,4181.29,4177.01,4172.74,4168.46,4164.19,0.24,0.00,0.24,4181.29,2.00,0.00,0.00,4187.73,4189.95,4192.63,4188.26,4190.27,-0.991,2.70,52.53,24.70,24.70,-3.32,-2.73,-0.59,4190.97,4177.41,791,777,0.0,100.0,5,1,CROSS=EMA9<EMA21;TREND=1;STRUCT=1;VOL=1;COOL=1;EMA50=1;VWAP=1;BIAS=1,1.99,-0.65,21330.64,21537.04,stop trailed to TP1
1838,2025.12.09 08:09:27,2025.12.09 10:39:27,TP2_REACHED,XAUUSD,M5,662,SELL,FULLTGT,DAY,0,4185.56,4189.83,4181.29,4.27,1.00,4.27,4181.29,4177.01,4172.74,4168.46,4164.19,0.24,0.00,0.24,4177.01,2.00,2.00,0.00,4187.73,4189.95,4192.63,4188.26,4190.27,-0.991,2.70,52.53,24.70,24.70,-3.32,-2.73,-0.59,4190.97,4177.41,791,777,0.0,100.0,5,1,CROSS=EMA9<EMA21;TREND=1;STRUCT=1;VOL=1;COOL=1;EMA50=1;VWAP=1;BIAS=1,1.99,-0.65,21330.64,21537.04,full target: no partial booked
1839,2025.12.09 08:10:26,2025.12.09 10:40:26,SL_MOVE,XAUUSD,M5,662,SELL,FULLTGT,DAY,0,4185.56,4189.83,4177.01,4.27,1.00,4.27,4181.29,4177.01,4172.74,4168.46,4164.19,0.24,0.00,0.24,4177.01,3.00,0.00,0.00,4187.08,4189.57,4192.40,4187.73,4189.95,-1.007,2.81,55.71,21.08,21.08,-3.73,-2.89,-0.83,4190.71,4174.46,957,796,0.0,100.0,2,1,CROSS=EMA9<EMA21;TREND=1;STRUCT=1;VOL=1;COOL=1;EMA50=1;VWAP=1;BIAS=1,2.99,-0.65,21330.64,21638.56,stop trailed to TP2
1840,2025.12.09 08:10:26,2025.12.09 10:40:26,TP3_REACHED,XAUUSD,M5,662,SELL,FULLTGT,DAY,0,4185.56,4189.83,4177.01,4.27,1.00,4.27,4181.29,4177.01,4172.74,4168.46,4164.19,0.24,0.00,0.24,4172.74,3.00,3.00,0.00,4187.08,4189.57,4192.40,4187.73,4189.95,-1.007,2.81,55.71,21.08,21.08,-3.73,-2.89,-0.83,4190.71,4174.46,957,796,0.0,100.0,2,1,CROSS=EMA9<EMA21;TREND=1;STRUCT=1;VOL=1;COOL=1;EMA50=1;VWAP=1;BIAS=1,2.99,-0.65,21330.64,21638.56,full target: no partial booked
1841,2025.12.09 08:15:39,2025.12.09 10:45:39,EXIT_TRAIL_SL,XAUUSD,M5,662,SELL,FULLTGT,DAY,0,4185.56,4189.83,4177.01,4.27,1.00,4.27,4181.29,4177.01,4172.74,4168.46,4164.19,0.24,0.24,0.00,4177.01,0.00,2.00,203.52,4186.48,4189.20,4192.18,4187.08,4189.57,-0.966,3.09,59.18,22.25,22.25,-3.98,-3.08,-0.90,4190.32,4174.74,1268,835,14.3,85.7,5,1,CROSS=EMA9<EMA21;TREND=1;STRUCT=1;VOL=1;COOL=1;EMA50=1;VWAP=1;BIAS=1,3.62,-0.65,21535.00,21535.00,stopped at a trailed level
1842,2025.12.09 11:15:00,2025.12.09 13:45:00,ENTRY,XAUUSD,M5,664,BUY,FULLTGT,DAY,0,4203.83,4197.23,4197.23,6.60,1.00,6.60,4210.43,4217.03,4223.63,4230.22,4236.82,0.16,0.16,0.16,4203.83,0.00,0.00,0.00,4187.66,4187.55,4189.83,4186.84,4187.15,-0.691,3.30,47.75,80.09,80.09,4.34,2.36,1.98,4188.35,4203.61,1113,816,100.0,0.0,5,1,CROSS=EMA9>EMA21;TREND=1;STRUCT=1;VOL=1;COOL=1;EMA50=1;VWAP=1;BIAS=1,0.00,0.00,21534.44,21533.64,KZ=LONDON; KZR=Asia L @ 4175.07 37 bars ago (low taken); DAY 12AM-4PM IST session: stop x1.00 of usual; no partials; full size to TP5; SL steps BE->TP1->TP2->TP3
1843,2025.12.09 11:19:05,2025.12.09 13:49:05,SL_MOVE,XAUUSD,M5,664,BUY,FULLTGT,DAY,0,4203.83,4197.23,4203.83,6.60,1.00,6.60,4210.43,4217.03,4223.63,4230.22,4236.82,0.16,0.00,0.16,4203.83,1.00,0.00,0.00,4187.66,4187.55,4189.83,4186.84,4187.15,-0.691,3.30,47.75,80.09,80.09,4.34,2.36,1.98,4188.35,4203.61,1113,816,100.0,0.0,5,1,CROSS=EMA9>EMA21;TREND=1;STRUCT=1;VOL=1;COOL=1;EMA50=1;VWAP=1;BIAS=1,0.99,-0.06,21534.44,21640.36,stop to breakeven
1844,2025.12.09 11:19:05,2025.12.09 13:49:05,TP1_REACHED,XAUUSD,M5,664,BUY,FULLTGT,DAY,0,4203.83,4197.23,4203.83,6.60,1.00,6.60,4210.43,4217.03,4223.63,4230.22,4236.82,0.16,0.00,0.16,4210.43,1.00,1.00,0.00,4187.66,4187.55,4189.83,4186.84,4187.15,-0.691,3.30,47.75,80.09,80.09,4.34,2.36,1.98,4188.35,4203.61,1113,816,100.0,0.0,5,1,CROSS=EMA9>EMA21;TREND=1;STRUCT=1;VOL=1;COOL=1;EMA50=1;VWAP=1;BIAS=1,0.99,-0.06,21534.44,21640.36,full target: no partial booked
1845,2025.12.09 11:39:29,2025.12.09 14:09:29,EXIT_BE,XAUUSD,M5,664,BUY,FULLTGT,DAY,0,4203.83,4197.23,4203.83,6.60,1.00,6.60,4210.43,4217.03,4223.63,4230.22,4236.82,0.16,0.16,0.00,4203.81,0.00,-0.00,-1.44,4191.27,4189.46,4190.70,4190.54,4189.05,-0.319,3.89,51.40,73.76,73.76,6.25,4.30,1.96,4189.29,4205.55,992,875,85.7,14.3,5,1,CROSS=EMA9>EMA21;TREND=1;STRUCT=1;VOL=1;COOL=1;EMA50=1;VWAP=1;BIAS=1,1.36,-0.06,21533.56,21533.56,stopped at breakeven
1846,2025.12.10 01:00:00,2025.12.10 03:30:00,DAY_SUMMARY,XAUUSD,M5,664,FLAT,NA,DAY,0,0.00,0.00,0.00,0.00,1.00,0.00,0.00,0.00,0.00,0.00,0.00,0.00,0.00,0.00,0.00,0.00,-1.01,-117.02,4209.86,4208.52,4205.22,4209.95,4208.53,2.107,1.56,26.23,41.44,41.44,-0.47,-0.05,-0.43,4199.43,4208.10,218,667,28.6,57.1,5,1,CROSS=EMA9>EMA21;TREND=1;STRUCT=1;VOL=1;COOL=1;EMA50=1;VWAP=1;BIAS=1,0.00,0.00,21533.56,21533.56,2025.12.09 trades=5 W=1 L=4 gross_profit=203.52 gross_loss=320.54 net=-117.02 PF=0.63
1847,2025.12.10 06:25:00,2025.12.10 08:55:00,ENTRY,XAUUSD,M5,666,SELL,FULLTGT,DAY,0,4207.50,4211.80,4211.80,4.30,1.00,4.30,4203.20,4198.89,4194.59,4190.28,4185.98,0.25,0.25,0.25,4207.50,0.00,0.00,0.00,4210.54,4210.58,4208.55,4210.70,4210.66,0.940,2.15,32.94,42.03,42.03,-1.70,-1.73,0.04,4211.95,4207.41,408,536,14.3,71.4,5,1,CROSS=EMA9<EMA21;TREND=1;STRUCT=1;VOL=1;COOL=1;EMA50=1;VWAP=1;BIAS=1,0.00,0.00,21532.68,21531.43,KZ=ASIA; KZR=Asia L @ 4175.07 267 bars ago (low taken); DAY 12AM-4PM IST session: stop x1.00 of usual; no partials; full size to TP5; SL steps BE->TP1->TP2->TP3
1848,2025.12.10 07:16:44,2025.12.10 09:46:44,SL_MOVE,XAUUSD,M5,666,SELL,FULLTGT,DAY,0,4207.50,4211.80,4207.50,4.30,1.00,4.30,4203.20,4198.89,4194.59,4190.28,4185.98,0.25,0.00,0.25,4207.50,1.00,0.00,0.00,4208.95,4209.69,4208.32,4209.22,4209.84,0.802,1.71,23.17,32.48,32.48,-1.45,-1.39,-0.07,4211.39,4203.63,657,449,0.0,85.7,5,1,CROSS=EMA9<EMA21;TREND=1;STRUCT=1;VOL=1;COOL=1;EMA50=1;VWAP=1;BIAS=1,1.00,-0.51,21532.68,21640.93,stop to breakeven
1849,2025.12.10 07:16:44,2025.12.10 09:46:44,TP1_REACHED,XAUUSD,M5,666,SELL,FULLTGT,DAY,0,4207.50,4211.80,4207.50,4.30,1.00,4.30,4203.20,4198.89,4194.59,4190.28,4185.98,0.25,0.00,0.25,4203.20,1.00,1.00,0.00,4208.95,4209.69,4208.32,4209.22,4209.84,0.802,1.71,23.17,32.48,32.48,-1.45,-1.39,-0.07,4211.39,4203.63,657,449,0.0,85.7,5,1,CROSS=EMA9<EMA21;TREND=1;STRUCT=1;VOL=1;COOL=1;EMA50=1;VWAP=1;BIAS=1,1.00,-0.51,21532.68,21640.93,full target: no partial booked
1850,2025.12.10 07:30:40,2025.12.10 10:00:40,EXIT_BE,XAUUSD,M5,666,SELL,FULLTGT,DAY,0,4207.50,4211.80,4207.50,4.30,1.00,4.30,4203.20,4198.89,4194.59,4190.28,4185.98,0.25,0.25,0.00,4207.51,0.00,-0.00,-2.01,4208.26,4209.28,4208.16,4208.40,4209.37,0.598,1.86,27.87,44.16,44.16,-1.59,-1.44,-0.15,4211.06,4205.62,477,453,14.3,85.7,5,1,CROSS=EMA9<EMA21;TREND=1;STRUCT=1;VOL=1;COOL=1;EMA50=1;VWAP=1;BIAS=1,1.31,-0.51,21531.55,21531.55,stopped at breakeven
1851,2025.12.10 19:20:00,2025.12.10 21:50:00,SKIP,XAUUSD,M5,666,FLAT,NA,EVENING,0,0.00,0.00,0.00,0.00,1.00,0.00,0.00,0.00,0.00,0.00,0.00,0.00,0.00,0.00,0.00,0.00,0.00,0.00,4198.86,4198.78,4200.35,4198.70,4198.70,-0.557,2.82,27.66,56.35,56.35,1.52,1.40,0.12,4202.65,4201.99,689,918,71.4,14.3,5,1,CROSS=EMA9<EMA21;TREND=1;STRUCT=1;VOL=1;COOL=1;EMA50=1;VWAP=1;BIAS=1,0.00,0.00,21531.55,21531.55,outside the killzone window
1852,2025.12.10 20:35:00,2025.12.10 23:05:00,SKIP,XAUUSD,M5,666,FLAT,NA,EVENING,0,0.00,0.00,0.00,0.00,1.00,0.00,0.00,0.00,0.00,0.00,0.00,0.00,0.00,0.00,0.00,0.00,0.00,0.00,4198.83,4198.85,4200.13,4198.98,4198.92,-0.538,2.40,29.67,41.26,41.26,-0.63,0.11,-0.74,4202.42,4195.93,826,710,0.0,100.0,5,1,CROSS=EMA9<EMA21;TREND=1;STRUCT=1;VOL=1;COOL=1;EMA50=1;VWAP=1;BIAS=1,0.00,0.00,21531.55,21531.55,outside the killzone window
1853,2025.12.10 21:10:00,2025.12.10 23:40:00,SKIP,XAUUSD,M5,666,FLAT,NA,EVENING,0,0.00,0.00,0.00,0.00,1.00,0.00,0.00,0.00,0.00,0.00,0.00,0.00,0.00,0.00,0.00,0.00,0.00,0.00,4199.07,4198.91,4200.05,4198.19,4198.48,-0.255,4.44,33.63,74.11,74.11,1.05,-0.78,1.82,4202.36,4216.18,1663,803,100.0,0.0,5,1,CROSS=EMA9<EMA21;TREND=1;STRUCT=1;VOL=1;COOL=1;EMA50=1;VWAP=1;BIAS=1,0.00,0.00,21531.55,21531.55,outside the killzone window
1854,2025.12.11 01:00:00,2025.12.11 03:30:00,DAY_SUMMARY,XAUUSD,M5,666,FLAT,NA,DAY,0,0.00,0.00,0.00,0.00,1.00,0.00,0.00,0.00,0.00,0.00,0.00,0.00,0.00,0.00,0.00,0.00,-0.00,-2.01,4220.70,4213.33,4208.07,4220.30,4212.95,1.527,3.45,16.95,56.98,56.98,3.17,4.32,-1.14,4205.39,4228.54,355,812,57.1,14.3,5,1,CROSS=EMA9<EMA21;TREND=1;STRUCT=1;VOL=1;COOL=1;EMA50=1;VWAP=1;BIAS=1,0.00,0.00,21531.55,21531.55,2025.12.10 trades=1 W=0 L=1 gross_profit=0.00 gross_loss=2.01 net=-2.01 PF=0.00
1855,2025.12.11 06:05:00,2025.12.11 08:35:00,SKIP,XAUUSD,M5,666,FLAT,NA,DAY,0,0.00,0.00,0.00,0.00,1.00,0.00,0.00,0.00,0.00,0.00,0.00,0.00,0.00,0.00,0.00,0.00,0.00,0.00,4224.14,4224.35,4219.20,4224.59,4224.57,1.326,3.88,37.30,38.36,38.36,-4.37,-5.28,0.91,4230.39,4215.44,531,938,14.3,71.4,5,1,CROSS=EMA9<EMA21;TREND=1;STRUCT=1;VOL=1;COOL=1;EMA50=1;VWAP=1;BIAS=1,0.00,0.00,21531.55,21531.55,already positioned that way
1856,2025.12.11 16:00:00,2025.12.11 18:30:00,ENTRY,XAUUSD,M5,668,BUY,FULLTGT,EVENING,0,4221.10,4211.85,4211.85,9.25,1.00,9.25,4230.35,4239.59,4248.84,4258.08,4267.33,0.11,0.11,0.11,4221.10,0.00,0.00,0.00,4216.15,4216.12,4216.17,4215.90,4216.00,-0.010,4.62,24.49,59.38,59.38,1.11,-0.18,1.29,4220.45,4221.04,1215,916,71.4,14.3,5,1,CROSS=EMA9>EMA21;TREND=1;STRUCT=1;VOL=1;COOL=1;EMA50=1;VWAP=1;BIAS=1,0.00,0.00,21531.16,21530.61,KZ=NY; KZR=London H @ 4227.57 214 bars ago (high taken); EVENING 4PM-12AM IST session: stop x1.00 of usual; no partials; full size to TP5; SL steps BE->TP1->TP2->TP3
1857,2025.12.11 16:23:25,2025.12.11 18:53:25,SL_MOVE,XAUUSD,M5,668,BUY,FULLTGT,EVENING,0,4221.10,4211.85,4221.10,9.25,1.00,9.25,4230.35,4239.59,4248.84,4258.08,4267.33,0.11,0.00,0.11,4221.10,1.00,0.00,0.00,4217.54,4216.85,4216.54,4217.20,4216.66,0.061,5.11,26.33,59.99,59.99,2.30,0.96,1.34,4220.56,4224.20,1070,996,85.7,14.3,7,1,CROSS=EMA9>EMA21;TREND=1;STRUCT=1;VOL=1;COOL=1;EMA50=1;VWAP=1;BIAS=1,1.00,-0.33,21531.16,21632.91,stop to breakeven
1858,2025.12.11 16:23:25,2025.12.11 18:53:25,TP1_REACHED,XAUUSD,M5,668,BUY,FULLTGT,EVENING,0,4221.10,4211.85,4221.10,9.25,1.00,9.25,4230.35,4239.59,4248.84,4258.08,4267.33,0.11,0.00,0.11,4230.35,1.00,1.00,0.00,4217.54,4216.85,4216.54,4217.20,4216.66,0.061,5.11,26.33,59.99,59.99,2.30,0.96,1.34,4220.56,4224.20,1070,996,85.7,14.3,7,1,CROSS=EMA9>EMA21;TREND=1;STRUCT=1;VOL=1;COOL=1;EMA50=1;VWAP=1;BIAS=1,1.00,-0.33,21531.16,21632.91,full target: no partial booked
1859,2025.12.11 16:37:28,2025.12.11 19:07:28,SL_MOVE,XAUUSD,M5,668,BUY,FULLTGT,EVENING,0,4221.10,4211.85,4230.35,9.25,1.00,9.25,4230.35,4239.59,4248.84,4258.08,4267.33,0.11,0.00,0.11,4230.35,2.00,0.00,0.00,4219.65,4217.99,4217.13,4218.82,4217.54,0.162,5.34,34.10,71.88,71.88,4.15,2.18,1.97,4220.82,4235.84,1307,1073,100.0,0.0,10,1,CROSS=EMA9>EMA21;TREND=1;STRUCT=1;VOL=1;COOL=1;EMA50=1;VWAP=1;BIAS=1,2.00,-0.33,21531.16,21735.21,stop trailed to TP1
1860,2025.12.11 16:37:28,2025.12.11 19:07:28,TP2_REACHED,XAUUSD,M5,668,BUY,FULLTGT,EVENING,0,4221.10,4211.85,4230.35,9.25,1.00,9.25,4230.35,4239.59,4248.84,4258.08,4267.33,0.11,0.00,0.11,4239.59,2.00,2.00,0.00,4219.65,4217.99,4217.13,4218.82,4217.54,0.162,5.34,34.10,71.88,71.88,4.15,2.18,1.97,4220.82,4235.84,1307,1073,100.0,0.0,10,1,CROSS=EMA9>EMA21;TREND=1;STRUCT=1;VOL=1;COOL=1;EMA50=1;VWAP=1;BIAS=1,2.00,-0.33,21531.16,21735.21,full target: no partial booked
1861,2025.12.11 16:54:42,2025.12.11 19:24:42,EXIT_TRAIL_SL,XAUUSD,M5,668,BUY,FULLTGT,EVENING,0,4221.10,4211.85,4230.35,9.25,1.00,9.25,4230.35,4239.59,4248.84,4258.08,4267.33,0.11,0.11,0.00,4230.35,0.00,1.00,100.97,4222.29,4219.49,4217.92,4221.78,4219.16,0.263,5.96,43.14,58.77,58.77,5.65,3.68,1.97,4221.38,4232.40,1512,1156,85.7,14.3,10,1,CROSS=EMA9>EMA21;TREND=1;STRUCT=1;VOL=1;COOL=1;EMA50=1;VWAP=1;BIAS=1,2.53,-0.33,21632.52,21632.52,stopped at a trailed level
1862,2025.12.12 01:00:00,2025.12.12 03:30:00,DAY_SUMMARY,XAUUSD,M5,668,FLAT,NA,DAY,0,0.00,0.00,0.00,0.00,1.00,0.00,0.00,0.00,0.00,0.00,0.00,0.00,0.00,0.00,0.00,0.00,1.00,100.97,4274.67,4266.95,4253.07,4274.42,4266.63,5.306,2.62,44.66,56.94,56.94,2.29,1.51,0.78,4237.71,4279.59,256,579,85.7,0.0,5,1,CROSS=EMA9>EMA21;TREND=1;STRUCT=1;VOL=1;COOL=1;EMA50=1;VWAP=1;BIAS=1,0.00,0.00,21632.52,21632.52,2025.12.11 trades=1 W=1 L=0 gross_profit=100.97 gross_loss=0.00 net=100.97 PF=0.00
1863,2025.12.12 06:50:00,2025.12.12 09:20:00,ENTRY,XAUUSD,M5,670,SELL,FULLTGT,DAY,0,4268.15,4271.52,4271.52,3.37,1.00,3.37,4264.78,4261.40,4258.03,4254.66,4251.29,0.32,0.32,0.32,4268.15,0.00,0.00,0.00,4270.73,4270.78,4264.24,4270.86,4270.85,3.880,1.69,41.91,42.70,42.70,-1.23,-1.00,-0.23,4272.36,4268.14,557,551,14.3,85.7,5,1,CROSS=EMA9<EMA21;TREND=1;STRUCT=1;VOL=1;COOL=1;EMA50=1;VWAP=1;BIAS=1,0.00,0.00,21631.40,21629.80,KZ=ASIA; KZR=NY H @ 4261.45 149 bars ago (high taken); DAY 12AM-4PM IST session: stop x1.00 of usual; no partials; full size to TP5; SL steps BE->TP1->TP2->TP3
1864,2025.12.12 07:20:13,2025.12.12 09:50:13,EXIT_SL,XAUUSD,M5,670,SELL,FULLTGT,DAY,0,4268.15,4271.52,4271.52,3.37,1.00,3.37,4264.78,4261.40,4258.03,4254.66,4251.29,0.32,0.32,0.00,4271.53,0.00,-1.00,-110.40,4270.16,4270.46,4264.54,4270.12,4270.45,3.241,1.83,29.05,55.51,55.51,-0.69,-1.13,0.44,4272.10,4271.00,546,523,71.4,28.6,5,1,CROSS=EMA9<EMA21;TREND=1;STRUCT=1;VOL=1;COOL=1;EMA50=1;VWAP=1;BIAS=1,0.59,-1.00,21522.12,21522.12,stopped at the initial SL (x1.00 of usual)
1865,2025.12.12 07:35:00,2025.12.12 10:05:00,ENTRY,XAUUSD,M5,672,BUY,FULLTGT,DAY,0,4277.40,4273.32,4273.32,4.08,1.00,4.08,4281.48,4285.57,4289.65,4293.74,4297.82,0.26,0.26,0.26,4277.40,0.00,0.00,0.00,4270.85,4270.79,4264.93,4270.51,4270.63,2.871,2.04,39.87,70.44,70.44,0.69,-0.66,1.35,4272.24,4277.35,1269,587,100.0,0.0,5,1,CROSS=EMA9>EMA21;TREND=1;STRUCT=1;VOL=1;COOL=1;EMA50=1;VWAP=1;BIAS=1,0.00,0.00,21521.21,21519.91,KZ=ASIA; KZR=NY H @ 4261.45 158 bars ago (high taken); DAY 12AM-4PM IST session: stop x1.00 of usual; no partials; full size to TP5; SL steps BE->TP1->TP2->TP3
1866,2025.12.12 08:28:41,2025.12.12 10:58:41,SL_MOVE,XAUUSD,M5,672,BUY,FULLTGT,DAY,0,4277.40,4273.32,4277.40,4.08,1.00,4.08,4281.48,4285.57,4289.65,4293.74,4297.82,0.26,0.00,0.26,4277.40,1.00,0.00,0.00,4273.84,4272.48,4266.51,4273.56,4272.31,2.308,2.59,49.03,70.32,70.32,2.36,2.14,0.22,4272.97,4279.36,572,693,85.7,0.0,5,1,CROSS=EMA9>EMA21;TREND=1;STRUCT=1;VOL=1;COOL=1;EMA50=1;VWAP=1;BIAS=1,1.00,-0.26,21521.21,21628.33,stop to breakeven
1867,2025.12.12 08:28:41,2025.12.12 10:58:41,TP1_REACHED,XAUUSD,M5,672,BUY,FULLTGT,DAY,0,4277.40,4273.32,4277.40,4.08,1.00,4.08,4281.48,4285.57,4289.65,4293.74,4297.82,0.26,0.00,0.26,4281.48,1.00,1.00,0.00,4273.84,4272.48,4266.51,4273.56,4272.31,2.308,2.59,49.03,70.32,70.32,2.36,2.14,0.22,4272.97,4279.36,572,693,85.7,0.0,5,1,CROSS=EMA9>EMA21;TREND=1;STRUCT=1;VOL=1;COOL=1;EMA50=1;VWAP=1;BIAS=1,1.00,-0.26,21521.21,21628.33,full target: no partial booked
1868,2025.12.12 09:07:28,2025.12.12 11:37:28,SL_MOVE,XAUUSD,M5,672,BUY,FULLTGT,DAY,0,4277.40,4273.32,4281.48,4.08,1.00,4.08,4281.48,4285.57,4289.65,4293.74,4297.82,0.26,0.00,0.26,4281.48,2.00,0.00,0.00,4276.48,4274.17,4267.97,4276.15,4273.95,2.728,2.28,59.03,75.35,75.35,2.72,2.57,0.14,4273.69,4282.98,627,744,85.7,0.0,12,1,CROSS=EMA9>EMA21;TREND=1;STRUCT=1;VOL=1;COOL=1;EMA50=1;VWAP=1;BIAS=1,1.99,-0.26,21521.21,21734.15,stop trailed to TP1
1869,2025.12.12 09:07:28,2025.12.12 11:37:28,TP2_REACHED,XAUUSD,M5,672,BUY,FULLTGT,DAY,0,4277.40,4273.32,4281.48,4.08,1.00,4.08,4281.48,4285.57,4289.65,4293.74,4297.82,0.26,0.00,0.26,4285.57,2.00,2.00,0.00,4276.48,4274.17,4267.97,4276.15,4273.95,2.728,2.28,59.03,75.35,75.35,2.72,2.57,0.14,4273.69,4282.98,627,744,85.7,0.0,12,1,CROSS=EMA9>EMA21;TREND=1;STRUCT=1;VOL=1;COOL=1;EMA50=1;VWAP=1;BIAS=1,1.99,-0.26,21521.21,21734.15,full target: no partial booked
1870,2025.12.12 09:36:03,2025.12.12 12:06:03,SL_MOVE,XAUUSD,M5,672,BUY,FULLTGT,DAY,0,4277.40,4273.32,4285.57,4.08,1.00,4.08,4281.48,4285.57,4289.65,4293.74,4297.82,0.26,0.00,0.26,4285.57,3.00,0.00,0.00,4279.07,4275.88,4269.30,4278.56,4275.55,2.610,2.52,58.86,78.09,78.09,3.26,2.98,0.28,4274.41,4288.98,640,670,85.7,0.0,10,1,CROSS=EMA9>EMA21;TREND=1;STRUCT=1;VOL=1;COOL=1;EMA50=1;VWAP=1;BIAS=1,3.00,-0.26,21521.21,21841.01,stop trailed to TP2
1871,2025.12.12 09:36:03,2025.12.12 12:06:03,TP3_REACHED,XAUUSD,M5,672,BUY,FULLTGT,DAY,0,4277.40,4273.32,4285.57,4.08,1.00,4.08,4281.48,4285.57,4289.65,4293.74,4297.82,0.26,0.00,0.26,4289.65,3.00,3.00,0.00,4279.07,4275.88,4269.30,4278.56,4275.55,2.610,2.52,58.86,78.09,78.09,3.26,2.98,0.28,4274.41,4288.98,640,670,85.7,0.0,10,1,CROSS=EMA9>EMA21;TREND=1;STRUCT=1;VOL=1;COOL=1;EMA50=1;VWAP=1;BIAS=1,3.00,-0.26,21521.21,21841.01,full target: no partial booked
1872,2025.12.12 09:40:19,2025.12.12 12:10:19,EXIT_TRAIL_SL,XAUUSD,M5,672,BUY,FULLTGT,DAY,0,4277.40,4273.32,4285.57,4.08,1.00,4.08,4281.48,4285.57,4289.65,4293.74,4297.82,0.26,0.26,0.00,4285.53,0.00,1.99,209.56,4279.40,4276.13,4269.51,4279.07,4275.88,2.485,2.67,59.47,64.51,64.51,3.14,3.03,0.11,4274.55,4285.99,787,676,85.7,14.3,6,1,CROSS=EMA9>EMA21;TREND=1;STRUCT=1;VOL=1;COOL=1;EMA50=1;VWAP=1;BIAS=1,3.20,-0.26,21731.68,21731.68,stopped at a trailed level
1873,2025.12.12 18:15:00,2025.12.12 20:45:00,SKIP,XAUUSD,M5,672,FLAT,NA,EVENING,0,0.00,0.00,0.00,0.00,1.00,0.00,0.00,0.00,0.00,0.00,0.00,0.00,0.00,0.00,0.00,0.00,0.00,0.00,4320.39,4320.50,4309.01,4322.14,4321.36,0.788,14.57,33.47,32.33,32.33,-13.79,-8.96,-4.82,4303.87,4286.34,1674,1626,14.3,85.7,5,1,CROSS=EMA9>EMA21;TREND=1;STRUCT=1;VOL=1;COOL=1;EMA50=1;VWAP=1;BIAS=1,0.00,0.00,21731.68,21731.68,outside the killzone window
1874,2025.12.15 01:00:00,2025.12.15 03:30:00,DAY_SUMMARY,XAUUSD,M5,672,FLAT,NA,DAY,0,0.00,0.00,0.00,0.00,1.00,0.00,0.00,0.00,0.00,0.00,0.00,0.00,0.00,0.00,0.00,0.00,0.99,99.16,4299.16,4300.78,4300.99,4299.13,4300.81,-0.078,2.74,25.81,50.16,50.16,1.21,1.46,-0.25,4300.16,4299.72,156,643,42.9,42.9,5,1,CROSS=EMA9>EMA21;TREND=1;STRUCT=1;VOL=1;COOL=1;EMA50=1;VWAP=1;BIAS=1,0.00,0.00,21731.68,21731.68,2025.12.12 trades=2 W=1 L=1 gross_profit=209.56 gross_loss=110.40 net=99.16 PF=1.90
1875,2025.12.15 01:00:00,2025.12.15 03:30:00,WEEK_SUMMARY,XAUUSD,M5,672,FLAT,NA,DAY,0,0.00,0.00,0.00,0.00,1.00,0.00,0.00,0.00,0.00,0.00,0.00,0.00,0.00,0.00,0.00,0.00,-0.03,-28.10,4299.16,4300.78,4300.99,4299.13,4300.81,-0.078,2.74,25.81,50.16,50.16,1.21,1.46,-0.25,4300.16,4299.72,156,643,42.9,42.9,5,1,CROSS=EMA9>EMA21;TREND=1;STRUCT=1;VOL=1;COOL=1;EMA50=1;VWAP=1;BIAS=1,0.00,0.00,21731.68,21731.68,days=5 trades=12 W=3 L=9 gross_profit=514.05 gross_loss=542.15 net=-28.10 PF=0.95 pips=246.0
1876,2025.12.15 02:35:00,2025.12.15 05:05:00,SKIP,XAUUSD,M5,672,FLAT,NA,DAY,0,0.00,0.00,0.00,0.00,1.00,0.00,0.00,0.00,0.00,0.00,0.00,0.00,0.00,0.00,0.00,0.00,0.00,0.00,4301.94,4301.93,4301.61,4301.89,4301.91,0.096,3.39,23.33,50.49,50.49,0.36,0.89,-0.52,4303.96,4302.83,412,540,42.9,28.6,5,1,CROSS=EMA9>EMA21;TREND=1;STRUCT=1;VOL=1;COOL=1;EMA50=1;VWAP=0;BIAS=1,0.00,0.00,21731.68,21731.68,already positioned that way
1877,2025.12.15 16:20:00,2025.12.15 18:50:00,ENTRY,XAUUSD,M5,674,SELL,FULLTGT,EVENING,0,4327.92,4338.19,4338.19,10.27,1.00,10.27,4317.65,4307.38,4297.11,4286.84,4276.57,0.10,0.10,0.10,4327.92,0.00,0.00,0.00,4339.22,4339.28,4333.98,4339.80,4339.56,1.032,5.14,27.82,33.79,33.79,-3.12,-1.62,-1.51,4332.08,4327.94,945,998,0.0,85.7,9,1,CROSS=EMA9<EMA21;TREND=1;STRUCT=1;VOL=1;COOL=1;EMA50=1;VWAP=1;BIAS=1,0.00,0.00,21731.33,21730.43,KZ=NY; KZR=NY H @ 4261.45 1127 bars ago (high taken); EVENING 4PM-12AM IST session: stop x1.00 of usual; no partials; full size to TP5; SL steps BE->TP1->TP2->TP3
1878,2025.12.15 16:54:43,2025.12.15 19:24:43,SL_MOVE,XAUUSD,M5,674,SELL,FULLTGT,EVENING,0,4327.92,4338.19,4327.92,10.27,1.00,10.27,4317.65,4307.38,4297.11,4286.84,4276.57,0.10,0.00,0.10,4327.92,1.00,0.00,0.00,4336.19,4337.63,4333.50,4336.60,4337.87,0.661,6.24,31.57,40.47,40.47,-3.73,-3.49,-0.23,4331.81,4328.08,1599,1166,0.0,100.0,10,1,CROSS=EMA9<EMA21;TREND=1;STRUCT=1;VOL=1;COOL=1;EMA50=1;VWAP=1;BIAS=1,1.00,-0.71,21731.33,21834.33,stop to breakeven
1879,2025.12.15 16:54:43,2025.12.15 19:24:43,TP1_REACHED,XAUUSD,M5,674,SELL,FULLTGT,EVENING,0,4327.92,4338.19,4327.92,10.27,1.00,10.27,4317.65,4307.38,4297.11,4286.84,4276.57,0.10,0.00,0.10,4317.65,1.00,1.00,0.00,4336.19,4337.63,4333.50,4336.60,4337.87,0.661,6.24,31.57,40.47,40.47,-3.73,-3.49,-0.23,4331.81,4328.08,1599,1166,0.0,100.0,10,1,CROSS=EMA9<EMA21;TREND=1;STRUCT=1;VOL=1;COOL=1;EMA50=1;VWAP=1;BIAS=1,1.00,-0.71,21731.33,21834.33,full target: no partial booked
1880,2025.12.15 17:51:41,2025.12.15 20:21:41,EXIT_BE,XAUUSD,M5,674,SELL,FULLTGT,EVENING,0,4327.92,4338.19,4327.92,10.27,1.00,10.27,4317.65,4307.38,4297.11,4286.84,4276.57,0.10,0.10,0.00,4327.92,0.00,-0.00,-0.70,4329.17,4333.20,4331.69,4329.34,4333.39,0.170,8.88,29.01,49.54,49.54,-3.68,-4.78,1.10,4330.63,4325.84,1241,1384,14.3,71.4,5,1,CROSS=EMA9<EMA21;TREND=1;STRUCT=1;VOL=1;COOL=1;EMA50=1;VWAP=1;BIAS=1,1.59,-0.71,21730.98,21730.98,stopped at breakeven
1881,2025.12.16 01:00:00,2025.12.16 03:30:00,DAY_SUMMARY,XAUUSD,M5,674,FLAT,NA,DAY,0,0.00,0.00,0.00,0.00,1.00,0.00,0.00,0.00,0.00,0.00,0.00,0.00,0.00,0.00,0.00,0.00,0.00,-0.70,4306.19,4310.06,4315.94,4306.25,4310.19,-2.881,2.04,28.65,48.98,48.98,-1.27,-1.53,0.26,4322.85,4304.91,175,547,14.3,71.4,5,1,CROSS=EMA9<EMA21;TREND=1;STRUCT=1;VOL=1;COOL=1;EMA50=1;VWAP=1;BIAS=1,0.00,0.00,21730.98,21730.98,2025.12.15 trades=1 W=0 L=1 gross_profit=0.00 gross_loss=0.70 net=-0.70 PF=0.00
1882,2025.12.16 15:10:00,2025.12.16 17:40:00,ENTRY,XAUUSD,M5,676,BUY,FULLTGT,EVENING,0,4296.32,4289.03,4289.03,7.29,1.00,7.29,4303.61,4310.89,4318.18,4325.46,4332.75,0.14,0.14,0.14,4296.32,0.00,0.00,0.00,4285.35,4285.27,4290.21,4284.79,4284.99,-1.358,3.64,39.04,69.75,69.75,4.01,3.48,0.53,4291.14,4296.26,1150,780,100.0,0.0,10,1,CROSS=EMA9>EMA21;TREND=1;STRUCT=1;VOL=1;COOL=1;EMA50=1;VWAP=1;BIAS=1,0.00,0.00,21730.49,21729.09,KZ=NY; KZR=NY H @ 4261.45 1401 bars ago (high taken); EVENING 4PM-12AM IST session: stop x1.00 of usual; no partials; full size to TP5; SL steps BE->TP1->TP2->TP3
1883,2025.12.16 15:30:15,2025.12.16 18:00:15,SL_MOVE,XAUUSD,M5,676,BUY,FULLTGT,EVENING,0,4296.32,4289.03,4296.32,7.29,1.00,7.29,4303.61,4310.89,4318.18,4325.46,4332.75,0.14,0.00,0.14,4296.32,1.00,0.00,0.00,4287.74,4286.53,4290.62,4287.06,4286.16,-1.259,3.25,35.05,74.54,74.54,4.74,4.07,0.67,4291.36,4301.07,1034,868,100.0,0.0,14,1,CROSS=EMA9>EMA21;TREND=1;STRUCT=1;VOL=1;COOL=1;EMA50=1;VWAP=1;BIAS=1,1.00,-0.36,21730.49,21832.97,stop to breakeven
1884,2025.12.16 15:30:15,2025.12.16 18:00:15,TP1_REACHED,XAUUSD,M5,676,BUY,FULLTGT,EVENING,0,4296.32,4289.03,4296.32,7.29,1.00,7.29,4303.61,4310.89,4318.18,4325.46,4332.75,0.14,0.00,0.14,4303.61,1.00,1.00,0.00,4287.74,4286.53,4290.62,4287.06,4286.16,-1.259,3.25,35.05,74.54,74.54,4.74,4.07,0.67,4291.36,4301.07,1034,868,100.0,0.0,14,1,CROSS=EMA9>EMA21;TREND=1;STRUCT=1;VOL=1;COOL=1;EMA50=1;VWAP=1;BIAS=1,1.00,-0.36,21730.49,21832.97,full target: no partial booked
1885,2025.12.16 15:31:41,2025.12.16 18:01:41,SL_MOVE,XAUUSD,M5,676,BUY,FULLTGT,EVENING,0,4296.32,4289.03,4303.61,7.29,1.00,7.29,4303.61,4310.89,4318.18,4325.46,4332.75,0.14,0.00,0.14,4303.61,2.00,0.00,0.00,4287.74,4286.53,4290.62,4287.06,4286.16,-1.259,3.25,35.05,74.54,74.54,4.74,4.07,0.67,4291.36,4301.07,1034,868,100.0,0.0,15,1,CROSS=EMA9>EMA21;TREND=1;STRUCT=1;VOL=1;COOL=1;EMA50=1;VWAP=1;BIAS=1,2.00,-0.36,21730.49,21934.89,stop trailed to TP1
1886,2025.12.16 15:31:41,2025.12.16 18:01:41,TP2_REACHED,XAUUSD,M5,676,BUY,FULLTGT,EVENING,0,4296.32,4289.03,4303.61,7.29,1.00,7.29,4303.61,4310.89,4318.18,4325.46,4332.75,0.14,0.00,0.14,4310.89,2.00,2.00,0.00,4287.74,4286.53,4290.62,4287.06,4286.16,-1.259,3.25,35.05,74.54,74.54,4.74,4.07,0.67,4291.36,4301.07,1034,868,100.0,0.0,15,1,CROSS=EMA9>EMA21;TREND=1;STRUCT=1;VOL=1;COOL=1;EMA50=1;VWAP=1;BIAS=1,2.00,-0.36,21730.49,21934.89,full target: no partial booked
1887,2025.12.16 15:44:38,2025.12.16 18:14:38,EXIT_TRAIL_SL,XAUUSD,M5,676,BUY,FULLTGT,EVENING,0,4296.32,4289.03,4303.61,7.29,1.00,7.29,4303.61,4310.89,4318.18,4325.46,4332.75,0.14,0.14,0.00,4303.58,0.00,1.00,100.66,4289.60,4287.54,4291.03,4288.70,4287.04,-0.839,4.16,38.98,79.03,79.03,5.81,4.49,1.32,4291.74,4307.06,1566,964,85.7,14.3,11,1,CROSS=EMA9>EMA21;TREND=1;STRUCT=1;VOL=1;COOL=1;EMA50=1;VWAP=1;BIAS=1,2.25,-0.36,21831.64,21831.64,stopped at a trailed level
1888,2025.12.17 01:00:00,2025.12.17 03:30:00,DAY_SUMMARY,XAUUSD,M5,676,FLAT,NA,DAY,0,0.00,0.00,0.00,0.00,1.00,0.00,0.00,0.00,0.00,0.00,0.00,0.00,0.00,0.00,0.00,0.00,1.00,100.66,4305.90,4306.00,4303.85,4306.10,4306.10,0.914,2.35,33.41,40.47,40.47,-1.64,-1.69,0.05,4300.72,4302.04,147,443,28.6,57.1,5,1,CROSS=EMA9>EMA21;TREND=1;STRUCT=1;VOL=1;COOL=1;EMA50=1;VWAP=1;BIAS=1,0.00,0.00,21831.64,21831.64,2025.12.16 trades=1 W=1 L=0 gross_profit=100.66 gross_loss=0.00 net=100.66 PF=0.00
1889,2025.12.17 01:00:00,2025.12.17 03:30:00,SKIP,XAUUSD,M5,676,FLAT,NA,DAY,0,0.00,0.00,0.00,0.00,1.00,0.00,0.00,0.00,0.00,0.00,0.00,0.00,0.00,0.00,0.00,0.00,0.00,0.00,4305.90,4306.00,4303.85,4306.10,4306.10,0.914,2.35,33.41,40.47,40.47,-1.64,-1.69,0.05,4300.72,4302.04,147,443,28.6,57.1,5,1,CROSS=EMA9>EMA21;TREND=1;STRUCT=1;VOL=1;COOL=1;EMA50=1;VWAP=1;BIAS=1,0.00,0.00,21831.64,21831.64,outside the killzone window
1890,2025.12.17 01:55:00,2025.12.17 04:25:00,SKIP,XAUUSD,M5,676,FLAT,NA,DAY,0,0.00,0.00,0.00,0.00,1.00,0.00,0.00,0.00,0.00,0.00,0.00,0.00,0.00,0.00,0.00,0.00,0.00,0.00,4306.10,4306.06,4304.15,4305.99,4306.00,1.096,1.74,56.32,59.01,59.01,0.49,-0.33,0.82,4306.03,4308.38,316,283,85.7,14.3,5,1,CROSS=EMA9>EMA21;TREND=1;STRUCT=1;VOL=1;COOL=1;EMA50=1;VWAP=1;BIAS=1,0.00,0.00,21831.64,21831.64,outside the killzone window
1891,2025.12.17 10:45:00,2025.12.17 13:15:00,ENTRY,XAUUSD,M5,678,SELL,FULLTGT,DAY,0,4315.26,4323.63,4323.63,8.37,1.00,8.37,4306.89,4298.51,4290.14,4281.77,4273.40,0.13,0.13,0.13,4315.26,0.00,0.00,0.00,4321.91,4322.00,4318.07,4322.25,4322.17,0.939,4.19,25.68,39.20,39.20,-3.04,-3.54,0.50,4322.08,4315.28,885,790,14.3,85.7,6,1,CROSS=EMA9<EMA21;TREND=1;STRUCT=1;VOL=1;COOL=1;EMA50=1;VWAP=1;BIAS=1,0.00,0.00,21831.18,21830.40,KZ=LONDON; KZR=NY H @ 4261.45 1636 bars ago (high taken); DAY 12AM-4PM IST session: stop x1.00 of usual; no partials; full size to TP5; SL steps BE->TP1->TP2->TP3
1892,2025.12.17 12:38:15,2025.12.17 15:08:15,SL_MOVE,XAUUSD,M5,678,SELL,FULLTGT,DAY,0,4315.26,4323.63,4315.26,8.37,1.00,8.37,4306.89,4298.51,4290.14,4281.77,4273.40,0.13,0.00,0.13,4315.26,1.00,0.00,0.00,4320.13,4320.88,4318.39,4320.47,4321.06,0.854,2.92,20.06,37.39,37.39,-0.63,-0.48,-0.15,4321.74,4313.50,668,593,0.0,85.7,10,1,CROSS=EMA9<EMA21;TREND=1;STRUCT=1;VOL=1;COOL=1;EMA50=1;VWAP=1;BIAS=1,1.00,-0.97,21831.18,21940.90,stop to breakeven
1893,2025.12.17 12:38:15,2025.12.17 15:08:15,TP1_REACHED,XAUUSD,M5,678,SELL,FULLTGT,DAY,0,4315.26,4323.63,4315.26,8.37,1.00,8.37,4306.89,4298.51,4290.14,4281.77,4273.40,0.13,0.00,0.13,4306.89,1.00,1.00,0.00,4320.13,4320.88,4318.39,4320.47,4321.06,0.854,2.92,20.06,37.39,37.39,-0.63,-0.48,-0.15,4321.74,4313.50,668,593,0.0,85.7,10,1,CROSS=EMA9<EMA21;TREND=1;STRUCT=1;VOL=1;COOL=1;EMA50=1;VWAP=1;BIAS=1,1.00,-0.97,21831.18,21940.90,full target: no partial booked
1894,2025.12.17 12:44:41,2025.12.17 15:14:41,EXIT_BE,XAUUSD,M5,678,SELL,FULLTGT,DAY,0,4315.26,4323.63,4315.26,8.37,1.00,8.37,4306.89,4298.51,4290.14,4281.77,4273.40,0.13,0.13,0.00,4315.28,0.00,-0.00,-1.18,4319.72,4320.65,4318.30,4320.13,4320.88,0.742,3.16,21.15,34.64,34.64,-1.14,-0.57,-0.58,4321.64,4311.65,903,612,0.0,85.7,5,1,CROSS=EMA9<EMA21;TREND=1;STRUCT=1;VOL=1;COOL=1;EMA50=1;VWAP=1;BIAS=1,1.02,-0.97,21830.46,21830.46,stopped at breakeven
1895,2025.12.17 15:30:00,2025.12.17 18:00:00,ENTRY,XAUUSD,M5,680,BUY,FULLTGT,EVENING,0,4328.01,4321.11,4321.11,6.90,1.00,6.90,4334.91,4341.82,4348.72,4355.62,4362.52,0.15,0.15,0.15,4328.01,0.00,0.00,0.00,4320.33,4320.16,4318.71,4319.94,4319.96,0.420,3.45,29.02,65.86,65.86,2.36,0.85,1.51,4321.37,4327.92,1080,756,85.7,14.3,7,1,CROSS=EMA9>EMA21;TREND=1;STRUCT=1;VOL=1;COOL=1;EMA50=1;VWAP=1;BIAS=1,0.00,0.00,21829.93,21828.88,KZ=NY; KZR=NY H @ 4261.45 1693 bars ago (high taken); EVENING 4PM-12AM IST session: stop x1.00 of usual; no partials; full size to TP5; SL steps BE->TP1->TP2->TP3
1896,2025.12.17 15:31:00,2025.12.17 18:01:00,SL_MOVE,XAUUSD,M5,680,BUY,FULLTGT,EVENING,0,4328.01,4321.11,4328.01,6.90,1.00,6.90,4334.91,4341.82,4348.72,4355.62,4362.52,0.15,0.00,0.15,4328.01,1.00,0.00,0.00,4320.33,4320.16,4318.71,4319.94,4319.96,0.420,3.45,29.02,65.86,65.86,2.36,0.85,1.51,4321.37,4327.92,1080,756,85.7,14.3,10,1,CROSS=EMA9>EMA21;TREND=1;STRUCT=1;VOL=1;COOL=1;EMA50=1;VWAP=1;BIAS=1,0.98,-0.00,21829.93,21934.48,stop to breakeven
1897,2025.12.17 15:31:00,2025.12.17 18:01:00,TP1_REACHED,XAUUSD,M5,680,BUY,FULLTGT,EVENING,0,4328.01,4321.11,4328.01,6.90,1.00,6.90,4334.91,4341.82,4348.72,4355.62,4362.52,0.15,0.00,0.15,4334.91,1.00,1.00,0.00,4320.33,4320.16,4318.71,4319.94,4319.96,0.420,3.45,29.02,65.86,65.86,2.36,0.85,1.51,4321.37,4327.92,1080,756,85.7,14.3,10,1,CROSS=EMA9>EMA21;TREND=1;STRUCT=1;VOL=1;COOL=1;EMA50=1;VWAP=1;BIAS=1,0.98,-0.00,21829.93,21934.48,full target: no partial booked
1898,2025.12.17 15:58:29,2025.12.17 18:28:29,SL_MOVE,XAUUSD,M5,680,BUY,FULLTGT,EVENING,0,4328.01,4321.11,4334.91,6.90,1.00,6.90,4334.91,4341.82,4348.72,4355.62,4362.52,0.15,0.00,0.15,4334.91,2.00,0.00,0.00,4323.79,4322.01,4319.75,4323.04,4321.59,0.474,4.77,40.21,70.76,70.76,4.81,2.99,1.81,4321.98,4338.38,1090,910,100.0,0.0,5,1,CROSS=EMA9>EMA21;TREND=1;STRUCT=1;VOL=1;COOL=1;EMA50=1;VWAP=1;BIAS=1,2.00,-0.00,21829.93,22037.38,stop trailed to TP1
1899,2025.12.17 15:58:29,2025.12.17 18:28:29,TP2_REACHED,XAUUSD,M5,680,BUY,FULLTGT,EVENING,0,4328.01,4321.11,4334.91,6.90,1.00,6.90,4334.91,4341.82,4348.72,4355.62,4362.52,0.15,0.00,0.15,4341.82,2.00,2.00,0.00,4323.79,4322.01,4319.75,4323.04,4321.59,0.474,4.77,40.21,70.76,70.76,4.81,2.99,1.81,4321.98,4338.38,1090,910,100.0,0.0,5,1,CROSS=EMA9>EMA21;TREND=1;STRUCT=1;VOL=1;COOL=1;EMA50=1;VWAP=1;BIAS=1,2.00,-0.00,21829.93,22037.38,full target: no partial booked
1900,2025.12.17 16:12:30,2025.12.17 18:42:30,EXIT_TRAIL_SL,XAUUSD,M5,680,BUY,FULLTGT,EVENING,0,4328.01,4321.11,4334.91,6.90,1.00,6.90,4334.91,4341.82,4348.72,4355.62,4362.52,0.15,0.15,0.00,4334.85,0.00,0.99,101.54,4326.50,4323.54,4320.61,4325.66,4323.06,0.531,5.52,46.87,71.73,71.73,6.20,4.43,1.77,4322.56,4342.89,1151,1005,85.7,14.3,12,1,CROSS=EMA9>EMA21;TREND=1;STRUCT=1;VOL=1;COOL=1;EMA50=1;VWAP=1;BIAS=1,2.61,-0.00,21932.00,21932.00,stopped at a trailed level
1901,2025.12.18 01:00:00,2025.12.18 03:30:00,DAY_SUMMARY,XAUUSD,M5,680,FLAT,NA,DAY,0,0.00,0.00,0.00,0.00,1.00,0.00,0.00,0.00,0.00,0.00,0.00,0.00,0.00,0.00,0.00,0.00,0.99,100.36,4339.96,4337.42,4332.65,4340.05,4337.40,1.791,2.66,32.73,43.30,43.30,0.18,1.20,-1.03,4328.35,4338.07,233,570,28.6,57.1,50,1,CROSS=EMA9>EMA21;TREND=1;STRUCT=1;VOL=1;COOL=1;EMA50=1;VWAP=1;BIAS=1,0.00,0.00,21932.00,21932.00,2025.12.17 trades=2 W=1 L=1 gross_profit=101.54 gross_loss=1.18 net=100.36 PF=86.05
1902,2025.12.18 03:25:00,2025.12.18 05:55:00,ENTRY,XAUUSD,M5,682,SELL,FULLTGT,DAY,0,4326.00,4333.11,4333.11,7.11,1.00,7.11,4318.89,4311.78,4304.67,4297.55,4290.44,0.15,0.15,0.15,4326.00,0.00,0.00,0.00,4336.56,4336.78,4333.82,4337.10,4337.05,0.833,3.56,37.43,29.64,29.64,-2.84,-1.51,-1.34,4335.92,4326.18,784,720,0.0,100.0,5,1,CROSS=EMA9<EMA21;TREND=1;STRUCT=1;VOL=1;COOL=1;EMA50=1;VWAP=1;BIAS=1,0.00,0.00,21931.47,21930.72,KZ=ASIA; KZR=NY H @ 4261.45 1836 bars ago (high taken); DAY 12AM-4PM IST session: stop x1.00 of usual; no partials; full size to TP5; SL steps BE->TP1->TP2->TP3
1903,2025.12.18 04:02:29,2025.12.18 06:32:29,EXIT_SL,XAUUSD,M5,682,SELL,FULLTGT,DAY,0,4326.00,4333.11,4333.11,7.11,1.00,7.11,4318.89,4311.78,4304.67,4297.55,4290.44,0.15,0.15,0.00,4333.12,0.00,-1.00,-107.86,4333.92,4335.30,4333.29,4334.05,4335.39,0.602,3.33,37.84,48.02,48.02,-2.78,-3.12,0.33,4333.37,4331.53,934,887,28.6,71.4,5,1,CROSS=EMA9<EMA21;TREND=1;STRUCT=1;VOL=1;COOL=1;EMA50=1;VWAP=1;BIAS=1,0.21,-1.00,21824.14,21824.14,stopped at the initial SL (x1.00 of usual)
1904,2025.12.18 16:10:00,2025.12.18 18:40:00,ENTRY,XAUUSD,M5,684,BUY,FULLTGT,EVENING,0,4339.71,4327.54,4327.54,12.17,1.00,12.17,4351.88,4364.04,4376.21,4388.37,4400.54,0.08,0.08,0.08,4339.71,0.00,0.00,0.00,4328.00,4327.85,4329.16,4327.40,4327.55,-0.214,6.08,33.83,67.13,67.13,4.22,1.91,2.32,4330.70,4339.67,1234,1063,100.0,0.0,6,1,CROSS=EMA9>EMA21;TREND=1;STRUCT=1;VOL=1;COOL=1;EMA50=1;VWAP=1;BIAS=1,0.00,0.00,21823.86,21823.38,KZ=NY; KZR=NY H @ 4261.45 1989 bars ago (high taken); EVENING 4PM-12AM IST session: stop x1.00 of usual; no partials; full size to TP5; SL steps BE->TP1->TP2->TP3
1905,2025.12.18 16:37:42,2025.12.18 19:07:42,EXIT_SL,XAUUSD,M5,684,BUY,FULLTGT,EVENING,0,4339.71,4327.54,4327.54,12.17,1.00,12.17,4351.88,4364.04,4376.21,4388.37,4400.54,0.08,0.08,0.00,4327.49,0.00,-1.00,-98.32,4329.50,4328.67,4329.50,4329.28,4328.54,-0.135,6.16,22.92,55.30,55.30,3.09,3.71,-0.62,4330.94,4333.79,1653,1227,71.4,14.3,12,1,CROSS=EMA9>EMA21;TREND=1;STRUCT=1;VOL=1;COOL=1;EMA50=1;VWAP=1;BIAS=1,0.12,-1.00,21725.82,21725.82,stopped at the initial SL (x1.00 of usual)
1906,2025.12.18 16:55:00,2025.12.18 19:25:00,ENTRY,XAUUSD,M5,686,SELL,FULLTGT,EVENING,0,4323.45,4338.48,4338.48,15.03,1.00,15.03,4308.42,4293.38,4278.35,4263.31,4248.28,0.07,0.07,0.07,4323.45,0.00,0.00,0.00,4327.81,4327.86,4329.05,4328.02,4327.97,-0.157,7.52,26.62,44.99,44.99,-0.90,2.22,-3.12,4330.42,4323.64,1666,1382,14.3,85.7,7,1,CROSS=EMA9<EMA21;TREND=1;STRUCT=1;VOL=1;COOL=1;EMA50=1;VWAP=1;BIAS=1,0.00,0.00,21725.57,21725.08,KZ=NY; KZR=NY H @ 4261.45 1998 bars ago (high taken); EVENING 4PM-12AM IST session: stop x1.00 of usual; no partials; full size to TP5; SL steps BE->TP1->TP2->TP3
1907,2025.12.18 17:05:00,2025.12.18 19:35:00,FLIP,XAUUSD,M5,686,SELL,FULLTGT,EVENING,0,4323.45,4338.48,4338.48,15.03,1.00,15.03,4308.42,4293.38,4278.35,4263.31,4248.28,0.07,0.00,0.00,4333.64,0.00,-0.68,0.00,4328.12,4328.02,4329.10,4327.84,4327.88,-0.134,8.02,23.35,55.29,55.29,-0.19,1.22,-1.40,4330.39,4333.57,1503,1411,71.4,14.3,6,1,CROSS=EMA9>EMA21;TREND=1;STRUCT=1;VOL=1;COOL=1;EMA50=1;VWAP=1;BIAS=1,0.09,-0.79,21725.57,21654.24,opposite signal before SL/target | SELL -> BUY | closing trade 686
1908,2025.12.18 17:05:00,2025.12.18 19:35:00,EXIT_FLIP,XAUUSD,M5,686,SELL,FULLTGT,EVENING,0,4323.45,4338.48,4338.48,15.03,1.00,15.03,4308.42,4293.38,4278.35,4263.31,4248.28,0.07,0.07,0.00,4333.64,0.00,-0.68,0.00,4328.12,4328.02,4329.10,4327.84,4327.88,-0.134,8.02,23.35,55.29,55.29,-0.19,1.22,-1.40,4330.39,4333.57,1503,1411,71.4,14.3,6,1,CROSS=EMA9>EMA21;TREND=1;STRUCT=1;VOL=1;COOL=1;EMA50=1;VWAP=1;BIAS=1,0.09,-0.79,21653.99,21653.99,FLIP exit
1909,2025.12.18 17:05:00,2025.12.18 19:35:00,EXIT_OTHER,XAUUSD,M5,686,SELL,FULLTGT,EVENING,0,4323.45,4338.48,4338.48,15.03,1.00,15.03,4308.42,4293.38,4278.35,4263.31,4248.28,0.07,0.07,0.00,4333.64,0.00,-0.68,-71.83,4328.12,4328.02,4329.10,4327.84,4327.88,-0.134,8.02,23.35,55.29,55.29,-0.19,1.22,-1.40,4330.39,4333.57,1503,1411,71.4,14.3,6,1,CROSS=EMA9>EMA21;TREND=1;STRUCT=1;VOL=1;COOL=1;EMA50=1;VWAP=1;BIAS=1,0.09,-0.79,21653.99,21653.99,FLIP exit
1910,2025.12.18 17:05:00,2025.12.18 19:35:00,ENTRY,XAUUSD,M5,688,BUY,FULLTGT,EVENING,686,4333.64,4317.61,4317.61,16.03,1.00,16.03,4349.67,4365.71,4381.74,4397.77,4413.80,0.06,0.06,0.06,4333.64,0.00,0.00,0.00,4328.12,4328.02,4329.10,4327.84,4327.88,-0.134,8.02,23.35,55.29,55.29,-0.19,1.22,-1.40,4330.39,4333.57,1503,1411,71.4,14.3,6,1,CROSS=EMA9>EMA21;TREND=1;STRUCT=1;VOL=1;COOL=1;EMA50=1;VWAP=1;BIAS=1,0.00,0.00,21653.78,21653.42,KZ=NY; KZR=NY H @ 4261.45 2000 bars ago (high taken); EVENING 4PM-12AM IST session: stop x1.00 of usual; no partials; full size to TP5; SL steps BE->TP1->TP2->TP3; flipped from trade 686
1911,2025.12.18 18:10:31,2025.12.18 20:40:31,SL_MOVE,XAUUSD,M5,688,BUY,FULLTGT,EVENING,686,4333.64,4317.61,4333.64,16.03,1.00,16.03,4349.67,4365.71,4381.74,4397.77,4413.80,0.06,0.00,0.06,4333.64,1.00,0.00,0.00,4332.73,4330.61,4330.31,4332.02,4330.21,0.054,5.70,20.92,65.39,65.39,3.62,2.30,1.32,4331.03,4346.62,1273,1492,71.4,0.0,5,1,CROSS=EMA9>EMA21;TREND=1;STRUCT=1;VOL=1;COOL=1;EMA50=1;VWAP=1;BIAS=1,1.00,-0.54,21653.78,21750.08,stop to breakeven
1912,2025.12.18 18:10:31,2025.12.18 20:40:31,TP1_REACHED,XAUUSD,M5,688,BUY,FULLTGT,EVENING,686,4333.64,4317.61,4333.64,16.03,1.00,16.03,4349.67,4365.71,4381.74,4397.77,4413.80,0.06,0.00,0.06,4349.67,1.00,1.00,0.00,4332.73,4330.61,4330.31,4332.02,4330.21,0.054,5.70,20.92,65.39,65.39,3.62,2.30,1.32,4331.03,4346.62,1273,1492,71.4,0.0,5,1,CROSS=EMA9>EMA21;TREND=1;STRUCT=1;VOL=1;COOL=1;EMA50=1;VWAP=1;BIAS=1,1.00,-0.54,21653.78,21750.08,full target: no partial booked
1913,2025.12.18 18:13:36,2025.12.18 20:43:36,SL_MOVE,XAUUSD,M5,688,BUY,FULLTGT,EVENING,686,4333.64,4317.61,4349.67,16.03,1.00,16.03,4349.67,4365.71,4381.74,4397.77,4413.80,0.06,0.00,0.06,4349.67,2.00,0.00,0.00,4332.73,4330.61,4330.31,4332.02,4330.21,0.054,5.70,20.92,65.39,65.39,3.62,2.30,1.32,4331.03,4346.62,1273,1492,71.4,0.0,10,1,CROSS=EMA9>EMA21;TREND=1;STRUCT=1;VOL=1;COOL=1;EMA50=1;VWAP=1;BIAS=1,2.00,-0.54,21653.78,21846.26,stop trailed to TP1
1914,2025.12.18 18:13:36,2025.12.18 20:43:36,TP2_REACHED,XAUUSD,M5,688,BUY,FULLTGT,EVENING,686,4333.64,4317.61,4349.67,16.03,1.00,16.03,4349.67,4365.71,4381.74,4397.77,4413.80,0.06,0.00,0.06,4365.71,2.00,2.00,0.00,4332.73,4330.61,4330.31,4332.02,4330.21,0.054,5.70,20.92,65.39,65.39,3.62,2.30,1.32,4331.03,4346.62,1273,1492,71.4,0.0,10,1,CROSS=EMA9>EMA21;TREND=1;STRUCT=1;VOL=1;COOL=1;EMA50=1;VWAP=1;BIAS=1,2.00,-0.54,21653.78,21846.26,full target: no partial booked
1915,2025.12.18 19:06:16,2025.12.18 21:36:16,EXIT_TRAIL_SL,XAUUSD,M5,688,BUY,FULLTGT,EVENING,686,4333.64,4317.61,4349.67,16.03,1.00,16.03,4349.67,4365.71,4381.74,4397.77,4413.80,0.06,0.06,0.00,4349.62,0.00,1.00,95.46,4346.28,4338.87,4334.77,4345.62,4338.36,0.556,7.38,28.87,58.91,58.91,7.89,9.24,-1.35,4333.90,4359.01,1294,1345,71.4,14.3,5,1,CROSS=EMA9>EMA21;TREND=1;STRUCT=1;VOL=1;COOL=1;EMA50=1;VWAP=1;BIAS=1,2.55,-0.54,21749.45,21749.45,stopped at a trailed level
1916,2025.12.18 21:35:00,2025.12.19 00:05:00,SKIP,XAUUSD,M5,688,FLAT,NA,DAY,686,0.00,0.00,0.00,0.00,1.00,0.00,0.00,0.00,0.00,0.00,0.00,0.00,0.00,0.00,0.00,0.00,0.00,0.00,4335.37,4335.43,4334.02,4335.57,4335.53,0.293,4.78,14.17,46.78,46.78,-2.16,-2.82,0.66,4333.68,4331.48,1099,1053,14.3,71.4,5,1,CROSS=EMA9>EMA21;TREND=1;STRUCT=1;VOL=1;COOL=1;EMA50=1;VWAP=1;BIAS=1,0.00,0.00,21749.45,21749.45,outside the killzone window
1917,2025.12.19 01:00:00,2025.12.19 03:30:00,DAY_SUMMARY,XAUUSD,M5,688,FLAT,NA,DAY,686,0.00,0.00,0.00,0.00,1.00,0.00,0.00,0.00,0.00,0.00,0.00,0.00,0.00,0.00,0.00,0.00,-1.69,-182.55,4333.07,4333.81,4333.48,4333.11,4333.84,0.157,2.09,24.62,49.22,49.22,-0.28,-0.19,-0.09,4333.51,4332.34,181,576,0.0,71.4,5,1,CROSS=EMA9>EMA21;TREND=1;STRUCT=1;VOL=1;COOL=1;EMA50=1;VWAP=1;BIAS=1,0.00,0.00,21749.45,21749.45,2025.12.18 trades=4 W=1 L=3 gross_profit=95.46 gross_loss=278.01 net=-182.55 PF=0.34
1918,2025.12.19 09:35:00,2025.12.19 12:05:00,SKIP,XAUUSD,M5,688,FLAT,NA,DAY,686,0.00,0.00,0.00,0.00,1.00,0.00,0.00,0.00,0.00,0.00,0.00,0.00,0.00,0.00,0.00,0.00,0.00,0.00,4324.62,4324.61,4326.52,4324.38,4324.49,-0.730,2.62,18.50,63.20,63.20,1.07,0.96,0.12,4323.36,4329.34,663,773,71.4,0.0,5,1,CROSS=EMA9>EMA21;TREND=1;STRUCT=1;VOL=1;COOL=1;EMA50=1;VWAP=1;BIAS=1,0.00,0.00,21749.45,21749.45,already positioned that way
1919,2025.12.19 10:00:00,2025.12.19 12:30:00,ENTRY,XAUUSD,M5,690,SELL,FULLTGT,DAY,0,4322.66,4327.73,4327.73,5.07,1.00,5.07,4317.59,4312.52,4307.45,4302.37,4297.30,0.21,0.21,0.21,4322.66,0.00,0.00,0.00,4324.59,4324.60,4326.40,4324.68,4324.64,-0.712,2.54,21.33,42.74,42.74,0.13,0.73,-0.60,4323.42,4322.77,720,721,0.0,71.4,5,1,CROSS=EMA9<EMA21;TREND=1;STRUCT=1;VOL=1;COOL=1;EMA50=1;VWAP=1;BIAS=1,0.00,0.00,21748.71,21747.66,KZ=LONDON; KZR=NY H @ 4353.57 189 bars ago (high taken); DAY 12AM-4PM IST session: stop x1.00 of usual; no partials; full size to TP5; SL steps BE->TP1->TP2->TP3
1920,2025.12.19 10:33:13,2025.12.19 13:03:13,EXIT_SL,XAUUSD,M5,690,SELL,FULLTGT,DAY,0,4322.66,4327.73,4327.73,5.07,1.00,5.07,4317.59,4312.52,4307.45,4302.37,4297.30,0.21,0.21,0.00,4327.77,0.00,-1.01,-108.79,4324.41,4324.50,4326.22,4324.38,4324.48,-0.632,2.72,19.67,51.28,51.28,-0.17,-0.01,-0.16,4323.43,4325.11,620,650,42.9,28.6,10,1,CROSS=EMA9<EMA21;TREND=1;STRUCT=1;VOL=1;COOL=1;EMA50=1;VWAP=1;BIAS=1,0.28,-1.00,21640.66,21640.66,stopped at the initial SL (x1.00 of usual)
1921,2025.12.19 10:40:00,2025.12.19 13:10:00,ENTRY,XAUUSD,M5,692,BUY,FULLTGT,DAY,0,4326.47,4321.18,4321.18,5.29,1.00,5.29,4331.76,4337.05,4342.34,4347.63,4352.92,0.20,0.20,0.20,4326.47,0.00,0.00,0.00,4324.63,4324.60,4326.23,4324.53,4324.56,-0.615,2.65,17.39,54.25,54.25,0.16,-0.10,0.26,4323.48,4326.42,623,633,71.4,0.0,5,1,CROSS=EMA9>EMA21;TREND=1;STRUCT=1;VOL=1;COOL=1;EMA50=1;VWAP=1;BIAS=1,0.00,0.00,21639.96,21638.96,KZ=LONDON; KZR=NY H @ 4353.57 197 bars ago (high taken); DAY 12AM-4PM IST session: stop x1.00 of usual; no partials; full size to TP5; SL steps BE->TP1->TP2->TP3
1922,2025.12.19 11:45:14,2025.12.19 14:15:14,SL_MOVE,XAUUSD,M5,692,BUY,FULLTGT,DAY,0,4326.47,4321.18,4326.47,5.29,1.00,5.29,4331.76,4337.05,4342.34,4347.63,4352.92,0.20,0.00,0.20,4326.47,1.00,0.00,0.00,4325.91,4325.34,4326.38,4325.67,4325.21,-0.484,2.14,18.42,64.03,64.03,0.84,0.55,0.29,4323.81,4330.62,664,557,85.7,0.0,11,1,CROSS=EMA9>EMA21;TREND=1;STRUCT=1;VOL=1;COOL=1;EMA50=1;VWAP=1;BIAS=1,1.00,-0.38,21639.96,21746.16,stop to breakeven
1923,2025.12.19 11:45:14,2025.12.19 14:15:14,TP1_REACHED,XAUUSD,M5,692,BUY,FULLTGT,DAY,0,4326.47,4321.18,4326.47,5.29,1.00,5.29,4331.76,4337.05,4342.34,4347.63,4352.92,0.20,0.00,0.20,4331.76,1.00,1.00,0.00,4325.91,4325.34,4326.38,4325.67,4325.21,-0.484,2.14,18.42,64.03,64.03,0.84,0.55,0.29,4323.81,4330.62,664,557,85.7,0.0,11,1,CROSS=EMA9>EMA21;TREND=1;STRUCT=1;VOL=1;COOL=1;EMA50=1;VWAP=1;BIAS=1,1.00,-0.38,21639.96,21746.16,full target: no partial booked
1924,2025.12.19 12:31:00,2025.12.19 15:01:00,EXIT_BE,XAUUSD,M5,692,BUY,FULLTGT,DAY,0,4326.47,4321.18,4326.47,5.29,1.00,5.29,4331.76,4337.05,4342.34,4347.63,4352.92,0.20,0.20,0.00,4326.45,0.00,-0.00,-1.80,4327.19,4326.17,4326.71,4327.18,4326.14,-0.213,2.53,15.37,48.10,48.10,0.95,1.07,-0.12,4324.22,4327.36,616,593,28.6,57.1,5,1,CROSS=EMA9>EMA21;TREND=1;STRUCT=1;VOL=1;COOL=1;EMA50=1;VWAP=1;BIAS=1,1.36,-0.38,21638.86,21638.86,stopped at breakeven
1925,2025.12.19 23:55:00,2025.12.20 02:25:00,SKIP,XAUUSD,M5,692,FLAT,NA,DAY,0,0.00,0.00,0.00,0.00,1.00,0.00,0.00,0.00,0.00,0.00,0.00,0.00,0.00,0.00,0.00,0.00,0.00,0.00,4342.05,4342.14,4338.88,4342.26,4342.24,1.888,1.73,47.90,37.78,37.78,-2.01,-2.35,0.34,4332.79,4338.05,177,452,28.6,57.1,40,1,CROSS=EMA9>EMA21;TREND=1;STRUCT=1;VOL=1;COOL=1;EMA50=1;VWAP=1;BIAS=1,0.00,0.00,21638.86,21638.86,weekend cutoff
1926,2025.12.22 01:00:00,2025.12.22 03:30:00,DAY_SUMMARY,XAUUSD,M5,692,FLAT,NA,DAY,0,0.00,0.00,0.00,0.00,1.00,0.00,0.00,0.00,0.00,0.00,0.00,0.00,0.00,0.00,0.00,0.00,-1.01,-110.59,4341.86,4342.04,4338.87,4342.05,4342.14,2.066,1.53,48.18,38.38,38.38,-1.91,-2.28,0.38,4332.79,4338.16,118,425,28.6,57.1,5,1,CROSS=EMA9>EMA21;TREND=1;STRUCT=1;VOL=1;COOL=1;EMA50=1;VWAP=1;BIAS=1,0.00,0.00,21638.86,21638.86,2025.12.19 trades=2 W=0 L=2 gross_profit=0.00 gross_loss=110.59 net=-110.59 PF=0.00
1927,2025.12.22 01:00:00,2025.12.22 03:30:00,WEEK_SUMMARY,XAUUSD,M5,692,FLAT,NA,DAY,0,0.00,0.00,0.00,0.00,1.00,0.00,0.00,0.00,0.00,0.00,0.00,0.00,0.00,0.00,0.00,0.00,-0.71,-92.82,4341.86,4342.04,4338.87,4342.05,4342.14,2.066,1.53,48.18,38.38,38.38,-1.91,-2.28,0.38,4332.79,4338.16,118,425,28.6,57.1,5,1,CROSS=EMA9>EMA21;TREND=1;STRUCT=1;VOL=1;COOL=1;EMA50=1;VWAP=1;BIAS=1,0.00,0.00,21638.86,21638.86,days=5 trades=10 W=3 L=7 gross_profit=297.66 gross_loss=390.48 net=-92.82 PF=0.76 pips=-460.0
1928,2025.12.22 01:20:00,2025.12.22 03:50:00,SKIP,XAUUSD,M5,692,FLAT,NA,DAY,0,0.00,0.00,0.00,0.00,1.00,0.00,0.00,0.00,0.00,0.00,0.00,0.00,0.00,0.00,0.00,0.00,0.00,0.00,4342.19,4342.19,4339.10,4342.01,4342.10,1.595,1.94,40.02,65.27,65.27,-0.17,-1.58,1.41,4343.12,4345.72,578,419,100.0,0.0,5,1,CROSS=EMA9>EMA21;TREND=1;STRUCT=1;VOL=1;COOL=1;EMA50=1;VWAP=1;BIAS=1,0.00,0.00,21638.86,21638.86,outside the killzone window
1929,2025.12.23 16:20:00,2025.12.23 18:50:00,ENTRY,XAUUSD,M5,694,SELL,FULLTGT,EVENING,0,4468.39,4482.67,4482.67,14.28,1.00,14.28,4454.11,4439.83,4425.55,4411.26,4396.98,0.07,0.07,0.07,4468.39,0.00,0.00,0.00,4483.91,4483.92,4477.82,4484.71,4484.31,0.853,7.14,38.78,27.41,27.41,-4.32,-1.11,-3.22,4482.09,4468.39,1554,1192,0.0,100.0,6,1,CROSS=EMA9<EMA21;TREND=1;STRUCT=1;VOL=1;COOL=1;EMA50=1;VWAP=1;BIAS=1,0.00,0.00,21638.61,21638.19,KZ=NY; KZR=London H @ 4493.32 28 bars ago (high taken); EVENING 4PM-12AM IST session: stop x1.00 of usual; no partials; full size to TP5; SL steps BE->TP1->TP2->TP3
1930,2025.12.23 16:32:27,2025.12.23 19:02:27,SL_MOVE,XAUUSD,M5,694,SELL,FULLTGT,EVENING,0,4468.39,4482.67,4468.39,14.28,1.00,14.28,4454.11,4439.83,4425.55,4411.26,4396.98,0.07,0.00,0.07,4468.39,1.00,0.00,0.00,4482.08,4482.98,4477.50,4482.96,4483.43,0.724,7.57,43.02,25.75,25.75,-5.63,-2.57,-3.06,4481.78,4465.00,1422,1257,14.3,85.7,10,1,CROSS=EMA9<EMA21;TREND=1;STRUCT=1;VOL=1;COOL=1;EMA50=1;VWAP=1;BIAS=1,1.00,-0.28,21638.61,21738.64,stop to breakeven
1931,2025.12.23 16:32:27,2025.12.23 19:02:27,TP1_REACHED,XAUUSD,M5,694,SELL,FULLTGT,EVENING,0,4468.39,4482.67,4468.39,14.28,1.00,14.28,4454.11,4439.83,4425.55,4411.26,4396.98,0.07,0.00,0.07,4454.11,1.00,1.00,0.00,4482.08,4482.98,4477.50,4482.96,4483.43,0.724,7.57,43.02,25.75,25.75,-5.63,-2.57,-3.06,4481.78,4465.00,1422,1257,14.3,85.7,10,1,CROSS=EMA9<EMA21;TREND=1;STRUCT=1;VOL=1;COOL=1;EMA50=1;VWAP=1;BIAS=1,1.00,-0.28,21638.61,21738.64,full target: no partial booked
1932,2025.12.23 17:02:28,2025.12.23 19:32:28,SL_MOVE,XAUUSD,M5,694,SELL,FULLTGT,EVENING,0,4468.39,4482.67,4454.11,14.28,1.00,14.28,4454.11,4439.83,4425.55,4411.26,4396.98,0.07,0.00,0.07,4454.11,2.00,0.00,0.00,4474.81,4478.97,4475.82,4476.26,4479.79,0.317,9.94,57.85,20.97,20.97,-9.36,-6.96,-2.40,4479.94,4446.53,1749,1504,0.0,100.0,5,1,CROSS=EMA9<EMA21;TREND=1;STRUCT=1;VOL=1;COOL=1;EMA50=1;VWAP=1;BIAS=1,1.99,-0.28,21638.61,21838.60,stop trailed to TP1
1933,2025.12.23 17:02:28,2025.12.23 19:32:28,TP2_REACHED,XAUUSD,M5,694,SELL,FULLTGT,EVENING,0,4468.39,4482.67,4454.11,14.28,1.00,14.28,4454.11,4439.83,4425.55,4411.26,4396.98,0.07,0.00,0.07,4439.83,2.00,2.00,0.00,4474.81,4478.97,4475.82,4476.26,4479.79,0.317,9.94,57.85,20.97,20.97,-9.36,-6.96,-2.40,4479.94,4446.53,1749,1504,0.0,100.0,5,1,CROSS=EMA9<EMA21;TREND=1;STRUCT=1;VOL=1;COOL=1;EMA50=1;VWAP=1;BIAS=1,1.99,-0.28,21638.61,21838.60,full target: no partial booked
1934,2025.12.23 17:39:39,2025.12.23 20:09:39,EXIT_TRAIL_SL,XAUUSD,M5,694,SELL,FULLTGT,EVENING,0,4468.39,4482.67,4454.11,14.28,1.00,14.28,4454.11,4439.83,4425.55,4411.26,4396.98,0.07,0.07,0.00,4454.12,0.00,1.00,99.39,4465.98,4473.48,4473.21,4466.91,4474.13,0.025,10.54,47.06,37.88,37.88,-9.55,-10.09,0.53,4477.37,4447.86,1785,1686,28.6,71.4,5,1,CROSS=EMA9<EMA21;TREND=1;STRUCT=1;VOL=1;COOL=1;EMA50=1;VWAP=1;BIAS=1,2.68,-0.28,21738.25,21738.25,stopped at a trailed level
1935,2025.12.23 20:55:00,2025.12.23 23:25:00,SKIP,XAUUSD,M5,694,FLAT,NA,EVENING,0,0.00,0.00,0.00,0.00,1.00,0.00,0.00,0.00,0.00,0.00,0.00,0.00,0.00,0.00,0.00,0.00,0.00,0.00,4472.52,4472.52,4472.35,4472.22,4472.37,0.046,3.74,32.31,59.01,59.01,2.40,2.77,-0.37,4475.53,4478.46,869,1143,71.4,14.3,5,1,CROSS=EMA9<EMA21;TREND=1;STRUCT=1;VOL=1;COOL=1;EMA50=1;VWAP=1;BIAS=1,0.00,0.00,21738.25,21738.25,outside the killzone window
1936,2025.12.24 01:00:00,2025.12.24 03:30:00,DAY_SUMMARY,XAUUSD,M5,694,FLAT,NA,DAY,0,0.00,0.00,0.00,0.00,1.00,0.00,0.00,0.00,0.00,0.00,0.00,0.00,0.00,0.00,0.00,0.00,1.00,99.39,4488.03,4483.78,4479.35,4488.21,4483.75,1.703,2.60,41.59,36.31,36.31,-0.26,0.96,-1.22,4477.42,4484.66,432,727,28.6,57.1,5,1,CROSS=EMA9<EMA21;TREND=1;STRUCT=1;VOL=1;COOL=1;EMA50=1;VWAP=1;BIAS=1,0.00,0.00,21738.25,21738.25,2025.12.23 trades=1 W=1 L=0 gross_profit=99.39 gross_loss=0.00 net=99.39 PF=0.00
1937,2025.12.24 07:10:00,2025.12.24 09:40:00,SKIP,XAUUSD,M5,694,FLAT,NA,DAY,0,0.00,0.00,0.00,0.00,1.00,0.00,0.00,0.00,0.00,0.00,0.00,0.00,0.00,0.00,0.00,0.00,0.00,0.00,4498.37,4498.41,4493.37,4498.76,4498.61,1.543,3.27,27.82,39.91,39.91,-1.09,-1.24,0.16,4504.79,4490.84,1082,870,14.3,85.7,5,1,CROSS=EMA9<EMA21;TREND=1;STRUCT=1;VOL=1;COOL=1;EMA50=1;VWAP=1;BIAS=1,0.00,0.00,21738.25,21738.25,already positioned that way
1938,2025.12.26 01:25:00,2025.12.26 03:55:00,SKIP,XAUUSD,M5,694,FLAT,NA,DAY,0,0.00,0.00,0.00,0.00,1.00,0.00,0.00,0.00,0.00,0.00,0.00,0.00,0.00,0.00,0.00,0.00,0.00,0.00,4481.01,4480.70,4483.25,4480.07,4480.23,-0.456,5.60,27.70,75.58,75.58,4.29,2.39,1.90,4490.29,4499.25,751,655,100.0,0.0,5,1,CROSS=EMA9<EMA21;TREND=1;STRUCT=1;VOL=1;COOL=1;EMA50=1;VWAP=1;BIAS=1,0.00,0.00,21738.25,21738.25,outside the killzone window
1939,2025.12.29 01:00:00,2025.12.29 03:30:00,WEEK_SUMMARY,XAUUSD,M5,694,FLAT,NA,DAY,0,0.00,0.00,0.00,0.00,1.00,0.00,0.00,0.00,0.00,0.00,0.00,0.00,0.00,0.00,0.00,0.00,1.00,99.39,4529.12,4527.54,4523.09,4529.03,4527.46,1.362,3.27,17.66,53.14,53.14,1.18,0.98,0.20,4517.71,4531.00,179,720,71.4,0.0,8,1,CROSS=EMA9<EMA21;TREND=1;STRUCT=1;VOL=1;COOL=1;EMA50=1;VWAP=1;BIAS=1,0.00,0.00,21738.25,21738.25,days=1 trades=1 W=1 L=0 gross_profit=99.39 gross_loss=0.00 net=99.39 PF=0.00 pips=1427.0
1940,2025.12.29 02:25:00,2025.12.29 04:55:00,SKIP,XAUUSD,M5,694,FLAT,NA,DAY,0,0.00,0.00,0.00,0.00,1.00,0.00,0.00,0.00,0.00,0.00,0.00,0.00,0.00,0.00,0.00,0.00,0.00,0.00,4527.56,4527.59,4524.09,4529.27,4528.44,0.441,7.92,45.39,20.74,20.74,-5.23,-0.91,-4.33,4528.47,4494.19,1225,855,0.0,100.0,12,1,CROSS=EMA9<EMA21;TREND=1;STRUCT=1;VOL=1;COOL=1;EMA50=1;VWAP=1;BIAS=1,0.00,0.00,21738.25,21738.25,already positioned that way
1941,2025.12.30 04:40:00,2025.12.30 07:10:00,ENTRY,XAUUSD,M5,696,BUY,FULLTGT,DAY,0,4355.56,4344.54,4344.54,11.02,1.00,11.02,4366.58,4377.59,4388.61,4399.63,4410.65,0.09,0.09,0.09,4355.56,0.00,0.00,0.00,4345.87,4345.76,4364.46,4345.38,4345.51,-3.395,5.51,22.88,59.71,59.71,4.35,4.45,-0.10,4344.47,4355.37,1242,1187,71.4,14.3,10,1,CROSS=EMA9>EMA21;TREND=1;STRUCT=1;VOL=1;COOL=1;EMA50=1;VWAP=1;BIAS=1,0.00,0.00,21737.93,21737.03,KZ=ASIA; KZR=NY L @ 4319.73 135 bars ago (low taken); DAY 12AM-4PM IST session: stop x1.00 of usual; no partials; full size to TP5; SL steps BE->TP1->TP2->TP3
1942,2025.12.30 05:25:31,2025.12.30 07:55:31,SL_MOVE,XAUUSD,M5,696,BUY,FULLTGT,DAY,0,4355.56,4344.54,4355.56,11.02,1.00,11.02,4366.58,4377.59,4388.61,4399.63,4410.65,0.09,0.00,0.09,4355.56,1.00,0.00,0.00,4351.50,4348.88,4364.11,4350.77,4348.46,-3.122,4.88,23.89,65.92,65.92,4.97,4.69,0.28,4347.41,4365.80,889,1119,71.4,0.0,12,1,CROSS=EMA9>EMA21;TREND=1;STRUCT=1;VOL=1;COOL=1;EMA50=1;VWAP=1;BIAS=1,1.00,-0.16,21737.93,21837.56,stop to breakeven
1943,2025.12.30 05:25:31,2025.12.30 07:55:31,TP1_REACHED,XAUUSD,M5,696,BUY,FULLTGT,DAY,0,4355.56,4344.54,4355.56,11.02,1.00,11.02,4366.58,4377.59,4388.61,4399.63,4410.65,0.09,0.00,0.09,4366.58,1.00,1.00,0.00,4351.50,4348.88,4364.11,4350.77,4348.46,-3.122,4.88,23.89,65.92,65.92,4.97,4.69,0.28,4347.41,4365.80,889,1119,71.4,0.0,12,1,CROSS=EMA9>EMA21;TREND=1;STRUCT=1;VOL=1;COOL=1;EMA50=1;VWAP=1;BIAS=1,1.00,-0.16,21737.93,21837.56,full target: no partial booked
1944,2025.12.30 07:33:39,2025.12.30 10:03:39,SL_MOVE,XAUUSD,M5,696,BUY,FULLTGT,DAY,0,4355.56,4344.54,4366.58,11.02,1.00,11.02,4366.58,4377.59,4388.61,4399.63,4410.65,0.09,0.00,0.09,4366.58,2.00,0.00,0.00,4360.98,4356.13,4364.18,4360.39,4355.72,-2.145,3.75,20.82,65.00,65.00,2.58,2.04,0.54,4351.22,4372.43,971,519,71.4,14.3,6,1,CROSS=EMA9>EMA21;TREND=1;STRUCT=1;VOL=1;COOL=1;EMA50=1;VWAP=1;BIAS=1,2.00,-0.16,21737.93,21936.29,stop trailed to TP1
1945,2025.12.30 07:33:39,2025.12.30 10:03:39,TP2_REACHED,XAUUSD,M5,696,BUY,FULLTGT,DAY,0,4355.56,4344.54,4366.58,11.02,1.00,11.02,4366.58,4377.59,4388.61,4399.63,4410.65,0.09,0.00,0.09,4377.59,2.00,2.00,0.00,4360.98,4356.13,4364.18,4360.39,4355.72,-2.145,3.75,20.82,65.00,65.00,2.58,2.04,0.54,4351.22,4372.43,971,519,71.4,14.3,6,1,CROSS=EMA9>EMA21;TREND=1;STRUCT=1;VOL=1;COOL=1;EMA50=1;VWAP=1;BIAS=1,2.00,-0.16,21737.93,21936.29,full target: no partial booked
1946,2025.12.30 08:24:29,2025.12.30 10:54:29,EXIT_TRAIL_SL,XAUUSD,M5,696,BUY,FULLTGT,DAY,0,4355.56,4344.54,4366.58,11.02,1.00,11.02,4366.58,4377.59,4388.61,4399.63,4410.65,0.09,0.09,0.00,4366.57,0.00,1.00,98.45,4366.70,4360.45,4365.53,4366.50,4360.19,-1.069,4.75,25.01,51.66,51.66,3.29,4.10,-0.81,4355.10,4370.62,977,856,71.4,28.6,12,1,CROSS=EMA9>EMA21;TREND=1;STRUCT=1;VOL=1;COOL=1;EMA50=1;VWAP=1;BIAS=1,2.23,-0.16,21836.70,21836.70,stopped at a trailed level
1947,2025.12.30 17:35:00,2025.12.30 20:05:00,ENTRY,XAUUSD,M5,698,SELL,FULLTGT,EVENING,0,4366.13,4386.10,4386.10,19.97,1.00,19.97,4346.16,4326.19,4306.22,4286.24,4266.27,0.05,0.05,0.05,4366.13,0.00,0.00,0.00,4379.07,4379.23,4376.21,4379.72,4379.56,0.302,9.99,34.22,38.96,38.96,-5.48,-5.60,0.11,4369.10,4366.32,1327,1387,14.3,71.4,5,1,CROSS=EMA9<EMA21;TREND=1;STRUCT=1;VOL=1;COOL=1;EMA50=1;VWAP=1;BIAS=1,0.00,0.00,21836.52,21836.27,KZ=NY; KZR=NY L @ 4319.73 290 bars ago (low taken); EVENING 4PM-12AM IST session: stop x1.00 of usual; no partials; full size to TP5; SL steps BE->TP1->TP2->TP3
1948,2025.12.30 21:52:27,2025.12.31 00:22:27,SL_MOVE,XAUUSD,M5,698,SELL,FULLTGT,DAY,0,4366.13,4386.10,4366.13,19.97,1.00,19.97,4346.16,4326.19,4306.22,4286.24,4266.27,0.05,0.00,0.05,4366.13,1.00,0.00,0.00,4367.55,4370.69,4372.19,4368.45,4371.22,-0.361,4.15,27.42,25.03,25.03,-2.96,-1.68,-1.28,4368.86,4349.83,1224,837,0.0,100.0,7,1,CROSS=EMA9<EMA21;TREND=1;STRUCT=1;VOL=1;COOL=1;EMA50=1;VWAP=1;BIAS=1,1.00,-0.79,21836.52,21936.57,stop to breakeven
1949,2025.12.30 21:52:27,2025.12.31 00:22:27,TP1_REACHED,XAUUSD,M5,698,SELL,FULLTGT,DAY,0,4366.13,4386.10,4366.13,19.97,1.00,19.97,4346.16,4326.19,4306.22,4286.24,4266.27,0.05,0.00,0.05,4346.16,1.00,1.00,0.00,4367.55,4370.69,4372.19,4368.45,4371.22,-0.361,4.15,27.42,25.03,25.03,-2.96,-1.68,-1.28,4368.86,4349.83,1224,837,0.0,100.0,7,1,CROSS=EMA9<EMA21;TREND=1;STRUCT=1;VOL=1;COOL=1;EMA50=1;VWAP=1;BIAS=1,1.00,-0.79,21836.52,21936.57,full target: no partial booked
1950,2025.12.30 23:58:59,2025.12.31 02:28:59,DAY_SUMMARY,XAUUSD,M5,698,SELL,FULLTGT,DAY,0,4366.13,4386.10,4366.13,19.97,1.00,19.97,4346.16,4326.19,4306.22,4286.24,4266.27,0.05,0.00,0.00,0.00,0.00,1.00,98.45,4352.62,4359.56,4365.37,4353.35,4360.10,-1.416,4.10,15.81,32.70,32.70,-3.22,-3.33,0.11,4367.14,4338.27,659,708,14.3,57.1,40,1,CROSS=EMA9<EMA21;TREND=1;STRUCT=1;VOL=1;COOL=1;EMA50=1;VWAP=1;BIAS=1,1.55,-0.79,21971.79,21971.79,2025.12.30 trades=1 W=1 L=0 gross_profit=98.45 gross_loss=0.00 net=98.45 PF=0.00
