seq,time_server,time_ist,event,symbol,tf,trade_id,direction,exit_mode,ist_session,flip_from,entry_price,init_sl,cur_sl,sl_distance,sl_factor,tp_unit,tp1,tp2,tp3,tp4,tp5,lots_initial,lots_event,lots_remaining,event_price,r_target,r_realized,profit,ema9,ema21,ema50,ema9_prev,ema21_prev,ema21_50_gap_atr,atr,adx,rsi,rsi_m5,macd_main,macd_signal,macd_hist,vwap,close,volume,vol_avg,bull_pct,bear_pct,spread_pts,qfilter_on,qf_flags,mfe_r,mae_r,balance,equity,note
1,2024.01.02 08:15:00,2024.01.02 10:45:00,SKIP,XAUUSD,M15,0,FLAT,NA,DAY,0,0.00,0.00,0.00,0.00,1.00,0.00,0.00,0.00,0.00,0.00,0.00,0.00,0.00,0.00,0.00,0.00,0.00,0.00,2068.03,2068.01,2068.76,2067.75,2067.87,-0.491,1.53,25.63,72.99,71.29,1.98,1.48,0.50,2068.24,2074.82,790,635,100.0,0.0,7,1,NA,0.00,0.00,25000.00,25000.00,outside the killzone window
2,2024.01.02 17:45:00,2024.01.02 20:15:00,ENTRY,XAUUSD,M15,2,SELL,FULLTGT,EVENING,0,2058.85,2067.09,2067.09,8.24,1.00,8.24,2050.61,2042.38,2034.14,2025.91,2017.67,0.15,0.15,0.15,2058.85,0.00,0.00,0.00,2069.24,2069.28,2069.41,2069.66,2069.50,-0.031,4.12,35.45,32.63,30.75,-2.15,-1.69,-0.46,2069.66,2058.82,2182,1455,0.0,100.0,5,1,CROSS=EMA9<EMA21;TREND=1;STRUCT=1;VOL=1;COOL=1;EMA50=1;VWAP=1;BIAS=1,0.00,0.00,24999.47,24998.72,KZ=NY; KZR=Asia L @ 2064.04 4 bars ago (low taken); EVENING 4PM-12AM IST session: stop x1.00 of usual; no partials; full size to TP5; SL steps BE->TP1->TP2->TP3
3,2024.01.02 18:10:38,2024.01.02 20:40:38,EXIT_SL,XAUUSD,M15,2,SELL,FULLTGT,EVENING,0,2058.85,2067.09,2067.09,8.24,1.00,8.24,2050.61,2042.38,2034.14,2025.91,2017.67,0.15,0.15,0.00,2067.09,0.00,-1.00,-124.66,2068.85,2069.09,2069.31,2069.24,2069.28,-0.054,4.14,38.84,34.02,53.56,-2.53,-1.81,-0.72,2069.36,2059.40,1837,1505,28.6,71.4,10,1,CROSS=EMA9<EMA21;TREND=1;STRUCT=1;VOL=1;COOL=1;EMA50=1;VWAP=1;BIAS=1,0.16,-1.00,24875.34,24875.34,stopped at the initial SL (x1.00 of usual)
4,2024.01.03 01:00:00,2024.01.03 03:30:00,DAY_SUMMARY,XAUUSD,M15,2,FLAT,NA,DAY,0,0.00,0.00,0.00,0.00,1.00,0.00,0.00,0.00,0.00,0.00,0.00,0.00,0.00,0.00,0.00,0.00,-1.00,-124.66,2064.22,2066.26,2067.72,2064.43,2066.41,-1.103,1.32,51.05,37.87,40.99,-1.99,-1.93,-0.06,2067.94,2058.91,156,646,0.0,85.7,7,1,CROSS=EMA9<EMA21;TREND=1;STRUCT=1;VOL=1;COOL=1;EMA50=1;VWAP=1;BIAS=1,0.00,0.00,24875.34,24875.34,2024.01.02 trades=1 W=0 L=1 gross_profit=0.00 gross_loss=124.66 net=-124.66 PF=0.00
5,2024.01.05 18:00:00,2024.01.05 20:30:00,SKIP,XAUUSD,M15,2,FLAT,NA,EVENING,0,0.00,0.00,0.00,0.00,1.00,0.00,0.00,0.00,0.00,0.00,0.00,0.00,0.00,0.00,0.00,0.00,0.00,0.00,2044.41,2044.27,2046.51,2043.98,2044.05,-0.326,6.88,33.73,62.96,55.03,4.06,1.27,2.79,2044.99,2054.86,2225,1794,85.7,14.3,9,1,CROSS=EMA9<EMA21;TREND=1;STRUCT=1;VOL=1;COOL=1;EMA50=1;VWAP=1;BIAS=1,0.00,0.00,24875.34,24875.34,outside the killzone window
6,2024.01.08 01:00:00,2024.01.08 03:30:00,WEEK_SUMMARY,XAUUSD,M15,2,FLAT,NA,DAY,0,0.00,0.00,0.00,0.00,1.00,0.00,0.00,0.00,0.00,0.00,0.00,0.00,0.00,0.00,0.00,0.00,-1.00,-124.66,2045.00,2044.73,2046.30,2044.98,2044.71,-0.906,1.74,22.64,49.98,52.51,-0.24,-0.11,-0.14,2045.34,2045.30,226,973,28.6,42.9,7,1,CROSS=EMA9<EMA21;TREND=1;STRUCT=1;VOL=1;COOL=1;EMA50=1;VWAP=1;BIAS=1,0.00,0.00,24875.34,24875.34,days=1 trades=1 W=0 L=1 gross_profit=0.00 gross_loss=124.66 net=-124.66 PF=0.00 pips=-824.0
7,2024.01.08 05:15:00,2024.01.08 07:45:00,SKIP,XAUUSD,M15,2,FLAT,NA,DAY,0,0.00,0.00,0.00,0.00,1.00,0.00,0.00,0.00,0.00,0.00,0.00,0.00,0.00,0.00,0.00,0.00,0.00,0.00,2044.46,2044.52,2045.96,2044.62,2044.61,-0.943,1.52,32.15,33.26,31.58,-0.93,-0.35,-0.58,2043.93,2040.34,873,556,0.0,100.0,4,1,CROSS=EMA9<EMA21;TREND=1;STRUCT=1;VOL=1;COOL=1;EMA50=1;VWAP=1;BIAS=1,0.00,0.00,24875.34,24875.34,already positioned that way
8,2024.01.09 11:45:00,2024.01.09 14:15:00,ENTRY,XAUUSD,M15,4,BUY,FULLTGT,DAY,0,2036.25,2031.01,2031.01,5.24,1.00,5.24,2041.49,2046.74,2051.98,2057.22,2062.46,0.23,0.23,0.23,2036.25,0.00,0.00,0.00,2032.77,2032.77,2035.53,2032.63,2032.70,-1.055,2.62,15.07,59.13,61.98,0.61,0.57,0.04,2033.64,2036.20,1017,837,85.7,0.0,5,1,CROSS=EMA9>EMA21;TREND=1;STRUCT=1;VOL=1;COOL=1;EMA50=1;VWAP=1;BIAS=1,0.00,0.00,24874.53,24873.38,KZ=LONDON; KZR=NY L @ 2024.48 89 bars ago (low taken); DAY 12AM-4PM IST session: stop x1.00 of usual; no partials; full size to TP5; SL steps BE->TP1->TP2->TP3
9,2024.01.09 15:38:37,2024.01.09 18:08:37,SL_MOVE,XAUUSD,M15,4,BUY,FULLTGT,EVENING,0,2036.25,2031.01,2036.25,5.24,1.00,5.24,2041.49,2046.74,2051.98,2057.22,2062.46,0.23,0.00,0.23,2036.25,1.00,0.00,0.00,2033.93,2033.45,2035.52,2033.96,2033.45,-1.008,2.05,16.62,44.46,53.20,0.25,0.49,-0.23,2034.16,2033.20,1442,900,28.6,57.1,10,1,CROSS=EMA9>EMA21;TREND=1;STRUCT=1;VOL=1;COOL=1;EMA50=1;VWAP=1;BIAS=1,0.99,-0.87,24874.53,24995.28,stop to breakeven
10,2024.01.09 15:38:37,2024.01.09 18:08:37,TP1_REACHED,XAUUSD,M15,4,BUY,FULLTGT,EVENING,0,2036.25,2031.01,2036.25,5.24,1.00,5.24,2041.49,2046.74,2051.98,2057.22,2062.46,0.23,0.00,0.23,2041.49,1.00,1.00,0.00,2033.93,2033.45,2035.52,2033.96,2033.45,-1.008,2.05,16.62,44.46,53.20,0.25,0.49,-0.23,2034.16,2033.20,1442,900,28.6,57.1,10,1,CROSS=EMA9>EMA21;TREND=1;STRUCT=1;VOL=1;COOL=1;EMA50=1;VWAP=1;BIAS=1,0.99,-0.87,24874.53,24995.28,full target: no partial booked
11,2024.01.09 15:40:39,2024.01.09 18:10:39,EXIT_BE,XAUUSD,M15,4,BUY,FULLTGT,EVENING,0,2036.25,2031.01,2036.25,5.24,1.00,5.24,2041.49,2046.74,2051.98,2057.22,2062.46,0.23,0.23,0.00,2036.21,0.00,-0.01,-2.54,2033.93,2033.45,2035.52,2033.96,2033.45,-1.008,2.05,16.62,44.46,63.06,0.25,0.49,-0.23,2034.16,2033.20,1442,900,28.6,57.1,7,1,CROSS=EMA9>EMA21;TREND=1;STRUCT=1;VOL=1;COOL=1;EMA50=1;VWAP=1;BIAS=1,1.09,-0.87,24872.80,24872.80,stopped at breakeven
12,2024.01.09 19:30:00,2024.01.09 22:00:00,SKIP,XAUUSD,M15,4,FLAT,NA,EVENING,0,0.00,0.00,0.00,0.00,1.00,0.00,0.00,0.00,0.00,0.00,0.00,0.00,0.00,0.00,0.00,0.00,0.00,0.00,2033.24,2033.26,2035.13,2033.40,2033.34,-0.673,2.78,38.39,39.94,41.94,-1.52,-0.94,-0.57,2034.03,2029.23,1011,1518,0.0,85.7,4,1,CROSS=EMA9>EMA21;TREND=1;STRUCT=1;VOL=1;COOL=1;EMA50=1;VWAP=1;BIAS=1,0.00,0.00,24872.80,24872.80,outside the killzone window
13,2024.01.10 01:00:00,2024.01.10 03:30:00,DAY_SUMMARY,XAUUSD,M15,4,FLAT,NA,DAY,0,0.00,0.00,0.00,0.00,1.00,0.00,0.00,0.00,0.00,0.00,0.00,0.00,0.00,0.00,0.00,0.00,-0.01,-2.54,2031.05,2031.94,2034.10,2031.09,2031.98,-1.777,1.21,20.67,50.61,58.84,-0.58,-0.99,0.41,2033.26,2030.21,114,694,42.9,28.6,7,1,CROSS=EMA9>EMA21;TREND=1;STRUCT=1;VOL=1;COOL=1;EMA50=1;VWAP=1;BIAS=1,0.00,0.00,24872.80,24872.80,2024.01.09 trades=1 W=0 L=1 gross_profit=0.00 gross_loss=2.54 net=-2.54 PF=0.00
14,2024.01.10 12:30:00,2024.01.10 15:00:00,SKIP,XAUUSD,M15,4,FLAT,NA,DAY,0,0.00,0.00,0.00,0.00,1.00,0.00,0.00,0.00,0.00,0.00,0.00,0.00,0.00,0.00,0.00,0.00,0.00,0.00,2031.42,2031.40,2032.91,2031.20,2031.30,-0.636,2.36,47.38,67.42,60.86,1.99,1.36,0.63,2031.04,2036.81,810,947,85.7,0.0,4,1,CROSS=EMA9>EMA21;TREND=1;STRUCT=1;VOL=1;COOL=1;EMA50=1;VWAP=1;BIAS=1,0.00,0.00,24872.80,24872.80,already positioned that way
15,2024.01.10 17:15:00,2024.01.10 19:45:00,ENTRY,XAUUSD,M15,6,SELL,FULLTGT,EVENING,0,2026.79,2031.77,2031.77,4.98,1.00,4.98,2021.81,2016.84,2011.86,2006.89,2001.91,0.24,0.24,0.24,2026.79,0.00,0.00,0.00,2031.56,2031.58,2032.76,2031.75,2031.67,-0.477,2.49,35.44,32.31,36.87,-1.16,-0.29,-0.87,2031.21,2026.88,1974,1129,0.0,100.0,4,1,CROSS=EMA9<EMA21;TREND=1;STRUCT=1;VOL=1;COOL=1;EMA50=1;VWAP=1;BIAS=1,0.00,0.00,24871.96,24871.00,KZ=NY; KZR=NY L @ 2024.48 207 bars ago (low taken); EVENING 4PM-12AM IST session: stop x1.00 of usual; no partials; full size to TP5; SL steps BE->TP1->TP2->TP3
16,2024.01.10 20:24:37,2024.01.10 22:54:37,SL_MOVE,XAUUSD,M15,6,SELL,FULLTGT,EVENING,0,2026.79,2031.77,2026.79,4.98,1.00,4.98,2021.81,2016.84,2011.86,2006.89,2001.91,0.24,0.00,0.24,2026.79,1.00,0.00,0.00,2029.47,2030.42,2032.02,2029.70,2030.55,-0.664,2.41,35.24,33.82,33.81,-1.89,-1.68,-0.21,2030.13,2023.88,1434,1417,0.0,100.0,4,1,CROSS=EMA9<EMA21;TREND=1;STRUCT=1;VOL=1;COOL=1;EMA50=1;VWAP=1;BIAS=1,1.00,-0.60,24871.96,24991.48,stop to breakeven
17,2024.01.10 20:24:37,2024.01.10 22:54:37,TP1_REACHED,XAUUSD,M15,6,SELL,FULLTGT,EVENING,0,2026.79,2031.77,2026.79,4.98,1.00,4.98,2021.81,2016.84,2011.86,2006.89,2001.91,0.24,0.00,0.24,2021.81,1.00,1.00,0.00,2029.47,2030.42,2032.02,2029.70,2030.55,-0.664,2.41,35.24,33.82,33.81,-1.89,-1.68,-0.21,2030.13,2023.88,1434,1417,0.0,100.0,4,1,CROSS=EMA9<EMA21;TREND=1;STRUCT=1;VOL=1;COOL=1;EMA50=1;VWAP=1;BIAS=1,1.00,-0.60,24871.96,24991.48,full target: no partial booked
18,2024.01.11 01:42:00,2024.01.11 04:12:00,EXIT_BE,XAUUSD,M15,6,SELL,FULLTGT,DAY,0,2026.79,2031.77,2026.79,4.98,1.00,4.98,2021.81,2016.84,2011.86,2006.89,2001.91,0.24,0.24,0.00,2026.80,0.00,-0.00,30.14,2026.66,2028.48,2030.71,2026.69,2028.53,-1.397,1.60,24.49,53.04,71.26,-0.64,-1.29,0.65,2025.48,2025.78,377,700,57.1,14.3,4,1,CROSS=EMA9<EMA21;TREND=1;STRUCT=1;VOL=1;COOL=1;EMA50=1;VWAP=1;BIAS=1,1.27,-0.60,24902.94,24902.94,stopped at breakeven
19,2024.01.11 08:15:00,2024.01.11 10:45:00,SKIP,XAUUSD,M15,6,FLAT,NA,DAY,0,0.00,0.00,0.00,0.00,1.00,0.00,0.00,0.00,0.00,0.00,0.00,0.00,0.00,0.00,0.00,0.00,0.00,0.00,2029.28,2029.25,2030.58,2029.08,2029.15,-0.962,1.39,56.94,72.55,64.76,1.58,1.44,0.15,2029.82,2034.22,712,567,100.0,0.0,12,1,CROSS=EMA9<EMA21;TREND=1;STRUCT=1;VOL=1;COOL=1;EMA50=1;VWAP=1;BIAS=1,0.00,0.00,24902.94,24902.94,outside the killzone window
20,2024.01.11 18:45:00,2024.01.11 21:15:00,SKIP,XAUUSD,M15,6,FLAT,NA,EVENING,0,0.00,0.00,0.00,0.00,1.00,0.00,0.00,0.00,0.00,0.00,0.00,0.00,0.00,0.00,0.00,0.00,0.00,0.00,2029.87,2030.08,2030.74,2030.49,2030.39,-0.106,6.25,24.55,24.61,21.78,-2.87,-1.16,-1.71,2030.19,2014.56,1901,1894,0.0,85.7,10,1,CROSS=EMA9<EMA21;TREND=1;STRUCT=1;VOL=1;COOL=1;EMA50=1;VWAP=1;BIAS=1,0.00,0.00,24902.94,24902.94,outside the killzone window
21,2024.01.12 01:00:00,2024.01.12 03:30:00,DAY_SUMMARY,XAUUSD,M15,6,FLAT,NA,DAY,0,0.00,0.00,0.00,0.00,1.00,0.00,0.00,0.00,0.00,0.00,0.00,0.00,0.00,0.00,0.00,0.00,-0.00,30.14,2025.96,2027.44,2029.10,2025.86,2027.42,-0.714,2.32,41.93,60.44,62.46,1.05,-0.13,1.18,2027.77,2028.54,164,987,71.4,14.3,7,1,CROSS=EMA9<EMA21;TREND=1;STRUCT=1;VOL=1;COOL=1;EMA50=1;VWAP=1;BIAS=1,0.00,0.00,24902.94,24902.94,2024.01.11 trades=1 W=1 L=0 gross_profit=30.14 gross_loss=0.00 net=30.14 PF=0.00
22,2024.01.12 04:15:00,2024.01.12 06:45:00,ENTRY,XAUUSD,M15,8,BUY,FULLTGT,DAY,0,2033.60,2029.14,2029.14,4.46,1.00,4.46,2038.06,2042.53,2046.99,2051.46,2055.92,0.27,0.27,0.27,2033.60,0.00,0.00,0.00,2028.78,2028.70,2029.57,2028.58,2028.60,-0.390,2.23,30.74,62.14,56.60,2.17,2.27,-0.09,2032.86,2033.64,870,660,71.4,28.6,4,1,CROSS=EMA9>EMA21;TREND=1;STRUCT=1;VOL=1;COOL=1;EMA50=1;VWAP=1;BIAS=1,0.00,0.00,24901.99,24900.91,KZ=ASIA; KZR=NY L @ 2018.43 39 bars ago (low taken); DAY 12AM-4PM IST session: stop x1.00 of usual; no partials; full size to TP5; SL steps BE->TP1->TP2->TP3
23,2024.01.12 09:29:32,2024.01.12 11:59:32,SL_MOVE,XAUUSD,M15,8,BUY,FULLTGT,DAY,0,2033.60,2029.14,2033.60,4.46,1.00,4.46,2038.06,2042.53,2046.99,2051.46,2055.92,0.27,0.00,0.27,2033.60,1.00,0.00,0.00,2032.13,2030.72,2030.52,2032.01,2030.63,0.160,1.25,19.73,58.46,53.69,1.14,1.31,-0.17,2033.93,2035.23,890,514,71.4,14.3,11,1,CROSS=EMA9>EMA21;TREND=1;STRUCT=1;VOL=1;COOL=1;EMA50=1;VWAP=1;BIAS=1,1.00,-0.16,24901.99,25022.95,stop to breakeven
24,2024.01.12 09:29:32,2024.01.12 11:59:32,TP1_REACHED,XAUUSD,M15,8,BUY,FULLTGT,DAY,0,2033.60,2029.14,2033.60,4.46,1.00,4.46,2038.06,2042.53,2046.99,2051.46,2055.92,0.27,0.00,0.27,2038.06,1.00,1.00,0.00,2032.13,2030.72,2030.52,2032.01,2030.63,0.160,1.25,19.73,58.46,53.69,1.14,1.31,-0.17,2033.93,2035.23,890,514,71.4,14.3,11,1,CROSS=EMA9>EMA21;TREND=1;STRUCT=1;VOL=1;COOL=1;EMA50=1;VWAP=1;BIAS=1,1.00,-0.16,24901.99,25022.95,full target: no partial booked
25,2024.01.12 12:45:04,2024.01.12 15:15:04,SL_MOVE,XAUUSD,M15,8,BUY,FULLTGT,DAY,0,2033.60,2029.14,2038.06,4.46,1.00,4.46,2038.06,2042.53,2046.99,2051.46,2055.92,0.27,0.00,0.27,2038.06,2.00,0.00,0.00,2035.11,2032.74,2031.62,2034.82,2032.55,0.537,2.09,17.97,70.28,71.95,1.74,1.61,0.13,2035.76,2042.24,842,785,85.7,0.0,10,1,CROSS=EMA9>EMA21;TREND=1;STRUCT=1;VOL=1;COOL=1;EMA50=1;VWAP=1;BIAS=1,2.00,-0.16,24901.99,25144.18,stop trailed to TP1
26,2024.01.12 12:45:04,2024.01.12 15:15:04,TP2_REACHED,XAUUSD,M15,8,BUY,FULLTGT,DAY,0,2033.60,2029.14,2038.06,4.46,1.00,4.46,2038.06,2042.53,2046.99,2051.46,2055.92,0.27,0.00,0.27,2042.53,2.00,2.00,0.00,2035.11,2032.74,2031.62,2034.82,2032.55,0.537,2.09,17.97,70.28,71.95,1.74,1.61,0.13,2035.76,2042.24,842,785,85.7,0.0,10,1,CROSS=EMA9>EMA21;TREND=1;STRUCT=1;VOL=1;COOL=1;EMA50=1;VWAP=1;BIAS=1,2.00,-0.16,24901.99,25144.18,full target: no partial booked
27,2024.01.12 13:01:29,2024.01.12 15:31:29,SL_MOVE,XAUUSD,M15,8,BUY,FULLTGT,DAY,0,2033.60,2029.14,2042.53,4.46,1.00,4.46,2038.06,2042.53,2046.99,2051.46,2055.92,0.27,0.00,0.27,2042.53,3.00,0.00,0.00,2035.53,2033.00,2031.76,2035.11,2032.74,0.582,2.13,22.78,77.14,82.40,2.15,1.68,0.47,2036.04,2045.90,968,800,85.7,0.0,11,1,CROSS=EMA9>EMA21;TREND=1;STRUCT=1;VOL=1;COOL=1;EMA50=1;VWAP=1;BIAS=1,3.00,-0.16,24901.99,25264.06,stop trailed to TP2
28,2024.01.12 13:01:29,2024.01.12 15:31:29,TP3_REACHED,XAUUSD,M15,8,BUY,FULLTGT,DAY,0,2033.60,2029.14,2042.53,4.46,1.00,4.46,2038.06,2042.53,2046.99,2051.46,2055.92,0.27,0.00,0.27,2046.99,3.00,3.00,0.00,2035.53,2033.00,2031.76,2035.11,2032.74,0.582,2.13,22.78,77.14,82.40,2.15,1.68,0.47,2036.04,2045.90,968,800,85.7,0.0,11,1,CROSS=EMA9>EMA21;TREND=1;STRUCT=1;VOL=1;COOL=1;EMA50=1;VWAP=1;BIAS=1,3.00,-0.16,24901.99,25264.06,full target: no partial booked
29,2024.01.12 14:08:15,2024.01.12 16:38:15,SL_MOVE,XAUUSD,M15,8,BUY,FULLTGT,EVENING,0,2033.60,2029.14,2046.99,4.46,1.00,4.46,2038.06,2042.53,2046.99,2051.46,2055.92,0.27,0.00,0.27,2046.99,4.00,0.00,0.00,2036.98,2033.95,2032.29,2036.63,2033.71,0.859,1.92,36.95,72.28,77.58,2.72,2.10,0.62,2037.05,2045.44,1058,873,100.0,0.0,10,1,CROSS=EMA9>EMA21;TREND=1;STRUCT=1;VOL=1;COOL=1;EMA50=1;VWAP=1;BIAS=1,3.99,-0.16,24901.99,25384.75,stop trailed to TP3
30,2024.01.12 14:08:15,2024.01.12 16:38:15,TP4_REACHED,XAUUSD,M15,8,BUY,FULLTGT,EVENING,0,2033.60,2029.14,2046.99,4.46,1.00,4.46,2038.06,2042.53,2046.99,2051.46,2055.92,0.27,0.00,0.27,2051.46,4.00,4.00,0.00,2036.98,2033.95,2032.29,2036.63,2033.71,0.859,1.92,36.95,72.28,77.58,2.72,2.10,0.62,2037.05,2045.44,1058,873,100.0,0.0,10,1,CROSS=EMA9>EMA21;TREND=1;STRUCT=1;VOL=1;COOL=1;EMA50=1;VWAP=1;BIAS=1,3.99,-0.16,24901.99,25384.75,full target: no partial booked
31,2024.01.12 15:00:27,2024.01.12 17:30:27,EXIT_TRAIL_SL,XAUUSD,M15,8,BUY,FULLTGT,EVENING,0,2033.60,2029.14,2046.99,4.46,1.00,4.46,2038.06,2042.53,2046.99,2051.46,2055.92,0.27,0.27,0.00,2046.97,0.00,2.99,359.09,2038.76,2035.11,2032.95,2038.39,2034.85,0.868,2.49,41.06,66.81,55.83,3.36,2.86,0.50,2038.54,2047.83,1042,950,85.7,14.3,4,1,CROSS=EMA9>EMA21;TREND=1;STRUCT=1;VOL=1;COOL=1;EMA50=1;VWAP=1;BIAS=1,4.49,-0.16,25262.03,25262.03,stopped at a trailed level
32,2024.01.15 01:00:00,2024.01.15 03:30:00,DAY_SUMMARY,XAUUSD,M15,8,FLAT,NA,DAY,0,0.00,0.00,0.00,0.00,1.00,0.00,0.00,0.00,0.00,0.00,0.00,0.00,0.00,0.00,0.00,0.00,2.99,359.09,2046.51,2042.44,2038.00,2046.41,2042.31,3.450,1.29,21.77,52.99,62.11,-0.12,-0.39,0.27,2045.50,2048.81,366,753,71.4,0.0,7,1,CROSS=EMA9>EMA21;TREND=1;STRUCT=1;VOL=1;COOL=1;EMA50=1;VWAP=1;BIAS=1,0.00,0.00,25262.03,25262.03,2024.01.12 trades=1 W=1 L=0 gross_profit=359.09 gross_loss=0.00 net=359.09 PF=0.00
33,2024.01.15 01:00:00,2024.01.15 03:30:00,WEEK_SUMMARY,XAUUSD,M15,8,FLAT,NA,DAY,0,0.00,0.00,0.00,0.00,1.00,0.00,0.00,0.00,0.00,0.00,0.00,0.00,0.00,0.00,0.00,0.00,2.99,386.69,2046.51,2042.44,2038.00,2046.41,2042.31,3.450,1.29,21.77,52.99,62.11,-0.12,-0.39,0.27,2045.50,2048.81,366,753,71.4,0.0,7,1,CROSS=EMA9>EMA21;TREND=1;STRUCT=1;VOL=1;COOL=1;EMA50=1;VWAP=1;BIAS=1,0.00,0.00,25262.03,25262.03,days=3 trades=3 W=2 L=1 gross_profit=389.23 gross_loss=2.54 net=386.69 PF=153.24 pips=1332.0
34,2024.01.16 10:15:00,2024.01.16 12:45:00,ENTRY,XAUUSD,M15,10,SELL,FULLTGT,DAY,0,2047.96,2051.08,2051.08,3.12,1.00,3.12,2044.84,2041.72,2038.60,2035.49,2032.37,0.40,0.40,0.40,2047.96,0.00,0.00,0.00,2050.87,2050.92,2047.91,2050.99,2050.98,1.932,1.56,26.44,37.52,40.73,-0.64,-0.75,0.11,2050.53,2047.85,1210,629,14.3,85.7,11,1,CROSS=EMA9<EMA21;TREND=1;STRUCT=1;VOL=1;COOL=1;EMA50=1;VWAP=1;BIAS=1,0.00,0.00,25260.63,25256.23,KZ=LONDON; KZR=Asia H @ 2058.10 94 bars ago (high taken); DAY 12AM-4PM IST session: stop x1.00 of usual; no partials; full size to TP5; SL steps BE->TP1->TP2->TP3
35,2024.01.16 10:36:12,2024.01.16 13:06:12,SL_MOVE,XAUUSD,M15,10,SELL,FULLTGT,DAY,0,2047.96,2051.08,2047.96,3.12,1.00,3.12,2044.84,2041.72,2038.60,2035.49,2032.37,0.40,0.00,0.40,2047.96,1.00,0.00,0.00,2050.74,2050.85,2047.90,2050.87,2050.92,1.737,1.70,25.27,36.53,32.64,-0.73,-0.72,-0.01,2050.42,2047.62,1315,666,0.0,100.0,11,1,CROSS=EMA9<EMA21;TREND=1;STRUCT=1;VOL=1;COOL=1;EMA50=1;VWAP=1;BIAS=1,1.00,-0.72,25260.63,25386.63,stop to breakeven
36,2024.01.16 10:36:12,2024.01.16 13:06:12,TP1_REACHED,XAUUSD,M15,10,SELL,FULLTGT,DAY,0,2047.96,2051.08,2047.96,3.12,1.00,3.12,2044.84,2041.72,2038.60,2035.49,2032.37,0.40,0.00,0.40,2044.84,1.00,1.00,0.00,2050.74,2050.85,2047.90,2050.87,2050.92,1.737,1.70,25.27,36.53,32.64,-0.73,-0.72,-0.01,2050.42,2047.62,1315,666,0.0,100.0,11,1,CROSS=EMA9<EMA21;TREND=1;STRUCT=1;VOL=1;COOL=1;EMA50=1;VWAP=1;BIAS=1,1.00,-0.72,25260.63,25386.63,full target: no partial booked
37,2024.01.16 11:05:38,2024.01.16 13:35:38,SL_MOVE,XAUUSD,M15,10,SELL,FULLTGT,DAY,0,2047.96,2051.08,2044.84,3.12,1.00,3.12,2044.84,2041.72,2038.60,2035.49,2032.37,0.40,0.00,0.40,2044.84,2.00,0.00,0.00,2050.16,2050.55,2047.81,2050.45,2050.70,1.320,2.08,30.58,23.48,26.31,-1.45,-0.80,-0.65,2049.78,2043.12,1203,740,0.0,100.0,11,1,CROSS=EMA9<EMA21;TREND=1;STRUCT=1;VOL=1;COOL=1;EMA50=1;VWAP=1;BIAS=1,1.99,-0.72,25260.63,25510.23,stop trailed to TP1
38,2024.01.16 11:05:38,2024.01.16 13:35:38,TP2_REACHED,XAUUSD,M15,10,SELL,FULLTGT,DAY,0,2047.96,2051.08,2044.84,3.12,1.00,3.12,2044.84,2041.72,2038.60,2035.49,2032.37,0.40,0.00,0.40,2041.72,2.00,2.00,0.00,2050.16,2050.55,2047.81,2050.45,2050.70,1.320,2.08,30.58,23.48,26.31,-1.45,-0.80,-0.65,2049.78,2043.12,1203,740,0.0,100.0,11,1,CROSS=EMA9<EMA21;TREND=1;STRUCT=1;VOL=1;COOL=1;EMA50=1;VWAP=1;BIAS=1,1.99,-0.72,25260.63,25510.23,full target: no partial booked
39,2024.01.16 13:46:35,2024.01.16 16:16:35,SL_MOVE,XAUUSD,M15,10,SELL,FULLTGT,EVENING,0,2047.96,2051.08,2041.72,3.12,1.00,3.12,2044.84,2041.72,2038.60,2035.49,2032.37,0.40,0.00,0.40,2041.72,3.00,0.00,0.00,2046.63,2048.52,2047.02,2046.92,2048.70,0.620,2.41,42.96,28.49,40.20,-2.61,-2.65,0.04,2047.06,2039.45,997,1026,14.3,71.4,5,1,CROSS=EMA9<EMA21;TREND=1;STRUCT=1;VOL=1;COOL=1;EMA50=1;VWAP=1;BIAS=1,2.99,-0.72,25260.63,25636.23,stop trailed to TP2
40,2024.01.16 13:46:35,2024.01.16 16:16:35,TP3_REACHED,XAUUSD,M15,10,SELL,FULLTGT,EVENING,0,2047.96,2051.08,2041.72,3.12,1.00,3.12,2044.84,2041.72,2038.60,2035.49,2032.37,0.40,0.00,0.40,2038.60,3.00,3.00,0.00,2046.63,2048.52,2047.02,2046.92,2048.70,0.620,2.41,42.96,28.49,40.20,-2.61,-2.65,0.04,2047.06,2039.45,997,1026,14.3,71.4,5,1,CROSS=EMA9<EMA21;TREND=1;STRUCT=1;VOL=1;COOL=1;EMA50=1;VWAP=1;BIAS=1,2.99,-0.72,25260.63,25636.23,full target: no partial booked
41,2024.01.16 15:13:28,2024.01.16 17:43:28,SL_MOVE,XAUUSD,M15,10,SELL,FULLTGT,EVENING,0,2047.96,2051.08,2038.60,3.12,1.00,3.12,2044.84,2041.72,2038.60,2035.49,2032.37,0.40,0.00,0.40,2038.60,4.00,0.00,0.00,2045.13,2047.55,2046.60,2045.40,2047.73,0.427,2.23,48.84,35.68,44.07,-2.51,-2.61,0.11,2046.05,2038.50,944,1086,14.3,71.4,10,1,CROSS=EMA9<EMA21;TREND=1;STRUCT=1;VOL=1;COOL=1;EMA50=1;VWAP=1;BIAS=1,4.00,-0.72,25260.63,25760.63,stop trailed to TP3
42,2024.01.16 15:13:28,2024.01.16 17:43:28,TP4_REACHED,XAUUSD,M15,10,SELL,FULLTGT,EVENING,0,2047.96,2051.08,2038.60,3.12,1.00,3.12,2044.84,2041.72,2038.60,2035.49,2032.37,0.40,0.00,0.40,2035.49,4.00,4.00,0.00,2045.13,2047.55,2046.60,2045.40,2047.73,0.427,2.23,48.84,35.68,44.07,-2.51,-2.61,0.11,2046.05,2038.50,944,1086,14.3,71.4,10,1,CROSS=EMA9<EMA21;TREND=1;STRUCT=1;VOL=1;COOL=1;EMA50=1;VWAP=1;BIAS=1,4.00,-0.72,25260.63,25760.63,full target: no partial booked
43,2024.01.16 15:14:39,2024.01.16 17:44:39,TP5_EXIT,XAUUSD,M15,10,SELL,FULLTGT,EVENING,0,2047.96,2051.08,2038.60,3.12,1.00,3.12,2044.84,2041.72,2038.60,2035.49,2032.37,0.40,0.40,0.00,2032.29,5.00,5.00,0.00,2045.13,2047.55,2046.60,2045.40,2047.73,0.427,2.23,48.84,35.68,44.07,-2.51,-2.61,0.11,2046.05,2038.50,944,1086,14.3,71.4,10,1,CROSS=EMA9<EMA21;TREND=1;STRUCT=1;VOL=1;COOL=1;EMA50=1;VWAP=1;BIAS=1,5.00,-0.72,25886.03,25886.03,full target reached; closed in full
44,2024.01.16 15:14:39,2024.01.16 17:44:39,EXIT_TP,XAUUSD,M15,10,SELL,FULLTGT,EVENING,0,2047.96,2051.08,2038.60,3.12,1.00,3.12,2044.84,2041.72,2038.60,2035.49,2032.37,0.40,0.40,0.00,2032.29,0.00,5.02,624.00,2045.13,2047.55,2046.60,2045.40,2047.73,0.427,2.23,48.84,35.68,44.07,-2.51,-2.61,0.11,2046.05,2038.50,944,1086,14.3,71.4,10,1,CROSS=EMA9<EMA21;TREND=1;STRUCT=1;VOL=1;COOL=1;EMA50=1;VWAP=1;BIAS=1,5.00,-0.72,25886.03,25886.03,TP5 exit
45,2024.01.17 01:00:00,2024.01.17 03:30:00,DAY_SUMMARY,XAUUSD,M15,10,FLAT,NA,DAY,0,0.00,0.00,0.00,0.00,1.00,0.00,0.00,0.00,0.00,0.00,0.00,0.00,0.00,0.00,0.00,0.00,5.02,624.00,2033.85,2039.11,2042.04,2034.07,2039.33,-1.957,1.50,17.48,43.00,51.72,-1.83,-2.40,0.57,2039.84,2028.22,260,865,28.6,42.9,5,1,CROSS=EMA9<EMA21;TREND=1;STRUCT=1;VOL=1;COOL=1;EMA50=1;VWAP=1;BIAS=1,0.00,0.00,25886.03,25886.03,2024.01.16 trades=1 W=1 L=0 gross_profit=624.00 gross_loss=0.00 net=624.00 PF=0.00
46,2024.01.18 21:45:00,2024.01.19 00:15:00,SKIP,XAUUSD,M15,10,FLAT,NA,DAY,0,0.00,0.00,0.00,0.00,1.00,0.00,0.00,0.00,0.00,0.00,0.00,0.00,0.00,0.00,0.00,0.00,0.00,0.00,2014.38,2014.30,2018.84,2014.15,2014.18,-2.105,2.16,36.24,65.46,61.81,1.93,1.46,0.47,2012.45,2019.98,682,1175,85.7,0.0,5,1,CROSS=EMA9<EMA21;TREND=1;STRUCT=1;VOL=1;COOL=1;EMA50=1;VWAP=1;BIAS=1,0.00,0.00,25886.03,25886.03,outside the killzone window
47,2024.01.22 01:00:00,2024.01.22 03:30:00,WEEK_SUMMARY,XAUUSD,M15,10,FLAT,NA,DAY,0,0.00,0.00,0.00,0.00,1.00,0.00,0.00,0.00,0.00,0.00,0.00,0.00,0.00,0.00,0.00,0.00,5.02,624.00,2028.11,2025.98,2024.17,2028.06,2025.91,1.719,1.05,29.26,53.96,56.24,0.24,0.05,0.20,2027.68,2029.33,255,683,85.7,0.0,7,1,CROSS=EMA9<EMA21;TREND=1;STRUCT=1;VOL=1;COOL=1;EMA50=1;VWAP=1;BIAS=1,0.00,0.00,25886.03,25886.03,days=1 trades=1 W=1 L=0 gross_profit=624.00 gross_loss=0.00 net=624.00 PF=0.00 pips=1567.0
48,2024.01.22 10:15:00,2024.01.22 12:45:00,SKIP,XAUUSD,M15,10,FLAT,NA,DAY,0,0.00,0.00,0.00,0.00,1.00,0.00,0.00,0.00,0.00,0.00,0.00,0.00,0.00,0.00,0.00,0.00,0.00,0.00,2025.78,2025.79,2024.70,2025.89,2025.84,0.451,2.42,54.00,44.69,51.93,-1.45,-1.61,0.17,2025.56,2023.17,1076,777,42.9,57.1,5,1,CROSS=EMA9<EMA21;TREND=1;STRUCT=1;VOL=1;COOL=1;EMA50=1;VWAP=1;BIAS=1,0.00,0.00,25886.03,25886.03,already positioned that way
49,2024.01.23 07:45:00,2024.01.23 10:15:00,ENTRY,XAUUSD,M15,12,BUY,FULLTGT,DAY,0,2030.79,2027.57,2027.57,3.22,1.00,3.22,2034.01,2037.24,2040.46,2043.68,2046.90,0.40,0.40,0.40,2030.79,0.00,0.00,0.00,2024.01,2023.92,2023.93,2023.74,2023.78,-0.007,1.61,44.89,76.37,72.72,2.00,1.35,0.65,2024.05,2030.69,975,748,100.0,0.0,5,1,CROSS=EMA9>EMA21;TREND=1;STRUCT=1;VOL=1;COOL=1;EMA50=1;VWAP=1;BIAS=1,0.00,0.00,25884.63,25882.63,KZ=ASIA; KZR=London L @ 2008.18 448 bars ago (low taken); DAY 12AM-4PM IST session: stop x1.00 of usual; no partials; full size to TP5; SL steps BE->TP1->TP2->TP3
50,2024.01.23 08:56:29,2024.01.23 11:26:29,SL_MOVE,XAUUSD,M15,12,BUY,FULLTGT,DAY,0,2030.79,2027.57,2030.79,3.22,1.00,3.22,2034.01,2037.24,2040.46,2043.68,2046.90,0.40,0.00,0.40,2030.79,1.00,0.00,0.00,2024.96,2024.42,2024.18,2024.73,2024.29,0.139,1.68,50.84,71.61,68.33,2.21,1.89,0.32,2025.12,2030.56,1054,782,100.0,0.0,12,1,CROSS=EMA9>EMA21;TREND=1;STRUCT=1;VOL=1;COOL=1;EMA50=1;VWAP=1;BIAS=1,0.99,-0.51,25884.63,26014.63,stop to breakeven
51,2024.01.23 08:56:29,2024.01.23 11:26:29,TP1_REACHED,XAUUSD,M15,12,BUY,FULLTGT,DAY,0,2030.79,2027.57,2030.79,3.22,1.00,3.22,2034.01,2037.24,2040.46,2043.68,2046.90,0.40,0.00,0.40,2034.01,1.00,1.00,0.00,2024.96,2024.42,2024.18,2024.73,2024.29,0.139,1.68,50.84,71.61,68.33,2.21,1.89,0.32,2025.12,2030.56,1054,782,100.0,0.0,12,1,CROSS=EMA9>EMA21;TREND=1;STRUCT=1;VOL=1;COOL=1;EMA50=1;VWAP=1;BIAS=1,0.99,-0.51,25884.63,26014.63,full target: no partial booked
52,2024.01.23 09:05:37,2024.01.23 11:35:37,SL_MOVE,XAUUSD,M15,12,BUY,FULLTGT,DAY,0,2030.79,2027.57,2034.01,3.22,1.00,3.22,2034.01,2037.24,2040.46,2043.68,2046.90,0.40,0.00,0.40,2034.01,2.00,0.00,0.00,2025.36,2024.63,2024.29,2024.96,2024.42,0.178,1.89,53.30,80.75,79.20,2.56,2.02,0.55,2025.68,2035.16,1398,803,100.0,0.0,11,1,CROSS=EMA9>EMA21;TREND=1;STRUCT=1;VOL=1;COOL=1;EMA50=1;VWAP=1;BIAS=1,1.99,-0.51,25884.63,26144.23,stop trailed to TP1
53,2024.01.23 09:05:37,2024.01.23 11:35:37,TP2_REACHED,XAUUSD,M15,12,BUY,FULLTGT,DAY,0,2030.79,2027.57,2034.01,3.22,1.00,3.22,2034.01,2037.24,2040.46,2043.68,2046.90,0.40,0.00,0.40,2037.24,2.00,2.00,0.00,2025.36,2024.63,2024.29,2024.96,2024.42,0.178,1.89,53.30,80.75,79.20,2.56,2.02,0.55,2025.68,2035.16,1398,803,100.0,0.0,11,1,CROSS=EMA9>EMA21;TREND=1;STRUCT=1;VOL=1;COOL=1;EMA50=1;VWAP=1;BIAS=1,1.99,-0.51,25884.63,26144.23,full target: no partial booked
54,2024.01.23 09:11:17,2024.01.23 11:41:17,EXIT_TRAIL_SL,XAUUSD,M15,12,BUY,FULLTGT,DAY,0,2030.79,2027.57,2034.01,3.22,1.00,3.22,2034.01,2037.24,2040.46,2043.68,2046.90,0.40,0.40,0.00,2034.01,0.00,1.00,126.00,2025.36,2024.63,2024.29,2024.96,2024.42,0.178,1.89,53.30,80.75,73.61,2.56,2.02,0.55,2025.68,2035.16,1398,803,100.0,0.0,11,1,CROSS=EMA9>EMA21;TREND=1;STRUCT=1;VOL=1;COOL=1;EMA50=1;VWAP=1;BIAS=1,2.18,-0.51,26012.03,26012.03,stopped at a trailed level
55,2024.01.24 01:00:00,2024.01.24 03:30:00,DAY_SUMMARY,XAUUSD,M15,12,FLAT,NA,DAY,0,0.00,0.00,0.00,0.00,1.00,0.00,0.00,0.00,0.00,0.00,0.00,0.00,0.00,0.00,0.00,0.00,1.00,126.00,2026.67,2026.05,2025.37,2026.56,2025.99,0.552,1.24,20.67,60.78,60.69,0.96,0.95,0.01,2026.29,2029.23,142,602,71.4,0.0,5,1,CROSS=EMA9>EMA21;TREND=1;STRUCT=1;VOL=1;COOL=1;EMA50=1;VWAP=1;BIAS=1,0.00,0.00,26012.03,26012.03,2024.01.23 trades=1 W=1 L=0 gross_profit=126.00 gross_loss=0.00 net=126.00 PF=0.00
56,2024.01.24 08:15:00,2024.01.24 10:45:00,SKIP,XAUUSD,M15,12,FLAT,NA,DAY,0,0.00,0.00,0.00,0.00,1.00,0.00,0.00,0.00,0.00,0.00,0.00,0.00,0.00,0.00,0.00,0.00,0.00,0.00,2025.96,2025.98,2025.53,2026.00,2026.00,0.333,1.35,26.50,46.78,54.18,-0.70,-0.77,0.07,2026.21,2025.01,698,552,42.9,57.1,8,1,CROSS=EMA9>EMA21;TREND=1;STRUCT=1;VOL=1;COOL=1;EMA50=1;VWAP=1;BIAS=1,0.00,0.00,26012.03,26012.03,outside the killzone window
57,2024.01.24 08:45:00,2024.01.24 11:15:00,SKIP,XAUUSD,M15,12,FLAT,NA,DAY,0,0.00,0.00,0.00,0.00,1.00,0.00,0.00,0.00,0.00,0.00,0.00,0.00,0.00,0.00,0.00,0.00,0.00,0.00,2026.04,2026.02,2025.56,2025.97,2025.98,0.334,1.37,24.81,61.06,72.03,-0.28,-0.69,0.41,2026.23,2027.78,756,536,85.7,0.0,12,1,CROSS=EMA9>EMA21;TREND=1;STRUCT=1;VOL=1;COOL=1;EMA50=1;VWAP=1;BIAS=1,0.00,0.00,26012.03,26012.03,outside the killzone window
58,2024.01.24 18:45:00,2024.01.24 21:15:00,SKIP,XAUUSD,M15,12,FLAT,NA,EVENING,0,0.00,0.00,0.00,0.00,1.00,0.00,0.00,0.00,0.00,0.00,0.00,0.00,0.00,0.00,0.00,0.00,0.00,0.00,2026.81,2027.10,2026.50,2027.41,2027.40,0.142,4.23,55.10,19.87,25.03,-4.48,-1.97,-2.51,2027.41,2012.23,1235,1580,0.0,85.7,5,1,CROSS=EMA9>EMA21;TREND=1;STRUCT=1;VOL=1;COOL=1;EMA50=1;VWAP=1;BIAS=1,0.00,0.00,26012.03,26012.03,outside the killzone window
59,2024.01.26 03:15:00,2024.01.26 05:45:00,SKIP,XAUUSD,M15,12,FLAT,NA,DAY,0,0.00,0.00,0.00,0.00,1.00,0.00,0.00,0.00,0.00,0.00,0.00,0.00,0.00,0.00,0.00,0.00,0.00,0.00,2018.62,2018.59,2019.99,2018.46,2018.50,-1.045,1.35,29.04,64.80,65.22,1.05,0.89,0.15,2021.01,2022.59,833,424,100.0,0.0,5,1,CROSS=EMA9>EMA21;TREND=1;STRUCT=1;VOL=1;COOL=1;EMA50=1;VWAP=1;BIAS=1,0.00,0.00,26012.03,26012.03,already positioned that way
60,2024.01.26 20:00:00,2024.01.26 22:30:00,SKIP,XAUUSD,M15,12,FLAT,NA,EVENING,0,0.00,0.00,0.00,0.00,1.00,0.00,0.00,0.00,0.00,0.00,0.00,0.00,0.00,0.00,0.00,0.00,0.00,0.00,2020.18,2020.20,2020.49,2020.32,2020.28,-0.130,2.19,34.98,36.47,41.66,-1.21,-1.13,-0.08,2021.09,2016.69,594,1260,0.0,85.7,5,1,CROSS=EMA9>EMA21;TREND=1;STRUCT=1;VOL=1;COOL=1;EMA50=1;VWAP=1;BIAS=1,0.00,0.00,26012.03,26012.03,outside the killzone window
61,2024.01.29 01:00:00,2024.01.29 03:30:00,WEEK_SUMMARY,XAUUSD,M15,12,FLAT,NA,DAY,0,0.00,0.00,0.00,0.00,1.00,0.00,0.00,0.00,0.00,0.00,0.00,0.00,0.00,0.00,0.00,0.00,1.00,126.00,2019.11,2019.56,2020.10,2019.13,2019.58,-0.564,0.95,24.63,50.11,53.00,-0.19,-0.53,0.34,2020.72,2018.49,180,456,42.9,28.6,10,1,CROSS=EMA9>EMA21;TREND=1;STRUCT=1;VOL=1;COOL=1;EMA50=1;VWAP=1;BIAS=1,0.00,0.00,26012.03,26012.03,days=1 trades=1 W=1 L=0 gross_profit=126.00 gross_loss=0.00 net=126.00 PF=0.00 pips=322.0
62,2024.01.29 03:00:00,2024.01.29 05:30:00,SKIP,XAUUSD,M15,12,FLAT,NA,DAY,0,0.00,0.00,0.00,0.00,1.00,0.00,0.00,0.00,0.00,0.00,0.00,0.00,0.00,0.00,0.00,0.00,0.00,0.00,2019.98,2019.98,2020.27,2019.91,2019.94,-0.130,2.29,21.75,54.74,53.16,0.73,0.73,0.00,2023.06,2021.65,586,501,71.4,14.3,5,1,CROSS=EMA9>EMA21;TREND=1;STRUCT=1;VOL=1;COOL=1;EMA50=1;VWAP=0;BIAS=1,0.00,0.00,26012.03,26012.03,already positioned that way
63,2024.02.01 01:00:00,2024.02.01 03:30:00,MONTH_SUMMARY,XAUUSD,M15,12,FLAT,NA,DAY,0,0.00,0.00,0.00,0.00,1.00,0.00,0.00,0.00,0.00,0.00,0.00,0.00,0.00,0.00,0.00,0.00,8.01,1012.03,2042.11,2040.23,2036.80,2042.23,2040.25,0.654,5.24,37.49,43.99,51.74,-2.28,-1.66,-0.62,2042.19,2039.20,486,1472,28.6,57.1,50,1,CROSS=EMA9>EMA21;TREND=1;STRUCT=1;VOL=1;COOL=1;EMA50=1;VWAP=0;BIAS=1,0.00,0.00,26012.03,26012.03,days=6 trades=6 W=4 L=2 gross_profit=1139.23 gross_loss=127.20 net=1012.03 PF=8.96 pips=2397.0
64,2024.02.01 13:30:00,2024.02.01 16:00:00,SKIP,XAUUSD,M15,12,FLAT,NA,EVENING,0,0.00,0.00,0.00,0.00,1.00,0.00,0.00,0.00,0.00,0.00,0.00,0.00,0.00,0.00,0.00,0.00,0.00,0.00,2041.11,2041.13,2038.83,2041.45,2041.30,0.909,2.53,56.59,26.76,34.60,-2.71,-1.46,-1.25,2041.34,2032.82,1268,1065,14.3,85.7,8,1,CROSS=EMA9>EMA21;TREND=1;STRUCT=1;VOL=1;COOL=1;EMA50=1;VWAP=0;BIAS=1,0.00,0.00,26012.03,26012.03,outside the killzone window
65,2024.02.01 17:30:00,2024.02.01 20:00:00,SKIP,XAUUSD,M15,12,FLAT,NA,EVENING,0,0.00,0.00,0.00,0.00,1.00,0.00,0.00,0.00,0.00,0.00,0.00,0.00,0.00,0.00,0.00,0.00,0.00,0.00,2040.89,2040.84,2038.97,2040.57,2040.68,0.460,4.06,28.32,66.08,65.52,2.42,0.21,2.20,2041.00,2048.86,2594,1859,100.0,0.0,5,1,CROSS=EMA9>EMA21;TREND=1;STRUCT=1;VOL=1;COOL=1;EMA50=1;VWAP=1;BIAS=1,0.00,0.00,26012.03,26012.03,already positioned that way
66,2024.02.02 16:45:00,2024.02.02 19:15:00,ENTRY,XAUUSD,M15,14,SELL,FULLTGT,EVENING,0,2031.41,2039.36,2039.36,7.95,1.00,7.95,2023.46,2015.51,2007.56,1999.62,1991.67,0.16,0.16,0.16,2031.41,0.00,0.00,0.00,2050.61,2050.61,2047.46,2051.39,2051.00,0.792,3.97,34.05,17.82,27.22,-5.71,-2.05,-3.66,2049.31,2031.40,2526,1346,14.3,85.7,1,1,CROSS=EMA9<EMA21;TREND=1;STRUCT=1;VOL=1;COOL=1;EMA50=1;VWAP=1;BIAS=1,0.00,0.00,26011.47,26011.31,KZ=NY; KZR=London H @ 2056.83 5 bars ago (high taken); EVENING 4PM-12AM IST session: stop x1.00 of usual; no partials; full size to TP5; SL steps BE->TP1->TP2->TP3
67,2024.02.02 23:42:00,2024.02.03 02:12:00,EXIT_WEEKEND,XAUUSD,M15,14,SELL,FULLTGT,DAY,0,2031.41,2039.36,2039.36,7.95,1.00,7.95,2023.46,2015.51,2007.56,1999.62,1991.67,0.16,0.16,0.00,2037.65,0.00,-0.79,0.00,2041.19,2044.58,2044.76,2041.34,2044.72,-0.118,1.55,19.40,47.78,55.40,-0.96,-1.34,0.38,2044.29,2037.56,210,759,28.6,42.9,5,1,CROSS=EMA9<EMA21;TREND=1;STRUCT=1;VOL=1;COOL=1;EMA50=1;VWAP=1;BIAS=1,0.36,-0.94,25911.07,25911.07,WEEKEND exit
68,2024.02.02 23:42:08,2024.02.03 02:12:08,EXIT_WEEKEND,XAUUSD,M15,14,SELL,FULLTGT,DAY,0,2031.41,2039.36,2039.36,7.95,1.00,7.95,2023.46,2015.51,2007.56,1999.62,1991.67,0.16,0.16,0.00,2037.65,0.00,-0.79,-100.96,2041.19,2044.58,2044.76,2041.34,2044.72,-0.118,1.55,19.40,47.78,55.40,-0.96,-1.34,0.38,2044.29,2037.56,210,759,28.6,42.9,5,1,CROSS=EMA9<EMA21;TREND=1;STRUCT=1;VOL=1;COOL=1;EMA50=1;VWAP=1;BIAS=1,0.36,-0.94,25911.07,25911.07,flattened before the Friday close
69,2024.02.05 01:00:00,2024.02.05 03:30:00,DAY_SUMMARY,XAUUSD,M15,14,FLAT,NA,DAY,0,0.00,0.00,0.00,0.00,1.00,0.00,0.00,0.00,0.00,0.00,0.00,0.00,0.00,0.00,0.00,0.00,-0.79,-100.96,2041.00,2044.35,2044.64,2041.06,2044.45,-0.208,1.41,24.96,54.81,66.08,-0.58,-1.08,0.50,2044.25,2039.57,321,667,42.9,28.6,7,1,CROSS=EMA9<EMA21;TREND=1;STRUCT=1;VOL=1;COOL=1;EMA50=1;VWAP=1;BIAS=1,0.00,0.00,25911.07,25911.07,2024.02.02 trades=1 W=0 L=1 gross_profit=0.00 gross_loss=100.96 net=-100.96 PF=0.00
70,2024.02.05 01:00:00,2024.02.05 03:30:00,WEEK_SUMMARY,XAUUSD,M15,14,FLAT,NA,DAY,0,0.00,0.00,0.00,0.00,1.00,0.00,0.00,0.00,0.00,0.00,0.00,0.00,0.00,0.00,0.00,0.00,-0.79,-100.96,2041.00,2044.35,2044.64,2041.06,2044.45,-0.208,1.41,24.96,54.81,66.08,-0.58,-1.08,0.50,2044.25,2039.57,321,667,42.9,28.6,7,1,CROSS=EMA9<EMA21;TREND=1;STRUCT=1;VOL=1;COOL=1;EMA50=1;VWAP=1;BIAS=1,0.00,0.00,25911.07,25911.07,days=1 trades=1 W=0 L=1 gross_profit=0.00 gross_loss=100.96 net=-100.96 PF=0.00 pips=-624.0
71,2024.02.06 17:45:00,2024.02.06 20:15:00,ENTRY,XAUUSD,M15,16,BUY,FULLTGT,EVENING,0,2037.31,2031.39,2031.39,5.92,1.00,5.92,2043.23,2049.15,2055.07,2061.00,2066.92,0.21,0.21,0.21,2037.31,0.00,0.00,0.00,2027.70,2027.55,2030.32,2027.31,2027.35,-0.938,2.96,40.87,78.52,73.38,2.27,1.16,1.11,2028.12,2037.25,2194,1405,100.0,0.0,5,1,CROSS=EMA9>EMA21;TREND=1;STRUCT=1;VOL=1;COOL=1;EMA50=1;VWAP=1;BIAS=1,0.00,0.00,25910.33,25909.28,KZ=NY; KZR=Asia L @ 2023.52 27 bars ago (low taken); EVENING 4PM-12AM IST session: stop x1.00 of usual; no partials; full size to TP5; SL steps BE->TP1->TP2->TP3
72,2024.02.07 10:36:34,2024.02.07 13:06:34,EXIT_SL,XAUUSD,M15,16,BUY,FULLTGT,DAY,0,2037.31,2031.39,2031.39,5.92,1.00,5.92,2043.23,2049.15,2055.07,2061.00,2066.92,0.21,0.21,0.00,2031.38,0.00,-1.00,-139.28,2034.19,2032.88,2032.57,2034.25,2032.88,0.281,1.11,22.28,39.23,30.16,-0.22,-0.27,0.06,2034.64,2032.74,1055,487,28.6,57.1,5,1,CROSS=EMA9>EMA21;TREND=1;STRUCT=1;VOL=1;COOL=1;EMA50=1;VWAP=1;BIAS=1,0.27,-1.00,25771.79,25771.79,stopped at the initial SL (x1.00 of usual)
73,2024.02.08 01:00:00,2024.02.08 03:30:00,DAY_SUMMARY,XAUUSD,M15,16,FLAT,NA,DAY,0,0.00,0.00,0.00,0.00,1.00,0.00,0.00,0.00,0.00,0.00,0.00,0.00,0.00,0.00,0.00,0.00,-1.00,-139.28,2035.48,2034.69,2033.82,2035.50,2034.68,0.894,0.97,24.99,47.60,53.17,-0.46,-0.39,-0.07,2035.91,2035.00,214,782,28.6,42.9,5,1,CROSS=EMA9>EMA21;TREND=1;STRUCT=1;VOL=1;COOL=1;EMA50=1;VWAP=1;BIAS=1,0.00,0.00,25771.79,25771.79,2024.02.07 trades=1 W=0 L=1 gross_profit=0.00 gross_loss=139.28 net=-139.28 PF=0.00
74,2024.02.08 09:45:00,2024.02.08 12:15:00,ENTRY,XAUUSD,M15,18,SELL,FULLTGT,DAY,0,2032.59,2034.91,2034.91,2.32,1.00,2.32,2030.27,2027.95,2025.63,2023.31,2020.99,0.55,0.55,0.55,2032.59,0.00,0.00,0.00,2034.64,2034.68,2034.12,2034.72,2034.72,0.485,1.16,22.91,40.09,42.17,-0.63,-0.81,0.18,2034.90,2032.56,914,470,14.3,71.4,5,1,CROSS=EMA9<EMA21;TREND=1;STRUCT=1;VOL=1;COOL=1;EMA50=1;VWAP=1;BIAS=1,0.00,0.00,25769.86,25767.11,KZ=LONDON; KZR=Asia L @ 2023.52 187 bars ago (low taken); DAY 12AM-4PM IST session: stop x1.00 of usual; no partials; full size to TP5; SL steps BE->TP1->TP2->TP3
75,2024.02.08 10:30:26,2024.02.08 13:00:26,SL_MOVE,XAUUSD,M15,18,SELL,FULLTGT,DAY,0,2032.59,2034.91,2032.59,2.32,1.00,2.32,2030.27,2027.95,2025.63,2023.31,2020.99,0.55,0.00,0.55,2032.59,1.00,0.00,0.00,2034.32,2034.51,2034.05,2034.48,2034.60,0.356,1.31,23.15,31.59,31.17,-0.83,-0.72,-0.10,2034.38,2030.46,1153,579,0.0,85.7,5,1,CROSS=EMA9<EMA21;TREND=1;STRUCT=1;VOL=1;COOL=1;EMA50=1;VWAP=1;BIAS=1,0.99,-0.36,25769.86,25898.01,stop to breakeven
76,2024.02.08 10:30:26,2024.02.08 13:00:26,TP1_REACHED,XAUUSD,M15,18,SELL,FULLTGT,DAY,0,2032.59,2034.91,2032.59,2.32,1.00,2.32,2030.27,2027.95,2025.63,2023.31,2020.99,0.55,0.00,0.55,2030.27,1.00,1.00,0.00,2034.32,2034.51,2034.05,2034.48,2034.60,0.356,1.31,23.15,31.59,31.17,-0.83,-0.72,-0.10,2034.38,2030.46,1153,579,0.0,85.7,5,1,CROSS=EMA9<EMA21;TREND=1;STRUCT=1;VOL=1;COOL=1;EMA50=1;VWAP=1;BIAS=1,0.99,-0.36,25769.86,25898.01,full target: no partial booked
77,2024.02.08 11:42:29,2024.02.08 14:12:29,EXIT_BE,XAUUSD,M15,18,SELL,FULLTGT,DAY,0,2032.59,2034.91,2032.59,2.32,1.00,2.32,2030.27,2027.95,2025.63,2023.31,2020.99,0.55,0.55,0.00,2032.60,0.00,-0.00,-4.41,2033.75,2034.20,2033.91,2033.89,2034.28,0.212,1.39,27.28,37.20,51.37,-1.09,-0.84,-0.25,2033.70,2030.42,737,705,14.3,85.7,5,1,CROSS=EMA9<EMA21;TREND=1;STRUCT=1;VOL=1;COOL=1;EMA50=1;VWAP=1;BIAS=1,1.58,-0.36,25767.38,25767.38,stopped at breakeven
78,2024.02.09 01:00:00,2024.02.09 03:30:00,DAY_SUMMARY,XAUUSD,M15,18,FLAT,NA,DAY,0,0.00,0.00,0.00,0.00,1.00,0.00,0.00,0.00,0.00,0.00,0.00,0.00,0.00,0.00,0.00,0.00,-0.00,-4.41,2031.88,2032.30,2032.78,2031.78,2032.26,-0.493,0.96,28.24,61.44,63.65,0.91,0.85,0.06,2030.93,2034.33,193,886,71.4,14.3,7,1,CROSS=EMA9<EMA21;TREND=1;STRUCT=1;VOL=1;COOL=1;EMA50=1;VWAP=1;BIAS=1,0.00,0.00,25767.38,25767.38,2024.02.08 trades=1 W=0 L=1 gross_profit=0.00 gross_loss=4.41 net=-4.41 PF=0.00
79,2024.02.09 04:00:00,2024.02.09 06:30:00,ENTRY,XAUUSD,M15,20,BUY,FULLTGT,DAY,0,2034.29,2032.47,2032.47,1.82,1.00,1.82,2036.11,2037.94,2039.76,2041.58,2043.40,0.70,0.70,0.70,2034.29,0.00,0.00,0.00,2032.65,2032.65,2032.90,2032.59,2032.61,-0.283,0.91,18.44,56.82,53.07,0.54,0.66,-0.12,2033.86,2034.24,408,364,71.4,14.3,5,1,CROSS=EMA9>EMA21;TREND=1;STRUCT=1;VOL=1;COOL=1;EMA50=1;VWAP=1;BIAS=1,0.00,0.00,25764.93,25761.43,KZ=ASIA; KZR=Asia L @ 2023.52 260 bars ago (low taken); DAY 12AM-4PM IST session: stop x1.00 of usual; no partials; full size to TP5; SL steps BE->TP1->TP2->TP3
80,2024.02.09 06:07:28,2024.02.09 08:37:28,EXIT_SL,XAUUSD,M15,20,BUY,FULLTGT,DAY,0,2034.29,2032.47,2032.47,1.82,1.00,1.82,2036.11,2037.94,2039.76,2041.58,2043.40,0.70,0.70,0.00,2032.47,0.00,-1.00,-132.30,2033.11,2032.90,2033.02,2033.09,2032.88,-0.127,0.93,16.06,48.80,35.44,0.40,0.52,-0.12,2034.08,2033.58,315,314,14.3,71.4,5,1,CROSS=EMA9>EMA21;TREND=1;STRUCT=1;VOL=1;COOL=1;EMA50=1;VWAP=1;BIAS=1,0.47,-0.99,25635.08,25635.08,stopped at the initial SL (x1.00 of usual)
81,2024.02.09 12:45:00,2024.02.09 15:15:00,ENTRY,XAUUSD,M15,22,SELL,FULLTGT,DAY,0,2031.97,2034.89,2034.89,2.92,1.00,2.92,2029.05,2026.14,2023.22,2020.31,2017.39,0.43,0.43,0.43,2031.97,0.00,0.00,0.00,2032.84,2032.84,2032.96,2032.88,2032.86,-0.083,1.46,16.50,45.66,47.34,-0.35,-0.32,-0.03,2033.03,2032.00,679,744,0.0,71.4,5,1,CROSS=EMA9<EMA21;TREND=1;STRUCT=1;VOL=1;COOL=1;EMA50=1;VWAP=1;BIAS=1,0.00,0.00,25633.57,25631.42,KZ=LONDON; KZR=Asia L @ 2023.52 295 bars ago (low taken); DAY 12AM-4PM IST session: stop x1.00 of usual; no partials; full size to TP5; SL steps BE->TP1->TP2->TP3
82,2024.02.09 14:57:25,2024.02.09 17:27:25,SL_MOVE,XAUUSD,M15,22,SELL,FULLTGT,EVENING,0,2031.97,2034.89,2031.97,2.92,1.00,2.92,2029.05,2026.14,2023.22,2020.31,2017.39,0.43,0.00,0.43,2031.97,1.00,0.00,0.00,2032.57,2032.70,2032.88,2032.67,2032.75,-0.147,1.23,22.58,36.68,27.51,-0.49,-0.30,-0.19,2032.77,2030.15,1223,897,0.0,85.7,5,1,CROSS=EMA9<EMA21;TREND=1;STRUCT=1;VOL=1;COOL=1;EMA50=1;VWAP=1;BIAS=1,1.00,-0.57,25633.57,25759.99,stop to breakeven
83,2024.02.09 14:57:25,2024.02.09 17:27:25,TP1_REACHED,XAUUSD,M15,22,SELL,FULLTGT,EVENING,0,2031.97,2034.89,2031.97,2.92,1.00,2.92,2029.05,2026.14,2023.22,2020.31,2017.39,0.43,0.00,0.43,2029.05,1.00,1.00,0.00,2032.57,2032.70,2032.88,2032.67,2032.75,-0.147,1.23,22.58,36.68,27.51,-0.49,-0.30,-0.19,2032.77,2030.15,1223,897,0.0,85.7,5,1,CROSS=EMA9<EMA21;TREND=1;STRUCT=1;VOL=1;COOL=1;EMA50=1;VWAP=1;BIAS=1,1.00,-0.57,25633.57,25759.99,full target: no partial booked
84,2024.02.09 15:16:18,2024.02.09 17:46:18,SL_MOVE,XAUUSD,M15,22,SELL,FULLTGT,EVENING,0,2031.97,2034.89,2029.05,2.92,1.00,2.92,2029.05,2026.14,2023.22,2020.31,2017.39,0.43,0.00,0.43,2029.05,2.00,0.00,0.00,2032.19,2032.50,2032.78,2032.42,2032.62,-0.205,1.35,33.22,24.96,15.52,-1.03,-0.42,-0.61,2032.38,2026.51,1551,924,0.0,100.0,5,1,CROSS=EMA9<EMA21;TREND=1;STRUCT=1;VOL=1;COOL=1;EMA50=1;VWAP=1;BIAS=1,2.02,-0.57,25633.57,25884.69,stop trailed to TP1
85,2024.02.09 15:16:18,2024.02.09 17:46:18,TP2_REACHED,XAUUSD,M15,22,SELL,FULLTGT,EVENING,0,2031.97,2034.89,2029.05,2.92,1.00,2.92,2029.05,2026.14,2023.22,2020.31,2017.39,0.43,0.00,0.43,2026.14,2.00,2.00,0.00,2032.19,2032.50,2032.78,2032.42,2032.62,-0.205,1.35,33.22,24.96,15.52,-1.03,-0.42,-0.61,2032.38,2026.51,1551,924,0.0,100.0,5,1,CROSS=EMA9<EMA21;TREND=1;STRUCT=1;VOL=1;COOL=1;EMA50=1;VWAP=1;BIAS=1,2.02,-0.57,25633.57,25884.69,full target: no partial booked
86,2024.02.09 15:31:01,2024.02.09 18:01:01,EXIT_TRAIL_SL,XAUUSD,M15,22,SELL,FULLTGT,EVENING,0,2031.97,2034.89,2029.05,2.92,1.00,2.92,2029.05,2026.14,2023.22,2020.31,2017.39,0.43,0.43,0.00,2029.06,0.00,1.00,122.11,2031.99,2032.40,2032.72,2032.19,2032.50,-0.232,1.41,38.33,28.76,24.13,-1.23,-0.53,-0.71,2032.07,2027.06,1851,970,14.3,85.7,15,1,CROSS=EMA9<EMA21;TREND=1;STRUCT=1;VOL=1;COOL=1;EMA50=1;VWAP=1;BIAS=1,2.16,-0.57,25757.19,25757.19,stopped at a trailed level
87,2024.02.12 01:00:00,2024.02.12 03:30:00,DAY_SUMMARY,XAUUSD,M15,22,FLAT,NA,DAY,0,0.00,0.00,0.00,0.00,1.00,0.00,0.00,0.00,0.00,0.00,0.00,0.00,0.00,0.00,0.00,0.00,-0.00,-10.19,2026.45,2028.51,2030.36,2026.54,2028.60,-1.647,1.12,15.21,45.73,41.81,-0.28,-0.39,0.10,2028.15,2024.26,284,606,14.3,57.1,10,1,CROSS=EMA9<EMA21;TREND=1;STRUCT=1;VOL=1;COOL=1;EMA50=1;VWAP=1;BIAS=1,0.00,0.00,25757.19,25757.19,2024.02.09 trades=2 W=1 L=1 gross_profit=122.11 gross_loss=132.30 net=-10.19 PF=0.92
88,2024.02.12 01:00:00,2024.02.12 03:30:00,WEEK_SUMMARY,XAUUSD,M15,22,FLAT,NA,DAY,0,0.00,0.00,0.00,0.00,1.00,0.00,0.00,0.00,0.00,0.00,0.00,0.00,0.00,0.00,0.00,0.00,-1.01,-153.88,2026.45,2028.51,2030.36,2026.54,2028.60,-1.647,1.12,15.21,45.73,41.81,-0.28,-0.39,0.10,2028.15,2024.26,284,606,14.3,57.1,10,1,CROSS=EMA9<EMA21;TREND=1;STRUCT=1;VOL=1;COOL=1;EMA50=1;VWAP=1;BIAS=1,0.00,0.00,25757.19,25757.19,days=3 trades=4 W=1 L=3 gross_profit=122.11 gross_loss=275.99 net=-153.88 PF=0.44 pips=-485.0
89,2024.02.13 11:15:00,2024.02.13 13:45:00,ENTRY,XAUUSD,M15,24,BUY,FULLTGT,DAY,0,2025.29,2023.14,2023.14,2.15,1.00,2.15,2027.44,2029.60,2031.75,2033.91,2036.06,0.59,0.59,0.59,2025.29,0.00,0.00,0.00,2021.50,2021.49,2023.45,2021.35,2021.41,-1.823,1.08,62.54,70.01,55.31,1.60,1.42,0.18,2022.36,2025.24,823,519,85.7,14.3,5,1,CROSS=EMA9>EMA21;TREND=1;STRUCT=1;VOL=1;COOL=1;EMA50=1;VWAP=1;BIAS=1,0.00,0.00,25755.12,25752.17,KZ=LONDON; KZR=NY L @ 2014.92 75 bars ago (low taken); DAY 12AM-4PM IST session: stop x1.00 of usual; no partials; full size to TP5; SL steps BE->TP1->TP2->TP3
90,2024.02.13 12:45:24,2024.02.13 15:15:24,SL_MOVE,XAUUSD,M15,24,BUY,FULLTGT,DAY,0,2025.29,2023.14,2025.29,2.15,1.00,2.15,2027.44,2029.60,2031.75,2033.91,2036.06,0.59,0.00,0.59,2025.29,1.00,0.00,0.00,2022.58,2022.06,2023.63,2022.39,2021.95,-1.543,1.02,69.56,77.49,64.16,1.65,1.61,0.03,2023.19,2027.12,600,658,85.7,0.0,5,1,CROSS=EMA9>EMA21;TREND=1;STRUCT=1;VOL=1;COOL=1;EMA50=1;VWAP=1;BIAS=1,0.98,-0.05,25755.12,25883.15,stop to breakeven
91,2024.02.13 12:45:24,2024.02.13 15:15:24,TP1_REACHED,XAUUSD,M15,24,BUY,FULLTGT,DAY,0,2025.29,2023.14,2025.29,2.15,1.00,2.15,2027.44,2029.60,2031.75,2033.91,2036.06,0.59,0.00,0.59,2027.44,1.00,1.00,0.00,2022.58,2022.06,2023.63,2022.39,2021.95,-1.543,1.02,69.56,77.49,64.16,1.65,1.61,0.03,2023.19,2027.12,600,658,85.7,0.0,5,1,CROSS=EMA9>EMA21;TREND=1;STRUCT=1;VOL=1;COOL=1;EMA50=1;VWAP=1;BIAS=1,0.98,-0.05,25755.12,25883.15,full target: no partial booked
92,2024.02.13 15:27:38,2024.02.13 17:57:38,SL_MOVE,XAUUSD,M15,24,BUY,FULLTGT,EVENING,0,2025.29,2023.14,2027.44,2.15,1.00,2.15,2027.44,2029.60,2031.75,2033.91,2036.06,0.59,0.00,0.59,2027.44,2.00,0.00,0.00,2024.40,2023.15,2024.05,2024.23,2023.04,-0.760,1.19,55.77,67.91,57.25,1.48,1.61,-0.13,2024.67,2028.53,1450,805,85.7,14.3,5,1,CROSS=EMA9>EMA21;TREND=1;STRUCT=1;VOL=1;COOL=1;EMA50=1;VWAP=1;BIAS=1,1.99,-0.05,25755.12,26010.00,stop trailed to TP1
93,2024.02.13 15:27:38,2024.02.13 17:57:38,TP2_REACHED,XAUUSD,M15,24,BUY,FULLTGT,EVENING,0,2025.29,2023.14,2027.44,2.15,1.00,2.15,2027.44,2029.60,2031.75,2033.91,2036.06,0.59,0.00,0.59,2029.60,2.00,2.00,0.00,2024.40,2023.15,2024.05,2024.23,2023.04,-0.760,1.19,55.77,67.91,57.25,1.48,1.61,-0.13,2024.67,2028.53,1450,805,85.7,14.3,5,1,CROSS=EMA9>EMA21;TREND=1;STRUCT=1;VOL=1;COOL=1;EMA50=1;VWAP=1;BIAS=1,1.99,-0.05,25755.12,26010.00,full target: no partial booked
94,2024.02.13 15:30:15,2024.02.13 18:00:15,SL_MOVE,XAUUSD,M15,24,BUY,FULLTGT,EVENING,0,2025.29,2023.14,2029.60,2.15,1.00,2.15,2027.44,2029.60,2031.75,2033.91,2036.06,0.59,0.00,0.59,2029.60,3.00,0.00,0.00,2024.60,2023.27,2024.11,2024.40,2023.15,-0.642,1.29,54.70,72.04,63.60,1.51,1.60,-0.09,2024.92,2029.50,1710,851,85.7,14.3,5,1,CROSS=EMA9>EMA21;TREND=1;STRUCT=1;VOL=1;COOL=1;EMA50=1;VWAP=1;BIAS=1,2.98,-0.05,25755.12,26141.57,stop trailed to TP2
95,2024.02.13 15:30:15,2024.02.13 18:00:15,TP3_REACHED,XAUUSD,M15,24,BUY,FULLTGT,EVENING,0,2025.29,2023.14,2029.60,2.15,1.00,2.15,2027.44,2029.60,2031.75,2033.91,2036.06,0.59,0.00,0.59,2031.75,3.00,3.00,0.00,2024.60,2023.27,2024.11,2024.40,2023.15,-0.642,1.29,54.70,72.04,63.60,1.51,1.60,-0.09,2024.92,2029.50,1710,851,85.7,14.3,5,1,CROSS=EMA9>EMA21;TREND=1;STRUCT=1;VOL=1;COOL=1;EMA50=1;VWAP=1;BIAS=1,2.98,-0.05,25755.12,26141.57,full target: no partial booked
96,2024.02.13 15:30:18,2024.02.13 18:00:18,EXIT_TRAIL_SL,XAUUSD,M15,24,BUY,FULLTGT,EVENING,0,2025.29,2023.14,2029.60,2.15,1.00,2.15,2027.44,2029.60,2031.75,2033.91,2036.06,0.59,0.59,0.00,2029.37,0.00,1.89,236.58,2024.60,2023.27,2024.11,2024.40,2023.15,-0.642,1.29,54.70,72.04,63.60,1.51,1.60,-0.09,2024.92,2029.50,1710,851,85.7,14.3,5,1,CROSS=EMA9>EMA21;TREND=1;STRUCT=1;VOL=1;COOL=1;EMA50=1;VWAP=1;BIAS=1,3.04,-0.05,25993.77,25993.77,stopped at a trailed level
97,2024.02.13 16:30:00,2024.02.13 19:00:00,ENTRY,XAUUSD,M15,26,SELL,FULLTGT,EVENING,0,2001.30,2008.93,2008.93,7.63,1.00,7.63,1993.67,1986.04,1978.41,1970.79,1963.16,0.17,0.17,0.17,2001.30,0.00,0.00,0.00,2021.64,2021.84,2023.34,2022.47,2022.26,-0.394,3.81,40.68,13.93,13.77,-4.31,-0.14,-4.17,2020.23,2001.36,2455,1261,0.0,100.0,6,1,CROSS=EMA9<EMA21;TREND=1;STRUCT=1;VOL=1;COOL=1;EMA50=1;VWAP=1;BIAS=1,0.00,0.00,25993.17,25992.15,KZ=NY; KZR=Asia L @ 2016.92 3 bars ago (low taken); EVENING 4PM-12AM IST session: stop x1.00 of usual; no partials; full size to TP5; SL steps BE->TP1->TP2->TP3
98,2024.02.13 16:55:18,2024.02.13 19:25:18,SL_MOVE,XAUUSD,M15,26,SELL,FULLTGT,EVENING,0,2001.30,2008.93,2001.30,7.63,1.00,7.63,1993.67,1986.04,1978.41,1970.79,1963.16,0.17,0.00,0.17,2001.30,1.00,0.00,0.00,2020.69,2021.36,2023.09,2021.64,2021.84,-0.419,4.12,40.84,12.21,9.34,-5.49,-0.93,-4.56,2018.79,1997.58,2913,1367,0.0,100.0,6,1,CROSS=EMA9<EMA21;TREND=1;STRUCT=1;VOL=1;COOL=1;EMA50=1;VWAP=1;BIAS=1,1.00,-0.01,25993.17,26122.88,stop to breakeven
99,2024.02.13 16:55:18,2024.02.13 19:25:18,TP1_REACHED,XAUUSD,M15,26,SELL,FULLTGT,EVENING,0,2001.30,2008.93,2001.30,7.63,1.00,7.63,1993.67,1986.04,1978.41,1970.79,1963.16,0.17,0.00,0.17,1993.67,1.00,1.00,0.00,2020.69,2021.36,2023.09,2021.64,2021.84,-0.419,4.12,40.84,12.21,9.34,-5.49,-0.93,-4.56,2018.79,1997.58,2913,1367,0.0,100.0,6,1,CROSS=EMA9<EMA21;TREND=1;STRUCT=1;VOL=1;COOL=1;EMA50=1;VWAP=1;BIAS=1,1.00,-0.01,25993.17,26122.88,full target: no partial booked
100,2024.02.14 01:00:00,2024.02.14 03:30:00,DAY_SUMMARY,XAUUSD,M15,26,SELL,FULLTGT,DAY,0,2001.30,2008.93,2001.30,7.63,1.00,7.63,1993.67,1986.04,1978.41,1970.79,1963.16,0.17,0.00,0.00,0.00,0.00,1.89,236.58,2001.83,2009.00,2015.59,2002.19,2009.33,-6.157,1.07,19.49,35.20,49.97,-2.79,-3.73,0.94,2007.73,1992.95,180,769,14.3,57.1,7,1,CROSS=EMA9<EMA21;TREND=1;STRUCT=1;VOL=1;COOL=1;EMA50=1;VWAP=1;BIAS=1,1.46,-0.01,25993.17,26133.17,2024.02.13 trades=1 W=1 L=0 gross_profit=236.58 gross_loss=0.00 net=236.58 PF=0.00
101,2024.02.14 17:01:29,2024.02.14 19:31:29,SL_MOVE,XAUUSD,M15,26,SELL,FULLTGT,EVENING,0,2001.30,2008.93,1993.67,7.63,1.00,7.63,1993.67,1986.04,1978.41,1970.79,1963.16,0.17,0.00,0.17,1993.67,2.00,0.00,0.00,1991.73,1996.08,2004.07,1991.91,1996.25,-3.194,2.50,14.89,37.60,36.22,-0.47,-0.21,-0.26,1990.75,1987.41,2439,1275,0.0,85.7,5,1,CROSS=EMA9<EMA21;TREND=1;STRUCT=1;VOL=1;COOL=1;EMA50=1;VWAP=1;BIAS=1,2.00,-0.01,25993.17,26260.16,stop trailed to TP1
102,2024.02.14 17:01:29,2024.02.14 19:31:29,TP2_REACHED,XAUUSD,M15,26,SELL,FULLTGT,EVENING,0,2001.30,2008.93,1993.67,7.63,1.00,7.63,1993.67,1986.04,1978.41,1970.79,1963.16,0.17,0.00,0.17,1986.04,2.00,2.00,0.00,1991.73,1996.08,2004.07,1991.91,1996.25,-3.194,2.50,14.89,37.60,36.22,-0.47,-0.21,-0.26,1990.75,1987.41,2439,1275,0.0,85.7,5,1,CROSS=EMA9<EMA21;TREND=1;STRUCT=1;VOL=1;COOL=1;EMA50=1;VWAP=1;BIAS=1,2.00,-0.01,25993.17,26260.16,full target: no partial booked
103,2024.02.14 18:54:40,2024.02.14 21:24:40,EXIT_TRAIL_SL,XAUUSD,M15,26,SELL,FULLTGT,EVENING,0,2001.30,2008.93,1993.67,7.63,1.00,7.63,1993.67,1986.04,1978.41,1970.79,1963.16,0.17,0.17,0.00,1993.68,0.00,1.00,135.91,1990.94,1995.08,2003.01,1990.96,1995.17,-2.513,3.16,24.95,52.68,57.81,-0.47,-0.72,0.25,1990.18,1990.65,1636,1682,57.1,14.3,5,1,CROSS=EMA9<EMA21;TREND=1;STRUCT=1;VOL=1;COOL=1;EMA50=1;VWAP=1;BIAS=1,2.23,-0.01,26129.68,26129.68,stopped at a trailed level
104,2024.02.15 01:00:00,2024.02.15 03:30:00,DAY_SUMMARY,XAUUSD,M15,26,FLAT,NA,DAY,0,0.00,0.00,0.00,0.00,1.00,0.00,0.00,0.00,0.00,0.00,0.00,0.00,0.00,0.00,0.00,0.00,1.00,135.91,1991.33,1993.92,2000.87,1991.29,1993.95,-5.798,1.20,23.83,54.30,59.93,0.14,0.12,0.02,1990.62,1992.10,271,853,57.1,14.3,45,1,CROSS=EMA9<EMA21;TREND=1;STRUCT=1;VOL=1;COOL=1;EMA50=1;VWAP=1;BIAS=1,0.00,0.00,26129.68,26129.68,2024.02.14 trades=1 W=1 L=0 gross_profit=135.91 gross_loss=0.00 net=135.91 PF=0.00
105,2024.02.15 13:45:00,2024.02.15 16:15:00,SKIP,XAUUSD,M15,26,FLAT,NA,EVENING,0,0.00,0.00,0.00,0.00,1.00,0.00,0.00,0.00,0.00,0.00,0.00,0.00,0.00,0.00,0.00,0.00,0.00,0.00,1994.06,1994.02,1998.08,1993.93,1993.95,-3.556,1.14,33.97,64.83,62.62,1.01,0.98,0.03,1994.28,1997.14,664,756,85.7,0.0,5,1,CROSS=EMA9<EMA21;TREND=1;STRUCT=1;VOL=1;COOL=1;EMA50=1;VWAP=1;BIAS=1,0.00,0.00,26129.68,26129.68,outside the killzone window
106,2024.02.19 01:00:00,2024.02.19 03:30:00,WEEK_SUMMARY,XAUUSD,M15,26,FLAT,NA,DAY,0,0.00,0.00,0.00,0.00,1.00,0.00,0.00,0.00,0.00,0.00,0.00,0.00,0.00,0.00,0.00,0.00,2.89,372.49,2009.37,2006.66,2004.25,2009.22,2006.52,2.010,1.20,24.74,57.66,52.25,1.38,1.70,-0.32,2006.12,2013.18,246,797,57.1,14.3,7,1,CROSS=EMA9<EMA21;TREND=1;STRUCT=1;VOL=1;COOL=1;EMA50=1;VWAP=1;BIAS=1,0.00,0.00,26129.68,26129.68,days=2 trades=2 W=2 L=0 gross_profit=372.49 gross_loss=0.00 net=372.49 PF=0.00 pips=1170.0
107,2024.02.21 22:30:00,2024.02.22 01:00:00,SKIP,XAUUSD,M15,26,FLAT,NA,DAY,0,0.00,0.00,0.00,0.00,1.00,0.00,0.00,0.00,0.00,0.00,0.00,0.00,0.00,0.00,0.00,0.00,0.00,0.00,2026.25,2026.26,2023.84,2026.29,2026.28,1.201,2.01,20.01,49.51,53.21,-0.54,-1.11,0.57,2027.02,2025.36,912,1264,28.6,42.9,5,1,CROSS=EMA9<EMA21;TREND=1;STRUCT=1;VOL=1;COOL=1;EMA50=1;VWAP=1;BIAS=1,0.00,0.00,26129.68,26129.68,outside the killzone window
108,2024.02.22 04:15:00,2024.02.22 06:45:00,ENTRY,XAUUSD,M15,28,BUY,FULLTGT,DAY,0,2027.31,2025.03,2025.03,2.28,1.00,2.28,2029.59,2031.86,2034.14,2036.41,2038.69,0.57,0.57,0.57,2027.31,0.00,0.00,0.00,2026.22,2026.21,2024.23,2026.18,2026.19,1.745,1.14,26.17,58.65,52.71,0.47,0.23,0.24,2026.77,2027.27,757,521,100.0,0.0,5,1,CROSS=EMA9>EMA21;TREND=1;STRUCT=1;VOL=1;COOL=1;EMA50=1;VWAP=1;BIAS=1,0.00,0.00,26127.68,26124.83,KZ=ASIA; KZR=London H @ 2030.20 52 bars ago (high taken); DAY 12AM-4PM IST session: stop x1.00 of usual; no partials; full size to TP5; SL steps BE->TP1->TP2->TP3
109,2024.02.22 07:08:35,2024.02.22 09:38:35,SL_MOVE,XAUUSD,M15,28,BUY,FULLTGT,DAY,0,2027.31,2025.03,2027.31,2.28,1.00,2.28,2029.59,2031.86,2034.14,2036.41,2038.69,0.57,0.00,0.57,2027.31,1.00,0.00,0.00,2026.64,2026.44,2024.55,2026.55,2026.39,1.719,1.10,24.58,65.39,70.86,0.54,0.43,0.11,2026.96,2028.84,280,443,71.4,0.0,5,1,CROSS=EMA9>EMA21;TREND=1;STRUCT=1;VOL=1;COOL=1;EMA50=1;VWAP=1;BIAS=1,0.99,-0.76,26127.68,26259.35,stop to breakeven
110,2024.02.22 07:08:35,2024.02.22 09:38:35,TP1_REACHED,XAUUSD,M15,28,BUY,FULLTGT,DAY,0,2027.31,2025.03,2027.31,2.28,1.00,2.28,2029.59,2031.86,2034.14,2036.41,2038.69,0.57,0.00,0.57,2029.59,1.00,1.00,0.00,2026.64,2026.44,2024.55,2026.55,2026.39,1.719,1.10,24.58,65.39,70.86,0.54,0.43,0.11,2026.96,2028.84,280,443,71.4,0.0,5,1,CROSS=EMA9>EMA21;TREND=1;STRUCT=1;VOL=1;COOL=1;EMA50=1;VWAP=1;BIAS=1,0.99,-0.76,26127.68,26259.35,full target: no partial booked
111,2024.02.22 09:52:26,2024.02.22 12:22:26,SL_MOVE,XAUUSD,M15,28,BUY,FULLTGT,DAY,0,2027.31,2025.03,2029.59,2.28,1.00,2.28,2029.59,2031.86,2034.14,2036.41,2038.69,0.57,0.00,0.57,2029.59,2.00,0.00,0.00,2027.72,2027.07,2025.08,2027.59,2027.00,1.725,1.15,26.47,65.86,62.54,0.97,0.84,0.13,2027.91,2030.79,947,405,100.0,0.0,8,1,CROSS=EMA9>EMA21;TREND=1;STRUCT=1;VOL=1;COOL=1;EMA50=1;VWAP=1;BIAS=1,2.00,-0.76,26127.68,26388.74,stop trailed to TP1
112,2024.02.22 09:52:26,2024.02.22 12:22:26,TP2_REACHED,XAUUSD,M15,28,BUY,FULLTGT,DAY,0,2027.31,2025.03,2029.59,2.28,1.00,2.28,2029.59,2031.86,2034.14,2036.41,2038.69,0.57,0.00,0.57,2031.86,2.00,2.00,0.00,2027.72,2027.07,2025.08,2027.59,2027.00,1.725,1.15,26.47,65.86,62.54,0.97,0.84,0.13,2027.91,2030.79,947,405,100.0,0.0,8,1,CROSS=EMA9>EMA21;TREND=1;STRUCT=1;VOL=1;COOL=1;EMA50=1;VWAP=1;BIAS=1,2.00,-0.76,26127.68,26388.74,full target: no partial booked
113,2024.02.22 10:07:27,2024.02.22 12:37:27,SL_MOVE,XAUUSD,M15,28,BUY,FULLTGT,DAY,0,2027.31,2025.03,2031.86,2.28,1.00,2.28,2029.59,2031.86,2034.14,2036.41,2038.69,0.57,0.00,0.57,2031.86,3.00,0.00,0.00,2027.87,2027.16,2025.15,2027.72,2027.07,1.727,1.17,30.24,68.94,70.99,1.06,0.87,0.19,2028.11,2031.52,911,429,100.0,0.0,10,1,CROSS=EMA9>EMA21;TREND=1;STRUCT=1;VOL=1;COOL=1;EMA50=1;VWAP=1;BIAS=1,2.99,-0.76,26127.68,26517.56,stop trailed to TP2
114,2024.02.22 10:07:27,2024.02.22 12:37:27,TP3_REACHED,XAUUSD,M15,28,BUY,FULLTGT,DAY,0,2027.31,2025.03,2031.86,2.28,1.00,2.28,2029.59,2031.86,2034.14,2036.41,2038.69,0.57,0.00,0.57,2034.14,3.00,3.00,0.00,2027.87,2027.16,2025.15,2027.72,2027.07,1.727,1.17,30.24,68.94,70.99,1.06,0.87,0.19,2028.11,2031.52,911,429,100.0,0.0,10,1,CROSS=EMA9>EMA21;TREND=1;STRUCT=1;VOL=1;COOL=1;EMA50=1;VWAP=1;BIAS=1,2.99,-0.76,26127.68,26517.56,full target: no partial booked
115,2024.02.22 10:34:38,2024.02.22 13:04:38,EXIT_TRAIL_SL,XAUUSD,M15,28,BUY,FULLTGT,DAY,0,2027.31,2025.03,2031.86,2.28,1.00,2.28,2029.59,2031.86,2034.14,2036.41,2038.69,0.57,0.57,0.00,2031.84,0.00,1.99,254.21,2028.32,2027.42,2025.32,2028.11,2027.30,1.484,1.42,38.95,74.08,70.53,1.48,1.01,0.47,2029.01,2033.68,1860,560,85.7,14.3,8,1,CROSS=EMA9>EMA21;TREND=1;STRUCT=1;VOL=1;COOL=1;EMA50=1;VWAP=1;BIAS=1,3.30,-0.76,26383.89,26383.89,stopped at a trailed level
116,2024.02.22 17:45:00,2024.02.22 20:15:00,ENTRY,XAUUSD,M15,30,SELL,FULLTGT,EVENING,0,2023.52,2029.28,2029.28,5.76,1.00,5.76,2017.76,2012.00,2006.24,2000.49,1994.73,0.22,0.22,0.22,2023.52,0.00,0.00,0.00,2027.45,2027.46,2025.92,2027.61,2027.53,0.532,2.88,51.55,40.20,47.19,-1.75,-1.18,-0.57,2027.62,2023.55,1913,1487,14.3,85.7,5,1,CROSS=EMA9<EMA21;TREND=1;STRUCT=1;VOL=1;COOL=1;EMA50=1;VWAP=1;BIAS=1,0.00,0.00,26383.12,26382.02,KZ=NY; KZR=Asia H @ 2032.27 30 bars ago (high taken); EVENING 4PM-12AM IST session: stop x1.00 of usual; no partials; full size to TP5; SL steps BE->TP1->TP2->TP3
117,2024.02.23 01:00:00,2024.02.23 03:30:00,DAY_SUMMARY,XAUUSD,M15,30,SELL,FULLTGT,DAY,0,2023.52,2029.28,2029.28,5.76,1.00,5.76,2017.76,2012.00,2006.24,2000.49,1994.73,0.22,0.00,0.00,0.00,0.00,1.99,254.21,2024.75,2025.73,2025.28,2024.77,2025.76,0.453,0.99,22.48,52.45,54.63,-0.03,-0.44,0.41,2026.22,2024.27,159,769,42.9,28.6,8,1,CROSS=EMA9<EMA21;TREND=1;STRUCT=1;VOL=1;COOL=1;EMA50=1;VWAP=1;BIAS=1,0.67,-0.28,26383.12,26374.66,2024.02.22 trades=1 W=1 L=0 gross_profit=254.21 gross_loss=0.00 net=254.21 PF=0.00
118,2024.02.23 11:22:28,2024.02.23 13:52:28,SL_MOVE,XAUUSD,M15,30,SELL,FULLTGT,DAY,0,2023.52,2029.28,2023.52,5.76,1.00,5.76,2017.76,2012.00,2006.24,2000.49,1994.73,0.22,0.00,0.22,2023.52,1.00,0.00,0.00,2023.21,2024.40,2024.72,2023.39,2024.52,-0.195,1.63,25.10,32.15,35.43,-1.43,-1.27,-0.16,2023.04,2018.81,816,571,0.0,100.0,5,1,CROSS=EMA9<EMA21;TREND=1;STRUCT=1;VOL=1;COOL=1;EMA50=1;VWAP=1;BIAS=1,1.00,-0.69,26383.12,26519.86,stop to breakeven
119,2024.02.23 11:22:28,2024.02.23 13:52:28,TP1_REACHED,XAUUSD,M15,30,SELL,FULLTGT,DAY,0,2023.52,2029.28,2023.52,5.76,1.00,5.76,2017.76,2012.00,2006.24,2000.49,1994.73,0.22,0.00,0.22,2017.76,1.00,1.00,0.00,2023.21,2024.40,2024.72,2023.39,2024.52,-0.195,1.63,25.10,32.15,35.43,-1.43,-1.27,-0.16,2023.04,2018.81,816,571,0.0,100.0,5,1,CROSS=EMA9<EMA21;TREND=1;STRUCT=1;VOL=1;COOL=1;EMA50=1;VWAP=1;BIAS=1,1.00,-0.69,26383.12,26519.86,full target: no partial booked
120,2024.02.23 13:22:27,2024.02.23 15:52:27,EXIT_BE,XAUUSD,M15,30,SELL,FULLTGT,DAY,0,2023.52,2029.28,2023.52,5.76,1.00,5.76,2017.76,2012.00,2006.24,2000.49,1994.73,0.22,0.22,0.00,2023.54,0.00,-0.00,7.82,2022.25,2023.69,2024.32,2022.23,2023.71,-0.366,1.72,30.15,56.92,68.37,-0.63,-1.41,0.77,2022.09,2022.69,1007,815,71.4,28.6,5,1,CROSS=EMA9<EMA21;TREND=1;STRUCT=1;VOL=1;COOL=1;EMA50=1;VWAP=1;BIAS=1,1.29,-0.69,26391.71,26391.71,stopped at breakeven
121,2024.02.23 18:15:00,2024.02.23 20:45:00,SKIP,XAUUSD,M15,30,FLAT,NA,EVENING,0,0.00,0.00,0.00,0.00,1.00,0.00,0.00,0.00,0.00,0.00,0.00,0.00,0.00,0.00,0.00,0.00,0.00,0.00,2024.75,2024.65,2024.72,2024.40,2024.48,-0.026,2.59,34.30,74.36,77.91,1.88,1.29,0.59,2024.49,2033.38,1833,1459,100.0,0.0,5,1,CROSS=EMA9<EMA21;TREND=1;STRUCT=1;VOL=1;COOL=1;EMA50=1;VWAP=1;BIAS=1,0.00,0.00,26391.71,26391.71,outside the killzone window
122,2024.02.26 01:00:00,2024.02.26 03:30:00,DAY_SUMMARY,XAUUSD,M15,30,FLAT,NA,DAY,0,0.00,0.00,0.00,0.00,1.00,0.00,0.00,0.00,0.00,0.00,0.00,0.00,0.00,0.00,0.00,0.00,-0.00,7.82,2032.26,2029.32,2027.32,2032.13,2029.20,1.748,1.15,44.12,52.45,39.39,1.26,2.14,-0.88,2027.88,2035.52,241,755,57.1,28.6,8,1,CROSS=EMA9<EMA21;TREND=1;STRUCT=1;VOL=1;COOL=1;EMA50=1;VWAP=1;BIAS=1,0.00,0.00,26391.71,26391.71,2024.02.23 trades=1 W=1 L=0 gross_profit=7.82 gross_loss=0.00 net=7.82 PF=0.00
123,2024.02.26 01:00:00,2024.02.26 03:30:00,WEEK_SUMMARY,XAUUSD,M15,30,FLAT,NA,DAY,0,0.00,0.00,0.00,0.00,1.00,0.00,0.00,0.00,0.00,0.00,0.00,0.00,0.00,0.00,0.00,0.00,1.99,262.03,2032.26,2029.32,2027.32,2032.13,2029.20,1.748,1.15,44.12,52.45,39.39,1.26,2.14,-0.88,2027.88,2035.52,241,755,57.1,28.6,8,1,CROSS=EMA9<EMA21;TREND=1;STRUCT=1;VOL=1;COOL=1;EMA50=1;VWAP=1;BIAS=1,0.00,0.00,26391.71,26391.71,days=2 trades=2 W=2 L=0 gross_profit=262.03 gross_loss=0.00 net=262.03 PF=0.00 pips=451.0
124,2024.02.26 19:00:00,2024.02.26 21:30:00,SKIP,XAUUSD,M15,30,FLAT,NA,EVENING,0,0.00,0.00,0.00,0.00,1.00,0.00,0.00,0.00,0.00,0.00,0.00,0.00,0.00,0.00,0.00,0.00,0.00,0.00,2030.98,2031.01,2029.63,2031.11,2031.08,0.561,2.47,14.73,41.07,48.01,-1.45,-1.46,0.00,2031.45,2027.81,1085,1300,14.3,57.1,5,1,CROSS=EMA9<EMA21;TREND=1;STRUCT=1;VOL=1;COOL=1;EMA50=1;VWAP=1;BIAS=1,0.00,0.00,26391.71,26391.71,outside the killzone window
125,2024.02.27 02:30:00,2024.02.27 05:00:00,ENTRY,XAUUSD,M15,32,BUY,FULLTGT,DAY,0,2032.02,2030.12,2030.12,1.90,1.00,1.90,2033.92,2035.83,2037.73,2039.64,2041.54,0.69,0.69,0.69,2032.02,0.00,0.00,0.00,2030.87,2030.87,2029.84,2030.83,2030.85,1.075,0.95,21.18,57.72,57.47,0.48,0.51,-0.02,2031.54,2031.97,336,446,57.1,14.3,5,1,CROSS=EMA9>EMA21;TREND=1;STRUCT=1;VOL=1;COOL=1;EMA50=1;VWAP=1;BIAS=1,0.00,0.00,26389.29,26385.84,KZ=ASIA; KZR=Asia H @ 2034.25 69 bars ago (high taken); DAY 12AM-4PM IST session: stop x1.00 of usual; no partials; full size to TP5; SL steps BE->TP1->TP2->TP3
126,2024.02.27 04:34:41,2024.02.27 07:04:41,SL_MOVE,XAUUSD,M15,32,BUY,FULLTGT,DAY,0,2032.02,2030.12,2032.02,1.90,1.00,1.90,2033.92,2035.83,2037.73,2039.64,2041.54,0.69,0.00,0.69,2032.02,1.00,0.00,0.00,2031.40,2031.15,2030.07,2031.33,2031.11,1.254,0.86,31.89,59.26,53.58,0.75,0.58,0.17,2032.27,2033.00,309,324,85.7,0.0,5,1,CROSS=EMA9>EMA21;TREND=1;STRUCT=1;VOL=1;COOL=1;EMA50=1;VWAP=1;BIAS=1,0.99,-0.49,26389.29,26521.08,stop to breakeven
127,2024.02.27 04:34:41,2024.02.27 07:04:41,TP1_REACHED,XAUUSD,M15,32,BUY,FULLTGT,DAY,0,2032.02,2030.12,2032.02,1.90,1.00,1.90,2033.92,2035.83,2037.73,2039.64,2041.54,0.69,0.00,0.69,2033.92,1.00,1.00,0.00,2031.40,2031.15,2030.07,2031.33,2031.11,1.254,0.86,31.89,59.26,53.58,0.75,0.58,0.17,2032.27,2033.00,309,324,85.7,0.0,5,1,CROSS=EMA9>EMA21;TREND=1;STRUCT=1;VOL=1;COOL=1;EMA50=1;VWAP=1;BIAS=1,0.99,-0.49,26389.29,26521.08,full target: no partial booked
128,2024.02.27 09:35:26,2024.02.27 12:05:26,SL_MOVE,XAUUSD,M15,32,BUY,FULLTGT,DAY,0,2032.02,2030.12,2033.92,1.90,1.00,1.90,2033.92,2035.83,2037.73,2039.64,2041.54,0.69,0.00,0.69,2033.92,2.00,0.00,0.00,2032.65,2031.97,2030.71,2032.56,2031.91,1.513,0.83,31.05,63.56,65.47,0.56,0.50,0.06,2033.05,2034.90,467,297,100.0,0.0,5,1,CROSS=EMA9>EMA21;TREND=1;STRUCT=1;VOL=1;COOL=1;EMA50=1;VWAP=1;BIAS=1,2.00,-0.49,26389.29,26653.56,stop trailed to TP1
129,2024.02.27 09:35:26,2024.02.27 12:05:26,TP2_REACHED,XAUUSD,M15,32,BUY,FULLTGT,DAY,0,2032.02,2030.12,2033.92,1.90,1.00,1.90,2033.92,2035.83,2037.73,2039.64,2041.54,0.69,0.00,0.69,2035.83,2.00,2.00,0.00,2032.65,2031.97,2030.71,2032.56,2031.91,1.513,0.83,31.05,63.56,65.47,0.56,0.50,0.06,2033.05,2034.90,467,297,100.0,0.0,5,1,CROSS=EMA9>EMA21;TREND=1;STRUCT=1;VOL=1;COOL=1;EMA50=1;VWAP=1;BIAS=1,2.00,-0.49,26389.29,26653.56,full target: no partial booked
130,2024.02.27 10:30:40,2024.02.27 13:00:40,SL_MOVE,XAUUSD,M15,32,BUY,FULLTGT,DAY,0,2032.02,2030.12,2035.83,1.90,1.00,1.90,2033.92,2035.83,2037.73,2039.64,2041.54,0.69,0.00,0.69,2035.83,3.00,0.00,0.00,2033.17,2032.29,2030.92,2033.00,2032.19,1.358,1.01,35.92,71.95,71.62,0.95,0.62,0.33,2033.73,2037.36,924,395,100.0,0.0,5,1,CROSS=EMA9>EMA21;TREND=1;STRUCT=1;VOL=1;COOL=1;EMA50=1;VWAP=1;BIAS=1,2.99,-0.49,26389.29,26784.66,stop trailed to TP2
131,2024.02.27 10:30:40,2024.02.27 13:00:40,TP3_REACHED,XAUUSD,M15,32,BUY,FULLTGT,DAY,0,2032.02,2030.12,2035.83,1.90,1.00,1.90,2033.92,2035.83,2037.73,2039.64,2041.54,0.69,0.00,0.69,2037.73,3.00,3.00,0.00,2033.17,2032.29,2030.92,2033.00,2032.19,1.358,1.01,35.92,71.95,71.62,0.95,0.62,0.33,2033.73,2037.36,924,395,100.0,0.0,5,1,CROSS=EMA9>EMA21;TREND=1;STRUCT=1;VOL=1;COOL=1;EMA50=1;VWAP=1;BIAS=1,2.99,-0.49,26389.29,26784.66,full target: no partial booked
132,2024.02.27 11:32:39,2024.02.27 14:02:39,EXIT_TRAIL_SL,XAUUSD,M15,32,BUY,FULLTGT,DAY,0,2032.02,2030.12,2035.83,1.90,1.00,1.90,2033.92,2035.83,2037.73,2039.64,2041.54,0.69,0.69,0.00,2035.82,0.00,2.00,257.36,2033.84,2032.71,2031.19,2033.73,2032.63,1.230,1.23,37.72,59.65,49.73,1.24,0.97,0.27,2034.55,2036.64,617,531,71.4,28.6,5,1,CROSS=EMA9>EMA21;TREND=1;STRUCT=1;VOL=1;COOL=1;EMA50=1;VWAP=1;BIAS=1,3.92,-0.49,26649.07,26649.07,stopped at a trailed level
133,2024.02.27 22:45:00,2024.02.28 01:15:00,SKIP,XAUUSD,M15,32,FLAT,NA,DAY,0,0.00,0.00,0.00,0.00,1.00,0.00,0.00,0.00,0.00,0.00,0.00,0.00,0.00,0.00,0.00,0.00,0.00,0.00,2033.24,2033.29,2032.20,2033.37,2033.36,0.723,1.51,40.01,39.97,43.97,-1.28,-0.99,-0.30,2034.58,2030.12,315,918,0.0,85.7,5,1,CROSS=EMA9>EMA21;TREND=1;STRUCT=1;VOL=1;COOL=1;EMA50=1;VWAP=1;BIAS=1,0.00,0.00,26649.07,26649.07,outside the killzone window
134,2024.02.28 01:00:00,2024.02.28 03:30:00,DAY_SUMMARY,XAUUSD,M15,32,FLAT,NA,DAY,0,0.00,0.00,0.00,0.00,1.00,0.00,0.00,0.00,0.00,0.00,0.00,0.00,0.00,0.00,0.00,0.00,2.00,257.36,2032.69,2033.00,2032.11,2032.79,2033.05,0.886,1.01,31.85,42.13,50.87,-1.07,-1.20,0.12,2034.51,2030.38,142,643,28.6,57.1,7,1,CROSS=EMA9>EMA21;TREND=1;STRUCT=1;VOL=1;COOL=1;EMA50=1;VWAP=1;BIAS=1,0.00,0.00,26649.07,26649.07,2024.02.27 trades=1 W=1 L=0 gross_profit=257.36 gross_loss=0.00 net=257.36 PF=0.00
135,2024.02.28 19:30:00,2024.02.28 22:00:00,SKIP,XAUUSD,M15,32,FLAT,NA,EVENING,0,0.00,0.00,0.00,0.00,1.00,0.00,0.00,0.00,0.00,0.00,0.00,0.00,0.00,0.00,0.00,0.00,0.00,0.00,2031.27,2031.26,2031.31,2031.17,2031.21,-0.026,1.93,28.44,57.22,52.61,1.06,1.08,-0.01,2030.96,2033.69,808,1343,71.4,14.3,5,1,CROSS=EMA9>EMA21;TREND=1;STRUCT=1;VOL=1;COOL=1;EMA50=1;VWAP=1;BIAS=1,0.00,0.00,26649.07,26649.07,outside the killzone window
136,2024.03.01 01:00:00,2024.03.01 03:30:00,MONTH_SUMMARY,XAUUSD,M15,32,FLAT,NA,DAY,0,0.00,0.00,0.00,0.00,1.00,0.00,0.00,0.00,0.00,0.00,0.00,0.00,0.00,0.00,0.00,0.00,5.08,637.04,2042.29,2039.43,2036.56,2042.22,2039.33,2.736,1.05,41.80,50.72,49.20,0.25,0.72,-0.47,2040.77,2044.12,134,668,57.1,28.6,14,1,CROSS=EMA9>EMA21;TREND=1;STRUCT=1;VOL=1;COOL=1;EMA50=1;VWAP=1;BIAS=1,0.00,0.00,26649.07,26649.07,days=9 trades=10 W=6 L=4 gross_profit=1013.99 gross_loss=376.95 net=637.04 PF=2.69 pips=892.0
137,2024.03.12 11:45:00,2024.03.12 14:15:00,ENTRY,XAUUSD,M15,34,SELL,FULLTGT,DAY,0,2177.27,2180.76,2180.76,3.49,1.00,3.49,2173.78,2170.28,2166.79,2163.29,2159.80,0.38,0.38,0.38,2177.27,0.00,0.00,0.00,2178.70,2178.72,2174.38,2178.75,2178.74,2.482,1.75,17.98,46.88,55.08,-0.72,-1.11,0.39,2178.77,2177.27,1106,912,42.9,42.9,5,1,CROSS=EMA9<EMA21;TREND=1;STRUCT=1;VOL=1;COOL=1;EMA50=1;VWAP=1;BIAS=1,0.00,0.00,26647.74,26645.84,KZ=LONDON; KZR=London H @ 2183.13 76 bars ago (high taken); DAY 12AM-4PM IST session: stop x1.00 of usual; no partials; full size to TP5; SL steps BE->TP1->TP2->TP3
138,2024.03.12 14:14:37,2024.03.12 16:44:37,SL_MOVE,XAUUSD,M15,34,SELL,FULLTGT,EVENING,0,2177.27,2180.76,2177.27,3.49,1.00,3.49,2173.78,2170.28,2166.79,2163.29,2159.80,0.38,0.00,0.38,2177.27,1.00,0.00,0.00,2178.17,2178.43,2174.61,2178.24,2178.47,2.560,1.49,18.11,44.62,36.06,-0.49,-0.45,-0.04,2178.44,2176.51,793,1083,0.0,71.4,5,1,CROSS=EMA9<EMA21;TREND=1;STRUCT=1;VOL=1;COOL=1;EMA50=1;VWAP=1;BIAS=1,1.00,-0.54,26647.74,26780.74,stop to breakeven
139,2024.03.12 14:14:37,2024.03.12 16:44:37,TP1_REACHED,XAUUSD,M15,34,SELL,FULLTGT,EVENING,0,2177.27,2180.76,2177.27,3.49,1.00,3.49,2173.78,2170.28,2166.79,2163.29,2159.80,0.38,0.00,0.38,2173.78,1.00,1.00,0.00,2178.17,2178.43,2174.61,2178.24,2178.47,2.560,1.49,18.11,44.62,36.06,-0.49,-0.45,-0.04,2178.44,2176.51,793,1083,0.0,71.4,5,1,CROSS=EMA9<EMA21;TREND=1;STRUCT=1;VOL=1;COOL=1;EMA50=1;VWAP=1;BIAS=1,1.00,-0.54,26647.74,26780.74,full target: no partial booked
140,2024.03.12 15:17:05,2024.03.12 17:47:05,SL_MOVE,XAUUSD,M15,34,SELL,FULLTGT,EVENING,0,2177.27,2180.76,2173.78,3.49,1.00,3.49,2173.78,2170.28,2166.79,2163.29,2159.80,0.38,0.00,0.38,2173.78,2.00,0.00,0.00,2177.18,2177.89,2174.51,2177.39,2178.01,1.681,2.01,26.97,27.38,35.00,-1.41,-0.81,-0.61,2177.65,2171.93,1577,1150,0.0,100.0,5,1,CROSS=EMA9<EMA21;TREND=1;STRUCT=1;VOL=1;COOL=1;EMA50=1;VWAP=1;BIAS=1,1.99,-0.54,26647.74,26913.74,stop trailed to TP1
141,2024.03.12 15:17:05,2024.03.12 17:47:05,TP2_REACHED,XAUUSD,M15,34,SELL,FULLTGT,EVENING,0,2177.27,2180.76,2173.78,3.49,1.00,3.49,2173.78,2170.28,2166.79,2163.29,2159.80,0.38,0.00,0.38,2170.28,2.00,2.00,0.00,2177.18,2177.89,2174.51,2177.39,2178.01,1.681,2.01,26.97,27.38,35.00,-1.41,-0.81,-0.61,2177.65,2171.93,1577,1150,0.0,100.0,5,1,CROSS=EMA9<EMA21;TREND=1;STRUCT=1;VOL=1;COOL=1;EMA50=1;VWAP=1;BIAS=1,1.99,-0.54,26647.74,26913.74,full target: no partial booked
142,2024.03.12 15:30:27,2024.03.12 18:00:27,SL_MOVE,XAUUSD,M15,34,SELL,FULLTGT,EVENING,0,2177.27,2180.76,2170.28,3.49,1.00,3.49,2173.78,2170.28,2166.79,2163.29,2159.80,0.38,0.00,0.38,2170.28,3.00,0.00,0.00,2176.91,2177.74,2174.47,2177.18,2177.89,1.523,2.14,29.87,22.98,33.26,-1.64,-0.94,-0.70,2177.28,2170.25,2568,1228,0.0,100.0,5,1,CROSS=EMA9<EMA21;TREND=1;STRUCT=1;VOL=1;COOL=1;EMA50=1;VWAP=1;BIAS=1,2.98,-0.54,26647.74,27047.12,stop trailed to TP2
143,2024.03.12 15:30:27,2024.03.12 18:00:27,TP3_REACHED,XAUUSD,M15,34,SELL,FULLTGT,EVENING,0,2177.27,2180.76,2170.28,3.49,1.00,3.49,2173.78,2170.28,2166.79,2163.29,2159.80,0.38,0.00,0.38,2166.79,3.00,3.00,0.00,2176.91,2177.74,2174.47,2177.18,2177.89,1.523,2.14,29.87,22.98,33.26,-1.64,-0.94,-0.70,2177.28,2170.25,2568,1228,0.0,100.0,5,1,CROSS=EMA9<EMA21;TREND=1;STRUCT=1;VOL=1;COOL=1;EMA50=1;VWAP=1;BIAS=1,2.98,-0.54,26647.74,27047.12,full target: no partial booked
144,2024.03.12 15:30:39,2024.03.12 18:00:39,SL_MOVE,XAUUSD,M15,34,SELL,FULLTGT,EVENING,0,2177.27,2180.76,2166.79,3.49,1.00,3.49,2173.78,2170.28,2166.79,2163.29,2159.80,0.38,0.00,0.38,2166.79,4.00,0.00,0.00,2176.91,2177.74,2174.47,2177.18,2177.89,1.523,2.14,29.87,22.98,33.26,-1.64,-0.94,-0.70,2177.28,2170.25,2568,1228,0.0,100.0,5,1,CROSS=EMA9<EMA21;TREND=1;STRUCT=1;VOL=1;COOL=1;EMA50=1;VWAP=1;BIAS=1,4.00,-0.54,26647.74,27181.64,stop trailed to TP3
145,2024.03.12 15:30:39,2024.03.12 18:00:39,TP4_REACHED,XAUUSD,M15,34,SELL,FULLTGT,EVENING,0,2177.27,2180.76,2166.79,3.49,1.00,3.49,2173.78,2170.28,2166.79,2163.29,2159.80,0.38,0.00,0.38,2163.29,4.00,4.00,0.00,2176.91,2177.74,2174.47,2177.18,2177.89,1.523,2.14,29.87,22.98,33.26,-1.64,-0.94,-0.70,2177.28,2170.25,2568,1228,0.0,100.0,5,1,CROSS=EMA9<EMA21;TREND=1;STRUCT=1;VOL=1;COOL=1;EMA50=1;VWAP=1;BIAS=1,4.00,-0.54,26647.74,27181.64,full target: no partial booked
146,2024.03.12 15:31:00,2024.03.12 18:01:00,EXIT_TRAIL_SL,XAUUSD,M15,34,SELL,FULLTGT,EVENING,0,2177.27,2180.76,2166.79,3.49,1.00,3.49,2173.78,2170.28,2166.79,2163.29,2159.80,0.38,0.38,0.00,2167.18,0.00,2.89,380.76,2176.91,2177.74,2174.47,2177.18,2177.89,1.523,2.14,29.87,22.98,33.26,-1.64,-0.94,-0.70,2177.28,2170.25,2568,1228,0.0,100.0,5,1,CROSS=EMA9<EMA21;TREND=1;STRUCT=1;VOL=1;COOL=1;EMA50=1;VWAP=1;BIAS=1,4.56,-0.54,27029.83,27029.83,stopped at a trailed level
147,2024.03.13 01:00:00,2024.03.13 03:30:00,DAY_SUMMARY,XAUUSD,M15,34,FLAT,NA,DAY,0,0.00,0.00,0.00,0.00,1.00,0.00,0.00,0.00,0.00,0.00,0.00,0.00,0.00,0.00,0.00,0.00,2.89,380.76,2163.52,2168.73,2170.24,2163.74,2168.95,-0.694,2.18,26.28,46.13,58.41,-2.13,-3.14,1.01,2168.57,2158.13,386,1190,28.6,57.1,5,1,CROSS=EMA9<EMA21;TREND=1;STRUCT=1;VOL=1;COOL=1;EMA50=1;VWAP=1;BIAS=1,0.00,0.00,27029.83,27029.83,2024.03.12 trades=1 W=1 L=0 gross_profit=380.76 gross_loss=0.00 net=380.76 PF=0.00
148,2024.03.13 19:15:00,2024.03.13 21:45:00,SKIP,XAUUSD,M15,34,FLAT,NA,EVENING,0,0.00,0.00,0.00,0.00,1.00,0.00,0.00,0.00,0.00,0.00,0.00,0.00,0.00,0.00,0.00,0.00,0.00,0.00,2164.24,2164.19,2166.01,2163.97,2164.05,-0.536,3.40,39.85,64.98,56.56,2.78,2.22,0.55,2163.12,2170.95,1879,2150,85.7,0.0,5,1,CROSS=EMA9<EMA21;TREND=1;STRUCT=1;VOL=1;COOL=1;EMA50=1;VWAP=1;BIAS=1,0.00,0.00,27029.83,27029.83,outside the killzone window
149,2024.03.14 16:30:00,2024.03.14 19:00:00,SKIP,XAUUSD,M15,34,FLAT,NA,EVENING,0,0.00,0.00,0.00,0.00,1.00,0.00,0.00,0.00,0.00,0.00,0.00,0.00,0.00,0.00,0.00,0.00,0.00,0.00,2169.35,2169.38,2168.94,2169.58,2169.49,0.144,3.02,44.16,33.46,42.36,-1.45,-0.71,-0.74,2169.59,2163.78,3225,1566,0.0,85.7,5,1,CROSS=EMA9<EMA21;TREND=1;STRUCT=1;VOL=1;COOL=1;EMA50=1;VWAP=1;BIAS=1,0.00,0.00,27029.83,27029.83,already positioned that way
150,2024.03.15 12:00:00,2024.03.15 14:30:00,SKIP,XAUUSD,M15,34,FLAT,NA,DAY,0,0.00,0.00,0.00,0.00,1.00,0.00,0.00,0.00,0.00,0.00,0.00,0.00,0.00,0.00,0.00,0.00,0.00,0.00,2165.38,2165.37,2166.18,2165.23,2165.29,-0.383,2.11,21.53,62.46,59.54,1.12,1.35,-0.24,2165.52,2169.09,1331,989,71.4,14.3,5,1,CROSS=EMA9<EMA21;TREND=1;STRUCT=1;VOL=1;COOL=1;EMA50=1;VWAP=1;BIAS=1,0.00,0.00,27029.83,27029.83,outside the killzone window
151,2024.03.15 16:30:00,2024.03.15 19:00:00,SKIP,XAUUSD,M15,34,FLAT,NA,EVENING,0,0.00,0.00,0.00,0.00,1.00,0.00,0.00,0.00,0.00,0.00,0.00,0.00,0.00,0.00,0.00,0.00,0.00,0.00,2165.44,2165.52,2166.16,2165.71,2165.66,-0.210,3.02,39.21,33.46,33.48,-1.72,-0.40,-1.32,2165.21,2158.86,2425,1444,0.0,100.0,5,1,CROSS=EMA9<EMA21;TREND=1;STRUCT=1;VOL=1;COOL=1;EMA50=1;VWAP=1;BIAS=1,0.00,0.00,27029.83,27029.83,already positioned that way
152,2024.03.18 01:00:00,2024.03.18 03:30:00,WEEK_SUMMARY,XAUUSD,M15,34,FLAT,NA,DAY,0,0.00,0.00,0.00,0.00,1.00,0.00,0.00,0.00,0.00,0.00,0.00,0.00,0.00,0.00,0.00,0.00,2.89,380.76,2160.84,2162.63,2164.37,2161.05,2162.77,-1.140,1.52,35.56,37.88,33.05,-1.37,-1.33,-0.04,2163.10,2155.82,430,969,0.0,85.7,7,1,CROSS=EMA9<EMA21;TREND=1;STRUCT=1;VOL=1;COOL=1;EMA50=1;VWAP=1;BIAS=1,0.00,0.00,27029.83,27029.83,days=1 trades=1 W=1 L=0 gross_profit=380.76 gross_loss=0.00 net=380.76 PF=0.00 pips=1009.0
153,2024.03.18 21:00:00,2024.03.18 23:30:00,SKIP,XAUUSD,M15,34,FLAT,NA,EVENING,0,0.00,0.00,0.00,0.00,1.00,0.00,0.00,0.00,0.00,0.00,0.00,0.00,0.00,0.00,0.00,0.00,0.00,0.00,2157.21,2157.16,2159.24,2157.09,2157.10,-0.848,2.46,18.44,55.09,53.56,0.78,0.78,-0.00,2155.59,2159.99,687,1682,57.1,14.3,5,1,CROSS=EMA9<EMA21;TREND=1;STRUCT=1;VOL=1;COOL=1;EMA50=1;VWAP=1;BIAS=1,0.00,0.00,27029.83,27029.83,outside the killzone window
154,2024.03.19 11:30:00,2024.03.19 14:00:00,SKIP,XAUUSD,M15,34,FLAT,NA,DAY,0,0.00,0.00,0.00,0.00,1.00,0.00,0.00,0.00,0.00,0.00,0.00,0.00,0.00,0.00,0.00,0.00,0.00,0.00,2158.24,2158.39,2159.27,2158.55,2158.54,-0.376,2.35,50.40,23.88,29.58,-1.96,-1.41,-0.56,2158.36,2150.68,2516,1198,0.0,100.0,5,1,CROSS=EMA9<EMA21;TREND=1;STRUCT=1;VOL=1;COOL=1;EMA50=1;VWAP=1;BIAS=1,0.00,0.00,27029.83,27029.83,already positioned that way
155,2024.03.20 04:45:00,2024.03.20 07:15:00,ENTRY,XAUUSD,M15,36,BUY,FULLTGT,DAY,0,2159.18,2156.92,2156.92,2.26,1.00,2.26,2161.44,2163.69,2165.95,2168.20,2170.46,0.59,0.59,0.59,2159.18,0.00,0.00,0.00,2156.83,2156.82,2157.68,2156.74,2156.77,-0.767,1.13,24.47,60.74,62.32,0.43,0.33,0.10,2157.68,2159.13,706,421,71.4,14.3,5,1,CROSS=EMA9>EMA21;TREND=1;STRUCT=1;VOL=1;COOL=1;EMA50=1;VWAP=1;BIAS=1,0.00,0.00,27027.76,27024.81,KZ=ASIA; KZR=NY L @ 2155.56 134 bars ago (low taken); DAY 12AM-4PM IST session: stop x1.00 of usual; no partials; full size to TP5; SL steps BE->TP1->TP2->TP3
156,2024.03.20 07:59:32,2024.03.20 10:29:32,EXIT_SL,XAUUSD,M15,36,BUY,FULLTGT,DAY,0,2159.18,2156.92,2156.92,2.26,1.00,2.26,2161.44,2163.69,2165.95,2168.20,2170.46,0.59,0.59,0.00,2156.90,0.00,-1.01,-138.66,2157.68,2157.29,2157.84,2157.64,2157.26,-0.446,1.22,17.77,52.14,31.91,0.55,0.61,-0.06,2158.31,2158.66,338,579,42.9,28.6,5,1,CROSS=EMA9>EMA21;TREND=1;STRUCT=1;VOL=1;COOL=1;EMA50=1;VWAP=1;BIAS=1,0.47,-1.00,26891.17,26891.17,stopped at the initial SL (x1.00 of usual)
157,2024.03.20 13:00:00,2024.03.20 15:30:00,ENTRY,XAUUSD,M15,38,SELL,FULLTGT,DAY,0,2154.73,2157.92,2157.92,3.19,1.00,3.19,2151.54,2148.36,2145.17,2141.99,2138.80,0.42,0.42,0.42,2154.73,0.00,0.00,0.00,2157.08,2157.10,2157.64,2157.18,2157.15,-0.337,1.59,30.95,39.57,40.92,-0.72,-0.44,-0.28,2157.44,2154.73,833,802,0.0,100.0,5,1,CROSS=EMA9<EMA21;TREND=1;STRUCT=1;VOL=1;COOL=1;EMA50=1;VWAP=1;BIAS=1,0.00,0.00,26889.70,26887.60,KZ=NY; KZR=NY L @ 2155.56 167 bars ago (low taken); DAY 12AM-4PM IST session: stop x1.00 of usual; no partials; full size to TP5; SL steps BE->TP1->TP2->TP3
158,2024.03.20 15:40:36,2024.03.20 18:10:36,SL_MOVE,XAUUSD,M15,38,SELL,FULLTGT,EVENING,0,2154.73,2157.92,2154.73,3.19,1.00,3.19,2151.54,2148.36,2145.17,2141.99,2138.80,0.42,0.00,0.42,2154.73,1.00,0.00,0.00,2156.06,2156.54,2157.29,2156.14,2156.58,-0.471,1.60,35.76,44.49,36.88,-0.93,-0.97,0.04,2156.53,2154.24,1468,1013,28.6,71.4,5,1,CROSS=EMA9<EMA21;TREND=1;STRUCT=1;VOL=1;COOL=1;EMA50=1;VWAP=1;BIAS=1,1.00,-0.18,26889.70,27023.68,stop to breakeven
159,2024.03.20 15:40:36,2024.03.20 18:10:36,TP1_REACHED,XAUUSD,M15,38,SELL,FULLTGT,EVENING,0,2154.73,2157.92,2154.73,3.19,1.00,3.19,2151.54,2148.36,2145.17,2141.99,2138.80,0.42,0.00,0.42,2151.54,1.00,1.00,0.00,2156.06,2156.54,2157.29,2156.14,2156.58,-0.471,1.60,35.76,44.49,36.88,-0.93,-0.97,0.04,2156.53,2154.24,1468,1013,28.6,71.4,5,1,CROSS=EMA9<EMA21;TREND=1;STRUCT=1;VOL=1;COOL=1;EMA50=1;VWAP=1;BIAS=1,1.00,-0.18,26889.70,27023.68,full target: no partial booked
160,2024.03.20 16:07:36,2024.03.20 18:37:36,EXIT_BE,XAUUSD,M15,38,SELL,FULLTGT,EVENING,0,2154.73,2157.92,2154.73,3.19,1.00,3.19,2151.54,2148.36,2145.17,2141.99,2138.80,0.42,0.42,0.00,2154.73,0.00,-0.00,-2.94,2155.72,2156.34,2157.18,2155.82,2156.41,-0.409,2.04,39.31,44.72,50.17,-1.17,-1.03,-0.14,2156.13,2153.19,1626,1100,28.6,71.4,5,1,CROSS=EMA9<EMA21;TREND=1;STRUCT=1;VOL=1;COOL=1;EMA50=1;VWAP=1;BIAS=1,1.60,-0.18,26888.23,26888.23,stopped at breakeven
161,2024.03.20 21:15:00,2024.03.20 23:45:00,SKIP,XAUUSD,M15,38,FLAT,NA,EVENING,0,0.00,0.00,0.00,0.00,1.00,0.00,0.00,0.00,0.00,0.00,0.00,0.00,0.00,0.00,0.00,0.00,0.00,0.00,2157.03,2156.86,2157.29,2156.58,2156.64,-0.134,3.20,26.50,72.23,70.14,1.30,0.59,0.71,2157.30,2167.90,5145,1972,100.0,0.0,5,1,CROSS=EMA9<EMA21;TREND=1;STRUCT=1;VOL=1;COOL=1;EMA50=1;VWAP=1;BIAS=1,0.00,0.00,26888.23,26888.23,outside the killzone window
162,2024.03.21 01:00:00,2024.03.21 03:30:00,DAY_SUMMARY,XAUUSD,M15,38,FLAT,NA,DAY,0,0.00,0.00,0.00,0.00,1.00,0.00,0.00,0.00,0.00,0.00,0.00,0.00,0.00,0.00,0.00,0.00,-1.01,-141.60,2166.11,2161.88,2159.88,2165.29,2161.39,0.330,6.07,55.83,75.93,65.42,7.80,6.74,1.06,2162.91,2186.24,769,2277,85.7,0.0,50,1,CROSS=EMA9<EMA21;TREND=1;STRUCT=1;VOL=1;COOL=1;EMA50=1;VWAP=1;BIAS=1,0.00,0.00,26888.23,26888.23,2024.03.20 trades=2 W=0 L=2 gross_profit=0.00 gross_loss=141.60 net=-141.60 PF=0.00
163,2024.03.22 01:15:00,2024.03.22 03:45:00,SKIP,XAUUSD,M15,38,FLAT,NA,DAY,0,0.00,0.00,0.00,0.00,1.00,0.00,0.00,0.00,0.00,0.00,0.00,0.00,0.00,0.00,0.00,0.00,0.00,0.00,2186.98,2187.05,2180.61,2187.17,2187.14,4.489,1.43,19.04,46.81,58.72,-1.62,-2.27,0.64,2182.09,2182.52,438,981,42.9,28.6,5,1,CROSS=EMA9<EMA21;TREND=1;STRUCT=1;VOL=1;COOL=1;EMA50=1;VWAP=0;BIAS=1,0.00,0.00,26888.23,26888.23,already positioned that way
164,2024.03.25 01:00:00,2024.03.25 03:30:00,WEEK_SUMMARY,XAUUSD,M15,38,FLAT,NA,DAY,0,0.00,0.00,0.00,0.00,1.00,0.00,0.00,0.00,0.00,0.00,0.00,0.00,0.00,0.00,0.00,0.00,-1.01,-141.60,2167.55,2171.76,2174.26,2167.64,2171.89,-1.285,1.95,34.79,49.41,55.03,-0.82,-1.68,0.86,2170.86,2165.27,476,1113,28.6,57.1,7,1,CROSS=EMA9<EMA21;TREND=1;STRUCT=1;VOL=1;COOL=1;EMA50=1;VWAP=0;BIAS=1,0.00,0.00,26888.23,26888.23,days=1 trades=2 W=0 L=2 gross_profit=0.00 gross_loss=141.60 net=-141.60 PF=0.00 pips=-228.0
165,2024.03.25 17:15:00,2024.03.25 19:45:00,SKIP,XAUUSD,M15,38,FLAT,NA,EVENING,0,0.00,0.00,0.00,0.00,1.00,0.00,0.00,0.00,0.00,0.00,0.00,0.00,0.00,0.00,0.00,0.00,0.00,0.00,2170.96,2170.88,2172.34,2170.60,2170.69,-0.501,2.92,31.54,68.14,66.14,2.51,1.79,0.73,2170.91,2179.92,2783,1696,100.0,0.0,5,1,CROSS=EMA9<EMA21;TREND=1;STRUCT=1;VOL=1;COOL=1;EMA50=1;VWAP=0;BIAS=1,0.00,0.00,26888.23,26888.23,outside the killzone window
166,2024.03.26 07:00:00,2024.03.26 09:30:00,SKIP,XAUUSD,M15,38,FLAT,NA,DAY,0,0.00,0.00,0.00,0.00,1.00,0.00,0.00,0.00,0.00,0.00,0.00,0.00,0.00,0.00,0.00,0.00,0.00,0.00,2171.98,2171.99,2172.56,2172.05,2172.02,-0.315,1.81,14.77,42.91,46.25,-0.72,-0.71,-0.01,2171.47,2170.36,585,965,0.0,71.4,5,1,CROSS=EMA9<EMA21;TREND=1;STRUCT=1;VOL=1;COOL=1;EMA50=1;VWAP=0;BIAS=1,0.00,0.00,26888.23,26888.23,outside the killzone window
167,2024.03.26 09:15:00,2024.03.26 11:45:00,ENTRY,XAUUSD,M15,40,BUY,FULLTGT,DAY,0,2173.36,2170.59,2170.59,2.77,1.00,2.77,2176.13,2178.90,2181.67,2184.45,2187.22,0.48,0.48,0.48,2173.36,0.00,0.00,0.00,2172.00,2171.99,2172.51,2171.95,2171.97,-0.373,1.39,35.04,58.63,59.23,0.12,-0.28,0.41,2171.63,2173.32,1046,905,100.0,0.0,5,1,CROSS=EMA9>EMA21;TREND=1;STRUCT=1;VOL=1;COOL=1;EMA50=1;VWAP=1;BIAS=1,0.00,0.00,26886.55,26884.15,KZ=LONDON; KZR=London H @ 2210.24 464 bars ago (high taken); DAY 12AM-4PM IST session: stop x1.00 of usual; no partials; full size to TP5; SL steps BE->TP1->TP2->TP3
168,2024.03.26 09:52:39,2024.03.26 12:22:39,EXIT_SL,XAUUSD,M15,40,BUY,FULLTGT,DAY,0,2173.36,2170.59,2170.59,2.77,1.00,2.77,2176.13,2178.90,2181.67,2184.45,2187.22,0.48,0.48,0.00,2170.57,0.00,-1.01,-137.28,2172.00,2171.99,2172.50,2172.01,2171.99,-0.356,1.43,32.42,50.01,42.24,0.11,-0.12,0.23,2171.68,2171.85,1266,864,57.1,42.9,5,1,CROSS=EMA9>EMA21;TREND=1;STRUCT=1;VOL=1;COOL=1;EMA50=1;VWAP=1;BIAS=1,0.05,-1.00,26750.95,26750.95,stopped at the initial SL (x1.00 of usual)
169,2024.03.26 10:15:00,2024.03.26 12:45:00,ENTRY,XAUUSD,M15,42,SELL,FULLTGT,DAY,0,2170.22,2173.05,2173.05,2.83,1.00,2.83,2167.39,2164.56,2161.73,2158.89,2156.06,0.47,0.47,0.47,2170.22,0.00,0.00,0.00,2171.91,2171.95,2172.47,2171.98,2171.98,-0.367,1.42,27.94,41.80,36.62,-0.07,-0.02,-0.05,2171.64,2170.23,1084,829,0.0,100.0,5,1,CROSS=EMA9<EMA21;TREND=1;STRUCT=1;VOL=1;COOL=1;EMA50=1;VWAP=1;BIAS=1,0.00,0.00,26749.30,26746.95,KZ=LONDON; KZR=London H @ 2210.24 468 bars ago (high taken); DAY 12AM-4PM IST session: stop x1.00 of usual; no partials; full size to TP5; SL steps BE->TP1->TP2->TP3
170,2024.03.26 10:37:35,2024.03.26 13:07:35,EXIT_SL,XAUUSD,M15,42,SELL,FULLTGT,DAY,0,2170.22,2173.05,2173.05,2.83,1.00,2.83,2167.39,2164.56,2161.73,2158.89,2156.06,0.47,0.47,0.00,2173.06,0.00,-1.00,-136.78,2171.90,2171.94,2172.46,2171.91,2171.95,-0.349,1.48,27.67,49.81,55.45,-0.06,-0.00,-0.06,2171.62,2171.67,1034,844,42.9,57.1,5,1,CROSS=EMA9<EMA21;TREND=1;STRUCT=1;VOL=1;COOL=1;EMA50=1;VWAP=1;BIAS=1,0.19,-0.99,26614.17,26614.17,stopped at the initial SL (x1.00 of usual)
171,2024.03.26 10:45:00,2024.03.26 13:15:00,ENTRY,XAUUSD,M15,44,BUY,FULLTGT,DAY,0,2173.94,2170.74,2170.74,3.20,1.00,3.20,2177.14,2180.33,2183.53,2186.73,2189.93,0.41,0.41,0.41,2173.94,0.00,0.00,0.00,2171.99,2171.98,2172.47,2171.90,2171.94,-0.308,1.60,25.82,59.46,63.59,0.13,0.03,0.10,2171.67,2173.98,1130,854,100.0,0.0,5,1,CROSS=EMA9>EMA21;TREND=1;STRUCT=1;VOL=1;COOL=1;EMA50=1;VWAP=1;BIAS=1,0.00,0.00,26612.73,26610.68,KZ=LONDON; KZR=London H @ 2210.24 470 bars ago (high taken); DAY 12AM-4PM IST session: stop x1.00 of usual; no partials; full size to TP5; SL steps BE->TP1->TP2->TP3
172,2024.03.26 11:27:40,2024.03.26 13:57:40,SL_MOVE,XAUUSD,M15,44,BUY,FULLTGT,DAY,0,2173.94,2170.74,2173.94,3.20,1.00,3.20,2177.14,2180.33,2183.53,2186.73,2189.93,0.41,0.00,0.41,2173.94,1.00,0.00,0.00,2172.09,2172.04,2172.49,2172.03,2172.00,-0.271,1.68,22.13,57.14,67.16,0.31,0.10,0.20,2171.77,2173.64,1430,888,85.7,0.0,5,1,CROSS=EMA9>EMA21;TREND=1;STRUCT=1;VOL=1;COOL=1;EMA50=1;VWAP=1;BIAS=1,1.00,-0.73,26612.73,26744.75,stop to breakeven
173,2024.03.26 11:27:40,2024.03.26 13:57:40,TP1_REACHED,XAUUSD,M15,44,BUY,FULLTGT,DAY,0,2173.94,2170.74,2173.94,3.20,1.00,3.20,2177.14,2180.33,2183.53,2186.73,2189.93,0.41,0.00,0.41,2177.14,1.00,1.00,0.00,2172.09,2172.04,2172.49,2172.03,2172.00,-0.271,1.68,22.13,57.14,67.16,0.31,0.10,0.20,2171.77,2173.64,1430,888,85.7,0.0,5,1,CROSS=EMA9>EMA21;TREND=1;STRUCT=1;VOL=1;COOL=1;EMA50=1;VWAP=1;BIAS=1,1.00,-0.73,26612.73,26744.75,full target: no partial booked
174,2024.03.26 12:10:01,2024.03.26 14:40:01,SL_MOVE,XAUUSD,M15,44,BUY,FULLTGT,DAY,0,2173.94,2170.74,2177.14,3.20,1.00,3.20,2177.14,2180.33,2183.53,2186.73,2189.93,0.41,0.00,0.41,2177.14,2.00,0.00,0.00,2172.75,2172.38,2172.65,2172.52,2172.26,-0.140,1.94,26.61,70.16,73.23,1.30,0.40,0.91,2172.45,2178.33,1498,1016,100.0,0.0,5,1,CROSS=EMA9>EMA21;TREND=1;STRUCT=1;VOL=1;COOL=1;EMA50=1;VWAP=1;BIAS=1,2.00,-0.73,26612.73,26875.54,stop trailed to TP1
175,2024.03.26 12:10:01,2024.03.26 14:40:01,TP2_REACHED,XAUUSD,M15,44,BUY,FULLTGT,DAY,0,2173.94,2170.74,2177.14,3.20,1.00,3.20,2177.14,2180.33,2183.53,2186.73,2189.93,0.41,0.00,0.41,2180.33,2.00,2.00,0.00,2172.75,2172.38,2172.65,2172.52,2172.26,-0.140,1.94,26.61,70.16,73.23,1.30,0.40,0.91,2172.45,2178.33,1498,1016,100.0,0.0,5,1,CROSS=EMA9>EMA21;TREND=1;STRUCT=1;VOL=1;COOL=1;EMA50=1;VWAP=1;BIAS=1,2.00,-0.73,26612.73,26875.54,full target: no partial booked
176,2024.03.26 12:14:29,2024.03.26 14:44:29,SL_MOVE,XAUUSD,M15,44,BUY,FULLTGT,DAY,0,2173.94,2170.74,2180.33,3.20,1.00,3.20,2177.14,2180.33,2183.53,2186.73,2189.93,0.41,0.00,0.41,2180.33,3.00,0.00,0.00,2172.75,2172.38,2172.65,2172.52,2172.26,-0.140,1.94,26.61,70.16,73.23,1.30,0.40,0.91,2172.45,2178.33,1498,1016,100.0,0.0,5,1,CROSS=EMA9>EMA21;TREND=1;STRUCT=1;VOL=1;COOL=1;EMA50=1;VWAP=1;BIAS=1,3.00,-0.73,26612.73,27007.15,stop trailed to TP2
177,2024.03.26 12:14:29,2024.03.26 14:44:29,TP3_REACHED,XAUUSD,M15,44,BUY,FULLTGT,DAY,0,2173.94,2170.74,2180.33,3.20,1.00,3.20,2177.14,2180.33,2183.53,2186.73,2189.93,0.41,0.00,0.41,2183.53,3.00,3.00,0.00,2172.75,2172.38,2172.65,2172.52,2172.26,-0.140,1.94,26.61,70.16,73.23,1.30,0.40,0.91,2172.45,2178.33,1498,1016,100.0,0.0,5,1,CROSS=EMA9>EMA21;TREND=1;STRUCT=1;VOL=1;COOL=1;EMA50=1;VWAP=1;BIAS=1,3.00,-0.73,26612.73,27007.15,full target: no partial booked
178,2024.03.26 12:30:38,2024.03.26 15:00:38,SL_MOVE,XAUUSD,M15,44,BUY,FULLTGT,DAY,0,2173.94,2170.74,2183.53,3.20,1.00,3.20,2177.14,2180.33,2183.53,2186.73,2189.93,0.41,0.00,0.41,2183.53,4.00,0.00,0.00,2173.66,2172.85,2172.89,2173.19,2172.61,-0.014,2.37,34.05,80.73,79.76,2.53,0.89,1.64,2173.32,2185.15,2039,1145,100.0,0.0,5,1,CROSS=EMA9>EMA21;TREND=1;STRUCT=1;VOL=1;COOL=1;EMA50=1;VWAP=1;BIAS=1,3.99,-0.73,26612.73,27137.53,stop trailed to TP3
179,2024.03.26 12:30:38,2024.03.26 15:00:38,TP4_REACHED,XAUUSD,M15,44,BUY,FULLTGT,DAY,0,2173.94,2170.74,2183.53,3.20,1.00,3.20,2177.14,2180.33,2183.53,2186.73,2189.93,0.41,0.00,0.41,2186.73,4.00,4.00,0.00,2173.66,2172.85,2172.89,2173.19,2172.61,-0.014,2.37,34.05,80.73,79.76,2.53,0.89,1.64,2173.32,2185.15,2039,1145,100.0,0.0,5,1,CROSS=EMA9>EMA21;TREND=1;STRUCT=1;VOL=1;COOL=1;EMA50=1;VWAP=1;BIAS=1,3.99,-0.73,26612.73,27137.53,full target: no partial booked
180,2024.03.26 12:41:12,2024.03.26 15:11:12,TP5_EXIT,XAUUSD,M15,44,BUY,FULLTGT,DAY,0,2173.94,2170.74,2183.53,3.20,1.00,3.20,2177.14,2180.33,2183.53,2186.73,2189.93,0.41,0.41,0.00,2189.95,5.00,5.00,0.00,2173.66,2172.85,2172.89,2173.19,2172.61,-0.014,2.37,34.05,80.73,82.36,2.53,0.89,1.64,2173.32,2185.15,2039,1145,100.0,0.0,5,1,CROSS=EMA9>EMA21;TREND=1;STRUCT=1;VOL=1;COOL=1;EMA50=1;VWAP=1;BIAS=1,4.99,-0.73,27267.70,27267.70,full target reached; closed in full
181,2024.03.26 12:41:12,2024.03.26 15:11:12,EXIT_TP,XAUUSD,M15,44,BUY,FULLTGT,DAY,0,2173.94,2170.74,2183.53,3.20,1.00,3.20,2177.14,2180.33,2183.53,2186.73,2189.93,0.41,0.41,0.00,2189.95,0.00,5.01,653.53,2173.66,2172.85,2172.89,2173.19,2172.61,-0.014,2.37,34.05,80.73,82.36,2.53,0.89,1.64,2173.32,2185.15,2039,1145,100.0,0.0,5,1,CROSS=EMA9>EMA21;TREND=1;STRUCT=1;VOL=1;COOL=1;EMA50=1;VWAP=1;BIAS=1,4.99,-0.73,27267.70,27267.70,TP5 exit
182,2024.03.27 01:00:00,2024.03.27 03:30:00,DAY_SUMMARY,XAUUSD,M15,44,FLAT,NA,DAY,0,0.00,0.00,0.00,0.00,1.00,0.00,0.00,0.00,0.00,0.00,0.00,0.00,0.00,0.00,0.00,0.00,3.00,379.47,2179.19,2178.14,2176.42,2179.21,2178.13,1.179,1.46,19.80,50.47,62.30,-1.13,-1.43,0.31,2180.60,2178.63,455,1036,57.1,14.3,5,1,CROSS=EMA9>EMA21;TREND=1;STRUCT=1;VOL=1;COOL=1;EMA50=1;VWAP=1;BIAS=1,0.00,0.00,27267.70,27267.70,2024.03.26 trades=3 W=1 L=2 gross_profit=653.53 gross_loss=274.06 net=379.47 PF=2.38
183,2024.04.01 01:00:00,2024.04.01 03:30:00,WEEK_SUMMARY,XAUUSD,M15,44,FLAT,NA,DAY,0,0.00,0.00,0.00,0.00,1.00,0.00,0.00,0.00,0.00,0.00,0.00,0.00,0.00,0.00,0.00,0.00,3.00,379.47,2213.78,2206.09,2197.20,2213.00,2205.55,2.935,3.03,25.53,72.72,82.78,3.42,3.00,0.42,2207.19,2232.88,2418,1378,100.0,0.0,15,1,CROSS=EMA9>EMA21;TREND=1;STRUCT=1;VOL=1;COOL=1;EMA50=1;VWAP=1;BIAS=1,0.00,0.00,27267.70,27267.70,days=1 trades=3 W=1 L=2 gross_profit=653.53 gross_loss=274.06 net=379.47 PF=2.38 pips=1038.0
184,2024.04.01 01:00:00,2024.04.01 03:30:00,MONTH_SUMMARY,XAUUSD,M15,44,FLAT,NA,DAY,0,0.00,0.00,0.00,0.00,1.00,0.00,0.00,0.00,0.00,0.00,0.00,0.00,0.00,0.00,0.00,0.00,4.87,618.63,2213.78,2206.09,2197.20,2213.00,2205.55,2.935,3.03,25.53,72.72,82.78,3.42,3.00,0.42,2207.19,2232.88,2418,1378,100.0,0.0,15,1,CROSS=EMA9>EMA21;TREND=1;STRUCT=1;VOL=1;COOL=1;EMA50=1;VWAP=1;BIAS=1,0.00,0.00,27267.70,27267.70,days=3 trades=6 W=2 L=4 gross_profit=1034.29 gross_loss=415.66 net=618.63 PF=2.49 pips=1819.0
185,2024.04.05 04:15:00,2024.04.05 06:45:00,ENTRY,XAUUSD,M15,46,SELL,FULLTGT,DAY,0,2277.63,2282.87,2282.87,5.24,1.00,5.24,2272.39,2267.16,2261.92,2256.69,2251.45,0.26,0.26,0.26,2277.63,0.00,0.00,0.00,2290.43,2290.60,2284.66,2290.96,2290.86,2.266,2.62,26.00,27.76,20.94,-2.63,-1.27,-1.36,2286.10,2277.62,2321,1281,0.0,100.0,5,1,CROSS=EMA9<EMA21;TREND=1;STRUCT=1;VOL=1;COOL=1;EMA50=1;VWAP=1;BIAS=1,0.00,0.00,27266.79,27265.49,KZ=ASIA; KZR=Asia H @ 2304.87 25 bars ago (high taken); DAY 12AM-4PM IST session: stop x1.00 of usual; no partials; full size to TP5; SL steps BE->TP1->TP2->TP3
186,2024.04.05 04:22:31,2024.04.05 06:52:31,SL_MOVE,XAUUSD,M15,46,SELL,FULLTGT,DAY,0,2277.63,2282.87,2277.63,5.24,1.00,5.24,2272.39,2267.16,2261.92,2256.69,2251.45,0.26,0.00,0.26,2277.63,1.00,0.00,0.00,2290.43,2290.60,2284.66,2290.96,2290.86,2.266,2.62,26.00,27.76,17.38,-2.63,-1.27,-1.36,2286.10,2277.62,2321,1281,0.0,100.0,5,1,CROSS=EMA9<EMA21;TREND=1;STRUCT=1;VOL=1;COOL=1;EMA50=1;VWAP=1;BIAS=1,1.00,-0.07,27266.79,27403.29,stop to breakeven
187,2024.04.05 04:22:31,2024.04.05 06:52:31,TP1_REACHED,XAUUSD,M15,46,SELL,FULLTGT,DAY,0,2277.63,2282.87,2277.63,5.24,1.00,5.24,2272.39,2267.16,2261.92,2256.69,2251.45,0.26,0.00,0.26,2272.39,1.00,1.00,0.00,2290.43,2290.60,2284.66,2290.96,2290.86,2.266,2.62,26.00,27.76,17.38,-2.63,-1.27,-1.36,2286.10,2277.62,2321,1281,0.0,100.0,5,1,CROSS=EMA9<EMA21;TREND=1;STRUCT=1;VOL=1;COOL=1;EMA50=1;VWAP=1;BIAS=1,1.00,-0.07,27266.79,27403.29,full target: no partial booked
188,2024.04.05 06:11:35,2024.04.05 08:41:35,EXIT_BE,XAUUSD,M15,46,SELL,FULLTGT,DAY,0,2277.63,2282.87,2277.63,5.24,1.00,5.24,2272.39,2267.16,2261.92,2256.69,2251.45,0.26,0.26,0.00,2277.64,0.00,-0.00,-2.08,2286.21,2288.31,2283.88,2286.71,2288.60,1.098,4.04,45.85,34.25,54.06,-5.01,-4.11,-0.90,2279.65,2273.86,588,1181,14.3,71.4,5,1,CROSS=EMA9<EMA21;TREND=1;STRUCT=1;VOL=1;COOL=1;EMA50=1;VWAP=1;BIAS=1,1.88,-0.07,27265.62,27265.62,stopped at breakeven
189,2024.04.05 15:30:00,2024.04.05 18:00:00,ENTRY,XAUUSD,M15,48,BUY,FULLTGT,EVENING,0,2295.85,2289.67,2289.67,6.18,1.00,6.18,2302.03,2308.21,2314.39,2320.56,2326.74,0.22,0.22,0.22,2295.85,0.00,0.00,0.00,2287.65,2287.53,2284.61,2287.31,2287.36,0.943,3.09,32.71,64.33,63.15,2.67,2.97,-0.30,2284.31,2295.80,2414,1504,85.7,14.3,5,1,CROSS=EMA9>EMA21;TREND=1;STRUCT=1;VOL=1;COOL=1;EMA50=1;VWAP=1;BIAS=1,0.00,0.00,27264.85,27263.75,KZ=NY; KZR=Asia H @ 2304.87 70 bars ago (high taken); EVENING 4PM-12AM IST session: stop x1.00 of usual; no partials; full size to TP5; SL steps BE->TP1->TP2->TP3
190,2024.04.05 15:30:29,2024.04.05 18:00:29,EXIT_SL,XAUUSD,M15,48,BUY,FULLTGT,EVENING,0,2295.85,2289.67,2289.67,6.18,1.00,6.18,2302.03,2308.21,2314.39,2320.56,2326.74,0.22,0.22,0.00,2289.61,0.00,-1.01,-138.82,2287.65,2287.53,2284.61,2287.31,2287.36,0.943,3.09,32.71,64.33,63.15,2.67,2.97,-0.30,2284.31,2295.80,2414,1504,85.7,14.3,5,1,CROSS=EMA9>EMA21;TREND=1;STRUCT=1;VOL=1;COOL=1;EMA50=1;VWAP=1;BIAS=1,0.09,-0.99,27126.80,27126.80,stopped at the initial SL (x1.00 of usual)
191,2024.04.08 01:00:00,2024.04.08 03:30:00,DAY_SUMMARY,XAUUSD,M15,48,FLAT,NA,DAY,0,0.00,0.00,0.00,0.00,1.00,0.00,0.00,0.00,0.00,0.00,0.00,0.00,0.00,0.00,0.00,0.00,-1.01,-140.90,2312.96,2303.68,2294.65,2312.30,2303.17,3.292,2.74,32.22,68.03,69.15,4.14,5.02,-0.88,2299.69,2329.28,1118,1465,71.4,14.3,6,1,CROSS=EMA9>EMA21;TREND=1;STRUCT=1;VOL=1;COOL=1;EMA50=1;VWAP=1;BIAS=1,0.00,0.00,27126.80,27126.80,2024.04.05 trades=2 W=0 L=2 gross_profit=0.00 gross_loss=140.90 net=-140.90 PF=0.00
192,2024.04.08 01:00:00,2024.04.08 03:30:00,WEEK_SUMMARY,XAUUSD,M15,48,FLAT,NA,DAY,0,0.00,0.00,0.00,0.00,1.00,0.00,0.00,0.00,0.00,0.00,0.00,0.00,0.00,0.00,0.00,0.00,-1.01,-140.90,2312.96,2303.68,2294.65,2312.30,2303.17,3.292,2.74,32.22,68.03,69.15,4.14,5.02,-0.88,2299.69,2329.28,1118,1465,71.4,14.3,6,1,CROSS=EMA9>EMA21;TREND=1;STRUCT=1;VOL=1;COOL=1;EMA50=1;VWAP=1;BIAS=1,0.00,0.00,27126.80,27126.80,days=1 trades=2 W=0 L=2 gross_profit=0.00 gross_loss=140.90 net=-140.90 PF=0.00 pips=-625.0
193,2024.04.10 16:30:00,2024.04.10 19:00:00,ENTRY,XAUUSD,M15,50,SELL,FULLTGT,EVENING,0,2326.50,2338.47,2338.47,11.97,1.00,11.97,2314.53,2302.57,2290.60,2278.64,2266.67,0.11,0.11,0.11,2326.50,0.00,0.00,0.00,2348.32,2348.74,2342.95,2349.21,2349.19,0.969,5.98,33.62,24.31,33.99,-5.40,-2.63,-2.78,2347.97,2326.50,4654,2358,14.3,85.7,5,1,CROSS=EMA9<EMA21;TREND=1;STRUCT=1;VOL=1;COOL=1;EMA50=1;VWAP=1;BIAS=1,0.00,0.00,27126.41,27125.86,KZ=NY; KZR=Asia H @ 2355.59 35 bars ago (high taken); EVENING 4PM-12AM IST session: stop x1.00 of usual; no partials; full size to TP5; SL steps BE->TP1->TP2->TP3
194,2024.04.10 17:07:31,2024.04.10 19:37:31,EXIT_SL,XAUUSD,M15,50,SELL,FULLTGT,EVENING,0,2326.50,2338.47,2338.47,11.97,1.00,11.97,2314.53,2302.57,2290.60,2278.64,2266.67,0.11,0.11,0.00,2338.50,0.00,-1.00,-132.78,2347.18,2348.15,2342.76,2347.72,2348.43,0.734,7.33,31.12,37.20,48.30,-5.53,-3.46,-2.07,2346.34,2334.01,4512,2690,14.3,85.7,5,1,CROSS=EMA9<EMA21;TREND=1;STRUCT=1;VOL=1;COOL=1;EMA50=1;VWAP=1;BIAS=1,0.59,-1.00,26994.02,26994.02,stopped at the initial SL (x1.00 of usual)
195,2024.04.11 01:00:00,2024.04.11 03:30:00,DAY_SUMMARY,XAUUSD,M15,50,FLAT,NA,DAY,0,0.00,0.00,0.00,0.00,1.00,0.00,0.00,0.00,0.00,0.00,0.00,0.00,0.00,0.00,0.00,0.00,-1.00,-132.78,2338.59,2342.50,2340.94,2338.79,2342.68,0.377,4.16,27.26,47.88,56.15,-2.21,-2.86,0.65,2342.54,2333.55,582,2226,28.6,57.1,50,1,CROSS=EMA9<EMA21;TREND=1;STRUCT=1;VOL=1;COOL=1;EMA50=1;VWAP=1;BIAS=1,0.00,0.00,26994.02,26994.02,2024.04.10 trades=1 W=0 L=1 gross_profit=0.00 gross_loss=132.78 net=-132.78 PF=0.00
196,2024.04.11 20:15:00,2024.04.11 22:45:00,SKIP,XAUUSD,M15,50,FLAT,NA,EVENING,0,0.00,0.00,0.00,0.00,1.00,0.00,0.00,0.00,0.00,0.00,0.00,0.00,0.00,0.00,0.00,0.00,0.00,0.00,2340.43,2340.26,2340.05,2339.87,2339.98,0.044,4.78,26.79,71.62,73.26,3.12,1.60,1.51,2339.35,2354.18,3494,3500,85.7,0.0,5,1,CROSS=EMA9<EMA21;TREND=1;STRUCT=1;VOL=1;COOL=1;EMA50=1;VWAP=1;BIAS=1,0.00,0.00,26994.02,26994.02,outside the killzone window
197,2024.04.12 23:00:00,2024.04.13 01:30:00,SKIP,XAUUSD,M15,50,FLAT,NA,DAY,0,0.00,0.00,0.00,0.00,1.00,0.00,0.00,0.00,0.00,0.00,0.00,0.00,0.00,0.00,0.00,0.00,0.00,0.00,2374.70,2375.23,2366.85,2375.98,2375.88,0.964,8.69,56.45,30.58,42.62,-14.69,-14.06,-0.63,2386.01,2343.29,1903,4017,0.0,85.7,5,1,CROSS=EMA9<EMA21;TREND=1;STRUCT=1;VOL=1;COOL=1;EMA50=1;VWAP=1;BIAS=1,0.00,0.00,26994.02,26994.02,outside the killzone window
198,2024.04.15 01:00:00,2024.04.15 03:30:00,WEEK_SUMMARY,XAUUSD,M15,50,FLAT,NA,DAY,0,0.00,0.00,0.00,0.00,1.00,0.00,0.00,0.00,0.00,0.00,0.00,0.00,0.00,0.00,0.00,0.00,-1.00,-132.78,2370.08,2372.79,2365.93,2371.13,2373.37,1.129,6.07,39.50,33.24,47.74,-12.24,-14.31,2.07,2385.32,2344.22,1114,3109,14.3,71.4,7,1,CROSS=EMA9<EMA21;TREND=1;STRUCT=1;VOL=1;COOL=1;EMA50=1;VWAP=1;BIAS=1,0.00,0.00,26994.02,26994.02,days=1 trades=1 W=0 L=1 gross_profit=0.00 gross_loss=132.78 net=-132.78 PF=0.00 pips=-1200.0
199,2024.04.15 23:00:00,2024.04.16 01:30:00,SKIP,XAUUSD,M15,50,FLAT,NA,DAY,0,0.00,0.00,0.00,0.00,1.00,0.00,0.00,0.00,0.00,0.00,0.00,0.00,0.00,0.00,0.00,0.00,0.00,0.00,2360.90,2360.88,2361.08,2359.86,2360.36,-0.032,6.37,60.99,74.73,75.15,8.34,5.47,2.87,2356.20,2386.42,2566,3049,85.7,0.0,5,1,CROSS=EMA9<EMA21;TREND=1;STRUCT=1;VOL=1;COOL=1;EMA50=1;VWAP=1;BIAS=1,0.00,0.00,26994.02,26994.02,outside the killzone window
200,2024.04.17 21:30:00,2024.04.18 00:00:00,SKIP,XAUUSD,M15,50,FLAT,NA,DAY,0,0.00,0.00,0.00,0.00,1.00,0.00,0.00,0.00,0.00,0.00,0.00,0.00,0.00,0.00,0.00,0.00,0.00,0.00,2382.34,2382.35,2379.14,2382.59,2382.48,0.515,6.24,31.30,44.46,50.17,-3.62,-3.37,-0.25,2383.40,2376.03,2242,3514,14.3,71.4,5,1,CROSS=EMA9<EMA21;TREND=1;STRUCT=1;VOL=1;COOL=1;EMA50=1;VWAP=1;BIAS=1,0.00,0.00,26994.02,26994.02,outside the killzone window
201,2024.04.18 14:45:00,2024.04.18 17:15:00,ENTRY,XAUUSD,M15,52,BUY,FULLTGT,EVENING,0,2382.61,2377.80,2377.80,4.81,1.00,4.81,2387.42,2392.24,2397.05,2401.86,2406.67,0.28,0.28,0.28,2382.61,0.00,0.00,0.00,2377.61,2377.54,2377.12,2377.41,2377.44,0.175,2.41,18.87,60.37,55.85,1.66,1.59,0.07,2375.21,2382.56,2014,1653,85.7,0.0,5,1,CROSS=EMA9>EMA21;TREND=1;STRUCT=1;VOL=1;COOL=1;EMA50=1;VWAP=1;BIAS=1,0.00,0.00,26993.04,26991.64,KZ=NY; KZR=London L @ 2325.77 278 bars ago (low taken); EVENING 4PM-12AM IST session: stop x1.00 of usual; no partials; full size to TP5; SL steps BE->TP1->TP2->TP3
202,2024.04.18 15:07:40,2024.04.18 17:37:40,SL_MOVE,XAUUSD,M15,52,BUY,FULLTGT,EVENING,0,2382.61,2377.80,2382.61,4.81,1.00,4.81,2387.42,2392.24,2397.05,2401.86,2406.67,0.28,0.00,0.28,2382.61,1.00,0.00,0.00,2377.75,2377.61,2377.16,2377.61,2377.54,0.186,2.42,17.36,55.22,59.87,1.55,1.59,-0.04,2375.33,2380.98,1562,1619,57.1,14.3,5,1,CROSS=EMA9>EMA21;TREND=1;STRUCT=1;VOL=1;COOL=1;EMA50=1;VWAP=1;BIAS=1,0.99,-0.38,26993.04,27128.28,stop to breakeven
203,2024.04.18 15:07:40,2024.04.18 17:37:40,TP1_REACHED,XAUUSD,M15,52,BUY,FULLTGT,EVENING,0,2382.61,2377.80,2382.61,4.81,1.00,4.81,2387.42,2392.24,2397.05,2401.86,2406.67,0.28,0.00,0.28,2387.42,1.00,1.00,0.00,2377.75,2377.61,2377.16,2377.61,2377.54,0.186,2.42,17.36,55.22,59.87,1.55,1.59,-0.04,2375.33,2380.98,1562,1619,57.1,14.3,5,1,CROSS=EMA9>EMA21;TREND=1;STRUCT=1;VOL=1;COOL=1;EMA50=1;VWAP=1;BIAS=1,0.99,-0.38,26993.04,27128.28,full target: no partial booked
204,2024.04.18 15:21:19,2024.04.18 17:51:19,EXIT_BE,XAUUSD,M15,52,BUY,FULLTGT,EVENING,0,2382.61,2377.80,2382.61,4.81,1.00,4.81,2387.42,2392.24,2397.05,2401.86,2406.67,0.28,0.28,0.00,2382.60,0.00,-0.00,-2.24,2378.03,2377.75,2377.23,2377.75,2377.61,0.188,2.75,18.44,63.52,53.12,1.76,1.61,0.15,2375.59,2384.89,2467,1637,85.7,0.0,5,1,CROSS=EMA9>EMA21;TREND=1;STRUCT=1;VOL=1;COOL=1;EMA50=1;VWAP=1;BIAS=1,1.02,-0.38,26991.78,26991.78,stopped at breakeven
205,2024.04.19 01:00:00,2024.04.19 03:30:00,DAY_SUMMARY,XAUUSD,M15,52,FLAT,NA,DAY,0,0.00,0.00,0.00,0.00,1.00,0.00,0.00,0.00,0.00,0.00,0.00,0.00,0.00,0.00,0.00,0.00,-0.00,-2.24,2380.91,2379.92,2378.68,2380.99,2379.94,0.451,2.73,25.07,44.89,44.48,-0.88,-0.22,-0.66,2379.15,2378.86,750,1766,14.3,71.4,5,1,CROSS=EMA9>EMA21;TREND=1;STRUCT=1;VOL=1;COOL=1;EMA50=1;VWAP=1;BIAS=1,0.00,0.00,26991.78,26991.78,2024.04.18 trades=1 W=0 L=1 gross_profit=0.00 gross_loss=2.24 net=-2.24 PF=0.00
206,2024.04.19 16:15:00,2024.04.19 18:45:00,ENTRY,XAUUSD,M15,54,SELL,FULLTGT,EVENING,0,2376.47,2384.95,2384.95,8.48,1.00,8.48,2367.99,2359.51,2351.03,2342.54,2334.06,0.15,0.15,0.15,2376.47,0.00,0.00,0.00,2382.90,2382.90,2381.41,2383.16,2383.03,0.351,4.24,22.15,41.85,39.86,-1.59,-2.00,0.41,2388.67,2376.47,3383,2166,14.3,71.4,5,1,CROSS=EMA9<EMA21;TREND=1;STRUCT=1;VOL=1;COOL=1;EMA50=1;VWAP=1;BIAS=1,0.00,0.00,26991.25,26990.50,KZ=NY; KZR=London L @ 2325.77 380 bars ago (low taken); EVENING 4PM-12AM IST session: stop x1.00 of usual; no partials; full size to TP5; SL steps BE->TP1->TP2->TP3
207,2024.04.19 16:35:39,2024.04.19 19:05:39,EXIT_SL,XAUUSD,M15,54,SELL,FULLTGT,EVENING,0,2376.47,2384.95,2384.95,8.48,1.00,8.48,2367.99,2359.51,2351.03,2342.54,2334.06,0.15,0.15,0.00,2384.95,0.00,-1.00,-128.26,2382.86,2382.88,2381.41,2382.90,2382.90,0.316,4.64,20.44,50.61,60.81,-1.30,-1.92,0.62,2388.45,2382.02,3575,2251,57.1,28.6,5,1,CROSS=EMA9<EMA21;TREND=1;STRUCT=1;VOL=1;COOL=1;EMA50=1;VWAP=1;BIAS=1,0.39,-1.00,26863.52,26863.52,stopped at the initial SL (x1.00 of usual)
208,2024.04.19 16:45:00,2024.04.19 19:15:00,SKIP,XAUUSD,M15,54,FLAT,NA,EVENING,0,0.00,0.00,0.00,0.00,1.00,0.00,0.00,0.00,0.00,0.00,0.00,0.00,0.00,0.00,0.00,0.00,0.00,0.00,2382.97,2382.93,2381.45,2382.86,2382.88,0.303,4.87,19.52,55.22,62.56,-0.78,-1.73,0.95,2388.35,2385.54,4023,2358,71.4,14.3,5,1,CROSS=EMA9>EMA21;TREND=1;STRUCT=1;VOL=1;COOL=1;EMA50=1;VWAP=0;BIAS=1,0.00,0.00,26863.52,26863.52,quality filter
209,2024.04.19 17:00:00,2024.04.19 19:30:00,SKIP,XAUUSD,M15,54,FLAT,NA,EVENING,0,0.00,0.00,0.00,0.00,1.00,0.00,0.00,0.00,0.00,0.00,0.00,0.00,0.00,0.00,0.00,0.00,0.00,0.00,2382.80,2382.85,2381.43,2382.97,2382.93,0.269,5.28,16.94,46.17,44.95,-0.91,-1.57,0.66,2388.19,2378.67,3373,2412,14.3,71.4,5,1,CROSS=EMA9>EMA21;TREND=1;STRUCT=1;VOL=1;COOL=1;EMA50=1;VWAP=0;BIAS=1,0.00,0.00,26863.52,26863.52,outside the killzone window
210,2024.04.19 17:15:00,2024.04.19 19:45:00,SKIP,XAUUSD,M15,54,FLAT,NA,EVENING,0,0.00,0.00,0.00,0.00,1.00,0.00,0.00,0.00,0.00,0.00,0.00,0.00,0.00,0.00,0.00,0.00,0.00,0.00,2382.92,2382.91,2381.47,2382.80,2382.85,0.256,5.61,14.70,54.61,59.35,-0.42,-1.35,0.93,2388.09,2385.91,3296,2493,71.4,14.3,5,1,CROSS=EMA9>EMA21;TREND=1;STRUCT=1;VOL=1;COOL=1;EMA50=1;VWAP=0;BIAS=1,0.00,0.00,26863.52,26863.52,outside the killzone window
211,2024.04.22 01:00:00,2024.04.22 03:30:00,DAY_SUMMARY,XAUUSD,M15,54,FLAT,NA,DAY,0,0.00,0.00,0.00,0.00,1.00,0.00,0.00,0.00,0.00,0.00,0.00,0.00,0.00,0.00,0.00,0.00,-1.00,-128.26,2389.50,2387.13,2384.22,2389.46,2387.06,0.957,3.04,22.40,49.03,48.68,0.21,1.48,-1.27,2389.34,2390.63,963,1616,28.6,42.9,7,1,CROSS=EMA9>EMA21;TREND=1;STRUCT=1;VOL=1;COOL=1;EMA50=1;VWAP=0;BIAS=1,0.00,0.00,26863.52,26863.52,2024.04.19 trades=1 W=0 L=1 gross_profit=0.00 gross_loss=128.26 net=-128.26 PF=0.00
212,2024.04.22 01:00:00,2024.04.22 03:30:00,WEEK_SUMMARY,XAUUSD,M15,54,FLAT,NA,DAY,0,0.00,0.00,0.00,0.00,1.00,0.00,0.00,0.00,0.00,0.00,0.00,0.00,0.00,0.00,0.00,0.00,-1.00,-130.50,2389.50,2387.13,2384.22,2389.46,2387.06,0.957,3.04,22.40,49.03,48.68,0.21,1.48,-1.27,2389.34,2390.63,963,1616,28.6,42.9,7,1,CROSS=EMA9>EMA21;TREND=1;STRUCT=1;VOL=1;COOL=1;EMA50=1;VWAP=0;BIAS=1,0.00,0.00,26863.52,26863.52,days=2 trades=2 W=0 L=2 gross_profit=0.00 gross_loss=130.50 net=-130.50 PF=0.00 pips=-849.0
213,2024.04.22 05:30:00,2024.04.22 08:00:00,SKIP,XAUUSD,M15,54,FLAT,NA,DAY,0,0.00,0.00,0.00,0.00,1.00,0.00,0.00,0.00,0.00,0.00,0.00,0.00,0.00,0.00,0.00,0.00,0.00,0.00,2385.49,2385.58,2383.88,2385.88,2385.78,0.574,2.96,40.75,31.81,31.77,-3.38,-2.42,-0.95,2381.74,2375.83,1135,1332,0.0,85.7,5,1,CROSS=EMA9<EMA21;TREND=1;STRUCT=1;VOL=1;COOL=1;EMA50=1;VWAP=1;BIAS=1,0.00,0.00,26863.52,26863.52,already positioned that way
214,2024.04.24 09:30:00,2024.04.24 12:00:00,ENTRY,XAUUSD,M15,56,BUY,FULLTGT,DAY,0,2326.22,2320.49,2320.49,5.73,1.00,5.73,2331.95,2337.69,2343.42,2349.15,2354.88,0.23,0.23,0.23,2326.22,0.00,0.00,0.00,2323.29,2323.28,2331.73,2323.17,2323.22,-2.949,2.87,31.46,54.10,45.66,1.47,1.44,0.03,2323.39,2326.17,1894,1598,71.4,28.6,5,1,CROSS=EMA9>EMA21;TREND=1;STRUCT=1;VOL=1;COOL=1;EMA50=1;VWAP=1;BIAS=1,0.00,0.00,26862.71,26861.56,KZ=LONDON; KZR=Asia L @ 2295.63 84 bars ago (low taken); DAY 12AM-4PM IST session: stop x1.00 of usual; no partials; full size to TP5; SL steps BE->TP1->TP2->TP3
215,2024.04.24 11:04:14,2024.04.24 13:34:14,EXIT_SL,XAUUSD,M15,56,BUY,FULLTGT,DAY,0,2326.22,2320.49,2320.49,5.73,1.00,5.73,2331.95,2337.69,2343.42,2349.15,2354.88,0.23,0.23,0.00,2320.49,0.00,-1.00,-133.41,2323.30,2323.30,2331.25,2323.41,2323.35,-2.844,2.80,26.05,38.20,36.10,-0.14,0.99,-1.13,2323.50,2320.75,1673,1593,14.3,85.7,5,1,CROSS=EMA9>EMA21;TREND=1;STRUCT=1;VOL=1;COOL=1;EMA50=1;VWAP=1;BIAS=1,0.15,-1.00,26730.11,26730.11,stopped at the initial SL (x1.00 of usual)
216,2024.04.24 11:15:00,2024.04.24 13:45:00,ENTRY,XAUUSD,M15,58,SELL,FULLTGT,DAY,0,2317.70,2323.66,2323.66,5.96,1.00,5.96,2311.74,2305.78,2299.82,2293.86,2287.90,0.22,0.22,0.22,2317.70,0.00,0.00,0.00,2323.08,2323.19,2331.12,2323.30,2323.30,-2.661,2.98,29.91,31.76,28.25,-0.65,0.74,-1.39,2323.34,2317.69,2054,1611,0.0,100.0,5,1,CROSS=EMA9<EMA21;TREND=1;STRUCT=1;VOL=1;COOL=1;EMA50=1;VWAP=1;BIAS=1,0.00,0.00,26729.34,26728.24,KZ=LONDON; KZR=Asia L @ 2295.63 91 bars ago (low taken); DAY 12AM-4PM IST session: stop x1.00 of usual; no partials; full size to TP5; SL steps BE->TP1->TP2->TP3
217,2024.04.24 16:05:38,2024.04.24 18:35:38,EXIT_SL,XAUUSD,M15,58,SELL,FULLTGT,EVENING,0,2317.70,2323.66,2323.66,5.96,1.00,5.96,2311.74,2305.78,2299.82,2293.86,2287.90,0.22,0.22,0.00,2323.67,0.00,-1.00,-132.88,2319.77,2321.16,2328.63,2319.62,2321.12,-2.242,3.33,28.09,59.54,67.51,-0.82,-1.86,1.05,2320.90,2323.31,2952,1826,85.7,14.3,5,1,CROSS=EMA9<EMA21;TREND=1;STRUCT=1;VOL=1;COOL=1;EMA50=1;VWAP=1;BIAS=1,0.98,-1.00,26597.23,26597.23,stopped at the initial SL (x1.00 of usual)
218,2024.04.24 20:15:00,2024.04.24 22:45:00,SKIP,XAUUSD,M15,58,FLAT,NA,EVENING,0,0.00,0.00,0.00,0.00,1.00,0.00,0.00,0.00,0.00,0.00,0.00,0.00,0.00,0.00,0.00,0.00,0.00,0.00,2322.31,2322.20,2328.02,2322.05,2322.07,-1.196,4.86,22.39,59.59,59.89,1.77,1.91,-0.14,2322.32,2328.69,2373,3285,57.1,14.3,5,1,CROSS=EMA9<EMA21;TREND=1;STRUCT=1;VOL=1;COOL=1;EMA50=1;VWAP=1;BIAS=1,0.00,0.00,26597.23,26597.23,outside the killzone window
219,2024.04.24 23:00:00,2024.04.25 01:30:00,SKIP,XAUUSD,M15,58,FLAT,NA,DAY,0,0.00,0.00,0.00,0.00,1.00,0.00,0.00,0.00,0.00,0.00,0.00,0.00,0.00,0.00,0.00,0.00,0.00,0.00,2322.05,2322.10,2327.36,2322.17,2322.16,-1.749,3.01,22.53,42.85,38.35,-0.57,0.23,-0.80,2322.32,2319.04,1799,2241,0.0,71.4,5,1,CROSS=EMA9<EMA21;TREND=1;STRUCT=1;VOL=1;COOL=1;EMA50=1;VWAP=1;BIAS=1,0.00,0.00,26597.23,26597.23,outside the killzone window
220,2024.04.25 01:00:00,2024.04.25 03:30:00,DAY_SUMMARY,XAUUSD,M15,58,FLAT,NA,DAY,0,0.00,0.00,0.00,0.00,1.00,0.00,0.00,0.00,0.00,0.00,0.00,0.00,0.00,0.00,0.00,0.00,-2.00,-266.29,2321.22,2321.66,2326.93,2321.43,2321.78,-2.128,2.48,39.10,38.43,39.55,-1.65,-0.67,-0.98,2322.19,2315.96,633,1732,0.0,85.7,5,1,CROSS=EMA9<EMA21;TREND=1;STRUCT=1;VOL=1;COOL=1;EMA50=1;VWAP=1;BIAS=1,0.00,0.00,26597.23,26597.23,2024.04.24 trades=2 W=0 L=2 gross_profit=0.00 gross_loss=266.29 net=-266.29 PF=0.00
221,2024.04.25 12:30:00,2024.04.25 15:00:00,SKIP,XAUUSD,M15,58,FLAT,NA,DAY,0,0.00,0.00,0.00,0.00,1.00,0.00,0.00,0.00,0.00,0.00,0.00,0.00,0.00,0.00,0.00,0.00,0.00,0.00,2320.49,2320.39,2324.07,2320.26,2320.28,-1.370,2.69,70.04,61.60,53.67,2.53,2.04,0.49,2318.93,2325.88,1196,1393,85.7,0.0,5,1,CROSS=EMA9<EMA21;TREND=1;STRUCT=1;VOL=1;COOL=1;EMA50=1;VWAP=1;BIAS=1,0.00,0.00,26597.23,26597.23,outside the killzone window
222,2024.04.29 01:00:00,2024.04.29 03:30:00,WEEK_SUMMARY,XAUUSD,M15,58,FLAT,NA,DAY,0,0.00,0.00,0.00,0.00,1.00,0.00,0.00,0.00,0.00,0.00,0.00,0.00,0.00,0.00,0.00,0.00,-2.00,-266.29,2339.14,2337.33,2333.98,2339.19,2337.32,1.511,2.22,22.77,47.09,47.24,-0.39,-0.33,-0.05,2339.70,2337.78,926,1391,14.3,57.1,6,1,CROSS=EMA9<EMA21;TREND=1;STRUCT=1;VOL=1;COOL=1;EMA50=1;VWAP=1;BIAS=1,0.00,0.00,26597.23,26597.23,days=1 trades=2 W=0 L=2 gross_profit=0.00 gross_loss=266.29 net=-266.29 PF=0.00 pips=-1170.0
223,2024.04.29 05:00:00,2024.04.29 07:30:00,SKIP,XAUUSD,M15,58,FLAT,NA,DAY,0,0.00,0.00,0.00,0.00,1.00,0.00,0.00,0.00,0.00,0.00,0.00,0.00,0.00,0.00,0.00,0.00,0.00,0.00,2336.12,2336.14,2333.85,2336.33,2336.24,0.683,3.35,43.99,42.55,51.89,-2.38,-1.62,-0.76,2330.65,2331.09,2382,1244,42.9,57.1,5,1,CROSS=EMA9<EMA21;TREND=1;STRUCT=1;VOL=1;COOL=1;EMA50=1;VWAP=0;BIAS=1,0.00,0.00,26597.23,26597.23,already positioned that way
224,2024.04.29 13:15:00,2024.04.29 15:45:00,ENTRY,XAUUSD,M15,60,BUY,FULLTGT,DAY,0,2342.61,2337.37,2337.37,5.24,1.00,5.24,2347.85,2353.08,2358.32,2363.55,2368.79,0.25,0.25,0.25,2342.61,0.00,0.00,0.00,2334.95,2334.95,2333.68,2334.64,2334.79,0.485,2.62,44.34,67.74,64.59,2.60,1.82,0.78,2332.43,2342.56,1306,2000,85.7,0.0,5,1,CROSS=EMA9>EMA21;TREND=1;STRUCT=1;VOL=1;COOL=1;EMA50=1;VWAP=1;BIAS=1,0.00,0.00,26596.35,26595.10,KZ=NY; KZR=Asia H @ 2336.89 10 bars ago (high taken); DAY 12AM-4PM IST session: stop x1.00 of usual; no partials; full size to TP5; SL steps BE->TP1->TP2->TP3
225,2024.04.29 14:50:15,2024.04.29 17:20:15,EXIT_SL,XAUUSD,M15,60,BUY,FULLTGT,EVENING,0,2342.61,2337.37,2337.37,5.24,1.00,5.24,2347.85,2353.08,2358.32,2363.55,2368.79,0.25,0.25,0.00,2337.37,0.00,-1.00,-132.76,2336.27,2335.65,2334.11,2336.18,2335.59,0.601,2.56,40.33,52.06,36.91,2.25,2.49,-0.24,2333.13,2338.47,1699,1818,57.1,28.6,5,1,CROSS=EMA9>EMA21;TREND=1;STRUCT=1;VOL=1;COOL=1;EMA50=1;VWAP=1;BIAS=1,0.30,-1.00,26464.47,26464.47,stopped at the initial SL (x1.00 of usual)
226,2024.04.30 01:00:00,2024.04.30 03:30:00,DAY_SUMMARY,XAUUSD,M15,60,FLAT,NA,DAY,0,0.00,0.00,0.00,0.00,1.00,0.00,0.00,0.00,0.00,0.00,0.00,0.00,0.00,0.00,0.00,0.00,-1.00,-132.76,2337.74,2336.90,2335.29,2337.84,2336.93,0.542,2.96,13.23,43.67,41.01,-0.77,-0.05,-0.72,2335.06,2335.36,583,1659,28.6,42.9,5,1,CROSS=EMA9>EMA21;TREND=1;STRUCT=1;VOL=1;COOL=1;EMA50=1;VWAP=1;BIAS=1,0.00,0.00,26464.47,26464.47,2024.04.29 trades=1 W=0 L=1 gross_profit=0.00 gross_loss=132.76 net=-132.76 PF=0.00
227,2024.04.30 04:15:00,2024.04.30 06:45:00,ENTRY,XAUUSD,M15,62,SELL,FULLTGT,DAY,0,2333.29,2336.80,2336.80,3.51,1.00,3.51,2329.78,2326.27,2322.76,2319.24,2315.73,0.37,0.37,0.37,2333.29,0.00,0.00,0.00,2336.26,2336.27,2335.16,2336.39,2336.33,0.634,1.76,30.10,41.27,44.76,-1.27,-1.30,0.03,2333.89,2333.29,2084,868,14.3,85.7,5,1,CROSS=EMA9<EMA21;TREND=1;STRUCT=1;VOL=1;COOL=1;EMA50=1;VWAP=1;BIAS=1,0.00,0.00,26463.17,26461.32,KZ=ASIA; KZR=Asia H @ 2336.89 70 bars ago (high taken); DAY 12AM-4PM IST session: stop x1.00 of usual; no partials; full size to TP5; SL steps BE->TP1->TP2->TP3
228,2024.04.30 05:14:41,2024.04.30 07:44:41,SL_MOVE,XAUUSD,M15,62,SELL,FULLTGT,DAY,0,2333.29,2336.80,2333.29,3.51,1.00,3.51,2329.78,2326.27,2322.76,2319.24,2315.73,0.37,0.00,0.37,2333.29,1.00,0.00,0.00,2336.11,2336.19,2335.15,2336.19,2336.23,0.553,1.88,23.46,44.97,41.61,-0.91,-1.23,0.32,2334.13,2334.09,1261,832,14.3,71.4,5,1,CROSS=EMA9<EMA21;TREND=1;STRUCT=1;VOL=1;COOL=1;EMA50=1;VWAP=1;BIAS=1,0.98,-0.85,26463.17,26593.41,stop to breakeven
229,2024.04.30 05:14:41,2024.04.30 07:44:41,TP1_REACHED,XAUUSD,M15,62,SELL,FULLTGT,DAY,0,2333.29,2336.80,2333.29,3.51,1.00,3.51,2329.78,2326.27,2322.76,2319.24,2315.73,0.37,0.00,0.37,2329.78,1.00,1.00,0.00,2336.11,2336.19,2335.15,2336.19,2336.23,0.553,1.88,23.46,44.97,41.61,-0.91,-1.23,0.32,2334.13,2334.09,1261,832,14.3,71.4,5,1,CROSS=EMA9<EMA21;TREND=1;STRUCT=1;VOL=1;COOL=1;EMA50=1;VWAP=1;BIAS=1,0.98,-0.85,26463.17,26593.41,full target: no partial booked
230,2024.04.30 07:29:36,2024.04.30 09:59:36,SL_MOVE,XAUUSD,M15,62,SELL,FULLTGT,DAY,0,2333.29,2336.80,2329.78,3.51,1.00,3.51,2329.78,2326.27,2322.76,2319.24,2315.73,0.37,0.00,0.37,2329.78,2.00,0.00,0.00,2334.13,2335.10,2334.67,2334.39,2335.25,0.169,2.55,34.72,35.27,42.31,-1.96,-1.65,-0.31,2332.36,2327.65,686,1106,0.0,85.7,5,1,CROSS=EMA9<EMA21;TREND=1;STRUCT=1;VOL=1;COOL=1;EMA50=1;VWAP=1;BIAS=1,1.99,-0.85,26463.17,26723.65,stop trailed to TP1
231,2024.04.30 07:29:36,2024.04.30 09:59:36,TP2_REACHED,XAUUSD,M15,62,SELL,FULLTGT,DAY,0,2333.29,2336.80,2329.78,3.51,1.00,3.51,2329.78,2326.27,2322.76,2319.24,2315.73,0.37,0.00,0.37,2326.27,2.00,2.00,0.00,2334.13,2335.10,2334.67,2334.39,2335.25,0.169,2.55,34.72,35.27,42.31,-1.96,-1.65,-0.31,2332.36,2327.65,686,1106,0.0,85.7,5,1,CROSS=EMA9<EMA21;TREND=1;STRUCT=1;VOL=1;COOL=1;EMA50=1;VWAP=1;BIAS=1,1.99,-0.85,26463.17,26723.65,full target: no partial booked
232,2024.04.30 08:30:38,2024.04.30 11:00:38,SL_MOVE,XAUUSD,M15,62,SELL,FULLTGT,DAY,0,2333.29,2336.80,2326.27,3.51,1.00,3.51,2329.78,2326.27,2322.76,2319.24,2315.73,0.37,0.00,0.37,2326.27,3.00,0.00,0.00,2332.65,2334.23,2334.25,2332.97,2334.43,-0.006,2.30,51.19,29.83,31.95,-2.50,-2.11,-0.38,2331.40,2324.76,856,1128,0.0,85.7,5,1,CROSS=EMA9<EMA21;TREND=1;STRUCT=1;VOL=1;COOL=1;EMA50=1;VWAP=1;BIAS=1,2.99,-0.85,26463.17,26853.52,stop trailed to TP2
233,2024.04.30 08:30:38,2024.04.30 11:00:38,TP3_REACHED,XAUUSD,M15,62,SELL,FULLTGT,DAY,0,2333.29,2336.80,2326.27,3.51,1.00,3.51,2329.78,2326.27,2322.76,2319.24,2315.73,0.37,0.00,0.37,2322.76,3.00,3.00,0.00,2332.65,2334.23,2334.25,2332.97,2334.43,-0.006,2.30,51.19,29.83,31.95,-2.50,-2.11,-0.38,2331.40,2324.76,856,1128,0.0,85.7,5,1,CROSS=EMA9<EMA21;TREND=1;STRUCT=1;VOL=1;COOL=1;EMA50=1;VWAP=1;BIAS=1,2.99,-0.85,26463.17,26853.52,full target: no partial booked
234,2024.04.30 09:07:40,2024.04.30 11:37:40,SL_MOVE,XAUUSD,M15,62,SELL,FULLTGT,DAY,0,2333.29,2336.80,2322.76,3.51,1.00,3.51,2329.78,2326.27,2322.76,2319.24,2315.73,0.37,0.00,0.37,2322.76,4.00,0.00,0.00,2331.88,2333.78,2334.02,2332.25,2334.00,-0.110,2.16,57.84,28.28,25.72,-2.87,-2.33,-0.54,2330.45,2322.97,1535,1226,14.3,85.7,5,1,CROSS=EMA9<EMA21;TREND=1;STRUCT=1;VOL=1;COOL=1;EMA50=1;VWAP=1;BIAS=1,4.00,-0.85,26463.17,26983.02,stop trailed to TP3
235,2024.04.30 09:07:40,2024.04.30 11:37:40,TP4_REACHED,XAUUSD,M15,62,SELL,FULLTGT,DAY,0,2333.29,2336.80,2322.76,3.51,1.00,3.51,2329.78,2326.27,2322.76,2319.24,2315.73,0.37,0.00,0.37,2319.24,4.00,4.00,0.00,2331.88,2333.78,2334.02,2332.25,2334.00,-0.110,2.16,57.84,28.28,25.72,-2.87,-2.33,-0.54,2330.45,2322.97,1535,1226,14.3,85.7,5,1,CROSS=EMA9<EMA21;TREND=1;STRUCT=1;VOL=1;COOL=1;EMA50=1;VWAP=1;BIAS=1,4.00,-0.85,26463.17,26983.02,full target: no partial booked
236,2024.04.30 09:17:39,2024.04.30 11:47:39,EXIT_TRAIL_SL,XAUUSD,M15,62,SELL,FULLTGT,DAY,0,2333.29,2336.80,2322.76,3.51,1.00,3.51,2329.78,2326.27,2322.76,2319.24,2315.73,0.37,0.37,0.00,2322.76,0.00,3.00,387.01,2331.49,2333.55,2333.90,2331.88,2333.78,-0.160,2.21,61.09,26.33,35.98,-3.02,-2.46,-0.55,2329.95,2321.87,1967,1220,0.0,100.0,5,1,CROSS=EMA9<EMA21;TREND=1;STRUCT=1;VOL=1;COOL=1;EMA50=1;VWAP=1;BIAS=1,4.03,-0.85,26851.48,26851.48,stopped at a trailed level
237,2024.05.01 01:00:00,2024.05.01 03:30:00,DAY_SUMMARY,XAUUSD,M15,62,FLAT,NA,DAY,0,0.00,0.00,0.00,0.00,1.00,0.00,0.00,0.00,0.00,0.00,0.00,0.00,0.00,0.00,0.00,0.00,3.00,387.01,2301.54,2311.27,2320.16,2302.17,2311.78,-2.774,3.20,37.47,29.77,36.23,-3.86,-3.77,-0.09,2309.27,2286.30,1181,2042,0.0,85.7,50,1,CROSS=EMA9<EMA21;TREND=1;STRUCT=1;VOL=1;COOL=1;EMA50=1;VWAP=1;BIAS=1,0.00,0.00,26851.48,26851.48,2024.04.30 trades=1 W=1 L=0 gross_profit=387.01 gross_loss=0.00 net=387.01 PF=0.00
238,2024.05.01 01:00:00,2024.05.01 03:30:00,MONTH_SUMMARY,XAUUSD,M15,62,FLAT,NA,DAY,0,0.00,0.00,0.00,0.00,1.00,0.00,0.00,0.00,0.00,0.00,0.00,0.00,0.00,0.00,0.00,0.00,-3.02,-416.22,2301.54,2311.27,2320.16,2302.17,2311.78,-2.774,3.20,37.47,29.77,36.23,-3.86,-3.77,-0.09,2309.27,2286.30,1181,2042,0.0,85.7,50,1,CROSS=EMA9<EMA21;TREND=1;STRUCT=1;VOL=1;COOL=1;EMA50=1;VWAP=1;BIAS=1,0.00,0.00,26851.48,26851.48,days=7 trades=9 W=1 L=8 gross_profit=387.01 gross_loss=803.23 net=-416.22 PF=0.48 pips=-3315.0
239,2024.05.01 21:45:00,2024.05.02 00:15:00,SKIP,XAUUSD,M15,62,FLAT,NA,DAY,0,0.00,0.00,0.00,0.00,1.00,0.00,0.00,0.00,0.00,0.00,0.00,0.00,0.00,0.00,0.00,0.00,0.00,0.00,2299.96,2299.53,2306.03,2298.97,2299.03,-1.117,5.81,24.48,76.12,77.68,3.69,2.57,1.12,2297.87,2324.24,5708,3110,85.7,0.0,5,1,CROSS=EMA9<EMA21;TREND=1;STRUCT=1;VOL=1;COOL=1;EMA50=1;VWAP=1;BIAS=1,0.00,0.00,26851.48,26851.48,outside the killzone window
240,2024.05.02 15:00:00,2024.05.02 17:30:00,SKIP,XAUUSD,M15,62,FLAT,NA,EVENING,0,0.00,0.00,0.00,0.00,1.00,0.00,0.00,0.00,0.00,0.00,0.00,0.00,0.00,0.00,0.00,0.00,0.00,0.00,2308.31,2308.49,2309.51,2308.69,2308.68,-0.321,3.17,47.22,34.30,45.54,-4.19,-4.63,0.43,2312.05,2299.02,1560,1821,14.3,71.4,5,1,CROSS=EMA9<EMA21;TREND=1;STRUCT=1;VOL=1;COOL=1;EMA50=1;VWAP=1;BIAS=1,0.00,0.00,26851.48,26851.48,already positioned that way
241,2024.05.06 05:45:00,2024.05.06 08:15:00,ENTRY,XAUUSD,M15,64,BUY,FULLTGT,DAY,0,2311.31,2302.37,2302.37,8.94,1.00,8.94,2320.25,2329.19,2338.13,2347.08,2356.02,0.15,0.15,0.15,2311.31,0.00,0.00,0.00,2301.18,2300.99,2302.62,2300.77,2300.78,-0.366,4.47,35.19,64.89,58.80,3.17,0.94,2.23,2303.50,2311.09,1689,1481,85.7,14.3,5,1,CROSS=EMA9>EMA21;TREND=1;STRUCT=1;VOL=1;COOL=1;EMA50=1;VWAP=1;BIAS=1,0.00,0.00,26850.95,26850.20,KZ=ASIA; KZR=NY L @ 2285.51 244 bars ago (low taken); DAY 12AM-4PM IST session: stop x1.00 of usual; no partials; full size to TP5; SL steps BE->TP1->TP2->TP3
242,2024.05.06 10:39:27,2024.05.06 13:09:27,SL_MOVE,XAUUSD,M15,64,BUY,FULLTGT,DAY,0,2311.31,2302.37,2311.31,8.94,1.00,8.94,2320.25,2329.19,2338.13,2347.08,2356.02,0.15,0.00,0.15,2311.31,1.00,0.00,0.00,2306.94,2304.41,2304.20,2306.55,2304.16,0.090,2.38,38.11,69.13,75.03,2.73,2.63,0.09,2307.33,2316.66,1859,1264,100.0,0.0,5,1,CROSS=EMA9>EMA21;TREND=1;STRUCT=1;VOL=1;COOL=1;EMA50=1;VWAP=1;BIAS=1,1.00,-0.35,26850.95,26986.25,stop to breakeven
243,2024.05.06 10:39:27,2024.05.06 13:09:27,TP1_REACHED,XAUUSD,M15,64,BUY,FULLTGT,DAY,0,2311.31,2302.37,2311.31,8.94,1.00,8.94,2320.25,2329.19,2338.13,2347.08,2356.02,0.15,0.00,0.15,2320.25,1.00,1.00,0.00,2306.94,2304.41,2304.20,2306.55,2304.16,0.090,2.38,38.11,69.13,75.03,2.73,2.63,0.09,2307.33,2316.66,1859,1264,100.0,0.0,5,1,CROSS=EMA9>EMA21;TREND=1;STRUCT=1;VOL=1;COOL=1;EMA50=1;VWAP=1;BIAS=1,1.00,-0.35,26850.95,26986.25,full target: no partial booked
244,2024.05.06 15:46:38,2024.05.06 18:16:38,SL_MOVE,XAUUSD,M15,64,BUY,FULLTGT,EVENING,0,2311.31,2302.37,2320.25,8.94,1.00,8.94,2320.25,2329.19,2338.13,2347.08,2356.02,0.15,0.00,0.15,2320.25,2.00,0.00,0.00,2314.16,2309.66,2307.14,2313.73,2309.35,0.750,3.35,21.11,64.96,70.70,1.59,2.03,-0.44,2312.07,2324.66,2674,1528,71.4,14.3,5,1,CROSS=EMA9>EMA21;TREND=1;STRUCT=1;VOL=1;COOL=1;EMA50=1;VWAP=1;BIAS=1,2.00,-0.35,26850.95,27119.30,stop trailed to TP1
245,2024.05.06 15:46:38,2024.05.06 18:16:38,TP2_REACHED,XAUUSD,M15,64,BUY,FULLTGT,EVENING,0,2311.31,2302.37,2320.25,8.94,1.00,8.94,2320.25,2329.19,2338.13,2347.08,2356.02,0.15,0.00,0.15,2329.19,2.00,2.00,0.00,2314.16,2309.66,2307.14,2313.73,2309.35,0.750,3.35,21.11,64.96,70.70,1.59,2.03,-0.44,2312.07,2324.66,2674,1528,71.4,14.3,5,1,CROSS=EMA9>EMA21;TREND=1;STRUCT=1;VOL=1;COOL=1;EMA50=1;VWAP=1;BIAS=1,2.00,-0.35,26850.95,27119.30,full target: no partial booked
246,2024.05.06 17:39:15,2024.05.06 20:09:15,EXIT_TRAIL_SL,XAUUSD,M15,64,BUY,FULLTGT,EVENING,0,2311.31,2302.37,2320.25,8.94,1.00,8.94,2320.25,2329.19,2338.13,2347.08,2356.02,0.15,0.15,0.00,2320.23,0.00,1.00,132.74,2317.16,2311.84,2308.44,2316.84,2311.58,0.669,5.08,21.84,57.48,47.22,2.98,2.31,0.68,2315.12,2324.96,2511,2148,57.1,28.6,5,1,CROSS=EMA9>EMA21;TREND=1;STRUCT=1;VOL=1;COOL=1;EMA50=1;VWAP=1;BIAS=1,2.32,-0.35,26984.22,26984.22,stopped at a trailed level
247,2024.05.07 01:00:00,2024.05.07 03:30:00,DAY_SUMMARY,XAUUSD,M15,64,FLAT,NA,DAY,0,0.00,0.00,0.00,0.00,1.00,0.00,0.00,0.00,0.00,0.00,0.00,0.00,0.00,0.00,0.00,0.00,1.00,132.74,2321.96,2316.97,2312.11,2321.89,2316.84,2.241,2.17,15.40,48.75,42.53,0.57,0.85,-0.27,2317.55,2323.76,571,1403,28.6,42.9,50,1,CROSS=EMA9>EMA21;TREND=1;STRUCT=1;VOL=1;COOL=1;EMA50=1;VWAP=1;BIAS=1,0.00,0.00,26984.22,26984.22,2024.05.06 trades=1 W=1 L=0 gross_profit=132.74 gross_loss=0.00 net=132.74 PF=0.00
248,2024.05.07 15:00:00,2024.05.07 17:30:00,ENTRY,XAUUSD,M15,66,SELL,FULLTGT,EVENING,0,2312.41,2316.84,2316.84,4.43,1.00,4.43,2307.98,2303.56,2299.13,2294.70,2290.27,0.30,0.30,0.30,2312.41,0.00,0.00,0.00,2318.71,2318.74,2315.61,2318.96,2318.87,1.413,2.21,24.01,36.92,36.20,-1.91,-2.11,0.20,2320.64,2312.43,1581,1333,14.3,71.4,5,1,CROSS=EMA9<EMA21;TREND=1;STRUCT=1;VOL=1;COOL=1;EMA50=1;VWAP=1;BIAS=1,0.00,0.00,26983.17,26981.67,KZ=NY; KZR=London H @ 2324.28 93 bars ago (high taken); EVENING 4PM-12AM IST session: stop x1.00 of usual; no partials; full size to TP5; SL steps BE->TP1->TP2->TP3
249,2024.05.07 15:44:25,2024.05.07 18:14:25,EXIT_SL,XAUUSD,M15,66,SELL,FULLTGT,EVENING,0,2312.41,2316.84,2316.84,4.43,1.00,4.43,2307.98,2303.56,2299.13,2294.70,2290.27,0.30,0.30,0.00,2316.84,0.00,-1.00,-135.00,2318.25,2318.50,2315.55,2318.44,2318.60,1.228,2.40,28.35,41.94,59.08,-1.91,-2.03,0.12,2320.11,2313.57,2333,1407,42.9,57.1,5,1,CROSS=EMA9<EMA21;TREND=1;STRUCT=1;VOL=1;COOL=1;EMA50=1;VWAP=1;BIAS=1,0.53,-1.00,26849.22,26849.22,stopped at the initial SL (x1.00 of usual)
250,2024.05.08 01:00:00,2024.05.08 03:30:00,DAY_SUMMARY,XAUUSD,M15,66,FLAT,NA,DAY,0,0.00,0.00,0.00,0.00,1.00,0.00,0.00,0.00,0.00,0.00,0.00,0.00,0.00,0.00,0.00,0.00,-1.00,-135.00,2315.90,2316.96,2315.55,2315.98,2317.02,0.778,1.82,17.21,46.23,48.06,-0.60,-0.66,0.07,2318.55,2313.83,356,1060,14.3,57.1,8,1,CROSS=EMA9<EMA21;TREND=1;STRUCT=1;VOL=1;COOL=1;EMA50=1;VWAP=1;BIAS=1,0.00,0.00,26849.22,26849.22,2024.05.07 trades=1 W=0 L=1 gross_profit=0.00 gross_loss=135.00 net=-135.00 PF=0.00
251,2024.05.09 15:45:00,2024.05.09 18:15:00,ENTRY,XAUUSD,M15,68,BUY,FULLTGT,EVENING,0,2327.62,2321.19,2321.19,6.43,1.00,6.43,2334.05,2340.48,2346.91,2353.34,2359.77,0.20,0.20,0.20,2327.62,0.00,0.00,0.00,2313.06,2313.03,2313.49,2312.47,2312.73,-0.145,3.21,39.53,79.82,84.99,1.93,0.15,1.78,2313.19,2327.56,4140,1301,100.0,0.0,5,1,CROSS=EMA9>EMA21;TREND=1;STRUCT=1;VOL=1;COOL=1;EMA50=1;VWAP=1;BIAS=1,0.00,0.00,26848.52,26847.52,KZ=NY; KZR=London H @ 2324.28 288 bars ago (high taken); EVENING 4PM-12AM IST session: stop x1.00 of usual; no partials; full size to TP5; SL steps BE->TP1->TP2->TP3
252,2024.05.09 16:10:20,2024.05.09 18:40:20,EXIT_SL,XAUUSD,M15,68,BUY,FULLTGT,EVENING,0,2327.62,2321.19,2321.19,6.43,1.00,6.43,2334.05,2340.48,2346.91,2353.34,2359.77,0.20,0.20,0.00,2321.13,0.00,-1.01,-131.20,2313.60,2313.30,2313.63,2313.06,2313.03,-0.097,3.36,43.68,77.18,61.70,2.66,0.54,2.13,2313.88,2326.77,3222,1381,85.7,14.3,5,1,CROSS=EMA9>EMA21;TREND=1;STRUCT=1;VOL=1;COOL=1;EMA50=1;VWAP=1;BIAS=1,0.27,-1.00,26718.02,26718.02,stopped at the initial SL (x1.00 of usual)
253,2024.05.10 01:00:00,2024.05.10 03:30:00,DAY_SUMMARY,XAUUSD,M15,68,FLAT,NA,DAY,0,0.00,0.00,0.00,0.00,1.00,0.00,0.00,0.00,0.00,0.00,0.00,0.00,0.00,0.00,0.00,0.00,-1.01,-131.20,2329.84,2323.55,2319.32,2329.18,2323.10,1.666,2.54,50.72,70.54,69.36,5.06,4.40,0.66,2322.42,2346.02,678,1237,85.7,0.0,9,1,CROSS=EMA9>EMA21;TREND=1;STRUCT=1;VOL=1;COOL=1;EMA50=1;VWAP=1;BIAS=1,0.00,0.00,26718.02,26718.02,2024.05.09 trades=1 W=0 L=1 gross_profit=0.00 gross_loss=131.20 net=-131.20 PF=0.00
254,2024.05.13 01:00:00,2024.05.13 03:30:00,WEEK_SUMMARY,XAUUSD,M15,68,FLAT,NA,DAY,0,0.00,0.00,0.00,0.00,1.00,0.00,0.00,0.00,0.00,0.00,0.00,0.00,0.00,0.00,0.00,0.00,-1.01,-133.46,2364.50,2357.83,2345.69,2364.67,2357.78,5.971,2.03,39.85,35.09,32.14,-1.26,-0.40,-0.87,2363.02,2360.47,923,1062,14.3,71.4,5,1,CROSS=EMA9>EMA21;TREND=1;STRUCT=1;VOL=1;COOL=1;EMA50=1;VWAP=1;BIAS=1,0.00,0.00,26718.02,26718.02,days=3 trades=3 W=1 L=2 gross_profit=132.74 gross_loss=266.20 net=-133.46 PF=0.50 pips=-200.0
255,2024.05.13 11:15:00,2024.05.13 13:45:00,ENTRY,XAUUSD,M15,70,SELL,FULLTGT,DAY,0,2348.60,2353.81,2353.81,5.21,1.00,5.21,2343.39,2338.17,2332.96,2327.75,2322.54,0.25,0.25,0.25,2348.60,0.00,0.00,0.00,2356.40,2356.51,2349.16,2356.72,2356.67,2.821,2.61,66.72,32.56,43.07,-2.87,-2.70,-0.16,2355.95,2348.60,1266,1107,0.0,100.0,5,1,CROSS=EMA9<EMA21;TREND=1;STRUCT=1;VOL=1;COOL=1;EMA50=1;VWAP=1;BIAS=1,0.00,0.00,26717.14,26715.89,KZ=LONDON; KZR=Asia H @ 2355.90 300 bars ago (high taken); DAY 12AM-4PM IST session: stop x1.00 of usual; no partials; full size to TP5; SL steps BE->TP1->TP2->TP3
256,2024.05.13 11:30:04,2024.05.13 14:00:04,SL_MOVE,XAUUSD,M15,70,SELL,FULLTGT,DAY,0,2348.60,2353.81,2348.60,5.21,1.00,5.21,2343.39,2338.17,2332.96,2327.75,2322.54,0.25,0.00,0.25,2348.60,1.00,0.00,0.00,2355.89,2356.26,2349.10,2356.40,2356.51,2.465,2.90,66.29,23.84,27.28,-3.21,-2.78,-0.43,2355.63,2343.45,1381,1108,0.0,100.0,5,1,CROSS=EMA9<EMA21;TREND=1;STRUCT=1;VOL=1;COOL=1;EMA50=1;VWAP=1;BIAS=1,1.00,-0.03,26717.14,26847.64,stop to breakeven
257,2024.05.13 11:30:04,2024.05.13 14:00:04,TP1_REACHED,XAUUSD,M15,70,SELL,FULLTGT,DAY,0,2348.60,2353.81,2348.60,5.21,1.00,5.21,2343.39,2338.17,2332.96,2327.75,2322.54,0.25,0.00,0.25,2343.39,1.00,1.00,0.00,2355.89,2356.26,2349.10,2356.40,2356.51,2.465,2.90,66.29,23.84,27.28,-3.21,-2.78,-0.43,2355.63,2343.45,1381,1108,0.0,100.0,5,1,CROSS=EMA9<EMA21;TREND=1;STRUCT=1;VOL=1;COOL=1;EMA50=1;VWAP=1;BIAS=1,1.00,-0.03,26717.14,26847.64,full target: no partial booked
258,2024.05.13 15:16:41,2024.05.13 17:46:41,EXIT_BE,XAUUSD,M15,70,SELL,FULLTGT,EVENING,0,2348.60,2353.81,2348.60,5.21,1.00,5.21,2343.39,2338.17,2332.96,2327.75,2322.54,0.25,0.25,0.00,2348.62,0.00,-0.00,-2.26,2349.91,2352.71,2348.19,2350.02,2352.82,1.489,3.03,37.76,53.02,68.63,-2.20,-3.35,1.15,2351.50,2347.18,1706,1389,57.1,42.9,5,1,CROSS=EMA9<EMA21;TREND=1;STRUCT=1;VOL=1;COOL=1;EMA50=1;VWAP=1;BIAS=1,1.94,-0.03,26715.76,26715.76,stopped at breakeven
259,2024.05.14 01:00:00,2024.05.14 03:30:00,DAY_SUMMARY,XAUUSD,M15,70,FLAT,NA,DAY,0,0.00,0.00,0.00,0.00,1.00,0.00,0.00,0.00,0.00,0.00,0.00,0.00,0.00,0.00,0.00,0.00,-0.00,-2.26,2341.02,2345.60,2345.44,2341.22,2345.80,0.112,1.47,19.80,41.17,45.41,-1.17,-1.40,0.23,2346.49,2336.14,381,926,14.3,57.1,8,1,CROSS=EMA9<EMA21;TREND=1;STRUCT=1;VOL=1;COOL=1;EMA50=1;VWAP=1;BIAS=1,0.00,0.00,26715.76,26715.76,2024.05.13 trades=1 W=0 L=1 gross_profit=0.00 gross_loss=2.26 net=-2.26 PF=0.00
260,2024.05.14 17:00:00,2024.05.14 19:30:00,SKIP,XAUUSD,M15,70,FLAT,NA,EVENING,0,0.00,0.00,0.00,0.00,1.00,0.00,0.00,0.00,0.00,0.00,0.00,0.00,0.00,0.00,0.00,0.00,0.00,0.00,2344.07,2343.99,2344.22,2343.67,2343.79,-0.053,4.32,20.48,67.93,64.95,2.01,1.23,0.78,2343.53,2353.96,2912,1972,85.7,0.0,5,1,CROSS=EMA9<EMA21;TREND=1;STRUCT=1;VOL=1;COOL=1;EMA50=1;VWAP=1;BIAS=1,0.00,0.00,26715.76,26715.76,outside the killzone window
261,2024.05.17 02:30:00,2024.05.17 05:00:00,SKIP,XAUUSD,M15,70,FLAT,NA,DAY,0,0.00,0.00,0.00,0.00,1.00,0.00,0.00,0.00,0.00,0.00,0.00,0.00,0.00,0.00,0.00,0.00,0.00,0.00,2380.37,2380.38,2375.07,2380.44,2380.42,3.641,1.46,22.72,48.03,51.67,-0.55,-0.81,0.26,2378.58,2378.69,371,659,42.9,28.6,5,1,CROSS=EMA9<EMA21;TREND=1;STRUCT=1;VOL=1;COOL=1;EMA50=1;VWAP=0;BIAS=1,0.00,0.00,26715.76,26715.76,already positioned that way
262,2024.05.17 10:00:00,2024.05.17 12:30:00,ENTRY,XAUUSD,M15,72,BUY,FULLTGT,DAY,0,2386.08,2382.31,2382.31,3.77,1.00,3.77,2389.85,2393.62,2397.39,2401.15,2404.92,0.35,0.35,0.35,2386.08,0.00,0.00,0.00,2379.96,2379.95,2376.16,2379.72,2379.83,2.014,1.88,63.80,71.97,75.57,1.72,0.67,1.05,2379.39,2385.99,1350,1024,100.0,0.0,5,1,CROSS=EMA9>EMA21;TREND=1;STRUCT=1;VOL=1;COOL=1;EMA50=1;VWAP=1;BIAS=1,0.00,0.00,26714.53,26712.78,KZ=LONDON; KZR=NY H @ 2386.64 0 bars ago (high taken); DAY 12AM-4PM IST session: stop x1.00 of usual; no partials; full size to TP5; SL steps BE->TP1->TP2->TP3
263,2024.05.17 11:10:39,2024.05.17 13:40:39,EXIT_SL,XAUUSD,M15,72,BUY,FULLTGT,DAY,0,2386.08,2382.31,2382.31,3.77,1.00,3.77,2389.85,2393.62,2397.39,2401.15,2404.92,0.35,0.35,0.00,2382.30,0.00,-1.00,-134.76,2380.71,2380.35,2376.51,2380.59,2380.28,1.883,2.04,60.73,58.67,43.38,1.85,1.51,0.34,2380.25,2383.86,942,1033,71.4,14.3,5,1,CROSS=EMA9>EMA21;TREND=1;STRUCT=1;VOL=1;COOL=1;EMA50=1;VWAP=1;BIAS=1,0.47,-1.00,26581.00,26581.00,stopped at the initial SL (x1.00 of usual)
264,2024.05.20 01:00:00,2024.05.20 03:30:00,DAY_SUMMARY,XAUUSD,M15,72,FLAT,NA,DAY,0,0.00,0.00,0.00,0.00,1.00,0.00,0.00,0.00,0.00,0.00,0.00,0.00,0.00,0.00,0.00,0.00,-1.00,-134.76,2404.60,2396.22,2387.30,2404.22,2395.86,2.805,3.18,28.09,55.25,43.34,3.78,4.81,-1.04,2396.39,2413.84,1129,1429,57.1,28.6,5,1,CROSS=EMA9>EMA21;TREND=1;STRUCT=1;VOL=1;COOL=1;EMA50=1;VWAP=1;BIAS=1,0.00,0.00,26581.00,26581.00,2024.05.17 trades=1 W=0 L=1 gross_profit=0.00 gross_loss=134.76 net=-134.76 PF=0.00
265,2024.05.20 01:00:00,2024.05.20 03:30:00,WEEK_SUMMARY,XAUUSD,M15,72,FLAT,NA,DAY,0,0.00,0.00,0.00,0.00,1.00,0.00,0.00,0.00,0.00,0.00,0.00,0.00,0.00,0.00,0.00,0.00,-1.01,-137.02,2404.60,2396.22,2387.30,2404.22,2395.86,2.805,3.18,28.09,55.25,43.34,3.78,4.81,-1.04,2396.39,2413.84,1129,1429,57.1,28.6,5,1,CROSS=EMA9>EMA21;TREND=1;STRUCT=1;VOL=1;COOL=1;EMA50=1;VWAP=1;BIAS=1,0.00,0.00,26581.00,26581.00,days=2 trades=2 W=0 L=2 gross_profit=0.00 gross_loss=137.02 net=-137.02 PF=0.00 pips=-380.0
266,2024.05.21 07:45:00,2024.05.21 10:15:00,SKIP,XAUUSD,M15,72,FLAT,NA,DAY,0,0.00,0.00,0.00,0.00,1.00,0.00,0.00,0.00,0.00,0.00,0.00,0.00,0.00,0.00,0.00,0.00,0.00,0.00,2423.11,2423.21,2415.23,2423.42,2423.36,1.650,4.83,28.18,39.71,51.00,-3.79,-3.62,-0.18,2420.93,2415.50,1201,2049,14.3,71.4,5,1,CROSS=EMA9>EMA21;TREND=1;STRUCT=1;VOL=1;COOL=1;EMA50=1;VWAP=1;BIAS=1,0.00,0.00,26581.00,26581.00,outside the killzone window
267,2024.05.21 17:15:00,2024.05.21 19:45:00,SKIP,XAUUSD,M15,72,FLAT,NA,EVENING,0,0.00,0.00,0.00,0.00,1.00,0.00,0.00,0.00,0.00,0.00,0.00,0.00,0.00,0.00,0.00,0.00,0.00,0.00,2421.69,2421.67,2416.69,2421.39,2421.52,1.155,4.31,31.91,65.35,57.32,2.86,2.30,0.56,2420.71,2429.14,3587,2297,100.0,0.0,5,1,CROSS=EMA9>EMA21;TREND=1;STRUCT=1;VOL=1;COOL=1;EMA50=1;VWAP=1;BIAS=1,0.00,0.00,26581.00,26581.00,outside the killzone window
268,2024.05.22 04:00:00,2024.05.22 06:30:00,ENTRY,XAUUSD,M15,74,SELL,FULLTGT,DAY,0,2420.61,2422.88,2422.88,2.27,1.00,2.27,2418.34,2416.06,2413.79,2411.52,2409.25,0.58,0.58,0.58,2420.61,0.00,0.00,0.00,2422.01,2422.01,2418.54,2422.07,2422.04,3.053,1.14,19.69,43.29,36.34,-0.23,-0.22,-0.01,2421.78,2420.60,1066,636,0.0,85.7,5,1,CROSS=EMA9<EMA21;TREND=1;STRUCT=1;VOL=1;COOL=1;EMA50=1;VWAP=1;BIAS=1,0.00,0.00,26578.97,26576.07,KZ=ASIA; KZR=NY H @ 2437.23 122 bars ago (high taken); DAY 12AM-4PM IST session: stop x1.00 of usual; no partials; full size to TP5; SL steps BE->TP1->TP2->TP3
269,2024.05.22 04:04:02,2024.05.22 06:34:02,EXIT_SL,XAUUSD,M15,74,SELL,FULLTGT,DAY,0,2420.61,2422.88,2422.88,2.27,1.00,2.27,2418.34,2416.06,2413.79,2411.52,2409.25,0.58,0.58,0.00,2422.88,0.00,-1.00,-135.72,2422.01,2422.01,2418.54,2422.07,2422.04,3.053,1.14,19.69,43.29,36.34,-0.23,-0.22,-0.01,2421.78,2420.60,1066,636,0.0,85.7,5,1,CROSS=EMA9<EMA21;TREND=1;STRUCT=1;VOL=1;COOL=1;EMA50=1;VWAP=1;BIAS=1,0.28,-0.99,26445.28,26445.28,stopped at the initial SL (x1.00 of usual)
270,2024.05.22 05:15:00,2024.05.22 07:45:00,ENTRY,XAUUSD,M15,76,BUY,FULLTGT,DAY,0,2425.56,2421.88,2421.88,3.68,1.00,3.68,2429.24,2432.92,2436.60,2440.27,2443.95,0.35,0.35,0.35,2425.56,0.00,0.00,0.00,2422.06,2422.04,2418.72,2421.92,2421.97,1.801,1.84,17.84,61.82,66.32,0.10,-0.16,0.26,2421.96,2425.51,2191,902,85.7,0.0,5,1,CROSS=EMA9>EMA21;TREND=1;STRUCT=1;VOL=1;COOL=1;EMA50=1;VWAP=1;BIAS=1,0.00,0.00,26444.05,26442.30,KZ=ASIA; KZR=NY H @ 2437.23 127 bars ago (high taken); DAY 12AM-4PM IST session: stop x1.00 of usual; no partials; full size to TP5; SL steps BE->TP1->TP2->TP3
271,2024.05.22 05:42:29,2024.05.22 08:12:29,EXIT_SL,XAUUSD,M15,76,BUY,FULLTGT,DAY,0,2425.56,2421.88,2421.88,3.68,1.00,3.68,2429.24,2432.92,2436.60,2440.27,2443.95,0.35,0.35,0.00,2421.88,0.00,-1.00,-131.26,2422.14,2422.08,2418.78,2422.06,2422.04,1.726,1.91,19.03,56.64,49.04,0.25,-0.11,0.37,2422.17,2424.17,1393,948,57.1,28.6,5,1,CROSS=EMA9>EMA21;TREND=1;STRUCT=1;VOL=1;COOL=1;EMA50=1;VWAP=1;BIAS=1,0.10,-0.99,26314.02,26314.02,stopped at the initial SL (x1.00 of usual)
272,2024.05.22 06:00:00,2024.05.22 08:30:00,ENTRY,XAUUSD,M15,78,SELL,FULLTGT,DAY,0,2417.85,2422.97,2422.97,5.12,1.00,5.12,2412.73,2407.62,2402.50,2397.39,2392.27,0.25,0.25,0.25,2417.85,0.00,0.00,0.00,2421.97,2421.99,2418.80,2422.14,2422.08,1.248,2.56,18.72,39.13,32.69,-0.18,-0.08,-0.10,2421.79,2417.85,2495,1121,0.0,85.7,5,1,CROSS=EMA9<EMA21;TREND=1;STRUCT=1;VOL=1;COOL=1;EMA50=1;VWAP=1;BIAS=1,0.00,0.00,26313.14,26311.89,KZ=ASIA; KZR=NY H @ 2437.23 130 bars ago (high taken); DAY 12AM-4PM IST session: stop x1.00 of usual; no partials; full size to TP5; SL steps BE->TP1->TP2->TP3
273,2024.05.22 06:57:38,2024.05.22 09:27:38,SL_MOVE,XAUUSD,M15,78,SELL,FULLTGT,DAY,0,2417.85,2422.97,2417.85,5.12,1.00,5.12,2412.73,2407.62,2402.50,2397.39,2392.27,0.25,0.00,0.25,2417.85,1.00,0.00,0.00,2421.52,2421.76,2418.78,2421.73,2421.87,1.038,2.88,23.73,37.02,23.37,-0.87,-0.22,-0.65,2421.16,2416.33,1296,1310,0.0,71.4,5,1,CROSS=EMA9<EMA21;TREND=1;STRUCT=1;VOL=1;COOL=1;EMA50=1;VWAP=1;BIAS=1,1.00,-0.35,26313.14,26441.39,stop to breakeven
274,2024.05.22 06:57:38,2024.05.22 09:27:38,TP1_REACHED,XAUUSD,M15,78,SELL,FULLTGT,DAY,0,2417.85,2422.97,2417.85,5.12,1.00,5.12,2412.73,2407.62,2402.50,2397.39,2392.27,0.25,0.00,0.25,2412.73,1.00,1.00,0.00,2421.52,2421.76,2418.78,2421.73,2421.87,1.038,2.88,23.73,37.02,23.37,-0.87,-0.22,-0.65,2421.16,2416.33,1296,1310,0.0,71.4,5,1,CROSS=EMA9<EMA21;TREND=1;STRUCT=1;VOL=1;COOL=1;EMA50=1;VWAP=1;BIAS=1,1.00,-0.35,26313.14,26441.39,full target: no partial booked
275,2024.05.22 09:03:40,2024.05.22 11:33:40,EXIT_BE,XAUUSD,M15,78,SELL,FULLTGT,DAY,0,2417.85,2422.97,2417.85,5.12,1.00,5.12,2412.73,2407.62,2402.50,2397.39,2392.27,0.25,0.25,0.00,2417.87,0.00,-0.00,-2.26,2419.28,2420.50,2418.37,2419.37,2420.57,0.656,3.24,29.81,48.56,59.74,-2.01,-1.99,-0.02,2418.92,2417.16,2339,1672,28.6,71.4,5,1,CROSS=EMA9<EMA21;TREND=1;STRUCT=1;VOL=1;COOL=1;EMA50=1;VWAP=1;BIAS=1,1.22,-0.35,26311.76,26311.76,stopped at breakeven
276,2024.05.23 01:00:00,2024.05.23 03:30:00,DAY_SUMMARY,XAUUSD,M15,78,FLAT,NA,DAY,0,0.00,0.00,0.00,0.00,1.00,0.00,0.00,0.00,0.00,0.00,0.00,0.00,0.00,0.00,0.00,0.00,-2.00,-269.24,2394.09,2403.34,2409.34,2394.72,2403.84,-1.823,3.29,44.74,31.10,43.01,-5.58,-6.36,0.78,2404.11,2378.58,822,1976,14.3,71.4,5,1,CROSS=EMA9<EMA21;TREND=1;STRUCT=1;VOL=1;COOL=1;EMA50=1;VWAP=1;BIAS=1,0.00,0.00,26311.76,26311.76,2024.05.22 trades=3 W=0 L=3 gross_profit=0.00 gross_loss=269.24 net=-269.24 PF=0.00
277,2024.05.27 01:00:00,2024.05.27 03:30:00,WEEK_SUMMARY,XAUUSD,M15,78,FLAT,NA,DAY,0,0.00,0.00,0.00,0.00,1.00,0.00,0.00,0.00,0.00,0.00,0.00,0.00,0.00,0.00,0.00,0.00,-2.00,-269.24,2336.03,2339.79,2352.30,2336.12,2339.91,-7.655,1.63,16.72,44.58,48.00,-0.80,-0.98,0.19,2336.07,2333.86,656,977,14.3,57.1,50,1,CROSS=EMA9<EMA21;TREND=1;STRUCT=1;VOL=1;COOL=1;EMA50=1;VWAP=1;BIAS=1,0.00,0.00,26311.76,26311.76,days=1 trades=3 W=0 L=3 gross_profit=0.00 gross_loss=269.24 net=-269.24 PF=0.00 pips=-597.0
278,2024.05.27 12:00:00,2024.05.27 14:30:00,SKIP,XAUUSD,M15,78,FLAT,NA,DAY,0,0.00,0.00,0.00,0.00,1.00,0.00,0.00,0.00,0.00,0.00,0.00,0.00,0.00,0.00,0.00,0.00,0.00,0.00,2340.74,2340.74,2348.36,2340.60,2340.67,-3.062,2.49,37.23,58.17,62.86,0.45,0.34,0.11,2341.29,2344.27,1218,1140,100.0,0.0,5,1,CROSS=EMA9<EMA21;TREND=1;STRUCT=1;VOL=1;COOL=1;EMA50=1;VWAP=1;BIAS=1,0.00,0.00,26311.76,26311.76,outside the killzone window
279,2024.05.28 13:45:00,2024.05.28 16:15:00,SKIP,XAUUSD,M15,78,FLAT,NA,EVENING,0,0.00,0.00,0.00,0.00,1.00,0.00,0.00,0.00,0.00,0.00,0.00,0.00,0.00,0.00,0.00,0.00,0.00,0.00,2347.31,2347.36,2348.87,2347.42,2347.42,-0.712,2.11,17.53,45.17,51.31,-1.32,-1.95,0.63,2348.74,2344.57,725,1408,28.6,42.9,5,1,CROSS=EMA9<EMA21;TREND=1;STRUCT=1;VOL=1;COOL=1;EMA50=1;VWAP=1;BIAS=1,0.00,0.00,26311.76,26311.76,already positioned that way
280,2024.05.28 15:30:00,2024.05.28 18:00:00,ENTRY,XAUUSD,M15,80,BUY,FULLTGT,EVENING,0,2354.55,2349.90,2349.90,4.65,1.00,4.65,2359.20,2363.86,2368.51,2373.17,2377.82,0.28,0.28,0.28,2354.55,0.00,0.00,0.00,2347.47,2347.43,2348.79,2347.18,2347.28,-0.587,2.33,31.24,71.93,80.85,0.64,-0.72,1.36,2348.69,2354.55,2488,1203,100.0,0.0,5,1,CROSS=EMA9>EMA21;TREND=1;STRUCT=1;VOL=1;COOL=1;EMA50=1;VWAP=1;BIAS=1,0.00,0.00,26310.78,26309.38,KZ=NY; KZR=London L @ 2335.25 372 bars ago (low taken); EVENING 4PM-12AM IST session: stop x1.00 of usual; no partials; full size to TP5; SL steps BE->TP1->TP2->TP3
281,2024.05.28 16:15:41,2024.05.28 18:45:41,SL_MOVE,XAUUSD,M15,80,BUY,FULLTGT,EVENING,0,2354.55,2349.90,2354.55,4.65,1.00,4.65,2359.20,2363.86,2368.51,2373.17,2377.82,0.28,0.00,0.28,2354.55,1.00,0.00,0.00,2348.32,2347.87,2348.98,2347.98,2347.69,-0.404,2.75,41.76,70.99,70.40,1.97,0.23,1.74,2349.28,2356.64,3341,1396,100.0,0.0,5,1,CROSS=EMA9>EMA21;TREND=1;STRUCT=1;VOL=1;COOL=1;EMA50=1;VWAP=1;BIAS=1,1.00,-0.47,26310.78,26441.82,stop to breakeven
282,2024.05.28 16:15:41,2024.05.28 18:45:41,TP1_REACHED,XAUUSD,M15,80,BUY,FULLTGT,EVENING,0,2354.55,2349.90,2354.55,4.65,1.00,4.65,2359.20,2363.86,2368.51,2373.17,2377.82,0.28,0.00,0.28,2359.20,1.00,1.00,0.00,2348.32,2347.87,2348.98,2347.98,2347.69,-0.404,2.75,41.76,70.99,70.40,1.97,0.23,1.74,2349.28,2356.64,3341,1396,100.0,0.0,5,1,CROSS=EMA9>EMA21;TREND=1;STRUCT=1;VOL=1;COOL=1;EMA50=1;VWAP=1;BIAS=1,1.00,-0.47,26310.78,26441.82,full target: no partial booked
283,2024.05.28 16:23:40,2024.05.28 18:53:40,SL_MOVE,XAUUSD,M15,80,BUY,FULLTGT,EVENING,0,2354.55,2349.90,2359.20,4.65,1.00,4.65,2359.20,2363.86,2368.51,2373.17,2377.82,0.28,0.00,0.28,2359.20,2.00,0.00,0.00,2348.32,2347.87,2348.98,2347.98,2347.69,-0.404,2.75,41.76,70.99,77.90,1.97,0.23,1.74,2349.28,2356.64,3341,1396,100.0,0.0,5,1,CROSS=EMA9>EMA21;TREND=1;STRUCT=1;VOL=1;COOL=1;EMA50=1;VWAP=1;BIAS=1,1.99,-0.47,26310.78,26571.46,stop trailed to TP1
284,2024.05.28 16:23:40,2024.05.28 18:53:40,TP2_REACHED,XAUUSD,M15,80,BUY,FULLTGT,EVENING,0,2354.55,2349.90,2359.20,4.65,1.00,4.65,2359.20,2363.86,2368.51,2373.17,2377.82,0.28,0.00,0.28,2363.86,2.00,2.00,0.00,2348.32,2347.87,2348.98,2347.98,2347.69,-0.404,2.75,41.76,70.99,77.90,1.97,0.23,1.74,2349.28,2356.64,3341,1396,100.0,0.0,5,1,CROSS=EMA9>EMA21;TREND=1;STRUCT=1;VOL=1;COOL=1;EMA50=1;VWAP=1;BIAS=1,1.99,-0.47,26310.78,26571.46,full target: no partial booked
285,2024.05.28 16:37:26,2024.05.28 19:07:26,EXIT_TRAIL_SL,XAUUSD,M15,80,BUY,FULLTGT,EVENING,0,2354.55,2349.90,2359.20,4.65,1.00,4.65,2359.20,2363.86,2368.51,2373.17,2377.82,0.28,0.28,0.00,2359.20,0.00,1.00,128.24,2348.82,2348.13,2349.09,2348.32,2347.87,-0.304,3.19,45.68,76.15,69.75,2.66,0.64,2.01,2349.78,2360.87,3687,1509,100.0,0.0,5,1,CROSS=EMA9>EMA21;TREND=1;STRUCT=1;VOL=1;COOL=1;EMA50=1;VWAP=1;BIAS=1,2.05,-0.47,26440.00,26440.00,stopped at a trailed level
286,2024.05.29 01:00:00,2024.05.29 03:30:00,DAY_SUMMARY,XAUUSD,M15,80,FLAT,NA,DAY,0,0.00,0.00,0.00,0.00,1.00,0.00,0.00,0.00,0.00,0.00,0.00,0.00,0.00,0.00,0.00,0.00,1.00,128.24,2354.83,2352.24,2351.18,2354.57,2352.06,0.443,2.38,26.33,60.57,64.57,1.50,1.20,0.30,2352.51,2361.13,750,1328,85.7,0.0,5,1,CROSS=EMA9>EMA21;TREND=1;STRUCT=1;VOL=1;COOL=1;EMA50=1;VWAP=1;BIAS=1,0.00,0.00,26440.00,26440.00,2024.05.28 trades=1 W=1 L=0 gross_profit=128.24 gross_loss=0.00 net=128.24 PF=0.00
287,2024.05.29 12:45:00,2024.05.29 15:15:00,SKIP,XAUUSD,M15,80,FLAT,NA,DAY,0,0.00,0.00,0.00,0.00,1.00,0.00,0.00,0.00,0.00,0.00,0.00,0.00,0.00,0.00,0.00,0.00,0.00,0.00,2353.59,2353.64,2352.65,2353.97,2353.83,0.318,3.10,51.63,28.56,38.79,-3.52,-2.35,-1.17,2354.95,2344.34,1400,1791,0.0,85.7,5,1,CROSS=EMA9>EMA21;TREND=1;STRUCT=1;VOL=1;COOL=1;EMA50=1;VWAP=1;BIAS=1,0.00,0.00,26440.00,26440.00,outside the killzone window
288,2024.05.30 20:00:00,2024.05.30 22:30:00,SKIP,XAUUSD,M15,80,FLAT,NA,EVENING,0,0.00,0.00,0.00,0.00,1.00,0.00,0.00,0.00,0.00,0.00,0.00,0.00,0.00,0.00,0.00,0.00,0.00,0.00,2340.42,2340.31,2342.85,2340.12,2340.15,-0.729,3.49,21.43,61.14,63.29,2.13,2.41,-0.28,2337.49,2347.94,1416,2664,57.1,14.3,5,1,CROSS=EMA9>EMA21;TREND=1;STRUCT=1;VOL=1;COOL=1;EMA50=1;VWAP=1;BIAS=1,0.00,0.00,26440.00,26440.00,outside the killzone window
289,2024.05.31 19:00:00,2024.05.31 21:30:00,SKIP,XAUUSD,M15,80,FLAT,NA,EVENING,0,0.00,0.00,0.00,0.00,1.00,0.00,0.00,0.00,0.00,0.00,0.00,0.00,0.00,0.00,0.00,0.00,0.00,0.00,2342.21,2342.42,2342.99,2342.70,2342.67,-0.085,6.63,36.01,29.79,35.30,-3.49,-0.81,-2.68,2343.31,2330.11,2957,2967,0.0,85.7,5,1,CROSS=EMA9>EMA21;TREND=1;STRUCT=1;VOL=1;COOL=1;EMA50=1;VWAP=1;BIAS=1,0.00,0.00,26440.00,26440.00,outside the killzone window
290,2024.06.03 01:00:00,2024.06.03 03:30:00,WEEK_SUMMARY,XAUUSD,M15,80,FLAT,NA,DAY,0,0.00,0.00,0.00,0.00,1.00,0.00,0.00,0.00,0.00,0.00,0.00,0.00,0.00,0.00,0.00,0.00,1.00,128.24,2333.98,2337.48,2340.19,2334.25,2337.69,-1.052,2.57,31.50,43.72,51.15,-2.72,-4.09,1.38,2340.22,2327.46,685,1714,28.6,57.1,6,1,CROSS=EMA9>EMA21;TREND=1;STRUCT=1;VOL=1;COOL=1;EMA50=1;VWAP=1;BIAS=1,0.00,0.00,26440.00,26440.00,days=1 trades=1 W=1 L=0 gross_profit=128.24 gross_loss=0.00 net=128.24 PF=0.00 pips=465.0
291,2024.06.03 01:00:00,2024.06.03 03:30:00,MONTH_SUMMARY,XAUUSD,M15,80,FLAT,NA,DAY,0,0.00,0.00,0.00,0.00,1.00,0.00,0.00,0.00,0.00,0.00,0.00,0.00,0.00,0.00,0.00,0.00,-3.02,-411.48,2333.98,2337.48,2340.19,2334.25,2337.69,-1.052,2.57,31.50,43.72,51.15,-2.72,-4.09,1.38,2340.22,2327.46,685,1714,28.6,57.1,6,1,CROSS=EMA9>EMA21;TREND=1;STRUCT=1;VOL=1;COOL=1;EMA50=1;VWAP=1;BIAS=1,0.00,0.00,26440.00,26440.00,days=7 trades=9 W=2 L=7 gross_profit=260.98 gross_loss=672.46 net=-411.48 PF=0.39 pips=-712.0
292,2024.06.03 18:45:00,2024.06.03 21:15:00,SKIP,XAUUSD,M15,80,FLAT,NA,EVENING,0,0.00,0.00,0.00,0.00,1.00,0.00,0.00,0.00,0.00,0.00,0.00,0.00,0.00,0.00,0.00,0.00,0.00,0.00,2331.67,2331.50,2334.33,2331.22,2331.27,-0.572,4.96,20.98,67.90,59.44,3.91,3.14,0.77,2329.34,2342.77,2345,2779,71.4,0.0,5,1,CROSS=EMA9>EMA21;TREND=1;STRUCT=1;VOL=1;COOL=1;EMA50=1;VWAP=1;BIAS=1,0.00,0.00,26440.00,26440.00,outside the killzone window
293,2024.06.04 14:15:00,2024.06.04 16:45:00,ENTRY,XAUUSD,M15,82,SELL,FULLTGT,EVENING,0,2328.35,2335.05,2335.05,6.70,1.00,6.70,2321.65,2314.94,2308.24,2301.54,2294.84,0.19,0.19,0.19,2328.35,0.00,0.00,0.00,2340.11,2340.31,2339.40,2340.59,2340.55,0.269,3.35,47.72,28.49,33.25,-4.32,-4.28,-0.04,2342.28,2328.31,2235,2254,0.0,85.7,5,1,CROSS=EMA9<EMA21;TREND=1;STRUCT=1;VOL=1;COOL=1;EMA50=1;VWAP=1;BIAS=1,0.00,0.00,26439.33,26438.38,KZ=NY; KZR=London L @ 2324.08 358 bars ago (low taken); EVENING 4PM-12AM IST session: stop x1.00 of usual; no partials; full size to TP5; SL steps BE->TP1->TP2->TP3
294,2024.06.04 15:55:37,2024.06.04 18:25:37,EXIT_SL,XAUUSD,M15,82,SELL,FULLTGT,EVENING,0,2328.35,2335.05,2335.05,6.70,1.00,6.70,2321.65,2314.94,2308.24,2301.54,2294.84,0.19,0.19,0.00,2335.05,0.00,-1.00,-128.64,2337.81,2339.05,2338.81,2338.01,2339.18,0.083,2.95,37.02,46.27,61.80,-3.29,-4.18,0.89,2340.48,2332.82,2858,2308,28.6,71.4,5,1,CROSS=EMA9<EMA21;TREND=1;STRUCT=1;VOL=1;COOL=1;EMA50=1;VWAP=1;BIAS=1,0.44,-1.00,26311.36,26311.36,stopped at the initial SL (x1.00 of usual)
295,2024.06.05 01:00:00,2024.06.05 03:30:00,DAY_SUMMARY,XAUUSD,M15,82,FLAT,NA,DAY,0,0.00,0.00,0.00,0.00,1.00,0.00,0.00,0.00,0.00,0.00,0.00,0.00,0.00,0.00,0.00,0.00,-1.00,-128.64,2329.69,2333.10,2335.41,2329.81,2333.22,-1.386,1.67,18.13,47.77,49.42,-0.47,-0.51,0.04,2334.40,2326.79,708,1544,14.3,57.1,6,1,CROSS=EMA9<EMA21;TREND=1;STRUCT=1;VOL=1;COOL=1;EMA50=1;VWAP=1;BIAS=1,0.00,0.00,26311.36,26311.36,2024.06.04 trades=1 W=0 L=1 gross_profit=0.00 gross_loss=128.64 net=-128.64 PF=0.00
296,2024.06.05 15:45:00,2024.06.05 18:15:00,ENTRY,XAUUSD,M15,84,BUY,FULLTGT,EVENING,0,2338.66,2333.10,2333.10,5.56,1.00,5.56,2344.22,2349.78,2355.34,2360.89,2366.45,0.23,0.23,0.23,2338.66,0.00,0.00,0.00,2333.17,2333.15,2334.31,2332.95,2333.04,-0.417,2.78,18.00,63.90,73.63,0.73,0.15,0.58,2333.00,2338.61,2869,1666,85.7,0.0,5,1,CROSS=EMA9>EMA21;TREND=1;STRUCT=1;VOL=1;COOL=1;EMA50=1;VWAP=1;BIAS=1,0.00,0.00,26310.55,26309.40,KZ=NY; KZR=NY L @ 2325.75 101 bars ago (low taken); EVENING 4PM-12AM IST session: stop x1.00 of usual; no partials; full size to TP5; SL steps BE->TP1->TP2->TP3
297,2024.06.05 16:19:37,2024.06.05 18:49:37,SL_MOVE,XAUUSD,M15,84,BUY,FULLTGT,EVENING,0,2338.66,2333.10,2338.66,5.56,1.00,5.56,2344.22,2349.78,2355.34,2360.89,2366.45,0.23,0.00,0.23,2338.66,1.00,0.00,0.00,2333.84,2333.49,2334.46,2333.53,2333.33,-0.304,3.18,25.28,67.69,71.08,1.65,0.50,1.15,2333.57,2341.53,3239,1803,85.7,14.3,5,1,CROSS=EMA9>EMA21;TREND=1;STRUCT=1;VOL=1;COOL=1;EMA50=1;VWAP=1;BIAS=1,1.00,-0.08,26310.55,26438.43,stop to breakeven
298,2024.06.05 16:19:37,2024.06.05 18:49:37,TP1_REACHED,XAUUSD,M15,84,BUY,FULLTGT,EVENING,0,2338.66,2333.10,2338.66,5.56,1.00,5.56,2344.22,2349.78,2355.34,2360.89,2366.45,0.23,0.00,0.23,2344.22,1.00,1.00,0.00,2333.84,2333.49,2334.46,2333.53,2333.33,-0.304,3.18,25.28,67.69,71.08,1.65,0.50,1.15,2333.57,2341.53,3239,1803,85.7,14.3,5,1,CROSS=EMA9>EMA21;TREND=1;STRUCT=1;VOL=1;COOL=1;EMA50=1;VWAP=1;BIAS=1,1.00,-0.08,26310.55,26438.43,full target: no partial booked
299,2024.06.05 16:46:28,2024.06.05 19:16:28,EXIT_BE,XAUUSD,M15,84,BUY,FULLTGT,EVENING,0,2338.66,2333.10,2338.66,5.56,1.00,5.56,2344.22,2349.78,2355.34,2360.89,2366.45,0.23,0.23,0.00,2338.66,0.00,0.00,-1.62,2334.48,2333.83,2334.61,2334.18,2333.67,-0.234,3.33,29.14,66.44,61.91,2.18,0.95,1.23,2334.12,2341.73,3430,1960,85.7,14.3,5,1,CROSS=EMA9>EMA21;TREND=1;STRUCT=1;VOL=1;COOL=1;EMA50=1;VWAP=1;BIAS=1,1.19,-0.08,26309.74,26309.74,stopped at breakeven
300,2024.06.06 01:00:00,2024.06.06 03:30:00,DAY_SUMMARY,XAUUSD,M15,84,FLAT,NA,DAY,0,0.00,0.00,0.00,0.00,1.00,0.00,0.00,0.00,0.00,0.00,0.00,0.00,0.00,0.00,0.00,0.00,0.00,-1.62,2347.44,2342.28,2339.20,2347.13,2342.02,1.753,1.76,27.84,59.59,59.28,2.22,3.04,-0.82,2340.18,2355.13,786,1281,71.4,14.3,9,1,CROSS=EMA9>EMA21;TREND=1;STRUCT=1;VOL=1;COOL=1;EMA50=1;VWAP=1;BIAS=1,0.00,0.00,26309.74,26309.74,2024.06.05 trades=1 W=0 L=1 gross_profit=0.00 gross_loss=1.62 net=-1.62 PF=0.00
301,2024.06.07 13:00:00,2024.06.07 15:30:00,ENTRY,XAUUSD,M15,86,SELL,FULLTGT,DAY,0,2339.36,2351.52,2351.52,12.16,1.00,12.16,2327.20,2315.05,2302.89,2290.73,2278.57,0.10,0.10,0.10,2339.36,0.00,0.00,0.00,2367.11,2367.20,2361.40,2368.24,2367.76,0.955,6.08,50.85,21.85,28.16,-9.84,-6.01,-3.83,2368.46,2339.37,2216,2508,0.0,85.7,5,1,CROSS=EMA9<EMA21;TREND=1;STRUCT=1;VOL=1;COOL=1;EMA50=1;VWAP=1;BIAS=1,0.00,0.00,26309.39,26308.89,KZ=NY; KZR=Asia H @ 2374.98 74 bars ago (high taken); DAY 12AM-4PM IST session: stop x1.00 of usual; no partials; full size to TP5; SL steps BE->TP1->TP2->TP3
302,2024.06.07 15:30:27,2024.06.07 18:00:27,SL_MOVE,XAUUSD,M15,86,SELL,FULLTGT,EVENING,0,2339.36,2351.52,2339.36,12.16,1.00,12.16,2327.20,2315.05,2302.89,2290.73,2278.57,0.10,0.00,0.10,2339.36,1.00,0.00,0.00,2356.60,2361.41,2358.91,2357.54,2361.97,0.538,4.65,56.26,23.85,39.93,-9.27,-10.37,1.10,2361.23,2333.65,3423,2609,14.3,85.7,5,1,CROSS=EMA9<EMA21;TREND=1;STRUCT=1;VOL=1;COOL=1;EMA50=1;VWAP=1;BIAS=1,0.99,-0.01,26309.39,26430.99,stop to breakeven
303,2024.06.07 15:30:27,2024.06.07 18:00:27,TP1_REACHED,XAUUSD,M15,86,SELL,FULLTGT,EVENING,0,2339.36,2351.52,2339.36,12.16,1.00,12.16,2327.20,2315.05,2302.89,2290.73,2278.57,0.10,0.00,0.10,2327.20,1.00,1.00,0.00,2356.60,2361.41,2358.91,2357.54,2361.97,0.538,4.65,56.26,23.85,39.93,-9.27,-10.37,1.10,2361.23,2333.65,3423,2609,14.3,85.7,5,1,CROSS=EMA9<EMA21;TREND=1;STRUCT=1;VOL=1;COOL=1;EMA50=1;VWAP=1;BIAS=1,0.99,-0.01,26309.39,26430.99,full target: no partial booked
304,2024.06.07 15:31:01,2024.06.07 18:01:01,SL_MOVE,XAUUSD,M15,86,SELL,FULLTGT,EVENING,0,2339.36,2351.52,2327.20,12.16,1.00,12.16,2327.20,2315.05,2302.89,2290.73,2278.57,0.10,0.00,0.10,2327.20,2.00,0.00,0.00,2356.60,2361.41,2358.91,2357.54,2361.97,0.538,4.65,56.26,23.85,39.93,-9.27,-10.37,1.10,2361.23,2333.65,3423,2609,14.3,85.7,2,1,CROSS=EMA9<EMA21;TREND=1;STRUCT=1;VOL=1;COOL=1;EMA50=1;VWAP=1;BIAS=1,2.00,-0.01,26309.39,26552.69,stop trailed to TP1
305,2024.06.07 15:31:01,2024.06.07 18:01:01,TP2_REACHED,XAUUSD,M15,86,SELL,FULLTGT,EVENING,0,2339.36,2351.52,2327.20,12.16,1.00,12.16,2327.20,2315.05,2302.89,2290.73,2278.57,0.10,0.00,0.10,2315.05,2.00,2.00,0.00,2356.60,2361.41,2358.91,2357.54,2361.97,0.538,4.65,56.26,23.85,39.93,-9.27,-10.37,1.10,2361.23,2333.65,3423,2609,14.3,85.7,2,1,CROSS=EMA9<EMA21;TREND=1;STRUCT=1;VOL=1;COOL=1;EMA50=1;VWAP=1;BIAS=1,2.00,-0.01,26309.39,26552.69,full target: no partial booked
306,2024.06.07 16:27:29,2024.06.07 18:57:29,EXIT_TRAIL_SL,XAUUSD,M15,86,SELL,FULLTGT,EVENING,0,2339.36,2351.52,2327.20,12.16,1.00,12.16,2327.20,2315.05,2302.89,2290.73,2278.57,0.10,0.10,0.00,2327.20,0.00,1.00,120.90,2352.42,2358.98,2357.75,2353.75,2359.77,0.210,5.85,51.83,16.82,46.79,-10.87,-10.29,-0.58,2355.83,2319.86,4959,3064,14.3,85.7,5,1,CROSS=EMA9<EMA21;TREND=1;STRUCT=1;VOL=1;COOL=1;EMA50=1;VWAP=1;BIAS=1,2.12,-0.01,26430.64,26430.64,stopped at a trailed level
307,2024.06.10 01:00:00,2024.06.10 03:30:00,DAY_SUMMARY,XAUUSD,M15,86,FLAT,NA,DAY,0,0.00,0.00,0.00,0.00,1.00,0.00,0.00,0.00,0.00,0.00,0.00,0.00,0.00,0.00,0.00,0.00,1.00,120.90,2316.99,2333.63,2343.66,2317.96,2334.44,-2.843,3.53,57.02,32.46,46.62,-8.10,-8.10,-0.01,2337.23,2293.38,887,2041,0.0,85.7,8,1,CROSS=EMA9<EMA21;TREND=1;STRUCT=1;VOL=1;COOL=1;EMA50=1;VWAP=1;BIAS=1,0.00,0.00,26430.64,26430.64,2024.06.07 trades=1 W=1 L=0 gross_profit=120.90 gross_loss=0.00 net=120.90 PF=0.00
308,2024.06.10 01:00:00,2024.06.10 03:30:00,WEEK_SUMMARY,XAUUSD,M15,86,FLAT,NA,DAY,0,0.00,0.00,0.00,0.00,1.00,0.00,0.00,0.00,0.00,0.00,0.00,0.00,0.00,0.00,0.00,0.00,0.00,-9.36,2316.99,2333.63,2343.66,2317.96,2334.44,-2.843,3.53,57.02,32.46,46.62,-8.10,-8.10,-0.01,2337.23,2293.38,887,2041,0.0,85.7,8,1,CROSS=EMA9<EMA21;TREND=1;STRUCT=1;VOL=1;COOL=1;EMA50=1;VWAP=1;BIAS=1,0.00,0.00,26430.64,26430.64,days=3 trades=3 W=1 L=2 gross_profit=120.90 gross_loss=130.26 net=-9.36 PF=0.93 pips=546.0
309,2024.06.11 16:30:00,2024.06.11 19:00:00,ENTRY,XAUUSD,M15,88,BUY,FULLTGT,EVENING,0,2313.03,2306.40,2306.40,6.63,1.00,6.63,2319.66,2326.30,2332.93,2339.57,2346.20,0.19,0.19,0.19,2313.03,0.00,0.00,0.00,2307.51,2307.40,2313.23,2307.28,2307.28,-1.759,3.32,32.03,59.11,50.52,2.78,1.78,1.00,2306.57,2313.02,4058,1964,85.7,14.3,5,1,CROSS=EMA9>EMA21;TREND=1;STRUCT=1;VOL=1;COOL=1;EMA50=1;VWAP=1;BIAS=1,0.00,0.00,26429.97,26429.02,KZ=NY; KZR=NY L @ 2297.97 31 bars ago (low taken); EVENING 4PM-12AM IST session: stop x1.00 of usual; no partials; full size to TP5; SL steps BE->TP1->TP2->TP3
310,2024.06.11 19:32:40,2024.06.11 22:02:40,EXIT_SL,XAUUSD,M15,88,BUY,FULLTGT,EVENING,0,2313.03,2306.40,2306.40,6.63,1.00,6.63,2319.66,2326.30,2332.93,2339.57,2346.20,0.19,0.19,0.00,2306.39,0.00,-1.00,-127.50,2309.36,2308.49,2313.16,2309.45,2308.52,-1.187,3.93,19.65,39.51,32.75,0.54,1.82,-1.28,2308.22,2307.13,1886,2745,14.3,57.1,5,1,CROSS=EMA9>EMA21;TREND=1;STRUCT=1;VOL=1;COOL=1;EMA50=1;VWAP=1;BIAS=1,0.72,-1.00,26303.14,26303.14,stopped at the initial SL (x1.00 of usual)
311,2024.06.12 01:00:00,2024.06.12 03:30:00,DAY_SUMMARY,XAUUSD,M15,88,FLAT,NA,DAY,0,0.00,0.00,0.00,0.00,1.00,0.00,0.00,0.00,0.00,0.00,0.00,0.00,0.00,0.00,0.00,0.00,-1.00,-127.50,2311.51,2309.94,2313.16,2311.30,2309.81,-1.869,1.72,35.32,63.92,65.81,1.42,1.09,0.32,2308.70,2316.73,443,1236,85.7,0.0,7,1,CROSS=EMA9>EMA21;TREND=1;STRUCT=1;VOL=1;COOL=1;EMA50=1;VWAP=1;BIAS=1,0.00,0.00,26303.14,26303.14,2024.06.11 trades=1 W=0 L=1 gross_profit=0.00 gross_loss=127.50 net=-127.50 PF=0.00
312,2024.06.13 07:45:00,2024.06.13 10:15:00,SKIP,XAUUSD,M15,88,FLAT,NA,DAY,0,0.00,0.00,0.00,0.00,1.00,0.00,0.00,0.00,0.00,0.00,0.00,0.00,0.00,0.00,0.00,0.00,0.00,0.00,2318.79,2318.89,2317.73,2319.16,2319.08,0.392,2.97,26.39,34.02,29.25,-2.63,-2.68,0.05,2315.45,2309.72,1111,1652,14.3,71.4,5,1,CROSS=EMA9>EMA21;TREND=1;STRUCT=1;VOL=1;COOL=1;EMA50=1;VWAP=1;BIAS=1,0.00,0.00,26303.14,26303.14,outside the killzone window
313,2024.06.14 12:30:00,2024.06.14 15:00:00,SKIP,XAUUSD,M15,88,FLAT,NA,DAY,0,0.00,0.00,0.00,0.00,1.00,0.00,0.00,0.00,0.00,0.00,0.00,0.00,0.00,0.00,0.00,0.00,0.00,0.00,2309.94,2309.93,2311.72,2309.65,2309.79,-0.588,3.04,37.60,65.12,54.11,3.10,2.72,0.38,2309.54,2316.93,2133,2017,85.7,14.3,5,1,CROSS=EMA9>EMA21;TREND=1;STRUCT=1;VOL=1;COOL=1;EMA50=1;VWAP=1;BIAS=1,0.00,0.00,26303.14,26303.14,outside the killzone window
314,2024.06.17 01:00:00,2024.06.17 03:30:00,WEEK_SUMMARY,XAUUSD,M15,88,FLAT,NA,DAY,0,0.00,0.00,0.00,0.00,1.00,0.00,0.00,0.00,0.00,0.00,0.00,0.00,0.00,0.00,0.00,0.00,-1.00,-127.50,2327.96,2322.56,2318.71,2327.77,2322.36,2.375,1.62,19.44,54.53,50.97,1.12,1.67,-0.55,2321.59,2332.60,624,1407,57.1,14.3,9,1,CROSS=EMA9>EMA21;TREND=1;STRUCT=1;VOL=1;COOL=1;EMA50=1;VWAP=1;BIAS=1,0.00,0.00,26303.14,26303.14,days=1 trades=1 W=0 L=1 gross_profit=0.00 gross_loss=127.50 net=-127.50 PF=0.00 pips=-664.0
315,2024.06.17 14:15:00,2024.06.17 16:45:00,ENTRY,XAUUSD,M15,90,SELL,FULLTGT,EVENING,0,2320.37,2324.76,2324.76,4.39,1.00,4.39,2315.98,2311.59,2307.20,2302.81,2298.42,0.29,0.29,0.29,2320.37,0.00,0.00,0.00,2322.34,2322.36,2320.34,2322.42,2322.40,0.920,2.20,18.71,47.38,46.70,-0.41,-0.66,0.25,2322.43,2320.38,1330,1480,14.3,57.1,5,1,CROSS=EMA9<EMA21;TREND=1;STRUCT=1;VOL=1;COOL=1;EMA50=1;VWAP=1;BIAS=1,0.00,0.00,26302.12,26300.67,KZ=NY; KZR=Asia H @ 2322.99 292 bars ago (high taken); EVENING 4PM-12AM IST session: stop x1.00 of usual; no partials; full size to TP5; SL steps BE->TP1->TP2->TP3
316,2024.06.17 16:12:38,2024.06.17 18:42:38,EXIT_SL,XAUUSD,M15,90,SELL,FULLTGT,EVENING,0,2320.37,2324.76,2324.76,4.39,1.00,4.39,2315.98,2311.59,2307.20,2302.81,2298.42,0.29,0.29,0.00,2324.77,0.00,-1.00,-129.64,2321.63,2321.98,2320.28,2321.71,2322.03,0.737,2.30,19.16,47.13,59.27,-0.59,-0.51,-0.08,2321.96,2319.65,2022,1510,14.3,71.4,5,1,CROSS=EMA9<EMA21;TREND=1;STRUCT=1;VOL=1;COOL=1;EMA50=1;VWAP=1;BIAS=1,0.80,-1.00,26173.50,26173.50,stopped at the initial SL (x1.00 of usual)
317,2024.06.18 01:00:00,2024.06.18 03:30:00,DAY_SUMMARY,XAUUSD,M15,90,FLAT,NA,DAY,0,0.00,0.00,0.00,0.00,1.00,0.00,0.00,0.00,0.00,0.00,0.00,0.00,0.00,0.00,0.00,0.00,-1.00,-129.64,2319.45,2320.43,2319.87,2319.47,2320.46,0.337,1.67,30.08,50.70,49.25,0.16,-0.16,0.32,2320.94,2318.96,342,1117,28.6,57.1,12,1,CROSS=EMA9<EMA21;TREND=1;STRUCT=1;VOL=1;COOL=1;EMA50=1;VWAP=1;BIAS=1,0.00,0.00,26173.50,26173.50,2024.06.17 trades=1 W=0 L=1 gross_profit=0.00 gross_loss=129.64 net=-129.64 PF=0.00
318,2024.06.18 06:00:00,2024.06.18 08:30:00,ENTRY,XAUUSD,M15,92,BUY,FULLTGT,DAY,0,2324.46,2320.14,2320.14,4.32,1.00,4.32,2328.78,2333.10,2337.42,2341.74,2346.06,0.30,0.30,0.30,2324.46,0.00,0.00,0.00,2321.00,2320.99,2320.26,2320.86,2320.92,0.335,2.16,36.48,60.24,59.36,1.19,1.06,0.13,2322.57,2324.39,1860,1147,85.7,14.3,5,1,CROSS=EMA9>EMA21;TREND=1;STRUCT=1;VOL=1;COOL=1;EMA50=1;VWAP=1;BIAS=1,0.00,0.00,26172.45,26170.95,KZ=ASIA; KZR=Asia H @ 2322.99 355 bars ago (high taken); DAY 12AM-4PM IST session: stop x1.00 of usual; no partials; full size to TP5; SL steps BE->TP1->TP2->TP3
319,2024.06.18 08:13:30,2024.06.18 10:43:30,EXIT_SL,XAUUSD,M15,92,BUY,FULLTGT,DAY,0,2324.46,2320.14,2320.14,4.32,1.00,4.32,2328.78,2333.10,2337.42,2341.74,2346.06,0.30,0.30,0.00,2320.12,0.00,-1.00,-132.30,2321.77,2321.41,2320.54,2321.74,2321.39,0.482,1.80,24.39,49.89,28.38,0.80,1.11,-0.30,2322.92,2322.58,1071,1408,14.3,57.1,5,1,CROSS=EMA9>EMA21;TREND=1;STRUCT=1;VOL=1;COOL=1;EMA50=1;VWAP=1;BIAS=1,0.16,-1.00,26041.20,26041.20,stopped at the initial SL (x1.00 of usual)
320,2024.06.18 10:45:00,2024.06.18 13:15:00,ENTRY,XAUUSD,M15,94,SELL,FULLTGT,DAY,0,2316.70,2320.95,2320.95,4.25,1.00,4.25,2312.45,2308.21,2303.96,2299.72,2295.47,0.30,0.30,0.30,2316.70,0.00,0.00,0.00,2321.08,2321.11,2320.48,2321.26,2321.20,0.299,2.12,39.55,33.12,30.66,-1.00,-0.31,-0.69,2321.98,2316.69,1401,1324,0.0,100.0,5,1,CROSS=EMA9<EMA21;TREND=1;STRUCT=1;VOL=1;COOL=1;EMA50=1;VWAP=1;BIAS=1,0.00,0.00,26040.15,26038.65,KZ=LONDON; KZR=Asia H @ 2322.99 374 bars ago (high taken); DAY 12AM-4PM IST session: stop x1.00 of usual; no partials; full size to TP5; SL steps BE->TP1->TP2->TP3
321,2024.06.18 11:29:01,2024.06.18 13:59:01,SL_MOVE,XAUUSD,M15,94,SELL,FULLTGT,DAY,0,2316.70,2320.95,2316.70,4.25,1.00,4.25,2312.45,2308.21,2303.96,2299.72,2295.47,0.30,0.00,0.30,2316.70,1.00,0.00,0.00,2320.57,2320.85,2320.36,2320.86,2321.00,0.226,2.19,48.95,26.34,25.72,-1.64,-0.67,-0.97,2321.59,2313.57,1554,1304,0.0,100.0,5,1,CROSS=EMA9<EMA21;TREND=1;STRUCT=1;VOL=1;COOL=1;EMA50=1;VWAP=1;BIAS=1,1.00,-0.16,26040.15,26167.65,stop to breakeven
322,2024.06.18 11:29:01,2024.06.18 13:59:01,TP1_REACHED,XAUUSD,M15,94,SELL,FULLTGT,DAY,0,2316.70,2320.95,2316.70,4.25,1.00,4.25,2312.45,2308.21,2303.96,2299.72,2295.47,0.30,0.00,0.30,2312.45,1.00,1.00,0.00,2320.57,2320.85,2320.36,2320.86,2321.00,0.226,2.19,48.95,26.34,25.72,-1.64,-0.67,-0.97,2321.59,2313.57,1554,1304,0.0,100.0,5,1,CROSS=EMA9<EMA21;TREND=1;STRUCT=1;VOL=1;COOL=1;EMA50=1;VWAP=1;BIAS=1,1.00,-0.16,26040.15,26167.65,full target: no partial booked
323,2024.06.18 13:25:41,2024.06.18 15:55:41,SL_MOVE,XAUUSD,M15,94,SELL,FULLTGT,DAY,0,2316.70,2320.95,2312.45,4.25,1.00,4.25,2312.45,2308.21,2303.96,2299.72,2295.47,0.30,0.00,0.30,2312.45,2.00,0.00,0.00,2318.21,2319.54,2319.71,2318.49,2319.70,-0.084,2.10,62.65,31.32,35.49,-2.74,-2.41,-0.33,2319.82,2311.33,934,1490,0.0,85.7,5,1,CROSS=EMA9<EMA21;TREND=1;STRUCT=1;VOL=1;COOL=1;EMA50=1;VWAP=1;BIAS=1,2.00,-0.16,26040.15,26295.75,stop trailed to TP1
324,2024.06.18 13:25:41,2024.06.18 15:55:41,TP2_REACHED,XAUUSD,M15,94,SELL,FULLTGT,DAY,0,2316.70,2320.95,2312.45,4.25,1.00,4.25,2312.45,2308.21,2303.96,2299.72,2295.47,0.30,0.00,0.30,2308.21,2.00,2.00,0.00,2318.21,2319.54,2319.71,2318.49,2319.70,-0.084,2.10,62.65,31.32,35.49,-2.74,-2.41,-0.33,2319.82,2311.33,934,1490,0.0,85.7,5,1,CROSS=EMA9<EMA21;TREND=1;STRUCT=1;VOL=1;COOL=1;EMA50=1;VWAP=1;BIAS=1,2.00,-0.16,26040.15,26295.75,full target: no partial booked
325,2024.06.18 14:49:19,2024.06.18 17:19:19,EXIT_TRAIL_SL,XAUUSD,M15,94,SELL,FULLTGT,EVENING,0,2316.70,2320.95,2312.45,4.25,1.00,4.25,2312.45,2308.21,2303.96,2299.72,2295.47,0.30,0.30,0.00,2312.45,0.00,1.00,125.40,2316.39,2318.42,2319.13,2316.59,2318.56,-0.291,2.43,56.01,41.19,54.25,-2.64,-2.86,0.23,2318.54,2311.41,1347,1467,28.6,57.1,5,1,CROSS=EMA9<EMA21;TREND=1;STRUCT=1;VOL=1;COOL=1;EMA50=1;VWAP=1;BIAS=1,2.37,-0.16,26166.60,26166.60,stopped at a trailed level
326,2024.06.18 19:15:00,2024.06.18 21:45:00,SKIP,XAUUSD,M15,94,FLAT,NA,EVENING,0,0.00,0.00,0.00,0.00,1.00,0.00,0.00,0.00,0.00,0.00,0.00,0.00,0.00,0.00,0.00,0.00,0.00,0.00,2319.52,2319.51,2319.57,2319.18,2319.34,-0.010,5.20,46.61,62.32,59.26,3.23,2.56,0.66,2319.76,2328.03,1997,2831,85.7,0.0,5,1,CROSS=EMA9<EMA21;TREND=1;STRUCT=1;VOL=1;COOL=1;EMA50=1;VWAP=1;BIAS=1,0.00,0.00,26166.60,26166.60,outside the killzone window
327,2024.06.19 01:00:00,2024.06.19 03:30:00,DAY_SUMMARY,XAUUSD,M15,94,FLAT,NA,DAY,0,0.00,0.00,0.00,0.00,1.00,0.00,0.00,0.00,0.00,0.00,0.00,0.00,0.00,0.00,0.00,0.00,-0.00,-6.90,2324.94,2322.73,2321.32,2324.76,2322.60,0.895,1.58,16.80,56.13,47.93,1.77,2.37,-0.60,2321.20,2329.34,214,1157,42.9,28.6,11,1,CROSS=EMA9<EMA21;TREND=1;STRUCT=1;VOL=1;COOL=1;EMA50=1;VWAP=1;BIAS=1,0.00,0.00,26166.60,26166.60,2024.06.18 trades=2 W=1 L=1 gross_profit=125.40 gross_loss=132.30 net=-6.90 PF=0.95
328,2024.06.21 18:45:00,2024.06.21 21:15:00,SKIP,XAUUSD,M15,94,FLAT,NA,EVENING,0,0.00,0.00,0.00,0.00,1.00,0.00,0.00,0.00,0.00,0.00,0.00,0.00,0.00,0.00,0.00,0.00,0.00,0.00,2353.31,2353.48,2347.71,2354.37,2354.01,0.910,6.34,48.19,17.02,33.19,-9.36,-6.10,-3.26,2354.48,2327.23,2972,3024,0.0,85.7,5,1,CROSS=EMA9<EMA21;TREND=1;STRUCT=1;VOL=1;COOL=1;EMA50=1;VWAP=1;BIAS=1,0.00,0.00,26166.60,26166.60,outside the killzone window
329,2024.06.24 01:00:00,2024.06.24 03:30:00,WEEK_SUMMARY,XAUUSD,M15,94,FLAT,NA,DAY,0,0.00,0.00,0.00,0.00,1.00,0.00,0.00,0.00,0.00,0.00,0.00,0.00,0.00,0.00,0.00,0.00,-1.01,-136.54,2335.57,2342.75,2342.88,2336.15,2343.18,-0.067,2.02,33.27,28.31,45.97,-4.83,-6.28,1.45,2347.93,2321.42,512,1484,14.3,71.4,12,1,CROSS=EMA9<EMA21;TREND=1;STRUCT=1;VOL=1;COOL=1;EMA50=1;VWAP=1;BIAS=1,0.00,0.00,26166.60,26166.60,days=2 trades=3 W=1 L=2 gross_profit=125.40 gross_loss=261.94 net=-136.54 PF=0.48 pips=-449.0
330,2024.06.27 15:15:00,2024.06.27 17:45:00,ENTRY,XAUUSD,M15,96,BUY,FULLTGT,EVENING,0,2319.53,2314.21,2314.21,5.32,1.00,5.32,2324.85,2330.18,2335.50,2340.82,2346.14,0.24,0.24,0.24,2319.53,0.00,0.00,0.00,2306.62,2306.39,2311.02,2306.10,2306.13,-1.740,2.66,69.08,81.95,74.39,4.17,3.80,0.38,2304.79,2319.48,2479,1673,100.0,0.0,5,1,CROSS=EMA9>EMA21;TREND=1;STRUCT=1;VOL=1;COOL=1;EMA50=1;VWAP=1;BIAS=1,0.00,0.00,26165.76,26164.56,KZ=NY; KZR=Asia L @ 2296.83 24 bars ago (low taken); EVENING 4PM-12AM IST session: stop x1.00 of usual; no partials; full size to TP5; SL steps BE->TP1->TP2->TP3
331,2024.06.27 15:40:03,2024.06.27 18:10:03,SL_MOVE,XAUUSD,M15,96,BUY,FULLTGT,EVENING,0,2319.53,2314.21,2319.53,5.32,1.00,5.32,2324.85,2330.18,2335.50,2340.82,2346.14,0.24,0.00,0.24,2319.53,1.00,0.00,0.00,2307.03,2306.60,2311.08,2306.62,2306.39,-1.687,2.66,70.07,71.00,76.74,4.11,3.88,0.23,2305.21,2317.12,2309,1699,85.7,14.3,5,1,CROSS=EMA9>EMA21;TREND=1;STRUCT=1;VOL=1;COOL=1;EMA50=1;VWAP=1;BIAS=1,1.00,-0.62,26165.76,26294.64,stop to breakeven
332,2024.06.27 15:40:03,2024.06.27 18:10:03,TP1_REACHED,XAUUSD,M15,96,BUY,FULLTGT,EVENING,0,2319.53,2314.21,2319.53,5.32,1.00,5.32,2324.85,2330.18,2335.50,2340.82,2346.14,0.24,0.00,0.24,2324.85,1.00,1.00,0.00,2307.03,2306.60,2311.08,2306.62,2306.39,-1.687,2.66,70.07,71.00,76.74,4.11,3.88,0.23,2305.21,2317.12,2309,1699,85.7,14.3,5,1,CROSS=EMA9>EMA21;TREND=1;STRUCT=1;VOL=1;COOL=1;EMA50=1;VWAP=1;BIAS=1,1.00,-0.62,26165.76,26294.64,full target: no partial booked
333,2024.06.27 17:01:40,2024.06.27 19:31:40,SL_MOVE,XAUUSD,M15,96,BUY,FULLTGT,EVENING,0,2319.53,2314.21,2324.85,5.32,1.00,5.32,2324.85,2330.18,2335.50,2340.82,2346.14,0.24,0.00,0.24,2324.85,2.00,0.00,0.00,2310.38,2308.43,2311.76,2309.85,2308.12,-0.906,3.68,72.38,71.61,58.49,4.70,4.51,0.19,2309.31,2323.39,3640,2349,100.0,0.0,5,1,CROSS=EMA9>EMA21;TREND=1;STRUCT=1;VOL=1;COOL=1;EMA50=1;VWAP=1;BIAS=1,2.00,-0.62,26165.76,26423.04,stop trailed to TP1
334,2024.06.27 17:01:40,2024.06.27 19:31:40,TP2_REACHED,XAUUSD,M15,96,BUY,FULLTGT,EVENING,0,2319.53,2314.21,2324.85,5.32,1.00,5.32,2324.85,2330.18,2335.50,2340.82,2346.14,0.24,0.00,0.24,2330.18,2.00,2.00,0.00,2310.38,2308.43,2311.76,2309.85,2308.12,-0.906,3.68,72.38,71.61,58.49,4.70,4.51,0.19,2309.31,2323.39,3640,2349,100.0,0.0,5,1,CROSS=EMA9>EMA21;TREND=1;STRUCT=1;VOL=1;COOL=1;EMA50=1;VWAP=1;BIAS=1,2.00,-0.62,26165.76,26423.04,full target: no partial booked
335,2024.06.27 17:19:05,2024.06.27 19:49:05,EXIT_TRAIL_SL,XAUUSD,M15,96,BUY,FULLTGT,EVENING,0,2319.53,2314.21,2324.85,5.32,1.00,5.32,2324.85,2330.18,2335.50,2340.82,2346.14,0.24,0.24,0.00,2324.83,0.00,1.00,125.52,2311.05,2308.80,2311.92,2310.38,2308.43,-0.759,4.10,73.76,76.39,63.77,4.97,4.63,0.35,2310.00,2327.46,3758,2449,100.0,0.0,5,1,CROSS=EMA9>EMA21;TREND=1;STRUCT=1;VOL=1;COOL=1;EMA50=1;VWAP=1;BIAS=1,2.12,-0.62,26292.12,26292.12,stopped at a trailed level
336,2024.06.28 01:00:00,2024.06.28 03:30:00,DAY_SUMMARY,XAUUSD,M15,96,FLAT,NA,DAY,0,0.00,0.00,0.00,0.00,1.00,0.00,0.00,0.00,0.00,0.00,0.00,0.00,0.00,0.00,0.00,0.00,1.00,125.52,2321.11,2316.10,2315.32,2320.85,2315.87,0.503,1.55,21.21,60.38,57.69,1.43,1.58,-0.15,2315.28,2327.48,440,1281,57.1,14.3,12,1,CROSS=EMA9>EMA21;TREND=1;STRUCT=1;VOL=1;COOL=1;EMA50=1;VWAP=1;BIAS=1,0.00,0.00,26292.12,26292.12,2024.06.27 trades=1 W=1 L=0 gross_profit=125.52 gross_loss=0.00 net=125.52 PF=0.00
337,2024.07.01 01:00:00,2024.07.01 03:30:00,WEEK_SUMMARY,XAUUSD,M15,96,FLAT,NA,DAY,0,0.00,0.00,0.00,0.00,1.00,0.00,0.00,0.00,0.00,0.00,0.00,0.00,0.00,0.00,0.00,0.00,1.00,125.52,2327.77,2326.07,2322.79,2327.83,2326.07,1.951,1.68,27.51,46.71,55.72,-1.23,-1.30,0.08,2328.36,2326.40,589,1313,42.9,42.9,11,1,CROSS=EMA9>EMA21;TREND=1;STRUCT=1;VOL=1;COOL=1;EMA50=1;VWAP=1;BIAS=1,0.00,0.00,26292.12,26292.12,days=1 trades=1 W=1 L=0 gross_profit=125.52 gross_loss=0.00 net=125.52 PF=0.00 pips=530.0
338,2024.07.01 01:00:00,2024.07.01 03:30:00,MONTH_SUMMARY,XAUUSD,M15,96,FLAT,NA,DAY,0,0.00,0.00,0.00,0.00,1.00,0.00,0.00,0.00,0.00,0.00,0.00,0.00,0.00,0.00,0.00,0.00,-1.01,-147.88,2327.77,2326.07,2322.79,2327.83,2326.07,1.951,1.68,27.51,46.71,55.72,-1.23,-1.30,0.08,2328.36,2326.40,589,1313,42.9,42.9,11,1,CROSS=EMA9>EMA21;TREND=1;STRUCT=1;VOL=1;COOL=1;EMA50=1;VWAP=1;BIAS=1,0.00,0.00,26292.12,26292.12,days=7 trades=8 W=3 L=5 gross_profit=371.82 gross_loss=519.70 net=-147.88 PF=0.72 pips=-37.0
339,2024.07.01 09:15:00,2024.07.01 11:45:00,ENTRY,XAUUSD,M15,98,SELL,FULLTGT,DAY,0,2324.42,2328.57,2328.57,4.15,1.00,4.15,2320.27,2316.11,2311.96,2307.81,2303.66,0.31,0.31,0.31,2324.42,0.00,0.00,0.00,2325.40,2325.41,2323.35,2325.44,2325.43,0.994,2.08,25.14,49.84,57.57,-1.03,-0.69,-0.34,2324.59,2324.42,2019,1131,28.6,71.4,5,1,CROSS=EMA9<EMA21;TREND=1;STRUCT=1;VOL=1;COOL=1;EMA50=1;VWAP=1;BIAS=1,0.00,0.00,26291.03,26289.48,KZ=LONDON; KZR=London H @ 2332.85 271 bars ago (high taken); DAY 12AM-4PM IST session: stop x1.00 of usual; no partials; full size to TP5; SL steps BE->TP1->TP2->TP3
340,2024.07.01 09:30:00,2024.07.01 12:00:00,FLIP,XAUUSD,M15,98,SELL,FULLTGT,DAY,0,2324.42,2328.57,2328.57,4.15,1.00,4.15,2320.27,2316.11,2311.96,2307.81,2303.66,0.31,0.00,0.00,2327.35,0.00,-0.71,0.00,2325.48,2325.45,2323.39,2325.40,2325.41,0.882,2.34,23.20,56.81,67.31,-0.64,-0.76,0.11,2324.68,2327.31,2012,1159,85.7,0.0,5,1,CROSS=EMA9>EMA21;TREND=1;STRUCT=1;VOL=1;COOL=1;EMA50=1;VWAP=1;BIAS=1,0.27,-0.79,26291.03,26200.20,opposite signal before SL/target | SELL -> BUY | closing trade 98
341,2024.07.01 09:30:00,2024.07.01 12:00:00,EXIT_FLIP,XAUUSD,M15,98,SELL,FULLTGT,DAY,0,2324.42,2328.57,2328.57,4.15,1.00,4.15,2320.27,2316.11,2311.96,2307.81,2303.66,0.31,0.31,0.00,2327.35,0.00,-0.71,0.00,2325.48,2325.45,2323.39,2325.40,2325.41,0.882,2.34,23.20,56.81,67.31,-0.64,-0.76,0.11,2324.68,2327.31,2012,1159,85.7,0.0,5,1,CROSS=EMA9>EMA21;TREND=1;STRUCT=1;VOL=1;COOL=1;EMA50=1;VWAP=1;BIAS=1,0.27,-0.79,26199.11,26199.11,FLIP exit
342,2024.07.01 09:30:00,2024.07.01 12:00:00,EXIT_OTHER,XAUUSD,M15,98,SELL,FULLTGT,DAY,0,2324.42,2328.57,2328.57,4.15,1.00,4.15,2320.27,2316.11,2311.96,2307.81,2303.66,0.31,0.31,0.00,2327.35,0.00,-0.71,-93.01,2325.48,2325.45,2323.39,2325.40,2325.41,0.882,2.34,23.20,56.81,67.31,-0.64,-0.76,0.11,2324.68,2327.31,2012,1159,85.7,0.0,5,1,CROSS=EMA9>EMA21;TREND=1;STRUCT=1;VOL=1;COOL=1;EMA50=1;VWAP=1;BIAS=1,0.27,-0.79,26199.11,26199.11,FLIP exit
343,2024.07.01 09:30:00,2024.07.01 12:00:00,ENTRY,XAUUSD,M15,100,BUY,FULLTGT,DAY,98,2327.35,2322.67,2322.67,4.68,1.00,4.68,2332.03,2336.71,2341.39,2346.06,2350.74,0.27,0.27,0.27,2327.35,0.00,0.00,0.00,2325.48,2325.45,2323.39,2325.40,2325.41,0.882,2.34,23.20,56.81,67.31,-0.64,-0.76,0.11,2324.68,2327.31,2012,1159,85.7,0.0,5,1,CROSS=EMA9>EMA21;TREND=1;STRUCT=1;VOL=1;COOL=1;EMA50=1;VWAP=1;BIAS=1,0.00,0.00,26198.16,26196.81,KZ=LONDON; KZR=London H @ 2332.85 272 bars ago (high taken); DAY 12AM-4PM IST session: stop x1.00 of usual; no partials; full size to TP5; SL steps BE->TP1->TP2->TP3; flipped from trade 98
344,2024.07.01 11:03:41,2024.07.01 13:33:41,EXIT_SL,XAUUSD,M15,100,BUY,FULLTGT,DAY,98,2327.35,2322.67,2322.67,4.68,1.00,4.68,2332.03,2336.71,2341.39,2346.06,2350.74,0.27,0.27,0.00,2322.66,0.00,-1.00,-128.53,2325.51,2325.47,2323.52,2325.58,2325.51,0.722,2.70,15.52,46.71,44.35,-0.05,-0.41,0.35,2324.96,2323.78,1512,1332,28.6,57.1,5,1,CROSS=EMA9>EMA21;TREND=1;STRUCT=1;VOL=1;COOL=1;EMA50=1;VWAP=1;BIAS=1,0.36,-1.00,26070.58,26070.58,stopped at the initial SL (x1.00 of usual)
345,2024.07.01 11:15:00,2024.07.01 13:45:00,ENTRY,XAUUSD,M15,102,SELL,FULLTGT,DAY,0,2323.14,2328.49,2328.49,5.35,1.00,5.35,2317.79,2312.45,2307.10,2301.76,2296.41,0.24,0.24,0.24,2323.14,0.00,0.00,0.00,2325.42,2325.43,2323.52,2325.51,2325.47,0.715,2.67,18.34,45.17,43.15,-0.19,-0.29,0.10,2324.87,2323.14,2220,1391,14.3,71.4,3,1,CROSS=EMA9<EMA21;TREND=1;STRUCT=1;VOL=1;COOL=1;EMA50=1;VWAP=1;BIAS=1,0.00,0.00,26069.74,26069.02,KZ=LONDON; KZR=London H @ 2332.85 279 bars ago (high taken); DAY 12AM-4PM IST session: stop x1.00 of usual; no partials; full size to TP5; SL steps BE->TP1->TP2->TP3
346,2024.07.01 12:11:29,2024.07.01 14:41:29,EXIT_SL,XAUUSD,M15,102,SELL,FULLTGT,DAY,0,2323.14,2328.49,2328.49,5.35,1.00,5.35,2317.79,2312.45,2307.10,2301.76,2296.41,0.24,0.24,0.00,2328.50,0.00,-1.00,-130.32,2325.40,2325.42,2323.57,2325.38,2325.41,0.657,2.81,15.82,52.87,63.29,-0.03,-0.10,0.07,2324.86,2325.91,1783,1542,71.4,14.3,5,1,CROSS=EMA9<EMA21;TREND=1;STRUCT=1;VOL=1;COOL=1;EMA50=1;VWAP=1;BIAS=1,0.21,-1.00,25940.26,25940.26,stopped at the initial SL (x1.00 of usual)
347,2024.07.01 12:15:00,2024.07.01 14:45:00,SKIP,XAUUSD,M15,102,FLAT,NA,DAY,0,0.00,0.00,0.00,0.00,1.00,0.00,0.00,0.00,0.00,0.00,0.00,0.00,0.00,0.00,0.00,0.00,0.00,0.00,2325.51,2325.47,2323.61,2325.40,2325.42,0.658,2.82,17.33,58.48,64.60,0.24,-0.05,0.28,2324.95,2328.17,1752,1600,85.7,0.0,5,1,CROSS=EMA9<EMA21;TREND=1;STRUCT=1;VOL=1;COOL=1;EMA50=1;VWAP=1;BIAS=1,0.00,0.00,25940.26,25940.26,outside the killzone window
348,2024.07.02 01:00:00,2024.07.02 03:30:00,DAY_SUMMARY,XAUUSD,M15,102,FLAT,NA,DAY,0,0.00,0.00,0.00,0.00,1.00,0.00,0.00,0.00,0.00,0.00,0.00,0.00,0.00,0.00,0.00,0.00,-2.71,-351.86,2329.02,2328.00,2325.87,2328.91,2327.92,1.509,1.41,30.65,56.85,56.77,0.87,0.53,0.34,2327.54,2331.72,195,1093,85.7,0.0,11,1,CROSS=EMA9<EMA21;TREND=1;STRUCT=1;VOL=1;COOL=1;EMA50=1;VWAP=1;BIAS=1,0.00,0.00,25940.26,25940.26,2024.07.01 trades=3 W=0 L=3 gross_profit=0.00 gross_loss=351.86 net=-351.86 PF=0.00
349,2024.07.02 14:00:00,2024.07.02 16:30:00,SKIP,XAUUSD,M15,102,FLAT,NA,EVENING,0,0.00,0.00,0.00,0.00,1.00,0.00,0.00,0.00,0.00,0.00,0.00,0.00,0.00,0.00,0.00,0.00,0.00,0.00,2328.70,2328.77,2327.33,2328.87,2328.85,0.545,2.64,24.98,41.04,41.55,-1.19,-0.54,-0.66,2329.20,2324.57,1650,1676,0.0,71.4,5,1,CROSS=EMA9<EMA21;TREND=1;STRUCT=1;VOL=1;COOL=1;EMA50=1;VWAP=1;BIAS=1,0.00,0.00,25940.26,25940.26,already positioned that way
350,2024.07.03 02:15:00,2024.07.03 04:45:00,ENTRY,XAUUSD,M15,104,BUY,FULLTGT,DAY,0,2330.79,2328.26,2328.26,2.53,1.00,2.53,2333.32,2335.86,2338.39,2340.92,2343.45,0.51,0.51,0.51,2330.79,0.00,0.00,0.00,2327.92,2327.90,2327.24,2327.81,2327.85,0.523,1.27,35.66,59.36,56.16,1.17,1.09,0.07,2330.52,2330.73,399,747,85.7,0.0,6,1,CROSS=EMA9>EMA21;TREND=1;STRUCT=1;VOL=1;COOL=1;EMA50=1;VWAP=1;BIAS=1,0.00,0.00,25938.47,25935.41,KZ=ASIA; KZR=Asia H @ 2334.40 37 bars ago (high taken); DAY 12AM-4PM IST session: stop x1.00 of usual; no partials; full size to TP5; SL steps BE->TP1->TP2->TP3
351,2024.07.03 05:30:27,2024.07.03 08:00:27,EXIT_SL,XAUUSD,M15,104,BUY,FULLTGT,DAY,0,2330.79,2328.26,2328.26,2.53,1.00,2.53,2333.32,2335.86,2338.39,2340.92,2343.45,0.51,0.51,0.00,2328.24,0.00,-1.01,-133.63,2328.83,2328.43,2327.60,2328.84,2328.43,0.589,1.40,18.02,45.38,37.74,0.33,0.80,-0.47,2330.31,2328.51,734,623,14.3,71.4,5,1,CROSS=EMA9>EMA21;TREND=1;STRUCT=1;VOL=1;COOL=1;EMA50=1;VWAP=1;BIAS=1,0.54,-0.99,25806.63,25806.63,stopped at the initial SL (x1.00 of usual)
352,2024.07.04 01:00:00,2024.07.04 03:30:00,DAY_SUMMARY,XAUUSD,M15,104,FLAT,NA,DAY,0,0.00,0.00,0.00,0.00,1.00,0.00,0.00,0.00,0.00,0.00,0.00,0.00,0.00,0.00,0.00,0.00,-1.01,-133.63,2352.62,2346.22,2339.20,2352.48,2346.02,4.551,1.54,30.95,51.37,55.11,0.14,0.55,-0.41,2348.31,2356.07,226,986,71.4,14.3,11,1,CROSS=EMA9>EMA21;TREND=1;STRUCT=1;VOL=1;COOL=1;EMA50=1;VWAP=1;BIAS=1,0.00,0.00,25806.63,25806.63,2024.07.03 trades=1 W=0 L=1 gross_profit=0.00 gross_loss=133.63 net=-133.63 PF=0.00
353,2024.07.08 01:00:00,2024.07.08 03:30:00,WEEK_SUMMARY,XAUUSD,M15,104,FLAT,NA,DAY,0,0.00,0.00,0.00,0.00,1.00,0.00,0.00,0.00,0.00,0.00,0.00,0.00,0.00,0.00,0.00,0.00,-3.72,-485.49,2380.92,2373.33,2364.17,2380.50,2372.97,3.950,2.32,31.95,62.93,58.48,3.16,3.88,-0.72,2372.95,2391.06,410,1445,71.4,14.3,11,1,CROSS=EMA9>EMA21;TREND=1;STRUCT=1;VOL=1;COOL=1;EMA50=1;VWAP=1;BIAS=1,0.00,0.00,25806.63,25806.63,days=2 trades=4 W=0 L=4 gross_profit=0.00 gross_loss=485.49 net=-485.49 PF=0.00 pips=-1553.0
354,2024.07.08 18:15:00,2024.07.08 20:45:00,SKIP,XAUUSD,M15,104,FLAT,NA,EVENING,0,0.00,0.00,0.00,0.00,1.00,0.00,0.00,0.00,0.00,0.00,0.00,0.00,0.00,0.00,0.00,0.00,0.00,0.00,2376.88,2376.90,2371.58,2377.03,2376.98,1.506,3.54,16.89,43.34,43.52,-0.60,-0.78,0.19,2378.44,2373.08,2324,2314,14.3,71.4,5,1,CROSS=EMA9>EMA21;TREND=1;STRUCT=1;VOL=1;COOL=1;EMA50=1;VWAP=1;BIAS=1,0.00,0.00,25806.63,25806.63,outside the killzone window
355,2024.07.10 05:30:00,2024.07.10 08:00:00,SKIP,XAUUSD,M15,104,FLAT,NA,DAY,0,0.00,0.00,0.00,0.00,1.00,0.00,0.00,0.00,0.00,0.00,0.00,0.00,0.00,0.00,0.00,0.00,0.00,0.00,2364.16,2364.12,2365.00,2364.00,2364.05,-0.540,1.62,30.48,62.62,57.71,1.34,1.05,0.28,2366.46,2367.93,893,703,85.7,14.3,5,1,CROSS=EMA9>EMA21;TREND=1;STRUCT=1;VOL=1;COOL=1;EMA50=1;VWAP=1;BIAS=1,0.00,0.00,25806.63,25806.63,already positioned that way
356,2024.07.18 20:15:00,2024.07.18 22:45:00,SKIP,XAUUSD,M15,104,FLAT,NA,EVENING,0,0.00,0.00,0.00,0.00,1.00,0.00,0.00,0.00,0.00,0.00,0.00,0.00,0.00,0.00,0.00,0.00,0.00,0.00,2463.76,2463.83,2458.90,2464.12,2464.01,1.257,3.92,39.97,32.02,35.11,-2.14,-0.83,-1.31,2464.75,2454.88,2453,3099,0.0,85.7,5,1,CROSS=EMA9>EMA21;TREND=1;STRUCT=1;VOL=1;COOL=1;EMA50=1;VWAP=1;BIAS=1,0.00,0.00,25806.63,25806.63,outside the killzone window
357,2024.07.23 14:30:00,2024.07.23 17:00:00,SKIP,XAUUSD,M15,104,FLAT,NA,EVENING,0,0.00,0.00,0.00,0.00,1.00,0.00,0.00,0.00,0.00,0.00,0.00,0.00,0.00,0.00,0.00,0.00,0.00,0.00,2400.33,2400.26,2406.52,2399.94,2400.06,-2.003,3.12,44.82,71.02,63.56,3.36,2.86,0.50,2399.32,2409.90,1814,2112,85.7,0.0,5,1,CROSS=EMA9>EMA21;TREND=1;STRUCT=1;VOL=1;COOL=1;EMA50=1;VWAP=1;BIAS=1,0.00,0.00,25806.63,25806.63,already positioned that way
358,2024.07.25 01:15:00,2024.07.25 03:45:00,ENTRY,XAUUSD,M15,106,SELL,FULLTGT,DAY,0,2395.58,2401.93,2401.93,6.35,1.00,6.35,2389.23,2382.89,2376.54,2370.19,2363.84,0.20,0.20,0.20,2395.58,0.00,0.00,0.00,2411.25,2411.45,2410.60,2411.89,2411.77,0.267,3.17,67.00,18.60,29.51,-5.76,-4.52,-1.24,2396.40,2395.58,1043,1810,0.0,85.7,5,1,CROSS=EMA9<EMA21;TREND=1;STRUCT=1;VOL=1;COOL=1;EMA50=1;VWAP=1;BIAS=1,0.00,0.00,25805.93,25804.93,KZ=ASIA; KZR=Asia L @ 2394.81 163 bars ago (low taken); DAY 12AM-4PM IST session: stop x1.00 of usual; no partials; full size to TP5; SL steps BE->TP1->TP2->TP3
359,2024.07.25 04:26:41,2024.07.25 06:56:41,SL_MOVE,XAUUSD,M15,106,SELL,FULLTGT,DAY,0,2395.58,2401.93,2395.58,6.35,1.00,6.35,2389.23,2382.89,2376.54,2370.19,2363.84,0.20,0.00,0.20,2395.58,1.00,0.00,0.00,2406.14,2408.55,2409.16,2406.48,2408.76,-0.221,2.77,36.47,37.86,24.54,-3.42,-4.22,0.80,2397.58,2397.94,2942,1383,42.9,57.1,5,1,CROSS=EMA9<EMA21;TREND=1;STRUCT=1;VOL=1;COOL=1;EMA50=1;VWAP=1;BIAS=1,0.99,-0.90,25805.93,25933.13,stop to breakeven
360,2024.07.25 04:26:41,2024.07.25 06:56:41,TP1_REACHED,XAUUSD,M15,106,SELL,FULLTGT,DAY,0,2395.58,2401.93,2395.58,6.35,1.00,6.35,2389.23,2382.89,2376.54,2370.19,2363.84,0.20,0.00,0.20,2389.23,1.00,1.00,0.00,2406.14,2408.55,2409.16,2406.48,2408.76,-0.221,2.77,36.47,37.86,24.54,-3.42,-4.22,0.80,2397.58,2397.94,2942,1383,42.9,57.1,5,1,CROSS=EMA9<EMA21;TREND=1;STRUCT=1;VOL=1;COOL=1;EMA50=1;VWAP=1;BIAS=1,0.99,-0.90,25805.93,25933.13,full target: no partial booked
361,2024.07.25 04:38:31,2024.07.25 07:08:31,SL_MOVE,XAUUSD,M15,106,SELL,FULLTGT,DAY,0,2395.58,2401.93,2389.23,6.35,1.00,6.35,2389.23,2382.89,2376.54,2370.19,2363.84,0.20,0.00,0.20,2389.23,2.00,0.00,0.00,2405.43,2408.14,2408.95,2406.14,2408.55,-0.237,3.41,36.82,23.93,20.02,-4.00,-4.07,0.08,2396.36,2388.00,3618,1486,14.3,85.7,5,1,CROSS=EMA9<EMA21;TREND=1;STRUCT=1;VOL=1;COOL=1;EMA50=1;VWAP=1;BIAS=1,2.00,-0.90,25805.93,26060.73,stop trailed to TP1
362,2024.07.25 04:38:31,2024.07.25 07:08:31,TP2_REACHED,XAUUSD,M15,106,SELL,FULLTGT,DAY,0,2395.58,2401.93,2389.23,6.35,1.00,6.35,2389.23,2382.89,2376.54,2370.19,2363.84,0.20,0.00,0.20,2382.89,2.00,2.00,0.00,2405.43,2408.14,2408.95,2406.14,2408.55,-0.237,3.41,36.82,23.93,20.02,-4.00,-4.07,0.08,2396.36,2388.00,3618,1486,14.3,85.7,5,1,CROSS=EMA9<EMA21;TREND=1;STRUCT=1;VOL=1;COOL=1;EMA50=1;VWAP=1;BIAS=1,2.00,-0.90,25805.93,26060.73,full target: no partial booked
363,2024.07.25 04:40:42,2024.07.25 07:10:42,SL_MOVE,XAUUSD,M15,106,SELL,FULLTGT,DAY,0,2395.58,2401.93,2382.89,6.35,1.00,6.35,2389.23,2382.89,2376.54,2370.19,2363.84,0.20,0.00,0.20,2382.89,3.00,0.00,0.00,2405.43,2408.14,2408.95,2406.14,2408.55,-0.237,3.41,36.82,23.93,14.00,-4.00,-4.07,0.08,2396.36,2388.00,3618,1486,14.3,85.7,5,1,CROSS=EMA9<EMA21;TREND=1;STRUCT=1;VOL=1;COOL=1;EMA50=1;VWAP=1;BIAS=1,3.00,-0.90,25805.93,26187.93,stop trailed to TP2
364,2024.07.25 04:40:42,2024.07.25 07:10:42,TP3_REACHED,XAUUSD,M15,106,SELL,FULLTGT,DAY,0,2395.58,2401.93,2382.89,6.35,1.00,6.35,2389.23,2382.89,2376.54,2370.19,2363.84,0.20,0.00,0.20,2376.54,3.00,3.00,0.00,2405.43,2408.14,2408.95,2406.14,2408.55,-0.237,3.41,36.82,23.93,14.00,-4.00,-4.07,0.08,2396.36,2388.00,3618,1486,14.3,85.7,5,1,CROSS=EMA9<EMA21;TREND=1;STRUCT=1;VOL=1;COOL=1;EMA50=1;VWAP=1;BIAS=1,3.00,-0.90,25805.93,26187.93,full target: no partial booked
365,2024.07.25 05:42:39,2024.07.25 08:12:39,SL_MOVE,XAUUSD,M15,106,SELL,FULLTGT,DAY,0,2395.58,2401.93,2376.54,6.35,1.00,6.35,2389.23,2382.89,2376.54,2370.19,2363.84,0.20,0.00,0.20,2376.54,4.00,0.00,0.00,2401.22,2405.74,2407.70,2402.18,2406.31,-0.387,5.04,43.81,20.56,27.35,-7.36,-4.95,-2.41,2388.34,2377.58,2504,1907,14.3,85.7,5,1,CROSS=EMA9<EMA21;TREND=1;STRUCT=1;VOL=1;COOL=1;EMA50=1;VWAP=1;BIAS=1,4.00,-0.90,25805.93,26313.73,stop trailed to TP3
366,2024.07.25 05:42:39,2024.07.25 08:12:39,TP4_REACHED,XAUUSD,M15,106,SELL,FULLTGT,DAY,0,2395.58,2401.93,2376.54,6.35,1.00,6.35,2389.23,2382.89,2376.54,2370.19,2363.84,0.20,0.00,0.20,2370.19,4.00,4.00,0.00,2401.22,2405.74,2407.70,2402.18,2406.31,-0.387,5.04,43.81,20.56,27.35,-7.36,-4.95,-2.41,2388.34,2377.58,2504,1907,14.3,85.7,5,1,CROSS=EMA9<EMA21;TREND=1;STRUCT=1;VOL=1;COOL=1;EMA50=1;VWAP=1;BIAS=1,4.00,-0.90,25805.93,26313.73,full target: no partial booked
367,2024.07.25 07:33:29,2024.07.25 10:03:29,EXIT_TRAIL_SL,XAUUSD,M15,106,SELL,FULLTGT,DAY,0,2395.58,2401.93,2376.54,6.35,1.00,6.35,2389.23,2382.89,2376.54,2370.19,2363.84,0.20,0.20,0.00,2376.56,0.00,3.00,379.00,2393.70,2401.01,2405.08,2394.44,2401.52,-0.655,6.22,40.82,30.08,48.82,-7.47,-8.12,0.64,2382.71,2375.71,1556,2634,14.3,71.4,5,1,CROSS=EMA9<EMA21;TREND=1;STRUCT=1;VOL=1;COOL=1;EMA50=1;VWAP=1;BIAS=1,4.54,-0.90,26185.63,26185.63,stopped at a trailed level
368,2024.07.26 01:00:00,2024.07.26 03:30:00,DAY_SUMMARY,XAUUSD,M15,106,FLAT,NA,DAY,0,0.00,0.00,0.00,0.00,1.00,0.00,0.00,0.00,0.00,0.00,0.00,0.00,0.00,0.00,0.00,0.00,3.00,379.00,2366.47,2375.47,2386.78,2366.55,2375.69,-3.704,3.05,22.63,53.50,60.67,-0.73,-2.05,1.32,2371.91,2364.49,770,2040,42.9,28.6,12,1,CROSS=EMA9<EMA21;TREND=1;STRUCT=1;VOL=1;COOL=1;EMA50=1;VWAP=1;BIAS=1,0.00,0.00,26185.63,26185.63,2024.07.25 trades=1 W=1 L=0 gross_profit=379.00 gross_loss=0.00 net=379.00 PF=0.00
369,2024.07.26 17:15:00,2024.07.26 19:45:00,SKIP,XAUUSD,M15,106,FLAT,NA,EVENING,0,0.00,0.00,0.00,0.00,1.00,0.00,0.00,0.00,0.00,0.00,0.00,0.00,0.00,0.00,0.00,0.00,0.00,0.00,2373.57,2373.52,2379.74,2372.94,2373.21,-1.410,4.41,31.22,77.14,78.10,2.98,1.52,1.46,2372.67,2389.02,4275,2401,100.0,0.0,5,1,CROSS=EMA9<EMA21;TREND=1;STRUCT=1;VOL=1;COOL=1;EMA50=1;VWAP=1;BIAS=1,0.00,0.00,26185.63,26185.63,outside the killzone window
370,2024.07.29 01:00:00,2024.07.29 03:30:00,WEEK_SUMMARY,XAUUSD,M15,106,FLAT,NA,DAY,0,0.00,0.00,0.00,0.00,1.00,0.00,0.00,0.00,0.00,0.00,0.00,0.00,0.00,0.00,0.00,0.00,3.00,379.00,2381.49,2378.52,2381.09,2381.26,2378.34,-1.219,2.11,31.77,59.08,57.96,1.52,1.48,0.04,2376.25,2387.34,545,1388,85.7,0.0,10,1,CROSS=EMA9<EMA21;TREND=1;STRUCT=1;VOL=1;COOL=1;EMA50=1;VWAP=1;BIAS=1,0.00,0.00,26185.63,26185.63,days=1 trades=1 W=1 L=0 gross_profit=379.00 gross_loss=0.00 net=379.00 PF=0.00 pips=1902.0
371,2024.07.29 20:00:00,2024.07.29 22:30:00,SKIP,XAUUSD,M15,106,FLAT,NA,EVENING,0,0.00,0.00,0.00,0.00,1.00,0.00,0.00,0.00,0.00,0.00,0.00,0.00,0.00,0.00,0.00,0.00,0.00,0.00,2386.87,2386.89,2386.01,2387.23,2387.07,0.203,4.37,30.70,35.78,47.35,-4.12,-3.50,-0.62,2390.47,2378.17,1943,2874,0.0,85.7,5,1,CROSS=EMA9<EMA21;TREND=1;STRUCT=1;VOL=1;COOL=1;EMA50=1;VWAP=1;BIAS=1,0.00,0.00,26185.63,26185.63,outside the killzone window
372,2024.07.30 10:15:00,2024.07.30 12:45:00,ENTRY,XAUUSD,M15,108,BUY,FULLTGT,DAY,0,2390.33,2386.15,2386.15,4.18,1.00,4.18,2394.51,2398.69,2402.87,2407.05,2411.23,0.31,0.31,0.31,2390.33,0.00,0.00,0.00,2385.10,2385.03,2385.03,2384.89,2384.92,-0.002,2.09,69.82,69.00,59.46,2.02,1.73,0.29,2384.42,2390.27,2537,1689,85.7,14.3,5,1,CROSS=EMA9>EMA21;TREND=1;STRUCT=1;VOL=1;COOL=1;EMA50=1;VWAP=1;BIAS=1,0.00,0.00,26184.54,26182.99,KZ=LONDON; KZR=London L @ 2365.87 460 bars ago (low taken); DAY 12AM-4PM IST session: stop x1.00 of usual; no partials; full size to TP5; SL steps BE->TP1->TP2->TP3
373,2024.07.30 15:11:40,2024.07.30 17:41:40,EXIT_SL,XAUUSD,M15,108,BUY,FULLTGT,EVENING,0,2390.33,2386.15,2386.15,4.18,1.00,4.18,2394.51,2398.69,2402.87,2407.05,2411.23,0.31,0.31,0.00,2386.14,0.00,-1.00,-132.07,2387.58,2386.53,2385.86,2387.60,2386.52,0.326,2.07,26.42,42.90,38.51,0.66,1.02,-0.36,2386.42,2387.13,1732,1656,28.6,71.4,1,1,CROSS=EMA9>EMA21;TREND=1;STRUCT=1;VOL=1;COOL=1;EMA50=1;VWAP=1;BIAS=1,0.50,-1.00,26053.56,26053.56,stopped at the initial SL (x1.00 of usual)
374,2024.07.31 01:00:00,2024.07.31 03:30:00,DAY_SUMMARY,XAUUSD,M15,108,FLAT,NA,DAY,0,0.00,0.00,0.00,0.00,1.00,0.00,0.00,0.00,0.00,0.00,0.00,0.00,0.00,0.00,0.00,0.00,-1.00,-132.07,2397.73,2393.08,2389.67,2397.19,2392.71,1.242,2.74,52.67,69.79,63.14,4.73,4.53,0.20,2391.24,2410.92,869,2008,85.7,0.0,10,1,CROSS=EMA9>EMA21;TREND=1;STRUCT=1;VOL=1;COOL=1;EMA50=1;VWAP=1;BIAS=1,0.00,0.00,26053.56,26053.56,2024.07.30 trades=1 W=0 L=1 gross_profit=0.00 gross_loss=132.07 net=-132.07 PF=0.00
375,2024.08.01 01:00:00,2024.08.01 03:30:00,MONTH_SUMMARY,XAUUSD,M15,108,FLAT,NA,DAY,0,0.00,0.00,0.00,0.00,1.00,0.00,0.00,0.00,0.00,0.00,0.00,0.00,0.00,0.00,0.00,0.00,-1.72,-238.56,2428.60,2420.19,2409.73,2427.84,2419.65,2.199,4.76,39.29,72.48,62.69,6.80,4.94,1.86,2422.38,2447.24,798,2883,85.7,0.0,9,1,CROSS=EMA9>EMA21;TREND=1;STRUCT=1;VOL=1;COOL=1;EMA50=1;VWAP=1;BIAS=1,0.00,0.00,26053.56,26053.56,days=4 trades=6 W=1 L=5 gross_profit=379.00 gross_loss=617.56 net=-238.56 PF=0.61 pips=-70.0
376,2024.08.02 20:15:00,2024.08.02 22:45:00,SKIP,XAUUSD,M15,108,FLAT,NA,EVENING,0,0.00,0.00,0.00,0.00,1.00,0.00,0.00,0.00,0.00,0.00,0.00,0.00,0.00,0.00,0.00,0.00,0.00,0.00,2449.46,2449.60,2442.45,2450.32,2450.03,0.602,11.87,23.62,39.40,41.44,-8.70,-8.32,-0.39,2452.87,2428.36,3371,4819,0.0,71.4,5,1,CROSS=EMA9>EMA21;TREND=1;STRUCT=1;VOL=1;COOL=1;EMA50=1;VWAP=1;BIAS=1,0.00,0.00,26053.56,26053.56,outside the killzone window
377,2024.08.07 18:30:00,2024.08.07 21:00:00,SKIP,XAUUSD,M15,108,FLAT,NA,EVENING,0,0.00,0.00,0.00,0.00,1.00,0.00,0.00,0.00,0.00,0.00,0.00,0.00,0.00,0.00,0.00,0.00,0.00,0.00,2396.36,2396.34,2402.10,2396.29,2396.31,-1.475,3.90,16.12,49.33,41.82,1.34,2.03,-0.70,2393.06,2398.04,3550,2755,28.6,57.1,5,1,CROSS=EMA9>EMA21;TREND=1;STRUCT=1;VOL=1;COOL=1;EMA50=1;VWAP=1;BIAS=1,0.00,0.00,26053.56,26053.56,outside the killzone window
378,2024.08.07 18:45:00,2024.08.07 21:15:00,SKIP,XAUUSD,M15,108,FLAT,NA,EVENING,0,0.00,0.00,0.00,0.00,1.00,0.00,0.00,0.00,0.00,0.00,0.00,0.00,0.00,0.00,0.00,0.00,0.00,0.00,2396.25,2396.29,2402.01,2396.36,2396.34,-1.417,4.04,19.18,40.67,30.89,0.73,1.82,-1.08,2393.09,2393.47,3133,2833,14.3,71.4,5,1,CROSS=EMA9>EMA21;TREND=1;STRUCT=1;VOL=1;COOL=1;EMA50=1;VWAP=1;BIAS=1,0.00,0.00,26053.56,26053.56,outside the killzone window
379,2024.08.08 12:00:00,2024.08.08 14:30:00,SKIP,XAUUSD,M15,108,FLAT,NA,DAY,0,0.00,0.00,0.00,0.00,1.00,0.00,0.00,0.00,0.00,0.00,0.00,0.00,0.00,0.00,0.00,0.00,0.00,0.00,2392.83,2392.81,2396.75,2392.75,2392.77,-1.272,3.10,30.89,51.86,44.67,1.24,1.85,-0.61,2391.54,2394.61,1709,2286,57.1,28.6,5,1,CROSS=EMA9>EMA21;TREND=1;STRUCT=1;VOL=1;COOL=1;EMA50=1;VWAP=1;BIAS=1,0.00,0.00,26053.56,26053.56,outside the killzone window
380,2024.08.14 18:15:00,2024.08.14 20:45:00,SKIP,XAUUSD,M15,108,FLAT,NA,EVENING,0,0.00,0.00,0.00,0.00,1.00,0.00,0.00,0.00,0.00,0.00,0.00,0.00,0.00,0.00,0.00,0.00,0.00,0.00,2464.79,2464.88,2459.88,2465.38,2465.17,0.708,7.05,33.89,32.43,37.07,-5.11,-2.91,-2.20,2464.30,2450.33,3659,3187,14.3,85.7,5,1,CROSS=EMA9>EMA21;TREND=1;STRUCT=1;VOL=1;COOL=1;EMA50=1;VWAP=1;BIAS=1,0.00,0.00,26053.56,26053.56,outside the killzone window
381,2024.08.15 15:15:00,2024.08.15 17:45:00,SKIP,XAUUSD,M15,108,FLAT,NA,EVENING,0,0.00,0.00,0.00,0.00,1.00,0.00,0.00,0.00,0.00,0.00,0.00,0.00,0.00,0.00,0.00,0.00,0.00,0.00,2456.12,2456.05,2455.91,2455.74,2455.86,0.069,2.03,30.73,77.11,75.50,2.28,1.60,0.68,2454.56,2465.32,2446,1470,100.0,0.0,5,1,CROSS=EMA9>EMA21;TREND=1;STRUCT=1;VOL=1;COOL=1;EMA50=1;VWAP=1;BIAS=1,0.00,0.00,26053.56,26053.56,already positioned that way
382,2024.08.15 16:00:00,2024.08.15 18:30:00,ENTRY,XAUUSD,M15,110,SELL,FULLTGT,EVENING,0,2441.22,2450.14,2450.14,8.92,1.00,8.92,2432.30,2423.37,2414.45,2405.53,2396.61,0.14,0.14,0.14,2441.22,0.00,0.00,0.00,2455.83,2455.92,2455.85,2456.43,2456.22,0.015,4.46,32.23,28.11,17.99,0.19,1.66,-1.48,2454.65,2441.11,4806,1891,0.0,100.0,5,1,CROSS=EMA9<EMA21;TREND=1;STRUCT=1;VOL=1;COOL=1;EMA50=1;VWAP=1;BIAS=1,0.00,0.00,26053.07,26052.37,KZ=NY; KZR=London H @ 2478.66 97 bars ago (high taken); EVENING 4PM-12AM IST session: stop x1.00 of usual; no partials; full size to TP5; SL steps BE->TP1->TP2->TP3
383,2024.08.15 16:10:42,2024.08.15 18:40:42,SL_MOVE,XAUUSD,M15,110,SELL,FULLTGT,EVENING,0,2441.22,2450.14,2441.22,8.92,1.00,8.92,2432.30,2423.37,2414.45,2405.53,2396.61,0.14,0.00,0.14,2441.22,1.00,0.00,0.00,2455.83,2455.92,2455.85,2456.43,2456.22,0.015,4.46,32.23,28.11,14.24,0.19,1.66,-1.48,2454.65,2441.11,4806,1891,0.0,100.0,5,1,CROSS=EMA9<EMA21;TREND=1;STRUCT=1;VOL=1;COOL=1;EMA50=1;VWAP=1;BIAS=1,1.00,-0.01,26053.07,26178.23,stop to breakeven
384,2024.08.15 16:10:42,2024.08.15 18:40:42,TP1_REACHED,XAUUSD,M15,110,SELL,FULLTGT,EVENING,0,2441.22,2450.14,2441.22,8.92,1.00,8.92,2432.30,2423.37,2414.45,2405.53,2396.61,0.14,0.00,0.14,2432.30,1.00,1.00,0.00,2455.83,2455.92,2455.85,2456.43,2456.22,0.015,4.46,32.23,28.11,14.24,0.19,1.66,-1.48,2454.65,2441.11,4806,1891,0.0,100.0,5,1,CROSS=EMA9<EMA21;TREND=1;STRUCT=1;VOL=1;COOL=1;EMA50=1;VWAP=1;BIAS=1,1.00,-0.01,26053.07,26178.23,full target: no partial booked
385,2024.08.15 16:15:42,2024.08.15 18:45:42,EXIT_BE,XAUUSD,M15,110,SELL,FULLTGT,EVENING,0,2441.22,2450.14,2441.22,8.92,1.00,8.92,2432.30,2423.37,2414.45,2405.53,2396.61,0.14,0.14,0.00,2441.24,0.00,-0.00,-1.26,2455.13,2455.56,2455.67,2455.83,2455.92,-0.022,5.01,29.75,25.80,23.55,-1.37,1.35,-2.72,2453.75,2437.87,5174,2065,0.0,100.0,5,1,CROSS=EMA9<EMA21;TREND=1;STRUCT=1;VOL=1;COOL=1;EMA50=1;VWAP=1;BIAS=1,1.00,-0.01,26052.30,26052.30,stopped at breakeven
386,2024.08.15 22:30:00,2024.08.16 01:00:00,SKIP,XAUUSD,M15,110,FLAT,NA,DAY,0,0.00,0.00,0.00,0.00,1.00,0.00,0.00,0.00,0.00,0.00,0.00,0.00,0.00,0.00,0.00,0.00,0.00,0.00,2455.53,2455.48,2455.55,2455.33,2455.38,-0.037,2.02,35.50,59.28,66.58,1.25,0.64,0.60,2453.37,2460.43,1179,2178,85.7,0.0,5,1,CROSS=EMA9<EMA21;TREND=1;STRUCT=1;VOL=1;COOL=1;EMA50=1;VWAP=1;BIAS=1,0.00,0.00,26052.30,26052.30,outside the killzone window
387,2024.08.16 01:00:00,2024.08.16 03:30:00,DAY_SUMMARY,XAUUSD,M15,110,FLAT,NA,DAY,0,0.00,0.00,0.00,0.00,1.00,0.00,0.00,0.00,0.00,0.00,0.00,0.00,0.00,0.00,0.00,0.00,-0.00,-1.26,2455.69,2455.57,2455.59,2455.67,2455.55,-0.012,2.08,20.38,49.89,47.83,0.44,0.81,-0.37,2453.49,2456.24,662,1541,28.6,42.9,9,1,CROSS=EMA9<EMA21;TREND=1;STRUCT=1;VOL=1;COOL=1;EMA50=1;VWAP=1;BIAS=1,0.00,0.00,26052.30,26052.30,2024.08.15 trades=1 W=0 L=1 gross_profit=0.00 gross_loss=1.26 net=-1.26 PF=0.00
388,2024.08.16 07:15:00,2024.08.16 09:45:00,SKIP,XAUUSD,M15,110,FLAT,NA,DAY,0,0.00,0.00,0.00,0.00,1.00,0.00,0.00,0.00,0.00,0.00,0.00,0.00,0.00,0.00,0.00,0.00,0.00,0.00,2455.65,2455.66,2455.66,2455.76,2455.72,0.001,2.40,37.45,40.14,42.40,-1.04,-0.36,-0.68,2456.08,2452.82,989,1514,0.0,85.7,5,1,CROSS=EMA9<EMA21;TREND=1;STRUCT=1;VOL=1;COOL=1;EMA50=1;VWAP=1;BIAS=1,0.00,0.00,26052.30,26052.30,outside the killzone window
389,2024.08.16 11:15:00,2024.08.16 13:45:00,ENTRY,XAUUSD,M15,112,BUY,FULLTGT,DAY,0,2460.15,2454.85,2454.85,5.30,1.00,5.30,2465.45,2470.75,2476.05,2481.36,2486.66,0.24,0.24,0.24,2460.15,0.00,0.00,0.00,2455.63,2455.60,2455.62,2455.45,2455.51,-0.004,2.65,26.26,61.47,62.22,0.70,-0.03,0.72,2456.03,2460.13,1996,1560,85.7,14.3,5,1,CROSS=EMA9>EMA21;TREND=1;STRUCT=1;VOL=1;COOL=1;EMA50=1;VWAP=1;BIAS=1,0.00,0.00,26051.46,26050.26,KZ=LONDON; KZR=London H @ 2478.66 174 bars ago (high taken); DAY 12AM-4PM IST session: stop x1.00 of usual; no partials; full size to TP5; SL steps BE->TP1->TP2->TP3
390,2024.08.16 13:15:31,2024.08.16 15:45:31,SL_MOVE,XAUUSD,M15,112,BUY,FULLTGT,DAY,0,2460.15,2454.85,2460.15,5.30,1.00,5.30,2465.45,2470.75,2476.05,2481.36,2486.66,0.24,0.00,0.24,2460.15,1.00,0.00,0.00,2457.61,2456.67,2456.17,2457.30,2456.50,0.177,2.83,22.07,70.28,65.14,2.29,1.66,0.63,2457.11,2465.16,1529,1709,71.4,0.0,5,1,CROSS=EMA9>EMA21;TREND=1;STRUCT=1;VOL=1;COOL=1;EMA50=1;VWAP=1;BIAS=1,1.00,-0.19,26051.46,26178.90,stop to breakeven
391,2024.08.16 13:15:31,2024.08.16 15:45:31,TP1_REACHED,XAUUSD,M15,112,BUY,FULLTGT,DAY,0,2460.15,2454.85,2460.15,5.30,1.00,5.30,2465.45,2470.75,2476.05,2481.36,2486.66,0.24,0.00,0.24,2465.45,1.00,1.00,0.00,2457.61,2456.67,2456.17,2457.30,2456.50,0.177,2.83,22.07,70.28,65.14,2.29,1.66,0.63,2457.11,2465.16,1529,1709,71.4,0.0,5,1,CROSS=EMA9>EMA21;TREND=1;STRUCT=1;VOL=1;COOL=1;EMA50=1;VWAP=1;BIAS=1,1.00,-0.19,26051.46,26178.90,full target: no partial booked
392,2024.08.16 14:18:38,2024.08.16 16:48:38,SL_MOVE,XAUUSD,M15,112,BUY,FULLTGT,EVENING,0,2460.15,2454.85,2465.45,5.30,1.00,5.30,2465.45,2470.75,2476.05,2481.36,2486.66,0.24,0.00,0.24,2465.45,2.00,0.00,0.00,2458.90,2457.41,2456.56,2458.49,2457.18,0.278,3.04,30.52,72.88,68.92,2.84,2.29,0.56,2457.97,2468.75,1933,1681,100.0,0.0,5,1,CROSS=EMA9>EMA21;TREND=1;STRUCT=1;VOL=1;COOL=1;EMA50=1;VWAP=1;BIAS=1,2.00,-0.19,26051.46,26306.58,stop trailed to TP1
393,2024.08.16 14:18:38,2024.08.16 16:48:38,TP2_REACHED,XAUUSD,M15,112,BUY,FULLTGT,EVENING,0,2460.15,2454.85,2465.45,5.30,1.00,5.30,2465.45,2470.75,2476.05,2481.36,2486.66,0.24,0.00,0.24,2470.75,2.00,2.00,0.00,2458.90,2457.41,2456.56,2458.49,2457.18,0.278,3.04,30.52,72.88,68.92,2.84,2.29,0.56,2457.97,2468.75,1933,1681,100.0,0.0,5,1,CROSS=EMA9>EMA21;TREND=1;STRUCT=1;VOL=1;COOL=1;EMA50=1;VWAP=1;BIAS=1,2.00,-0.19,26051.46,26306.58,full target: no partial booked
394,2024.08.16 14:36:32,2024.08.16 17:06:32,EXIT_TRAIL_SL,XAUUSD,M15,112,BUY,FULLTGT,EVENING,0,2460.15,2454.85,2465.45,5.30,1.00,5.30,2465.45,2470.75,2476.05,2481.36,2486.66,0.24,0.24,0.00,2465.45,0.00,1.00,125.52,2459.27,2457.63,2456.68,2458.90,2457.41,0.359,2.63,33.33,71.80,52.90,3.00,2.42,0.59,2458.28,2468.49,2187,1691,85.7,14.3,5,1,CROSS=EMA9>EMA21;TREND=1;STRUCT=1;VOL=1;COOL=1;EMA50=1;VWAP=1;BIAS=1,2.10,-0.19,26177.82,26177.82,stopped at a trailed level
395,2024.08.19 01:00:00,2024.08.19 03:30:00,DAY_SUMMARY,XAUUSD,M15,112,FLAT,NA,DAY,0,0.00,0.00,0.00,0.00,1.00,0.00,0.00,0.00,0.00,0.00,0.00,0.00,0.00,0.00,0.00,0.00,1.00,125.52,2489.21,2477.83,2468.64,2488.47,2477.23,2.948,3.12,59.33,68.46,58.55,6.17,6.50,-0.32,2476.12,2507.46,673,1753,71.4,14.3,9,1,CROSS=EMA9>EMA21;TREND=1;STRUCT=1;VOL=1;COOL=1;EMA50=1;VWAP=1;BIAS=1,0.00,0.00,26177.82,26177.82,2024.08.16 trades=1 W=1 L=0 gross_profit=125.52 gross_loss=0.00 net=125.52 PF=0.00
396,2024.08.19 01:00:00,2024.08.19 03:30:00,WEEK_SUMMARY,XAUUSD,M15,112,FLAT,NA,DAY,0,0.00,0.00,0.00,0.00,1.00,0.00,0.00,0.00,0.00,0.00,0.00,0.00,0.00,0.00,0.00,0.00,1.00,124.26,2489.21,2477.83,2468.64,2488.47,2477.23,2.948,3.12,59.33,68.46,58.55,6.17,6.50,-0.32,2476.12,2507.46,673,1753,71.4,14.3,9,1,CROSS=EMA9>EMA21;TREND=1;STRUCT=1;VOL=1;COOL=1;EMA50=1;VWAP=1;BIAS=1,0.00,0.00,26177.82,26177.82,days=2 trades=2 W=1 L=1 gross_profit=125.52 gross_loss=1.26 net=124.26 PF=99.62 pips=528.0
397,2024.08.21 14:15:00,2024.08.21 16:45:00,ENTRY,XAUUSD,M15,114,SELL,FULLTGT,EVENING,0,2508.27,2513.59,2513.59,5.32,1.00,5.32,2502.95,2497.64,2492.32,2487.00,2481.68,0.24,0.24,0.24,2508.27,0.00,0.00,0.00,2512.13,2512.21,2507.20,2512.29,2512.29,1.884,2.66,24.03,43.72,51.00,-1.83,-2.18,0.35,2513.40,2508.27,1637,1744,28.6,42.9,5,1,CROSS=EMA9<EMA21;TREND=1;STRUCT=1;VOL=1;COOL=1;EMA50=1;VWAP=1;BIAS=1,0.00,0.00,26176.98,26175.78,KZ=NY; KZR=Asia H @ 2508.22 110 bars ago (high taken); EVENING 4PM-12AM IST session: stop x1.00 of usual; no partials; full size to TP5; SL steps BE->TP1->TP2->TP3
398,2024.08.21 15:18:38,2024.08.21 17:48:38,EXIT_SL,XAUUSD,M15,114,SELL,FULLTGT,EVENING,0,2508.27,2513.59,2513.59,5.32,1.00,5.32,2502.95,2497.64,2492.32,2487.00,2481.68,0.24,0.24,0.00,2513.59,0.00,-1.00,-129.36,2511.96,2512.11,2507.35,2511.97,2512.12,1.805,2.64,26.80,53.43,59.57,-0.76,-1.74,0.97,2513.20,2511.82,1984,1639,42.9,57.1,5,1,CROSS=EMA9<EMA21;TREND=1;STRUCT=1;VOL=1;COOL=1;EMA50=1;VWAP=1;BIAS=1,0.11,-0.99,26048.46,26048.46,stopped at the initial SL (x1.00 of usual)
399,2024.08.22 01:00:00,2024.08.22 03:30:00,DAY_SUMMARY,XAUUSD,M15,114,FLAT,NA,DAY,0,0.00,0.00,0.00,0.00,1.00,0.00,0.00,0.00,0.00,0.00,0.00,0.00,0.00,0.00,0.00,0.00,-1.00,-129.36,2510.53,2510.79,2507.89,2510.45,2510.76,0.995,2.91,17.50,53.00,50.84,1.07,1.61,-0.54,2510.19,2512.30,587,1769,42.9,28.6,50,1,CROSS=EMA9<EMA21;TREND=1;STRUCT=1;VOL=1;COOL=1;EMA50=1;VWAP=1;BIAS=1,0.00,0.00,26048.46,26048.46,2024.08.21 trades=1 W=0 L=1 gross_profit=0.00 gross_loss=129.36 net=-129.36 PF=0.00
400,2024.08.22 02:15:00,2024.08.22 04:45:00,ENTRY,XAUUSD,M15,116,BUY,FULLTGT,DAY,0,2513.88,2509.86,2509.86,4.02,1.00,4.02,2517.90,2521.92,2525.94,2529.95,2533.97,0.32,0.32,0.32,2513.88,0.00,0.00,0.00,2511.07,2511.05,2508.16,2510.95,2510.99,1.435,2.01,30.07,55.83,57.31,1.13,1.16,-0.03,2513.24,2513.82,469,1344,71.4,14.3,5,1,CROSS=EMA9>EMA21;TREND=1;STRUCT=1;VOL=1;COOL=1;EMA50=1;VWAP=1;BIAS=1,0.00,0.00,26047.34,26045.74,KZ=ASIA; KZR=Asia H @ 2508.22 158 bars ago (high taken); DAY 12AM-4PM IST session: stop x1.00 of usual; no partials; full size to TP5; SL steps BE->TP1->TP2->TP3
401,2024.08.22 04:35:39,2024.08.22 07:05:39,EXIT_SL,XAUUSD,M15,116,BUY,FULLTGT,DAY,0,2513.88,2509.86,2509.86,4.02,1.00,4.02,2517.90,2521.92,2525.94,2529.95,2533.97,0.32,0.32,0.00,2509.86,0.00,-1.00,-130.88,2511.55,2511.31,2508.55,2511.50,2511.28,1.826,1.51,16.92,51.77,39.23,0.48,0.74,-0.26,2512.67,2512.72,2282,944,57.1,28.6,5,1,CROSS=EMA9>EMA21;TREND=1;STRUCT=1;VOL=1;COOL=1;EMA50=1;VWAP=1;BIAS=1,0.20,-1.00,25917.58,25917.58,stopped at the initial SL (x1.00 of usual)
402,2024.08.22 05:30:00,2024.08.22 08:00:00,ENTRY,XAUUSD,M15,118,SELL,FULLTGT,DAY,0,2503.31,2507.74,2507.74,4.43,1.00,4.43,2498.88,2494.44,2490.01,2485.58,2481.15,0.29,0.29,0.29,2503.31,0.00,0.00,0.00,2510.83,2510.96,2508.48,2511.13,2511.11,1.119,2.22,29.14,30.98,20.44,-1.10,0.13,-1.24,2510.66,2503.31,1767,1161,0.0,100.0,5,1,CROSS=EMA9<EMA21;TREND=1;STRUCT=1;VOL=1;COOL=1;EMA50=1;VWAP=1;BIAS=1,0.00,0.00,25916.56,25915.11,KZ=ASIA; KZR=Asia H @ 2508.22 171 bars ago (high taken); DAY 12AM-4PM IST session: stop x1.00 of usual; no partials; full size to TP5; SL steps BE->TP1->TP2->TP3
403,2024.08.22 09:17:28,2024.08.22 11:47:28,EXIT_SL,XAUUSD,M15,118,SELL,FULLTGT,DAY,0,2503.31,2507.74,2507.74,4.43,1.00,4.43,2498.88,2494.44,2490.01,2485.58,2481.15,0.29,0.29,0.00,2507.74,0.00,-1.00,-130.51,2507.22,2508.83,2507.68,2507.22,2508.86,0.504,2.29,24.10,55.24,71.20,-1.44,-2.39,0.95,2506.34,2507.32,2299,1845,71.4,14.3,5,1,CROSS=EMA9<EMA21;TREND=1;STRUCT=1;VOL=1;COOL=1;EMA50=1;VWAP=1;BIAS=1,0.90,-0.99,25787.07,25787.07,stopped at the initial SL (x1.00 of usual)
404,2024.08.23 01:00:00,2024.08.23 03:30:00,DAY_SUMMARY,XAUUSD,M15,118,FLAT,NA,DAY,0,0.00,0.00,0.00,0.00,1.00,0.00,0.00,0.00,0.00,0.00,0.00,0.00,0.00,0.00,0.00,0.00,-2.00,-261.39,2489.01,2495.57,2500.35,2489.19,2495.79,-2.137,2.24,22.08,49.85,60.39,-1.34,-2.34,0.99,2495.92,2484.73,352,1581,28.6,42.9,10,1,CROSS=EMA9<EMA21;TREND=1;STRUCT=1;VOL=1;COOL=1;EMA50=1;VWAP=1;BIAS=1,0.00,0.00,25787.07,25787.07,2024.08.22 trades=2 W=0 L=2 gross_profit=0.00 gross_loss=261.39 net=-261.39 PF=0.00
405,2024.08.23 15:00:00,2024.08.23 17:30:00,ENTRY,XAUUSD,M15,120,BUY,FULLTGT,EVENING,0,2501.66,2496.99,2496.99,4.67,1.00,4.67,2506.33,2511.01,2515.68,2520.35,2525.02,0.27,0.27,0.27,2501.66,0.00,0.00,0.00,2494.76,2494.64,2497.42,2494.48,2494.50,-1.187,2.34,26.81,67.40,66.00,1.95,1.98,-0.03,2493.37,2501.61,1504,1618,71.4,14.3,5,1,CROSS=EMA9>EMA21;TREND=1;STRUCT=1;VOL=1;COOL=1;EMA50=1;VWAP=1;BIAS=1,0.00,0.00,25786.12,25784.77,KZ=NY; KZR=Asia H @ 2508.22 305 bars ago (high taken); EVENING 4PM-12AM IST session: stop x1.00 of usual; no partials; full size to TP5; SL steps BE->TP1->TP2->TP3
406,2024.08.23 16:35:39,2024.08.23 19:05:39,EXIT_SL,XAUUSD,M15,120,BUY,FULLTGT,EVENING,0,2501.66,2496.99,2496.99,4.67,1.00,4.67,2506.33,2511.01,2515.68,2520.35,2525.02,0.27,0.27,0.00,2496.97,0.00,-1.00,-128.53,2496.02,2495.33,2497.61,2495.85,2495.23,-0.873,2.61,18.83,58.71,41.29,1.68,1.86,-0.17,2494.45,2500.19,2759,1786,42.9,42.9,5,1,CROSS=EMA9>EMA21;TREND=1;STRUCT=1;VOL=1;COOL=1;EMA50=1;VWAP=1;BIAS=1,0.48,-1.00,25658.54,25658.54,stopped at the initial SL (x1.00 of usual)
407,2024.08.26 01:00:00,2024.08.26 03:30:00,DAY_SUMMARY,XAUUSD,M15,120,FLAT,NA,DAY,0,0.00,0.00,0.00,0.00,1.00,0.00,0.00,0.00,0.00,0.00,0.00,0.00,0.00,0.00,0.00,0.00,-1.00,-128.53,2506.21,2502.17,2500.93,2505.98,2501.97,0.576,2.15,17.50,56.67,55.45,1.40,1.72,-0.31,2501.39,2511.93,637,1773,57.1,14.3,9,1,CROSS=EMA9>EMA21;TREND=1;STRUCT=1;VOL=1;COOL=1;EMA50=1;VWAP=1;BIAS=1,0.00,0.00,25658.54,25658.54,2024.08.23 trades=1 W=0 L=1 gross_profit=0.00 gross_loss=128.53 net=-128.53 PF=0.00
408,2024.08.26 01:00:00,2024.08.26 03:30:00,WEEK_SUMMARY,XAUUSD,M15,120,FLAT,NA,DAY,0,0.00,0.00,0.00,0.00,1.00,0.00,0.00,0.00,0.00,0.00,0.00,0.00,0.00,0.00,0.00,0.00,-4.00,-519.28,2506.21,2502.17,2500.93,2505.98,2501.97,0.576,2.15,17.50,56.67,55.45,1.40,1.72,-0.31,2501.39,2511.93,637,1773,57.1,14.3,9,1,CROSS=EMA9>EMA21;TREND=1;STRUCT=1;VOL=1;COOL=1;EMA50=1;VWAP=1;BIAS=1,0.00,0.00,25658.54,25658.54,days=3 trades=4 W=0 L=4 gross_profit=0.00 gross_loss=519.28 net=-519.28 PF=0.00 pips=-1846.0
409,2024.08.27 06:45:00,2024.08.27 09:15:00,ENTRY,XAUUSD,M15,122,SELL,FULLTGT,DAY,0,2507.51,2512.49,2512.49,4.98,1.00,4.98,2502.53,2497.56,2492.58,2487.61,2482.63,0.25,0.25,0.25,2507.51,0.00,0.00,0.00,2514.36,2514.47,2511.45,2514.64,2514.61,1.212,2.49,47.75,31.57,39.73,-2.64,-2.38,-0.26,2510.90,2507.50,1023,1288,0.0,85.7,5,1,CROSS=EMA9<EMA21;TREND=1;STRUCT=1;VOL=1;COOL=1;EMA50=1;VWAP=1;BIAS=1,0.00,0.00,25657.66,25656.41,KZ=ASIA; KZR=London H @ 2525.79 69 bars ago (high taken); DAY 12AM-4PM IST session: stop x1.00 of usual; no partials; full size to TP5; SL steps BE->TP1->TP2->TP3
410,2024.08.27 08:48:46,2024.08.27 11:18:46,EXIT_SL,XAUUSD,M15,122,SELL,FULLTGT,DAY,0,2507.51,2512.49,2512.49,4.98,1.00,4.98,2502.53,2497.56,2492.58,2487.61,2482.63,0.25,0.25,0.00,2512.49,0.00,-1.00,-126.26,2512.85,2513.63,2511.25,2512.89,2513.67,1.162,2.05,37.79,53.71,69.23,-1.40,-2.21,0.81,2510.39,2511.84,2138,1541,71.4,28.6,5,1,CROSS=EMA9<EMA21;TREND=1;STRUCT=1;VOL=1;COOL=1;EMA50=1;VWAP=1;BIAS=1,0.31,-1.00,25532.28,25532.28,stopped at the initial SL (x1.00 of usual)
411,2024.08.27 21:00:00,2024.08.27 23:30:00,SKIP,XAUUSD,M15,122,FLAT,NA,EVENING,0,0.00,0.00,0.00,0.00,1.00,0.00,0.00,0.00,0.00,0.00,0.00,0.00,0.00,0.00,0.00,0.00,0.00,0.00,2513.24,2513.11,2511.76,2512.96,2512.97,0.451,2.99,30.37,67.90,73.45,1.78,1.04,0.74,2512.01,2520.07,1447,2696,85.7,0.0,5,1,CROSS=EMA9<EMA21;TREND=1;STRUCT=1;VOL=1;COOL=1;EMA50=1;VWAP=1;BIAS=1,0.00,0.00,25532.28,25532.28,outside the killzone window
412,2024.08.28 01:00:00,2024.08.28 03:30:00,DAY_SUMMARY,XAUUSD,M15,122,FLAT,NA,DAY,0,0.00,0.00,0.00,0.00,1.00,0.00,0.00,0.00,0.00,0.00,0.00,0.00,0.00,0.00,0.00,0.00,-1.00,-126.26,2517.49,2515.51,2513.18,2517.20,2515.32,1.236,1.88,44.23,70.80,54.88,3.07,3.22,-0.16,2512.99,2524.59,685,1406,71.4,14.3,15,1,CROSS=EMA9<EMA21;TREND=1;STRUCT=1;VOL=1;COOL=1;EMA50=1;VWAP=1;BIAS=1,0.00,0.00,25532.28,25532.28,2024.08.27 trades=1 W=0 L=1 gross_profit=0.00 gross_loss=126.26 net=-126.26 PF=0.00
413,2024.08.28 09:30:00,2024.08.28 12:00:00,SKIP,XAUUSD,M15,122,FLAT,NA,DAY,0,0.00,0.00,0.00,0.00,1.00,0.00,0.00,0.00,0.00,0.00,0.00,0.00,0.00,0.00,0.00,0.00,0.00,0.00,2515.99,2516.09,2514.37,2516.28,2516.24,0.671,2.56,68.64,34.14,47.78,-3.55,-2.96,-0.59,2515.54,2508.89,2327,1716,14.3,85.7,5,1,CROSS=EMA9<EMA21;TREND=1;STRUCT=1;VOL=1;COOL=1;EMA50=1;VWAP=1;BIAS=1,0.00,0.00,25532.28,25532.28,already positioned that way
414,2024.08.29 07:00:00,2024.08.29 09:30:00,SKIP,XAUUSD,M15,122,FLAT,NA,DAY,0,0.00,0.00,0.00,0.00,1.00,0.00,0.00,0.00,0.00,0.00,0.00,0.00,0.00,0.00,0.00,0.00,0.00,0.00,2510.09,2510.04,2510.80,2509.82,2509.91,-0.369,2.05,45.05,67.33,65.28,2.06,1.91,0.15,2512.28,2516.68,1025,1362,85.7,0.0,5,1,CROSS=EMA9<EMA21;TREND=1;STRUCT=1;VOL=1;COOL=1;EMA50=1;VWAP=1;BIAS=1,0.00,0.00,25532.28,25532.28,outside the killzone window
415,2024.08.30 18:15:00,2024.08.30 20:45:00,SKIP,XAUUSD,M15,122,FLAT,NA,EVENING,0,0.00,0.00,0.00,0.00,1.00,0.00,0.00,0.00,0.00,0.00,0.00,0.00,0.00,0.00,0.00,0.00,0.00,0.00,2517.62,2517.82,2516.66,2518.07,2518.05,0.215,5.38,30.73,34.31,34.08,-2.71,-1.26,-1.45,2517.27,2506.49,4273,3027,0.0,100.0,5,1,CROSS=EMA9<EMA21;TREND=1;STRUCT=1;VOL=1;COOL=1;EMA50=1;VWAP=1;BIAS=1,0.00,0.00,25532.28,25532.28,outside the killzone window
416,2024.09.02 01:00:00,2024.09.02 03:30:00,WEEK_SUMMARY,XAUUSD,M15,122,FLAT,NA,DAY,0,0.00,0.00,0.00,0.00,1.00,0.00,0.00,0.00,0.00,0.00,0.00,0.00,0.00,0.00,0.00,0.00,-1.00,-126.26,2507.94,2511.79,2513.54,2508.13,2511.96,-0.707,2.47,22.55,47.39,57.15,-1.84,-2.83,0.99,2513.10,2503.35,490,1782,28.6,42.9,50,1,CROSS=EMA9<EMA21;TREND=1;STRUCT=1;VOL=1;COOL=1;EMA50=1;VWAP=1;BIAS=1,0.00,0.00,25532.28,25532.28,days=1 trades=1 W=0 L=1 gross_profit=0.00 gross_loss=126.26 net=-126.26 PF=0.00 pips=-498.0
417,2024.09.02 01:00:00,2024.09.02 03:30:00,MONTH_SUMMARY,XAUUSD,M15,122,FLAT,NA,DAY,0,0.00,0.00,0.00,0.00,1.00,0.00,0.00,0.00,0.00,0.00,0.00,0.00,0.00,0.00,0.00,0.00,-4.01,-521.28,2507.94,2511.79,2513.54,2508.13,2511.96,-0.707,2.47,22.55,47.39,57.15,-1.84,-2.83,0.99,2513.10,2503.35,490,1782,28.6,42.9,50,1,CROSS=EMA9<EMA21;TREND=1;STRUCT=1;VOL=1;COOL=1;EMA50=1;VWAP=1;BIAS=1,0.00,0.00,25532.28,25532.28,days=6 trades=7 W=1 L=6 gross_profit=125.52 gross_loss=646.80 net=-521.28 PF=0.19 pips=-1816.0
418,2024.09.04 21:15:00,2024.09.04 23:45:00,SKIP,XAUUSD,M15,122,FLAT,NA,EVENING,0,0.00,0.00,0.00,0.00,1.00,0.00,0.00,0.00,0.00,0.00,0.00,0.00,0.00,0.00,0.00,0.00,0.00,0.00,2491.37,2491.35,2493.94,2491.28,2491.30,-1.072,2.42,27.58,52.62,42.35,1.65,2.25,-0.60,2490.11,2493.60,1366,2740,57.1,28.6,5,1,CROSS=EMA9<EMA21;TREND=1;STRUCT=1;VOL=1;COOL=1;EMA50=1;VWAP=1;BIAS=1,0.00,0.00,25532.28,25532.28,outside the killzone window
419,2024.09.06 19:45:00,2024.09.06 22:15:00,SKIP,XAUUSD,M15,122,FLAT,NA,EVENING,0,0.00,0.00,0.00,0.00,1.00,0.00,0.00,0.00,0.00,0.00,0.00,0.00,0.00,0.00,0.00,0.00,0.00,0.00,2512.24,2512.61,2509.26,2513.24,2513.12,0.384,8.72,50.67,29.17,28.36,-5.32,-2.87,-2.46,2513.54,2487.65,3704,4196,0.0,85.7,5,1,CROSS=EMA9<EMA21;TREND=1;STRUCT=1;VOL=1;COOL=1;EMA50=1;VWAP=1;BIAS=1,0.00,0.00,25532.28,25532.28,outside the killzone window
420,2024.09.09 23:30:00,2024.09.10 02:00:00,SKIP,XAUUSD,M15,122,FLAT,NA,DAY,0,0.00,0.00,0.00,0.00,1.00,0.00,0.00,0.00,0.00,0.00,0.00,0.00,0.00,0.00,0.00,0.00,0.00,0.00,2500.56,2500.52,2501.93,2500.36,2500.42,-0.672,2.10,51.87,60.21,58.74,1.75,1.45,0.30,2497.23,2505.47,543,1416,85.7,0.0,5,1,CROSS=EMA9<EMA21;TREND=1;STRUCT=1;VOL=1;COOL=1;EMA50=1;VWAP=1;BIAS=1,0.00,0.00,25532.28,25532.28,outside the killzone window
421,2024.09.11 22:45:00,2024.09.12 01:15:00,SKIP,XAUUSD,M15,122,FLAT,NA,DAY,0,0.00,0.00,0.00,0.00,1.00,0.00,0.00,0.00,0.00,0.00,0.00,0.00,0.00,0.00,0.00,0.00,0.00,0.00,2514.87,2514.90,2512.41,2515.05,2514.99,0.937,2.66,24.42,42.02,37.22,-0.90,-0.50,-0.39,2516.31,2510.40,1280,2267,0.0,71.4,5,1,CROSS=EMA9<EMA21;TREND=1;STRUCT=1;VOL=1;COOL=1;EMA50=1;VWAP=1;BIAS=1,0.00,0.00,25532.28,25532.28,outside the killzone window
422,2024.09.12 08:30:00,2024.09.12 11:00:00,ENTRY,XAUUSD,M15,124,BUY,FULLTGT,DAY,0,2518.43,2515.64,2515.64,2.79,1.00,2.79,2521.22,2524.01,2526.80,2529.58,2532.37,0.45,0.45,0.45,2518.43,0.00,0.00,0.00,2514.50,2514.47,2512.85,2514.34,2514.40,1.166,1.39,44.20,68.03,70.06,1.29,0.69,0.60,2513.78,2518.39,908,1449,85.7,0.0,5,1,CROSS=EMA9>EMA21;TREND=1;STRUCT=1;VOL=1;COOL=1;EMA50=1;VWAP=1;BIAS=1,0.00,0.00,25530.70,25528.45,KZ=LONDON; KZR=Asia H @ 2522.58 93 bars ago (high taken); DAY 12AM-4PM IST session: stop x1.00 of usual; no partials; full size to TP5; SL steps BE->TP1->TP2->TP3
423,2024.09.12 09:07:28,2024.09.12 11:37:28,SL_MOVE,XAUUSD,M15,124,BUY,FULLTGT,DAY,0,2518.43,2515.64,2518.43,2.79,1.00,2.79,2521.22,2524.01,2526.80,2529.58,2532.37,0.45,0.00,0.45,2518.43,1.00,0.00,0.00,2514.85,2514.65,2512.97,2514.66,2514.56,1.238,1.36,51.67,71.43,74.36,1.52,0.99,0.53,2514.31,2519.49,1890,1546,100.0,0.0,5,1,CROSS=EMA9>EMA21;TREND=1;STRUCT=1;VOL=1;COOL=1;EMA50=1;VWAP=1;BIAS=1,1.00,-0.25,25530.70,25656.25,stop to breakeven
424,2024.09.12 09:07:28,2024.09.12 11:37:28,TP1_REACHED,XAUUSD,M15,124,BUY,FULLTGT,DAY,0,2518.43,2515.64,2518.43,2.79,1.00,2.79,2521.22,2524.01,2526.80,2529.58,2532.37,0.45,0.00,0.45,2521.22,1.00,1.00,0.00,2514.85,2514.65,2512.97,2514.66,2514.56,1.238,1.36,51.67,71.43,74.36,1.52,0.99,0.53,2514.31,2519.49,1890,1546,100.0,0.0,5,1,CROSS=EMA9>EMA21;TREND=1;STRUCT=1;VOL=1;COOL=1;EMA50=1;VWAP=1;BIAS=1,1.00,-0.25,25530.70,25656.25,full target: no partial booked
425,2024.09.12 09:36:45,2024.09.12 12:06:45,EXIT_BE,XAUUSD,M15,124,BUY,FULLTGT,DAY,0,2518.43,2515.64,2518.43,2.79,1.00,2.79,2521.22,2524.01,2526.80,2529.58,2532.37,0.45,0.45,0.00,2518.43,0.00,0.00,-3.16,2515.29,2514.89,2513.12,2515.08,2514.77,1.244,1.42,58.47,72.45,54.79,1.80,1.28,0.53,2514.98,2520.41,1971,1518,85.7,14.3,5,1,CROSS=EMA9>EMA21;TREND=1;STRUCT=1;VOL=1;COOL=1;EMA50=1;VWAP=1;BIAS=1,1.38,-0.25,25529.12,25529.12,stopped at breakeven
426,2024.09.13 01:00:00,2024.09.13 03:30:00,DAY_SUMMARY,XAUUSD,M15,124,FLAT,NA,DAY,0,0.00,0.00,0.00,0.00,1.00,0.00,0.00,0.00,0.00,0.00,0.00,0.00,0.00,0.00,0.00,0.00,0.00,-3.16,2543.56,2533.57,2524.74,2542.94,2533.06,3.691,2.39,63.26,67.99,56.87,4.93,5.46,-0.53,2532.82,2558.60,792,1944,71.4,14.3,10,1,CROSS=EMA9>EMA21;TREND=1;STRUCT=1;VOL=1;COOL=1;EMA50=1;VWAP=1;BIAS=1,0.00,0.00,25529.12,25529.12,2024.09.12 trades=1 W=0 L=1 gross_profit=0.00 gross_loss=3.16 net=-3.16 PF=0.00
427,2024.09.16 01:00:00,2024.09.16 03:30:00,WEEK_SUMMARY,XAUUSD,M15,124,FLAT,NA,DAY,0,0.00,0.00,0.00,0.00,1.00,0.00,0.00,0.00,0.00,0.00,0.00,0.00,0.00,0.00,0.00,0.00,0.00,-3.16,2576.55,2568.05,2553.61,2576.47,2567.84,6.364,2.27,31.04,46.19,32.80,0.92,1.71,-0.79,2571.28,2578.38,563,1476,42.9,42.9,7,1,CROSS=EMA9>EMA21;TREND=1;STRUCT=1;VOL=1;COOL=1;EMA50=1;VWAP=1;BIAS=1,0.00,0.00,25529.12,25529.12,days=1 trades=1 W=0 L=1 gross_profit=0.00 gross_loss=3.16 net=-3.16 PF=0.00 pips=0.0
428,2024.09.17 13:15:00,2024.09.17 15:45:00,ENTRY,XAUUSD,M15,126,SELL,FULLTGT,DAY,0,2573.84,2579.92,2579.92,6.08,1.00,6.08,2567.76,2561.67,2555.59,2549.50,2543.42,0.20,0.20,0.20,2573.84,0.00,0.00,0.00,2580.38,2580.42,2574.86,2580.64,2580.56,1.829,3.04,44.27,32.40,37.13,-1.63,-0.27,-1.36,2580.66,2573.84,1695,1863,0.0,85.7,5,1,CROSS=EMA9<EMA21;TREND=1;STRUCT=1;VOL=1;COOL=1;EMA50=1;VWAP=1;BIAS=1,0.00,0.00,25528.42,25527.42,KZ=NY; KZR=Asia H @ 2589.00 114 bars ago (high taken); DAY 12AM-4PM IST session: stop x1.00 of usual; no partials; full size to TP5; SL steps BE->TP1->TP2->TP3
429,2024.09.17 14:45:37,2024.09.17 17:15:37,EXIT_SL,XAUUSD,M15,126,SELL,FULLTGT,EVENING,0,2573.84,2579.92,2579.92,6.08,1.00,6.08,2567.76,2561.67,2555.59,2549.50,2543.42,0.20,0.20,0.00,2579.92,0.00,-1.00,-123.00,2579.15,2579.76,2574.84,2579.15,2579.77,1.508,3.26,41.63,54.10,66.74,-1.60,-1.80,0.20,2579.73,2579.31,2251,1884,71.4,28.6,5,1,CROSS=EMA9<EMA21;TREND=1;STRUCT=1;VOL=1;COOL=1;EMA50=1;VWAP=1;BIAS=1,0.67,-1.00,25406.12,25406.12,stopped at the initial SL (x1.00 of usual)
430,2024.09.18 01:00:00,2024.09.18 03:30:00,DAY_SUMMARY,XAUUSD,M15,126,FLAT,NA,DAY,0,0.00,0.00,0.00,0.00,1.00,0.00,0.00,0.00,0.00,0.00,0.00,0.00,0.00,0.00,0.00,0.00,-1.00,-123.00,2572.05,2574.91,2573.59,2572.16,2575.02,0.597,2.21,25.22,48.53,52.45,-0.77,-1.19,0.42,2575.81,2569.45,520,1492,28.6,57.1,9,1,CROSS=EMA9<EMA21;TREND=1;STRUCT=1;VOL=1;COOL=1;EMA50=1;VWAP=1;BIAS=1,0.00,0.00,25406.12,25406.12,2024.09.17 trades=1 W=0 L=1 gross_profit=0.00 gross_loss=123.00 net=-123.00 PF=0.00
431,2024.09.18 21:30:00,2024.09.19 00:00:00,SKIP,XAUUSD,M15,126,FLAT,NA,DAY,0,0.00,0.00,0.00,0.00,1.00,0.00,0.00,0.00,0.00,0.00,0.00,0.00,0.00,0.00,0.00,0.00,0.00,0.00,2573.75,2573.54,2573.22,2572.90,2573.12,0.063,5.05,21.56,74.60,77.56,2.35,-0.01,2.35,2573.51,2594.45,5881,2754,85.7,0.0,5,1,CROSS=EMA9<EMA21;TREND=1;STRUCT=1;VOL=1;COOL=1;EMA50=1;VWAP=1;BIAS=1,0.00,0.00,25406.12,25406.12,outside the killzone window
432,2024.09.18 22:45:00,2024.09.19 01:15:00,SKIP,XAUUSD,M15,126,FLAT,NA,DAY,0,0.00,0.00,0.00,0.00,1.00,0.00,0.00,0.00,0.00,0.00,0.00,0.00,0.00,0.00,0.00,0.00,0.00,0.00,2572.64,2573.00,2572.97,2573.45,2573.41,0.004,9.75,20.86,33.87,32.04,-1.55,0.71,-2.26,2572.89,2552.81,6024,3421,0.0,85.7,5,1,CROSS=EMA9<EMA21;TREND=1;STRUCT=1;VOL=1;COOL=1;EMA50=1;VWAP=1;BIAS=1,0.00,0.00,25406.12,25406.12,outside the killzone window
433,2024.09.19 11:15:00,2024.09.19 13:45:00,ENTRY,XAUUSD,M15,128,BUY,FULLTGT,DAY,0,2582.74,2575.65,2575.65,7.09,1.00,7.09,2589.83,2596.93,2604.02,2611.11,2618.20,0.17,0.17,0.17,2582.74,0.00,0.00,0.00,2569.00,2568.93,2570.10,2568.44,2568.65,-0.330,3.55,55.61,72.38,65.80,5.19,4.07,1.11,2566.11,2582.69,2594,2317,85.7,14.3,5,1,CROSS=EMA9>EMA21;TREND=1;STRUCT=1;VOL=1;COOL=1;EMA50=1;VWAP=1;BIAS=1,0.00,0.00,25405.52,25404.67,KZ=LONDON; KZR=NY H @ 2589.37 56 bars ago (high taken); DAY 12AM-4PM IST session: stop x1.00 of usual; no partials; full size to TP5; SL steps BE->TP1->TP2->TP3
434,2024.09.19 12:23:29,2024.09.19 14:53:29,SL_MOVE,XAUUSD,M15,128,BUY,FULLTGT,DAY,0,2582.74,2575.65,2582.74,7.09,1.00,7.09,2589.83,2596.93,2604.02,2611.11,2618.20,0.17,0.00,0.17,2582.74,1.00,0.00,0.00,2571.26,2570.11,2570.65,2570.65,2569.78,-0.166,3.28,63.26,75.61,72.87,5.53,4.95,0.58,2567.64,2586.19,2308,2403,85.7,0.0,5,1,CROSS=EMA9>EMA21;TREND=1;STRUCT=1;VOL=1;COOL=1;EMA50=1;VWAP=1;BIAS=1,1.00,-0.18,25405.52,25526.22,stop to breakeven
435,2024.09.19 12:23:29,2024.09.19 14:53:29,TP1_REACHED,XAUUSD,M15,128,BUY,FULLTGT,DAY,0,2582.74,2575.65,2582.74,7.09,1.00,7.09,2589.83,2596.93,2604.02,2611.11,2618.20,0.17,0.00,0.17,2589.83,1.00,1.00,0.00,2571.26,2570.11,2570.65,2570.65,2569.78,-0.166,3.28,63.26,75.61,72.87,5.53,4.95,0.58,2567.64,2586.19,2308,2403,85.7,0.0,5,1,CROSS=EMA9>EMA21;TREND=1;STRUCT=1;VOL=1;COOL=1;EMA50=1;VWAP=1;BIAS=1,1.00,-0.18,25405.52,25526.22,full target: no partial booked
436,2024.09.19 15:35:40,2024.09.19 18:05:40,EXIT_BE,XAUUSD,M15,128,BUY,FULLTGT,EVENING,0,2582.74,2575.65,2582.74,7.09,1.00,7.09,2589.83,2596.93,2604.02,2611.11,2618.20,0.17,0.17,0.00,2582.71,0.00,-0.00,-1.71,2578.52,2574.48,2572.92,2578.06,2574.18,0.487,3.21,33.60,64.59,41.68,4.06,4.94,-0.88,2572.85,2589.59,2589,2382,57.1,42.9,5,1,CROSS=EMA9>EMA21;TREND=1;STRUCT=1;VOL=1;COOL=1;EMA50=1;VWAP=1;BIAS=1,1.71,-0.18,25404.41,25404.41,stopped at breakeven
437,2024.09.20 01:00:00,2024.09.20 03:30:00,DAY_SUMMARY,XAUUSD,M15,128,FLAT,NA,DAY,0,0.00,0.00,0.00,0.00,1.00,0.00,0.00,0.00,0.00,0.00,0.00,0.00,0.00,0.00,0.00,0.00,-0.00,-1.71,2584.45,2580.13,2576.58,2584.37,2580.00,2.042,1.74,24.42,49.12,43.30,0.69,1.25,-0.56,2576.74,2586.61,636,1424,28.6,42.9,8,1,CROSS=EMA9>EMA21;TREND=1;STRUCT=1;VOL=1;COOL=1;EMA50=1;VWAP=1;BIAS=1,0.00,0.00,25404.41,25404.41,2024.09.19 trades=1 W=0 L=1 gross_profit=0.00 gross_loss=1.71 net=-1.71 PF=0.00
438,2024.09.23 01:00:00,2024.09.23 03:30:00,WEEK_SUMMARY,XAUUSD,M15,128,FLAT,NA,DAY,0,0.00,0.00,0.00,0.00,1.00,0.00,0.00,0.00,0.00,0.00,0.00,0.00,0.00,0.00,0.00,0.00,-1.00,-124.71,2615.12,2606.68,2595.97,2614.83,2606.36,5.201,2.06,18.31,59.05,58.58,1.72,2.21,-0.49,2608.19,2622.26,687,1756,57.1,14.3,7,1,CROSS=EMA9>EMA21;TREND=1;STRUCT=1;VOL=1;COOL=1;EMA50=1;VWAP=1;BIAS=1,0.00,0.00,25404.41,25404.41,days=2 trades=2 W=0 L=2 gross_profit=0.00 gross_loss=124.71 net=-124.71 PF=0.00 pips=-611.0
439,2024.09.27 12:45:00,2024.09.27 15:15:00,SKIP,XAUUSD,M15,128,FLAT,NA,DAY,0,0.00,0.00,0.00,0.00,1.00,0.00,0.00,0.00,0.00,0.00,0.00,0.00,0.00,0.00,0.00,0.00,0.00,0.00,2667.19,2667.24,2662.64,2667.36,2667.32,1.390,3.31,24.72,44.04,51.48,-2.09,-1.90,-0.19,2667.38,2663.24,1940,2620,14.3,57.1,5,1,CROSS=EMA9>EMA21;TREND=1;STRUCT=1;VOL=1;COOL=1;EMA50=1;VWAP=1;BIAS=1,0.00,0.00,25404.41,25404.41,outside the killzone window
440,2024.10.01 01:00:00,2024.10.01 03:30:00,MONTH_SUMMARY,XAUUSD,M15,128,FLAT,NA,DAY,0,0.00,0.00,0.00,0.00,1.00,0.00,0.00,0.00,0.00,0.00,0.00,0.00,0.00,0.00,0.00,0.00,-1.00,-127.87,2637.94,2644.38,2650.47,2638.08,2644.58,-1.828,3.33,28.09,50.64,62.50,-1.55,-2.40,0.84,2645.17,2634.53,565,2039,42.9,42.9,9,1,CROSS=EMA9>EMA21;TREND=1;STRUCT=1;VOL=1;COOL=1;EMA50=1;VWAP=1;BIAS=1,0.00,0.00,25404.41,25404.41,days=3 trades=3 W=0 L=3 gross_profit=0.00 gross_loss=127.87 net=-127.87 PF=0.00 pips=-611.0
441,2024.10.01 14:15:00,2024.10.01 16:45:00,SKIP,XAUUSD,M15,128,FLAT,NA,EVENING,0,0.00,0.00,0.00,0.00,1.00,0.00,0.00,0.00,0.00,0.00,0.00,0.00,0.00,0.00,0.00,0.00,0.00,0.00,2643.19,2643.17,2646.90,2642.85,2643.00,-1.708,2.19,42.55,75.91,70.72,2.57,2.27,0.29,2642.81,2651.45,2070,1992,100.0,0.0,5,1,CROSS=EMA9>EMA21;TREND=1;STRUCT=1;VOL=1;COOL=1;EMA50=1;VWAP=1;BIAS=1,0.00,0.00,25404.41,25404.41,already positioned that way
442,2024.10.02 15:00:00,2024.10.02 17:30:00,ENTRY,XAUUSD,M15,130,SELL,FULLTGT,EVENING,0,2649.66,2654.81,2654.81,5.15,1.00,5.15,2644.51,2639.36,2634.21,2629.05,2623.90,0.24,0.24,0.24,2649.66,0.00,0.00,0.00,2653.75,2653.79,2652.86,2653.93,2653.87,0.361,2.58,15.93,41.92,40.98,-0.98,-0.74,-0.24,2653.97,2649.58,1686,1870,0.0,71.4,5,1,CROSS=EMA9<EMA21;TREND=1;STRUCT=1;VOL=1;COOL=1;EMA50=1;VWAP=1;BIAS=1,0.00,0.00,25403.57,25402.37,KZ=NY; KZR=Asia H @ 2673.99 476 bars ago (high taken); EVENING 4PM-12AM IST session: stop x1.00 of usual; no partials; full size to TP5; SL steps BE->TP1->TP2->TP3
443,2024.10.02 15:28:40,2024.10.02 17:58:40,SL_MOVE,XAUUSD,M15,130,SELL,FULLTGT,EVENING,0,2649.66,2654.81,2649.66,5.15,1.00,5.15,2644.51,2639.36,2634.21,2629.05,2623.90,0.24,0.00,0.24,2649.66,1.00,0.00,0.00,2653.62,2653.72,2652.83,2653.75,2653.79,0.349,2.54,16.42,44.53,45.37,-0.99,-0.77,-0.22,2653.90,2650.41,1780,1820,0.0,71.4,5,1,CROSS=EMA9<EMA21;TREND=1;STRUCT=1;VOL=1;COOL=1;EMA50=1;VWAP=1;BIAS=1,1.00,-0.31,25403.57,25528.13,stop to breakeven
444,2024.10.02 15:28:40,2024.10.02 17:58:40,TP1_REACHED,XAUUSD,M15,130,SELL,FULLTGT,EVENING,0,2649.66,2654.81,2649.66,5.15,1.00,5.15,2644.51,2639.36,2634.21,2629.05,2623.90,0.24,0.00,0.24,2644.51,1.00,1.00,0.00,2653.62,2653.72,2652.83,2653.75,2653.79,0.349,2.54,16.42,44.53,45.37,-0.99,-0.77,-0.22,2653.90,2650.41,1780,1820,0.0,71.4,5,1,CROSS=EMA9<EMA21;TREND=1;STRUCT=1;VOL=1;COOL=1;EMA50=1;VWAP=1;BIAS=1,1.00,-0.31,25403.57,25528.13,full target: no partial booked
445,2024.10.02 15:33:23,2024.10.02 18:03:23,EXIT_BE,XAUUSD,M15,130,SELL,FULLTGT,EVENING,0,2649.66,2654.81,2649.66,5.15,1.00,5.15,2644.51,2639.36,2634.21,2629.05,2623.90,0.24,0.24,0.00,2649.67,0.00,-0.00,-1.92,2653.31,2653.56,2652.76,2653.62,2653.72,0.279,2.86,19.36,34.62,32.88,-1.37,-0.87,-0.50,2653.59,2645.51,3995,1900,0.0,85.7,5,1,CROSS=EMA9<EMA21;TREND=1;STRUCT=1;VOL=1;COOL=1;EMA50=1;VWAP=1;BIAS=1,1.14,-0.31,25402.49,25402.49,stopped at breakeven
446,2024.10.02 17:30:00,2024.10.02 20:00:00,SKIP,XAUUSD,M15,130,FLAT,NA,EVENING,0,0.00,0.00,0.00,0.00,1.00,0.00,0.00,0.00,0.00,0.00,0.00,0.00,0.00,0.00,0.00,0.00,0.00,0.00,2653.75,2653.74,2652.91,2653.72,2653.73,0.171,4.85,21.99,51.91,47.16,0.97,-0.35,1.31,2653.95,2654.48,4196,2531,57.1,28.6,5,1,CROSS=EMA9<EMA21;TREND=1;STRUCT=1;VOL=1;COOL=1;EMA50=1;VWAP=1;BIAS=1,0.00,0.00,25402.49,25402.49,outside the killzone window
447,2024.10.02 18:00:00,2024.10.02 20:30:00,SKIP,XAUUSD,M15,130,FLAT,NA,EVENING,0,0.00,0.00,0.00,0.00,1.00,0.00,0.00,0.00,0.00,0.00,0.00,0.00,0.00,0.00,0.00,0.00,0.00,0.00,2653.62,2653.68,2652.90,2653.85,2653.79,0.147,5.32,19.64,43.00,36.11,0.46,0.12,0.34,2653.89,2648.12,3935,2768,14.3,71.4,5,1,CROSS=EMA9<EMA21;TREND=1;STRUCT=1;VOL=1;COOL=1;EMA50=1;VWAP=1;BIAS=1,0.00,0.00,25402.49,25402.49,outside the killzone window
448,2024.10.02 23:30:00,2024.10.03 02:00:00,SKIP,XAUUSD,M15,130,FLAT,NA,DAY,0,0.00,0.00,0.00,0.00,1.00,0.00,0.00,0.00,0.00,0.00,0.00,0.00,0.00,0.00,0.00,0.00,0.00,0.00,2653.45,2653.36,2652.82,2653.22,2653.25,0.276,1.95,50.26,64.10,71.16,2.01,0.98,1.03,2653.11,2659.09,542,1651,85.7,0.0,5,1,CROSS=EMA9<EMA21;TREND=1;STRUCT=1;VOL=1;COOL=1;EMA50=1;VWAP=1;BIAS=1,0.00,0.00,25402.49,25402.49,outside the killzone window
449,2024.10.03 01:00:00,2024.10.03 03:30:00,DAY_SUMMARY,XAUUSD,M15,130,FLAT,NA,DAY,0,0.00,0.00,0.00,0.00,1.00,0.00,0.00,0.00,0.00,0.00,0.00,0.00,0.00,0.00,0.00,0.00,-0.00,-1.92,2653.87,2653.58,2652.94,2653.68,2653.48,0.351,1.82,52.77,62.18,60.55,2.13,1.47,0.67,2653.15,2658.67,472,1446,85.7,0.0,14,1,CROSS=EMA9<EMA21;TREND=1;STRUCT=1;VOL=1;COOL=1;EMA50=1;VWAP=1;BIAS=1,0.00,0.00,25402.49,25402.49,2024.10.02 trades=1 W=0 L=1 gross_profit=0.00 gross_loss=1.92 net=-1.92 PF=0.00
450,2024.10.03 11:15:00,2024.10.03 13:45:00,SKIP,XAUUSD,M15,130,FLAT,NA,DAY,0,0.00,0.00,0.00,0.00,1.00,0.00,0.00,0.00,0.00,0.00,0.00,0.00,0.00,0.00,0.00,0.00,0.00,0.00,2654.22,2654.42,2653.80,2654.64,2654.63,0.203,3.09,33.84,24.99,23.80,-2.44,-1.10,-1.34,2654.76,2643.98,2754,1924,0.0,100.0,5,1,CROSS=EMA9<EMA21;TREND=1;STRUCT=1;VOL=1;COOL=1;EMA50=1;VWAP=1;BIAS=1,0.00,0.00,25402.49,25402.49,already positioned that way
451,2024.10.03 21:45:00,2024.10.04 00:15:00,SKIP,XAUUSD,M15,130,FLAT,NA,DAY,0,0.00,0.00,0.00,0.00,1.00,0.00,0.00,0.00,0.00,0.00,0.00,0.00,0.00,0.00,0.00,0.00,0.00,0.00,2652.63,2652.56,2652.69,2652.38,2652.43,-0.037,3.59,27.09,61.25,55.16,2.69,2.49,0.20,2651.37,2658.76,1324,2926,85.7,0.0,5,1,CROSS=EMA9<EMA21;TREND=1;STRUCT=1;VOL=1;COOL=1;EMA50=1;VWAP=1;BIAS=1,0.00,0.00,25402.49,25402.49,outside the killzone window
452,2024.10.04 17:30:00,2024.10.04 20:00:00,SKIP,XAUUSD,M15,130,FLAT,NA,EVENING,0,0.00,0.00,0.00,0.00,1.00,0.00,0.00,0.00,0.00,0.00,0.00,0.00,0.00,0.00,0.00,0.00,0.00,0.00,2656.50,2656.61,2655.59,2656.74,2656.73,0.160,6.37,14.60,43.09,49.06,-2.87,-2.75,-0.12,2656.46,2650.55,3870,2896,14.3,71.4,4,1,CROSS=EMA9<EMA21;TREND=1;STRUCT=1;VOL=1;COOL=1;EMA50=1;VWAP=1;BIAS=1,0.00,0.00,25402.49,25402.49,outside the killzone window
453,2024.10.04 18:15:00,2024.10.04 20:45:00,SKIP,XAUUSD,M15,130,FLAT,NA,EVENING,0,0.00,0.00,0.00,0.00,1.00,0.00,0.00,0.00,0.00,0.00,0.00,0.00,0.00,0.00,0.00,0.00,0.00,0.00,2656.94,2656.82,2655.72,2656.54,2656.63,0.139,7.91,20.79,63.95,69.76,-0.49,-2.58,2.09,2656.69,2666.66,4354,3298,85.7,0.0,5,1,CROSS=EMA9<EMA21;TREND=1;STRUCT=1;VOL=1;COOL=1;EMA50=1;VWAP=1;BIAS=1,0.00,0.00,25402.49,25402.49,outside the killzone window
454,2024.10.04 18:45:00,2024.10.04 21:15:00,SKIP,XAUUSD,M15,130,FLAT,NA,EVENING,0,0.00,0.00,0.00,0.00,1.00,0.00,0.00,0.00,0.00,0.00,0.00,0.00,0.00,0.00,0.00,0.00,0.00,0.00,2656.69,2656.71,2655.69,2656.98,2656.85,0.113,9.02,21.60,43.83,40.27,-0.71,-1.93,1.22,2656.73,2649.63,4101,3585,14.3,71.4,5,1,CROSS=EMA9<EMA21;TREND=1;STRUCT=1;VOL=1;COOL=1;EMA50=1;VWAP=1;BIAS=1,0.00,0.00,25402.49,25402.49,outside the killzone window
455,2024.10.07 01:00:00,2024.10.07 03:30:00,WEEK_SUMMARY,XAUUSD,M15,130,FLAT,NA,DAY,0,0.00,0.00,0.00,0.00,1.00,0.00,0.00,0.00,0.00,0.00,0.00,0.00,0.00,0.00,0.00,0.00,-0.00,-1.92,2652.38,2654.05,2654.40,2652.33,2654.06,-0.130,2.70,26.86,55.45,67.31,-0.27,-1.44,1.17,2654.75,2653.57,552,1943,57.1,28.6,9,1,CROSS=EMA9<EMA21;TREND=1;STRUCT=1;VOL=1;COOL=1;EMA50=1;VWAP=1;BIAS=1,0.00,0.00,25402.49,25402.49,days=1 trades=1 W=0 L=1 gross_profit=0.00 gross_loss=1.92 net=-1.92 PF=0.00 pips=-1.0
456,2024.10.10 16:30:00,2024.10.10 19:00:00,ENTRY,XAUUSD,M15,132,BUY,FULLTGT,EVENING,0,2617.78,2608.95,2608.95,8.83,1.00,8.83,2626.61,2635.45,2644.28,2653.11,2661.94,0.14,0.14,0.14,2617.78,0.00,0.00,0.00,2615.11,2615.05,2619.54,2615.00,2615.00,-1.016,4.42,18.42,52.72,47.78,1.29,0.72,0.56,2614.60,2617.77,4596,2460,57.1,28.6,5,1,CROSS=EMA9>EMA21;TREND=1;STRUCT=1;VOL=1;COOL=1;EMA50=1;VWAP=1;BIAS=1,0.00,0.00,25402.00,25401.30,KZ=NY; KZR=Asia L @ 2605.95 3 bars ago (low taken); EVENING 4PM-12AM IST session: stop x1.00 of usual; no partials; full size to TP5; SL steps BE->TP1->TP2->TP3
457,2024.10.10 16:53:31,2024.10.10 19:23:31,SL_MOVE,XAUUSD,M15,132,BUY,FULLTGT,EVENING,0,2617.78,2608.95,2617.78,8.83,1.00,8.83,2626.61,2635.45,2644.28,2653.11,2661.94,0.14,0.00,0.14,2617.78,1.00,0.00,0.00,2615.19,2615.10,2619.52,2615.11,2615.05,-0.914,4.83,17.12,51.80,58.32,1.16,0.75,0.41,2614.76,2617.31,4929,2629,71.4,14.3,5,1,CROSS=EMA9>EMA21;TREND=1;STRUCT=1;VOL=1;COOL=1;EMA50=1;VWAP=1;BIAS=1,1.00,-0.22,25402.00,25525.90,stop to breakeven
458,2024.10.10 16:53:31,2024.10.10 19:23:31,TP1_REACHED,XAUUSD,M15,132,BUY,FULLTGT,EVENING,0,2617.78,2608.95,2617.78,8.83,1.00,8.83,2626.61,2635.45,2644.28,2653.11,2661.94,0.14,0.00,0.14,2626.61,1.00,1.00,0.00,2615.19,2615.10,2619.52,2615.11,2615.05,-0.914,4.83,17.12,51.80,58.32,1.16,0.75,0.41,2614.76,2617.31,4929,2629,71.4,14.3,5,1,CROSS=EMA9>EMA21;TREND=1;STRUCT=1;VOL=1;COOL=1;EMA50=1;VWAP=1;BIAS=1,1.00,-0.22,25402.00,25525.90,full target: no partial booked
459,2024.10.10 20:06:18,2024.10.10 22:36:18,EXIT_BE,XAUUSD,M15,132,BUY,FULLTGT,EVENING,0,2617.78,2608.95,2617.78,8.83,1.00,8.83,2626.61,2635.45,2644.28,2653.11,2661.94,0.14,0.14,0.00,2617.77,0.00,-0.00,-1.12,2619.02,2617.30,2620.15,2619.01,2617.25,-0.546,5.23,19.81,46.68,37.25,1.87,2.47,-0.60,2617.35,2619.33,3424,3833,28.6,42.9,5,1,CROSS=EMA9>EMA21;TREND=1;STRUCT=1;VOL=1;COOL=1;EMA50=1;VWAP=1;BIAS=1,1.37,-0.22,25401.37,25401.37,stopped at breakeven
460,2024.10.11 01:00:00,2024.10.11 03:30:00,DAY_SUMMARY,XAUUSD,M15,132,FLAT,NA,DAY,0,0.00,0.00,0.00,0.00,1.00,0.00,0.00,0.00,0.00,0.00,0.00,0.00,0.00,0.00,0.00,0.00,-0.00,-1.12,2623.09,2620.05,2621.20,2622.80,2619.85,-0.448,2.56,34.63,59.29,56.61,2.34,2.25,0.09,2618.49,2630.05,492,1942,85.7,0.0,8,1,CROSS=EMA9>EMA21;TREND=1;STRUCT=1;VOL=1;COOL=1;EMA50=1;VWAP=1;BIAS=1,0.00,0.00,25401.37,25401.37,2024.10.10 trades=1 W=0 L=1 gross_profit=0.00 gross_loss=1.12 net=-1.12 PF=0.00
461,2024.10.14 01:00:00,2024.10.14 03:30:00,WEEK_SUMMARY,XAUUSD,M15,132,FLAT,NA,DAY,0,0.00,0.00,0.00,0.00,1.00,0.00,0.00,0.00,0.00,0.00,0.00,0.00,0.00,0.00,0.00,0.00,-0.00,-1.12,2651.84,2644.75,2636.97,2651.65,2644.52,4.485,1.73,21.44,53.79,48.08,1.12,1.90,-0.78,2645.88,2656.38,528,1337,42.9,28.6,9,1,CROSS=EMA9>EMA21;TREND=1;STRUCT=1;VOL=1;COOL=1;EMA50=1;VWAP=1;BIAS=1,0.00,0.00,25401.37,25401.37,days=1 trades=1 W=0 L=1 gross_profit=0.00 gross_loss=1.12 net=-1.12 PF=0.00 pips=-1.0
462,2024.10.15 03:15:00,2024.10.15 05:45:00,ENTRY,XAUUSD,M15,134,SELL,FULLTGT,DAY,0,2648.67,2651.92,2651.92,3.25,1.00,3.25,2645.42,2642.16,2638.91,2635.65,2632.40,0.39,0.39,0.39,2648.67,0.00,0.00,0.00,2650.96,2650.96,2646.80,2651.05,2651.01,2.558,1.63,16.91,43.46,38.51,-0.29,-0.22,-0.08,2649.57,2648.64,1356,810,0.0,85.7,5,1,CROSS=EMA9<EMA21;TREND=1;STRUCT=1;VOL=1;COOL=1;EMA50=1;VWAP=1;BIAS=1,0.00,0.00,25400.00,25398.05,KZ=ASIA; KZR=Asia H @ 2657.40 78 bars ago (high taken); DAY 12AM-4PM IST session: stop x1.00 of usual; no partials; full size to TP5; SL steps BE->TP1->TP2->TP3
463,2024.10.15 05:22:03,2024.10.15 07:52:03,EXIT_SL,XAUUSD,M15,134,SELL,FULLTGT,DAY,0,2648.67,2651.92,2651.92,3.25,1.00,3.25,2645.42,2642.16,2638.91,2635.65,2632.40,0.39,0.39,0.00,2651.93,0.00,-1.00,-129.88,2650.41,2650.66,2646.96,2650.44,2650.69,2.082,1.78,16.17,49.86,54.69,-0.36,-0.39,0.03,2649.17,2649.57,2122,1058,57.1,28.6,5,1,CROSS=EMA9<EMA21;TREND=1;STRUCT=1;VOL=1;COOL=1;EMA50=1;VWAP=1;BIAS=1,0.42,-1.00,25271.49,25271.49,stopped at the initial SL (x1.00 of usual)
464,2024.10.15 13:30:00,2024.10.15 16:00:00,ENTRY,XAUUSD,M15,136,BUY,FULLTGT,EVENING,0,2655.99,2650.28,2650.28,5.71,1.00,5.71,2661.70,2667.40,2673.11,2678.81,2684.52,0.22,0.22,0.22,2655.99,0.00,0.00,0.00,2650.18,2650.10,2647.59,2649.95,2649.98,0.878,2.85,32.76,65.27,61.41,2.02,1.79,0.23,2648.76,2655.84,1764,2225,85.7,0.0,5,1,CROSS=EMA9>EMA21;TREND=1;STRUCT=1;VOL=1;COOL=1;EMA50=1;VWAP=1;BIAS=1,0.00,0.00,25270.72,25269.62,KZ=NY; KZR=Asia H @ 2657.40 119 bars ago (high taken); EVENING 4PM-12AM IST session: stop x1.00 of usual; no partials; full size to TP5; SL steps BE->TP1->TP2->TP3
465,2024.10.15 14:40:39,2024.10.15 17:10:39,EXIT_SL,XAUUSD,M15,136,BUY,FULLTGT,EVENING,0,2655.99,2650.28,2650.28,5.71,1.00,5.71,2661.70,2667.40,2673.11,2678.81,2684.52,0.22,0.22,0.00,2650.27,0.00,-1.00,-127.38,2650.52,2650.28,2647.79,2650.50,2650.27,0.970,2.57,26.26,48.67,38.05,1.29,1.76,-0.47,2649.05,2650.94,1357,1967,42.9,42.9,5,1,CROSS=EMA9>EMA21;TREND=1;STRUCT=1;VOL=1;COOL=1;EMA50=1;VWAP=1;BIAS=1,0.11,-1.00,25144.11,25144.11,stopped at the initial SL (x1.00 of usual)
466,2024.10.16 01:00:00,2024.10.16 03:30:00,DAY_SUMMARY,XAUUSD,M15,136,FLAT,NA,DAY,0,0.00,0.00,0.00,0.00,1.00,0.00,0.00,0.00,0.00,0.00,0.00,0.00,0.00,0.00,0.00,0.00,-2.00,-257.26,2658.92,2655.73,2651.68,2658.76,2655.59,2.105,1.93,20.07,53.31,50.16,1.10,1.94,-0.84,2653.69,2662.64,399,1619,57.1,14.3,7,1,CROSS=EMA9>EMA21;TREND=1;STRUCT=1;VOL=1;COOL=1;EMA50=1;VWAP=1;BIAS=1,0.00,0.00,25144.11,25144.11,2024.10.15 trades=2 W=0 L=2 gross_profit=0.00 gross_loss=257.26 net=-257.26 PF=0.00
467,2024.10.21 01:00:00,2024.10.21 03:30:00,WEEK_SUMMARY,XAUUSD,M15,136,FLAT,NA,DAY,0,0.00,0.00,0.00,0.00,1.00,0.00,0.00,0.00,0.00,0.00,0.00,0.00,0.00,0.00,0.00,0.00,-2.00,-257.26,2714.87,2708.43,2697.69,2714.59,2708.16,5.987,1.79,45.17,64.14,63.26,2.00,1.85,0.16,2710.50,2721.91,838,1668,85.7,0.0,9,1,CROSS=EMA9>EMA21;TREND=1;STRUCT=1;VOL=1;COOL=1;EMA50=1;VWAP=1;BIAS=1,0.00,0.00,25144.11,25144.11,days=1 trades=2 W=0 L=2 gross_profit=0.00 gross_loss=257.26 net=-257.26 PF=0.00 pips=-898.0
468,2024.10.23 18:15:00,2024.10.23 20:45:00,SKIP,XAUUSD,M15,136,FLAT,NA,EVENING,0,0.00,0.00,0.00,0.00,1.00,0.00,0.00,0.00,0.00,0.00,0.00,0.00,0.00,0.00,0.00,0.00,0.00,0.00,2742.04,2742.23,2736.70,2743.31,2742.86,0.810,6.83,69.54,11.53,19.39,-8.51,-4.80,-3.71,2743.16,2710.95,4209,3148,0.0,100.0,5,1,CROSS=EMA9>EMA21;TREND=1;STRUCT=1;VOL=1;COOL=1;EMA50=1;VWAP=1;BIAS=1,0.00,0.00,25144.11,25144.11,outside the killzone window
469,2024.10.24 13:45:00,2024.10.24 16:15:00,SKIP,XAUUSD,M15,136,FLAT,NA,EVENING,0,0.00,0.00,0.00,0.00,1.00,0.00,0.00,0.00,0.00,0.00,0.00,0.00,0.00,0.00,0.00,0.00,0.00,0.00,2730.68,2730.64,2730.93,2730.35,2730.48,-0.123,2.32,52.06,68.83,62.67,2.91,3.24,-0.34,2728.55,2738.66,1550,2134,71.4,14.3,5,1,CROSS=EMA9>EMA21;TREND=1;STRUCT=1;VOL=1;COOL=1;EMA50=1;VWAP=1;BIAS=1,0.00,0.00,25144.11,25144.11,already positioned that way
470,2024.10.25 06:30:00,2024.10.25 09:00:00,ENTRY,XAUUSD,M15,138,SELL,FULLTGT,DAY,0,2727.02,2731.77,2731.77,4.75,1.00,4.75,2722.27,2717.51,2712.76,2708.01,2703.26,0.26,0.26,0.26,2727.02,0.00,0.00,0.00,2732.61,2732.67,2732.27,2732.84,2732.78,0.165,2.38,53.64,35.00,41.42,-2.05,-1.18,-0.87,2730.94,2727.03,1910,1411,14.3,85.7,5,1,CROSS=EMA9<EMA21;TREND=1;STRUCT=1;VOL=1;COOL=1;EMA50=1;VWAP=1;BIAS=1,0.00,0.00,25143.20,25141.90,KZ=ASIA; KZR=Asia H @ 2748.11 188 bars ago (high taken); DAY 12AM-4PM IST session: stop x1.00 of usual; no partials; full size to TP5; SL steps BE->TP1->TP2->TP3
471,2024.10.25 09:51:28,2024.10.25 12:21:28,EXIT_SL,XAUUSD,M15,138,SELL,FULLTGT,DAY,0,2727.02,2731.77,2731.77,4.75,1.00,4.75,2722.27,2717.51,2712.76,2708.01,2703.26,0.26,0.26,0.00,2731.77,0.00,-1.00,-125.32,2730.41,2731.39,2731.64,2730.42,2731.42,-0.103,2.39,27.33,53.60,62.76,-1.01,-1.72,0.71,2729.35,2730.03,2235,1853,71.4,28.6,5,1,CROSS=EMA9<EMA21;TREND=1;STRUCT=1;VOL=1;COOL=1;EMA50=1;VWAP=1;BIAS=1,0.65,-1.00,25018.79,25018.79,stopped at the initial SL (x1.00 of usual)
472,2024.10.25 19:15:00,2024.10.25 21:45:00,SKIP,XAUUSD,M15,138,FLAT,NA,EVENING,0,0.00,0.00,0.00,0.00,1.00,0.00,0.00,0.00,0.00,0.00,0.00,0.00,0.00,0.00,0.00,0.00,0.00,0.00,2730.27,2730.15,2730.65,2730.02,2730.03,-0.109,4.53,35.18,57.44,49.50,3.54,3.14,0.40,2729.28,2736.30,2421,3069,71.4,14.3,5,1,CROSS=EMA9<EMA21;TREND=1;STRUCT=1;VOL=1;COOL=1;EMA50=1;VWAP=1;BIAS=1,0.00,0.00,25018.79,25018.79,outside the killzone window
473,2024.10.28 01:00:00,2024.10.28 03:30:00,DAY_SUMMARY,XAUUSD,M15,138,FLAT,NA,DAY,0,0.00,0.00,0.00,0.00,1.00,0.00,0.00,0.00,0.00,0.00,0.00,0.00,0.00,0.00,0.00,0.00,-1.00,-125.32,2736.97,2734.10,2732.70,2736.55,2733.83,0.627,2.23,38.97,68.29,70.89,3.01,3.06,-0.05,2731.37,2747.39,664,1618,71.4,14.3,9,1,CROSS=EMA9<EMA21;TREND=1;STRUCT=1;VOL=1;COOL=1;EMA50=1;VWAP=1;BIAS=1,0.00,0.00,25018.79,25018.79,2024.10.25 trades=1 W=0 L=1 gross_profit=0.00 gross_loss=125.32 net=-125.32 PF=0.00
474,2024.10.28 01:00:00,2024.10.28 03:30:00,WEEK_SUMMARY,XAUUSD,M15,138,FLAT,NA,DAY,0,0.00,0.00,0.00,0.00,1.00,0.00,0.00,0.00,0.00,0.00,0.00,0.00,0.00,0.00,0.00,0.00,-1.00,-125.32,2736.97,2734.10,2732.70,2736.55,2733.83,0.627,2.23,38.97,68.29,70.89,3.01,3.06,-0.05,2731.37,2747.39,664,1618,71.4,14.3,9,1,CROSS=EMA9<EMA21;TREND=1;STRUCT=1;VOL=1;COOL=1;EMA50=1;VWAP=1;BIAS=1,0.00,0.00,25018.79,25018.79,days=1 trades=1 W=0 L=1 gross_profit=0.00 gross_loss=125.32 net=-125.32 PF=0.00 pips=-475.0
475,2024.10.31 16:15:00,2024.10.31 18:45:00,SKIP,XAUUSD,M15,138,FLAT,NA,EVENING,0,0.00,0.00,0.00,0.00,1.00,0.00,0.00,0.00,0.00,0.00,0.00,0.00,0.00,0.00,0.00,0.00,0.00,0.00,2780.55,2780.76,2775.21,2780.99,2780.98,1.557,3.56,20.09,31.01,28.93,-2.13,-1.38,-0.75,2781.56,2769.75,4796,2232,0.0,85.7,5,1,CROSS=EMA9<EMA21;TREND=1;STRUCT=1;VOL=1;COOL=1;EMA50=1;VWAP=1;BIAS=1,0.00,0.00,25018.79,25018.79,already positioned that way
476,2024.11.01 01:00:00,2024.11.01 03:30:00,MONTH_SUMMARY,XAUUSD,M15,138,FLAT,NA,DAY,0,0.00,0.00,0.00,0.00,1.00,0.00,0.00,0.00,0.00,0.00,0.00,0.00,0.00,0.00,0.00,0.00,-3.01,-385.62,2755.10,2764.14,2767.12,2755.56,2764.55,-1.101,2.71,26.38,40.57,38.58,-2.26,-3.37,1.12,2764.57,2743.77,693,2150,14.3,71.4,9,1,CROSS=EMA9<EMA21;TREND=1;STRUCT=1;VOL=1;COOL=1;EMA50=1;VWAP=1;BIAS=1,0.00,0.00,25018.79,25018.79,days=4 trades=5 W=0 L=5 gross_profit=0.00 gross_loss=385.62 net=-385.62 PF=0.00 pips=-1375.0
477,2024.11.05 16:00:00,2024.11.05 18:30:00,ENTRY,XAUUSD,M15,140,BUY,FULLTGT,EVENING,0,2744.83,2739.20,2739.20,5.63,1.00,5.63,2750.46,2756.08,2761.71,2767.33,2772.96,0.22,0.22,0.22,2744.83,0.00,0.00,0.00,2738.81,2738.74,2741.87,2738.57,2738.62,-1.114,2.81,20.10,62.24,62.62,1.32,1.02,0.30,2737.11,2744.77,3867,2210,85.7,0.0,5,1,CROSS=EMA9>EMA21;TREND=1;STRUCT=1;VOL=1;COOL=1;EMA50=1;VWAP=1;BIAS=1,0.00,0.00,25018.02,25016.92,KZ=NY; KZR=London L @ 2731.97 83 bars ago (low taken); EVENING 4PM-12AM IST session: stop x1.00 of usual; no partials; full size to TP5; SL steps BE->TP1->TP2->TP3
478,2024.11.05 17:06:42,2024.11.05 19:36:42,EXIT_SL,XAUUSD,M15,140,BUY,FULLTGT,EVENING,0,2744.83,2739.20,2739.20,5.63,1.00,5.63,2750.46,2756.08,2761.71,2767.33,2772.96,0.22,0.22,0.00,2739.19,0.00,-1.00,-125.62,2739.88,2739.30,2742.03,2739.60,2739.15,-0.803,3.40,22.08,62.35,44.90,2.05,1.31,0.73,2738.16,2746.76,4154,2584,71.4,14.3,5,1,CROSS=EMA9>EMA21;TREND=1;STRUCT=1;VOL=1;COOL=1;EMA50=1;VWAP=1;BIAS=1,0.91,-1.00,24893.17,24893.17,stopped at the initial SL (x1.00 of usual)
479,2024.11.06 01:00:00,2024.11.06 03:30:00,DAY_SUMMARY,XAUUSD,M15,140,FLAT,NA,DAY,0,0.00,0.00,0.00,0.00,1.00,0.00,0.00,0.00,0.00,0.00,0.00,0.00,0.00,0.00,0.00,0.00,-1.00,-125.62,2741.02,2740.17,2741.83,2740.91,2740.10,-0.982,1.69,17.20,56.04,58.97,0.79,0.40,0.39,2738.88,2743.72,632,1568,71.4,0.0,5,1,CROSS=EMA9>EMA21;TREND=1;STRUCT=1;VOL=1;COOL=1;EMA50=1;VWAP=1;BIAS=1,0.00,0.00,24893.17,24893.17,2024.11.05 trades=1 W=0 L=1 gross_profit=0.00 gross_loss=125.62 net=-125.62 PF=0.00
480,2024.11.06 08:15:00,2024.11.06 10:45:00,SKIP,XAUUSD,M15,140,FLAT,NA,DAY,0,0.00,0.00,0.00,0.00,1.00,0.00,0.00,0.00,0.00,0.00,0.00,0.00,0.00,0.00,0.00,0.00,0.00,0.00,2740.01,2740.04,2741.38,2740.31,2740.19,-0.244,5.49,18.35,39.76,35.11,-1.14,-1.08,-0.06,2739.92,2732.58,4228,4344,0.0,71.4,5,1,CROSS=EMA9>EMA21;TREND=1;STRUCT=1;VOL=1;COOL=1;EMA50=1;VWAP=1;BIAS=1,0.00,0.00,24893.17,24893.17,outside the killzone window
481,2024.11.07 19:30:00,2024.11.07 22:00:00,SKIP,XAUUSD,M15,140,FLAT,NA,EVENING,0,0.00,0.00,0.00,0.00,1.00,0.00,0.00,0.00,0.00,0.00,0.00,0.00,0.00,0.00,0.00,0.00,0.00,0.00,2679.20,2679.03,2691.67,2678.38,2678.62,-2.469,5.12,52.81,72.59,62.74,7.65,8.35,-0.70,2672.01,2699.31,2564,4464,71.4,14.3,5,1,CROSS=EMA9>EMA21;TREND=1;STRUCT=1;VOL=1;COOL=1;EMA50=1;VWAP=1;BIAS=1,0.00,0.00,24893.17,24893.17,outside the killzone window
482,2024.11.08 20:45:00,2024.11.08 23:15:00,SKIP,XAUUSD,M15,140,FLAT,NA,EVENING,0,0.00,0.00,0.00,0.00,1.00,0.00,0.00,0.00,0.00,0.00,0.00,0.00,0.00,0.00,0.00,0.00,0.00,0.00,2689.68,2689.78,2692.35,2689.89,2689.88,-0.684,3.76,18.57,42.10,38.54,-1.33,-1.27,-0.06,2691.85,2684.50,2252,3778,0.0,71.4,5,1,CROSS=EMA9>EMA21;TREND=1;STRUCT=1;VOL=1;COOL=1;EMA50=1;VWAP=1;BIAS=1,0.00,0.00,24893.17,24893.17,outside the killzone window
483,2024.11.11 01:00:00,2024.11.11 03:30:00,WEEK_SUMMARY,XAUUSD,M15,140,FLAT,NA,DAY,0,0.00,0.00,0.00,0.00,1.00,0.00,0.00,0.00,0.00,0.00,0.00,0.00,0.00,0.00,0.00,0.00,-1.00,-125.62,2687.92,2688.76,2691.50,2688.07,2688.86,-1.404,1.95,24.05,43.03,40.94,-1.14,-1.02,-0.11,2691.37,2684.15,417,1830,0.0,71.4,9,1,CROSS=EMA9>EMA21;TREND=1;STRUCT=1;VOL=1;COOL=1;EMA50=1;VWAP=1;BIAS=1,0.00,0.00,24893.17,24893.17,days=1 trades=1 W=0 L=1 gross_profit=0.00 gross_loss=125.62 net=-125.62 PF=0.00 pips=-564.0
484,2024.11.15 17:15:00,2024.11.15 19:45:00,SKIP,XAUUSD,M15,140,FLAT,NA,EVENING,0,0.00,0.00,0.00,0.00,1.00,0.00,0.00,0.00,0.00,0.00,0.00,0.00,0.00,0.00,0.00,0.00,0.00,0.00,2568.09,2568.05,2574.87,2567.87,2567.94,-1.214,5.62,11.38,57.56,55.06,1.51,1.21,0.30,2567.63,2573.43,5415,3611,85.7,0.0,5,1,CROSS=EMA9>EMA21;TREND=1;STRUCT=1;VOL=1;COOL=1;EMA50=1;VWAP=1;BIAS=1,0.00,0.00,24893.17,24893.17,already positioned that way
485,2024.11.15 19:00:00,2024.11.15 21:30:00,SKIP,XAUUSD,M15,140,FLAT,NA,EVENING,0,0.00,0.00,0.00,0.00,1.00,0.00,0.00,0.00,0.00,0.00,0.00,0.00,0.00,0.00,0.00,0.00,0.00,0.00,2567.84,2567.93,2574.35,2568.07,2568.05,-1.052,6.10,20.24,41.47,34.06,-0.50,0.76,-1.27,2567.70,2562.21,3803,4348,0.0,71.4,3,1,CROSS=EMA9>EMA21;TREND=1;STRUCT=1;VOL=1;COOL=1;EMA50=1;VWAP=1;BIAS=1,0.00,0.00,24893.17,24893.17,outside the killzone window
486,2024.11.18 03:00:00,2024.11.18 05:30:00,SKIP,XAUUSD,M15,140,FLAT,NA,DAY,0,0.00,0.00,0.00,0.00,1.00,0.00,0.00,0.00,0.00,0.00,0.00,0.00,0.00,0.00,0.00,0.00,0.00,0.00,2567.47,2567.42,2572.42,2567.10,2567.23,-1.610,3.11,20.20,66.51,72.73,2.25,0.88,1.37,2572.44,2576.53,1856,1536,85.7,0.0,8,1,CROSS=EMA9>EMA21;TREND=1;STRUCT=1;VOL=1;COOL=1;EMA50=1;VWAP=1;BIAS=1,0.00,0.00,24893.17,24893.17,already positioned that way
487,2024.11.25 08:00:00,2024.11.25 10:30:00,SKIP,XAUUSD,M15,140,FLAT,NA,DAY,0,0.00,0.00,0.00,0.00,1.00,0.00,0.00,0.00,0.00,0.00,0.00,0.00,0.00,0.00,0.00,0.00,0.00,0.00,2692.37,2692.42,2682.03,2693.50,2692.98,1.270,8.18,49.30,19.58,37.52,-10.28,-9.63,-0.65,2691.40,2664.76,4360,3357,0.0,100.0,8,1,CROSS=EMA9>EMA21;TREND=1;STRUCT=1;VOL=1;COOL=1;EMA50=1;VWAP=1;BIAS=1,0.00,0.00,24893.17,24893.17,outside the killzone window
488,2024.11.27 07:45:00,2024.11.27 10:15:00,SKIP,XAUUSD,M15,140,FLAT,NA,DAY,0,0.00,0.00,0.00,0.00,1.00,0.00,0.00,0.00,0.00,0.00,0.00,0.00,0.00,0.00,0.00,0.00,0.00,0.00,2633.54,2633.51,2640.68,2633.07,2633.28,-2.628,2.73,23.92,72.03,75.51,2.85,2.54,0.31,2635.12,2645.09,3187,2120,85.7,0.0,11,1,CROSS=EMA9>EMA21;TREND=1;STRUCT=1;VOL=1;COOL=1;EMA50=1;VWAP=1;BIAS=1,0.00,0.00,24893.17,24893.17,already positioned that way
489,2024.11.28 02:15:00,2024.11.28 04:45:00,ENTRY,XAUUSD,M15,142,SELL,FULLTGT,DAY,0,2636.23,2639.53,2639.53,3.30,1.00,3.30,2632.93,2629.64,2626.34,2623.04,2619.74,0.37,0.37,0.37,2636.23,0.00,0.00,0.00,2639.92,2639.95,2641.84,2640.07,2640.03,-1.148,1.65,28.40,43.28,44.44,-1.43,-1.82,0.39,2636.84,2636.23,577,900,14.3,71.4,8,1,CROSS=EMA9<EMA21;TREND=1;STRUCT=1;VOL=1;COOL=1;EMA50=1;VWAP=1;BIAS=1,0.00,0.00,24891.87,24888.91,KZ=ASIA; KZR=Asia L @ 2617.90 163 bars ago (low taken); DAY 12AM-4PM IST session: stop x1.00 of usual; no partials; full size to TP5; SL steps BE->TP1->TP2->TP3
490,2024.11.28 03:01:39,2024.11.28 05:31:39,SL_MOVE,XAUUSD,M15,142,SELL,FULLTGT,DAY,0,2636.23,2639.53,2636.23,3.30,1.00,3.30,2632.93,2629.64,2626.34,2623.04,2619.74,0.37,0.00,0.37,2636.23,1.00,0.00,0.00,2639.55,2639.76,2641.69,2639.71,2639.84,-1.239,1.56,25.43,42.23,41.32,-1.17,-1.53,0.36,2636.77,2635.72,847,841,14.3,85.7,12,1,CROSS=EMA9<EMA21;TREND=1;STRUCT=1;VOL=1;COOL=1;EMA50=1;VWAP=1;BIAS=1,0.99,-0.69,24891.87,25013.97,stop to breakeven
491,2024.11.28 03:01:39,2024.11.28 05:31:39,TP1_REACHED,XAUUSD,M15,142,SELL,FULLTGT,DAY,0,2636.23,2639.53,2636.23,3.30,1.00,3.30,2632.93,2629.64,2626.34,2623.04,2619.74,0.37,0.00,0.37,2632.93,1.00,1.00,0.00,2639.55,2639.76,2641.69,2639.71,2639.84,-1.239,1.56,25.43,42.23,41.32,-1.17,-1.53,0.36,2636.77,2635.72,847,841,14.3,85.7,12,1,CROSS=EMA9<EMA21;TREND=1;STRUCT=1;VOL=1;COOL=1;EMA50=1;VWAP=1;BIAS=1,0.99,-0.69,24891.87,25013.97,full target: no partial booked
492,2024.11.28 03:06:38,2024.11.28 05:36:38,SL_MOVE,XAUUSD,M15,142,SELL,FULLTGT,DAY,0,2636.23,2639.53,2632.93,3.30,1.00,3.30,2632.93,2629.64,2626.34,2623.04,2619.74,0.37,0.00,0.37,2632.93,2.00,0.00,0.00,2639.55,2639.76,2641.69,2639.71,2639.84,-1.239,1.56,25.43,42.23,27.11,-1.17,-1.53,0.36,2636.77,2635.72,847,841,14.3,85.7,13,1,CROSS=EMA9<EMA21;TREND=1;STRUCT=1;VOL=1;COOL=1;EMA50=1;VWAP=1;BIAS=1,2.00,-0.69,24891.87,25137.18,stop trailed to TP1
493,2024.11.28 03:06:38,2024.11.28 05:36:38,TP2_REACHED,XAUUSD,M15,142,SELL,FULLTGT,DAY,0,2636.23,2639.53,2632.93,3.30,1.00,3.30,2632.93,2629.64,2626.34,2623.04,2619.74,0.37,0.00,0.37,2629.64,2.00,2.00,0.00,2639.55,2639.76,2641.69,2639.71,2639.84,-1.239,1.56,25.43,42.23,27.11,-1.17,-1.53,0.36,2636.77,2635.72,847,841,14.3,85.7,13,1,CROSS=EMA9<EMA21;TREND=1;STRUCT=1;VOL=1;COOL=1;EMA50=1;VWAP=1;BIAS=1,2.00,-0.69,24891.87,25137.18,full target: no partial booked
494,2024.11.28 03:08:28,2024.11.28 05:38:28,SL_MOVE,XAUUSD,M15,142,SELL,FULLTGT,DAY,0,2636.23,2639.53,2629.64,3.30,1.00,3.30,2632.93,2629.64,2626.34,2623.04,2619.74,0.37,0.00,0.37,2629.64,3.00,0.00,0.00,2639.55,2639.76,2641.69,2639.71,2639.84,-1.239,1.56,25.43,42.23,27.11,-1.17,-1.53,0.36,2636.77,2635.72,847,841,14.3,85.7,13,1,CROSS=EMA9<EMA21;TREND=1;STRUCT=1;VOL=1;COOL=1;EMA50=1;VWAP=1;BIAS=1,3.00,-0.69,24891.87,25259.65,stop trailed to TP2
495,2024.11.28 03:08:28,2024.11.28 05:38:28,TP3_REACHED,XAUUSD,M15,142,SELL,FULLTGT,DAY,0,2636.23,2639.53,2629.64,3.30,1.00,3.30,2632.93,2629.64,2626.34,2623.04,2619.74,0.37,0.00,0.37,2626.34,3.00,3.00,0.00,2639.55,2639.76,2641.69,2639.71,2639.84,-1.239,1.56,25.43,42.23,27.11,-1.17,-1.53,0.36,2636.77,2635.72,847,841,14.3,85.7,13,1,CROSS=EMA9<EMA21;TREND=1;STRUCT=1;VOL=1;COOL=1;EMA50=1;VWAP=1;BIAS=1,3.00,-0.69,24891.87,25259.65,full target: no partial booked
496,2024.11.28 03:19:59,2024.11.28 05:49:59,SL_MOVE,XAUUSD,M15,142,SELL,FULLTGT,DAY,0,2636.23,2639.53,2626.34,3.30,1.00,3.30,2632.93,2629.64,2626.34,2623.04,2619.74,0.37,0.00,0.37,2626.34,4.00,0.00,0.00,2639.10,2639.53,2641.56,2639.55,2639.76,-0.875,2.32,27.75,27.75,26.57,-1.77,-1.51,-0.26,2633.14,2628.13,4913,1025,0.0,100.0,3,1,CROSS=EMA9<EMA21;TREND=1;STRUCT=1;VOL=1;COOL=1;EMA50=1;VWAP=1;BIAS=1,3.99,-0.69,24891.87,25380.27,stop trailed to TP3
497,2024.11.28 03:19:59,2024.11.28 05:49:59,TP4_REACHED,XAUUSD,M15,142,SELL,FULLTGT,DAY,0,2636.23,2639.53,2626.34,3.30,1.00,3.30,2632.93,2629.64,2626.34,2623.04,2619.74,0.37,0.00,0.37,2623.04,4.00,4.00,0.00,2639.10,2639.53,2641.56,2639.55,2639.76,-0.875,2.32,27.75,27.75,26.57,-1.77,-1.51,-0.26,2633.14,2628.13,4913,1025,0.0,100.0,3,1,CROSS=EMA9<EMA21;TREND=1;STRUCT=1;VOL=1;COOL=1;EMA50=1;VWAP=1;BIAS=1,3.99,-0.69,24891.87,25380.27,full target: no partial booked
498,2024.11.28 03:28:37,2024.11.28 05:58:37,EXIT_TRAIL_SL,XAUUSD,M15,142,SELL,FULLTGT,DAY,0,2636.23,2639.53,2626.34,3.30,1.00,3.30,2632.93,2629.64,2626.34,2623.04,2619.74,0.37,0.37,0.00,2626.35,0.00,3.00,362.96,2639.10,2639.53,2641.56,2639.55,2639.76,-0.875,2.32,27.75,27.75,24.24,-1.77,-1.51,-0.26,2633.14,2628.13,4913,1025,0.0,100.0,9,1,CROSS=EMA9<EMA21;TREND=1;STRUCT=1;VOL=1;COOL=1;EMA50=1;VWAP=1;BIAS=1,4.56,-0.69,25256.13,25256.13,stopped at a trailed level
499,2024.11.28 12:30:00,2024.11.28 15:00:00,ENTRY,XAUUSD,M15,144,BUY,FULLTGT,DAY,0,2645.43,2640.11,2640.11,5.32,1.00,5.32,2650.75,2656.08,2661.40,2666.73,2672.05,0.23,0.23,0.23,2645.43,0.00,0.00,0.00,2637.99,2637.88,2639.75,2637.69,2637.73,-0.703,2.66,57.81,68.97,59.59,3.42,2.71,0.71,2633.91,2645.32,1201,1892,85.7,0.0,9,1,CROSS=EMA9>EMA21;TREND=1;STRUCT=1;VOL=1;COOL=1;EMA50=1;VWAP=1;BIAS=1,0.00,0.00,25255.32,25253.25,KZ=LONDON; KZR=Asia L @ 2617.90 204 bars ago (low taken); DAY 12AM-4PM IST session: stop x1.00 of usual; no partials; full size to TP5; SL steps BE->TP1->TP2->TP3
500,2024.11.28 17:20:39,2024.11.28 19:50:39,EXIT_SL,XAUUSD,M15,144,BUY,FULLTGT,EVENING,0,2645.43,2640.11,2640.11,5.32,1.00,5.32,2650.75,2656.08,2661.40,2666.73,2672.05,0.23,0.23,0.00,2640.10,0.00,-1.00,-124.21,2642.03,2640.37,2640.80,2642.05,2640.34,-0.164,2.65,33.04,42.32,31.59,0.56,1.58,-1.02,2637.53,2641.65,2233,1869,42.9,57.1,5,1,CROSS=EMA9>EMA21;TREND=1;STRUCT=1;VOL=1;COOL=1;EMA50=1;VWAP=1;BIAS=1,0.81,-1.00,25131.92,25131.92,stopped at the initial SL (x1.00 of usual)
501,2024.11.29 01:00:00,2024.11.29 03:30:00,DAY_SUMMARY,XAUUSD,M15,144,FLAT,NA,DAY,0,0.00,0.00,0.00,0.00,1.00,0.00,0.00,0.00,0.00,0.00,0.00,0.00,0.00,0.00,0.00,0.00,2.00,238.75,2641.12,2640.32,2640.71,2641.26,2640.37,-0.223,1.74,35.48,35.65,29.47,-1.01,-0.71,-0.30,2637.81,2637.84,695,1144,28.6,57.1,9,1,CROSS=EMA9>EMA21;TREND=1;STRUCT=1;VOL=1;COOL=1;EMA50=1;VWAP=1;BIAS=1,0.00,0.00,25131.92,25131.92,2024.11.28 trades=2 W=1 L=1 gross_profit=362.96 gross_loss=124.21 net=238.75 PF=2.92
502,2024.12.02 01:00:00,2024.12.02 03:30:00,WEEK_SUMMARY,XAUUSD,M15,144,FLAT,NA,DAY,0,0.00,0.00,0.00,0.00,1.00,0.00,0.00,0.00,0.00,0.00,0.00,0.00,0.00,0.00,0.00,0.00,2.00,238.75,2656.79,2654.17,2649.97,2657.06,2654.25,1.489,2.83,40.59,35.03,31.39,-2.07,-0.70,-1.37,2657.33,2650.39,1041,2612,14.3,71.4,9,1,CROSS=EMA9>EMA21;TREND=1;STRUCT=1;VOL=1;COOL=1;EMA50=1;VWAP=1;BIAS=1,0.00,0.00,25131.92,25131.92,days=1 trades=2 W=1 L=1 gross_profit=362.96 gross_loss=124.21 net=238.75 PF=2.92 pips=455.0
503,2024.12.02 01:00:00,2024.12.02 03:30:00,MONTH_SUMMARY,XAUUSD,M15,144,FLAT,NA,DAY,0,0.00,0.00,0.00,0.00,1.00,0.00,0.00,0.00,0.00,0.00,0.00,0.00,0.00,0.00,0.00,0.00,0.99,113.13,2656.79,2654.17,2649.97,2657.06,2654.25,1.489,2.83,40.59,35.03,31.39,-2.07,-0.70,-1.37,2657.33,2650.39,1041,2612,14.3,71.4,9,1,CROSS=EMA9>EMA21;TREND=1;STRUCT=1;VOL=1;COOL=1;EMA50=1;VWAP=1;BIAS=1,0.00,0.00,25131.92,25131.92,days=2 trades=3 W=1 L=2 gross_profit=362.96 gross_loss=249.83 net=113.13 PF=1.45 pips=-109.0
504,2024.12.02 03:30:00,2024.12.02 06:00:00,ENTRY,XAUUSD,M15,146,SELL,FULLTGT,DAY,0,2627.38,2637.81,2637.81,10.43,1.00,10.43,2616.95,2606.53,2596.10,2585.68,2575.25,0.12,0.12,0.12,2627.38,0.00,0.00,0.00,2651.19,2651.64,2649.05,2652.16,2652.13,0.496,5.21,49.10,21.04,22.89,-6.49,-4.25,-2.24,2637.67,2627.37,4870,2061,0.0,100.0,1,1,CROSS=EMA9<EMA21;TREND=1;STRUCT=1;VOL=1;COOL=1;EMA50=1;VWAP=1;BIAS=1,0.00,0.00,25131.50,25131.38,KZ=ASIA; KZR=Asia L @ 2617.90 552 bars ago (low taken); DAY 12AM-4PM IST session: stop x1.00 of usual; no partials; full size to TP5; SL steps BE->TP1->TP2->TP3
505,2024.12.02 03:45:17,2024.12.02 06:15:17,EXIT_SL,XAUUSD,M15,146,SELL,FULLTGT,DAY,0,2627.38,2637.81,2637.81,10.43,1.00,10.43,2616.95,2606.53,2596.10,2585.68,2575.25,0.12,0.12,0.00,2637.82,0.00,-1.00,-126.12,2650.61,2651.33,2648.93,2651.19,2651.64,0.419,5.75,50.37,37.48,46.82,-6.34,-4.64,-1.69,2637.03,2636.46,4288,2159,14.3,85.7,5,1,CROSS=EMA9<EMA21;TREND=1;STRUCT=1;VOL=1;COOL=1;EMA50=1;VWAP=1;BIAS=1,0.00,-1.00,25005.80,25005.80,stopped at the initial SL (x1.00 of usual)
506,2024.12.03 01:00:00,2024.12.03 03:30:00,DAY_SUMMARY,XAUUSD,M15,146,FLAT,NA,DAY,0,0.00,0.00,0.00,0.00,1.00,0.00,0.00,0.00,0.00,0.00,0.00,0.00,0.00,0.00,0.00,0.00,-1.00,-126.12,2639.29,2640.53,2642.34,2639.32,2640.57,-0.695,2.60,17.72,48.86,49.88,-0.52,-0.62,0.11,2636.89,2638.62,394,1648,28.6,42.9,9,1,CROSS=EMA9<EMA21;TREND=1;STRUCT=1;VOL=1;COOL=1;EMA50=1;VWAP=1;BIAS=1,0.00,0.00,25005.80,25005.80,2024.12.02 trades=1 W=0 L=1 gross_profit=0.00 gross_loss=126.12 net=-126.12 PF=0.00
507,2024.12.03 09:15:00,2024.12.03 11:45:00,ENTRY,XAUUSD,M15,148,BUY,FULLTGT,DAY,0,2647.80,2642.40,2642.40,5.40,1.00,5.40,2653.20,2658.60,2664.00,2669.39,2674.79,0.23,0.23,0.23,2647.80,0.00,0.00,0.00,2641.05,2640.93,2642.03,2640.77,2640.80,-0.404,2.70,33.26,63.75,64.76,1.98,0.76,1.22,2640.98,2647.75,1994,2223,85.7,0.0,5,1,CROSS=EMA9>EMA21;TREND=1;STRUCT=1;VOL=1;COOL=1;EMA50=1;VWAP=1;BIAS=1,0.00,0.00,25004.99,25003.84,KZ=LONDON; KZR=Asia L @ 2617.90 671 bars ago (low taken); DAY 12AM-4PM IST session: stop x1.00 of usual; no partials; full size to TP5; SL steps BE->TP1->TP2->TP3
508,2024.12.03 10:05:31,2024.12.03 12:35:31,EXIT_SL,XAUUSD,M15,148,BUY,FULLTGT,DAY,0,2647.80,2642.40,2642.40,5.40,1.00,5.40,2653.20,2658.60,2664.00,2669.39,2674.79,0.23,0.23,0.00,2642.40,0.00,-1.00,-125.82,2641.51,2641.18,2642.12,2641.38,2641.11,-0.338,2.77,24.78,55.21,39.99,1.75,1.41,0.34,2641.34,2644.67,2245,2112,57.1,28.6,9,1,CROSS=EMA9>EMA21;TREND=1;STRUCT=1;VOL=1;COOL=1;EMA50=1;VWAP=1;BIAS=1,0.00,-1.00,24879.98,24879.98,stopped at the initial SL (x1.00 of usual)
509,2024.12.04 01:00:00,2024.12.04 03:30:00,DAY_SUMMARY,XAUUSD,M15,148,FLAT,NA,DAY,0,0.00,0.00,0.00,0.00,1.00,0.00,0.00,0.00,0.00,0.00,0.00,0.00,0.00,0.00,0.00,0.00,-1.00,-125.82,2643.64,2643.10,2642.96,2643.64,2643.09,0.075,1.87,16.54,49.69,53.59,-0.43,-0.57,0.14,2643.38,2643.50,352,1367,57.1,14.3,9,1,CROSS=EMA9>EMA21;TREND=1;STRUCT=1;VOL=1;COOL=1;EMA50=1;VWAP=1;BIAS=1,0.00,0.00,24879.98,24879.98,2024.12.03 trades=1 W=0 L=1 gross_profit=0.00 gross_loss=125.82 net=-125.82 PF=0.00
510,2024.12.04 15:15:00,2024.12.04 17:45:00,ENTRY,XAUUSD,M15,150,SELL,FULLTGT,EVENING,0,2634.49,2640.76,2640.76,6.27,1.00,6.27,2628.22,2621.94,2615.67,2609.39,2603.12,0.19,0.19,0.19,2634.49,0.00,0.00,0.00,2643.37,2643.43,2643.27,2643.73,2643.61,0.052,3.14,27.23,28.67,33.93,-1.12,-0.18,-0.94,2643.43,2634.54,3956,2310,0.0,100.0,6,1,CROSS=EMA9<EMA21;TREND=1;STRUCT=1;VOL=1;COOL=1;EMA50=1;VWAP=1;BIAS=1,0.00,0.00,24879.31,24878.17,KZ=NY; KZR=NY L @ 2635.19 0 bars ago (low taken); EVENING 4PM-12AM IST session: stop x1.00 of usual; no partials; full size to TP5; SL steps BE->TP1->TP2->TP3
511,2024.12.04 15:20:39,2024.12.04 17:50:39,EXIT_SL,XAUUSD,M15,150,SELL,FULLTGT,EVENING,0,2634.49,2640.76,2640.76,6.27,1.00,6.27,2628.22,2621.94,2615.67,2609.39,2603.12,0.19,0.19,0.00,2640.77,0.00,-1.00,-120.66,2643.37,2643.43,2643.27,2643.73,2643.61,0.052,3.14,27.23,28.67,45.40,-1.12,-0.18,-0.94,2643.43,2634.54,3956,2310,0.0,100.0,5,1,CROSS=EMA9<EMA21;TREND=1;STRUCT=1;VOL=1;COOL=1;EMA50=1;VWAP=1;BIAS=1,0.00,-0.99,24759.32,24759.32,stopped at the initial SL (x1.00 of usual)
512,2024.12.04 15:45:00,2024.12.04 18:15:00,ENTRY,XAUUSD,M15,152,BUY,FULLTGT,EVENING,0,2644.91,2636.69,2636.69,8.22,1.00,8.22,2653.13,2661.35,2669.57,2677.78,2686.00,0.15,0.15,0.15,2644.91,0.00,0.00,0.00,2643.50,2643.49,2643.30,2643.44,2643.47,0.046,4.11,22.69,53.25,55.26,-0.49,-0.24,-0.25,2643.42,2644.84,4325,2466,57.1,28.6,7,1,CROSS=EMA9>EMA21;TREND=1;STRUCT=1;VOL=1;COOL=1;EMA50=1;VWAP=1;BIAS=1,0.00,0.00,24758.79,24757.74,KZ=NY; KZR=NY L @ 2635.19 2 bars ago (low taken); EVENING 4PM-12AM IST session: stop x1.00 of usual; no partials; full size to TP5; SL steps BE->TP1->TP2->TP3
513,2024.12.04 16:31:38,2024.12.04 19:01:38,SL_MOVE,XAUUSD,M15,152,BUY,FULLTGT,EVENING,0,2644.91,2636.69,2644.91,8.22,1.00,8.22,2653.13,2661.35,2669.57,2677.78,2686.00,0.15,0.00,0.15,2644.91,1.00,0.00,0.00,2644.23,2643.87,2643.50,2643.89,2643.70,0.078,4.76,20.26,64.47,64.38,1.06,-0.12,1.18,2643.88,2652.54,4113,2691,85.7,0.0,5,1,CROSS=EMA9>EMA21;TREND=1;STRUCT=1;VOL=1;COOL=1;EMA50=1;VWAP=1;BIAS=1,1.00,-0.18,24758.79,24882.09,stop to breakeven
514,2024.12.04 16:31:38,2024.12.04 19:01:38,TP1_REACHED,XAUUSD,M15,152,BUY,FULLTGT,EVENING,0,2644.91,2636.69,2644.91,8.22,1.00,8.22,2653.13,2661.35,2669.57,2677.78,2686.00,0.15,0.00,0.15,2653.13,1.00,1.00,0.00,2644.23,2643.87,2643.50,2643.89,2643.70,0.078,4.76,20.26,64.47,64.38,1.06,-0.12,1.18,2643.88,2652.54,4113,2691,85.7,0.0,5,1,CROSS=EMA9>EMA21;TREND=1;STRUCT=1;VOL=1;COOL=1;EMA50=1;VWAP=1;BIAS=1,1.00,-0.18,24758.79,24882.09,full target: no partial booked
515,2024.12.05 01:00:00,2024.12.05 03:30:00,DAY_SUMMARY,XAUUSD,M15,152,BUY,FULLTGT,DAY,0,2644.91,2636.69,2644.91,8.22,1.00,8.22,2653.13,2661.35,2669.57,2677.78,2686.00,0.15,0.00,0.00,0.00,0.00,-1.00,-120.66,2648.86,2647.10,2645.47,2648.82,2647.04,0.654,2.49,21.70,49.83,48.67,0.09,0.44,-0.35,2646.55,2649.88,445,1639,28.6,42.9,51,1,CROSS=EMA9>EMA21;TREND=1;STRUCT=1;VOL=1;COOL=1;EMA50=1;VWAP=1;BIAS=1,1.50,-0.18,24758.79,24800.69,2024.12.04 trades=1 W=0 L=1 gross_profit=0.00 gross_loss=120.66 net=-120.66 PF=0.00
516,2024.12.05 05:03:39,2024.12.05 07:33:39,EXIT_BE,XAUUSD,M15,152,BUY,FULLTGT,DAY,0,2644.91,2636.69,2644.91,8.22,1.00,8.22,2653.13,2661.35,2669.57,2677.78,2686.00,0.15,0.15,0.00,2644.91,0.00,0.00,-29.51,2648.70,2647.51,2645.95,2648.78,2647.53,0.728,2.16,29.25,42.90,43.57,-0.70,-0.42,-0.28,2648.35,2646.61,1710,1182,14.3,85.7,13,1,CROSS=EMA9>EMA21;TREND=1;STRUCT=1;VOL=1;COOL=1;EMA50=1;VWAP=1;BIAS=1,1.50,-0.18,24729.81,24729.81,stopped at breakeven
517,2024.12.05 17:30:00,2024.12.05 20:00:00,ENTRY,XAUUSD,M15,154,SELL,FULLTGT,EVENING,0,2634.18,2643.45,2643.45,9.27,1.00,9.27,2624.91,2615.65,2606.38,2597.11,2587.84,0.13,0.13,0.13,2634.18,0.00,0.00,0.00,2647.05,2647.30,2646.50,2647.57,2647.57,0.174,4.63,29.44,29.84,24.31,-2.31,-0.32,-1.99,2647.29,2634.22,3880,2864,0.0,100.0,5,1,CROSS=EMA9<EMA21;TREND=1;STRUCT=1;VOL=1;COOL=1;EMA50=1;VWAP=1;BIAS=1,0.00,0.00,24729.35,24728.70,KZ=NY; KZR=NY L @ 2635.19 105 bars ago (low taken); EVENING 4PM-12AM IST session: stop x1.00 of usual; no partials; full size to TP5; SL steps BE->TP1->TP2->TP3
518,2024.12.05 19:27:38,2024.12.05 21:57:38,SL_MOVE,XAUUSD,M15,154,SELL,FULLTGT,EVENING,0,2634.18,2643.45,2634.18,9.27,1.00,9.27,2624.91,2615.65,2606.38,2597.11,2587.84,0.13,0.00,0.13,2634.18,1.00,0.00,0.00,2644.35,2645.84,2645.80,2645.03,2646.21,0.008,5.51,33.58,29.50,28.53,-3.84,-2.78,-1.06,2645.78,2627.72,2772,3433,0.0,85.7,8,1,CROSS=EMA9<EMA21;TREND=1;STRUCT=1;VOL=1;COOL=1;EMA50=1;VWAP=1;BIAS=1,1.00,-1.00,24729.35,24849.99,stop to breakeven
519,2024.12.05 19:27:38,2024.12.05 21:57:38,TP1_REACHED,XAUUSD,M15,154,SELL,FULLTGT,EVENING,0,2634.18,2643.45,2634.18,9.27,1.00,9.27,2624.91,2615.65,2606.38,2597.11,2587.84,0.13,0.00,0.13,2624.91,1.00,1.00,0.00,2644.35,2645.84,2645.80,2645.03,2646.21,0.008,5.51,33.58,29.50,28.53,-3.84,-2.78,-1.06,2645.78,2627.72,2772,3433,0.0,85.7,8,1,CROSS=EMA9<EMA21;TREND=1;STRUCT=1;VOL=1;COOL=1;EMA50=1;VWAP=1;BIAS=1,1.00,-1.00,24729.35,24849.99,full target: no partial booked
520,2024.12.06 01:00:00,2024.12.06 03:30:00,DAY_SUMMARY,XAUUSD,M15,154,SELL,FULLTGT,DAY,0,2634.18,2643.45,2634.18,9.27,1.00,9.27,2624.91,2615.65,2606.38,2597.11,2587.84,0.13,0.00,0.00,0.00,0.00,0.00,-29.51,2636.53,2640.67,2642.96,2636.73,2640.85,-1.165,1.97,27.76,46.43,55.18,-1.82,-2.84,1.02,2642.90,2631.66,399,1656,28.6,57.1,9,1,CROSS=EMA9<EMA21;TREND=1;STRUCT=1;VOL=1;COOL=1;EMA50=1;VWAP=1;BIAS=1,1.14,-1.00,24729.35,24767.25,2024.12.05 trades=1 W=0 L=1 gross_profit=0.00 gross_loss=29.51 net=-29.51 PF=0.00
521,2024.12.06 03:10:37,2024.12.06 05:40:37,SL_MOVE,XAUUSD,M15,154,SELL,FULLTGT,DAY,0,2634.18,2643.45,2624.91,9.27,1.00,9.27,2624.91,2615.65,2606.38,2597.11,2587.84,0.13,0.00,0.13,2624.91,2.00,0.00,0.00,2635.27,2639.38,2642.12,2635.54,2639.60,-1.852,1.48,34.28,37.70,12.25,-0.89,-1.08,0.20,2631.96,2628.53,1178,942,14.3,85.7,13,1,CROSS=EMA9<EMA21;TREND=1;STRUCT=1;VOL=1;COOL=1;EMA50=1;VWAP=1;BIAS=1,2.00,-1.00,24729.35,24976.68,stop trailed to TP1
522,2024.12.06 03:10:37,2024.12.06 05:40:37,TP2_REACHED,XAUUSD,M15,154,SELL,FULLTGT,DAY,0,2634.18,2643.45,2624.91,9.27,1.00,9.27,2624.91,2615.65,2606.38,2597.11,2587.84,0.13,0.00,0.13,2615.65,2.00,2.00,0.00,2635.27,2639.38,2642.12,2635.54,2639.60,-1.852,1.48,34.28,37.70,12.25,-0.89,-1.08,0.20,2631.96,2628.53,1178,942,14.3,85.7,13,1,CROSS=EMA9<EMA21;TREND=1;STRUCT=1;VOL=1;COOL=1;EMA50=1;VWAP=1;BIAS=1,2.00,-1.00,24729.35,24976.68,full target: no partial booked
523,2024.12.06 04:43:28,2024.12.06 07:13:28,EXIT_TRAIL_SL,XAUUSD,M15,154,SELL,FULLTGT,DAY,0,2634.18,2643.45,2624.91,9.27,1.00,9.27,2624.91,2615.65,2606.38,2597.11,2587.84,0.13,0.13,0.00,2624.91,0.00,1.00,125.38,2631.88,2637.11,2640.79,2632.28,2637.42,-0.951,3.86,18.48,39.89,49.72,-3.55,-2.32,-1.24,2622.37,2621.96,1399,1501,0.0,71.4,8,1,CROSS=EMA9<EMA21;TREND=1;STRUCT=1;VOL=1;COOL=1;EMA50=1;VWAP=1;BIAS=1,2.24,-1.00,24855.19,24855.19,stopped at a trailed level
524,2024.12.09 01:00:00,2024.12.09 03:30:00,DAY_SUMMARY,XAUUSD,M15,154,FLAT,NA,DAY,0,0.00,0.00,0.00,0.00,1.00,0.00,0.00,0.00,0.00,0.00,0.00,0.00,0.00,0.00,0.00,0.00,1.00,125.38,2635.61,2636.58,2638.61,2635.73,2636.65,-1.012,2.01,24.82,42.85,42.82,-1.13,-0.82,-0.31,2634.82,2632.67,491,1466,0.0,71.4,9,1,CROSS=EMA9<EMA21;TREND=1;STRUCT=1;VOL=1;COOL=1;EMA50=1;VWAP=1;BIAS=1,0.00,0.00,24855.19,24855.19,2024.12.06 trades=1 W=1 L=0 gross_profit=125.38 gross_loss=0.00 net=125.38 PF=0.00
525,2024.12.09 01:00:00,2024.12.09 03:30:00,WEEK_SUMMARY,XAUUSD,M15,154,FLAT,NA,DAY,0,0.00,0.00,0.00,0.00,1.00,0.00,0.00,0.00,0.00,0.00,0.00,0.00,0.00,0.00,0.00,0.00,-2.00,-276.73,2635.61,2636.58,2638.61,2635.73,2636.65,-1.012,2.01,24.82,42.85,42.82,-1.13,-0.82,-0.31,2634.82,2632.67,491,1466,0.0,71.4,9,1,CROSS=EMA9<EMA21;TREND=1;STRUCT=1;VOL=1;COOL=1;EMA50=1;VWAP=1;BIAS=1,0.00,0.00,24855.19,24855.19,days=5 trades=5 W=1 L=4 gross_profit=125.38 gross_loss=402.11 net=-276.73 PF=0.31 pips=-1285.0
526,2024.12.09 04:15:00,2024.12.09 06:45:00,ENTRY,XAUUSD,M15,156,BUY,FULLTGT,DAY,0,2645.97,2634.32,2634.32,11.65,1.00,11.65,2657.62,2669.27,2680.92,2692.58,2704.23,0.10,0.10,0.10,2645.97,0.00,0.00,0.00,2637.50,2637.37,2638.77,2637.16,2637.20,-0.240,5.83,19.89,60.24,62.58,2.47,0.68,1.78,2641.01,2645.92,2474,1847,71.4,14.3,6,1,CROSS=EMA9>EMA21;TREND=1;STRUCT=1;VOL=1;COOL=1;EMA50=1;VWAP=1;BIAS=1,0.00,0.00,24854.84,24854.24,KZ=ASIA; KZR=London H @ 2650.39 3 bars ago (high taken); DAY 12AM-4PM IST session: stop x1.00 of usual; no partials; full size to TP5; SL steps BE->TP1->TP2->TP3
527,2024.12.09 12:16:39,2024.12.09 14:46:39,SL_MOVE,XAUUSD,M15,156,BUY,FULLTGT,DAY,0,2645.97,2634.32,2645.97,11.65,1.00,11.65,2657.62,2669.27,2680.92,2692.58,2704.23,0.10,0.00,0.10,2645.97,1.00,0.00,0.00,2643.91,2641.20,2640.49,2643.39,2640.89,0.245,2.92,43.91,73.75,70.38,3.87,3.01,0.86,2643.90,2656.53,1602,2288,85.7,0.0,5,1,CROSS=EMA9>EMA21;TREND=1;STRUCT=1;VOL=1;COOL=1;EMA50=1;VWAP=1;BIAS=1,1.00,-0.96,24854.84,24971.64,stop to breakeven
528,2024.12.09 12:16:39,2024.12.09 14:46:39,TP1_REACHED,XAUUSD,M15,156,BUY,FULLTGT,DAY,0,2645.97,2634.32,2645.97,11.65,1.00,11.65,2657.62,2669.27,2680.92,2692.58,2704.23,0.10,0.00,0.10,2657.62,1.00,1.00,0.00,2643.91,2641.20,2640.49,2643.39,2640.89,0.245,2.92,43.91,73.75,70.38,3.87,3.01,0.86,2643.90,2656.53,1602,2288,85.7,0.0,5,1,CROSS=EMA9>EMA21;TREND=1;STRUCT=1;VOL=1;COOL=1;EMA50=1;VWAP=1;BIAS=1,1.00,-0.96,24854.84,24971.64,full target: no partial booked
529,2024.12.09 16:28:41,2024.12.09 18:58:41,SL_MOVE,XAUUSD,M15,156,BUY,FULLTGT,EVENING,0,2645.97,2634.32,2657.62,11.65,1.00,11.65,2657.62,2669.27,2680.92,2692.58,2704.23,0.10,0.00,0.10,2657.62,2.00,0.00,0.00,2650.74,2645.84,2643.09,2650.10,2645.43,0.786,3.51,35.58,75.42,67.83,3.86,3.22,0.65,2648.18,2666.33,3388,2585,100.0,0.0,5,1,CROSS=EMA9>EMA21;TREND=1;STRUCT=1;VOL=1;COOL=1;EMA50=1;VWAP=1;BIAS=1,2.00,-0.96,24854.84,25087.94,stop trailed to TP1
530,2024.12.09 16:28:41,2024.12.09 18:58:41,TP2_REACHED,XAUUSD,M15,156,BUY,FULLTGT,EVENING,0,2645.97,2634.32,2657.62,11.65,1.00,11.65,2657.62,2669.27,2680.92,2692.58,2704.23,0.10,0.00,0.10,2669.27,2.00,2.00,0.00,2650.74,2645.84,2643.09,2650.10,2645.43,0.786,3.51,35.58,75.42,67.83,3.86,3.22,0.65,2648.18,2666.33,3388,2585,100.0,0.0,5,1,CROSS=EMA9>EMA21;TREND=1;STRUCT=1;VOL=1;COOL=1;EMA50=1;VWAP=1;BIAS=1,2.00,-0.96,24854.84,25087.94,full target: no partial booked
531,2024.12.09 22:24:36,2024.12.10 00:54:36,EXIT_TRAIL_SL,XAUUSD,M15,156,BUY,FULLTGT,DAY,0,2645.97,2634.32,2657.62,11.65,1.00,11.65,2657.62,2669.27,2680.92,2692.58,2704.23,0.10,0.10,0.00,2657.62,0.00,1.00,115.80,2659.73,2653.49,2648.02,2659.75,2653.38,2.346,2.33,53.48,38.25,30.63,-0.54,0.68,-1.22,2654.50,2659.20,1293,2380,28.6,57.1,7,1,CROSS=EMA9>EMA21;TREND=1;STRUCT=1;VOL=1;COOL=1;EMA50=1;VWAP=1;BIAS=1,2.62,-0.96,24970.99,24970.99,stopped at a trailed level
532,2024.12.10 01:00:00,2024.12.10 03:30:00,DAY_SUMMARY,XAUUSD,M15,156,FLAT,NA,DAY,0,0.00,0.00,0.00,0.00,1.00,0.00,0.00,0.00,0.00,0.00,0.00,0.00,0.00,0.00,0.00,0.00,1.00,115.80,2659.57,2654.21,2648.76,2659.54,2654.09,2.854,1.91,45.48,45.42,53.11,-1.10,-0.97,-0.13,2654.62,2660.18,524,1500,57.1,28.6,9,1,CROSS=EMA9>EMA21;TREND=1;STRUCT=1;VOL=1;COOL=1;EMA50=1;VWAP=1;BIAS=1,0.00,0.00,24970.99,24970.99,2024.12.09 trades=1 W=1 L=0 gross_profit=115.80 gross_loss=0.00 net=115.80 PF=0.00
533,2024.12.12 17:15:00,2024.12.12 19:45:00,ENTRY,XAUUSD,M15,158,SELL,FULLTGT,EVENING,0,2682.38,2694.06,2694.06,11.68,1.00,11.68,2670.70,2659.01,2647.33,2635.65,2623.97,0.10,0.10,0.10,2682.38,0.00,0.00,0.00,2706.77,2707.02,2699.26,2707.76,2707.51,1.328,5.84,50.28,25.14,26.27,-7.57,-4.31,-3.27,2707.37,2682.40,5493,3254,0.0,100.0,9,1,CROSS=EMA9<EMA21;TREND=1;STRUCT=1;VOL=1;COOL=1;EMA50=1;VWAP=1;BIAS=1,0.00,0.00,24970.64,24969.74,KZ=NY; KZR=Asia H @ 2704.41 97 bars ago (high taken); EVENING 4PM-12AM IST session: stop x1.00 of usual; no partials; full size to TP5; SL steps BE->TP1->TP2->TP3
534,2024.12.13 11:42:35,2024.12.13 14:12:35,SL_MOVE,XAUUSD,M15,158,SELL,FULLTGT,DAY,0,2682.38,2694.06,2682.38,11.68,1.00,11.68,2670.70,2659.01,2647.33,2635.65,2623.97,0.10,0.00,0.10,2682.38,1.00,0.00,0.00,2685.49,2689.97,2691.76,2685.99,2690.31,-0.462,3.88,40.74,27.62,29.07,-2.76,-1.03,-1.73,2685.31,2673.28,2886,2186,14.3,85.7,9,1,CROSS=EMA9<EMA21;TREND=1;STRUCT=1;VOL=1;COOL=1;EMA50=1;VWAP=1;BIAS=1,1.00,-0.90,24970.64,25092.19,stop to breakeven
535,2024.12.13 11:42:35,2024.12.13 14:12:35,TP1_REACHED,XAUUSD,M15,158,SELL,FULLTGT,DAY,0,2682.38,2694.06,2682.38,11.68,1.00,11.68,2670.70,2659.01,2647.33,2635.65,2623.97,0.10,0.00,0.10,2670.70,1.00,1.00,0.00,2685.49,2689.97,2691.76,2685.99,2690.31,-0.462,3.88,40.74,27.62,29.07,-2.76,-1.03,-1.73,2685.31,2673.28,2886,2186,14.3,85.7,9,1,CROSS=EMA9<EMA21;TREND=1;STRUCT=1;VOL=1;COOL=1;EMA50=1;VWAP=1;BIAS=1,1.00,-0.90,24970.64,25092.19,full target: no partial booked
536,2024.12.13 16:35:40,2024.12.13 19:05:40,SL_MOVE,XAUUSD,M15,158,SELL,FULLTGT,EVENING,0,2682.38,2694.06,2670.70,11.68,1.00,11.68,2670.70,2659.01,2647.33,2635.65,2623.97,0.10,0.00,0.10,2670.70,2.00,0.00,0.00,2675.20,2682.40,2687.30,2675.75,2682.82,-1.230,3.98,41.48,31.18,36.11,-4.06,-3.84,-0.23,2678.15,2661.84,3232,2640,0.0,100.0,11,1,CROSS=EMA9<EMA21;TREND=1;STRUCT=1;VOL=1;COOL=1;EMA50=1;VWAP=1;BIAS=1,2.00,-0.90,24970.64,25208.99,stop trailed to TP1
537,2024.12.13 16:35:40,2024.12.13 19:05:40,TP2_REACHED,XAUUSD,M15,158,SELL,FULLTGT,EVENING,0,2682.38,2694.06,2670.70,11.68,1.00,11.68,2670.70,2659.01,2647.33,2635.65,2623.97,0.10,0.00,0.10,2659.01,2.00,2.00,0.00,2675.20,2682.40,2687.30,2675.75,2682.82,-1.230,3.98,41.48,31.18,36.11,-4.06,-3.84,-0.23,2678.15,2661.84,3232,2640,0.0,100.0,11,1,CROSS=EMA9<EMA21;TREND=1;STRUCT=1;VOL=1;COOL=1;EMA50=1;VWAP=1;BIAS=1,2.00,-0.90,24970.64,25208.99,full target: no partial booked
538,2024.12.13 22:58:38,2024.12.14 01:28:38,SL_MOVE,XAUUSD,M15,158,SELL,FULLTGT,DAY,0,2682.38,2694.06,2659.01,11.68,1.00,11.68,2670.70,2659.01,2647.33,2635.65,2623.97,0.10,0.00,0.10,2659.01,3.00,0.00,0.00,2662.97,2672.13,2680.49,2663.52,2672.59,-3.474,2.40,63.50,31.68,32.70,-3.62,-3.51,-0.11,2671.59,2649.48,1997,2205,0.0,85.7,10,1,CROSS=EMA9<EMA21;TREND=1;STRUCT=1;VOL=1;COOL=1;EMA50=1;VWAP=1;BIAS=1,3.00,-0.90,24970.64,25325.59,stop trailed to TP2
539,2024.12.13 22:58:38,2024.12.14 01:28:38,TP3_REACHED,XAUUSD,M15,158,SELL,FULLTGT,DAY,0,2682.38,2694.06,2659.01,11.68,1.00,11.68,2670.70,2659.01,2647.33,2635.65,2623.97,0.10,0.00,0.10,2647.33,3.00,3.00,0.00,2662.97,2672.13,2680.49,2663.52,2672.59,-3.474,2.40,63.50,31.68,32.70,-3.62,-3.51,-0.11,2671.59,2649.48,1997,2205,0.0,85.7,10,1,CROSS=EMA9<EMA21;TREND=1;STRUCT=1;VOL=1;COOL=1;EMA50=1;VWAP=1;BIAS=1,3.00,-0.90,24970.64,25325.59,full target: no partial booked
540,2024.12.13 23:42:00,2024.12.14 02:12:00,EXIT_WEEKEND,XAUUSD,M15,158,SELL,FULLTGT,DAY,0,2682.38,2694.06,2659.01,11.68,1.00,11.68,2670.70,2659.01,2647.33,2635.65,2623.97,0.10,0.10,0.00,2648.35,0.00,2.91,0.00,2661.36,2670.77,2679.55,2661.85,2671.20,-3.528,2.49,64.26,33.93,43.11,-3.78,-3.61,-0.17,2671.06,2649.30,983,1964,0.0,85.7,13,1,CROSS=EMA9<EMA21;TREND=1;STRUCT=1;VOL=1;COOL=1;EMA50=1;VWAP=1;BIAS=1,3.10,-0.90,25315.04,25315.04,WEEKEND exit
541,2024.12.13 23:42:01,2024.12.14 02:12:01,EXIT_WEEKEND,XAUUSD,M15,158,SELL,FULLTGT,DAY,0,2682.38,2694.06,2659.01,11.68,1.00,11.68,2670.70,2659.01,2647.33,2635.65,2623.97,0.10,0.10,0.00,2648.35,0.00,2.91,344.05,2661.36,2670.77,2679.55,2661.85,2671.20,-3.528,2.49,64.26,33.93,43.11,-3.78,-3.61,-0.17,2671.06,2649.30,983,1964,0.0,85.7,13,1,CROSS=EMA9<EMA21;TREND=1;STRUCT=1;VOL=1;COOL=1;EMA50=1;VWAP=1;BIAS=1,3.10,-0.90,25315.04,25315.04,flattened before the Friday close
542,2024.12.16 01:00:00,2024.12.16 03:30:00,DAY_SUMMARY,XAUUSD,M15,158,FLAT,NA,DAY,0,0.00,0.00,0.00,0.00,1.00,0.00,0.00,0.00,0.00,0.00,0.00,0.00,0.00,0.00,0.00,0.00,2.91,344.05,2660.43,2669.93,2678.95,2660.90,2670.35,-3.709,2.43,58.14,33.66,40.32,-3.59,-3.64,0.05,2670.87,2648.80,636,1794,14.3,71.4,17,1,CROSS=EMA9<EMA21;TREND=1;STRUCT=1;VOL=1;COOL=1;EMA50=1;VWAP=1;BIAS=1,0.00,0.00,25315.04,25315.04,2024.12.13 trades=1 W=1 L=0 gross_profit=344.05 gross_loss=0.00 net=344.05 PF=0.00
543,2024.12.16 01:00:00,2024.12.16 03:30:00,WEEK_SUMMARY,XAUUSD,M15,158,FLAT,NA,DAY,0,0.00,0.00,0.00,0.00,1.00,0.00,0.00,0.00,0.00,0.00,0.00,0.00,0.00,0.00,0.00,0.00,3.91,459.85,2660.43,2669.93,2678.95,2660.90,2670.35,-3.709,2.43,58.14,33.66,40.32,-3.59,-3.64,0.05,2670.87,2648.80,636,1794,14.3,71.4,17,1,CROSS=EMA9<EMA21;TREND=1;STRUCT=1;VOL=1;COOL=1;EMA50=1;VWAP=1;BIAS=1,0.00,0.00,25315.04,25315.04,days=2 trades=2 W=2 L=0 gross_profit=459.85 gross_loss=0.00 net=459.85 PF=0.00 pips=4568.0
544,2024.12.20 17:00:00,2024.12.20 19:30:00,ENTRY,XAUUSD,M15,160,BUY,FULLTGT,EVENING,0,2617.40,2609.40,2609.40,8.00,1.00,8.00,2625.40,2633.40,2641.40,2649.40,2657.40,0.15,0.15,0.15,2617.40,0.00,0.00,0.00,2604.85,2604.72,2611.41,2604.34,2604.47,-1.671,4.00,27.87,72.80,66.04,2.94,1.23,1.70,2603.67,2617.17,4058,2647,100.0,0.0,10,1,CROSS=EMA9>EMA21;TREND=1;STRUCT=1;VOL=1;COOL=1;EMA50=1;VWAP=1;BIAS=1,0.00,0.00,25314.51,25313.01,KZ=NY; KZR=Asia L @ 2593.34 96 bars ago (low taken); EVENING 4PM-12AM IST session: stop x1.00 of usual; no partials; full size to TP5; SL steps BE->TP1->TP2->TP3
545,2024.12.20 17:22:29,2024.12.20 19:52:29,SL_MOVE,XAUUSD,M15,160,BUY,FULLTGT,EVENING,0,2617.40,2609.40,2617.40,8.00,1.00,8.00,2625.40,2633.40,2641.40,2649.40,2657.40,0.15,0.00,0.15,2617.40,1.00,0.00,0.00,2605.53,2605.07,2611.51,2604.85,2604.72,-1.509,4.27,31.95,77.78,76.17,3.68,1.60,2.08,2604.24,2622.16,4608,2793,100.0,0.0,10,1,CROSS=EMA9>EMA21;TREND=1;STRUCT=1;VOL=1;COOL=1;EMA50=1;VWAP=1;BIAS=1,1.00,-0.13,25314.51,25434.51,stop to breakeven
546,2024.12.20 17:22:29,2024.12.20 19:52:29,TP1_REACHED,XAUUSD,M15,160,BUY,FULLTGT,EVENING,0,2617.40,2609.40,2617.40,8.00,1.00,8.00,2625.40,2633.40,2641.40,2649.40,2657.40,0.15,0.00,0.15,2625.40,1.00,1.00,0.00,2605.53,2605.07,2611.51,2604.85,2604.72,-1.509,4.27,31.95,77.78,76.17,3.68,1.60,2.08,2604.24,2622.16,4608,2793,100.0,0.0,10,1,CROSS=EMA9>EMA21;TREND=1;STRUCT=1;VOL=1;COOL=1;EMA50=1;VWAP=1;BIAS=1,1.00,-0.13,25314.51,25434.51,full target: no partial booked
547,2024.12.20 23:42:00,2024.12.21 02:12:00,EXIT_WEEKEND,XAUUSD,M15,160,BUY,FULLTGT,DAY,0,2617.40,2609.40,2617.40,8.00,1.00,8.00,2625.40,2633.40,2641.40,2649.40,2657.40,0.15,0.15,0.00,2620.79,0.00,0.42,0.00,2618.28,2613.23,2614.69,2618.17,2613.08,-0.643,2.27,30.72,45.09,32.84,1.67,3.16,-1.49,2611.13,2620.88,727,2104,42.9,42.9,6,1,CROSS=EMA9>EMA21;TREND=1;STRUCT=1;VOL=1;COOL=1;EMA50=1;VWAP=1;BIAS=1,1.83,-0.13,25364.83,25364.83,WEEKEND exit
548,2024.12.20 23:42:02,2024.12.21 02:12:02,EXIT_WEEKEND,XAUUSD,M15,160,BUY,FULLTGT,DAY,0,2617.40,2609.40,2617.40,8.00,1.00,8.00,2625.40,2633.40,2641.40,2649.40,2657.40,0.15,0.15,0.00,2620.79,0.00,0.42,49.79,2618.28,2613.23,2614.69,2618.17,2613.08,-0.643,2.27,30.72,45.09,32.84,1.67,3.16,-1.49,2611.13,2620.88,727,2104,42.9,42.9,6,1,CROSS=EMA9>EMA21;TREND=1;STRUCT=1;VOL=1;COOL=1;EMA50=1;VWAP=1;BIAS=1,1.83,-0.13,25364.83,25364.83,flattened before the Friday close
549,2024.12.23 01:00:00,2024.12.23 03:30:00,DAY_SUMMARY,XAUUSD,M15,160,FLAT,NA,DAY,0,0.00,0.00,0.00,0.00,1.00,0.00,0.00,0.00,0.00,0.00,0.00,0.00,0.00,0.00,0.00,0.00,0.42,49.79,2618.59,2613.59,2614.84,2618.41,2613.40,-0.535,2.34,36.65,50.90,46.41,1.12,2.52,-1.41,2611.21,2623.03,742,1870,57.1,28.6,50,1,CROSS=EMA9>EMA21;TREND=1;STRUCT=1;VOL=1;COOL=1;EMA50=1;VWAP=1;BIAS=1,0.00,0.00,25364.83,25364.83,2024.12.20 trades=1 W=1 L=0 gross_profit=49.79 gross_loss=0.00 net=49.79 PF=0.00
550,2024.12.23 01:00:00,2024.12.23 03:30:00,WEEK_SUMMARY,XAUUSD,M15,160,FLAT,NA,DAY,0,0.00,0.00,0.00,0.00,1.00,0.00,0.00,0.00,0.00,0.00,0.00,0.00,0.00,0.00,0.00,0.00,0.42,49.79,2618.59,2613.59,2614.84,2618.41,2613.40,-0.535,2.34,36.65,50.90,46.41,1.12,2.52,-1.41,2611.21,2623.03,742,1870,57.1,28.6,50,1,CROSS=EMA9>EMA21;TREND=1;STRUCT=1;VOL=1;COOL=1;EMA50=1;VWAP=1;BIAS=1,0.00,0.00,25364.83,25364.83,days=1 trades=1 W=1 L=0 gross_profit=49.79 gross_loss=0.00 net=49.79 PF=0.00 pips=339.0
551,2024.12.23 18:45:00,2024.12.23 21:15:00,SKIP,XAUUSD,M15,160,FLAT,NA,EVENING,0,0.00,0.00,0.00,0.00,1.00,0.00,0.00,0.00,0.00,0.00,0.00,0.00,0.00,0.00,0.00,0.00,0.00,0.00,2619.14,2619.15,2618.35,2619.27,2619.21,0.214,3.70,51.57,48.31,61.21,-2.72,-2.72,0.01,2621.13,2615.91,2370,2631,28.6,57.1,11,1,CROSS=EMA9>EMA21;TREND=1;STRUCT=1;VOL=1;COOL=1;EMA50=1;VWAP=1;BIAS=1,0.00,0.00,25364.83,25364.83,outside the killzone window
552,2024.12.24 09:15:00,2024.12.24 11:45:00,ENTRY,XAUUSD,M15,162,BUY,FULLTGT,DAY,0,2619.93,2616.16,2616.16,3.77,1.00,3.77,2623.70,2627.46,2631.23,2635.00,2638.77,0.33,0.33,0.33,2619.93,0.00,0.00,0.00,2617.20,2617.19,2617.27,2617.09,2617.13,-0.045,1.88,25.02,59.57,55.76,0.84,1.12,-0.28,2617.65,2619.77,1452,1220,85.7,14.3,15,1,CROSS=EMA9>EMA21;TREND=1;STRUCT=1;VOL=1;COOL=1;EMA50=1;VWAP=1;BIAS=1,0.00,0.00,25363.67,25358.72,KZ=LONDON; KZR=Asia L @ 2593.34 449 bars ago (low taken); DAY 12AM-4PM IST session: stop x1.00 of usual; no partials; full size to TP5; SL steps BE->TP1->TP2->TP3
553,2024.12.24 11:13:32,2024.12.24 13:43:32,EXIT_SL,XAUUSD,M15,162,BUY,FULLTGT,DAY,0,2619.93,2616.16,2616.16,3.77,1.00,3.77,2623.70,2627.46,2631.23,2635.00,2638.77,0.33,0.33,0.00,2616.15,0.00,-1.00,-127.06,2617.59,2617.40,2617.38,2617.60,2617.40,0.012,2.06,17.95,45.48,40.79,0.38,0.73,-0.35,2617.87,2617.32,1319,1192,14.3,71.4,9,1,CROSS=EMA9>EMA21;TREND=1;STRUCT=1;VOL=1;COOL=1;EMA50=1;VWAP=1;BIAS=1,0.31,-1.00,25237.77,25237.77,stopped at the initial SL (x1.00 of usual)
554,2024.12.24 12:00:00,2024.12.24 14:30:00,ENTRY,XAUUSD,M15,164,SELL,FULLTGT,DAY,0,2613.68,2617.83,2617.83,4.15,1.00,4.15,2609.53,2605.37,2601.22,2597.06,2592.91,0.30,0.30,0.30,2613.68,0.00,0.00,0.00,2617.18,2617.20,2617.28,2617.32,2617.27,-0.036,2.08,29.62,32.37,32.47,-0.62,0.23,-0.85,2617.60,2613.68,1458,1305,0.0,100.0,10,1,CROSS=EMA9<EMA21;TREND=1;STRUCT=1;VOL=1;COOL=1;EMA50=1;VWAP=1;BIAS=1,0.00,0.00,25236.72,25233.72,KZ=LONDON; KZR=Asia L @ 2593.34 460 bars ago (low taken); DAY 12AM-4PM IST session: stop x1.00 of usual; no partials; full size to TP5; SL steps BE->TP1->TP2->TP3
555,2024.12.24 12:16:41,2024.12.24 14:46:41,EXIT_SL,XAUUSD,M15,164,SELL,FULLTGT,DAY,0,2613.68,2617.83,2617.83,4.15,1.00,4.15,2609.53,2605.37,2601.22,2597.06,2592.91,0.30,0.30,0.00,2617.83,0.00,-1.00,-126.60,2617.14,2617.18,2617.27,2617.18,2617.20,-0.037,2.21,29.91,45.88,49.84,-0.61,0.07,-0.68,2617.54,2616.27,1365,1333,14.3,85.7,15,1,CROSS=EMA9<EMA21;TREND=1;STRUCT=1;VOL=1;COOL=1;EMA50=1;VWAP=1;BIAS=1,0.10,-0.99,25111.17,25111.17,stopped at the initial SL (x1.00 of usual)
556,2024.12.26 01:00:00,2024.12.26 03:30:00,DAY_SUMMARY,XAUUSD,M15,164,FLAT,NA,DAY,0,0.00,0.00,0.00,0.00,1.00,0.00,0.00,0.00,0.00,0.00,0.00,0.00,0.00,0.00,0.00,0.00,-2.00,-253.66,2615.69,2616.12,2616.60,2615.64,2616.11,-0.227,2.12,23.20,54.60,54.78,0.62,0.29,0.33,2616.03,2616.98,635,1864,57.1,14.3,35,1,CROSS=EMA9<EMA21;TREND=1;STRUCT=1;VOL=1;COOL=1;EMA50=1;VWAP=1;BIAS=1,0.00,0.00,25111.17,25111.17,2024.12.24 trades=2 W=0 L=2 gross_profit=0.00 gross_loss=253.66 net=-253.66 PF=0.00
557,2024.12.26 02:45:00,2024.12.26 05:15:00,ENTRY,XAUUSD,M15,166,BUY,FULLTGT,DAY,0,2621.24,2617.04,2617.04,4.20,1.00,4.20,2625.44,2629.63,2633.83,2638.02,2642.22,0.29,0.29,0.29,2621.24,0.00,0.00,0.00,2616.60,2616.55,2616.79,2616.42,2616.46,-0.116,2.10,25.57,64.32,65.82,1.34,0.93,0.40,2619.48,2621.04,1198,1318,85.7,0.0,21,1,CROSS=EMA9>EMA21;TREND=1;STRUCT=1;VOL=1;COOL=1;EMA50=1;VWAP=1;BIAS=1,0.00,0.00,25110.15,25104.06,KZ=ASIA; KZR=Asia L @ 2593.34 615 bars ago (low taken); DAY 12AM-4PM IST session: stop x1.00 of usual; no partials; full size to TP5; SL steps BE->TP1->TP2->TP3
558,2024.12.26 03:05:39,2024.12.26 05:35:39,SL_MOVE,XAUUSD,M15,166,BUY,FULLTGT,DAY,0,2621.24,2617.04,2621.24,4.20,1.00,4.20,2625.44,2629.63,2633.83,2638.02,2642.22,0.29,0.00,0.29,2621.24,1.00,0.00,0.00,2616.79,2616.65,2616.84,2616.60,2616.55,-0.089,2.15,28.45,65.60,77.57,1.47,1.03,0.44,2619.84,2621.54,921,1262,85.7,0.0,21,1,CROSS=EMA9>EMA21;TREND=1;STRUCT=1;VOL=1;COOL=1;EMA50=1;VWAP=1;BIAS=1,1.00,-0.21,25110.15,25232.24,stop to breakeven
559,2024.12.26 03:05:39,2024.12.26 05:35:39,TP1_REACHED,XAUUSD,M15,166,BUY,FULLTGT,DAY,0,2621.24,2617.04,2621.24,4.20,1.00,4.20,2625.44,2629.63,2633.83,2638.02,2642.22,0.29,0.00,0.29,2625.44,1.00,1.00,0.00,2616.79,2616.65,2616.84,2616.60,2616.55,-0.089,2.15,28.45,65.60,77.57,1.47,1.03,0.44,2619.84,2621.54,921,1262,85.7,0.0,21,1,CROSS=EMA9>EMA21;TREND=1;STRUCT=1;VOL=1;COOL=1;EMA50=1;VWAP=1;BIAS=1,1.00,-0.21,25110.15,25232.24,full target: no partial booked
560,2024.12.26 13:07:04,2024.12.26 15:37:04,SL_MOVE,XAUUSD,M15,166,BUY,FULLTGT,DAY,0,2621.24,2617.04,2625.44,4.20,1.00,4.20,2625.44,2629.63,2633.83,2638.02,2642.22,0.29,0.00,0.29,2625.44,2.00,0.00,0.00,2624.94,2622.31,2620.15,2624.78,2622.18,1.187,1.82,24.71,59.14,60.20,0.79,0.69,0.10,2625.98,2628.73,868,981,71.4,0.0,20,1,CROSS=EMA9>EMA21;TREND=1;STRUCT=1;VOL=1;COOL=1;EMA50=1;VWAP=1;BIAS=1,1.99,-0.21,25110.15,25353.75,stop trailed to TP1
561,2024.12.26 13:07:04,2024.12.26 15:37:04,TP2_REACHED,XAUUSD,M15,166,BUY,FULLTGT,DAY,0,2621.24,2617.04,2625.44,4.20,1.00,4.20,2625.44,2629.63,2633.83,2638.02,2642.22,0.29,0.00,0.29,2629.63,2.00,2.00,0.00,2624.94,2622.31,2620.15,2624.78,2622.18,1.187,1.82,24.71,59.14,60.20,0.79,0.69,0.10,2625.98,2628.73,868,981,71.4,0.0,20,1,CROSS=EMA9>EMA21;TREND=1;STRUCT=1;VOL=1;COOL=1;EMA50=1;VWAP=1;BIAS=1,1.99,-0.21,25110.15,25353.75,full target: no partial booked
562,2024.12.26 14:13:16,2024.12.26 16:43:16,EXIT_TRAIL_SL,XAUUSD,M15,166,BUY,FULLTGT,EVENING,0,2621.24,2617.04,2625.44,4.20,1.00,4.20,2625.44,2629.63,2633.83,2638.02,2642.22,0.29,0.29,0.00,2625.43,0.00,1.00,119.47,2625.49,2622.80,2620.49,2625.39,2622.70,1.408,1.64,33.69,53.34,37.38,0.81,0.77,0.04,2626.18,2627.83,861,957,71.4,14.3,11,1,CROSS=EMA9>EMA21;TREND=1;STRUCT=1;VOL=1;COOL=1;EMA50=1;VWAP=1;BIAS=1,2.08,-0.21,25230.64,25230.64,stopped at a trailed level
563,2024.12.27 01:00:00,2024.12.27 03:30:00,DAY_SUMMARY,XAUUSD,M15,166,FLAT,NA,DAY,0,0.00,0.00,0.00,0.00,1.00,0.00,0.00,0.00,0.00,0.00,0.00,0.00,0.00,0.00,0.00,0.00,1.00,119.47,2631.23,2627.96,2624.24,2631.14,2627.85,2.552,1.46,30.71,52.20,42.45,0.91,1.30,-0.39,2629.10,2633.53,477,1407,57.1,28.6,25,1,CROSS=EMA9>EMA21;TREND=1;STRUCT=1;VOL=1;COOL=1;EMA50=1;VWAP=1;BIAS=1,0.00,0.00,25230.64,25230.64,2024.12.26 trades=1 W=1 L=0 gross_profit=119.47 gross_loss=0.00 net=119.47 PF=0.00
564,2024.12.27 15:45:00,2024.12.27 18:15:00,ENTRY,XAUUSD,M15,168,SELL,FULLTGT,EVENING,0,2621.23,2627.17,2627.17,5.94,1.00,5.94,2615.29,2609.34,2603.40,2597.45,2591.51,0.21,0.21,0.21,2621.23,0.00,0.00,0.00,2628.97,2629.12,2626.85,2629.29,2629.28,0.765,2.97,27.36,33.01,36.31,-1.80,-1.26,-0.54,2629.81,2621.20,2939,1544,14.3,85.7,11,1,CROSS=EMA9<EMA21;TREND=1;STRUCT=1;VOL=1;COOL=1;EMA50=1;VWAP=1;BIAS=1,0.00,0.00,25229.90,25227.59,KZ=NY; KZR=Asia H @ 2635.53 29 bars ago (high taken); EVENING 4PM-12AM IST session: stop x1.00 of usual; no partials; full size to TP5; SL steps BE->TP1->TP2->TP3
565,2024.12.27 16:09:43,2024.12.27 18:39:43,SL_MOVE,XAUUSD,M15,168,SELL,FULLTGT,EVENING,0,2621.23,2627.17,2621.23,5.94,1.00,5.94,2615.29,2609.34,2603.40,2597.45,2591.51,0.21,0.00,0.21,2621.23,1.00,0.00,0.00,2628.57,2628.92,2626.77,2628.97,2629.12,0.688,3.12,27.17,29.22,29.69,-2.21,-1.32,-0.89,2629.51,2618.79,2394,1594,0.0,100.0,10,1,CROSS=EMA9<EMA21;TREND=1;STRUCT=1;VOL=1;COOL=1;EMA50=1;VWAP=1;BIAS=1,1.00,-0.26,25229.90,25355.27,stop to breakeven
566,2024.12.27 16:09:43,2024.12.27 18:39:43,TP1_REACHED,XAUUSD,M15,168,SELL,FULLTGT,EVENING,0,2621.23,2627.17,2621.23,5.94,1.00,5.94,2615.29,2609.34,2603.40,2597.45,2591.51,0.21,0.00,0.21,2615.29,1.00,1.00,0.00,2628.57,2628.92,2626.77,2628.97,2629.12,0.688,3.12,27.17,29.22,29.69,-2.21,-1.32,-0.89,2629.51,2618.79,2394,1594,0.0,100.0,10,1,CROSS=EMA9<EMA21;TREND=1;STRUCT=1;VOL=1;COOL=1;EMA50=1;VWAP=1;BIAS=1,1.00,-0.26,25229.90,25355.27,full target: no partial booked
567,2024.12.27 21:52:38,2024.12.28 00:22:38,EXIT_BE,XAUUSD,M15,168,SELL,FULLTGT,DAY,0,2621.23,2627.17,2621.23,5.94,1.00,5.94,2615.29,2609.34,2603.40,2597.45,2591.51,0.21,0.21,0.00,2621.25,0.00,-0.00,-1.90,2621.79,2624.59,2624.79,2621.88,2624.69,-0.085,2.30,23.20,51.21,63.59,-0.99,-1.79,0.79,2624.29,2619.59,1017,2190,42.9,28.6,12,1,CROSS=EMA9<EMA21;TREND=1;STRUCT=1;VOL=1;COOL=1;EMA50=1;VWAP=1;BIAS=1,1.61,-0.26,25228.74,25228.74,stopped at breakeven
568,2024.12.30 01:00:00,2024.12.30 03:30:00,DAY_SUMMARY,XAUUSD,M15,168,FLAT,NA,DAY,0,0.00,0.00,0.00,0.00,1.00,0.00,0.00,0.00,0.00,0.00,0.00,0.00,0.00,0.00,0.00,0.00,-0.00,-1.90,2620.31,2623.31,2624.10,2620.26,2623.35,-0.335,2.35,25.17,58.35,72.11,-0.52,-1.10,0.58,2623.81,2621.54,877,1316,57.1,28.6,50,1,CROSS=EMA9<EMA21;TREND=1;STRUCT=1;VOL=1;COOL=1;EMA50=1;VWAP=1;BIAS=1,0.00,0.00,25228.74,25228.74,2024.12.27 trades=1 W=0 L=1 gross_profit=0.00 gross_loss=1.90 net=-1.90 PF=0.00
569,2024.12.30 01:00:00,2024.12.30 03:30:00,WEEK_SUMMARY,XAUUSD,M15,168,FLAT,NA,DAY,0,0.00,0.00,0.00,0.00,1.00,0.00,0.00,0.00,0.00,0.00,0.00,0.00,0.00,0.00,0.00,0.00,-1.01,-136.09,2620.31,2623.31,2624.10,2620.26,2623.35,-0.335,2.35,25.17,58.35,72.11,-0.52,-1.10,0.58,2623.81,2621.54,877,1316,57.1,28.6,50,1,CROSS=EMA9<EMA21;TREND=1;STRUCT=1;VOL=1;COOL=1;EMA50=1;VWAP=1;BIAS=1,0.00,0.00,25228.74,25228.74,days=3 trades=4 W=1 L=3 gross_profit=119.47 gross_loss=255.56 net=-136.09 PF=0.47 pips=-376.0
