seq,time_server,time_ist,event,symbol,tf,trade_id,direction,exit_mode,ist_session,flip_from,entry_price,init_sl,cur_sl,sl_distance,sl_factor,tp_unit,tp1,tp2,tp3,tp4,tp5,lots_initial,lots_event,lots_remaining,event_price,r_target,r_realized,profit,ema9,ema21,ema50,ema9_prev,ema21_prev,ema21_50_gap_atr,atr,adx,rsi,rsi_m5,macd_main,macd_signal,macd_hist,vwap,close,volume,vol_avg,bull_pct,bear_pct,spread_pts,qfilter_on,qf_flags,mfe_r,mae_r,balance,equity,note
1,2023.01.03 12:03:00,2023.01.03 14:33:00,SKIP,XAUUSD,M3,0,FLAT,NA,DAY,0,0.00,0.00,0.00,0.00,1.00,0.00,0.00,0.00,0.00,0.00,0.00,0.00,0.00,0.00,0.00,0.00,0.00,0.00,1839.94,1839.97,1837.32,1840.00,1840.00,1.899,1.39,20.75,45.17,46.58,-0.13,-0.06,-0.07,1837.66,1838.44,243,298,14.3,57.1,7,1,NA,0.00,0.00,25000.00,25000.00,outside the killzone window
2,2023.01.03 16:00:00,2023.01.03 18:30:00,ENTRY,XAUUSD,M3,2,BUY,FULLTGT,EVENING,0,1838.99,1836.05,1836.05,2.94,1.00,2.94,1841.93,1844.86,1847.80,1850.73,1853.67,0.42,0.42,0.42,1838.99,0.00,0.00,0.00,1836.97,1836.94,1836.53,1836.89,1836.90,0.281,1.47,28.74,55.59,59.35,1.11,1.20,-0.09,1837.13,1838.89,296,340,71.4,14.3,3,1,CROSS=EMA9>EMA21;TREND=1;STRUCT=1;VOL=1;COOL=1;EMA50=1;VWAP=1;BIAS=1,0.00,0.00,24998.53,24997.27,KZ=NY; KZR=Asia H @ 1843.16 154 bars ago (high taken); EVENING 4PM-12AM IST session: stop x1.00 of usual; no partials; full size to TP5; SL steps BE->TP1->TP2->TP3
3,2023.01.03 16:31:34,2023.01.03 19:01:34,TP1_REACHED,XAUUSD,M3,2,BUY,FULLTGT,EVENING,0,1838.99,1836.05,1836.05,2.94,1.00,2.94,1841.93,1844.86,1847.80,1850.73,1853.67,0.42,0.00,0.42,1841.93,1.00,1.00,0.00,1837.75,1837.36,1836.78,1837.60,1837.28,0.433,1.33,29.20,64.26,65.57,0.90,0.66,0.24,1837.21,1841.25,316,302,100.0,0.0,3,1,CROSS=EMA9>EMA21;TREND=1;STRUCT=1;VOL=1;COOL=1;EMA50=1;VWAP=1;BIAS=1,1.00,-0.78,24998.53,25122.85,full target: no partial booked
4,2023.01.03 16:32:39,2023.01.03 19:02:39,TP2_REACHED,XAUUSD,M3,2,BUY,FULLTGT,EVENING,0,1838.99,1836.05,1836.05,2.94,1.00,2.94,1841.93,1844.86,1847.80,1850.73,1853.67,0.42,0.00,0.42,1844.86,2.00,2.00,0.00,1837.75,1837.36,1836.78,1837.60,1837.28,0.433,1.33,29.20,64.26,65.57,0.90,0.66,0.24,1837.21,1841.25,316,302,100.0,0.0,3,1,CROSS=EMA9>EMA21;TREND=1;STRUCT=1;VOL=1;COOL=1;EMA50=1;VWAP=1;BIAS=1,2.00,-0.78,24998.53,25246.75,full target: no partial booked
5,2023.01.03 16:40:29,2023.01.03 19:10:29,TP3_REACHED,XAUUSD,M3,2,BUY,FULLTGT,EVENING,0,1838.99,1836.05,1836.05,2.94,1.00,2.94,1841.93,1844.86,1847.80,1850.73,1853.67,0.42,0.00,0.42,1847.80,3.00,3.00,0.00,1838.61,1837.83,1837.04,1838.28,1837.65,0.436,1.81,41.90,76.03,77.65,1.81,0.97,0.84,1837.38,1846.56,523,333,100.0,0.0,3,1,CROSS=EMA9>EMA21;TREND=1;STRUCT=1;VOL=1;COOL=1;EMA50=1;VWAP=1;BIAS=1,2.99,-0.78,24998.53,25368.55,full target: no partial booked
6,2023.01.03 17:26:30,2023.01.03 19:56:30,EXIT_SL,XAUUSD,M3,2,BUY,FULLTGT,EVENING,0,1838.99,1836.05,1836.05,2.94,1.00,2.94,1841.93,1844.86,1847.80,1850.73,1853.67,0.42,0.42,0.00,1836.01,0.00,-1.02,-128.10,1840.58,1839.25,1837.94,1840.71,1839.29,0.617,2.13,47.93,34.32,42.05,-0.58,0.93,-1.51,1837.98,1837.38,394,452,14.3,71.4,3,1,CROSS=EMA9>EMA21;TREND=1;STRUCT=1;VOL=1;COOL=1;EMA50=1;VWAP=1;BIAS=1,3.70,-0.99,24871.90,24871.90,stopped at the initial SL (x1.00 of usual)
7,2023.01.03 17:48:00,2023.01.03 20:18:00,ENTRY,XAUUSD,M3,4,SELL,FULLTGT,EVENING,0,1832.66,1837.51,1837.51,4.85,1.00,4.85,1827.81,1822.96,1818.11,1813.27,1808.42,0.25,0.25,0.25,1832.66,0.00,0.00,0.00,1838.05,1838.09,1837.44,1838.26,1838.20,0.269,2.42,65.48,37.42,25.67,-3.18,-2.20,-0.98,1837.68,1832.77,453,451,14.3,85.7,3,1,CROSS=EMA9<EMA21;TREND=1;STRUCT=1;VOL=1;COOL=1;EMA50=1;VWAP=1;BIAS=1,0.00,0.00,24871.02,24870.27,KZ=NY; KZR=Asia H @ 1843.16 190 bars ago (high taken); EVENING 4PM-12AM IST session: stop x1.00 of usual; no partials; full size to TP5; SL steps BE->TP1->TP2->TP3
8,2023.01.03 19:29:36,2023.01.03 21:59:36,EXIT_SL,XAUUSD,M3,4,SELL,FULLTGT,EVENING,0,1832.66,1837.51,1837.51,4.85,1.00,4.85,1827.81,1822.96,1818.11,1813.27,1808.42,0.25,0.25,0.00,1837.55,0.00,-1.01,-124.01,1834.39,1835.49,1836.06,1834.32,1835.48,-0.424,1.35,34.64,60.86,54.10,1.02,0.56,0.46,1837.02,1836.15,267,287,57.1,28.6,1,1,CROSS=EMA9<EMA21;TREND=1;STRUCT=1;VOL=1;COOL=1;EMA50=1;VWAP=1;BIAS=1,0.90,-1.00,24747.89,24747.89,stopped at the initial SL (x1.00 of usual)
9,2023.01.03 20:21:00,2023.01.03 22:51:00,SKIP,XAUUSD,M3,4,FLAT,NA,EVENING,0,0.00,0.00,0.00,0.00,1.00,0.00,0.00,0.00,0.00,0.00,0.00,0.00,0.00,0.00,0.00,0.00,0.00,0.00,1836.31,1836.28,1836.40,1836.24,1836.24,-0.101,1.14,22.53,56.28,55.85,0.97,1.16,-0.19,1837.07,1838.20,197,229,57.1,14.3,4,1,CROSS=EMA9<EMA21;TREND=1;STRUCT=1;VOL=1;COOL=1;EMA50=1;VWAP=1;BIAS=1,0.00,0.00,24747.89,24747.89,outside the killzone window
10,2023.01.04 01:02:00,2023.01.04 03:32:00,DAY_SUMMARY,XAUUSD,M3,4,FLAT,NA,DAY,0,0.00,0.00,0.00,0.00,1.00,0.00,0.00,0.00,0.00,0.00,0.00,0.00,0.00,0.00,0.00,0.00,-2.02,-252.11,1838.60,1838.06,1837.51,1838.57,1838.03,1.430,0.38,54.57,58.04,59.31,0.38,0.36,0.03,1837.20,1839.47,52,66,85.7,0.0,9,1,CROSS=EMA9<EMA21;TREND=1;STRUCT=1;VOL=1;COOL=1;EMA50=1;VWAP=1;BIAS=1,0.00,0.00,24747.89,24747.89,2023.01.03 trades=2 W=0 L=2 gross_profit=0.00 gross_loss=252.11 net=-252.11 PF=0.00
11,2023.01.04 15:15:00,2023.01.04 17:45:00,SKIP,XAUUSD,M3,4,FLAT,NA,EVENING,0,0.00,0.00,0.00,0.00,1.00,0.00,0.00,0.00,0.00,0.00,0.00,0.00,0.00,0.00,0.00,0.00,0.00,0.00,1856.73,1856.77,1853.91,1856.85,1856.83,3.096,0.92,51.55,34.75,34.41,-1.18,-1.41,0.24,1852.39,1853.75,303,253,28.6,71.4,5,1,CROSS=EMA9<EMA21;TREND=1;STRUCT=1;VOL=1;COOL=1;EMA50=1;VWAP=0;BIAS=1,0.00,0.00,24747.89,24747.89,already positioned that way
12,2023.01.04 15:33:00,2023.01.04 18:03:00,ENTRY,XAUUSD,M3,6,BUY,FULLTGT,EVENING,0,1861.55,1858.94,1858.94,2.61,1.00,2.61,1864.16,1866.77,1869.38,1871.99,1874.60,0.47,0.47,0.47,1861.55,0.00,0.00,0.00,1856.88,1856.84,1854.11,1856.69,1856.74,2.088,1.31,46.49,74.50,60.54,0.41,-0.75,1.16,1852.58,1861.64,384,285,100.0,0.0,1,1,CROSS=EMA9>EMA21;TREND=1;STRUCT=1;VOL=1;COOL=1;EMA50=1;VWAP=1;BIAS=1,0.00,0.00,24746.24,24745.77,KZ=NY; KZR=NY H @ 1849.85 127 bars ago (high taken); EVENING 4PM-12AM IST session: stop x1.00 of usual; no partials; full size to TP5; SL steps BE->TP1->TP2->TP3
13,2023.01.04 15:35:36,2023.01.04 18:05:36,EXIT_SL,XAUUSD,M3,6,BUY,FULLTGT,EVENING,0,1861.55,1858.94,1858.94,2.61,1.00,2.61,1864.16,1866.77,1869.38,1871.99,1874.60,0.47,0.47,0.00,1858.94,0.00,-1.00,-125.97,1856.88,1856.84,1854.11,1856.69,1856.74,2.088,1.31,46.49,74.50,62.86,0.41,-0.75,1.16,1852.58,1861.64,384,285,100.0,0.0,1,1,CROSS=EMA9>EMA21;TREND=1;STRUCT=1;VOL=1;COOL=1;EMA50=1;VWAP=1;BIAS=1,0.20,-0.98,24621.92,24621.92,stopped at the initial SL (x1.00 of usual)
14,2023.01.04 17:15:00,2023.01.04 19:45:00,ENTRY,XAUUSD,M3,8,SELL,FULLTGT,EVENING,0,1850.17,1854.70,1854.70,4.53,1.00,4.53,1845.64,1841.12,1836.59,1832.07,1827.54,0.27,0.27,0.27,1850.17,0.00,0.00,0.00,1857.42,1857.44,1855.31,1857.71,1857.58,0.939,2.26,50.62,24.83,27.52,-1.59,-0.57,-1.02,1853.68,1850.17,579,448,0.0,100.0,1,1,CROSS=EMA9<EMA21;TREND=1;STRUCT=1;VOL=1;COOL=1;EMA50=1;VWAP=1;BIAS=1,0.00,0.00,24620.97,24620.70,KZ=NY; KZR=NY H @ 1849.85 161 bars ago (high taken); EVENING 4PM-12AM IST session: stop x1.00 of usual; no partials; full size to TP5; SL steps BE->TP1->TP2->TP3
15,2023.01.04 17:28:41,2023.01.04 19:58:41,EXIT_SL,XAUUSD,M3,8,SELL,FULLTGT,EVENING,0,1850.17,1854.70,1854.70,4.53,1.00,4.53,1845.64,1841.12,1836.59,1832.07,1827.54,0.27,0.27,0.00,1854.70,0.00,-1.00,-124.21,1856.64,1857.03,1855.19,1856.77,1857.11,0.708,2.61,49.13,43.48,36.16,-1.82,-1.29,-0.53,1853.62,1853.35,532,491,14.3,85.7,3,1,CROSS=EMA9<EMA21;TREND=1;STRUCT=1;VOL=1;COOL=1;EMA50=1;VWAP=1;BIAS=1,0.24,-0.99,24497.71,24497.71,stopped at the initial SL (x1.00 of usual)
16,2023.01.04 18:39:00,2023.01.04 21:09:00,SKIP,XAUUSD,M3,8,FLAT,NA,EVENING,0,0.00,0.00,0.00,0.00,1.00,0.00,0.00,0.00,0.00,0.00,0.00,0.00,0.00,0.00,0.00,0.00,0.00,0.00,1857.20,1857.19,1855.66,1857.15,1857.17,1.133,1.35,20.92,54.83,54.21,0.45,0.56,-0.11,1854.04,1858.34,248,365,57.1,14.3,1,1,CROSS=EMA9<EMA21;TREND=1;STRUCT=1;VOL=1;COOL=1;EMA50=1;VWAP=1;BIAS=1,0.00,0.00,24497.71,24497.71,outside the killzone window
17,2023.01.04 19:45:00,2023.01.04 22:15:00,SKIP,XAUUSD,M3,8,FLAT,NA,EVENING,0,0.00,0.00,0.00,0.00,1.00,0.00,0.00,0.00,0.00,0.00,0.00,0.00,0.00,0.00,0.00,0.00,0.00,0.00,1857.24,1857.29,1856.04,1857.35,1857.35,1.306,0.96,41.81,33.30,39.65,-0.77,-0.32,-0.45,1854.25,1854.59,209,223,14.3,71.4,4,1,CROSS=EMA9<EMA21;TREND=1;STRUCT=1;VOL=1;COOL=1;EMA50=1;VWAP=1;BIAS=1,0.00,0.00,24497.71,24497.71,outside the killzone window
18,2023.01.05 01:02:00,2023.01.05 03:32:00,DAY_SUMMARY,XAUUSD,M3,8,FLAT,NA,DAY,0,0.00,0.00,0.00,0.00,1.00,0.00,0.00,0.00,0.00,0.00,0.00,0.00,0.00,0.00,0.00,0.00,-2.00,-250.18,1854.03,1854.11,1854.35,1854.00,1854.10,-0.633,0.39,19.65,52.91,54.26,0.15,0.32,-0.17,1853.88,1854.68,54,79,42.9,28.6,9,1,CROSS=EMA9<EMA21;TREND=1;STRUCT=1;VOL=1;COOL=1;EMA50=1;VWAP=1;BIAS=1,0.00,0.00,24497.71,24497.71,2023.01.04 trades=2 W=0 L=2 gross_profit=0.00 gross_loss=250.18 net=-250.18 PF=0.00
19,2023.01.05 01:18:00,2023.01.05 03:48:00,SKIP,XAUUSD,M3,8,FLAT,NA,DAY,0,0.00,0.00,0.00,0.00,1.00,0.00,0.00,0.00,0.00,0.00,0.00,0.00,0.00,0.00,0.00,0.00,0.00,0.00,1854.23,1854.20,1854.39,1854.18,1854.18,-0.411,0.45,20.20,58.87,57.19,0.21,0.17,0.04,1854.92,1855.37,74,60,85.7,0.0,9,1,CROSS=EMA9<EMA21;TREND=1;STRUCT=1;VOL=1;COOL=1;EMA50=1;VWAP=1;BIAS=1,0.00,0.00,24497.71,24497.71,outside the killzone window
20,2023.01.05 06:00:00,2023.01.05 08:30:00,SKIP,XAUUSD,M3,8,FLAT,NA,DAY,0,0.00,0.00,0.00,0.00,1.00,0.00,0.00,0.00,0.00,0.00,0.00,0.00,0.00,0.00,0.00,0.00,0.00,0.00,1855.40,1855.40,1855.19,1855.48,1855.45,0.340,0.63,31.01,32.65,36.96,-0.42,-0.19,-0.23,1855.86,1853.32,152,123,0.0,100.0,6,1,CROSS=EMA9<EMA21;TREND=1;STRUCT=1;VOL=1;COOL=1;EMA50=1;VWAP=1;BIAS=1,0.00,0.00,24497.71,24497.71,already positioned that way
21,2023.01.06 03:51:00,2023.01.06 06:21:00,ENTRY,XAUUSD,M3,10,BUY,FULLTGT,DAY,0,1835.83,1834.40,1834.40,1.43,1.00,1.43,1837.26,1838.70,1840.13,1841.57,1843.00,0.85,0.85,0.85,1835.83,0.00,0.00,0.00,1833.62,1833.59,1835.05,1833.53,1833.55,-2.037,0.72,32.64,72.19,68.83,0.45,0.17,0.28,1833.47,1835.82,169,141,100.0,0.0,3,1,CROSS=EMA9>EMA21;TREND=1;STRUCT=1;VOL=1;COOL=1;EMA50=1;VWAP=1;BIAS=1,0.00,0.00,24494.73,24492.18,KZ=ASIA; KZR=NY L @ 1827.64 205 bars ago (low taken); DAY 12AM-4PM IST session: stop x1.00 of usual; no partials; full size to TP5; SL steps BE->TP1->TP2->TP3
22,2023.01.06 04:01:38,2023.01.06 06:31:38,TP1_REACHED,XAUUSD,M3,10,BUY,FULLTGT,DAY,0,1835.83,1834.40,1834.40,1.43,1.00,1.43,1837.26,1838.70,1840.13,1841.57,1843.00,0.85,0.00,0.85,1837.26,1.00,1.00,0.00,1833.83,1833.71,1835.07,1833.76,1833.67,-1.972,0.69,33.00,65.03,64.82,0.57,0.32,0.25,1833.63,1835.54,119,145,85.7,0.0,4,1,CROSS=EMA9>EMA21;TREND=1;STRUCT=1;VOL=1;COOL=1;EMA50=1;VWAP=1;BIAS=1,1.00,-0.43,24494.73,24618.83,full target: no partial booked
23,2023.01.06 04:14:25,2023.01.06 06:44:25,TP2_REACHED,XAUUSD,M3,10,BUY,FULLTGT,DAY,0,1835.83,1834.40,1834.40,1.43,1.00,1.43,1837.26,1838.70,1840.13,1841.57,1843.00,0.85,0.00,0.85,1838.70,2.00,2.00,0.00,1834.35,1833.99,1835.16,1834.22,1833.91,-1.512,0.77,38.84,77.03,73.86,1.00,0.65,0.36,1834.02,1837.68,136,146,85.7,0.0,1,1,CROSS=EMA9>EMA21;TREND=1;STRUCT=1;VOL=1;COOL=1;EMA50=1;VWAP=1;BIAS=1,1.98,-0.43,24494.73,24739.53,full target: no partial booked
24,2023.01.06 04:21:36,2023.01.06 06:51:36,TP3_REACHED,XAUUSD,M3,10,BUY,FULLTGT,DAY,0,1835.83,1834.40,1834.40,1.43,1.00,1.43,1837.26,1838.70,1840.13,1841.57,1843.00,0.85,0.00,0.85,1840.13,3.00,3.00,0.00,1834.90,1834.29,1835.28,1834.71,1834.18,-1.164,0.85,45.46,84.01,80.73,1.39,0.92,0.46,1834.31,1839.68,107,144,85.7,0.0,3,1,CROSS=EMA9>EMA21;TREND=1;STRUCT=1;VOL=1;COOL=1;EMA50=1;VWAP=1;BIAS=1,3.00,-0.43,24494.73,24865.33,full target: no partial booked
25,2023.01.06 11:15:00,2023.01.06 13:45:00,SKIP,XAUUSD,M3,10,BUY,FULLTGT,DAY,0,1835.83,1834.40,1834.40,1.43,1.00,1.43,1837.26,1838.70,1840.13,1841.57,1843.00,0.85,0.00,0.00,0.00,0.00,0.00,0.00,1838.02,1838.05,1837.66,1838.10,1838.09,0.448,0.86,46.39,37.49,37.19,-0.63,-0.41,-0.22,1837.51,1836.09,141,174,0.0,85.7,1,1,CROSS=EMA9>EMA21;TREND=1;STRUCT=1;VOL=1;COOL=1;EMA50=1;VWAP=1;BIAS=1,3.52,-0.43,24494.73,24516.83,outside the killzone window
26,2023.01.06 11:21:20,2023.01.06 13:51:20,EXIT_SL,XAUUSD,M3,10,BUY,FULLTGT,DAY,0,1835.83,1834.40,1834.40,1.43,1.00,1.43,1837.26,1838.70,1840.13,1841.57,1843.00,0.85,0.85,0.00,1834.37,0.00,-1.02,-130.06,1837.80,1837.93,1837.61,1837.92,1838.00,0.391,0.82,52.41,30.91,32.68,-0.81,-0.53,-0.28,1837.48,1834.81,178,171,0.0,100.0,2,1,CROSS=EMA9>EMA21;TREND=1;STRUCT=1;VOL=1;COOL=1;EMA50=1;VWAP=1;BIAS=1,3.52,-0.98,24367.65,24367.65,stopped at the initial SL (x1.00 of usual)
27,2023.01.06 15:39:00,2023.01.06 18:09:00,SKIP,XAUUSD,M3,10,FLAT,NA,EVENING,0,0.00,0.00,0.00,0.00,1.00,0.00,0.00,0.00,0.00,0.00,0.00,0.00,0.00,0.00,0.00,0.00,0.00,0.00,1837.01,1836.99,1837.05,1836.91,1836.94,-0.031,2.21,15.90,61.38,63.68,0.62,0.12,0.50,1837.16,1839.42,628,318,71.4,14.3,1,1,CROSS=EMA9>EMA21;TREND=1;STRUCT=1;VOL=1;COOL=1;EMA50=1;VWAP=1;BIAS=1,0.00,0.00,24367.65,24367.65,already positioned that way
28,2023.01.09 01:02:00,2023.01.09 03:32:00,DAY_SUMMARY,XAUUSD,M3,10,FLAT,NA,DAY,0,0.00,0.00,0.00,0.00,1.00,0.00,0.00,0.00,0.00,0.00,0.00,0.00,0.00,0.00,0.00,0.00,-1.02,-130.06,1866.67,1864.75,1859.10,1866.71,1864.73,13.343,0.42,33.69,40.55,42.89,-0.30,-0.41,0.11,1847.90,1865.84,58,63,42.9,42.9,9,1,CROSS=EMA9>EMA21;TREND=1;STRUCT=1;VOL=1;COOL=1;EMA50=1;VWAP=1;BIAS=1,0.00,0.00,24367.65,24367.65,2023.01.06 trades=1 W=0 L=1 gross_profit=0.00 gross_loss=130.06 net=-130.06 PF=0.00
29,2023.01.09 01:02:00,2023.01.09 03:32:00,WEEK_SUMMARY,XAUUSD,M3,10,FLAT,NA,DAY,0,0.00,0.00,0.00,0.00,1.00,0.00,0.00,0.00,0.00,0.00,0.00,0.00,0.00,0.00,0.00,0.00,-5.04,-632.35,1866.67,1864.75,1859.10,1866.71,1864.73,13.343,0.42,33.69,40.55,42.89,-0.30,-0.41,0.11,1847.90,1865.84,58,63,42.9,42.9,9,1,CROSS=EMA9>EMA21;TREND=1;STRUCT=1;VOL=1;COOL=1;EMA50=1;VWAP=1;BIAS=1,0.00,0.00,24367.65,24367.65,days=3 trades=5 W=0 L=5 gross_profit=0.00 gross_loss=632.35 net=-632.35 PF=0.00 pips=-1647.0
30,2023.01.09 10:54:00,2023.01.09 13:24:00,SKIP,XAUUSD,M3,10,FLAT,NA,DAY,0,0.00,0.00,0.00,0.00,1.00,0.00,0.00,0.00,0.00,0.00,0.00,0.00,0.00,0.00,0.00,0.00,0.00,0.00,1876.26,1876.27,1873.74,1876.30,1876.29,2.298,1.10,17.97,47.41,49.92,-0.36,-0.53,0.17,1875.02,1875.34,180,230,28.6,42.9,2,1,CROSS=EMA9>EMA21;TREND=1;STRUCT=1;VOL=1;COOL=1;EMA50=1;VWAP=1;BIAS=1,0.00,0.00,24367.65,24367.65,outside the killzone window
31,2023.01.09 15:24:00,2023.01.09 17:54:00,SKIP,XAUUSD,M3,10,FLAT,NA,EVENING,0,0.00,0.00,0.00,0.00,1.00,0.00,0.00,0.00,0.00,0.00,0.00,0.00,0.00,0.00,0.00,0.00,0.00,0.00,1874.11,1874.09,1873.58,1874.02,1874.04,0.460,1.11,20.48,66.00,55.81,0.50,0.41,0.09,1874.48,1876.44,346,243,85.7,0.0,1,1,CROSS=EMA9>EMA21;TREND=1;STRUCT=1;VOL=1;COOL=1;EMA50=1;VWAP=1;BIAS=1,0.00,0.00,24367.65,24367.65,already positioned that way
32,2023.01.09 19:18:00,2023.01.09 21:48:00,SKIP,XAUUSD,M3,10,FLAT,NA,EVENING,0,0.00,0.00,0.00,0.00,1.00,0.00,0.00,0.00,0.00,0.00,0.00,0.00,0.00,0.00,0.00,0.00,0.00,0.00,1875.26,1875.32,1874.80,1875.44,1875.41,0.387,1.34,34.40,30.86,35.67,-0.79,0.06,-0.85,1875.03,1870.92,284,281,0.0,100.0,1,1,CROSS=EMA9>EMA21;TREND=1;STRUCT=1;VOL=1;COOL=1;EMA50=1;VWAP=1;BIAS=1,0.00,0.00,24367.65,24367.65,outside the killzone window
33,2023.01.10 03:51:00,2023.01.10 06:21:00,SKIP,XAUUSD,M3,10,FLAT,NA,DAY,0,0.00,0.00,0.00,0.00,1.00,0.00,0.00,0.00,0.00,0.00,0.00,0.00,0.00,0.00,0.00,0.00,0.00,0.00,1871.50,1871.44,1872.02,1871.35,1871.36,-0.553,1.05,65.51,73.78,75.06,1.23,0.94,0.29,1871.14,1875.38,241,185,100.0,0.0,3,1,CROSS=EMA9>EMA21;TREND=1;STRUCT=1;VOL=1;COOL=1;EMA50=1;VWAP=1;BIAS=1,0.00,0.00,24367.65,24367.65,already positioned that way
34,2023.01.10 06:54:00,2023.01.10 09:24:00,ENTRY,XAUUSD,M3,12,SELL,FULLTGT,DAY,0,1871.09,1871.91,1871.91,0.82,1.00,0.82,1870.27,1869.45,1868.63,1867.82,1867.00,1.48,1.48,1.48,1871.09,0.00,0.00,0.00,1872.15,1872.17,1872.30,1872.20,1872.19,-0.311,0.41,27.24,35.42,43.91,-0.27,-0.25,-0.02,1872.15,1871.04,65,82,0.0,85.7,8,1,CROSS=EMA9<EMA21;TREND=1;STRUCT=1;VOL=1;COOL=1;EMA50=1;VWAP=1;BIAS=1,0.00,0.00,24362.47,24350.63,KZ=ASIA; KZR=Asia H @ 1879.49 453 bars ago (high taken); DAY 12AM-4PM IST session: stop x1.00 of usual; no partials; full size to TP5; SL steps BE->TP1->TP2->TP3
35,2023.01.10 07:04:43,2023.01.10 09:34:43,EXIT_SL,XAUUSD,M3,12,SELL,FULLTGT,DAY,0,1871.09,1871.91,1871.91,0.82,1.00,0.82,1870.27,1869.45,1868.63,1867.82,1867.00,1.48,1.48,0.00,1871.91,0.00,-1.00,-131.72,1872.05,1872.12,1872.27,1872.09,1872.14,-0.371,0.40,25.13,40.42,44.13,-0.28,-0.24,-0.04,1872.13,1871.26,120,76,0.0,100.0,9,1,CROSS=EMA9<EMA21;TREND=1;STRUCT=1;VOL=1;COOL=1;EMA50=1;VWAP=1;BIAS=1,0.35,-0.99,24235.93,24235.93,stopped at the initial SL (x1.00 of usual)
36,2023.01.10 07:21:00,2023.01.10 09:51:00,ENTRY,XAUUSD,M3,14,BUY,FULLTGT,DAY,0,1873.03,1872.04,1872.04,0.99,1.00,0.99,1874.02,1875.02,1876.01,1877.00,1877.99,1.22,1.22,1.22,1873.03,0.00,0.00,0.00,1872.20,1872.19,1872.29,1872.16,1872.17,-0.217,0.50,23.93,62.63,57.02,0.17,-0.09,0.26,1872.15,1873.01,80,75,85.7,0.0,3,1,CROSS=EMA9>EMA21;TREND=1;STRUCT=1;VOL=1;COOL=1;EMA50=1;VWAP=1;BIAS=1,0.00,0.00,24231.66,24228.00,KZ=ASIA; KZR=Asia H @ 1879.49 462 bars ago (high taken); DAY 12AM-4PM IST session: stop x1.00 of usual; no partials; full size to TP5; SL steps BE->TP1->TP2->TP3
37,2023.01.10 07:33:27,2023.01.10 10:03:27,TP1_REACHED,XAUUSD,M3,14,BUY,FULLTGT,DAY,0,1873.03,1872.04,1872.04,0.99,1.00,0.99,1874.02,1875.02,1876.01,1877.00,1877.99,1.22,0.00,1.22,1874.02,1.00,1.00,0.00,1872.34,1872.26,1872.33,1872.28,1872.23,-0.127,0.53,26.74,68.99,55.69,0.33,0.14,0.19,1872.18,1873.77,162,87,100.0,0.0,3,1,CROSS=EMA9>EMA21;TREND=1;STRUCT=1;VOL=1;COOL=1;EMA50=1;VWAP=1;BIAS=1,1.00,-0.39,24231.66,24353.66,full target: no partial booked
38,2023.01.10 07:43:22,2023.01.10 10:13:22,TP2_REACHED,XAUUSD,M3,14,BUY,FULLTGT,DAY,0,1873.03,1872.04,1872.04,0.99,1.00,0.99,1874.02,1875.02,1876.01,1877.00,1877.99,1.22,0.00,1.22,1875.02,2.00,2.00,0.00,1872.58,1872.39,1872.39,1872.51,1872.35,-0.003,0.56,40.41,68.44,66.89,0.59,0.31,0.28,1872.23,1874.36,130,100,85.7,14.3,3,1,CROSS=EMA9>EMA21;TREND=1;STRUCT=1;VOL=1;COOL=1;EMA50=1;VWAP=1;BIAS=1,1.99,-0.39,24231.66,24476.88,full target: no partial booked
39,2023.01.10 09:16:36,2023.01.10 11:46:36,EXIT_SL,XAUUSD,M3,14,BUY,FULLTGT,DAY,0,1873.03,1872.04,1872.04,0.99,1.00,0.99,1874.02,1875.02,1876.01,1877.00,1877.99,1.22,1.22,0.00,1872.03,0.00,-1.01,-130.54,1873.09,1872.84,1872.66,1873.09,1872.84,0.231,0.77,19.93,47.03,47.99,-0.08,-0.10,0.03,1872.46,1872.88,230,135,42.9,42.9,3,1,CROSS=EMA9>EMA21;TREND=1;STRUCT=1;VOL=1;COOL=1;EMA50=1;VWAP=1;BIAS=1,2.17,-0.98,24105.39,24105.39,stopped at the initial SL (x1.00 of usual)
40,2023.01.10 10:00:00,2023.01.10 12:30:00,SKIP,XAUUSD,M3,14,FLAT,NA,DAY,0,0.00,0.00,0.00,0.00,1.00,0.00,0.00,0.00,0.00,0.00,0.00,0.00,0.00,0.00,0.00,0.00,0.00,0.00,1872.63,1872.64,1872.58,1872.66,1872.65,0.059,1.08,18.94,47.82,45.40,-0.25,-0.25,0.00,1872.41,1872.07,257,206,28.6,57.1,2,1,CROSS=EMA9>EMA21;TREND=1;STRUCT=1;VOL=1;COOL=1;EMA50=1;VWAP=1;BIAS=1,0.00,0.00,24105.39,24105.39,outside the killzone window
41,2023.01.10 10:18:00,2023.01.10 12:48:00,SKIP,XAUUSD,M3,14,FLAT,NA,DAY,0,0.00,0.00,0.00,0.00,1.00,0.00,0.00,0.00,0.00,0.00,0.00,0.00,0.00,0.00,0.00,0.00,0.00,0.00,1872.66,1872.66,1872.59,1872.64,1872.64,0.058,1.15,18.09,54.79,49.38,0.02,-0.14,0.16,1872.42,1873.27,172,212,57.1,14.3,5,1,CROSS=EMA9>EMA21;TREND=1;STRUCT=1;VOL=1;COOL=1;EMA50=1;VWAP=1;BIAS=1,0.00,0.00,24105.39,24105.39,outside the killzone window
42,2023.01.10 14:45:00,2023.01.10 17:15:00,ENTRY,XAUUSD,M3,16,SELL,FULLTGT,EVENING,0,1871.65,1873.87,1873.87,2.22,1.00,2.22,1869.43,1867.21,1864.99,1862.78,1860.56,0.54,0.54,0.54,1871.65,0.00,0.00,0.00,1874.30,1874.34,1873.91,1874.40,1874.40,0.390,1.11,39.52,30.87,29.08,-0.87,-0.68,-0.18,1873.43,1871.74,280,212,0.0,100.0,3,1,CROSS=EMA9<EMA21;TREND=1;STRUCT=1;VOL=1;COOL=1;EMA50=1;VWAP=1;BIAS=1,0.00,0.00,24103.50,24101.88,KZ=NY; KZR=Asia H @ 1879.49 610 bars ago (high taken); EVENING 4PM-12AM IST session: stop x1.00 of usual; no partials; full size to TP5; SL steps BE->TP1->TP2->TP3
43,2023.01.10 15:22:02,2023.01.10 17:52:02,EXIT_SL,XAUUSD,M3,16,SELL,FULLTGT,EVENING,0,1871.65,1873.87,1873.87,2.22,1.00,2.22,1869.43,1867.21,1864.99,1862.78,1860.56,0.54,0.54,0.00,1873.88,0.00,-1.01,-124.20,1873.45,1873.85,1873.70,1873.45,1873.86,0.158,0.97,26.41,53.58,46.41,-0.39,-0.73,0.33,1873.34,1873.26,281,249,42.9,57.1,1,1,CROSS=EMA9<EMA21;TREND=1;STRUCT=1;VOL=1;COOL=1;EMA50=1;VWAP=1;BIAS=1,0.55,-0.98,23981.19,23981.19,stopped at the initial SL (x1.00 of usual)
44,2023.01.10 16:27:00,2023.01.10 18:57:00,ENTRY,XAUUSD,M3,18,BUY,FULLTGT,EVENING,0,1877.17,1873.81,1873.81,3.36,1.00,3.36,1880.53,1883.88,1887.24,1890.59,1893.95,0.35,0.35,0.35,1877.17,0.00,0.00,0.00,1874.02,1873.98,1873.78,1873.89,1873.92,0.120,1.68,49.26,64.27,63.46,1.16,0.68,0.47,1873.47,1877.11,310,330,85.7,0.0,1,1,CROSS=EMA9>EMA21;TREND=1;STRUCT=1;VOL=1;COOL=1;EMA50=1;VWAP=1;BIAS=1,0.00,0.00,23979.96,23979.61,KZ=NY; KZR=Asia H @ 1879.49 644 bars ago (high taken); EVENING 4PM-12AM IST session: stop x1.00 of usual; no partials; full size to TP5; SL steps BE->TP1->TP2->TP3
45,2023.01.10 17:16:36,2023.01.10 19:46:36,TP1_REACHED,XAUUSD,M3,18,BUY,FULLTGT,EVENING,0,1877.17,1873.81,1873.81,3.36,1.00,3.36,1880.53,1883.88,1887.24,1890.59,1893.95,0.35,0.00,0.35,1880.53,1.00,1.00,0.00,1875.87,1875.05,1874.38,1875.73,1874.96,0.377,1.77,33.84,62.35,65.00,1.11,1.02,0.09,1873.99,1879.20,445,425,85.7,14.3,1,1,CROSS=EMA9>EMA21;TREND=1;STRUCT=1;VOL=1;COOL=1;EMA50=1;VWAP=1;BIAS=1,1.00,-0.69,23979.96,24098.61,full target: no partial booked
46,2023.01.10 18:39:25,2023.01.10 21:09:25,EXIT_SL,XAUUSD,M3,18,BUY,FULLTGT,EVENING,0,1877.17,1873.81,1873.81,3.36,1.00,3.36,1880.53,1883.88,1887.24,1890.59,1893.95,0.35,0.35,0.00,1873.80,0.00,-1.00,-120.41,1876.13,1875.64,1874.90,1876.20,1875.66,0.667,1.11,16.19,40.15,45.02,-0.52,-0.38,-0.13,1874.38,1874.39,278,309,28.6,42.9,2,1,CROSS=EMA9>EMA21;TREND=1;STRUCT=1;VOL=1;COOL=1;EMA50=1;VWAP=1;BIAS=1,1.07,-1.00,23860.78,23860.78,stopped at the initial SL (x1.00 of usual)
47,2023.01.10 19:03:00,2023.01.10 21:33:00,SKIP,XAUUSD,M3,18,FLAT,NA,EVENING,0,0.00,0.00,0.00,0.00,1.00,0.00,0.00,0.00,0.00,0.00,0.00,0.00,0.00,0.00,0.00,0.00,0.00,0.00,1875.21,1875.22,1874.74,1875.36,1875.29,0.431,1.11,44.63,30.82,34.41,-1.17,-0.87,-0.30,1874.33,1871.72,274,273,14.3,85.7,1,1,CROSS=EMA9>EMA21;TREND=1;STRUCT=1;VOL=1;COOL=1;EMA50=1;VWAP=1;BIAS=1,0.00,0.00,23860.78,23860.78,outside the killzone window
48,2023.01.10 21:21:00,2023.01.10 23:51:00,SKIP,XAUUSD,M3,18,FLAT,NA,EVENING,0,0.00,0.00,0.00,0.00,1.00,0.00,0.00,0.00,0.00,0.00,0.00,0.00,0.00,0.00,0.00,0.00,0.00,0.00,1874.83,1874.81,1874.63,1874.76,1874.78,0.274,0.67,37.75,65.74,61.42,0.65,0.49,0.15,1874.31,1876.62,111,177,85.7,0.0,7,1,CROSS=EMA9>EMA21;TREND=1;STRUCT=1;VOL=1;COOL=1;EMA50=1;VWAP=1;BIAS=1,0.00,0.00,23860.78,23860.78,outside the killzone window
49,2023.01.11 01:02:00,2023.01.11 03:32:00,DAY_SUMMARY,XAUUSD,M3,18,FLAT,NA,DAY,0,0.00,0.00,0.00,0.00,1.00,0.00,0.00,0.00,0.00,0.00,0.00,0.00,0.00,0.00,0.00,0.00,-4.02,-506.87,1876.92,1876.36,1875.67,1876.92,1876.35,2.196,0.31,18.70,44.74,49.03,-0.03,0.02,-0.05,1874.50,1876.91,36,56,28.6,42.9,9,1,CROSS=EMA9>EMA21;TREND=1;STRUCT=1;VOL=1;COOL=1;EMA50=1;VWAP=1;BIAS=1,0.00,0.00,23860.78,23860.78,2023.01.10 trades=4 W=0 L=4 gross_profit=0.00 gross_loss=506.87 net=-506.87 PF=0.00
50,2023.01.11 03:33:00,2023.01.11 06:03:00,ENTRY,XAUUSD,M3,20,SELL,FULLTGT,DAY,0,1872.41,1874.16,1874.16,1.75,1.00,1.75,1870.66,1868.91,1867.16,1865.42,1863.67,0.68,0.68,0.68,1872.41,0.00,0.00,0.00,1876.42,1876.46,1876.04,1876.59,1876.55,0.484,0.87,32.05,19.41,24.68,-0.86,-0.27,-0.58,1876.46,1872.24,217,142,0.0,100.0,2,1,CROSS=EMA9<EMA21;TREND=1;STRUCT=1;VOL=1;COOL=1;EMA50=1;VWAP=1;BIAS=1,0.00,0.00,23858.40,23857.04,KZ=ASIA; KZR=Asia H @ 1879.49 866 bars ago (high taken); DAY 12AM-4PM IST session: stop x1.00 of usual; no partials; full size to TP5; SL steps BE->TP1->TP2->TP3
51,2023.01.11 03:45:04,2023.01.11 06:15:04,EXIT_SL,XAUUSD,M3,20,SELL,FULLTGT,DAY,0,1872.41,1874.16,1874.16,1.75,1.00,1.75,1870.66,1868.91,1867.16,1865.42,1863.67,0.68,0.68,0.00,1874.16,0.00,-1.00,-123.76,1875.95,1876.21,1875.93,1876.02,1876.25,0.305,0.93,33.63,40.64,36.67,-1.03,-0.74,-0.29,1875.96,1874.11,194,167,14.3,85.7,1,1,CROSS=EMA9<EMA21;TREND=1;STRUCT=1;VOL=1;COOL=1;EMA50=1;VWAP=1;BIAS=1,0.13,-1.00,23737.02,23737.02,stopped at the initial SL (x1.00 of usual)
52,2023.01.11 05:57:00,2023.01.11 08:27:00,ENTRY,XAUUSD,M3,22,BUY,FULLTGT,DAY,0,1877.62,1876.43,1876.43,1.19,1.00,1.19,1878.81,1879.99,1881.18,1882.37,1883.56,0.99,0.99,0.99,1877.62,0.00,0.00,0.00,1875.77,1875.75,1875.69,1875.69,1875.71,0.100,0.59,59.98,67.72,67.29,0.67,0.57,0.09,1875.47,1877.58,107,101,100.0,0.0,4,1,CROSS=EMA9>EMA21;TREND=1;STRUCT=1;VOL=1;COOL=1;EMA50=1;VWAP=1;BIAS=1,0.00,0.00,23733.55,23729.59,KZ=ASIA; KZR=Asia H @ 1879.49 914 bars ago (high taken); DAY 12AM-4PM IST session: stop x1.00 of usual; no partials; full size to TP5; SL steps BE->TP1->TP2->TP3
53,2023.01.11 07:11:24,2023.01.11 09:41:24,TP1_REACHED,XAUUSD,M3,22,BUY,FULLTGT,DAY,0,1877.62,1876.43,1876.43,1.19,1.00,1.19,1878.81,1879.99,1881.18,1882.37,1883.56,0.99,0.00,0.99,1878.81,1.00,1.00,0.00,1876.90,1876.45,1876.09,1876.83,1876.41,0.706,0.51,18.87,67.51,64.41,0.32,0.31,0.02,1875.78,1878.54,103,75,85.7,0.0,2,1,CROSS=EMA9>EMA21;TREND=1;STRUCT=1;VOL=1;COOL=1;EMA50=1;VWAP=1;BIAS=1,0.99,-0.57,23733.55,23853.34,full target: no partial booked
54,2023.01.11 07:14:18,2023.01.11 09:44:18,TP2_REACHED,XAUUSD,M3,22,BUY,FULLTGT,DAY,0,1877.62,1876.43,1876.43,1.19,1.00,1.19,1878.81,1879.99,1881.18,1882.37,1883.56,0.99,0.00,0.99,1879.99,2.00,2.00,0.00,1876.99,1876.50,1876.12,1876.90,1876.45,0.705,0.54,22.06,71.88,64.41,0.40,0.31,0.10,1875.81,1879.05,126,79,85.7,0.0,9,1,CROSS=EMA9>EMA21;TREND=1;STRUCT=1;VOL=1;COOL=1;EMA50=1;VWAP=1;BIAS=1,2.00,-0.57,23733.55,23969.17,full target: no partial booked
55,2023.01.11 07:34:39,2023.01.11 10:04:39,TP3_REACHED,XAUUSD,M3,22,BUY,FULLTGT,DAY,0,1877.62,1876.43,1876.43,1.19,1.00,1.19,1878.81,1879.99,1881.18,1882.37,1883.56,0.99,0.00,0.99,1881.18,3.00,3.00,0.00,1877.72,1876.95,1876.38,1877.58,1876.87,0.803,0.71,35.43,76.13,69.95,0.82,0.62,0.20,1876.09,1880.97,188,103,100.0,0.0,4,1,CROSS=EMA9>EMA21;TREND=1;STRUCT=1;VOL=1;COOL=1;EMA50=1;VWAP=1;BIAS=1,3.00,-0.57,23733.55,24090.94,full target: no partial booked
56,2023.01.11 07:36:04,2023.01.11 10:06:04,TP4_REACHED,XAUUSD,M3,22,BUY,FULLTGT,DAY,0,1877.62,1876.43,1876.43,1.19,1.00,1.19,1878.81,1879.99,1881.18,1882.37,1883.56,0.99,0.00,0.99,1882.37,4.00,4.00,0.00,1877.89,1877.06,1876.44,1877.72,1876.95,0.778,0.79,39.11,80.88,75.94,0.98,0.69,0.29,1876.17,1882.14,217,110,100.0,0.0,3,1,CROSS=EMA9>EMA21;TREND=1;STRUCT=1;VOL=1;COOL=1;EMA50=1;VWAP=1;BIAS=1,3.98,-0.57,23733.55,24203.80,full target: no partial booked
57,2023.01.11 07:38:20,2023.01.11 10:08:20,TP5_EXIT,XAUUSD,M3,22,BUY,FULLTGT,DAY,0,1877.62,1876.43,1876.43,1.19,1.00,1.19,1878.81,1879.99,1881.18,1882.37,1883.56,0.99,0.99,0.00,1883.60,5.00,5.00,0.00,1877.89,1877.06,1876.44,1877.72,1876.95,0.778,0.79,39.11,80.88,75.94,0.98,0.69,0.29,1876.17,1882.14,217,110,100.0,0.0,5,1,CROSS=EMA9>EMA21;TREND=1;STRUCT=1;VOL=1;COOL=1;EMA50=1;VWAP=1;BIAS=1,5.00,-0.57,24322.10,24322.10,full target reached; closed in full
58,2023.01.11 07:38:20,2023.01.11 10:08:20,EXIT_TP,XAUUSD,M3,22,BUY,FULLTGT,DAY,0,1877.62,1876.43,1876.43,1.19,1.00,1.19,1878.81,1879.99,1881.18,1882.37,1883.56,0.99,0.99,0.00,1883.60,0.00,5.04,585.08,1877.89,1877.06,1876.44,1877.72,1876.95,0.778,0.79,39.11,80.88,75.94,0.98,0.69,0.29,1876.17,1882.14,217,110,100.0,0.0,5,1,CROSS=EMA9>EMA21;TREND=1;STRUCT=1;VOL=1;COOL=1;EMA50=1;VWAP=1;BIAS=1,5.00,-0.57,24322.10,24322.10,TP5 exit
59,2023.01.11 14:27:00,2023.01.11 16:57:00,ENTRY,XAUUSD,M3,24,SELL,FULLTGT,EVENING,0,1876.74,1878.84,1878.84,2.10,1.00,2.10,1874.64,1872.54,1870.44,1868.35,1866.25,0.57,0.57,0.57,1876.74,0.00,0.00,0.00,1882.80,1882.86,1881.59,1883.04,1882.98,1.207,1.05,60.14,20.63,28.73,-1.70,-0.92,-0.78,1880.81,1876.74,237,196,0.0,100.0,3,1,CROSS=EMA9<EMA21;TREND=1;STRUCT=1;VOL=1;COOL=1;EMA50=1;VWAP=1;BIAS=1,0.00,0.00,24320.10,24318.39,KZ=NY; KZR=Asia H @ 1884.64 72 bars ago (high taken); EVENING 4PM-12AM IST session: stop x1.00 of usual; no partials; full size to TP5; SL steps BE->TP1->TP2->TP3
60,2023.01.11 15:14:27,2023.01.11 17:44:27,EXIT_SL,XAUUSD,M3,24,SELL,FULLTGT,EVENING,0,1876.74,1878.84,1878.84,2.10,1.00,2.10,1874.64,1872.54,1870.44,1868.35,1866.25,0.57,0.57,0.00,1878.85,0.00,-1.01,-124.27,1880.38,1881.45,1881.01,1880.48,1881.53,0.422,1.05,41.20,43.36,30.15,-1.19,-1.44,0.26,1880.52,1877.92,277,255,28.6,71.4,3,1,CROSS=EMA9<EMA21;TREND=1;STRUCT=1;VOL=1;COOL=1;EMA50=1;VWAP=1;BIAS=1,0.43,-0.98,24197.83,24197.83,stopped at the initial SL (x1.00 of usual)
61,2023.01.11 21:06:00,2023.01.11 23:36:00,SKIP,XAUUSD,M3,24,FLAT,NA,EVENING,0,0.00,0.00,0.00,0.00,1.00,0.00,0.00,0.00,0.00,0.00,0.00,0.00,0.00,0.00,0.00,0.00,0.00,0.00,1875.33,1875.30,1876.49,1875.23,1875.25,-1.660,0.72,32.53,65.08,62.60,0.90,0.87,0.03,1877.84,1877.82,187,208,71.4,14.3,3,1,CROSS=EMA9<EMA21;TREND=1;STRUCT=1;VOL=1;COOL=1;EMA50=1;VWAP=1;BIAS=1,0.00,0.00,24197.83,24197.83,outside the killzone window
62,2023.01.12 01:02:00,2023.01.12 03:32:00,DAY_SUMMARY,XAUUSD,M3,24,FLAT,NA,DAY,0,0.00,0.00,0.00,0.00,1.00,0.00,0.00,0.00,0.00,0.00,0.00,0.00,0.00,0.00,0.00,0.00,3.03,337.05,1876.61,1876.38,1876.69,1876.64,1876.40,-0.953,0.32,23.00,35.14,38.07,-0.24,-0.16,-0.09,1877.79,1875.65,49,57,14.3,57.1,9,1,CROSS=EMA9<EMA21;TREND=1;STRUCT=1;VOL=1;COOL=1;EMA50=1;VWAP=1;BIAS=1,0.00,0.00,24197.83,24197.83,2023.01.11 trades=3 W=1 L=2 gross_profit=585.08 gross_loss=248.03 net=337.05 PF=2.36
63,2023.01.12 10:57:00,2023.01.12 13:27:00,SKIP,XAUUSD,M3,24,FLAT,NA,DAY,0,0.00,0.00,0.00,0.00,1.00,0.00,0.00,0.00,0.00,0.00,0.00,0.00,0.00,0.00,0.00,0.00,0.00,0.00,1882.38,1882.39,1881.48,1882.40,1882.40,1.101,0.82,13.00,46.39,44.66,-0.04,0.02,-0.07,1881.52,1881.84,193,188,14.3,71.4,3,1,CROSS=EMA9<EMA21;TREND=1;STRUCT=1;VOL=1;COOL=1;EMA50=1;VWAP=1;BIAS=1,0.00,0.00,24197.83,24197.83,outside the killzone window
64,2023.01.12 11:33:00,2023.01.12 14:03:00,SKIP,XAUUSD,M3,24,FLAT,NA,DAY,0,0.00,0.00,0.00,0.00,1.00,0.00,0.00,0.00,0.00,0.00,0.00,0.00,0.00,0.00,0.00,0.00,0.00,0.00,1882.41,1882.40,1881.59,1882.34,1882.36,0.991,0.82,17.20,67.09,57.38,0.20,0.02,0.18,1881.59,1884.12,215,184,85.7,0.0,4,1,CROSS=EMA9<EMA21;TREND=1;STRUCT=1;VOL=1;COOL=1;EMA50=1;VWAP=1;BIAS=1,0.00,0.00,24197.83,24197.83,outside the killzone window
65,2023.01.13 06:51:00,2023.01.13 09:21:00,SKIP,XAUUSD,M3,24,FLAT,NA,DAY,0,0.00,0.00,0.00,0.00,1.00,0.00,0.00,0.00,0.00,0.00,0.00,0.00,0.00,0.00,0.00,0.00,0.00,0.00,1897.52,1897.52,1896.40,1897.57,1897.55,2.584,0.44,42.16,35.95,41.26,-0.37,-0.24,-0.14,1897.88,1896.34,92,92,0.0,100.0,5,1,CROSS=EMA9<EMA21;TREND=1;STRUCT=1;VOL=1;COOL=1;EMA50=1;VWAP=1;BIAS=1,0.00,0.00,24197.83,24197.83,already positioned that way
66,2023.01.13 10:00:00,2023.01.13 12:30:00,SKIP,XAUUSD,M3,24,FLAT,NA,DAY,0,0.00,0.00,0.00,0.00,1.00,0.00,0.00,0.00,0.00,0.00,0.00,0.00,0.00,0.00,0.00,0.00,0.00,0.00,1896.41,1896.38,1896.09,1896.28,1896.32,0.248,1.16,40.16,69.72,71.35,0.90,0.42,0.48,1897.04,1899.59,245,234,100.0,0.0,2,1,CROSS=EMA9<EMA21;TREND=1;STRUCT=1;VOL=1;COOL=1;EMA50=1;VWAP=1;BIAS=1,0.00,0.00,24197.83,24197.83,outside the killzone window
67,2023.01.13 14:33:00,2023.01.13 17:03:00,SKIP,XAUUSD,M3,24,FLAT,NA,EVENING,0,0.00,0.00,0.00,0.00,1.00,0.00,0.00,0.00,0.00,0.00,0.00,0.00,0.00,0.00,0.00,0.00,0.00,0.00,1902.01,1902.09,1900.63,1902.30,1902.23,1.093,1.33,57.54,19.68,25.21,-1.79,-1.29,-0.50,1900.02,1894.83,405,216,0.0,100.0,1,1,CROSS=EMA9<EMA21;TREND=1;STRUCT=1;VOL=1;COOL=1;EMA50=1;VWAP=1;BIAS=1,0.00,0.00,24197.83,24197.83,already positioned that way
68,2023.01.13 16:45:00,2023.01.13 19:15:00,ENTRY,XAUUSD,M3,26,BUY,FULLTGT,EVENING,0,1907.23,1903.89,1903.89,3.34,1.00,3.34,1910.57,1913.91,1917.25,1920.58,1923.92,0.36,0.36,0.36,1907.23,0.00,0.00,0.00,1900.86,1900.78,1900.22,1900.60,1900.65,0.337,1.67,46.04,74.79,74.54,1.94,1.33,0.60,1899.84,1907.22,395,342,100.0,0.0,1,1,CROSS=EMA9>EMA21;TREND=1;STRUCT=1;VOL=1;COOL=1;EMA50=1;VWAP=1;BIAS=1,0.00,0.00,24196.57,24196.21,KZ=NY; KZR=NY H @ 1901.60 132 bars ago (high taken); EVENING 4PM-12AM IST session: stop x1.00 of usual; no partials; full size to TP5; SL steps BE->TP1->TP2->TP3
69,2023.01.13 16:50:27,2023.01.13 19:20:27,TP1_REACHED,XAUUSD,M3,26,BUY,FULLTGT,EVENING,0,1907.23,1903.89,1903.89,3.34,1.00,3.34,1910.57,1913.91,1917.25,1920.58,1923.92,0.36,0.00,0.36,1910.57,1.00,1.00,0.00,1901.17,1900.94,1900.31,1900.86,1900.78,0.373,1.70,49.90,77.76,78.33,2.19,1.46,0.73,1899.90,1908.70,460,348,100.0,0.0,2,1,CROSS=EMA9>EMA21;TREND=1;STRUCT=1;VOL=1;COOL=1;EMA50=1;VWAP=1;BIAS=1,0.98,-0.12,24196.57,24316.81,full target: no partial booked
70,2023.01.13 17:43:41,2023.01.13 20:13:41,TP2_REACHED,XAUUSD,M3,26,BUY,FULLTGT,EVENING,0,1907.23,1903.89,1903.89,3.34,1.00,3.34,1910.57,1913.91,1917.25,1920.58,1923.92,0.36,0.00,0.36,1913.91,2.00,2.00,0.00,1906.26,1903.98,1902.06,1905.99,1903.80,0.937,2.05,65.78,66.26,72.38,2.25,2.43,-0.18,1901.10,1912.71,302,427,71.4,14.3,3,1,CROSS=EMA9>EMA21;TREND=1;STRUCT=1;VOL=1;COOL=1;EMA50=1;VWAP=1;BIAS=1,1.99,-0.15,24196.57,24437.41,full target: no partial booked
71,2023.01.13 19:46:35,2023.01.13 22:16:35,TP3_REACHED,XAUUSD,M3,26,BUY,FULLTGT,EVENING,0,1907.23,1903.89,1903.89,3.34,1.00,3.34,1910.57,1913.91,1917.25,1920.58,1923.92,0.36,0.00,0.36,1917.25,3.00,3.00,0.00,1912.10,1909.16,1905.78,1911.95,1909.02,3.296,1.03,46.26,63.35,67.90,1.26,1.07,0.18,1902.76,1915.99,169,241,85.7,0.0,2,1,CROSS=EMA9>EMA21;TREND=1;STRUCT=1;VOL=1;COOL=1;EMA50=1;VWAP=1;BIAS=1,3.00,-0.15,24196.57,24557.29,full target: no partial booked
72,2023.01.13 20:39:34,2023.01.13 23:09:34,TP4_REACHED,XAUUSD,M3,26,BUY,FULLTGT,EVENING,0,1907.23,1903.89,1903.89,3.34,1.00,3.34,1910.57,1913.91,1917.25,1920.58,1923.92,0.36,0.00,0.36,1920.58,4.00,4.00,0.00,1915.19,1911.85,1907.79,1915.01,1911.69,4.183,0.97,45.79,67.86,71.73,1.24,1.25,-0.01,1903.43,1919.71,196,207,71.4,14.3,1,1,CROSS=EMA9>EMA21;TREND=1;STRUCT=1;VOL=1;COOL=1;EMA50=1;VWAP=1;BIAS=1,4.00,-0.15,24196.57,24677.89,full target: no partial booked
73,2023.01.13 23:42:00,2023.01.14 02:12:00,EXIT_WEEKEND,XAUUSD,M3,26,BUY,FULLTGT,DAY,0,1907.23,1903.89,1903.89,3.34,1.00,3.34,1910.57,1913.91,1917.25,1920.58,1923.92,0.36,0.36,0.00,1919.97,0.00,3.82,0.00,1919.45,1917.54,1913.36,1919.43,1917.50,8.610,0.49,18.09,52.72,52.35,-0.03,-0.10,0.07,1904.95,1919.97,28,89,71.4,0.0,7,1,CROSS=EMA9>EMA21;TREND=1;STRUCT=1;VOL=1;COOL=1;EMA50=1;VWAP=1;BIAS=1,4.40,-0.15,24653.95,24653.95,WEEKEND exit
74,2023.01.13 23:42:03,2023.01.14 02:12:03,EXIT_WEEKEND,XAUUSD,M3,26,BUY,FULLTGT,DAY,0,1907.23,1903.89,1903.89,3.34,1.00,3.34,1910.57,1913.91,1917.25,1920.58,1923.92,0.36,0.36,0.00,1919.97,0.00,3.82,456.12,1919.45,1917.54,1913.36,1919.43,1917.50,8.610,0.49,18.09,52.72,52.35,-0.03,-0.10,0.07,1904.95,1919.97,28,89,71.4,0.0,7,1,CROSS=EMA9>EMA21;TREND=1;STRUCT=1;VOL=1;COOL=1;EMA50=1;VWAP=1;BIAS=1,4.40,-0.15,24653.95,24653.95,flattened before the Friday close
75,2023.01.16 01:02:00,2023.01.16 03:32:00,DAY_SUMMARY,XAUUSD,M3,26,FLAT,NA,DAY,0,0.00,0.00,0.00,0.00,1.00,0.00,0.00,0.00,0.00,0.00,0.00,0.00,0.00,0.00,0.00,0.00,3.82,456.12,1919.65,1917.83,1913.71,1919.62,1917.78,9.005,0.46,30.95,54.87,54.84,0.19,0.03,0.16,1905.00,1920.39,81,70,85.7,14.3,9,1,CROSS=EMA9>EMA21;TREND=1;STRUCT=1;VOL=1;COOL=1;EMA50=1;VWAP=1;BIAS=1,0.00,0.00,24653.95,24653.95,2023.01.13 trades=1 W=1 L=0 gross_profit=456.12 gross_loss=0.00 net=456.12 PF=0.00
76,2023.01.16 01:02:00,2023.01.16 03:32:00,WEEK_SUMMARY,XAUUSD,M3,26,FLAT,NA,DAY,0,0.00,0.00,0.00,0.00,1.00,0.00,0.00,0.00,0.00,0.00,0.00,0.00,0.00,0.00,0.00,0.00,2.83,286.30,1919.65,1917.83,1913.71,1919.62,1917.78,9.005,0.46,30.95,54.87,54.84,0.19,0.03,0.16,1905.00,1920.39,81,70,85.7,14.3,9,1,CROSS=EMA9>EMA21;TREND=1;STRUCT=1;VOL=1;COOL=1;EMA50=1;VWAP=1;BIAS=1,0.00,0.00,24653.95,24653.95,days=3 trades=8 W=2 L=6 gross_profit=1041.20 gross_loss=754.90 net=286.30 PF=1.38 pips=744.0
77,2023.01.16 07:51:00,2023.01.16 10:21:00,ENTRY,XAUUSD,M3,28,SELL,FULLTGT,DAY,0,1917.57,1919.13,1919.13,1.56,1.00,1.56,1916.01,1914.44,1912.88,1911.31,1909.75,0.78,0.78,0.78,1917.57,0.00,0.00,0.00,1922.35,1922.40,1920.28,1922.54,1922.50,2.708,0.78,55.64,21.41,24.28,-1.42,-1.22,-0.21,1921.93,1917.59,196,129,0.0,100.0,2,1,CROSS=EMA9<EMA21;TREND=1;STRUCT=1;VOL=1;COOL=1;EMA50=1;VWAP=1;BIAS=1,0.00,0.00,24651.22,24649.66,KZ=ASIA; KZR=NY H @ 1916.60 1205 bars ago (high taken); DAY 12AM-4PM IST session: stop x1.00 of usual; no partials; full size to TP5; SL steps BE->TP1->TP2->TP3
78,2023.01.16 07:59:25,2023.01.16 10:29:25,EXIT_SL,XAUUSD,M3,28,SELL,FULLTGT,DAY,0,1917.57,1919.13,1919.13,1.56,1.00,1.56,1916.01,1914.44,1912.88,1911.31,1909.75,0.78,0.78,0.00,1919.17,0.00,-1.02,-130.26,1922.00,1922.22,1920.23,1922.16,1922.30,2.635,0.75,56.20,29.31,24.07,-1.49,-1.30,-0.19,1921.87,1918.20,135,131,14.3,85.7,8,1,CROSS=EMA9<EMA21;TREND=1;STRUCT=1;VOL=1;COOL=1;EMA50=1;VWAP=1;BIAS=1,0.09,-0.97,24523.69,24523.69,stopped at the initial SL (x1.00 of usual)
79,2023.01.16 13:54:00,2023.01.16 16:24:00,SKIP,XAUUSD,M3,28,FLAT,NA,EVENING,0,0.00,0.00,0.00,0.00,1.00,0.00,0.00,0.00,0.00,0.00,0.00,0.00,0.00,0.00,0.00,0.00,0.00,0.00,1916.88,1916.87,1917.35,1916.84,1916.84,-0.682,0.71,26.94,55.13,59.26,0.51,0.51,0.01,1918.69,1917.90,121,137,71.4,14.3,3,1,CROSS=EMA9<EMA21;TREND=1;STRUCT=1;VOL=1;COOL=1;EMA50=1;VWAP=1;BIAS=1,0.00,0.00,24523.69,24523.69,outside the killzone window
80,2023.01.16 14:15:00,2023.01.16 16:45:00,SKIP,XAUUSD,M3,28,FLAT,NA,EVENING,0,0.00,0.00,0.00,0.00,1.00,0.00,0.00,0.00,0.00,0.00,0.00,0.00,0.00,0.00,0.00,0.00,0.00,0.00,1916.84,1916.85,1917.31,1916.86,1916.86,-0.606,0.76,26.40,42.24,47.23,-0.06,0.23,-0.29,1918.63,1916.46,173,152,14.3,85.7,5,1,CROSS=EMA9<EMA21;TREND=1;STRUCT=1;VOL=1;COOL=1;EMA50=1;VWAP=1;BIAS=1,0.00,0.00,24523.69,24523.69,already positioned that way
81,2023.01.17 01:02:00,2023.01.17 03:32:00,DAY_SUMMARY,XAUUSD,M3,28,FLAT,NA,DAY,0,0.00,0.00,0.00,0.00,1.00,0.00,0.00,0.00,0.00,0.00,0.00,0.00,0.00,0.00,0.00,0.00,-1.02,-130.26,1914.47,1914.57,1915.12,1914.43,1914.55,-2.658,0.21,27.80,70.10,66.64,0.34,0.21,0.13,1917.31,1915.46,31,32,57.1,28.6,9,1,CROSS=EMA9<EMA21;TREND=1;STRUCT=1;VOL=1;COOL=1;EMA50=1;VWAP=1;BIAS=1,0.00,0.00,24523.69,24523.69,2023.01.16 trades=1 W=0 L=1 gross_profit=0.00 gross_loss=130.26 net=-130.26 PF=0.00
82,2023.01.17 01:09:00,2023.01.17 03:39:00,SKIP,XAUUSD,M3,28,FLAT,NA,DAY,0,0.00,0.00,0.00,0.00,1.00,0.00,0.00,0.00,0.00,0.00,0.00,0.00,0.00,0.00,0.00,0.00,0.00,0.00,1914.67,1914.66,1915.15,1914.60,1914.63,-1.581,0.31,27.77,78.43,73.40,0.51,0.30,0.21,1916.18,1916.44,59,35,85.7,14.3,9,1,CROSS=EMA9<EMA21;TREND=1;STRUCT=1;VOL=1;COOL=1;EMA50=1;VWAP=1;BIAS=1,0.00,0.00,24523.69,24523.69,outside the killzone window
83,2023.01.17 04:06:00,2023.01.17 06:36:00,SKIP,XAUUSD,M3,28,FLAT,NA,DAY,0,0.00,0.00,0.00,0.00,1.00,0.00,0.00,0.00,0.00,0.00,0.00,0.00,0.00,0.00,0.00,0.00,0.00,0.00,1915.88,1915.89,1915.81,1915.91,1915.90,0.075,1.00,18.50,48.36,48.04,-0.81,-0.88,0.07,1916.22,1915.11,192,196,14.3,57.1,3,1,CROSS=EMA9<EMA21;TREND=1;STRUCT=1;VOL=1;COOL=1;EMA50=1;VWAP=1;BIAS=1,0.00,0.00,24523.69,24523.69,already positioned that way
84,2023.01.17 14:18:00,2023.01.17 16:48:00,ENTRY,XAUUSD,M3,30,BUY,FULLTGT,EVENING,0,1913.23,1911.03,1911.03,2.20,1.00,2.20,1915.43,1917.62,1919.82,1922.01,1924.21,0.55,0.55,0.55,1913.23,0.00,0.00,0.00,1908.73,1908.71,1909.82,1908.55,1908.62,-1.010,1.10,59.81,81.65,74.95,1.80,1.35,0.45,1910.64,1913.19,175,175,85.7,0.0,4,1,CROSS=EMA9>EMA21;TREND=1;STRUCT=1;VOL=1;COOL=1;EMA50=1;VWAP=1;BIAS=1,0.00,0.00,24521.76,24519.56,KZ=NY; KZR=NY H @ 1917.08 255 bars ago (high taken); EVENING 4PM-12AM IST session: stop x1.00 of usual; no partials; full size to TP5; SL steps BE->TP1->TP2->TP3
85,2023.01.17 14:40:38,2023.01.17 17:10:38,EXIT_SL,XAUUSD,M3,30,BUY,FULLTGT,EVENING,0,1913.23,1911.03,1911.03,2.20,1.00,2.20,1915.43,1917.62,1919.82,1922.01,1924.21,0.55,0.55,0.00,1911.01,0.00,-1.01,-125.96,1909.65,1909.20,1910.00,1909.55,1909.14,-0.826,0.96,33.81,63.29,64.30,1.27,1.59,-0.32,1910.70,1912.14,212,201,71.4,28.6,2,1,CROSS=EMA9>EMA21;TREND=1;STRUCT=1;VOL=1;COOL=1;EMA50=1;VWAP=1;BIAS=1,0.18,-0.98,24397.73,24397.73,stopped at the initial SL (x1.00 of usual)
86,2023.01.17 19:33:00,2023.01.17 22:03:00,SKIP,XAUUSD,M3,30,FLAT,NA,EVENING,0,0.00,0.00,0.00,0.00,1.00,0.00,0.00,0.00,0.00,0.00,0.00,0.00,0.00,0.00,0.00,0.00,0.00,0.00,1911.05,1911.09,1910.96,1911.17,1911.16,0.148,0.94,53.02,31.98,30.44,-0.93,-0.32,-0.61,1911.17,1907.93,220,222,0.0,85.7,2,1,CROSS=EMA9>EMA21;TREND=1;STRUCT=1;VOL=1;COOL=1;EMA50=1;VWAP=1;BIAS=1,0.00,0.00,24397.73,24397.73,outside the killzone window
87,2023.01.18 01:02:00,2023.01.18 03:32:00,DAY_SUMMARY,XAUUSD,M3,30,FLAT,NA,DAY,0,0.00,0.00,0.00,0.00,1.00,0.00,0.00,0.00,0.00,0.00,0.00,0.00,0.00,0.00,0.00,0.00,-1.01,-125.96,1908.35,1908.49,1909.07,1908.34,1908.49,-1.662,0.34,18.90,51.77,52.11,0.02,0.02,-0.00,1910.60,1908.59,21,47,28.6,42.9,9,1,CROSS=EMA9>EMA21;TREND=1;STRUCT=1;VOL=1;COOL=1;EMA50=1;VWAP=1;BIAS=1,0.00,0.00,24397.73,24397.73,2023.01.17 trades=1 W=0 L=1 gross_profit=0.00 gross_loss=125.96 net=-125.96 PF=0.00
88,2023.01.18 04:15:00,2023.01.18 06:45:00,SKIP,XAUUSD,M3,30,FLAT,NA,DAY,0,0.00,0.00,0.00,0.00,1.00,0.00,0.00,0.00,0.00,0.00,0.00,0.00,0.00,0.00,0.00,0.00,0.00,0.00,1908.38,1908.38,1908.71,1908.32,1908.35,-0.413,0.81,31.72,61.51,61.48,0.45,0.12,0.33,1908.23,1909.90,151,164,85.7,0.0,2,1,CROSS=EMA9>EMA21;TREND=1;STRUCT=1;VOL=1;COOL=1;EMA50=1;VWAP=1;BIAS=1,0.00,0.00,24397.73,24397.73,already positioned that way
89,2023.01.18 04:42:00,2023.01.18 07:12:00,ENTRY,XAUUSD,M3,32,SELL,FULLTGT,DAY,0,1903.06,1905.45,1905.45,2.39,1.00,2.39,1900.67,1898.28,1895.89,1893.51,1891.12,0.51,0.51,0.51,1903.06,0.00,0.00,0.00,1908.30,1908.35,1908.67,1908.52,1908.46,-0.269,1.19,30.67,22.38,45.66,-0.37,0.28,-0.65,1908.12,1903.02,424,163,0.0,100.0,6,1,CROSS=EMA9<EMA21;TREND=1;STRUCT=1;VOL=1;COOL=1;EMA50=1;VWAP=1;BIAS=1,0.00,0.00,24395.94,24392.88,KZ=ASIA; KZR=NY H @ 1917.08 543 bars ago (high taken); DAY 12AM-4PM IST session: stop x1.00 of usual; no partials; full size to TP5; SL steps BE->TP1->TP2->TP3
90,2023.01.18 04:42:38,2023.01.18 07:12:38,EXIT_SL,XAUUSD,M3,32,SELL,FULLTGT,DAY,0,1903.06,1905.45,1905.45,2.39,1.00,2.39,1900.67,1898.28,1895.89,1893.51,1891.12,0.51,0.51,0.00,1905.45,0.00,-1.00,-125.47,1908.30,1908.35,1908.67,1908.52,1908.46,-0.269,1.19,30.67,22.38,45.66,-0.37,0.28,-0.65,1908.12,1903.02,424,163,0.0,100.0,6,1,CROSS=EMA9<EMA21;TREND=1;STRUCT=1;VOL=1;COOL=1;EMA50=1;VWAP=1;BIAS=1,0.00,-0.98,24272.26,24272.26,stopped at the initial SL (x1.00 of usual)
91,2023.01.18 09:33:00,2023.01.18 12:03:00,SKIP,XAUUSD,M3,32,FLAT,NA,DAY,0,0.00,0.00,0.00,0.00,1.00,0.00,0.00,0.00,0.00,0.00,0.00,0.00,0.00,0.00,0.00,0.00,0.00,0.00,1902.42,1902.41,1903.95,1902.25,1902.32,-1.256,1.23,59.39,67.97,76.09,1.63,1.36,0.27,1903.44,1906.58,315,255,85.7,14.3,5,1,CROSS=EMA9<EMA21;TREND=1;STRUCT=1;VOL=1;COOL=1;EMA50=1;VWAP=1;BIAS=1,0.00,0.00,24272.26,24272.26,outside the killzone window
92,2023.01.18 18:21:00,2023.01.18 20:51:00,SKIP,XAUUSD,M3,32,FLAT,NA,EVENING,0,0.00,0.00,0.00,0.00,1.00,0.00,0.00,0.00,0.00,0.00,0.00,0.00,0.00,0.00,0.00,0.00,0.00,0.00,1916.35,1916.42,1914.27,1916.55,1916.52,1.471,1.46,38.65,35.45,34.87,-1.95,-1.92,-0.03,1911.30,1911.44,321,371,14.3,71.4,2,1,CROSS=EMA9<EMA21;TREND=1;STRUCT=1;VOL=1;COOL=1;EMA50=1;VWAP=1;BIAS=1,0.00,0.00,24272.26,24272.26,outside the killzone window
93,2023.01.19 01:02:00,2023.01.19 03:32:00,DAY_SUMMARY,XAUUSD,M3,32,FLAT,NA,DAY,0,0.00,0.00,0.00,0.00,1.00,0.00,0.00,0.00,0.00,0.00,0.00,0.00,0.00,0.00,0.00,0.00,-1.00,-125.47,1904.17,1905.52,1907.63,1904.17,1905.55,-4.980,0.42,21.00,52.90,50.57,0.05,0.07,-0.02,1910.00,1904.16,34,55,28.6,42.9,9,1,CROSS=EMA9<EMA21;TREND=1;STRUCT=1;VOL=1;COOL=1;EMA50=1;VWAP=1;BIAS=1,0.00,0.00,24272.26,24272.26,2023.01.18 trades=1 W=0 L=1 gross_profit=0.00 gross_loss=125.47 net=-125.47 PF=0.00
94,2023.01.19 02:33:00,2023.01.19 05:03:00,ENTRY,XAUUSD,M3,34,BUY,FULLTGT,DAY,0,1908.86,1907.30,1907.30,1.56,1.00,1.56,1910.42,1911.98,1913.54,1915.09,1916.65,0.77,0.77,0.77,1908.86,0.00,0.00,0.00,1905.95,1905.95,1907.28,1905.84,1905.89,-1.714,0.78,32.53,68.55,61.85,0.77,0.83,-0.07,1906.55,1908.80,206,102,85.7,14.3,5,1,CROSS=EMA9>EMA21;TREND=1;STRUCT=1;VOL=1;COOL=1;EMA50=1;VWAP=1;BIAS=1,0.00,0.00,24269.56,24265.71,KZ=ASIA; KZR=NY H @ 1917.08 980 bars ago (high taken); DAY 12AM-4PM IST session: stop x1.00 of usual; no partials; full size to TP5; SL steps BE->TP1->TP2->TP3
95,2023.01.19 02:40:17,2023.01.19 05:10:17,EXIT_SL,XAUUSD,M3,34,BUY,FULLTGT,DAY,0,1908.86,1907.30,1907.30,1.56,1.00,1.56,1910.42,1911.98,1913.54,1915.09,1916.65,0.77,0.77,0.00,1907.30,0.00,-1.00,-125.52,1906.14,1906.05,1907.31,1906.06,1906.01,-1.540,0.82,30.84,60.28,57.14,0.78,0.82,-0.04,1906.79,1908.08,156,117,71.4,28.6,3,1,CROSS=EMA9>EMA21;TREND=1;STRUCT=1;VOL=1;COOL=1;EMA50=1;VWAP=1;BIAS=1,0.45,-0.98,24146.74,24146.74,stopped at the initial SL (x1.00 of usual)
96,2023.01.19 03:21:00,2023.01.19 05:51:00,ENTRY,XAUUSD,M3,36,SELL,FULLTGT,DAY,0,1903.27,1905.57,1905.57,2.30,1.00,2.30,1900.97,1898.67,1896.37,1894.06,1891.76,0.52,0.52,0.52,1903.27,0.00,0.00,0.00,1905.98,1906.00,1907.12,1906.10,1906.06,-0.977,1.15,29.35,33.72,39.06,-0.56,-0.14,-0.42,1906.40,1903.20,191,186,0.0,100.0,2,1,CROSS=EMA9<EMA21;TREND=1;STRUCT=1;VOL=1;COOL=1;EMA50=1;VWAP=1;BIAS=1,0.00,0.00,24144.92,24143.88,KZ=ASIA; KZR=NY H @ 1917.08 996 bars ago (high taken); DAY 12AM-4PM IST session: stop x1.00 of usual; no partials; full size to TP5; SL steps BE->TP1->TP2->TP3
97,2023.01.19 04:44:28,2023.01.19 07:14:28,EXIT_SL,XAUUSD,M3,36,SELL,FULLTGT,DAY,0,1903.27,1905.57,1905.57,2.30,1.00,2.30,1900.97,1898.67,1896.37,1894.06,1891.76,0.52,0.52,0.00,1905.57,0.00,-1.00,-123.24,1903.78,1904.58,1906.04,1903.73,1904.57,-2.036,0.72,50.96,64.11,54.40,0.04,-0.55,0.59,1904.70,1904.97,148,170,71.4,14.3,3,1,CROSS=EMA9<EMA21;TREND=1;STRUCT=1;VOL=1;COOL=1;EMA50=1;VWAP=1;BIAS=1,0.97,-0.98,24023.50,24023.50,stopped at the initial SL (x1.00 of usual)
98,2023.01.19 05:21:00,2023.01.19 07:51:00,ENTRY,XAUUSD,M3,38,BUY,FULLTGT,DAY,0,1907.80,1906.17,1906.17,1.63,1.00,1.63,1909.43,1911.07,1912.70,1914.34,1915.97,0.73,0.73,0.73,1907.80,0.00,0.00,0.00,1905.18,1905.18,1906.18,1905.08,1905.12,-1.231,0.82,67.84,67.68,65.32,1.19,1.11,0.08,1905.13,1907.71,155,162,85.7,0.0,9,1,CROSS=EMA9>EMA21;TREND=1;STRUCT=1;VOL=1;COOL=1;EMA50=1;VWAP=1;BIAS=1,0.00,0.00,24020.94,24014.37,KZ=ASIA; KZR=NY H @ 1917.08 1036 bars ago (high taken); DAY 12AM-4PM IST session: stop x1.00 of usual; no partials; full size to TP5; SL steps BE->TP1->TP2->TP3
99,2023.01.19 05:44:38,2023.01.19 08:14:38,TP1_REACHED,XAUUSD,M3,38,BUY,FULLTGT,DAY,0,1907.80,1906.17,1906.17,1.63,1.00,1.63,1909.43,1911.07,1912.70,1914.34,1915.97,0.73,0.00,0.73,1909.43,1.00,1.00,0.00,1905.74,1905.47,1906.27,1905.66,1905.43,-1.120,0.71,34.87,62.87,60.52,0.81,1.03,-0.22,1905.28,1907.61,139,156,71.4,14.3,2,1,CROSS=EMA9>EMA21;TREND=1;STRUCT=1;VOL=1;COOL=1;EMA50=1;VWAP=1;BIAS=1,0.98,-0.62,24020.94,24140.66,full target: no partial booked
100,2023.01.19 08:39:24,2023.01.19 11:09:24,TP2_REACHED,XAUUSD,M3,38,BUY,FULLTGT,DAY,0,1907.80,1906.17,1906.17,1.63,1.00,1.63,1909.43,1911.07,1912.70,1914.34,1915.97,0.73,0.00,0.73,1911.07,2.00,2.00,0.00,1909.25,1908.32,1907.74,1909.19,1908.27,0.814,0.71,24.46,61.12,58.24,0.26,0.11,0.15,1906.84,1910.66,180,150,85.7,0.0,1,1,CROSS=EMA9>EMA21;TREND=1;STRUCT=1;VOL=1;COOL=1;EMA50=1;VWAP=1;BIAS=1,1.99,-0.62,24020.94,24259.65,full target: no partial booked
101,2023.01.19 09:51:29,2023.01.19 12:21:29,TP3_REACHED,XAUUSD,M3,38,BUY,FULLTGT,DAY,0,1907.80,1906.17,1906.17,1.63,1.00,1.63,1909.43,1911.07,1912.70,1914.34,1915.97,0.73,0.00,0.73,1912.70,3.00,3.00,0.00,1909.35,1908.73,1908.09,1909.23,1908.65,0.539,1.18,21.22,67.91,61.37,0.30,-0.14,0.45,1907.27,1912.33,249,219,85.7,0.0,2,1,CROSS=EMA9>EMA21;TREND=1;STRUCT=1;VOL=1;COOL=1;EMA50=1;VWAP=1;BIAS=1,2.99,-0.84,24020.94,24379.37,full target: no partial booked
102,2023.01.19 10:20:24,2023.01.19 12:50:24,TP4_REACHED,XAUUSD,M3,38,BUY,FULLTGT,DAY,0,1907.80,1906.17,1906.17,1.63,1.00,1.63,1909.43,1911.07,1912.70,1914.34,1915.97,0.73,0.00,0.73,1914.34,4.00,4.00,0.00,1910.22,1909.30,1908.44,1910.12,1909.23,0.660,1.30,25.79,60.79,68.71,0.95,0.69,0.26,1907.65,1912.82,238,249,85.7,0.0,3,1,CROSS=EMA9>EMA21;TREND=1;STRUCT=1;VOL=1;COOL=1;EMA50=1;VWAP=1;BIAS=1,3.99,-0.84,24020.94,24498.36,full target: no partial booked
103,2023.01.19 10:22:36,2023.01.19 12:52:36,TP5_EXIT,XAUUSD,M3,38,BUY,FULLTGT,DAY,0,1907.80,1906.17,1906.17,1.63,1.00,1.63,1909.43,1911.07,1912.70,1914.34,1915.97,0.73,0.73,0.00,1915.98,5.00,5.00,0.00,1910.41,1909.41,1908.51,1910.22,1909.30,0.649,1.39,28.48,68.41,68.71,1.13,0.76,0.36,1907.71,1915.00,261,250,100.0,0.0,1,1,CROSS=EMA9>EMA21;TREND=1;STRUCT=1;VOL=1;COOL=1;EMA50=1;VWAP=1;BIAS=1,5.00,-0.84,24615.52,24615.52,full target reached; closed in full
104,2023.01.19 10:22:37,2023.01.19 12:52:37,EXIT_TP,XAUUSD,M3,38,BUY,FULLTGT,DAY,0,1907.80,1906.17,1906.17,1.63,1.00,1.63,1909.43,1911.07,1912.70,1914.34,1915.97,0.73,0.73,0.00,1915.98,0.00,5.01,592.02,1910.41,1909.41,1908.51,1910.22,1909.30,0.649,1.39,28.48,68.41,68.71,1.13,0.76,0.36,1907.71,1915.00,261,250,100.0,0.0,1,1,CROSS=EMA9>EMA21;TREND=1;STRUCT=1;VOL=1;COOL=1;EMA50=1;VWAP=1;BIAS=1,5.00,-0.84,24615.52,24615.52,TP5 exit
105,2023.01.19 12:39:00,2023.01.19 15:09:00,SKIP,XAUUSD,M3,38,FLAT,NA,DAY,0,0.00,0.00,0.00,0.00,1.00,0.00,0.00,0.00,0.00,0.00,0.00,0.00,0.00,0.00,0.00,0.00,0.00,0.00,1910.01,1910.02,1909.31,1910.11,1910.07,0.886,0.80,46.45,34.58,35.15,-1.00,-0.82,-0.18,1908.54,1907.54,332,175,14.3,85.7,4,1,CROSS=EMA9>EMA21;TREND=1;STRUCT=1;VOL=1;COOL=1;EMA50=1;VWAP=1;BIAS=1,0.00,0.00,24615.52,24615.52,outside the killzone window
106,2023.01.19 15:51:00,2023.01.19 18:21:00,SKIP,XAUUSD,M3,38,FLAT,NA,EVENING,0,0.00,0.00,0.00,0.00,1.00,0.00,0.00,0.00,0.00,0.00,0.00,0.00,0.00,0.00,0.00,0.00,0.00,0.00,1909.51,1909.51,1909.27,1909.48,1909.49,0.121,1.92,28.85,52.51,51.18,0.42,0.36,0.06,1908.76,1910.24,361,354,100.0,0.0,1,1,CROSS=EMA9>EMA21;TREND=1;STRUCT=1;VOL=1;COOL=1;EMA50=1;VWAP=1;BIAS=1,0.00,0.00,24615.52,24615.52,already positioned that way
107,2023.01.20 01:02:00,2023.01.20 03:32:00,DAY_SUMMARY,XAUUSD,M3,38,FLAT,NA,DAY,0,0.00,0.00,0.00,0.00,1.00,0.00,0.00,0.00,0.00,0.00,0.00,0.00,0.00,0.00,0.00,0.00,3.00,343.26,1930.83,1927.81,1923.07,1930.77,1927.72,12.085,0.39,20.73,53.03,57.18,0.09,0.18,-0.09,1914.60,1932.12,52,74,57.1,14.3,9,1,CROSS=EMA9>EMA21;TREND=1;STRUCT=1;VOL=1;COOL=1;EMA50=1;VWAP=1;BIAS=1,0.00,0.00,24615.52,24615.52,2023.01.19 trades=3 W=1 L=2 gross_profit=592.02 gross_loss=248.76 net=343.26 PF=2.38
108,2023.01.20 05:42:00,2023.01.20 08:12:00,ENTRY,XAUUSD,M3,40,SELL,FULLTGT,DAY,0,1928.58,1929.73,1929.73,1.15,1.00,1.15,1927.43,1926.28,1925.13,1923.98,1922.83,1.07,1.07,1.07,1928.58,0.00,0.00,0.00,1930.23,1930.25,1927.87,1930.29,1930.28,4.130,0.57,33.27,34.63,37.88,-0.62,-0.58,-0.04,1931.24,1928.58,53,107,0.0,85.7,9,1,CROSS=EMA9<EMA21;TREND=1;STRUCT=1;VOL=1;COOL=1;EMA50=1;VWAP=1;BIAS=1,0.00,0.00,24611.77,24602.14,KZ=ASIA; KZR=NY H @ 1925.95 165 bars ago (high taken); DAY 12AM-4PM IST session: stop x1.00 of usual; no partials; full size to TP5; SL steps BE->TP1->TP2->TP3
109,2023.01.20 06:00:35,2023.01.20 08:30:35,TP1_REACHED,XAUUSD,M3,40,SELL,FULLTGT,DAY,0,1928.58,1929.73,1929.73,1.15,1.00,1.15,1927.43,1926.28,1925.13,1923.98,1922.83,1.07,0.00,1.07,1927.43,1.00,1.00,0.00,1929.77,1930.00,1927.88,1929.86,1930.05,4.035,0.52,32.19,29.53,33.00,-0.67,-0.63,-0.04,1931.12,1927.61,79,91,0.0,85.7,6,1,CROSS=EMA9<EMA21;TREND=1;STRUCT=1;VOL=1;COOL=1;EMA50=1;VWAP=1;BIAS=1,0.99,-0.41,24611.77,24740.17,full target: no partial booked
110,2023.01.20 06:18:40,2023.01.20 08:48:40,TP2_REACHED,XAUUSD,M3,40,SELL,FULLTGT,DAY,0,1928.58,1929.73,1929.73,1.15,1.00,1.15,1927.43,1926.28,1925.13,1923.98,1922.83,1.07,0.00,1.07,1926.28,2.00,2.00,0.00,1929.24,1929.70,1927.85,1929.31,1929.74,3.990,0.46,41.01,36.29,32.66,-0.70,-0.70,0.00,1930.94,1927.50,62,91,14.3,71.4,9,1,CROSS=EMA9<EMA21;TREND=1;STRUCT=1;VOL=1;COOL=1;EMA50=1;VWAP=1;BIAS=1,1.94,-0.41,24611.77,24867.50,full target: no partial booked
111,2023.01.20 06:30:27,2023.01.20 09:00:27,TP3_REACHED,XAUUSD,M3,40,SELL,FULLTGT,DAY,0,1928.58,1929.73,1929.73,1.15,1.00,1.15,1927.43,1926.28,1925.13,1923.98,1922.83,1.07,0.00,1.07,1925.13,3.00,3.00,0.00,1928.77,1929.42,1927.78,1928.90,1929.50,2.762,0.59,49.12,22.45,25.30,-0.90,-0.76,-0.14,1930.76,1925.55,94,91,0.0,100.0,1,1,CROSS=EMA9<EMA21;TREND=1;STRUCT=1;VOL=1;COOL=1;EMA50=1;VWAP=1;BIAS=1,3.00,-0.41,24611.77,24981.99,full target: no partial booked
112,2023.01.20 06:59:29,2023.01.20 09:29:29,TP4_REACHED,XAUUSD,M3,40,SELL,FULLTGT,DAY,0,1928.58,1929.73,1929.73,1.15,1.00,1.15,1927.43,1926.28,1925.13,1923.98,1922.83,1.07,0.00,1.07,1923.98,4.00,4.00,0.00,1927.73,1928.75,1927.57,1927.87,1928.84,1.746,0.67,59.20,23.16,27.55,-0.97,-0.92,-0.04,1930.39,1924.28,127,101,0.0,100.0,7,1,CROSS=EMA9<EMA21;TREND=1;STRUCT=1;VOL=1;COOL=1;EMA50=1;VWAP=1;BIAS=1,3.96,-0.41,24611.77,25103.97,full target: no partial booked
113,2023.01.20 09:22:37,2023.01.20 11:52:37,EXIT_SL,XAUUSD,M3,40,SELL,FULLTGT,DAY,0,1928.58,1929.73,1929.73,1.15,1.00,1.15,1927.43,1926.28,1925.13,1923.98,1922.83,1.07,1.07,0.00,1929.73,0.00,-1.00,-130.55,1927.27,1927.62,1927.26,1927.23,1927.61,0.487,0.73,23.39,56.07,55.91,0.28,0.19,0.10,1929.13,1928.09,146,147,42.9,28.6,1,1,CROSS=EMA9<EMA21;TREND=1;STRUCT=1;VOL=1;COOL=1;EMA50=1;VWAP=1;BIAS=1,4.71,-0.99,24484.97,24484.97,stopped at the initial SL (x1.00 of usual)
114,2023.01.20 09:42:00,2023.01.20 12:12:00,SKIP,XAUUSD,M3,40,FLAT,NA,DAY,0,0.00,0.00,0.00,0.00,1.00,0.00,0.00,0.00,0.00,0.00,0.00,0.00,0.00,0.00,0.00,0.00,0.00,0.00,1927.96,1927.94,1927.45,1927.86,1927.89,0.550,0.89,44.13,66.40,67.31,0.85,0.57,0.29,1929.19,1930.39,160,178,85.7,0.0,2,1,CROSS=EMA9<EMA21;TREND=1;STRUCT=1;VOL=1;COOL=1;EMA50=1;VWAP=1;BIAS=1,0.00,0.00,24484.97,24484.97,outside the killzone window
115,2023.01.20 13:48:00,2023.01.20 16:18:00,SKIP,XAUUSD,M3,40,FLAT,NA,EVENING,0,0.00,0.00,0.00,0.00,1.00,0.00,0.00,0.00,0.00,0.00,0.00,0.00,0.00,0.00,0.00,0.00,0.00,0.00,1929.59,1929.59,1928.99,1929.61,1929.60,0.741,0.81,19.71,48.07,47.07,-0.34,-0.28,-0.06,1929.80,1929.12,124,155,0.0,71.4,5,1,CROSS=EMA9<EMA21;TREND=1;STRUCT=1;VOL=1;COOL=1;EMA50=1;VWAP=1;BIAS=1,0.00,0.00,24484.97,24484.97,outside the killzone window
116,2023.01.20 21:00:00,2023.01.20 23:30:00,SKIP,XAUUSD,M3,40,FLAT,NA,EVENING,0,0.00,0.00,0.00,0.00,1.00,0.00,0.00,0.00,0.00,0.00,0.00,0.00,0.00,0.00,0.00,0.00,0.00,0.00,1926.62,1926.56,1926.99,1926.50,1926.51,-0.533,0.79,38.55,71.38,67.06,0.78,0.50,0.29,1928.05,1929.45,185,206,85.7,0.0,2,1,CROSS=EMA9<EMA21;TREND=1;STRUCT=1;VOL=1;COOL=1;EMA50=1;VWAP=1;BIAS=1,0.00,0.00,24484.97,24484.97,outside the killzone window
117,2023.01.23 01:02:00,2023.01.23 03:32:00,DAY_SUMMARY,XAUUSD,M3,40,FLAT,NA,DAY,0,0.00,0.00,0.00,0.00,1.00,0.00,0.00,0.00,0.00,0.00,0.00,0.00,0.00,0.00,0.00,0.00,-1.00,-130.55,1927.68,1927.67,1927.60,1927.73,1927.70,0.174,0.41,29.24,38.54,36.19,-0.42,-0.46,0.05,1928.13,1926.48,88,67,28.6,71.4,9,1,CROSS=EMA9<EMA21;TREND=1;STRUCT=1;VOL=1;COOL=1;EMA50=1;VWAP=1;BIAS=1,0.00,0.00,24484.97,24484.97,2023.01.20 trades=1 W=0 L=1 gross_profit=0.00 gross_loss=130.55 net=-130.55 PF=0.00
118,2023.01.23 01:02:00,2023.01.23 03:32:00,WEEK_SUMMARY,XAUUSD,M3,40,FLAT,NA,DAY,0,0.00,0.00,0.00,0.00,1.00,0.00,0.00,0.00,0.00,0.00,0.00,0.00,0.00,0.00,0.00,0.00,-1.03,-168.98,1927.68,1927.67,1927.60,1927.73,1927.70,0.174,0.41,29.24,38.54,36.19,-0.42,-0.46,0.05,1928.13,1926.48,88,67,28.6,71.4,9,1,CROSS=EMA9<EMA21;TREND=1;STRUCT=1;VOL=1;COOL=1;EMA50=1;VWAP=1;BIAS=1,0.00,0.00,24484.97,24484.97,days=5 trades=7 W=1 L=6 gross_profit=592.02 gross_loss=761.00 net=-168.98 PF=0.78 pips=-304.0
119,2023.01.23 01:03:00,2023.01.23 03:33:00,SKIP,XAUUSD,M3,40,FLAT,NA,DAY,0,0.00,0.00,0.00,0.00,1.00,0.00,0.00,0.00,0.00,0.00,0.00,0.00,0.00,0.00,0.00,0.00,0.00,0.00,1927.62,1927.64,1927.59,1927.68,1927.67,0.124,0.44,30.27,34.16,36.19,-0.46,-0.46,0.01,1926.09,1926.00,59,60,14.3,71.4,9,1,CROSS=EMA9<EMA21;TREND=1;STRUCT=1;VOL=1;COOL=1;EMA50=1;VWAP=1;BIAS=1,0.00,0.00,24484.97,24484.97,outside the killzone window
120,2023.01.23 02:27:00,2023.01.23 04:57:00,ENTRY,XAUUSD,M3,42,BUY,FULLTGT,DAY,0,1928.84,1927.70,1927.70,1.14,1.00,1.14,1929.98,1931.12,1932.26,1933.40,1934.54,1.07,1.07,1.07,1928.84,0.00,0.00,0.00,1927.44,1927.44,1927.46,1927.39,1927.41,-0.038,0.57,65.33,64.58,63.80,0.60,0.41,0.19,1926.90,1928.83,94,88,100.0,0.0,3,1,CROSS=EMA9>EMA21;TREND=1;STRUCT=1;VOL=1;COOL=1;EMA50=1;VWAP=1;BIAS=1,0.00,0.00,24481.22,24478.01,KZ=ASIA; KZR=NY H @ 1930.96 1058 bars ago (high taken); DAY 12AM-4PM IST session: stop x1.00 of usual; no partials; full size to TP5; SL steps BE->TP1->TP2->TP3
121,2023.01.23 02:37:12,2023.01.23 05:07:12,TP1_REACHED,XAUUSD,M3,42,BUY,FULLTGT,DAY,0,1928.84,1927.70,1927.70,1.14,1.00,1.14,1929.98,1931.12,1932.26,1933.40,1934.54,1.07,0.00,1.07,1929.98,1.00,1.00,0.00,1927.64,1927.54,1927.51,1927.55,1927.49,0.047,0.58,64.12,70.20,65.07,0.66,0.55,0.11,1927.11,1929.69,105,91,100.0,0.0,6,1,CROSS=EMA9>EMA21;TREND=1;STRUCT=1;VOL=1;COOL=1;EMA50=1;VWAP=1;BIAS=1,0.96,-0.22,24481.22,24603.20,full target: no partial booked
122,2023.01.23 02:48:35,2023.01.23 05:18:35,TP2_REACHED,XAUUSD,M3,42,BUY,FULLTGT,DAY,0,1928.84,1927.70,1927.70,1.14,1.00,1.14,1929.98,1931.12,1932.26,1933.40,1934.54,1.07,0.00,1.07,1931.12,2.00,2.00,0.00,1928.02,1927.75,1927.62,1927.91,1927.69,0.211,0.61,62.91,76.37,68.09,0.87,0.68,0.19,1927.51,1930.69,164,98,100.0,0.0,2,1,CROSS=EMA9>EMA21;TREND=1;STRUCT=1;VOL=1;COOL=1;EMA50=1;VWAP=1;BIAS=1,1.98,-0.22,24481.22,24728.39,full target: no partial booked
123,2023.01.23 02:53:15,2023.01.23 05:23:15,TP3_REACHED,XAUUSD,M3,42,BUY,FULLTGT,DAY,0,1928.84,1927.70,1927.70,1.14,1.00,1.14,1929.98,1931.12,1932.26,1933.40,1934.54,1.07,0.00,1.07,1932.26,3.00,3.00,0.00,1928.16,1927.82,1927.66,1928.02,1927.75,0.263,0.63,64.05,80.64,70.63,0.98,0.73,0.25,1927.66,1931.60,144,99,100.0,0.0,2,1,CROSS=EMA9>EMA21;TREND=1;STRUCT=1;VOL=1;COOL=1;EMA50=1;VWAP=1;BIAS=1,2.99,-0.22,24481.22,24848.23,full target: no partial booked
124,2023.01.23 03:48:31,2023.01.23 06:18:31,TP4_REACHED,XAUUSD,M3,42,BUY,FULLTGT,DAY,0,1928.84,1927.70,1927.70,1.14,1.00,1.14,1929.98,1931.12,1932.26,1933.40,1934.54,1.07,0.00,1.07,1933.40,4.00,4.00,0.00,1930.14,1929.10,1928.38,1930.02,1929.02,0.974,0.73,47.93,67.30,64.37,0.76,0.77,-0.02,1929.44,1932.91,110,136,71.4,14.3,4,1,CROSS=EMA9>EMA21;TREND=1;STRUCT=1;VOL=1;COOL=1;EMA50=1;VWAP=1;BIAS=1,3.97,-0.22,24481.22,24974.49,full target: no partial booked
125,2023.01.23 04:13:34,2023.01.23 06:43:34,TP5_EXIT,XAUUSD,M3,42,BUY,FULLTGT,DAY,0,1928.84,1927.70,1927.70,1.14,1.00,1.14,1929.98,1931.12,1932.26,1933.40,1934.54,1.07,1.07,0.00,1934.56,5.00,5.00,0.00,1930.93,1929.68,1928.74,1930.81,1929.60,1.468,0.64,39.50,66.79,63.99,0.73,0.76,-0.03,1929.82,1933.73,75,109,71.4,14.3,3,1,CROSS=EMA9>EMA21;TREND=1;STRUCT=1;VOL=1;COOL=1;EMA50=1;VWAP=1;BIAS=1,4.97,-0.22,25089.51,25089.51,full target reached; closed in full
126,2023.01.23 04:13:36,2023.01.23 06:43:36,EXIT_TP,XAUUSD,M3,42,BUY,FULLTGT,DAY,0,1928.84,1927.70,1927.70,1.14,1.00,1.14,1929.98,1931.12,1932.26,1933.40,1934.54,1.07,1.07,0.00,1934.56,0.00,5.02,604.54,1930.93,1929.68,1928.74,1930.81,1929.60,1.468,0.64,39.50,66.79,63.99,0.73,0.76,-0.03,1929.82,1933.73,75,109,71.4,14.3,3,1,CROSS=EMA9>EMA21;TREND=1;STRUCT=1;VOL=1;COOL=1;EMA50=1;VWAP=1;BIAS=1,4.97,-0.22,25089.51,25089.51,TP5 exit
127,2023.01.23 07:09:00,2023.01.23 09:39:00,ENTRY,XAUUSD,M3,44,SELL,FULLTGT,DAY,0,1929.20,1930.19,1930.19,0.99,1.00,0.99,1928.21,1927.22,1926.23,1925.25,1924.26,1.26,1.26,1.26,1929.20,0.00,0.00,0.00,1930.67,1930.69,1929.93,1930.73,1930.72,1.531,0.49,27.46,35.58,36.58,-0.56,-0.67,0.11,1930.73,1929.20,83,93,14.3,71.4,4,1,CROSS=EMA9<EMA21;TREND=1;STRUCT=1;VOL=1;COOL=1;EMA50=1;VWAP=1;BIAS=1,0.00,0.00,25085.10,25080.06,KZ=ASIA; KZR=NY H @ 1930.96 1152 bars ago (high taken); DAY 12AM-4PM IST session: stop x1.00 of usual; no partials; full size to TP5; SL steps BE->TP1->TP2->TP3
128,2023.01.23 07:12:00,2023.01.23 09:42:00,TP1_REACHED,XAUUSD,M3,44,SELL,FULLTGT,DAY,0,1929.20,1930.19,1930.19,0.99,1.00,0.99,1928.21,1927.22,1926.23,1925.25,1924.26,1.26,0.00,1.26,1928.21,1.00,1.00,0.00,1930.58,1930.64,1929.91,1930.67,1930.69,1.522,0.48,28.70,26.92,32.54,-0.62,-0.65,0.03,1930.71,1928.21,148,96,14.3,85.7,3,1,CROSS=EMA9<EMA21;TREND=1;STRUCT=1;VOL=1;COOL=1;EMA50=1;VWAP=1;BIAS=1,0.98,-0.02,25085.10,25209.84,full target: no partial booked
129,2023.01.23 07:23:05,2023.01.23 09:53:05,TP2_REACHED,XAUUSD,M3,44,SELL,FULLTGT,DAY,0,1929.20,1930.19,1930.19,0.99,1.00,0.99,1928.21,1927.22,1926.23,1925.25,1924.26,1.26,0.00,1.26,1927.22,2.00,2.00,0.00,1930.23,1930.46,1929.84,1930.35,1930.52,1.131,0.54,35.79,26.19,25.37,-0.82,-0.66,-0.16,1930.62,1927.38,93,99,0.0,85.7,9,1,CROSS=EMA9<EMA21;TREND=1;STRUCT=1;VOL=1;COOL=1;EMA50=1;VWAP=1;BIAS=1,1.99,-0.02,25085.10,25338.36,full target: no partial booked
130,2023.01.23 07:58:38,2023.01.23 10:28:38,TP3_REACHED,XAUUSD,M3,44,SELL,FULLTGT,DAY,0,1929.20,1930.19,1930.19,0.99,1.00,0.99,1928.21,1927.22,1926.23,1925.25,1924.26,1.26,0.00,1.26,1926.23,3.00,3.00,0.00,1929.27,1929.88,1929.60,1929.37,1929.94,0.413,0.66,23.80,35.00,33.50,-0.66,-0.65,-0.01,1930.38,1926.86,118,104,0.0,85.7,4,1,CROSS=EMA9<EMA21;TREND=1;STRUCT=1;VOL=1;COOL=1;EMA50=1;VWAP=1;BIAS=1,2.99,-0.02,25085.10,25461.84,full target: no partial booked
131,2023.01.23 08:04:12,2023.01.23 10:34:12,TP4_REACHED,XAUUSD,M3,44,SELL,FULLTGT,DAY,0,1929.20,1930.19,1930.19,0.99,1.00,0.99,1928.21,1927.22,1926.23,1925.25,1924.26,1.26,0.00,1.26,1925.25,4.00,4.00,0.00,1929.01,1929.72,1929.53,1929.16,1929.80,0.267,0.70,32.84,27.04,30.09,-0.84,-0.68,-0.16,1930.29,1925.40,158,109,0.0,100.0,3,1,CROSS=EMA9<EMA21;TREND=1;STRUCT=1;VOL=1;COOL=1;EMA50=1;VWAP=1;BIAS=1,4.00,-0.02,25085.10,25585.32,full target: no partial booked
132,2023.01.23 08:11:23,2023.01.23 10:41:23,TP5_EXIT,XAUUSD,M3,44,SELL,FULLTGT,DAY,0,1929.20,1930.19,1930.19,0.99,1.00,0.99,1928.21,1927.22,1926.23,1925.25,1924.26,1.26,1.26,0.00,1924.22,5.00,5.00,0.00,1928.68,1929.52,1929.44,1928.85,1929.62,0.122,0.72,42.20,23.84,24.17,-1.06,-0.76,-0.30,1930.17,1924.64,155,117,0.0,100.0,5,1,CROSS=EMA9<EMA21;TREND=1;STRUCT=1;VOL=1;COOL=1;EMA50=1;VWAP=1;BIAS=1,5.00,-0.02,25708.17,25708.17,full target reached; closed in full
133,2023.01.23 08:11:24,2023.01.23 10:41:24,EXIT_TP,XAUUSD,M3,44,SELL,FULLTGT,DAY,0,1929.20,1930.19,1930.19,0.99,1.00,0.99,1928.21,1927.22,1926.23,1925.25,1924.26,1.26,1.26,0.00,1924.22,0.00,5.04,618.66,1928.68,1929.52,1929.44,1928.85,1929.62,0.122,0.72,42.20,23.84,24.17,-1.06,-0.76,-0.30,1930.17,1924.64,155,117,0.0,100.0,5,1,CROSS=EMA9<EMA21;TREND=1;STRUCT=1;VOL=1;COOL=1;EMA50=1;VWAP=1;BIAS=1,5.00,-0.02,25708.17,25708.17,TP5 exit
134,2023.01.23 12:30:00,2023.01.23 15:00:00,SKIP,XAUUSD,M3,44,FLAT,NA,DAY,0,0.00,0.00,0.00,0.00,1.00,0.00,0.00,0.00,0.00,0.00,0.00,0.00,0.00,0.00,0.00,0.00,0.00,0.00,1925.06,1925.04,1926.08,1924.95,1924.98,-1.084,0.96,41.66,61.62,63.24,1.37,1.28,0.10,1926.59,1927.86,169,178,85.7,0.0,1,1,CROSS=EMA9<EMA21;TREND=1;STRUCT=1;VOL=1;COOL=1;EMA50=1;VWAP=1;BIAS=1,0.00,0.00,25708.17,25708.17,outside the killzone window
135,2023.01.23 14:18:00,2023.01.23 16:48:00,SKIP,XAUUSD,M3,44,FLAT,NA,EVENING,0,0.00,0.00,0.00,0.00,1.00,0.00,0.00,0.00,0.00,0.00,0.00,0.00,0.00,0.00,0.00,0.00,0.00,0.00,1925.29,1925.29,1925.94,1925.35,1925.32,-0.936,0.69,27.92,33.90,38.87,-0.48,-0.33,-0.15,1926.45,1923.74,226,161,14.3,85.7,2,1,CROSS=EMA9<EMA21;TREND=1;STRUCT=1;VOL=1;COOL=1;EMA50=1;VWAP=1;BIAS=1,0.00,0.00,25708.17,25708.17,already positioned that way
136,2023.01.23 14:42:00,2023.01.23 17:12:00,ENTRY,XAUUSD,M3,46,BUY,FULLTGT,EVENING,0,1927.23,1925.44,1925.44,1.79,1.00,1.79,1929.02,1930.82,1932.61,1934.41,1936.20,0.71,0.71,0.71,1927.23,0.00,0.00,0.00,1925.30,1925.29,1925.89,1925.22,1925.25,-0.667,0.90,31.32,67.00,56.02,0.13,-0.32,0.45,1926.40,1927.15,168,171,85.7,0.0,3,1,CROSS=EMA9>EMA21;TREND=1;STRUCT=1;VOL=1;COOL=1;EMA50=1;VWAP=1;BIAS=1,0.00,0.00,25705.68,25703.55,KZ=NY; KZR=NY H @ 1930.96 1303 bars ago (high taken); EVENING 4PM-12AM IST session: stop x1.00 of usual; no partials; full size to TP5; SL steps BE->TP1->TP2->TP3
137,2023.01.23 15:29:31,2023.01.23 17:59:31,EXIT_SL,XAUUSD,M3,46,BUY,FULLTGT,EVENING,0,1927.23,1925.44,1925.44,1.79,1.00,1.79,1929.02,1930.82,1932.61,1934.41,1936.20,0.71,0.71,0.00,1925.43,0.00,-1.00,-132.78,1926.05,1925.72,1926.04,1926.01,1925.70,-0.345,0.91,21.84,55.98,56.08,0.40,0.44,-0.04,1926.44,1927.11,251,199,71.4,14.3,1,1,CROSS=EMA9>EMA21;TREND=1;STRUCT=1;VOL=1;COOL=1;EMA50=1;VWAP=1;BIAS=1,0.33,-0.96,25575.39,25575.39,stopped at the initial SL (x1.00 of usual)
138,2023.01.23 15:45:00,2023.01.23 18:15:00,ENTRY,XAUUSD,M3,48,SELL,FULLTGT,EVENING,0,1921.88,1924.73,1924.73,2.85,1.00,2.85,1919.03,1916.17,1913.32,1910.46,1907.61,0.44,0.44,0.44,1921.88,0.00,0.00,0.00,1925.31,1925.37,1925.84,1925.45,1925.44,-0.327,1.43,34.97,33.72,38.25,-1.00,-0.14,-0.86,1926.25,1921.93,347,252,14.3,85.7,1,1,CROSS=EMA9<EMA21;TREND=1;STRUCT=1;VOL=1;COOL=1;EMA50=1;VWAP=1;BIAS=1,0.00,0.00,25573.85,25573.41,KZ=NY; KZR=NY H @ 1930.96 1324 bars ago (high taken); EVENING 4PM-12AM IST session: stop x1.00 of usual; no partials; full size to TP5; SL steps BE->TP1->TP2->TP3
139,2023.01.23 16:07:18,2023.01.23 18:37:18,TP1_REACHED,XAUUSD,M3,48,SELL,FULLTGT,EVENING,0,1921.88,1924.73,1924.73,2.85,1.00,2.85,1919.03,1916.17,1913.32,1910.46,1907.61,0.44,0.00,0.44,1919.03,1.00,1.00,0.00,1924.52,1924.94,1925.58,1924.66,1925.02,-0.355,1.81,24.56,37.36,38.07,-1.09,-1.09,-0.00,1926.00,1921.13,399,321,0.0,85.7,1,1,CROSS=EMA9<EMA21;TREND=1;STRUCT=1;VOL=1;COOL=1;EMA50=1;VWAP=1;BIAS=1,0.99,-0.75,25573.85,25702.77,full target: no partial booked
140,2023.01.23 16:07:39,2023.01.23 18:37:39,TP2_REACHED,XAUUSD,M3,48,SELL,FULLTGT,EVENING,0,1921.88,1924.73,1924.73,2.85,1.00,2.85,1919.03,1916.17,1913.32,1910.46,1907.61,0.44,0.00,0.44,1916.17,2.00,2.00,0.00,1924.52,1924.94,1925.58,1924.66,1925.02,-0.355,1.81,24.56,37.36,38.07,-1.09,-1.09,-0.00,1926.00,1921.13,399,321,0.0,85.7,1,1,CROSS=EMA9<EMA21;TREND=1;STRUCT=1;VOL=1;COOL=1;EMA50=1;VWAP=1;BIAS=1,1.97,-0.75,25573.85,25825.53,full target: no partial booked
141,2023.01.23 17:05:27,2023.01.23 19:35:27,TP3_REACHED,XAUUSD,M3,48,SELL,FULLTGT,EVENING,0,1921.88,1924.73,1924.73,2.85,1.00,2.85,1919.03,1916.17,1913.32,1910.46,1907.61,0.44,0.00,0.44,1913.32,3.00,3.00,0.00,1920.69,1922.55,1924.17,1920.93,1922.71,-0.780,2.07,26.79,36.35,35.45,-1.49,-1.71,0.22,1924.81,1914.86,415,396,14.3,85.7,1,1,CROSS=EMA9<EMA21;TREND=1;STRUCT=1;VOL=1;COOL=1;EMA50=1;VWAP=1;BIAS=1,3.00,-0.75,25573.85,25951.37,full target: no partial booked
142,2023.01.23 18:06:15,2023.01.23 20:36:15,EXIT_SL,XAUUSD,M3,48,SELL,FULLTGT,EVENING,0,1921.88,1924.73,1924.73,2.85,1.00,2.85,1919.03,1916.17,1913.32,1910.46,1907.61,0.44,0.44,0.00,1924.74,0.00,-1.00,-128.92,1919.83,1921.25,1923.10,1919.65,1921.18,-1.030,1.80,46.44,70.53,60.37,1.59,0.79,0.80,1923.95,1924.42,433,379,85.7,14.3,1,1,CROSS=EMA9<EMA21;TREND=1;STRUCT=1;VOL=1;COOL=1;EMA50=1;VWAP=1;BIAS=1,3.66,-0.99,25446.47,25446.47,stopped at the initial SL (x1.00 of usual)
143,2023.01.23 20:06:00,2023.01.23 22:36:00,SKIP,XAUUSD,M3,48,FLAT,NA,EVENING,0,0.00,0.00,0.00,0.00,1.00,0.00,0.00,0.00,0.00,0.00,0.00,0.00,0.00,0.00,0.00,0.00,0.00,0.00,1921.97,1921.93,1922.90,1921.85,1921.87,-1.190,0.82,51.00,69.85,62.87,0.67,0.24,0.43,1923.78,1924.90,151,190,85.7,0.0,1,1,CROSS=EMA9<EMA21;TREND=1;STRUCT=1;VOL=1;COOL=1;EMA50=1;VWAP=1;BIAS=1,0.00,0.00,25446.47,25446.47,outside the killzone window
144,2023.01.24 01:02:00,2023.01.24 03:32:00,DAY_SUMMARY,XAUUSD,M3,48,FLAT,NA,DAY,0,0.00,0.00,0.00,0.00,1.00,0.00,0.00,0.00,0.00,0.00,0.00,0.00,0.00,0.00,0.00,0.00,8.05,961.50,1929.90,1928.06,1926.40,1929.86,1928.00,6.019,0.28,31.28,49.80,57.62,0.37,0.55,-0.18,1924.33,1930.85,30,50,57.1,28.6,9,1,CROSS=EMA9<EMA21;TREND=1;STRUCT=1;VOL=1;COOL=1;EMA50=1;VWAP=1;BIAS=1,0.00,0.00,25446.47,25446.47,2023.01.23 trades=4 W=2 L=2 gross_profit=1223.20 gross_loss=261.70 net=961.50 PF=4.67
145,2023.01.24 13:30:00,2023.01.24 16:00:00,SKIP,XAUUSD,M3,48,FLAT,NA,EVENING,0,0.00,0.00,0.00,0.00,1.00,0.00,0.00,0.00,0.00,0.00,0.00,0.00,0.00,0.00,0.00,0.00,0.00,0.00,1936.72,1936.73,1935.54,1936.75,1936.75,1.460,0.82,15.14,46.95,45.57,-0.23,-0.14,-0.09,1936.26,1936.09,129,155,0.0,71.4,4,1,CROSS=EMA9<EMA21;TREND=1;STRUCT=1;VOL=1;COOL=1;EMA50=1;VWAP=1;BIAS=1,0.00,0.00,25446.47,25446.47,outside the killzone window
146,2023.01.24 13:39:00,2023.01.24 16:09:00,SKIP,XAUUSD,M3,48,FLAT,NA,EVENING,0,0.00,0.00,0.00,0.00,1.00,0.00,0.00,0.00,0.00,0.00,0.00,0.00,0.00,0.00,0.00,0.00,0.00,0.00,1936.75,1936.75,1935.58,1936.74,1936.74,1.385,0.84,21.31,53.26,50.94,-0.04,-0.19,0.14,1936.27,1936.93,129,153,71.4,0.0,1,1,CROSS=EMA9<EMA21;TREND=1;STRUCT=1;VOL=1;COOL=1;EMA50=1;VWAP=1;BIAS=1,0.00,0.00,25446.47,25446.47,outside the killzone window
147,2023.01.24 15:33:00,2023.01.24 18:03:00,SKIP,XAUUSD,M3,48,FLAT,NA,EVENING,0,0.00,0.00,0.00,0.00,1.00,0.00,0.00,0.00,0.00,0.00,0.00,0.00,0.00,0.00,0.00,0.00,0.00,0.00,1936.96,1936.97,1936.10,1937.00,1936.98,0.846,1.02,26.63,43.61,46.91,-0.34,-0.28,-0.06,1936.44,1936.01,335,225,0.0,100.0,2,1,CROSS=EMA9<EMA21;TREND=1;STRUCT=1;VOL=1;COOL=1;EMA50=1;VWAP=1;BIAS=1,0.00,0.00,25446.47,25446.47,already positioned that way
148,2023.01.24 20:06:00,2023.01.24 22:36:00,SKIP,XAUUSD,M3,48,FLAT,NA,EVENING,0,0.00,0.00,0.00,0.00,1.00,0.00,0.00,0.00,0.00,0.00,0.00,0.00,0.00,0.00,0.00,0.00,0.00,0.00,1933.09,1933.08,1933.61,1933.03,1933.05,-0.578,0.92,29.10,57.29,56.83,0.43,0.38,0.06,1933.89,1934.57,251,218,85.7,14.3,5,1,CROSS=EMA9<EMA21;TREND=1;STRUCT=1;VOL=1;COOL=1;EMA50=1;VWAP=1;BIAS=1,0.00,0.00,25446.47,25446.47,outside the killzone window
149,2023.01.25 05:12:00,2023.01.25 07:42:00,SKIP,XAUUSD,M3,48,FLAT,NA,DAY,0,0.00,0.00,0.00,0.00,1.00,0.00,0.00,0.00,0.00,0.00,0.00,0.00,0.00,0.00,0.00,0.00,0.00,0.00,1936.81,1936.81,1936.26,1937.03,1936.92,0.595,0.92,52.58,14.60,24.28,-1.37,-0.54,-0.82,1936.95,1931.25,214,99,0.0,100.0,2,1,CROSS=EMA9<EMA21;TREND=1;STRUCT=1;VOL=1;COOL=1;EMA50=1;VWAP=1;BIAS=1,0.00,0.00,25446.47,25446.47,already positioned that way
150,2023.01.25 16:51:00,2023.01.25 19:21:00,ENTRY,XAUUSD,M3,50,BUY,FULLTGT,EVENING,0,1931.16,1928.50,1928.50,2.66,1.00,2.66,1933.82,1936.49,1939.15,1941.81,1944.47,0.47,0.47,0.47,1931.16,0.00,0.00,0.00,1926.76,1926.75,1928.05,1926.58,1926.65,-0.977,1.33,60.27,73.32,74.10,1.60,1.02,0.58,1929.29,1931.28,465,333,85.7,14.3,2,1,CROSS=EMA9>EMA21;TREND=1;STRUCT=1;VOL=1;COOL=1;EMA50=1;VWAP=1;BIAS=1,0.00,0.00,25444.82,25443.88,KZ=NY; KZR=NY H @ 1937.48 381 bars ago (high taken); EVENING 4PM-12AM IST session: stop x1.00 of usual; no partials; full size to TP5; SL steps BE->TP1->TP2->TP3
151,2023.01.25 17:05:27,2023.01.25 19:35:27,TP1_REACHED,XAUUSD,M3,50,BUY,FULLTGT,EVENING,0,1931.16,1928.50,1928.50,2.66,1.00,2.66,1933.82,1936.49,1939.15,1941.81,1944.47,0.47,0.00,0.47,1933.82,1.00,1.00,0.00,1927.40,1927.08,1928.17,1927.22,1926.98,-0.752,1.45,56.76,69.40,70.23,1.58,1.45,0.13,1929.35,1931.76,512,359,100.0,0.0,1,1,CROSS=EMA9>EMA21;TREND=1;STRUCT=1;VOL=1;COOL=1;EMA50=1;VWAP=1;BIAS=1,0.98,-0.53,25444.82,25570.31,full target: no partial booked
152,2023.01.25 17:06:37,2023.01.25 19:36:37,TP2_REACHED,XAUUSD,M3,50,BUY,FULLTGT,EVENING,0,1931.16,1928.50,1928.50,2.66,1.00,2.66,1933.82,1936.49,1939.15,1941.81,1944.47,0.47,0.00,0.47,1936.49,2.00,2.00,0.00,1927.71,1927.24,1928.24,1927.40,1927.08,-0.582,1.71,57.76,78.81,70.23,1.89,1.55,0.34,1929.40,1935.51,542,371,100.0,0.0,1,1,CROSS=EMA9>EMA21;TREND=1;STRUCT=1;VOL=1;COOL=1;EMA50=1;VWAP=1;BIAS=1,1.99,-0.53,25444.82,25695.33,full target: no partial booked
153,2023.01.25 19:30:26,2023.01.25 22:00:26,TP3_REACHED,XAUUSD,M3,50,BUY,FULLTGT,EVENING,0,1931.16,1928.50,1928.50,2.66,1.00,2.66,1933.82,1936.49,1939.15,1941.81,1944.47,0.47,0.00,0.47,1939.15,3.00,3.00,0.00,1933.81,1931.59,1930.44,1933.63,1931.46,1.330,0.87,62.71,71.82,68.74,1.40,1.37,0.03,1930.31,1938.15,216,230,85.7,0.0,2,1,CROSS=EMA9>EMA21;TREND=1;STRUCT=1;VOL=1;COOL=1;EMA50=1;VWAP=1;BIAS=1,2.99,-0.85,25444.82,25821.29,full target: no partial booked
154,2023.01.25 20:26:23,2023.01.25 22:56:23,TP4_REACHED,XAUUSD,M3,50,BUY,FULLTGT,EVENING,0,1931.16,1928.50,1928.50,2.66,1.00,2.66,1933.82,1936.49,1939.15,1941.81,1944.47,0.47,0.00,0.47,1941.81,4.00,4.00,0.00,1936.83,1934.03,1931.96,1936.68,1933.90,1.977,1.05,40.20,63.78,67.79,1.05,1.10,-0.04,1930.81,1940.66,231,208,71.4,28.6,2,1,CROSS=EMA9>EMA21;TREND=1;STRUCT=1;VOL=1;COOL=1;EMA50=1;VWAP=1;BIAS=1,4.00,-0.85,25444.82,25946.31,full target: no partial booked
155,2023.01.25 22:03:26,2023.01.26 00:33:26,TP5_EXIT,XAUUSD,M3,50,BUY,FULLTGT,DAY,0,1931.16,1928.50,1928.50,2.66,1.00,2.66,1933.82,1936.49,1939.15,1941.81,1944.47,0.47,0.47,0.00,1944.48,5.00,5.00,0.00,1940.20,1937.58,1934.59,1940.07,1937.46,4.734,0.63,42.97,72.09,65.83,0.55,0.36,0.19,1931.59,1943.46,170,147,100.0,0.0,1,1,CROSS=EMA9>EMA21;TREND=1;STRUCT=1;VOL=1;COOL=1;EMA50=1;VWAP=1;BIAS=1,4.96,-0.85,26055.93,26069.25,full target reached; closed in full
156,2023.01.26 09:12:00,2023.01.26 11:42:00,SKIP,XAUUSD,M3,50,BUY,FULLTGT,DAY,0,1931.16,1928.50,1928.50,2.66,1.00,2.66,1933.82,1936.49,1939.15,1941.81,1944.47,0.47,0.00,0.00,0.00,0.00,0.00,0.00,1946.09,1946.12,1944.73,1946.29,1946.22,1.269,1.09,43.03,21.30,32.79,-1.06,-0.53,-0.53,1946.10,1941.25,249,145,0.0,100.0,3,1,CROSS=EMA9>EMA21;TREND=1;STRUCT=1;VOL=1;COOL=1;EMA50=1;VWAP=1;BIAS=1,6.79,-0.85,26055.93,26064.11,outside the killzone window
157,2023.01.26 17:37:29,2023.01.26 20:07:29,EXIT_SL,XAUUSD,M3,50,BUY,FULLTGT,EVENING,0,1931.16,1928.50,1928.50,2.66,1.00,2.66,1933.82,1936.49,1939.15,1941.81,1944.47,0.47,0.47,0.00,1928.48,0.00,-1.01,604.84,1935.00,1936.20,1938.07,1935.21,1936.32,-1.119,1.68,32.57,30.38,39.56,-1.08,-0.99,-0.09,1939.63,1929.83,404,417,0.0,85.7,1,1,CROSS=EMA9>EMA21;TREND=1;STRUCT=1;VOL=1;COOL=1;EMA50=1;VWAP=1;BIAS=1,6.79,-0.99,26051.31,26051.31,stopped at the initial SL (x1.00 of usual)
158,2023.01.27 01:02:00,2023.01.27 03:32:00,DAY_SUMMARY,XAUUSD,M3,50,FLAT,NA,DAY,0,0.00,0.00,0.00,0.00,1.00,0.00,0.00,0.00,0.00,0.00,0.00,0.00,0.00,0.00,0.00,0.00,-1.01,604.84,1929.56,1929.86,1931.54,1929.58,1929.88,-4.412,0.38,18.13,42.58,43.61,-0.18,-0.21,0.03,1935.80,1928.94,35,62,14.3,57.1,9,1,CROSS=EMA9>EMA21;TREND=1;STRUCT=1;VOL=1;COOL=1;EMA50=1;VWAP=1;BIAS=1,0.00,0.00,26051.31,26051.31,2023.01.26 trades=1 W=1 L=0 gross_profit=604.84 gross_loss=0.00 net=604.84 PF=0.00
159,2023.01.27 02:06:00,2023.01.27 04:36:00,SKIP,XAUUSD,M3,50,FLAT,NA,DAY,0,0.00,0.00,0.00,0.00,1.00,0.00,0.00,0.00,0.00,0.00,0.00,0.00,0.00,0.00,0.00,0.00,0.00,0.00,1930.00,1930.00,1931.27,1929.95,1929.97,-3.000,0.43,34.42,66.73,66.69,0.39,0.31,0.08,1930.16,1931.24,46,61,85.7,0.0,3,1,CROSS=EMA9>EMA21;TREND=1;STRUCT=1;VOL=1;COOL=1;EMA50=1;VWAP=1;BIAS=1,0.00,0.00,26051.31,26051.31,already positioned that way
160,2023.01.27 04:33:00,2023.01.27 07:03:00,ENTRY,XAUUSD,M3,53,SELL,FULLTGT,DAY,0,1928.20,1929.55,1929.55,1.35,1.00,1.35,1926.85,1925.51,1924.16,1922.81,1921.46,0.96,0.96,0.96,1928.20,0.00,0.00,0.00,1930.66,1930.70,1931.29,1930.76,1930.75,-0.863,0.67,37.34,30.45,35.02,-0.88,-0.66,-0.22,1931.24,1928.22,90,123,0.0,85.7,6,1,CROSS=EMA9<EMA21;TREND=1;STRUCT=1;VOL=1;COOL=1;EMA50=1;VWAP=1;BIAS=1,0.00,0.00,26047.95,26042.19,KZ=ASIA; KZR=Asia L @ 1923.16 203 bars ago (low taken); DAY 12AM-4PM IST session: stop x1.00 of usual; no partials; full size to TP5; SL steps BE->TP1->TP2->TP3
161,2023.01.27 04:47:38,2023.01.27 07:17:38,TP1_REACHED,XAUUSD,M3,53,SELL,FULLTGT,DAY,0,1928.20,1929.55,1929.55,1.35,1.00,1.35,1926.85,1925.51,1924.16,1922.81,1921.46,0.96,0.00,0.96,1926.85,1.00,1.00,0.00,1930.20,1930.46,1931.14,1930.32,1930.53,-1.022,0.66,45.77,25.67,32.24,-1.04,-0.87,-0.17,1931.06,1927.24,85,117,0.0,85.7,2,1,CROSS=EMA9<EMA21;TREND=1;STRUCT=1;VOL=1;COOL=1;EMA50=1;VWAP=1;BIAS=1,0.96,-0.13,26047.95,26177.55,full target: no partial booked
162,2023.01.27 05:27:04,2023.01.27 07:57:04,TP2_REACHED,XAUUSD,M3,53,SELL,FULLTGT,DAY,0,1928.20,1929.55,1929.55,1.35,1.00,1.35,1926.85,1925.51,1924.16,1922.81,1921.46,0.96,0.00,0.96,1925.51,2.00,2.00,0.00,1928.68,1929.53,1930.55,1928.81,1929.61,-1.323,0.77,31.63,35.30,36.04,-0.81,-0.92,0.11,1930.38,1925.57,80,97,14.3,71.4,4,1,CROSS=EMA9<EMA21;TREND=1;STRUCT=1;VOL=1;COOL=1;EMA50=1;VWAP=1;BIAS=1,1.98,-0.13,26047.95,26308.11,full target: no partial booked
163,2023.01.27 05:41:34,2023.01.27 08:11:34,TP3_REACHED,XAUUSD,M3,53,SELL,FULLTGT,DAY,0,1928.20,1929.55,1929.55,1.35,1.00,1.35,1926.85,1925.51,1924.16,1922.81,1921.46,0.96,0.00,0.96,1924.16,3.00,3.00,0.00,1928.12,1929.18,1930.33,1928.27,1929.27,-1.508,0.77,44.11,31.84,29.89,-1.05,-0.87,-0.18,1930.11,1924.50,98,98,0.0,85.7,1,1,CROSS=EMA9<EMA21;TREND=1;STRUCT=1;VOL=1;COOL=1;EMA50=1;VWAP=1;BIAS=1,3.00,-0.13,26047.95,26440.59,full target: no partial booked
164,2023.01.27 06:16:30,2023.01.27 08:46:30,TP4_REACHED,XAUUSD,M3,53,SELL,FULLTGT,DAY,0,1928.20,1929.55,1929.55,1.35,1.00,1.35,1926.85,1925.51,1924.16,1922.81,1921.46,0.96,0.00,0.96,1922.81,4.00,4.00,0.00,1926.62,1928.11,1929.64,1926.75,1928.21,-2.492,0.61,34.36,32.55,30.03,-0.92,-0.98,0.06,1929.33,1923.52,97,109,14.3,71.4,3,1,CROSS=EMA9<EMA21;TREND=1;STRUCT=1;VOL=1;COOL=1;EMA50=1;VWAP=1;BIAS=1,3.99,-0.13,26047.95,26565.39,full target: no partial booked
165,2023.01.27 06:19:31,2023.01.27 08:49:31,TP5_EXIT,XAUUSD,M3,53,SELL,FULLTGT,DAY,0,1928.20,1929.55,1929.55,1.35,1.00,1.35,1926.85,1925.51,1924.16,1922.81,1921.46,0.96,0.96,0.00,1921.45,5.00,5.00,0.00,1926.44,1928.00,1929.56,1926.62,1928.11,-2.390,0.66,35.27,25.63,30.03,-1.03,-0.97,-0.05,1929.23,1922.14,165,112,0.0,100.0,5,1,CROSS=EMA9<EMA21;TREND=1;STRUCT=1;VOL=1;COOL=1;EMA50=1;VWAP=1;BIAS=1,4.99,-0.13,26692.59,26692.59,full target reached; closed in full
166,2023.01.27 06:19:32,2023.01.27 08:49:32,EXIT_TP,XAUUSD,M3,53,SELL,FULLTGT,DAY,0,1928.20,1929.55,1929.55,1.35,1.00,1.35,1926.85,1925.51,1924.16,1922.81,1921.46,0.96,0.96,0.00,1921.45,0.00,5.01,641.28,1926.44,1928.00,1929.56,1926.62,1928.11,-2.390,0.66,35.27,25.63,30.03,-1.03,-0.97,-0.05,1929.23,1922.14,165,112,0.0,100.0,5,1,CROSS=EMA9<EMA21;TREND=1;STRUCT=1;VOL=1;COOL=1;EMA50=1;VWAP=1;BIAS=1,4.99,-0.13,26692.59,26692.59,TP5 exit
167,2023.01.27 11:24:00,2023.01.27 13:54:00,SKIP,XAUUSD,M3,53,FLAT,NA,DAY,0,0.00,0.00,0.00,0.00,1.00,0.00,0.00,0.00,0.00,0.00,0.00,0.00,0.00,0.00,0.00,0.00,0.00,0.00,1925.12,1925.11,1926.28,1925.05,1925.08,-1.494,0.78,30.52,60.22,59.51,0.57,0.52,0.05,1926.42,1926.87,152,165,85.7,0.0,3,1,CROSS=EMA9<EMA21;TREND=1;STRUCT=1;VOL=1;COOL=1;EMA50=1;VWAP=1;BIAS=1,0.00,0.00,26692.59,26692.59,outside the killzone window
168,2023.01.27 16:51:00,2023.01.27 19:21:00,SKIP,XAUUSD,M3,53,FLAT,NA,EVENING,0,0.00,0.00,0.00,0.00,1.00,0.00,0.00,0.00,0.00,0.00,0.00,0.00,0.00,0.00,0.00,0.00,0.00,0.00,1928.78,1928.86,1928.36,1928.95,1928.94,0.222,2.25,40.28,38.83,38.03,-1.81,-1.57,-0.24,1927.78,1924.46,397,355,0.0,100.0,1,1,CROSS=EMA9<EMA21;TREND=1;STRUCT=1;VOL=1;COOL=1;EMA50=1;VWAP=1;BIAS=1,0.00,0.00,26692.59,26692.59,already positioned that way
169,2023.01.27 18:54:00,2023.01.27 21:24:00,SKIP,XAUUSD,M3,53,FLAT,NA,EVENING,0,0.00,0.00,0.00,0.00,1.00,0.00,0.00,0.00,0.00,0.00,0.00,0.00,0.00,0.00,0.00,0.00,0.00,0.00,1928.01,1927.97,1927.90,1927.90,1927.91,0.047,1.44,22.04,58.88,60.39,1.50,1.54,-0.04,1927.40,1930.62,165,314,57.1,14.3,2,1,CROSS=EMA9<EMA21;TREND=1;STRUCT=1;VOL=1;COOL=1;EMA50=1;VWAP=1;BIAS=1,0.00,0.00,26692.59,26692.59,outside the killzone window
170,2023.01.27 23:15:00,2023.01.28 01:45:00,SKIP,XAUUSD,M3,53,FLAT,NA,DAY,0,0.00,0.00,0.00,0.00,1.00,0.00,0.00,0.00,0.00,0.00,0.00,0.00,0.00,0.00,0.00,0.00,0.00,0.00,1929.24,1929.24,1928.88,1929.31,1929.28,0.515,0.71,50.80,37.78,39.22,-0.61,-0.64,0.03,1927.75,1927.51,64,99,14.3,71.4,2,1,CROSS=EMA9<EMA21;TREND=1;STRUCT=1;VOL=1;COOL=1;EMA50=1;VWAP=1;BIAS=1,0.00,0.00,26692.59,26692.59,outside the killzone window
171,2023.01.30 01:02:00,2023.01.30 03:32:00,DAY_SUMMARY,XAUUSD,M3,53,FLAT,NA,DAY,0,0.00,0.00,0.00,0.00,1.00,0.00,0.00,0.00,0.00,0.00,0.00,0.00,0.00,0.00,0.00,0.00,5.01,641.28,1928.86,1929.02,1928.80,1928.88,1929.03,0.297,0.72,19.80,47.97,46.97,-0.08,-0.25,0.17,1927.76,1928.32,68,62,28.6,57.1,9,1,CROSS=EMA9<EMA21;TREND=1;STRUCT=1;VOL=1;COOL=1;EMA50=1;VWAP=1;BIAS=1,0.00,0.00,26692.59,26692.59,2023.01.27 trades=1 W=1 L=0 gross_profit=641.28 gross_loss=0.00 net=641.28 PF=0.00
172,2023.01.30 01:02:00,2023.01.30 03:32:00,WEEK_SUMMARY,XAUUSD,M3,53,FLAT,NA,DAY,0,0.00,0.00,0.00,0.00,1.00,0.00,0.00,0.00,0.00,0.00,0.00,0.00,0.00,0.00,0.00,0.00,12.05,2207.62,1928.86,1929.02,1928.80,1928.88,1929.03,0.297,0.72,19.80,47.97,46.97,-0.08,-0.25,0.17,1927.76,1928.32,68,62,28.6,57.1,9,1,CROSS=EMA9<EMA21;TREND=1;STRUCT=1;VOL=1;COOL=1;EMA50=1;VWAP=1;BIAS=1,0.00,0.00,26692.59,26692.59,days=3 trades=6 W=4 L=2 gross_profit=2469.32 gross_loss=261.70 net=2207.62 PF=9.44 pips=1011.0
173,2023.01.30 06:33:00,2023.01.30 09:03:00,ENTRY,XAUUSD,M3,55,BUY,FULLTGT,DAY,0,1932.78,1930.57,1930.57,2.21,1.00,2.21,1934.99,1937.20,1939.41,1941.62,1943.83,0.60,0.60,0.60,1932.78,0.00,0.00,0.00,1927.53,1927.47,1927.78,1927.32,1927.36,-0.281,1.11,53.11,83.85,73.60,1.47,0.95,0.52,1927.39,1932.64,203,145,100.0,0.0,6,1,CROSS=EMA9>EMA21;TREND=1;STRUCT=1;VOL=1;COOL=1;EMA50=1;VWAP=1;BIAS=1,0.00,0.00,26690.49,26686.89,KZ=ASIA; KZR=Asia L @ 1919.91 1215 bars ago (low taken); DAY 12AM-4PM IST session: stop x1.00 of usual; no partials; full size to TP5; SL steps BE->TP1->TP2->TP3
174,2023.01.30 07:56:36,2023.01.30 10:26:36,EXIT_SL,XAUUSD,M3,55,BUY,FULLTGT,DAY,0,1932.78,1930.57,1930.57,2.21,1.00,2.21,1934.99,1937.20,1939.41,1941.62,1943.83,0.60,0.60,0.00,1930.54,0.00,-1.01,-138.60,1930.82,1929.62,1928.93,1930.81,1929.59,1.007,0.68,37.38,43.98,48.79,0.12,0.46,-0.34,1928.54,1931.09,110,142,42.9,42.9,1,1,CROSS=EMA9>EMA21;TREND=1;STRUCT=1;VOL=1;COOL=1;EMA50=1;VWAP=1;BIAS=1,0.80,-0.99,26553.99,26553.99,stopped at the initial SL (x1.00 of usual)
175,2023.01.30 09:51:00,2023.01.30 12:21:00,SKIP,XAUUSD,M3,55,FLAT,NA,DAY,0,0.00,0.00,0.00,0.00,1.00,0.00,0.00,0.00,0.00,0.00,0.00,0.00,0.00,0.00,0.00,0.00,0.00,0.00,1929.54,1929.59,1929.20,1929.75,1929.69,0.321,1.23,34.32,21.67,24.74,-1.48,-0.91,-0.57,1928.82,1924.43,146,185,0.0,85.7,1,1,CROSS=EMA9>EMA21;TREND=1;STRUCT=1;VOL=1;COOL=1;EMA50=1;VWAP=1;BIAS=1,0.00,0.00,26553.99,26553.99,outside the killzone window
176,2023.01.30 13:09:00,2023.01.30 15:39:00,SKIP,XAUUSD,M3,55,FLAT,NA,DAY,0,0.00,0.00,0.00,0.00,1.00,0.00,0.00,0.00,0.00,0.00,0.00,0.00,0.00,0.00,0.00,0.00,0.00,0.00,1926.82,1926.81,1927.35,1926.69,1926.74,-0.487,1.11,47.41,66.60,67.18,1.28,1.15,0.14,1927.29,1930.03,175,185,85.7,0.0,2,1,CROSS=EMA9>EMA21;TREND=1;STRUCT=1;VOL=1;COOL=1;EMA50=1;VWAP=1;BIAS=1,0.00,0.00,26553.99,26553.99,outside the killzone window
177,2023.01.30 13:33:00,2023.01.30 16:03:00,SKIP,XAUUSD,M3,55,FLAT,NA,EVENING,0,0.00,0.00,0.00,0.00,1.00,0.00,0.00,0.00,0.00,0.00,0.00,0.00,0.00,0.00,0.00,0.00,0.00,0.00,1926.68,1926.75,1927.28,1926.83,1926.83,-0.475,1.12,49.52,28.36,36.05,-0.49,0.62,-1.11,1927.26,1922.90,236,187,0.0,100.0,3,1,CROSS=EMA9>EMA21;TREND=1;STRUCT=1;VOL=1;COOL=1;EMA50=1;VWAP=1;BIAS=1,0.00,0.00,26553.99,26553.99,outside the killzone window
178,2023.01.30 15:42:00,2023.01.30 18:12:00,SKIP,XAUUSD,M3,55,FLAT,NA,EVENING,0,0.00,0.00,0.00,0.00,1.00,0.00,0.00,0.00,0.00,0.00,0.00,0.00,0.00,0.00,0.00,0.00,0.00,0.00,1926.26,1926.24,1926.73,1926.16,1926.19,-0.407,1.20,20.79,64.18,63.08,0.72,0.36,0.36,1926.95,1928.65,306,250,71.4,14.3,3,1,CROSS=EMA9>EMA21;TREND=1;STRUCT=1;VOL=1;COOL=1;EMA50=1;VWAP=1;BIAS=1,0.00,0.00,26553.99,26553.99,already positioned that way
179,2023.01.30 18:06:00,2023.01.30 20:36:00,SKIP,XAUUSD,M3,55,FLAT,NA,EVENING,0,0.00,0.00,0.00,0.00,1.00,0.00,0.00,0.00,0.00,0.00,0.00,0.00,0.00,0.00,0.00,0.00,0.00,0.00,1926.64,1926.69,1926.88,1926.75,1926.75,-0.140,1.32,37.66,38.62,39.38,-0.64,-0.31,-0.33,1927.00,1924.02,356,310,0.0,100.0,1,1,CROSS=EMA9>EMA21;TREND=1;STRUCT=1;VOL=1;COOL=1;EMA50=1;VWAP=1;BIAS=1,0.00,0.00,26553.99,26553.99,outside the killzone window
180,2023.01.31 01:02:00,2023.01.31 03:32:00,DAY_SUMMARY,XAUUSD,M3,55,FLAT,NA,DAY,0,0.00,0.00,0.00,0.00,1.00,0.00,0.00,0.00,0.00,0.00,0.00,0.00,0.00,0.00,0.00,0.00,-1.01,-138.60,1922.93,1923.35,1924.27,1922.92,1923.35,-3.441,0.27,21.48,55.30,53.53,0.11,0.12,-0.01,1926.16,1923.23,23,56,28.6,42.9,9,1,CROSS=EMA9>EMA21;TREND=1;STRUCT=1;VOL=1;COOL=1;EMA50=1;VWAP=1;BIAS=1,0.00,0.00,26553.99,26553.99,2023.01.30 trades=1 W=0 L=1 gross_profit=0.00 gross_loss=138.60 net=-138.60 PF=0.00
181,2023.01.31 03:42:00,2023.01.31 06:12:00,SKIP,XAUUSD,M3,55,FLAT,NA,DAY,0,0.00,0.00,0.00,0.00,1.00,0.00,0.00,0.00,0.00,0.00,0.00,0.00,0.00,0.00,0.00,0.00,0.00,0.00,1923.01,1923.00,1923.62,1922.89,1922.94,-0.802,0.78,39.72,74.95,74.13,0.59,0.39,0.21,1922.85,1926.02,219,132,100.0,0.0,1,1,CROSS=EMA9>EMA21;TREND=1;STRUCT=1;VOL=1;COOL=1;EMA50=1;VWAP=1;BIAS=1,0.00,0.00,26553.99,26553.99,already positioned that way
182,2023.01.31 05:57:00,2023.01.31 08:27:00,ENTRY,XAUUSD,M3,57,SELL,FULLTGT,DAY,0,1921.17,1922.45,1922.45,1.28,1.00,1.28,1919.89,1918.60,1917.32,1916.03,1914.75,1.03,1.03,1.03,1921.17,0.00,0.00,0.00,1923.71,1923.71,1923.90,1923.82,1923.76,-0.285,0.64,51.51,25.69,27.36,-0.96,-0.67,-0.28,1923.80,1921.17,93,114,0.0,85.7,6,1,CROSS=EMA9<EMA21;TREND=1;STRUCT=1;VOL=1;COOL=1;EMA50=1;VWAP=1;BIAS=1,0.00,0.00,26550.38,26544.20,KZ=ASIA; KZR=Asia L @ 1919.91 1683 bars ago (low taken); DAY 12AM-4PM IST session: stop x1.00 of usual; no partials; full size to TP5; SL steps BE->TP1->TP2->TP3
183,2023.01.31 06:18:05,2023.01.31 08:48:05,TP1_REACHED,XAUUSD,M3,57,SELL,FULLTGT,DAY,0,1921.17,1922.45,1922.45,1.28,1.00,1.28,1919.89,1918.60,1917.32,1916.03,1914.75,1.03,0.00,1.03,1919.89,1.00,1.00,0.00,1923.06,1923.37,1923.70,1923.18,1923.43,-0.526,0.65,44.11,24.87,31.18,-0.96,-0.93,-0.03,1923.65,1919.98,110,109,0.0,100.0,3,1,CROSS=EMA9<EMA21;TREND=1;STRUCT=1;VOL=1;COOL=1;EMA50=1;VWAP=1;BIAS=1,0.97,-0.58,26550.38,26688.40,full target: no partial booked
184,2023.01.31 07:36:40,2023.01.31 10:06:40,TP2_REACHED,XAUUSD,M3,57,SELL,FULLTGT,DAY,0,1921.17,1922.45,1922.45,1.28,1.00,1.28,1919.89,1918.60,1917.32,1916.03,1914.75,1.03,0.00,1.03,1918.60,2.00,2.00,0.00,1921.12,1922.02,1922.87,1921.20,1922.08,-1.193,0.71,19.11,37.98,40.22,-0.26,-0.33,0.07,1922.93,1919.14,151,101,14.3,71.4,2,1,CROSS=EMA9<EMA21;TREND=1;STRUCT=1;VOL=1;COOL=1;EMA50=1;VWAP=1;BIAS=1,1.99,-0.58,26550.38,26819.21,full target: no partial booked
185,2023.01.31 07:48:41,2023.01.31 10:18:41,TP3_REACHED,XAUUSD,M3,57,SELL,FULLTGT,DAY,0,1921.17,1922.45,1922.45,1.28,1.00,1.28,1919.89,1918.60,1917.32,1916.03,1914.75,1.03,0.00,1.03,1917.32,3.00,3.00,0.00,1920.62,1921.70,1922.67,1920.75,1921.78,-1.126,0.86,28.42,29.42,31.93,-0.73,-0.38,-0.35,1922.67,1917.48,223,119,0.0,100.0,1,1,CROSS=EMA9<EMA21;TREND=1;STRUCT=1;VOL=1;COOL=1;EMA50=1;VWAP=1;BIAS=1,3.01,-0.58,26550.38,26947.96,full target: no partial booked
186,2023.01.31 08:02:25,2023.01.31 10:32:25,TP4_REACHED,XAUUSD,M3,57,SELL,FULLTGT,DAY,0,1921.17,1922.45,1922.45,1.28,1.00,1.28,1919.89,1918.60,1917.32,1916.03,1914.75,1.03,0.00,1.03,1916.03,4.00,4.00,0.00,1920.15,1921.37,1922.46,1920.27,1921.45,-1.270,0.86,31.48,31.72,32.11,-0.88,-0.66,-0.22,1922.50,1917.35,142,129,14.3,85.7,4,1,CROSS=EMA9<EMA21;TREND=1;STRUCT=1;VOL=1;COOL=1;EMA50=1;VWAP=1;BIAS=1,3.99,-0.58,26550.38,27087.01,full target: no partial booked
187,2023.01.31 08:05:05,2023.01.31 10:35:05,TP5_EXIT,XAUUSD,M3,57,SELL,FULLTGT,DAY,0,1921.17,1922.45,1922.45,1.28,1.00,1.28,1919.89,1918.60,1917.32,1916.03,1914.75,1.03,1.03,0.00,1914.73,5.00,5.00,0.00,1919.96,1921.25,1922.39,1920.15,1921.37,-1.213,0.94,34.86,21.98,23.96,-1.06,-0.75,-0.31,1922.42,1915.18,183,133,0.0,100.0,1,1,CROSS=EMA9<EMA21;TREND=1;STRUCT=1;VOL=1;COOL=1;EMA50=1;VWAP=1;BIAS=1,4.98,-0.58,27210.09,27210.09,full target reached; closed in full
188,2023.01.31 08:05:05,2023.01.31 10:35:05,EXIT_TP,XAUUSD,M3,57,SELL,FULLTGT,DAY,0,1921.17,1922.45,1922.45,1.28,1.00,1.28,1919.89,1918.60,1917.32,1916.03,1914.75,1.03,1.03,0.00,1914.73,0.00,5.01,656.10,1919.96,1921.25,1922.39,1920.15,1921.37,-1.213,0.94,34.86,21.98,23.96,-1.06,-0.75,-0.31,1922.42,1915.18,183,133,0.0,100.0,1,1,CROSS=EMA9<EMA21;TREND=1;STRUCT=1;VOL=1;COOL=1;EMA50=1;VWAP=1;BIAS=1,4.98,-0.58,27210.09,27210.09,TP5 exit
189,2023.01.31 15:42:00,2023.01.31 18:12:00,ENTRY,XAUUSD,M3,59,BUY,FULLTGT,EVENING,0,1913.21,1909.13,1909.13,4.08,1.00,4.08,1917.29,1921.37,1925.45,1929.52,1933.60,0.33,0.33,0.33,1913.21,0.00,0.00,0.00,1907.65,1907.65,1910.53,1907.42,1907.53,-1.415,2.04,26.93,61.47,70.32,2.43,1.85,0.58,1912.91,1913.16,476,381,85.7,14.3,5,1,CROSS=EMA9>EMA21;TREND=1;STRUCT=1;VOL=1;COOL=1;EMA50=1;VWAP=1;BIAS=1,0.00,0.00,27208.93,27207.28,KZ=NY; KZR=NY L @ 1916.72 153 bars ago (low taken); EVENING 4PM-12AM IST session: stop x1.00 of usual; no partials; full size to TP5; SL steps BE->TP1->TP2->TP3
190,2023.01.31 15:48:30,2023.01.31 18:18:30,TP1_REACHED,XAUUSD,M3,59,BUY,FULLTGT,EVENING,0,1913.21,1909.13,1909.13,4.08,1.00,4.08,1917.29,1921.37,1925.45,1929.52,1933.60,0.33,0.00,0.33,1917.29,1.00,1.00,0.00,1908.20,1907.93,1910.62,1907.87,1907.76,-1.318,2.04,24.39,67.83,64.32,2.52,2.09,0.43,1912.93,1916.25,455,391,85.7,0.0,5,1,CROSS=EMA9>EMA21;TREND=1;STRUCT=1;VOL=1;COOL=1;EMA50=1;VWAP=1;BIAS=1,0.99,-0.24,27208.93,27344.23,full target: no partial booked
191,2023.01.31 16:15:29,2023.01.31 18:45:29,TP2_REACHED,XAUUSD,M3,59,BUY,FULLTGT,EVENING,0,1913.21,1909.13,1909.13,4.08,1.00,4.08,1917.29,1921.37,1925.45,1929.52,1933.60,0.33,0.00,0.33,1921.37,2.00,2.00,0.00,1911.62,1909.82,1911.37,1911.24,1909.60,-0.797,1.95,48.78,74.04,73.08,3.38,3.14,0.24,1913.36,1920.92,348,425,85.7,0.0,5,1,CROSS=EMA9>EMA21;TREND=1;STRUCT=1;VOL=1;COOL=1;EMA50=1;VWAP=1;BIAS=1,1.99,-0.24,27208.93,27478.21,full target: no partial booked
192,2023.01.31 16:52:31,2023.01.31 19:22:31,TP3_REACHED,XAUUSD,M3,59,BUY,FULLTGT,EVENING,0,1913.21,1909.13,1909.13,4.08,1.00,4.08,1917.29,1921.37,1925.45,1929.52,1933.60,0.33,0.00,0.33,1925.45,3.00,3.00,0.00,1915.50,1912.37,1912.54,1915.15,1912.13,-0.089,1.97,37.83,69.39,69.77,2.46,2.81,-0.35,1914.11,1923.97,497,418,85.7,14.3,2,1,CROSS=EMA9>EMA21;TREND=1;STRUCT=1;VOL=1;COOL=1;EMA50=1;VWAP=1;BIAS=1,2.99,-0.24,27208.93,27613.84,full target: no partial booked
193,2023.01.31 18:01:14,2023.01.31 20:31:14,TP4_REACHED,XAUUSD,M3,59,BUY,FULLTGT,EVENING,0,1913.21,1909.13,1909.13,4.08,1.00,4.08,1917.29,1921.37,1925.45,1929.52,1933.60,0.33,0.00,0.33,1929.52,4.00,4.00,0.00,1921.54,1917.15,1915.15,1921.25,1916.92,1.111,1.80,40.29,65.85,69.82,1.93,1.72,0.21,1915.75,1928.63,476,443,100.0,0.0,2,1,CROSS=EMA9>EMA21;TREND=1;STRUCT=1;VOL=1;COOL=1;EMA50=1;VWAP=1;BIAS=1,4.00,-0.24,27208.93,27747.82,full target: no partial booked
194,2023.02.01 01:02:00,2023.02.01 03:32:00,DAY_SUMMARY,XAUUSD,M3,59,BUY,FULLTGT,DAY,0,1913.21,1909.13,1909.13,4.08,1.00,4.08,1917.29,1921.37,1925.45,1929.52,1933.60,0.33,0.00,0.00,0.00,0.00,5.01,656.10,1928.38,1927.60,1924.64,1928.40,1927.59,9.406,0.31,17.79,46.39,46.19,-0.07,-0.03,-0.04,1919.09,1928.10,36,81,28.6,42.9,9,1,CROSS=EMA9>EMA21;TREND=1;STRUCT=1;VOL=1;COOL=1;EMA50=1;VWAP=1;BIAS=1,4.40,-0.24,27208.93,27669.87,2023.01.31 trades=1 W=1 L=0 gross_profit=656.10 gross_loss=0.00 net=656.10 PF=0.00
195,2023.02.01 01:02:00,2023.02.01 03:32:00,MONTH_SUMMARY,XAUUSD,M3,59,BUY,FULLTGT,DAY,0,1913.21,1909.13,1909.13,4.08,1.00,4.08,1917.29,1921.37,1925.45,1929.52,1933.60,0.33,0.00,0.00,0.00,0.00,12.81,2210.09,1928.38,1927.60,1924.64,1928.40,1927.59,9.406,0.31,17.79,46.39,46.19,-0.07,-0.03,-0.04,1919.09,1928.10,36,81,28.6,42.9,9,1,CROSS=EMA9>EMA21;TREND=1;STRUCT=1;VOL=1;COOL=1;EMA50=1;VWAP=1;BIAS=1,4.40,-0.24,27208.93,27669.87,days=16 trades=28 W=8 L=20 gross_profit=4758.64 gross_loss=2548.55 net=2210.09 PF=1.87 pips=224.0
196,2023.02.01 03:27:00,2023.02.01 05:57:00,FLIP,XAUUSD,M3,59,BUY,FULLTGT,DAY,0,1913.21,1909.13,1909.13,4.08,1.00,4.08,1917.29,1921.37,1925.45,1929.52,1933.60,0.33,0.00,0.00,1925.75,0.00,3.07,0.00,1927.43,1927.45,1925.71,1927.49,1927.48,2.875,0.60,33.07,31.44,31.76,-0.37,-0.10,-0.28,1927.38,1925.77,112,109,14.3,85.7,1,1,CROSS=EMA9<EMA21;TREND=1;STRUCT=1;VOL=1;COOL=1;EMA50=1;VWAP=1;BIAS=1,4.40,-0.24,27208.93,27601.89,opposite signal before SL/target | BUY -> SELL | closing trade 59
197,2023.02.01 03:27:00,2023.02.01 05:57:00,EXIT_FLIP,XAUUSD,M3,59,BUY,FULLTGT,DAY,0,1913.21,1909.13,1909.13,4.08,1.00,4.08,1917.29,1921.37,1925.45,1929.52,1933.60,0.33,0.33,0.00,1925.75,0.00,3.07,0.00,1927.43,1927.45,1925.71,1927.49,1927.48,2.875,0.60,33.07,31.44,31.76,-0.37,-0.10,-0.28,1927.38,1925.77,112,109,14.3,85.7,1,1,CROSS=EMA9<EMA21;TREND=1;STRUCT=1;VOL=1;COOL=1;EMA50=1;VWAP=1;BIAS=1,4.40,-0.24,27600.73,27600.73,FLIP exit
198,2023.02.01 03:27:00,2023.02.01 05:57:00,EXIT_OTHER,XAUUSD,M3,59,BUY,FULLTGT,DAY,0,1913.21,1909.13,1909.13,4.08,1.00,4.08,1917.29,1921.37,1925.45,1929.52,1933.60,0.33,0.33,0.00,1925.75,0.00,3.07,390.64,1927.43,1927.45,1925.71,1927.49,1927.48,2.875,0.60,33.07,31.44,31.76,-0.37,-0.10,-0.28,1927.38,1925.77,112,109,14.3,85.7,1,1,CROSS=EMA9<EMA21;TREND=1;STRUCT=1;VOL=1;COOL=1;EMA50=1;VWAP=1;BIAS=1,4.40,-0.24,27600.73,27600.73,FLIP exit
199,2023.02.01 03:27:00,2023.02.01 05:57:00,ENTRY,XAUUSD,M3,61,SELL,FULLTGT,DAY,59,1925.75,1926.96,1926.96,1.21,1.00,1.21,1924.54,1923.33,1922.12,1920.92,1919.71,1.14,1.14,1.14,1925.75,0.00,0.00,0.00,1927.43,1927.45,1925.71,1927.49,1927.48,2.875,0.60,33.07,31.44,31.76,-0.37,-0.10,-0.28,1927.38,1925.77,112,109,14.3,85.7,1,1,CROSS=EMA9<EMA21;TREND=1;STRUCT=1;VOL=1;COOL=1;EMA50=1;VWAP=1;BIAS=1,0.00,0.00,27596.74,27595.60,KZ=ASIA; KZR=NY L @ 1916.72 388 bars ago (low taken); DAY 12AM-4PM IST session: stop x1.00 of usual; no partials; full size to TP5; SL steps BE->TP1->TP2->TP3; flipped from trade 59
200,2023.02.01 03:32:01,2023.02.01 06:02:01,EXIT_SL,XAUUSD,M3,61,SELL,FULLTGT,DAY,59,1925.75,1926.96,1926.96,1.21,1.00,1.21,1924.54,1923.33,1922.12,1920.92,1919.71,1.14,1.14,0.00,1926.97,0.00,-1.01,-147.06,1927.38,1927.42,1925.71,1927.43,1927.45,2.685,0.64,35.52,39.42,38.60,-0.38,-0.14,-0.24,1927.34,1926.26,98,110,0.0,85.7,3,1,CROSS=EMA9<EMA21;TREND=1;STRUCT=1;VOL=1;COOL=1;EMA50=1;VWAP=1;BIAS=1,0.12,-0.99,27453.67,27453.67,stopped at the initial SL (x1.00 of usual)
201,2023.02.01 06:33:00,2023.02.01 09:03:00,ENTRY,XAUUSD,M3,63,BUY,FULLTGT,DAY,0,1928.15,1927.09,1927.09,1.06,1.00,1.06,1929.21,1930.26,1931.32,1932.38,1933.44,1.29,1.29,1.29,1928.15,0.00,0.00,0.00,1926.86,1926.85,1926.09,1926.81,1926.83,1.450,0.53,37.29,62.13,55.96,0.44,0.47,-0.03,1926.78,1928.13,109,90,85.7,14.3,2,1,CROSS=EMA9>EMA21;TREND=1;STRUCT=1;VOL=1;COOL=1;EMA50=1;VWAP=1;BIAS=1,0.00,0.00,27449.15,27446.57,KZ=ASIA; KZR=NY L @ 1916.72 450 bars ago (low taken); DAY 12AM-4PM IST session: stop x1.00 of usual; no partials; full size to TP5; SL steps BE->TP1->TP2->TP3
202,2023.02.01 06:38:35,2023.02.01 09:08:35,EXIT_SL,XAUUSD,M3,63,BUY,FULLTGT,DAY,0,1928.15,1927.09,1927.09,1.06,1.00,1.06,1929.21,1930.26,1931.32,1932.38,1933.44,1.29,1.29,0.00,1927.08,0.00,-1.01,-147.07,1926.90,1926.87,1926.10,1926.86,1926.85,1.474,0.52,35.38,58.22,60.18,0.43,0.48,-0.05,1926.79,1927.86,79,88,71.4,14.3,1,1,CROSS=EMA9>EMA21;TREND=1;STRUCT=1;VOL=1;COOL=1;EMA50=1;VWAP=1;BIAS=1,0.05,-0.96,27306.60,27306.60,stopped at the initial SL (x1.00 of usual)
203,2023.02.01 06:48:00,2023.02.01 09:18:00,ENTRY,XAUUSD,M3,65,SELL,FULLTGT,DAY,0,1925.72,1926.82,1926.82,1.10,1.00,1.10,1924.62,1923.52,1922.42,1921.33,1920.23,1.24,1.24,1.24,1925.72,0.00,0.00,0.00,1926.81,1926.83,1926.11,1926.86,1926.85,1.306,0.55,34.32,36.73,42.51,-0.02,0.33,-0.35,1926.78,1925.72,95,92,0.0,100.0,9,1,CROSS=EMA9<EMA21;TREND=1;STRUCT=1;VOL=1;COOL=1;EMA50=1;VWAP=1;BIAS=1,0.00,0.00,27302.26,27291.10,KZ=ASIA; KZR=NY L @ 1916.72 455 bars ago (low taken); DAY 12AM-4PM IST session: stop x1.00 of usual; no partials; full size to TP5; SL steps BE->TP1->TP2->TP3
204,2023.02.01 07:27:14,2023.02.01 09:57:14,EXIT_SL,XAUUSD,M3,65,SELL,FULLTGT,DAY,0,1925.72,1926.82,1926.82,1.10,1.00,1.10,1924.62,1923.52,1922.42,1921.33,1920.23,1.24,1.24,0.00,1926.83,0.00,-1.01,-146.32,1926.49,1926.64,1926.10,1926.49,1926.64,1.066,0.51,18.85,51.97,45.76,-0.23,-0.27,0.04,1926.72,1926.56,67,77,28.6,42.9,7,1,CROSS=EMA9<EMA21;TREND=1;STRUCT=1;VOL=1;COOL=1;EMA50=1;VWAP=1;BIAS=1,0.45,-0.99,27160.28,27160.28,stopped at the initial SL (x1.00 of usual)
205,2023.02.01 08:42:00,2023.02.01 11:12:00,SKIP,XAUUSD,M3,65,FLAT,NA,DAY,0,0.00,0.00,0.00,0.00,1.00,0.00,0.00,0.00,0.00,0.00,0.00,0.00,0.00,0.00,0.00,0.00,0.00,0.00,1926.70,1926.69,1926.24,1926.67,1926.68,0.704,0.64,11.84,55.58,58.72,0.26,0.14,0.12,1926.71,1927.31,108,117,71.4,0.0,2,1,CROSS=EMA9<EMA21;TREND=1;STRUCT=1;VOL=1;COOL=1;EMA50=1;VWAP=1;BIAS=1,0.00,0.00,27160.28,27160.28,outside the killzone window
206,2023.02.01 08:48:00,2023.02.01 11:18:00,SKIP,XAUUSD,M3,65,FLAT,NA,DAY,0,0.00,0.00,0.00,0.00,1.00,0.00,0.00,0.00,0.00,0.00,0.00,0.00,0.00,0.00,0.00,0.00,0.00,0.00,1926.68,1926.68,1926.25,1926.70,1926.69,0.660,0.66,17.60,44.26,50.09,0.13,0.16,-0.03,1926.71,1926.23,149,121,14.3,71.4,4,1,CROSS=EMA9<EMA21;TREND=1;STRUCT=1;VOL=1;COOL=1;EMA50=1;VWAP=1;BIAS=1,0.00,0.00,27160.28,27160.28,outside the killzone window
207,2023.02.01 08:51:00,2023.02.01 11:21:00,SKIP,XAUUSD,M3,65,FLAT,NA,DAY,0,0.00,0.00,0.00,0.00,1.00,0.00,0.00,0.00,0.00,0.00,0.00,0.00,0.00,0.00,0.00,0.00,0.00,0.00,1926.69,1926.69,1926.25,1926.68,1926.68,0.643,0.68,18.35,51.99,53.34,0.13,0.16,-0.04,1926.71,1926.99,150,122,71.4,14.3,3,1,CROSS=EMA9<EMA21;TREND=1;STRUCT=1;VOL=1;COOL=1;EMA50=1;VWAP=1;BIAS=1,0.00,0.00,27160.28,27160.28,outside the killzone window
208,2023.02.01 09:42:00,2023.02.01 12:12:00,SKIP,XAUUSD,M3,65,FLAT,NA,DAY,0,0.00,0.00,0.00,0.00,1.00,0.00,0.00,0.00,0.00,0.00,0.00,0.00,0.00,0.00,0.00,0.00,0.00,0.00,1926.70,1926.72,1926.34,1926.78,1926.76,0.362,1.03,24.27,32.80,40.25,-0.43,0.01,-0.44,1926.72,1924.63,170,149,0.0,85.7,1,1,CROSS=EMA9<EMA21;TREND=1;STRUCT=1;VOL=1;COOL=1;EMA50=1;VWAP=1;BIAS=1,0.00,0.00,27160.28,27160.28,outside the killzone window
209,2023.02.01 13:15:00,2023.02.01 15:45:00,SKIP,XAUUSD,M3,65,FLAT,NA,DAY,0,0.00,0.00,0.00,0.00,1.00,0.00,0.00,0.00,0.00,0.00,0.00,0.00,0.00,0.00,0.00,0.00,0.00,0.00,1925.85,1925.83,1925.87,1925.77,1925.79,-0.059,0.75,35.43,62.91,63.38,0.53,0.44,0.09,1926.12,1927.72,134,139,85.7,0.0,3,1,CROSS=EMA9<EMA21;TREND=1;STRUCT=1;VOL=1;COOL=1;EMA50=1;VWAP=1;BIAS=1,0.00,0.00,27160.28,27160.28,outside the killzone window
210,2023.02.01 18:54:00,2023.02.01 21:24:00,SKIP,XAUUSD,M3,65,FLAT,NA,EVENING,0,0.00,0.00,0.00,0.00,1.00,0.00,0.00,0.00,0.00,0.00,0.00,0.00,0.00,0.00,0.00,0.00,0.00,0.00,1928.55,1928.60,1928.05,1928.70,1928.67,0.583,0.93,43.40,29.71,35.49,-0.98,-0.41,-0.57,1927.67,1924.85,232,271,0.0,85.7,2,1,CROSS=EMA9<EMA21;TREND=1;STRUCT=1;VOL=1;COOL=1;EMA50=1;VWAP=1;BIAS=1,0.00,0.00,27160.28,27160.28,outside the killzone window
211,2023.02.01 21:48:00,2023.02.02 00:18:00,SKIP,XAUUSD,M3,65,FLAT,NA,DAY,0,0.00,0.00,0.00,0.00,1.00,0.00,0.00,0.00,0.00,0.00,0.00,0.00,0.00,0.00,0.00,0.00,0.00,0.00,1927.58,1927.36,1927.35,1927.03,1927.09,0.002,3.65,29.97,78.16,74.35,2.40,0.37,2.03,1927.40,1940.89,632,425,100.0,0.0,1,1,CROSS=EMA9<EMA21;TREND=1;STRUCT=1;VOL=1;COOL=1;EMA50=1;VWAP=1;BIAS=1,0.00,0.00,27160.28,27160.28,outside the killzone window
212,2023.02.02 01:02:00,2023.02.02 03:32:00,DAY_SUMMARY,XAUUSD,M3,65,FLAT,NA,DAY,0,0.00,0.00,0.00,0.00,1.00,0.00,0.00,0.00,0.00,0.00,0.00,0.00,0.00,0.00,0.00,0.00,0.04,-49.81,1945.83,1940.09,1934.99,1945.66,1939.88,7.637,0.67,27.56,54.36,62.69,1.01,1.48,-0.48,1930.15,1950.06,46,113,71.4,14.3,9,1,CROSS=EMA9<EMA21;TREND=1;STRUCT=1;VOL=1;COOL=1;EMA50=1;VWAP=1;BIAS=1,0.00,0.00,27160.28,27160.28,2023.02.01 trades=4 W=1 L=3 gross_profit=390.64 gross_loss=440.45 net=-49.81 PF=0.89
213,2023.02.02 13:15:00,2023.02.02 15:45:00,SKIP,XAUUSD,M3,65,FLAT,NA,DAY,0,0.00,0.00,0.00,0.00,1.00,0.00,0.00,0.00,0.00,0.00,0.00,0.00,0.00,0.00,0.00,0.00,0.00,0.00,1954.86,1954.86,1952.97,1954.91,1954.89,1.922,0.99,41.32,42.88,41.80,-0.79,-0.74,-0.04,1954.49,1953.46,199,168,14.3,85.7,1,1,CROSS=EMA9<EMA21;TREND=1;STRUCT=1;VOL=1;COOL=1;EMA50=1;VWAP=1;BIAS=1,0.00,0.00,27160.28,27160.28,outside the killzone window
214,2023.02.02 13:39:00,2023.02.02 16:09:00,SKIP,XAUUSD,M3,65,FLAT,NA,EVENING,0,0.00,0.00,0.00,0.00,1.00,0.00,0.00,0.00,0.00,0.00,0.00,0.00,0.00,0.00,0.00,0.00,0.00,0.00,1954.87,1954.86,1953.11,1954.81,1954.83,2.352,0.74,48.95,64.30,54.72,0.15,-0.40,0.55,1954.50,1956.18,209,167,100.0,0.0,1,1,CROSS=EMA9<EMA21;TREND=1;STRUCT=1;VOL=1;COOL=1;EMA50=1;VWAP=1;BIAS=1,0.00,0.00,27160.28,27160.28,outside the killzone window
215,2023.02.02 14:18:00,2023.02.02 16:48:00,SKIP,XAUUSD,M3,65,FLAT,NA,EVENING,0,0.00,0.00,0.00,0.00,1.00,0.00,0.00,0.00,0.00,0.00,0.00,0.00,0.00,0.00,0.00,0.00,0.00,0.00,1954.83,1954.85,1953.32,1954.88,1954.87,1.497,1.02,20.20,43.15,50.54,-0.06,0.09,-0.15,1954.52,1953.71,304,215,14.3,71.4,3,1,CROSS=EMA9<EMA21;TREND=1;STRUCT=1;VOL=1;COOL=1;EMA50=1;VWAP=1;BIAS=1,0.00,0.00,27160.28,27160.28,already positioned that way
216,2023.02.03 03:54:00,2023.02.03 06:24:00,ENTRY,XAUUSD,M3,67,BUY,FULLTGT,DAY,0,1917.67,1916.19,1916.19,1.48,1.00,1.48,1919.15,1920.62,1922.10,1923.58,1925.06,0.91,0.91,0.91,1917.67,0.00,0.00,0.00,1916.05,1916.04,1920.31,1915.98,1916.01,-5.786,0.74,31.10,58.48,62.97,0.49,0.57,-0.08,1915.81,1917.59,244,164,85.7,14.3,6,1,CROSS=EMA9>EMA21;TREND=1;STRUCT=1;VOL=1;COOL=1;EMA50=1;VWAP=1;BIAS=1,0.00,0.00,27157.09,27151.63,KZ=ASIA; KZR=Asia H @ 1957.26 375 bars ago (high taken); DAY 12AM-4PM IST session: stop x1.00 of usual; no partials; full size to TP5; SL steps BE->TP1->TP2->TP3
217,2023.02.03 04:29:27,2023.02.03 06:59:27,EXIT_SL,XAUUSD,M3,67,BUY,FULLTGT,DAY,0,1917.67,1916.19,1916.19,1.48,1.00,1.48,1919.15,1920.62,1922.10,1923.58,1925.06,0.91,0.91,0.00,1916.19,0.00,-1.00,-141.06,1916.52,1916.31,1920.01,1916.50,1916.29,-5.496,0.67,38.33,48.56,47.71,0.11,0.35,-0.24,1916.11,1916.96,90,144,42.9,42.9,8,1,CROSS=EMA9>EMA21;TREND=1;STRUCT=1;VOL=1;COOL=1;EMA50=1;VWAP=1;BIAS=1,0.63,-0.98,27019.22,27019.22,stopped at the initial SL (x1.00 of usual)
218,2023.02.03 06:15:00,2023.02.03 08:45:00,ENTRY,XAUUSD,M3,69,SELL,FULLTGT,DAY,0,1914.81,1915.81,1915.81,1.00,1.00,1.00,1913.81,1912.81,1911.81,1910.81,1909.81,1.35,1.35,1.35,1914.81,0.00,0.00,0.00,1916.25,1916.28,1918.89,1916.31,1916.31,-5.210,0.50,41.88,35.89,35.97,-0.45,-0.21,-0.25,1916.19,1914.81,98,85,0.0,100.0,4,1,CROSS=EMA9<EMA21;TREND=1;STRUCT=1;VOL=1;COOL=1;EMA50=1;VWAP=1;BIAS=1,0.00,0.00,27014.49,27009.09,KZ=ASIA; KZR=Asia H @ 1957.26 422 bars ago (high taken); DAY 12AM-4PM IST session: stop x1.00 of usual; no partials; full size to TP5; SL steps BE->TP1->TP2->TP3
219,2023.02.03 06:45:39,2023.02.03 09:15:39,EXIT_SL,XAUUSD,M3,69,SELL,FULLTGT,DAY,0,1914.81,1915.81,1915.81,1.00,1.00,1.00,1913.81,1912.81,1911.81,1910.81,1909.81,1.35,1.35,0.00,1915.81,0.00,-1.00,-144.46,1915.84,1916.05,1918.52,1915.86,1916.06,-4.707,0.52,26.14,49.87,47.56,-0.33,-0.46,0.14,1916.10,1915.52,96,85,28.6,71.4,9,1,CROSS=EMA9<EMA21;TREND=1;STRUCT=1;VOL=1;COOL=1;EMA50=1;VWAP=1;BIAS=1,0.95,-0.93,26874.76,26874.76,stopped at the initial SL (x1.00 of usual)
220,2023.02.03 09:18:00,2023.02.03 11:48:00,SKIP,XAUUSD,M3,69,FLAT,NA,DAY,0,0.00,0.00,0.00,0.00,1.00,0.00,0.00,0.00,0.00,0.00,0.00,0.00,0.00,0.00,0.00,0.00,0.00,0.00,1915.86,1915.85,1917.39,1915.80,1915.83,-1.844,0.83,31.11,59.15,61.16,0.46,0.25,0.21,1915.97,1917.12,188,153,85.7,14.3,7,1,CROSS=EMA9<EMA21;TREND=1;STRUCT=1;VOL=1;COOL=1;EMA50=1;VWAP=1;BIAS=1,0.00,0.00,26874.76,26874.76,outside the killzone window
221,2023.02.03 09:36:00,2023.02.03 12:06:00,SKIP,XAUUSD,M3,69,FLAT,NA,DAY,0,0.00,0.00,0.00,0.00,1.00,0.00,0.00,0.00,0.00,0.00,0.00,0.00,0.00,0.00,0.00,0.00,0.00,0.00,1915.68,1915.76,1917.25,1915.86,1915.86,-1.272,1.17,30.08,26.55,34.20,-0.35,0.29,-0.64,1915.91,1911.09,320,184,0.0,100.0,3,1,CROSS=EMA9<EMA21;TREND=1;STRUCT=1;VOL=1;COOL=1;EMA50=1;VWAP=1;BIAS=1,0.00,0.00,26874.76,26874.76,outside the killzone window
222,2023.02.03 14:33:00,2023.02.03 17:03:00,ENTRY,XAUUSD,M3,71,BUY,FULLTGT,EVENING,0,1916.23,1914.39,1914.39,1.84,1.00,1.84,1918.07,1919.92,1921.76,1923.61,1925.45,0.72,0.72,0.72,1916.23,0.00,0.00,0.00,1913.43,1913.39,1914.51,1913.32,1913.33,-1.216,0.92,49.46,65.44,63.67,1.01,1.02,-0.01,1914.49,1916.21,214,168,85.7,14.3,2,1,CROSS=EMA9>EMA21;TREND=1;STRUCT=1;VOL=1;COOL=1;EMA50=1;VWAP=1;BIAS=1,0.00,0.00,26872.24,26870.80,KZ=NY; KZR=Asia L @ 1913.86 100 bars ago (low taken); EVENING 4PM-12AM IST session: stop x1.00 of usual; no partials; full size to TP5; SL steps BE->TP1->TP2->TP3
223,2023.02.03 15:18:14,2023.02.03 17:48:14,EXIT_SL,XAUUSD,M3,71,BUY,FULLTGT,EVENING,0,1916.23,1914.39,1914.39,1.84,1.00,1.84,1918.07,1919.92,1921.76,1923.61,1925.45,0.72,0.72,0.00,1914.37,0.00,-1.01,-138.96,1914.38,1913.96,1914.66,1914.37,1913.94,-0.751,0.94,29.67,47.55,53.39,0.22,0.53,-0.32,1914.58,1914.74,226,198,57.1,42.9,2,1,CROSS=EMA9>EMA21;TREND=1;STRUCT=1;VOL=1;COOL=1;EMA50=1;VWAP=1;BIAS=1,0.48,-0.99,26735.80,26735.80,stopped at the initial SL (x1.00 of usual)
224,2023.02.03 15:36:00,2023.02.03 18:06:00,ENTRY,XAUUSD,M3,73,SELL,FULLTGT,EVENING,0,1895.63,1901.63,1901.63,6.00,1.00,6.00,1889.63,1883.64,1877.64,1871.65,1865.65,0.22,0.22,0.22,1895.63,0.00,0.00,0.00,1913.23,1913.42,1914.35,1913.95,1913.78,-0.311,3.00,34.90,12.03,12.50,-2.35,-0.22,-2.13,1914.20,1895.50,652,274,0.0,100.0,7,1,CROSS=EMA9<EMA21;TREND=1;STRUCT=1;VOL=1;COOL=1;EMA50=1;VWAP=1;BIAS=1,0.00,0.00,26735.03,26733.49,KZ=NY; KZR=NY L @ 1906.45 1 bars ago (low taken); EVENING 4PM-12AM IST session: stop x1.00 of usual; no partials; full size to TP5; SL steps BE->TP1->TP2->TP3
225,2023.02.03 15:41:13,2023.02.03 18:11:13,TP1_REACHED,XAUUSD,M3,73,SELL,FULLTGT,EVENING,0,1895.63,1901.63,1901.63,6.00,1.00,6.00,1889.63,1883.64,1877.64,1871.65,1865.65,0.22,0.00,0.22,1889.63,1.00,1.00,0.00,1912.56,1913.08,1914.17,1913.23,1913.42,-0.318,3.42,39.31,15.25,10.69,-3.29,-0.62,-2.67,1913.92,1896.36,690,299,14.3,85.7,4,1,CROSS=EMA9<EMA21;TREND=1;STRUCT=1;VOL=1;COOL=1;EMA50=1;VWAP=1;BIAS=1,1.00,-0.34,26735.03,26867.47,full target: no partial booked
226,2023.02.03 15:51:46,2023.02.03 18:21:46,TP2_REACHED,XAUUSD,M3,73,SELL,FULLTGT,EVENING,0,1895.63,1901.63,1901.63,6.00,1.00,6.00,1889.63,1883.64,1877.64,1871.65,1865.65,0.22,0.00,0.22,1883.64,2.00,2.00,0.00,1908.76,1911.07,1913.11,1909.76,1911.61,-0.441,4.61,55.65,9.58,7.89,-7.25,-3.39,-3.86,1912.59,1884.30,642,387,0.0,100.0,1,1,CROSS=EMA9<EMA21;TREND=1;STRUCT=1;VOL=1;COOL=1;EMA50=1;VWAP=1;BIAS=1,2.00,-0.34,26735.03,26999.03,full target: no partial booked
227,2023.02.03 16:19:16,2023.02.03 18:49:16,TP3_REACHED,XAUUSD,M3,73,SELL,FULLTGT,EVENING,0,1895.63,1901.63,1901.63,6.00,1.00,6.00,1889.63,1883.64,1877.64,1871.65,1865.65,0.22,0.00,0.22,1877.64,3.00,3.00,0.00,1901.34,1906.66,1910.63,1902.23,1907.21,-0.914,4.34,56.65,18.38,16.60,-7.78,-7.79,0.01,1909.90,1879.53,570,550,14.3,85.7,1,1,CROSS=EMA9<EMA21;TREND=1;STRUCT=1;VOL=1;COOL=1;EMA50=1;VWAP=1;BIAS=1,3.00,-0.34,26735.03,27131.25,full target: no partial booked
228,2023.02.03 17:06:31,2023.02.03 19:36:31,TP4_REACHED,XAUUSD,M3,73,SELL,FULLTGT,EVENING,0,1895.63,1901.63,1901.63,6.00,1.00,6.00,1889.63,1883.64,1877.64,1871.65,1865.65,0.22,0.00,0.22,1871.65,4.00,4.00,0.00,1891.85,1899.73,1906.31,1892.59,1900.26,-2.107,3.12,35.01,26.45,25.92,-4.21,-4.16,-0.05,1905.89,1873.71,638,558,0.0,100.0,2,1,CROSS=EMA9<EMA21;TREND=1;STRUCT=1;VOL=1;COOL=1;EMA50=1;VWAP=1;BIAS=1,3.99,-0.34,26735.03,27263.25,full target: no partial booked
229,2023.02.03 19:07:38,2023.02.03 21:37:38,TP5_EXIT,XAUUSD,M3,73,SELL,FULLTGT,EVENING,0,1895.63,1901.63,1901.63,6.00,1.00,6.00,1889.63,1883.64,1877.64,1871.65,1865.65,0.22,0.22,0.00,1865.63,5.00,5.00,0.00,1874.35,1883.73,1894.69,1874.69,1884.09,-7.155,1.53,26.25,34.31,32.23,-1.93,-2.43,0.51,1898.41,1865.94,278,390,14.3,71.4,1,1,CROSS=EMA9<EMA21;TREND=1;STRUCT=1;VOL=1;COOL=1;EMA50=1;VWAP=1;BIAS=1,5.00,-0.34,27394.26,27394.26,full target reached; closed in full
230,2023.02.03 19:07:38,2023.02.03 21:37:38,EXIT_TP,XAUUSD,M3,73,SELL,FULLTGT,EVENING,0,1895.63,1901.63,1901.63,6.00,1.00,6.00,1889.63,1883.64,1877.64,1871.65,1865.65,0.22,0.22,0.00,1865.63,0.00,5.00,658.46,1874.35,1883.73,1894.69,1874.69,1884.09,-7.155,1.53,26.25,34.31,32.23,-1.93,-2.43,0.51,1898.41,1865.94,278,390,14.3,71.4,1,1,CROSS=EMA9<EMA21;TREND=1;STRUCT=1;VOL=1;COOL=1;EMA50=1;VWAP=1;BIAS=1,5.00,-0.34,27394.26,27394.26,TP5 exit
231,2023.02.06 01:02:00,2023.02.06 03:32:00,DAY_SUMMARY,XAUUSD,M3,73,FLAT,NA,DAY,0,0.00,0.00,0.00,0.00,1.00,0.00,0.00,0.00,0.00,0.00,0.00,0.00,0.00,0.00,0.00,0.00,1.99,233.98,1865.59,1867.88,1876.31,1865.58,1867.92,-15.573,0.54,23.49,52.71,51.66,0.14,0.08,0.06,1891.82,1865.75,86,76,42.9,42.9,12,1,CROSS=EMA9<EMA21;TREND=1;STRUCT=1;VOL=1;COOL=1;EMA50=1;VWAP=1;BIAS=1,0.00,0.00,27394.26,27394.26,2023.02.03 trades=4 W=1 L=3 gross_profit=658.46 gross_loss=424.48 net=233.98 PF=1.55
232,2023.02.06 01:02:00,2023.02.06 03:32:00,WEEK_SUMMARY,XAUUSD,M3,73,FLAT,NA,DAY,0,0.00,0.00,0.00,0.00,1.00,0.00,0.00,0.00,0.00,0.00,0.00,0.00,0.00,0.00,0.00,0.00,2.04,184.17,1865.59,1867.88,1876.31,1865.58,1867.92,-15.573,0.54,23.49,52.71,51.66,0.14,0.08,0.06,1891.82,1865.75,86,76,42.9,42.9,12,1,CROSS=EMA9<EMA21;TREND=1;STRUCT=1;VOL=1;COOL=1;EMA50=1;VWAP=1;BIAS=1,0.00,0.00,27394.26,27394.26,days=2 trades=8 W=2 L=6 gross_profit=1049.10 gross_loss=864.93 net=184.17 PF=1.21 pips=3480.0
233,2023.02.06 03:45:00,2023.02.06 06:15:00,ENTRY,XAUUSD,M3,75,BUY,FULLTGT,DAY,0,1871.32,1868.68,1868.68,2.64,1.00,2.64,1873.96,1876.60,1879.24,1881.89,1884.53,0.51,0.51,0.51,1871.32,0.00,0.00,0.00,1867.74,1867.67,1872.53,1867.60,1867.60,-3.674,1.32,40.51,63.51,62.82,1.20,0.97,0.23,1867.41,1871.38,210,218,85.7,0.0,3,1,CROSS=EMA9>EMA21;TREND=1;STRUCT=1;VOL=1;COOL=1;EMA50=1;VWAP=1;BIAS=1,0.00,0.00,27392.47,27390.94,KZ=ASIA; KZR=NY L @ 1869.14 1149 bars ago (low taken); DAY 12AM-4PM IST session: stop x1.00 of usual; no partials; full size to TP5; SL steps BE->TP1->TP2->TP3
234,2023.02.06 04:10:32,2023.02.06 06:40:32,TP1_REACHED,XAUUSD,M3,75,BUY,FULLTGT,DAY,0,1871.32,1868.68,1868.68,2.64,1.00,2.64,1873.96,1876.60,1879.24,1881.89,1884.53,0.51,0.00,0.51,1873.96,1.00,1.00,0.00,1869.15,1868.44,1872.55,1868.97,1868.34,-3.253,1.26,33.64,67.52,67.61,1.51,1.43,0.07,1868.16,1873.65,137,212,85.7,0.0,3,1,CROSS=EMA9>EMA21;TREND=1;STRUCT=1;VOL=1;COOL=1;EMA50=1;VWAP=1;BIAS=1,0.99,0.00,27392.47,27527.62,full target: no partial booked
235,2023.02.06 05:59:27,2023.02.06 08:29:27,TP2_REACHED,XAUUSD,M3,75,BUY,FULLTGT,DAY,0,1871.32,1868.68,1868.68,2.64,1.00,2.64,1873.96,1876.60,1879.24,1881.89,1884.53,0.51,0.00,0.51,1876.60,2.00,2.00,0.00,1873.40,1871.63,1873.18,1873.30,1871.54,-2.926,0.53,61.45,65.21,68.55,0.69,0.56,0.14,1870.16,1875.96,59,117,85.7,0.0,3,1,CROSS=EMA9>EMA21;TREND=1;STRUCT=1;VOL=1;COOL=1;EMA50=1;VWAP=1;BIAS=1,1.99,0.00,27392.47,27662.77,full target: no partial booked
236,2023.02.06 10:16:25,2023.02.06 12:46:25,TP3_REACHED,XAUUSD,M3,75,BUY,FULLTGT,DAY,0,1871.32,1868.68,1868.68,2.64,1.00,2.64,1873.96,1876.60,1879.24,1881.89,1884.53,0.51,0.00,0.51,1879.24,3.00,3.00,0.00,1876.60,1875.88,1875.31,1876.50,1875.82,0.433,1.32,32.60,61.75,60.71,0.36,-0.12,0.48,1872.95,1878.95,179,186,85.7,0.0,3,1,CROSS=EMA9>EMA21;TREND=1;STRUCT=1;VOL=1;COOL=1;EMA50=1;VWAP=1;BIAS=1,3.00,0.00,27392.47,27800.47,full target: no partial booked
237,2023.02.06 11:51:00,2023.02.06 14:21:00,SKIP,XAUUSD,M3,75,BUY,FULLTGT,DAY,0,1871.32,1868.68,1868.68,2.64,1.00,2.64,1873.96,1876.60,1879.24,1881.89,1884.53,0.51,0.00,0.00,0.00,0.00,0.00,0.00,1876.00,1876.05,1875.63,1876.13,1876.11,0.242,1.73,23.41,40.77,39.44,-1.25,-1.21,-0.03,1873.73,1873.03,240,227,14.3,71.4,4,1,CROSS=EMA9>EMA21;TREND=1;STRUCT=1;VOL=1;COOL=1;EMA50=1;VWAP=1;BIAS=1,3.78,-0.45,27392.47,27481.21,outside the killzone window
238,2023.02.06 13:39:20,2023.02.06 16:09:20,EXIT_SL,XAUUSD,M3,75,BUY,FULLTGT,EVENING,0,1871.32,1868.68,1868.68,2.64,1.00,2.64,1873.96,1876.60,1879.24,1881.89,1884.53,0.51,0.51,0.00,1868.68,0.00,-1.00,-138.22,1872.92,1874.05,1874.61,1873.08,1874.16,-0.744,0.75,43.05,25.54,33.66,-0.91,-0.67,-0.24,1873.53,1868.97,185,164,0.0,100.0,4,1,CROSS=EMA9>EMA21;TREND=1;STRUCT=1;VOL=1;COOL=1;EMA50=1;VWAP=1;BIAS=1,3.78,-0.99,27256.04,27256.04,stopped at the initial SL (x1.00 of usual)
239,2023.02.07 01:02:00,2023.02.07 03:32:00,DAY_SUMMARY,XAUUSD,M3,75,FLAT,NA,DAY,0,0.00,0.00,0.00,0.00,1.00,0.00,0.00,0.00,0.00,0.00,0.00,0.00,0.00,0.00,0.00,0.00,-1.00,-138.22,1867.59,1867.81,1868.93,1867.59,1867.81,-3.159,0.36,20.35,50.49,50.60,-0.01,0.01,-0.02,1871.11,1867.65,34,53,28.6,42.9,12,1,CROSS=EMA9>EMA21;TREND=1;STRUCT=1;VOL=1;COOL=1;EMA50=1;VWAP=1;BIAS=1,0.00,0.00,27256.04,27256.04,2023.02.06 trades=1 W=0 L=1 gross_profit=0.00 gross_loss=138.22 net=-138.22 PF=0.00
240,2023.02.07 02:12:00,2023.02.07 04:42:00,SKIP,XAUUSD,M3,75,FLAT,NA,DAY,0,0.00,0.00,0.00,0.00,1.00,0.00,0.00,0.00,0.00,0.00,0.00,0.00,0.00,0.00,0.00,0.00,0.00,0.00,1867.91,1867.90,1868.74,1867.86,1867.88,-1.817,0.46,34.74,66.43,61.02,0.33,0.14,0.19,1868.11,1869.14,57,47,100.0,0.0,4,1,CROSS=EMA9>EMA21;TREND=1;STRUCT=1;VOL=1;COOL=1;EMA50=1;VWAP=1;BIAS=1,0.00,0.00,27256.04,27256.04,already positioned that way
241,2023.02.07 12:57:00,2023.02.07 15:27:00,SKIP,XAUUSD,M3,75,FLAT,NA,DAY,0,0.00,0.00,0.00,0.00,1.00,0.00,0.00,0.00,0.00,0.00,0.00,0.00,0.00,0.00,0.00,0.00,0.00,0.00,1874.06,1874.07,1873.38,1874.13,1874.10,0.841,0.83,29.40,40.87,47.52,-0.54,-0.47,-0.07,1873.52,1872.52,115,141,0.0,85.7,1,1,CROSS=EMA9>EMA21;TREND=1;STRUCT=1;VOL=1;COOL=1;EMA50=1;VWAP=1;BIAS=1,0.00,0.00,27256.04,27256.04,outside the killzone window
242,2023.02.07 17:54:00,2023.02.07 20:24:00,SKIP,XAUUSD,M3,75,FLAT,NA,EVENING,0,0.00,0.00,0.00,0.00,1.00,0.00,0.00,0.00,0.00,0.00,0.00,0.00,0.00,0.00,0.00,0.00,0.00,0.00,1870.76,1870.73,1871.24,1870.49,1870.59,-0.311,1.65,43.39,72.50,68.63,1.66,0.70,0.96,1871.85,1877.26,370,326,100.0,0.0,1,1,CROSS=EMA9>EMA21;TREND=1;STRUCT=1;VOL=1;COOL=1;EMA50=1;VWAP=1;BIAS=1,0.00,0.00,27256.04,27256.04,already positioned that way
243,2023.02.07 21:00:00,2023.02.07 23:30:00,SKIP,XAUUSD,M3,75,FLAT,NA,EVENING,0,0.00,0.00,0.00,0.00,1.00,0.00,0.00,0.00,0.00,0.00,0.00,0.00,0.00,0.00,0.00,0.00,0.00,0.00,1873.25,1873.27,1872.83,1873.41,1873.35,0.192,2.25,47.10,39.16,41.54,-2.06,-1.95,-0.11,1872.87,1869.32,297,513,0.0,85.7,1,1,CROSS=EMA9>EMA21;TREND=1;STRUCT=1;VOL=1;COOL=1;EMA50=1;VWAP=1;BIAS=1,0.00,0.00,27256.04,27256.04,outside the killzone window
244,2023.02.08 02:06:00,2023.02.08 04:36:00,SKIP,XAUUSD,M3,75,FLAT,NA,DAY,0,0.00,0.00,0.00,0.00,1.00,0.00,0.00,0.00,0.00,0.00,0.00,0.00,0.00,0.00,0.00,0.00,0.00,0.00,1871.95,1871.93,1872.07,1871.86,1871.88,-0.314,0.45,42.44,64.85,63.24,0.48,0.22,0.27,1872.50,1874.32,94,47,100.0,0.0,8,1,CROSS=EMA9>EMA21;TREND=1;STRUCT=1;VOL=1;COOL=1;EMA50=1;VWAP=1;BIAS=1,0.00,0.00,27256.04,27256.04,already positioned that way
245,2023.02.08 15:12:00,2023.02.08 17:42:00,ENTRY,XAUUSD,M3,77,SELL,FULLTGT,EVENING,0,1876.70,1878.98,1878.98,2.28,1.00,2.28,1874.42,1872.15,1869.87,1867.60,1865.32,0.59,0.59,0.59,1876.70,0.00,0.00,0.00,1880.92,1880.98,1879.81,1881.09,1881.06,1.027,1.14,44.32,27.25,39.48,-0.96,-0.49,-0.46,1879.55,1876.68,215,160,0.0,100.0,2,1,CROSS=EMA9<EMA21;TREND=1;STRUCT=1;VOL=1;COOL=1;EMA50=1;VWAP=1;BIAS=1,0.00,0.00,27253.97,27252.79,KZ=NY; KZR=Asia L @ 1864.78 907 bars ago (low taken); EVENING 4PM-12AM IST session: stop x1.00 of usual; no partials; full size to TP5; SL steps BE->TP1->TP2->TP3
246,2023.02.08 15:24:21,2023.02.08 17:54:21,TP1_REACHED,XAUUSD,M3,77,SELL,FULLTGT,EVENING,0,1876.70,1878.98,1878.98,2.28,1.00,2.28,1874.42,1872.15,1869.87,1867.60,1865.32,0.59,0.00,0.59,1874.42,1.00,1.00,0.00,1880.21,1880.60,1879.67,1880.44,1880.73,0.765,1.23,56.41,23.65,33.75,-1.50,-0.94,-0.56,1879.47,1874.59,272,179,0.0,100.0,2,1,CROSS=EMA9<EMA21;TREND=1;STRUCT=1;VOL=1;COOL=1;EMA50=1;VWAP=1;BIAS=1,1.01,-0.43,27253.97,27389.67,full target: no partial booked
247,2023.02.08 16:06:31,2023.02.08 18:36:31,EXIT_SL,XAUUSD,M3,77,SELL,FULLTGT,EVENING,0,1876.70,1878.98,1878.98,2.28,1.00,2.28,1874.42,1872.15,1869.87,1867.60,1865.32,0.59,0.59,0.00,1879.01,0.00,-1.02,-140.43,1878.60,1879.57,1879.23,1878.61,1879.60,0.242,1.41,29.87,54.39,47.67,-0.49,-1.07,0.57,1879.16,1878.26,250,250,28.6,57.1,1,1,CROSS=EMA9<EMA21;TREND=1;STRUCT=1;VOL=1;COOL=1;EMA50=1;VWAP=1;BIAS=1,1.77,-1.00,27115.61,27115.61,stopped at the initial SL (x1.00 of usual)
248,2023.02.08 20:42:00,2023.02.08 23:12:00,SKIP,XAUUSD,M3,77,FLAT,NA,EVENING,0,0.00,0.00,0.00,0.00,1.00,0.00,0.00,0.00,0.00,0.00,0.00,0.00,0.00,0.00,0.00,0.00,0.00,0.00,1876.60,1876.58,1877.16,1876.53,1876.54,-0.438,1.32,17.04,56.43,58.19,0.80,0.86,-0.06,1877.67,1878.34,250,254,57.1,14.3,4,1,CROSS=EMA9<EMA21;TREND=1;STRUCT=1;VOL=1;COOL=1;EMA50=1;VWAP=1;BIAS=1,0.00,0.00,27115.61,27115.61,outside the killzone window
249,2023.02.08 22:09:00,2023.02.09 00:39:00,SKIP,XAUUSD,M3,77,FLAT,NA,DAY,0,0.00,0.00,0.00,0.00,1.00,0.00,0.00,0.00,0.00,0.00,0.00,0.00,0.00,0.00,0.00,0.00,0.00,0.00,1876.69,1876.71,1877.10,1876.78,1876.75,-0.612,0.64,41.76,35.09,39.84,-0.55,-0.30,-0.25,1877.62,1874.59,223,215,0.0,100.0,2,1,CROSS=EMA9<EMA21;TREND=1;STRUCT=1;VOL=1;COOL=1;EMA50=1;VWAP=1;BIAS=1,0.00,0.00,27115.61,27115.61,outside the killzone window
250,2023.02.09 01:02:00,2023.02.09 03:32:00,DAY_SUMMARY,XAUUSD,M3,77,FLAT,NA,DAY,0,0.00,0.00,0.00,0.00,1.00,0.00,0.00,0.00,0.00,0.00,0.00,0.00,0.00,0.00,0.00,0.00,-1.02,-140.43,1875.70,1875.98,1876.54,1875.70,1875.99,-1.920,0.29,24.65,49.16,49.01,0.09,0.11,-0.02,1877.49,1875.55,21,41,0.0,71.4,12,1,CROSS=EMA9<EMA21;TREND=1;STRUCT=1;VOL=1;COOL=1;EMA50=1;VWAP=1;BIAS=1,0.00,0.00,27115.61,27115.61,2023.02.08 trades=1 W=0 L=1 gross_profit=0.00 gross_loss=140.43 net=-140.43 PF=0.00
251,2023.02.09 04:12:00,2023.02.09 06:42:00,ENTRY,XAUUSD,M3,79,BUY,FULLTGT,DAY,0,1879.62,1877.91,1877.91,1.71,1.00,1.71,1881.33,1883.04,1884.75,1886.45,1888.16,0.79,0.79,0.79,1879.62,0.00,0.00,0.00,1875.50,1875.44,1875.88,1875.33,1875.35,-0.514,0.85,56.53,78.17,76.43,1.17,0.70,0.46,1875.02,1879.56,151,146,100.0,0.0,6,1,CROSS=EMA9>EMA21;TREND=1;STRUCT=1;VOL=1;COOL=1;EMA50=1;VWAP=1;BIAS=1,0.00,0.00,27112.84,27108.10,KZ=ASIA; KZR=Asia L @ 1864.78 1167 bars ago (low taken); DAY 12AM-4PM IST session: stop x1.00 of usual; no partials; full size to TP5; SL steps BE->TP1->TP2->TP3
252,2023.02.09 07:45:41,2023.02.09 10:15:41,TP1_REACHED,XAUUSD,M3,79,BUY,FULLTGT,DAY,0,1879.62,1877.91,1877.91,1.71,1.00,1.71,1881.33,1883.04,1884.75,1886.45,1888.16,0.79,0.00,0.79,1881.33,1.00,1.00,0.00,1879.18,1878.40,1877.63,1879.16,1878.38,1.802,0.43,15.13,55.86,58.12,0.15,0.13,0.02,1877.10,1879.75,93,79,71.4,14.3,8,1,CROSS=EMA9>EMA21;TREND=1;STRUCT=1;VOL=1;COOL=1;EMA50=1;VWAP=1;BIAS=1,0.98,-0.71,27112.84,27250.30,full target: no partial booked
253,2023.02.09 07:47:35,2023.02.09 10:17:35,EXIT_SL,XAUUSD,M3,79,BUY,FULLTGT,DAY,0,1879.62,1877.91,1877.91,1.71,1.00,1.71,1881.33,1883.04,1884.75,1886.45,1888.16,0.79,0.79,0.00,1877.90,0.00,-1.01,-141.42,1879.18,1878.40,1877.63,1879.16,1878.38,1.802,0.43,15.13,55.86,58.12,0.15,0.13,0.02,1877.10,1879.75,93,79,71.4,14.3,3,1,CROSS=EMA9>EMA21;TREND=1;STRUCT=1;VOL=1;COOL=1;EMA50=1;VWAP=1;BIAS=1,1.02,-0.99,26974.19,26974.19,stopped at the initial SL (x1.00 of usual)
254,2023.02.09 15:30:00,2023.02.09 18:00:00,ENTRY,XAUUSD,M3,81,SELL,FULLTGT,EVENING,0,1879.72,1881.80,1881.80,2.08,1.00,2.08,1877.64,1875.56,1873.48,1871.39,1869.31,0.64,0.64,0.64,1879.72,0.00,0.00,0.00,1881.97,1882.00,1881.19,1882.06,1882.05,0.782,1.04,16.05,33.95,36.09,-0.53,-0.30,-0.23,1880.45,1879.74,244,229,0.0,85.7,1,1,CROSS=EMA9<EMA21;TREND=1;STRUCT=1;VOL=1;COOL=1;EMA50=1;VWAP=1;BIAS=1,0.00,0.00,26971.95,26971.31,KZ=NY; KZR=Asia L @ 1864.78 1393 bars ago (low taken); EVENING 4PM-12AM IST session: stop x1.00 of usual; no partials; full size to TP5; SL steps BE->TP1->TP2->TP3
255,2023.02.09 15:30:41,2023.02.09 18:00:41,EXIT_SL,XAUUSD,M3,81,SELL,FULLTGT,EVENING,0,1879.72,1881.80,1881.80,2.08,1.00,2.08,1877.64,1875.56,1873.48,1871.39,1869.31,0.64,0.64,0.00,1881.83,0.00,-1.01,-139.52,1881.97,1882.00,1881.19,1882.06,1882.05,0.782,1.04,16.05,33.95,36.09,-0.53,-0.30,-0.23,1880.45,1879.74,244,229,0.0,85.7,1,1,CROSS=EMA9<EMA21;TREND=1;STRUCT=1;VOL=1;COOL=1;EMA50=1;VWAP=1;BIAS=1,0.00,-0.98,26834.67,26834.67,stopped at the initial SL (x1.00 of usual)
256,2023.02.09 15:48:00,2023.02.09 18:18:00,ENTRY,XAUUSD,M3,83,BUY,FULLTGT,EVENING,0,1883.83,1881.20,1881.20,2.63,1.00,2.63,1886.46,1889.09,1891.72,1894.36,1896.99,0.50,0.50,0.50,1883.83,0.00,0.00,0.00,1882.09,1882.06,1881.27,1882.02,1882.02,0.604,1.32,26.56,63.83,58.64,0.21,-0.29,0.50,1880.53,1883.84,319,271,85.7,14.3,1,1,CROSS=EMA9>EMA21;TREND=1;STRUCT=1;VOL=1;COOL=1;EMA50=1;VWAP=1;BIAS=1,0.00,0.00,26832.92,26832.42,KZ=NY; KZR=Asia L @ 1864.78 1399 bars ago (low taken); EVENING 4PM-12AM IST session: stop x1.00 of usual; no partials; full size to TP5; SL steps BE->TP1->TP2->TP3
257,2023.02.09 15:52:27,2023.02.09 18:22:27,TP1_REACHED,XAUUSD,M3,83,BUY,FULLTGT,EVENING,0,1883.83,1881.20,1881.20,2.63,1.00,2.63,1886.46,1889.09,1891.72,1894.36,1896.99,0.50,0.00,0.50,1886.46,1.00,1.00,0.00,1882.20,1882.11,1881.30,1882.09,1882.06,0.594,1.37,31.41,68.24,60.64,0.40,-0.21,0.61,1880.57,1884.78,405,286,100.0,0.0,1,1,CROSS=EMA9>EMA21;TREND=1;STRUCT=1;VOL=1;COOL=1;EMA50=1;VWAP=1;BIAS=1,1.00,-0.08,26832.92,26968.42,full target: no partial booked
258,2023.02.09 15:58:16,2023.02.09 18:28:16,TP2_REACHED,XAUUSD,M3,83,BUY,FULLTGT,EVENING,0,1883.83,1881.20,1881.20,2.63,1.00,2.63,1886.46,1889.09,1891.72,1894.36,1896.99,0.50,0.00,0.50,1889.09,2.00,2.00,0.00,1882.59,1882.32,1881.42,1882.41,1882.23,0.541,1.66,41.71,71.62,69.73,1.02,0.10,0.92,1880.71,1886.99,433,311,85.7,14.3,1,1,CROSS=EMA9>EMA21;TREND=1;STRUCT=1;VOL=1;COOL=1;EMA50=1;VWAP=1;BIAS=1,2.00,-0.08,26832.92,27096.92,full target: no partial booked
259,2023.02.09 16:36:26,2023.02.09 19:06:26,EXIT_SL,XAUUSD,M3,83,BUY,FULLTGT,EVENING,0,1883.83,1881.20,1881.20,2.63,1.00,2.63,1886.46,1889.09,1891.72,1894.36,1896.99,0.50,0.50,0.00,1881.20,0.00,-1.00,-135.00,1884.24,1883.34,1882.08,1884.34,1883.37,0.651,1.94,33.08,36.53,46.82,0.57,1.30,-0.73,1881.37,1881.80,486,367,28.6,71.4,1,1,CROSS=EMA9>EMA21;TREND=1;STRUCT=1;VOL=1;COOL=1;EMA50=1;VWAP=1;BIAS=1,2.45,-0.98,26699.67,26699.67,stopped at the initial SL (x1.00 of usual)
260,2023.02.09 17:24:00,2023.02.09 19:54:00,ENTRY,XAUUSD,M3,85,SELL,FULLTGT,EVENING,0,1878.24,1881.62,1881.62,3.38,1.00,3.38,1874.86,1871.49,1868.11,1864.74,1861.36,0.39,0.39,0.39,1878.24,0.00,0.00,0.00,1882.55,1882.64,1881.90,1882.73,1882.73,0.440,1.69,42.26,31.65,36.36,-1.42,-1.16,-0.26,1881.32,1878.24,329,400,0.0,85.7,2,1,CROSS=EMA9<EMA21;TREND=1;STRUCT=1;VOL=1;COOL=1;EMA50=1;VWAP=1;BIAS=1,0.00,0.00,26698.30,26697.52,KZ=NY; KZR=Asia L @ 1864.78 1431 bars ago (low taken); EVENING 4PM-12AM IST session: stop x1.00 of usual; no partials; full size to TP5; SL steps BE->TP1->TP2->TP3
261,2023.02.09 17:29:39,2023.02.09 19:59:39,TP1_REACHED,XAUUSD,M3,85,SELL,FULLTGT,EVENING,0,1878.24,1881.62,1881.62,3.38,1.00,3.38,1874.86,1871.49,1868.11,1864.74,1861.36,0.39,0.00,0.39,1874.86,1.00,1.00,0.00,1882.35,1882.53,1881.85,1882.55,1882.64,0.404,1.69,46.01,28.83,34.05,-1.56,-1.23,-0.33,1881.29,1877.27,406,404,0.0,100.0,2,1,CROSS=EMA9<EMA21;TREND=1;STRUCT=1;VOL=1;COOL=1;EMA50=1;VWAP=1;BIAS=1,1.00,-0.01,26698.30,26830.90,full target: no partial booked
262,2023.02.09 18:02:27,2023.02.09 20:32:27,TP2_REACHED,XAUUSD,M3,85,SELL,FULLTGT,EVENING,0,1878.24,1881.62,1881.62,3.38,1.00,3.38,1874.86,1871.49,1868.11,1864.74,1861.36,0.39,0.00,0.39,1871.49,2.00,2.00,0.00,1879.40,1880.86,1881.04,1879.61,1881.00,-0.109,1.63,47.73,33.80,33.63,-2.23,-2.45,0.21,1880.79,1874.20,255,374,14.3,71.4,2,1,CROSS=EMA9<EMA21;TREND=1;STRUCT=1;VOL=1;COOL=1;EMA50=1;VWAP=1;BIAS=1,1.98,-0.01,26698.30,26961.94,full target: no partial booked
263,2023.02.09 18:03:38,2023.02.09 20:33:38,TP3_REACHED,XAUUSD,M3,85,SELL,FULLTGT,EVENING,0,1878.24,1881.62,1881.62,3.38,1.00,3.38,1874.86,1871.49,1868.11,1864.74,1861.36,0.39,0.00,0.39,1868.11,3.00,3.00,0.00,1879.03,1880.64,1880.93,1879.40,1880.86,-0.154,1.84,48.09,23.44,33.63,-2.48,-2.48,-0.00,1880.73,1869.85,377,368,0.0,100.0,2,1,CROSS=EMA9<EMA21;TREND=1;STRUCT=1;VOL=1;COOL=1;EMA50=1;VWAP=1;BIAS=1,2.99,-0.01,26698.30,27095.32,full target: no partial booked
264,2023.02.09 19:42:38,2023.02.09 22:12:38,TP4_REACHED,XAUUSD,M3,85,SELL,FULLTGT,EVENING,0,1878.24,1881.62,1881.62,3.38,1.00,3.38,1874.86,1871.49,1868.11,1864.74,1861.36,0.39,0.00,0.39,1864.74,4.00,4.00,0.00,1873.95,1876.57,1878.49,1874.26,1876.77,-1.388,1.38,38.12,24.24,28.57,-1.38,-0.40,-0.98,1879.46,1866.44,298,253,0.0,100.0,1,1,CROSS=EMA9<EMA21;TREND=1;STRUCT=1;VOL=1;COOL=1;EMA50=1;VWAP=1;BIAS=1,4.00,-0.01,26698.30,27226.36,full target: no partial booked
265,2023.02.09 21:35:40,2023.02.10 00:05:40,TP5_EXIT,XAUUSD,M3,85,SELL,FULLTGT,DAY,0,1878.24,1881.62,1881.62,3.38,1.00,3.38,1874.86,1871.49,1868.11,1864.74,1861.36,0.39,0.39,0.00,1861.25,5.00,5.00,0.00,1868.16,1871.33,1874.81,1868.29,1871.45,-2.254,1.54,21.28,43.31,36.48,-0.58,-0.73,0.15,1878.04,1865.17,177,200,14.3,57.1,1,1,CROSS=EMA9<EMA21;TREND=1;STRUCT=1;VOL=1;COOL=1;EMA50=1;VWAP=1;BIAS=1,4.98,-0.01,27359.54,27359.54,full target reached; closed in full
266,2023.02.09 21:35:41,2023.02.10 00:05:41,EXIT_TP,XAUUSD,M3,85,SELL,FULLTGT,DAY,0,1878.24,1881.62,1881.62,3.38,1.00,3.38,1874.86,1871.49,1868.11,1864.74,1861.36,0.39,0.39,0.00,1861.25,0.00,5.03,659.87,1868.16,1871.33,1874.81,1868.29,1871.45,-2.254,1.54,21.28,43.31,36.48,-0.58,-0.73,0.15,1878.04,1865.17,177,200,14.3,57.1,1,1,CROSS=EMA9<EMA21;TREND=1;STRUCT=1;VOL=1;COOL=1;EMA50=1;VWAP=1;BIAS=1,4.98,-0.01,27359.54,27359.54,TP5 exit
267,2023.02.10 01:02:00,2023.02.10 03:32:00,DAY_SUMMARY,XAUUSD,M3,85,FLAT,NA,DAY,0,0.00,0.00,0.00,0.00,1.00,0.00,0.00,0.00,0.00,0.00,0.00,0.00,0.00,0.00,0.00,0.00,2.01,243.93,1862.26,1865.03,1869.55,1862.29,1865.10,-7.884,0.57,14.71,50.74,46.56,-0.03,-0.02,-0.01,1876.74,1861.59,34,62,14.3,57.1,12,1,CROSS=EMA9<EMA21;TREND=1;STRUCT=1;VOL=1;COOL=1;EMA50=1;VWAP=1;BIAS=1,0.00,0.00,27359.54,27359.54,2023.02.09 trades=4 W=1 L=3 gross_profit=659.87 gross_loss=415.94 net=243.93 PF=1.59
268,2023.02.10 09:27:00,2023.02.10 11:57:00,SKIP,XAUUSD,M3,85,FLAT,NA,DAY,0,0.00,0.00,0.00,0.00,1.00,0.00,0.00,0.00,0.00,0.00,0.00,0.00,0.00,0.00,0.00,0.00,0.00,0.00,1858.74,1858.70,1860.78,1858.63,1858.65,-1.498,1.39,21.08,61.72,54.41,0.75,0.73,0.02,1859.48,1861.40,287,195,85.7,0.0,5,1,CROSS=EMA9<EMA21;TREND=1;STRUCT=1;VOL=1;COOL=1;EMA50=1;VWAP=1;BIAS=1,0.00,0.00,27359.54,27359.54,outside the killzone window
269,2023.02.10 17:48:00,2023.02.10 20:18:00,SKIP,XAUUSD,M3,85,FLAT,NA,EVENING,0,0.00,0.00,0.00,0.00,1.00,0.00,0.00,0.00,0.00,0.00,0.00,0.00,0.00,0.00,0.00,0.00,0.00,0.00,1863.91,1863.96,1863.65,1864.05,1864.03,0.170,1.83,22.94,37.53,41.98,-0.85,-0.55,-0.31,1862.99,1860.42,330,400,0.0,71.4,2,1,CROSS=EMA9<EMA21;TREND=1;STRUCT=1;VOL=1;COOL=1;EMA50=1;VWAP=1;BIAS=1,0.00,0.00,27359.54,27359.54,already positioned that way
270,2023.02.10 21:33:00,2023.02.11 00:03:00,SKIP,XAUUSD,M3,85,FLAT,NA,DAY,0,0.00,0.00,0.00,0.00,1.00,0.00,0.00,0.00,0.00,0.00,0.00,0.00,0.00,0.00,0.00,0.00,0.00,0.00,1862.15,1862.13,1862.42,1862.06,1862.09,-0.464,0.63,36.96,67.59,62.89,0.44,0.16,0.28,1862.51,1864.34,141,141,85.7,0.0,4,1,CROSS=EMA9<EMA21;TREND=1;STRUCT=1;VOL=1;COOL=1;EMA50=1;VWAP=1;BIAS=1,0.00,0.00,27359.54,27359.54,outside the killzone window
271,2023.02.13 01:02:00,2023.02.13 03:32:00,WEEK_SUMMARY,XAUUSD,M3,85,FLAT,NA,DAY,0,0.00,0.00,0.00,0.00,1.00,0.00,0.00,0.00,0.00,0.00,0.00,0.00,0.00,0.00,0.00,0.00,-0.00,-34.72,1864.14,1863.53,1863.16,1864.09,1863.49,0.714,0.52,20.01,59.82,60.62,0.34,0.20,0.14,1862.59,1865.44,47,50,71.4,0.0,12,1,CROSS=EMA9<EMA21;TREND=1;STRUCT=1;VOL=1;COOL=1;EMA50=1;VWAP=1;BIAS=1,0.00,0.00,27359.54,27359.54,days=3 trades=6 W=1 L=5 gross_profit=659.87 gross_loss=694.59 net=-34.72 PF=0.95 pips=558.0
272,2023.02.13 02:27:00,2023.02.13 04:57:00,SKIP,XAUUSD,M3,85,FLAT,NA,DAY,0,0.00,0.00,0.00,0.00,1.00,0.00,0.00,0.00,0.00,0.00,0.00,0.00,0.00,0.00,0.00,0.00,0.00,0.00,1863.32,1863.35,1863.17,1863.39,1863.38,0.265,0.66,53.79,34.58,38.12,-0.68,-0.55,-0.13,1863.20,1861.55,60,88,0.0,85.7,4,1,CROSS=EMA9<EMA21;TREND=1;STRUCT=1;VOL=1;COOL=1;EMA50=1;VWAP=1;BIAS=1,0.00,0.00,27359.54,27359.54,already positioned that way
273,2023.02.13 08:39:00,2023.02.13 11:09:00,SKIP,XAUUSD,M3,85,FLAT,NA,DAY,0,0.00,0.00,0.00,0.00,1.00,0.00,0.00,0.00,0.00,0.00,0.00,0.00,0.00,0.00,0.00,0.00,0.00,0.00,1860.68,1860.65,1861.21,1860.52,1860.56,-0.537,1.06,46.77,74.17,78.08,1.36,0.87,0.49,1861.10,1864.76,138,130,85.7,14.3,5,1,CROSS=EMA9<EMA21;TREND=1;STRUCT=1;VOL=1;COOL=1;EMA50=1;VWAP=1;BIAS=1,0.00,0.00,27359.54,27359.54,outside the killzone window
274,2023.02.13 11:24:00,2023.02.13 13:54:00,SKIP,XAUUSD,M3,85,FLAT,NA,DAY,0,0.00,0.00,0.00,0.00,1.00,0.00,0.00,0.00,0.00,0.00,0.00,0.00,0.00,0.00,0.00,0.00,0.00,0.00,1861.76,1861.78,1861.79,1861.86,1861.83,-0.010,1.11,27.38,38.69,37.30,-0.88,-0.65,-0.23,1861.69,1859.36,135,163,0.0,85.7,2,1,CROSS=EMA9<EMA21;TREND=1;STRUCT=1;VOL=1;COOL=1;EMA50=1;VWAP=1;BIAS=1,0.00,0.00,27359.54,27359.54,outside the killzone window
275,2023.02.13 14:03:00,2023.02.13 16:33:00,ENTRY,XAUUSD,M3,87,BUY,FULLTGT,EVENING,0,1862.51,1861.16,1861.16,1.35,1.00,1.35,1863.86,1865.22,1866.57,1867.93,1869.28,1.01,1.01,1.01,1862.51,0.00,0.00,0.00,1860.36,1860.34,1860.75,1860.27,1860.30,-0.610,0.68,38.00,64.17,61.76,0.88,0.96,-0.08,1861.01,1862.47,160,147,85.7,14.3,4,1,CROSS=EMA9>EMA21;TREND=1;STRUCT=1;VOL=1;COOL=1;EMA50=1;VWAP=1;BIAS=1,0.00,0.00,27356.00,27351.96,KZ=NY; KZR=NY L @ 1859.06 1354 bars ago (low taken); EVENING 4PM-12AM IST session: stop x1.00 of usual; no partials; full size to TP5; SL steps BE->TP1->TP2->TP3
276,2023.02.13 14:06:18,2023.02.13 16:36:18,EXIT_SL,XAUUSD,M3,87,BUY,FULLTGT,EVENING,0,1862.51,1861.16,1861.16,1.35,1.00,1.35,1863.86,1865.22,1866.57,1867.93,1869.28,1.01,1.01,0.00,1861.16,0.00,-1.00,-143.43,1860.40,1860.36,1860.76,1860.36,1860.34,-0.547,0.73,33.58,53.24,60.88,0.77,0.93,-0.16,1861.01,1861.38,149,147,71.4,28.6,3,1,CROSS=EMA9>EMA21;TREND=1;STRUCT=1;VOL=1;COOL=1;EMA50=1;VWAP=1;BIAS=1,0.07,-0.95,27216.11,27216.11,stopped at the initial SL (x1.00 of usual)
277,2023.02.13 15:30:00,2023.02.13 18:00:00,ENTRY,XAUUSD,M3,89,SELL,FULLTGT,EVENING,0,1857.64,1859.93,1859.93,2.29,1.00,2.29,1855.35,1853.07,1850.78,1848.49,1846.20,0.59,0.59,0.59,1857.64,0.00,0.00,0.00,1860.38,1860.42,1860.71,1860.49,1860.48,-0.254,1.14,29.98,31.11,33.76,-0.71,-0.29,-0.42,1860.94,1857.64,280,209,0.0,100.0,2,1,CROSS=EMA9<EMA21;TREND=1;STRUCT=1;VOL=1;COOL=1;EMA50=1;VWAP=1;BIAS=1,0.00,0.00,27214.04,27212.86,KZ=NY; KZR=NY L @ 1859.06 1383 bars ago (low taken); EVENING 4PM-12AM IST session: stop x1.00 of usual; no partials; full size to TP5; SL steps BE->TP1->TP2->TP3
278,2023.02.13 16:33:38,2023.02.13 19:03:38,TP1_REACHED,XAUUSD,M3,89,SELL,FULLTGT,EVENING,0,1857.64,1859.93,1859.93,2.29,1.00,2.29,1855.35,1853.07,1850.78,1848.49,1846.20,0.59,0.00,0.59,1855.35,1.00,1.00,0.00,1858.41,1859.21,1859.99,1858.46,1859.26,-0.754,1.03,19.60,45.96,42.84,-0.50,-0.68,0.18,1860.49,1857.12,372,228,28.6,57.1,1,1,CROSS=EMA9<EMA21;TREND=1;STRUCT=1;VOL=1;COOL=1;EMA50=1;VWAP=1;BIAS=1,0.98,-0.59,27214.04,27349.15,full target: no partial booked
279,2023.02.13 18:04:39,2023.02.13 20:34:39,TP2_REACHED,XAUUSD,M3,89,SELL,FULLTGT,EVENING,0,1857.64,1859.93,1859.93,2.29,1.00,2.29,1855.35,1853.07,1850.78,1848.49,1846.20,0.59,0.00,0.59,1853.07,2.00,2.00,0.00,1857.07,1858.01,1859.10,1857.18,1858.08,-0.835,1.31,31.42,36.86,41.85,-0.43,-0.09,-0.33,1859.84,1854.44,276,261,0.0,100.0,1,1,CROSS=EMA9<EMA21;TREND=1;STRUCT=1;VOL=1;COOL=1;EMA50=1;VWAP=1;BIAS=1,1.99,-0.77,27214.04,27487.80,full target: no partial booked
280,2023.02.13 19:01:57,2023.02.13 21:31:57,TP3_REACHED,XAUUSD,M3,89,SELL,FULLTGT,EVENING,0,1857.64,1859.93,1859.93,2.29,1.00,2.29,1855.35,1853.07,1850.78,1848.49,1846.20,0.59,0.00,0.59,1850.78,3.00,3.00,0.00,1854.93,1856.46,1858.07,1855.08,1856.56,-1.755,0.92,42.78,31.55,33.56,-0.84,-0.87,0.03,1859.33,1851.28,305,231,14.3,85.7,2,1,CROSS=EMA9<EMA21;TREND=1;STRUCT=1;VOL=1;COOL=1;EMA50=1;VWAP=1;BIAS=1,3.01,-0.77,27214.04,27619.37,full target: no partial booked
281,2023.02.14 01:02:00,2023.02.14 03:32:00,DAY_SUMMARY,XAUUSD,M3,89,SELL,FULLTGT,DAY,0,1857.64,1859.93,1859.93,2.29,1.00,2.29,1855.35,1853.07,1850.78,1848.49,1846.20,0.59,0.00,0.00,0.00,0.00,-1.00,-143.43,1853.50,1853.75,1855.01,1853.50,1853.76,-3.592,0.35,24.75,47.01,49.58,0.05,0.10,-0.05,1858.10,1853.41,23,40,0.0,71.4,12,1,CROSS=EMA9<EMA21;TREND=1;STRUCT=1;VOL=1;COOL=1;EMA50=1;VWAP=1;BIAS=1,3.14,-0.77,27214.04,27470.41,2023.02.13 trades=1 W=0 L=1 gross_profit=0.00 gross_loss=143.43 net=-143.43 PF=0.00
282,2023.02.14 02:06:00,2023.02.14 04:36:00,FLIP,XAUUSD,M3,89,SELL,FULLTGT,DAY,0,1857.64,1859.93,1859.93,2.29,1.00,2.29,1855.35,1853.07,1850.78,1848.49,1846.20,0.59,0.00,0.00,1855.18,0.00,1.08,0.00,1853.91,1853.90,1854.84,1853.86,1853.87,-2.855,0.33,24.61,69.71,65.78,0.33,0.21,0.11,1854.15,1855.16,81,38,85.7,0.0,2,1,CROSS=EMA9>EMA21;TREND=1;STRUCT=1;VOL=1;COOL=1;EMA50=1;VWAP=1;BIAS=1,3.14,-0.77,27214.04,27385.45,opposite signal before SL/target | SELL -> BUY | closing trade 89
283,2023.02.14 02:06:00,2023.02.14 04:36:00,EXIT_FLIP,XAUUSD,M3,89,SELL,FULLTGT,DAY,0,1857.64,1859.93,1859.93,2.29,1.00,2.29,1855.35,1853.07,1850.78,1848.49,1846.20,0.59,0.59,0.00,1855.18,0.00,1.08,0.00,1853.91,1853.90,1854.84,1853.86,1853.87,-2.855,0.33,24.61,69.71,65.78,0.33,0.21,0.11,1854.15,1855.16,81,38,85.7,0.0,2,1,CROSS=EMA9>EMA21;TREND=1;STRUCT=1;VOL=1;COOL=1;EMA50=1;VWAP=1;BIAS=1,3.14,-0.77,27380.51,27383.42,FLIP exit
284,2023.02.14 02:06:00,2023.02.14 04:36:00,EXIT_OTHER,XAUUSD,M3,89,SELL,FULLTGT,DAY,0,1857.64,1859.93,1859.93,2.29,1.00,2.29,1855.35,1853.07,1850.78,1848.49,1846.20,0.59,0.58,0.00,1855.18,0.00,1.08,164.40,1853.91,1853.90,1854.84,1853.86,1853.87,-2.855,0.33,24.61,69.71,65.78,0.33,0.21,0.11,1854.15,1855.16,81,38,85.7,0.0,2,1,CROSS=EMA9>EMA21;TREND=1;STRUCT=1;VOL=1;COOL=1;EMA50=1;VWAP=1;BIAS=1,3.14,-0.77,27380.51,27383.42,FLIP exit
285,2023.02.14 02:06:00,2023.02.14 04:36:00,ENTRY,XAUUSD,M3,89,BUY,FULLTGT,DAY,89,1857.64,1854.52,1854.52,0.66,1.00,0.66,1858.30,1858.96,1859.62,1860.28,1860.94,0.01,0.01,0.01,1857.64,0.00,0.00,0.00,1853.91,1853.90,1854.84,1853.86,1853.87,-2.855,0.33,24.61,69.71,65.78,0.33,0.21,0.11,1854.15,1855.16,81,38,85.7,0.0,2,1,CROSS=EMA9>EMA21;TREND=1;STRUCT=1;VOL=1;COOL=1;EMA50=1;VWAP=1;BIAS=1,0.00,0.00,27373.26,27372.03,KZ=ASIA; KZR=NY L @ 1853.25 160 bars ago (low taken); DAY 12AM-4PM IST session: stop x1.00 of usual; no partials; full size to TP5; SL steps BE->TP1->TP2->TP3; flipped from trade 89
286,2023.02.14 04:41:11,2023.02.14 07:11:11,TP1_REACHED,XAUUSD,M3,89,BUY,FULLTGT,DAY,89,1857.64,1854.52,1854.52,0.66,1.00,0.66,1858.30,1858.96,1859.62,1860.28,1860.94,0.01,0.00,0.01,1858.30,1.00,1.00,0.00,1856.00,1855.35,1855.34,1855.93,1855.30,0.009,0.70,18.76,64.15,67.45,0.46,0.41,0.05,1855.83,1857.65,85,122,71.4,0.0,2,1,CROSS=EMA9>EMA21;TREND=1;STRUCT=1;VOL=1;COOL=1;EMA50=1;VWAP=1;BIAS=1,0.98,-4.79,27221.11,27220.88,full target: no partial booked
287,2023.02.14 06:49:35,2023.02.14 09:19:35,TP2_REACHED,XAUUSD,M3,89,BUY,FULLTGT,DAY,89,1857.64,1854.52,1854.52,0.66,1.00,0.66,1858.30,1858.96,1859.62,1860.28,1860.94,0.01,0.00,0.01,1858.96,2.00,2.00,0.00,1857.51,1856.74,1856.18,1857.46,1856.70,1.697,0.33,32.77,64.82,62.90,0.31,0.21,0.10,1856.40,1858.75,45,51,85.7,0.0,4,1,CROSS=EMA9>EMA21;TREND=1;STRUCT=1;VOL=1;COOL=1;EMA50=1;VWAP=1;BIAS=1,1.91,-4.79,27221.11,27220.20,full target: no partial booked
288,2023.02.14 08:01:17,2023.02.14 10:31:17,TP3_REACHED,XAUUSD,M3,89,BUY,FULLTGT,DAY,89,1857.64,1854.52,1854.52,0.66,1.00,0.66,1858.30,1858.96,1859.62,1860.28,1860.94,0.01,0.00,0.01,1859.62,3.00,3.00,0.00,1858.20,1857.46,1856.70,1858.15,1857.42,1.583,0.48,19.01,61.05,64.00,0.20,0.11,0.09,1856.79,1859.38,64,94,71.4,0.0,5,1,CROSS=EMA9>EMA21;TREND=1;STRUCT=1;VOL=1;COOL=1;EMA50=1;VWAP=1;BIAS=1,2.94,-4.79,27221.11,27219.53,full target: no partial booked
289,2023.02.14 08:01:26,2023.02.14 10:31:26,EXIT_SL,XAUUSD,M3,89,BUY,FULLTGT,DAY,89,1857.64,1854.52,1854.52,0.66,1.00,0.66,1858.30,1858.96,1859.62,1860.28,1860.94,0.01,0.59,0.00,1859.93,0.00,3.47,162.52,1858.20,1857.46,1856.70,1858.15,1857.42,1.583,0.48,19.01,61.05,64.00,0.20,0.11,0.09,1856.79,1859.38,64,94,71.4,0.0,5,1,CROSS=EMA9>EMA21;TREND=1;STRUCT=1;VOL=1;COOL=1;EMA50=1;VWAP=1;BIAS=1,3.32,-4.79,27219.23,27219.23,stopped at the initial SL (x1.00 of usual)
290,2023.02.14 13:30:00,2023.02.14 16:00:00,SKIP,XAUUSD,M3,89,FLAT,NA,EVENING,89,0.00,0.00,0.00,0.00,1.00,0.00,0.00,0.00,0.00,0.00,0.00,0.00,0.00,0.00,0.00,0.00,0.00,0.00,1859.98,1859.98,1859.16,1860.12,1860.05,1.092,0.75,71.40,23.45,29.79,-1.02,-0.78,-0.24,1858.95,1856.50,125,118,0.0,100.0,3,1,CROSS=EMA9>EMA21;TREND=1;STRUCT=1;VOL=1;COOL=1;EMA50=1;VWAP=1;BIAS=1,0.00,0.00,27219.23,27219.23,outside the killzone window
291,2023.02.14 15:36:00,2023.02.14 18:06:00,SKIP,XAUUSD,M3,89,FLAT,NA,EVENING,89,0.00,0.00,0.00,0.00,1.00,0.00,0.00,0.00,0.00,0.00,0.00,0.00,0.00,0.00,0.00,0.00,0.00,0.00,1859.62,1859.49,1859.08,1859.36,1859.36,0.135,3.09,18.93,68.00,66.75,1.18,0.44,0.74,1859.07,1865.94,682,300,71.4,14.3,2,1,CROSS=EMA9>EMA21;TREND=1;STRUCT=1;VOL=1;COOL=1;EMA50=1;VWAP=1;BIAS=1,0.00,0.00,27219.23,27219.23,already positioned that way
292,2023.02.14 16:27:00,2023.02.14 18:57:00,ENTRY,XAUUSD,M3,94,SELL,FULLTGT,EVENING,0,1851.88,1859.36,1859.36,7.48,1.00,7.48,1844.40,1836.91,1829.43,1821.95,1814.47,0.18,0.18,0.18,1851.88,0.00,0.00,0.00,1859.53,1859.56,1859.20,1859.84,1859.72,0.097,3.74,24.91,33.96,37.35,-1.50,-0.01,-1.49,1859.35,1851.91,532,575,0.0,71.4,1,1,CROSS=EMA9<EMA21;TREND=1;STRUCT=1;VOL=1;COOL=1;EMA50=1;VWAP=1;BIAS=1,0.00,0.00,27218.60,27218.42,KZ=NY; KZR=NY L @ 1853.25 447 bars ago (low taken); EVENING 4PM-12AM IST session: stop x1.00 of usual; no partials; full size to TP5; SL steps BE->TP1->TP2->TP3
293,2023.02.14 16:31:36,2023.02.14 19:01:36,TP1_REACHED,XAUUSD,M3,94,SELL,FULLTGT,EVENING,0,1851.88,1859.36,1859.36,7.48,1.00,7.48,1844.40,1836.91,1829.43,1821.95,1814.47,0.18,0.00,0.18,1844.40,1.00,1.00,0.00,1859.13,1859.36,1859.10,1859.53,1859.56,0.071,3.66,30.41,30.58,33.74,-2.05,-0.37,-1.69,1859.24,1849.38,555,588,0.0,85.7,3,1,CROSS=EMA9<EMA21;TREND=1;STRUCT=1;VOL=1;COOL=1;EMA50=1;VWAP=1;BIAS=1,1.00,-0.05,27218.60,27354.14,full target: no partial booked
294,2023.02.14 17:03:26,2023.02.14 19:33:26,EXIT_SL,XAUUSD,M3,94,SELL,FULLTGT,EVENING,0,1851.88,1859.36,1859.36,7.48,1.00,7.48,1844.40,1836.91,1829.43,1821.95,1814.47,0.18,0.18,0.00,1859.38,0.00,-1.00,-136.26,1856.18,1857.63,1858.21,1856.14,1857.64,-0.154,3.73,31.85,55.12,51.02,-1.41,-2.89,1.48,1858.11,1857.14,575,572,71.4,28.6,2,1,CROSS=EMA9<EMA21;TREND=1;STRUCT=1;VOL=1;COOL=1;EMA50=1;VWAP=1;BIAS=1,1.13,-1.00,27082.97,27082.97,stopped at the initial SL (x1.00 of usual)
295,2023.02.14 22:21:00,2023.02.15 00:51:00,SKIP,XAUUSD,M3,94,FLAT,NA,DAY,0,0.00,0.00,0.00,0.00,1.00,0.00,0.00,0.00,0.00,0.00,0.00,0.00,0.00,0.00,0.00,0.00,0.00,0.00,1853.92,1853.91,1854.97,1853.87,1853.89,-1.150,0.92,22.66,55.34,57.18,0.42,0.49,-0.07,1856.24,1855.10,185,210,42.9,28.6,3,1,CROSS=EMA9<EMA21;TREND=1;STRUCT=1;VOL=1;COOL=1;EMA50=1;VWAP=1;BIAS=1,0.00,0.00,27082.97,27082.97,outside the killzone window
296,2023.02.15 01:02:00,2023.02.15 03:32:00,DAY_SUMMARY,XAUUSD,M3,94,FLAT,NA,DAY,0,0.00,0.00,0.00,0.00,1.00,0.00,0.00,0.00,0.00,0.00,0.00,0.00,0.00,0.00,0.00,0.00,3.54,190.66,1854.53,1854.35,1854.93,1854.53,1854.35,-1.888,0.31,15.80,45.98,47.99,-0.17,-0.15,-0.01,1856.20,1854.36,31,40,14.3,57.1,12,1,CROSS=EMA9<EMA21;TREND=1;STRUCT=1;VOL=1;COOL=1;EMA50=1;VWAP=1;BIAS=1,0.00,0.00,27082.97,27082.97,2023.02.14 trades=3 W=2 L=1 gross_profit=326.92 gross_loss=136.26 net=190.66 PF=2.40
297,2023.02.15 05:09:00,2023.02.15 07:39:00,SKIP,XAUUSD,M3,94,FLAT,NA,DAY,0,0.00,0.00,0.00,0.00,1.00,0.00,0.00,0.00,0.00,0.00,0.00,0.00,0.00,0.00,0.00,0.00,0.00,0.00,1855.28,1855.30,1855.26,1855.49,1855.40,0.026,1.20,58.69,21.76,26.75,-1.70,-1.14,-0.56,1855.67,1850.06,189,160,0.0,100.0,7,1,CROSS=EMA9<EMA21;TREND=1;STRUCT=1;VOL=1;COOL=1;EMA50=1;VWAP=1;BIAS=1,0.00,0.00,27082.97,27082.97,already positioned that way
298,2023.02.15 21:06:00,2023.02.15 23:36:00,SKIP,XAUUSD,M3,94,FLAT,NA,EVENING,0,0.00,0.00,0.00,0.00,1.00,0.00,0.00,0.00,0.00,0.00,0.00,0.00,0.00,0.00,0.00,0.00,0.00,0.00,1835.02,1835.01,1836.40,1834.94,1834.97,-1.638,0.85,29.08,64.74,60.55,0.50,0.27,0.22,1839.06,1836.85,133,226,71.4,14.3,3,1,CROSS=EMA9<EMA21;TREND=1;STRUCT=1;VOL=1;COOL=1;EMA50=1;VWAP=1;BIAS=1,0.00,0.00,27082.97,27082.97,outside the killzone window
299,2023.02.16 07:51:00,2023.02.16 10:21:00,SKIP,XAUUSD,M3,94,FLAT,NA,DAY,0,0.00,0.00,0.00,0.00,1.00,0.00,0.00,0.00,0.00,0.00,0.00,0.00,0.00,0.00,0.00,0.00,0.00,0.00,1839.24,1839.26,1838.64,1839.35,1839.32,0.681,0.92,34.45,34.04,32.20,-0.93,-0.73,-0.20,1839.21,1836.50,218,120,14.3,85.7,1,1,CROSS=EMA9<EMA21;TREND=1;STRUCT=1;VOL=1;COOL=1;EMA50=1;VWAP=1;BIAS=1,0.00,0.00,27082.97,27082.97,already positioned that way
300,2023.02.16 10:03:00,2023.02.16 12:33:00,SKIP,XAUUSD,M3,94,FLAT,NA,DAY,0,0.00,0.00,0.00,0.00,1.00,0.00,0.00,0.00,0.00,0.00,0.00,0.00,0.00,0.00,0.00,0.00,0.00,0.00,1838.58,1838.56,1838.36,1838.50,1838.51,0.254,0.78,67.43,64.09,69.77,0.89,0.78,0.11,1838.79,1840.68,249,158,85.7,14.3,5,1,CROSS=EMA9<EMA21;TREND=1;STRUCT=1;VOL=1;COOL=1;EMA50=1;VWAP=1;BIAS=1,0.00,0.00,27082.97,27082.97,outside the killzone window
301,2023.02.16 11:42:00,2023.02.16 14:12:00,SKIP,XAUUSD,M3,94,FLAT,NA,DAY,0,0.00,0.00,0.00,0.00,1.00,0.00,0.00,0.00,0.00,0.00,0.00,0.00,0.00,0.00,0.00,0.00,0.00,0.00,1838.84,1838.88,1838.65,1838.96,1838.95,0.254,0.92,47.48,32.72,33.32,-0.77,-0.43,-0.33,1839.05,1835.87,132,161,0.0,85.7,4,1,CROSS=EMA9<EMA21;TREND=1;STRUCT=1;VOL=1;COOL=1;EMA50=1;VWAP=1;BIAS=1,0.00,0.00,27082.97,27082.97,outside the killzone window
302,2023.02.16 15:12:00,2023.02.16 17:42:00,ENTRY,XAUUSD,M3,96,BUY,FULLTGT,EVENING,0,1838.73,1836.86,1836.86,1.87,1.00,1.87,1840.60,1842.46,1844.33,1846.19,1848.06,0.72,0.72,0.72,1838.73,0.00,0.00,0.00,1838.02,1838.02,1838.13,1837.99,1838.00,-0.120,0.93,36.96,54.15,58.20,0.53,0.47,0.06,1838.65,1838.80,216,179,85.7,14.3,3,1,CROSS=EMA9>EMA21;TREND=1;STRUCT=1;VOL=1;COOL=1;EMA50=1;VWAP=1;BIAS=1,0.00,0.00,27080.45,27078.29,KZ=NY; KZR=Asia L @ 1834.53 133 bars ago (low taken); EVENING 4PM-12AM IST session: stop x1.00 of usual; no partials; full size to TP5; SL steps BE->TP1->TP2->TP3
303,2023.02.16 15:20:37,2023.02.16 17:50:37,EXIT_SL,XAUUSD,M3,96,BUY,FULLTGT,EVENING,0,1838.73,1836.86,1836.86,1.87,1.00,1.87,1840.60,1842.46,1844.33,1846.19,1848.06,0.72,0.72,0.00,1836.84,0.00,-1.01,-141.12,1838.08,1838.05,1838.14,1838.04,1838.03,-0.106,0.88,31.48,56.30,53.71,0.46,0.52,-0.06,1838.66,1839.10,212,189,85.7,14.3,1,1,CROSS=EMA9>EMA21;TREND=1;STRUCT=1;VOL=1;COOL=1;EMA50=1;VWAP=1;BIAS=1,0.37,-1.00,26941.85,26941.85,stopped at the initial SL (x1.00 of usual)
304,2023.02.16 15:24:00,2023.02.16 17:54:00,ENTRY,XAUUSD,M3,98,SELL,FULLTGT,EVENING,0,1836.59,1838.79,1838.79,2.20,1.00,2.20,1834.39,1832.18,1829.98,1827.78,1825.58,0.61,0.61,0.61,1836.59,0.00,0.00,0.00,1837.97,1837.99,1838.11,1838.03,1838.02,-0.109,1.10,29.54,38.75,53.71,0.07,0.45,-0.38,1838.63,1836.56,323,206,14.3,85.7,6,1,CROSS=EMA9<EMA21;TREND=1;STRUCT=1;VOL=1;COOL=1;EMA50=1;VWAP=1;BIAS=1,0.00,0.00,26939.71,26936.05,KZ=NY; KZR=Asia L @ 1834.53 137 bars ago (low taken); EVENING 4PM-12AM IST session: stop x1.00 of usual; no partials; full size to TP5; SL steps BE->TP1->TP2->TP3
305,2023.02.16 15:30:28,2023.02.16 18:00:28,TP1_REACHED,XAUUSD,M3,98,SELL,FULLTGT,EVENING,0,1836.59,1838.79,1838.79,2.20,1.00,2.20,1834.39,1832.18,1829.98,1827.78,1825.58,0.61,0.00,0.61,1834.39,1.00,1.00,0.00,1837.84,1837.93,1838.08,1837.90,1837.96,-0.136,1.10,30.24,37.52,40.27,-0.21,0.29,-0.50,1838.60,1836.32,178,216,0.0,85.7,4,1,CROSS=EMA9<EMA21;TREND=1;STRUCT=1;VOL=1;COOL=1;EMA50=1;VWAP=1;BIAS=1,0.99,-0.22,26939.71,27078.18,full target: no partial booked
306,2023.02.16 15:30:40,2023.02.16 18:00:40,TP2_REACHED,XAUUSD,M3,98,SELL,FULLTGT,EVENING,0,1836.59,1838.79,1838.79,2.20,1.00,2.20,1834.39,1832.18,1829.98,1827.78,1825.58,0.61,0.00,0.61,1832.18,2.00,2.00,0.00,1837.84,1837.93,1838.08,1837.90,1837.96,-0.136,1.10,30.24,37.52,40.27,-0.21,0.29,-0.50,1838.60,1836.32,178,216,0.0,85.7,4,1,CROSS=EMA9<EMA21;TREND=1;STRUCT=1;VOL=1;COOL=1;EMA50=1;VWAP=1;BIAS=1,1.98,-0.22,26939.71,27212.38,full target: no partial booked
307,2023.02.16 15:47:40,2023.02.16 18:17:40,TP3_REACHED,XAUUSD,M3,98,SELL,FULLTGT,EVENING,0,1836.59,1838.79,1838.79,2.20,1.00,2.20,1834.39,1832.18,1829.98,1827.78,1825.58,0.61,0.00,0.61,1829.98,3.00,3.00,0.00,1837.51,1837.75,1837.98,1837.61,1837.80,-0.131,1.77,33.42,37.49,39.34,-0.59,-0.24,-0.35,1838.41,1835.13,489,299,0.0,100.0,2,1,CROSS=EMA9<EMA21;TREND=1;STRUCT=1;VOL=1;COOL=1;EMA50=1;VWAP=1;BIAS=1,2.99,-0.65,26939.71,27344.14,full target: no partial booked
308,2023.02.16 15:49:40,2023.02.16 18:19:40,TP4_REACHED,XAUUSD,M3,98,SELL,FULLTGT,EVENING,0,1836.59,1838.79,1838.79,2.20,1.00,2.20,1834.39,1832.18,1829.98,1827.78,1825.58,0.61,0.00,0.61,1827.78,4.00,4.00,0.00,1837.22,1837.59,1837.90,1837.51,1837.75,-0.143,2.12,35.90,23.75,39.34,-1.07,-0.39,-0.69,1838.31,1830.10,620,322,0.0,100.0,2,1,CROSS=EMA9<EMA21;TREND=1;STRUCT=1;VOL=1;COOL=1;EMA50=1;VWAP=1;BIAS=1,3.99,-0.65,26939.71,27478.34,full target: no partial booked
309,2023.02.16 18:31:40,2023.02.16 21:01:40,EXIT_SL,XAUUSD,M3,98,SELL,FULLTGT,EVENING,0,1836.59,1838.79,1838.79,2.20,1.00,2.20,1834.39,1832.18,1829.98,1827.78,1825.58,0.61,0.61,0.00,1838.81,0.00,-1.01,-139.70,1833.59,1834.46,1835.74,1833.46,1834.41,-1.001,1.28,22.29,66.65,61.09,0.57,0.45,0.13,1836.37,1836.80,287,330,57.1,14.3,6,1,CROSS=EMA9<EMA21;TREND=1;STRUCT=1;VOL=1;COOL=1;EMA50=1;VWAP=1;BIAS=1,4.05,-0.99,26802.15,26802.15,stopped at the initial SL (x1.00 of usual)
310,2023.02.16 18:57:00,2023.02.16 21:27:00,SKIP,XAUUSD,M3,98,FLAT,NA,EVENING,0,0.00,0.00,0.00,0.00,1.00,0.00,0.00,0.00,0.00,0.00,0.00,0.00,0.00,0.00,0.00,0.00,0.00,0.00,1835.36,1835.26,1836.04,1835.11,1835.14,-0.418,1.87,45.59,67.30,65.45,2.05,1.41,0.64,1836.51,1841.42,285,320,85.7,0.0,1,1,CROSS=EMA9<EMA21;TREND=1;STRUCT=1;VOL=1;COOL=1;EMA50=1;VWAP=1;BIAS=1,0.00,0.00,26802.15,26802.15,outside the killzone window
311,2023.02.16 23:24:00,2023.02.17 01:54:00,SKIP,XAUUSD,M3,98,FLAT,NA,DAY,0,0.00,0.00,0.00,0.00,1.00,0.00,0.00,0.00,0.00,0.00,0.00,0.00,0.00,0.00,0.00,0.00,0.00,0.00,1839.80,1839.84,1839.07,1839.92,1839.90,0.692,1.12,37.97,38.13,40.78,-0.89,-1.09,0.21,1837.56,1836.82,78,183,14.3,71.4,2,1,CROSS=EMA9<EMA21;TREND=1;STRUCT=1;VOL=1;COOL=1;EMA50=1;VWAP=1;BIAS=1,0.00,0.00,26802.15,26802.15,outside the killzone window
312,2023.02.17 01:02:00,2023.02.17 03:32:00,DAY_SUMMARY,XAUUSD,M3,98,FLAT,NA,DAY,0,0.00,0.00,0.00,0.00,1.00,0.00,0.00,0.00,0.00,0.00,0.00,0.00,0.00,0.00,0.00,0.00,-2.02,-280.82,1838.63,1839.18,1838.81,1838.72,1839.24,0.646,0.58,29.06,40.03,38.21,-0.64,-0.80,0.16,1837.56,1836.43,42,83,14.3,71.4,12,1,CROSS=EMA9<EMA21;TREND=1;STRUCT=1;VOL=1;COOL=1;EMA50=1;VWAP=1;BIAS=1,0.00,0.00,26802.15,26802.15,2023.02.16 trades=2 W=0 L=2 gross_profit=0.00 gross_loss=280.82 net=-280.82 PF=0.00
313,2023.02.17 14:24:00,2023.02.17 16:54:00,ENTRY,XAUUSD,M3,100,BUY,FULLTGT,EVENING,0,1827.23,1825.36,1825.36,1.87,1.00,1.87,1829.10,1830.97,1832.84,1834.72,1836.59,0.71,0.71,0.71,1827.23,0.00,0.00,0.00,1824.20,1824.16,1825.76,1824.08,1824.09,-1.716,0.94,30.99,69.68,63.73,0.68,0.43,0.25,1826.14,1827.20,162,142,100.0,0.0,3,1,CROSS=EMA9>EMA21;TREND=1;STRUCT=1;VOL=1;COOL=1;EMA50=1;VWAP=1;BIAS=1,0.00,0.00,26799.66,26797.53,KZ=NY; KZR=Asia L @ 1823.93 117 bars ago (low taken); EVENING 4PM-12AM IST session: stop x1.00 of usual; no partials; full size to TP5; SL steps BE->TP1->TP2->TP3
314,2023.02.17 15:46:38,2023.02.17 18:16:38,TP1_REACHED,XAUUSD,M3,100,BUY,FULLTGT,EVENING,0,1827.23,1825.36,1825.36,1.87,1.00,1.87,1829.10,1830.97,1832.84,1834.72,1836.59,0.71,0.00,0.71,1829.10,1.00,1.00,0.00,1826.36,1825.54,1826.17,1826.32,1825.51,-0.467,1.34,15.93,51.34,53.48,0.29,0.40,-0.11,1826.33,1827.28,174,228,57.1,14.3,3,1,CROSS=EMA9>EMA21;TREND=1;STRUCT=1;VOL=1;COOL=1;EMA50=1;VWAP=1;BIAS=1,1.00,-0.83,26799.66,26935.27,full target: no partial booked
315,2023.02.17 16:38:39,2023.02.17 19:08:39,EXIT_SL,XAUUSD,M3,100,BUY,FULLTGT,EVENING,0,1827.23,1825.36,1825.36,1.87,1.00,1.87,1829.10,1830.97,1832.84,1834.72,1836.59,0.71,0.71,0.00,1825.36,0.00,-1.00,-137.75,1826.96,1826.14,1826.39,1826.95,1826.11,-0.177,1.46,19.37,48.80,53.97,-0.01,0.16,-0.17,1826.47,1827.19,398,278,57.1,28.6,4,1,CROSS=EMA9>EMA21;TREND=1;STRUCT=1;VOL=1;COOL=1;EMA50=1;VWAP=1;BIAS=1,1.67,-0.99,26664.40,26664.40,stopped at the initial SL (x1.00 of usual)
316,2023.02.20 01:02:00,2023.02.20 03:32:00,DAY_SUMMARY,XAUUSD,M3,100,FLAT,NA,DAY,0,0.00,0.00,0.00,0.00,1.00,0.00,0.00,0.00,0.00,0.00,0.00,0.00,0.00,0.00,0.00,0.00,-1.00,-137.75,1842.03,1840.77,1837.52,1842.04,1840.75,7.329,0.44,32.30,48.31,47.79,-0.17,-0.17,0.00,1831.43,1841.94,76,54,57.1,42.9,58,1,CROSS=EMA9>EMA21;TREND=1;STRUCT=1;VOL=1;COOL=1;EMA50=1;VWAP=1;BIAS=1,0.00,0.00,26664.40,26664.40,2023.02.17 trades=1 W=0 L=1 gross_profit=0.00 gross_loss=137.75 net=-137.75 PF=0.00
317,2023.02.20 01:02:00,2023.02.20 03:32:00,WEEK_SUMMARY,XAUUSD,M3,100,FLAT,NA,DAY,0,0.00,0.00,0.00,0.00,1.00,0.00,0.00,0.00,0.00,0.00,0.00,0.00,0.00,0.00,0.00,0.00,-0.47,-371.34,1842.03,1840.77,1837.52,1842.04,1840.75,7.329,0.44,32.30,48.31,47.79,-0.17,-0.17,0.00,1831.43,1841.94,76,54,57.1,42.9,58,1,CROSS=EMA9>EMA21;TREND=1;STRUCT=1;VOL=1;COOL=1;EMA50=1;VWAP=1;BIAS=1,0.00,0.00,26664.40,26664.40,days=4 trades=7 W=2 L=5 gross_profit=326.92 gross_loss=698.26 net=-371.34 PF=0.47 pips=-1008.0
318,2023.02.20 02:18:00,2023.02.20 04:48:00,ENTRY,XAUUSD,M3,102,SELL,FULLTGT,DAY,0,1837.53,1838.91,1838.91,1.38,1.00,1.38,1836.15,1834.77,1833.39,1832.02,1830.64,0.96,0.96,0.96,1837.53,0.00,0.00,0.00,1840.07,1840.11,1837.91,1840.18,1840.17,3.197,0.69,39.07,32.90,25.21,-0.88,-0.79,-0.09,1839.25,1837.53,62,62,0.0,85.7,8,1,CROSS=EMA9<EMA21;TREND=1;STRUCT=1;VOL=1;COOL=1;EMA50=1;VWAP=1;BIAS=1,0.00,0.00,26661.04,26653.36,KZ=ASIA; KZR=Asia L @ 1823.93 1315 bars ago (low taken); DAY 12AM-4PM IST session: stop x1.00 of usual; no partials; full size to TP5; SL steps BE->TP1->TP2->TP3
319,2023.02.20 02:22:59,2023.02.20 04:52:59,EXIT_SL,XAUUSD,M3,102,SELL,FULLTGT,DAY,0,1837.53,1838.91,1838.91,1.38,1.00,1.38,1836.15,1834.77,1833.39,1832.02,1830.64,0.96,0.96,0.00,1838.92,0.00,-1.01,-140.16,1840.01,1840.08,1837.91,1840.07,1840.11,3.130,0.69,34.13,42.65,29.40,-0.81,-0.80,-0.01,1839.19,1838.38,87,64,14.3,85.7,13,1,CROSS=EMA9<EMA21;TREND=1;STRUCT=1;VOL=1;COOL=1;EMA50=1;VWAP=1;BIAS=1,0.00,-0.98,26524.24,26524.24,stopped at the initial SL (x1.00 of usual)
320,2023.02.20 04:18:00,2023.02.20 06:48:00,ENTRY,XAUUSD,M3,104,BUY,FULLTGT,DAY,0,1841.89,1840.09,1840.09,1.80,1.00,1.80,1843.69,1845.50,1847.30,1849.10,1850.90,0.73,0.73,0.73,1841.89,0.00,0.00,0.00,1839.88,1839.86,1838.45,1839.80,1839.82,1.559,0.90,31.90,62.85,59.84,0.51,0.27,0.23,1839.46,1841.83,104,119,85.7,0.0,8,1,CROSS=EMA9>EMA21;TREND=1;STRUCT=1;VOL=1;COOL=1;EMA50=1;VWAP=1;BIAS=1,0.00,0.00,26521.68,26515.84,KZ=ASIA; KZR=Asia L @ 1823.93 1355 bars ago (low taken); DAY 12AM-4PM IST session: stop x1.00 of usual; no partials; full size to TP5; SL steps BE->TP1->TP2->TP3
321,2023.02.20 06:05:37,2023.02.20 08:35:37,TP1_REACHED,XAUUSD,M3,104,BUY,FULLTGT,DAY,0,1841.89,1840.09,1840.09,1.80,1.00,1.80,1843.69,1845.50,1847.30,1849.10,1850.90,0.73,0.00,0.73,1843.69,1.00,1.00,0.00,1841.69,1841.07,1839.58,1841.64,1841.04,3.479,0.43,29.57,59.79,64.52,0.27,0.22,0.05,1840.40,1842.83,69,69,100.0,0.0,6,1,CROSS=EMA9>EMA21;TREND=1;STRUCT=1;VOL=1;COOL=1;EMA50=1;VWAP=1;BIAS=1,0.98,-0.29,26521.68,26654.54,full target: no partial booked
322,2023.02.20 08:05:38,2023.02.20 10:35:38,TP2_REACHED,XAUUSD,M3,104,BUY,FULLTGT,DAY,0,1841.89,1840.09,1840.09,1.80,1.00,1.80,1843.69,1845.50,1847.30,1849.10,1850.90,0.73,0.00,0.73,1845.50,2.00,2.00,0.00,1842.85,1842.22,1840.77,1842.82,1842.19,1.644,0.89,40.86,54.43,62.59,0.34,0.07,0.27,1841.26,1843.63,145,100,85.7,14.3,4,1,CROSS=EMA9>EMA21;TREND=1;STRUCT=1;VOL=1;COOL=1;EMA50=1;VWAP=1;BIAS=1,1.98,-0.37,26521.68,26785.94,full target: no partial booked
323,2023.02.20 10:06:13,2023.02.20 12:36:13,TP3_REACHED,XAUUSD,M3,104,BUY,FULLTGT,DAY,0,1841.89,1840.09,1840.09,1.80,1.00,1.80,1843.69,1845.50,1847.30,1849.10,1850.90,0.73,0.00,0.73,1847.30,3.00,3.00,0.00,1844.61,1843.69,1842.11,1844.50,1843.62,1.600,0.99,40.64,67.02,70.95,0.62,0.46,0.16,1842.28,1847.10,234,134,100.0,0.0,2,1,CROSS=EMA9>EMA21;TREND=1;STRUCT=1;VOL=1;COOL=1;EMA50=1;VWAP=1;BIAS=1,3.00,-0.37,26521.68,26916.61,full target: no partial booked
324,2023.02.20 14:45:00,2023.02.20 17:15:00,SKIP,XAUUSD,M3,104,BUY,FULLTGT,EVENING,0,1841.89,1840.09,1840.09,1.80,1.00,1.80,1843.69,1845.50,1847.30,1849.10,1850.90,0.73,0.00,0.00,0.00,0.00,0.00,0.00,1844.01,1844.01,1843.33,1844.04,1844.03,1.533,0.45,25.59,40.96,41.14,-0.22,-0.20,-0.02,1843.05,1843.22,74,101,14.3,71.4,6,1,CROSS=EMA9<EMA21;TREND=1;STRUCT=1;VOL=1;COOL=1;EMA50=1;VWAP=0;BIAS=1,3.12,-0.41,26521.68,26617.31,quality filter
325,2023.02.20 15:33:00,2023.02.20 18:03:00,SKIP,XAUUSD,M3,104,BUY,FULLTGT,EVENING,0,1841.89,1840.09,1840.09,1.80,1.00,1.80,1843.69,1845.50,1847.30,1849.10,1850.90,0.73,0.00,0.00,0.00,0.00,0.00,0.00,1844.01,1843.99,1843.41,1843.92,1843.95,0.775,0.75,23.61,73.34,65.30,0.37,-0.01,0.38,1843.11,1846.21,165,138,85.7,0.0,2,1,CROSS=EMA9>EMA21;TREND=1;STRUCT=1;VOL=1;COOL=1;EMA50=1;VWAP=1;BIAS=1,3.12,-0.41,26521.68,26837.04,already positioned that way
326,2023.02.20 17:54:00,2023.02.20 20:24:00,SKIP,XAUUSD,M3,104,BUY,FULLTGT,EVENING,0,1841.89,1840.09,1840.09,1.80,1.00,1.80,1843.69,1845.50,1847.30,1849.10,1850.90,0.73,0.00,0.00,0.00,0.00,0.00,0.00,1844.53,1844.53,1844.01,1844.55,1844.54,0.670,0.78,35.79,47.73,43.19,-0.59,-0.68,0.08,1843.50,1843.97,130,126,42.9,57.1,6,1,CROSS=EMA9<EMA21;TREND=1;STRUCT=1;VOL=1;COOL=1;EMA50=1;VWAP=0;BIAS=1,3.12,-0.41,26521.68,26671.33,quality filter
327,2023.02.21 01:02:00,2023.02.21 03:32:00,DAY_SUMMARY,XAUUSD,M3,104,BUY,FULLTGT,DAY,0,1841.89,1840.09,1840.09,1.80,1.00,1.80,1843.69,1845.50,1847.30,1849.10,1850.90,0.73,0.00,0.00,0.00,0.00,-1.01,-140.16,1841.60,1842.33,1842.87,1841.62,1842.35,-2.464,0.22,13.30,49.85,45.11,-0.05,-0.07,0.03,1843.37,1841.28,29,39,14.3,57.1,12,1,CROSS=EMA9<EMA21;TREND=1;STRUCT=1;VOL=1;COOL=1;EMA50=1;VWAP=0;BIAS=1,3.12,-0.78,26521.68,26470.43,2023.02.20 trades=1 W=0 L=1 gross_profit=0.00 gross_loss=140.16 net=-140.16 PF=0.00
328,2023.02.21 03:33:33,2023.02.21 06:03:33,EXIT_SL,XAUUSD,M3,104,BUY,FULLTGT,DAY,0,1841.89,1840.09,1840.09,1.80,1.00,1.80,1843.69,1845.50,1847.30,1849.10,1850.90,0.73,0.73,0.00,1840.06,0.00,-1.02,-184.85,1841.99,1842.17,1842.57,1842.03,1842.20,-0.470,0.83,19.38,38.25,45.04,-0.16,-0.07,-0.09,1842.06,1840.84,161,119,0.0,85.7,6,1,CROSS=EMA9<EMA21;TREND=1;STRUCT=1;VOL=1;COOL=1;EMA50=1;VWAP=0;BIAS=1,3.12,-0.99,26339.39,26339.39,stopped at the initial SL (x1.00 of usual)
329,2023.02.21 04:48:00,2023.02.21 07:18:00,SKIP,XAUUSD,M3,104,FLAT,NA,DAY,0,0.00,0.00,0.00,0.00,1.00,0.00,0.00,0.00,0.00,0.00,0.00,0.00,0.00,0.00,0.00,0.00,0.00,0.00,1842.27,1842.26,1842.53,1842.24,1842.25,-0.363,0.72,25.44,56.86,51.38,0.21,0.14,0.07,1842.16,1843.06,137,114,100.0,0.0,4,1,CROSS=EMA9>EMA21;TREND=1;STRUCT=1;VOL=1;COOL=1;EMA50=1;VWAP=1;BIAS=1,0.00,0.00,26339.39,26339.39,already positioned that way
330,2023.02.21 05:03:00,2023.02.21 07:33:00,ENTRY,XAUUSD,M3,106,SELL,FULLTGT,DAY,0,1841.63,1842.91,1842.91,1.28,1.00,1.28,1840.35,1839.07,1837.79,1836.50,1835.22,1.02,1.02,1.02,1841.63,0.00,0.00,0.00,1842.25,1842.25,1842.51,1842.27,1842.26,-0.398,0.64,22.21,43.34,43.28,-0.03,0.15,-0.18,1842.15,1841.63,127,117,14.3,71.4,7,1,CROSS=EMA9<EMA21;TREND=1;STRUCT=1;VOL=1;COOL=1;EMA50=1;VWAP=1;BIAS=1,0.00,0.00,26335.82,26328.68,KZ=ASIA; KZR=Asia L @ 1823.93 1850 bars ago (low taken); DAY 12AM-4PM IST session: stop x1.00 of usual; no partials; full size to TP5; SL steps BE->TP1->TP2->TP3
331,2023.02.21 05:10:24,2023.02.21 07:40:24,TP1_REACHED,XAUUSD,M3,106,SELL,FULLTGT,DAY,0,1841.63,1842.91,1842.91,1.28,1.00,1.28,1840.35,1839.07,1837.79,1836.50,1835.22,1.02,0.00,1.02,1840.35,1.00,1.00,0.00,1842.18,1842.22,1842.48,1842.22,1842.24,-0.401,0.67,18.67,39.97,39.00,-0.15,0.08,-0.23,1842.14,1841.22,90,117,0.0,71.4,8,1,CROSS=EMA9<EMA21;TREND=1;STRUCT=1;VOL=1;COOL=1;EMA50=1;VWAP=1;BIAS=1,0.96,-0.37,26335.82,26469.44,full target: no partial booked
332,2023.02.21 05:13:56,2023.02.21 07:43:56,TP2_REACHED,XAUUSD,M3,106,SELL,FULLTGT,DAY,0,1841.63,1842.91,1842.91,1.28,1.00,1.28,1840.35,1839.07,1837.79,1836.50,1835.22,1.02,0.00,1.02,1839.07,2.00,2.00,0.00,1842.08,1842.17,1842.46,1842.18,1842.22,-0.386,0.75,21.15,29.82,39.00,-0.34,0.02,-0.36,1842.10,1839.58,122,120,0.0,85.7,8,1,CROSS=EMA9<EMA21;TREND=1;STRUCT=1;VOL=1;COOL=1;EMA50=1;VWAP=1;BIAS=1,2.00,-0.37,26335.82,26598.98,full target: no partial booked
333,2023.02.21 05:44:24,2023.02.21 08:14:24,TP3_REACHED,XAUUSD,M3,106,SELL,FULLTGT,DAY,0,1841.63,1842.91,1842.91,1.28,1.00,1.28,1840.35,1839.07,1837.79,1836.50,1835.22,1.02,0.00,1.02,1837.79,3.00,3.00,0.00,1840.97,1841.54,1842.10,1841.08,1841.61,-0.795,0.70,45.06,28.79,31.30,-1.02,-0.90,-0.11,1841.67,1838.10,112,115,0.0,85.7,4,1,CROSS=EMA9<EMA21;TREND=1;STRUCT=1;VOL=1;COOL=1;EMA50=1;VWAP=1;BIAS=1,2.97,-0.37,26335.82,26729.54,full target: no partial booked
334,2023.02.21 09:20:01,2023.02.21 11:50:01,TP4_REACHED,XAUUSD,M3,106,SELL,FULLTGT,DAY,0,1841.63,1842.91,1842.91,1.28,1.00,1.28,1840.35,1839.07,1837.79,1836.50,1835.22,1.02,0.00,1.02,1836.50,4.00,4.00,0.00,1838.43,1839.04,1840.11,1838.48,1839.07,-1.230,0.88,15.43,40.55,38.89,-0.16,-0.03,-0.13,1840.18,1837.25,165,106,0.0,85.7,7,1,CROSS=EMA9<EMA21;TREND=1;STRUCT=1;VOL=1;COOL=1;EMA50=1;VWAP=1;BIAS=1,4.00,-0.37,26335.82,26861.12,full target: no partial booked
335,2023.02.21 09:24:35,2023.02.21 11:54:35,TP5_EXIT,XAUUSD,M3,106,SELL,FULLTGT,DAY,0,1841.63,1842.91,1842.91,1.28,1.00,1.28,1840.35,1839.07,1837.79,1836.50,1835.22,1.02,1.02,0.00,1835.22,5.00,5.00,0.00,1838.26,1838.92,1840.04,1838.36,1838.99,-1.155,0.97,17.43,31.43,38.89,-0.43,-0.13,-0.30,1840.11,1835.74,138,111,0.0,85.7,3,1,CROSS=EMA9<EMA21;TREND=1;STRUCT=1;VOL=1;COOL=1;EMA50=1;VWAP=1;BIAS=1,4.98,-0.37,26986.07,26986.07,full target reached; closed in full
336,2023.02.21 09:24:36,2023.02.21 11:54:36,EXIT_TP,XAUUSD,M3,106,SELL,FULLTGT,DAY,0,1841.63,1842.91,1842.91,1.28,1.00,1.28,1840.35,1839.07,1837.79,1836.50,1835.22,1.02,1.02,0.00,1835.22,0.00,5.00,646.68,1838.26,1838.92,1840.04,1838.36,1838.99,-1.155,0.97,17.43,31.43,38.89,-0.43,-0.13,-0.30,1840.11,1835.74,138,111,0.0,85.7,3,1,CROSS=EMA9<EMA21;TREND=1;STRUCT=1;VOL=1;COOL=1;EMA50=1;VWAP=1;BIAS=1,4.98,-0.37,26986.07,26986.07,TP5 exit
337,2023.02.21 16:03:00,2023.02.21 18:33:00,ENTRY,XAUUSD,M3,108,BUY,FULLTGT,EVENING,0,1838.12,1835.70,1835.70,2.42,1.00,2.42,1840.54,1842.97,1845.39,1847.81,1850.23,0.55,0.55,0.55,1838.12,0.00,0.00,0.00,1834.41,1834.36,1835.53,1834.26,1834.29,-0.961,1.21,33.52,72.40,63.88,1.00,0.91,0.09,1836.27,1838.08,346,268,100.0,0.0,1,1,CROSS=EMA9>EMA21;TREND=1;STRUCT=1;VOL=1;COOL=1;EMA50=1;VWAP=1;BIAS=1,0.00,0.00,26984.14,26983.59,KZ=NY; KZR=Asia L @ 1823.93 2070 bars ago (low taken); EVENING 4PM-12AM IST session: stop x1.00 of usual; no partials; full size to TP5; SL steps BE->TP1->TP2->TP3
338,2023.02.21 16:26:17,2023.02.21 18:56:17,TP1_REACHED,XAUUSD,M3,108,BUY,FULLTGT,EVENING,0,1838.12,1835.70,1835.70,2.42,1.00,2.42,1840.54,1842.97,1845.39,1847.81,1850.23,0.55,0.00,0.55,1840.54,1.00,1.00,0.00,1835.55,1834.98,1835.77,1835.39,1834.88,-0.740,1.07,45.80,74.43,74.22,1.44,1.23,0.21,1836.40,1839.55,309,277,100.0,0.0,2,1,CROSS=EMA9>EMA21;TREND=1;STRUCT=1;VOL=1;COOL=1;EMA50=1;VWAP=1;BIAS=1,0.99,-0.11,26984.14,27118.89,full target: no partial booked
339,2023.02.21 16:33:05,2023.02.21 19:03:05,TP2_REACHED,XAUUSD,M3,108,BUY,FULLTGT,EVENING,0,1838.12,1835.70,1835.70,2.42,1.00,2.42,1840.54,1842.97,1845.39,1847.81,1850.23,0.55,0.00,0.55,1842.97,2.00,2.00,0.00,1836.25,1835.37,1835.94,1835.98,1835.22,-0.447,1.28,50.03,83.43,77.19,1.83,1.45,0.38,1836.52,1842.90,445,283,100.0,0.0,1,1,CROSS=EMA9>EMA21;TREND=1;STRUCT=1;VOL=1;COOL=1;EMA50=1;VWAP=1;BIAS=1,1.99,-0.11,26984.14,27250.89,full target: no partial booked
340,2023.02.21 16:51:27,2023.02.21 19:21:27,EXIT_SL,XAUUSD,M3,108,BUY,FULLTGT,EVENING,0,1838.12,1835.70,1835.70,2.42,1.00,2.42,1840.54,1842.97,1845.39,1847.81,1850.23,0.55,0.55,0.00,1835.69,0.00,-1.00,-137.51,1837.17,1835.97,1836.22,1837.21,1835.96,-0.134,1.87,39.96,41.06,45.55,1.12,1.74,-0.63,1836.76,1836.19,585,343,14.3,85.7,3,1,CROSS=EMA9>EMA21;TREND=1;STRUCT=1;VOL=1;COOL=1;EMA50=1;VWAP=1;BIAS=1,2.36,-0.99,26848.56,26848.56,stopped at the initial SL (x1.00 of usual)
341,2023.02.21 19:09:00,2023.02.21 21:39:00,SKIP,XAUUSD,M3,108,FLAT,NA,EVENING,0,0.00,0.00,0.00,0.00,1.00,0.00,0.00,0.00,0.00,0.00,0.00,0.00,0.00,0.00,0.00,0.00,0.00,0.00,1836.13,1836.20,1836.34,1836.28,1836.27,-0.114,1.24,52.93,33.60,34.84,-1.20,-1.04,-0.16,1836.78,1832.61,268,322,0.0,85.7,3,1,CROSS=EMA9>EMA21;TREND=1;STRUCT=1;VOL=1;COOL=1;EMA50=1;VWAP=1;BIAS=1,0.00,0.00,26848.56,26848.56,outside the killzone window
342,2023.02.22 01:02:00,2023.02.22 03:32:00,DAY_SUMMARY,XAUUSD,M3,108,FLAT,NA,DAY,0,0.00,0.00,0.00,0.00,1.00,0.00,0.00,0.00,0.00,0.00,0.00,0.00,0.00,0.00,0.00,0.00,2.98,324.32,1834.77,1834.85,1835.24,1834.76,1834.85,-1.650,0.24,21.95,50.75,51.05,-0.01,-0.04,0.03,1836.36,1834.87,42,46,42.9,28.6,12,1,CROSS=EMA9>EMA21;TREND=1;STRUCT=1;VOL=1;COOL=1;EMA50=1;VWAP=1;BIAS=1,0.00,0.00,26848.56,26848.56,2023.02.21 trades=3 W=1 L=2 gross_profit=646.68 gross_loss=322.36 net=324.32 PF=2.01
343,2023.02.22 01:36:00,2023.02.22 04:06:00,SKIP,XAUUSD,M3,108,FLAT,NA,DAY,0,0.00,0.00,0.00,0.00,1.00,0.00,0.00,0.00,0.00,0.00,0.00,0.00,0.00,0.00,0.00,0.00,0.00,0.00,1834.93,1834.92,1835.23,1834.90,1834.91,-1.160,0.27,54.64,66.48,60.28,0.17,0.07,0.10,1835.27,1835.73,100,36,100.0,0.0,9,1,CROSS=EMA9>EMA21;TREND=1;STRUCT=1;VOL=1;COOL=1;EMA50=1;VWAP=1;BIAS=1,0.00,0.00,26848.56,26848.56,outside the killzone window
344,2023.02.22 07:36:00,2023.02.22 10:06:00,ENTRY,XAUUSD,M3,110,SELL,FULLTGT,DAY,0,1834.94,1835.95,1835.95,1.01,1.00,1.01,1833.93,1832.92,1831.91,1830.90,1829.89,1.32,1.32,1.32,1834.94,0.00,0.00,0.00,1835.93,1835.95,1835.85,1835.97,1835.97,0.200,0.51,42.08,35.29,36.21,-0.19,-0.01,-0.18,1836.28,1834.94,66,69,0.0,85.7,6,1,CROSS=EMA9<EMA21;TREND=1;STRUCT=1;VOL=1;COOL=1;EMA50=1;VWAP=1;BIAS=1,0.00,0.00,26843.94,26836.02,KZ=ASIA; KZR=Asia L @ 1823.93 2381 bars ago (low taken); DAY 12AM-4PM IST session: stop x1.00 of usual; no partials; full size to TP5; SL steps BE->TP1->TP2->TP3
345,2023.02.22 07:44:36,2023.02.22 10:14:36,EXIT_SL,XAUUSD,M3,110,SELL,FULLTGT,DAY,0,1834.94,1835.95,1835.95,1.01,1.00,1.01,1833.93,1832.92,1831.91,1830.90,1829.89,1.32,1.32,0.00,1835.97,0.00,-1.02,-145.20,1835.88,1835.92,1835.84,1835.91,1835.94,0.180,0.47,39.26,41.01,42.86,-0.22,-0.08,-0.14,1836.26,1835.22,64,68,0.0,85.7,8,1,CROSS=EMA9<EMA21;TREND=1;STRUCT=1;VOL=1;COOL=1;EMA50=1;VWAP=1;BIAS=1,0.04,-0.97,26703.36,26703.36,stopped at the initial SL (x1.00 of usual)
346,2023.02.22 08:03:00,2023.02.22 10:33:00,SKIP,XAUUSD,M3,110,FLAT,NA,DAY,0,0.00,0.00,0.00,0.00,1.00,0.00,0.00,0.00,0.00,0.00,0.00,0.00,0.00,0.00,0.00,0.00,0.00,0.00,1835.96,1835.96,1835.86,1835.93,1835.94,0.170,0.57,35.46,58.98,59.72,0.13,-0.09,0.22,1836.26,1836.65,110,75,85.7,14.3,12,1,CROSS=EMA9<EMA21;TREND=1;STRUCT=1;VOL=1;COOL=1;EMA50=1;VWAP=1;BIAS=1,0.00,0.00,26703.36,26703.36,outside the killzone window
347,2023.02.22 09:00:00,2023.02.22 11:30:00,SKIP,XAUUSD,M3,110,FLAT,NA,DAY,0,0.00,0.00,0.00,0.00,1.00,0.00,0.00,0.00,0.00,0.00,0.00,0.00,0.00,0.00,0.00,0.00,0.00,0.00,1835.96,1835.97,1835.89,1835.99,1835.98,0.164,0.51,27.33,43.55,45.35,-0.14,-0.06,-0.08,1836.24,1835.40,89,83,0.0,100.0,3,1,CROSS=EMA9<EMA21;TREND=1;STRUCT=1;VOL=1;COOL=1;EMA50=1;VWAP=1;BIAS=1,0.00,0.00,26703.36,26703.36,outside the killzone window
348,2023.02.22 09:42:00,2023.02.22 12:12:00,SKIP,XAUUSD,M3,110,FLAT,NA,DAY,0,0.00,0.00,0.00,0.00,1.00,0.00,0.00,0.00,0.00,0.00,0.00,0.00,0.00,0.00,0.00,0.00,0.00,0.00,1835.99,1835.98,1835.90,1835.96,1835.96,0.109,0.71,22.32,58.76,57.24,0.15,-0.02,0.16,1836.21,1836.70,192,113,71.4,14.3,1,1,CROSS=EMA9<EMA21;TREND=1;STRUCT=1;VOL=1;COOL=1;EMA50=1;VWAP=1;BIAS=1,0.00,0.00,26703.36,26703.36,outside the killzone window
349,2023.02.22 11:03:00,2023.02.22 13:33:00,SKIP,XAUUSD,M3,110,FLAT,NA,DAY,0,0.00,0.00,0.00,0.00,1.00,0.00,0.00,0.00,0.00,0.00,0.00,0.00,0.00,0.00,0.00,0.00,0.00,0.00,1836.22,1836.25,1836.11,1836.30,1836.30,0.120,1.18,35.59,38.71,41.57,-0.91,-0.76,-0.14,1836.41,1834.06,221,180,0.0,100.0,3,1,CROSS=EMA9<EMA21;TREND=1;STRUCT=1;VOL=1;COOL=1;EMA50=1;VWAP=1;BIAS=1,0.00,0.00,26703.36,26703.36,outside the killzone window
350,2023.02.22 13:33:00,2023.02.22 16:03:00,SKIP,XAUUSD,M3,110,FLAT,NA,EVENING,0,0.00,0.00,0.00,0.00,1.00,0.00,0.00,0.00,0.00,0.00,0.00,0.00,0.00,0.00,0.00,0.00,0.00,0.00,1835.54,1835.50,1835.64,1835.39,1835.43,-0.144,0.93,49.56,75.37,72.06,1.33,0.85,0.48,1835.94,1839.21,196,150,85.7,14.3,5,1,CROSS=EMA9<EMA21;TREND=1;STRUCT=1;VOL=1;COOL=1;EMA50=1;VWAP=1;BIAS=1,0.00,0.00,26703.36,26703.36,outside the killzone window
351,2023.02.22 17:03:00,2023.02.22 19:33:00,SKIP,XAUUSD,M3,110,FLAT,NA,EVENING,0,0.00,0.00,0.00,0.00,1.00,0.00,0.00,0.00,0.00,0.00,0.00,0.00,0.00,0.00,0.00,0.00,0.00,0.00,1837.36,1837.36,1836.95,1837.43,1837.40,0.264,1.57,17.43,42.39,42.79,-0.43,-0.43,0.00,1836.88,1835.70,428,338,14.3,71.4,6,1,CROSS=EMA9<EMA21;TREND=1;STRUCT=1;VOL=1;COOL=1;EMA50=1;VWAP=1;BIAS=1,0.00,0.00,26703.36,26703.36,already positioned that way
352,2023.02.23 01:02:00,2023.02.23 03:32:00,DAY_SUMMARY,XAUUSD,M3,110,FLAT,NA,DAY,0,0.00,0.00,0.00,0.00,1.00,0.00,0.00,0.00,0.00,0.00,0.00,0.00,0.00,0.00,0.00,0.00,-1.02,-145.20,1826.19,1828.21,1830.89,1826.23,1828.27,-6.877,0.39,16.23,46.57,43.60,-0.13,-0.15,0.02,1834.49,1825.20,37,66,14.3,57.1,12,1,CROSS=EMA9<EMA21;TREND=1;STRUCT=1;VOL=1;COOL=1;EMA50=1;VWAP=1;BIAS=1,0.00,0.00,26703.36,26703.36,2023.02.22 trades=1 W=0 L=1 gross_profit=0.00 gross_loss=145.20 net=-145.20 PF=0.00
353,2023.02.23 04:51:00,2023.02.23 07:21:00,ENTRY,XAUUSD,M3,112,BUY,FULLTGT,DAY,0,1829.46,1828.05,1828.05,1.41,1.00,1.41,1830.87,1832.27,1833.68,1835.08,1836.49,0.94,0.94,0.94,1829.46,0.00,0.00,0.00,1826.91,1826.88,1828.42,1826.81,1826.83,-2.192,0.70,27.14,69.44,68.92,0.55,0.48,0.07,1826.23,1829.34,174,112,100.0,0.0,11,1,CROSS=EMA9>EMA21;TREND=1;STRUCT=1;VOL=1;COOL=1;EMA50=1;VWAP=1;BIAS=1,0.00,0.00,26700.07,26689.73,KZ=ASIA; KZR=Asia H @ 1844.85 285 bars ago (high taken); DAY 12AM-4PM IST session: stop x1.00 of usual; no partials; full size to TP5; SL steps BE->TP1->TP2->TP3
354,2023.02.23 05:31:33,2023.02.23 08:01:33,EXIT_SL,XAUUSD,M3,112,BUY,FULLTGT,DAY,0,1829.46,1828.05,1828.05,1.41,1.00,1.41,1830.87,1832.27,1833.68,1835.08,1836.49,0.94,0.94,0.00,1828.04,0.00,-1.01,-140.06,1827.87,1827.43,1828.53,1827.85,1827.41,-1.581,0.69,23.29,47.67,53.55,0.43,0.64,-0.20,1826.72,1828.36,84,105,42.9,28.6,12,1,CROSS=EMA9>EMA21;TREND=1;STRUCT=1;VOL=1;COOL=1;EMA50=1;VWAP=1;BIAS=1,0.75,-0.99,26563.30,26563.30,stopped at the initial SL (x1.00 of usual)
355,2023.02.23 10:51:00,2023.02.23 13:21:00,SKIP,XAUUSD,M3,112,FLAT,NA,DAY,0,0.00,0.00,0.00,0.00,1.00,0.00,0.00,0.00,0.00,0.00,0.00,0.00,0.00,0.00,0.00,0.00,0.00,0.00,1829.09,1829.11,1829.06,1829.16,1829.14,0.051,0.95,35.43,40.86,38.31,-0.62,-0.64,0.03,1828.33,1827.53,168,160,28.6,71.4,4,1,CROSS=EMA9>EMA21;TREND=1;STRUCT=1;VOL=1;COOL=1;EMA50=1;VWAP=1;BIAS=1,0.00,0.00,26563.30,26563.30,outside the killzone window
356,2023.02.23 22:33:00,2023.02.24 01:03:00,SKIP,XAUUSD,M3,112,FLAT,NA,DAY,0,0.00,0.00,0.00,0.00,1.00,0.00,0.00,0.00,0.00,0.00,0.00,0.00,0.00,0.00,0.00,0.00,0.00,0.00,1822.80,1822.80,1823.73,1822.80,1822.80,-1.612,0.57,18.74,48.18,53.55,0.13,0.26,-0.13,1825.04,1823.00,113,135,28.6,42.9,10,1,CROSS=EMA9>EMA21;TREND=1;STRUCT=1;VOL=1;COOL=1;EMA50=1;VWAP=1;BIAS=1,0.00,0.00,26563.30,26563.30,outside the killzone window
357,2023.02.23 23:24:00,2023.02.24 01:54:00,SKIP,XAUUSD,M3,112,FLAT,NA,DAY,0,0.00,0.00,0.00,0.00,1.00,0.00,0.00,0.00,0.00,0.00,0.00,0.00,0.00,0.00,0.00,0.00,0.00,0.00,1822.81,1822.81,1823.59,1822.83,1822.82,-1.847,0.42,16.03,40.75,47.20,-0.18,-0.08,-0.09,1824.99,1822.31,36,101,0.0,71.4,12,1,CROSS=EMA9>EMA21;TREND=1;STRUCT=1;VOL=1;COOL=1;EMA50=1;VWAP=1;BIAS=1,0.00,0.00,26563.30,26563.30,outside the killzone window
358,2023.02.24 01:02:00,2023.02.24 03:32:00,DAY_SUMMARY,XAUUSD,M3,112,FLAT,NA,DAY,0,0.00,0.00,0.00,0.00,1.00,0.00,0.00,0.00,0.00,0.00,0.00,0.00,0.00,0.00,0.00,0.00,-1.01,-140.06,1822.67,1822.73,1823.46,1822.68,1822.74,-2.853,0.25,20.01,40.86,44.61,-0.16,-0.16,-0.00,1824.97,1822.27,28,49,0.0,71.4,12,1,CROSS=EMA9>EMA21;TREND=1;STRUCT=1;VOL=1;COOL=1;EMA50=1;VWAP=1;BIAS=1,0.00,0.00,26563.30,26563.30,2023.02.23 trades=1 W=0 L=1 gross_profit=0.00 gross_loss=140.06 net=-140.06 PF=0.00
359,2023.02.24 01:57:00,2023.02.24 04:27:00,SKIP,XAUUSD,M3,112,FLAT,NA,DAY,0,0.00,0.00,0.00,0.00,1.00,0.00,0.00,0.00,0.00,0.00,0.00,0.00,0.00,0.00,0.00,0.00,0.00,0.00,1822.77,1822.77,1823.35,1822.74,1822.75,-1.723,0.34,30.35,64.26,56.89,0.16,0.07,0.09,1822.78,1823.52,36,43,85.7,0.0,12,1,CROSS=EMA9>EMA21;TREND=1;STRUCT=1;VOL=1;COOL=1;EMA50=1;VWAP=1;BIAS=1,0.00,0.00,26563.30,26563.30,outside the killzone window
360,2023.02.24 08:54:00,2023.02.24 11:24:00,SKIP,XAUUSD,M3,112,FLAT,NA,DAY,0,0.00,0.00,0.00,0.00,1.00,0.00,0.00,0.00,0.00,0.00,0.00,0.00,0.00,0.00,0.00,0.00,0.00,0.00,1825.13,1825.13,1824.86,1825.16,1825.15,0.524,0.52,16.17,42.43,47.30,-0.07,-0.02,-0.05,1825.34,1824.43,88,111,0.0,71.4,2,1,CROSS=EMA9>EMA21;TREND=1;STRUCT=1;VOL=1;COOL=1;EMA50=1;VWAP=1;BIAS=1,0.00,0.00,26563.30,26563.30,outside the killzone window
361,2023.02.27 01:02:00,2023.02.27 03:32:00,WEEK_SUMMARY,XAUUSD,M3,112,FLAT,NA,DAY,0,0.00,0.00,0.00,0.00,1.00,0.00,0.00,0.00,0.00,0.00,0.00,0.00,0.00,0.00,0.00,0.00,-0.05,-101.10,1811.31,1811.62,1813.30,1811.33,1811.63,-5.251,0.32,33.28,42.09,43.59,-0.17,-0.12,-0.04,1817.07,1810.75,103,65,0.0,100.0,12,1,CROSS=EMA9>EMA21;TREND=1;STRUCT=1;VOL=1;COOL=1;EMA50=1;VWAP=1;BIAS=1,0.00,0.00,26563.30,26563.30,days=4 trades=6 W=1 L=5 gross_profit=646.68 gross_loss=747.78 net=-101.10 PF=0.86 pips=-169.0
362,2023.02.27 02:27:00,2023.02.27 04:57:00,SKIP,XAUUSD,M3,112,FLAT,NA,DAY,0,0.00,0.00,0.00,0.00,1.00,0.00,0.00,0.00,0.00,0.00,0.00,0.00,0.00,0.00,0.00,0.00,0.00,0.00,1811.82,1811.81,1812.99,1811.77,1811.79,-1.859,0.63,33.26,64.10,61.65,0.19,0.02,0.17,1812.00,1812.91,102,86,100.0,0.0,7,1,CROSS=EMA9>EMA21;TREND=1;STRUCT=1;VOL=1;COOL=1;EMA50=1;VWAP=1;BIAS=1,0.00,0.00,26563.30,26563.30,already positioned that way
363,2023.02.27 05:21:00,2023.02.27 07:51:00,ENTRY,XAUUSD,M3,114,SELL,FULLTGT,DAY,0,1811.08,1812.38,1812.38,1.30,1.00,1.30,1809.78,1808.48,1807.18,1805.87,1804.57,1.02,1.02,1.02,1811.08,0.00,0.00,0.00,1812.37,1812.38,1812.88,1812.42,1812.40,-0.766,0.65,48.71,37.29,29.44,-0.63,-0.45,-0.18,1812.59,1811.05,244,128,14.3,85.7,7,1,CROSS=EMA9<EMA21;TREND=1;STRUCT=1;VOL=1;COOL=1;EMA50=1;VWAP=1;BIAS=1,0.00,0.00,26559.73,26552.59,KZ=ASIA; KZR=NY L @ 1809.00 1130 bars ago (low taken); DAY 12AM-4PM IST session: stop x1.00 of usual; no partials; full size to TP5; SL steps BE->TP1->TP2->TP3
364,2023.02.27 05:38:13,2023.02.27 08:08:13,TP1_REACHED,XAUUSD,M3,114,SELL,FULLTGT,DAY,0,1811.08,1812.38,1812.38,1.30,1.00,1.30,1809.78,1808.48,1807.18,1805.87,1804.57,1.02,0.00,1.02,1809.78,1.00,1.00,0.00,1812.01,1812.19,1812.76,1812.09,1812.23,-0.915,0.62,53.78,28.42,32.01,-0.71,-0.63,-0.08,1812.46,1809.97,122,135,0.0,85.7,4,1,CROSS=EMA9<EMA21;TREND=1;STRUCT=1;VOL=1;COOL=1;EMA50=1;VWAP=1;BIAS=1,0.99,-0.08,26559.73,26693.35,full target: no partial booked
365,2023.02.27 05:40:12,2023.02.27 08:10:12,TP2_REACHED,XAUUSD,M3,114,SELL,FULLTGT,DAY,0,1811.08,1812.38,1812.38,1.30,1.00,1.30,1809.78,1808.48,1807.18,1805.87,1804.57,1.02,0.00,1.02,1808.48,2.00,2.00,0.00,1811.92,1812.14,1812.73,1812.01,1812.19,-0.908,0.64,56.67,27.01,26.93,-0.74,-0.66,-0.09,1812.44,1809.78,106,136,0.0,85.7,5,1,CROSS=EMA9<EMA21;TREND=1;STRUCT=1;VOL=1;COOL=1;EMA50=1;VWAP=1;BIAS=1,1.97,-0.08,26559.73,26827.99,full target: no partial booked
366,2023.02.27 05:40:37,2023.02.27 08:10:37,TP3_REACHED,XAUUSD,M3,114,SELL,FULLTGT,DAY,0,1811.08,1812.38,1812.38,1.30,1.00,1.30,1809.78,1808.48,1807.18,1805.87,1804.57,1.02,0.00,1.02,1807.18,3.00,3.00,0.00,1811.92,1812.14,1812.73,1812.01,1812.19,-0.908,0.64,56.67,27.01,26.93,-0.74,-0.66,-0.09,1812.44,1809.78,106,136,0.0,85.7,5,1,CROSS=EMA9<EMA21;TREND=1;STRUCT=1;VOL=1;COOL=1;EMA50=1;VWAP=1;BIAS=1,2.98,-0.08,26559.73,26962.63,full target: no partial booked
367,2023.02.27 09:53:12,2023.02.27 12:23:12,EXIT_SL,XAUUSD,M3,114,SELL,FULLTGT,DAY,0,1811.08,1812.38,1812.38,1.30,1.00,1.30,1809.78,1808.48,1807.18,1805.87,1804.57,1.02,1.02,0.00,1812.39,0.00,-1.01,-140.76,1809.25,1809.60,1810.58,1809.18,1809.57,-1.165,0.84,26.14,64.66,62.21,0.45,0.20,0.25,1810.72,1811.10,174,149,71.4,28.6,7,1,CROSS=EMA9<EMA21;TREND=1;STRUCT=1;VOL=1;COOL=1;EMA50=1;VWAP=1;BIAS=1,3.35,-0.99,26422.54,26422.54,stopped at the initial SL (x1.00 of usual)
368,2023.02.27 10:18:00,2023.02.27 12:48:00,SKIP,XAUUSD,M3,114,FLAT,NA,DAY,0,0.00,0.00,0.00,0.00,1.00,0.00,0.00,0.00,0.00,0.00,0.00,0.00,0.00,0.00,0.00,0.00,0.00,0.00,1809.89,1809.89,1810.64,1809.82,1809.85,-0.669,1.13,42.34,59.53,62.57,0.66,0.64,0.03,1810.78,1811.61,233,187,100.0,0.0,12,1,CROSS=EMA9<EMA21;TREND=1;STRUCT=1;VOL=1;COOL=1;EMA50=1;VWAP=1;BIAS=1,0.00,0.00,26422.54,26422.54,outside the killzone window
369,2023.02.27 12:00:00,2023.02.27 14:30:00,SKIP,XAUUSD,M3,114,FLAT,NA,DAY,0,0.00,0.00,0.00,0.00,1.00,0.00,0.00,0.00,0.00,0.00,0.00,0.00,0.00,0.00,0.00,0.00,0.00,0.00,1810.16,1810.18,1810.63,1810.23,1810.21,-0.641,0.70,36.79,35.07,39.56,-0.49,-0.43,-0.06,1810.81,1808.46,141,138,0.0,100.0,4,1,CROSS=EMA9<EMA21;TREND=1;STRUCT=1;VOL=1;COOL=1;EMA50=1;VWAP=1;BIAS=1,0.00,0.00,26422.54,26422.54,outside the killzone window
370,2023.02.27 13:09:00,2023.02.27 15:39:00,SKIP,XAUUSD,M3,114,FLAT,NA,DAY,0,0.00,0.00,0.00,0.00,1.00,0.00,0.00,0.00,0.00,0.00,0.00,0.00,0.00,0.00,0.00,0.00,0.00,0.00,1810.15,1810.12,1810.49,1810.07,1810.08,-0.469,0.79,32.12,66.55,62.05,0.51,0.20,0.31,1810.71,1812.03,149,144,100.0,0.0,4,1,CROSS=EMA9<EMA21;TREND=1;STRUCT=1;VOL=1;COOL=1;EMA50=1;VWAP=1;BIAS=1,0.00,0.00,26422.54,26422.54,outside the killzone window
371,2023.02.28 01:02:00,2023.02.28 03:32:00,DAY_SUMMARY,XAUUSD,M3,114,FLAT,NA,DAY,0,0.00,0.00,0.00,0.00,1.00,0.00,0.00,0.00,0.00,0.00,0.00,0.00,0.00,0.00,0.00,0.00,-1.01,-140.76,1817.26,1817.10,1816.05,1817.26,1817.10,4.362,0.24,21.81,51.75,50.32,0.02,0.02,0.01,1813.71,1817.25,30,47,71.4,0.0,12,1,CROSS=EMA9<EMA21;TREND=1;STRUCT=1;VOL=1;COOL=1;EMA50=1;VWAP=1;BIAS=1,0.00,0.00,26422.54,26422.54,2023.02.27 trades=1 W=0 L=1 gross_profit=0.00 gross_loss=140.76 net=-140.76 PF=0.00
372,2023.02.28 03:09:00,2023.02.28 05:39:00,SKIP,XAUUSD,M3,114,FLAT,NA,DAY,0,0.00,0.00,0.00,0.00,1.00,0.00,0.00,0.00,0.00,0.00,0.00,0.00,0.00,0.00,0.00,0.00,0.00,0.00,1817.15,1817.16,1816.46,1817.19,1817.18,1.328,0.52,29.66,35.14,24.66,-0.35,-0.13,-0.22,1817.14,1816.11,51,79,0.0,85.7,12,1,CROSS=EMA9<EMA21;TREND=1;STRUCT=1;VOL=1;COOL=1;EMA50=1;VWAP=1;BIAS=1,0.00,0.00,26422.54,26422.54,already positioned that way
373,2023.02.28 03:36:00,2023.02.28 06:06:00,ENTRY,XAUUSD,M3,116,BUY,FULLTGT,DAY,0,1817.73,1816.55,1816.55,1.18,1.00,1.18,1818.91,1820.08,1821.26,1822.44,1823.62,1.12,1.12,1.12,1817.73,0.00,0.00,0.00,1817.18,1817.17,1816.53,1817.16,1817.16,1.089,0.59,30.13,57.16,57.89,0.06,-0.13,0.19,1817.17,1817.66,118,105,85.7,14.3,7,1,CROSS=EMA9>EMA21;TREND=1;STRUCT=1;VOL=1;COOL=1;EMA50=1;VWAP=1;BIAS=1,0.00,0.00,26418.62,26410.78,KZ=ASIA; KZR=NY L @ 1809.00 1575 bars ago (low taken); DAY 12AM-4PM IST session: stop x1.00 of usual; no partials; full size to TP5; SL steps BE->TP1->TP2->TP3
374,2023.02.28 03:43:32,2023.02.28 06:13:32,EXIT_SL,XAUUSD,M3,116,BUY,FULLTGT,DAY,0,1817.73,1816.55,1816.55,1.18,1.00,1.18,1818.91,1820.08,1821.26,1822.44,1823.62,1.12,1.12,0.00,1816.55,0.00,-1.00,-140.00,1817.19,1817.18,1816.55,1817.20,1817.18,0.996,0.63,27.49,46.66,53.87,0.06,-0.05,0.11,1817.19,1816.88,115,110,42.9,57.1,10,1,CROSS=EMA9>EMA21;TREND=1;STRUCT=1;VOL=1;COOL=1;EMA50=1;VWAP=1;BIAS=1,0.15,-0.99,26282.54,26282.54,stopped at the initial SL (x1.00 of usual)
375,2023.02.28 03:51:00,2023.02.28 06:21:00,ENTRY,XAUUSD,M3,118,SELL,FULLTGT,DAY,0,1816.83,1818.05,1818.05,1.22,1.00,1.22,1815.61,1814.39,1813.17,1811.96,1810.74,1.07,1.07,1.07,1816.83,0.00,0.00,0.00,1817.16,1817.16,1816.56,1817.17,1817.17,0.994,0.61,20.37,46.14,46.89,-0.00,0.01,-0.01,1817.17,1816.83,98,113,0.0,71.4,3,1,CROSS=EMA9<EMA21;TREND=1;STRUCT=1;VOL=1;COOL=1;EMA50=1;VWAP=1;BIAS=1,0.00,0.00,26278.79,26275.58,KZ=ASIA; KZR=NY L @ 1809.00 1580 bars ago (low taken); DAY 12AM-4PM IST session: stop x1.00 of usual; no partials; full size to TP5; SL steps BE->TP1->TP2->TP3
376,2023.02.28 03:57:00,2023.02.28 06:27:00,FLIP,XAUUSD,M3,118,SELL,FULLTGT,DAY,0,1816.83,1818.05,1818.05,1.22,1.00,1.22,1815.61,1814.39,1813.17,1811.96,1810.74,1.07,0.00,0.00,1817.54,0.00,-0.58,0.00,1817.17,1817.17,1816.57,1817.16,1817.16,1.023,0.58,17.64,55.24,51.95,0.03,0.03,-0.01,1817.17,1817.53,91,110,57.1,14.3,1,1,CROSS=EMA9>EMA21;TREND=1;STRUCT=1;VOL=1;COOL=1;EMA50=1;VWAP=1;BIAS=1,0.00,-0.70,26278.79,26202.82,opposite signal before SL/target | SELL -> BUY | closing trade 118
377,2023.02.28 03:57:00,2023.02.28 06:27:00,EXIT_FLIP,XAUUSD,M3,118,SELL,FULLTGT,DAY,0,1816.83,1818.05,1818.05,1.22,1.00,1.22,1815.61,1814.39,1813.17,1811.96,1810.74,1.07,1.07,0.00,1817.54,0.00,-0.58,0.00,1817.17,1817.17,1816.57,1817.16,1817.16,1.023,0.58,17.64,55.24,51.95,0.03,0.03,-0.01,1817.17,1817.53,91,110,57.1,14.3,1,1,CROSS=EMA9>EMA21;TREND=1;STRUCT=1;VOL=1;COOL=1;EMA50=1;VWAP=1;BIAS=1,0.00,-0.70,26199.07,26199.07,FLIP exit
378,2023.02.28 03:57:00,2023.02.28 06:27:00,EXIT_OTHER,XAUUSD,M3,118,SELL,FULLTGT,DAY,0,1816.83,1818.05,1818.05,1.22,1.00,1.22,1815.61,1814.39,1813.17,1811.96,1810.74,1.07,1.07,0.00,1817.54,0.00,-0.58,-83.47,1817.17,1817.17,1816.57,1817.16,1817.16,1.023,0.58,17.64,55.24,51.95,0.03,0.03,-0.01,1817.17,1817.53,91,110,57.1,14.3,1,1,CROSS=EMA9>EMA21;TREND=1;STRUCT=1;VOL=1;COOL=1;EMA50=1;VWAP=1;BIAS=1,0.00,-0.70,26199.07,26199.07,FLIP exit
379,2023.02.28 03:57:00,2023.02.28 06:27:00,ENTRY,XAUUSD,M3,120,BUY,FULLTGT,DAY,118,1817.54,1816.37,1816.37,1.17,1.00,1.17,1818.71,1819.87,1821.04,1822.20,1823.37,1.12,1.12,1.12,1817.54,0.00,0.00,0.00,1817.17,1817.17,1816.57,1817.16,1817.16,1.023,0.58,17.64,55.24,51.95,0.03,0.03,-0.01,1817.17,1817.53,91,110,57.1,14.3,1,1,CROSS=EMA9>EMA21;TREND=1;STRUCT=1;VOL=1;COOL=1;EMA50=1;VWAP=1;BIAS=1,0.00,0.00,26195.15,26194.03,KZ=ASIA; KZR=NY L @ 1809.00 1582 bars ago (low taken); DAY 12AM-4PM IST session: stop x1.00 of usual; no partials; full size to TP5; SL steps BE->TP1->TP2->TP3; flipped from trade 118
380,2023.02.28 04:26:30,2023.02.28 06:56:30,TP1_REACHED,XAUUSD,M3,120,BUY,FULLTGT,DAY,118,1817.54,1816.37,1816.37,1.17,1.00,1.17,1818.71,1819.87,1821.04,1822.20,1823.37,1.12,0.00,1.12,1818.71,1.00,1.00,0.00,1817.25,1817.21,1816.64,1817.21,1817.19,0.960,0.59,19.38,59.23,58.92,0.11,0.06,0.05,1817.20,1818.09,61,90,71.4,0.0,1,1,CROSS=EMA9>EMA21;TREND=1;STRUCT=1;VOL=1;COOL=1;EMA50=1;VWAP=1;BIAS=1,0.94,-0.83,26195.15,26332.91,full target: no partial booked
381,2023.02.28 05:15:34,2023.02.28 07:45:34,EXIT_SL,XAUUSD,M3,120,BUY,FULLTGT,DAY,118,1817.54,1816.37,1816.37,1.17,1.00,1.17,1818.71,1819.87,1821.04,1822.20,1823.37,1.12,1.12,0.00,1816.34,0.00,-1.03,-142.24,1817.61,1817.45,1816.87,1817.65,1817.47,0.987,0.59,35.58,38.70,42.59,-0.16,0.18,-0.34,1817.49,1816.70,144,107,28.6,71.4,11,1,CROSS=EMA9>EMA21;TREND=1;STRUCT=1;VOL=1;COOL=1;EMA50=1;VWAP=1;BIAS=1,1.60,-1.00,26056.83,26056.83,stopped at the initial SL (x1.00 of usual)
382,2023.02.28 05:45:00,2023.02.28 08:15:00,ENTRY,XAUUSD,M3,122,SELL,FULLTGT,DAY,0,1816.06,1817.17,1817.17,1.11,1.00,1.11,1814.95,1813.84,1812.73,1811.63,1810.52,1.17,1.17,1.17,1816.06,0.00,0.00,0.00,1817.30,1817.31,1816.85,1817.35,1817.33,0.828,0.55,31.11,37.16,38.54,-0.36,-0.29,-0.07,1817.41,1816.06,46,99,0.0,85.7,9,1,CROSS=EMA9<EMA21;TREND=1;STRUCT=1;VOL=1;COOL=1;EMA50=1;VWAP=1;BIAS=1,0.00,0.00,26052.73,26042.20,KZ=ASIA; KZR=NY L @ 1809.00 1618 bars ago (low taken); DAY 12AM-4PM IST session: stop x1.00 of usual; no partials; full size to TP5; SL steps BE->TP1->TP2->TP3
383,2023.02.28 05:58:37,2023.02.28 08:28:37,TP1_REACHED,XAUUSD,M3,122,SELL,FULLTGT,DAY,0,1816.06,1817.17,1817.17,1.11,1.00,1.11,1814.95,1813.84,1812.73,1811.63,1810.52,1.17,0.00,1.17,1814.95,1.00,1.00,0.00,1817.07,1817.19,1816.81,1817.15,1817.23,0.744,0.52,36.98,30.50,36.62,-0.50,-0.37,-0.13,1817.36,1815.27,98,81,0.0,100.0,12,1,CROSS=EMA9<EMA21;TREND=1;STRUCT=1;VOL=1;COOL=1;EMA50=1;VWAP=1;BIAS=1,0.99,-0.23,26052.73,26183.77,full target: no partial booked
384,2023.02.28 07:09:34,2023.02.28 09:39:34,TP2_REACHED,XAUUSD,M3,122,SELL,FULLTGT,DAY,0,1816.06,1817.17,1817.17,1.11,1.00,1.11,1814.95,1813.84,1812.73,1811.63,1810.52,1.17,0.00,1.17,1813.84,2.00,2.00,0.00,1815.51,1816.20,1816.34,1815.55,1816.23,-0.302,0.47,32.11,43.72,34.63,-0.44,-0.55,0.11,1816.88,1814.46,55,69,14.3,71.4,11,1,CROSS=EMA9<EMA21;TREND=1;STRUCT=1;VOL=1;COOL=1;EMA50=1;VWAP=1;BIAS=1,2.00,-0.23,26052.73,26317.15,full target: no partial booked
385,2023.02.28 07:36:38,2023.02.28 10:06:38,TP3_REACHED,XAUUSD,M3,122,SELL,FULLTGT,DAY,0,1816.06,1817.17,1817.17,1.11,1.00,1.11,1814.95,1813.84,1812.73,1811.63,1810.52,1.17,0.00,1.17,1812.73,3.00,3.00,0.00,1814.92,1815.77,1816.10,1815.00,1815.82,-0.606,0.55,48.09,32.47,26.78,-0.51,-0.45,-0.06,1816.60,1812.98,136,81,0.0,100.0,4,1,CROSS=EMA9<EMA21;TREND=1;STRUCT=1;VOL=1;COOL=1;EMA50=1;VWAP=1;BIAS=1,2.99,-0.23,26052.73,26444.68,full target: no partial booked
386,2023.02.28 09:22:19,2023.02.28 11:52:19,TP4_REACHED,XAUUSD,M3,122,SELL,FULLTGT,DAY,0,1816.06,1817.17,1817.17,1.11,1.00,1.11,1814.95,1813.84,1812.73,1811.63,1810.52,1.17,0.00,1.17,1811.63,4.00,4.00,0.00,1814.33,1814.96,1815.54,1814.42,1815.02,-0.605,0.95,39.65,35.65,36.30,-0.35,0.13,-0.48,1815.95,1812.05,121,104,0.0,100.0,5,1,CROSS=EMA9<EMA21;TREND=1;STRUCT=1;VOL=1;COOL=1;EMA50=1;VWAP=1;BIAS=1,3.95,-0.90,26052.73,26572.21,full target: no partial booked
387,2023.02.28 09:26:35,2023.02.28 11:56:35,TP5_EXIT,XAUUSD,M3,122,SELL,FULLTGT,DAY,0,1816.06,1817.17,1817.17,1.11,1.00,1.11,1814.95,1813.84,1812.73,1811.63,1810.52,1.17,1.17,0.00,1810.48,5.00,5.00,0.00,1814.18,1814.88,1815.49,1814.33,1814.96,-0.594,1.03,42.64,30.00,29.74,-0.56,0.01,-0.58,1815.88,1810.72,217,111,0.0,100.0,6,1,CROSS=EMA9<EMA21;TREND=1;STRUCT=1;VOL=1;COOL=1;EMA50=1;VWAP=1;BIAS=1,5.02,-0.90,26695.95,26701.53,full target reached; closed in full
388,2023.02.28 16:12:00,2023.02.28 18:42:00,FLIP,XAUUSD,M3,122,SELL,FULLTGT,EVENING,0,1816.06,1817.17,1817.17,1.11,1.00,1.11,1814.95,1813.84,1812.73,1811.63,1810.52,1.17,0.00,0.00,1813.91,0.00,1.94,0.00,1810.38,1810.38,1811.42,1810.24,1810.31,-0.832,1.25,41.92,69.39,74.10,1.44,0.91,0.52,1812.15,1813.90,253,264,85.7,0.0,1,1,CROSS=EMA9>EMA21;TREND=1;STRUCT=1;VOL=1;COOL=1;EMA50=1;VWAP=1;BIAS=1,10.20,-0.90,26695.95,26698.10,opposite signal before SL/target | SELL -> BUY | closing trade 122
389,2023.02.28 16:12:00,2023.02.28 18:42:00,EXIT_FLIP,XAUUSD,M3,122,SELL,FULLTGT,EVENING,0,1816.06,1817.17,1817.17,1.11,1.00,1.11,1814.95,1813.84,1812.73,1811.63,1810.52,1.17,0.01,0.00,1813.91,0.00,1.94,0.00,1810.38,1810.38,1811.42,1810.24,1810.31,-0.832,1.25,41.92,69.39,74.10,1.44,0.91,0.52,1812.15,1813.90,253,264,85.7,0.0,1,1,CROSS=EMA9>EMA21;TREND=1;STRUCT=1;VOL=1;COOL=1;EMA50=1;VWAP=1;BIAS=1,10.20,-0.90,26698.06,26698.06,FLIP exit
390,2023.02.28 16:12:00,2023.02.28 18:42:00,EXIT_OTHER,XAUUSD,M3,122,SELL,FULLTGT,EVENING,0,1816.06,1817.17,1817.17,1.11,1.00,1.11,1814.95,1813.84,1812.73,1811.63,1810.52,1.17,1.17,0.00,1813.91,0.00,1.94,641.23,1810.38,1810.38,1811.42,1810.24,1810.31,-0.832,1.25,41.92,69.39,74.10,1.44,0.91,0.52,1812.15,1813.90,253,264,85.7,0.0,1,1,CROSS=EMA9>EMA21;TREND=1;STRUCT=1;VOL=1;COOL=1;EMA50=1;VWAP=1;BIAS=1,10.20,-0.90,26698.06,26698.06,FLIP exit
391,2023.02.28 16:12:00,2023.02.28 18:42:00,ENTRY,XAUUSD,M3,125,BUY,FULLTGT,EVENING,122,1813.91,1811.42,1811.42,2.49,1.00,2.49,1816.40,1818.89,1821.38,1823.87,1826.36,0.53,0.53,0.53,1813.91,0.00,0.00,0.00,1810.38,1810.38,1811.42,1810.24,1810.31,-0.832,1.25,41.92,69.39,74.10,1.44,0.91,0.52,1812.15,1813.90,253,264,85.7,0.0,1,1,CROSS=EMA9>EMA21;TREND=1;STRUCT=1;VOL=1;COOL=1;EMA50=1;VWAP=1;BIAS=1,0.00,0.00,26696.20,26695.67,KZ=NY; KZR=Asia L @ 1806.72 118 bars ago (low taken); EVENING 4PM-12AM IST session: stop x1.00 of usual; no partials; full size to TP5; SL steps BE->TP1->TP2->TP3; flipped from trade 122
392,2023.02.28 16:24:05,2023.02.28 18:54:05,TP1_REACHED,XAUUSD,M3,125,BUY,FULLTGT,EVENING,122,1813.91,1811.42,1811.42,2.49,1.00,2.49,1816.40,1818.89,1821.38,1823.87,1826.36,0.53,0.00,0.53,1816.40,1.00,1.00,0.00,1810.99,1810.69,1811.54,1810.78,1810.59,-0.682,1.23,33.85,73.81,67.32,1.54,1.34,0.20,1812.21,1816.01,318,269,100.0,0.0,1,1,CROSS=EMA9>EMA21;TREND=1;STRUCT=1;VOL=1;COOL=1;EMA50=1;VWAP=1;BIAS=1,0.98,-0.35,26696.20,26828.17,full target: no partial booked
393,2023.02.28 16:53:14,2023.02.28 19:23:14,TP2_REACHED,XAUUSD,M3,125,BUY,FULLTGT,EVENING,122,1813.91,1811.42,1811.42,2.49,1.00,2.49,1816.40,1818.89,1821.38,1823.87,1826.36,0.53,0.00,0.53,1818.89,2.00,2.00,0.00,1812.41,1811.51,1811.89,1812.20,1811.39,-0.278,1.37,26.50,72.06,70.02,1.52,1.45,0.08,1812.49,1817.55,455,335,100.0,0.0,2,1,CROSS=EMA9>EMA21;TREND=1;STRUCT=1;VOL=1;COOL=1;EMA50=1;VWAP=1;BIAS=1,2.00,-0.35,26696.20,26960.67,full target: no partial booked
394,2023.02.28 17:00:24,2023.02.28 19:30:24,TP3_REACHED,XAUUSD,M3,125,BUY,FULLTGT,EVENING,122,1813.91,1811.42,1811.42,2.49,1.00,2.49,1816.40,1818.89,1821.38,1823.87,1826.36,0.53,0.00,0.53,1821.38,3.00,3.00,0.00,1813.07,1811.90,1812.08,1812.84,1811.77,-0.114,1.51,33.21,72.33,75.25,1.76,1.49,0.27,1812.64,1818.76,344,350,85.7,0.0,2,1,CROSS=EMA9>EMA21;TREND=1;STRUCT=1;VOL=1;COOL=1;EMA50=1;VWAP=1;BIAS=1,2.98,-0.35,26696.20,27092.64,full target: no partial booked
395,2023.02.28 17:03:26,2023.02.28 19:33:26,TP4_REACHED,XAUUSD,M3,125,BUY,FULLTGT,EVENING,122,1813.91,1811.42,1811.42,2.49,1.00,2.49,1816.40,1818.89,1821.38,1823.87,1826.36,0.53,0.00,0.53,1823.87,4.00,4.00,0.00,1813.44,1812.11,1812.18,1813.07,1811.90,-0.038,1.78,36.97,80.19,75.25,2.09,1.57,0.52,1812.76,1822.36,580,361,100.0,0.0,1,1,CROSS=EMA9>EMA21;TREND=1;STRUCT=1;VOL=1;COOL=1;EMA50=1;VWAP=1;BIAS=1,4.00,-0.35,26696.20,27225.14,full target: no partial booked
396,2023.02.28 17:27:38,2023.02.28 19:57:38,TP5_EXIT,XAUUSD,M3,125,BUY,FULLTGT,EVENING,122,1813.91,1811.42,1811.42,2.49,1.00,2.49,1816.40,1818.89,1821.38,1823.87,1826.36,0.53,0.53,0.00,1826.37,5.00,5.00,0.00,1816.32,1813.86,1813.08,1815.93,1813.62,0.358,2.17,40.98,72.34,79.32,2.98,2.76,0.21,1813.56,1825.73,388,427,85.7,0.0,1,1,CROSS=EMA9>EMA21;TREND=1;STRUCT=1;VOL=1;COOL=1;EMA50=1;VWAP=1;BIAS=1,4.99,-0.35,27354.72,27354.72,full target reached; closed in full
397,2023.02.28 17:27:38,2023.02.28 19:57:38,EXIT_TP,XAUUSD,M3,125,BUY,FULLTGT,EVENING,122,1813.91,1811.42,1811.42,2.49,1.00,2.49,1816.40,1818.89,1821.38,1823.87,1826.36,0.53,0.53,0.00,1826.37,0.00,5.00,656.66,1816.32,1813.86,1813.08,1815.93,1813.62,0.358,2.17,40.98,72.34,79.32,2.98,2.76,0.21,1813.56,1825.73,388,427,85.7,0.0,1,1,CROSS=EMA9>EMA21;TREND=1;STRUCT=1;VOL=1;COOL=1;EMA50=1;VWAP=1;BIAS=1,4.99,-0.35,27354.72,27354.72,TP5 exit
398,2023.03.01 01:02:00,2023.03.01 03:32:00,DAY_SUMMARY,XAUUSD,M3,125,FLAT,NA,DAY,122,0.00,0.00,0.00,0.00,1.00,0.00,0.00,0.00,0.00,0.00,0.00,0.00,0.00,0.00,0.00,0.00,4.33,932.18,1827.57,1826.93,1824.02,1827.61,1826.94,10.126,0.29,26.54,33.88,36.24,-0.20,-0.19,-0.01,1818.71,1826.50,59,64,28.6,57.1,12,1,CROSS=EMA9>EMA21;TREND=1;STRUCT=1;VOL=1;COOL=1;EMA50=1;VWAP=1;BIAS=1,0.00,0.00,27354.72,27354.72,2023.02.28 trades=5 W=2 L=3 gross_profit=1297.89 gross_loss=365.71 net=932.18 PF=3.55
399,2023.03.01 01:02:00,2023.03.01 03:32:00,MONTH_SUMMARY,XAUUSD,M3,125,FLAT,NA,DAY,122,0.00,0.00,0.00,0.00,1.00,0.00,0.00,0.00,0.00,0.00,0.00,0.00,0.00,0.00,0.00,0.00,4.83,468.43,1827.57,1826.93,1824.02,1827.61,1826.94,10.126,0.29,26.54,33.88,36.24,-0.20,-0.19,-0.01,1818.71,1826.50,59,64,28.6,57.1,12,1,CROSS=EMA9>EMA21;TREND=1;STRUCT=1;VOL=1;COOL=1;EMA50=1;VWAP=1;BIAS=1,0.00,0.00,27354.72,27354.72,days=15 trades=33 W=8 L=25 gross_profit=3980.46 gross_loss=3512.03 net=468.43 PF=1.13 pips=3882.0
400,2023.03.01 02:15:00,2023.03.01 04:45:00,ENTRY,XAUUSD,M3,127,SELL,FULLTGT,DAY,0,1825.06,1825.90,1825.90,0.84,1.00,0.84,1824.22,1823.38,1822.54,1821.70,1820.86,1.62,1.62,1.62,1825.06,0.00,0.00,0.00,1826.63,1826.64,1824.51,1826.69,1826.67,5.070,0.42,55.70,31.30,27.36,-0.53,-0.41,-0.12,1826.03,1825.05,66,56,14.3,85.7,8,1,CROSS=EMA9<EMA21;TREND=1;STRUCT=1;VOL=1;COOL=1;EMA50=1;VWAP=1;BIAS=1,0.00,0.00,27349.05,27336.09,KZ=ASIA; KZR=Asia L @ 1806.72 319 bars ago (low taken); DAY 12AM-4PM IST session: stop x1.00 of usual; no partials; full size to TP5; SL steps BE->TP1->TP2->TP3
401,2023.03.01 02:47:38,2023.03.01 05:17:38,TP1_REACHED,XAUUSD,M3,127,SELL,FULLTGT,DAY,0,1825.06,1825.90,1825.90,0.84,1.00,0.84,1824.22,1823.38,1822.54,1821.70,1820.86,1.62,0.00,1.62,1824.22,1.00,1.00,0.00,1825.97,1826.27,1824.52,1826.04,1826.31,3.252,0.54,44.18,29.72,25.55,-0.52,-0.56,0.04,1825.44,1824.29,100,87,14.3,85.7,12,1,CROSS=EMA9<EMA21;TREND=1;STRUCT=1;VOL=1;COOL=1;EMA50=1;VWAP=1;BIAS=1,0.98,-0.87,27349.05,27489.99,full target: no partial booked
402,2023.03.01 02:54:39,2023.03.01 05:24:39,TP2_REACHED,XAUUSD,M3,127,SELL,FULLTGT,DAY,0,1825.06,1825.90,1825.90,0.84,1.00,0.84,1824.22,1823.38,1822.54,1821.70,1820.86,1.62,0.00,1.62,1823.38,2.00,2.00,0.00,1825.73,1826.13,1824.50,1825.81,1826.18,3.092,0.53,50.05,22.55,22.48,-0.60,-0.55,-0.05,1825.29,1823.54,109,91,0.0,100.0,8,1,CROSS=EMA9<EMA21;TREND=1;STRUCT=1;VOL=1;COOL=1;EMA50=1;VWAP=1;BIAS=1,2.02,-0.87,27349.05,27624.45,full target: no partial booked
403,2023.03.01 03:30:37,2023.03.01 06:00:37,EXIT_SL,XAUUSD,M3,127,SELL,FULLTGT,DAY,0,1825.06,1825.90,1825.90,0.84,1.00,0.84,1824.22,1823.38,1822.54,1821.70,1820.86,1.62,1.62,0.00,1825.92,0.00,-1.02,-150.66,1825.27,1825.78,1824.50,1825.28,1825.79,1.994,0.64,25.93,54.30,49.21,-0.06,-0.30,0.24,1824.94,1825.06,92,121,42.9,42.9,7,1,CROSS=EMA9<EMA21;TREND=1;STRUCT=1;VOL=1;COOL=1;EMA50=1;VWAP=1;BIAS=1,2.40,-0.98,27204.06,27204.06,stopped at the initial SL (x1.00 of usual)
404,2023.03.01 04:09:00,2023.03.01 06:39:00,ENTRY,XAUUSD,M3,129,BUY,FULLTGT,DAY,0,1828.52,1826.60,1826.60,1.92,1.00,1.92,1830.44,1832.36,1834.28,1836.20,1838.12,0.70,0.70,0.70,1828.52,0.00,0.00,0.00,1826.23,1826.19,1824.87,1826.14,1826.15,1.380,0.96,34.63,67.25,62.93,1.00,0.77,0.23,1825.81,1828.41,128,157,85.7,0.0,11,1,CROSS=EMA9>EMA21;TREND=1;STRUCT=1;VOL=1;COOL=1;EMA50=1;VWAP=1;BIAS=1,0.00,0.00,27201.61,27193.91,KZ=ASIA; KZR=Asia L @ 1806.72 357 bars ago (low taken); DAY 12AM-4PM IST session: stop x1.00 of usual; no partials; full size to TP5; SL steps BE->TP1->TP2->TP3
405,2023.03.01 05:24:38,2023.03.01 07:54:38,TP1_REACHED,XAUUSD,M3,129,BUY,FULLTGT,DAY,0,1828.52,1826.60,1826.60,1.92,1.00,1.92,1830.44,1832.36,1834.28,1836.20,1838.12,0.70,0.00,0.70,1830.44,1.00,1.00,0.00,1827.69,1827.10,1825.67,1827.60,1827.05,2.854,0.50,35.26,71.60,62.55,0.46,0.30,0.15,1826.64,1829.84,135,114,100.0,0.0,4,1,CROSS=EMA9>EMA21;TREND=1;STRUCT=1;VOL=1;COOL=1;EMA50=1;VWAP=1;BIAS=1,0.99,-0.57,27201.61,27336.71,full target: no partial booked
406,2023.03.01 07:15:55,2023.03.01 09:45:55,TP2_REACHED,XAUUSD,M3,129,BUY,FULLTGT,DAY,0,1828.52,1826.60,1826.60,1.92,1.00,1.92,1830.44,1832.36,1834.28,1836.20,1838.12,0.70,0.00,0.70,1832.36,2.00,2.00,0.00,1829.93,1828.92,1827.19,1829.87,1828.87,3.149,0.55,24.56,63.82,62.29,0.16,0.12,0.04,1827.76,1831.41,93,89,85.7,0.0,8,1,CROSS=EMA9>EMA21;TREND=1;STRUCT=1;VOL=1;COOL=1;EMA50=1;VWAP=1;BIAS=1,1.99,-0.57,27201.61,27471.11,full target: no partial booked
407,2023.03.01 08:31:18,2023.03.01 11:01:18,TP3_REACHED,XAUUSD,M3,129,BUY,FULLTGT,DAY,0,1828.52,1826.60,1826.60,1.92,1.00,1.92,1830.44,1832.36,1834.28,1836.20,1838.12,0.70,0.00,0.70,1834.28,3.00,3.00,0.00,1831.28,1830.13,1828.25,1831.18,1830.06,2.866,0.66,37.85,65.61,68.93,0.55,0.36,0.19,1828.45,1833.76,121,101,100.0,0.0,11,1,CROSS=EMA9>EMA21;TREND=1;STRUCT=1;VOL=1;COOL=1;EMA50=1;VWAP=1;BIAS=1,3.00,-0.57,27201.61,27606.21,full target: no partial booked
408,2023.03.01 08:47:36,2023.03.01 11:17:36,TP4_REACHED,XAUUSD,M3,129,BUY,FULLTGT,DAY,0,1828.52,1826.60,1826.60,1.92,1.00,1.92,1830.44,1832.36,1834.28,1836.20,1838.12,0.70,0.00,0.70,1836.20,4.00,4.00,0.00,1831.87,1830.55,1828.55,1831.75,1830.47,2.369,0.84,39.93,65.39,69.72,0.88,0.64,0.24,1828.80,1834.67,152,120,85.7,14.3,8,1,CROSS=EMA9>EMA21;TREND=1;STRUCT=1;VOL=1;COOL=1;EMA50=1;VWAP=1;BIAS=1,3.98,-0.57,27201.61,27742.01,full target: no partial booked
409,2023.03.01 13:33:14,2023.03.01 16:03:14,TP5_EXIT,XAUUSD,M3,129,BUY,FULLTGT,EVENING,0,1828.52,1826.60,1826.60,1.92,1.00,1.92,1830.44,1832.36,1834.28,1836.20,1838.12,0.70,0.70,0.00,1838.15,5.00,5.00,0.00,1834.25,1833.51,1831.88,1834.10,1833.42,1.971,0.82,63.31,74.77,71.57,1.21,0.92,0.29,1831.41,1837.83,128,144,85.7,0.0,3,1,CROSS=EMA9>EMA21;TREND=1;STRUCT=1;VOL=1;COOL=1;EMA50=1;VWAP=1;BIAS=1,5.00,-0.57,27873.26,27873.26,full target reached; closed in full
410,2023.03.01 13:33:15,2023.03.01 16:03:15,EXIT_TP,XAUUSD,M3,129,BUY,FULLTGT,EVENING,0,1828.52,1826.60,1826.60,1.92,1.00,1.92,1830.44,1832.36,1834.28,1836.20,1838.12,0.70,0.70,0.00,1838.15,0.00,5.02,669.20,1834.25,1833.51,1831.88,1834.10,1833.42,1.971,0.82,63.31,74.77,71.57,1.21,0.92,0.29,1831.41,1837.83,128,144,85.7,0.0,3,1,CROSS=EMA9>EMA21;TREND=1;STRUCT=1;VOL=1;COOL=1;EMA50=1;VWAP=1;BIAS=1,5.00,-0.57,27873.26,27873.26,TP5 exit
411,2023.03.01 22:36:00,2023.03.02 01:06:00,SKIP,XAUUSD,M3,129,FLAT,NA,DAY,0,0.00,0.00,0.00,0.00,1.00,0.00,0.00,0.00,0.00,0.00,0.00,0.00,0.00,0.00,0.00,0.00,0.00,0.00,1838.20,1838.21,1837.32,1838.23,1838.22,1.463,0.61,30.35,43.06,44.23,-0.10,-0.03,-0.07,1835.66,1837.44,136,168,14.3,71.4,8,1,CROSS=EMA9>EMA21;TREND=1;STRUCT=1;VOL=1;COOL=1;EMA50=1;VWAP=1;BIAS=1,0.00,0.00,27873.26,27873.26,outside the killzone window
412,2023.03.02 01:02:00,2023.03.02 03:32:00,DAY_SUMMARY,XAUUSD,M3,129,FLAT,NA,DAY,0,0.00,0.00,0.00,0.00,1.00,0.00,0.00,0.00,0.00,0.00,0.00,0.00,0.00,0.00,0.00,0.00,3.99,518.54,1837.54,1837.80,1837.31,1837.58,1837.82,1.986,0.25,28.45,35.74,38.23,-0.23,-0.19,-0.04,1835.70,1836.56,41,40,14.3,85.7,12,1,CROSS=EMA9>EMA21;TREND=1;STRUCT=1;VOL=1;COOL=1;EMA50=1;VWAP=1;BIAS=1,0.00,0.00,27873.26,27873.26,2023.03.01 trades=2 W=1 L=1 gross_profit=669.20 gross_loss=150.66 net=518.54 PF=4.44
413,2023.03.02 13:39:00,2023.03.02 16:09:00,SKIP,XAUUSD,M3,129,FLAT,NA,EVENING,0,0.00,0.00,0.00,0.00,1.00,0.00,0.00,0.00,0.00,0.00,0.00,0.00,0.00,0.00,0.00,0.00,0.00,0.00,1832.87,1832.81,1833.38,1832.73,1832.74,-0.602,0.94,41.82,71.96,65.12,0.86,0.39,0.47,1833.33,1836.26,153,173,85.7,0.0,4,1,CROSS=EMA9>EMA21;TREND=1;STRUCT=1;VOL=1;COOL=1;EMA50=1;VWAP=1;BIAS=1,0.00,0.00,27873.26,27873.26,outside the killzone window
414,2023.03.02 15:42:00,2023.03.02 18:12:00,ENTRY,XAUUSD,M3,131,SELL,FULLTGT,EVENING,0,1832.36,1835.72,1835.72,3.36,1.00,3.36,1829.00,1825.63,1822.27,1818.91,1815.55,0.41,0.41,0.41,1832.36,0.00,0.00,0.00,1833.25,1833.27,1833.52,1833.29,1833.29,-0.149,1.68,25.92,45.37,47.77,-0.29,-0.34,0.05,1833.38,1832.27,345,289,28.6,71.4,3,1,CROSS=EMA9<EMA21;TREND=1;STRUCT=1;VOL=1;COOL=1;EMA50=1;VWAP=1;BIAS=1,0.00,0.00,27871.82,27870.59,KZ=NY; KZR=Asia H @ 1835.99 41 bars ago (high taken); EVENING 4PM-12AM IST session: stop x1.00 of usual; no partials; full size to TP5; SL steps BE->TP1->TP2->TP3
415,2023.03.02 16:33:00,2023.03.02 19:03:00,FLIP,XAUUSD,M3,131,SELL,FULLTGT,EVENING,0,1832.36,1835.72,1835.72,3.36,1.00,3.36,1829.00,1825.63,1822.27,1818.91,1815.55,0.41,0.00,0.00,1835.03,0.00,-0.79,0.00,1833.25,1833.24,1833.46,1833.19,1833.21,-0.154,1.41,23.55,61.38,52.50,0.36,0.15,0.21,1833.34,1834.91,470,347,85.7,0.0,1,1,CROSS=EMA9>EMA21;TREND=1;STRUCT=1;VOL=1;COOL=1;EMA50=1;VWAP=1;BIAS=1,0.68,-0.84,27871.82,27762.35,opposite signal before SL/target | SELL -> BUY | closing trade 131
416,2023.03.02 16:33:00,2023.03.02 19:03:00,EXIT_FLIP,XAUUSD,M3,131,SELL,FULLTGT,EVENING,0,1832.36,1835.72,1835.72,3.36,1.00,3.36,1829.00,1825.63,1822.27,1818.91,1815.55,0.41,0.41,0.00,1835.03,0.00,-0.79,0.00,1833.25,1833.24,1833.46,1833.19,1833.21,-0.154,1.41,23.55,61.38,52.50,0.36,0.15,0.21,1833.34,1834.91,470,347,85.7,0.0,1,1,CROSS=EMA9>EMA21;TREND=1;STRUCT=1;VOL=1;COOL=1;EMA50=1;VWAP=1;BIAS=1,0.68,-0.84,27760.91,27760.91,FLIP exit
417,2023.03.02 16:33:00,2023.03.02 19:03:00,EXIT_OTHER,XAUUSD,M3,131,SELL,FULLTGT,EVENING,0,1832.36,1835.72,1835.72,3.36,1.00,3.36,1829.00,1825.63,1822.27,1818.91,1815.55,0.41,0.41,0.00,1835.03,0.00,-0.79,-112.35,1833.25,1833.24,1833.46,1833.19,1833.21,-0.154,1.41,23.55,61.38,52.50,0.36,0.15,0.21,1833.34,1834.91,470,347,85.7,0.0,1,1,CROSS=EMA9>EMA21;TREND=1;STRUCT=1;VOL=1;COOL=1;EMA50=1;VWAP=1;BIAS=1,0.68,-0.84,27760.91,27760.91,FLIP exit
418,2023.03.02 16:33:00,2023.03.02 19:03:00,ENTRY,XAUUSD,M3,133,BUY,FULLTGT,EVENING,131,1835.03,1832.22,1832.22,2.81,1.00,2.81,1837.84,1840.65,1843.46,1846.28,1849.09,0.49,0.49,0.49,1835.03,0.00,0.00,0.00,1833.25,1833.24,1833.46,1833.19,1833.21,-0.154,1.41,23.55,61.38,52.50,0.36,0.15,0.21,1833.34,1834.91,470,347,85.7,0.0,1,1,CROSS=EMA9>EMA21;TREND=1;STRUCT=1;VOL=1;COOL=1;EMA50=1;VWAP=1;BIAS=1,0.00,0.00,27759.19,27758.70,KZ=NY; KZR=Asia H @ 1835.99 58 bars ago (high taken); EVENING 4PM-12AM IST session: stop x1.00 of usual; no partials; full size to TP5; SL steps BE->TP1->TP2->TP3; flipped from trade 131
419,2023.03.02 16:54:04,2023.03.02 19:24:04,TP1_REACHED,XAUUSD,M3,133,BUY,FULLTGT,EVENING,131,1835.03,1832.22,1832.22,2.81,1.00,2.81,1837.84,1840.65,1843.46,1846.28,1849.09,0.49,0.00,0.49,1837.84,1.00,1.00,0.00,1833.86,1833.56,1833.61,1833.71,1833.48,-0.029,1.56,37.08,64.38,55.40,0.84,0.57,0.26,1833.48,1837.48,429,373,100.0,0.0,6,1,CROSS=EMA9>EMA21;TREND=1;STRUCT=1;VOL=1;COOL=1;EMA50=1;VWAP=1;BIAS=1,1.00,-0.69,27759.19,27898.84,full target: no partial booked
420,2023.03.02 20:06:00,2023.03.02 22:36:00,SKIP,XAUUSD,M3,133,BUY,FULLTGT,EVENING,131,1835.03,1832.22,1832.22,2.81,1.00,2.81,1837.84,1840.65,1843.46,1846.28,1849.09,0.49,0.00,0.00,0.00,0.00,0.00,0.00,1834.95,1834.97,1834.62,1835.02,1835.00,0.433,0.81,33.24,41.25,40.46,-0.69,-0.77,0.08,1834.19,1833.28,202,228,14.3,71.4,8,1,CROSS=EMA9>EMA21;TREND=1;STRUCT=1;VOL=1;COOL=1;EMA50=1;VWAP=1;BIAS=1,1.39,-0.97,27759.19,27673.93,outside the killzone window
421,2023.03.02 21:06:00,2023.03.02 23:36:00,SKIP,XAUUSD,M3,133,BUY,FULLTGT,EVENING,131,1835.03,1832.22,1832.22,2.81,1.00,2.81,1837.84,1840.65,1843.46,1846.28,1849.09,0.49,0.00,0.00,0.00,0.00,0.00,0.00,1834.95,1834.92,1834.65,1834.88,1834.89,0.302,0.91,53.24,62.32,60.93,0.52,0.28,0.24,1834.23,1836.46,267,221,100.0,0.0,6,1,CROSS=EMA9>EMA21;TREND=1;STRUCT=1;VOL=1;COOL=1;EMA50=1;VWAP=1;BIAS=1,1.39,-0.97,27759.19,27828.28,outside the killzone window
422,2023.03.03 01:02:00,2023.03.03 03:32:00,DAY_SUMMARY,XAUUSD,M3,133,BUY,FULLTGT,DAY,131,1835.03,1832.22,1832.22,2.81,1.00,2.81,1837.84,1840.65,1843.46,1846.28,1849.09,0.49,0.00,0.00,0.00,0.00,-0.79,-112.35,1835.99,1835.74,1835.29,1836.00,1835.74,1.496,0.30,15.62,42.13,45.56,-0.10,-0.09,-0.01,1834.40,1835.60,27,48,28.6,42.9,12,1,CROSS=EMA9>EMA21;TREND=1;STRUCT=1;VOL=1;COOL=1;EMA50=1;VWAP=1;BIAS=1,1.39,-0.97,27759.19,27784.57,2023.03.02 trades=1 W=0 L=1 gross_profit=0.00 gross_loss=112.35 net=-112.35 PF=0.00
423,2023.03.03 03:08:33,2023.03.03 05:38:33,TP2_REACHED,XAUUSD,M3,133,BUY,FULLTGT,DAY,131,1835.03,1832.22,1832.22,2.81,1.00,2.81,1837.84,1840.65,1843.46,1846.28,1849.09,0.49,0.00,0.49,1840.65,2.00,2.00,0.00,1838.12,1837.26,1836.33,1838.04,1837.21,1.517,0.62,33.01,65.00,66.67,0.51,0.36,0.15,1838.70,1840.01,190,101,85.7,14.3,7,1,CROSS=EMA9>EMA21;TREND=1;STRUCT=1;VOL=1;COOL=1;EMA50=1;VWAP=1;BIAS=1,1.98,-0.97,27759.19,28004.09,full target: no partial booked
424,2023.03.03 08:44:13,2023.03.03 11:14:13,TP3_REACHED,XAUUSD,M3,133,BUY,FULLTGT,DAY,131,1835.03,1832.22,1832.22,2.81,1.00,2.81,1837.84,1840.65,1843.46,1846.28,1849.09,0.49,0.00,0.49,1843.46,3.00,3.00,0.00,1840.07,1839.43,1838.49,1839.96,1839.36,1.375,0.68,54.72,81.63,73.31,0.99,0.80,0.19,1839.42,1842.84,116,101,100.0,0.0,9,1,CROSS=EMA9>EMA21;TREND=1;STRUCT=1;VOL=1;COOL=1;EMA50=1;VWAP=1;BIAS=1,3.00,-0.97,27759.19,28143.74,full target: no partial booked
425,2023.03.03 11:06:34,2023.03.03 13:36:34,TP4_REACHED,XAUUSD,M3,133,BUY,FULLTGT,DAY,131,1835.03,1832.22,1832.22,2.81,1.00,2.81,1837.84,1840.65,1843.46,1846.28,1849.09,0.49,0.00,0.49,1846.28,4.00,4.00,0.00,1843.51,1842.22,1840.55,1843.45,1842.17,1.983,0.85,23.14,57.32,62.80,0.40,0.45,-0.04,1840.85,1845.10,127,146,57.1,14.3,5,1,CROSS=EMA9>EMA21;TREND=1;STRUCT=1;VOL=1;COOL=1;EMA50=1;VWAP=1;BIAS=1,3.98,-0.97,27759.19,28280.94,full target: no partial booked
426,2023.03.03 13:16:15,2023.03.03 15:46:15,TP5_EXIT,XAUUSD,M3,133,BUY,FULLTGT,DAY,131,1835.03,1832.22,1832.22,2.81,1.00,2.81,1837.84,1840.65,1843.46,1846.28,1849.09,0.49,0.49,0.00,1849.15,5.00,5.00,0.00,1845.95,1844.65,1842.59,1845.88,1844.59,2.341,0.88,21.89,60.59,59.71,0.29,0.25,0.05,1842.15,1847.70,114,121,71.4,0.0,3,1,CROSS=EMA9>EMA21;TREND=1;STRUCT=1;VOL=1;COOL=1;EMA50=1;VWAP=1;BIAS=1,5.00,-0.97,28418.38,28418.38,full target reached; closed in full
427,2023.03.03 13:16:15,2023.03.03 15:46:15,EXIT_TP,XAUUSD,M3,133,BUY,FULLTGT,DAY,131,1835.03,1832.22,1832.22,2.81,1.00,2.81,1837.84,1840.65,1843.46,1846.28,1849.09,0.49,0.49,0.00,1849.15,0.00,5.02,657.47,1845.95,1844.65,1842.59,1845.88,1844.59,2.341,0.88,21.89,60.59,59.71,0.29,0.25,0.05,1842.15,1847.70,114,121,71.4,0.0,3,1,CROSS=EMA9>EMA21;TREND=1;STRUCT=1;VOL=1;COOL=1;EMA50=1;VWAP=1;BIAS=1,5.00,-0.97,28418.38,28418.38,TP5 exit
428,2023.03.03 16:54:00,2023.03.03 19:24:00,ENTRY,XAUUSD,M3,135,SELL,FULLTGT,EVENING,0,1842.61,1845.61,1845.61,3.00,1.00,3.00,1839.61,1836.61,1833.61,1830.60,1827.60,0.47,0.47,0.47,1842.61,0.00,0.00,0.00,1845.66,1845.72,1844.49,1845.78,1845.78,0.817,1.50,25.70,34.81,43.02,-0.82,-0.73,-0.09,1843.59,1842.68,413,303,0.0,100.0,12,1,CROSS=EMA9<EMA21;TREND=1;STRUCT=1;VOL=1;COOL=1;EMA50=1;VWAP=1;BIAS=1,0.00,0.00,28416.73,28411.09,KZ=NY; KZR=NY H @ 1844.56 156 bars ago (high taken); EVENING 4PM-12AM IST session: stop x1.00 of usual; no partials; full size to TP5; SL steps BE->TP1->TP2->TP3
429,2023.03.03 17:07:03,2023.03.03 19:37:03,TP1_REACHED,XAUUSD,M3,135,SELL,FULLTGT,EVENING,0,1842.61,1845.61,1845.61,3.00,1.00,3.00,1839.61,1836.61,1833.61,1830.60,1827.60,0.47,0.00,0.47,1839.61,1.00,1.00,0.00,1845.15,1845.45,1844.40,1845.32,1845.54,0.637,1.65,28.56,31.06,33.02,-1.11,-0.84,-0.27,1843.54,1841.04,519,334,0.0,100.0,1,1,CROSS=EMA9<EMA21;TREND=1;STRUCT=1;VOL=1;COOL=1;EMA50=1;VWAP=1;BIAS=1,0.99,-0.46,28416.73,28559.14,full target: no partial booked
430,2023.03.03 18:14:12,2023.03.03 20:44:12,EXIT_SL,XAUUSD,M3,135,SELL,FULLTGT,EVENING,0,1842.61,1845.61,1845.61,3.00,1.00,3.00,1839.61,1836.61,1833.61,1830.60,1827.60,0.47,0.47,0.00,1845.63,0.00,-1.01,-145.24,1844.43,1844.86,1844.27,1844.40,1844.85,0.472,1.25,22.75,56.85,53.63,0.33,0.12,0.21,1843.51,1845.17,259,316,57.1,14.3,1,1,CROSS=EMA9<EMA21;TREND=1;STRUCT=1;VOL=1;COOL=1;EMA50=1;VWAP=1;BIAS=1,1.20,-1.00,28273.14,28273.14,stopped at the initial SL (x1.00 of usual)
431,2023.03.03 18:57:00,2023.03.03 21:27:00,SKIP,XAUUSD,M3,135,FLAT,NA,EVENING,0,0.00,0.00,0.00,0.00,1.00,0.00,0.00,0.00,0.00,0.00,0.00,0.00,0.00,0.00,0.00,0.00,0.00,0.00,1845.18,1845.16,1844.51,1845.07,1845.11,0.710,0.92,23.98,66.82,62.74,0.74,0.52,0.22,1843.66,1847.85,258,237,85.7,0.0,4,1,CROSS=EMA9<EMA21;TREND=1;STRUCT=1;VOL=1;COOL=1;EMA50=1;VWAP=1;BIAS=1,0.00,0.00,28273.14,28273.14,outside the killzone window
432,2023.03.06 01:02:00,2023.03.06 03:32:00,DAY_SUMMARY,XAUUSD,M3,135,FLAT,NA,DAY,0,0.00,0.00,0.00,0.00,1.00,0.00,0.00,0.00,0.00,0.00,0.00,0.00,0.00,0.00,0.00,0.00,4.02,512.23,1853.82,1851.84,1849.30,1853.77,1851.78,6.931,0.37,21.89,56.11,61.17,0.24,0.25,-0.01,1845.12,1855.10,54,66,57.1,14.3,12,1,CROSS=EMA9<EMA21;TREND=1;STRUCT=1;VOL=1;COOL=1;EMA50=1;VWAP=1;BIAS=1,0.00,0.00,28273.14,28273.14,2023.03.03 trades=2 W=1 L=1 gross_profit=657.47 gross_loss=145.24 net=512.23 PF=4.53
433,2023.03.06 01:02:00,2023.03.06 03:32:00,WEEK_SUMMARY,XAUUSD,M3,135,FLAT,NA,DAY,0,0.00,0.00,0.00,0.00,1.00,0.00,0.00,0.00,0.00,0.00,0.00,0.00,0.00,0.00,0.00,0.00,7.21,918.42,1853.82,1851.84,1849.30,1853.77,1851.78,6.931,0.37,21.89,56.11,61.17,0.24,0.25,-0.01,1845.12,1855.10,54,66,57.1,14.3,12,1,CROSS=EMA9<EMA21;TREND=1;STRUCT=1;VOL=1;COOL=1;EMA50=1;VWAP=1;BIAS=1,0.00,0.00,28273.14,28273.14,days=3 trades=5 W=2 L=3 gross_profit=1326.67 gross_loss=408.25 net=918.42 PF=3.25 pips=1720.0
434,2023.03.06 11:27:00,2023.03.06 13:57:00,SKIP,XAUUSD,M3,135,FLAT,NA,DAY,0,0.00,0.00,0.00,0.00,1.00,0.00,0.00,0.00,0.00,0.00,0.00,0.00,0.00,0.00,0.00,0.00,0.00,0.00,1854.44,1854.47,1853.72,1854.54,1854.52,0.765,0.98,17.58,37.02,39.43,-0.57,-0.49,-0.07,1854.05,1852.00,209,170,0.0,85.7,5,1,CROSS=EMA9<EMA21;TREND=1;STRUCT=1;VOL=1;COOL=1;EMA50=1;VWAP=1;BIAS=1,0.00,0.00,28273.14,28273.14,outside the killzone window
435,2023.03.06 16:42:00,2023.03.06 19:12:00,SKIP,XAUUSD,M3,135,FLAT,NA,EVENING,0,0.00,0.00,0.00,0.00,1.00,0.00,0.00,0.00,0.00,0.00,0.00,0.00,0.00,0.00,0.00,0.00,0.00,0.00,1851.67,1851.66,1852.02,1851.65,1851.65,-0.368,0.98,19.80,51.70,55.40,0.39,0.43,-0.04,1852.71,1852.27,369,259,57.1,28.6,3,1,CROSS=EMA9>EMA21;TREND=1;STRUCT=1;VOL=1;COOL=1;EMA50=1;VWAP=0;BIAS=1,0.00,0.00,28273.14,28273.14,quality filter
436,2023.03.06 17:06:00,2023.03.06 19:36:00,SKIP,XAUUSD,M3,135,FLAT,NA,EVENING,0,0.00,0.00,0.00,0.00,1.00,0.00,0.00,0.00,0.00,0.00,0.00,0.00,0.00,0.00,0.00,0.00,0.00,0.00,1851.65,1851.65,1851.99,1851.72,1851.69,-0.279,1.21,17.29,35.37,41.32,-0.15,0.17,-0.32,1852.65,1849.79,371,299,0.0,85.7,2,1,CROSS=EMA9<EMA21;TREND=1;STRUCT=1;VOL=1;COOL=1;EMA50=1;VWAP=1;BIAS=1,0.00,0.00,28273.14,28273.14,already positioned that way
437,2023.03.06 17:27:00,2023.03.06 19:57:00,ENTRY,XAUUSD,M3,137,BUY,FULLTGT,EVENING,0,1852.97,1850.22,1850.22,2.75,1.00,2.75,1855.72,1858.48,1861.23,1863.98,1866.73,0.51,0.51,0.51,1852.97,0.00,0.00,0.00,1851.66,1851.66,1851.97,1851.61,1851.63,-0.227,1.38,16.14,56.91,53.67,0.01,-0.14,0.14,1852.59,1852.96,253,331,71.4,0.0,1,1,CROSS=EMA9>EMA21;TREND=1;STRUCT=1;VOL=1;COOL=1;EMA50=1;VWAP=1;BIAS=1,0.00,0.00,28271.35,28270.84,KZ=NY; KZR=Asia H @ 1856.50 161 bars ago (high taken); EVENING 4PM-12AM IST session: stop x1.00 of usual; no partials; full size to TP5; SL steps BE->TP1->TP2->TP3
438,2023.03.06 17:30:00,2023.03.06 20:00:00,FLIP,XAUUSD,M3,137,BUY,FULLTGT,EVENING,0,1852.97,1850.22,1850.22,2.75,1.00,2.75,1855.72,1858.48,1861.23,1863.98,1866.73,0.51,0.00,0.00,1851.31,0.00,-0.60,0.00,1851.65,1851.65,1851.96,1851.66,1851.66,-0.215,1.45,15.24,47.87,47.74,-0.03,-0.14,0.12,1852.58,1851.37,212,332,14.3,57.1,1,1,CROSS=EMA9<EMA21;TREND=1;STRUCT=1;VOL=1;COOL=1;EMA50=1;VWAP=1;BIAS=1,0.05,-0.65,28271.35,28186.69,opposite signal before SL/target | BUY -> SELL | closing trade 137
439,2023.03.06 17:30:00,2023.03.06 20:00:00,EXIT_FLIP,XAUUSD,M3,137,BUY,FULLTGT,EVENING,0,1852.97,1850.22,1850.22,2.75,1.00,2.75,1855.72,1858.48,1861.23,1863.98,1866.73,0.51,0.51,0.00,1851.31,0.00,-0.60,0.00,1851.65,1851.65,1851.96,1851.66,1851.66,-0.215,1.45,15.24,47.87,47.74,-0.03,-0.14,0.12,1852.58,1851.37,212,332,14.3,57.1,1,1,CROSS=EMA9<EMA21;TREND=1;STRUCT=1;VOL=1;COOL=1;EMA50=1;VWAP=1;BIAS=1,0.05,-0.65,28184.90,28184.90,FLIP exit
440,2023.03.06 17:30:00,2023.03.06 20:00:00,EXIT_OTHER,XAUUSD,M3,137,BUY,FULLTGT,EVENING,0,1852.97,1850.22,1850.22,2.75,1.00,2.75,1855.72,1858.48,1861.23,1863.98,1866.73,0.51,0.51,0.00,1851.31,0.00,-0.60,-88.24,1851.65,1851.65,1851.96,1851.66,1851.66,-0.215,1.45,15.24,47.87,47.74,-0.03,-0.14,0.12,1852.58,1851.37,212,332,14.3,57.1,1,1,CROSS=EMA9<EMA21;TREND=1;STRUCT=1;VOL=1;COOL=1;EMA50=1;VWAP=1;BIAS=1,0.05,-0.65,28184.90,28184.90,FLIP exit
441,2023.03.06 17:30:00,2023.03.06 20:00:00,ENTRY,XAUUSD,M3,139,SELL,FULLTGT,EVENING,137,1851.31,1854.21,1854.21,2.90,1.00,2.90,1848.41,1845.51,1842.61,1839.71,1836.81,0.48,0.48,0.48,1851.31,0.00,0.00,0.00,1851.65,1851.65,1851.96,1851.66,1851.66,-0.215,1.45,15.24,47.87,47.74,-0.03,-0.14,0.12,1852.58,1851.37,212,332,14.3,57.1,1,1,CROSS=EMA9<EMA21;TREND=1;STRUCT=1;VOL=1;COOL=1;EMA50=1;VWAP=1;BIAS=1,0.00,0.00,28183.22,28182.74,KZ=NY; KZR=Asia H @ 1856.50 162 bars ago (high taken); EVENING 4PM-12AM IST session: stop x1.00 of usual; no partials; full size to TP5; SL steps BE->TP1->TP2->TP3; flipped from trade 137
442,2023.03.06 17:36:00,2023.03.06 20:06:00,FLIP,XAUUSD,M3,139,SELL,FULLTGT,EVENING,0,1851.31,1854.21,1854.21,2.90,1.00,2.90,1848.41,1845.51,1842.61,1839.71,1836.81,0.48,0.00,0.00,1852.61,0.00,-0.45,0.00,1851.69,1851.67,1851.97,1851.65,1851.65,-0.209,1.42,15.75,54.29,56.46,0.04,-0.10,0.14,1852.58,1852.60,239,314,71.4,0.0,2,1,CROSS=EMA9>EMA21;TREND=1;STRUCT=1;VOL=1;COOL=1;EMA50=1;VWAP=1;BIAS=1,0.07,-0.56,28183.22,28120.82,opposite signal before SL/target | SELL -> BUY | closing trade 139
443,2023.03.06 17:36:00,2023.03.06 20:06:00,EXIT_FLIP,XAUUSD,M3,139,SELL,FULLTGT,EVENING,0,1851.31,1854.21,1854.21,2.90,1.00,2.90,1848.41,1845.51,1842.61,1839.71,1836.81,0.48,0.48,0.00,1852.61,0.00,-0.45,0.00,1851.69,1851.67,1851.97,1851.65,1851.65,-0.209,1.42,15.75,54.29,56.46,0.04,-0.10,0.14,1852.58,1852.60,239,314,71.4,0.0,2,1,CROSS=EMA9>EMA21;TREND=1;STRUCT=1;VOL=1;COOL=1;EMA50=1;VWAP=1;BIAS=1,0.07,-0.56,28119.14,28119.14,FLIP exit
444,2023.03.06 17:36:00,2023.03.06 20:06:00,EXIT_OTHER,XAUUSD,M3,139,SELL,FULLTGT,EVENING,0,1851.31,1854.21,1854.21,2.90,1.00,2.90,1848.41,1845.51,1842.61,1839.71,1836.81,0.48,0.48,0.00,1852.61,0.00,-0.45,-65.76,1851.69,1851.67,1851.97,1851.65,1851.65,-0.209,1.42,15.75,54.29,56.46,0.04,-0.10,0.14,1852.58,1852.60,239,314,71.4,0.0,2,1,CROSS=EMA9>EMA21;TREND=1;STRUCT=1;VOL=1;COOL=1;EMA50=1;VWAP=1;BIAS=1,0.07,-0.56,28119.14,28119.14,FLIP exit
445,2023.03.06 17:36:00,2023.03.06 20:06:00,ENTRY,XAUUSD,M3,141,BUY,FULLTGT,EVENING,139,1852.61,1849.77,1849.77,2.84,1.00,2.84,1855.45,1858.29,1861.13,1863.96,1866.80,0.49,0.49,0.49,1852.61,0.00,0.00,0.00,1851.69,1851.67,1851.97,1851.65,1851.65,-0.209,1.42,15.75,54.29,56.46,0.04,-0.10,0.14,1852.58,1852.60,239,314,71.4,0.0,2,1,CROSS=EMA9>EMA21;TREND=1;STRUCT=1;VOL=1;COOL=1;EMA50=1;VWAP=1;BIAS=1,0.00,0.00,28117.42,28116.44,KZ=NY; KZR=Asia H @ 1856.50 164 bars ago (high taken); EVENING 4PM-12AM IST session: stop x1.00 of usual; no partials; full size to TP5; SL steps BE->TP1->TP2->TP3; flipped from trade 139
446,2023.03.06 18:21:00,2023.03.06 20:51:00,SKIP,XAUUSD,M3,141,BUY,FULLTGT,EVENING,139,1852.61,1849.77,1849.77,2.84,1.00,2.84,1855.45,1858.29,1861.13,1863.96,1866.80,0.49,0.00,0.00,0.00,0.00,0.00,0.00,1851.68,1851.69,1851.94,1851.72,1851.71,-0.263,0.96,27.66,42.67,44.43,-0.29,-0.13,-0.17,1852.54,1850.53,228,237,0.0,85.7,7,1,CROSS=EMA9>EMA21;TREND=1;STRUCT=1;VOL=1;COOL=1;EMA50=1;VWAP=1;BIAS=1,0.48,-0.81,28117.42,28012.56,outside the killzone window
447,2023.03.06 18:21:35,2023.03.06 20:51:35,EXIT_SL,XAUUSD,M3,141,BUY,FULLTGT,EVENING,139,1852.61,1849.77,1849.77,2.84,1.00,2.84,1855.45,1858.29,1861.13,1863.96,1866.80,0.49,0.49,0.00,1849.77,0.00,-1.00,-142.60,1851.68,1851.69,1851.94,1851.72,1851.71,-0.263,0.96,27.66,42.67,44.43,-0.29,-0.13,-0.17,1852.54,1850.53,228,237,0.0,85.7,7,1,CROSS=EMA9>EMA21;TREND=1;STRUCT=1;VOL=1;COOL=1;EMA50=1;VWAP=1;BIAS=1,0.48,-0.99,27976.54,27976.54,stopped at the initial SL (x1.00 of usual)
448,2023.03.07 01:02:00,2023.03.07 03:32:00,DAY_SUMMARY,XAUUSD,M3,141,FLAT,NA,DAY,139,0.00,0.00,0.00,0.00,1.00,0.00,0.00,0.00,0.00,0.00,0.00,0.00,0.00,0.00,0.00,0.00,-2.05,-296.60,1846.89,1847.67,1848.97,1846.91,1847.69,-5.046,0.26,37.11,46.86,45.99,0.08,0.08,-0.01,1851.61,1846.61,41,47,0.0,85.7,12,1,CROSS=EMA9>EMA21;TREND=1;STRUCT=1;VOL=1;COOL=1;EMA50=1;VWAP=1;BIAS=1,0.00,0.00,27976.54,27976.54,2023.03.06 trades=3 W=0 L=3 gross_profit=0.00 gross_loss=296.60 net=-296.60 PF=0.00
449,2023.03.07 04:15:00,2023.03.07 06:45:00,SKIP,XAUUSD,M3,141,FLAT,NA,DAY,139,0.00,0.00,0.00,0.00,1.00,0.00,0.00,0.00,0.00,0.00,0.00,0.00,0.00,0.00,0.00,0.00,0.00,0.00,1846.93,1846.91,1847.79,1846.80,1846.85,-1.051,0.84,34.29,74.21,74.16,0.95,0.62,0.34,1846.60,1849.98,147,126,85.7,14.3,9,1,CROSS=EMA9>EMA21;TREND=1;STRUCT=1;VOL=1;COOL=1;EMA50=1;VWAP=1;BIAS=1,0.00,0.00,27976.54,27976.54,already positioned that way
450,2023.03.07 09:03:00,2023.03.07 11:33:00,SKIP,XAUUSD,M3,141,FLAT,NA,DAY,139,0.00,0.00,0.00,0.00,1.00,0.00,0.00,0.00,0.00,0.00,0.00,0.00,0.00,0.00,0.00,0.00,0.00,0.00,1847.78,1847.80,1847.96,1847.84,1847.83,-0.279,0.56,18.58,31.76,39.44,-0.27,-0.12,-0.15,1847.58,1846.26,99,88,0.0,85.7,5,1,CROSS=EMA9>EMA21;TREND=1;STRUCT=1;VOL=1;COOL=1;EMA50=1;VWAP=1;BIAS=1,0.00,0.00,27976.54,27976.54,outside the killzone window
451,2023.03.07 09:27:00,2023.03.07 11:57:00,SKIP,XAUUSD,M3,141,FLAT,NA,DAY,139,0.00,0.00,0.00,0.00,1.00,0.00,0.00,0.00,0.00,0.00,0.00,0.00,0.00,0.00,0.00,0.00,0.00,0.00,1847.83,1847.81,1847.95,1847.71,1847.75,-0.147,0.93,22.01,70.32,65.76,0.28,-0.20,0.49,1847.60,1850.76,201,105,85.7,0.0,6,1,CROSS=EMA9>EMA21;TREND=1;STRUCT=1;VOL=1;COOL=1;EMA50=1;VWAP=1;BIAS=1,0.00,0.00,27976.54,27976.54,outside the killzone window
452,2023.03.07 10:51:00,2023.03.07 13:21:00,SKIP,XAUUSD,M3,141,FLAT,NA,DAY,139,0.00,0.00,0.00,0.00,1.00,0.00,0.00,0.00,0.00,0.00,0.00,0.00,0.00,0.00,0.00,0.00,0.00,0.00,1847.98,1847.99,1848.04,1848.04,1848.02,-0.049,1.02,27.47,40.45,42.14,-0.41,-0.39,-0.02,1847.78,1846.50,169,173,0.0,85.7,7,1,CROSS=EMA9>EMA21;TREND=1;STRUCT=1;VOL=1;COOL=1;EMA50=1;VWAP=1;BIAS=1,0.00,0.00,27976.54,27976.54,outside the killzone window
453,2023.03.08 08:54:00,2023.03.08 11:24:00,SKIP,XAUUSD,M3,141,FLAT,NA,DAY,139,0.00,0.00,0.00,0.00,1.00,0.00,0.00,0.00,0.00,0.00,0.00,0.00,0.00,0.00,0.00,0.00,0.00,0.00,1812.03,1812.02,1814.01,1811.97,1811.99,-3.007,0.66,17.21,62.55,55.02,0.36,0.30,0.05,1812.06,1813.52,68,80,71.4,0.0,4,1,CROSS=EMA9>EMA21;TREND=1;STRUCT=1;VOL=1;COOL=1;EMA50=1;VWAP=1;BIAS=1,0.00,0.00,27976.54,27976.54,outside the killzone window
454,2023.03.08 15:54:00,2023.03.08 18:24:00,ENTRY,XAUUSD,M3,143,SELL,FULLTGT,EVENING,0,1812.91,1815.53,1815.53,2.62,1.00,2.62,1810.29,1807.67,1805.05,1802.43,1799.81,0.53,0.53,0.53,1812.91,0.00,0.00,0.00,1814.21,1814.21,1814.27,1814.26,1814.24,-0.046,1.31,21.56,42.39,42.18,-0.36,-0.36,-0.00,1813.36,1812.91,258,281,0.0,71.4,4,1,CROSS=EMA9<EMA21;TREND=1;STRUCT=1;VOL=1;COOL=1;EMA50=1;VWAP=1;BIAS=1,0.00,0.00,27974.68,27972.56,KZ=NY; KZR=NY L @ 1815.73 394 bars ago (low taken); EVENING 4PM-12AM IST session: stop x1.00 of usual; no partials; full size to TP5; SL steps BE->TP1->TP2->TP3
455,2023.03.08 16:30:40,2023.03.08 19:00:40,EXIT_SL,XAUUSD,M3,143,SELL,FULLTGT,EVENING,0,1812.91,1815.53,1815.53,2.62,1.00,2.62,1810.29,1807.67,1805.05,1802.43,1799.81,0.53,0.53,0.00,1815.56,0.00,-1.01,-144.17,1814.04,1814.11,1814.21,1814.06,1814.13,-0.110,0.91,14.14,46.52,46.65,-0.08,-0.13,0.04,1813.39,1813.40,146,254,28.6,42.9,1,1,CROSS=EMA9<EMA21;TREND=1;STRUCT=1;VOL=1;COOL=1;EMA50=1;VWAP=1;BIAS=1,0.08,-1.00,27832.37,27832.37,stopped at the initial SL (x1.00 of usual)
456,2023.03.08 16:36:00,2023.03.08 19:06:00,ENTRY,XAUUSD,M3,145,BUY,FULLTGT,EVENING,0,1815.67,1813.18,1813.18,2.49,1.00,2.49,1818.16,1820.64,1823.13,1825.61,1828.10,0.55,0.55,0.55,1815.67,0.00,0.00,0.00,1814.19,1814.19,1814.25,1814.14,1814.16,-0.048,1.24,15.09,58.34,56.41,0.25,-0.04,0.29,1813.46,1815.62,486,275,71.4,14.3,1,1,CROSS=EMA9>EMA21;TREND=1;STRUCT=1;VOL=1;COOL=1;EMA50=1;VWAP=1;BIAS=1,0.00,0.00,27830.44,27829.89,KZ=NY; KZR=NY L @ 1815.73 408 bars ago (low taken); EVENING 4PM-12AM IST session: stop x1.00 of usual; no partials; full size to TP5; SL steps BE->TP1->TP2->TP3
457,2023.03.08 16:46:33,2023.03.08 19:16:33,TP1_REACHED,XAUUSD,M3,145,BUY,FULLTGT,EVENING,0,1815.67,1813.18,1813.18,2.49,1.00,2.49,1818.16,1820.64,1823.13,1825.61,1828.10,0.55,0.00,0.55,1818.16,1.00,1.00,0.00,1814.47,1814.34,1814.32,1814.38,1814.29,0.010,1.34,20.24,61.56,61.70,0.64,0.19,0.45,1813.55,1816.68,370,289,71.4,14.3,2,1,CROSS=EMA9>EMA21;TREND=1;STRUCT=1;VOL=1;COOL=1;EMA50=1;VWAP=1;BIAS=1,1.00,-0.19,27830.44,27967.39,full target: no partial booked
458,2023.03.08 16:51:20,2023.03.08 19:21:20,TP2_REACHED,XAUUSD,M3,145,BUY,FULLTGT,EVENING,0,1815.67,1813.18,1813.18,2.49,1.00,2.49,1818.16,1820.64,1823.13,1825.61,1828.10,0.55,0.00,0.55,1820.64,2.00,2.00,0.00,1814.88,1814.55,1814.43,1814.65,1814.43,0.078,1.52,29.32,73.70,71.09,1.20,0.43,0.76,1813.67,1820.62,463,310,100.0,0.0,2,1,CROSS=EMA9>EMA21;TREND=1;STRUCT=1;VOL=1;COOL=1;EMA50=1;VWAP=1;BIAS=1,2.00,-0.19,27830.44,28105.44,full target: no partial booked
459,2023.03.08 17:26:36,2023.03.08 19:56:36,TP3_REACHED,XAUUSD,M3,145,BUY,FULLTGT,EVENING,0,1815.67,1813.18,1813.18,2.49,1.00,2.49,1818.16,1820.64,1823.13,1825.61,1828.10,0.55,0.00,0.55,1823.13,3.00,3.00,0.00,1816.46,1815.49,1814.94,1816.29,1815.39,0.263,2.09,28.25,61.05,68.63,1.21,1.40,-0.19,1814.32,1820.46,497,439,85.7,14.3,3,1,CROSS=EMA9>EMA21;TREND=1;STRUCT=1;VOL=1;COOL=1;EMA50=1;VWAP=1;BIAS=1,2.99,-0.19,27830.44,28241.29,full target: no partial booked
460,2023.03.08 20:21:00,2023.03.08 22:51:00,SKIP,XAUUSD,M3,145,BUY,FULLTGT,EVENING,0,1815.67,1813.18,1813.18,2.49,1.00,2.49,1818.16,1820.64,1823.13,1825.61,1828.10,0.55,0.00,0.00,0.00,0.00,0.00,0.00,1816.98,1817.01,1816.33,1817.08,1817.06,0.705,0.97,37.79,36.10,34.69,-0.86,-0.72,-0.14,1815.61,1814.46,248,223,14.3,85.7,4,1,CROSS=EMA9>EMA21;TREND=1;STRUCT=1;VOL=1;COOL=1;EMA50=1;VWAP=1;BIAS=1,3.46,-0.71,27830.44,27774.89,outside the killzone window
461,2023.03.08 22:59:29,2023.03.09 01:29:29,EXIT_SL,XAUUSD,M3,145,BUY,FULLTGT,DAY,0,1815.67,1813.18,1813.18,2.49,1.00,2.49,1818.16,1820.64,1823.13,1825.61,1828.10,0.55,0.55,0.00,1813.18,0.00,-1.00,-140.81,1815.29,1815.78,1815.84,1815.34,1815.82,-0.131,0.46,49.71,35.42,40.22,-0.34,-0.31,-0.03,1815.56,1814.02,157,115,0.0,100.0,5,1,CROSS=EMA9>EMA21;TREND=1;STRUCT=1;VOL=1;COOL=1;EMA50=1;VWAP=1;BIAS=1,3.46,-0.99,27691.56,27691.56,stopped at the initial SL (x1.00 of usual)
462,2023.03.09 01:02:00,2023.03.09 03:32:00,DAY_SUMMARY,XAUUSD,M3,145,FLAT,NA,DAY,0,0.00,0.00,0.00,0.00,1.00,0.00,0.00,0.00,0.00,0.00,0.00,0.00,0.00,0.00,0.00,0.00,-2.01,-284.98,1814.49,1815.13,1815.47,1814.52,1815.16,-1.568,0.22,41.95,41.92,40.69,-0.26,-0.28,0.02,1815.53,1813.72,33,44,14.3,71.4,12,1,CROSS=EMA9>EMA21;TREND=1;STRUCT=1;VOL=1;COOL=1;EMA50=1;VWAP=1;BIAS=1,0.00,0.00,27691.56,27691.56,2023.03.08 trades=2 W=0 L=2 gross_profit=0.00 gross_loss=284.98 net=-284.98 PF=0.00
463,2023.03.09 07:30:00,2023.03.09 10:00:00,SKIP,XAUUSD,M3,145,FLAT,NA,DAY,0,0.00,0.00,0.00,0.00,1.00,0.00,0.00,0.00,0.00,0.00,0.00,0.00,0.00,0.00,0.00,0.00,0.00,0.00,1814.05,1814.04,1814.41,1814.00,1814.01,-0.679,0.54,28.65,62.33,63.16,0.58,0.48,0.10,1814.12,1815.19,98,67,85.7,14.3,6,1,CROSS=EMA9>EMA21;TREND=1;STRUCT=1;VOL=1;COOL=1;EMA50=1;VWAP=1;BIAS=1,0.00,0.00,27691.56,27691.56,already positioned that way
464,2023.03.09 09:09:00,2023.03.09 11:39:00,SKIP,XAUUSD,M3,145,FLAT,NA,DAY,0,0.00,0.00,0.00,0.00,1.00,0.00,0.00,0.00,0.00,0.00,0.00,0.00,0.00,0.00,0.00,0.00,0.00,0.00,1814.21,1814.21,1814.42,1814.22,1814.22,-0.364,0.58,19.44,48.14,44.32,-0.29,-0.33,0.05,1814.19,1813.96,99,97,14.3,71.4,7,1,CROSS=EMA9>EMA21;TREND=1;STRUCT=1;VOL=1;COOL=1;EMA50=1;VWAP=1;BIAS=1,0.00,0.00,27691.56,27691.56,outside the killzone window
465,2023.03.09 09:36:00,2023.03.09 12:06:00,SKIP,XAUUSD,M3,145,FLAT,NA,DAY,0,0.00,0.00,0.00,0.00,1.00,0.00,0.00,0.00,0.00,0.00,0.00,0.00,0.00,0.00,0.00,0.00,0.00,0.00,1814.24,1814.22,1814.41,1814.19,1814.20,-0.252,0.74,23.59,62.18,60.44,0.13,-0.15,0.28,1814.19,1815.34,120,104,85.7,0.0,1,1,CROSS=EMA9>EMA21;TREND=1;STRUCT=1;VOL=1;COOL=1;EMA50=1;VWAP=1;BIAS=1,0.00,0.00,27691.56,27691.56,outside the killzone window
466,2023.03.10 04:48:00,2023.03.10 07:18:00,ENTRY,XAUUSD,M3,147,SELL,FULLTGT,DAY,0,1829.74,1831.96,1831.96,2.22,1.00,2.22,1827.52,1825.29,1823.07,1820.84,1818.62,0.62,0.62,0.62,1829.74,0.00,0.00,0.00,1831.33,1831.34,1829.94,1831.39,1831.37,1.260,1.11,26.19,40.98,40.49,-0.62,-0.35,-0.27,1831.67,1829.74,82,162,0.0,85.7,7,1,CROSS=EMA9<EMA21;TREND=1;STRUCT=1;VOL=1;COOL=1;EMA50=1;VWAP=1;BIAS=1,0.00,0.00,27689.39,27685.05,KZ=ASIA; KZR=NY L @ 1812.19 495 bars ago (low taken); DAY 12AM-4PM IST session: stop x1.00 of usual; no partials; full size to TP5; SL steps BE->TP1->TP2->TP3
467,2023.03.10 08:02:23,2023.03.10 10:32:23,EXIT_SL,XAUUSD,M3,147,SELL,FULLTGT,DAY,0,1829.74,1831.96,1831.96,2.22,1.00,2.22,1827.52,1825.29,1823.07,1820.84,1818.62,0.62,0.62,0.00,1832.01,0.00,-1.02,-145.08,1829.67,1829.95,1829.67,1829.61,1829.93,0.402,0.71,34.30,63.08,61.62,0.34,0.13,0.20,1830.78,1830.97,96,87,85.7,14.3,8,1,CROSS=EMA9<EMA21;TREND=1;STRUCT=1;VOL=1;COOL=1;EMA50=1;VWAP=1;BIAS=1,0.88,-0.99,27546.48,27546.48,stopped at the initial SL (x1.00 of usual)
468,2023.03.10 08:24:00,2023.03.10 10:54:00,SKIP,XAUUSD,M3,147,FLAT,NA,DAY,0,0.00,0.00,0.00,0.00,1.00,0.00,0.00,0.00,0.00,0.00,0.00,0.00,0.00,0.00,0.00,0.00,0.00,0.00,1830.20,1830.20,1829.82,1830.18,1830.19,0.504,0.76,38.42,53.43,62.85,0.56,0.57,-0.02,1830.83,1830.90,84,98,71.4,14.3,11,1,CROSS=EMA9<EMA21;TREND=1;STRUCT=1;VOL=1;COOL=1;EMA50=1;VWAP=1;BIAS=1,0.00,0.00,27546.48,27546.48,outside the killzone window
469,2023.03.13 01:02:00,2023.03.13 03:32:00,DAY_SUMMARY,XAUUSD,M3,147,FLAT,NA,DAY,0,0.00,0.00,0.00,0.00,1.00,0.00,0.00,0.00,0.00,0.00,0.00,0.00,0.00,0.00,0.00,0.00,-1.02,-145.08,1866.39,1863.73,1857.60,1866.36,1863.66,10.292,0.60,23.07,48.17,52.70,0.21,0.44,-0.23,1848.21,1867.14,110,86,42.9,42.9,18,1,CROSS=EMA9<EMA21;TREND=1;STRUCT=1;VOL=1;COOL=1;EMA50=1;VWAP=1;BIAS=1,0.00,0.00,27546.48,27546.48,2023.03.10 trades=1 W=0 L=1 gross_profit=0.00 gross_loss=145.08 net=-145.08 PF=0.00
470,2023.03.13 01:02:00,2023.03.13 03:32:00,WEEK_SUMMARY,XAUUSD,M3,147,FLAT,NA,DAY,0,0.00,0.00,0.00,0.00,1.00,0.00,0.00,0.00,0.00,0.00,0.00,0.00,0.00,0.00,0.00,0.00,-5.09,-726.66,1866.39,1863.73,1857.60,1866.36,1863.66,10.292,0.60,23.07,48.17,52.70,0.21,0.44,-0.23,1848.21,1867.14,110,86,42.9,42.9,18,1,CROSS=EMA9<EMA21;TREND=1;STRUCT=1;VOL=1;COOL=1;EMA50=1;VWAP=1;BIAS=1,0.00,0.00,27546.48,27546.48,days=3 trades=6 W=0 L=6 gross_profit=0.00 gross_loss=726.66 net=-726.66 PF=0.00 pips=-1321.0
471,2023.03.13 09:45:00,2023.03.13 12:15:00,SKIP,XAUUSD,M3,147,FLAT,NA,DAY,0,0.00,0.00,0.00,0.00,1.00,0.00,0.00,0.00,0.00,0.00,0.00,0.00,0.00,0.00,0.00,0.00,0.00,0.00,1880.23,1880.24,1876.91,1880.36,1880.30,3.121,1.07,31.85,34.65,35.94,-0.77,-0.42,-0.35,1881.50,1877.17,164,151,0.0,100.0,1,1,CROSS=EMA9<EMA21;TREND=1;STRUCT=1;VOL=1;COOL=1;EMA50=1;VWAP=1;BIAS=1,0.00,0.00,27546.48,27546.48,outside the killzone window
472,2023.03.13 12:00:00,2023.03.13 14:30:00,SKIP,XAUUSD,M3,147,FLAT,NA,DAY,0,0.00,0.00,0.00,0.00,1.00,0.00,0.00,0.00,0.00,0.00,0.00,0.00,0.00,0.00,0.00,0.00,0.00,0.00,1878.91,1878.84,1877.13,1878.64,1878.71,1.030,1.67,45.09,74.45,73.45,2.05,1.20,0.85,1880.49,1885.51,322,296,100.0,0.0,9,1,CROSS=EMA9<EMA21;TREND=1;STRUCT=1;VOL=1;COOL=1;EMA50=1;VWAP=1;BIAS=1,0.00,0.00,27546.48,27546.48,outside the killzone window
473,2023.03.14 04:45:00,2023.03.14 07:15:00,SKIP,XAUUSD,M3,147,FLAT,NA,DAY,0,0.00,0.00,0.00,0.00,1.00,0.00,0.00,0.00,0.00,0.00,0.00,0.00,0.00,0.00,0.00,0.00,0.00,0.00,1910.50,1910.55,1907.93,1910.70,1910.65,2.497,1.05,31.32,20.71,25.42,-1.13,-0.51,-0.62,1910.64,1905.61,285,221,0.0,100.0,7,1,CROSS=EMA9<EMA21;TREND=1;STRUCT=1;VOL=1;COOL=1;EMA50=1;VWAP=1;BIAS=1,0.00,0.00,27546.48,27546.48,already positioned that way
474,2023.03.14 09:51:00,2023.03.14 12:21:00,SKIP,XAUUSD,M3,147,FLAT,NA,DAY,0,0.00,0.00,0.00,0.00,1.00,0.00,0.00,0.00,0.00,0.00,0.00,0.00,0.00,0.00,0.00,0.00,0.00,0.00,1905.94,1905.92,1906.06,1905.81,1905.85,-0.072,1.99,24.48,61.40,62.95,1.20,1.38,-0.18,1907.42,1909.10,110,240,57.1,14.3,9,1,CROSS=EMA9<EMA21;TREND=1;STRUCT=1;VOL=1;COOL=1;EMA50=1;VWAP=1;BIAS=1,0.00,0.00,27546.48,27546.48,outside the killzone window
475,2023.03.14 12:03:00,2023.03.14 14:33:00,SKIP,XAUUSD,M3,147,FLAT,NA,DAY,0,0.00,0.00,0.00,0.00,1.00,0.00,0.00,0.00,0.00,0.00,0.00,0.00,0.00,0.00,0.00,0.00,0.00,0.00,1907.26,1907.27,1906.95,1907.40,1907.34,0.197,1.61,45.69,39.35,38.12,-1.77,-1.73,-0.03,1907.87,1903.99,294,327,0.0,85.7,1,1,CROSS=EMA9<EMA21;TREND=1;STRUCT=1;VOL=1;COOL=1;EMA50=1;VWAP=1;BIAS=1,0.00,0.00,27546.48,27546.48,outside the killzone window
476,2023.03.14 15:39:00,2023.03.14 18:09:00,ENTRY,XAUUSD,M3,149,BUY,FULLTGT,EVENING,0,1907.91,1902.38,1902.38,5.53,1.00,5.53,1913.44,1918.96,1924.49,1930.01,1935.54,0.24,0.24,0.24,1907.91,0.00,0.00,0.00,1905.02,1905.01,1905.45,1904.90,1904.95,-0.157,2.76,25.86,56.40,57.14,0.87,0.93,-0.07,1906.61,1907.97,694,363,85.7,14.3,2,1,CROSS=EMA9>EMA21;TREND=1;STRUCT=1;VOL=1;COOL=1;EMA50=1;VWAP=1;BIAS=1,0.00,0.00,27545.64,27545.16,KZ=NY; KZR=NY H @ 1909.80 437 bars ago (high taken); EVENING 4PM-12AM IST session: stop x1.00 of usual; no partials; full size to TP5; SL steps BE->TP1->TP2->TP3
477,2023.03.14 16:35:02,2023.03.14 19:05:02,EXIT_SL,XAUUSD,M3,149,BUY,FULLTGT,EVENING,0,1907.91,1902.38,1902.38,5.53,1.00,5.53,1913.44,1918.96,1924.49,1930.01,1935.54,0.24,0.24,0.00,1902.38,0.00,-1.00,-134.40,1906.46,1905.89,1905.86,1906.57,1905.93,0.013,2.40,21.94,41.37,38.85,0.06,0.50,-0.44,1906.81,1903.89,569,526,14.3,71.4,2,1,CROSS=EMA9>EMA21;TREND=1;STRUCT=1;VOL=1;COOL=1;EMA50=1;VWAP=1;BIAS=1,0.58,-1.00,27412.08,27412.08,stopped at the initial SL (x1.00 of usual)
478,2023.03.14 16:51:00,2023.03.14 19:21:00,ENTRY,XAUUSD,M3,151,SELL,FULLTGT,EVENING,0,1897.49,1902.71,1902.71,5.22,1.00,5.22,1892.27,1887.06,1881.84,1876.63,1871.41,0.26,0.26,0.26,1897.49,0.00,0.00,0.00,1905.25,1905.33,1905.57,1905.57,1905.48,-0.095,2.61,41.05,29.59,30.98,-1.93,-0.56,-1.37,1906.53,1897.50,591,514,0.0,100.0,2,1,CROSS=EMA9<EMA21;TREND=1;STRUCT=1;VOL=1;COOL=1;EMA50=1;VWAP=1;BIAS=1,0.00,0.00,27411.17,27410.65,KZ=NY; KZR=NY H @ 1909.80 461 bars ago (high taken); EVENING 4PM-12AM IST session: stop x1.00 of usual; no partials; full size to TP5; SL steps BE->TP1->TP2->TP3
479,2023.03.14 17:00:30,2023.03.14 19:30:30,EXIT_SL,XAUUSD,M3,151,SELL,FULLTGT,EVENING,0,1897.49,1902.71,1902.71,5.22,1.00,5.22,1892.27,1887.06,1881.84,1876.63,1871.41,0.26,0.26,0.00,1902.71,0.00,-1.00,-137.54,1904.72,1905.04,1905.42,1904.81,1905.10,-0.145,2.61,38.56,45.71,45.07,-1.92,-1.34,-0.58,1906.39,1902.37,515,516,0.0,85.7,2,1,CROSS=EMA9<EMA21;TREND=1;STRUCT=1;VOL=1;COOL=1;EMA50=1;VWAP=1;BIAS=1,0.00,-1.00,27274.54,27274.54,stopped at the initial SL (x1.00 of usual)
480,2023.03.14 18:09:00,2023.03.14 20:39:00,SKIP,XAUUSD,M3,151,FLAT,NA,EVENING,0,0.00,0.00,0.00,0.00,1.00,0.00,0.00,0.00,0.00,0.00,0.00,0.00,0.00,0.00,0.00,0.00,0.00,0.00,1905.15,1905.13,1905.37,1905.05,1905.08,-0.139,1.77,31.38,57.80,55.44,0.85,0.51,0.34,1906.21,1907.58,365,433,85.7,0.0,1,1,CROSS=EMA9<EMA21;TREND=1;STRUCT=1;VOL=1;COOL=1;EMA50=1;VWAP=1;BIAS=1,0.00,0.00,27274.54,27274.54,outside the killzone window
481,2023.03.14 19:18:00,2023.03.14 21:48:00,SKIP,XAUUSD,M3,151,FLAT,NA,EVENING,0,0.00,0.00,0.00,0.00,1.00,0.00,0.00,0.00,0.00,0.00,0.00,0.00,0.00,0.00,0.00,0.00,0.00,0.00,1905.25,1905.27,1905.42,1905.31,1905.30,-0.134,1.15,38.50,41.87,45.27,-0.66,-0.46,-0.20,1906.18,1903.69,301,324,0.0,85.7,1,1,CROSS=EMA9<EMA21;TREND=1;STRUCT=1;VOL=1;COOL=1;EMA50=1;VWAP=1;BIAS=1,0.00,0.00,27274.54,27274.54,outside the killzone window
482,2023.03.14 19:54:00,2023.03.14 22:24:00,SKIP,XAUUSD,M3,151,FLAT,NA,EVENING,0,0.00,0.00,0.00,0.00,1.00,0.00,0.00,0.00,0.00,0.00,0.00,0.00,0.00,0.00,0.00,0.00,0.00,0.00,1905.33,1905.29,1905.41,1905.23,1905.24,-0.120,1.01,43.70,66.66,56.84,0.40,-0.13,0.54,1906.13,1907.92,379,331,100.0,0.0,1,1,CROSS=EMA9<EMA21;TREND=1;STRUCT=1;VOL=1;COOL=1;EMA50=1;VWAP=1;BIAS=1,0.00,0.00,27274.54,27274.54,outside the killzone window
483,2023.03.14 22:54:00,2023.03.15 01:24:00,SKIP,XAUUSD,M3,151,FLAT,NA,DAY,0,0.00,0.00,0.00,0.00,1.00,0.00,0.00,0.00,0.00,0.00,0.00,0.00,0.00,0.00,0.00,0.00,0.00,0.00,1906.37,1906.37,1906.13,1906.50,1906.43,0.186,1.26,35.28,33.97,38.61,-0.89,-0.59,-0.30,1906.33,1903.20,202,297,0.0,85.7,5,1,CROSS=EMA9<EMA21;TREND=1;STRUCT=1;VOL=1;COOL=1;EMA50=1;VWAP=1;BIAS=1,0.00,0.00,27274.54,27274.54,outside the killzone window
484,2023.03.15 01:02:00,2023.03.15 03:32:00,DAY_SUMMARY,XAUUSD,M3,151,FLAT,NA,DAY,0,0.00,0.00,0.00,0.00,1.00,0.00,0.00,0.00,0.00,0.00,0.00,0.00,0.00,0.00,0.00,0.00,-2.00,-271.94,1904.79,1905.41,1905.64,1904.83,1905.44,-0.607,0.39,21.46,46.41,44.30,-0.34,-0.48,0.14,1906.28,1903.86,39,81,14.3,57.1,12,1,CROSS=EMA9<EMA21;TREND=1;STRUCT=1;VOL=1;COOL=1;EMA50=1;VWAP=1;BIAS=1,0.00,0.00,27274.54,27274.54,2023.03.14 trades=2 W=0 L=2 gross_profit=0.00 gross_loss=271.94 net=-271.94 PF=0.00
485,2023.03.15 05:54:00,2023.03.15 08:24:00,ENTRY,XAUUSD,M3,153,BUY,FULLTGT,DAY,0,1905.10,1903.56,1903.56,1.54,1.00,1.54,1906.64,1908.18,1909.72,1911.25,1912.79,0.88,0.88,0.88,1905.10,0.00,0.00,0.00,1903.92,1903.91,1904.36,1903.88,1903.88,-0.587,0.77,25.78,58.47,56.92,0.35,0.38,-0.02,1903.33,1905.05,87,134,71.4,14.3,5,1,CROSS=EMA9>EMA21;TREND=1;STRUCT=1;VOL=1;COOL=1;EMA50=1;VWAP=1;BIAS=1,0.00,0.00,27271.46,27267.06,KZ=ASIA; KZR=NY H @ 1909.80 722 bars ago (high taken); DAY 12AM-4PM IST session: stop x1.00 of usual; no partials; full size to TP5; SL steps BE->TP1->TP2->TP3
486,2023.03.15 06:16:34,2023.03.15 08:46:34,EXIT_SL,XAUUSD,M3,153,BUY,FULLTGT,DAY,0,1905.10,1903.56,1903.56,1.54,1.00,1.54,1906.64,1908.18,1909.72,1911.25,1912.79,0.88,0.88,0.00,1903.55,0.00,-1.01,-142.56,1904.04,1903.97,1904.36,1904.05,1903.98,-0.634,0.61,24.92,44.15,48.09,0.10,0.26,-0.16,1903.42,1903.88,74,112,28.6,42.9,11,1,CROSS=EMA9>EMA21;TREND=1;STRUCT=1;VOL=1;COOL=1;EMA50=1;VWAP=1;BIAS=1,0.06,-0.99,27131.98,27131.98,stopped at the initial SL (x1.00 of usual)
487,2023.03.15 06:48:00,2023.03.15 09:18:00,ENTRY,XAUUSD,M3,155,SELL,FULLTGT,DAY,0,1903.24,1904.21,1904.21,0.97,1.00,0.97,1902.27,1901.29,1900.32,1899.35,1898.38,1.39,1.39,1.39,1903.24,0.00,0.00,0.00,1903.90,1903.91,1904.29,1903.92,1903.92,-0.781,0.49,35.39,37.63,42.44,-0.22,-0.14,-0.08,1903.44,1903.24,95,94,0.0,100.0,9,1,CROSS=EMA9<EMA21;TREND=1;STRUCT=1;VOL=1;COOL=1;EMA50=1;VWAP=1;BIAS=1,0.00,0.00,27127.11,27114.60,KZ=ASIA; KZR=NY H @ 1909.80 740 bars ago (high taken); DAY 12AM-4PM IST session: stop x1.00 of usual; no partials; full size to TP5; SL steps BE->TP1->TP2->TP3
488,2023.03.15 07:37:33,2023.03.15 10:07:33,TP1_REACHED,XAUUSD,M3,155,SELL,FULLTGT,DAY,0,1903.24,1904.21,1904.21,0.97,1.00,0.97,1902.27,1901.29,1900.32,1899.35,1898.38,1.39,0.00,1.39,1902.27,1.00,1.00,0.00,1903.42,1903.63,1904.08,1903.45,1903.65,-0.993,0.45,32.59,40.79,40.77,-0.26,-0.28,0.02,1903.39,1902.71,55,72,14.3,71.4,12,1,CROSS=EMA9<EMA21;TREND=1;STRUCT=1;VOL=1;COOL=1;EMA50=1;VWAP=1;BIAS=1,1.00,-0.33,27127.11,27267.50,full target: no partial booked
489,2023.03.15 07:45:27,2023.03.15 10:15:27,TP2_REACHED,XAUUSD,M3,155,SELL,FULLTGT,DAY,0,1903.24,1904.21,1904.21,0.97,1.00,0.97,1902.27,1901.29,1900.32,1899.35,1898.38,1.39,0.00,1.39,1901.29,2.00,2.00,0.00,1903.25,1903.53,1904.02,1903.32,1903.57,-0.990,0.49,39.83,27.49,28.96,-0.42,-0.30,-0.11,1903.36,1901.50,117,77,0.0,100.0,8,1,CROSS=EMA9<EMA21;TREND=1;STRUCT=1;VOL=1;COOL=1;EMA50=1;VWAP=1;BIAS=1,1.98,-0.33,27127.11,27400.94,full target: no partial booked
490,2023.03.15 08:19:13,2023.03.15 10:49:13,TP3_REACHED,XAUUSD,M3,155,SELL,FULLTGT,DAY,0,1903.24,1904.21,1904.21,0.97,1.00,0.97,1902.27,1901.29,1900.32,1899.35,1898.38,1.39,0.00,1.39,1900.32,3.00,3.00,0.00,1902.58,1903.11,1903.74,1902.66,1903.16,-1.116,0.57,36.91,27.19,28.76,-0.55,-0.50,-0.04,1903.22,1900.58,89,84,0.0,100.0,8,1,CROSS=EMA9<EMA21;TREND=1;STRUCT=1;VOL=1;COOL=1;EMA50=1;VWAP=1;BIAS=1,3.06,-0.33,27127.11,27535.77,full target: no partial booked
491,2023.03.15 08:33:36,2023.03.15 11:03:36,TP4_REACHED,XAUUSD,M3,155,SELL,FULLTGT,DAY,0,1903.24,1904.21,1904.21,0.97,1.00,0.97,1902.27,1901.29,1900.32,1899.35,1898.38,1.39,0.00,1.39,1899.35,4.00,4.00,0.00,1902.16,1902.83,1903.57,1902.26,1902.90,-0.995,0.74,38.99,34.24,32.42,-0.67,-0.58,-0.09,1903.10,1899.75,196,94,0.0,100.0,4,1,CROSS=EMA9<EMA21;TREND=1;STRUCT=1;VOL=1;COOL=1;EMA50=1;VWAP=1;BIAS=1,4.02,-0.33,27127.11,27669.21,full target: no partial booked
492,2023.03.15 10:32:55,2023.03.15 13:02:55,TP5_EXIT,XAUUSD,M3,155,SELL,FULLTGT,DAY,0,1903.24,1904.21,1904.21,0.97,1.00,0.97,1902.27,1901.29,1900.32,1899.35,1898.38,1.39,1.39,0.00,1898.37,5.00,5.00,0.00,1900.57,1901.38,1902.47,1900.65,1901.44,-1.114,0.98,29.53,38.42,40.45,-0.24,0.07,-0.32,1902.28,1898.66,234,169,0.0,100.0,9,1,CROSS=EMA9<EMA21;TREND=1;STRUCT=1;VOL=1;COOL=1;EMA50=1;VWAP=1;BIAS=1,5.00,-0.33,27799.17,27799.17,full target reached; closed in full
493,2023.03.15 10:32:55,2023.03.15 13:02:55,EXIT_TP,XAUUSD,M3,155,SELL,FULLTGT,DAY,0,1903.24,1904.21,1904.21,0.97,1.00,0.97,1902.27,1901.29,1900.32,1899.35,1898.38,1.39,1.39,0.00,1898.37,0.00,5.01,667.19,1900.57,1901.38,1902.47,1900.65,1901.44,-1.114,0.98,29.53,38.42,40.45,-0.24,0.07,-0.32,1902.28,1898.66,234,169,0.0,100.0,9,1,CROSS=EMA9<EMA21;TREND=1;STRUCT=1;VOL=1;COOL=1;EMA50=1;VWAP=1;BIAS=1,5.00,-0.33,27799.17,27799.17,TP5 exit
494,2023.03.15 13:39:00,2023.03.15 16:09:00,ENTRY,XAUUSD,M3,157,BUY,FULLTGT,EVENING,0,1907.24,1902.27,1902.27,4.97,1.00,4.97,1912.21,1917.19,1922.16,1927.14,1932.11,0.27,0.27,0.27,1907.24,0.00,0.00,0.00,1897.06,1897.01,1898.84,1896.65,1896.80,-0.736,2.49,48.02,70.60,74.06,4.07,3.64,0.44,1898.65,1907.17,439,399,100.0,0.0,1,1,CROSS=EMA9>EMA21;TREND=1;STRUCT=1;VOL=1;COOL=1;EMA50=1;VWAP=1;BIAS=1,0.00,0.00,27798.22,27797.95,KZ=NY; KZR=NY H @ 1909.80 877 bars ago (high taken); EVENING 4PM-12AM IST session: stop x1.00 of usual; no partials; full size to TP5; SL steps BE->TP1->TP2->TP3
495,2023.03.15 14:28:36,2023.03.15 16:58:36,TP1_REACHED,XAUUSD,M3,157,BUY,FULLTGT,EVENING,0,1907.24,1902.27,1902.27,4.97,1.00,4.97,1912.21,1917.19,1922.16,1927.14,1932.11,0.27,0.00,0.27,1912.21,1.00,1.00,0.00,1902.15,1899.96,1900.16,1901.81,1899.75,-0.082,2.39,26.55,65.36,65.47,2.34,2.62,-0.28,1899.99,1910.49,352,413,71.4,14.3,4,1,CROSS=EMA9>EMA21;TREND=1;STRUCT=1;VOL=1;COOL=1;EMA50=1;VWAP=1;BIAS=1,0.99,-0.41,27798.22,27932.95,full target: no partial booked
496,2023.03.15 14:32:28,2023.03.15 17:02:28,TP2_REACHED,XAUUSD,M3,157,BUY,FULLTGT,EVENING,0,1907.24,1902.27,1902.27,4.97,1.00,4.97,1912.21,1917.19,1922.16,1927.14,1932.11,0.27,0.00,0.27,1917.19,2.00,2.00,0.00,1902.54,1900.20,1900.28,1902.15,1899.96,-0.032,2.38,31.53,68.13,69.89,2.50,2.53,-0.03,1900.08,1911.96,373,424,71.4,14.3,2,1,CROSS=EMA9>EMA21;TREND=1;STRUCT=1;VOL=1;COOL=1;EMA50=1;VWAP=1;BIAS=1,2.00,-0.41,27798.22,28067.14,full target: no partial booked
497,2023.03.15 15:04:29,2023.03.15 17:34:29,TP3_REACHED,XAUUSD,M3,157,BUY,FULLTGT,EVENING,0,1907.24,1902.27,1902.27,4.97,1.00,4.97,1912.21,1917.19,1922.16,1927.14,1932.11,0.27,0.00,0.27,1922.16,3.00,3.00,0.00,1907.74,1903.55,1902.03,1907.27,1903.22,0.662,2.29,44.59,71.60,71.70,3.57,3.64,-0.07,1901.60,1919.43,457,403,85.7,14.3,2,1,CROSS=EMA9>EMA21;TREND=1;STRUCT=1;VOL=1;COOL=1;EMA50=1;VWAP=1;BIAS=1,3.00,-0.41,27798.22,28202.68,full target: no partial booked
498,2023.03.15 15:51:40,2023.03.15 18:21:40,TP4_REACHED,XAUUSD,M3,157,BUY,FULLTGT,EVENING,0,1907.24,1902.27,1902.27,4.97,1.00,4.97,1912.21,1917.19,1922.16,1927.14,1932.11,0.27,0.00,0.27,1927.14,4.00,4.00,0.00,1914.95,1908.87,1905.13,1914.51,1908.53,1.238,3.02,27.44,63.99,69.09,2.76,3.07,-0.31,1904.49,1925.84,468,469,71.4,14.3,1,1,CROSS=EMA9>EMA21;TREND=1;STRUCT=1;VOL=1;COOL=1;EMA50=1;VWAP=1;BIAS=1,4.00,-0.41,27798.22,28335.79,full target: no partial booked
499,2023.03.15 19:18:31,2023.03.15 21:48:31,TP5_EXIT,XAUUSD,M3,157,BUY,FULLTGT,EVENING,0,1907.24,1902.27,1902.27,4.97,1.00,4.97,1912.21,1917.19,1922.16,1927.14,1932.11,0.27,0.27,0.00,1932.14,5.00,5.00,0.00,1924.47,1920.74,1914.83,1924.19,1920.52,3.107,1.90,28.11,68.71,62.26,1.41,0.77,0.64,1911.61,1931.42,425,382,100.0,0.0,2,1,CROSS=EMA9>EMA21;TREND=1;STRUCT=1;VOL=1;COOL=1;EMA50=1;VWAP=1;BIAS=1,5.00,-0.41,28469.57,28469.57,full target reached; closed in full
500,2023.03.15 19:18:31,2023.03.15 21:48:31,EXIT_TP,XAUUSD,M3,157,BUY,FULLTGT,EVENING,0,1907.24,1902.27,1902.27,4.97,1.00,4.97,1912.21,1917.19,1922.16,1927.14,1932.11,0.27,0.27,0.00,1932.14,0.00,5.01,670.40,1924.47,1920.74,1914.83,1924.19,1920.52,3.107,1.90,28.11,68.71,62.26,1.41,0.77,0.64,1911.61,1931.42,425,382,100.0,0.0,2,1,CROSS=EMA9>EMA21;TREND=1;STRUCT=1;VOL=1;COOL=1;EMA50=1;VWAP=1;BIAS=1,5.00,-0.41,28469.57,28469.57,TP5 exit
501,2023.03.15 21:48:00,2023.03.16 00:18:00,SKIP,XAUUSD,M3,157,FLAT,NA,DAY,0,0.00,0.00,0.00,0.00,1.00,0.00,0.00,0.00,0.00,0.00,0.00,0.00,0.00,0.00,0.00,0.00,0.00,0.00,1923.21,1923.26,1919.08,1923.63,1923.47,1.311,3.19,48.04,30.94,24.29,-4.05,-2.64,-1.41,1914.02,1912.93,402,345,14.3,85.7,10,1,CROSS=EMA9>EMA21;TREND=1;STRUCT=1;VOL=1;COOL=1;EMA50=1;VWAP=1;BIAS=1,0.00,0.00,28469.57,28469.57,outside the killzone window
502,2023.03.16 01:02:00,2023.03.16 03:32:00,DAY_SUMMARY,XAUUSD,M3,157,FLAT,NA,DAY,0,0.00,0.00,0.00,0.00,1.00,0.00,0.00,0.00,0.00,0.00,0.00,0.00,0.00,0.00,0.00,0.00,9.00,1195.03,1918.67,1920.00,1918.57,1918.69,1920.04,3.115,0.46,20.85,50.98,47.45,0.03,-0.05,0.07,1914.29,1918.01,56,71,42.9,28.6,10,1,CROSS=EMA9>EMA21;TREND=1;STRUCT=1;VOL=1;COOL=1;EMA50=1;VWAP=1;BIAS=1,0.00,0.00,28469.57,28469.57,2023.03.15 trades=3 W=2 L=1 gross_profit=1337.59 gross_loss=142.56 net=1195.03 PF=9.38
503,2023.03.16 02:54:00,2023.03.16 05:24:00,SKIP,XAUUSD,M3,157,FLAT,NA,DAY,0,0.00,0.00,0.00,0.00,1.00,0.00,0.00,0.00,0.00,0.00,0.00,0.00,0.00,0.00,0.00,0.00,0.00,0.00,1920.50,1920.46,1919.27,1920.40,1920.41,1.687,0.70,27.27,69.14,59.83,0.53,0.51,0.02,1920.84,1922.78,164,82,100.0,0.0,11,1,CROSS=EMA9>EMA21;TREND=1;STRUCT=1;VOL=1;COOL=1;EMA50=1;VWAP=1;BIAS=1,0.00,0.00,28469.57,28469.57,already positioned that way
504,2023.03.16 04:06:00,2023.03.16 06:36:00,ENTRY,XAUUSD,M3,159,SELL,FULLTGT,DAY,0,1910.70,1914.84,1914.84,4.14,1.00,4.14,1906.56,1902.43,1898.29,1894.15,1890.01,0.34,0.34,0.34,1910.70,0.00,0.00,0.00,1920.36,1920.53,1919.60,1920.76,1920.73,0.448,2.07,34.69,18.03,20.14,-2.01,-0.34,-1.67,1920.23,1910.71,440,263,0.0,100.0,1,1,CROSS=EMA9<EMA21;TREND=1;STRUCT=1;VOL=1;COOL=1;EMA50=1;VWAP=1;BIAS=1,0.00,0.00,28468.38,28468.04,KZ=ASIA; KZR=NY H @ 1930.34 176 bars ago (high taken); DAY 12AM-4PM IST session: stop x1.00 of usual; no partials; full size to TP5; SL steps BE->TP1->TP2->TP3
505,2023.03.16 06:48:40,2023.03.16 09:18:40,EXIT_SL,XAUUSD,M3,159,SELL,FULLTGT,DAY,0,1910.70,1914.84,1914.84,4.14,1.00,4.14,1906.56,1902.43,1898.29,1894.15,1890.01,0.34,0.34,0.00,1914.86,0.00,-1.01,-143.82,1912.67,1914.56,1916.19,1912.60,1914.56,-2.047,0.79,30.33,67.20,52.17,0.45,0.19,0.25,1915.18,1914.40,169,150,71.4,28.6,1,1,CROSS=EMA9<EMA21;TREND=1;STRUCT=1;VOL=1;COOL=1;EMA50=1;VWAP=1;BIAS=1,0.75,-1.00,28325.75,28325.75,stopped at the initial SL (x1.00 of usual)
506,2023.03.16 08:54:00,2023.03.16 11:24:00,SKIP,XAUUSD,M3,159,FLAT,NA,DAY,0,0.00,0.00,0.00,0.00,1.00,0.00,0.00,0.00,0.00,0.00,0.00,0.00,0.00,0.00,0.00,0.00,0.00,0.00,1914.73,1914.71,1915.66,1914.57,1914.64,-0.749,1.26,43.31,74.75,74.53,1.39,0.97,0.42,1915.10,1918.58,222,172,100.0,0.0,1,1,CROSS=EMA9<EMA21;TREND=1;STRUCT=1;VOL=1;COOL=1;EMA50=1;VWAP=1;BIAS=1,0.00,0.00,28325.75,28325.75,outside the killzone window
507,2023.03.16 18:33:00,2023.03.16 21:03:00,SKIP,XAUUSD,M3,159,FLAT,NA,EVENING,0,0.00,0.00,0.00,0.00,1.00,0.00,0.00,0.00,0.00,0.00,0.00,0.00,0.00,0.00,0.00,0.00,0.00,0.00,1924.65,1924.68,1922.87,1924.89,1924.80,0.635,2.85,30.51,35.06,38.71,-2.49,-1.93,-0.56,1921.02,1918.82,500,510,0.0,85.7,1,1,CROSS=EMA9<EMA21;TREND=1;STRUCT=1;VOL=1;COOL=1;EMA50=1;VWAP=1;BIAS=1,0.00,0.00,28325.75,28325.75,outside the killzone window
508,2023.03.17 01:02:00,2023.03.17 03:32:00,DAY_SUMMARY,XAUUSD,M3,159,FLAT,NA,DAY,0,0.00,0.00,0.00,0.00,1.00,0.00,0.00,0.00,0.00,0.00,0.00,0.00,0.00,0.00,0.00,0.00,-1.01,-143.82,1919.37,1919.66,1920.15,1919.38,1919.66,-1.101,0.45,22.60,49.23,49.72,-0.06,-0.11,0.06,1920.26,1919.34,27,62,14.3,57.1,12,1,CROSS=EMA9<EMA21;TREND=1;STRUCT=1;VOL=1;COOL=1;EMA50=1;VWAP=1;BIAS=1,0.00,0.00,28325.75,28325.75,2023.03.16 trades=1 W=0 L=1 gross_profit=0.00 gross_loss=143.82 net=-143.82 PF=0.00
509,2023.03.17 02:36:00,2023.03.17 05:06:00,ENTRY,XAUUSD,M3,161,BUY,FULLTGT,DAY,0,1921.35,1920.52,1920.52,0.83,1.00,0.83,1922.18,1923.01,1923.84,1924.66,1925.49,1.70,1.70,1.70,1921.35,0.00,0.00,0.00,1919.81,1919.79,1920.08,1919.76,1919.76,-0.717,0.41,36.93,70.56,64.66,0.29,0.14,0.16,1919.90,1921.26,52,45,100.0,0.0,9,1,CROSS=EMA9>EMA21;TREND=1;STRUCT=1;VOL=1;COOL=1;EMA50=1;VWAP=1;BIAS=1,0.00,0.00,28319.80,28304.50,KZ=ASIA; KZR=Asia H @ 1924.38 248 bars ago (high taken); DAY 12AM-4PM IST session: stop x1.00 of usual; no partials; full size to TP5; SL steps BE->TP1->TP2->TP3
510,2023.03.17 03:02:12,2023.03.17 05:32:12,EXIT_SL,XAUUSD,M3,161,BUY,FULLTGT,DAY,0,1921.35,1920.52,1920.52,0.83,1.00,0.83,1922.18,1923.01,1923.84,1924.66,1925.49,1.70,1.70,0.00,1920.52,0.00,-1.00,-153.00,1920.26,1920.03,1920.19,1920.21,1920.00,-0.359,0.44,36.33,62.82,62.13,0.46,0.43,0.03,1920.33,1921.37,50,55,85.7,0.0,1,1,CROSS=EMA9>EMA21;TREND=1;STRUCT=1;VOL=1;COOL=1;EMA50=1;VWAP=1;BIAS=1,0.89,-0.95,28172.75,28172.75,stopped at the initial SL (x1.00 of usual)
511,2023.03.20 01:02:00,2023.03.20 03:32:00,DAY_SUMMARY,XAUUSD,M3,161,FLAT,NA,DAY,0,0.00,0.00,0.00,0.00,1.00,0.00,0.00,0.00,0.00,0.00,0.00,0.00,0.00,0.00,0.00,0.00,-1.00,-153.00,1978.74,1973.25,1963.16,1978.37,1972.96,6.288,1.61,47.23,75.51,70.74,2.17,1.33,0.84,1949.35,1987.68,195,164,100.0,0.0,12,1,CROSS=EMA9>EMA21;TREND=1;STRUCT=1;VOL=1;COOL=1;EMA50=1;VWAP=1;BIAS=1,0.00,0.00,28172.75,28172.75,2023.03.17 trades=1 W=0 L=1 gross_profit=0.00 gross_loss=153.00 net=-153.00 PF=0.00
512,2023.03.20 01:02:00,2023.03.20 03:32:00,WEEK_SUMMARY,XAUUSD,M3,161,FLAT,NA,DAY,0,0.00,0.00,0.00,0.00,1.00,0.00,0.00,0.00,0.00,0.00,0.00,0.00,0.00,0.00,0.00,0.00,5.00,626.27,1978.74,1973.25,1963.16,1978.37,1972.96,6.288,1.61,47.23,75.51,70.74,2.17,1.33,0.84,1949.35,1987.68,195,164,100.0,0.0,12,1,CROSS=EMA9>EMA21;TREND=1;STRUCT=1;VOL=1;COOL=1;EMA50=1;VWAP=1;BIAS=1,0.00,0.00,28172.75,28172.75,days=4 trades=7 W=2 L=5 gross_profit=1337.59 gross_loss=711.32 net=626.27 PF=1.88 pips=1248.0
513,2023.03.20 04:15:00,2023.03.20 06:45:00,ENTRY,XAUUSD,M3,163,SELL,FULLTGT,DAY,0,1969.09,1971.92,1971.92,2.83,1.00,2.83,1966.26,1963.43,1960.60,1957.76,1954.93,0.49,0.49,0.49,1969.09,0.00,0.00,0.00,1975.46,1975.48,1969.73,1975.72,1975.60,4.056,1.42,61.75,23.68,26.90,-2.12,-1.53,-0.59,1977.26,1969.09,198,205,0.0,85.7,11,1,CROSS=EMA9<EMA21;TREND=1;STRUCT=1;VOL=1;COOL=1;EMA50=1;VWAP=1;BIAS=1,0.00,0.00,28171.03,28165.64,KZ=ASIA; KZR=NY H @ 1933.44 1326 bars ago (high taken); DAY 12AM-4PM IST session: stop x1.00 of usual; no partials; full size to TP5; SL steps BE->TP1->TP2->TP3
514,2023.03.20 04:31:34,2023.03.20 07:01:34,EXIT_SL,XAUUSD,M3,163,SELL,FULLTGT,DAY,0,1969.09,1971.92,1971.92,2.83,1.00,2.83,1966.26,1963.43,1960.60,1957.76,1954.93,0.49,0.49,0.00,1971.92,0.00,-1.00,-142.11,1974.46,1974.95,1969.74,1974.59,1975.02,3.438,1.51,49.11,42.09,39.40,-1.76,-2.01,0.25,1976.58,1971.27,187,221,14.3,71.4,6,1,CROSS=EMA9<EMA21;TREND=1;STRUCT=1;VOL=1;COOL=1;EMA50=1;VWAP=1;BIAS=1,0.30,-0.99,28030.64,28030.64,stopped at the initial SL (x1.00 of usual)
515,2023.03.20 08:00:00,2023.03.20 10:30:00,SKIP,XAUUSD,M3,163,FLAT,NA,DAY,0,0.00,0.00,0.00,0.00,1.00,0.00,0.00,0.00,0.00,0.00,0.00,0.00,0.00,0.00,0.00,0.00,0.00,0.00,1973.81,1973.79,1971.48,1973.77,1973.77,3.292,0.70,28.16,56.42,56.61,0.36,0.33,0.04,1974.73,1974.86,109,108,85.7,14.3,12,1,CROSS=EMA9<EMA21;TREND=1;STRUCT=1;VOL=1;COOL=1;EMA50=1;VWAP=1;BIAS=1,0.00,0.00,28030.64,28030.64,outside the killzone window
516,2023.03.20 13:39:00,2023.03.20 16:09:00,SKIP,XAUUSD,M3,163,FLAT,NA,EVENING,0,0.00,0.00,0.00,0.00,1.00,0.00,0.00,0.00,0.00,0.00,0.00,0.00,0.00,0.00,0.00,0.00,0.00,0.00,1989.51,1989.60,1985.13,1989.99,1989.83,1.407,3.18,53.77,30.53,24.68,-3.68,-2.96,-0.72,1986.36,1977.84,444,352,14.3,85.7,1,1,CROSS=EMA9<EMA21;TREND=1;STRUCT=1;VOL=1;COOL=1;EMA50=1;VWAP=1;BIAS=1,0.00,0.00,28030.64,28030.64,already positioned that way
517,2023.03.20 21:24:00,2023.03.20 23:54:00,SKIP,XAUUSD,M3,163,FLAT,NA,EVENING,0,0.00,0.00,0.00,0.00,1.00,0.00,0.00,0.00,0.00,0.00,0.00,0.00,0.00,0.00,0.00,0.00,0.00,0.00,1977.16,1977.12,1978.43,1977.01,1977.05,-1.305,1.00,35.23,65.97,61.71,1.02,0.65,0.37,1981.87,1980.82,187,206,71.4,14.3,1,1,CROSS=EMA9<EMA21;TREND=1;STRUCT=1;VOL=1;COOL=1;EMA50=1;VWAP=1;BIAS=1,0.00,0.00,28030.64,28030.64,outside the killzone window
518,2023.03.21 01:02:00,2023.03.21 03:32:00,DAY_SUMMARY,XAUUSD,M3,163,FLAT,NA,DAY,0,0.00,0.00,0.00,0.00,1.00,0.00,0.00,0.00,0.00,0.00,0.00,0.00,0.00,0.00,0.00,0.00,-1.00,-142.11,1979.47,1979.13,1979.25,1979.51,1979.14,-0.196,0.62,16.72,44.70,44.69,-0.46,-0.56,0.10,1981.84,1978.64,34,64,28.6,42.9,12,1,CROSS=EMA9<EMA21;TREND=1;STRUCT=1;VOL=1;COOL=1;EMA50=1;VWAP=1;BIAS=1,0.00,0.00,28030.64,28030.64,2023.03.20 trades=1 W=0 L=1 gross_profit=0.00 gross_loss=142.11 net=-142.11 PF=0.00
519,2023.03.21 02:24:00,2023.03.21 04:54:00,SKIP,XAUUSD,M3,163,FLAT,NA,DAY,0,0.00,0.00,0.00,0.00,1.00,0.00,0.00,0.00,0.00,0.00,0.00,0.00,0.00,0.00,0.00,0.00,0.00,0.00,1978.97,1978.98,1979.14,1978.99,1978.99,-0.338,0.48,44.82,45.46,47.16,-0.17,-0.20,0.03,1978.80,1978.42,42,38,14.3,85.7,11,1,CROSS=EMA9<EMA21;TREND=1;STRUCT=1;VOL=1;COOL=1;EMA50=1;VWAP=1;BIAS=1,0.00,0.00,28030.64,28030.64,already positioned that way
520,2023.03.21 04:09:00,2023.03.21 06:39:00,ENTRY,XAUUSD,M3,165,BUY,FULLTGT,DAY,0,1982.23,1979.90,1979.90,2.33,1.00,2.33,1984.56,1986.89,1989.22,1991.55,1993.88,0.60,0.60,0.60,1982.23,0.00,0.00,0.00,1978.85,1978.79,1978.95,1978.71,1978.72,-0.141,1.16,35.35,64.99,63.25,0.85,0.41,0.43,1978.62,1982.14,235,147,100.0,0.0,10,1,CROSS=EMA9>EMA21;TREND=1;STRUCT=1;VOL=1;COOL=1;EMA50=1;VWAP=1;BIAS=1,0.00,0.00,28028.54,28022.54,KZ=ASIA; KZR=Asia H @ 1979.59 386 bars ago (high taken); DAY 12AM-4PM IST session: stop x1.00 of usual; no partials; full size to TP5; SL steps BE->TP1->TP2->TP3
521,2023.03.21 04:21:30,2023.03.21 06:51:30,EXIT_SL,XAUUSD,M3,165,BUY,FULLTGT,DAY,0,1982.23,1979.90,1979.90,2.33,1.00,2.33,1984.56,1986.89,1989.22,1991.55,1993.88,0.60,0.60,0.00,1979.90,0.00,-1.00,-144.00,1979.19,1978.97,1979.04,1979.14,1978.94,-0.056,1.22,31.15,53.59,56.38,0.83,0.78,0.06,1979.01,1980.31,187,172,85.7,14.3,4,1,CROSS=EMA9>EMA21;TREND=1;STRUCT=1;VOL=1;COOL=1;EMA50=1;VWAP=1;BIAS=1,0.27,-0.98,27886.64,27886.64,stopped at the initial SL (x1.00 of usual)
522,2023.03.21 09:33:00,2023.03.21 12:03:00,SKIP,XAUUSD,M3,165,FLAT,NA,DAY,0,0.00,0.00,0.00,0.00,1.00,0.00,0.00,0.00,0.00,0.00,0.00,0.00,0.00,0.00,0.00,0.00,0.00,0.00,1981.14,1981.21,1980.73,1981.38,1981.33,0.415,1.16,34.74,19.64,27.73,-1.18,-0.34,-0.84,1980.73,1975.22,239,134,0.0,100.0,8,1,CROSS=EMA9>EMA21;TREND=1;STRUCT=1;VOL=1;COOL=1;EMA50=1;VWAP=1;BIAS=1,0.00,0.00,27886.64,27886.64,outside the killzone window
523,2023.03.22 01:02:00,2023.03.22 03:32:00,DAY_SUMMARY,XAUUSD,M3,165,FLAT,NA,DAY,0,0.00,0.00,0.00,0.00,1.00,0.00,0.00,0.00,0.00,0.00,0.00,0.00,0.00,0.00,0.00,0.00,-1.00,-144.00,1939.82,1942.01,1948.34,1939.79,1942.04,-13.002,0.49,32.93,60.49,56.34,0.34,0.38,-0.05,1960.61,1940.53,63,68,42.9,42.9,12,1,CROSS=EMA9>EMA21;TREND=1;STRUCT=1;VOL=1;COOL=1;EMA50=1;VWAP=1;BIAS=1,0.00,0.00,27886.64,27886.64,2023.03.21 trades=1 W=0 L=1 gross_profit=0.00 gross_loss=144.00 net=-144.00 PF=0.00
524,2023.03.22 03:27:00,2023.03.22 05:57:00,SKIP,XAUUSD,M3,165,FLAT,NA,DAY,0,0.00,0.00,0.00,0.00,1.00,0.00,0.00,0.00,0.00,0.00,0.00,0.00,0.00,0.00,0.00,0.00,0.00,0.00,1942.36,1942.34,1946.05,1942.33,1942.33,-4.525,0.82,19.74,51.50,50.55,0.20,0.39,-0.19,1942.64,1943.10,116,92,71.4,14.3,8,1,CROSS=EMA9>EMA21;TREND=1;STRUCT=1;VOL=1;COOL=1;EMA50=1;VWAP=1;BIAS=1,0.00,0.00,27886.64,27886.64,already positioned that way
525,2023.03.22 05:33:00,2023.03.22 08:03:00,ENTRY,XAUUSD,M3,167,SELL,FULLTGT,DAY,0,1940.17,1942.08,1942.08,1.91,1.00,1.91,1938.26,1936.35,1934.44,1932.52,1930.61,0.72,0.72,0.72,1940.17,0.00,0.00,0.00,1942.73,1942.76,1945.07,1942.83,1942.81,-2.416,0.96,32.29,32.52,40.58,-0.87,-0.75,-0.12,1943.27,1940.17,195,157,0.0,100.0,9,1,CROSS=EMA9<EMA21;TREND=1;STRUCT=1;VOL=1;COOL=1;EMA50=1;VWAP=1;BIAS=1,0.00,0.00,27884.12,27877.64,KZ=ASIA; KZR=Asia H @ 1979.59 894 bars ago (high taken); DAY 12AM-4PM IST session: stop x1.00 of usual; no partials; full size to TP5; SL steps BE->TP1->TP2->TP3
526,2023.03.22 05:42:34,2023.03.22 08:12:34,EXIT_SL,XAUUSD,M3,167,SELL,FULLTGT,DAY,0,1940.17,1942.08,1942.08,1.91,1.00,1.91,1938.26,1936.35,1934.44,1932.52,1930.61,0.72,0.72,0.00,1942.11,0.00,-1.01,-144.72,1942.54,1942.66,1944.95,1942.58,1942.68,-2.286,1.00,29.64,45.44,41.66,-0.75,-0.82,0.07,1943.15,1941.55,160,156,28.6,71.4,8,1,CROSS=EMA9<EMA21;TREND=1;STRUCT=1;VOL=1;COOL=1;EMA50=1;VWAP=1;BIAS=1,0.15,-0.98,27741.92,27741.92,stopped at the initial SL (x1.00 of usual)
527,2023.03.22 10:03:00,2023.03.22 12:33:00,SKIP,XAUUSD,M3,167,FLAT,NA,DAY,0,0.00,0.00,0.00,0.00,1.00,0.00,0.00,0.00,0.00,0.00,0.00,0.00,0.00,0.00,0.00,0.00,0.00,0.00,1940.73,1940.73,1942.17,1940.70,1940.72,-1.519,0.95,30.16,51.20,62.28,0.58,0.68,-0.10,1941.62,1941.34,368,159,57.1,42.9,5,1,CROSS=EMA9<EMA21;TREND=1;STRUCT=1;VOL=1;COOL=1;EMA50=1;VWAP=1;BIAS=1,0.00,0.00,27741.92,27741.92,outside the killzone window
528,2023.03.22 10:06:00,2023.03.22 12:36:00,SKIP,XAUUSD,M3,167,FLAT,NA,DAY,0,0.00,0.00,0.00,0.00,1.00,0.00,0.00,0.00,0.00,0.00,0.00,0.00,0.00,0.00,0.00,0.00,0.00,0.00,1940.67,1940.70,1942.14,1940.73,1940.73,-1.320,1.09,28.40,38.05,45.01,0.33,0.65,-0.32,1941.60,1939.21,303,167,0.0,100.0,7,1,CROSS=EMA9<EMA21;TREND=1;STRUCT=1;VOL=1;COOL=1;EMA50=1;VWAP=1;BIAS=1,0.00,0.00,27741.92,27741.92,outside the killzone window
529,2023.03.22 11:21:00,2023.03.22 13:51:00,SKIP,XAUUSD,M3,167,FLAT,NA,DAY,0,0.00,0.00,0.00,0.00,1.00,0.00,0.00,0.00,0.00,0.00,0.00,0.00,0.00,0.00,0.00,0.00,0.00,0.00,1940.44,1940.43,1941.64,1940.25,1940.34,-0.757,1.60,56.40,68.01,67.79,1.10,0.35,0.75,1941.14,1944.95,261,274,85.7,0.0,4,1,CROSS=EMA9<EMA21;TREND=1;STRUCT=1;VOL=1;COOL=1;EMA50=1;VWAP=1;BIAS=1,0.00,0.00,27741.92,27741.92,outside the killzone window
530,2023.03.22 15:33:00,2023.03.22 18:03:00,SKIP,XAUUSD,M3,167,FLAT,NA,EVENING,0,0.00,0.00,0.00,0.00,1.00,0.00,0.00,0.00,0.00,0.00,0.00,0.00,0.00,0.00,0.00,0.00,0.00,0.00,1942.05,1942.06,1942.20,1942.13,1942.10,-0.091,1.47,18.23,41.54,47.92,-0.29,-0.17,-0.12,1941.71,1940.13,368,248,0.0,85.7,1,1,CROSS=EMA9<EMA21;TREND=1;STRUCT=1;VOL=1;COOL=1;EMA50=1;VWAP=1;BIAS=1,0.00,0.00,27741.92,27741.92,already positioned that way
531,2023.03.22 17:15:00,2023.03.22 19:45:00,SKIP,XAUUSD,M3,167,FLAT,NA,EVENING,0,0.00,0.00,0.00,0.00,1.00,0.00,0.00,0.00,0.00,0.00,0.00,0.00,0.00,0.00,0.00,0.00,0.00,0.00,1941.62,1941.61,1941.84,1941.46,1941.53,-0.134,1.77,28.50,65.83,67.35,0.98,0.55,0.44,1941.55,1945.41,357,372,85.7,0.0,1,1,CROSS=EMA9<EMA21;TREND=1;STRUCT=1;VOL=1;COOL=1;EMA50=1;VWAP=1;BIAS=1,0.00,0.00,27741.92,27741.92,outside the killzone window
532,2023.03.23 01:02:00,2023.03.23 03:32:00,DAY_SUMMARY,XAUUSD,M3,167,FLAT,NA,DAY,0,0.00,0.00,0.00,0.00,1.00,0.00,0.00,0.00,0.00,0.00,0.00,0.00,0.00,0.00,0.00,0.00,-1.01,-144.72,1966.16,1961.11,1954.93,1966.02,1960.93,7.261,0.85,45.17,56.10,57.51,0.18,0.17,0.00,1948.25,1969.79,70,124,85.7,0.0,12,1,CROSS=EMA9<EMA21;TREND=1;STRUCT=1;VOL=1;COOL=1;EMA50=1;VWAP=1;BIAS=1,0.00,0.00,27741.92,27741.92,2023.03.22 trades=1 W=0 L=1 gross_profit=0.00 gross_loss=144.72 net=-144.72 PF=0.00
533,2023.03.23 15:42:00,2023.03.23 18:12:00,SKIP,XAUUSD,M3,167,FLAT,NA,EVENING,0,0.00,0.00,0.00,0.00,1.00,0.00,0.00,0.00,0.00,0.00,0.00,0.00,0.00,0.00,0.00,0.00,0.00,0.00,1977.19,1977.29,1975.68,1977.51,1977.45,0.880,1.84,26.41,22.55,29.55,-1.23,-0.10,-1.14,1975.45,1969.34,429,270,0.0,100.0,1,1,CROSS=EMA9<EMA21;TREND=1;STRUCT=1;VOL=1;COOL=1;EMA50=1;VWAP=1;BIAS=1,0.00,0.00,27741.92,27741.92,already positioned that way
534,2023.03.23 16:57:00,2023.03.23 19:27:00,ENTRY,XAUUSD,M3,169,BUY,FULLTGT,EVENING,0,1984.07,1979.54,1979.54,4.53,1.00,4.53,1988.60,1993.12,1997.65,2002.17,2006.70,0.30,0.30,0.30,1984.07,0.00,0.00,0.00,1976.78,1976.78,1975.68,1976.48,1976.63,0.485,2.26,42.85,69.62,63.32,1.81,0.94,0.87,1975.43,1984.29,454,397,100.0,0.0,4,1,CROSS=EMA9>EMA21;TREND=1;STRUCT=1;VOL=1;COOL=1;EMA50=1;VWAP=1;BIAS=1,0.00,0.00,27740.87,27739.67,KZ=NY; KZR=Asia H @ 1979.59 1602 bars ago (high taken); EVENING 4PM-12AM IST session: stop x1.00 of usual; no partials; full size to TP5; SL steps BE->TP1->TP2->TP3
535,2023.03.23 17:15:38,2023.03.23 19:45:38,EXIT_SL,XAUUSD,M3,169,BUY,FULLTGT,EVENING,0,1984.07,1979.54,1979.54,4.53,1.00,4.53,1988.60,1993.12,1997.65,2002.17,2006.70,0.30,0.30,0.00,1979.52,0.00,-1.01,-138.60,1977.95,1977.40,1976.07,1977.84,1977.34,0.592,2.25,36.29,55.11,56.66,1.83,1.85,-0.01,1975.68,1980.62,390,421,71.4,14.3,2,1,CROSS=EMA9>EMA21;TREND=1;STRUCT=1;VOL=1;COOL=1;EMA50=1;VWAP=1;BIAS=1,0.21,-1.00,27603.32,27603.32,stopped at the initial SL (x1.00 of usual)
536,2023.03.24 01:02:00,2023.03.24 03:32:00,DAY_SUMMARY,XAUUSD,M3,169,FLAT,NA,DAY,0,0.00,0.00,0.00,0.00,1.00,0.00,0.00,0.00,0.00,0.00,0.00,0.00,0.00,0.00,0.00,0.00,-1.01,-138.60,1995.22,1993.66,1989.23,1995.27,1993.65,5.011,0.88,46.68,45.41,44.64,-0.89,-0.89,0.00,1981.76,1993.97,24,99,42.9,42.9,12,1,CROSS=EMA9>EMA21;TREND=1;STRUCT=1;VOL=1;COOL=1;EMA50=1;VWAP=1;BIAS=1,0.00,0.00,27603.32,27603.32,2023.03.23 trades=1 W=0 L=1 gross_profit=0.00 gross_loss=138.60 net=-138.60 PF=0.00
537,2023.03.24 02:39:00,2023.03.24 05:09:00,ENTRY,XAUUSD,M3,171,SELL,FULLTGT,DAY,0,1990.64,1991.89,1991.89,1.25,1.00,1.25,1989.39,1988.13,1986.88,1985.63,1984.38,1.10,1.10,1.10,1990.64,0.00,0.00,0.00,1992.79,1992.82,1990.00,1992.88,1992.87,4.510,0.63,25.62,36.69,40.90,-0.29,-0.21,-0.08,1991.87,1990.64,118,63,0.0,100.0,6,1,CROSS=EMA9<EMA21;TREND=1;STRUCT=1;VOL=1;COOL=1;EMA50=1;VWAP=1;BIAS=1,0.00,0.00,27599.47,27592.87,KZ=ASIA; KZR=NY H @ 1986.60 164 bars ago (high taken); DAY 12AM-4PM IST session: stop x1.00 of usual; no partials; full size to TP5; SL steps BE->TP1->TP2->TP3
538,2023.03.24 02:45:29,2023.03.24 05:15:29,EXIT_SL,XAUUSD,M3,171,SELL,FULLTGT,DAY,0,1990.64,1991.89,1991.89,1.25,1.00,1.25,1989.39,1988.13,1986.88,1985.63,1984.38,1.10,1.10,0.00,1991.92,0.00,-1.02,-148.50,1992.69,1992.77,1990.03,1992.73,1992.79,4.173,0.66,24.53,45.45,43.82,-0.30,-0.21,-0.10,1991.83,1991.52,69,61,14.3,71.4,7,1,CROSS=EMA9<EMA21;TREND=1;STRUCT=1;VOL=1;COOL=1;EMA50=1;VWAP=1;BIAS=1,0.00,-0.98,27454.82,27454.82,stopped at the initial SL (x1.00 of usual)
539,2023.03.24 04:09:00,2023.03.24 06:39:00,ENTRY,XAUUSD,M3,173,BUY,FULLTGT,DAY,0,1994.26,1992.10,1992.10,2.16,1.00,2.16,1996.42,1998.57,2000.73,2002.89,2005.05,0.63,0.63,0.63,1994.26,0.00,0.00,0.00,1992.70,1992.68,1990.63,1992.63,1992.65,1.902,1.08,23.48,60.48,54.71,0.51,0.39,0.12,1992.39,1994.26,295,183,85.7,0.0,1,1,CROSS=EMA9>EMA21;TREND=1;STRUCT=1;VOL=1;COOL=1;EMA50=1;VWAP=1;BIAS=1,0.00,0.00,27452.61,27451.98,KZ=ASIA; KZR=NY H @ 1986.60 194 bars ago (high taken); DAY 12AM-4PM IST session: stop x1.00 of usual; no partials; full size to TP5; SL steps BE->TP1->TP2->TP3
540,2023.03.24 04:22:40,2023.03.24 06:52:40,EXIT_SL,XAUUSD,M3,173,BUY,FULLTGT,DAY,0,1994.26,1992.10,1992.10,2.16,1.00,2.16,1996.42,1998.57,2000.73,2002.89,2005.05,0.63,0.63,0.00,1992.09,0.00,-1.01,-141.13,1992.83,1992.75,1990.74,1992.80,1992.73,1.620,1.24,19.45,52.97,53.46,0.43,0.46,-0.03,1992.59,1993.45,191,206,57.1,14.3,7,1,CROSS=EMA9>EMA21;TREND=1;STRUCT=1;VOL=1;COOL=1;EMA50=1;VWAP=1;BIAS=1,0.30,-0.99,27313.69,27313.69,stopped at the initial SL (x1.00 of usual)
541,2023.03.24 04:51:00,2023.03.24 07:21:00,ENTRY,XAUUSD,M3,175,SELL,FULLTGT,DAY,0,1991.10,1993.74,1993.74,2.64,1.00,2.64,1988.46,1985.81,1983.17,1980.53,1977.89,0.51,0.51,0.51,1991.10,0.00,0.00,0.00,1992.62,1992.65,1990.89,1992.68,1992.68,1.338,1.32,27.43,40.02,40.43,-0.21,0.00,-0.21,1992.53,1991.14,216,229,0.0,85.7,2,1,CROSS=EMA9<EMA21;TREND=1;STRUCT=1;VOL=1;COOL=1;EMA50=1;VWAP=1;BIAS=1,0.00,0.00,27311.90,27310.88,KZ=ASIA; KZR=NY H @ 1986.60 208 bars ago (high taken); DAY 12AM-4PM IST session: stop x1.00 of usual; no partials; full size to TP5; SL steps BE->TP1->TP2->TP3
542,2023.03.24 09:19:43,2023.03.24 11:49:43,TP1_REACHED,XAUUSD,M3,175,SELL,FULLTGT,DAY,0,1991.10,1993.74,1993.74,2.64,1.00,2.64,1988.46,1985.81,1983.17,1980.53,1977.89,0.51,0.00,0.51,1988.46,1.00,1.00,0.00,1991.27,1991.64,1991.26,1991.34,1991.68,0.396,0.96,25.54,37.54,42.50,-0.44,-0.32,-0.12,1991.95,1989.55,180,182,0.0,85.7,10,1,CROSS=EMA9<EMA21;TREND=1;STRUCT=1;VOL=1;COOL=1;EMA50=1;VWAP=1;BIAS=1,1.00,-0.93,27311.90,27448.58,full target: no partial booked
543,2023.03.24 09:31:37,2023.03.24 12:01:37,TP2_REACHED,XAUUSD,M3,175,SELL,FULLTGT,DAY,0,1991.10,1993.74,1993.74,2.64,1.00,2.64,1988.46,1985.81,1983.17,1980.53,1977.89,0.51,0.00,0.51,1985.81,2.00,2.00,0.00,1990.68,1991.31,1991.11,1990.83,1991.39,0.226,0.89,43.65,28.08,31.50,-1.05,-0.58,-0.46,1991.81,1987.12,171,187,0.0,85.7,3,1,CROSS=EMA9<EMA21;TREND=1;STRUCT=1;VOL=1;COOL=1;EMA50=1;VWAP=1;BIAS=1,1.99,-0.93,27311.90,27583.73,full target: no partial booked
544,2023.03.24 11:39:05,2023.03.24 14:09:05,TP3_REACHED,XAUUSD,M3,175,SELL,FULLTGT,DAY,0,1991.10,1993.74,1993.74,2.64,1.00,2.64,1988.46,1985.81,1983.17,1980.53,1977.89,0.51,0.00,0.51,1983.17,3.00,3.00,0.00,1988.76,1989.53,1990.08,1988.95,1989.65,-0.295,1.85,29.40,33.12,43.81,-0.48,0.40,-0.88,1990.91,1983.88,302,255,0.0,100.0,1,1,CROSS=EMA9<EMA21;TREND=1;STRUCT=1;VOL=1;COOL=1;EMA50=1;VWAP=1;BIAS=1,2.99,-0.93,27311.90,27717.86,full target: no partial booked
545,2023.03.24 12:54:37,2023.03.24 15:24:37,EXIT_SL,XAUUSD,M3,175,SELL,FULLTGT,DAY,0,1991.10,1993.74,1993.74,2.64,1.00,2.64,1988.46,1985.81,1983.17,1980.53,1977.89,0.51,0.51,0.00,1993.75,0.00,-1.00,-138.73,1988.75,1989.07,1989.66,1988.61,1989.01,-0.368,1.58,55.67,62.66,60.24,1.18,0.90,0.28,1990.41,1992.19,248,249,71.4,14.3,4,1,CROSS=EMA9<EMA21;TREND=1;STRUCT=1;VOL=1;COOL=1;EMA50=1;VWAP=1;BIAS=1,3.71,-0.98,27174.96,27174.96,stopped at the initial SL (x1.00 of usual)
546,2023.03.24 13:03:00,2023.03.24 15:33:00,ENTRY,XAUUSD,M3,177,BUY,FULLTGT,DAY,0,1995.14,1991.72,1991.72,3.42,1.00,3.42,1998.56,2001.98,2005.40,2008.82,2012.24,0.39,0.39,0.39,1995.14,0.00,0.00,0.00,1989.39,1989.38,1989.80,1989.16,1989.27,-0.241,1.71,61.73,69.86,69.85,1.70,1.21,0.48,1990.50,1994.89,290,261,100.0,0.0,4,1,CROSS=EMA9>EMA21;TREND=1;STRUCT=1;VOL=1;COOL=1;EMA50=1;VWAP=1;BIAS=1,0.00,0.00,27173.59,27172.03,KZ=NY; KZR=Asia H @ 1994.91 0 bars ago (high taken); DAY 12AM-4PM IST session: stop x1.00 of usual; no partials; full size to TP5; SL steps BE->TP1->TP2->TP3
547,2023.03.24 13:12:38,2023.03.24 15:42:38,TP1_REACHED,XAUUSD,M3,177,BUY,FULLTGT,DAY,0,1995.14,1991.72,1991.72,3.42,1.00,3.42,1998.56,2001.98,2005.40,2008.82,2012.24,0.39,0.00,0.39,1998.56,1.00,1.00,0.00,1990.23,1989.82,1990.00,1989.93,1989.66,-0.103,1.81,68.97,75.78,73.93,2.28,1.57,0.71,1990.65,1997.58,362,283,100.0,0.0,4,1,CROSS=EMA9>EMA21;TREND=1;STRUCT=1;VOL=1;COOL=1;EMA50=1;VWAP=1;BIAS=1,0.99,-0.09,27173.59,27308.14,full target: no partial booked
548,2023.03.24 14:04:25,2023.03.24 16:34:25,EXIT_SL,XAUUSD,M3,177,BUY,FULLTGT,EVENING,0,1995.14,1991.72,1991.72,3.42,1.00,3.42,1998.56,2001.98,2005.40,2008.82,2012.24,0.39,0.39,0.00,1991.72,0.00,-1.00,-136.12,1993.06,1991.64,1990.97,1993.00,1991.58,0.400,1.66,33.41,49.52,51.87,0.41,1.23,-0.83,1991.33,1994.42,242,320,57.1,28.6,3,1,CROSS=EMA9>EMA21;TREND=1;STRUCT=1;VOL=1;COOL=1;EMA50=1;VWAP=1;BIAS=1,1.51,-0.99,27038.84,27038.84,stopped at the initial SL (x1.00 of usual)
549,2023.03.24 18:42:00,2023.03.24 21:12:00,SKIP,XAUUSD,M3,177,FLAT,NA,EVENING,0,0.00,0.00,0.00,0.00,1.00,0.00,0.00,0.00,0.00,0.00,0.00,0.00,0.00,0.00,0.00,0.00,0.00,0.00,1994.42,1994.46,1993.54,1994.56,1994.53,0.435,2.13,29.37,41.27,39.86,-1.02,-0.72,-0.30,1993.18,1991.11,301,403,0.0,85.7,4,1,CROSS=EMA9>EMA21;TREND=1;STRUCT=1;VOL=1;COOL=1;EMA50=1;VWAP=1;BIAS=1,0.00,0.00,27038.84,27038.84,outside the killzone window
550,2023.03.27 01:02:00,2023.03.27 03:32:00,DAY_SUMMARY,XAUUSD,M3,177,FLAT,NA,DAY,0,0.00,0.00,0.00,0.00,1.00,0.00,0.00,0.00,0.00,0.00,0.00,0.00,0.00,0.00,0.00,0.00,-4.03,-564.48,1978.18,1980.79,1984.55,1978.16,1980.84,-3.346,1.12,26.11,56.44,52.36,0.13,-0.19,0.32,1990.83,1978.55,123,89,71.4,28.6,12,1,CROSS=EMA9>EMA21;TREND=1;STRUCT=1;VOL=1;COOL=1;EMA50=1;VWAP=1;BIAS=1,0.00,0.00,27038.84,27038.84,2023.03.24 trades=4 W=0 L=4 gross_profit=0.00 gross_loss=564.48 net=-564.48 PF=0.00
551,2023.03.27 01:02:00,2023.03.27 03:32:00,WEEK_SUMMARY,XAUUSD,M3,177,FLAT,NA,DAY,0,0.00,0.00,0.00,0.00,1.00,0.00,0.00,0.00,0.00,0.00,0.00,0.00,0.00,0.00,0.00,0.00,-8.05,-1133.91,1978.18,1980.79,1984.55,1978.16,1980.84,-3.346,1.12,26.11,56.44,52.36,0.13,-0.19,0.32,1990.83,1978.55,123,89,71.4,28.6,12,1,CROSS=EMA9>EMA21;TREND=1;STRUCT=1;VOL=1;COOL=1;EMA50=1;VWAP=1;BIAS=1,0.00,0.00,27038.84,27038.84,days=5 trades=8 W=0 L=8 gross_profit=0.00 gross_loss=1133.91 net=-1133.91 PF=0.00 pips=-2117.0
552,2023.03.27 19:06:00,2023.03.27 21:36:00,SKIP,XAUUSD,M3,177,FLAT,NA,EVENING,0,0.00,0.00,0.00,0.00,1.00,0.00,0.00,0.00,0.00,0.00,0.00,0.00,0.00,0.00,0.00,0.00,0.00,0.00,1954.82,1954.76,1958.32,1954.67,1954.69,-3.031,1.17,24.29,64.28,61.23,0.99,1.04,-0.05,1962.11,1958.59,237,250,42.9,28.6,4,1,CROSS=EMA9>EMA21;TREND=1;STRUCT=1;VOL=1;COOL=1;EMA50=1;VWAP=1;BIAS=1,0.00,0.00,27038.84,27038.84,outside the killzone window
553,2023.03.27 20:36:00,2023.03.27 23:06:00,SKIP,XAUUSD,M3,177,FLAT,NA,EVENING,0,0.00,0.00,0.00,0.00,1.00,0.00,0.00,0.00,0.00,0.00,0.00,0.00,0.00,0.00,0.00,0.00,0.00,0.00,1955.05,1955.10,1957.64,1955.21,1955.19,-1.842,1.38,50.87,28.32,33.50,-1.26,-0.92,-0.34,1961.55,1951.03,278,248,0.0,100.0,2,1,CROSS=EMA9>EMA21;TREND=1;STRUCT=1;VOL=1;COOL=1;EMA50=1;VWAP=1;BIAS=1,0.00,0.00,27038.84,27038.84,outside the killzone window
554,2023.03.27 22:12:00,2023.03.28 00:42:00,SKIP,XAUUSD,M3,177,FLAT,NA,DAY,0,0.00,0.00,0.00,0.00,1.00,0.00,0.00,0.00,0.00,0.00,0.00,0.00,0.00,0.00,0.00,0.00,0.00,0.00,1954.80,1954.77,1956.71,1954.68,1954.71,-2.157,0.90,52.40,69.42,67.54,0.91,0.64,0.28,1961.06,1957.66,166,183,71.4,14.3,6,1,CROSS=EMA9>EMA21;TREND=1;STRUCT=1;VOL=1;COOL=1;EMA50=1;VWAP=1;BIAS=1,0.00,0.00,27038.84,27038.84,outside the killzone window
555,2023.03.28 08:00:00,2023.03.28 10:30:00,SKIP,XAUUSD,M3,177,FLAT,NA,DAY,0,0.00,0.00,0.00,0.00,1.00,0.00,0.00,0.00,0.00,0.00,0.00,0.00,0.00,0.00,0.00,0.00,0.00,0.00,1959.33,1959.35,1958.86,1959.39,1959.38,0.814,0.60,26.67,36.96,36.69,-0.40,-0.49,0.10,1959.81,1957.80,185,118,14.3,85.7,3,1,CROSS=EMA9>EMA21;TREND=1;STRUCT=1;VOL=1;COOL=1;EMA50=1;VWAP=1;BIAS=1,0.00,0.00,27038.84,27038.84,outside the killzone window
556,2023.03.28 14:18:00,2023.03.28 16:48:00,SKIP,XAUUSD,M3,177,FLAT,NA,EVENING,0,0.00,0.00,0.00,0.00,1.00,0.00,0.00,0.00,0.00,0.00,0.00,0.00,0.00,0.00,0.00,0.00,0.00,0.00,1955.12,1955.11,1955.94,1955.04,1955.07,-1.125,0.74,20.47,62.43,60.80,0.69,0.79,-0.10,1956.80,1957.02,114,200,57.1,14.3,4,1,CROSS=EMA9>EMA21;TREND=1;STRUCT=1;VOL=1;COOL=1;EMA50=1;VWAP=1;BIAS=1,0.00,0.00,27038.84,27038.84,already positioned that way
557,2023.03.29 04:06:00,2023.03.29 06:36:00,ENTRY,XAUUSD,M3,179,SELL,FULLTGT,DAY,0,1970.36,1972.37,1972.37,2.01,1.00,2.01,1968.35,1966.35,1964.34,1962.34,1960.33,0.67,0.67,0.67,1970.36,0.00,0.00,0.00,1971.92,1971.93,1970.06,1971.98,1971.96,1.863,1.00,33.37,41.89,35.24,-0.35,-0.37,0.03,1971.98,1970.43,152,122,14.3,85.7,9,1,CROSS=EMA9<EMA21;TREND=1;STRUCT=1;VOL=1;COOL=1;EMA50=1;VWAP=1;BIAS=1,0.00,0.00,27036.49,27030.46,KZ=ASIA; KZR=Asia H @ 1994.91 2221 bars ago (high taken); DAY 12AM-4PM IST session: stop x1.00 of usual; no partials; full size to TP5; SL steps BE->TP1->TP2->TP3
558,2023.03.29 04:20:34,2023.03.29 06:50:34,TP1_REACHED,XAUUSD,M3,179,SELL,FULLTGT,DAY,0,1970.36,1972.37,1972.37,2.01,1.00,2.01,1968.35,1966.35,1964.34,1962.34,1960.33,0.67,0.00,0.67,1968.35,1.00,1.00,0.00,1971.65,1971.79,1970.06,1971.74,1971.84,1.733,1.00,40.27,36.00,22.50,-0.52,-0.38,-0.14,1971.74,1969.36,241,133,0.0,100.0,5,1,CROSS=EMA9<EMA21;TREND=1;STRUCT=1;VOL=1;COOL=1;EMA50=1;VWAP=1;BIAS=1,1.00,-0.31,27036.49,27172.50,full target: no partial booked
559,2023.03.29 06:21:59,2023.03.29 08:51:59,TP2_REACHED,XAUUSD,M3,179,SELL,FULLTGT,DAY,0,1970.36,1972.37,1972.37,2.01,1.00,2.01,1968.35,1966.35,1964.34,1962.34,1960.33,0.67,0.00,0.67,1966.35,2.00,2.00,0.00,1969.21,1970.00,1969.56,1969.30,1970.05,0.647,0.68,24.93,33.28,37.04,-0.23,-0.03,-0.20,1970.11,1967.22,102,102,0.0,85.7,2,1,CROSS=EMA9<EMA21;TREND=1;STRUCT=1;VOL=1;COOL=1;EMA50=1;VWAP=1;BIAS=1,1.99,-0.31,27036.49,27307.17,full target: no partial booked
560,2023.03.29 08:48:28,2023.03.29 11:18:28,TP3_REACHED,XAUUSD,M3,179,SELL,FULLTGT,DAY,0,1970.36,1972.37,1972.37,2.01,1.00,2.01,1968.35,1966.35,1964.34,1962.34,1960.33,0.67,0.00,0.67,1964.34,3.00,3.00,0.00,1966.80,1967.85,1968.43,1966.90,1967.92,-0.796,0.72,36.28,29.13,35.20,-0.61,-0.42,-0.19,1969.00,1964.54,128,112,0.0,100.0,11,1,CROSS=EMA9<EMA21;TREND=1;STRUCT=1;VOL=1;COOL=1;EMA50=1;VWAP=1;BIAS=1,3.01,-0.31,27036.49,27439.83,full target: no partial booked
561,2023.03.29 09:15:28,2023.03.29 11:45:28,TP4_REACHED,XAUUSD,M3,179,SELL,FULLTGT,DAY,0,1970.36,1972.37,1972.37,2.01,1.00,2.01,1968.35,1966.35,1964.34,1962.34,1960.33,0.67,0.00,0.67,1962.34,4.00,4.00,0.00,1965.76,1967.11,1967.99,1965.87,1967.20,-1.118,0.78,64.29,29.32,27.45,-0.95,-0.89,-0.06,1968.50,1962.96,156,143,0.0,100.0,7,1,CROSS=EMA9<EMA21;TREND=1;STRUCT=1;VOL=1;COOL=1;EMA50=1;VWAP=1;BIAS=1,4.00,-0.31,27036.49,27579.19,full target: no partial booked
562,2023.03.29 09:31:41,2023.03.29 12:01:41,TP5_EXIT,XAUUSD,M3,179,SELL,FULLTGT,DAY,0,1970.36,1972.37,1972.37,2.01,1.00,2.01,1968.35,1966.35,1964.34,1962.34,1960.33,0.67,0.67,0.00,1960.28,5.00,5.00,0.00,1965.00,1966.59,1967.68,1965.12,1966.68,-1.202,0.91,56.37,34.82,29.95,-1.15,-1.08,-0.07,1968.12,1962.02,149,162,0.0,85.7,4,1,CROSS=EMA9<EMA21;TREND=1;STRUCT=1;VOL=1;COOL=1;EMA50=1;VWAP=1;BIAS=1,4.99,-0.31,27709.50,27709.50,full target reached; closed in full
563,2023.03.29 09:31:41,2023.03.29 12:01:41,EXIT_TP,XAUUSD,M3,179,SELL,FULLTGT,DAY,0,1970.36,1972.37,1972.37,2.01,1.00,2.01,1968.35,1966.35,1964.34,1962.34,1960.33,0.67,0.67,0.00,1960.28,0.00,5.03,670.66,1965.00,1966.59,1967.68,1965.12,1966.68,-1.202,0.91,56.37,34.82,29.95,-1.15,-1.08,-0.07,1968.12,1962.02,149,162,0.0,85.7,4,1,CROSS=EMA9<EMA21;TREND=1;STRUCT=1;VOL=1;COOL=1;EMA50=1;VWAP=1;BIAS=1,4.99,-0.31,27709.50,27709.50,TP5 exit
564,2023.03.29 12:51:00,2023.03.29 15:21:00,SKIP,XAUUSD,M3,179,FLAT,NA,DAY,0,0.00,0.00,0.00,0.00,1.00,0.00,0.00,0.00,0.00,0.00,0.00,0.00,0.00,0.00,0.00,0.00,0.00,0.00,1964.63,1964.63,1965.68,1964.55,1964.59,-1.011,1.04,32.05,56.84,61.18,0.89,0.99,-0.10,1966.13,1966.53,154,155,71.4,14.3,5,1,CROSS=EMA9<EMA21;TREND=1;STRUCT=1;VOL=1;COOL=1;EMA50=1;VWAP=1;BIAS=1,0.00,0.00,27709.50,27709.50,outside the killzone window
565,2023.03.29 16:03:00,2023.03.29 18:33:00,SKIP,XAUUSD,M3,179,FLAT,NA,EVENING,0,0.00,0.00,0.00,0.00,1.00,0.00,0.00,0.00,0.00,0.00,0.00,0.00,0.00,0.00,0.00,0.00,0.00,0.00,1965.57,1965.63,1965.92,1965.68,1965.68,-0.204,1.46,18.27,39.17,47.61,-0.72,-0.45,-0.27,1966.14,1962.82,327,290,0.0,85.7,1,1,CROSS=EMA9<EMA21;TREND=1;STRUCT=1;VOL=1;COOL=1;EMA50=1;VWAP=1;BIAS=1,0.00,0.00,27709.50,27709.50,already positioned that way
566,2023.03.29 17:27:00,2023.03.29 19:57:00,SKIP,XAUUSD,M3,179,FLAT,NA,EVENING,0,0.00,0.00,0.00,0.00,1.00,0.00,0.00,0.00,0.00,0.00,0.00,0.00,0.00,0.00,0.00,0.00,0.00,0.00,1965.40,1965.40,1965.70,1965.36,1965.38,-0.190,1.54,24.86,55.45,55.78,0.57,0.54,0.03,1965.92,1966.55,264,301,71.4,0.0,1,1,CROSS=EMA9<EMA21;TREND=1;STRUCT=1;VOL=1;COOL=1;EMA50=1;VWAP=1;BIAS=1,0.00,0.00,27709.50,27709.50,outside the killzone window
567,2023.03.29 19:12:00,2023.03.29 21:42:00,SKIP,XAUUSD,M3,179,FLAT,NA,EVENING,0,0.00,0.00,0.00,0.00,1.00,0.00,0.00,0.00,0.00,0.00,0.00,0.00,0.00,0.00,0.00,0.00,0.00,0.00,1965.86,1965.88,1965.94,1965.92,1965.91,-0.050,1.21,31.16,45.32,45.37,-0.90,-0.66,-0.24,1966.08,1964.56,210,252,0.0,85.7,2,1,CROSS=EMA9<EMA21;TREND=1;STRUCT=1;VOL=1;COOL=1;EMA50=1;VWAP=1;BIAS=1,0.00,0.00,27709.50,27709.50,outside the killzone window
568,2023.03.29 20:51:00,2023.03.29 23:21:00,SKIP,XAUUSD,M3,179,FLAT,NA,EVENING,0,0.00,0.00,0.00,0.00,1.00,0.00,0.00,0.00,0.00,0.00,0.00,0.00,0.00,0.00,0.00,0.00,0.00,0.00,1965.62,1965.60,1965.73,1965.54,1965.56,-0.133,0.97,29.08,61.04,60.44,0.74,0.45,0.29,1965.99,1967.49,105,135,85.7,0.0,2,1,CROSS=EMA9<EMA21;TREND=1;STRUCT=1;VOL=1;COOL=1;EMA50=1;VWAP=1;BIAS=1,0.00,0.00,27709.50,27709.50,outside the killzone window
569,2023.03.29 22:39:00,2023.03.30 01:09:00,SKIP,XAUUSD,M3,179,FLAT,NA,DAY,0,0.00,0.00,0.00,0.00,1.00,0.00,0.00,0.00,0.00,0.00,0.00,0.00,0.00,0.00,0.00,0.00,0.00,0.00,1965.92,1965.98,1965.96,1966.05,1966.05,0.023,0.87,51.69,24.44,31.90,-1.08,-0.66,-0.41,1966.04,1962.84,112,132,0.0,85.7,4,1,CROSS=EMA9<EMA21;TREND=1;STRUCT=1;VOL=1;COOL=1;EMA50=1;VWAP=1;BIAS=1,0.00,0.00,27709.50,27709.50,outside the killzone window
570,2023.03.30 01:02:00,2023.03.30 03:32:00,DAY_SUMMARY,XAUUSD,M3,179,FLAT,NA,DAY,0,0.00,0.00,0.00,0.00,1.00,0.00,0.00,0.00,0.00,0.00,0.00,0.00,0.00,0.00,0.00,0.00,5.03,670.66,1964.48,1965.02,1965.42,1964.48,1965.03,-0.868,0.46,19.29,55.06,50.52,-0.02,-0.20,0.19,1965.97,1964.37,48,47,57.1,28.6,12,1,CROSS=EMA9<EMA21;TREND=1;STRUCT=1;VOL=1;COOL=1;EMA50=1;VWAP=1;BIAS=1,0.00,0.00,27709.50,27709.50,2023.03.29 trades=1 W=1 L=0 gross_profit=670.66 gross_loss=0.00 net=670.66 PF=0.00
571,2023.03.30 08:36:00,2023.03.30 11:06:00,SKIP,XAUUSD,M3,179,FLAT,NA,DAY,0,0.00,0.00,0.00,0.00,1.00,0.00,0.00,0.00,0.00,0.00,0.00,0.00,0.00,0.00,0.00,0.00,0.00,0.00,1960.71,1960.70,1961.67,1960.58,1960.63,-1.105,0.88,51.98,73.64,77.59,0.88,0.49,0.38,1960.40,1964.07,358,107,85.7,14.3,11,1,CROSS=EMA9<EMA21;TREND=1;STRUCT=1;VOL=1;COOL=1;EMA50=1;VWAP=1;BIAS=1,0.00,0.00,27709.50,27709.50,outside the killzone window
572,2023.03.30 17:09:00,2023.03.30 19:39:00,SKIP,XAUUSD,M3,179,FLAT,NA,EVENING,0,0.00,0.00,0.00,0.00,1.00,0.00,0.00,0.00,0.00,0.00,0.00,0.00,0.00,0.00,0.00,0.00,0.00,0.00,1968.27,1968.28,1967.22,1968.43,1968.36,0.657,1.61,26.27,34.54,45.01,-0.95,-0.88,-0.07,1966.00,1964.28,412,376,0.0,100.0,4,1,CROSS=EMA9<EMA21;TREND=1;STRUCT=1;VOL=1;COOL=1;EMA50=1;VWAP=1;BIAS=1,0.00,0.00,27709.50,27709.50,outside the killzone window
573,2023.03.30 17:27:00,2023.03.30 19:57:00,SKIP,XAUUSD,M3,179,FLAT,NA,EVENING,0,0.00,0.00,0.00,0.00,1.00,0.00,0.00,0.00,0.00,0.00,0.00,0.00,0.00,0.00,0.00,0.00,0.00,0.00,1968.28,1968.27,1967.27,1968.22,1968.24,0.642,1.56,32.43,57.16,58.32,0.06,-0.65,0.71,1966.07,1969.79,285,365,85.7,0.0,1,1,CROSS=EMA9<EMA21;TREND=1;STRUCT=1;VOL=1;COOL=1;EMA50=1;VWAP=1;BIAS=1,0.00,0.00,27709.50,27709.50,outside the killzone window
574,2023.03.31 03:18:00,2023.03.31 05:48:00,SKIP,XAUUSD,M3,179,FLAT,NA,DAY,0,0.00,0.00,0.00,0.00,1.00,0.00,0.00,0.00,0.00,0.00,0.00,0.00,0.00,0.00,0.00,0.00,0.00,0.00,1979.42,1979.43,1977.56,1979.46,1979.45,2.709,0.69,28.61,42.42,34.96,-0.40,-0.39,-0.01,1979.07,1978.40,161,95,14.3,85.7,8,1,CROSS=EMA9<EMA21;TREND=1;STRUCT=1;VOL=1;COOL=1;EMA50=1;VWAP=1;BIAS=1,0.00,0.00,27709.50,27709.50,already positioned that way
575,2023.03.31 04:15:00,2023.03.31 06:45:00,ENTRY,XAUUSD,M3,181,BUY,FULLTGT,DAY,0,1981.49,1979.74,1979.74,1.75,1.00,1.75,1983.24,1984.98,1986.73,1988.48,1990.23,0.79,0.79,0.79,1981.49,0.00,0.00,0.00,1979.37,1979.37,1977.84,1979.29,1979.33,1.750,0.87,32.84,65.80,68.65,0.46,0.11,0.35,1979.10,1981.42,161,174,85.7,0.0,7,1,CROSS=EMA9>EMA21;TREND=1;STRUCT=1;VOL=1;COOL=1;EMA50=1;VWAP=1;BIAS=1,0.00,0.00,27706.73,27701.20,KZ=ASIA; KZR=Asia L @ 1957.15 471 bars ago (low taken); DAY 12AM-4PM IST session: stop x1.00 of usual; no partials; full size to TP5; SL steps BE->TP1->TP2->TP3
576,2023.03.31 04:39:35,2023.03.31 07:09:35,TP1_REACHED,XAUUSD,M3,181,BUY,FULLTGT,DAY,0,1981.49,1979.74,1979.74,1.75,1.00,1.75,1983.24,1984.98,1986.73,1988.48,1990.23,0.79,0.00,0.79,1983.24,1.00,1.00,0.00,1980.02,1979.72,1978.14,1979.93,1979.66,1.510,1.05,46.40,63.84,68.57,0.84,0.68,0.16,1979.67,1982.36,230,199,100.0,0.0,5,1,CROSS=EMA9>EMA21;TREND=1;STRUCT=1;VOL=1;COOL=1;EMA50=1;VWAP=1;BIAS=1,1.00,-0.56,27706.73,27847.35,full target: no partial booked
577,2023.03.31 08:06:30,2023.03.31 10:36:30,EXIT_SL,XAUUSD,M3,181,BUY,FULLTGT,DAY,0,1981.49,1979.74,1979.74,1.75,1.00,1.75,1983.24,1984.98,1986.73,1988.48,1990.23,0.79,0.79,0.00,1979.72,0.00,-1.01,-145.37,1981.10,1980.93,1979.78,1981.12,1980.94,2.447,0.47,15.43,45.43,45.25,-0.22,-0.20,-0.02,1980.72,1980.64,69,77,14.3,57.1,9,1,CROSS=EMA9>EMA21;TREND=1;STRUCT=1;VOL=1;COOL=1;EMA50=1;VWAP=1;BIAS=1,1.24,-0.97,27564.13,27564.13,stopped at the initial SL (x1.00 of usual)
578,2023.03.31 08:24:00,2023.03.31 10:54:00,SKIP,XAUUSD,M3,181,FLAT,NA,DAY,0,0.00,0.00,0.00,0.00,1.00,0.00,0.00,0.00,0.00,0.00,0.00,0.00,0.00,0.00,0.00,0.00,0.00,0.00,1980.74,1980.76,1979.76,1980.81,1980.80,1.728,0.58,19.53,34.96,38.78,-0.48,-0.35,-0.13,1980.67,1979.12,134,87,0.0,85.7,9,1,CROSS=EMA9>EMA21;TREND=1;STRUCT=1;VOL=1;COOL=1;EMA50=1;VWAP=1;BIAS=1,0.00,0.00,27564.13,27564.13,outside the killzone window
579,2023.03.31 09:39:00,2023.03.31 12:09:00,SKIP,XAUUSD,M3,181,FLAT,NA,DAY,0,0.00,0.00,0.00,0.00,1.00,0.00,0.00,0.00,0.00,0.00,0.00,0.00,0.00,0.00,0.00,0.00,0.00,0.00,1980.65,1980.64,1979.90,1980.61,1980.62,0.831,0.89,23.82,59.61,62.35,0.53,0.34,0.19,1980.58,1981.80,138,153,71.4,0.0,4,1,CROSS=EMA9>EMA21;TREND=1;STRUCT=1;VOL=1;COOL=1;EMA50=1;VWAP=1;BIAS=1,0.00,0.00,27564.13,27564.13,outside the killzone window
580,2023.03.31 10:39:00,2023.03.31 13:09:00,SKIP,XAUUSD,M3,181,FLAT,NA,DAY,0,0.00,0.00,0.00,0.00,1.00,0.00,0.00,0.00,0.00,0.00,0.00,0.00,0.00,0.00,0.00,0.00,0.00,0.00,1980.69,1980.75,1980.11,1980.90,1980.85,0.482,1.32,44.77,21.33,31.12,-1.14,-0.14,-1.00,1980.70,1975.71,249,233,0.0,100.0,4,1,CROSS=EMA9>EMA21;TREND=1;STRUCT=1;VOL=1;COOL=1;EMA50=1;VWAP=1;BIAS=1,0.00,0.00,27564.13,27564.13,outside the killzone window
581,2023.03.31 14:06:00,2023.03.31 16:36:00,SKIP,XAUUSD,M3,181,FLAT,NA,EVENING,0,0.00,0.00,0.00,0.00,1.00,0.00,0.00,0.00,0.00,0.00,0.00,0.00,0.00,0.00,0.00,0.00,0.00,0.00,1978.92,1978.91,1979.06,1978.85,1978.87,-0.184,0.82,34.77,59.58,60.94,0.61,0.59,0.02,1979.61,1980.60,173,176,85.7,0.0,2,1,CROSS=EMA9>EMA21;TREND=1;STRUCT=1;VOL=1;COOL=1;EMA50=1;VWAP=1;BIAS=1,0.00,0.00,27564.13,27564.13,already positioned that way
582,2023.03.31 17:27:00,2023.03.31 19:57:00,SKIP,XAUUSD,M3,181,FLAT,NA,EVENING,0,0.00,0.00,0.00,0.00,1.00,0.00,0.00,0.00,0.00,0.00,0.00,0.00,0.00,0.00,0.00,0.00,0.00,0.00,1979.76,1979.78,1979.62,1979.85,1979.82,0.099,1.56,36.00,40.42,41.50,-0.81,-0.39,-0.41,1979.89,1977.51,375,375,14.3,85.7,3,1,CROSS=EMA9>EMA21;TREND=1;STRUCT=1;VOL=1;COOL=1;EMA50=1;VWAP=1;BIAS=1,0.00,0.00,27564.13,27564.13,outside the killzone window
583,2023.04.03 01:19:00,2023.04.03 03:49:00,DAY_SUMMARY,XAUUSD,M3,181,FLAT,NA,DAY,0,0.00,0.00,0.00,0.00,1.00,0.00,0.00,0.00,0.00,0.00,0.00,0.00,0.00,0.00,0.00,0.00,-1.01,-145.37,1970.12,1971.70,1974.06,1970.15,1971.75,-4.002,0.59,16.14,46.39,45.00,-0.27,-0.27,0.01,1978.05,1969.22,84,97,14.3,57.1,12,1,CROSS=EMA9>EMA21;TREND=1;STRUCT=1;VOL=1;COOL=1;EMA50=1;VWAP=1;BIAS=1,0.00,0.00,27564.13,27564.13,2023.03.31 trades=1 W=0 L=1 gross_profit=0.00 gross_loss=145.37 net=-145.37 PF=0.00
584,2023.04.03 01:19:00,2023.04.03 03:49:00,WEEK_SUMMARY,XAUUSD,M3,181,FLAT,NA,DAY,0,0.00,0.00,0.00,0.00,1.00,0.00,0.00,0.00,0.00,0.00,0.00,0.00,0.00,0.00,0.00,0.00,4.01,525.29,1970.12,1971.70,1974.06,1970.15,1971.75,-4.002,0.59,16.14,46.39,45.00,-0.27,-0.27,0.01,1978.05,1969.22,84,97,14.3,57.1,12,1,CROSS=EMA9>EMA21;TREND=1;STRUCT=1;VOL=1;COOL=1;EMA50=1;VWAP=1;BIAS=1,0.00,0.00,27564.13,27564.13,days=2 trades=2 W=1 L=1 gross_profit=670.66 gross_loss=145.37 net=525.29 PF=4.61 pips=831.0
585,2023.04.03 01:19:00,2023.04.03 03:49:00,MONTH_SUMMARY,XAUUSD,M3,181,FLAT,NA,DAY,0,0.00,0.00,0.00,0.00,1.00,0.00,0.00,0.00,0.00,0.00,0.00,0.00,0.00,0.00,0.00,0.00,3.09,209.41,1970.12,1971.70,1974.06,1970.15,1971.75,-4.002,0.59,16.14,46.39,45.00,-0.27,-0.27,0.01,1978.05,1969.22,84,97,14.3,57.1,12,1,CROSS=EMA9>EMA21;TREND=1;STRUCT=1;VOL=1;COOL=1;EMA50=1;VWAP=1;BIAS=1,0.00,0.00,27564.13,27564.13,days=17 trades=28 W=5 L=23 gross_profit=3334.92 gross_loss=3125.51 net=209.41 PF=1.07 pips=361.0
586,2023.04.03 10:39:00,2023.04.03 13:09:00,SKIP,XAUUSD,M3,181,FLAT,NA,DAY,0,0.00,0.00,0.00,0.00,1.00,0.00,0.00,0.00,0.00,0.00,0.00,0.00,0.00,0.00,0.00,0.00,0.00,0.00,1955.68,1955.64,1958.56,1955.53,1955.56,-2.185,1.34,34.11,66.44,65.07,1.39,1.37,0.02,1957.03,1959.36,226,220,100.0,0.0,6,1,CROSS=EMA9>EMA21;TREND=1;STRUCT=1;VOL=1;COOL=1;EMA50=1;VWAP=1;BIAS=1,0.00,0.00,27564.13,27564.13,outside the killzone window
587,2023.04.04 03:51:00,2023.04.04 06:21:00,ENTRY,XAUUSD,M3,183,SELL,FULLTGT,DAY,0,1982.28,1983.60,1983.60,1.32,1.00,1.32,1980.96,1979.64,1978.32,1977.00,1975.68,1.04,1.04,1.04,1982.28,0.00,0.00,0.00,1984.27,1984.29,1982.58,1984.35,1984.33,2.594,0.66,28.36,29.57,35.65,-0.35,-0.18,-0.17,1984.25,1982.32,175,110,0.0,100.0,8,1,CROSS=EMA9<EMA21;TREND=1;STRUCT=1;VOL=1;COOL=1;EMA50=1;VWAP=1;BIAS=1,0.00,0.00,27560.49,27552.17,KZ=ASIA; KZR=NY H @ 1987.56 207 bars ago (high taken); DAY 12AM-4PM IST session: stop x1.00 of usual; no partials; full size to TP5; SL steps BE->TP1->TP2->TP3
588,2023.04.04 04:04:38,2023.04.04 06:34:38,EXIT_SL,XAUUSD,M3,183,SELL,FULLTGT,DAY,0,1982.28,1983.60,1983.60,1.32,1.00,1.32,1980.96,1979.64,1978.32,1977.00,1975.68,1.04,1.04,0.00,1983.63,0.00,-1.02,-147.68,1984.03,1984.16,1982.58,1984.08,1984.19,2.134,0.74,34.53,38.03,38.72,-0.48,-0.32,-0.16,1983.98,1982.79,261,134,0.0,100.0,8,1,CROSS=EMA9<EMA21;TREND=1;STRUCT=1;VOL=1;COOL=1;EMA50=1;VWAP=1;BIAS=1,0.08,-0.99,27416.45,27416.45,stopped at the initial SL (x1.00 of usual)
589,2023.04.04 10:54:00,2023.04.04 13:24:00,SKIP,XAUUSD,M3,183,FLAT,NA,DAY,0,0.00,0.00,0.00,0.00,1.00,0.00,0.00,0.00,0.00,0.00,0.00,0.00,0.00,0.00,0.00,0.00,0.00,0.00,1980.45,1980.45,1980.72,1980.34,1980.39,-0.270,1.03,27.74,66.80,56.89,0.30,0.11,0.19,1980.88,1983.26,254,210,100.0,0.0,2,1,CROSS=EMA9<EMA21;TREND=1;STRUCT=1;VOL=1;COOL=1;EMA50=1;VWAP=1;BIAS=1,0.00,0.00,27416.45,27416.45,outside the killzone window
590,2023.04.05 01:02:00,2023.04.05 03:32:00,DAY_SUMMARY,XAUUSD,M3,183,FLAT,NA,DAY,0,0.00,0.00,0.00,0.00,1.00,0.00,0.00,0.00,0.00,0.00,0.00,0.00,0.00,0.00,0.00,0.00,-1.02,-147.68,2020.84,2018.52,2011.24,2020.86,2018.48,20.283,0.36,35.41,41.35,45.03,-0.18,-0.07,-0.11,1998.06,2020.53,45,69,28.6,57.1,8,1,CROSS=EMA9<EMA21;TREND=1;STRUCT=1;VOL=1;COOL=1;EMA50=1;VWAP=1;BIAS=1,0.00,0.00,27416.45,27416.45,2023.04.04 trades=1 W=0 L=1 gross_profit=0.00 gross_loss=147.68 net=-147.68 PF=0.00
591,2023.04.05 13:30:00,2023.04.05 16:00:00,SKIP,XAUUSD,M3,183,FLAT,NA,EVENING,0,0.00,0.00,0.00,0.00,1.00,0.00,0.00,0.00,0.00,0.00,0.00,0.00,0.00,0.00,0.00,0.00,0.00,0.00,2024.21,2024.21,2022.85,2024.29,2024.25,1.734,0.78,32.84,34.22,37.31,-0.21,0.04,-0.25,2023.40,2022.27,156,166,0.0,85.7,1,1,CROSS=EMA9<EMA21;TREND=1;STRUCT=1;VOL=1;COOL=1;EMA50=1;VWAP=1;BIAS=1,0.00,0.00,27416.45,27416.45,already positioned that way
592,2023.04.05 15:24:00,2023.04.05 17:54:00,ENTRY,XAUUSD,M3,185,BUY,FULLTGT,EVENING,0,2028.08,2025.05,2025.05,3.03,1.00,3.03,2031.11,2034.14,2037.17,2040.21,2043.24,0.45,0.45,0.45,2028.08,0.00,0.00,0.00,2023.97,2023.91,2023.07,2023.80,2023.83,0.559,1.52,21.40,68.87,71.71,0.99,0.32,0.67,2023.53,2028.06,514,255,71.4,14.3,7,1,CROSS=EMA9>EMA21;TREND=1;STRUCT=1;VOL=1;COOL=1;EMA50=1;VWAP=1;BIAS=1,0.00,0.00,27414.87,27411.72,KZ=NY; KZR=Asia H @ 2025.33 120 bars ago (high taken); EVENING 4PM-12AM IST session: stop x1.00 of usual; no partials; full size to TP5; SL steps BE->TP1->TP2->TP3
593,2023.04.05 15:34:31,2023.04.05 18:04:31,TP1_REACHED,XAUUSD,M3,185,BUY,FULLTGT,EVENING,0,2028.08,2025.05,2025.05,3.03,1.00,3.03,2031.11,2034.14,2037.17,2040.21,2043.24,0.45,0.00,0.45,2031.11,1.00,1.00,0.00,2024.53,2024.20,2023.24,2024.33,2024.10,0.564,1.71,29.50,72.92,70.96,1.47,0.71,0.76,2023.68,2029.42,411,287,100.0,0.0,3,1,CROSS=EMA9>EMA21;TREND=1;STRUCT=1;VOL=1;COOL=1;EMA50=1;VWAP=1;BIAS=1,1.00,-0.46,27414.87,27553.02,full target: no partial booked
594,2023.04.05 16:28:30,2023.04.05 18:58:30,EXIT_SL,XAUUSD,M3,185,BUY,FULLTGT,EVENING,0,2028.08,2025.05,2025.05,3.03,1.00,3.03,2031.11,2034.14,2037.17,2040.21,2043.24,0.45,0.45,0.00,2025.04,0.00,-1.00,-139.96,2027.53,2026.08,2024.42,2027.49,2026.03,1.299,1.28,23.40,46.91,53.29,0.82,1.48,-0.66,2024.53,2028.42,232,319,42.9,28.6,2,1,CROSS=EMA9>EMA21;TREND=1;STRUCT=1;VOL=1;COOL=1;EMA50=1;VWAP=1;BIAS=1,1.32,-0.98,27276.49,27276.49,stopped at the initial SL (x1.00 of usual)
595,2023.04.05 17:33:00,2023.04.05 20:03:00,SKIP,XAUUSD,M3,185,FLAT,NA,EVENING,0,0.00,0.00,0.00,0.00,1.00,0.00,0.00,0.00,0.00,0.00,0.00,0.00,0.00,0.00,0.00,0.00,0.00,0.00,2025.16,2025.24,2024.31,2025.53,2025.43,0.261,3.58,33.60,32.50,37.34,-1.94,-1.24,-0.70,2024.50,2016.16,501,487,0.0,100.0,1,1,CROSS=EMA9>EMA21;TREND=1;STRUCT=1;VOL=1;COOL=1;EMA50=1;VWAP=1;BIAS=1,0.00,0.00,27276.49,27276.49,outside the killzone window
596,2023.04.05 22:36:00,2023.04.06 01:06:00,SKIP,XAUUSD,M3,185,FLAT,NA,DAY,0,0.00,0.00,0.00,0.00,1.00,0.00,0.00,0.00,0.00,0.00,0.00,0.00,0.00,0.00,0.00,0.00,0.00,0.00,2022.04,2022.04,2022.37,2022.02,2022.03,-0.389,0.84,21.97,51.48,49.79,0.21,0.29,-0.08,2023.24,2022.56,166,116,28.6,57.1,1,1,CROSS=EMA9>EMA21;TREND=1;STRUCT=1;VOL=1;COOL=1;EMA50=1;VWAP=1;BIAS=1,0.00,0.00,27276.49,27276.49,outside the killzone window
597,2023.04.05 22:57:00,2023.04.06 01:27:00,SKIP,XAUUSD,M3,185,FLAT,NA,DAY,0,0.00,0.00,0.00,0.00,1.00,0.00,0.00,0.00,0.00,0.00,0.00,0.00,0.00,0.00,0.00,0.00,0.00,0.00,2022.02,2022.03,2022.34,2022.05,2022.05,-0.331,0.93,32.11,43.31,46.24,-0.13,0.10,-0.24,2023.23,2021.27,120,114,14.3,85.7,3,1,CROSS=EMA9>EMA21;TREND=1;STRUCT=1;VOL=1;COOL=1;EMA50=1;VWAP=1;BIAS=1,0.00,0.00,27276.49,27276.49,outside the killzone window
598,2023.04.06 01:02:00,2023.04.06 03:32:00,DAY_SUMMARY,XAUUSD,M3,185,FLAT,NA,DAY,0,0.00,0.00,0.00,0.00,1.00,0.00,0.00,0.00,0.00,0.00,0.00,0.00,0.00,0.00,0.00,0.00,-1.00,-139.96,2021.24,2021.56,2022.02,2021.26,2021.58,-1.271,0.36,24.18,45.54,45.15,-0.33,-0.36,0.03,2023.20,2020.66,46,52,14.3,57.1,12,1,CROSS=EMA9>EMA21;TREND=1;STRUCT=1;VOL=1;COOL=1;EMA50=1;VWAP=1;BIAS=1,0.00,0.00,27276.49,27276.49,2023.04.05 trades=1 W=0 L=1 gross_profit=0.00 gross_loss=139.96 net=-139.96 PF=0.00
599,2023.04.06 10:27:00,2023.04.06 12:57:00,SKIP,XAUUSD,M3,185,FLAT,NA,DAY,0,0.00,0.00,0.00,0.00,1.00,0.00,0.00,0.00,0.00,0.00,0.00,0.00,0.00,0.00,0.00,0.00,0.00,0.00,2013.99,2013.97,2015.30,2013.94,2013.94,-1.290,1.03,19.05,58.42,55.59,0.30,0.06,0.24,2014.09,2015.28,192,165,71.4,14.3,5,1,CROSS=EMA9>EMA21;TREND=1;STRUCT=1;VOL=1;COOL=1;EMA50=1;VWAP=1;BIAS=1,0.00,0.00,27276.49,27276.49,outside the killzone window
600,2023.04.06 15:51:00,2023.04.06 18:21:00,ENTRY,XAUUSD,M3,187,SELL,FULLTGT,EVENING,0,2013.01,2016.96,2016.96,3.95,1.00,3.95,2009.06,2005.12,2001.17,1997.22,1993.27,0.34,0.34,0.34,2013.01,0.00,0.00,0.00,2017.36,2017.37,2017.02,2017.54,2017.46,0.175,1.97,27.53,28.65,22.97,-1.28,-0.81,-0.47,2015.75,2013.02,397,311,0.0,100.0,4,1,CROSS=EMA9<EMA21;TREND=1;STRUCT=1;VOL=1;COOL=1;EMA50=1;VWAP=1;BIAS=1,0.00,0.00,27275.30,27273.94,KZ=NY; KZR=Asia H @ 2025.33 609 bars ago (high taken); EVENING 4PM-12AM IST session: stop x1.00 of usual; no partials; full size to TP5; SL steps BE->TP1->TP2->TP3
601,2023.04.06 16:42:18,2023.04.06 19:12:18,TP1_REACHED,XAUUSD,M3,187,SELL,FULLTGT,EVENING,0,2013.01,2016.96,2016.96,3.95,1.00,3.95,2009.06,2005.12,2001.17,1997.22,1993.27,0.34,0.00,0.34,2009.06,1.00,1.00,0.00,2014.29,2015.58,2016.11,2014.48,2015.70,-0.280,1.90,34.61,36.79,35.09,-1.25,-1.60,0.35,2015.17,2009.48,423,385,14.3,85.7,5,1,CROSS=EMA9<EMA21;TREND=1;STRUCT=1;VOL=1;COOL=1;EMA50=1;VWAP=1;BIAS=1,0.98,-0.31,27275.30,27409.60,full target: no partial booked
602,2023.04.06 16:44:41,2023.04.06 19:14:41,TP2_REACHED,XAUUSD,M3,187,SELL,FULLTGT,EVENING,0,2013.01,2016.96,2016.96,3.95,1.00,3.95,2009.06,2005.12,2001.17,1997.22,1993.27,0.34,0.00,0.34,2005.12,2.00,2.00,0.00,2014.29,2015.58,2016.11,2014.48,2015.70,-0.280,1.90,34.61,36.79,35.09,-1.25,-1.60,0.35,2015.17,2009.48,423,385,14.3,85.7,5,1,CROSS=EMA9<EMA21;TREND=1;STRUCT=1;VOL=1;COOL=1;EMA50=1;VWAP=1;BIAS=1,1.99,-0.31,27275.30,27544.92,full target: no partial booked
603,2023.04.06 16:57:41,2023.04.06 19:27:41,TP3_REACHED,XAUUSD,M3,187,SELL,FULLTGT,EVENING,0,2013.01,2016.96,2016.96,3.95,1.00,3.95,2009.06,2005.12,2001.17,1997.22,1993.27,0.34,0.00,0.34,2001.17,3.00,3.00,0.00,2012.65,2014.60,2015.58,2013.09,2014.85,-0.417,2.36,31.02,26.68,33.41,-2.41,-1.67,-0.74,2014.76,2001.98,416,400,0.0,100.0,1,1,CROSS=EMA9<EMA21;TREND=1;STRUCT=1;VOL=1;COOL=1;EMA50=1;VWAP=1;BIAS=1,2.99,-0.31,27275.30,27678.20,full target: no partial booked
604,2023.04.10 01:04:00,2023.04.10 03:34:00,WEEK_SUMMARY,XAUUSD,M3,187,SELL,FULLTGT,DAY,0,2013.01,2016.96,2016.96,3.95,1.00,3.95,2009.06,2005.12,2001.17,1997.22,1993.27,0.34,0.00,0.00,0.00,0.00,-2.03,-287.64,2007.92,2008.94,2010.63,2007.95,2008.98,-3.359,0.50,13.76,47.73,45.89,0.00,-0.06,0.06,2012.90,2007.32,79,66,14.3,71.4,6,1,CROSS=EMA9<EMA21;TREND=1;STRUCT=1;VOL=1;COOL=1;EMA50=1;VWAP=1;BIAS=1,3.08,-0.50,27275.30,27875.08,days=2 trades=2 W=0 L=2 gross_profit=0.00 gross_loss=287.64 net=-287.64 PF=0.00 pips=-439.0
605,2023.04.10 01:04:00,2023.04.10 03:34:00,TP4_REACHED,XAUUSD,M3,187,SELL,FULLTGT,DAY,0,2013.01,2016.96,2016.96,3.95,1.00,3.95,2009.06,2005.12,2001.17,1997.22,1993.27,0.34,0.00,0.34,1997.22,4.00,4.00,0.00,2007.92,2008.94,2010.63,2007.95,2008.98,-3.359,0.50,13.76,47.73,45.89,0.00,-0.06,0.06,2012.90,2007.32,79,66,14.3,71.4,6,1,CROSS=EMA9<EMA21;TREND=1;STRUCT=1;VOL=1;COOL=1;EMA50=1;VWAP=1;BIAS=1,3.08,-0.50,27275.30,27875.08,full target: no partial booked
606,2023.04.10 05:32:28,2023.04.10 08:02:28,TP5_EXIT,XAUUSD,M3,187,SELL,FULLTGT,DAY,0,2013.01,2016.96,2016.96,3.95,1.00,3.95,2009.06,2005.12,2001.17,1997.22,1993.27,0.34,0.34,0.00,1993.27,5.00,5.00,0.00,1998.64,2001.31,2004.69,1998.83,2001.46,-3.969,0.85,62.45,25.58,27.77,-1.35,-1.20,-0.15,2000.32,1994.11,110,147,0.0,85.7,4,1,CROSS=EMA9<EMA21;TREND=1;STRUCT=1;VOL=1;COOL=1;EMA50=1;VWAP=1;BIAS=1,5.00,-0.50,27975.55,27975.55,full target reached; closed in full
607,2023.04.10 05:32:28,2023.04.10 08:02:28,EXIT_TP,XAUUSD,M3,187,SELL,FULLTGT,DAY,0,2013.01,2016.96,2016.96,3.95,1.00,3.95,2009.06,2005.12,2001.17,1997.22,1993.27,0.34,0.34,0.00,1993.27,0.00,5.00,699.06,1998.64,2001.31,2004.69,1998.83,2001.46,-3.969,0.85,62.45,25.58,27.77,-1.35,-1.20,-0.15,2000.32,1994.11,110,147,0.0,85.7,4,1,CROSS=EMA9<EMA21;TREND=1;STRUCT=1;VOL=1;COOL=1;EMA50=1;VWAP=1;BIAS=1,5.00,-0.50,27975.55,27975.55,TP5 exit
608,2023.04.10 10:51:00,2023.04.10 13:21:00,SKIP,XAUUSD,M3,187,FLAT,NA,DAY,0,0.00,0.00,0.00,0.00,1.00,0.00,0.00,0.00,0.00,0.00,0.00,0.00,0.00,0.00,0.00,0.00,0.00,0.00,1994.99,1994.96,1997.40,1994.90,1994.91,-2.941,0.83,33.21,65.04,63.75,0.59,0.50,0.09,1996.61,1997.29,135,107,100.0,0.0,1,1,CROSS=EMA9<EMA21;TREND=1;STRUCT=1;VOL=1;COOL=1;EMA50=1;VWAP=1;BIAS=1,0.00,0.00,27975.55,27975.55,outside the killzone window
609,2023.04.10 16:00:00,2023.04.10 18:30:00,SKIP,XAUUSD,M3,187,FLAT,NA,EVENING,0,0.00,0.00,0.00,0.00,1.00,0.00,0.00,0.00,0.00,0.00,0.00,0.00,0.00,0.00,0.00,0.00,0.00,0.00,1998.93,1998.95,1998.84,1999.32,1999.14,0.051,2.02,33.21,18.37,24.43,-2.14,-0.90,-1.25,1997.60,1989.50,408,281,0.0,100.0,3,1,CROSS=EMA9<EMA21;TREND=1;STRUCT=1;VOL=1;COOL=1;EMA50=1;VWAP=1;BIAS=1,0.00,0.00,27975.55,27975.55,already positioned that way
610,2023.04.10 23:00:00,2023.04.11 01:30:00,SKIP,XAUUSD,M3,187,FLAT,NA,DAY,0,0.00,0.00,0.00,0.00,1.00,0.00,0.00,0.00,0.00,0.00,0.00,0.00,0.00,0.00,0.00,0.00,0.00,0.00,1990.34,1990.33,1991.79,1990.29,1990.30,-2.187,0.67,36.60,55.78,58.81,0.62,0.67,-0.06,1993.96,1991.50,140,116,57.1,42.9,2,1,CROSS=EMA9<EMA21;TREND=1;STRUCT=1;VOL=1;COOL=1;EMA50=1;VWAP=1;BIAS=1,0.00,0.00,27975.55,27975.55,outside the killzone window
611,2023.04.11 01:02:00,2023.04.11 03:32:00,DAY_SUMMARY,XAUUSD,M3,187,FLAT,NA,DAY,0,0.00,0.00,0.00,0.00,1.00,0.00,0.00,0.00,0.00,0.00,0.00,0.00,0.00,0.00,0.00,0.00,5.00,699.06,1990.85,1990.64,1991.70,1990.84,1990.63,-3.698,0.29,20.18,49.85,52.92,0.07,0.11,-0.04,1993.93,1991.18,22,36,28.6,42.9,5,1,CROSS=EMA9<EMA21;TREND=1;STRUCT=1;VOL=1;COOL=1;EMA50=1;VWAP=1;BIAS=1,0.00,0.00,27975.55,27975.55,2023.04.10 trades=1 W=1 L=0 gross_profit=699.06 gross_loss=0.00 net=699.06 PF=0.00
612,2023.04.11 15:27:00,2023.04.11 17:57:00,SKIP,XAUUSD,M3,187,FLAT,NA,EVENING,0,0.00,0.00,0.00,0.00,1.00,0.00,0.00,0.00,0.00,0.00,0.00,0.00,0.00,0.00,0.00,0.00,0.00,0.00,2001.91,2001.92,2000.48,2001.95,2001.94,1.496,0.96,38.76,44.28,44.08,-0.14,-0.28,0.14,1999.20,2000.76,290,205,28.6,71.4,1,1,CROSS=EMA9<EMA21;TREND=1;STRUCT=1;VOL=1;COOL=1;EMA50=1;VWAP=0;BIAS=1,0.00,0.00,27975.55,27975.55,already positioned that way
613,2023.04.11 17:42:00,2023.04.11 20:12:00,SKIP,XAUUSD,M3,187,FLAT,NA,EVENING,0,0.00,0.00,0.00,0.00,1.00,0.00,0.00,0.00,0.00,0.00,0.00,0.00,0.00,0.00,0.00,0.00,0.00,0.00,2001.25,2001.25,2000.53,2001.19,2001.22,0.472,1.51,42.74,55.15,59.67,0.83,0.70,0.13,1999.53,2002.62,288,316,85.7,0.0,1,1,CROSS=EMA9<EMA21;TREND=1;STRUCT=1;VOL=1;COOL=1;EMA50=1;VWAP=0;BIAS=1,0.00,0.00,27975.55,27975.55,outside the killzone window
614,2023.04.12 01:09:00,2023.04.12 03:39:00,SKIP,XAUUSD,M3,187,FLAT,NA,DAY,0,0.00,0.00,0.00,0.00,1.00,0.00,0.00,0.00,0.00,0.00,0.00,0.00,0.00,0.00,0.00,0.00,0.00,0.00,2004.03,2004.04,2003.29,2004.06,2004.05,2.270,0.33,22.17,41.93,38.16,-0.28,-0.35,0.07,2003.38,2003.28,30,41,14.3,57.1,12,1,CROSS=EMA9<EMA21;TREND=1;STRUCT=1;VOL=1;COOL=1;EMA50=1;VWAP=1;BIAS=1,0.00,0.00,27975.55,27975.55,already positioned that way
615,2023.04.12 02:54:00,2023.04.12 05:24:00,ENTRY,XAUUSD,M3,189,BUY,FULLTGT,DAY,0,2004.90,2004.38,2004.38,0.52,1.00,0.52,2005.42,2005.93,2006.45,2006.97,2007.49,2.70,2.70,2.70,2004.90,0.00,0.00,0.00,2003.98,2003.98,2003.47,2003.95,2003.96,1.971,0.26,44.44,73.35,63.41,0.21,0.07,0.14,2003.80,2004.80,25,27,85.7,0.0,10,1,CROSS=EMA9>EMA21;TREND=1;STRUCT=1;VOL=1;COOL=1;EMA50=1;VWAP=1;BIAS=1,0.00,0.00,27966.10,27939.10,KZ=ASIA; KZR=Asia H @ 2025.33 3230 bars ago (high taken); DAY 12AM-4PM IST session: stop x1.00 of usual; no partials; full size to TP5; SL steps BE->TP1->TP2->TP3
616,2023.04.12 03:04:02,2023.04.12 05:34:02,EXIT_SL,XAUUSD,M3,189,BUY,FULLTGT,DAY,0,2004.90,2004.38,2004.38,0.52,1.00,0.52,2005.42,2005.93,2006.45,2006.97,2007.49,2.70,2.70,0.00,2004.36,0.00,-1.04,-164.70,2004.07,2004.03,2003.51,2004.05,2004.02,1.851,0.28,53.04,60.32,61.64,0.27,0.16,0.10,2003.96,2004.59,103,34,85.7,14.3,7,1,CROSS=EMA9>EMA21;TREND=1;STRUCT=1;VOL=1;COOL=1;EMA50=1;VWAP=1;BIAS=1,0.43,-0.99,27810.85,27810.85,stopped at the initial SL (x1.00 of usual)
617,2023.04.12 11:03:00,2023.04.12 13:33:00,SKIP,XAUUSD,M3,189,FLAT,NA,DAY,0,0.00,0.00,0.00,0.00,1.00,0.00,0.00,0.00,0.00,0.00,0.00,0.00,0.00,0.00,0.00,0.00,0.00,0.00,2015.23,2015.24,2013.02,2015.31,2015.28,2.424,0.92,39.85,39.64,34.63,-0.85,-0.97,0.11,2014.05,2013.26,125,161,14.3,71.4,5,1,CROSS=EMA9>EMA21;TREND=1;STRUCT=1;VOL=1;COOL=1;EMA50=1;VWAP=1;BIAS=1,0.00,0.00,27810.85,27810.85,outside the killzone window
618,2023.04.12 15:45:00,2023.04.12 18:15:00,SKIP,XAUUSD,M3,189,FLAT,NA,EVENING,0,0.00,0.00,0.00,0.00,1.00,0.00,0.00,0.00,0.00,0.00,0.00,0.00,0.00,0.00,0.00,0.00,0.00,0.00,2011.68,2011.48,2011.50,2011.25,2011.26,-0.007,3.03,22.90,73.81,72.97,3.75,1.29,2.46,2013.26,2022.32,568,297,71.4,14.3,3,1,CROSS=EMA9>EMA21;TREND=1;STRUCT=1;VOL=1;COOL=1;EMA50=1;VWAP=1;BIAS=1,0.00,0.00,27810.85,27810.85,already positioned that way
619,2023.04.12 17:21:00,2023.04.12 19:51:00,SKIP,XAUUSD,M3,189,FLAT,NA,EVENING,0,0.00,0.00,0.00,0.00,1.00,0.00,0.00,0.00,0.00,0.00,0.00,0.00,0.00,0.00,0.00,0.00,0.00,0.00,2012.58,2012.59,2012.27,2012.60,2012.60,0.095,3.37,31.69,50.64,49.34,-1.55,-2.55,1.00,2013.60,2012.09,370,486,28.6,57.1,5,1,CROSS=EMA9>EMA21;TREND=1;STRUCT=1;VOL=1;COOL=1;EMA50=1;VWAP=1;BIAS=1,0.00,0.00,27810.85,27810.85,outside the killzone window
620,2023.04.12 21:12:00,2023.04.12 23:42:00,SKIP,XAUUSD,M3,189,FLAT,NA,EVENING,0,0.00,0.00,0.00,0.00,1.00,0.00,0.00,0.00,0.00,0.00,0.00,0.00,0.00,0.00,0.00,0.00,0.00,0.00,2009.92,2009.91,2010.46,2009.75,2009.83,-0.537,1.02,54.61,74.11,69.71,1.36,1.06,0.30,2012.19,2014.08,301,232,100.0,0.0,6,1,CROSS=EMA9>EMA21;TREND=1;STRUCT=1;VOL=1;COOL=1;EMA50=1;VWAP=1;BIAS=1,0.00,0.00,27810.85,27810.85,outside the killzone window
621,2023.04.13 01:02:00,2023.04.13 03:32:00,DAY_SUMMARY,XAUUSD,M3,189,FLAT,NA,DAY,0,0.00,0.00,0.00,0.00,1.00,0.00,0.00,0.00,0.00,0.00,0.00,0.00,0.00,0.00,0.00,0.00,-1.04,-164.70,2014.32,2013.35,2012.46,2014.30,2013.32,2.155,0.42,22.63,52.79,53.56,-0.00,-0.13,0.12,2012.52,2014.77,39,62,71.4,0.0,12,1,CROSS=EMA9>EMA21;TREND=1;STRUCT=1;VOL=1;COOL=1;EMA50=1;VWAP=1;BIAS=1,0.00,0.00,27810.85,27810.85,2023.04.12 trades=1 W=0 L=1 gross_profit=0.00 gross_loss=164.70 net=-164.70 PF=0.00
622,2023.04.14 08:42:00,2023.04.14 11:12:00,SKIP,XAUUSD,M3,189,FLAT,NA,DAY,0,0.00,0.00,0.00,0.00,1.00,0.00,0.00,0.00,0.00,0.00,0.00,0.00,0.00,0.00,0.00,0.00,0.00,0.00,2043.30,2043.34,2041.99,2043.39,2043.39,1.763,0.76,38.19,35.99,29.77,-0.78,-0.71,-0.08,2043.55,2040.92,196,120,14.3,85.7,7,1,CROSS=EMA9>EMA21;TREND=1;STRUCT=1;VOL=1;COOL=1;EMA50=1;VWAP=1;BIAS=1,0.00,0.00,27810.85,27810.85,outside the killzone window
623,2023.04.17 01:02:00,2023.04.17 03:32:00,WEEK_SUMMARY,XAUUSD,M3,189,FLAT,NA,DAY,0,0.00,0.00,0.00,0.00,1.00,0.00,0.00,0.00,0.00,0.00,0.00,0.00,0.00,0.00,0.00,0.00,3.96,534.36,2004.86,2005.75,2011.27,2004.88,2005.77,-8.982,0.62,24.95,45.17,46.17,-0.32,-0.32,0.00,2023.24,2004.42,117,62,28.6,57.1,12,1,CROSS=EMA9>EMA21;TREND=1;STRUCT=1;VOL=1;COOL=1;EMA50=1;VWAP=1;BIAS=1,0.00,0.00,27810.85,27810.85,days=2 trades=2 W=1 L=1 gross_profit=699.06 gross_loss=164.70 net=534.36 PF=4.24 pips=1920.0
624,2023.04.17 05:48:00,2023.04.17 08:18:00,SKIP,XAUUSD,M3,189,FLAT,NA,DAY,0,0.00,0.00,0.00,0.00,1.00,0.00,0.00,0.00,0.00,0.00,0.00,0.00,0.00,0.00,0.00,0.00,0.00,0.00,2003.44,2003.44,2006.09,2003.42,2003.43,-3.102,0.85,20.35,49.39,53.09,0.53,0.76,-0.23,2002.51,2003.86,194,179,42.9,42.9,2,1,CROSS=EMA9>EMA21;TREND=1;STRUCT=1;VOL=1;COOL=1;EMA50=1;VWAP=1;BIAS=1,0.00,0.00,27810.85,27810.85,already positioned that way
625,2023.04.17 13:57:00,2023.04.17 16:27:00,SKIP,XAUUSD,M3,189,FLAT,NA,EVENING,0,0.00,0.00,0.00,0.00,1.00,0.00,0.00,0.00,0.00,0.00,0.00,0.00,0.00,0.00,0.00,0.00,0.00,0.00,2009.38,2009.40,2008.74,2009.45,2009.44,0.919,0.72,28.82,41.04,33.61,-0.71,-0.74,0.02,2007.20,2007.72,135,133,42.9,57.1,8,1,CROSS=EMA9<EMA21;TREND=1;STRUCT=1;VOL=1;COOL=1;EMA50=1;VWAP=0;BIAS=1,0.00,0.00,27810.85,27810.85,quality filter
626,2023.04.17 22:45:00,2023.04.18 01:15:00,SKIP,XAUUSD,M3,189,FLAT,NA,DAY,0,0.00,0.00,0.00,0.00,1.00,0.00,0.00,0.00,0.00,0.00,0.00,0.00,0.00,0.00,0.00,0.00,0.00,0.00,1994.99,1994.98,1997.33,1994.96,1994.96,-4.114,0.57,22.68,52.82,56.15,0.21,0.26,-0.04,2001.46,1995.81,81,135,42.9,28.6,8,1,CROSS=EMA9<EMA21;TREND=1;STRUCT=1;VOL=1;COOL=1;EMA50=1;VWAP=0;BIAS=1,0.00,0.00,27810.85,27810.85,outside the killzone window
627,2023.04.18 01:21:00,2023.04.18 03:51:00,ENTRY,XAUUSD,M3,191,SELL,FULLTGT,DAY,0,1994.08,1994.77,1994.77,0.69,1.00,0.69,1993.39,1992.70,1992.01,1991.31,1990.62,2.01,2.01,2.01,1994.08,0.00,0.00,0.00,1995.03,1995.05,1996.74,1995.07,1995.07,-4.886,0.35,20.41,31.61,38.86,-0.29,-0.20,-0.09,1994.54,1994.08,30,40,0.0,71.4,12,1,CROSS=EMA9<EMA21;TREND=1;STRUCT=1;VOL=1;COOL=1;EMA50=1;VWAP=1;BIAS=1,0.00,0.00,27803.81,27779.69,KZ=ASIA; KZR=Asia L @ 1988.80 156 bars ago (low taken); DAY 12AM-4PM IST session: stop x1.00 of usual; no partials; full size to TP5; SL steps BE->TP1->TP2->TP3
628,2023.04.18 02:00:15,2023.04.18 04:30:15,EXIT_SL,XAUUSD,M3,191,SELL,FULLTGT,DAY,0,1994.08,1994.77,1994.77,0.69,1.00,0.69,1993.39,1992.70,1992.01,1991.31,1990.62,2.01,2.01,0.00,1994.78,0.00,-1.01,-154.78,1994.75,1994.88,1996.44,1994.75,1994.89,-6.406,0.24,20.14,49.83,47.19,-0.16,-0.25,0.09,1994.40,1994.58,32,26,42.9,42.9,3,1,CROSS=EMA9<EMA21;TREND=1;STRUCT=1;VOL=1;COOL=1;EMA50=1;VWAP=1;BIAS=1,0.13,-0.97,27656.07,27656.07,stopped at the initial SL (x1.00 of usual)
629,2023.04.18 04:03:00,2023.04.18 06:33:00,ENTRY,XAUUSD,M3,193,BUY,FULLTGT,DAY,0,1995.72,1994.61,1994.61,1.11,1.00,1.11,1996.83,1997.95,1999.06,2000.17,2001.28,1.24,1.24,1.24,1995.72,0.00,0.00,0.00,1994.86,1994.85,1995.89,1994.83,1994.83,-1.868,0.56,27.75,57.60,53.41,0.25,0.26,-0.01,1994.74,1995.63,186,92,85.7,14.3,9,1,CROSS=EMA9>EMA21;TREND=1;STRUCT=1;VOL=1;COOL=1;EMA50=1;VWAP=1;BIAS=1,0.00,0.00,27651.73,27640.57,KZ=ASIA; KZR=Asia L @ 1988.80 210 bars ago (low taken); DAY 12AM-4PM IST session: stop x1.00 of usual; no partials; full size to TP5; SL steps BE->TP1->TP2->TP3
630,2023.04.18 04:08:39,2023.04.18 06:38:39,TP1_REACHED,XAUUSD,M3,193,BUY,FULLTGT,DAY,0,1995.72,1994.61,1994.61,1.11,1.00,1.11,1996.83,1997.95,1999.06,2000.17,2001.28,1.24,0.00,1.24,1996.83,1.00,1.00,0.00,1994.91,1994.87,1995.89,1994.86,1994.85,-1.723,0.59,27.81,62.99,59.98,0.31,0.27,0.04,1994.80,1996.24,141,97,100.0,0.0,7,1,CROSS=EMA9>EMA21;TREND=1;STRUCT=1;VOL=1;COOL=1;EMA50=1;VWAP=1;BIAS=1,1.00,-0.23,27651.73,27793.09,full target: no partial booked
631,2023.04.18 04:39:18,2023.04.18 07:09:18,TP2_REACHED,XAUUSD,M3,193,BUY,FULLTGT,DAY,0,1995.72,1994.61,1994.61,1.11,1.00,1.11,1996.83,1997.95,1999.06,2000.17,2001.28,1.24,0.00,1.24,1997.95,2.00,2.00,0.00,1995.56,1995.24,1995.98,1995.48,1995.19,-1.024,0.72,20.45,68.86,60.08,0.56,0.49,0.07,1995.43,1997.69,199,130,85.7,0.0,2,1,CROSS=EMA9>EMA21;TREND=1;STRUCT=1;VOL=1;COOL=1;EMA50=1;VWAP=1;BIAS=1,1.97,-0.23,27651.73,27930.73,full target: no partial booked
632,2023.04.18 04:48:03,2023.04.18 07:18:03,TP3_REACHED,XAUUSD,M3,193,BUY,FULLTGT,DAY,0,1995.72,1994.61,1994.61,1.11,1.00,1.11,1996.83,1997.95,1999.06,2000.17,2001.28,1.24,0.00,1.24,1999.06,3.00,3.00,0.00,1995.93,1995.45,1996.06,1995.81,1995.38,-0.864,0.71,30.39,75.76,73.09,0.86,0.59,0.27,1995.76,1998.98,153,145,100.0,0.0,4,1,CROSS=EMA9>EMA21;TREND=1;STRUCT=1;VOL=1;COOL=1;EMA50=1;VWAP=1;BIAS=1,2.99,-0.23,27651.73,28065.89,full target: no partial booked
633,2023.04.18 05:54:38,2023.04.18 08:24:38,TP4_REACHED,XAUUSD,M3,193,BUY,FULLTGT,DAY,0,1995.72,1994.61,1994.61,1.11,1.00,1.11,1996.83,1997.95,1999.06,2000.17,2001.28,1.24,0.00,1.24,2000.17,4.00,4.00,0.00,1997.13,1996.34,1996.43,1997.07,1996.29,-0.159,0.58,30.43,59.40,62.08,0.40,0.33,0.07,1996.53,1998.60,107,148,85.7,0.0,1,1,CROSS=EMA9>EMA21;TREND=1;STRUCT=1;VOL=1;COOL=1;EMA50=1;VWAP=1;BIAS=1,3.96,-0.23,27651.73,28206.01,full target: no partial booked
634,2023.04.18 06:04:35,2023.04.18 08:34:35,TP5_EXIT,XAUUSD,M3,193,BUY,FULLTGT,DAY,0,1995.72,1994.61,1994.61,1.11,1.00,1.11,1996.83,1997.95,1999.06,2000.17,2001.28,1.24,1.24,0.00,2001.33,5.00,5.00,0.00,1997.49,1996.57,1996.55,1997.38,1996.50,0.034,0.71,33.73,68.10,70.50,0.72,0.43,0.28,1996.75,2000.18,196,139,85.7,14.3,6,1,CROSS=EMA9>EMA21;TREND=1;STRUCT=1;VOL=1;COOL=1;EMA50=1;VWAP=1;BIAS=1,5.00,-0.23,28343.03,28343.03,full target reached; closed in full
635,2023.04.18 06:04:36,2023.04.18 08:34:36,EXIT_TP,XAUUSD,M3,193,BUY,FULLTGT,DAY,0,1995.72,1994.61,1994.61,1.11,1.00,1.11,1996.83,1997.95,1999.06,2000.17,2001.28,1.24,1.24,0.00,2001.33,0.00,5.04,686.96,1997.49,1996.57,1996.55,1997.38,1996.50,0.034,0.71,33.73,68.10,70.50,0.72,0.43,0.28,1996.75,2000.18,196,139,85.7,14.3,6,1,CROSS=EMA9>EMA21;TREND=1;STRUCT=1;VOL=1;COOL=1;EMA50=1;VWAP=1;BIAS=1,5.00,-0.23,28343.03,28343.03,TP5 exit
636,2023.04.18 16:21:00,2023.04.18 18:51:00,ENTRY,XAUUSD,M3,195,SELL,FULLTGT,EVENING,0,1997.58,1999.95,1999.95,2.37,1.00,2.37,1995.21,1992.84,1990.47,1988.11,1985.74,0.59,0.59,0.59,1997.58,0.00,0.00,0.00,2002.17,2002.25,2001.37,2002.35,2002.34,0.740,1.18,51.89,23.14,25.78,-1.45,-0.95,-0.50,2000.59,1997.68,327,312,0.0,100.0,3,1,CROSS=EMA9<EMA21;TREND=1;STRUCT=1;VOL=1;COOL=1;EMA50=1;VWAP=1;BIAS=1,0.00,0.00,28340.96,28339.19,KZ=NY; KZR=Asia L @ 1988.80 456 bars ago (low taken); EVENING 4PM-12AM IST session: stop x1.00 of usual; no partials; full size to TP5; SL steps BE->TP1->TP2->TP3
637,2023.04.18 16:27:04,2023.04.18 18:57:04,TP1_REACHED,XAUUSD,M3,195,SELL,FULLTGT,EVENING,0,1997.58,1999.95,1999.95,2.37,1.00,2.37,1995.21,1992.84,1990.47,1988.11,1985.74,0.59,0.00,0.59,1995.21,1.00,1.00,0.00,2001.70,2002.01,2001.27,2001.95,2002.14,0.565,1.31,56.95,17.56,19.87,-1.80,-1.21,-0.58,2000.51,1995.55,388,319,0.0,100.0,5,1,CROSS=EMA9<EMA21;TREND=1;STRUCT=1;VOL=1;COOL=1;EMA50=1;VWAP=1;BIAS=1,0.98,-0.22,28340.96,28480.79,full target: no partial booked
638,2023.04.18 16:31:41,2023.04.18 19:01:41,TP2_REACHED,XAUUSD,M3,195,SELL,FULLTGT,EVENING,0,1997.58,1999.95,1999.95,2.37,1.00,2.37,1995.21,1992.84,1990.47,1988.11,1985.74,0.59,0.00,0.59,1992.84,2.00,2.00,0.00,2001.37,2001.84,2001.19,2001.70,2002.01,0.447,1.45,59.96,13.84,16.28,-2.09,-1.37,-0.72,2000.46,1993.43,363,327,0.0,100.0,3,1,CROSS=EMA9<EMA21;TREND=1;STRUCT=1;VOL=1;COOL=1;EMA50=1;VWAP=1;BIAS=1,2.01,-0.22,28340.96,28622.98,full target: no partial booked
639,2023.04.18 16:51:58,2023.04.18 19:21:58,EXIT_SL,XAUUSD,M3,195,SELL,FULLTGT,EVENING,0,1997.58,1999.95,1999.95,2.37,1.00,2.37,1995.21,1992.84,1990.47,1988.11,1985.74,0.59,0.59,0.00,1999.96,0.00,-1.00,-144.56,2000.12,2001.09,2000.85,2000.18,2001.15,0.103,2.40,50.52,49.36,43.79,-1.45,-2.02,0.57,2000.14,1998.42,396,373,14.3,85.7,1,1,CROSS=EMA9<EMA21;TREND=1;STRUCT=1;VOL=1;COOL=1;EMA50=1;VWAP=1;BIAS=1,2.64,-1.00,28198.47,28198.47,stopped at the initial SL (x1.00 of usual)
640,2023.04.18 17:27:00,2023.04.18 19:57:00,SKIP,XAUUSD,M3,195,FLAT,NA,EVENING,0,0.00,0.00,0.00,0.00,1.00,0.00,0.00,0.00,0.00,0.00,0.00,0.00,0.00,0.00,0.00,0.00,0.00,0.00,2001.86,2001.81,2001.24,2001.57,2001.66,0.210,2.71,34.27,68.88,64.98,2.36,1.09,1.27,2000.53,2008.92,386,430,85.7,0.0,1,1,CROSS=EMA9<EMA21;TREND=1;STRUCT=1;VOL=1;COOL=1;EMA50=1;VWAP=1;BIAS=1,0.00,0.00,28198.47,28198.47,outside the killzone window
641,2023.04.18 21:54:00,2023.04.19 00:24:00,SKIP,XAUUSD,M3,195,FLAT,NA,DAY,0,0.00,0.00,0.00,0.00,1.00,0.00,0.00,0.00,0.00,0.00,0.00,0.00,0.00,0.00,0.00,0.00,0.00,0.00,2005.33,2005.36,2004.33,2005.38,2005.38,2.013,0.51,31.52,40.98,40.99,-0.38,-0.41,0.03,2002.54,2004.16,173,172,42.9,57.1,5,1,CROSS=EMA9<EMA21;TREND=1;STRUCT=1;VOL=1;COOL=1;EMA50=1;VWAP=1;BIAS=1,0.00,0.00,28198.47,28198.47,outside the killzone window
642,2023.04.18 22:21:00,2023.04.19 00:51:00,SKIP,XAUUSD,M3,195,FLAT,NA,DAY,0,0.00,0.00,0.00,0.00,1.00,0.00,0.00,0.00,0.00,0.00,0.00,0.00,0.00,0.00,0.00,0.00,0.00,0.00,2005.38,2005.37,2004.42,2005.35,2005.36,1.765,0.54,37.70,61.04,52.78,0.17,-0.06,0.23,2002.59,2006.01,166,169,85.7,0.0,4,1,CROSS=EMA9<EMA21;TREND=1;STRUCT=1;VOL=1;COOL=1;EMA50=1;VWAP=1;BIAS=1,0.00,0.00,28198.47,28198.47,outside the killzone window
643,2023.04.18 22:51:00,2023.04.19 01:21:00,SKIP,XAUUSD,M3,195,FLAT,NA,DAY,0,0.00,0.00,0.00,0.00,1.00,0.00,0.00,0.00,0.00,0.00,0.00,0.00,0.00,0.00,0.00,0.00,0.00,0.00,2005.37,2005.37,2004.51,2005.39,2005.39,1.838,0.47,29.08,42.72,43.89,-0.02,0.15,-0.18,2002.64,2004.76,146,145,28.6,71.4,6,1,CROSS=EMA9<EMA21;TREND=1;STRUCT=1;VOL=1;COOL=1;EMA50=1;VWAP=1;BIAS=1,0.00,0.00,28198.47,28198.47,outside the killzone window
644,2023.04.19 01:02:00,2023.04.19 03:32:00,DAY_SUMMARY,XAUUSD,M3,195,FLAT,NA,DAY,0,0.00,0.00,0.00,0.00,1.00,0.00,0.00,0.00,0.00,0.00,0.00,0.00,0.00,0.00,0.00,0.00,3.02,387.62,2005.10,2005.20,2004.59,2005.09,2005.20,1.922,0.32,14.93,53.83,51.64,-0.02,-0.03,0.01,2002.67,2005.21,27,44,57.1,14.3,12,1,CROSS=EMA9<EMA21;TREND=1;STRUCT=1;VOL=1;COOL=1;EMA50=1;VWAP=1;BIAS=1,0.00,0.00,28198.47,28198.47,2023.04.18 trades=3 W=1 L=2 gross_profit=686.96 gross_loss=299.34 net=387.62 PF=2.29
645,2023.04.19 02:21:00,2023.04.19 04:51:00,ENTRY,XAUUSD,M3,197,BUY,FULLTGT,DAY,0,2005.57,2004.85,2004.85,0.72,1.00,0.72,2006.29,2007.00,2007.72,2008.43,2009.15,1.96,1.96,1.96,2005.57,0.00,0.00,0.00,2005.25,2005.25,2004.76,2005.24,2005.24,1.359,0.36,16.27,53.49,52.84,0.07,0.10,-0.03,2005.30,2005.46,21,40,57.1,14.3,11,1,CROSS=EMA9>EMA21;TREND=1;STRUCT=1;VOL=1;COOL=1;EMA50=1;VWAP=1;BIAS=1,0.00,0.00,28191.61,28170.05,KZ=ASIA; KZR=Asia L @ 1993.33 197 bars ago (low taken); DAY 12AM-4PM IST session: stop x1.00 of usual; no partials; full size to TP5; SL steps BE->TP1->TP2->TP3
646,2023.04.19 02:53:35,2023.04.19 05:23:35,TP1_REACHED,XAUUSD,M3,197,BUY,FULLTGT,DAY,0,2005.57,2004.85,2004.85,0.72,1.00,0.72,2006.29,2007.00,2007.72,2008.43,2009.15,1.96,0.00,1.96,2006.29,1.00,1.00,0.00,2005.28,2005.27,2004.82,2005.28,2005.27,1.535,0.29,15.80,50.31,46.74,0.01,0.04,-0.03,2005.31,2005.34,58,37,57.1,28.6,4,1,CROSS=EMA9>EMA21;TREND=1;STRUCT=1;VOL=1;COOL=1;EMA50=1;VWAP=1;BIAS=1,0.94,-0.94,28191.61,28332.73,full target: no partial booked
647,2023.04.19 03:38:14,2023.04.19 06:08:14,EXIT_SL,XAUUSD,M3,197,BUY,FULLTGT,DAY,0,2005.57,2004.85,2004.85,0.72,1.00,0.72,2006.29,2007.00,2007.72,2008.43,2009.15,1.96,1.96,0.00,2004.85,0.00,-1.01,-154.84,2005.59,2005.46,2004.98,2005.61,2005.46,0.684,0.69,27.67,42.55,44.21,0.03,0.21,-0.18,2005.66,2005.22,90,96,14.3,71.4,5,1,CROSS=EMA9>EMA21;TREND=1;STRUCT=1;VOL=1;COOL=1;EMA50=1;VWAP=1;BIAS=1,1.73,-0.96,28043.63,28043.63,stopped at the initial SL (x1.00 of usual)
648,2023.04.19 04:42:00,2023.04.19 07:12:00,ENTRY,XAUUSD,M3,199,SELL,FULLTGT,DAY,0,2003.43,2005.52,2005.52,2.09,1.00,2.09,2001.34,1999.26,1997.17,1995.09,1993.00,0.67,0.67,0.67,2003.43,0.00,0.00,0.00,2005.39,2005.42,2005.07,2005.47,2005.46,0.338,1.04,39.64,34.76,37.15,-0.53,-0.29,-0.24,2005.43,2003.43,228,181,0.0,100.0,5,1,CROSS=EMA9<EMA21;TREND=1;STRUCT=1;VOL=1;COOL=1;EMA50=1;VWAP=1;BIAS=1,0.00,0.00,28041.28,28037.93,KZ=ASIA; KZR=Asia L @ 1993.33 244 bars ago (low taken); DAY 12AM-4PM IST session: stop x1.00 of usual; no partials; full size to TP5; SL steps BE->TP1->TP2->TP3
649,2023.04.19 05:32:30,2023.04.19 08:02:30,EXIT_SL,XAUUSD,M3,199,SELL,FULLTGT,DAY,0,2003.43,2005.52,2005.52,2.09,1.00,2.09,2001.34,1999.26,1997.17,1995.09,1993.00,0.67,0.67,0.00,2005.57,0.00,-1.03,-148.08,2004.68,2004.99,2004.89,2004.68,2005.00,0.137,0.78,26.31,53.70,51.54,-0.16,-0.44,0.28,2004.97,2004.71,145,173,57.1,28.6,9,1,CROSS=EMA9<EMA21;TREND=1;STRUCT=1;VOL=1;COOL=1;EMA50=1;VWAP=1;BIAS=1,0.69,-0.99,27895.55,27895.55,stopped at the initial SL (x1.00 of usual)
650,2023.04.19 16:48:00,2023.04.19 19:18:00,ENTRY,XAUUSD,M3,201,BUY,FULLTGT,EVENING,0,1991.52,1986.79,1986.79,4.73,1.00,4.73,1996.25,2000.98,2005.71,2010.44,2015.17,0.29,0.29,0.29,1991.52,0.00,0.00,0.00,1980.17,1980.15,1984.82,1979.70,1979.92,-1.972,2.37,53.05,76.87,80.37,3.41,2.70,0.72,1988.54,1991.50,473,397,100.0,0.0,2,1,CROSS=EMA9>EMA21;TREND=1;STRUCT=1;VOL=1;COOL=1;EMA50=1;VWAP=1;BIAS=1,0.00,0.00,27894.53,27893.95,KZ=NY; KZR=NY L @ 1991.32 150 bars ago (low taken); EVENING 4PM-12AM IST session: stop x1.00 of usual; no partials; full size to TP5; SL steps BE->TP1->TP2->TP3
651,2023.04.19 19:53:35,2023.04.19 22:23:35,TP1_REACHED,XAUUSD,M3,201,BUY,FULLTGT,EVENING,0,1991.52,1986.79,1986.79,4.73,1.00,4.73,1996.25,2000.98,2005.71,2010.44,2015.17,0.29,0.00,0.29,1996.25,1.00,1.00,0.00,1992.16,1989.30,1988.58,1992.01,1989.17,0.869,0.83,45.36,67.96,64.38,0.96,0.55,0.41,1989.54,1995.93,258,210,85.7,14.3,3,1,CROSS=EMA9>EMA21;TREND=1;STRUCT=1;VOL=1;COOL=1;EMA50=1;VWAP=1;BIAS=1,0.99,-0.56,27894.53,28031.70,full target: no partial booked
652,2023.04.20 01:02:00,2023.04.20 03:32:00,DAY_SUMMARY,XAUUSD,M3,201,BUY,FULLTGT,DAY,0,1991.52,1986.79,1986.79,4.73,1.00,4.73,1996.25,2000.98,2005.71,2010.44,2015.17,0.29,0.00,0.00,0.00,0.00,-2.03,-302.92,1994.80,1993.90,1992.21,1994.81,1993.88,4.579,0.37,18.75,47.82,47.78,-0.04,-0.11,0.07,1990.33,1994.67,25,60,42.9,28.6,9,1,CROSS=EMA9>EMA21;TREND=1;STRUCT=1;VOL=1;COOL=1;EMA50=1;VWAP=1;BIAS=1,1.13,-0.56,27894.53,27927.12,2023.04.19 trades=2 W=0 L=2 gross_profit=0.00 gross_loss=302.92 net=-302.92 PF=0.00
653,2023.04.20 05:57:00,2023.04.20 08:27:00,FLIP,XAUUSD,M3,201,BUY,FULLTGT,DAY,0,1991.52,1986.79,1986.79,4.73,1.00,4.73,1996.25,2000.98,2005.71,2010.44,2015.17,0.29,0.00,0.00,1992.28,0.00,0.16,0.00,1994.53,1994.57,1993.79,1994.62,1994.62,0.794,0.98,51.53,37.10,41.15,-0.62,-0.52,-0.11,1994.84,1992.28,198,179,0.0,100.0,12,1,CROSS=EMA9<EMA21;TREND=1;STRUCT=1;VOL=1;COOL=1;EMA50=1;VWAP=1;BIAS=1,1.54,-0.56,27894.53,27861.58,opposite signal before SL/target | BUY -> SELL | closing trade 201
654,2023.04.20 05:57:00,2023.04.20 08:27:00,EXIT_FLIP,XAUUSD,M3,201,BUY,FULLTGT,DAY,0,1991.52,1986.79,1986.79,4.73,1.00,4.73,1996.25,2000.98,2005.71,2010.44,2015.17,0.29,0.29,0.00,1992.28,0.00,0.16,0.00,1994.53,1994.57,1993.79,1994.62,1994.62,0.794,0.98,51.53,37.10,41.15,-0.62,-0.52,-0.11,1994.84,1992.28,198,179,0.0,100.0,12,1,CROSS=EMA9<EMA21;TREND=1;STRUCT=1;VOL=1;COOL=1;EMA50=1;VWAP=1;BIAS=1,1.54,-0.56,27861.74,27860.60,FLIP exit
655,2023.04.20 05:57:00,2023.04.20 08:27:00,EXIT_OTHER,XAUUSD,M3,201,BUY,FULLTGT,DAY,0,1991.52,1986.79,1986.79,4.73,1.00,4.73,1996.25,2000.98,2005.71,2010.44,2015.17,0.29,0.28,0.00,1992.28,0.00,0.16,-33.81,1994.53,1994.57,1993.79,1994.62,1994.62,0.794,0.98,51.53,37.10,41.15,-0.62,-0.52,-0.11,1994.84,1992.28,198,179,0.0,100.0,12,1,CROSS=EMA9<EMA21;TREND=1;STRUCT=1;VOL=1;COOL=1;EMA50=1;VWAP=1;BIAS=1,1.54,-0.56,27861.74,27860.60,FLIP exit
656,2023.04.20 05:57:00,2023.04.20 08:27:00,ENTRY,XAUUSD,M3,201,SELL,FULLTGT,DAY,201,1991.52,1994.25,1994.25,1.97,1.00,1.97,1989.55,1987.58,1985.61,1983.65,1981.68,0.01,0.01,0.01,1991.52,0.00,0.00,0.00,1994.53,1994.57,1993.79,1994.62,1994.62,0.794,0.98,51.53,37.10,41.15,-0.62,-0.52,-0.11,1994.84,1992.28,198,179,0.0,100.0,12,1,CROSS=EMA9<EMA21;TREND=1;STRUCT=1;VOL=1;COOL=1;EMA50=1;VWAP=1;BIAS=1,0.00,0.00,27859.29,27849.75,KZ=ASIA; KZR=NY L @ 1991.32 413 bars ago (low taken); DAY 12AM-4PM IST session: stop x1.00 of usual; no partials; full size to TP5; SL steps BE->TP1->TP2->TP3; flipped from trade 201
657,2023.04.20 09:12:00,2023.04.20 11:42:00,SKIP,XAUUSD,M3,201,SELL,FULLTGT,DAY,201,1991.52,1994.25,1994.25,1.97,1.00,1.97,1989.55,1987.58,1985.61,1983.65,1981.68,0.01,0.00,0.00,0.00,0.00,0.00,0.00,1993.58,1993.58,1993.44,1993.46,1993.52,0.129,1.07,51.39,69.61,71.67,0.93,0.48,0.45,1994.13,1996.60,185,151,85.7,14.3,1,1,CROSS=EMA9<EMA21;TREND=1;STRUCT=1;VOL=1;COOL=1;EMA50=1;VWAP=1;BIAS=1,0.52,-2.98,27718.94,27722.12,outside the killzone window
658,2023.04.20 23:03:00,2023.04.21 01:33:00,SKIP,XAUUSD,M3,201,SELL,FULLTGT,DAY,201,1991.52,1994.25,1994.25,1.97,1.00,1.97,1989.55,1987.58,1985.61,1983.65,1981.68,0.01,0.00,0.00,0.00,0.00,0.00,0.00,2004.77,2004.77,2003.55,2004.80,2004.79,1.728,0.71,33.16,46.95,39.11,-0.52,-0.43,-0.09,2000.59,2004.02,151,134,28.6,71.4,6,1,CROSS=EMA9<EMA21;TREND=1;STRUCT=1;VOL=1;COOL=1;EMA50=1;VWAP=1;BIAS=1,0.52,-10.59,27718.94,27729.56,outside the killzone window
659,2023.04.20 23:15:00,2023.04.21 01:45:00,SKIP,XAUUSD,M3,201,SELL,FULLTGT,DAY,201,1991.52,1994.25,1994.25,1.97,1.00,1.97,1989.55,1987.58,1985.61,1983.65,1981.68,0.01,0.00,0.00,0.00,0.00,0.00,0.00,2004.78,2004.78,2003.60,2004.74,2004.76,1.713,0.69,27.78,59.80,55.58,-0.13,-0.42,0.30,2000.61,2005.66,118,131,85.7,0.0,1,1,CROSS=EMA9<EMA21;TREND=1;STRUCT=1;VOL=1;COOL=1;EMA50=1;VWAP=1;BIAS=1,0.52,-10.59,27718.94,27731.13,outside the killzone window
660,2023.04.21 01:02:00,2023.04.21 03:32:00,DAY_SUMMARY,XAUUSD,M3,201,SELL,FULLTGT,DAY,201,1991.52,1994.25,1994.25,1.97,1.00,1.97,1989.55,1987.58,1985.61,1983.65,1981.68,0.01,0.00,0.00,0.00,0.00,0.16,-33.81,2004.85,2004.83,2003.79,2004.86,2004.83,3.311,0.31,34.34,49.02,48.93,0.01,0.07,-0.06,2000.65,2004.70,23,64,28.6,57.1,12,1,CROSS=EMA9<EMA21;TREND=1;STRUCT=1;VOL=1;COOL=1;EMA50=1;VWAP=1;BIAS=1,0.52,-10.59,27718.94,27729.09,2023.04.20 trades=1 W=0 L=1 gross_profit=0.00 gross_loss=33.81 net=-33.81 PF=0.00
661,2023.04.21 01:09:00,2023.04.21 03:39:00,SKIP,XAUUSD,M3,201,SELL,FULLTGT,DAY,201,1991.52,1994.25,1994.25,1.97,1.00,1.97,1989.55,1987.58,1985.61,1983.65,1981.68,0.01,0.00,0.00,0.00,0.00,0.00,0.00,2004.77,2004.78,2003.80,2004.80,2004.80,2.705,0.36,41.50,39.93,44.42,-0.12,-0.00,-0.12,2004.01,2004.00,55,54,0.0,100.0,12,1,CROSS=EMA9<EMA21;TREND=1;STRUCT=1;VOL=1;COOL=1;EMA50=1;VWAP=1;BIAS=1,0.52,-10.59,27718.94,27728.89,already positioned that way
662,2023.04.21 09:29:37,2023.04.21 11:59:37,TP1_REACHED,XAUUSD,M3,201,SELL,FULLTGT,DAY,201,1991.52,1994.25,1994.25,1.97,1.00,1.97,1989.55,1987.58,1985.61,1983.65,1981.68,0.01,0.00,0.01,1989.55,1.00,1.00,0.00,1998.23,1999.96,2001.40,1998.38,2000.07,-1.339,1.08,34.22,33.53,36.49,-0.99,-1.13,0.13,2001.50,1994.38,158,191,14.3,71.4,7,1,CROSS=EMA9<EMA21;TREND=1;STRUCT=1;VOL=1;COOL=1;EMA50=1;VWAP=1;BIAS=1,0.99,-10.59,27718.94,27714.37,full target: no partial booked
663,2023.04.21 09:30:39,2023.04.21 12:00:39,TP2_REACHED,XAUUSD,M3,201,SELL,FULLTGT,DAY,201,1991.52,1994.25,1994.25,1.97,1.00,1.97,1989.55,1987.58,1985.61,1983.65,1981.68,0.01,0.00,0.01,1987.58,2.00,2.00,0.00,1997.89,1999.75,2001.28,1998.23,1999.96,-1.116,1.37,37.10,20.45,22.46,-1.42,-1.11,-0.31,2001.33,1989.57,331,204,0.0,100.0,2,1,CROSS=EMA9<EMA21;TREND=1;STRUCT=1;VOL=1;COOL=1;EMA50=1;VWAP=1;BIAS=1,1.98,-10.59,27718.94,27712.44,full target: no partial booked
664,2023.04.21 09:31:28,2023.04.21 12:01:28,EXIT_SL,XAUUSD,M3,201,SELL,FULLTGT,DAY,201,1991.52,1994.25,1994.25,1.97,1.00,1.97,1989.55,1987.58,1985.61,1983.65,1981.68,0.01,0.29,0.00,1986.75,0.00,2.42,-41.15,1997.89,1999.75,2001.28,1998.23,1999.96,-1.116,1.37,37.10,20.45,22.46,-1.42,-1.11,-0.31,2001.33,1989.57,331,204,0.0,100.0,4,1,CROSS=EMA9<EMA21;TREND=1;STRUCT=1;VOL=1;COOL=1;EMA50=1;VWAP=1;BIAS=1,2.36,-10.59,27711.60,27711.60,stopped at the initial SL (x1.00 of usual)
665,2023.04.21 16:33:00,2023.04.21 19:03:00,ENTRY,XAUUSD,M3,206,BUY,FULLTGT,EVENING,0,1993.55,1989.85,1989.85,3.70,1.00,3.70,1997.25,2000.94,2004.64,2008.33,2012.03,0.37,0.37,0.37,1993.55,0.00,0.00,0.00,1988.75,1988.73,1990.96,1988.55,1988.64,-1.205,1.85,22.74,64.41,56.89,1.20,1.03,0.17,1992.49,1993.56,496,340,85.7,0.0,1,1,CROSS=EMA9>EMA21;TREND=1;STRUCT=1;VOL=1;COOL=1;EMA50=1;VWAP=1;BIAS=1,0.00,0.00,27710.30,27709.93,KZ=NY; KZR=Asia L @ 1990.50 141 bars ago (low taken); EVENING 4PM-12AM IST session: stop x1.00 of usual; no partials; full size to TP5; SL steps BE->TP1->TP2->TP3
666,2023.04.21 16:39:37,2023.04.21 19:09:37,TP1_REACHED,XAUUSD,M3,206,BUY,FULLTGT,EVENING,0,1993.55,1989.85,1989.85,3.70,1.00,3.70,1997.25,2000.94,2004.64,2008.33,2012.03,0.37,0.00,0.37,1997.25,1.00,1.00,0.00,1989.19,1988.96,1991.03,1988.94,1988.83,-1.115,1.86,26.07,68.45,62.71,1.55,1.18,0.37,1992.52,1995.21,431,351,100.0,0.0,1,1,CROSS=EMA9>EMA21;TREND=1;STRUCT=1;VOL=1;COOL=1;EMA50=1;VWAP=1;BIAS=1,0.99,-0.33,27710.30,27847.94,full target: no partial booked
667,2023.04.21 16:45:16,2023.04.21 19:15:16,EXIT_SL,XAUUSD,M3,206,BUY,FULLTGT,EVENING,0,1993.55,1989.85,1989.85,3.70,1.00,3.70,1997.25,2000.94,2004.64,2008.33,2012.03,0.37,0.37,0.00,1989.83,0.00,-1.01,-140.24,1989.70,1989.23,1991.13,1989.48,1989.11,-1.031,1.84,33.59,64.92,64.76,1.89,1.36,0.52,1992.57,1995.21,398,366,85.7,14.3,4,1,CROSS=EMA9>EMA21;TREND=1;STRUCT=1;VOL=1;COOL=1;EMA50=1;VWAP=1;BIAS=1,1.17,-0.99,27571.36,27571.36,stopped at the initial SL (x1.00 of usual)
668,2023.04.21 16:54:00,2023.04.21 19:24:00,ENTRY,XAUUSD,M3,208,SELL,FULLTGT,EVENING,0,1975.30,1981.85,1981.85,6.55,1.00,6.55,1968.75,1962.20,1955.65,1949.10,1942.55,0.21,0.21,0.21,1975.30,0.00,0.00,0.00,1988.67,1988.73,1990.82,1989.22,1989.00,-0.637,3.28,27.01,25.84,34.73,-1.02,1.04,-2.06,1992.23,1975.29,619,412,0.0,100.0,2,1,CROSS=EMA9<EMA21;TREND=1;STRUCT=1;VOL=1;COOL=1;EMA50=1;VWAP=1;BIAS=1,0.00,0.00,27570.62,27570.20,KZ=NY; KZR=Asia L @ 1990.50 148 bars ago (low taken); EVENING 4PM-12AM IST session: stop x1.00 of usual; no partials; full size to TP5; SL steps BE->TP1->TP2->TP3
669,2023.04.21 17:18:27,2023.04.21 19:48:27,EXIT_SL,XAUUSD,M3,208,SELL,FULLTGT,EVENING,0,1975.30,1981.85,1981.85,6.55,1.00,6.55,1968.75,1962.20,1955.65,1949.10,1942.55,0.21,0.21,0.00,1981.85,0.00,-1.00,-139.03,1985.23,1986.85,1989.68,1985.40,1986.97,-0.649,4.35,20.27,45.93,39.49,-3.46,-3.13,-0.32,1991.08,1981.29,492,483,14.3,71.4,3,1,CROSS=EMA9<EMA21;TREND=1;STRUCT=1;VOL=1;COOL=1;EMA50=1;VWAP=1;BIAS=1,0.56,-0.99,27432.33,27432.33,stopped at the initial SL (x1.00 of usual)
670,2023.04.21 22:54:00,2023.04.22 01:24:00,SKIP,XAUUSD,M3,208,FLAT,NA,DAY,0,0.00,0.00,0.00,0.00,1.00,0.00,0.00,0.00,0.00,0.00,0.00,0.00,0.00,0.00,0.00,0.00,0.00,0.00,1980.62,1980.60,1982.78,1980.54,1980.56,-3.992,0.55,40.19,66.81,63.02,0.73,0.67,0.05,1987.45,1982.68,135,144,71.4,14.3,7,1,CROSS=EMA9<EMA21;TREND=1;STRUCT=1;VOL=1;COOL=1;EMA50=1;VWAP=1;BIAS=1,0.00,0.00,27432.33,27432.33,outside the killzone window
671,2023.04.24 01:02:00,2023.04.24 03:32:00,DAY_SUMMARY,XAUUSD,M3,208,FLAT,NA,DAY,0,0.00,0.00,0.00,0.00,1.00,0.00,0.00,0.00,0.00,0.00,0.00,0.00,0.00,0.00,0.00,0.00,0.42,-320.42,1981.80,1981.31,1982.76,1981.76,1981.28,-2.384,0.61,17.53,56.36,57.41,0.28,0.35,-0.07,1987.37,1982.84,110,65,57.1,28.6,12,1,CROSS=EMA9<EMA21;TREND=1;STRUCT=1;VOL=1;COOL=1;EMA50=1;VWAP=1;BIAS=1,0.00,0.00,27432.33,27432.33,2023.04.21 trades=3 W=0 L=3 gross_profit=0.00 gross_loss=320.42 net=-320.42 PF=0.00
672,2023.04.24 01:02:00,2023.04.24 03:32:00,WEEK_SUMMARY,XAUUSD,M3,208,FLAT,NA,DAY,0,0.00,0.00,0.00,0.00,1.00,0.00,0.00,0.00,0.00,0.00,0.00,0.00,0.00,0.00,0.00,0.00,1.57,-269.53,1981.80,1981.31,1982.76,1981.76,1981.28,-2.384,0.61,17.53,56.36,57.41,0.28,0.35,-0.07,1987.37,1982.84,110,65,57.1,28.6,12,1,CROSS=EMA9<EMA21;TREND=1;STRUCT=1;VOL=1;COOL=1;EMA50=1;VWAP=1;BIAS=1,0.00,0.00,27432.33,27432.33,days=4 trades=9 W=1 L=8 gross_profit=686.96 gross_loss=956.49 net=-269.53 PF=0.72 pips=-507.0
673,2023.04.24 05:06:00,2023.04.24 07:36:00,SKIP,XAUUSD,M3,208,FLAT,NA,DAY,0,0.00,0.00,0.00,0.00,1.00,0.00,0.00,0.00,0.00,0.00,0.00,0.00,0.00,0.00,0.00,0.00,0.00,0.00,1982.69,1982.70,1982.99,1982.76,1982.74,-0.265,1.09,41.68,38.85,38.35,-0.82,-0.44,-0.38,1982.98,1980.78,205,186,14.3,85.7,5,1,CROSS=EMA9<EMA21;TREND=1;STRUCT=1;VOL=1;COOL=1;EMA50=1;VWAP=1;BIAS=1,0.00,0.00,27432.33,27432.33,already positioned that way
674,2023.04.24 10:54:00,2023.04.24 13:24:00,SKIP,XAUUSD,M3,208,FLAT,NA,DAY,0,0.00,0.00,0.00,0.00,1.00,0.00,0.00,0.00,0.00,0.00,0.00,0.00,0.00,0.00,0.00,0.00,0.00,0.00,1980.38,1980.36,1980.98,1980.27,1980.31,-0.590,1.06,26.32,67.35,60.66,0.77,0.62,0.15,1981.04,1982.94,199,217,85.7,0.0,4,1,CROSS=EMA9<EMA21;TREND=1;STRUCT=1;VOL=1;COOL=1;EMA50=1;VWAP=1;BIAS=1,0.00,0.00,27432.33,27432.33,outside the killzone window
675,2023.04.24 16:36:00,2023.04.24 19:06:00,SKIP,XAUUSD,M3,208,FLAT,NA,EVENING,0,0.00,0.00,0.00,0.00,1.00,0.00,0.00,0.00,0.00,0.00,0.00,0.00,0.00,0.00,0.00,0.00,0.00,0.00,1983.02,1983.09,1982.73,1983.20,1983.18,0.269,1.32,37.03,26.63,37.03,-0.83,-0.28,-0.55,1982.16,1978.55,374,284,0.0,100.0,1,1,CROSS=EMA9<EMA21;TREND=1;STRUCT=1;VOL=1;COOL=1;EMA50=1;VWAP=1;BIAS=1,0.00,0.00,27432.33,27432.33,already positioned that way
676,2023.04.24 18:24:00,2023.04.24 20:54:00,SKIP,XAUUSD,M3,208,FLAT,NA,EVENING,0,0.00,0.00,0.00,0.00,1.00,0.00,0.00,0.00,0.00,0.00,0.00,0.00,0.00,0.00,0.00,0.00,0.00,0.00,1982.34,1982.33,1982.31,1982.29,1982.31,0.014,1.57,20.97,53.17,52.99,0.76,1.02,-0.26,1981.87,1983.43,312,330,57.1,14.3,1,1,CROSS=EMA9<EMA21;TREND=1;STRUCT=1;VOL=1;COOL=1;EMA50=1;VWAP=1;BIAS=1,0.00,0.00,27432.33,27432.33,outside the killzone window
677,2023.04.24 18:27:00,2023.04.24 20:57:00,SKIP,XAUUSD,M3,208,FLAT,NA,EVENING,0,0.00,0.00,0.00,0.00,1.00,0.00,0.00,0.00,0.00,0.00,0.00,0.00,0.00,0.00,0.00,0.00,0.00,0.00,1982.32,1982.33,1982.31,1982.34,1982.33,0.013,1.49,22.09,46.71,53.36,0.58,0.95,-0.36,1981.87,1982.04,324,333,28.6,42.9,1,1,CROSS=EMA9<EMA21;TREND=1;STRUCT=1;VOL=1;COOL=1;EMA50=1;VWAP=1;BIAS=1,0.00,0.00,27432.33,27432.33,outside the killzone window
678,2023.04.24 18:36:00,2023.04.24 21:06:00,SKIP,XAUUSD,M3,208,FLAT,NA,EVENING,0,0.00,0.00,0.00,0.00,1.00,0.00,0.00,0.00,0.00,0.00,0.00,0.00,0.00,0.00,0.00,0.00,0.00,0.00,1982.34,1982.33,1982.31,1982.30,1982.32,0.015,1.43,25.71,52.59,53.82,0.31,0.68,-0.38,1981.88,1983.25,209,328,71.4,14.3,3,1,CROSS=EMA9<EMA21;TREND=1;STRUCT=1;VOL=1;COOL=1;EMA50=1;VWAP=1;BIAS=1,0.00,0.00,27432.33,27432.33,outside the killzone window
679,2023.04.25 07:27:00,2023.04.25 09:57:00,SKIP,XAUUSD,M3,208,FLAT,NA,DAY,0,0.00,0.00,0.00,0.00,1.00,0.00,0.00,0.00,0.00,0.00,0.00,0.00,0.00,0.00,0.00,0.00,0.00,0.00,1994.54,1994.54,1992.75,1994.64,1994.59,2.407,0.75,42.95,33.68,34.63,-0.87,-0.80,-0.07,1996.06,1992.05,88,101,0.0,85.7,12,1,CROSS=EMA9<EMA21;TREND=1;STRUCT=1;VOL=1;COOL=1;EMA50=1;VWAP=1;BIAS=1,0.00,0.00,27432.33,27432.33,outside the killzone window
680,2023.04.25 09:27:00,2023.04.25 11:57:00,SKIP,XAUUSD,M3,208,FLAT,NA,DAY,0,0.00,0.00,0.00,0.00,1.00,0.00,0.00,0.00,0.00,0.00,0.00,0.00,0.00,0.00,0.00,0.00,0.00,0.00,1994.01,1994.00,1992.96,1993.94,1993.97,0.971,1.07,31.06,60.65,58.60,0.70,0.75,-0.05,1995.48,1995.73,192,161,85.7,14.3,9,1,CROSS=EMA9<EMA21;TREND=1;STRUCT=1;VOL=1;COOL=1;EMA50=1;VWAP=1;BIAS=1,0.00,0.00,27432.33,27432.33,outside the killzone window
681,2023.04.25 10:51:00,2023.04.25 13:21:00,SKIP,XAUUSD,M3,208,FLAT,NA,DAY,0,0.00,0.00,0.00,0.00,1.00,0.00,0.00,0.00,0.00,0.00,0.00,0.00,0.00,0.00,0.00,0.00,0.00,0.00,1993.99,1994.05,1993.26,1994.14,1994.13,0.520,1.52,26.18,33.99,38.24,-0.88,0.00,-0.88,1995.14,1990.35,278,257,14.3,85.7,9,1,CROSS=EMA9<EMA21;TREND=1;STRUCT=1;VOL=1;COOL=1;EMA50=1;VWAP=1;BIAS=1,0.00,0.00,27432.33,27432.33,outside the killzone window
682,2023.04.25 18:33:00,2023.04.25 21:03:00,SKIP,XAUUSD,M3,208,FLAT,NA,EVENING,0,0.00,0.00,0.00,0.00,1.00,0.00,0.00,0.00,0.00,0.00,0.00,0.00,0.00,0.00,0.00,0.00,0.00,0.00,1986.80,1986.79,1987.81,1986.72,1986.75,-0.826,1.23,31.91,61.11,58.26,0.40,0.06,0.34,1989.74,1988.76,299,297,85.7,14.3,6,1,CROSS=EMA9<EMA21;TREND=1;STRUCT=1;VOL=1;COOL=1;EMA50=1;VWAP=1;BIAS=1,0.00,0.00,27432.33,27432.33,outside the killzone window
683,2023.04.26 06:24:00,2023.04.26 08:54:00,SKIP,XAUUSD,M3,208,FLAT,NA,DAY,0,0.00,0.00,0.00,0.00,1.00,0.00,0.00,0.00,0.00,0.00,0.00,0.00,0.00,0.00,0.00,0.00,0.00,0.00,1997.94,1997.95,1996.66,1998.03,1998.00,1.875,0.69,24.64,31.39,38.19,-0.48,-0.17,-0.31,1998.48,1995.75,208,159,0.0,85.7,4,1,CROSS=EMA9<EMA21;TREND=1;STRUCT=1;VOL=1;COOL=1;EMA50=1;VWAP=1;BIAS=1,0.00,0.00,27432.33,27432.33,already positioned that way
684,2023.04.26 09:51:00,2023.04.26 12:21:00,SKIP,XAUUSD,M3,208,FLAT,NA,DAY,0,0.00,0.00,0.00,0.00,1.00,0.00,0.00,0.00,0.00,0.00,0.00,0.00,0.00,0.00,0.00,0.00,0.00,0.00,1996.69,1996.68,1996.36,1996.64,1996.65,0.327,0.98,34.81,57.23,62.67,0.63,0.46,0.17,1997.66,1997.93,125,163,85.7,0.0,5,1,CROSS=EMA9<EMA21;TREND=1;STRUCT=1;VOL=1;COOL=1;EMA50=1;VWAP=1;BIAS=1,0.00,0.00,27432.33,27432.33,outside the killzone window
685,2023.04.26 15:12:00,2023.04.26 17:42:00,SKIP,XAUUSD,M3,208,FLAT,NA,EVENING,0,0.00,0.00,0.00,0.00,1.00,0.00,0.00,0.00,0.00,0.00,0.00,0.00,0.00,0.00,0.00,0.00,0.00,0.00,1997.90,1997.92,1997.49,1997.97,1997.96,0.205,2.10,22.82,43.29,42.41,-0.96,-0.92,-0.03,1997.67,1996.14,371,318,14.3,71.4,2,1,CROSS=EMA9<EMA21;TREND=1;STRUCT=1;VOL=1;COOL=1;EMA50=1;VWAP=1;BIAS=1,0.00,0.00,27432.33,27432.33,already positioned that way
686,2023.04.26 16:12:00,2023.04.26 18:42:00,ENTRY,XAUUSD,M3,210,BUY,FULLTGT,EVENING,0,2000.39,1996.63,1996.63,3.76,1.00,3.76,2004.15,2007.91,2011.67,2015.42,2019.18,0.36,0.36,0.36,2000.39,0.00,0.00,0.00,1997.91,1997.88,1997.54,1997.80,1997.83,0.183,1.88,23.27,64.67,55.82,0.61,0.13,0.49,1997.67,2000.39,386,363,85.7,0.0,2,1,CROSS=EMA9>EMA21;TREND=1;STRUCT=1;VOL=1;COOL=1;EMA50=1;VWAP=1;BIAS=1,0.00,0.00,27431.07,27430.35,KZ=NY; KZR=Asia L @ 1978.48 1130 bars ago (low taken); EVENING 4PM-12AM IST session: stop x1.00 of usual; no partials; full size to TP5; SL steps BE->TP1->TP2->TP3
687,2023.04.26 16:22:35,2023.04.26 18:52:35,TP1_REACHED,XAUUSD,M3,210,BUY,FULLTGT,EVENING,0,2000.39,1996.63,1996.63,3.76,1.00,3.76,2004.15,2007.91,2011.67,2015.42,2019.18,0.36,0.00,0.36,2004.15,1.00,1.00,0.00,1998.13,1997.99,1997.60,1998.06,1997.96,0.278,1.40,21.92,58.41,60.24,0.72,0.38,0.34,1997.71,1999.66,342,370,71.4,0.0,3,1,CROSS=EMA9>EMA21;TREND=1;STRUCT=1;VOL=1;COOL=1;EMA50=1;VWAP=1;BIAS=1,1.00,-0.32,27431.07,27567.87,full target: no partial booked
688,2023.04.26 16:27:36,2023.04.26 18:57:36,TP2_REACHED,XAUUSD,M3,210,BUY,FULLTGT,EVENING,0,2000.39,1996.63,1996.63,3.76,1.00,3.76,2004.15,2007.91,2011.67,2015.42,2019.18,0.36,0.00,0.36,2007.91,2.00,2.00,0.00,1998.77,1998.33,1997.78,1998.41,1998.14,0.297,1.84,29.92,79.45,75.36,1.68,0.72,0.96,1997.86,2007.56,579,388,100.0,0.0,3,1,CROSS=EMA9>EMA21;TREND=1;STRUCT=1;VOL=1;COOL=1;EMA50=1;VWAP=1;BIAS=1,2.00,-0.32,27431.07,27702.51,full target: no partial booked
689,2023.04.26 18:09:39,2023.04.26 20:39:39,EXIT_SL,XAUUSD,M3,210,BUY,FULLTGT,EVENING,0,2000.39,1996.63,1996.63,3.76,1.00,3.76,2004.15,2007.91,2011.67,2015.42,2019.18,0.36,0.36,0.00,1996.63,0.00,-1.00,-137.88,2000.36,1999.79,1998.85,2000.49,1999.84,0.559,1.68,22.66,37.16,46.81,-0.89,-0.54,-0.35,1998.71,1997.16,371,397,14.3,57.1,2,1,CROSS=EMA9>EMA21;TREND=1;STRUCT=1;VOL=1;COOL=1;EMA50=1;VWAP=1;BIAS=1,2.38,-1.00,27294.45,27294.45,stopped at the initial SL (x1.00 of usual)
690,2023.04.26 18:30:00,2023.04.26 21:00:00,SKIP,XAUUSD,M3,210,FLAT,NA,EVENING,0,0.00,0.00,0.00,0.00,1.00,0.00,0.00,0.00,0.00,0.00,0.00,0.00,0.00,0.00,0.00,0.00,0.00,0.00,1999.22,1999.25,1998.63,1999.37,1999.33,0.380,1.62,36.12,36.66,38.48,-1.52,-1.27,-0.24,1998.60,1995.34,317,384,0.0,85.7,3,1,CROSS=EMA9>EMA21;TREND=1;STRUCT=1;VOL=1;COOL=1;EMA50=1;VWAP=1;BIAS=1,0.00,0.00,27294.45,27294.45,outside the killzone window
691,2023.04.27 01:02:00,2023.04.27 03:32:00,DAY_SUMMARY,XAUUSD,M3,210,FLAT,NA,DAY,0,0.00,0.00,0.00,0.00,1.00,0.00,0.00,0.00,0.00,0.00,0.00,0.00,0.00,0.00,0.00,0.00,-1.00,-137.88,1988.79,1989.70,1991.87,1988.77,1989.71,-4.818,0.45,33.07,55.33,53.03,0.12,0.11,0.01,1995.94,1989.29,51,67,57.1,28.6,16,1,CROSS=EMA9>EMA21;TREND=1;STRUCT=1;VOL=1;COOL=1;EMA50=1;VWAP=1;BIAS=1,0.00,0.00,27294.45,27294.45,2023.04.26 trades=1 W=0 L=1 gross_profit=0.00 gross_loss=137.88 net=-137.88 PF=0.00
692,2023.04.27 02:36:00,2023.04.27 05:06:00,SKIP,XAUUSD,M3,210,FLAT,NA,DAY,0,0.00,0.00,0.00,0.00,1.00,0.00,0.00,0.00,0.00,0.00,0.00,0.00,0.00,0.00,0.00,0.00,0.00,0.00,1990.12,1990.09,1991.49,1990.06,1990.06,-3.365,0.42,41.56,66.29,64.25,0.50,0.47,0.03,1990.32,1991.56,36,64,85.7,0.0,2,1,CROSS=EMA9>EMA21;TREND=1;STRUCT=1;VOL=1;COOL=1;EMA50=1;VWAP=1;BIAS=1,0.00,0.00,27294.45,27294.45,already positioned that way
693,2023.04.27 12:54:00,2023.04.27 15:24:00,SKIP,XAUUSD,M3,210,FLAT,NA,DAY,0,0.00,0.00,0.00,0.00,1.00,0.00,0.00,0.00,0.00,0.00,0.00,0.00,0.00,0.00,0.00,0.00,0.00,0.00,1998.86,1998.87,1997.70,1998.89,1998.89,1.268,0.92,12.17,46.28,42.17,-0.25,-0.28,0.03,1997.31,1998.06,122,153,28.6,42.9,3,1,CROSS=EMA9>EMA21;TREND=1;STRUCT=1;VOL=1;COOL=1;EMA50=1;VWAP=1;BIAS=1,0.00,0.00,27294.45,27294.45,outside the killzone window
694,2023.04.27 13:30:00,2023.04.27 16:00:00,SKIP,XAUUSD,M3,210,FLAT,NA,EVENING,0,0.00,0.00,0.00,0.00,1.00,0.00,0.00,0.00,0.00,0.00,0.00,0.00,0.00,0.00,0.00,0.00,0.00,0.00,1998.86,1998.85,1997.82,1998.79,1998.82,1.131,0.92,34.79,64.60,60.58,0.41,-0.03,0.44,1997.38,2000.48,204,160,100.0,0.0,9,1,CROSS=EMA9>EMA21;TREND=1;STRUCT=1;VOL=1;COOL=1;EMA50=1;VWAP=1;BIAS=1,0.00,0.00,27294.45,27294.45,already positioned that way
695,2023.04.27 15:00:00,2023.04.27 17:30:00,ENTRY,XAUUSD,M3,212,SELL,FULLTGT,EVENING,0,1996.94,1998.89,1998.89,1.95,1.00,1.95,1994.99,1993.04,1991.09,1989.13,1987.18,0.69,0.69,0.69,1996.94,0.00,0.00,0.00,1999.11,1999.11,1998.26,1999.20,1999.16,0.874,0.98,42.27,34.24,33.70,-0.75,-0.38,-0.36,1997.64,1996.93,250,187,14.3,85.7,6,1,CROSS=EMA9<EMA21;TREND=1;STRUCT=1;VOL=1;COOL=1;EMA50=1;VWAP=1;BIAS=1,0.00,0.00,27292.03,27287.89,KZ=NY; KZR=Asia H @ 2005.54 451 bars ago (high taken); EVENING 4PM-12AM IST session: stop x1.00 of usual; no partials; full size to TP5; SL steps BE->TP1->TP2->TP3
696,2023.04.27 15:30:02,2023.04.27 18:00:02,EXIT_SL,XAUUSD,M3,212,SELL,FULLTGT,EVENING,0,1996.94,1998.89,1998.89,1.95,1.00,1.95,1994.99,1993.04,1991.09,1989.13,1987.18,0.69,0.69,0.00,1999.15,0.00,-1.13,-157.33,1998.53,1998.79,1998.17,1998.57,1998.81,0.547,1.13,22.69,46.81,45.00,-0.46,-0.69,0.23,1997.62,1997.67,303,262,28.6,57.1,2,1,CROSS=EMA9<EMA21;TREND=1;STRUCT=1;VOL=1;COOL=1;EMA50=1;VWAP=1;BIAS=1,0.46,-0.99,27137.12,27137.12,stopped at the initial SL (x1.00 of usual)
697,2023.04.27 21:33:00,2023.04.28 00:03:00,SKIP,XAUUSD,M3,212,FLAT,NA,DAY,0,0.00,0.00,0.00,0.00,1.00,0.00,0.00,0.00,0.00,0.00,0.00,0.00,0.00,0.00,0.00,0.00,0.00,0.00,1986.93,1986.90,1988.99,1986.87,1986.87,-2.797,0.75,24.25,55.44,59.86,0.30,0.46,-0.17,1991.21,1988.41,207,221,42.9,28.6,2,1,CROSS=EMA9<EMA21;TREND=1;STRUCT=1;VOL=1;COOL=1;EMA50=1;VWAP=1;BIAS=1,0.00,0.00,27137.12,27137.12,outside the killzone window
698,2023.04.28 01:02:00,2023.04.28 03:32:00,DAY_SUMMARY,XAUUSD,M3,212,FLAT,NA,DAY,0,0.00,0.00,0.00,0.00,1.00,0.00,0.00,0.00,0.00,0.00,0.00,0.00,0.00,0.00,0.00,0.00,-1.13,-157.33,1987.98,1987.75,1988.73,1987.99,1987.75,-2.721,0.36,26.87,44.77,46.50,-0.15,-0.13,-0.03,1991.04,1987.74,28,68,14.3,71.4,12,1,CROSS=EMA9<EMA21;TREND=1;STRUCT=1;VOL=1;COOL=1;EMA50=1;VWAP=1;BIAS=1,0.00,0.00,27137.12,27137.12,2023.04.27 trades=1 W=0 L=1 gross_profit=0.00 gross_loss=157.33 net=-157.33 PF=0.00
699,2023.04.28 01:57:00,2023.04.28 04:27:00,SKIP,XAUUSD,M3,212,FLAT,NA,DAY,0,0.00,0.00,0.00,0.00,1.00,0.00,0.00,0.00,0.00,0.00,0.00,0.00,0.00,0.00,0.00,0.00,0.00,0.00,1987.60,1987.61,1988.49,1987.63,1987.63,-2.637,0.33,31.70,41.01,40.25,-0.27,-0.24,-0.03,1987.32,1986.96,33,35,0.0,85.7,12,1,CROSS=EMA9<EMA21;TREND=1;STRUCT=1;VOL=1;COOL=1;EMA50=1;VWAP=1;BIAS=1,0.00,0.00,27137.12,27137.12,already positioned that way
700,2023.04.28 04:51:00,2023.04.28 07:21:00,ENTRY,XAUUSD,M3,214,BUY,FULLTGT,DAY,0,1989.49,1986.85,1986.85,2.64,1.00,2.64,1992.13,1994.78,1997.42,2000.07,2002.71,0.51,0.51,0.51,1989.49,0.00,0.00,0.00,1987.23,1987.21,1987.82,1987.14,1987.16,-0.461,1.32,42.97,60.64,59.96,0.90,0.36,0.54,1987.32,1989.40,270,202,85.7,14.3,10,1,CROSS=EMA9>EMA21;TREND=1;STRUCT=1;VOL=1;COOL=1;EMA50=1;VWAP=1;BIAS=1,0.00,0.00,27135.33,27130.23,KZ=ASIA; KZR=Asia H @ 2005.54 728 bars ago (high taken); DAY 12AM-4PM IST session: stop x1.00 of usual; no partials; full size to TP5; SL steps BE->TP1->TP2->TP3
701,2023.04.28 07:03:02,2023.04.28 09:33:02,EXIT_SL,XAUUSD,M3,214,BUY,FULLTGT,DAY,0,1989.49,1986.85,1986.85,2.64,1.00,2.64,1992.13,1994.78,1997.42,2000.07,2002.71,0.51,0.51,0.00,1986.80,0.00,-1.02,-140.77,1988.72,1988.35,1988.31,1988.79,1988.37,0.027,1.18,21.39,36.24,50.59,-0.31,-0.26,-0.06,1988.23,1987.08,481,172,28.6,57.1,7,1,CROSS=EMA9>EMA21;TREND=1;STRUCT=1;VOL=1;COOL=1;EMA50=1;VWAP=1;BIAS=1,0.61,-0.99,26996.35,26996.35,stopped at the initial SL (x1.00 of usual)
702,2023.04.28 07:54:00,2023.04.28 10:24:00,SKIP,XAUUSD,M3,214,FLAT,NA,DAY,0,0.00,0.00,0.00,0.00,1.00,0.00,0.00,0.00,0.00,0.00,0.00,0.00,0.00,0.00,0.00,0.00,0.00,0.00,1988.06,1988.07,1988.17,1988.10,1988.09,-0.123,0.81,13.78,43.06,43.34,-0.37,-0.43,0.06,1988.07,1987.02,132,207,14.3,57.1,6,1,CROSS=EMA9>EMA21;TREND=1;STRUCT=1;VOL=1;COOL=1;EMA50=1;VWAP=1;BIAS=1,0.00,0.00,26996.35,26996.35,outside the killzone window
703,2023.04.28 16:27:00,2023.04.28 18:57:00,SKIP,XAUUSD,M3,214,FLAT,NA,EVENING,0,0.00,0.00,0.00,0.00,1.00,0.00,0.00,0.00,0.00,0.00,0.00,0.00,0.00,0.00,0.00,0.00,0.00,0.00,1983.75,1983.71,1984.45,1983.55,1983.61,-0.354,2.09,29.70,67.03,63.93,1.09,0.58,0.51,1985.13,1988.49,382,442,85.7,0.0,3,1,CROSS=EMA9>EMA21;TREND=1;STRUCT=1;VOL=1;COOL=1;EMA50=1;VWAP=1;BIAS=1,0.00,0.00,26996.35,26996.35,already positioned that way
704,2023.05.01 01:02:00,2023.05.01 03:32:00,DAY_SUMMARY,XAUUSD,M3,214,FLAT,NA,DAY,0,0.00,0.00,0.00,0.00,1.00,0.00,0.00,0.00,0.00,0.00,0.00,0.00,0.00,0.00,0.00,0.00,-1.02,-140.77,1989.25,1989.16,1988.37,1989.23,1989.15,1.419,0.56,36.66,54.55,53.20,0.16,0.10,0.06,1986.62,1989.55,87,84,100.0,0.0,12,1,CROSS=EMA9>EMA21;TREND=1;STRUCT=1;VOL=1;COOL=1;EMA50=1;VWAP=1;BIAS=1,0.00,0.00,26996.35,26996.35,2023.04.28 trades=1 W=0 L=1 gross_profit=0.00 gross_loss=140.77 net=-140.77 PF=0.00
705,2023.05.01 01:02:00,2023.05.01 03:32:00,WEEK_SUMMARY,XAUUSD,M3,214,FLAT,NA,DAY,0,0.00,0.00,0.00,0.00,1.00,0.00,0.00,0.00,0.00,0.00,0.00,0.00,0.00,0.00,0.00,0.00,-3.15,-435.98,1989.25,1989.16,1988.37,1989.23,1989.15,1.419,0.56,36.66,54.55,53.20,0.16,0.10,0.06,1986.62,1989.55,87,84,100.0,0.0,12,1,CROSS=EMA9>EMA21;TREND=1;STRUCT=1;VOL=1;COOL=1;EMA50=1;VWAP=1;BIAS=1,0.00,0.00,26996.35,26996.35,days=3 trades=3 W=0 L=3 gross_profit=0.00 gross_loss=435.98 net=-435.98 PF=0.00 pips=-866.0
706,2023.05.01 01:02:00,2023.05.01 03:32:00,MONTH_SUMMARY,XAUUSD,M3,214,FLAT,NA,DAY,0,0.00,0.00,0.00,0.00,1.00,0.00,0.00,0.00,0.00,0.00,0.00,0.00,0.00,0.00,0.00,0.00,0.35,-458.79,1989.25,1989.16,1988.37,1989.23,1989.15,1.419,0.56,36.66,54.55,53.20,0.16,0.10,0.06,1986.62,1989.55,87,84,100.0,0.0,12,1,CROSS=EMA9>EMA21;TREND=1;STRUCT=1;VOL=1;COOL=1;EMA50=1;VWAP=1;BIAS=1,0.00,0.00,26996.35,26996.35,days=11 trades=16 W=2 L=14 gross_profit=1386.02 gross_loss=1844.81 net=-458.79 PF=0.75 pips=108.0
707,2023.05.01 02:18:00,2023.05.01 04:48:00,ENTRY,XAUUSD,M3,216,SELL,FULLTGT,DAY,0,1987.64,1988.73,1988.73,1.09,1.00,1.09,1986.55,1985.46,1984.37,1983.29,1982.20,1.23,1.23,1.23,1987.64,0.00,0.00,0.00,1989.23,1989.25,1988.61,1989.30,1989.28,1.162,0.54,32.32,34.63,38.79,-0.47,-0.30,-0.17,1989.65,1987.64,41,66,0.0,85.7,8,1,CROSS=EMA9<EMA21;TREND=1;STRUCT=1;VOL=1;COOL=1;EMA50=1;VWAP=1;BIAS=1,0.00,0.00,26992.04,26982.20,KZ=ASIA; KZR=Asia H @ 2005.54 2117 bars ago (high taken); DAY 12AM-4PM IST session: stop x1.00 of usual; no partials; full size to TP5; SL steps BE->TP1->TP2->TP3
708,2023.05.01 03:01:26,2023.05.01 05:31:26,TP1_REACHED,XAUUSD,M3,216,SELL,FULLTGT,DAY,0,1987.64,1988.73,1988.73,1.09,1.00,1.09,1986.55,1985.46,1984.37,1983.29,1982.20,1.23,0.00,1.23,1986.55,1.00,1.00,0.00,1988.49,1988.83,1988.47,1988.56,1988.87,0.759,0.47,39.42,31.07,34.13,-0.56,-0.48,-0.08,1988.95,1986.90,67,60,0.0,85.7,1,1,CROSS=EMA9<EMA21;TREND=1;STRUCT=1;VOL=1;COOL=1;EMA50=1;VWAP=1;BIAS=1,0.97,-0.83,26992.04,27127.34,full target: no partial booked
709,2023.05.01 03:38:36,2023.05.01 06:08:36,TP2_REACHED,XAUUSD,M3,216,SELL,FULLTGT,DAY,0,1987.64,1988.73,1988.73,1.09,1.00,1.09,1986.55,1985.46,1984.37,1983.29,1982.20,1.23,0.00,1.23,1985.46,2.00,2.00,0.00,1987.72,1988.33,1988.25,1987.76,1988.36,0.133,0.58,51.63,38.97,38.04,-0.52,-0.57,0.05,1987.98,1986.51,111,110,28.6,71.4,4,1,CROSS=EMA9<EMA21;TREND=1;STRUCT=1;VOL=1;COOL=1;EMA50=1;VWAP=1;BIAS=1,1.96,-0.83,26992.04,27260.18,full target: no partial booked
710,2023.05.01 03:53:32,2023.05.01 06:23:32,TP3_REACHED,XAUUSD,M3,216,SELL,FULLTGT,DAY,0,1987.64,1988.73,1988.73,1.09,1.00,1.09,1986.55,1985.46,1984.37,1983.29,1982.20,1.23,0.00,1.23,1984.37,3.00,3.00,0.00,1987.33,1988.07,1988.12,1987.43,1988.13,-0.077,0.69,50.84,28.52,31.68,-0.60,-0.56,-0.03,1987.68,1985.04,112,122,0.0,85.7,1,1,CROSS=EMA9<EMA21;TREND=1;STRUCT=1;VOL=1;COOL=1;EMA50=1;VWAP=1;BIAS=1,2.99,-0.83,26992.04,27395.48,full target: no partial booked
711,2023.05.01 04:38:02,2023.05.01 07:08:02,TP4_REACHED,XAUUSD,M3,216,SELL,FULLTGT,DAY,0,1987.64,1988.73,1988.73,1.09,1.00,1.09,1986.55,1985.46,1984.37,1983.29,1982.20,1.23,0.00,1.23,1983.29,4.00,4.00,0.00,1985.95,1987.08,1987.58,1986.03,1987.14,-0.877,0.57,30.58,36.41,33.87,-0.57,-0.70,0.12,1986.77,1983.96,109,120,14.3,71.4,8,1,CROSS=EMA9<EMA21;TREND=1;STRUCT=1;VOL=1;COOL=1;EMA50=1;VWAP=1;BIAS=1,3.99,-0.83,26992.04,27528.32,full target: no partial booked
712,2023.05.01 04:46:16,2023.05.01 07:16:16,TP5_EXIT,XAUUSD,M3,216,SELL,FULLTGT,DAY,0,1987.64,1988.73,1988.73,1.09,1.00,1.09,1986.55,1985.46,1984.37,1983.29,1982.20,1.23,1.23,0.00,1982.18,5.00,5.00,0.00,1985.62,1986.84,1987.45,1985.75,1986.93,-1.005,0.60,36.46,26.17,26.58,-0.73,-0.64,-0.09,1986.57,1982.48,156,119,0.0,100.0,7,1,CROSS=EMA9<EMA21;TREND=1;STRUCT=1;VOL=1;COOL=1;EMA50=1;VWAP=1;BIAS=1,4.98,-0.83,27659.31,27659.31,full target reached; closed in full
713,2023.05.01 04:46:17,2023.05.01 07:16:17,EXIT_TP,XAUUSD,M3,216,SELL,FULLTGT,DAY,0,1987.64,1988.73,1988.73,1.09,1.00,1.09,1986.55,1985.46,1984.37,1983.29,1982.20,1.23,1.23,0.00,1982.18,0.00,5.02,662.96,1985.62,1986.84,1987.45,1985.75,1986.93,-1.005,0.60,36.46,26.17,26.58,-0.73,-0.64,-0.09,1986.57,1982.48,156,119,0.0,100.0,7,1,CROSS=EMA9<EMA21;TREND=1;STRUCT=1;VOL=1;COOL=1;EMA50=1;VWAP=1;BIAS=1,4.98,-0.83,27659.31,27659.31,TP5 exit
714,2023.05.01 13:03:00,2023.05.01 15:33:00,ENTRY,XAUUSD,M3,218,BUY,FULLTGT,DAY,0,1986.03,1984.21,1984.21,1.82,1.00,1.82,1987.85,1989.68,1991.50,1993.32,1995.14,0.75,0.75,0.75,1986.03,0.00,0.00,0.00,1981.47,1981.45,1982.54,1981.29,1981.36,-1.189,0.91,64.57,77.64,70.85,1.41,1.14,0.28,1983.00,1986.00,174,133,100.0,0.0,1,1,CROSS=EMA9>EMA21;TREND=1;STRUCT=1;VOL=1;COOL=1;EMA50=1;VWAP=1;BIAS=1,0.00,0.00,27656.68,27655.93,KZ=NY; KZR=Asia L @ 1980.62 93 bars ago (low taken); DAY 12AM-4PM IST session: stop x1.00 of usual; no partials; full size to TP5; SL steps BE->TP1->TP2->TP3
715,2023.05.01 13:44:31,2023.05.01 16:14:31,TP1_REACHED,XAUUSD,M3,218,BUY,FULLTGT,EVENING,0,1986.03,1984.21,1984.21,1.82,1.00,1.82,1987.85,1989.68,1991.50,1993.32,1995.14,0.75,0.00,0.75,1987.85,1.00,1.00,0.00,1983.64,1982.68,1983.06,1983.49,1982.58,-0.426,0.89,50.41,72.13,73.03,1.34,1.56,-0.22,1983.20,1987.45,113,111,85.7,14.3,9,1,CROSS=EMA9>EMA21;TREND=1;STRUCT=1;VOL=1;COOL=1;EMA50=1;VWAP=1;BIAS=1,0.99,-0.14,27656.68,27793.93,full target: no partial booked
716,2023.05.01 14:42:29,2023.05.01 17:12:29,TP2_REACHED,XAUUSD,M3,218,BUY,FULLTGT,EVENING,0,1986.03,1984.21,1984.21,1.82,1.00,1.82,1987.85,1989.68,1991.50,1993.32,1995.14,0.75,0.00,0.75,1989.68,2.00,2.00,0.00,1986.25,1984.55,1984.01,1986.13,1984.46,0.569,0.94,32.06,62.40,66.24,0.73,0.84,-0.11,1983.68,1989.21,154,138,85.7,14.3,2,1,CROSS=EMA9>EMA21;TREND=1;STRUCT=1;VOL=1;COOL=1;EMA50=1;VWAP=1;BIAS=1,1.98,-0.14,27656.68,27931.18,full target: no partial booked
717,2023.05.01 15:15:37,2023.05.01 17:45:37,TP3_REACHED,XAUUSD,M3,218,BUY,FULLTGT,EVENING,0,1986.03,1984.21,1984.21,1.82,1.00,1.82,1987.85,1989.68,1991.50,1993.32,1995.14,0.75,0.00,0.75,1991.50,3.00,3.00,0.00,1987.25,1985.43,1984.53,1987.11,1985.33,0.922,0.98,29.18,67.81,68.85,0.64,0.52,0.12,1984.11,1990.66,321,197,100.0,0.0,1,1,CROSS=EMA9>EMA21;TREND=1;STRUCT=1;VOL=1;COOL=1;EMA50=1;VWAP=1;BIAS=1,2.99,-0.14,27656.68,28067.68,full target: no partial booked
718,2023.05.01 15:22:20,2023.05.01 17:52:20,TP4_REACHED,XAUUSD,M3,218,BUY,FULLTGT,EVENING,0,1986.03,1984.21,1984.21,1.82,1.00,1.82,1987.85,1989.68,1991.50,1993.32,1995.14,0.75,0.00,0.75,1993.32,4.00,4.00,0.00,1987.51,1985.64,1984.65,1987.37,1985.53,0.877,1.12,31.80,67.65,57.73,0.76,0.57,0.19,1984.24,1990.97,363,215,100.0,0.0,1,1,CROSS=EMA9>EMA21;TREND=1;STRUCT=1;VOL=1;COOL=1;EMA50=1;VWAP=1;BIAS=1,3.98,-0.14,27656.68,28205.68,full target: no partial booked
719,2023.05.01 15:23:20,2023.05.01 17:53:20,TP5_EXIT,XAUUSD,M3,218,BUY,FULLTGT,EVENING,0,1986.03,1984.21,1984.21,1.82,1.00,1.82,1987.85,1989.68,1991.50,1993.32,1995.14,0.75,0.75,0.00,1995.16,5.00,5.00,0.00,1987.51,1985.64,1984.65,1987.37,1985.53,0.877,1.12,31.80,67.65,57.73,0.76,0.57,0.19,1984.24,1990.97,363,215,100.0,0.0,1,1,CROSS=EMA9>EMA21;TREND=1;STRUCT=1;VOL=1;COOL=1;EMA50=1;VWAP=1;BIAS=1,4.99,-0.14,28338.80,28338.80,full target reached; closed in full
720,2023.05.01 15:23:20,2023.05.01 17:53:20,EXIT_TP,XAUUSD,M3,218,BUY,FULLTGT,EVENING,0,1986.03,1984.21,1984.21,1.82,1.00,1.82,1987.85,1989.68,1991.50,1993.32,1995.14,0.75,0.75,0.00,1995.16,0.00,5.01,679.49,1987.51,1985.64,1984.65,1987.37,1985.53,0.877,1.12,31.80,67.65,57.73,0.76,0.57,0.19,1984.24,1990.97,363,215,100.0,0.0,1,1,CROSS=EMA9>EMA21;TREND=1;STRUCT=1;VOL=1;COOL=1;EMA50=1;VWAP=1;BIAS=1,4.99,-0.14,28338.80,28338.80,TP5 exit
721,2023.05.01 18:09:00,2023.05.01 20:39:00,SKIP,XAUUSD,M3,218,FLAT,NA,EVENING,0,0.00,0.00,0.00,0.00,1.00,0.00,0.00,0.00,0.00,0.00,0.00,0.00,0.00,0.00,0.00,0.00,0.00,0.00,1990.63,1990.76,1988.84,1990.96,1990.92,0.902,2.13,58.80,32.63,30.97,-3.13,-3.30,0.17,1988.50,1982.57,335,414,14.3,71.4,2,1,CROSS=EMA9>EMA21;TREND=1;STRUCT=1;VOL=1;COOL=1;EMA50=1;VWAP=1;BIAS=1,0.00,0.00,28338.80,28338.80,outside the killzone window
722,2023.05.02 01:02:00,2023.05.02 03:32:00,DAY_SUMMARY,XAUUSD,M3,218,FLAT,NA,DAY,0,0.00,0.00,0.00,0.00,1.00,0.00,0.00,0.00,0.00,0.00,0.00,0.00,0.00,0.00,0.00,0.00,10.02,1342.45,1981.41,1982.36,1983.86,1981.37,1982.36,-2.626,0.57,42.84,63.79,58.92,0.37,0.22,0.15,1986.91,1982.44,48,69,57.1,28.6,12,1,CROSS=EMA9>EMA21;TREND=1;STRUCT=1;VOL=1;COOL=1;EMA50=1;VWAP=1;BIAS=1,0.00,0.00,28338.80,28338.80,2023.05.01 trades=2 W=2 L=0 gross_profit=1342.45 gross_loss=0.00 net=1342.45 PF=0.00
723,2023.05.02 04:09:00,2023.05.02 06:39:00,SKIP,XAUUSD,M3,218,FLAT,NA,DAY,0,0.00,0.00,0.00,0.00,1.00,0.00,0.00,0.00,0.00,0.00,0.00,0.00,0.00,0.00,0.00,0.00,0.00,0.00,1982.42,1982.41,1983.17,1982.40,1982.41,-1.176,0.65,16.90,52.26,48.28,0.09,0.18,-0.09,1982.39,1982.78,140,127,57.1,28.6,10,1,CROSS=EMA9>EMA21;TREND=1;STRUCT=1;VOL=1;COOL=1;EMA50=1;VWAP=1;BIAS=1,0.00,0.00,28338.80,28338.80,already positioned that way
724,2023.05.02 06:15:00,2023.05.02 08:45:00,ENTRY,XAUUSD,M3,220,SELL,FULLTGT,DAY,0,1982.23,1983.26,1983.26,1.03,1.00,1.03,1981.20,1980.18,1979.15,1978.13,1977.10,1.38,1.38,1.38,1982.23,0.00,0.00,0.00,1982.64,1982.64,1983.08,1982.66,1982.65,-0.843,0.51,16.47,46.75,46.10,-0.16,-0.15,-0.01,1982.69,1982.26,47,92,0.0,71.4,10,1,CROSS=EMA9<EMA21;TREND=1;STRUCT=1;VOL=1;COOL=1;EMA50=1;VWAP=1;BIAS=1,0.00,0.00,28333.97,28320.17,KZ=ASIA; KZR=Asia H @ 2002.40 292 bars ago (high taken); DAY 12AM-4PM IST session: stop x1.00 of usual; no partials; full size to TP5; SL steps BE->TP1->TP2->TP3
725,2023.05.02 06:18:00,2023.05.02 08:48:00,FLIP,XAUUSD,M3,220,SELL,FULLTGT,DAY,0,1982.23,1983.26,1983.26,1.03,1.00,1.03,1981.20,1980.18,1979.15,1978.13,1977.10,1.38,0.00,0.00,1982.88,0.00,-0.63,0.00,1982.65,1982.65,1983.07,1982.64,1982.64,-0.781,0.54,16.74,53.36,46.10,-0.11,-0.14,0.03,1982.69,1982.86,59,91,57.1,14.3,12,1,CROSS=EMA9>EMA21;TREND=1;STRUCT=1;VOL=1;COOL=1;EMA50=1;VWAP=1;BIAS=1,0.04,-0.73,28333.97,28244.27,opposite signal before SL/target | SELL -> BUY | closing trade 220
726,2023.05.02 06:18:00,2023.05.02 08:48:00,EXIT_FLIP,XAUUSD,M3,220,SELL,FULLTGT,DAY,0,1982.23,1983.26,1983.26,1.03,1.00,1.03,1981.20,1980.18,1979.15,1978.13,1977.10,1.38,1.38,0.00,1982.88,0.00,-0.63,0.00,1982.65,1982.65,1983.07,1982.64,1982.64,-0.781,0.54,16.74,53.36,46.10,-0.11,-0.14,0.03,1982.69,1982.86,59,91,57.1,14.3,12,1,CROSS=EMA9>EMA21;TREND=1;STRUCT=1;VOL=1;COOL=1;EMA50=1;VWAP=1;BIAS=1,0.04,-0.73,28239.44,28239.44,FLIP exit
727,2023.05.02 06:18:00,2023.05.02 08:48:00,EXIT_OTHER,XAUUSD,M3,220,SELL,FULLTGT,DAY,0,1982.23,1983.26,1983.26,1.03,1.00,1.03,1981.20,1980.18,1979.15,1978.13,1977.10,1.38,1.38,0.00,1982.88,0.00,-0.63,-99.36,1982.65,1982.65,1983.07,1982.64,1982.64,-0.781,0.54,16.74,53.36,46.10,-0.11,-0.14,0.03,1982.69,1982.86,59,91,57.1,14.3,12,1,CROSS=EMA9>EMA21;TREND=1;STRUCT=1;VOL=1;COOL=1;EMA50=1;VWAP=1;BIAS=1,0.04,-0.73,28239.44,28239.44,FLIP exit
728,2023.05.02 06:18:00,2023.05.02 08:48:00,ENTRY,XAUUSD,M3,222,BUY,FULLTGT,DAY,220,1982.88,1981.79,1981.79,1.09,1.00,1.09,1983.97,1985.06,1986.15,1987.24,1988.33,1.29,1.29,1.29,1982.88,0.00,0.00,0.00,1982.65,1982.65,1983.07,1982.64,1982.64,-0.781,0.54,16.74,53.36,46.10,-0.11,-0.14,0.03,1982.69,1982.86,59,91,57.1,14.3,12,1,CROSS=EMA9>EMA21;TREND=1;STRUCT=1;VOL=1;COOL=1;EMA50=1;VWAP=1;BIAS=1,0.00,0.00,28234.92,28219.44,KZ=ASIA; KZR=Asia H @ 2002.40 293 bars ago (high taken); DAY 12AM-4PM IST session: stop x1.00 of usual; no partials; full size to TP5; SL steps BE->TP1->TP2->TP3; flipped from trade 220
729,2023.05.02 06:20:30,2023.05.02 08:50:30,EXIT_SL,XAUUSD,M3,222,BUY,FULLTGT,DAY,220,1982.88,1981.79,1981.79,1.09,1.00,1.09,1983.97,1985.06,1986.15,1987.24,1988.33,1.29,1.29,0.00,1981.74,0.00,-1.05,-156.10,1982.65,1982.65,1983.07,1982.64,1982.64,-0.781,0.54,16.74,53.36,50.13,-0.11,-0.14,0.03,1982.69,1982.86,59,91,71.4,0.0,1,1,CROSS=EMA9>EMA21;TREND=1;STRUCT=1;VOL=1;COOL=1;EMA50=1;VWAP=1;BIAS=1,0.04,-0.97,28083.34,28083.34,stopped at the initial SL (x1.00 of usual)
730,2023.05.02 06:21:00,2023.05.02 08:51:00,ENTRY,XAUUSD,M3,224,SELL,FULLTGT,DAY,0,1981.90,1983.09,1983.09,1.19,1.00,1.19,1980.71,1979.52,1978.33,1977.15,1975.96,1.18,1.18,1.18,1981.90,0.00,0.00,0.00,1982.62,1982.63,1983.06,1982.65,1982.65,-0.721,0.59,14.75,44.04,50.13,-0.14,-0.14,-0.01,1982.69,1981.91,79,88,14.3,57.1,6,1,CROSS=EMA9<EMA21;TREND=1;STRUCT=1;VOL=1;COOL=1;EMA50=1;VWAP=1;BIAS=1,0.00,0.00,28079.21,28072.13,KZ=ASIA; KZR=Asia H @ 2002.40 294 bars ago (high taken); DAY 12AM-4PM IST session: stop x1.00 of usual; no partials; full size to TP5; SL steps BE->TP1->TP2->TP3
731,2023.05.02 08:20:33,2023.05.02 10:50:33,EXIT_SL,XAUUSD,M3,224,SELL,FULLTGT,DAY,0,1981.90,1983.09,1983.09,1.19,1.00,1.19,1980.71,1979.52,1978.33,1977.15,1975.96,1.18,1.18,0.00,1983.12,0.00,-1.03,-152.22,1982.16,1982.31,1982.73,1982.14,1982.30,-0.954,0.44,16.71,62.38,55.15,0.04,-0.03,0.07,1982.48,1982.73,107,138,57.1,14.3,7,1,CROSS=EMA9<EMA21;TREND=1;STRUCT=1;VOL=1;COOL=1;EMA50=1;VWAP=1;BIAS=1,0.49,-0.98,27931.12,27931.12,stopped at the initial SL (x1.00 of usual)
732,2023.05.02 08:36:00,2023.05.02 11:06:00,SKIP,XAUUSD,M3,224,FLAT,NA,DAY,0,0.00,0.00,0.00,0.00,1.00,0.00,0.00,0.00,0.00,0.00,0.00,0.00,0.00,0.00,0.00,0.00,0.00,0.00,1982.44,1982.44,1982.77,1982.38,1982.41,-0.646,0.52,36.51,72.56,66.49,0.42,0.17,0.24,1982.51,1983.85,92,110,85.7,0.0,11,1,CROSS=EMA9<EMA21;TREND=1;STRUCT=1;VOL=1;COOL=1;EMA50=1;VWAP=1;BIAS=1,0.00,0.00,27931.12,27931.12,outside the killzone window
733,2023.05.02 11:03:00,2023.05.02 13:33:00,SKIP,XAUUSD,M3,224,FLAT,NA,DAY,0,0.00,0.00,0.00,0.00,1.00,0.00,0.00,0.00,0.00,0.00,0.00,0.00,0.00,0.00,0.00,0.00,0.00,0.00,1982.78,1982.82,1982.92,1982.87,1982.86,-0.102,0.95,39.94,32.78,39.19,-0.57,-0.45,-0.13,1982.76,1980.61,297,190,0.0,100.0,3,1,CROSS=EMA9<EMA21;TREND=1;STRUCT=1;VOL=1;COOL=1;EMA50=1;VWAP=1;BIAS=1,0.00,0.00,27931.12,27931.12,outside the killzone window
734,2023.05.02 12:57:00,2023.05.02 15:27:00,SKIP,XAUUSD,M3,224,FLAT,NA,DAY,0,0.00,0.00,0.00,0.00,1.00,0.00,0.00,0.00,0.00,0.00,0.00,0.00,0.00,0.00,0.00,0.00,0.00,0.00,1982.49,1982.46,1982.63,1982.41,1982.41,-0.152,1.12,31.59,62.45,64.72,0.80,0.42,0.38,1982.52,1984.57,213,180,85.7,14.3,3,1,CROSS=EMA9<EMA21;TREND=1;STRUCT=1;VOL=1;COOL=1;EMA50=1;VWAP=1;BIAS=1,0.00,0.00,27931.12,27931.12,outside the killzone window
735,2023.05.03 01:02:00,2023.05.03 03:32:00,DAY_SUMMARY,XAUUSD,M3,224,FLAT,NA,DAY,0,0.00,0.00,0.00,0.00,1.00,0.00,0.00,0.00,0.00,0.00,0.00,0.00,0.00,0.00,0.00,0.00,-2.71,-407.68,2015.91,2013.45,2007.19,2015.89,2013.39,11.029,0.57,18.48,51.19,53.18,0.04,0.07,-0.03,1995.85,2016.53,35,64,57.1,14.3,9,1,CROSS=EMA9<EMA21;TREND=1;STRUCT=1;VOL=1;COOL=1;EMA50=1;VWAP=1;BIAS=1,0.00,0.00,27931.12,27931.12,2023.05.02 trades=3 W=0 L=3 gross_profit=0.00 gross_loss=407.68 net=-407.68 PF=0.00
736,2023.05.03 08:48:00,2023.05.03 11:18:00,SKIP,XAUUSD,M3,224,FLAT,NA,DAY,0,0.00,0.00,0.00,0.00,1.00,0.00,0.00,0.00,0.00,0.00,0.00,0.00,0.00,0.00,0.00,0.00,0.00,0.00,2016.66,2016.69,2014.79,2016.72,2016.72,2.949,0.64,25.51,40.47,44.35,-0.35,-0.40,0.05,2016.69,2015.35,75,84,14.3,71.4,2,1,CROSS=EMA9<EMA21;TREND=1;STRUCT=1;VOL=1;COOL=1;EMA50=1;VWAP=1;BIAS=1,0.00,0.00,27931.12,27931.12,outside the killzone window
737,2023.05.03 10:03:00,2023.05.03 12:33:00,SKIP,XAUUSD,M3,224,FLAT,NA,DAY,0,0.00,0.00,0.00,0.00,1.00,0.00,0.00,0.00,0.00,0.00,0.00,0.00,0.00,0.00,0.00,0.00,0.00,0.00,2016.56,2016.55,2015.11,2016.53,2016.54,1.832,0.78,48.74,54.97,62.65,0.56,0.36,0.21,2016.62,2017.20,259,127,85.7,14.3,9,1,CROSS=EMA9<EMA21;TREND=1;STRUCT=1;VOL=1;COOL=1;EMA50=1;VWAP=1;BIAS=1,0.00,0.00,27931.12,27931.12,outside the killzone window
738,2023.05.03 10:30:00,2023.05.03 13:00:00,SKIP,XAUUSD,M3,224,FLAT,NA,DAY,0,0.00,0.00,0.00,0.00,1.00,0.00,0.00,0.00,0.00,0.00,0.00,0.00,0.00,0.00,0.00,0.00,0.00,0.00,2016.55,2016.56,2015.24,2016.62,2016.59,1.456,0.90,31.70,34.23,38.25,-0.10,0.31,-0.41,2016.63,2014.78,164,175,0.0,85.7,5,1,CROSS=EMA9<EMA21;TREND=1;STRUCT=1;VOL=1;COOL=1;EMA50=1;VWAP=1;BIAS=1,0.00,0.00,27931.12,27931.12,outside the killzone window
739,2023.05.03 12:54:00,2023.05.03 15:24:00,SKIP,XAUUSD,M3,224,FLAT,NA,DAY,0,0.00,0.00,0.00,0.00,1.00,0.00,0.00,0.00,0.00,0.00,0.00,0.00,0.00,0.00,0.00,0.00,0.00,0.00,2016.18,2016.17,2015.47,2016.16,2016.17,1.140,0.62,23.59,53.08,56.72,0.27,0.25,0.02,2016.31,2016.59,169,137,71.4,14.3,5,1,CROSS=EMA9<EMA21;TREND=1;STRUCT=1;VOL=1;COOL=1;EMA50=1;VWAP=1;BIAS=1,0.00,0.00,27931.12,27931.12,outside the killzone window
740,2023.05.03 14:36:00,2023.05.03 17:06:00,SKIP,XAUUSD,M3,224,FLAT,NA,EVENING,0,0.00,0.00,0.00,0.00,1.00,0.00,0.00,0.00,0.00,0.00,0.00,0.00,0.00,0.00,0.00,0.00,0.00,0.00,2016.21,2016.21,2015.70,2016.25,2016.24,0.887,0.58,24.29,35.37,36.84,-0.19,-0.03,-0.15,2016.31,2015.08,127,118,0.0,85.7,4,1,CROSS=EMA9<EMA21;TREND=1;STRUCT=1;VOL=1;COOL=1;EMA50=1;VWAP=1;BIAS=1,0.00,0.00,27931.12,27931.12,already positioned that way
741,2023.05.03 17:45:00,2023.05.03 20:15:00,SKIP,XAUUSD,M3,224,FLAT,NA,EVENING,0,0.00,0.00,0.00,0.00,1.00,0.00,0.00,0.00,0.00,0.00,0.00,0.00,0.00,0.00,0.00,0.00,0.00,0.00,2015.49,2015.47,2015.39,2015.36,2015.40,0.041,1.87,31.09,61.65,59.84,0.52,-0.06,0.59,2015.68,2018.75,368,397,85.7,0.0,4,1,CROSS=EMA9<EMA21;TREND=1;STRUCT=1;VOL=1;COOL=1;EMA50=1;VWAP=1;BIAS=1,0.00,0.00,27931.12,27931.12,outside the killzone window
742,2023.05.04 06:21:00,2023.05.04 08:51:00,SKIP,XAUUSD,M3,224,FLAT,NA,DAY,0,0.00,0.00,0.00,0.00,1.00,0.00,0.00,0.00,0.00,0.00,0.00,0.00,0.00,0.00,0.00,0.00,0.00,0.00,2045.13,2045.17,2040.26,2045.23,2045.23,4.177,1.18,21.55,45.42,40.46,-0.89,-1.26,0.37,2050.43,2042.60,80,185,14.3,57.1,12,1,CROSS=EMA9<EMA21;TREND=1;STRUCT=1;VOL=1;COOL=1;EMA50=1;VWAP=1;BIAS=1,0.00,0.00,27931.12,27931.12,already positioned that way
743,2023.05.04 14:09:00,2023.05.04 16:39:00,ENTRY,XAUUSD,M3,226,BUY,FULLTGT,EVENING,0,2043.40,2040.77,2040.77,2.63,1.00,2.63,2046.03,2048.65,2051.28,2053.91,2056.54,0.53,0.53,0.53,2043.40,0.00,0.00,0.00,2038.17,2038.09,2038.50,2037.96,2037.98,-0.312,1.31,39.79,71.56,62.00,1.06,0.82,0.24,2043.31,2043.38,324,195,100.0,0.0,2,1,CROSS=EMA9>EMA21;TREND=1;STRUCT=1;VOL=1;COOL=1;EMA50=1;VWAP=1;BIAS=1,0.00,0.00,27929.26,27928.20,KZ=NY; KZR=NY H @ 2020.10 405 bars ago (high taken); EVENING 4PM-12AM IST session: stop x1.00 of usual; no partials; full size to TP5; SL steps BE->TP1->TP2->TP3
744,2023.05.04 15:09:36,2023.05.04 17:39:36,EXIT_SL,XAUUSD,M3,226,BUY,FULLTGT,EVENING,0,2043.40,2040.77,2040.77,2.63,1.00,2.63,2046.03,2048.65,2051.28,2053.91,2056.54,0.53,0.53,0.00,2040.69,0.00,-1.03,-147.35,2040.62,2039.60,2039.26,2040.55,2039.55,0.314,1.08,24.37,53.21,52.38,0.37,0.71,-0.34,2043.27,2042.23,265,236,57.1,28.6,3,1,CROSS=EMA9>EMA21;TREND=1;STRUCT=1;VOL=1;COOL=1;EMA50=1;VWAP=1;BIAS=1,0.58,-0.99,27783.77,27783.77,stopped at the initial SL (x1.00 of usual)
745,2023.05.04 16:15:00,2023.05.04 18:45:00,ENTRY,XAUUSD,M3,228,SELL,FULLTGT,EVENING,0,2035.96,2040.38,2040.38,4.42,1.00,4.42,2031.54,2027.13,2022.71,2018.30,2013.88,0.31,0.31,0.31,2035.96,0.00,0.00,0.00,2039.02,2039.04,2039.03,2039.15,2039.11,0.004,2.21,33.71,39.30,37.62,-1.03,-1.01,-0.03,2042.51,2035.86,413,468,0.0,85.7,2,1,CROSS=EMA9<EMA21;TREND=1;STRUCT=1;VOL=1;COOL=1;EMA50=1;VWAP=1;BIAS=1,0.00,0.00,27782.68,27782.06,KZ=NY; KZR=NY H @ 2020.10 447 bars ago (high taken); EVENING 4PM-12AM IST session: stop x1.00 of usual; no partials; full size to TP5; SL steps BE->TP1->TP2->TP3
746,2023.05.04 16:44:30,2023.05.04 19:14:30,EXIT_SL,XAUUSD,M3,228,SELL,FULLTGT,EVENING,0,2035.96,2040.38,2040.38,4.42,1.00,4.42,2031.54,2027.13,2022.71,2018.30,2013.88,0.31,0.31,0.00,2040.41,0.00,-1.01,-140.13,2037.83,2038.38,2038.69,2037.82,2038.39,-0.152,2.00,42.37,54.38,51.59,-0.94,-1.32,0.38,2042.09,2038.24,524,447,71.4,28.6,2,1,CROSS=EMA9<EMA21;TREND=1;STRUCT=1;VOL=1;COOL=1;EMA50=1;VWAP=1;BIAS=1,0.88,-1.00,27643.64,27643.64,stopped at the initial SL (x1.00 of usual)
747,2023.05.04 17:00:00,2023.05.04 19:30:00,SKIP,XAUUSD,M3,228,FLAT,NA,EVENING,0,0.00,0.00,0.00,0.00,1.00,0.00,0.00,0.00,0.00,0.00,0.00,0.00,0.00,0.00,0.00,0.00,0.00,0.00,2038.95,2038.91,2038.94,2038.73,2038.80,-0.012,2.57,41.45,65.48,64.59,1.38,-0.02,1.40,2042.11,2044.33,515,485,100.0,0.0,3,1,CROSS=EMA9<EMA21;TREND=1;STRUCT=1;VOL=1;COOL=1;EMA50=1;VWAP=1;BIAS=1,0.00,0.00,27643.64,27643.64,outside the killzone window
748,2023.05.05 01:02:00,2023.05.05 03:32:00,DAY_SUMMARY,XAUUSD,M3,228,FLAT,NA,DAY,0,0.00,0.00,0.00,0.00,1.00,0.00,0.00,0.00,0.00,0.00,0.00,0.00,0.00,0.00,0.00,0.00,-2.04,-287.48,2049.56,2048.77,2046.86,2049.53,2048.74,3.124,0.61,24.25,52.11,54.27,0.27,0.30,-0.03,2045.01,2050.15,42,91,57.1,14.3,12,1,CROSS=EMA9<EMA21;TREND=1;STRUCT=1;VOL=1;COOL=1;EMA50=1;VWAP=1;BIAS=1,0.00,0.00,27643.64,27643.64,2023.05.04 trades=2 W=0 L=2 gross_profit=0.00 gross_loss=287.48 net=-287.48 PF=0.00
749,2023.05.05 05:45:00,2023.05.05 08:15:00,SKIP,XAUUSD,M3,228,FLAT,NA,DAY,0,0.00,0.00,0.00,0.00,1.00,0.00,0.00,0.00,0.00,0.00,0.00,0.00,0.00,0.00,0.00,0.00,0.00,0.00,2049.23,2049.25,2048.38,2049.29,2049.29,0.967,0.91,39.63,40.14,40.58,-0.98,-0.78,-0.20,2049.58,2047.63,83,144,0.0,85.7,7,1,CROSS=EMA9<EMA21;TREND=1;STRUCT=1;VOL=1;COOL=1;EMA50=1;VWAP=1;BIAS=1,0.00,0.00,27643.64,27643.64,already positioned that way
750,2023.05.05 06:54:00,2023.05.05 09:24:00,ENTRY,XAUUSD,M3,230,BUY,FULLTGT,DAY,0,2050.05,2048.64,2048.64,1.41,1.00,1.41,2051.46,2052.87,2054.28,2055.68,2057.09,0.98,0.98,0.98,2050.05,0.00,0.00,0.00,2049.14,2049.14,2048.48,2049.10,2049.12,0.937,0.70,50.93,60.21,60.36,0.52,0.35,0.18,2049.37,2050.09,85,120,85.7,0.0,5,1,CROSS=EMA9>EMA21;TREND=1;STRUCT=1;VOL=1;COOL=1;EMA50=1;VWAP=1;BIAS=1,0.00,0.00,27640.21,27635.31,KZ=ASIA; KZR=Asia H @ 2057.14 267 bars ago (high taken); DAY 12AM-4PM IST session: stop x1.00 of usual; no partials; full size to TP5; SL steps BE->TP1->TP2->TP3
751,2023.05.05 07:58:36,2023.05.05 10:28:36,EXIT_SL,XAUUSD,M3,230,BUY,FULLTGT,DAY,0,2050.05,2048.64,2048.64,1.41,1.00,1.41,2051.46,2052.87,2054.28,2055.68,2057.09,0.98,0.98,0.00,2048.63,0.00,-1.01,-146.02,2049.56,2049.39,2048.74,2049.58,2049.40,1.437,0.45,22.21,39.84,43.26,-0.01,0.23,-0.24,2049.42,2048.96,58,57,28.6,57.1,8,1,CROSS=EMA9>EMA21;TREND=1;STRUCT=1;VOL=1;COOL=1;EMA50=1;VWAP=1;BIAS=1,0.77,-0.97,27497.62,27497.62,stopped at the initial SL (x1.00 of usual)
752,2023.05.05 08:27:00,2023.05.05 10:57:00,SKIP,XAUUSD,M3,230,FLAT,NA,DAY,0,0.00,0.00,0.00,0.00,1.00,0.00,0.00,0.00,0.00,0.00,0.00,0.00,0.00,0.00,0.00,0.00,0.00,0.00,2049.20,2049.24,2048.72,2049.28,2049.27,0.823,0.62,44.52,31.28,38.78,-0.47,-0.24,-0.22,2049.36,2047.48,108,81,0.0,100.0,8,1,CROSS=EMA9>EMA21;TREND=1;STRUCT=1;VOL=1;COOL=1;EMA50=1;VWAP=1;BIAS=1,0.00,0.00,27497.62,27497.62,outside the killzone window
753,2023.05.05 23:03:00,2023.05.06 01:33:00,SKIP,XAUUSD,M3,230,FLAT,NA,DAY,0,0.00,0.00,0.00,0.00,1.00,0.00,0.00,0.00,0.00,0.00,0.00,0.00,0.00,0.00,0.00,0.00,0.00,0.00,2016.55,2016.51,2020.38,2016.47,2016.47,-5.105,0.76,38.98,59.25,56.10,0.65,0.71,-0.06,2026.92,2018.48,113,126,57.1,28.6,12,1,CROSS=EMA9>EMA21;TREND=1;STRUCT=1;VOL=1;COOL=1;EMA50=1;VWAP=1;BIAS=1,0.00,0.00,27497.62,27497.62,outside the killzone window
754,2023.05.08 01:02:00,2023.05.08 03:32:00,DAY_SUMMARY,XAUUSD,M3,230,FLAT,NA,DAY,0,0.00,0.00,0.00,0.00,1.00,0.00,0.00,0.00,0.00,0.00,0.00,0.00,0.00,0.00,0.00,0.00,-1.01,-146.02,2016.73,2016.65,2019.82,2016.74,2016.65,-6.370,0.50,28.08,45.09,48.45,-0.23,-0.10,-0.13,2026.80,2016.54,86,65,28.6,71.4,12,1,CROSS=EMA9>EMA21;TREND=1;STRUCT=1;VOL=1;COOL=1;EMA50=1;VWAP=1;BIAS=1,0.00,0.00,27497.62,27497.62,2023.05.05 trades=1 W=0 L=1 gross_profit=0.00 gross_loss=146.02 net=-146.02 PF=0.00
755,2023.05.08 01:02:00,2023.05.08 03:32:00,WEEK_SUMMARY,XAUUSD,M3,230,FLAT,NA,DAY,0,0.00,0.00,0.00,0.00,1.00,0.00,0.00,0.00,0.00,0.00,0.00,0.00,0.00,0.00,0.00,0.00,4.27,501.27,2016.73,2016.65,2019.82,2016.74,2016.65,-6.370,0.50,28.08,45.09,48.45,-0.23,-0.10,-0.13,2026.80,2016.54,86,65,28.6,71.4,12,1,CROSS=EMA9>EMA21;TREND=1;STRUCT=1;VOL=1;COOL=1;EMA50=1;VWAP=1;BIAS=1,0.00,0.00,27497.62,27497.62,days=4 trades=8 W=2 L=6 gross_profit=1342.45 gross_loss=841.18 net=501.27 PF=1.60 pips=300.0
756,2023.05.08 01:15:00,2023.05.08 03:45:00,ENTRY,XAUUSD,M3,232,SELL,FULLTGT,DAY,0,2015.29,2016.79,2016.79,1.50,1.00,1.50,2013.79,2012.29,2010.79,2009.28,2007.78,0.91,0.91,0.91,2015.29,0.00,0.00,0.00,2016.53,2016.55,2019.62,2016.58,2016.58,-4.081,0.75,27.97,39.96,41.62,-0.48,-0.28,-0.20,2015.57,2015.34,81,60,14.3,85.7,12,1,CROSS=EMA9<EMA21;TREND=1;STRUCT=1;VOL=1;COOL=1;EMA50=1;VWAP=1;BIAS=1,0.00,0.00,27494.43,27483.51,KZ=ASIA; KZR=Asia H @ 2057.14 1594 bars ago (high taken); DAY 12AM-4PM IST session: stop x1.00 of usual; no partials; full size to TP5; SL steps BE->TP1->TP2->TP3
757,2023.05.08 02:25:40,2023.05.08 04:55:40,EXIT_SL,XAUUSD,M3,232,SELL,FULLTGT,DAY,0,2015.29,2016.79,2016.79,1.50,1.00,1.50,2013.79,2012.29,2010.79,2009.28,2007.78,0.91,0.91,0.00,2016.84,0.00,-1.03,-147.43,2015.94,2016.17,2018.77,2015.93,2016.17,-4.573,0.57,22.82,55.50,52.78,0.07,-0.15,0.22,2015.51,2016.20,36,59,57.1,14.3,8,1,CROSS=EMA9<EMA21;TREND=1;STRUCT=1;VOL=1;COOL=1;EMA50=1;VWAP=1;BIAS=1,0.52,-0.99,27350.19,27350.19,stopped at the initial SL (x1.00 of usual)
758,2023.05.08 03:27:00,2023.05.08 05:57:00,ENTRY,XAUUSD,M3,234,BUY,FULLTGT,DAY,0,2018.19,2016.86,2016.86,1.33,1.00,1.33,2019.52,2020.85,2022.18,2023.51,2024.84,1.02,1.02,1.02,2018.19,0.00,0.00,0.00,2016.35,2016.33,2018.36,2016.29,2016.30,-3.057,0.67,38.79,64.44,60.04,0.34,0.15,0.19,2016.04,2018.04,72,95,85.7,0.0,12,1,CROSS=EMA9>EMA21;TREND=1;STRUCT=1;VOL=1;COOL=1;EMA50=1;VWAP=1;BIAS=1,0.00,0.00,27346.62,27334.38,KZ=ASIA; KZR=Asia H @ 2057.14 1638 bars ago (high taken); DAY 12AM-4PM IST session: stop x1.00 of usual; no partials; full size to TP5; SL steps BE->TP1->TP2->TP3
759,2023.05.08 04:00:45,2023.05.08 06:30:45,EXIT_SL,XAUUSD,M3,234,BUY,FULLTGT,DAY,0,2018.19,2016.86,2016.86,1.33,1.00,1.33,2019.52,2020.85,2022.18,2023.51,2024.84,1.02,1.02,0.00,2016.83,0.00,-1.02,-145.86,2016.96,2016.68,2018.33,2016.92,2016.65,-3.020,0.55,33.14,58.25,59.85,0.45,0.51,-0.06,2016.46,2018.04,124,102,71.4,28.6,2,1,CROSS=EMA9>EMA21;TREND=1;STRUCT=1;VOL=1;COOL=1;EMA50=1;VWAP=1;BIAS=1,0.34,-0.99,27204.33,27204.33,stopped at the initial SL (x1.00 of usual)
760,2023.05.08 21:15:00,2023.05.08 23:45:00,SKIP,XAUUSD,M3,234,FLAT,NA,EVENING,0,0.00,0.00,0.00,0.00,1.00,0.00,0.00,0.00,0.00,0.00,0.00,0.00,0.00,0.00,0.00,0.00,0.00,0.00,2025.00,2025.06,2024.30,2025.13,2025.13,0.801,0.96,44.04,34.10,33.01,-1.30,-1.09,-0.22,2022.77,2021.77,180,223,0.0,85.7,5,1,CROSS=EMA9>EMA21;TREND=1;STRUCT=1;VOL=1;COOL=1;EMA50=1;VWAP=1;BIAS=1,0.00,0.00,27204.33,27204.33,outside the killzone window
761,2023.05.09 01:02:00,2023.05.09 03:32:00,DAY_SUMMARY,XAUUSD,M3,234,FLAT,NA,DAY,0,0.00,0.00,0.00,0.00,1.00,0.00,0.00,0.00,0.00,0.00,0.00,0.00,0.00,0.00,0.00,0.00,-2.05,-293.29,2021.63,2022.55,2023.04,2021.64,2022.57,-1.872,0.27,34.26,53.81,47.81,-0.05,-0.18,0.12,2022.65,2021.36,43,58,28.6,57.1,12,1,CROSS=EMA9>EMA21;TREND=1;STRUCT=1;VOL=1;COOL=1;EMA50=1;VWAP=1;BIAS=1,0.00,0.00,27204.33,27204.33,2023.05.08 trades=2 W=0 L=2 gross_profit=0.00 gross_loss=293.29 net=-293.29 PF=0.00
762,2023.05.09 05:00:00,2023.05.09 07:30:00,SKIP,XAUUSD,M3,234,FLAT,NA,DAY,0,0.00,0.00,0.00,0.00,1.00,0.00,0.00,0.00,0.00,0.00,0.00,0.00,0.00,0.00,0.00,0.00,0.00,0.00,2021.77,2021.75,2022.17,2021.73,2021.73,-0.511,0.82,21.94,57.25,56.77,0.47,0.56,-0.09,2021.65,2022.82,220,155,57.1,28.6,9,1,CROSS=EMA9>EMA21;TREND=1;STRUCT=1;VOL=1;COOL=1;EMA50=1;VWAP=1;BIAS=1,0.00,0.00,27204.33,27204.33,already positioned that way
763,2023.05.09 10:39:00,2023.05.09 13:09:00,SKIP,XAUUSD,M3,234,FLAT,NA,DAY,0,0.00,0.00,0.00,0.00,1.00,0.00,0.00,0.00,0.00,0.00,0.00,0.00,0.00,0.00,0.00,0.00,0.00,0.00,2024.56,2024.57,2024.02,2024.63,2024.60,0.533,1.03,44.84,41.55,33.79,-0.88,-0.98,0.10,2023.77,2022.95,153,204,14.3,71.4,1,1,CROSS=EMA9>EMA21;TREND=1;STRUCT=1;VOL=1;COOL=1;EMA50=1;VWAP=1;BIAS=1,0.00,0.00,27204.33,27204.33,outside the killzone window
764,2023.05.09 12:03:00,2023.05.09 14:33:00,SKIP,XAUUSD,M3,234,FLAT,NA,DAY,0,0.00,0.00,0.00,0.00,1.00,0.00,0.00,0.00,0.00,0.00,0.00,0.00,0.00,0.00,0.00,0.00,0.00,0.00,2024.52,2024.51,2024.12,2024.48,2024.49,0.443,0.89,25.68,58.47,55.55,0.44,0.24,0.19,2023.89,2025.52,186,187,85.7,0.0,5,1,CROSS=EMA9>EMA21;TREND=1;STRUCT=1;VOL=1;COOL=1;EMA50=1;VWAP=1;BIAS=1,0.00,0.00,27204.33,27204.33,outside the killzone window
765,2023.05.09 16:33:00,2023.05.09 19:03:00,ENTRY,XAUUSD,M3,236,SELL,FULLTGT,EVENING,0,2026.02,2028.63,2028.63,2.61,1.00,2.61,2023.41,2020.80,2018.19,2015.59,2012.98,0.52,0.52,0.52,2026.02,0.00,0.00,0.00,2027.94,2027.95,2026.91,2028.02,2027.99,0.800,1.30,29.02,44.28,34.33,-1.17,-1.45,0.28,2026.11,2026.04,443,388,28.6,71.4,1,1,CROSS=EMA9<EMA21;TREND=1;STRUCT=1;VOL=1;COOL=1;EMA50=1;VWAP=1;BIAS=1,0.00,0.00,27202.51,27201.99,KZ=NY; KZR=Asia H @ 2057.14 2380 bars ago (high taken); EVENING 4PM-12AM IST session: stop x1.00 of usual; no partials; full size to TP5; SL steps BE->TP1->TP2->TP3
766,2023.05.09 16:48:38,2023.05.09 19:18:38,EXIT_SL,XAUUSD,M3,236,SELL,FULLTGT,EVENING,0,2026.02,2028.63,2028.63,2.61,1.00,2.61,2023.41,2020.80,2018.19,2015.59,2012.98,0.52,0.52,0.00,2028.63,0.00,-1.00,-139.36,2027.70,2027.82,2026.89,2027.72,2027.83,0.713,1.31,19.43,52.79,49.67,-0.52,-1.04,0.52,2026.13,2027.37,469,398,57.1,28.6,1,1,CROSS=EMA9<EMA21;TREND=1;STRUCT=1;VOL=1;COOL=1;EMA50=1;VWAP=1;BIAS=1,0.54,-0.99,27064.97,27064.97,stopped at the initial SL (x1.00 of usual)
767,2023.05.09 17:00:00,2023.05.09 19:30:00,SKIP,XAUUSD,M3,236,FLAT,NA,EVENING,0,0.00,0.00,0.00,0.00,1.00,0.00,0.00,0.00,0.00,0.00,0.00,0.00,0.00,0.00,0.00,0.00,0.00,0.00,2027.94,2027.93,2026.98,2027.84,2027.89,0.631,1.51,31.43,64.68,59.48,0.31,-0.46,0.77,2026.23,2030.34,455,424,100.0,0.0,4,1,CROSS=EMA9<EMA21;TREND=1;STRUCT=1;VOL=1;COOL=1;EMA50=1;VWAP=1;BIAS=1,0.00,0.00,27064.97,27064.97,outside the killzone window
768,2023.05.09 17:33:00,2023.05.09 20:03:00,SKIP,XAUUSD,M3,236,FLAT,NA,EVENING,0,0.00,0.00,0.00,0.00,1.00,0.00,0.00,0.00,0.00,0.00,0.00,0.00,0.00,0.00,0.00,0.00,0.00,0.00,2027.89,2027.92,2027.08,2027.97,2027.96,0.581,1.45,42.67,42.35,46.44,-0.11,0.26,-0.36,2026.38,2026.02,434,444,0.0,85.7,1,1,CROSS=EMA9<EMA21;TREND=1;STRUCT=1;VOL=1;COOL=1;EMA50=1;VWAP=1;BIAS=1,0.00,0.00,27064.97,27064.97,outside the killzone window
769,2023.05.09 19:24:00,2023.05.09 21:54:00,SKIP,XAUUSD,M3,236,FLAT,NA,EVENING,0,0.00,0.00,0.00,0.00,1.00,0.00,0.00,0.00,0.00,0.00,0.00,0.00,0.00,0.00,0.00,0.00,0.00,0.00,2027.68,2027.62,2027.12,2027.49,2027.52,0.493,1.00,60.56,77.94,68.65,1.28,0.57,0.71,2026.51,2032.27,395,352,100.0,0.0,1,1,CROSS=EMA9<EMA21;TREND=1;STRUCT=1;VOL=1;COOL=1;EMA50=1;VWAP=1;BIAS=1,0.00,0.00,27064.97,27064.97,outside the killzone window
770,2023.05.10 01:02:00,2023.05.10 03:32:00,DAY_SUMMARY,XAUUSD,M3,236,FLAT,NA,DAY,0,0.00,0.00,0.00,0.00,1.00,0.00,0.00,0.00,0.00,0.00,0.00,0.00,0.00,0.00,0.00,0.00,-1.00,-139.36,2034.59,2033.64,2031.69,2034.60,2033.63,7.166,0.27,25.84,44.58,46.52,-0.08,-0.04,-0.04,2027.84,2034.42,33,41,28.6,57.1,12,1,CROSS=EMA9<EMA21;TREND=1;STRUCT=1;VOL=1;COOL=1;EMA50=1;VWAP=1;BIAS=1,0.00,0.00,27064.97,27064.97,2023.05.09 trades=1 W=0 L=1 gross_profit=0.00 gross_loss=139.36 net=-139.36 PF=0.00
771,2023.05.10 05:06:00,2023.05.10 07:36:00,SKIP,XAUUSD,M3,236,FLAT,NA,DAY,0,0.00,0.00,0.00,0.00,1.00,0.00,0.00,0.00,0.00,0.00,0.00,0.00,0.00,0.00,0.00,0.00,0.00,0.00,2035.07,2035.13,2033.91,2035.19,2035.19,1.579,0.77,52.40,26.93,25.56,-0.86,-0.67,-0.19,2035.45,2032.10,186,196,0.0,85.7,7,1,CROSS=EMA9<EMA21;TREND=1;STRUCT=1;VOL=1;COOL=1;EMA50=1;VWAP=1;BIAS=1,0.00,0.00,27064.97,27064.97,already positioned that way
772,2023.05.10 13:45:00,2023.05.10 16:15:00,ENTRY,XAUUSD,M3,238,BUY,FULLTGT,EVENING,0,2031.84,2030.73,2030.73,1.11,1.00,1.11,2032.95,2034.07,2035.18,2036.30,2037.41,1.21,1.21,1.21,2031.84,0.00,0.00,0.00,2030.13,2030.12,2030.72,2030.06,2030.09,-1.081,0.56,39.35,63.77,63.61,0.64,0.55,0.09,2031.57,2031.79,129,108,85.7,14.3,6,1,CROSS=EMA9>EMA21;TREND=1;STRUCT=1;VOL=1;COOL=1;EMA50=1;VWAP=1;BIAS=1,0.00,0.00,27060.73,27053.47,KZ=NY; KZR=Asia H @ 2057.14 2804 bars ago (high taken); EVENING 4PM-12AM IST session: stop x1.00 of usual; no partials; full size to TP5; SL steps BE->TP1->TP2->TP3
773,2023.05.10 14:01:22,2023.05.10 16:31:22,EXIT_SL,XAUUSD,M3,238,BUY,FULLTGT,EVENING,0,2031.84,2030.73,2030.73,1.11,1.00,1.11,2032.95,2034.07,2035.18,2036.30,2037.41,1.21,1.21,0.00,2030.73,0.00,-1.00,-142.79,2030.42,2030.27,2030.77,2030.38,2030.25,-0.992,0.50,34.99,54.71,57.93,0.53,0.60,-0.07,2031.57,2031.29,120,106,57.1,42.9,5,1,CROSS=EMA9>EMA21;TREND=1;STRUCT=1;VOL=1;COOL=1;EMA50=1;VWAP=1;BIAS=1,0.23,-0.99,26922.18,26922.18,stopped at the initial SL (x1.00 of usual)
774,2023.05.10 15:12:00,2023.05.10 17:42:00,ENTRY,XAUUSD,M3,240,SELL,FULLTGT,EVENING,0,2028.45,2030.19,2030.19,1.74,1.00,1.74,2026.71,2024.98,2023.24,2021.50,2019.76,0.77,0.77,0.77,2028.45,0.00,0.00,0.00,2030.21,2030.23,2030.65,2030.28,2030.26,-0.483,0.87,36.93,34.29,35.46,-0.50,-0.31,-0.20,2031.36,2028.46,311,196,0.0,100.0,6,1,CROSS=EMA9<EMA21;TREND=1;STRUCT=1;VOL=1;COOL=1;EMA50=1;VWAP=1;BIAS=1,0.00,0.00,26919.48,26914.86,KZ=NY; KZR=Asia H @ 2057.14 2833 bars ago (high taken); EVENING 4PM-12AM IST session: stop x1.00 of usual; no partials; full size to TP5; SL steps BE->TP1->TP2->TP3
775,2023.05.10 15:20:38,2023.05.10 17:50:38,EXIT_SL,XAUUSD,M3,240,SELL,FULLTGT,EVENING,0,2028.45,2030.19,2030.19,1.74,1.00,1.74,2026.71,2024.98,2023.24,2021.50,2019.76,0.77,0.77,0.00,2030.19,0.00,-1.00,-139.38,2030.06,2030.15,2030.60,2030.15,2030.20,-0.514,0.87,40.26,32.38,38.43,-0.62,-0.42,-0.20,2031.32,2027.94,255,206,0.0,100.0,2,1,CROSS=EMA9<EMA21;TREND=1;STRUCT=1;VOL=1;COOL=1;EMA50=1;VWAP=1;BIAS=1,0.74,-0.98,26782.80,26782.80,stopped at the initial SL (x1.00 of usual)
776,2023.05.10 15:33:00,2023.05.10 18:03:00,ENTRY,XAUUSD,M3,242,BUY,FULLTGT,EVENING,0,2044.95,2039.90,2039.90,5.05,1.00,5.05,2050.00,2055.04,2060.09,2065.14,2070.19,0.26,0.26,0.26,2044.95,0.00,0.00,0.00,2030.39,2030.30,2030.65,2029.79,2030.00,-0.139,2.52,32.46,83.24,51.10,0.71,-0.47,1.17,2031.35,2045.09,677,278,100.0,0.0,3,1,CROSS=EMA9>EMA21;TREND=1;STRUCT=1;VOL=1;COOL=1;EMA50=1;VWAP=1;BIAS=1,0.00,0.00,26781.89,26781.11,KZ=NY; KZR=Asia H @ 2057.14 2840 bars ago (high taken); EVENING 4PM-12AM IST session: stop x1.00 of usual; no partials; full size to TP5; SL steps BE->TP1->TP2->TP3
777,2023.05.10 15:35:41,2023.05.10 18:05:41,EXIT_SL,XAUUSD,M3,242,BUY,FULLTGT,EVENING,0,2044.95,2039.90,2039.90,5.05,1.00,5.05,2050.00,2055.04,2060.09,2065.14,2070.19,0.26,0.26,0.00,2039.88,0.00,-1.00,-133.64,2030.39,2030.30,2030.65,2029.79,2030.00,-0.139,2.52,32.46,83.24,73.52,0.71,-0.47,1.17,2031.35,2045.09,677,278,100.0,0.0,3,1,CROSS=EMA9>EMA21;TREND=1;STRUCT=1;VOL=1;COOL=1;EMA50=1;VWAP=1;BIAS=1,0.15,-1.00,26649.16,26649.16,stopped at the initial SL (x1.00 of usual)
778,2023.05.10 18:12:00,2023.05.10 20:42:00,SKIP,XAUUSD,M3,242,FLAT,NA,EVENING,0,0.00,0.00,0.00,0.00,1.00,0.00,0.00,0.00,0.00,0.00,0.00,0.00,0.00,0.00,0.00,0.00,0.00,0.00,2033.12,2033.28,2032.69,2033.51,2033.48,0.294,2.02,73.16,20.73,30.09,-2.51,-2.08,-0.43,2033.67,2023.54,586,519,0.0,100.0,1,1,CROSS=EMA9>EMA21;TREND=1;STRUCT=1;VOL=1;COOL=1;EMA50=1;VWAP=1;BIAS=1,0.00,0.00,26649.16,26649.16,outside the killzone window
779,2023.05.10 21:42:00,2023.05.11 00:12:00,SKIP,XAUUSD,M3,242,FLAT,NA,DAY,0,0.00,0.00,0.00,0.00,1.00,0.00,0.00,0.00,0.00,0.00,0.00,0.00,0.00,0.00,0.00,0.00,0.00,0.00,2030.05,2030.02,2030.53,2029.97,2029.97,-0.854,0.60,25.70,64.57,65.98,0.64,0.65,-0.01,2032.18,2032.13,161,210,57.1,28.6,2,1,CROSS=EMA9>EMA21;TREND=1;STRUCT=1;VOL=1;COOL=1;EMA50=1;VWAP=1;BIAS=1,0.00,0.00,26649.16,26649.16,outside the killzone window
780,2023.05.11 01:02:00,2023.05.11 03:32:00,DAY_SUMMARY,XAUUSD,M3,242,FLAT,NA,DAY,0,0.00,0.00,0.00,0.00,1.00,0.00,0.00,0.00,0.00,0.00,0.00,0.00,0.00,0.00,0.00,0.00,-3.00,-415.81,2030.75,2030.58,2030.71,2030.78,2030.59,-0.273,0.45,31.08,39.59,43.10,-0.14,0.05,-0.19,2032.11,2030.10,64,40,28.6,71.4,12,1,CROSS=EMA9>EMA21;TREND=1;STRUCT=1;VOL=1;COOL=1;EMA50=1;VWAP=1;BIAS=1,0.00,0.00,26649.16,26649.16,2023.05.10 trades=3 W=0 L=3 gross_profit=0.00 gross_loss=415.81 net=-415.81 PF=0.00
781,2023.05.11 07:24:00,2023.05.11 09:54:00,SKIP,XAUUSD,M3,242,FLAT,NA,DAY,0,0.00,0.00,0.00,0.00,1.00,0.00,0.00,0.00,0.00,0.00,0.00,0.00,0.00,0.00,0.00,0.00,0.00,0.00,2032.41,2032.42,2032.04,2032.44,2032.43,0.970,0.38,28.27,42.99,41.27,-0.27,-0.22,-0.05,2033.16,2031.73,83,69,0.0,100.0,9,1,CROSS=EMA9>EMA21;TREND=1;STRUCT=1;VOL=1;COOL=1;EMA50=1;VWAP=1;BIAS=1,0.00,0.00,26649.16,26649.16,outside the killzone window
782,2023.05.11 14:15:00,2023.05.11 16:45:00,SKIP,XAUUSD,M3,242,FLAT,NA,EVENING,0,0.00,0.00,0.00,0.00,1.00,0.00,0.00,0.00,0.00,0.00,0.00,0.00,0.00,0.00,0.00,0.00,0.00,0.00,2027.65,2027.57,2028.57,2027.36,2027.43,-0.906,1.11,53.21,83.39,80.85,1.32,0.86,0.46,2029.23,2034.53,296,186,100.0,0.0,4,1,CROSS=EMA9>EMA21;TREND=1;STRUCT=1;VOL=1;COOL=1;EMA50=1;VWAP=1;BIAS=1,0.00,0.00,26649.16,26649.16,already positioned that way
783,2023.05.11 16:54:00,2023.05.11 19:24:00,ENTRY,XAUUSD,M3,244,SELL,FULLTGT,EVENING,0,2013.62,2020.39,2020.39,6.77,1.00,6.77,2006.85,2000.09,1993.32,1986.55,1979.78,0.19,0.19,0.19,2013.62,0.00,0.00,0.00,2030.56,2030.70,2030.41,2031.24,2031.04,0.086,3.38,49.00,17.72,23.32,-4.16,-2.35,-1.81,2030.81,2013.84,636,567,0.0,100.0,3,1,CROSS=EMA9<EMA21;TREND=1;STRUCT=1;VOL=1;COOL=1;EMA50=1;VWAP=1;BIAS=1,0.00,0.00,26648.49,26647.92,KZ=NY; KZR=Asia L @ 2014.62 0 bars ago (low taken); EVENING 4PM-12AM IST session: stop x1.00 of usual; no partials; full size to TP5; SL steps BE->TP1->TP2->TP3
784,2023.05.11 17:33:35,2023.05.11 20:03:35,EXIT_SL,XAUUSD,M3,244,SELL,FULLTGT,EVENING,0,2013.62,2020.39,2020.39,6.77,1.00,6.77,2006.85,2000.09,1993.32,1986.55,1979.78,0.19,0.19,0.00,2020.40,0.00,-1.00,-130.16,2024.67,2027.32,2028.64,2024.89,2027.48,-0.549,2.40,26.66,45.44,31.54,-3.25,-4.36,1.11,2029.27,2019.36,468,570,14.3,71.4,5,1,CROSS=EMA9<EMA21;TREND=1;STRUCT=1;VOL=1;COOL=1;EMA50=1;VWAP=1;BIAS=1,0.37,-1.00,26519.00,26519.00,stopped at the initial SL (x1.00 of usual)
785,2023.05.12 01:02:00,2023.05.12 03:32:00,DAY_SUMMARY,XAUUSD,M3,244,FLAT,NA,DAY,0,0.00,0.00,0.00,0.00,1.00,0.00,0.00,0.00,0.00,0.00,0.00,0.00,0.00,0.00,0.00,0.00,-1.00,-130.16,2014.75,2015.91,2018.97,2014.74,2015.93,-8.905,0.34,30.51,56.31,52.43,0.04,-0.10,0.14,2025.31,2014.95,35,63,57.1,28.6,12,1,CROSS=EMA9<EMA21;TREND=1;STRUCT=1;VOL=1;COOL=1;EMA50=1;VWAP=1;BIAS=1,0.00,0.00,26519.00,26519.00,2023.05.11 trades=1 W=0 L=1 gross_profit=0.00 gross_loss=130.16 net=-130.16 PF=0.00
786,2023.05.12 03:33:00,2023.05.12 06:03:00,ENTRY,XAUUSD,M3,246,BUY,FULLTGT,DAY,0,2017.29,2016.37,2016.37,0.92,1.00,0.92,2018.21,2019.12,2020.04,2020.96,2021.88,1.44,1.44,1.44,2017.29,0.00,0.00,0.00,2016.09,2016.07,2017.82,2016.04,2016.05,-3.816,0.46,20.62,63.53,59.32,0.35,0.32,0.03,2016.24,2017.21,87,94,71.4,0.0,7,1,CROSS=EMA9>EMA21;TREND=1;STRUCT=1;VOL=1;COOL=1;EMA50=1;VWAP=1;BIAS=1,0.00,0.00,26513.96,26503.88,KZ=ASIA; KZR=Asia L @ 2014.62 213 bars ago (low taken); DAY 12AM-4PM IST session: stop x1.00 of usual; no partials; full size to TP5; SL steps BE->TP1->TP2->TP3
787,2023.05.12 03:41:16,2023.05.12 06:11:16,EXIT_SL,XAUUSD,M3,246,BUY,FULLTGT,DAY,0,2017.29,2016.37,2016.37,0.92,1.00,0.92,2018.21,2019.12,2020.04,2020.96,2021.88,1.44,1.44,0.00,2016.37,0.00,-1.00,-142.56,2016.18,2016.12,2017.81,2016.14,2016.10,-3.536,0.48,19.93,59.03,55.39,0.36,0.34,0.02,2016.31,2017.09,143,102,71.4,14.3,5,1,CROSS=EMA9>EMA21;TREND=1;STRUCT=1;VOL=1;COOL=1;EMA50=1;VWAP=1;BIAS=1,0.29,-0.99,26376.44,26376.44,stopped at the initial SL (x1.00 of usual)
788,2023.05.12 04:12:00,2023.05.12 06:42:00,ENTRY,XAUUSD,M3,248,SELL,FULLTGT,DAY,0,2015.60,2017.05,2017.05,1.45,1.00,1.45,2014.15,2012.71,2011.26,2009.82,2008.37,0.91,0.91,0.91,2015.60,0.00,0.00,0.00,2016.06,2016.07,2017.61,2016.08,2016.08,-2.132,0.72,28.52,42.41,47.62,-0.16,-0.06,-0.10,2016.16,2015.53,175,143,0.0,100.0,8,1,CROSS=EMA9<EMA21;TREND=1;STRUCT=1;VOL=1;COOL=1;EMA50=1;VWAP=1;BIAS=1,0.00,0.00,26373.25,26365.97,KZ=ASIA; KZR=Asia L @ 2014.62 226 bars ago (low taken); DAY 12AM-4PM IST session: stop x1.00 of usual; no partials; full size to TP5; SL steps BE->TP1->TP2->TP3
789,2023.05.12 04:26:14,2023.05.12 06:56:14,TP1_REACHED,XAUUSD,M3,248,SELL,FULLTGT,DAY,0,2015.60,2017.05,2017.05,1.45,1.00,1.45,2014.15,2012.71,2011.26,2009.82,2008.37,0.91,0.00,0.91,2014.15,1.00,1.00,0.00,2016.02,2016.05,2017.54,2016.03,2016.05,-2.122,0.70,25.44,44.44,42.49,-0.16,-0.14,-0.03,2016.12,2015.63,147,152,0.0,85.7,2,1,CROSS=EMA9<EMA21;TREND=1;STRUCT=1;VOL=1;COOL=1;EMA50=1;VWAP=1;BIAS=1,1.00,-0.59,26373.25,26506.11,full target: no partial booked
790,2023.05.12 04:29:28,2023.05.12 06:59:28,TP2_REACHED,XAUUSD,M3,248,SELL,FULLTGT,DAY,0,2015.60,2017.05,2017.05,1.45,1.00,1.45,2014.15,2012.71,2011.26,2009.82,2008.37,0.91,0.00,0.91,2012.71,2.00,2.00,0.00,2015.96,2016.02,2017.51,2016.02,2016.05,-2.052,0.73,29.17,34.93,42.49,-0.26,-0.16,-0.10,2016.05,2014.58,301,164,0.0,100.0,8,1,CROSS=EMA9<EMA21;TREND=1;STRUCT=1;VOL=1;COOL=1;EMA50=1;VWAP=1;BIAS=1,2.00,-0.59,26373.25,26642.61,full target: no partial booked
791,2023.05.12 04:30:39,2023.05.12 07:00:39,TP3_REACHED,XAUUSD,M3,248,SELL,FULLTGT,DAY,0,2015.60,2017.05,2017.05,1.45,1.00,1.45,2014.15,2012.71,2011.26,2009.82,2008.37,0.91,0.00,0.91,2011.26,3.00,3.00,0.00,2015.79,2015.93,2017.45,2015.96,2016.02,-1.650,0.92,33.91,20.84,21.53,-0.57,-0.21,-0.36,2015.86,2011.50,351,176,0.0,100.0,8,1,CROSS=EMA9<EMA21;TREND=1;STRUCT=1;VOL=1;COOL=1;EMA50=1;VWAP=1;BIAS=1,3.00,-0.59,26373.25,26770.01,full target: no partial booked
792,2023.05.12 05:33:40,2023.05.12 08:03:40,TP4_REACHED,XAUUSD,M3,248,SELL,FULLTGT,DAY,0,2015.60,2017.05,2017.05,1.45,1.00,1.45,2014.15,2012.71,2011.26,2009.82,2008.37,0.91,0.00,0.91,2009.82,4.00,4.00,0.00,2013.62,2014.58,2016.42,2013.74,2014.67,-2.465,0.75,31.65,27.94,32.65,-0.82,-0.85,0.03,2014.46,2010.50,234,172,14.3,85.7,6,1,CROSS=EMA9<EMA21;TREND=1;STRUCT=1;VOL=1;COOL=1;EMA50=1;VWAP=1;BIAS=1,3.98,-0.59,26373.25,26900.14,full target: no partial booked
793,2023.05.12 09:12:14,2023.05.12 11:42:14,TP5_EXIT,XAUUSD,M3,248,SELL,FULLTGT,DAY,0,2015.60,2017.05,2017.05,1.45,1.00,1.45,2014.15,2012.71,2011.26,2009.82,2008.37,0.91,0.91,0.00,2008.36,5.00,5.00,0.00,2011.08,2011.86,2013.65,2011.18,2011.93,-1.762,1.01,29.97,35.64,37.85,-0.55,-0.34,-0.21,2012.71,2008.64,205,139,0.0,100.0,2,1,CROSS=EMA9<EMA21;TREND=1;STRUCT=1;VOL=1;COOL=1;EMA50=1;VWAP=1;BIAS=1,4.99,-0.59,27028.90,27028.90,full target reached; closed in full
794,2023.05.12 09:12:15,2023.05.12 11:42:15,EXIT_TP,XAUUSD,M3,248,SELL,FULLTGT,DAY,0,2015.60,2017.05,2017.05,1.45,1.00,1.45,2014.15,2012.71,2011.26,2009.82,2008.37,0.91,0.91,0.00,2008.36,0.00,5.01,652.46,2011.08,2011.86,2013.65,2011.18,2011.93,-1.762,1.01,29.97,35.64,37.85,-0.55,-0.34,-0.21,2012.71,2008.64,205,139,0.0,100.0,2,1,CROSS=EMA9<EMA21;TREND=1;STRUCT=1;VOL=1;COOL=1;EMA50=1;VWAP=1;BIAS=1,4.99,-0.59,27028.90,27028.90,TP5 exit
795,2023.05.12 15:54:00,2023.05.12 18:24:00,ENTRY,XAUUSD,M3,250,BUY,FULLTGT,EVENING,0,2015.49,2011.97,2011.97,3.52,1.00,3.52,2019.01,2022.52,2026.04,2029.56,2033.08,0.38,0.38,0.38,2015.49,0.00,0.00,0.00,2007.38,2007.22,2008.69,2007.05,2007.05,-0.835,1.76,60.44,80.14,80.03,2.47,1.47,1.00,2009.66,2015.46,455,360,100.0,0.0,3,1,CROSS=EMA9>EMA21;TREND=1;STRUCT=1;VOL=1;COOL=1;EMA50=1;VWAP=1;BIAS=1,0.00,0.00,27027.57,27026.43,KZ=NY; KZR=NY L @ 2001.16 62 bars ago (low taken); EVENING 4PM-12AM IST session: stop x1.00 of usual; no partials; full size to TP5; SL steps BE->TP1->TP2->TP3
796,2023.05.12 16:06:04,2023.05.12 18:36:04,TP1_REACHED,XAUUSD,M3,250,BUY,FULLTGT,EVENING,0,2015.49,2011.97,2011.97,3.52,1.00,3.52,2019.01,2022.52,2026.04,2029.56,2033.08,0.38,0.00,0.38,2019.01,1.00,1.00,0.00,2008.58,2007.85,2008.95,2008.16,2007.63,-0.539,2.04,53.41,80.11,78.54,2.85,2.24,0.61,2009.85,2018.70,526,403,100.0,0.0,2,1,CROSS=EMA9>EMA21;TREND=1;STRUCT=1;VOL=1;COOL=1;EMA50=1;VWAP=1;BIAS=1,1.00,-0.75,27027.57,27161.71,full target: no partial booked
797,2023.05.12 16:48:40,2023.05.12 19:18:40,TP2_REACHED,XAUUSD,M3,250,BUY,FULLTGT,EVENING,0,2015.49,2011.97,2011.97,3.52,1.00,3.52,2019.01,2022.52,2026.04,2029.56,2033.08,0.38,0.00,0.38,2022.52,2.00,2.00,0.00,2012.79,2010.42,2010.18,2012.46,2010.20,0.151,1.59,25.29,70.71,70.67,2.47,2.61,-0.14,2010.81,2020.96,514,457,85.7,14.3,4,1,CROSS=EMA9>EMA21;TREND=1;STRUCT=1;VOL=1;COOL=1;EMA50=1;VWAP=1;BIAS=1,2.00,-0.75,27027.57,27295.09,full target: no partial booked
798,2023.05.12 17:31:34,2023.05.12 20:01:34,EXIT_SL,XAUUSD,M3,250,BUY,FULLTGT,EVENING,0,2015.49,2011.97,2011.97,3.52,1.00,3.52,2019.01,2022.52,2026.04,2029.56,2033.08,0.38,0.38,0.00,2011.96,0.00,-1.00,-136.80,2014.52,2012.03,2011.09,2014.56,2012.00,0.425,2.23,41.02,38.06,45.10,-0.37,0.76,-1.13,2011.57,2013.58,550,517,42.9,57.1,5,1,CROSS=EMA9>EMA21;TREND=1;STRUCT=1;VOL=1;COOL=1;EMA50=1;VWAP=1;BIAS=1,2.02,-1.00,26892.10,26892.10,stopped at the initial SL (x1.00 of usual)
799,2023.05.12 23:12:00,2023.05.13 01:42:00,SKIP,XAUUSD,M3,250,FLAT,NA,DAY,0,0.00,0.00,0.00,0.00,1.00,0.00,0.00,0.00,0.00,0.00,0.00,0.00,0.00,0.00,0.00,0.00,0.00,0.00,2012.73,2012.77,2012.23,2012.81,2012.80,1.197,0.45,35.67,31.84,31.86,-0.74,-0.67,-0.07,2011.84,2010.95,44,144,0.0,85.7,12,1,CROSS=EMA9>EMA21;TREND=1;STRUCT=1;VOL=1;COOL=1;EMA50=1;VWAP=1;BIAS=1,0.00,0.00,26892.10,26892.10,outside the killzone window
800,2023.05.15 01:02:00,2023.05.15 03:32:00,DAY_SUMMARY,XAUUSD,M3,250,FLAT,NA,DAY,0,0.00,0.00,0.00,0.00,1.00,0.00,0.00,0.00,0.00,0.00,0.00,0.00,0.00,0.00,0.00,0.00,3.00,373.10,2011.93,2012.30,2012.05,2011.98,2012.32,0.770,0.32,20.47,40.16,37.58,-0.31,-0.43,0.12,2011.83,2010.91,45,52,14.3,57.1,12,1,CROSS=EMA9>EMA21;TREND=1;STRUCT=1;VOL=1;COOL=1;EMA50=1;VWAP=1;BIAS=1,0.00,0.00,26892.10,26892.10,2023.05.12 trades=3 W=1 L=2 gross_profit=652.46 gross_loss=279.36 net=373.10 PF=2.34
801,2023.05.15 01:02:00,2023.05.15 03:32:00,WEEK_SUMMARY,XAUUSD,M3,250,FLAT,NA,DAY,0,0.00,0.00,0.00,0.00,1.00,0.00,0.00,0.00,0.00,0.00,0.00,0.00,0.00,0.00,0.00,0.00,-4.06,-605.52,2011.93,2012.30,2012.05,2011.98,2012.32,0.770,0.32,20.47,40.16,37.58,-0.31,-0.43,0.12,2011.83,2010.91,45,52,14.3,57.1,12,1,CROSS=EMA9>EMA21;TREND=1;STRUCT=1;VOL=1;COOL=1;EMA50=1;VWAP=1;BIAS=1,0.00,0.00,26892.10,26892.10,days=5 trades=10 W=1 L=9 gross_profit=652.46 gross_loss=1257.98 net=-605.52 PF=0.52 pips=-1743.0
802,2023.05.15 04:21:00,2023.05.15 06:51:00,SKIP,XAUUSD,M3,250,FLAT,NA,DAY,0,0.00,0.00,0.00,0.00,1.00,0.00,0.00,0.00,0.00,0.00,0.00,0.00,0.00,0.00,0.00,0.00,0.00,0.00,2011.46,2011.40,2011.51,2011.29,2011.31,-0.124,0.91,60.06,83.92,75.06,1.43,0.84,0.59,2011.54,2015.43,197,159,85.7,14.3,6,1,CROSS=EMA9>EMA21;TREND=1;STRUCT=1;VOL=1;COOL=1;EMA50=1;VWAP=1;BIAS=1,0.00,0.00,26892.10,26892.10,already positioned that way
803,2023.05.15 13:54:00,2023.05.15 16:24:00,ENTRY,XAUUSD,M3,252,SELL,FULLTGT,EVENING,0,2015.30,2016.35,2016.35,1.05,1.00,1.05,2014.25,2013.19,2012.14,2011.09,2010.04,1.27,1.27,1.27,2015.30,0.00,0.00,0.00,2016.52,2016.52,2015.73,2016.57,2016.55,1.506,0.53,18.47,39.36,41.05,-0.24,-0.22,-0.02,2015.53,2015.28,125,127,0.0,71.4,1,1,CROSS=EMA9<EMA21;TREND=1;STRUCT=1;VOL=1;COOL=1;EMA50=1;VWAP=1;BIAS=1,0.00,0.00,26887.65,26886.38,KZ=NY; KZR=NY L @ 2001.16 1462 bars ago (low taken); EVENING 4PM-12AM IST session: stop x1.00 of usual; no partials; full size to TP5; SL steps BE->TP1->TP2->TP3
804,2023.05.15 14:01:06,2023.05.15 16:31:06,TP1_REACHED,XAUUSD,M3,252,SELL,FULLTGT,EVENING,0,2015.30,2016.35,2016.35,1.05,1.00,1.05,2014.25,2013.19,2012.14,2011.09,2010.04,1.27,0.00,1.27,2014.25,1.00,1.00,0.00,2016.38,2016.45,2015.71,2016.45,2016.49,1.261,0.59,23.73,34.87,36.57,-0.37,-0.23,-0.14,2015.52,2014.74,102,129,0.0,71.4,2,1,CROSS=EMA9<EMA21;TREND=1;STRUCT=1;VOL=1;COOL=1;EMA50=1;VWAP=1;BIAS=1,1.00,-0.28,26887.65,27022.27,full target: no partial booked
805,2023.05.15 14:01:38,2023.05.15 16:31:38,TP2_REACHED,XAUUSD,M3,252,SELL,FULLTGT,EVENING,0,2015.30,2016.35,2016.35,1.05,1.00,1.05,2014.25,2013.19,2012.14,2011.09,2010.04,1.27,0.00,1.27,2013.19,2.00,2.00,0.00,2016.38,2016.45,2015.71,2016.45,2016.49,1.261,0.59,23.73,34.87,36.57,-0.37,-0.23,-0.14,2015.52,2014.74,102,129,0.0,71.4,2,1,CROSS=EMA9<EMA21;TREND=1;STRUCT=1;VOL=1;COOL=1;EMA50=1;VWAP=1;BIAS=1,1.99,-0.28,26887.65,27163.24,full target: no partial booked
806,2023.05.15 14:40:35,2023.05.15 17:10:35,TP3_REACHED,XAUUSD,M3,252,SELL,FULLTGT,EVENING,0,2015.30,2016.35,2016.35,1.05,1.00,1.05,2014.25,2013.19,2012.14,2011.09,2010.04,1.27,0.00,1.27,2012.14,3.00,3.00,0.00,2015.50,2015.94,2015.53,2015.61,2016.00,0.411,1.00,23.94,33.17,34.12,-0.54,-0.47,-0.07,2015.44,2012.75,316,158,0.0,85.7,2,1,CROSS=EMA9<EMA21;TREND=1;STRUCT=1;VOL=1;COOL=1;EMA50=1;VWAP=1;BIAS=1,2.99,-0.56,26887.65,27290.24,full target: no partial booked
807,2023.05.15 15:30:23,2023.05.15 18:00:23,EXIT_SL,XAUUSD,M3,252,SELL,FULLTGT,EVENING,0,2015.30,2016.35,2016.35,1.05,1.00,1.05,2014.25,2013.19,2012.14,2011.09,2010.04,1.27,1.27,0.00,2016.41,0.00,-1.05,-149.87,2014.22,2015.07,2015.12,2014.25,2015.10,-0.051,1.01,20.44,51.13,47.32,-0.40,-0.64,0.24,2015.23,2013.64,261,206,42.9,42.9,5,1,CROSS=EMA9<EMA21;TREND=1;STRUCT=1;VOL=1;COOL=1;EMA50=1;VWAP=1;BIAS=1,3.55,-0.99,26742.23,26742.23,stopped at the initial SL (x1.00 of usual)
808,2023.05.15 16:39:00,2023.05.15 19:09:00,ENTRY,XAUUSD,M3,254,BUY,FULLTGT,EVENING,0,2016.51,2013.85,2013.85,2.66,1.00,2.66,2019.17,2021.83,2024.49,2027.16,2029.82,0.50,0.50,0.50,2016.51,0.00,0.00,0.00,2015.66,2015.65,2015.43,2015.62,2015.63,0.159,1.33,17.38,52.36,58.61,0.43,0.40,0.03,2015.48,2016.47,458,334,71.4,14.3,4,1,CROSS=EMA9>EMA21;TREND=1;STRUCT=1;VOL=1;COOL=1;EMA50=1;VWAP=1;BIAS=1,0.00,0.00,26740.48,26738.48,KZ=NY; KZR=NY L @ 2001.16 1517 bars ago (low taken); EVENING 4PM-12AM IST session: stop x1.00 of usual; no partials; full size to TP5; SL steps BE->TP1->TP2->TP3
809,2023.05.15 16:47:40,2023.05.15 19:17:40,TP1_REACHED,XAUUSD,M3,254,BUY,FULLTGT,EVENING,0,2016.51,2013.85,2013.85,2.66,1.00,2.66,2019.17,2021.83,2024.49,2027.16,2029.82,0.50,0.00,0.50,2019.17,1.00,1.00,0.00,2015.85,2015.75,2015.49,2015.77,2015.71,0.186,1.38,20.51,56.72,60.36,0.61,0.42,0.18,2015.52,2017.79,414,336,71.4,14.3,5,1,CROSS=EMA9>EMA21;TREND=1;STRUCT=1;VOL=1;COOL=1;EMA50=1;VWAP=1;BIAS=1,1.00,-0.02,26740.48,26875.48,full target: no partial booked
810,2023.05.15 16:58:36,2023.05.15 19:28:36,TP2_REACHED,XAUUSD,M3,254,BUY,FULLTGT,EVENING,0,2016.51,2013.85,2013.85,2.66,1.00,2.66,2019.17,2021.83,2024.49,2027.16,2029.82,0.50,0.00,0.50,2021.83,2.00,2.00,0.00,2016.49,2016.08,2015.67,2016.30,2015.98,0.291,1.42,37.71,67.52,69.20,1.20,0.70,0.50,2015.67,2021.14,438,350,100.0,0.0,1,1,CROSS=EMA9>EMA21;TREND=1;STRUCT=1;VOL=1;COOL=1;EMA50=1;VWAP=1;BIAS=1,2.00,-0.02,26740.48,27007.48,full target: no partial booked
811,2023.05.15 17:52:38,2023.05.15 20:22:38,EXIT_SL,XAUUSD,M3,254,BUY,FULLTGT,EVENING,0,2016.51,2013.85,2013.85,2.66,1.00,2.66,2019.17,2021.83,2024.49,2027.16,2029.82,0.50,0.50,0.00,2013.85,0.00,-1.00,-136.50,2016.70,2016.38,2015.92,2016.77,2016.41,0.367,1.27,34.17,40.58,39.97,-0.65,-0.30,-0.35,2015.90,2015.01,279,416,14.3,71.4,1,1,CROSS=EMA9>EMA21;TREND=1;STRUCT=1;VOL=1;COOL=1;EMA50=1;VWAP=1;BIAS=1,2.13,-0.99,26605.73,26605.73,stopped at the initial SL (x1.00 of usual)
812,2023.05.15 18:18:00,2023.05.15 20:48:00,SKIP,XAUUSD,M3,254,FLAT,NA,EVENING,0,0.00,0.00,0.00,0.00,1.00,0.00,0.00,0.00,0.00,0.00,0.00,0.00,0.00,0.00,0.00,0.00,0.00,0.00,2016.09,2016.10,2015.81,2016.15,2016.13,0.286,1.02,26.39,43.99,42.89,-0.70,-0.78,0.08,2015.85,2014.75,224,342,14.3,71.4,6,1,CROSS=EMA9>EMA21;TREND=1;STRUCT=1;VOL=1;COOL=1;EMA50=1;VWAP=1;BIAS=1,0.00,0.00,26605.73,26605.73,outside the killzone window
813,2023.05.15 18:39:00,2023.05.15 21:09:00,SKIP,XAUUSD,M3,254,FLAT,NA,EVENING,0,0.00,0.00,0.00,0.00,1.00,0.00,0.00,0.00,0.00,0.00,0.00,0.00,0.00,0.00,0.00,0.00,0.00,0.00,2016.17,2016.14,2015.85,2016.11,2016.11,0.306,0.95,29.03,59.50,56.66,0.05,-0.39,0.45,2015.86,2017.52,251,273,85.7,0.0,1,1,CROSS=EMA9>EMA21;TREND=1;STRUCT=1;VOL=1;COOL=1;EMA50=1;VWAP=1;BIAS=1,0.00,0.00,26605.73,26605.73,outside the killzone window
814,2023.05.15 22:00:00,2023.05.16 00:30:00,SKIP,XAUUSD,M3,254,FLAT,NA,DAY,0,0.00,0.00,0.00,0.00,1.00,0.00,0.00,0.00,0.00,0.00,0.00,0.00,0.00,0.00,0.00,0.00,0.00,0.00,2017.26,2017.30,2016.85,2017.36,2017.35,0.803,0.57,47.18,26.26,27.33,-0.77,-0.64,-0.13,2016.28,2014.84,195,187,0.0,100.0,3,1,CROSS=EMA9>EMA21;TREND=1;STRUCT=1;VOL=1;COOL=1;EMA50=1;VWAP=1;BIAS=1,0.00,0.00,26605.73,26605.73,outside the killzone window
815,2023.05.16 01:02:00,2023.05.16 03:32:00,DAY_SUMMARY,XAUUSD,M3,254,FLAT,NA,DAY,0,0.00,0.00,0.00,0.00,1.00,0.00,0.00,0.00,0.00,0.00,0.00,0.00,0.00,0.00,0.00,0.00,-2.05,-286.37,2016.02,2016.38,2016.44,2016.01,2016.39,-0.198,0.25,21.68,62.96,55.74,0.12,0.06,0.07,2016.25,2016.32,35,35,57.1,14.3,12,1,CROSS=EMA9>EMA21;TREND=1;STRUCT=1;VOL=1;COOL=1;EMA50=1;VWAP=1;BIAS=1,0.00,0.00,26605.73,26605.73,2023.05.15 trades=2 W=0 L=2 gross_profit=0.00 gross_loss=286.37 net=-286.37 PF=0.00
816,2023.05.16 04:33:00,2023.05.16 07:03:00,SKIP,XAUUSD,M3,254,FLAT,NA,DAY,0,0.00,0.00,0.00,0.00,1.00,0.00,0.00,0.00,0.00,0.00,0.00,0.00,0.00,0.00,0.00,0.00,0.00,0.00,2015.89,2015.88,2016.05,2015.83,2015.85,-0.239,0.70,49.33,62.99,72.11,0.74,0.58,0.16,2015.71,2017.38,129,112,85.7,14.3,10,1,CROSS=EMA9>EMA21;TREND=1;STRUCT=1;VOL=1;COOL=1;EMA50=1;VWAP=1;BIAS=1,0.00,0.00,26605.73,26605.73,already positioned that way
817,2023.05.16 08:36:00,2023.05.16 11:06:00,SKIP,XAUUSD,M3,254,FLAT,NA,DAY,0,0.00,0.00,0.00,0.00,1.00,0.00,0.00,0.00,0.00,0.00,0.00,0.00,0.00,0.00,0.00,0.00,0.00,0.00,2016.40,2016.41,2016.36,2016.48,2016.45,0.088,0.57,24.88,28.86,32.32,-0.13,-0.06,-0.08,2016.27,2014.43,251,89,0.0,85.7,4,1,CROSS=EMA9>EMA21;TREND=1;STRUCT=1;VOL=1;COOL=1;EMA50=1;VWAP=1;BIAS=1,0.00,0.00,26605.73,26605.73,outside the killzone window
818,2023.05.17 04:21:00,2023.05.17 06:51:00,SKIP,XAUUSD,M3,254,FLAT,NA,DAY,0,0.00,0.00,0.00,0.00,1.00,0.00,0.00,0.00,0.00,0.00,0.00,0.00,0.00,0.00,0.00,0.00,0.00,0.00,1991.05,1991.04,1993.47,1991.01,1991.02,-3.138,0.78,26.89,54.53,58.62,0.22,0.32,-0.09,1990.91,1991.92,237,136,85.7,14.3,6,1,CROSS=EMA9>EMA21;TREND=1;STRUCT=1;VOL=1;COOL=1;EMA50=1;VWAP=1;BIAS=1,0.00,0.00,26605.73,26605.73,already positioned that way
819,2023.05.17 08:24:00,2023.05.17 10:54:00,SKIP,XAUUSD,M3,254,FLAT,NA,DAY,0,0.00,0.00,0.00,0.00,1.00,0.00,0.00,0.00,0.00,0.00,0.00,0.00,0.00,0.00,0.00,0.00,0.00,0.00,1991.48,1991.50,1992.47,1991.55,1991.53,-2.366,0.41,19.88,25.17,41.24,-0.22,-0.08,-0.14,1991.50,1989.88,231,92,0.0,85.7,1,1,CROSS=EMA9>EMA21;TREND=1;STRUCT=1;VOL=1;COOL=1;EMA50=1;VWAP=1;BIAS=1,0.00,0.00,26605.73,26605.73,outside the killzone window
820,2023.05.18 01:48:00,2023.05.18 04:18:00,SKIP,XAUUSD,M3,254,FLAT,NA,DAY,0,0.00,0.00,0.00,0.00,1.00,0.00,0.00,0.00,0.00,0.00,0.00,0.00,0.00,0.00,0.00,0.00,0.00,0.00,1982.74,1982.73,1983.46,1982.71,1982.72,-2.227,0.33,33.31,63.49,57.89,0.24,0.15,0.09,1982.87,1983.48,54,47,100.0,0.0,5,1,CROSS=EMA9>EMA21;TREND=1;STRUCT=1;VOL=1;COOL=1;EMA50=1;VWAP=1;BIAS=1,0.00,0.00,26605.73,26605.73,already positioned that way
821,2023.05.18 03:24:00,2023.05.18 05:54:00,ENTRY,XAUUSD,M3,256,SELL,FULLTGT,DAY,0,1982.42,1983.10,1983.10,0.68,1.00,0.68,1981.74,1981.06,1980.38,1979.71,1979.03,1.96,1.96,1.96,1982.42,0.00,0.00,0.00,1982.79,1982.80,1983.31,1982.81,1982.81,-1.501,0.34,27.13,40.85,38.78,-0.19,-0.12,-0.07,1982.83,1982.40,62,47,14.3,85.7,9,1,CROSS=EMA9<EMA21;TREND=1;STRUCT=1;VOL=1;COOL=1;EMA50=1;VWAP=1;BIAS=1,0.00,0.00,26598.87,26581.23,KZ=ASIA; KZR=Asia L @ 1988.89 378 bars ago (low taken); DAY 12AM-4PM IST session: stop x1.00 of usual; no partials; full size to TP5; SL steps BE->TP1->TP2->TP3
822,2023.05.18 03:45:25,2023.05.18 06:15:25,EXIT_SL,XAUUSD,M3,256,SELL,FULLTGT,DAY,0,1982.42,1983.10,1983.10,0.68,1.00,0.68,1981.74,1981.06,1980.38,1979.71,1979.03,1.96,1.96,0.00,1983.12,0.00,-1.03,-150.92,1982.73,1982.76,1983.25,1982.72,1982.76,-1.226,0.40,17.12,54.40,51.90,-0.11,-0.16,0.05,1982.77,1982.85,99,61,71.4,14.3,2,1,CROSS=EMA9<EMA21;TREND=1;STRUCT=1;VOL=1;COOL=1;EMA50=1;VWAP=1;BIAS=1,0.43,-0.99,26454.81,26454.81,stopped at the initial SL (x1.00 of usual)
823,2023.05.18 03:57:00,2023.05.18 06:27:00,ENTRY,XAUUSD,M3,258,BUY,FULLTGT,DAY,0,1983.43,1982.57,1982.57,0.86,1.00,0.86,1984.29,1985.16,1986.02,1986.89,1987.75,1.53,1.53,1.53,1983.43,0.00,0.00,0.00,1982.81,1982.80,1983.26,1982.79,1982.79,-1.049,0.43,25.53,60.59,58.65,0.09,-0.07,0.15,1982.84,1983.35,88,76,85.7,14.3,8,1,CROSS=EMA9>EMA21;TREND=1;STRUCT=1;VOL=1;COOL=1;EMA50=1;VWAP=1;BIAS=1,0.00,0.00,26449.45,26437.21,KZ=ASIA; KZR=Asia L @ 1988.89 389 bars ago (low taken); DAY 12AM-4PM IST session: stop x1.00 of usual; no partials; full size to TP5; SL steps BE->TP1->TP2->TP3
824,2023.05.18 04:01:39,2023.05.18 06:31:39,EXIT_SL,XAUUSD,M3,258,BUY,FULLTGT,DAY,0,1983.43,1982.57,1982.57,0.86,1.00,0.86,1984.29,1985.16,1986.02,1986.89,1987.75,1.53,1.53,0.00,1982.56,0.00,-1.01,-143.83,1982.84,1982.82,1983.26,1982.81,1982.80,-1.020,0.43,29.02,63.07,61.25,0.13,-0.04,0.17,1982.86,1983.52,107,79,100.0,0.0,4,1,CROSS=EMA9>EMA21;TREND=1;STRUCT=1;VOL=1;COOL=1;EMA50=1;VWAP=1;BIAS=1,0.32,-0.96,26310.98,26310.98,stopped at the initial SL (x1.00 of usual)
825,2023.05.18 06:48:00,2023.05.18 09:18:00,ENTRY,XAUUSD,M3,260,SELL,FULLTGT,DAY,0,1982.22,1983.45,1983.45,1.23,1.00,1.23,1980.99,1979.76,1978.53,1977.31,1976.08,1.07,1.07,1.07,1982.22,0.00,0.00,0.00,1983.38,1983.40,1983.49,1983.43,1983.42,-0.144,0.61,31.36,39.25,38.30,-0.51,-0.55,0.05,1983.67,1982.22,60,108,14.3,71.4,5,1,CROSS=EMA9<EMA21;TREND=1;STRUCT=1;VOL=1;COOL=1;EMA50=1;VWAP=1;BIAS=1,0.00,0.00,26307.23,26301.88,KZ=ASIA; KZR=Asia L @ 1988.89 446 bars ago (low taken); DAY 12AM-4PM IST session: stop x1.00 of usual; no partials; full size to TP5; SL steps BE->TP1->TP2->TP3
826,2023.05.18 07:37:22,2023.05.18 10:07:22,TP1_REACHED,XAUUSD,M3,260,SELL,FULLTGT,DAY,0,1982.22,1983.45,1983.45,1.23,1.00,1.23,1980.99,1979.76,1978.53,1977.31,1976.08,1.07,0.00,1.07,1980.99,1.00,1.00,0.00,1982.70,1983.00,1983.26,1982.76,1983.04,-0.577,0.45,30.93,38.01,33.38,-0.38,-0.37,-0.02,1983.50,1981.28,84,77,0.0,100.0,4,1,CROSS=EMA9<EMA21;TREND=1;STRUCT=1;VOL=1;COOL=1;EMA50=1;VWAP=1;BIAS=1,0.98,-0.46,26307.23,26438.84,full target: no partial booked
827,2023.05.18 07:50:51,2023.05.18 10:20:51,TP2_REACHED,XAUUSD,M3,260,SELL,FULLTGT,DAY,0,1982.22,1983.45,1983.45,1.23,1.00,1.23,1980.99,1979.76,1978.53,1977.31,1976.08,1.07,0.00,1.07,1979.76,2.00,2.00,0.00,1982.33,1982.79,1983.14,1982.42,1982.84,-0.745,0.48,48.15,28.96,22.97,-0.66,-0.46,-0.21,1983.40,1980.02,56,85,0.0,85.7,2,1,CROSS=EMA9<EMA21;TREND=1;STRUCT=1;VOL=1;COOL=1;EMA50=1;VWAP=1;BIAS=1,1.99,-0.46,26307.23,26571.52,full target: no partial booked
828,2023.05.18 08:09:35,2023.05.18 10:39:35,TP3_REACHED,XAUUSD,M3,260,SELL,FULLTGT,DAY,0,1982.22,1983.45,1983.45,1.23,1.00,1.23,1980.99,1979.76,1978.53,1977.31,1976.08,1.07,0.00,1.07,1978.53,3.00,3.00,0.00,1981.65,1982.37,1982.90,1981.77,1982.44,-1.001,0.53,70.15,23.06,20.14,-0.84,-0.73,-0.11,1983.23,1978.74,92,81,0.0,100.0,7,1,CROSS=EMA9<EMA21;TREND=1;STRUCT=1;VOL=1;COOL=1;EMA50=1;VWAP=1;BIAS=1,2.98,-0.46,26307.23,26702.06,full target: no partial booked
829,2023.05.18 09:59:37,2023.05.18 12:29:37,TP4_REACHED,XAUUSD,M3,260,SELL,FULLTGT,DAY,0,1982.22,1983.45,1983.45,1.23,1.00,1.23,1980.99,1979.76,1978.53,1977.31,1976.08,1.07,0.00,1.07,1977.31,4.00,4.00,0.00,1979.65,1980.63,1981.71,1979.74,1980.69,-1.089,0.99,28.67,35.63,37.82,-0.13,0.15,-0.28,1981.84,1977.60,178,180,0.0,85.7,1,1,CROSS=EMA9<EMA21;TREND=1;STRUCT=1;VOL=1;COOL=1;EMA50=1;VWAP=1;BIAS=1,4.00,-0.46,26307.23,26835.81,full target: no partial booked
830,2023.05.18 10:55:24,2023.05.18 13:25:24,TP5_EXIT,XAUUSD,M3,260,SELL,FULLTGT,DAY,0,1982.22,1983.45,1983.45,1.23,1.00,1.23,1980.99,1979.76,1978.53,1977.31,1976.08,1.07,1.07,0.00,1976.06,5.00,5.00,0.00,1978.54,1979.65,1980.98,1978.59,1979.70,-1.310,1.02,27.86,45.44,42.07,-0.18,-0.35,0.17,1981.21,1977.45,124,176,14.3,71.4,1,1,CROSS=EMA9<EMA21;TREND=1;STRUCT=1;VOL=1;COOL=1;EMA50=1;VWAP=1;BIAS=1,5.05,-0.46,26962.60,26962.60,full target reached; closed in full
831,2023.05.18 10:55:24,2023.05.18 13:25:24,EXIT_TP,XAUUSD,M3,260,SELL,FULLTGT,DAY,0,1982.22,1983.45,1983.45,1.23,1.00,1.23,1980.99,1979.76,1978.53,1977.31,1976.08,1.07,1.07,0.00,1976.06,0.00,5.01,651.62,1978.54,1979.65,1980.98,1978.59,1979.70,-1.310,1.02,27.86,45.44,42.07,-0.18,-0.35,0.17,1981.21,1977.45,124,176,14.3,71.4,1,1,CROSS=EMA9<EMA21;TREND=1;STRUCT=1;VOL=1;COOL=1;EMA50=1;VWAP=1;BIAS=1,5.05,-0.46,26962.60,26962.60,TP5 exit
832,2023.05.19 01:02:00,2023.05.19 03:32:00,DAY_SUMMARY,XAUUSD,M3,260,FLAT,NA,DAY,0,0.00,0.00,0.00,0.00,1.00,0.00,0.00,0.00,0.00,0.00,0.00,0.00,0.00,0.00,0.00,0.00,2.98,356.87,1957.17,1957.71,1961.02,1957.16,1957.72,-15.857,0.21,13.27,52.45,53.26,0.09,0.10,-0.01,1968.75,1957.39,22,38,28.6,42.9,12,1,CROSS=EMA9<EMA21;TREND=1;STRUCT=1;VOL=1;COOL=1;EMA50=1;VWAP=1;BIAS=1,0.00,0.00,26962.60,26962.60,2023.05.18 trades=3 W=1 L=2 gross_profit=651.62 gross_loss=294.75 net=356.87 PF=2.21
833,2023.05.19 02:12:00,2023.05.19 04:42:00,ENTRY,XAUUSD,M3,262,BUY,FULLTGT,DAY,0,1959.07,1958.63,1958.63,0.44,1.00,0.44,1959.51,1959.96,1960.40,1960.84,1961.28,3.04,3.04,3.04,1959.07,0.00,0.00,0.00,1958.04,1958.03,1960.49,1958.01,1958.01,-11.102,0.22,36.69,64.56,68.10,0.32,0.32,-0.00,1958.49,1958.93,34,34,71.4,28.6,11,1,CROSS=EMA9>EMA21;TREND=1;STRUCT=1;VOL=1;COOL=1;EMA50=1;VWAP=1;BIAS=1,0.00,0.00,26951.96,26918.52,KZ=ASIA; KZR=NY L @ 1956.63 170 bars ago (low taken); DAY 12AM-4PM IST session: stop x1.00 of usual; no partials; full size to TP5; SL steps BE->TP1->TP2->TP3
834,2023.05.19 02:27:59,2023.05.19 04:57:59,EXIT_SL,XAUUSD,M3,262,BUY,FULLTGT,DAY,0,1959.07,1958.63,1958.63,0.44,1.00,0.44,1959.51,1959.96,1960.40,1960.84,1961.28,3.04,3.04,0.00,1958.62,0.00,-1.02,-158.08,1958.21,1958.12,1960.42,1958.19,1958.11,-10.815,0.21,32.39,56.73,60.55,0.26,0.31,-0.05,1958.58,1958.82,35,34,71.4,28.6,12,1,CROSS=EMA9>EMA21;TREND=1;STRUCT=1;VOL=1;COOL=1;EMA50=1;VWAP=1;BIAS=1,0.45,-0.95,26804.52,26804.52,stopped at the initial SL (x1.00 of usual)
835,2023.05.19 04:33:00,2023.05.19 07:03:00,ENTRY,XAUUSD,M3,264,SELL,FULLTGT,DAY,0,1955.59,1957.88,1957.88,2.29,1.00,2.29,1953.30,1951.00,1948.71,1946.42,1944.13,0.58,0.58,0.58,1955.59,0.00,0.00,0.00,1958.27,1958.27,1959.73,1958.38,1958.33,-1.276,1.15,25.29,35.54,42.79,-0.56,-0.12,-0.44,1958.36,1955.58,264,157,0.0,100.0,11,1,CROSS=EMA9<EMA21;TREND=1;STRUCT=1;VOL=1;COOL=1;EMA50=1;VWAP=1;BIAS=1,0.00,0.00,26802.49,26796.11,KZ=ASIA; KZR=NY L @ 1956.63 217 bars ago (low taken); DAY 12AM-4PM IST session: stop x1.00 of usual; no partials; full size to TP5; SL steps BE->TP1->TP2->TP3
836,2023.05.19 05:30:13,2023.05.19 08:00:13,EXIT_SL,XAUUSD,M3,264,SELL,FULLTGT,DAY,0,1955.59,1957.88,1957.88,2.29,1.00,2.29,1953.30,1951.00,1948.71,1946.42,1944.13,0.58,0.58,0.00,1957.88,0.00,-1.00,-136.88,1957.35,1957.71,1959.17,1957.34,1957.71,-1.937,0.75,15.71,55.33,51.57,-0.12,-0.31,0.19,1957.64,1957.61,108,152,42.9,28.6,3,1,CROSS=EMA9<EMA21;TREND=1;STRUCT=1;VOL=1;COOL=1;EMA50=1;VWAP=1;BIAS=1,0.69,-0.98,26667.64,26667.64,stopped at the initial SL (x1.00 of usual)
837,2023.05.19 05:57:00,2023.05.19 08:27:00,ENTRY,XAUUSD,M3,266,BUY,FULLTGT,DAY,0,1962.39,1960.64,1960.64,1.75,1.00,1.75,1964.14,1965.90,1967.65,1969.40,1971.15,0.76,0.76,0.76,1962.39,0.00,0.00,0.00,1958.13,1958.06,1959.22,1957.96,1957.98,-1.327,0.88,49.85,73.67,70.40,1.05,0.47,0.58,1957.96,1962.26,222,142,100.0,0.0,3,1,CROSS=EMA9>EMA21;TREND=1;STRUCT=1;VOL=1;COOL=1;EMA50=1;VWAP=1;BIAS=1,0.00,0.00,26664.98,26662.70,KZ=ASIA; KZR=NY L @ 1956.63 245 bars ago (low taken); DAY 12AM-4PM IST session: stop x1.00 of usual; no partials; full size to TP5; SL steps BE->TP1->TP2->TP3
838,2023.05.19 08:32:40,2023.05.19 11:02:40,EXIT_SL,XAUUSD,M3,266,BUY,FULLTGT,DAY,0,1962.39,1960.64,1960.64,1.75,1.00,1.75,1964.14,1965.90,1967.65,1969.40,1971.15,0.76,0.76,0.00,1960.64,0.00,-1.00,-138.32,1962.06,1961.05,1960.64,1962.06,1961.03,0.819,0.50,35.49,44.81,48.66,-0.19,-0.15,-0.04,1959.71,1962.00,60,86,28.6,57.1,10,1,CROSS=EMA9>EMA21;TREND=1;STRUCT=1;VOL=1;COOL=1;EMA50=1;VWAP=1;BIAS=1,1.00,-0.99,26529.32,26529.32,stopped at the initial SL (x1.00 of usual)
839,2023.05.19 14:42:00,2023.05.19 17:12:00,SKIP,XAUUSD,M3,266,FLAT,NA,EVENING,0,0.00,0.00,0.00,0.00,1.00,0.00,0.00,0.00,0.00,0.00,0.00,0.00,0.00,0.00,0.00,0.00,0.00,0.00,1964.83,1964.84,1963.95,1964.86,1964.85,0.995,0.89,36.88,47.76,41.78,-0.53,-0.55,0.02,1963.01,1964.09,247,172,42.9,57.1,1,1,CROSS=EMA9<EMA21;TREND=1;STRUCT=1;VOL=1;COOL=1;EMA50=1;VWAP=0;BIAS=1,0.00,0.00,26529.32,26529.32,quality filter
840,2023.05.19 18:30:00,2023.05.19 21:00:00,SKIP,XAUUSD,M3,266,FLAT,NA,EVENING,0,0.00,0.00,0.00,0.00,1.00,0.00,0.00,0.00,0.00,0.00,0.00,0.00,0.00,0.00,0.00,0.00,0.00,0.00,1963.16,1962.99,1963.07,1962.67,1962.75,-0.025,3.19,42.43,71.63,79.65,3.41,1.27,2.14,1962.79,1975.09,611,458,100.0,0.0,1,1,CROSS=EMA9<EMA21;TREND=1;STRUCT=1;VOL=1;COOL=1;EMA50=1;VWAP=0;BIAS=1,0.00,0.00,26529.32,26529.32,outside the killzone window
841,2023.05.22 01:02:00,2023.05.22 03:32:00,DAY_SUMMARY,XAUUSD,M3,266,FLAT,NA,DAY,0,0.00,0.00,0.00,0.00,1.00,0.00,0.00,0.00,0.00,0.00,0.00,0.00,0.00,0.00,0.00,0.00,-3.01,-433.28,1976.95,1975.84,1972.74,1976.93,1975.81,7.241,0.43,32.83,58.91,54.72,0.21,0.10,0.12,1966.54,1977.50,79,66,85.7,14.3,12,1,CROSS=EMA9<EMA21;TREND=1;STRUCT=1;VOL=1;COOL=1;EMA50=1;VWAP=0;BIAS=1,0.00,0.00,26529.32,26529.32,2023.05.19 trades=3 W=0 L=3 gross_profit=0.00 gross_loss=433.28 net=-433.28 PF=0.00
842,2023.05.22 01:02:00,2023.05.22 03:32:00,WEEK_SUMMARY,XAUUSD,M3,266,FLAT,NA,DAY,0,0.00,0.00,0.00,0.00,1.00,0.00,0.00,0.00,0.00,0.00,0.00,0.00,0.00,0.00,0.00,0.00,-2.09,-362.78,1976.95,1975.84,1972.74,1976.93,1975.81,7.241,0.43,32.83,58.91,54.72,0.21,0.10,0.12,1966.54,1977.50,79,66,85.7,14.3,12,1,CROSS=EMA9<EMA21;TREND=1;STRUCT=1;VOL=1;COOL=1;EMA50=1;VWAP=0;BIAS=1,0.00,0.00,26529.32,26529.32,days=3 trades=8 W=1 L=7 gross_profit=651.62 gross_loss=1014.40 net=-362.78 PF=0.64 pips=-367.0
843,2023.05.22 05:51:00,2023.05.22 08:21:00,ENTRY,XAUUSD,M3,268,SELL,FULLTGT,DAY,0,1977.57,1979.31,1979.31,1.74,1.00,1.74,1975.83,1974.08,1972.34,1970.59,1968.85,0.76,0.76,0.76,1977.57,0.00,0.00,0.00,1978.69,1978.70,1976.88,1978.74,1978.72,2.078,0.87,18.04,45.21,43.77,-0.57,-0.55,-0.03,1979.44,1977.49,104,202,0.0,71.4,1,1,CROSS=EMA9<EMA21;TREND=1;STRUCT=1;VOL=1;COOL=1;EMA50=1;VWAP=1;BIAS=1,0.00,0.00,26526.66,26525.90,KZ=ASIA; KZR=NY L @ 1956.63 1683 bars ago (low taken); DAY 12AM-4PM IST session: stop x1.00 of usual; no partials; full size to TP5; SL steps BE->TP1->TP2->TP3
844,2023.05.22 08:02:28,2023.05.22 10:32:28,TP1_REACHED,XAUUSD,M3,268,SELL,FULLTGT,DAY,0,1977.57,1979.31,1979.31,1.74,1.00,1.74,1975.83,1974.08,1972.34,1970.59,1968.85,0.76,0.00,0.76,1975.83,1.00,1.00,0.00,1977.86,1978.14,1977.19,1977.92,1978.18,2.232,0.43,40.90,32.07,34.36,-0.40,-0.11,-0.29,1979.03,1976.34,71,63,0.0,100.0,1,1,CROSS=EMA9<EMA21;TREND=1;STRUCT=1;VOL=1;COOL=1;EMA50=1;VWAP=1;BIAS=1,0.97,-0.96,26526.66,26661.18,full target: no partial booked
845,2023.05.22 08:30:37,2023.05.22 11:00:37,TP2_REACHED,XAUUSD,M3,268,SELL,FULLTGT,DAY,0,1977.57,1979.31,1979.31,1.74,1.00,1.74,1975.83,1974.08,1972.34,1970.59,1968.85,0.76,0.00,0.76,1974.08,2.00,2.00,0.00,1977.13,1977.69,1977.04,1977.20,1977.74,1.030,0.63,35.69,34.05,33.51,-0.60,-0.63,0.03,1978.83,1975.30,117,88,14.3,85.7,1,1,CROSS=EMA9<EMA21;TREND=1;STRUCT=1;VOL=1;COOL=1;EMA50=1;VWAP=1;BIAS=1,1.97,-0.96,26526.66,26792.66,full target: no partial booked
846,2023.05.22 09:09:05,2023.05.22 11:39:05,TP3_REACHED,XAUUSD,M3,268,SELL,FULLTGT,DAY,0,1977.57,1979.31,1979.31,1.74,1.00,1.74,1975.83,1974.08,1972.34,1970.59,1968.85,0.76,0.00,0.76,1972.34,3.00,3.00,0.00,1975.58,1976.69,1976.59,1975.70,1976.77,0.092,1.08,24.82,32.02,34.06,-0.94,-0.99,0.05,1978.20,1972.54,246,168,14.3,71.4,5,1,CROSS=EMA9<EMA21;TREND=1;STRUCT=1;VOL=1;COOL=1;EMA50=1;VWAP=1;BIAS=1,3.00,-0.96,26526.66,26926.42,full target: no partial booked
847,2023.05.22 11:48:02,2023.05.22 14:18:02,EXIT_SL,XAUUSD,M3,268,SELL,FULLTGT,DAY,0,1977.57,1979.31,1979.31,1.74,1.00,1.74,1975.83,1974.08,1972.34,1970.59,1968.85,0.76,0.76,0.00,1979.31,0.00,-1.00,-137.56,1976.18,1976.29,1976.34,1976.06,1976.23,-0.061,0.82,32.22,70.71,62.16,0.65,0.24,0.42,1977.37,1979.19,185,200,71.4,14.3,8,1,CROSS=EMA9<EMA21;TREND=1;STRUCT=1;VOL=1;COOL=1;EMA50=1;VWAP=1;BIAS=1,3.63,-0.99,26391.76,26391.76,stopped at the initial SL (x1.00 of usual)
848,2023.05.22 11:54:00,2023.05.22 14:24:00,SKIP,XAUUSD,M3,268,FLAT,NA,DAY,0,0.00,0.00,0.00,0.00,1.00,0.00,0.00,0.00,0.00,0.00,0.00,0.00,0.00,0.00,0.00,0.00,0.00,0.00,1976.43,1976.41,1976.40,1976.32,1976.35,0.015,0.84,41.49,69.48,65.04,0.87,0.41,0.46,1977.38,1979.31,146,188,85.7,0.0,4,1,CROSS=EMA9<EMA21;TREND=1;STRUCT=1;VOL=1;COOL=1;EMA50=1;VWAP=1;BIAS=1,0.00,0.00,26391.76,26391.76,outside the killzone window
849,2023.05.22 14:42:00,2023.05.22 17:12:00,SKIP,XAUUSD,M3,268,FLAT,NA,EVENING,0,0.00,0.00,0.00,0.00,1.00,0.00,0.00,0.00,0.00,0.00,0.00,0.00,0.00,0.00,0.00,0.00,0.00,0.00,1977.79,1977.85,1977.45,1978.00,1977.95,0.375,1.06,44.26,21.90,25.36,-1.35,-0.86,-0.49,1977.76,1972.65,306,176,0.0,100.0,3,1,CROSS=EMA9<EMA21;TREND=1;STRUCT=1;VOL=1;COOL=1;EMA50=1;VWAP=1;BIAS=1,0.00,0.00,26391.76,26391.76,already positioned that way
850,2023.05.22 20:27:00,2023.05.22 22:57:00,SKIP,XAUUSD,M3,268,FLAT,NA,EVENING,0,0.00,0.00,0.00,0.00,1.00,0.00,0.00,0.00,0.00,0.00,0.00,0.00,0.00,0.00,0.00,0.00,0.00,0.00,1974.36,1974.36,1974.99,1974.28,1974.32,-0.604,1.04,21.69,60.34,55.74,0.69,0.52,0.17,1975.81,1976.45,311,258,85.7,0.0,3,1,CROSS=EMA9<EMA21;TREND=1;STRUCT=1;VOL=1;COOL=1;EMA50=1;VWAP=1;BIAS=1,0.00,0.00,26391.76,26391.76,outside the killzone window
851,2023.05.22 21:48:00,2023.05.23 00:18:00,SKIP,XAUUSD,M3,268,FLAT,NA,DAY,0,0.00,0.00,0.00,0.00,1.00,0.00,0.00,0.00,0.00,0.00,0.00,0.00,0.00,0.00,0.00,0.00,0.00,0.00,1974.37,1974.40,1974.87,1974.44,1974.43,-0.735,0.64,37.56,34.77,43.77,-0.47,-0.21,-0.26,1975.72,1972.75,253,205,0.0,100.0,5,1,CROSS=EMA9<EMA21;TREND=1;STRUCT=1;VOL=1;COOL=1;EMA50=1;VWAP=1;BIAS=1,0.00,0.00,26391.76,26391.76,outside the killzone window
852,2023.05.23 01:02:00,2023.05.23 03:32:00,DAY_SUMMARY,XAUUSD,M3,268,FLAT,NA,DAY,0,0.00,0.00,0.00,0.00,1.00,0.00,0.00,0.00,0.00,0.00,0.00,0.00,0.00,0.00,0.00,0.00,-1.00,-137.56,1972.59,1973.18,1973.98,1972.62,1973.21,-3.240,0.25,48.13,37.51,38.20,-0.24,-0.25,0.01,1975.57,1971.73,17,42,14.3,71.4,12,1,CROSS=EMA9<EMA21;TREND=1;STRUCT=1;VOL=1;COOL=1;EMA50=1;VWAP=1;BIAS=1,0.00,0.00,26391.76,26391.76,2023.05.22 trades=1 W=0 L=1 gross_profit=0.00 gross_loss=137.56 net=-137.56 PF=0.00
853,2023.05.23 16:12:00,2023.05.23 18:42:00,ENTRY,XAUUSD,M3,270,BUY,FULLTGT,EVENING,0,1961.49,1958.70,1958.70,2.79,1.00,2.79,1964.28,1967.07,1969.86,1972.66,1975.45,0.47,0.47,0.47,1961.49,0.00,0.00,0.00,1959.21,1959.17,1960.60,1959.11,1959.12,-1.027,1.40,35.96,60.38,62.57,0.42,0.10,0.31,1961.05,1961.46,431,409,100.0,0.0,2,1,CROSS=EMA9>EMA21;TREND=1;STRUCT=1;VOL=1;COOL=1;EMA50=1;VWAP=1;BIAS=1,0.00,0.00,26390.11,26389.17,KZ=NY; KZR=NY L @ 1956.63 2370 bars ago (low taken); EVENING 4PM-12AM IST session: stop x1.00 of usual; no partials; full size to TP5; SL steps BE->TP1->TP2->TP3
854,2023.05.23 16:16:19,2023.05.23 18:46:19,TP1_REACHED,XAUUSD,M3,270,BUY,FULLTGT,EVENING,0,1961.49,1958.70,1958.70,2.79,1.00,2.79,1964.28,1967.07,1969.86,1972.66,1975.45,0.47,0.00,0.47,1964.28,1.00,1.00,0.00,1959.35,1959.24,1960.62,1959.21,1959.17,-1.101,1.26,40.67,65.62,66.66,0.61,0.17,0.44,1961.06,1962.82,488,414,100.0,0.0,2,1,CROSS=EMA9>EMA21;TREND=1;STRUCT=1;VOL=1;COOL=1;EMA50=1;VWAP=1;BIAS=1,1.00,-0.03,26390.11,26521.71,full target: no partial booked
855,2023.05.23 16:17:56,2023.05.23 18:47:56,TP2_REACHED,XAUUSD,M3,270,BUY,FULLTGT,EVENING,0,1961.49,1958.70,1958.70,2.79,1.00,2.79,1964.28,1967.07,1969.86,1972.66,1975.45,0.47,0.00,0.47,1967.07,2.00,2.00,0.00,1959.35,1959.24,1960.62,1959.21,1959.17,-1.101,1.26,40.67,65.62,66.66,0.61,0.17,0.44,1961.06,1962.82,488,414,100.0,0.0,2,1,CROSS=EMA9>EMA21;TREND=1;STRUCT=1;VOL=1;COOL=1;EMA50=1;VWAP=1;BIAS=1,1.99,-0.03,26390.11,26652.84,full target: no partial booked
856,2023.05.23 16:31:31,2023.05.23 19:01:31,TP3_REACHED,XAUUSD,M3,270,BUY,FULLTGT,EVENING,0,1961.49,1958.70,1958.70,2.79,1.00,2.79,1964.28,1967.07,1969.86,1972.66,1975.45,0.47,0.00,0.47,1969.86,3.00,3.00,0.00,1960.59,1959.90,1960.89,1960.30,1959.74,-0.566,1.75,54.10,69.49,76.81,1.86,0.99,0.87,1961.25,1967.73,497,445,100.0,0.0,3,1,CROSS=EMA9>EMA21;TREND=1;STRUCT=1;VOL=1;COOL=1;EMA50=1;VWAP=1;BIAS=1,3.00,-0.03,26390.11,26783.97,full target: no partial booked
857,2023.05.23 16:58:05,2023.05.23 19:28:05,TP4_REACHED,XAUUSD,M3,270,BUY,FULLTGT,EVENING,0,1961.49,1958.70,1958.70,2.79,1.00,2.79,1964.28,1967.07,1969.86,1972.66,1975.45,0.47,0.00,0.47,1972.66,4.00,4.00,0.00,1963.07,1961.37,1961.57,1962.85,1961.22,-0.071,2.90,50.18,63.15,63.98,2.30,2.41,-0.11,1961.79,1968.61,569,514,85.7,14.3,4,1,CROSS=EMA9>EMA21;TREND=1;STRUCT=1;VOL=1;COOL=1;EMA50=1;VWAP=1;BIAS=1,3.96,-0.03,26390.11,26916.04,full target: no partial booked
858,2023.05.23 21:12:37,2023.05.23 23:42:37,TP5_EXIT,XAUUSD,M3,270,BUY,FULLTGT,EVENING,0,1961.49,1958.70,1958.70,2.79,1.00,2.79,1964.28,1967.07,1969.86,1972.66,1975.45,0.47,0.47,0.00,1975.46,5.00,5.00,0.00,1972.14,1969.60,1966.91,1972.05,1969.50,3.397,0.79,21.90,60.12,65.62,0.76,0.90,-0.14,1964.45,1974.54,208,286,57.1,14.3,8,1,CROSS=EMA9>EMA21;TREND=1;STRUCT=1;VOL=1;COOL=1;EMA50=1;VWAP=1;BIAS=1,4.99,-0.03,27031.12,27045.09,full target reached; closed in full
859,2023.05.24 05:06:00,2023.05.24 07:36:00,FLIP,XAUUSD,M3,270,BUY,FULLTGT,DAY,0,1961.49,1958.70,1958.70,2.79,1.00,2.79,1964.28,1967.07,1969.86,1972.66,1975.45,0.47,0.00,0.00,1973.68,0.00,4.37,0.00,1974.73,1974.74,1973.16,1974.78,1974.76,1.865,0.85,15.79,42.43,40.61,-0.32,-0.40,0.08,1974.85,1973.55,261,246,14.3,71.4,4,1,CROSS=EMA9<EMA21;TREND=1;STRUCT=1;VOL=1;COOL=1;EMA50=1;VWAP=1;BIAS=1,5.79,-0.03,27031.12,27042.68,opposite signal before SL/target | BUY -> SELL | closing trade 270
860,2023.05.24 05:06:00,2023.05.24 07:36:00,EXIT_FLIP,XAUUSD,M3,270,BUY,FULLTGT,DAY,0,1961.49,1958.70,1958.70,2.79,1.00,2.79,1964.28,1967.07,1969.86,1972.66,1975.45,0.47,0.01,0.00,1973.68,0.00,4.37,0.00,1974.73,1974.74,1973.16,1974.78,1974.76,1.865,0.85,15.79,42.43,40.61,-0.32,-0.40,0.08,1974.85,1973.55,261,246,14.3,71.4,4,1,CROSS=EMA9<EMA21;TREND=1;STRUCT=1;VOL=1;COOL=1;EMA50=1;VWAP=1;BIAS=1,5.79,-0.03,27042.64,27042.64,FLIP exit
861,2023.05.24 05:06:00,2023.05.24 07:36:00,EXIT_OTHER,XAUUSD,M3,270,BUY,FULLTGT,DAY,0,1961.49,1958.70,1958.70,2.79,1.00,2.79,1964.28,1967.07,1969.86,1972.66,1975.45,0.47,0.47,0.00,1973.68,0.00,4.37,650.88,1974.73,1974.74,1973.16,1974.78,1974.76,1.865,0.85,15.79,42.43,40.61,-0.32,-0.40,0.08,1974.85,1973.55,261,246,14.3,71.4,4,1,CROSS=EMA9<EMA21;TREND=1;STRUCT=1;VOL=1;COOL=1;EMA50=1;VWAP=1;BIAS=1,5.79,-0.03,27042.64,27042.64,FLIP exit
862,2023.05.24 05:06:00,2023.05.24 07:36:00,ENTRY,XAUUSD,M3,273,SELL,FULLTGT,DAY,270,1973.68,1975.37,1975.37,1.69,1.00,1.69,1971.99,1970.29,1968.60,1966.90,1965.21,0.79,0.79,0.79,1973.68,0.00,0.00,0.00,1974.73,1974.74,1973.16,1974.78,1974.76,1.865,0.85,15.79,42.43,40.61,-0.32,-0.40,0.08,1974.85,1973.55,261,246,14.3,71.4,4,1,CROSS=EMA9<EMA21;TREND=1;STRUCT=1;VOL=1;COOL=1;EMA50=1;VWAP=1;BIAS=1,0.00,0.00,27039.87,27036.71,KZ=ASIA; KZR=NY L @ 1956.63 2628 bars ago (low taken); DAY 12AM-4PM IST session: stop x1.00 of usual; no partials; full size to TP5; SL steps BE->TP1->TP2->TP3; flipped from trade 270
863,2023.05.24 06:14:29,2023.05.24 08:44:29,EXIT_SL,XAUUSD,M3,273,SELL,FULLTGT,DAY,270,1973.68,1975.37,1975.37,1.69,1.00,1.69,1971.99,1970.29,1968.60,1966.90,1965.21,0.79,0.79,0.00,1975.37,0.00,-1.00,-139.05,1974.23,1974.44,1973.30,1974.23,1974.44,1.844,0.62,16.41,55.22,43.39,-0.13,-0.15,0.02,1974.53,1974.43,318,180,42.9,42.9,7,1,CROSS=EMA9<EMA21;TREND=1;STRUCT=1;VOL=1;COOL=1;EMA50=1;VWAP=1;BIAS=1,0.52,-0.99,26903.59,26903.59,stopped at the initial SL (x1.00 of usual)
864,2023.05.24 06:54:00,2023.05.24 09:24:00,ENTRY,XAUUSD,M3,275,BUY,FULLTGT,DAY,0,1976.19,1975.06,1975.06,1.13,1.00,1.13,1977.32,1978.46,1979.59,1980.73,1981.86,1.18,1.18,1.18,1976.19,0.00,0.00,0.00,1974.63,1974.61,1973.54,1974.57,1974.58,1.878,0.57,45.13,67.85,60.44,0.41,0.25,0.15,1974.58,1976.06,63,153,85.7,0.0,9,1,CROSS=EMA9>EMA21;TREND=1;STRUCT=1;VOL=1;COOL=1;EMA50=1;VWAP=1;BIAS=1,0.00,0.00,26899.46,26888.84,KZ=ASIA; KZR=NY L @ 1956.63 2664 bars ago (low taken); DAY 12AM-4PM IST session: stop x1.00 of usual; no partials; full size to TP5; SL steps BE->TP1->TP2->TP3
865,2023.05.24 07:15:12,2023.05.24 09:45:12,TP1_REACHED,XAUUSD,M3,275,BUY,FULLTGT,DAY,0,1976.19,1975.06,1975.06,1.13,1.00,1.13,1977.32,1978.46,1979.59,1980.73,1981.86,1.18,0.00,1.18,1977.32,1.00,1.00,0.00,1975.09,1974.86,1973.74,1975.02,1974.82,2.851,0.39,64.21,70.48,66.45,0.62,0.52,0.10,1974.65,1976.81,57,103,85.7,0.0,8,1,CROSS=EMA9>EMA21;TREND=1;STRUCT=1;VOL=1;COOL=1;EMA50=1;VWAP=1;BIAS=1,0.95,-0.29,26899.46,27033.98,full target: no partial booked
866,2023.05.24 07:15:36,2023.05.24 09:45:36,TP2_REACHED,XAUUSD,M3,275,BUY,FULLTGT,DAY,0,1976.19,1975.06,1975.06,1.13,1.00,1.13,1977.32,1978.46,1979.59,1980.73,1981.86,1.18,0.00,1.18,1978.46,2.00,2.00,0.00,1975.09,1974.86,1973.74,1975.02,1974.82,2.851,0.39,64.21,70.48,66.45,0.62,0.52,0.10,1974.65,1976.81,57,103,85.7,0.0,8,1,CROSS=EMA9>EMA21;TREND=1;STRUCT=1;VOL=1;COOL=1;EMA50=1;VWAP=1;BIAS=1,1.95,-0.29,26899.46,27168.50,full target: no partial booked
867,2023.05.24 08:57:19,2023.05.24 11:27:19,TP3_REACHED,XAUUSD,M3,275,BUY,FULLTGT,DAY,0,1976.19,1975.06,1975.06,1.13,1.00,1.13,1977.32,1978.46,1979.59,1980.73,1981.86,1.18,0.00,1.18,1979.59,3.00,3.00,0.00,1977.33,1976.44,1974.98,1977.25,1976.38,1.807,0.81,16.21,62.19,60.41,0.38,0.32,0.07,1975.38,1979.32,160,151,85.7,0.0,2,1,CROSS=EMA9>EMA21;TREND=1;STRUCT=1;VOL=1;COOL=1;EMA50=1;VWAP=1;BIAS=1,2.95,-0.29,26899.46,27303.02,full target: no partial booked
868,2023.05.24 09:31:28,2023.05.24 12:01:28,EXIT_SL,XAUUSD,M3,275,BUY,FULLTGT,DAY,0,1976.19,1975.06,1975.06,1.13,1.00,1.13,1977.32,1978.46,1979.59,1980.73,1981.86,1.18,1.18,0.00,1975.06,0.00,-1.00,-141.60,1977.26,1976.58,1975.21,1977.31,1976.59,1.102,1.25,20.38,41.60,43.78,-0.34,-0.07,-0.27,1975.62,1976.18,204,210,28.6,42.9,2,1,CROSS=EMA9>EMA21;TREND=1;STRUCT=1;VOL=1;COOL=1;EMA50=1;VWAP=1;BIAS=1,3.87,-0.97,26761.99,26761.99,stopped at the initial SL (x1.00 of usual)
869,2023.05.24 09:57:00,2023.05.24 12:27:00,SKIP,XAUUSD,M3,275,FLAT,NA,DAY,0,0.00,0.00,0.00,0.00,1.00,0.00,0.00,0.00,0.00,0.00,0.00,0.00,0.00,0.00,0.00,0.00,0.00,0.00,1975.94,1975.98,1975.02,1976.11,1976.07,0.774,1.25,53.78,29.22,29.61,-1.52,-1.09,-0.43,1975.37,1971.84,214,253,0.0,85.7,7,1,CROSS=EMA9>EMA21;TREND=1;STRUCT=1;VOL=1;COOL=1;EMA50=1;VWAP=1;BIAS=1,0.00,0.00,26761.99,26761.99,outside the killzone window
870,2023.05.24 12:42:00,2023.05.24 15:12:00,SKIP,XAUUSD,M3,275,FLAT,NA,DAY,0,0.00,0.00,0.00,0.00,1.00,0.00,0.00,0.00,0.00,0.00,0.00,0.00,0.00,0.00,0.00,0.00,0.00,0.00,1975.21,1975.20,1974.85,1975.16,1975.17,0.344,1.00,19.24,57.85,59.17,0.46,0.33,0.13,1975.01,1976.49,192,221,71.4,0.0,2,1,CROSS=EMA9>EMA21;TREND=1;STRUCT=1;VOL=1;COOL=1;EMA50=1;VWAP=1;BIAS=1,0.00,0.00,26761.99,26761.99,outside the killzone window
871,2023.05.24 17:00:00,2023.05.24 19:30:00,SKIP,XAUUSD,M3,275,FLAT,NA,EVENING,0,0.00,0.00,0.00,0.00,1.00,0.00,0.00,0.00,0.00,0.00,0.00,0.00,0.00,0.00,0.00,0.00,0.00,0.00,1977.29,1977.38,1976.64,1977.48,1977.47,0.469,1.58,48.83,28.61,29.86,-1.70,-1.69,-0.01,1976.17,1972.62,450,440,0.0,100.0,5,1,CROSS=EMA9>EMA21;TREND=1;STRUCT=1;VOL=1;COOL=1;EMA50=1;VWAP=1;BIAS=1,0.00,0.00,26761.99,26761.99,outside the killzone window
872,2023.05.25 01:02:00,2023.05.25 03:32:00,DAY_SUMMARY,XAUUSD,M3,275,FLAT,NA,DAY,0,0.00,0.00,0.00,0.00,1.00,0.00,0.00,0.00,0.00,0.00,0.00,0.00,0.00,0.00,0.00,0.00,2.37,370.23,1959.69,1961.80,1965.43,1959.79,1961.89,-7.244,0.50,35.10,32.51,33.72,-0.69,-0.60,-0.09,1971.73,1957.24,49,71,0.0,85.7,12,1,CROSS=EMA9>EMA21;TREND=1;STRUCT=1;VOL=1;COOL=1;EMA50=1;VWAP=1;BIAS=1,0.00,0.00,26761.99,26761.99,2023.05.24 trades=3 W=1 L=2 gross_profit=650.88 gross_loss=280.65 net=370.23 PF=2.32
873,2023.05.25 10:15:00,2023.05.25 12:45:00,SKIP,XAUUSD,M3,275,FLAT,NA,DAY,0,0.00,0.00,0.00,0.00,1.00,0.00,0.00,0.00,0.00,0.00,0.00,0.00,0.00,0.00,0.00,0.00,0.00,0.00,1957.79,1957.76,1958.95,1957.73,1957.73,-1.035,1.15,24.92,58.17,59.48,0.66,0.68,-0.02,1957.74,1959.23,205,250,57.1,14.3,4,1,CROSS=EMA9>EMA21;TREND=1;STRUCT=1;VOL=1;COOL=1;EMA50=1;VWAP=1;BIAS=1,0.00,0.00,26761.99,26761.99,outside the killzone window
874,2023.05.25 15:36:00,2023.05.25 18:06:00,ENTRY,XAUUSD,M3,277,SELL,FULLTGT,EVENING,0,1948.07,1952.48,1952.48,4.41,1.00,4.41,1943.66,1939.25,1934.84,1930.42,1926.01,0.30,0.30,0.30,1948.07,0.00,0.00,0.00,1960.57,1960.68,1960.46,1961.08,1960.94,0.101,2.21,37.12,18.63,19.19,-1.75,-0.33,-1.42,1959.22,1948.12,643,342,0.0,100.0,2,1,CROSS=EMA9<EMA21;TREND=1;STRUCT=1;VOL=1;COOL=1;EMA50=1;VWAP=1;BIAS=1,0.00,0.00,26760.94,26760.34,KZ=NY; KZR=Asia L @ 1954.01 1 bars ago (low taken); EVENING 4PM-12AM IST session: stop x1.00 of usual; no partials; full size to TP5; SL steps BE->TP1->TP2->TP3
875,2023.05.25 15:39:28,2023.05.25 18:09:28,TP1_REACHED,XAUUSD,M3,277,SELL,FULLTGT,EVENING,0,1948.07,1952.48,1952.48,4.41,1.00,4.41,1943.66,1939.25,1934.84,1930.42,1926.01,0.30,0.00,0.30,1943.66,1.00,1.00,0.00,1959.92,1960.35,1960.30,1960.57,1960.68,0.022,2.49,42.46,15.18,19.19,-2.74,-0.65,-2.09,1959.07,1943.89,571,353,0.0,100.0,2,1,CROSS=EMA9<EMA21;TREND=1;STRUCT=1;VOL=1;COOL=1;EMA50=1;VWAP=1;BIAS=1,0.99,-0.08,26760.94,26893.84,full target: no partial booked
876,2023.05.25 16:20:13,2023.05.25 18:50:13,EXIT_SL,XAUUSD,M3,277,SELL,FULLTGT,EVENING,0,1948.07,1952.48,1952.48,4.41,1.00,4.41,1943.66,1939.25,1934.84,1930.42,1926.01,0.30,0.30,0.00,1952.49,0.00,-1.00,-134.70,1953.96,1956.83,1958.41,1954.07,1956.95,-0.573,2.76,39.47,51.25,47.30,-2.67,-4.34,1.67,1957.49,1951.11,408,494,28.6,57.1,3,1,CROSS=EMA9<EMA21;TREND=1;STRUCT=1;VOL=1;COOL=1;EMA50=1;VWAP=1;BIAS=1,1.99,-1.00,26627.29,26627.29,stopped at the initial SL (x1.00 of usual)
877,2023.05.26 01:02:00,2023.05.26 03:32:00,DAY_SUMMARY,XAUUSD,M3,277,FLAT,NA,DAY,0,0.00,0.00,0.00,0.00,1.00,0.00,0.00,0.00,0.00,0.00,0.00,0.00,0.00,0.00,0.00,0.00,-1.00,-134.70,1941.06,1942.71,1946.26,1941.08,1942.75,-9.413,0.38,20.82,53.22,47.22,-0.12,-0.17,0.06,1953.30,1940.69,34,46,28.6,42.9,12,1,CROSS=EMA9<EMA21;TREND=1;STRUCT=1;VOL=1;COOL=1;EMA50=1;VWAP=1;BIAS=1,0.00,0.00,26627.29,26627.29,2023.05.25 trades=1 W=0 L=1 gross_profit=0.00 gross_loss=134.70 net=-134.70 PF=0.00
878,2023.05.26 04:45:00,2023.05.26 07:15:00,ENTRY,XAUUSD,M3,279,BUY,FULLTGT,DAY,0,1945.06,1943.14,1943.14,1.92,1.00,1.92,1946.98,1948.89,1950.81,1952.72,1954.64,0.69,0.69,0.69,1945.06,0.00,0.00,0.00,1941.84,1941.83,1943.74,1941.71,1941.77,-1.988,0.96,41.31,70.55,68.32,1.19,0.99,0.20,1941.58,1945.00,199,236,85.7,0.0,6,1,CROSS=EMA9>EMA21;TREND=1;STRUCT=1;VOL=1;COOL=1;EMA50=1;VWAP=1;BIAS=1,0.00,0.00,26624.87,26620.73,KZ=ASIA; KZR=NY L @ 1939.28 121 bars ago (low taken); DAY 12AM-4PM IST session: stop x1.00 of usual; no partials; full size to TP5; SL steps BE->TP1->TP2->TP3
879,2023.05.26 05:01:23,2023.05.26 07:31:23,TP1_REACHED,XAUUSD,M3,279,BUY,FULLTGT,DAY,0,1945.06,1943.14,1943.14,1.92,1.00,1.92,1946.98,1948.89,1950.81,1952.72,1954.64,0.69,0.00,0.69,1946.98,1.00,1.00,0.00,1942.60,1942.23,1943.85,1942.43,1942.14,-2.008,0.81,55.58,74.84,73.25,1.39,1.24,0.15,1941.98,1946.80,206,230,85.7,0.0,5,1,CROSS=EMA9>EMA21;TREND=1;STRUCT=1;VOL=1;COOL=1;EMA50=1;VWAP=1;BIAS=1,1.00,-0.13,26624.87,26759.42,full target: no partial booked
880,2023.05.26 07:05:24,2023.05.26 09:35:24,TP2_REACHED,XAUUSD,M3,279,BUY,FULLTGT,DAY,0,1945.06,1943.14,1943.14,1.92,1.00,1.92,1946.98,1948.89,1950.81,1952.72,1954.64,0.69,0.00,0.69,1948.89,2.00,2.00,0.00,1946.56,1945.14,1945.04,1946.48,1945.07,0.198,0.49,34.72,66.61,66.40,0.58,0.53,0.06,1944.18,1948.58,143,140,100.0,0.0,6,1,CROSS=EMA9>EMA21;TREND=1;STRUCT=1;VOL=1;COOL=1;EMA50=1;VWAP=1;BIAS=1,1.99,-0.13,26624.87,26889.83,full target: no partial booked
881,2023.05.26 08:40:00,2023.05.26 11:10:00,TP3_REACHED,XAUUSD,M3,279,BUY,FULLTGT,DAY,0,1945.06,1943.14,1943.14,1.92,1.00,1.92,1946.98,1948.89,1950.81,1952.72,1954.64,0.69,0.00,0.69,1950.81,3.00,3.00,0.00,1947.93,1946.68,1945.95,1947.83,1946.60,1.135,0.64,26.02,74.61,72.18,0.40,0.14,0.26,1945.06,1950.27,300,134,100.0,0.0,3,1,CROSS=EMA9>EMA21;TREND=1;STRUCT=1;VOL=1;COOL=1;EMA50=1;VWAP=1;BIAS=1,2.84,-0.13,26624.87,27023.00,full target: no partial booked
882,2023.05.26 10:32:55,2023.05.26 13:02:55,TP4_REACHED,XAUUSD,M3,279,BUY,FULLTGT,DAY,0,1945.06,1943.14,1943.14,1.92,1.00,1.92,1946.98,1948.89,1950.81,1952.72,1954.64,0.69,0.00,0.69,1952.72,4.00,4.00,0.00,1950.02,1948.66,1947.32,1949.95,1948.60,1.634,0.82,30.77,59.16,61.46,0.48,0.47,0.01,1946.61,1951.84,282,248,85.7,14.3,5,1,CROSS=EMA9>EMA21;TREND=1;STRUCT=1;VOL=1;COOL=1;EMA50=1;VWAP=1;BIAS=1,4.00,-0.13,26624.87,27154.79,full target: no partial booked
883,2023.05.26 10:40:16,2023.05.26 13:10:16,TP5_EXIT,XAUUSD,M3,279,BUY,FULLTGT,DAY,0,1945.06,1943.14,1943.14,1.92,1.00,1.92,1946.98,1948.89,1950.81,1952.72,1954.64,0.69,0.69,0.00,1954.67,5.00,5.00,0.00,1950.37,1948.92,1947.49,1950.24,1948.83,1.717,0.83,41.49,68.53,70.35,0.74,0.50,0.24,1946.76,1953.53,221,252,85.7,0.0,3,1,CROSS=EMA9>EMA21;TREND=1;STRUCT=1;VOL=1;COOL=1;EMA50=1;VWAP=1;BIAS=1,5.00,-0.13,27285.54,27285.54,full target reached; closed in full
884,2023.05.26 10:40:16,2023.05.26 13:10:16,EXIT_TP,XAUUSD,M3,279,BUY,FULLTGT,DAY,0,1945.06,1943.14,1943.14,1.92,1.00,1.92,1946.98,1948.89,1950.81,1952.72,1954.64,0.69,0.69,0.00,1954.67,0.00,5.02,658.25,1950.37,1948.92,1947.49,1950.24,1948.83,1.717,0.83,41.49,68.53,70.35,0.74,0.50,0.24,1946.76,1953.53,221,252,85.7,0.0,3,1,CROSS=EMA9>EMA21;TREND=1;STRUCT=1;VOL=1;COOL=1;EMA50=1;VWAP=1;BIAS=1,5.00,-0.13,27285.54,27285.54,TP5 exit
885,2023.05.26 15:39:00,2023.05.26 18:09:00,ENTRY,XAUUSD,M3,281,SELL,FULLTGT,EVENING,0,1944.78,1948.12,1948.12,3.34,1.00,3.34,1941.44,1938.10,1934.76,1931.42,1928.08,0.40,0.40,0.40,1944.78,0.00,0.00,0.00,1951.93,1951.97,1950.78,1952.22,1952.11,0.712,1.67,30.29,17.85,23.69,-1.44,-0.34,-1.10,1949.09,1944.89,629,339,0.0,100.0,12,1,CROSS=EMA9<EMA21;TREND=1;STRUCT=1;VOL=1;COOL=1;EMA50=1;VWAP=1;BIAS=1,0.00,0.00,27284.14,27279.34,KZ=NY; KZR=NY L @ 1939.28 339 bars ago (low taken); EVENING 4PM-12AM IST session: stop x1.00 of usual; no partials; full size to TP5; SL steps BE->TP1->TP2->TP3
886,2023.05.26 15:46:41,2023.05.26 18:16:41,EXIT_SL,XAUUSD,M3,281,SELL,FULLTGT,EVENING,0,1944.78,1948.12,1948.12,3.34,1.00,3.34,1941.44,1938.10,1934.76,1931.42,1928.08,0.40,0.40,0.00,1948.14,0.00,-1.01,-137.20,1951.42,1951.71,1950.67,1951.69,1951.85,0.586,1.77,34.95,22.00,21.14,-1.88,-0.73,-1.15,1949.01,1944.74,524,367,0.0,100.0,1,1,CROSS=EMA9<EMA21;TREND=1;STRUCT=1;VOL=1;COOL=1;EMA50=1;VWAP=1;BIAS=1,0.12,-1.00,27148.34,27148.34,stopped at the initial SL (x1.00 of usual)
887,2023.05.26 23:03:00,2023.05.27 01:33:00,SKIP,XAUUSD,M3,281,FLAT,NA,DAY,0,0.00,0.00,0.00,0.00,1.00,0.00,0.00,0.00,0.00,0.00,0.00,0.00,0.00,0.00,0.00,0.00,0.00,0.00,1945.66,1945.65,1946.47,1945.62,1945.63,-1.272,0.65,39.66,56.02,64.39,0.39,0.23,0.16,1947.21,1946.65,66,129,71.4,14.3,12,1,CROSS=EMA9<EMA21;TREND=1;STRUCT=1;VOL=1;COOL=1;EMA50=1;VWAP=1;BIAS=1,0.00,0.00,27148.34,27148.34,outside the killzone window
888,2023.05.29 01:02:00,2023.05.29 03:32:00,DAY_SUMMARY,XAUUSD,M3,281,FLAT,NA,DAY,0,0.00,0.00,0.00,0.00,1.00,0.00,0.00,0.00,0.00,0.00,0.00,0.00,0.00,0.00,0.00,0.00,4.01,521.05,1946.30,1946.03,1946.55,1946.28,1946.02,-1.557,0.33,19.75,51.30,54.25,0.13,0.21,-0.08,1947.21,1946.72,40,49,42.9,28.6,12,1,CROSS=EMA9<EMA21;TREND=1;STRUCT=1;VOL=1;COOL=1;EMA50=1;VWAP=1;BIAS=1,0.00,0.00,27148.34,27148.34,2023.05.26 trades=2 W=1 L=1 gross_profit=658.25 gross_loss=137.20 net=521.05 PF=4.80
889,2023.05.29 01:02:00,2023.05.29 03:32:00,WEEK_SUMMARY,XAUUSD,M3,281,FLAT,NA,DAY,0,0.00,0.00,0.00,0.00,1.00,0.00,0.00,0.00,0.00,0.00,0.00,0.00,0.00,0.00,0.00,0.00,4.38,619.02,1946.30,1946.03,1946.55,1946.28,1946.02,-1.557,0.33,19.75,51.30,54.25,0.13,0.21,-0.08,1947.21,1946.72,40,49,42.9,28.6,12,1,CROSS=EMA9<EMA21;TREND=1;STRUCT=1;VOL=1;COOL=1;EMA50=1;VWAP=1;BIAS=1,0.00,0.00,27148.34,27148.34,days=4 trades=7 W=2 L=5 gross_profit=1309.13 gross_loss=690.11 net=619.02 PF=1.90 pips=946.0
890,2023.05.29 01:21:00,2023.05.29 03:51:00,SKIP,XAUUSD,M3,281,FLAT,NA,DAY,0,0.00,0.00,0.00,0.00,1.00,0.00,0.00,0.00,0.00,0.00,0.00,0.00,0.00,0.00,0.00,0.00,0.00,0.00,1945.80,1945.80,1946.39,1945.89,1945.85,-0.540,1.10,17.76,36.73,38.17,-0.60,-0.30,-0.30,1944.27,1943.56,52,57,0.0,71.4,12,1,CROSS=EMA9<EMA21;TREND=1;STRUCT=1;VOL=1;COOL=1;EMA50=1;VWAP=1;BIAS=1,0.00,0.00,27148.34,27148.34,already positioned that way
891,2023.05.29 06:12:00,2023.05.29 08:42:00,ENTRY,XAUUSD,M3,283,BUY,FULLTGT,DAY,0,1945.60,1944.22,1944.22,1.38,1.00,1.38,1946.98,1948.36,1949.74,1951.13,1952.51,0.98,0.98,0.98,1945.60,0.00,0.00,0.00,1944.24,1944.23,1944.83,1944.19,1944.20,-0.865,0.69,42.00,62.95,59.99,0.46,0.35,0.12,1943.79,1945.49,157,123,85.7,14.3,10,1,CROSS=EMA9>EMA21;TREND=1;STRUCT=1;VOL=1;COOL=1;EMA50=1;VWAP=1;BIAS=1,0.00,0.00,27144.91,27135.11,KZ=ASIA; KZR=NY L @ 1939.28 1590 bars ago (low taken); DAY 12AM-4PM IST session: stop x1.00 of usual; no partials; full size to TP5; SL steps BE->TP1->TP2->TP3
892,2023.05.29 08:54:30,2023.05.29 11:24:30,TP1_REACHED,XAUUSD,M3,283,BUY,FULLTGT,DAY,0,1945.60,1944.22,1944.22,1.38,1.00,1.38,1946.98,1948.36,1949.74,1951.13,1952.51,0.98,0.00,0.98,1946.98,1.00,1.00,0.00,1945.48,1945.12,1945.12,1945.44,1945.09,-0.011,0.56,16.68,61.62,54.62,0.19,0.11,0.08,1944.23,1946.51,122,85,85.7,0.0,7,1,CROSS=EMA9>EMA21;TREND=1;STRUCT=1;VOL=1;COOL=1;EMA50=1;VWAP=1;BIAS=1,0.98,-0.71,27144.91,27283.09,full target: no partial booked
893,2023.05.29 09:14:12,2023.05.29 11:44:12,TP2_REACHED,XAUUSD,M3,283,BUY,FULLTGT,DAY,0,1945.60,1944.22,1944.22,1.38,1.00,1.38,1946.98,1948.36,1949.74,1951.13,1952.51,0.98,0.00,0.98,1948.36,2.00,2.00,0.00,1945.92,1945.39,1945.26,1945.83,1945.33,0.183,0.69,38.81,68.42,69.63,0.59,0.33,0.26,1944.41,1948.10,146,115,100.0,0.0,7,1,CROSS=EMA9>EMA21;TREND=1;STRUCT=1;VOL=1;COOL=1;EMA50=1;VWAP=1;BIAS=1,2.00,-0.71,27144.91,27416.37,full target: no partial booked
894,2023.05.29 10:32:39,2023.05.29 13:02:39,EXIT_SL,XAUUSD,M3,283,BUY,FULLTGT,DAY,0,1945.60,1944.22,1944.22,1.38,1.00,1.38,1946.98,1948.36,1949.74,1951.13,1952.51,0.98,0.98,0.00,1944.21,0.00,-1.01,-143.08,1946.52,1946.03,1945.66,1946.57,1946.04,0.551,0.66,34.78,38.26,42.77,-0.21,-0.19,-0.02,1944.88,1945.45,159,126,28.6,71.4,10,1,CROSS=EMA9>EMA21;TREND=1;STRUCT=1;VOL=1;COOL=1;EMA50=1;VWAP=1;BIAS=1,2.41,-0.99,27005.26,27005.26,stopped at the initial SL (x1.00 of usual)
895,2023.05.29 11:09:00,2023.05.29 13:39:00,SKIP,XAUUSD,M3,283,FLAT,NA,DAY,0,0.00,0.00,0.00,0.00,1.00,0.00,0.00,0.00,0.00,0.00,0.00,0.00,0.00,0.00,0.00,0.00,0.00,0.00,1945.54,1945.60,1945.48,1945.69,1945.67,0.128,0.89,49.16,22.47,28.55,-1.00,-0.66,-0.33,1944.82,1941.84,173,129,0.0,100.0,1,1,CROSS=EMA9>EMA21;TREND=1;STRUCT=1;VOL=1;COOL=1;EMA50=1;VWAP=1;BIAS=1,0.00,0.00,27005.26,27005.26,outside the killzone window
896,2023.05.29 14:30:00,2023.05.29 17:00:00,SKIP,XAUUSD,M3,283,FLAT,NA,EVENING,0,0.00,0.00,0.00,0.00,1.00,0.00,0.00,0.00,0.00,0.00,0.00,0.00,0.00,0.00,0.00,0.00,0.00,0.00,1945.21,1945.19,1945.23,1945.17,1945.17,-0.079,0.43,26.37,66.98,61.91,0.23,0.11,0.13,1944.80,1946.28,73,84,85.7,0.0,1,1,CROSS=EMA9>EMA21;TREND=1;STRUCT=1;VOL=1;COOL=1;EMA50=1;VWAP=1;BIAS=1,0.00,0.00,27005.26,27005.26,already positioned that way
897,2023.05.29 19:15:00,2023.05.29 21:45:00,SKIP,XAUUSD,M3,283,FLAT,NA,EVENING,0,0.00,0.00,0.00,0.00,1.00,0.00,0.00,0.00,0.00,0.00,0.00,0.00,0.00,0.00,0.00,0.00,0.00,0.00,1946.51,1946.53,1946.22,1946.58,1946.56,0.692,0.44,46.29,27.93,32.06,-0.47,-0.29,-0.18,1945.47,1944.74,88,82,0.0,100.0,5,1,CROSS=EMA9>EMA21;TREND=1;STRUCT=1;VOL=1;COOL=1;EMA50=1;VWAP=1;BIAS=1,0.00,0.00,27005.26,27005.26,outside the killzone window
898,2023.05.30 01:02:00,2023.05.30 03:32:00,DAY_SUMMARY,XAUUSD,M3,283,FLAT,NA,DAY,0,0.00,0.00,0.00,0.00,1.00,0.00,0.00,0.00,0.00,0.00,0.00,0.00,0.00,0.00,0.00,0.00,-1.01,-143.08,1944.07,1944.83,1945.31,1944.09,1944.85,-2.431,0.20,32.32,50.11,43.03,-0.22,-0.26,0.05,1945.41,1943.58,4,22,28.6,57.1,12,1,CROSS=EMA9>EMA21;TREND=1;STRUCT=1;VOL=1;COOL=1;EMA50=1;VWAP=1;BIAS=1,0.00,0.00,27005.26,27005.26,2023.05.29 trades=1 W=0 L=1 gross_profit=0.00 gross_loss=143.08 net=-143.08 PF=0.00
899,2023.05.30 05:09:00,2023.05.30 07:39:00,SKIP,XAUUSD,M3,283,FLAT,NA,DAY,0,0.00,0.00,0.00,0.00,1.00,0.00,0.00,0.00,0.00,0.00,0.00,0.00,0.00,0.00,0.00,0.00,0.00,0.00,1943.56,1943.54,1944.07,1943.49,1943.51,-0.661,0.80,28.79,62.33,64.66,0.56,0.47,0.09,1943.21,1945.17,169,167,100.0,0.0,5,1,CROSS=EMA9>EMA21;TREND=1;STRUCT=1;VOL=1;COOL=1;EMA50=1;VWAP=1;BIAS=1,0.00,0.00,27005.26,27005.26,already positioned that way
900,2023.05.30 06:45:00,2023.05.30 09:15:00,ENTRY,XAUUSD,M3,285,SELL,FULLTGT,DAY,0,1941.38,1942.84,1942.84,1.46,1.00,1.46,1939.92,1938.47,1937.01,1935.56,1934.10,0.92,0.92,0.92,1941.38,0.00,0.00,0.00,1943.79,1943.84,1944.14,1943.89,1943.89,-0.410,0.73,50.62,24.76,28.64,-0.91,-0.66,-0.25,1943.68,1941.38,135,168,0.0,85.7,8,1,CROSS=EMA9<EMA21;TREND=1;STRUCT=1;VOL=1;COOL=1;EMA50=1;VWAP=1;BIAS=1,0.00,0.00,27002.04,26994.68,KZ=ASIA; KZR=NY L @ 1939.28 2081 bars ago (low taken); DAY 12AM-4PM IST session: stop x1.00 of usual; no partials; full size to TP5; SL steps BE->TP1->TP2->TP3
901,2023.05.30 06:53:35,2023.05.30 09:23:35,TP1_REACHED,XAUUSD,M3,285,SELL,FULLTGT,DAY,0,1941.38,1942.84,1942.84,1.46,1.00,1.46,1939.92,1938.47,1937.01,1935.56,1934.10,0.92,0.00,0.92,1939.92,1.00,1.00,0.00,1943.58,1943.73,1944.08,1943.70,1943.79,-0.536,0.65,57.70,21.54,28.90,-0.99,-0.79,-0.20,1943.65,1940.80,60,164,0.0,85.7,2,1,CROSS=EMA9<EMA21;TREND=1;STRUCT=1;VOL=1;COOL=1;EMA50=1;VWAP=1;BIAS=1,1.00,-0.12,27002.04,27142.80,full target: no partial booked
902,2023.05.30 07:07:21,2023.05.30 09:37:21,TP2_REACHED,XAUUSD,M3,285,SELL,FULLTGT,DAY,0,1941.38,1942.84,1942.84,1.46,1.00,1.46,1939.92,1938.47,1937.01,1935.56,1934.10,0.92,0.00,0.92,1938.47,2.00,2.00,0.00,1942.85,1943.33,1943.86,1943.00,1943.41,-0.777,0.67,72.04,22.32,20.63,-1.33,-1.09,-0.25,1943.48,1939.28,122,161,0.0,85.7,1,1,CROSS=EMA9<EMA21;TREND=1;STRUCT=1;VOL=1;COOL=1;EMA50=1;VWAP=1;BIAS=1,1.98,-0.12,27002.04,27270.68,full target: no partial booked
903,2023.05.30 08:13:01,2023.05.30 10:43:01,TP3_REACHED,XAUUSD,M3,285,SELL,FULLTGT,DAY,0,1941.38,1942.84,1942.84,1.46,1.00,1.46,1939.92,1938.47,1937.01,1935.56,1934.10,0.92,0.00,0.92,1937.01,3.00,3.00,0.00,1940.54,1941.77,1942.89,1940.65,1941.85,-1.743,0.64,36.51,33.87,32.40,-0.75,-0.71,-0.04,1942.87,1937.77,123,108,0.0,100.0,10,1,CROSS=EMA9<EMA21;TREND=1;STRUCT=1;VOL=1;COOL=1;EMA50=1;VWAP=1;BIAS=1,2.99,-0.12,27002.04,27406.84,full target: no partial booked
904,2023.05.30 08:20:37,2023.05.30 10:50:37,TP4_REACHED,XAUUSD,M3,285,SELL,FULLTGT,DAY,0,1941.38,1942.84,1942.84,1.46,1.00,1.46,1939.92,1938.47,1937.01,1935.56,1934.10,0.92,0.00,0.92,1935.56,4.00,4.00,0.00,1940.28,1941.59,1942.78,1940.42,1941.69,-1.842,0.64,44.34,28.19,26.88,-0.86,-0.73,-0.13,1942.78,1936.78,125,112,0.0,100.0,1,1,CROSS=EMA9<EMA21;TREND=1;STRUCT=1;VOL=1;COOL=1;EMA50=1;VWAP=1;BIAS=1,3.95,-0.12,27002.04,27539.32,full target: no partial booked
905,2023.05.30 08:24:04,2023.05.30 10:54:04,TP5_EXIT,XAUUSD,M3,285,SELL,FULLTGT,DAY,0,1941.38,1942.84,1942.84,1.46,1.00,1.46,1939.92,1938.47,1937.01,1935.56,1934.10,0.92,0.92,0.00,1934.10,5.00,5.00,0.00,1939.89,1941.34,1942.63,1940.10,1941.47,-1.742,0.74,52.98,19.94,26.88,-1.17,-0.81,-0.36,1942.66,1934.64,166,114,0.0,100.0,1,1,CROSS=EMA9<EMA21;TREND=1;STRUCT=1;VOL=1;COOL=1;EMA50=1;VWAP=1;BIAS=1,4.97,-0.12,27668.58,27668.58,full target reached; closed in full
906,2023.05.30 08:24:04,2023.05.30 10:54:04,EXIT_TP,XAUUSD,M3,285,SELL,FULLTGT,DAY,0,1941.38,1942.84,1942.84,1.46,1.00,1.46,1939.92,1938.47,1937.01,1935.56,1934.10,0.92,0.92,0.00,1934.10,0.00,5.00,663.32,1939.89,1941.34,1942.63,1940.10,1941.47,-1.742,0.74,52.98,19.94,26.88,-1.17,-0.81,-0.36,1942.66,1934.64,166,114,0.0,100.0,1,1,CROSS=EMA9<EMA21;TREND=1;STRUCT=1;VOL=1;COOL=1;EMA50=1;VWAP=1;BIAS=1,4.97,-0.12,27668.58,27668.58,TP5 exit
907,2023.05.30 11:27:00,2023.05.30 13:57:00,SKIP,XAUUSD,M3,285,FLAT,NA,DAY,0,0.00,0.00,0.00,0.00,1.00,0.00,0.00,0.00,0.00,0.00,0.00,0.00,0.00,0.00,0.00,0.00,0.00,0.00,1938.96,1938.94,1940.26,1938.75,1938.84,-1.148,1.15,45.16,72.22,68.15,1.78,1.69,0.09,1940.05,1944.06,183,213,85.7,0.0,1,1,CROSS=EMA9<EMA21;TREND=1;STRUCT=1;VOL=1;COOL=1;EMA50=1;VWAP=1;BIAS=1,0.00,0.00,27668.58,27668.58,outside the killzone window
908,2023.05.31 01:02:00,2023.05.31 03:32:00,DAY_SUMMARY,XAUUSD,M3,285,FLAT,NA,DAY,0,0.00,0.00,0.00,0.00,1.00,0.00,0.00,0.00,0.00,0.00,0.00,0.00,0.00,0.00,0.00,0.00,5.00,663.32,1959.43,1959.06,1957.06,1959.44,1959.06,7.227,0.28,29.90,43.90,46.43,0.01,-0.01,0.02,1949.46,1959.17,18,40,42.9,42.9,11,1,CROSS=EMA9<EMA21;TREND=1;STRUCT=1;VOL=1;COOL=1;EMA50=1;VWAP=1;BIAS=1,0.00,0.00,27668.58,27668.58,2023.05.30 trades=1 W=1 L=0 gross_profit=663.32 gross_loss=0.00 net=663.32 PF=0.00
909,2023.05.31 03:18:00,2023.05.31 05:48:00,SKIP,XAUUSD,M3,285,FLAT,NA,DAY,0,0.00,0.00,0.00,0.00,1.00,0.00,0.00,0.00,0.00,0.00,0.00,0.00,0.00,0.00,0.00,0.00,0.00,0.00,1958.92,1958.92,1957.72,1958.97,1958.95,2.618,0.46,24.68,33.19,43.67,-0.20,-0.04,-0.15,1958.80,1957.64,63,36,0.0,85.7,2,1,CROSS=EMA9<EMA21;TREND=1;STRUCT=1;VOL=1;COOL=1;EMA50=1;VWAP=1;BIAS=1,0.00,0.00,27668.58,27668.58,already positioned that way
910,2023.05.31 03:57:00,2023.05.31 06:27:00,ENTRY,XAUUSD,M3,287,BUY,FULLTGT,DAY,0,1959.98,1958.81,1958.81,1.17,1.00,1.17,1961.15,1962.32,1963.49,1964.66,1965.83,1.18,1.18,1.18,1959.98,0.00,0.00,0.00,1958.94,1958.93,1957.86,1958.90,1958.91,1.821,0.59,25.24,62.85,57.23,0.19,-0.01,0.20,1958.84,1959.96,123,62,100.0,0.0,3,1,CROSS=EMA9>EMA21;TREND=1;STRUCT=1;VOL=1;COOL=1;EMA50=1;VWAP=1;BIAS=1,0.00,0.00,27664.45,27660.91,KZ=ASIA; KZR=Asia L @ 1936.72 394 bars ago (low taken); DAY 12AM-4PM IST session: stop x1.00 of usual; no partials; full size to TP5; SL steps BE->TP1->TP2->TP3
911,2023.05.31 04:30:37,2023.05.31 07:00:37,EXIT_SL,XAUUSD,M3,287,BUY,FULLTGT,DAY,0,1959.98,1958.81,1958.81,1.17,1.00,1.17,1961.15,1962.32,1963.49,1964.66,1965.83,1.18,1.18,0.00,1958.77,0.00,-1.03,-151.04,1959.27,1959.11,1958.07,1959.27,1959.11,1.516,0.69,20.10,48.79,51.29,0.24,0.31,-0.07,1959.24,1959.36,46,105,42.9,28.6,12,1,CROSS=EMA9>EMA21;TREND=1;STRUCT=1;VOL=1;COOL=1;EMA50=1;VWAP=1;BIAS=1,0.48,-0.99,27517.54,27517.54,stopped at the initial SL (x1.00 of usual)
912,2023.05.31 04:45:00,2023.05.31 07:15:00,ENTRY,XAUUSD,M3,289,SELL,FULLTGT,DAY,0,1956.76,1958.60,1958.60,1.84,1.00,1.84,1954.92,1953.08,1951.24,1949.40,1947.56,0.74,0.74,0.74,1956.76,0.00,0.00,0.00,1958.92,1958.94,1958.04,1959.01,1958.99,0.987,0.92,33.34,33.54,31.06,-0.45,0.01,-0.46,1958.79,1956.76,299,160,0.0,100.0,1,1,CROSS=EMA9<EMA21;TREND=1;STRUCT=1;VOL=1;COOL=1;EMA50=1;VWAP=1;BIAS=1,0.00,0.00,27514.95,27514.21,KZ=ASIA; KZR=Asia L @ 1936.72 410 bars ago (low taken); DAY 12AM-4PM IST session: stop x1.00 of usual; no partials; full size to TP5; SL steps BE->TP1->TP2->TP3
913,2023.05.31 04:59:39,2023.05.31 07:29:39,TP1_REACHED,XAUUSD,M3,289,SELL,FULLTGT,DAY,0,1956.76,1958.60,1958.60,1.84,1.00,1.84,1954.92,1953.08,1951.24,1949.40,1947.56,0.74,0.00,0.74,1954.92,1.00,1.00,0.00,1958.49,1958.72,1957.96,1958.63,1958.79,0.797,0.96,37.71,27.36,31.09,-0.86,-0.43,-0.43,1958.27,1955.19,250,210,0.0,100.0,3,1,CROSS=EMA9<EMA21;TREND=1;STRUCT=1;VOL=1;COOL=1;EMA50=1;VWAP=1;BIAS=1,0.99,-0.28,27514.95,27651.85,full target: no partial booked
914,2023.05.31 06:39:38,2023.05.31 09:09:38,EXIT_SL,XAUUSD,M3,289,SELL,FULLTGT,DAY,0,1956.76,1958.60,1958.60,1.84,1.00,1.84,1954.92,1953.08,1951.24,1949.40,1947.56,0.74,0.74,0.00,1958.61,0.00,-1.01,-142.08,1956.80,1957.39,1957.37,1956.75,1957.38,0.023,0.79,32.24,62.86,55.32,0.42,0.25,0.17,1957.25,1958.01,92,116,71.4,14.3,1,1,CROSS=EMA9<EMA21;TREND=1;STRUCT=1;VOL=1;COOL=1;EMA50=1;VWAP=1;BIAS=1,1.67,-0.98,27375.46,27375.46,stopped at the initial SL (x1.00 of usual)
915,2023.05.31 07:33:00,2023.05.31 10:03:00,SKIP,XAUUSD,M3,289,FLAT,NA,DAY,0,0.00,0.00,0.00,0.00,1.00,0.00,0.00,0.00,0.00,0.00,0.00,0.00,0.00,0.00,0.00,0.00,0.00,0.00,1957.79,1957.78,1957.59,1957.73,1957.76,0.501,0.39,42.56,64.10,59.61,0.55,0.58,-0.03,1957.42,1959.16,84,89,71.4,14.3,8,1,CROSS=EMA9<EMA21;TREND=1;STRUCT=1;VOL=1;COOL=1;EMA50=1;VWAP=1;BIAS=1,0.00,0.00,27375.46,27375.46,outside the killzone window
916,2023.05.31 10:57:00,2023.05.31 13:27:00,SKIP,XAUUSD,M3,289,FLAT,NA,DAY,0,0.00,0.00,0.00,0.00,1.00,0.00,0.00,0.00,0.00,0.00,0.00,0.00,0.00,0.00,0.00,0.00,0.00,0.00,1959.25,1959.30,1958.78,1959.38,1959.37,0.488,1.06,61.51,30.82,29.32,-1.15,-1.08,-0.07,1959.02,1956.02,174,213,0.0,85.7,2,1,CROSS=EMA9<EMA21;TREND=1;STRUCT=1;VOL=1;COOL=1;EMA50=1;VWAP=1;BIAS=1,0.00,0.00,27375.46,27375.46,outside the killzone window
917,2023.05.31 14:48:00,2023.05.31 17:18:00,ENTRY,XAUUSD,M3,291,BUY,FULLTGT,EVENING,0,1959.92,1958.31,1958.31,1.61,1.00,1.61,1961.53,1963.14,1964.75,1966.36,1967.97,0.85,0.85,0.85,1959.92,0.00,0.00,0.00,1958.30,1958.29,1958.31,1958.24,1958.26,-0.023,0.80,54.71,65.53,59.99,0.54,0.43,0.11,1958.59,1959.88,243,230,100.0,0.0,4,1,CROSS=EMA9>EMA21;TREND=1;STRUCT=1;VOL=1;COOL=1;EMA50=1;VWAP=1;BIAS=1,0.00,0.00,27372.48,27369.08,KZ=NY; KZR=Asia H @ 1961.00 121 bars ago (high taken); EVENING 4PM-12AM IST session: stop x1.00 of usual; no partials; full size to TP5; SL steps BE->TP1->TP2->TP3
918,2023.05.31 15:06:38,2023.05.31 17:36:38,TP1_REACHED,XAUUSD,M3,291,BUY,FULLTGT,EVENING,0,1959.92,1958.31,1958.31,1.61,1.00,1.61,1961.53,1963.14,1964.75,1966.36,1967.97,0.85,0.00,0.85,1961.53,1.00,1.00,0.00,1958.75,1958.53,1958.43,1958.66,1958.48,0.131,0.75,71.11,70.51,66.91,0.70,0.59,0.11,1958.64,1961.11,148,226,85.7,0.0,8,1,CROSS=EMA9>EMA21;TREND=1;STRUCT=1;VOL=1;COOL=1;EMA50=1;VWAP=1;BIAS=1,0.99,-0.19,27372.48,27511.88,full target: no partial booked
919,2023.05.31 15:50:37,2023.05.31 18:20:37,TP2_REACHED,XAUUSD,M3,291,BUY,FULLTGT,EVENING,0,1959.92,1958.31,1958.31,1.61,1.00,1.61,1961.53,1963.14,1964.75,1966.36,1967.97,0.85,0.00,0.85,1963.14,2.00,2.00,0.00,1959.99,1959.29,1958.85,1959.94,1959.25,0.547,0.80,40.95,55.76,68.10,0.56,0.75,-0.19,1958.88,1961.27,183,245,71.4,14.3,6,1,CROSS=EMA9>EMA21;TREND=1;STRUCT=1;VOL=1;COOL=1;EMA50=1;VWAP=1;BIAS=1,1.99,-0.19,27372.48,27648.73,full target: no partial booked
920,2023.05.31 16:34:52,2023.05.31 19:04:52,TP3_REACHED,XAUUSD,M3,291,BUY,FULLTGT,EVENING,0,1959.92,1958.31,1958.31,1.61,1.00,1.61,1961.53,1963.14,1964.75,1966.36,1967.97,0.85,0.00,0.85,1964.75,3.00,3.00,0.00,1961.38,1960.26,1959.44,1961.28,1960.19,0.784,1.06,24.54,61.78,65.06,0.67,0.69,-0.02,1959.21,1963.83,386,258,71.4,14.3,1,1,CROSS=EMA9>EMA21;TREND=1;STRUCT=1;VOL=1;COOL=1;EMA50=1;VWAP=1;BIAS=1,2.99,-0.19,27372.48,27783.88,full target: no partial booked
921,2023.05.31 16:42:00,2023.05.31 19:12:00,TP4_REACHED,XAUUSD,M3,291,BUY,FULLTGT,EVENING,0,1959.92,1958.31,1958.31,1.61,1.00,1.61,1961.53,1963.14,1964.75,1966.36,1967.97,0.85,0.00,0.85,1966.36,4.00,4.00,0.00,1961.67,1960.48,1959.57,1961.59,1960.42,0.761,1.20,27.62,56.86,57.41,0.69,0.71,-0.01,1959.31,1963.58,328,267,71.4,28.6,2,1,CROSS=EMA9>EMA21;TREND=1;STRUCT=1;VOL=1;COOL=1;EMA50=1;VWAP=1;BIAS=1,3.39,-0.19,27372.48,27947.08,full target: no partial booked
922,2023.05.31 16:42:30,2023.05.31 19:12:30,TP5_EXIT,XAUUSD,M3,291,BUY,FULLTGT,EVENING,0,1959.92,1958.31,1958.31,1.61,1.00,1.61,1961.53,1963.14,1964.75,1966.36,1967.97,0.85,0.85,0.00,1968.01,5.00,5.00,0.00,1961.67,1960.48,1959.57,1961.59,1960.42,0.761,1.20,27.62,56.86,57.41,0.69,0.71,-0.01,1959.31,1963.58,328,267,71.4,28.6,2,1,CROSS=EMA9>EMA21;TREND=1;STRUCT=1;VOL=1;COOL=1;EMA50=1;VWAP=1;BIAS=1,4.99,-0.19,28057.15,28057.15,full target reached; closed in full
923,2023.05.31 16:42:30,2023.05.31 19:12:30,EXIT_TP,XAUUSD,M3,291,BUY,FULLTGT,EVENING,0,1959.92,1958.31,1958.31,1.61,1.00,1.61,1961.53,1963.14,1964.75,1966.36,1967.97,0.85,0.85,0.00,1968.01,0.00,5.02,681.69,1961.67,1960.48,1959.57,1961.59,1960.42,0.761,1.20,27.62,56.86,57.41,0.69,0.71,-0.01,1959.31,1963.58,328,267,71.4,28.6,2,1,CROSS=EMA9>EMA21;TREND=1;STRUCT=1;VOL=1;COOL=1;EMA50=1;VWAP=1;BIAS=1,4.99,-0.19,28057.15,28057.15,TP5 exit
924,2023.05.31 22:18:00,2023.06.01 00:48:00,SKIP,XAUUSD,M3,291,FLAT,NA,DAY,0,0.00,0.00,0.00,0.00,1.00,0.00,0.00,0.00,0.00,0.00,0.00,0.00,0.00,0.00,0.00,0.00,0.00,0.00,1965.70,1965.74,1964.43,1965.78,1965.78,1.974,0.66,42.96,37.67,45.05,-0.57,-0.52,-0.06,1962.33,1963.75,122,140,14.3,71.4,7,1,CROSS=EMA9>EMA21;TREND=1;STRUCT=1;VOL=1;COOL=1;EMA50=1;VWAP=1;BIAS=1,0.00,0.00,28057.15,28057.15,outside the killzone window
925,2023.06.01 01:02:00,2023.06.01 03:32:00,DAY_SUMMARY,XAUUSD,M3,291,FLAT,NA,DAY,0,0.00,0.00,0.00,0.00,1.00,0.00,0.00,0.00,0.00,0.00,0.00,0.00,0.00,0.00,0.00,0.00,2.99,388.57,1963.85,1964.52,1964.10,1963.90,1964.56,0.988,0.42,26.01,41.14,38.66,-0.28,-0.33,0.05,1962.37,1962.60,36,62,28.6,57.1,12,1,CROSS=EMA9>EMA21;TREND=1;STRUCT=1;VOL=1;COOL=1;EMA50=1;VWAP=1;BIAS=1,0.00,0.00,28057.15,28057.15,2023.05.31 trades=3 W=1 L=2 gross_profit=681.69 gross_loss=293.12 net=388.57 PF=2.33
926,2023.06.01 01:02:00,2023.06.01 03:32:00,MONTH_SUMMARY,XAUUSD,M3,291,FLAT,NA,DAY,0,0.00,0.00,0.00,0.00,1.00,0.00,0.00,0.00,0.00,0.00,0.00,0.00,0.00,0.00,0.00,0.00,9.49,1060.80,1963.85,1964.52,1964.10,1963.90,1964.56,0.988,0.42,26.01,41.14,38.66,-0.28,-0.33,0.05,1962.37,1962.60,36,62,28.6,57.1,12,1,CROSS=EMA9>EMA21;TREND=1;STRUCT=1;VOL=1;COOL=1;EMA50=1;VWAP=1;BIAS=1,0.00,0.00,28057.15,28057.15,days=19 trades=38 W=8 L=30 gross_profit=5300.67 gross_loss=4239.87 net=1060.80 PF=1.25 pips=228.0
927,2023.06.01 02:15:00,2023.06.01 04:45:00,SKIP,XAUUSD,M3,291,FLAT,NA,DAY,0,0.00,0.00,0.00,0.00,1.00,0.00,0.00,0.00,0.00,0.00,0.00,0.00,0.00,0.00,0.00,0.00,0.00,0.00,1964.79,1964.78,1964.33,1964.74,1964.76,1.114,0.41,52.41,65.41,64.52,0.63,0.71,-0.08,1965.08,1966.02,24,61,71.4,14.3,10,1,CROSS=EMA9>EMA21;TREND=1;STRUCT=1;VOL=1;COOL=1;EMA50=1;VWAP=1;BIAS=1,0.00,0.00,28057.15,28057.15,already positioned that way
928,2023.06.01 04:45:00,2023.06.01 07:15:00,ENTRY,XAUUSD,M3,293,SELL,FULLTGT,DAY,0,1962.56,1964.46,1964.46,1.90,1.00,1.90,1960.66,1958.77,1956.87,1954.97,1953.07,0.73,0.73,0.73,1962.56,0.00,0.00,0.00,1965.33,1965.34,1964.90,1965.45,1965.39,0.464,0.95,42.06,28.23,33.59,-0.84,-0.41,-0.43,1965.58,1962.56,144,148,0.0,85.7,9,1,CROSS=EMA9<EMA21;TREND=1;STRUCT=1;VOL=1;COOL=1;EMA50=1;VWAP=1;BIAS=1,0.00,0.00,28054.59,28048.02,KZ=ASIA; KZR=NY H @ 1973.70 220 bars ago (high taken); DAY 12AM-4PM IST session: stop x1.00 of usual; no partials; full size to TP5; SL steps BE->TP1->TP2->TP3
929,2023.06.01 04:45:36,2023.06.01 07:15:36,EXIT_SL,XAUUSD,M3,293,SELL,FULLTGT,DAY,0,1962.56,1964.46,1964.46,1.90,1.00,1.90,1960.66,1958.77,1956.87,1954.97,1953.07,0.73,0.73,0.00,1964.46,0.00,-1.00,-143.82,1965.33,1965.34,1964.90,1965.45,1965.39,0.464,0.95,42.06,28.23,33.59,-0.84,-0.41,-0.43,1965.58,1962.56,144,148,0.0,85.7,9,1,CROSS=EMA9<EMA21;TREND=1;STRUCT=1;VOL=1;COOL=1;EMA50=1;VWAP=1;BIAS=1,0.00,-0.98,27913.33,27913.33,stopped at the initial SL (x1.00 of usual)
930,2023.06.01 13:45:00,2023.06.01 16:15:00,ENTRY,XAUUSD,M3,295,BUY,FULLTGT,EVENING,0,1965.61,1963.83,1963.83,1.78,1.00,1.78,1967.39,1969.18,1970.96,1972.74,1974.52,0.78,0.78,0.78,1965.61,0.00,0.00,0.00,1959.92,1959.84,1961.01,1959.69,1959.73,-1.316,0.89,85.99,86.04,83.55,1.74,1.36,0.38,1962.00,1965.55,197,140,100.0,0.0,5,1,CROSS=EMA9>EMA21;TREND=1;STRUCT=1;VOL=1;COOL=1;EMA50=1;VWAP=1;BIAS=1,0.00,0.00,27910.60,27906.70,KZ=NY; KZR=NY H @ 1973.70 400 bars ago (high taken); EVENING 4PM-12AM IST session: stop x1.00 of usual; no partials; full size to TP5; SL steps BE->TP1->TP2->TP3
931,2023.06.01 14:01:25,2023.06.01 16:31:25,TP1_REACHED,XAUUSD,M3,295,BUY,FULLTGT,EVENING,0,1965.61,1963.83,1963.83,1.78,1.00,1.78,1967.39,1969.18,1970.96,1972.74,1974.52,0.78,0.00,0.78,1967.39,1.00,1.00,0.00,1961.07,1960.45,1961.27,1960.84,1960.33,-0.793,1.03,88.09,77.14,78.82,1.99,1.79,0.19,1962.09,1966.57,139,144,85.7,0.0,4,1,CROSS=EMA9>EMA21;TREND=1;STRUCT=1;VOL=1;COOL=1;EMA50=1;VWAP=1;BIAS=1,0.98,-0.20,27910.60,28051.00,full target: no partial booked
932,2023.06.01 15:15:37,2023.06.01 17:45:37,EXIT_SL,XAUUSD,M3,295,BUY,FULLTGT,EVENING,0,1965.61,1963.83,1963.83,1.78,1.00,1.78,1967.39,1969.18,1970.96,1972.74,1974.52,0.78,0.78,0.00,1963.81,0.00,-1.01,-145.86,1964.83,1963.04,1962.55,1964.78,1962.99,0.668,0.74,24.12,45.88,54.26,0.41,0.80,-0.39,1962.72,1965.84,205,182,42.9,42.9,12,1,CROSS=EMA9>EMA21;TREND=1;STRUCT=1;VOL=1;COOL=1;EMA50=1;VWAP=1;BIAS=1,1.55,-0.95,27767.47,27767.47,stopped at the initial SL (x1.00 of usual)
933,2023.06.02 01:02:00,2023.06.02 03:32:00,DAY_SUMMARY,XAUUSD,M3,295,FLAT,NA,DAY,0,0.00,0.00,0.00,0.00,1.00,0.00,0.00,0.00,0.00,0.00,0.00,0.00,0.00,0.00,0.00,0.00,-2.01,-289.68,1977.67,1977.05,1974.44,1977.68,1977.04,12.501,0.21,25.62,41.95,45.46,-0.03,0.02,-0.05,1968.63,1977.40,26,38,28.6,57.1,12,1,CROSS=EMA9>EMA21;TREND=1;STRUCT=1;VOL=1;COOL=1;EMA50=1;VWAP=1;BIAS=1,0.00,0.00,27767.47,27767.47,2023.06.01 trades=2 W=0 L=2 gross_profit=0.00 gross_loss=289.68 net=-289.68 PF=0.00
934,2023.06.02 03:27:00,2023.06.02 05:57:00,ENTRY,XAUUSD,M3,297,SELL,FULLTGT,DAY,0,1976.32,1977.32,1977.32,1.00,1.00,1.00,1975.32,1974.31,1973.31,1972.30,1971.30,1.38,1.38,1.38,1976.32,0.00,0.00,0.00,1976.85,1976.86,1975.34,1976.87,1976.87,3.025,0.50,16.11,41.90,45.87,-0.10,-0.01,-0.09,1976.76,1976.29,66,66,0.0,71.4,8,1,CROSS=EMA9<EMA21;TREND=1;STRUCT=1;VOL=1;COOL=1;EMA50=1;VWAP=1;BIAS=1,0.00,0.00,27762.64,27751.60,KZ=ASIA; KZR=Asia H @ 1967.50 268 bars ago (high taken); DAY 12AM-4PM IST session: stop x1.00 of usual; no partials; full size to TP5; SL steps BE->TP1->TP2->TP3
935,2023.06.02 04:09:01,2023.06.02 06:39:01,TP1_REACHED,XAUUSD,M3,297,SELL,FULLTGT,DAY,0,1976.32,1977.32,1977.32,1.00,1.00,1.00,1975.32,1974.31,1973.31,1972.30,1971.30,1.38,0.00,1.38,1975.32,1.00,1.00,0.00,1976.51,1976.66,1975.43,1976.56,1976.69,2.209,0.56,20.81,37.74,52.24,-0.22,-0.19,-0.02,1976.50,1975.32,152,108,14.3,71.4,3,1,CROSS=EMA9<EMA21;TREND=1;STRUCT=1;VOL=1;COOL=1;EMA50=1;VWAP=1;BIAS=1,1.04,-0.61,27762.64,27906.16,full target: no partial booked
936,2023.06.02 04:33:33,2023.06.02 07:03:33,TP2_REACHED,XAUUSD,M3,297,SELL,FULLTGT,DAY,0,1976.32,1977.32,1977.32,1.00,1.00,1.00,1975.32,1974.31,1973.31,1972.30,1971.30,1.38,0.00,1.38,1974.31,2.00,2.00,0.00,1976.07,1976.41,1975.39,1976.12,1976.44,1.438,0.70,33.32,35.00,38.37,-0.44,-0.37,-0.07,1976.18,1974.84,134,122,14.3,85.7,8,1,CROSS=EMA9<EMA21;TREND=1;STRUCT=1;VOL=1;COOL=1;EMA50=1;VWAP=1;BIAS=1,1.96,-0.61,27762.64,28044.16,full target: no partial booked
937,2023.06.02 04:47:26,2023.06.02 07:17:26,EXIT_SL,XAUUSD,M3,297,SELL,FULLTGT,DAY,0,1976.32,1977.32,1977.32,1.00,1.00,1.00,1975.32,1974.31,1973.31,1972.30,1971.30,1.38,1.38,0.00,1977.32,0.00,-1.00,-147.66,1975.97,1976.33,1975.39,1975.98,1976.34,1.180,0.79,29.93,53.26,49.35,-0.25,-0.40,0.14,1976.08,1975.84,126,135,28.6,57.1,8,1,CROSS=EMA9<EMA21;TREND=1;STRUCT=1;VOL=1;COOL=1;EMA50=1;VWAP=1;BIAS=1,2.27,-0.95,27619.81,27619.81,stopped at the initial SL (x1.00 of usual)
938,2023.06.02 05:12:00,2023.06.02 07:42:00,ENTRY,XAUUSD,M3,299,BUY,FULLTGT,DAY,0,1979.94,1978.05,1978.05,1.89,1.00,1.89,1981.83,1983.72,1985.61,1987.51,1989.40,0.73,0.73,0.73,1979.94,0.00,0.00,0.00,1976.64,1976.63,1975.63,1976.51,1976.56,1.055,0.95,42.37,76.34,67.02,0.80,0.39,0.41,1976.48,1979.86,158,148,100.0,0.0,8,1,CROSS=EMA9>EMA21;TREND=1;STRUCT=1;VOL=1;COOL=1;EMA50=1;VWAP=1;BIAS=1,0.00,0.00,27617.25,27611.41,KZ=ASIA; KZR=Asia H @ 1967.50 303 bars ago (high taken); DAY 12AM-4PM IST session: stop x1.00 of usual; no partials; full size to TP5; SL steps BE->TP1->TP2->TP3
939,2023.06.02 06:14:29,2023.06.02 08:44:29,TP1_REACHED,XAUUSD,M3,299,BUY,FULLTGT,DAY,0,1979.94,1978.05,1978.05,1.89,1.00,1.89,1981.83,1983.72,1985.61,1987.51,1989.40,0.73,0.00,0.73,1981.83,1.00,1.00,0.00,1978.37,1977.64,1976.36,1978.27,1977.57,1.980,0.65,48.35,71.09,71.90,0.94,0.86,0.08,1977.30,1981.00,132,119,85.7,14.3,12,1,CROSS=EMA9>EMA21;TREND=1;STRUCT=1;VOL=1;COOL=1;EMA50=1;VWAP=1;BIAS=1,1.00,-0.95,27617.25,27757.41,full target: no partial booked
940,2023.06.02 09:28:38,2023.06.02 11:58:38,EXIT_SL,XAUUSD,M3,299,BUY,FULLTGT,DAY,0,1979.94,1978.05,1978.05,1.89,1.00,1.89,1981.83,1983.72,1985.61,1987.51,1989.40,0.73,0.73,0.00,1978.05,0.00,-1.00,-143.09,1979.95,1979.61,1978.35,1980.01,1979.64,1.211,1.04,19.07,41.20,42.45,-0.33,-0.13,-0.20,1978.84,1978.53,188,187,14.3,71.4,5,1,CROSS=EMA9>EMA21;TREND=1;STRUCT=1;VOL=1;COOL=1;EMA50=1;VWAP=1;BIAS=1,1.85,-0.98,27476.72,27476.72,stopped at the initial SL (x1.00 of usual)
941,2023.06.02 09:57:00,2023.06.02 12:27:00,SKIP,XAUUSD,M3,299,FLAT,NA,DAY,0,0.00,0.00,0.00,0.00,1.00,0.00,0.00,0.00,0.00,0.00,0.00,0.00,0.00,0.00,0.00,0.00,0.00,0.00,1979.32,1979.33,1978.32,1979.38,1979.36,1.227,0.82,26.59,40.62,39.77,-0.52,-0.55,0.03,1978.77,1977.83,143,181,14.3,71.4,10,1,CROSS=EMA9>EMA21;TREND=1;STRUCT=1;VOL=1;COOL=1;EMA50=1;VWAP=1;BIAS=1,0.00,0.00,27476.72,27476.72,outside the killzone window
942,2023.06.02 12:42:00,2023.06.02 15:12:00,SKIP,XAUUSD,M3,299,FLAT,NA,DAY,0,0.00,0.00,0.00,0.00,1.00,0.00,0.00,0.00,0.00,0.00,0.00,0.00,0.00,0.00,0.00,0.00,0.00,0.00,1978.52,1978.52,1978.17,1978.43,1978.47,0.444,0.78,41.68,68.13,67.69,0.73,0.52,0.21,1978.53,1980.76,106,132,85.7,0.0,4,1,CROSS=EMA9>EMA21;TREND=1;STRUCT=1;VOL=1;COOL=1;EMA50=1;VWAP=1;BIAS=1,0.00,0.00,27476.72,27476.72,outside the killzone window
943,2023.06.02 15:33:00,2023.06.02 18:03:00,ENTRY,XAUUSD,M3,301,SELL,FULLTGT,EVENING,0,1972.97,1975.75,1975.75,2.78,1.00,2.78,1970.19,1967.42,1964.64,1961.86,1959.08,0.49,0.49,0.49,1972.97,0.00,0.00,0.00,1979.03,1979.04,1978.70,1979.28,1979.16,0.244,1.39,19.24,21.88,43.21,-0.57,-0.10,-0.47,1978.64,1973.05,627,176,0.0,85.7,17,1,CROSS=EMA9<EMA21;TREND=1;STRUCT=1;VOL=1;COOL=1;EMA50=1;VWAP=1;BIAS=1,0.00,0.00,27475.00,27466.67,KZ=NY; KZR=Asia H @ 1967.50 510 bars ago (high taken); EVENING 4PM-12AM IST session: stop x1.00 of usual; no partials; full size to TP5; SL steps BE->TP1->TP2->TP3
944,2023.06.02 15:33:39,2023.06.02 18:03:39,EXIT_SL,XAUUSD,M3,301,SELL,FULLTGT,EVENING,0,1972.97,1975.75,1975.75,2.78,1.00,2.78,1970.19,1967.42,1964.64,1961.86,1959.08,0.49,0.49,0.00,1975.80,0.00,-1.02,-142.11,1979.03,1979.04,1978.70,1979.28,1979.16,0.244,1.39,19.24,21.88,43.21,-0.57,-0.10,-0.47,1978.64,1973.05,627,176,0.0,85.7,17,1,CROSS=EMA9<EMA21;TREND=1;STRUCT=1;VOL=1;COOL=1;EMA50=1;VWAP=1;BIAS=1,0.22,-0.99,27334.61,27334.61,stopped at the initial SL (x1.00 of usual)
945,2023.06.05 01:02:00,2023.06.05 03:32:00,DAY_SUMMARY,XAUUSD,M3,301,FLAT,NA,DAY,0,0.00,0.00,0.00,0.00,1.00,0.00,0.00,0.00,0.00,0.00,0.00,0.00,0.00,0.00,0.00,0.00,-3.01,-432.86,1949.67,1952.80,1958.86,1949.76,1952.90,-17.956,0.34,34.09,29.29,25.88,-0.39,-0.40,0.01,1969.66,1947.62,83,67,14.3,85.7,12,1,CROSS=EMA9<EMA21;TREND=1;STRUCT=1;VOL=1;COOL=1;EMA50=1;VWAP=1;BIAS=1,0.00,0.00,27334.61,27334.61,2023.06.02 trades=3 W=0 L=3 gross_profit=0.00 gross_loss=432.86 net=-432.86 PF=0.00
946,2023.06.05 01:02:00,2023.06.05 03:32:00,WEEK_SUMMARY,XAUUSD,M3,301,FLAT,NA,DAY,0,0.00,0.00,0.00,0.00,1.00,0.00,0.00,0.00,0.00,0.00,0.00,0.00,0.00,0.00,0.00,0.00,-5.03,-722.54,1949.67,1952.80,1958.86,1949.76,1952.90,-17.956,0.34,34.09,29.29,25.88,-0.39,-0.40,0.01,1969.66,1947.62,83,67,14.3,85.7,12,1,CROSS=EMA9<EMA21;TREND=1;STRUCT=1;VOL=1;COOL=1;EMA50=1;VWAP=1;BIAS=1,0.00,0.00,27334.61,27334.61,days=2 trades=5 W=0 L=5 gross_profit=0.00 gross_loss=722.54 net=-722.54 PF=0.00 pips=-942.0
947,2023.06.05 16:27:00,2023.06.05 18:57:00,ENTRY,XAUUSD,M3,303,BUY,FULLTGT,EVENING,0,1946.21,1943.61,1943.61,2.60,1.00,2.60,1948.81,1951.40,1954.00,1956.59,1959.19,0.52,0.52,0.52,1946.21,0.00,0.00,0.00,1942.49,1942.48,1943.75,1942.34,1942.41,-0.974,1.30,54.20,71.84,68.61,1.34,0.91,0.42,1944.22,1946.16,228,238,85.7,0.0,5,1,CROSS=EMA9>EMA21;TREND=1;STRUCT=1;VOL=1;COOL=1;EMA50=1;VWAP=1;BIAS=1,0.00,0.00,27332.79,27330.19,KZ=NY; KZR=Asia L @ 1939.34 111 bars ago (low taken); EVENING 4PM-12AM IST session: stop x1.00 of usual; no partials; full size to TP5; SL steps BE->TP1->TP2->TP3
948,2023.06.05 17:00:12,2023.06.05 19:30:12,TP1_REACHED,XAUUSD,M3,303,BUY,FULLTGT,EVENING,0,1946.21,1943.61,1943.61,2.60,1.00,2.60,1948.81,1951.40,1954.00,1956.59,1959.19,0.52,0.00,0.52,1948.81,1.00,1.00,0.00,1943.89,1943.26,1944.02,1943.78,1943.19,-0.490,1.56,30.39,60.65,62.47,1.22,1.26,-0.04,1944.40,1946.67,352,302,85.7,14.3,12,1,CROSS=EMA9>EMA21;TREND=1;STRUCT=1;VOL=1;COOL=1;EMA50=1;VWAP=1;BIAS=1,0.99,-0.72,27332.79,27470.59,full target: no partial booked
949,2023.06.05 17:00:26,2023.06.05 19:30:26,TP2_REACHED,XAUUSD,M3,303,BUY,FULLTGT,EVENING,0,1946.21,1943.61,1943.61,2.60,1.00,2.60,1948.81,1951.40,1954.00,1956.59,1959.19,0.52,0.00,0.52,1951.40,2.00,2.00,0.00,1943.89,1943.26,1944.02,1943.78,1943.19,-0.490,1.56,30.39,60.65,62.47,1.22,1.26,-0.04,1944.40,1946.67,352,302,85.7,14.3,12,1,CROSS=EMA9>EMA21;TREND=1;STRUCT=1;VOL=1;COOL=1;EMA50=1;VWAP=1;BIAS=1,1.98,-0.72,27332.79,27605.27,full target: no partial booked
950,2023.06.05 17:00:40,2023.06.05 19:30:40,TP3_REACHED,XAUUSD,M3,303,BUY,FULLTGT,EVENING,0,1946.21,1943.61,1943.61,2.60,1.00,2.60,1948.81,1951.40,1954.00,1956.59,1959.19,0.52,0.00,0.52,1954.00,3.00,3.00,0.00,1943.89,1943.26,1944.02,1943.78,1943.19,-0.490,1.56,30.39,60.65,62.47,1.22,1.26,-0.04,1944.40,1946.67,352,302,85.7,14.3,12,1,CROSS=EMA9>EMA21;TREND=1;STRUCT=1;VOL=1;COOL=1;EMA50=1;VWAP=1;BIAS=1,2.99,-0.72,27332.79,27741.51,full target: no partial booked
951,2023.06.05 17:01:38,2023.06.05 19:31:38,TP4_REACHED,XAUUSD,M3,303,BUY,FULLTGT,EVENING,0,1946.21,1943.61,1943.61,2.60,1.00,2.60,1948.81,1951.40,1954.00,1956.59,1959.19,0.52,0.00,0.52,1956.59,4.00,4.00,0.00,1943.89,1943.26,1944.02,1943.78,1943.19,-0.490,1.56,30.39,60.65,62.47,1.22,1.26,-0.04,1944.40,1946.67,352,302,85.7,14.3,8,1,CROSS=EMA9>EMA21;TREND=1;STRUCT=1;VOL=1;COOL=1;EMA50=1;VWAP=1;BIAS=1,3.99,-0.72,27332.79,27873.07,full target: no partial booked
952,2023.06.05 17:03:15,2023.06.05 19:33:15,TP5_EXIT,XAUUSD,M3,303,BUY,FULLTGT,EVENING,0,1946.21,1943.61,1943.61,2.60,1.00,2.60,1948.81,1951.40,1954.00,1956.59,1959.19,0.52,0.52,0.00,1959.19,5.00,5.00,0.00,1944.44,1943.55,1944.16,1943.89,1943.26,-0.262,2.33,32.02,83.71,62.47,2.07,1.34,0.73,1944.54,1958.02,659,320,100.0,0.0,8,1,CROSS=EMA9>EMA21;TREND=1;STRUCT=1;VOL=1;COOL=1;EMA50=1;VWAP=1;BIAS=1,4.99,-0.72,28005.93,28005.93,full target reached; closed in full
953,2023.06.05 17:03:15,2023.06.05 19:33:15,EXIT_TP,XAUUSD,M3,303,BUY,FULLTGT,EVENING,0,1946.21,1943.61,1943.61,2.60,1.00,2.60,1948.81,1951.40,1954.00,1956.59,1959.19,0.52,0.52,0.00,1959.19,0.00,5.00,671.32,1944.44,1943.55,1944.16,1943.89,1943.26,-0.262,2.33,32.02,83.71,62.47,2.07,1.34,0.73,1944.54,1958.02,659,320,100.0,0.0,8,1,CROSS=EMA9>EMA21;TREND=1;STRUCT=1;VOL=1;COOL=1;EMA50=1;VWAP=1;BIAS=1,4.99,-0.72,28005.93,28005.93,TP5 exit
954,2023.06.06 01:02:00,2023.06.06 03:32:00,DAY_SUMMARY,XAUUSD,M3,303,FLAT,NA,DAY,0,0.00,0.00,0.00,0.00,1.00,0.00,0.00,0.00,0.00,0.00,0.00,0.00,0.00,0.00,0.00,0.00,5.00,671.32,1961.30,1959.77,1956.32,1961.28,1959.73,15.530,0.22,27.69,53.19,54.29,-0.01,-0.09,0.08,1949.51,1961.70,27,42,85.7,0.0,12,1,CROSS=EMA9>EMA21;TREND=1;STRUCT=1;VOL=1;COOL=1;EMA50=1;VWAP=1;BIAS=1,0.00,0.00,28005.93,28005.93,2023.06.05 trades=1 W=1 L=0 gross_profit=671.32 gross_loss=0.00 net=671.32 PF=0.00
955,2023.06.06 04:54:00,2023.06.06 07:24:00,ENTRY,XAUUSD,M3,305,SELL,FULLTGT,DAY,0,1959.51,1960.94,1960.94,1.43,1.00,1.43,1958.08,1956.66,1955.23,1953.80,1952.37,0.98,0.98,0.98,1959.51,0.00,0.00,0.00,1960.65,1960.66,1958.88,1960.69,1960.68,2.500,0.71,44.97,41.27,33.66,-0.42,-0.33,-0.08,1960.92,1959.57,127,148,0.0,85.7,7,1,CROSS=EMA9<EMA21;TREND=1;STRUCT=1;VOL=1;COOL=1;EMA50=1;VWAP=1;BIAS=1,0.00,0.00,28002.50,27995.64,KZ=ASIA; KZR=Asia L @ 1939.34 360 bars ago (low taken); DAY 12AM-4PM IST session: stop x1.00 of usual; no partials; full size to TP5; SL steps BE->TP1->TP2->TP3
956,2023.06.06 05:01:38,2023.06.06 07:31:38,EXIT_SL,XAUUSD,M3,305,SELL,FULLTGT,DAY,0,1959.51,1960.94,1960.94,1.43,1.00,1.43,1958.08,1956.66,1955.23,1953.80,1952.37,0.98,0.98,0.00,1960.97,0.00,-1.02,-149.94,1960.61,1960.64,1958.90,1960.62,1960.65,2.438,0.71,37.88,52.94,49.54,-0.30,-0.34,0.05,1960.89,1960.50,100,153,28.6,57.1,8,1,CROSS=EMA9<EMA21;TREND=1;STRUCT=1;VOL=1;COOL=1;EMA50=1;VWAP=1;BIAS=1,0.08,-0.99,27855.99,27855.99,stopped at the initial SL (x1.00 of usual)
957,2023.06.06 05:12:00,2023.06.06 07:42:00,ENTRY,XAUUSD,M3,307,BUY,FULLTGT,DAY,0,1962.93,1961.43,1961.43,1.50,1.00,1.50,1964.43,1965.92,1967.42,1968.91,1970.41,0.93,0.93,0.93,1962.93,0.00,0.00,0.00,1960.74,1960.70,1959.00,1960.65,1960.66,2.276,0.75,33.57,70.75,62.54,0.17,-0.23,0.40,1960.94,1962.80,268,156,100.0,0.0,1,1,CROSS=EMA9>EMA21;TREND=1;STRUCT=1;VOL=1;COOL=1;EMA50=1;VWAP=1;BIAS=1,0.00,0.00,27852.73,27851.80,KZ=ASIA; KZR=Asia L @ 1939.34 366 bars ago (low taken); DAY 12AM-4PM IST session: stop x1.00 of usual; no partials; full size to TP5; SL steps BE->TP1->TP2->TP3
958,2023.06.06 05:13:00,2023.06.06 07:43:00,TP1_REACHED,XAUUSD,M3,307,BUY,FULLTGT,DAY,0,1962.93,1961.43,1961.43,1.50,1.00,1.50,1964.43,1965.92,1967.42,1968.91,1970.41,0.93,0.00,0.93,1964.43,1.00,1.00,0.00,1960.74,1960.70,1959.00,1960.65,1960.66,2.276,0.75,33.57,70.75,62.54,0.17,-0.23,0.40,1960.94,1962.80,268,156,100.0,0.0,3,1,CROSS=EMA9>EMA21;TREND=1;STRUCT=1;VOL=1;COOL=1;EMA50=1;VWAP=1;BIAS=1,1.00,0.00,27852.73,27992.23,full target: no partial booked
959,2023.06.06 05:37:15,2023.06.06 08:07:15,EXIT_SL,XAUUSD,M3,307,BUY,FULLTGT,DAY,0,1962.93,1961.43,1961.43,1.50,1.00,1.50,1964.43,1965.92,1967.42,1968.91,1970.41,0.93,0.93,0.00,1961.39,0.00,-1.03,-149.74,1961.27,1961.00,1959.29,1961.24,1960.98,1.969,0.87,34.92,54.78,58.69,0.57,0.52,0.05,1961.23,1962.02,142,155,85.7,0.0,12,1,CROSS=EMA9>EMA21;TREND=1;STRUCT=1;VOL=1;COOL=1;EMA50=1;VWAP=1;BIAS=1,1.12,-1.00,27706.25,27706.25,stopped at the initial SL (x1.00 of usual)
960,2023.06.06 06:27:00,2023.06.06 08:57:00,ENTRY,XAUUSD,M3,309,SELL,FULLTGT,DAY,0,1959.84,1960.81,1960.81,0.97,1.00,0.97,1958.87,1957.90,1956.93,1955.96,1954.99,1.42,1.42,1.42,1959.84,0.00,0.00,0.00,1960.81,1960.82,1959.46,1960.85,1960.84,2.804,0.48,30.95,39.72,40.67,-0.35,-0.24,-0.11,1961.08,1959.86,100,127,0.0,85.7,9,1,CROSS=EMA9<EMA21;TREND=1;STRUCT=1;VOL=1;COOL=1;EMA50=1;VWAP=1;BIAS=1,0.00,0.00,27701.28,27688.50,KZ=ASIA; KZR=Asia L @ 1939.34 391 bars ago (low taken); DAY 12AM-4PM IST session: stop x1.00 of usual; no partials; full size to TP5; SL steps BE->TP1->TP2->TP3
961,2023.06.06 07:38:34,2023.06.06 10:08:34,EXIT_SL,XAUUSD,M3,309,SELL,FULLTGT,DAY,0,1959.84,1960.81,1960.81,0.97,1.00,0.97,1958.87,1957.90,1956.93,1955.96,1954.99,1.42,1.42,0.00,1960.83,0.00,-1.02,-150.52,1960.06,1960.35,1959.48,1960.07,1960.36,1.943,0.45,29.45,48.44,41.36,-0.12,-0.22,0.11,1960.85,1959.67,219,95,28.6,71.4,11,1,CROSS=EMA9<EMA21;TREND=1;STRUCT=1;VOL=1;COOL=1;EMA50=1;VWAP=1;BIAS=1,0.81,-0.99,27555.73,27555.73,stopped at the initial SL (x1.00 of usual)
962,2023.06.06 08:12:00,2023.06.06 10:42:00,SKIP,XAUUSD,M3,309,FLAT,NA,DAY,0,0.00,0.00,0.00,0.00,1.00,0.00,0.00,0.00,0.00,0.00,0.00,0.00,0.00,0.00,0.00,0.00,0.00,0.00,1960.61,1960.59,1959.70,1960.53,1960.55,1.413,0.63,42.57,72.41,66.00,0.62,0.39,0.23,1960.90,1962.66,133,122,100.0,0.0,12,1,CROSS=EMA9<EMA21;TREND=1;STRUCT=1;VOL=1;COOL=1;EMA50=1;VWAP=1;BIAS=1,0.00,0.00,27555.73,27555.73,outside the killzone window
963,2023.06.06 08:42:00,2023.06.06 11:12:00,SKIP,XAUUSD,M3,309,FLAT,NA,DAY,0,0.00,0.00,0.00,0.00,1.00,0.00,0.00,0.00,0.00,0.00,0.00,0.00,0.00,0.00,0.00,0.00,0.00,0.00,1960.59,1960.59,1959.79,1960.63,1960.61,1.059,0.76,46.62,38.93,40.78,-0.19,0.25,-0.44,1960.88,1959.54,143,126,14.3,85.7,11,1,CROSS=EMA9<EMA21;TREND=1;STRUCT=1;VOL=1;COOL=1;EMA50=1;VWAP=1;BIAS=1,0.00,0.00,27555.73,27555.73,outside the killzone window
964,2023.06.06 12:27:00,2023.06.06 14:57:00,SKIP,XAUUSD,M3,309,FLAT,NA,DAY,0,0.00,0.00,0.00,0.00,1.00,0.00,0.00,0.00,0.00,0.00,0.00,0.00,0.00,0.00,0.00,0.00,0.00,0.00,1959.77,1959.74,1959.59,1959.69,1959.70,0.194,0.77,58.93,67.32,61.62,0.80,0.65,0.15,1960.12,1961.79,186,171,100.0,0.0,6,1,CROSS=EMA9<EMA21;TREND=1;STRUCT=1;VOL=1;COOL=1;EMA50=1;VWAP=1;BIAS=1,0.00,0.00,27555.73,27555.73,outside the killzone window
965,2023.06.06 16:54:00,2023.06.06 19:24:00,SKIP,XAUUSD,M3,309,FLAT,NA,EVENING,0,0.00,0.00,0.00,0.00,1.00,0.00,0.00,0.00,0.00,0.00,0.00,0.00,0.00,0.00,0.00,0.00,0.00,0.00,1962.00,1962.09,1961.47,1962.24,1962.21,0.374,1.67,24.82,27.20,29.72,-1.54,-0.59,-0.95,1961.01,1956.13,390,284,0.0,85.7,4,1,CROSS=EMA9<EMA21;TREND=1;STRUCT=1;VOL=1;COOL=1;EMA50=1;VWAP=1;BIAS=1,0.00,0.00,27555.73,27555.73,already positioned that way
966,2023.06.06 19:06:00,2023.06.06 21:36:00,SKIP,XAUUSD,M3,309,FLAT,NA,EVENING,0,0.00,0.00,0.00,0.00,1.00,0.00,0.00,0.00,0.00,0.00,0.00,0.00,0.00,0.00,0.00,0.00,0.00,0.00,1961.41,1961.38,1961.18,1961.24,1961.29,0.171,1.14,36.50,71.35,63.99,1.27,0.91,0.36,1960.84,1965.55,211,217,85.7,0.0,2,1,CROSS=EMA9<EMA21;TREND=1;STRUCT=1;VOL=1;COOL=1;EMA50=1;VWAP=1;BIAS=1,0.00,0.00,27555.73,27555.73,outside the killzone window
967,2023.06.07 01:02:00,2023.06.07 03:32:00,DAY_SUMMARY,XAUUSD,M3,309,FLAT,NA,DAY,0,0.00,0.00,0.00,0.00,1.00,0.00,0.00,0.00,0.00,0.00,0.00,0.00,0.00,0.00,0.00,0.00,-3.07,-450.20,1963.16,1963.07,1962.58,1963.16,1963.06,2.333,0.21,22.12,53.71,52.48,-0.00,-0.03,0.03,1961.26,1963.23,22,42,71.4,0.0,12,1,CROSS=EMA9<EMA21;TREND=1;STRUCT=1;VOL=1;COOL=1;EMA50=1;VWAP=1;BIAS=1,0.00,0.00,27555.73,27555.73,2023.06.06 trades=3 W=0 L=3 gross_profit=0.00 gross_loss=450.20 net=-450.20 PF=0.00
968,2023.06.07 06:45:00,2023.06.07 09:15:00,SKIP,XAUUSD,M3,309,FLAT,NA,DAY,0,0.00,0.00,0.00,0.00,1.00,0.00,0.00,0.00,0.00,0.00,0.00,0.00,0.00,0.00,0.00,0.00,0.00,0.00,1964.08,1964.08,1963.69,1964.10,1964.09,0.971,0.40,31.75,45.50,45.68,-0.23,-0.24,0.01,1964.45,1963.62,29,93,14.3,71.4,11,1,CROSS=EMA9<EMA21;TREND=1;STRUCT=1;VOL=1;COOL=1;EMA50=1;VWAP=1;BIAS=1,0.00,0.00,27555.73,27555.73,already positioned that way
969,2023.06.07 12:54:00,2023.06.07 15:24:00,SKIP,XAUUSD,M3,309,FLAT,NA,DAY,0,0.00,0.00,0.00,0.00,1.00,0.00,0.00,0.00,0.00,0.00,0.00,0.00,0.00,0.00,0.00,0.00,0.00,0.00,1960.97,1960.93,1961.60,1960.85,1960.86,-0.898,0.76,43.12,69.92,70.05,1.01,0.99,0.02,1961.98,1964.08,181,175,100.0,0.0,3,1,CROSS=EMA9<EMA21;TREND=1;STRUCT=1;VOL=1;COOL=1;EMA50=1;VWAP=1;BIAS=1,0.00,0.00,27555.73,27555.73,outside the killzone window
970,2023.06.07 15:27:00,2023.06.07 17:57:00,SKIP,XAUUSD,M3,309,FLAT,NA,EVENING,0,0.00,0.00,0.00,0.00,1.00,0.00,0.00,0.00,0.00,0.00,0.00,0.00,0.00,0.00,0.00,0.00,0.00,0.00,1961.74,1961.81,1961.97,1961.87,1961.87,-0.186,0.90,60.13,25.56,27.13,-1.01,-0.71,-0.29,1962.10,1958.63,270,199,14.3,85.7,2,1,CROSS=EMA9<EMA21;TREND=1;STRUCT=1;VOL=1;COOL=1;EMA50=1;VWAP=1;BIAS=1,0.00,0.00,27555.73,27555.73,already positioned that way
971,2023.06.07 16:57:00,2023.06.07 19:27:00,ENTRY,XAUUSD,M3,311,BUY,FULLTGT,EVENING,0,1969.11,1966.04,1966.04,3.07,1.00,3.07,1972.18,1975.24,1978.31,1981.37,1984.44,0.44,0.44,0.44,1969.11,0.00,0.00,0.00,1961.34,1961.33,1961.60,1961.03,1961.17,-0.179,1.53,38.53,80.41,77.02,1.77,0.65,1.13,1961.88,1969.13,514,292,100.0,0.0,1,1,CROSS=EMA9>EMA21;TREND=1;STRUCT=1;VOL=1;COOL=1;EMA50=1;VWAP=1;BIAS=1,0.00,0.00,27554.19,27553.75,KZ=NY; KZR=Asia L @ 1939.34 1081 bars ago (low taken); EVENING 4PM-12AM IST session: stop x1.00 of usual; no partials; full size to TP5; SL steps BE->TP1->TP2->TP3
972,2023.06.07 17:04:59,2023.06.07 19:34:59,EXIT_SL,XAUUSD,M3,311,BUY,FULLTGT,EVENING,0,1969.11,1966.04,1966.04,3.07,1.00,3.07,1972.18,1975.24,1978.31,1981.37,1984.44,0.44,0.44,0.00,1966.03,0.00,-1.00,-138.60,1961.95,1961.64,1961.75,1961.66,1961.49,-0.067,1.73,41.95,77.18,78.17,2.30,1.14,1.17,1962.05,1968.94,605,321,85.7,14.3,2,1,CROSS=EMA9>EMA21;TREND=1;STRUCT=1;VOL=1;COOL=1;EMA50=1;VWAP=1;BIAS=1,0.35,-1.00,27417.13,27417.13,stopped at the initial SL (x1.00 of usual)
973,2023.06.07 17:48:00,2023.06.07 20:18:00,SKIP,XAUUSD,M3,311,FLAT,NA,EVENING,0,0.00,0.00,0.00,0.00,1.00,0.00,0.00,0.00,0.00,0.00,0.00,0.00,0.00,0.00,0.00,0.00,0.00,0.00,1961.47,1961.51,1961.69,1961.63,1961.59,-0.085,2.06,46.06,34.86,41.37,-1.27,-0.35,-0.92,1962.05,1957.56,379,466,0.0,85.7,7,1,CROSS=EMA9>EMA21;TREND=1;STRUCT=1;VOL=1;COOL=1;EMA50=1;VWAP=1;BIAS=1,0.00,0.00,27417.13,27417.13,outside the killzone window
974,2023.06.08 01:02:00,2023.06.08 03:32:00,DAY_SUMMARY,XAUUSD,M3,311,FLAT,NA,DAY,0,0.00,0.00,0.00,0.00,1.00,0.00,0.00,0.00,0.00,0.00,0.00,0.00,0.00,0.00,0.00,0.00,-1.00,-138.60,1941.73,1944.24,1948.84,1941.81,1944.33,-13.935,0.33,33.88,29.13,32.14,-0.44,-0.41,-0.03,1957.44,1939.87,37,61,0.0,85.7,12,1,CROSS=EMA9>EMA21;TREND=1;STRUCT=1;VOL=1;COOL=1;EMA50=1;VWAP=1;BIAS=1,0.00,0.00,27417.13,27417.13,2023.06.07 trades=1 W=0 L=1 gross_profit=0.00 gross_loss=138.60 net=-138.60 PF=0.00
975,2023.06.08 03:48:00,2023.06.08 06:18:00,SKIP,XAUUSD,M3,311,FLAT,NA,DAY,0,0.00,0.00,0.00,0.00,1.00,0.00,0.00,0.00,0.00,0.00,0.00,0.00,0.00,0.00,0.00,0.00,0.00,0.00,1944.03,1943.99,1946.61,1943.95,1943.95,-5.532,0.47,56.19,70.65,74.19,0.71,0.77,-0.07,1943.79,1946.00,105,98,85.7,14.3,3,1,CROSS=EMA9>EMA21;TREND=1;STRUCT=1;VOL=1;COOL=1;EMA50=1;VWAP=1;BIAS=1,0.00,0.00,27417.13,27417.13,already positioned that way
976,2023.06.08 09:30:00,2023.06.08 12:00:00,SKIP,XAUUSD,M3,311,FLAT,NA,DAY,0,0.00,0.00,0.00,0.00,1.00,0.00,0.00,0.00,0.00,0.00,0.00,0.00,0.00,0.00,0.00,0.00,0.00,0.00,1945.78,1945.81,1946.25,1945.88,1945.86,-0.541,0.81,57.68,29.45,30.07,-0.88,-0.57,-0.31,1945.43,1943.20,197,180,0.0,100.0,8,1,CROSS=EMA9>EMA21;TREND=1;STRUCT=1;VOL=1;COOL=1;EMA50=1;VWAP=1;BIAS=1,0.00,0.00,27417.13,27417.13,outside the killzone window
977,2023.06.08 10:57:00,2023.06.08 13:27:00,SKIP,XAUUSD,M3,311,FLAT,NA,DAY,0,0.00,0.00,0.00,0.00,1.00,0.00,0.00,0.00,0.00,0.00,0.00,0.00,0.00,0.00,0.00,0.00,0.00,0.00,1945.83,1945.80,1946.12,1945.75,1945.76,-0.357,0.91,28.96,63.08,57.12,0.32,0.10,0.23,1945.49,1947.79,216,172,100.0,0.0,4,1,CROSS=EMA9>EMA21;TREND=1;STRUCT=1;VOL=1;COOL=1;EMA50=1;VWAP=1;BIAS=1,0.00,0.00,27417.13,27417.13,outside the killzone window
978,2023.06.08 14:36:00,2023.06.08 17:06:00,ENTRY,XAUUSD,M3,313,SELL,FULLTGT,EVENING,0,1945.44,1946.97,1946.97,1.53,1.00,1.53,1943.91,1942.37,1940.84,1939.31,1937.78,0.89,0.89,0.89,1945.44,0.00,0.00,0.00,1946.57,1946.57,1946.53,1946.61,1946.59,0.048,0.77,15.92,40.50,40.40,-0.29,-0.22,-0.07,1945.97,1945.46,139,130,0.0,85.7,4,1,CROSS=EMA9<EMA21;TREND=1;STRUCT=1;VOL=1;COOL=1;EMA50=1;VWAP=1;BIAS=1,0.00,0.00,27414.01,27410.45,KZ=NY; KZR=Asia L @ 1944.03 385 bars ago (low taken); EVENING 4PM-12AM IST session: stop x1.00 of usual; no partials; full size to TP5; SL steps BE->TP1->TP2->TP3
979,2023.06.08 14:55:32,2023.06.08 17:25:32,EXIT_SL,XAUUSD,M3,313,SELL,FULLTGT,EVENING,0,1945.44,1946.97,1946.97,1.53,1.00,1.53,1943.91,1942.37,1940.84,1939.31,1937.78,0.89,0.89,0.00,1946.98,0.00,-1.00,-143.30,1946.44,1946.50,1946.50,1946.44,1946.50,0.005,0.68,19.55,53.60,49.29,-0.18,-0.26,0.08,1945.97,1946.62,134,136,42.9,28.6,3,1,CROSS=EMA9<EMA21;TREND=1;STRUCT=1;VOL=1;COOL=1;EMA50=1;VWAP=1;BIAS=1,0.27,-0.96,27273.83,27273.83,stopped at the initial SL (x1.00 of usual)
980,2023.06.08 15:18:00,2023.06.08 17:48:00,ENTRY,XAUUSD,M3,315,BUY,FULLTGT,EVENING,0,1947.61,1946.03,1946.03,1.58,1.00,1.58,1949.19,1950.76,1952.34,1953.92,1955.50,0.86,0.86,0.86,1947.61,0.00,0.00,0.00,1946.58,1946.57,1946.53,1946.54,1946.54,0.044,0.79,31.34,59.38,53.90,0.19,0.02,0.17,1946.01,1947.64,173,152,100.0,0.0,2,1,CROSS=EMA9>EMA21;TREND=1;STRUCT=1;VOL=1;COOL=1;EMA50=1;VWAP=1;BIAS=1,0.00,0.00,27270.82,27269.10,KZ=NY; KZR=Asia L @ 1944.03 399 bars ago (low taken); EVENING 4PM-12AM IST session: stop x1.00 of usual; no partials; full size to TP5; SL steps BE->TP1->TP2->TP3
981,2023.06.08 15:27:29,2023.06.08 17:57:29,TP1_REACHED,XAUUSD,M3,315,BUY,FULLTGT,EVENING,0,1947.61,1946.03,1946.03,1.58,1.00,1.58,1949.19,1950.76,1952.34,1953.92,1955.50,0.86,0.00,0.86,1949.19,1.00,1.00,0.00,1946.70,1946.63,1946.56,1946.62,1946.58,0.066,0.98,34.92,64.96,53.26,0.34,0.14,0.21,1946.04,1948.84,275,173,100.0,0.0,4,1,CROSS=EMA9>EMA21;TREND=1;STRUCT=1;VOL=1;COOL=1;EMA50=1;VWAP=1;BIAS=1,0.99,-0.81,27270.82,27406.70,full target: no partial booked
982,2023.06.08 15:30:23,2023.06.08 18:00:23,TP2_REACHED,XAUUSD,M3,315,BUY,FULLTGT,EVENING,0,1947.61,1946.03,1946.03,1.58,1.00,1.58,1949.19,1950.76,1952.34,1953.92,1955.50,0.86,0.00,0.86,1950.76,2.00,2.00,0.00,1946.78,1946.67,1946.58,1946.70,1946.63,0.084,1.00,37.68,63.48,65.04,0.44,0.19,0.25,1946.06,1948.68,272,180,85.7,14.3,11,1,CROSS=EMA9>EMA21;TREND=1;STRUCT=1;VOL=1;COOL=1;EMA50=1;VWAP=1;BIAS=1,1.98,-0.81,27270.82,27544.30,full target: no partial booked
983,2023.06.08 15:30:38,2023.06.08 18:00:38,TP3_REACHED,XAUUSD,M3,315,BUY,FULLTGT,EVENING,0,1947.61,1946.03,1946.03,1.58,1.00,1.58,1949.19,1950.76,1952.34,1953.92,1955.50,0.86,0.00,0.86,1952.34,3.00,3.00,0.00,1946.78,1946.67,1946.58,1946.70,1946.63,0.084,1.00,37.68,63.48,65.04,0.44,0.19,0.25,1946.06,1948.68,272,180,85.7,14.3,11,1,CROSS=EMA9>EMA21;TREND=1;STRUCT=1;VOL=1;COOL=1;EMA50=1;VWAP=1;BIAS=1,2.99,-0.81,27270.82,27681.04,full target: no partial booked
984,2023.06.08 15:31:25,2023.06.08 18:01:25,TP4_REACHED,XAUUSD,M3,315,BUY,FULLTGT,EVENING,0,1947.61,1946.03,1946.03,1.58,1.00,1.58,1949.19,1950.76,1952.34,1953.92,1955.50,0.86,0.00,0.86,1953.92,4.00,4.00,0.00,1946.78,1946.67,1946.58,1946.70,1946.63,0.084,1.00,37.68,63.48,65.04,0.44,0.19,0.25,1946.06,1948.68,272,180,85.7,14.3,2,1,CROSS=EMA9>EMA21;TREND=1;STRUCT=1;VOL=1;COOL=1;EMA50=1;VWAP=1;BIAS=1,3.99,-0.81,27270.82,27815.20,full target: no partial booked
985,2023.06.08 15:36:37,2023.06.08 18:06:37,TP5_EXIT,XAUUSD,M3,315,BUY,FULLTGT,EVENING,0,1947.61,1946.03,1946.03,1.58,1.00,1.58,1949.19,1950.76,1952.34,1953.92,1955.50,0.86,0.86,0.00,1955.50,5.00,5.00,0.00,1947.33,1946.95,1946.73,1947.05,1946.80,0.142,1.57,45.10,80.58,79.27,1.31,0.42,0.89,1946.26,1954.36,498,220,100.0,0.0,1,1,CROSS=EMA9>EMA21;TREND=1;STRUCT=1;VOL=1;COOL=1;EMA50=1;VWAP=1;BIAS=1,4.99,-0.81,27946.35,27946.35,full target reached; closed in full
986,2023.06.08 15:36:37,2023.06.08 18:06:37,EXIT_TP,XAUUSD,M3,315,BUY,FULLTGT,EVENING,0,1947.61,1946.03,1946.03,1.58,1.00,1.58,1949.19,1950.76,1952.34,1953.92,1955.50,0.86,0.86,0.00,1955.50,0.00,5.00,672.52,1947.33,1946.95,1946.73,1947.05,1946.80,0.142,1.57,45.10,80.58,79.27,1.31,0.42,0.89,1946.26,1954.36,498,220,100.0,0.0,1,1,CROSS=EMA9>EMA21;TREND=1;STRUCT=1;VOL=1;COOL=1;EMA50=1;VWAP=1;BIAS=1,4.99,-0.81,27946.35,27946.35,TP5 exit
987,2023.06.09 01:02:00,2023.06.09 03:32:00,DAY_SUMMARY,XAUUSD,M3,315,FLAT,NA,DAY,0,0.00,0.00,0.00,0.00,1.00,0.00,0.00,0.00,0.00,0.00,0.00,0.00,0.00,0.00,0.00,0.00,4.00,529.22,1965.00,1964.33,1961.54,1964.98,1964.31,8.263,0.34,28.11,53.67,54.66,0.20,0.29,-0.09,1955.05,1965.44,27,43,71.4,14.3,12,1,CROSS=EMA9>EMA21;TREND=1;STRUCT=1;VOL=1;COOL=1;EMA50=1;VWAP=1;BIAS=1,0.00,0.00,27946.35,27946.35,2023.06.08 trades=2 W=1 L=1 gross_profit=672.52 gross_loss=143.30 net=529.22 PF=4.69
988,2023.06.09 04:24:00,2023.06.09 06:54:00,ENTRY,XAUUSD,M3,317,SELL,FULLTGT,DAY,0,1964.00,1965.46,1965.46,1.46,1.00,1.46,1962.54,1961.08,1959.62,1958.15,1956.69,0.95,0.95,0.95,1964.00,0.00,0.00,0.00,1964.92,1964.93,1963.37,1964.95,1964.95,2.126,0.73,18.62,42.41,41.95,-0.24,-0.24,0.01,1965.09,1963.99,101,93,28.6,57.1,3,1,CROSS=EMA9<EMA21;TREND=1;STRUCT=1;VOL=1;COOL=1;EMA50=1;VWAP=1;BIAS=1,0.00,0.00,27943.02,27940.17,KZ=ASIA; KZR=Asia L @ 1944.03 661 bars ago (low taken); DAY 12AM-4PM IST session: stop x1.00 of usual; no partials; full size to TP5; SL steps BE->TP1->TP2->TP3
989,2023.06.09 07:34:00,2023.06.09 10:04:00,TP1_REACHED,XAUUSD,M3,317,SELL,FULLTGT,DAY,0,1964.00,1965.46,1965.46,1.46,1.00,1.46,1962.54,1961.08,1959.62,1958.15,1956.69,0.95,0.00,0.95,1962.54,1.00,1.00,0.00,1963.97,1964.27,1963.70,1964.02,1964.30,1.630,0.35,47.39,30.21,35.68,-0.40,-0.26,-0.14,1964.56,1962.71,67,56,0.0,100.0,5,1,CROSS=EMA9<EMA21;TREND=1;STRUCT=1;VOL=1;COOL=1;EMA50=1;VWAP=1;BIAS=1,1.02,-0.99,27943.02,28084.57,full target: no partial booked
990,2023.06.09 08:53:38,2023.06.09 11:23:38,EXIT_SL,XAUUSD,M3,317,SELL,FULLTGT,DAY,0,1964.00,1965.46,1965.46,1.46,1.00,1.46,1962.54,1961.08,1959.62,1958.15,1956.69,0.95,0.95,0.00,1965.48,0.00,-1.01,-147.26,1963.77,1963.99,1963.66,1963.72,1963.97,0.560,0.59,27.29,69.85,64.30,0.31,0.07,0.23,1964.40,1964.94,158,91,71.4,28.6,10,1,CROSS=EMA9<EMA21;TREND=1;STRUCT=1;VOL=1;COOL=1;EMA50=1;VWAP=1;BIAS=1,1.09,-0.99,27799.09,27799.09,stopped at the initial SL (x1.00 of usual)
991,2023.06.09 09:30:00,2023.06.09 12:00:00,SKIP,XAUUSD,M3,317,FLAT,NA,DAY,0,0.00,0.00,0.00,0.00,1.00,0.00,0.00,0.00,0.00,0.00,0.00,0.00,0.00,0.00,0.00,0.00,0.00,0.00,1964.19,1964.18,1963.80,1964.16,1964.16,0.543,0.69,11.41,57.69,59.21,0.29,0.34,-0.05,1964.45,1965.00,156,143,71.4,14.3,10,1,CROSS=EMA9<EMA21;TREND=1;STRUCT=1;VOL=1;COOL=1;EMA50=1;VWAP=1;BIAS=1,0.00,0.00,27799.09,27799.09,outside the killzone window
992,2023.06.09 11:06:00,2023.06.09 13:36:00,SKIP,XAUUSD,M3,317,FLAT,NA,DAY,0,0.00,0.00,0.00,0.00,1.00,0.00,0.00,0.00,0.00,0.00,0.00,0.00,0.00,0.00,0.00,0.00,0.00,0.00,1964.26,1964.29,1963.98,1964.35,1964.33,0.370,0.82,35.38,31.77,33.49,-0.47,-0.17,-0.31,1964.47,1962.15,180,157,0.0,100.0,2,1,CROSS=EMA9<EMA21;TREND=1;STRUCT=1;VOL=1;COOL=1;EMA50=1;VWAP=1;BIAS=1,0.00,0.00,27799.09,27799.09,outside the killzone window
993,2023.06.09 14:24:00,2023.06.09 16:54:00,ENTRY,XAUUSD,M3,319,BUY,FULLTGT,EVENING,0,1965.30,1964.03,1964.03,1.27,1.00,1.27,1966.57,1967.85,1969.12,1970.39,1971.66,1.09,1.09,1.09,1965.30,0.00,0.00,0.00,1963.46,1963.42,1963.48,1963.38,1963.39,-0.096,0.64,25.16,64.97,64.62,0.49,0.29,0.19,1963.94,1965.24,139,118,100.0,0.0,9,1,CROSS=EMA9>EMA21;TREND=1;STRUCT=1;VOL=1;COOL=1;EMA50=1;VWAP=1;BIAS=1,0.00,0.00,27795.27,27785.46,KZ=NY; KZR=Asia L @ 1944.03 861 bars ago (low taken); EVENING 4PM-12AM IST session: stop x1.00 of usual; no partials; full size to TP5; SL steps BE->TP1->TP2->TP3
994,2023.06.09 14:27:34,2023.06.09 16:57:34,TP1_REACHED,XAUUSD,M3,319,BUY,FULLTGT,EVENING,0,1965.30,1964.03,1964.03,1.27,1.00,1.27,1966.57,1967.85,1969.12,1970.39,1971.66,1.09,0.00,1.09,1966.57,1.00,1.00,0.00,1963.56,1963.48,1963.51,1963.46,1963.42,-0.052,0.66,27.82,69.96,66.75,0.59,0.34,0.26,1963.95,1966.06,145,119,100.0,0.0,4,1,CROSS=EMA9>EMA21;TREND=1;STRUCT=1;VOL=1;COOL=1;EMA50=1;VWAP=1;BIAS=1,0.98,-0.12,27795.27,27934.79,full target: no partial booked
995,2023.06.09 15:26:04,2023.06.09 17:56:04,EXIT_SL,XAUUSD,M3,319,BUY,FULLTGT,EVENING,0,1965.30,1964.03,1964.03,1.27,1.00,1.27,1966.57,1967.85,1969.12,1970.39,1971.66,1.09,1.09,0.00,1964.01,0.00,-1.01,-148.25,1964.77,1964.22,1963.91,1964.75,1964.20,0.289,1.07,17.56,48.56,51.40,0.28,0.55,-0.27,1964.14,1965.10,314,162,57.1,28.6,1,1,CROSS=EMA9>EMA21;TREND=1;STRUCT=1;VOL=1;COOL=1;EMA50=1;VWAP=1;BIAS=1,1.34,-0.94,27650.84,27650.84,stopped at the initial SL (x1.00 of usual)
996,2023.06.09 16:42:00,2023.06.09 19:12:00,ENTRY,XAUUSD,M3,321,SELL,FULLTGT,EVENING,0,1957.94,1961.31,1961.31,3.37,1.00,3.37,1954.57,1951.19,1947.82,1944.44,1941.07,0.40,0.40,0.40,1957.94,0.00,0.00,0.00,1963.84,1963.96,1963.87,1964.09,1964.08,0.058,1.69,31.11,30.27,34.25,-1.15,-0.65,-0.50,1964.14,1957.92,471,312,0.0,100.0,2,1,CROSS=EMA9<EMA21;TREND=1;STRUCT=1;VOL=1;COOL=1;EMA50=1;VWAP=1;BIAS=1,0.00,0.00,27649.44,27648.64,KZ=NY; KZR=Asia H @ 1966.66 35 bars ago (high taken); EVENING 4PM-12AM IST session: stop x1.00 of usual; no partials; full size to TP5; SL steps BE->TP1->TP2->TP3
997,2023.06.09 16:58:28,2023.06.09 19:28:28,EXIT_SL,XAUUSD,M3,321,SELL,FULLTGT,EVENING,0,1957.94,1961.31,1961.31,3.37,1.00,3.37,1954.57,1951.19,1947.82,1944.44,1941.07,0.40,0.40,0.00,1961.33,0.00,-1.00,-138.40,1963.02,1963.52,1963.64,1963.13,1963.58,-0.073,1.68,30.01,43.44,38.72,-1.42,-1.16,-0.25,1963.90,1960.51,372,335,14.3,85.7,4,1,CROSS=EMA9<EMA21;TREND=1;STRUCT=1;VOL=1;COOL=1;EMA50=1;VWAP=1;BIAS=1,0.38,-0.99,27512.44,27512.44,stopped at the initial SL (x1.00 of usual)
998,2023.06.09 18:06:00,2023.06.09 20:36:00,SKIP,XAUUSD,M3,321,FLAT,NA,EVENING,0,0.00,0.00,0.00,0.00,1.00,0.00,0.00,0.00,0.00,0.00,0.00,0.00,0.00,0.00,0.00,0.00,0.00,0.00,1963.78,1963.77,1963.75,1963.72,1963.75,0.016,1.50,23.04,55.72,52.30,0.33,0.58,-0.24,1963.93,1965.11,317,309,71.4,14.3,1,1,CROSS=EMA9<EMA21;TREND=1;STRUCT=1;VOL=1;COOL=1;EMA50=1;VWAP=1;BIAS=1,0.00,0.00,27512.44,27512.44,outside the killzone window
999,2023.06.09 18:36:00,2023.06.09 21:06:00,SKIP,XAUUSD,M3,321,FLAT,NA,EVENING,0,0.00,0.00,0.00,0.00,1.00,0.00,0.00,0.00,0.00,0.00,0.00,0.00,0.00,0.00,0.00,0.00,0.00,0.00,1963.73,1963.75,1963.74,1963.79,1963.78,0.008,1.29,19.73,43.19,44.05,-0.15,0.10,-0.25,1963.92,1962.23,285,273,0.0,85.7,1,1,CROSS=EMA9<EMA21;TREND=1;STRUCT=1;VOL=1;COOL=1;EMA50=1;VWAP=1;BIAS=1,0.00,0.00,27512.44,27512.44,outside the killzone window
1000,2023.06.12 01:02:00,2023.06.12 03:32:00,DAY_SUMMARY,XAUUSD,M3,321,FLAT,NA,DAY,0,0.00,0.00,0.00,0.00,1.00,0.00,0.00,0.00,0.00,0.00,0.00,0.00,0.00,0.00,0.00,0.00,-3.03,-433.91,1960.96,1961.45,1962.13,1960.98,1961.47,-2.580,0.26,28.40,43.92,43.03,-0.03,-0.05,0.02,1963.48,1960.46,62,39,14.3,85.7,39,1,CROSS=EMA9<EMA21;TREND=1;STRUCT=1;VOL=1;COOL=1;EMA50=1;VWAP=1;BIAS=1,0.00,0.00,27512.44,27512.44,2023.06.09 trades=3 W=0 L=3 gross_profit=0.00 gross_loss=433.91 net=-433.91 PF=0.00
1001,2023.06.12 01:02:00,2023.06.12 03:32:00,WEEK_SUMMARY,XAUUSD,M3,321,FLAT,NA,DAY,0,0.00,0.00,0.00,0.00,1.00,0.00,0.00,0.00,0.00,0.00,0.00,0.00,0.00,0.00,0.00,0.00,1.89,177.83,1960.96,1961.45,1962.13,1960.98,1961.47,-2.580,0.26,28.40,43.92,43.03,-0.03,-0.05,0.02,1963.48,1960.46,62,39,14.3,85.7,39,1,CROSS=EMA9<EMA21;TREND=1;STRUCT=1;VOL=1;COOL=1;EMA50=1;VWAP=1;BIAS=1,0.00,0.00,27512.44,27512.44,days=5 trades=10 W=2 L=8 gross_profit=1343.84 gross_loss=1166.01 net=177.83 PF=1.15 pips=610.0
1002,2023.06.12 08:36:00,2023.06.12 11:06:00,SKIP,XAUUSD,M3,321,FLAT,NA,DAY,0,0.00,0.00,0.00,0.00,1.00,0.00,0.00,0.00,0.00,0.00,0.00,0.00,0.00,0.00,0.00,0.00,0.00,0.00,1957.84,1957.80,1958.66,1957.74,1957.74,-1.162,0.74,35.65,74.48,70.12,0.68,0.48,0.21,1957.65,1960.49,225,102,100.0,0.0,8,1,CROSS=EMA9<EMA21;TREND=1;STRUCT=1;VOL=1;COOL=1;EMA50=1;VWAP=1;BIAS=1,0.00,0.00,27512.44,27512.44,outside the killzone window
1003,2023.06.12 16:21:00,2023.06.12 18:51:00,SKIP,XAUUSD,M3,321,FLAT,NA,EVENING,0,0.00,0.00,0.00,0.00,1.00,0.00,0.00,0.00,0.00,0.00,0.00,0.00,0.00,0.00,0.00,0.00,0.00,0.00,1963.07,1963.13,1962.30,1963.27,1963.23,0.693,1.20,30.51,26.24,27.36,-1.02,-0.54,-0.48,1960.89,1958.28,301,262,0.0,100.0,2,1,CROSS=EMA9<EMA21;TREND=1;STRUCT=1;VOL=1;COOL=1;EMA50=1;VWAP=1;BIAS=1,0.00,0.00,27512.44,27512.44,already positioned that way
1004,2023.06.12 22:48:00,2023.06.13 01:18:00,SKIP,XAUUSD,M3,321,FLAT,NA,DAY,0,0.00,0.00,0.00,0.00,1.00,0.00,0.00,0.00,0.00,0.00,0.00,0.00,0.00,0.00,0.00,0.00,0.00,0.00,1956.57,1956.55,1957.48,1956.52,1956.52,-1.542,0.60,34.30,63.72,60.50,0.35,0.21,0.15,1958.53,1957.93,148,125,85.7,14.3,7,1,CROSS=EMA9<EMA21;TREND=1;STRUCT=1;VOL=1;COOL=1;EMA50=1;VWAP=1;BIAS=1,0.00,0.00,27512.44,27512.44,outside the killzone window
1005,2023.06.13 05:09:00,2023.06.13 07:39:00,SKIP,XAUUSD,M3,321,FLAT,NA,DAY,0,0.00,0.00,0.00,0.00,1.00,0.00,0.00,0.00,0.00,0.00,0.00,0.00,0.00,0.00,0.00,0.00,0.00,0.00,1958.28,1958.30,1958.19,1958.32,1958.32,0.131,0.80,45.42,45.19,34.72,-0.62,-0.58,-0.04,1958.54,1957.28,108,182,0.0,85.7,7,1,CROSS=EMA9<EMA21;TREND=1;STRUCT=1;VOL=1;COOL=1;EMA50=1;VWAP=1;BIAS=1,0.00,0.00,27512.44,27512.44,already positioned that way
1006,2023.06.13 06:15:00,2023.06.13 08:45:00,ENTRY,XAUUSD,M3,323,BUY,FULLTGT,DAY,0,1959.42,1958.11,1958.11,1.31,1.00,1.31,1960.73,1962.03,1963.34,1964.64,1965.95,1.05,1.05,1.05,1959.42,0.00,0.00,0.00,1958.27,1958.25,1958.18,1958.23,1958.23,0.113,0.65,28.24,60.90,60.87,0.34,0.24,0.10,1958.43,1959.34,127,104,100.0,0.0,8,1,CROSS=EMA9>EMA21;TREND=1;STRUCT=1;VOL=1;COOL=1;EMA50=1;VWAP=1;BIAS=1,0.00,0.00,27508.76,27500.36,KZ=ASIA; KZR=Asia H @ 1966.66 1746 bars ago (high taken); DAY 12AM-4PM IST session: stop x1.00 of usual; no partials; full size to TP5; SL steps BE->TP1->TP2->TP3
1007,2023.06.13 06:32:33,2023.06.13 09:02:33,TP1_REACHED,XAUUSD,M3,323,BUY,FULLTGT,DAY,0,1959.42,1958.11,1958.11,1.31,1.00,1.31,1960.73,1962.03,1963.34,1964.64,1965.95,1.05,0.00,1.05,1960.73,1.00,1.00,0.00,1958.57,1958.41,1958.26,1958.50,1958.37,0.242,0.60,36.84,68.09,67.69,0.57,0.40,0.17,1958.51,1960.27,71,111,85.7,0.0,11,1,CROSS=EMA9>EMA21;TREND=1;STRUCT=1;VOL=1;COOL=1;EMA50=1;VWAP=1;BIAS=1,1.00,-0.21,27508.76,27649.46,full target: no partial booked
1008,2023.06.13 06:56:30,2023.06.13 09:26:30,TP2_REACHED,XAUUSD,M3,323,BUY,FULLTGT,DAY,0,1959.42,1958.11,1958.11,1.31,1.00,1.31,1960.73,1962.03,1963.34,1964.64,1965.95,1.05,0.00,1.05,1962.03,2.00,2.00,0.00,1959.18,1958.76,1958.46,1959.09,1958.71,0.580,0.53,43.44,71.16,70.80,0.74,0.68,0.06,1958.67,1961.34,76,105,85.7,0.0,8,1,CROSS=EMA9>EMA21;TREND=1;STRUCT=1;VOL=1;COOL=1;EMA50=1;VWAP=1;BIAS=1,1.99,-0.21,27508.76,27784.91,full target: no partial booked
1009,2023.06.13 09:43:38,2023.06.13 12:13:38,TP3_REACHED,XAUUSD,M3,323,BUY,FULLTGT,DAY,0,1959.42,1958.11,1958.11,1.31,1.00,1.31,1960.73,1962.03,1963.34,1964.64,1965.95,1.05,0.00,1.05,1963.34,3.00,3.00,0.00,1960.43,1959.99,1959.39,1960.32,1959.93,0.633,0.96,44.72,70.42,71.42,0.66,0.14,0.51,1959.44,1963.10,191,178,100.0,0.0,8,1,CROSS=EMA9>EMA21;TREND=1;STRUCT=1;VOL=1;COOL=1;EMA50=1;VWAP=1;BIAS=1,2.99,-0.89,27508.76,27920.36,full target: no partial booked
1010,2023.06.13 10:12:18,2023.06.13 12:42:18,TP4_REACHED,XAUUSD,M3,323,BUY,FULLTGT,DAY,0,1959.42,1958.11,1958.11,1.31,1.00,1.31,1960.73,1962.03,1963.34,1964.64,1965.95,1.05,0.00,1.05,1964.64,4.00,4.00,0.00,1961.27,1960.53,1959.72,1961.13,1960.45,0.908,0.89,46.88,73.03,71.09,0.88,0.75,0.13,1959.78,1964.55,213,206,100.0,0.0,7,1,CROSS=EMA9>EMA21;TREND=1;STRUCT=1;VOL=1;COOL=1;EMA50=1;VWAP=1;BIAS=1,3.98,-0.89,27508.76,28060.01,full target: no partial booked
1011,2023.06.13 13:55:34,2023.06.13 16:25:34,TP5_EXIT,XAUUSD,M3,323,BUY,FULLTGT,EVENING,0,1959.42,1958.11,1958.11,1.31,1.00,1.31,1960.73,1962.03,1963.34,1964.64,1965.95,1.05,1.05,0.00,1965.95,5.00,5.00,0.00,1963.63,1962.91,1961.73,1963.55,1962.86,1.896,0.63,59.64,68.99,68.88,0.53,0.25,0.28,1960.97,1965.56,100,105,85.7,0.0,4,1,CROSS=EMA9>EMA21;TREND=1;STRUCT=1;VOL=1;COOL=1;EMA50=1;VWAP=1;BIAS=1,4.98,-0.89,28190.73,28190.73,full target reached; closed in full
1012,2023.06.13 13:55:36,2023.06.13 16:25:36,EXIT_TP,XAUUSD,M3,323,BUY,FULLTGT,EVENING,0,1959.42,1958.11,1958.11,1.31,1.00,1.31,1960.73,1962.03,1963.34,1964.64,1965.95,1.05,1.05,0.00,1965.95,0.00,5.00,678.29,1963.63,1962.91,1961.73,1963.55,1962.86,1.896,0.63,59.64,68.99,68.88,0.53,0.25,0.28,1960.97,1965.56,100,105,85.7,0.0,4,1,CROSS=EMA9>EMA21;TREND=1;STRUCT=1;VOL=1;COOL=1;EMA50=1;VWAP=1;BIAS=1,4.98,-0.89,28190.73,28190.73,TP5 exit
1013,2023.06.13 15:54:00,2023.06.13 18:24:00,ENTRY,XAUUSD,M3,325,SELL,FULLTGT,EVENING,0,1959.86,1969.09,1969.09,9.23,1.00,9.23,1950.63,1941.39,1932.16,1922.92,1913.69,0.15,0.15,0.15,1959.86,0.00,0.00,0.00,1963.08,1963.11,1962.29,1963.21,1963.17,0.176,4.62,47.15,43.18,52.66,-0.58,-0.62,0.04,1961.46,1959.86,492,372,28.6,71.4,5,1,CROSS=EMA9<EMA21;TREND=1;STRUCT=1;VOL=1;COOL=1;EMA50=1;VWAP=1;BIAS=1,0.00,0.00,28190.20,28189.45,KZ=NY; KZR=Asia H @ 1966.66 1939 bars ago (high taken); EVENING 4PM-12AM IST session: stop x1.00 of usual; no partials; full size to TP5; SL steps BE->TP1->TP2->TP3
1014,2023.06.13 16:12:00,2023.06.13 18:42:00,FLIP,XAUUSD,M3,325,SELL,FULLTGT,EVENING,0,1959.86,1969.09,1969.09,9.23,1.00,9.23,1950.63,1941.39,1932.16,1922.92,1913.69,0.15,0.00,0.00,1964.47,0.00,-0.50,0.00,1963.16,1963.14,1962.35,1963.12,1963.12,0.166,4.73,29.10,53.28,51.78,0.17,-0.34,0.51,1961.57,1964.12,426,462,85.7,0.0,5,1,CROSS=EMA9>EMA21;TREND=1;STRUCT=1;VOL=1;COOL=1;EMA50=1;VWAP=1;BIAS=1,0.15,-0.67,28190.20,28121.05,opposite signal before SL/target | SELL -> BUY | closing trade 325
1015,2023.06.13 16:12:00,2023.06.13 18:42:00,EXIT_FLIP,XAUUSD,M3,325,SELL,FULLTGT,EVENING,0,1959.86,1969.09,1969.09,9.23,1.00,9.23,1950.63,1941.39,1932.16,1922.92,1913.69,0.15,0.15,0.00,1964.47,0.00,-0.50,0.00,1963.16,1963.14,1962.35,1963.12,1963.12,0.166,4.73,29.10,53.28,51.78,0.17,-0.34,0.51,1961.57,1964.12,426,462,85.7,0.0,5,1,CROSS=EMA9>EMA21;TREND=1;STRUCT=1;VOL=1;COOL=1;EMA50=1;VWAP=1;BIAS=1,0.15,-0.67,28120.52,28120.52,FLIP exit
1016,2023.06.13 16:12:00,2023.06.13 18:42:00,EXIT_OTHER,XAUUSD,M3,325,SELL,FULLTGT,EVENING,0,1959.86,1969.09,1969.09,9.23,1.00,9.23,1950.63,1941.39,1932.16,1922.92,1913.69,0.15,0.15,0.00,1964.47,0.00,-0.50,-70.21,1963.16,1963.14,1962.35,1963.12,1963.12,0.166,4.73,29.10,53.28,51.78,0.17,-0.34,0.51,1961.57,1964.12,426,462,85.7,0.0,5,1,CROSS=EMA9>EMA21;TREND=1;STRUCT=1;VOL=1;COOL=1;EMA50=1;VWAP=1;BIAS=1,0.15,-0.67,28120.52,28120.52,FLIP exit
1017,2023.06.13 16:12:00,2023.06.13 18:42:00,ENTRY,XAUUSD,M3,327,BUY,FULLTGT,EVENING,325,1964.47,1955.02,1955.02,9.45,1.00,9.45,1973.92,1983.38,1992.83,2002.28,2011.73,0.14,0.14,0.14,1964.47,0.00,0.00,0.00,1963.16,1963.14,1962.35,1963.12,1963.12,0.166,4.73,29.10,53.28,51.78,0.17,-0.34,0.51,1961.57,1964.12,426,462,85.7,0.0,5,1,CROSS=EMA9>EMA21;TREND=1;STRUCT=1;VOL=1;COOL=1;EMA50=1;VWAP=1;BIAS=1,0.00,0.00,28120.03,28119.33,KZ=NY; KZR=Asia H @ 1966.66 1945 bars ago (high taken); EVENING 4PM-12AM IST session: stop x1.00 of usual; no partials; full size to TP5; SL steps BE->TP1->TP2->TP3; flipped from trade 325
1018,2023.06.13 16:15:00,2023.06.13 18:45:00,FLIP,XAUUSD,M3,327,BUY,FULLTGT,EVENING,0,1964.47,1955.02,1955.02,9.45,1.00,9.45,1973.92,1983.38,1992.83,2002.28,2011.73,0.14,0.00,0.00,1961.63,0.00,-0.30,0.00,1963.09,1963.11,1962.35,1963.16,1963.14,0.216,3.53,28.74,46.73,46.54,0.04,-0.27,0.31,1961.58,1961.55,388,469,14.3,71.4,3,1,CROSS=EMA9<EMA21;TREND=1;STRUCT=1;VOL=1;COOL=1;EMA50=1;VWAP=1;BIAS=1,0.06,-0.32,28120.03,28080.27,opposite signal before SL/target | BUY -> SELL | closing trade 327
1019,2023.06.13 16:15:00,2023.06.13 18:45:00,EXIT_FLIP,XAUUSD,M3,327,BUY,FULLTGT,EVENING,0,1964.47,1955.02,1955.02,9.45,1.00,9.45,1973.92,1983.38,1992.83,2002.28,2011.73,0.14,0.14,0.00,1961.63,0.00,-0.30,0.00,1963.09,1963.11,1962.35,1963.16,1963.14,0.216,3.53,28.74,46.73,46.54,0.04,-0.27,0.31,1961.58,1961.55,388,469,14.3,71.4,3,1,CROSS=EMA9<EMA21;TREND=1;STRUCT=1;VOL=1;COOL=1;EMA50=1;VWAP=1;BIAS=1,0.06,-0.32,28079.78,28079.78,FLIP exit
1020,2023.06.13 16:15:00,2023.06.13 18:45:00,EXIT_OTHER,XAUUSD,M3,327,BUY,FULLTGT,EVENING,0,1964.47,1955.02,1955.02,9.45,1.00,9.45,1973.92,1983.38,1992.83,2002.28,2011.73,0.14,0.14,0.00,1961.63,0.00,-0.30,-40.74,1963.09,1963.11,1962.35,1963.16,1963.14,0.216,3.53,28.74,46.73,46.54,0.04,-0.27,0.31,1961.58,1961.55,388,469,14.3,71.4,3,1,CROSS=EMA9<EMA21;TREND=1;STRUCT=1;VOL=1;COOL=1;EMA50=1;VWAP=1;BIAS=1,0.06,-0.32,28079.78,28079.78,FLIP exit
1021,2023.06.13 16:15:00,2023.06.13 18:45:00,ENTRY,XAUUSD,M3,329,SELL,FULLTGT,EVENING,327,1961.63,1968.69,1968.69,7.06,1.00,7.06,1954.57,1947.51,1940.45,1933.39,1926.33,0.19,0.19,0.19,1961.63,0.00,0.00,0.00,1963.09,1963.11,1962.35,1963.16,1963.14,0.216,3.53,28.74,46.73,46.54,0.04,-0.27,0.31,1961.58,1961.55,388,469,14.3,71.4,3,1,CROSS=EMA9<EMA21;TREND=1;STRUCT=1;VOL=1;COOL=1;EMA50=1;VWAP=1;BIAS=1,0.00,0.00,28079.11,28078.54,KZ=NY; KZR=Asia H @ 1966.66 1946 bars ago (high taken); EVENING 4PM-12AM IST session: stop x1.00 of usual; no partials; full size to TP5; SL steps BE->TP1->TP2->TP3; flipped from trade 327
1022,2023.06.13 16:45:03,2023.06.13 19:15:03,TP1_REACHED,XAUUSD,M3,329,SELL,FULLTGT,EVENING,327,1961.63,1968.69,1968.69,7.06,1.00,7.06,1954.57,1947.51,1940.45,1933.39,1926.33,0.19,0.00,0.19,1954.57,1.00,1.00,0.00,1962.05,1962.54,1962.12,1962.33,1962.69,0.167,2.51,24.45,35.85,37.58,-1.01,-0.59,-0.42,1961.45,1955.28,491,451,0.0,85.7,3,1,CROSS=EMA9<EMA21;TREND=1;STRUCT=1;VOL=1;COOL=1;EMA50=1;VWAP=1;BIAS=1,1.00,-0.38,28079.11,28213.82,full target: no partial booked
1023,2023.06.13 18:24:20,2023.06.13 20:54:20,TP2_REACHED,XAUUSD,M3,329,SELL,FULLTGT,EVENING,327,1961.63,1968.69,1968.69,7.06,1.00,7.06,1954.57,1947.51,1940.45,1933.39,1926.33,0.19,0.00,0.19,1947.51,2.00,2.00,0.00,1954.85,1957.68,1959.45,1955.14,1957.88,-1.279,1.38,35.32,27.94,34.05,-1.60,-1.34,-0.26,1959.79,1947.61,347,286,0.0,100.0,2,1,CROSS=EMA9<EMA21;TREND=1;STRUCT=1;VOL=1;COOL=1;EMA50=1;VWAP=1;BIAS=1,2.00,-0.38,28079.11,28347.58,full target: no partial booked
1024,2023.06.13 21:56:38,2023.06.14 00:26:38,TP3_REACHED,XAUUSD,M3,329,SELL,FULLTGT,DAY,327,1961.63,1968.69,1968.69,7.06,1.00,7.06,1954.57,1947.51,1940.45,1933.39,1926.33,0.19,0.00,0.19,1940.45,3.00,3.00,0.00,1943.99,1947.20,1951.68,1944.07,1947.31,-5.277,0.85,31.33,43.31,39.45,-0.72,-0.76,0.04,1956.55,1941.93,150,185,14.3,71.4,1,1,CROSS=EMA9<EMA21;TREND=1;STRUCT=1;VOL=1;COOL=1;EMA50=1;VWAP=1;BIAS=1,3.00,-0.38,28079.11,28481.91,full target: no partial booked
1025,2023.06.14 01:02:00,2023.06.14 03:32:00,DAY_SUMMARY,XAUUSD,M3,329,SELL,FULLTGT,DAY,327,1961.63,1968.69,1968.69,7.06,1.00,7.06,1954.57,1947.51,1940.45,1933.39,1926.33,0.19,0.00,0.00,0.00,0.00,4.20,567.34,1942.94,1944.56,1948.52,1942.92,1944.58,-9.640,0.41,27.96,57.83,54.58,0.14,0.12,0.02,1955.74,1943.44,38,65,57.1,28.6,40,1,CROSS=EMA9<EMA21;TREND=1;STRUCT=1;VOL=1;COOL=1;EMA50=1;VWAP=1;BIAS=1,3.06,-0.38,28079.11,28429.76,2023.06.13 trades=3 W=1 L=2 gross_profit=678.29 gross_loss=110.95 net=567.34 PF=6.11
1026,2023.06.14 04:18:00,2023.06.14 06:48:00,FLIP,XAUUSD,M3,329,SELL,FULLTGT,DAY,0,1961.63,1968.69,1968.69,7.06,1.00,7.06,1954.57,1947.51,1940.45,1933.39,1926.33,0.19,0.00,0.00,1946.69,0.00,2.12,0.00,1944.45,1944.43,1946.47,1944.36,1944.38,-3.198,0.64,21.67,71.76,61.98,0.35,0.24,0.11,1944.48,1946.69,173,116,85.7,0.0,2,1,CROSS=EMA9>EMA21;TREND=1;STRUCT=1;VOL=1;COOL=1;EMA50=1;VWAP=1;BIAS=1,3.06,-0.38,28079.11,28371.43,opposite signal before SL/target | SELL -> BUY | closing trade 329
1027,2023.06.14 04:18:00,2023.06.14 06:48:00,EXIT_FLIP,XAUUSD,M3,329,SELL,FULLTGT,DAY,0,1961.63,1968.69,1968.69,7.06,1.00,7.06,1954.57,1947.51,1940.45,1933.39,1926.33,0.19,0.19,0.00,1946.69,0.00,2.12,0.00,1944.45,1944.43,1946.47,1944.36,1944.38,-3.198,0.64,21.67,71.76,61.98,0.35,0.24,0.11,1944.48,1946.69,173,116,85.7,0.0,2,1,CROSS=EMA9>EMA21;TREND=1;STRUCT=1;VOL=1;COOL=1;EMA50=1;VWAP=1;BIAS=1,3.06,-0.38,28370.76,28370.76,FLIP exit
1028,2023.06.14 04:18:00,2023.06.14 06:48:00,EXIT_OTHER,XAUUSD,M3,329,SELL,FULLTGT,DAY,0,1961.63,1968.69,1968.69,7.06,1.00,7.06,1954.57,1947.51,1940.45,1933.39,1926.33,0.19,0.19,0.00,1946.69,0.00,2.12,290.98,1944.45,1944.43,1946.47,1944.36,1944.38,-3.198,0.64,21.67,71.76,61.98,0.35,0.24,0.11,1944.48,1946.69,173,116,85.7,0.0,2,1,CROSS=EMA9>EMA21;TREND=1;STRUCT=1;VOL=1;COOL=1;EMA50=1;VWAP=1;BIAS=1,3.06,-0.38,28370.76,28370.76,FLIP exit
1029,2023.06.14 04:18:00,2023.06.14 06:48:00,ENTRY,XAUUSD,M3,331,BUY,FULLTGT,DAY,329,1946.69,1945.41,1945.41,1.28,1.00,1.28,1947.97,1949.25,1950.53,1951.81,1953.09,1.10,1.10,1.10,1946.69,0.00,0.00,0.00,1944.45,1944.43,1946.47,1944.36,1944.38,-3.198,0.64,21.67,71.76,61.98,0.35,0.24,0.11,1944.48,1946.69,173,116,85.7,0.0,2,1,CROSS=EMA9>EMA21;TREND=1;STRUCT=1;VOL=1;COOL=1;EMA50=1;VWAP=1;BIAS=1,0.00,0.00,28366.91,28364.71,KZ=ASIA; KZR=Asia L @ 1941.70 149 bars ago (low taken); DAY 12AM-4PM IST session: stop x1.00 of usual; no partials; full size to TP5; SL steps BE->TP1->TP2->TP3; flipped from trade 329
1030,2023.06.14 06:32:39,2023.06.14 09:02:39,TP1_REACHED,XAUUSD,M3,331,BUY,FULLTGT,DAY,329,1946.69,1945.41,1945.41,1.28,1.00,1.28,1947.97,1949.25,1950.53,1951.81,1953.09,1.10,0.00,1.10,1947.97,1.00,1.00,0.00,1946.73,1946.01,1946.69,1946.68,1945.97,-1.629,0.42,15.59,60.09,60.49,0.16,0.18,-0.01,1945.79,1947.74,89,100,57.1,14.3,9,1,CROSS=EMA9>EMA21;TREND=1;STRUCT=1;VOL=1;COOL=1;EMA50=1;VWAP=1;BIAS=1,0.99,-0.73,28366.91,28507.71,full target: no partial booked
1031,2023.06.14 06:58:38,2023.06.14 09:28:38,TP2_REACHED,XAUUSD,M3,331,BUY,FULLTGT,DAY,329,1946.69,1945.41,1945.41,1.28,1.00,1.28,1947.97,1949.25,1950.53,1951.81,1953.09,1.10,0.00,1.10,1949.25,2.00,2.00,0.00,1947.18,1946.37,1946.82,1947.12,1946.32,-1.046,0.43,31.24,69.34,65.33,0.38,0.28,0.10,1945.95,1948.78,89,85,100.0,0.0,9,1,CROSS=EMA9>EMA21;TREND=1;STRUCT=1;VOL=1;COOL=1;EMA50=1;VWAP=1;BIAS=1,1.98,-0.73,28366.91,28651.81,full target: no partial booked
1032,2023.06.14 10:06:00,2023.06.14 12:36:00,SKIP,XAUUSD,M3,331,BUY,FULLTGT,DAY,329,1946.69,1945.41,1945.41,1.28,1.00,1.28,1947.97,1949.25,1950.53,1951.81,1953.09,1.10,0.00,0.00,0.00,0.00,0.00,0.00,1947.03,1947.04,1947.12,1947.06,1947.05,-0.131,0.64,17.53,46.75,40.56,-0.28,-0.33,0.06,1946.50,1946.45,176,122,28.6,57.1,4,1,CROSS=EMA9>EMA21;TREND=1;STRUCT=1;VOL=1;COOL=1;EMA50=1;VWAP=1;BIAS=1,2.20,-0.96,28366.91,28332.81,outside the killzone window
1033,2023.06.14 10:08:34,2023.06.14 12:38:34,EXIT_SL,XAUUSD,M3,331,BUY,FULLTGT,DAY,329,1946.69,1945.41,1945.41,1.28,1.00,1.28,1947.97,1949.25,1950.53,1951.81,1953.09,1.10,1.10,0.00,1945.39,0.00,-1.02,-150.70,1947.03,1947.04,1947.12,1947.06,1947.05,-0.131,0.64,17.53,46.75,40.56,-0.28,-0.33,0.06,1946.50,1946.45,176,122,28.6,57.1,5,1,CROSS=EMA9>EMA21;TREND=1;STRUCT=1;VOL=1;COOL=1;EMA50=1;VWAP=1;BIAS=1,2.20,-0.99,28220.06,28220.06,stopped at the initial SL (x1.00 of usual)
1034,2023.06.14 10:33:00,2023.06.14 13:03:00,SKIP,XAUUSD,M3,331,FLAT,NA,DAY,329,0.00,0.00,0.00,0.00,1.00,0.00,0.00,0.00,0.00,0.00,0.00,0.00,0.00,0.00,0.00,0.00,0.00,0.00,1947.07,1947.05,1947.12,1946.97,1947.00,-0.083,0.83,30.05,70.84,64.64,0.36,-0.15,0.50,1946.55,1949.56,200,151,100.0,0.0,2,1,CROSS=EMA9>EMA21;TREND=1;STRUCT=1;VOL=1;COOL=1;EMA50=1;VWAP=1;BIAS=1,0.00,0.00,28220.06,28220.06,outside the killzone window
1035,2023.06.14 14:27:00,2023.06.14 16:57:00,ENTRY,XAUUSD,M3,333,SELL,FULLTGT,EVENING,0,1947.08,1948.34,1948.34,1.26,1.00,1.26,1945.82,1944.57,1943.31,1942.06,1940.80,1.12,1.12,1.12,1947.08,0.00,0.00,0.00,1949.09,1949.09,1948.60,1949.17,1949.13,0.792,0.63,38.84,35.57,34.65,-0.79,-0.80,0.01,1947.82,1947.08,197,128,14.3,85.7,3,1,CROSS=EMA9<EMA21;TREND=1;STRUCT=1;VOL=1;COOL=1;EMA50=1;VWAP=1;BIAS=1,0.00,0.00,28216.14,28212.78,KZ=NY; KZR=Asia L @ 1941.70 352 bars ago (low taken); EVENING 4PM-12AM IST session: stop x1.00 of usual; no partials; full size to TP5; SL steps BE->TP1->TP2->TP3
1036,2023.06.14 15:08:35,2023.06.14 17:38:35,EXIT_SL,XAUUSD,M3,333,SELL,FULLTGT,EVENING,0,1947.08,1948.34,1948.34,1.26,1.00,1.26,1945.82,1944.57,1943.31,1942.06,1940.80,1.12,1.12,0.00,1948.34,0.00,-1.00,-148.96,1948.13,1948.54,1948.36,1948.14,1948.56,0.265,0.69,30.81,54.72,46.14,-0.35,-0.69,0.34,1947.74,1947.88,217,171,42.9,57.1,2,1,CROSS=EMA9<EMA21;TREND=1;STRUCT=1;VOL=1;COOL=1;EMA50=1;VWAP=1;BIAS=1,1.00,-0.99,28071.10,28071.10,stopped at the initial SL (x1.00 of usual)
1037,2023.06.14 15:45:00,2023.06.14 18:15:00,ENTRY,XAUUSD,M3,335,BUY,FULLTGT,EVENING,0,1958.59,1954.80,1954.80,3.79,1.00,3.79,1962.38,1966.18,1969.97,1973.77,1977.56,0.36,0.36,0.36,1958.59,0.00,0.00,0.00,1949.14,1948.97,1948.60,1948.77,1948.79,0.197,1.90,46.66,88.38,83.90,1.76,0.55,1.21,1948.10,1958.22,463,285,100.0,0.0,1,1,CROSS=EMA9>EMA21;TREND=1;STRUCT=1;VOL=1;COOL=1;EMA50=1;VWAP=1;BIAS=1,0.00,0.00,28069.84,28069.48,KZ=NY; KZR=Asia L @ 1941.70 378 bars ago (low taken); EVENING 4PM-12AM IST session: stop x1.00 of usual; no partials; full size to TP5; SL steps BE->TP1->TP2->TP3
1038,2023.06.14 15:48:30,2023.06.14 18:18:30,EXIT_SL,XAUUSD,M3,335,BUY,FULLTGT,EVENING,0,1958.59,1954.80,1954.80,3.79,1.00,3.79,1962.38,1966.18,1969.97,1973.77,1977.56,0.36,0.36,0.00,1954.80,0.00,-1.00,-138.96,1949.40,1949.11,1948.67,1949.14,1948.97,0.201,2.17,50.82,72.44,83.90,1.98,0.77,1.21,1948.22,1955.76,487,298,85.7,14.3,1,1,CROSS=EMA9>EMA21;TREND=1;STRUCT=1;VOL=1;COOL=1;EMA50=1;VWAP=1;BIAS=1,0.44,-1.00,27932.14,27932.14,stopped at the initial SL (x1.00 of usual)
1039,2023.06.14 21:06:00,2023.06.14 23:36:00,SKIP,XAUUSD,M3,335,FLAT,NA,EVENING,0,0.00,0.00,0.00,0.00,1.00,0.00,0.00,0.00,0.00,0.00,0.00,0.00,0.00,0.00,0.00,0.00,0.00,0.00,1954.40,1954.58,1953.30,1954.86,1954.81,0.921,1.39,32.74,9.65,17.05,-1.89,-0.69,-1.21,1951.32,1943.29,646,186,0.0,100.0,6,1,CROSS=EMA9>EMA21;TREND=1;STRUCT=1;VOL=1;COOL=1;EMA50=1;VWAP=1;BIAS=1,0.00,0.00,27932.14,27932.14,outside the killzone window
1040,2023.06.15 01:02:00,2023.06.15 03:32:00,DAY_SUMMARY,XAUUSD,M3,335,FLAT,NA,DAY,0,0.00,0.00,0.00,0.00,1.00,0.00,0.00,0.00,0.00,0.00,0.00,0.00,0.00,0.00,0.00,0.00,-0.90,-147.64,1945.36,1948.01,1949.79,1945.51,1948.14,-2.144,0.83,73.59,38.68,37.66,-1.46,-1.30,-0.15,1950.19,1941.74,87,93,0.0,85.7,12,1,CROSS=EMA9>EMA21;TREND=1;STRUCT=1;VOL=1;COOL=1;EMA50=1;VWAP=1;BIAS=1,0.00,0.00,27932.14,27932.14,2023.06.14 trades=4 W=1 L=3 gross_profit=290.98 gross_loss=438.62 net=-147.64 PF=0.66
1041,2023.06.15 16:27:00,2023.06.15 18:57:00,SKIP,XAUUSD,M3,335,FLAT,NA,EVENING,0,0.00,0.00,0.00,0.00,1.00,0.00,0.00,0.00,0.00,0.00,0.00,0.00,0.00,0.00,0.00,0.00,0.00,0.00,1933.20,1933.05,1934.36,1932.87,1932.89,-0.658,1.99,47.12,75.66,68.86,2.43,1.62,0.81,1934.44,1941.26,396,472,85.7,0.0,4,1,CROSS=EMA9>EMA21;TREND=1;STRUCT=1;VOL=1;COOL=1;EMA50=1;VWAP=1;BIAS=1,0.00,0.00,27932.14,27932.14,already positioned that way
1042,2023.06.16 06:03:00,2023.06.16 08:33:00,ENTRY,XAUUSD,M3,337,SELL,FULLTGT,DAY,0,1956.28,1957.94,1957.94,1.66,1.00,1.66,1954.62,1952.95,1951.29,1949.62,1947.96,0.83,0.83,0.83,1956.28,0.00,0.00,0.00,1957.81,1957.82,1956.01,1957.88,1957.85,2.176,0.83,38.92,40.37,33.83,-0.73,-0.44,-0.28,1958.06,1956.30,211,168,14.3,85.7,3,1,CROSS=EMA9<EMA21;TREND=1;STRUCT=1;VOL=1;COOL=1;EMA50=1;VWAP=1;BIAS=1,0.00,0.00,27929.23,27926.74,KZ=ASIA; KZR=Asia L @ 1932.41 438 bars ago (low taken); DAY 12AM-4PM IST session: stop x1.00 of usual; no partials; full size to TP5; SL steps BE->TP1->TP2->TP3
1043,2023.06.16 06:33:44,2023.06.16 09:03:44,EXIT_SL,XAUUSD,M3,337,SELL,FULLTGT,DAY,0,1956.28,1957.94,1957.94,1.66,1.00,1.66,1954.62,1952.95,1951.29,1949.62,1947.96,0.83,0.83,0.00,1957.94,0.00,-1.00,-143.60,1957.44,1957.61,1956.07,1957.44,1957.61,2.354,0.65,27.26,53.78,49.87,-0.23,-0.51,0.28,1957.90,1957.50,101,163,42.9,42.9,10,1,CROSS=EMA9<EMA21;TREND=1;STRUCT=1;VOL=1;COOL=1;EMA50=1;VWAP=1;BIAS=1,0.42,-0.99,27788.54,27788.54,stopped at the initial SL (x1.00 of usual)
1044,2023.06.16 09:15:00,2023.06.16 11:45:00,SKIP,XAUUSD,M3,337,FLAT,NA,DAY,0,0.00,0.00,0.00,0.00,1.00,0.00,0.00,0.00,0.00,0.00,0.00,0.00,0.00,0.00,0.00,0.00,0.00,0.00,1957.08,1957.06,1956.32,1957.00,1957.02,0.834,0.89,36.62,64.20,68.52,0.91,0.67,0.24,1957.60,1959.08,173,154,85.7,14.3,10,1,CROSS=EMA9<EMA21;TREND=1;STRUCT=1;VOL=1;COOL=1;EMA50=1;VWAP=1;BIAS=1,0.00,0.00,27788.54,27788.54,outside the killzone window
1045,2023.06.16 16:36:00,2023.06.16 19:06:00,SKIP,XAUUSD,M3,337,FLAT,NA,EVENING,0,0.00,0.00,0.00,0.00,1.00,0.00,0.00,0.00,0.00,0.00,0.00,0.00,0.00,0.00,0.00,0.00,0.00,0.00,1963.13,1963.21,1961.84,1963.34,1963.32,0.915,1.49,67.67,27.61,20.94,-1.84,-1.29,-0.56,1961.30,1957.88,488,386,14.3,85.7,3,1,CROSS=EMA9<EMA21;TREND=1;STRUCT=1;VOL=1;COOL=1;EMA50=1;VWAP=1;BIAS=1,0.00,0.00,27788.54,27788.54,already positioned that way
1046,2023.06.19 01:02:00,2023.06.19 03:32:00,DAY_SUMMARY,XAUUSD,M3,337,FLAT,NA,DAY,0,0.00,0.00,0.00,0.00,1.00,0.00,0.00,0.00,0.00,0.00,0.00,0.00,0.00,0.00,0.00,0.00,-1.00,-143.60,1957.28,1957.75,1958.57,1957.28,1957.76,-2.553,0.32,47.03,51.96,50.54,0.17,-0.00,0.17,1960.07,1957.28,71,55,57.1,42.9,35,1,CROSS=EMA9<EMA21;TREND=1;STRUCT=1;VOL=1;COOL=1;EMA50=1;VWAP=1;BIAS=1,0.00,0.00,27788.54,27788.54,2023.06.16 trades=1 W=0 L=1 gross_profit=0.00 gross_loss=143.60 net=-143.60 PF=0.00
1047,2023.06.19 01:02:00,2023.06.19 03:32:00,WEEK_SUMMARY,XAUUSD,M3,337,FLAT,NA,DAY,0,0.00,0.00,0.00,0.00,1.00,0.00,0.00,0.00,0.00,0.00,0.00,0.00,0.00,0.00,0.00,0.00,2.30,276.10,1957.28,1957.75,1958.57,1957.28,1957.76,-2.553,0.32,47.03,51.96,50.54,0.17,-0.00,0.17,1960.07,1957.28,71,55,57.1,42.9,35,1,CROSS=EMA9<EMA21;TREND=1;STRUCT=1;VOL=1;COOL=1;EMA50=1;VWAP=1;BIAS=1,0.00,0.00,27788.54,27788.54,days=3 trades=8 W=2 L=6 gross_profit=969.27 gross_loss=693.17 net=276.10 PF=1.40 pips=601.0
1048,2023.06.19 08:39:00,2023.06.19 11:09:00,SKIP,XAUUSD,M3,337,FLAT,NA,DAY,0,0.00,0.00,0.00,0.00,1.00,0.00,0.00,0.00,0.00,0.00,0.00,0.00,0.00,0.00,0.00,0.00,0.00,0.00,1956.26,1956.26,1956.80,1956.24,1956.25,-1.037,0.51,21.59,54.83,60.47,0.32,0.38,-0.06,1956.39,1956.86,105,83,57.1,28.6,5,1,CROSS=EMA9<EMA21;TREND=1;STRUCT=1;VOL=1;COOL=1;EMA50=1;VWAP=1;BIAS=1,0.00,0.00,27788.54,27788.54,outside the killzone window
1049,2023.06.19 08:42:00,2023.06.19 11:12:00,SKIP,XAUUSD,M3,337,FLAT,NA,DAY,0,0.00,0.00,0.00,0.00,1.00,0.00,0.00,0.00,0.00,0.00,0.00,0.00,0.00,0.00,0.00,0.00,0.00,0.00,1956.25,1956.26,1956.79,1956.26,1956.26,-0.964,0.55,21.74,42.34,54.90,0.22,0.35,-0.13,1956.39,1955.97,109,86,14.3,71.4,9,1,CROSS=EMA9<EMA21;TREND=1;STRUCT=1;VOL=1;COOL=1;EMA50=1;VWAP=1;BIAS=1,0.00,0.00,27788.54,27788.54,outside the killzone window
1050,2023.06.19 11:36:00,2023.06.19 14:06:00,SKIP,XAUUSD,M3,337,FLAT,NA,DAY,0,0.00,0.00,0.00,0.00,1.00,0.00,0.00,0.00,0.00,0.00,0.00,0.00,0.00,0.00,0.00,0.00,0.00,0.00,1955.51,1955.50,1956.02,1955.43,1955.45,-0.595,0.87,48.81,62.47,64.65,1.02,0.77,0.25,1955.82,1957.67,138,160,85.7,0.0,6,1,CROSS=EMA9<EMA21;TREND=1;STRUCT=1;VOL=1;COOL=1;EMA50=1;VWAP=1;BIAS=1,0.00,0.00,27788.54,27788.54,outside the killzone window
1051,2023.06.19 12:42:00,2023.06.19 15:12:00,SKIP,XAUUSD,M3,337,FLAT,NA,DAY,0,0.00,0.00,0.00,0.00,1.00,0.00,0.00,0.00,0.00,0.00,0.00,0.00,0.00,0.00,0.00,0.00,0.00,0.00,1955.57,1955.59,1955.98,1955.66,1955.64,-0.680,0.57,58.64,27.75,33.83,-0.63,-0.28,-0.35,1955.82,1953.36,113,117,0.0,85.7,7,1,CROSS=EMA9<EMA21;TREND=1;STRUCT=1;VOL=1;COOL=1;EMA50=1;VWAP=1;BIAS=1,0.00,0.00,27788.54,27788.54,outside the killzone window
1052,2023.06.19 18:06:00,2023.06.19 20:36:00,SKIP,XAUUSD,M3,337,FLAT,NA,EVENING,0,0.00,0.00,0.00,0.00,1.00,0.00,0.00,0.00,0.00,0.00,0.00,0.00,0.00,0.00,0.00,0.00,0.00,0.00,1952.02,1952.01,1952.87,1951.98,1951.99,-1.448,0.60,40.25,61.11,59.68,0.32,0.26,0.06,1953.98,1953.16,121,162,71.4,14.3,3,1,CROSS=EMA9<EMA21;TREND=1;STRUCT=1;VOL=1;COOL=1;EMA50=1;VWAP=1;BIAS=1,0.00,0.00,27788.54,27788.54,outside the killzone window
1053,2023.06.19 19:00:00,2023.06.19 21:30:00,SKIP,XAUUSD,M3,337,FLAT,NA,EVENING,0,0.00,0.00,0.00,0.00,1.00,0.00,0.00,0.00,0.00,0.00,0.00,0.00,0.00,0.00,0.00,0.00,0.00,0.00,1952.03,1952.04,1952.75,1952.09,1952.07,-1.411,0.50,32.73,28.44,36.23,-0.37,-0.11,-0.26,1953.90,1950.68,107,116,0.0,85.7,8,1,CROSS=EMA9<EMA21;TREND=1;STRUCT=1;VOL=1;COOL=1;EMA50=1;VWAP=1;BIAS=1,0.00,0.00,27788.54,27788.54,outside the killzone window
1054,2023.06.20 01:51:00,2023.06.20 04:21:00,SKIP,XAUUSD,M3,337,FLAT,NA,DAY,0,0.00,0.00,0.00,0.00,1.00,0.00,0.00,0.00,0.00,0.00,0.00,0.00,0.00,0.00,0.00,0.00,0.00,0.00,1951.27,1951.27,1951.85,1951.24,1951.25,-0.862,0.67,41.81,56.28,59.10,0.41,0.49,-0.08,1952.37,1952.12,19,51,57.1,28.6,12,1,CROSS=EMA9>EMA21;TREND=1;STRUCT=1;VOL=1;COOL=1;EMA50=1;VWAP=0;BIAS=1,0.00,0.00,27788.54,27788.54,quality filter
1055,2023.06.20 04:06:00,2023.06.20 06:36:00,SKIP,XAUUSD,M3,337,FLAT,NA,DAY,0,0.00,0.00,0.00,0.00,1.00,0.00,0.00,0.00,0.00,0.00,0.00,0.00,0.00,0.00,0.00,0.00,0.00,0.00,1951.39,1951.40,1951.73,1951.40,1951.40,-0.721,0.46,19.49,47.57,50.32,-0.14,-0.18,0.04,1951.73,1951.22,167,103,42.9,42.9,7,1,CROSS=EMA9<EMA21;TREND=1;STRUCT=1;VOL=1;COOL=1;EMA50=1;VWAP=1;BIAS=1,0.00,0.00,27788.54,27788.54,already positioned that way
1056,2023.06.20 07:57:00,2023.06.20 10:27:00,SKIP,XAUUSD,M3,337,FLAT,NA,DAY,0,0.00,0.00,0.00,0.00,1.00,0.00,0.00,0.00,0.00,0.00,0.00,0.00,0.00,0.00,0.00,0.00,0.00,0.00,1950.21,1950.20,1950.65,1950.20,1950.20,-1.042,0.42,22.25,51.16,57.21,0.16,0.22,-0.06,1949.93,1950.49,106,68,57.1,28.6,7,1,CROSS=EMA9<EMA21;TREND=1;STRUCT=1;VOL=1;COOL=1;EMA50=1;VWAP=1;BIAS=1,0.00,0.00,27788.54,27788.54,outside the killzone window
1057,2023.06.20 08:00:00,2023.06.20 10:30:00,SKIP,XAUUSD,M3,337,FLAT,NA,DAY,0,0.00,0.00,0.00,0.00,1.00,0.00,0.00,0.00,0.00,0.00,0.00,0.00,0.00,0.00,0.00,0.00,0.00,0.00,1950.20,1950.20,1950.64,1950.21,1950.20,-1.002,0.44,22.30,43.09,46.71,0.09,0.20,-0.11,1949.94,1949.92,83,69,0.0,85.7,4,1,CROSS=EMA9<EMA21;TREND=1;STRUCT=1;VOL=1;COOL=1;EMA50=1;VWAP=1;BIAS=1,0.00,0.00,27788.54,27788.54,outside the killzone window
1058,2023.06.20 09:42:00,2023.06.20 12:12:00,SKIP,XAUUSD,M3,337,FLAT,NA,DAY,0,0.00,0.00,0.00,0.00,1.00,0.00,0.00,0.00,0.00,0.00,0.00,0.00,0.00,0.00,0.00,0.00,0.00,0.00,1949.91,1949.89,1950.30,1949.78,1949.82,-0.440,0.93,40.20,74.86,69.94,0.85,0.44,0.41,1949.77,1953.30,213,168,100.0,0.0,4,1,CROSS=EMA9<EMA21;TREND=1;STRUCT=1;VOL=1;COOL=1;EMA50=1;VWAP=1;BIAS=1,0.00,0.00,27788.54,27788.54,outside the killzone window
1059,2023.06.20 14:45:00,2023.06.20 17:15:00,SKIP,XAUUSD,M3,337,FLAT,NA,EVENING,0,0.00,0.00,0.00,0.00,1.00,0.00,0.00,0.00,0.00,0.00,0.00,0.00,0.00,0.00,0.00,0.00,0.00,0.00,1952.18,1952.19,1951.85,1952.23,1952.22,0.453,0.75,28.59,41.01,42.11,-0.27,-0.10,-0.17,1951.41,1950.90,205,206,0.0,85.7,1,1,CROSS=EMA9<EMA21;TREND=1;STRUCT=1;VOL=1;COOL=1;EMA50=1;VWAP=1;BIAS=1,0.00,0.00,27788.54,27788.54,already positioned that way
1060,2023.06.20 15:24:00,2023.06.20 17:54:00,ENTRY,XAUUSD,M3,339,BUY,FULLTGT,EVENING,0,1953.90,1952.09,1952.09,1.81,1.00,1.81,1955.71,1957.51,1959.32,1961.12,1962.93,0.76,0.76,0.76,1953.90,0.00,0.00,0.00,1952.22,1952.19,1951.89,1952.15,1952.16,0.339,0.90,35.75,67.53,64.56,0.39,-0.00,0.39,1951.47,1953.88,309,232,100.0,0.0,2,1,CROSS=EMA9>EMA21;TREND=1;STRUCT=1;VOL=1;COOL=1;EMA50=1;VWAP=1;BIAS=1,0.00,0.00,27785.88,27784.36,KZ=NY; KZR=Asia H @ 1962.12 2040 bars ago (high taken); EVENING 4PM-12AM IST session: stop x1.00 of usual; no partials; full size to TP5; SL steps BE->TP1->TP2->TP3
1061,2023.06.20 15:30:25,2023.06.20 18:00:25,EXIT_SL,XAUUSD,M3,339,BUY,FULLTGT,EVENING,0,1953.90,1952.09,1952.09,1.81,1.00,1.81,1955.71,1957.51,1959.32,1961.12,1962.93,0.76,0.76,0.00,1952.07,0.00,-1.01,-144.40,1952.30,1952.24,1951.92,1952.28,1952.22,0.348,0.93,33.60,56.17,53.84,0.43,0.16,0.27,1951.50,1952.98,171,237,85.7,0.0,1,1,CROSS=EMA9>EMA21;TREND=1;STRUCT=1;VOL=1;COOL=1;EMA50=1;VWAP=1;BIAS=1,0.22,-1.00,27644.14,27644.14,stopped at the initial SL (x1.00 of usual)
1062,2023.06.20 15:36:00,2023.06.20 18:06:00,ENTRY,XAUUSD,M3,341,SELL,FULLTGT,EVENING,0,1949.84,1952.38,1952.38,2.54,1.00,2.54,1947.30,1944.77,1942.23,1939.70,1937.16,0.54,0.54,0.54,1949.84,0.00,0.00,0.00,1952.11,1952.14,1951.87,1952.20,1952.19,0.211,1.27,30.78,35.73,36.86,-0.06,0.21,-0.27,1951.47,1949.93,402,258,14.3,85.7,1,1,CROSS=EMA9<EMA21;TREND=1;STRUCT=1;VOL=1;COOL=1;EMA50=1;VWAP=1;BIAS=1,0.00,0.00,27642.25,27641.71,KZ=NY; KZR=Asia H @ 1962.12 2044 bars ago (high taken); EVENING 4PM-12AM IST session: stop x1.00 of usual; no partials; full size to TP5; SL steps BE->TP1->TP2->TP3
1063,2023.06.20 15:46:30,2023.06.20 18:16:30,TP1_REACHED,XAUUSD,M3,341,SELL,FULLTGT,EVENING,0,1949.84,1952.38,1952.38,2.54,1.00,2.54,1947.30,1944.77,1942.23,1939.70,1937.16,0.54,0.00,0.54,1947.30,1.00,1.00,0.00,1951.69,1951.92,1951.77,1951.84,1952.00,0.109,1.40,33.96,28.42,32.65,-0.73,0.01,-0.73,1951.40,1948.11,324,274,0.0,100.0,2,1,CROSS=EMA9<EMA21;TREND=1;STRUCT=1;VOL=1;COOL=1;EMA50=1;VWAP=1;BIAS=1,1.00,-0.08,27642.25,27779.41,full target: no partial booked
1064,2023.06.20 15:52:01,2023.06.20 18:22:01,TP2_REACHED,XAUUSD,M3,341,SELL,FULLTGT,EVENING,0,1949.84,1952.38,1952.38,2.54,1.00,2.54,1947.30,1944.77,1942.23,1939.70,1937.16,0.54,0.00,0.54,1944.77,2.00,2.00,0.00,1951.32,1951.72,1951.67,1951.54,1951.84,0.033,1.54,39.52,21.61,28.70,-1.16,-0.30,-0.86,1951.34,1945.93,317,289,0.0,100.0,2,1,CROSS=EMA9<EMA21;TREND=1;STRUCT=1;VOL=1;COOL=1;EMA50=1;VWAP=1;BIAS=1,1.99,-0.08,27642.25,27917.11,full target: no partial booked
1065,2023.06.20 16:08:02,2023.06.20 18:38:02,TP3_REACHED,XAUUSD,M3,341,SELL,FULLTGT,EVENING,0,1949.84,1952.38,1952.38,2.54,1.00,2.54,1947.30,1944.77,1942.23,1939.70,1937.16,0.54,0.00,0.54,1942.23,3.00,3.00,0.00,1950.10,1951.05,1951.33,1950.38,1951.21,-0.155,1.82,48.06,19.42,22.27,-2.10,-1.31,-0.79,1951.08,1943.17,325,331,0.0,85.7,1,1,CROSS=EMA9<EMA21;TREND=1;STRUCT=1;VOL=1;COOL=1;EMA50=1;VWAP=1;BIAS=1,2.99,-0.08,27642.25,28053.19,full target: no partial booked
1066,2023.06.20 16:22:18,2023.06.20 18:52:18,TP4_REACHED,XAUUSD,M3,341,SELL,FULLTGT,EVENING,0,1949.84,1952.38,1952.38,2.54,1.00,2.54,1947.30,1944.77,1942.23,1939.70,1937.16,0.54,0.00,0.54,1939.70,4.00,4.00,0.00,1948.50,1950.12,1950.84,1948.83,1950.32,-0.461,1.56,62.22,14.55,17.68,-2.79,-2.21,-0.58,1950.76,1940.46,323,341,0.0,85.7,1,1,CROSS=EMA9<EMA21;TREND=1;STRUCT=1;VOL=1;COOL=1;EMA50=1;VWAP=1;BIAS=1,3.99,-0.08,27642.25,28190.35,full target: no partial booked
1067,2023.06.20 16:26:05,2023.06.20 18:56:05,TP5_EXIT,XAUUSD,M3,341,SELL,FULLTGT,EVENING,0,1949.84,1952.38,1952.38,2.54,1.00,2.54,1947.30,1944.77,1942.23,1939.70,1937.16,0.54,0.54,0.00,1937.15,5.00,5.00,0.00,1948.12,1949.90,1950.72,1948.50,1950.12,-0.517,1.60,65.24,12.09,14.60,-2.97,-2.38,-0.58,1950.68,1938.74,360,344,0.0,100.0,1,1,CROSS=EMA9<EMA21;TREND=1;STRUCT=1;VOL=1;COOL=1;EMA50=1;VWAP=1;BIAS=1,4.99,-0.08,28325.62,28325.62,full target reached; closed in full
1068,2023.06.20 16:26:06,2023.06.20 18:56:06,EXIT_TP,XAUUSD,M3,341,SELL,FULLTGT,EVENING,0,1949.84,1952.38,1952.38,2.54,1.00,2.54,1947.30,1944.77,1942.23,1939.70,1937.16,0.54,0.54,0.00,1937.15,0.00,5.00,681.48,1948.12,1949.90,1950.72,1948.50,1950.12,-0.517,1.60,65.24,12.09,14.60,-2.97,-2.38,-0.58,1950.68,1938.74,360,344,0.0,100.0,1,1,CROSS=EMA9<EMA21;TREND=1;STRUCT=1;VOL=1;COOL=1;EMA50=1;VWAP=1;BIAS=1,4.99,-0.08,28325.62,28325.62,TP5 exit
1069,2023.06.21 01:02:00,2023.06.21 03:32:00,DAY_SUMMARY,XAUUSD,M3,341,FLAT,NA,DAY,0,0.00,0.00,0.00,0.00,1.00,0.00,0.00,0.00,0.00,0.00,0.00,0.00,0.00,0.00,0.00,0.00,3.99,537.08,1936.55,1937.14,1939.44,1936.56,1937.15,-7.567,0.30,27.49,48.02,47.01,-0.29,-0.31,0.02,1944.38,1936.17,40,64,14.3,71.4,24,1,CROSS=EMA9<EMA21;TREND=1;STRUCT=1;VOL=1;COOL=1;EMA50=1;VWAP=1;BIAS=1,0.00,0.00,28325.62,28325.62,2023.06.20 trades=2 W=1 L=1 gross_profit=681.48 gross_loss=144.40 net=537.08 PF=4.72
1070,2023.06.21 03:24:00,2023.06.21 05:54:00,ENTRY,XAUUSD,M3,343,BUY,FULLTGT,DAY,0,1938.29,1936.84,1936.84,1.45,1.00,1.45,1939.74,1941.18,1942.63,1944.07,1945.52,0.97,0.97,0.97,1938.29,0.00,0.00,0.00,1937.35,1937.34,1938.68,1937.32,1937.32,-1.855,0.72,23.56,57.82,49.24,0.04,-0.01,0.05,1937.43,1938.20,113,98,71.4,14.3,9,1,CROSS=EMA9>EMA21;TREND=1;STRUCT=1;VOL=1;COOL=1;EMA50=1;VWAP=1;BIAS=1,0.00,0.00,28322.22,28313.49,KZ=ASIA; KZR=Asia H @ 1962.12 2280 bars ago (high taken); DAY 12AM-4PM IST session: stop x1.00 of usual; no partials; full size to TP5; SL steps BE->TP1->TP2->TP3
1071,2023.06.21 03:59:59,2023.06.21 06:29:59,EXIT_SL,XAUUSD,M3,343,BUY,FULLTGT,DAY,0,1938.29,1936.84,1936.84,1.45,1.00,1.45,1939.74,1941.18,1942.63,1944.07,1945.52,0.97,0.97,0.00,1936.84,0.00,-1.00,-147.45,1937.41,1937.37,1938.56,1937.41,1937.37,-1.961,0.60,14.50,47.14,49.62,0.01,0.03,-0.02,1937.45,1937.26,172,108,28.6,57.1,4,1,CROSS=EMA9>EMA21;TREND=1;STRUCT=1;VOL=1;COOL=1;EMA50=1;VWAP=1;BIAS=1,0.00,-0.99,28178.17,28178.17,stopped at the initial SL (x1.00 of usual)
1072,2023.06.21 04:06:00,2023.06.21 06:36:00,ENTRY,XAUUSD,M3,345,SELL,FULLTGT,DAY,0,1936.73,1938.02,1938.02,1.29,1.00,1.29,1935.44,1934.14,1932.85,1931.56,1930.27,1.08,1.08,1.08,1936.73,0.00,0.00,0.00,1937.33,1937.34,1938.50,1937.36,1937.35,-1.807,0.65,23.76,42.18,40.78,-0.14,-0.01,-0.13,1937.38,1936.74,211,115,14.3,71.4,9,1,CROSS=EMA9<EMA21;TREND=1;STRUCT=1;VOL=1;COOL=1;EMA50=1;VWAP=1;BIAS=1,0.00,0.00,28174.39,28164.67,KZ=ASIA; KZR=Asia H @ 1962.12 2294 bars ago (high taken); DAY 12AM-4PM IST session: stop x1.00 of usual; no partials; full size to TP5; SL steps BE->TP1->TP2->TP3
1073,2023.06.21 04:37:31,2023.06.21 07:07:31,EXIT_SL,XAUUSD,M3,345,SELL,FULLTGT,DAY,0,1936.73,1938.02,1938.02,1.29,1.00,1.29,1935.44,1934.14,1932.85,1931.56,1930.27,1.08,1.08,0.00,1938.06,0.00,-1.03,-151.20,1937.29,1937.31,1938.38,1937.28,1937.31,-1.265,0.85,17.48,52.32,54.28,-0.07,-0.09,0.02,1937.32,1937.48,214,152,71.4,14.3,1,1,CROSS=EMA9<EMA21;TREND=1;STRUCT=1;VOL=1;COOL=1;EMA50=1;VWAP=1;BIAS=1,0.34,-0.99,28026.97,28026.97,stopped at the initial SL (x1.00 of usual)
1074,2023.06.21 04:42:00,2023.06.21 07:12:00,ENTRY,XAUUSD,M3,347,BUY,FULLTGT,DAY,0,1937.92,1936.16,1936.16,1.76,1.00,1.76,1939.68,1941.44,1943.20,1944.97,1946.73,0.79,0.79,0.79,1937.92,0.00,0.00,0.00,1937.35,1937.34,1938.37,1937.32,1937.33,-1.173,0.88,19.74,56.06,58.02,0.07,-0.05,0.12,1937.35,1937.97,174,159,71.4,14.3,6,1,CROSS=EMA9>EMA21;TREND=1;STRUCT=1;VOL=1;COOL=1;EMA50=1;VWAP=1;BIAS=1,0.00,0.00,28024.20,28019.46,KZ=ASIA; KZR=Asia H @ 1962.12 2306 bars ago (high taken); DAY 12AM-4PM IST session: stop x1.00 of usual; no partials; full size to TP5; SL steps BE->TP1->TP2->TP3
1075,2023.06.21 04:51:00,2023.06.21 07:21:00,FLIP,XAUUSD,M3,347,BUY,FULLTGT,DAY,0,1937.92,1936.16,1936.16,1.76,1.00,1.76,1939.68,1941.44,1943.20,1944.97,1946.73,0.79,0.00,0.00,1936.76,0.00,-0.66,0.00,1937.32,1937.33,1938.34,1937.35,1937.34,-1.227,0.82,22.54,44.30,45.86,-0.02,-0.02,0.01,1937.34,1936.76,188,172,14.3,71.4,5,1,CROSS=EMA9<EMA21;TREND=1;STRUCT=1;VOL=1;COOL=1;EMA50=1;VWAP=1;BIAS=1,0.01,-0.74,28024.20,27932.56,opposite signal before SL/target | BUY -> SELL | closing trade 347
1076,2023.06.21 04:51:00,2023.06.21 07:21:00,EXIT_FLIP,XAUUSD,M3,347,BUY,FULLTGT,DAY,0,1937.92,1936.16,1936.16,1.76,1.00,1.76,1939.68,1941.44,1943.20,1944.97,1946.73,0.79,0.79,0.00,1936.76,0.00,-0.66,0.00,1937.32,1937.33,1938.34,1937.35,1937.34,-1.227,0.82,22.54,44.30,45.86,-0.02,-0.02,0.01,1937.34,1936.76,188,172,14.3,71.4,5,1,CROSS=EMA9<EMA21;TREND=1;STRUCT=1;VOL=1;COOL=1;EMA50=1;VWAP=1;BIAS=1,0.01,-0.74,27929.79,27929.79,FLIP exit
1077,2023.06.21 04:51:00,2023.06.21 07:21:00,EXIT_OTHER,XAUUSD,M3,347,BUY,FULLTGT,DAY,0,1937.92,1936.16,1936.16,1.76,1.00,1.76,1939.68,1941.44,1943.20,1944.97,1946.73,0.79,0.79,0.00,1936.76,0.00,-0.66,-97.18,1937.32,1937.33,1938.34,1937.35,1937.34,-1.227,0.82,22.54,44.30,45.86,-0.02,-0.02,0.01,1937.34,1936.76,188,172,14.3,71.4,5,1,CROSS=EMA9<EMA21;TREND=1;STRUCT=1;VOL=1;COOL=1;EMA50=1;VWAP=1;BIAS=1,0.01,-0.74,27929.79,27929.79,FLIP exit
1078,2023.06.21 04:51:00,2023.06.21 07:21:00,ENTRY,XAUUSD,M3,349,SELL,FULLTGT,DAY,347,1936.76,1938.40,1938.40,1.64,1.00,1.64,1935.12,1933.47,1931.83,1930.18,1928.54,0.84,0.84,0.84,1936.76,0.00,0.00,0.00,1937.32,1937.33,1938.34,1937.35,1937.34,-1.227,0.82,22.54,44.30,45.86,-0.02,-0.02,0.01,1937.34,1936.76,188,172,14.3,71.4,5,1,CROSS=EMA9<EMA21;TREND=1;STRUCT=1;VOL=1;COOL=1;EMA50=1;VWAP=1;BIAS=1,0.00,0.00,27926.85,27922.65,KZ=ASIA; KZR=Asia H @ 1962.12 2309 bars ago (high taken); DAY 12AM-4PM IST session: stop x1.00 of usual; no partials; full size to TP5; SL steps BE->TP1->TP2->TP3; flipped from trade 347
1079,2023.06.21 05:31:28,2023.06.21 08:01:28,EXIT_SL,XAUUSD,M3,349,SELL,FULLTGT,DAY,347,1936.76,1938.40,1938.40,1.64,1.00,1.64,1935.12,1933.47,1931.83,1930.18,1928.54,0.84,0.84,0.00,1938.41,0.00,-1.00,-144.48,1937.23,1937.27,1938.18,1937.21,1937.26,-1.386,0.66,30.91,56.03,55.40,0.12,-0.09,0.21,1937.25,1937.76,71,155,71.4,14.3,7,1,CROSS=EMA9<EMA21;TREND=1;STRUCT=1;VOL=1;COOL=1;EMA50=1;VWAP=1;BIAS=1,0.80,-0.98,27785.31,27785.31,stopped at the initial SL (x1.00 of usual)
1080,2023.06.21 05:36:00,2023.06.21 08:06:00,ENTRY,XAUUSD,M3,351,BUY,FULLTGT,DAY,0,1939.16,1937.72,1937.72,1.44,1.00,1.44,1940.60,1942.04,1943.48,1944.91,1946.35,0.96,0.96,0.96,1939.16,0.00,0.00,0.00,1937.37,1937.33,1938.19,1937.29,1937.30,-1.197,0.72,35.43,66.60,66.36,0.33,0.04,0.30,1937.31,1939.12,228,155,100.0,0.0,5,1,CROSS=EMA9>EMA21;TREND=1;STRUCT=1;VOL=1;COOL=1;EMA50=1;VWAP=1;BIAS=1,0.00,0.00,27781.95,27777.15,KZ=ASIA; KZR=Asia H @ 1962.12 2324 bars ago (high taken); DAY 12AM-4PM IST session: stop x1.00 of usual; no partials; full size to TP5; SL steps BE->TP1->TP2->TP3
1081,2023.06.21 05:44:18,2023.06.21 08:14:18,EXIT_SL,XAUUSD,M3,351,BUY,FULLTGT,DAY,0,1939.16,1937.72,1937.72,1.44,1.00,1.44,1940.60,1942.04,1943.48,1944.91,1946.35,0.96,0.96,0.00,1937.69,0.00,-1.02,-147.84,1937.44,1937.37,1938.20,1937.40,1937.35,-1.073,0.77,36.21,58.00,56.35,0.36,0.16,0.20,1937.35,1938.45,131,158,85.7,0.0,6,1,CROSS=EMA9>EMA21;TREND=1;STRUCT=1;VOL=1;COOL=1;EMA50=1;VWAP=1;BIAS=1,0.24,-0.99,27637.47,27637.47,stopped at the initial SL (x1.00 of usual)
1082,2023.06.21 06:33:00,2023.06.21 09:03:00,ENTRY,XAUUSD,M3,353,SELL,FULLTGT,DAY,0,1936.75,1937.74,1937.74,0.99,1.00,0.99,1935.76,1934.76,1933.77,1932.77,1931.78,1.38,1.38,1.38,1936.75,0.00,0.00,0.00,1937.32,1937.33,1938.05,1937.35,1937.34,-1.441,0.50,28.05,42.65,43.06,-0.16,-0.06,-0.10,1937.35,1936.75,91,127,0.0,85.7,6,1,CROSS=EMA9<EMA21;TREND=1;STRUCT=1;VOL=1;COOL=1;EMA50=1;VWAP=1;BIAS=1,0.00,0.00,27632.64,27624.36,KZ=ASIA; KZR=Asia H @ 1962.12 2343 bars ago (high taken); DAY 12AM-4PM IST session: stop x1.00 of usual; no partials; full size to TP5; SL steps BE->TP1->TP2->TP3
1083,2023.06.21 07:12:28,2023.06.21 09:42:28,TP1_REACHED,XAUUSD,M3,353,SELL,FULLTGT,DAY,0,1936.75,1937.74,1937.74,0.99,1.00,0.99,1935.76,1934.76,1933.77,1932.77,1931.78,1.38,0.00,1.38,1935.76,1.00,1.00,0.00,1937.20,1937.26,1937.93,1937.26,1937.29,-1.351,0.49,20.30,34.07,40.70,-0.20,-0.07,-0.13,1937.32,1935.78,155,72,0.0,85.7,7,1,CROSS=EMA9<EMA21;TREND=1;STRUCT=1;VOL=1;COOL=1;EMA50=1;VWAP=1;BIAS=1,1.04,-0.97,27632.64,27772.02,full target: no partial booked
1084,2023.06.21 08:08:21,2023.06.21 10:38:21,TP2_REACHED,XAUUSD,M3,353,SELL,FULLTGT,DAY,0,1936.75,1937.74,1937.74,0.99,1.00,0.99,1935.76,1934.76,1933.77,1932.77,1931.78,1.38,0.00,1.38,1934.76,2.00,2.00,0.00,1936.65,1936.93,1937.63,1936.69,1936.95,-1.281,0.55,17.72,41.60,43.33,-0.26,-0.24,-0.02,1937.18,1935.75,110,96,0.0,85.7,7,1,CROSS=EMA9<EMA21;TREND=1;STRUCT=1;VOL=1;COOL=1;EMA50=1;VWAP=1;BIAS=1,1.99,-0.97,27632.64,27907.26,full target: no partial booked
1085,2023.06.21 09:01:31,2023.06.21 11:31:31,TP3_REACHED,XAUUSD,M3,353,SELL,FULLTGT,DAY,0,1936.75,1937.74,1937.74,0.99,1.00,0.99,1935.76,1934.76,1933.77,1932.77,1931.78,1.38,0.00,1.38,1933.77,3.00,3.00,0.00,1936.25,1936.60,1937.33,1936.28,1936.62,-1.064,0.69,18.41,44.50,43.46,0.00,-0.05,0.05,1936.99,1935.51,191,134,14.3,71.4,3,1,CROSS=EMA9<EMA21;TREND=1;STRUCT=1;VOL=1;COOL=1;EMA50=1;VWAP=1;BIAS=1,2.98,-0.97,27632.64,28045.26,full target: no partial booked
1086,2023.06.21 09:03:40,2023.06.21 11:33:40,TP4_REACHED,XAUUSD,M3,353,SELL,FULLTGT,DAY,0,1936.75,1937.74,1937.74,0.99,1.00,0.99,1935.76,1934.76,1933.77,1932.77,1931.78,1.38,0.00,1.38,1932.77,4.00,4.00,0.00,1936.14,1936.53,1937.29,1936.25,1936.60,-0.939,0.81,21.31,31.18,43.46,-0.21,-0.05,-0.16,1936.91,1933.43,486,151,0.0,85.7,4,1,CROSS=EMA9<EMA21;TREND=1;STRUCT=1;VOL=1;COOL=1;EMA50=1;VWAP=1;BIAS=1,3.97,-0.97,27632.64,28181.88,full target: no partial booked
1087,2023.06.21 09:10:26,2023.06.21 11:40:26,TP5_EXIT,XAUUSD,M3,353,SELL,FULLTGT,DAY,0,1936.75,1937.74,1937.74,0.99,1.00,0.99,1935.76,1934.76,1933.77,1932.77,1931.78,1.38,1.38,0.00,1931.77,5.00,5.00,0.00,1935.87,1936.38,1937.20,1936.01,1936.46,-0.910,0.90,29.39,26.88,27.11,-0.61,-0.14,-0.48,1936.76,1932.42,264,170,0.0,100.0,3,1,CROSS=EMA9<EMA21;TREND=1;STRUCT=1;VOL=1;COOL=1;EMA50=1;VWAP=1;BIAS=1,5.02,-0.97,28315.05,28315.05,full target reached; closed in full
1088,2023.06.21 09:10:27,2023.06.21 11:40:27,EXIT_TP,XAUUSD,M3,353,SELL,FULLTGT,DAY,0,1936.75,1937.74,1937.74,0.99,1.00,0.99,1935.76,1934.76,1933.77,1932.77,1931.78,1.38,1.38,0.00,1931.77,0.00,5.01,677.58,1935.87,1936.38,1937.20,1936.01,1936.46,-0.910,0.90,29.39,26.88,27.11,-0.61,-0.14,-0.48,1936.76,1932.42,264,170,0.0,100.0,3,1,CROSS=EMA9<EMA21;TREND=1;STRUCT=1;VOL=1;COOL=1;EMA50=1;VWAP=1;BIAS=1,5.02,-0.97,28315.05,28315.05,TP5 exit
1089,2023.06.21 19:33:00,2023.06.21 22:03:00,SKIP,XAUUSD,M3,353,FLAT,NA,EVENING,0,0.00,0.00,0.00,0.00,1.00,0.00,0.00,0.00,0.00,0.00,0.00,0.00,0.00,0.00,0.00,0.00,0.00,0.00,1931.44,1931.41,1932.43,1931.34,1931.37,-0.913,1.12,19.33,58.84,57.45,0.52,0.44,0.08,1932.99,1933.73,230,236,71.4,0.0,1,1,CROSS=EMA9<EMA21;TREND=1;STRUCT=1;VOL=1;COOL=1;EMA50=1;VWAP=1;BIAS=1,0.00,0.00,28315.05,28315.05,outside the killzone window
1090,2023.06.22 01:02:00,2023.06.22 03:32:00,DAY_SUMMARY,XAUUSD,M3,353,FLAT,NA,DAY,0,0.00,0.00,0.00,0.00,1.00,0.00,0.00,0.00,0.00,0.00,0.00,0.00,0.00,0.00,0.00,0.00,0.29,-10.57,1933.53,1933.54,1933.44,1933.57,1933.56,0.237,0.42,20.59,43.09,39.96,-0.45,-0.51,0.06,1933.22,1932.60,42,68,14.3,57.1,28,1,CROSS=EMA9<EMA21;TREND=1;STRUCT=1;VOL=1;COOL=1;EMA50=1;VWAP=1;BIAS=1,0.00,0.00,28315.05,28315.05,2023.06.21 trades=6 W=1 L=5 gross_profit=677.58 gross_loss=688.15 net=-10.57 PF=0.98
1091,2023.06.22 01:02:00,2023.06.22 03:32:00,SKIP,XAUUSD,M3,353,FLAT,NA,DAY,0,0.00,0.00,0.00,0.00,1.00,0.00,0.00,0.00,0.00,0.00,0.00,0.00,0.00,0.00,0.00,0.00,0.00,0.00,1933.53,1933.54,1933.44,1933.57,1933.56,0.237,0.42,20.59,43.09,39.96,-0.45,-0.51,0.06,1933.22,1932.60,42,68,14.3,57.1,28,1,CROSS=EMA9<EMA21;TREND=1;STRUCT=1;VOL=1;COOL=1;EMA50=1;VWAP=1;BIAS=1,0.00,0.00,28315.05,28315.05,already positioned that way
1092,2023.06.22 01:45:00,2023.06.22 04:15:00,ENTRY,XAUUSD,M3,355,BUY,FULLTGT,DAY,0,1934.45,1933.46,1933.46,0.99,1.00,0.99,1935.44,1936.43,1937.42,1938.41,1939.40,1.43,1.43,1.43,1934.45,0.00,0.00,0.00,1933.55,1933.54,1933.45,1933.51,1933.52,0.179,0.49,33.74,64.86,61.62,0.24,0.07,0.17,1933.59,1934.48,102,64,100.0,0.0,5,1,CROSS=EMA9>EMA21;TREND=1;STRUCT=1;VOL=1;COOL=1;EMA50=1;VWAP=1;BIAS=1,0.00,0.00,28310.04,28302.89,KZ=ASIA; KZR=NY L @ 1924.70 182 bars ago (low taken); DAY 12AM-4PM IST session: stop x1.00 of usual; no partials; full size to TP5; SL steps BE->TP1->TP2->TP3
1093,2023.06.22 02:00:27,2023.06.22 04:30:27,EXIT_SL,XAUUSD,M3,355,BUY,FULLTGT,DAY,0,1934.45,1933.46,1933.46,0.99,1.00,0.99,1935.44,1936.43,1937.42,1938.41,1939.40,1.43,1.43,0.00,1933.42,0.00,-1.04,-157.31,1933.62,1933.58,1933.47,1933.62,1933.58,0.226,0.45,33.03,49.17,49.40,0.20,0.22,-0.02,1933.71,1933.55,73,61,14.3,85.7,11,1,CROSS=EMA9>EMA21;TREND=1;STRUCT=1;VOL=1;COOL=1;EMA50=1;VWAP=1;BIAS=1,0.11,-0.99,28157.74,28157.74,stopped at the initial SL (x1.00 of usual)
1094,2023.06.22 02:24:00,2023.06.22 04:54:00,ENTRY,XAUUSD,M3,357,SELL,FULLTGT,DAY,0,1933.44,1934.17,1934.17,0.73,1.00,0.73,1932.71,1931.97,1931.24,1930.50,1929.77,1.91,1.91,1.91,1933.44,0.00,0.00,0.00,1933.53,1933.53,1933.46,1933.54,1933.54,0.205,0.37,23.16,49.40,43.18,-0.02,0.05,-0.07,1933.60,1933.44,85,65,0.0,85.7,8,1,CROSS=EMA9<EMA21;TREND=1;STRUCT=1;VOL=1;COOL=1;EMA50=1;VWAP=1;BIAS=1,0.00,0.00,28151.05,28135.77,KZ=ASIA; KZR=NY L @ 1924.70 195 bars ago (low taken); DAY 12AM-4PM IST session: stop x1.00 of usual; no partials; full size to TP5; SL steps BE->TP1->TP2->TP3
1095,2023.06.22 02:27:00,2023.06.22 04:57:00,FLIP,XAUUSD,M3,357,SELL,FULLTGT,DAY,0,1933.44,1934.17,1934.17,0.73,1.00,0.73,1932.71,1931.97,1931.24,1930.50,1929.77,1.91,0.00,0.00,1933.80,0.00,-0.49,0.00,1933.54,1933.54,1933.46,1933.53,1933.53,0.218,0.35,23.18,54.85,49.21,0.00,0.03,-0.02,1933.60,1933.74,65,67,42.9,28.6,6,1,CROSS=EMA9>EMA21;TREND=1;STRUCT=1;VOL=1;COOL=1;EMA50=1;VWAP=1;BIAS=1,0.00,-0.50,28151.05,28082.29,opposite signal before SL/target | SELL -> BUY | closing trade 357
1096,2023.06.22 02:27:00,2023.06.22 04:57:00,EXIT_FLIP,XAUUSD,M3,357,SELL,FULLTGT,DAY,0,1933.44,1934.17,1934.17,0.73,1.00,0.73,1932.71,1931.97,1931.24,1930.50,1929.77,1.91,1.91,0.00,1933.80,0.00,-0.49,0.00,1933.54,1933.54,1933.46,1933.53,1933.53,0.218,0.35,23.18,54.85,49.21,0.00,0.03,-0.02,1933.60,1933.74,65,67,42.9,28.6,6,1,CROSS=EMA9>EMA21;TREND=1;STRUCT=1;VOL=1;COOL=1;EMA50=1;VWAP=1;BIAS=1,0.00,-0.50,28075.60,28075.60,FLIP exit
1097,2023.06.22 02:27:00,2023.06.22 04:57:00,EXIT_OTHER,XAUUSD,M3,357,SELL,FULLTGT,DAY,0,1933.44,1934.17,1934.17,0.73,1.00,0.73,1932.71,1931.97,1931.24,1930.50,1929.77,1.91,1.91,0.00,1933.80,0.00,-0.49,-82.14,1933.54,1933.54,1933.46,1933.53,1933.53,0.218,0.35,23.18,54.85,49.21,0.00,0.03,-0.02,1933.60,1933.74,65,67,42.9,28.6,6,1,CROSS=EMA9>EMA21;TREND=1;STRUCT=1;VOL=1;COOL=1;EMA50=1;VWAP=1;BIAS=1,0.00,-0.50,28075.60,28075.60,FLIP exit
1098,2023.06.22 02:27:00,2023.06.22 04:57:00,ENTRY,XAUUSD,M3,359,BUY,FULLTGT,DAY,357,1933.80,1933.10,1933.10,0.70,1.00,0.70,1934.50,1935.20,1935.90,1936.61,1937.31,2.00,2.00,2.00,1933.80,0.00,0.00,0.00,1933.54,1933.54,1933.46,1933.53,1933.53,0.218,0.35,23.18,54.85,49.21,0.00,0.03,-0.02,1933.60,1933.74,65,67,42.9,28.6,6,1,CROSS=EMA9>EMA21;TREND=1;STRUCT=1;VOL=1;COOL=1;EMA50=1;VWAP=1;BIAS=1,0.00,0.00,28068.60,28056.60,KZ=ASIA; KZR=NY L @ 1924.70 196 bars ago (low taken); DAY 12AM-4PM IST session: stop x1.00 of usual; no partials; full size to TP5; SL steps BE->TP1->TP2->TP3; flipped from trade 357
1099,2023.06.22 02:51:26,2023.06.22 05:21:26,TP1_REACHED,XAUUSD,M3,359,BUY,FULLTGT,DAY,357,1933.80,1933.10,1933.10,0.70,1.00,0.70,1934.50,1935.20,1935.90,1936.61,1937.31,2.00,0.00,2.00,1934.50,1.00,1.00,0.00,1933.66,1933.60,1933.50,1933.64,1933.59,0.415,0.25,31.68,63.59,59.50,0.16,0.08,0.08,1933.67,1934.33,45,52,85.7,0.0,4,1,CROSS=EMA9>EMA21;TREND=1;STRUCT=1;VOL=1;COOL=1;EMA50=1;VWAP=1;BIAS=1,0.96,-0.11,28068.60,28212.60,full target: no partial booked
1100,2023.06.22 03:23:05,2023.06.22 05:53:05,EXIT_SL,XAUUSD,M3,359,BUY,FULLTGT,DAY,357,1933.80,1933.10,1933.10,0.70,1.00,0.70,1934.50,1935.20,1935.90,1936.61,1937.31,2.00,2.00,0.00,1933.10,0.00,-1.00,-154.00,1933.69,1933.63,1933.53,1933.71,1933.64,0.259,0.41,17.54,43.48,47.79,0.00,0.08,-0.08,1933.70,1933.36,53,63,14.3,57.1,6,1,CROSS=EMA9>EMA21;TREND=1;STRUCT=1;VOL=1;COOL=1;EMA50=1;VWAP=1;BIAS=1,1.64,-0.97,27921.60,27921.60,stopped at the initial SL (x1.00 of usual)
1101,2023.06.22 03:42:00,2023.06.22 06:12:00,ENTRY,XAUUSD,M3,361,SELL,FULLTGT,DAY,0,1933.46,1934.43,1934.43,0.97,1.00,0.97,1932.49,1931.52,1930.55,1929.58,1928.61,1.43,1.43,1.43,1933.46,0.00,0.00,0.00,1933.58,1933.58,1933.51,1933.59,1933.58,0.151,0.49,13.83,48.87,42.88,-0.13,-0.08,-0.05,1933.63,1933.46,51,69,0.0,71.4,4,1,CROSS=EMA9<EMA21;TREND=1;STRUCT=1;VOL=1;COOL=1;EMA50=1;VWAP=1;BIAS=1,0.00,0.00,27916.59,27910.87,KZ=ASIA; KZR=NY L @ 1924.70 221 bars ago (low taken); DAY 12AM-4PM IST session: stop x1.00 of usual; no partials; full size to TP5; SL steps BE->TP1->TP2->TP3
1102,2023.06.22 03:59:29,2023.06.22 06:29:29,TP1_REACHED,XAUUSD,M3,361,SELL,FULLTGT,DAY,0,1933.46,1934.43,1934.43,0.97,1.00,0.97,1932.49,1931.52,1930.55,1929.58,1928.61,1.43,0.00,1.43,1932.49,1.00,1.00,0.00,1933.55,1933.57,1933.50,1933.57,1933.57,0.139,0.45,16.33,44.90,45.68,-0.08,-0.11,0.03,1933.61,1933.20,113,76,14.3,71.4,6,1,CROSS=EMA9<EMA21;TREND=1;STRUCT=1;VOL=1;COOL=1;EMA50=1;VWAP=1;BIAS=1,0.98,-0.28,27916.59,28058.16,full target: no partial booked
1103,2023.06.22 07:31:16,2023.06.22 10:01:16,TP2_REACHED,XAUUSD,M3,361,SELL,FULLTGT,DAY,0,1933.46,1934.43,1934.43,0.97,1.00,0.97,1932.49,1931.52,1930.55,1929.58,1928.61,1.43,0.00,1.43,1931.52,2.00,2.00,0.00,1932.77,1933.00,1933.18,1932.80,1933.02,-0.534,0.33,34.75,39.91,39.08,-0.29,-0.24,-0.06,1933.21,1932.02,113,58,0.0,100.0,3,1,CROSS=EMA9<EMA21;TREND=1;STRUCT=1;VOL=1;COOL=1;EMA50=1;VWAP=1;BIAS=1,2.02,-0.87,27916.59,28195.44,full target: no partial booked
1104,2023.06.22 07:55:39,2023.06.22 10:25:39,TP3_REACHED,XAUUSD,M3,361,SELL,FULLTGT,DAY,0,1933.46,1934.43,1934.43,0.97,1.00,0.97,1932.49,1931.52,1930.55,1929.58,1928.61,1.43,0.00,1.43,1930.55,3.00,3.00,0.00,1932.41,1932.77,1933.05,1932.46,1932.81,-0.506,0.54,44.91,30.27,30.66,-0.44,-0.35,-0.09,1933.06,1931.06,85,75,14.3,85.7,2,1,CROSS=EMA9<EMA21;TREND=1;STRUCT=1;VOL=1;COOL=1;EMA50=1;VWAP=1;BIAS=1,3.00,-0.87,27916.59,28338.44,full target: no partial booked
1105,2023.06.22 08:02:33,2023.06.22 10:32:33,TP4_REACHED,XAUUSD,M3,361,SELL,FULLTGT,DAY,0,1933.46,1934.43,1934.43,0.97,1.00,0.97,1932.49,1931.52,1930.55,1929.58,1928.61,1.43,0.00,1.43,1929.58,4.00,4.00,0.00,1932.23,1932.67,1932.99,1932.33,1932.73,-0.549,0.58,52.10,19.67,22.72,-0.59,-0.40,-0.19,1932.99,1929.77,147,84,0.0,100.0,5,1,CROSS=EMA9<EMA21;TREND=1;STRUCT=1;VOL=1;COOL=1;EMA50=1;VWAP=1;BIAS=1,3.99,-0.87,27916.59,28472.86,full target: no partial booked
1106,2023.06.22 08:10:29,2023.06.22 10:40:29,TP5_EXIT,XAUUSD,M3,361,SELL,FULLTGT,DAY,0,1933.46,1934.43,1934.43,0.97,1.00,0.97,1932.49,1931.52,1930.55,1929.58,1928.61,1.43,1.43,0.00,1928.60,5.00,5.00,0.00,1931.89,1932.47,1932.88,1932.01,1932.54,-0.633,0.65,63.37,15.70,19.86,-0.84,-0.55,-0.28,1932.85,1928.99,103,96,0.0,100.0,4,1,CROSS=EMA9<EMA21;TREND=1;STRUCT=1;VOL=1;COOL=1;EMA50=1;VWAP=1;BIAS=1,5.00,-0.87,28606.56,28606.56,full target reached; closed in full
1107,2023.06.22 08:10:30,2023.06.22 10:40:30,EXIT_TP,XAUUSD,M3,361,SELL,FULLTGT,DAY,0,1933.46,1934.43,1934.43,0.97,1.00,0.97,1932.49,1931.52,1930.55,1929.58,1928.61,1.43,1.43,0.00,1928.60,0.00,5.01,684.96,1931.89,1932.47,1932.88,1932.01,1932.54,-0.633,0.65,63.37,15.70,19.86,-0.84,-0.55,-0.28,1932.85,1928.99,103,96,0.0,100.0,4,1,CROSS=EMA9<EMA21;TREND=1;STRUCT=1;VOL=1;COOL=1;EMA50=1;VWAP=1;BIAS=1,5.00,-0.87,28606.56,28606.56,TP5 exit
1108,2023.06.23 01:02:00,2023.06.23 03:32:00,DAY_SUMMARY,XAUUSD,M3,361,FLAT,NA,DAY,0,0.00,0.00,0.00,0.00,1.00,0.00,0.00,0.00,0.00,0.00,0.00,0.00,0.00,0.00,0.00,0.00,2.48,291.51,1914.18,1915.28,1918.09,1914.20,1915.32,-6.300,0.45,28.96,48.68,45.98,-0.29,-0.30,0.01,1923.94,1913.68,52,65,14.3,71.4,20,1,CROSS=EMA9<EMA21;TREND=1;STRUCT=1;VOL=1;COOL=1;EMA50=1;VWAP=1;BIAS=1,0.00,0.00,28606.56,28606.56,2023.06.22 trades=4 W=1 L=3 gross_profit=684.96 gross_loss=393.45 net=291.51 PF=1.74
1109,2023.06.23 07:57:00,2023.06.23 10:27:00,SKIP,XAUUSD,M3,361,FLAT,NA,DAY,0,0.00,0.00,0.00,0.00,1.00,0.00,0.00,0.00,0.00,0.00,0.00,0.00,0.00,0.00,0.00,0.00,0.00,0.00,1913.41,1913.37,1914.51,1913.27,1913.29,-1.361,0.84,65.24,80.34,80.82,1.24,0.87,0.36,1913.49,1916.88,165,122,85.7,14.3,1,1,CROSS=EMA9<EMA21;TREND=1;STRUCT=1;VOL=1;COOL=1;EMA50=1;VWAP=1;BIAS=1,0.00,0.00,28606.56,28606.56,outside the killzone window
1110,2023.06.23 19:21:00,2023.06.23 21:51:00,SKIP,XAUUSD,M3,361,FLAT,NA,EVENING,0,0.00,0.00,0.00,0.00,1.00,0.00,0.00,0.00,0.00,0.00,0.00,0.00,0.00,0.00,0.00,0.00,0.00,0.00,1923.95,1923.98,1922.09,1924.08,1924.04,1.815,1.04,27.59,39.41,39.60,-1.06,-1.33,0.27,1920.79,1920.86,208,227,28.6,57.1,1,1,CROSS=EMA9<EMA21;TREND=1;STRUCT=1;VOL=1;COOL=1;EMA50=1;VWAP=1;BIAS=1,0.00,0.00,28606.56,28606.56,outside the killzone window
1111,2023.06.26 01:02:00,2023.06.26 03:32:00,WEEK_SUMMARY,XAUUSD,M3,361,FLAT,NA,DAY,0,0.00,0.00,0.00,0.00,1.00,0.00,0.00,0.00,0.00,0.00,0.00,0.00,0.00,0.00,0.00,0.00,6.77,818.02,1920.10,1920.65,1920.85,1920.07,1920.65,-0.496,0.40,21.65,62.44,57.48,0.08,-0.09,0.17,1920.68,1920.85,146,57,57.1,28.6,24,1,CROSS=EMA9<EMA21;TREND=1;STRUCT=1;VOL=1;COOL=1;EMA50=1;VWAP=1;BIAS=1,0.00,0.00,28606.56,28606.56,days=3 trades=12 W=3 L=9 gross_profit=2044.02 gross_loss=1226.00 net=818.02 PF=1.67 pips=1155.0
1112,2023.06.26 01:27:00,2023.06.26 03:57:00,ENTRY,XAUUSD,M3,363,BUY,FULLTGT,DAY,0,1924.30,1922.64,1922.64,1.66,1.00,1.66,1925.96,1927.63,1929.29,1930.96,1932.62,0.85,0.85,0.85,1924.30,0.00,0.00,0.00,1921.21,1921.17,1921.10,1921.09,1921.11,0.076,0.83,35.53,72.56,75.37,1.12,0.85,0.27,1923.70,1924.10,45,55,85.7,0.0,12,1,CROSS=EMA9>EMA21;TREND=1;STRUCT=1;VOL=1;COOL=1;EMA50=1;VWAP=1;BIAS=1,0.00,0.00,28603.58,28593.38,KZ=ASIA; KZR=NY L @ 1919.03 1603 bars ago (low taken); DAY 12AM-4PM IST session: stop x1.00 of usual; no partials; full size to TP5; SL steps BE->TP1->TP2->TP3
1113,2023.06.26 03:01:03,2023.06.26 05:31:03,TP1_REACHED,XAUUSD,M3,363,BUY,FULLTGT,DAY,0,1924.30,1922.64,1922.64,1.66,1.00,1.66,1925.96,1927.63,1929.29,1930.96,1932.62,0.85,0.00,0.85,1925.96,1.00,1.00,0.00,1923.58,1922.69,1921.99,1923.51,1922.63,1.414,0.50,23.46,65.88,67.45,0.47,0.50,-0.03,1924.19,1925.32,42,55,57.1,14.3,7,1,CROSS=EMA9>EMA21;TREND=1;STRUCT=1;VOL=1;COOL=1;EMA50=1;VWAP=1;BIAS=1,0.99,-0.95,28603.58,28747.23,full target: no partial booked
1114,2023.06.26 04:30:35,2023.06.26 07:00:35,TP2_REACHED,XAUUSD,M3,363,BUY,FULLTGT,DAY,0,1924.30,1922.64,1922.64,1.66,1.00,1.66,1925.96,1927.63,1929.29,1930.96,1932.62,0.85,0.00,0.85,1927.63,2.00,2.00,0.00,1925.41,1924.24,1923.05,1925.34,1924.18,1.219,0.98,24.10,61.46,64.04,0.41,0.31,0.10,1925.55,1927.26,183,199,71.4,0.0,4,1,CROSS=EMA9>EMA21;TREND=1;STRUCT=1;VOL=1;COOL=1;EMA50=1;VWAP=1;BIAS=1,1.98,-0.95,28603.58,28886.63,full target: no partial booked
1115,2023.06.26 09:42:00,2023.06.26 12:12:00,SKIP,XAUUSD,M3,363,BUY,FULLTGT,DAY,0,1924.30,1922.64,1922.64,1.66,1.00,1.66,1925.96,1927.63,1929.29,1930.96,1932.62,0.85,0.00,0.00,0.00,0.00,0.00,0.00,1925.22,1925.23,1924.61,1925.29,1925.26,0.865,0.71,47.23,33.99,34.07,-0.59,-0.21,-0.37,1925.64,1923.40,152,170,0.0,85.7,3,1,CROSS=EMA9>EMA21;TREND=1;STRUCT=1;VOL=1;COOL=1;EMA50=1;VWAP=1;BIAS=1,2.57,-0.95,28603.58,28515.18,outside the killzone window
1116,2023.06.26 09:47:36,2023.06.26 12:17:36,EXIT_SL,XAUUSD,M3,363,BUY,FULLTGT,DAY,0,1924.30,1922.64,1922.64,1.66,1.00,1.66,1925.96,1927.63,1929.29,1930.96,1932.62,0.85,0.85,0.00,1922.64,0.00,-1.00,-147.06,1925.15,1925.19,1924.60,1925.22,1925.23,0.878,0.67,50.43,35.68,35.40,-0.61,-0.31,-0.31,1925.63,1923.53,143,169,0.0,85.7,5,1,CROSS=EMA9>EMA21;TREND=1;STRUCT=1;VOL=1;COOL=1;EMA50=1;VWAP=1;BIAS=1,2.57,-0.97,28459.50,28459.50,stopped at the initial SL (x1.00 of usual)
1117,2023.06.26 10:36:00,2023.06.26 13:06:00,SKIP,XAUUSD,M3,363,FLAT,NA,DAY,0,0.00,0.00,0.00,0.00,1.00,0.00,0.00,0.00,0.00,0.00,0.00,0.00,0.00,0.00,0.00,0.00,0.00,0.00,1925.24,1925.18,1924.67,1925.12,1925.12,0.525,0.96,54.82,75.66,69.14,0.80,0.24,0.56,1925.57,1928.17,286,207,100.0,0.0,1,1,CROSS=EMA9>EMA21;TREND=1;STRUCT=1;VOL=1;COOL=1;EMA50=1;VWAP=1;BIAS=1,0.00,0.00,28459.50,28459.50,outside the killzone window
1118,2023.06.26 16:42:00,2023.06.26 19:12:00,ENTRY,XAUUSD,M3,365,SELL,FULLTGT,EVENING,0,1925.08,1927.42,1927.42,2.34,1.00,2.34,1922.74,1920.39,1918.05,1915.70,1913.36,0.60,0.60,0.60,1925.08,0.00,0.00,0.00,1930.31,1930.34,1929.12,1930.52,1930.44,1.040,1.17,67.16,15.16,21.71,-1.54,-0.96,-0.59,1928.09,1925.17,380,258,14.3,85.7,4,1,CROSS=EMA9<EMA21;TREND=1;STRUCT=1;VOL=1;COOL=1;EMA50=1;VWAP=1;BIAS=1,0.00,0.00,28457.40,28455.00,KZ=NY; KZR=NY L @ 1919.03 1908 bars ago (low taken); EVENING 4PM-12AM IST session: stop x1.00 of usual; no partials; full size to TP5; SL steps BE->TP1->TP2->TP3
1119,2023.06.26 16:48:22,2023.06.26 19:18:22,TP1_REACHED,XAUUSD,M3,365,SELL,FULLTGT,EVENING,0,1925.08,1927.42,1927.42,2.34,1.00,2.34,1922.74,1920.39,1918.05,1915.70,1913.36,0.60,0.00,0.60,1922.74,1.00,1.00,0.00,1929.85,1930.11,1929.03,1930.10,1930.23,0.892,1.21,73.21,12.32,19.97,-1.82,-1.24,-0.59,1928.03,1923.84,404,277,0.0,100.0,4,1,CROSS=EMA9<EMA21;TREND=1;STRUCT=1;VOL=1;COOL=1;EMA50=1;VWAP=1;BIAS=1,0.99,-0.21,28457.40,28598.40,full target: no partial booked
1120,2023.06.26 18:20:39,2023.06.26 20:50:39,EXIT_SL,XAUUSD,M3,365,SELL,FULLTGT,EVENING,0,1925.08,1927.42,1927.42,2.34,1.00,2.34,1922.74,1920.39,1918.05,1915.70,1913.36,0.60,0.60,0.00,1927.44,0.00,-1.01,-145.80,1925.96,1927.44,1927.77,1925.96,1927.48,-0.338,0.96,31.70,56.94,55.66,-0.08,-0.53,0.46,1927.40,1925.79,238,268,42.9,42.9,2,1,CROSS=EMA9<EMA21;TREND=1;STRUCT=1;VOL=1;COOL=1;EMA50=1;VWAP=1;BIAS=1,1.50,-0.99,28313.70,28313.70,stopped at the initial SL (x1.00 of usual)
1121,2023.06.27 01:02:00,2023.06.27 03:32:00,DAY_SUMMARY,XAUUSD,M3,365,FLAT,NA,DAY,0,0.00,0.00,0.00,0.00,1.00,0.00,0.00,0.00,0.00,0.00,0.00,0.00,0.00,0.00,0.00,0.00,-2.00,-292.86,1923.31,1924.00,1925.13,1923.32,1924.02,-6.301,0.18,41.63,50.14,47.93,0.04,0.01,0.03,1926.78,1923.14,22,52,28.6,57.1,19,1,CROSS=EMA9<EMA21;TREND=1;STRUCT=1;VOL=1;COOL=1;EMA50=1;VWAP=1;BIAS=1,0.00,0.00,28313.70,28313.70,2023.06.26 trades=2 W=0 L=2 gross_profit=0.00 gross_loss=292.86 net=-292.86 PF=0.00
1122,2023.06.27 04:36:00,2023.06.27 07:06:00,ENTRY,XAUUSD,M3,367,BUY,FULLTGT,DAY,0,1925.63,1924.15,1924.15,1.48,1.00,1.48,1927.11,1928.59,1930.07,1931.56,1933.04,0.95,0.95,0.95,1925.63,0.00,0.00,0.00,1923.60,1923.59,1924.24,1923.52,1923.55,-0.889,0.74,44.80,68.01,66.21,0.64,0.41,0.23,1923.58,1925.55,219,151,85.7,0.0,6,1,CROSS=EMA9>EMA21;TREND=1;STRUCT=1;VOL=1;COOL=1;EMA50=1;VWAP=1;BIAS=1,0.00,0.00,28310.37,28304.67,KZ=ASIA; KZR=NY L @ 1919.03 2146 bars ago (low taken); DAY 12AM-4PM IST session: stop x1.00 of usual; no partials; full size to TP5; SL steps BE->TP1->TP2->TP3
1123,2023.06.27 04:43:33,2023.06.27 07:13:33,TP1_REACHED,XAUUSD,M3,367,BUY,FULLTGT,DAY,0,1925.63,1924.15,1924.15,1.48,1.00,1.48,1927.11,1928.59,1930.07,1931.56,1933.04,0.95,0.00,0.95,1927.11,1.00,1.00,0.00,1923.81,1923.69,1924.28,1923.70,1923.63,-0.793,0.75,52.30,74.30,70.12,0.79,0.53,0.26,1923.75,1926.59,240,163,100.0,0.0,2,1,CROSS=EMA9>EMA21;TREND=1;STRUCT=1;VOL=1;COOL=1;EMA50=1;VWAP=1;BIAS=1,0.99,-0.08,28310.37,28452.87,full target: no partial booked
1124,2023.06.27 04:48:35,2023.06.27 07:18:35,TP2_REACHED,XAUUSD,M3,367,BUY,FULLTGT,DAY,0,1925.63,1924.15,1924.15,1.48,1.00,1.48,1927.11,1928.59,1930.07,1931.56,1933.04,0.95,0.00,0.95,1928.59,2.00,2.00,0.00,1924.10,1923.85,1924.35,1923.95,1923.76,-0.661,0.76,60.43,80.08,74.80,1.04,0.68,0.36,1924.04,1927.92,258,178,100.0,0.0,4,1,CROSS=EMA9>EMA21;TREND=1;STRUCT=1;VOL=1;COOL=1;EMA50=1;VWAP=1;BIAS=1,2.00,-0.08,28310.37,28594.42,full target: no partial booked
1125,2023.06.27 04:53:02,2023.06.27 07:23:02,TP3_REACHED,XAUUSD,M3,367,BUY,FULLTGT,DAY,0,1925.63,1924.15,1924.15,1.48,1.00,1.48,1927.11,1928.59,1930.07,1931.56,1933.04,0.95,0.00,0.95,1930.07,3.00,3.00,0.00,1924.29,1923.94,1924.40,1924.10,1923.85,-0.567,0.80,64.25,82.95,80.34,1.20,0.76,0.44,1924.22,1928.81,259,184,100.0,0.0,1,1,CROSS=EMA9>EMA21;TREND=1;STRUCT=1;VOL=1;COOL=1;EMA50=1;VWAP=1;BIAS=1,2.98,-0.08,28310.37,28733.12,full target: no partial booked
1126,2023.06.27 09:42:00,2023.06.27 12:12:00,SKIP,XAUUSD,M3,367,BUY,FULLTGT,DAY,0,1925.63,1924.15,1924.15,1.48,1.00,1.48,1927.11,1928.59,1930.07,1931.56,1933.04,0.95,0.00,0.00,0.00,0.00,0.00,0.00,1927.07,1927.07,1926.53,1927.10,1927.09,0.791,0.68,33.50,46.27,44.78,-0.29,-0.60,0.31,1926.60,1926.26,212,164,14.3,85.7,3,1,CROSS=EMA9>EMA21;TREND=1;STRUCT=1;VOL=1;COOL=1;EMA50=1;VWAP=1;BIAS=1,3.25,-0.97,28310.37,28371.17,outside the killzone window
1127,2023.06.27 10:06:00,2023.06.27 12:36:00,SKIP,XAUUSD,M3,367,BUY,FULLTGT,DAY,0,1925.63,1924.15,1924.15,1.48,1.00,1.48,1927.11,1928.59,1930.07,1931.56,1933.04,0.95,0.00,0.00,0.00,0.00,0.00,0.00,1927.10,1927.08,1926.58,1927.01,1927.04,0.649,0.78,34.92,70.55,65.10,0.29,-0.13,0.42,1926.63,1929.23,232,162,100.0,0.0,2,1,CROSS=EMA9>EMA21;TREND=1;STRUCT=1;VOL=1;COOL=1;EMA50=1;VWAP=1;BIAS=1,3.25,-0.97,28310.37,28651.42,outside the killzone window
1128,2023.06.27 11:36:00,2023.06.27 14:06:00,SKIP,XAUUSD,M3,367,BUY,FULLTGT,DAY,0,1925.63,1924.15,1924.15,1.48,1.00,1.48,1927.11,1928.59,1930.07,1931.56,1933.04,0.95,0.00,0.00,0.00,0.00,0.00,0.00,1927.20,1927.24,1926.82,1927.30,1927.29,0.536,0.78,47.18,26.84,33.23,-0.67,-0.35,-0.32,1926.85,1924.75,158,197,0.0,85.7,4,1,CROSS=EMA9>EMA21;TREND=1;STRUCT=1;VOL=1;COOL=1;EMA50=1;VWAP=1;BIAS=1,3.25,-0.97,28310.37,28225.82,outside the killzone window
1129,2023.06.27 12:30:27,2023.06.27 15:00:27,EXIT_SL,XAUUSD,M3,367,BUY,FULLTGT,DAY,0,1925.63,1924.15,1924.15,1.48,1.00,1.48,1927.11,1928.59,1930.07,1931.56,1933.04,0.95,0.95,0.00,1924.13,0.00,-1.01,-149.16,1926.13,1926.60,1926.54,1926.21,1926.65,0.089,0.64,23.27,34.90,33.74,-0.44,-0.44,0.00,1926.70,1924.23,139,142,14.3,57.1,2,1,CROSS=EMA9>EMA21;TREND=1;STRUCT=1;VOL=1;COOL=1;EMA50=1;VWAP=1;BIAS=1,3.25,-0.99,28164.54,28164.54,stopped at the initial SL (x1.00 of usual)
1130,2023.06.27 15:57:00,2023.06.27 18:27:00,SKIP,XAUUSD,M3,367,FLAT,NA,EVENING,0,0.00,0.00,0.00,0.00,1.00,0.00,0.00,0.00,0.00,0.00,0.00,0.00,0.00,0.00,0.00,0.00,0.00,0.00,1924.99,1924.97,1925.38,1924.94,1924.95,-0.244,1.68,38.25,52.85,52.35,0.74,1.27,-0.54,1926.16,1926.27,267,263,85.7,14.3,2,1,CROSS=EMA9>EMA21;TREND=1;STRUCT=1;VOL=1;COOL=1;EMA50=1;VWAP=1;BIAS=1,0.00,0.00,28164.54,28164.54,already positioned that way
1131,2023.06.27 17:12:00,2023.06.27 19:42:00,SKIP,XAUUSD,M3,367,FLAT,NA,EVENING,0,0.00,0.00,0.00,0.00,1.00,0.00,0.00,0.00,0.00,0.00,0.00,0.00,0.00,0.00,0.00,0.00,0.00,0.00,1924.97,1925.13,1925.42,1925.31,1925.30,-0.116,2.51,49.01,26.79,26.01,-2.18,-0.55,-1.63,1926.00,1916.64,423,389,0.0,100.0,1,1,CROSS=EMA9>EMA21;TREND=1;STRUCT=1;VOL=1;COOL=1;EMA50=1;VWAP=1;BIAS=1,0.00,0.00,28164.54,28164.54,outside the killzone window
1132,2023.06.28 01:02:00,2023.06.28 03:32:00,DAY_SUMMARY,XAUUSD,M3,367,FLAT,NA,DAY,0,0.00,0.00,0.00,0.00,1.00,0.00,0.00,0.00,0.00,0.00,0.00,0.00,0.00,0.00,0.00,0.00,-1.01,-149.16,1913.81,1914.71,1917.06,1913.82,1914.73,-9.006,0.26,28.20,50.50,48.14,-0.20,-0.24,0.04,1922.17,1913.62,23,48,28.6,57.1,24,1,CROSS=EMA9>EMA21;TREND=1;STRUCT=1;VOL=1;COOL=1;EMA50=1;VWAP=1;BIAS=1,0.00,0.00,28164.54,28164.54,2023.06.27 trades=1 W=0 L=1 gross_profit=0.00 gross_loss=149.16 net=-149.16 PF=0.00
1133,2023.06.28 03:06:00,2023.06.28 05:36:00,SKIP,XAUUSD,M3,367,FLAT,NA,DAY,0,0.00,0.00,0.00,0.00,1.00,0.00,0.00,0.00,0.00,0.00,0.00,0.00,0.00,0.00,0.00,0.00,0.00,0.00,1915.00,1914.99,1916.41,1914.98,1914.98,-6.085,0.23,22.48,63.21,59.90,0.23,0.22,0.00,1915.21,1915.72,98,51,85.7,0.0,9,1,CROSS=EMA9>EMA21;TREND=1;STRUCT=1;VOL=1;COOL=1;EMA50=1;VWAP=1;BIAS=1,0.00,0.00,28164.54,28164.54,already positioned that way
1134,2023.06.28 05:33:00,2023.06.28 08:03:00,ENTRY,XAUUSD,M3,369,SELL,FULLTGT,DAY,0,1914.53,1916.07,1916.07,1.54,1.00,1.54,1912.99,1911.44,1909.90,1908.36,1906.82,0.91,0.91,0.91,1914.53,0.00,0.00,0.00,1915.21,1915.21,1916.02,1915.24,1915.23,-1.049,0.77,29.81,44.19,40.69,-0.21,-0.09,-0.12,1915.34,1914.53,79,148,0.0,85.7,4,1,CROSS=EMA9<EMA21;TREND=1;STRUCT=1;VOL=1;COOL=1;EMA50=1;VWAP=1;BIAS=1,0.00,0.00,28161.35,28157.71,KZ=ASIA; KZR=NY L @ 1917.58 249 bars ago (low taken); DAY 12AM-4PM IST session: stop x1.00 of usual; no partials; full size to TP5; SL steps BE->TP1->TP2->TP3
1135,2023.06.28 05:54:00,2023.06.28 08:24:00,FLIP,XAUUSD,M3,369,SELL,FULLTGT,DAY,0,1914.53,1916.07,1916.07,1.54,1.00,1.54,1912.99,1911.44,1909.90,1908.36,1906.82,0.91,0.00,0.00,1916.05,0.00,-0.99,0.00,1915.23,1915.22,1915.97,1915.19,1915.20,-1.250,0.60,30.20,59.60,56.78,0.06,-0.14,0.20,1915.33,1916.00,100,116,85.7,0.0,5,1,CROSS=EMA9>EMA21;TREND=1;STRUCT=1;VOL=1;COOL=1;EMA50=1;VWAP=1;BIAS=1,0.10,-0.99,28161.35,28023.03,opposite signal before SL/target | SELL -> BUY | closing trade 369
1136,2023.06.28 05:54:00,2023.06.28 08:24:00,EXIT_FLIP,XAUUSD,M3,369,SELL,FULLTGT,DAY,0,1914.53,1916.07,1916.07,1.54,1.00,1.54,1912.99,1911.44,1909.90,1908.36,1906.82,0.91,0.91,0.00,1916.05,0.00,-0.99,0.00,1915.23,1915.22,1915.97,1915.19,1915.20,-1.250,0.60,30.20,59.60,56.78,0.06,-0.14,0.20,1915.33,1916.00,100,116,85.7,0.0,5,1,CROSS=EMA9>EMA21;TREND=1;STRUCT=1;VOL=1;COOL=1;EMA50=1;VWAP=1;BIAS=1,0.10,-0.99,28019.84,28019.84,FLIP exit
1137,2023.06.28 05:54:00,2023.06.28 08:24:00,EXIT_OTHER,XAUUSD,M3,369,SELL,FULLTGT,DAY,0,1914.53,1916.07,1916.07,1.54,1.00,1.54,1912.99,1911.44,1909.90,1908.36,1906.82,0.91,0.91,0.00,1916.05,0.00,-0.99,-144.70,1915.23,1915.22,1915.97,1915.19,1915.20,-1.250,0.60,30.20,59.60,56.78,0.06,-0.14,0.20,1915.33,1916.00,100,116,85.7,0.0,5,1,CROSS=EMA9>EMA21;TREND=1;STRUCT=1;VOL=1;COOL=1;EMA50=1;VWAP=1;BIAS=1,0.10,-0.99,28019.84,28019.84,FLIP exit
1138,2023.06.28 05:54:00,2023.06.28 08:24:00,ENTRY,XAUUSD,M3,371,BUY,FULLTGT,DAY,369,1916.05,1914.85,1914.85,1.20,1.00,1.20,1917.25,1918.45,1919.65,1920.86,1922.06,1.16,1.16,1.16,1916.05,0.00,0.00,0.00,1915.23,1915.22,1915.97,1915.19,1915.20,-1.250,0.60,30.20,59.60,56.78,0.06,-0.14,0.20,1915.33,1916.00,100,116,85.7,0.0,5,1,CROSS=EMA9>EMA21;TREND=1;STRUCT=1;VOL=1;COOL=1;EMA50=1;VWAP=1;BIAS=1,0.00,0.00,28015.78,28009.98,KZ=ASIA; KZR=NY L @ 1917.58 256 bars ago (low taken); DAY 12AM-4PM IST session: stop x1.00 of usual; no partials; full size to TP5; SL steps BE->TP1->TP2->TP3; flipped from trade 369
1139,2023.06.28 06:09:59,2023.06.28 08:39:59,EXIT_SL,XAUUSD,M3,371,BUY,FULLTGT,DAY,369,1916.05,1914.85,1914.85,1.20,1.00,1.20,1917.25,1918.45,1919.65,1920.86,1922.06,1.16,1.16,0.00,1914.83,0.00,-1.02,-149.64,1915.23,1915.22,1915.93,1915.23,1915.22,-1.470,0.48,19.85,50.57,48.50,0.03,0.00,0.03,1915.32,1915.25,111,112,42.9,28.6,5,1,CROSS=EMA9>EMA21;TREND=1;STRUCT=1;VOL=1;COOL=1;EMA50=1;VWAP=1;BIAS=1,0.00,-0.97,27870.20,27870.20,stopped at the initial SL (x1.00 of usual)
1140,2023.06.28 09:27:00,2023.06.28 11:57:00,SKIP,XAUUSD,M3,371,FLAT,NA,DAY,369,0.00,0.00,0.00,0.00,1.00,0.00,0.00,0.00,0.00,0.00,0.00,0.00,0.00,0.00,0.00,0.00,0.00,0.00,1915.38,1915.39,1915.72,1915.47,1915.44,-0.515,0.63,26.09,27.20,32.48,-0.36,-0.02,-0.34,1915.38,1913.13,192,118,0.0,100.0,2,1,CROSS=EMA9>EMA21;TREND=1;STRUCT=1;VOL=1;COOL=1;EMA50=1;VWAP=1;BIAS=1,0.00,0.00,27870.20,27870.20,outside the killzone window
1141,2023.06.28 18:27:00,2023.06.28 20:57:00,SKIP,XAUUSD,M3,371,FLAT,NA,EVENING,369,0.00,0.00,0.00,0.00,1.00,0.00,0.00,0.00,0.00,0.00,0.00,0.00,0.00,0.00,0.00,0.00,0.00,0.00,1908.55,1908.49,1909.57,1908.39,1908.41,-0.720,1.50,27.13,66.18,60.83,0.66,0.05,0.61,1910.52,1912.50,411,330,100.0,0.0,1,1,CROSS=EMA9>EMA21;TREND=1;STRUCT=1;VOL=1;COOL=1;EMA50=1;VWAP=1;BIAS=1,0.00,0.00,27870.20,27870.20,outside the killzone window
1142,2023.06.28 23:15:00,2023.06.29 01:45:00,SKIP,XAUUSD,M3,371,FLAT,NA,DAY,369,0.00,0.00,0.00,0.00,1.00,0.00,0.00,0.00,0.00,0.00,0.00,0.00,0.00,0.00,0.00,0.00,0.00,0.00,1910.91,1910.92,1910.77,1910.95,1910.94,0.393,0.39,37.50,38.75,37.20,-0.50,-0.56,0.05,1910.77,1909.69,43,110,14.3,71.4,5,1,CROSS=EMA9>EMA21;TREND=1;STRUCT=1;VOL=1;COOL=1;EMA50=1;VWAP=1;BIAS=1,0.00,0.00,27870.20,27870.20,outside the killzone window
1143,2023.06.29 01:02:00,2023.06.29 03:32:00,DAY_SUMMARY,XAUUSD,M3,371,FLAT,NA,DAY,369,0.00,0.00,0.00,0.00,1.00,0.00,0.00,0.00,0.00,0.00,0.00,0.00,0.00,0.00,0.00,0.00,-2.00,-294.34,1909.74,1910.27,1910.44,1909.84,1910.33,-0.450,0.39,74.98,25.69,26.02,-0.84,-0.66,-0.18,1910.74,1907.28,17,69,0.0,85.7,2,1,CROSS=EMA9>EMA21;TREND=1;STRUCT=1;VOL=1;COOL=1;EMA50=1;VWAP=1;BIAS=1,0.00,0.00,27870.20,27870.20,2023.06.28 trades=2 W=0 L=2 gross_profit=0.00 gross_loss=294.34 net=-294.34 PF=0.00
1144,2023.06.29 04:27:00,2023.06.29 06:57:00,SKIP,XAUUSD,M3,371,FLAT,NA,DAY,369,0.00,0.00,0.00,0.00,1.00,0.00,0.00,0.00,0.00,0.00,0.00,0.00,0.00,0.00,0.00,0.00,0.00,0.00,1910.00,1909.96,1910.12,1909.90,1909.92,-0.237,0.68,58.61,74.83,71.27,0.78,0.44,0.34,1910.01,1912.30,154,125,85.7,14.3,3,1,CROSS=EMA9>EMA21;TREND=1;STRUCT=1;VOL=1;COOL=1;EMA50=1;VWAP=1;BIAS=1,0.00,0.00,27870.20,27870.20,already positioned that way
1145,2023.06.29 05:12:00,2023.06.29 07:42:00,ENTRY,XAUUSD,M3,373,SELL,FULLTGT,DAY,0,1906.81,1908.39,1908.39,1.58,1.00,1.58,1905.23,1903.65,1902.07,1900.49,1898.91,0.88,0.88,0.88,1906.81,0.00,0.00,0.00,1909.99,1910.00,1910.13,1910.12,1910.07,-0.163,0.79,50.68,21.11,28.49,-0.60,0.04,-0.64,1910.09,1906.81,206,182,0.0,100.0,1,1,CROSS=EMA9<EMA21;TREND=1;STRUCT=1;VOL=1;COOL=1;EMA50=1;VWAP=1;BIAS=1,0.00,0.00,27867.12,27866.24,KZ=ASIA; KZR=Asia L @ 1910.17 389 bars ago (low taken); DAY 12AM-4PM IST session: stop x1.00 of usual; no partials; full size to TP5; SL steps BE->TP1->TP2->TP3
1146,2023.06.29 05:53:37,2023.06.29 08:23:37,TP1_REACHED,XAUUSD,M3,373,SELL,FULLTGT,DAY,0,1906.81,1908.39,1908.39,1.58,1.00,1.58,1905.23,1903.65,1902.07,1900.49,1898.91,0.88,0.00,0.88,1905.23,1.00,1.00,0.00,1908.35,1909.07,1909.62,1908.46,1909.15,-0.784,0.70,52.34,27.25,29.44,-1.14,-1.20,0.06,1909.28,1905.55,115,159,14.3,71.4,2,1,CROSS=EMA9<EMA21;TREND=1;STRUCT=1;VOL=1;COOL=1;EMA50=1;VWAP=1;BIAS=1,0.99,-0.21,27867.12,28008.80,full target: no partial booked
1147,2023.06.29 06:08:34,2023.06.29 08:38:34,TP2_REACHED,XAUUSD,M3,373,SELL,FULLTGT,DAY,0,1906.81,1908.39,1908.39,1.58,1.00,1.58,1905.23,1903.65,1902.07,1900.49,1898.91,0.88,0.00,0.88,1903.65,2.00,2.00,0.00,1907.69,1908.66,1909.39,1907.84,1908.75,-1.091,0.66,56.38,19.38,22.96,-1.19,-1.16,-0.03,1909.03,1904.12,99,151,0.0,85.7,5,1,CROSS=EMA9<EMA21;TREND=1;STRUCT=1;VOL=1;COOL=1;EMA50=1;VWAP=1;BIAS=1,1.99,-0.21,27867.12,28146.08,full target: no partial booked
1148,2023.06.29 11:48:00,2023.06.29 14:18:00,SKIP,XAUUSD,M3,373,SELL,FULLTGT,DAY,0,1906.81,1908.39,1908.39,1.58,1.00,1.58,1905.23,1903.65,1902.07,1900.49,1898.91,0.88,0.00,0.00,0.00,0.00,0.00,0.00,1905.51,1905.50,1906.38,1905.47,1905.48,-0.911,0.97,19.83,54.68,56.89,0.49,0.49,-0.00,1906.42,1906.50,166,198,57.1,14.3,1,1,CROSS=EMA9<EMA21;TREND=1;STRUCT=1;VOL=1;COOL=1;EMA50=1;VWAP=1;BIAS=1,2.66,-0.87,27867.12,27894.40,outside the killzone window
1149,2023.06.29 12:39:00,2023.06.29 15:09:00,SKIP,XAUUSD,M3,373,SELL,FULLTGT,DAY,0,1906.81,1908.39,1908.39,1.58,1.00,1.58,1905.23,1903.65,1902.07,1900.49,1898.91,0.88,0.00,0.00,0.00,0.00,0.00,0.00,1905.50,1905.51,1906.25,1905.53,1905.52,-1.128,0.66,37.66,41.36,46.93,-0.23,-0.14,-0.09,1906.36,1904.74,111,145,0.0,85.7,9,1,CROSS=EMA9<EMA21;TREND=1;STRUCT=1;VOL=1;COOL=1;EMA50=1;VWAP=1;BIAS=1,2.66,-0.87,27867.12,28044.88,outside the killzone window
1150,2023.06.29 13:27:00,2023.06.29 15:57:00,SKIP,XAUUSD,M3,373,SELL,FULLTGT,DAY,0,1906.81,1908.39,1908.39,1.58,1.00,1.58,1905.23,1903.65,1902.07,1900.49,1898.91,0.88,0.00,0.00,0.00,0.00,0.00,0.00,1905.48,1905.48,1906.12,1905.46,1905.47,-1.000,0.64,22.45,56.93,54.38,0.15,-0.02,0.16,1906.29,1906.18,133,132,71.4,14.3,8,1,CROSS=EMA9>EMA21;TREND=1;STRUCT=1;VOL=1;COOL=1;EMA50=1;VWAP=0;BIAS=1,2.66,-0.87,27867.12,27914.64,quality filter
1151,2023.06.29 13:40:35,2023.06.29 16:10:35,EXIT_SL,XAUUSD,M3,373,SELL,FULLTGT,EVENING,0,1906.81,1908.39,1908.39,1.58,1.00,1.58,1905.23,1903.65,1902.07,1900.49,1898.91,0.88,0.88,0.00,1908.42,0.00,-1.02,-147.84,1905.72,1905.60,1906.16,1905.63,1905.56,-0.936,0.60,34.88,70.47,65.82,0.45,0.18,0.26,1906.30,1907.96,157,132,100.0,0.0,7,1,CROSS=EMA9>EMA21;TREND=1;STRUCT=1;VOL=1;COOL=1;EMA50=1;VWAP=0;BIAS=1,2.66,-0.99,27722.36,27722.36,stopped at the initial SL (x1.00 of usual)
1152,2023.06.29 15:54:00,2023.06.29 18:24:00,SKIP,XAUUSD,M3,373,FLAT,NA,EVENING,0,0.00,0.00,0.00,0.00,1.00,0.00,0.00,0.00,0.00,0.00,0.00,0.00,0.00,0.00,0.00,0.00,0.00,0.00,1906.66,1906.80,1906.81,1907.07,1907.00,-0.006,2.37,29.47,16.68,21.83,-3.00,-1.55,-1.45,1906.23,1896.68,464,312,0.0,100.0,1,1,CROSS=EMA9<EMA21;TREND=1;STRUCT=1;VOL=1;COOL=1;EMA50=1;VWAP=1;BIAS=1,0.00,0.00,27722.36,27722.36,already positioned that way
1153,2023.06.29 18:00:00,2023.06.29 20:30:00,SKIP,XAUUSD,M3,373,FLAT,NA,EVENING,0,0.00,0.00,0.00,0.00,1.00,0.00,0.00,0.00,0.00,0.00,0.00,0.00,0.00,0.00,0.00,0.00,0.00,0.00,1904.66,1904.55,1905.21,1904.41,1904.42,-0.335,1.97,40.60,65.77,63.95,2.75,2.57,0.18,1904.83,1910.96,351,441,85.7,0.0,7,1,CROSS=EMA9<EMA21;TREND=1;STRUCT=1;VOL=1;COOL=1;EMA50=1;VWAP=1;BIAS=1,0.00,0.00,27722.36,27722.36,outside the killzone window
1154,2023.06.30 01:02:00,2023.06.30 03:32:00,DAY_SUMMARY,XAUUSD,M3,373,FLAT,NA,DAY,0,0.00,0.00,0.00,0.00,1.00,0.00,0.00,0.00,0.00,0.00,0.00,0.00,0.00,0.00,0.00,0.00,-1.02,-147.84,1907.99,1907.87,1907.44,1907.98,1907.86,2.058,0.21,29.66,55.75,54.64,0.16,0.15,0.01,1905.86,1908.25,36,36,85.7,14.3,20,1,CROSS=EMA9<EMA21;TREND=1;STRUCT=1;VOL=1;COOL=1;EMA50=1;VWAP=1;BIAS=1,0.00,0.00,27722.36,27722.36,2023.06.29 trades=1 W=0 L=1 gross_profit=0.00 gross_loss=147.84 net=-147.84 PF=0.00
1155,2023.06.30 07:33:00,2023.06.30 10:03:00,SKIP,XAUUSD,M3,373,FLAT,NA,DAY,0,0.00,0.00,0.00,0.00,1.00,0.00,0.00,0.00,0.00,0.00,0.00,0.00,0.00,0.00,0.00,0.00,0.00,0.00,1908.36,1908.37,1908.16,1908.40,1908.39,0.584,0.37,24.67,35.68,41.06,-0.22,-0.11,-0.11,1908.43,1907.35,127,67,0.0,85.7,8,1,CROSS=EMA9<EMA21;TREND=1;STRUCT=1;VOL=1;COOL=1;EMA50=1;VWAP=1;BIAS=1,0.00,0.00,27722.36,27722.36,outside the killzone window
1156,2023.06.30 08:30:00,2023.06.30 11:00:00,SKIP,XAUUSD,M3,373,FLAT,NA,DAY,0,0.00,0.00,0.00,0.00,1.00,0.00,0.00,0.00,0.00,0.00,0.00,0.00,0.00,0.00,0.00,0.00,0.00,0.00,1908.36,1908.35,1908.18,1908.33,1908.33,0.385,0.45,24.96,59.23,58.50,0.21,0.11,0.10,1908.41,1909.02,80,81,71.4,0.0,4,1,CROSS=EMA9<EMA21;TREND=1;STRUCT=1;VOL=1;COOL=1;EMA50=1;VWAP=1;BIAS=1,0.00,0.00,27722.36,27722.36,outside the killzone window
1157,2023.06.30 09:00:00,2023.06.30 11:30:00,SKIP,XAUUSD,M3,373,FLAT,NA,DAY,0,0.00,0.00,0.00,0.00,1.00,0.00,0.00,0.00,0.00,0.00,0.00,0.00,0.00,0.00,0.00,0.00,0.00,0.00,1908.36,1908.36,1908.20,1908.40,1908.38,0.253,0.62,32.27,37.12,37.72,-0.13,0.13,-0.26,1908.42,1907.18,127,105,0.0,100.0,10,1,CROSS=EMA9<EMA21;TREND=1;STRUCT=1;VOL=1;COOL=1;EMA50=1;VWAP=1;BIAS=1,0.00,0.00,27722.36,27722.36,outside the killzone window
1158,2023.06.30 14:30:00,2023.06.30 17:00:00,SKIP,XAUUSD,M3,373,FLAT,NA,EVENING,0,0.00,0.00,0.00,0.00,1.00,0.00,0.00,0.00,0.00,0.00,0.00,0.00,0.00,0.00,0.00,0.00,0.00,0.00,1905.35,1905.35,1905.98,1905.33,1905.34,-1.502,0.42,19.47,52.24,55.73,0.36,0.48,-0.12,1906.41,1905.92,113,134,42.9,28.6,1,1,CROSS=EMA9>EMA21;TREND=1;STRUCT=1;VOL=1;COOL=1;EMA50=1;VWAP=0;BIAS=1,0.00,0.00,27722.36,27722.36,quality filter
1159,2023.06.30 15:09:00,2023.06.30 17:39:00,SKIP,XAUUSD,M3,373,FLAT,NA,EVENING,0,0.00,0.00,0.00,0.00,1.00,0.00,0.00,0.00,0.00,0.00,0.00,0.00,0.00,0.00,0.00,0.00,0.00,0.00,1905.36,1905.36,1905.91,1905.36,1905.36,-0.778,0.70,21.87,45.43,46.21,-0.15,-0.07,-0.08,1906.35,1905.14,222,134,14.3,71.4,10,1,CROSS=EMA9<EMA21;TREND=1;STRUCT=1;VOL=1;COOL=1;EMA50=1;VWAP=1;BIAS=1,0.00,0.00,27722.36,27722.36,already positioned that way
1160,2023.06.30 15:12:00,2023.06.30 17:42:00,SKIP,XAUUSD,M3,373,FLAT,NA,EVENING,0,0.00,0.00,0.00,0.00,1.00,0.00,0.00,0.00,0.00,0.00,0.00,0.00,0.00,0.00,0.00,0.00,0.00,0.00,1905.39,1905.38,1905.91,1905.36,1905.36,-0.702,0.76,20.09,56.68,47.03,-0.07,-0.09,0.02,1906.35,1906.18,229,139,57.1,28.6,4,1,CROSS=EMA9>EMA21;TREND=1;STRUCT=1;VOL=1;COOL=1;EMA50=1;VWAP=0;BIAS=1,0.00,0.00,27722.36,27722.36,quality filter
1161,2023.07.03 01:02:00,2023.07.03 03:32:00,WEEK_SUMMARY,XAUUSD,M3,373,FLAT,NA,DAY,0,0.00,0.00,0.00,0.00,1.00,0.00,0.00,0.00,0.00,0.00,0.00,0.00,0.00,0.00,0.00,0.00,-6.04,-884.20,1919.03,1918.32,1915.96,1919.03,1918.30,7.191,0.33,26.28,52.82,52.02,-0.02,-0.14,0.12,1911.38,1919.17,41,77,85.7,0.0,32,1,CROSS=EMA9>EMA21;TREND=1;STRUCT=1;VOL=1;COOL=1;EMA50=1;VWAP=0;BIAS=1,0.00,0.00,27722.36,27722.36,days=4 trades=6 W=0 L=6 gross_profit=0.00 gross_loss=884.20 net=-884.20 PF=0.00 pips=-987.0
1162,2023.07.03 01:02:00,2023.07.03 03:32:00,MONTH_SUMMARY,XAUUSD,M3,373,FLAT,NA,DAY,0,0.00,0.00,0.00,0.00,1.00,0.00,0.00,0.00,0.00,0.00,0.00,0.00,0.00,0.00,0.00,0.00,-0.10,-334.79,1919.03,1918.32,1915.96,1919.03,1918.30,7.191,0.33,26.28,52.82,52.02,-0.02,-0.14,0.12,1911.38,1919.17,41,77,85.7,0.0,32,1,CROSS=EMA9>EMA21;TREND=1;STRUCT=1;VOL=1;COOL=1;EMA50=1;VWAP=0;BIAS=1,0.00,0.00,27722.36,27722.36,days=17 trades=41 W=7 L=34 gross_profit=4357.13 gross_loss=4691.92 net=-334.79 PF=0.93 pips=437.0
1163,2023.07.03 03:51:00,2023.07.03 06:21:00,SKIP,XAUUSD,M3,373,FLAT,NA,DAY,0,0.00,0.00,0.00,0.00,1.00,0.00,0.00,0.00,0.00,0.00,0.00,0.00,0.00,0.00,0.00,0.00,0.00,0.00,1918.39,1918.39,1917.05,1918.43,1918.41,3.092,0.43,22.55,36.70,36.35,-0.19,-0.14,-0.05,1918.44,1917.48,91,82,0.0,85.7,12,1,CROSS=EMA9<EMA21;TREND=1;STRUCT=1;VOL=1;COOL=1;EMA50=1;VWAP=1;BIAS=1,0.00,0.00,27722.36,27722.36,already positioned that way
1164,2023.07.03 07:27:00,2023.07.03 09:57:00,SKIP,XAUUSD,M3,373,FLAT,NA,DAY,0,0.00,0.00,0.00,0.00,1.00,0.00,0.00,0.00,0.00,0.00,0.00,0.00,0.00,0.00,0.00,0.00,0.00,0.00,1917.45,1917.43,1917.04,1917.37,1917.39,0.792,0.49,46.65,72.94,72.85,0.71,0.69,0.02,1917.42,1919.30,88,103,85.7,0.0,5,1,CROSS=EMA9<EMA21;TREND=1;STRUCT=1;VOL=1;COOL=1;EMA50=1;VWAP=1;BIAS=1,0.00,0.00,27722.36,27722.36,outside the killzone window
1165,2023.07.03 09:27:00,2023.07.03 11:57:00,SKIP,XAUUSD,M3,373,FLAT,NA,DAY,0,0.00,0.00,0.00,0.00,1.00,0.00,0.00,0.00,0.00,0.00,0.00,0.00,0.00,0.00,0.00,0.00,0.00,0.00,1917.87,1917.94,1917.53,1918.04,1918.02,0.471,0.86,72.03,19.18,23.05,-1.27,-0.79,-0.48,1917.70,1913.74,225,177,0.0,100.0,3,1,CROSS=EMA9<EMA21;TREND=1;STRUCT=1;VOL=1;COOL=1;EMA50=1;VWAP=1;BIAS=1,0.00,0.00,27722.36,27722.36,outside the killzone window
1166,2023.07.03 15:45:00,2023.07.03 18:15:00,ENTRY,XAUUSD,M3,375,BUY,FULLTGT,EVENING,0,1919.80,1917.38,1917.38,2.42,1.00,2.42,1922.22,1924.64,1927.06,1929.49,1931.91,0.57,0.57,0.57,1919.80,0.00,0.00,0.00,1914.01,1913.94,1914.62,1913.78,1913.83,-0.560,1.21,43.27,79.53,80.03,1.47,0.59,0.88,1915.60,1919.78,264,207,100.0,0.0,1,1,CROSS=EMA9>EMA21;TREND=1;STRUCT=1;VOL=1;COOL=1;EMA50=1;VWAP=1;BIAS=1,0.00,0.00,27720.36,27719.79,KZ=NY; KZR=Asia L @ 1902.80 2045 bars ago (low taken); EVENING 4PM-12AM IST session: stop x1.00 of usual; no partials; full size to TP5; SL steps BE->TP1->TP2->TP3
1167,2023.07.03 16:13:38,2023.07.03 18:43:38,TP1_REACHED,XAUUSD,M3,375,BUY,FULLTGT,EVENING,0,1919.80,1917.38,1917.38,2.42,1.00,2.42,1922.22,1924.64,1927.06,1929.49,1931.91,0.57,0.00,0.57,1922.22,1.00,1.00,0.00,1916.08,1915.09,1915.16,1915.90,1914.97,-0.071,1.05,53.42,68.77,71.68,1.97,2.05,-0.08,1915.91,1920.68,237,258,71.4,14.3,2,1,CROSS=EMA9>EMA21;TREND=1;STRUCT=1;VOL=1;COOL=1;EMA50=1;VWAP=1;BIAS=1,0.99,-0.13,27720.36,27858.87,full target: no partial booked
1168,2023.07.03 16:16:37,2023.07.03 18:46:37,TP2_REACHED,XAUUSD,M3,375,BUY,FULLTGT,EVENING,0,1919.80,1917.38,1917.38,2.42,1.00,2.42,1922.22,1924.64,1927.06,1929.49,1931.91,0.57,0.00,0.57,1924.64,2.00,2.00,0.00,1916.32,1915.22,1915.23,1916.08,1915.09,-0.006,1.10,52.29,73.14,75.76,2.00,2.09,-0.09,1915.95,1921.97,277,264,85.7,14.3,2,1,CROSS=EMA9>EMA21;TREND=1;STRUCT=1;VOL=1;COOL=1;EMA50=1;VWAP=1;BIAS=1,1.97,-0.13,27720.36,27998.52,full target: no partial booked
1169,2023.07.03 17:00:00,2023.07.03 19:30:00,TP3_REACHED,XAUUSD,M3,375,BUY,FULLTGT,EVENING,0,1919.80,1917.38,1917.38,2.42,1.00,2.42,1922.22,1924.64,1927.06,1929.49,1931.91,0.57,0.00,0.57,1927.06,3.00,3.00,0.00,1919.94,1917.57,1916.49,1919.69,1917.40,0.724,1.50,28.48,67.65,73.30,1.94,1.89,0.04,1916.88,1926.11,359,319,100.0,0.0,4,1,CROSS=EMA9>EMA21;TREND=1;STRUCT=1;VOL=1;COOL=1;EMA50=1;VWAP=1;BIAS=1,2.99,-0.13,27720.36,28283.52,full target: no partial booked
1170,2023.07.03 17:00:00,2023.07.03 19:30:00,TP4_REACHED,XAUUSD,M3,375,BUY,FULLTGT,EVENING,0,1919.80,1917.38,1917.38,2.42,1.00,2.42,1922.22,1924.64,1927.06,1929.49,1931.91,0.57,0.00,0.57,1929.49,4.00,4.00,0.00,1919.94,1917.57,1916.49,1919.69,1917.40,0.724,1.50,28.48,67.65,73.30,1.94,1.89,0.04,1916.88,1926.11,359,319,100.0,0.0,4,1,CROSS=EMA9>EMA21;TREND=1;STRUCT=1;VOL=1;COOL=1;EMA50=1;VWAP=1;BIAS=1,2.99,-0.13,27720.36,28283.52,full target: no partial booked
1171,2023.07.03 21:21:00,2023.07.03 23:51:00,SKIP,XAUUSD,M3,375,BUY,FULLTGT,EVENING,0,1919.80,1917.38,1917.38,2.42,1.00,2.42,1922.22,1924.64,1927.06,1929.49,1931.91,0.57,0.00,0.00,0.00,0.00,0.00,0.00,1922.48,1922.49,1920.94,1922.52,1922.52,5.114,0.30,27.21,44.16,39.41,-0.38,-0.59,0.21,1919.45,1921.31,39,73,28.6,57.1,2,1,CROSS=EMA9>EMA21;TREND=1;STRUCT=1;VOL=1;COOL=1;EMA50=1;VWAP=1;BIAS=1,4.62,-0.13,27720.36,27806.43,outside the killzone window
1172,2023.07.04 04:36:00,2023.07.04 07:06:00,SKIP,XAUUSD,M3,375,BUY,FULLTGT,DAY,0,1919.80,1917.38,1917.38,2.42,1.00,2.42,1922.22,1924.64,1927.06,1929.49,1931.91,0.57,0.00,0.00,0.00,0.00,0.00,0.00,1921.49,1921.48,1921.24,1921.48,1921.48,0.337,0.71,20.86,50.51,50.79,0.24,0.13,0.10,1921.43,1921.67,137,119,71.4,14.3,6,1,CROSS=EMA9>EMA21;TREND=1;STRUCT=1;VOL=1;COOL=1;EMA50=1;VWAP=1;BIAS=1,4.62,-0.13,27720.36,27793.20,already positioned that way
1173,2023.07.04 05:15:00,2023.07.04 07:45:00,FLIP,XAUUSD,M3,375,BUY,FULLTGT,DAY,0,1919.80,1917.38,1917.38,2.42,1.00,2.42,1922.22,1924.64,1927.06,1929.49,1931.91,0.57,0.00,0.00,1921.12,0.00,0.55,0.00,1921.49,1921.49,1921.28,1921.50,1921.50,0.337,0.63,23.25,45.57,46.70,-0.12,0.04,-0.16,1921.49,1921.15,94,138,0.0,71.4,5,1,CROSS=EMA9<EMA21;TREND=1;STRUCT=1;VOL=1;COOL=1;EMA50=1;VWAP=1;BIAS=1,4.62,-0.13,27720.36,27759.57,opposite signal before SL/target | BUY -> SELL | closing trade 375
1174,2023.07.04 05:15:00,2023.07.04 07:45:00,EXIT_FLIP,XAUUSD,M3,375,BUY,FULLTGT,DAY,0,1919.80,1917.38,1917.38,2.42,1.00,2.42,1922.22,1924.64,1927.06,1929.49,1931.91,0.57,0.57,0.00,1921.12,0.00,0.55,0.00,1921.49,1921.49,1921.28,1921.50,1921.50,0.337,0.63,23.25,45.57,46.70,-0.12,0.04,-0.16,1921.49,1921.15,94,138,0.0,71.4,5,1,CROSS=EMA9<EMA21;TREND=1;STRUCT=1;VOL=1;COOL=1;EMA50=1;VWAP=1;BIAS=1,4.62,-0.13,27756.92,27757.61,FLIP exit
1175,2023.07.04 05:15:00,2023.07.04 07:45:00,EXIT_OTHER,XAUUSD,M3,375,BUY,FULLTGT,DAY,0,1919.80,1917.38,1917.38,2.42,1.00,2.42,1922.22,1924.64,1927.06,1929.49,1931.91,0.57,0.56,0.00,1921.12,0.00,0.55,34.56,1921.49,1921.49,1921.28,1921.50,1921.50,0.337,0.63,23.25,45.57,46.70,-0.12,0.04,-0.16,1921.49,1921.15,94,138,0.0,71.4,5,1,CROSS=EMA9<EMA21;TREND=1;STRUCT=1;VOL=1;COOL=1;EMA50=1;VWAP=1;BIAS=1,4.62,-0.13,27756.92,27757.61,FLIP exit
1176,2023.07.04 05:15:00,2023.07.04 07:45:00,ENTRY,XAUUSD,M3,375,SELL,FULLTGT,DAY,375,1919.80,1922.38,1922.38,1.26,1.00,1.26,1918.54,1917.27,1916.01,1914.75,1913.49,0.01,0.01,0.01,1919.80,0.00,0.00,0.00,1921.49,1921.49,1921.28,1921.50,1921.50,0.337,0.63,23.25,45.57,46.70,-0.12,0.04,-0.16,1921.49,1921.15,94,138,0.0,71.4,5,1,CROSS=EMA9<EMA21;TREND=1;STRUCT=1;VOL=1;COOL=1;EMA50=1;VWAP=1;BIAS=1,0.00,0.00,27753.10,27748.34,KZ=ASIA; KZR=Asia H @ 1930.44 244 bars ago (high taken); DAY 12AM-4PM IST session: stop x1.00 of usual; no partials; full size to TP5; SL steps BE->TP1->TP2->TP3; flipped from trade 375
1177,2023.07.04 05:27:00,2023.07.04 07:57:00,FLIP,XAUUSD,M3,375,SELL,FULLTGT,DAY,0,1919.80,1922.38,1922.38,1.26,1.00,1.26,1918.54,1917.27,1916.01,1914.75,1913.49,0.01,0.00,0.00,1921.76,0.00,-1.55,0.00,1921.50,1921.50,1921.29,1921.49,1921.49,0.381,0.54,19.63,52.98,50.67,-0.05,-0.07,0.02,1921.48,1921.74,38,119,71.4,0.0,2,1,CROSS=EMA9>EMA21;TREND=1;STRUCT=1;VOL=1;COOL=1;EMA50=1;VWAP=1;BIAS=1,0.00,-1.65,27753.10,27684.65,opposite signal before SL/target | SELL -> BUY | closing trade 375
1178,2023.07.04 05:27:00,2023.07.04 07:57:00,EXIT_FLIP,XAUUSD,M3,375,SELL,FULLTGT,DAY,0,1919.80,1922.38,1922.38,1.26,1.00,1.26,1918.54,1917.27,1916.01,1914.75,1913.49,0.01,0.01,0.00,1921.74,0.00,-1.54,0.00,1921.50,1921.50,1921.29,1921.49,1921.49,0.381,0.54,19.63,52.98,50.67,-0.05,-0.07,0.02,1921.48,1921.74,38,119,71.4,0.0,2,1,CROSS=EMA9>EMA21;TREND=1;STRUCT=1;VOL=1;COOL=1;EMA50=1;VWAP=1;BIAS=1,0.00,-1.65,27754.37,27684.61,FLIP exit
1179,2023.07.04 05:27:00,2023.07.04 07:57:00,EXIT_OTHER,XAUUSD,M3,375,SELL,FULLTGT,DAY,0,1919.80,1922.38,1922.38,1.26,1.00,1.26,1918.54,1917.27,1916.01,1914.75,1913.49,0.01,0.57,0.00,1921.74,0.00,-1.54,35.83,1921.50,1921.50,1921.29,1921.49,1921.49,0.381,0.54,19.63,52.98,50.67,-0.05,-0.07,0.02,1921.48,1921.74,38,119,71.4,0.0,2,1,CROSS=EMA9>EMA21;TREND=1;STRUCT=1;VOL=1;COOL=1;EMA50=1;VWAP=1;BIAS=1,0.00,-1.65,27754.37,27684.61,FLIP exit
1180,2023.07.04 05:27:00,2023.07.04 07:57:00,ENTRY,XAUUSD,M3,377,BUY,FULLTGT,DAY,375,1921.12,1920.68,1920.68,1.08,1.00,1.08,1922.20,1923.29,1924.37,1925.46,1926.54,1.09,1.09,1.09,1921.12,0.00,0.00,0.00,1921.50,1921.50,1921.29,1921.49,1921.49,0.381,0.54,19.63,52.98,50.67,-0.05,-0.07,0.02,1921.48,1921.74,38,119,71.4,0.0,2,1,CROSS=EMA9>EMA21;TREND=1;STRUCT=1;VOL=1;COOL=1;EMA50=1;VWAP=1;BIAS=1,0.00,0.00,27749.92,27677.62,KZ=ASIA; KZR=Asia H @ 1930.44 248 bars ago (high taken); DAY 12AM-4PM IST session: stop x1.00 of usual; no partials; full size to TP5; SL steps BE->TP1->TP2->TP3; flipped from trade 375
1181,2023.07.04 05:36:00,2023.07.04 08:06:00,FLIP,XAUUSD,M3,377,BUY,FULLTGT,DAY,0,1921.12,1920.68,1920.68,1.08,1.00,1.08,1922.20,1923.29,1924.37,1925.46,1926.54,1.09,0.00,0.00,1921.35,0.00,0.21,0.00,1921.49,1921.49,1921.29,1921.50,1921.50,0.449,0.44,17.98,47.48,50.50,-0.05,-0.08,0.03,1921.48,1921.35,115,113,28.6,57.1,2,1,CROSS=EMA9<EMA21;TREND=1;STRUCT=1;VOL=1;COOL=1;EMA50=1;VWAP=1;BIAS=1,0.68,0.00,27749.92,27670.60,opposite signal before SL/target | BUY -> SELL | closing trade 377
1182,2023.07.04 05:36:00,2023.07.04 08:06:00,EXIT_FLIP,XAUUSD,M3,377,BUY,FULLTGT,DAY,0,1921.12,1920.68,1920.68,1.08,1.00,1.08,1922.20,1923.29,1924.37,1925.46,1926.54,1.09,1.09,0.00,1921.37,0.00,0.23,0.00,1921.49,1921.49,1921.29,1921.50,1921.50,0.449,0.44,17.98,47.48,50.50,-0.05,-0.08,0.03,1921.48,1921.35,115,113,28.6,57.1,2,1,CROSS=EMA9<EMA21;TREND=1;STRUCT=1;VOL=1;COOL=1;EMA50=1;VWAP=1;BIAS=1,0.68,0.00,27718.85,27666.78,FLIP exit
1183,2023.07.04 05:36:00,2023.07.04 08:06:00,EXIT_OTHER,XAUUSD,M3,377,BUY,FULLTGT,DAY,0,1921.12,1920.68,1920.68,1.08,1.00,1.08,1922.20,1923.29,1924.37,1925.46,1926.54,1.09,1.09,0.00,1921.37,0.00,0.23,-34.89,1921.49,1921.49,1921.29,1921.50,1921.50,0.449,0.44,17.98,47.48,50.50,-0.05,-0.08,0.03,1921.48,1921.35,115,113,28.6,57.1,2,1,CROSS=EMA9<EMA21;TREND=1;STRUCT=1;VOL=1;COOL=1;EMA50=1;VWAP=1;BIAS=1,0.68,0.00,27718.85,27666.78,FLIP exit
1184,2023.07.04 05:36:00,2023.07.04 08:06:00,ENTRY,XAUUSD,M3,379,SELL,FULLTGT,DAY,377,1921.76,1922.24,1922.24,0.89,1.00,0.89,1920.87,1919.99,1919.10,1918.22,1917.33,1.27,1.27,1.27,1921.76,0.00,0.00,0.00,1921.49,1921.49,1921.29,1921.50,1921.50,0.449,0.44,17.98,47.48,50.50,-0.05,-0.08,0.03,1921.48,1921.35,115,113,28.6,57.1,2,1,CROSS=EMA9<EMA21;TREND=1;STRUCT=1;VOL=1;COOL=1;EMA50=1;VWAP=1;BIAS=1,0.00,0.00,27713.39,27658.20,KZ=ASIA; KZR=Asia H @ 1930.44 251 bars ago (high taken); DAY 12AM-4PM IST session: stop x1.00 of usual; no partials; full size to TP5; SL steps BE->TP1->TP2->TP3; flipped from trade 377
1185,2023.07.04 05:51:00,2023.07.04 08:21:00,FLIP,XAUUSD,M3,379,SELL,FULLTGT,DAY,0,1921.76,1922.24,1922.24,0.89,1.00,0.89,1920.87,1919.99,1919.10,1918.22,1917.33,1.27,0.00,0.00,1921.82,0.00,-0.07,0.00,1921.50,1921.50,1921.31,1921.49,1921.49,0.524,0.37,14.15,55.11,52.29,0.00,-0.04,0.04,1921.49,1921.80,105,97,85.7,0.0,2,1,CROSS=EMA9>EMA21;TREND=1;STRUCT=1;VOL=1;COOL=1;EMA50=1;VWAP=1;BIAS=1,0.68,-0.10,27713.39,27645.15,opposite signal before SL/target | SELL -> BUY | closing trade 379
1186,2023.07.04 05:51:00,2023.07.04 08:21:00,EXIT_FLIP,XAUUSD,M3,379,SELL,FULLTGT,DAY,0,1921.76,1922.24,1922.24,0.89,1.00,0.89,1920.87,1919.99,1919.10,1918.22,1917.33,1.27,1.27,0.00,1921.80,0.00,-0.05,0.00,1921.50,1921.50,1921.31,1921.49,1921.49,0.524,0.37,14.15,55.11,52.29,0.00,-0.04,0.04,1921.49,1921.80,105,97,85.7,0.0,2,1,CROSS=EMA9>EMA21;TREND=1;STRUCT=1;VOL=1;COOL=1;EMA50=1;VWAP=1;BIAS=1,0.68,-0.10,27714.02,27640.70,FLIP exit
1187,2023.07.04 05:51:00,2023.07.04 08:21:00,EXIT_OTHER,XAUUSD,M3,379,SELL,FULLTGT,DAY,0,1921.76,1922.24,1922.24,0.89,1.00,0.89,1920.87,1919.99,1919.10,1918.22,1917.33,1.27,1.27,0.00,1921.80,0.00,-0.05,-3.82,1921.50,1921.50,1921.31,1921.49,1921.49,0.524,0.37,14.15,55.11,52.29,0.00,-0.04,0.04,1921.49,1921.80,105,97,85.7,0.0,2,1,CROSS=EMA9>EMA21;TREND=1;STRUCT=1;VOL=1;COOL=1;EMA50=1;VWAP=1;BIAS=1,0.68,-0.10,27714.02,27640.70,FLIP exit
1188,2023.07.04 05:51:00,2023.07.04 08:21:00,ENTRY,XAUUSD,M3,381,BUY,FULLTGT,DAY,379,1921.35,1921.09,1921.09,0.73,1.00,0.73,1922.08,1922.81,1923.54,1924.28,1925.01,1.56,1.56,1.56,1921.35,0.00,0.00,0.00,1921.50,1921.50,1921.31,1921.49,1921.49,0.524,0.37,14.15,55.11,52.29,0.00,-0.04,0.04,1921.49,1921.80,105,97,85.7,0.0,2,1,CROSS=EMA9>EMA21;TREND=1;STRUCT=1;VOL=1;COOL=1;EMA50=1;VWAP=1;BIAS=1,0.00,0.00,27707.40,27630.30,KZ=ASIA; KZR=Asia H @ 1930.44 256 bars ago (high taken); DAY 12AM-4PM IST session: stop x1.00 of usual; no partials; full size to TP5; SL steps BE->TP1->TP2->TP3; flipped from trade 379
1189,2023.07.04 06:04:16,2023.07.04 08:34:16,TP1_REACHED,XAUUSD,M3,381,BUY,FULLTGT,DAY,379,1921.35,1921.09,1921.09,0.73,1.00,0.73,1922.08,1922.81,1923.54,1924.28,1925.01,1.56,0.00,1.56,1922.08,1.00,1.00,0.00,1921.52,1921.51,1921.32,1921.51,1921.50,0.555,0.34,12.50,53.86,49.69,0.02,-0.01,0.03,1921.49,1921.76,133,91,71.4,14.3,2,1,CROSS=EMA9>EMA21;TREND=1;STRUCT=1;VOL=1;COOL=1;EMA50=1;VWAP=1;BIAS=1,0.98,0.00,27707.40,27639.87,full target: no partial booked
1190,2023.07.04 16:18:00,2023.07.04 18:48:00,SKIP,XAUUSD,M3,381,BUY,FULLTGT,EVENING,379,1921.35,1921.09,1921.09,0.73,1.00,0.73,1922.08,1922.81,1923.54,1924.28,1925.01,1.56,0.00,0.00,0.00,0.00,0.00,0.00,1927.93,1927.94,1926.85,1927.97,1927.96,1.848,0.59,21.03,42.90,39.84,-0.47,-0.58,0.11,1925.63,1926.98,111,144,28.6,42.9,4,1,CROSS=EMA9<EMA21;TREND=1;STRUCT=1;VOL=1;COOL=1;EMA50=1;VWAP=0;BIAS=1,12.85,0.00,27558.42,28533.66,quality filter
1191,2023.07.04 16:36:00,2023.07.04 19:06:00,SKIP,XAUUSD,M3,381,BUY,FULLTGT,EVENING,379,1921.35,1921.09,1921.09,0.73,1.00,0.73,1922.08,1922.81,1923.54,1924.28,1925.01,1.56,0.00,0.00,0.00,0.00,0.00,0.00,1927.97,1927.96,1926.92,1927.93,1927.94,1.926,0.54,39.69,65.97,59.45,0.06,-0.29,0.35,1925.70,1928.94,148,145,100.0,0.0,2,1,CROSS=EMA9>EMA21;TREND=1;STRUCT=1;VOL=1;COOL=1;EMA50=1;VWAP=1;BIAS=1,12.85,0.00,27558.42,28898.43,already positioned that way
1192,2023.07.04 18:30:00,2023.07.04 21:00:00,SKIP,XAUUSD,M3,381,BUY,FULLTGT,EVENING,379,1921.35,1921.09,1921.09,0.73,1.00,0.73,1922.08,1922.81,1923.54,1924.28,1925.01,1.56,0.00,0.00,0.00,0.00,0.00,0.00,1928.06,1928.07,1927.32,1928.08,1928.08,1.891,0.39,38.51,42.35,44.03,-0.22,-0.17,-0.06,1926.00,1927.58,110,114,14.3,71.4,10,1,CROSS=EMA9>EMA21;TREND=1;STRUCT=1;VOL=1;COOL=1;EMA50=1;VWAP=1;BIAS=1,12.85,0.00,27558.42,28647.06,outside the killzone window
1193,2023.07.05 01:02:00,2023.07.05 03:32:00,DAY_SUMMARY,XAUUSD,M3,381,BUY,FULLTGT,DAY,379,1921.35,1921.09,1921.09,0.73,1.00,0.73,1922.08,1922.81,1923.54,1924.28,1925.01,1.56,0.00,0.00,0.00,0.00,-0.81,31.68,1925.50,1926.15,1926.46,1925.49,1926.16,-0.743,0.41,33.92,63.02,56.16,0.20,0.08,0.12,1925.97,1925.88,48,42,57.1,42.9,11,1,CROSS=EMA9>EMA21;TREND=1;STRUCT=1;VOL=1;COOL=1;EMA50=1;VWAP=1;BIAS=1,12.85,0.00,27558.42,28191.17,2023.07.04 trades=4 W=2 L=2 gross_profit=70.39 gross_loss=38.71 net=31.68 PF=1.82
1194,2023.07.05 03:45:00,2023.07.05 06:15:00,SKIP,XAUUSD,M3,381,BUY,FULLTGT,DAY,379,1921.35,1921.09,1921.09,0.73,1.00,0.73,1922.08,1922.81,1923.54,1924.28,1925.01,1.56,0.00,0.00,0.00,0.00,0.00,0.00,1926.21,1926.21,1926.36,1926.19,1926.20,-0.390,0.36,32.52,59.60,60.05,0.21,0.13,0.08,1926.18,1926.81,80,73,100.0,0.0,6,1,CROSS=EMA9>EMA21;TREND=1;STRUCT=1;VOL=1;COOL=1;EMA50=1;VWAP=1;BIAS=1,12.85,0.00,27558.42,28376.39,already positioned that way
1195,2023.07.05 04:15:00,2023.07.05 06:45:00,FLIP,XAUUSD,M3,381,BUY,FULLTGT,DAY,0,1921.35,1921.09,1921.09,0.73,1.00,0.73,1922.08,1922.81,1923.54,1924.28,1925.01,1.56,0.00,0.00,1925.24,0.00,5.32,0.00,1926.20,1926.21,1926.34,1926.24,1926.23,-0.332,0.39,27.51,31.88,35.68,-0.13,0.07,-0.20,1926.19,1925.24,133,97,0.0,100.0,5,1,CROSS=EMA9<EMA21;TREND=1;STRUCT=1;VOL=1;COOL=1;EMA50=1;VWAP=1;BIAS=1,12.85,0.00,27558.42,28085.33,opposite signal before SL/target | BUY -> SELL | closing trade 381
1196,2023.07.05 04:15:00,2023.07.05 06:45:00,EXIT_FLIP,XAUUSD,M3,381,BUY,FULLTGT,DAY,0,1921.35,1921.09,1921.09,0.73,1.00,0.73,1922.08,1922.81,1923.54,1924.28,1925.01,1.56,1.89,0.00,1925.24,0.00,5.32,0.00,1926.20,1926.21,1926.34,1926.24,1926.23,-0.332,0.39,27.51,31.88,35.68,-0.13,0.07,-0.20,1926.19,1925.24,133,97,0.0,100.0,5,1,CROSS=EMA9<EMA21;TREND=1;STRUCT=1;VOL=1;COOL=1;EMA50=1;VWAP=1;BIAS=1,12.85,0.00,28078.71,28078.71,FLIP exit
1197,2023.07.05 04:15:00,2023.07.05 06:45:00,EXIT_SL,XAUUSD,M3,381,BUY,FULLTGT,DAY,0,1921.35,1921.09,1921.09,0.73,1.00,0.73,1922.08,1922.81,1923.54,1924.28,1925.01,1.56,1.56,0.00,1922.27,0.00,1.26,-154.44,1926.20,1926.21,1926.34,1926.24,1926.23,-0.332,0.39,27.51,31.88,35.68,-0.13,0.07,-0.20,1926.19,1925.24,133,97,0.0,100.0,5,1,CROSS=EMA9<EMA21;TREND=1;STRUCT=1;VOL=1;COOL=1;EMA50=1;VWAP=1;BIAS=1,12.85,0.00,28078.71,28078.71,stopped at the initial SL (x1.00 of usual)
1198,2023.07.05 04:15:00,2023.07.05 06:45:00,ENTRY,XAUUSD,M3,386,SELL,FULLTGT,DAY,381,1925.24,1926.02,1926.02,0.78,1.00,0.78,1924.46,1923.67,1922.89,1922.10,1921.32,1.79,1.79,1.79,1925.24,0.00,0.00,0.00,1926.20,1926.21,1926.34,1926.24,1926.23,-0.332,0.39,27.51,31.88,35.68,-0.13,0.07,-0.20,1926.19,1925.24,133,97,0.0,100.0,5,1,CROSS=EMA9<EMA21;TREND=1;STRUCT=1;VOL=1;COOL=1;EMA50=1;VWAP=1;BIAS=1,0.00,0.00,28072.44,28063.49,KZ=ASIA; KZR=Asia H @ 1923.53 419 bars ago (high taken); DAY 12AM-4PM IST session: stop x1.00 of usual; no partials; full size to TP5; SL steps BE->TP1->TP2->TP3; flipped from trade 381
1199,2023.07.05 04:27:37,2023.07.05 06:57:37,EXIT_SL,XAUUSD,M3,386,SELL,FULLTGT,DAY,381,1925.24,1926.02,1926.02,0.78,1.00,0.78,1924.46,1923.67,1922.89,1922.10,1921.32,1.79,1.79,0.00,1926.05,0.00,-1.03,-157.53,1926.11,1926.16,1926.31,1926.13,1926.17,-0.365,0.41,26.38,41.69,43.50,-0.21,-0.08,-0.13,1926.13,1925.68,91,104,0.0,85.7,5,1,CROSS=EMA9<EMA21;TREND=1;STRUCT=1;VOL=1;COOL=1;EMA50=1;VWAP=1;BIAS=1,0.00,-0.98,27921.18,27921.18,stopped at the initial SL (x1.00 of usual)
1200,2023.07.05 08:33:00,2023.07.05 11:03:00,SKIP,XAUUSD,M3,386,FLAT,NA,DAY,381,0.00,0.00,0.00,0.00,1.00,0.00,0.00,0.00,0.00,0.00,0.00,0.00,0.00,0.00,0.00,0.00,0.00,0.00,1925.19,1925.19,1925.49,1925.16,1925.17,-0.682,0.45,30.23,60.56,68.22,0.26,0.24,0.02,1925.31,1925.98,185,90,85.7,14.3,3,1,CROSS=EMA9<EMA21;TREND=1;STRUCT=1;VOL=1;COOL=1;EMA50=1;VWAP=1;BIAS=1,0.00,0.00,27921.18,27921.18,outside the killzone window
1201,2023.07.05 09:15:00,2023.07.05 11:45:00,SKIP,XAUUSD,M3,386,FLAT,NA,DAY,381,0.00,0.00,0.00,0.00,1.00,0.00,0.00,0.00,0.00,0.00,0.00,0.00,0.00,0.00,0.00,0.00,0.00,0.00,1925.15,1925.18,1925.45,1925.20,1925.20,-0.492,0.56,25.23,28.17,31.88,-0.27,-0.02,-0.25,1925.30,1923.92,146,125,0.0,100.0,1,1,CROSS=EMA9<EMA21;TREND=1;STRUCT=1;VOL=1;COOL=1;EMA50=1;VWAP=1;BIAS=1,0.00,0.00,27921.18,27921.18,outside the killzone window
1202,2023.07.05 11:06:00,2023.07.05 13:36:00,SKIP,XAUUSD,M3,386,FLAT,NA,DAY,381,0.00,0.00,0.00,0.00,1.00,0.00,0.00,0.00,0.00,0.00,0.00,0.00,0.00,0.00,0.00,0.00,0.00,0.00,1924.69,1924.66,1925.01,1924.57,1924.60,-0.471,0.73,64.56,80.16,71.38,1.08,0.76,0.32,1924.86,1927.59,220,188,85.7,14.3,1,1,CROSS=EMA9<EMA21;TREND=1;STRUCT=1;VOL=1;COOL=1;EMA50=1;VWAP=1;BIAS=1,0.00,0.00,27921.18,27921.18,outside the killzone window
1203,2023.07.05 17:12:00,2023.07.05 19:42:00,SKIP,XAUUSD,M3,386,FLAT,NA,EVENING,381,0.00,0.00,0.00,0.00,1.00,0.00,0.00,0.00,0.00,0.00,0.00,0.00,0.00,0.00,0.00,0.00,0.00,0.00,1927.47,1927.50,1927.01,1927.65,1927.59,0.248,2.01,48.19,35.50,37.05,-1.52,-1.19,-0.33,1926.50,1923.13,393,430,0.0,85.7,1,1,CROSS=EMA9<EMA21;TREND=1;STRUCT=1;VOL=1;COOL=1;EMA50=1;VWAP=1;BIAS=1,0.00,0.00,27921.18,27921.18,outside the killzone window
1204,2023.07.06 01:02:00,2023.07.06 03:32:00,DAY_SUMMARY,XAUUSD,M3,386,FLAT,NA,DAY,381,0.00,0.00,0.00,0.00,1.00,0.00,0.00,0.00,0.00,0.00,0.00,0.00,0.00,0.00,0.00,0.00,0.23,-311.97,1916.65,1918.37,1920.79,1916.71,1918.43,-8.183,0.30,55.61,37.35,36.81,-0.44,-0.37,-0.07,1924.45,1915.16,39,54,0.0,85.7,9,1,CROSS=EMA9<EMA21;TREND=1;STRUCT=1;VOL=1;COOL=1;EMA50=1;VWAP=1;BIAS=1,0.00,0.00,27921.18,27921.18,2023.07.05 trades=2 W=0 L=2 gross_profit=0.00 gross_loss=311.97 net=-311.97 PF=0.00
1205,2023.07.06 05:06:00,2023.07.06 07:36:00,ENTRY,XAUUSD,M3,388,BUY,FULLTGT,DAY,0,1918.33,1916.98,1916.98,1.35,1.00,1.35,1919.68,1921.03,1922.38,1923.72,1925.07,1.03,1.03,1.03,1918.33,0.00,0.00,0.00,1917.62,1917.61,1918.85,1917.59,1917.60,-1.840,0.67,33.42,52.97,54.86,0.44,0.39,0.06,1917.50,1918.25,144,136,85.7,14.3,8,1,CROSS=EMA9>EMA21;TREND=1;STRUCT=1;VOL=1;COOL=1;EMA50=1;VWAP=1;BIAS=1,0.00,0.00,27917.57,27909.33,KZ=ASIA; KZR=NY H @ 1930.30 257 bars ago (high taken); DAY 12AM-4PM IST session: stop x1.00 of usual; no partials; full size to TP5; SL steps BE->TP1->TP2->TP3
1206,2023.07.06 05:30:04,2023.07.06 08:00:04,TP1_REACHED,XAUUSD,M3,388,BUY,FULLTGT,DAY,0,1918.33,1916.98,1916.98,1.35,1.00,1.35,1919.68,1921.03,1922.38,1923.72,1925.07,1.03,0.00,1.03,1919.68,1.00,1.00,0.00,1918.02,1917.83,1918.87,1917.95,1917.79,-1.743,0.60,28.91,62.51,61.34,0.44,0.44,-0.00,1917.68,1919.60,81,136,71.4,14.3,2,1,CROSS=EMA9>EMA21;TREND=1;STRUCT=1;VOL=1;COOL=1;EMA50=1;VWAP=1;BIAS=1,0.99,-0.09,27917.57,28057.65,full target: no partial booked
1207,2023.07.06 07:48:33,2023.07.06 10:18:33,EXIT_SL,XAUUSD,M3,388,BUY,FULLTGT,DAY,0,1918.33,1916.98,1916.98,1.35,1.00,1.35,1919.68,1921.03,1922.38,1923.72,1925.07,1.03,1.03,0.00,1916.98,0.00,-1.00,-146.27,1918.06,1918.05,1918.64,1918.10,1918.06,-1.419,0.42,30.14,37.06,35.98,-0.28,-0.23,-0.05,1917.96,1917.24,74,100,14.3,71.4,2,1,CROSS=EMA9>EMA21;TREND=1;STRUCT=1;VOL=1;COOL=1;EMA50=1;VWAP=1;BIAS=1,1.05,-0.98,27774.91,27774.91,stopped at the initial SL (x1.00 of usual)
1208,2023.07.06 07:51:00,2023.07.06 10:21:00,SKIP,XAUUSD,M3,388,FLAT,NA,DAY,0,0.00,0.00,0.00,0.00,1.00,0.00,0.00,0.00,0.00,0.00,0.00,0.00,0.00,0.00,0.00,0.00,0.00,0.00,1918.03,1918.03,1918.63,1918.06,1918.05,-1.503,0.40,33.31,35.69,34.64,-0.29,-0.23,-0.06,1917.96,1917.14,93,101,0.0,85.7,5,1,CROSS=EMA9>EMA21;TREND=1;STRUCT=1;VOL=1;COOL=1;EMA50=1;VWAP=1;BIAS=1,0.00,0.00,27774.91,27774.91,outside the killzone window
1209,2023.07.06 08:09:00,2023.07.06 10:39:00,SKIP,XAUUSD,M3,388,FLAT,NA,DAY,0,0.00,0.00,0.00,0.00,1.00,0.00,0.00,0.00,0.00,0.00,0.00,0.00,0.00,0.00,0.00,0.00,0.00,0.00,1918.03,1918.03,1918.59,1918.01,1918.02,-1.272,0.44,32.92,59.48,58.88,-0.00,-0.20,0.20,1917.96,1918.52,106,101,85.7,14.3,1,1,CROSS=EMA9>EMA21;TREND=1;STRUCT=1;VOL=1;COOL=1;EMA50=1;VWAP=1;BIAS=1,0.00,0.00,27774.91,27774.91,outside the killzone window
1210,2023.07.06 11:39:00,2023.07.06 14:09:00,SKIP,XAUUSD,M3,388,FLAT,NA,DAY,0,0.00,0.00,0.00,0.00,1.00,0.00,0.00,0.00,0.00,0.00,0.00,0.00,0.00,0.00,0.00,0.00,0.00,0.00,1919.12,1919.15,1919.13,1919.21,1919.19,0.027,0.73,53.62,30.13,33.16,-0.76,-0.62,-0.13,1918.74,1917.06,158,167,0.0,85.7,1,1,CROSS=EMA9>EMA21;TREND=1;STRUCT=1;VOL=1;COOL=1;EMA50=1;VWAP=1;BIAS=1,0.00,0.00,27774.91,27774.91,outside the killzone window
1211,2023.07.06 13:33:00,2023.07.06 16:03:00,SKIP,XAUUSD,M3,388,FLAT,NA,EVENING,0,0.00,0.00,0.00,0.00,1.00,0.00,0.00,0.00,0.00,0.00,0.00,0.00,0.00,0.00,0.00,0.00,0.00,0.00,1919.03,1918.98,1919.01,1918.87,1918.90,-0.040,0.75,49.21,79.07,70.18,0.84,0.20,0.64,1918.75,1922.81,215,128,100.0,0.0,4,1,CROSS=EMA9>EMA21;TREND=1;STRUCT=1;VOL=1;COOL=1;EMA50=1;VWAP=1;BIAS=1,0.00,0.00,27774.91,27774.91,already positioned that way
1212,2023.07.06 15:39:00,2023.07.06 18:09:00,ENTRY,XAUUSD,M3,390,SELL,FULLTGT,EVENING,0,1906.54,1912.27,1912.27,5.73,1.00,5.73,1900.81,1895.08,1889.35,1883.63,1877.90,0.24,0.24,0.24,1906.54,0.00,0.00,0.00,1920.26,1920.47,1920.06,1920.83,1920.75,0.143,2.86,54.50,14.24,18.91,-4.41,-2.17,-2.25,1918.78,1906.45,516,344,0.0,100.0,2,1,CROSS=EMA9<EMA21;TREND=1;STRUCT=1;VOL=1;COOL=1;EMA50=1;VWAP=1;BIAS=1,0.00,0.00,27774.07,27773.59,KZ=NY; KZR=Asia L @ 1907.09 2 bars ago (low taken); EVENING 4PM-12AM IST session: stop x1.00 of usual; no partials; full size to TP5; SL steps BE->TP1->TP2->TP3
1213,2023.07.06 16:29:39,2023.07.06 18:59:39,EXIT_SL,XAUUSD,M3,390,SELL,FULLTGT,EVENING,0,1906.54,1912.27,1912.27,5.73,1.00,5.73,1900.81,1895.08,1889.35,1883.63,1877.90,0.24,0.24,0.00,1912.28,0.00,-1.00,-139.44,1914.12,1916.81,1918.13,1914.25,1916.93,-0.588,2.25,29.71,50.15,42.75,-2.07,-3.43,1.36,1916.94,1911.00,385,459,28.6,57.1,4,1,CROSS=EMA9<EMA21;TREND=1;STRUCT=1;VOL=1;COOL=1;EMA50=1;VWAP=1;BIAS=1,0.68,-1.00,27635.47,27635.47,stopped at the initial SL (x1.00 of usual)
1214,2023.07.07 01:02:00,2023.07.07 03:32:00,DAY_SUMMARY,XAUUSD,M3,390,FLAT,NA,DAY,0,0.00,0.00,0.00,0.00,1.00,0.00,0.00,0.00,0.00,0.00,0.00,0.00,0.00,0.00,0.00,0.00,-2.00,-285.71,1910.57,1910.70,1911.93,1910.56,1910.69,-6.517,0.19,35.35,57.76,55.31,0.08,-0.01,0.09,1913.95,1910.93,19,48,57.1,28.6,31,1,CROSS=EMA9<EMA21;TREND=1;STRUCT=1;VOL=1;COOL=1;EMA50=1;VWAP=1;BIAS=1,0.00,0.00,27635.47,27635.47,2023.07.06 trades=2 W=0 L=2 gross_profit=0.00 gross_loss=285.71 net=-285.71 PF=0.00
1215,2023.07.07 02:12:00,2023.07.07 04:42:00,ENTRY,XAUUSD,M3,392,BUY,FULLTGT,DAY,0,1911.60,1910.95,1910.95,0.65,1.00,0.65,1912.25,1912.89,1913.54,1914.18,1914.83,2.13,2.13,2.13,1911.60,0.00,0.00,0.00,1910.76,1910.75,1911.69,1910.72,1910.73,-2.925,0.32,26.80,62.99,62.52,0.25,0.12,0.12,1910.76,1911.56,33,43,85.7,0.0,4,1,CROSS=EMA9>EMA21;TREND=1;STRUCT=1;VOL=1;COOL=1;EMA50=1;VWAP=1;BIAS=1,0.00,0.00,27628.01,27619.49,KZ=ASIA; KZR=Asia L @ 1907.09 213 bars ago (low taken); DAY 12AM-4PM IST session: stop x1.00 of usual; no partials; full size to TP5; SL steps BE->TP1->TP2->TP3
1216,2023.07.07 02:21:36,2023.07.07 04:51:36,TP1_REACHED,XAUUSD,M3,392,BUY,FULLTGT,DAY,0,1911.60,1910.95,1910.95,0.65,1.00,0.65,1912.25,1912.89,1913.54,1914.18,1914.83,2.13,0.00,2.13,1912.25,1.00,1.00,0.00,1910.87,1910.81,1911.69,1910.83,1910.79,-3.400,0.26,37.79,66.63,65.32,0.32,0.20,0.11,1910.85,1911.83,36,41,85.7,0.0,1,1,CROSS=EMA9>EMA21;TREND=1;STRUCT=1;VOL=1;COOL=1;EMA50=1;VWAP=1;BIAS=1,0.81,-0.12,27628.01,27774.98,full target: no partial booked
1217,2023.07.07 03:36:28,2023.07.07 06:06:28,EXIT_SL,XAUUSD,M3,392,BUY,FULLTGT,DAY,0,1911.60,1910.95,1910.95,0.65,1.00,0.65,1912.25,1912.89,1913.54,1914.18,1914.83,2.13,2.13,0.00,1910.95,0.00,-1.01,-153.37,1911.48,1911.22,1911.73,1911.50,1911.22,-1.229,0.42,21.65,37.65,45.37,-0.00,0.14,-0.14,1911.44,1911.08,125,67,14.3,71.4,7,1,CROSS=EMA9>EMA21;TREND=1;STRUCT=1;VOL=1;COOL=1;EMA50=1;VWAP=1;BIAS=1,1.30,-0.94,27482.10,27482.10,stopped at the initial SL (x1.00 of usual)
1218,2023.07.07 05:36:00,2023.07.07 08:06:00,ENTRY,XAUUSD,M3,394,SELL,FULLTGT,DAY,0,1910.02,1910.86,1910.86,0.84,1.00,0.84,1909.18,1908.34,1907.50,1906.67,1905.83,1.63,1.63,1.63,1910.02,0.00,0.00,0.00,1911.04,1911.05,1911.46,1911.08,1911.08,-0.968,0.42,33.06,33.80,38.92,-0.20,-0.07,-0.13,1911.14,1910.02,87,102,0.0,85.7,3,1,CROSS=EMA9<EMA21;TREND=1;STRUCT=1;VOL=1;COOL=1;EMA50=1;VWAP=1;BIAS=1,0.00,0.00,27476.39,27471.50,KZ=ASIA; KZR=Asia L @ 1907.09 281 bars ago (low taken); DAY 12AM-4PM IST session: stop x1.00 of usual; no partials; full size to TP5; SL steps BE->TP1->TP2->TP3
1219,2023.07.07 05:54:24,2023.07.07 08:24:24,EXIT_SL,XAUUSD,M3,394,SELL,FULLTGT,DAY,0,1910.02,1910.86,1910.86,0.84,1.00,0.84,1909.18,1908.34,1907.50,1906.67,1905.83,1.63,1.63,0.00,1910.89,0.00,-1.04,-153.23,1910.93,1911.00,1911.41,1910.95,1911.01,-1.119,0.37,25.68,46.35,46.55,-0.17,-0.18,0.01,1911.10,1910.60,68,83,14.3,71.4,4,1,CROSS=EMA9<EMA21;TREND=1;STRUCT=1;VOL=1;COOL=1;EMA50=1;VWAP=1;BIAS=1,0.00,-0.98,27328.87,27328.87,stopped at the initial SL (x1.00 of usual)
1220,2023.07.07 06:15:00,2023.07.07 08:45:00,ENTRY,XAUUSD,M3,396,BUY,FULLTGT,DAY,0,1912.19,1911.34,1911.34,0.85,1.00,0.85,1913.04,1913.90,1914.75,1915.60,1916.45,1.60,1.60,1.60,1912.19,0.00,0.00,0.00,1911.05,1911.05,1911.41,1911.01,1911.03,-0.834,0.43,42.49,68.99,63.09,0.19,-0.04,0.23,1911.12,1912.15,128,85,100.0,0.0,4,1,CROSS=EMA9>EMA21;TREND=1;STRUCT=1;VOL=1;COOL=1;EMA50=1;VWAP=1;BIAS=1,0.00,0.00,27323.27,27316.87,KZ=ASIA; KZR=Asia L @ 1907.09 294 bars ago (low taken); DAY 12AM-4PM IST session: stop x1.00 of usual; no partials; full size to TP5; SL steps BE->TP1->TP2->TP3
1221,2023.07.07 06:31:31,2023.07.07 09:01:31,EXIT_SL,XAUUSD,M3,396,BUY,FULLTGT,DAY,0,1912.19,1911.34,1911.34,0.85,1.00,0.85,1913.04,1913.90,1914.75,1915.60,1916.45,1.60,1.60,0.00,1911.34,0.00,-1.00,-147.20,1911.20,1911.13,1911.43,1911.17,1911.11,-0.769,0.39,44.53,62.62,59.88,0.28,0.18,0.10,1911.16,1912.03,66,88,85.7,0.0,2,1,CROSS=EMA9>EMA21;TREND=1;STRUCT=1;VOL=1;COOL=1;EMA50=1;VWAP=1;BIAS=1,0.00,-0.97,27181.67,27181.67,stopped at the initial SL (x1.00 of usual)
1222,2023.07.07 07:06:00,2023.07.07 09:36:00,SKIP,XAUUSD,M3,396,FLAT,NA,DAY,0,0.00,0.00,0.00,0.00,1.00,0.00,0.00,0.00,0.00,0.00,0.00,0.00,0.00,0.00,0.00,0.00,0.00,0.00,1911.07,1911.07,1911.36,1911.07,1911.07,-0.796,0.37,23.46,47.21,46.91,-0.08,-0.06,-0.02,1911.14,1910.88,54,80,0.0,71.4,10,1,CROSS=EMA9>EMA21;TREND=1;STRUCT=1;VOL=1;COOL=1;EMA50=1;VWAP=1;BIAS=1,0.00,0.00,27181.67,27181.67,outside the killzone window
1223,2023.07.07 07:36:00,2023.07.07 10:06:00,SKIP,XAUUSD,M3,396,FLAT,NA,DAY,0,0.00,0.00,0.00,0.00,1.00,0.00,0.00,0.00,0.00,0.00,0.00,0.00,0.00,0.00,0.00,0.00,0.00,0.00,1911.08,1911.07,1911.34,1911.04,1911.05,-0.743,0.36,25.45,65.47,59.10,0.11,-0.06,0.16,1911.13,1911.97,48,66,85.7,0.0,2,1,CROSS=EMA9>EMA21;TREND=1;STRUCT=1;VOL=1;COOL=1;EMA50=1;VWAP=1;BIAS=1,0.00,0.00,27181.67,27181.67,outside the killzone window
1224,2023.07.07 23:09:00,2023.07.08 01:39:00,SKIP,XAUUSD,M3,396,FLAT,NA,DAY,0,0.00,0.00,0.00,0.00,1.00,0.00,0.00,0.00,0.00,0.00,0.00,0.00,0.00,0.00,0.00,0.00,0.00,0.00,1925.87,1925.89,1923.99,1925.92,1925.91,4.255,0.44,24.62,41.23,35.45,-0.30,-0.27,-0.03,1920.42,1924.85,48,113,14.3,57.1,4,1,CROSS=EMA9>EMA21;TREND=1;STRUCT=1;VOL=1;COOL=1;EMA50=1;VWAP=1;BIAS=1,0.00,0.00,27181.67,27181.67,outside the killzone window
1225,2023.07.10 01:02:00,2023.07.10 03:32:00,DAY_SUMMARY,XAUUSD,M3,396,FLAT,NA,DAY,0,0.00,0.00,0.00,0.00,1.00,0.00,0.00,0.00,0.00,0.00,0.00,0.00,0.00,0.00,0.00,0.00,-3.04,-453.80,1925.46,1925.64,1924.14,1925.47,1925.64,4.736,0.32,39.60,52.71,48.67,-0.02,-0.17,0.15,1920.47,1925.31,69,52,42.9,57.1,30,1,CROSS=EMA9>EMA21;TREND=1;STRUCT=1;VOL=1;COOL=1;EMA50=1;VWAP=1;BIAS=1,0.00,0.00,27181.67,27181.67,2023.07.07 trades=3 W=0 L=3 gross_profit=0.00 gross_loss=453.80 net=-453.80 PF=0.00
1226,2023.07.10 01:02:00,2023.07.10 03:32:00,WEEK_SUMMARY,XAUUSD,M3,396,FLAT,NA,DAY,0,0.00,0.00,0.00,0.00,1.00,0.00,0.00,0.00,0.00,0.00,0.00,0.00,0.00,0.00,0.00,0.00,-5.62,-1019.80,1925.46,1925.64,1924.14,1925.47,1925.64,4.736,0.32,39.60,52.71,48.67,-0.02,-0.17,0.15,1920.47,1925.31,69,52,42.9,57.1,30,1,CROSS=EMA9>EMA21;TREND=1;STRUCT=1;VOL=1;COOL=1;EMA50=1;VWAP=1;BIAS=1,0.00,0.00,27181.67,27181.67,days=4 trades=11 W=2 L=9 gross_profit=70.39 gross_loss=1090.19 net=-1019.80 PF=0.06 pips=-976.0
1227,2023.07.10 01:21:00,2023.07.10 03:51:00,SKIP,XAUUSD,M3,396,FLAT,NA,DAY,0,0.00,0.00,0.00,0.00,1.00,0.00,0.00,0.00,0.00,0.00,0.00,0.00,0.00,0.00,0.00,0.00,0.00,0.00,1925.79,1925.79,1924.32,1925.73,1925.76,2.364,0.62,44.75,64.05,63.66,0.56,0.20,0.36,1926.96,1927.31,32,50,85.7,0.0,9,1,CROSS=EMA9>EMA21;TREND=1;STRUCT=1;VOL=1;COOL=1;EMA50=1;VWAP=1;BIAS=1,0.00,0.00,27181.67,27181.67,already positioned that way
1228,2023.07.10 02:18:00,2023.07.10 04:48:00,ENTRY,XAUUSD,M3,398,SELL,FULLTGT,DAY,0,1924.63,1925.80,1925.80,1.17,1.00,1.17,1923.46,1922.29,1921.12,1919.95,1918.78,1.16,1.16,1.16,1924.63,0.00,0.00,0.00,1925.83,1925.85,1924.61,1925.88,1925.87,2.108,0.58,39.95,36.54,34.49,-0.43,-0.07,-0.36,1926.26,1924.63,55,66,0.0,85.7,12,1,CROSS=EMA9<EMA21;TREND=1;STRUCT=1;VOL=1;COOL=1;EMA50=1;VWAP=1;BIAS=1,0.00,0.00,27177.61,27163.69,KZ=ASIA; KZR=Asia L @ 1907.09 1655 bars ago (low taken); DAY 12AM-4PM IST session: stop x1.00 of usual; no partials; full size to TP5; SL steps BE->TP1->TP2->TP3
1229,2023.07.10 03:12:04,2023.07.10 05:42:04,TP1_REACHED,XAUUSD,M3,398,SELL,FULLTGT,DAY,0,1924.63,1925.80,1925.80,1.17,1.00,1.17,1923.46,1922.29,1921.12,1919.95,1918.78,1.16,0.00,1.16,1923.46,1.00,1.00,0.00,1925.13,1925.43,1924.59,1925.19,1925.47,1.592,0.53,23.89,36.61,38.20,-0.32,-0.28,-0.04,1925.52,1923.54,123,68,0.0,85.7,4,1,CROSS=EMA9<EMA21;TREND=1;STRUCT=1;VOL=1;COOL=1;EMA50=1;VWAP=1;BIAS=1,0.95,-0.75,27177.61,27313.33,full target: no partial booked
1230,2023.07.10 04:05:01,2023.07.10 06:35:01,EXIT_SL,XAUUSD,M3,398,SELL,FULLTGT,DAY,0,1924.63,1925.80,1925.80,1.17,1.00,1.17,1923.46,1922.29,1921.12,1919.95,1918.78,1.16,1.16,0.00,1925.82,0.00,-1.02,-146.16,1924.55,1925.00,1924.48,1924.52,1924.99,0.801,0.64,17.64,58.66,59.85,-0.04,-0.26,0.22,1924.86,1925.18,277,123,71.4,14.3,4,1,CROSS=EMA9<EMA21;TREND=1;STRUCT=1;VOL=1;COOL=1;EMA50=1;VWAP=1;BIAS=1,1.55,-0.99,27035.51,27035.51,stopped at the initial SL (x1.00 of usual)
1231,2023.07.10 10:39:00,2023.07.10 13:09:00,SKIP,XAUUSD,M3,398,FLAT,NA,DAY,0,0.00,0.00,0.00,0.00,1.00,0.00,0.00,0.00,0.00,0.00,0.00,0.00,0.00,0.00,0.00,0.00,0.00,0.00,1923.20,1923.18,1923.51,1923.13,1923.14,-0.530,0.62,16.61,64.58,63.58,0.60,0.67,-0.08,1923.79,1925.00,108,154,57.1,14.3,2,1,CROSS=EMA9<EMA21;TREND=1;STRUCT=1;VOL=1;COOL=1;EMA50=1;VWAP=1;BIAS=1,0.00,0.00,27035.51,27035.51,outside the killzone window
1232,2023.07.10 15:21:00,2023.07.10 17:51:00,SKIP,XAUUSD,M3,398,FLAT,NA,EVENING,0,0.00,0.00,0.00,0.00,1.00,0.00,0.00,0.00,0.00,0.00,0.00,0.00,0.00,0.00,0.00,0.00,0.00,0.00,1923.80,1923.81,1923.80,1924.01,1923.91,0.010,0.99,32.11,17.80,34.18,-0.56,0.04,-0.60,1923.87,1918.60,347,166,0.0,100.0,2,1,CROSS=EMA9<EMA21;TREND=1;STRUCT=1;VOL=1;COOL=1;EMA50=1;VWAP=1;BIAS=1,0.00,0.00,27035.51,27035.51,already positioned that way
1233,2023.07.10 18:30:00,2023.07.10 21:00:00,SKIP,XAUUSD,M3,398,FLAT,NA,EVENING,0,0.00,0.00,0.00,0.00,1.00,0.00,0.00,0.00,0.00,0.00,0.00,0.00,0.00,0.00,0.00,0.00,0.00,0.00,1922.00,1921.99,1922.44,1921.95,1921.97,-0.485,0.93,19.48,56.05,54.73,0.25,0.18,0.07,1922.57,1923.05,163,256,71.4,0.0,2,1,CROSS=EMA9<EMA21;TREND=1;STRUCT=1;VOL=1;COOL=1;EMA50=1;VWAP=1;BIAS=1,0.00,0.00,27035.51,27035.51,outside the killzone window
1234,2023.07.11 01:02:00,2023.07.11 03:32:00,DAY_SUMMARY,XAUUSD,M3,398,FLAT,NA,DAY,0,0.00,0.00,0.00,0.00,1.00,0.00,0.00,0.00,0.00,0.00,0.00,0.00,0.00,0.00,0.00,0.00,-1.02,-146.16,1925.41,1925.04,1924.38,1925.42,1925.04,2.976,0.22,22.48,46.88,48.29,-0.09,-0.09,-0.00,1923.10,1925.28,28,44,28.6,42.9,30,1,CROSS=EMA9<EMA21;TREND=1;STRUCT=1;VOL=1;COOL=1;EMA50=1;VWAP=1;BIAS=1,0.00,0.00,27035.51,27035.51,2023.07.10 trades=1 W=0 L=1 gross_profit=0.00 gross_loss=146.16 net=-146.16 PF=0.00
1235,2023.07.11 15:57:00,2023.07.11 18:27:00,SKIP,XAUUSD,M3,398,FLAT,NA,EVENING,0,0.00,0.00,0.00,0.00,1.00,0.00,0.00,0.00,0.00,0.00,0.00,0.00,0.00,0.00,0.00,0.00,0.00,0.00,1934.51,1934.54,1932.92,1934.59,1934.58,0.929,1.74,28.47,45.29,36.78,-1.13,-1.20,0.07,1931.54,1932.52,295,269,42.9,57.1,3,1,CROSS=EMA9<EMA21;TREND=1;STRUCT=1;VOL=1;COOL=1;EMA50=1;VWAP=0;BIAS=1,0.00,0.00,27035.51,27035.51,already positioned that way
1236,2023.07.12 01:21:00,2023.07.12 03:51:00,ENTRY,XAUUSD,M3,400,BUY,FULLTGT,DAY,0,1932.54,1932.11,1932.11,0.43,1.00,0.43,1932.97,1933.40,1933.83,1934.25,1934.68,3.15,3.15,3.15,1932.54,0.00,0.00,0.00,1932.11,1932.11,1932.18,1932.10,1932.10,-0.319,0.21,51.39,59.05,56.12,0.12,0.08,0.04,1932.46,1932.52,34,39,85.7,0.0,2,1,CROSS=EMA9>EMA21;TREND=1;STRUCT=1;VOL=1;COOL=1;EMA50=1;VWAP=1;BIAS=1,0.00,0.00,27024.48,27018.18,KZ=ASIA; KZR=NY H @ 1935.08 313 bars ago (high taken); DAY 12AM-4PM IST session: stop x1.00 of usual; no partials; full size to TP5; SL steps BE->TP1->TP2->TP3
1237,2023.07.12 01:25:06,2023.07.12 03:55:06,TP1_REACHED,XAUUSD,M3,400,BUY,FULLTGT,DAY,0,1932.54,1932.11,1932.11,0.43,1.00,0.43,1932.97,1933.40,1933.83,1934.25,1934.68,3.15,0.00,3.15,1932.97,1.00,1.00,0.00,1932.13,1932.12,1932.18,1932.11,1932.11,-0.286,0.22,52.55,61.97,65.13,0.14,0.09,0.04,1932.52,1932.65,69,39,100.0,0.0,4,1,CROSS=EMA9>EMA21;TREND=1;STRUCT=1;VOL=1;COOL=1;EMA50=1;VWAP=1;BIAS=1,0.98,-0.21,27024.48,27178.83,full target: no partial booked
1238,2023.07.12 01:30:59,2023.07.12 04:00:59,TP2_REACHED,XAUUSD,M3,400,BUY,FULLTGT,DAY,0,1932.54,1932.11,1932.11,0.43,1.00,0.43,1932.97,1933.40,1933.83,1934.25,1934.68,3.15,0.00,3.15,1933.40,2.00,2.00,0.00,1932.22,1932.17,1932.21,1932.18,1932.14,-0.159,0.24,57.14,72.69,69.51,0.24,0.13,0.11,1932.70,1933.31,34,39,85.7,0.0,4,1,CROSS=EMA9>EMA21;TREND=1;STRUCT=1;VOL=1;COOL=1;EMA50=1;VWAP=1;BIAS=1,1.94,-0.21,27024.48,27301.68,full target: no partial booked
1239,2023.07.12 03:04:36,2023.07.12 05:34:36,TP3_REACHED,XAUUSD,M3,400,BUY,FULLTGT,DAY,0,1932.54,1932.11,1932.11,0.43,1.00,0.43,1932.97,1933.40,1933.83,1934.25,1934.68,3.15,0.00,3.15,1933.83,3.00,3.00,0.00,1932.95,1932.67,1932.48,1932.93,1932.65,0.690,0.27,17.93,59.83,58.96,0.11,0.11,-0.00,1933.15,1933.52,92,46,71.4,14.3,4,1,CROSS=EMA9>EMA21;TREND=1;STRUCT=1;VOL=1;COOL=1;EMA50=1;VWAP=1;BIAS=1,2.96,-0.21,27024.48,27433.98,full target: no partial booked
1240,2023.07.12 03:14:31,2023.07.12 05:44:31,TP4_REACHED,XAUUSD,M3,400,BUY,FULLTGT,DAY,0,1932.54,1932.11,1932.11,0.43,1.00,0.43,1932.97,1933.40,1933.83,1934.25,1934.68,3.15,0.00,3.15,1934.25,4.00,4.00,0.00,1933.08,1932.75,1932.53,1933.03,1932.72,0.710,0.31,32.81,71.82,69.35,0.24,0.13,0.11,1933.25,1934.24,95,52,100.0,0.0,2,1,CROSS=EMA9>EMA21;TREND=1;STRUCT=1;VOL=1;COOL=1;EMA50=1;VWAP=1;BIAS=1,3.97,-0.21,27024.48,27566.28,full target: no partial booked
1241,2023.07.12 03:20:31,2023.07.12 05:50:31,TP5_EXIT,XAUUSD,M3,400,BUY,FULLTGT,DAY,0,1932.54,1932.11,1932.11,0.43,1.00,0.43,1932.97,1933.40,1933.83,1934.25,1934.68,3.15,3.15,0.00,1934.71,5.00,5.00,0.00,1933.17,1932.81,1932.56,1933.13,1932.78,0.720,0.34,36.81,68.92,75.07,0.29,0.17,0.12,1933.36,1934.16,136,61,85.7,14.3,1,1,CROSS=EMA9>EMA21;TREND=1;STRUCT=1;VOL=1;COOL=1;EMA50=1;VWAP=1;BIAS=1,4.99,-0.21,27697.00,27697.00,full target reached; closed in full
1242,2023.07.12 03:20:32,2023.07.12 05:50:32,EXIT_TP,XAUUSD,M3,400,BUY,FULLTGT,DAY,0,1932.54,1932.11,1932.11,0.43,1.00,0.43,1932.97,1933.40,1933.83,1934.25,1934.68,3.15,3.15,0.00,1934.71,0.00,5.06,661.49,1933.17,1932.81,1932.56,1933.13,1932.78,0.720,0.34,36.81,68.92,75.07,0.29,0.17,0.12,1933.36,1934.16,136,61,85.7,14.3,1,1,CROSS=EMA9>EMA21;TREND=1;STRUCT=1;VOL=1;COOL=1;EMA50=1;VWAP=1;BIAS=1,4.99,-0.21,27697.00,27697.00,TP5 exit
1243,2023.07.12 09:57:00,2023.07.12 12:27:00,SKIP,XAUUSD,M3,400,FLAT,NA,DAY,0,0.00,0.00,0.00,0.00,1.00,0.00,0.00,0.00,0.00,0.00,0.00,0.00,0.00,0.00,0.00,0.00,0.00,0.00,1937.67,1937.69,1936.67,1937.79,1937.75,1.294,0.79,52.19,28.10,30.62,-1.05,-0.76,-0.29,1937.51,1934.66,153,154,0.0,85.7,1,1,CROSS=EMA9>EMA21;TREND=1;STRUCT=1;VOL=1;COOL=1;EMA50=1;VWAP=1;BIAS=1,0.00,0.00,27697.00,27697.00,outside the killzone window
1244,2023.07.12 15:36:00,2023.07.12 18:06:00,SKIP,XAUUSD,M3,400,FLAT,NA,EVENING,0,0.00,0.00,0.00,0.00,1.00,0.00,0.00,0.00,0.00,0.00,0.00,0.00,0.00,0.00,0.00,0.00,0.00,0.00,1935.56,1935.47,1935.60,1935.12,1935.26,-0.079,1.62,29.28,88.46,84.43,1.56,0.20,1.36,1936.56,1946.18,648,226,100.0,0.0,2,1,CROSS=EMA9>EMA21;TREND=1;STRUCT=1;VOL=1;COOL=1;EMA50=1;VWAP=1;BIAS=1,0.00,0.00,27697.00,27697.00,already positioned that way
1245,2023.07.13 01:02:00,2023.07.13 03:32:00,DAY_SUMMARY,XAUUSD,M3,400,FLAT,NA,DAY,0,0.00,0.00,0.00,0.00,1.00,0.00,0.00,0.00,0.00,0.00,0.00,0.00,0.00,0.00,0.00,0.00,5.06,661.49,1957.80,1956.63,1952.81,1957.82,1956.61,13.652,0.28,23.84,37.49,43.03,-0.12,-0.03,-0.09,1945.99,1957.35,41,68,28.6,42.9,9,1,CROSS=EMA9>EMA21;TREND=1;STRUCT=1;VOL=1;COOL=1;EMA50=1;VWAP=1;BIAS=1,0.00,0.00,27697.00,27697.00,2023.07.12 trades=1 W=1 L=0 gross_profit=661.49 gross_loss=0.00 net=661.49 PF=0.00
1246,2023.07.13 08:33:00,2023.07.13 11:03:00,SKIP,XAUUSD,M3,400,FLAT,NA,DAY,0,0.00,0.00,0.00,0.00,1.00,0.00,0.00,0.00,0.00,0.00,0.00,0.00,0.00,0.00,0.00,0.00,0.00,0.00,1958.94,1958.96,1957.60,1959.00,1958.99,1.404,0.96,33.31,41.83,38.08,-0.84,-0.96,0.12,1958.77,1957.41,218,154,28.6,71.4,3,1,CROSS=EMA9>EMA21;TREND=1;STRUCT=1;VOL=1;COOL=1;EMA50=1;VWAP=1;BIAS=1,0.00,0.00,27697.00,27697.00,outside the killzone window
1247,2023.07.13 09:36:00,2023.07.13 12:06:00,SKIP,XAUUSD,M3,400,FLAT,NA,DAY,0,0.00,0.00,0.00,0.00,1.00,0.00,0.00,0.00,0.00,0.00,0.00,0.00,0.00,0.00,0.00,0.00,0.00,0.00,1958.95,1958.88,1957.80,1958.80,1958.81,0.926,1.17,33.34,70.28,64.61,1.03,0.32,0.72,1958.73,1962.58,176,209,85.7,0.0,8,1,CROSS=EMA9>EMA21;TREND=1;STRUCT=1;VOL=1;COOL=1;EMA50=1;VWAP=1;BIAS=1,0.00,0.00,27697.00,27697.00,outside the killzone window
1248,2023.07.13 13:30:00,2023.07.13 16:00:00,ENTRY,XAUUSD,M3,402,SELL,FULLTGT,EVENING,0,1958.23,1959.18,1959.18,0.95,1.00,0.95,1957.28,1956.32,1955.37,1954.42,1953.47,1.45,1.45,1.45,1958.23,0.00,0.00,0.00,1960.20,1960.22,1959.41,1960.29,1960.26,1.716,0.48,62.53,23.10,31.23,-0.40,-0.22,-0.17,1959.59,1958.24,163,124,0.0,100.0,1,1,CROSS=EMA9<EMA21;TREND=1;STRUCT=1;VOL=1;COOL=1;EMA50=1;VWAP=1;BIAS=1,0.00,0.00,27691.92,27690.47,KZ=NY; KZR=Asia H @ 1961.70 116 bars ago (high taken); EVENING 4PM-12AM IST session: stop x1.00 of usual; no partials; full size to TP5; SL steps BE->TP1->TP2->TP3
1249,2023.07.13 13:38:24,2023.07.13 16:08:24,EXIT_SL,XAUUSD,M3,402,SELL,FULLTGT,EVENING,0,1958.23,1959.18,1959.18,0.95,1.00,0.95,1957.28,1956.32,1955.37,1954.42,1953.47,1.45,1.45,0.00,1959.18,0.00,-1.00,-147.91,1960.09,1960.16,1959.39,1960.15,1960.19,1.511,0.51,65.67,33.68,36.00,-0.45,-0.28,-0.17,1959.58,1958.73,131,127,14.3,85.7,4,1,CROSS=EMA9<EMA21;TREND=1;STRUCT=1;VOL=1;COOL=1;EMA50=1;VWAP=1;BIAS=1,0.00,-0.98,27549.09,27549.09,stopped at the initial SL (x1.00 of usual)
1250,2023.07.13 17:54:00,2023.07.13 20:24:00,SKIP,XAUUSD,M3,402,FLAT,NA,EVENING,0,0.00,0.00,0.00,0.00,1.00,0.00,0.00,0.00,0.00,0.00,0.00,0.00,0.00,0.00,0.00,0.00,0.00,0.00,1959.42,1959.41,1959.28,1959.34,1959.37,0.098,1.30,18.15,59.57,53.16,0.43,0.21,0.23,1959.25,1961.49,288,346,71.4,0.0,3,1,CROSS=EMA9<EMA21;TREND=1;STRUCT=1;VOL=1;COOL=1;EMA50=1;VWAP=1;BIAS=1,0.00,0.00,27549.09,27549.09,outside the killzone window
1251,2023.07.13 19:00:00,2023.07.13 21:30:00,SKIP,XAUUSD,M3,402,FLAT,NA,EVENING,0,0.00,0.00,0.00,0.00,1.00,0.00,0.00,0.00,0.00,0.00,0.00,0.00,0.00,0.00,0.00,0.00,0.00,0.00,1959.35,1959.43,1959.34,1959.53,1959.52,0.099,0.98,45.73,25.59,32.74,-0.94,-0.14,-0.80,1959.28,1955.02,316,259,0.0,100.0,2,1,CROSS=EMA9<EMA21;TREND=1;STRUCT=1;VOL=1;COOL=1;EMA50=1;VWAP=1;BIAS=1,0.00,0.00,27549.09,27549.09,outside the killzone window
1252,2023.07.13 21:09:00,2023.07.13 23:39:00,SKIP,XAUUSD,M3,402,FLAT,NA,EVENING,0,0.00,0.00,0.00,0.00,1.00,0.00,0.00,0.00,0.00,0.00,0.00,0.00,0.00,0.00,0.00,0.00,0.00,0.00,1959.18,1959.16,1959.17,1959.12,1959.13,-0.016,0.74,51.46,61.20,58.50,0.47,0.32,0.16,1959.20,1960.54,190,168,85.7,14.3,5,1,CROSS=EMA9<EMA21;TREND=1;STRUCT=1;VOL=1;COOL=1;EMA50=1;VWAP=1;BIAS=1,0.00,0.00,27549.09,27549.09,outside the killzone window
1253,2023.07.14 01:02:00,2023.07.14 03:32:00,DAY_SUMMARY,XAUUSD,M3,402,FLAT,NA,DAY,0,0.00,0.00,0.00,0.00,1.00,0.00,0.00,0.00,0.00,0.00,0.00,0.00,0.00,0.00,0.00,0.00,-1.00,-147.91,1960.06,1959.80,1959.56,1960.05,1959.79,1.061,0.23,19.26,54.78,55.07,0.10,0.09,0.01,1959.26,1960.39,31,63,71.4,0.0,42,1,CROSS=EMA9<EMA21;TREND=1;STRUCT=1;VOL=1;COOL=1;EMA50=1;VWAP=1;BIAS=1,0.00,0.00,27549.09,27549.09,2023.07.13 trades=1 W=0 L=1 gross_profit=0.00 gross_loss=147.91 net=-147.91 PF=0.00
1254,2023.07.14 03:48:00,2023.07.14 06:18:00,SKIP,XAUUSD,M3,402,FLAT,NA,DAY,0,0.00,0.00,0.00,0.00,1.00,0.00,0.00,0.00,0.00,0.00,0.00,0.00,0.00,0.00,0.00,0.00,0.00,0.00,1960.06,1960.08,1959.87,1960.13,1960.11,0.400,0.52,37.92,29.82,36.34,-0.42,-0.31,-0.11,1960.22,1958.39,99,111,0.0,85.7,2,1,CROSS=EMA9<EMA21;TREND=1;STRUCT=1;VOL=1;COOL=1;EMA50=1;VWAP=1;BIAS=1,0.00,0.00,27549.09,27549.09,already positioned that way
1255,2023.07.14 04:45:00,2023.07.14 07:15:00,ENTRY,XAUUSD,M3,404,BUY,FULLTGT,DAY,0,1961.95,1960.20,1960.20,1.75,1.00,1.75,1963.70,1965.46,1967.21,1968.96,1970.71,0.78,0.78,0.78,1961.95,0.00,0.00,0.00,1960.03,1960.02,1959.86,1959.95,1959.98,0.176,0.88,39.48,69.74,68.56,0.47,0.09,0.38,1960.09,1961.93,218,192,100.0,0.0,4,1,CROSS=EMA9>EMA21;TREND=1;STRUCT=1;VOL=1;COOL=1;EMA50=1;VWAP=1;BIAS=1,0.00,0.00,27546.36,27543.24,KZ=ASIA; KZR=Asia H @ 1961.70 421 bars ago (high taken); DAY 12AM-4PM IST session: stop x1.00 of usual; no partials; full size to TP5; SL steps BE->TP1->TP2->TP3
1256,2023.07.14 05:03:34,2023.07.14 07:33:34,TP1_REACHED,XAUUSD,M3,404,BUY,FULLTGT,DAY,0,1961.95,1960.20,1960.20,1.75,1.00,1.75,1963.70,1965.46,1967.21,1968.96,1970.71,0.78,0.00,0.78,1963.70,1.00,1.00,0.00,1960.62,1960.33,1960.03,1960.52,1960.27,0.351,0.85,57.22,73.91,73.75,0.91,0.64,0.27,1960.48,1963.16,178,216,85.7,0.0,6,1,CROSS=EMA9>EMA21;TREND=1;STRUCT=1;VOL=1;COOL=1;EMA50=1;VWAP=1;BIAS=1,0.99,-0.03,27546.36,27685.20,full target: no partial booked
1257,2023.07.14 08:00:04,2023.07.14 10:30:04,EXIT_SL,XAUUSD,M3,404,BUY,FULLTGT,DAY,0,1961.95,1960.20,1960.20,1.75,1.00,1.75,1963.70,1965.46,1967.21,1968.96,1970.71,0.78,0.78,0.00,1960.19,0.00,-1.00,-142.74,1961.51,1961.34,1960.86,1961.55,1961.36,1.020,0.47,27.68,36.23,37.97,-0.33,-0.34,0.01,1961.20,1960.42,99,98,28.6,71.4,6,1,CROSS=EMA9>EMA21;TREND=1;STRUCT=1;VOL=1;COOL=1;EMA50=1;VWAP=1;BIAS=1,1.04,-0.97,27406.35,27406.35,stopped at the initial SL (x1.00 of usual)
1258,2023.07.14 08:30:00,2023.07.14 11:00:00,SKIP,XAUUSD,M3,404,FLAT,NA,DAY,0,0.00,0.00,0.00,0.00,1.00,0.00,0.00,0.00,0.00,0.00,0.00,0.00,0.00,0.00,0.00,0.00,0.00,0.00,1961.19,1961.20,1960.83,1961.21,1961.21,0.669,0.55,20.57,45.03,43.13,-0.29,-0.30,0.01,1961.15,1960.54,79,104,14.3,57.1,1,1,CROSS=EMA9>EMA21;TREND=1;STRUCT=1;VOL=1;COOL=1;EMA50=1;VWAP=1;BIAS=1,0.00,0.00,27406.35,27406.35,outside the killzone window
1259,2023.07.14 14:54:00,2023.07.14 17:24:00,SKIP,XAUUSD,M3,404,FLAT,NA,EVENING,0,0.00,0.00,0.00,0.00,1.00,0.00,0.00,0.00,0.00,0.00,0.00,0.00,0.00,0.00,0.00,0.00,0.00,0.00,1957.51,1957.49,1958.14,1957.45,1957.46,-0.937,0.69,26.45,61.56,63.08,0.66,0.72,-0.06,1959.00,1958.99,149,138,71.4,28.6,3,1,CROSS=EMA9>EMA21;TREND=1;STRUCT=1;VOL=1;COOL=1;EMA50=1;VWAP=0;BIAS=1,0.00,0.00,27406.35,27406.35,already positioned that way
1260,2023.07.14 16:24:00,2023.07.14 18:54:00,ENTRY,XAUUSD,M3,406,SELL,FULLTGT,EVENING,0,1955.99,1958.76,1958.76,2.77,1.00,2.77,1953.22,1950.45,1947.68,1944.90,1942.13,0.49,0.49,0.49,1955.99,0.00,0.00,0.00,1957.77,1957.79,1958.18,1957.84,1957.83,-0.280,1.39,27.85,40.65,42.31,-0.87,-0.72,-0.15,1958.89,1955.98,227,308,0.0,85.7,1,1,CROSS=EMA9<EMA21;TREND=1;STRUCT=1;VOL=1;COOL=1;EMA50=1;VWAP=1;BIAS=1,0.00,0.00,27404.63,27404.14,KZ=NY; KZR=NY H @ 1963.58 226 bars ago (high taken); EVENING 4PM-12AM IST session: stop x1.00 of usual; no partials; full size to TP5; SL steps BE->TP1->TP2->TP3
1261,2023.07.14 16:45:16,2023.07.14 19:15:16,EXIT_SL,XAUUSD,M3,406,SELL,FULLTGT,EVENING,0,1955.99,1958.76,1958.76,2.77,1.00,2.77,1953.22,1950.45,1947.68,1944.90,1942.13,0.49,0.49,0.00,1958.77,0.00,-1.00,-139.66,1957.59,1957.69,1958.10,1957.56,1957.68,-0.257,1.59,19.88,56.16,54.17,-0.31,-0.66,0.35,1958.79,1958.36,436,321,57.1,28.6,3,1,CROSS=EMA9<EMA21;TREND=1;STRUCT=1;VOL=1;COOL=1;EMA50=1;VWAP=1;BIAS=1,0.29,-1.00,27266.69,27266.69,stopped at the initial SL (x1.00 of usual)
1262,2023.07.14 16:54:00,2023.07.14 19:24:00,ENTRY,XAUUSD,M3,408,BUY,FULLTGT,EVENING,0,1960.08,1956.95,1956.95,3.13,1.00,3.13,1963.21,1966.34,1969.47,1972.61,1975.74,0.43,0.43,0.43,1960.08,0.00,0.00,0.00,1957.84,1957.82,1958.15,1957.76,1957.77,-0.215,1.57,30.10,63.42,61.40,0.29,-0.33,0.62,1958.81,1959.98,438,343,100.0,0.0,2,1,CROSS=EMA9>EMA21;TREND=1;STRUCT=1;VOL=1;COOL=1;EMA50=1;VWAP=1;BIAS=1,0.00,0.00,27265.18,27264.32,KZ=NY; KZR=NY H @ 1963.58 236 bars ago (high taken); EVENING 4PM-12AM IST session: stop x1.00 of usual; no partials; full size to TP5; SL steps BE->TP1->TP2->TP3
1263,2023.07.14 17:00:20,2023.07.14 19:30:20,EXIT_SL,XAUUSD,M3,408,BUY,FULLTGT,EVENING,0,1960.08,1956.95,1956.95,3.13,1.00,3.13,1963.21,1966.34,1969.47,1972.61,1975.74,0.43,0.43,0.00,1956.91,0.00,-1.01,-139.33,1958.00,1957.90,1958.19,1957.92,1957.85,-0.195,1.49,37.54,63.12,60.97,0.50,-0.07,0.57,1958.82,1960.06,317,351,85.7,0.0,10,1,CROSS=EMA9>EMA21;TREND=1;STRUCT=1;VOL=1;COOL=1;EMA50=1;VWAP=1;BIAS=1,0.19,-1.00,27127.36,27127.36,stopped at the initial SL (x1.00 of usual)
1264,2023.07.14 17:06:00,2023.07.14 19:36:00,SKIP,XAUUSD,M3,408,FLAT,NA,EVENING,0,0.00,0.00,0.00,0.00,1.00,0.00,0.00,0.00,0.00,0.00,0.00,0.00,0.00,0.00,0.00,0.00,0.00,0.00,1957.74,1957.77,1958.12,1957.91,1957.85,-0.156,2.22,31.05,33.37,35.68,-0.15,0.06,-0.21,1958.72,1953.60,584,374,0.0,100.0,5,1,CROSS=EMA9>EMA21;TREND=1;STRUCT=1;VOL=1;COOL=1;EMA50=1;VWAP=1;BIAS=1,0.00,0.00,27127.36,27127.36,outside the killzone window
1265,2023.07.14 18:15:00,2023.07.14 20:45:00,SKIP,XAUUSD,M3,408,FLAT,NA,EVENING,0,0.00,0.00,0.00,0.00,1.00,0.00,0.00,0.00,0.00,0.00,0.00,0.00,0.00,0.00,0.00,0.00,0.00,0.00,1957.53,1957.51,1957.87,1957.46,1957.47,-0.207,1.72,40.80,56.87,56.91,0.95,0.78,0.17,1958.33,1959.34,287,410,85.7,0.0,1,1,CROSS=EMA9>EMA21;TREND=1;STRUCT=1;VOL=1;COOL=1;EMA50=1;VWAP=1;BIAS=1,0.00,0.00,27127.36,27127.36,outside the killzone window
1266,2023.07.14 22:45:00,2023.07.15 01:15:00,SKIP,XAUUSD,M3,408,FLAT,NA,DAY,0,0.00,0.00,0.00,0.00,1.00,0.00,0.00,0.00,0.00,0.00,0.00,0.00,0.00,0.00,0.00,0.00,0.00,0.00,1958.64,1958.65,1958.50,1958.78,1958.72,0.272,0.58,75.75,18.76,20.59,-0.97,-0.67,-0.30,1958.43,1955.21,149,136,0.0,100.0,5,1,CROSS=EMA9>EMA21;TREND=1;STRUCT=1;VOL=1;COOL=1;EMA50=1;VWAP=1;BIAS=1,0.00,0.00,27127.36,27127.36,outside the killzone window
1267,2023.07.17 01:02:00,2023.07.17 03:32:00,DAY_SUMMARY,XAUUSD,M3,408,FLAT,NA,DAY,0,0.00,0.00,0.00,0.00,1.00,0.00,0.00,0.00,0.00,0.00,0.00,0.00,0.00,0.00,0.00,0.00,-3.02,-421.73,1956.49,1957.31,1957.78,1956.53,1957.35,-1.112,0.42,25.97,46.58,38.82,-0.35,-0.51,0.16,1958.33,1955.45,108,74,14.3,85.7,15,1,CROSS=EMA9>EMA21;TREND=1;STRUCT=1;VOL=1;COOL=1;EMA50=1;VWAP=1;BIAS=1,0.00,0.00,27127.36,27127.36,2023.07.14 trades=3 W=0 L=3 gross_profit=0.00 gross_loss=421.73 net=-421.73 PF=0.00
1268,2023.07.17 01:02:00,2023.07.17 03:32:00,WEEK_SUMMARY,XAUUSD,M3,408,FLAT,NA,DAY,0,0.00,0.00,0.00,0.00,1.00,0.00,0.00,0.00,0.00,0.00,0.00,0.00,0.00,0.00,0.00,0.00,0.03,-54.31,1956.49,1957.31,1957.78,1956.53,1957.35,-1.112,0.42,25.97,46.58,38.82,-0.35,-0.51,0.16,1958.33,1955.45,108,74,14.3,85.7,15,1,CROSS=EMA9>EMA21;TREND=1;STRUCT=1;VOL=1;COOL=1;EMA50=1;VWAP=1;BIAS=1,0.00,0.00,27127.36,27127.36,days=4 trades=6 W=1 L=5 gross_profit=661.49 gross_loss=715.80 net=-54.31 PF=0.92 pips=-768.0
1269,2023.07.17 08:33:00,2023.07.17 11:03:00,SKIP,XAUUSD,M3,408,FLAT,NA,DAY,0,0.00,0.00,0.00,0.00,1.00,0.00,0.00,0.00,0.00,0.00,0.00,0.00,0.00,0.00,0.00,0.00,0.00,0.00,1953.40,1953.39,1954.17,1953.32,1953.35,-1.339,0.59,58.89,71.30,72.53,0.72,0.56,0.16,1953.29,1955.27,220,93,85.7,14.3,10,1,CROSS=EMA9>EMA21;TREND=1;STRUCT=1;VOL=1;COOL=1;EMA50=1;VWAP=1;BIAS=1,0.00,0.00,27127.36,27127.36,outside the killzone window
1270,2023.07.17 10:24:00,2023.07.17 12:54:00,SKIP,XAUUSD,M3,408,FLAT,NA,DAY,0,0.00,0.00,0.00,0.00,1.00,0.00,0.00,0.00,0.00,0.00,0.00,0.00,0.00,0.00,0.00,0.00,0.00,0.00,1953.58,1953.61,1954.10,1953.67,1953.66,-0.475,1.02,28.41,33.47,38.01,-0.53,-0.31,-0.22,1953.49,1951.24,228,180,0.0,100.0,3,1,CROSS=EMA9>EMA21;TREND=1;STRUCT=1;VOL=1;COOL=1;EMA50=1;VWAP=1;BIAS=1,0.00,0.00,27127.36,27127.36,outside the killzone window
1271,2023.07.17 11:33:00,2023.07.17 14:03:00,SKIP,XAUUSD,M3,408,FLAT,NA,DAY,0,0.00,0.00,0.00,0.00,1.00,0.00,0.00,0.00,0.00,0.00,0.00,0.00,0.00,0.00,0.00,0.00,0.00,0.00,1953.56,1953.52,1953.92,1953.42,1953.45,-0.463,0.88,56.77,73.81,66.58,0.88,0.28,0.60,1953.48,1956.96,217,183,100.0,0.0,2,1,CROSS=EMA9>EMA21;TREND=1;STRUCT=1;VOL=1;COOL=1;EMA50=1;VWAP=1;BIAS=1,0.00,0.00,27127.36,27127.36,outside the killzone window
1272,2023.07.17 15:51:00,2023.07.17 18:21:00,ENTRY,XAUUSD,M3,410,SELL,FULLTGT,EVENING,0,1949.25,1953.49,1953.49,4.24,1.00,4.24,1945.01,1940.77,1936.53,1932.28,1928.04,0.31,0.31,0.31,1949.25,0.00,0.00,0.00,1955.85,1955.94,1955.50,1956.12,1956.07,0.205,2.12,37.57,24.96,25.44,-1.87,-1.02,-0.85,1954.58,1949.27,368,292,14.3,85.7,1,1,CROSS=EMA9<EMA21;TREND=1;STRUCT=1;VOL=1;COOL=1;EMA50=1;VWAP=1;BIAS=1,0.00,0.00,27126.27,27125.96,KZ=NY; KZR=NY H @ 1963.58 1655 bars ago (high taken); EVENING 4PM-12AM IST session: stop x1.00 of usual; no partials; full size to TP5; SL steps BE->TP1->TP2->TP3
1273,2023.07.17 17:13:36,2023.07.17 19:43:36,EXIT_SL,XAUUSD,M3,410,SELL,FULLTGT,EVENING,0,1949.25,1953.49,1953.49,4.24,1.00,4.24,1945.01,1940.77,1936.53,1932.28,1928.04,0.31,0.31,0.00,1953.49,0.00,-1.00,-133.62,1951.54,1953.13,1954.00,1951.49,1953.14,-0.497,1.75,34.32,61.63,49.02,-0.02,-0.89,0.87,1953.51,1952.67,333,360,42.9,42.9,2,1,CROSS=EMA9<EMA21;TREND=1;STRUCT=1;VOL=1;COOL=1;EMA50=1;VWAP=1;BIAS=1,0.82,-0.99,26993.74,26993.74,stopped at the initial SL (x1.00 of usual)
1274,2023.07.17 19:30:00,2023.07.17 22:00:00,SKIP,XAUUSD,M3,410,FLAT,NA,EVENING,0,0.00,0.00,0.00,0.00,1.00,0.00,0.00,0.00,0.00,0.00,0.00,0.00,0.00,0.00,0.00,0.00,0.00,0.00,1953.44,1953.41,1953.81,1953.37,1953.37,-0.667,0.61,26.79,61.24,61.24,0.54,0.63,-0.08,1953.46,1955.08,120,174,71.4,14.3,2,1,CROSS=EMA9<EMA21;TREND=1;STRUCT=1;VOL=1;COOL=1;EMA50=1;VWAP=1;BIAS=1,0.00,0.00,26993.74,26993.74,outside the killzone window
1275,2023.07.18 01:02:00,2023.07.18 03:32:00,DAY_SUMMARY,XAUUSD,M3,410,FLAT,NA,DAY,0,0.00,0.00,0.00,0.00,1.00,0.00,0.00,0.00,0.00,0.00,0.00,0.00,0.00,0.00,0.00,0.00,-1.00,-133.62,1955.00,1954.78,1954.53,1955.00,1954.78,1.025,0.24,12.14,48.49,48.13,-0.06,-0.11,0.05,1953.64,1954.92,51,45,57.1,28.6,25,1,CROSS=EMA9<EMA21;TREND=1;STRUCT=1;VOL=1;COOL=1;EMA50=1;VWAP=1;BIAS=1,0.00,0.00,26993.74,26993.74,2023.07.17 trades=1 W=0 L=1 gross_profit=0.00 gross_loss=133.62 net=-133.62 PF=0.00
1276,2023.07.19 04:57:00,2023.07.19 07:27:00,SKIP,XAUUSD,M3,410,FLAT,NA,DAY,0,0.00,0.00,0.00,0.00,1.00,0.00,0.00,0.00,0.00,0.00,0.00,0.00,0.00,0.00,0.00,0.00,0.00,0.00,1977.63,1977.64,1976.29,1977.67,1977.66,1.796,0.75,12.88,43.03,44.29,-0.22,-0.12,-0.09,1977.68,1976.75,196,177,0.0,85.7,1,1,CROSS=EMA9<EMA21;TREND=1;STRUCT=1;VOL=1;COOL=1;EMA50=1;VWAP=1;BIAS=1,0.00,0.00,26993.74,26993.74,already positioned that way
1277,2023.07.19 09:12:00,2023.07.19 11:42:00,SKIP,XAUUSD,M3,410,FLAT,NA,DAY,0,0.00,0.00,0.00,0.00,1.00,0.00,0.00,0.00,0.00,0.00,0.00,0.00,0.00,0.00,0.00,0.00,0.00,0.00,1976.46,1976.42,1976.15,1976.34,1976.36,0.329,0.83,56.43,75.31,80.28,1.04,0.65,0.39,1976.89,1979.55,313,170,85.7,14.3,11,1,CROSS=EMA9<EMA21;TREND=1;STRUCT=1;VOL=1;COOL=1;EMA50=1;VWAP=1;BIAS=1,0.00,0.00,26993.74,26993.74,outside the killzone window
1278,2023.07.19 09:39:00,2023.07.19 12:09:00,SKIP,XAUUSD,M3,410,FLAT,NA,DAY,0,0.00,0.00,0.00,0.00,1.00,0.00,0.00,0.00,0.00,0.00,0.00,0.00,0.00,0.00,0.00,0.00,0.00,0.00,1976.34,1976.37,1976.15,1976.42,1976.41,0.221,1.01,34.29,32.97,41.23,-0.29,0.39,-0.69,1976.84,1974.42,236,237,0.0,85.7,1,1,CROSS=EMA9<EMA21;TREND=1;STRUCT=1;VOL=1;COOL=1;EMA50=1;VWAP=1;BIAS=1,0.00,0.00,26993.74,26993.74,outside the killzone window
1279,2023.07.19 10:15:00,2023.07.19 12:45:00,SKIP,XAUUSD,M3,410,FLAT,NA,DAY,0,0.00,0.00,0.00,0.00,1.00,0.00,0.00,0.00,0.00,0.00,0.00,0.00,0.00,0.00,0.00,0.00,0.00,0.00,1976.45,1976.40,1976.18,1976.32,1976.33,0.235,0.93,43.81,70.42,64.88,0.54,-0.12,0.67,1976.76,1979.76,236,238,85.7,0.0,1,1,CROSS=EMA9<EMA21;TREND=1;STRUCT=1;VOL=1;COOL=1;EMA50=1;VWAP=1;BIAS=1,0.00,0.00,26993.74,26993.74,outside the killzone window
1280,2023.07.19 13:45:00,2023.07.19 16:15:00,SKIP,XAUUSD,M3,410,FLAT,NA,EVENING,0,0.00,0.00,0.00,0.00,1.00,0.00,0.00,0.00,0.00,0.00,0.00,0.00,0.00,0.00,0.00,0.00,0.00,0.00,1977.34,1977.37,1977.02,1977.43,1977.41,0.493,0.71,32.13,32.72,35.43,-0.54,-0.30,-0.24,1977.20,1975.06,151,131,0.0,100.0,2,1,CROSS=EMA9<EMA21;TREND=1;STRUCT=1;VOL=1;COOL=1;EMA50=1;VWAP=1;BIAS=1,0.00,0.00,26993.74,26993.74,already positioned that way
1281,2023.07.19 16:18:00,2023.07.19 18:48:00,ENTRY,XAUUSD,M3,412,BUY,FULLTGT,EVENING,0,1977.71,1975.16,1975.16,2.55,1.00,2.55,1980.26,1982.80,1985.35,1987.89,1990.44,0.53,0.53,0.53,1977.71,0.00,0.00,0.00,1976.36,1976.36,1976.44,1976.31,1976.33,-0.063,1.27,21.43,57.23,56.27,0.53,0.68,-0.16,1976.85,1977.70,233,302,57.1,14.3,3,1,CROSS=EMA9>EMA21;TREND=1;STRUCT=1;VOL=1;COOL=1;EMA50=1;VWAP=1;BIAS=1,0.00,0.00,26991.88,26990.29,KZ=NY; KZR=Asia H @ 1979.17 145 bars ago (high taken); EVENING 4PM-12AM IST session: stop x1.00 of usual; no partials; full size to TP5; SL steps BE->TP1->TP2->TP3
1282,2023.07.19 17:11:18,2023.07.19 19:41:18,EXIT_SL,XAUUSD,M3,412,BUY,FULLTGT,EVENING,0,1977.71,1975.16,1975.16,2.55,1.00,2.55,1980.26,1982.80,1985.35,1987.89,1990.44,0.53,0.53,0.00,1975.15,0.00,-1.01,-139.40,1976.96,1976.71,1976.62,1976.96,1976.70,0.063,1.49,13.79,47.72,46.22,0.16,0.39,-0.23,1976.94,1976.95,313,301,28.6,57.1,1,1,CROSS=EMA9>EMA21;TREND=1;STRUCT=1;VOL=1;COOL=1;EMA50=1;VWAP=1;BIAS=1,0.84,-0.99,26854.34,26854.34,stopped at the initial SL (x1.00 of usual)
1283,2023.07.19 17:24:00,2023.07.19 19:54:00,SKIP,XAUUSD,M3,412,FLAT,NA,EVENING,0,0.00,0.00,0.00,0.00,1.00,0.00,0.00,0.00,0.00,0.00,0.00,0.00,0.00,0.00,0.00,0.00,0.00,0.00,1976.42,1976.45,1976.49,1976.55,1976.51,-0.025,1.56,26.49,34.49,36.01,-0.82,-0.14,-0.68,1976.85,1973.10,303,327,0.0,85.7,1,1,CROSS=EMA9>EMA21;TREND=1;STRUCT=1;VOL=1;COOL=1;EMA50=1;VWAP=1;BIAS=1,0.00,0.00,26854.34,26854.34,outside the killzone window
1284,2023.07.19 20:09:00,2023.07.19 22:39:00,SKIP,XAUUSD,M3,412,FLAT,NA,EVENING,0,0.00,0.00,0.00,0.00,1.00,0.00,0.00,0.00,0.00,0.00,0.00,0.00,0.00,0.00,0.00,0.00,0.00,0.00,1975.58,1975.54,1975.82,1975.44,1975.48,-0.441,0.62,58.75,73.66,62.51,1.02,0.77,0.25,1976.38,1978.91,174,175,85.7,0.0,3,1,CROSS=EMA9>EMA21;TREND=1;STRUCT=1;VOL=1;COOL=1;EMA50=1;VWAP=1;BIAS=1,0.00,0.00,26854.34,26854.34,outside the killzone window
1285,2023.07.20 01:02:00,2023.07.20 03:32:00,DAY_SUMMARY,XAUUSD,M3,412,FLAT,NA,DAY,0,0.00,0.00,0.00,0.00,1.00,0.00,0.00,0.00,0.00,0.00,0.00,0.00,0.00,0.00,0.00,0.00,-1.01,-139.40,1977.44,1977.15,1976.78,1977.46,1977.16,1.583,0.24,42.59,39.12,43.55,-0.24,-0.22,-0.02,1976.52,1976.97,30,50,28.6,57.1,9,1,CROSS=EMA9>EMA21;TREND=1;STRUCT=1;VOL=1;COOL=1;EMA50=1;VWAP=1;BIAS=1,0.00,0.00,26854.34,26854.34,2023.07.19 trades=1 W=0 L=1 gross_profit=0.00 gross_loss=139.40 net=-139.40 PF=0.00
1286,2023.07.20 09:18:00,2023.07.20 11:48:00,SKIP,XAUUSD,M3,412,FLAT,NA,DAY,0,0.00,0.00,0.00,0.00,1.00,0.00,0.00,0.00,0.00,0.00,0.00,0.00,0.00,0.00,0.00,0.00,0.00,0.00,1982.88,1982.93,1981.63,1983.02,1983.00,1.535,0.85,56.46,25.03,27.58,-1.12,-1.01,-0.11,1982.64,1979.45,240,191,0.0,100.0,4,1,CROSS=EMA9>EMA21;TREND=1;STRUCT=1;VOL=1;COOL=1;EMA50=1;VWAP=1;BIAS=1,0.00,0.00,26854.34,26854.34,outside the killzone window
1287,2023.07.20 13:27:00,2023.07.20 15:57:00,SKIP,XAUUSD,M3,412,FLAT,NA,DAY,0,0.00,0.00,0.00,0.00,1.00,0.00,0.00,0.00,0.00,0.00,0.00,0.00,0.00,0.00,0.00,0.00,0.00,0.00,1981.82,1981.81,1981.51,1981.78,1981.79,0.539,0.56,34.36,60.39,59.62,0.36,0.19,0.16,1982.05,1982.83,116,121,85.7,0.0,1,1,CROSS=EMA9>EMA21;TREND=1;STRUCT=1;VOL=1;COOL=1;EMA50=1;VWAP=1;BIAS=1,0.00,0.00,26854.34,26854.34,already positioned that way
1288,2023.07.20 13:57:00,2023.07.20 16:27:00,ENTRY,XAUUSD,M3,414,SELL,FULLTGT,EVENING,0,1980.45,1981.62,1981.62,1.17,1.00,1.17,1979.28,1978.12,1976.95,1975.79,1974.62,1.15,1.15,1.15,1980.45,0.00,0.00,0.00,1981.81,1981.82,1981.54,1981.87,1981.84,0.466,0.58,31.67,35.74,38.70,-0.19,0.14,-0.33,1982.04,1980.43,162,130,0.0,100.0,2,1,CROSS=EMA9<EMA21;TREND=1;STRUCT=1;VOL=1;COOL=1;EMA50=1;VWAP=1;BIAS=1,0.00,0.00,26850.31,26848.01,KZ=NY; KZR=NY H @ 1979.85 198 bars ago (high taken); EVENING 4PM-12AM IST session: stop x1.00 of usual; no partials; full size to TP5; SL steps BE->TP1->TP2->TP3
1289,2023.07.20 14:10:35,2023.07.20 16:40:35,EXIT_SL,XAUUSD,M3,414,SELL,FULLTGT,EVENING,0,1980.45,1981.62,1981.62,1.17,1.00,1.17,1979.28,1978.12,1976.95,1975.79,1974.62,1.15,1.15,0.00,1981.63,0.00,-1.01,-143.76,1981.68,1981.75,1981.52,1981.69,1981.76,0.356,0.64,31.80,45.76,46.72,-0.30,-0.12,-0.18,1982.02,1981.25,137,137,0.0,85.7,2,1,CROSS=EMA9<EMA21;TREND=1;STRUCT=1;VOL=1;COOL=1;EMA50=1;VWAP=1;BIAS=1,0.23,-0.99,26710.58,26710.58,stopped at the initial SL (x1.00 of usual)
1290,2023.07.21 01:02:00,2023.07.21 03:32:00,DAY_SUMMARY,XAUUSD,M3,414,FLAT,NA,DAY,0,0.00,0.00,0.00,0.00,1.00,0.00,0.00,0.00,0.00,0.00,0.00,0.00,0.00,0.00,0.00,0.00,-1.01,-143.76,1969.70,1970.19,1972.13,1969.71,1970.20,-8.855,0.22,14.34,47.92,47.95,-0.06,-0.12,0.06,1977.12,1969.50,20,39,14.3,57.1,7,1,CROSS=EMA9<EMA21;TREND=1;STRUCT=1;VOL=1;COOL=1;EMA50=1;VWAP=1;BIAS=1,0.00,0.00,26710.58,26710.58,2023.07.20 trades=1 W=0 L=1 gross_profit=0.00 gross_loss=143.76 net=-143.76 PF=0.00
1291,2023.07.21 02:15:00,2023.07.21 04:45:00,ENTRY,XAUUSD,M3,416,BUY,FULLTGT,DAY,0,1971.73,1971.16,1971.16,0.57,1.00,0.57,1972.30,1972.87,1973.44,1974.01,1974.58,2.34,2.34,2.34,1971.73,0.00,0.00,0.00,1970.42,1970.42,1971.82,1970.37,1970.40,-4.910,0.28,51.84,68.63,69.50,0.43,0.30,0.13,1970.79,1971.72,28,35,85.7,0.0,1,1,CROSS=EMA9>EMA21;TREND=1;STRUCT=1;VOL=1;COOL=1;EMA50=1;VWAP=1;BIAS=1,0.00,0.00,26702.39,26700.05,KZ=ASIA; KZR=NY H @ 1979.85 444 bars ago (high taken); DAY 12AM-4PM IST session: stop x1.00 of usual; no partials; full size to TP5; SL steps BE->TP1->TP2->TP3
1292,2023.07.21 02:33:29,2023.07.21 05:03:29,TP1_REACHED,XAUUSD,M3,416,BUY,FULLTGT,DAY,0,1971.73,1971.16,1971.16,0.57,1.00,0.57,1972.30,1972.87,1973.44,1974.01,1974.58,2.34,0.00,2.34,1972.30,1.00,1.00,0.00,1970.72,1970.58,1971.82,1970.67,1970.55,-4.171,0.30,37.80,69.92,68.60,0.44,0.43,0.00,1971.02,1971.97,70,38,100.0,0.0,1,1,CROSS=EMA9>EMA21;TREND=1;STRUCT=1;VOL=1;COOL=1;EMA50=1;VWAP=1;BIAS=1,0.93,-0.26,26702.39,26835.77,full target: no partial booked
1293,2023.07.21 02:44:18,2023.07.21 05:14:18,TP2_REACHED,XAUUSD,M3,416,BUY,FULLTGT,DAY,0,1971.73,1971.16,1971.16,0.57,1.00,0.57,1972.30,1972.87,1973.44,1974.01,1974.58,2.34,0.00,2.34,1972.87,2.00,2.00,0.00,1970.91,1970.68,1971.84,1970.84,1970.64,-3.502,0.33,43.21,77.29,75.29,0.51,0.46,0.05,1971.18,1972.61,47,39,100.0,0.0,3,1,CROSS=EMA9>EMA21;TREND=1;STRUCT=1;VOL=1;COOL=1;EMA50=1;VWAP=1;BIAS=1,1.98,-0.26,26702.39,26973.83,full target: no partial booked
1294,2023.07.21 04:33:36,2023.07.21 07:03:36,TP3_REACHED,XAUUSD,M3,416,BUY,FULLTGT,DAY,0,1971.73,1971.16,1971.16,0.57,1.00,0.57,1972.30,1972.87,1973.44,1974.01,1974.58,2.34,0.00,2.34,1973.44,3.00,3.00,0.00,1972.01,1971.55,1971.99,1971.97,1971.52,-0.701,0.63,20.22,61.67,49.99,-0.01,0.00,-0.02,1972.10,1973.00,274,167,57.1,28.6,2,1,CROSS=EMA9>EMA21;TREND=1;STRUCT=1;VOL=1;COOL=1;EMA50=1;VWAP=1;BIAS=1,2.96,-0.40,26702.39,27107.21,full target: no partial booked
1295,2023.07.21 05:08:14,2023.07.21 07:38:14,EXIT_SL,XAUUSD,M3,416,BUY,FULLTGT,DAY,0,1971.73,1971.16,1971.16,0.57,1.00,0.57,1972.30,1972.87,1973.44,1974.01,1974.58,2.34,2.34,0.00,1971.14,0.00,-1.04,-154.44,1972.28,1971.79,1972.08,1972.27,1971.78,-0.496,0.57,18.59,47.23,52.43,0.05,0.14,-0.10,1972.30,1972.36,133,195,42.9,28.6,1,1,CROSS=EMA9>EMA21;TREND=1;STRUCT=1;VOL=1;COOL=1;EMA50=1;VWAP=1;BIAS=1,3.63,-0.96,26556.14,26556.14,stopped at the initial SL (x1.00 of usual)
1296,2023.07.21 06:18:00,2023.07.21 08:48:00,ENTRY,XAUUSD,M3,418,SELL,FULLTGT,DAY,0,1970.02,1971.05,1971.05,1.03,1.00,1.03,1968.99,1967.95,1966.92,1965.88,1964.85,1.28,1.28,1.28,1970.02,0.00,0.00,0.00,1971.51,1971.53,1971.88,1971.57,1971.56,-0.670,0.52,32.85,34.33,35.97,-0.46,-0.37,-0.09,1972.01,1970.01,94,133,0.0,85.7,2,1,CROSS=EMA9<EMA21;TREND=1;STRUCT=1;VOL=1;COOL=1;EMA50=1;VWAP=1;BIAS=1,0.00,0.00,26551.66,26549.10,KZ=ASIA; KZR=NY H @ 1979.85 525 bars ago (high taken); DAY 12AM-4PM IST session: stop x1.00 of usual; no partials; full size to TP5; SL steps BE->TP1->TP2->TP3
1297,2023.07.21 06:41:29,2023.07.21 09:11:29,EXIT_SL,XAUUSD,M3,418,SELL,FULLTGT,DAY,0,1970.02,1971.05,1971.05,1.03,1.00,1.03,1968.99,1967.95,1966.92,1965.88,1964.85,1.28,1.28,0.00,1971.05,0.00,-1.00,-140.80,1971.23,1971.38,1971.77,1971.27,1971.40,-0.950,0.42,24.24,41.00,37.47,-0.36,-0.42,0.06,1971.92,1970.28,67,113,14.3,57.1,2,1,CROSS=EMA9<EMA21;TREND=1;STRUCT=1;VOL=1;COOL=1;EMA50=1;VWAP=1;BIAS=1,0.06,-0.97,26415.34,26415.34,stopped at the initial SL (x1.00 of usual)
1298,2023.07.21 20:27:00,2023.07.21 22:57:00,SKIP,XAUUSD,M3,418,FLAT,NA,EVENING,0,0.00,0.00,0.00,0.00,1.00,0.00,0.00,0.00,0.00,0.00,0.00,0.00,0.00,0.00,0.00,0.00,0.00,0.00,1962.59,1962.56,1963.73,1962.50,1962.52,-2.035,0.57,63.81,68.25,65.43,0.78,0.73,0.05,1965.55,1964.70,189,155,85.7,14.3,4,1,CROSS=EMA9<EMA21;TREND=1;STRUCT=1;VOL=1;COOL=1;EMA50=1;VWAP=1;BIAS=1,0.00,0.00,26415.34,26415.34,outside the killzone window
1299,2023.07.21 22:39:00,2023.07.22 01:09:00,SKIP,XAUUSD,M3,418,FLAT,NA,DAY,0,0.00,0.00,0.00,0.00,1.00,0.00,0.00,0.00,0.00,0.00,0.00,0.00,0.00,0.00,0.00,0.00,0.00,0.00,1962.81,1962.82,1963.49,1962.83,1962.83,-1.415,0.48,22.89,44.51,42.82,-0.33,-0.36,0.02,1965.41,1962.32,82,86,14.3,57.1,3,1,CROSS=EMA9<EMA21;TREND=1;STRUCT=1;VOL=1;COOL=1;EMA50=1;VWAP=1;BIAS=1,0.00,0.00,26415.34,26415.34,outside the killzone window
1300,2023.07.24 01:02:00,2023.07.24 03:32:00,DAY_SUMMARY,XAUUSD,M3,418,FLAT,NA,DAY,0,0.00,0.00,0.00,0.00,1.00,0.00,0.00,0.00,0.00,0.00,0.00,0.00,0.00,0.00,0.00,0.00,-2.03,-295.24,1962.33,1962.52,1963.18,1962.35,1962.54,-2.231,0.29,13.17,43.84,43.47,-0.11,-0.15,0.04,1965.35,1961.84,50,48,14.3,71.4,27,1,CROSS=EMA9<EMA21;TREND=1;STRUCT=1;VOL=1;COOL=1;EMA50=1;VWAP=1;BIAS=1,0.00,0.00,26415.34,26415.34,2023.07.21 trades=2 W=0 L=2 gross_profit=0.00 gross_loss=295.24 net=-295.24 PF=0.00
1301,2023.07.24 01:02:00,2023.07.24 03:32:00,WEEK_SUMMARY,XAUUSD,M3,418,FLAT,NA,DAY,0,0.00,0.00,0.00,0.00,1.00,0.00,0.00,0.00,0.00,0.00,0.00,0.00,0.00,0.00,0.00,0.00,-5.05,-712.02,1962.33,1962.52,1963.18,1962.35,1962.54,-2.231,0.29,13.17,43.84,43.47,-0.11,-0.15,0.04,1965.35,1961.84,50,48,14.3,71.4,27,1,CROSS=EMA9<EMA21;TREND=1;STRUCT=1;VOL=1;COOL=1;EMA50=1;VWAP=1;BIAS=1,0.00,0.00,26415.34,26415.34,days=4 trades=5 W=0 L=5 gross_profit=0.00 gross_loss=712.02 net=-712.02 PF=0.00 pips=-960.0
1302,2023.07.24 10:09:00,2023.07.24 12:39:00,SKIP,XAUUSD,M3,418,FLAT,NA,DAY,0,0.00,0.00,0.00,0.00,1.00,0.00,0.00,0.00,0.00,0.00,0.00,0.00,0.00,0.00,0.00,0.00,0.00,0.00,1960.84,1960.81,1961.23,1960.72,1960.74,-0.529,0.79,44.53,73.92,72.60,0.77,0.30,0.48,1961.01,1963.88,209,151,85.7,14.3,8,1,CROSS=EMA9<EMA21;TREND=1;STRUCT=1;VOL=1;COOL=1;EMA50=1;VWAP=1;BIAS=1,0.00,0.00,26415.34,26415.34,outside the killzone window
1303,2023.07.24 16:57:00,2023.07.24 19:27:00,SKIP,XAUUSD,M3,418,FLAT,NA,EVENING,0,0.00,0.00,0.00,0.00,1.00,0.00,0.00,0.00,0.00,0.00,0.00,0.00,0.00,0.00,0.00,0.00,0.00,0.00,1964.45,1964.47,1963.79,1964.60,1964.55,0.355,1.92,34.21,34.43,34.90,-1.14,-0.96,-0.18,1962.91,1960.61,398,345,14.3,85.7,3,1,CROSS=EMA9<EMA21;TREND=1;STRUCT=1;VOL=1;COOL=1;EMA50=1;VWAP=1;BIAS=1,0.00,0.00,26415.34,26415.34,already positioned that way
1304,2023.07.25 04:27:00,2023.07.25 06:57:00,ENTRY,XAUUSD,M3,420,BUY,FULLTGT,DAY,0,1959.44,1957.79,1957.79,1.65,1.00,1.65,1961.09,1962.73,1964.38,1966.03,1967.68,0.80,0.80,0.80,1959.44,0.00,0.00,0.00,1955.68,1955.67,1956.90,1955.53,1955.60,-1.495,0.82,58.76,77.66,82.32,1.09,0.69,0.40,1955.66,1959.36,220,146,100.0,0.0,8,1,CROSS=EMA9>EMA21;TREND=1;STRUCT=1;VOL=1;COOL=1;EMA50=1;VWAP=1;BIAS=1,0.00,0.00,26412.54,26406.14,KZ=ASIA; KZR=Asia L @ 1954.69 142 bars ago (low taken); DAY 12AM-4PM IST session: stop x1.00 of usual; no partials; full size to TP5; SL steps BE->TP1->TP2->TP3
1305,2023.07.25 04:35:33,2023.07.25 07:05:33,TP1_REACHED,XAUUSD,M3,420,BUY,FULLTGT,DAY,0,1959.44,1957.79,1957.79,1.65,1.00,1.65,1961.09,1962.73,1964.38,1966.03,1967.68,0.80,0.00,0.80,1961.09,1.00,1.00,0.00,1956.01,1955.84,1956.97,1955.83,1955.75,-1.325,0.85,62.23,81.37,87.32,1.31,0.90,0.40,1956.04,1960.40,265,164,100.0,0.0,3,1,CROSS=EMA9>EMA21;TREND=1;STRUCT=1;VOL=1;COOL=1;EMA50=1;VWAP=1;BIAS=1,1.00,-0.07,26412.54,26544.54,full target: no partial booked
1306,2023.07.25 04:54:39,2023.07.25 07:24:39,TP2_REACHED,XAUUSD,M3,420,BUY,FULLTGT,DAY,0,1959.44,1957.79,1957.79,1.65,1.00,1.65,1961.09,1962.73,1964.38,1966.03,1967.68,0.80,0.00,0.80,1962.73,2.00,2.00,0.00,1957.27,1956.53,1957.25,1957.07,1956.42,-0.768,0.93,71.91,80.16,85.92,1.63,1.47,0.17,1957.16,1962.06,221,213,100.0,0.0,5,1,CROSS=EMA9>EMA21;TREND=1;STRUCT=1;VOL=1;COOL=1;EMA50=1;VWAP=1;BIAS=1,2.00,-0.07,26412.54,26680.54,full target: no partial booked
1307,2023.07.25 13:57:00,2023.07.25 16:27:00,FLIP,XAUUSD,M3,420,BUY,FULLTGT,EVENING,0,1959.44,1957.79,1957.79,1.65,1.00,1.65,1961.09,1962.73,1964.38,1966.03,1967.68,0.80,0.00,0.00,1959.54,0.00,0.06,0.00,1961.52,1961.55,1961.04,1961.60,1961.59,1.134,0.45,64.30,26.20,30.39,-0.55,-0.40,-0.15,1960.83,1959.54,127,113,0.0,100.0,5,1,CROSS=EMA9<EMA21;TREND=1;STRUCT=1;VOL=1;COOL=1;EMA50=1;VWAP=1;BIAS=1,2.79,-0.07,26412.54,26420.54,opposite signal before SL/target | BUY -> SELL | closing trade 420
1308,2023.07.25 13:57:00,2023.07.25 16:27:00,EXIT_FLIP,XAUUSD,M3,420,BUY,FULLTGT,EVENING,0,1959.44,1957.79,1957.79,1.65,1.00,1.65,1961.09,1962.73,1964.38,1966.03,1967.68,0.80,0.80,0.00,1959.54,0.00,0.06,0.00,1961.52,1961.55,1961.04,1961.60,1961.59,1.134,0.45,64.30,26.20,30.39,-0.55,-0.40,-0.15,1960.83,1959.54,127,113,0.0,100.0,5,1,CROSS=EMA9<EMA21;TREND=1;STRUCT=1;VOL=1;COOL=1;EMA50=1;VWAP=1;BIAS=1,2.79,-0.07,26417.74,26417.74,FLIP exit
1309,2023.07.25 13:57:00,2023.07.25 16:27:00,EXIT_OTHER,XAUUSD,M3,420,BUY,FULLTGT,EVENING,0,1959.44,1957.79,1957.79,1.65,1.00,1.65,1961.09,1962.73,1964.38,1966.03,1967.68,0.80,0.80,0.00,1959.54,0.00,0.06,2.40,1961.52,1961.55,1961.04,1961.60,1961.59,1.134,0.45,64.30,26.20,30.39,-0.55,-0.40,-0.15,1960.83,1959.54,127,113,0.0,100.0,5,1,CROSS=EMA9<EMA21;TREND=1;STRUCT=1;VOL=1;COOL=1;EMA50=1;VWAP=1;BIAS=1,2.79,-0.07,26417.74,26417.74,FLIP exit
1310,2023.07.25 13:57:00,2023.07.25 16:27:00,ENTRY,XAUUSD,M3,422,SELL,FULLTGT,EVENING,420,1959.54,1960.45,1960.45,0.91,1.00,0.91,1958.63,1957.73,1956.82,1955.91,1955.00,1.45,1.45,1.45,1959.54,0.00,0.00,0.00,1961.52,1961.55,1961.04,1961.60,1961.59,1.134,0.45,64.30,26.20,30.39,-0.55,-0.40,-0.15,1960.83,1959.54,127,113,0.0,100.0,5,1,CROSS=EMA9<EMA21;TREND=1;STRUCT=1;VOL=1;COOL=1;EMA50=1;VWAP=1;BIAS=1,0.00,0.00,26412.66,26405.41,KZ=NY; KZR=Asia L @ 1954.69 332 bars ago (low taken); EVENING 4PM-12AM IST session: stop x1.00 of usual; no partials; full size to TP5; SL steps BE->TP1->TP2->TP3; flipped from trade 420
1311,2023.07.25 14:02:42,2023.07.25 16:32:42,TP1_REACHED,XAUUSD,M3,422,SELL,FULLTGT,EVENING,420,1959.54,1960.45,1960.45,0.91,1.00,0.91,1958.63,1957.73,1956.82,1955.91,1955.00,1.45,0.00,1.45,1958.63,1.00,1.00,0.00,1961.43,1961.50,1961.02,1961.52,1961.55,1.076,0.45,67.72,23.72,27.12,-0.63,-0.44,-0.19,1960.83,1959.17,140,115,0.0,100.0,5,1,CROSS=EMA9<EMA21;TREND=1;STRUCT=1;VOL=1;COOL=1;EMA50=1;VWAP=1;BIAS=1,0.98,-0.23,26412.66,26544.61,full target: no partial booked
1312,2023.07.25 14:06:38,2023.07.25 16:36:38,TP2_REACHED,XAUUSD,M3,422,SELL,FULLTGT,EVENING,420,1959.54,1960.45,1960.45,0.91,1.00,0.91,1958.63,1957.73,1956.82,1955.91,1955.00,1.45,0.00,1.45,1957.73,2.00,2.00,0.00,1961.18,1961.38,1960.97,1961.31,1961.44,0.809,0.51,73.89,18.55,23.38,-0.84,-0.54,-0.30,1960.80,1958.18,176,121,0.0,100.0,2,1,CROSS=EMA9<EMA21;TREND=1;STRUCT=1;VOL=1;COOL=1;EMA50=1;VWAP=1;BIAS=1,1.95,-0.23,26412.66,26676.56,full target: no partial booked
1313,2023.07.25 14:08:36,2023.07.25 16:38:36,TP3_REACHED,XAUUSD,M3,422,SELL,FULLTGT,EVENING,420,1959.54,1960.45,1960.45,0.91,1.00,0.91,1958.63,1957.73,1956.82,1955.91,1955.00,1.45,0.00,1.45,1956.82,3.00,3.00,0.00,1961.18,1961.38,1960.97,1961.31,1961.44,0.809,0.51,73.89,18.55,23.38,-0.84,-0.54,-0.30,1960.80,1958.18,176,121,0.0,100.0,2,1,CROSS=EMA9<EMA21;TREND=1;STRUCT=1;VOL=1;COOL=1;EMA50=1;VWAP=1;BIAS=1,2.97,-0.23,26412.66,26811.41,full target: no partial booked
1314,2023.07.25 14:11:34,2023.07.25 16:41:34,TP4_REACHED,XAUUSD,M3,422,SELL,FULLTGT,EVENING,420,1959.54,1960.45,1960.45,0.91,1.00,0.91,1958.63,1957.73,1956.82,1955.91,1955.00,1.45,0.00,1.45,1955.91,4.00,4.00,0.00,1961.00,1961.28,1960.92,1961.18,1961.38,0.590,0.61,76.64,12.83,17.55,-1.05,-0.61,-0.44,1960.78,1956.40,189,125,0.0,100.0,2,1,CROSS=EMA9<EMA21;TREND=1;STRUCT=1;VOL=1;COOL=1;EMA50=1;VWAP=1;BIAS=1,3.99,-0.23,26412.66,26947.71,full target: no partial booked
1315,2023.07.25 14:14:44,2023.07.25 16:44:44,TP5_EXIT,XAUUSD,M3,422,SELL,FULLTGT,EVENING,420,1959.54,1960.45,1960.45,0.91,1.00,0.91,1958.63,1957.73,1956.82,1955.91,1955.00,1.45,1.45,0.00,1955.00,5.00,5.00,0.00,1960.79,1961.17,1960.87,1961.00,1961.28,0.469,0.64,79.13,11.29,17.55,-1.26,-0.71,-0.55,1960.76,1955.67,165,128,0.0,100.0,4,1,CROSS=EMA9<EMA21;TREND=1;STRUCT=1;VOL=1;COOL=1;EMA50=1;VWAP=1;BIAS=1,4.99,-0.23,27065.88,27065.88,full target reached; closed in full
1316,2023.07.25 14:14:44,2023.07.25 16:44:44,EXIT_TP,XAUUSD,M3,422,SELL,FULLTGT,EVENING,420,1959.54,1960.45,1960.45,0.91,1.00,0.91,1958.63,1957.73,1956.82,1955.91,1955.00,1.45,1.45,0.00,1955.00,0.00,5.00,648.14,1960.79,1961.17,1960.87,1961.00,1961.28,0.469,0.64,79.13,11.29,17.55,-1.26,-0.71,-0.55,1960.76,1955.67,165,128,0.0,100.0,4,1,CROSS=EMA9<EMA21;TREND=1;STRUCT=1;VOL=1;COOL=1;EMA50=1;VWAP=1;BIAS=1,4.99,-0.23,27065.88,27065.88,TP5 exit
1317,2023.07.25 18:09:00,2023.07.25 20:39:00,SKIP,XAUUSD,M3,422,FLAT,NA,EVENING,420,0.00,0.00,0.00,0.00,1.00,0.00,0.00,0.00,0.00,0.00,0.00,0.00,0.00,0.00,0.00,0.00,0.00,0.00,1959.48,1959.43,1959.70,1959.27,1959.32,-0.205,1.35,39.31,72.84,66.37,1.27,0.57,0.70,1959.91,1964.71,299,261,100.0,0.0,4,1,CROSS=EMA9<EMA21;TREND=1;STRUCT=1;VOL=1;COOL=1;EMA50=1;VWAP=1;BIAS=1,0.00,0.00,27065.88,27065.88,outside the killzone window
1318,2023.07.26 01:02:00,2023.07.26 03:32:00,DAY_SUMMARY,XAUUSD,M3,422,FLAT,NA,DAY,420,0.00,0.00,0.00,0.00,1.00,0.00,0.00,0.00,0.00,0.00,0.00,0.00,0.00,0.00,0.00,0.00,5.07,650.54,1964.34,1963.62,1962.58,1964.32,1963.60,3.626,0.29,24.85,54.53,56.88,0.12,0.16,-0.03,1960.63,1964.85,41,56,57.1,14.3,19,1,CROSS=EMA9<EMA21;TREND=1;STRUCT=1;VOL=1;COOL=1;EMA50=1;VWAP=1;BIAS=1,0.00,0.00,27065.88,27065.88,2023.07.25 trades=2 W=2 L=0 gross_profit=650.54 gross_loss=0.00 net=650.54 PF=0.00
1319,2023.07.26 04:45:00,2023.07.26 07:15:00,SKIP,XAUUSD,M3,422,FLAT,NA,DAY,420,0.00,0.00,0.00,0.00,1.00,0.00,0.00,0.00,0.00,0.00,0.00,0.00,0.00,0.00,0.00,0.00,0.00,0.00,1964.47,1964.48,1963.77,1964.54,1964.52,0.949,0.74,40.15,29.62,31.89,-0.66,-0.46,-0.20,1964.60,1962.62,153,161,0.0,85.7,1,1,CROSS=EMA9<EMA21;TREND=1;STRUCT=1;VOL=1;COOL=1;EMA50=1;VWAP=1;BIAS=1,0.00,0.00,27065.88,27065.88,already positioned that way
1320,2023.07.26 09:12:00,2023.07.26 11:42:00,SKIP,XAUUSD,M3,422,FLAT,NA,DAY,420,0.00,0.00,0.00,0.00,1.00,0.00,0.00,0.00,0.00,0.00,0.00,0.00,0.00,0.00,0.00,0.00,0.00,0.00,1964.00,1963.94,1963.77,1963.88,1963.89,0.254,0.68,49.98,82.20,73.54,0.64,0.34,0.30,1964.08,1966.84,219,130,100.0,0.0,7,1,CROSS=EMA9<EMA21;TREND=1;STRUCT=1;VOL=1;COOL=1;EMA50=1;VWAP=1;BIAS=1,0.00,0.00,27065.88,27065.88,outside the killzone window
1321,2023.07.26 16:42:00,2023.07.26 19:12:00,SKIP,XAUUSD,M3,422,FLAT,NA,EVENING,420,0.00,0.00,0.00,0.00,1.00,0.00,0.00,0.00,0.00,0.00,0.00,0.00,0.00,0.00,0.00,0.00,0.00,0.00,1970.80,1970.84,1969.57,1970.97,1970.93,0.892,1.43,46.34,29.67,26.89,-1.47,-1.10,-0.37,1968.31,1966.48,369,289,0.0,100.0,2,1,CROSS=EMA9<EMA21;TREND=1;STRUCT=1;VOL=1;COOL=1;EMA50=1;VWAP=1;BIAS=1,0.00,0.00,27065.88,27065.88,already positioned that way
1322,2023.07.26 18:42:00,2023.07.26 21:12:00,SKIP,XAUUSD,M3,422,FLAT,NA,EVENING,420,0.00,0.00,0.00,0.00,1.00,0.00,0.00,0.00,0.00,0.00,0.00,0.00,0.00,0.00,0.00,0.00,0.00,0.00,1969.94,1969.90,1969.32,1969.79,1969.82,0.449,1.28,42.47,66.31,66.77,1.53,1.42,0.11,1968.32,1973.60,224,298,85.7,0.0,1,1,CROSS=EMA9<EMA21;TREND=1;STRUCT=1;VOL=1;COOL=1;EMA50=1;VWAP=1;BIAS=1,0.00,0.00,27065.88,27065.88,outside the killzone window
1323,2023.07.26 20:24:00,2023.07.26 22:54:00,SKIP,XAUUSD,M3,422,FLAT,NA,EVENING,420,0.00,0.00,0.00,0.00,1.00,0.00,0.00,0.00,0.00,0.00,0.00,0.00,0.00,0.00,0.00,0.00,0.00,0.00,1970.34,1970.34,1969.79,1970.42,1970.38,1.047,0.52,66.61,31.37,35.47,-0.87,-0.70,-0.17,1968.61,1968.30,144,151,0.0,85.7,1,1,CROSS=EMA9<EMA21;TREND=1;STRUCT=1;VOL=1;COOL=1;EMA50=1;VWAP=1;BIAS=1,0.00,0.00,27065.88,27065.88,outside the killzone window
1324,2023.07.26 21:45:00,2023.07.27 00:15:00,SKIP,XAUUSD,M3,422,FLAT,NA,DAY,420,0.00,0.00,0.00,0.00,1.00,0.00,0.00,0.00,0.00,0.00,0.00,0.00,0.00,0.00,0.00,0.00,0.00,0.00,1970.38,1970.29,1969.88,1970.14,1970.17,0.164,2.53,27.59,69.45,69.71,1.00,0.04,0.97,1968.85,1976.22,587,369,85.7,14.3,2,1,CROSS=EMA9<EMA21;TREND=1;STRUCT=1;VOL=1;COOL=1;EMA50=1;VWAP=1;BIAS=1,0.00,0.00,27065.88,27065.88,outside the killzone window
1325,2023.07.27 09:24:00,2023.07.27 11:54:00,SKIP,XAUUSD,M3,422,FLAT,NA,DAY,420,0.00,0.00,0.00,0.00,1.00,0.00,0.00,0.00,0.00,0.00,0.00,0.00,0.00,0.00,0.00,0.00,0.00,0.00,1976.55,1976.55,1975.46,1976.63,1976.60,1.351,0.81,26.37,34.33,44.42,-0.38,-0.33,-0.05,1976.39,1974.40,146,146,0.0,85.7,5,1,CROSS=EMA9<EMA21;TREND=1;STRUCT=1;VOL=1;COOL=1;EMA50=1;VWAP=1;BIAS=1,0.00,0.00,27065.88,27065.88,outside the killzone window
1326,2023.07.27 10:24:00,2023.07.27 12:54:00,SKIP,XAUUSD,M3,422,FLAT,NA,DAY,420,0.00,0.00,0.00,0.00,1.00,0.00,0.00,0.00,0.00,0.00,0.00,0.00,0.00,0.00,0.00,0.00,0.00,0.00,1976.56,1976.52,1975.63,1976.46,1976.47,0.892,1.00,30.75,67.37,64.64,0.66,0.06,0.60,1976.39,1978.99,226,207,85.7,14.3,3,1,CROSS=EMA9<EMA21;TREND=1;STRUCT=1;VOL=1;COOL=1;EMA50=1;VWAP=1;BIAS=1,0.00,0.00,27065.88,27065.88,outside the killzone window
1327,2023.07.27 12:36:00,2023.07.27 15:06:00,SKIP,XAUUSD,M3,422,FLAT,NA,DAY,420,0.00,0.00,0.00,0.00,1.00,0.00,0.00,0.00,0.00,0.00,0.00,0.00,0.00,0.00,0.00,0.00,0.00,0.00,1977.20,1977.21,1976.44,1977.27,1977.24,0.853,0.90,31.85,38.28,42.81,-0.55,-0.50,-0.05,1976.89,1975.50,183,171,0.0,100.0,4,1,CROSS=EMA9<EMA21;TREND=1;STRUCT=1;VOL=1;COOL=1;EMA50=1;VWAP=1;BIAS=1,0.00,0.00,27065.88,27065.88,outside the killzone window
1328,2023.07.27 15:00:00,2023.07.27 17:30:00,ENTRY,XAUUSD,M3,424,BUY,FULLTGT,EVENING,0,1979.13,1977.76,1977.76,1.37,1.00,1.37,1980.50,1981.88,1983.25,1984.62,1985.99,0.98,0.98,0.98,1979.13,0.00,0.00,0.00,1976.88,1976.84,1976.46,1976.79,1976.79,0.550,0.69,23.17,75.39,67.91,0.47,0.33,0.14,1976.79,1979.10,175,134,85.7,0.0,3,1,CROSS=EMA9>EMA21;TREND=1;STRUCT=1;VOL=1;COOL=1;EMA50=1;VWAP=1;BIAS=1,0.00,0.00,27062.45,27059.51,KZ=NY; KZR=Asia H @ 1982.05 83 bars ago (high taken); EVENING 4PM-12AM IST session: stop x1.00 of usual; no partials; full size to TP5; SL steps BE->TP1->TP2->TP3
1329,2023.07.27 15:01:40,2023.07.27 17:31:40,EXIT_SL,XAUUSD,M3,424,BUY,FULLTGT,EVENING,0,1979.13,1977.76,1977.76,1.37,1.00,1.37,1980.50,1981.88,1983.25,1984.62,1985.99,0.98,0.98,0.00,1977.76,0.00,-1.00,-141.12,1976.88,1976.84,1976.46,1976.79,1976.79,0.550,0.69,23.17,75.39,67.91,0.47,0.33,0.14,1976.79,1979.10,175,134,85.7,0.0,3,1,CROSS=EMA9>EMA21;TREND=1;STRUCT=1;VOL=1;COOL=1;EMA50=1;VWAP=1;BIAS=1,0.05,-0.98,26924.76,26924.76,stopped at the initial SL (x1.00 of usual)
1330,2023.07.27 15:21:00,2023.07.27 17:51:00,ENTRY,XAUUSD,M3,426,SELL,FULLTGT,EVENING,0,1976.41,1978.63,1978.63,2.22,1.00,2.22,1974.19,1971.96,1969.74,1967.51,1965.29,0.60,0.60,0.60,1976.41,0.00,0.00,0.00,1976.80,1976.81,1976.47,1976.82,1976.81,0.302,1.11,25.86,45.74,48.00,-0.08,0.23,-0.31,1976.79,1976.38,284,177,14.3,85.7,6,1,CROSS=EMA9<EMA21;TREND=1;STRUCT=1;VOL=1;COOL=1;EMA50=1;VWAP=1;BIAS=1,0.00,0.00,26922.66,26919.06,KZ=NY; KZR=Asia H @ 1982.05 90 bars ago (high taken); EVENING 4PM-12AM IST session: stop x1.00 of usual; no partials; full size to TP5; SL steps BE->TP1->TP2->TP3
1331,2023.07.27 15:25:15,2023.07.27 17:55:15,TP1_REACHED,XAUUSD,M3,426,SELL,FULLTGT,EVENING,0,1976.41,1978.63,1978.63,2.22,1.00,2.22,1974.19,1971.96,1969.74,1967.51,1965.29,0.60,0.00,0.60,1974.19,1.00,1.00,0.00,1976.75,1976.78,1976.46,1976.80,1976.81,0.271,1.18,28.35,40.22,39.44,-0.18,0.17,-0.35,1976.78,1975.57,315,187,0.0,100.0,3,1,CROSS=EMA9<EMA21;TREND=1;STRUCT=1;VOL=1;COOL=1;EMA50=1;VWAP=1;BIAS=1,1.00,-0.04,26922.66,27058.26,full target: no partial booked
1332,2023.07.27 15:30:30,2023.07.27 18:00:30,TP2_REACHED,XAUUSD,M3,426,SELL,FULLTGT,EVENING,0,1976.41,1978.63,1978.63,2.22,1.00,2.22,1974.19,1971.96,1969.74,1967.51,1965.29,0.60,0.00,0.60,1971.96,2.00,2.00,0.00,1976.53,1976.67,1976.41,1976.64,1976.72,0.190,1.35,35.59,32.48,34.22,-0.54,-0.03,-0.51,1976.74,1973.91,237,201,14.3,85.7,10,1,CROSS=EMA9<EMA21;TREND=1;STRUCT=1;VOL=1;COOL=1;EMA50=1;VWAP=1;BIAS=1,1.96,-0.04,26922.66,27191.46,full target: no partial booked
1333,2023.07.27 15:30:41,2023.07.27 18:00:41,TP3_REACHED,XAUUSD,M3,426,SELL,FULLTGT,EVENING,0,1976.41,1978.63,1978.63,2.22,1.00,2.22,1974.19,1971.96,1969.74,1967.51,1965.29,0.60,0.00,0.60,1969.74,3.00,3.00,0.00,1976.53,1976.67,1976.41,1976.64,1976.72,0.190,1.35,35.59,32.48,34.22,-0.54,-0.03,-0.51,1976.74,1973.91,237,201,14.3,85.7,10,1,CROSS=EMA9<EMA21;TREND=1;STRUCT=1;VOL=1;COOL=1;EMA50=1;VWAP=1;BIAS=1,2.96,-0.04,26922.66,27324.06,full target: no partial booked
1334,2023.07.27 15:32:38,2023.07.27 18:02:38,TP4_REACHED,XAUUSD,M3,426,SELL,FULLTGT,EVENING,0,1976.41,1978.63,1978.63,2.22,1.00,2.22,1974.19,1971.96,1969.74,1967.51,1965.29,0.60,0.00,0.60,1967.51,4.00,4.00,0.00,1976.53,1976.67,1976.41,1976.64,1976.72,0.190,1.35,35.59,32.48,34.22,-0.54,-0.03,-0.51,1976.74,1973.91,237,201,14.3,85.7,4,1,CROSS=EMA9<EMA21;TREND=1;STRUCT=1;VOL=1;COOL=1;EMA50=1;VWAP=1;BIAS=1,3.98,-0.04,26922.66,27458.46,full target: no partial booked
1335,2023.07.27 15:42:30,2023.07.27 18:12:30,TP5_EXIT,XAUUSD,M3,426,SELL,FULLTGT,EVENING,0,1976.41,1978.63,1978.63,2.22,1.00,2.22,1974.19,1971.96,1969.74,1967.51,1965.29,0.60,0.60,0.00,1965.26,5.00,5.00,0.00,1975.23,1975.98,1976.07,1975.61,1976.18,-0.035,2.50,46.84,23.34,20.18,-2.22,-0.89,-1.33,1976.37,1965.90,433,269,0.0,100.0,2,1,CROSS=EMA9<EMA21;TREND=1;STRUCT=1;VOL=1;COOL=1;EMA50=1;VWAP=1;BIAS=1,4.99,-0.04,27589.56,27589.56,full target reached; closed in full
1336,2023.07.27 15:42:30,2023.07.27 18:12:30,EXIT_TP,XAUUSD,M3,426,SELL,FULLTGT,EVENING,0,1976.41,1978.63,1978.63,2.22,1.00,2.22,1974.19,1971.96,1969.74,1967.51,1965.29,0.60,0.60,0.00,1965.26,0.00,5.01,664.80,1975.23,1975.98,1976.07,1975.61,1976.18,-0.035,2.50,46.84,23.34,20.18,-2.22,-0.89,-1.33,1976.37,1965.90,433,269,0.0,100.0,2,1,CROSS=EMA9<EMA21;TREND=1;STRUCT=1;VOL=1;COOL=1;EMA50=1;VWAP=1;BIAS=1,4.99,-0.04,27589.56,27589.56,TP5 exit
1337,2023.07.28 01:02:00,2023.07.28 03:32:00,DAY_SUMMARY,XAUUSD,M3,426,FLAT,NA,DAY,0,0.00,0.00,0.00,0.00,1.00,0.00,0.00,0.00,0.00,0.00,0.00,0.00,0.00,0.00,0.00,0.00,4.01,523.68,1945.07,1946.55,1951.66,1945.05,1946.57,-10.833,0.47,19.59,58.52,54.58,0.04,-0.09,0.13,1962.54,1945.52,28,59,42.9,28.6,29,1,CROSS=EMA9<EMA21;TREND=1;STRUCT=1;VOL=1;COOL=1;EMA50=1;VWAP=1;BIAS=1,0.00,0.00,27589.56,27589.56,2023.07.27 trades=2 W=1 L=1 gross_profit=664.80 gross_loss=141.12 net=523.68 PF=4.71
1338,2023.07.28 04:06:00,2023.07.28 06:36:00,ENTRY,XAUUSD,M3,428,BUY,FULLTGT,DAY,0,1948.02,1946.83,1946.83,1.19,1.00,1.19,1949.21,1950.41,1951.60,1952.79,1953.98,1.15,1.15,1.15,1948.02,0.00,0.00,0.00,1946.82,1946.80,1949.45,1946.77,1946.78,-4.436,0.60,19.91,60.84,60.57,0.18,0.10,0.09,1946.97,1947.86,153,137,85.7,0.0,10,1,CROSS=EMA9>EMA21;TREND=1;STRUCT=1;VOL=1;COOL=1;EMA50=1;VWAP=1;BIAS=1,0.00,0.00,27585.53,27574.03,KZ=ASIA; KZR=NY L @ 1943.38 219 bars ago (low taken); DAY 12AM-4PM IST session: stop x1.00 of usual; no partials; full size to TP5; SL steps BE->TP1->TP2->TP3
1339,2023.07.28 04:33:17,2023.07.28 07:03:17,TP1_REACHED,XAUUSD,M3,428,BUY,FULLTGT,DAY,0,1948.02,1946.83,1946.83,1.19,1.00,1.19,1949.21,1950.41,1951.60,1952.79,1953.98,1.15,0.00,1.15,1949.21,1.00,1.00,0.00,1947.14,1946.98,1949.31,1947.08,1946.95,-3.479,0.67,16.28,65.14,62.12,0.35,0.23,0.12,1947.15,1948.70,220,154,85.7,0.0,5,1,CROSS=EMA9>EMA21;TREND=1;STRUCT=1;VOL=1;COOL=1;EMA50=1;VWAP=1;BIAS=1,1.00,-0.95,27585.53,27723.53,full target: no partial booked
1340,2023.07.28 04:37:03,2023.07.28 07:07:03,TP2_REACHED,XAUUSD,M3,428,BUY,FULLTGT,DAY,0,1948.02,1946.83,1946.83,1.19,1.00,1.19,1949.21,1950.41,1951.60,1952.79,1953.98,1.15,0.00,1.15,1950.41,2.00,2.00,0.00,1947.23,1947.03,1949.32,1947.14,1946.98,-3.187,0.72,20.25,70.67,67.82,0.46,0.26,0.20,1947.22,1949.46,280,164,85.7,0.0,1,1,CROSS=EMA9>EMA21;TREND=1;STRUCT=1;VOL=1;COOL=1;EMA50=1;VWAP=1;BIAS=1,1.99,-0.95,27585.53,27863.83,full target: no partial booked
1341,2023.07.28 05:49:05,2023.07.28 08:19:05,TP3_REACHED,XAUUSD,M3,428,BUY,FULLTGT,DAY,0,1948.02,1946.83,1946.83,1.19,1.00,1.19,1949.21,1950.41,1951.60,1952.79,1953.98,1.15,0.00,1.15,1951.60,3.00,3.00,0.00,1949.11,1948.25,1949.51,1949.02,1948.19,-1.968,0.64,26.49,64.65,66.05,0.60,0.46,0.15,1948.19,1951.20,128,152,85.7,0.0,2,1,CROSS=EMA9>EMA21;TREND=1;STRUCT=1;VOL=1;COOL=1;EMA50=1;VWAP=1;BIAS=1,2.97,-0.95,27585.53,27999.53,full target: no partial booked
1342,2023.07.28 06:02:32,2023.07.28 08:32:32,TP4_REACHED,XAUUSD,M3,428,BUY,FULLTGT,DAY,0,1948.02,1946.83,1946.83,1.19,1.00,1.19,1949.21,1950.41,1951.60,1952.79,1953.98,1.15,0.00,1.15,1952.79,4.00,4.00,0.00,1949.49,1948.52,1949.59,1949.38,1948.44,-1.664,0.65,31.23,71.40,71.07,0.72,0.59,0.13,1948.34,1952.19,192,142,100.0,0.0,6,1,CROSS=EMA9>EMA21;TREND=1;STRUCT=1;VOL=1;COOL=1;EMA50=1;VWAP=1;BIAS=1,3.98,-0.95,27585.53,28135.23,full target: no partial booked
1343,2023.07.28 06:17:27,2023.07.28 08:47:27,TP5_EXIT,XAUUSD,M3,428,BUY,FULLTGT,DAY,0,1948.02,1946.83,1946.83,1.19,1.00,1.19,1949.21,1950.41,1951.60,1952.79,1953.98,1.15,1.15,0.00,1953.99,5.00,5.00,0.00,1950.18,1948.97,1949.77,1950.03,1948.87,-1.136,0.71,49.57,78.24,77.45,1.05,0.82,0.24,1948.61,1953.78,129,137,85.7,0.0,10,1,CROSS=EMA9>EMA21;TREND=1;STRUCT=1;VOL=1;COOL=1;EMA50=1;VWAP=1;BIAS=1,4.98,-0.95,28262.12,28268.09,full target reached; closed in full
1344,2023.07.28 10:54:00,2023.07.28 13:24:00,SKIP,XAUUSD,M3,428,BUY,FULLTGT,DAY,0,1948.02,1946.83,1946.83,1.19,1.00,1.19,1949.21,1950.41,1951.60,1952.79,1953.98,1.15,0.00,0.00,0.00,0.00,0.00,0.00,1951.23,1951.24,1951.07,1951.28,1951.27,0.137,1.28,30.17,44.23,33.83,-0.57,-0.42,-0.15,1950.97,1949.92,210,273,0.0,85.7,6,1,CROSS=EMA9>EMA21;TREND=1;STRUCT=1;VOL=1;COOL=1;EMA50=1;VWAP=1;BIAS=1,7.34,-0.95,28262.12,28264.02,outside the killzone window
1345,2023.07.28 13:12:00,2023.07.28 15:42:00,SKIP,XAUUSD,M3,428,BUY,FULLTGT,DAY,0,1948.02,1946.83,1946.83,1.19,1.00,1.19,1949.21,1950.41,1951.60,1952.79,1953.98,1.15,0.00,0.00,0.00,0.00,0.00,0.00,1950.66,1950.66,1950.72,1950.59,1950.62,-0.071,0.87,31.21,62.03,59.19,0.68,0.67,0.01,1950.78,1952.45,140,173,85.7,0.0,5,1,CROSS=EMA9>EMA21;TREND=1;STRUCT=1;VOL=1;COOL=1;EMA50=1;VWAP=1;BIAS=1,7.34,-0.95,28262.12,28266.55,already positioned that way
1346,2023.07.28 23:12:00,2023.07.29 01:42:00,SKIP,XAUUSD,M3,428,BUY,FULLTGT,DAY,0,1948.02,1946.83,1946.83,1.19,1.00,1.19,1949.21,1950.41,1951.60,1952.79,1953.98,1.15,0.00,0.00,0.00,0.00,0.00,0.00,1959.41,1959.41,1958.12,1959.43,1959.42,3.445,0.38,18.71,46.90,45.92,-0.10,-0.10,-0.00,1954.18,1958.91,69,106,14.3,57.1,11,1,CROSS=EMA9>EMA21;TREND=1;STRUCT=1;VOL=1;COOL=1;EMA50=1;VWAP=1;BIAS=1,13.04,-0.95,28262.12,28273.05,outside the killzone window
1347,2023.07.28 23:42:00,2023.07.29 02:12:00,EXIT_WEEKEND,XAUUSD,M3,428,BUY,FULLTGT,DAY,0,1948.02,1946.83,1946.83,1.19,1.00,1.19,1949.21,1950.41,1951.60,1952.79,1953.98,1.15,0.01,0.00,1958.86,0.00,9.09,0.00,1959.25,1959.33,1958.20,1959.27,1959.34,4.210,0.27,12.84,46.58,45.64,-0.07,-0.07,0.00,1954.21,1958.86,49,77,28.6,42.9,4,1,CROSS=EMA9>EMA21;TREND=1;STRUCT=1;VOL=1;COOL=1;EMA50=1;VWAP=1;BIAS=1,13.04,-0.95,28272.92,28272.92,WEEKEND exit
1348,2023.07.28 23:42:06,2023.07.29 02:12:06,EXIT_WEEKEND,XAUUSD,M3,428,BUY,FULLTGT,DAY,0,1948.02,1946.83,1946.83,1.19,1.00,1.19,1949.21,1950.41,1951.60,1952.79,1953.98,1.15,1.15,0.00,1958.86,0.00,9.09,683.36,1959.25,1959.33,1958.20,1959.27,1959.34,4.210,0.27,12.84,46.58,45.64,-0.07,-0.07,0.00,1954.21,1958.86,49,77,28.6,42.9,4,1,CROSS=EMA9>EMA21;TREND=1;STRUCT=1;VOL=1;COOL=1;EMA50=1;VWAP=1;BIAS=1,13.04,-0.95,28272.92,28272.92,flattened before the Friday close
1349,2023.07.31 01:02:00,2023.07.31 03:32:00,DAY_SUMMARY,XAUUSD,M3,428,FLAT,NA,DAY,0,0.00,0.00,0.00,0.00,1.00,0.00,0.00,0.00,0.00,0.00,0.00,0.00,0.00,0.00,0.00,0.00,9.09,683.36,1959.24,1959.32,1958.25,1959.25,1959.32,3.890,0.28,22.72,51.66,49.15,0.02,-0.04,0.06,1954.22,1959.15,46,62,42.9,28.6,20,1,CROSS=EMA9>EMA21;TREND=1;STRUCT=1;VOL=1;COOL=1;EMA50=1;VWAP=1;BIAS=1,0.00,0.00,28272.92,28272.92,2023.07.28 trades=1 W=1 L=0 gross_profit=683.36 gross_loss=0.00 net=683.36 PF=0.00
1350,2023.07.31 01:02:00,2023.07.31 03:32:00,WEEK_SUMMARY,XAUUSD,M3,428,FLAT,NA,DAY,0,0.00,0.00,0.00,0.00,1.00,0.00,0.00,0.00,0.00,0.00,0.00,0.00,0.00,0.00,0.00,0.00,18.17,1857.58,1959.24,1959.32,1958.25,1959.25,1959.32,3.890,0.28,22.72,51.66,49.15,0.02,-0.04,0.06,1954.22,1959.15,46,62,42.9,28.6,20,1,CROSS=EMA9>EMA21;TREND=1;STRUCT=1;VOL=1;COOL=1;EMA50=1;VWAP=1;BIAS=1,0.00,0.00,28272.92,28272.92,days=3 trades=5 W=4 L=1 gross_profit=1998.70 gross_loss=141.12 net=1857.58 PF=14.16 pips=2526.0
1351,2023.07.31 01:21:00,2023.07.31 03:51:00,ENTRY,XAUUSD,M3,431,BUY,FULLTGT,DAY,0,1960.15,1959.38,1959.38,0.77,1.00,0.77,1960.92,1961.70,1962.47,1963.25,1964.02,1.82,1.82,1.82,1960.15,0.00,0.00,0.00,1959.40,1959.39,1958.36,1959.37,1959.37,2.667,0.39,26.67,61.28,62.67,0.24,0.14,0.10,1959.85,1960.04,55,44,100.0,0.0,8,1,CROSS=EMA9>EMA21;TREND=1;STRUCT=1;VOL=1;COOL=1;EMA50=1;VWAP=1;BIAS=1,0.00,0.00,28266.55,28251.99,KZ=ASIA; KZR=NY L @ 1943.38 1604 bars ago (low taken); DAY 12AM-4PM IST session: stop x1.00 of usual; no partials; full size to TP5; SL steps BE->TP1->TP2->TP3
1352,2023.07.31 02:00:33,2023.07.31 04:30:33,EXIT_SL,XAUUSD,M3,431,BUY,FULLTGT,DAY,0,1960.15,1959.38,1959.38,0.77,1.00,0.77,1960.92,1961.70,1962.47,1963.25,1964.02,1.82,1.82,0.00,1959.38,0.00,-0.99,-152.88,1959.76,1959.59,1958.59,1959.74,1959.58,3.159,0.32,19.54,54.31,56.28,0.24,0.30,-0.06,1960.14,1960.13,52,54,42.9,28.6,2,1,CROSS=EMA9>EMA21;TREND=1;STRUCT=1;VOL=1;COOL=1;EMA50=1;VWAP=1;BIAS=1,0.62,-0.90,28120.04,28120.04,stopped at the initial SL (x1.00 of usual)
1353,2023.07.31 02:21:00,2023.07.31 04:51:00,ENTRY,XAUUSD,M3,433,SELL,FULLTGT,DAY,0,1958.62,1959.75,1959.75,1.13,1.00,1.13,1957.49,1956.36,1955.23,1954.11,1952.98,1.24,1.24,1.24,1958.62,0.00,0.00,0.00,1959.43,1959.44,1958.58,1959.46,1959.45,1.523,0.56,19.05,41.35,42.67,-0.31,-0.10,-0.21,1959.52,1958.62,28,67,0.0,71.4,12,1,CROSS=EMA9<EMA21;TREND=1;STRUCT=1;VOL=1;COOL=1;EMA50=1;VWAP=1;BIAS=1,0.00,0.00,28115.70,28100.82,KZ=ASIA; KZR=NY L @ 1943.38 1624 bars ago (low taken); DAY 12AM-4PM IST session: stop x1.00 of usual; no partials; full size to TP5; SL steps BE->TP1->TP2->TP3
1354,2023.07.31 02:36:14,2023.07.31 05:06:14,EXIT_SL,XAUUSD,M3,433,SELL,FULLTGT,DAY,0,1958.62,1959.75,1959.75,1.13,1.00,1.13,1957.49,1956.36,1955.23,1954.11,1952.98,1.24,1.24,0.00,1959.76,0.00,-1.01,-150.04,1959.36,1959.40,1958.60,1959.36,1959.40,1.251,0.64,23.64,49.21,42.57,-0.19,-0.27,0.08,1959.45,1959.18,69,65,14.3,71.4,4,1,CROSS=EMA9<EMA21;TREND=1;STRUCT=1;VOL=1;COOL=1;EMA50=1;VWAP=1;BIAS=1,0.09,-0.93,27970.00,27970.00,stopped at the initial SL (x1.00 of usual)
1355,2023.07.31 13:06:00,2023.07.31 15:36:00,ENTRY,XAUUSD,M3,435,BUY,FULLTGT,DAY,0,1956.94,1955.49,1955.49,1.45,1.00,1.45,1958.39,1959.84,1961.29,1962.73,1964.18,0.96,0.96,0.96,1956.94,0.00,0.00,0.00,1955.33,1955.30,1955.80,1955.27,1955.27,-0.685,0.72,38.63,63.39,68.86,0.63,0.58,0.05,1956.08,1956.90,160,151,100.0,0.0,3,1,CROSS=EMA9>EMA21;TREND=1;STRUCT=1;VOL=1;COOL=1;EMA50=1;VWAP=1;BIAS=1,0.00,0.00,27966.64,27963.76,KZ=NY; KZR=NY L @ 1943.38 1839 bars ago (low taken); DAY 12AM-4PM IST session: stop x1.00 of usual; no partials; full size to TP5; SL steps BE->TP1->TP2->TP3
1356,2023.07.31 13:59:39,2023.07.31 16:29:39,TP1_REACHED,XAUUSD,M3,435,BUY,FULLTGT,EVENING,0,1956.94,1955.49,1955.49,1.45,1.00,1.45,1958.39,1959.84,1961.29,1962.73,1964.18,0.96,0.00,0.96,1958.39,1.00,1.00,0.00,1956.29,1955.87,1956.03,1956.22,1955.83,-0.266,0.59,22.77,62.27,61.82,0.36,0.42,-0.05,1956.16,1957.94,133,135,57.1,14.3,2,1,CROSS=EMA9>EMA21;TREND=1;STRUCT=1;VOL=1;COOL=1;EMA50=1;VWAP=1;BIAS=1,0.99,-0.36,27966.64,28106.80,full target: no partial booked
1357,2023.07.31 14:17:05,2023.07.31 16:47:05,TP2_REACHED,XAUUSD,M3,435,BUY,FULLTGT,EVENING,0,1956.94,1955.49,1955.49,1.45,1.00,1.45,1958.39,1959.84,1961.29,1962.73,1964.18,0.96,0.00,0.96,1959.84,2.00,2.00,0.00,1956.82,1956.20,1956.19,1956.71,1956.13,0.021,0.55,42.60,72.80,76.02,0.69,0.48,0.21,1956.23,1959.48,136,140,85.7,0.0,5,1,CROSS=EMA9>EMA21;TREND=1;STRUCT=1;VOL=1;COOL=1;EMA50=1;VWAP=1;BIAS=1,1.97,-0.36,27966.64,28246.96,full target: no partial booked
1358,2023.07.31 15:27:27,2023.07.31 17:57:27,TP3_REACHED,XAUUSD,M3,435,BUY,FULLTGT,EVENING,0,1956.94,1955.49,1955.49,1.45,1.00,1.45,1958.39,1959.84,1961.29,1962.73,1964.18,0.96,0.00,0.96,1961.29,3.00,3.00,0.00,1958.35,1957.39,1956.86,1958.25,1957.32,0.601,0.88,27.90,64.47,66.04,0.32,0.14,0.19,1956.56,1960.63,259,172,85.7,14.3,10,1,CROSS=EMA9>EMA21;TREND=1;STRUCT=1;VOL=1;COOL=1;EMA50=1;VWAP=1;BIAS=1,2.99,-0.36,27966.64,28388.08,full target: no partial booked
1359,2023.07.31 15:30:37,2023.07.31 18:00:37,TP4_REACHED,XAUUSD,M3,435,BUY,FULLTGT,EVENING,0,1956.94,1955.49,1955.49,1.45,1.00,1.45,1958.39,1959.84,1961.29,1962.73,1964.18,0.96,0.00,0.96,1962.73,4.00,4.00,0.00,1958.49,1957.48,1956.91,1958.35,1957.39,0.585,0.97,31.86,70.90,70.94,0.50,0.17,0.34,1956.60,1961.89,272,175,100.0,0.0,10,1,CROSS=EMA9>EMA21;TREND=1;STRUCT=1;VOL=1;COOL=1;EMA50=1;VWAP=1;BIAS=1,3.98,-0.36,27966.64,28524.40,full target: no partial booked
1360,2023.07.31 15:31:29,2023.07.31 18:01:29,TP5_EXIT,XAUUSD,M3,435,BUY,FULLTGT,EVENING,0,1956.94,1955.49,1955.49,1.45,1.00,1.45,1958.39,1959.84,1961.29,1962.73,1964.18,0.96,0.96,0.00,1964.26,5.00,5.00,0.00,1958.49,1957.48,1956.91,1958.35,1957.39,0.585,0.97,31.86,70.90,70.94,0.50,0.17,0.34,1956.60,1961.89,272,175,100.0,0.0,10,1,CROSS=EMA9>EMA21;TREND=1;STRUCT=1;VOL=1;COOL=1;EMA50=1;VWAP=1;BIAS=1,5.00,-0.36,28666.00,28666.00,full target reached; closed in full
1361,2023.07.31 15:31:29,2023.07.31 18:01:29,EXIT_TP,XAUUSD,M3,435,BUY,FULLTGT,EVENING,0,1956.94,1955.49,1955.49,1.45,1.00,1.45,1958.39,1959.84,1961.29,1962.73,1964.18,0.96,0.96,0.00,1964.26,0.00,5.05,696.00,1958.49,1957.48,1956.91,1958.35,1957.39,0.585,0.97,31.86,70.90,70.94,0.50,0.17,0.34,1956.60,1961.89,272,175,100.0,0.0,10,1,CROSS=EMA9>EMA21;TREND=1;STRUCT=1;VOL=1;COOL=1;EMA50=1;VWAP=1;BIAS=1,5.00,-0.36,28666.00,28666.00,TP5 exit
1362,2023.07.31 22:39:00,2023.08.01 01:09:00,SKIP,XAUUSD,M3,435,FLAT,NA,DAY,0,0.00,0.00,0.00,0.00,1.00,0.00,0.00,0.00,0.00,0.00,0.00,0.00,0.00,0.00,0.00,0.00,0.00,0.00,1968.07,1968.11,1966.03,1968.18,1968.17,3.904,0.53,61.31,30.92,32.20,-0.88,-0.93,0.05,1961.61,1965.31,112,122,28.6,57.1,8,1,CROSS=EMA9>EMA21;TREND=1;STRUCT=1;VOL=1;COOL=1;EMA50=1;VWAP=1;BIAS=1,0.00,0.00,28666.00,28666.00,outside the killzone window
1363,2023.08.01 01:02:00,2023.08.01 03:32:00,DAY_SUMMARY,XAUUSD,M3,435,FLAT,NA,DAY,0,0.00,0.00,0.00,0.00,1.00,0.00,0.00,0.00,0.00,0.00,0.00,0.00,0.00,0.00,0.00,0.00,3.05,393.08,1966.28,1966.96,1965.87,1966.31,1966.99,3.252,0.34,17.73,48.30,43.37,-0.15,-0.28,0.13,1961.74,1965.52,46,70,28.6,42.9,3,1,CROSS=EMA9>EMA21;TREND=1;STRUCT=1;VOL=1;COOL=1;EMA50=1;VWAP=1;BIAS=1,0.00,0.00,28666.00,28666.00,2023.07.31 trades=3 W=1 L=2 gross_profit=696.00 gross_loss=302.92 net=393.08 PF=2.30
1364,2023.08.01 01:02:00,2023.08.01 03:32:00,MONTH_SUMMARY,XAUUSD,M3,435,FLAT,NA,DAY,0,0.00,0.00,0.00,0.00,1.00,0.00,0.00,0.00,0.00,0.00,0.00,0.00,0.00,0.00,0.00,0.00,10.57,464.53,1966.28,1966.96,1965.87,1966.31,1966.99,3.252,0.34,17.73,48.30,43.37,-0.15,-0.28,0.13,1961.74,1965.52,46,70,28.6,42.9,3,1,CROSS=EMA9>EMA21;TREND=1;STRUCT=1;VOL=1;COOL=1;EMA50=1;VWAP=1;BIAS=1,0.00,0.00,28666.00,28666.00,days=16 trades=30 W=8 L=22 gross_profit=3426.58 gross_loss=2962.05 net=464.53 PF=1.16 pips=363.0
1365,2023.08.02 01:09:00,2023.08.02 03:39:00,SKIP,XAUUSD,M3,435,FLAT,NA,DAY,0,0.00,0.00,0.00,0.00,1.00,0.00,0.00,0.00,0.00,0.00,0.00,0.00,0.00,0.00,0.00,0.00,0.00,0.00,1945.05,1945.01,1946.87,1944.83,1944.89,-1.902,0.98,28.37,76.81,83.41,1.01,0.17,0.83,1949.96,1950.46,167,57,100.0,0.0,4,1,CROSS=EMA9>EMA21;TREND=1;STRUCT=1;VOL=1;COOL=1;EMA50=1;VWAP=1;BIAS=1,0.00,0.00,28666.00,28666.00,already positioned that way
1366,2023.08.02 06:15:00,2023.08.02 08:45:00,ENTRY,XAUUSD,M3,437,SELL,FULLTGT,DAY,0,1946.82,1948.11,1948.11,1.29,1.00,1.29,1945.53,1944.23,1942.94,1941.65,1940.36,1.10,1.10,1.10,1946.82,0.00,0.00,0.00,1948.44,1948.46,1948.41,1948.51,1948.49,0.075,0.65,27.15,37.42,37.01,-0.39,-0.25,-0.14,1949.47,1946.82,124,129,0.0,85.7,1,1,CROSS=EMA9<EMA21;TREND=1;STRUCT=1;VOL=1;COOL=1;EMA50=1;VWAP=1;BIAS=1,0.00,0.00,28662.15,28661.05,KZ=ASIA; KZR=Asia L @ 1945.38 281 bars ago (low taken); DAY 12AM-4PM IST session: stop x1.00 of usual; no partials; full size to TP5; SL steps BE->TP1->TP2->TP3
1367,2023.08.02 06:28:23,2023.08.02 08:58:23,EXIT_SL,XAUUSD,M3,437,SELL,FULLTGT,DAY,0,1946.82,1948.11,1948.11,1.29,1.00,1.29,1945.53,1944.23,1942.94,1941.65,1940.36,1.10,1.10,0.00,1948.15,0.00,-1.03,-154.00,1948.30,1948.38,1948.37,1948.32,1948.39,0.018,0.63,24.31,49.29,45.27,-0.30,-0.33,0.03,1949.39,1947.87,101,134,14.3,57.1,4,1,CROSS=EMA9<EMA21;TREND=1;STRUCT=1;VOL=1;COOL=1;EMA50=1;VWAP=1;BIAS=1,0.00,-0.99,28512.00,28512.00,stopped at the initial SL (x1.00 of usual)
1368,2023.08.02 06:54:00,2023.08.02 09:24:00,SKIP,XAUUSD,M3,437,FLAT,NA,DAY,0,0.00,0.00,0.00,0.00,1.00,0.00,0.00,0.00,0.00,0.00,0.00,0.00,0.00,0.00,0.00,0.00,0.00,0.00,1948.47,1948.46,1948.41,1948.44,1948.44,0.092,0.51,51.45,63.23,56.43,0.24,0.04,0.21,1949.35,1949.25,56,107,71.4,14.3,7,1,CROSS=EMA9>EMA21;TREND=1;STRUCT=1;VOL=1;COOL=1;EMA50=1;VWAP=0;BIAS=1,0.00,0.00,28512.00,28512.00,quality filter
1369,2023.08.02 07:18:00,2023.08.02 09:48:00,SKIP,XAUUSD,M3,437,FLAT,NA,DAY,0,0.00,0.00,0.00,0.00,1.00,0.00,0.00,0.00,0.00,0.00,0.00,0.00,0.00,0.00,0.00,0.00,0.00,0.00,1948.45,1948.45,1948.41,1948.49,1948.47,0.094,0.43,40.60,37.52,43.06,-0.04,0.18,-0.22,1949.32,1947.51,66,86,0.0,85.7,3,1,CROSS=EMA9>EMA21;TREND=1;STRUCT=1;VOL=1;COOL=1;EMA50=1;VWAP=0;BIAS=1,0.00,0.00,28512.00,28512.00,outside the killzone window
1370,2023.08.02 08:51:00,2023.08.02 11:21:00,SKIP,XAUUSD,M3,437,FLAT,NA,DAY,0,0.00,0.00,0.00,0.00,1.00,0.00,0.00,0.00,0.00,0.00,0.00,0.00,0.00,0.00,0.00,0.00,0.00,0.00,1948.27,1948.27,1948.30,1948.22,1948.24,-0.039,0.74,20.63,61.88,61.85,0.43,0.32,0.11,1949.05,1949.54,148,148,85.7,0.0,4,1,CROSS=EMA9>EMA21;TREND=1;STRUCT=1;VOL=1;COOL=1;EMA50=1;VWAP=0;BIAS=1,0.00,0.00,28512.00,28512.00,outside the killzone window
1371,2023.08.02 15:39:00,2023.08.02 18:09:00,SKIP,XAUUSD,M3,437,FLAT,NA,EVENING,0,0.00,0.00,0.00,0.00,1.00,0.00,0.00,0.00,0.00,0.00,0.00,0.00,0.00,0.00,0.00,0.00,0.00,0.00,1950.04,1950.07,1949.66,1950.18,1950.14,0.205,1.99,29.07,37.78,33.14,-1.28,-0.93,-0.35,1949.48,1946.64,391,281,14.3,85.7,2,1,CROSS=EMA9<EMA21;TREND=1;STRUCT=1;VOL=1;COOL=1;EMA50=1;VWAP=1;BIAS=1,0.00,0.00,28512.00,28512.00,already positioned that way
1372,2023.08.03 01:02:00,2023.08.03 03:32:00,DAY_SUMMARY,XAUUSD,M3,437,FLAT,NA,DAY,0,0.00,0.00,0.00,0.00,1.00,0.00,0.00,0.00,0.00,0.00,0.00,0.00,0.00,0.00,0.00,0.00,-1.03,-154.00,1935.52,1936.54,1939.11,1935.55,1936.57,-11.795,0.22,41.41,39.39,38.00,-0.24,-0.20,-0.04,1944.90,1934.87,12,42,0.0,85.7,7,1,CROSS=EMA9<EMA21;TREND=1;STRUCT=1;VOL=1;COOL=1;EMA50=1;VWAP=1;BIAS=1,0.00,0.00,28512.00,28512.00,2023.08.02 trades=1 W=0 L=1 gross_profit=0.00 gross_loss=154.00 net=-154.00 PF=0.00
1373,2023.08.03 04:42:00,2023.08.03 07:12:00,ENTRY,XAUUSD,M3,439,BUY,FULLTGT,DAY,0,1937.95,1936.73,1936.73,1.22,1.00,1.22,1939.17,1940.39,1941.61,1942.84,1944.06,1.16,1.16,1.16,1937.95,0.00,0.00,0.00,1936.33,1936.32,1937.59,1936.27,1936.29,-2.080,0.61,49.17,66.67,70.75,0.47,0.21,0.27,1936.27,1937.93,170,111,100.0,0.0,3,1,CROSS=EMA9>EMA21;TREND=1;STRUCT=1;VOL=1;COOL=1;EMA50=1;VWAP=1;BIAS=1,0.00,0.00,28507.94,28504.46,KZ=ASIA; KZR=Asia L @ 1945.38 730 bars ago (low taken); DAY 12AM-4PM IST session: stop x1.00 of usual; no partials; full size to TP5; SL steps BE->TP1->TP2->TP3
1374,2023.08.03 05:00:31,2023.08.03 07:30:31,EXIT_SL,XAUUSD,M3,439,BUY,FULLTGT,DAY,0,1937.95,1936.73,1936.73,1.22,1.00,1.22,1939.17,1940.39,1941.61,1942.84,1944.06,1.16,1.16,0.00,1936.73,0.00,-1.00,-149.64,1936.63,1936.48,1937.60,1936.62,1936.47,-1.552,0.72,38.60,48.91,51.92,0.40,0.49,-0.09,1936.51,1936.88,144,131,57.1,42.9,2,1,CROSS=EMA9>EMA21;TREND=1;STRUCT=1;VOL=1;COOL=1;EMA50=1;VWAP=1;BIAS=1,0.86,-0.99,28362.36,28362.36,stopped at the initial SL (x1.00 of usual)
1375,2023.08.03 06:36:00,2023.08.03 09:06:00,ENTRY,XAUUSD,M3,441,SELL,FULLTGT,DAY,0,1936.36,1937.63,1937.63,1.27,1.00,1.27,1935.09,1933.82,1932.55,1931.28,1930.01,1.11,1.11,1.11,1936.36,0.00,0.00,0.00,1936.53,1936.53,1937.34,1936.54,1936.53,-1.269,0.63,22.40,49.48,48.11,-0.21,-0.39,0.17,1936.55,1936.36,75,101,14.3,57.1,2,1,CROSS=EMA9<EMA21;TREND=1;STRUCT=1;VOL=1;COOL=1;EMA50=1;VWAP=1;BIAS=1,0.00,0.00,28358.47,28356.25,KZ=ASIA; KZR=Asia L @ 1945.38 768 bars ago (low taken); DAY 12AM-4PM IST session: stop x1.00 of usual; no partials; full size to TP5; SL steps BE->TP1->TP2->TP3
1376,2023.08.03 06:54:00,2023.08.03 09:24:00,FLIP,XAUUSD,M3,441,SELL,FULLTGT,DAY,0,1936.36,1937.63,1937.63,1.27,1.00,1.27,1935.09,1933.82,1932.55,1931.28,1930.01,1.11,0.00,0.00,1937.08,0.00,-0.57,0.00,1936.54,1936.53,1937.29,1936.52,1936.52,-1.641,0.46,20.59,57.46,48.61,-0.01,-0.16,0.15,1936.55,1937.04,88,94,57.1,14.3,4,1,CROSS=EMA9>EMA21;TREND=1;STRUCT=1;VOL=1;COOL=1;EMA50=1;VWAP=1;BIAS=1,0.24,-0.65,28358.47,28278.55,opposite signal before SL/target | SELL -> BUY | closing trade 441
1377,2023.08.03 06:54:00,2023.08.03 09:24:00,EXIT_FLIP,XAUUSD,M3,441,SELL,FULLTGT,DAY,0,1936.36,1937.63,1937.63,1.27,1.00,1.27,1935.09,1933.82,1932.55,1931.28,1930.01,1.11,1.11,0.00,1937.08,0.00,-0.57,0.00,1936.54,1936.53,1937.29,1936.52,1936.52,-1.641,0.46,20.59,57.46,48.61,-0.01,-0.16,0.15,1936.55,1937.04,88,94,57.1,14.3,4,1,CROSS=EMA9>EMA21;TREND=1;STRUCT=1;VOL=1;COOL=1;EMA50=1;VWAP=1;BIAS=1,0.24,-0.65,28274.66,28274.66,FLIP exit
1378,2023.08.03 06:54:00,2023.08.03 09:24:00,EXIT_OTHER,XAUUSD,M3,441,SELL,FULLTGT,DAY,0,1936.36,1937.63,1937.63,1.27,1.00,1.27,1935.09,1933.82,1932.55,1931.28,1930.01,1.11,1.11,0.00,1937.08,0.00,-0.57,-87.70,1936.54,1936.53,1937.29,1936.52,1936.52,-1.641,0.46,20.59,57.46,48.61,-0.01,-0.16,0.15,1936.55,1937.04,88,94,57.1,14.3,4,1,CROSS=EMA9>EMA21;TREND=1;STRUCT=1;VOL=1;COOL=1;EMA50=1;VWAP=1;BIAS=1,0.24,-0.65,28274.66,28274.66,FLIP exit
1379,2023.08.03 06:54:00,2023.08.03 09:24:00,ENTRY,XAUUSD,M3,443,BUY,FULLTGT,DAY,441,1937.08,1936.16,1936.16,0.92,1.00,0.92,1938.00,1938.93,1939.85,1940.77,1941.69,1.53,1.53,1.53,1937.08,0.00,0.00,0.00,1936.54,1936.53,1937.29,1936.52,1936.52,-1.641,0.46,20.59,57.46,48.61,-0.01,-0.16,0.15,1936.55,1937.04,88,94,57.1,14.3,4,1,CROSS=EMA9>EMA21;TREND=1;STRUCT=1;VOL=1;COOL=1;EMA50=1;VWAP=1;BIAS=1,0.00,0.00,28269.30,28263.18,KZ=ASIA; KZR=Asia L @ 1945.38 774 bars ago (low taken); DAY 12AM-4PM IST session: stop x1.00 of usual; no partials; full size to TP5; SL steps BE->TP1->TP2->TP3; flipped from trade 441
1380,2023.08.03 07:01:14,2023.08.03 09:31:14,TP1_REACHED,XAUUSD,M3,443,BUY,FULLTGT,DAY,441,1937.08,1936.16,1936.16,0.92,1.00,0.92,1938.00,1938.93,1939.85,1940.77,1941.69,1.53,0.00,1.53,1938.00,1.00,1.00,0.00,1936.59,1936.56,1937.29,1936.56,1936.55,-1.653,0.44,28.19,60.48,57.04,0.11,-0.08,0.19,1936.56,1937.32,65,93,85.7,0.0,1,1,CROSS=EMA9>EMA21;TREND=1;STRUCT=1;VOL=1;COOL=1;EMA50=1;VWAP=1;BIAS=1,1.00,-0.29,28269.30,28416.18,full target: no partial booked
1381,2023.08.03 07:31:33,2023.08.03 10:01:33,EXIT_SL,XAUUSD,M3,443,BUY,FULLTGT,DAY,441,1937.08,1936.16,1936.16,0.92,1.00,0.92,1938.00,1938.93,1939.85,1940.77,1941.69,1.53,1.53,0.00,1936.14,0.00,-1.02,-154.54,1936.84,1936.71,1937.30,1936.84,1936.70,-1.295,0.46,31.59,48.15,49.90,0.22,0.24,-0.02,1936.62,1936.87,51,82,42.9,42.9,3,1,CROSS=EMA9>EMA21;TREND=1;STRUCT=1;VOL=1;COOL=1;EMA50=1;VWAP=1;BIAS=1,1.04,-0.99,28120.12,28120.12,stopped at the initial SL (x1.00 of usual)
1382,2023.08.03 07:48:00,2023.08.03 10:18:00,SKIP,XAUUSD,M3,443,FLAT,NA,DAY,441,0.00,0.00,0.00,0.00,1.00,0.00,0.00,0.00,0.00,0.00,0.00,0.00,0.00,0.00,0.00,0.00,0.00,0.00,1936.55,1936.57,1937.19,1936.62,1936.60,-1.017,0.61,38.00,35.01,30.79,-0.38,0.00,-0.38,1936.56,1934.88,112,92,14.3,85.7,6,1,CROSS=EMA9>EMA21;TREND=1;STRUCT=1;VOL=1;COOL=1;EMA50=1;VWAP=1;BIAS=1,0.00,0.00,28120.12,28120.12,outside the killzone window
1383,2023.08.03 11:24:00,2023.08.03 13:54:00,SKIP,XAUUSD,M3,443,FLAT,NA,DAY,441,0.00,0.00,0.00,0.00,1.00,0.00,0.00,0.00,0.00,0.00,0.00,0.00,0.00,0.00,0.00,0.00,0.00,0.00,1935.28,1935.28,1935.93,1935.23,1935.26,-0.605,1.07,24.71,55.91,50.91,0.58,0.77,-0.20,1935.55,1936.56,158,217,57.1,14.3,6,1,CROSS=EMA9>EMA21;TREND=1;STRUCT=1;VOL=1;COOL=1;EMA50=1;VWAP=1;BIAS=1,0.00,0.00,28120.12,28120.12,outside the killzone window
1384,2023.08.03 13:51:00,2023.08.03 16:21:00,ENTRY,XAUUSD,M3,445,SELL,FULLTGT,EVENING,0,1933.64,1935.23,1935.23,1.59,1.00,1.59,1932.05,1930.46,1928.87,1927.27,1925.68,0.88,0.88,0.88,1933.64,0.00,0.00,0.00,1935.73,1935.73,1935.99,1935.81,1935.77,-0.329,0.80,42.89,31.89,32.01,-0.67,-0.32,-0.35,1935.71,1933.64,157,134,14.3,85.7,9,1,CROSS=EMA9<EMA21;TREND=1;STRUCT=1;VOL=1;COOL=1;EMA50=1;VWAP=1;BIAS=1,0.00,0.00,28117.04,28109.12,KZ=NY; KZR=Asia L @ 1933.98 118 bars ago (low taken); EVENING 4PM-12AM IST session: stop x1.00 of usual; no partials; full size to TP5; SL steps BE->TP1->TP2->TP3
1385,2023.08.03 14:02:15,2023.08.03 16:32:15,EXIT_SL,XAUUSD,M3,445,SELL,FULLTGT,EVENING,0,1933.64,1935.23,1935.23,1.59,1.00,1.59,1932.05,1930.46,1928.87,1927.27,1925.68,0.88,0.88,0.00,1935.23,0.00,-1.00,-146.08,1935.51,1935.62,1935.93,1935.56,1935.64,-0.365,0.85,45.88,41.65,41.53,-0.70,-0.55,-0.15,1935.68,1934.31,134,137,0.0,85.7,13,1,CROSS=EMA9<EMA21;TREND=1;STRUCT=1;VOL=1;COOL=1;EMA50=1;VWAP=1;BIAS=1,0.48,-0.98,27974.04,27974.04,stopped at the initial SL (x1.00 of usual)
1386,2023.08.03 17:39:00,2023.08.03 20:09:00,SKIP,XAUUSD,M3,445,FLAT,NA,EVENING,0,0.00,0.00,0.00,0.00,1.00,0.00,0.00,0.00,0.00,0.00,0.00,0.00,0.00,0.00,0.00,0.00,0.00,0.00,1934.77,1934.77,1935.16,1934.66,1934.71,-0.199,1.98,22.89,59.01,54.14,0.96,0.56,0.41,1935.11,1937.43,298,394,71.4,0.0,1,1,CROSS=EMA9<EMA21;TREND=1;STRUCT=1;VOL=1;COOL=1;EMA50=1;VWAP=1;BIAS=1,0.00,0.00,27974.04,27974.04,outside the killzone window
1387,2023.08.03 20:30:00,2023.08.03 23:00:00,SKIP,XAUUSD,M3,445,FLAT,NA,EVENING,0,0.00,0.00,0.00,0.00,1.00,0.00,0.00,0.00,0.00,0.00,0.00,0.00,0.00,0.00,0.00,0.00,0.00,0.00,1935.10,1935.12,1935.25,1935.16,1935.15,-0.253,0.52,53.53,33.07,38.84,-0.30,-0.05,-0.25,1935.19,1933.60,264,138,0.0,100.0,2,1,CROSS=EMA9<EMA21;TREND=1;STRUCT=1;VOL=1;COOL=1;EMA50=1;VWAP=1;BIAS=1,0.00,0.00,27974.04,27974.04,outside the killzone window
1388,2023.08.04 01:02:00,2023.08.04 03:32:00,DAY_SUMMARY,XAUUSD,M3,445,FLAT,NA,DAY,0,0.00,0.00,0.00,0.00,1.00,0.00,0.00,0.00,0.00,0.00,0.00,0.00,0.00,0.00,0.00,0.00,-3.58,-537.96,1934.12,1934.30,1934.64,1934.12,1934.31,-1.268,0.27,25.37,46.49,47.36,0.05,0.12,-0.07,1935.10,1933.98,35,54,0.0,85.7,11,1,CROSS=EMA9<EMA21;TREND=1;STRUCT=1;VOL=1;COOL=1;EMA50=1;VWAP=1;BIAS=1,0.00,0.00,27974.04,27974.04,2023.08.03 trades=4 W=0 L=4 gross_profit=0.00 gross_loss=537.96 net=-537.96 PF=0.00
1389,2023.08.04 01:33:00,2023.08.04 04:03:00,ENTRY,XAUUSD,M3,447,BUY,FULLTGT,DAY,0,1936.29,1935.31,1935.31,0.98,1.00,0.98,1937.27,1938.25,1939.23,1940.21,1941.19,1.42,1.42,1.42,1936.29,0.00,0.00,0.00,1934.50,1934.47,1934.69,1934.43,1934.43,-0.453,0.49,40.96,77.38,72.18,0.45,0.24,0.21,1935.33,1936.24,109,52,100.0,0.0,6,1,CROSS=EMA9>EMA21;TREND=1;STRUCT=1;VOL=1;COOL=1;EMA50=1;VWAP=1;BIAS=1,0.00,0.00,27969.07,27960.55,KZ=ASIA; KZR=Asia L @ 1933.98 352 bars ago (low taken); DAY 12AM-4PM IST session: stop x1.00 of usual; no partials; full size to TP5; SL steps BE->TP1->TP2->TP3
1390,2023.08.04 01:46:36,2023.08.04 04:16:36,EXIT_SL,XAUUSD,M3,447,BUY,FULLTGT,DAY,0,1936.29,1935.31,1935.31,0.98,1.00,0.98,1937.27,1938.25,1939.23,1940.21,1941.19,1.42,1.42,0.00,1935.29,0.00,-1.02,-151.94,1934.72,1934.59,1934.74,1934.69,1934.57,-0.271,0.57,52.26,56.39,57.34,0.48,0.40,0.07,1935.54,1935.46,21,57,71.4,14.3,3,1,CROSS=EMA9>EMA21;TREND=1;STRUCT=1;VOL=1;COOL=1;EMA50=1;VWAP=1;BIAS=1,0.49,-0.98,27822.10,27822.10,stopped at the initial SL (x1.00 of usual)
1391,2023.08.04 07:21:00,2023.08.04 09:51:00,SKIP,XAUUSD,M3,447,FLAT,NA,DAY,0,0.00,0.00,0.00,0.00,1.00,0.00,0.00,0.00,0.00,0.00,0.00,0.00,0.00,0.00,0.00,0.00,0.00,0.00,1935.60,1935.60,1935.42,1935.65,1935.62,0.313,0.58,45.52,38.61,33.39,-0.34,-0.23,-0.10,1935.90,1934.47,152,84,0.0,100.0,4,1,CROSS=EMA9>EMA21;TREND=1;STRUCT=1;VOL=1;COOL=1;EMA50=1;VWAP=1;BIAS=1,0.00,0.00,27822.10,27822.10,outside the killzone window
1392,2023.08.04 08:45:00,2023.08.04 11:15:00,SKIP,XAUUSD,M3,447,FLAT,NA,DAY,0,0.00,0.00,0.00,0.00,1.00,0.00,0.00,0.00,0.00,0.00,0.00,0.00,0.00,0.00,0.00,0.00,0.00,0.00,1935.48,1935.47,1935.38,1935.42,1935.44,0.156,0.61,48.66,66.28,62.33,0.48,0.26,0.22,1935.79,1937.00,109,124,85.7,0.0,2,1,CROSS=EMA9>EMA21;TREND=1;STRUCT=1;VOL=1;COOL=1;EMA50=1;VWAP=1;BIAS=1,0.00,0.00,27822.10,27822.10,outside the killzone window
1393,2023.08.04 09:18:00,2023.08.04 11:48:00,SKIP,XAUUSD,M3,447,FLAT,NA,DAY,0,0.00,0.00,0.00,0.00,1.00,0.00,0.00,0.00,0.00,0.00,0.00,0.00,0.00,0.00,0.00,0.00,0.00,0.00,1935.49,1935.49,1935.40,1935.51,1935.50,0.102,0.90,41.45,46.86,38.69,-0.23,0.19,-0.43,1935.76,1935.05,178,152,14.3,85.7,2,1,CROSS=EMA9>EMA21;TREND=1;STRUCT=1;VOL=1;COOL=1;EMA50=1;VWAP=1;BIAS=1,0.00,0.00,27822.10,27822.10,outside the killzone window
1394,2023.08.04 15:45:00,2023.08.04 18:15:00,SKIP,XAUUSD,M3,447,FLAT,NA,EVENING,0,0.00,0.00,0.00,0.00,1.00,0.00,0.00,0.00,0.00,0.00,0.00,0.00,0.00,0.00,0.00,0.00,0.00,0.00,1933.27,1933.26,1933.70,1933.01,1933.14,-0.160,2.73,21.61,68.71,76.94,1.46,0.25,1.21,1934.53,1939.63,616,313,71.4,14.3,4,1,CROSS=EMA9>EMA21;TREND=1;STRUCT=1;VOL=1;COOL=1;EMA50=1;VWAP=1;BIAS=1,0.00,0.00,27822.10,27822.10,already positioned that way
1395,2023.08.07 01:02:00,2023.08.07 03:32:00,DAY_SUMMARY,XAUUSD,M3,447,FLAT,NA,DAY,0,0.00,0.00,0.00,0.00,1.00,0.00,0.00,0.00,0.00,0.00,0.00,0.00,0.00,0.00,0.00,0.00,-1.02,-151.94,1941.87,1941.44,1940.19,1941.84,1941.41,3.559,0.35,38.82,59.33,62.06,0.34,0.24,0.10,1938.20,1942.65,85,58,85.7,14.3,19,1,CROSS=EMA9>EMA21;TREND=1;STRUCT=1;VOL=1;COOL=1;EMA50=1;VWAP=1;BIAS=1,0.00,0.00,27822.10,27822.10,2023.08.04 trades=1 W=0 L=1 gross_profit=0.00 gross_loss=151.94 net=-151.94 PF=0.00
1396,2023.08.07 01:02:00,2023.08.07 03:32:00,WEEK_SUMMARY,XAUUSD,M3,447,FLAT,NA,DAY,0,0.00,0.00,0.00,0.00,1.00,0.00,0.00,0.00,0.00,0.00,0.00,0.00,0.00,0.00,0.00,0.00,-5.63,-843.90,1941.87,1941.44,1940.19,1941.84,1941.41,3.559,0.35,38.82,59.33,62.06,0.34,0.24,0.10,1938.20,1942.65,85,58,85.7,14.3,19,1,CROSS=EMA9>EMA21;TREND=1;STRUCT=1;VOL=1;COOL=1;EMA50=1;VWAP=1;BIAS=1,0.00,0.00,27822.10,27822.10,days=3 trades=6 W=0 L=6 gross_profit=0.00 gross_loss=843.90 net=-843.90 PF=0.00 pips=-680.0
1397,2023.08.07 05:15:00,2023.08.07 07:45:00,ENTRY,XAUUSD,M3,449,SELL,FULLTGT,DAY,0,1940.91,1942.03,1942.03,1.12,1.00,1.12,1939.79,1938.67,1937.55,1936.44,1935.32,1.24,1.24,1.24,1940.91,0.00,0.00,0.00,1942.81,1942.84,1941.98,1942.89,1942.88,1.544,0.56,27.98,29.42,32.39,-0.53,-0.45,-0.08,1943.34,1940.88,137,131,14.3,85.7,4,1,CROSS=EMA9<EMA21;TREND=1;STRUCT=1;VOL=1;COOL=1;EMA50=1;VWAP=1;BIAS=1,0.00,0.00,27817.76,27812.80,KZ=ASIA; KZR=NY L @ 1929.55 1234 bars ago (low taken); DAY 12AM-4PM IST session: stop x1.00 of usual; no partials; full size to TP5; SL steps BE->TP1->TP2->TP3
1398,2023.08.07 06:44:18,2023.08.07 09:14:18,TP1_REACHED,XAUUSD,M3,449,SELL,FULLTGT,DAY,0,1940.91,1942.03,1942.03,1.12,1.00,1.12,1939.79,1938.67,1937.55,1936.44,1935.32,1.24,0.00,1.24,1939.79,1.00,1.00,0.00,1941.52,1942.00,1941.71,1941.58,1942.04,0.721,0.40,30.82,33.75,35.90,-0.24,-0.12,-0.12,1942.72,1940.12,58,85,0.0,85.7,2,1,CROSS=EMA9<EMA21;TREND=1;STRUCT=1;VOL=1;COOL=1;EMA50=1;VWAP=1;BIAS=1,0.99,-0.80,27817.76,27957.88,full target: no partial booked
1399,2023.08.07 06:55:25,2023.08.07 09:25:25,TP2_REACHED,XAUUSD,M3,449,SELL,FULLTGT,DAY,0,1940.91,1942.03,1942.03,1.12,1.00,1.12,1939.79,1938.67,1937.55,1936.44,1935.32,1.24,0.00,1.24,1938.67,2.00,2.00,0.00,1941.22,1941.81,1941.62,1941.31,1941.86,0.411,0.44,44.77,22.93,26.51,-0.50,-0.26,-0.25,1942.63,1938.90,134,78,0.0,100.0,2,1,CROSS=EMA9<EMA21;TREND=1;STRUCT=1;VOL=1;COOL=1;EMA50=1;VWAP=1;BIAS=1,1.99,-0.80,27817.76,28101.72,full target: no partial booked
1400,2023.08.07 07:30:03,2023.08.07 10:00:03,TP3_REACHED,XAUUSD,M3,449,SELL,FULLTGT,DAY,0,1940.91,1942.03,1942.03,1.12,1.00,1.12,1939.79,1938.67,1937.55,1936.44,1935.32,1.24,0.00,1.24,1937.55,3.00,3.00,0.00,1940.10,1941.06,1941.25,1940.20,1941.13,-0.331,0.58,46.66,23.43,28.80,-0.79,-0.75,-0.04,1942.18,1937.65,52,94,0.0,85.7,1,1,CROSS=EMA9<EMA21;TREND=1;STRUCT=1;VOL=1;COOL=1;EMA50=1;VWAP=1;BIAS=1,2.97,-0.80,27817.76,28234.40,full target: no partial booked
1401,2023.08.07 08:54:27,2023.08.07 11:24:27,TP4_REACHED,XAUUSD,M3,449,SELL,FULLTGT,DAY,0,1940.91,1942.03,1942.03,1.12,1.00,1.12,1939.79,1938.67,1937.55,1936.44,1935.32,1.24,0.00,1.24,1936.44,4.00,4.00,0.00,1938.55,1939.69,1940.43,1938.62,1939.75,-1.475,0.50,25.58,32.84,33.75,-0.47,-0.30,-0.17,1941.42,1936.78,78,101,0.0,85.7,2,1,CROSS=EMA9<EMA21;TREND=1;STRUCT=1;VOL=1;COOL=1;EMA50=1;VWAP=1;BIAS=1,4.00,-0.80,27817.76,28375.76,full target: no partial booked
1402,2023.08.07 11:13:29,2023.08.07 13:43:29,TP5_EXIT,XAUUSD,M3,449,SELL,FULLTGT,DAY,0,1940.91,1942.03,1942.03,1.12,1.00,1.12,1939.79,1938.67,1937.55,1936.44,1935.32,1.24,1.24,0.00,1935.24,5.00,5.00,0.00,1937.08,1937.98,1939.12,1937.13,1938.03,-1.545,0.74,26.41,38.95,39.69,-0.23,-0.13,-0.10,1940.00,1935.69,141,139,0.0,100.0,7,1,CROSS=EMA9<EMA21;TREND=1;STRUCT=1;VOL=1;COOL=1;EMA50=1;VWAP=1;BIAS=1,5.00,-0.80,28516.50,28516.50,full target reached; closed in full
1403,2023.08.07 11:13:30,2023.08.07 13:43:30,EXIT_TP,XAUUSD,M3,449,SELL,FULLTGT,DAY,0,1940.91,1942.03,1942.03,1.12,1.00,1.12,1939.79,1938.67,1937.55,1936.44,1935.32,1.24,1.24,0.00,1935.24,0.00,5.07,694.40,1937.08,1937.98,1939.12,1937.13,1938.03,-1.545,0.74,26.41,38.95,39.69,-0.23,-0.13,-0.10,1940.00,1935.69,141,139,0.0,100.0,7,1,CROSS=EMA9<EMA21;TREND=1;STRUCT=1;VOL=1;COOL=1;EMA50=1;VWAP=1;BIAS=1,5.00,-0.80,28516.50,28516.50,TP5 exit
1404,2023.08.07 16:06:00,2023.08.07 18:36:00,ENTRY,XAUUSD,M3,451,BUY,FULLTGT,EVENING,0,1938.82,1936.82,1936.82,2.00,1.00,2.00,1940.82,1942.83,1944.83,1946.84,1948.84,0.71,0.71,0.71,1938.82,0.00,0.00,0.00,1936.08,1936.05,1936.93,1935.97,1936.00,-0.872,1.00,35.00,63.43,69.41,0.83,0.53,0.30,1938.26,1938.78,261,198,85.7,14.3,2,1,CROSS=EMA9>EMA21;TREND=1;STRUCT=1;VOL=1;COOL=1;EMA50=1;VWAP=1;BIAS=1,0.00,0.00,28514.01,28512.59,KZ=NY; KZR=NY L @ 1929.55 1451 bars ago (low taken); EVENING 4PM-12AM IST session: stop x1.00 of usual; no partials; full size to TP5; SL steps BE->TP1->TP2->TP3
1405,2023.08.07 16:11:38,2023.08.07 18:41:38,TP1_REACHED,XAUUSD,M3,451,BUY,FULLTGT,EVENING,0,1938.82,1936.82,1936.82,2.00,1.00,2.00,1940.82,1942.83,1944.83,1946.84,1948.84,0.71,0.00,0.71,1940.82,1.00,1.00,0.00,1936.21,1936.11,1936.95,1936.08,1936.05,-0.801,1.04,36.27,65.31,72.08,0.91,0.59,0.32,1938.27,1939.22,267,203,100.0,0.0,2,1,CROSS=EMA9>EMA21;TREND=1;STRUCT=1;VOL=1;COOL=1;EMA50=1;VWAP=1;BIAS=1,0.99,-0.26,28514.01,28656.72,full target: no partial booked
1406,2023.08.07 16:49:38,2023.08.07 19:19:38,EXIT_SL,XAUUSD,M3,451,BUY,FULLTGT,EVENING,0,1938.82,1936.82,1936.82,2.00,1.00,2.00,1940.82,1942.83,1944.83,1946.84,1948.84,0.71,0.71,0.00,1936.81,0.00,-1.00,-147.69,1937.68,1936.98,1937.31,1937.66,1936.95,-0.251,1.32,25.75,47.68,57.99,0.71,1.05,-0.34,1938.42,1938.21,297,256,42.9,57.1,2,1,CROSS=EMA9>EMA21;TREND=1;STRUCT=1;VOL=1;COOL=1;EMA50=1;VWAP=1;BIAS=1,1.43,-0.99,28368.81,28368.81,stopped at the initial SL (x1.00 of usual)
1407,2023.08.07 17:45:00,2023.08.07 20:15:00,SKIP,XAUUSD,M3,451,FLAT,NA,EVENING,0,0.00,0.00,0.00,0.00,1.00,0.00,0.00,0.00,0.00,0.00,0.00,0.00,0.00,0.00,0.00,0.00,0.00,0.00,1936.40,1936.43,1936.95,1936.46,1936.46,-0.503,1.04,18.56,41.84,43.85,-0.52,-0.64,0.12,1938.00,1934.74,215,288,14.3,57.1,2,1,CROSS=EMA9>EMA21;TREND=1;STRUCT=1;VOL=1;COOL=1;EMA50=1;VWAP=1;BIAS=1,0.00,0.00,28368.81,28368.81,outside the killzone window
1408,2023.08.07 21:09:00,2023.08.07 23:39:00,SKIP,XAUUSD,M3,451,FLAT,NA,EVENING,0,0.00,0.00,0.00,0.00,1.00,0.00,0.00,0.00,0.00,0.00,0.00,0.00,0.00,0.00,0.00,0.00,0.00,0.00,1935.26,1935.26,1935.83,1935.20,1935.22,-1.166,0.49,36.24,65.63,63.06,0.52,0.49,0.03,1937.29,1936.82,94,121,71.4,14.3,1,1,CROSS=EMA9>EMA21;TREND=1;STRUCT=1;VOL=1;COOL=1;EMA50=1;VWAP=1;BIAS=1,0.00,0.00,28368.81,28368.81,outside the killzone window
1409,2023.08.08 01:00:00,2023.08.08 03:30:00,DAY_SUMMARY,XAUUSD,M3,451,FLAT,NA,DAY,0,0.00,0.00,0.00,0.00,1.00,0.00,0.00,0.00,0.00,0.00,0.00,0.00,0.00,0.00,0.00,0.00,4.07,546.71,1936.28,1936.06,1936.11,1936.27,1936.05,-0.187,0.23,29.77,55.18,54.60,-0.01,-0.09,0.09,1937.23,1936.52,39,46,71.4,14.3,28,1,CROSS=EMA9>EMA21;TREND=1;STRUCT=1;VOL=1;COOL=1;EMA50=1;VWAP=1;BIAS=1,0.00,0.00,28368.81,28368.81,2023.08.07 trades=2 W=1 L=1 gross_profit=694.40 gross_loss=147.69 net=546.71 PF=4.70
1410,2023.08.08 03:54:00,2023.08.08 06:24:00,ENTRY,XAUUSD,M3,453,SELL,FULLTGT,DAY,0,1935.61,1936.46,1936.46,0.85,1.00,0.85,1934.76,1933.90,1933.05,1932.19,1931.34,1.66,1.66,1.66,1935.61,0.00,0.00,0.00,1936.32,1936.33,1936.28,1936.35,1936.34,0.111,0.43,40.51,40.43,42.98,-0.29,-0.31,0.02,1936.48,1935.61,112,85,14.3,85.7,1,1,CROSS=EMA9<EMA21;TREND=1;STRUCT=1;VOL=1;COOL=1;EMA50=1;VWAP=1;BIAS=1,0.00,0.00,28363.00,28361.34,KZ=ASIA; KZR=NY L @ 1929.55 1687 bars ago (low taken); DAY 12AM-4PM IST session: stop x1.00 of usual; no partials; full size to TP5; SL steps BE->TP1->TP2->TP3
1411,2023.08.08 04:03:25,2023.08.08 06:33:25,TP1_REACHED,XAUUSD,M3,453,SELL,FULLTGT,DAY,0,1935.61,1936.46,1936.46,0.85,1.00,0.85,1934.76,1933.90,1933.05,1932.19,1931.34,1.66,0.00,1.66,1934.76,1.00,1.00,0.00,1936.23,1936.28,1936.26,1936.27,1936.30,0.050,0.43,40.57,37.96,44.13,-0.30,-0.30,0.00,1936.40,1935.22,139,90,14.3,85.7,1,1,CROSS=EMA9<EMA21;TREND=1;STRUCT=1;VOL=1;COOL=1;EMA50=1;VWAP=1;BIAS=1,0.98,-0.32,28363.00,28509.08,full target: no partial booked
1412,2023.08.08 04:24:33,2023.08.08 06:54:33,TP2_REACHED,XAUUSD,M3,453,SELL,FULLTGT,DAY,0,1935.61,1936.46,1936.46,0.85,1.00,0.85,1934.76,1933.90,1933.05,1932.19,1931.34,1.66,0.00,1.66,1933.90,2.00,2.00,0.00,1935.86,1936.07,1936.15,1935.92,1936.11,-0.127,0.62,53.57,34.87,34.41,-0.47,-0.38,-0.09,1935.99,1934.27,214,124,0.0,100.0,3,1,CROSS=EMA9<EMA21;TREND=1;STRUCT=1;VOL=1;COOL=1;EMA50=1;VWAP=1;BIAS=1,1.95,-0.32,28363.00,28646.86,full target: no partial booked
1413,2023.08.08 04:35:29,2023.08.08 07:05:29,TP3_REACHED,XAUUSD,M3,453,SELL,FULLTGT,DAY,0,1935.61,1936.46,1936.46,0.85,1.00,0.85,1934.76,1933.90,1933.05,1932.19,1931.34,1.66,0.00,1.66,1933.05,3.00,3.00,0.00,1935.58,1935.92,1936.07,1935.66,1935.96,-0.210,0.73,55.57,33.53,27.75,-0.67,-0.49,-0.18,1935.76,1933.62,205,140,14.3,85.7,1,1,CROSS=EMA9<EMA21;TREND=1;STRUCT=1;VOL=1;COOL=1;EMA50=1;VWAP=1;BIAS=1,2.98,-0.32,28363.00,28792.94,full target: no partial booked
1414,2023.08.08 04:53:24,2023.08.08 07:23:24,TP4_REACHED,XAUUSD,M3,453,SELL,FULLTGT,DAY,0,1935.61,1936.46,1936.46,0.85,1.00,0.85,1934.76,1933.90,1933.05,1932.19,1931.34,1.66,0.00,1.66,1932.19,4.00,4.00,0.00,1934.97,1935.56,1935.88,1935.07,1935.62,-0.404,0.79,46.33,33.77,23.90,-0.84,-0.75,-0.09,1935.25,1932.76,159,177,0.0,85.7,2,1,CROSS=EMA9<EMA21;TREND=1;STRUCT=1;VOL=1;COOL=1;EMA50=1;VWAP=1;BIAS=1,3.99,-0.32,28363.00,28937.36,full target: no partial booked
1415,2023.08.08 05:00:38,2023.08.08 07:30:38,TP5_EXIT,XAUUSD,M3,453,SELL,FULLTGT,DAY,0,1935.61,1936.46,1936.46,0.85,1.00,0.85,1934.76,1933.90,1933.05,1932.19,1931.34,1.66,1.66,0.00,1931.32,5.00,5.00,0.00,1934.63,1935.35,1935.76,1934.76,1935.42,-0.555,0.74,50.19,26.70,19.02,-0.93,-0.85,-0.09,1935.05,1931.64,153,186,0.0,85.7,2,1,CROSS=EMA9<EMA21;TREND=1;STRUCT=1;VOL=1;COOL=1;EMA50=1;VWAP=1;BIAS=1,4.99,-0.32,29069.33,29069.33,full target reached; closed in full
1416,2023.08.08 05:00:39,2023.08.08 07:30:39,EXIT_TP,XAUUSD,M3,453,SELL,FULLTGT,DAY,0,1935.61,1936.46,1936.46,0.85,1.00,0.85,1934.76,1933.90,1933.05,1932.19,1931.34,1.66,1.66,0.00,1931.32,0.00,5.02,700.52,1934.63,1935.35,1935.76,1934.76,1935.42,-0.555,0.74,50.19,26.70,19.02,-0.93,-0.85,-0.09,1935.05,1931.64,153,186,0.0,85.7,2,1,CROSS=EMA9<EMA21;TREND=1;STRUCT=1;VOL=1;COOL=1;EMA50=1;VWAP=1;BIAS=1,4.99,-0.32,29069.33,29069.33,TP5 exit
1417,2023.08.08 13:00:00,2023.08.08 15:30:00,ENTRY,XAUUSD,M3,455,BUY,FULLTGT,DAY,0,1935.02,1933.50,1933.50,1.52,1.00,1.52,1936.54,1938.06,1939.58,1941.10,1942.62,0.95,0.95,0.95,1935.02,0.00,0.00,0.00,1933.50,1933.48,1933.90,1933.44,1933.45,-0.551,0.76,21.97,61.77,60.44,0.27,0.22,0.05,1933.87,1934.96,99,152,71.4,0.0,5,1,CROSS=EMA9>EMA21;TREND=1;STRUCT=1;VOL=1;COOL=1;EMA50=1;VWAP=1;BIAS=1,0.00,0.00,29066.00,29061.25,KZ=NY; KZR=Asia L @ 1931.16 43 bars ago (low taken); DAY 12AM-4PM IST session: stop x1.00 of usual; no partials; full size to TP5; SL steps BE->TP1->TP2->TP3
1418,2023.08.08 13:09:28,2023.08.08 15:39:28,EXIT_SL,XAUUSD,M3,455,BUY,FULLTGT,DAY,0,1935.02,1933.50,1933.50,1.52,1.00,1.52,1936.54,1938.06,1939.58,1941.10,1942.62,0.95,0.95,0.00,1933.50,0.00,-1.00,-151.06,1933.59,1933.53,1933.91,1933.58,1933.52,-0.498,0.77,17.97,50.97,58.36,0.25,0.23,0.02,1933.88,1933.96,145,154,71.4,0.0,5,1,CROSS=EMA9>EMA21;TREND=1;STRUCT=1;VOL=1;COOL=1;EMA50=1;VWAP=1;BIAS=1,0.25,-0.99,28918.27,28918.27,stopped at the initial SL (x1.00 of usual)
1419,2023.08.08 13:33:00,2023.08.08 16:03:00,ENTRY,XAUUSD,M3,457,SELL,FULLTGT,EVENING,0,1932.04,1933.36,1933.36,1.32,1.00,1.32,1930.72,1929.41,1928.09,1926.77,1925.45,1.09,1.09,1.09,1932.04,0.00,0.00,0.00,1933.44,1933.46,1933.85,1933.50,1933.49,-0.587,0.66,31.31,34.08,43.18,-0.26,0.03,-0.29,1933.85,1932.06,150,140,0.0,100.0,5,1,CROSS=EMA9<EMA21;TREND=1;STRUCT=1;VOL=1;COOL=1;EMA50=1;VWAP=1;BIAS=1,0.00,0.00,28914.45,28909.00,KZ=NY; KZR=Asia L @ 1931.16 54 bars ago (low taken); EVENING 4PM-12AM IST session: stop x1.00 of usual; no partials; full size to TP5; SL steps BE->TP1->TP2->TP3
1420,2023.08.08 13:59:24,2023.08.08 16:29:24,TP1_REACHED,XAUUSD,M3,457,SELL,FULLTGT,EVENING,0,1932.04,1933.36,1933.36,1.32,1.00,1.32,1930.72,1929.41,1928.09,1926.77,1925.45,1.09,0.00,1.09,1930.72,1.00,1.00,0.00,1933.04,1933.24,1933.70,1933.10,1933.27,-0.843,0.55,31.83,36.72,41.65,-0.48,-0.43,-0.05,1933.78,1931.64,141,133,0.0,100.0,5,1,CROSS=EMA9<EMA21;TREND=1;STRUCT=1;VOL=1;COOL=1;EMA50=1;VWAP=1;BIAS=1,0.99,-0.45,28914.45,29059.42,full target: no partial booked
1421,2023.08.08 14:50:39,2023.08.08 17:20:39,TP2_REACHED,XAUUSD,M3,457,SELL,FULLTGT,EVENING,0,1932.04,1933.36,1933.36,1.32,1.00,1.32,1930.72,1929.41,1928.09,1926.77,1925.45,1.09,0.00,1.09,1929.41,2.00,2.00,0.00,1932.10,1932.65,1933.31,1932.20,1932.71,-0.821,0.81,33.51,30.41,34.73,-0.67,-0.40,-0.27,1933.56,1929.76,158,170,0.0,85.7,5,1,CROSS=EMA9<EMA21;TREND=1;STRUCT=1;VOL=1;COOL=1;EMA50=1;VWAP=1;BIAS=1,1.97,-0.99,28914.45,29202.21,full target: no partial booked
1422,2023.08.08 15:01:02,2023.08.08 17:31:02,TP3_REACHED,XAUUSD,M3,457,SELL,FULLTGT,EVENING,0,1932.04,1933.36,1933.36,1.32,1.00,1.32,1930.72,1929.41,1928.09,1926.77,1925.45,1.09,0.00,1.09,1928.09,3.00,3.00,0.00,1931.64,1932.37,1933.14,1931.76,1932.44,-1.007,0.77,49.81,27.13,30.73,-0.91,-0.67,-0.24,1933.45,1928.82,180,186,0.0,85.7,5,1,CROSS=EMA9<EMA21;TREND=1;STRUCT=1;VOL=1;COOL=1;EMA50=1;VWAP=1;BIAS=1,2.99,-0.99,28914.45,29347.18,full target: no partial booked
1423,2023.08.08 15:01:35,2023.08.08 17:31:35,TP4_REACHED,XAUUSD,M3,457,SELL,FULLTGT,EVENING,0,1932.04,1933.36,1933.36,1.32,1.00,1.32,1930.72,1929.41,1928.09,1926.77,1925.45,1.09,0.00,1.09,1926.77,4.00,4.00,0.00,1931.64,1932.37,1933.14,1931.76,1932.44,-1.007,0.77,49.81,27.13,30.73,-0.91,-0.67,-0.24,1933.45,1928.82,180,186,0.0,85.7,5,1,CROSS=EMA9<EMA21;TREND=1;STRUCT=1;VOL=1;COOL=1;EMA50=1;VWAP=1;BIAS=1,3.99,-0.99,28914.45,29491.06,full target: no partial booked
1424,2023.08.08 15:09:29,2023.08.08 17:39:29,TP5_EXIT,XAUUSD,M3,457,SELL,FULLTGT,EVENING,0,1932.04,1933.36,1933.36,1.32,1.00,1.32,1930.72,1929.41,1928.09,1926.77,1925.45,1.09,1.09,0.00,1925.44,5.00,5.00,0.00,1931.10,1932.05,1932.96,1931.31,1932.17,-0.947,0.96,61.47,16.22,25.40,-1.32,-0.90,-0.42,1933.28,1925.99,339,208,0.0,100.0,5,1,CROSS=EMA9<EMA21;TREND=1;STRUCT=1;VOL=1;COOL=1;EMA50=1;VWAP=1;BIAS=1,4.98,-0.99,29630.03,29630.03,full target reached; closed in full
1425,2023.08.08 15:09:30,2023.08.08 17:39:30,EXIT_TP,XAUUSD,M3,457,SELL,FULLTGT,EVENING,0,1932.04,1933.36,1933.36,1.32,1.00,1.32,1930.72,1929.41,1928.09,1926.77,1925.45,1.09,1.09,0.00,1925.44,0.00,5.01,711.76,1931.10,1932.05,1932.96,1931.31,1932.17,-0.947,0.96,61.47,16.22,25.40,-1.32,-0.90,-0.42,1933.28,1925.99,339,208,0.0,100.0,5,1,CROSS=EMA9<EMA21;TREND=1;STRUCT=1;VOL=1;COOL=1;EMA50=1;VWAP=1;BIAS=1,4.98,-0.99,29630.03,29630.03,TP5 exit
1426,2023.08.09 01:00:00,2023.08.09 03:30:00,DAY_SUMMARY,XAUUSD,M3,457,FLAT,NA,DAY,0,0.00,0.00,0.00,0.00,1.00,0.00,0.00,0.00,0.00,0.00,0.00,0.00,0.00,0.00,0.00,0.00,9.03,1261.22,1925.27,1925.72,1927.00,1925.28,1925.73,-6.927,0.19,16.60,51.99,49.56,-0.07,-0.09,0.02,1929.92,1925.22,46,39,42.9,42.9,50,1,CROSS=EMA9<EMA21;TREND=1;STRUCT=1;VOL=1;COOL=1;EMA50=1;VWAP=1;BIAS=1,0.00,0.00,29630.03,29630.03,2023.08.08 trades=3 W=2 L=1 gross_profit=1412.28 gross_loss=151.06 net=1261.22 PF=9.35
1427,2023.08.09 03:42:00,2023.08.09 06:12:00,ENTRY,XAUUSD,M3,459,BUY,FULLTGT,DAY,0,1926.56,1925.95,1925.95,0.61,1.00,0.61,1927.17,1927.78,1928.39,1929.01,1929.62,2.42,2.42,2.42,1926.56,0.00,0.00,0.00,1925.64,1925.63,1926.39,1925.61,1925.62,-2.479,0.31,26.01,65.73,65.94,0.22,0.16,0.06,1925.58,1926.51,69,57,100.0,0.0,5,1,CROSS=EMA9>EMA21;TREND=1;STRUCT=1;VOL=1;COOL=1;EMA50=1;VWAP=1;BIAS=1,0.00,0.00,29621.56,29609.46,KZ=ASIA; KZR=NY L @ 1925.68 250 bars ago (low taken); DAY 12AM-4PM IST session: stop x1.00 of usual; no partials; full size to TP5; SL steps BE->TP1->TP2->TP3
1428,2023.08.09 03:48:03,2023.08.09 06:18:03,EXIT_SL,XAUUSD,M3,459,BUY,FULLTGT,DAY,0,1926.56,1925.95,1925.95,0.61,1.00,0.61,1927.17,1927.78,1928.39,1929.01,1929.62,2.42,2.42,0.00,1925.90,0.00,-1.08,-176.66,1925.68,1925.65,1926.39,1925.67,1925.65,-2.473,0.30,23.85,53.07,62.75,0.20,0.17,0.03,1925.61,1926.01,37,56,71.4,0.0,5,1,CROSS=EMA9>EMA21;TREND=1;STRUCT=1;VOL=1;COOL=1;EMA50=1;VWAP=1;BIAS=1,0.00,-0.98,29453.37,29453.37,stopped at the initial SL (x1.00 of usual)
1429,2023.08.09 04:00:00,2023.08.09 06:30:00,ENTRY,XAUUSD,M3,461,SELL,FULLTGT,DAY,0,1925.09,1925.77,1925.77,0.68,1.00,0.68,1924.41,1923.73,1923.05,1922.38,1921.70,2.17,2.17,2.17,1925.09,0.00,0.00,0.00,1925.62,1925.63,1926.35,1925.65,1925.64,-2.116,0.34,30.73,38.48,40.75,-0.04,0.13,-0.17,1925.57,1925.12,98,65,14.3,85.7,5,1,CROSS=EMA9<EMA21;TREND=1;STRUCT=1;VOL=1;COOL=1;EMA50=1;VWAP=1;BIAS=1,0.00,0.00,29445.77,29434.92,KZ=ASIA; KZR=NY L @ 1925.68 256 bars ago (low taken); DAY 12AM-4PM IST session: stop x1.00 of usual; no partials; full size to TP5; SL steps BE->TP1->TP2->TP3
1430,2023.08.09 04:02:04,2023.08.09 06:32:04,TP1_REACHED,XAUUSD,M3,461,SELL,FULLTGT,DAY,0,1925.09,1925.77,1925.77,0.68,1.00,0.68,1924.41,1923.73,1923.05,1922.38,1921.70,2.17,0.00,2.17,1924.41,1.00,1.00,0.00,1925.62,1925.63,1926.35,1925.65,1925.64,-2.116,0.34,30.73,38.48,40.75,-0.04,0.13,-0.17,1925.57,1925.12,98,65,14.3,85.7,5,1,CROSS=EMA9<EMA21;TREND=1;STRUCT=1;VOL=1;COOL=1;EMA50=1;VWAP=1;BIAS=1,0.96,-0.04,29445.77,29597.67,full target: no partial booked
1431,2023.08.09 04:11:33,2023.08.09 06:41:33,EXIT_SL,XAUUSD,M3,461,SELL,FULLTGT,DAY,0,1925.09,1925.77,1925.77,0.68,1.00,0.68,1924.41,1923.73,1923.05,1922.38,1921.70,2.17,2.17,0.00,1925.77,0.00,-1.00,-162.76,1925.56,1925.59,1926.31,1925.57,1925.60,-1.715,0.42,37.37,45.23,43.91,-0.15,0.02,-0.17,1925.48,1925.28,107,76,14.3,85.7,5,1,CROSS=EMA9<EMA21;TREND=1;STRUCT=1;VOL=1;COOL=1;EMA50=1;VWAP=1;BIAS=1,1.09,-0.94,29290.61,29290.61,stopped at the initial SL (x1.00 of usual)
1432,2023.08.09 04:21:00,2023.08.09 06:51:00,ENTRY,XAUUSD,M3,463,BUY,FULLTGT,DAY,0,1927.19,1926.11,1926.11,1.08,1.00,1.08,1928.27,1929.36,1930.44,1931.53,1932.61,1.35,1.35,1.35,1927.19,0.00,0.00,0.00,1925.67,1925.64,1926.30,1925.60,1925.61,-1.218,0.54,29.09,67.50,67.62,0.12,-0.06,0.18,1925.60,1927.14,153,95,100.0,0.0,5,1,CROSS=EMA9>EMA21;TREND=1;STRUCT=1;VOL=1;COOL=1;EMA50=1;VWAP=1;BIAS=1,0.00,0.00,29285.88,29279.13,KZ=ASIA; KZR=NY L @ 1925.68 263 bars ago (low taken); DAY 12AM-4PM IST session: stop x1.00 of usual; no partials; full size to TP5; SL steps BE->TP1->TP2->TP3
1433,2023.08.09 04:34:12,2023.08.09 07:04:12,TP1_REACHED,XAUUSD,M3,463,BUY,FULLTGT,DAY,0,1927.19,1926.11,1926.11,1.08,1.00,1.08,1928.27,1929.36,1930.44,1931.53,1932.61,1.35,0.00,1.35,1928.27,1.00,1.00,0.00,1925.89,1925.76,1926.34,1925.82,1925.72,-0.873,0.66,33.96,67.83,68.39,0.40,0.10,0.31,1925.83,1927.66,191,113,100.0,0.0,5,1,CROSS=EMA9>EMA21;TREND=1;STRUCT=1;VOL=1;COOL=1;EMA50=1;VWAP=1;BIAS=1,0.99,-0.67,29285.88,29433.03,full target: no partial booked
1434,2023.08.09 05:32:33,2023.08.09 08:02:33,TP2_REACHED,XAUUSD,M3,463,BUY,FULLTGT,DAY,0,1927.19,1926.11,1926.11,1.08,1.00,1.08,1928.27,1929.36,1930.44,1931.53,1932.61,1.35,0.00,1.35,1929.36,2.00,2.00,0.00,1927.14,1926.54,1926.66,1927.07,1926.49,-0.240,0.52,33.18,65.80,68.12,0.50,0.48,0.02,1926.76,1928.83,84,144,85.7,0.0,5,1,CROSS=EMA9>EMA21;TREND=1;STRUCT=1;VOL=1;COOL=1;EMA50=1;VWAP=1;BIAS=1,1.98,-0.67,29285.88,29578.83,full target: no partial booked
1435,2023.08.09 05:52:33,2023.08.09 08:22:33,TP3_REACHED,XAUUSD,M3,463,BUY,FULLTGT,DAY,0,1927.19,1926.11,1926.11,1.08,1.00,1.08,1928.27,1929.36,1930.44,1931.53,1932.61,1.35,0.00,1.35,1930.44,3.00,3.00,0.00,1927.69,1926.91,1926.85,1927.61,1926.86,0.117,0.56,40.14,68.80,74.22,0.62,0.57,0.05,1927.06,1929.73,114,122,85.7,0.0,12,1,CROSS=EMA9>EMA21;TREND=1;STRUCT=1;VOL=1;COOL=1;EMA50=1;VWAP=1;BIAS=1,2.98,-0.67,29285.88,29725.98,full target: no partial booked
1436,2023.08.09 08:09:34,2023.08.09 10:39:34,TP4_REACHED,XAUUSD,M3,463,BUY,FULLTGT,DAY,0,1927.19,1926.11,1926.11,1.08,1.00,1.08,1928.27,1929.36,1930.44,1931.53,1932.61,1.35,0.00,1.35,1931.53,4.00,4.00,0.00,1929.95,1928.95,1928.11,1929.89,1928.90,1.995,0.42,21.29,65.55,60.94,0.25,0.19,0.06,1928.14,1931.40,95,71,85.7,0.0,5,1,CROSS=EMA9>EMA21;TREND=1;STRUCT=1;VOL=1;COOL=1;EMA50=1;VWAP=1;BIAS=1,3.95,-0.67,29285.88,29873.13,full target: no partial booked
1437,2023.08.09 11:45:00,2023.08.09 14:15:00,SKIP,XAUUSD,M3,463,BUY,FULLTGT,DAY,0,1927.19,1926.11,1926.11,1.08,1.00,1.08,1928.27,1929.36,1930.44,1931.53,1932.61,1.35,0.00,0.00,0.00,0.00,0.00,0.00,1929.76,1929.77,1929.17,1929.81,1929.80,1.066,0.56,25.62,36.63,37.30,-0.48,-0.38,-0.10,1929.04,1928.46,111,126,0.0,85.7,5,1,CROSS=EMA9>EMA21;TREND=1;STRUCT=1;VOL=1;COOL=1;EMA50=1;VWAP=1;BIAS=1,4.80,-0.67,29285.88,29457.33,outside the killzone window
1438,2023.08.09 12:51:04,2023.08.09 15:21:04,EXIT_SL,XAUUSD,M3,463,BUY,FULLTGT,DAY,0,1927.19,1926.11,1926.11,1.08,1.00,1.08,1928.27,1929.36,1930.44,1931.53,1932.61,1.35,1.35,0.00,1926.10,0.00,-1.01,-156.61,1928.50,1929.02,1928.88,1928.59,1929.07,0.298,0.48,42.28,27.14,30.27,-0.49,-0.42,-0.07,1928.90,1926.33,156,114,0.0,100.0,11,1,CROSS=EMA9>EMA21;TREND=1;STRUCT=1;VOL=1;COOL=1;EMA50=1;VWAP=1;BIAS=1,4.80,-0.96,29134.00,29134.00,stopped at the initial SL (x1.00 of usual)
1439,2023.08.10 01:00:00,2023.08.10 03:30:00,DAY_SUMMARY,XAUUSD,M3,463,FLAT,NA,DAY,0,0.00,0.00,0.00,0.00,1.00,0.00,0.00,0.00,0.00,0.00,0.00,0.00,0.00,0.00,0.00,0.00,-3.09,-496.03,1915.51,1916.61,1919.01,1915.54,1916.65,-7.011,0.34,34.59,42.57,38.41,-0.34,-0.36,0.02,1923.87,1914.70,31,49,14.3,71.4,21,1,CROSS=EMA9>EMA21;TREND=1;STRUCT=1;VOL=1;COOL=1;EMA50=1;VWAP=1;BIAS=1,0.00,0.00,29134.00,29134.00,2023.08.09 trades=3 W=0 L=3 gross_profit=0.00 gross_loss=496.03 net=-496.03 PF=0.00
1440,2023.08.10 04:39:00,2023.08.10 07:09:00,SKIP,XAUUSD,M3,463,FLAT,NA,DAY,0,0.00,0.00,0.00,0.00,1.00,0.00,0.00,0.00,0.00,0.00,0.00,0.00,0.00,0.00,0.00,0.00,0.00,0.00,1916.55,1916.53,1917.68,1916.48,1916.50,-1.570,0.73,44.41,69.21,66.90,0.32,0.09,0.24,1916.49,1918.20,208,124,100.0,0.0,5,1,CROSS=EMA9>EMA21;TREND=1;STRUCT=1;VOL=1;COOL=1;EMA50=1;VWAP=1;BIAS=1,0.00,0.00,29134.00,29134.00,already positioned that way
1441,2023.08.10 09:18:00,2023.08.10 11:48:00,SKIP,XAUUSD,M3,463,FLAT,NA,DAY,0,0.00,0.00,0.00,0.00,1.00,0.00,0.00,0.00,0.00,0.00,0.00,0.00,0.00,0.00,0.00,0.00,0.00,0.00,1917.52,1917.52,1917.76,1917.54,1917.54,-0.285,0.82,25.73,46.37,44.84,-0.18,0.02,-0.20,1917.32,1916.95,115,116,0.0,85.7,5,1,CROSS=EMA9>EMA21;TREND=1;STRUCT=1;VOL=1;COOL=1;EMA50=1;VWAP=1;BIAS=1,0.00,0.00,29134.00,29134.00,outside the killzone window
1442,2023.08.10 09:48:00,2023.08.10 12:18:00,SKIP,XAUUSD,M3,463,FLAT,NA,DAY,0,0.00,0.00,0.00,0.00,1.00,0.00,0.00,0.00,0.00,0.00,0.00,0.00,0.00,0.00,0.00,0.00,0.00,0.00,1917.55,1917.54,1917.74,1917.52,1917.52,-0.287,0.71,28.17,60.00,54.54,0.14,-0.05,0.19,1917.33,1918.42,118,130,85.7,0.0,5,1,CROSS=EMA9>EMA21;TREND=1;STRUCT=1;VOL=1;COOL=1;EMA50=1;VWAP=1;BIAS=1,0.00,0.00,29134.00,29134.00,outside the killzone window
1443,2023.08.10 17:27:00,2023.08.10 19:57:00,SKIP,XAUUSD,M3,463,FLAT,NA,EVENING,0,0.00,0.00,0.00,0.00,1.00,0.00,0.00,0.00,0.00,0.00,0.00,0.00,0.00,0.00,0.00,0.00,0.00,0.00,1921.47,1921.51,1920.72,1921.64,1921.60,0.492,1.62,45.79,36.37,34.95,-1.71,-1.13,-0.57,1920.45,1917.32,357,422,0.0,85.7,5,1,CROSS=EMA9>EMA21;TREND=1;STRUCT=1;VOL=1;COOL=1;EMA50=1;VWAP=1;BIAS=1,0.00,0.00,29134.00,29134.00,outside the killzone window
1444,2023.08.11 04:42:00,2023.08.11 07:12:00,SKIP,XAUUSD,M3,463,FLAT,NA,DAY,0,0.00,0.00,0.00,0.00,1.00,0.00,0.00,0.00,0.00,0.00,0.00,0.00,0.00,0.00,0.00,0.00,0.00,0.00,1913.99,1913.97,1915.00,1913.93,1913.94,-1.836,0.56,37.13,65.34,66.26,0.43,0.48,-0.05,1913.65,1915.46,121,117,85.7,14.3,5,1,CROSS=EMA9>EMA21;TREND=1;STRUCT=1;VOL=1;COOL=1;EMA50=1;VWAP=1;BIAS=1,0.00,0.00,29134.00,29134.00,already positioned that way
1445,2023.08.11 07:36:00,2023.08.11 10:06:00,SKIP,XAUUSD,M3,463,FLAT,NA,DAY,0,0.00,0.00,0.00,0.00,1.00,0.00,0.00,0.00,0.00,0.00,0.00,0.00,0.00,0.00,0.00,0.00,0.00,0.00,1914.32,1914.33,1914.81,1914.36,1914.35,-1.270,0.38,28.10,35.83,39.79,-0.24,-0.12,-0.12,1914.15,1913.36,80,50,0.0,100.0,5,1,CROSS=EMA9>EMA21;TREND=1;STRUCT=1;VOL=1;COOL=1;EMA50=1;VWAP=1;BIAS=1,0.00,0.00,29134.00,29134.00,outside the killzone window
1446,2023.08.11 08:54:00,2023.08.11 11:24:00,SKIP,XAUUSD,M3,463,FLAT,NA,DAY,0,0.00,0.00,0.00,0.00,1.00,0.00,0.00,0.00,0.00,0.00,0.00,0.00,0.00,0.00,0.00,0.00,0.00,0.00,1914.24,1914.22,1914.62,1914.18,1914.19,-0.716,0.57,44.65,66.86,68.83,0.50,0.28,0.22,1914.17,1915.54,128,93,85.7,14.3,5,1,CROSS=EMA9>EMA21;TREND=1;STRUCT=1;VOL=1;COOL=1;EMA50=1;VWAP=1;BIAS=1,0.00,0.00,29134.00,29134.00,outside the killzone window
1447,2023.08.11 16:03:00,2023.08.11 18:33:00,SKIP,XAUUSD,M3,463,FLAT,NA,EVENING,0,0.00,0.00,0.00,0.00,1.00,0.00,0.00,0.00,0.00,0.00,0.00,0.00,0.00,0.00,0.00,0.00,0.00,0.00,1917.51,1917.52,1916.98,1917.57,1917.54,0.288,1.86,22.09,45.49,42.55,-0.89,-0.72,-0.17,1916.26,1916.27,403,323,28.6,57.1,5,1,CROSS=EMA9<EMA21;TREND=1;STRUCT=1;VOL=1;COOL=1;EMA50=1;VWAP=0;BIAS=1,0.00,0.00,29134.00,29134.00,quality filter
1448,2023.08.11 17:42:00,2023.08.11 20:12:00,SKIP,XAUUSD,M3,463,FLAT,NA,EVENING,0,0.00,0.00,0.00,0.00,1.00,0.00,0.00,0.00,0.00,0.00,0.00,0.00,0.00,0.00,0.00,0.00,0.00,0.00,1917.23,1917.22,1916.93,1917.17,1917.19,0.164,1.78,20.84,56.81,56.71,0.60,0.60,-0.01,1916.40,1918.67,291,378,57.1,14.3,5,1,CROSS=EMA9<EMA21;TREND=1;STRUCT=1;VOL=1;COOL=1;EMA50=1;VWAP=0;BIAS=1,0.00,0.00,29134.00,29134.00,outside the killzone window
1449,2023.08.11 18:42:00,2023.08.11 21:12:00,SKIP,XAUUSD,M3,463,FLAT,NA,EVENING,0,0.00,0.00,0.00,0.00,1.00,0.00,0.00,0.00,0.00,0.00,0.00,0.00,0.00,0.00,0.00,0.00,0.00,0.00,1917.25,1917.29,1917.04,1917.37,1917.35,0.253,1.01,54.42,30.33,35.62,-0.73,-0.25,-0.49,1916.54,1914.25,257,257,0.0,85.7,5,1,CROSS=EMA9<EMA21;TREND=1;STRUCT=1;VOL=1;COOL=1;EMA50=1;VWAP=0;BIAS=1,0.00,0.00,29134.00,29134.00,outside the killzone window
1450,2023.08.14 01:00:00,2023.08.14 03:30:00,WEEK_SUMMARY,XAUUSD,M3,463,FLAT,NA,DAY,0,0.00,0.00,0.00,0.00,1.00,0.00,0.00,0.00,0.00,0.00,0.00,0.00,0.00,0.00,0.00,0.00,10.01,1311.90,1913.46,1913.97,1914.81,1913.46,1913.98,-2.998,0.28,34.24,54.63,53.26,0.09,0.01,0.08,1916.06,1913.62,80,47,57.1,42.9,32,1,CROSS=EMA9<EMA21;TREND=1;STRUCT=1;VOL=1;COOL=1;EMA50=1;VWAP=0;BIAS=1,0.00,0.00,29134.00,29134.00,days=3 trades=8 W=3 L=5 gross_profit=2106.68 gross_loss=794.78 net=1311.90 PF=2.65 pips=1060.0
1451,2023.08.14 08:33:00,2023.08.14 11:03:00,SKIP,XAUUSD,M3,463,FLAT,NA,DAY,0,0.00,0.00,0.00,0.00,1.00,0.00,0.00,0.00,0.00,0.00,0.00,0.00,0.00,0.00,0.00,0.00,0.00,0.00,1912.51,1912.49,1912.95,1912.45,1912.46,-1.010,0.46,27.14,69.55,66.07,0.19,-0.02,0.21,1912.16,1913.88,155,73,100.0,0.0,5,1,CROSS=EMA9<EMA21;TREND=1;STRUCT=1;VOL=1;COOL=1;EMA50=1;VWAP=0;BIAS=1,0.00,0.00,29134.00,29134.00,outside the killzone window
1452,2023.08.14 10:06:00,2023.08.14 12:36:00,SKIP,XAUUSD,M3,463,FLAT,NA,DAY,0,0.00,0.00,0.00,0.00,1.00,0.00,0.00,0.00,0.00,0.00,0.00,0.00,0.00,0.00,0.00,0.00,0.00,0.00,1912.49,1912.52,1912.86,1912.56,1912.56,-0.486,0.69,25.63,35.53,31.71,-0.32,-0.15,-0.16,1912.24,1910.85,250,111,0.0,100.0,5,1,CROSS=EMA9<EMA21;TREND=1;STRUCT=1;VOL=1;COOL=1;EMA50=1;VWAP=0;BIAS=1,0.00,0.00,29134.00,29134.00,outside the killzone window
1453,2023.08.14 10:42:00,2023.08.14 13:12:00,SKIP,XAUUSD,M3,463,FLAT,NA,DAY,0,0.00,0.00,0.00,0.00,1.00,0.00,0.00,0.00,0.00,0.00,0.00,0.00,0.00,0.00,0.00,0.00,0.00,0.00,1912.61,1912.57,1912.84,1912.52,1912.53,-0.280,0.97,26.16,66.70,66.19,0.31,-0.04,0.35,1912.29,1914.72,249,172,100.0,0.0,11,1,CROSS=EMA9<EMA21;TREND=1;STRUCT=1;VOL=1;COOL=1;EMA50=1;VWAP=0;BIAS=1,0.00,0.00,29134.00,29134.00,outside the killzone window
1454,2023.08.14 15:12:00,2023.08.14 17:42:00,ENTRY,XAUUSD,M3,465,SELL,FULLTGT,EVENING,0,1909.08,1910.73,1910.73,1.65,1.00,1.65,1907.43,1905.78,1904.13,1902.47,1900.82,0.88,0.88,0.88,1909.08,0.00,0.00,0.00,1913.66,1913.67,1913.53,1913.85,1913.76,0.172,0.83,30.06,18.56,26.54,-0.63,-0.12,-0.51,1912.95,1909.08,381,139,0.0,100.0,10,1,CROSS=EMA9<EMA21;TREND=1;STRUCT=1;VOL=1;COOL=1;EMA50=1;VWAP=1;BIAS=1,0.00,0.00,29130.92,29122.12,KZ=NY; KZR=Asia L @ 1910.10 0 bars ago (low taken); EVENING 4PM-12AM IST session: stop x1.00 of usual; no partials; full size to TP5; SL steps BE->TP1->TP2->TP3
1455,2023.08.14 15:24:29,2023.08.14 17:54:29,TP1_REACHED,XAUUSD,M3,465,SELL,FULLTGT,EVENING,0,1909.08,1910.73,1910.73,1.65,1.00,1.65,1907.43,1905.78,1904.13,1902.47,1900.82,0.88,0.00,0.88,1907.43,1.00,1.00,0.00,1912.91,1913.28,1913.33,1913.11,1913.39,-0.048,1.15,45.21,24.35,22.50,-1.42,-0.63,-0.79,1912.79,1907.97,363,187,0.0,100.0,5,1,CROSS=EMA9<EMA21;TREND=1;STRUCT=1;VOL=1;COOL=1;EMA50=1;VWAP=1;BIAS=1,0.97,-0.66,29130.92,29277.00,full target: no partial booked
1456,2023.08.14 15:51:05,2023.08.14 18:21:05,EXIT_SL,XAUUSD,M3,465,SELL,FULLTGT,EVENING,0,1909.08,1910.73,1910.73,1.65,1.00,1.65,1907.43,1905.78,1904.13,1902.47,1900.82,0.88,0.88,0.00,1910.75,0.00,-1.01,-153.12,1911.53,1912.46,1912.90,1911.59,1912.50,-0.238,1.85,33.95,49.65,40.39,-1.17,-1.58,0.41,1912.40,1910.27,309,285,28.6,71.4,5,1,CROSS=EMA9<EMA21;TREND=1;STRUCT=1;VOL=1;COOL=1;EMA50=1;VWAP=1;BIAS=1,1.85,-0.99,28980.88,28980.88,stopped at the initial SL (x1.00 of usual)
1457,2023.08.14 19:30:00,2023.08.14 22:00:00,SKIP,XAUUSD,M3,465,FLAT,NA,EVENING,0,0.00,0.00,0.00,0.00,1.00,0.00,0.00,0.00,0.00,0.00,0.00,0.00,0.00,0.00,0.00,0.00,0.00,0.00,1910.23,1910.20,1910.97,1910.15,1910.16,-0.972,0.79,29.40,61.71,63.24,0.66,0.70,-0.05,1910.91,1912.31,203,197,85.7,14.3,5,1,CROSS=EMA9<EMA21;TREND=1;STRUCT=1;VOL=1;COOL=1;EMA50=1;VWAP=1;BIAS=1,0.00,0.00,28980.88,28980.88,outside the killzone window
1458,2023.08.14 21:39:00,2023.08.15 00:09:00,SKIP,XAUUSD,M3,465,FLAT,NA,DAY,0,0.00,0.00,0.00,0.00,1.00,0.00,0.00,0.00,0.00,0.00,0.00,0.00,0.00,0.00,0.00,0.00,0.00,0.00,1910.66,1910.68,1911.04,1910.73,1910.71,-0.909,0.40,58.88,25.82,31.96,-0.68,-0.58,-0.10,1910.96,1908.95,107,110,0.0,85.7,5,1,CROSS=EMA9<EMA21;TREND=1;STRUCT=1;VOL=1;COOL=1;EMA50=1;VWAP=1;BIAS=1,0.00,0.00,28980.88,28980.88,outside the killzone window
1459,2023.08.15 01:00:00,2023.08.15 03:30:00,DAY_SUMMARY,XAUUSD,M3,465,FLAT,NA,DAY,0,0.00,0.00,0.00,0.00,1.00,0.00,0.00,0.00,0.00,0.00,0.00,0.00,0.00,0.00,0.00,0.00,-1.01,-153.12,1908.12,1908.87,1909.80,1908.15,1908.90,-3.397,0.27,22.71,41.80,36.84,-0.14,-0.14,0.00,1910.80,1907.42,34,41,14.3,57.1,37,1,CROSS=EMA9<EMA21;TREND=1;STRUCT=1;VOL=1;COOL=1;EMA50=1;VWAP=1;BIAS=1,0.00,0.00,28980.88,28980.88,2023.08.14 trades=1 W=0 L=1 gross_profit=0.00 gross_loss=153.12 net=-153.12 PF=0.00
1460,2023.08.15 17:27:00,2023.08.15 19:57:00,SKIP,XAUUSD,M3,465,FLAT,NA,EVENING,0,0.00,0.00,0.00,0.00,1.00,0.00,0.00,0.00,0.00,0.00,0.00,0.00,0.00,0.00,0.00,0.00,0.00,0.00,1903.96,1903.93,1904.50,1903.86,1903.87,-0.373,1.54,21.63,60.60,58.10,0.50,0.20,0.30,1904.54,1906.43,352,413,71.4,0.0,5,1,CROSS=EMA9<EMA21;TREND=1;STRUCT=1;VOL=1;COOL=1;EMA50=1;VWAP=1;BIAS=1,0.00,0.00,28980.88,28980.88,outside the killzone window
1461,2023.08.15 20:21:00,2023.08.15 22:51:00,SKIP,XAUUSD,M3,465,FLAT,NA,EVENING,0,0.00,0.00,0.00,0.00,1.00,0.00,0.00,0.00,0.00,0.00,0.00,0.00,0.00,0.00,0.00,0.00,0.00,0.00,1905.48,1905.49,1905.38,1905.53,1905.51,0.184,0.58,42.46,43.13,44.87,-0.68,-0.85,0.17,1905.17,1904.24,241,187,14.3,85.7,10,1,CROSS=EMA9<EMA21;TREND=1;STRUCT=1;VOL=1;COOL=1;EMA50=1;VWAP=1;BIAS=1,0.00,0.00,28980.88,28980.88,outside the killzone window
1462,2023.08.16 05:12:00,2023.08.16 07:42:00,ENTRY,XAUUSD,M3,467,BUY,FULLTGT,DAY,0,1903.66,1902.28,1902.28,1.38,1.00,1.38,1905.04,1906.42,1907.80,1909.19,1910.57,1.04,1.04,1.04,1903.66,0.00,0.00,0.00,1902.46,1902.45,1902.99,1902.41,1902.43,-0.782,0.69,29.97,59.29,61.27,0.39,0.36,0.02,1902.24,1903.60,159,197,85.7,0.0,5,1,CROSS=EMA9>EMA21;TREND=1;STRUCT=1;VOL=1;COOL=1;EMA50=1;VWAP=1;BIAS=1,0.00,0.00,28977.24,28972.04,KZ=ASIA; KZR=NY L @ 1902.74 314 bars ago (low taken); DAY 12AM-4PM IST session: stop x1.00 of usual; no partials; full size to TP5; SL steps BE->TP1->TP2->TP3
1463,2023.08.16 06:18:35,2023.08.16 08:48:35,TP1_REACHED,XAUUSD,M3,467,BUY,FULLTGT,DAY,0,1903.66,1902.28,1902.28,1.38,1.00,1.38,1905.04,1906.42,1907.80,1909.19,1910.57,1.04,0.00,1.04,1905.04,1.00,1.00,0.00,1903.51,1903.09,1903.24,1903.45,1903.05,-0.314,0.48,33.60,62.30,62.52,0.34,0.33,0.01,1902.74,1904.85,92,118,85.7,0.0,5,1,CROSS=EMA9>EMA21;TREND=1;STRUCT=1;VOL=1;COOL=1;EMA50=1;VWAP=1;BIAS=1,1.00,-0.41,28977.24,29122.84,full target: no partial booked
1464,2023.08.16 09:33:35,2023.08.16 12:03:35,TP2_REACHED,XAUUSD,M3,467,BUY,FULLTGT,DAY,0,1903.66,1902.28,1902.28,1.38,1.00,1.38,1905.04,1906.42,1907.80,1909.19,1910.57,1.04,0.00,1.04,1906.42,2.00,2.00,0.00,1904.78,1904.24,1903.88,1904.72,1904.21,0.587,0.62,42.05,65.47,70.87,0.45,0.36,0.08,1903.47,1906.13,147,159,85.7,0.0,5,1,CROSS=EMA9>EMA21;TREND=1;STRUCT=1;VOL=1;COOL=1;EMA50=1;VWAP=1;BIAS=1,1.98,-0.65,28977.24,29266.36,full target: no partial booked
1465,2023.08.16 15:03:00,2023.08.16 17:33:00,FLIP,XAUUSD,M3,467,BUY,FULLTGT,EVENING,0,1903.66,1902.28,1902.28,1.38,1.00,1.38,1905.04,1906.42,1907.80,1909.19,1910.57,1.04,0.00,0.00,1903.62,0.00,-0.03,0.00,1905.26,1905.29,1904.91,1905.33,1905.32,0.684,0.55,66.17,31.05,17.97,-0.68,-0.53,-0.15,1904.32,1903.56,219,125,14.3,85.7,5,1,CROSS=EMA9<EMA21;TREND=1;STRUCT=1;VOL=1;COOL=1;EMA50=1;VWAP=1;BIAS=1,2.56,-0.70,28977.24,28973.08,opposite signal before SL/target | BUY -> SELL | closing trade 467
1466,2023.08.16 15:03:00,2023.08.16 17:33:00,EXIT_FLIP,XAUUSD,M3,467,BUY,FULLTGT,EVENING,0,1903.66,1902.28,1902.28,1.38,1.00,1.38,1905.04,1906.42,1907.80,1909.19,1910.57,1.04,1.04,0.00,1903.62,0.00,-0.03,0.00,1905.26,1905.29,1904.91,1905.33,1905.32,0.684,0.55,66.17,31.05,17.97,-0.68,-0.53,-0.15,1904.32,1903.56,219,125,14.3,85.7,5,1,CROSS=EMA9<EMA21;TREND=1;STRUCT=1;VOL=1;COOL=1;EMA50=1;VWAP=1;BIAS=1,2.56,-0.70,28969.44,28969.44,FLIP exit
1467,2023.08.16 15:03:00,2023.08.16 17:33:00,EXIT_OTHER,XAUUSD,M3,467,BUY,FULLTGT,EVENING,0,1903.66,1902.28,1902.28,1.38,1.00,1.38,1905.04,1906.42,1907.80,1909.19,1910.57,1.04,1.04,0.00,1903.62,0.00,-0.03,-11.44,1905.26,1905.29,1904.91,1905.33,1905.32,0.684,0.55,66.17,31.05,17.97,-0.68,-0.53,-0.15,1904.32,1903.56,219,125,14.3,85.7,5,1,CROSS=EMA9<EMA21;TREND=1;STRUCT=1;VOL=1;COOL=1;EMA50=1;VWAP=1;BIAS=1,2.56,-0.70,28969.44,28969.44,FLIP exit
1468,2023.08.16 15:03:00,2023.08.16 17:33:00,ENTRY,XAUUSD,M3,469,SELL,FULLTGT,EVENING,467,1903.62,1904.72,1904.72,1.10,1.00,1.10,1902.52,1901.42,1900.32,1899.21,1898.11,1.31,1.31,1.31,1903.62,0.00,0.00,0.00,1905.26,1905.29,1904.91,1905.33,1905.32,0.684,0.55,66.17,31.05,17.97,-0.68,-0.53,-0.15,1904.32,1903.56,219,125,14.3,85.7,5,1,CROSS=EMA9<EMA21;TREND=1;STRUCT=1;VOL=1;COOL=1;EMA50=1;VWAP=1;BIAS=1,0.00,0.00,28964.85,28958.30,KZ=NY; KZR=NY L @ 1902.74 511 bars ago (low taken); EVENING 4PM-12AM IST session: stop x1.00 of usual; no partials; full size to TP5; SL steps BE->TP1->TP2->TP3; flipped from trade 467
1469,2023.08.16 15:20:38,2023.08.16 17:50:38,TP1_REACHED,XAUUSD,M3,469,SELL,FULLTGT,EVENING,467,1903.62,1904.72,1904.72,1.10,1.00,1.10,1902.52,1901.42,1900.32,1899.21,1898.11,1.31,0.00,1.31,1902.52,1.00,1.00,0.00,1904.98,1905.14,1904.85,1905.02,1905.16,0.404,0.70,55.02,42.07,28.93,-0.57,-0.63,0.07,1904.30,1903.94,138,138,14.3,71.4,5,1,CROSS=EMA9<EMA21;TREND=1;STRUCT=1;VOL=1;COOL=1;EMA50=1;VWAP=1;BIAS=1,1.00,-0.57,28964.85,29114.19,full target: no partial booked
1470,2023.08.16 15:23:16,2023.08.16 17:53:16,TP2_REACHED,XAUUSD,M3,469,SELL,FULLTGT,EVENING,467,1903.62,1904.72,1904.72,1.10,1.00,1.10,1902.52,1901.42,1900.32,1899.21,1898.11,1.31,0.00,1.31,1901.42,2.00,2.00,0.00,1904.88,1905.08,1904.83,1904.98,1905.14,0.319,0.80,54.23,29.90,28.93,-0.64,-0.64,0.00,1904.30,1902.48,181,142,14.3,85.7,5,1,CROSS=EMA9<EMA21;TREND=1;STRUCT=1;VOL=1;COOL=1;EMA50=1;VWAP=1;BIAS=1,1.99,-0.57,28964.85,29254.36,full target: no partial booked
1471,2023.08.16 15:51:04,2023.08.16 18:21:04,TP3_REACHED,XAUUSD,M3,469,SELL,FULLTGT,EVENING,467,1903.62,1904.72,1904.72,1.10,1.00,1.10,1902.52,1901.42,1900.32,1899.21,1898.11,1.31,0.00,1.31,1900.32,3.00,3.00,0.00,1904.00,1904.57,1904.58,1904.14,1904.65,-0.011,1.41,32.44,34.52,33.38,-0.75,-0.73,-0.02,1904.11,1900.64,317,243,0.0,100.0,5,1,CROSS=EMA9<EMA21;TREND=1;STRUCT=1;VOL=1;COOL=1;EMA50=1;VWAP=1;BIAS=1,2.99,-0.58,28964.85,29402.39,full target: no partial booked
1472,2023.08.16 16:37:31,2023.08.16 19:07:31,EXIT_SL,XAUUSD,M3,469,SELL,FULLTGT,EVENING,467,1903.62,1904.72,1904.72,1.10,1.00,1.10,1902.52,1901.42,1900.32,1899.21,1898.11,1.31,1.31,0.00,1904.72,0.00,-1.00,-153.28,1903.21,1903.95,1904.24,1903.20,1903.96,-0.216,1.36,18.66,55.45,47.95,-0.00,-0.38,0.38,1903.88,1903.44,366,304,42.9,42.9,5,1,CROSS=EMA9<EMA21;TREND=1;STRUCT=1;VOL=1;COOL=1;EMA50=1;VWAP=1;BIAS=1,3.66,-0.97,28816.16,28816.16,stopped at the initial SL (x1.00 of usual)
1473,2023.08.17 01:00:00,2023.08.17 03:30:00,DAY_SUMMARY,XAUUSD,M3,469,FLAT,NA,DAY,467,0.00,0.00,0.00,0.00,1.00,0.00,0.00,0.00,0.00,0.00,0.00,0.00,0.00,0.00,0.00,0.00,-1.03,-164.72,1894.00,1896.05,1898.68,1894.08,1896.13,-5.825,0.45,41.02,32.94,33.25,-0.34,-0.29,-0.06,1902.17,1891.92,62,71,0.0,85.7,36,1,CROSS=EMA9<EMA21;TREND=1;STRUCT=1;VOL=1;COOL=1;EMA50=1;VWAP=1;BIAS=1,0.00,0.00,28816.16,28816.16,2023.08.16 trades=2 W=0 L=2 gross_profit=0.00 gross_loss=164.72 net=-164.72 PF=0.00
1474,2023.08.17 08:18:00,2023.08.17 10:48:00,SKIP,XAUUSD,M3,469,FLAT,NA,DAY,467,0.00,0.00,0.00,0.00,1.00,0.00,0.00,0.00,0.00,0.00,0.00,0.00,0.00,0.00,0.00,0.00,0.00,0.00,1893.26,1893.25,1894.35,1893.23,1893.24,-3.950,0.28,26.91,57.50,60.99,0.19,0.20,-0.02,1892.75,1893.78,48,55,71.4,14.3,5,1,CROSS=EMA9<EMA21;TREND=1;STRUCT=1;VOL=1;COOL=1;EMA50=1;VWAP=1;BIAS=1,0.00,0.00,28816.16,28816.16,outside the killzone window
1475,2023.08.17 08:42:00,2023.08.17 11:12:00,SKIP,XAUUSD,M3,469,FLAT,NA,DAY,467,0.00,0.00,0.00,0.00,1.00,0.00,0.00,0.00,0.00,0.00,0.00,0.00,0.00,0.00,0.00,0.00,0.00,0.00,1893.24,1893.25,1894.27,1893.27,1893.26,-2.266,0.45,28.97,34.84,39.22,-0.09,0.09,-0.17,1892.77,1892.52,123,75,0.0,100.0,5,1,CROSS=EMA9<EMA21;TREND=1;STRUCT=1;VOL=1;COOL=1;EMA50=1;VWAP=1;BIAS=1,0.00,0.00,28816.16,28816.16,outside the killzone window
1476,2023.08.17 09:21:00,2023.08.17 11:51:00,SKIP,XAUUSD,M3,469,FLAT,NA,DAY,467,0.00,0.00,0.00,0.00,1.00,0.00,0.00,0.00,0.00,0.00,0.00,0.00,0.00,0.00,0.00,0.00,0.00,0.00,1893.27,1893.25,1894.14,1893.23,1893.23,-1.549,0.58,36.04,64.04,59.86,0.15,-0.03,0.18,1892.81,1894.39,122,117,100.0,0.0,5,1,CROSS=EMA9<EMA21;TREND=1;STRUCT=1;VOL=1;COOL=1;EMA50=1;VWAP=1;BIAS=1,0.00,0.00,28816.16,28816.16,outside the killzone window
1477,2023.08.17 17:42:00,2023.08.17 20:12:00,SKIP,XAUUSD,M3,469,FLAT,NA,EVENING,467,0.00,0.00,0.00,0.00,1.00,0.00,0.00,0.00,0.00,0.00,0.00,0.00,0.00,0.00,0.00,0.00,0.00,0.00,1897.56,1897.60,1896.90,1897.68,1897.66,0.622,1.13,37.57,37.13,34.42,-1.31,-1.20,-0.10,1896.05,1894.67,306,354,0.0,85.7,5,1,CROSS=EMA9<EMA21;TREND=1;STRUCT=1;VOL=1;COOL=1;EMA50=1;VWAP=1;BIAS=1,0.00,0.00,28816.16,28816.16,outside the killzone window
1478,2023.08.18 02:27:00,2023.08.18 04:57:00,ENTRY,XAUUSD,M3,471,BUY,FULLTGT,DAY,0,1890.51,1889.71,1889.71,0.80,1.00,0.80,1891.31,1892.12,1892.92,1893.73,1894.53,1.79,1.79,1.79,1890.51,0.00,0.00,0.00,1889.53,1889.52,1890.74,1889.49,1889.50,-3.019,0.40,26.09,57.54,62.39,0.28,0.25,0.03,1889.87,1890.46,40,45,85.7,0.0,5,1,CROSS=EMA9>EMA21;TREND=1;STRUCT=1;VOL=1;COOL=1;EMA50=1;VWAP=1;BIAS=1,0.00,0.00,28809.89,28800.94,KZ=ASIA; KZR=Asia L @ 1889.48 149 bars ago (low taken); DAY 12AM-4PM IST session: stop x1.00 of usual; no partials; full size to TP5; SL steps BE->TP1->TP2->TP3
1479,2023.08.18 02:54:32,2023.08.18 05:24:32,TP1_REACHED,XAUUSD,M3,471,BUY,FULLTGT,DAY,0,1890.51,1889.71,1889.71,0.80,1.00,0.80,1891.31,1892.12,1892.92,1893.73,1894.53,1.79,0.00,1.79,1891.31,1.00,1.00,0.00,1889.83,1889.68,1890.72,1889.78,1889.66,-3.208,0.32,32.16,63.51,61.57,0.29,0.24,0.04,1890.03,1891.02,32,49,85.7,0.0,12,1,CROSS=EMA9>EMA21;TREND=1;STRUCT=1;VOL=1;COOL=1;EMA50=1;VWAP=1;BIAS=1,0.98,-0.71,28809.89,28956.67,full target: no partial booked
1480,2023.08.18 03:37:18,2023.08.18 06:07:18,TP2_REACHED,XAUUSD,M3,471,BUY,FULLTGT,DAY,0,1890.51,1889.71,1889.71,0.80,1.00,0.80,1891.31,1892.12,1892.92,1893.73,1894.53,1.79,0.00,1.79,1892.12,2.00,2.00,0.00,1890.49,1890.09,1890.80,1890.43,1890.05,-1.763,0.40,51.82,70.35,67.65,0.41,0.34,0.07,1890.55,1892.01,103,81,100.0,0.0,5,1,CROSS=EMA9>EMA21;TREND=1;STRUCT=1;VOL=1;COOL=1;EMA50=1;VWAP=1;BIAS=1,1.99,-0.71,28809.89,29099.87,full target: no partial booked
1481,2023.08.18 03:47:42,2023.08.18 06:17:42,TP3_REACHED,XAUUSD,M3,471,BUY,FULLTGT,DAY,0,1890.51,1889.71,1889.71,0.80,1.00,0.80,1891.31,1892.12,1892.92,1893.73,1894.53,1.79,0.00,1.79,1892.92,3.00,3.00,0.00,1890.68,1890.21,1890.84,1890.61,1890.17,-1.715,0.37,60.22,72.74,73.13,0.47,0.39,0.08,1890.68,1892.30,98,87,100.0,0.0,5,1,CROSS=EMA9>EMA21;TREND=1;STRUCT=1;VOL=1;COOL=1;EMA50=1;VWAP=1;BIAS=1,2.97,-0.71,28809.89,29244.86,full target: no partial booked
1482,2023.08.18 03:51:23,2023.08.18 06:21:23,TP4_REACHED,XAUUSD,M3,471,BUY,FULLTGT,DAY,0,1890.51,1889.71,1889.71,0.80,1.00,0.80,1891.31,1892.12,1892.92,1893.73,1894.53,1.79,0.00,1.79,1893.73,4.00,4.00,0.00,1890.88,1890.33,1890.88,1890.77,1890.26,-1.365,0.41,66.57,82.28,79.53,0.62,0.45,0.18,1890.83,1893.53,128,91,100.0,0.0,5,1,CROSS=EMA9>EMA21;TREND=1;STRUCT=1;VOL=1;COOL=1;EMA50=1;VWAP=1;BIAS=1,3.98,-0.71,28809.89,29386.27,full target: no partial booked
1483,2023.08.18 04:18:40,2023.08.18 06:48:40,TP5_EXIT,XAUUSD,M3,471,BUY,FULLTGT,DAY,0,1890.51,1889.71,1889.71,0.80,1.00,0.80,1891.31,1892.12,1892.92,1893.73,1894.53,1.79,1.79,0.00,1894.54,5.00,5.00,0.00,1891.62,1890.82,1891.09,1891.51,1890.75,-0.426,0.64,49.11,75.67,71.49,0.66,0.67,-0.01,1891.61,1894.27,263,131,85.7,14.3,5,1,CROSS=EMA9>EMA21;TREND=1;STRUCT=1;VOL=1;COOL=1;EMA50=1;VWAP=1;BIAS=1,4.99,-0.71,29524.99,29524.99,full target reached; closed in full
1484,2023.08.18 04:18:40,2023.08.18 06:48:40,EXIT_TP,XAUUSD,M3,471,BUY,FULLTGT,DAY,0,1890.51,1889.71,1889.71,0.80,1.00,0.80,1891.31,1892.12,1892.92,1893.73,1894.53,1.79,1.79,0.00,1894.54,0.00,5.01,708.83,1891.62,1890.82,1891.09,1891.51,1890.75,-0.426,0.64,49.11,75.67,71.49,0.66,0.67,-0.01,1891.61,1894.27,263,131,85.7,14.3,5,1,CROSS=EMA9>EMA21;TREND=1;STRUCT=1;VOL=1;COOL=1;EMA50=1;VWAP=1;BIAS=1,4.99,-0.71,29524.99,29524.99,TP5 exit
1485,2023.08.18 11:57:00,2023.08.18 14:27:00,SKIP,XAUUSD,M3,471,FLAT,NA,DAY,0,0.00,0.00,0.00,0.00,1.00,0.00,0.00,0.00,0.00,0.00,0.00,0.00,0.00,0.00,0.00,0.00,0.00,0.00,1892.67,1892.68,1892.46,1892.69,1892.68,0.391,0.55,28.56,46.74,46.32,-0.27,-0.22,-0.05,1892.73,1892.30,156,148,14.3,85.7,5,1,CROSS=EMA9>EMA21;TREND=1;STRUCT=1;VOL=1;COOL=1;EMA50=1;VWAP=1;BIAS=1,0.00,0.00,29524.99,29524.99,outside the killzone window
1486,2023.08.18 13:12:00,2023.08.18 15:42:00,SKIP,XAUUSD,M3,471,FLAT,NA,DAY,0,0.00,0.00,0.00,0.00,1.00,0.00,0.00,0.00,0.00,0.00,0.00,0.00,0.00,0.00,0.00,0.00,0.00,0.00,1892.63,1892.61,1892.46,1892.55,1892.57,0.345,0.43,41.88,75.77,68.18,0.41,0.11,0.30,1892.71,1894.50,193,103,100.0,0.0,11,1,CROSS=EMA9>EMA21;TREND=1;STRUCT=1;VOL=1;COOL=1;EMA50=1;VWAP=1;BIAS=1,0.00,0.00,29524.99,29524.99,already positioned that way
1487,2023.08.18 15:36:00,2023.08.18 18:06:00,ENTRY,XAUUSD,M3,473,SELL,FULLTGT,EVENING,0,1889.72,1891.81,1891.81,2.09,1.00,2.09,1887.63,1885.54,1883.45,1881.35,1879.26,0.70,0.70,0.70,1889.72,0.00,0.00,0.00,1893.17,1893.20,1892.94,1893.31,1893.27,0.248,1.05,36.40,25.46,24.42,-0.99,-0.44,-0.55,1892.85,1889.72,313,200,0.0,100.0,5,1,CROSS=EMA9<EMA21;TREND=1;STRUCT=1;VOL=1;COOL=1;EMA50=1;VWAP=1;BIAS=1,0.00,0.00,29522.54,29519.04,KZ=NY; KZR=Asia L @ 1889.48 412 bars ago (low taken); EVENING 4PM-12AM IST session: stop x1.00 of usual; no partials; full size to TP5; SL steps BE->TP1->TP2->TP3
1488,2023.08.18 16:07:37,2023.08.18 18:37:37,EXIT_SL,XAUUSD,M3,473,SELL,FULLTGT,EVENING,0,1889.72,1891.81,1891.81,2.09,1.00,2.09,1887.63,1885.54,1883.45,1881.35,1879.26,0.70,0.70,0.00,1891.82,0.00,-1.00,-151.90,1892.25,1892.69,1892.70,1892.32,1892.73,-0.006,1.16,27.54,42.57,35.97,-0.85,-0.94,0.10,1892.67,1890.49,268,264,28.6,71.4,5,1,CROSS=EMA9<EMA21;TREND=1;STRUCT=1;VOL=1;COOL=1;EMA50=1;VWAP=1;BIAS=1,0.47,-0.99,29373.09,29373.09,stopped at the initial SL (x1.00 of usual)
1489,2023.08.18 17:00:00,2023.08.18 19:30:00,SKIP,XAUUSD,M3,473,FLAT,NA,EVENING,0,0.00,0.00,0.00,0.00,1.00,0.00,0.00,0.00,0.00,0.00,0.00,0.00,0.00,0.00,0.00,0.00,0.00,0.00,1893.00,1892.99,1892.86,1892.97,1892.97,0.072,1.84,19.25,52.82,53.06,0.55,0.39,0.16,1892.81,1893.89,354,354,71.4,0.0,5,1,CROSS=EMA9<EMA21;TREND=1;STRUCT=1;VOL=1;COOL=1;EMA50=1;VWAP=1;BIAS=1,0.00,0.00,29373.09,29373.09,outside the killzone window
1490,2023.08.18 17:18:00,2023.08.18 19:48:00,SKIP,XAUUSD,M3,473,FLAT,NA,EVENING,0,0.00,0.00,0.00,0.00,1.00,0.00,0.00,0.00,0.00,0.00,0.00,0.00,0.00,0.00,0.00,0.00,0.00,0.00,1892.98,1892.98,1892.86,1892.99,1892.99,0.071,1.70,30.40,48.40,45.54,0.09,0.39,-0.30,1892.82,1892.73,277,364,0.0,85.7,5,1,CROSS=EMA9<EMA21;TREND=1;STRUCT=1;VOL=1;COOL=1;EMA50=1;VWAP=1;BIAS=1,0.00,0.00,29373.09,29373.09,outside the killzone window
1491,2023.08.18 17:30:00,2023.08.18 20:00:00,SKIP,XAUUSD,M3,473,FLAT,NA,EVENING,0,0.00,0.00,0.00,0.00,1.00,0.00,0.00,0.00,0.00,0.00,0.00,0.00,0.00,0.00,0.00,0.00,0.00,0.00,1893.00,1892.99,1892.87,1892.97,1892.98,0.090,1.34,24.15,52.72,52.13,0.07,0.15,-0.09,1892.83,1893.57,339,367,57.1,14.3,5,1,CROSS=EMA9<EMA21;TREND=1;STRUCT=1;VOL=1;COOL=1;EMA50=1;VWAP=1;BIAS=1,0.00,0.00,29373.09,29373.09,outside the killzone window
1492,2023.08.18 17:42:00,2023.08.18 20:12:00,SKIP,XAUUSD,M3,473,FLAT,NA,EVENING,0,0.00,0.00,0.00,0.00,1.00,0.00,0.00,0.00,0.00,0.00,0.00,0.00,0.00,0.00,0.00,0.00,0.00,0.00,1892.97,1892.98,1892.87,1893.02,1893.00,0.090,1.21,21.64,44.19,46.14,-0.06,0.04,-0.11,1892.83,1891.79,238,339,0.0,71.4,5,1,CROSS=EMA9<EMA21;TREND=1;STRUCT=1;VOL=1;COOL=1;EMA50=1;VWAP=1;BIAS=1,0.00,0.00,29373.09,29373.09,outside the killzone window
1493,2023.08.18 18:00:00,2023.08.18 20:30:00,SKIP,XAUUSD,M3,473,FLAT,NA,EVENING,0,0.00,0.00,0.00,0.00,1.00,0.00,0.00,0.00,0.00,0.00,0.00,0.00,0.00,0.00,0.00,0.00,0.00,0.00,1892.98,1892.98,1892.88,1892.96,1892.97,0.102,1.04,24.25,53.88,52.90,0.02,-0.02,0.05,1892.83,1893.66,231,293,71.4,0.0,5,1,CROSS=EMA9<EMA21;TREND=1;STRUCT=1;VOL=1;COOL=1;EMA50=1;VWAP=1;BIAS=1,0.00,0.00,29373.09,29373.09,outside the killzone window
1494,2023.08.18 18:03:00,2023.08.18 20:33:00,SKIP,XAUUSD,M3,473,FLAT,NA,EVENING,0,0.00,0.00,0.00,0.00,1.00,0.00,0.00,0.00,0.00,0.00,0.00,0.00,0.00,0.00,0.00,0.00,0.00,0.00,1892.96,1892.97,1892.87,1892.98,1892.98,0.092,1.08,23.45,46.97,52.90,-0.03,-0.04,0.02,1892.83,1892.45,265,288,28.6,42.9,5,1,CROSS=EMA9<EMA21;TREND=1;STRUCT=1;VOL=1;COOL=1;EMA50=1;VWAP=1;BIAS=1,0.00,0.00,29373.09,29373.09,outside the killzone window
1495,2023.08.21 01:00:00,2023.08.21 03:30:00,DAY_SUMMARY,XAUUSD,M3,473,FLAT,NA,DAY,0,0.00,0.00,0.00,0.00,1.00,0.00,0.00,0.00,0.00,0.00,0.00,0.00,0.00,0.00,0.00,0.00,4.01,556.93,1889.03,1889.45,1890.36,1889.02,1889.45,-2.365,0.39,28.26,53.86,53.84,0.17,0.08,0.08,1892.09,1889.37,43,64,57.1,28.6,50,1,CROSS=EMA9<EMA21;TREND=1;STRUCT=1;VOL=1;COOL=1;EMA50=1;VWAP=1;BIAS=1,0.00,0.00,29373.09,29373.09,2023.08.18 trades=2 W=1 L=1 gross_profit=708.83 gross_loss=151.90 net=556.93 PF=4.67
1496,2023.08.21 01:00:00,2023.08.21 03:30:00,WEEK_SUMMARY,XAUUSD,M3,473,FLAT,NA,DAY,0,0.00,0.00,0.00,0.00,1.00,0.00,0.00,0.00,0.00,0.00,0.00,0.00,0.00,0.00,0.00,0.00,1.97,239.09,1889.03,1889.45,1890.36,1889.02,1889.45,-2.365,0.39,28.26,53.86,53.84,0.17,0.08,0.08,1892.09,1889.37,43,64,57.1,28.6,50,1,CROSS=EMA9<EMA21;TREND=1;STRUCT=1;VOL=1;COOL=1;EMA50=1;VWAP=1;BIAS=1,0.00,0.00,29373.09,29373.09,days=3 trades=5 W=1 L=4 gross_profit=708.83 gross_loss=469.74 net=239.09 PF=1.51 pips=-88.0
1497,2023.08.21 02:00:00,2023.08.21 04:30:00,ENTRY,XAUUSD,M3,475,BUY,FULLTGT,DAY,0,1890.39,1889.68,1889.68,0.71,1.00,0.71,1891.10,1891.80,1892.51,1893.21,1893.92,2.08,2.08,2.08,1890.39,0.00,0.00,0.00,1889.74,1889.74,1890.36,1889.72,1889.72,-1.756,0.35,27.63,54.98,58.04,0.19,0.28,-0.09,1890.24,1890.32,39,47,71.4,14.3,7,1,CROSS=EMA9>EMA21;TREND=1;STRUCT=1;VOL=1;COOL=1;EMA50=1;VWAP=1;BIAS=1,0.00,0.00,29365.81,29351.25,KZ=ASIA; KZR=NY L @ 1888.69 1073 bars ago (low taken); DAY 12AM-4PM IST session: stop x1.00 of usual; no partials; full size to TP5; SL steps BE->TP1->TP2->TP3
1498,2023.08.21 02:00:24,2023.08.21 04:30:24,EXIT_SL,XAUUSD,M3,475,BUY,FULLTGT,DAY,0,1890.39,1889.68,1889.68,0.71,1.00,0.71,1891.10,1891.80,1892.51,1893.21,1893.92,2.08,2.08,0.00,1889.66,0.00,-1.03,-166.40,1889.74,1889.74,1890.36,1889.72,1889.72,-1.756,0.35,27.63,54.98,58.04,0.19,0.28,-0.09,1890.24,1890.32,39,47,71.4,14.3,7,1,CROSS=EMA9>EMA21;TREND=1;STRUCT=1;VOL=1;COOL=1;EMA50=1;VWAP=1;BIAS=1,0.00,-0.95,29206.69,29206.69,stopped at the initial SL (x1.00 of usual)
1499,2023.08.21 02:03:00,2023.08.21 04:33:00,ENTRY,XAUUSD,M3,477,SELL,FULLTGT,DAY,0,1889.15,1889.96,1889.96,0.81,1.00,0.81,1888.34,1887.53,1886.72,1885.91,1885.10,1.80,1.80,1.80,1889.15,0.00,0.00,0.00,1889.72,1889.72,1890.34,1889.74,1889.74,-1.530,0.41,29.90,38.97,58.04,0.09,0.25,-0.16,1890.17,1889.14,91,47,14.3,85.7,8,1,CROSS=EMA9<EMA21;TREND=1;STRUCT=1;VOL=1;COOL=1;EMA50=1;VWAP=1;BIAS=1,0.00,0.00,29200.39,29185.99,KZ=ASIA; KZR=NY L @ 1888.69 1074 bars ago (low taken); DAY 12AM-4PM IST session: stop x1.00 of usual; no partials; full size to TP5; SL steps BE->TP1->TP2->TP3
1500,2023.08.21 02:59:43,2023.08.21 05:29:43,EXIT_SL,XAUUSD,M3,477,SELL,FULLTGT,DAY,0,1889.15,1889.96,1889.96,0.81,1.00,0.81,1888.34,1887.53,1886.72,1885.91,1885.10,1.80,1.80,0.00,1889.96,0.00,-1.00,-158.40,1889.58,1889.64,1890.20,1889.59,1889.65,-1.564,0.36,18.77,46.80,47.63,-0.12,-0.11,-0.01,1889.86,1889.44,35,44,0.0,71.4,7,1,CROSS=EMA9<EMA21;TREND=1;STRUCT=1;VOL=1;COOL=1;EMA50=1;VWAP=1;BIAS=1,0.46,-0.95,29048.29,29048.29,stopped at the initial SL (x1.00 of usual)
1501,2023.08.21 03:12:00,2023.08.21 05:42:00,ENTRY,XAUUSD,M3,479,BUY,FULLTGT,DAY,0,1890.87,1890.09,1890.09,0.78,1.00,0.78,1891.65,1892.42,1893.20,1893.98,1894.76,1.86,1.86,1.86,1890.87,0.00,0.00,0.00,1889.72,1889.71,1890.20,1889.68,1889.69,-1.272,0.39,30.67,68.06,60.71,0.17,-0.03,0.20,1889.94,1890.80,91,51,100.0,0.0,7,1,CROSS=EMA9>EMA21;TREND=1;STRUCT=1;VOL=1;COOL=1;EMA50=1;VWAP=1;BIAS=1,0.00,0.00,29041.78,29028.76,KZ=ASIA; KZR=NY L @ 1888.69 1097 bars ago (low taken); DAY 12AM-4PM IST session: stop x1.00 of usual; no partials; full size to TP5; SL steps BE->TP1->TP2->TP3
1502,2023.08.21 03:16:28,2023.08.21 05:46:28,EXIT_SL,XAUUSD,M3,479,BUY,FULLTGT,DAY,0,1890.87,1890.09,1890.09,0.78,1.00,0.78,1891.65,1892.42,1893.20,1893.98,1894.76,1.86,1.86,0.00,1890.09,0.00,-1.00,-158.10,1889.76,1889.73,1890.21,1889.72,1889.71,-1.265,0.38,32.38,63.34,59.29,0.20,0.01,0.20,1889.97,1890.60,86,53,85.7,14.3,8,1,CROSS=EMA9>EMA21;TREND=1;STRUCT=1;VOL=1;COOL=1;EMA50=1;VWAP=1;BIAS=1,0.00,-0.99,28890.19,28890.19,stopped at the initial SL (x1.00 of usual)
1503,2023.08.21 04:15:00,2023.08.21 06:45:00,ENTRY,XAUUSD,M3,481,SELL,FULLTGT,DAY,0,1888.18,1889.06,1889.06,0.88,1.00,0.88,1887.30,1886.41,1885.53,1884.65,1883.77,1.63,1.63,1.63,1888.18,0.00,0.00,0.00,1889.76,1889.77,1890.15,1889.82,1889.80,-0.870,0.44,39.29,27.64,33.42,-0.42,-0.08,-0.34,1889.81,1888.19,168,99,0.0,100.0,9,1,CROSS=EMA9<EMA21;TREND=1;STRUCT=1;VOL=1;COOL=1;EMA50=1;VWAP=1;BIAS=1,0.00,0.00,28884.48,28869.81,KZ=ASIA; KZR=NY L @ 1888.69 1118 bars ago (low taken); DAY 12AM-4PM IST session: stop x1.00 of usual; no partials; full size to TP5; SL steps BE->TP1->TP2->TP3
1504,2023.08.21 04:22:15,2023.08.21 06:52:15,EXIT_SL,XAUUSD,M3,481,SELL,FULLTGT,DAY,0,1888.18,1889.06,1889.06,0.88,1.00,0.88,1887.30,1886.41,1885.53,1884.65,1883.77,1.63,1.63,0.00,1889.06,0.00,-1.00,-154.86,1889.66,1889.72,1890.12,1889.70,1889.74,-0.758,0.53,43.29,36.91,41.76,-0.46,-0.22,-0.25,1889.64,1888.65,212,120,14.3,85.7,7,1,CROSS=EMA9<EMA21;TREND=1;STRUCT=1;VOL=1;COOL=1;EMA50=1;VWAP=1;BIAS=1,0.50,-0.97,28735.33,28735.33,stopped at the initial SL (x1.00 of usual)
1505,2023.08.21 06:03:00,2023.08.21 08:33:00,ENTRY,XAUUSD,M3,483,BUY,FULLTGT,DAY,0,1892.94,1891.13,1891.13,1.81,1.00,1.81,1894.75,1896.57,1898.38,1900.20,1902.01,0.79,0.79,0.79,1892.94,0.00,0.00,0.00,1889.17,1889.17,1889.63,1889.02,1889.09,-0.505,0.91,68.20,79.21,73.45,1.32,0.92,0.40,1888.88,1892.84,173,167,85.7,14.3,10,1,CROSS=EMA9>EMA21;TREND=1;STRUCT=1;VOL=1;COOL=1;EMA50=1;VWAP=1;BIAS=1,0.00,0.00,28732.56,28724.66,KZ=ASIA; KZR=NY L @ 1888.69 1154 bars ago (low taken); DAY 12AM-4PM IST session: stop x1.00 of usual; no partials; full size to TP5; SL steps BE->TP1->TP2->TP3
1506,2023.08.21 06:20:46,2023.08.21 08:50:46,EXIT_SL,XAUUSD,M3,483,BUY,FULLTGT,DAY,0,1892.94,1891.13,1891.13,1.81,1.00,1.81,1894.75,1896.57,1898.38,1900.20,1902.01,0.79,0.79,0.00,1891.11,0.00,-1.01,-150.11,1889.83,1889.52,1889.78,1889.74,1889.46,-0.308,0.86,63.27,62.91,64.40,1.32,1.29,0.03,1889.16,1892.23,126,170,85.7,0.0,12,1,CROSS=EMA9>EMA21;TREND=1;STRUCT=1;VOL=1;COOL=1;EMA50=1;VWAP=1;BIAS=1,0.41,-0.98,28585.22,28585.22,stopped at the initial SL (x1.00 of usual)
1507,2023.08.21 09:12:00,2023.08.21 11:42:00,SKIP,XAUUSD,M3,483,FLAT,NA,DAY,0,0.00,0.00,0.00,0.00,1.00,0.00,0.00,0.00,0.00,0.00,0.00,0.00,0.00,0.00,0.00,0.00,0.00,0.00,1890.72,1890.73,1890.53,1890.81,1890.77,0.228,0.85,49.37,32.68,24.95,-1.22,-1.16,-0.05,1889.85,1888.46,167,159,14.3,85.7,11,1,CROSS=EMA9>EMA21;TREND=1;STRUCT=1;VOL=1;COOL=1;EMA50=1;VWAP=1;BIAS=1,0.00,0.00,28585.22,28585.22,outside the killzone window
1508,2023.08.21 14:45:00,2023.08.21 17:15:00,SKIP,XAUUSD,M3,483,FLAT,NA,EVENING,0,0.00,0.00,0.00,0.00,1.00,0.00,0.00,0.00,0.00,0.00,0.00,0.00,0.00,0.00,0.00,0.00,0.00,0.00,1889.34,1889.28,1889.52,1889.21,1889.22,-0.302,0.79,47.57,74.09,74.10,0.86,0.45,0.41,1889.46,1892.54,222,147,100.0,0.0,7,1,CROSS=EMA9>EMA21;TREND=1;STRUCT=1;VOL=1;COOL=1;EMA50=1;VWAP=1;BIAS=1,0.00,0.00,28585.22,28585.22,already positioned that way
1509,2023.08.21 17:33:00,2023.08.21 20:03:00,SKIP,XAUUSD,M3,483,FLAT,NA,EVENING,0,0.00,0.00,0.00,0.00,1.00,0.00,0.00,0.00,0.00,0.00,0.00,0.00,0.00,0.00,0.00,0.00,0.00,0.00,1891.37,1891.38,1890.91,1891.58,1891.49,0.364,1.29,47.04,23.04,29.99,-1.79,-1.62,-0.17,1890.74,1886.19,391,393,0.0,85.7,8,1,CROSS=EMA9>EMA21;TREND=1;STRUCT=1;VOL=1;COOL=1;EMA50=1;VWAP=1;BIAS=1,0.00,0.00,28585.22,28585.22,outside the killzone window
1510,2023.08.21 20:06:00,2023.08.21 22:36:00,SKIP,XAUUSD,M3,483,FLAT,NA,EVENING,0,0.00,0.00,0.00,0.00,1.00,0.00,0.00,0.00,0.00,0.00,0.00,0.00,0.00,0.00,0.00,0.00,0.00,0.00,1890.46,1890.42,1890.40,1890.36,1890.37,0.028,0.64,48.95,75.29,70.23,0.85,0.62,0.24,1890.44,1893.00,230,175,100.0,0.0,8,1,CROSS=EMA9>EMA21;TREND=1;STRUCT=1;VOL=1;COOL=1;EMA50=1;VWAP=1;BIAS=1,0.00,0.00,28585.22,28585.22,outside the killzone window
1511,2023.08.22 01:00:00,2023.08.22 03:30:00,DAY_SUMMARY,XAUUSD,M3,483,FLAT,NA,DAY,0,0.00,0.00,0.00,0.00,1.00,0.00,0.00,0.00,0.00,0.00,0.00,0.00,0.00,0.00,0.00,0.00,-5.04,-787.87,1894.37,1893.66,1892.61,1894.36,1893.63,5.479,0.19,27.31,53.86,56.65,0.05,0.04,0.02,1890.89,1894.67,38,42,85.7,0.0,28,1,CROSS=EMA9>EMA21;TREND=1;STRUCT=1;VOL=1;COOL=1;EMA50=1;VWAP=1;BIAS=1,0.00,0.00,28585.22,28585.22,2023.08.21 trades=5 W=0 L=5 gross_profit=0.00 gross_loss=787.87 net=-787.87 PF=0.00
1512,2023.08.22 16:03:00,2023.08.22 18:33:00,ENTRY,XAUUSD,M3,485,SELL,FULLTGT,EVENING,0,1896.59,1899.36,1899.36,2.77,1.00,2.77,1893.82,1891.04,1888.27,1885.50,1882.73,0.51,0.51,0.51,1896.59,0.00,0.00,0.00,1900.65,1900.70,1899.53,1900.81,1900.78,0.846,1.39,42.22,27.08,32.65,-1.39,-1.11,-0.27,1898.71,1896.60,451,300,0.0,100.0,8,1,CROSS=EMA9<EMA21;TREND=1;STRUCT=1;VOL=1;COOL=1;EMA50=1;VWAP=1;BIAS=1,0.00,0.00,28583.43,28579.35,KZ=NY; KZR=NY L @ 1887.88 455 bars ago (low taken); EVENING 4PM-12AM IST session: stop x1.00 of usual; no partials; full size to TP5; SL steps BE->TP1->TP2->TP3
1513,2023.08.22 16:33:14,2023.08.22 19:03:14,TP1_REACHED,XAUUSD,M3,485,SELL,FULLTGT,EVENING,0,1896.59,1899.36,1899.36,2.77,1.00,2.77,1893.82,1891.04,1888.27,1885.50,1882.73,0.51,0.00,0.51,1893.82,1.00,1.00,0.00,1898.95,1899.77,1899.15,1899.16,1899.89,0.534,1.16,43.24,22.46,27.53,-1.64,-1.49,-0.15,1898.48,1893.98,419,333,0.0,100.0,8,1,CROSS=EMA9<EMA21;TREND=1;STRUCT=1;VOL=1;COOL=1;EMA50=1;VWAP=1;BIAS=1,1.03,-0.40,28583.43,28725.21,full target: no partial booked
1514,2023.08.22 16:53:29,2023.08.22 19:23:29,TP2_REACHED,XAUUSD,M3,485,SELL,FULLTGT,EVENING,0,1896.59,1899.36,1899.36,2.77,1.00,2.77,1893.82,1891.04,1888.27,1885.50,1882.73,0.51,0.00,0.51,1891.04,2.00,2.00,0.00,1897.76,1899.04,1898.81,1897.98,1899.18,0.187,1.23,54.88,19.47,21.80,-1.71,-1.66,-0.05,1898.21,1892.48,389,355,0.0,100.0,10,1,CROSS=EMA9<EMA21;TREND=1;STRUCT=1;VOL=1;COOL=1;EMA50=1;VWAP=1;BIAS=1,1.99,-0.40,28583.43,28866.48,full target: no partial booked
1515,2023.08.22 23:36:00,2023.08.23 02:06:00,SKIP,XAUUSD,M3,485,SELL,FULLTGT,DAY,0,1896.59,1899.36,1899.36,2.77,1.00,2.77,1893.82,1891.04,1888.27,1885.50,1882.73,0.51,0.00,0.00,0.00,0.00,0.00,0.00,1897.28,1897.28,1897.45,1897.28,1897.28,-0.773,0.21,16.98,52.60,51.38,0.02,0.04,-0.02,1897.42,1897.40,25,67,42.9,28.6,8,1,CROSS=EMA9<EMA21;TREND=1;STRUCT=1;VOL=1;COOL=1;EMA50=1;VWAP=1;BIAS=1,2.68,-0.94,28583.43,28538.55,outside the killzone window
1516,2023.08.23 03:08:32,2023.08.23 05:38:32,EXIT_SL,XAUUSD,M3,485,SELL,FULLTGT,DAY,0,1896.59,1899.36,1899.36,2.77,1.00,2.77,1893.82,1891.04,1888.27,1885.50,1882.73,0.51,0.51,0.00,1899.36,0.00,-1.00,-122.14,1898.08,1897.81,1897.69,1898.05,1897.79,0.667,0.17,42.94,73.32,69.10,0.22,0.16,0.05,1898.19,1898.89,65,25,100.0,0.0,8,1,CROSS=EMA9<EMA21;TREND=1;STRUCT=1;VOL=1;COOL=1;EMA50=1;VWAP=1;BIAS=1,2.68,-0.99,28463.08,28463.08,stopped at the initial SL (x1.00 of usual)
1517,2023.08.23 13:42:00,2023.08.23 16:12:00,SKIP,XAUUSD,M3,485,FLAT,NA,EVENING,0,0.00,0.00,0.00,0.00,1.00,0.00,0.00,0.00,0.00,0.00,0.00,0.00,0.00,0.00,0.00,0.00,0.00,0.00,1903.04,1903.04,1902.25,1903.08,1903.07,1.638,0.49,40.16,37.81,44.20,-0.50,-0.47,-0.02,1902.42,1901.87,131,125,14.3,85.7,8,1,CROSS=EMA9<EMA21;TREND=1;STRUCT=1;VOL=1;COOL=1;EMA50=1;VWAP=1;BIAS=1,0.00,0.00,28463.08,28463.08,already positioned that way
1518,2023.08.23 14:03:00,2023.08.23 16:33:00,ENTRY,XAUUSD,M3,487,BUY,FULLTGT,EVENING,0,1903.89,1902.59,1902.59,1.30,1.00,1.30,1905.19,1906.49,1907.79,1909.08,1910.38,1.09,1.09,1.09,1903.89,0.00,0.00,0.00,1903.04,1903.04,1902.30,1903.01,1903.02,1.143,0.65,36.67,60.29,52.80,0.06,-0.29,0.35,1902.43,1903.81,183,127,100.0,0.0,8,1,CROSS=EMA9>EMA21;TREND=1;STRUCT=1;VOL=1;COOL=1;EMA50=1;VWAP=1;BIAS=1,0.00,0.00,28459.26,28450.54,KZ=NY; KZR=Asia H @ 1903.02 127 bars ago (high taken); EVENING 4PM-12AM IST session: stop x1.00 of usual; no partials; full size to TP5; SL steps BE->TP1->TP2->TP3
1519,2023.08.23 15:25:34,2023.08.23 17:55:34,TP1_REACHED,XAUUSD,M3,487,BUY,FULLTGT,EVENING,0,1903.89,1902.59,1902.59,1.30,1.00,1.30,1905.19,1906.49,1907.79,1909.08,1910.38,1.09,0.00,1.09,1905.19,1.00,1.00,0.00,1903.49,1903.33,1902.64,1903.47,1903.31,0.888,0.78,18.10,52.29,57.19,0.09,0.11,-0.02,1902.60,1903.84,248,168,57.1,28.6,5,1,CROSS=EMA9>EMA21;TREND=1;STRUCT=1;VOL=1;COOL=1;EMA50=1;VWAP=1;BIAS=1,0.98,-0.92,28459.26,28602.05,full target: no partial booked
1520,2023.08.23 15:27:35,2023.08.23 17:57:35,TP2_REACHED,XAUUSD,M3,487,BUY,FULLTGT,EVENING,0,1903.89,1902.59,1902.59,1.30,1.00,1.30,1905.19,1906.49,1907.79,1909.08,1910.38,1.09,0.00,1.09,1906.49,2.00,2.00,0.00,1903.57,1903.37,1902.66,1903.49,1903.33,0.826,0.85,17.96,63.57,57.19,0.23,0.12,0.11,1902.62,1905.54,297,176,85.7,0.0,5,1,CROSS=EMA9>EMA21;TREND=1;STRUCT=1;VOL=1;COOL=1;EMA50=1;VWAP=1;BIAS=1,1.99,-0.92,28459.26,28742.66,full target: no partial booked
1521,2023.08.23 15:30:37,2023.08.23 18:00:37,TP3_REACHED,XAUUSD,M3,487,BUY,FULLTGT,EVENING,0,1903.89,1902.59,1902.59,1.30,1.00,1.30,1905.19,1906.49,1907.79,1909.08,1910.38,1.09,0.00,1.09,1907.79,3.00,3.00,0.00,1903.68,1903.43,1902.70,1903.57,1903.37,0.799,0.91,20.77,68.27,68.14,0.42,0.15,0.27,1902.66,1906.53,353,188,85.7,0.0,5,1,CROSS=EMA9>EMA21;TREND=1;STRUCT=1;VOL=1;COOL=1;EMA50=1;VWAP=1;BIAS=1,2.97,-0.92,28459.26,28884.36,full target: no partial booked
1522,2023.08.23 16:24:30,2023.08.23 18:54:30,TP4_REACHED,XAUUSD,M3,487,BUY,FULLTGT,EVENING,0,1903.89,1902.59,1902.59,1.30,1.00,1.30,1905.19,1906.49,1907.79,1909.08,1910.38,1.09,0.00,1.09,1909.08,4.00,4.00,0.00,1905.01,1904.29,1903.29,1904.88,1904.21,0.672,1.49,24.79,63.85,57.36,0.56,0.40,0.17,1903.17,1908.28,337,339,71.4,0.0,10,1,CROSS=EMA9>EMA21;TREND=1;STRUCT=1;VOL=1;COOL=1;EMA50=1;VWAP=1;BIAS=1,3.97,-0.92,28459.26,29027.15,full target: no partial booked
1523,2023.08.23 16:26:15,2023.08.23 18:56:15,TP5_EXIT,XAUUSD,M3,487,BUY,FULLTGT,EVENING,0,1903.89,1902.59,1902.59,1.30,1.00,1.30,1905.19,1906.49,1907.79,1909.08,1910.38,1.09,1.09,0.00,1910.39,5.00,5.00,0.00,1905.01,1904.29,1903.29,1904.88,1904.21,0.672,1.49,24.79,63.85,66.26,0.56,0.40,0.17,1903.17,1908.28,337,339,71.4,0.0,10,1,CROSS=EMA9>EMA21;TREND=1;STRUCT=1;VOL=1;COOL=1;EMA50=1;VWAP=1;BIAS=1,5.00,-0.92,29163.94,29163.94,full target reached; closed in full
1524,2023.08.23 16:26:15,2023.08.23 18:56:15,EXIT_TP,XAUUSD,M3,487,BUY,FULLTGT,EVENING,0,1903.89,1902.59,1902.59,1.30,1.00,1.30,1905.19,1906.49,1907.79,1909.08,1910.38,1.09,1.09,0.00,1910.39,0.00,5.01,700.86,1905.01,1904.29,1903.29,1904.88,1904.21,0.672,1.49,24.79,63.85,66.26,0.56,0.40,0.17,1903.17,1908.28,337,339,71.4,0.0,10,1,CROSS=EMA9>EMA21;TREND=1;STRUCT=1;VOL=1;COOL=1;EMA50=1;VWAP=1;BIAS=1,5.00,-0.92,29163.94,29163.94,TP5 exit
1525,2023.08.24 01:00:00,2023.08.24 03:30:00,DAY_SUMMARY,XAUUSD,M3,487,FLAT,NA,DAY,0,0.00,0.00,0.00,0.00,1.00,0.00,0.00,0.00,0.00,0.00,0.00,0.00,0.00,0.00,0.00,0.00,4.01,578.72,1916.39,1916.22,1913.98,1916.43,1916.24,5.550,0.40,54.89,39.78,34.72,-0.40,-0.40,0.00,1908.99,1915.38,45,66,42.9,42.9,22,1,CROSS=EMA9>EMA21;TREND=1;STRUCT=1;VOL=1;COOL=1;EMA50=1;VWAP=1;BIAS=1,0.00,0.00,29163.94,29163.94,2023.08.23 trades=2 W=1 L=1 gross_profit=700.86 gross_loss=122.14 net=578.72 PF=5.74
1526,2023.08.24 12:42:00,2023.08.24 15:12:00,SKIP,XAUUSD,M3,487,FLAT,NA,DAY,0,0.00,0.00,0.00,0.00,1.00,0.00,0.00,0.00,0.00,0.00,0.00,0.00,0.00,0.00,0.00,0.00,0.00,0.00,1920.75,1920.75,1919.90,1920.79,1920.77,1.817,0.47,39.61,38.97,41.71,-0.29,-0.21,-0.08,1920.24,1919.74,134,121,0.0,100.0,8,1,CROSS=EMA9>EMA21;TREND=1;STRUCT=1;VOL=1;COOL=1;EMA50=1;VWAP=1;BIAS=1,0.00,0.00,29163.94,29163.94,outside the killzone window
1527,2023.08.24 17:57:00,2023.08.24 20:27:00,SKIP,XAUUSD,M3,487,FLAT,NA,EVENING,0,0.00,0.00,0.00,0.00,1.00,0.00,0.00,0.00,0.00,0.00,0.00,0.00,0.00,0.00,0.00,0.00,0.00,0.00,1917.64,1917.64,1918.15,1917.50,1917.57,-0.407,1.26,37.03,64.45,61.20,1.52,1.25,0.27,1918.53,1921.21,335,382,85.7,0.0,8,1,CROSS=EMA9>EMA21;TREND=1;STRUCT=1;VOL=1;COOL=1;EMA50=1;VWAP=1;BIAS=1,0.00,0.00,29163.94,29163.94,outside the killzone window
1528,2023.08.24 21:18:00,2023.08.24 23:48:00,SKIP,XAUUSD,M3,487,FLAT,NA,EVENING,0,0.00,0.00,0.00,0.00,1.00,0.00,0.00,0.00,0.00,0.00,0.00,0.00,0.00,0.00,0.00,0.00,0.00,0.00,1918.55,1918.56,1918.60,1918.61,1918.59,-0.101,0.45,28.50,36.38,43.24,-0.50,-0.55,0.04,1918.74,1917.12,165,168,14.3,71.4,8,1,CROSS=EMA9>EMA21;TREND=1;STRUCT=1;VOL=1;COOL=1;EMA50=1;VWAP=1;BIAS=1,0.00,0.00,29163.94,29163.94,outside the killzone window
1529,2023.08.25 12:09:00,2023.08.25 14:39:00,SKIP,XAUUSD,M3,487,FLAT,NA,DAY,0,0.00,0.00,0.00,0.00,1.00,0.00,0.00,0.00,0.00,0.00,0.00,0.00,0.00,0.00,0.00,0.00,0.00,0.00,1914.57,1914.55,1915.03,1914.51,1914.51,-1.132,0.43,49.69,69.70,59.17,0.35,0.15,0.20,1914.94,1916.24,96,115,85.7,0.0,5,1,CROSS=EMA9>EMA21;TREND=1;STRUCT=1;VOL=1;COOL=1;EMA50=1;VWAP=1;BIAS=1,0.00,0.00,29163.94,29163.94,outside the killzone window
1530,2023.08.25 16:45:00,2023.08.25 19:15:00,ENTRY,XAUUSD,M3,489,SELL,FULLTGT,EVENING,0,1913.38,1915.45,1915.45,2.07,1.00,2.07,1911.31,1909.23,1907.16,1905.08,1903.01,0.70,0.70,0.70,1913.38,0.00,0.00,0.00,1916.36,1916.41,1916.15,1916.48,1916.47,0.251,1.04,43.75,28.88,29.37,-0.99,-0.86,-0.13,1915.71,1913.50,322,262,0.0,100.0,5,1,CROSS=EMA9<EMA21;TREND=1;STRUCT=1;VOL=1;COOL=1;EMA50=1;VWAP=1;BIAS=1,0.00,0.00,29161.49,29157.99,KZ=NY; KZR=NY H @ 1919.69 469 bars ago (high taken); EVENING 4PM-12AM IST session: stop x1.00 of usual; no partials; full size to TP5; SL steps BE->TP1->TP2->TP3
1531,2023.08.25 16:52:38,2023.08.25 19:22:38,EXIT_SL,XAUUSD,M3,489,SELL,FULLTGT,EVENING,0,1913.38,1915.45,1915.45,2.07,1.00,2.07,1911.31,1909.23,1907.16,1905.08,1903.01,0.70,0.70,0.00,1915.47,0.00,-1.01,-151.20,1916.20,1916.33,1916.11,1916.26,1916.36,0.194,1.10,37.91,42.35,41.19,-0.91,-0.92,0.01,1915.69,1914.68,274,274,14.3,71.4,5,1,CROSS=EMA9<EMA21;TREND=1;STRUCT=1;VOL=1;COOL=1;EMA50=1;VWAP=1;BIAS=1,0.00,-0.98,29012.74,29012.74,stopped at the initial SL (x1.00 of usual)
1532,2023.08.25 17:18:00,2023.08.25 19:48:00,SKIP,XAUUSD,M3,489,FLAT,NA,EVENING,0,0.00,0.00,0.00,0.00,1.00,0.00,0.00,0.00,0.00,0.00,0.00,0.00,0.00,0.00,0.00,0.00,0.00,0.00,1916.58,1916.50,1916.22,1916.40,1916.41,0.112,2.51,26.65,69.47,60.84,0.72,-0.17,0.89,1915.88,1920.89,550,377,100.0,0.0,15,1,CROSS=EMA9<EMA21;TREND=1;STRUCT=1;VOL=1;COOL=1;EMA50=1;VWAP=1;BIAS=1,0.00,0.00,29012.74,29012.74,outside the killzone window
1533,2023.08.25 17:27:00,2023.08.25 19:57:00,SKIP,XAUUSD,M3,489,FLAT,NA,EVENING,0,0.00,0.00,0.00,0.00,1.00,0.00,0.00,0.00,0.00,0.00,0.00,0.00,0.00,0.00,0.00,0.00,0.00,0.00,1916.25,1916.33,1916.14,1916.43,1916.43,0.061,3.11,23.69,37.05,43.90,-0.17,0.13,-0.30,1915.83,1911.64,578,426,0.0,85.7,10,1,CROSS=EMA9<EMA21;TREND=1;STRUCT=1;VOL=1;COOL=1;EMA50=1;VWAP=1;BIAS=1,0.00,0.00,29012.74,29012.74,outside the killzone window
1534,2023.08.25 21:42:00,2023.08.26 00:12:00,SKIP,XAUUSD,M3,489,FLAT,NA,DAY,0,0.00,0.00,0.00,0.00,1.00,0.00,0.00,0.00,0.00,0.00,0.00,0.00,0.00,0.00,0.00,0.00,0.00,0.00,1911.82,1911.80,1912.77,1911.72,1911.75,-1.788,0.55,59.34,70.65,67.33,0.88,0.77,0.11,1913.44,1914.23,151,152,85.7,0.0,11,1,CROSS=EMA9<EMA21;TREND=1;STRUCT=1;VOL=1;COOL=1;EMA50=1;VWAP=1;BIAS=1,0.00,0.00,29012.74,29012.74,outside the killzone window
1535,2023.08.28 01:00:00,2023.08.28 03:30:00,DAY_SUMMARY,XAUUSD,M3,489,FLAT,NA,DAY,0,0.00,0.00,0.00,0.00,1.00,0.00,0.00,0.00,0.00,0.00,0.00,0.00,0.00,0.00,0.00,0.00,-1.01,-151.20,1913.53,1912.98,1913.12,1913.51,1912.95,-0.445,0.33,27.08,54.48,56.83,0.24,0.15,0.09,1913.45,1914.21,64,62,85.7,14.3,47,1,CROSS=EMA9<EMA21;TREND=1;STRUCT=1;VOL=1;COOL=1;EMA50=1;VWAP=1;BIAS=1,0.00,0.00,29012.74,29012.74,2023.08.25 trades=1 W=0 L=1 gross_profit=0.00 gross_loss=151.20 net=-151.20 PF=0.00
1536,2023.08.28 01:00:00,2023.08.28 03:30:00,WEEK_SUMMARY,XAUUSD,M3,489,FLAT,NA,DAY,0,0.00,0.00,0.00,0.00,1.00,0.00,0.00,0.00,0.00,0.00,0.00,0.00,0.00,0.00,0.00,0.00,-2.04,-360.35,1913.53,1912.98,1913.12,1913.51,1912.95,-0.445,0.33,27.08,54.48,56.83,0.24,0.15,0.09,1913.45,1914.21,64,62,85.7,14.3,47,1,CROSS=EMA9<EMA21;TREND=1;STRUCT=1;VOL=1;COOL=1;EMA50=1;VWAP=1;BIAS=1,0.00,0.00,29012.74,29012.74,days=3 trades=8 W=1 L=7 gross_profit=700.86 gross_loss=1061.21 net=-360.35 PF=0.66 pips=-339.0
1537,2023.08.28 10:45:00,2023.08.28 13:15:00,SKIP,XAUUSD,M3,489,FLAT,NA,DAY,0,0.00,0.00,0.00,0.00,1.00,0.00,0.00,0.00,0.00,0.00,0.00,0.00,0.00,0.00,0.00,0.00,0.00,0.00,1915.90,1915.92,1915.55,1915.93,1915.93,0.543,0.68,24.00,43.03,40.87,-0.29,-0.36,0.07,1915.95,1915.13,118,127,14.3,57.1,8,1,CROSS=EMA9<EMA21;TREND=1;STRUCT=1;VOL=1;COOL=1;EMA50=1;VWAP=1;BIAS=1,0.00,0.00,29012.74,29012.74,outside the killzone window
1538,2023.08.28 15:48:00,2023.08.28 18:18:00,ENTRY,XAUUSD,M3,491,BUY,FULLTGT,EVENING,0,1917.28,1915.17,1915.17,2.11,1.00,2.11,1919.39,1921.49,1923.60,1925.70,1927.81,0.68,0.68,0.68,1917.28,0.00,0.00,0.00,1915.00,1914.99,1915.05,1914.91,1914.94,-0.064,1.05,17.88,63.60,65.66,0.34,0.07,0.26,1915.48,1917.23,291,191,85.7,0.0,5,1,CROSS=EMA9>EMA21;TREND=1;STRUCT=1;VOL=1;COOL=1;EMA50=1;VWAP=1;BIAS=1,0.00,0.00,29010.36,29006.96,KZ=NY; KZR=NY H @ 1920.24 1414 bars ago (high taken); EVENING 4PM-12AM IST session: stop x1.00 of usual; no partials; full size to TP5; SL steps BE->TP1->TP2->TP3
1539,2023.08.28 16:24:25,2023.08.28 18:54:25,EXIT_SL,XAUUSD,M3,491,BUY,FULLTGT,EVENING,0,1917.28,1915.17,1915.17,2.11,1.00,2.11,1919.39,1921.49,1923.60,1925.70,1927.81,0.68,0.68,0.00,1915.16,0.00,-1.01,-148.92,1915.59,1915.32,1915.22,1915.59,1915.31,0.120,0.80,15.14,47.10,57.37,0.33,0.48,-0.15,1915.56,1915.61,202,216,42.9,28.6,8,1,CROSS=EMA9>EMA21;TREND=1;STRUCT=1;VOL=1;COOL=1;EMA50=1;VWAP=1;BIAS=1,0.31,-1.00,28863.82,28863.82,stopped at the initial SL (x1.00 of usual)
1540,2023.08.29 01:00:00,2023.08.29 03:30:00,DAY_SUMMARY,XAUUSD,M3,491,FLAT,NA,DAY,0,0.00,0.00,0.00,0.00,1.00,0.00,0.00,0.00,0.00,0.00,0.00,0.00,0.00,0.00,0.00,0.00,-1.01,-148.92,1920.01,1919.88,1919.07,1920.01,1919.88,4.031,0.20,26.21,52.58,51.52,0.01,-0.01,0.02,1917.44,1920.06,37,44,85.7,0.0,39,1,CROSS=EMA9>EMA21;TREND=1;STRUCT=1;VOL=1;COOL=1;EMA50=1;VWAP=1;BIAS=1,0.00,0.00,28863.82,28863.82,2023.08.28 trades=1 W=0 L=1 gross_profit=0.00 gross_loss=148.92 net=-148.92 PF=0.00
1541,2023.08.29 11:24:00,2023.08.29 13:54:00,SKIP,XAUUSD,M3,491,FLAT,NA,DAY,0,0.00,0.00,0.00,0.00,1.00,0.00,0.00,0.00,0.00,0.00,0.00,0.00,0.00,0.00,0.00,0.00,0.00,0.00,1923.59,1923.60,1922.92,1923.60,1923.60,1.250,0.54,25.63,49.20,45.85,-0.12,-0.06,-0.06,1923.31,1923.38,88,146,14.3,71.4,8,1,CROSS=EMA9>EMA21;TREND=1;STRUCT=1;VOL=1;COOL=1;EMA50=1;VWAP=1;BIAS=1,0.00,0.00,28863.82,28863.82,outside the killzone window
1542,2023.08.29 17:12:00,2023.08.29 19:42:00,SKIP,XAUUSD,M3,491,FLAT,NA,EVENING,0,0.00,0.00,0.00,0.00,1.00,0.00,0.00,0.00,0.00,0.00,0.00,0.00,0.00,0.00,0.00,0.00,0.00,0.00,1920.44,1920.37,1921.02,1920.00,1920.15,-0.329,1.98,47.01,85.61,86.87,3.17,1.58,1.59,1921.65,1931.28,574,371,85.7,14.3,14,1,CROSS=EMA9>EMA21;TREND=1;STRUCT=1;VOL=1;COOL=1;EMA50=1;VWAP=1;BIAS=1,0.00,0.00,28863.82,28863.82,outside the killzone window
1543,2023.08.30 08:33:00,2023.08.30 11:03:00,SKIP,XAUUSD,M3,491,FLAT,NA,DAY,0,0.00,0.00,0.00,0.00,1.00,0.00,0.00,0.00,0.00,0.00,0.00,0.00,0.00,0.00,0.00,0.00,0.00,0.00,1936.48,1936.49,1935.68,1936.51,1936.50,2.146,0.38,14.10,41.05,53.06,-0.03,-0.02,-0.01,1936.53,1935.96,226,81,14.3,71.4,8,1,CROSS=EMA9>EMA21;TREND=1;STRUCT=1;VOL=1;COOL=1;EMA50=1;VWAP=1;BIAS=1,0.00,0.00,28863.82,28863.82,outside the killzone window
1544,2023.08.30 12:21:00,2023.08.30 14:51:00,SKIP,XAUUSD,M3,491,FLAT,NA,DAY,0,0.00,0.00,0.00,0.00,1.00,0.00,0.00,0.00,0.00,0.00,0.00,0.00,0.00,0.00,0.00,0.00,0.00,0.00,1936.23,1936.22,1935.91,1936.19,1936.20,0.580,0.53,15.97,59.37,62.34,0.18,0.12,0.07,1936.32,1937.11,114,132,71.4,0.0,6,1,CROSS=EMA9>EMA21;TREND=1;STRUCT=1;VOL=1;COOL=1;EMA50=1;VWAP=1;BIAS=1,0.00,0.00,28863.82,28863.82,outside the killzone window
1545,2023.08.30 22:36:00,2023.08.31 01:06:00,SKIP,XAUUSD,M3,491,FLAT,NA,DAY,0,0.00,0.00,0.00,0.00,1.00,0.00,0.00,0.00,0.00,0.00,0.00,0.00,0.00,0.00,0.00,0.00,0.00,0.00,1943.96,1943.96,1942.79,1943.98,1943.98,3.904,0.30,19.00,42.57,42.20,-0.14,-0.15,0.02,1941.19,1943.37,92,98,28.6,42.9,4,1,CROSS=EMA9>EMA21;TREND=1;STRUCT=1;VOL=1;COOL=1;EMA50=1;VWAP=1;BIAS=1,0.00,0.00,28863.82,28863.82,outside the killzone window
1546,2023.08.31 01:36:00,2023.08.31 04:06:00,SKIP,XAUUSD,M3,491,FLAT,NA,DAY,0,0.00,0.00,0.00,0.00,1.00,0.00,0.00,0.00,0.00,0.00,0.00,0.00,0.00,0.00,0.00,0.00,0.00,0.00,1943.82,1943.80,1943.06,1943.77,1943.78,1.552,0.48,36.87,74.72,70.06,0.44,0.29,0.15,1944.26,1944.98,36,74,85.7,0.0,4,1,CROSS=EMA9>EMA21;TREND=1;STRUCT=1;VOL=1;COOL=1;EMA50=1;VWAP=1;BIAS=1,0.00,0.00,28863.82,28863.82,already positioned that way
1547,2023.08.31 08:33:00,2023.08.31 11:03:00,SKIP,XAUUSD,M3,491,FLAT,NA,DAY,0,0.00,0.00,0.00,0.00,1.00,0.00,0.00,0.00,0.00,0.00,0.00,0.00,0.00,0.00,0.00,0.00,0.00,0.00,1945.53,1945.54,1945.02,1945.56,1945.55,1.352,0.39,23.76,41.21,41.02,-0.14,-0.10,-0.04,1945.76,1944.98,125,72,0.0,85.7,5,1,CROSS=EMA9>EMA21;TREND=1;STRUCT=1;VOL=1;COOL=1;EMA50=1;VWAP=1;BIAS=1,0.00,0.00,28863.82,28863.82,outside the killzone window
1548,2023.08.31 15:12:00,2023.08.31 17:42:00,SKIP,XAUUSD,M3,491,FLAT,NA,EVENING,0,0.00,0.00,0.00,0.00,1.00,0.00,0.00,0.00,0.00,0.00,0.00,0.00,0.00,0.00,0.00,0.00,0.00,0.00,1944.85,1944.84,1944.84,1944.80,1944.81,-0.002,0.55,30.46,63.24,52.86,0.27,0.17,0.10,1945.20,1945.89,233,144,100.0,0.0,4,1,CROSS=EMA9>EMA21;TREND=1;STRUCT=1;VOL=1;COOL=1;EMA50=1;VWAP=1;BIAS=1,0.00,0.00,28863.82,28863.82,already positioned that way
1549,2023.08.31 16:21:00,2023.08.31 18:51:00,ENTRY,XAUUSD,M3,493,SELL,FULLTGT,EVENING,0,1944.56,1947.35,1947.35,2.79,1.00,2.79,1941.77,1938.97,1936.18,1933.39,1930.60,0.51,0.51,0.51,1944.56,0.00,0.00,0.00,1944.94,1944.94,1944.91,1944.95,1944.95,0.023,1.40,18.04,48.43,45.60,-0.40,-0.20,-0.21,1945.20,1944.56,278,361,0.0,71.4,10,1,CROSS=EMA9<EMA21;TREND=1;STRUCT=1;VOL=1;COOL=1;EMA50=1;VWAP=1;BIAS=1,0.00,0.00,28862.03,28856.93,KZ=NY; KZR=Asia H @ 1947.78 16 bars ago (high taken); EVENING 4PM-12AM IST session: stop x1.00 of usual; no partials; full size to TP5; SL steps BE->TP1->TP2->TP3
1550,2023.08.31 16:36:01,2023.08.31 19:06:01,TP1_REACHED,XAUUSD,M3,493,SELL,FULLTGT,EVENING,0,1944.56,1947.35,1947.35,2.79,1.00,2.79,1941.77,1938.97,1936.18,1933.39,1930.60,0.51,0.00,0.51,1941.77,1.00,1.00,0.00,1944.64,1944.79,1944.83,1944.76,1944.85,-0.035,1.31,20.76,34.19,41.97,-0.62,-0.43,-0.18,1945.13,1941.67,405,340,0.0,85.7,16,1,CROSS=EMA9<EMA21;TREND=1;STRUCT=1;VOL=1;COOL=1;EMA50=1;VWAP=1;BIAS=1,1.04,-0.10,28862.03,29004.83,full target: no partial booked
1551,2023.09.01 01:00:00,2023.09.01 03:30:00,MONTH_SUMMARY,XAUUSD,M3,493,SELL,FULLTGT,DAY,0,1944.56,1947.35,1947.35,2.79,1.00,2.79,1941.77,1938.97,1936.18,1933.39,1930.60,0.51,0.00,0.00,0.00,0.00,3.30,197.82,1940.42,1940.98,1941.92,1940.44,1941.00,-3.667,0.26,25.69,49.23,43.47,-0.22,-0.32,0.10,1943.83,1940.06,43,56,14.3,71.4,25,1,CROSS=EMA9<EMA21;TREND=1;STRUCT=1;VOL=1;COOL=1;EMA50=1;VWAP=1;BIAS=1,1.99,-0.23,28862.03,29110.67,days=13 trades=28 W=5 L=23 gross_profit=3516.37 gross_loss=3318.55 net=197.82 PF=1.06 pips=-259.0
1552,2023.09.01 03:16:04,2023.09.01 05:46:04,TP2_REACHED,XAUUSD,M3,493,SELL,FULLTGT,DAY,0,1944.56,1947.35,1947.35,2.79,1.00,2.79,1941.77,1938.97,1936.18,1933.39,1930.60,0.51,0.00,0.51,1938.97,2.00,2.00,0.00,1939.96,1940.33,1941.18,1939.99,1940.35,-3.154,0.27,20.42,35.35,36.55,-0.04,0.01,-0.05,1939.88,1939.28,68,42,0.0,85.7,6,1,CROSS=EMA9<EMA21;TREND=1;STRUCT=1;VOL=1;COOL=1;EMA50=1;VWAP=1;BIAS=1,1.99,-0.23,28862.03,29169.83,full target: no partial booked
1553,2023.09.01 04:24:00,2023.09.01 06:54:00,FLIP,XAUUSD,M3,493,SELL,FULLTGT,DAY,0,1944.56,1947.35,1947.35,2.79,1.00,2.79,1941.77,1938.97,1936.18,1933.39,1930.60,0.51,0.00,0.00,1943.94,0.00,0.22,0.00,1940.41,1940.39,1941.02,1940.27,1940.32,-0.982,0.64,47.08,82.91,78.76,0.97,0.46,0.51,1940.51,1943.83,166,124,100.0,0.0,13,1,CROSS=EMA9>EMA21;TREND=1;STRUCT=1;VOL=1;COOL=1;EMA50=1;VWAP=1;BIAS=1,2.12,-0.23,28862.03,28916.36,opposite signal before SL/target | SELL -> BUY | closing trade 493
1554,2023.09.01 04:24:00,2023.09.01 06:54:00,EXIT_FLIP,XAUUSD,M3,493,SELL,FULLTGT,DAY,0,1944.56,1947.35,1947.35,2.79,1.00,2.79,1941.77,1938.97,1936.18,1933.39,1930.60,0.51,0.51,0.00,1943.94,0.00,0.22,0.00,1940.41,1940.39,1941.02,1940.27,1940.32,-0.982,0.64,47.08,82.91,78.76,0.97,0.46,0.51,1940.51,1943.83,166,124,100.0,0.0,13,1,CROSS=EMA9>EMA21;TREND=1;STRUCT=1;VOL=1;COOL=1;EMA50=1;VWAP=1;BIAS=1,2.12,-0.23,28914.57,28914.57,FLIP exit
1555,2023.09.01 04:24:00,2023.09.01 06:54:00,EXIT_OTHER,XAUUSD,M3,493,SELL,FULLTGT,DAY,0,1944.56,1947.35,1947.35,2.79,1.00,2.79,1941.77,1938.97,1936.18,1933.39,1930.60,0.51,0.51,0.00,1943.94,0.00,0.22,50.75,1940.41,1940.39,1941.02,1940.27,1940.32,-0.982,0.64,47.08,82.91,78.76,0.97,0.46,0.51,1940.51,1943.83,166,124,100.0,0.0,13,1,CROSS=EMA9>EMA21;TREND=1;STRUCT=1;VOL=1;COOL=1;EMA50=1;VWAP=1;BIAS=1,2.12,-0.23,28914.57,28914.57,FLIP exit
1556,2023.09.01 04:24:00,2023.09.01 06:54:00,ENTRY,XAUUSD,M3,495,BUY,FULLTGT,DAY,493,1943.94,1942.66,1942.66,1.28,1.00,1.28,1945.22,1946.51,1947.79,1949.07,1950.35,1.12,1.12,1.12,1943.94,0.00,0.00,0.00,1940.41,1940.39,1941.02,1940.27,1940.32,-0.982,0.64,47.08,82.91,78.76,0.97,0.46,0.51,1940.51,1943.83,166,124,100.0,0.0,13,1,CROSS=EMA9>EMA21;TREND=1;STRUCT=1;VOL=1;COOL=1;EMA50=1;VWAP=1;BIAS=1,0.00,0.00,28910.65,28896.09,KZ=ASIA; KZR=Asia H @ 1947.78 257 bars ago (high taken); DAY 12AM-4PM IST session: stop x1.00 of usual; no partials; full size to TP5; SL steps BE->TP1->TP2->TP3; flipped from trade 493
1557,2023.09.01 04:29:03,2023.09.01 06:59:03,EXIT_SL,XAUUSD,M3,495,BUY,FULLTGT,DAY,493,1943.94,1942.66,1942.66,1.28,1.00,1.28,1945.22,1946.51,1947.79,1949.07,1950.35,1.12,1.12,0.00,1942.66,0.00,-1.00,-151.20,1940.51,1940.45,1941.04,1940.41,1940.39,-0.870,0.69,49.76,71.19,80.45,1.00,0.59,0.41,1940.62,1943.08,186,129,85.7,14.3,7,1,CROSS=EMA9>EMA21;TREND=1;STRUCT=1;VOL=1;COOL=1;EMA50=1;VWAP=1;BIAS=1,0.00,-0.96,28763.37,28763.37,stopped at the initial SL (x1.00 of usual)
1558,2023.09.01 06:24:00,2023.09.01 08:54:00,ENTRY,XAUUSD,M3,497,SELL,FULLTGT,DAY,0,1939.18,1940.29,1940.29,1.11,1.00,1.11,1938.07,1936.96,1935.85,1934.73,1933.62,1.29,1.29,1.29,1939.18,0.00,0.00,0.00,1940.87,1940.88,1941.15,1940.94,1940.91,-0.495,0.56,74.09,32.23,28.05,-0.72,-0.59,-0.14,1941.09,1939.18,112,117,0.0,85.7,12,1,CROSS=EMA9<EMA21;TREND=1;STRUCT=1;VOL=1;COOL=1;EMA50=1;VWAP=1;BIAS=1,0.00,0.00,28758.85,28743.37,KZ=ASIA; KZR=Asia H @ 1947.78 297 bars ago (high taken); DAY 12AM-4PM IST session: stop x1.00 of usual; no partials; full size to TP5; SL steps BE->TP1->TP2->TP3
1559,2023.09.01 07:55:38,2023.09.01 10:25:38,EXIT_SL,XAUUSD,M3,497,SELL,FULLTGT,DAY,0,1939.18,1940.29,1940.29,1.11,1.00,1.11,1938.07,1936.96,1935.85,1934.73,1933.62,1.29,1.29,0.00,1940.31,0.00,-1.02,-154.81,1939.67,1940.08,1940.62,1939.65,1940.08,-1.753,0.31,36.34,63.42,55.47,0.08,-0.15,0.23,1940.77,1940.05,45,59,57.1,28.6,11,1,CROSS=EMA9<EMA21;TREND=1;STRUCT=1;VOL=1;COOL=1;EMA50=1;VWAP=1;BIAS=1,0.88,-0.98,28608.56,28608.56,stopped at the initial SL (x1.00 of usual)
1560,2023.09.01 10:21:00,2023.09.01 12:51:00,SKIP,XAUUSD,M3,497,FLAT,NA,DAY,0,0.00,0.00,0.00,0.00,1.00,0.00,0.00,0.00,0.00,0.00,0.00,0.00,0.00,0.00,0.00,0.00,0.00,0.00,1940.08,1940.06,1940.38,1940.00,1940.02,-0.628,0.51,47.34,73.57,66.57,0.54,0.24,0.30,1940.51,1941.97,134,153,85.7,0.0,6,1,CROSS=EMA9<EMA21;TREND=1;STRUCT=1;VOL=1;COOL=1;EMA50=1;VWAP=1;BIAS=1,0.00,0.00,28608.56,28608.56,outside the killzone window
1561,2023.09.01 17:24:00,2023.09.01 19:54:00,SKIP,XAUUSD,M3,497,FLAT,NA,EVENING,0,0.00,0.00,0.00,0.00,1.00,0.00,0.00,0.00,0.00,0.00,0.00,0.00,0.00,0.00,0.00,0.00,0.00,0.00,1944.56,1944.65,1943.75,1944.78,1944.75,0.348,2.58,23.28,36.22,34.12,-2.18,-1.86,-0.31,1943.56,1939.28,466,516,0.0,71.4,6,1,CROSS=EMA9<EMA21;TREND=1;STRUCT=1;VOL=1;COOL=1;EMA50=1;VWAP=1;BIAS=1,0.00,0.00,28608.56,28608.56,outside the killzone window
1562,2023.09.04 01:00:00,2023.09.04 03:30:00,DAY_SUMMARY,XAUUSD,M3,497,FLAT,NA,DAY,0,0.00,0.00,0.00,0.00,1.00,0.00,0.00,0.00,0.00,0.00,0.00,0.00,0.00,0.00,0.00,0.00,-1.79,-255.26,1940.36,1940.50,1940.98,1940.38,1940.52,-1.972,0.24,46.96,37.62,41.68,-0.22,-0.20,-0.02,1942.15,1939.85,36,50,0.0,85.7,49,1,CROSS=EMA9<EMA21;TREND=1;STRUCT=1;VOL=1;COOL=1;EMA50=1;VWAP=1;BIAS=1,0.00,0.00,28608.56,28608.56,2023.09.01 trades=3 W=1 L=2 gross_profit=50.75 gross_loss=306.01 net=-255.26 PF=0.17
1563,2023.09.04 01:00:00,2023.09.04 03:30:00,WEEK_SUMMARY,XAUUSD,M3,497,FLAT,NA,DAY,0,0.00,0.00,0.00,0.00,1.00,0.00,0.00,0.00,0.00,0.00,0.00,0.00,0.00,0.00,0.00,0.00,-1.79,-255.26,1940.36,1940.50,1940.98,1940.38,1940.52,-1.972,0.24,46.96,37.62,41.68,-0.22,-0.20,-0.02,1942.15,1939.85,36,50,0.0,85.7,49,1,CROSS=EMA9<EMA21;TREND=1;STRUCT=1;VOL=1;COOL=1;EMA50=1;VWAP=1;BIAS=1,0.00,0.00,28608.56,28608.56,days=1 trades=3 W=1 L=2 gross_profit=50.75 gross_loss=306.01 net=-255.26 PF=0.17 pips=-179.0
1564,2023.09.04 03:36:00,2023.09.04 06:06:00,ENTRY,XAUUSD,M3,499,BUY,FULLTGT,DAY,0,1941.00,1940.37,1940.37,0.63,1.00,0.63,1941.63,1942.26,1942.89,1943.51,1944.14,2.27,2.27,2.27,1941.00,0.00,0.00,0.00,1940.33,1940.32,1940.65,1940.31,1940.31,-1.049,0.31,30.77,63.54,60.12,0.23,0.19,0.04,1940.23,1940.97,44,61,85.7,0.0,4,1,CROSS=EMA9>EMA21;TREND=1;STRUCT=1;VOL=1;COOL=1;EMA50=1;VWAP=1;BIAS=1,0.00,0.00,28600.61,28591.53,KZ=ASIA; KZR=Asia H @ 1947.78 1681 bars ago (high taken); DAY 12AM-4PM IST session: stop x1.00 of usual; no partials; full size to TP5; SL steps BE->TP1->TP2->TP3
1565,2023.09.04 03:49:05,2023.09.04 06:19:05,TP1_REACHED,XAUUSD,M3,499,BUY,FULLTGT,DAY,0,1941.00,1940.37,1940.37,0.63,1.00,0.63,1941.63,1942.26,1942.89,1943.51,1944.14,2.27,0.00,2.27,1941.63,1.00,1.00,0.00,1940.48,1940.40,1940.68,1940.45,1940.38,-0.919,0.30,47.34,68.53,68.60,0.31,0.24,0.07,1940.34,1941.36,75,66,85.7,14.3,4,1,CROSS=EMA9>EMA21;TREND=1;STRUCT=1;VOL=1;COOL=1;EMA50=1;VWAP=1;BIAS=1,0.99,-0.13,28600.61,28745.89,full target: no partial booked
1566,2023.09.04 04:05:38,2023.09.04 06:35:38,TP2_REACHED,XAUUSD,M3,499,BUY,FULLTGT,DAY,0,1941.00,1940.37,1940.37,0.63,1.00,0.63,1941.63,1942.26,1942.89,1943.51,1944.14,2.27,0.00,2.27,1942.26,2.00,2.00,0.00,1940.61,1940.48,1940.71,1940.59,1940.46,-0.658,0.35,40.31,57.96,60.74,0.24,0.28,-0.04,1940.50,1941.18,179,79,85.7,14.3,12,1,CROSS=EMA9>EMA21;TREND=1;STRUCT=1;VOL=1;COOL=1;EMA50=1;VWAP=1;BIAS=1,1.92,-0.37,28600.61,28891.17,full target: no partial booked
1567,2023.09.04 04:45:04,2023.09.04 07:15:04,TP3_REACHED,XAUUSD,M3,499,BUY,FULLTGT,DAY,0,1941.00,1940.37,1940.37,0.63,1.00,0.63,1941.63,1942.26,1942.89,1943.51,1944.14,2.27,0.00,2.27,1942.89,3.00,3.00,0.00,1941.13,1940.80,1940.85,1941.06,1940.76,-0.075,0.64,18.54,64.81,69.34,0.36,0.27,0.09,1941.02,1942.69,126,151,71.4,0.0,4,1,CROSS=EMA9>EMA21;TREND=1;STRUCT=1;VOL=1;COOL=1;EMA50=1;VWAP=1;BIAS=1,2.96,-0.89,28600.61,29034.18,full target: no partial booked
1568,2023.09.04 04:49:15,2023.09.04 07:19:15,TP4_REACHED,XAUUSD,M3,499,BUY,FULLTGT,DAY,0,1941.00,1940.37,1940.37,0.63,1.00,0.63,1941.63,1942.26,1942.89,1943.51,1944.14,2.27,0.00,2.27,1943.51,4.00,4.00,0.00,1941.20,1940.84,1940.87,1941.13,1940.80,-0.042,0.62,19.58,67.02,69.34,0.42,0.30,0.12,1941.07,1942.96,180,156,85.7,0.0,4,1,CROSS=EMA9>EMA21;TREND=1;STRUCT=1;VOL=1;COOL=1;EMA50=1;VWAP=1;BIAS=1,3.99,-0.89,28600.61,29172.65,full target: no partial booked
1569,2023.09.04 05:04:30,2023.09.04 07:34:30,TP5_EXIT,XAUUSD,M3,499,BUY,FULLTGT,DAY,0,1941.00,1940.37,1940.37,0.63,1.00,0.63,1941.63,1942.26,1942.89,1943.51,1944.14,2.27,2.27,0.00,1944.16,5.00,5.00,0.00,1941.61,1941.09,1940.99,1941.52,1941.04,0.139,0.70,23.05,67.39,64.54,0.63,0.48,0.15,1941.40,1943.79,141,175,71.4,0.0,4,1,CROSS=EMA9>EMA21;TREND=1;STRUCT=1;VOL=1;COOL=1;EMA50=1;VWAP=1;BIAS=1,4.98,-0.89,29309.98,29309.98,full target reached; closed in full
1570,2023.09.04 05:04:31,2023.09.04 07:34:31,EXIT_TP,XAUUSD,M3,499,BUY,FULLTGT,DAY,0,1941.00,1940.37,1940.37,0.63,1.00,0.63,1941.63,1942.26,1942.89,1943.51,1944.14,2.27,2.27,0.00,1944.16,0.00,5.03,701.42,1941.61,1941.09,1940.99,1941.52,1941.04,0.139,0.70,23.05,67.39,64.54,0.63,0.48,0.15,1941.40,1943.79,141,175,71.4,0.0,4,1,CROSS=EMA9>EMA21;TREND=1;STRUCT=1;VOL=1;COOL=1;EMA50=1;VWAP=1;BIAS=1,4.98,-0.89,29309.98,29309.98,TP5 exit
1571,2023.09.04 11:18:00,2023.09.04 13:48:00,SKIP,XAUUSD,M3,499,FLAT,NA,DAY,0,0.00,0.00,0.00,0.00,1.00,0.00,0.00,0.00,0.00,0.00,0.00,0.00,0.00,0.00,0.00,0.00,0.00,0.00,1944.32,1944.32,1943.68,1944.33,1944.33,1.536,0.41,15.24,47.41,44.80,-0.16,-0.24,0.08,1943.73,1943.93,115,134,28.6,42.9,4,1,CROSS=EMA9>EMA21;TREND=1;STRUCT=1;VOL=1;COOL=1;EMA50=1;VWAP=1;BIAS=1,0.00,0.00,29309.98,29309.98,outside the killzone window
1572,2023.09.05 01:00:00,2023.09.05 03:30:00,DAY_SUMMARY,XAUUSD,M3,499,FLAT,NA,DAY,0,0.00,0.00,0.00,0.00,1.00,0.00,0.00,0.00,0.00,0.00,0.00,0.00,0.00,0.00,0.00,0.00,5.03,701.42,1938.56,1938.85,1939.75,1938.56,1938.85,-5.100,0.18,17.28,50.46,50.44,0.01,0.05,-0.04,1941.88,1938.58,2,19,28.6,42.9,35,1,CROSS=EMA9>EMA21;TREND=1;STRUCT=1;VOL=1;COOL=1;EMA50=1;VWAP=1;BIAS=1,0.00,0.00,29309.98,29309.98,2023.09.04 trades=1 W=1 L=0 gross_profit=701.42 gross_loss=0.00 net=701.42 PF=0.00
1573,2023.09.05 07:54:00,2023.09.05 10:24:00,SKIP,XAUUSD,M3,499,FLAT,NA,DAY,0,0.00,0.00,0.00,0.00,1.00,0.00,0.00,0.00,0.00,0.00,0.00,0.00,0.00,0.00,0.00,0.00,0.00,0.00,1937.38,1937.37,1937.93,1937.34,1937.35,-1.915,0.29,51.35,70.60,68.78,0.43,0.32,0.10,1937.16,1938.44,87,68,85.7,14.3,4,1,CROSS=EMA9>EMA21;TREND=1;STRUCT=1;VOL=1;COOL=1;EMA50=1;VWAP=1;BIAS=1,0.00,0.00,29309.98,29309.98,outside the killzone window
1574,2023.09.05 09:15:00,2023.09.05 11:45:00,SKIP,XAUUSD,M3,499,FLAT,NA,DAY,0,0.00,0.00,0.00,0.00,1.00,0.00,0.00,0.00,0.00,0.00,0.00,0.00,0.00,0.00,0.00,0.00,0.00,0.00,1937.45,1937.47,1937.86,1937.50,1937.50,-0.602,0.66,35.12,36.19,31.85,-0.42,-0.28,-0.14,1937.26,1936.06,135,130,0.0,100.0,4,1,CROSS=EMA9>EMA21;TREND=1;STRUCT=1;VOL=1;COOL=1;EMA50=1;VWAP=1;BIAS=1,0.00,0.00,29309.98,29309.98,outside the killzone window
1575,2023.09.06 07:00:00,2023.09.06 09:30:00,SKIP,XAUUSD,M3,499,FLAT,NA,DAY,0,0.00,0.00,0.00,0.00,1.00,0.00,0.00,0.00,0.00,0.00,0.00,0.00,0.00,0.00,0.00,0.00,0.00,0.00,1925.96,1925.95,1926.57,1925.93,1925.94,-2.221,0.28,22.74,61.54,60.15,0.19,0.15,0.03,1925.63,1926.59,60,75,71.4,0.0,4,1,CROSS=EMA9>EMA21;TREND=1;STRUCT=1;VOL=1;COOL=1;EMA50=1;VWAP=1;BIAS=1,0.00,0.00,29309.98,29309.98,outside the killzone window
1576,2023.09.06 10:21:00,2023.09.06 12:51:00,SKIP,XAUUSD,M3,499,FLAT,NA,DAY,0,0.00,0.00,0.00,0.00,1.00,0.00,0.00,0.00,0.00,0.00,0.00,0.00,0.00,0.00,0.00,0.00,0.00,0.00,1926.53,1926.55,1926.70,1926.58,1926.57,-0.281,0.55,33.98,35.28,36.25,-0.44,-0.36,-0.07,1926.16,1925.26,217,176,0.0,100.0,4,1,CROSS=EMA9>EMA21;TREND=1;STRUCT=1;VOL=1;COOL=1;EMA50=1;VWAP=1;BIAS=1,0.00,0.00,29309.98,29309.98,outside the killzone window
1577,2023.09.06 13:36:00,2023.09.06 16:06:00,SKIP,XAUUSD,M3,499,FLAT,NA,EVENING,0,0.00,0.00,0.00,0.00,1.00,0.00,0.00,0.00,0.00,0.00,0.00,0.00,0.00,0.00,0.00,0.00,0.00,0.00,1925.36,1925.33,1925.74,1925.30,1925.30,-0.690,0.59,46.69,65.75,65.05,0.80,0.78,0.02,1925.58,1926.96,108,127,85.7,0.0,8,1,CROSS=EMA9>EMA21;TREND=1;STRUCT=1;VOL=1;COOL=1;EMA50=1;VWAP=1;BIAS=1,0.00,0.00,29309.98,29309.98,already positioned that way
1578,2023.09.06 15:57:00,2023.09.06 18:27:00,ENTRY,XAUUSD,M3,501,SELL,FULLTGT,EVENING,0,1923.86,1925.62,1925.62,1.76,1.00,1.76,1922.10,1920.33,1918.57,1916.80,1915.04,0.83,0.83,0.83,1923.86,0.00,0.00,0.00,1925.55,1925.58,1925.76,1925.62,1925.61,-0.213,0.88,27.34,34.74,35.46,-0.46,-0.27,-0.19,1925.62,1923.86,292,208,0.0,100.0,4,1,CROSS=EMA9<EMA21;TREND=1;STRUCT=1;VOL=1;COOL=1;EMA50=1;VWAP=1;BIAS=1,0.00,0.00,29307.07,29303.75,KZ=NY; KZR=Asia L @ 1924.18 110 bars ago (low taken); EVENING 4PM-12AM IST session: stop x1.00 of usual; no partials; full size to TP5; SL steps BE->TP1->TP2->TP3
1579,2023.09.06 16:01:54,2023.09.06 18:31:54,TP1_REACHED,XAUUSD,M3,501,SELL,FULLTGT,EVENING,0,1923.86,1925.62,1925.62,1.76,1.00,1.76,1922.10,1920.33,1918.57,1916.80,1915.04,0.83,0.00,0.83,1922.10,1.00,1.00,0.00,1925.46,1925.53,1925.74,1925.55,1925.58,-0.232,0.90,32.10,30.95,31.87,-0.56,-0.31,-0.24,1925.60,1923.26,246,216,0.0,100.0,4,1,CROSS=EMA9<EMA21;TREND=1;STRUCT=1;VOL=1;COOL=1;EMA50=1;VWAP=1;BIAS=1,1.00,-0.14,29307.07,29454.81,full target: no partial booked
1580,2023.09.06 16:40:40,2023.09.06 19:10:40,EXIT_SL,XAUUSD,M3,501,SELL,FULLTGT,EVENING,0,1923.86,1925.62,1925.62,1.76,1.00,1.76,1922.10,1920.33,1918.57,1916.80,1915.04,0.83,0.83,0.00,1925.62,0.00,-1.00,-151.90,1924.16,1924.77,1925.31,1924.14,1924.77,-0.522,1.03,39.98,60.72,55.13,-0.59,-0.99,0.40,1925.22,1924.70,405,301,71.4,28.6,4,1,CROSS=EMA9<EMA21;TREND=1;STRUCT=1;VOL=1;COOL=1;EMA50=1;VWAP=1;BIAS=1,1.53,-0.99,29158.08,29158.08,stopped at the initial SL (x1.00 of usual)
1581,2023.09.07 01:00:00,2023.09.07 03:30:00,DAY_SUMMARY,XAUUSD,M3,501,FLAT,NA,DAY,0,0.00,0.00,0.00,0.00,1.00,0.00,0.00,0.00,0.00,0.00,0.00,0.00,0.00,0.00,0.00,0.00,-1.00,-151.90,1916.91,1917.67,1919.39,1916.93,1917.70,-7.866,0.22,29.16,43.85,43.14,-0.19,-0.14,-0.04,1922.77,1916.42,48,47,14.3,85.7,17,1,CROSS=EMA9<EMA21;TREND=1;STRUCT=1;VOL=1;COOL=1;EMA50=1;VWAP=1;BIAS=1,0.00,0.00,29158.08,29158.08,2023.09.06 trades=1 W=0 L=1 gross_profit=0.00 gross_loss=151.90 net=-151.90 PF=0.00
1582,2023.09.07 04:48:00,2023.09.07 07:18:00,ENTRY,XAUUSD,M3,503,BUY,FULLTGT,DAY,0,1919.09,1917.98,1917.98,1.11,1.00,1.11,1920.20,1921.31,1922.42,1923.52,1924.63,1.31,1.31,1.31,1919.09,0.00,0.00,0.00,1917.55,1917.54,1918.38,1917.49,1917.50,-1.516,0.55,44.68,70.28,68.71,0.46,0.35,0.11,1917.55,1919.05,149,124,100.0,0.0,4,1,CROSS=EMA9>EMA21;TREND=1;STRUCT=1;VOL=1;COOL=1;EMA50=1;VWAP=1;BIAS=1,0.00,0.00,29153.49,29148.25,KZ=ASIA; KZR=Asia L @ 1924.18 367 bars ago (low taken); DAY 12AM-4PM IST session: stop x1.00 of usual; no partials; full size to TP5; SL steps BE->TP1->TP2->TP3
1583,2023.09.07 05:08:52,2023.09.07 07:38:52,EXIT_SL,XAUUSD,M3,503,BUY,FULLTGT,DAY,0,1919.09,1917.98,1917.98,1.11,1.00,1.11,1920.20,1921.31,1922.42,1923.52,1924.63,1.31,1.31,0.00,1917.98,0.00,-1.00,-154.59,1917.87,1917.71,1918.42,1917.85,1917.70,-1.563,0.45,47.32,51.07,61.66,0.47,0.49,-0.02,1917.76,1918.32,132,135,71.4,14.3,4,1,CROSS=EMA9>EMA21;TREND=1;STRUCT=1;VOL=1;COOL=1;EMA50=1;VWAP=1;BIAS=1,0.52,-0.98,29003.49,29003.49,stopped at the initial SL (x1.00 of usual)
1584,2023.09.07 10:15:00,2023.09.07 12:45:00,SKIP,XAUUSD,M3,503,FLAT,NA,DAY,0,0.00,0.00,0.00,0.00,1.00,0.00,0.00,0.00,0.00,0.00,0.00,0.00,0.00,0.00,0.00,0.00,0.00,0.00,1918.76,1918.77,1918.80,1918.79,1918.78,-0.066,0.51,33.46,42.32,42.30,-0.16,0.00,-0.16,1918.57,1918.09,153,143,0.0,100.0,4,1,CROSS=EMA9>EMA21;TREND=1;STRUCT=1;VOL=1;COOL=1;EMA50=1;VWAP=1;BIAS=1,0.00,0.00,29003.49,29003.49,outside the killzone window
1585,2023.09.07 12:21:00,2023.09.07 14:51:00,SKIP,XAUUSD,M3,503,FLAT,NA,DAY,0,0.00,0.00,0.00,0.00,1.00,0.00,0.00,0.00,0.00,0.00,0.00,0.00,0.00,0.00,0.00,0.00,0.00,0.00,1918.59,1918.58,1918.66,1918.54,1918.55,-0.159,0.49,30.28,65.10,58.45,0.30,0.22,0.08,1918.50,1919.84,136,109,100.0,0.0,4,1,CROSS=EMA9>EMA21;TREND=1;STRUCT=1;VOL=1;COOL=1;EMA50=1;VWAP=1;BIAS=1,0.00,0.00,29003.49,29003.49,outside the killzone window
1586,2023.09.07 17:24:00,2023.09.07 19:54:00,SKIP,XAUUSD,M3,503,FLAT,NA,EVENING,0,0.00,0.00,0.00,0.00,1.00,0.00,0.00,0.00,0.00,0.00,0.00,0.00,0.00,0.00,0.00,0.00,0.00,0.00,1920.18,1920.20,1919.85,1920.26,1920.24,0.309,1.15,26.09,39.89,42.01,-0.75,-0.59,-0.16,1919.49,1918.11,281,345,0.0,85.7,4,1,CROSS=EMA9>EMA21;TREND=1;STRUCT=1;VOL=1;COOL=1;EMA50=1;VWAP=1;BIAS=1,0.00,0.00,29003.49,29003.49,outside the killzone window
1587,2023.09.07 19:21:00,2023.09.07 21:51:00,SKIP,XAUUSD,M3,503,FLAT,NA,EVENING,0,0.00,0.00,0.00,0.00,1.00,0.00,0.00,0.00,0.00,0.00,0.00,0.00,0.00,0.00,0.00,0.00,0.00,0.00,1919.92,1919.91,1919.76,1919.90,1919.90,0.312,0.50,37.00,54.87,53.96,0.44,0.50,-0.06,1919.46,1920.53,140,169,71.4,14.3,4,1,CROSS=EMA9>EMA21;TREND=1;STRUCT=1;VOL=1;COOL=1;EMA50=1;VWAP=1;BIAS=1,0.00,0.00,29003.49,29003.49,outside the killzone window
1588,2023.09.07 19:39:00,2023.09.07 22:09:00,SKIP,XAUUSD,M3,503,FLAT,NA,EVENING,0,0.00,0.00,0.00,0.00,1.00,0.00,0.00,0.00,0.00,0.00,0.00,0.00,0.00,0.00,0.00,0.00,0.00,0.00,1919.90,1919.90,1919.76,1919.92,1919.91,0.331,0.43,44.59,42.86,46.56,0.05,0.30,-0.26,1919.47,1919.51,149,160,14.3,71.4,4,1,CROSS=EMA9>EMA21;TREND=1;STRUCT=1;VOL=1;COOL=1;EMA50=1;VWAP=1;BIAS=1,0.00,0.00,29003.49,29003.49,outside the killzone window
1589,2023.09.07 22:06:00,2023.09.08 00:36:00,SKIP,XAUUSD,M3,503,FLAT,NA,DAY,0,0.00,0.00,0.00,0.00,1.00,0.00,0.00,0.00,0.00,0.00,0.00,0.00,0.00,0.00,0.00,0.00,0.00,0.00,1919.50,1919.49,1919.52,1919.47,1919.48,-0.094,0.35,62.58,60.14,64.46,0.39,0.38,0.01,1919.42,1920.25,57,89,85.7,0.0,4,1,CROSS=EMA9>EMA21;TREND=1;STRUCT=1;VOL=1;COOL=1;EMA50=1;VWAP=1;BIAS=1,0.00,0.00,29003.49,29003.49,outside the killzone window
1590,2023.09.07 23:06:00,2023.09.08 01:36:00,SKIP,XAUUSD,M3,503,FLAT,NA,DAY,0,0.00,0.00,0.00,0.00,1.00,0.00,0.00,0.00,0.00,0.00,0.00,0.00,0.00,0.00,0.00,0.00,0.00,0.00,1919.51,1919.51,1919.53,1919.52,1919.52,-0.067,0.31,55.30,42.14,41.67,-0.19,-0.10,-0.08,1919.42,1919.15,56,61,0.0,85.7,4,1,CROSS=EMA9>EMA21;TREND=1;STRUCT=1;VOL=1;COOL=1;EMA50=1;VWAP=1;BIAS=1,0.00,0.00,29003.49,29003.49,outside the killzone window
1591,2023.09.08 01:00:00,2023.09.08 03:30:00,DAY_SUMMARY,XAUUSD,M3,503,FLAT,NA,DAY,0,0.00,0.00,0.00,0.00,1.00,0.00,0.00,0.00,0.00,0.00,0.00,0.00,0.00,0.00,0.00,0.00,-1.00,-154.59,1919.46,1919.48,1919.51,1919.45,1919.48,-0.149,0.22,38.02,55.34,53.96,0.02,-0.03,0.05,1919.42,1919.62,39,42,71.4,14.3,23,1,CROSS=EMA9>EMA21;TREND=1;STRUCT=1;VOL=1;COOL=1;EMA50=1;VWAP=1;BIAS=1,0.00,0.00,29003.49,29003.49,2023.09.07 trades=1 W=0 L=1 gross_profit=0.00 gross_loss=154.59 net=-154.59 PF=0.00
1592,2023.09.08 01:18:00,2023.09.08 03:48:00,SKIP,XAUUSD,M3,503,FLAT,NA,DAY,0,0.00,0.00,0.00,0.00,1.00,0.00,0.00,0.00,0.00,0.00,0.00,0.00,0.00,0.00,0.00,0.00,0.00,0.00,1919.50,1919.50,1919.52,1919.48,1919.49,-0.090,0.23,36.42,61.70,53.46,0.08,0.03,0.05,1919.59,1919.93,10,36,85.7,0.0,8,1,CROSS=EMA9>EMA21;TREND=1;STRUCT=1;VOL=1;COOL=1;EMA50=1;VWAP=1;BIAS=1,0.00,0.00,29003.49,29003.49,already positioned that way
1593,2023.09.08 11:33:00,2023.09.08 14:03:00,SKIP,XAUUSD,M3,503,FLAT,NA,DAY,0,0.00,0.00,0.00,0.00,1.00,0.00,0.00,0.00,0.00,0.00,0.00,0.00,0.00,0.00,0.00,0.00,0.00,0.00,1924.82,1924.82,1924.02,1924.84,1924.83,1.596,0.50,24.17,47.56,46.06,-0.24,-0.30,0.06,1924.52,1924.38,94,138,14.3,57.1,4,1,CROSS=EMA9>EMA21;TREND=1;STRUCT=1;VOL=1;COOL=1;EMA50=1;VWAP=1;BIAS=1,0.00,0.00,29003.49,29003.49,outside the killzone window
1594,2023.09.08 12:51:00,2023.09.08 15:21:00,SKIP,XAUUSD,M3,503,FLAT,NA,DAY,0,0.00,0.00,0.00,0.00,1.00,0.00,0.00,0.00,0.00,0.00,0.00,0.00,0.00,0.00,0.00,0.00,0.00,0.00,1924.74,1924.74,1924.16,1924.73,1924.74,1.183,0.50,35.59,54.17,53.28,0.18,0.17,0.01,1924.53,1925.10,85,114,85.7,0.0,4,1,CROSS=EMA9>EMA21;TREND=1;STRUCT=1;VOL=1;COOL=1;EMA50=1;VWAP=1;BIAS=1,0.00,0.00,29003.49,29003.49,outside the killzone window
1595,2023.09.08 13:42:00,2023.09.08 16:12:00,ENTRY,XAUUSD,M3,505,SELL,FULLTGT,EVENING,0,1923.71,1924.47,1924.47,0.76,1.00,0.76,1922.95,1922.20,1921.44,1920.68,1919.92,1.91,1.91,1.91,1923.71,0.00,0.00,0.00,1924.76,1924.76,1924.26,1924.80,1924.79,1.329,0.38,34.89,33.45,38.91,-0.20,0.02,-0.22,1924.55,1923.63,73,95,0.0,85.7,4,1,CROSS=EMA9<EMA21;TREND=1;STRUCT=1;VOL=1;COOL=1;EMA50=1;VWAP=1;BIAS=1,0.00,0.00,28996.80,28989.16,KZ=NY; KZR=Asia L @ 1916.29 442 bars ago (low taken); EVENING 4PM-12AM IST session: stop x1.00 of usual; no partials; full size to TP5; SL steps BE->TP1->TP2->TP3
1596,2023.09.08 14:26:41,2023.09.08 16:56:41,TP1_REACHED,XAUUSD,M3,505,SELL,FULLTGT,EVENING,0,1923.71,1924.47,1924.47,0.76,1.00,0.76,1922.95,1922.20,1921.44,1920.68,1919.92,1.91,0.00,1.91,1922.95,1.00,1.00,0.00,1924.24,1924.47,1924.17,1924.28,1924.50,0.893,0.34,35.36,34.93,38.85,-0.35,-0.34,-0.01,1924.50,1923.28,93,95,0.0,85.7,4,1,CROSS=EMA9<EMA21;TREND=1;STRUCT=1;VOL=1;COOL=1;EMA50=1;VWAP=1;BIAS=1,0.95,-0.41,28996.80,29141.96,full target: no partial booked
1597,2023.09.08 15:21:28,2023.09.08 17:51:28,EXIT_SL,XAUUSD,M3,505,SELL,FULLTGT,EVENING,0,1923.71,1924.47,1924.47,0.76,1.00,0.76,1922.95,1922.20,1921.44,1920.68,1919.92,1.91,1.91,0.00,1924.49,0.00,-1.03,-162.36,1923.73,1924.09,1924.02,1923.75,1924.11,0.172,0.45,20.94,43.08,37.39,-0.15,-0.19,0.03,1924.40,1923.07,210,129,28.6,57.1,5,1,CROSS=EMA9<EMA21;TREND=1;STRUCT=1;VOL=1;COOL=1;EMA50=1;VWAP=1;BIAS=1,1.45,-0.99,28841.13,28841.13,stopped at the initial SL (x1.00 of usual)
1598,2023.09.08 17:09:00,2023.09.08 19:39:00,SKIP,XAUUSD,M3,505,FLAT,NA,EVENING,0,0.00,0.00,0.00,0.00,1.00,0.00,0.00,0.00,0.00,0.00,0.00,0.00,0.00,0.00,0.00,0.00,0.00,0.00,1923.98,1923.94,1923.91,1923.78,1923.83,0.016,1.48,46.09,72.26,68.31,1.49,0.67,0.82,1924.22,1928.98,369,337,100.0,0.0,4,1,CROSS=EMA9<EMA21;TREND=1;STRUCT=1;VOL=1;COOL=1;EMA50=1;VWAP=1;BIAS=1,0.00,0.00,28841.13,28841.13,outside the killzone window
1599,2023.09.08 18:30:00,2023.09.08 21:00:00,SKIP,XAUUSD,M3,505,FLAT,NA,EVENING,0,0.00,0.00,0.00,0.00,1.00,0.00,0.00,0.00,0.00,0.00,0.00,0.00,0.00,0.00,0.00,0.00,0.00,0.00,1924.31,1924.33,1924.19,1924.43,1924.39,0.154,0.92,69.90,30.73,34.75,-1.26,-0.94,-0.32,1924.42,1921.34,231,243,0.0,85.7,4,1,CROSS=EMA9<EMA21;TREND=1;STRUCT=1;VOL=1;COOL=1;EMA50=1;VWAP=1;BIAS=1,0.00,0.00,28841.13,28841.13,outside the killzone window
1600,2023.09.11 01:00:00,2023.09.11 03:30:00,DAY_SUMMARY,XAUUSD,M3,505,FLAT,NA,DAY,0,0.00,0.00,0.00,0.00,1.00,0.00,0.00,0.00,0.00,0.00,0.00,0.00,0.00,0.00,0.00,0.00,-1.03,-162.36,1919.25,1919.81,1920.93,1919.25,1919.83,-6.029,0.19,16.44,48.79,48.17,0.04,0.05,-0.01,1923.43,1919.13,42,37,0.0,85.7,43,1,CROSS=EMA9<EMA21;TREND=1;STRUCT=1;VOL=1;COOL=1;EMA50=1;VWAP=1;BIAS=1,0.00,0.00,28841.13,28841.13,2023.09.08 trades=1 W=0 L=1 gross_profit=0.00 gross_loss=162.36 net=-162.36 PF=0.00
1601,2023.09.11 01:00:00,2023.09.11 03:30:00,WEEK_SUMMARY,XAUUSD,M3,505,FLAT,NA,DAY,0,0.00,0.00,0.00,0.00,1.00,0.00,0.00,0.00,0.00,0.00,0.00,0.00,0.00,0.00,0.00,0.00,2.00,232.57,1919.25,1919.81,1920.93,1919.25,1919.83,-6.029,0.19,16.44,48.79,48.17,0.04,0.05,-0.01,1923.43,1919.13,42,37,0.0,85.7,43,1,CROSS=EMA9<EMA21;TREND=1;STRUCT=1;VOL=1;COOL=1;EMA50=1;VWAP=1;BIAS=1,0.00,0.00,28841.13,28841.13,days=4 trades=4 W=1 L=3 gross_profit=701.42 gross_loss=468.85 net=232.57 PF=1.50 pips=-49.0
1602,2023.09.11 04:18:00,2023.09.11 06:48:00,ENTRY,XAUUSD,M3,507,BUY,FULLTGT,DAY,0,1920.84,1919.70,1919.70,1.14,1.00,1.14,1921.98,1923.12,1924.26,1925.40,1926.54,1.26,1.26,1.26,1920.84,0.00,0.00,0.00,1919.37,1919.36,1920.05,1919.31,1919.33,-1.208,0.57,18.73,66.12,65.36,0.33,0.27,0.06,1919.24,1920.73,265,133,85.7,0.0,12,1,CROSS=EMA9>EMA21;TREND=1;STRUCT=1;VOL=1;COOL=1;EMA50=1;VWAP=1;BIAS=1,0.00,0.00,28836.72,28821.60,KZ=ASIA; KZR=Asia L @ 1916.29 1694 bars ago (low taken); DAY 12AM-4PM IST session: stop x1.00 of usual; no partials; full size to TP5; SL steps BE->TP1->TP2->TP3
1603,2023.09.11 04:28:29,2023.09.11 06:58:29,EXIT_SL,XAUUSD,M3,507,BUY,FULLTGT,DAY,0,1920.84,1919.70,1919.70,1.14,1.00,1.14,1921.98,1923.12,1924.26,1925.40,1926.54,1.26,1.26,0.00,1919.70,0.00,-1.00,-152.46,1919.45,1919.40,1920.05,1919.43,1919.39,-1.049,0.62,14.52,52.39,59.27,0.28,0.28,-0.00,1919.31,1919.89,156,143,57.1,28.6,4,1,CROSS=EMA9>EMA21;TREND=1;STRUCT=1;VOL=1;COOL=1;EMA50=1;VWAP=1;BIAS=1,0.00,-0.98,28688.67,28688.67,stopped at the initial SL (x1.00 of usual)
1604,2023.09.11 13:51:00,2023.09.11 16:21:00,SKIP,XAUUSD,M3,507,FLAT,NA,EVENING,0,0.00,0.00,0.00,0.00,1.00,0.00,0.00,0.00,0.00,0.00,0.00,0.00,0.00,0.00,0.00,0.00,0.00,0.00,1926.15,1926.15,1925.21,1926.17,1926.16,2.191,0.43,29.37,49.23,47.31,-0.12,-0.29,0.17,1924.57,1925.82,87,125,28.6,57.1,4,1,CROSS=EMA9<EMA21;TREND=1;STRUCT=1;VOL=1;COOL=1;EMA50=1;VWAP=0;BIAS=1,0.00,0.00,28688.67,28688.67,quality filter
1605,2023.09.11 16:06:00,2023.09.11 18:36:00,SKIP,XAUUSD,M3,507,FLAT,NA,EVENING,0,0.00,0.00,0.00,0.00,1.00,0.00,0.00,0.00,0.00,0.00,0.00,0.00,0.00,0.00,0.00,0.00,0.00,0.00,1925.99,1925.99,1925.44,1925.92,1925.95,0.586,0.94,32.94,65.75,67.45,0.41,0.14,0.27,1924.81,1927.74,297,247,85.7,14.3,4,1,CROSS=EMA9>EMA21;TREND=1;STRUCT=1;VOL=1;COOL=1;EMA50=1;VWAP=1;BIAS=1,0.00,0.00,28688.67,28688.67,already positioned that way
1606,2023.09.11 17:33:00,2023.09.11 20:03:00,SKIP,XAUUSD,M3,507,FLAT,NA,EVENING,0,0.00,0.00,0.00,0.00,1.00,0.00,0.00,0.00,0.00,0.00,0.00,0.00,0.00,0.00,0.00,0.00,0.00,0.00,1926.26,1926.28,1925.77,1926.41,1926.35,0.362,1.39,27.12,32.68,40.52,-0.72,-0.54,-0.18,1925.18,1922.58,412,355,0.0,100.0,4,1,CROSS=EMA9>EMA21;TREND=1;STRUCT=1;VOL=1;COOL=1;EMA50=1;VWAP=1;BIAS=1,0.00,0.00,28688.67,28688.67,outside the killzone window
1607,2023.09.12 01:00:00,2023.09.12 03:30:00,DAY_SUMMARY,XAUUSD,M3,507,FLAT,NA,DAY,0,0.00,0.00,0.00,0.00,1.00,0.00,0.00,0.00,0.00,0.00,0.00,0.00,0.00,0.00,0.00,0.00,-1.00,-152.46,1922.49,1922.90,1923.60,1922.49,1922.92,-4.888,0.14,21.20,46.69,46.58,-0.01,0.01,-0.03,1924.68,1922.33,39,39,14.3,71.4,36,1,CROSS=EMA9>EMA21;TREND=1;STRUCT=1;VOL=1;COOL=1;EMA50=1;VWAP=1;BIAS=1,0.00,0.00,28688.67,28688.67,2023.09.11 trades=1 W=0 L=1 gross_profit=0.00 gross_loss=152.46 net=-152.46 PF=0.00
1608,2023.09.12 06:00:00,2023.09.12 08:30:00,SKIP,XAUUSD,M3,507,FLAT,NA,DAY,0,0.00,0.00,0.00,0.00,1.00,0.00,0.00,0.00,0.00,0.00,0.00,0.00,0.00,0.00,0.00,0.00,0.00,0.00,1922.23,1922.22,1922.64,1922.20,1922.20,-1.001,0.43,29.49,58.81,58.28,0.35,0.33,0.02,1922.04,1923.00,141,134,85.7,0.0,12,1,CROSS=EMA9>EMA21;TREND=1;STRUCT=1;VOL=1;COOL=1;EMA50=1;VWAP=1;BIAS=1,0.00,0.00,28688.67,28688.67,already positioned that way
1609,2023.09.12 08:24:00,2023.09.12 10:54:00,SKIP,XAUUSD,M3,507,FLAT,NA,DAY,0,0.00,0.00,0.00,0.00,1.00,0.00,0.00,0.00,0.00,0.00,0.00,0.00,0.00,0.00,0.00,0.00,0.00,0.00,1922.57,1922.57,1922.73,1922.62,1922.60,-0.406,0.39,58.58,30.98,28.21,-0.46,-0.33,-0.13,1922.33,1921.22,100,78,14.3,85.7,4,1,CROSS=EMA9>EMA21;TREND=1;STRUCT=1;VOL=1;COOL=1;EMA50=1;VWAP=1;BIAS=1,0.00,0.00,28688.67,28688.67,outside the killzone window
1610,2023.09.12 22:12:00,2023.09.13 00:42:00,SKIP,XAUUSD,M3,507,FLAT,NA,DAY,0,0.00,0.00,0.00,0.00,1.00,0.00,0.00,0.00,0.00,0.00,0.00,0.00,0.00,0.00,0.00,0.00,0.00,0.00,1912.80,1912.80,1913.88,1912.79,1912.79,-3.602,0.30,22.41,53.27,55.14,0.19,0.20,-0.01,1915.84,1913.09,63,88,42.9,28.6,7,1,CROSS=EMA9>EMA21;TREND=1;STRUCT=1;VOL=1;COOL=1;EMA50=1;VWAP=1;BIAS=1,0.00,0.00,28688.67,28688.67,outside the killzone window
1611,2023.09.13 03:57:00,2023.09.13 06:27:00,ENTRY,XAUUSD,M3,509,SELL,FULLTGT,DAY,0,1912.60,1913.19,1913.19,0.59,1.00,0.59,1912.01,1911.43,1910.84,1910.26,1909.67,2.44,2.44,2.44,1912.60,0.00,0.00,0.00,1913.13,1913.13,1913.46,1913.15,1913.14,-1.151,0.29,21.22,38.71,44.36,-0.12,-0.08,-0.04,1913.18,1912.60,145,77,0.0,85.7,12,1,CROSS=EMA9<EMA21;TREND=1;STRUCT=1;VOL=1;COOL=1;EMA50=1;VWAP=1;BIAS=1,0.00,0.00,28680.13,28650.85,KZ=ASIA; KZR=NY L @ 1916.26 287 bars ago (low taken); DAY 12AM-4PM IST session: stop x1.00 of usual; no partials; full size to TP5; SL steps BE->TP1->TP2->TP3
1612,2023.09.13 04:15:28,2023.09.13 06:45:28,EXIT_SL,XAUUSD,M3,509,SELL,FULLTGT,DAY,0,1912.60,1913.19,1913.19,0.59,1.00,0.59,1912.01,1911.43,1910.84,1910.26,1909.67,2.44,2.44,0.00,1913.21,0.00,-1.04,-165.92,1913.02,1913.07,1913.42,1913.03,1913.08,-0.973,0.35,21.66,46.69,45.46,-0.15,-0.13,-0.02,1913.07,1912.78,137,92,14.3,71.4,12,1,CROSS=EMA9<EMA21;TREND=1;STRUCT=1;VOL=1;COOL=1;EMA50=1;VWAP=1;BIAS=1,0.41,-0.97,28522.75,28522.75,stopped at the initial SL (x1.00 of usual)
1613,2023.09.13 11:12:00,2023.09.13 13:42:00,SKIP,XAUUSD,M3,509,FLAT,NA,DAY,0,0.00,0.00,0.00,0.00,1.00,0.00,0.00,0.00,0.00,0.00,0.00,0.00,0.00,0.00,0.00,0.00,0.00,0.00,1910.72,1910.70,1911.22,1910.67,1910.68,-0.926,0.56,17.16,60.13,60.86,0.41,0.37,0.04,1910.90,1911.81,146,147,71.4,0.0,7,1,CROSS=EMA9<EMA21;TREND=1;STRUCT=1;VOL=1;COOL=1;EMA50=1;VWAP=1;BIAS=1,0.00,0.00,28522.75,28522.75,outside the killzone window
1614,2023.09.13 15:42:00,2023.09.13 18:12:00,SKIP,XAUUSD,M3,509,FLAT,NA,EVENING,0,0.00,0.00,0.00,0.00,1.00,0.00,0.00,0.00,0.00,0.00,0.00,0.00,0.00,0.00,0.00,0.00,0.00,0.00,1911.39,1911.41,1911.45,1911.48,1911.46,-0.021,2.00,32.10,40.93,38.65,-0.50,-0.37,-0.12,1911.07,1909.22,610,258,0.0,100.0,15,1,CROSS=EMA9<EMA21;TREND=1;STRUCT=1;VOL=1;COOL=1;EMA50=1;VWAP=1;BIAS=1,0.00,0.00,28522.75,28522.75,already positioned that way
1615,2023.09.13 15:54:00,2023.09.13 18:24:00,ENTRY,XAUUSD,M3,511,BUY,FULLTGT,EVENING,0,1913.35,1908.38,1908.38,4.97,1.00,4.97,1918.32,1923.30,1928.27,1933.24,1938.21,0.28,0.28,0.28,1913.35,0.00,0.00,0.00,1911.45,1911.44,1911.46,1911.38,1911.40,-0.011,2.49,26.92,57.68,54.70,-0.04,-0.37,0.34,1911.09,1913.24,496,341,100.0,0.0,11,1,CROSS=EMA9>EMA21;TREND=1;STRUCT=1;VOL=1;COOL=1;EMA50=1;VWAP=1;BIAS=1,0.00,0.00,28521.77,28518.69,KZ=NY; KZR=NY L @ 1907.64 7 bars ago (low taken); EVENING 4PM-12AM IST session: stop x1.00 of usual; no partials; full size to TP5; SL steps BE->TP1->TP2->TP3
1616,2023.09.13 16:21:00,2023.09.13 18:51:00,FLIP,XAUUSD,M3,511,BUY,FULLTGT,EVENING,0,1913.35,1908.38,1908.38,4.97,1.00,4.97,1918.32,1923.30,1928.27,1933.24,1938.21,0.28,0.00,0.00,1910.82,0.00,-0.51,0.00,1911.44,1911.44,1911.47,1911.47,1911.45,-0.013,1.88,24.40,47.62,42.65,-0.17,0.09,-0.26,1911.14,1910.81,368,460,0.0,71.4,11,1,CROSS=EMA9<EMA21;TREND=1;STRUCT=1;VOL=1;COOL=1;EMA50=1;VWAP=1;BIAS=1,0.07,-0.79,28521.77,28450.93,opposite signal before SL/target | BUY -> SELL | closing trade 511
1617,2023.09.13 16:21:00,2023.09.13 18:51:00,EXIT_FLIP,XAUUSD,M3,511,BUY,FULLTGT,EVENING,0,1913.35,1908.38,1908.38,4.97,1.00,4.97,1918.32,1923.30,1928.27,1933.24,1938.21,0.28,0.28,0.00,1910.82,0.00,-0.51,0.00,1911.44,1911.44,1911.47,1911.47,1911.45,-0.013,1.88,24.40,47.62,42.65,-0.17,0.09,-0.26,1911.14,1910.81,368,460,0.0,71.4,11,1,CROSS=EMA9<EMA21;TREND=1;STRUCT=1;VOL=1;COOL=1;EMA50=1;VWAP=1;BIAS=1,0.07,-0.79,28449.95,28449.95,FLIP exit
1618,2023.09.13 16:21:00,2023.09.13 18:51:00,EXIT_OTHER,XAUUSD,M3,511,BUY,FULLTGT,EVENING,0,1913.35,1908.38,1908.38,4.97,1.00,4.97,1918.32,1923.30,1928.27,1933.24,1938.21,0.28,0.28,0.00,1910.82,0.00,-0.51,-72.80,1911.44,1911.44,1911.47,1911.47,1911.45,-0.013,1.88,24.40,47.62,42.65,-0.17,0.09,-0.26,1911.14,1910.81,368,460,0.0,71.4,11,1,CROSS=EMA9<EMA21;TREND=1;STRUCT=1;VOL=1;COOL=1;EMA50=1;VWAP=1;BIAS=1,0.07,-0.79,28449.95,28449.95,FLIP exit
1619,2023.09.13 16:21:00,2023.09.13 18:51:00,ENTRY,XAUUSD,M3,513,SELL,FULLTGT,EVENING,511,1910.82,1914.57,1914.57,3.75,1.00,3.75,1907.07,1903.32,1899.57,1895.82,1892.07,0.37,0.37,0.37,1910.82,0.00,0.00,0.00,1911.44,1911.44,1911.47,1911.47,1911.45,-0.013,1.88,24.40,47.62,42.65,-0.17,0.09,-0.26,1911.14,1910.81,368,460,0.0,71.4,11,1,CROSS=EMA9<EMA21;TREND=1;STRUCT=1;VOL=1;COOL=1;EMA50=1;VWAP=1;BIAS=1,0.00,0.00,28448.65,28444.58,KZ=NY; KZR=NY L @ 1907.64 16 bars ago (low taken); EVENING 4PM-12AM IST session: stop x1.00 of usual; no partials; full size to TP5; SL steps BE->TP1->TP2->TP3; flipped from trade 511
1620,2023.09.13 16:24:00,2023.09.13 18:54:00,FLIP,XAUUSD,M3,513,SELL,FULLTGT,EVENING,0,1910.82,1914.57,1914.57,3.75,1.00,3.75,1907.07,1903.32,1899.57,1895.82,1892.07,0.37,0.00,0.00,1911.93,0.00,-0.30,0.00,1911.45,1911.45,1911.47,1911.44,1911.44,-0.012,1.72,21.98,51.95,42.65,-0.11,0.07,-0.18,1911.14,1911.79,375,469,42.9,28.6,11,1,CROSS=EMA9>EMA21;TREND=1;STRUCT=1;VOL=1;COOL=1;EMA50=1;VWAP=1;BIAS=1,0.00,-0.30,28448.65,28407.58,opposite signal before SL/target | SELL -> BUY | closing trade 513
1621,2023.09.13 16:24:00,2023.09.13 18:54:00,EXIT_FLIP,XAUUSD,M3,513,SELL,FULLTGT,EVENING,0,1910.82,1914.57,1914.57,3.75,1.00,3.75,1907.07,1903.32,1899.57,1895.82,1892.07,0.37,0.37,0.00,1911.93,0.00,-0.30,0.00,1911.45,1911.45,1911.47,1911.44,1911.44,-0.012,1.72,21.98,51.95,42.65,-0.11,0.07,-0.18,1911.14,1911.79,375,469,42.9,28.6,11,1,CROSS=EMA9>EMA21;TREND=1;STRUCT=1;VOL=1;COOL=1;EMA50=1;VWAP=1;BIAS=1,0.00,-0.30,28406.28,28406.28,FLIP exit
1622,2023.09.13 16:24:00,2023.09.13 18:54:00,EXIT_OTHER,XAUUSD,M3,513,SELL,FULLTGT,EVENING,0,1910.82,1914.57,1914.57,3.75,1.00,3.75,1907.07,1903.32,1899.57,1895.82,1892.07,0.37,0.37,0.00,1911.93,0.00,-0.30,-43.67,1911.45,1911.45,1911.47,1911.44,1911.44,-0.012,1.72,21.98,51.95,42.65,-0.11,0.07,-0.18,1911.14,1911.79,375,469,42.9,28.6,11,1,CROSS=EMA9>EMA21;TREND=1;STRUCT=1;VOL=1;COOL=1;EMA50=1;VWAP=1;BIAS=1,0.00,-0.30,28406.28,28406.28,FLIP exit
1623,2023.09.13 16:24:00,2023.09.13 18:54:00,ENTRY,XAUUSD,M3,515,BUY,FULLTGT,EVENING,513,1911.93,1908.50,1908.50,3.43,1.00,3.43,1915.36,1918.80,1922.23,1925.66,1929.09,0.41,0.41,0.41,1911.93,0.00,0.00,0.00,1911.45,1911.45,1911.47,1911.44,1911.44,-0.012,1.72,21.98,51.95,42.65,-0.11,0.07,-0.18,1911.14,1911.79,375,469,42.9,28.6,11,1,CROSS=EMA9>EMA21;TREND=1;STRUCT=1;VOL=1;COOL=1;EMA50=1;VWAP=1;BIAS=1,0.00,0.00,28404.84,28400.33,KZ=NY; KZR=NY L @ 1907.64 17 bars ago (low taken); EVENING 4PM-12AM IST session: stop x1.00 of usual; no partials; full size to TP5; SL steps BE->TP1->TP2->TP3; flipped from trade 513
1624,2023.09.13 16:36:00,2023.09.13 19:06:00,TP1_REACHED,XAUUSD,M3,515,BUY,FULLTGT,EVENING,513,1911.93,1908.50,1908.50,3.43,1.00,3.43,1915.36,1918.80,1922.23,1925.66,1929.09,0.41,0.00,0.41,1915.36,1.00,1.00,0.00,1911.81,1911.64,1911.56,1911.67,1911.56,0.050,1.43,32.32,64.70,62.50,0.55,0.08,0.47,1911.24,1915.29,454,461,85.7,0.0,11,1,CROSS=EMA9>EMA21;TREND=1;STRUCT=1;VOL=1;COOL=1;EMA50=1;VWAP=1;BIAS=1,1.00,-0.04,28404.84,28545.88,full target: no partial booked
1625,2023.09.13 18:48:00,2023.09.13 21:18:00,SKIP,XAUUSD,M3,515,BUY,FULLTGT,EVENING,513,1911.93,1908.50,1908.50,3.43,1.00,3.43,1915.36,1918.80,1922.23,1925.66,1929.09,0.41,0.00,0.00,0.00,0.00,0.00,0.00,1911.89,1911.90,1911.78,1911.97,1911.94,0.162,0.72,31.07,35.94,39.45,-0.62,-0.26,-0.37,1911.53,1909.96,217,229,0.0,85.7,11,1,CROSS=EMA9>EMA21;TREND=1;STRUCT=1;VOL=1;COOL=1;EMA50=1;VWAP=1;BIAS=1,1.10,-0.73,28404.84,28324.07,outside the killzone window
1626,2023.09.13 20:02:37,2023.09.13 22:32:37,EXIT_SL,XAUUSD,M3,515,BUY,FULLTGT,EVENING,513,1911.93,1908.50,1908.50,3.43,1.00,3.43,1915.36,1918.80,1922.23,1925.66,1929.09,0.41,0.41,0.00,1908.49,0.00,-1.00,-143.92,1910.85,1911.26,1911.45,1910.91,1911.29,-0.267,0.71,31.55,41.22,41.40,-0.38,-0.19,-0.18,1911.44,1909.43,167,171,0.0,85.7,9,1,CROSS=EMA9>EMA21;TREND=1;STRUCT=1;VOL=1;COOL=1;EMA50=1;VWAP=1;BIAS=1,1.10,-1.00,28262.36,28262.36,stopped at the initial SL (x1.00 of usual)
1627,2023.09.14 01:00:00,2023.09.14 03:30:00,DAY_SUMMARY,XAUUSD,M3,515,FLAT,NA,DAY,513,0.00,0.00,0.00,0.00,1.00,0.00,0.00,0.00,0.00,0.00,0.00,0.00,0.00,0.00,0.00,0.00,-2.85,-426.31,1908.91,1909.47,1910.18,1908.94,1909.50,-3.566,0.20,27.78,35.27,35.21,-0.16,-0.11,-0.05,1911.21,1908.15,37,42,0.0,85.7,17,1,CROSS=EMA9>EMA21;TREND=1;STRUCT=1;VOL=1;COOL=1;EMA50=1;VWAP=1;BIAS=1,0.00,0.00,28262.36,28262.36,2023.09.13 trades=4 W=0 L=4 gross_profit=0.00 gross_loss=426.31 net=-426.31 PF=0.00
1628,2023.09.14 03:36:00,2023.09.14 06:06:00,SKIP,XAUUSD,M3,515,FLAT,NA,DAY,513,0.00,0.00,0.00,0.00,1.00,0.00,0.00,0.00,0.00,0.00,0.00,0.00,0.00,0.00,0.00,0.00,0.00,0.00,1909.41,1909.40,1909.82,1909.36,1909.37,-1.087,0.39,55.86,70.01,69.86,0.43,0.30,0.13,1909.29,1910.68,79,63,85.7,14.3,5,1,CROSS=EMA9>EMA21;TREND=1;STRUCT=1;VOL=1;COOL=1;EMA50=1;VWAP=1;BIAS=1,0.00,0.00,28262.36,28262.36,already positioned that way
1629,2023.09.14 06:30:00,2023.09.14 09:00:00,ENTRY,XAUUSD,M3,517,SELL,FULLTGT,DAY,0,1909.38,1910.40,1910.40,1.02,1.00,1.02,1908.36,1907.35,1906.33,1905.31,1904.29,1.38,1.38,1.38,1909.38,0.00,0.00,0.00,1910.11,1910.12,1910.17,1910.14,1910.14,-0.088,0.51,29.47,43.62,39.77,-0.29,-0.24,-0.05,1910.49,1909.38,114,158,0.0,85.7,5,1,CROSS=EMA9<EMA21;TREND=1;STRUCT=1;VOL=1;COOL=1;EMA50=1;VWAP=1;BIAS=1,0.00,0.00,28257.53,28250.63,KZ=ASIA; KZR=NY L @ 1907.64 299 bars ago (low taken); DAY 12AM-4PM IST session: stop x1.00 of usual; no partials; full size to TP5; SL steps BE->TP1->TP2->TP3
1630,2023.09.14 07:33:24,2023.09.14 10:03:24,EXIT_SL,XAUUSD,M3,517,SELL,FULLTGT,DAY,0,1909.38,1910.40,1910.40,1.02,1.00,1.02,1908.36,1907.35,1906.33,1905.31,1904.29,1.38,1.38,0.00,1910.40,0.00,-1.00,-150.42,1909.93,1910.01,1910.09,1909.92,1910.00,-0.329,0.27,17.38,58.79,53.21,0.02,-0.06,0.08,1910.42,1910.20,86,64,57.1,28.6,12,1,CROSS=EMA9<EMA21;TREND=1;STRUCT=1;VOL=1;COOL=1;EMA50=1;VWAP=1;BIAS=1,0.20,-0.99,28111.94,28111.94,stopped at the initial SL (x1.00 of usual)
1631,2023.09.14 14:18:00,2023.09.14 16:48:00,SKIP,XAUUSD,M3,517,FLAT,NA,EVENING,0,0.00,0.00,0.00,0.00,1.00,0.00,0.00,0.00,0.00,0.00,0.00,0.00,0.00,0.00,0.00,0.00,0.00,0.00,1907.58,1907.56,1908.11,1907.54,1907.54,-1.107,0.49,40.53,61.34,58.14,0.43,0.46,-0.04,1908.78,1908.69,110,131,57.1,28.6,5,1,CROSS=EMA9>EMA21;TREND=1;STRUCT=1;VOL=1;COOL=1;EMA50=1;VWAP=0;BIAS=1,0.00,0.00,28111.94,28111.94,quality filter
1632,2023.09.14 15:33:00,2023.09.14 18:03:00,SKIP,XAUUSD,M3,517,FLAT,NA,EVENING,0,0.00,0.00,0.00,0.00,1.00,0.00,0.00,0.00,0.00,0.00,0.00,0.00,0.00,0.00,0.00,0.00,0.00,0.00,1907.56,1907.58,1908.00,1907.74,1907.67,-0.297,1.42,19.20,25.52,46.79,-0.45,-0.03,-0.42,1908.59,1903.03,595,248,0.0,85.7,15,1,CROSS=EMA9<EMA21;TREND=1;STRUCT=1;VOL=1;COOL=1;EMA50=1;VWAP=1;BIAS=1,0.00,0.00,28111.94,28111.94,already positioned that way
1633,2023.09.14 18:15:00,2023.09.14 20:45:00,SKIP,XAUUSD,M3,517,FLAT,NA,EVENING,0,0.00,0.00,0.00,0.00,1.00,0.00,0.00,0.00,0.00,0.00,0.00,0.00,0.00,0.00,0.00,0.00,0.00,0.00,1906.50,1906.41,1906.98,1906.31,1906.31,-0.519,1.10,55.83,70.98,67.93,1.60,1.32,0.27,1907.23,1911.17,309,286,100.0,0.0,5,1,CROSS=EMA9<EMA21;TREND=1;STRUCT=1;VOL=1;COOL=1;EMA50=1;VWAP=1;BIAS=1,0.00,0.00,28111.94,28111.94,outside the killzone window
1634,2023.09.15 01:00:00,2023.09.15 03:30:00,DAY_SUMMARY,XAUUSD,M3,517,FLAT,NA,DAY,0,0.00,0.00,0.00,0.00,1.00,0.00,0.00,0.00,0.00,0.00,0.00,0.00,0.00,0.00,0.00,0.00,-1.00,-150.42,1909.67,1909.25,1908.72,1909.63,1909.23,1.907,0.28,54.17,63.04,62.92,0.33,0.32,0.00,1907.68,1910.51,15,43,85.7,0.0,18,1,CROSS=EMA9<EMA21;TREND=1;STRUCT=1;VOL=1;COOL=1;EMA50=1;VWAP=1;BIAS=1,0.00,0.00,28111.94,28111.94,2023.09.14 trades=1 W=0 L=1 gross_profit=0.00 gross_loss=150.42 net=-150.42 PF=0.00
1635,2023.09.15 22:36:00,2023.09.16 01:06:00,SKIP,XAUUSD,M3,517,FLAT,NA,DAY,0,0.00,0.00,0.00,0.00,1.00,0.00,0.00,0.00,0.00,0.00,0.00,0.00,0.00,0.00,0.00,0.00,0.00,0.00,1924.54,1924.56,1923.11,1924.61,1924.60,3.894,0.37,21.70,27.90,33.98,-0.23,-0.16,-0.07,1920.24,1922.98,128,88,14.3,71.4,11,1,CROSS=EMA9<EMA21;TREND=1;STRUCT=1;VOL=1;COOL=1;EMA50=1;VWAP=1;BIAS=1,0.00,0.00,28111.94,28111.94,outside the killzone window
1636,2023.09.18 01:00:00,2023.09.18 03:30:00,WEEK_SUMMARY,XAUUSD,M3,517,FLAT,NA,DAY,0,0.00,0.00,0.00,0.00,1.00,0.00,0.00,0.00,0.00,0.00,0.00,0.00,0.00,0.00,0.00,0.00,-4.85,-729.19,1923.64,1923.96,1923.10,1923.64,1923.97,2.503,0.34,38.67,55.80,52.16,0.10,-0.03,0.13,1920.32,1923.68,71,70,71.4,28.6,50,1,CROSS=EMA9<EMA21;TREND=1;STRUCT=1;VOL=1;COOL=1;EMA50=1;VWAP=1;BIAS=1,0.00,0.00,28111.94,28111.94,days=3 trades=6 W=0 L=6 gross_profit=0.00 gross_loss=729.19 net=-729.19 PF=0.00 pips=-985.0
1637,2023.09.18 04:03:00,2023.09.18 06:33:00,ENTRY,XAUUSD,M3,519,BUY,FULLTGT,DAY,0,1925.38,1924.72,1924.72,0.66,1.00,0.66,1926.04,1926.70,1927.36,1928.01,1928.67,2.13,2.13,2.13,1925.38,0.00,0.00,0.00,1923.84,1923.82,1923.39,1923.78,1923.79,1.313,0.33,65.78,77.31,67.51,0.34,0.24,0.09,1923.80,1925.18,259,85,100.0,0.0,12,1,CROSS=EMA9>EMA21;TREND=1;STRUCT=1;VOL=1;COOL=1;EMA50=1;VWAP=1;BIAS=1,0.00,0.00,28104.48,28078.92,KZ=ASIA; KZR=NY H @ 1930.14 1166 bars ago (high taken); DAY 12AM-4PM IST session: stop x1.00 of usual; no partials; full size to TP5; SL steps BE->TP1->TP2->TP3
1638,2023.09.18 04:06:37,2023.09.18 06:36:37,TP1_REACHED,XAUUSD,M3,519,BUY,FULLTGT,DAY,0,1925.38,1924.72,1924.72,0.66,1.00,0.66,1926.04,1926.70,1927.36,1928.01,1928.67,2.13,0.00,2.13,1926.04,1.00,1.00,0.00,1923.90,1923.85,1923.41,1923.84,1923.82,1.262,0.35,69.03,80.23,77.00,0.40,0.27,0.13,1923.96,1925.49,382,100,100.0,0.0,12,1,CROSS=EMA9>EMA21;TREND=1;STRUCT=1;VOL=1;COOL=1;EMA50=1;VWAP=1;BIAS=1,0.97,-0.41,28104.48,28245.06,full target: no partial booked
1639,2023.09.18 04:31:01,2023.09.18 07:01:01,EXIT_SL,XAUUSD,M3,519,BUY,FULLTGT,DAY,0,1925.38,1924.72,1924.72,0.66,1.00,0.66,1926.04,1926.70,1927.36,1928.01,1928.67,2.13,2.13,0.00,1924.71,0.00,-1.02,-157.63,1924.45,1924.16,1923.60,1924.42,1924.13,0.965,0.58,51.80,58.27,62.82,0.55,0.57,-0.02,1924.53,1925.36,245,154,71.4,28.6,5,1,CROSS=EMA9>EMA21;TREND=1;STRUCT=1;VOL=1;COOL=1;EMA50=1;VWAP=1;BIAS=1,1.88,-0.97,27954.31,27954.31,stopped at the initial SL (x1.00 of usual)
1640,2023.09.18 11:18:00,2023.09.18 13:48:00,SKIP,XAUUSD,M3,519,FLAT,NA,DAY,0,0.00,0.00,0.00,0.00,1.00,0.00,0.00,0.00,0.00,0.00,0.00,0.00,0.00,0.00,0.00,0.00,0.00,0.00,1927.91,1927.94,1927.04,1927.98,1927.98,1.605,0.56,70.32,31.10,33.81,-0.70,-0.62,-0.08,1927.11,1926.04,148,151,0.0,85.7,5,1,CROSS=EMA9>EMA21;TREND=1;STRUCT=1;VOL=1;COOL=1;EMA50=1;VWAP=1;BIAS=1,0.00,0.00,27954.31,27954.31,outside the killzone window
1641,2023.09.18 18:33:00,2023.09.18 21:03:00,SKIP,XAUUSD,M3,519,FLAT,NA,EVENING,0,0.00,0.00,0.00,0.00,1.00,0.00,0.00,0.00,0.00,0.00,0.00,0.00,0.00,0.00,0.00,0.00,0.00,0.00,1926.50,1926.48,1926.54,1926.43,1926.45,-0.093,0.65,20.69,64.25,60.76,0.41,0.33,0.09,1926.62,1928.12,202,210,71.4,0.0,5,1,CROSS=EMA9>EMA21;TREND=1;STRUCT=1;VOL=1;COOL=1;EMA50=1;VWAP=1;BIAS=1,0.00,0.00,27954.31,27954.31,outside the killzone window
1642,2023.09.19 01:00:00,2023.09.19 03:30:00,DAY_SUMMARY,XAUUSD,M3,519,FLAT,NA,DAY,0,0.00,0.00,0.00,0.00,1.00,0.00,0.00,0.00,0.00,0.00,0.00,0.00,0.00,0.00,0.00,0.00,-1.02,-157.63,1932.86,1931.75,1930.19,1932.83,1931.71,5.949,0.26,23.05,56.14,62.37,0.26,0.38,-0.12,1927.50,1933.61,44,58,57.1,14.3,46,1,CROSS=EMA9>EMA21;TREND=1;STRUCT=1;VOL=1;COOL=1;EMA50=1;VWAP=1;BIAS=1,0.00,0.00,27954.31,27954.31,2023.09.18 trades=1 W=0 L=1 gross_profit=0.00 gross_loss=157.63 net=-157.63 PF=0.00
1643,2023.09.19 06:18:00,2023.09.19 08:48:00,ENTRY,XAUUSD,M3,521,SELL,FULLTGT,DAY,0,1932.29,1932.91,1932.91,0.62,1.00,0.62,1931.67,1931.06,1930.44,1929.82,1929.20,2.26,2.26,2.26,1932.29,0.00,0.00,0.00,1932.91,1932.92,1932.15,1932.94,1932.93,2.473,0.31,23.30,38.17,38.27,-0.13,-0.04,-0.09,1933.08,1932.29,73,82,0.0,71.4,5,1,CROSS=EMA9<EMA21;TREND=1;STRUCT=1;VOL=1;COOL=1;EMA50=1;VWAP=1;BIAS=1,0.00,0.00,27946.40,27935.10,KZ=ASIA; KZR=NY H @ 1928.47 231 bars ago (high taken); DAY 12AM-4PM IST session: stop x1.00 of usual; no partials; full size to TP5; SL steps BE->TP1->TP2->TP3
1644,2023.09.19 07:43:03,2023.09.19 10:13:03,TP1_REACHED,XAUUSD,M3,521,SELL,FULLTGT,DAY,0,1932.29,1932.91,1932.91,0.62,1.00,0.62,1931.67,1931.06,1930.44,1929.82,1929.20,2.26,0.00,2.26,1931.67,1.00,1.00,0.00,1932.45,1932.63,1932.18,1932.47,1932.65,2.009,0.22,18.66,40.62,42.47,-0.15,-0.16,0.01,1932.95,1932.01,56,54,14.3,71.4,5,1,CROSS=EMA9<EMA21;TREND=1;STRUCT=1;VOL=1;COOL=1;EMA50=1;VWAP=1;BIAS=1,0.97,-0.84,27946.40,28095.56,full target: no partial booked
1645,2023.09.19 08:22:27,2023.09.19 10:52:27,TP2_REACHED,XAUUSD,M3,521,SELL,FULLTGT,DAY,0,1932.29,1932.91,1932.91,0.62,1.00,0.62,1931.67,1931.06,1930.44,1929.82,1929.20,2.26,0.00,2.26,1931.06,2.00,2.00,0.00,1932.03,1932.36,1932.09,1932.06,1932.38,0.814,0.33,36.47,34.62,34.01,-0.26,-0.26,0.01,1932.82,1931.23,55,64,14.3,71.4,5,1,CROSS=EMA9<EMA21;TREND=1;STRUCT=1;VOL=1;COOL=1;EMA50=1;VWAP=1;BIAS=1,1.99,-0.84,27946.40,28231.16,full target: no partial booked
1646,2023.09.19 08:44:34,2023.09.19 11:14:34,TP3_REACHED,XAUUSD,M3,521,SELL,FULLTGT,DAY,0,1932.29,1932.91,1932.91,0.62,1.00,0.62,1931.67,1931.06,1930.44,1929.82,1929.20,2.26,0.00,2.26,1930.44,3.00,3.00,0.00,1931.84,1932.21,1932.03,1931.88,1932.24,0.461,0.39,31.95,36.27,36.84,-0.21,-0.24,0.03,1932.72,1930.88,116,83,14.3,85.7,5,1,CROSS=EMA9<EMA21;TREND=1;STRUCT=1;VOL=1;COOL=1;EMA50=1;VWAP=1;BIAS=1,2.97,-0.84,27946.40,28366.76,full target: no partial booked
1647,2023.09.19 10:30:30,2023.09.19 13:00:30,EXIT_SL,XAUUSD,M3,521,SELL,FULLTGT,DAY,0,1932.29,1932.91,1932.91,0.62,1.00,0.62,1931.67,1931.06,1930.44,1929.82,1929.20,2.26,2.26,0.00,1932.91,0.00,-1.00,-155.94,1931.34,1931.63,1931.73,1931.29,1931.62,-0.189,0.53,41.08,71.78,64.29,0.41,0.18,0.22,1932.21,1932.58,152,122,71.4,28.6,5,1,CROSS=EMA9<EMA21;TREND=1;STRUCT=1;VOL=1;COOL=1;EMA50=1;VWAP=1;BIAS=1,4.00,-0.94,27798.37,27798.37,stopped at the initial SL (x1.00 of usual)
1648,2023.09.19 10:51:00,2023.09.19 13:21:00,SKIP,XAUUSD,M3,521,FLAT,NA,DAY,0,0.00,0.00,0.00,0.00,1.00,0.00,0.00,0.00,0.00,0.00,0.00,0.00,0.00,0.00,0.00,0.00,0.00,0.00,1931.89,1931.89,1931.86,1931.80,1931.84,0.052,0.56,66.70,76.83,72.96,0.79,0.57,0.22,1932.30,1934.12,186,132,100.0,0.0,5,1,CROSS=EMA9<EMA21;TREND=1;STRUCT=1;VOL=1;COOL=1;EMA50=1;VWAP=1;BIAS=1,0.00,0.00,27798.37,27798.37,outside the killzone window
1649,2023.09.19 17:18:00,2023.09.19 19:48:00,SKIP,XAUUSD,M3,521,FLAT,NA,EVENING,0,0.00,0.00,0.00,0.00,1.00,0.00,0.00,0.00,0.00,0.00,0.00,0.00,0.00,0.00,0.00,0.00,0.00,0.00,1934.72,1934.72,1934.14,1934.80,1934.76,0.500,1.17,30.53,38.22,35.59,-0.66,-0.29,-0.37,1933.74,1932.78,271,283,0.0,85.7,4,1,CROSS=EMA9<EMA21;TREND=1;STRUCT=1;VOL=1;COOL=1;EMA50=1;VWAP=1;BIAS=1,0.00,0.00,27798.37,27798.37,outside the killzone window
1650,2023.09.20 01:00:00,2023.09.20 03:30:00,DAY_SUMMARY,XAUUSD,M3,521,FLAT,NA,DAY,0,0.00,0.00,0.00,0.00,1.00,0.00,0.00,0.00,0.00,0.00,0.00,0.00,0.00,0.00,0.00,0.00,-1.00,-155.94,1931.48,1931.82,1932.39,1931.48,1931.83,-3.279,0.18,17.01,46.64,47.00,-0.09,-0.10,0.01,1933.40,1931.32,24,32,14.3,57.1,17,1,CROSS=EMA9<EMA21;TREND=1;STRUCT=1;VOL=1;COOL=1;EMA50=1;VWAP=1;BIAS=1,0.00,0.00,27798.37,27798.37,2023.09.19 trades=1 W=0 L=1 gross_profit=0.00 gross_loss=155.94 net=-155.94 PF=0.00
1651,2023.09.20 09:15:00,2023.09.20 11:45:00,SKIP,XAUUSD,M3,521,FLAT,NA,DAY,0,0.00,0.00,0.00,0.00,1.00,0.00,0.00,0.00,0.00,0.00,0.00,0.00,0.00,0.00,0.00,0.00,0.00,0.00,1930.70,1930.69,1931.01,1930.67,1930.67,-0.517,0.62,27.88,62.18,63.94,0.32,0.22,0.09,1930.57,1931.51,168,125,85.7,14.3,4,1,CROSS=EMA9<EMA21;TREND=1;STRUCT=1;VOL=1;COOL=1;EMA50=1;VWAP=1;BIAS=1,0.00,0.00,27798.37,27798.37,outside the killzone window
1652,2023.09.20 10:18:00,2023.09.20 12:48:00,SKIP,XAUUSD,M3,521,FLAT,NA,DAY,0,0.00,0.00,0.00,0.00,1.00,0.00,0.00,0.00,0.00,0.00,0.00,0.00,0.00,0.00,0.00,0.00,0.00,0.00,1930.69,1930.73,1930.98,1930.78,1930.77,-0.438,0.58,52.17,23.35,33.34,-0.47,-0.18,-0.29,1930.63,1928.66,165,140,0.0,100.0,6,1,CROSS=EMA9<EMA21;TREND=1;STRUCT=1;VOL=1;COOL=1;EMA50=1;VWAP=1;BIAS=1,0.00,0.00,27798.37,27798.37,outside the killzone window
1653,2023.09.20 13:06:00,2023.09.20 15:36:00,ENTRY,XAUUSD,M3,523,BUY,FULLTGT,DAY,0,1931.99,1931.08,1931.08,0.91,1.00,0.91,1932.90,1933.81,1934.72,1935.64,1936.55,1.52,1.52,1.52,1931.99,0.00,0.00,0.00,1930.19,1930.19,1930.49,1930.12,1930.15,-0.648,0.46,42.88,72.99,68.75,0.49,0.23,0.26,1930.35,1931.95,106,95,100.0,0.0,4,1,CROSS=EMA9>EMA21;TREND=1;STRUCT=1;VOL=1;COOL=1;EMA50=1;VWAP=1;BIAS=1,0.00,0.00,27793.05,27786.97,KZ=NY; KZR=Asia H @ 1934.60 524 bars ago (high taken); DAY 12AM-4PM IST session: stop x1.00 of usual; no partials; full size to TP5; SL steps BE->TP1->TP2->TP3
1654,2023.09.20 14:43:11,2023.09.20 17:13:11,EXIT_SL,XAUUSD,M3,523,BUY,FULLTGT,EVENING,0,1931.99,1931.08,1931.08,0.91,1.00,0.91,1932.90,1933.81,1934.72,1935.64,1936.55,1.52,1.52,0.00,1931.08,0.00,-1.00,-148.96,1931.53,1931.08,1930.93,1931.54,1931.08,0.403,0.39,41.39,38.85,44.24,-0.08,0.13,-0.21,1930.55,1931.23,73,83,28.6,57.1,4,1,CROSS=EMA9>EMA21;TREND=1;STRUCT=1;VOL=1;COOL=1;EMA50=1;VWAP=1;BIAS=1,0.79,-0.99,27649.41,27649.41,stopped at the initial SL (x1.00 of usual)
1655,2023.09.20 22:36:00,2023.09.21 01:06:00,SKIP,XAUUSD,M3,523,FLAT,NA,DAY,0,0.00,0.00,0.00,0.00,1.00,0.00,0.00,0.00,0.00,0.00,0.00,0.00,0.00,0.00,0.00,0.00,0.00,0.00,1941.89,1941.90,1939.71,1942.12,1942.01,1.636,1.34,48.82,28.07,23.59,-1.47,-1.22,-0.25,1936.96,1936.40,326,367,0.0,85.7,11,1,CROSS=EMA9>EMA21;TREND=1;STRUCT=1;VOL=1;COOL=1;EMA50=1;VWAP=1;BIAS=1,0.00,0.00,27649.41,27649.41,outside the killzone window
1656,2023.09.21 01:00:00,2023.09.21 03:30:00,DAY_SUMMARY,XAUUSD,M3,523,FLAT,NA,DAY,0,0.00,0.00,0.00,0.00,1.00,0.00,0.00,0.00,0.00,0.00,0.00,0.00,0.00,0.00,0.00,0.00,-1.00,-148.96,1934.83,1937.53,1937.79,1935.01,1937.67,-0.457,0.58,60.81,34.39,26.67,-1.68,-1.97,0.29,1936.71,1930.36,65,115,14.3,71.4,17,1,CROSS=EMA9>EMA21;TREND=1;STRUCT=1;VOL=1;COOL=1;EMA50=1;VWAP=1;BIAS=1,0.00,0.00,27649.41,27649.41,2023.09.20 trades=1 W=0 L=1 gross_profit=0.00 gross_loss=148.96 net=-148.96 PF=0.00
1657,2023.09.21 09:39:00,2023.09.21 12:09:00,SKIP,XAUUSD,M3,523,FLAT,NA,DAY,0,0.00,0.00,0.00,0.00,1.00,0.00,0.00,0.00,0.00,0.00,0.00,0.00,0.00,0.00,0.00,0.00,0.00,0.00,1928.50,1928.50,1929.84,1928.49,1928.50,-2.161,0.62,26.37,50.64,50.35,0.24,0.31,-0.07,1927.72,1928.84,109,113,71.4,14.3,3,1,CROSS=EMA9>EMA21;TREND=1;STRUCT=1;VOL=1;COOL=1;EMA50=1;VWAP=1;BIAS=1,0.00,0.00,27649.41,27649.41,outside the killzone window
1658,2023.09.21 10:03:00,2023.09.21 12:33:00,SKIP,XAUUSD,M3,523,FLAT,NA,DAY,0,0.00,0.00,0.00,0.00,1.00,0.00,0.00,0.00,0.00,0.00,0.00,0.00,0.00,0.00,0.00,0.00,0.00,0.00,1928.50,1928.50,1929.74,1928.53,1928.52,-1.965,0.63,14.38,39.57,45.97,-0.06,0.09,-0.15,1927.77,1927.81,224,131,14.3,71.4,3,1,CROSS=EMA9>EMA21;TREND=1;STRUCT=1;VOL=1;COOL=1;EMA50=1;VWAP=1;BIAS=1,0.00,0.00,27649.41,27649.41,outside the killzone window
1659,2023.09.21 21:21:00,2023.09.21 23:51:00,SKIP,XAUUSD,M3,523,FLAT,NA,EVENING,0,0.00,0.00,0.00,0.00,1.00,0.00,0.00,0.00,0.00,0.00,0.00,0.00,0.00,0.00,0.00,0.00,0.00,0.00,1919.53,1919.53,1920.92,1919.52,1919.52,-2.893,0.48,27.64,49.38,50.43,0.24,0.39,-0.15,1922.32,1919.84,73,111,42.9,42.9,8,1,CROSS=EMA9>EMA21;TREND=1;STRUCT=1;VOL=1;COOL=1;EMA50=1;VWAP=1;BIAS=1,0.00,0.00,27649.41,27649.41,outside the killzone window
1660,2023.09.22 14:18:00,2023.09.22 16:48:00,SKIP,XAUUSD,M3,523,FLAT,NA,EVENING,0,0.00,0.00,0.00,0.00,1.00,0.00,0.00,0.00,0.00,0.00,0.00,0.00,0.00,0.00,0.00,0.00,0.00,0.00,1925.56,1925.57,1924.89,1925.58,1925.58,1.230,0.55,21.28,47.61,44.68,-0.15,-0.24,0.09,1924.81,1925.14,127,99,42.9,42.9,8,1,CROSS=EMA9<EMA21;TREND=1;STRUCT=1;VOL=1;COOL=1;EMA50=1;VWAP=0;BIAS=1,0.00,0.00,27649.41,27649.41,quality filter
1661,2023.09.22 14:27:00,2023.09.22 16:57:00,SKIP,XAUUSD,M3,523,FLAT,NA,EVENING,0,0.00,0.00,0.00,0.00,1.00,0.00,0.00,0.00,0.00,0.00,0.00,0.00,0.00,0.00,0.00,0.00,0.00,0.00,1925.58,1925.58,1924.91,1925.57,1925.57,1.260,0.53,22.30,53.29,52.76,-0.02,-0.16,0.13,1924.82,1925.63,140,101,71.4,14.3,9,1,CROSS=EMA9>EMA21;TREND=1;STRUCT=1;VOL=1;COOL=1;EMA50=1;VWAP=1;BIAS=1,0.00,0.00,27649.41,27649.41,already positioned that way
1662,2023.09.22 15:21:00,2023.09.22 17:51:00,SKIP,XAUUSD,M3,523,FLAT,NA,EVENING,0,0.00,0.00,0.00,0.00,1.00,0.00,0.00,0.00,0.00,0.00,0.00,0.00,0.00,0.00,0.00,0.00,0.00,0.00,1925.60,1925.61,1925.04,1925.62,1925.62,0.853,0.66,30.22,42.71,43.12,-0.21,0.01,-0.22,1924.89,1924.92,221,141,14.3,85.7,5,1,CROSS=EMA9<EMA21;TREND=1;STRUCT=1;VOL=1;COOL=1;EMA50=1;VWAP=0;BIAS=1,0.00,0.00,27649.41,27649.41,quality filter
1663,2023.09.22 16:00:00,2023.09.22 18:30:00,SKIP,XAUUSD,M3,523,FLAT,NA,EVENING,0,0.00,0.00,0.00,0.00,1.00,0.00,0.00,0.00,0.00,0.00,0.00,0.00,0.00,0.00,0.00,0.00,0.00,0.00,1925.60,1925.60,1925.11,1925.58,1925.59,0.598,0.82,17.92,56.00,54.91,0.12,-0.04,0.17,1924.94,1926.13,186,211,71.4,0.0,8,1,CROSS=EMA9>EMA21;TREND=1;STRUCT=1;VOL=1;COOL=1;EMA50=1;VWAP=1;BIAS=1,0.00,0.00,27649.41,27649.41,already positioned that way
1664,2023.09.22 20:15:00,2023.09.22 22:45:00,SKIP,XAUUSD,M3,523,FLAT,NA,EVENING,0,0.00,0.00,0.00,0.00,1.00,0.00,0.00,0.00,0.00,0.00,0.00,0.00,0.00,0.00,0.00,0.00,0.00,0.00,1926.70,1926.70,1926.20,1926.74,1926.72,1.015,0.49,52.01,40.66,38.94,-0.59,-0.59,0.00,1925.65,1925.62,94,102,14.3,71.4,8,1,CROSS=EMA9>EMA21;TREND=1;STRUCT=1;VOL=1;COOL=1;EMA50=1;VWAP=1;BIAS=1,0.00,0.00,27649.41,27649.41,outside the killzone window
1665,2023.09.25 01:00:00,2023.09.25 03:30:00,WEEK_SUMMARY,XAUUSD,M3,523,FLAT,NA,DAY,0,0.00,0.00,0.00,0.00,1.00,0.00,0.00,0.00,0.00,0.00,0.00,0.00,0.00,0.00,0.00,0.00,-3.02,-462.53,1925.24,1925.52,1925.67,1925.24,1925.53,-0.679,0.22,24.17,52.36,51.42,0.03,-0.02,0.05,1925.62,1925.25,46,40,42.9,42.9,34,1,CROSS=EMA9>EMA21;TREND=1;STRUCT=1;VOL=1;COOL=1;EMA50=1;VWAP=1;BIAS=1,0.00,0.00,27649.41,27649.41,days=3 trades=3 W=0 L=3 gross_profit=0.00 gross_loss=462.53 net=-462.53 PF=0.00 pips=-220.0
1666,2023.09.25 10:21:00,2023.09.25 12:51:00,SKIP,XAUUSD,M3,523,FLAT,NA,DAY,0,0.00,0.00,0.00,0.00,1.00,0.00,0.00,0.00,0.00,0.00,0.00,0.00,0.00,0.00,0.00,0.00,0.00,0.00,1923.50,1923.46,1923.91,1923.40,1923.41,-0.549,0.81,60.89,65.26,67.26,1.08,0.76,0.32,1923.82,1925.79,113,139,85.7,0.0,8,1,CROSS=EMA9>EMA21;TREND=1;STRUCT=1;VOL=1;COOL=1;EMA50=1;VWAP=1;BIAS=1,0.00,0.00,27649.41,27649.41,outside the killzone window
1667,2023.09.25 11:21:00,2023.09.25 13:51:00,SKIP,XAUUSD,M3,523,FLAT,NA,DAY,0,0.00,0.00,0.00,0.00,1.00,0.00,0.00,0.00,0.00,0.00,0.00,0.00,0.00,0.00,0.00,0.00,0.00,0.00,1923.46,1923.48,1923.85,1923.53,1923.52,-0.597,0.61,45.66,32.16,34.90,-0.41,-0.17,-0.24,1923.78,1921.82,189,123,0.0,100.0,11,1,CROSS=EMA9>EMA21;TREND=1;STRUCT=1;VOL=1;COOL=1;EMA50=1;VWAP=1;BIAS=1,0.00,0.00,27649.41,27649.41,outside the killzone window
1668,2023.09.25 13:48:00,2023.09.25 16:18:00,SKIP,XAUUSD,M3,523,FLAT,NA,EVENING,0,0.00,0.00,0.00,0.00,1.00,0.00,0.00,0.00,0.00,0.00,0.00,0.00,0.00,0.00,0.00,0.00,0.00,0.00,1923.11,1923.10,1923.43,1923.08,1923.09,-0.745,0.45,40.72,57.34,61.13,0.43,0.41,0.02,1923.51,1923.77,79,86,85.7,0.0,8,1,CROSS=EMA9>EMA21;TREND=1;STRUCT=1;VOL=1;COOL=1;EMA50=1;VWAP=1;BIAS=1,0.00,0.00,27649.41,27649.41,already positioned that way
1669,2023.09.25 17:21:00,2023.09.25 19:51:00,SKIP,XAUUSD,M3,523,FLAT,NA,EVENING,0,0.00,0.00,0.00,0.00,1.00,0.00,0.00,0.00,0.00,0.00,0.00,0.00,0.00,0.00,0.00,0.00,0.00,0.00,1923.82,1923.87,1923.84,1924.09,1924.01,0.025,1.43,29.37,22.74,28.16,-1.00,-0.27,-0.72,1923.78,1917.20,407,266,0.0,100.0,10,1,CROSS=EMA9>EMA21;TREND=1;STRUCT=1;VOL=1;COOL=1;EMA50=1;VWAP=1;BIAS=1,0.00,0.00,27649.41,27649.41,outside the killzone window
1670,2023.09.27 04:57:00,2023.09.27 07:27:00,SKIP,XAUUSD,M3,523,FLAT,NA,DAY,0,0.00,0.00,0.00,0.00,1.00,0.00,0.00,0.00,0.00,0.00,0.00,0.00,0.00,0.00,0.00,0.00,0.00,0.00,1901.49,1901.47,1902.59,1901.44,1901.45,-1.513,0.74,29.52,60.72,56.45,0.33,0.24,0.09,1901.42,1902.56,118,154,85.7,0.0,7,1,CROSS=EMA9>EMA21;TREND=1;STRUCT=1;VOL=1;COOL=1;EMA50=1;VWAP=1;BIAS=1,0.00,0.00,27649.41,27649.41,already positioned that way
1671,2023.09.27 05:39:00,2023.09.27 08:09:00,ENTRY,XAUUSD,M3,525,SELL,FULLTGT,DAY,0,1900.37,1901.10,1901.10,0.73,1.00,0.73,1899.64,1898.91,1898.18,1897.45,1896.72,1.89,1.89,1.89,1900.37,0.00,0.00,0.00,1901.46,1901.48,1902.44,1901.51,1901.50,-2.654,0.36,53.99,31.66,42.96,-0.23,0.01,-0.24,1901.46,1900.37,119,112,0.0,100.0,11,1,CROSS=EMA9<EMA21;TREND=1;STRUCT=1;VOL=1;COOL=1;EMA50=1;VWAP=1;BIAS=1,0.00,0.00,27642.79,27622.00,KZ=ASIA; KZR=NY L @ 1904.69 231 bars ago (low taken); DAY 12AM-4PM IST session: stop x1.00 of usual; no partials; full size to TP5; SL steps BE->TP1->TP2->TP3
1672,2023.09.27 06:50:35,2023.09.27 09:20:35,TP1_REACHED,XAUUSD,M3,525,SELL,FULLTGT,DAY,0,1900.37,1901.10,1901.10,0.73,1.00,0.73,1899.64,1898.91,1898.18,1897.45,1896.72,1.89,0.00,1.89,1899.64,1.00,1.00,0.00,1900.84,1901.09,1902.03,1900.86,1901.11,-3.572,0.26,24.87,41.86,38.83,-0.19,-0.19,0.00,1901.28,1900.25,35,64,14.3,57.1,8,1,CROSS=EMA9<EMA21;TREND=1;STRUCT=1;VOL=1;COOL=1;EMA50=1;VWAP=1;BIAS=1,0.99,-0.88,27642.79,27788.32,full target: no partial booked
1673,2023.09.27 07:09:47,2023.09.27 09:39:47,TP2_REACHED,XAUUSD,M3,525,SELL,FULLTGT,DAY,0,1900.37,1901.10,1901.10,0.73,1.00,0.73,1899.64,1898.91,1898.18,1897.45,1896.72,1.89,0.00,1.89,1898.91,2.00,2.00,0.00,1900.52,1900.89,1901.86,1900.59,1900.93,-3.326,0.29,35.87,27.63,34.07,-0.37,-0.27,-0.11,1901.20,1898.96,83,54,0.0,100.0,11,1,CROSS=EMA9<EMA21;TREND=1;STRUCT=1;VOL=1;COOL=1;EMA50=1;VWAP=1;BIAS=1,2.00,-0.88,27642.79,27920.62,full target: no partial booked
1674,2023.09.27 07:12:34,2023.09.27 09:42:34,TP3_REACHED,XAUUSD,M3,525,SELL,FULLTGT,DAY,0,1900.37,1901.10,1901.10,0.73,1.00,0.73,1899.64,1898.91,1898.18,1897.45,1896.72,1.89,0.00,1.89,1898.18,3.00,3.00,0.00,1900.46,1900.85,1901.83,1900.52,1900.89,-3.175,0.31,40.52,26.56,28.46,-0.42,-0.29,-0.13,1901.19,1898.85,73,55,0.0,100.0,7,1,CROSS=EMA9<EMA21;TREND=1;STRUCT=1;VOL=1;COOL=1;EMA50=1;VWAP=1;BIAS=1,2.70,-0.88,27642.79,28064.26,full target: no partial booked
1675,2023.09.27 07:30:24,2023.09.27 10:00:24,TP4_REACHED,XAUUSD,M3,525,SELL,FULLTGT,DAY,0,1900.37,1901.10,1901.10,0.73,1.00,0.73,1899.64,1898.91,1898.18,1897.45,1896.72,1.89,0.00,1.89,1897.45,4.00,4.00,0.00,1899.96,1900.54,1901.62,1900.05,1900.60,-2.498,0.43,54.05,20.94,24.23,-0.68,-0.53,-0.15,1901.05,1897.66,54,62,0.0,85.7,12,1,CROSS=EMA9<EMA21;TREND=1;STRUCT=1;VOL=1;COOL=1;EMA50=1;VWAP=1;BIAS=1,3.92,-0.88,27642.79,28198.45,full target: no partial booked
1676,2023.09.27 07:34:30,2023.09.27 10:04:30,TP5_EXIT,XAUUSD,M3,525,SELL,FULLTGT,DAY,0,1900.37,1901.10,1901.10,0.73,1.00,0.73,1899.64,1898.91,1898.18,1897.45,1896.72,1.89,1.89,0.00,1896.69,5.00,5.00,0.00,1899.85,1900.47,1901.57,1899.96,1900.54,-2.497,0.44,56.77,17.74,24.23,-0.75,-0.58,-0.18,1901.00,1897.13,125,66,0.0,100.0,8,1,CROSS=EMA9<EMA21;TREND=1;STRUCT=1;VOL=1;COOL=1;EMA50=1;VWAP=1;BIAS=1,4.99,-0.88,28331.69,28331.69,full target reached; closed in full
1677,2023.09.27 07:34:32,2023.09.27 10:04:32,EXIT_TP,XAUUSD,M3,525,SELL,FULLTGT,DAY,0,1900.37,1901.10,1901.10,0.73,1.00,0.73,1899.64,1898.91,1898.18,1897.45,1896.72,1.89,1.89,0.00,1896.69,0.00,5.04,682.28,1899.85,1900.47,1901.57,1899.96,1900.54,-2.497,0.44,56.77,17.74,24.23,-0.75,-0.58,-0.18,1901.00,1897.13,125,66,0.0,100.0,8,1,CROSS=EMA9<EMA21;TREND=1;STRUCT=1;VOL=1;COOL=1;EMA50=1;VWAP=1;BIAS=1,4.99,-0.88,28331.69,28331.69,TP5 exit
1678,2023.09.28 01:00:00,2023.09.28 03:30:00,DAY_SUMMARY,XAUUSD,M3,525,FLAT,NA,DAY,0,0.00,0.00,0.00,0.00,1.00,0.00,0.00,0.00,0.00,0.00,0.00,0.00,0.00,0.00,0.00,0.00,5.04,682.28,1876.11,1877.50,1881.50,1876.16,1877.55,-11.178,0.36,33.72,35.83,39.07,-0.28,-0.14,-0.14,1889.01,1874.99,32,50,0.0,85.7,5,1,CROSS=EMA9<EMA21;TREND=1;STRUCT=1;VOL=1;COOL=1;EMA50=1;VWAP=1;BIAS=1,0.00,0.00,28331.69,28331.69,2023.09.27 trades=1 W=1 L=0 gross_profit=682.28 gross_loss=0.00 net=682.28 PF=0.00
1679,2023.09.28 08:54:00,2023.09.28 11:24:00,SKIP,XAUUSD,M3,525,FLAT,NA,DAY,0,0.00,0.00,0.00,0.00,1.00,0.00,0.00,0.00,0.00,0.00,0.00,0.00,0.00,0.00,0.00,0.00,0.00,0.00,1875.38,1875.37,1876.65,1875.33,1875.34,-2.048,0.62,26.97,61.25,59.58,0.45,0.46,-0.00,1875.57,1876.58,69,93,71.4,14.3,7,1,CROSS=EMA9<EMA21;TREND=1;STRUCT=1;VOL=1;COOL=1;EMA50=1;VWAP=1;BIAS=1,0.00,0.00,28331.69,28331.69,outside the killzone window
1680,2023.09.28 09:48:00,2023.09.28 12:18:00,SKIP,XAUUSD,M3,525,FLAT,NA,DAY,0,0.00,0.00,0.00,0.00,1.00,0.00,0.00,0.00,0.00,0.00,0.00,0.00,0.00,0.00,0.00,0.00,0.00,0.00,1875.38,1875.40,1876.46,1875.42,1875.42,-1.203,0.88,34.85,40.31,42.72,-0.35,-0.23,-0.11,1875.55,1874.54,160,178,0.0,85.7,7,1,CROSS=EMA9<EMA21;TREND=1;STRUCT=1;VOL=1;COOL=1;EMA50=1;VWAP=1;BIAS=1,0.00,0.00,28331.69,28331.69,outside the killzone window
1681,2023.09.28 10:18:00,2023.09.28 12:48:00,SKIP,XAUUSD,M3,525,FLAT,NA,DAY,0,0.00,0.00,0.00,0.00,1.00,0.00,0.00,0.00,0.00,0.00,0.00,0.00,0.00,0.00,0.00,0.00,0.00,0.00,1875.47,1875.43,1876.38,1875.37,1875.39,-1.141,0.82,31.96,69.95,58.42,0.23,-0.16,0.39,1875.54,1877.86,175,200,85.7,0.0,11,1,CROSS=EMA9<EMA21;TREND=1;STRUCT=1;VOL=1;COOL=1;EMA50=1;VWAP=1;BIAS=1,0.00,0.00,28331.69,28331.69,outside the killzone window
1682,2023.09.28 11:57:00,2023.09.28 14:27:00,SKIP,XAUUSD,M3,525,FLAT,NA,DAY,0,0.00,0.00,0.00,0.00,1.00,0.00,0.00,0.00,0.00,0.00,0.00,0.00,0.00,0.00,0.00,0.00,0.00,0.00,1875.59,1875.61,1876.24,1875.63,1875.63,-1.161,0.54,30.70,38.41,41.64,-0.38,-0.34,-0.05,1875.64,1874.54,147,145,0.0,100.0,7,1,CROSS=EMA9<EMA21;TREND=1;STRUCT=1;VOL=1;COOL=1;EMA50=1;VWAP=1;BIAS=1,0.00,0.00,28331.69,28331.69,outside the killzone window
1683,2023.09.28 14:48:00,2023.09.28 17:18:00,ENTRY,XAUUSD,M3,527,BUY,FULLTGT,EVENING,0,1876.35,1875.11,1875.11,1.24,1.00,1.24,1877.59,1878.83,1880.07,1881.30,1882.54,1.14,1.14,1.14,1876.35,0.00,0.00,0.00,1875.40,1875.39,1875.80,1875.36,1875.37,-0.663,0.62,19.31,58.87,58.96,0.20,0.15,0.05,1875.54,1876.32,107,104,71.4,14.3,5,1,CROSS=EMA9>EMA21;TREND=1;STRUCT=1;VOL=1;COOL=1;EMA50=1;VWAP=1;BIAS=1,0.00,0.00,28327.70,28322.00,KZ=NY; KZR=NY L @ 1884.51 418 bars ago (low taken); EVENING 4PM-12AM IST session: stop x1.00 of usual; no partials; full size to TP5; SL steps BE->TP1->TP2->TP3
1684,2023.09.28 15:16:38,2023.09.28 17:46:38,TP1_REACHED,XAUUSD,M3,527,BUY,FULLTGT,EVENING,0,1876.35,1875.11,1875.11,1.24,1.00,1.24,1877.59,1878.83,1880.07,1881.30,1882.54,1.14,0.00,1.14,1877.59,1.00,1.00,0.00,1875.73,1875.57,1875.86,1875.68,1875.54,-0.439,0.66,16.53,60.77,59.97,0.37,0.29,0.08,1875.59,1876.95,209,132,85.7,0.0,5,1,CROSS=EMA9>EMA21;TREND=1;STRUCT=1;VOL=1;COOL=1;EMA50=1;VWAP=1;BIAS=1,0.99,-0.43,28327.70,28471.34,full target: no partial booked
1685,2023.09.28 15:30:03,2023.09.28 18:00:03,EXIT_SL,XAUUSD,M3,527,BUY,FULLTGT,EVENING,0,1876.35,1875.11,1875.11,1.24,1.00,1.24,1877.59,1878.83,1880.07,1881.30,1882.54,1.14,1.14,0.00,1875.08,0.00,-1.03,-152.76,1875.88,1875.66,1875.89,1875.88,1875.66,-0.292,0.78,15.80,48.19,50.09,0.25,0.35,-0.10,1875.63,1875.98,259,170,42.9,42.9,15,1,CROSS=EMA9>EMA21;TREND=1;STRUCT=1;VOL=1;COOL=1;EMA50=1;VWAP=1;BIAS=1,1.32,-0.97,28178.93,28178.93,stopped at the initial SL (x1.00 of usual)
1686,2023.09.28 16:00:00,2023.09.28 18:30:00,ENTRY,XAUUSD,M3,529,SELL,FULLTGT,EVENING,0,1872.45,1876.25,1876.25,3.80,1.00,3.80,1868.65,1864.86,1861.06,1857.27,1853.47,0.37,0.37,0.37,1872.45,0.00,0.00,0.00,1875.51,1875.52,1875.80,1875.63,1875.58,-0.148,1.90,32.44,36.52,38.47,-0.77,-0.10,-0.67,1875.56,1872.46,406,344,0.0,100.0,7,1,CROSS=EMA9<EMA21;TREND=1;STRUCT=1;VOL=1;COOL=1;EMA50=1;VWAP=1;BIAS=1,0.00,0.00,28177.63,28175.04,KZ=NY; KZR=Asia L @ 1873.55 4 bars ago (low taken); EVENING 4PM-12AM IST session: stop x1.00 of usual; no partials; full size to TP5; SL steps BE->TP1->TP2->TP3
1687,2023.09.28 16:06:27,2023.09.28 18:36:27,EXIT_SL,XAUUSD,M3,529,SELL,FULLTGT,EVENING,0,1872.45,1876.25,1876.25,3.80,1.00,3.80,1868.65,1864.86,1861.06,1857.27,1853.47,0.37,0.37,0.00,1876.26,0.00,-1.00,-143.57,1875.43,1875.48,1875.77,1875.44,1875.48,-0.151,1.95,29.01,50.61,47.88,-0.65,-0.36,-0.28,1875.53,1875.36,402,363,28.6,71.4,10,1,CROSS=EMA9<EMA21;TREND=1;STRUCT=1;VOL=1;COOL=1;EMA50=1;VWAP=1;BIAS=1,0.00,-1.00,28035.36,28035.36,stopped at the initial SL (x1.00 of usual)
1688,2023.09.29 01:00:00,2023.09.29 03:30:00,DAY_SUMMARY,XAUUSD,M3,529,FLAT,NA,DAY,0,0.00,0.00,0.00,0.00,1.00,0.00,0.00,0.00,0.00,0.00,0.00,0.00,0.00,0.00,0.00,0.00,-2.03,-296.33,1865.58,1865.82,1867.67,1865.61,1865.84,-4.328,0.43,45.82,34.68,42.14,-0.33,-0.11,-0.23,1871.78,1864.80,32,51,0.0,85.7,50,1,CROSS=EMA9<EMA21;TREND=1;STRUCT=1;VOL=1;COOL=1;EMA50=1;VWAP=1;BIAS=1,0.00,0.00,28035.36,28035.36,2023.09.28 trades=2 W=0 L=2 gross_profit=0.00 gross_loss=296.33 net=-296.33 PF=0.00
1689,2023.09.29 03:15:00,2023.09.29 05:45:00,ENTRY,XAUUSD,M3,531,BUY,FULLTGT,DAY,0,1866.45,1865.78,1865.78,0.67,1.00,0.67,1867.12,1867.79,1868.46,1869.12,1869.79,2.09,2.09,2.09,1866.45,0.00,0.00,0.00,1865.66,1865.66,1866.88,1865.63,1865.64,-3.643,0.33,32.59,58.28,58.55,0.36,0.36,-0.00,1865.42,1866.41,65,72,71.4,14.3,4,1,CROSS=EMA9>EMA21;TREND=1;STRUCT=1;VOL=1;COOL=1;EMA50=1;VWAP=1;BIAS=1,0.00,0.00,28028.04,28019.68,KZ=ASIA; KZR=NY L @ 1871.32 194 bars ago (low taken); DAY 12AM-4PM IST session: stop x1.00 of usual; no partials; full size to TP5; SL steps BE->TP1->TP2->TP3
1690,2023.09.29 03:24:37,2023.09.29 05:54:37,TP1_REACHED,XAUUSD,M3,531,BUY,FULLTGT,DAY,0,1866.45,1865.78,1865.78,0.67,1.00,0.67,1867.12,1867.79,1868.46,1869.12,1869.79,2.09,0.00,2.09,1867.12,1.00,1.00,0.00,1865.79,1865.72,1866.87,1865.74,1865.70,-3.434,0.34,32.57,64.90,60.20,0.38,0.39,-0.00,1865.49,1866.95,55,64,71.4,14.3,4,1,CROSS=EMA9>EMA21;TREND=1;STRUCT=1;VOL=1;COOL=1;EMA50=1;VWAP=1;BIAS=1,0.97,-0.06,28028.04,28174.34,full target: no partial booked
1691,2023.09.29 03:45:59,2023.09.29 06:15:59,EXIT_SL,XAUUSD,M3,531,BUY,FULLTGT,DAY,0,1866.45,1865.78,1865.78,0.67,1.00,0.67,1867.12,1867.79,1868.46,1869.12,1869.79,2.09,2.09,0.00,1865.78,0.00,-1.00,-154.67,1866.00,1865.85,1866.86,1866.00,1865.85,-2.787,0.36,27.18,43.36,48.58,0.22,0.36,-0.14,1865.64,1865.91,63,60,28.6,71.4,4,1,CROSS=EMA9>EMA21;TREND=1;STRUCT=1;VOL=1;COOL=1;EMA50=1;VWAP=1;BIAS=1,1.21,-0.97,27880.69,27880.69,stopped at the initial SL (x1.00 of usual)
1692,2023.09.29 04:12:00,2023.09.29 06:42:00,ENTRY,XAUUSD,M3,533,SELL,FULLTGT,DAY,0,1864.80,1865.71,1865.71,0.91,1.00,0.91,1863.89,1862.99,1862.08,1861.18,1860.27,1.53,1.53,1.53,1864.80,0.00,0.00,0.00,1865.72,1865.72,1866.71,1865.75,1865.74,-2.180,0.45,49.71,35.99,39.83,-0.34,-0.15,-0.19,1865.55,1864.80,71,72,0.0,85.7,4,1,CROSS=EMA9<EMA21;TREND=1;STRUCT=1;VOL=1;COOL=1;EMA50=1;VWAP=1;BIAS=1,0.00,0.00,27875.33,27869.21,KZ=ASIA; KZR=NY L @ 1871.32 213 bars ago (low taken); DAY 12AM-4PM IST session: stop x1.00 of usual; no partials; full size to TP5; SL steps BE->TP1->TP2->TP3
1693,2023.09.29 04:15:30,2023.09.29 06:45:30,EXIT_SL,XAUUSD,M3,533,SELL,FULLTGT,DAY,0,1864.80,1865.71,1865.71,0.91,1.00,0.91,1863.89,1862.99,1862.08,1861.18,1860.27,1.53,1.53,0.00,1865.74,0.00,-1.04,-154.54,1865.70,1865.71,1866.69,1865.72,1865.72,-2.038,0.48,46.00,45.48,45.08,-0.31,-0.20,-0.12,1865.54,1865.35,117,74,14.3,85.7,4,1,CROSS=EMA9<EMA21;TREND=1;STRUCT=1;VOL=1;COOL=1;EMA50=1;VWAP=1;BIAS=1,0.00,-0.99,27726.15,27726.15,stopped at the initial SL (x1.00 of usual)
1694,2023.09.29 05:06:00,2023.09.29 07:36:00,ENTRY,XAUUSD,M3,535,BUY,FULLTGT,DAY,0,1866.83,1865.83,1865.83,1.00,1.00,1.00,1867.83,1868.83,1869.83,1870.83,1871.83,1.38,1.38,1.38,1866.83,0.00,0.00,0.00,1865.70,1865.70,1866.53,1865.66,1865.68,-1.661,0.50,28.08,61.80,60.21,0.14,-0.06,0.21,1865.56,1866.76,99,105,85.7,0.0,7,1,CROSS=EMA9>EMA21;TREND=1;STRUCT=1;VOL=1;COOL=1;EMA50=1;VWAP=1;BIAS=1,0.00,0.00,27721.32,27711.66,KZ=ASIA; KZR=NY L @ 1871.32 231 bars ago (low taken); DAY 12AM-4PM IST session: stop x1.00 of usual; no partials; full size to TP5; SL steps BE->TP1->TP2->TP3
1695,2023.09.29 05:33:29,2023.09.29 08:03:29,EXIT_SL,XAUUSD,M3,535,BUY,FULLTGT,DAY,0,1866.83,1865.83,1865.83,1.00,1.00,1.00,1867.83,1868.83,1869.83,1870.83,1871.83,1.38,1.38,0.00,1865.80,0.00,-1.03,-151.80,1865.95,1865.84,1866.53,1865.94,1865.83,-1.667,0.42,23.88,50.38,53.98,0.20,0.26,-0.06,1865.67,1866.13,67,93,57.1,14.3,4,1,CROSS=EMA9>EMA21;TREND=1;STRUCT=1;VOL=1;COOL=1;EMA50=1;VWAP=1;BIAS=1,0.16,-0.99,27574.35,27574.35,stopped at the initial SL (x1.00 of usual)
1696,2023.09.29 06:03:00,2023.09.29 08:33:00,ENTRY,XAUUSD,M3,537,SELL,FULLTGT,DAY,0,1864.53,1865.42,1865.42,0.89,1.00,0.89,1863.64,1862.76,1861.87,1860.98,1860.09,1.55,1.55,1.55,1864.53,0.00,0.00,0.00,1865.71,1865.73,1866.41,1865.76,1865.75,-1.534,0.44,38.01,33.11,41.37,-0.30,-0.10,-0.19,1865.64,1864.56,84,72,0.0,100.0,4,1,CROSS=EMA9<EMA21;TREND=1;STRUCT=1;VOL=1;COOL=1;EMA50=1;VWAP=1;BIAS=1,0.00,0.00,27568.92,27562.72,KZ=ASIA; KZR=NY L @ 1871.32 250 bars ago (low taken); DAY 12AM-4PM IST session: stop x1.00 of usual; no partials; full size to TP5; SL steps BE->TP1->TP2->TP3
1697,2023.09.29 06:11:40,2023.09.29 08:41:40,TP1_REACHED,XAUUSD,M3,537,SELL,FULLTGT,DAY,0,1864.53,1865.42,1865.42,0.89,1.00,0.89,1863.64,1862.76,1861.87,1860.98,1860.09,1.55,0.00,1.55,1863.64,1.00,1.00,0.00,1865.60,1865.67,1866.37,1865.65,1865.70,-1.728,0.40,44.02,29.28,33.55,-0.41,-0.20,-0.20,1865.62,1864.16,41,68,0.0,85.7,4,1,CROSS=EMA9<EMA21;TREND=1;STRUCT=1;VOL=1;COOL=1;EMA50=1;VWAP=1;BIAS=1,0.98,-0.14,27568.92,27711.52,full target: no partial booked
1698,2023.09.29 07:40:48,2023.09.29 10:10:48,EXIT_SL,XAUUSD,M3,537,SELL,FULLTGT,DAY,0,1864.53,1865.42,1865.42,0.89,1.00,0.89,1863.64,1862.76,1861.87,1860.98,1860.09,1.55,1.55,0.00,1865.42,0.00,-1.00,-148.81,1864.46,1864.88,1865.72,1864.45,1864.88,-1.888,0.45,24.80,57.32,56.19,0.11,-0.07,0.19,1865.27,1864.69,111,72,42.9,42.9,12,1,CROSS=EMA9<EMA21;TREND=1;STRUCT=1;VOL=1;COOL=1;EMA50=1;VWAP=1;BIAS=1,1.74,-0.99,27425.54,27425.54,stopped at the initial SL (x1.00 of usual)
1699,2023.09.29 08:54:00,2023.09.29 11:24:00,SKIP,XAUUSD,M3,537,FLAT,NA,DAY,0,0.00,0.00,0.00,0.00,1.00,0.00,0.00,0.00,0.00,0.00,0.00,0.00,0.00,0.00,0.00,0.00,0.00,0.00,1865.09,1865.08,1865.64,1864.99,1865.03,-1.279,0.44,42.42,78.17,68.44,0.50,0.24,0.26,1865.28,1867.52,117,68,100.0,0.0,17,1,CROSS=EMA9<EMA21;TREND=1;STRUCT=1;VOL=1;COOL=1;EMA50=1;VWAP=1;BIAS=1,0.00,0.00,27425.54,27425.54,outside the killzone window
1700,2023.09.29 14:57:00,2023.09.29 17:27:00,SKIP,XAUUSD,M3,537,FLAT,NA,EVENING,0,0.00,0.00,0.00,0.00,1.00,0.00,0.00,0.00,0.00,0.00,0.00,0.00,0.00,0.00,0.00,0.00,0.00,0.00,1870.56,1870.56,1869.55,1870.63,1870.59,1.355,0.74,42.85,41.26,31.00,-0.86,-1.05,0.19,1868.74,1868.84,180,170,42.9,57.1,5,1,CROSS=EMA9<EMA21;TREND=1;STRUCT=1;VOL=1;COOL=1;EMA50=1;VWAP=0;BIAS=1,0.00,0.00,27425.54,27425.54,already positioned that way
1701,2023.09.29 15:48:00,2023.09.29 18:18:00,ENTRY,XAUUSD,M3,539,BUY,FULLTGT,EVENING,0,1872.85,1869.90,1869.90,2.95,1.00,2.95,1875.80,1878.76,1881.71,1884.66,1887.61,0.46,0.46,0.46,1872.85,0.00,0.00,0.00,1870.56,1870.53,1869.69,1870.47,1870.49,0.570,1.48,31.06,67.62,65.29,0.56,0.11,0.45,1869.00,1872.84,353,265,85.7,14.3,4,1,CROSS=EMA9>EMA21;TREND=1;STRUCT=1;VOL=1;COOL=1;EMA50=1;VWAP=1;BIAS=1,0.00,0.00,27423.93,27422.09,KZ=NY; KZR=NY L @ 1871.32 445 bars ago (low taken); EVENING 4PM-12AM IST session: stop x1.00 of usual; no partials; full size to TP5; SL steps BE->TP1->TP2->TP3
1702,2023.09.29 16:02:14,2023.09.29 18:32:14,TP1_REACHED,XAUUSD,M3,539,BUY,FULLTGT,EVENING,0,1872.85,1869.90,1869.90,2.95,1.00,2.95,1875.80,1878.76,1881.71,1884.66,1887.61,0.46,0.00,0.46,1875.80,1.00,1.00,0.00,1870.96,1870.74,1869.83,1870.84,1870.68,0.538,1.69,42.97,68.79,66.85,0.92,0.48,0.43,1869.16,1873.90,350,301,100.0,0.0,4,1,CROSS=EMA9>EMA21;TREND=1;STRUCT=1;VOL=1;COOL=1;EMA50=1;VWAP=1;BIAS=1,1.00,-0.17,27423.93,27560.09,full target: no partial booked
1703,2023.09.29 16:16:14,2023.09.29 18:46:14,TP2_REACHED,XAUUSD,M3,539,BUY,FULLTGT,EVENING,0,1872.85,1869.90,1869.90,2.95,1.00,2.95,1875.80,1878.76,1881.71,1884.66,1887.61,0.46,0.00,0.46,1878.76,2.00,2.00,0.00,1871.91,1871.26,1870.14,1871.64,1871.11,0.650,1.72,51.26,82.05,79.04,1.75,1.11,0.63,1869.50,1878.68,353,345,100.0,0.0,10,1,CROSS=EMA9>EMA21;TREND=1;STRUCT=1;VOL=1;COOL=1;EMA50=1;VWAP=1;BIAS=1,2.00,-0.17,27423.93,27696.25,full target: no partial booked
1704,2023.09.29 17:00:14,2023.09.29 19:30:14,EXIT_SL,XAUUSD,M3,539,BUY,FULLTGT,EVENING,0,1872.85,1869.90,1869.90,2.95,1.00,2.95,1875.80,1878.76,1881.71,1884.66,1887.61,0.46,0.46,0.00,1869.87,0.00,-1.01,-140.30,1872.67,1871.91,1870.66,1872.75,1871.94,0.721,1.74,27.30,38.98,41.36,-0.43,0.35,-0.78,1870.13,1870.58,321,379,28.6,57.1,4,1,CROSS=EMA9>EMA21;TREND=1;STRUCT=1;VOL=1;COOL=1;EMA50=1;VWAP=1;BIAS=1,2.37,-1.00,27285.24,27285.24,stopped at the initial SL (x1.00 of usual)
1705,2023.09.29 17:18:00,2023.09.29 19:48:00,SKIP,XAUUSD,M3,539,FLAT,NA,EVENING,0,0.00,0.00,0.00,0.00,1.00,0.00,0.00,0.00,0.00,0.00,0.00,0.00,0.00,0.00,0.00,0.00,0.00,0.00,1870.96,1871.10,1870.32,1871.32,1871.28,0.384,2.04,47.07,21.03,24.57,-2.64,-1.22,-1.43,1869.83,1862.16,416,406,0.0,100.0,10,1,CROSS=EMA9>EMA21;TREND=1;STRUCT=1;VOL=1;COOL=1;EMA50=1;VWAP=1;BIAS=1,0.00,0.00,27285.24,27285.24,outside the killzone window
1706,2023.10.02 01:00:00,2023.10.02 03:30:00,DAY_SUMMARY,XAUUSD,M3,539,FLAT,NA,DAY,0,0.00,0.00,0.00,0.00,1.00,0.00,0.00,0.00,0.00,0.00,0.00,0.00,0.00,0.00,0.00,0.00,-5.08,-750.12,1849.23,1851.50,1856.08,1849.25,1851.55,-7.612,0.60,16.83,48.82,46.89,0.03,0.00,0.03,1864.04,1848.74,62,89,14.3,57.1,22,1,CROSS=EMA9>EMA21;TREND=1;STRUCT=1;VOL=1;COOL=1;EMA50=1;VWAP=1;BIAS=1,0.00,0.00,27285.24,27285.24,2023.09.29 trades=5 W=0 L=5 gross_profit=0.00 gross_loss=750.12 net=-750.12 PF=0.00
1707,2023.10.02 01:00:00,2023.10.02 03:30:00,WEEK_SUMMARY,XAUUSD,M3,539,FLAT,NA,DAY,0,0.00,0.00,0.00,0.00,1.00,0.00,0.00,0.00,0.00,0.00,0.00,0.00,0.00,0.00,0.00,0.00,-2.07,-364.17,1849.23,1851.50,1856.08,1849.25,1851.55,-7.612,0.60,16.83,48.82,46.89,0.03,0.00,0.03,1864.04,1848.74,62,89,14.3,57.1,22,1,CROSS=EMA9>EMA21;TREND=1;STRUCT=1;VOL=1;COOL=1;EMA50=1;VWAP=1;BIAS=1,0.00,0.00,27285.24,27285.24,days=3 trades=8 W=1 L=7 gross_profit=682.28 gross_loss=1046.45 net=-364.17 PF=0.65 pips=-791.0
1708,2023.10.02 01:00:00,2023.10.02 03:30:00,MONTH_SUMMARY,XAUUSD,M3,539,FLAT,NA,DAY,0,0.00,0.00,0.00,0.00,1.00,0.00,0.00,0.00,0.00,0.00,0.00,0.00,0.00,0.00,0.00,0.00,-9.74,-1578.58,1849.23,1851.50,1856.08,1849.25,1851.55,-7.612,0.60,16.83,48.82,46.89,0.03,0.00,0.03,1864.04,1848.74,62,89,14.3,57.1,22,1,CROSS=EMA9>EMA21;TREND=1;STRUCT=1;VOL=1;COOL=1;EMA50=1;VWAP=1;BIAS=1,0.00,0.00,27285.24,27285.24,days=14 trades=24 W=3 L=21 gross_profit=1434.45 gross_loss=3013.03 net=-1578.58 PF=0.48 pips=-2224.0
1709,2023.10.03 09:54:00,2023.10.03 12:24:00,SKIP,XAUUSD,M3,539,FLAT,NA,DAY,0,0.00,0.00,0.00,0.00,1.00,0.00,0.00,0.00,0.00,0.00,0.00,0.00,0.00,0.00,0.00,0.00,0.00,0.00,1821.36,1821.36,1823.27,1821.25,1821.30,-1.903,1.01,34.74,64.62,65.17,0.99,0.85,0.14,1821.84,1823.96,125,162,85.7,0.0,8,1,CROSS=EMA9>EMA21;TREND=1;STRUCT=1;VOL=1;COOL=1;EMA50=1;VWAP=1;BIAS=1,0.00,0.00,27285.24,27285.24,outside the killzone window
1710,2023.10.03 18:45:00,2023.10.03 21:15:00,SKIP,XAUUSD,M3,539,FLAT,NA,EVENING,0,0.00,0.00,0.00,0.00,1.00,0.00,0.00,0.00,0.00,0.00,0.00,0.00,0.00,0.00,0.00,0.00,0.00,0.00,1825.82,1825.82,1825.47,1825.89,1825.86,0.210,1.67,24.73,45.47,45.45,-0.94,-0.67,-0.27,1824.70,1824.14,313,408,0.0,71.4,10,1,CROSS=EMA9>EMA21;TREND=1;STRUCT=1;VOL=1;COOL=1;EMA50=1;VWAP=1;BIAS=1,0.00,0.00,27285.24,27285.24,outside the killzone window
1711,2023.10.03 19:33:00,2023.10.03 22:03:00,SKIP,XAUUSD,M3,539,FLAT,NA,EVENING,0,0.00,0.00,0.00,0.00,1.00,0.00,0.00,0.00,0.00,0.00,0.00,0.00,0.00,0.00,0.00,0.00,0.00,0.00,1825.82,1825.79,1825.50,1825.75,1825.76,0.242,1.21,38.44,58.44,53.98,0.41,0.08,0.33,1824.75,1827.52,252,309,85.7,0.0,3,1,CROSS=EMA9>EMA21;TREND=1;STRUCT=1;VOL=1;COOL=1;EMA50=1;VWAP=1;BIAS=1,0.00,0.00,27285.24,27285.24,outside the killzone window
1712,2023.10.03 19:54:00,2023.10.03 22:24:00,SKIP,XAUUSD,M3,539,FLAT,NA,EVENING,0,0.00,0.00,0.00,0.00,1.00,0.00,0.00,0.00,0.00,0.00,0.00,0.00,0.00,0.00,0.00,0.00,0.00,0.00,1825.70,1825.74,1825.49,1825.80,1825.79,0.227,1.08,37.00,38.49,43.04,-0.20,0.27,-0.47,1824.77,1823.24,170,259,0.0,85.7,11,1,CROSS=EMA9>EMA21;TREND=1;STRUCT=1;VOL=1;COOL=1;EMA50=1;VWAP=1;BIAS=1,0.00,0.00,27285.24,27285.24,outside the killzone window
1713,2023.10.04 11:45:00,2023.10.04 14:15:00,SKIP,XAUUSD,M3,539,FLAT,NA,DAY,0,0.00,0.00,0.00,0.00,1.00,0.00,0.00,0.00,0.00,0.00,0.00,0.00,0.00,0.00,0.00,0.00,0.00,0.00,1821.25,1821.24,1821.82,1821.20,1821.21,-0.713,0.82,29.03,57.02,58.00,0.33,0.48,-0.14,1821.60,1822.52,201,230,71.4,14.3,11,1,CROSS=EMA9>EMA21;TREND=1;STRUCT=1;VOL=1;COOL=1;EMA50=1;VWAP=1;BIAS=1,0.00,0.00,27285.24,27285.24,outside the killzone window
1714,2023.10.04 17:09:00,2023.10.04 19:39:00,SKIP,XAUUSD,M3,539,FLAT,NA,EVENING,0,0.00,0.00,0.00,0.00,1.00,0.00,0.00,0.00,0.00,0.00,0.00,0.00,0.00,0.00,0.00,0.00,0.00,0.00,1823.56,1823.67,1823.26,1823.80,1823.79,0.180,2.24,61.54,31.53,28.06,-1.94,-1.47,-0.47,1822.93,1817.65,561,418,0.0,100.0,15,1,CROSS=EMA9>EMA21;TREND=1;STRUCT=1;VOL=1;COOL=1;EMA50=1;VWAP=1;BIAS=1,0.00,0.00,27285.24,27285.24,outside the killzone window
1715,2023.10.05 01:00:00,2023.10.05 03:30:00,SKIP,XAUUSD,M3,539,FLAT,NA,DAY,0,0.00,0.00,0.00,0.00,1.00,0.00,0.00,0.00,0.00,0.00,0.00,0.00,0.00,0.00,0.00,0.00,0.00,0.00,1820.81,1820.80,1821.28,1820.79,1820.80,-1.521,0.31,41.33,50.55,52.52,-0.03,0.02,-0.06,1822.23,1821.10,41,64,57.1,28.6,31,1,CROSS=EMA9>EMA21;TREND=1;STRUCT=1;VOL=1;COOL=1;EMA50=1;VWAP=0;BIAS=1,0.00,0.00,27285.24,27285.24,already positioned that way
1716,2023.10.05 09:36:00,2023.10.05 12:06:00,SKIP,XAUUSD,M3,539,FLAT,NA,DAY,0,0.00,0.00,0.00,0.00,1.00,0.00,0.00,0.00,0.00,0.00,0.00,0.00,0.00,0.00,0.00,0.00,0.00,0.00,1826.20,1826.23,1825.28,1826.29,1826.27,1.381,0.69,50.81,33.85,32.23,-0.97,-0.93,-0.05,1825.72,1824.08,117,132,0.0,85.7,2,1,CROSS=EMA9>EMA21;TREND=1;STRUCT=1;VOL=1;COOL=1;EMA50=1;VWAP=0;BIAS=1,0.00,0.00,27285.24,27285.24,outside the killzone window
1717,2023.10.05 21:39:00,2023.10.06 00:09:00,SKIP,XAUUSD,M3,539,FLAT,NA,DAY,0,0.00,0.00,0.00,0.00,1.00,0.00,0.00,0.00,0.00,0.00,0.00,0.00,0.00,0.00,0.00,0.00,0.00,0.00,1818.52,1818.50,1819.43,1818.46,1818.47,-1.286,0.73,18.51,59.27,60.22,0.53,0.54,-0.02,1820.65,1820.00,123,142,42.9,28.6,2,1,CROSS=EMA9>EMA21;TREND=1;STRUCT=1;VOL=1;COOL=1;EMA50=1;VWAP=0;BIAS=1,0.00,0.00,27285.24,27285.24,outside the killzone window
1718,2023.10.06 08:57:00,2023.10.06 11:27:00,SKIP,XAUUSD,M3,539,FLAT,NA,DAY,0,0.00,0.00,0.00,0.00,1.00,0.00,0.00,0.00,0.00,0.00,0.00,0.00,0.00,0.00,0.00,0.00,0.00,0.00,1822.56,1822.57,1822.01,1822.62,1822.60,1.379,0.41,65.73,24.42,23.55,-0.61,-0.60,-0.01,1822.34,1820.99,60,68,0.0,85.7,2,1,CROSS=EMA9>EMA21;TREND=1;STRUCT=1;VOL=1;COOL=1;EMA50=1;VWAP=0;BIAS=1,0.00,0.00,27285.24,27285.24,outside the killzone window
1719,2023.10.06 13:15:00,2023.10.06 15:45:00,SKIP,XAUUSD,M3,539,FLAT,NA,DAY,0,0.00,0.00,0.00,0.00,1.00,0.00,0.00,0.00,0.00,0.00,0.00,0.00,0.00,0.00,0.00,0.00,0.00,0.00,1821.28,1821.23,1821.29,1821.14,1821.15,-0.101,0.65,37.16,78.80,71.96,0.54,0.07,0.47,1821.39,1824.76,180,128,100.0,0.0,11,1,CROSS=EMA9>EMA21;TREND=1;STRUCT=1;VOL=1;COOL=1;EMA50=1;VWAP=1;BIAS=1,0.00,0.00,27285.24,27285.24,already positioned that way
1720,2023.10.06 15:24:00,2023.10.06 17:54:00,ENTRY,XAUUSD,M3,541,SELL,FULLTGT,EVENING,0,1820.05,1821.49,1821.49,1.44,1.00,1.44,1818.61,1817.18,1815.74,1814.31,1812.87,0.95,0.95,0.95,1820.05,0.00,0.00,0.00,1821.63,1821.64,1821.56,1821.70,1821.67,0.106,0.72,13.30,35.93,44.85,-0.44,-0.33,-0.11,1821.55,1820.06,293,194,0.0,85.7,5,1,CROSS=EMA9<EMA21;TREND=1;STRUCT=1;VOL=1;COOL=1;EMA50=1;VWAP=1;BIAS=1,0.00,0.00,27281.91,27277.16,KZ=NY; KZR=Asia L @ 1815.32 475 bars ago (low taken); EVENING 4PM-12AM IST session: stop x1.00 of usual; no partials; full size to TP5; SL steps BE->TP1->TP2->TP3
1721,2023.10.06 15:30:02,2023.10.06 18:00:02,TP1_REACHED,XAUUSD,M3,541,SELL,FULLTGT,EVENING,0,1820.05,1821.49,1821.49,1.44,1.00,1.44,1818.61,1817.18,1815.74,1814.31,1812.87,0.95,0.00,0.95,1818.61,1.00,1.00,0.00,1821.47,1821.56,1821.52,1821.55,1821.60,0.041,0.80,17.15,31.68,34.12,-0.58,-0.40,-0.18,1821.51,1819.43,301,215,0.0,85.7,12,1,CROSS=EMA9<EMA21;TREND=1;STRUCT=1;VOL=1;COOL=1;EMA50=1;VWAP=1;BIAS=1,0.99,-0.35,27281.91,27426.31,full target: no partial booked
1722,2023.10.06 15:30:12,2023.10.06 18:00:12,TP2_REACHED,XAUUSD,M3,541,SELL,FULLTGT,EVENING,0,1820.05,1821.49,1821.49,1.44,1.00,1.44,1818.61,1817.18,1815.74,1814.31,1812.87,0.95,0.00,0.95,1817.18,2.00,2.00,0.00,1821.47,1821.56,1821.52,1821.55,1821.60,0.041,0.80,17.15,31.68,34.12,-0.58,-0.40,-0.18,1821.51,1819.43,301,215,0.0,85.7,12,1,CROSS=EMA9<EMA21;TREND=1;STRUCT=1;VOL=1;COOL=1;EMA50=1;VWAP=1;BIAS=1,1.94,-0.35,27281.91,27556.46,full target: no partial booked
1723,2023.10.06 15:30:16,2023.10.06 18:00:16,TP3_REACHED,XAUUSD,M3,541,SELL,FULLTGT,EVENING,0,1820.05,1821.49,1821.49,1.44,1.00,1.44,1818.61,1817.18,1815.74,1814.31,1812.87,0.95,0.00,0.95,1815.74,3.00,3.00,0.00,1821.47,1821.56,1821.52,1821.55,1821.60,0.041,0.80,17.15,31.68,34.12,-0.58,-0.40,-0.18,1821.51,1819.43,301,215,0.0,85.7,12,1,CROSS=EMA9<EMA21;TREND=1;STRUCT=1;VOL=1;COOL=1;EMA50=1;VWAP=1;BIAS=1,2.97,-0.35,27281.91,27698.01,full target: no partial booked
1724,2023.10.06 15:30:26,2023.10.06 18:00:26,TP4_REACHED,XAUUSD,M3,541,SELL,FULLTGT,EVENING,0,1820.05,1821.49,1821.49,1.44,1.00,1.44,1818.61,1817.18,1815.74,1814.31,1812.87,0.95,0.00,0.95,1814.31,4.00,4.00,0.00,1821.47,1821.56,1821.52,1821.55,1821.60,0.041,0.80,17.15,31.68,34.12,-0.58,-0.40,-0.18,1821.51,1819.43,301,215,0.0,85.7,12,1,CROSS=EMA9<EMA21;TREND=1;STRUCT=1;VOL=1;COOL=1;EMA50=1;VWAP=1;BIAS=1,4.00,-0.35,27281.91,27837.66,full target: no partial booked
1725,2023.10.06 15:30:35,2023.10.06 18:00:35,TP5_EXIT,XAUUSD,M3,541,SELL,FULLTGT,EVENING,0,1820.05,1821.49,1821.49,1.44,1.00,1.44,1818.61,1817.18,1815.74,1814.31,1812.87,0.95,0.95,0.00,1812.83,5.00,5.00,0.00,1821.47,1821.56,1821.52,1821.55,1821.60,0.041,0.80,17.15,31.68,34.12,-0.58,-0.40,-0.18,1821.51,1819.43,301,215,0.0,85.7,12,1,CROSS=EMA9<EMA21;TREND=1;STRUCT=1;VOL=1;COOL=1;EMA50=1;VWAP=1;BIAS=1,4.95,-0.35,27964.48,27964.48,full target reached; closed in full
1726,2023.10.06 15:30:36,2023.10.06 18:00:36,EXIT_TP,XAUUSD,M3,541,SELL,FULLTGT,EVENING,0,1820.05,1821.49,1821.49,1.44,1.00,1.44,1818.61,1817.18,1815.74,1814.31,1812.87,0.95,0.95,0.00,1812.83,0.00,5.03,679.24,1821.47,1821.56,1821.52,1821.55,1821.60,0.041,0.80,17.15,31.68,34.12,-0.58,-0.40,-0.18,1821.51,1819.43,301,215,0.0,85.7,12,1,CROSS=EMA9<EMA21;TREND=1;STRUCT=1;VOL=1;COOL=1;EMA50=1;VWAP=1;BIAS=1,4.95,-0.35,27964.48,27964.48,TP5 exit
1727,2023.10.06 17:21:00,2023.10.06 19:51:00,SKIP,XAUUSD,M3,541,FLAT,NA,EVENING,0,0.00,0.00,0.00,0.00,1.00,0.00,0.00,0.00,0.00,0.00,0.00,0.00,0.00,0.00,0.00,0.00,0.00,0.00,1820.70,1820.62,1820.86,1820.52,1820.53,-0.108,2.23,38.84,64.35,62.56,1.55,1.02,0.53,1820.43,1825.25,412,494,85.7,0.0,6,1,CROSS=EMA9<EMA21;TREND=1;STRUCT=1;VOL=1;COOL=1;EMA50=1;VWAP=1;BIAS=1,0.00,0.00,27964.48,27964.48,outside the killzone window
1728,2023.10.09 01:00:00,2023.10.09 03:30:00,DAY_SUMMARY,XAUUSD,M3,541,FLAT,NA,DAY,0,0.00,0.00,0.00,0.00,1.00,0.00,0.00,0.00,0.00,0.00,0.00,0.00,0.00,0.00,0.00,0.00,5.03,679.24,1830.93,1830.28,1828.27,1830.89,1830.25,4.568,0.44,38.47,62.61,58.24,0.40,0.15,0.25,1824.12,1831.84,35,71,85.7,0.0,5,1,CROSS=EMA9<EMA21;TREND=1;STRUCT=1;VOL=1;COOL=1;EMA50=1;VWAP=1;BIAS=1,0.00,0.00,27964.48,27964.48,2023.10.06 trades=1 W=1 L=0 gross_profit=679.24 gross_loss=0.00 net=679.24 PF=0.00
1729,2023.10.09 01:00:00,2023.10.09 03:30:00,WEEK_SUMMARY,XAUUSD,M3,541,FLAT,NA,DAY,0,0.00,0.00,0.00,0.00,1.00,0.00,0.00,0.00,0.00,0.00,0.00,0.00,0.00,0.00,0.00,0.00,5.03,679.24,1830.93,1830.28,1828.27,1830.89,1830.25,4.568,0.44,38.47,62.61,58.24,0.40,0.15,0.25,1824.12,1831.84,35,71,85.7,0.0,5,1,CROSS=EMA9<EMA21;TREND=1;STRUCT=1;VOL=1;COOL=1;EMA50=1;VWAP=1;BIAS=1,0.00,0.00,27964.48,27964.48,days=1 trades=1 W=1 L=0 gross_profit=679.24 gross_loss=0.00 net=679.24 PF=0.00 pips=722.0
1730,2023.10.09 14:24:00,2023.10.09 16:54:00,SKIP,XAUUSD,M3,541,FLAT,NA,EVENING,0,0.00,0.00,0.00,0.00,1.00,0.00,0.00,0.00,0.00,0.00,0.00,0.00,0.00,0.00,0.00,0.00,0.00,0.00,1850.42,1850.42,1848.94,1850.44,1850.43,2.827,0.52,31.32,45.72,38.92,-0.32,-0.26,-0.06,1850.04,1849.88,112,115,0.0,85.7,2,1,CROSS=EMA9<EMA21;TREND=1;STRUCT=1;VOL=1;COOL=1;EMA50=1;VWAP=1;BIAS=1,0.00,0.00,27964.48,27964.48,already positioned that way
1731,2023.10.09 18:06:00,2023.10.09 20:36:00,SKIP,XAUUSD,M3,541,FLAT,NA,EVENING,0,0.00,0.00,0.00,0.00,1.00,0.00,0.00,0.00,0.00,0.00,0.00,0.00,0.00,0.00,0.00,0.00,0.00,0.00,1848.96,1848.92,1848.63,1848.84,1848.86,0.241,1.21,49.02,61.21,59.72,1.09,1.16,-0.07,1849.31,1851.82,212,262,71.4,14.3,4,1,CROSS=EMA9<EMA21;TREND=1;STRUCT=1;VOL=1;COOL=1;EMA50=1;VWAP=1;BIAS=1,0.00,0.00,27964.48,27964.48,outside the killzone window
1732,2023.10.10 08:00:00,2023.10.10 10:30:00,SKIP,XAUUSD,M3,541,FLAT,NA,DAY,0,0.00,0.00,0.00,0.00,1.00,0.00,0.00,0.00,0.00,0.00,0.00,0.00,0.00,0.00,0.00,0.00,0.00,0.00,1862.35,1862.35,1860.70,1862.41,1862.39,4.332,0.38,39.36,30.47,36.10,-0.44,-0.39,-0.05,1863.15,1860.84,73,73,0.0,85.7,4,1,CROSS=EMA9<EMA21;TREND=1;STRUCT=1;VOL=1;COOL=1;EMA50=1;VWAP=1;BIAS=1,0.00,0.00,27964.48,27964.48,outside the killzone window
1733,2023.10.10 18:33:00,2023.10.10 21:03:00,SKIP,XAUUSD,M3,541,FLAT,NA,EVENING,0,0.00,0.00,0.00,0.00,1.00,0.00,0.00,0.00,0.00,0.00,0.00,0.00,0.00,0.00,0.00,0.00,0.00,0.00,1856.70,1856.69,1857.28,1856.58,1856.62,-0.483,1.23,24.11,63.87,57.24,0.58,0.35,0.23,1858.45,1859.86,225,285,71.4,0.0,4,1,CROSS=EMA9<EMA21;TREND=1;STRUCT=1;VOL=1;COOL=1;EMA50=1;VWAP=1;BIAS=1,0.00,0.00,27964.48,27964.48,outside the killzone window
1734,2023.10.11 07:27:00,2023.10.11 09:57:00,SKIP,XAUUSD,M3,541,FLAT,NA,DAY,0,0.00,0.00,0.00,0.00,1.00,0.00,0.00,0.00,0.00,0.00,0.00,0.00,0.00,0.00,0.00,0.00,0.00,0.00,1860.60,1860.61,1860.26,1860.62,1860.62,1.288,0.27,20.62,40.73,46.48,-0.13,-0.19,0.06,1860.85,1860.06,33,54,14.3,57.1,4,1,CROSS=EMA9<EMA21;TREND=1;STRUCT=1;VOL=1;COOL=1;EMA50=1;VWAP=1;BIAS=1,0.00,0.00,27964.48,27964.48,outside the killzone window
1735,2023.10.11 09:48:00,2023.10.11 12:18:00,SKIP,XAUUSD,M3,541,FLAT,NA,DAY,0,0.00,0.00,0.00,0.00,1.00,0.00,0.00,0.00,0.00,0.00,0.00,0.00,0.00,0.00,0.00,0.00,0.00,0.00,1860.36,1860.34,1860.21,1860.26,1860.29,0.203,0.68,37.10,74.19,73.11,0.65,0.28,0.37,1860.68,1862.92,202,142,85.7,14.3,4,1,CROSS=EMA9<EMA21;TREND=1;STRUCT=1;VOL=1;COOL=1;EMA50=1;VWAP=1;BIAS=1,0.00,0.00,27964.48,27964.48,outside the killzone window
1736,2023.10.12 16:12:00,2023.10.12 18:42:00,SKIP,XAUUSD,M3,541,FLAT,NA,EVENING,0,0.00,0.00,0.00,0.00,1.00,0.00,0.00,0.00,0.00,0.00,0.00,0.00,0.00,0.00,0.00,0.00,0.00,0.00,1881.11,1881.12,1880.09,1881.21,1881.16,0.516,1.99,22.22,40.72,37.60,-0.96,-1.05,0.09,1879.60,1878.84,426,444,14.3,57.1,8,1,CROSS=EMA9<EMA21;TREND=1;STRUCT=1;VOL=1;COOL=1;EMA50=1;VWAP=1;BIAS=1,0.00,0.00,27964.48,27964.48,already positioned that way
1737,2023.10.13 03:15:00,2023.10.13 05:45:00,ENTRY,XAUUSD,M3,543,BUY,FULLTGT,DAY,0,1871.29,1870.59,1870.59,0.70,1.00,0.70,1871.99,1872.68,1873.38,1874.07,1874.77,2.00,2.00,2.00,1871.29,0.00,0.00,0.00,1870.41,1870.40,1871.68,1870.38,1870.38,-3.671,0.35,18.32,59.64,60.43,0.22,0.24,-0.02,1870.45,1871.21,93,52,71.4,14.3,8,1,CROSS=EMA9>EMA21;TREND=1;STRUCT=1;VOL=1;COOL=1;EMA50=1;VWAP=1;BIAS=1,0.00,0.00,27957.48,27941.48,KZ=ASIA; KZR=Asia H @ 1878.73 388 bars ago (high taken); DAY 12AM-4PM IST session: stop x1.00 of usual; no partials; full size to TP5; SL steps BE->TP1->TP2->TP3
1738,2023.10.13 03:20:35,2023.10.13 05:50:35,TP1_REACHED,XAUUSD,M3,543,BUY,FULLTGT,DAY,0,1871.29,1870.59,1870.59,0.70,1.00,0.70,1871.99,1872.68,1873.38,1874.07,1874.77,2.00,0.00,2.00,1871.99,1.00,1.00,0.00,1870.46,1870.42,1871.68,1870.41,1870.40,-3.581,0.35,19.24,64.22,65.92,0.25,0.23,0.01,1870.51,1871.52,129,57,85.7,0.0,12,1,CROSS=EMA9>EMA21;TREND=1;STRUCT=1;VOL=1;COOL=1;EMA50=1;VWAP=1;BIAS=1,0.99,-0.13,27957.48,28099.48,full target: no partial booked
1739,2023.10.13 03:36:36,2023.10.13 06:06:36,EXIT_SL,XAUUSD,M3,543,BUY,FULLTGT,DAY,0,1871.29,1870.59,1870.59,0.70,1.00,0.70,1871.99,1872.68,1873.38,1874.07,1874.77,2.00,2.00,0.00,1870.55,0.00,-1.06,-162.00,1870.63,1870.52,1871.65,1870.62,1870.51,-2.279,0.50,15.43,49.09,53.36,0.18,0.24,-0.06,1870.67,1870.91,84,79,42.9,42.9,11,1,CROSS=EMA9>EMA21;TREND=1;STRUCT=1;VOL=1;COOL=1;EMA50=1;VWAP=1;BIAS=1,1.25,-0.99,27802.48,27802.48,stopped at the initial SL (x1.00 of usual)
1740,2023.10.16 01:00:00,2023.10.16 03:30:00,DAY_SUMMARY,XAUUSD,M3,543,FLAT,NA,DAY,0,0.00,0.00,0.00,0.00,1.00,0.00,0.00,0.00,0.00,0.00,0.00,0.00,0.00,0.00,0.00,0.00,-1.06,-162.00,1928.60,1925.92,1917.78,1928.44,1925.79,13.440,0.61,29.17,78.57,76.26,0.54,0.20,0.34,1901.81,1932.41,174,90,100.0,0.0,8,1,CROSS=EMA9>EMA21;TREND=1;STRUCT=1;VOL=1;COOL=1;EMA50=1;VWAP=1;BIAS=1,0.00,0.00,27802.48,27802.48,2023.10.13 trades=1 W=0 L=1 gross_profit=0.00 gross_loss=162.00 net=-162.00 PF=0.00
1741,2023.10.16 01:00:00,2023.10.16 03:30:00,WEEK_SUMMARY,XAUUSD,M3,543,FLAT,NA,DAY,0,0.00,0.00,0.00,0.00,1.00,0.00,0.00,0.00,0.00,0.00,0.00,0.00,0.00,0.00,0.00,0.00,-1.06,-162.00,1928.60,1925.92,1917.78,1928.44,1925.79,13.440,0.61,29.17,78.57,76.26,0.54,0.20,0.34,1901.81,1932.41,174,90,100.0,0.0,8,1,CROSS=EMA9>EMA21;TREND=1;STRUCT=1;VOL=1;COOL=1;EMA50=1;VWAP=1;BIAS=1,0.00,0.00,27802.48,27802.48,days=1 trades=1 W=0 L=1 gross_profit=0.00 gross_loss=162.00 net=-162.00 PF=0.00 pips=-74.0
1742,2023.10.16 03:42:00,2023.10.16 06:12:00,ENTRY,XAUUSD,M3,545,SELL,FULLTGT,DAY,0,1922.83,1924.32,1924.32,1.49,1.00,1.49,1921.34,1919.84,1918.35,1916.86,1915.37,0.93,0.93,0.93,1922.83,0.00,0.00,0.00,1924.95,1924.99,1920.59,1925.04,1925.03,5.890,0.75,25.83,34.02,40.84,-0.37,-0.11,-0.26,1924.59,1922.83,112,150,0.0,85.7,12,1,CROSS=EMA9<EMA21;TREND=1;STRUCT=1;VOL=1;COOL=1;EMA50=1;VWAP=1;BIAS=1,0.00,0.00,27799.22,27788.06,KZ=ASIA; KZR=NY H @ 1919.15 1154 bars ago (high taken); DAY 12AM-4PM IST session: stop x1.00 of usual; no partials; full size to TP5; SL steps BE->TP1->TP2->TP3
1743,2023.10.16 04:43:35,2023.10.16 07:13:35,TP1_REACHED,XAUUSD,M3,545,SELL,FULLTGT,DAY,0,1922.83,1924.32,1924.32,1.49,1.00,1.49,1921.34,1919.84,1918.35,1916.86,1915.37,0.93,0.00,0.93,1921.34,1.00,1.00,0.00,1923.50,1924.10,1920.90,1923.58,1924.15,4.538,0.71,37.19,36.10,43.54,-0.40,-0.40,0.00,1923.91,1921.62,130,159,14.3,71.4,12,1,CROSS=EMA9<EMA21;TREND=1;STRUCT=1;VOL=1;COOL=1;EMA50=1;VWAP=1;BIAS=1,1.07,-0.52,27799.22,27939.65,full target: no partial booked
1744,2023.10.16 05:48:40,2023.10.16 08:18:40,TP2_REACHED,XAUUSD,M3,545,SELL,FULLTGT,DAY,0,1922.83,1924.32,1924.32,1.49,1.00,1.49,1921.34,1919.84,1918.35,1916.86,1915.37,0.93,0.00,0.93,1919.84,2.00,2.00,0.00,1921.94,1922.94,1920.89,1922.01,1923.00,4.116,0.50,32.71,38.56,39.46,-0.31,-0.41,0.10,1923.33,1920.30,139,109,14.3,85.7,8,1,CROSS=EMA9<EMA21;TREND=1;STRUCT=1;VOL=1;COOL=1;EMA50=1;VWAP=1;BIAS=1,1.98,-0.52,27799.22,28078.22,full target: no partial booked
1745,2023.10.16 06:21:03,2023.10.16 08:51:03,TP3_REACHED,XAUUSD,M3,545,SELL,FULLTGT,DAY,0,1922.83,1924.32,1924.32,1.49,1.00,1.49,1921.34,1919.84,1918.35,1916.86,1915.37,0.93,0.00,0.93,1918.35,3.00,3.00,0.00,1921.01,1922.23,1920.73,1921.11,1922.31,2.194,0.68,40.76,32.70,36.59,-0.66,-0.53,-0.12,1922.97,1918.44,85,114,0.0,85.7,8,1,CROSS=EMA9<EMA21;TREND=1;STRUCT=1;VOL=1;COOL=1;EMA50=1;VWAP=1;BIAS=1,2.98,-0.52,27799.22,28216.79,full target: no partial booked
1746,2023.10.16 08:52:27,2023.10.16 11:22:27,TP4_REACHED,XAUUSD,M3,545,SELL,FULLTGT,DAY,0,1922.83,1924.32,1924.32,1.49,1.00,1.49,1921.34,1919.84,1918.35,1916.86,1915.37,0.93,0.00,0.93,1916.86,4.00,4.00,0.00,1919.71,1920.55,1920.28,1919.81,1920.61,0.528,0.51,17.06,26.63,34.94,-0.36,-0.14,-0.22,1922.16,1917.28,151,88,0.0,85.7,12,1,CROSS=EMA9<EMA21;TREND=1;STRUCT=1;VOL=1;COOL=1;EMA50=1;VWAP=1;BIAS=1,3.99,-0.52,27799.22,28357.22,full target: no partial booked
1747,2023.10.16 08:53:37,2023.10.16 11:23:37,TP5_EXIT,XAUUSD,M3,545,SELL,FULLTGT,DAY,0,1922.83,1924.32,1924.32,1.49,1.00,1.49,1921.34,1919.84,1918.35,1916.86,1915.37,0.93,0.93,0.00,1915.35,5.00,5.00,0.00,1919.71,1920.55,1920.28,1919.81,1920.61,0.528,0.51,17.06,26.63,34.94,-0.36,-0.14,-0.22,1922.16,1917.28,151,88,0.0,85.7,12,1,CROSS=EMA9<EMA21;TREND=1;STRUCT=1;VOL=1;COOL=1;EMA50=1;VWAP=1;BIAS=1,4.98,-0.52,28491.60,28491.60,full target reached; closed in full
1748,2023.10.16 08:53:37,2023.10.16 11:23:37,EXIT_TP,XAUUSD,M3,545,SELL,FULLTGT,DAY,0,1922.83,1924.32,1924.32,1.49,1.00,1.49,1921.34,1919.84,1918.35,1916.86,1915.37,0.93,0.93,0.00,1915.35,0.00,5.01,689.12,1919.71,1920.55,1920.28,1919.81,1920.61,0.528,0.51,17.06,26.63,34.94,-0.36,-0.14,-0.22,1922.16,1917.28,151,88,0.0,85.7,12,1,CROSS=EMA9<EMA21;TREND=1;STRUCT=1;VOL=1;COOL=1;EMA50=1;VWAP=1;BIAS=1,4.98,-0.52,28491.60,28491.60,TP5 exit
1749,2023.10.16 13:51:00,2023.10.16 16:21:00,SKIP,XAUUSD,M3,545,FLAT,NA,EVENING,0,0.00,0.00,0.00,0.00,1.00,0.00,0.00,0.00,0.00,0.00,0.00,0.00,0.00,0.00,0.00,0.00,0.00,0.00,1915.00,1914.97,1916.09,1914.93,1914.93,-1.437,0.78,23.44,57.91,57.45,0.55,0.73,-0.18,1917.30,1916.61,153,164,42.9,28.6,11,1,CROSS=EMA9>EMA21;TREND=1;STRUCT=1;VOL=1;COOL=1;EMA50=1;VWAP=0;BIAS=1,0.00,0.00,28491.60,28491.60,quality filter
1750,2023.10.17 01:00:00,2023.10.17 03:30:00,DAY_SUMMARY,XAUUSD,M3,545,FLAT,NA,DAY,0,0.00,0.00,0.00,0.00,1.00,0.00,0.00,0.00,0.00,0.00,0.00,0.00,0.00,0.00,0.00,0.00,5.01,689.12,1919.65,1919.59,1919.11,1919.63,1919.58,2.214,0.22,43.30,59.09,56.52,0.13,0.11,0.02,1918.17,1920.06,13,43,85.7,0.0,17,1,CROSS=EMA9>EMA21;TREND=1;STRUCT=1;VOL=1;COOL=1;EMA50=1;VWAP=0;BIAS=1,0.00,0.00,28491.60,28491.60,2023.10.16 trades=1 W=1 L=0 gross_profit=689.12 gross_loss=0.00 net=689.12 PF=0.00
1751,2023.10.17 03:27:00,2023.10.17 05:57:00,SKIP,XAUUSD,M3,545,FLAT,NA,DAY,0,0.00,0.00,0.00,0.00,1.00,0.00,0.00,0.00,0.00,0.00,0.00,0.00,0.00,0.00,0.00,0.00,0.00,0.00,1919.67,1919.69,1919.36,1919.72,1919.71,0.579,0.56,39.62,39.08,36.11,-0.43,-0.21,-0.21,1919.73,1918.59,91,72,14.3,85.7,5,1,CROSS=EMA9<EMA21;TREND=1;STRUCT=1;VOL=1;COOL=1;EMA50=1;VWAP=1;BIAS=1,0.00,0.00,28491.60,28491.60,already positioned that way
1752,2023.10.17 09:33:00,2023.10.17 12:03:00,SKIP,XAUUSD,M3,545,FLAT,NA,DAY,0,0.00,0.00,0.00,0.00,1.00,0.00,0.00,0.00,0.00,0.00,0.00,0.00,0.00,0.00,0.00,0.00,0.00,0.00,1916.17,1916.17,1916.76,1916.14,1916.15,-0.690,0.86,27.55,53.65,60.12,0.37,0.44,-0.07,1916.34,1916.92,154,142,71.4,28.6,5,1,CROSS=EMA9<EMA21;TREND=1;STRUCT=1;VOL=1;COOL=1;EMA50=1;VWAP=1;BIAS=1,0.00,0.00,28491.60,28491.60,outside the killzone window
1753,2023.10.17 20:33:00,2023.10.17 23:03:00,SKIP,XAUUSD,M3,545,FLAT,NA,EVENING,0,0.00,0.00,0.00,0.00,1.00,0.00,0.00,0.00,0.00,0.00,0.00,0.00,0.00,0.00,0.00,0.00,0.00,0.00,1924.58,1924.59,1923.51,1924.65,1924.63,1.417,0.77,22.46,38.89,40.16,-0.40,-0.21,-0.19,1922.14,1922.92,190,210,14.3,57.1,5,1,CROSS=EMA9<EMA21;TREND=1;STRUCT=1;VOL=1;COOL=1;EMA50=1;VWAP=1;BIAS=1,0.00,0.00,28491.60,28491.60,outside the killzone window
1754,2023.10.18 01:27:00,2023.10.18 03:57:00,ENTRY,XAUUSD,M3,547,BUY,FULLTGT,DAY,0,1924.73,1924.05,1924.05,0.68,1.00,0.68,1925.41,1926.09,1926.77,1927.44,1928.12,2.09,2.09,2.09,1924.73,0.00,0.00,0.00,1923.19,1923.17,1923.01,1923.13,1923.14,0.486,0.34,47.37,72.19,68.31,0.43,0.25,0.18,1923.95,1924.68,30,47,85.7,0.0,5,1,CROSS=EMA9>EMA21;TREND=1;STRUCT=1;VOL=1;COOL=1;EMA50=1;VWAP=1;BIAS=1,0.00,0.00,28484.28,28473.83,KZ=ASIA; KZR=Asia H @ 1926.34 243 bars ago (high taken); DAY 12AM-4PM IST session: stop x1.00 of usual; no partials; full size to TP5; SL steps BE->TP1->TP2->TP3
1755,2023.10.18 01:55:44,2023.10.18 04:25:44,TP1_REACHED,XAUUSD,M3,547,BUY,FULLTGT,DAY,0,1924.73,1924.05,1924.05,0.68,1.00,0.68,1925.41,1926.09,1926.77,1927.44,1928.12,2.09,0.00,2.09,1925.41,1.00,1.00,0.00,1923.76,1923.49,1923.19,1923.70,1923.45,1.060,0.28,62.26,71.37,71.04,0.56,0.54,0.01,1924.45,1925.14,20,41,85.7,0.0,6,1,CROSS=EMA9>EMA21;TREND=1;STRUCT=1;VOL=1;COOL=1;EMA50=1;VWAP=1;BIAS=1,0.94,-0.18,28484.28,28630.58,full target: no partial booked
1756,2023.10.18 03:04:02,2023.10.18 05:34:02,EXIT_SL,XAUUSD,M3,547,BUY,FULLTGT,DAY,0,1924.73,1924.05,1924.05,0.68,1.00,0.68,1925.41,1926.09,1926.77,1927.44,1928.12,2.09,2.09,0.00,1923.99,0.00,-1.09,-169.30,1924.34,1923.94,1923.50,1924.33,1923.93,1.255,0.35,26.20,48.84,54.32,0.09,0.16,-0.07,1924.66,1924.59,100,49,42.9,57.1,9,1,CROSS=EMA9>EMA21;TREND=1;STRUCT=1;VOL=1;COOL=1;EMA50=1;VWAP=1;BIAS=1,1.18,-0.99,28322.30,28322.30,stopped at the initial SL (x1.00 of usual)
1757,2023.10.18 19:00:00,2023.10.18 21:30:00,SKIP,XAUUSD,M3,547,FLAT,NA,EVENING,0,0.00,0.00,0.00,0.00,1.00,0.00,0.00,0.00,0.00,0.00,0.00,0.00,0.00,0.00,0.00,0.00,0.00,0.00,1947.31,1947.33,1944.62,1947.40,1947.37,2.099,1.29,27.79,47.46,43.87,-1.14,-1.76,0.62,1942.97,1945.23,295,337,28.6,57.1,5,1,CROSS=EMA9>EMA21;TREND=1;STRUCT=1;VOL=1;COOL=1;EMA50=1;VWAP=1;BIAS=1,0.00,0.00,28322.30,28322.30,outside the killzone window
1758,2023.10.18 19:39:00,2023.10.18 22:09:00,SKIP,XAUUSD,M3,547,FLAT,NA,EVENING,0,0.00,0.00,0.00,0.00,1.00,0.00,0.00,0.00,0.00,0.00,0.00,0.00,0.00,0.00,0.00,0.00,0.00,0.00,1947.33,1947.31,1944.94,1947.26,1947.27,2.390,0.99,66.60,61.90,58.09,0.71,0.13,0.58,1943.14,1949.02,259,263,85.7,0.0,11,1,CROSS=EMA9>EMA21;TREND=1;STRUCT=1;VOL=1;COOL=1;EMA50=1;VWAP=1;BIAS=1,0.00,0.00,28322.30,28322.30,outside the killzone window
1759,2023.10.18 23:57:00,2023.10.19 02:27:00,SKIP,XAUUSD,M3,547,FLAT,NA,DAY,0,0.00,0.00,0.00,0.00,1.00,0.00,0.00,0.00,0.00,0.00,0.00,0.00,0.00,0.00,0.00,0.00,0.00,0.00,1949.83,1949.87,1948.28,1949.93,1949.92,3.388,0.47,32.29,25.24,32.06,-0.59,-0.43,-0.16,1944.51,1947.59,92,94,14.3,71.4,5,1,CROSS=EMA9>EMA21;TREND=1;STRUCT=1;VOL=1;COOL=1;EMA50=1;VWAP=1;BIAS=1,0.00,0.00,28322.30,28322.30,outside the killzone window
1760,2023.10.19 01:00:00,2023.10.19 03:30:00,DAY_SUMMARY,XAUUSD,M3,547,FLAT,NA,DAY,0,0.00,0.00,0.00,0.00,1.00,0.00,0.00,0.00,0.00,0.00,0.00,0.00,0.00,0.00,0.00,0.00,-1.09,-169.30,1949.75,1949.83,1948.27,1949.83,1949.87,3.196,0.49,36.23,25.86,30.70,-0.64,-0.46,-0.17,1944.51,1947.62,56,89,14.3,71.4,8,1,CROSS=EMA9>EMA21;TREND=1;STRUCT=1;VOL=1;COOL=1;EMA50=1;VWAP=1;BIAS=1,0.00,0.00,28322.30,28322.30,2023.10.18 trades=1 W=0 L=1 gross_profit=0.00 gross_loss=169.30 net=-169.30 PF=0.00
1761,2023.10.19 01:36:00,2023.10.19 04:06:00,SKIP,XAUUSD,M3,547,FLAT,NA,DAY,0,0.00,0.00,0.00,0.00,1.00,0.00,0.00,0.00,0.00,0.00,0.00,0.00,0.00,0.00,0.00,0.00,0.00,0.00,1949.89,1949.88,1948.47,1949.86,1949.86,2.211,0.64,26.22,59.23,55.71,0.32,0.08,0.23,1949.54,1950.54,32,77,85.7,0.0,5,1,CROSS=EMA9>EMA21;TREND=1;STRUCT=1;VOL=1;COOL=1;EMA50=1;VWAP=1;BIAS=1,0.00,0.00,28322.30,28322.30,already positioned that way
1762,2023.10.19 04:45:00,2023.10.19 07:15:00,ENTRY,XAUUSD,M3,549,SELL,FULLTGT,DAY,0,1947.86,1949.97,1949.97,2.11,1.00,2.11,1945.75,1943.65,1941.54,1939.44,1937.33,0.67,0.67,0.67,1947.86,0.00,0.00,0.00,1950.28,1950.30,1949.43,1950.38,1950.35,0.826,1.05,30.17,37.53,36.32,-0.69,-0.23,-0.46,1950.30,1947.85,213,164,14.3,85.7,9,1,CROSS=EMA9<EMA21;TREND=1;STRUCT=1;VOL=1;COOL=1;EMA50=1;VWAP=1;BIAS=1,0.00,0.00,28319.95,28313.92,KZ=ASIA; KZR=Asia H @ 1942.74 324 bars ago (high taken); DAY 12AM-4PM IST session: stop x1.00 of usual; no partials; full size to TP5; SL steps BE->TP1->TP2->TP3
1763,2023.10.19 05:18:24,2023.10.19 07:48:24,EXIT_SL,XAUUSD,M3,549,SELL,FULLTGT,DAY,0,1947.86,1949.97,1949.97,2.11,1.00,2.11,1945.75,1943.65,1941.54,1939.44,1937.33,0.67,0.67,0.00,1949.97,0.00,-1.00,-146.07,1949.63,1949.94,1949.33,1949.63,1949.94,0.618,0.98,19.65,54.54,40.91,-0.43,-0.65,0.21,1949.93,1949.76,137,164,28.6,42.9,10,1,CROSS=EMA9<EMA21;TREND=1;STRUCT=1;VOL=1;COOL=1;EMA50=1;VWAP=1;BIAS=1,0.04,-0.99,28176.23,28176.23,stopped at the initial SL (x1.00 of usual)
1764,2023.10.19 10:27:00,2023.10.19 12:57:00,SKIP,XAUUSD,M3,549,FLAT,NA,DAY,0,0.00,0.00,0.00,0.00,1.00,0.00,0.00,0.00,0.00,0.00,0.00,0.00,0.00,0.00,0.00,0.00,0.00,0.00,1948.03,1948.02,1948.27,1947.91,1947.97,-0.250,0.97,50.46,65.94,71.37,0.94,0.57,0.37,1948.66,1950.84,251,208,85.7,14.3,8,1,CROSS=EMA9<EMA21;TREND=1;STRUCT=1;VOL=1;COOL=1;EMA50=1;VWAP=1;BIAS=1,0.00,0.00,28176.23,28176.23,outside the killzone window
1765,2023.10.20 01:00:00,2023.10.20 03:30:00,DAY_SUMMARY,XAUUSD,M3,549,FLAT,NA,DAY,0,0.00,0.00,0.00,0.00,1.00,0.00,0.00,0.00,0.00,0.00,0.00,0.00,0.00,0.00,0.00,0.00,-1.00,-146.07,1973.36,1969.82,1964.13,1973.32,1969.73,13.249,0.43,29.21,51.03,54.42,-0.10,-0.26,0.15,1956.11,1974.28,51,92,85.7,0.0,39,1,CROSS=EMA9<EMA21;TREND=1;STRUCT=1;VOL=1;COOL=1;EMA50=1;VWAP=1;BIAS=1,0.00,0.00,28176.23,28176.23,2023.10.19 trades=1 W=0 L=1 gross_profit=0.00 gross_loss=146.07 net=-146.07 PF=0.00
1766,2023.10.20 15:21:00,2023.10.20 17:51:00,SKIP,XAUUSD,M3,549,FLAT,NA,EVENING,0,0.00,0.00,0.00,0.00,1.00,0.00,0.00,0.00,0.00,0.00,0.00,0.00,0.00,0.00,0.00,0.00,0.00,0.00,1981.24,1981.32,1979.64,1981.41,1981.41,1.205,1.40,34.79,29.83,29.61,-1.39,-1.41,0.02,1978.86,1977.16,343,230,14.3,85.7,9,1,CROSS=EMA9<EMA21;TREND=1;STRUCT=1;VOL=1;COOL=1;EMA50=1;VWAP=1;BIAS=1,0.00,0.00,28176.23,28176.23,already positioned that way
1767,2023.10.20 17:06:00,2023.10.20 19:36:00,SKIP,XAUUSD,M3,549,FLAT,NA,EVENING,0,0.00,0.00,0.00,0.00,1.00,0.00,0.00,0.00,0.00,0.00,0.00,0.00,0.00,0.00,0.00,0.00,0.00,0.00,1980.79,1980.67,1979.66,1980.45,1980.49,0.511,1.97,48.83,80.39,72.33,2.43,1.00,1.43,1979.02,1989.16,474,412,85.7,14.3,7,1,CROSS=EMA9<EMA21;TREND=1;STRUCT=1;VOL=1;COOL=1;EMA50=1;VWAP=1;BIAS=1,0.00,0.00,28176.23,28176.23,outside the killzone window
1768,2023.10.20 20:45:00,2023.10.20 23:15:00,SKIP,XAUUSD,M3,549,FLAT,NA,EVENING,0,0.00,0.00,0.00,0.00,1.00,0.00,0.00,0.00,0.00,0.00,0.00,0.00,0.00,0.00,0.00,0.00,0.00,0.00,1985.97,1986.00,1984.12,1986.05,1986.04,0.679,2.76,25.74,48.04,46.43,-1.55,-2.29,0.74,1981.72,1983.83,277,355,28.6,57.1,11,1,CROSS=EMA9<EMA21;TREND=1;STRUCT=1;VOL=1;COOL=1;EMA50=1;VWAP=1;BIAS=1,0.00,0.00,28176.23,28176.23,outside the killzone window
1769,2023.10.23 01:00:00,2023.10.23 03:30:00,WEEK_SUMMARY,XAUUSD,M3,549,FLAT,NA,DAY,0,0.00,0.00,0.00,0.00,1.00,0.00,0.00,0.00,0.00,0.00,0.00,0.00,0.00,0.00,0.00,0.00,2.92,373.75,1980.70,1981.85,1982.29,1980.70,1981.87,-0.689,0.64,20.53,55.27,52.88,0.14,-0.08,0.22,1981.57,1980.90,79,71,42.9,42.9,21,1,CROSS=EMA9<EMA21;TREND=1;STRUCT=1;VOL=1;COOL=1;EMA50=1;VWAP=1;BIAS=1,0.00,0.00,28176.23,28176.23,days=3 trades=3 W=1 L=2 gross_profit=689.12 gross_loss=315.37 net=373.75 PF=2.19 pips=463.0
1770,2023.10.23 08:03:00,2023.10.23 10:33:00,SKIP,XAUUSD,M3,549,FLAT,NA,DAY,0,0.00,0.00,0.00,0.00,1.00,0.00,0.00,0.00,0.00,0.00,0.00,0.00,0.00,0.00,0.00,0.00,0.00,0.00,1972.94,1972.92,1974.68,1972.89,1972.89,-2.721,0.65,15.36,55.57,55.36,0.25,0.31,-0.06,1971.16,1974.12,88,93,57.1,14.3,11,1,CROSS=EMA9<EMA21;TREND=1;STRUCT=1;VOL=1;COOL=1;EMA50=1;VWAP=1;BIAS=1,0.00,0.00,28176.23,28176.23,outside the killzone window
1771,2023.10.23 16:42:00,2023.10.23 19:12:00,SKIP,XAUUSD,M3,549,FLAT,NA,EVENING,0,0.00,0.00,0.00,0.00,1.00,0.00,0.00,0.00,0.00,0.00,0.00,0.00,0.00,0.00,0.00,0.00,0.00,0.00,1978.11,1978.14,1977.63,1978.26,1978.21,0.300,1.69,30.41,35.77,39.07,-0.93,-0.33,-0.60,1975.69,1974.39,476,350,0.0,100.0,6,1,CROSS=EMA9<EMA21;TREND=1;STRUCT=1;VOL=1;COOL=1;EMA50=1;VWAP=1;BIAS=1,0.00,0.00,28176.23,28176.23,already positioned that way
1772,2023.10.23 22:00:00,2023.10.24 00:30:00,SKIP,XAUUSD,M3,549,FLAT,NA,DAY,0,0.00,0.00,0.00,0.00,1.00,0.00,0.00,0.00,0.00,0.00,0.00,0.00,0.00,0.00,0.00,0.00,0.00,0.00,1976.71,1976.69,1976.81,1976.67,1976.68,-0.179,0.66,22.59,55.88,55.85,0.31,0.28,0.03,1975.79,1977.54,171,151,85.7,0.0,5,1,CROSS=EMA9<EMA21;TREND=1;STRUCT=1;VOL=1;COOL=1;EMA50=1;VWAP=1;BIAS=1,0.00,0.00,28176.23,28176.23,outside the killzone window
1773,2023.10.23 22:12:00,2023.10.24 00:42:00,SKIP,XAUUSD,M3,549,FLAT,NA,DAY,0,0.00,0.00,0.00,0.00,1.00,0.00,0.00,0.00,0.00,0.00,0.00,0.00,0.00,0.00,0.00,0.00,0.00,0.00,1976.68,1976.68,1976.80,1976.71,1976.70,-0.193,0.62,27.15,40.57,46.64,0.03,0.25,-0.21,1975.80,1975.80,101,150,14.3,71.4,7,1,CROSS=EMA9<EMA21;TREND=1;STRUCT=1;VOL=1;COOL=1;EMA50=1;VWAP=1;BIAS=1,0.00,0.00,28176.23,28176.23,outside the killzone window
1774,2023.10.24 04:15:00,2023.10.24 06:45:00,ENTRY,XAUUSD,M3,551,BUY,FULLTGT,DAY,0,1977.94,1976.13,1976.13,1.81,1.00,1.81,1979.75,1981.56,1983.37,1985.19,1987.00,0.77,0.77,0.77,1977.94,0.00,0.00,0.00,1974.20,1974.20,1974.80,1974.05,1974.12,-0.662,0.91,33.86,73.14,69.89,0.76,0.22,0.54,1974.19,1977.86,221,137,100.0,0.0,7,1,CROSS=EMA9>EMA21;TREND=1;STRUCT=1;VOL=1;COOL=1;EMA50=1;VWAP=1;BIAS=1,0.00,0.00,28173.53,28168.14,KZ=ASIA; KZR=Asia H @ 1982.50 1779 bars ago (high taken); DAY 12AM-4PM IST session: stop x1.00 of usual; no partials; full size to TP5; SL steps BE->TP1->TP2->TP3
1775,2023.10.24 04:51:31,2023.10.24 07:21:31,EXIT_SL,XAUUSD,M3,551,BUY,FULLTGT,DAY,0,1977.94,1976.13,1976.13,1.81,1.00,1.81,1979.75,1981.56,1983.37,1985.19,1987.00,0.77,0.77,0.00,1976.13,0.00,-1.00,-144.77,1975.36,1974.85,1975.08,1975.30,1974.81,-0.242,0.93,16.26,56.54,58.33,0.71,0.90,-0.19,1975.22,1976.86,136,186,57.1,14.3,5,1,CROSS=EMA9>EMA21;TREND=1;STRUCT=1;VOL=1;COOL=1;EMA50=1;VWAP=1;BIAS=1,0.43,-0.94,28031.46,28031.46,stopped at the initial SL (x1.00 of usual)
1776,2023.10.24 08:51:00,2023.10.24 11:21:00,SKIP,XAUUSD,M3,551,FLAT,NA,DAY,0,0.00,0.00,0.00,0.00,1.00,0.00,0.00,0.00,0.00,0.00,0.00,0.00,0.00,0.00,0.00,0.00,0.00,0.00,1976.19,1976.19,1975.98,1976.23,1976.21,0.385,0.54,21.97,38.25,38.96,-0.19,-0.15,-0.05,1976.42,1975.01,108,93,0.0,85.7,8,1,CROSS=EMA9>EMA21;TREND=1;STRUCT=1;VOL=1;COOL=1;EMA50=1;VWAP=1;BIAS=1,0.00,0.00,28031.46,28031.46,outside the killzone window
1777,2023.10.24 09:03:00,2023.10.24 11:33:00,SKIP,XAUUSD,M3,551,FLAT,NA,DAY,0,0.00,0.00,0.00,0.00,1.00,0.00,0.00,0.00,0.00,0.00,0.00,0.00,0.00,0.00,0.00,0.00,0.00,0.00,1976.21,1976.20,1975.99,1976.18,1976.19,0.290,0.71,22.69,58.37,52.63,0.01,-0.13,0.14,1976.41,1976.78,219,102,85.7,0.0,11,1,CROSS=EMA9>EMA21;TREND=1;STRUCT=1;VOL=1;COOL=1;EMA50=1;VWAP=1;BIAS=1,0.00,0.00,28031.46,28031.46,outside the killzone window
1778,2023.10.24 11:09:00,2023.10.24 13:39:00,SKIP,XAUUSD,M3,551,FLAT,NA,DAY,0,0.00,0.00,0.00,0.00,1.00,0.00,0.00,0.00,0.00,0.00,0.00,0.00,0.00,0.00,0.00,0.00,0.00,0.00,1976.41,1976.43,1976.23,1976.46,1976.46,0.235,0.87,18.03,40.74,44.14,-0.44,-0.38,-0.06,1976.55,1975.15,198,265,0.0,71.4,5,1,CROSS=EMA9>EMA21;TREND=1;STRUCT=1;VOL=1;COOL=1;EMA50=1;VWAP=1;BIAS=1,0.00,0.00,28031.46,28031.46,outside the killzone window
1779,2023.10.24 19:12:00,2023.10.24 21:42:00,SKIP,XAUUSD,M3,551,FLAT,NA,EVENING,0,0.00,0.00,0.00,0.00,1.00,0.00,0.00,0.00,0.00,0.00,0.00,0.00,0.00,0.00,0.00,0.00,0.00,0.00,1965.36,1965.28,1967.14,1965.16,1965.17,-1.552,1.20,64.64,73.97,64.57,1.75,1.24,0.51,1969.12,1970.26,206,303,85.7,0.0,5,1,CROSS=EMA9>EMA21;TREND=1;STRUCT=1;VOL=1;COOL=1;EMA50=1;VWAP=1;BIAS=1,0.00,0.00,28031.46,28031.46,outside the killzone window
1780,2023.10.25 01:00:00,2023.10.25 03:30:00,DAY_SUMMARY,XAUUSD,M3,551,FLAT,NA,DAY,0,0.00,0.00,0.00,0.00,1.00,0.00,0.00,0.00,0.00,0.00,0.00,0.00,0.00,0.00,0.00,0.00,-1.00,-144.77,1972.29,1971.80,1970.88,1972.35,1971.81,2.768,0.33,51.22,33.15,35.73,-0.42,-0.28,-0.14,1969.90,1971.03,32,67,28.6,57.1,37,1,CROSS=EMA9>EMA21;TREND=1;STRUCT=1;VOL=1;COOL=1;EMA50=1;VWAP=1;BIAS=1,0.00,0.00,28031.46,28031.46,2023.10.24 trades=1 W=0 L=1 gross_profit=0.00 gross_loss=144.77 net=-144.77 PF=0.00
1781,2023.10.25 01:57:00,2023.10.25 04:27:00,SKIP,XAUUSD,M3,551,FLAT,NA,DAY,0,0.00,0.00,0.00,0.00,1.00,0.00,0.00,0.00,0.00,0.00,0.00,0.00,0.00,0.00,0.00,0.00,0.00,0.00,1971.41,1971.42,1970.83,1971.44,1971.44,2.233,0.27,32.84,43.19,40.72,-0.18,-0.31,0.13,1970.56,1970.69,42,36,28.6,71.4,5,1,CROSS=EMA9<EMA21;TREND=1;STRUCT=1;VOL=1;COOL=1;EMA50=1;VWAP=0;BIAS=1,0.00,0.00,28031.46,28031.46,quality filter
1782,2023.10.25 02:54:00,2023.10.25 05:24:00,SKIP,XAUUSD,M3,551,FLAT,NA,DAY,0,0.00,0.00,0.00,0.00,1.00,0.00,0.00,0.00,0.00,0.00,0.00,0.00,0.00,0.00,0.00,0.00,0.00,0.00,1971.39,1971.39,1970.91,1971.34,1971.36,1.387,0.35,62.17,80.38,68.26,0.35,0.12,0.22,1971.10,1972.78,138,46,100.0,0.0,12,1,CROSS=EMA9>EMA21;TREND=1;STRUCT=1;VOL=1;COOL=1;EMA50=1;VWAP=1;BIAS=1,0.00,0.00,28031.46,28031.46,already positioned that way
1783,2023.10.25 08:06:00,2023.10.25 10:36:00,SKIP,XAUUSD,M3,551,FLAT,NA,DAY,0,0.00,0.00,0.00,0.00,1.00,0.00,0.00,0.00,0.00,0.00,0.00,0.00,0.00,0.00,0.00,0.00,0.00,0.00,1973.20,1973.21,1972.66,1973.27,1973.25,0.904,0.61,36.16,33.77,37.61,-0.34,0.06,-0.40,1973.56,1971.37,181,81,14.3,85.7,12,1,CROSS=EMA9>EMA21;TREND=1;STRUCT=1;VOL=1;COOL=1;EMA50=1;VWAP=1;BIAS=1,0.00,0.00,28031.46,28031.46,outside the killzone window
1784,2023.10.25 09:18:00,2023.10.25 11:48:00,SKIP,XAUUSD,M3,551,FLAT,NA,DAY,0,0.00,0.00,0.00,0.00,1.00,0.00,0.00,0.00,0.00,0.00,0.00,0.00,0.00,0.00,0.00,0.00,0.00,0.00,1973.15,1973.14,1972.73,1973.08,1973.10,0.546,0.76,23.71,70.64,63.87,0.43,0.13,0.29,1973.49,1975.10,161,109,85.7,0.0,5,1,CROSS=EMA9>EMA21;TREND=1;STRUCT=1;VOL=1;COOL=1;EMA50=1;VWAP=1;BIAS=1,0.00,0.00,28031.46,28031.46,outside the killzone window
1785,2023.10.25 10:09:00,2023.10.25 12:39:00,SKIP,XAUUSD,M3,551,FLAT,NA,DAY,0,0.00,0.00,0.00,0.00,1.00,0.00,0.00,0.00,0.00,0.00,0.00,0.00,0.00,0.00,0.00,0.00,0.00,0.00,1973.20,1973.20,1972.83,1973.21,1973.21,0.401,0.92,35.27,47.98,43.77,-0.31,-0.11,-0.20,1973.47,1972.89,230,166,14.3,85.7,5,1,CROSS=EMA9>EMA21;TREND=1;STRUCT=1;VOL=1;COOL=1;EMA50=1;VWAP=1;BIAS=1,0.00,0.00,28031.46,28031.46,outside the killzone window
1786,2023.10.25 14:15:00,2023.10.25 16:45:00,SKIP,XAUUSD,M3,551,FLAT,NA,EVENING,0,0.00,0.00,0.00,0.00,1.00,0.00,0.00,0.00,0.00,0.00,0.00,0.00,0.00,0.00,0.00,0.00,0.00,0.00,1972.15,1972.15,1972.25,1972.09,1972.11,-0.164,0.62,29.12,63.94,61.96,0.55,0.43,0.12,1972.72,1973.86,109,149,85.7,0.0,10,1,CROSS=EMA9>EMA21;TREND=1;STRUCT=1;VOL=1;COOL=1;EMA50=1;VWAP=1;BIAS=1,0.00,0.00,28031.46,28031.46,already positioned that way
1787,2023.10.26 14:27:00,2023.10.26 16:57:00,SKIP,XAUUSD,M3,551,FLAT,NA,EVENING,0,0.00,0.00,0.00,0.00,1.00,0.00,0.00,0.00,0.00,0.00,0.00,0.00,0.00,0.00,0.00,0.00,0.00,0.00,1988.54,1988.54,1987.34,1988.60,1988.57,1.915,0.63,25.58,40.66,40.31,-0.69,-0.88,0.19,1986.80,1987.11,124,166,28.6,57.1,5,1,CROSS=EMA9<EMA21;TREND=1;STRUCT=1;VOL=1;COOL=1;EMA50=1;VWAP=0;BIAS=1,0.00,0.00,28031.46,28031.46,quality filter
1788,2023.10.26 20:00:00,2023.10.26 22:30:00,SKIP,XAUUSD,M3,551,FLAT,NA,EVENING,0,0.00,0.00,0.00,0.00,1.00,0.00,0.00,0.00,0.00,0.00,0.00,0.00,0.00,0.00,0.00,0.00,0.00,0.00,1981.62,1981.62,1982.80,1981.52,1981.57,-1.238,0.96,27.96,60.83,61.46,1.00,1.26,-0.26,1983.42,1984.22,248,284,71.4,14.3,10,1,CROSS=EMA9<EMA21;TREND=1;STRUCT=1;VOL=1;COOL=1;EMA50=1;VWAP=0;BIAS=1,0.00,0.00,28031.46,28031.46,outside the killzone window
1789,2023.10.27 03:30:00,2023.10.27 06:00:00,ENTRY,XAUUSD,M3,553,SELL,FULLTGT,DAY,0,1983.54,1984.74,1984.74,1.20,1.00,1.20,1982.34,1981.15,1979.95,1978.75,1977.55,1.17,1.17,1.17,1983.54,0.00,0.00,0.00,1984.50,1984.51,1984.34,1984.54,1984.53,0.291,0.60,27.36,41.21,42.27,-0.35,-0.37,0.03,1984.57,1983.54,115,125,14.3,71.4,5,1,CROSS=EMA9<EMA21;TREND=1;STRUCT=1;VOL=1;COOL=1;EMA50=1;VWAP=1;BIAS=1,0.00,0.00,28027.36,28021.51,KZ=ASIA; KZR=Asia H @ 1982.50 3204 bars ago (high taken); DAY 12AM-4PM IST session: stop x1.00 of usual; no partials; full size to TP5; SL steps BE->TP1->TP2->TP3
1790,2023.10.27 03:51:34,2023.10.27 06:21:34,EXIT_SL,XAUUSD,M3,553,SELL,FULLTGT,DAY,0,1983.54,1984.74,1984.74,1.20,1.00,1.20,1982.34,1981.15,1979.95,1978.75,1977.55,1.17,1.17,0.00,1984.74,0.00,-1.00,-148.60,1984.27,1984.38,1984.28,1984.28,1984.39,0.187,0.55,24.68,53.06,47.81,-0.24,-0.35,0.11,1984.40,1984.23,117,118,28.6,42.9,5,1,CROSS=EMA9<EMA21;TREND=1;STRUCT=1;VOL=1;COOL=1;EMA50=1;VWAP=1;BIAS=1,0.46,-0.98,27882.86,27882.86,stopped at the initial SL (x1.00 of usual)
1791,2023.10.27 04:24:00,2023.10.27 06:54:00,ENTRY,XAUUSD,M3,555,BUY,FULLTGT,DAY,0,1986.50,1984.91,1984.91,1.59,1.00,1.59,1988.09,1989.67,1991.26,1992.84,1994.43,0.87,0.87,0.87,1986.50,0.00,0.00,0.00,1984.49,1984.47,1984.34,1984.41,1984.43,0.172,0.79,31.90,70.58,61.43,0.44,0.06,0.38,1984.58,1986.49,238,157,100.0,0.0,7,1,CROSS=EMA9>EMA21;TREND=1;STRUCT=1;VOL=1;COOL=1;EMA50=1;VWAP=1;BIAS=1,0.00,0.00,27879.81,27873.72,KZ=ASIA; KZR=Asia H @ 1982.50 3222 bars ago (high taken); DAY 12AM-4PM IST session: stop x1.00 of usual; no partials; full size to TP5; SL steps BE->TP1->TP2->TP3
1792,2023.10.27 04:27:51,2023.10.27 06:57:51,EXIT_SL,XAUUSD,M3,555,BUY,FULLTGT,DAY,0,1986.50,1984.91,1984.91,1.59,1.00,1.59,1988.09,1989.67,1991.26,1992.84,1994.43,0.87,0.87,0.00,1984.91,0.00,-1.00,-144.43,1984.53,1984.49,1984.35,1984.49,1984.47,0.174,0.83,31.57,58.47,60.79,0.45,0.13,0.33,1984.62,1985.51,202,161,85.7,14.3,5,1,CROSS=EMA9>EMA21;TREND=1;STRUCT=1;VOL=1;COOL=1;EMA50=1;VWAP=1;BIAS=1,0.00,-1.00,27738.43,27738.43,stopped at the initial SL (x1.00 of usual)
1793,2023.10.27 11:18:00,2023.10.27 13:48:00,SKIP,XAUUSD,M3,555,FLAT,NA,DAY,0,0.00,0.00,0.00,0.00,1.00,0.00,0.00,0.00,0.00,0.00,0.00,0.00,0.00,0.00,0.00,0.00,0.00,0.00,1987.36,1987.37,1986.80,1987.40,1987.39,0.778,0.74,26.60,44.06,37.78,-0.36,-0.25,-0.11,1986.72,1986.36,155,185,0.0,85.7,11,1,CROSS=EMA9>EMA21;TREND=1;STRUCT=1;VOL=1;COOL=1;EMA50=1;VWAP=1;BIAS=1,0.00,0.00,27738.43,27738.43,outside the killzone window
1794,2023.10.27 20:27:00,2023.10.27 22:57:00,SKIP,XAUUSD,M3,555,FLAT,NA,EVENING,0,0.00,0.00,0.00,0.00,1.00,0.00,0.00,0.00,0.00,0.00,0.00,0.00,0.00,0.00,0.00,0.00,0.00,0.00,1982.78,1982.75,1983.48,1982.59,1982.65,-0.724,1.01,52.07,76.10,68.96,1.40,0.95,0.45,1984.41,1987.40,285,219,100.0,0.0,5,1,CROSS=EMA9>EMA21;TREND=1;STRUCT=1;VOL=1;COOL=1;EMA50=1;VWAP=1;BIAS=1,0.00,0.00,27738.43,27738.43,outside the killzone window
1795,2023.10.30 01:00:00,2023.10.30 03:30:00,DAY_SUMMARY,XAUUSD,M3,555,FLAT,NA,DAY,0,0.00,0.00,0.00,0.00,1.00,0.00,0.00,0.00,0.00,0.00,0.00,0.00,0.00,0.00,0.00,0.00,-2.01,-293.03,2004.24,1999.51,1994.06,2004.17,1999.38,8.763,0.62,29.57,51.19,56.52,-0.07,-0.00,-0.07,1987.92,2005.91,54,113,71.4,14.3,33,1,CROSS=EMA9>EMA21;TREND=1;STRUCT=1;VOL=1;COOL=1;EMA50=1;VWAP=1;BIAS=1,0.00,0.00,27738.43,27738.43,2023.10.27 trades=2 W=0 L=2 gross_profit=0.00 gross_loss=293.03 net=-293.03 PF=0.00
1796,2023.10.30 01:00:00,2023.10.30 03:30:00,WEEK_SUMMARY,XAUUSD,M3,555,FLAT,NA,DAY,0,0.00,0.00,0.00,0.00,1.00,0.00,0.00,0.00,0.00,0.00,0.00,0.00,0.00,0.00,0.00,0.00,-3.00,-437.80,2004.24,1999.51,1994.06,2004.17,1999.38,8.763,0.62,29.57,51.19,56.52,-0.07,-0.00,-0.07,1987.92,2005.91,54,113,71.4,14.3,33,1,CROSS=EMA9>EMA21;TREND=1;STRUCT=1;VOL=1;COOL=1;EMA50=1;VWAP=1;BIAS=1,0.00,0.00,27738.43,27738.43,days=2 trades=3 W=0 L=3 gross_profit=0.00 gross_loss=437.80 net=-437.80 PF=0.00 pips=-460.0
1797,2023.10.30 07:30:00,2023.10.30 10:00:00,SKIP,XAUUSD,M3,555,FLAT,NA,DAY,0,0.00,0.00,0.00,0.00,1.00,0.00,0.00,0.00,0.00,0.00,0.00,0.00,0.00,0.00,0.00,0.00,0.00,0.00,2002.63,2002.64,2000.55,2002.67,2002.66,4.810,0.43,28.29,37.31,37.76,-0.22,-0.18,-0.04,2003.20,2001.61,76,74,0.0,100.0,5,1,CROSS=EMA9>EMA21;TREND=1;STRUCT=1;VOL=1;COOL=1;EMA50=1;VWAP=1;BIAS=1,0.00,0.00,27738.43,27738.43,outside the killzone window
1798,2023.10.30 16:06:00,2023.10.30 18:36:00,SKIP,XAUUSD,M3,555,FLAT,NA,EVENING,0,0.00,0.00,0.00,0.00,1.00,0.00,0.00,0.00,0.00,0.00,0.00,0.00,0.00,0.00,0.00,0.00,0.00,0.00,1996.03,1996.00,1996.78,1995.92,1995.94,-0.504,1.55,27.13,61.33,61.37,0.81,0.69,0.12,1998.52,1998.69,329,334,85.7,0.0,5,1,CROSS=EMA9>EMA21;TREND=1;STRUCT=1;VOL=1;COOL=1;EMA50=1;VWAP=1;BIAS=1,0.00,0.00,27738.43,27738.43,already positioned that way
1799,2023.10.30 22:30:00,2023.10.31 01:00:00,SKIP,XAUUSD,M3,555,FLAT,NA,DAY,0,0.00,0.00,0.00,0.00,1.00,0.00,0.00,0.00,0.00,0.00,0.00,0.00,0.00,0.00,0.00,0.00,0.00,0.00,1998.05,1998.09,1997.94,1998.13,1998.13,0.261,0.56,39.33,30.67,35.72,-0.35,-0.11,-0.24,1998.55,1996.18,81,146,0.0,85.7,5,1,CROSS=EMA9>EMA21;TREND=1;STRUCT=1;VOL=1;COOL=1;EMA50=1;VWAP=1;BIAS=1,0.00,0.00,27738.43,27738.43,outside the killzone window
1800,2023.10.31 10:30:00,2023.10.31 13:00:00,SKIP,XAUUSD,M3,555,FLAT,NA,DAY,0,0.00,0.00,0.00,0.00,1.00,0.00,0.00,0.00,0.00,0.00,0.00,0.00,0.00,0.00,0.00,0.00,0.00,0.00,1994.20,1994.18,1994.76,1994.14,1994.15,-0.851,0.68,27.97,64.00,61.65,0.50,0.50,-0.01,1994.50,1995.69,101,143,71.4,14.3,5,1,CROSS=EMA9>EMA21;TREND=1;STRUCT=1;VOL=1;COOL=1;EMA50=1;VWAP=1;BIAS=1,0.00,0.00,27738.43,27738.43,outside the killzone window
1801,2023.10.31 18:42:00,2023.10.31 21:12:00,SKIP,XAUUSD,M3,555,FLAT,NA,EVENING,0,0.00,0.00,0.00,0.00,1.00,0.00,0.00,0.00,0.00,0.00,0.00,0.00,0.00,0.00,0.00,0.00,0.00,0.00,1998.62,1998.65,1997.91,1998.76,1998.72,0.361,2.06,47.02,39.09,38.47,-1.66,-1.70,0.04,1997.34,1995.06,252,360,14.3,71.4,5,1,CROSS=EMA9>EMA21;TREND=1;STRUCT=1;VOL=1;COOL=1;EMA50=1;VWAP=1;BIAS=1,0.00,0.00,27738.43,27738.43,outside the killzone window
1802,2023.11.01 01:00:00,2023.11.01 03:30:00,MONTH_SUMMARY,XAUUSD,M3,555,FLAT,NA,DAY,0,0.00,0.00,0.00,0.00,1.00,0.00,0.00,0.00,0.00,0.00,0.00,0.00,0.00,0.00,0.00,0.00,3.88,453.19,1984.75,1986.71,1989.86,1984.78,1986.77,-8.309,0.38,22.71,45.66,44.72,-0.23,-0.27,0.03,1994.64,1983.97,33,79,14.3,57.1,45,1,CROSS=EMA9>EMA21;TREND=1;STRUCT=1;VOL=1;COOL=1;EMA50=1;VWAP=1;BIAS=1,0.00,0.00,27738.43,27738.43,days=7 trades=8 W=2 L=6 gross_profit=1368.36 gross_loss=915.17 net=453.19 PF=1.50 pips=651.0
1803,2023.11.01 12:00:00,2023.11.01 14:30:00,SKIP,XAUUSD,M3,555,FLAT,NA,DAY,0,0.00,0.00,0.00,0.00,1.00,0.00,0.00,0.00,0.00,0.00,0.00,0.00,0.00,0.00,0.00,0.00,0.00,0.00,1979.22,1979.19,1980.50,1979.09,1979.13,-1.438,0.91,55.95,71.49,69.91,0.93,0.38,0.55,1979.78,1982.45,174,176,85.7,0.0,11,1,CROSS=EMA9>EMA21;TREND=1;STRUCT=1;VOL=1;COOL=1;EMA50=1;VWAP=1;BIAS=1,0.00,0.00,27738.43,27738.43,outside the killzone window
1804,2023.11.01 18:57:00,2023.11.01 21:27:00,SKIP,XAUUSD,M3,555,FLAT,NA,EVENING,0,0.00,0.00,0.00,0.00,1.00,0.00,0.00,0.00,0.00,0.00,0.00,0.00,0.00,0.00,0.00,0.00,0.00,0.00,1984.47,1984.53,1983.71,1984.69,1984.64,0.632,1.29,69.69,25.34,27.92,-2.14,-1.80,-0.33,1982.99,1979.01,268,293,0.0,85.7,5,1,CROSS=EMA9>EMA21;TREND=1;STRUCT=1;VOL=1;COOL=1;EMA50=1;VWAP=1;BIAS=1,0.00,0.00,27738.43,27738.43,outside the killzone window
1805,2023.11.02 01:21:00,2023.11.02 03:51:00,SKIP,XAUUSD,M3,555,FLAT,NA,DAY,0,0.00,0.00,0.00,0.00,1.00,0.00,0.00,0.00,0.00,0.00,0.00,0.00,0.00,0.00,0.00,0.00,0.00,0.00,1979.86,1979.80,1980.52,1979.72,1979.73,-0.719,1.00,43.85,68.06,66.33,1.17,0.99,0.18,1982.49,1983.20,42,86,85.7,0.0,7,1,CROSS=EMA9>EMA21;TREND=1;STRUCT=1;VOL=1;COOL=1;EMA50=1;VWAP=1;BIAS=1,0.00,0.00,27738.43,27738.43,already positioned that way
1806,2023.11.02 16:51:00,2023.11.02 19:21:00,ENTRY,XAUUSD,M3,557,SELL,FULLTGT,EVENING,0,1984.17,1987.95,1987.95,3.78,1.00,3.78,1980.39,1976.61,1972.83,1969.05,1965.27,0.36,0.36,0.36,1984.17,0.00,0.00,0.00,1987.70,1987.71,1986.94,1987.85,1987.78,0.409,1.89,37.28,34.58,34.17,-1.30,-0.94,-0.36,1986.69,1984.02,410,385,14.3,85.7,5,1,CROSS=EMA9<EMA21;TREND=1;STRUCT=1;VOL=1;COOL=1;EMA50=1;VWAP=1;BIAS=1,0.00,0.00,27737.17,27735.37,KZ=NY; KZR=NY L @ 1974.62 383 bars ago (low taken); EVENING 4PM-12AM IST session: stop x1.00 of usual; no partials; full size to TP5; SL steps BE->TP1->TP2->TP3
1807,2023.11.02 18:29:39,2023.11.02 20:59:39,TP1_REACHED,XAUUSD,M3,557,SELL,FULLTGT,EVENING,0,1984.17,1987.95,1987.95,3.78,1.00,3.78,1980.39,1976.61,1972.83,1969.05,1965.27,0.36,0.00,0.36,1980.39,1.00,1.00,0.00,1984.73,1985.74,1986.00,1984.84,1985.81,-0.210,1.24,19.66,37.39,40.62,-0.33,-0.18,-0.16,1986.06,1982.00,349,346,0.0,85.7,10,1,CROSS=EMA9<EMA21;TREND=1;STRUCT=1;VOL=1;COOL=1;EMA50=1;VWAP=1;BIAS=1,1.00,-0.33,27737.17,27873.97,full target: no partial booked
1808,2023.11.02 21:33:00,2023.11.03 00:03:00,SKIP,XAUUSD,M3,557,SELL,FULLTGT,DAY,0,1984.17,1987.95,1987.95,3.78,1.00,3.78,1980.39,1976.61,1972.83,1969.05,1965.27,0.36,0.00,0.00,0.00,0.00,0.00,0.00,1984.34,1984.32,1984.81,1984.29,1984.30,-0.811,0.60,14.72,57.47,59.41,0.46,0.58,-0.12,1985.37,1985.58,101,158,57.1,14.3,5,1,CROSS=EMA9<EMA21;TREND=1;STRUCT=1;VOL=1;COOL=1;EMA50=1;VWAP=1;BIAS=1,1.41,-0.68,27737.17,27685.33,outside the killzone window
1809,2023.11.03 04:30:00,2023.11.03 07:00:00,SKIP,XAUUSD,M3,557,SELL,FULLTGT,DAY,0,1984.17,1987.95,1987.95,3.78,1.00,3.78,1980.39,1976.61,1972.83,1969.05,1965.27,0.36,0.00,0.00,0.00,0.00,0.00,0.00,1985.06,1985.08,1985.08,1985.12,1985.10,-0.005,0.57,28.20,27.53,31.85,-0.34,-0.12,-0.22,1985.12,1983.75,137,104,0.0,100.0,5,1,CROSS=EMA9<EMA21;TREND=1;STRUCT=1;VOL=1;COOL=1;EMA50=1;VWAP=1;BIAS=1,1.41,-0.68,27737.17,27769.40,already positioned that way
1810,2023.11.03 05:42:00,2023.11.03 08:12:00,FLIP,XAUUSD,M3,557,SELL,FULLTGT,DAY,0,1984.17,1987.95,1987.95,3.78,1.00,3.78,1980.39,1976.61,1972.83,1969.05,1965.27,0.36,0.00,0.00,1986.97,0.00,-0.74,0.00,1985.03,1985.00,1985.02,1984.96,1984.96,-0.046,0.48,70.51,78.18,75.35,0.60,0.27,0.32,1985.01,1986.92,123,99,85.7,14.3,5,1,CROSS=EMA9>EMA21;TREND=1;STRUCT=1;VOL=1;COOL=1;EMA50=1;VWAP=1;BIAS=1,1.41,-0.88,27737.17,27652.40,opposite signal before SL/target | SELL -> BUY | closing trade 557
1811,2023.11.03 05:42:00,2023.11.03 08:12:00,EXIT_FLIP,XAUUSD,M3,557,SELL,FULLTGT,DAY,0,1984.17,1987.95,1987.95,3.78,1.00,3.78,1980.39,1976.61,1972.83,1969.05,1965.27,0.36,0.36,0.00,1986.97,0.00,-0.74,0.00,1985.03,1985.00,1985.02,1984.96,1984.96,-0.046,0.48,70.51,78.18,75.35,0.60,0.27,0.32,1985.01,1986.92,123,99,85.7,14.3,5,1,CROSS=EMA9>EMA21;TREND=1;STRUCT=1;VOL=1;COOL=1;EMA50=1;VWAP=1;BIAS=1,1.41,-0.88,27651.14,27651.14,FLIP exit
1812,2023.11.03 05:42:00,2023.11.03 08:12:00,EXIT_OTHER,XAUUSD,M3,557,SELL,FULLTGT,DAY,0,1984.17,1987.95,1987.95,3.78,1.00,3.78,1980.39,1976.61,1972.83,1969.05,1965.27,0.36,0.36,0.00,1986.97,0.00,-0.74,-87.29,1985.03,1985.00,1985.02,1984.96,1984.96,-0.046,0.48,70.51,78.18,75.35,0.60,0.27,0.32,1985.01,1986.92,123,99,85.7,14.3,5,1,CROSS=EMA9>EMA21;TREND=1;STRUCT=1;VOL=1;COOL=1;EMA50=1;VWAP=1;BIAS=1,1.41,-0.88,27651.14,27651.14,FLIP exit
1813,2023.11.03 05:42:00,2023.11.03 08:12:00,ENTRY,XAUUSD,M3,559,BUY,FULLTGT,DAY,557,1986.97,1986.00,1986.00,0.97,1.00,0.97,1987.94,1988.90,1989.87,1990.84,1991.81,1.42,1.42,1.42,1986.97,0.00,0.00,0.00,1985.03,1985.00,1985.02,1984.96,1984.96,-0.046,0.48,70.51,78.18,75.35,0.60,0.27,0.32,1985.01,1986.92,123,99,85.7,14.3,5,1,CROSS=EMA9>EMA21;TREND=1;STRUCT=1;VOL=1;COOL=1;EMA50=1;VWAP=1;BIAS=1,0.00,0.00,27646.17,27639.07,KZ=ASIA; KZR=NY L @ 1974.62 640 bars ago (low taken); DAY 12AM-4PM IST session: stop x1.00 of usual; no partials; full size to TP5; SL steps BE->TP1->TP2->TP3; flipped from trade 557
1814,2023.11.03 06:46:40,2023.11.03 09:16:40,EXIT_SL,XAUUSD,M3,559,BUY,FULLTGT,DAY,557,1986.97,1986.00,1986.00,0.97,1.00,0.97,1987.94,1988.90,1989.87,1990.84,1991.81,1.42,1.42,0.00,1985.96,0.00,-1.04,-153.36,1985.89,1985.53,1985.31,1985.86,1985.52,0.826,0.27,28.54,54.76,55.12,0.12,0.23,-0.10,1985.37,1986.40,43,81,71.4,14.3,5,1,CROSS=EMA9>EMA21;TREND=1;STRUCT=1;VOL=1;COOL=1;EMA50=1;VWAP=1;BIAS=1,0.96,-0.97,27497.78,27497.78,stopped at the initial SL (x1.00 of usual)
1815,2023.11.03 19:54:00,2023.11.03 22:24:00,SKIP,XAUUSD,M3,559,FLAT,NA,EVENING,557,0.00,0.00,0.00,0.00,1.00,0.00,0.00,0.00,0.00,0.00,0.00,0.00,0.00,0.00,0.00,0.00,0.00,0.00,1992.58,1992.60,1991.36,1992.67,1992.64,0.887,1.40,28.75,41.46,42.82,-0.59,-0.62,0.02,1991.66,1990.39,304,312,14.3,71.4,8,1,CROSS=EMA9>EMA21;TREND=1;STRUCT=1;VOL=1;COOL=1;EMA50=1;VWAP=1;BIAS=1,0.00,0.00,27497.78,27497.78,outside the killzone window
1816,2023.11.03 21:18:00,2023.11.03 23:48:00,SKIP,XAUUSD,M3,559,FLAT,NA,EVENING,557,0.00,0.00,0.00,0.00,1.00,0.00,0.00,0.00,0.00,0.00,0.00,0.00,0.00,0.00,0.00,0.00,0.00,0.00,1992.48,1992.47,1991.57,1992.44,1992.45,1.440,0.62,29.88,56.08,55.82,0.45,0.34,0.12,1991.69,1993.25,126,203,85.7,0.0,5,1,CROSS=EMA9>EMA21;TREND=1;STRUCT=1;VOL=1;COOL=1;EMA50=1;VWAP=1;BIAS=1,0.00,0.00,27497.78,27497.78,outside the killzone window
1817,2023.11.03 23:42:00,2023.11.04 02:12:00,SKIP,XAUUSD,M3,559,FLAT,NA,DAY,557,0.00,0.00,0.00,0.00,1.00,0.00,0.00,0.00,0.00,0.00,0.00,0.00,0.00,0.00,0.00,0.00,0.00,0.00,1992.87,1992.88,1992.21,1992.89,1992.88,1.700,0.40,22.38,46.40,46.74,-0.16,-0.25,0.08,1991.82,1992.48,52,100,28.6,42.9,5,1,CROSS=EMA9>EMA21;TREND=1;STRUCT=1;VOL=1;COOL=1;EMA50=1;VWAP=1;BIAS=1,0.00,0.00,27497.78,27497.78,weekend cutoff
1818,2023.11.06 01:00:00,2023.11.06 03:30:00,DAY_SUMMARY,XAUUSD,M3,559,FLAT,NA,DAY,557,0.00,0.00,0.00,0.00,1.00,0.00,0.00,0.00,0.00,0.00,0.00,0.00,0.00,0.00,0.00,0.00,-1.79,-240.65,1992.79,1992.83,1992.22,1992.81,1992.84,2.121,0.29,23.56,47.98,46.98,-0.13,-0.17,0.03,1991.82,1992.52,39,76,28.6,42.9,5,1,CROSS=EMA9>EMA21;TREND=1;STRUCT=1;VOL=1;COOL=1;EMA50=1;VWAP=1;BIAS=1,0.00,0.00,27497.78,27497.78,2023.11.03 trades=2 W=0 L=2 gross_profit=0.00 gross_loss=240.65 net=-240.65 PF=0.00
1819,2023.11.06 01:00:00,2023.11.06 03:30:00,WEEK_SUMMARY,XAUUSD,M3,559,FLAT,NA,DAY,557,0.00,0.00,0.00,0.00,1.00,0.00,0.00,0.00,0.00,0.00,0.00,0.00,0.00,0.00,0.00,0.00,-1.79,-240.65,1992.79,1992.83,1992.22,1992.81,1992.84,2.121,0.29,23.56,47.98,46.98,-0.13,-0.17,0.03,1991.82,1992.52,39,76,28.6,42.9,5,1,CROSS=EMA9>EMA21;TREND=1;STRUCT=1;VOL=1;COOL=1;EMA50=1;VWAP=1;BIAS=1,0.00,0.00,27497.78,27497.78,days=1 trades=2 W=0 L=2 gross_profit=0.00 gross_loss=240.65 net=-240.65 PF=0.00 pips=-381.0
1820,2023.11.06 11:18:00,2023.11.06 13:48:00,SKIP,XAUUSD,M3,559,FLAT,NA,DAY,557,0.00,0.00,0.00,0.00,1.00,0.00,0.00,0.00,0.00,0.00,0.00,0.00,0.00,0.00,0.00,0.00,0.00,0.00,1985.53,1985.53,1986.65,1985.47,1985.50,-1.288,0.87,13.77,58.25,58.91,0.47,0.47,-0.00,1987.04,1987.08,198,207,57.1,14.3,5,1,CROSS=EMA9>EMA21;TREND=1;STRUCT=1;VOL=1;COOL=1;EMA50=1;VWAP=1;BIAS=1,0.00,0.00,27497.78,27497.78,outside the killzone window
1821,2023.11.06 14:54:00,2023.11.06 17:24:00,ENTRY,XAUUSD,M3,561,SELL,FULLTGT,EVENING,0,1983.60,1985.33,1985.33,1.73,1.00,1.73,1981.87,1980.15,1978.42,1976.69,1974.96,0.79,0.79,0.79,1983.60,0.00,0.00,0.00,1986.28,1986.32,1986.66,1986.39,1986.37,-0.393,0.86,49.64,27.85,35.76,-0.68,-0.52,-0.16,1986.93,1983.63,205,177,0.0,100.0,7,1,CROSS=EMA9<EMA21;TREND=1;STRUCT=1;VOL=1;COOL=1;EMA50=1;VWAP=1;BIAS=1,0.00,0.00,27495.01,27489.48,KZ=NY; KZR=NY L @ 1974.62 2264 bars ago (low taken); EVENING 4PM-12AM IST session: stop x1.00 of usual; no partials; full size to TP5; SL steps BE->TP1->TP2->TP3
1822,2023.11.06 15:05:38,2023.11.06 17:35:38,EXIT_SL,XAUUSD,M3,561,SELL,FULLTGT,EVENING,0,1983.60,1985.33,1985.33,1.73,1.00,1.73,1981.87,1980.15,1978.42,1976.69,1974.96,0.79,0.79,0.00,1985.34,0.00,-1.01,-143.00,1986.08,1986.21,1986.59,1986.13,1986.24,-0.422,0.90,44.22,42.61,43.94,-0.66,-0.60,-0.06,1986.88,1984.87,300,195,14.3,85.7,5,1,CROSS=EMA9<EMA21;TREND=1;STRUCT=1;VOL=1;COOL=1;EMA50=1;VWAP=1;BIAS=1,0.06,-1.00,27354.78,27354.78,stopped at the initial SL (x1.00 of usual)
1823,2023.11.06 15:48:00,2023.11.06 18:18:00,ENTRY,XAUUSD,M3,563,BUY,FULLTGT,EVENING,0,1988.48,1985.88,1985.88,2.60,1.00,2.60,1991.08,1993.69,1996.29,1998.90,2001.50,0.52,0.52,0.52,1988.48,0.00,0.00,0.00,1986.33,1986.30,1986.58,1986.24,1986.25,-0.217,1.30,22.83,63.08,55.24,0.55,0.24,0.31,1986.83,1988.41,312,296,85.7,0.0,5,1,CROSS=EMA9>EMA21;TREND=1;STRUCT=1;VOL=1;COOL=1;EMA50=1;VWAP=1;BIAS=1,0.00,0.00,27352.96,27350.36,KZ=NY; KZR=NY L @ 1974.62 2282 bars ago (low taken); EVENING 4PM-12AM IST session: stop x1.00 of usual; no partials; full size to TP5; SL steps BE->TP1->TP2->TP3
1824,2023.11.06 16:09:40,2023.11.06 18:39:40,EXIT_SL,XAUUSD,M3,563,BUY,FULLTGT,EVENING,0,1988.48,1985.88,1985.88,2.60,1.00,2.60,1991.08,1993.69,1996.29,1998.90,2001.50,0.52,0.52,0.00,1985.87,0.00,-1.00,-139.36,1986.47,1986.38,1986.60,1986.47,1986.38,-0.180,1.26,15.28,47.90,56.72,0.27,0.43,-0.15,1986.84,1986.26,339,317,28.6,57.1,5,1,CROSS=EMA9>EMA21;TREND=1;STRUCT=1;VOL=1;COOL=1;EMA50=1;VWAP=1;BIAS=1,0.00,-0.99,27215.42,27215.42,stopped at the initial SL (x1.00 of usual)
1825,2023.11.06 16:48:00,2023.11.06 19:18:00,ENTRY,XAUUSD,M3,565,SELL,FULLTGT,EVENING,0,1985.38,1987.82,1987.82,2.44,1.00,2.44,1982.94,1980.50,1978.06,1975.61,1973.17,0.55,0.55,0.55,1985.38,0.00,0.00,0.00,1986.30,1986.32,1986.54,1986.34,1986.33,-0.188,1.22,13.59,44.51,48.29,-0.27,-0.07,-0.20,1986.78,1985.47,317,304,0.0,85.7,5,1,CROSS=EMA9<EMA21;TREND=1;STRUCT=1;VOL=1;COOL=1;EMA50=1;VWAP=1;BIAS=1,0.00,0.00,27213.49,27210.74,KZ=NY; KZR=NY L @ 1974.62 2302 bars ago (low taken); EVENING 4PM-12AM IST session: stop x1.00 of usual; no partials; full size to TP5; SL steps BE->TP1->TP2->TP3
1826,2023.11.06 17:35:39,2023.11.06 20:05:39,TP1_REACHED,XAUUSD,M3,565,SELL,FULLTGT,EVENING,0,1985.38,1987.82,1987.82,2.44,1.00,2.44,1982.94,1980.50,1978.06,1975.61,1973.17,0.55,0.00,0.55,1982.94,1.00,1.00,0.00,1985.50,1985.86,1986.27,1985.56,1985.89,-0.423,0.97,12.21,40.45,40.61,-0.49,-0.51,0.02,1986.59,1984.12,311,346,14.3,57.1,5,1,CROSS=EMA9<EMA21;TREND=1;STRUCT=1;VOL=1;COOL=1;EMA50=1;VWAP=1;BIAS=1,1.00,-0.60,27213.49,27348.79,full target: no partial booked
1827,2023.11.06 18:00:35,2023.11.06 20:30:35,TP2_REACHED,XAUUSD,M3,565,SELL,FULLTGT,EVENING,0,1985.38,1987.82,1987.82,2.44,1.00,2.44,1982.94,1980.50,1978.06,1975.61,1973.17,0.55,0.00,0.55,1980.50,2.00,2.00,0.00,1984.75,1985.39,1985.99,1984.90,1985.48,-0.651,0.92,30.46,27.89,30.66,-0.79,-0.61,-0.18,1986.43,1981.18,347,321,0.0,100.0,5,1,CROSS=EMA9<EMA21;TREND=1;STRUCT=1;VOL=1;COOL=1;EMA50=1;VWAP=1;BIAS=1,2.00,-0.60,27213.49,27482.99,full target: no partial booked
1828,2023.11.06 22:58:15,2023.11.07 01:28:15,TP3_REACHED,XAUUSD,M3,565,SELL,FULLTGT,DAY,0,1985.38,1987.82,1987.82,2.44,1.00,2.44,1982.94,1980.50,1978.06,1975.61,1973.17,0.55,0.00,0.55,1978.06,3.00,3.00,0.00,1980.12,1981.33,1982.91,1980.20,1981.39,-3.572,0.44,54.83,31.26,30.97,-0.45,-0.36,-0.09,1985.48,1978.32,147,121,0.0,100.0,5,1,CROSS=EMA9<EMA21;TREND=1;STRUCT=1;VOL=1;COOL=1;EMA50=1;VWAP=1;BIAS=1,2.99,-0.60,27213.49,27617.19,full target: no partial booked
1829,2023.11.07 01:00:00,2023.11.07 03:30:00,DAY_SUMMARY,XAUUSD,M3,565,SELL,FULLTGT,DAY,0,1985.38,1987.82,1987.82,2.44,1.00,2.44,1982.94,1980.50,1978.06,1975.61,1973.17,0.55,0.00,0.00,0.00,0.00,-2.01,-282.36,1978.89,1980.18,1981.97,1978.94,1980.22,-5.714,0.31,35.59,41.80,37.20,-0.25,-0.37,0.12,1985.33,1977.82,42,65,14.3,71.4,12,1,CROSS=EMA9<EMA21;TREND=1;STRUCT=1;VOL=1;COOL=1;EMA50=1;VWAP=1;BIAS=1,3.27,-0.60,27213.49,27646.63,2023.11.06 trades=2 W=0 L=2 gross_profit=0.00 gross_loss=282.36 net=-282.36 PF=0.00
1830,2023.11.07 02:21:33,2023.11.07 04:51:33,TP4_REACHED,XAUUSD,M3,565,SELL,FULLTGT,DAY,0,1985.38,1987.82,1987.82,2.44,1.00,2.44,1982.94,1980.50,1978.06,1975.61,1973.17,0.55,0.00,0.55,1975.61,4.00,4.00,0.00,1977.55,1978.84,1980.80,1977.62,1978.90,-3.119,0.63,54.44,34.03,33.03,-0.48,-0.45,-0.03,1976.83,1975.88,89,92,0.0,85.7,5,1,CROSS=EMA9<EMA21;TREND=1;STRUCT=1;VOL=1;COOL=1;EMA50=1;VWAP=1;BIAS=1,4.02,-0.60,27213.49,27775.33,full target: no partial booked
1831,2023.11.07 04:59:18,2023.11.07 07:29:18,TP5_EXIT,XAUUSD,M3,565,SELL,FULLTGT,DAY,0,1985.38,1987.82,1987.82,2.44,1.00,2.44,1982.94,1980.50,1978.06,1975.61,1973.17,0.55,0.55,0.00,1973.16,5.00,5.00,0.00,1975.29,1976.50,1978.59,1975.37,1976.57,-4.596,0.45,57.44,33.79,36.26,-0.56,-0.53,-0.03,1975.87,1973.30,122,106,0.0,100.0,5,1,CROSS=EMA9<EMA21;TREND=1;STRUCT=1;VOL=1;COOL=1;EMA50=1;VWAP=1;BIAS=1,5.02,-0.60,27908.15,27908.15,full target reached; closed in full
1832,2023.11.07 04:59:19,2023.11.07 07:29:19,EXIT_TP,XAUUSD,M3,565,SELL,FULLTGT,DAY,0,1985.38,1987.82,1987.82,2.44,1.00,2.44,1982.94,1980.50,1978.06,1975.61,1973.17,0.55,0.55,0.00,1973.16,0.00,5.01,692.73,1975.29,1976.50,1978.59,1975.37,1976.57,-4.596,0.45,57.44,33.79,36.26,-0.56,-0.53,-0.03,1975.87,1973.30,122,106,0.0,100.0,5,1,CROSS=EMA9<EMA21;TREND=1;STRUCT=1;VOL=1;COOL=1;EMA50=1;VWAP=1;BIAS=1,5.02,-0.60,27908.15,27908.15,TP5 exit
1833,2023.11.07 18:54:00,2023.11.07 21:24:00,SKIP,XAUUSD,M3,565,FLAT,NA,EVENING,0,0.00,0.00,0.00,0.00,1.00,0.00,0.00,0.00,0.00,0.00,0.00,0.00,0.00,0.00,0.00,0.00,0.00,0.00,1964.07,1964.07,1965.69,1964.06,1964.06,-1.788,0.91,19.07,49.31,50.16,0.35,0.45,-0.10,1966.81,1964.37,260,269,28.6,42.9,5,1,CROSS=EMA9<EMA21;TREND=1;STRUCT=1;VOL=1;COOL=1;EMA50=1;VWAP=1;BIAS=1,0.00,0.00,27908.15,27908.15,outside the killzone window
1834,2023.11.07 19:06:00,2023.11.07 21:36:00,SKIP,XAUUSD,M3,565,FLAT,NA,EVENING,0,0.00,0.00,0.00,0.00,1.00,0.00,0.00,0.00,0.00,0.00,0.00,0.00,0.00,0.00,0.00,0.00,0.00,0.00,1964.07,1964.07,1965.62,1964.09,1964.08,-1.749,0.89,21.77,43.11,48.29,0.05,0.35,-0.30,1966.77,1963.43,267,255,0.0,85.7,5,1,CROSS=EMA9<EMA21;TREND=1;STRUCT=1;VOL=1;COOL=1;EMA50=1;VWAP=1;BIAS=1,0.00,0.00,27908.15,27908.15,outside the killzone window
1835,2023.11.07 20:21:00,2023.11.07 22:51:00,SKIP,XAUUSD,M3,565,FLAT,NA,EVENING,0,0.00,0.00,0.00,0.00,1.00,0.00,0.00,0.00,0.00,0.00,0.00,0.00,0.00,0.00,0.00,0.00,0.00,0.00,1964.06,1964.01,1965.23,1963.95,1963.96,-1.854,0.66,53.68,72.65,64.19,0.58,0.14,0.44,1966.56,1966.64,166,200,85.7,0.0,5,1,CROSS=EMA9<EMA21;TREND=1;STRUCT=1;VOL=1;COOL=1;EMA50=1;VWAP=1;BIAS=1,0.00,0.00,27908.15,27908.15,outside the killzone window
1836,2023.11.08 01:00:00,2023.11.08 03:30:00,DAY_SUMMARY,XAUUSD,M3,565,FLAT,NA,DAY,0,0.00,0.00,0.00,0.00,1.00,0.00,0.00,0.00,0.00,0.00,0.00,0.00,0.00,0.00,0.00,0.00,5.01,692.73,1968.28,1967.38,1966.84,1968.25,1967.35,2.695,0.20,33.90,61.28,61.81,0.17,0.18,-0.01,1966.74,1969.03,37,52,71.4,14.3,32,1,CROSS=EMA9<EMA21;TREND=1;STRUCT=1;VOL=1;COOL=1;EMA50=1;VWAP=1;BIAS=1,0.00,0.00,27908.15,27908.15,2023.11.07 trades=1 W=1 L=0 gross_profit=692.73 gross_loss=0.00 net=692.73 PF=0.00
1837,2023.11.08 06:00:00,2023.11.08 08:30:00,SKIP,XAUUSD,M3,565,FLAT,NA,DAY,0,0.00,0.00,0.00,0.00,1.00,0.00,0.00,0.00,0.00,0.00,0.00,0.00,0.00,0.00,0.00,0.00,0.00,0.00,1968.43,1968.44,1968.02,1968.45,1968.45,1.213,0.35,13.31,43.52,43.59,-0.18,-0.19,0.00,1968.79,1967.85,75,98,14.3,57.1,5,1,CROSS=EMA9<EMA21;TREND=1;STRUCT=1;VOL=1;COOL=1;EMA50=1;VWAP=1;BIAS=1,0.00,0.00,27908.15,27908.15,already positioned that way
1838,2023.11.08 10:30:00,2023.11.08 13:00:00,SKIP,XAUUSD,M3,565,FLAT,NA,DAY,0,0.00,0.00,0.00,0.00,1.00,0.00,0.00,0.00,0.00,0.00,0.00,0.00,0.00,0.00,0.00,0.00,0.00,0.00,1967.67,1967.66,1967.68,1967.65,1967.65,-0.015,0.84,14.91,53.41,53.96,0.12,0.14,-0.01,1968.13,1968.17,170,167,71.4,14.3,5,1,CROSS=EMA9<EMA21;TREND=1;STRUCT=1;VOL=1;COOL=1;EMA50=1;VWAP=1;BIAS=1,0.00,0.00,27908.15,27908.15,outside the killzone window
1839,2023.11.08 11:27:00,2023.11.08 13:57:00,SKIP,XAUUSD,M3,565,FLAT,NA,DAY,0,0.00,0.00,0.00,0.00,1.00,0.00,0.00,0.00,0.00,0.00,0.00,0.00,0.00,0.00,0.00,0.00,0.00,0.00,1967.68,1967.68,1967.69,1967.69,1967.69,-0.007,0.70,24.73,46.07,51.08,-0.16,-0.07,-0.09,1968.07,1967.33,206,174,14.3,71.4,7,1,CROSS=EMA9<EMA21;TREND=1;STRUCT=1;VOL=1;COOL=1;EMA50=1;VWAP=1;BIAS=1,0.00,0.00,27908.15,27908.15,outside the killzone window
1840,2023.11.09 03:36:00,2023.11.09 06:06:00,ENTRY,XAUUSD,M3,567,BUY,FULLTGT,DAY,0,1953.73,1952.16,1952.16,1.57,1.00,1.57,1955.30,1956.86,1958.43,1959.99,1961.56,0.89,0.89,0.89,1953.73,0.00,0.00,0.00,1951.42,1951.40,1953.33,1951.33,1951.36,-2.458,0.78,47.05,66.97,71.31,0.91,0.72,0.20,1951.52,1953.68,186,146,85.7,14.3,5,1,CROSS=EMA9>EMA21;TREND=1;STRUCT=1;VOL=1;COOL=1;EMA50=1;VWAP=1;BIAS=1,0.00,0.00,27905.03,27900.58,KZ=ASIA; KZR=NY L @ 1950.93 130 bars ago (low taken); DAY 12AM-4PM IST session: stop x1.00 of usual; no partials; full size to TP5; SL steps BE->TP1->TP2->TP3
1841,2023.11.09 04:02:38,2023.11.09 06:32:38,EXIT_SL,XAUUSD,M3,567,BUY,FULLTGT,DAY,0,1953.73,1952.16,1952.16,1.57,1.00,1.57,1955.30,1956.86,1958.43,1959.99,1961.56,0.89,0.89,0.00,1952.15,0.00,-1.01,-146.86,1952.10,1951.77,1953.37,1952.04,1951.74,-2.222,0.72,31.42,56.19,60.58,0.72,0.86,-0.14,1951.96,1953.40,121,172,71.4,14.3,5,1,CROSS=EMA9>EMA21;TREND=1;STRUCT=1;VOL=1;COOL=1;EMA50=1;VWAP=1;BIAS=1,0.48,-0.97,27761.29,27761.29,stopped at the initial SL (x1.00 of usual)
1842,2023.11.09 04:54:00,2023.11.09 07:24:00,ENTRY,XAUUSD,M3,569,SELL,FULLTGT,DAY,0,1949.46,1951.12,1951.12,1.66,1.00,1.66,1947.80,1946.14,1944.48,1942.82,1941.16,0.83,0.83,0.83,1949.46,0.00,0.00,0.00,1951.58,1951.58,1953.01,1951.66,1951.62,-1.720,0.83,40.42,30.71,32.34,-0.61,-0.36,-0.25,1951.72,1949.46,229,152,0.0,100.0,7,1,CROSS=EMA9<EMA21;TREND=1;STRUCT=1;VOL=1;COOL=1;EMA50=1;VWAP=1;BIAS=1,0.00,0.00,27758.38,27752.57,KZ=ASIA; KZR=NY L @ 1950.93 156 bars ago (low taken); DAY 12AM-4PM IST session: stop x1.00 of usual; no partials; full size to TP5; SL steps BE->TP1->TP2->TP3
1843,2023.11.09 10:11:34,2023.11.09 12:41:34,TP1_REACHED,XAUUSD,M3,569,SELL,FULLTGT,DAY,0,1949.46,1951.12,1951.12,1.66,1.00,1.66,1947.80,1946.14,1944.48,1942.82,1941.16,0.83,0.00,0.83,1947.80,1.00,1.00,0.00,1949.64,1949.81,1950.74,1949.66,1949.82,-1.706,0.55,34.17,42.57,35.50,-0.11,0.02,-0.13,1950.51,1949.00,218,142,0.0,100.0,5,1,CROSS=EMA9<EMA21;TREND=1;STRUCT=1;VOL=1;COOL=1;EMA50=1;VWAP=1;BIAS=1,0.98,-0.69,27758.38,27896.16,full target: no partial booked
1844,2023.11.09 10:15:39,2023.11.09 12:45:39,TP2_REACHED,XAUUSD,M3,569,SELL,FULLTGT,DAY,0,1949.46,1951.12,1951.12,1.66,1.00,1.66,1947.80,1946.14,1944.48,1942.82,1941.16,0.83,0.00,0.83,1946.14,2.00,2.00,0.00,1949.45,1949.70,1950.67,1949.56,1949.77,-1.407,0.69,42.54,26.51,21.97,-0.43,-0.08,-0.36,1950.45,1946.59,241,147,0.0,100.0,5,1,CROSS=EMA9<EMA21;TREND=1;STRUCT=1;VOL=1;COOL=1;EMA50=1;VWAP=1;BIAS=1,1.99,-0.69,27758.38,28034.77,full target: no partial booked
1845,2023.11.09 15:57:36,2023.11.09 18:27:36,EXIT_SL,XAUUSD,M3,569,SELL,FULLTGT,EVENING,0,1949.46,1951.12,1951.12,1.66,1.00,1.66,1947.80,1946.14,1944.48,1942.82,1941.16,0.83,0.83,0.00,1951.15,0.00,-1.02,-146.09,1947.09,1947.41,1948.33,1946.97,1947.36,-0.538,1.70,33.25,64.43,60.25,0.32,-0.02,0.34,1948.91,1950.05,443,332,85.7,14.3,10,1,CROSS=EMA9<EMA21;TREND=1;STRUCT=1;VOL=1;COOL=1;EMA50=1;VWAP=1;BIAS=1,2.90,-0.99,27615.20,27615.20,stopped at the initial SL (x1.00 of usual)
1846,2023.11.09 16:18:00,2023.11.09 18:48:00,ENTRY,XAUUSD,M3,571,BUY,FULLTGT,EVENING,0,1951.15,1948.33,1948.33,2.82,1.00,2.82,1953.97,1956.80,1959.62,1962.44,1965.26,0.48,0.48,0.48,1951.15,0.00,0.00,0.00,1947.73,1947.71,1948.42,1947.59,1947.64,-0.502,1.41,38.85,65.76,56.73,0.85,0.58,0.27,1948.95,1951.07,381,357,100.0,0.0,5,1,CROSS=EMA9>EMA21;TREND=1;STRUCT=1;VOL=1;COOL=1;EMA50=1;VWAP=1;BIAS=1,0.00,0.00,27613.52,27611.12,KZ=NY; KZR=Asia L @ 1947.84 122 bars ago (low taken); EVENING 4PM-12AM IST session: stop x1.00 of usual; no partials; full size to TP5; SL steps BE->TP1->TP2->TP3
1847,2023.11.09 16:40:16,2023.11.09 19:10:16,TP1_REACHED,XAUUSD,M3,571,BUY,FULLTGT,EVENING,0,1951.15,1948.33,1948.33,2.82,1.00,2.82,1953.97,1956.80,1959.62,1962.44,1965.26,0.48,0.00,0.48,1953.97,1.00,1.00,0.00,1948.77,1948.27,1948.66,1948.59,1948.17,-0.300,1.31,46.04,69.82,68.23,1.40,1.08,0.31,1949.11,1953.18,397,349,100.0,0.0,6,1,CROSS=EMA9>EMA21;TREND=1;STRUCT=1;VOL=1;COOL=1;EMA50=1;VWAP=1;BIAS=1,0.99,-0.41,27613.52,27749.84,full target: no partial booked
1848,2023.11.09 16:43:00,2023.11.09 19:13:00,TP2_REACHED,XAUUSD,M3,571,BUY,FULLTGT,EVENING,0,1951.15,1948.33,1948.33,2.82,1.00,2.82,1953.97,1956.80,1959.62,1962.44,1965.26,0.48,0.00,0.48,1956.80,2.00,2.00,0.00,1949.01,1948.40,1948.72,1948.77,1948.27,-0.229,1.41,48.50,75.12,68.23,1.60,1.18,0.42,1949.16,1955.04,440,351,100.0,0.0,10,1,CROSS=EMA9>EMA21;TREND=1;STRUCT=1;VOL=1;COOL=1;EMA50=1;VWAP=1;BIAS=1,1.99,-0.41,27613.52,27885.20,full target: no partial booked
1849,2023.11.09 17:12:17,2023.11.09 19:42:17,TP3_REACHED,XAUUSD,M3,571,BUY,FULLTGT,EVENING,0,1951.15,1948.33,1948.33,2.82,1.00,2.82,1953.97,1956.80,1959.62,1962.44,1965.26,0.48,0.00,0.48,1959.62,3.00,3.00,0.00,1951.69,1949.98,1949.52,1951.42,1949.81,0.248,1.86,42.93,66.71,70.06,2.26,2.31,-0.05,1949.82,1958.39,372,388,71.4,14.3,7,1,CROSS=EMA9>EMA21;TREND=1;STRUCT=1;VOL=1;COOL=1;EMA50=1;VWAP=1;BIAS=1,2.99,-0.41,27613.52,28020.56,full target: no partial booked
1850,2023.11.09 17:40:29,2023.11.09 20:10:29,TP4_REACHED,XAUUSD,M3,571,BUY,FULLTGT,EVENING,0,1951.15,1948.33,1948.33,2.82,1.00,2.82,1953.97,1956.80,1959.62,1962.44,1965.26,0.48,0.00,0.48,1962.44,4.00,4.00,0.00,1953.99,1951.52,1950.36,1953.71,1951.33,0.642,1.80,26.88,67.66,73.53,2.03,2.23,-0.19,1950.40,1960.88,359,397,71.4,14.3,5,1,CROSS=EMA9>EMA21;TREND=1;STRUCT=1;VOL=1;COOL=1;EMA50=1;VWAP=1;BIAS=1,4.00,-0.41,27613.52,28156.88,full target: no partial booked
1851,2023.11.09 20:26:34,2023.11.09 22:56:34,TP5_EXIT,XAUUSD,M3,571,BUY,FULLTGT,EVENING,0,1951.15,1948.33,1948.33,2.82,1.00,2.82,1953.97,1956.80,1959.62,1962.44,1965.26,0.48,0.48,0.00,1965.27,5.00,5.00,0.00,1961.00,1958.46,1955.27,1960.86,1958.34,2.408,1.32,26.61,64.17,61.70,0.40,-0.13,0.52,1952.97,1964.34,325,310,100.0,0.0,10,1,CROSS=EMA9>EMA21;TREND=1;STRUCT=1;VOL=1;COOL=1;EMA50=1;VWAP=1;BIAS=1,4.99,-0.41,28289.60,28289.60,full target reached; closed in full
1852,2023.11.09 20:26:35,2023.11.09 22:56:35,EXIT_TP,XAUUSD,M3,571,BUY,FULLTGT,EVENING,0,1951.15,1948.33,1948.33,2.82,1.00,2.82,1953.97,1956.80,1959.62,1962.44,1965.26,0.48,0.48,0.00,1965.27,0.00,5.00,674.40,1961.00,1958.46,1955.27,1960.86,1958.34,2.408,1.32,26.61,64.17,61.70,0.40,-0.13,0.52,1952.97,1964.34,325,310,100.0,0.0,10,1,CROSS=EMA9>EMA21;TREND=1;STRUCT=1;VOL=1;COOL=1;EMA50=1;VWAP=1;BIAS=1,4.99,-0.41,28289.60,28289.60,TP5 exit
1853,2023.11.09 23:15:00,2023.11.10 01:45:00,SKIP,XAUUSD,M3,571,FLAT,NA,DAY,0,0.00,0.00,0.00,0.00,1.00,0.00,0.00,0.00,0.00,0.00,0.00,0.00,0.00,0.00,0.00,0.00,0.00,0.00,1958.90,1958.90,1957.05,1958.94,1958.92,3.206,0.57,26.08,46.69,43.37,-0.39,-0.51,0.12,1954.13,1957.92,57,139,28.6,57.1,5,1,CROSS=EMA9>EMA21;TREND=1;STRUCT=1;VOL=1;COOL=1;EMA50=1;VWAP=1;BIAS=1,0.00,0.00,28289.60,28289.60,outside the killzone window
1854,2023.11.10 01:00:00,2023.11.10 03:30:00,DAY_SUMMARY,XAUUSD,M3,571,FLAT,NA,DAY,0,0.00,0.00,0.00,0.00,1.00,0.00,0.00,0.00,0.00,0.00,0.00,0.00,0.00,0.00,0.00,0.00,2.97,381.45,1958.63,1958.74,1957.23,1958.64,1958.75,5.460,0.28,28.48,51.92,48.62,0.04,-0.03,0.06,1954.17,1958.41,82,65,57.1,42.9,27,1,CROSS=EMA9>EMA21;TREND=1;STRUCT=1;VOL=1;COOL=1;EMA50=1;VWAP=1;BIAS=1,0.00,0.00,28289.60,28289.60,2023.11.09 trades=3 W=1 L=2 gross_profit=674.40 gross_loss=292.95 net=381.45 PF=2.30
1855,2023.11.10 02:24:00,2023.11.10 04:54:00,SKIP,XAUUSD,M3,571,FLAT,NA,DAY,0,0.00,0.00,0.00,0.00,1.00,0.00,0.00,0.00,0.00,0.00,0.00,0.00,0.00,0.00,0.00,0.00,0.00,0.00,1958.77,1958.77,1957.61,1958.75,1958.76,2.203,0.53,32.72,58.60,57.49,0.15,0.13,0.02,1958.80,1959.27,116,97,85.7,14.3,5,1,CROSS=EMA9>EMA21;TREND=1;STRUCT=1;VOL=1;COOL=1;EMA50=1;VWAP=1;BIAS=1,0.00,0.00,28289.60,28289.60,already positioned that way
1856,2023.11.10 04:27:00,2023.11.10 06:57:00,ENTRY,XAUUSD,M3,573,SELL,FULLTGT,DAY,0,1957.06,1958.49,1958.49,1.43,1.00,1.43,1955.63,1954.21,1952.78,1951.35,1949.92,0.99,0.99,0.99,1957.06,0.00,0.00,0.00,1959.04,1959.04,1958.18,1959.12,1959.08,1.197,0.71,37.91,33.92,36.22,-0.57,-0.22,-0.35,1959.21,1957.02,156,162,0.0,85.7,5,1,CROSS=EMA9<EMA21;TREND=1;STRUCT=1;VOL=1;COOL=1;EMA50=1;VWAP=1;BIAS=1,0.00,0.00,28286.13,28281.18,KZ=ASIA; KZR=Asia L @ 1947.84 365 bars ago (low taken); DAY 12AM-4PM IST session: stop x1.00 of usual; no partials; full size to TP5; SL steps BE->TP1->TP2->TP3
1857,2023.11.10 04:57:37,2023.11.10 07:27:37,EXIT_SL,XAUUSD,M3,573,SELL,FULLTGT,DAY,0,1957.06,1958.49,1958.49,1.43,1.00,1.43,1955.63,1954.21,1952.78,1951.35,1949.92,0.99,0.99,0.00,1958.49,0.00,-1.00,-148.51,1958.50,1958.74,1958.11,1958.52,1958.76,0.880,0.72,28.23,49.49,39.82,-0.47,-0.58,0.12,1958.99,1958.04,110,130,14.3,71.4,5,1,CROSS=EMA9<EMA21;TREND=1;STRUCT=1;VOL=1;COOL=1;EMA50=1;VWAP=1;BIAS=1,0.29,-0.97,28141.09,28141.09,stopped at the initial SL (x1.00 of usual)
1858,2023.11.10 05:45:00,2023.11.10 08:15:00,ENTRY,XAUUSD,M3,575,BUY,FULLTGT,DAY,0,1960.17,1959.12,1959.12,1.05,1.00,1.05,1961.22,1962.27,1963.32,1964.36,1965.41,1.34,1.34,1.34,1960.17,0.00,0.00,0.00,1958.90,1958.89,1958.28,1958.85,1958.87,1.167,0.52,60.38,62.91,61.33,0.49,0.34,0.15,1959.00,1960.11,83,116,85.7,0.0,5,1,CROSS=EMA9>EMA21;TREND=1;STRUCT=1;VOL=1;COOL=1;EMA50=1;VWAP=1;BIAS=1,0.00,0.00,28136.40,28129.70,KZ=ASIA; KZR=Asia L @ 1947.84 391 bars ago (low taken); DAY 12AM-4PM IST session: stop x1.00 of usual; no partials; full size to TP5; SL steps BE->TP1->TP2->TP3
1859,2023.11.10 06:04:34,2023.11.10 08:34:34,EXIT_SL,XAUUSD,M3,575,BUY,FULLTGT,DAY,0,1960.17,1959.12,1959.12,1.05,1.00,1.05,1961.22,1962.27,1963.32,1964.36,1965.41,1.34,1.34,0.00,1959.12,0.00,-1.00,-150.08,1959.08,1958.99,1958.37,1959.07,1958.98,1.646,0.38,40.61,51.34,54.23,0.33,0.45,-0.11,1959.03,1959.38,68,94,71.4,14.3,5,1,CROSS=EMA9>EMA21;TREND=1;STRUCT=1;VOL=1;COOL=1;EMA50=1;VWAP=1;BIAS=1,0.10,-0.96,27991.01,27991.01,stopped at the initial SL (x1.00 of usual)
1860,2023.11.10 06:27:00,2023.11.10 08:57:00,ENTRY,XAUUSD,M3,577,SELL,FULLTGT,DAY,0,1957.84,1958.73,1958.73,0.89,1.00,0.89,1956.95,1956.06,1955.17,1954.28,1953.39,1.57,1.57,1.57,1957.84,0.00,0.00,0.00,1958.90,1958.91,1958.37,1958.94,1958.93,1.202,0.45,47.19,35.98,39.09,-0.21,0.04,-0.25,1958.99,1957.84,193,90,0.0,100.0,7,1,CROSS=EMA9<EMA21;TREND=1;STRUCT=1;VOL=1;COOL=1;EMA50=1;VWAP=1;BIAS=1,0.00,0.00,27985.51,27974.52,KZ=ASIA; KZR=Asia L @ 1947.84 405 bars ago (low taken); DAY 12AM-4PM IST session: stop x1.00 of usual; no partials; full size to TP5; SL steps BE->TP1->TP2->TP3
1861,2023.11.10 07:20:32,2023.11.10 09:50:32,TP1_REACHED,XAUUSD,M3,577,SELL,FULLTGT,DAY,0,1957.84,1958.73,1958.73,0.89,1.00,0.89,1956.95,1956.06,1955.17,1954.28,1953.39,1.57,0.00,1.57,1956.95,1.00,1.00,0.00,1958.27,1958.54,1958.26,1958.32,1958.57,0.841,0.34,49.34,36.25,34.99,-0.39,-0.35,-0.04,1958.88,1957.14,80,77,0.0,100.0,5,1,CROSS=EMA9<EMA21;TREND=1;STRUCT=1;VOL=1;COOL=1;EMA50=1;VWAP=1;BIAS=1,1.03,-0.64,27985.51,28126.81,full target: no partial booked
1862,2023.11.10 08:06:21,2023.11.10 10:36:21,TP2_REACHED,XAUUSD,M3,577,SELL,FULLTGT,DAY,0,1957.84,1958.73,1958.73,0.89,1.00,0.89,1956.95,1956.06,1955.17,1954.28,1953.39,1.57,0.00,1.57,1956.06,2.00,2.00,0.00,1957.68,1958.13,1958.08,1957.74,1958.17,0.110,0.46,25.93,33.73,34.14,-0.29,-0.29,-0.00,1958.70,1956.18,104,95,0.0,100.0,9,1,CROSS=EMA9<EMA21;TREND=1;STRUCT=1;VOL=1;COOL=1;EMA50=1;VWAP=1;BIAS=1,1.98,-0.64,27985.51,28266.54,full target: no partial booked
1863,2023.11.10 09:14:35,2023.11.10 11:44:35,TP3_REACHED,XAUUSD,M3,577,SELL,FULLTGT,DAY,0,1957.84,1958.73,1958.73,0.89,1.00,0.89,1956.95,1956.06,1955.17,1954.28,1953.39,1.57,0.00,1.57,1955.17,3.00,3.00,0.00,1957.22,1957.70,1957.86,1957.28,1957.74,-0.244,0.63,29.81,34.14,30.51,-0.30,-0.10,-0.20,1958.43,1955.71,185,124,0.0,100.0,5,1,CROSS=EMA9<EMA21;TREND=1;STRUCT=1;VOL=1;COOL=1;EMA50=1;VWAP=1;BIAS=1,3.00,-0.64,27985.51,28409.41,full target: no partial booked
1864,2023.11.10 09:22:49,2023.11.10 11:52:49,TP4_REACHED,XAUUSD,M3,577,SELL,FULLTGT,DAY,0,1957.84,1958.73,1958.73,0.89,1.00,0.89,1956.95,1956.06,1955.17,1954.28,1953.39,1.57,0.00,1.57,1954.28,4.00,4.00,0.00,1957.01,1957.57,1957.78,1957.09,1957.62,-0.345,0.62,37.74,33.96,35.16,-0.46,-0.23,-0.22,1958.35,1955.26,177,133,0.0,100.0,5,1,CROSS=EMA9<EMA21;TREND=1;STRUCT=1;VOL=1;COOL=1;EMA50=1;VWAP=1;BIAS=1,4.00,-0.64,27985.51,28547.57,full target: no partial booked
1865,2023.11.10 12:08:04,2023.11.10 14:38:04,TP5_EXIT,XAUUSD,M3,577,SELL,FULLTGT,DAY,0,1957.84,1958.73,1958.73,0.89,1.00,0.89,1956.95,1956.06,1955.17,1954.28,1953.39,1.57,1.57,0.00,1953.37,5.00,5.00,0.00,1954.99,1955.80,1956.61,1955.04,1955.84,-1.622,0.50,31.06,37.87,39.16,-0.34,-0.30,-0.04,1957.33,1953.60,99,129,0.0,85.7,5,1,CROSS=EMA9<EMA21;TREND=1;STRUCT=1;VOL=1;COOL=1;EMA50=1;VWAP=1;BIAS=1,5.06,-0.64,28677.37,28681.84,full target reached; closed in full
1866,2023.11.10 23:42:00,2023.11.11 02:12:00,EXIT_WEEKEND,XAUUSD,M3,577,SELL,FULLTGT,DAY,0,1957.84,1958.73,1958.73,0.89,1.00,0.89,1956.95,1956.06,1955.17,1954.28,1953.39,1.57,0.01,0.00,1937.05,0.00,23.36,0.00,1936.53,1937.58,1940.84,1936.51,1937.59,-8.433,0.39,24.28,58.00,54.57,0.31,0.33,-0.02,1947.79,1937.00,63,78,28.6,42.9,5,1,CROSS=EMA9<EMA21;TREND=1;STRUCT=1;VOL=1;COOL=1;EMA50=1;VWAP=1;BIAS=1,27.87,-0.64,28698.12,28698.12,WEEKEND exit
1867,2023.11.10 23:42:04,2023.11.11 02:12:04,EXIT_WEEKEND,XAUUSD,M3,577,SELL,FULLTGT,DAY,0,1957.84,1958.73,1958.73,0.89,1.00,0.89,1956.95,1956.06,1955.17,1954.28,1953.39,1.57,1.57,0.00,1937.05,0.00,23.36,707.11,1936.53,1937.58,1940.84,1936.51,1937.59,-8.433,0.39,24.28,58.00,54.57,0.31,0.33,-0.02,1947.79,1937.00,63,78,28.6,42.9,5,1,CROSS=EMA9<EMA21;TREND=1;STRUCT=1;VOL=1;COOL=1;EMA50=1;VWAP=1;BIAS=1,27.87,-0.64,28698.12,28698.12,flattened before the Friday close
1868,2023.11.13 01:00:00,2023.11.13 03:30:00,DAY_SUMMARY,XAUUSD,M3,577,FLAT,NA,DAY,0,0.00,0.00,0.00,0.00,1.00,0.00,0.00,0.00,0.00,0.00,0.00,0.00,0.00,0.00,0.00,0.00,21.36,408.52,1936.68,1937.56,1940.67,1936.60,1937.53,-6.108,0.51,23.65,73.29,67.47,0.38,0.31,0.07,1947.73,1938.62,133,73,57.1,28.6,50,1,CROSS=EMA9<EMA21;TREND=1;STRUCT=1;VOL=1;COOL=1;EMA50=1;VWAP=1;BIAS=1,0.00,0.00,28698.12,28698.12,2023.11.10 trades=3 W=1 L=2 gross_profit=707.11 gross_loss=298.59 net=408.52 PF=2.37
1869,2023.11.13 01:00:00,2023.11.13 03:30:00,WEEK_SUMMARY,XAUUSD,M3,577,FLAT,NA,DAY,0,0.00,0.00,0.00,0.00,1.00,0.00,0.00,0.00,0.00,0.00,0.00,0.00,0.00,0.00,0.00,0.00,27.33,1200.34,1936.68,1937.56,1940.67,1936.60,1937.53,-6.108,0.51,23.65,73.29,67.47,0.38,0.31,0.07,1947.73,1938.62,133,73,57.1,28.6,50,1,CROSS=EMA9<EMA21;TREND=1;STRUCT=1;VOL=1;COOL=1;EMA50=1;VWAP=1;BIAS=1,0.00,0.00,28698.12,28698.12,days=4 trades=9 W=3 L=6 gross_profit=2074.24 gross_loss=873.90 net=1200.34 PF=2.37 pips=3703.0
1870,2023.11.13 01:48:00,2023.11.13 04:18:00,SKIP,XAUUSD,M3,577,FLAT,NA,DAY,0,0.00,0.00,0.00,0.00,1.00,0.00,0.00,0.00,0.00,0.00,0.00,0.00,0.00,0.00,0.00,0.00,0.00,0.00,1938.24,1938.23,1940.57,1938.17,1938.19,-2.232,1.05,19.86,61.16,61.24,0.66,0.84,-0.19,1939.74,1940.03,102,77,71.4,14.3,5,1,CROSS=EMA9<EMA21;TREND=1;STRUCT=1;VOL=1;COOL=1;EMA50=1;VWAP=1;BIAS=1,0.00,0.00,28698.12,28698.12,outside the killzone window
1871,2023.11.13 05:12:00,2023.11.13 07:42:00,ENTRY,XAUUSD,M3,580,SELL,FULLTGT,DAY,0,1936.87,1938.02,1938.02,1.15,1.00,1.15,1935.72,1934.57,1933.42,1932.28,1931.13,1.24,1.24,1.24,1936.87,0.00,0.00,0.00,1939.11,1939.13,1940.08,1939.20,1939.17,-1.658,0.57,52.24,26.27,34.46,-0.72,-0.46,-0.25,1939.71,1936.87,180,144,0.0,100.0,5,1,CROSS=EMA9<EMA21;TREND=1;STRUCT=1;VOL=1;COOL=1;EMA50=1;VWAP=1;BIAS=1,0.00,0.00,28693.78,28687.58,KZ=ASIA; KZR=NY L @ 1939.70 1177 bars ago (low taken); DAY 12AM-4PM IST session: stop x1.00 of usual; no partials; full size to TP5; SL steps BE->TP1->TP2->TP3
1872,2023.11.13 05:14:26,2023.11.13 07:44:26,TP1_REACHED,XAUUSD,M3,580,SELL,FULLTGT,DAY,0,1936.87,1938.02,1938.02,1.15,1.00,1.15,1935.72,1934.57,1933.42,1932.28,1931.13,1.24,0.00,1.24,1935.72,1.00,1.00,0.00,1939.11,1939.13,1940.08,1939.20,1939.17,-1.658,0.57,52.24,26.27,34.46,-0.72,-0.46,-0.25,1939.71,1936.87,180,144,0.0,100.0,7,1,CROSS=EMA9<EMA21;TREND=1;STRUCT=1;VOL=1;COOL=1;EMA50=1;VWAP=1;BIAS=1,0.97,-0.11,28693.78,28837.62,full target: no partial booked
1873,2023.11.13 05:20:34,2023.11.13 07:50:34,TP2_REACHED,XAUUSD,M3,580,SELL,FULLTGT,DAY,0,1936.87,1938.02,1938.02,1.15,1.00,1.15,1935.72,1934.57,1933.42,1932.28,1931.13,1.24,0.00,1.24,1934.57,2.00,2.00,0.00,1938.83,1938.98,1939.99,1938.97,1939.06,-1.594,0.63,59.65,19.24,24.88,-0.97,-0.62,-0.35,1939.58,1935.43,211,151,0.0,100.0,6,1,CROSS=EMA9<EMA21;TREND=1;STRUCT=1;VOL=1;COOL=1;EMA50=1;VWAP=1;BIAS=1,1.99,-0.11,28693.78,28980.22,full target: no partial booked
1874,2023.11.13 07:29:25,2023.11.13 09:59:25,EXIT_SL,XAUUSD,M3,580,SELL,FULLTGT,DAY,0,1936.87,1938.02,1938.02,1.15,1.00,1.15,1935.72,1934.57,1933.42,1932.28,1931.13,1.24,1.24,0.00,1938.05,0.00,-1.03,-155.00,1936.23,1936.99,1938.40,1936.18,1936.98,-3.547,0.40,56.78,75.01,64.87,0.45,0.20,0.24,1938.54,1937.47,89,74,71.4,28.6,5,1,CROSS=EMA9<EMA21;TREND=1;STRUCT=1;VOL=1;COOL=1;EMA50=1;VWAP=1;BIAS=1,2.44,-0.98,28543.12,28543.12,stopped at the initial SL (x1.00 of usual)
1875,2023.11.13 08:18:00,2023.11.13 10:48:00,SKIP,XAUUSD,M3,580,FLAT,NA,DAY,0,0.00,0.00,0.00,0.00,1.00,0.00,0.00,0.00,0.00,0.00,0.00,0.00,0.00,0.00,0.00,0.00,0.00,0.00,1937.56,1937.53,1938.47,1937.49,1937.50,-1.309,0.72,36.57,63.15,63.19,0.70,0.86,-0.15,1938.57,1939.19,123,143,71.4,14.3,10,1,CROSS=EMA9<EMA21;TREND=1;STRUCT=1;VOL=1;COOL=1;EMA50=1;VWAP=1;BIAS=1,0.00,0.00,28543.12,28543.12,outside the killzone window
1876,2023.11.13 10:48:00,2023.11.13 13:18:00,SKIP,XAUUSD,M3,580,FLAT,NA,DAY,0,0.00,0.00,0.00,0.00,1.00,0.00,0.00,0.00,0.00,0.00,0.00,0.00,0.00,0.00,0.00,0.00,0.00,0.00,1938.07,1938.08,1938.49,1938.15,1938.12,-0.528,0.79,20.61,35.64,41.11,-0.56,-0.51,-0.05,1938.56,1936.10,192,193,0.0,71.4,5,1,CROSS=EMA9<EMA21;TREND=1;STRUCT=1;VOL=1;COOL=1;EMA50=1;VWAP=1;BIAS=1,0.00,0.00,28543.12,28543.12,outside the killzone window
1877,2023.11.13 11:51:00,2023.11.13 14:21:00,SKIP,XAUUSD,M3,580,FLAT,NA,DAY,0,0.00,0.00,0.00,0.00,1.00,0.00,0.00,0.00,0.00,0.00,0.00,0.00,0.00,0.00,0.00,0.00,0.00,0.00,1937.98,1937.98,1938.35,1937.95,1937.97,-0.425,0.86,29.25,55.20,56.85,0.44,0.20,0.24,1938.47,1938.78,150,165,85.7,0.0,5,1,CROSS=EMA9<EMA21;TREND=1;STRUCT=1;VOL=1;COOL=1;EMA50=1;VWAP=1;BIAS=1,0.00,0.00,28543.12,28543.12,outside the killzone window
1878,2023.11.13 12:33:00,2023.11.13 15:03:00,SKIP,XAUUSD,M3,580,FLAT,NA,DAY,0,0.00,0.00,0.00,0.00,1.00,0.00,0.00,0.00,0.00,0.00,0.00,0.00,0.00,0.00,0.00,0.00,0.00,0.00,1937.97,1937.98,1938.30,1937.99,1937.99,-0.557,0.57,28.89,45.74,46.74,-0.04,0.06,-0.10,1938.44,1937.56,131,155,0.0,85.7,5,1,CROSS=EMA9<EMA21;TREND=1;STRUCT=1;VOL=1;COOL=1;EMA50=1;VWAP=1;BIAS=1,0.00,0.00,28543.12,28543.12,outside the killzone window
1879,2023.11.13 12:57:00,2023.11.13 15:27:00,SKIP,XAUUSD,M3,580,FLAT,NA,DAY,0,0.00,0.00,0.00,0.00,1.00,0.00,0.00,0.00,0.00,0.00,0.00,0.00,0.00,0.00,0.00,0.00,0.00,0.00,1937.99,1937.98,1938.28,1937.94,1937.96,-0.663,0.44,34.89,63.07,59.75,0.10,-0.06,0.16,1938.43,1939.09,128,128,85.7,0.0,9,1,CROSS=EMA9<EMA21;TREND=1;STRUCT=1;VOL=1;COOL=1;EMA50=1;VWAP=1;BIAS=1,0.00,0.00,28543.12,28543.12,outside the killzone window
1880,2023.11.13 13:51:00,2023.11.13 16:21:00,SKIP,XAUUSD,M3,580,FLAT,NA,EVENING,0,0.00,0.00,0.00,0.00,1.00,0.00,0.00,0.00,0.00,0.00,0.00,0.00,0.00,0.00,0.00,0.00,0.00,0.00,1938.01,1938.02,1938.25,1938.03,1938.03,-0.494,0.47,20.73,44.39,45.75,-0.18,-0.09,-0.09,1938.42,1937.60,99,136,0.0,71.4,5,1,CROSS=EMA9<EMA21;TREND=1;STRUCT=1;VOL=1;COOL=1;EMA50=1;VWAP=1;BIAS=1,0.00,0.00,28543.12,28543.12,outside the killzone window
1881,2023.11.13 13:54:00,2023.11.13 16:24:00,SKIP,XAUUSD,M3,580,FLAT,NA,EVENING,0,0.00,0.00,0.00,0.00,1.00,0.00,0.00,0.00,0.00,0.00,0.00,0.00,0.00,0.00,0.00,0.00,0.00,0.00,1938.03,1938.02,1938.25,1938.01,1938.02,-0.478,0.48,20.11,54.46,45.75,-0.13,-0.11,-0.02,1938.42,1938.32,148,138,42.9,42.9,5,1,CROSS=EMA9<EMA21;TREND=1;STRUCT=1;VOL=1;COOL=1;EMA50=1;VWAP=1;BIAS=1,0.00,0.00,28543.12,28543.12,outside the killzone window
1882,2023.11.13 14:03:00,2023.11.13 16:33:00,SKIP,XAUUSD,M3,580,FLAT,NA,EVENING,0,0.00,0.00,0.00,0.00,1.00,0.00,0.00,0.00,0.00,0.00,0.00,0.00,0.00,0.00,0.00,0.00,0.00,0.00,1938.01,1938.02,1938.24,1938.02,1938.02,-0.482,0.47,17.81,45.27,49.55,-0.10,-0.13,0.03,1938.41,1937.63,168,138,14.3,71.4,5,1,CROSS=EMA9<EMA21;TREND=1;STRUCT=1;VOL=1;COOL=1;EMA50=1;VWAP=1;BIAS=1,0.00,0.00,28543.12,28543.12,already positioned that way
1883,2023.11.13 18:18:00,2023.11.13 20:48:00,SKIP,XAUUSD,M3,580,FLAT,NA,EVENING,0,0.00,0.00,0.00,0.00,1.00,0.00,0.00,0.00,0.00,0.00,0.00,0.00,0.00,0.00,0.00,0.00,0.00,0.00,1936.68,1936.61,1937.08,1936.50,1936.53,-0.484,0.96,57.99,77.32,69.29,1.35,0.90,0.44,1937.45,1941.02,313,293,100.0,0.0,5,1,CROSS=EMA9<EMA21;TREND=1;STRUCT=1;VOL=1;COOL=1;EMA50=1;VWAP=1;BIAS=1,0.00,0.00,28543.12,28543.12,outside the killzone window
1884,2023.11.14 01:00:00,2023.11.14 03:30:00,DAY_SUMMARY,XAUUSD,M3,580,FLAT,NA,DAY,0,0.00,0.00,0.00,0.00,1.00,0.00,0.00,0.00,0.00,0.00,0.00,0.00,0.00,0.00,0.00,0.00,-1.03,-155.00,1946.12,1945.24,1943.29,1946.12,1945.23,8.575,0.23,16.39,47.69,48.86,-0.03,0.02,-0.05,1939.28,1946.11,20,41,28.6,42.9,32,1,CROSS=EMA9<EMA21;TREND=1;STRUCT=1;VOL=1;COOL=1;EMA50=1;VWAP=1;BIAS=1,0.00,0.00,28543.12,28543.12,2023.11.13 trades=1 W=0 L=1 gross_profit=0.00 gross_loss=155.00 net=-155.00 PF=0.00
1885,2023.11.14 05:09:00,2023.11.14 07:39:00,SKIP,XAUUSD,M3,580,FLAT,NA,DAY,0,0.00,0.00,0.00,0.00,1.00,0.00,0.00,0.00,0.00,0.00,0.00,0.00,0.00,0.00,0.00,0.00,0.00,0.00,1945.95,1945.95,1944.93,1945.98,1945.96,2.061,0.49,19.13,43.62,45.93,-0.14,-0.11,-0.03,1946.28,1945.20,90,120,0.0,71.4,5,1,CROSS=EMA9<EMA21;TREND=1;STRUCT=1;VOL=1;COOL=1;EMA50=1;VWAP=1;BIAS=1,0.00,0.00,28543.12,28543.12,already positioned that way
1886,2023.11.14 09:36:00,2023.11.14 12:06:00,SKIP,XAUUSD,M3,580,FLAT,NA,DAY,0,0.00,0.00,0.00,0.00,1.00,0.00,0.00,0.00,0.00,0.00,0.00,0.00,0.00,0.00,0.00,0.00,0.00,0.00,1945.23,1945.23,1944.99,1945.21,1945.22,0.410,0.58,33.49,53.17,53.32,0.30,0.25,0.04,1945.67,1945.66,154,125,71.4,28.6,5,1,CROSS=EMA9<EMA21;TREND=1;STRUCT=1;VOL=1;COOL=1;EMA50=1;VWAP=1;BIAS=1,0.00,0.00,28543.12,28543.12,outside the killzone window
1887,2023.11.14 10:48:00,2023.11.14 13:18:00,SKIP,XAUUSD,M3,580,FLAT,NA,DAY,0,0.00,0.00,0.00,0.00,1.00,0.00,0.00,0.00,0.00,0.00,0.00,0.00,0.00,0.00,0.00,0.00,0.00,0.00,1945.24,1945.25,1945.06,1945.26,1945.26,0.352,0.54,21.23,43.32,43.84,-0.12,-0.09,-0.03,1945.60,1944.64,163,150,14.3,71.4,5,1,CROSS=EMA9<EMA21;TREND=1;STRUCT=1;VOL=1;COOL=1;EMA50=1;VWAP=1;BIAS=1,0.00,0.00,28543.12,28543.12,outside the killzone window
1888,2023.11.14 10:54:00,2023.11.14 13:24:00,SKIP,XAUUSD,M3,580,FLAT,NA,DAY,0,0.00,0.00,0.00,0.00,1.00,0.00,0.00,0.00,0.00,0.00,0.00,0.00,0.00,0.00,0.00,0.00,0.00,0.00,1945.28,1945.26,1945.07,1945.25,1945.25,0.333,0.59,17.82,56.81,49.56,-0.01,-0.08,0.06,1945.60,1945.98,156,153,71.4,14.3,5,1,CROSS=EMA9<EMA21;TREND=1;STRUCT=1;VOL=1;COOL=1;EMA50=1;VWAP=1;BIAS=1,0.00,0.00,28543.12,28543.12,outside the killzone window
1889,2023.11.14 14:45:00,2023.11.14 17:15:00,SKIP,XAUUSD,M3,580,FLAT,NA,EVENING,0,0.00,0.00,0.00,0.00,1.00,0.00,0.00,0.00,0.00,0.00,0.00,0.00,0.00,0.00,0.00,0.00,0.00,0.00,1946.11,1946.11,1945.81,1946.14,1946.13,0.550,0.56,12.60,42.99,43.57,-0.18,-0.19,0.01,1945.94,1945.51,113,124,14.3,57.1,5,1,CROSS=EMA9<EMA21;TREND=1;STRUCT=1;VOL=1;COOL=1;EMA50=1;VWAP=1;BIAS=1,0.00,0.00,28543.12,28543.12,already positioned that way
1890,2023.11.14 15:33:00,2023.11.14 18:03:00,ENTRY,XAUUSD,M3,582,BUY,FULLTGT,EVENING,0,1957.80,1953.89,1953.89,3.91,1.00,3.91,1961.71,1965.63,1969.54,1973.46,1977.37,0.36,0.36,0.36,1957.80,0.00,0.00,0.00,1946.32,1946.19,1945.88,1945.86,1945.96,0.158,1.96,16.50,86.79,48.04,0.96,0.00,0.96,1946.03,1957.61,573,247,71.4,14.3,15,1,CROSS=EMA9>EMA21;TREND=1;STRUCT=1;VOL=1;COOL=1;EMA50=1;VWAP=1;BIAS=1,0.00,0.00,28541.86,28536.46,KZ=NY; KZR=Asia L @ 1934.07 489 bars ago (low taken); EVENING 4PM-12AM IST session: stop x1.00 of usual; no partials; full size to TP5; SL steps BE->TP1->TP2->TP3
1891,2023.11.14 15:37:16,2023.11.14 18:07:16,EXIT_SL,XAUUSD,M3,582,BUY,FULLTGT,EVENING,0,1957.80,1953.89,1953.89,3.91,1.00,3.91,1961.71,1965.63,1969.54,1973.46,1977.37,0.36,0.36,0.00,1953.89,0.00,-1.00,-143.28,1946.69,1946.38,1945.98,1946.32,1946.19,0.181,2.20,16.99,76.59,83.25,1.53,0.20,1.33,1946.20,1955.61,603,269,71.4,14.3,11,1,CROSS=EMA9>EMA21;TREND=1;STRUCT=1;VOL=1;COOL=1;EMA50=1;VWAP=1;BIAS=1,0.22,-0.99,28399.84,28399.84,stopped at the initial SL (x1.00 of usual)
1892,2023.11.15 01:00:00,2023.11.15 03:30:00,DAY_SUMMARY,XAUUSD,M3,582,FLAT,NA,DAY,0,0.00,0.00,0.00,0.00,1.00,0.00,0.00,0.00,0.00,0.00,0.00,0.00,0.00,0.00,0.00,0.00,-1.00,-143.28,1963.21,1962.74,1960.13,1963.21,1962.73,12.154,0.21,36.30,50.46,48.79,-0.08,-0.17,0.09,1955.24,1963.16,16,47,57.1,28.6,29,1,CROSS=EMA9>EMA21;TREND=1;STRUCT=1;VOL=1;COOL=1;EMA50=1;VWAP=1;BIAS=1,0.00,0.00,28399.84,28399.84,2023.11.14 trades=1 W=0 L=1 gross_profit=0.00 gross_loss=143.28 net=-143.28 PF=0.00
1893,2023.11.15 02:45:00,2023.11.15 05:15:00,ENTRY,XAUUSD,M3,584,SELL,FULLTGT,DAY,0,1961.96,1962.71,1962.71,0.75,1.00,0.75,1961.21,1960.47,1959.72,1958.97,1958.22,1.90,1.90,1.90,1961.96,0.00,0.00,0.00,1962.58,1962.58,1960.82,1962.60,1962.60,4.717,0.37,20.65,43.06,41.40,-0.17,-0.24,0.07,1962.38,1962.02,103,104,14.3,57.1,5,1,CROSS=EMA9<EMA21;TREND=1;STRUCT=1;VOL=1;COOL=1;EMA50=1;VWAP=1;BIAS=1,0.00,0.00,28393.19,28383.69,KZ=ASIA; KZR=NY H @ 1967.30 201 bars ago (high taken); DAY 12AM-4PM IST session: stop x1.00 of usual; no partials; full size to TP5; SL steps BE->TP1->TP2->TP3
1894,2023.11.15 02:52:00,2023.11.15 05:22:00,EXIT_SL,XAUUSD,M3,584,SELL,FULLTGT,DAY,0,1961.96,1962.71,1962.71,0.75,1.00,0.75,1961.21,1960.47,1959.72,1958.97,1958.22,1.90,1.90,0.00,1962.73,0.00,-1.03,-159.60,1962.53,1962.56,1960.85,1962.55,1962.57,5.005,0.34,16.78,45.81,42.17,-0.17,-0.21,0.05,1962.36,1962.10,69,106,14.3,57.1,5,1,CROSS=EMA9<EMA21;TREND=1;STRUCT=1;VOL=1;COOL=1;EMA50=1;VWAP=1;BIAS=1,0.11,-0.92,28240.24,28240.24,stopped at the initial SL (x1.00 of usual)
1895,2023.11.15 03:00:00,2023.11.15 05:30:00,ENTRY,XAUUSD,M3,586,BUY,FULLTGT,DAY,0,1963.67,1962.83,1962.83,0.84,1.00,0.84,1964.51,1965.35,1966.19,1967.04,1967.88,1.67,1.67,1.67,1963.67,0.00,0.00,0.00,1962.61,1962.60,1960.91,1962.56,1962.58,4.001,0.42,25.10,68.21,62.92,0.08,-0.12,0.20,1962.45,1963.61,132,114,100.0,0.0,5,1,CROSS=EMA9>EMA21;TREND=1;STRUCT=1;VOL=1;COOL=1;EMA50=1;VWAP=1;BIAS=1,0.00,0.00,28234.39,28226.04,KZ=ASIA; KZR=NY H @ 1967.30 206 bars ago (high taken); DAY 12AM-4PM IST session: stop x1.00 of usual; no partials; full size to TP5; SL steps BE->TP1->TP2->TP3
1896,2023.11.15 03:13:38,2023.11.15 05:43:38,EXIT_SL,XAUUSD,M3,586,BUY,FULLTGT,DAY,0,1963.67,1962.83,1962.83,0.84,1.00,0.84,1964.51,1965.35,1966.19,1967.04,1967.88,1.67,1.67,0.00,1962.80,0.00,-1.03,-156.99,1962.74,1962.67,1961.02,1962.71,1962.65,3.310,0.50,37.63,62.99,57.07,0.28,0.06,0.22,1962.64,1963.63,196,127,100.0,0.0,5,1,CROSS=EMA9>EMA21;TREND=1;STRUCT=1;VOL=1;COOL=1;EMA50=1;VWAP=1;BIAS=1,0.34,-0.99,28083.25,28083.25,stopped at the initial SL (x1.00 of usual)
1897,2023.11.15 15:45:00,2023.11.15 18:15:00,ENTRY,XAUUSD,M3,588,SELL,FULLTGT,EVENING,0,1964.02,1967.37,1967.37,3.35,1.00,3.35,1960.67,1957.31,1953.96,1950.60,1947.25,0.41,0.41,0.41,1964.02,0.00,0.00,0.00,1970.91,1971.05,1969.72,1971.19,1971.19,0.789,1.68,24.65,17.40,20.51,-1.49,-0.57,-0.92,1968.53,1964.07,550,339,0.0,85.7,7,1,CROSS=EMA9<EMA21;TREND=1;STRUCT=1;VOL=1;COOL=1;EMA50=1;VWAP=1;BIAS=1,0.00,0.00,28081.81,28078.94,KZ=NY; KZR=NY H @ 1970.89 122 bars ago (high taken); EVENING 4PM-12AM IST session: stop x1.00 of usual; no partials; full size to TP5; SL steps BE->TP1->TP2->TP3
1898,2023.11.15 16:51:02,2023.11.15 19:21:02,TP1_REACHED,XAUUSD,M3,588,SELL,FULLTGT,EVENING,0,1964.02,1967.37,1967.37,3.35,1.00,3.35,1960.67,1957.31,1953.96,1950.60,1947.25,0.41,0.00,0.41,1960.67,1.00,1.00,0.00,1966.67,1968.48,1968.58,1966.91,1968.64,-0.058,1.67,30.35,32.49,24.19,-1.70,-1.66,-0.04,1967.81,1960.87,415,412,0.0,100.0,5,1,CROSS=EMA9<EMA21;TREND=1;STRUCT=1;VOL=1;COOL=1;EMA50=1;VWAP=1;BIAS=1,0.99,-0.93,28081.81,28219.57,full target: no partial booked
1899,2023.11.15 16:52:29,2023.11.15 19:22:29,TP2_REACHED,XAUUSD,M3,588,SELL,FULLTGT,EVENING,0,1964.02,1967.37,1967.37,3.35,1.00,3.35,1960.67,1957.31,1953.96,1950.60,1947.25,0.41,0.00,0.41,1957.31,2.00,2.00,0.00,1966.67,1968.48,1968.58,1966.91,1968.64,-0.058,1.67,30.35,32.49,24.19,-1.70,-1.66,-0.04,1967.81,1960.87,415,412,0.0,100.0,6,1,CROSS=EMA9<EMA21;TREND=1;STRUCT=1;VOL=1;COOL=1;EMA50=1;VWAP=1;BIAS=1,1.99,-0.93,28081.81,28357.74,full target: no partial booked
1900,2023.11.16 01:00:00,2023.11.16 03:30:00,DAY_SUMMARY,XAUUSD,M3,588,SELL,FULLTGT,DAY,0,1964.02,1967.37,1967.37,3.35,1.00,3.35,1960.67,1957.31,1953.96,1950.60,1947.25,0.41,0.00,0.00,0.00,0.00,-2.06,-316.59,1960.25,1961.04,1962.63,1960.30,1961.07,-5.872,0.27,30.43,34.95,34.75,-0.33,-0.37,0.04,1965.49,1959.19,39,48,14.3,71.4,11,1,CROSS=EMA9<EMA21;TREND=1;STRUCT=1;VOL=1;COOL=1;EMA50=1;VWAP=1;BIAS=1,2.56,-0.93,28081.81,28293.61,2023.11.15 trades=2 W=0 L=2 gross_profit=0.00 gross_loss=316.59 net=-316.59 PF=0.00
1901,2023.11.16 05:39:00,2023.11.16 08:09:00,FLIP,XAUUSD,M3,588,SELL,FULLTGT,DAY,0,1964.02,1967.37,1967.37,3.35,1.00,3.35,1960.67,1957.31,1953.96,1950.60,1947.25,0.41,0.00,0.00,1961.49,0.00,0.75,0.00,1959.94,1959.93,1960.85,1959.88,1959.89,-1.842,0.50,29.58,62.61,59.13,0.61,0.73,-0.12,1959.38,1961.44,72,121,71.4,14.3,5,1,CROSS=EMA9>EMA21;TREND=1;STRUCT=1;VOL=1;COOL=1;EMA50=1;VWAP=1;BIAS=1,2.56,-0.93,28081.81,28240.31,opposite signal before SL/target | SELL -> BUY | closing trade 588
1902,2023.11.16 05:39:00,2023.11.16 08:09:00,EXIT_FLIP,XAUUSD,M3,588,SELL,FULLTGT,DAY,0,1964.02,1967.37,1967.37,3.35,1.00,3.35,1960.67,1957.31,1953.96,1950.60,1947.25,0.41,0.41,0.00,1961.49,0.00,0.75,0.00,1959.94,1959.93,1960.85,1959.88,1959.89,-1.842,0.50,29.58,62.61,59.13,0.61,0.73,-0.12,1959.38,1961.44,72,121,71.4,14.3,5,1,CROSS=EMA9>EMA21;TREND=1;STRUCT=1;VOL=1;COOL=1;EMA50=1;VWAP=1;BIAS=1,2.56,-0.93,28238.87,28238.87,FLIP exit
1903,2023.11.16 05:39:00,2023.11.16 08:09:00,EXIT_OTHER,XAUUSD,M3,588,SELL,FULLTGT,DAY,0,1964.02,1967.37,1967.37,3.35,1.00,3.35,1960.67,1957.31,1953.96,1950.60,1947.25,0.41,0.41,0.00,1961.49,0.00,0.75,155.62,1959.94,1959.93,1960.85,1959.88,1959.89,-1.842,0.50,29.58,62.61,59.13,0.61,0.73,-0.12,1959.38,1961.44,72,121,71.4,14.3,5,1,CROSS=EMA9>EMA21;TREND=1;STRUCT=1;VOL=1;COOL=1;EMA50=1;VWAP=1;BIAS=1,2.56,-0.93,28238.87,28238.87,FLIP exit
1904,2023.11.16 05:39:00,2023.11.16 08:09:00,ENTRY,XAUUSD,M3,590,BUY,FULLTGT,DAY,588,1961.49,1960.49,1960.49,1.00,1.00,1.00,1962.49,1963.49,1964.49,1965.48,1966.48,1.41,1.41,1.41,1961.49,0.00,0.00,0.00,1959.94,1959.93,1960.85,1959.88,1959.89,-1.842,0.50,29.58,62.61,59.13,0.61,0.73,-0.12,1959.38,1961.44,72,121,71.4,14.3,5,1,CROSS=EMA9>EMA21;TREND=1;STRUCT=1;VOL=1;COOL=1;EMA50=1;VWAP=1;BIAS=1,0.00,0.00,28233.93,28226.88,KZ=ASIA; KZR=NY H @ 1970.89 400 bars ago (high taken); DAY 12AM-4PM IST session: stop x1.00 of usual; no partials; full size to TP5; SL steps BE->TP1->TP2->TP3; flipped from trade 588
1905,2023.11.16 06:59:17,2023.11.16 09:29:17,TP1_REACHED,XAUUSD,M3,590,BUY,FULLTGT,DAY,588,1961.49,1960.49,1960.49,1.00,1.00,1.00,1962.49,1963.49,1964.49,1965.48,1966.48,1.41,0.00,1.41,1962.49,1.00,1.00,0.00,1961.14,1960.67,1961.05,1961.09,1960.63,-0.899,0.43,18.53,61.93,61.51,0.32,0.33,-0.01,1959.71,1962.34,29,60,57.1,14.3,5,1,CROSS=EMA9>EMA21;TREND=1;STRUCT=1;VOL=1;COOL=1;EMA50=1;VWAP=1;BIAS=1,0.98,-0.65,28233.93,28381.98,full target: no partial booked
1906,2023.11.16 07:14:59,2023.11.16 09:44:59,TP2_REACHED,XAUUSD,M3,590,BUY,FULLTGT,DAY,588,1961.49,1960.49,1960.49,1.00,1.00,1.00,1962.49,1963.49,1964.49,1965.48,1966.48,1.41,0.00,1.41,1963.49,2.00,2.00,0.00,1961.42,1960.86,1961.13,1961.34,1960.81,-0.809,0.33,29.24,70.50,67.59,0.41,0.34,0.06,1959.78,1963.22,96,64,100.0,0.0,5,1,CROSS=EMA9>EMA21;TREND=1;STRUCT=1;VOL=1;COOL=1;EMA50=1;VWAP=1;BIAS=1,1.97,-0.65,28233.93,28515.93,full target: no partial booked
1907,2023.11.16 08:15:25,2023.11.16 10:45:25,TP3_REACHED,XAUUSD,M3,590,BUY,FULLTGT,DAY,588,1961.49,1960.49,1960.49,1.00,1.00,1.00,1962.49,1963.49,1964.49,1965.48,1966.48,1.41,0.00,1.41,1964.49,3.00,3.00,0.00,1962.49,1961.69,1961.54,1962.43,1961.65,0.263,0.59,25.72,64.62,68.30,0.34,0.26,0.08,1960.30,1964.10,129,100,100.0,0.0,8,1,CROSS=EMA9>EMA21;TREND=1;STRUCT=1;VOL=1;COOL=1;EMA50=1;VWAP=1;BIAS=1,2.95,-0.65,28233.93,28656.93,full target: no partial booked
1908,2023.11.16 08:41:33,2023.11.16 11:11:33,TP4_REACHED,XAUUSD,M3,590,BUY,FULLTGT,DAY,588,1961.49,1960.49,1960.49,1.00,1.00,1.00,1962.49,1963.49,1964.49,1965.48,1966.48,1.41,0.00,1.41,1965.48,4.00,4.00,0.00,1963.06,1962.12,1961.77,1962.98,1962.06,0.629,0.55,40.98,66.41,71.39,0.52,0.47,0.05,1960.61,1964.96,138,120,100.0,0.0,7,1,CROSS=EMA9>EMA21;TREND=1;STRUCT=1;VOL=1;COOL=1;EMA50=1;VWAP=1;BIAS=1,4.00,-0.65,28233.93,28802.16,full target: no partial booked
1909,2023.11.16 08:44:27,2023.11.16 11:14:27,TP5_EXIT,XAUUSD,M3,590,BUY,FULLTGT,DAY,588,1961.49,1960.49,1960.49,1.00,1.00,1.00,1962.49,1963.49,1964.49,1965.48,1966.48,1.41,1.41,0.00,1966.49,5.00,5.00,0.00,1963.16,1962.18,1961.81,1963.06,1962.12,0.689,0.55,43.71,70.44,71.39,0.58,0.49,0.08,1960.65,1965.47,129,121,100.0,0.0,12,1,CROSS=EMA9>EMA21;TREND=1;STRUCT=1;VOL=1;COOL=1;EMA50=1;VWAP=1;BIAS=1,4.98,-0.65,28933.99,28933.99,full target reached; closed in full
1910,2023.11.16 08:44:28,2023.11.16 11:14:28,EXIT_TP,XAUUSD,M3,590,BUY,FULLTGT,DAY,588,1961.49,1960.49,1960.49,1.00,1.00,1.00,1962.49,1963.49,1964.49,1965.48,1966.48,1.41,1.41,0.00,1966.49,0.00,5.01,695.12,1963.16,1962.18,1961.81,1963.06,1962.12,0.689,0.55,43.71,70.44,71.39,0.58,0.49,0.08,1960.65,1965.47,129,121,100.0,0.0,12,1,CROSS=EMA9>EMA21;TREND=1;STRUCT=1;VOL=1;COOL=1;EMA50=1;VWAP=1;BIAS=1,4.98,-0.65,28933.99,28933.99,TP5 exit
1911,2023.11.16 14:21:00,2023.11.16 16:51:00,ENTRY,XAUUSD,M3,592,SELL,FULLTGT,EVENING,0,1963.04,1964.03,1964.03,0.99,1.00,0.99,1962.05,1961.05,1960.06,1959.07,1958.08,1.45,1.45,1.45,1963.04,0.00,0.00,0.00,1965.50,1965.52,1964.72,1965.60,1965.57,1.613,0.50,45.23,21.52,24.99,-0.65,-0.35,-0.31,1963.65,1963.04,161,128,0.0,100.0,5,1,CROSS=EMA9<EMA21;TREND=1;STRUCT=1;VOL=1;COOL=1;EMA50=1;VWAP=1;BIAS=1,0.00,0.00,28928.91,28921.66,KZ=NY; KZR=NY H @ 1970.89 574 bars ago (high taken); EVENING 4PM-12AM IST session: stop x1.00 of usual; no partials; full size to TP5; SL steps BE->TP1->TP2->TP3
1912,2023.11.16 14:25:27,2023.11.16 16:55:27,EXIT_SL,XAUUSD,M3,592,SELL,FULLTGT,EVENING,0,1963.04,1964.03,1964.03,0.99,1.00,0.99,1962.05,1961.05,1960.06,1959.07,1958.08,1.45,1.45,0.00,1964.04,0.00,-1.01,-155.16,1965.40,1965.47,1964.70,1965.50,1965.52,1.402,0.55,49.40,20.93,36.62,-0.72,-0.41,-0.31,1963.65,1962.94,221,135,0.0,100.0,5,1,CROSS=EMA9<EMA21;TREND=1;STRUCT=1;VOL=1;COOL=1;EMA50=1;VWAP=1;BIAS=1,0.87,-0.98,28778.83,28778.83,stopped at the initial SL (x1.00 of usual)
1913,2023.11.16 15:36:00,2023.11.16 18:06:00,ENTRY,XAUUSD,M3,594,BUY,FULLTGT,EVENING,0,1971.43,1968.85,1968.85,2.58,1.00,2.58,1974.01,1976.59,1979.17,1981.76,1984.34,0.55,0.55,0.55,1971.43,0.00,0.00,0.00,1965.50,1965.43,1964.82,1965.26,1965.31,0.469,1.29,27.46,78.69,77.85,1.07,0.28,0.78,1963.99,1971.35,567,245,100.0,0.0,6,1,CROSS=EMA9>EMA21;TREND=1;STRUCT=1;VOL=1;COOL=1;EMA50=1;VWAP=1;BIAS=1,0.00,0.00,28776.90,28773.60,KZ=NY; KZR=NY H @ 1970.89 599 bars ago (high taken); EVENING 4PM-12AM IST session: stop x1.00 of usual; no partials; full size to TP5; SL steps BE->TP1->TP2->TP3
1914,2023.11.16 16:15:15,2023.11.16 18:45:15,TP1_REACHED,XAUUSD,M3,594,BUY,FULLTGT,EVENING,0,1971.43,1968.85,1968.85,2.58,1.00,2.58,1974.01,1976.59,1979.17,1981.76,1984.34,0.55,0.00,0.55,1974.01,1.00,1.00,0.00,1968.20,1966.95,1965.70,1967.99,1966.82,0.951,1.31,50.19,72.17,75.31,2.01,1.95,0.06,1964.96,1973.35,322,390,85.7,0.0,5,1,CROSS=EMA9>EMA21;TREND=1;STRUCT=1;VOL=1;COOL=1;EMA50=1;VWAP=1;BIAS=1,1.00,-0.76,28776.90,28919.90,full target: no partial booked
1915,2023.11.16 16:42:24,2023.11.16 19:12:24,TP2_REACHED,XAUUSD,M3,594,BUY,FULLTGT,EVENING,0,1971.43,1968.85,1968.85,2.58,1.00,2.58,1974.01,1976.59,1979.17,1981.76,1984.34,0.55,0.00,0.55,1976.59,2.00,2.00,0.00,1969.68,1967.96,1966.34,1969.49,1967.83,1.289,1.26,42.58,70.08,71.26,1.49,1.59,-0.10,1965.59,1974.38,377,388,71.4,14.3,1,1,CROSS=EMA9>EMA21;TREND=1;STRUCT=1;VOL=1;COOL=1;EMA50=1;VWAP=1;BIAS=1,1.98,-0.76,28776.90,29061.80,full target: no partial booked
1916,2023.11.16 16:43:37,2023.11.16 19:13:37,TP3_REACHED,XAUUSD,M3,594,BUY,FULLTGT,EVENING,0,1971.43,1968.85,1968.85,2.58,1.00,2.58,1974.01,1976.59,1979.17,1981.76,1984.34,0.55,0.00,0.55,1979.17,3.00,3.00,0.00,1969.68,1967.96,1966.34,1969.49,1967.83,1.289,1.26,42.58,70.08,71.26,1.49,1.59,-0.10,1965.59,1974.38,377,388,71.4,14.3,10,1,CROSS=EMA9>EMA21;TREND=1;STRUCT=1;VOL=1;COOL=1;EMA50=1;VWAP=1;BIAS=1,2.99,-0.76,28776.90,29203.70,full target: no partial booked
1917,2023.11.16 16:47:35,2023.11.16 19:17:35,TP4_REACHED,XAUUSD,M3,594,BUY,FULLTGT,EVENING,0,1971.43,1968.85,1968.85,2.58,1.00,2.58,1974.01,1976.59,1979.17,1981.76,1984.34,0.55,0.00,0.55,1981.76,4.00,4.00,0.00,1970.06,1968.19,1966.47,1969.68,1967.96,1.125,1.53,45.64,82.28,81.30,1.89,1.58,0.31,1965.73,1979.44,537,390,100.0,0.0,5,1,CROSS=EMA9>EMA21;TREND=1;STRUCT=1;VOL=1;COOL=1;EMA50=1;VWAP=1;BIAS=1,4.00,-0.76,28776.90,29345.60,full target: no partial booked
1918,2023.11.16 17:19:01,2023.11.16 19:49:01,TP5_EXIT,XAUUSD,M3,594,BUY,FULLTGT,EVENING,0,1971.43,1968.85,1968.85,2.58,1.00,2.58,1974.01,1976.59,1979.17,1981.76,1984.34,0.55,0.55,0.00,1984.34,5.00,5.00,0.00,1974.01,1970.73,1967.98,1973.64,1970.48,1.347,2.04,52.99,77.96,81.58,3.03,2.83,0.20,1967.22,1983.16,445,437,100.0,0.0,5,1,CROSS=EMA9>EMA21;TREND=1;STRUCT=1;VOL=1;COOL=1;EMA50=1;VWAP=1;BIAS=1,5.00,-0.76,29485.02,29485.02,full target reached; closed in full
1919,2023.11.16 17:19:02,2023.11.16 19:49:02,EXIT_TP,XAUUSD,M3,594,BUY,FULLTGT,EVENING,0,1971.43,1968.85,1968.85,2.58,1.00,2.58,1974.01,1976.59,1979.17,1981.76,1984.34,0.55,0.55,0.00,1984.34,0.00,5.00,706.19,1974.01,1970.73,1967.98,1973.64,1970.48,1.347,2.04,52.99,77.96,81.58,3.03,2.83,0.20,1967.22,1983.16,445,437,100.0,0.0,5,1,CROSS=EMA9>EMA21;TREND=1;STRUCT=1;VOL=1;COOL=1;EMA50=1;VWAP=1;BIAS=1,5.00,-0.76,29485.02,29485.02,TP5 exit
1920,2023.11.17 01:00:00,2023.11.17 03:30:00,DAY_SUMMARY,XAUUSD,M3,594,FLAT,NA,DAY,0,0.00,0.00,0.00,0.00,1.00,0.00,0.00,0.00,0.00,0.00,0.00,0.00,0.00,0.00,0.00,0.00,9.76,1401.77,1981.71,1981.55,1978.87,1981.74,1981.55,10.663,0.25,16.43,45.19,42.40,-0.19,-0.29,0.10,1972.86,1981.10,30,45,42.9,28.6,50,1,CROSS=EMA9>EMA21;TREND=1;STRUCT=1;VOL=1;COOL=1;EMA50=1;VWAP=1;BIAS=1,0.00,0.00,29485.02,29485.02,2023.11.16 trades=4 W=3 L=1 gross_profit=1556.93 gross_loss=155.16 net=1401.77 PF=10.03
1921,2023.11.17 08:51:00,2023.11.17 11:21:00,SKIP,XAUUSD,M3,594,FLAT,NA,DAY,0,0.00,0.00,0.00,0.00,1.00,0.00,0.00,0.00,0.00,0.00,0.00,0.00,0.00,0.00,0.00,0.00,0.00,0.00,1984.60,1984.62,1983.43,1984.64,1984.64,2.564,0.46,40.79,42.53,36.64,-0.46,-0.39,-0.07,1984.44,1983.67,108,105,14.3,85.7,13,1,CROSS=EMA9>EMA21;TREND=1;STRUCT=1;VOL=1;COOL=1;EMA50=1;VWAP=1;BIAS=1,0.00,0.00,29485.02,29485.02,outside the killzone window
1922,2023.11.17 09:48:00,2023.11.17 12:18:00,SKIP,XAUUSD,M3,594,FLAT,NA,DAY,0,0.00,0.00,0.00,0.00,1.00,0.00,0.00,0.00,0.00,0.00,0.00,0.00,0.00,0.00,0.00,0.00,0.00,0.00,1984.59,1984.58,1983.61,1984.52,1984.54,1.270,0.76,37.65,66.14,57.67,0.45,0.12,0.33,1984.43,1986.27,171,147,100.0,0.0,5,1,CROSS=EMA9>EMA21;TREND=1;STRUCT=1;VOL=1;COOL=1;EMA50=1;VWAP=1;BIAS=1,0.00,0.00,29485.02,29485.02,outside the killzone window
1923,2023.11.17 15:57:00,2023.11.17 18:27:00,ENTRY,XAUUSD,M3,596,SELL,FULLTGT,EVENING,0,1984.84,1987.99,1987.99,3.15,1.00,3.15,1981.69,1978.55,1975.40,1972.26,1969.11,0.46,0.46,0.46,1984.84,0.00,0.00,0.00,1988.81,1988.88,1987.72,1988.97,1988.96,0.737,1.57,30.09,33.97,28.59,-1.22,-0.51,-0.71,1987.27,1984.82,370,358,0.0,100.0,5,1,CROSS=EMA9<EMA21;TREND=1;STRUCT=1;VOL=1;COOL=1;EMA50=1;VWAP=1;BIAS=1,0.00,0.00,29483.41,29481.11,KZ=NY; KZR=Asia H @ 1987.12 119 bars ago (high taken); EVENING 4PM-12AM IST session: stop x1.00 of usual; no partials; full size to TP5; SL steps BE->TP1->TP2->TP3
1924,2023.11.17 16:48:55,2023.11.17 19:18:55,TP1_REACHED,XAUUSD,M3,596,SELL,FULLTGT,EVENING,0,1984.84,1987.99,1987.99,3.15,1.00,3.15,1981.69,1978.55,1975.40,1972.26,1969.11,0.46,0.00,0.46,1981.69,1.00,1.00,0.00,1986.49,1987.54,1987.18,1986.67,1987.64,0.254,1.40,29.62,33.06,29.37,-1.34,-1.23,-0.10,1986.91,1982.23,409,386,0.0,100.0,5,1,CROSS=EMA9<EMA21;TREND=1;STRUCT=1;VOL=1;COOL=1;EMA50=1;VWAP=1;BIAS=1,1.00,-0.61,29483.41,29628.31,full target: no partial booked
1925,2023.11.17 23:42:00,2023.11.18 02:12:00,EXIT_WEEKEND,XAUUSD,M3,596,SELL,FULLTGT,DAY,0,1984.84,1987.99,1987.99,3.15,1.00,3.15,1981.69,1978.55,1975.40,1972.26,1969.11,0.46,0.46,0.00,1980.40,0.00,1.41,0.00,1980.57,1981.20,1982.53,1980.58,1981.22,-5.210,0.25,18.54,49.13,44.90,-0.10,-0.11,0.01,1985.12,1980.35,24,70,14.3,57.1,5,1,CROSS=EMA9<EMA21;TREND=1;STRUCT=1;VOL=1;COOL=1;EMA50=1;VWAP=1;BIAS=1,1.97,-0.61,29686.04,29686.04,WEEKEND exit
1926,2023.11.17 23:42:07,2023.11.18 02:12:07,EXIT_WEEKEND,XAUUSD,M3,596,SELL,FULLTGT,DAY,0,1984.84,1987.99,1987.99,3.15,1.00,3.15,1981.69,1978.55,1975.40,1972.26,1969.11,0.46,0.46,0.00,1980.40,0.00,1.41,201.02,1980.57,1981.20,1982.53,1980.58,1981.22,-5.210,0.25,18.54,49.13,44.90,-0.10,-0.11,0.01,1985.12,1980.35,24,70,14.3,57.1,5,1,CROSS=EMA9<EMA21;TREND=1;STRUCT=1;VOL=1;COOL=1;EMA50=1;VWAP=1;BIAS=1,1.97,-0.61,29686.04,29686.04,flattened before the Friday close
1927,2023.11.20 01:00:00,2023.11.20 03:30:00,DAY_SUMMARY,XAUUSD,M3,596,FLAT,NA,DAY,0,0.00,0.00,0.00,0.00,1.00,0.00,0.00,0.00,0.00,0.00,0.00,0.00,0.00,0.00,0.00,0.00,1.41,201.02,1980.54,1981.13,1982.43,1980.54,1981.14,-5.009,0.26,16.19,53.90,50.81,-0.01,-0.08,0.07,1985.11,1980.56,48,56,42.9,28.6,29,1,CROSS=EMA9<EMA21;TREND=1;STRUCT=1;VOL=1;COOL=1;EMA50=1;VWAP=1;BIAS=1,0.00,0.00,29686.04,29686.04,2023.11.17 trades=1 W=1 L=0 gross_profit=201.02 gross_loss=0.00 net=201.02 PF=0.00
1928,2023.11.20 01:00:00,2023.11.20 03:30:00,WEEK_SUMMARY,XAUUSD,M3,596,FLAT,NA,DAY,0,0.00,0.00,0.00,0.00,1.00,0.00,0.00,0.00,0.00,0.00,0.00,0.00,0.00,0.00,0.00,0.00,7.08,987.92,1980.54,1981.13,1982.43,1980.54,1981.14,-5.009,0.26,16.19,53.90,50.81,-0.01,-0.08,0.07,1985.11,1980.56,48,56,42.9,28.6,29,1,CROSS=EMA9<EMA21;TREND=1;STRUCT=1;VOL=1;COOL=1;EMA50=1;VWAP=1;BIAS=1,0.00,0.00,29686.04,29686.04,days=5 trades=9 W=4 L=5 gross_profit=1757.95 gross_loss=770.03 net=987.92 PF=2.28 pips=1715.0
1929,2023.11.20 04:03:00,2023.11.20 06:33:00,ENTRY,XAUUSD,M3,598,BUY,FULLTGT,DAY,0,1981.01,1979.49,1979.49,1.52,1.00,1.52,1982.53,1984.06,1985.58,1987.10,1988.62,0.97,0.97,0.97,1981.01,0.00,0.00,0.00,1979.46,1979.44,1980.60,1979.40,1979.41,-1.523,0.76,26.91,56.99,60.16,0.81,1.16,-0.36,1978.66,1980.98,153,233,71.4,14.3,5,1,CROSS=EMA9>EMA21;TREND=1;STRUCT=1;VOL=1;COOL=1;EMA50=1;VWAP=1;BIAS=1,0.00,0.00,29682.64,29677.79,KZ=ASIA; KZR=Asia H @ 1987.12 1321 bars ago (high taken); DAY 12AM-4PM IST session: stop x1.00 of usual; no partials; full size to TP5; SL steps BE->TP1->TP2->TP3
1930,2023.11.20 04:27:18,2023.11.20 06:57:18,TP1_REACHED,XAUUSD,M3,598,BUY,FULLTGT,DAY,0,1981.01,1979.49,1979.49,1.52,1.00,1.52,1982.53,1984.06,1985.58,1987.10,1988.62,0.97,0.00,0.97,1982.53,1.00,1.00,0.00,1979.87,1979.66,1980.62,1979.76,1979.60,-1.345,0.72,27.26,66.69,58.36,0.51,0.52,-0.01,1978.96,1982.42,246,206,85.7,14.3,5,1,CROSS=EMA9>EMA21;TREND=1;STRUCT=1;VOL=1;COOL=1;EMA50=1;VWAP=1;BIAS=1,1.00,-0.84,29682.64,29832.99,full target: no partial booked
1931,2023.11.20 04:32:27,2023.11.20 07:02:27,TP2_REACHED,XAUUSD,M3,598,BUY,FULLTGT,DAY,0,1981.01,1979.49,1979.49,1.52,1.00,1.52,1982.53,1984.06,1985.58,1987.10,1988.62,0.97,0.00,0.97,1984.06,2.00,2.00,0.00,1979.99,1979.72,1980.65,1979.87,1979.66,-1.278,0.72,30.47,69.76,65.62,0.62,0.50,0.12,1979.06,1982.98,285,210,100.0,0.0,7,1,CROSS=EMA9>EMA21;TREND=1;STRUCT=1;VOL=1;COOL=1;EMA50=1;VWAP=1;BIAS=1,1.98,-0.84,29682.64,29978.49,full target: no partial booked
1932,2023.11.20 08:06:39,2023.11.20 10:36:39,EXIT_SL,XAUUSD,M3,598,BUY,FULLTGT,DAY,0,1981.01,1979.49,1979.49,1.52,1.00,1.52,1982.53,1984.06,1985.58,1987.10,1988.62,0.97,0.97,0.00,1979.47,0.00,-1.01,-156.18,1981.43,1981.27,1981.28,1981.50,1981.30,-0.013,0.78,30.97,39.50,44.87,-0.43,-0.28,-0.15,1980.66,1979.91,159,153,14.3,85.7,12,1,CROSS=EMA9>EMA21;TREND=1;STRUCT=1;VOL=1;COOL=1;EMA50=1;VWAP=1;BIAS=1,2.78,-0.99,29529.86,29529.86,stopped at the initial SL (x1.00 of usual)
1933,2023.11.20 08:33:00,2023.11.20 11:03:00,SKIP,XAUUSD,M3,598,FLAT,NA,DAY,0,0.00,0.00,0.00,0.00,1.00,0.00,0.00,0.00,0.00,0.00,0.00,0.00,0.00,0.00,0.00,0.00,0.00,0.00,1981.12,1981.12,1981.20,1981.13,1981.13,-0.095,0.82,22.85,50.82,47.57,-0.23,-0.42,0.19,1980.64,1980.93,139,166,42.9,28.6,7,1,CROSS=EMA9>EMA21;TREND=1;STRUCT=1;VOL=1;COOL=1;EMA50=1;VWAP=1;BIAS=1,0.00,0.00,29529.86,29529.86,outside the killzone window
1934,2023.11.20 08:36:00,2023.11.20 11:06:00,SKIP,XAUUSD,M3,598,FLAT,NA,DAY,0,0.00,0.00,0.00,0.00,1.00,0.00,0.00,0.00,0.00,0.00,0.00,0.00,0.00,0.00,0.00,0.00,0.00,0.00,1981.12,1981.12,1981.20,1981.12,1981.12,-0.094,0.82,21.81,52.99,48.23,-0.17,-0.38,0.22,1980.64,1981.18,135,166,57.1,14.3,12,1,CROSS=EMA9>EMA21;TREND=1;STRUCT=1;VOL=1;COOL=1;EMA50=1;VWAP=1;BIAS=1,0.00,0.00,29529.86,29529.86,outside the killzone window
1935,2023.11.20 08:57:00,2023.11.20 11:27:00,SKIP,XAUUSD,M3,598,FLAT,NA,DAY,0,0.00,0.00,0.00,0.00,1.00,0.00,0.00,0.00,0.00,0.00,0.00,0.00,0.00,0.00,0.00,0.00,0.00,0.00,1981.11,1981.12,1981.19,1981.16,1981.14,-0.097,0.78,19.94,41.33,51.46,-0.04,-0.06,0.02,1980.66,1979.96,187,161,28.6,57.1,12,1,CROSS=EMA9>EMA21;TREND=1;STRUCT=1;VOL=1;COOL=1;EMA50=1;VWAP=1;BIAS=1,0.00,0.00,29529.86,29529.86,outside the killzone window
1936,2023.11.20 18:57:00,2023.11.20 21:27:00,SKIP,XAUUSD,M3,598,FLAT,NA,EVENING,0,0.00,0.00,0.00,0.00,1.00,0.00,0.00,0.00,0.00,0.00,0.00,0.00,0.00,0.00,0.00,0.00,0.00,0.00,1972.53,1972.50,1974.05,1972.44,1972.45,-1.617,0.96,16.77,60.99,61.74,0.62,0.65,-0.03,1976.04,1974.81,228,259,42.9,28.6,5,1,CROSS=EMA9>EMA21;TREND=1;STRUCT=1;VOL=1;COOL=1;EMA50=1;VWAP=1;BIAS=1,0.00,0.00,29529.86,29529.86,outside the killzone window
1937,2023.11.21 01:00:00,2023.11.21 03:30:00,DAY_SUMMARY,XAUUSD,M3,598,FLAT,NA,DAY,0,0.00,0.00,0.00,0.00,1.00,0.00,0.00,0.00,0.00,0.00,0.00,0.00,0.00,0.00,0.00,0.00,-1.01,-156.18,1977.44,1976.74,1976.07,1977.43,1976.72,2.452,0.27,25.60,52.40,52.18,-0.02,-0.10,0.08,1976.17,1977.65,37,49,85.7,0.0,7,1,CROSS=EMA9>EMA21;TREND=1;STRUCT=1;VOL=1;COOL=1;EMA50=1;VWAP=1;BIAS=1,0.00,0.00,29529.86,29529.86,2023.11.20 trades=1 W=0 L=1 gross_profit=0.00 gross_loss=156.18 net=-156.18 PF=0.00
1938,2023.11.21 11:15:00,2023.11.21 13:45:00,SKIP,XAUUSD,M3,598,FLAT,NA,DAY,0,0.00,0.00,0.00,0.00,1.00,0.00,0.00,0.00,0.00,0.00,0.00,0.00,0.00,0.00,0.00,0.00,0.00,0.00,1990.55,1990.63,1988.63,1990.73,1990.72,1.389,1.44,40.04,32.39,25.29,-1.42,-1.10,-0.32,1989.82,1986.11,250,256,0.0,85.7,11,1,CROSS=EMA9>EMA21;TREND=1;STRUCT=1;VOL=1;COOL=1;EMA50=1;VWAP=1;BIAS=1,0.00,0.00,29529.86,29529.86,outside the killzone window
1939,2023.11.21 15:18:00,2023.11.21 17:48:00,SKIP,XAUUSD,M3,598,FLAT,NA,EVENING,0,0.00,0.00,0.00,0.00,1.00,0.00,0.00,0.00,0.00,0.00,0.00,0.00,0.00,0.00,0.00,0.00,0.00,0.00,1988.81,1988.80,1988.35,1988.68,1988.73,0.509,0.89,44.79,73.04,68.58,0.87,0.44,0.43,1989.28,1991.98,221,216,100.0,0.0,5,1,CROSS=EMA9>EMA21;TREND=1;STRUCT=1;VOL=1;COOL=1;EMA50=1;VWAP=1;BIAS=1,0.00,0.00,29529.86,29529.86,already positioned that way
1940,2023.11.21 23:15:00,2023.11.22 01:45:00,SKIP,XAUUSD,M3,598,FLAT,NA,DAY,0,0.00,0.00,0.00,0.00,1.00,0.00,0.00,0.00,0.00,0.00,0.00,0.00,0.00,0.00,0.00,0.00,0.00,0.00,1999.32,1999.33,1997.76,1999.34,1999.34,4.082,0.38,33.30,42.68,43.28,-0.27,-0.19,-0.08,1994.71,1998.61,49,100,14.3,71.4,5,1,CROSS=EMA9>EMA21;TREND=1;STRUCT=1;VOL=1;COOL=1;EMA50=1;VWAP=1;BIAS=1,0.00,0.00,29529.86,29529.86,outside the killzone window
1941,2023.11.22 07:03:00,2023.11.22 09:33:00,SKIP,XAUUSD,M3,598,FLAT,NA,DAY,0,0.00,0.00,0.00,0.00,1.00,0.00,0.00,0.00,0.00,0.00,0.00,0.00,0.00,0.00,0.00,0.00,0.00,0.00,1997.52,1997.50,1997.50,1997.45,1997.46,-0.013,0.52,54.70,66.31,65.29,0.73,0.49,0.24,1997.28,1999.33,118,83,100.0,0.0,5,1,CROSS=EMA9>EMA21;TREND=1;STRUCT=1;VOL=1;COOL=1;EMA50=1;VWAP=1;BIAS=1,0.00,0.00,29529.86,29529.86,already positioned that way
1942,2023.11.22 15:42:00,2023.11.22 18:12:00,ENTRY,XAUUSD,M3,600,SELL,FULLTGT,EVENING,0,1997.07,1999.56,1999.56,2.49,1.00,2.49,1994.58,1992.10,1989.61,1987.13,1984.64,0.59,0.59,0.59,1997.07,0.00,0.00,0.00,2001.28,2001.28,2000.67,2001.45,2001.37,0.489,1.24,29.88,22.20,29.29,-0.90,-0.26,-0.63,2000.06,1997.05,452,310,0.0,100.0,5,1,CROSS=EMA9<EMA21;TREND=1;STRUCT=1;VOL=1;COOL=1;EMA50=1;VWAP=1;BIAS=1,0.00,0.00,29527.79,29524.84,KZ=NY; KZR=Asia H @ 2000.40 146 bars ago (high taken); EVENING 4PM-12AM IST session: stop x1.00 of usual; no partials; full size to TP5; SL steps BE->TP1->TP2->TP3
1943,2023.11.22 15:46:15,2023.11.22 18:16:15,EXIT_SL,XAUUSD,M3,600,SELL,FULLTGT,EVENING,0,1997.07,1999.56,1999.56,2.49,1.00,2.49,1994.58,1992.10,1989.61,1987.13,1984.64,0.59,0.59,0.00,1999.57,0.00,-1.01,-151.64,2001.16,2001.22,2000.65,2001.28,2001.28,0.432,1.32,30.64,32.87,32.73,-0.98,-0.37,-0.61,2000.04,1998.16,439,323,14.3,85.7,5,1,CROSS=EMA9<EMA21;TREND=1;STRUCT=1;VOL=1;COOL=1;EMA50=1;VWAP=1;BIAS=1,0.01,-1.00,29378.22,29378.22,stopped at the initial SL (x1.00 of usual)
1944,2023.11.23 01:00:00,2023.11.23 03:30:00,DAY_SUMMARY,XAUUSD,M3,600,FLAT,NA,DAY,0,0.00,0.00,0.00,0.00,1.00,0.00,0.00,0.00,0.00,0.00,0.00,0.00,0.00,0.00,0.00,0.00,-1.01,-151.64,1990.15,1991.04,1993.16,1990.16,1991.07,-8.737,0.24,20.74,45.63,45.03,-0.07,-0.11,0.04,1997.49,1989.81,26,47,14.3,57.1,50,1,CROSS=EMA9<EMA21;TREND=1;STRUCT=1;VOL=1;COOL=1;EMA50=1;VWAP=1;BIAS=1,0.00,0.00,29378.22,29378.22,2023.11.22 trades=1 W=0 L=1 gross_profit=0.00 gross_loss=151.64 net=-151.64 PF=0.00
1945,2023.11.23 03:06:00,2023.11.23 05:36:00,ENTRY,XAUUSD,M3,602,BUY,FULLTGT,DAY,0,1992.41,1991.60,1991.60,0.81,1.00,0.81,1993.22,1994.03,1994.84,1995.64,1996.45,1.81,1.81,1.81,1992.41,0.00,0.00,0.00,1991.23,1991.23,1992.52,1991.18,1991.21,-3.205,0.40,36.18,63.03,60.87,0.32,0.23,0.09,1991.34,1992.38,125,75,85.7,14.3,5,1,CROSS=EMA9>EMA21;TREND=1;STRUCT=1;VOL=1;COOL=1;EMA50=1;VWAP=1;BIAS=1,0.00,0.00,29371.88,29362.83,KZ=ASIA; KZR=Asia H @ 2000.40 374 bars ago (high taken); DAY 12AM-4PM IST session: stop x1.00 of usual; no partials; full size to TP5; SL steps BE->TP1->TP2->TP3
1946,2023.11.23 03:08:26,2023.11.23 05:38:26,EXIT_SL,XAUUSD,M3,602,BUY,FULLTGT,DAY,0,1992.41,1991.60,1991.60,0.81,1.00,0.81,1993.22,1994.03,1994.84,1995.64,1996.45,1.81,1.81,0.00,1991.58,0.00,-1.03,-162.91,1991.23,1991.23,1992.52,1991.18,1991.21,-3.205,0.40,36.18,63.03,60.87,0.32,0.23,0.09,1991.34,1992.38,125,75,85.7,14.3,5,1,CROSS=EMA9>EMA21;TREND=1;STRUCT=1;VOL=1;COOL=1;EMA50=1;VWAP=1;BIAS=1,0.07,-0.98,29215.31,29215.31,stopped at the initial SL (x1.00 of usual)
1947,2023.11.23 11:21:00,2023.11.23 13:51:00,SKIP,XAUUSD,M3,602,FLAT,NA,DAY,0,0.00,0.00,0.00,0.00,1.00,0.00,0.00,0.00,0.00,0.00,0.00,0.00,0.00,0.00,0.00,0.00,0.00,0.00,1995.25,1995.26,1994.81,1995.33,1995.30,0.658,0.69,22.07,34.50,37.65,-0.48,-0.36,-0.11,1994.57,1993.30,174,158,0.0,85.7,5,1,CROSS=EMA9>EMA21;TREND=1;STRUCT=1;VOL=1;COOL=1;EMA50=1;VWAP=1;BIAS=1,0.00,0.00,29215.31,29215.31,outside the killzone window
1948,2023.11.24 01:00:00,2023.11.24 03:30:00,DAY_SUMMARY,XAUUSD,M3,602,FLAT,NA,DAY,0,0.00,0.00,0.00,0.00,1.00,0.00,0.00,0.00,0.00,0.00,0.00,0.00,0.00,0.00,0.00,0.00,-1.03,-162.91,1992.32,1992.39,1992.79,1992.30,1992.39,-1.083,0.36,23.56,57.98,55.37,0.03,-0.03,0.06,1993.77,1992.74,67,31,57.1,28.6,7,1,CROSS=EMA9>EMA21;TREND=1;STRUCT=1;VOL=1;COOL=1;EMA50=1;VWAP=1;BIAS=1,0.00,0.00,29215.31,29215.31,2023.11.23 trades=1 W=0 L=1 gross_profit=0.00 gross_loss=162.91 net=-162.91 PF=0.00
1949,2023.11.24 01:12:00,2023.11.24 03:42:00,SKIP,XAUUSD,M3,602,FLAT,NA,DAY,0,0.00,0.00,0.00,0.00,1.00,0.00,0.00,0.00,0.00,0.00,0.00,0.00,0.00,0.00,0.00,0.00,0.00,0.00,1992.48,1992.47,1992.81,1992.42,1992.44,-0.829,0.41,36.00,72.54,66.08,0.26,0.07,0.19,1993.33,1993.83,54,37,100.0,0.0,7,1,CROSS=EMA9>EMA21;TREND=1;STRUCT=1;VOL=1;COOL=1;EMA50=1;VWAP=1;BIAS=1,0.00,0.00,29215.31,29215.31,outside the killzone window
1950,2023.11.24 04:33:00,2023.11.24 07:03:00,ENTRY,XAUUSD,M3,604,SELL,FULLTGT,DAY,0,1992.90,1994.18,1994.18,1.28,1.00,1.28,1991.62,1990.35,1989.07,1987.80,1986.52,1.14,1.14,1.14,1992.90,0.00,0.00,0.00,1993.12,1993.12,1993.12,1993.13,1993.12,-0.004,0.64,16.44,49.52,44.09,-0.22,-0.25,0.03,1993.43,1992.88,108,122,14.3,57.1,2,1,CROSS=EMA9<EMA21;TREND=1;STRUCT=1;VOL=1;COOL=1;EMA50=1;VWAP=1;BIAS=1,0.00,0.00,29211.32,29209.04,KZ=ASIA; KZR=Asia H @ 2000.40 883 bars ago (high taken); DAY 12AM-4PM IST session: stop x1.00 of usual; no partials; full size to TP5; SL steps BE->TP1->TP2->TP3
1951,2023.11.24 04:36:00,2023.11.24 07:06:00,SKIP,XAUUSD,M3,604,SELL,FULLTGT,DAY,0,1992.90,1994.18,1994.18,1.28,1.00,1.28,1991.62,1990.35,1989.07,1987.80,1986.52,1.14,0.00,0.00,0.00,0.00,0.00,0.00,1993.13,1993.12,1993.12,1993.12,1993.12,0.001,0.63,16.60,54.84,50.53,-0.14,-0.23,0.09,1993.43,1993.43,118,120,57.1,14.3,2,1,CROSS=EMA9>EMA21;TREND=1;STRUCT=1;VOL=1;COOL=1;EMA50=1;VWAP=0;BIAS=1,0.00,-0.43,29211.32,29148.62,quality filter
1952,2023.11.24 04:45:38,2023.11.24 07:15:38,EXIT_SL,XAUUSD,M3,604,SELL,FULLTGT,DAY,0,1992.90,1994.18,1994.18,1.28,1.00,1.28,1991.62,1990.35,1989.07,1987.80,1986.52,1.14,1.14,0.00,1994.19,0.00,-1.01,-155.04,1993.19,1993.16,1993.14,1993.17,1993.14,0.029,0.59,21.27,57.30,55.64,0.05,-0.16,0.21,1993.44,1993.79,104,116,71.4,0.0,2,1,CROSS=EMA9>EMA21;TREND=1;STRUCT=1;VOL=1;COOL=1;EMA50=1;VWAP=0;BIAS=1,0.00,-0.96,29060.27,29060.27,stopped at the initial SL (x1.00 of usual)
1953,2023.11.24 05:03:00,2023.11.24 07:33:00,SKIP,XAUUSD,M3,604,FLAT,NA,DAY,0,0.00,0.00,0.00,0.00,1.00,0.00,0.00,0.00,0.00,0.00,0.00,0.00,0.00,0.00,0.00,0.00,0.00,0.00,1993.11,1993.12,1993.12,1993.13,1993.13,-0.005,0.64,18.29,45.75,43.87,-0.08,-0.01,-0.08,1993.39,1992.61,72,107,0.0,71.4,2,1,CROSS=EMA9<EMA21;TREND=1;STRUCT=1;VOL=1;COOL=1;EMA50=1;VWAP=1;BIAS=1,0.00,0.00,29060.27,29060.27,already positioned that way
1954,2023.11.24 07:00:00,2023.11.24 09:30:00,ENTRY,XAUUSD,M3,606,BUY,FULLTGT,DAY,0,1993.83,1992.59,1992.59,1.24,1.00,1.24,1995.07,1996.32,1997.56,1998.80,2000.04,1.16,1.16,1.16,1993.83,0.00,0.00,0.00,1993.00,1993.00,1993.04,1992.97,1992.99,-0.060,0.62,27.98,59.66,56.91,0.25,0.08,0.17,1993.21,1993.75,158,109,85.7,14.3,7,1,CROSS=EMA9>EMA21;TREND=1;STRUCT=1;VOL=1;COOL=1;EMA50=1;VWAP=1;BIAS=1,0.00,0.00,29056.21,29048.09,KZ=ASIA; KZR=Asia H @ 2000.40 932 bars ago (high taken); DAY 12AM-4PM IST session: stop x1.00 of usual; no partials; full size to TP5; SL steps BE->TP1->TP2->TP3
1955,2023.11.24 08:25:04,2023.11.24 10:55:04,EXIT_SL,XAUUSD,M3,606,BUY,FULLTGT,DAY,0,1993.83,1992.59,1992.59,1.24,1.00,1.24,1995.07,1996.32,1997.56,1998.80,2000.04,1.16,1.16,0.00,1992.59,0.00,-1.00,-151.96,1993.50,1993.33,1993.22,1993.51,1993.34,0.188,0.59,14.33,44.52,43.15,-0.06,0.04,-0.10,1993.32,1993.24,124,107,14.3,71.4,12,1,CROSS=EMA9>EMA21;TREND=1;STRUCT=1;VOL=1;COOL=1;EMA50=1;VWAP=1;BIAS=1,0.56,-0.97,28908.31,28908.31,stopped at the initial SL (x1.00 of usual)
1956,2023.11.27 01:00:00,2023.11.27 03:30:00,DAY_SUMMARY,XAUUSD,M3,606,FLAT,NA,DAY,0,0.00,0.00,0.00,0.00,1.00,0.00,0.00,0.00,0.00,0.00,0.00,0.00,0.00,0.00,0.00,0.00,-2.01,-307.00,2000.73,1999.92,1998.42,2000.65,1999.87,1.674,0.90,13.34,59.49,59.13,0.31,0.24,0.07,1996.80,2002.48,124,94,85.7,0.0,50,1,CROSS=EMA9>EMA21;TREND=1;STRUCT=1;VOL=1;COOL=1;EMA50=1;VWAP=1;BIAS=1,0.00,0.00,28908.31,28908.31,2023.11.24 trades=2 W=0 L=2 gross_profit=0.00 gross_loss=307.00 net=-307.00 PF=0.00
1957,2023.11.27 01:00:00,2023.11.27 03:30:00,WEEK_SUMMARY,XAUUSD,M3,606,FLAT,NA,DAY,0,0.00,0.00,0.00,0.00,1.00,0.00,0.00,0.00,0.00,0.00,0.00,0.00,0.00,0.00,0.00,0.00,-5.05,-777.73,2000.73,1999.92,1998.42,2000.65,1999.87,1.674,0.90,13.34,59.49,59.13,0.31,0.24,0.07,1996.80,2002.48,124,94,85.7,0.0,50,1,CROSS=EMA9>EMA21;TREND=1;STRUCT=1;VOL=1;COOL=1;EMA50=1;VWAP=1;BIAS=1,0.00,0.00,28908.31,28908.31,days=4 trades=5 W=0 L=5 gross_profit=0.00 gross_loss=777.73 net=-777.73 PF=0.00 pips=-740.0
1958,2023.11.27 16:18:00,2023.11.27 18:48:00,SKIP,XAUUSD,M3,606,FLAT,NA,EVENING,0,0.00,0.00,0.00,0.00,1.00,0.00,0.00,0.00,0.00,0.00,0.00,0.00,0.00,0.00,0.00,0.00,0.00,0.00,2012.95,2012.95,2011.82,2013.01,2012.98,0.688,1.65,17.43,43.05,42.44,-0.50,-0.42,-0.09,2011.10,2011.53,271,337,14.3,57.1,1,1,CROSS=EMA9<EMA21;TREND=1;STRUCT=1;VOL=1;COOL=1;EMA50=1;VWAP=0;BIAS=1,0.00,0.00,28908.31,28908.31,quality filter
1959,2023.11.27 21:00:00,2023.11.27 23:30:00,SKIP,XAUUSD,M3,606,FLAT,NA,EVENING,0,0.00,0.00,0.00,0.00,1.00,0.00,0.00,0.00,0.00,0.00,0.00,0.00,0.00,0.00,0.00,0.00,0.00,0.00,2011.10,2011.10,2011.13,2011.05,2011.07,-0.045,0.68,42.35,59.12,62.08,0.68,0.69,-0.01,2011.00,2012.51,51,181,71.4,14.3,4,1,CROSS=EMA9<EMA21;TREND=1;STRUCT=1;VOL=1;COOL=1;EMA50=1;VWAP=0;BIAS=1,0.00,0.00,28908.31,28908.31,outside the killzone window
1960,2023.11.28 09:48:00,2023.11.28 12:18:00,SKIP,XAUUSD,M3,606,FLAT,NA,DAY,0,0.00,0.00,0.00,0.00,1.00,0.00,0.00,0.00,0.00,0.00,0.00,0.00,0.00,0.00,0.00,0.00,0.00,0.00,2015.34,2015.36,2014.92,2015.41,2015.40,0.656,0.67,42.09,28.42,35.84,-0.42,-0.20,-0.22,2015.70,2013.52,164,152,0.0,100.0,9,1,CROSS=EMA9<EMA21;TREND=1;STRUCT=1;VOL=1;COOL=1;EMA50=1;VWAP=0;BIAS=1,0.00,0.00,28908.31,28908.31,outside the killzone window
1961,2023.11.28 12:00:00,2023.11.28 14:30:00,SKIP,XAUUSD,M3,606,FLAT,NA,DAY,0,0.00,0.00,0.00,0.00,1.00,0.00,0.00,0.00,0.00,0.00,0.00,0.00,0.00,0.00,0.00,0.00,0.00,0.00,2015.03,2015.01,2014.83,2014.99,2014.99,0.272,0.68,21.78,57.91,58.04,0.27,0.28,-0.01,2015.38,2015.99,186,160,71.4,14.3,4,1,CROSS=EMA9<EMA21;TREND=1;STRUCT=1;VOL=1;COOL=1;EMA50=1;VWAP=0;BIAS=1,0.00,0.00,28908.31,28908.31,outside the killzone window
1962,2023.11.28 12:39:00,2023.11.28 15:09:00,SKIP,XAUUSD,M3,606,FLAT,NA,DAY,0,0.00,0.00,0.00,0.00,1.00,0.00,0.00,0.00,0.00,0.00,0.00,0.00,0.00,0.00,0.00,0.00,0.00,0.00,2015.01,2015.02,2014.86,2015.05,2015.04,0.295,0.55,30.73,40.40,39.93,-0.23,0.02,-0.26,2015.37,2014.16,138,144,0.0,85.7,4,1,CROSS=EMA9<EMA21;TREND=1;STRUCT=1;VOL=1;COOL=1;EMA50=1;VWAP=0;BIAS=1,0.00,0.00,28908.31,28908.31,outside the killzone window
1963,2023.11.28 13:42:00,2023.11.28 16:12:00,SKIP,XAUUSD,M3,606,FLAT,NA,EVENING,0,0.00,0.00,0.00,0.00,1.00,0.00,0.00,0.00,0.00,0.00,0.00,0.00,0.00,0.00,0.00,0.00,0.00,0.00,2014.97,2014.97,2014.86,2014.95,2014.96,0.281,0.41,28.04,60.26,56.12,0.19,0.10,0.09,2015.32,2015.62,129,122,100.0,0.0,4,1,CROSS=EMA9<EMA21;TREND=1;STRUCT=1;VOL=1;COOL=1;EMA50=1;VWAP=0;BIAS=1,0.00,0.00,28908.31,28908.31,outside the killzone window
1964,2023.11.28 15:09:00,2023.11.28 17:39:00,ENTRY,XAUUSD,M3,608,SELL,FULLTGT,EVENING,0,2013.81,2015.00,2015.00,1.19,1.00,1.19,2012.62,2011.42,2010.23,2009.03,2007.84,1.21,1.21,1.21,2013.81,0.00,0.00,0.00,2014.97,2015.00,2014.91,2015.02,2015.02,0.153,0.60,33.66,33.06,37.62,-0.29,-0.04,-0.24,2015.28,2013.82,244,176,14.3,85.7,4,1,CROSS=EMA9<EMA21;TREND=1;STRUCT=1;VOL=1;COOL=1;EMA50=1;VWAP=1;BIAS=1,0.00,0.00,28904.07,28899.23,KZ=NY; KZR=NY H @ 2016.26 262 bars ago (high taken); EVENING 4PM-12AM IST session: stop x1.00 of usual; no partials; full size to TP5; SL steps BE->TP1->TP2->TP3
1965,2023.11.28 15:14:30,2023.11.28 17:44:30,TP1_REACHED,XAUUSD,M3,608,SELL,FULLTGT,EVENING,0,2013.81,2015.00,2015.00,1.19,1.00,1.19,2012.62,2011.42,2010.23,2009.03,2007.84,1.21,0.00,1.21,2012.62,1.00,1.00,0.00,2014.90,2014.96,2014.89,2014.97,2015.00,0.112,0.64,36.74,26.67,37.08,-0.39,-0.10,-0.29,2015.27,2013.06,256,183,0.0,100.0,4,1,CROSS=EMA9<EMA21;TREND=1;STRUCT=1;VOL=1;COOL=1;EMA50=1;VWAP=1;BIAS=1,1.00,-0.18,28904.07,29050.48,full target: no partial booked
1966,2023.11.28 15:23:03,2023.11.28 17:53:03,EXIT_SL,XAUUSD,M3,608,SELL,FULLTGT,EVENING,0,2013.81,2015.00,2015.00,1.19,1.00,1.19,2012.62,2011.42,2010.23,2009.03,2007.84,1.21,1.21,0.00,2015.01,0.00,-1.00,-153.68,2014.68,2014.84,2014.83,2014.73,2014.87,0.014,0.79,47.12,38.66,32.02,-0.56,-0.31,-0.25,2015.22,2013.46,322,203,14.3,85.7,4,1,CROSS=EMA9<EMA21;TREND=1;STRUCT=1;VOL=1;COOL=1;EMA50=1;VWAP=1;BIAS=1,1.77,-0.98,28754.63,28754.63,stopped at the initial SL (x1.00 of usual)
1967,2023.11.28 15:42:00,2023.11.28 18:12:00,ENTRY,XAUUSD,M3,610,BUY,FULLTGT,EVENING,0,2017.46,2015.09,2015.09,2.37,1.00,2.37,2019.83,2022.19,2024.56,2026.93,2029.30,0.60,0.60,0.60,2017.46,0.00,0.00,0.00,2015.07,2015.02,2014.92,2014.97,2014.97,0.085,1.18,31.96,69.76,63.26,0.47,-0.12,0.59,2015.25,2017.51,301,261,100.0,0.0,4,1,CROSS=EMA9>EMA21;TREND=1;STRUCT=1;VOL=1;COOL=1;EMA50=1;VWAP=1;BIAS=1,0.00,0.00,28752.53,28750.13,KZ=NY; KZR=NY H @ 2016.26 273 bars ago (high taken); EVENING 4PM-12AM IST session: stop x1.00 of usual; no partials; full size to TP5; SL steps BE->TP1->TP2->TP3
1968,2023.11.28 15:42:30,2023.11.28 18:12:30,TP1_REACHED,XAUUSD,M3,610,BUY,FULLTGT,EVENING,0,2017.46,2015.09,2015.09,2.37,1.00,2.37,2019.83,2022.19,2024.56,2026.93,2029.30,0.60,0.00,0.60,2019.83,1.00,1.00,0.00,2015.07,2015.02,2014.92,2014.97,2014.97,0.085,1.18,31.96,69.76,63.26,0.47,-0.12,0.59,2015.25,2017.51,301,261,100.0,0.0,4,1,CROSS=EMA9>EMA21;TREND=1;STRUCT=1;VOL=1;COOL=1;EMA50=1;VWAP=1;BIAS=1,0.99,-0.07,28752.53,28900.13,full target: no partial booked
1969,2023.11.28 16:00:28,2023.11.28 18:30:28,TP2_REACHED,XAUUSD,M3,610,BUY,FULLTGT,EVENING,0,2017.46,2015.09,2015.09,2.37,1.00,2.37,2019.83,2022.19,2024.56,2026.93,2029.30,0.60,0.00,0.60,2022.19,2.00,2.00,0.00,2016.15,2015.60,2015.22,2015.93,2015.48,0.244,1.53,43.05,77.59,75.11,1.53,0.88,0.65,2015.49,2021.49,335,333,100.0,0.0,4,1,CROSS=EMA9>EMA21;TREND=1;STRUCT=1;VOL=1;COOL=1;EMA50=1;VWAP=1;BIAS=1,2.00,-0.07,28752.53,29038.73,full target: no partial booked
1970,2023.11.28 16:16:16,2023.11.28 18:46:16,TP3_REACHED,XAUUSD,M3,610,BUY,FULLTGT,EVENING,0,2017.46,2015.09,2015.09,2.37,1.00,2.37,2019.83,2022.19,2024.56,2026.93,2029.30,0.60,0.00,0.60,2024.56,3.00,3.00,0.00,2017.24,2016.22,2015.56,2016.98,2016.07,0.434,1.52,51.75,78.40,78.34,1.99,1.58,0.41,2015.76,2023.64,334,362,85.7,0.0,4,1,CROSS=EMA9>EMA21;TREND=1;STRUCT=1;VOL=1;COOL=1;EMA50=1;VWAP=1;BIAS=1,3.00,-0.07,28752.53,29179.73,full target: no partial booked
1971,2023.11.28 16:24:28,2023.11.28 18:54:28,TP4_REACHED,XAUUSD,M3,610,BUY,FULLTGT,EVENING,0,2017.46,2015.09,2015.09,2.37,1.00,2.37,2019.83,2022.19,2024.56,2026.93,2029.30,0.60,0.00,0.60,2026.93,4.00,4.00,0.00,2018.13,2016.74,2015.84,2017.81,2016.55,0.565,1.58,60.79,83.11,80.39,2.44,1.93,0.51,2015.97,2025.93,386,369,100.0,0.0,5,1,CROSS=EMA9>EMA21;TREND=1;STRUCT=1;VOL=1;COOL=1;EMA50=1;VWAP=1;BIAS=1,3.99,-0.07,28752.53,29322.53,full target: no partial booked
1972,2023.11.28 17:40:27,2023.11.28 20:10:27,TP5_EXIT,XAUUSD,M3,610,BUY,FULLTGT,EVENING,0,2017.46,2015.09,2015.09,2.37,1.00,2.37,2019.83,2022.19,2024.56,2026.93,2029.30,0.60,0.60,0.00,2029.30,5.00,5.00,0.00,2023.02,2020.33,2018.06,2022.81,2020.17,1.432,1.58,24.69,67.09,67.90,0.96,0.91,0.05,2017.74,2028.36,380,410,71.4,0.0,10,1,CROSS=EMA9>EMA21;TREND=1;STRUCT=1;VOL=1;COOL=1;EMA50=1;VWAP=1;BIAS=1,4.99,-0.07,29460.83,29460.83,full target reached; closed in full
1973,2023.11.28 17:40:28,2023.11.28 20:10:28,EXIT_TP,XAUUSD,M3,610,BUY,FULLTGT,EVENING,0,2017.46,2015.09,2015.09,2.37,1.00,2.37,2019.83,2022.19,2024.56,2026.93,2029.30,0.60,0.60,0.00,2029.30,0.00,5.00,706.20,2023.02,2020.33,2018.06,2022.81,2020.17,1.432,1.58,24.69,67.09,67.90,0.96,0.91,0.05,2017.74,2028.36,380,410,71.4,0.0,10,1,CROSS=EMA9>EMA21;TREND=1;STRUCT=1;VOL=1;COOL=1;EMA50=1;VWAP=1;BIAS=1,4.99,-0.07,29460.83,29460.83,TP5 exit
1974,2023.11.29 01:00:00,2023.11.29 03:30:00,DAY_SUMMARY,XAUUSD,M3,610,FLAT,NA,DAY,0,0.00,0.00,0.00,0.00,1.00,0.00,0.00,0.00,0.00,0.00,0.00,0.00,0.00,0.00,0.00,0.00,4.00,552.52,2040.57,2038.75,2033.79,2040.55,2038.70,11.119,0.45,22.95,53.68,55.82,0.11,0.01,0.10,2024.18,2041.07,42,56,71.4,0.0,7,1,CROSS=EMA9>EMA21;TREND=1;STRUCT=1;VOL=1;COOL=1;EMA50=1;VWAP=1;BIAS=1,0.00,0.00,29460.83,29460.83,2023.11.28 trades=2 W=1 L=1 gross_profit=706.20 gross_loss=153.68 net=552.52 PF=4.60
1975,2023.11.29 09:09:00,2023.11.29 11:39:00,SKIP,XAUUSD,M3,610,FLAT,NA,DAY,0,0.00,0.00,0.00,0.00,1.00,0.00,0.00,0.00,0.00,0.00,0.00,0.00,0.00,0.00,0.00,0.00,0.00,0.00,2045.07,2045.08,2043.20,2045.12,2045.10,2.235,0.84,22.86,38.08,42.30,-0.22,-0.09,-0.13,2046.15,2043.81,189,221,0.0,71.4,4,1,CROSS=EMA9>EMA21;TREND=1;STRUCT=1;VOL=1;COOL=1;EMA50=1;VWAP=1;BIAS=1,0.00,0.00,29460.83,29460.83,outside the killzone window
1976,2023.11.29 16:45:00,2023.11.29 19:15:00,SKIP,XAUUSD,M3,610,FLAT,NA,EVENING,0,0.00,0.00,0.00,0.00,1.00,0.00,0.00,0.00,0.00,0.00,0.00,0.00,0.00,0.00,0.00,0.00,0.00,0.00,2040.61,2040.57,2040.94,2040.51,2040.52,-0.248,1.50,34.74,60.23,62.28,0.77,0.08,0.69,2043.07,2043.10,476,394,85.7,14.3,4,1,CROSS=EMA9>EMA21;TREND=1;STRUCT=1;VOL=1;COOL=1;EMA50=1;VWAP=1;BIAS=1,0.00,0.00,29460.83,29460.83,already positioned that way
1977,2023.11.30 04:12:00,2023.11.30 06:42:00,ENTRY,XAUUSD,M3,612,SELL,FULLTGT,DAY,0,2043.66,2045.05,2045.05,1.39,1.00,1.39,2042.27,2040.87,2039.48,2038.09,2036.70,1.05,1.05,1.05,2043.66,0.00,0.00,0.00,2044.89,2044.89,2044.39,2044.94,2044.92,0.727,0.70,44.17,38.74,34.59,-0.55,-0.44,-0.11,2045.10,2043.64,127,191,0.0,85.7,4,1,CROSS=EMA9<EMA21;TREND=1;STRUCT=1;VOL=1;COOL=1;EMA50=1;VWAP=1;BIAS=1,0.00,0.00,29457.15,29452.95,KZ=ASIA; KZR=NY H @ 2046.92 153 bars ago (high taken); DAY 12AM-4PM IST session: stop x1.00 of usual; no partials; full size to TP5; SL steps BE->TP1->TP2->TP3
1978,2023.11.30 04:46:29,2023.11.30 07:16:29,EXIT_SL,XAUUSD,M3,612,SELL,FULLTGT,DAY,0,2043.66,2045.05,2045.05,1.39,1.00,1.39,2042.27,2040.87,2039.48,2038.09,2036.70,1.05,1.05,0.00,2045.05,0.00,-1.00,-153.31,2044.47,2044.66,2044.31,2044.46,2044.66,0.565,0.61,28.70,55.28,52.10,-0.25,-0.46,0.21,2044.84,2044.65,148,162,57.1,28.6,4,1,CROSS=EMA9<EMA21;TREND=1;STRUCT=1;VOL=1;COOL=1;EMA50=1;VWAP=1;BIAS=1,0.75,-0.97,29307.52,29307.52,stopped at the initial SL (x1.00 of usual)
1979,2023.11.30 05:12:00,2023.11.30 07:42:00,ENTRY,XAUUSD,M3,614,BUY,FULLTGT,DAY,0,2045.60,2044.14,2044.14,1.46,1.00,1.46,2047.06,2048.53,2049.99,2051.45,2052.91,1.00,1.00,1.00,2045.60,0.00,0.00,0.00,2044.85,2044.83,2044.43,2044.82,2044.82,0.542,0.73,48.76,55.88,51.87,0.37,0.24,0.13,2044.99,2045.58,138,162,85.7,0.0,4,1,CROSS=EMA9>EMA21;TREND=1;STRUCT=1;VOL=1;COOL=1;EMA50=1;VWAP=1;BIAS=1,0.00,0.00,29304.02,29300.02,KZ=ASIA; KZR=NY H @ 2046.92 173 bars ago (high taken); DAY 12AM-4PM IST session: stop x1.00 of usual; no partials; full size to TP5; SL steps BE->TP1->TP2->TP3
1980,2023.11.30 06:37:35,2023.11.30 09:07:35,EXIT_SL,XAUUSD,M3,614,BUY,FULLTGT,DAY,0,2045.60,2044.14,2044.14,1.46,1.00,1.46,2047.06,2048.53,2049.99,2051.45,2052.91,1.00,1.00,0.00,2044.14,0.00,-1.00,-153.00,2045.22,2045.07,2044.66,2045.24,2045.07,0.799,0.51,29.41,41.91,44.27,-0.01,0.19,-0.20,2045.08,2044.69,79,96,14.3,71.4,4,1,CROSS=EMA9>EMA21;TREND=1;STRUCT=1;VOL=1;COOL=1;EMA50=1;VWAP=1;BIAS=1,0.73,-0.97,29154.52,29154.52,stopped at the initial SL (x1.00 of usual)
1981,2023.11.30 06:54:00,2023.11.30 09:24:00,ENTRY,XAUUSD,M3,616,SELL,FULLTGT,DAY,0,2043.86,2044.96,2044.96,1.10,1.00,1.10,2042.76,2041.66,2040.56,2039.45,2038.35,1.32,1.32,1.32,2043.86,0.00,0.00,0.00,2044.93,2044.93,2044.62,2044.97,2044.95,0.571,0.55,50.63,40.01,40.53,-0.41,-0.16,-0.25,2045.01,2043.86,192,111,14.3,85.7,7,1,CROSS=EMA9<EMA21;TREND=1;STRUCT=1;VOL=1;COOL=1;EMA50=1;VWAP=1;BIAS=1,0.00,0.00,29149.90,29140.66,KZ=ASIA; KZR=NY H @ 2046.92 207 bars ago (high taken); DAY 12AM-4PM IST session: stop x1.00 of usual; no partials; full size to TP5; SL steps BE->TP1->TP2->TP3
1982,2023.11.30 07:22:14,2023.11.30 09:52:14,TP1_REACHED,XAUUSD,M3,616,SELL,FULLTGT,DAY,0,2043.86,2044.96,2044.96,1.10,1.00,1.10,2042.76,2041.66,2040.56,2039.45,2038.35,1.32,0.00,1.32,2042.76,1.00,1.00,0.00,2044.65,2044.78,2044.57,2044.72,2044.82,0.338,0.64,43.83,36.44,40.26,-0.38,-0.33,-0.05,2044.96,2043.15,83,102,0.0,85.7,4,1,CROSS=EMA9<EMA21;TREND=1;STRUCT=1;VOL=1;COOL=1;EMA50=1;VWAP=1;BIAS=1,0.99,-0.89,29149.90,29297.74,full target: no partial booked
1983,2023.11.30 07:57:27,2023.11.30 10:27:27,TP2_REACHED,XAUUSD,M3,616,SELL,FULLTGT,DAY,0,2043.86,2044.96,2044.96,1.10,1.00,1.10,2042.76,2041.66,2040.56,2039.45,2038.35,1.32,0.00,1.32,2041.66,2.00,2.00,0.00,2043.75,2044.25,2044.31,2043.83,2044.30,-0.100,0.59,35.59,30.99,34.99,-0.66,-0.65,-0.01,2044.73,2041.69,112,108,0.0,100.0,5,1,CROSS=EMA9<EMA21;TREND=1;STRUCT=1;VOL=1;COOL=1;EMA50=1;VWAP=1;BIAS=1,2.00,-0.89,29149.90,29442.94,full target: no partial booked
1984,2023.11.30 08:35:31,2023.11.30 11:05:31,EXIT_SL,XAUUSD,M3,616,SELL,FULLTGT,DAY,0,2043.86,2044.96,2044.96,1.10,1.00,1.10,2042.76,2041.66,2040.56,2039.45,2038.35,1.32,1.32,0.00,2044.97,0.00,-1.01,-155.76,2043.46,2043.98,2044.16,2043.43,2043.97,-0.296,0.61,26.08,64.49,55.02,0.03,-0.24,0.27,2044.58,2044.24,140,117,71.4,28.6,12,1,CROSS=EMA9<EMA21;TREND=1;STRUCT=1;VOL=1;COOL=1;EMA50=1;VWAP=1;BIAS=1,2.20,-0.96,28998.76,28998.76,stopped at the initial SL (x1.00 of usual)
1985,2023.11.30 10:18:00,2023.11.30 12:48:00,SKIP,XAUUSD,M3,616,FLAT,NA,DAY,0,0.00,0.00,0.00,0.00,1.00,0.00,0.00,0.00,0.00,0.00,0.00,0.00,0.00,0.00,0.00,0.00,0.00,0.00,2044.32,2044.30,2044.30,2044.28,2044.28,0.003,0.83,34.38,56.49,55.68,0.18,-0.01,0.19,2044.59,2045.22,202,178,100.0,0.0,11,1,CROSS=EMA9<EMA21;TREND=1;STRUCT=1;VOL=1;COOL=1;EMA50=1;VWAP=1;BIAS=1,0.00,0.00,28998.76,28998.76,outside the killzone window
1986,2023.11.30 10:30:00,2023.11.30 13:00:00,SKIP,XAUUSD,M3,616,FLAT,NA,DAY,0,0.00,0.00,0.00,0.00,1.00,0.00,0.00,0.00,0.00,0.00,0.00,0.00,0.00,0.00,0.00,0.00,0.00,0.00,2044.26,2044.28,2044.29,2044.30,2044.29,-0.012,0.81,27.53,42.72,45.25,-0.05,0.08,-0.13,2044.57,2043.47,225,189,0.0,100.0,4,1,CROSS=EMA9<EMA21;TREND=1;STRUCT=1;VOL=1;COOL=1;EMA50=1;VWAP=1;BIAS=1,0.00,0.00,28998.76,28998.76,outside the killzone window
1987,2023.11.30 19:15:00,2023.11.30 21:45:00,SKIP,XAUUSD,M3,616,FLAT,NA,EVENING,0,0.00,0.00,0.00,0.00,1.00,0.00,0.00,0.00,0.00,0.00,0.00,0.00,0.00,0.00,0.00,0.00,0.00,0.00,2038.11,2038.07,2039.09,2038.01,2038.02,-0.989,1.04,30.05,62.39,61.80,0.82,0.69,0.13,2040.17,2040.67,242,286,85.7,0.0,4,1,CROSS=EMA9<EMA21;TREND=1;STRUCT=1;VOL=1;COOL=1;EMA50=1;VWAP=1;BIAS=1,0.00,0.00,28998.76,28998.76,outside the killzone window
1988,2023.11.30 20:36:00,2023.11.30 23:06:00,SKIP,XAUUSD,M3,616,FLAT,NA,EVENING,0,0.00,0.00,0.00,0.00,1.00,0.00,0.00,0.00,0.00,0.00,0.00,0.00,0.00,0.00,0.00,0.00,0.00,0.00,2038.23,2038.24,2038.97,2038.31,2038.28,-0.810,0.90,42.56,35.16,39.61,-0.65,-0.47,-0.19,2040.07,2036.41,173,194,0.0,85.7,4,1,CROSS=EMA9<EMA21;TREND=1;STRUCT=1;VOL=1;COOL=1;EMA50=1;VWAP=1;BIAS=1,0.00,0.00,28998.76,28998.76,outside the killzone window
1989,2023.12.01 01:00:00,2023.12.01 03:30:00,DAY_SUMMARY,XAUUSD,M3,616,FLAT,NA,DAY,0,0.00,0.00,0.00,0.00,1.00,0.00,0.00,0.00,0.00,0.00,0.00,0.00,0.00,0.00,0.00,0.00,-3.00,-462.07,2036.09,2036.48,2037.42,2036.09,2036.48,-3.014,0.31,18.53,50.79,50.24,0.09,0.09,-0.01,2039.66,2036.09,43,82,28.6,42.9,50,1,CROSS=EMA9<EMA21;TREND=1;STRUCT=1;VOL=1;COOL=1;EMA50=1;VWAP=1;BIAS=1,0.00,0.00,28998.76,28998.76,2023.11.30 trades=3 W=0 L=3 gross_profit=0.00 gross_loss=462.07 net=-462.07 PF=0.00
1990,2023.12.01 01:00:00,2023.12.01 03:30:00,MONTH_SUMMARY,XAUUSD,M3,616,FLAT,NA,DAY,0,0.00,0.00,0.00,0.00,1.00,0.00,0.00,0.00,0.00,0.00,0.00,0.00,0.00,0.00,0.00,0.00,28.56,1260.33,2036.09,2036.48,2037.42,2036.09,2036.48,-3.014,0.31,18.53,50.79,50.24,0.09,0.09,-0.01,2039.66,2036.09,43,82,28.6,42.9,50,1,CROSS=EMA9<EMA21;TREND=1;STRUCT=1;VOL=1;COOL=1;EMA50=1;VWAP=1;BIAS=1,0.00,0.00,28998.76,28998.76,days=16 trades=30 W=8 L=22 gross_profit=4538.39 gross_loss=3278.06 net=1260.33 PF=1.38 pips=4965.0
1991,2023.12.01 01:27:00,2023.12.01 03:57:00,SKIP,XAUUSD,M3,616,FLAT,NA,DAY,0,0.00,0.00,0.00,0.00,1.00,0.00,0.00,0.00,0.00,0.00,0.00,0.00,0.00,0.00,0.00,0.00,0.00,0.00,2036.87,2036.83,2037.52,2036.75,2036.78,-1.128,0.61,40.32,71.80,66.51,0.84,0.57,0.27,2038.51,2039.68,70,59,100.0,0.0,4,1,CROSS=EMA9<EMA21;TREND=1;STRUCT=1;VOL=1;COOL=1;EMA50=1;VWAP=1;BIAS=1,0.00,0.00,28998.76,28998.76,outside the killzone window
1992,2023.12.01 13:48:00,2023.12.01 16:18:00,SKIP,XAUUSD,M3,616,FLAT,NA,EVENING,0,0.00,0.00,0.00,0.00,1.00,0.00,0.00,0.00,0.00,0.00,0.00,0.00,0.00,0.00,0.00,0.00,0.00,0.00,2042.90,2042.95,2042.14,2043.08,2043.04,0.844,0.96,72.57,27.26,22.54,-1.59,-1.19,-0.40,2042.26,2038.44,207,179,14.3,85.7,9,1,CROSS=EMA9<EMA21;TREND=1;STRUCT=1;VOL=1;COOL=1;EMA50=1;VWAP=1;BIAS=1,0.00,0.00,28998.76,28998.76,outside the killzone window
1993,2023.12.01 17:15:00,2023.12.01 19:45:00,ENTRY,XAUUSD,M3,618,BUY,FULLTGT,EVENING,0,2045.86,2040.96,2040.96,4.90,1.00,4.90,2050.76,2055.67,2060.57,2065.47,2070.37,0.29,0.29,0.29,2045.86,0.00,0.00,0.00,2040.12,2040.02,2040.39,2039.90,2039.91,-0.150,2.45,44.47,65.25,67.65,2.48,1.79,0.69,2041.07,2045.69,542,423,85.7,14.3,6,1,CROSS=EMA9>EMA21;TREND=1;STRUCT=1;VOL=1;COOL=1;EMA50=1;VWAP=1;BIAS=1,0.00,0.00,28997.74,28996.00,KZ=NY; KZR=NY H @ 2046.92 894 bars ago (high taken); EVENING 4PM-12AM IST session: stop x1.00 of usual; no partials; full size to TP5; SL steps BE->TP1->TP2->TP3
1994,2023.12.01 17:22:26,2023.12.01 19:52:26,TP1_REACHED,XAUUSD,M3,618,BUY,FULLTGT,EVENING,0,2045.86,2040.96,2040.96,4.90,1.00,4.90,2050.76,2055.67,2060.57,2065.47,2070.37,0.29,0.00,0.29,2050.76,1.00,1.00,0.00,2040.61,2040.27,2040.51,2040.29,2040.11,-0.092,2.58,35.93,68.54,70.88,2.50,2.08,0.41,2041.15,2048.45,489,446,100.0,0.0,10,1,CROSS=EMA9>EMA21;TREND=1;STRUCT=1;VOL=1;COOL=1;EMA50=1;VWAP=1;BIAS=1,0.99,-0.44,28997.74,29140.71,full target: no partial booked
1995,2023.12.01 18:13:29,2023.12.01 20:43:29,TP2_REACHED,XAUUSD,M3,618,BUY,FULLTGT,EVENING,0,2045.86,2040.96,2040.96,4.90,1.00,4.90,2050.76,2055.67,2060.57,2065.47,2070.37,0.29,0.00,0.29,2055.67,2.00,2.00,0.00,2045.00,2042.90,2041.89,2044.65,2042.68,0.399,2.53,22.51,70.01,66.79,2.29,2.16,0.13,2042.16,2053.46,559,499,85.7,0.0,11,1,CROSS=EMA9>EMA21;TREND=1;STRUCT=1;VOL=1;COOL=1;EMA50=1;VWAP=1;BIAS=1,2.00,-0.44,28997.74,29283.97,full target: no partial booked
1996,2023.12.01 18:54:05,2023.12.01 21:24:05,TP3_REACHED,XAUUSD,M3,618,BUY,FULLTGT,EVENING,0,2045.86,2040.96,2040.96,4.90,1.00,4.90,2050.76,2055.67,2060.57,2065.47,2070.37,0.29,0.00,0.29,2060.57,3.00,3.00,0.00,2050.32,2046.42,2043.90,2049.91,2046.14,1.320,1.91,49.82,75.20,77.10,3.07,2.99,0.09,2043.43,2060.38,294,486,85.7,0.0,9,1,CROSS=EMA9>EMA21;TREND=1;STRUCT=1;VOL=1;COOL=1;EMA50=1;VWAP=1;BIAS=1,3.00,-0.44,28997.74,29424.33,full target: no partial booked
1997,2023.12.01 19:48:37,2023.12.01 22:18:37,TP4_REACHED,XAUUSD,M3,618,BUY,FULLTGT,EVENING,0,2045.86,2040.96,2040.96,4.90,1.00,4.90,2050.76,2055.67,2060.57,2065.47,2070.37,0.29,0.00,0.29,2065.47,4.00,4.00,0.00,2055.83,2050.80,2046.69,2055.47,2050.52,2.974,1.38,30.47,74.55,75.02,2.18,2.10,0.08,2044.65,2064.72,294,315,85.7,0.0,11,1,CROSS=EMA9>EMA21;TREND=1;STRUCT=1;VOL=1;COOL=1;EMA50=1;VWAP=1;BIAS=1,4.00,-0.44,28997.74,29567.30,full target: no partial booked
1998,2023.12.01 20:31:00,2023.12.01 23:01:00,TP5_EXIT,XAUUSD,M3,618,BUY,FULLTGT,EVENING,0,2045.86,2040.96,2040.96,4.90,1.00,4.90,2050.76,2055.67,2060.57,2065.47,2070.37,0.29,0.29,0.00,2070.40,5.00,5.00,0.00,2060.89,2054.89,2049.41,2060.54,2054.60,3.584,1.53,44.05,70.50,76.65,2.38,2.57,-0.18,2045.91,2069.46,340,319,85.7,14.3,11,1,CROSS=EMA9>EMA21;TREND=1;STRUCT=1;VOL=1;COOL=1;EMA50=1;VWAP=1;BIAS=1,4.99,-0.44,29683.88,29708.42,full target reached; closed in full
1999,2023.12.01 23:42:00,2023.12.02 02:12:00,EXIT_WEEKEND,XAUUSD,M3,618,BUY,FULLTGT,DAY,0,2045.86,2040.96,2040.96,4.90,1.00,4.90,2050.76,2055.67,2060.57,2065.47,2070.37,0.29,0.01,0.00,2071.38,0.00,5.21,0.00,2069.80,2066.09,2059.32,2069.73,2065.98,14.699,0.46,19.99,59.11,61.58,0.46,0.55,-0.09,2049.05,2071.42,80,112,57.1,14.3,11,1,CROSS=EMA9>EMA21;TREND=1;STRUCT=1;VOL=1;COOL=1;EMA50=1;VWAP=1;BIAS=1,6.02,-0.44,29709.36,29709.36,WEEKEND exit
2000,2023.12.01 23:42:03,2023.12.02 02:12:03,EXIT_WEEKEND,XAUUSD,M3,618,BUY,FULLTGT,DAY,0,2045.86,2040.96,2040.96,4.90,1.00,4.90,2050.76,2055.67,2060.57,2065.47,2070.37,0.29,0.29,0.00,2071.38,0.00,5.21,710.60,2069.80,2066.09,2059.32,2069.73,2065.98,14.699,0.46,19.99,59.11,61.58,0.46,0.55,-0.09,2049.05,2071.42,80,112,57.1,14.3,11,1,CROSS=EMA9>EMA21;TREND=1;STRUCT=1;VOL=1;COOL=1;EMA50=1;VWAP=1;BIAS=1,6.02,-0.44,29709.36,29709.36,flattened before the Friday close
2001,2023.12.04 01:00:00,2023.12.04 03:30:00,DAY_SUMMARY,XAUUSD,M3,618,FLAT,NA,DAY,0,0.00,0.00,0.00,0.00,1.00,0.00,0.00,0.00,0.00,0.00,0.00,0.00,0.00,0.00,0.00,0.00,5.21,710.60,2070.10,2066.60,2059.91,2070.04,2066.50,17.913,0.37,15.98,59.84,61.58,0.35,0.44,-0.08,2049.12,2071.63,76,84,57.1,14.3,7,1,CROSS=EMA9>EMA21;TREND=1;STRUCT=1;VOL=1;COOL=1;EMA50=1;VWAP=1;BIAS=1,0.00,0.00,29709.36,29709.36,2023.12.01 trades=1 W=1 L=0 gross_profit=710.60 gross_loss=0.00 net=710.60 PF=0.00
2002,2023.12.04 01:00:00,2023.12.04 03:30:00,WEEK_SUMMARY,XAUUSD,M3,618,FLAT,NA,DAY,0,0.00,0.00,0.00,0.00,1.00,0.00,0.00,0.00,0.00,0.00,0.00,0.00,0.00,0.00,0.00,0.00,5.21,710.60,2070.10,2066.60,2059.91,2070.04,2066.50,17.913,0.37,15.98,59.84,61.58,0.35,0.44,-0.08,2049.12,2071.63,76,84,57.1,14.3,7,1,CROSS=EMA9>EMA21;TREND=1;STRUCT=1;VOL=1;COOL=1;EMA50=1;VWAP=1;BIAS=1,0.00,0.00,29709.36,29709.36,days=1 trades=1 W=1 L=0 gross_profit=710.60 gross_loss=0.00 net=710.60 PF=0.00 pips=2552.0
2003,2023.12.04 06:27:00,2023.12.04 08:57:00,ENTRY,XAUUSD,M3,621,SELL,FULLTGT,DAY,0,2084.65,2086.87,2086.87,2.22,1.00,2.22,2082.43,2080.21,2077.99,2075.77,2073.55,0.66,0.66,0.66,2084.65,0.00,0.00,0.00,2086.66,2086.66,2080.58,2086.74,2086.70,5.485,1.11,24.43,45.11,40.58,-0.77,-0.74,-0.03,2094.47,2084.68,101,138,0.0,71.4,7,1,CROSS=EMA9<EMA21;TREND=1;STRUCT=1;VOL=1;COOL=1;EMA50=1;VWAP=1;BIAS=1,0.00,0.00,29707.05,29702.43,KZ=ASIA; KZR=NY H @ 2053.26 1207 bars ago (high taken); DAY 12AM-4PM IST session: stop x1.00 of usual; no partials; full size to TP5; SL steps BE->TP1->TP2->TP3
2004,2023.12.04 07:19:36,2023.12.04 09:49:36,EXIT_SL,XAUUSD,M3,621,SELL,FULLTGT,DAY,0,2084.65,2086.87,2086.87,2.22,1.00,2.22,2082.43,2080.21,2077.99,2075.77,2073.55,0.66,0.66,0.00,2086.87,0.00,-1.00,-151.14,2085.87,2086.19,2081.27,2085.85,2086.19,6.992,0.70,23.17,59.39,49.33,0.01,-0.16,0.17,2093.83,2086.38,184,120,42.9,42.9,7,1,CROSS=EMA9<EMA21;TREND=1;STRUCT=1;VOL=1;COOL=1;EMA50=1;VWAP=1;BIAS=1,0.44,-0.98,29558.22,29558.22,stopped at the initial SL (x1.00 of usual)
2005,2023.12.04 07:42:00,2023.12.04 10:12:00,SKIP,XAUUSD,M3,621,FLAT,NA,DAY,0,0.00,0.00,0.00,0.00,1.00,0.00,0.00,0.00,0.00,0.00,0.00,0.00,0.00,0.00,0.00,0.00,0.00,0.00,2086.53,2086.50,2081.81,2086.37,2086.42,4.512,1.04,46.71,72.27,60.93,0.97,0.53,0.44,2093.54,2090.36,228,149,85.7,14.3,7,1,CROSS=EMA9>EMA21;TREND=1;STRUCT=1;VOL=1;COOL=1;EMA50=1;VWAP=0;BIAS=1,0.00,0.00,29558.22,29558.22,quality filter
2006,2023.12.04 08:30:00,2023.12.04 11:00:00,SKIP,XAUUSD,M3,621,FLAT,NA,DAY,0,0.00,0.00,0.00,0.00,1.00,0.00,0.00,0.00,0.00,0.00,0.00,0.00,0.00,0.00,0.00,0.00,0.00,0.00,2086.50,2086.52,2082.52,2086.58,2086.56,2.942,1.36,26.75,40.44,39.83,-0.42,0.02,-0.44,2092.92,2084.54,204,199,14.3,85.7,12,1,CROSS=EMA9>EMA21;TREND=1;STRUCT=1;VOL=1;COOL=1;EMA50=1;VWAP=0;BIAS=1,0.00,0.00,29558.22,29558.22,outside the killzone window
2007,2023.12.05 01:00:00,2023.12.05 03:30:00,DAY_SUMMARY,XAUUSD,M3,621,FLAT,NA,DAY,0,0.00,0.00,0.00,0.00,1.00,0.00,0.00,0.00,0.00,0.00,0.00,0.00,0.00,0.00,0.00,0.00,-1.00,-151.14,2028.84,2030.23,2037.67,2028.84,2030.25,-16.003,0.47,27.08,47.25,50.38,0.11,0.27,-0.16,2061.15,2028.89,54,75,28.6,57.1,7,1,CROSS=EMA9>EMA21;TREND=1;STRUCT=1;VOL=1;COOL=1;EMA50=1;VWAP=0;BIAS=1,0.00,0.00,29558.22,29558.22,2023.12.04 trades=1 W=0 L=1 gross_profit=0.00 gross_loss=151.14 net=-151.14 PF=0.00
2008,2023.12.05 02:21:00,2023.12.05 04:51:00,ENTRY,XAUUSD,M3,623,BUY,FULLTGT,DAY,0,2034.88,2032.59,2032.59,2.29,1.00,2.29,2037.17,2039.45,2041.74,2044.02,2046.31,0.64,0.64,0.64,2034.88,0.00,0.00,0.00,2030.84,2030.79,2036.19,2030.68,2030.71,-4.728,1.14,41.07,69.90,66.23,1.36,1.10,0.26,2032.00,2034.85,96,125,85.7,0.0,6,1,CROSS=EMA9>EMA21;TREND=1;STRUCT=1;VOL=1;COOL=1;EMA50=1;VWAP=1;BIAS=1,0.00,0.00,29555.98,29552.14,KZ=ASIA; KZR=NY H @ 2053.26 1605 bars ago (high taken); DAY 12AM-4PM IST session: stop x1.00 of usual; no partials; full size to TP5; SL steps BE->TP1->TP2->TP3
2009,2023.12.05 02:26:35,2023.12.05 04:56:35,TP1_REACHED,XAUUSD,M3,623,BUY,FULLTGT,DAY,0,2034.88,2032.59,2032.59,2.29,1.00,2.29,2037.17,2039.45,2041.74,2044.02,2046.31,0.64,0.00,0.64,2037.17,1.00,1.00,0.00,2031.01,2030.88,2036.18,2030.84,2030.79,-4.599,1.15,42.66,71.57,69.65,1.41,1.18,0.23,2032.13,2035.28,137,129,100.0,0.0,8,1,CROSS=EMA9>EMA21;TREND=1;STRUCT=1;VOL=1;COOL=1;EMA50=1;VWAP=1;BIAS=1,0.98,-0.29,29555.98,29704.46,full target: no partial booked
2010,2023.12.05 02:31:37,2023.12.05 05:01:37,TP2_REACHED,XAUUSD,M3,623,BUY,FULLTGT,DAY,0,2034.88,2032.59,2032.59,2.29,1.00,2.29,2037.17,2039.45,2041.74,2044.02,2046.31,0.64,0.00,0.64,2039.45,2.00,2.00,0.00,2031.51,2031.13,2036.21,2031.26,2031.00,-3.999,1.27,49.07,78.56,73.65,1.74,1.34,0.40,2032.66,2037.60,199,139,100.0,0.0,7,1,CROSS=EMA9>EMA21;TREND=1;STRUCT=1;VOL=1;COOL=1;EMA50=1;VWAP=1;BIAS=1,2.00,-0.29,29555.98,29851.66,full target: no partial booked
2011,2023.12.05 06:45:33,2023.12.05 09:15:33,EXIT_SL,XAUUSD,M3,623,BUY,FULLTGT,DAY,0,2034.88,2032.59,2032.59,2.29,1.00,2.29,2037.17,2039.45,2041.74,2044.02,2046.31,0.64,0.64,0.00,2032.39,0.00,-1.09,-163.84,2036.29,2035.42,2036.30,2036.32,2035.42,-1.288,0.69,30.09,39.52,44.73,-0.04,0.18,-0.22,2035.76,2035.45,76,100,14.3,71.4,4,1,CROSS=EMA9>EMA21;TREND=1;STRUCT=1;VOL=1;COOL=1;EMA50=1;VWAP=1;BIAS=1,2.78,-0.98,29394.38,29394.38,stopped at the initial SL (x1.00 of usual)
2012,2023.12.05 07:24:00,2023.12.05 09:54:00,ENTRY,XAUUSD,M3,625,SELL,FULLTGT,DAY,0,2031.85,2034.45,2034.45,2.60,1.00,2.60,2029.25,2026.65,2024.05,2021.46,2018.86,0.56,0.56,0.56,2031.85,0.00,0.00,0.00,2034.74,2034.75,2035.84,2034.85,2034.81,-0.841,1.30,35.16,37.05,36.80,-1.18,-1.10,-0.08,2035.45,2031.85,121,128,0.0,85.7,4,1,CROSS=EMA9<EMA21;TREND=1;STRUCT=1;VOL=1;COOL=1;EMA50=1;VWAP=1;BIAS=1,0.00,0.00,29392.42,29390.18,KZ=ASIA; KZR=NY H @ 2053.26 1706 bars ago (high taken); DAY 12AM-4PM IST session: stop x1.00 of usual; no partials; full size to TP5; SL steps BE->TP1->TP2->TP3
2013,2023.12.05 08:15:37,2023.12.05 10:45:37,EXIT_SL,XAUUSD,M3,625,SELL,FULLTGT,DAY,0,2031.85,2034.45,2034.45,2.60,1.00,2.60,2029.25,2026.65,2024.05,2021.46,2018.86,0.56,0.56,0.00,2034.47,0.00,-1.01,-150.64,2033.65,2034.11,2035.32,2033.65,2034.12,-1.275,0.95,17.08,54.93,50.60,-0.25,-0.54,0.29,2035.09,2033.68,138,145,42.9,28.6,12,1,CROSS=EMA9<EMA21;TREND=1;STRUCT=1;VOL=1;COOL=1;EMA50=1;VWAP=1;BIAS=1,0.32,-0.99,29243.74,29243.74,stopped at the initial SL (x1.00 of usual)
2014,2023.12.05 10:18:00,2023.12.05 12:48:00,SKIP,XAUUSD,M3,625,FLAT,NA,DAY,0,0.00,0.00,0.00,0.00,1.00,0.00,0.00,0.00,0.00,0.00,0.00,0.00,0.00,0.00,0.00,0.00,0.00,0.00,2034.11,2034.07,2034.86,2033.99,2034.01,-0.554,1.43,14.32,62.76,59.86,0.75,0.38,0.36,2034.79,2036.94,380,255,85.7,0.0,13,1,CROSS=EMA9<EMA21;TREND=1;STRUCT=1;VOL=1;COOL=1;EMA50=1;VWAP=1;BIAS=1,0.00,0.00,29243.74,29243.74,outside the killzone window
2015,2023.12.05 11:15:00,2023.12.05 13:45:00,SKIP,XAUUSD,M3,625,FLAT,NA,DAY,0,0.00,0.00,0.00,0.00,1.00,0.00,0.00,0.00,0.00,0.00,0.00,0.00,0.00,0.00,0.00,0.00,0.00,0.00,2034.16,2034.20,2034.82,2034.38,2034.31,-0.443,1.40,41.64,28.38,29.93,-1.14,-0.36,-0.78,2034.81,2028.80,296,291,0.0,100.0,11,1,CROSS=EMA9<EMA21;TREND=1;STRUCT=1;VOL=1;COOL=1;EMA50=1;VWAP=1;BIAS=1,0.00,0.00,29243.74,29243.74,outside the killzone window
2016,2023.12.06 01:00:00,2023.12.06 03:30:00,DAY_SUMMARY,XAUUSD,M3,625,FLAT,NA,DAY,0,0.00,0.00,0.00,0.00,1.00,0.00,0.00,0.00,0.00,0.00,0.00,0.00,0.00,0.00,0.00,0.00,-2.10,-314.48,2019.17,2019.21,2020.89,2019.16,2019.21,-5.748,0.29,17.05,50.58,52.35,0.05,0.08,-0.04,2026.13,2019.36,25,46,28.6,42.9,7,1,CROSS=EMA9<EMA21;TREND=1;STRUCT=1;VOL=1;COOL=1;EMA50=1;VWAP=1;BIAS=1,0.00,0.00,29243.74,29243.74,2023.12.05 trades=2 W=0 L=2 gross_profit=0.00 gross_loss=314.48 net=-314.48 PF=0.00
2017,2023.12.06 02:21:00,2023.12.06 04:51:00,ENTRY,XAUUSD,M3,627,BUY,FULLTGT,DAY,0,2021.11,2019.54,2019.54,1.57,1.00,1.57,2022.68,2024.24,2025.81,2027.38,2028.95,0.93,0.93,0.93,2021.11,0.00,0.00,0.00,2019.25,2019.22,2020.49,2019.18,2019.18,-1.627,0.78,34.98,67.16,62.25,0.40,0.10,0.31,2019.11,2021.11,104,91,100.0,0.0,5,1,CROSS=EMA9>EMA21;TREND=1;STRUCT=1;VOL=1;COOL=1;EMA50=1;VWAP=1;BIAS=1,0.00,0.00,29240.48,29235.83,KZ=ASIA; KZR=NY L @ 2011.70 173 bars ago (low taken); DAY 12AM-4PM IST session: stop x1.00 of usual; no partials; full size to TP5; SL steps BE->TP1->TP2->TP3
2018,2023.12.06 02:31:32,2023.12.06 05:01:32,EXIT_SL,XAUUSD,M3,627,BUY,FULLTGT,DAY,0,2021.11,2019.54,2019.54,1.57,1.00,1.57,2022.68,2024.24,2025.81,2027.38,2028.95,0.93,0.93,0.00,2019.50,0.00,-1.03,-156.25,2019.38,2019.28,2020.49,2019.35,2019.27,-1.673,0.72,35.90,54.20,55.44,0.41,0.28,0.13,2019.32,2020.02,83,97,85.7,0.0,13,1,CROSS=EMA9>EMA21;TREND=1;STRUCT=1;VOL=1;COOL=1;EMA50=1;VWAP=1;BIAS=1,0.38,-0.99,29087.49,29087.49,stopped at the initial SL (x1.00 of usual)
2019,2023.12.06 12:03:00,2023.12.06 14:33:00,SKIP,XAUUSD,M3,627,FLAT,NA,DAY,0,0.00,0.00,0.00,0.00,1.00,0.00,0.00,0.00,0.00,0.00,0.00,0.00,0.00,0.00,0.00,0.00,0.00,0.00,2025.71,2025.78,2024.60,2025.87,2025.86,1.040,1.13,34.87,35.42,31.50,-1.53,-1.58,0.05,2024.62,2021.77,261,219,28.6,71.4,12,1,CROSS=EMA9>EMA21;TREND=1;STRUCT=1;VOL=1;COOL=1;EMA50=1;VWAP=1;BIAS=1,0.00,0.00,29087.49,29087.49,outside the killzone window
2020,2023.12.06 15:18:00,2023.12.06 17:48:00,SKIP,XAUUSD,M3,627,FLAT,NA,EVENING,0,0.00,0.00,0.00,0.00,1.00,0.00,0.00,0.00,0.00,0.00,0.00,0.00,0.00,0.00,0.00,0.00,0.00,0.00,2024.20,2024.11,2023.94,2023.98,2024.00,0.112,1.53,47.74,80.29,67.64,1.46,1.19,0.27,2024.30,2029.53,539,226,100.0,0.0,12,1,CROSS=EMA9>EMA21;TREND=1;STRUCT=1;VOL=1;COOL=1;EMA50=1;VWAP=1;BIAS=1,0.00,0.00,29087.49,29087.49,already positioned that way
2021,2023.12.06 22:48:00,2023.12.07 01:18:00,SKIP,XAUUSD,M3,627,FLAT,NA,DAY,0,0.00,0.00,0.00,0.00,1.00,0.00,0.00,0.00,0.00,0.00,0.00,0.00,0.00,0.00,0.00,0.00,0.00,0.00,2028.43,2028.48,2027.72,2028.55,2028.54,1.079,0.71,55.85,26.77,29.93,-0.90,-0.65,-0.25,2026.51,2025.44,142,121,0.0,100.0,11,1,CROSS=EMA9>EMA21;TREND=1;STRUCT=1;VOL=1;COOL=1;EMA50=1;VWAP=1;BIAS=1,0.00,0.00,29087.49,29087.49,outside the killzone window
2022,2023.12.07 01:00:00,2023.12.07 03:30:00,DAY_SUMMARY,XAUUSD,M3,627,FLAT,NA,DAY,0,0.00,0.00,0.00,0.00,1.00,0.00,0.00,0.00,0.00,0.00,0.00,0.00,0.00,0.00,0.00,0.00,-1.03,-156.25,2026.74,2027.44,2027.31,2026.80,2027.49,0.332,0.40,36.22,39.79,36.51,-0.52,-0.57,0.04,2026.50,2025.26,19,42,14.3,71.4,50,1,CROSS=EMA9>EMA21;TREND=1;STRUCT=1;VOL=1;COOL=1;EMA50=1;VWAP=1;BIAS=1,0.00,0.00,29087.49,29087.49,2023.12.06 trades=1 W=0 L=1 gross_profit=0.00 gross_loss=156.25 net=-156.25 PF=0.00
2023,2023.12.07 03:00:00,2023.12.07 05:30:00,SKIP,XAUUSD,M3,627,FLAT,NA,DAY,0,0.00,0.00,0.00,0.00,1.00,0.00,0.00,0.00,0.00,0.00,0.00,0.00,0.00,0.00,0.00,0.00,0.00,0.00,2027.46,2027.44,2027.32,2027.41,2027.42,0.227,0.55,39.33,61.53,63.57,0.62,0.49,0.13,2027.33,2028.71,125,90,85.7,14.3,4,1,CROSS=EMA9>EMA21;TREND=1;STRUCT=1;VOL=1;COOL=1;EMA50=1;VWAP=1;BIAS=1,0.00,0.00,29087.49,29087.49,already positioned that way
2024,2023.12.07 06:18:00,2023.12.07 08:48:00,ENTRY,XAUUSD,M3,629,SELL,FULLTGT,DAY,0,2026.85,2028.41,2028.41,1.56,1.00,1.56,2025.29,2023.74,2022.18,2020.63,2019.07,0.93,0.93,0.93,2026.85,0.00,0.00,0.00,2028.01,2028.02,2027.79,2028.05,2028.04,0.290,0.78,38.80,39.93,40.88,-0.59,-0.53,-0.06,2028.02,2026.85,88,119,0.0,85.7,4,1,CROSS=EMA9<EMA21;TREND=1;STRUCT=1;VOL=1;COOL=1;EMA50=1;VWAP=1;BIAS=1,0.00,0.00,29084.23,29080.51,KZ=ASIA; KZR=NY L @ 2011.70 732 bars ago (low taken); DAY 12AM-4PM IST session: stop x1.00 of usual; no partials; full size to TP5; SL steps BE->TP1->TP2->TP3
2025,2023.12.07 08:26:36,2023.12.07 10:56:36,EXIT_SL,XAUUSD,M3,629,SELL,FULLTGT,DAY,0,2026.85,2028.41,2028.41,1.56,1.00,1.56,2025.29,2023.74,2022.18,2020.63,2019.07,0.93,0.93,0.00,2028.43,0.00,-1.02,-153.46,2026.85,2027.17,2027.34,2026.83,2027.16,-0.324,0.55,41.79,59.94,59.03,0.17,0.11,0.06,2027.59,2027.48,111,116,57.1,28.6,10,1,CROSS=EMA9<EMA21;TREND=1;STRUCT=1;VOL=1;COOL=1;EMA50=1;VWAP=1;BIAS=1,0.99,-0.98,28934.03,28934.03,stopped at the initial SL (x1.00 of usual)
2026,2023.12.07 09:03:00,2023.12.07 11:33:00,SKIP,XAUUSD,M3,629,FLAT,NA,DAY,0,0.00,0.00,0.00,0.00,1.00,0.00,0.00,0.00,0.00,0.00,0.00,0.00,0.00,0.00,0.00,0.00,0.00,0.00,2027.47,2027.43,2027.46,2027.36,2027.38,-0.025,1.13,39.54,70.27,68.68,0.63,0.38,0.26,2027.66,2030.20,260,164,100.0,0.0,11,1,CROSS=EMA9<EMA21;TREND=1;STRUCT=1;VOL=1;COOL=1;EMA50=1;VWAP=1;BIAS=1,0.00,0.00,28934.03,28934.03,outside the killzone window
2027,2023.12.07 16:57:00,2023.12.07 19:27:00,SKIP,XAUUSD,M3,629,FLAT,NA,EVENING,0,0.00,0.00,0.00,0.00,1.00,0.00,0.00,0.00,0.00,0.00,0.00,0.00,0.00,0.00,0.00,0.00,0.00,0.00,2032.67,2032.68,2031.73,2032.95,2032.82,0.422,2.24,35.22,26.22,29.52,-1.97,-1.07,-0.90,2031.03,2025.80,464,405,0.0,100.0,10,1,CROSS=EMA9<EMA21;TREND=1;STRUCT=1;VOL=1;COOL=1;EMA50=1;VWAP=1;BIAS=1,0.00,0.00,28934.03,28934.03,already positioned that way
2028,2023.12.07 21:27:00,2023.12.07 23:57:00,SKIP,XAUUSD,M3,629,FLAT,NA,EVENING,0,0.00,0.00,0.00,0.00,1.00,0.00,0.00,0.00,0.00,0.00,0.00,0.00,0.00,0.00,0.00,0.00,0.00,0.00,2029.32,2029.31,2029.74,2029.28,2029.29,-0.541,0.79,18.55,51.97,55.59,0.42,0.58,-0.16,2030.12,2030.18,123,187,57.1,14.3,4,1,CROSS=EMA9<EMA21;TREND=1;STRUCT=1;VOL=1;COOL=1;EMA50=1;VWAP=1;BIAS=1,0.00,0.00,28934.03,28934.03,outside the killzone window
2029,2023.12.07 23:27:00,2023.12.08 01:57:00,SKIP,XAUUSD,M3,629,FLAT,NA,DAY,0,0.00,0.00,0.00,0.00,1.00,0.00,0.00,0.00,0.00,0.00,0.00,0.00,0.00,0.00,0.00,0.00,0.00,0.00,2029.49,2029.50,2029.72,2029.53,2029.51,-0.536,0.43,34.40,36.04,42.09,-0.36,-0.29,-0.07,2030.11,2028.57,63,99,0.0,85.7,5,1,CROSS=EMA9<EMA21;TREND=1;STRUCT=1;VOL=1;COOL=1;EMA50=1;VWAP=1;BIAS=1,0.00,0.00,28934.03,28934.03,outside the killzone window
2030,2023.12.08 01:00:00,2023.12.08 03:30:00,DAY_SUMMARY,XAUUSD,M3,629,FLAT,NA,DAY,0,0.00,0.00,0.00,0.00,1.00,0.00,0.00,0.00,0.00,0.00,0.00,0.00,0.00,0.00,0.00,0.00,-1.02,-153.46,2029.20,2029.33,2029.61,2029.22,2029.35,-1.471,0.19,26.38,38.39,42.01,-0.26,-0.30,0.04,2030.10,2028.54,21,53,14.3,71.4,4,1,CROSS=EMA9<EMA21;TREND=1;STRUCT=1;VOL=1;COOL=1;EMA50=1;VWAP=1;BIAS=1,0.00,0.00,28934.03,28934.03,2023.12.07 trades=1 W=0 L=1 gross_profit=0.00 gross_loss=153.46 net=-153.46 PF=0.00
2031,2023.12.08 02:57:00,2023.12.08 05:27:00,ENTRY,XAUUSD,M3,631,BUY,FULLTGT,DAY,0,2031.63,2029.55,2029.55,2.08,1.00,2.08,2033.71,2035.78,2037.86,2039.93,2042.01,0.69,0.69,0.69,2031.63,0.00,0.00,0.00,2029.07,2029.05,2029.33,2028.97,2029.00,-0.261,1.04,40.39,63.51,71.94,0.82,0.42,0.41,2029.06,2031.54,305,203,85.7,14.3,9,1,CROSS=EMA9>EMA21;TREND=1;STRUCT=1;VOL=1;COOL=1;EMA50=1;VWAP=1;BIAS=1,0.00,0.00,28931.61,28925.40,KZ=ASIA; KZR=NY L @ 2011.70 1145 bars ago (low taken); DAY 12AM-4PM IST session: stop x1.00 of usual; no partials; full size to TP5; SL steps BE->TP1->TP2->TP3
2032,2023.12.08 03:21:30,2023.12.08 05:51:30,EXIT_SL,XAUUSD,M3,631,BUY,FULLTGT,DAY,0,2031.63,2029.55,2029.55,2.08,1.00,2.08,2033.71,2035.78,2037.86,2039.93,2042.01,0.69,0.69,0.00,2029.55,0.00,-1.00,-148.36,2029.72,2029.41,2029.49,2029.72,2029.41,-0.064,1.25,32.68,46.63,55.06,0.68,0.89,-0.22,2029.82,2029.67,335,261,28.6,71.4,5,1,CROSS=EMA9>EMA21;TREND=1;STRUCT=1;VOL=1;COOL=1;EMA50=1;VWAP=1;BIAS=1,0.71,-1.00,28785.67,28785.67,stopped at the initial SL (x1.00 of usual)
2033,2023.12.08 08:09:00,2023.12.08 10:39:00,SKIP,XAUUSD,M3,631,FLAT,NA,DAY,0,0.00,0.00,0.00,0.00,1.00,0.00,0.00,0.00,0.00,0.00,0.00,0.00,0.00,0.00,0.00,0.00,0.00,0.00,2031.04,2031.05,2030.70,2031.09,2031.07,0.383,0.89,28.23,41.91,39.08,-0.39,-0.20,-0.19,2030.85,2029.83,153,140,14.3,85.7,12,1,CROSS=EMA9>EMA21;TREND=1;STRUCT=1;VOL=1;COOL=1;EMA50=1;VWAP=1;BIAS=1,0.00,0.00,28785.67,28785.67,outside the killzone window
2034,2023.12.08 13:57:00,2023.12.08 16:27:00,SKIP,XAUUSD,M3,631,FLAT,NA,EVENING,0,0.00,0.00,0.00,0.00,1.00,0.00,0.00,0.00,0.00,0.00,0.00,0.00,0.00,0.00,0.00,0.00,0.00,0.00,2029.69,2029.68,2029.88,2029.67,2029.67,-0.294,0.67,15.76,52.92,54.14,0.22,0.20,0.02,2030.13,2030.21,118,153,71.4,0.0,4,1,CROSS=EMA9>EMA21;TREND=1;STRUCT=1;VOL=1;COOL=1;EMA50=1;VWAP=1;BIAS=1,0.00,0.00,28785.67,28785.67,outside the killzone window
2035,2023.12.08 14:18:00,2023.12.08 16:48:00,ENTRY,XAUUSD,M3,633,SELL,FULLTGT,EVENING,0,2028.85,2030.02,2030.02,1.17,1.00,1.17,2027.68,2026.52,2025.35,2024.19,2023.02,1.23,1.23,1.23,2028.85,0.00,0.00,0.00,2029.68,2029.68,2029.86,2029.71,2029.70,-0.319,0.58,32.44,40.77,48.89,-0.05,0.11,-0.16,2030.12,2028.85,163,135,0.0,100.0,4,1,CROSS=EMA9<EMA21;TREND=1;STRUCT=1;VOL=1;COOL=1;EMA50=1;VWAP=1;BIAS=1,0.00,0.00,28781.36,28776.44,KZ=NY; KZR=NY L @ 2011.70 1372 bars ago (low taken); EVENING 4PM-12AM IST session: stop x1.00 of usual; no partials; full size to TP5; SL steps BE->TP1->TP2->TP3
2036,2023.12.08 14:46:38,2023.12.08 17:16:38,TP1_REACHED,XAUUSD,M3,633,SELL,FULLTGT,EVENING,0,2028.85,2030.02,2030.02,1.17,1.00,1.17,2027.68,2026.52,2025.35,2024.19,2023.02,1.23,0.00,1.23,2027.68,1.00,1.00,0.00,2029.41,2029.53,2029.77,2029.45,2029.56,-0.376,0.64,58.75,39.08,41.28,-0.34,-0.22,-0.12,2030.08,2028.30,173,142,0.0,100.0,10,1,CROSS=EMA9<EMA21;TREND=1;STRUCT=1;VOL=1;COOL=1;EMA50=1;VWAP=1;BIAS=1,0.98,-0.59,28781.36,28927.73,full target: no partial booked
2037,2023.12.08 15:30:18,2023.12.08 18:00:18,TP2_REACHED,XAUUSD,M3,633,SELL,FULLTGT,EVENING,0,2028.85,2030.02,2030.02,1.17,1.00,1.17,2027.68,2026.52,2025.35,2024.19,2023.02,1.23,0.00,1.23,2026.52,2.00,2.00,0.00,2028.67,2029.08,2029.50,2028.73,2029.11,-0.463,0.90,32.11,40.62,40.98,-0.38,-0.44,0.05,2029.91,2027.39,285,225,14.3,85.7,13,1,CROSS=EMA9<EMA21;TREND=1;STRUCT=1;VOL=1;COOL=1;EMA50=1;VWAP=1;BIAS=1,1.98,-0.59,28781.36,29075.33,full target: no partial booked
2038,2023.12.08 15:30:20,2023.12.08 18:00:20,TP3_REACHED,XAUUSD,M3,633,SELL,FULLTGT,EVENING,0,2028.85,2030.02,2030.02,1.17,1.00,1.17,2027.68,2026.52,2025.35,2024.19,2023.02,1.23,0.00,1.23,2025.35,3.00,3.00,0.00,2028.67,2029.08,2029.50,2028.73,2029.11,-0.463,0.90,32.11,40.62,40.98,-0.38,-0.44,0.05,2029.91,2027.39,285,225,14.3,85.7,13,1,CROSS=EMA9<EMA21;TREND=1;STRUCT=1;VOL=1;COOL=1;EMA50=1;VWAP=1;BIAS=1,2.90,-0.59,28781.36,29226.62,full target: no partial booked
2039,2023.12.08 15:30:27,2023.12.08 18:00:27,TP4_REACHED,XAUUSD,M3,633,SELL,FULLTGT,EVENING,0,2028.85,2030.02,2030.02,1.17,1.00,1.17,2027.68,2026.52,2025.35,2024.19,2023.02,1.23,0.00,1.23,2024.19,4.00,4.00,0.00,2028.67,2029.08,2029.50,2028.73,2029.11,-0.463,0.90,32.11,40.62,40.98,-0.38,-0.44,0.05,2029.91,2027.39,285,225,14.3,85.7,13,1,CROSS=EMA9<EMA21;TREND=1;STRUCT=1;VOL=1;COOL=1;EMA50=1;VWAP=1;BIAS=1,3.95,-0.59,28781.36,29377.91,full target: no partial booked
2040,2023.12.08 15:30:28,2023.12.08 18:00:28,TP5_EXIT,XAUUSD,M3,633,SELL,FULLTGT,EVENING,0,2028.85,2030.02,2030.02,1.17,1.00,1.17,2027.68,2026.52,2025.35,2024.19,2023.02,1.23,1.23,0.00,2023.02,5.00,5.00,0.00,2028.67,2029.08,2029.50,2028.73,2029.11,-0.463,0.90,32.11,40.62,40.98,-0.38,-0.44,0.05,2029.91,2027.39,285,225,14.3,85.7,13,1,CROSS=EMA9<EMA21;TREND=1;STRUCT=1;VOL=1;COOL=1;EMA50=1;VWAP=1;BIAS=1,4.80,-0.59,29494.14,29494.14,full target reached; closed in full
2041,2023.12.08 15:30:29,2023.12.08 18:00:29,EXIT_TP,XAUUSD,M3,633,SELL,FULLTGT,EVENING,0,2028.85,2030.02,2030.02,1.17,1.00,1.17,2027.68,2026.52,2025.35,2024.19,2023.02,1.23,1.23,0.00,2023.02,0.00,5.00,708.47,2028.67,2029.08,2029.50,2028.73,2029.11,-0.463,0.90,32.11,40.62,40.98,-0.38,-0.44,0.05,2029.91,2027.39,285,225,14.3,85.7,13,1,CROSS=EMA9<EMA21;TREND=1;STRUCT=1;VOL=1;COOL=1;EMA50=1;VWAP=1;BIAS=1,4.80,-0.59,29494.14,29494.14,TP5 exit
2042,2023.12.11 01:00:00,2023.12.11 03:30:00,DAY_SUMMARY,XAUUSD,M3,633,FLAT,NA,DAY,0,0.00,0.00,0.00,0.00,1.00,0.00,0.00,0.00,0.00,0.00,0.00,0.00,0.00,0.00,0.00,0.00,4.00,560.11,2002.67,2003.39,2008.00,2002.62,2003.38,-10.687,0.43,39.16,62.12,66.03,0.47,0.45,0.03,2018.77,2004.08,52,58,57.1,28.6,11,1,CROSS=EMA9<EMA21;TREND=1;STRUCT=1;VOL=1;COOL=1;EMA50=1;VWAP=1;BIAS=1,0.00,0.00,29494.14,29494.14,2023.12.08 trades=2 W=1 L=1 gross_profit=708.47 gross_loss=148.36 net=560.11 PF=4.78
2043,2023.12.11 01:00:00,2023.12.11 03:30:00,WEEK_SUMMARY,XAUUSD,M3,633,FLAT,NA,DAY,0,0.00,0.00,0.00,0.00,1.00,0.00,0.00,0.00,0.00,0.00,0.00,0.00,0.00,0.00,0.00,0.00,-1.14,-215.22,2002.67,2003.39,2008.00,2002.62,2003.38,-10.687,0.43,39.16,62.12,66.03,0.47,0.45,0.03,2018.77,2004.08,52,58,57.1,28.6,11,1,CROSS=EMA9<EMA21;TREND=1;STRUCT=1;VOL=1;COOL=1;EMA50=1;VWAP=1;BIAS=1,0.00,0.00,29494.14,29494.14,days=5 trades=7 W=1 L=6 gross_profit=708.47 gross_loss=923.69 net=-215.22 PF=0.77 pips=-677.0
2044,2023.12.11 01:36:00,2023.12.11 04:06:00,SKIP,XAUUSD,M3,633,FLAT,NA,DAY,0,0.00,0.00,0.00,0.00,1.00,0.00,0.00,0.00,0.00,0.00,0.00,0.00,0.00,0.00,0.00,0.00,0.00,0.00,2004.03,2004.00,2007.80,2003.96,2003.96,-3.715,1.02,26.93,57.38,61.60,0.79,0.94,-0.15,2006.20,2005.83,125,103,71.4,28.6,11,1,CROSS=EMA9<EMA21;TREND=1;STRUCT=1;VOL=1;COOL=1;EMA50=1;VWAP=1;BIAS=1,0.00,0.00,29494.14,29494.14,outside the killzone window
2045,2023.12.11 03:45:00,2023.12.11 06:15:00,SKIP,XAUUSD,M3,633,FLAT,NA,DAY,0,0.00,0.00,0.00,0.00,1.00,0.00,0.00,0.00,0.00,0.00,0.00,0.00,0.00,0.00,0.00,0.00,0.00,0.00,2004.53,2004.54,2006.85,2004.61,2004.58,-2.313,1.00,40.12,36.23,36.77,-0.64,-0.66,0.02,2005.09,2002.56,247,227,14.3,85.7,9,1,CROSS=EMA9<EMA21;TREND=1;STRUCT=1;VOL=1;COOL=1;EMA50=1;VWAP=1;BIAS=1,0.00,0.00,29494.14,29494.14,already positioned that way
2046,2023.12.12 01:54:00,2023.12.12 04:24:00,SKIP,XAUUSD,M3,633,FLAT,NA,DAY,0,0.00,0.00,0.00,0.00,1.00,0.00,0.00,0.00,0.00,0.00,0.00,0.00,0.00,0.00,0.00,0.00,0.00,0.00,1982.20,1982.20,1984.28,1982.18,1982.19,-3.278,0.64,32.17,50.21,57.34,0.33,0.48,-0.15,1983.09,1982.65,180,90,57.1,42.9,7,1,CROSS=EMA9<EMA21;TREND=1;STRUCT=1;VOL=1;COOL=1;EMA50=1;VWAP=1;BIAS=1,0.00,0.00,29494.14,29494.14,outside the killzone window
2047,2023.12.12 11:09:00,2023.12.12 13:39:00,SKIP,XAUUSD,M3,633,FLAT,NA,DAY,0,0.00,0.00,0.00,0.00,1.00,0.00,0.00,0.00,0.00,0.00,0.00,0.00,0.00,0.00,0.00,0.00,0.00,0.00,1985.93,1985.97,1985.61,1986.02,1986.02,0.421,0.87,39.22,35.05,40.58,-0.71,-0.63,-0.07,1985.28,1983.70,171,158,0.0,100.0,4,1,CROSS=EMA9<EMA21;TREND=1;STRUCT=1;VOL=1;COOL=1;EMA50=1;VWAP=1;BIAS=1,0.00,0.00,29494.14,29494.14,outside the killzone window
2048,2023.12.12 12:39:00,2023.12.12 15:09:00,SKIP,XAUUSD,M3,633,FLAT,NA,DAY,0,0.00,0.00,0.00,0.00,1.00,0.00,0.00,0.00,0.00,0.00,0.00,0.00,0.00,0.00,0.00,0.00,0.00,0.00,1985.76,1985.76,1985.55,1985.69,1985.72,0.277,0.75,32.99,65.18,64.23,0.60,0.40,0.20,1985.27,1987.54,108,127,85.7,0.0,4,1,CROSS=EMA9<EMA21;TREND=1;STRUCT=1;VOL=1;COOL=1;EMA50=1;VWAP=1;BIAS=1,0.00,0.00,29494.14,29494.14,outside the killzone window
2049,2023.12.12 16:33:00,2023.12.12 19:03:00,SKIP,XAUUSD,M3,633,FLAT,NA,EVENING,0,0.00,0.00,0.00,0.00,1.00,0.00,0.00,0.00,0.00,0.00,0.00,0.00,0.00,0.00,0.00,0.00,0.00,0.00,1986.94,1986.99,1986.58,1987.14,1987.09,0.216,1.94,28.99,33.99,39.30,-1.05,-0.68,-0.37,1986.12,1982.07,466,442,0.0,100.0,5,1,CROSS=EMA9<EMA21;TREND=1;STRUCT=1;VOL=1;COOL=1;EMA50=1;VWAP=1;BIAS=1,0.00,0.00,29494.14,29494.14,already positioned that way
2050,2023.12.13 01:54:00,2023.12.13 04:24:00,SKIP,XAUUSD,M3,633,FLAT,NA,DAY,0,0.00,0.00,0.00,0.00,1.00,0.00,0.00,0.00,0.00,0.00,0.00,0.00,0.00,0.00,0.00,0.00,0.00,0.00,1980.57,1980.54,1981.48,1980.51,1980.51,-2.038,0.46,55.60,68.41,72.19,0.61,0.50,0.11,1981.17,1982.12,83,64,85.7,14.3,4,1,CROSS=EMA9<EMA21;TREND=1;STRUCT=1;VOL=1;COOL=1;EMA50=1;VWAP=1;BIAS=1,0.00,0.00,29494.14,29494.14,outside the killzone window
2051,2023.12.13 04:06:00,2023.12.13 06:36:00,SKIP,XAUUSD,M3,633,FLAT,NA,DAY,0,0.00,0.00,0.00,0.00,1.00,0.00,0.00,0.00,0.00,0.00,0.00,0.00,0.00,0.00,0.00,0.00,0.00,0.00,1980.73,1980.73,1981.28,1980.76,1980.75,-0.964,0.57,24.94,40.03,36.63,-0.24,-0.18,-0.06,1981.01,1979.95,166,124,14.3,71.4,4,1,CROSS=EMA9<EMA21;TREND=1;STRUCT=1;VOL=1;COOL=1;EMA50=1;VWAP=1;BIAS=1,0.00,0.00,29494.14,29494.14,already positioned that way
2052,2023.12.13 10:27:00,2023.12.13 12:57:00,SKIP,XAUUSD,M3,633,FLAT,NA,DAY,0,0.00,0.00,0.00,0.00,1.00,0.00,0.00,0.00,0.00,0.00,0.00,0.00,0.00,0.00,0.00,0.00,0.00,0.00,1978.38,1978.38,1979.07,1978.32,1978.35,-0.793,0.87,37.30,57.21,58.47,0.77,0.83,-0.06,1978.95,1979.83,199,175,71.4,28.6,5,1,CROSS=EMA9<EMA21;TREND=1;STRUCT=1;VOL=1;COOL=1;EMA50=1;VWAP=1;BIAS=1,0.00,0.00,29494.14,29494.14,outside the killzone window
2053,2023.12.13 17:33:00,2023.12.13 20:03:00,SKIP,XAUUSD,M3,633,FLAT,NA,EVENING,0,0.00,0.00,0.00,0.00,1.00,0.00,0.00,0.00,0.00,0.00,0.00,0.00,0.00,0.00,0.00,0.00,0.00,0.00,1981.85,1981.89,1981.38,1981.97,1981.95,0.386,1.30,38.29,36.77,36.80,-1.00,-0.79,-0.21,1980.86,1978.85,331,342,0.0,85.7,4,1,CROSS=EMA9<EMA21;TREND=1;STRUCT=1;VOL=1;COOL=1;EMA50=1;VWAP=1;BIAS=1,0.00,0.00,29494.14,29494.14,already positioned that way
2054,2023.12.13 19:09:00,2023.12.13 21:39:00,SKIP,XAUUSD,M3,633,FLAT,NA,EVENING,0,0.00,0.00,0.00,0.00,1.00,0.00,0.00,0.00,0.00,0.00,0.00,0.00,0.00,0.00,0.00,0.00,0.00,0.00,1981.85,1981.83,1981.47,1981.79,1981.80,0.429,0.82,18.44,60.17,56.73,0.27,0.13,0.14,1980.95,1983.32,165,200,71.4,0.0,4,1,CROSS=EMA9<EMA21;TREND=1;STRUCT=1;VOL=1;COOL=1;EMA50=1;VWAP=1;BIAS=1,0.00,0.00,29494.14,29494.14,outside the killzone window
2055,2023.12.13 20:42:00,2023.12.13 23:12:00,SKIP,XAUUSD,M3,633,FLAT,NA,EVENING,0,0.00,0.00,0.00,0.00,1.00,0.00,0.00,0.00,0.00,0.00,0.00,0.00,0.00,0.00,0.00,0.00,0.00,0.00,1981.88,1981.90,1981.62,1981.95,1981.94,0.403,0.69,26.80,32.91,36.64,-0.38,-0.14,-0.24,1981.04,1980.09,147,146,0.0,100.0,4,1,CROSS=EMA9<EMA21;TREND=1;STRUCT=1;VOL=1;COOL=1;EMA50=1;VWAP=1;BIAS=1,0.00,0.00,29494.14,29494.14,outside the killzone window
2056,2023.12.13 21:03:00,2023.12.13 23:33:00,SKIP,XAUUSD,M3,633,FLAT,NA,EVENING,0,0.00,0.00,0.00,0.00,1.00,0.00,0.00,0.00,0.00,0.00,0.00,0.00,0.00,0.00,0.00,0.00,0.00,0.00,1982.25,1982.08,1981.73,1981.74,1981.82,0.203,1.71,25.27,87.81,53.34,0.88,-0.22,1.10,1981.13,1994.74,518,164,100.0,0.0,13,1,CROSS=EMA9<EMA21;TREND=1;STRUCT=1;VOL=1;COOL=1;EMA50=1;VWAP=1;BIAS=1,0.00,0.00,29494.14,29494.14,outside the killzone window
2057,2023.12.14 15:39:00,2023.12.14 18:09:00,SKIP,XAUUSD,M3,633,FLAT,NA,EVENING,0,0.00,0.00,0.00,0.00,1.00,0.00,0.00,0.00,0.00,0.00,0.00,0.00,0.00,0.00,0.00,0.00,0.00,0.00,2034.79,2034.81,2032.62,2034.96,2034.89,0.957,2.28,35.45,37.28,34.30,-1.38,-0.59,-0.79,2033.82,2030.72,530,368,14.3,85.7,10,1,CROSS=EMA9<EMA21;TREND=1;STRUCT=1;VOL=1;COOL=1;EMA50=1;VWAP=1;BIAS=1,0.00,0.00,29494.14,29494.14,already positioned that way
2058,2023.12.14 15:57:00,2023.12.14 18:27:00,ENTRY,XAUUSD,M3,635,BUY,FULLTGT,EVENING,0,2037.31,2031.86,2031.86,5.45,1.00,5.45,2042.76,2048.20,2053.65,2059.09,2064.54,0.27,0.27,0.27,2037.31,0.00,0.00,0.00,2034.90,2034.86,2032.77,2034.81,2034.81,0.765,2.72,33.29,59.20,52.41,-0.07,-0.89,0.82,2033.84,2037.26,499,457,100.0,0.0,8,1,CROSS=EMA9>EMA21;TREND=1;STRUCT=1;VOL=1;COOL=1;EMA50=1;VWAP=1;BIAS=1,0.00,0.00,29493.19,29491.03,KZ=NY; KZR=NY H @ 2039.92 109 bars ago (high taken); EVENING 4PM-12AM IST session: stop x1.00 of usual; no partials; full size to TP5; SL steps BE->TP1->TP2->TP3
2059,2023.12.14 16:34:13,2023.12.14 19:04:13,TP1_REACHED,XAUUSD,M3,635,BUY,FULLTGT,EVENING,0,2037.31,2031.86,2031.86,5.45,1.00,5.45,2042.76,2048.20,2053.65,2059.09,2064.54,0.27,0.00,0.27,2042.76,1.00,1.00,0.00,2036.08,2035.52,2033.36,2035.84,2035.40,1.051,2.06,32.80,65.70,55.27,0.91,0.81,0.09,2034.13,2041.78,525,486,100.0,0.0,10,1,CROSS=EMA9>EMA21;TREND=1;STRUCT=1;VOL=1;COOL=1;EMA50=1;VWAP=1;BIAS=1,1.00,-0.44,29493.19,29640.34,full target: no partial booked
2060,2023.12.14 19:57:00,2023.12.14 22:27:00,SKIP,XAUUSD,M3,635,BUY,FULLTGT,EVENING,0,2037.31,2031.86,2031.86,5.45,1.00,5.45,2042.76,2048.20,2053.65,2059.09,2064.54,0.27,0.00,0.00,0.00,0.00,0.00,0.00,2038.43,2038.44,2036.61,2038.55,2038.50,1.765,1.04,46.67,36.12,35.63,-1.09,-0.88,-0.21,2035.77,2035.50,288,254,14.3,85.7,6,1,CROSS=EMA9>EMA21;TREND=1;STRUCT=1;VOL=1;COOL=1;EMA50=1;VWAP=1;BIAS=1,1.95,-0.48,29493.19,29443.51,outside the killzone window
2061,2023.12.14 20:05:29,2023.12.14 22:35:29,EXIT_SL,XAUUSD,M3,635,BUY,FULLTGT,EVENING,0,2037.31,2031.86,2031.86,5.45,1.00,5.45,2042.76,2048.20,2053.65,2059.09,2064.54,0.27,0.27,0.00,2031.85,0.00,-1.00,-149.32,2038.15,2038.29,2036.57,2038.34,2038.39,1.451,1.19,42.14,30.56,30.11,-1.19,-0.96,-0.24,2035.76,2033.48,359,257,0.0,100.0,11,1,CROSS=EMA9>EMA21;TREND=1;STRUCT=1;VOL=1;COOL=1;EMA50=1;VWAP=1;BIAS=1,1.95,-1.00,29344.82,29344.82,stopped at the initial SL (x1.00 of usual)
2062,2023.12.15 01:00:00,2023.12.15 03:30:00,DAY_SUMMARY,XAUUSD,M3,635,FLAT,NA,DAY,0,0.00,0.00,0.00,0.00,1.00,0.00,0.00,0.00,0.00,0.00,0.00,0.00,0.00,0.00,0.00,0.00,-1.00,-149.32,2035.36,2035.41,2035.33,2035.33,2035.40,0.268,0.30,23.34,57.66,57.41,0.20,0.26,-0.06,2035.45,2036.20,41,55,42.9,28.6,4,1,CROSS=EMA9>EMA21;TREND=1;STRUCT=1;VOL=1;COOL=1;EMA50=1;VWAP=1;BIAS=1,0.00,0.00,29344.82,29344.82,2023.12.14 trades=1 W=0 L=1 gross_profit=0.00 gross_loss=149.32 net=-149.32 PF=0.00
2063,2023.12.15 01:09:00,2023.12.15 03:39:00,SKIP,XAUUSD,M3,635,FLAT,NA,DAY,0,0.00,0.00,0.00,0.00,1.00,0.00,0.00,0.00,0.00,0.00,0.00,0.00,0.00,0.00,0.00,0.00,0.00,0.00,2035.47,2035.47,2035.36,2035.45,2035.46,0.266,0.39,32.85,51.33,59.88,0.22,0.22,0.00,2036.38,2035.95,99,54,71.4,28.6,4,1,CROSS=EMA9>EMA21;TREND=1;STRUCT=1;VOL=1;COOL=1;EMA50=1;VWAP=1;BIAS=1,0.00,0.00,29344.82,29344.82,outside the killzone window
2064,2023.12.15 02:27:00,2023.12.15 04:57:00,ENTRY,XAUUSD,M3,637,SELL,FULLTGT,DAY,0,2032.65,2034.38,2034.38,1.73,1.00,1.73,2030.92,2029.19,2027.46,2025.74,2024.01,0.84,0.84,0.84,2032.65,0.00,0.00,0.00,2035.65,2035.67,2035.52,2035.77,2035.73,0.165,0.86,47.53,24.78,29.39,-0.87,-0.45,-0.42,2036.11,2032.67,133,124,0.0,100.0,10,1,CROSS=EMA9<EMA21;TREND=1;STRUCT=1;VOL=1;COOL=1;EMA50=1;VWAP=1;BIAS=1,0.00,0.00,29341.88,29333.48,KZ=ASIA; KZR=NY H @ 2039.92 319 bars ago (high taken); DAY 12AM-4PM IST session: stop x1.00 of usual; no partials; full size to TP5; SL steps BE->TP1->TP2->TP3
2065,2023.12.15 04:15:34,2023.12.15 06:45:34,EXIT_SL,XAUUSD,M3,637,SELL,FULLTGT,DAY,0,2032.65,2034.38,2034.38,1.73,1.00,1.73,2030.92,2029.19,2027.46,2025.74,2024.01,0.84,0.84,0.00,2034.42,0.00,-1.02,-154.56,2033.50,2034.19,2034.69,2033.49,2034.20,-0.712,0.70,26.22,57.28,53.18,-0.08,-0.21,0.13,2034.02,2033.68,110,164,57.1,28.6,4,1,CROSS=EMA9<EMA21;TREND=1;STRUCT=1;VOL=1;COOL=1;EMA50=1;VWAP=1;BIAS=1,0.74,-0.98,29190.26,29190.26,stopped at the initial SL (x1.00 of usual)
2066,2023.12.15 05:00:00,2023.12.15 07:30:00,ENTRY,XAUUSD,M3,639,BUY,FULLTGT,DAY,0,2036.16,2034.43,2034.43,1.73,1.00,1.73,2037.89,2039.62,2041.35,2043.08,2044.81,0.84,0.84,0.84,2036.16,0.00,0.00,0.00,2034.71,2034.71,2034.90,2034.66,2034.68,-0.220,0.86,24.35,58.17,58.15,0.73,0.87,-0.14,2034.46,2036.14,147,158,57.1,14.3,4,1,CROSS=EMA9>EMA21;TREND=1;STRUCT=1;VOL=1;COOL=1;EMA50=1;VWAP=1;BIAS=1,0.00,0.00,29187.32,29183.96,KZ=ASIA; KZR=NY H @ 2039.92 370 bars ago (high taken); DAY 12AM-4PM IST session: stop x1.00 of usual; no partials; full size to TP5; SL steps BE->TP1->TP2->TP3
2067,2023.12.15 05:49:13,2023.12.15 08:19:13,EXIT_SL,XAUUSD,M3,639,BUY,FULLTGT,DAY,0,2036.16,2034.43,2034.43,1.73,1.00,1.73,2037.89,2039.62,2041.35,2043.08,2044.81,0.84,0.84,0.00,2034.43,0.00,-1.00,-151.20,2035.10,2034.94,2035.00,2035.11,2034.94,-0.100,0.57,26.97,44.03,51.14,-0.04,0.15,-0.20,2034.62,2034.84,91,112,42.9,42.9,7,1,CROSS=EMA9>EMA21;TREND=1;STRUCT=1;VOL=1;COOL=1;EMA50=1;VWAP=1;BIAS=1,0.31,-0.99,29039.06,29039.06,stopped at the initial SL (x1.00 of usual)
2068,2023.12.15 15:45:00,2023.12.15 18:15:00,ENTRY,XAUUSD,M3,641,SELL,FULLTGT,EVENING,0,2028.67,2032.96,2032.96,4.29,1.00,4.29,2024.38,2020.10,2015.81,2011.52,2007.23,0.33,0.33,0.33,2028.67,0.00,0.00,0.00,2040.47,2040.64,2039.55,2040.96,2040.88,0.511,2.14,41.38,12.54,12.57,-2.64,-1.04,-1.60,2037.93,2028.59,621,326,0.0,100.0,10,1,CROSS=EMA9<EMA21;TREND=1;STRUCT=1;VOL=1;COOL=1;EMA50=1;VWAP=1;BIAS=1,0.00,0.00,29037.90,29034.60,KZ=NY; KZR=NY H @ 2039.92 585 bars ago (high taken); EVENING 4PM-12AM IST session: stop x1.00 of usual; no partials; full size to TP5; SL steps BE->TP1->TP2->TP3
2069,2023.12.15 15:51:37,2023.12.15 18:21:37,EXIT_SL,XAUUSD,M3,641,SELL,FULLTGT,EVENING,0,2028.67,2032.96,2032.96,4.29,1.00,4.29,2024.38,2020.10,2015.81,2011.52,2007.23,0.33,0.33,0.00,2032.97,0.00,-1.00,-144.22,2039.66,2040.22,2039.36,2039.99,2040.39,0.355,2.44,42.54,29.89,20.23,-3.16,-1.63,-1.53,2037.75,2031.64,517,364,14.3,85.7,10,1,CROSS=EMA9<EMA21;TREND=1;STRUCT=1;VOL=1;COOL=1;EMA50=1;VWAP=1;BIAS=1,0.38,-0.99,28894.84,28894.84,stopped at the initial SL (x1.00 of usual)
2070,2023.12.18 01:00:00,2023.12.18 03:30:00,DAY_SUMMARY,XAUUSD,M3,641,FLAT,NA,DAY,0,0.00,0.00,0.00,0.00,1.00,0.00,0.00,0.00,0.00,0.00,0.00,0.00,0.00,0.00,0.00,0.00,-3.03,-449.98,2019.80,2022.74,2027.33,2019.84,2022.81,-11.287,0.41,22.61,49.34,46.91,-0.09,-0.03,-0.06,2033.92,2019.02,119,82,14.3,71.4,11,1,CROSS=EMA9<EMA21;TREND=1;STRUCT=1;VOL=1;COOL=1;EMA50=1;VWAP=1;BIAS=1,0.00,0.00,28894.84,28894.84,2023.12.15 trades=3 W=0 L=3 gross_profit=0.00 gross_loss=449.98 net=-449.98 PF=0.00
2071,2023.12.18 01:00:00,2023.12.18 03:30:00,WEEK_SUMMARY,XAUUSD,M3,641,FLAT,NA,DAY,0,0.00,0.00,0.00,0.00,1.00,0.00,0.00,0.00,0.00,0.00,0.00,0.00,0.00,0.00,0.00,0.00,-4.03,-599.30,2019.80,2022.74,2027.33,2019.84,2022.81,-11.287,0.41,22.61,49.34,46.91,-0.09,-0.03,-0.06,2033.92,2019.02,119,82,14.3,71.4,11,1,CROSS=EMA9<EMA21;TREND=1;STRUCT=1;VOL=1;COOL=1;EMA50=1;VWAP=1;BIAS=1,0.00,0.00,28894.84,28894.84,days=2 trades=4 W=0 L=4 gross_profit=0.00 gross_loss=599.30 net=-599.30 PF=0.00 pips=-1326.0
2072,2023.12.18 05:09:00,2023.12.18 07:39:00,ENTRY,XAUUSD,M3,643,BUY,FULLTGT,DAY,0,2022.66,2021.32,2021.32,1.34,1.00,1.34,2024.00,2025.33,2026.67,2028.00,2029.34,1.08,1.08,1.08,2022.66,0.00,0.00,0.00,2021.07,2021.06,2023.42,2021.01,2021.03,-3.521,0.67,20.37,60.21,55.02,0.30,0.20,0.11,2020.24,2022.59,108,129,71.4,0.0,4,1,CROSS=EMA9>EMA21;TREND=1;STRUCT=1;VOL=1;COOL=1;EMA50=1;VWAP=1;BIAS=1,0.00,0.00,28891.06,28886.74,KZ=ASIA; KZR=NY H @ 2039.92 1813 bars ago (high taken); DAY 12AM-4PM IST session: stop x1.00 of usual; no partials; full size to TP5; SL steps BE->TP1->TP2->TP3
2073,2023.12.18 05:22:23,2023.12.18 07:52:23,TP1_REACHED,XAUUSD,M3,643,BUY,FULLTGT,DAY,0,2022.66,2021.32,2021.32,1.34,1.00,1.34,2024.00,2025.33,2026.67,2028.00,2029.34,1.08,0.00,1.08,2024.00,1.00,1.00,0.00,2021.42,2021.25,2023.42,2021.33,2021.20,-3.291,0.66,35.51,64.18,64.54,0.58,0.35,0.23,2020.37,2023.56,91,124,85.7,0.0,4,1,CROSS=EMA9>EMA21;TREND=1;STRUCT=1;VOL=1;COOL=1;EMA50=1;VWAP=1;BIAS=1,1.00,-0.02,28891.06,29040.10,full target: no partial booked
2074,2023.12.18 10:48:23,2023.12.18 13:18:23,TP2_REACHED,XAUUSD,M3,643,BUY,FULLTGT,DAY,0,2022.66,2021.32,2021.32,1.34,1.00,1.34,2024.00,2025.33,2026.67,2028.00,2029.34,1.08,0.00,1.08,2025.33,2.00,2.00,0.00,2023.50,2023.16,2023.35,2023.45,2023.13,-0.254,0.77,19.99,60.47,58.25,0.16,0.07,0.09,2021.91,2024.59,112,200,71.4,0.0,4,1,CROSS=EMA9>EMA21;TREND=1;STRUCT=1;VOL=1;COOL=1;EMA50=1;VWAP=1;BIAS=1,1.97,-0.82,28891.06,29183.74,full target: no partial booked
2075,2023.12.18 11:05:05,2023.12.18 13:35:05,TP3_REACHED,XAUUSD,M3,643,BUY,FULLTGT,DAY,0,2022.66,2021.32,2021.32,1.34,1.00,1.34,2024.00,2025.33,2026.67,2028.00,2029.34,1.08,0.00,1.08,2026.67,3.00,3.00,0.00,2023.68,2023.28,2023.41,2023.65,2023.26,-0.135,0.91,26.65,56.93,69.48,0.28,0.17,0.11,2022.01,2024.48,254,210,100.0,0.0,11,1,CROSS=EMA9>EMA21;TREND=1;STRUCT=1;VOL=1;COOL=1;EMA50=1;VWAP=1;BIAS=1,2.97,-0.82,28891.06,29327.38,full target: no partial booked
2076,2023.12.18 12:27:30,2023.12.18 14:57:30,EXIT_SL,XAUUSD,M3,643,BUY,FULLTGT,DAY,0,2022.66,2021.32,2021.32,1.34,1.00,1.34,2024.00,2025.33,2026.67,2028.00,2029.34,1.08,1.08,0.00,2021.29,0.00,-1.03,-155.52,2023.84,2023.62,2023.59,2023.89,2023.65,0.035,0.95,18.76,37.62,42.00,-0.45,-0.38,-0.07,2022.39,2022.55,149,166,28.6,42.9,7,1,CROSS=EMA9>EMA21;TREND=1;STRUCT=1;VOL=1;COOL=1;EMA50=1;VWAP=1;BIAS=1,3.52,-0.98,28739.32,28739.32,stopped at the initial SL (x1.00 of usual)
2077,2023.12.18 12:42:00,2023.12.18 15:12:00,SKIP,XAUUSD,M3,643,FLAT,NA,DAY,0,0.00,0.00,0.00,0.00,1.00,0.00,0.00,0.00,0.00,0.00,0.00,0.00,0.00,0.00,0.00,0.00,0.00,0.00,2023.37,2023.40,2023.48,2023.50,2023.46,-0.076,1.03,29.92,25.37,29.48,-0.85,-0.55,-0.30,2022.36,2020.22,201,176,0.0,100.0,4,1,CROSS=EMA9>EMA21;TREND=1;STRUCT=1;VOL=1;COOL=1;EMA50=1;VWAP=1;BIAS=1,0.00,0.00,28739.32,28739.32,outside the killzone window
2078,2023.12.18 15:06:00,2023.12.18 17:36:00,SKIP,XAUUSD,M3,643,FLAT,NA,EVENING,0,0.00,0.00,0.00,0.00,1.00,0.00,0.00,0.00,0.00,0.00,0.00,0.00,0.00,0.00,0.00,0.00,0.00,0.00,2022.74,2022.74,2022.97,2022.70,2022.72,-0.332,0.71,32.77,57.22,60.42,0.44,0.38,0.06,2022.29,2023.72,264,133,85.7,14.3,4,1,CROSS=EMA9>EMA21;TREND=1;STRUCT=1;VOL=1;COOL=1;EMA50=1;VWAP=1;BIAS=1,0.00,0.00,28739.32,28739.32,already positioned that way
2079,2023.12.18 17:21:00,2023.12.18 19:51:00,ENTRY,XAUUSD,M3,645,SELL,FULLTGT,EVENING,0,2021.42,2024.26,2024.26,2.84,1.00,2.84,2018.58,2015.73,2012.89,2010.04,2007.20,0.50,0.50,0.50,2021.42,0.00,0.00,0.00,2023.06,2023.09,2023.14,2023.13,2023.13,-0.037,1.42,24.15,40.80,42.59,-0.45,-0.32,-0.13,2022.55,2021.29,247,298,0.0,71.4,4,1,CROSS=EMA9<EMA21;TREND=1;STRUCT=1;VOL=1;COOL=1;EMA50=1;VWAP=1;BIAS=1,0.00,0.00,28737.57,28735.57,KZ=NY; KZR=NY H @ 2039.92 2057 bars ago (high taken); EVENING 4PM-12AM IST session: stop x1.00 of usual; no partials; full size to TP5; SL steps BE->TP1->TP2->TP3
2080,2023.12.18 18:46:37,2023.12.18 21:16:37,EXIT_SL,XAUUSD,M3,645,SELL,FULLTGT,EVENING,0,2021.42,2024.26,2024.26,2.84,1.00,2.84,2018.58,2015.73,2012.89,2010.04,2007.20,0.50,0.50,0.00,2024.26,0.00,-1.00,-145.50,2022.87,2022.93,2023.03,2022.84,2022.92,-0.122,0.83,14.92,56.45,54.95,0.25,0.08,0.17,2022.56,2023.60,158,195,57.1,14.3,4,1,CROSS=EMA9<EMA21;TREND=1;STRUCT=1;VOL=1;COOL=1;EMA50=1;VWAP=1;BIAS=1,0.11,-0.98,28593.82,28593.82,stopped at the initial SL (x1.00 of usual)
2081,2023.12.18 18:54:00,2023.12.18 21:24:00,SKIP,XAUUSD,M3,645,FLAT,NA,EVENING,0,0.00,0.00,0.00,0.00,1.00,0.00,0.00,0.00,0.00,0.00,0.00,0.00,0.00,0.00,0.00,0.00,0.00,0.00,2023.00,2022.99,2023.06,2022.98,2022.99,-0.081,0.83,17.18,52.39,56.77,0.35,0.23,0.11,2022.57,2023.40,110,178,71.4,0.0,4,1,CROSS=EMA9<EMA21;TREND=1;STRUCT=1;VOL=1;COOL=1;EMA50=1;VWAP=1;BIAS=1,0.00,0.00,28593.82,28593.82,outside the killzone window
2082,2023.12.18 18:57:00,2023.12.18 21:27:00,SKIP,XAUUSD,M3,645,FLAT,NA,EVENING,0,0.00,0.00,0.00,0.00,1.00,0.00,0.00,0.00,0.00,0.00,0.00,0.00,0.00,0.00,0.00,0.00,0.00,0.00,2022.98,2022.99,2023.06,2023.00,2022.99,-0.083,0.86,18.54,46.05,51.30,0.25,0.26,-0.01,2022.57,2022.53,96,172,14.3,57.1,4,1,CROSS=EMA9<EMA21;TREND=1;STRUCT=1;VOL=1;COOL=1;EMA50=1;VWAP=1;BIAS=1,0.00,0.00,28593.82,28593.82,outside the killzone window
2083,2023.12.18 19:51:00,2023.12.18 22:21:00,SKIP,XAUUSD,M3,645,FLAT,NA,EVENING,0,0.00,0.00,0.00,0.00,1.00,0.00,0.00,0.00,0.00,0.00,0.00,0.00,0.00,0.00,0.00,0.00,0.00,0.00,2023.13,2023.03,2023.06,2022.86,2022.90,-0.027,1.05,39.97,80.34,74.44,0.77,0.03,0.74,2022.61,2029.64,434,138,100.0,0.0,11,1,CROSS=EMA9<EMA21;TREND=1;STRUCT=1;VOL=1;COOL=1;EMA50=1;VWAP=1;BIAS=1,0.00,0.00,28593.82,28593.82,outside the killzone window
2084,2023.12.19 01:00:00,2023.12.19 03:30:00,DAY_SUMMARY,XAUUSD,M3,645,FLAT,NA,DAY,0,0.00,0.00,0.00,0.00,1.00,0.00,0.00,0.00,0.00,0.00,0.00,0.00,0.00,0.00,0.00,0.00,-2.02,-301.02,2026.70,2026.12,2025.23,2026.67,2026.10,4.231,0.21,23.56,59.85,56.94,0.17,0.16,0.01,2023.26,2027.21,20,39,71.4,0.0,7,1,CROSS=EMA9<EMA21;TREND=1;STRUCT=1;VOL=1;COOL=1;EMA50=1;VWAP=1;BIAS=1,0.00,0.00,28593.82,28593.82,2023.12.18 trades=2 W=0 L=2 gross_profit=0.00 gross_loss=301.02 net=-301.02 PF=0.00
2085,2023.12.19 04:21:00,2023.12.19 06:51:00,SKIP,XAUUSD,M3,645,FLAT,NA,DAY,0,0.00,0.00,0.00,0.00,1.00,0.00,0.00,0.00,0.00,0.00,0.00,0.00,0.00,0.00,0.00,0.00,0.00,0.00,2026.59,2026.64,2026.05,2026.73,2026.70,0.924,0.63,61.43,20.96,21.10,-0.73,-0.43,-0.30,2026.95,2023.34,154,113,0.0,100.0,8,1,CROSS=EMA9<EMA21;TREND=1;STRUCT=1;VOL=1;COOL=1;EMA50=1;VWAP=1;BIAS=1,0.00,0.00,28593.82,28593.82,already positioned that way
2086,2023.12.19 09:39:00,2023.12.19 12:09:00,SKIP,XAUUSD,M3,645,FLAT,NA,DAY,0,0.00,0.00,0.00,0.00,1.00,0.00,0.00,0.00,0.00,0.00,0.00,0.00,0.00,0.00,0.00,0.00,0.00,0.00,2024.68,2024.67,2024.91,2024.61,2024.64,-0.250,0.94,14.73,63.06,59.40,0.39,0.21,0.18,2025.20,2026.28,159,216,71.4,0.0,4,1,CROSS=EMA9<EMA21;TREND=1;STRUCT=1;VOL=1;COOL=1;EMA50=1;VWAP=1;BIAS=1,0.00,0.00,28593.82,28593.82,outside the killzone window
2087,2023.12.20 03:36:00,2023.12.20 06:06:00,SKIP,XAUUSD,M3,645,FLAT,NA,DAY,0,0.00,0.00,0.00,0.00,1.00,0.00,0.00,0.00,0.00,0.00,0.00,0.00,0.00,0.00,0.00,0.00,0.00,0.00,2039.66,2039.68,2038.41,2039.72,2039.71,1.865,0.68,38.11,35.60,34.96,-0.40,-0.31,-0.09,2039.82,2038.20,142,140,0.0,100.0,5,1,CROSS=EMA9<EMA21;TREND=1;STRUCT=1;VOL=1;COOL=1;EMA50=1;VWAP=1;BIAS=1,0.00,0.00,28593.82,28593.82,already positioned that way
2088,2023.12.20 05:42:00,2023.12.20 08:12:00,ENTRY,XAUUSD,M3,647,BUY,FULLTGT,DAY,0,2040.71,2039.77,2039.77,0.94,1.00,0.94,2041.65,2042.58,2043.52,2044.45,2045.39,1.52,1.52,1.52,2040.71,0.00,0.00,0.00,2039.36,2039.34,2038.61,2039.30,2039.31,1.568,0.47,61.62,67.67,63.65,0.48,0.36,0.12,2039.36,2040.67,66,80,85.7,0.0,4,1,CROSS=EMA9>EMA21;TREND=1;STRUCT=1;VOL=1;COOL=1;EMA50=1;VWAP=1;BIAS=1,0.00,0.00,28588.50,28582.42,KZ=ASIA; KZR=NY H @ 2039.92 2784 bars ago (high taken); DAY 12AM-4PM IST session: stop x1.00 of usual; no partials; full size to TP5; SL steps BE->TP1->TP2->TP3
2089,2023.12.20 07:17:43,2023.12.20 09:47:43,EXIT_SL,XAUUSD,M3,647,BUY,FULLTGT,DAY,0,2040.71,2039.77,2039.77,0.94,1.00,0.94,2041.65,2042.58,2043.52,2044.45,2045.39,1.52,1.52,0.00,2039.77,0.00,-1.00,-153.52,2040.09,2039.82,2039.08,2040.09,2039.82,1.998,0.37,17.01,42.86,47.81,0.05,0.16,-0.11,2039.53,2039.94,28,64,28.6,42.9,4,1,CROSS=EMA9>EMA21;TREND=1;STRUCT=1;VOL=1;COOL=1;EMA50=1;VWAP=1;BIAS=1,0.42,-0.94,28440.30,28440.30,stopped at the initial SL (x1.00 of usual)
2090,2023.12.20 12:12:00,2023.12.20 14:42:00,SKIP,XAUUSD,M3,647,FLAT,NA,DAY,0,0.00,0.00,0.00,0.00,1.00,0.00,0.00,0.00,0.00,0.00,0.00,0.00,0.00,0.00,0.00,0.00,0.00,0.00,2040.86,2040.88,2040.36,2040.93,2040.92,1.037,0.50,38.64,31.51,36.06,-0.46,-0.30,-0.15,2040.42,2039.25,115,119,0.0,85.7,4,1,CROSS=EMA9>EMA21;TREND=1;STRUCT=1;VOL=1;COOL=1;EMA50=1;VWAP=1;BIAS=1,0.00,0.00,28440.30,28440.30,outside the killzone window
2091,2023.12.20 21:03:00,2023.12.20 23:33:00,SKIP,XAUUSD,M3,647,FLAT,NA,EVENING,0,0.00,0.00,0.00,0.00,1.00,0.00,0.00,0.00,0.00,0.00,0.00,0.00,0.00,0.00,0.00,0.00,0.00,0.00,2034.88,2034.88,2035.65,2034.85,2034.86,-1.164,0.66,29.51,55.45,59.83,0.48,0.43,0.05,2037.04,2035.76,118,148,71.4,14.3,4,1,CROSS=EMA9>EMA21;TREND=1;STRUCT=1;VOL=1;COOL=1;EMA50=1;VWAP=1;BIAS=1,0.00,0.00,28440.30,28440.30,outside the killzone window
2092,2023.12.20 21:57:00,2023.12.21 00:27:00,SKIP,XAUUSD,M3,647,FLAT,NA,DAY,0,0.00,0.00,0.00,0.00,1.00,0.00,0.00,0.00,0.00,0.00,0.00,0.00,0.00,0.00,0.00,0.00,0.00,0.00,2034.93,2034.95,2035.57,2035.03,2034.99,-0.629,0.99,40.91,31.77,35.18,-0.64,-0.06,-0.58,2036.94,2032.54,266,146,14.3,85.7,11,1,CROSS=EMA9>EMA21;TREND=1;STRUCT=1;VOL=1;COOL=1;EMA50=1;VWAP=1;BIAS=1,0.00,0.00,28440.30,28440.30,outside the killzone window
2093,2023.12.21 01:00:00,2023.12.21 03:30:00,DAY_SUMMARY,XAUUSD,M3,647,FLAT,NA,DAY,0,0.00,0.00,0.00,0.00,1.00,0.00,0.00,0.00,0.00,0.00,0.00,0.00,0.00,0.00,0.00,0.00,-1.00,-153.52,2031.43,2032.64,2034.02,2031.44,2032.67,-1.660,0.83,44.88,55.18,50.59,-0.38,-0.90,0.52,2036.44,2031.30,49,90,42.9,42.9,4,1,CROSS=EMA9>EMA21;TREND=1;STRUCT=1;VOL=1;COOL=1;EMA50=1;VWAP=1;BIAS=1,0.00,0.00,28440.30,28440.30,2023.12.20 trades=1 W=0 L=1 gross_profit=0.00 gross_loss=153.52 net=-153.52 PF=0.00
2094,2023.12.21 03:09:00,2023.12.21 05:39:00,SKIP,XAUUSD,M3,647,FLAT,NA,DAY,0,0.00,0.00,0.00,0.00,1.00,0.00,0.00,0.00,0.00,0.00,0.00,0.00,0.00,0.00,0.00,0.00,0.00,0.00,2032.89,2032.89,2033.66,2032.84,2032.86,-1.652,0.47,47.77,63.13,66.04,0.43,0.43,-0.00,2033.08,2034.02,110,90,71.4,28.6,4,1,CROSS=EMA9>EMA21;TREND=1;STRUCT=1;VOL=1;COOL=1;EMA50=1;VWAP=1;BIAS=1,0.00,0.00,28440.30,28440.30,already positioned that way
2095,2023.12.21 09:51:00,2023.12.21 12:21:00,SKIP,XAUUSD,M3,647,FLAT,NA,DAY,0,0.00,0.00,0.00,0.00,1.00,0.00,0.00,0.00,0.00,0.00,0.00,0.00,0.00,0.00,0.00,0.00,0.00,0.00,2035.80,2035.83,2035.49,2035.86,2035.86,0.448,0.76,26.17,37.62,42.62,-0.25,-0.20,-0.05,2035.40,2034.37,193,127,0.0,100.0,4,1,CROSS=EMA9>EMA21;TREND=1;STRUCT=1;VOL=1;COOL=1;EMA50=1;VWAP=1;BIAS=1,0.00,0.00,28440.30,28440.30,outside the killzone window
2096,2023.12.21 10:42:00,2023.12.21 13:12:00,SKIP,XAUUSD,M3,647,FLAT,NA,DAY,0,0.00,0.00,0.00,0.00,1.00,0.00,0.00,0.00,0.00,0.00,0.00,0.00,0.00,0.00,0.00,0.00,0.00,0.00,2035.83,2035.82,2035.53,2035.79,2035.80,0.431,0.67,31.40,62.68,58.57,0.28,0.10,0.18,2035.44,2036.91,162,162,100.0,0.0,4,1,CROSS=EMA9>EMA21;TREND=1;STRUCT=1;VOL=1;COOL=1;EMA50=1;VWAP=1;BIAS=1,0.00,0.00,28440.30,28440.30,outside the killzone window
2097,2023.12.21 12:06:00,2023.12.21 14:36:00,SKIP,XAUUSD,M3,647,FLAT,NA,DAY,0,0.00,0.00,0.00,0.00,1.00,0.00,0.00,0.00,0.00,0.00,0.00,0.00,0.00,0.00,0.00,0.00,0.00,0.00,2035.88,2035.89,2035.65,2035.92,2035.90,0.403,0.59,14.77,40.63,43.09,-0.25,-0.14,-0.11,2035.54,2035.00,130,137,0.0,71.4,4,1,CROSS=EMA9>EMA21;TREND=1;STRUCT=1;VOL=1;COOL=1;EMA50=1;VWAP=1;BIAS=1,0.00,0.00,28440.30,28440.30,outside the killzone window
2098,2023.12.21 14:45:00,2023.12.21 17:15:00,SKIP,XAUUSD,M3,647,FLAT,NA,EVENING,0,0.00,0.00,0.00,0.00,1.00,0.00,0.00,0.00,0.00,0.00,0.00,0.00,0.00,0.00,0.00,0.00,0.00,0.00,2035.39,2035.39,2035.40,2035.30,2035.34,-0.011,0.92,44.60,67.56,64.20,0.90,0.40,0.49,2035.41,2037.76,153,154,85.7,0.0,7,1,CROSS=EMA9>EMA21;TREND=1;STRUCT=1;VOL=1;COOL=1;EMA50=1;VWAP=1;BIAS=1,0.00,0.00,28440.30,28440.30,already positioned that way
2099,2023.12.22 08:45:00,2023.12.22 11:15:00,SKIP,XAUUSD,M3,647,FLAT,NA,DAY,0,0.00,0.00,0.00,0.00,1.00,0.00,0.00,0.00,0.00,0.00,0.00,0.00,0.00,0.00,0.00,0.00,0.00,0.00,2048.70,2048.71,2047.53,2048.76,2048.74,2.058,0.58,37.64,33.38,38.34,-0.30,-0.16,-0.14,2049.34,2047.22,156,137,0.0,100.0,7,1,CROSS=EMA9>EMA21;TREND=1;STRUCT=1;VOL=1;COOL=1;EMA50=1;VWAP=1;BIAS=1,0.00,0.00,28440.30,28440.30,outside the killzone window
2100,2023.12.22 09:39:00,2023.12.22 12:09:00,SKIP,XAUUSD,M3,647,FLAT,NA,DAY,0,0.00,0.00,0.00,0.00,1.00,0.00,0.00,0.00,0.00,0.00,0.00,0.00,0.00,0.00,0.00,0.00,0.00,0.00,2048.72,2048.70,2047.71,2048.66,2048.67,1.258,0.79,33.75,67.19,59.00,0.38,0.09,0.29,2049.25,2050.32,189,148,100.0,0.0,4,1,CROSS=EMA9>EMA21;TREND=1;STRUCT=1;VOL=1;COOL=1;EMA50=1;VWAP=1;BIAS=1,0.00,0.00,28440.30,28440.30,outside the killzone window
2101,2023.12.22 18:51:00,2023.12.22 21:21:00,SKIP,XAUUSD,M3,647,FLAT,NA,EVENING,0,0.00,0.00,0.00,0.00,1.00,0.00,0.00,0.00,0.00,0.00,0.00,0.00,0.00,0.00,0.00,0.00,0.00,0.00,2061.49,2061.53,2058.91,2061.83,2061.70,1.538,1.70,63.75,23.83,24.97,-2.01,-1.52,-0.49,2057.00,2053.16,465,329,0.0,100.0,10,1,CROSS=EMA9>EMA21;TREND=1;STRUCT=1;VOL=1;COOL=1;EMA50=1;VWAP=1;BIAS=1,0.00,0.00,28440.30,28440.30,outside the killzone window
2102,2023.12.26 01:00:00,2023.12.26 03:30:00,WEEK_SUMMARY,XAUUSD,M3,647,FLAT,NA,DAY,0,0.00,0.00,0.00,0.00,1.00,0.00,0.00,0.00,0.00,0.00,0.00,0.00,0.00,0.00,0.00,0.00,-3.03,-454.54,2053.46,2054.71,2055.73,2053.49,2054.75,-2.967,0.34,23.70,44.01,42.77,-0.06,-0.11,0.05,2056.49,2052.75,55,63,14.3,57.1,90,1,CROSS=EMA9>EMA21;TREND=1;STRUCT=1;VOL=1;COOL=1;EMA50=1;VWAP=1;BIAS=1,0.00,0.00,28440.30,28440.30,days=2 trades=3 W=0 L=3 gross_profit=0.00 gross_loss=454.54 net=-454.54 PF=0.00 pips=-515.0
2103,2023.12.26 03:24:00,2023.12.26 05:54:00,SKIP,XAUUSD,M3,647,FLAT,NA,DAY,0,0.00,0.00,0.00,0.00,1.00,0.00,0.00,0.00,0.00,0.00,0.00,0.00,0.00,0.00,0.00,0.00,0.00,0.00,2055.07,2055.02,2055.52,2054.95,2054.97,-0.669,0.74,41.43,76.58,70.38,0.76,0.39,0.37,2055.29,2057.85,121,121,85.7,0.0,4,1,CROSS=EMA9>EMA21;TREND=1;STRUCT=1;VOL=1;COOL=1;EMA50=1;VWAP=1;BIAS=1,0.00,0.00,28440.30,28440.30,already positioned that way
2104,2023.12.26 11:21:00,2023.12.26 13:51:00,SKIP,XAUUSD,M3,647,FLAT,NA,DAY,0,0.00,0.00,0.00,0.00,1.00,0.00,0.00,0.00,0.00,0.00,0.00,0.00,0.00,0.00,0.00,0.00,0.00,0.00,2062.85,2062.87,2061.74,2062.89,2062.89,2.056,0.55,46.88,41.93,39.33,-0.57,-0.62,0.04,2061.39,2061.86,59,94,28.6,57.1,4,1,CROSS=EMA9>EMA21;TREND=1;STRUCT=1;VOL=1;COOL=1;EMA50=1;VWAP=1;BIAS=1,0.00,0.00,28440.30,28440.30,outside the killzone window
2105,2023.12.26 13:12:00,2023.12.26 15:42:00,SKIP,XAUUSD,M3,647,FLAT,NA,DAY,0,0.00,0.00,0.00,0.00,1.00,0.00,0.00,0.00,0.00,0.00,0.00,0.00,0.00,0.00,0.00,0.00,0.00,0.00,2062.72,2062.72,2061.98,2062.70,2062.71,1.877,0.39,42.96,59.42,55.71,0.31,0.25,0.05,2061.50,2063.32,66,57,100.0,0.0,4,1,CROSS=EMA9>EMA21;TREND=1;STRUCT=1;VOL=1;COOL=1;EMA50=1;VWAP=1;BIAS=1,0.00,0.00,28440.30,28440.30,outside the killzone window
2106,2023.12.26 14:51:00,2023.12.26 17:21:00,ENTRY,XAUUSD,M3,649,SELL,FULLTGT,EVENING,0,2061.52,2062.55,2062.55,1.03,1.00,1.03,2060.49,2059.47,2058.44,2057.41,2056.38,1.38,1.38,1.38,2061.52,0.00,0.00,0.00,2062.84,2062.85,2062.28,2062.89,2062.88,1.104,0.51,43.43,33.18,31.64,-0.37,-0.22,-0.15,2061.66,2061.52,84,77,0.0,100.0,4,1,CROSS=EMA9<EMA21;TREND=1;STRUCT=1;VOL=1;COOL=1;EMA50=1;VWAP=1;BIAS=1,0.00,0.00,28435.47,28429.95,KZ=NY; KZR=Asia H @ 2051.36 2002 bars ago (high taken); EVENING 4PM-12AM IST session: stop x1.00 of usual; no partials; full size to TP5; SL steps BE->TP1->TP2->TP3
2107,2023.12.26 15:02:27,2023.12.26 17:32:27,EXIT_SL,XAUUSD,M3,649,SELL,FULLTGT,EVENING,0,2061.52,2062.55,2062.55,1.03,1.00,1.03,2060.49,2059.47,2058.44,2057.41,2056.38,1.38,1.38,0.00,2062.55,0.00,-1.00,-151.80,2062.71,2062.78,2062.27,2062.75,2062.80,0.990,0.52,41.26,39.59,38.38,-0.40,-0.31,-0.09,2061.66,2061.86,111,81,28.6,71.4,4,1,CROSS=EMA9<EMA21;TREND=1;STRUCT=1;VOL=1;COOL=1;EMA50=1;VWAP=1;BIAS=1,0.12,-0.96,28288.50,28288.50,stopped at the initial SL (x1.00 of usual)
2108,2023.12.26 21:45:00,2023.12.27 00:15:00,SKIP,XAUUSD,M3,649,FLAT,NA,DAY,0,0.00,0.00,0.00,0.00,1.00,0.00,0.00,0.00,0.00,0.00,0.00,0.00,0.00,0.00,0.00,0.00,0.00,0.00,2059.31,2059.30,2059.87,2059.24,2059.27,-1.437,0.39,63.03,66.95,64.51,0.62,0.48,0.14,2060.49,2060.89,126,88,85.7,14.3,4,1,CROSS=EMA9<EMA21;TREND=1;STRUCT=1;VOL=1;COOL=1;EMA50=1;VWAP=1;BIAS=1,0.00,0.00,28288.50,28288.50,outside the killzone window
2109,2023.12.27 01:00:00,2023.12.27 03:30:00,DAY_SUMMARY,XAUUSD,M3,649,FLAT,NA,DAY,0,0.00,0.00,0.00,0.00,1.00,0.00,0.00,0.00,0.00,0.00,0.00,0.00,0.00,0.00,0.00,0.00,-1.00,-151.80,2065.25,2063.33,2062.04,2065.16,2063.24,2.401,0.53,31.30,61.15,64.26,0.44,0.55,-0.12,2060.89,2067.54,20,59,71.4,14.3,7,1,CROSS=EMA9<EMA21;TREND=1;STRUCT=1;VOL=1;COOL=1;EMA50=1;VWAP=1;BIAS=1,0.00,0.00,28288.50,28288.50,2023.12.26 trades=1 W=0 L=1 gross_profit=0.00 gross_loss=151.80 net=-151.80 PF=0.00
2110,2023.12.27 06:33:00,2023.12.27 09:03:00,SKIP,XAUUSD,M3,649,FLAT,NA,DAY,0,0.00,0.00,0.00,0.00,1.00,0.00,0.00,0.00,0.00,0.00,0.00,0.00,0.00,0.00,0.00,0.00,0.00,0.00,2065.26,2065.26,2064.45,2065.28,2065.27,1.916,0.42,17.73,44.29,42.95,-0.19,-0.23,0.04,2065.87,2064.66,57,59,14.3,57.1,4,1,CROSS=EMA9<EMA21;TREND=1;STRUCT=1;VOL=1;COOL=1;EMA50=1;VWAP=1;BIAS=1,0.00,0.00,28288.50,28288.50,already positioned that way
2111,2023.12.27 07:09:00,2023.12.27 09:39:00,SKIP,XAUUSD,M3,649,FLAT,NA,DAY,0,0.00,0.00,0.00,0.00,1.00,0.00,0.00,0.00,0.00,0.00,0.00,0.00,0.00,0.00,0.00,0.00,0.00,0.00,2065.26,2065.25,2064.54,2065.24,2065.25,1.972,0.36,30.02,57.08,58.43,0.17,-0.00,0.17,2065.83,2065.62,68,50,71.4,28.6,4,1,CROSS=EMA9>EMA21;TREND=1;STRUCT=1;VOL=1;COOL=1;EMA50=1;VWAP=0;BIAS=1,0.00,0.00,28288.50,28288.50,quality filter
2112,2023.12.27 07:51:00,2023.12.27 10:21:00,SKIP,XAUUSD,M3,649,FLAT,NA,DAY,0,0.00,0.00,0.00,0.00,1.00,0.00,0.00,0.00,0.00,0.00,0.00,0.00,0.00,0.00,0.00,0.00,0.00,0.00,2065.27,2065.27,2064.65,2065.29,2065.28,1.532,0.41,31.63,44.02,44.63,-0.12,0.05,-0.18,2065.78,2064.89,103,82,14.3,85.7,4,1,CROSS=EMA9<EMA21;TREND=1;STRUCT=1;VOL=1;COOL=1;EMA50=1;VWAP=1;BIAS=1,0.00,0.00,28288.50,28288.50,already positioned that way
2113,2023.12.27 07:54:00,2023.12.27 10:24:00,SKIP,XAUUSD,M3,649,FLAT,NA,DAY,0,0.00,0.00,0.00,0.00,1.00,0.00,0.00,0.00,0.00,0.00,0.00,0.00,0.00,0.00,0.00,0.00,0.00,0.00,2065.28,2065.28,2064.65,2065.27,2065.27,1.457,0.43,28.22,55.23,44.63,-0.08,0.02,-0.09,2065.78,2065.56,78,84,42.9,42.9,4,1,CROSS=EMA9>EMA21;TREND=1;STRUCT=1;VOL=1;COOL=1;EMA50=1;VWAP=0;BIAS=1,0.00,0.00,28288.50,28288.50,quality filter
2114,2023.12.27 08:00:00,2023.12.27 10:30:00,SKIP,XAUUSD,M3,649,FLAT,NA,DAY,0,0.00,0.00,0.00,0.00,1.00,0.00,0.00,0.00,0.00,0.00,0.00,0.00,0.00,0.00,0.00,0.00,0.00,0.00,2065.26,2065.27,2064.66,2065.28,2065.28,1.286,0.47,24.56,42.79,44.50,-0.10,-0.05,-0.04,2065.77,2064.70,88,87,0.0,85.7,4,1,CROSS=EMA9>EMA21;TREND=1;STRUCT=1;VOL=1;COOL=1;EMA50=1;VWAP=0;BIAS=1,0.00,0.00,28288.50,28288.50,outside the killzone window
2115,2023.12.27 08:24:00,2023.12.27 10:54:00,SKIP,XAUUSD,M3,649,FLAT,NA,DAY,0,0.00,0.00,0.00,0.00,1.00,0.00,0.00,0.00,0.00,0.00,0.00,0.00,0.00,0.00,0.00,0.00,0.00,0.00,2065.29,2065.28,2064.71,2065.24,2065.25,1.008,0.56,23.52,65.52,53.29,0.11,-0.06,0.18,2065.74,2066.54,103,99,85.7,0.0,7,1,CROSS=EMA9>EMA21;TREND=1;STRUCT=1;VOL=1;COOL=1;EMA50=1;VWAP=0;BIAS=1,0.00,0.00,28288.50,28288.50,outside the killzone window
2116,2023.12.27 12:54:00,2023.12.27 15:24:00,SKIP,XAUUSD,M3,649,FLAT,NA,DAY,0,0.00,0.00,0.00,0.00,1.00,0.00,0.00,0.00,0.00,0.00,0.00,0.00,0.00,0.00,0.00,0.00,0.00,0.00,2066.48,2066.48,2065.92,2066.54,2066.51,0.586,0.96,40.63,41.87,33.67,-0.99,-1.04,0.05,2066.07,2064.95,104,128,14.3,71.4,4,1,CROSS=EMA9>EMA21;TREND=1;STRUCT=1;VOL=1;COOL=1;EMA50=1;VWAP=0;BIAS=1,0.00,0.00,28288.50,28288.50,outside the killzone window
2117,2023.12.27 13:39:00,2023.12.27 16:09:00,SKIP,XAUUSD,M3,649,FLAT,NA,EVENING,0,0.00,0.00,0.00,0.00,1.00,0.00,0.00,0.00,0.00,0.00,0.00,0.00,0.00,0.00,0.00,0.00,0.00,0.00,2066.48,2066.46,2065.98,2066.44,2066.44,0.747,0.64,46.24,61.32,59.09,0.38,0.04,0.34,2066.08,2067.51,103,112,85.7,0.0,4,1,CROSS=EMA9>EMA21;TREND=1;STRUCT=1;VOL=1;COOL=1;EMA50=1;VWAP=0;BIAS=1,0.00,0.00,28288.50,28288.50,outside the killzone window
2118,2023.12.28 10:21:00,2023.12.28 12:51:00,SKIP,XAUUSD,M3,649,FLAT,NA,DAY,0,0.00,0.00,0.00,0.00,1.00,0.00,0.00,0.00,0.00,0.00,0.00,0.00,0.00,0.00,0.00,0.00,0.00,0.00,2085.23,2085.30,2083.77,2085.47,2085.41,1.303,1.17,30.48,20.98,26.01,-1.10,-0.41,-0.68,2084.74,2079.43,312,178,0.0,100.0,12,1,CROSS=EMA9>EMA21;TREND=1;STRUCT=1;VOL=1;COOL=1;EMA50=1;VWAP=0;BIAS=1,0.00,0.00,28288.50,28288.50,outside the killzone window
2119,2023.12.28 17:42:00,2023.12.28 20:12:00,SKIP,XAUUSD,M3,649,FLAT,NA,EVENING,0,0.00,0.00,0.00,0.00,1.00,0.00,0.00,0.00,0.00,0.00,0.00,0.00,0.00,0.00,0.00,0.00,0.00,0.00,2077.18,2077.17,2078.23,2077.07,2077.11,-0.740,1.44,28.94,59.92,56.49,0.76,0.78,-0.03,2080.16,2079.99,217,289,57.1,28.6,4,1,CROSS=EMA9>EMA21;TREND=1;STRUCT=1;VOL=1;COOL=1;EMA50=1;VWAP=0;BIAS=1,0.00,0.00,28288.50,28288.50,quality filter
2120,2023.12.28 18:09:00,2023.12.28 20:39:00,SKIP,XAUUSD,M3,649,FLAT,NA,EVENING,0,0.00,0.00,0.00,0.00,1.00,0.00,0.00,0.00,0.00,0.00,0.00,0.00,0.00,0.00,0.00,0.00,0.00,0.00,2077.08,2077.12,2078.12,2077.18,2077.18,-0.673,1.48,35.46,38.76,45.08,-0.39,0.24,-0.63,2080.01,2074.56,288,297,0.0,85.7,4,1,CROSS=EMA9>EMA21;TREND=1;STRUCT=1;VOL=1;COOL=1;EMA50=1;VWAP=0;BIAS=1,0.00,0.00,28288.50,28288.50,outside the killzone window
2121,2023.12.29 04:06:00,2023.12.29 06:36:00,ENTRY,XAUUSD,M3,651,BUY,FULLTGT,DAY,0,2071.24,2069.91,2069.91,1.33,1.00,1.33,2072.57,2073.91,2075.24,2076.57,2077.90,1.06,1.06,1.06,2071.24,0.00,0.00,0.00,2068.56,2068.55,2070.29,2068.45,2068.50,-2.600,0.67,55.05,74.65,71.10,1.00,0.94,0.07,2068.01,2071.20,151,175,85.7,0.0,4,1,CROSS=EMA9>EMA21;TREND=1;STRUCT=1;VOL=1;COOL=1;EMA50=1;VWAP=1;BIAS=1,0.00,0.00,28284.79,28280.55,KZ=ASIA; KZR=NY H @ 2081.88 668 bars ago (high taken); DAY 12AM-4PM IST session: stop x1.00 of usual; no partials; full size to TP5; SL steps BE->TP1->TP2->TP3
2122,2023.12.29 04:09:14,2023.12.29 06:39:14,EXIT_SL,XAUUSD,M3,651,BUY,FULLTGT,DAY,0,2071.24,2069.91,2069.91,1.33,1.00,1.33,2072.57,2073.91,2075.24,2076.57,2077.90,1.06,1.06,0.00,2069.90,0.00,-1.01,-149.46,2068.62,2068.58,2070.28,2068.56,2068.55,-2.381,0.71,50.28,57.03,71.10,0.90,0.95,-0.05,2068.07,2070.05,187,175,71.4,28.6,4,1,CROSS=EMA9>EMA21;TREND=1;STRUCT=1;VOL=1;COOL=1;EMA50=1;VWAP=1;BIAS=1,0.00,-0.99,28139.04,28139.04,stopped at the initial SL (x1.00 of usual)
2123,2023.12.29 11:21:00,2023.12.29 13:51:00,SKIP,XAUUSD,M3,651,FLAT,NA,DAY,0,0.00,0.00,0.00,0.00,1.00,0.00,0.00,0.00,0.00,0.00,0.00,0.00,0.00,0.00,0.00,0.00,0.00,0.00,2071.10,2071.14,2070.94,2071.18,2071.18,0.226,0.86,60.45,35.53,30.69,-1.02,-0.96,-0.06,2070.01,2068.91,118,174,0.0,85.7,4,1,CROSS=EMA9>EMA21;TREND=1;STRUCT=1;VOL=1;COOL=1;EMA50=1;VWAP=1;BIAS=1,0.00,0.00,28139.04,28139.04,outside the killzone window
2124,2023.12.29 19:18:00,2023.12.29 21:48:00,SKIP,XAUUSD,M3,651,FLAT,NA,EVENING,0,0.00,0.00,0.00,0.00,1.00,0.00,0.00,0.00,0.00,0.00,0.00,0.00,0.00,0.00,0.00,0.00,0.00,0.00,2064.93,2064.90,2065.94,2064.86,2064.87,-1.007,1.03,22.29,59.10,58.71,0.47,0.40,0.07,2066.69,2066.70,210,248,71.4,0.0,4,1,CROSS=EMA9>EMA21;TREND=1;STRUCT=1;VOL=1;COOL=1;EMA50=1;VWAP=1;BIAS=1,0.00,0.00,28139.04,28139.04,outside the killzone window
2125,2023.12.29 20:27:00,2023.12.29 22:57:00,SKIP,XAUUSD,M3,651,FLAT,NA,EVENING,0,0.00,0.00,0.00,0.00,1.00,0.00,0.00,0.00,0.00,0.00,0.00,0.00,0.00,0.00,0.00,0.00,0.00,0.00,2064.96,2064.99,2065.79,2065.05,2065.04,-0.497,1.62,18.28,39.26,40.24,-0.69,-0.47,-0.22,2066.55,2062.75,290,253,0.0,85.7,10,1,CROSS=EMA9>EMA21;TREND=1;STRUCT=1;VOL=1;COOL=1;EMA50=1;VWAP=1;BIAS=1,0.00,0.00,28139.04,28139.04,outside the killzone window
2126,2023.12.29 21:39:00,2023.12.30 00:09:00,SKIP,XAUUSD,M3,651,FLAT,NA,DAY,0,0.00,0.00,0.00,0.00,1.00,0.00,0.00,0.00,0.00,0.00,0.00,0.00,0.00,0.00,0.00,0.00,0.00,0.00,2064.93,2064.92,2065.57,2064.85,2064.88,-1.109,0.59,26.62,67.76,59.14,0.44,0.16,0.29,2066.43,2067.05,182,152,100.0,0.0,5,1,CROSS=EMA9>EMA21;TREND=1;STRUCT=1;VOL=1;COOL=1;EMA50=1;VWAP=1;BIAS=1,0.00,0.00,28139.04,28139.04,outside the killzone window
2127,2023.12.29 23:03:00,2023.12.30 01:33:00,SKIP,XAUUSD,M3,651,FLAT,NA,DAY,0,0.00,0.00,0.00,0.00,1.00,0.00,0.00,0.00,0.00,0.00,0.00,0.00,0.00,0.00,0.00,0.00,0.00,0.00,2065.16,2065.17,2065.58,2065.24,2065.21,-0.562,0.73,55.95,30.03,34.62,-0.77,-0.45,-0.32,2066.39,2063.14,125,122,0.0,100.0,11,1,CROSS=EMA9>EMA21;TREND=1;STRUCT=1;VOL=1;COOL=1;EMA50=1;VWAP=1;BIAS=1,0.00,0.00,28139.04,28139.04,outside the killzone window
2128,2023.12.29 23:56:59,2023.12.30 02:26:59,DAY_SUMMARY,XAUUSD,M3,651,FLAT,NA,DAY,0,0.00,0.00,0.00,0.00,1.00,0.00,0.00,0.00,0.00,0.00,0.00,0.00,0.00,0.00,0.00,0.00,-1.01,-149.46,2064.08,2064.54,2065.17,2064.11,2064.56,-1.703,0.38,25.54,45.68,36.52,-0.46,-0.60,0.13,2066.35,2063.24,64,71,14.3,71.4,21,1,CROSS=EMA9>EMA21;TREND=1;STRUCT=1;VOL=1;COOL=1;EMA50=1;VWAP=1;BIAS=1,0.00,0.00,28139.04,28139.04,2023.12.29 trades=1 W=0 L=1 gross_profit=0.00 gross_loss=149.46 net=-149.46 PF=0.00
