seq,time_server,time_ist,event,symbol,tf,trade_id,direction,exit_mode,ist_session,flip_from,entry_price,init_sl,cur_sl,sl_distance,sl_factor,tp_unit,tp1,tp2,tp3,tp4,tp5,lots_initial,lots_event,lots_remaining,event_price,r_target,r_realized,profit,ema9,ema21,ema50,ema9_prev,ema21_prev,ema21_50_gap_atr,atr,adx,rsi,rsi_m5,macd_main,macd_signal,macd_hist,vwap,close,volume,vol_avg,bull_pct,bear_pct,spread_pts,qfilter_on,qf_flags,mfe_r,mae_r,balance,equity,note
1,2025.01.03 19:45:00,2025.01.03 22:15:00,ENTRY,XAUUSD,M15,2,SELL,FULLTGT,EVENING,0,2640.97,2648.13,2648.13,7.16,1.00,7.16,2633.81,2626.65,2619.49,2612.33,2605.17,0.17,0.17,0.17,2640.97,0.00,0.00,0.00,2650.23,2650.29,2644.18,2650.60,2650.48,1.709,3.58,50.29,35.55,43.95,-3.57,-3.42,-0.15,2652.81,2641.00,1752,3059,0.0,85.7,17,1,CROSS=EMA9<EMA21;TREND=1;STRUCT=1;VOL=1;COOL=1;EMA50=1;VWAP=1;BIAS=1,0.00,0.00,24999.40,24996.51,KZR=NY H @ 2655.84 101 bars ago (high taken); EVENING 4PM-12AM IST session: stop x1.00 of usual; no partials; full size to TP5; SL steps BE->TP1->TP2->TP3
2,2025.01.03 23:42:00,2025.01.04 02:12:00,EXIT_WEEKEND,XAUUSD,M15,2,SELL,FULLTGT,DAY,0,2640.97,2648.13,2648.13,7.16,1.00,7.16,2633.81,2626.65,2619.49,2612.33,2605.17,0.17,0.17,0.00,2639.16,0.00,0.25,0.00,2645.53,2647.61,2643.60,2645.85,2647.81,2.582,1.56,46.20,31.73,37.52,-2.48,-2.50,0.02,2651.30,2637.76,461,1439,14.3,71.4,36,1,CROSS=EMA9<EMA21;TREND=1;STRUCT=1;VOL=1;COOL=1;EMA50=1;VWAP=1;BIAS=1,0.58,-0.29,25029.57,25029.57,WEEKEND exit
3,2025.01.03 23:42:01,2025.01.04 02:12:01,EXIT_WEEKEND,XAUUSD,M15,2,SELL,FULLTGT,DAY,0,2640.97,2648.13,2648.13,7.16,1.00,7.16,2633.81,2626.65,2619.49,2612.33,2605.17,0.17,0.17,0.00,2639.16,0.00,0.25,29.57,2645.53,2647.61,2643.60,2645.85,2647.81,2.582,1.56,46.20,31.73,37.52,-2.48,-2.50,0.02,2651.30,2637.76,461,1439,14.3,71.4,36,1,CROSS=EMA9<EMA21;TREND=1;STRUCT=1;VOL=1;COOL=1;EMA50=1;VWAP=1;BIAS=1,0.58,-0.29,25029.57,25029.57,flattened before the Friday close
4,2025.01.06 01:00:00,2025.01.06 03:30:00,DAY_SUMMARY,XAUUSD,M15,2,FLAT,NA,DAY,0,0.00,0.00,0.00,0.00,1.00,0.00,0.00,0.00,0.00,0.00,0.00,0.00,0.00,0.00,0.00,0.00,0.25,29.57,2645.10,2647.31,2643.52,2645.31,2647.46,2.313,1.64,37.46,42.51,57.70,-2.07,-2.42,0.35,2651.21,2639.98,624,1275,28.6,57.1,18,1,CROSS=EMA9<EMA21;TREND=1;STRUCT=1;VOL=1;COOL=1;EMA50=1;VWAP=1;BIAS=1,0.00,0.00,25029.57,25029.57,2025.01.03 trades=1 W=1 L=0 gross_profit=29.57 gross_loss=0.00 net=29.57 PF=0.00
5,2025.01.06 01:00:00,2025.01.06 03:30:00,WEEK_SUMMARY,XAUUSD,M15,2,FLAT,NA,DAY,0,0.00,0.00,0.00,0.00,1.00,0.00,0.00,0.00,0.00,0.00,0.00,0.00,0.00,0.00,0.00,0.00,0.25,29.57,2645.10,2647.31,2643.52,2645.31,2647.46,2.313,1.64,37.46,42.51,57.70,-2.07,-2.42,0.35,2651.21,2639.98,624,1275,28.6,57.1,18,1,CROSS=EMA9<EMA21;TREND=1;STRUCT=1;VOL=1;COOL=1;EMA50=1;VWAP=1;BIAS=1,0.00,0.00,25029.57,25029.57,days=1 trades=1 W=1 L=0 gross_profit=29.57 gross_loss=0.00 net=29.57 PF=0.00 pips=181.0
6,2025.01.07 08:30:00,2025.01.07 11:00:00,ENTRY,XAUUSD,M15,4,BUY,FULLTGT,DAY,0,2645.53,2641.51,2641.51,4.02,1.00,4.02,2649.55,2653.58,2657.60,2661.62,2665.64,0.31,0.31,0.31,2645.53,0.00,0.00,0.00,2638.36,2638.27,2639.00,2638.07,2638.12,-0.362,2.01,34.74,77.31,65.59,2.14,1.30,0.84,2639.34,2645.39,1864,1389,100.0,0.0,13,1,CROSS=EMA9>EMA21;TREND=1;STRUCT=1;VOL=1;COOL=1;EMA50=1;VWAP=1;BIAS=1,0.00,0.00,25028.48,25024.45,KZR=Asia L @ 2623.84 66 bars ago (low taken); DAY 12AM-4PM IST session: stop x1.00 of usual; no partials; full size to TP5; SL steps BE->TP1->TP2->TP3
7,2025.01.07 08:50:30,2025.01.07 11:20:30,EXIT_SL,XAUUSD,M15,4,BUY,FULLTGT,DAY,0,2645.53,2641.51,2641.51,4.02,1.00,4.02,2649.55,2653.58,2657.60,2661.62,2665.64,0.31,0.31,0.00,2641.50,0.00,-1.00,-127.11,2638.57,2638.37,2639.04,2638.36,2638.27,-0.312,2.15,34.11,65.68,44.69,2.10,1.43,0.67,2639.55,2643.56,1750,1357,71.4,28.6,13,1,CROSS=EMA9>EMA21;TREND=1;STRUCT=1;VOL=1;COOL=1;EMA50=1;VWAP=1;BIAS=1,0.10,-1.00,24902.46,24902.46,stopped at the initial SL (x1.00 of usual)
8,2025.01.08 01:00:00,2025.01.08 03:30:00,DAY_SUMMARY,XAUUSD,M15,4,FLAT,NA,DAY,0,0.00,0.00,0.00,0.00,1.00,0.00,0.00,0.00,0.00,0.00,0.00,0.00,0.00,0.00,0.00,0.00,-1.00,-127.11,2649.00,2646.29,2643.71,2649.02,2646.24,1.347,1.92,22.62,45.72,42.42,-0.47,-0.49,0.02,2648.11,2648.42,495,1879,42.9,28.6,12,1,CROSS=EMA9>EMA21;TREND=1;STRUCT=1;VOL=1;COOL=1;EMA50=1;VWAP=1;BIAS=1,0.00,0.00,24902.46,24902.46,2025.01.07 trades=1 W=0 L=1 gross_profit=0.00 gross_loss=127.11 net=-127.11 PF=0.00
9,2025.01.13 01:00:00,2025.01.13 03:30:00,WEEK_SUMMARY,XAUUSD,M15,4,FLAT,NA,DAY,0,0.00,0.00,0.00,0.00,1.00,0.00,0.00,0.00,0.00,0.00,0.00,0.00,0.00,0.00,0.00,0.00,-1.00,-127.11,2686.48,2681.40,2673.81,2686.38,2681.24,3.044,2.49,22.23,50.04,44.81,0.68,0.68,-0.00,2683.40,2688.96,798,2444,42.9,28.6,13,1,CROSS=EMA9>EMA21;TREND=1;STRUCT=1;VOL=1;COOL=1;EMA50=1;VWAP=1;BIAS=1,0.00,0.00,24902.46,24902.46,days=1 trades=1 W=0 L=1 gross_profit=0.00 gross_loss=127.11 net=-127.11 PF=0.00 pips=-403.0
10,2025.01.13 14:45:00,2025.01.13 17:15:00,ENTRY,XAUUSD,M15,6,SELL,FULLTGT,EVENING,0,2671.19,2679.30,2679.30,8.11,1.00,8.11,2663.08,2654.98,2646.87,2638.77,2630.66,0.15,0.15,0.15,2671.19,0.00,0.00,0.00,2683.13,2683.16,2678.40,2683.62,2683.40,1.173,4.05,49.72,28.06,35.36,-3.98,-2.67,-1.31,2684.16,2671.17,3964,2876,14.3,85.7,6,1,CROSS=EMA9<EMA21;TREND=1;STRUCT=1;VOL=1;COOL=1;EMA50=1;VWAP=1;BIAS=1,0.00,0.00,24901.93,24901.03,KZR=Asia H @ 2690.76 25 bars ago (high taken); EVENING 4PM-12AM IST session: stop x1.00 of usual; no partials; full size to TP5; SL steps BE->TP1->TP2->TP3
11,2025.01.13 17:57:25,2025.01.13 20:27:25,SL_MOVE,XAUUSD,M15,6,SELL,FULLTGT,EVENING,0,2671.19,2679.30,2671.19,8.11,1.00,8.11,2663.08,2654.98,2646.87,2638.77,2630.66,0.15,0.00,0.15,2671.19,1.00,0.00,0.00,2677.51,2680.02,2677.28,2677.96,2680.29,0.535,5.12,53.24,36.88,38.39,-3.93,-4.31,0.38,2679.79,2666.51,3727,3681,28.6,71.4,7,1,CROSS=EMA9<EMA21;TREND=1;STRUCT=1;VOL=1;COOL=1;EMA50=1;VWAP=1;BIAS=1,1.00,-0.40,24901.93,25023.73,stop to breakeven
12,2025.01.13 17:57:25,2025.01.13 20:27:25,TP1_REACHED,XAUUSD,M15,6,SELL,FULLTGT,EVENING,0,2671.19,2679.30,2671.19,8.11,1.00,8.11,2663.08,2654.98,2646.87,2638.77,2630.66,0.15,0.00,0.15,2663.08,1.00,1.00,0.00,2677.51,2680.02,2677.28,2677.96,2680.29,0.535,5.12,53.24,36.88,38.39,-3.93,-4.31,0.38,2679.79,2666.51,3727,3681,28.6,71.4,7,1,CROSS=EMA9<EMA21;TREND=1;STRUCT=1;VOL=1;COOL=1;EMA50=1;VWAP=1;BIAS=1,1.00,-0.40,24901.93,25023.73,full target: no partial booked
13,2025.01.14 02:44:37,2025.01.14 05:14:37,EXIT_BE,XAUUSD,M15,6,SELL,FULLTGT,DAY,0,2671.19,2679.30,2671.19,8.11,1.00,8.11,2663.08,2654.98,2646.87,2638.77,2630.66,0.15,0.15,0.00,2671.19,0.00,-0.00,5.62,2667.19,2672.01,2673.36,2667.17,2672.10,-0.723,1.86,60.55,59.91,68.40,0.67,-0.62,1.29,2666.94,2667.61,696,1006,71.4,14.3,9,1,CROSS=EMA9<EMA21;TREND=1;STRUCT=1;VOL=1;COOL=1;EMA50=1;VWAP=1;BIAS=1,1.78,-0.40,24908.08,24908.08,stopped at breakeven
14,2025.01.14 23:00:00,2025.01.15 01:30:00,ENTRY,XAUUSD,M15,8,BUY,FULLTGT,DAY,0,2676.58,2671.97,2671.97,4.61,1.00,4.61,2681.19,2685.80,2690.41,2695.03,2699.64,0.27,0.27,0.27,2676.58,0.00,0.00,0.00,2670.39,2670.36,2671.35,2670.14,2670.24,-0.431,2.31,30.59,63.13,65.83,1.67,1.30,0.37,2669.12,2676.46,1354,2061,85.7,0.0,12,1,CROSS=EMA9>EMA21;TREND=1;STRUCT=1;VOL=1;COOL=1;EMA50=1;VWAP=1;BIAS=1,0.00,0.00,24907.13,24903.89,KZR=Asia H @ 2690.76 154 bars ago (high taken); DAY 12AM-4PM IST session: stop x1.00 of usual; no partials; full size to TP5; SL steps BE->TP1->TP2->TP3
15,2025.01.15 01:00:00,2025.01.15 03:30:00,DAY_SUMMARY,XAUUSD,M15,8,BUY,FULLTGT,DAY,0,2676.58,2671.97,2671.97,4.61,1.00,4.61,2681.19,2685.80,2690.41,2695.03,2699.64,0.27,0.00,0.00,0.00,0.00,0.00,5.62,2671.32,2670.85,2671.56,2671.07,2670.71,-0.343,2.09,43.75,64.35,61.99,2.00,1.68,0.33,2669.19,2677.37,586,1508,85.7,0.0,11,1,CROSS=EMA9>EMA21;TREND=1;STRUCT=1;VOL=1;COOL=1;EMA50=1;VWAP=1;BIAS=1,0.35,-0.18,24907.13,24848.48,2025.01.14 trades=1 W=1 L=0 gross_profit=5.62 gross_loss=0.00 net=5.62 PF=0.00
16,2025.01.15 03:13:15,2025.01.15 05:43:15,EXIT_SL,XAUUSD,M15,8,BUY,FULLTGT,DAY,0,2676.58,2671.97,2671.97,4.61,1.00,4.61,2681.19,2685.80,2690.41,2695.03,2699.64,0.27,0.27,0.00,2671.95,0.00,-1.00,-143.98,2672.19,2671.40,2671.80,2672.17,2671.37,-0.236,1.69,33.36,46.73,35.94,0.76,1.50,-0.74,2674.83,2672.70,576,937,28.6,57.1,12,1,CROSS=EMA9>EMA21;TREND=1;STRUCT=1;VOL=1;COOL=1;EMA50=1;VWAP=1;BIAS=1,0.57,-0.99,24764.10,24764.10,stopped at the initial SL (x1.00 of usual)
17,2025.01.16 01:00:00,2025.01.16 03:30:00,DAY_SUMMARY,XAUUSD,M15,8,FLAT,NA,DAY,0,0.00,0.00,0.00,0.00,1.00,0.00,0.00,0.00,0.00,0.00,0.00,0.00,0.00,0.00,0.00,0.00,-1.00,-143.98,2689.21,2684.46,2679.88,2688.92,2684.22,2.381,1.93,34.27,62.99,58.35,2.38,2.58,-0.21,2684.40,2696.28,555,1508,71.4,14.3,51,1,CROSS=EMA9>EMA21;TREND=1;STRUCT=1;VOL=1;COOL=1;EMA50=1;VWAP=1;BIAS=1,0.00,0.00,24764.10,24764.10,2025.01.15 trades=1 W=0 L=1 gross_profit=0.00 gross_loss=143.98 net=-143.98 PF=0.00
18,2025.01.17 22:45:00,2025.01.18 01:15:00,ENTRY,XAUUSD,M15,10,SELL,FULLTGT,DAY,0,2703.69,2708.29,2708.29,4.60,1.00,4.60,2699.09,2694.48,2689.88,2685.28,2680.68,0.26,0.26,0.26,2703.69,0.00,0.00,0.00,2709.27,2709.27,2704.76,2709.49,2709.38,1.960,2.30,41.77,37.10,40.95,-2.04,-1.05,-0.99,2710.46,2703.70,1760,2196,0.0,85.7,13,1,CROSS=EMA9<EMA21;TREND=1;STRUCT=1;VOL=1;COOL=1;EMA50=1;VWAP=1;BIAS=1,0.00,0.00,24763.19,24759.81,KZR=London H @ 2713.03 22 bars ago (high taken); DAY 12AM-4PM IST session: stop x1.00 of usual; no partials; full size to TP5; SL steps BE->TP1->TP2->TP3
19,2025.01.17 23:42:00,2025.01.18 02:12:00,EXIT_WEEKEND,XAUUSD,M15,10,SELL,FULLTGT,DAY,0,2703.69,2708.29,2708.29,4.60,1.00,4.60,2699.09,2694.48,2689.88,2685.28,2680.68,0.26,0.26,0.00,2702.69,0.00,0.22,0.00,2708.36,2708.80,2704.66,2708.60,2708.93,1.673,2.48,42.83,38.24,46.04,-2.50,-1.80,-0.70,2710.27,2702.43,689,1979,0.0,85.7,41,1,CROSS=EMA9<EMA21;TREND=1;STRUCT=1;VOL=1;COOL=1;EMA50=1;VWAP=1;BIAS=1,0.95,-0.06,24788.28,24788.28,WEEKEND exit
20,2025.01.17 23:42:01,2025.01.18 02:12:01,EXIT_WEEKEND,XAUUSD,M15,10,SELL,FULLTGT,DAY,0,2703.69,2708.29,2708.29,4.60,1.00,4.60,2699.09,2694.48,2689.88,2685.28,2680.68,0.26,0.26,0.00,2702.69,0.00,0.22,24.18,2708.36,2708.80,2704.66,2708.60,2708.93,1.673,2.48,42.83,38.24,46.04,-2.50,-1.80,-0.70,2710.27,2702.43,689,1979,0.0,85.7,41,1,CROSS=EMA9<EMA21;TREND=1;STRUCT=1;VOL=1;COOL=1;EMA50=1;VWAP=1;BIAS=1,0.95,-0.06,24788.28,24788.28,flattened before the Friday close
21,2025.01.20 01:00:00,2025.01.20 03:30:00,DAY_SUMMARY,XAUUSD,M15,10,FLAT,NA,DAY,0,0.00,0.00,0.00,0.00,1.00,0.00,0.00,0.00,0.00,0.00,0.00,0.00,0.00,0.00,0.00,0.00,0.22,24.18,2707.92,2708.56,2704.62,2708.13,2708.68,1.800,2.19,37.68,40.01,49.73,-2.36,-2.14,-0.22,2710.23,2702.92,454,1759,0.0,85.7,50,1,CROSS=EMA9<EMA21;TREND=1;STRUCT=1;VOL=1;COOL=1;EMA50=1;VWAP=1;BIAS=1,0.00,0.00,24788.28,24788.28,2025.01.17 trades=1 W=1 L=0 gross_profit=24.18 gross_loss=0.00 net=24.18 PF=0.00
22,2025.01.20 01:00:00,2025.01.20 03:30:00,WEEK_SUMMARY,XAUUSD,M15,10,FLAT,NA,DAY,0,0.00,0.00,0.00,0.00,1.00,0.00,0.00,0.00,0.00,0.00,0.00,0.00,0.00,0.00,0.00,0.00,-0.79,-114.18,2707.92,2708.56,2704.62,2708.13,2708.68,1.800,2.19,37.68,40.01,49.73,-2.36,-2.14,-0.22,2710.23,2702.92,454,1759,0.0,85.7,50,1,CROSS=EMA9<EMA21;TREND=1;STRUCT=1;VOL=1;COOL=1;EMA50=1;VWAP=1;BIAS=1,0.00,0.00,24788.28,24788.28,days=3 trades=3 W=2 L=1 gross_profit=29.80 gross_loss=143.98 net=-114.18 PF=0.21 pips=-363.0
23,2025.01.20 14:30:00,2025.01.20 17:00:00,ENTRY,XAUUSD,M15,12,BUY,FULLTGT,EVENING,0,2707.44,2701.19,2701.19,6.25,1.00,6.25,2713.69,2719.93,2726.18,2732.42,2738.67,0.19,0.19,0.19,2707.44,0.00,0.00,0.00,2705.90,2705.88,2704.28,2705.84,2705.85,0.510,3.12,21.41,51.25,46.80,1.05,1.18,-0.13,2703.01,2707.33,2525,2068,42.9,42.9,5,1,CROSS=EMA9>EMA21;TREND=1;STRUCT=1;VOL=1;COOL=1;EMA50=1;VWAP=1;BIAS=1,0.00,0.00,24787.61,24786.66,KZR=London H @ 2713.03 277 bars ago (high taken); EVENING 4PM-12AM IST session: stop x1.00 of usual; no partials; full size to TP5; SL steps BE->TP1->TP2->TP3
24,2025.01.21 03:41:04,2025.01.21 06:11:04,SL_MOVE,XAUUSD,M15,12,BUY,FULLTGT,DAY,0,2707.44,2701.19,2707.44,6.25,1.00,6.25,2713.69,2719.93,2726.18,2732.42,2738.67,0.19,0.00,0.19,2707.44,1.00,0.00,0.00,2708.11,2707.33,2705.63,2707.94,2707.22,0.481,3.53,20.89,58.88,60.47,0.64,0.38,0.26,2709.05,2712.49,4674,1776,85.7,0.0,7,1,CROSS=EMA9>EMA21;TREND=1;STRUCT=1;VOL=1;COOL=1;EMA50=1;VWAP=1;BIAS=1,1.00,-0.94,24787.61,24894.35,stop to breakeven
25,2025.01.21 03:41:04,2025.01.21 06:11:04,TP1_REACHED,XAUUSD,M15,12,BUY,FULLTGT,DAY,0,2707.44,2701.19,2707.44,6.25,1.00,6.25,2713.69,2719.93,2726.18,2732.42,2738.67,0.19,0.00,0.19,2713.69,1.00,1.00,0.00,2708.11,2707.33,2705.63,2707.94,2707.22,0.481,3.53,20.89,58.88,60.47,0.64,0.38,0.26,2709.05,2712.49,4674,1776,85.7,0.0,7,1,CROSS=EMA9>EMA21;TREND=1;STRUCT=1;VOL=1;COOL=1;EMA50=1;VWAP=1;BIAS=1,1.00,-0.94,24787.61,24894.35,full target: no partial booked
26,2025.01.21 04:04:41,2025.01.21 06:34:41,SL_MOVE,XAUUSD,M15,12,BUY,FULLTGT,DAY,0,2707.44,2701.19,2713.69,6.25,1.00,6.25,2713.69,2719.93,2726.18,2732.42,2738.67,0.19,0.00,0.19,2713.69,2.00,0.00,0.00,2708.81,2707.71,2705.86,2708.43,2707.50,0.473,3.92,22.58,67.72,69.84,1.64,0.66,0.97,2710.62,2717.97,3008,1921,85.7,0.0,7,1,CROSS=EMA9>EMA21;TREND=1;STRUCT=1;VOL=1;COOL=1;EMA50=1;VWAP=1;BIAS=1,1.99,-0.94,24787.61,25013.67,stop trailed to TP1
27,2025.01.21 04:04:41,2025.01.21 06:34:41,TP2_REACHED,XAUUSD,M15,12,BUY,FULLTGT,DAY,0,2707.44,2701.19,2713.69,6.25,1.00,6.25,2713.69,2719.93,2726.18,2732.42,2738.67,0.19,0.00,0.19,2719.93,2.00,2.00,0.00,2708.81,2707.71,2705.86,2708.43,2707.50,0.473,3.92,22.58,67.72,69.84,1.64,0.66,0.97,2710.62,2717.97,3008,1921,85.7,0.0,7,1,CROSS=EMA9>EMA21;TREND=1;STRUCT=1;VOL=1;COOL=1;EMA50=1;VWAP=1;BIAS=1,1.99,-0.94,24787.61,25013.67,full target: no partial booked
28,2025.01.21 05:00:40,2025.01.21 07:30:40,SL_MOVE,XAUUSD,M15,12,BUY,FULLTGT,DAY,0,2707.44,2701.19,2719.93,6.25,1.00,6.25,2713.69,2719.93,2726.18,2732.42,2738.67,0.19,0.00,0.19,2719.93,3.00,0.00,0.00,2710.94,2708.90,2706.53,2710.37,2708.58,0.584,4.05,36.98,74.65,72.73,3.87,1.81,2.06,2714.27,2724.86,2580,2305,85.7,14.3,2,1,CROSS=EMA9>EMA21;TREND=1;STRUCT=1;VOL=1;COOL=1;EMA50=1;VWAP=1;BIAS=1,3.00,-0.94,24787.61,25131.66,stop trailed to TP2
29,2025.01.21 05:00:40,2025.01.21 07:30:40,TP3_REACHED,XAUUSD,M15,12,BUY,FULLTGT,DAY,0,2707.44,2701.19,2719.93,6.25,1.00,6.25,2713.69,2719.93,2726.18,2732.42,2738.67,0.19,0.00,0.19,2726.18,3.00,3.00,0.00,2710.94,2708.90,2706.53,2710.37,2708.58,0.584,4.05,36.98,74.65,72.73,3.87,1.81,2.06,2714.27,2724.86,2580,2305,85.7,14.3,2,1,CROSS=EMA9>EMA21;TREND=1;STRUCT=1;VOL=1;COOL=1;EMA50=1;VWAP=1;BIAS=1,3.00,-0.94,24787.61,25131.66,full target: no partial booked
30,2025.01.21 09:41:27,2025.01.21 12:11:27,SL_MOVE,XAUUSD,M15,12,BUY,FULLTGT,DAY,0,2707.44,2701.19,2726.18,6.25,1.00,6.25,2713.69,2719.93,2726.18,2732.42,2738.67,0.19,0.00,0.19,2726.18,4.00,0.00,0.00,2718.62,2714.02,2709.71,2718.23,2713.73,1.583,2.72,20.27,66.25,67.43,2.86,3.57,-0.70,2719.87,2728.14,2568,2329,71.4,14.3,11,1,CROSS=EMA9>EMA21;TREND=1;STRUCT=1;VOL=1;COOL=1;EMA50=1;VWAP=1;BIAS=1,4.00,-0.94,24787.61,25250.41,stop trailed to TP3
31,2025.01.21 09:41:27,2025.01.21 12:11:27,TP4_REACHED,XAUUSD,M15,12,BUY,FULLTGT,DAY,0,2707.44,2701.19,2726.18,6.25,1.00,6.25,2713.69,2719.93,2726.18,2732.42,2738.67,0.19,0.00,0.19,2732.42,4.00,4.00,0.00,2718.62,2714.02,2709.71,2718.23,2713.73,1.583,2.72,20.27,66.25,67.43,2.86,3.57,-0.70,2719.87,2728.14,2568,2329,71.4,14.3,11,1,CROSS=EMA9>EMA21;TREND=1;STRUCT=1;VOL=1;COOL=1;EMA50=1;VWAP=1;BIAS=1,4.00,-0.94,24787.61,25250.41,full target: no partial booked
32,2025.01.21 10:09:41,2025.01.21 12:39:41,EXIT_TRAIL_SL,XAUUSD,M15,12,BUY,FULLTGT,DAY,0,2707.44,2701.19,2726.18,6.25,1.00,6.25,2713.69,2719.93,2726.18,2732.42,2738.67,0.19,0.19,0.00,2726.18,0.00,3.00,342.71,2719.54,2714.67,2710.12,2719.12,2714.36,1.570,2.90,23.13,66.09,48.02,3.13,3.31,-0.18,2720.46,2729.84,2206,2246,42.9,28.6,11,1,CROSS=EMA9>EMA21;TREND=1;STRUCT=1;VOL=1;COOL=1;EMA50=1;VWAP=1;BIAS=1,4.08,-0.94,25130.99,25130.99,stopped at a trailed level
33,2025.01.22 01:00:00,2025.01.22 03:30:00,DAY_SUMMARY,XAUUSD,M15,12,FLAT,NA,DAY,0,0.00,0.00,0.00,0.00,1.00,0.00,0.00,0.00,0.00,0.00,0.00,0.00,0.00,0.00,0.00,0.00,3.00,342.71,2736.32,2729.09,2720.69,2735.98,2728.77,5.159,1.63,25.15,65.06,63.98,2.08,2.49,-0.41,2727.51,2744.69,446,1442,71.4,14.3,8,1,CROSS=EMA9>EMA21;TREND=1;STRUCT=1;VOL=1;COOL=1;EMA50=1;VWAP=1;BIAS=1,0.00,0.00,25130.99,25130.99,2025.01.21 trades=1 W=1 L=0 gross_profit=342.71 gross_loss=0.00 net=342.71 PF=0.00
34,2025.01.23 15:00:00,2025.01.23 17:30:00,ENTRY,XAUUSD,M15,14,SELL,FULLTGT,EVENING,0,2744.83,2751.79,2751.79,6.96,1.00,6.96,2737.87,2730.91,2723.95,2716.99,2710.03,0.18,0.18,0.18,2744.83,0.00,0.00,0.00,2751.13,2751.16,2745.53,2751.38,2751.29,1.617,3.48,27.21,37.91,35.42,-1.42,-0.81,-0.61,2751.26,2744.83,2632,2151,14.3,85.7,10,1,CROSS=EMA9<EMA21;TREND=1;STRUCT=1;VOL=1;COOL=1;EMA50=1;VWAP=1;BIAS=1,0.00,0.00,25130.36,25128.56,KZR=Asia H @ 2758.66 110 bars ago (high taken); EVENING 4PM-12AM IST session: stop x1.00 of usual; no partials; full size to TP5; SL steps BE->TP1->TP2->TP3
35,2025.01.23 15:26:35,2025.01.23 17:56:35,SL_MOVE,XAUUSD,M15,14,SELL,FULLTGT,EVENING,0,2744.83,2751.79,2744.83,6.96,1.00,6.96,2737.87,2730.91,2723.95,2716.99,2710.03,0.18,0.00,0.18,2744.83,1.00,0.00,0.00,2750.72,2750.95,2745.49,2751.13,2751.16,1.527,3.58,28.12,31.71,30.23,-1.92,-0.87,-1.04,2750.98,2740.78,3241,2207,0.0,100.0,9,1,CROSS=EMA9<EMA21;TREND=1;STRUCT=1;VOL=1;COOL=1;EMA50=1;VWAP=1;BIAS=1,1.00,-0.20,25130.36,25255.64,stop to breakeven
36,2025.01.23 15:26:35,2025.01.23 17:56:35,TP1_REACHED,XAUUSD,M15,14,SELL,FULLTGT,EVENING,0,2744.83,2751.79,2744.83,6.96,1.00,6.96,2737.87,2730.91,2723.95,2716.99,2710.03,0.18,0.00,0.18,2737.87,1.00,1.00,0.00,2750.72,2750.95,2745.49,2751.13,2751.16,1.527,3.58,28.12,31.71,30.23,-1.92,-0.87,-1.04,2750.98,2740.78,3241,2207,0.0,100.0,9,1,CROSS=EMA9<EMA21;TREND=1;STRUCT=1;VOL=1;COOL=1;EMA50=1;VWAP=1;BIAS=1,1.00,-0.20,25130.36,25255.64,full target: no partial booked
37,2025.01.23 16:17:40,2025.01.23 18:47:40,EXIT_BE,XAUUSD,M15,14,SELL,FULLTGT,EVENING,0,2744.83,2751.79,2744.83,6.96,1.00,6.96,2737.87,2730.91,2723.95,2716.99,2710.03,0.18,0.18,0.00,2744.86,0.00,-0.00,-1.80,2749.22,2750.16,2745.29,2749.54,2750.33,1.118,4.35,32.42,38.41,45.67,-2.84,-1.80,-1.04,2749.89,2741.56,2817,2429,0.0,100.0,7,1,CROSS=EMA9<EMA21;TREND=1;STRUCT=1;VOL=1;COOL=1;EMA50=1;VWAP=1;BIAS=1,1.27,-0.20,25129.19,25129.19,stopped at breakeven
38,2025.01.23 20:45:00,2025.01.23 23:15:00,ENTRY,XAUUSD,M15,16,BUY,FULLTGT,EVENING,0,2756.00,2749.20,2749.20,6.80,1.00,6.80,2762.80,2769.59,2776.39,2783.18,2789.98,0.18,0.18,0.18,2756.00,0.00,0.00,0.00,2750.67,2750.57,2746.28,2750.46,2750.46,1.264,3.40,35.96,59.47,54.38,2.70,1.85,0.85,2749.89,2755.93,1808,2398,85.7,0.0,7,1,CROSS=EMA9>EMA21;TREND=1;STRUCT=1;VOL=1;COOL=1;EMA50=1;VWAP=1;BIAS=1,0.00,0.00,25128.56,25127.30,KZR=Asia H @ 2758.66 133 bars ago (high taken); EVENING 4PM-12AM IST session: stop x1.00 of usual; no partials; full size to TP5; SL steps BE->TP1->TP2->TP3
39,2025.01.24 01:00:00,2025.01.24 03:30:00,DAY_SUMMARY,XAUUSD,M15,16,BUY,FULLTGT,DAY,0,2756.00,2749.20,2749.20,6.80,1.00,6.80,2762.80,2769.59,2776.39,2783.18,2789.98,0.18,0.00,0.00,0.00,0.00,-0.00,-1.80,2752.10,2751.42,2747.26,2752.00,2751.36,2.079,2.00,24.50,54.50,54.73,0.83,1.34,-0.52,2750.31,2754.52,296,1481,57.1,14.3,11,1,CROSS=EMA9>EMA21;TREND=1;STRUCT=1;VOL=1;COOL=1;EMA50=1;VWAP=1;BIAS=1,0.32,-0.67,25128.56,25084.78,2025.01.23 trades=1 W=0 L=1 gross_profit=0.00 gross_loss=1.80 net=-1.80 PF=0.00
40,2025.01.24 04:00:03,2025.01.24 06:30:03,SL_MOVE,XAUUSD,M15,16,BUY,FULLTGT,DAY,0,2756.00,2749.20,2756.00,6.80,1.00,6.80,2762.80,2769.59,2776.39,2783.18,2789.98,0.18,0.00,0.18,2756.00,1.00,0.00,0.00,2754.44,2752.83,2748.47,2754.12,2752.64,2.172,2.01,54.97,65.47,65.37,2.13,1.49,0.63,2759.20,2762.33,1797,1099,100.0,0.0,13,1,CROSS=EMA9>EMA21;TREND=1;STRUCT=1;VOL=1;COOL=1;EMA50=1;VWAP=1;BIAS=1,1.00,-0.67,25128.56,25239.94,stop to breakeven
41,2025.01.24 04:00:03,2025.01.24 06:30:03,TP1_REACHED,XAUUSD,M15,16,BUY,FULLTGT,DAY,0,2756.00,2749.20,2756.00,6.80,1.00,6.80,2762.80,2769.59,2776.39,2783.18,2789.98,0.18,0.00,0.18,2762.80,1.00,1.00,0.00,2754.44,2752.83,2748.47,2754.12,2752.64,2.172,2.01,54.97,65.47,65.37,2.13,1.49,0.63,2759.20,2762.33,1797,1099,100.0,0.0,13,1,CROSS=EMA9>EMA21;TREND=1;STRUCT=1;VOL=1;COOL=1;EMA50=1;VWAP=1;BIAS=1,1.00,-0.67,25128.56,25239.94,full target: no partial booked
42,2025.01.24 04:15:31,2025.01.24 06:45:31,SL_MOVE,XAUUSD,M15,16,BUY,FULLTGT,DAY,0,2756.00,2749.20,2762.80,6.80,1.00,6.80,2762.80,2769.59,2776.39,2783.18,2789.98,0.18,0.00,0.18,2762.80,2.00,0.00,0.00,2755.01,2753.15,2748.67,2754.44,2752.83,1.844,2.43,57.34,74.14,79.02,2.80,1.72,1.08,2760.52,2768.90,2594,1141,100.0,0.0,12,1,CROSS=EMA9>EMA21;TREND=1;STRUCT=1;VOL=1;COOL=1;EMA50=1;VWAP=1;BIAS=1,2.00,-0.67,25128.56,25362.16,stop trailed to TP1
43,2025.01.24 04:15:31,2025.01.24 06:45:31,TP2_REACHED,XAUUSD,M15,16,BUY,FULLTGT,DAY,0,2756.00,2749.20,2762.80,6.80,1.00,6.80,2762.80,2769.59,2776.39,2783.18,2789.98,0.18,0.00,0.18,2769.59,2.00,2.00,0.00,2755.01,2753.15,2748.67,2754.44,2752.83,1.844,2.43,57.34,74.14,79.02,2.80,1.72,1.08,2760.52,2768.90,2594,1141,100.0,0.0,12,1,CROSS=EMA9>EMA21;TREND=1;STRUCT=1;VOL=1;COOL=1;EMA50=1;VWAP=1;BIAS=1,2.00,-0.67,25128.56,25362.16,full target: no partial booked
44,2025.01.24 05:03:29,2025.01.24 07:33:29,SL_MOVE,XAUUSD,M15,16,BUY,FULLTGT,DAY,0,2756.00,2749.20,2769.59,6.80,1.00,6.80,2762.80,2769.59,2776.39,2783.18,2789.98,0.18,0.00,0.18,2769.59,3.00,0.00,0.00,2756.93,2754.25,2749.36,2756.22,2753.84,1.595,3.07,65.46,78.70,77.15,4.54,2.66,1.87,2764.06,2774.35,2119,1209,100.0,0.0,10,1,CROSS=EMA9>EMA21;TREND=1;STRUCT=1;VOL=1;COOL=1;EMA50=1;VWAP=1;BIAS=1,3.00,-0.67,25128.56,25484.20,stop trailed to TP2
45,2025.01.24 05:03:29,2025.01.24 07:33:29,TP3_REACHED,XAUUSD,M15,16,BUY,FULLTGT,DAY,0,2756.00,2749.20,2769.59,6.80,1.00,6.80,2762.80,2769.59,2776.39,2783.18,2789.98,0.18,0.00,0.18,2776.39,3.00,3.00,0.00,2756.93,2754.25,2749.36,2756.22,2753.84,1.595,3.07,65.46,78.70,77.15,4.54,2.66,1.87,2764.06,2774.35,2119,1209,100.0,0.0,10,1,CROSS=EMA9>EMA21;TREND=1;STRUCT=1;VOL=1;COOL=1;EMA50=1;VWAP=1;BIAS=1,3.00,-0.67,25128.56,25484.20,full target: no partial booked
46,2025.01.24 15:21:42,2025.01.24 17:51:42,SL_MOVE,XAUUSD,M15,16,BUY,FULLTGT,EVENING,0,2756.00,2749.20,2776.39,6.80,1.00,6.80,2762.80,2769.59,2776.39,2783.18,2789.98,0.18,0.00,0.18,2776.39,4.00,0.00,0.00,2771.82,2765.87,2757.93,2771.40,2765.55,3.037,2.61,45.81,71.94,70.65,2.09,1.57,0.52,2772.13,2782.07,2668,1613,100.0,0.0,5,1,CROSS=EMA9>EMA21;TREND=1;STRUCT=1;VOL=1;COOL=1;EMA50=1;VWAP=1;BIAS=1,4.00,-0.67,25128.56,25606.60,stop trailed to TP3
47,2025.01.24 15:21:42,2025.01.24 17:51:42,TP4_REACHED,XAUUSD,M15,16,BUY,FULLTGT,EVENING,0,2756.00,2749.20,2776.39,6.80,1.00,6.80,2762.80,2769.59,2776.39,2783.18,2789.98,0.18,0.00,0.18,2783.18,4.00,4.00,0.00,2771.82,2765.87,2757.93,2771.40,2765.55,3.037,2.61,45.81,71.94,70.65,2.09,1.57,0.52,2772.13,2782.07,2668,1613,100.0,0.0,5,1,CROSS=EMA9>EMA21;TREND=1;STRUCT=1;VOL=1;COOL=1;EMA50=1;VWAP=1;BIAS=1,4.00,-0.67,25128.56,25606.60,full target: no partial booked
48,2025.01.24 16:22:38,2025.01.24 18:52:38,EXIT_TRAIL_SL,XAUUSD,M15,16,BUY,FULLTGT,EVENING,0,2756.00,2749.20,2776.39,6.80,1.00,6.80,2762.80,2769.59,2776.39,2783.18,2789.98,0.18,0.18,0.00,2776.38,0.00,3.00,354.20,2773.30,2767.11,2758.87,2773.07,2766.87,2.789,2.95,55.33,55.52,47.44,2.42,2.09,0.34,2773.16,2778.97,2595,1821,71.4,28.6,6,1,CROSS=EMA9>EMA21;TREND=1;STRUCT=1;VOL=1;COOL=1;EMA50=1;VWAP=1;BIAS=1,4.22,-0.67,25483.39,25483.39,stopped at a trailed level
49,2025.01.27 01:00:00,2025.01.27 03:30:00,DAY_SUMMARY,XAUUSD,M15,16,FLAT,NA,DAY,0,0.00,0.00,0.00,0.00,1.00,0.00,0.00,0.00,0.00,0.00,0.00,0.00,0.00,0.00,0.00,0.00,3.00,354.20,2773.74,2770.43,2763.04,2773.83,2770.41,4.790,1.54,33.16,41.63,43.41,-1.20,-1.02,-0.18,2774.13,2771.48,451,1108,14.3,71.4,13,1,CROSS=EMA9>EMA21;TREND=1;STRUCT=1;VOL=1;COOL=1;EMA50=1;VWAP=1;BIAS=1,0.00,0.00,25483.39,25483.39,2025.01.24 trades=1 W=1 L=0 gross_profit=354.20 gross_loss=0.00 net=354.20 PF=0.00
50,2025.01.27 01:00:00,2025.01.27 03:30:00,WEEK_SUMMARY,XAUUSD,M15,16,FLAT,NA,DAY,0,0.00,0.00,0.00,0.00,1.00,0.00,0.00,0.00,0.00,0.00,0.00,0.00,0.00,0.00,0.00,0.00,6.00,695.11,2773.74,2770.43,2763.04,2773.83,2770.41,4.790,1.54,33.16,41.63,43.41,-1.20,-1.02,-0.18,2774.13,2771.48,451,1108,14.3,71.4,13,1,CROSS=EMA9>EMA21;TREND=1;STRUCT=1;VOL=1;COOL=1;EMA50=1;VWAP=1;BIAS=1,0.00,0.00,25483.39,25483.39,days=3 trades=3 W=2 L=1 gross_profit=696.91 gross_loss=1.80 net=695.11 PF=387.17 pips=3909.0
51,2025.01.27 05:45:00,2025.01.27 08:15:00,ENTRY,XAUUSD,M15,18,SELL,FULLTGT,DAY,0,2761.26,2768.31,2768.31,7.05,1.00,7.05,2754.21,2747.17,2740.12,2733.07,2726.02,0.18,0.18,0.18,2761.26,0.00,0.00,0.00,2768.28,2768.36,2763.22,2768.57,2768.51,1.459,3.52,33.78,38.93,51.95,-3.48,-3.18,-0.30,2763.51,2761.25,1324,1546,14.3,71.4,7,1,CROSS=EMA9<EMA21;TREND=1;STRUCT=1;VOL=1;COOL=1;EMA50=1;VWAP=1;BIAS=1,0.00,0.00,25482.76,25481.50,KZR=London H @ 2777.90 256 bars ago (high taken); DAY 12AM-4PM IST session: stop x1.00 of usual; no partials; full size to TP5; SL steps BE->TP1->TP2->TP3
52,2025.01.27 07:42:28,2025.01.27 10:12:28,SL_MOVE,XAUUSD,M15,18,SELL,FULLTGT,DAY,0,2761.26,2768.31,2761.26,7.05,1.00,7.05,2754.21,2747.17,2740.12,2733.07,2726.02,0.18,0.00,0.18,2761.26,1.00,0.00,0.00,2765.70,2766.98,2762.86,2766.11,2767.21,1.330,3.10,36.50,31.95,34.76,-3.40,-3.35,-0.05,2762.27,2755.42,1551,1678,0.0,85.7,11,1,CROSS=EMA9<EMA21;TREND=1;STRUCT=1;VOL=1;COOL=1;EMA50=1;VWAP=1;BIAS=1,1.00,-0.10,25482.76,25610.02,stop to breakeven
53,2025.01.27 07:42:28,2025.01.27 10:12:28,TP1_REACHED,XAUUSD,M15,18,SELL,FULLTGT,DAY,0,2761.26,2768.31,2761.26,7.05,1.00,7.05,2754.21,2747.17,2740.12,2733.07,2726.02,0.18,0.00,0.18,2754.21,1.00,1.00,0.00,2765.70,2766.98,2762.86,2766.11,2767.21,1.330,3.10,36.50,31.95,34.76,-3.40,-3.35,-0.05,2762.27,2755.42,1551,1678,0.0,85.7,11,1,CROSS=EMA9<EMA21;TREND=1;STRUCT=1;VOL=1;COOL=1;EMA50=1;VWAP=1;BIAS=1,1.00,-0.10,25482.76,25610.02,full target: no partial booked
54,2025.01.27 11:05:00,2025.01.27 13:35:00,EXIT_BE,XAUUSD,M15,18,SELL,FULLTGT,DAY,0,2761.26,2768.31,2761.26,7.05,1.00,7.05,2754.21,2747.17,2740.12,2733.07,2726.02,0.18,0.18,0.00,2761.38,0.00,-0.02,-3.42,2760.53,2763.70,2761.63,2760.66,2763.83,0.605,3.41,33.23,50.82,67.60,-1.81,-3.13,1.31,2758.55,2757.23,1901,1852,42.9,57.1,10,1,CROSS=EMA9<EMA21;TREND=1;STRUCT=1;VOL=1;COOL=1;EMA50=1;VWAP=1;BIAS=1,1.97,-0.10,25479.97,25479.97,stopped at breakeven
55,2025.01.28 01:00:00,2025.01.28 03:30:00,DAY_SUMMARY,XAUUSD,M15,18,FLAT,NA,DAY,0,0.00,0.00,0.00,0.00,1.00,0.00,0.00,0.00,0.00,0.00,0.00,0.00,0.00,0.00,0.00,0.00,-0.02,-3.42,2746.25,2752.66,2756.14,2746.48,2752.90,-1.741,2.00,33.97,46.32,47.19,-1.16,-2.38,1.22,2754.28,2740.70,237,1263,14.3,71.4,11,1,CROSS=EMA9<EMA21;TREND=1;STRUCT=1;VOL=1;COOL=1;EMA50=1;VWAP=1;BIAS=1,0.00,0.00,25479.97,25479.97,2025.01.27 trades=1 W=0 L=1 gross_profit=0.00 gross_loss=3.42 net=-3.42 PF=0.00
56,2025.01.28 18:45:00,2025.01.28 21:15:00,ENTRY,XAUUSD,M15,20,BUY,FULLTGT,EVENING,0,2757.33,2751.67,2751.67,5.66,1.00,5.66,2762.99,2768.65,2774.31,2779.96,2785.62,0.22,0.22,0.22,2757.33,0.00,0.00,0.00,2747.68,2747.54,2750.48,2747.29,2747.35,-1.038,2.83,55.67,75.60,62.12,3.74,3.34,0.39,2745.54,2757.28,2195,2003,85.7,14.3,5,1,CROSS=EMA9>EMA21;TREND=1;STRUCT=1;VOL=1;COOL=1;EMA50=1;VWAP=1;BIAS=1,0.00,0.00,25479.20,25478.10,KZR=Asia L @ 2737.89 33 bars ago (low taken); EVENING 4PM-12AM IST session: stop x1.00 of usual; no partials; full size to TP5; SL steps BE->TP1->TP2->TP3
57,2025.01.28 20:43:35,2025.01.28 23:13:35,SL_MOVE,XAUUSD,M15,20,BUY,FULLTGT,EVENING,0,2757.33,2751.67,2757.33,5.66,1.00,5.66,2762.99,2768.65,2774.31,2779.96,2785.62,0.22,0.00,0.22,2757.33,1.00,0.00,0.00,2750.51,2749.07,2751.07,2750.13,2748.85,-0.892,2.24,55.17,74.96,73.78,3.60,3.72,-0.12,2746.93,2759.84,1398,2063,71.4,14.3,7,1,CROSS=EMA9>EMA21;TREND=1;STRUCT=1;VOL=1;COOL=1;EMA50=1;VWAP=1;BIAS=1,1.00,-0.01,25479.20,25604.16,stop to breakeven
58,2025.01.28 20:43:35,2025.01.28 23:13:35,TP1_REACHED,XAUUSD,M15,20,BUY,FULLTGT,EVENING,0,2757.33,2751.67,2757.33,5.66,1.00,5.66,2762.99,2768.65,2774.31,2779.96,2785.62,0.22,0.00,0.22,2762.99,1.00,1.00,0.00,2750.51,2749.07,2751.07,2750.13,2748.85,-0.892,2.24,55.17,74.96,73.78,3.60,3.72,-0.12,2746.93,2759.84,1398,2063,71.4,14.3,7,1,CROSS=EMA9>EMA21;TREND=1;STRUCT=1;VOL=1;COOL=1;EMA50=1;VWAP=1;BIAS=1,1.00,-0.01,25479.20,25604.16,full target: no partial booked
59,2025.01.29 12:45:39,2025.01.29 15:15:39,EXIT_BE,XAUUSD,M15,20,BUY,FULLTGT,DAY,0,2757.33,2751.67,2757.33,5.66,1.00,5.66,2762.99,2768.65,2774.31,2779.96,2785.62,0.22,0.22,0.00,2757.32,0.00,-0.00,-15.67,2761.08,2758.47,2756.33,2761.18,2758.46,0.858,2.49,24.31,40.05,34.71,-0.29,0.01,-0.30,2762.33,2758.61,2174,1547,14.3,71.4,9,1,CROSS=EMA9>EMA21;TREND=1;STRUCT=1;VOL=1;COOL=1;EMA50=1;VWAP=1;BIAS=1,1.57,-0.01,25464.30,25464.30,stopped at breakeven
60,2025.01.29 19:45:00,2025.01.29 22:15:00,ENTRY,XAUUSD,M15,22,SELL,FULLTGT,EVENING,0,2753.33,2760.90,2760.90,7.57,1.00,7.57,2745.76,2738.19,2730.62,2723.06,2715.49,0.16,0.16,0.16,2753.33,0.00,0.00,0.00,2757.25,2757.29,2756.22,2757.41,2757.37,0.283,3.78,14.68,42.63,50.89,-1.81,-1.71,-0.11,2758.99,2753.33,1033,2433,14.3,57.1,8,1,CROSS=EMA9<EMA21;TREND=1;STRUCT=1;VOL=1;COOL=1;EMA50=1;VWAP=1;BIAS=1,0.00,0.00,25463.74,25462.46,KZR=Asia L @ 2737.89 133 bars ago (low taken); EVENING 4PM-12AM IST session: stop x1.00 of usual; no partials; full size to TP5; SL steps BE->TP1->TP2->TP3
61,2025.01.29 21:05:41,2025.01.29 23:35:41,SL_MOVE,XAUUSD,M15,22,SELL,FULLTGT,EVENING,0,2753.33,2760.90,2753.33,7.57,1.00,7.57,2745.76,2738.19,2730.62,2723.06,2715.49,0.16,0.00,0.16,2753.33,1.00,0.00,0.00,2756.36,2756.83,2756.04,2756.59,2756.95,0.266,2.98,15.79,38.26,33.14,-1.62,-1.75,0.13,2758.60,2750.84,1155,2136,14.3,57.1,13,1,CROSS=EMA9<EMA21;TREND=1;STRUCT=1;VOL=1;COOL=1;EMA50=1;VWAP=1;BIAS=1,1.00,-0.15,25463.74,25584.86,stop to breakeven
62,2025.01.29 21:05:41,2025.01.29 23:35:41,TP1_REACHED,XAUUSD,M15,22,SELL,FULLTGT,EVENING,0,2753.33,2760.90,2753.33,7.57,1.00,7.57,2745.76,2738.19,2730.62,2723.06,2715.49,0.16,0.00,0.16,2745.76,1.00,1.00,0.00,2756.36,2756.83,2756.04,2756.59,2756.95,0.266,2.98,15.79,38.26,33.14,-1.62,-1.75,0.13,2758.60,2750.84,1155,2136,14.3,57.1,13,1,CROSS=EMA9<EMA21;TREND=1;STRUCT=1;VOL=1;COOL=1;EMA50=1;VWAP=1;BIAS=1,1.00,-0.15,25463.74,25584.86,full target: no partial booked
63,2025.01.29 21:38:41,2025.01.30 00:08:41,EXIT_BE,XAUUSD,M15,22,SELL,FULLTGT,DAY,0,2753.33,2760.90,2753.33,7.57,1.00,7.57,2745.76,2738.19,2730.62,2723.06,2715.49,0.16,0.16,0.00,2753.35,0.00,-0.00,-1.44,2755.63,2756.44,2755.85,2756.03,2756.65,0.180,3.23,23.41,28.94,50.89,-2.27,-1.80,-0.47,2758.12,2745.78,2485,2180,14.3,71.4,14,1,CROSS=EMA9<EMA21;TREND=1;STRUCT=1;VOL=1;COOL=1;EMA50=1;VWAP=1;BIAS=1,1.12,-0.15,25462.86,25462.86,stopped at breakeven
64,2025.01.30 01:00:00,2025.01.30 03:30:00,DAY_SUMMARY,XAUUSD,M15,22,FLAT,NA,DAY,0,0.00,0.00,0.00,0.00,1.00,0.00,0.00,0.00,0.00,0.00,0.00,0.00,0.00,0.00,0.00,0.00,-0.00,-17.11,2755.84,2756.40,2755.89,2755.69,2756.33,0.125,4.09,20.25,61.76,68.35,0.62,-0.33,0.95,2757.76,2759.68,762,1715,57.1,14.3,13,1,CROSS=EMA9<EMA21;TREND=1;STRUCT=1;VOL=1;COOL=1;EMA50=1;VWAP=1;BIAS=1,0.00,0.00,25462.86,25462.86,2025.01.29 trades=2 W=0 L=2 gross_profit=0.00 gross_loss=17.11 net=-17.11 PF=0.00
65,2025.01.30 02:45:00,2025.01.30 05:15:00,ENTRY,XAUUSD,M15,24,BUY,FULLTGT,DAY,0,2762.35,2758.48,2758.48,3.87,1.00,3.87,2766.22,2770.09,2773.96,2777.82,2781.69,0.32,0.32,0.32,2762.35,0.00,0.00,0.00,2756.98,2756.93,2756.19,2756.77,2756.82,0.379,1.93,32.42,66.02,72.51,1.78,1.18,0.61,2760.19,2762.23,410,1394,85.7,0.0,12,1,CROSS=EMA9>EMA21;TREND=1;STRUCT=1;VOL=1;COOL=1;EMA50=1;VWAP=1;BIAS=1,0.00,0.00,25461.74,25457.90,KZR=Asia L @ 2737.89 161 bars ago (low taken); DAY 12AM-4PM IST session: stop x1.00 of usual; no partials; full size to TP5; SL steps BE->TP1->TP2->TP3
66,2025.01.30 08:58:37,2025.01.30 11:28:37,SL_MOVE,XAUUSD,M15,24,BUY,FULLTGT,DAY,0,2762.35,2758.48,2762.35,3.87,1.00,3.87,2766.22,2770.09,2773.96,2777.82,2781.69,0.32,0.00,0.32,2762.35,1.00,0.00,0.00,2759.39,2758.43,2757.19,2759.30,2758.37,0.797,1.56,18.60,57.37,65.61,0.59,0.74,-0.14,2760.76,2761.67,1149,891,71.4,14.3,13,1,CROSS=EMA9>EMA21;TREND=1;STRUCT=1;VOL=1;COOL=1;EMA50=1;VWAP=1;BIAS=1,0.99,-0.93,25461.74,25585.58,stop to breakeven
67,2025.01.30 08:58:37,2025.01.30 11:28:37,TP1_REACHED,XAUUSD,M15,24,BUY,FULLTGT,DAY,0,2762.35,2758.48,2762.35,3.87,1.00,3.87,2766.22,2770.09,2773.96,2777.82,2781.69,0.32,0.00,0.32,2766.22,1.00,1.00,0.00,2759.39,2758.43,2757.19,2759.30,2758.37,0.797,1.56,18.60,57.37,65.61,0.59,0.74,-0.14,2760.76,2761.67,1149,891,71.4,14.3,13,1,CROSS=EMA9>EMA21;TREND=1;STRUCT=1;VOL=1;COOL=1;EMA50=1;VWAP=1;BIAS=1,0.99,-0.93,25461.74,25585.58,full target: no partial booked
68,2025.01.30 10:01:37,2025.01.30 12:31:37,SL_MOVE,XAUUSD,M15,24,BUY,FULLTGT,DAY,0,2762.35,2758.48,2766.22,3.87,1.00,3.87,2766.22,2770.09,2773.96,2777.82,2781.69,0.32,0.00,0.32,2766.22,2.00,0.00,0.00,2760.79,2759.25,2757.67,2760.44,2759.05,0.789,2.00,31.97,77.63,76.43,2.01,1.07,0.94,2762.04,2769.16,1473,1004,100.0,0.0,8,1,CROSS=EMA9>EMA21;TREND=1;STRUCT=1;VOL=1;COOL=1;EMA50=1;VWAP=1;BIAS=1,1.99,-0.93,25461.74,25709.74,stop trailed to TP1
69,2025.01.30 10:01:37,2025.01.30 12:31:37,TP2_REACHED,XAUUSD,M15,24,BUY,FULLTGT,DAY,0,2762.35,2758.48,2766.22,3.87,1.00,3.87,2766.22,2770.09,2773.96,2777.82,2781.69,0.32,0.00,0.32,2770.09,2.00,2.00,0.00,2760.79,2759.25,2757.67,2760.44,2759.05,0.789,2.00,31.97,77.63,76.43,2.01,1.07,0.94,2762.04,2769.16,1473,1004,100.0,0.0,8,1,CROSS=EMA9>EMA21;TREND=1;STRUCT=1;VOL=1;COOL=1;EMA50=1;VWAP=1;BIAS=1,1.99,-0.93,25461.74,25709.74,full target: no partial booked
70,2025.01.30 10:52:36,2025.01.30 13:22:36,SL_MOVE,XAUUSD,M15,24,BUY,FULLTGT,DAY,0,2762.35,2758.48,2770.09,3.87,1.00,3.87,2766.22,2770.09,2773.96,2777.82,2781.69,0.32,0.00,0.32,2770.09,3.00,0.00,0.00,2762.04,2759.99,2758.09,2761.64,2759.75,0.814,2.33,43.77,78.98,72.97,3.00,1.79,1.21,2763.27,2772.00,1479,1110,85.7,14.3,6,1,CROSS=EMA9>EMA21;TREND=1;STRUCT=1;VOL=1;COOL=1;EMA50=1;VWAP=1;BIAS=1,2.99,-0.93,25461.74,25833.58,stop trailed to TP2
71,2025.01.30 10:52:36,2025.01.30 13:22:36,TP3_REACHED,XAUUSD,M15,24,BUY,FULLTGT,DAY,0,2762.35,2758.48,2770.09,3.87,1.00,3.87,2766.22,2770.09,2773.96,2777.82,2781.69,0.32,0.00,0.32,2773.96,3.00,3.00,0.00,2762.04,2759.99,2758.09,2761.64,2759.75,0.814,2.33,43.77,78.98,72.97,3.00,1.79,1.21,2763.27,2772.00,1479,1110,85.7,14.3,6,1,CROSS=EMA9>EMA21;TREND=1;STRUCT=1;VOL=1;COOL=1;EMA50=1;VWAP=1;BIAS=1,2.99,-0.93,25461.74,25833.58,full target: no partial booked
72,2025.01.30 12:16:41,2025.01.30 14:46:41,SL_MOVE,XAUUSD,M15,24,BUY,FULLTGT,DAY,0,2762.35,2758.48,2773.96,3.87,1.00,3.87,2766.22,2770.09,2773.96,2777.82,2781.69,0.32,0.00,0.32,2773.96,4.00,0.00,0.00,2764.90,2761.73,2759.10,2764.42,2761.43,0.854,3.08,50.59,77.28,66.14,4.00,3.45,0.55,2765.72,2776.68,1636,1367,100.0,0.0,6,1,CROSS=EMA9>EMA21;TREND=1;STRUCT=1;VOL=1;COOL=1;EMA50=1;VWAP=1;BIAS=1,4.00,-0.93,25461.74,25957.10,stop trailed to TP3
73,2025.01.30 12:16:41,2025.01.30 14:46:41,TP4_REACHED,XAUUSD,M15,24,BUY,FULLTGT,DAY,0,2762.35,2758.48,2773.96,3.87,1.00,3.87,2766.22,2770.09,2773.96,2777.82,2781.69,0.32,0.00,0.32,2777.82,4.00,4.00,0.00,2764.90,2761.73,2759.10,2764.42,2761.43,0.854,3.08,50.59,77.28,66.14,4.00,3.45,0.55,2765.72,2776.68,1636,1367,100.0,0.0,6,1,CROSS=EMA9>EMA21;TREND=1;STRUCT=1;VOL=1;COOL=1;EMA50=1;VWAP=1;BIAS=1,4.00,-0.93,25461.74,25957.10,full target: no partial booked
74,2025.01.30 15:01:38,2025.01.30 17:31:38,TP5_EXIT,XAUUSD,M15,24,BUY,FULLTGT,EVENING,0,2762.35,2758.48,2773.96,3.87,1.00,3.87,2766.22,2770.09,2773.96,2777.82,2781.69,0.32,0.32,0.00,2781.70,5.00,5.00,0.00,2769.80,2765.07,2761.13,2769.37,2764.76,1.980,1.99,39.31,78.17,63.31,3.58,3.88,-0.30,2768.67,2780.32,1357,1469,71.4,14.3,11,1,CROSS=EMA9>EMA21;TREND=1;STRUCT=1;VOL=1;COOL=1;EMA50=1;VWAP=1;BIAS=1,5.00,-0.93,26079.82,26079.82,full target reached; closed in full
75,2025.01.30 15:01:38,2025.01.30 17:31:38,EXIT_TP,XAUUSD,M15,24,BUY,FULLTGT,EVENING,0,2762.35,2758.48,2773.96,3.87,1.00,3.87,2766.22,2770.09,2773.96,2777.82,2781.69,0.32,0.32,0.00,2781.70,0.00,5.00,616.96,2769.80,2765.07,2761.13,2769.37,2764.76,1.980,1.99,39.31,78.17,63.31,3.58,3.88,-0.30,2768.67,2780.32,1357,1469,71.4,14.3,11,1,CROSS=EMA9>EMA21;TREND=1;STRUCT=1;VOL=1;COOL=1;EMA50=1;VWAP=1;BIAS=1,5.00,-0.93,26079.82,26079.82,TP5 exit
76,2025.01.31 01:00:00,2025.01.31 03:30:00,DAY_SUMMARY,XAUUSD,M15,24,FLAT,NA,DAY,0,0.00,0.00,0.00,0.00,1.00,0.00,0.00,0.00,0.00,0.00,0.00,0.00,0.00,0.00,0.00,0.00,5.00,616.96,2787.07,2778.85,2770.35,2786.79,2778.54,2.698,3.15,18.68,56.67,51.28,1.72,2.37,-0.65,2781.00,2794.06,846,1660,57.1,14.3,13,1,CROSS=EMA9>EMA21;TREND=1;STRUCT=1;VOL=1;COOL=1;EMA50=1;VWAP=1;BIAS=1,0.00,0.00,26079.82,26079.82,2025.01.30 trades=1 W=1 L=0 gross_profit=616.96 gross_loss=0.00 net=616.96 PF=0.00
77,2025.02.03 01:00:00,2025.02.03 03:30:00,WEEK_SUMMARY,XAUUSD,M15,24,FLAT,NA,DAY,0,0.00,0.00,0.00,0.00,1.00,0.00,0.00,0.00,0.00,0.00,0.00,0.00,0.00,0.00,0.00,0.00,4.98,596.43,2801.48,2797.58,2788.45,2801.60,2797.56,2.428,3.76,26.02,43.29,43.74,-1.47,-1.70,0.23,2801.30,2798.47,514,2333,28.6,57.1,50,1,CROSS=EMA9>EMA21;TREND=1;STRUCT=1;VOL=1;COOL=1;EMA50=1;VWAP=1;BIAS=1,0.00,0.00,26079.82,26079.82,days=3 trades=4 W=1 L=3 gross_profit=616.96 gross_loss=20.53 net=596.43 PF=30.05 pips=1920.0
78,2025.02.03 01:00:00,2025.02.03 03:30:00,MONTH_SUMMARY,XAUUSD,M15,24,FLAT,NA,DAY,0,0.00,0.00,0.00,0.00,1.00,0.00,0.00,0.00,0.00,0.00,0.00,0.00,0.00,0.00,0.00,0.00,9.44,1079.82,2801.48,2797.58,2788.45,2801.60,2797.56,2.428,3.76,26.02,43.29,43.74,-1.47,-1.70,0.23,2801.30,2798.47,514,2333,28.6,57.1,50,1,CROSS=EMA9>EMA21;TREND=1;STRUCT=1;VOL=1;COOL=1;EMA50=1;VWAP=1;BIAS=1,0.00,0.00,26079.82,26079.82,days=11 trades=12 W=6 L=6 gross_profit=1373.24 gross_loss=293.42 net=1079.82 PF=4.68 pips=5244.0
79,2025.02.03 04:45:00,2025.02.03 07:15:00,ENTRY,XAUUSD,M15,26,SELL,FULLTGT,DAY,0,2776.15,2788.51,2788.51,12.36,1.00,12.36,2763.79,2751.44,2739.08,2726.73,2714.37,0.10,0.10,0.10,2776.15,0.00,0.00,0.00,2794.91,2794.97,2788.36,2795.67,2795.35,1.070,6.18,48.67,24.09,32.83,-6.01,-4.24,-1.77,2787.22,2776.15,3153,2032,0.0,100.0,7,1,CROSS=EMA9<EMA21;TREND=1;STRUCT=1;VOL=1;COOL=1;EMA50=1;VWAP=1;BIAS=1,0.00,0.00,26079.47,26078.77,KZR=London H @ 2799.43 251 bars ago (high taken); DAY 12AM-4PM IST session: stop x1.00 of usual; no partials; full size to TP5; SL steps BE->TP1->TP2->TP3
80,2025.02.03 09:07:40,2025.02.03 11:37:40,EXIT_SL,XAUUSD,M15,26,SELL,FULLTGT,DAY,0,2776.15,2788.51,2788.51,12.36,1.00,12.36,2763.79,2751.44,2739.08,2726.73,2714.37,0.10,0.10,0.00,2788.54,0.00,-1.00,-124.60,2788.40,2791.05,2787.24,2788.47,2791.13,1.099,3.47,38.41,53.83,64.78,-0.90,-2.60,1.70,2784.09,2786.80,1709,1939,57.1,28.6,7,1,CROSS=EMA9<EMA21;TREND=1;STRUCT=1;VOL=1;COOL=1;EMA50=1;VWAP=1;BIAS=1,0.32,-1.00,25955.22,25955.22,stopped at the initial SL (x1.00 of usual)
81,2025.02.03 13:45:00,2025.02.03 16:15:00,ENTRY,XAUUSD,M15,28,BUY,FULLTGT,EVENING,0,2800.42,2793.30,2793.30,7.12,1.00,7.12,2807.54,2814.67,2821.79,2828.91,2836.03,0.18,0.18,0.18,2800.42,0.00,0.00,0.00,2792.65,2792.63,2788.73,2792.34,2792.47,1.094,3.56,31.35,63.26,59.08,3.30,3.23,0.06,2788.46,2800.37,1625,2137,85.7,0.0,6,1,CROSS=EMA9>EMA21;TREND=1;STRUCT=1;VOL=1;COOL=1;EMA50=1;VWAP=1;BIAS=1,0.00,0.00,25954.59,25953.51,KZR=London H @ 2799.43 287 bars ago (high taken); EVENING 4PM-12AM IST session: stop x1.00 of usual; no partials; full size to TP5; SL steps BE->TP1->TP2->TP3
82,2025.02.03 14:39:12,2025.02.03 17:09:12,SL_MOVE,XAUUSD,M15,28,BUY,FULLTGT,EVENING,0,2800.42,2793.30,2800.42,7.12,1.00,7.12,2807.54,2814.67,2821.79,2828.91,2836.03,0.18,0.00,0.18,2800.42,1.00,0.00,0.00,2793.73,2793.18,2789.13,2793.33,2792.97,1.241,3.27,39.88,67.91,65.81,3.54,3.25,0.30,2789.13,2803.54,1736,2110,85.7,0.0,8,1,CROSS=EMA9>EMA21;TREND=1;STRUCT=1;VOL=1;COOL=1;EMA50=1;VWAP=1;BIAS=1,1.00,-0.11,25954.59,26082.93,stop to breakeven
83,2025.02.03 14:39:12,2025.02.03 17:09:12,TP1_REACHED,XAUUSD,M15,28,BUY,FULLTGT,EVENING,0,2800.42,2793.30,2800.42,7.12,1.00,7.12,2807.54,2814.67,2821.79,2828.91,2836.03,0.18,0.00,0.18,2807.54,1.00,1.00,0.00,2793.73,2793.18,2789.13,2793.33,2792.97,1.241,3.27,39.88,67.91,65.81,3.54,3.25,0.30,2789.13,2803.54,1736,2110,85.7,0.0,8,1,CROSS=EMA9>EMA21;TREND=1;STRUCT=1;VOL=1;COOL=1;EMA50=1;VWAP=1;BIAS=1,1.00,-0.11,25954.59,26082.93,full target: no partial booked
84,2025.02.03 16:15:02,2025.02.03 18:45:02,SL_MOVE,XAUUSD,M15,28,BUY,FULLTGT,EVENING,0,2800.42,2793.30,2807.54,7.12,1.00,7.12,2807.54,2814.67,2821.79,2828.91,2836.03,0.18,0.00,0.18,2807.54,2.00,0.00,0.00,2797.84,2795.45,2790.57,2797.17,2795.06,1.377,3.54,57.02,74.76,72.39,5.34,4.50,0.84,2791.81,2814.41,2594,2152,100.0,0.0,5,1,CROSS=EMA9>EMA21;TREND=1;STRUCT=1;VOL=1;COOL=1;EMA50=1;VWAP=1;BIAS=1,1.99,-0.11,25954.59,26211.09,stop trailed to TP1
85,2025.02.03 16:15:02,2025.02.03 18:45:02,TP2_REACHED,XAUUSD,M15,28,BUY,FULLTGT,EVENING,0,2800.42,2793.30,2807.54,7.12,1.00,7.12,2807.54,2814.67,2821.79,2828.91,2836.03,0.18,0.00,0.18,2814.67,2.00,2.00,0.00,2797.84,2795.45,2790.57,2797.17,2795.06,1.377,3.54,57.02,74.76,72.39,5.34,4.50,0.84,2791.81,2814.41,2594,2152,100.0,0.0,5,1,CROSS=EMA9>EMA21;TREND=1;STRUCT=1;VOL=1;COOL=1;EMA50=1;VWAP=1;BIAS=1,1.99,-0.11,25954.59,26211.09,full target: no partial booked
86,2025.02.03 16:45:41,2025.02.03 19:15:41,SL_MOVE,XAUUSD,M15,28,BUY,FULLTGT,EVENING,0,2800.42,2793.30,2814.67,7.12,1.00,7.12,2807.54,2814.67,2821.79,2828.91,2836.03,0.18,0.00,0.18,2814.67,3.00,0.00,0.00,2799.28,2796.27,2791.09,2798.49,2795.82,1.546,3.35,61.35,78.34,78.27,5.91,5.00,0.91,2792.92,2818.69,3537,2227,100.0,0.0,4,1,CROSS=EMA9>EMA21;TREND=1;STRUCT=1;VOL=1;COOL=1;EMA50=1;VWAP=1;BIAS=1,3.00,-0.11,25954.59,26339.79,stop trailed to TP2
87,2025.02.03 16:45:41,2025.02.03 19:15:41,TP3_REACHED,XAUUSD,M15,28,BUY,FULLTGT,EVENING,0,2800.42,2793.30,2814.67,7.12,1.00,7.12,2807.54,2814.67,2821.79,2828.91,2836.03,0.18,0.00,0.18,2821.79,3.00,3.00,0.00,2799.28,2796.27,2791.09,2798.49,2795.82,1.546,3.35,61.35,78.34,78.27,5.91,5.00,0.91,2792.92,2818.69,3537,2227,100.0,0.0,4,1,CROSS=EMA9>EMA21;TREND=1;STRUCT=1;VOL=1;COOL=1;EMA50=1;VWAP=1;BIAS=1,3.00,-0.11,25954.59,26339.79,full target: no partial booked
88,2025.02.03 16:51:03,2025.02.03 19:21:03,SL_MOVE,XAUUSD,M15,28,BUY,FULLTGT,EVENING,0,2800.42,2793.30,2821.79,7.12,1.00,7.12,2807.54,2814.67,2821.79,2828.91,2836.03,0.18,0.00,0.18,2821.79,4.00,0.00,0.00,2799.28,2796.27,2791.09,2798.49,2795.82,1.546,3.35,61.35,78.34,85.99,5.91,5.00,0.91,2792.92,2818.69,3537,2227,100.0,0.0,8,1,CROSS=EMA9>EMA21;TREND=1;STRUCT=1;VOL=1;COOL=1;EMA50=1;VWAP=1;BIAS=1,4.00,-0.11,25954.59,26467.59,stop trailed to TP3
89,2025.02.03 16:51:03,2025.02.03 19:21:03,TP4_REACHED,XAUUSD,M15,28,BUY,FULLTGT,EVENING,0,2800.42,2793.30,2821.79,7.12,1.00,7.12,2807.54,2814.67,2821.79,2828.91,2836.03,0.18,0.00,0.18,2828.91,4.00,4.00,0.00,2799.28,2796.27,2791.09,2798.49,2795.82,1.546,3.35,61.35,78.34,85.99,5.91,5.00,0.91,2792.92,2818.69,3537,2227,100.0,0.0,8,1,CROSS=EMA9>EMA21;TREND=1;STRUCT=1;VOL=1;COOL=1;EMA50=1;VWAP=1;BIAS=1,4.00,-0.11,25954.59,26467.59,full target: no partial booked
90,2025.02.03 17:24:39,2025.02.03 19:54:39,EXIT_TRAIL_SL,XAUUSD,M15,28,BUY,FULLTGT,EVENING,0,2800.42,2793.30,2821.79,7.12,1.00,7.12,2807.54,2814.67,2821.79,2828.91,2836.03,0.18,0.18,0.00,2821.75,0.00,2.99,382.68,2801.55,2797.55,2791.83,2800.51,2796.95,1.311,4.36,66.69,77.17,59.43,7.70,5.70,2.00,2794.73,2826.97,3836,2379,85.7,14.3,11,1,CROSS=EMA9>EMA21;TREND=1;STRUCT=1;VOL=1;COOL=1;EMA50=1;VWAP=1;BIAS=1,4.26,-0.11,26337.90,26337.90,stopped at a trailed level
91,2025.02.04 01:00:00,2025.02.04 03:30:00,DAY_SUMMARY,XAUUSD,M15,28,FLAT,NA,DAY,0,0.00,0.00,0.00,0.00,1.00,0.00,0.00,0.00,0.00,0.00,0.00,0.00,0.00,0.00,0.00,0.00,1.99,258.08,2812.27,2806.07,2798.04,2812.16,2805.90,3.492,2.30,47.61,46.99,44.33,0.26,1.49,-1.23,2802.06,2814.75,1273,1955,42.9,42.9,11,1,CROSS=EMA9>EMA21;TREND=1;STRUCT=1;VOL=1;COOL=1;EMA50=1;VWAP=1;BIAS=1,0.00,0.00,26337.90,26337.90,2025.02.03 trades=2 W=1 L=1 gross_profit=382.68 gross_loss=124.60 net=258.08 PF=3.07
92,2025.02.06 17:00:00,2025.02.06 19:30:00,ENTRY,XAUUSD,M15,30,SELL,FULLTGT,EVENING,0,2841.97,2851.93,2851.93,9.96,1.00,9.96,2832.01,2822.04,2812.08,2802.12,2792.16,0.13,0.13,0.13,2841.97,0.00,0.00,0.00,2861.38,2861.44,2853.51,2862.17,2861.83,1.592,4.98,32.48,24.63,21.46,-2.68,-0.46,-2.22,2862.40,2841.97,3572,2182,0.0,100.0,6,1,CROSS=EMA9<EMA21;TREND=1;STRUCT=1;VOL=1;COOL=1;EMA50=1;VWAP=1;BIAS=1,0.00,0.00,26337.44,26336.66,KZR=London H @ 2877.04 94 bars ago (high taken); EVENING 4PM-12AM IST session: stop x1.00 of usual; no partials; full size to TP5; SL steps BE->TP1->TP2->TP3
93,2025.02.06 17:47:40,2025.02.06 20:17:40,EXIT_SL,XAUUSD,M15,30,SELL,FULLTGT,EVENING,0,2841.97,2851.93,2851.93,9.96,1.00,9.96,2832.01,2822.04,2812.08,2802.12,2792.16,0.13,0.13,0.00,2851.95,0.00,-1.00,-130.66,2859.62,2860.53,2853.28,2860.05,2860.76,1.330,5.45,31.13,38.30,45.71,-4.09,-1.98,-2.12,2860.84,2848.86,2688,2442,14.3,85.7,5,1,CROSS=EMA9<EMA21;TREND=1;STRUCT=1;VOL=1;COOL=1;EMA50=1;VWAP=1;BIAS=1,0.76,-1.00,26207.24,26207.24,stopped at the initial SL (x1.00 of usual)
94,2025.02.07 01:00:00,2025.02.07 03:30:00,DAY_SUMMARY,XAUUSD,M15,30,FLAT,NA,DAY,0,0.00,0.00,0.00,0.00,1.00,0.00,0.00,0.00,0.00,0.00,0.00,0.00,0.00,0.00,0.00,0.00,-1.00,-130.66,2855.70,2857.62,2853.22,2855.71,2857.66,2.139,2.06,25.15,53.05,51.77,0.54,-0.06,0.60,2858.80,2855.55,475,1309,42.9,42.9,11,1,CROSS=EMA9<EMA21;TREND=1;STRUCT=1;VOL=1;COOL=1;EMA50=1;VWAP=1;BIAS=1,0.00,0.00,26207.24,26207.24,2025.02.06 trades=1 W=0 L=1 gross_profit=0.00 gross_loss=130.66 net=-130.66 PF=0.00
95,2025.02.07 05:00:00,2025.02.07 07:30:00,ENTRY,XAUUSD,M15,32,BUY,FULLTGT,DAY,0,2868.86,2864.32,2864.32,4.54,1.00,4.54,2873.40,2877.94,2882.48,2887.03,2891.57,0.28,0.28,0.28,2868.86,0.00,0.00,0.00,2859.07,2858.94,2854.56,2858.68,2858.75,1.933,2.27,54.32,74.68,67.10,3.49,2.45,1.04,2863.14,2868.76,1308,957,100.0,0.0,10,1,CROSS=EMA9>EMA21;TREND=1;STRUCT=1;VOL=1;COOL=1;EMA50=1;VWAP=1;BIAS=1,0.00,0.00,26206.26,26203.46,KZR=London H @ 2877.04 142 bars ago (high taken); DAY 12AM-4PM IST session: stop x1.00 of usual; no partials; full size to TP5; SL steps BE->TP1->TP2->TP3
96,2025.02.07 07:31:39,2025.02.07 10:01:39,EXIT_SL,XAUUSD,M15,32,BUY,FULLTGT,DAY,0,2868.86,2864.32,2864.32,4.54,1.00,4.54,2873.40,2877.94,2882.48,2887.03,2891.57,0.28,0.28,0.00,2864.32,0.00,-1.00,-129.08,2861.84,2860.50,2855.79,2861.70,2860.40,2.375,1.98,33.68,53.97,37.04,2.30,3.07,-0.77,2864.89,2865.30,1079,1218,57.1,28.6,12,1,CROSS=EMA9>EMA21;TREND=1;STRUCT=1;VOL=1;COOL=1;EMA50=1;VWAP=1;BIAS=1,0.37,-0.99,26078.16,26078.16,stopped at the initial SL (x1.00 of usual)
97,2025.02.10 01:00:00,2025.02.10 03:30:00,DAY_SUMMARY,XAUUSD,M15,32,FLAT,NA,DAY,0,0.00,0.00,0.00,0.00,1.00,0.00,0.00,0.00,0.00,0.00,0.00,0.00,0.00,0.00,0.00,0.00,-1.00,-129.08,2864.11,2863.77,2860.36,2864.22,2863.82,1.397,2.45,13.28,45.58,48.20,-1.38,-1.77,0.38,2866.08,2861.30,418,1435,28.6,42.9,11,1,CROSS=EMA9>EMA21;TREND=1;STRUCT=1;VOL=1;COOL=1;EMA50=1;VWAP=1;BIAS=1,0.00,0.00,26078.16,26078.16,2025.02.07 trades=1 W=0 L=1 gross_profit=0.00 gross_loss=129.08 net=-129.08 PF=0.00
98,2025.02.10 01:00:00,2025.02.10 03:30:00,WEEK_SUMMARY,XAUUSD,M15,32,FLAT,NA,DAY,0,0.00,0.00,0.00,0.00,1.00,0.00,0.00,0.00,0.00,0.00,0.00,0.00,0.00,0.00,0.00,0.00,-0.01,-1.66,2864.11,2863.77,2860.36,2864.22,2863.82,1.397,2.45,13.28,45.58,48.20,-1.38,-1.77,0.38,2866.08,2861.30,418,1435,28.6,42.9,11,1,CROSS=EMA9>EMA21;TREND=1;STRUCT=1;VOL=1;COOL=1;EMA50=1;VWAP=1;BIAS=1,0.00,0.00,26078.16,26078.16,days=3 trades=4 W=1 L=3 gross_profit=382.68 gross_loss=384.34 net=-1.66 PF=1.00 pips=-558.0
99,2025.02.11 22:15:00,2025.02.12 00:45:00,ENTRY,XAUUSD,M15,34,SELL,FULLTGT,DAY,0,2898.26,2903.59,2903.59,5.33,1.00,5.33,2892.93,2887.60,2882.27,2876.95,2871.62,0.24,0.24,0.24,2898.26,0.00,0.00,0.00,2904.34,2904.37,2897.18,2904.59,2904.49,2.697,2.66,29.13,40.29,27.43,-0.48,0.36,-0.85,2909.13,2898.26,1727,2067,0.0,85.7,7,1,CROSS=EMA9<EMA21;TREND=1;STRUCT=1;VOL=1;COOL=1;EMA50=1;VWAP=1;BIAS=1,0.00,0.00,26077.32,26075.64,KZR=NY H @ 2911.96 84 bars ago (high taken); DAY 12AM-4PM IST session: stop x1.00 of usual; no partials; full size to TP5; SL steps BE->TP1->TP2->TP3
100,2025.02.12 02:48:25,2025.02.12 05:18:25,SL_MOVE,XAUUSD,M15,34,SELL,FULLTGT,DAY,0,2898.26,2903.59,2898.26,5.33,1.00,5.33,2892.93,2887.60,2882.27,2876.95,2871.62,0.24,0.00,0.24,2898.26,1.00,0.00,0.00,2901.41,2902.70,2897.23,2901.74,2902.89,2.436,2.25,21.79,34.60,28.80,-1.64,-1.35,-0.29,2897.46,2893.38,621,1117,0.0,71.4,7,1,CROSS=EMA9<EMA21;TREND=1;STRUCT=1;VOL=1;COOL=1;EMA50=1;VWAP=1;BIAS=1,1.00,-0.49,26077.32,26215.93,stop to breakeven
101,2025.02.12 02:48:25,2025.02.12 05:18:25,TP1_REACHED,XAUUSD,M15,34,SELL,FULLTGT,DAY,0,2898.26,2903.59,2898.26,5.33,1.00,5.33,2892.93,2887.60,2882.27,2876.95,2871.62,0.24,0.00,0.24,2892.93,1.00,1.00,0.00,2901.41,2902.70,2897.23,2901.74,2902.89,2.436,2.25,21.79,34.60,28.80,-1.64,-1.35,-0.29,2897.46,2893.38,621,1117,0.0,71.4,7,1,CROSS=EMA9<EMA21;TREND=1;STRUCT=1;VOL=1;COOL=1;EMA50=1;VWAP=1;BIAS=1,1.00,-0.49,26077.32,26215.93,full target: no partial booked
102,2025.02.12 03:32:17,2025.02.12 06:02:17,SL_MOVE,XAUUSD,M15,34,SELL,FULLTGT,DAY,0,2898.26,2903.59,2892.93,5.33,1.00,5.33,2892.93,2887.60,2882.27,2876.95,2871.62,0.24,0.00,0.24,2892.93,2.00,0.00,0.00,2900.34,2902.07,2897.07,2900.68,2902.28,1.808,2.77,26.37,33.01,42.17,-2.39,-1.58,-0.81,2894.41,2891.94,2040,1190,14.3,85.7,13,1,CROSS=EMA9<EMA21;TREND=1;STRUCT=1;VOL=1;COOL=1;EMA50=1;VWAP=1;BIAS=1,1.99,-0.49,26077.32,26343.85,stop trailed to TP1
103,2025.02.12 03:32:17,2025.02.12 06:02:17,TP2_REACHED,XAUUSD,M15,34,SELL,FULLTGT,DAY,0,2898.26,2903.59,2892.93,5.33,1.00,5.33,2892.93,2887.60,2882.27,2876.95,2871.62,0.24,0.00,0.24,2887.60,2.00,2.00,0.00,2900.34,2902.07,2897.07,2900.68,2902.28,1.808,2.77,26.37,33.01,42.17,-2.39,-1.58,-0.81,2894.41,2891.94,2040,1190,14.3,85.7,13,1,CROSS=EMA9<EMA21;TREND=1;STRUCT=1;VOL=1;COOL=1;EMA50=1;VWAP=1;BIAS=1,1.99,-0.49,26077.32,26343.85,full target: no partial booked
104,2025.02.12 03:39:30,2025.02.12 06:09:30,EXIT_TRAIL_SL,XAUUSD,M15,34,SELL,FULLTGT,DAY,0,2898.26,2903.59,2892.93,5.33,1.00,5.33,2892.93,2887.60,2882.27,2876.95,2871.62,0.24,0.24,0.00,2892.96,0.00,0.99,136.21,2900.34,2902.07,2897.07,2900.68,2902.28,1.808,2.77,26.37,33.01,40.87,-2.39,-1.58,-0.81,2894.41,2891.94,2040,1190,14.3,85.7,11,1,CROSS=EMA9<EMA21;TREND=1;STRUCT=1;VOL=1;COOL=1;EMA50=1;VWAP=1;BIAS=1,2.73,-0.49,26214.37,26214.37,stopped at a trailed level
105,2025.02.12 22:45:00,2025.02.13 01:15:00,ENTRY,XAUUSD,M15,36,BUY,FULLTGT,DAY,0,2900.61,2894.18,2894.18,6.43,1.00,6.43,2907.04,2913.47,2919.90,2926.34,2932.77,0.20,0.20,0.20,2900.61,0.00,0.00,0.00,2894.86,2894.85,2894.38,2894.63,2894.74,0.145,3.22,27.00,56.81,57.77,1.85,2.70,-0.86,2891.21,2900.54,1165,1919,71.4,14.3,7,1,CROSS=EMA9>EMA21;TREND=1;STRUCT=1;VOL=1;COOL=1;EMA50=1;VWAP=1;BIAS=1,0.00,0.00,26213.67,26212.27,KZR=NY H @ 2911.96 182 bars ago (high taken); DAY 12AM-4PM IST session: stop x1.00 of usual; no partials; full size to TP5; SL steps BE->TP1->TP2->TP3
106,2025.02.13 01:00:00,2025.02.13 03:30:00,DAY_SUMMARY,XAUUSD,M15,36,BUY,FULLTGT,DAY,0,2900.61,2894.18,2894.18,6.43,1.00,6.43,2907.04,2913.47,2919.90,2926.34,2932.77,0.20,0.00,0.00,0.00,0.00,0.99,136.21,2896.23,2895.57,2894.77,2895.91,2895.40,0.311,2.55,41.59,62.50,69.26,2.22,1.97,0.25,2891.62,2903.97,1007,1627,85.7,0.0,12,1,CROSS=EMA9>EMA21;TREND=1;STRUCT=1;VOL=1;COOL=1;EMA50=1;VWAP=1;BIAS=1,0.54,-0.16,26213.67,26244.54,2025.02.12 trades=1 W=1 L=0 gross_profit=136.21 gross_loss=0.00 net=136.21 PF=0.00
107,2025.02.13 02:04:36,2025.02.13 04:34:36,SL_MOVE,XAUUSD,M15,36,BUY,FULLTGT,DAY,0,2900.61,2894.18,2900.61,6.43,1.00,6.43,2907.04,2913.47,2919.90,2926.34,2932.77,0.20,0.00,0.20,2900.61,1.00,0.00,0.00,2897.30,2896.17,2895.11,2896.95,2895.98,0.465,2.28,39.41,63.82,67.71,2.22,2.09,0.13,2903.66,2905.80,821,1284,85.7,0.0,7,1,CROSS=EMA9>EMA21;TREND=1;STRUCT=1;VOL=1;COOL=1;EMA50=1;VWAP=1;BIAS=1,0.99,-0.16,26213.67,26304.74,stop to breakeven
108,2025.02.13 02:04:36,2025.02.13 04:34:36,TP1_REACHED,XAUUSD,M15,36,BUY,FULLTGT,DAY,0,2900.61,2894.18,2900.61,6.43,1.00,6.43,2907.04,2913.47,2919.90,2926.34,2932.77,0.20,0.00,0.20,2907.04,1.00,1.00,0.00,2897.30,2896.17,2895.11,2896.95,2895.98,0.465,2.28,39.41,63.82,67.71,2.22,2.09,0.13,2903.66,2905.80,821,1284,85.7,0.0,7,1,CROSS=EMA9>EMA21;TREND=1;STRUCT=1;VOL=1;COOL=1;EMA50=1;VWAP=1;BIAS=1,0.99,-0.16,26213.67,26304.74,full target: no partial booked
109,2025.02.13 05:23:00,2025.02.13 07:53:00,SL_MOVE,XAUUSD,M15,36,BUY,FULLTGT,DAY,0,2900.61,2894.18,2907.04,6.43,1.00,6.43,2907.04,2913.47,2919.90,2926.34,2932.77,0.20,0.00,0.20,2907.04,2.00,0.00,0.00,2901.15,2898.60,2896.53,2900.84,2898.39,0.671,3.08,32.14,62.20,70.05,2.24,2.17,0.07,2906.01,2908.74,1075,1078,85.7,0.0,12,1,CROSS=EMA9>EMA21;TREND=1;STRUCT=1;VOL=1;COOL=1;EMA50=1;VWAP=1;BIAS=1,1.93,-0.16,26213.67,26440.74,stop trailed to TP1
110,2025.02.13 05:23:00,2025.02.13 07:53:00,TP2_REACHED,XAUUSD,M15,36,BUY,FULLTGT,DAY,0,2900.61,2894.18,2907.04,6.43,1.00,6.43,2907.04,2913.47,2919.90,2926.34,2932.77,0.20,0.00,0.20,2913.47,2.00,2.00,0.00,2901.15,2898.60,2896.53,2900.84,2898.39,0.671,3.08,32.14,62.20,70.05,2.24,2.17,0.07,2906.01,2908.74,1075,1078,85.7,0.0,12,1,CROSS=EMA9>EMA21;TREND=1;STRUCT=1;VOL=1;COOL=1;EMA50=1;VWAP=1;BIAS=1,1.93,-0.16,26213.67,26440.74,full target: no partial booked
111,2025.02.13 07:10:37,2025.02.13 09:40:37,SL_MOVE,XAUUSD,M15,36,BUY,FULLTGT,DAY,0,2900.61,2894.18,2913.47,6.43,1.00,6.43,2907.04,2913.47,2919.90,2926.34,2932.77,0.20,0.00,0.20,2913.47,3.00,0.00,0.00,2905.09,2901.03,2897.93,2904.54,2900.68,1.101,2.82,53.80,73.14,71.22,4.35,3.42,0.93,2909.21,2918.63,836,1198,85.7,0.0,11,1,CROSS=EMA9>EMA21;TREND=1;STRUCT=1;VOL=1;COOL=1;EMA50=1;VWAP=1;BIAS=1,3.00,-0.16,26213.67,26562.54,stop trailed to TP2
112,2025.02.13 07:10:37,2025.02.13 09:40:37,TP3_REACHED,XAUUSD,M15,36,BUY,FULLTGT,DAY,0,2900.61,2894.18,2913.47,6.43,1.00,6.43,2907.04,2913.47,2919.90,2926.34,2932.77,0.20,0.00,0.20,2919.90,3.00,3.00,0.00,2905.09,2901.03,2897.93,2904.54,2900.68,1.101,2.82,53.80,73.14,71.22,4.35,3.42,0.93,2909.21,2918.63,836,1198,85.7,0.0,11,1,CROSS=EMA9>EMA21;TREND=1;STRUCT=1;VOL=1;COOL=1;EMA50=1;VWAP=1;BIAS=1,3.00,-0.16,26213.67,26562.54,full target: no partial booked
113,2025.02.13 08:35:25,2025.02.13 11:05:25,EXIT_TRAIL_SL,XAUUSD,M15,36,BUY,FULLTGT,DAY,0,2900.61,2894.18,2913.47,6.43,1.00,6.43,2907.04,2913.47,2919.90,2926.34,2932.77,0.20,0.20,0.00,2913.47,0.00,2.00,217.87,2908.07,2903.08,2899.16,2907.74,2902.81,1.221,3.20,46.69,57.98,40.32,3.81,4.37,-0.55,2911.38,2916.14,1568,1265,57.1,42.9,7,1,CROSS=EMA9>EMA21;TREND=1;STRUCT=1;VOL=1;COOL=1;EMA50=1;VWAP=1;BIAS=1,3.46,-0.16,26432.24,26432.24,stopped at a trailed level
114,2025.02.14 01:00:00,2025.02.14 03:30:00,DAY_SUMMARY,XAUUSD,M15,36,FLAT,NA,DAY,0,0.00,0.00,0.00,0.00,1.00,0.00,0.00,0.00,0.00,0.00,0.00,0.00,0.00,0.00,0.00,0.00,2.00,217.87,2920.01,2914.81,2908.25,2919.67,2914.53,2.431,2.70,29.85,66.06,56.89,3.19,3.06,0.12,2915.72,2928.34,811,1401,85.7,0.0,11,1,CROSS=EMA9>EMA21;TREND=1;STRUCT=1;VOL=1;COOL=1;EMA50=1;VWAP=1;BIAS=1,0.00,0.00,26432.24,26432.24,2025.02.13 trades=1 W=1 L=0 gross_profit=217.87 gross_loss=0.00 net=217.87 PF=0.00
115,2025.02.14 18:45:00,2025.02.14 21:15:00,ENTRY,XAUUSD,M15,38,SELL,FULLTGT,EVENING,0,2892.37,2909.07,2909.07,16.70,1.00,16.70,2875.67,2858.98,2842.28,2825.59,2808.89,0.07,0.07,0.07,2892.37,0.00,0.00,0.00,2922.17,2922.72,2917.53,2923.39,2923.34,0.622,8.35,55.28,22.49,29.30,-9.34,-5.85,-3.49,2924.36,2892.38,3009,2972,0.0,100.0,8,1,CROSS=EMA9<EMA21;TREND=1;STRUCT=1;VOL=1;COOL=1;EMA50=1;VWAP=1;BIAS=1,0.00,0.00,26431.99,26431.43,KZR=NY H @ 2921.00 87 bars ago (high taken); EVENING 4PM-12AM IST session: stop x1.00 of usual; no partials; full size to TP5; SL steps BE->TP1->TP2->TP3
116,2025.02.14 23:42:00,2025.02.15 02:12:00,EXIT_WEEKEND,XAUUSD,M15,38,SELL,FULLTGT,DAY,0,2892.37,2909.07,2909.07,16.70,1.00,16.70,2875.67,2858.98,2842.28,2825.59,2808.89,0.07,0.07,0.00,2883.27,0.00,0.55,0.00,2902.18,2910.78,2911.92,2902.95,2911.34,-0.348,3.28,50.88,35.61,48.62,-7.35,-9.13,1.79,2915.84,2883.31,792,1940,14.3,71.4,41,1,CROSS=EMA9<EMA21;TREND=1;STRUCT=1;VOL=1;COOL=1;EMA50=1;VWAP=1;BIAS=1,0.92,-0.32,26495.44,26495.44,WEEKEND exit
117,2025.02.14 23:42:01,2025.02.15 02:12:01,EXIT_WEEKEND,XAUUSD,M15,38,SELL,FULLTGT,DAY,0,2892.37,2909.07,2909.07,16.70,1.00,16.70,2875.67,2858.98,2842.28,2825.59,2808.89,0.07,0.07,0.00,2883.27,0.00,0.55,63.20,2902.18,2910.78,2911.92,2902.95,2911.34,-0.348,3.28,50.88,35.61,48.62,-7.35,-9.13,1.79,2915.84,2883.31,792,1940,14.3,71.4,41,1,CROSS=EMA9<EMA21;TREND=1;STRUCT=1;VOL=1;COOL=1;EMA50=1;VWAP=1;BIAS=1,0.92,-0.32,26495.44,26495.44,flattened before the Friday close
118,2025.02.17 01:00:00,2025.02.17 03:30:00,DAY_SUMMARY,XAUUSD,M15,38,FLAT,NA,DAY,0,0.00,0.00,0.00,0.00,1.00,0.00,0.00,0.00,0.00,0.00,0.00,0.00,0.00,0.00,0.00,0.00,0.55,63.20,2900.68,2909.68,2911.34,2901.42,2910.23,-0.571,2.91,49.74,34.68,47.30,-6.54,-8.36,1.82,2915.56,2882.50,637,1696,14.3,71.4,11,1,CROSS=EMA9<EMA21;TREND=1;STRUCT=1;VOL=1;COOL=1;EMA50=1;VWAP=1;BIAS=1,0.00,0.00,26495.44,26495.44,2025.02.14 trades=1 W=1 L=0 gross_profit=63.20 gross_loss=0.00 net=63.20 PF=0.00
119,2025.02.17 01:00:00,2025.02.17 03:30:00,WEEK_SUMMARY,XAUUSD,M15,38,FLAT,NA,DAY,0,0.00,0.00,0.00,0.00,1.00,0.00,0.00,0.00,0.00,0.00,0.00,0.00,0.00,0.00,0.00,0.00,3.54,417.28,2900.68,2909.68,2911.34,2901.42,2910.23,-0.571,2.91,49.74,34.68,47.30,-6.54,-8.36,1.82,2915.56,2882.50,637,1696,14.3,71.4,11,1,CROSS=EMA9<EMA21;TREND=1;STRUCT=1;VOL=1;COOL=1;EMA50=1;VWAP=1;BIAS=1,0.00,0.00,26495.44,26495.44,days=3 trades=3 W=3 L=0 gross_profit=417.28 gross_loss=0.00 net=417.28 PF=0.00 pips=2726.0
120,2025.02.18 06:45:00,2025.02.18 09:15:00,ENTRY,XAUUSD,M15,40,BUY,FULLTGT,DAY,0,2909.81,2903.07,2903.07,6.74,1.00,6.74,2916.55,2923.30,2930.04,2936.79,2943.53,0.19,0.19,0.19,2909.81,0.00,0.00,0.00,2901.24,2901.22,2903.53,2900.89,2901.05,-0.684,3.37,36.71,70.16,63.64,2.96,1.83,1.13,2901.89,2909.74,659,1020,85.7,0.0,7,1,CROSS=EMA9>EMA21;TREND=1;STRUCT=1;VOL=1;COOL=1;EMA50=1;VWAP=1;BIAS=1,0.00,0.00,26494.77,26493.44,KZR=London L @ 2879.43 323 bars ago (low taken); DAY 12AM-4PM IST session: stop x1.00 of usual; no partials; full size to TP5; SL steps BE->TP1->TP2->TP3
121,2025.02.18 14:41:37,2025.02.18 17:11:37,SL_MOVE,XAUUSD,M15,40,BUY,FULLTGT,EVENING,0,2909.81,2903.07,2909.81,6.74,1.00,6.74,2916.55,2923.30,2930.04,2936.79,2943.53,0.19,0.00,0.19,2909.81,1.00,0.00,0.00,2908.98,2906.27,2905.83,2908.75,2906.10,0.174,2.53,20.93,61.07,66.63,1.06,0.86,0.20,2908.47,2914.61,1363,1286,85.7,0.0,11,1,CROSS=EMA9>EMA21;TREND=1;STRUCT=1;VOL=1;COOL=1;EMA50=1;VWAP=1;BIAS=1,1.00,-0.39,26494.77,26623.02,stop to breakeven
122,2025.02.18 14:41:37,2025.02.18 17:11:37,TP1_REACHED,XAUUSD,M15,40,BUY,FULLTGT,EVENING,0,2909.81,2903.07,2909.81,6.74,1.00,6.74,2916.55,2923.30,2930.04,2936.79,2943.53,0.19,0.00,0.19,2916.55,1.00,1.00,0.00,2908.98,2906.27,2905.83,2908.75,2906.10,0.174,2.53,20.93,61.07,66.63,1.06,0.86,0.20,2908.47,2914.61,1363,1286,85.7,0.0,11,1,CROSS=EMA9>EMA21;TREND=1;STRUCT=1;VOL=1;COOL=1;EMA50=1;VWAP=1;BIAS=1,1.00,-0.39,26494.77,26623.02,full target: no partial booked
123,2025.02.18 16:30:29,2025.02.18 19:00:29,SL_MOVE,XAUUSD,M15,40,BUY,FULLTGT,EVENING,0,2909.81,2903.07,2916.55,6.74,1.00,6.74,2916.55,2923.30,2930.04,2936.79,2943.53,0.19,0.00,0.19,2916.55,2.00,0.00,0.00,2911.68,2908.11,2906.82,2911.21,2907.81,0.393,3.30,34.69,69.88,71.04,2.71,1.85,0.86,2910.69,2923.20,2468,1622,100.0,0.0,5,1,CROSS=EMA9>EMA21;TREND=1;STRUCT=1;VOL=1;COOL=1;EMA50=1;VWAP=1;BIAS=1,2.00,-0.39,26494.77,26751.08,stop trailed to TP1
124,2025.02.18 16:30:29,2025.02.18 19:00:29,TP2_REACHED,XAUUSD,M15,40,BUY,FULLTGT,EVENING,0,2909.81,2903.07,2916.55,6.74,1.00,6.74,2916.55,2923.30,2930.04,2936.79,2943.53,0.19,0.00,0.19,2923.30,2.00,2.00,0.00,2911.68,2908.11,2906.82,2911.21,2907.81,0.393,3.30,34.69,69.88,71.04,2.71,1.85,0.86,2910.69,2923.20,2468,1622,100.0,0.0,5,1,CROSS=EMA9>EMA21;TREND=1;STRUCT=1;VOL=1;COOL=1;EMA50=1;VWAP=1;BIAS=1,2.00,-0.39,26494.77,26751.08,full target: no partial booked
125,2025.02.18 18:38:36,2025.02.18 21:08:36,SL_MOVE,XAUUSD,M15,40,BUY,FULLTGT,EVENING,0,2909.81,2903.07,2923.30,6.74,1.00,6.74,2916.55,2923.30,2930.04,2936.79,2943.53,0.19,0.00,0.19,2923.30,3.00,0.00,0.00,2915.98,2910.96,2908.39,2915.48,2910.61,0.629,4.07,40.27,69.73,59.88,4.28,3.84,0.45,2913.98,2928.06,2425,2148,85.7,14.3,5,1,CROSS=EMA9>EMA21;TREND=1;STRUCT=1;VOL=1;COOL=1;EMA50=1;VWAP=1;BIAS=1,3.00,-0.39,26494.77,26879.33,stop trailed to TP2
126,2025.02.18 18:38:36,2025.02.18 21:08:36,TP3_REACHED,XAUUSD,M15,40,BUY,FULLTGT,EVENING,0,2909.81,2903.07,2923.30,6.74,1.00,6.74,2916.55,2923.30,2930.04,2936.79,2943.53,0.19,0.00,0.19,2930.04,3.00,3.00,0.00,2915.98,2910.96,2908.39,2915.48,2910.61,0.629,4.07,40.27,69.73,59.88,4.28,3.84,0.45,2913.98,2928.06,2425,2148,85.7,14.3,5,1,CROSS=EMA9>EMA21;TREND=1;STRUCT=1;VOL=1;COOL=1;EMA50=1;VWAP=1;BIAS=1,3.00,-0.39,26494.77,26879.33,full target: no partial booked
127,2025.02.18 21:49:36,2025.02.19 00:19:36,SL_MOVE,XAUUSD,M15,40,BUY,FULLTGT,DAY,0,2909.81,2903.07,2930.04,6.74,1.00,6.74,2916.55,2923.30,2930.04,2936.79,2943.53,0.19,0.00,0.19,2930.04,4.00,0.00,0.00,2922.52,2915.79,2911.28,2922.00,2915.39,1.894,2.38,34.15,71.78,69.86,3.72,3.99,-0.27,2917.05,2935.36,1401,1865,71.4,14.3,12,1,CROSS=EMA9>EMA21;TREND=1;STRUCT=1;VOL=1;COOL=1;EMA50=1;VWAP=1;BIAS=1,4.00,-0.39,26494.77,27007.96,stop trailed to TP3
128,2025.02.18 21:49:36,2025.02.19 00:19:36,TP4_REACHED,XAUUSD,M15,40,BUY,FULLTGT,DAY,0,2909.81,2903.07,2930.04,6.74,1.00,6.74,2916.55,2923.30,2930.04,2936.79,2943.53,0.19,0.00,0.19,2936.79,4.00,4.00,0.00,2922.52,2915.79,2911.28,2922.00,2915.39,1.894,2.38,34.15,71.78,69.86,3.72,3.99,-0.27,2917.05,2935.36,1401,1865,71.4,14.3,12,1,CROSS=EMA9>EMA21;TREND=1;STRUCT=1;VOL=1;COOL=1;EMA50=1;VWAP=1;BIAS=1,4.00,-0.39,26494.77,27007.96,full target: no partial booked
129,2025.02.19 02:51:37,2025.02.19 05:21:37,EXIT_TRAIL_SL,XAUUSD,M15,40,BUY,FULLTGT,DAY,0,2909.81,2903.07,2930.04,6.74,1.00,6.74,2916.55,2923.30,2930.04,2936.79,2943.53,0.19,0.19,0.00,2930.04,0.00,3.00,371.02,2928.01,2920.83,2914.67,2927.83,2920.59,3.812,1.62,23.02,51.70,33.67,1.36,2.12,-0.76,2933.54,2932.53,510,764,28.6,42.9,7,1,CROSS=EMA9>EMA21;TREND=1;STRUCT=1;VOL=1;COOL=1;EMA50=1;VWAP=1;BIAS=1,4.02,-0.39,26866.46,26866.46,stopped at a trailed level
130,2025.02.20 01:00:00,2025.02.20 03:30:00,DAY_SUMMARY,XAUUSD,M15,40,FLAT,NA,DAY,0,0.00,0.00,0.00,0.00,1.00,0.00,0.00,0.00,0.00,0.00,0.00,0.00,0.00,0.00,0.00,0.00,3.00,371.02,2932.27,2930.90,2925.45,2932.24,2930.85,1.996,2.73,32.81,52.84,50.28,0.76,-0.07,0.83,2933.60,2932.99,486,1640,71.4,14.3,11,1,CROSS=EMA9>EMA21;TREND=1;STRUCT=1;VOL=1;COOL=1;EMA50=1;VWAP=1;BIAS=1,0.00,0.00,26866.46,26866.46,2025.02.19 trades=1 W=1 L=0 gross_profit=371.02 gross_loss=0.00 net=371.02 PF=0.00
131,2025.02.21 05:15:00,2025.02.21 07:45:00,ENTRY,XAUUSD,M15,42,SELL,FULLTGT,DAY,0,2932.82,2943.36,2943.36,10.54,1.00,10.54,2922.28,2911.75,2901.21,2890.67,2880.13,0.12,0.12,0.12,2932.82,0.00,0.00,0.00,2939.80,2939.80,2936.12,2940.08,2939.94,0.700,5.27,17.49,41.83,36.99,-0.89,-0.20,-0.68,2938.53,2932.82,2359,1201,0.0,85.7,9,1,CROSS=EMA9<EMA21;TREND=1;STRUCT=1;VOL=1;COOL=1;EMA50=1;VWAP=1;BIAS=1,0.00,0.00,26866.04,26864.96,KZR=NY H @ 2947.78 7 bars ago (high taken); DAY 12AM-4PM IST session: stop x1.00 of usual; no partials; full size to TP5; SL steps BE->TP1->TP2->TP3
132,2025.02.21 10:18:25,2025.02.21 12:48:25,SL_MOVE,XAUUSD,M15,42,SELL,FULLTGT,DAY,0,2932.82,2943.36,2932.82,10.54,1.00,10.54,2922.28,2911.75,2901.21,2890.67,2880.13,0.12,0.00,0.12,2932.82,1.00,0.00,0.00,2934.17,2936.45,2934.95,2934.59,2936.70,0.397,3.79,18.36,33.81,28.34,-1.99,-2.12,0.14,2933.67,2923.94,2052,1322,14.3,71.4,12,1,CROSS=EMA9<EMA21;TREND=1;STRUCT=1;VOL=1;COOL=1;EMA50=1;VWAP=1;BIAS=1,0.99,-0.14,26866.04,26992.64,stop to breakeven
133,2025.02.21 10:18:25,2025.02.21 12:48:25,TP1_REACHED,XAUUSD,M15,42,SELL,FULLTGT,DAY,0,2932.82,2943.36,2932.82,10.54,1.00,10.54,2922.28,2911.75,2901.21,2890.67,2880.13,0.12,0.00,0.12,2922.28,1.00,1.00,0.00,2934.17,2936.45,2934.95,2934.59,2936.70,0.397,3.79,18.36,33.81,28.34,-1.99,-2.12,0.14,2933.67,2923.94,2052,1322,14.3,71.4,12,1,CROSS=EMA9<EMA21;TREND=1;STRUCT=1;VOL=1;COOL=1;EMA50=1;VWAP=1;BIAS=1,0.99,-0.14,26866.04,26992.64,full target: no partial booked
134,2025.02.21 13:10:38,2025.02.21 15:40:38,EXIT_BE,XAUUSD,M15,42,SELL,FULLTGT,DAY,0,2932.82,2943.36,2932.82,10.54,1.00,10.54,2922.28,2911.75,2901.21,2890.67,2880.13,0.12,0.12,0.00,2932.85,0.00,-0.00,-1.20,2931.61,2934.54,2934.08,2931.66,2934.62,0.132,3.45,28.27,53.12,71.04,-0.72,-1.99,1.27,2931.76,2930.55,668,1339,42.9,42.9,12,1,CROSS=EMA9<EMA21;TREND=1;STRUCT=1;VOL=1;COOL=1;EMA50=1;VWAP=1;BIAS=1,1.52,-0.14,26865.26,26865.26,stopped at breakeven
135,2025.02.24 01:00:00,2025.02.24 03:30:00,DAY_SUMMARY,XAUUSD,M15,42,FLAT,NA,DAY,0,0.00,0.00,0.00,0.00,1.00,0.00,0.00,0.00,0.00,0.00,0.00,0.00,0.00,0.00,0.00,0.00,-0.00,-1.20,2934.89,2934.87,2934.35,2934.85,2934.85,0.173,2.99,23.20,50.08,48.39,0.50,0.91,-0.41,2932.90,2935.89,649,1418,42.9,28.6,10,1,CROSS=EMA9<EMA21;TREND=1;STRUCT=1;VOL=1;COOL=1;EMA50=1;VWAP=1;BIAS=1,0.00,0.00,26865.26,26865.26,2025.02.21 trades=1 W=0 L=1 gross_profit=0.00 gross_loss=1.20 net=-1.20 PF=0.00
136,2025.02.24 01:00:00,2025.02.24 03:30:00,WEEK_SUMMARY,XAUUSD,M15,42,FLAT,NA,DAY,0,0.00,0.00,0.00,0.00,1.00,0.00,0.00,0.00,0.00,0.00,0.00,0.00,0.00,0.00,0.00,0.00,3.00,369.82,2934.89,2934.87,2934.35,2934.85,2934.85,0.173,2.99,23.20,50.08,48.39,0.50,0.91,-0.41,2932.90,2935.89,649,1418,42.9,28.6,10,1,CROSS=EMA9<EMA21;TREND=1;STRUCT=1;VOL=1;COOL=1;EMA50=1;VWAP=1;BIAS=1,0.00,0.00,26865.26,26865.26,days=2 trades=2 W=1 L=1 gross_profit=371.02 gross_loss=1.20 net=369.82 PF=309.18 pips=2020.0
137,2025.02.24 03:15:00,2025.02.24 05:45:00,SKIP,XAUUSD,M15,42,FLAT,NA,DAY,0,0.00,0.00,0.00,0.00,1.00,0.00,0.00,0.00,0.00,0.00,0.00,0.00,0.00,0.00,0.00,0.00,0.00,0.00,2934.77,2934.84,2934.39,2935.20,2935.06,0.136,3.29,35.50,28.66,18.89,-1.17,0.31,-1.48,2933.72,2924.18,2760,1273,0.0,100.0,10,1,CROSS=EMA9<EMA21;TREND=1;STRUCT=1;VOL=1;COOL=1;EMA50=1;VWAP=1;BIAS=1,0.00,0.00,26865.26,26865.26,already positioned that way
138,2025.02.24 05:45:00,2025.02.24 08:15:00,ENTRY,XAUUSD,M15,44,BUY,FULLTGT,DAY,0,2941.27,2932.21,2932.21,9.06,1.00,9.06,2950.33,2959.40,2968.46,2977.53,2986.59,0.14,0.14,0.14,2941.27,0.00,0.00,0.00,2934.95,2934.87,2934.43,2934.69,2934.74,0.096,4.53,38.59,60.68,63.89,1.16,-0.84,2.01,2933.82,2941.20,1939,1652,85.7,14.3,7,1,CROSS=EMA9>EMA21;TREND=1;STRUCT=1;VOL=1;COOL=1;EMA50=1;VWAP=1;BIAS=1,0.00,0.00,26864.77,26863.79,KZR=NY H @ 2947.78 297 bars ago (high taken); DAY 12AM-4PM IST session: stop x1.00 of usual; no partials; full size to TP5; SL steps BE->TP1->TP2->TP3
139,2025.02.24 14:02:32,2025.02.24 16:32:32,SL_MOVE,XAUUSD,M15,44,BUY,FULLTGT,EVENING,0,2941.27,2932.21,2941.27,9.06,1.00,9.06,2950.33,2959.40,2968.46,2977.53,2986.59,0.14,0.00,0.14,2941.27,1.00,0.00,0.00,2940.14,2938.22,2936.48,2939.83,2938.03,0.485,3.60,25.79,62.27,68.75,1.04,1.05,-0.02,2938.35,2947.67,1409,1384,85.7,14.3,8,1,CROSS=EMA9>EMA21;TREND=1;STRUCT=1;VOL=1;COOL=1;EMA50=1;VWAP=1;BIAS=1,1.00,-0.69,26864.77,26991.89,stop to breakeven
140,2025.02.24 14:02:32,2025.02.24 16:32:32,TP1_REACHED,XAUUSD,M15,44,BUY,FULLTGT,EVENING,0,2941.27,2932.21,2941.27,9.06,1.00,9.06,2950.33,2959.40,2968.46,2977.53,2986.59,0.14,0.00,0.14,2950.33,1.00,1.00,0.00,2940.14,2938.22,2936.48,2939.83,2938.03,0.485,3.60,25.79,62.27,68.75,1.04,1.05,-0.02,2938.35,2947.67,1409,1384,85.7,14.3,8,1,CROSS=EMA9>EMA21;TREND=1;STRUCT=1;VOL=1;COOL=1;EMA50=1;VWAP=1;BIAS=1,1.00,-0.69,26864.77,26991.89,full target: no partial booked
141,2025.02.24 16:28:20,2025.02.24 18:58:20,EXIT_BE,XAUUSD,M15,44,BUY,FULLTGT,EVENING,0,2941.27,2932.21,2941.27,9.06,1.00,9.06,2950.33,2959.40,2968.46,2977.53,2986.59,0.14,0.14,0.00,2941.25,0.00,-0.00,-1.26,2942.95,2940.05,2937.58,2942.64,2939.84,0.669,3.70,36.99,59.81,42.82,2.79,1.97,0.82,2940.39,2950.56,2434,1611,71.4,28.6,11,1,CROSS=EMA9>EMA21;TREND=1;STRUCT=1;VOL=1;COOL=1;EMA50=1;VWAP=1;BIAS=1,1.66,-0.69,26864.00,26864.00,stopped at breakeven
142,2025.02.25 01:00:00,2025.02.25 03:30:00,DAY_SUMMARY,XAUUSD,M15,44,FLAT,NA,DAY,0,0.00,0.00,0.00,0.00,1.00,0.00,0.00,0.00,0.00,0.00,0.00,0.00,0.00,0.00,0.00,0.00,-0.00,-1.26,2945.56,2942.74,2939.68,2945.27,2942.54,1.572,1.94,48.35,65.29,67.19,2.15,1.79,0.36,2941.38,2952.62,631,1407,85.7,0.0,11,1,CROSS=EMA9>EMA21;TREND=1;STRUCT=1;VOL=1;COOL=1;EMA50=1;VWAP=1;BIAS=1,0.00,0.00,26864.00,26864.00,2025.02.24 trades=1 W=0 L=1 gross_profit=0.00 gross_loss=1.26 net=-1.26 PF=0.00
143,2025.02.25 09:45:00,2025.02.25 12:15:00,ENTRY,XAUUSD,M15,46,SELL,FULLTGT,DAY,0,2933.88,2939.81,2939.81,5.93,1.00,5.93,2927.95,2922.01,2916.08,2910.14,2904.21,0.22,0.22,0.22,2933.88,0.00,0.00,0.00,2942.56,2942.69,2940.72,2942.91,2942.87,0.664,2.97,30.05,33.00,37.07,-2.80,-2.92,0.12,2943.66,2933.88,1884,1326,14.3,85.7,12,1,CROSS=EMA9<EMA21;TREND=1;STRUCT=1;VOL=1;COOL=1;EMA50=1;VWAP=1;BIAS=1,0.00,0.00,26863.23,26860.59,KZR=London H @ 2954.94 70 bars ago (high taken); DAY 12AM-4PM IST session: stop x1.00 of usual; no partials; full size to TP5; SL steps BE->TP1->TP2->TP3
144,2025.02.25 10:40:58,2025.02.25 13:10:58,EXIT_SL,XAUUSD,M15,46,SELL,FULLTGT,DAY,0,2933.88,2939.81,2939.81,5.93,1.00,5.93,2927.95,2922.01,2916.08,2910.14,2904.21,0.22,0.22,0.00,2939.82,0.00,-1.00,-132.22,2941.51,2942.15,2940.51,2941.78,2942.29,0.505,3.25,32.89,40.01,62.45,-2.97,-2.97,-0.01,2942.13,2935.01,2101,1470,28.6,71.4,8,1,CROSS=EMA9<EMA21;TREND=1;STRUCT=1;VOL=1;COOL=1;EMA50=1;VWAP=1;BIAS=1,0.73,-1.00,26731.78,26731.78,stopped at the initial SL (x1.00 of usual)
145,2025.02.26 01:00:00,2025.02.26 03:30:00,DAY_SUMMARY,XAUUSD,M15,46,FLAT,NA,DAY,0,0.00,0.00,0.00,0.00,1.00,0.00,0.00,0.00,0.00,0.00,0.00,0.00,0.00,0.00,0.00,0.00,-1.00,-132.22,2918.75,2926.57,2932.06,2918.91,2926.81,-1.967,2.79,24.08,52.16,55.54,-0.61,-2.19,1.58,2927.50,2914.82,682,1665,42.9,28.6,11,1,CROSS=EMA9<EMA21;TREND=1;STRUCT=1;VOL=1;COOL=1;EMA50=1;VWAP=1;BIAS=1,0.00,0.00,26731.78,26731.78,2025.02.25 trades=1 W=0 L=1 gross_profit=0.00 gross_loss=132.22 net=-132.22 PF=0.00
146,2025.03.03 01:00:00,2025.03.03 03:30:00,WEEK_SUMMARY,XAUUSD,M15,46,FLAT,NA,DAY,0,0.00,0.00,0.00,0.00,1.00,0.00,0.00,0.00,0.00,0.00,0.00,0.00,0.00,0.00,0.00,0.00,-1.00,-133.48,2853.18,2860.63,2874.73,2852.94,2860.66,-3.926,3.59,32.12,63.72,72.04,1.94,0.22,1.72,2857.01,2859.06,603,1649,71.4,14.3,11,1,CROSS=EMA9<EMA21;TREND=1;STRUCT=1;VOL=1;COOL=1;EMA50=1;VWAP=1;BIAS=1,0.00,0.00,26731.78,26731.78,days=2 trades=2 W=0 L=2 gross_profit=0.00 gross_loss=133.48 net=-133.48 PF=0.00 pips=-596.0
147,2025.03.03 01:00:00,2025.03.03 03:30:00,MONTH_SUMMARY,XAUUSD,M15,46,FLAT,NA,DAY,0,0.00,0.00,0.00,0.00,1.00,0.00,0.00,0.00,0.00,0.00,0.00,0.00,0.00,0.00,0.00,0.00,5.52,651.96,2853.18,2860.63,2874.73,2852.94,2860.66,-3.926,3.59,32.12,63.72,72.04,1.94,0.22,1.72,2857.01,2859.06,603,1649,71.4,14.3,11,1,CROSS=EMA9<EMA21;TREND=1;STRUCT=1;VOL=1;COOL=1;EMA50=1;VWAP=1;BIAS=1,0.00,0.00,26731.78,26731.78,days=10 trades=11 W=5 L=6 gross_profit=1170.98 gross_loss=519.02 net=651.96 PF=2.26 pips=3592.0
148,2025.03.03 12:30:00,2025.03.03 15:00:00,ENTRY,XAUUSD,M15,48,BUY,FULLTGT,DAY,0,2869.19,2861.73,2861.73,7.46,1.00,7.46,2876.65,2884.11,2891.57,2899.03,2906.49,0.17,0.17,0.17,2869.19,0.00,0.00,0.00,2864.10,2864.09,2871.72,2863.89,2863.99,-2.044,3.73,17.25,57.02,56.71,1.07,0.43,0.64,2866.48,2869.12,1459,1614,71.4,0.0,7,1,CROSS=EMA9>EMA21;TREND=1;STRUCT=1;VOL=1;COOL=1;EMA50=1;VWAP=1;BIAS=1,0.00,0.00,26731.18,26729.99,KZR=London L @ 2851.13 274 bars ago (low taken); DAY 12AM-4PM IST session: stop x1.00 of usual; no partials; full size to TP5; SL steps BE->TP1->TP2->TP3
149,2025.03.03 14:30:39,2025.03.03 17:00:39,SL_MOVE,XAUUSD,M15,48,BUY,FULLTGT,EVENING,0,2869.19,2861.73,2869.19,7.46,1.00,7.46,2876.65,2884.11,2891.57,2899.03,2906.49,0.17,0.00,0.17,2869.19,1.00,0.00,0.00,2866.74,2865.51,2871.86,2866.35,2865.29,-2.105,3.02,46.57,65.97,64.91,2.73,2.03,0.70,2867.35,2876.23,1033,1560,85.7,0.0,5,1,CROSS=EMA9>EMA21;TREND=1;STRUCT=1;VOL=1;COOL=1;EMA50=1;VWAP=1;BIAS=1,1.00,-0.09,26731.18,26858.17,stop to breakeven
150,2025.03.03 14:30:39,2025.03.03 17:00:39,TP1_REACHED,XAUUSD,M15,48,BUY,FULLTGT,EVENING,0,2869.19,2861.73,2869.19,7.46,1.00,7.46,2876.65,2884.11,2891.57,2899.03,2906.49,0.17,0.00,0.17,2876.65,1.00,1.00,0.00,2866.74,2865.51,2871.86,2866.35,2865.29,-2.105,3.02,46.57,65.97,64.91,2.73,2.03,0.70,2867.35,2876.23,1033,1560,85.7,0.0,5,1,CROSS=EMA9>EMA21;TREND=1;STRUCT=1;VOL=1;COOL=1;EMA50=1;VWAP=1;BIAS=1,1.00,-0.09,26731.18,26858.17,full target: no partial booked
151,2025.03.03 15:10:40,2025.03.03 17:40:40,EXIT_BE,XAUUSD,M15,48,BUY,FULLTGT,EVENING,0,2869.19,2861.73,2869.19,7.46,1.00,7.46,2876.65,2884.11,2891.57,2899.03,2906.49,0.17,0.17,0.00,2869.17,0.00,-0.00,-1.54,2867.47,2865.93,2871.95,2867.13,2865.73,-2.007,3.00,53.94,63.40,38.44,2.90,2.40,0.50,2867.64,2875.66,973,1561,71.4,14.3,9,1,CROSS=EMA9>EMA21;TREND=1;STRUCT=1;VOL=1;COOL=1;EMA50=1;VWAP=1;BIAS=1,1.13,-0.09,26730.24,26730.24,stopped at breakeven
152,2025.03.04 01:00:00,2025.03.04 03:30:00,DAY_SUMMARY,XAUUSD,M15,48,FLAT,NA,DAY,0,0.00,0.00,0.00,0.00,1.00,0.00,0.00,0.00,0.00,0.00,0.00,0.00,0.00,0.00,0.00,0.00,-0.00,-1.54,2882.71,2876.56,2876.25,2882.30,2876.23,0.074,4.12,32.23,61.16,61.43,2.60,1.99,0.61,2875.50,2892.99,515,1617,85.7,0.0,10,1,CROSS=EMA9>EMA21;TREND=1;STRUCT=1;VOL=1;COOL=1;EMA50=1;VWAP=1;BIAS=1,0.00,0.00,26730.24,26730.24,2025.03.03 trades=1 W=0 L=1 gross_profit=0.00 gross_loss=1.54 net=-1.54 PF=0.00
153,2025.03.06 11:45:00,2025.03.06 14:15:00,ENTRY,XAUUSD,M15,50,SELL,FULLTGT,DAY,0,2898.95,2908.13,2908.13,9.18,1.00,9.18,2889.77,2880.58,2871.40,2862.22,2853.04,0.14,0.14,0.14,2898.95,0.00,0.00,0.00,2915.17,2915.46,2910.88,2915.83,2915.79,0.997,4.59,49.77,20.76,32.67,-4.89,-2.83,-2.05,2914.83,2898.89,2891,1880,0.0,100.0,9,1,CROSS=EMA9<EMA21;TREND=1;STRUCT=1;VOL=1;COOL=1;EMA50=1;VWAP=1;BIAS=1,0.00,0.00,26729.75,26728.49,KZR=NY H @ 2927.81 69 bars ago (high taken); DAY 12AM-4PM IST session: stop x1.00 of usual; no partials; full size to TP5; SL steps BE->TP1->TP2->TP3
154,2025.03.06 15:16:14,2025.03.06 17:46:14,EXIT_SL,XAUUSD,M15,50,SELL,FULLTGT,EVENING,0,2898.95,2908.13,2908.13,9.18,1.00,9.18,2889.77,2880.58,2871.40,2862.22,2853.04,0.14,0.14,0.00,2908.13,0.00,-1.00,-129.50,2909.65,2912.19,2909.72,2909.75,2912.29,0.482,5.14,21.66,51.83,60.00,-2.15,-3.49,1.34,2910.10,2907.19,3089,2430,57.1,28.6,12,1,CROSS=EMA9<EMA21;TREND=1;STRUCT=1;VOL=1;COOL=1;EMA50=1;VWAP=1;BIAS=1,0.85,-1.00,26600.74,26600.74,stopped at the initial SL (x1.00 of usual)
155,2025.03.06 22:15:00,2025.03.07 00:45:00,ENTRY,XAUUSD,M15,52,BUY,FULLTGT,DAY,0,2915.58,2908.00,2908.00,7.58,1.00,7.58,2923.16,2930.74,2938.32,2945.90,2953.48,0.17,0.17,0.17,2915.58,0.00,0.00,0.00,2913.31,2913.29,2910.90,2913.22,2913.25,0.631,3.79,23.87,52.52,49.06,1.13,2.05,-0.91,2911.62,2915.51,1729,2229,42.9,28.6,7,1,CROSS=EMA9>EMA21;TREND=1;STRUCT=1;VOL=1;COOL=1;EMA50=1;VWAP=1;BIAS=1,0.00,0.00,26600.14,26598.95,KZR=NY H @ 2927.81 111 bars ago (high taken); DAY 12AM-4PM IST session: stop x1.00 of usual; no partials; full size to TP5; SL steps BE->TP1->TP2->TP3
156,2025.03.06 23:00:00,2025.03.07 01:30:00,FLIP,XAUUSD,M15,52,BUY,FULLTGT,DAY,0,2915.58,2908.00,2908.00,7.58,1.00,7.58,2923.16,2930.74,2938.32,2945.90,2953.48,0.17,0.00,0.00,2908.81,0.00,-0.89,0.00,2913.18,2913.23,2910.94,2913.36,2913.32,0.621,3.69,24.84,40.06,27.18,0.19,1.32,-1.14,2911.65,2908.80,1898,1993,0.0,71.4,12,1,CROSS=EMA9<EMA21;TREND=1;STRUCT=1;VOL=1;COOL=1;EMA50=1;VWAP=1;BIAS=1,0.13,-0.94,26600.14,26485.05,opposite signal before SL/target | BUY -> SELL | closing trade 52
157,2025.03.06 23:00:00,2025.03.07 01:30:00,EXIT_FLIP,XAUUSD,M15,52,BUY,FULLTGT,DAY,0,2915.58,2908.00,2908.00,7.58,1.00,7.58,2923.16,2930.74,2938.32,2945.90,2953.48,0.17,0.17,0.00,2908.81,0.00,-0.89,0.00,2913.18,2913.23,2910.94,2913.36,2913.32,0.621,3.69,24.84,40.06,27.18,0.19,1.32,-1.14,2911.65,2908.80,1898,1993,0.0,71.4,12,1,CROSS=EMA9<EMA21;TREND=1;STRUCT=1;VOL=1;COOL=1;EMA50=1;VWAP=1;BIAS=1,0.13,-0.94,26484.45,26484.45,FLIP exit
158,2025.03.06 23:00:00,2025.03.07 01:30:00,EXIT_OTHER,XAUUSD,M15,52,BUY,FULLTGT,DAY,0,2915.58,2908.00,2908.00,7.58,1.00,7.58,2923.16,2930.74,2938.32,2945.90,2953.48,0.17,0.17,0.00,2908.81,0.00,-0.89,-116.29,2913.18,2913.23,2910.94,2913.36,2913.32,0.621,3.69,24.84,40.06,27.18,0.19,1.32,-1.14,2911.65,2908.80,1898,1993,0.0,71.4,12,1,CROSS=EMA9<EMA21;TREND=1;STRUCT=1;VOL=1;COOL=1;EMA50=1;VWAP=1;BIAS=1,0.13,-0.94,26484.45,26484.45,FLIP exit
159,2025.03.06 23:00:00,2025.03.07 01:30:00,ENTRY,XAUUSD,M15,54,SELL,FULLTGT,DAY,52,2908.81,2916.19,2916.19,7.38,1.00,7.38,2901.43,2894.05,2886.67,2879.28,2871.90,0.17,0.17,0.17,2908.81,0.00,0.00,0.00,2913.18,2913.23,2910.94,2913.36,2913.32,0.621,3.69,24.84,40.06,27.18,0.19,1.32,-1.14,2911.65,2908.80,1898,1993,0.0,71.4,12,1,CROSS=EMA9<EMA21;TREND=1;STRUCT=1;VOL=1;COOL=1;EMA50=1;VWAP=1;BIAS=1,0.00,0.00,26483.85,26481.81,KZR=NY H @ 2927.81 114 bars ago (high taken); DAY 12AM-4PM IST session: stop x1.00 of usual; no partials; full size to TP5; SL steps BE->TP1->TP2->TP3; flipped from trade 52
160,2025.03.07 01:00:00,2025.03.07 03:30:00,DAY_SUMMARY,XAUUSD,M15,54,SELL,FULLTGT,DAY,52,2908.81,2916.19,2916.19,7.38,1.00,7.38,2901.43,2894.05,2886.67,2879.28,2871.90,0.17,0.00,0.00,0.00,0.00,-1.89,-245.79,2912.78,2913.02,2910.92,2912.86,2913.06,0.652,3.21,29.72,44.88,43.59,-0.67,0.29,-0.96,2911.63,2910.74,537,1642,0.0,85.7,11,1,CROSS=EMA9<EMA21;TREND=1;STRUCT=1;VOL=1;COOL=1;EMA50=1;VWAP=1;BIAS=1,0.05,-0.46,26483.85,26448.58,2025.03.06 trades=2 W=0 L=2 gross_profit=0.00 gross_loss=245.79 net=-245.79 PF=0.00
161,2025.03.07 02:10:19,2025.03.07 04:40:19,SL_MOVE,XAUUSD,M15,54,SELL,FULLTGT,DAY,52,2908.81,2916.19,2908.81,7.38,1.00,7.38,2901.43,2894.05,2886.67,2879.28,2871.90,0.17,0.00,0.17,2908.81,1.00,0.00,0.00,2912.56,2912.89,2910.94,2912.65,2912.94,0.724,2.69,23.85,44.68,23.89,-0.73,-0.47,-0.26,2911.54,2910.47,640,1324,0.0,71.4,13,1,CROSS=EMA9<EMA21;TREND=1;STRUCT=1;VOL=1;COOL=1;EMA50=1;VWAP=1;BIAS=1,1.00,-0.65,26483.85,26618.92,stop to breakeven
162,2025.03.07 02:10:19,2025.03.07 04:40:19,TP1_REACHED,XAUUSD,M15,54,SELL,FULLTGT,DAY,52,2908.81,2916.19,2908.81,7.38,1.00,7.38,2901.43,2894.05,2886.67,2879.28,2871.90,0.17,0.00,0.17,2901.43,1.00,1.00,0.00,2912.56,2912.89,2910.94,2912.65,2912.94,0.724,2.69,23.85,44.68,23.89,-0.73,-0.47,-0.26,2911.54,2910.47,640,1324,0.0,71.4,13,1,CROSS=EMA9<EMA21;TREND=1;STRUCT=1;VOL=1;COOL=1;EMA50=1;VWAP=1;BIAS=1,1.00,-0.65,26483.85,26618.92,full target: no partial booked
163,2025.03.07 03:43:40,2025.03.07 06:13:40,EXIT_BE,XAUUSD,M15,54,SELL,FULLTGT,DAY,52,2908.81,2916.19,2908.81,7.38,1.00,7.38,2901.43,2894.05,2886.67,2879.28,2871.90,0.17,0.17,0.00,2908.82,0.00,-0.00,6.20,2910.57,2911.79,2910.49,2910.88,2911.97,0.344,3.79,35.98,37.58,50.03,-2.66,-1.72,-0.93,2904.68,2902.97,1764,1245,14.3,85.7,9,1,CROSS=EMA9<EMA21;TREND=1;STRUCT=1;VOL=1;COOL=1;EMA50=1;VWAP=1;BIAS=1,1.62,-0.65,26490.65,26490.65,stopped at breakeven
164,2025.03.07 11:00:00,2025.03.07 13:30:00,ENTRY,XAUUSD,M15,56,BUY,FULLTGT,DAY,0,2922.50,2916.80,2916.80,5.70,1.00,5.70,2928.20,2933.91,2939.61,2945.32,2951.02,0.23,0.23,0.23,2922.50,0.00,0.00,0.00,2911.71,2911.62,2910.62,2911.27,2911.40,0.349,2.85,56.08,73.00,78.33,3.18,1.95,1.23,2909.66,2922.48,1875,1502,100.0,0.0,6,1,CROSS=EMA9>EMA21;TREND=1;STRUCT=1;VOL=1;COOL=1;EMA50=1;VWAP=1;BIAS=1,0.00,0.00,26489.84,26488.46,KZR=NY H @ 2927.81 162 bars ago (high taken); DAY 12AM-4PM IST session: stop x1.00 of usual; no partials; full size to TP5; SL steps BE->TP1->TP2->TP3
165,2025.03.07 15:00:41,2025.03.07 17:30:41,EXIT_SL,XAUUSD,M15,56,BUY,FULLTGT,EVENING,0,2922.50,2916.80,2916.80,5.70,1.00,5.70,2928.20,2933.91,2939.61,2945.32,2951.02,0.23,0.23,0.00,2916.80,0.00,-1.00,-132.72,2915.81,2914.03,2912.08,2915.70,2913.94,0.672,2.91,22.12,51.50,43.25,1.68,2.18,-0.50,2913.37,2918.64,2114,1937,42.9,42.9,10,1,CROSS=EMA9>EMA21;TREND=1;STRUCT=1;VOL=1;COOL=1;EMA50=1;VWAP=1;BIAS=1,0.08,-0.99,26357.93,26357.93,stopped at the initial SL (x1.00 of usual)
166,2025.03.07 21:30:00,2025.03.08 00:00:00,ENTRY,XAUUSD,M15,58,SELL,FULLTGT,DAY,0,2906.06,2914.91,2914.91,8.85,1.00,8.85,2897.21,2888.35,2879.50,2870.64,2861.79,0.14,0.14,0.14,2906.06,0.00,0.00,0.00,2913.59,2913.67,2912.40,2913.90,2913.82,0.285,4.43,28.28,36.83,44.36,-3.32,-2.74,-0.58,2914.00,2906.04,1686,2615,0.0,85.7,12,1,CROSS=EMA9<EMA21;TREND=1;STRUCT=1;VOL=1;COOL=1;EMA50=1;VWAP=1;BIAS=1,0.00,0.00,26357.44,26355.76,KZR=Asia H @ 2926.55 18 bars ago (high taken); DAY 12AM-4PM IST session: stop x1.00 of usual; no partials; full size to TP5; SL steps BE->TP1->TP2->TP3
167,2025.03.07 23:42:00,2025.03.08 02:12:00,EXIT_WEEKEND,XAUUSD,M15,58,SELL,FULLTGT,DAY,0,2906.06,2914.91,2914.91,8.85,1.00,8.85,2897.21,2888.35,2879.50,2870.64,2861.79,0.14,0.14,0.00,2911.71,0.00,-0.64,0.00,2912.25,2912.92,2912.11,2912.28,2912.95,0.264,3.06,25.98,52.24,60.54,-1.47,-2.63,1.17,2913.59,2911.51,448,1933,42.9,42.9,41,1,CROSS=EMA9<EMA21;TREND=1;STRUCT=1;VOL=1;COOL=1;EMA50=1;VWAP=1;BIAS=1,0.16,-0.68,26277.85,26277.85,WEEKEND exit
168,2025.03.07 23:42:01,2025.03.08 02:12:01,EXIT_WEEKEND,XAUUSD,M15,58,SELL,FULLTGT,DAY,0,2906.06,2914.91,2914.91,8.85,1.00,8.85,2897.21,2888.35,2879.50,2870.64,2861.79,0.14,0.14,0.00,2911.71,0.00,-0.64,-80.08,2912.25,2912.92,2912.11,2912.28,2912.95,0.264,3.06,25.98,52.24,60.54,-1.47,-2.63,1.17,2913.59,2911.51,448,1933,42.9,42.9,41,1,CROSS=EMA9<EMA21;TREND=1;STRUCT=1;VOL=1;COOL=1;EMA50=1;VWAP=1;BIAS=1,0.16,-0.68,26277.85,26277.85,flattened before the Friday close
169,2025.03.10 01:00:00,2025.03.10 03:30:00,DAY_SUMMARY,XAUUSD,M15,58,FLAT,NA,DAY,0,0.00,0.00,0.00,0.00,1.00,0.00,0.00,0.00,0.00,0.00,0.00,0.00,0.00,0.00,0.00,0.00,-1.64,-206.60,2912.20,2912.86,2912.10,2912.21,2912.88,0.286,2.68,31.89,53.33,60.42,-0.90,-2.14,1.23,2913.58,2911.94,345,1718,42.9,42.9,11,1,CROSS=EMA9<EMA21;TREND=1;STRUCT=1;VOL=1;COOL=1;EMA50=1;VWAP=1;BIAS=1,0.00,0.00,26277.85,26277.85,2025.03.07 trades=3 W=1 L=2 gross_profit=6.20 gross_loss=212.80 net=-206.60 PF=0.03
170,2025.03.10 01:00:00,2025.03.10 03:30:00,WEEK_SUMMARY,XAUUSD,M15,58,FLAT,NA,DAY,0,0.00,0.00,0.00,0.00,1.00,0.00,0.00,0.00,0.00,0.00,0.00,0.00,0.00,0.00,0.00,0.00,-3.53,-453.93,2912.20,2912.86,2912.10,2912.21,2912.88,0.286,2.68,31.89,53.33,60.42,-0.90,-2.14,1.23,2913.58,2911.94,345,1718,42.9,42.9,11,1,CROSS=EMA9<EMA21;TREND=1;STRUCT=1;VOL=1;COOL=1;EMA50=1;VWAP=1;BIAS=1,0.00,0.00,26277.85,26277.85,days=3 trades=6 W=1 L=5 gross_profit=6.20 gross_loss=460.13 net=-453.93 PF=0.01 pips=-2733.0
171,2025.03.10 04:45:00,2025.03.10 07:15:00,ENTRY,XAUUSD,M15,60,BUY,FULLTGT,DAY,0,2915.50,2909.99,2909.99,5.51,1.00,5.51,2921.01,2926.51,2932.02,2937.52,2943.03,0.23,0.23,0.23,2915.50,0.00,0.00,0.00,2913.34,2913.33,2912.45,2913.26,2913.29,0.320,2.75,49.01,55.63,51.53,1.09,1.06,0.03,2914.82,2915.43,1412,920,100.0,0.0,7,1,CROSS=EMA9>EMA21;TREND=1;STRUCT=1;VOL=1;COOL=1;EMA50=1;VWAP=1;BIAS=1,0.00,0.00,26277.04,26275.43,KZR=Asia H @ 2926.55 239 bars ago (high taken); DAY 12AM-4PM IST session: stop x1.00 of usual; no partials; full size to TP5; SL steps BE->TP1->TP2->TP3
172,2025.03.10 05:00:00,2025.03.10 07:30:00,FLIP,XAUUSD,M15,60,BUY,FULLTGT,DAY,0,2915.50,2909.99,2909.99,5.51,1.00,5.51,2921.01,2926.51,2932.02,2937.52,2943.03,0.23,0.00,0.00,2912.11,0.00,-0.62,0.00,2913.29,2913.31,2912.44,2913.34,2913.33,0.310,2.77,44.12,46.55,37.68,0.81,1.07,-0.26,2914.65,2912.11,1559,912,0.0,100.0,7,1,CROSS=EMA9<EMA21;TREND=1;STRUCT=1;VOL=1;COOL=1;EMA50=1;VWAP=1;BIAS=1,0.00,-0.74,26277.04,26199.07,opposite signal before SL/target | BUY -> SELL | closing trade 60
173,2025.03.10 05:00:00,2025.03.10 07:30:00,EXIT_FLIP,XAUUSD,M15,60,BUY,FULLTGT,DAY,0,2915.50,2909.99,2909.99,5.51,1.00,5.51,2921.01,2926.51,2932.02,2937.52,2943.03,0.23,0.23,0.00,2912.11,0.00,-0.62,0.00,2913.29,2913.31,2912.44,2913.34,2913.33,0.310,2.77,44.12,46.55,37.68,0.81,1.07,-0.26,2914.65,2912.11,1559,912,0.0,100.0,7,1,CROSS=EMA9<EMA21;TREND=1;STRUCT=1;VOL=1;COOL=1;EMA50=1;VWAP=1;BIAS=1,0.00,-0.74,26198.26,26198.26,FLIP exit
174,2025.03.10 05:00:00,2025.03.10 07:30:00,EXIT_OTHER,XAUUSD,M15,60,BUY,FULLTGT,DAY,0,2915.50,2909.99,2909.99,5.51,1.00,5.51,2921.01,2926.51,2932.02,2937.52,2943.03,0.23,0.23,0.00,2912.11,0.00,-0.62,-79.59,2913.29,2913.31,2912.44,2913.34,2913.33,0.310,2.77,44.12,46.55,37.68,0.81,1.07,-0.26,2914.65,2912.11,1559,912,0.0,100.0,7,1,CROSS=EMA9<EMA21;TREND=1;STRUCT=1;VOL=1;COOL=1;EMA50=1;VWAP=1;BIAS=1,0.00,-0.74,26198.26,26198.26,FLIP exit
175,2025.03.10 05:00:00,2025.03.10 07:30:00,ENTRY,XAUUSD,M15,62,SELL,FULLTGT,DAY,60,2912.11,2917.66,2917.66,5.55,1.00,5.55,2906.56,2901.02,2895.47,2889.92,2884.37,0.23,0.23,0.23,2912.11,0.00,0.00,0.00,2913.29,2913.31,2912.44,2913.34,2913.33,0.310,2.77,44.12,46.55,37.68,0.81,1.07,-0.26,2914.65,2912.11,1559,912,0.0,100.0,7,1,CROSS=EMA9<EMA21;TREND=1;STRUCT=1;VOL=1;COOL=1;EMA50=1;VWAP=1;BIAS=1,0.00,0.00,26197.45,26195.84,KZR=Asia H @ 2926.55 240 bars ago (high taken); DAY 12AM-4PM IST session: stop x1.00 of usual; no partials; full size to TP5; SL steps BE->TP1->TP2->TP3; flipped from trade 60
176,2025.03.10 10:54:38,2025.03.10 13:24:38,SL_MOVE,XAUUSD,M15,62,SELL,FULLTGT,DAY,60,2912.11,2917.66,2912.11,5.55,1.00,5.55,2906.56,2901.02,2895.47,2889.92,2884.37,0.23,0.00,0.23,2912.11,1.00,0.00,0.00,2912.39,2912.71,2912.28,2912.34,2912.69,0.161,2.66,25.59,53.96,40.16,0.36,-0.29,0.65,2912.87,2913.56,1414,1085,57.1,42.9,12,1,CROSS=EMA9<EMA21;TREND=1;STRUCT=1;VOL=1;COOL=1;EMA50=1;VWAP=1;BIAS=1,1.00,-0.62,26197.45,26325.56,stop to breakeven
177,2025.03.10 10:54:38,2025.03.10 13:24:38,TP1_REACHED,XAUUSD,M15,62,SELL,FULLTGT,DAY,60,2912.11,2917.66,2912.11,5.55,1.00,5.55,2906.56,2901.02,2895.47,2889.92,2884.37,0.23,0.00,0.23,2906.56,1.00,1.00,0.00,2912.39,2912.71,2912.28,2912.34,2912.69,0.161,2.66,25.59,53.96,40.16,0.36,-0.29,0.65,2912.87,2913.56,1414,1085,57.1,42.9,12,1,CROSS=EMA9<EMA21;TREND=1;STRUCT=1;VOL=1;COOL=1;EMA50=1;VWAP=1;BIAS=1,1.00,-0.62,26197.45,26325.56,full target: no partial booked
178,2025.03.10 11:43:30,2025.03.10 14:13:30,SL_MOVE,XAUUSD,M15,62,SELL,FULLTGT,DAY,60,2912.11,2917.66,2906.56,5.55,1.00,5.55,2906.56,2901.02,2895.47,2889.92,2884.37,0.23,0.00,0.23,2906.56,2.00,0.00,0.00,2911.70,2912.33,2912.10,2912.02,2912.51,0.063,3.68,24.52,33.17,33.54,-0.98,-0.19,-0.79,2912.08,2903.81,2157,1259,0.0,85.7,9,1,CROSS=EMA9<EMA21;TREND=1;STRUCT=1;VOL=1;COOL=1;EMA50=1;VWAP=1;BIAS=1,2.00,-0.62,26197.45,26453.44,stop trailed to TP1
179,2025.03.10 11:43:30,2025.03.10 14:13:30,TP2_REACHED,XAUUSD,M15,62,SELL,FULLTGT,DAY,60,2912.11,2917.66,2906.56,5.55,1.00,5.55,2906.56,2901.02,2895.47,2889.92,2884.37,0.23,0.00,0.23,2901.02,2.00,2.00,0.00,2911.70,2912.33,2912.10,2912.02,2912.51,0.063,3.68,24.52,33.17,33.54,-0.98,-0.19,-0.79,2912.08,2903.81,2157,1259,0.0,85.7,9,1,CROSS=EMA9<EMA21;TREND=1;STRUCT=1;VOL=1;COOL=1;EMA50=1;VWAP=1;BIAS=1,2.00,-0.62,26197.45,26453.44,full target: no partial booked
180,2025.03.10 12:14:26,2025.03.10 14:44:26,EXIT_TRAIL_SL,XAUUSD,M15,62,SELL,FULLTGT,DAY,60,2912.11,2917.66,2906.56,5.55,1.00,5.55,2906.56,2901.02,2895.47,2889.92,2884.37,0.23,0.23,0.00,2906.60,0.00,0.99,125.11,2910.73,2911.82,2911.85,2911.26,2912.10,-0.008,3.65,32.02,25.83,45.96,-2.39,-0.54,-1.85,2911.13,2897.91,2060,1368,0.0,100.0,6,1,CROSS=EMA9<EMA21;TREND=1;STRUCT=1;VOL=1;COOL=1;EMA50=1;VWAP=1;BIAS=1,2.75,-0.62,26323.37,26323.37,stopped at a trailed level
181,2025.03.11 01:00:00,2025.03.11 03:30:00,DAY_SUMMARY,XAUUSD,M15,62,FLAT,NA,DAY,60,0.00,0.00,0.00,0.00,1.00,0.00,0.00,0.00,0.00,0.00,0.00,0.00,0.00,0.00,0.00,0.00,0.38,45.52,2897.24,2902.65,2906.57,2897.57,2902.92,-0.792,4.95,27.20,43.69,55.27,-3.87,-4.93,1.06,2903.65,2889.24,475,1842,28.6,57.1,11,1,CROSS=EMA9<EMA21;TREND=1;STRUCT=1;VOL=1;COOL=1;EMA50=1;VWAP=1;BIAS=1,0.00,0.00,26323.37,26323.37,2025.03.10 trades=2 W=1 L=1 gross_profit=125.11 gross_loss=79.59 net=45.52 PF=1.57
182,2025.03.11 13:15:00,2025.03.11 15:45:00,ENTRY,XAUUSD,M15,64,BUY,FULLTGT,DAY,0,2911.70,2905.90,2905.90,5.80,1.00,5.80,2917.50,2923.30,2929.10,2934.91,2940.71,0.22,0.22,0.22,2911.70,0.00,0.00,0.00,2900.14,2900.09,2903.04,2899.68,2899.86,-1.018,2.90,49.04,77.15,67.85,4.35,3.61,0.74,2897.09,2911.59,987,1370,85.7,0.0,11,1,CROSS=EMA9>EMA21;TREND=1;STRUCT=1;VOL=1;COOL=1;EMA50=1;VWAP=1;BIAS=1,0.00,0.00,26322.60,26320.18,KZR=Asia L @ 2881.96 64 bars ago (low taken); DAY 12AM-4PM IST session: stop x1.00 of usual; no partials; full size to TP5; SL steps BE->TP1->TP2->TP3
183,2025.03.11 16:36:04,2025.03.11 19:06:04,SL_MOVE,XAUUSD,M15,64,BUY,FULLTGT,EVENING,0,2911.70,2905.90,2911.70,5.80,1.00,5.80,2917.50,2923.30,2929.10,2934.91,2940.71,0.22,0.00,0.22,2911.70,1.00,0.00,0.00,2905.27,2903.01,2904.24,2905.02,2902.84,-0.374,3.29,32.81,54.99,58.67,2.57,3.65,-1.08,2901.12,2911.35,1907,1504,85.7,14.3,11,1,CROSS=EMA9>EMA21;TREND=1;STRUCT=1;VOL=1;COOL=1;EMA50=1;VWAP=1;BIAS=1,1.00,-0.82,26322.60,26450.64,stop to breakeven
184,2025.03.11 16:36:04,2025.03.11 19:06:04,TP1_REACHED,XAUUSD,M15,64,BUY,FULLTGT,EVENING,0,2911.70,2905.90,2911.70,5.80,1.00,5.80,2917.50,2923.30,2929.10,2934.91,2940.71,0.22,0.00,0.22,2917.50,1.00,1.00,0.00,2905.27,2903.01,2904.24,2905.02,2902.84,-0.374,3.29,32.81,54.99,58.67,2.57,3.65,-1.08,2901.12,2911.35,1907,1504,85.7,14.3,11,1,CROSS=EMA9>EMA21;TREND=1;STRUCT=1;VOL=1;COOL=1;EMA50=1;VWAP=1;BIAS=1,1.00,-0.82,26322.60,26450.64,full target: no partial booked
185,2025.03.12 04:07:27,2025.03.12 06:37:27,EXIT_BE,XAUUSD,M15,64,BUY,FULLTGT,DAY,0,2911.70,2905.90,2911.70,5.80,1.00,5.80,2917.50,2923.30,2929.10,2934.91,2940.71,0.22,0.22,0.00,2911.70,0.00,0.00,-15.45,2914.51,2910.86,2908.58,2914.53,2910.79,1.139,2.00,32.04,44.17,33.54,-0.54,0.03,-0.57,2915.68,2914.22,777,725,28.6,71.4,9,1,CROSS=EMA9>EMA21;TREND=1;STRUCT=1;VOL=1;COOL=1;EMA50=1;VWAP=1;BIAS=1,1.79,-0.82,26307.92,26307.92,stopped at breakeven
186,2025.03.13 01:00:00,2025.03.13 03:30:00,DAY_SUMMARY,XAUUSD,M15,64,FLAT,NA,DAY,0,0.00,0.00,0.00,0.00,1.00,0.00,0.00,0.00,0.00,0.00,0.00,0.00,0.00,0.00,0.00,0.00,0.00,-15.45,2926.89,2921.62,2916.33,2926.63,2921.38,2.241,2.36,27.01,57.32,49.14,2.23,3.39,-1.16,2920.91,2933.31,544,1492,57.1,28.6,11,1,CROSS=EMA9>EMA21;TREND=1;STRUCT=1;VOL=1;COOL=1;EMA50=1;VWAP=1;BIAS=1,0.00,0.00,26307.92,26307.92,2025.03.12 trades=1 W=0 L=1 gross_profit=0.00 gross_loss=15.45 net=-15.45 PF=0.00
187,2025.03.17 01:00:00,2025.03.17 03:30:00,WEEK_SUMMARY,XAUUSD,M15,64,FLAT,NA,DAY,0,0.00,0.00,0.00,0.00,1.00,0.00,0.00,0.00,0.00,0.00,0.00,0.00,0.00,0.00,0.00,0.00,0.38,30.07,2987.00,2982.87,2969.37,2987.03,2982.80,5.340,2.53,36.09,49.69,55.39,-1.02,-1.38,0.36,2988.82,2986.24,527,1080,42.9,42.9,11,1,CROSS=EMA9>EMA21;TREND=1;STRUCT=1;VOL=1;COOL=1;EMA50=1;VWAP=1;BIAS=1,0.00,0.00,26307.92,26307.92,days=2 trades=3 W=1 L=2 gross_profit=125.11 gross_loss=95.04 net=30.07 PF=1.32 pips=212.0
188,2025.03.20 17:00:00,2025.03.20 19:30:00,ENTRY,XAUUSD,M15,66,SELL,FULLTGT,EVENING,0,3032.85,3042.87,3042.87,10.02,1.00,10.02,3022.83,3012.82,3002.80,2992.79,2982.77,0.13,0.13,0.13,3032.85,0.00,0.00,0.00,3040.33,3040.34,3033.81,3040.64,3040.50,1.305,5.01,18.16,42.66,43.37,-2.47,-2.86,0.38,3042.62,3032.88,2491,2013,14.3,71.4,10,1,CROSS=EMA9<EMA21;TREND=1;STRUCT=1;VOL=1;COOL=1;EMA50=1;VWAP=1;BIAS=1,0.00,0.00,26307.46,26306.16,KZR=Asia H @ 3056.42 37 bars ago (high taken); EVENING 4PM-12AM IST session: stop x1.00 of usual; no partials; full size to TP5; SL steps BE->TP1->TP2->TP3
189,2025.03.20 19:16:27,2025.03.20 21:46:27,EXIT_SL,XAUUSD,M15,66,SELL,FULLTGT,EVENING,0,3032.85,3042.87,3042.87,10.02,1.00,10.02,3022.83,3012.82,3002.80,2992.79,2982.77,0.13,0.13,0.00,3042.87,0.00,-1.00,-131.18,3039.94,3040.11,3034.25,3039.85,3040.07,1.256,4.67,24.61,56.00,59.32,0.23,-1.06,1.29,3041.77,3041.94,1844,2109,57.1,14.3,10,1,CROSS=EMA9<EMA21;TREND=1;STRUCT=1;VOL=1;COOL=1;EMA50=1;VWAP=1;BIAS=1,0.21,-1.00,26176.74,26176.74,stopped at the initial SL (x1.00 of usual)
190,2025.03.20 22:15:00,2025.03.21 00:45:00,ENTRY,XAUUSD,M15,68,BUY,FULLTGT,DAY,0,3044.06,3036.91,3036.91,7.15,1.00,7.15,3051.21,3058.37,3065.52,3072.68,3079.83,0.18,0.18,0.18,3044.06,0.00,0.00,0.00,3040.28,3040.22,3034.96,3040.13,3040.15,1.472,3.58,22.91,57.25,59.82,1.40,0.56,0.84,3041.58,3043.99,906,1538,71.4,0.0,7,1,CROSS=EMA9>EMA21;TREND=1;STRUCT=1;VOL=1;COOL=1;EMA50=1;VWAP=1;BIAS=1,0.00,0.00,26176.11,26174.85,KZR=NY H @ 3042.38 11 bars ago (high taken); DAY 12AM-4PM IST session: stop x1.00 of usual; no partials; full size to TP5; SL steps BE->TP1->TP2->TP3
191,2025.03.21 01:00:00,2025.03.21 03:30:00,DAY_SUMMARY,XAUUSD,M15,68,BUY,FULLTGT,DAY,0,3044.06,3036.91,3036.91,7.15,1.00,7.15,3051.21,3058.37,3065.52,3072.68,3079.83,0.18,0.00,0.00,0.00,0.00,-1.00,-131.18,3041.44,3040.85,3035.64,3041.31,3040.78,2.321,2.24,25.98,56.17,51.37,1.75,1.67,0.08,3041.71,3044.47,319,1061,85.7,0.0,11,1,CROSS=EMA9>EMA21;TREND=1;STRUCT=1;VOL=1;COOL=1;EMA50=1;VWAP=1;BIAS=1,0.28,-0.08,26176.11,26168.87,2025.03.20 trades=1 W=0 L=1 gross_profit=0.00 gross_loss=131.18 net=-131.18 PF=0.00
192,2025.03.21 04:45:38,2025.03.21 07:15:38,EXIT_SL,XAUUSD,M15,68,BUY,FULLTGT,DAY,0,3044.06,3036.91,3036.91,7.15,1.00,7.15,3051.21,3058.37,3065.52,3072.68,3079.83,0.18,0.18,0.00,3036.87,0.00,-1.00,-142.06,3042.47,3041.63,3036.79,3042.63,3041.69,2.342,2.06,16.88,34.99,26.82,-0.11,0.84,-0.95,3043.46,3038.43,1113,568,14.3,71.4,13,1,CROSS=EMA9>EMA21;TREND=1;STRUCT=1;VOL=1;COOL=1;EMA50=1;VWAP=1;BIAS=1,0.48,-1.00,26034.68,26034.68,stopped at the initial SL (x1.00 of usual)
193,2025.03.21 06:15:00,2025.03.21 08:45:00,ENTRY,XAUUSD,M15,70,SELL,FULLTGT,DAY,0,3031.63,3036.51,3036.51,4.88,1.00,4.88,3026.75,3021.88,3017.00,3012.12,3007.24,0.26,0.26,0.26,3031.63,0.00,0.00,0.00,3040.76,3040.82,3036.66,3041.13,3041.01,1.707,2.44,41.05,22.95,17.03,-2.45,-0.98,-1.47,3039.34,3031.53,1369,800,0.0,100.0,7,1,CROSS=EMA9<EMA21;TREND=1;STRUCT=1;VOL=1;COOL=1;EMA50=1;VWAP=1;BIAS=1,0.00,0.00,26033.77,26031.95,KZR=NY H @ 3042.38 43 bars ago (high taken); DAY 12AM-4PM IST session: stop x1.00 of usual; no partials; full size to TP5; SL steps BE->TP1->TP2->TP3
194,2025.03.21 08:30:05,2025.03.21 11:00:05,SL_MOVE,XAUUSD,M15,70,SELL,FULLTGT,DAY,0,3031.63,3036.51,3031.63,4.88,1.00,4.88,3026.75,3021.88,3017.00,3012.12,3007.24,0.26,0.00,0.26,3031.63,1.00,0.00,0.00,3037.48,3039.03,3036.09,3037.90,3039.28,1.288,2.29,57.98,21.53,25.90,-3.57,-3.22,-0.34,3036.47,3027.13,821,1011,0.0,85.7,7,1,CROSS=EMA9<EMA21;TREND=1;STRUCT=1;VOL=1;COOL=1;EMA50=1;VWAP=1;BIAS=1,1.00,-0.27,26033.77,26160.65,stop to breakeven
195,2025.03.21 08:30:05,2025.03.21 11:00:05,TP1_REACHED,XAUUSD,M15,70,SELL,FULLTGT,DAY,0,3031.63,3036.51,3031.63,4.88,1.00,4.88,3026.75,3021.88,3017.00,3012.12,3007.24,0.26,0.00,0.26,3026.75,1.00,1.00,0.00,3037.48,3039.03,3036.09,3037.90,3039.28,1.288,2.29,57.98,21.53,25.90,-3.57,-3.22,-0.34,3036.47,3027.13,821,1011,0.0,85.7,7,1,CROSS=EMA9<EMA21;TREND=1;STRUCT=1;VOL=1;COOL=1;EMA50=1;VWAP=1;BIAS=1,1.00,-0.27,26033.77,26160.65,full target: no partial booked
196,2025.03.21 09:08:41,2025.03.21 11:38:41,EXIT_BE,XAUUSD,M15,70,SELL,FULLTGT,DAY,0,3031.63,3036.51,3031.63,4.88,1.00,4.88,3026.75,3021.88,3017.00,3012.12,3007.24,0.26,0.26,0.00,3031.65,0.00,-0.00,-2.34,3036.64,3038.54,3035.90,3036.99,3038.75,0.936,2.83,61.01,33.06,54.94,-3.70,-3.41,-0.29,3035.17,3028.13,1592,1126,28.6,71.4,9,1,CROSS=EMA9<EMA21;TREND=1;STRUCT=1;VOL=1;COOL=1;EMA50=1;VWAP=1;BIAS=1,2.01,-0.27,26032.34,26032.34,stopped at breakeven
197,2025.03.24 01:00:00,2025.03.24 03:30:00,DAY_SUMMARY,XAUUSD,M15,70,FLAT,NA,DAY,0,0.00,0.00,0.00,0.00,1.00,0.00,0.00,0.00,0.00,0.00,0.00,0.00,0.00,0.00,0.00,0.00,-1.01,-144.40,3022.24,3027.08,3030.08,3022.21,3027.17,-1.166,2.58,30.46,56.90,63.85,0.64,-0.40,1.05,3024.97,3022.94,479,1071,57.1,28.6,11,1,CROSS=EMA9<EMA21;TREND=1;STRUCT=1;VOL=1;COOL=1;EMA50=1;VWAP=1;BIAS=1,0.00,0.00,26032.34,26032.34,2025.03.21 trades=2 W=0 L=2 gross_profit=0.00 gross_loss=144.40 net=-144.40 PF=0.00
198,2025.03.24 01:00:00,2025.03.24 03:30:00,WEEK_SUMMARY,XAUUSD,M15,70,FLAT,NA,DAY,0,0.00,0.00,0.00,0.00,1.00,0.00,0.00,0.00,0.00,0.00,0.00,0.00,0.00,0.00,0.00,0.00,-2.01,-275.58,3022.24,3027.08,3030.08,3022.21,3027.17,-1.166,2.58,30.46,56.90,63.85,0.64,-0.40,1.05,3024.97,3022.94,479,1071,57.1,28.6,11,1,CROSS=EMA9<EMA21;TREND=1;STRUCT=1;VOL=1;COOL=1;EMA50=1;VWAP=1;BIAS=1,0.00,0.00,26032.34,26032.34,days=2 trades=3 W=0 L=3 gross_profit=0.00 gross_loss=275.58 net=-275.58 PF=0.00 pips=-1723.0
199,2025.03.25 14:15:00,2025.03.25 16:45:00,ENTRY,XAUUSD,M15,72,BUY,FULLTGT,EVENING,0,3024.40,3018.96,3018.96,5.44,1.00,5.44,3029.84,3035.28,3040.72,3046.16,3051.60,0.23,0.23,0.23,3024.40,0.00,0.00,0.00,3017.34,3017.26,3020.11,3017.06,3017.12,-1.045,2.72,32.96,64.98,60.12,2.36,1.98,0.38,3015.98,3024.35,913,1125,85.7,0.0,5,1,CROSS=EMA9>EMA21;TREND=1;STRUCT=1;VOL=1;COOL=1;EMA50=1;VWAP=1;BIAS=1,0.00,0.00,26031.53,26030.38,KZR=NY L @ 3004.19 68 bars ago (low taken); EVENING 4PM-12AM IST session: stop x1.00 of usual; no partials; full size to TP5; SL steps BE->TP1->TP2->TP3
200,2025.03.25 15:04:26,2025.03.25 17:34:26,EXIT_SL,XAUUSD,M15,72,BUY,FULLTGT,EVENING,0,3024.40,3018.96,3018.96,5.44,1.00,5.44,3029.84,3035.28,3040.72,3046.16,3051.60,0.23,0.23,0.00,3018.96,0.00,-1.00,-126.74,3017.99,3017.61,3020.20,3017.88,3017.54,-1.051,2.46,33.42,52.26,40.34,2.09,2.23,-0.14,3016.51,3020.77,1412,1159,57.1,42.9,7,1,CROSS=EMA9>EMA21;TREND=1;STRUCT=1;VOL=1;COOL=1;EMA50=1;VWAP=1;BIAS=1,0.39,-1.00,25905.60,25905.60,stopped at the initial SL (x1.00 of usual)
201,2025.03.26 01:00:00,2025.03.26 03:30:00,DAY_SUMMARY,XAUUSD,M15,72,FLAT,NA,DAY,0,0.00,0.00,0.00,0.00,1.00,0.00,0.00,0.00,0.00,0.00,0.00,0.00,0.00,0.00,0.00,0.00,-1.00,-126.74,3020.82,3019.88,3020.81,3020.86,3019.89,-0.536,1.72,26.73,45.50,47.60,-0.80,-0.87,0.08,3020.09,3019.81,339,889,28.6,57.1,11,1,CROSS=EMA9>EMA21;TREND=1;STRUCT=1;VOL=1;COOL=1;EMA50=1;VWAP=1;BIAS=1,0.00,0.00,25905.60,25905.60,2025.03.25 trades=1 W=0 L=1 gross_profit=0.00 gross_loss=126.74 net=-126.74 PF=0.00
202,2025.03.26 19:45:00,2025.03.26 22:15:00,ENTRY,XAUUSD,M15,74,SELL,FULLTGT,EVENING,0,3015.80,3024.22,3024.22,8.42,1.00,8.42,3007.38,2998.95,2990.53,2982.10,2973.68,0.15,0.15,0.15,3015.80,0.00,0.00,0.00,3021.19,3021.23,3021.29,3021.41,3021.34,-0.014,4.21,21.92,40.20,42.88,-1.93,-1.79,-0.14,3021.70,3015.83,1657,2085,0.0,71.4,12,1,CROSS=EMA9<EMA21;TREND=1;STRUCT=1;VOL=1;COOL=1;EMA50=1;VWAP=1;BIAS=1,0.00,0.00,25905.07,25903.27,KZR=NY L @ 3004.19 186 bars ago (low taken); EVENING 4PM-12AM IST session: stop x1.00 of usual; no partials; full size to TP5; SL steps BE->TP1->TP2->TP3
203,2025.03.27 03:05:19,2025.03.27 05:35:19,EXIT_SL,XAUUSD,M15,74,SELL,FULLTGT,DAY,0,3015.80,3024.22,3024.22,8.42,1.00,8.42,3007.38,2998.95,2990.53,2982.10,2973.68,0.15,0.15,0.00,3024.22,0.00,-1.00,-107.32,3019.86,3020.34,3020.76,3019.80,3020.31,-0.193,2.19,16.70,57.91,69.33,0.34,-0.02,0.36,3019.66,3021.48,867,1191,57.1,14.3,17,1,CROSS=EMA9<EMA21;TREND=1;STRUCT=1;VOL=1;COOL=1;EMA50=1;VWAP=1;BIAS=1,0.06,-1.00,25798.28,25798.28,stopped at the initial SL (x1.00 of usual)
204,2025.03.27 04:30:00,2025.03.27 07:00:00,ENTRY,XAUUSD,M15,76,BUY,FULLTGT,DAY,0,3027.05,3022.28,3022.28,4.77,1.00,4.77,3031.82,3036.59,3041.36,3046.14,3050.91,0.27,0.27,0.27,3027.05,0.00,0.00,0.00,3020.86,3020.81,3020.98,3020.62,3020.69,-0.071,2.39,37.84,71.80,66.93,1.63,0.78,0.85,3022.58,3026.87,2103,1179,100.0,0.0,18,1,CROSS=EMA9>EMA21;TREND=1;STRUCT=1;VOL=1;COOL=1;EMA50=1;VWAP=1;BIAS=1,0.00,0.00,25797.33,25792.47,KZR=NY L @ 3004.19 221 bars ago (low taken); DAY 12AM-4PM IST session: stop x1.00 of usual; no partials; full size to TP5; SL steps BE->TP1->TP2->TP3
205,2025.03.27 05:43:29,2025.03.27 08:13:29,SL_MOVE,XAUUSD,M15,76,BUY,FULLTGT,DAY,0,3027.05,3022.28,3027.05,4.77,1.00,4.77,3031.82,3036.59,3041.36,3046.14,3050.91,0.27,0.00,0.27,3027.05,1.00,0.00,0.00,3021.53,3021.16,3021.15,3021.30,3021.03,0.004,2.44,38.13,66.02,72.82,1.80,1.38,0.43,3023.45,3027.29,1806,1351,100.0,0.0,17,1,CROSS=EMA9>EMA21;TREND=1;STRUCT=1;VOL=1;COOL=1;EMA50=1;VWAP=1;BIAS=1,1.00,-0.88,25797.33,25926.66,stop to breakeven
206,2025.03.27 05:43:29,2025.03.27 08:13:29,TP1_REACHED,XAUUSD,M15,76,BUY,FULLTGT,DAY,0,3027.05,3022.28,3027.05,4.77,1.00,4.77,3031.82,3036.59,3041.36,3046.14,3050.91,0.27,0.00,0.27,3031.82,1.00,1.00,0.00,3021.53,3021.16,3021.15,3021.30,3021.03,0.004,2.44,38.13,66.02,72.82,1.80,1.38,0.43,3023.45,3027.29,1806,1351,100.0,0.0,17,1,CROSS=EMA9>EMA21;TREND=1;STRUCT=1;VOL=1;COOL=1;EMA50=1;VWAP=1;BIAS=1,1.00,-0.88,25797.33,25926.66,full target: no partial booked
207,2025.03.27 07:27:15,2025.03.27 09:57:15,SL_MOVE,XAUUSD,M15,76,BUY,FULLTGT,DAY,0,3027.05,3022.28,3031.82,4.77,1.00,4.77,3031.82,3036.59,3041.36,3046.14,3050.91,0.27,0.00,0.27,3031.82,2.00,0.00,0.00,3024.22,3022.64,3021.91,3023.78,3022.39,0.266,2.73,57.04,78.03,77.73,3.49,2.65,0.84,3026.24,3035.04,1314,1693,85.7,0.0,17,1,CROSS=EMA9>EMA21;TREND=1;STRUCT=1;VOL=1;COOL=1;EMA50=1;VWAP=1;BIAS=1,2.00,-0.88,25797.33,26055.18,stop trailed to TP1
208,2025.03.27 07:27:15,2025.03.27 09:57:15,TP2_REACHED,XAUUSD,M15,76,BUY,FULLTGT,DAY,0,3027.05,3022.28,3031.82,4.77,1.00,4.77,3031.82,3036.59,3041.36,3046.14,3050.91,0.27,0.00,0.27,3036.59,2.00,2.00,0.00,3024.22,3022.64,3021.91,3023.78,3022.39,0.266,2.73,57.04,78.03,77.73,3.49,2.65,0.84,3026.24,3035.04,1314,1693,85.7,0.0,17,1,CROSS=EMA9>EMA21;TREND=1;STRUCT=1;VOL=1;COOL=1;EMA50=1;VWAP=1;BIAS=1,2.00,-0.88,25797.33,26055.18,full target: no partial booked
209,2025.03.27 07:50:04,2025.03.27 10:20:04,EXIT_TRAIL_SL,XAUUSD,M15,76,BUY,FULLTGT,DAY,0,3027.05,3022.28,3031.82,4.77,1.00,4.77,3031.82,3036.59,3041.36,3046.14,3050.91,0.27,0.27,0.00,3031.81,0.00,1.00,126.62,3025.11,3023.16,3022.19,3024.73,3022.93,0.335,2.88,63.44,69.56,48.39,3.77,3.11,0.66,3027.07,3034.54,1928,1768,71.4,28.6,19,1,CROSS=EMA9>EMA21;TREND=1;STRUCT=1;VOL=1;COOL=1;EMA50=1;VWAP=1;BIAS=1,2.38,-0.88,25924.90,25924.90,stopped at a trailed level
210,2025.03.28 01:00:00,2025.03.28 03:30:00,DAY_SUMMARY,XAUUSD,M15,76,FLAT,NA,DAY,0,0.00,0.00,0.00,0.00,1.00,0.00,0.00,0.00,0.00,0.00,0.00,0.00,0.00,0.00,0.00,0.00,-0.00,19.30,3049.46,3042.04,3034.39,3049.17,3041.75,4.211,1.82,24.16,57.81,52.99,2.07,2.33,-0.26,3042.59,3056.42,589,2072,57.1,14.3,50,1,CROSS=EMA9>EMA21;TREND=1;STRUCT=1;VOL=1;COOL=1;EMA50=1;VWAP=1;BIAS=1,0.00,0.00,25924.90,25924.90,2025.03.27 trades=2 W=1 L=1 gross_profit=126.62 gross_loss=107.32 net=19.30 PF=1.18
211,2025.03.31 01:00:00,2025.03.31 03:30:00,WEEK_SUMMARY,XAUUSD,M15,76,FLAT,NA,DAY,0,0.00,0.00,0.00,0.00,1.00,0.00,0.00,0.00,0.00,0.00,0.00,0.00,0.00,0.00,0.00,0.00,-1.00,-107.44,3078.14,3071.57,3059.35,3077.90,3071.31,4.388,2.78,28.36,58.99,59.08,1.25,0.78,0.47,3075.04,3084.20,453,1342,85.7,0.0,12,1,CROSS=EMA9>EMA21;TREND=1;STRUCT=1;VOL=1;COOL=1;EMA50=1;VWAP=1;BIAS=1,0.00,0.00,25924.90,25924.90,days=2 trades=3 W=1 L=2 gross_profit=126.62 gross_loss=234.06 net=-107.44 PF=0.54 pips=-910.0
212,2025.04.01 01:00:00,2025.04.01 03:30:00,MONTH_SUMMARY,XAUUSD,M15,76,FLAT,NA,DAY,0,0.00,0.00,0.00,0.00,1.00,0.00,0.00,0.00,0.00,0.00,0.00,0.00,0.00,0.00,0.00,0.00,-6.17,-806.88,3117.95,3109.40,3092.61,3117.70,3109.11,7.225,2.32,34.54,57.61,56.74,1.69,1.36,0.33,3113.57,3123.96,387,1340,85.7,0.0,16,1,CROSS=EMA9>EMA21;TREND=1;STRUCT=1;VOL=1;COOL=1;EMA50=1;VWAP=1;BIAS=1,0.00,0.00,25924.90,25924.90,days=9 trades=15 W=3 L=12 gross_profit=257.93 gross_loss=1064.81 net=-806.88 PF=0.24 pips=-5154.0
213,2025.04.01 21:45:00,2025.04.02 00:15:00,ENTRY,XAUUSD,M15,78,SELL,FULLTGT,DAY,0,3113.67,3124.79,3124.79,11.12,1.00,11.12,3102.55,3091.43,3080.31,3069.20,3058.08,0.11,0.11,0.11,3113.67,0.00,0.00,0.00,3123.83,3123.84,3113.00,3124.24,3124.05,1.950,5.56,27.82,40.53,47.10,-4.40,-5.69,1.29,3129.30,3113.67,1308,2454,14.3,71.4,8,1,CROSS=EMA9<EMA21;TREND=1;STRUCT=1;VOL=1;COOL=1;EMA50=1;VWAP=1;BIAS=1,0.00,0.00,25924.51,25923.63,KZR=London H @ 3138.27 33 bars ago (high taken); DAY 12AM-4PM IST session: stop x1.00 of usual; no partials; full size to TP5; SL steps BE->TP1->TP2->TP3
214,2025.04.02 04:06:30,2025.04.02 06:36:30,EXIT_SL,XAUUSD,M15,78,SELL,FULLTGT,DAY,0,3113.67,3124.79,3124.79,11.12,1.00,11.12,3102.55,3091.43,3080.31,3069.20,3058.08,0.11,0.11,0.00,3124.81,0.00,-1.00,-118.42,3119.40,3121.13,3113.55,3119.25,3121.10,2.245,3.38,29.62,61.54,66.37,0.19,-1.47,1.66,3115.66,3123.02,908,740,85.7,14.3,13,1,CROSS=EMA9<EMA21;TREND=1;STRUCT=1;VOL=1;COOL=1;EMA50=1;VWAP=1;BIAS=1,0.53,-1.00,25806.48,25806.48,stopped at the initial SL (x1.00 of usual)
215,2025.04.02 06:00:00,2025.04.02 08:30:00,ENTRY,XAUUSD,M15,80,BUY,FULLTGT,DAY,0,3128.69,3119.86,3119.86,8.83,1.00,8.83,3137.52,3146.35,3155.18,3164.02,3172.85,0.14,0.14,0.14,3128.69,0.00,0.00,0.00,3122.77,3122.70,3114.95,3122.54,3122.58,1.755,4.42,36.85,58.87,47.97,3.98,2.96,1.02,3124.84,3128.56,1128,1037,71.4,28.6,13,1,CROSS=EMA9>EMA21;TREND=1;STRUCT=1;VOL=1;COOL=1;EMA50=1;VWAP=1;BIAS=1,0.00,0.00,25805.99,25804.17,KZR=London H @ 3138.27 66 bars ago (high taken); DAY 12AM-4PM IST session: stop x1.00 of usual; no partials; full size to TP5; SL steps BE->TP1->TP2->TP3
216,2025.04.02 07:37:38,2025.04.02 10:07:38,EXIT_SL,XAUUSD,M15,80,BUY,FULLTGT,DAY,0,3128.69,3119.86,3119.86,8.83,1.00,8.83,3137.52,3146.35,3155.18,3164.02,3172.85,0.14,0.14,0.00,3119.82,0.00,-1.00,-125.16,3123.72,3123.22,3115.67,3123.70,3123.20,1.835,4.11,34.94,48.75,30.78,2.13,3.47,-1.35,3125.40,3124.16,518,1110,28.6,57.1,11,1,CROSS=EMA9>EMA21;TREND=1;STRUCT=1;VOL=1;COOL=1;EMA50=1;VWAP=1;BIAS=1,0.39,-0.99,25681.32,25681.32,stopped at the initial SL (x1.00 of usual)
217,2025.04.02 08:30:00,2025.04.02 11:00:00,ENTRY,XAUUSD,M15,82,SELL,FULLTGT,DAY,0,3112.78,3120.33,3120.33,7.55,1.00,7.55,3105.23,3097.67,3090.12,3082.57,3075.02,0.17,0.17,0.17,3112.78,0.00,0.00,0.00,3122.60,3122.68,3115.69,3123.00,3122.88,1.851,3.78,51.76,33.58,23.52,-0.99,1.74,-2.72,3124.20,3112.78,1096,1145,0.0,85.7,13,1,CROSS=EMA9<EMA21;TREND=1;STRUCT=1;VOL=1;COOL=1;EMA50=1;VWAP=1;BIAS=1,0.00,0.00,25680.72,25678.51,KZR=London H @ 3138.27 76 bars ago (high taken); DAY 12AM-4PM IST session: stop x1.00 of usual; no partials; full size to TP5; SL steps BE->TP1->TP2->TP3
218,2025.04.02 10:47:28,2025.04.02 13:17:28,EXIT_SL,XAUUSD,M15,82,SELL,FULLTGT,DAY,0,3112.78,3120.33,3120.33,7.55,1.00,7.55,3105.23,3097.67,3090.12,3082.57,3075.02,0.17,0.17,0.00,3120.36,0.00,-1.00,-130.06,3120.88,3121.73,3115.80,3120.93,3121.77,1.289,4.60,50.92,49.78,56.84,-1.72,-1.75,0.04,3121.57,3119.69,1460,1253,42.9,57.1,9,1,CROSS=EMA9<EMA21;TREND=1;STRUCT=1;VOL=1;COOL=1;EMA50=1;VWAP=1;BIAS=1,0.52,-1.00,25551.26,25551.26,stopped at the initial SL (x1.00 of usual)
219,2025.04.02 12:15:00,2025.04.02 14:45:00,ENTRY,XAUUSD,M15,84,BUY,FULLTGT,DAY,0,3128.86,3120.02,3120.02,8.84,1.00,8.84,3137.70,3146.55,3155.39,3164.23,3173.07,0.14,0.14,0.14,3128.86,0.00,0.00,0.00,3122.58,3122.53,3116.55,3122.33,3122.40,1.352,4.42,36.29,58.59,58.20,1.95,-0.24,2.19,3122.78,3128.79,1531,1476,85.7,14.3,7,1,CROSS=EMA9>EMA21;TREND=1;STRUCT=1;VOL=1;COOL=1;EMA50=1;VWAP=1;BIAS=1,0.00,0.00,25550.77,25549.79,KZR=London H @ 3138.27 91 bars ago (high taken); DAY 12AM-4PM IST session: stop x1.00 of usual; no partials; full size to TP5; SL steps BE->TP1->TP2->TP3
220,2025.04.02 13:41:38,2025.04.02 16:11:38,EXIT_SL,XAUUSD,M15,84,BUY,FULLTGT,EVENING,0,3128.86,3120.02,3120.02,8.84,1.00,8.84,3137.70,3146.55,3155.39,3164.23,3173.07,0.14,0.14,0.00,3119.99,0.00,-1.00,-125.16,3123.84,3123.20,3117.19,3123.72,3123.12,1.417,4.24,22.13,53.05,34.12,2.34,1.91,0.43,3123.38,3126.96,1058,1512,57.1,14.3,12,1,CROSS=EMA9>EMA21;TREND=1;STRUCT=1;VOL=1;COOL=1;EMA50=1;VWAP=1;BIAS=1,0.29,-1.00,25426.10,25426.10,stopped at the initial SL (x1.00 of usual)
221,2025.04.03 01:00:00,2025.04.03 03:30:00,DAY_SUMMARY,XAUUSD,M15,84,FLAT,NA,DAY,0,0.00,0.00,0.00,0.00,1.00,0.00,0.00,0.00,0.00,0.00,0.00,0.00,0.00,0.00,0.00,0.00,-4.01,-498.80,3125.27,3124.37,3119.89,3124.99,3124.22,0.544,8.24,15.07,57.71,60.28,0.91,-0.21,1.11,3124.31,3132.12,2620,1858,85.7,0.0,16,1,CROSS=EMA9>EMA21;TREND=1;STRUCT=1;VOL=1;COOL=1;EMA50=1;VWAP=1;BIAS=1,0.00,0.00,25426.10,25426.10,2025.04.02 trades=4 W=0 L=4 gross_profit=0.00 gross_loss=498.80 net=-498.80 PF=0.00
222,2025.04.03 13:45:00,2025.04.03 16:15:00,ENTRY,XAUUSD,M15,86,SELL,FULLTGT,EVENING,0,3107.21,3119.48,3119.48,12.27,1.00,12.27,3094.94,3082.67,3070.40,3058.14,3045.87,0.10,0.10,0.10,3107.21,0.00,0.00,0.00,3131.13,3131.40,3126.77,3132.11,3131.89,0.754,6.13,49.47,26.81,33.26,-6.21,-4.33,-1.88,3137.72,3107.21,3192,2419,0.0,100.0,8,1,CROSS=EMA9<EMA21;TREND=1;STRUCT=1;VOL=1;COOL=1;EMA50=1;VWAP=1;BIAS=1,0.00,0.00,25425.75,25424.95,KZR=NY H @ 3137.09 57 bars ago (high taken); EVENING 4PM-12AM IST session: stop x1.00 of usual; no partials; full size to TP5; SL steps BE->TP1->TP2->TP3
223,2025.04.03 13:58:30,2025.04.03 16:28:30,SL_MOVE,XAUUSD,M15,86,SELL,FULLTGT,EVENING,0,3107.21,3119.48,3107.21,12.27,1.00,12.27,3094.94,3082.67,3070.40,3058.14,3045.87,0.10,0.00,0.10,3107.21,1.00,0.00,0.00,3131.13,3131.40,3126.77,3132.11,3131.89,0.754,6.13,49.47,26.81,32.61,-6.21,-4.33,-1.88,3137.72,3107.21,3192,2419,0.0,100.0,8,1,CROSS=EMA9<EMA21;TREND=1;STRUCT=1;VOL=1;COOL=1;EMA50=1;VWAP=1;BIAS=1,0.99,-0.48,25425.75,25548.95,stop to breakeven
224,2025.04.03 13:58:30,2025.04.03 16:28:30,TP1_REACHED,XAUUSD,M15,86,SELL,FULLTGT,EVENING,0,3107.21,3119.48,3107.21,12.27,1.00,12.27,3094.94,3082.67,3070.40,3058.14,3045.87,0.10,0.00,0.10,3094.94,1.00,1.00,0.00,3131.13,3131.40,3126.77,3132.11,3131.89,0.754,6.13,49.47,26.81,32.61,-6.21,-4.33,-1.88,3137.72,3107.21,3192,2419,0.0,100.0,8,1,CROSS=EMA9<EMA21;TREND=1;STRUCT=1;VOL=1;COOL=1;EMA50=1;VWAP=1;BIAS=1,0.99,-0.48,25425.75,25548.95,full target: no partial booked
225,2025.04.03 15:24:30,2025.04.03 17:54:30,SL_MOVE,XAUUSD,M15,86,SELL,FULLTGT,EVENING,0,3107.21,3119.48,3094.94,12.27,1.00,12.27,3094.94,3082.67,3070.40,3058.14,3045.87,0.10,0.00,0.10,3094.94,2.00,0.00,0.00,3123.05,3127.10,3124.83,3124.38,3127.84,0.260,8.71,62.29,23.54,29.47,-11.37,-8.32,-3.05,3131.77,3090.50,3050,2576,0.0,100.0,11,1,CROSS=EMA9<EMA21;TREND=1;STRUCT=1;VOL=1;COOL=1;EMA50=1;VWAP=1;BIAS=1,2.00,-0.48,25425.75,25671.25,stop trailed to TP1
226,2025.04.03 15:24:30,2025.04.03 17:54:30,TP2_REACHED,XAUUSD,M15,86,SELL,FULLTGT,EVENING,0,3107.21,3119.48,3094.94,12.27,1.00,12.27,3094.94,3082.67,3070.40,3058.14,3045.87,0.10,0.00,0.10,3082.67,2.00,2.00,0.00,3123.05,3127.10,3124.83,3124.38,3127.84,0.260,8.71,62.29,23.54,29.47,-11.37,-8.32,-3.05,3131.77,3090.50,3050,2576,0.0,100.0,11,1,CROSS=EMA9<EMA21;TREND=1;STRUCT=1;VOL=1;COOL=1;EMA50=1;VWAP=1;BIAS=1,2.00,-0.48,25425.75,25671.25,full target: no partial booked
227,2025.04.03 15:34:29,2025.04.03 18:04:29,SL_MOVE,XAUUSD,M15,86,SELL,FULLTGT,EVENING,0,3107.21,3119.48,3082.67,12.27,1.00,12.27,3094.94,3082.67,3070.40,3058.14,3045.87,0.10,0.00,0.10,3082.67,3.00,0.00,0.00,3121.32,3126.14,3124.37,3123.05,3127.10,0.185,9.59,63.09,18.82,21.15,-12.46,-9.24,-3.22,3130.47,3078.86,3526,2639,0.0,100.0,3,1,CROSS=EMA9<EMA21;TREND=1;STRUCT=1;VOL=1;COOL=1;EMA50=1;VWAP=1;BIAS=1,3.00,-0.48,25425.75,25793.85,stop trailed to TP2
228,2025.04.03 15:34:29,2025.04.03 18:04:29,TP3_REACHED,XAUUSD,M15,86,SELL,FULLTGT,EVENING,0,3107.21,3119.48,3082.67,12.27,1.00,12.27,3094.94,3082.67,3070.40,3058.14,3045.87,0.10,0.00,0.10,3070.40,3.00,3.00,0.00,3121.32,3126.14,3124.37,3123.05,3127.10,0.185,9.59,63.09,18.82,21.15,-12.46,-9.24,-3.22,3130.47,3078.86,3526,2639,0.0,100.0,3,1,CROSS=EMA9<EMA21;TREND=1;STRUCT=1;VOL=1;COOL=1;EMA50=1;VWAP=1;BIAS=1,3.00,-0.48,25425.75,25793.85,full target: no partial booked
229,2025.04.03 16:12:28,2025.04.03 18:42:28,SL_MOVE,XAUUSD,M15,86,SELL,FULLTGT,EVENING,0,3107.21,3119.48,3070.40,12.27,1.00,12.27,3094.94,3082.67,3070.40,3058.14,3045.87,0.10,0.00,0.10,3070.40,4.00,0.00,0.00,3117.46,3123.99,3123.32,3119.15,3124.95,0.059,11.38,65.47,27.32,27.42,-14.59,-11.16,-3.43,3127.10,3076.26,4041,2869,14.3,85.7,11,1,CROSS=EMA9<EMA21;TREND=1;STRUCT=1;VOL=1;COOL=1;EMA50=1;VWAP=1;BIAS=1,4.00,-0.48,25425.75,25916.95,stop trailed to TP3
230,2025.04.03 16:12:28,2025.04.03 18:42:28,TP4_REACHED,XAUUSD,M15,86,SELL,FULLTGT,EVENING,0,3107.21,3119.48,3070.40,12.27,1.00,12.27,3094.94,3082.67,3070.40,3058.14,3045.87,0.10,0.00,0.10,3058.14,4.00,4.00,0.00,3117.46,3123.99,3123.32,3119.15,3124.95,0.059,11.38,65.47,27.32,27.42,-14.59,-11.16,-3.43,3127.10,3076.26,4041,2869,14.3,85.7,11,1,CROSS=EMA9<EMA21;TREND=1;STRUCT=1;VOL=1;COOL=1;EMA50=1;VWAP=1;BIAS=1,4.00,-0.48,25425.75,25916.95,full target: no partial booked
231,2025.04.03 16:30:39,2025.04.03 19:00:39,EXIT_TRAIL_SL,XAUUSD,M15,86,SELL,FULLTGT,EVENING,0,3107.21,3119.48,3070.40,12.27,1.00,12.27,3094.94,3082.67,3070.40,3058.14,3045.87,0.10,0.10,0.00,3070.47,0.00,2.99,366.70,3113.24,3121.57,3122.11,3115.19,3122.71,-0.041,13.10,67.87,27.50,34.40,-16.56,-12.96,-3.60,3123.89,3065.46,3701,3046,14.3,85.7,10,1,CROSS=EMA9<EMA21;TREND=1;STRUCT=1;VOL=1;COOL=1;EMA50=1;VWAP=1;BIAS=1,4.32,-0.48,25792.80,25792.80,stopped at a trailed level
232,2025.04.04 01:00:00,2025.04.04 03:30:00,DAY_SUMMARY,XAUUSD,M15,86,FLAT,NA,DAY,0,0.00,0.00,0.00,0.00,1.00,0.00,0.00,0.00,0.00,0.00,0.00,0.00,0.00,0.00,0.00,0.00,2.99,366.70,3110.45,3115.98,3118.75,3110.30,3116.01,-0.542,5.11,20.09,55.54,60.28,1.55,0.73,0.82,3118.99,3114.19,883,1514,42.9,28.6,15,1,CROSS=EMA9<EMA21;TREND=1;STRUCT=1;VOL=1;COOL=1;EMA50=1;VWAP=1;BIAS=1,0.00,0.00,25792.80,25792.80,2025.04.03 trades=1 W=1 L=0 gross_profit=366.70 gross_loss=0.00 net=366.70 PF=0.00
233,2025.04.07 01:00:00,2025.04.07 03:30:00,WEEK_SUMMARY,XAUUSD,M15,86,FLAT,NA,DAY,0,0.00,0.00,0.00,0.00,1.00,0.00,0.00,0.00,0.00,0.00,0.00,0.00,0.00,0.00,0.00,0.00,-1.02,-132.10,3052.41,3072.24,3090.52,3053.03,3072.94,-2.940,6.22,35.42,48.62,59.62,-4.98,-9.29,4.30,3074.27,3037.34,604,2270,28.6,57.1,50,1,CROSS=EMA9<EMA21;TREND=1;STRUCT=1;VOL=1;COOL=1;EMA50=1;VWAP=1;BIAS=1,0.00,0.00,25792.80,25792.80,days=2 trades=5 W=1 L=4 gross_profit=366.70 gross_loss=498.80 net=-132.10 PF=0.74 pips=28.0
234,2025.04.09 09:00:00,2025.04.09 11:30:00,ENTRY,XAUUSD,M15,88,BUY,FULLTGT,DAY,0,3015.61,3002.65,3002.65,12.96,1.00,12.96,3028.57,3041.54,3054.50,3067.46,3080.42,0.09,0.09,0.09,3015.61,0.00,0.00,0.00,2999.42,2999.29,3009.99,2998.77,2998.96,-1.651,6.48,27.53,67.10,56.57,6.82,6.25,0.57,2997.65,3015.49,2035,2367,85.7,0.0,12,1,CROSS=EMA9>EMA21;TREND=1;STRUCT=1;VOL=1;COOL=1;EMA50=1;VWAP=1;BIAS=1,0.00,0.00,25792.48,25791.40,KZR=London L @ 3001.35 82 bars ago (low taken); DAY 12AM-4PM IST session: stop x1.00 of usual; no partials; full size to TP5; SL steps BE->TP1->TP2->TP3
235,2025.04.09 09:23:30,2025.04.09 11:53:30,SL_MOVE,XAUUSD,M15,88,BUY,FULLTGT,DAY,0,3015.61,3002.65,3015.61,12.96,1.00,12.96,3028.57,3041.54,3054.50,3067.46,3080.42,0.09,0.00,0.09,3015.61,1.00,0.00,0.00,3000.25,2999.70,3010.09,2999.42,2999.29,-1.514,6.86,30.61,71.17,68.72,7.09,6.41,0.69,2998.66,3020.41,3073,2354,100.0,0.0,7,1,CROSS=EMA9>EMA21;TREND=1;STRUCT=1;VOL=1;COOL=1;EMA50=1;VWAP=1;BIAS=1,1.00,-0.05,25792.48,25910.29,stop to breakeven
236,2025.04.09 09:23:30,2025.04.09 11:53:30,TP1_REACHED,XAUUSD,M15,88,BUY,FULLTGT,DAY,0,3015.61,3002.65,3015.61,12.96,1.00,12.96,3028.57,3041.54,3054.50,3067.46,3080.42,0.09,0.00,0.09,3028.57,1.00,1.00,0.00,3000.25,2999.70,3010.09,2999.42,2999.29,-1.514,6.86,30.61,71.17,68.72,7.09,6.41,0.69,2998.66,3020.41,3073,2354,100.0,0.0,7,1,CROSS=EMA9>EMA21;TREND=1;STRUCT=1;VOL=1;COOL=1;EMA50=1;VWAP=1;BIAS=1,1.00,-0.05,25792.48,25910.29,full target: no partial booked
237,2025.04.09 10:04:26,2025.04.09 12:34:26,SL_MOVE,XAUUSD,M15,88,BUY,FULLTGT,DAY,0,3015.61,3002.65,3028.57,12.96,1.00,12.96,3028.57,3041.54,3054.50,3067.46,3080.42,0.09,0.00,0.09,3028.57,2.00,0.00,0.00,3003.96,3001.65,3010.77,3002.53,3000.89,-1.163,7.84,43.47,81.29,74.51,9.69,7.38,2.31,3002.63,3038.97,2896,2318,100.0,0.0,8,1,CROSS=EMA9>EMA21;TREND=1;STRUCT=1;VOL=1;COOL=1;EMA50=1;VWAP=1;BIAS=1,2.00,-0.05,25792.48,26026.21,stop trailed to TP1
238,2025.04.09 10:04:26,2025.04.09 12:34:26,TP2_REACHED,XAUUSD,M15,88,BUY,FULLTGT,DAY,0,3015.61,3002.65,3028.57,12.96,1.00,12.96,3028.57,3041.54,3054.50,3067.46,3080.42,0.09,0.00,0.09,3041.54,2.00,2.00,0.00,3003.96,3001.65,3010.77,3002.53,3000.89,-1.163,7.84,43.47,81.29,74.51,9.69,7.38,2.31,3002.63,3038.97,2896,2318,100.0,0.0,8,1,CROSS=EMA9>EMA21;TREND=1;STRUCT=1;VOL=1;COOL=1;EMA50=1;VWAP=1;BIAS=1,2.00,-0.05,25792.48,26026.21,full target: no partial booked
239,2025.04.09 14:19:27,2025.04.09 16:49:27,SL_MOVE,XAUUSD,M15,88,BUY,FULLTGT,EVENING,0,3015.61,3002.65,3041.54,12.96,1.00,12.96,3028.57,3041.54,3054.50,3067.46,3080.42,0.09,0.00,0.09,3041.54,3.00,0.00,0.00,3023.57,3013.77,3015.92,3022.67,3013.13,-0.340,6.32,24.42,66.05,55.72,7.41,9.36,-1.95,3017.29,3045.60,3608,2641,71.4,14.3,11,1,CROSS=EMA9>EMA21;TREND=1;STRUCT=1;VOL=1;COOL=1;EMA50=1;VWAP=1;BIAS=1,3.00,-0.05,25792.48,26142.76,stop trailed to TP2
240,2025.04.09 14:19:27,2025.04.09 16:49:27,TP3_REACHED,XAUUSD,M15,88,BUY,FULLTGT,EVENING,0,3015.61,3002.65,3041.54,12.96,1.00,12.96,3028.57,3041.54,3054.50,3067.46,3080.42,0.09,0.00,0.09,3054.50,3.00,3.00,0.00,3023.57,3013.77,3015.92,3022.67,3013.13,-0.340,6.32,24.42,66.05,55.72,7.41,9.36,-1.95,3017.29,3045.60,3608,2641,71.4,14.3,11,1,CROSS=EMA9>EMA21;TREND=1;STRUCT=1;VOL=1;COOL=1;EMA50=1;VWAP=1;BIAS=1,3.00,-0.05,25792.48,26142.76,full target: no partial booked
241,2025.04.09 14:48:13,2025.04.09 17:18:13,SL_MOVE,XAUUSD,M15,88,BUY,FULLTGT,EVENING,0,3015.61,3002.65,3054.50,12.96,1.00,12.96,3028.57,3041.54,3054.50,3067.46,3080.42,0.09,0.00,0.09,3054.50,4.00,0.00,0.00,3026.50,3015.65,3016.83,3025.01,3014.70,-0.164,7.17,23.46,77.33,70.05,9.13,8.84,0.29,3019.57,3063.03,3377,2660,85.7,0.0,5,1,CROSS=EMA9>EMA21;TREND=1;STRUCT=1;VOL=1;COOL=1;EMA50=1;VWAP=1;BIAS=1,4.00,-0.05,25792.48,26259.49,stop trailed to TP3
242,2025.04.09 14:48:13,2025.04.09 17:18:13,TP4_REACHED,XAUUSD,M15,88,BUY,FULLTGT,EVENING,0,3015.61,3002.65,3054.50,12.96,1.00,12.96,3028.57,3041.54,3054.50,3067.46,3080.42,0.09,0.00,0.09,3067.46,4.00,4.00,0.00,3026.50,3015.65,3016.83,3025.01,3014.70,-0.164,7.17,23.46,77.33,70.05,9.13,8.84,0.29,3019.57,3063.03,3377,2660,85.7,0.0,5,1,CROSS=EMA9>EMA21;TREND=1;STRUCT=1;VOL=1;COOL=1;EMA50=1;VWAP=1;BIAS=1,4.00,-0.05,25792.48,26259.49,full target: no partial booked
243,2025.04.09 15:22:30,2025.04.09 17:52:30,EXIT_TRAIL_SL,XAUUSD,M15,88,BUY,FULLTGT,EVENING,0,3015.61,3002.65,3054.50,12.96,1.00,12.96,3028.57,3041.54,3054.50,3067.46,3080.42,0.09,0.09,0.00,3054.48,0.00,3.00,349.19,3029.43,3017.58,3017.78,3028.07,3016.66,-0.025,7.91,25.32,73.17,58.18,10.19,8.76,1.43,3021.74,3062.91,3530,2653,85.7,14.3,11,1,CROSS=EMA9>EMA21;TREND=1;STRUCT=1;VOL=1;COOL=1;EMA50=1;VWAP=1;BIAS=1,4.43,-0.05,26141.99,26141.99,stopped at a trailed level
244,2025.04.10 01:00:00,2025.04.10 03:30:00,DAY_SUMMARY,XAUUSD,M15,88,FLAT,NA,DAY,0,0.00,0.00,0.00,0.00,1.00,0.00,0.00,0.00,0.00,0.00,0.00,0.00,0.00,0.00,0.00,0.00,3.00,349.19,3066.03,3047.34,3034.97,3065.35,3046.63,0.976,12.68,25.02,53.89,48.60,5.81,5.02,0.79,3043.87,3082.78,839,2689,71.4,14.3,11,1,CROSS=EMA9>EMA21;TREND=1;STRUCT=1;VOL=1;COOL=1;EMA50=1;VWAP=1;BIAS=1,0.00,0.00,26141.99,26141.99,2025.04.09 trades=1 W=1 L=0 gross_profit=349.19 gross_loss=0.00 net=349.19 PF=0.00
245,2025.04.14 01:00:00,2025.04.14 03:30:00,WEEK_SUMMARY,XAUUSD,M15,88,FLAT,NA,DAY,0,0.00,0.00,0.00,0.00,1.00,0.00,0.00,0.00,0.00,0.00,0.00,0.00,0.00,0.00,0.00,0.00,3.00,349.19,3226.73,3208.72,3170.87,3226.29,3208.14,8.590,4.41,22.01,57.12,59.49,1.82,1.71,0.11,3218.46,3237.53,504,1885,71.4,0.0,11,1,CROSS=EMA9>EMA21;TREND=1;STRUCT=1;VOL=1;COOL=1;EMA50=1;VWAP=1;BIAS=1,0.00,0.00,26141.99,26141.99,days=1 trades=1 W=1 L=0 gross_profit=349.19 gross_loss=0.00 net=349.19 PF=0.00 pips=3887.0
246,2025.04.14 19:00:00,2025.04.14 21:30:00,ENTRY,XAUUSD,M15,90,SELL,FULLTGT,EVENING,0,3198.13,3215.66,3215.66,17.53,1.00,17.53,3180.60,3163.08,3145.55,3128.02,3110.49,0.07,0.07,0.07,3198.13,0.00,0.00,0.00,3216.19,3216.49,3196.37,3216.93,3216.86,2.296,8.76,21.09,37.02,37.46,-5.20,-5.15,-0.04,3220.05,3198.13,2813,2712,0.0,85.7,5,1,CROSS=EMA9<EMA21;TREND=1;STRUCT=1;VOL=1;COOL=1;EMA50=1;VWAP=1;BIAS=1,0.00,0.00,26141.74,26141.39,KZR=NY H @ 3244.35 287 bars ago (high taken); EVENING 4PM-12AM IST session: stop x1.00 of usual; no partials; full size to TP5; SL steps BE->TP1->TP2->TP3
247,2025.04.14 20:37:37,2025.04.14 23:07:37,EXIT_SL,XAUUSD,M15,90,SELL,FULLTGT,EVENING,0,3198.13,3215.66,3215.66,17.53,1.00,17.53,3180.60,3163.08,3145.55,3128.02,3110.49,0.07,0.07,0.00,3215.67,0.00,-1.00,-123.28,3214.29,3215.44,3197.00,3214.45,3215.54,3.412,5.40,26.19,50.88,70.10,-2.52,-4.19,1.67,3218.99,3210.53,1881,2690,42.9,42.9,8,1,CROSS=EMA9<EMA21;TREND=1;STRUCT=1;VOL=1;COOL=1;EMA50=1;VWAP=1;BIAS=1,0.02,-1.00,26018.71,26018.71,stopped at the initial SL (x1.00 of usual)
248,2025.04.15 01:00:00,2025.04.15 03:30:00,DAY_SUMMARY,XAUUSD,M15,90,FLAT,NA,DAY,0,0.00,0.00,0.00,0.00,1.00,0.00,0.00,0.00,0.00,0.00,0.00,0.00,0.00,0.00,0.00,0.00,-1.00,-123.28,3212.92,3214.38,3198.85,3213.02,3214.46,3.728,4.17,19.74,49.75,49.39,0.12,-0.32,0.43,3218.25,3210.46,264,1424,14.3,57.1,11,1,CROSS=EMA9<EMA21;TREND=1;STRUCT=1;VOL=1;COOL=1;EMA50=1;VWAP=1;BIAS=1,0.00,0.00,26018.71,26018.71,2025.04.14 trades=1 W=0 L=1 gross_profit=0.00 gross_loss=123.28 net=-123.28 PF=0.00
249,2025.04.15 06:00:00,2025.04.15 08:30:00,ENTRY,XAUUSD,M15,92,BUY,FULLTGT,DAY,0,3224.45,3215.71,3215.71,8.74,1.00,8.74,3233.19,3241.92,3250.66,3259.40,3268.14,0.14,0.14,0.14,3224.45,0.00,0.00,0.00,3215.29,3215.17,3202.05,3214.91,3214.98,3.002,4.37,42.40,64.25,64.64,3.06,2.08,0.98,3217.88,3224.45,1109,968,100.0,0.0,11,1,CROSS=EMA9>EMA21;TREND=1;STRUCT=1;VOL=1;COOL=1;EMA50=1;VWAP=1;BIAS=1,0.00,0.00,26018.22,26016.68,KZR=NY H @ 3244.35 331 bars ago (high taken); DAY 12AM-4PM IST session: stop x1.00 of usual; no partials; full size to TP5; SL steps BE->TP1->TP2->TP3
250,2025.04.15 15:25:39,2025.04.15 17:55:39,EXIT_SL,XAUUSD,M15,92,BUY,FULLTGT,EVENING,0,3224.45,3215.71,3215.71,8.74,1.00,8.74,3233.19,3241.92,3250.66,3259.40,3268.14,0.14,0.14,0.00,3215.68,0.00,-1.00,-123.76,3222.44,3220.26,3209.18,3222.39,3220.20,2.910,3.81,35.13,50.26,39.47,-0.83,-0.12,-0.70,3223.09,3223.58,2095,1572,71.4,28.6,10,1,CROSS=EMA9>EMA21;TREND=1;STRUCT=1;VOL=1;COOL=1;EMA50=1;VWAP=1;BIAS=1,0.93,-1.00,25894.95,25894.95,stopped at the initial SL (x1.00 of usual)
251,2025.04.16 01:00:00,2025.04.16 03:30:00,DAY_SUMMARY,XAUUSD,M15,92,FLAT,NA,DAY,0,0.00,0.00,0.00,0.00,1.00,0.00,0.00,0.00,0.00,0.00,0.00,0.00,0.00,0.00,0.00,0.00,-1.00,-123.76,3224.73,3222.53,3213.67,3224.55,3222.39,2.551,3.47,28.44,56.21,52.35,1.85,1.95,-0.10,3222.82,3229.36,507,1002,71.4,14.3,11,1,CROSS=EMA9>EMA21;TREND=1;STRUCT=1;VOL=1;COOL=1;EMA50=1;VWAP=1;BIAS=1,0.00,0.00,25894.95,25894.95,2025.04.15 trades=1 W=0 L=1 gross_profit=0.00 gross_loss=123.76 net=-123.76 PF=0.00
252,2025.04.21 01:00:00,2025.04.21 03:30:00,WEEK_SUMMARY,XAUUSD,M15,92,FLAT,NA,DAY,0,0.00,0.00,0.00,0.00,1.00,0.00,0.00,0.00,0.00,0.00,0.00,0.00,0.00,0.00,0.00,0.00,-2.00,-247.04,3319.23,3318.13,3302.09,3318.90,3317.95,4.071,3.94,27.54,62.13,69.09,2.59,0.95,1.64,3324.83,3327.24,704,1531,85.7,0.0,16,1,CROSS=EMA9>EMA21;TREND=1;STRUCT=1;VOL=1;COOL=1;EMA50=1;VWAP=1;BIAS=1,0.00,0.00,25894.95,25894.95,days=2 trades=2 W=0 L=2 gross_profit=0.00 gross_loss=247.04 net=-247.04 PF=0.00 pips=-2631.0
253,2025.04.22 21:15:00,2025.04.22 23:45:00,ENTRY,XAUUSD,M15,94,SELL,FULLTGT,EVENING,0,3397.52,3426.98,3426.98,29.46,1.00,29.46,3368.06,3338.59,3309.13,3279.66,3250.20,0.04,0.04,0.04,3397.52,0.00,0.00,0.00,3430.23,3430.31,3407.15,3431.57,3430.97,1.572,14.73,29.62,39.73,46.16,-13.21,-13.67,0.46,3444.06,3397.52,2441,3475,14.3,71.4,9,1,CROSS=EMA9<EMA21;TREND=1;STRUCT=1;VOL=1;COOL=1;EMA50=1;VWAP=1;BIAS=1,0.00,0.00,25894.81,25894.45,KZR=Asia H @ 3494.73 49 bars ago (high taken); EVENING 4PM-12AM IST session: stop x1.00 of usual; no partials; full size to TP5; SL steps BE->TP1->TP2->TP3
254,2025.04.22 22:36:00,2025.04.23 01:06:00,SL_MOVE,XAUUSD,M15,94,SELL,FULLTGT,DAY,0,3397.52,3426.98,3397.52,29.46,1.00,29.46,3368.06,3338.59,3309.13,3279.66,3250.20,0.04,0.00,0.04,3397.52,1.00,0.00,0.00,3421.45,3425.70,3405.92,3423.32,3426.72,1.531,12.92,36.42,32.18,30.74,-14.99,-14.09,-0.90,3440.84,3375.64,2226,3106,0.0,85.7,12,1,CROSS=EMA9<EMA21;TREND=1;STRUCT=1;VOL=1;COOL=1;EMA50=1;VWAP=1;BIAS=1,1.00,-0.01,25894.81,26012.81,stop to breakeven
255,2025.04.22 22:36:00,2025.04.23 01:06:00,TP1_REACHED,XAUUSD,M15,94,SELL,FULLTGT,DAY,0,3397.52,3426.98,3397.52,29.46,1.00,29.46,3368.06,3338.59,3309.13,3279.66,3250.20,0.04,0.00,0.04,3368.06,1.00,1.00,0.00,3421.45,3425.70,3405.92,3423.32,3426.72,1.531,12.92,36.42,32.18,30.74,-14.99,-14.09,-0.90,3440.84,3375.64,2226,3106,0.0,85.7,12,1,CROSS=EMA9<EMA21;TREND=1;STRUCT=1;VOL=1;COOL=1;EMA50=1;VWAP=1;BIAS=1,1.00,-0.01,25894.81,26012.81,full target: no partial booked
256,2025.04.23 01:00:27,2025.04.23 03:30:27,TP2_REACHED,XAUUSD,M15,94,SELL,FULLTGT,DAY,0,3397.52,3426.98,3397.52,29.46,1.00,29.46,3368.06,3338.59,3309.13,3279.66,3250.20,0.04,0.00,0.04,3338.59,2.00,2.00,0.00,3412.44,3420.44,3404.36,3413.72,3421.24,1.927,8.34,35.88,37.65,48.45,-12.44,-14.24,1.80,3438.28,3380.93,769,2675,14.3,71.4,11,1,CROSS=EMA9<EMA21;TREND=1;STRUCT=1;VOL=1;COOL=1;EMA50=1;VWAP=1;BIAS=1,1.99,-0.01,25894.81,26132.47,full target: no partial booked
257,2025.04.23 09:03:05,2025.04.23 11:33:05,SL_MOVE,XAUUSD,M15,94,SELL,FULLTGT,DAY,0,3397.52,3426.98,3338.59,29.46,1.00,29.46,3368.06,3338.59,3309.13,3279.66,3250.20,0.04,0.00,0.04,3338.59,3.00,0.00,0.00,3364.81,3385.76,3388.73,3366.66,3387.11,-0.248,11.96,24.69,32.01,29.19,-9.55,-7.89,-1.66,3348.82,3319.29,3252,2460,0.0,85.7,5,1,CROSS=EMA9<EMA21;TREND=1;STRUCT=1;VOL=1;COOL=1;EMA50=1;VWAP=1;BIAS=1,3.00,-0.01,25894.81,26250.55,stop trailed to TP2
258,2025.04.23 09:03:05,2025.04.23 11:33:05,TP3_REACHED,XAUUSD,M15,94,SELL,FULLTGT,DAY,0,3397.52,3426.98,3338.59,29.46,1.00,29.46,3368.06,3338.59,3309.13,3279.66,3250.20,0.04,0.00,0.04,3309.13,3.00,3.00,0.00,3364.81,3385.76,3388.73,3366.66,3387.11,-0.248,11.96,24.69,32.01,29.19,-9.55,-7.89,-1.66,3348.82,3319.29,3252,2460,0.0,85.7,5,1,CROSS=EMA9<EMA21;TREND=1;STRUCT=1;VOL=1;COOL=1;EMA50=1;VWAP=1;BIAS=1,3.00,-0.01,25894.81,26250.55,full target: no partial booked
259,2025.04.23 12:20:02,2025.04.23 14:50:02,EXIT_TRAIL_SL,XAUUSD,M15,94,SELL,FULLTGT,DAY,0,3397.52,3426.98,3338.59,29.46,1.00,29.46,3368.06,3338.59,3309.13,3279.66,3250.20,0.04,0.04,0.00,3338.71,0.00,2.00,236.74,3344.99,3369.71,3379.80,3345.53,3370.48,-0.908,11.12,25.94,51.55,70.68,-7.99,-11.76,3.78,3337.62,3331.81,2538,2459,57.1,42.9,5,1,CROSS=EMA9<EMA21;TREND=1;STRUCT=1;VOL=1;COOL=1;EMA50=1;VWAP=1;BIAS=1,3.59,-0.01,26131.69,26131.69,stopped at a trailed level
260,2025.04.24 01:00:00,2025.04.24 03:30:00,DAY_SUMMARY,XAUUSD,M15,94,FLAT,NA,DAY,0,0.00,0.00,0.00,0.00,1.00,0.00,0.00,0.00,0.00,0.00,0.00,0.00,0.00,0.00,0.00,0.00,2.00,236.74,3301.32,3324.98,3349.15,3301.86,3325.72,-4.067,5.94,23.79,46.14,46.23,-1.99,-3.51,1.52,3317.08,3288.12,623,1862,14.3,57.1,11,1,CROSS=EMA9<EMA21;TREND=1;STRUCT=1;VOL=1;COOL=1;EMA50=1;VWAP=1;BIAS=1,0.00,0.00,26131.69,26131.69,2025.04.23 trades=1 W=1 L=0 gross_profit=236.74 gross_loss=0.00 net=236.74 PF=0.00
261,2025.04.24 15:45:00,2025.04.24 18:15:00,ENTRY,XAUUSD,M15,96,BUY,FULLTGT,EVENING,0,3338.33,3325.01,3325.01,13.32,1.00,13.32,3351.65,3364.97,3378.29,3391.60,3404.92,0.09,0.09,0.09,3338.33,0.00,0.00,0.00,3330.21,3330.17,3341.52,3329.88,3330.01,-1.704,6.66,22.41,56.69,51.90,2.08,1.66,0.43,3333.91,3338.40,2536,1777,85.7,0.0,5,1,CROSS=EMA9>EMA21;TREND=1;STRUCT=1;VOL=1;COOL=1;EMA50=1;VWAP=1;BIAS=1,0.00,0.00,26131.37,26130.92,KZR=London L @ 3286.04 92 bars ago (low taken); EVENING 4PM-12AM IST session: stop x1.00 of usual; no partials; full size to TP5; SL steps BE->TP1->TP2->TP3
262,2025.04.24 16:32:28,2025.04.24 19:02:28,EXIT_SL,XAUUSD,M15,96,BUY,FULLTGT,EVENING,0,3338.33,3325.01,3325.01,13.32,1.00,13.32,3351.65,3364.97,3378.29,3391.60,3404.92,0.09,0.09,0.00,3325.01,0.00,-1.00,-120.52,3330.39,3330.26,3341.23,3330.38,3330.26,-1.670,6.57,22.51,46.42,42.62,0.80,1.73,-0.93,3333.82,3330.58,2692,1914,28.6,57.1,11,1,CROSS=EMA9>EMA21;TREND=1;STRUCT=1;VOL=1;COOL=1;EMA50=1;VWAP=1;BIAS=1,0.24,-0.99,26011.17,26011.17,stopped at the initial SL (x1.00 of usual)
263,2025.04.24 16:45:00,2025.04.24 19:15:00,ENTRY,XAUUSD,M15,98,SELL,FULLTGT,EVENING,0,3316.46,3331.36,3331.36,14.90,1.00,14.90,3301.56,3286.67,3271.77,3256.88,3241.98,0.08,0.08,0.08,3316.46,0.00,0.00,0.00,3329.84,3329.99,3340.99,3330.39,3330.26,-1.476,7.45,24.68,33.79,28.25,-0.68,1.46,-2.14,3333.46,3316.44,3847,2008,0.0,85.7,6,1,CROSS=EMA9<EMA21;TREND=1;STRUCT=1;VOL=1;COOL=1;EMA50=1;VWAP=1;BIAS=1,0.00,0.00,26010.89,26010.41,KZR=London L @ 3286.04 96 bars ago (low taken); EVENING 4PM-12AM IST session: stop x1.00 of usual; no partials; full size to TP5; SL steps BE->TP1->TP2->TP3
264,2025.04.24 19:04:19,2025.04.24 21:34:19,EXIT_SL,XAUUSD,M15,98,SELL,FULLTGT,EVENING,0,3316.46,3331.36,3331.36,14.90,1.00,14.90,3301.56,3286.67,3271.77,3256.88,3241.98,0.08,0.08,0.00,3331.38,0.00,-1.00,-119.92,3327.84,3328.84,3339.43,3327.77,3328.83,-1.192,8.88,21.08,51.78,56.86,-1.87,-2.59,0.71,3331.32,3329.45,2197,2637,42.9,28.6,12,1,CROSS=EMA9<EMA21;TREND=1;STRUCT=1;VOL=1;COOL=1;EMA50=1;VWAP=1;BIAS=1,0.66,-1.00,25891.25,25891.25,stopped at the initial SL (x1.00 of usual)
265,2025.04.24 21:15:00,2025.04.24 23:45:00,ENTRY,XAUUSD,M15,100,BUY,FULLTGT,EVENING,0,3338.56,3326.43,3326.43,12.13,1.00,12.13,3350.69,3362.81,3374.94,3387.06,3399.19,0.10,0.10,0.10,3338.56,0.00,0.00,0.00,3329.67,3329.65,3338.94,3329.31,3329.47,-1.531,6.06,25.31,58.84,61.73,1.77,0.21,1.56,3331.47,3338.47,1263,2533,85.7,0.0,9,1,CROSS=EMA9>EMA21;TREND=1;STRUCT=1;VOL=1;COOL=1;EMA50=1;VWAP=1;BIAS=1,0.00,0.00,25890.90,25890.00,KZR=Asia L @ 3308.34 16 bars ago (low taken); EVENING 4PM-12AM IST session: stop x1.00 of usual; no partials; full size to TP5; SL steps BE->TP1->TP2->TP3
266,2025.04.25 01:00:00,2025.04.25 03:30:00,DAY_SUMMARY,XAUUSD,M15,100,BUY,FULLTGT,DAY,0,3338.56,3326.43,3326.43,12.13,1.00,12.13,3350.69,3362.81,3374.94,3387.06,3399.19,0.10,0.00,0.00,0.00,0.00,-2.00,-240.44,3333.51,3331.74,3339.06,3332.90,3331.40,-1.832,4.00,35.02,67.11,68.52,3.83,2.69,1.14,3331.94,3348.58,531,1375,85.7,0.0,11,1,CROSS=EMA9>EMA21;TREND=1;STRUCT=1;VOL=1;COOL=1;EMA50=1;VWAP=1;BIAS=1,0.93,-0.42,25890.90,26003.48,2025.04.24 trades=2 W=0 L=2 gross_profit=0.00 gross_loss=240.44 net=-240.44 PF=0.00
267,2025.04.25 01:00:16,2025.04.25 03:30:16,TP1_REACHED,XAUUSD,M15,100,BUY,FULLTGT,DAY,0,3338.56,3326.43,3326.43,12.13,1.00,12.13,3350.69,3362.81,3374.94,3387.06,3399.19,0.10,0.00,0.10,3350.69,1.00,1.00,0.00,3333.51,3331.74,3339.06,3332.90,3331.40,-1.832,4.00,35.02,67.11,68.52,3.83,2.69,1.14,3331.94,3348.58,531,1375,85.7,0.0,11,1,CROSS=EMA9>EMA21;TREND=1;STRUCT=1;VOL=1;COOL=1;EMA50=1;VWAP=1;BIAS=1,1.00,-0.42,25890.90,26007.08,full target: no partial booked
268,2025.04.25 01:28:40,2025.04.25 03:58:40,SL_MOVE,XAUUSD,M15,100,BUY,FULLTGT,DAY,0,3338.56,3326.43,3350.69,12.13,1.00,12.13,3350.69,3362.81,3374.94,3387.06,3399.19,0.10,0.00,0.10,3350.69,2.00,0.00,0.00,3334.03,3332.04,3339.14,3333.51,3331.74,-1.471,4.83,38.46,63.50,67.28,4.03,2.92,1.11,3348.77,3346.57,1624,1355,71.4,28.6,10,1,CROSS=EMA9>EMA21;TREND=1;STRUCT=1;VOL=1;COOL=1;EMA50=1;VWAP=1;BIAS=1,2.00,-0.42,25890.90,26127.58,stop trailed to TP1
269,2025.04.25 01:28:40,2025.04.25 03:58:40,TP2_REACHED,XAUUSD,M15,100,BUY,FULLTGT,DAY,0,3338.56,3326.43,3350.69,12.13,1.00,12.13,3350.69,3362.81,3374.94,3387.06,3399.19,0.10,0.00,0.10,3362.81,2.00,2.00,0.00,3334.03,3332.04,3339.14,3333.51,3331.74,-1.471,4.83,38.46,63.50,67.28,4.03,2.92,1.11,3348.77,3346.57,1624,1355,71.4,28.6,10,1,CROSS=EMA9>EMA21;TREND=1;STRUCT=1;VOL=1;COOL=1;EMA50=1;VWAP=1;BIAS=1,2.00,-0.42,25890.90,26127.58,full target: no partial booked
270,2025.04.25 02:34:43,2025.04.25 05:04:43,EXIT_TRAIL_SL,XAUUSD,M15,100,BUY,FULLTGT,DAY,0,3338.56,3326.43,3350.69,12.13,1.00,12.13,3350.69,3362.81,3374.94,3387.06,3399.19,0.10,0.10,0.00,3350.62,0.00,0.99,113.58,3339.17,3334.93,3340.28,3338.53,3334.53,-0.737,7.25,46.26,59.91,50.16,7.63,5.54,2.09,3359.25,3354.74,1115,1174,71.4,14.3,8,1,CROSS=EMA9>EMA21;TREND=1;STRUCT=1;VOL=1;COOL=1;EMA50=1;VWAP=1;BIAS=1,2.65,-0.42,26004.83,26004.83,stopped at a trailed level
271,2025.04.25 09:15:00,2025.04.25 11:45:00,ENTRY,XAUUSD,M15,102,SELL,FULLTGT,DAY,0,3288.72,3306.97,3306.97,18.25,1.00,18.25,3270.47,3252.23,3233.98,3215.74,3197.49,0.07,0.07,0.07,3288.72,0.00,0.00,0.00,3334.48,3334.90,3339.31,3336.35,3335.83,-0.484,9.12,41.72,18.50,21.65,-12.22,-7.13,-5.09,3337.69,3288.74,3612,2141,0.0,100.0,5,1,CROSS=EMA9<EMA21;TREND=1;STRUCT=1;VOL=1;COOL=1;EMA50=1;VWAP=1;BIAS=1,0.00,0.00,26004.58,26004.23,KZR=London L @ 3291.73 1 bars ago (low taken); DAY 12AM-4PM IST session: stop x1.00 of usual; no partials; full size to TP5; SL steps BE->TP1->TP2->TP3
272,2025.04.25 10:03:27,2025.04.25 12:33:27,EXIT_SL,XAUUSD,M15,102,SELL,FULLTGT,DAY,0,3288.72,3306.97,3306.97,18.25,1.00,18.25,3270.47,3252.23,3233.98,3215.74,3197.49,0.07,0.07,0.00,3307.00,0.00,-1.00,-128.46,3330.88,3333.02,3338.23,3331.95,3333.59,-0.512,10.19,40.07,35.08,45.94,-12.33,-9.83,-2.50,3332.75,3304.55,2898,2296,0.0,100.0,6,1,CROSS=EMA9<EMA21;TREND=1;STRUCT=1;VOL=1;COOL=1;EMA50=1;VWAP=1;BIAS=1,0.05,-1.00,25876.37,25876.37,stopped at the initial SL (x1.00 of usual)
273,2025.04.28 01:00:00,2025.04.28 03:30:00,DAY_SUMMARY,XAUUSD,M15,102,FLAT,NA,DAY,0,0.00,0.00,0.00,0.00,1.00,0.00,0.00,0.00,0.00,0.00,0.00,0.00,0.00,0.00,0.00,0.00,-0.01,-14.88,3298.19,3306.50,3319.10,3297.36,3306.25,-2.187,5.77,48.87,72.57,81.59,6.19,2.68,3.52,3307.28,3318.62,648,1384,71.4,14.3,11,1,CROSS=EMA9<EMA21;TREND=1;STRUCT=1;VOL=1;COOL=1;EMA50=1;VWAP=1;BIAS=1,0.00,0.00,25876.37,25876.37,2025.04.25 trades=2 W=1 L=1 gross_profit=113.58 gross_loss=128.46 net=-14.88 PF=0.88
274,2025.04.28 01:00:00,2025.04.28 03:30:00,WEEK_SUMMARY,XAUUSD,M15,102,FLAT,NA,DAY,0,0.00,0.00,0.00,0.00,1.00,0.00,0.00,0.00,0.00,0.00,0.00,0.00,0.00,0.00,0.00,0.00,-0.01,-18.58,3298.19,3306.50,3319.10,3297.36,3306.25,-2.187,5.77,48.87,72.57,81.59,6.19,2.68,3.52,3307.28,3318.62,648,1384,71.4,14.3,11,1,CROSS=EMA9<EMA21;TREND=1;STRUCT=1;VOL=1;COOL=1;EMA50=1;VWAP=1;BIAS=1,0.00,0.00,25876.37,25876.37,days=3 trades=5 W=2 L=3 gross_profit=350.32 gross_loss=368.90 net=-18.58 PF=0.95 pips=2435.0
275,2025.04.28 19:00:00,2025.04.28 21:30:00,ENTRY,XAUUSD,M15,104,BUY,FULLTGT,EVENING,0,3325.12,3307.78,3307.78,17.34,1.00,17.34,3342.46,3359.79,3377.13,3394.46,3411.80,0.07,0.07,0.07,3325.12,0.00,0.00,0.00,3300.07,3299.62,3307.56,3299.05,3299.11,-0.915,8.67,30.29,67.74,57.72,10.09,6.76,3.32,3296.76,3325.07,2113,2685,85.7,0.0,5,1,CROSS=EMA9>EMA21;TREND=1;STRUCT=1;VOL=1;COOL=1;EMA50=1;VWAP=1;BIAS=1,0.00,0.00,25876.12,25875.77,KZR=London L @ 3277.82 25 bars ago (low taken); EVENING 4PM-12AM IST session: stop x1.00 of usual; no partials; full size to TP5; SL steps BE->TP1->TP2->TP3
276,2025.04.28 21:24:20,2025.04.28 23:54:20,SL_MOVE,XAUUSD,M15,104,BUY,FULLTGT,EVENING,0,3325.12,3307.78,3325.12,17.34,1.00,17.34,3342.46,3359.79,3377.13,3394.46,3411.80,0.07,0.00,0.07,3325.12,1.00,0.00,0.00,3311.13,3305.72,3310.06,3310.03,3305.06,-0.682,6.36,25.42,70.90,58.54,10.85,11.44,-0.59,3300.74,3338.10,1380,2514,71.4,14.3,12,1,CROSS=EMA9>EMA21;TREND=1;STRUCT=1;VOL=1;COOL=1;EMA50=1;VWAP=1;BIAS=1,1.00,-0.03,25876.12,25997.64,stop to breakeven
277,2025.04.28 21:24:20,2025.04.28 23:54:20,TP1_REACHED,XAUUSD,M15,104,BUY,FULLTGT,EVENING,0,3325.12,3307.78,3325.12,17.34,1.00,17.34,3342.46,3359.79,3377.13,3394.46,3411.80,0.07,0.00,0.07,3342.46,1.00,1.00,0.00,3311.13,3305.72,3310.06,3310.03,3305.06,-0.682,6.36,25.42,70.90,58.54,10.85,11.44,-0.59,3300.74,3338.10,1380,2514,71.4,14.3,12,1,CROSS=EMA9>EMA21;TREND=1;STRUCT=1;VOL=1;COOL=1;EMA50=1;VWAP=1;BIAS=1,1.00,-0.03,25876.12,25997.64,full target: no partial booked
278,2025.04.29 04:07:40,2025.04.29 06:37:40,EXIT_BE,XAUUSD,M15,104,BUY,FULLTGT,DAY,0,3325.12,3307.78,3325.12,17.34,1.00,17.34,3342.46,3359.79,3377.13,3394.46,3411.80,0.07,0.07,0.00,3325.08,0.00,-0.00,-5.20,3328.78,3318.83,3316.56,3328.73,3318.61,0.401,5.67,39.52,39.66,35.67,0.20,2.43,-2.23,3336.00,3329.92,1549,1018,28.6,71.4,10,1,CROSS=EMA9>EMA21;TREND=1;STRUCT=1;VOL=1;COOL=1;EMA50=1;VWAP=1;BIAS=1,1.61,-0.03,25871.17,25871.17,stopped at breakeven
279,2025.04.29 15:45:00,2025.04.29 18:15:00,ENTRY,XAUUSD,M15,106,SELL,FULLTGT,EVENING,0,3309.30,3320.87,3320.87,11.57,1.00,11.57,3297.73,3286.15,3274.58,3263.00,3251.43,0.11,0.11,0.11,3309.30,0.00,0.00,0.00,3316.61,3316.73,3316.32,3316.91,3316.87,0.071,5.79,31.77,43.23,46.86,-2.17,-2.30,0.13,3319.35,3309.40,2731,1721,14.3,85.7,5,1,CROSS=EMA9<EMA21;TREND=1;STRUCT=1;VOL=1;COOL=1;EMA50=1;VWAP=1;BIAS=1,0.00,0.00,25870.78,25870.23,KZR=London L @ 3277.82 108 bars ago (low taken); EVENING 4PM-12AM IST session: stop x1.00 of usual; no partials; full size to TP5; SL steps BE->TP1->TP2->TP3
280,2025.04.29 16:39:00,2025.04.29 19:09:00,EXIT_SL,XAUUSD,M15,106,SELL,FULLTGT,EVENING,0,3309.30,3320.87,3320.87,11.57,1.00,11.57,3297.73,3286.15,3274.58,3263.00,3251.43,0.11,0.11,0.00,3320.87,0.00,-1.00,-128.05,3316.50,3316.66,3316.29,3316.46,3316.64,0.059,6.18,27.31,54.73,59.60,-0.90,-1.92,1.02,3318.86,3317.38,2733,1926,71.4,28.6,7,1,CROSS=EMA9<EMA21;TREND=1;STRUCT=1;VOL=1;COOL=1;EMA50=1;VWAP=1;BIAS=1,0.19,-1.00,25743.12,25743.12,stopped at the initial SL (x1.00 of usual)
281,2025.04.29 20:30:00,2025.04.29 23:00:00,ENTRY,XAUUSD,M15,108,BUY,FULLTGT,EVENING,0,3323.73,3310.14,3310.14,13.59,1.00,13.59,3337.32,3350.91,3364.50,3378.09,3391.68,0.09,0.09,0.09,3323.73,0.00,0.00,0.00,3316.67,3316.58,3316.27,3316.39,3316.44,0.046,6.79,28.46,58.15,57.80,2.71,0.57,2.15,3317.62,3323.54,1790,2518,85.7,0.0,12,1,CROSS=EMA9>EMA21;TREND=1;STRUCT=1;VOL=1;COOL=1;EMA50=1;VWAP=1;BIAS=1,0.00,0.00,25742.80,25741.72,KZR=London L @ 3277.82 127 bars ago (low taken); EVENING 4PM-12AM IST session: stop x1.00 of usual; no partials; full size to TP5; SL steps BE->TP1->TP2->TP3
282,2025.04.30 01:00:00,2025.04.30 03:30:00,DAY_SUMMARY,XAUUSD,M15,108,BUY,FULLTGT,DAY,0,3323.73,3310.14,3310.14,13.59,1.00,13.59,3337.32,3350.91,3364.50,3378.09,3391.68,0.09,0.00,0.00,0.00,0.00,-1.00,-133.25,3318.08,3317.41,3316.75,3318.12,3317.41,0.154,4.26,18.62,47.34,38.25,0.97,1.58,-0.60,3317.86,3317.20,610,1394,14.3,57.1,11,1,CROSS=EMA9>EMA21;TREND=1;STRUCT=1;VOL=1;COOL=1;EMA50=1;VWAP=1;BIAS=1,0.10,-0.77,25742.80,25647.65,2025.04.29 trades=2 W=0 L=2 gross_profit=0.00 gross_loss=133.25 net=-133.25 PF=0.00
283,2025.04.30 04:04:30,2025.04.30 06:34:30,EXIT_SL,XAUUSD,M15,108,BUY,FULLTGT,DAY,0,3323.73,3310.14,3310.14,13.59,1.00,13.59,3337.32,3350.91,3364.50,3378.09,3391.68,0.09,0.09,0.00,3310.06,0.00,-1.01,-129.36,3317.74,3317.37,3316.81,3317.92,3317.45,0.104,5.38,30.27,44.17,39.17,-0.54,-0.14,-0.40,3317.61,3313.30,1424,885,14.3,85.7,8,1,CROSS=EMA9>EMA21;TREND=1;STRUCT=1;VOL=1;COOL=1;EMA50=1;VWAP=1;BIAS=1,0.32,-1.00,25613.76,25613.76,stopped at the initial SL (x1.00 of usual)
284,2025.04.30 05:30:00,2025.04.30 08:00:00,ENTRY,XAUUSD,M15,110,SELL,FULLTGT,DAY,0,3311.85,3325.03,3325.03,13.18,1.00,13.18,3298.67,3285.48,3272.30,3259.11,3245.93,0.09,0.09,0.09,3311.85,0.00,0.00,0.00,3316.92,3316.99,3316.65,3317.13,3317.09,0.052,6.59,31.90,44.52,44.90,-1.48,-0.64,-0.84,3315.94,3311.85,919,1088,0.0,85.7,8,1,CROSS=EMA9<EMA21;TREND=1;STRUCT=1;VOL=1;COOL=1;EMA50=1;VWAP=1;BIAS=1,0.00,0.00,25613.44,25612.72,KZR=London L @ 3277.82 163 bars ago (low taken); DAY 12AM-4PM IST session: stop x1.00 of usual; no partials; full size to TP5; SL steps BE->TP1->TP2->TP3
285,2025.04.30 11:11:18,2025.04.30 13:41:18,SL_MOVE,XAUUSD,M15,110,SELL,FULLTGT,DAY,0,3311.85,3325.03,3311.85,13.18,1.00,13.18,3298.67,3285.48,3272.30,3259.11,3245.93,0.09,0.00,0.09,3311.85,1.00,0.00,0.00,3312.00,3313.93,3315.01,3312.19,3314.07,-0.220,4.89,21.53,46.26,36.51,-0.89,-1.45,0.56,3311.30,3307.22,1742,1490,14.3,71.4,7,1,CROSS=EMA9<EMA21;TREND=1;STRUCT=1;VOL=1;COOL=1;EMA50=1;VWAP=1;BIAS=1,0.99,-0.22,25613.44,25732.15,stop to breakeven
286,2025.04.30 11:11:18,2025.04.30 13:41:18,TP1_REACHED,XAUUSD,M15,110,SELL,FULLTGT,DAY,0,3311.85,3325.03,3311.85,13.18,1.00,13.18,3298.67,3285.48,3272.30,3259.11,3245.93,0.09,0.00,0.09,3298.67,1.00,1.00,0.00,3312.00,3313.93,3315.01,3312.19,3314.07,-0.220,4.89,21.53,46.26,36.51,-0.89,-1.45,0.56,3311.30,3307.22,1742,1490,14.3,71.4,7,1,CROSS=EMA9<EMA21;TREND=1;STRUCT=1;VOL=1;COOL=1;EMA50=1;VWAP=1;BIAS=1,0.99,-0.22,25613.44,25732.15,full target: no partial booked
287,2025.04.30 11:14:42,2025.04.30 13:44:42,SL_MOVE,XAUUSD,M15,110,SELL,FULLTGT,DAY,0,3311.85,3325.03,3298.67,13.18,1.00,13.18,3298.67,3285.48,3272.30,3259.11,3245.93,0.09,0.00,0.09,3298.67,2.00,0.00,0.00,3312.00,3313.93,3315.01,3312.19,3314.07,-0.220,4.89,21.53,46.26,36.51,-0.89,-1.45,0.56,3311.30,3307.22,1742,1490,14.3,71.4,10,1,CROSS=EMA9<EMA21;TREND=1;STRUCT=1;VOL=1;COOL=1;EMA50=1;VWAP=1;BIAS=1,2.00,-0.22,25613.44,25851.58,stop trailed to TP1
288,2025.04.30 11:14:42,2025.04.30 13:44:42,TP2_REACHED,XAUUSD,M15,110,SELL,FULLTGT,DAY,0,3311.85,3325.03,3298.67,13.18,1.00,13.18,3298.67,3285.48,3272.30,3259.11,3245.93,0.09,0.00,0.09,3285.48,2.00,2.00,0.00,3312.00,3313.93,3315.01,3312.19,3314.07,-0.220,4.89,21.53,46.26,36.51,-0.89,-1.45,0.56,3311.30,3307.22,1742,1490,14.3,71.4,10,1,CROSS=EMA9<EMA21;TREND=1;STRUCT=1;VOL=1;COOL=1;EMA50=1;VWAP=1;BIAS=1,2.00,-0.22,25613.44,25851.58,full target: no partial booked
289,2025.04.30 13:04:04,2025.04.30 15:34:04,SL_MOVE,XAUUSD,M15,110,SELL,FULLTGT,DAY,0,3311.85,3325.03,3285.48,13.18,1.00,13.18,3298.67,3285.48,3272.30,3259.11,3245.93,0.09,0.00,0.09,3285.48,3.00,0.00,0.00,3304.20,3309.45,3312.60,3305.35,3310.13,-0.432,7.29,33.29,26.20,29.21,-8.02,-5.30,-2.72,3305.16,3276.00,2126,1855,0.0,100.0,6,1,CROSS=EMA9<EMA21;TREND=1;STRUCT=1;VOL=1;COOL=1;EMA50=1;VWAP=1;BIAS=1,3.00,-0.22,25613.44,25969.48,stop trailed to TP2
290,2025.04.30 13:04:04,2025.04.30 15:34:04,TP3_REACHED,XAUUSD,M15,110,SELL,FULLTGT,DAY,0,3311.85,3325.03,3285.48,13.18,1.00,13.18,3298.67,3285.48,3272.30,3259.11,3245.93,0.09,0.00,0.09,3272.30,3.00,3.00,0.00,3304.20,3309.45,3312.60,3305.35,3310.13,-0.432,7.29,33.29,26.20,29.21,-8.02,-5.30,-2.72,3305.16,3276.00,2126,1855,0.0,100.0,6,1,CROSS=EMA9<EMA21;TREND=1;STRUCT=1;VOL=1;COOL=1;EMA50=1;VWAP=1;BIAS=1,3.00,-0.22,25613.44,25969.48,full target: no partial booked
291,2025.04.30 15:18:37,2025.04.30 17:48:37,EXIT_TRAIL_SL,XAUUSD,M15,110,SELL,FULLTGT,EVENING,0,3311.85,3325.03,3285.48,13.18,1.00,13.18,3298.67,3285.48,3272.30,3259.11,3245.93,0.09,0.09,0.00,3285.50,0.00,2.00,236.51,3295.71,3303.96,3309.46,3296.53,3304.53,-0.808,6.81,37.30,37.17,47.17,-7.81,-8.54,0.73,3299.86,3275.66,2383,1859,28.6,71.4,10,1,CROSS=EMA9<EMA21;TREND=1;STRUCT=1;VOL=1;COOL=1;EMA50=1;VWAP=1;BIAS=1,3.40,-0.22,25850.27,25850.27,stopped at a trailed level
292,2025.05.01 01:00:00,2025.05.01 03:30:00,DAY_SUMMARY,XAUUSD,M15,110,FLAT,NA,DAY,0,0.00,0.00,0.00,0.00,1.00,0.00,0.00,0.00,0.00,0.00,0.00,0.00,0.00,0.00,0.00,0.00,0.99,107.15,3300.18,3303.20,3307.50,3300.67,3303.50,-0.805,5.33,35.06,37.36,32.78,-2.96,-0.58,-2.38,3301.61,3288.27,943,1507,0.0,85.7,11,1,CROSS=EMA9<EMA21;TREND=1;STRUCT=1;VOL=1;COOL=1;EMA50=1;VWAP=1;BIAS=1,0.00,0.00,25850.27,25850.27,2025.04.30 trades=2 W=1 L=1 gross_profit=236.51 gross_loss=129.36 net=107.15 PF=1.83
293,2025.05.01 01:00:00,2025.05.01 03:30:00,MONTH_SUMMARY,XAUUSD,M15,110,FLAT,NA,DAY,0,0.00,0.00,0.00,0.00,1.00,0.00,0.00,0.00,0.00,0.00,0.00,0.00,0.00,0.00,0.00,0.00,-0.05,-74.63,3300.18,3303.20,3307.50,3300.67,3303.50,-0.805,5.33,35.06,37.36,32.78,-2.96,-0.58,-2.38,3301.61,3288.27,943,1507,0.0,85.7,11,1,CROSS=EMA9<EMA21;TREND=1;STRUCT=1;VOL=1;COOL=1;EMA50=1;VWAP=1;BIAS=1,0.00,0.00,25850.27,25850.27,days=10 trades=17 W=5 L=12 gross_profit=1302.72 gross_loss=1377.35 net=-74.63 PF=0.95 pips=3826.0
294,2025.05.02 10:15:00,2025.05.02 12:45:00,ENTRY,XAUUSD,M15,112,BUY,FULLTGT,DAY,0,3253.12,3242.98,3242.98,10.14,1.00,10.14,3263.26,3273.41,3283.55,3293.70,3303.84,0.12,0.12,0.12,3253.12,0.00,0.00,0.00,3243.62,3243.44,3256.24,3243.23,3243.25,-2.523,5.07,26.29,56.89,48.82,3.76,4.74,-0.98,3245.83,3253.08,1813,1376,71.4,28.6,5,1,CROSS=EMA9>EMA21;TREND=1;STRUCT=1;VOL=1;COOL=1;EMA50=1;VWAP=1;BIAS=1,0.00,0.00,25849.85,25849.25,KZR=London L @ 3226.09 87 bars ago (low taken); DAY 12AM-4PM IST session: stop x1.00 of usual; no partials; full size to TP5; SL steps BE->TP1->TP2->TP3
295,2025.05.02 10:35:15,2025.05.02 13:05:15,SL_MOVE,XAUUSD,M15,112,BUY,FULLTGT,DAY,0,3253.12,3242.98,3253.12,10.14,1.00,10.14,3263.26,3273.41,3283.55,3293.70,3303.84,0.12,0.00,0.12,3253.12,1.00,0.00,0.00,3244.11,3243.69,3256.24,3243.62,3243.44,-2.380,5.27,26.35,60.79,66.40,3.74,4.53,-0.79,3246.11,3256.13,1482,1354,85.7,14.3,6,1,CROSS=EMA9>EMA21;TREND=1;STRUCT=1;VOL=1;COOL=1;EMA50=1;VWAP=1;BIAS=1,1.00,-0.15,25849.85,25972.13,stop to breakeven
296,2025.05.02 10:35:15,2025.05.02 13:05:15,TP1_REACHED,XAUUSD,M15,112,BUY,FULLTGT,DAY,0,3253.12,3242.98,3253.12,10.14,1.00,10.14,3263.26,3273.41,3283.55,3293.70,3303.84,0.12,0.00,0.12,3263.26,1.00,1.00,0.00,3244.11,3243.69,3256.24,3243.62,3243.44,-2.380,5.27,26.35,60.79,66.40,3.74,4.53,-0.79,3246.11,3256.13,1482,1354,85.7,14.3,6,1,CROSS=EMA9>EMA21;TREND=1;STRUCT=1;VOL=1;COOL=1;EMA50=1;VWAP=1;BIAS=1,1.00,-0.15,25849.85,25972.13,full target: no partial booked
297,2025.05.02 15:30:38,2025.05.02 18:00:38,EXIT_BE,XAUUSD,M15,112,BUY,FULLTGT,EVENING,0,3253.12,3242.98,3253.12,10.14,1.00,10.14,3263.26,3273.41,3283.55,3293.70,3303.84,0.12,0.12,0.00,3253.00,0.00,-0.01,-2.28,3253.54,3249.43,3257.11,3253.32,3249.24,-1.542,4.98,18.74,50.44,40.94,2.51,3.15,-0.64,3252.00,3258.98,2096,1572,42.9,42.9,7,1,CROSS=EMA9>EMA21;TREND=1;STRUCT=1;VOL=1;COOL=1;EMA50=1;VWAP=1;BIAS=1,1.59,-0.15,25847.99,25847.99,stopped at breakeven
298,2025.05.02 20:45:00,2025.05.02 23:15:00,ENTRY,XAUUSD,M15,114,SELL,FULLTGT,EVENING,0,3229.37,3248.98,3248.98,19.61,1.00,19.61,3209.76,3190.15,3170.54,3150.93,3131.32,0.06,0.06,0.06,3229.37,0.00,0.00,0.00,3247.15,3247.37,3254.62,3247.88,3247.73,-0.739,9.80,32.35,38.08,41.91,-7.03,-5.43,-1.60,3249.00,3229.37,2082,3105,0.0,85.7,8,1,CROSS=EMA9<EMA21;TREND=1;STRUCT=1;VOL=1;COOL=1;EMA50=1;VWAP=1;BIAS=1,0.00,0.00,25847.78,25847.30,KZR=Asia L @ 3227.46 6 bars ago (low taken); EVENING 4PM-12AM IST session: stop x1.00 of usual; no partials; full size to TP5; SL steps BE->TP1->TP2->TP3
299,2025.05.02 23:42:00,2025.05.03 02:12:00,EXIT_WEEKEND,XAUUSD,M15,114,SELL,FULLTGT,DAY,0,3229.37,3248.98,3248.98,19.61,1.00,19.61,3209.76,3190.15,3170.54,3150.93,3131.32,0.06,0.06,0.00,3239.33,0.00,-0.51,0.00,3241.39,3244.09,3252.12,3241.53,3244.21,-1.403,5.73,32.23,51.03,65.18,-3.74,-6.06,2.32,3247.27,3237.97,829,2012,42.9,42.9,41,1,CROSS=EMA9<EMA21;TREND=1;STRUCT=1;VOL=1;COOL=1;EMA50=1;VWAP=1;BIAS=1,0.25,-0.61,25787.81,25787.81,WEEKEND exit
300,2025.05.02 23:42:01,2025.05.03 02:12:01,EXIT_WEEKEND,XAUUSD,M15,114,SELL,FULLTGT,DAY,0,3229.37,3248.98,3248.98,19.61,1.00,19.61,3209.76,3190.15,3170.54,3150.93,3131.32,0.06,0.06,0.00,3239.33,0.00,-0.51,-60.18,3241.39,3244.09,3252.12,3241.53,3244.21,-1.403,5.73,32.23,51.03,65.18,-3.74,-6.06,2.32,3247.27,3237.97,829,2012,42.9,42.9,41,1,CROSS=EMA9<EMA21;TREND=1;STRUCT=1;VOL=1;COOL=1;EMA50=1;VWAP=1;BIAS=1,0.25,-0.61,25787.81,25787.81,flattened before the Friday close
301,2025.05.05 01:00:00,2025.05.05 03:30:00,DAY_SUMMARY,XAUUSD,M15,114,FLAT,NA,DAY,0,0.00,0.00,0.00,0.00,1.00,0.00,0.00,0.00,0.00,0.00,0.00,0.00,0.00,0.00,0.00,0.00,-0.52,-62.46,3241.28,3243.93,3251.88,3241.32,3244.00,-1.627,4.89,40.26,53.52,65.18,-2.23,-5.04,2.81,3247.22,3240.30,496,1754,42.9,42.9,11,1,CROSS=EMA9<EMA21;TREND=1;STRUCT=1;VOL=1;COOL=1;EMA50=1;VWAP=1;BIAS=1,0.00,0.00,25787.81,25787.81,2025.05.02 trades=2 W=0 L=2 gross_profit=0.00 gross_loss=62.46 net=-62.46 PF=0.00
302,2025.05.05 01:00:00,2025.05.05 03:30:00,WEEK_SUMMARY,XAUUSD,M15,114,FLAT,NA,DAY,0,0.00,0.00,0.00,0.00,1.00,0.00,0.00,0.00,0.00,0.00,0.00,0.00,0.00,0.00,0.00,0.00,-0.52,-62.46,3241.28,3243.93,3251.88,3241.32,3244.00,-1.627,4.89,40.26,53.52,65.18,-2.23,-5.04,2.81,3247.22,3240.30,496,1754,42.9,42.9,11,1,CROSS=EMA9<EMA21;TREND=1;STRUCT=1;VOL=1;COOL=1;EMA50=1;VWAP=1;BIAS=1,0.00,0.00,25787.81,25787.81,days=1 trades=2 W=0 L=2 gross_profit=0.00 gross_loss=62.46 net=-62.46 PF=0.00 pips=-1008.0
303,2025.05.05 05:00:00,2025.05.05 07:30:00,ENTRY,XAUUSD,M15,116,BUY,FULLTGT,DAY,0,3264.83,3253.21,3253.21,11.62,1.00,11.62,3276.45,3288.08,3299.70,3311.33,3322.95,0.11,0.11,0.11,3264.83,0.00,0.00,0.00,3245.48,3245.44,3251.47,3244.70,3245.05,-1.038,5.81,53.89,70.81,68.98,5.94,3.13,2.82,3250.93,3264.73,1408,1200,100.0,0.0,10,1,CROSS=EMA9>EMA21;TREND=1;STRUCT=1;VOL=1;COOL=1;EMA50=1;VWAP=1;BIAS=1,0.00,0.00,25787.42,25786.32,KZR=Asia L @ 3227.46 231 bars ago (low taken); DAY 12AM-4PM IST session: stop x1.00 of usual; no partials; full size to TP5; SL steps BE->TP1->TP2->TP3
304,2025.05.05 06:43:39,2025.05.05 09:13:39,EXIT_SL,XAUUSD,M15,116,BUY,FULLTGT,DAY,0,3264.83,3253.21,3253.21,11.62,1.00,11.62,3276.45,3288.08,3299.70,3311.33,3322.95,0.11,0.11,0.00,3253.20,0.00,-1.00,-128.71,3249.47,3247.56,3252.21,3249.05,3247.32,-0.677,6.88,53.31,57.02,39.89,6.42,6.25,0.16,3255.49,3259.56,1465,1488,71.4,14.3,12,1,CROSS=EMA9>EMA21;TREND=1;STRUCT=1;VOL=1;COOL=1;EMA50=1;VWAP=1;BIAS=1,0.65,-1.00,25659.10,25659.10,stopped at the initial SL (x1.00 of usual)
305,2025.05.06 01:00:00,2025.05.06 03:30:00,DAY_SUMMARY,XAUUSD,M15,116,FLAT,NA,DAY,0,0.00,0.00,0.00,0.00,1.00,0.00,0.00,0.00,0.00,0.00,0.00,0.00,0.00,0.00,0.00,0.00,-1.00,-128.71,3311.00,3293.34,3278.34,3310.06,3292.52,3.105,4.83,57.70,69.26,63.24,6.42,5.70,0.72,3293.27,3333.96,709,1672,85.7,0.0,11,1,CROSS=EMA9>EMA21;TREND=1;STRUCT=1;VOL=1;COOL=1;EMA50=1;VWAP=1;BIAS=1,0.00,0.00,25659.10,25659.10,2025.05.05 trades=1 W=0 L=1 gross_profit=0.00 gross_loss=128.71 net=-128.71 PF=0.00
306,2025.05.08 05:00:00,2025.05.08 07:30:00,SKIP,XAUUSD,M15,116,FLAT,NA,DAY,0,0.00,0.00,0.00,0.00,1.00,0.00,0.00,0.00,0.00,0.00,0.00,0.00,0.00,0.00,0.00,0.00,0.00,0.00,3382.07,3381.78,3369.37,3380.99,3381.23,1.714,7.24,53.34,73.21,77.31,4.52,0.51,4.01,3384.57,3408.67,2844,1366,100.0,0.0,10,1,CROSS=EMA9>EMA21;TREND=1;STRUCT=1;VOL=1;COOL=1;EMA50=1;VWAP=1;BIAS=1,0.00,0.00,25659.10,25659.10,already positioned that way
307,2025.05.08 09:30:00,2025.05.08 12:00:00,ENTRY,XAUUSD,M15,118,SELL,FULLTGT,DAY,0,3339.64,3358.34,3358.34,18.70,1.00,18.70,3320.94,3302.23,3283.53,3264.83,3246.13,0.06,0.06,0.06,3339.64,0.00,0.00,0.00,3381.79,3382.33,3371.88,3383.51,3383.19,1.117,9.35,54.63,19.54,19.13,-8.94,-1.25,-7.69,3383.63,3339.64,3748,2228,0.0,100.0,7,1,CROSS=EMA9<EMA21;TREND=1;STRUCT=1;VOL=1;COOL=1;EMA50=1;VWAP=1;BIAS=1,0.00,0.00,25658.89,25658.47,KZR=NY H @ 3398.00 18 bars ago (high taken); DAY 12AM-4PM IST session: stop x1.00 of usual; no partials; full size to TP5; SL steps BE->TP1->TP2->TP3
308,2025.05.08 09:48:40,2025.05.08 12:18:40,SL_MOVE,XAUUSD,M15,118,SELL,FULLTGT,DAY,0,3339.64,3358.34,3339.64,18.70,1.00,18.70,3320.94,3302.23,3283.53,3264.83,3246.13,0.06,0.00,0.06,3339.64,1.00,0.00,0.00,3379.78,3381.30,3371.47,3381.79,3382.33,0.998,9.85,58.28,17.11,20.56,-11.42,-3.00,-8.42,3380.91,3330.46,3526,2281,0.0,100.0,8,1,CROSS=EMA9<EMA21;TREND=1;STRUCT=1;VOL=1;COOL=1;EMA50=1;VWAP=1;BIAS=1,1.00,-0.11,25658.89,25771.15,stop to breakeven
309,2025.05.08 09:48:40,2025.05.08 12:18:40,TP1_REACHED,XAUUSD,M15,118,SELL,FULLTGT,DAY,0,3339.64,3358.34,3339.64,18.70,1.00,18.70,3320.94,3302.23,3283.53,3264.83,3246.13,0.06,0.00,0.06,3320.94,1.00,1.00,0.00,3379.78,3381.30,3371.47,3381.79,3382.33,0.998,9.85,58.28,17.11,20.56,-11.42,-3.00,-8.42,3380.91,3330.46,3526,2281,0.0,100.0,8,1,CROSS=EMA9<EMA21;TREND=1;STRUCT=1;VOL=1;COOL=1;EMA50=1;VWAP=1;BIAS=1,1.00,-0.11,25658.89,25771.15,full target: no partial booked
310,2025.05.08 10:15:13,2025.05.08 12:45:13,EXIT_BE,XAUUSD,M15,118,SELL,FULLTGT,DAY,0,3339.64,3358.34,3339.64,18.70,1.00,18.70,3320.94,3302.23,3283.53,3264.83,3246.13,0.06,0.06,0.00,3339.64,0.00,-0.00,-0.42,3376.28,3379.46,3370.73,3377.83,3380.29,0.848,10.29,60.92,26.67,38.40,-13.90,-6.66,-7.25,3376.85,3338.44,2763,2287,14.3,85.7,5,1,CROSS=EMA9<EMA21;TREND=1;STRUCT=1;VOL=1;COOL=1;EMA50=1;VWAP=1;BIAS=1,1.03,-0.11,25658.68,25658.68,stopped at breakeven
311,2025.05.09 01:00:00,2025.05.09 03:30:00,DAY_SUMMARY,XAUUSD,M15,118,FLAT,NA,DAY,0,0.00,0.00,0.00,0.00,1.00,0.00,0.00,0.00,0.00,0.00,0.00,0.00,0.00,0.00,0.00,0.00,0.00,-0.42,3328.17,3344.60,3353.39,3329.08,3345.38,-1.415,6.21,27.44,40.66,48.66,-8.29,-10.58,2.28,3350.03,3305.85,810,2045,14.3,71.4,11,1,CROSS=EMA9<EMA21;TREND=1;STRUCT=1;VOL=1;COOL=1;EMA50=1;VWAP=1;BIAS=1,0.00,0.00,25658.68,25658.68,2025.05.08 trades=1 W=0 L=1 gross_profit=0.00 gross_loss=0.42 net=-0.42 PF=0.00
312,2025.05.09 20:15:00,2025.05.09 22:45:00,ENTRY,XAUUSD,M15,120,BUY,FULLTGT,EVENING,0,3337.23,3323.18,3323.18,14.05,1.00,14.05,3351.28,3365.33,3379.38,3393.43,3407.48,0.09,0.09,0.09,3337.23,0.00,0.00,0.00,3331.16,3331.12,3338.23,3330.91,3330.99,-1.013,7.02,19.40,52.31,44.49,3.13,3.86,-0.74,3322.52,3337.21,1805,2560,42.9,28.6,10,1,CROSS=EMA9>EMA21;TREND=1;STRUCT=1;VOL=1;COOL=1;EMA50=1;VWAP=1;BIAS=1,0.00,0.00,25658.36,25657.46,KZR=NY H @ 3398.00 157 bars ago (high taken); EVENING 4PM-12AM IST session: stop x1.00 of usual; no partials; full size to TP5; SL steps BE->TP1->TP2->TP3
313,2025.05.09 23:42:00,2025.05.10 02:12:00,EXIT_WEEKEND,XAUUSD,M15,120,BUY,FULLTGT,DAY,0,3337.23,3323.18,3323.18,14.05,1.00,14.05,3351.28,3365.33,3379.38,3393.43,3407.48,0.09,0.09,0.00,3328.86,0.00,-0.60,0.00,3332.50,3331.96,3337.84,3332.59,3332.00,-1.466,4.01,44.82,43.19,39.73,-1.24,0.60,-1.84,3323.80,3330.18,651,1600,28.6,57.1,41,1,CROSS=EMA9>EMA21;TREND=1;STRUCT=1;VOL=1;COOL=1;EMA50=1;VWAP=1;BIAS=1,0.41,-0.82,25582.71,25582.71,WEEKEND exit
314,2025.05.09 23:42:00,2025.05.10 02:12:00,EXIT_WEEKEND,XAUUSD,M15,120,BUY,FULLTGT,DAY,0,3337.23,3323.18,3323.18,14.05,1.00,14.05,3351.28,3365.33,3379.38,3393.43,3407.48,0.09,0.09,0.00,3328.86,0.00,-0.60,-75.97,3332.50,3331.96,3337.84,3332.59,3332.00,-1.466,4.01,44.82,43.19,39.73,-1.24,0.60,-1.84,3323.80,3330.18,651,1600,28.6,57.1,41,1,CROSS=EMA9>EMA21;TREND=1;STRUCT=1;VOL=1;COOL=1;EMA50=1;VWAP=1;BIAS=1,0.41,-0.82,25582.71,25582.71,flattened before the Friday close
315,2025.05.12 01:00:00,2025.05.12 03:30:00,DAY_SUMMARY,XAUUSD,M15,120,FLAT,NA,DAY,0,0.00,0.00,0.00,0.00,1.00,0.00,0.00,0.00,0.00,0.00,0.00,0.00,0.00,0.00,0.00,0.00,-0.60,-75.97,3332.16,3331.81,3337.64,3332.37,3331.90,-1.573,3.71,49.43,39.20,37.64,-1.81,-0.27,-1.54,3323.83,3327.15,642,1443,28.6,57.1,13,1,CROSS=EMA9>EMA21;TREND=1;STRUCT=1;VOL=1;COOL=1;EMA50=1;VWAP=1;BIAS=1,0.00,0.00,25582.71,25582.71,2025.05.09 trades=1 W=0 L=1 gross_profit=0.00 gross_loss=75.97 net=-75.97 PF=0.00
316,2025.05.12 01:00:00,2025.05.12 03:30:00,WEEK_SUMMARY,XAUUSD,M15,120,FLAT,NA,DAY,0,0.00,0.00,0.00,0.00,1.00,0.00,0.00,0.00,0.00,0.00,0.00,0.00,0.00,0.00,0.00,0.00,-1.60,-205.10,3332.16,3331.81,3337.64,3332.37,3331.90,-1.573,3.71,49.43,39.20,37.64,-1.81,-0.27,-1.54,3323.83,3327.15,642,1443,28.6,57.1,13,1,CROSS=EMA9>EMA21;TREND=1;STRUCT=1;VOL=1;COOL=1;EMA50=1;VWAP=1;BIAS=1,0.00,0.00,25582.71,25582.71,days=3 trades=3 W=0 L=3 gross_profit=0.00 gross_loss=205.10 net=-205.10 PF=0.00 pips=-2000.0
317,2025.05.12 01:15:00,2025.05.12 03:45:00,ENTRY,XAUUSD,M15,122,SELL,FULLTGT,DAY,0,3282.05,3296.91,3296.91,14.86,1.00,14.86,3267.19,3252.34,3237.48,3222.63,3207.77,0.08,0.08,0.08,3282.05,0.00,0.00,0.00,3330.20,3330.82,3337.09,3332.16,3331.81,-0.844,7.43,53.33,15.56,8.91,-5.64,-1.11,-4.53,3285.44,3282.05,2287,1446,0.0,100.0,7,1,CROSS=EMA9<EMA21;TREND=1;STRUCT=1;VOL=1;COOL=1;EMA50=1;VWAP=1;BIAS=1,0.00,0.00,25582.43,25581.87,KZR=NY L @ 3311.43 0 bars ago (low taken); DAY 12AM-4PM IST session: stop x1.00 of usual; no partials; full size to TP5; SL steps BE->TP1->TP2->TP3
318,2025.05.12 01:45:40,2025.05.12 04:15:40,SL_MOVE,XAUUSD,M15,122,SELL,FULLTGT,DAY,0,3282.05,3296.91,3282.05,14.86,1.00,14.86,3267.19,3252.34,3237.48,3222.63,3207.77,0.08,0.00,0.08,3282.05,1.00,0.00,0.00,3325.93,3328.62,3335.86,3328.14,3329.77,-0.872,8.30,59.65,13.46,14.12,-11.87,-3.65,-8.22,3279.79,3271.73,1746,1406,0.0,100.0,11,1,CROSS=EMA9<EMA21;TREND=1;STRUCT=1;VOL=1;COOL=1;EMA50=1;VWAP=1;BIAS=1,1.00,-0.08,25582.43,25701.55,stop to breakeven
319,2025.05.12 01:45:40,2025.05.12 04:15:40,TP1_REACHED,XAUUSD,M15,122,SELL,FULLTGT,DAY,0,3282.05,3296.91,3282.05,14.86,1.00,14.86,3267.19,3252.34,3237.48,3222.63,3207.77,0.08,0.00,0.08,3267.19,1.00,1.00,0.00,3325.93,3328.62,3335.86,3328.14,3329.77,-0.872,8.30,59.65,13.46,14.12,-11.87,-3.65,-8.22,3279.79,3271.73,1746,1406,0.0,100.0,11,1,CROSS=EMA9<EMA21;TREND=1;STRUCT=1;VOL=1;COOL=1;EMA50=1;VWAP=1;BIAS=1,1.00,-0.08,25582.43,25701.55,full target: no partial booked
320,2025.05.12 02:27:30,2025.05.12 04:57:30,EXIT_BE,XAUUSD,M15,122,SELL,FULLTGT,DAY,0,3282.05,3296.91,3282.05,14.86,1.00,14.86,3267.19,3252.34,3237.48,3222.63,3207.77,0.08,0.08,0.00,3282.17,0.00,-0.01,-1.52,3321.98,3326.50,3334.64,3323.84,3327.52,-0.850,9.57,65.29,19.23,33.88,-15.16,-6.79,-8.37,3277.15,3276.38,1871,1395,14.3,85.7,10,1,CROSS=EMA9<EMA21;TREND=1;STRUCT=1;VOL=1;COOL=1;EMA50=1;VWAP=1;BIAS=1,1.08,-0.08,25581.19,25581.19,stopped at breakeven
321,2025.05.13 01:00:00,2025.05.13 03:30:00,DAY_SUMMARY,XAUUSD,M15,122,FLAT,NA,DAY,0,0.00,0.00,0.00,0.00,1.00,0.00,0.00,0.00,0.00,0.00,0.00,0.00,0.00,0.00,0.00,0.00,-0.01,-1.52,3237.18,3254.19,3280.96,3237.28,3254.58,-7.119,3.76,22.11,53.71,54.16,0.72,-0.65,1.37,3246.07,3234.78,555,1624,42.9,28.6,11,1,CROSS=EMA9<EMA21;TREND=1;STRUCT=1;VOL=1;COOL=1;EMA50=1;VWAP=1;BIAS=1,0.00,0.00,25581.19,25581.19,2025.05.12 trades=1 W=0 L=1 gross_profit=0.00 gross_loss=1.52 net=-1.52 PF=0.00
322,2025.05.14 02:30:00,2025.05.14 05:00:00,ENTRY,XAUUSD,M15,124,BUY,FULLTGT,DAY,0,3255.30,3249.03,3249.03,6.27,1.00,6.27,3261.57,3267.84,3274.11,3280.39,3286.66,0.20,0.20,0.20,3255.30,0.00,0.00,0.00,3249.14,3249.05,3259.94,3248.89,3248.92,-3.473,3.14,30.73,60.12,61.06,1.74,1.23,0.51,3253.14,3255.22,468,873,85.7,0.0,8,1,CROSS=EMA9>EMA21;TREND=1;STRUCT=1;VOL=1;COOL=1;EMA50=1;VWAP=1;BIAS=1,0.00,0.00,25580.49,25578.89,KZR=London L @ 3216.19 150 bars ago (low taken); DAY 12AM-4PM IST session: stop x1.00 of usual; no partials; full size to TP5; SL steps BE->TP1->TP2->TP3
323,2025.05.14 03:02:41,2025.05.14 05:32:41,EXIT_SL,XAUUSD,M15,124,BUY,FULLTGT,DAY,0,3255.30,3249.03,3249.03,6.27,1.00,6.27,3261.57,3267.84,3274.11,3280.39,3286.66,0.20,0.20,0.00,3249.01,0.00,-1.00,-127.20,3249.58,3249.28,3259.84,3249.39,3249.17,-3.386,3.12,28.61,57.52,53.97,1.84,1.41,0.43,3253.50,3254.33,651,779,85.7,0.0,13,1,CROSS=EMA9>EMA21;TREND=1;STRUCT=1;VOL=1;COOL=1;EMA50=1;VWAP=1;BIAS=1,0.10,-1.00,25453.99,25453.99,stopped at the initial SL (x1.00 of usual)
324,2025.05.14 04:00:00,2025.05.14 06:30:00,ENTRY,XAUUSD,M15,126,SELL,FULLTGT,DAY,0,3243.87,3252.04,3252.04,8.17,1.00,8.17,3235.70,3227.54,3219.37,3211.21,3203.04,0.15,0.15,0.15,3243.87,0.00,0.00,0.00,3248.95,3248.97,3259.27,3249.15,3249.07,-2.522,4.08,23.67,38.87,37.10,-0.43,1.09,-1.52,3248.82,3243.87,1986,862,0.0,85.7,10,1,CROSS=EMA9<EMA21;TREND=1;STRUCT=1;VOL=1;COOL=1;EMA50=1;VWAP=1;BIAS=1,0.00,0.00,25453.46,25451.96,KZR=London L @ 3216.19 156 bars ago (low taken); DAY 12AM-4PM IST session: stop x1.00 of usual; no partials; full size to TP5; SL steps BE->TP1->TP2->TP3
325,2025.05.14 04:30:15,2025.05.14 07:00:15,EXIT_SL,XAUUSD,M15,126,SELL,FULLTGT,DAY,0,3243.87,3252.04,3252.04,8.17,1.00,8.17,3235.70,3227.54,3219.37,3211.21,3203.04,0.15,0.15,0.00,3252.06,0.00,-1.00,-123.91,3248.79,3248.89,3259.02,3248.72,3248.86,-2.103,4.82,23.15,52.18,57.20,-0.63,0.59,-1.22,3247.53,3250.55,2152,1008,57.1,28.6,7,1,CROSS=EMA9<EMA21;TREND=1;STRUCT=1;VOL=1;COOL=1;EMA50=1;VWAP=1;BIAS=1,0.60,-1.00,25330.08,25330.08,stopped at the initial SL (x1.00 of usual)
326,2025.05.15 01:00:00,2025.05.15 03:30:00,DAY_SUMMARY,XAUUSD,M15,126,FLAT,NA,DAY,0,0.00,0.00,0.00,0.00,1.00,0.00,0.00,0.00,0.00,0.00,0.00,0.00,0.00,0.00,0.00,0.00,-2.01,-251.11,3194.29,3210.21,3229.63,3194.98,3210.87,-4.503,4.31,23.77,40.38,44.49,-4.56,-6.47,1.91,3211.87,3177.40,786,1855,14.3,57.1,10,1,CROSS=EMA9<EMA21;TREND=1;STRUCT=1;VOL=1;COOL=1;EMA50=1;VWAP=1;BIAS=1,0.00,0.00,25330.08,25330.08,2025.05.14 trades=2 W=0 L=2 gross_profit=0.00 gross_loss=251.11 net=-251.11 PF=0.00
327,2025.05.15 19:45:00,2025.05.15 22:15:00,ENTRY,XAUUSD,M15,128,BUY,FULLTGT,EVENING,0,3221.75,3207.81,3207.81,13.94,1.00,13.94,3235.69,3249.63,3263.57,3277.52,3291.46,0.09,0.09,0.09,3221.75,0.00,0.00,0.00,3186.58,3185.96,3201.22,3185.14,3185.24,-2.189,6.97,64.18,75.68,69.07,12.90,11.92,0.98,3172.51,3221.68,1697,2816,85.7,0.0,7,1,CROSS=EMA9>EMA21;TREND=1;STRUCT=1;VOL=1;COOL=1;EMA50=1;VWAP=1;BIAS=1,0.00,0.00,25329.76,25329.13,KZR=NY L @ 3175.07 96 bars ago (low taken); EVENING 4PM-12AM IST session: stop x1.00 of usual; no partials; full size to TP5; SL steps BE->TP1->TP2->TP3
328,2025.05.15 23:17:26,2025.05.16 01:47:26,SL_MOVE,XAUUSD,M15,128,BUY,FULLTGT,DAY,0,3221.75,3207.81,3221.75,13.94,1.00,13.94,3235.69,3249.63,3263.57,3277.52,3291.46,0.09,0.00,0.09,3221.75,1.00,0.00,0.00,3203.60,3195.73,3204.43,3202.32,3194.94,-1.980,4.40,53.06,74.69,75.81,9.65,10.13,-0.48,3178.61,3234.82,1123,1730,71.4,14.3,7,1,CROSS=EMA9>EMA21;TREND=1;STRUCT=1;VOL=1;COOL=1;EMA50=1;VWAP=1;BIAS=1,1.00,-0.38,25329.76,25455.49,stop to breakeven
329,2025.05.15 23:17:26,2025.05.16 01:47:26,TP1_REACHED,XAUUSD,M15,128,BUY,FULLTGT,DAY,0,3221.75,3207.81,3221.75,13.94,1.00,13.94,3235.69,3249.63,3263.57,3277.52,3291.46,0.09,0.00,0.09,3235.69,1.00,1.00,0.00,3203.60,3195.73,3204.43,3202.32,3194.94,-1.980,4.40,53.06,74.69,75.81,9.65,10.13,-0.48,3178.61,3234.82,1123,1730,71.4,14.3,7,1,CROSS=EMA9>EMA21;TREND=1;STRUCT=1;VOL=1;COOL=1;EMA50=1;VWAP=1;BIAS=1,1.00,-0.38,25329.76,25455.49,full target: no partial booked
330,2025.05.16 01:38:41,2025.05.16 04:08:41,SL_MOVE,XAUUSD,M15,128,BUY,FULLTGT,DAY,0,3221.75,3207.81,3235.69,13.94,1.00,13.94,3235.69,3249.63,3263.57,3277.52,3291.46,0.09,0.00,0.09,3235.69,2.00,0.00,0.00,3210.48,3200.08,3206.24,3209.00,3199.14,-1.401,4.39,67.43,79.53,72.21,10.60,9.89,0.70,3244.53,3246.77,955,1403,85.7,0.0,13,1,CROSS=EMA9>EMA21;TREND=1;STRUCT=1;VOL=1;COOL=1;EMA50=1;VWAP=1;BIAS=1,2.00,-0.38,25329.76,25575.44,stop trailed to TP1
331,2025.05.16 01:38:41,2025.05.16 04:08:41,TP2_REACHED,XAUUSD,M15,128,BUY,FULLTGT,DAY,0,3221.75,3207.81,3235.69,13.94,1.00,13.94,3235.69,3249.63,3263.57,3277.52,3291.46,0.09,0.00,0.09,3249.63,2.00,2.00,0.00,3210.48,3200.08,3206.24,3209.00,3199.14,-1.401,4.39,67.43,79.53,72.21,10.60,9.89,0.70,3244.53,3246.77,955,1403,85.7,0.0,13,1,CROSS=EMA9>EMA21;TREND=1;STRUCT=1;VOL=1;COOL=1;EMA50=1;VWAP=1;BIAS=1,2.00,-0.38,25329.76,25575.44,full target: no partial booked
332,2025.05.16 03:12:27,2025.05.16 05:42:27,EXIT_TRAIL_SL,XAUUSD,M15,128,BUY,FULLTGT,DAY,0,3221.75,3207.81,3235.69,13.94,1.00,13.94,3235.69,3249.63,3263.57,3277.52,3291.46,0.09,0.09,0.00,3235.68,0.00,1.00,119.04,3217.72,3205.12,3208.48,3216.93,3204.47,-0.628,5.35,55.43,57.53,45.48,8.46,10.27,-1.81,3244.89,3237.17,1214,1294,42.9,42.9,10,1,CROSS=EMA9>EMA21;TREND=1;STRUCT=1;VOL=1;COOL=1;EMA50=1;VWAP=1;BIAS=1,2.19,-0.38,25449.12,25449.12,stopped at a trailed level
333,2025.05.16 14:45:00,2025.05.16 17:15:00,ENTRY,XAUUSD,M15,130,SELL,FULLTGT,EVENING,0,3173.94,3190.31,3190.31,16.37,1.00,16.37,3157.57,3141.19,3124.82,3108.44,3092.07,0.07,0.07,0.07,3173.94,0.00,0.00,0.00,3207.44,3207.51,3209.34,3208.81,3208.19,-0.224,8.19,34.26,26.14,31.93,-10.61,-6.06,-4.55,3215.03,3173.94,2358,2264,14.3,85.7,5,1,CROSS=EMA9<EMA21;TREND=1;STRUCT=1;VOL=1;COOL=1;EMA50=1;VWAP=1;BIAS=1,0.00,0.00,25448.87,25448.52,KZR=NY L @ 3172.55 3 bars ago (low taken); EVENING 4PM-12AM IST session: stop x1.00 of usual; no partials; full size to TP5; SL steps BE->TP1->TP2->TP3
334,2025.05.16 14:54:38,2025.05.16 17:24:38,SL_MOVE,XAUUSD,M15,130,SELL,FULLTGT,EVENING,0,3173.94,3190.31,3173.94,16.37,1.00,16.37,3157.57,3141.19,3124.82,3108.44,3092.07,0.07,0.00,0.07,3173.94,1.00,0.00,0.00,3207.44,3207.51,3209.34,3208.81,3208.19,-0.224,8.19,34.26,26.14,31.72,-10.61,-6.06,-4.55,3215.03,3173.94,2358,2264,14.3,85.7,11,1,CROSS=EMA9<EMA21;TREND=1;STRUCT=1;VOL=1;COOL=1;EMA50=1;VWAP=1;BIAS=1,1.00,-0.15,25448.87,25564.02,stop to breakeven
335,2025.05.16 14:54:38,2025.05.16 17:24:38,TP1_REACHED,XAUUSD,M15,130,SELL,FULLTGT,EVENING,0,3173.94,3190.31,3173.94,16.37,1.00,16.37,3157.57,3141.19,3124.82,3108.44,3092.07,0.07,0.00,0.07,3157.57,1.00,1.00,0.00,3207.44,3207.51,3209.34,3208.81,3208.19,-0.224,8.19,34.26,26.14,31.72,-10.61,-6.06,-4.55,3215.03,3173.94,2358,2264,14.3,85.7,11,1,CROSS=EMA9<EMA21;TREND=1;STRUCT=1;VOL=1;COOL=1;EMA50=1;VWAP=1;BIAS=1,1.00,-0.15,25448.87,25564.02,full target: no partial booked
336,2025.05.16 15:24:37,2025.05.16 17:54:37,EXIT_BE,XAUUSD,M15,130,SELL,FULLTGT,EVENING,0,3173.94,3190.31,3173.94,16.37,1.00,16.37,3157.57,3141.19,3124.82,3108.44,3092.07,0.07,0.07,0.00,3173.95,0.00,-0.00,-0.57,3204.10,3205.81,3208.45,3205.70,3206.63,-0.275,9.62,39.50,24.10,40.91,-12.76,-8.02,-4.74,3212.20,3164.92,3280,2329,14.3,85.7,13,1,CROSS=EMA9<EMA21;TREND=1;STRUCT=1;VOL=1;COOL=1;EMA50=1;VWAP=1;BIAS=1,1.19,-0.15,25448.55,25448.55,stopped at breakeven
337,2025.05.19 01:00:00,2025.05.19 03:30:00,DAY_SUMMARY,XAUUSD,M15,130,FLAT,NA,DAY,0,0.00,0.00,0.00,0.00,1.00,0.00,0.00,0.00,0.00,0.00,0.00,0.00,0.00,0.00,0.00,0.00,1.00,118.47,3191.90,3196.10,3201.76,3191.53,3196.00,-1.208,4.69,44.91,61.59,63.43,3.47,1.99,1.48,3200.92,3201.00,975,1300,71.4,14.3,11,1,CROSS=EMA9<EMA21;TREND=1;STRUCT=1;VOL=1;COOL=1;EMA50=1;VWAP=1;BIAS=1,0.00,0.00,25448.55,25448.55,2025.05.16 trades=2 W=1 L=1 gross_profit=119.04 gross_loss=0.57 net=118.47 PF=208.84
338,2025.05.19 01:00:00,2025.05.19 03:30:00,WEEK_SUMMARY,XAUUSD,M15,130,FLAT,NA,DAY,0,0.00,0.00,0.00,0.00,1.00,0.00,0.00,0.00,0.00,0.00,0.00,0.00,0.00,0.00,0.00,0.00,-1.02,-134.16,3191.90,3196.10,3201.76,3191.53,3196.00,-1.208,4.69,44.91,61.59,63.43,3.47,1.99,1.48,3200.92,3201.00,975,1300,71.4,14.3,11,1,CROSS=EMA9<EMA21;TREND=1;STRUCT=1;VOL=1;COOL=1;EMA50=1;VWAP=1;BIAS=1,0.00,0.00,25448.55,25448.55,days=3 trades=5 W=1 L=4 gross_profit=119.04 gross_loss=253.20 net=-134.16 PF=0.47 pips=-68.0
339,2025.05.19 02:30:00,2025.05.19 05:00:00,ENTRY,XAUUSD,M15,132,BUY,FULLTGT,DAY,0,3243.49,3228.35,3228.35,15.14,1.00,15.14,3258.63,3273.77,3288.91,3304.05,3319.19,0.08,0.08,0.08,3243.49,0.00,0.00,0.00,3201.37,3200.61,3203.75,3199.65,3199.74,-0.415,7.57,65.20,78.90,78.09,14.10,7.80,6.30,3232.45,3243.40,1002,1262,85.7,0.0,9,1,CROSS=EMA9>EMA21;TREND=1;STRUCT=1;VOL=1;COOL=1;EMA50=1;VWAP=1;BIAS=1,0.00,0.00,25448.27,25447.55,KZR=NY L @ 3172.55 242 bars ago (low taken); DAY 12AM-4PM IST session: stop x1.00 of usual; no partials; full size to TP5; SL steps BE->TP1->TP2->TP3
340,2025.05.19 02:49:29,2025.05.19 05:19:29,EXIT_SL,XAUUSD,M15,132,BUY,FULLTGT,DAY,0,3243.49,3228.35,3228.35,15.14,1.00,15.14,3258.63,3273.77,3288.91,3304.05,3319.19,0.08,0.08,0.00,3228.27,0.00,-1.01,-122.32,3202.58,3201.24,3204.04,3201.37,3200.61,-0.336,8.32,61.97,67.14,55.38,13.90,9.04,4.86,3232.81,3232.40,1376,1252,71.4,28.6,9,1,CROSS=EMA9>EMA21;TREND=1;STRUCT=1;VOL=1;COOL=1;EMA50=1;VWAP=1;BIAS=1,0.07,-1.00,25326.23,25326.23,stopped at the initial SL (x1.00 of usual)
341,2025.05.20 01:00:00,2025.05.20 03:30:00,DAY_SUMMARY,XAUUSD,M15,132,FLAT,NA,DAY,0,0.00,0.00,0.00,0.00,1.00,0.00,0.00,0.00,0.00,0.00,0.00,0.00,0.00,0.00,0.00,0.00,-1.01,-122.32,3231.35,3226.54,3220.01,3231.40,3226.47,1.999,3.26,24.38,46.12,42.73,-0.44,-0.23,-0.20,3231.74,3230.12,574,1165,14.3,57.1,11,1,CROSS=EMA9>EMA21;TREND=1;STRUCT=1;VOL=1;COOL=1;EMA50=1;VWAP=1;BIAS=1,0.00,0.00,25326.23,25326.23,2025.05.19 trades=1 W=0 L=1 gross_profit=0.00 gross_loss=122.32 net=-122.32 PF=0.00
342,2025.05.20 06:45:00,2025.05.20 09:15:00,ENTRY,XAUUSD,M15,134,SELL,FULLTGT,DAY,0,3211.90,3224.68,3224.68,12.78,1.00,12.78,3199.12,3186.34,3173.56,3160.77,3147.99,0.09,0.09,0.09,3211.90,0.00,0.00,0.00,3223.79,3223.92,3219.97,3224.27,3224.17,0.619,6.39,37.30,37.13,44.51,-4.62,-3.46,-1.16,3219.17,3211.90,1853,1604,0.0,100.0,8,1,CROSS=EMA9<EMA21;TREND=1;STRUCT=1;VOL=1;COOL=1;EMA50=1;VWAP=1;BIAS=1,0.00,0.00,25325.91,25325.19,KZR=NY L @ 3172.55 355 bars ago (low taken); DAY 12AM-4PM IST session: stop x1.00 of usual; no partials; full size to TP5; SL steps BE->TP1->TP2->TP3
343,2025.05.20 10:46:40,2025.05.20 13:16:40,EXIT_SL,XAUUSD,M15,134,SELL,FULLTGT,DAY,0,3211.90,3224.68,3224.68,12.78,1.00,12.78,3199.12,3186.34,3173.56,3160.77,3147.99,0.09,0.09,0.00,3224.70,0.00,-1.00,-115.84,3219.26,3221.24,3219.10,3219.13,3221.22,0.391,5.49,21.14,59.02,67.53,-1.19,-2.27,1.08,3216.97,3222.40,2000,1635,71.4,14.3,12,1,CROSS=EMA9<EMA21;TREND=1;STRUCT=1;VOL=1;COOL=1;EMA50=1;VWAP=1;BIAS=1,0.30,-1.00,25210.39,25210.39,stopped at the initial SL (x1.00 of usual)
344,2025.05.20 13:15:00,2025.05.20 15:45:00,ENTRY,XAUUSD,M15,136,BUY,FULLTGT,DAY,0,3234.29,3222.97,3222.97,11.32,1.00,11.32,3245.61,3256.94,3268.26,3279.58,3290.90,0.11,0.11,0.11,3234.29,0.00,0.00,0.00,3223.14,3222.96,3220.19,3222.69,3222.74,0.490,5.66,46.37,64.18,58.81,4.94,2.79,2.15,3220.20,3234.20,1471,1863,85.7,0.0,9,1,CROSS=EMA9>EMA21;TREND=1;STRUCT=1;VOL=1;COOL=1;EMA50=1;VWAP=1;BIAS=1,0.00,0.00,25210.00,25209.01,KZR=NY L @ 3172.55 381 bars ago (low taken); DAY 12AM-4PM IST session: stop x1.00 of usual; no partials; full size to TP5; SL steps BE->TP1->TP2->TP3
345,2025.05.20 15:33:19,2025.05.20 18:03:19,SL_MOVE,XAUUSD,M15,136,BUY,FULLTGT,EVENING,0,3234.29,3222.97,3234.29,11.32,1.00,11.32,3245.61,3256.94,3268.26,3279.58,3290.90,0.11,0.00,0.11,3234.29,1.00,0.00,0.00,3227.66,3225.44,3221.72,3227.10,3225.12,0.816,4.56,52.10,64.83,59.31,5.27,5.21,0.06,3222.75,3241.38,1943,1721,100.0,0.0,8,1,CROSS=EMA9>EMA21;TREND=1;STRUCT=1;VOL=1;COOL=1;EMA50=1;VWAP=1;BIAS=1,1.00,-0.21,25210.00,25334.74,stop to breakeven
346,2025.05.20 15:33:19,2025.05.20 18:03:19,TP1_REACHED,XAUUSD,M15,136,BUY,FULLTGT,EVENING,0,3234.29,3222.97,3234.29,11.32,1.00,11.32,3245.61,3256.94,3268.26,3279.58,3290.90,0.11,0.00,0.11,3245.61,1.00,1.00,0.00,3227.66,3225.44,3221.72,3227.10,3225.12,0.816,4.56,52.10,64.83,59.31,5.27,5.21,0.06,3222.75,3241.38,1943,1721,100.0,0.0,8,1,CROSS=EMA9>EMA21;TREND=1;STRUCT=1;VOL=1;COOL=1;EMA50=1;VWAP=1;BIAS=1,1.00,-0.21,25210.00,25334.74,full target: no partial booked
347,2025.05.20 16:06:39,2025.05.20 18:36:39,EXIT_BE,XAUUSD,M15,136,BUY,FULLTGT,EVENING,0,3234.29,3222.97,3234.29,11.32,1.00,11.32,3245.61,3256.94,3268.26,3279.58,3290.90,0.11,0.11,0.00,3234.28,0.00,-0.00,-0.89,3228.95,3226.19,3222.17,3228.38,3225.85,0.839,4.79,51.92,63.45,42.92,5.61,5.36,0.25,3224.02,3242.86,2538,1803,71.4,28.6,8,1,CROSS=EMA9>EMA21;TREND=1;STRUCT=1;VOL=1;COOL=1;EMA50=1;VWAP=1;BIAS=1,1.45,-0.21,25209.50,25209.50,stopped at breakeven
348,2025.05.21 01:00:00,2025.05.21 03:30:00,DAY_SUMMARY,XAUUSD,M15,136,FLAT,NA,DAY,0,0.00,0.00,0.00,0.00,1.00,0.00,0.00,0.00,0.00,0.00,0.00,0.00,0.00,0.00,0.00,0.00,-1.00,-116.73,3268.23,3252.37,3238.17,3267.35,3251.61,4.631,3.07,50.81,66.07,47.09,7.59,9.00,-1.41,3244.97,3289.66,526,1464,57.1,28.6,11,1,CROSS=EMA9>EMA21;TREND=1;STRUCT=1;VOL=1;COOL=1;EMA50=1;VWAP=1;BIAS=1,0.00,0.00,25209.50,25209.50,2025.05.20 trades=2 W=0 L=2 gross_profit=0.00 gross_loss=116.73 net=-116.73 PF=0.00
349,2025.05.22 17:45:00,2025.05.22 20:15:00,ENTRY,XAUUSD,M15,138,SELL,FULLTGT,EVENING,0,3302.64,3323.41,3323.41,20.77,1.00,20.77,3281.87,3261.11,3240.34,3219.58,3198.81,0.06,0.06,0.06,3302.64,0.00,0.00,0.00,3312.14,3312.31,3299.11,3312.53,3312.51,1.271,10.38,29.04,46.87,52.33,-4.72,-4.40,-0.32,3316.99,3302.65,2968,3052,14.3,71.4,9,1,CROSS=EMA9<EMA21;TREND=1;STRUCT=1;VOL=1;COOL=1;EMA50=1;VWAP=1;BIAS=1,0.00,0.00,25209.29,25208.75,KZR=London H @ 3320.55 78 bars ago (high taken); EVENING 4PM-12AM IST session: stop x1.00 of usual; no partials; full size to TP5; SL steps BE->TP1->TP2->TP3
350,2025.05.22 18:08:05,2025.05.22 20:38:05,SL_MOVE,XAUUSD,M15,138,SELL,FULLTGT,EVENING,0,3302.64,3323.41,3302.64,20.77,1.00,20.77,3281.87,3261.11,3240.34,3219.58,3198.81,0.06,0.00,0.06,3302.64,1.00,0.00,0.00,3311.55,3312.01,3299.09,3312.14,3312.31,1.222,10.56,25.39,43.44,40.81,-4.77,-4.35,-0.42,3316.63,3297.09,3109,3115,0.0,85.7,11,1,CROSS=EMA9<EMA21;TREND=1;STRUCT=1;VOL=1;COOL=1;EMA50=1;VWAP=1;BIAS=1,1.00,-0.10,25209.29,25333.91,stop to breakeven
351,2025.05.22 18:08:05,2025.05.22 20:38:05,TP1_REACHED,XAUUSD,M15,138,SELL,FULLTGT,EVENING,0,3302.64,3323.41,3302.64,20.77,1.00,20.77,3281.87,3261.11,3240.34,3219.58,3198.81,0.06,0.00,0.06,3281.87,1.00,1.00,0.00,3311.55,3312.01,3299.09,3312.14,3312.31,1.222,10.56,25.39,43.44,40.81,-4.77,-4.35,-0.42,3316.63,3297.09,3109,3115,0.0,85.7,11,1,CROSS=EMA9<EMA21;TREND=1;STRUCT=1;VOL=1;COOL=1;EMA50=1;VWAP=1;BIAS=1,1.00,-0.10,25209.29,25333.91,full target: no partial booked
352,2025.05.22 19:38:41,2025.05.22 22:08:41,EXIT_BE,XAUUSD,M15,138,SELL,FULLTGT,EVENING,0,3302.64,3323.41,3302.64,20.77,1.00,20.77,3281.87,3261.11,3240.34,3219.58,3198.81,0.06,0.06,0.00,3302.65,0.00,-0.00,-0.48,3307.87,3309.99,3298.81,3308.20,3310.20,1.155,9.68,20.77,48.12,55.38,-4.55,-5.09,0.54,3314.32,3299.71,2175,3125,28.6,42.9,12,1,CROSS=EMA9<EMA21;TREND=1;STRUCT=1;VOL=1;COOL=1;EMA50=1;VWAP=1;BIAS=1,1.02,-0.10,25209.02,25209.02,stopped at breakeven
353,2025.05.23 01:00:00,2025.05.23 03:30:00,DAY_SUMMARY,XAUUSD,M15,138,FLAT,NA,DAY,0,0.00,0.00,0.00,0.00,1.00,0.00,0.00,0.00,0.00,0.00,0.00,0.00,0.00,0.00,0.00,0.00,-0.00,-0.48,3301.07,3305.42,3298.18,3301.33,3305.64,1.859,3.90,22.82,47.69,54.09,-2.36,-2.75,0.39,3311.55,3294.71,441,1687,28.6,42.9,11,1,CROSS=EMA9<EMA21;TREND=1;STRUCT=1;VOL=1;COOL=1;EMA50=1;VWAP=1;BIAS=1,0.00,0.00,25209.02,25209.02,2025.05.22 trades=1 W=0 L=1 gross_profit=0.00 gross_loss=0.48 net=-0.48 PF=0.00
354,2025.05.23 09:30:00,2025.05.23 12:00:00,ENTRY,XAUUSD,M15,140,BUY,FULLTGT,DAY,0,3326.02,3316.17,3316.17,9.85,1.00,9.85,3335.87,3345.72,3355.57,3365.43,3375.28,0.12,0.12,0.12,3326.02,0.00,0.00,0.00,3306.40,3306.04,3300.41,3305.60,3305.64,1.143,4.93,61.21,72.43,65.51,6.76,4.34,2.42,3306.52,3325.90,2351,1607,85.7,14.3,7,1,CROSS=EMA9>EMA21;TREND=1;STRUCT=1;VOL=1;COOL=1;EMA50=1;VWAP=1;BIAS=1,0.00,0.00,25208.60,25207.76,KZR=London H @ 3320.55 141 bars ago (high taken); DAY 12AM-4PM IST session: stop x1.00 of usual; no partials; full size to TP5; SL steps BE->TP1->TP2->TP3
355,2025.05.23 14:44:42,2025.05.23 17:14:42,SL_MOVE,XAUUSD,M15,140,BUY,FULLTGT,EVENING,0,3326.02,3316.17,3326.02,9.85,1.00,9.85,3335.87,3345.72,3355.57,3365.43,3375.28,0.12,0.00,0.12,3326.02,1.00,0.00,0.00,3318.75,3313.56,3305.57,3318.24,3313.20,1.671,4.78,21.01,60.69,44.33,3.71,4.62,-0.91,3315.96,3331.32,2714,1837,57.1,28.6,11,1,CROSS=EMA9>EMA21;TREND=1;STRUCT=1;VOL=1;COOL=1;EMA50=1;VWAP=1;BIAS=1,0.99,-0.34,25208.60,25327.40,stop to breakeven
356,2025.05.23 14:44:42,2025.05.23 17:14:42,TP1_REACHED,XAUUSD,M15,140,BUY,FULLTGT,EVENING,0,3326.02,3316.17,3326.02,9.85,1.00,9.85,3335.87,3345.72,3355.57,3365.43,3375.28,0.12,0.00,0.12,3335.87,1.00,1.00,0.00,3318.75,3313.56,3305.57,3318.24,3313.20,1.671,4.78,21.01,60.69,44.33,3.71,4.62,-0.91,3315.96,3331.32,2714,1837,57.1,28.6,11,1,CROSS=EMA9>EMA21;TREND=1;STRUCT=1;VOL=1;COOL=1;EMA50=1;VWAP=1;BIAS=1,0.99,-0.34,25208.60,25327.40,full target: no partial booked
357,2025.05.23 14:49:37,2025.05.23 17:19:37,SL_MOVE,XAUUSD,M15,140,BUY,FULLTGT,EVENING,0,3326.02,3316.17,3335.87,9.85,1.00,9.85,3335.87,3345.72,3355.57,3365.43,3375.28,0.12,0.00,0.12,3335.87,2.00,0.00,0.00,3319.38,3313.98,3305.86,3318.75,3313.56,1.524,5.33,20.48,64.47,60.70,3.93,4.42,-0.49,3316.41,3334.71,2567,1868,71.4,14.3,11,1,CROSS=EMA9>EMA21;TREND=1;STRUCT=1;VOL=1;COOL=1;EMA50=1;VWAP=1;BIAS=1,2.00,-0.34,25208.60,25445.96,stop trailed to TP1
358,2025.05.23 14:49:37,2025.05.23 17:19:37,TP2_REACHED,XAUUSD,M15,140,BUY,FULLTGT,EVENING,0,3326.02,3316.17,3335.87,9.85,1.00,9.85,3335.87,3345.72,3355.57,3365.43,3375.28,0.12,0.00,0.12,3345.72,2.00,2.00,0.00,3319.38,3313.98,3305.86,3318.75,3313.56,1.524,5.33,20.48,64.47,60.70,3.93,4.42,-0.49,3316.41,3334.71,2567,1868,71.4,14.3,11,1,CROSS=EMA9>EMA21;TREND=1;STRUCT=1;VOL=1;COOL=1;EMA50=1;VWAP=1;BIAS=1,2.00,-0.34,25208.60,25445.96,full target: no partial booked
359,2025.05.23 15:34:15,2025.05.23 18:04:15,SL_MOVE,XAUUSD,M15,140,BUY,FULLTGT,EVENING,0,3326.02,3316.17,3345.72,9.85,1.00,9.85,3335.87,3345.72,3355.57,3365.43,3375.28,0.12,0.00,0.12,3345.72,3.00,0.00,0.00,3322.67,3315.98,3307.12,3321.64,3315.34,1.293,6.86,28.96,72.34,62.73,6.67,4.69,1.98,3320.17,3347.69,3777,2177,85.7,14.3,8,1,CROSS=EMA9>EMA21;TREND=1;STRUCT=1;VOL=1;COOL=1;EMA50=1;VWAP=1;BIAS=1,3.00,-0.34,25208.60,25563.56,stop trailed to TP2
360,2025.05.23 15:34:15,2025.05.23 18:04:15,TP3_REACHED,XAUUSD,M15,140,BUY,FULLTGT,EVENING,0,3326.02,3316.17,3345.72,9.85,1.00,9.85,3335.87,3345.72,3355.57,3365.43,3375.28,0.12,0.00,0.12,3355.57,3.00,3.00,0.00,3322.67,3315.98,3307.12,3321.64,3315.34,1.293,6.86,28.96,72.34,62.73,6.67,4.69,1.98,3320.17,3347.69,3777,2177,85.7,14.3,8,1,CROSS=EMA9>EMA21;TREND=1;STRUCT=1;VOL=1;COOL=1;EMA50=1;VWAP=1;BIAS=1,3.00,-0.34,25208.60,25563.56,full target: no partial booked
361,2025.05.23 16:32:41,2025.05.23 19:02:41,EXIT_TRAIL_SL,XAUUSD,M15,140,BUY,FULLTGT,EVENING,0,3326.02,3316.17,3345.72,9.85,1.00,9.85,3335.87,3345.72,3355.57,3365.43,3375.28,0.12,0.12,0.00,3345.69,0.00,2.00,235.20,3327.50,3319.01,3309.01,3326.54,3318.37,1.123,8.91,37.97,66.75,54.00,8.85,6.66,2.19,3324.57,3351.05,3549,2538,85.7,14.3,8,1,CROSS=EMA9>EMA21;TREND=1;STRUCT=1;VOL=1;COOL=1;EMA50=1;VWAP=1;BIAS=1,3.93,-0.34,25444.22,25444.22,stopped at a trailed level
362,2025.05.26 01:00:00,2025.05.26 03:30:00,DAY_SUMMARY,XAUUSD,M15,140,FLAT,NA,DAY,0,0.00,0.00,0.00,0.00,1.00,0.00,0.00,0.00,0.00,0.00,0.00,0.00,0.00,0.00,0.00,0.00,2.00,235.20,3350.31,3337.34,3322.05,3350.00,3336.92,4.713,3.24,42.95,49.67,38.96,2.41,4.23,-1.82,3335.94,3357.90,762,1615,42.9,42.9,11,1,CROSS=EMA9>EMA21;TREND=1;STRUCT=1;VOL=1;COOL=1;EMA50=1;VWAP=1;BIAS=1,0.00,0.00,25444.22,25444.22,2025.05.23 trades=1 W=1 L=0 gross_profit=235.20 gross_loss=0.00 net=235.20 PF=0.00
363,2025.05.26 01:00:00,2025.05.26 03:30:00,WEEK_SUMMARY,XAUUSD,M15,140,FLAT,NA,DAY,0,0.00,0.00,0.00,0.00,1.00,0.00,0.00,0.00,0.00,0.00,0.00,0.00,0.00,0.00,0.00,0.00,-0.01,-4.33,3350.31,3337.34,3322.05,3350.00,3336.92,4.713,3.24,42.95,49.67,38.96,2.41,4.23,-1.82,3335.94,3357.90,762,1615,42.9,42.9,11,1,CROSS=EMA9>EMA21;TREND=1;STRUCT=1;VOL=1;COOL=1;EMA50=1;VWAP=1;BIAS=1,0.00,0.00,25444.22,25444.22,days=4 trades=5 W=1 L=4 gross_profit=235.20 gross_loss=239.53 net=-4.33 PF=0.98 pips=-837.0
364,2025.05.26 15:30:00,2025.05.26 18:00:00,ENTRY,XAUUSD,M15,142,SELL,FULLTGT,EVENING,0,3326.94,3334.70,3334.70,7.76,1.00,7.76,3319.18,3311.43,3303.67,3295.91,3288.15,0.16,0.16,0.16,3326.94,0.00,0.00,0.00,3338.04,3338.16,3329.72,3338.49,3338.39,2.175,3.88,18.66,36.17,33.29,-2.79,-3.38,0.59,3340.32,3326.84,1511,1299,14.3,71.4,11,1,CROSS=EMA9<EMA21;TREND=1;STRUCT=1;VOL=1;COOL=1;EMA50=1;VWAP=1;BIAS=1,0.00,0.00,25443.66,25441.90,KZR=NY H @ 3364.74 268 bars ago (high taken); EVENING 4PM-12AM IST session: stop x1.00 of usual; no partials; full size to TP5; SL steps BE->TP1->TP2->TP3
365,2025.05.26 15:58:28,2025.05.26 18:28:28,EXIT_SL,XAUUSD,M15,142,SELL,FULLTGT,EVENING,0,3326.94,3334.70,3334.70,7.76,1.00,7.76,3319.18,3311.43,3303.67,3295.91,3288.15,0.16,0.16,0.00,3334.70,0.00,-1.00,-125.28,3337.88,3338.08,3329.76,3338.04,3338.16,1.939,4.29,18.06,49.26,55.21,-2.38,-3.19,0.81,3340.14,3334.04,1649,1294,42.9,42.9,5,1,CROSS=EMA9<EMA21;TREND=1;STRUCT=1;VOL=1;COOL=1;EMA50=1;VWAP=1;BIAS=1,0.05,-1.00,25318.94,25318.94,stopped at the initial SL (x1.00 of usual)
366,2025.05.26 20:00:00,2025.05.26 22:30:00,ENTRY,XAUUSD,M15,144,BUY,FULLTGT,EVENING,0,3342.22,3336.06,3336.06,6.16,1.00,6.16,3348.38,3354.54,3360.70,3366.85,3373.01,0.20,0.20,0.20,3342.22,0.00,0.00,0.00,3338.24,3338.18,3331.10,3338.08,3338.10,2.297,3.08,39.18,60.10,63.85,1.54,0.89,0.65,3339.60,3342.10,594,1316,85.7,0.0,12,1,CROSS=EMA9>EMA21;TREND=1;STRUCT=1;VOL=1;COOL=1;EMA50=1;VWAP=1;BIAS=1,0.00,0.00,25318.24,25315.84,KZR=NY H @ 3364.74 286 bars ago (high taken); EVENING 4PM-12AM IST session: stop x1.00 of usual; no partials; full size to TP5; SL steps BE->TP1->TP2->TP3
367,2025.05.27 01:00:00,2025.05.27 03:30:00,DAY_SUMMARY,XAUUSD,M15,144,BUY,FULLTGT,DAY,0,3342.22,3336.06,3336.06,6.16,1.00,6.16,3348.38,3354.54,3360.70,3366.85,3373.01,0.20,0.00,0.00,0.00,0.00,-1.00,-125.28,3338.94,3338.56,3331.71,3338.81,3338.48,3.481,1.97,38.91,59.97,63.74,1.60,1.51,0.10,3339.67,3342.30,687,1041,85.7,0.0,9,1,CROSS=EMA9>EMA21;TREND=1;STRUCT=1;VOL=1;COOL=1;EMA50=1;VWAP=1;BIAS=1,0.16,-0.27,25318.24,25318.60,2025.05.26 trades=1 W=0 L=1 gross_profit=0.00 gross_loss=125.28 net=-125.28 PF=0.00
368,2025.05.27 01:33:28,2025.05.27 04:03:28,SL_MOVE,XAUUSD,M15,144,BUY,FULLTGT,DAY,0,3342.22,3336.06,3342.22,6.16,1.00,6.16,3348.38,3354.54,3360.70,3366.85,3373.01,0.20,0.00,0.20,3342.22,1.00,0.00,0.00,3339.44,3338.82,3331.98,3339.14,3338.66,2.912,2.35,47.23,69.24,71.43,2.06,1.66,0.40,3345.22,3346.95,798,971,85.7,0.0,5,1,CROSS=EMA9>EMA21;TREND=1;STRUCT=1;VOL=1;COOL=1;EMA50=1;VWAP=1;BIAS=1,0.99,-0.27,25318.24,25428.80,stop to breakeven
369,2025.05.27 01:33:28,2025.05.27 04:03:28,TP1_REACHED,XAUUSD,M15,144,BUY,FULLTGT,DAY,0,3342.22,3336.06,3342.22,6.16,1.00,6.16,3348.38,3354.54,3360.70,3366.85,3373.01,0.20,0.00,0.20,3348.38,1.00,1.00,0.00,3339.44,3338.82,3331.98,3339.14,3338.66,2.912,2.35,47.23,69.24,71.43,2.06,1.66,0.40,3345.22,3346.95,798,971,85.7,0.0,5,1,CROSS=EMA9>EMA21;TREND=1;STRUCT=1;VOL=1;COOL=1;EMA50=1;VWAP=1;BIAS=1,0.99,-0.27,25318.24,25428.80,full target: no partial booked
370,2025.05.27 04:04:41,2025.05.27 06:34:41,EXIT_BE,XAUUSD,M15,144,BUY,FULLTGT,DAY,0,3342.22,3336.06,3342.22,6.16,1.00,6.16,3348.38,3354.54,3360.70,3366.85,3373.01,0.20,0.20,0.00,3342.18,0.00,-0.01,-14.84,3341.79,3340.24,3333.38,3341.66,3340.14,2.203,3.11,29.97,54.78,48.90,1.98,2.48,-0.50,3346.16,3345.13,1115,783,42.9,57.1,9,1,CROSS=EMA9>EMA21;TREND=1;STRUCT=1;VOL=1;COOL=1;EMA50=1;VWAP=1;BIAS=1,1.26,-0.27,25304.10,25304.10,stopped at breakeven
371,2025.05.27 08:45:00,2025.05.27 11:15:00,ENTRY,XAUUSD,M15,146,SELL,FULLTGT,DAY,0,3324.73,3332.15,3332.15,7.42,1.00,7.42,3317.31,3309.88,3302.46,3295.04,3287.62,0.17,0.17,0.17,3324.73,0.00,0.00,0.00,3339.34,3339.41,3334.15,3339.93,3339.70,1.418,3.71,39.84,27.05,16.00,-3.50,-1.04,-2.46,3339.60,3324.75,2669,1554,0.0,100.0,5,1,CROSS=EMA9<EMA21;TREND=1;STRUCT=1;VOL=1;COOL=1;EMA50=1;VWAP=1;BIAS=1,0.00,0.00,25303.50,25302.65,KZR=London H @ 3347.59 30 bars ago (high taken); DAY 12AM-4PM IST session: stop x1.00 of usual; no partials; full size to TP5; SL steps BE->TP1->TP2->TP3
372,2025.05.27 08:46:40,2025.05.27 11:16:40,SL_MOVE,XAUUSD,M15,146,SELL,FULLTGT,DAY,0,3324.73,3332.15,3324.73,7.42,1.00,7.42,3317.31,3309.88,3302.46,3295.04,3287.62,0.17,0.00,0.17,3324.73,1.00,0.00,0.00,3339.34,3339.41,3334.15,3339.93,3339.70,1.418,3.71,39.84,27.05,16.00,-3.50,-1.04,-2.46,3339.60,3324.75,2669,1554,0.0,100.0,5,1,CROSS=EMA9<EMA21;TREND=1;STRUCT=1;VOL=1;COOL=1;EMA50=1;VWAP=1;BIAS=1,0.99,-0.02,25303.50,25430.66,stop to breakeven
373,2025.05.27 08:46:40,2025.05.27 11:16:40,TP1_REACHED,XAUUSD,M15,146,SELL,FULLTGT,DAY,0,3324.73,3332.15,3324.73,7.42,1.00,7.42,3317.31,3309.88,3302.46,3295.04,3287.62,0.17,0.00,0.17,3317.31,1.00,1.00,0.00,3339.34,3339.41,3334.15,3339.93,3339.70,1.418,3.71,39.84,27.05,16.00,-3.50,-1.04,-2.46,3339.60,3324.75,2669,1554,0.0,100.0,5,1,CROSS=EMA9<EMA21;TREND=1;STRUCT=1;VOL=1;COOL=1;EMA50=1;VWAP=1;BIAS=1,0.99,-0.02,25303.50,25430.66,full target: no partial booked
374,2025.05.27 08:50:26,2025.05.27 11:20:26,EXIT_BE,XAUUSD,M15,146,SELL,FULLTGT,DAY,0,3324.73,3332.15,3324.73,7.42,1.00,7.42,3317.31,3309.88,3302.46,3295.04,3287.62,0.17,0.17,0.00,3324.74,0.00,-0.00,-1.37,3339.34,3339.41,3334.15,3339.93,3339.70,1.418,3.71,39.84,27.05,13.53,-3.50,-1.04,-2.46,3339.60,3324.75,2669,1554,0.0,100.0,8,1,CROSS=EMA9<EMA21;TREND=1;STRUCT=1;VOL=1;COOL=1;EMA50=1;VWAP=1;BIAS=1,1.15,-0.02,25302.73,25302.73,stopped at breakeven
375,2025.05.28 01:00:00,2025.05.28 03:30:00,DAY_SUMMARY,XAUUSD,M15,146,FLAT,NA,DAY,0,0.00,0.00,0.00,0.00,1.00,0.00,0.00,0.00,0.00,0.00,0.00,0.00,0.00,0.00,0.00,0.00,-0.01,-16.21,3303.89,3311.89,3318.77,3304.03,3312.12,-2.630,2.61,31.58,47.53,35.47,1.11,1.26,-0.15,3310.32,3300.56,621,1131,0.0,85.7,9,1,CROSS=EMA9<EMA21;TREND=1;STRUCT=1;VOL=1;COOL=1;EMA50=1;VWAP=1;BIAS=1,0.00,0.00,25302.73,25302.73,2025.05.27 trades=2 W=0 L=2 gross_profit=0.00 gross_loss=16.21 net=-16.21 PF=0.00
376,2025.05.28 13:45:00,2025.05.28 16:15:00,ENTRY,XAUUSD,M15,148,BUY,FULLTGT,EVENING,0,3315.98,3306.69,3306.69,9.29,1.00,9.29,3325.27,3334.57,3343.86,3353.15,3362.44,0.13,0.13,0.13,3315.98,0.00,0.00,0.00,3311.01,3310.94,3315.11,3310.80,3310.84,-0.898,4.65,38.94,52.18,38.21,3.96,4.70,-0.73,3309.21,3315.97,1836,1795,57.1,42.9,5,1,CROSS=EMA9>EMA21;TREND=1;STRUCT=1;VOL=1;COOL=1;EMA50=1;VWAP=1;BIAS=1,0.00,0.00,25302.27,25301.62,KZR=Asia L @ 3285.51 82 bars ago (low taken); EVENING 4PM-12AM IST session: stop x1.00 of usual; no partials; full size to TP5; SL steps BE->TP1->TP2->TP3
377,2025.05.28 15:12:26,2025.05.28 17:42:26,EXIT_SL,XAUUSD,M15,148,BUY,FULLTGT,EVENING,0,3315.98,3306.69,3306.69,9.29,1.00,9.29,3325.27,3334.57,3343.86,3353.15,3362.44,0.13,0.13,0.00,3306.66,0.00,-1.00,-122.08,3311.15,3311.02,3314.95,3311.15,3311.02,-0.968,4.06,39.24,46.30,38.84,0.98,3.17,-2.19,3309.48,3311.15,1920,1809,42.9,57.1,8,1,CROSS=EMA9>EMA21;TREND=1;STRUCT=1;VOL=1;COOL=1;EMA50=1;VWAP=1;BIAS=1,0.02,-1.00,25180.65,25180.65,stopped at the initial SL (x1.00 of usual)
378,2025.05.28 16:30:00,2025.05.28 19:00:00,ENTRY,XAUUSD,M15,150,SELL,FULLTGT,EVENING,0,3305.72,3315.72,3315.72,10.00,1.00,10.00,3295.72,3285.72,3275.72,3265.72,3255.72,0.12,0.12,0.12,3305.72,0.00,0.00,0.00,3310.77,3310.84,3314.63,3310.97,3310.94,-0.758,5.00,35.85,39.56,37.46,-0.98,0.39,-1.37,3309.56,3305.71,2511,1859,0.0,100.0,5,1,CROSS=EMA9<EMA21;TREND=1;STRUCT=1;VOL=1;COOL=1;EMA50=1;VWAP=1;BIAS=1,0.00,0.00,25180.23,25179.63,KZR=Asia L @ 3285.51 93 bars ago (low taken); EVENING 4PM-12AM IST session: stop x1.00 of usual; no partials; full size to TP5; SL steps BE->TP1->TP2->TP3
379,2025.05.28 18:03:40,2025.05.28 20:33:40,SL_MOVE,XAUUSD,M15,150,SELL,FULLTGT,EVENING,0,3305.72,3315.72,3305.72,10.00,1.00,10.00,3295.72,3285.72,3275.72,3265.72,3255.72,0.12,0.00,0.12,3305.72,1.00,0.00,0.00,3309.38,3310.10,3314.03,3309.66,3310.25,-0.620,6.34,42.93,40.25,42.32,-2.40,-1.54,-0.86,3308.76,3302.69,2786,2286,0.0,100.0,5,1,CROSS=EMA9<EMA21;TREND=1;STRUCT=1;VOL=1;COOL=1;EMA50=1;VWAP=1;BIAS=1,1.00,-0.39,25180.23,25300.95,stop to breakeven
380,2025.05.28 18:03:40,2025.05.28 20:33:40,TP1_REACHED,XAUUSD,M15,150,SELL,FULLTGT,EVENING,0,3305.72,3315.72,3305.72,10.00,1.00,10.00,3295.72,3285.72,3275.72,3265.72,3255.72,0.12,0.00,0.12,3295.72,1.00,1.00,0.00,3309.38,3310.10,3314.03,3309.66,3310.25,-0.620,6.34,42.93,40.25,42.32,-2.40,-1.54,-0.86,3308.76,3302.69,2786,2286,0.0,100.0,5,1,CROSS=EMA9<EMA21;TREND=1;STRUCT=1;VOL=1;COOL=1;EMA50=1;VWAP=1;BIAS=1,1.00,-0.39,25180.23,25300.95,full target: no partial booked
381,2025.05.28 23:51:11,2025.05.29 02:21:11,SL_MOVE,XAUUSD,M15,150,SELL,FULLTGT,DAY,0,3305.72,3315.72,3295.72,10.00,1.00,10.00,3295.72,3285.72,3275.72,3265.72,3255.72,0.12,0.00,0.12,3295.72,2.00,0.00,0.00,3301.71,3305.14,3310.46,3302.03,3305.37,-1.393,3.82,21.23,41.51,34.32,-2.26,-2.22,-0.03,3305.88,3293.86,603,1541,0.0,71.4,40,1,CROSS=EMA9<EMA21;TREND=1;STRUCT=1;VOL=1;COOL=1;EMA50=1;VWAP=1;BIAS=1,1.99,-0.39,25180.23,25420.35,stop trailed to TP1
382,2025.05.28 23:51:11,2025.05.29 02:21:11,TP2_REACHED,XAUUSD,M15,150,SELL,FULLTGT,DAY,0,3305.72,3315.72,3295.72,10.00,1.00,10.00,3295.72,3285.72,3275.72,3265.72,3255.72,0.12,0.00,0.12,3285.72,2.00,2.00,0.00,3301.71,3305.14,3310.46,3302.03,3305.37,-1.393,3.82,21.23,41.51,34.32,-2.26,-2.22,-0.03,3305.88,3293.86,603,1541,0.0,71.4,40,1,CROSS=EMA9<EMA21;TREND=1;STRUCT=1;VOL=1;COOL=1;EMA50=1;VWAP=1;BIAS=1,1.99,-0.39,25180.23,25420.35,full target: no partial booked
383,2025.05.29 01:00:00,2025.05.29 03:30:00,DAY_SUMMARY,XAUUSD,M15,150,SELL,FULLTGT,DAY,0,3305.72,3315.72,3295.72,10.00,1.00,10.00,3295.72,3285.72,3275.72,3265.72,3255.72,0.12,0.00,0.00,0.00,0.00,-1.00,-122.08,3301.20,3304.81,3310.24,3301.71,3305.14,-1.122,4.84,24.76,35.26,33.09,-2.71,-2.26,-0.45,3305.70,3288.64,1500,1520,0.0,71.4,9,1,CROSS=EMA9<EMA21;TREND=1;STRUCT=1;VOL=1;COOL=1;EMA50=1;VWAP=1;BIAS=1,2.86,-0.39,25180.23,25420.42,2025.05.28 trades=1 W=0 L=1 gross_profit=0.00 gross_loss=122.08 net=-122.08 PF=0.00
384,2025.05.29 02:09:41,2025.05.29 04:39:41,SL_MOVE,XAUUSD,M15,150,SELL,FULLTGT,DAY,0,3305.72,3315.72,3285.72,10.00,1.00,10.00,3295.72,3285.72,3275.72,3265.72,3255.72,0.12,0.00,0.12,3285.72,3.00,0.00,0.00,3299.13,3303.46,3309.34,3299.63,3303.80,-1.043,5.63,33.99,35.73,29.45,-3.85,-2.84,-1.01,3287.36,3286.73,1027,1384,0.0,85.7,12,1,CROSS=EMA9<EMA21;TREND=1;STRUCT=1;VOL=1;COOL=1;EMA50=1;VWAP=1;BIAS=1,2.99,-0.39,25180.23,25556.86,stop trailed to TP2
385,2025.05.29 02:09:41,2025.05.29 04:39:41,TP3_REACHED,XAUUSD,M15,150,SELL,FULLTGT,DAY,0,3305.72,3315.72,3285.72,10.00,1.00,10.00,3295.72,3285.72,3275.72,3265.72,3255.72,0.12,0.00,0.12,3275.72,3.00,3.00,0.00,3299.13,3303.46,3309.34,3299.63,3303.80,-1.043,5.63,33.99,35.73,29.45,-3.85,-2.84,-1.01,3287.36,3286.73,1027,1384,0.0,85.7,12,1,CROSS=EMA9<EMA21;TREND=1;STRUCT=1;VOL=1;COOL=1;EMA50=1;VWAP=1;BIAS=1,2.99,-0.39,25180.23,25556.86,full target: no partial booked
386,2025.05.29 02:15:39,2025.05.29 04:45:39,SL_MOVE,XAUUSD,M15,150,SELL,FULLTGT,DAY,0,3305.72,3315.72,3275.72,10.00,1.00,10.00,3295.72,3285.72,3275.72,3265.72,3255.72,0.12,0.00,0.12,3275.72,4.00,0.00,0.00,3297.99,3302.80,3308.95,3299.13,3303.46,-0.872,7.05,37.06,23.09,17.65,-5.24,-3.17,-2.07,3283.07,3270.24,2203,1410,0.0,100.0,11,1,CROSS=EMA9<EMA21;TREND=1;STRUCT=1;VOL=1;COOL=1;EMA50=1;VWAP=1;BIAS=1,3.99,-0.39,25180.23,25676.86,stop trailed to TP3
387,2025.05.29 02:15:39,2025.05.29 04:45:39,TP4_REACHED,XAUUSD,M15,150,SELL,FULLTGT,DAY,0,3305.72,3315.72,3275.72,10.00,1.00,10.00,3295.72,3285.72,3275.72,3265.72,3255.72,0.12,0.00,0.12,3265.72,4.00,4.00,0.00,3297.99,3302.80,3308.95,3299.13,3303.46,-0.872,7.05,37.06,23.09,17.65,-5.24,-3.17,-2.07,3283.07,3270.24,2203,1410,0.0,100.0,11,1,CROSS=EMA9<EMA21;TREND=1;STRUCT=1;VOL=1;COOL=1;EMA50=1;VWAP=1;BIAS=1,3.99,-0.39,25180.23,25676.86,full target: no partial booked
388,2025.05.29 02:41:37,2025.05.29 05:11:37,TP5_EXIT,XAUUSD,M15,150,SELL,FULLTGT,DAY,0,3305.72,3315.72,3275.72,10.00,1.00,10.00,3295.72,3285.72,3275.72,3265.72,3255.72,0.12,0.12,0.00,3255.71,5.00,5.00,0.00,3296.74,3302.07,3308.52,3297.99,3302.80,-0.854,7.55,40.68,21.02,17.24,-6.61,-3.64,-2.96,3278.07,3265.99,2757,1451,0.0,100.0,6,1,CROSS=EMA9<EMA21;TREND=1;STRUCT=1;VOL=1;COOL=1;EMA50=1;VWAP=1;BIAS=1,5.00,-0.39,25795.96,25795.96,full target reached; closed in full
389,2025.05.29 02:41:37,2025.05.29 05:11:37,EXIT_TP,XAUUSD,M15,150,SELL,FULLTGT,DAY,0,3305.72,3315.72,3275.72,10.00,1.00,10.00,3295.72,3285.72,3275.72,3265.72,3255.72,0.12,0.12,0.00,3255.71,0.00,5.00,615.31,3296.74,3302.07,3308.52,3297.99,3302.80,-0.854,7.55,40.68,21.02,17.24,-6.61,-3.64,-2.96,3278.07,3265.99,2757,1451,0.0,100.0,6,1,CROSS=EMA9<EMA21;TREND=1;STRUCT=1;VOL=1;COOL=1;EMA50=1;VWAP=1;BIAS=1,5.00,-0.39,25795.96,25795.96,TP5 exit
390,2025.05.29 16:45:00,2025.05.29 19:15:00,ENTRY,XAUUSD,M15,152,BUY,FULLTGT,EVENING,0,3312.84,3299.42,3299.42,13.42,1.00,13.42,3326.26,3339.68,3353.10,3366.53,3379.95,0.09,0.09,0.09,3312.84,0.00,0.00,0.00,3291.09,3290.73,3297.32,3290.20,3290.28,-0.983,6.71,64.22,65.50,56.28,9.39,8.13,1.25,3280.34,3312.78,3690,2222,85.7,14.3,9,1,CROSS=EMA9>EMA21;TREND=1;STRUCT=1;VOL=1;COOL=1;EMA50=1;VWAP=1;BIAS=1,0.00,0.00,25795.64,25794.83,KZR=NY L @ 3283.03 67 bars ago (low taken); EVENING 4PM-12AM IST session: stop x1.00 of usual; no partials; full size to TP5; SL steps BE->TP1->TP2->TP3
391,2025.05.29 19:04:42,2025.05.29 21:34:42,SL_MOVE,XAUUSD,M15,152,BUY,FULLTGT,EVENING,0,3312.84,3299.42,3312.84,13.42,1.00,13.42,3326.26,3339.68,3353.10,3366.53,3379.95,0.09,0.00,0.09,3312.84,1.00,0.00,0.00,3298.23,3294.66,3298.80,3297.30,3294.12,-0.591,7.01,50.13,67.01,63.78,7.31,7.91,-0.60,3285.29,3321.03,2054,2594,71.4,14.3,10,1,CROSS=EMA9>EMA21;TREND=1;STRUCT=1;VOL=1;COOL=1;EMA50=1;VWAP=1;BIAS=1,1.00,-0.60,25795.64,25916.60,stop to breakeven
392,2025.05.29 19:04:42,2025.05.29 21:34:42,TP1_REACHED,XAUUSD,M15,152,BUY,FULLTGT,EVENING,0,3312.84,3299.42,3312.84,13.42,1.00,13.42,3326.26,3339.68,3353.10,3366.53,3379.95,0.09,0.00,0.09,3326.26,1.00,1.00,0.00,3298.23,3294.66,3298.80,3297.30,3294.12,-0.591,7.01,50.13,67.01,63.78,7.31,7.91,-0.60,3285.29,3321.03,2054,2594,71.4,14.3,10,1,CROSS=EMA9>EMA21;TREND=1;STRUCT=1;VOL=1;COOL=1;EMA50=1;VWAP=1;BIAS=1,1.00,-0.60,25795.64,25916.60,full target: no partial booked
393,2025.05.30 01:00:00,2025.05.30 03:30:00,DAY_SUMMARY,XAUUSD,M15,152,BUY,FULLTGT,DAY,0,3312.84,3299.42,3312.84,13.42,1.00,13.42,3326.26,3339.68,3353.10,3366.53,3379.95,0.09,0.00,0.00,0.00,0.00,5.00,615.31,3310.25,3303.15,3302.75,3309.96,3302.86,0.131,3.01,30.91,52.10,48.40,1.56,2.97,-1.41,3290.91,3317.56,440,1404,57.1,28.6,9,1,CROSS=EMA9>EMA21;TREND=1;STRUCT=1;VOL=1;COOL=1;EMA50=1;VWAP=1;BIAS=1,1.37,-0.60,25795.64,25841.70,2025.05.29 trades=1 W=1 L=0 gross_profit=615.31 gross_loss=0.00 net=615.31 PF=0.00
394,2025.05.30 03:21:03,2025.05.30 05:51:03,EXIT_BE,XAUUSD,M15,152,BUY,FULLTGT,DAY,0,3312.84,3299.42,3312.84,13.42,1.00,13.42,3326.26,3339.68,3353.10,3366.53,3379.95,0.09,0.09,0.00,3312.83,0.00,-0.00,-6.42,3311.83,3305.18,3303.85,3311.73,3305.00,0.447,2.98,19.47,46.22,43.76,-0.13,0.54,-0.67,3315.67,3314.32,1385,941,14.3,71.4,12,1,CROSS=EMA9>EMA21;TREND=1;STRUCT=1;VOL=1;COOL=1;EMA50=1;VWAP=1;BIAS=1,1.37,-0.60,25789.54,25789.54,stopped at breakeven
395,2025.05.30 11:00:00,2025.05.30 13:30:00,ENTRY,XAUUSD,M15,154,SELL,FULLTGT,DAY,0,3295.02,3308.63,3308.63,13.61,1.00,13.61,3281.41,3267.80,3254.19,3240.58,3226.97,0.09,0.09,0.09,3295.02,0.00,0.00,0.00,3302.42,3302.55,3302.82,3302.72,3302.70,-0.040,6.80,14.08,45.40,47.79,-3.04,-3.55,0.50,3302.90,3295.04,1941,1601,28.6,57.1,5,1,CROSS=EMA9<EMA21;TREND=1;STRUCT=1;VOL=1;COOL=1;EMA50=1;VWAP=1;BIAS=1,0.00,0.00,25789.22,25788.77,KZR=NY L @ 3287.85 3 bars ago (low taken); DAY 12AM-4PM IST session: stop x1.00 of usual; no partials; full size to TP5; SL steps BE->TP1->TP2->TP3
396,2025.05.30 16:53:31,2025.05.30 19:23:31,SL_MOVE,XAUUSD,M15,154,SELL,FULLTGT,EVENING,0,3295.02,3308.63,3295.02,13.61,1.00,13.61,3281.41,3267.80,3254.19,3240.58,3226.97,0.09,0.00,0.09,3295.02,1.00,0.00,0.00,3299.33,3300.58,3301.66,3299.72,3300.80,-0.150,7.18,29.29,39.47,35.35,-0.21,-0.19,-0.02,3300.53,3289.74,3547,2069,0.0,100.0,9,1,CROSS=EMA9<EMA21;TREND=1;STRUCT=1;VOL=1;COOL=1;EMA50=1;VWAP=1;BIAS=1,1.00,-0.98,25789.22,25912.43,stop to breakeven
397,2025.05.30 16:53:31,2025.05.30 19:23:31,TP1_REACHED,XAUUSD,M15,154,SELL,FULLTGT,EVENING,0,3295.02,3308.63,3295.02,13.61,1.00,13.61,3281.41,3267.80,3254.19,3240.58,3226.97,0.09,0.00,0.09,3281.41,1.00,1.00,0.00,3299.33,3300.58,3301.66,3299.72,3300.80,-0.150,7.18,29.29,39.47,35.35,-0.21,-0.19,-0.02,3300.53,3289.74,3547,2069,0.0,100.0,9,1,CROSS=EMA9<EMA21;TREND=1;STRUCT=1;VOL=1;COOL=1;EMA50=1;VWAP=1;BIAS=1,1.00,-0.98,25789.22,25912.43,full target: no partial booked
398,2025.05.30 19:57:02,2025.05.30 22:27:02,EXIT_BE,XAUUSD,M15,154,SELL,FULLTGT,EVENING,0,3295.02,3308.63,3295.02,13.61,1.00,13.61,3281.41,3267.80,3254.19,3240.58,3226.97,0.09,0.09,0.00,3295.06,0.00,-0.00,-1.00,3294.07,3297.32,3299.79,3294.33,3297.51,-0.289,8.57,24.67,46.02,58.99,-2.33,-3.35,1.01,3296.49,3287.82,2639,2939,28.6,42.9,7,1,CROSS=EMA9<EMA21;TREND=1;STRUCT=1;VOL=1;COOL=1;EMA50=1;VWAP=1;BIAS=1,1.73,-0.98,25788.54,25788.54,stopped at breakeven
399,2025.06.02 01:00:00,2025.06.02 03:30:00,DAY_SUMMARY,XAUUSD,M15,154,FLAT,NA,DAY,0,0.00,0.00,0.00,0.00,1.00,0.00,0.00,0.00,0.00,0.00,0.00,0.00,0.00,0.00,0.00,0.00,-0.00,-7.42,3293.50,3296.07,3298.73,3293.70,3296.22,-0.994,2.68,30.15,43.56,35.64,-0.10,0.40,-0.50,3296.08,3288.72,444,1268,0.0,85.7,9,1,CROSS=EMA9<EMA21;TREND=1;STRUCT=1;VOL=1;COOL=1;EMA50=1;VWAP=1;BIAS=1,0.00,0.00,25788.54,25788.54,2025.05.30 trades=2 W=0 L=2 gross_profit=0.00 gross_loss=7.42 net=-7.42 PF=0.00
400,2025.06.02 01:00:00,2025.06.02 03:30:00,WEEK_SUMMARY,XAUUSD,M15,154,FLAT,NA,DAY,0,0.00,0.00,0.00,0.00,1.00,0.00,0.00,0.00,0.00,0.00,0.00,0.00,0.00,0.00,0.00,0.00,2.99,344.32,3293.50,3296.07,3298.73,3293.70,3296.22,-0.994,2.68,30.15,43.56,35.64,-0.10,0.40,-0.50,3296.08,3288.72,444,1268,0.0,85.7,9,1,CROSS=EMA9<EMA21;TREND=1;STRUCT=1;VOL=1;COOL=1;EMA50=1;VWAP=1;BIAS=1,0.00,0.00,25788.54,25788.54,days=5 trades=7 W=1 L=6 gross_profit=615.31 gross_loss=270.99 net=344.32 PF=2.27 pips=3283.0
401,2025.06.02 01:00:00,2025.06.02 03:30:00,MONTH_SUMMARY,XAUUSD,M15,154,FLAT,NA,DAY,0,0.00,0.00,0.00,0.00,1.00,0.00,0.00,0.00,0.00,0.00,0.00,0.00,0.00,0.00,0.00,0.00,-0.16,-61.73,3293.50,3296.07,3298.73,3293.70,3296.22,-0.994,2.68,30.15,43.56,35.64,-0.10,0.40,-0.50,3296.08,3288.72,444,1268,0.0,85.7,9,1,CROSS=EMA9<EMA21;TREND=1;STRUCT=1;VOL=1;COOL=1;EMA50=1;VWAP=1;BIAS=1,0.00,0.00,25788.54,25788.54,days=16 trades=22 W=3 L=19 gross_profit=969.55 gross_loss=1031.28 net=-61.73 PF=0.94 pips=-630.0
402,2025.06.02 03:15:00,2025.06.02 05:45:00,ENTRY,XAUUSD,M15,156,BUY,FULLTGT,DAY,0,3313.27,3302.49,3302.49,10.78,1.00,10.78,3324.05,3334.84,3345.62,3356.40,3367.18,0.11,0.11,0.11,3313.27,0.00,0.00,0.00,3298.60,3298.41,3299.72,3298.00,3298.11,-0.244,5.39,18.75,66.27,65.71,5.41,3.77,1.64,3309.08,3313.22,1472,1006,85.7,0.0,5,1,CROSS=EMA9>EMA21;TREND=1;STRUCT=1;VOL=1;COOL=1;EMA50=1;VWAP=1;BIAS=1,0.00,0.00,25788.15,25787.60,KZR=NY L @ 3287.85 260 bars ago (low taken); DAY 12AM-4PM IST session: stop x1.00 of usual; no partials; full size to TP5; SL steps BE->TP1->TP2->TP3
403,2025.06.02 04:55:29,2025.06.02 07:25:29,EXIT_SL,XAUUSD,M15,156,BUY,FULLTGT,DAY,0,3313.27,3302.49,3302.49,10.78,1.00,10.78,3324.05,3334.84,3345.62,3356.40,3367.18,0.11,0.11,0.00,3302.46,0.00,-1.00,-119.69,3301.01,3299.71,3300.32,3300.79,3299.57,-0.117,5.20,16.93,53.01,34.91,4.08,5.00,-0.91,3309.51,3306.47,1932,1221,28.6,57.1,12,1,CROSS=EMA9>EMA21;TREND=1;STRUCT=1;VOL=1;COOL=1;EMA50=1;VWAP=1;BIAS=1,0.16,-1.00,25668.85,25668.85,stopped at the initial SL (x1.00 of usual)
404,2025.06.03 01:00:00,2025.06.03 03:30:00,DAY_SUMMARY,XAUUSD,M15,156,FLAT,NA,DAY,0,0.00,0.00,0.00,0.00,1.00,0.00,0.00,0.00,0.00,0.00,0.00,0.00,0.00,0.00,0.00,0.00,-1.00,-119.69,3365.11,3348.07,3330.63,3364.43,3347.39,6.198,2.81,36.59,67.27,59.56,4.31,4.61,-0.30,3348.71,3381.60,696,1467,71.4,14.3,9,1,CROSS=EMA9>EMA21;TREND=1;STRUCT=1;VOL=1;COOL=1;EMA50=1;VWAP=1;BIAS=1,0.00,0.00,25668.85,25668.85,2025.06.02 trades=1 W=0 L=1 gross_profit=0.00 gross_loss=119.69 net=-119.69 PF=0.00
405,2025.06.03 19:30:00,2025.06.03 22:00:00,ENTRY,XAUUSD,M15,158,SELL,FULLTGT,EVENING,0,3349.19,3361.78,3361.78,12.59,1.00,12.59,3336.60,3324.00,3311.41,3298.82,3286.23,0.10,0.10,0.10,3349.19,0.00,0.00,0.00,3356.54,3356.63,3346.56,3356.84,3356.78,1.599,6.30,17.61,43.97,50.11,-2.58,-3.22,0.64,3360.94,3349.24,1526,2354,28.6,42.9,11,1,CROSS=EMA9<EMA21;TREND=1;STRUCT=1;VOL=1;COOL=1;EMA50=1;VWAP=1;BIAS=1,0.00,0.00,25668.50,25667.40,KZR=London H @ 3359.03 115 bars ago (high taken); EVENING 4PM-12AM IST session: stop x1.00 of usual; no partials; full size to TP5; SL steps BE->TP1->TP2->TP3
406,2025.06.04 04:20:27,2025.06.04 06:50:27,EXIT_SL,XAUUSD,M15,158,SELL,FULLTGT,DAY,0,3349.19,3361.78,3361.78,12.59,1.00,12.59,3336.60,3324.00,3311.41,3298.82,3286.23,0.10,0.10,0.00,3361.78,0.00,-1.00,-122.15,3355.50,3355.77,3348.70,3355.40,3355.72,1.649,4.28,27.78,54.29,61.66,0.58,1.23,-0.65,3355.74,3358.11,2469,934,71.4,28.6,9,1,CROSS=EMA9<EMA21;TREND=1;STRUCT=1;VOL=1;COOL=1;EMA50=1;VWAP=1;BIAS=1,0.36,-1.00,25546.70,25546.70,stopped at the initial SL (x1.00 of usual)
407,2025.06.04 04:45:00,2025.06.04 07:15:00,ENTRY,XAUUSD,M15,160,BUY,FULLTGT,DAY,0,3367.17,3357.29,3357.29,9.88,1.00,9.88,3377.05,3386.92,3396.80,3406.68,3416.56,0.12,0.12,0.12,3367.17,0.00,0.00,0.00,3356.27,3356.15,3349.03,3355.83,3355.92,1.440,4.94,26.47,64.25,66.43,1.88,1.24,0.64,3357.86,3367.12,2527,1095,100.0,0.0,5,1,CROSS=EMA9>EMA21;TREND=1;STRUCT=1;VOL=1;COOL=1;EMA50=1;VWAP=1;BIAS=1,0.00,0.00,25546.28,25545.68,KZR=London H @ 3367.40 0 bars ago (high taken); DAY 12AM-4PM IST session: stop x1.00 of usual; no partials; full size to TP5; SL steps BE->TP1->TP2->TP3
408,2025.06.04 07:01:38,2025.06.04 09:31:38,EXIT_SL,XAUUSD,M15,160,BUY,FULLTGT,DAY,0,3367.17,3357.29,3357.29,9.88,1.00,9.88,3377.05,3386.92,3396.80,3406.68,3416.56,0.12,0.12,0.00,3357.25,0.00,-1.00,-119.88,3359.07,3357.72,3350.48,3359.06,3357.69,1.334,5.43,25.44,47.57,36.19,2.08,3.15,-1.06,3361.47,3359.18,1167,1508,28.6,57.1,5,1,CROSS=EMA9>EMA21;TREND=1;STRUCT=1;VOL=1;COOL=1;EMA50=1;VWAP=1;BIAS=1,0.55,-1.00,25426.82,25426.82,stopped at the initial SL (x1.00 of usual)
409,2025.06.04 14:45:00,2025.06.04 17:15:00,ENTRY,XAUUSD,M15,162,SELL,FULLTGT,EVENING,0,3349.59,3358.93,3358.93,9.34,1.00,9.34,3340.25,3330.92,3321.58,3312.25,3302.91,0.13,0.13,0.13,3349.59,0.00,0.00,0.00,3357.08,3357.12,3352.07,3357.39,3357.27,1.081,4.67,37.90,39.42,37.03,-2.00,-0.09,-1.90,3358.14,3349.59,1972,1770,14.3,85.7,5,1,CROSS=EMA9<EMA21;TREND=1;STRUCT=1;VOL=1;COOL=1;EMA50=1;VWAP=1;BIAS=1,0.00,0.00,25426.36,25425.71,KZR=London H @ 3367.40 40 bars ago (high taken); EVENING 4PM-12AM IST session: stop x1.00 of usual; no partials; full size to TP5; SL steps BE->TP1->TP2->TP3
410,2025.06.04 15:48:27,2025.06.04 18:18:27,EXIT_SL,XAUUSD,M15,162,SELL,FULLTGT,EVENING,0,3349.59,3358.93,3358.93,9.34,1.00,9.34,3340.25,3330.92,3321.58,3312.25,3302.91,0.13,0.13,0.00,3358.95,0.00,-1.00,-122.60,3356.08,3356.59,3352.00,3356.08,3356.60,0.830,5.53,34.06,51.65,57.42,-2.17,-1.64,-0.54,3357.30,3355.99,3366,1921,42.9,57.1,5,1,CROSS=EMA9<EMA21;TREND=1;STRUCT=1;VOL=1;COOL=1;EMA50=1;VWAP=1;BIAS=1,0.55,-1.00,25304.22,25304.22,stopped at the initial SL (x1.00 of usual)
411,2025.06.04 17:30:00,2025.06.04 20:00:00,ENTRY,XAUUSD,M15,164,BUY,FULLTGT,EVENING,0,3369.56,3355.97,3355.97,13.59,1.00,13.59,3383.15,3396.74,3410.33,3423.93,3437.52,0.09,0.09,0.09,3369.56,0.00,0.00,0.00,3357.02,3357.01,3352.52,3356.51,3356.75,0.660,6.80,24.23,65.13,70.22,1.29,-0.89,2.17,3357.64,3369.57,3067,2347,85.7,0.0,5,1,CROSS=EMA9>EMA21;TREND=1;STRUCT=1;VOL=1;COOL=1;EMA50=1;VWAP=1;BIAS=1,0.00,0.00,25303.90,25303.45,KZR=London H @ 3367.40 51 bars ago (high taken); EVENING 4PM-12AM IST session: stop x1.00 of usual; no partials; full size to TP5; SL steps BE->TP1->TP2->TP3
412,2025.06.04 17:42:05,2025.06.04 20:12:05,SL_MOVE,XAUUSD,M15,164,BUY,FULLTGT,EVENING,0,3369.56,3355.97,3369.56,13.59,1.00,13.59,3383.15,3396.74,3410.33,3423.93,3437.52,0.09,0.00,0.09,3369.56,1.00,0.00,0.00,3357.02,3357.01,3352.52,3356.51,3356.75,0.660,6.80,24.23,65.13,78.01,1.29,-0.89,2.17,3357.64,3369.57,3067,2347,85.7,0.0,5,1,CROSS=EMA9>EMA21;TREND=1;STRUCT=1;VOL=1;COOL=1;EMA50=1;VWAP=1;BIAS=1,1.00,-0.05,25303.90,25426.57,stop to breakeven
413,2025.06.04 17:42:05,2025.06.04 20:12:05,TP1_REACHED,XAUUSD,M15,164,BUY,FULLTGT,EVENING,0,3369.56,3355.97,3369.56,13.59,1.00,13.59,3383.15,3396.74,3410.33,3423.93,3437.52,0.09,0.00,0.09,3383.15,1.00,1.00,0.00,3357.02,3357.01,3352.52,3356.51,3356.75,0.660,6.80,24.23,65.13,78.01,1.29,-0.89,2.17,3357.64,3369.57,3067,2347,85.7,0.0,5,1,CROSS=EMA9>EMA21;TREND=1;STRUCT=1;VOL=1;COOL=1;EMA50=1;VWAP=1;BIAS=1,1.00,-0.05,25303.90,25426.57,full target: no partial booked
414,2025.06.05 01:00:00,2025.06.05 03:30:00,DAY_SUMMARY,XAUUSD,M15,164,BUY,FULLTGT,DAY,0,3369.56,3355.97,3369.56,13.59,1.00,13.59,3383.15,3396.74,3410.33,3423.93,3437.52,0.09,0.00,0.00,0.00,0.00,-3.01,-364.63,3368.64,3364.34,3357.70,3368.48,3364.17,2.249,2.95,28.96,50.83,43.22,1.65,2.88,-1.23,3361.90,3372.60,610,1079,57.1,28.6,9,1,CROSS=EMA9>EMA21;TREND=1;STRUCT=1;VOL=1;COOL=1;EMA50=1;VWAP=1;BIAS=1,1.11,-0.05,25303.90,25318.15,2025.06.04 trades=3 W=0 L=3 gross_profit=0.00 gross_loss=364.63 net=-364.63 PF=0.00
415,2025.06.05 05:15:14,2025.06.05 07:45:14,EXIT_BE,XAUUSD,M15,164,BUY,FULLTGT,DAY,0,3369.56,3355.97,3369.56,13.59,1.00,13.59,3383.15,3396.74,3410.33,3423.93,3437.52,0.09,0.09,0.00,3369.53,0.00,-0.00,-17.98,3372.32,3367.73,3360.57,3372.39,3367.67,1.472,4.86,18.57,42.34,36.21,0.52,1.56,-1.04,3376.35,3370.56,1573,1100,14.3,71.4,12,1,CROSS=EMA9>EMA21;TREND=1;STRUCT=1;VOL=1;COOL=1;EMA50=1;VWAP=1;BIAS=1,1.11,-0.05,25286.24,25286.24,stopped at breakeven
416,2025.06.05 20:15:00,2025.06.05 22:45:00,ENTRY,XAUUSD,M15,166,SELL,FULLTGT,EVENING,0,3350.03,3367.72,3367.72,17.69,1.00,17.69,3332.34,3314.66,3296.97,3279.29,3261.60,0.07,0.07,0.07,3350.03,0.00,0.00,0.00,3371.75,3371.78,3366.68,3372.64,3372.22,0.577,8.84,41.41,32.61,39.47,-9.17,-7.24,-1.93,3375.01,3350.03,2171,3513,0.0,85.7,7,1,CROSS=EMA9<EMA21;TREND=1;STRUCT=1;VOL=1;COOL=1;EMA50=1;VWAP=1;BIAS=1,0.00,0.00,25285.99,25285.50,KZR=Asia H @ 3392.17 28 bars ago (high taken); EVENING 4PM-12AM IST session: stop x1.00 of usual; no partials; full size to TP5; SL steps BE->TP1->TP2->TP3
417,2025.06.06 01:00:00,2025.06.06 03:30:00,DAY_SUMMARY,XAUUSD,M15,166,SELL,FULLTGT,DAY,0,3350.03,3367.72,3367.72,17.69,1.00,17.69,3332.34,3314.66,3296.97,3279.29,3261.60,0.07,0.00,0.00,0.00,0.00,-0.00,-17.98,3364.06,3367.35,3365.00,3364.53,3367.64,0.660,3.55,24.51,38.78,42.79,-3.63,-4.65,1.02,3372.51,3352.60,579,1792,14.3,57.1,9,1,CROSS=EMA9<EMA21;TREND=1;STRUCT=1;VOL=1;COOL=1;EMA50=1;VWAP=1;BIAS=1,0.01,-0.65,25285.99,25259.50,2025.06.05 trades=1 W=0 L=1 gross_profit=0.00 gross_loss=17.98 net=-17.98 PF=0.00
418,2025.06.06 04:25:39,2025.06.06 06:55:39,EXIT_SL,XAUUSD,M15,166,SELL,FULLTGT,DAY,0,3350.03,3367.72,3367.72,17.69,1.00,17.69,3332.34,3314.66,3296.97,3279.29,3261.60,0.07,0.07,0.00,3367.73,0.00,-1.00,-121.28,3362.61,3365.75,3364.43,3362.64,3365.83,0.357,3.70,19.04,53.89,67.56,0.37,-0.37,0.74,3360.28,3361.98,2163,1215,71.4,14.3,14,1,CROSS=EMA9<EMA21;TREND=1;STRUCT=1;VOL=1;COOL=1;EMA50=1;VWAP=1;BIAS=1,0.01,-1.00,25164.96,25164.96,stopped at the initial SL (x1.00 of usual)
419,2025.06.09 01:00:00,2025.06.09 03:30:00,DAY_SUMMARY,XAUUSD,M15,166,FLAT,NA,DAY,0,0.00,0.00,0.00,0.00,1.00,0.00,0.00,0.00,0.00,0.00,0.00,0.00,0.00,0.00,0.00,0.00,-1.00,-121.28,3332.51,3344.42,3352.85,3333.34,3345.07,-2.052,4.11,56.78,35.36,44.04,-7.35,-7.79,0.43,3348.75,3312.12,520,1528,14.3,71.4,9,1,CROSS=EMA9<EMA21;TREND=1;STRUCT=1;VOL=1;COOL=1;EMA50=1;VWAP=1;BIAS=1,0.00,0.00,25164.96,25164.96,2025.06.06 trades=1 W=0 L=1 gross_profit=0.00 gross_loss=121.28 net=-121.28 PF=0.00
420,2025.06.09 01:00:00,2025.06.09 03:30:00,WEEK_SUMMARY,XAUUSD,M15,166,FLAT,NA,DAY,0,0.00,0.00,0.00,0.00,1.00,0.00,0.00,0.00,0.00,0.00,0.00,0.00,0.00,0.00,0.00,0.00,-5.01,-623.58,3332.51,3344.42,3352.85,3333.34,3345.07,-2.052,4.11,56.78,35.36,44.04,-7.35,-7.79,0.43,3348.75,3312.12,520,1528,14.3,71.4,9,1,CROSS=EMA9<EMA21;TREND=1;STRUCT=1;VOL=1;COOL=1;EMA50=1;VWAP=1;BIAS=1,0.00,0.00,25164.96,25164.96,days=4 trades=6 W=0 L=6 gross_profit=0.00 gross_loss=623.58 net=-623.58 PF=0.00 pips=-6041.0
421,2025.06.10 13:45:00,2025.06.10 16:15:00,ENTRY,XAUUSD,M15,168,BUY,FULLTGT,EVENING,0,3334.05,3326.54,3326.54,7.51,1.00,7.51,3341.56,3349.06,3356.57,3364.07,3371.58,0.16,0.16,0.16,3334.05,0.00,0.00,0.00,3323.10,3322.95,3328.40,3322.66,3322.73,-1.452,3.75,33.32,67.12,64.87,3.92,3.94,-0.03,3319.27,3334.00,1327,1857,71.4,14.3,5,1,CROSS=EMA9>EMA21;TREND=1;STRUCT=1;VOL=1;COOL=1;EMA50=1;VWAP=1;BIAS=1,0.00,0.00,25164.40,25163.60,KZR=NY L @ 3310.76 37 bars ago (low taken); EVENING 4PM-12AM IST session: stop x1.00 of usual; no partials; full size to TP5; SL steps BE->TP1->TP2->TP3
422,2025.06.10 14:19:38,2025.06.10 16:49:38,SL_MOVE,XAUUSD,M15,168,BUY,FULLTGT,EVENING,0,3334.05,3326.54,3334.05,7.51,1.00,7.51,3341.56,3349.06,3356.57,3364.07,3371.58,0.16,0.00,0.16,3334.05,1.00,0.00,0.00,3324.20,3323.51,3328.58,3323.59,3323.20,-1.361,3.72,36.65,73.02,73.29,4.47,3.95,0.52,3319.85,3339.13,1702,1777,85.7,0.0,5,1,CROSS=EMA9>EMA21;TREND=1;STRUCT=1;VOL=1;COOL=1;EMA50=1;VWAP=1;BIAS=1,1.00,-0.15,25164.40,25284.72,stop to breakeven
423,2025.06.10 14:19:38,2025.06.10 16:49:38,TP1_REACHED,XAUUSD,M15,168,BUY,FULLTGT,EVENING,0,3334.05,3326.54,3334.05,7.51,1.00,7.51,3341.56,3349.06,3356.57,3364.07,3371.58,0.16,0.00,0.16,3341.56,1.00,1.00,0.00,3324.20,3323.51,3328.58,3323.59,3323.20,-1.361,3.72,36.65,73.02,73.29,4.47,3.95,0.52,3319.85,3339.13,1702,1777,85.7,0.0,5,1,CROSS=EMA9>EMA21;TREND=1;STRUCT=1;VOL=1;COOL=1;EMA50=1;VWAP=1;BIAS=1,1.00,-0.15,25164.40,25284.72,full target: no partial booked
424,2025.06.10 14:53:29,2025.06.10 17:23:29,EXIT_BE,XAUUSD,M15,168,BUY,FULLTGT,EVENING,0,3334.05,3326.54,3334.05,7.51,1.00,7.51,3341.56,3349.06,3356.57,3364.07,3371.58,0.16,0.16,0.00,3334.05,0.00,0.00,-1.12,3325.36,3324.13,3328.79,3324.84,3323.85,-1.243,3.75,40.80,67.59,55.38,4.86,4.12,0.74,3320.73,3338.00,1886,1710,85.7,14.3,5,1,CROSS=EMA9>EMA21;TREND=1;STRUCT=1;VOL=1;COOL=1;EMA50=1;VWAP=1;BIAS=1,1.14,-0.15,25163.84,25163.84,stopped at breakeven
425,2025.06.11 01:00:00,2025.06.11 03:30:00,DAY_SUMMARY,XAUUSD,M15,168,FLAT,NA,DAY,0,0.00,0.00,0.00,0.00,1.00,0.00,0.00,0.00,0.00,0.00,0.00,0.00,0.00,0.00,0.00,0.00,0.00,-1.12,3327.02,3326.30,3328.77,3327.21,3326.38,-0.668,3.69,20.39,42.52,35.96,-0.96,-1.04,0.08,3325.29,3322.40,596,1484,28.6,42.9,9,1,CROSS=EMA9>EMA21;TREND=1;STRUCT=1;VOL=1;COOL=1;EMA50=1;VWAP=1;BIAS=1,0.00,0.00,25163.84,25163.84,2025.06.10 trades=1 W=0 L=1 gross_profit=0.00 gross_loss=1.12 net=-1.12 PF=0.00
426,2025.06.16 01:00:00,2025.06.16 03:30:00,WEEK_SUMMARY,XAUUSD,M15,168,FLAT,NA,DAY,0,0.00,0.00,0.00,0.00,1.00,0.00,0.00,0.00,0.00,0.00,0.00,0.00,0.00,0.00,0.00,0.00,0.00,-1.12,3428.50,3418.53,3399.44,3428.27,3418.22,4.856,3.93,19.35,55.24,53.73,1.47,1.82,-0.35,3424.95,3434.15,812,1678,57.1,14.3,12,1,CROSS=EMA9>EMA21;TREND=1;STRUCT=1;VOL=1;COOL=1;EMA50=1;VWAP=1;BIAS=1,0.00,0.00,25163.84,25163.84,days=1 trades=1 W=0 L=1 gross_profit=0.00 gross_loss=1.12 net=-1.12 PF=0.00 pips=0.0
427,2025.06.16 15:00:00,2025.06.16 17:30:00,ENTRY,XAUUSD,M15,170,SELL,FULLTGT,EVENING,0,3415.10,3424.33,3424.33,9.23,1.00,9.23,3405.87,3396.64,3387.41,3378.19,3368.96,0.13,0.13,0.13,3415.10,0.00,0.00,0.00,3422.91,3423.03,3411.23,3423.23,3423.19,2.555,4.61,31.29,42.98,44.84,-2.02,-2.99,0.97,3428.17,3415.10,1802,1751,14.3,85.7,5,1,CROSS=EMA9<EMA21;TREND=1;STRUCT=1;VOL=1;COOL=1;EMA50=1;VWAP=1;BIAS=1,0.00,0.00,25163.38,25162.73,KZR=NY H @ 3446.75 55 bars ago (high taken); EVENING 4PM-12AM IST session: stop x1.00 of usual; no partials; full size to TP5; SL steps BE->TP1->TP2->TP3
428,2025.06.16 16:42:29,2025.06.16 19:12:29,SL_MOVE,XAUUSD,M15,170,SELL,FULLTGT,EVENING,0,3415.10,3424.33,3415.10,9.23,1.00,9.23,3405.87,3396.64,3387.41,3378.19,3368.96,0.13,0.00,0.13,3415.10,1.00,0.00,0.00,3421.27,3422.14,3411.47,3421.48,3422.27,2.159,4.94,25.33,46.81,40.99,-1.75,-1.93,0.19,3426.54,3416.16,2883,1814,28.6,71.4,5,1,CROSS=EMA9<EMA21;TREND=1;STRUCT=1;VOL=1;COOL=1;EMA50=1;VWAP=1;BIAS=1,1.00,-0.32,25163.38,25283.76,stop to breakeven
429,2025.06.16 16:42:29,2025.06.16 19:12:29,TP1_REACHED,XAUUSD,M15,170,SELL,FULLTGT,EVENING,0,3415.10,3424.33,3415.10,9.23,1.00,9.23,3405.87,3396.64,3387.41,3378.19,3368.96,0.13,0.00,0.13,3405.87,1.00,1.00,0.00,3421.27,3422.14,3411.47,3421.48,3422.27,2.159,4.94,25.33,46.81,40.99,-1.75,-1.93,0.19,3426.54,3416.16,2883,1814,28.6,71.4,5,1,CROSS=EMA9<EMA21;TREND=1;STRUCT=1;VOL=1;COOL=1;EMA50=1;VWAP=1;BIAS=1,1.00,-0.32,25163.38,25283.76,full target: no partial booked
430,2025.06.16 16:54:29,2025.06.16 19:24:29,SL_MOVE,XAUUSD,M15,170,SELL,FULLTGT,EVENING,0,3415.10,3424.33,3405.87,9.23,1.00,9.23,3405.87,3396.64,3387.41,3378.19,3368.96,0.13,0.00,0.13,3405.87,2.00,0.00,0.00,3420.79,3421.88,3411.44,3421.27,3422.14,1.854,5.63,26.92,36.77,36.13,-2.17,-1.96,-0.21,3426.03,3409.03,3606,1915,0.0,100.0,5,1,CROSS=EMA9<EMA21;TREND=1;STRUCT=1;VOL=1;COOL=1;EMA50=1;VWAP=1;BIAS=1,1.99,-0.32,25163.38,25403.75,stop trailed to TP1
431,2025.06.16 16:54:29,2025.06.16 19:24:29,TP2_REACHED,XAUUSD,M15,170,SELL,FULLTGT,EVENING,0,3415.10,3424.33,3405.87,9.23,1.00,9.23,3405.87,3396.64,3387.41,3378.19,3368.96,0.13,0.00,0.13,3396.64,2.00,2.00,0.00,3420.79,3421.88,3411.44,3421.27,3422.14,1.854,5.63,26.92,36.77,36.13,-2.17,-1.96,-0.21,3426.03,3409.03,3606,1915,0.0,100.0,5,1,CROSS=EMA9<EMA21;TREND=1;STRUCT=1;VOL=1;COOL=1;EMA50=1;VWAP=1;BIAS=1,1.99,-0.32,25163.38,25403.75,full target: no partial booked
432,2025.06.16 16:55:41,2025.06.16 19:25:41,SL_MOVE,XAUUSD,M15,170,SELL,FULLTGT,EVENING,0,3415.10,3424.33,3396.64,9.23,1.00,9.23,3405.87,3396.64,3387.41,3378.19,3368.96,0.13,0.00,0.13,3396.64,3.00,0.00,0.00,3420.79,3421.88,3411.44,3421.27,3422.14,1.854,5.63,26.92,36.77,18.22,-2.17,-1.96,-0.21,3426.03,3409.03,3606,1915,0.0,100.0,5,1,CROSS=EMA9<EMA21;TREND=1;STRUCT=1;VOL=1;COOL=1;EMA50=1;VWAP=1;BIAS=1,2.99,-0.32,25163.38,25523.35,stop trailed to TP2
433,2025.06.16 16:55:41,2025.06.16 19:25:41,TP3_REACHED,XAUUSD,M15,170,SELL,FULLTGT,EVENING,0,3415.10,3424.33,3396.64,9.23,1.00,9.23,3405.87,3396.64,3387.41,3378.19,3368.96,0.13,0.00,0.13,3387.41,3.00,3.00,0.00,3420.79,3421.88,3411.44,3421.27,3422.14,1.854,5.63,26.92,36.77,18.22,-2.17,-1.96,-0.21,3426.03,3409.03,3606,1915,0.0,100.0,5,1,CROSS=EMA9<EMA21;TREND=1;STRUCT=1;VOL=1;COOL=1;EMA50=1;VWAP=1;BIAS=1,2.99,-0.32,25163.38,25523.35,full target: no partial booked
434,2025.06.16 17:06:19,2025.06.16 19:36:19,EXIT_TRAIL_SL,XAUUSD,M15,170,SELL,FULLTGT,EVENING,0,3415.10,3424.33,3396.64,9.23,1.00,9.23,3405.87,3396.64,3387.41,3378.19,3368.96,0.13,0.13,0.00,3396.65,0.00,2.00,238.93,3419.49,3421.20,3411.21,3420.79,3421.88,1.363,7.34,30.38,21.68,29.97,-4.18,-2.20,-1.98,3424.94,3387.56,4052,2027,0.0,100.0,5,1,CROSS=EMA9<EMA21;TREND=1;STRUCT=1;VOL=1;COOL=1;EMA50=1;VWAP=1;BIAS=1,3.50,-0.32,25402.77,25402.77,stopped at a trailed level
435,2025.06.17 01:00:00,2025.06.17 03:30:00,DAY_SUMMARY,XAUUSD,M15,170,FLAT,NA,DAY,0,0.00,0.00,0.00,0.00,1.00,0.00,0.00,0.00,0.00,0.00,0.00,0.00,0.00,0.00,0.00,0.00,2.00,238.93,3400.54,3408.82,3406.71,3401.16,3409.30,0.639,3.30,42.40,33.43,44.76,-5.56,-5.92,0.36,3416.51,3385.14,452,1256,14.3,71.4,8,1,CROSS=EMA9<EMA21;TREND=1;STRUCT=1;VOL=1;COOL=1;EMA50=1;VWAP=1;BIAS=1,0.00,0.00,25402.77,25402.77,2025.06.16 trades=1 W=1 L=0 gross_profit=238.93 gross_loss=0.00 net=238.93 PF=0.00
436,2025.06.20 22:00:00,2025.06.21 00:30:00,ENTRY,XAUUSD,M15,172,BUY,FULLTGT,DAY,0,3366.67,3361.28,3361.28,5.39,1.00,5.39,3372.06,3377.45,3382.84,3388.22,3393.61,0.23,0.23,0.23,3366.67,0.00,0.00,0.00,3362.53,3362.48,3367.46,3362.36,3362.40,-1.847,2.69,37.73,53.36,44.56,2.11,3.49,-1.38,3357.94,3366.56,908,1651,57.1,28.6,11,1,CROSS=EMA9>EMA21;TREND=1;STRUCT=1;VOL=1;COOL=1;EMA50=1;VWAP=1;BIAS=1,0.00,0.00,25401.96,25399.43,KZR=Asia L @ 3344.71 52 bars ago (low taken); DAY 12AM-4PM IST session: stop x1.00 of usual; no partials; full size to TP5; SL steps BE->TP1->TP2->TP3
437,2025.06.20 23:42:00,2025.06.21 02:12:00,EXIT_WEEKEND,XAUUSD,M15,172,BUY,FULLTGT,DAY,0,3366.67,3361.28,3361.28,5.39,1.00,5.39,3372.06,3377.45,3382.84,3388.22,3393.61,0.23,0.23,0.00,3367.83,0.00,0.22,0.00,3363.56,3363.04,3367.45,3363.37,3362.93,-1.830,2.41,26.26,55.13,58.42,1.22,1.92,-0.70,3358.32,3368.15,804,1213,71.4,14.3,40,1,CROSS=EMA9>EMA21;TREND=1;STRUCT=1;VOL=1;COOL=1;EMA50=1;VWAP=1;BIAS=1,0.73,-0.37,25427.83,25427.83,WEEKEND exit
438,2025.06.20 23:42:02,2025.06.21 02:12:02,EXIT_WEEKEND,XAUUSD,M15,172,BUY,FULLTGT,DAY,0,3366.67,3361.28,3361.28,5.39,1.00,5.39,3372.06,3377.45,3382.84,3388.22,3393.61,0.23,0.23,0.00,3367.83,0.00,0.22,25.06,3363.56,3363.04,3367.45,3363.37,3362.93,-1.830,2.41,26.26,55.13,58.42,1.22,1.92,-0.70,3358.32,3368.15,804,1213,71.4,14.3,40,1,CROSS=EMA9>EMA21;TREND=1;STRUCT=1;VOL=1;COOL=1;EMA50=1;VWAP=1;BIAS=1,0.73,-0.37,25427.83,25427.83,flattened before the Friday close
439,2025.06.23 01:00:00,2025.06.23 03:30:00,DAY_SUMMARY,XAUUSD,M15,172,FLAT,NA,DAY,0,0.00,0.00,0.00,0.00,1.00,0.00,0.00,0.00,0.00,0.00,0.00,0.00,0.00,0.00,0.00,0.00,0.22,25.06,3363.93,3363.25,3367.47,3363.74,3363.14,-1.805,2.34,19.74,56.20,56.55,1.21,1.62,-0.41,3358.40,3368.64,504,1122,57.1,14.3,50,1,CROSS=EMA9>EMA21;TREND=1;STRUCT=1;VOL=1;COOL=1;EMA50=1;VWAP=1;BIAS=1,0.00,0.00,25427.83,25427.83,2025.06.20 trades=1 W=1 L=0 gross_profit=25.06 gross_loss=0.00 net=25.06 PF=0.00
440,2025.06.23 01:00:00,2025.06.23 03:30:00,WEEK_SUMMARY,XAUUSD,M15,172,FLAT,NA,DAY,0,0.00,0.00,0.00,0.00,1.00,0.00,0.00,0.00,0.00,0.00,0.00,0.00,0.00,0.00,0.00,0.00,2.21,263.99,3363.93,3363.25,3367.47,3363.74,3363.14,-1.805,2.34,19.74,56.20,56.55,1.21,1.62,-0.41,3358.40,3368.64,504,1122,57.1,14.3,50,1,CROSS=EMA9>EMA21;TREND=1;STRUCT=1;VOL=1;COOL=1;EMA50=1;VWAP=1;BIAS=1,0.00,0.00,25427.83,25427.83,days=2 trades=2 W=2 L=0 gross_profit=263.99 gross_loss=0.00 net=263.99 PF=0.00 pips=1961.0
441,2025.06.23 08:15:00,2025.06.23 10:45:00,ENTRY,XAUUSD,M15,174,SELL,FULLTGT,DAY,0,3358.66,3366.21,3366.21,7.55,1.00,7.55,3351.11,3343.57,3336.02,3328.48,3320.93,0.16,0.16,0.16,3358.66,0.00,0.00,0.00,3363.93,3363.94,3366.93,3364.15,3364.05,-0.792,3.77,25.17,42.07,41.27,-2.19,-1.96,-0.23,3366.80,3358.67,1115,1493,0.0,85.7,12,1,CROSS=EMA9<EMA21;TREND=1;STRUCT=1;VOL=1;COOL=1;EMA50=1;VWAP=1;BIAS=1,0.00,0.00,25427.27,25425.35,KZR=Asia L @ 3344.71 285 bars ago (low taken); DAY 12AM-4PM IST session: stop x1.00 of usual; no partials; full size to TP5; SL steps BE->TP1->TP2->TP3
442,2025.06.23 08:35:13,2025.06.23 11:05:13,SL_MOVE,XAUUSD,M15,174,SELL,FULLTGT,DAY,0,3358.66,3366.21,3358.66,7.55,1.00,7.55,3351.11,3343.57,3336.02,3328.48,3320.93,0.16,0.00,0.16,3358.66,1.00,0.00,0.00,3363.58,3363.77,3366.81,3363.93,3363.94,-0.787,3.87,26.64,37.23,25.01,-2.49,-2.00,-0.48,3366.50,3355.04,1346,1479,0.0,85.7,12,1,CROSS=EMA9<EMA21;TREND=1;STRUCT=1;VOL=1;COOL=1;EMA50=1;VWAP=1;BIAS=1,1.00,-0.12,25427.27,25548.07,stop to breakeven
443,2025.06.23 08:35:13,2025.06.23 11:05:13,TP1_REACHED,XAUUSD,M15,174,SELL,FULLTGT,DAY,0,3358.66,3366.21,3358.66,7.55,1.00,7.55,3351.11,3343.57,3336.02,3328.48,3320.93,0.16,0.00,0.16,3351.11,1.00,1.00,0.00,3363.58,3363.77,3366.81,3363.93,3363.94,-0.787,3.87,26.64,37.23,25.01,-2.49,-2.00,-0.48,3366.50,3355.04,1346,1479,0.0,85.7,12,1,CROSS=EMA9<EMA21;TREND=1;STRUCT=1;VOL=1;COOL=1;EMA50=1;VWAP=1;BIAS=1,1.00,-0.12,25427.27,25548.07,full target: no partial booked
444,2025.06.23 09:02:24,2025.06.23 11:32:24,EXIT_BE,XAUUSD,M15,174,SELL,FULLTGT,DAY,0,3358.66,3366.21,3358.66,7.55,1.00,7.55,3351.11,3343.57,3336.02,3328.48,3320.93,0.16,0.16,0.00,3358.66,0.00,-0.00,-1.12,3362.93,3363.42,3366.58,3363.18,3363.56,-0.790,3.99,30.85,42.25,46.92,-2.79,-2.19,-0.59,3365.44,3356.84,1993,1509,14.3,85.7,9,1,CROSS=EMA9<EMA21;TREND=1;STRUCT=1;VOL=1;COOL=1;EMA50=1;VWAP=1;BIAS=1,1.53,-0.12,25426.71,25426.71,stopped at breakeven
445,2025.06.23 14:30:00,2025.06.23 17:00:00,ENTRY,XAUUSD,M15,176,BUY,FULLTGT,EVENING,0,3378.10,3369.95,3369.95,8.15,1.00,8.15,3386.25,3394.41,3402.56,3410.71,3418.86,0.15,0.15,0.15,3378.10,0.00,0.00,0.00,3363.51,3363.33,3365.82,3362.91,3363.03,-0.613,4.08,34.16,71.21,78.58,3.32,1.64,1.67,3364.21,3378.07,2665,1711,100.0,0.0,4,1,CROSS=EMA9>EMA21;TREND=1;STRUCT=1;VOL=1;COOL=1;EMA50=1;VWAP=1;BIAS=1,0.00,0.00,25426.18,25425.58,KZR=Asia L @ 3344.71 310 bars ago (low taken); EVENING 4PM-12AM IST session: stop x1.00 of usual; no partials; full size to TP5; SL steps BE->TP1->TP2->TP3
446,2025.06.23 15:10:26,2025.06.23 17:40:26,EXIT_SL,XAUUSD,M15,176,BUY,FULLTGT,EVENING,0,3378.10,3369.95,3369.95,8.15,1.00,8.15,3386.25,3394.41,3402.56,3410.71,3418.86,0.15,0.15,0.00,3369.95,0.00,-1.00,-123.31,3364.77,3363.98,3366.10,3364.12,3363.64,-0.508,4.18,40.73,73.52,48.37,4.56,2.44,2.12,3364.78,3380.73,1806,1722,85.7,14.3,10,1,CROSS=EMA9>EMA21;TREND=1;STRUCT=1;VOL=1;COOL=1;EMA50=1;VWAP=1;BIAS=1,0.40,-1.00,25303.40,25303.40,stopped at the initial SL (x1.00 of usual)
447,2025.06.24 01:00:00,2025.06.24 03:30:00,DAY_SUMMARY,XAUUSD,M15,176,FLAT,NA,DAY,0,0.00,0.00,0.00,0.00,1.00,0.00,0.00,0.00,0.00,0.00,0.00,0.00,0.00,0.00,0.00,0.00,-1.00,-124.43,3375.80,3371.81,3370.04,3376.07,3371.86,0.411,4.29,38.01,36.21,25.82,-1.70,0.45,-2.14,3371.54,3369.04,853,1825,14.3,71.4,14,1,CROSS=EMA9>EMA21;TREND=1;STRUCT=1;VOL=1;COOL=1;EMA50=1;VWAP=1;BIAS=1,0.00,0.00,25303.40,25303.40,2025.06.23 trades=2 W=0 L=2 gross_profit=0.00 gross_loss=124.43 net=-124.43 PF=0.00
448,2025.06.24 03:30:00,2025.06.24 06:00:00,ENTRY,XAUUSD,M15,178,SELL,FULLTGT,DAY,0,3349.00,3363.41,3363.41,14.41,1.00,14.41,3334.59,3320.19,3305.78,3291.37,3276.96,0.08,0.08,0.08,3349.00,0.00,0.00,0.00,3367.90,3368.23,3368.35,3368.68,3368.62,-0.016,7.20,67.47,29.08,46.12,-8.42,-6.61,-1.81,3351.25,3349.00,2062,1493,14.3,85.7,5,1,CROSS=EMA9<EMA21;TREND=1;STRUCT=1;VOL=1;COOL=1;EMA50=1;VWAP=1;BIAS=1,0.00,0.00,25303.12,25302.72,KZR=London L @ 3340.41 1 bars ago (low taken); DAY 12AM-4PM IST session: stop x1.00 of usual; no partials; full size to TP5; SL steps BE->TP1->TP2->TP3
449,2025.06.24 08:37:25,2025.06.24 11:07:25,SL_MOVE,XAUUSD,M15,178,SELL,FULLTGT,DAY,0,3349.00,3363.41,3349.00,14.41,1.00,14.41,3334.59,3320.19,3305.78,3291.37,3276.96,0.08,0.00,0.08,3349.00,1.00,0.00,0.00,3357.35,3361.87,3364.84,3358.11,3362.34,-0.725,4.10,26.84,27.41,19.83,-4.21,-3.66,-0.55,3350.07,3338.63,1562,1557,0.0,100.0,12,1,CROSS=EMA9<EMA21;TREND=1;STRUCT=1;VOL=1;COOL=1;EMA50=1;VWAP=1;BIAS=1,1.00,-0.63,25303.12,25418.40,stop to breakeven
450,2025.06.24 08:37:25,2025.06.24 11:07:25,TP1_REACHED,XAUUSD,M15,178,SELL,FULLTGT,DAY,0,3349.00,3363.41,3349.00,14.41,1.00,14.41,3334.59,3320.19,3305.78,3291.37,3276.96,0.08,0.00,0.08,3334.59,1.00,1.00,0.00,3357.35,3361.87,3364.84,3358.11,3362.34,-0.725,4.10,26.84,27.41,19.83,-4.21,-3.66,-0.55,3350.07,3338.63,1562,1557,0.0,100.0,12,1,CROSS=EMA9<EMA21;TREND=1;STRUCT=1;VOL=1;COOL=1;EMA50=1;VWAP=1;BIAS=1,1.00,-0.63,25303.12,25418.40,full target: no partial booked
451,2025.06.24 09:34:31,2025.06.24 12:04:31,SL_MOVE,XAUUSD,M15,178,SELL,FULLTGT,DAY,0,3349.00,3363.41,3334.59,14.41,1.00,14.41,3334.59,3320.19,3305.78,3291.37,3276.96,0.08,0.00,0.08,3334.59,2.00,0.00,0.00,3353.00,3359.27,3363.40,3354.24,3360.01,-0.837,4.94,45.29,17.06,20.13,-7.68,-4.77,-2.90,3346.31,3322.57,2907,1637,0.0,100.0,5,1,CROSS=EMA9<EMA21;TREND=1;STRUCT=1;VOL=1;COOL=1;EMA50=1;VWAP=1;BIAS=1,2.00,-0.63,25303.12,25533.92,stop trailed to TP1
452,2025.06.24 09:34:31,2025.06.24 12:04:31,TP2_REACHED,XAUUSD,M15,178,SELL,FULLTGT,DAY,0,3349.00,3363.41,3334.59,14.41,1.00,14.41,3334.59,3320.19,3305.78,3291.37,3276.96,0.08,0.00,0.08,3320.19,2.00,2.00,0.00,3353.00,3359.27,3363.40,3354.24,3360.01,-0.837,4.94,45.29,17.06,20.13,-7.68,-4.77,-2.90,3346.31,3322.57,2907,1637,0.0,100.0,5,1,CROSS=EMA9<EMA21;TREND=1;STRUCT=1;VOL=1;COOL=1;EMA50=1;VWAP=1;BIAS=1,2.00,-0.63,25303.12,25533.92,full target: no partial booked
453,2025.06.24 15:35:39,2025.06.24 18:05:39,SL_MOVE,XAUUSD,M15,178,SELL,FULLTGT,EVENING,0,3349.00,3363.41,3320.19,14.41,1.00,14.41,3334.59,3320.19,3305.78,3291.37,3276.96,0.08,0.00,0.08,3320.19,3.00,0.00,0.00,3334.44,3345.51,3354.84,3335.29,3346.16,-1.911,4.88,29.05,30.51,26.90,-4.77,-4.39,-0.38,3336.04,3313.57,2798,1825,14.3,85.7,9,1,CROSS=EMA9<EMA21;TREND=1;STRUCT=1;VOL=1;COOL=1;EMA50=1;VWAP=1;BIAS=1,3.00,-0.63,25303.12,25649.12,stop trailed to TP2
454,2025.06.24 15:35:39,2025.06.24 18:05:39,TP3_REACHED,XAUUSD,M15,178,SELL,FULLTGT,EVENING,0,3349.00,3363.41,3320.19,14.41,1.00,14.41,3334.59,3320.19,3305.78,3291.37,3276.96,0.08,0.00,0.08,3305.78,3.00,3.00,0.00,3334.44,3345.51,3354.84,3335.29,3346.16,-1.911,4.88,29.05,30.51,26.90,-4.77,-4.39,-0.38,3336.04,3313.57,2798,1825,14.3,85.7,9,1,CROSS=EMA9<EMA21;TREND=1;STRUCT=1;VOL=1;COOL=1;EMA50=1;VWAP=1;BIAS=1,3.00,-0.63,25303.12,25649.12,full target: no partial booked
455,2025.06.24 19:56:04,2025.06.24 22:26:04,EXIT_TRAIL_SL,XAUUSD,M15,178,SELL,FULLTGT,EVENING,0,3349.00,3363.41,3320.19,14.41,1.00,14.41,3334.59,3320.19,3305.78,3291.37,3276.96,0.08,0.08,0.00,3320.22,0.00,2.00,229.68,3322.31,3335.19,3347.78,3322.53,3335.56,-1.762,7.14,19.32,52.53,66.64,-2.66,-4.97,2.31,3327.64,3317.04,1625,2627,42.9,28.6,5,1,CROSS=EMA9<EMA21;TREND=1;STRUCT=1;VOL=1;COOL=1;EMA50=1;VWAP=1;BIAS=1,3.72,-0.63,25533.08,25533.08,stopped at a trailed level
456,2025.06.25 01:00:00,2025.06.25 03:30:00,DAY_SUMMARY,XAUUSD,M15,178,FLAT,NA,DAY,0,0.00,0.00,0.00,0.00,1.00,0.00,0.00,0.00,0.00,0.00,0.00,0.00,0.00,0.00,0.00,0.00,2.00,229.68,3321.34,3330.86,3343.45,3321.28,3331.02,-4.724,2.66,19.65,57.80,55.62,1.85,1.15,0.71,3326.70,3322.81,547,1263,42.9,28.6,9,1,CROSS=EMA9<EMA21;TREND=1;STRUCT=1;VOL=1;COOL=1;EMA50=1;VWAP=1;BIAS=1,0.00,0.00,25533.08,25533.08,2025.06.24 trades=1 W=1 L=0 gross_profit=229.68 gross_loss=0.00 net=229.68 PF=0.00
457,2025.06.26 17:45:00,2025.06.26 20:15:00,SKIP,XAUUSD,M15,178,FLAT,NA,EVENING,0,0.00,0.00,0.00,0.00,1.00,0.00,0.00,0.00,0.00,0.00,0.00,0.00,0.00,0.00,0.00,0.00,0.00,0.00,3332.95,3333.08,3334.60,3333.51,3333.35,-0.182,8.39,29.00,37.89,46.28,-5.82,-4.01,-1.81,3333.94,3319.30,3080,2255,14.3,85.7,5,1,CROSS=EMA9<EMA21;TREND=1;STRUCT=1;VOL=1;COOL=1;EMA50=1;VWAP=1;BIAS=1,0.00,0.00,25533.08,25533.08,already positioned that way
458,2025.06.30 01:00:00,2025.06.30 03:30:00,WEEK_SUMMARY,XAUUSD,M15,178,FLAT,NA,DAY,0,0.00,0.00,0.00,0.00,1.00,0.00,0.00,0.00,0.00,0.00,0.00,0.00,0.00,0.00,0.00,0.00,1.00,105.25,3278.86,3290.00,3304.67,3279.02,3290.31,-3.695,3.97,22.13,50.65,57.35,-0.94,-1.26,0.32,3285.99,3274.96,602,1510,42.9,28.6,9,1,CROSS=EMA9<EMA21;TREND=1;STRUCT=1;VOL=1;COOL=1;EMA50=1;VWAP=1;BIAS=1,0.00,0.00,25533.08,25533.08,days=2 trades=3 W=1 L=2 gross_profit=229.68 gross_loss=124.43 net=105.25 PF=1.85 pips=2063.0
459,2025.06.30 20:00:00,2025.06.30 22:30:00,ENTRY,XAUUSD,M15,180,BUY,FULLTGT,EVENING,0,3297.41,3288.31,3288.31,9.10,1.00,9.10,3306.51,3315.61,3324.71,3333.80,3342.90,0.14,0.14,0.14,3297.41,0.00,0.00,0.00,3285.65,3285.59,3293.25,3285.18,3285.35,-1.684,4.55,41.28,66.73,71.88,2.61,1.14,1.47,3282.07,3297.30,1365,2064,85.7,0.0,11,1,CROSS=EMA9>EMA21;TREND=1;STRUCT=1;VOL=1;COOL=1;EMA50=1;VWAP=1;BIAS=1,0.00,0.00,25532.59,25531.05,KZR=NY L @ 3255.84 74 bars ago (low taken); EVENING 4PM-12AM IST session: stop x1.00 of usual; no partials; full size to TP5; SL steps BE->TP1->TP2->TP3
460,2025.06.30 22:18:38,2025.07.01 00:48:38,SL_MOVE,XAUUSD,M15,180,BUY,FULLTGT,DAY,0,3297.41,3288.31,3297.41,9.10,1.00,9.10,3306.51,3315.61,3324.71,3333.80,3342.90,0.14,0.00,0.14,3297.41,1.00,0.00,0.00,3289.25,3287.54,3293.60,3288.69,3287.22,-1.853,3.27,45.75,69.49,74.53,3.85,3.18,0.67,3283.39,3303.12,1099,1671,85.7,0.0,11,1,CROSS=EMA9>EMA21;TREND=1;STRUCT=1;VOL=1;COOL=1;EMA50=1;VWAP=1;BIAS=1,1.00,-0.58,25532.59,25660.27,stop to breakeven
461,2025.06.30 22:18:38,2025.07.01 00:48:38,TP1_REACHED,XAUUSD,M15,180,BUY,FULLTGT,DAY,0,3297.41,3288.31,3297.41,9.10,1.00,9.10,3306.51,3315.61,3324.71,3333.80,3342.90,0.14,0.00,0.14,3306.51,1.00,1.00,0.00,3289.25,3287.54,3293.60,3288.69,3287.22,-1.853,3.27,45.75,69.49,74.53,3.85,3.18,0.67,3283.39,3303.12,1099,1671,85.7,0.0,11,1,CROSS=EMA9>EMA21;TREND=1;STRUCT=1;VOL=1;COOL=1;EMA50=1;VWAP=1;BIAS=1,1.00,-0.58,25532.59,25660.27,full target: no partial booked
462,2025.07.01 01:00:00,2025.07.01 03:30:00,MONTH_SUMMARY,XAUUSD,M15,180,BUY,FULLTGT,DAY,0,3297.41,3288.31,3297.41,9.10,1.00,9.10,3306.51,3315.61,3324.71,3333.80,3342.90,0.14,0.00,0.00,0.00,0.00,-1.80,-255.46,3293.32,3289.94,3294.44,3292.93,3289.68,-1.480,3.04,44.71,60.06,46.09,4.60,4.59,0.01,3284.50,3302.92,641,1271,71.4,14.3,9,1,CROSS=EMA9>EMA21;TREND=1;STRUCT=1;VOL=1;COOL=1;EMA50=1;VWAP=1;BIAS=1,1.33,-0.58,25532.59,25605.78,days=9 trades=12 W=3 L=9 gross_profit=493.67 gross_loss=749.13 net=-255.46 PF=0.66 pips=-2017.0
463,2025.07.01 04:01:05,2025.07.01 06:31:05,SL_MOVE,XAUUSD,M15,180,BUY,FULLTGT,DAY,0,3297.41,3288.31,3306.51,9.10,1.00,9.10,3306.51,3315.61,3324.71,3333.80,3342.90,0.14,0.00,0.14,3306.51,2.00,0.00,0.00,3299.99,3294.37,3296.27,3299.38,3293.95,-0.601,3.16,44.97,70.16,66.32,4.46,4.65,-0.19,3310.46,3314.78,941,955,71.4,14.3,12,1,CROSS=EMA9>EMA21;TREND=1;STRUCT=1;VOL=1;COOL=1;EMA50=1;VWAP=1;BIAS=1,2.00,-0.58,25532.59,25778.68,stop trailed to TP1
464,2025.07.01 04:01:05,2025.07.01 06:31:05,TP2_REACHED,XAUUSD,M15,180,BUY,FULLTGT,DAY,0,3297.41,3288.31,3306.51,9.10,1.00,9.10,3306.51,3315.61,3324.71,3333.80,3342.90,0.14,0.00,0.14,3315.61,2.00,2.00,0.00,3299.99,3294.37,3296.27,3299.38,3293.95,-0.601,3.16,44.97,70.16,66.32,4.46,4.65,-0.19,3310.46,3314.78,941,955,71.4,14.3,12,1,CROSS=EMA9>EMA21;TREND=1;STRUCT=1;VOL=1;COOL=1;EMA50=1;VWAP=1;BIAS=1,2.00,-0.58,25532.59,25778.68,full target: no partial booked
465,2025.07.01 08:03:27,2025.07.01 10:33:27,SL_MOVE,XAUUSD,M15,180,BUY,FULLTGT,DAY,0,3297.41,3288.31,3315.61,9.10,1.00,9.10,3306.51,3315.61,3324.71,3333.80,3342.90,0.14,0.00,0.14,3315.61,3.00,0.00,0.00,3309.44,3301.34,3299.74,3308.89,3300.90,0.516,3.11,45.77,70.69,61.47,4.17,4.23,-0.06,3315.99,3322.95,647,1235,71.4,14.3,9,1,CROSS=EMA9>EMA21;TREND=1;STRUCT=1;VOL=1;COOL=1;EMA50=1;VWAP=1;BIAS=1,3.00,-0.58,25532.59,25906.08,stop trailed to TP2
466,2025.07.01 08:03:27,2025.07.01 10:33:27,TP3_REACHED,XAUUSD,M15,180,BUY,FULLTGT,DAY,0,3297.41,3288.31,3315.61,9.10,1.00,9.10,3306.51,3315.61,3324.71,3333.80,3342.90,0.14,0.00,0.14,3324.71,3.00,3.00,0.00,3309.44,3301.34,3299.74,3308.89,3300.90,0.516,3.11,45.77,70.69,61.47,4.17,4.23,-0.06,3315.99,3322.95,647,1235,71.4,14.3,9,1,CROSS=EMA9>EMA21;TREND=1;STRUCT=1;VOL=1;COOL=1;EMA50=1;VWAP=1;BIAS=1,3.00,-0.58,25532.59,25906.08,full target: no partial booked
467,2025.07.01 09:48:16,2025.07.01 12:18:16,SL_MOVE,XAUUSD,M15,180,BUY,FULLTGT,DAY,0,3297.41,3288.31,3324.71,9.10,1.00,9.10,3306.51,3315.61,3324.71,3333.80,3342.90,0.14,0.00,0.14,3324.71,4.00,0.00,0.00,3314.31,3305.00,3301.74,3313.58,3304.45,0.964,3.38,50.99,77.04,72.73,4.99,4.73,0.26,3319.33,3332.13,1683,1320,100.0,0.0,7,1,CROSS=EMA9>EMA21;TREND=1;STRUCT=1;VOL=1;COOL=1;EMA50=1;VWAP=1;BIAS=1,4.00,-0.58,25532.59,26034.04,stop trailed to TP3
468,2025.07.01 09:48:16,2025.07.01 12:18:16,TP4_REACHED,XAUUSD,M15,180,BUY,FULLTGT,DAY,0,3297.41,3288.31,3324.71,9.10,1.00,9.10,3306.51,3315.61,3324.71,3333.80,3342.90,0.14,0.00,0.14,3333.80,4.00,4.00,0.00,3314.31,3305.00,3301.74,3313.58,3304.45,0.964,3.38,50.99,77.04,72.73,4.99,4.73,0.26,3319.33,3332.13,1683,1320,100.0,0.0,7,1,CROSS=EMA9>EMA21;TREND=1;STRUCT=1;VOL=1;COOL=1;EMA50=1;VWAP=1;BIAS=1,4.00,-0.58,25532.59,26034.04,full target: no partial booked
469,2025.07.01 12:25:16,2025.07.01 14:55:16,TP5_EXIT,XAUUSD,M15,180,BUY,FULLTGT,DAY,0,3297.41,3288.31,3324.71,9.10,1.00,9.10,3306.51,3315.61,3324.71,3333.80,3342.90,0.14,0.14,0.00,3342.91,5.00,5.00,0.00,3322.21,3311.01,3305.20,3321.46,3310.41,1.429,4.06,46.85,75.53,67.76,5.88,5.92,-0.03,3324.88,3340.41,1433,1611,71.4,14.3,8,1,CROSS=EMA9>EMA21;TREND=1;STRUCT=1;VOL=1;COOL=1;EMA50=1;VWAP=1;BIAS=1,5.00,-0.58,26160.25,26160.25,full target reached; closed in full
470,2025.07.01 12:25:17,2025.07.01 14:55:17,EXIT_TP,XAUUSD,M15,180,BUY,FULLTGT,DAY,0,3297.41,3288.31,3324.71,9.10,1.00,9.10,3306.51,3315.61,3324.71,3333.80,3342.90,0.14,0.14,0.00,3342.91,0.00,5.00,627.17,3322.21,3311.01,3305.20,3321.46,3310.41,1.429,4.06,46.85,75.53,67.76,5.88,5.92,-0.03,3324.88,3340.41,1433,1611,71.4,14.3,8,1,CROSS=EMA9>EMA21;TREND=1;STRUCT=1;VOL=1;COOL=1;EMA50=1;VWAP=1;BIAS=1,5.00,-0.58,26160.25,26160.25,TP5 exit
471,2025.07.02 01:00:00,2025.07.02 03:30:00,DAY_SUMMARY,XAUUSD,M15,180,FLAT,NA,DAY,0,0.00,0.00,0.00,0.00,1.00,0.00,0.00,0.00,0.00,0.00,0.00,0.00,0.00,0.00,0.00,0.00,5.00,627.17,3338.90,3330.50,3319.59,3338.91,3330.33,5.769,1.89,26.34,46.11,50.27,-1.20,-1.53,0.32,3336.84,3338.78,516,1278,57.1,28.6,9,1,CROSS=EMA9>EMA21;TREND=1;STRUCT=1;VOL=1;COOL=1;EMA50=1;VWAP=1;BIAS=1,0.00,0.00,26160.25,26160.25,2025.07.01 trades=1 W=1 L=0 gross_profit=627.17 gross_loss=0.00 net=627.17 PF=0.00
472,2025.07.03 16:45:00,2025.07.03 19:15:00,ENTRY,XAUUSD,M15,182,SELL,FULLTGT,EVENING,0,3337.60,3353.49,3353.49,15.89,1.00,15.89,3321.71,3305.81,3289.92,3274.03,3258.14,0.08,0.08,0.08,3337.60,0.00,0.00,0.00,3346.52,3346.56,3340.90,3346.88,3346.74,0.712,7.95,17.14,45.45,52.96,-5.59,-3.65,-1.94,3346.43,3337.60,3325,1946,28.6,57.1,5,1,CROSS=EMA9<EMA21;TREND=1;STRUCT=1;VOL=1;COOL=1;EMA50=1;VWAP=1;BIAS=1,0.00,0.00,26159.97,26159.57,KZR=Asia H @ 3362.26 30 bars ago (high taken); EVENING 4PM-12AM IST session: stop x1.00 of usual; no partials; full size to TP5; SL steps BE->TP1->TP2->TP3
473,2025.07.07 01:00:00,2025.07.07 03:30:00,WEEK_SUMMARY,XAUUSD,M15,182,SELL,FULLTGT,DAY,0,3337.60,3353.49,3353.49,15.89,1.00,15.89,3321.71,3305.81,3289.92,3274.03,3258.14,0.08,0.00,0.00,0.00,0.00,5.00,627.17,3335.19,3336.10,3336.48,3335.12,3336.09,-0.154,2.46,31.66,56.65,68.42,-0.46,-1.03,0.58,3335.64,3337.06,773,1001,71.4,14.3,9,1,CROSS=EMA9<EMA21;TREND=1;STRUCT=1;VOL=1;COOL=1;EMA50=1;VWAP=1;BIAS=1,0.91,-0.48,26159.97,26192.37,days=1 trades=1 W=1 L=0 gross_profit=627.17 gross_loss=0.00 net=627.17 PF=0.00 pips=4550.0
474,2025.07.07 04:01:36,2025.07.07 06:31:36,SL_MOVE,XAUUSD,M15,182,SELL,FULLTGT,DAY,0,3337.60,3353.49,3337.60,15.89,1.00,15.89,3321.71,3305.81,3289.92,3274.03,3258.14,0.08,0.00,0.08,3337.60,1.00,0.00,0.00,3332.99,3334.74,3335.73,3333.26,3334.90,-0.265,3.76,38.28,38.50,46.42,-2.45,-1.41,-1.05,3329.46,3326.51,1300,927,14.3,85.7,12,1,CROSS=EMA9<EMA21;TREND=1;STRUCT=1;VOL=1;COOL=1;EMA50=1;VWAP=1;BIAS=1,1.00,-0.48,26159.97,26294.45,stop to breakeven
475,2025.07.07 04:01:36,2025.07.07 06:31:36,TP1_REACHED,XAUUSD,M15,182,SELL,FULLTGT,DAY,0,3337.60,3353.49,3337.60,15.89,1.00,15.89,3321.71,3305.81,3289.92,3274.03,3258.14,0.08,0.00,0.08,3321.71,1.00,1.00,0.00,3332.99,3334.74,3335.73,3333.26,3334.90,-0.265,3.76,38.28,38.50,46.42,-2.45,-1.41,-1.05,3329.46,3326.51,1300,927,14.3,85.7,12,1,CROSS=EMA9<EMA21;TREND=1;STRUCT=1;VOL=1;COOL=1;EMA50=1;VWAP=1;BIAS=1,1.00,-0.48,26159.97,26294.45,full target: no partial booked
476,2025.07.07 07:27:37,2025.07.07 09:57:37,SL_MOVE,XAUUSD,M15,182,SELL,FULLTGT,DAY,0,3337.60,3353.49,3321.71,15.89,1.00,15.89,3321.71,3305.81,3289.92,3274.03,3258.14,0.08,0.00,0.08,3321.71,2.00,0.00,0.00,3324.64,3329.64,3332.90,3325.18,3330.01,-0.593,5.50,29.56,35.25,35.70,-5.39,-5.55,0.16,3319.34,3311.44,1278,1538,14.3,71.4,12,1,CROSS=EMA9<EMA21;TREND=1;STRUCT=1;VOL=1;COOL=1;EMA50=1;VWAP=1;BIAS=1,2.00,-0.48,26159.97,26421.57,stop trailed to TP1
477,2025.07.07 07:27:37,2025.07.07 09:57:37,TP2_REACHED,XAUUSD,M15,182,SELL,FULLTGT,DAY,0,3337.60,3353.49,3321.71,15.89,1.00,15.89,3321.71,3305.81,3289.92,3274.03,3258.14,0.08,0.00,0.08,3305.81,2.00,2.00,0.00,3324.64,3329.64,3332.90,3325.18,3330.01,-0.593,5.50,29.56,35.25,35.70,-5.39,-5.55,0.16,3319.34,3311.44,1278,1538,14.3,71.4,12,1,CROSS=EMA9<EMA21;TREND=1;STRUCT=1;VOL=1;COOL=1;EMA50=1;VWAP=1;BIAS=1,2.00,-0.48,26159.97,26421.57,full target: no partial booked
478,2025.07.07 18:46:26,2025.07.07 21:16:26,EXIT_TRAIL_SL,XAUUSD,M15,182,SELL,FULLTGT,EVENING,0,3337.60,3353.49,3321.71,15.89,1.00,15.89,3321.71,3305.81,3289.92,3274.03,3258.14,0.08,0.08,0.00,3321.74,0.00,1.00,133.44,3313.09,3317.97,3324.44,3312.77,3317.91,-1.263,5.13,37.27,64.97,63.36,3.04,1.65,1.39,3312.50,3321.06,1446,2095,71.4,14.3,6,1,CROSS=EMA9<EMA21;TREND=1;STRUCT=1;VOL=1;COOL=1;EMA50=1;VWAP=1;BIAS=1,2.59,-0.48,26293.69,26293.69,stopped at a trailed level
479,2025.07.07 22:45:00,2025.07.08 01:15:00,ENTRY,XAUUSD,M15,184,BUY,FULLTGT,DAY,0,3339.73,3332.61,3332.61,7.12,1.00,7.12,3346.85,3353.97,3361.09,3368.20,3375.32,0.18,0.18,0.18,3339.73,0.00,0.00,0.00,3322.05,3321.70,3325.46,3321.33,3321.33,-1.058,3.56,58.19,76.94,73.62,6.31,5.87,0.44,3315.50,3339.66,1099,1522,85.7,0.0,7,1,CROSS=EMA9>EMA21;TREND=1;STRUCT=1;VOL=1;COOL=1;EMA50=1;VWAP=1;BIAS=1,0.00,0.00,26293.06,26291.80,KZR=London L @ 3300.69 36 bars ago (low taken); DAY 12AM-4PM IST session: stop x1.00 of usual; no partials; full size to TP5; SL steps BE->TP1->TP2->TP3
480,2025.07.08 01:00:00,2025.07.08 03:30:00,DAY_SUMMARY,XAUUSD,M15,184,BUY,FULLTGT,DAY,0,3339.73,3332.61,3332.61,7.12,1.00,7.12,3346.85,3353.97,3361.09,3368.20,3375.32,0.18,0.00,0.00,0.00,0.00,1.00,133.44,3324.66,3323.10,3326.00,3324.19,3322.84,-1.016,2.85,41.91,66.73,50.97,5.06,5.82,-0.76,3315.97,3336.16,367,1308,71.4,14.3,9,1,CROSS=EMA9>EMA21;TREND=1;STRUCT=1;VOL=1;COOL=1;EMA50=1;VWAP=1;BIAS=1,0.09,-0.60,26293.06,26265.48,2025.07.07 trades=1 W=1 L=0 gross_profit=133.44 gross_loss=0.00 net=133.44 PF=0.00
481,2025.07.08 03:24:54,2025.07.08 05:54:54,EXIT_SL,XAUUSD,M15,184,BUY,FULLTGT,DAY,0,3339.73,3332.61,3332.61,7.12,1.00,7.12,3346.85,3353.97,3361.09,3368.20,3375.32,0.18,0.18,0.00,3332.59,0.00,-1.00,-141.16,3328.78,3325.63,3327.08,3328.48,3325.41,-0.442,3.28,31.45,55.39,35.30,2.94,4.43,-1.49,3338.55,3336.24,1258,837,57.1,42.9,12,1,CROSS=EMA9>EMA21;TREND=1;STRUCT=1;VOL=1;COOL=1;EMA50=1;VWAP=1;BIAS=1,0.86,-1.00,26152.53,26152.53,stopped at the initial SL (x1.00 of usual)
482,2025.07.08 17:00:00,2025.07.08 19:30:00,ENTRY,XAUUSD,M15,186,SELL,FULLTGT,EVENING,0,3315.26,3325.03,3325.03,9.77,1.00,9.77,3305.49,3295.71,3285.94,3276.17,3266.40,0.13,0.13,0.13,3315.26,0.00,0.00,0.00,3327.35,3327.44,3327.87,3327.84,3327.68,-0.089,4.89,20.62,35.09,31.03,-2.07,-1.53,-0.55,3329.89,3315.28,3115,1485,0.0,85.7,7,1,CROSS=EMA9<EMA21;TREND=1;STRUCT=1;VOL=1;COOL=1;EMA50=1;VWAP=1;BIAS=1,0.00,0.00,26152.07,26151.16,KZR=London L @ 3300.69 109 bars ago (low taken); EVENING 4PM-12AM IST session: stop x1.00 of usual; no partials; full size to TP5; SL steps BE->TP1->TP2->TP3
483,2025.07.08 17:14:42,2025.07.08 19:44:42,SL_MOVE,XAUUSD,M15,186,SELL,FULLTGT,EVENING,0,3315.26,3325.03,3315.26,9.77,1.00,9.77,3305.49,3295.71,3285.94,3276.17,3266.40,0.13,0.00,0.13,3315.26,1.00,0.00,0.00,3327.35,3327.44,3327.87,3327.84,3327.68,-0.089,4.89,20.62,35.09,23.12,-2.07,-1.53,-0.55,3329.89,3315.28,3115,1485,0.0,85.7,6,1,CROSS=EMA9<EMA21;TREND=1;STRUCT=1;VOL=1;COOL=1;EMA50=1;VWAP=1;BIAS=1,1.00,-0.07,26152.07,26279.47,stop to breakeven
484,2025.07.08 17:14:42,2025.07.08 19:44:42,TP1_REACHED,XAUUSD,M15,186,SELL,FULLTGT,EVENING,0,3315.26,3325.03,3315.26,9.77,1.00,9.77,3305.49,3295.71,3285.94,3276.17,3266.40,0.13,0.00,0.13,3305.49,1.00,1.00,0.00,3327.35,3327.44,3327.87,3327.84,3327.68,-0.089,4.89,20.62,35.09,23.12,-2.07,-1.53,-0.55,3329.89,3315.28,3115,1485,0.0,85.7,6,1,CROSS=EMA9<EMA21;TREND=1;STRUCT=1;VOL=1;COOL=1;EMA50=1;VWAP=1;BIAS=1,1.00,-0.07,26152.07,26279.47,full target: no partial booked
485,2025.07.08 17:43:04,2025.07.08 20:13:04,SL_MOVE,XAUUSD,M15,186,SELL,FULLTGT,EVENING,0,3315.26,3325.03,3305.49,9.77,1.00,9.77,3305.49,3295.71,3285.94,3276.17,3266.40,0.13,0.00,0.13,3305.49,2.00,0.00,0.00,3325.67,3326.58,3327.43,3326.51,3327.01,-0.150,5.70,30.80,27.09,26.01,-4.33,-1.93,-2.40,3328.09,3305.01,3364,1690,0.0,100.0,5,1,CROSS=EMA9<EMA21;TREND=1;STRUCT=1;VOL=1;COOL=1;EMA50=1;VWAP=1;BIAS=1,2.00,-0.07,26152.07,26406.61,stop trailed to TP1
486,2025.07.08 17:43:04,2025.07.08 20:13:04,TP2_REACHED,XAUUSD,M15,186,SELL,FULLTGT,EVENING,0,3315.26,3325.03,3305.49,9.77,1.00,9.77,3305.49,3295.71,3285.94,3276.17,3266.40,0.13,0.00,0.13,3295.71,2.00,2.00,0.00,3325.67,3326.58,3327.43,3326.51,3327.01,-0.150,5.70,30.80,27.09,26.01,-4.33,-1.93,-2.40,3328.09,3305.01,3364,1690,0.0,100.0,5,1,CROSS=EMA9<EMA21;TREND=1;STRUCT=1;VOL=1;COOL=1;EMA50=1;VWAP=1;BIAS=1,2.00,-0.07,26152.07,26406.61,full target: no partial booked
487,2025.07.08 20:07:36,2025.07.08 22:37:36,EXIT_TRAIL_SL,XAUUSD,M15,186,SELL,FULLTGT,EVENING,0,3315.26,3325.03,3305.49,9.77,1.00,9.77,3305.49,3295.71,3285.94,3276.17,3266.40,0.13,0.13,0.00,3305.51,0.00,1.00,125.83,3316.40,3321.30,3324.58,3317.05,3321.72,-0.509,6.43,34.47,37.16,60.11,-7.40,-7.95,0.56,3321.20,3300.43,2381,2347,42.9,57.1,5,1,CROSS=EMA9<EMA21;TREND=1;STRUCT=1;VOL=1;COOL=1;EMA50=1;VWAP=1;BIAS=1,2.93,-0.07,26278.36,26278.36,stopped at a trailed level
488,2025.07.09 01:00:00,2025.07.09 03:30:00,DAY_SUMMARY,XAUUSD,M15,186,FLAT,NA,DAY,0,0.00,0.00,0.00,0.00,1.00,0.00,0.00,0.00,0.00,0.00,0.00,0.00,0.00,0.00,0.00,0.00,-0.01,-15.33,3310.47,3316.56,3321.54,3310.84,3316.87,-1.759,2.83,23.77,41.56,42.63,-2.25,-2.55,0.30,3318.49,3301.48,523,1461,14.3,57.1,9,1,CROSS=EMA9<EMA21;TREND=1;STRUCT=1;VOL=1;COOL=1;EMA50=1;VWAP=1;BIAS=1,0.00,0.00,26278.36,26278.36,2025.07.08 trades=2 W=1 L=1 gross_profit=125.83 gross_loss=141.16 net=-15.33 PF=0.89
489,2025.07.09 22:15:00,2025.07.10 00:45:00,ENTRY,XAUUSD,M15,188,BUY,FULLTGT,DAY,0,3316.26,3309.89,3309.89,6.37,1.00,6.37,3322.63,3329.01,3335.38,3341.75,3348.12,0.20,0.20,0.20,3316.26,0.00,0.00,0.00,3303.85,3303.76,3309.04,3303.34,3303.51,-1.656,3.19,28.30,69.42,68.26,3.70,4.21,-0.51,3298.76,3316.21,1366,1510,71.4,14.3,5,1,CROSS=EMA9>EMA21;TREND=1;STRUCT=1;VOL=1;COOL=1;EMA50=1;VWAP=1;BIAS=1,0.00,0.00,26277.66,26276.66,KZR=Asia L @ 3285.00 43 bars ago (low taken); DAY 12AM-4PM IST session: stop x1.00 of usual; no partials; full size to TP5; SL steps BE->TP1->TP2->TP3
490,2025.07.10 04:16:53,2025.07.10 06:46:53,SL_MOVE,XAUUSD,M15,188,BUY,FULLTGT,DAY,0,3316.26,3309.89,3316.26,6.37,1.00,6.37,3322.63,3329.01,3335.38,3341.75,3348.12,0.20,0.00,0.20,3316.26,1.00,0.00,0.00,3311.46,3308.28,3310.55,3311.09,3308.03,-0.743,3.05,19.79,61.38,58.34,2.63,2.91,-0.28,3318.95,3320.54,1744,908,71.4,14.3,12,1,CROSS=EMA9>EMA21;TREND=1;STRUCT=1;VOL=1;COOL=1;EMA50=1;VWAP=1;BIAS=1,1.00,-0.74,26277.66,26367.33,stop to breakeven
491,2025.07.10 04:16:53,2025.07.10 06:46:53,TP1_REACHED,XAUUSD,M15,188,BUY,FULLTGT,DAY,0,3316.26,3309.89,3316.26,6.37,1.00,6.37,3322.63,3329.01,3335.38,3341.75,3348.12,0.20,0.00,0.20,3322.63,1.00,1.00,0.00,3311.46,3308.28,3310.55,3311.09,3308.03,-0.743,3.05,19.79,61.38,58.34,2.63,2.91,-0.28,3318.95,3320.54,1744,908,71.4,14.3,12,1,CROSS=EMA9>EMA21;TREND=1;STRUCT=1;VOL=1;COOL=1;EMA50=1;VWAP=1;BIAS=1,1.00,-0.74,26277.66,26367.33,full target: no partial booked
492,2025.07.10 06:56:37,2025.07.10 09:26:37,EXIT_BE,XAUUSD,M15,188,BUY,FULLTGT,DAY,0,3316.26,3309.89,3316.26,6.37,1.00,6.37,3322.63,3329.01,3335.38,3341.75,3348.12,0.20,0.20,0.00,3316.23,0.00,-0.00,-39.93,3314.52,3310.56,3311.53,3314.31,3310.37,-0.302,3.23,23.93,54.07,38.23,1.44,2.38,-0.94,3320.07,3319.78,833,988,28.6,42.9,5,1,CROSS=EMA9>EMA21;TREND=1;STRUCT=1;VOL=1;COOL=1;EMA50=1;VWAP=1;BIAS=1,1.58,-0.74,26238.43,26238.43,stopped at breakeven
493,2025.07.11 01:00:00,2025.07.11 03:30:00,DAY_SUMMARY,XAUUSD,M15,188,FLAT,NA,DAY,0,0.00,0.00,0.00,0.00,1.00,0.00,0.00,0.00,0.00,0.00,0.00,0.00,0.00,0.00,0.00,0.00,-0.00,-39.93,3320.74,3318.66,3316.53,3320.62,3318.55,1.135,1.87,22.08,57.63,55.57,1.30,0.67,0.64,3321.22,3323.85,218,1050,71.4,0.0,9,1,CROSS=EMA9>EMA21;TREND=1;STRUCT=1;VOL=1;COOL=1;EMA50=1;VWAP=1;BIAS=1,0.00,0.00,26238.43,26238.43,2025.07.10 trades=1 W=0 L=1 gross_profit=0.00 gross_loss=39.93 net=-39.93 PF=0.00
494,2025.07.14 01:00:00,2025.07.14 03:30:00,WEEK_SUMMARY,XAUUSD,M15,188,FLAT,NA,DAY,0,0.00,0.00,0.00,0.00,1.00,0.00,0.00,0.00,0.00,0.00,0.00,0.00,0.00,0.00,0.00,0.00,0.99,78.18,3351.31,3343.58,3334.07,3351.14,3343.34,3.443,2.76,23.33,50.99,45.07,1.15,1.52,-0.37,3344.99,3355.50,337,1236,42.9,28.6,9,1,CROSS=EMA9>EMA21;TREND=1;STRUCT=1;VOL=1;COOL=1;EMA50=1;VWAP=1;BIAS=1,0.00,0.00,26238.43,26238.43,days=3 trades=4 W=2 L=2 gross_profit=259.27 gross_loss=181.09 net=78.18 PF=1.43 pips=1844.0
495,2025.07.14 21:45:00,2025.07.15 00:15:00,ENTRY,XAUUSD,M15,190,SELL,FULLTGT,DAY,0,3350.79,3356.01,3356.01,5.22,1.00,5.22,3345.57,3340.36,3335.14,3329.93,3324.71,0.25,0.25,0.25,3350.79,0.00,0.00,0.00,3354.95,3354.97,3348.13,3355.12,3355.06,2.624,2.61,13.85,47.31,56.47,-2.14,-3.24,1.10,3359.10,3350.79,945,1764,28.6,42.9,5,1,CROSS=EMA9<EMA21;TREND=1;STRUCT=1;VOL=1;COOL=1;EMA50=1;VWAP=1;BIAS=1,0.00,0.00,26237.55,26236.30,KZR=Asia H @ 3374.06 45 bars ago (high taken); DAY 12AM-4PM IST session: stop x1.00 of usual; no partials; full size to TP5; SL steps BE->TP1->TP2->TP3
496,2025.07.14 22:46:17,2025.07.15 01:16:17,SL_MOVE,XAUUSD,M15,190,SELL,FULLTGT,DAY,0,3350.79,3356.01,3350.79,5.22,1.00,5.22,3345.57,3340.36,3335.14,3329.93,3324.71,0.25,0.00,0.25,3350.79,1.00,0.00,0.00,3353.97,3354.46,3348.14,3354.29,3354.63,2.774,2.28,18.36,39.33,34.85,-1.95,-2.30,0.35,3358.70,3346.26,1558,1496,14.3,71.4,5,1,CROSS=EMA9<EMA21;TREND=1;STRUCT=1;VOL=1;COOL=1;EMA50=1;VWAP=1;BIAS=1,0.99,-0.07,26237.55,26368.05,stop to breakeven
497,2025.07.14 22:46:17,2025.07.15 01:16:17,TP1_REACHED,XAUUSD,M15,190,SELL,FULLTGT,DAY,0,3350.79,3356.01,3350.79,5.22,1.00,5.22,3345.57,3340.36,3335.14,3329.93,3324.71,0.25,0.00,0.25,3345.57,1.00,1.00,0.00,3353.97,3354.46,3348.14,3354.29,3354.63,2.774,2.28,18.36,39.33,34.85,-1.95,-2.30,0.35,3358.70,3346.26,1558,1496,14.3,71.4,5,1,CROSS=EMA9<EMA21;TREND=1;STRUCT=1;VOL=1;COOL=1;EMA50=1;VWAP=1;BIAS=1,0.99,-0.07,26237.55,26368.05,full target: no partial booked
498,2025.07.15 05:19:33,2025.07.15 07:49:33,EXIT_BE,XAUUSD,M15,190,SELL,FULLTGT,DAY,0,3350.79,3356.01,3350.79,5.22,1.00,5.22,3345.57,3340.36,3335.14,3329.93,3324.71,0.25,0.25,0.00,3350.79,0.00,-0.00,9.37,3349.40,3351.43,3347.68,3349.38,3351.46,1.543,2.43,38.59,57.10,61.16,-0.04,-0.63,0.59,3346.83,3349.79,1214,679,85.7,14.3,5,1,CROSS=EMA9<EMA21;TREND=1;STRUCT=1;VOL=1;COOL=1;EMA50=1;VWAP=1;BIAS=1,1.85,-0.07,26247.80,26247.80,stopped at breakeven
499,2025.07.15 08:45:00,2025.07.15 11:15:00,ENTRY,XAUUSD,M15,192,BUY,FULLTGT,DAY,0,3364.24,3358.92,3358.92,5.32,1.00,5.32,3369.56,3374.89,3380.21,3385.54,3390.86,0.24,0.24,0.24,3364.24,0.00,0.00,0.00,3353.24,3353.03,3349.00,3352.79,3352.81,1.512,2.66,66.01,78.90,74.86,4.09,3.11,0.98,3352.20,3364.19,1176,1008,100.0,0.0,5,1,CROSS=EMA9>EMA21;TREND=1;STRUCT=1;VOL=1;COOL=1;EMA50=1;VWAP=1;BIAS=1,0.00,0.00,26246.96,26245.76,KZR=Asia H @ 3374.06 89 bars ago (high taken); DAY 12AM-4PM IST session: stop x1.00 of usual; no partials; full size to TP5; SL steps BE->TP1->TP2->TP3
500,2025.07.15 09:24:39,2025.07.15 11:54:39,EXIT_SL,XAUUSD,M15,192,BUY,FULLTGT,DAY,0,3364.24,3358.92,3358.92,5.32,1.00,5.32,3369.56,3374.89,3380.21,3385.54,3390.86,0.24,0.24,0.00,3358.91,0.00,-1.00,-129.60,3353.95,3353.40,3349.27,3353.59,3353.21,1.446,2.86,61.74,71.30,50.91,3.99,3.56,0.43,3353.13,3362.83,1362,1031,100.0,0.0,9,1,CROSS=EMA9>EMA21;TREND=1;STRUCT=1;VOL=1;COOL=1;EMA50=1;VWAP=1;BIAS=1,0.19,-1.00,26118.20,26118.20,stopped at the initial SL (x1.00 of usual)
501,2025.07.15 17:30:00,2025.07.15 20:00:00,ENTRY,XAUUSD,M15,194,SELL,FULLTGT,EVENING,0,3347.09,3359.93,3359.93,12.84,1.00,12.84,3334.25,3321.41,3308.57,3295.72,3282.88,0.10,0.10,0.10,3347.09,0.00,0.00,0.00,3354.56,3354.64,3351.31,3354.87,3354.79,0.518,6.42,49.96,39.77,49.75,-4.00,-2.99,-1.01,3353.74,3347.09,2481,2019,0.0,100.0,5,1,CROSS=EMA9<EMA21;TREND=1;STRUCT=1;VOL=1;COOL=1;EMA50=1;VWAP=1;BIAS=1,0.00,0.00,26117.85,26117.35,KZR=Asia H @ 3374.06 124 bars ago (high taken); EVENING 4PM-12AM IST session: stop x1.00 of usual; no partials; full size to TP5; SL steps BE->TP1->TP2->TP3
502,2025.07.15 18:29:30,2025.07.15 20:59:30,SL_MOVE,XAUUSD,M15,194,SELL,FULLTGT,EVENING,0,3347.09,3359.93,3347.09,12.84,1.00,12.84,3334.25,3321.41,3308.57,3295.72,3282.88,0.10,0.00,0.10,3347.09,1.00,0.00,0.00,3353.80,3354.24,3351.21,3354.13,3354.42,0.444,6.83,39.15,39.16,36.18,-3.45,-3.68,0.23,3353.34,3345.54,2173,2170,14.3,85.7,10,1,CROSS=EMA9<EMA21;TREND=1;STRUCT=1;VOL=1;COOL=1;EMA50=1;VWAP=1;BIAS=1,1.00,-0.40,26117.85,26246.35,stop to breakeven
503,2025.07.15 18:29:30,2025.07.15 20:59:30,TP1_REACHED,XAUUSD,M15,194,SELL,FULLTGT,EVENING,0,3347.09,3359.93,3347.09,12.84,1.00,12.84,3334.25,3321.41,3308.57,3295.72,3282.88,0.10,0.00,0.10,3334.25,1.00,1.00,0.00,3353.80,3354.24,3351.21,3354.13,3354.42,0.444,6.83,39.15,39.16,36.18,-3.45,-3.68,0.23,3353.34,3345.54,2173,2170,14.3,85.7,10,1,CROSS=EMA9<EMA21;TREND=1;STRUCT=1;VOL=1;COOL=1;EMA50=1;VWAP=1;BIAS=1,1.00,-0.40,26117.85,26246.35,full target: no partial booked
504,2025.07.15 19:17:24,2025.07.15 21:47:24,SL_MOVE,XAUUSD,M15,194,SELL,FULLTGT,EVENING,0,3347.09,3359.93,3334.25,12.84,1.00,12.84,3334.25,3321.41,3308.57,3295.72,3282.88,0.10,0.00,0.10,3334.25,2.00,0.00,0.00,3350.15,3352.32,3350.35,3351.27,3352.92,0.269,7.32,48.00,21.31,25.48,-7.07,-4.58,-2.49,3350.90,3322.69,2572,2515,0.0,100.0,5,1,CROSS=EMA9<EMA21;TREND=1;STRUCT=1;VOL=1;COOL=1;EMA50=1;VWAP=1;BIAS=1,2.00,-0.40,26117.85,26374.75,stop trailed to TP1
505,2025.07.15 19:17:24,2025.07.15 21:47:24,TP2_REACHED,XAUUSD,M15,194,SELL,FULLTGT,EVENING,0,3347.09,3359.93,3334.25,12.84,1.00,12.84,3334.25,3321.41,3308.57,3295.72,3282.88,0.10,0.00,0.10,3321.41,2.00,2.00,0.00,3350.15,3352.32,3350.35,3351.27,3352.92,0.269,7.32,48.00,21.31,25.48,-7.07,-4.58,-2.49,3350.90,3322.69,2572,2515,0.0,100.0,5,1,CROSS=EMA9<EMA21;TREND=1;STRUCT=1;VOL=1;COOL=1;EMA50=1;VWAP=1;BIAS=1,2.00,-0.40,26117.85,26374.75,full target: no partial booked
506,2025.07.16 01:00:00,2025.07.16 03:30:00,DAY_SUMMARY,XAUUSD,M15,194,SELL,FULLTGT,DAY,0,3347.09,3359.93,3334.25,12.84,1.00,12.84,3334.25,3321.41,3308.57,3295.72,3282.88,0.10,0.00,0.00,0.00,0.00,-1.00,-120.23,3338.46,3344.70,3346.52,3339.02,3345.10,-0.696,2.62,21.75,34.45,32.25,-3.89,-4.63,0.74,3346.95,3324.65,486,1208,14.3,57.1,9,1,CROSS=EMA9<EMA21;TREND=1;STRUCT=1;VOL=1;COOL=1;EMA50=1;VWAP=1;BIAS=1,2.09,-0.40,26117.85,26344.50,2025.07.15 trades=2 W=1 L=1 gross_profit=9.37 gross_loss=129.60 net=-120.23 PF=0.07
507,2025.07.16 04:27:15,2025.07.16 06:57:15,EXIT_TRAIL_SL,XAUUSD,M15,194,SELL,FULLTGT,DAY,0,3347.09,3359.93,3334.25,12.84,1.00,12.84,3334.25,3321.41,3308.57,3295.72,3282.88,0.10,0.10,0.00,3334.28,0.00,1.00,131.85,3334.84,3341.19,3344.42,3334.96,3341.38,-1.420,2.27,20.43,52.78,62.98,-0.62,-1.67,1.05,3329.79,3331.86,1532,672,71.4,14.3,5,1,CROSS=EMA9<EMA21;TREND=1;STRUCT=1;VOL=1;COOL=1;EMA50=1;VWAP=1;BIAS=1,2.09,-0.40,26250.05,26250.05,stopped at a trailed level
508,2025.07.16 19:45:00,2025.07.16 22:15:00,ENTRY,XAUUSD,M15,196,BUY,FULLTGT,EVENING,0,3351.26,3326.09,3326.09,25.17,1.00,25.17,3376.43,3401.61,3426.78,3451.95,3477.12,0.05,0.05,0.05,3351.26,0.00,0.00,0.00,3339.41,3339.39,3341.49,3338.93,3339.15,-0.167,12.59,18.83,58.25,52.50,4.47,1.70,2.76,3338.72,3351.23,2426,3064,71.4,0.0,5,1,CROSS=EMA9>EMA21;TREND=1;STRUCT=1;VOL=1;COOL=1;EMA50=1;VWAP=1;BIAS=1,0.00,0.00,26249.87,26249.62,KZR=NY H @ 3373.09 4 bars ago (high taken); EVENING 4PM-12AM IST session: stop x1.00 of usual; no partials; full size to TP5; SL steps BE->TP1->TP2->TP3
509,2025.07.17 01:00:00,2025.07.17 03:30:00,DAY_SUMMARY,XAUUSD,M15,196,BUY,FULLTGT,DAY,0,3351.26,3326.09,3326.09,25.17,1.00,25.17,3376.43,3401.61,3426.78,3451.95,3477.12,0.05,0.00,0.00,0.00,0.00,1.00,131.85,3344.62,3342.50,3342.86,3344.51,3342.40,-0.135,2.69,29.74,50.09,43.94,1.16,2.35,-1.19,3340.77,3347.42,451,1620,57.1,28.6,9,1,CROSS=EMA9>EMA21;TREND=1;STRUCT=1;VOL=1;COOL=1;EMA50=1;VWAP=1;BIAS=1,0.25,-0.20,26249.87,26222.49,2025.07.16 trades=1 W=1 L=0 gross_profit=131.85 gross_loss=0.00 net=131.85 PF=0.00
510,2025.07.17 09:30:00,2025.07.17 12:00:00,FLIP,XAUUSD,M15,196,BUY,FULLTGT,DAY,0,3351.26,3326.09,3326.09,25.17,1.00,25.17,3376.43,3401.61,3426.78,3451.95,3477.12,0.05,0.00,0.00,3330.21,0.00,-0.84,0.00,3341.82,3342.02,3342.58,3342.29,3342.26,-0.160,3.51,34.01,31.04,24.76,-2.42,-1.48,-0.93,3341.07,3330.29,2016,1116,0.0,100.0,7,1,CROSS=EMA9<EMA21;TREND=1;STRUCT=1;VOL=1;COOL=1;EMA50=1;VWAP=1;BIAS=1,0.25,-0.86,26249.87,26135.14,opposite signal before SL/target | BUY -> SELL | closing trade 196
511,2025.07.17 09:30:00,2025.07.17 12:00:00,EXIT_FLIP,XAUUSD,M15,196,BUY,FULLTGT,DAY,0,3351.26,3326.09,3326.09,25.17,1.00,25.17,3376.43,3401.61,3426.78,3451.95,3477.12,0.05,0.05,0.00,3330.21,0.00,-0.84,0.00,3341.82,3342.02,3342.58,3342.29,3342.26,-0.160,3.51,34.01,31.04,24.76,-2.42,-1.48,-0.93,3341.07,3330.29,2016,1116,0.0,100.0,7,1,CROSS=EMA9<EMA21;TREND=1;STRUCT=1;VOL=1;COOL=1;EMA50=1;VWAP=1;BIAS=1,0.25,-0.86,26134.96,26134.96,FLIP exit
512,2025.07.17 09:30:00,2025.07.17 12:00:00,EXIT_OTHER,XAUUSD,M15,196,BUY,FULLTGT,DAY,0,3351.26,3326.09,3326.09,25.17,1.00,25.17,3376.43,3401.61,3426.78,3451.95,3477.12,0.05,0.05,0.00,3330.21,0.00,-0.84,-115.09,3341.82,3342.02,3342.58,3342.29,3342.26,-0.160,3.51,34.01,31.04,24.76,-2.42,-1.48,-0.93,3341.07,3330.29,2016,1116,0.0,100.0,7,1,CROSS=EMA9<EMA21;TREND=1;STRUCT=1;VOL=1;COOL=1;EMA50=1;VWAP=1;BIAS=1,0.25,-0.86,26134.96,26134.96,FLIP exit
513,2025.07.17 09:30:00,2025.07.17 12:00:00,ENTRY,XAUUSD,M15,198,SELL,FULLTGT,DAY,196,3330.21,3337.23,3337.23,7.02,1.00,7.02,3323.19,3316.17,3309.15,3302.13,3295.11,0.18,0.18,0.18,3330.21,0.00,0.00,0.00,3341.82,3342.02,3342.58,3342.29,3342.26,-0.160,3.51,34.01,31.04,24.76,-2.42,-1.48,-0.93,3341.07,3330.29,2016,1116,0.0,100.0,7,1,CROSS=EMA9<EMA21;TREND=1;STRUCT=1;VOL=1;COOL=1;EMA50=1;VWAP=1;BIAS=1,0.00,0.00,26134.33,26133.07,KZR=NY H @ 3373.09 59 bars ago (high taken); DAY 12AM-4PM IST session: stop x1.00 of usual; no partials; full size to TP5; SL steps BE->TP1->TP2->TP3; flipped from trade 196
514,2025.07.17 14:01:13,2025.07.17 16:31:13,SL_MOVE,XAUUSD,M15,198,SELL,FULLTGT,EVENING,196,3330.21,3337.23,3330.21,7.02,1.00,7.02,3323.19,3316.17,3309.15,3302.13,3295.11,0.18,0.00,0.18,3330.21,1.00,0.00,0.00,3335.27,3338.14,3340.39,3335.65,3338.39,-0.666,3.37,21.97,39.71,39.21,-2.77,-3.15,0.38,3336.27,3325.86,1388,1428,14.3,57.1,7,1,CROSS=EMA9<EMA21;TREND=1;STRUCT=1;VOL=1;COOL=1;EMA50=1;VWAP=1;BIAS=1,1.00,-0.91,26134.33,26260.69,stop to breakeven
515,2025.07.17 14:01:13,2025.07.17 16:31:13,TP1_REACHED,XAUUSD,M15,198,SELL,FULLTGT,EVENING,196,3330.21,3337.23,3330.21,7.02,1.00,7.02,3323.19,3316.17,3309.15,3302.13,3295.11,0.18,0.00,0.18,3323.19,1.00,1.00,0.00,3335.27,3338.14,3340.39,3335.65,3338.39,-0.666,3.37,21.97,39.71,39.21,-2.77,-3.15,0.38,3336.27,3325.86,1388,1428,14.3,57.1,7,1,CROSS=EMA9<EMA21;TREND=1;STRUCT=1;VOL=1;COOL=1;EMA50=1;VWAP=1;BIAS=1,1.00,-0.91,26134.33,26260.69,full target: no partial booked
516,2025.07.17 15:30:38,2025.07.17 18:00:38,SL_MOVE,XAUUSD,M15,198,SELL,FULLTGT,EVENING,196,3330.21,3337.23,3323.19,7.02,1.00,7.02,3323.19,3316.17,3309.15,3302.13,3295.11,0.18,0.00,0.18,3323.19,2.00,0.00,0.00,3333.30,3336.77,3339.55,3333.55,3336.97,-0.738,3.77,24.90,44.44,52.09,-2.55,-2.73,0.18,3334.89,3326.97,1961,1317,42.9,42.9,5,1,CROSS=EMA9<EMA21;TREND=1;STRUCT=1;VOL=1;COOL=1;EMA50=1;VWAP=1;BIAS=1,2.00,-0.91,26134.33,26388.67,stop trailed to TP1
517,2025.07.17 15:30:38,2025.07.17 18:00:38,TP2_REACHED,XAUUSD,M15,198,SELL,FULLTGT,EVENING,196,3330.21,3337.23,3323.19,7.02,1.00,7.02,3323.19,3316.17,3309.15,3302.13,3295.11,0.18,0.00,0.18,3316.17,2.00,2.00,0.00,3333.30,3336.77,3339.55,3333.55,3336.97,-0.738,3.77,24.90,44.44,52.09,-2.55,-2.73,0.18,3334.89,3326.97,1961,1317,42.9,42.9,5,1,CROSS=EMA9<EMA21;TREND=1;STRUCT=1;VOL=1;COOL=1;EMA50=1;VWAP=1;BIAS=1,2.00,-0.91,26134.33,26388.67,full target: no partial booked
518,2025.07.17 17:07:36,2025.07.17 19:37:36,EXIT_TRAIL_SL,XAUUSD,M15,198,SELL,FULLTGT,EVENING,196,3330.21,3337.23,3323.19,7.02,1.00,7.02,3323.19,3316.17,3309.15,3302.13,3295.11,0.18,0.18,0.00,3323.20,0.00,1.00,124.92,3329.61,3334.42,3338.17,3330.04,3334.72,-0.682,5.51,21.26,41.45,51.54,-4.31,-3.70,-0.61,3330.74,3319.12,2722,1888,28.6,57.1,5,1,CROSS=EMA9<EMA21;TREND=1;STRUCT=1;VOL=1;COOL=1;EMA50=1;VWAP=1;BIAS=1,2.91,-0.91,26259.88,26259.88,stopped at a trailed level
519,2025.07.18 01:00:00,2025.07.18 03:30:00,DAY_SUMMARY,XAUUSD,M15,198,FLAT,NA,DAY,196,0.00,0.00,0.00,0.00,1.00,0.00,0.00,0.00,0.00,0.00,0.00,0.00,0.00,0.00,0.00,0.00,0.16,9.83,3335.12,3335.73,3337.96,3334.97,3335.66,-1.198,1.86,32.34,58.11,50.54,1.94,2.43,-0.48,3332.22,3338.86,543,1077,57.1,28.6,9,1,CROSS=EMA9<EMA21;TREND=1;STRUCT=1;VOL=1;COOL=1;EMA50=1;VWAP=1;BIAS=1,0.00,0.00,26259.88,26259.88,2025.07.17 trades=2 W=1 L=1 gross_profit=124.92 gross_loss=115.09 net=9.83 PF=1.09
520,2025.07.18 02:15:00,2025.07.18 04:45:00,ENTRY,XAUUSD,M15,200,BUY,FULLTGT,DAY,0,3342.40,3338.48,3338.48,3.92,1.00,3.92,3346.32,3350.24,3354.16,3358.09,3362.01,0.33,0.33,0.33,3342.40,0.00,0.00,0.00,3336.29,3336.28,3338.14,3336.05,3336.16,-0.945,1.96,23.65,64.31,60.12,2.16,2.08,0.09,3341.23,3342.35,525,889,71.4,0.0,5,1,CROSS=EMA9>EMA21;TREND=1;STRUCT=1;VOL=1;COOL=1;EMA50=1;VWAP=1;BIAS=1,0.00,0.00,26258.72,26257.07,KZR=NY L @ 3312.03 41 bars ago (low taken); DAY 12AM-4PM IST session: stop x1.00 of usual; no partials; full size to TP5; SL steps BE->TP1->TP2->TP3
521,2025.07.18 03:31:11,2025.07.18 06:01:11,EXIT_SL,XAUUSD,M15,200,BUY,FULLTGT,DAY,0,3342.40,3338.48,3338.48,3.92,1.00,3.92,3346.32,3350.24,3354.16,3358.09,3362.01,0.33,0.33,0.00,3338.45,0.00,-1.01,-132.67,3337.06,3336.69,3338.25,3336.98,3336.64,-0.756,2.07,20.05,50.93,39.57,1.43,1.90,-0.46,3340.98,3339.11,731,726,28.6,57.1,5,1,CROSS=EMA9>EMA21;TREND=1;STRUCT=1;VOL=1;COOL=1;EMA50=1;VWAP=1;BIAS=1,0.12,-0.99,26127.21,26127.21,stopped at the initial SL (x1.00 of usual)
522,2025.07.21 01:00:00,2025.07.21 03:30:00,DAY_SUMMARY,XAUUSD,M15,200,FLAT,NA,DAY,0,0.00,0.00,0.00,0.00,1.00,0.00,0.00,0.00,0.00,0.00,0.00,0.00,0.00,0.00,0.00,0.00,-1.01,-132.67,3350.69,3347.46,3344.30,3350.71,3347.41,1.722,1.84,16.24,44.81,48.38,-0.82,-0.71,-0.10,3348.66,3350.12,491,1034,28.6,42.9,9,1,CROSS=EMA9>EMA21;TREND=1;STRUCT=1;VOL=1;COOL=1;EMA50=1;VWAP=1;BIAS=1,0.00,0.00,26127.21,26127.21,2025.07.18 trades=1 W=0 L=1 gross_profit=0.00 gross_loss=132.67 net=-132.67 PF=0.00
523,2025.07.21 01:00:00,2025.07.21 03:30:00,WEEK_SUMMARY,XAUUSD,M15,200,FLAT,NA,DAY,0,0.00,0.00,0.00,0.00,1.00,0.00,0.00,0.00,0.00,0.00,0.00,0.00,0.00,0.00,0.00,0.00,-0.85,-111.22,3350.69,3347.46,3344.30,3350.71,3347.41,1.722,1.84,16.24,44.81,48.38,-0.82,-0.71,-0.10,3348.66,3350.12,491,1034,28.6,42.9,9,1,CROSS=EMA9>EMA21;TREND=1;STRUCT=1;VOL=1;COOL=1;EMA50=1;VWAP=1;BIAS=1,0.00,0.00,26127.21,26127.21,days=4 trades=6 W=3 L=3 gross_profit=266.14 gross_loss=377.36 net=-111.22 PF=0.71 pips=-1051.0
524,2025.07.23 19:45:00,2025.07.23 22:15:00,ENTRY,XAUUSD,M15,202,SELL,FULLTGT,EVENING,0,3390.07,3404.30,3404.30,14.23,1.00,14.23,3375.84,3361.61,3347.38,3333.15,3318.92,0.09,0.09,0.09,3390.07,0.00,0.00,0.00,3416.11,3416.15,3406.25,3417.17,3416.68,1.392,7.11,39.84,28.61,34.91,-8.30,-4.82,-3.48,3419.04,3390.08,3172,2604,14.3,85.7,5,1,CROSS=EMA9<EMA21;TREND=1;STRUCT=1;VOL=1;COOL=1;EMA50=1;VWAP=1;BIAS=1,0.00,0.00,26126.89,26126.44,KZR=NY H @ 3420.22 105 bars ago (high taken); EVENING 4PM-12AM IST session: stop x1.00 of usual; no partials; full size to TP5; SL steps BE->TP1->TP2->TP3
525,2025.07.24 06:08:38,2025.07.24 08:38:38,SL_MOVE,XAUUSD,M15,202,SELL,FULLTGT,DAY,0,3390.07,3404.30,3390.07,14.23,1.00,14.23,3375.84,3361.61,3347.38,3333.15,3318.92,0.09,0.00,0.09,3390.07,1.00,0.00,0.00,3395.06,3402.05,3401.01,3395.52,3402.41,0.238,4.33,25.44,38.21,31.82,-2.44,-2.09,-0.34,3388.12,3383.84,1544,1128,0.0,100.0,12,1,CROSS=EMA9<EMA21;TREND=1;STRUCT=1;VOL=1;COOL=1;EMA50=1;VWAP=1;BIAS=1,1.00,-0.42,26126.89,26267.16,stop to breakeven
526,2025.07.24 06:08:38,2025.07.24 08:38:38,TP1_REACHED,XAUUSD,M15,202,SELL,FULLTGT,DAY,0,3390.07,3404.30,3390.07,14.23,1.00,14.23,3375.84,3361.61,3347.38,3333.15,3318.92,0.09,0.00,0.09,3375.84,1.00,1.00,0.00,3395.06,3402.05,3401.01,3395.52,3402.41,0.238,4.33,25.44,38.21,31.82,-2.44,-2.09,-0.34,3388.12,3383.84,1544,1128,0.0,100.0,12,1,CROSS=EMA9<EMA21;TREND=1;STRUCT=1;VOL=1;COOL=1;EMA50=1;VWAP=1;BIAS=1,1.00,-0.42,26126.89,26267.16,full target: no partial booked
527,2025.07.24 14:30:37,2025.07.24 17:00:37,SL_MOVE,XAUUSD,M15,202,SELL,FULLTGT,EVENING,0,3390.07,3404.30,3375.84,14.23,1.00,14.23,3375.84,3361.61,3347.38,3333.15,3318.92,0.09,0.00,0.09,3375.84,2.00,0.00,0.00,3377.16,3387.35,3392.92,3377.72,3387.84,-1.669,3.34,32.48,34.52,42.36,-4.40,-4.80,0.40,3378.05,3363.35,930,1511,14.3,71.4,9,1,CROSS=EMA9<EMA21;TREND=1;STRUCT=1;VOL=1;COOL=1;EMA50=1;VWAP=1;BIAS=1,2.00,-0.42,26126.89,26395.32,stop trailed to TP1
528,2025.07.24 14:30:37,2025.07.24 17:00:37,TP2_REACHED,XAUUSD,M15,202,SELL,FULLTGT,EVENING,0,3390.07,3404.30,3375.84,14.23,1.00,14.23,3375.84,3361.61,3347.38,3333.15,3318.92,0.09,0.00,0.09,3361.61,2.00,2.00,0.00,3377.16,3387.35,3392.92,3377.72,3387.84,-1.669,3.34,32.48,34.52,42.36,-4.40,-4.80,0.40,3378.05,3363.35,930,1511,14.3,71.4,9,1,CROSS=EMA9<EMA21;TREND=1;STRUCT=1;VOL=1;COOL=1;EMA50=1;VWAP=1;BIAS=1,2.00,-0.42,26126.89,26395.32,full target: no partial booked
529,2025.07.24 17:34:14,2025.07.24 20:04:14,EXIT_TRAIL_SL,XAUUSD,M15,202,SELL,FULLTGT,EVENING,0,3390.07,3404.30,3375.84,14.23,1.00,14.23,3375.84,3361.61,3347.38,3333.15,3318.92,0.09,0.09,0.00,3375.85,0.00,1.00,139.36,3371.96,3382.22,3389.56,3371.92,3382.40,-1.268,5.79,32.34,60.53,65.73,-1.21,-3.53,2.32,3373.58,3373.15,2981,2023,71.4,28.6,5,1,CROSS=EMA9<EMA21;TREND=1;STRUCT=1;VOL=1;COOL=1;EMA50=1;VWAP=1;BIAS=1,2.71,-0.42,26266.57,26266.57,stopped at a trailed level
530,2025.07.25 01:00:00,2025.07.25 03:30:00,DAY_SUMMARY,XAUUSD,M15,202,FLAT,NA,DAY,0,0.00,0.00,0.00,0.00,1.00,0.00,0.00,0.00,0.00,0.00,0.00,0.00,0.00,0.00,0.00,0.00,1.00,139.36,3371.16,3377.62,3385.30,3371.27,3377.80,-3.994,1.92,34.38,45.58,40.57,0.02,0.52,-0.50,3373.05,3368.41,515,1144,0.0,85.7,8,1,CROSS=EMA9<EMA21;TREND=1;STRUCT=1;VOL=1;COOL=1;EMA50=1;VWAP=1;BIAS=1,0.00,0.00,26266.57,26266.57,2025.07.24 trades=1 W=1 L=0 gross_profit=139.36 gross_loss=0.00 net=139.36 PF=0.00
531,2025.07.28 01:00:00,2025.07.28 03:30:00,WEEK_SUMMARY,XAUUSD,M15,202,FLAT,NA,DAY,0,0.00,0.00,0.00,0.00,1.00,0.00,0.00,0.00,0.00,0.00,0.00,0.00,0.00,0.00,0.00,0.00,1.00,139.36,3340.68,3349.12,3361.98,3340.84,3349.37,-7.585,1.70,28.82,47.71,44.37,-0.00,-0.19,0.19,3346.04,3336.80,469,1143,14.3,71.4,7,1,CROSS=EMA9<EMA21;TREND=1;STRUCT=1;VOL=1;COOL=1;EMA50=1;VWAP=1;BIAS=1,0.00,0.00,26266.57,26266.57,days=1 trades=1 W=1 L=0 gross_profit=139.36 gross_loss=0.00 net=139.36 PF=0.00 pips=1422.0
532,2025.07.29 21:30:00,2025.07.30 00:00:00,ENTRY,XAUUSD,M15,204,BUY,FULLTGT,DAY,0,3330.03,3322.98,3322.98,7.05,1.00,7.05,3337.08,3344.13,3351.18,3358.22,3365.27,0.18,0.18,0.18,3330.03,0.00,0.00,0.00,3322.86,3322.72,3329.33,3322.57,3322.58,-1.875,3.52,35.01,63.62,65.28,1.73,1.02,0.71,3320.20,3329.98,1149,1977,85.7,0.0,5,1,CROSS=EMA9>EMA21;TREND=1;STRUCT=1;VOL=1;COOL=1;EMA50=1;VWAP=1;BIAS=1,0.00,0.00,26265.94,26265.04,KZR=Asia L @ 3327.69 119 bars ago (low taken); DAY 12AM-4PM IST session: stop x1.00 of usual; no partials; full size to TP5; SL steps BE->TP1->TP2->TP3
533,2025.07.29 22:43:38,2025.07.30 01:13:38,EXIT_SL,XAUUSD,M15,204,BUY,FULLTGT,DAY,0,3330.03,3322.98,3322.98,7.05,1.00,7.05,3337.08,3344.13,3351.18,3358.22,3365.27,0.18,0.18,0.00,3322.97,0.00,-1.00,-128.34,3323.54,3323.09,3329.26,3323.37,3323.00,-2.262,2.73,31.03,55.74,40.53,1.49,1.47,0.02,3320.46,3327.53,1234,1598,71.4,14.3,11,1,CROSS=EMA9>EMA21;TREND=1;STRUCT=1;VOL=1;COOL=1;EMA50=1;VWAP=1;BIAS=1,0.12,-1.00,26138.23,26138.23,stopped at the initial SL (x1.00 of usual)
534,2025.07.30 01:00:00,2025.07.30 03:30:00,DAY_SUMMARY,XAUUSD,M15,204,FLAT,NA,DAY,0,0.00,0.00,0.00,0.00,1.00,0.00,0.00,0.00,0.00,0.00,0.00,0.00,0.00,0.00,0.00,0.00,-1.00,-128.34,3323.96,3323.36,3329.04,3323.86,3323.30,-2.420,2.35,19.48,52.70,52.34,0.71,1.08,-0.37,3320.65,3326.34,597,1180,57.1,14.3,9,1,CROSS=EMA9>EMA21;TREND=1;STRUCT=1;VOL=1;COOL=1;EMA50=1;VWAP=1;BIAS=1,0.00,0.00,26138.23,26138.23,2025.07.29 trades=1 W=0 L=1 gross_profit=0.00 gross_loss=128.34 net=-128.34 PF=0.00
535,2025.07.30 16:45:00,2025.07.30 19:15:00,ENTRY,XAUUSD,M15,206,SELL,FULLTGT,EVENING,0,3302.96,3314.02,3314.02,11.06,1.00,11.06,3291.90,3280.84,3269.78,3258.72,3247.66,0.11,0.11,0.11,3302.96,0.00,0.00,0.00,3324.96,3325.31,3327.86,3325.86,3325.77,-0.461,5.53,40.09,20.67,22.23,-5.05,-1.48,-3.57,3325.05,3302.95,3416,1687,0.0,100.0,5,1,CROSS=EMA9<EMA21;TREND=1;STRUCT=1;VOL=1;COOL=1;EMA50=1;VWAP=1;BIAS=1,0.00,0.00,26137.84,26137.29,KZR=NY L @ 3301.77 0 bars ago (low taken); EVENING 4PM-12AM IST session: stop x1.00 of usual; no partials; full size to TP5; SL steps BE->TP1->TP2->TP3
536,2025.07.30 18:22:30,2025.07.30 20:52:30,SL_MOVE,XAUUSD,M15,206,SELL,FULLTGT,EVENING,0,3302.96,3314.02,3302.96,11.06,1.00,11.06,3291.90,3280.84,3269.78,3258.72,3247.66,0.11,0.00,0.11,3302.96,1.00,0.00,0.00,3320.28,3322.80,3326.42,3321.09,3323.25,-0.551,6.57,50.26,27.15,29.60,-7.20,-5.70,-1.49,3321.69,3300.59,1953,2043,0.0,85.7,10,1,CROSS=EMA9<EMA21;TREND=1;STRUCT=1;VOL=1;COOL=1;EMA50=1;VWAP=1;BIAS=1,1.00,-0.50,26137.84,26259.61,stop to breakeven
537,2025.07.30 18:22:30,2025.07.30 20:52:30,TP1_REACHED,XAUUSD,M15,206,SELL,FULLTGT,EVENING,0,3302.96,3314.02,3302.96,11.06,1.00,11.06,3291.90,3280.84,3269.78,3258.72,3247.66,0.11,0.00,0.11,3291.90,1.00,1.00,0.00,3320.28,3322.80,3326.42,3321.09,3323.25,-0.551,6.57,50.26,27.15,29.60,-7.20,-5.70,-1.49,3321.69,3300.59,1953,2043,0.0,85.7,10,1,CROSS=EMA9<EMA21;TREND=1;STRUCT=1;VOL=1;COOL=1;EMA50=1;VWAP=1;BIAS=1,1.00,-0.50,26137.84,26259.61,full target: no partial booked
538,2025.07.30 21:00:28,2025.07.30 23:30:28,EXIT_BE,XAUUSD,M15,206,SELL,FULLTGT,EVENING,0,3302.96,3314.02,3302.96,11.06,1.00,11.06,3291.90,3280.84,3269.78,3258.72,3247.66,0.11,0.11,0.00,3302.97,0.00,-0.00,-0.89,3311.89,3317.61,3323.29,3312.28,3317.92,-1.407,4.04,39.39,44.39,65.18,-5.40,-7.47,2.07,3317.20,3302.21,1508,2064,28.6,57.1,14,1,CROSS=EMA9<EMA21;TREND=1;STRUCT=1;VOL=1;COOL=1;EMA50=1;VWAP=1;BIAS=1,1.29,-0.50,26137.34,26137.34,stopped at breakeven
539,2025.07.31 01:00:00,2025.07.31 03:30:00,DAY_SUMMARY,XAUUSD,M15,206,FLAT,NA,DAY,0,0.00,0.00,0.00,0.00,1.00,0.00,0.00,0.00,0.00,0.00,0.00,0.00,0.00,0.00,0.00,0.00,-0.00,-0.89,3298.98,3309.27,3318.26,3299.96,3309.97,-1.410,6.38,35.68,32.71,45.19,-9.49,-8.88,-0.61,3309.18,3274.90,839,2140,0.0,85.7,8,1,CROSS=EMA9<EMA21;TREND=1;STRUCT=1;VOL=1;COOL=1;EMA50=1;VWAP=1;BIAS=1,0.00,0.00,26137.34,26137.34,2025.07.30 trades=1 W=0 L=1 gross_profit=0.00 gross_loss=0.89 net=-0.89 PF=0.00
540,2025.08.01 01:00:00,2025.08.01 03:30:00,MONTH_SUMMARY,XAUUSD,M15,206,FLAT,NA,DAY,0,0.00,0.00,0.00,0.00,1.00,0.00,0.00,0.00,0.00,0.00,0.00,0.00,0.00,0.00,0.00,0.00,5.14,604.26,3296.76,3299.17,3305.54,3297.04,3299.36,-2.569,2.48,42.31,38.34,37.70,-2.07,-1.81,-0.26,3297.77,3289.94,537,1346,0.0,85.7,9,1,CROSS=EMA9<EMA21;TREND=1;STRUCT=1;VOL=1;COOL=1;EMA50=1;VWAP=1;BIAS=1,0.00,0.00,26137.34,26137.34,days=11 trades=14 W=7 L=7 gross_profit=1291.94 gross_loss=687.68 net=604.26 PF=1.88 pips=6058.0
541,2025.08.01 15:45:00,2025.08.01 18:15:00,ENTRY,XAUUSD,M15,208,BUY,FULLTGT,EVENING,0,3339.24,3327.21,3327.21,12.03,1.00,12.03,3351.27,3363.30,3375.33,3387.35,3399.38,0.10,0.10,0.10,3339.24,0.00,0.00,0.00,3296.44,3296.23,3300.51,3294.69,3295.37,-0.711,6.01,36.90,90.24,89.38,5.49,2.18,3.31,3294.86,3339.26,4778,1565,100.0,0.0,7,1,CROSS=EMA9>EMA21;TREND=1;STRUCT=1;VOL=1;COOL=1;EMA50=1;VWAP=1;BIAS=1,0.00,0.00,26136.99,26136.29,KZR=NY L @ 3295.19 88 bars ago (low taken); EVENING 4PM-12AM IST session: stop x1.00 of usual; no partials; full size to TP5; SL steps BE->TP1->TP2->TP3
542,2025.08.01 16:16:19,2025.08.01 18:46:19,SL_MOVE,XAUUSD,M15,208,BUY,FULLTGT,EVENING,0,3339.24,3327.21,3339.24,12.03,1.00,12.03,3351.27,3363.30,3375.33,3387.35,3399.38,0.10,0.00,0.10,3339.24,1.00,0.00,0.00,3300.27,3298.19,3301.41,3298.20,3297.13,-0.452,7.13,44.98,92.18,87.38,10.66,4.04,6.62,3299.55,3350.98,4176,1829,100.0,0.0,5,1,CROSS=EMA9>EMA21;TREND=1;STRUCT=1;VOL=1;COOL=1;EMA50=1;VWAP=1;BIAS=1,1.00,-0.30,26136.99,26257.29,stop to breakeven
543,2025.08.01 16:16:19,2025.08.01 18:46:19,TP1_REACHED,XAUUSD,M15,208,BUY,FULLTGT,EVENING,0,3339.24,3327.21,3339.24,12.03,1.00,12.03,3351.27,3363.30,3375.33,3387.35,3399.38,0.10,0.00,0.10,3351.27,1.00,1.00,0.00,3300.27,3298.19,3301.41,3298.20,3297.13,-0.452,7.13,44.98,92.18,87.38,10.66,4.04,6.62,3299.55,3350.98,4176,1829,100.0,0.0,5,1,CROSS=EMA9>EMA21;TREND=1;STRUCT=1;VOL=1;COOL=1;EMA50=1;VWAP=1;BIAS=1,1.00,-0.30,26136.99,26257.29,full target: no partial booked
544,2025.08.01 16:57:40,2025.08.01 19:27:40,EXIT_BE,XAUUSD,M15,208,BUY,FULLTGT,EVENING,0,3339.24,3327.21,3339.24,12.03,1.00,12.03,3351.27,3363.30,3375.33,3387.35,3399.38,0.10,0.10,0.00,3339.20,0.00,-0.00,-1.10,3304.08,3300.22,3302.37,3302.29,3299.25,-0.273,7.90,48.91,85.87,62.58,13.82,6.60,7.21,3303.79,3347.95,4205,2110,85.7,14.3,5,1,CROSS=EMA9>EMA21;TREND=1;STRUCT=1;VOL=1;COOL=1;EMA50=1;VWAP=1;BIAS=1,1.29,-0.30,26136.24,26136.24,stopped at breakeven
545,2025.08.04 01:00:00,2025.08.04 03:30:00,DAY_SUMMARY,XAUUSD,M15,208,FLAT,NA,DAY,0,0.00,0.00,0.00,0.00,1.00,0.00,0.00,0.00,0.00,0.00,0.00,0.00,0.00,0.00,0.00,0.00,-0.00,-1.10,3336.74,3322.49,3314.47,3335.69,3321.68,2.481,3.23,51.74,73.17,69.87,7.40,6.92,0.48,3321.58,3362.38,782,1716,85.7,0.0,8,1,CROSS=EMA9>EMA21;TREND=1;STRUCT=1;VOL=1;COOL=1;EMA50=1;VWAP=1;BIAS=1,0.00,0.00,26136.24,26136.24,2025.08.01 trades=1 W=0 L=1 gross_profit=0.00 gross_loss=1.10 net=-1.10 PF=0.00
546,2025.08.04 01:00:00,2025.08.04 03:30:00,WEEK_SUMMARY,XAUUSD,M15,208,FLAT,NA,DAY,0,0.00,0.00,0.00,0.00,1.00,0.00,0.00,0.00,0.00,0.00,0.00,0.00,0.00,0.00,0.00,0.00,-0.00,-1.10,3336.74,3322.49,3314.47,3335.69,3321.68,2.481,3.23,51.74,73.17,69.87,7.40,6.92,0.48,3321.58,3362.38,782,1716,85.7,0.0,8,1,CROSS=EMA9>EMA21;TREND=1;STRUCT=1;VOL=1;COOL=1;EMA50=1;VWAP=1;BIAS=1,0.00,0.00,26136.24,26136.24,days=1 trades=1 W=0 L=1 gross_profit=0.00 gross_loss=1.10 net=-1.10 PF=0.00 pips=-4.0
547,2025.08.06 12:45:00,2025.08.06 15:15:00,ENTRY,XAUUSD,M15,210,SELL,FULLTGT,DAY,0,3362.47,3369.52,3369.52,7.05,1.00,7.05,3355.42,3348.37,3341.32,3334.28,3327.23,0.18,0.18,0.18,3362.47,0.00,0.00,0.00,3373.36,3373.46,3367.18,3373.81,3373.69,1.783,3.52,27.76,28.95,30.06,-3.16,-2.08,-1.08,3374.71,3362.47,1405,1271,0.0,100.0,7,1,CROSS=EMA9<EMA21;TREND=1;STRUCT=1;VOL=1;COOL=1;EMA50=1;VWAP=1;BIAS=1,0.00,0.00,26135.61,26134.35,KZR=NY H @ 3385.50 75 bars ago (high taken); DAY 12AM-4PM IST session: stop x1.00 of usual; no partials; full size to TP5; SL steps BE->TP1->TP2->TP3
548,2025.08.06 16:03:27,2025.08.06 18:33:27,EXIT_SL,XAUUSD,M15,210,SELL,FULLTGT,EVENING,0,3362.47,3369.52,3369.52,7.05,1.00,7.05,3355.42,3348.37,3341.32,3334.28,3327.23,0.18,0.18,0.00,3369.55,0.00,-1.00,-128.70,3369.55,3371.26,3366.77,3369.63,3371.34,1.173,3.83,22.21,51.38,58.70,-1.81,-2.64,0.83,3371.41,3367.53,2128,1547,57.1,28.6,5,1,CROSS=EMA9<EMA21;TREND=1;STRUCT=1;VOL=1;COOL=1;EMA50=1;VWAP=1;BIAS=1,0.60,-1.00,26007.54,26007.54,stopped at the initial SL (x1.00 of usual)
549,2025.08.06 21:00:00,2025.08.06 23:30:00,ENTRY,XAUUSD,M15,212,BUY,FULLTGT,EVENING,0,3374.59,3367.78,3367.78,6.81,1.00,6.81,3381.40,3388.20,3395.01,3401.82,3408.63,0.19,0.19,0.19,3374.59,0.00,0.00,0.00,3372.40,3372.36,3368.17,3372.31,3372.31,1.230,3.40,12.88,53.33,48.38,1.54,2.12,-0.57,3372.33,3374.56,1044,2087,42.9,28.6,5,1,CROSS=EMA9>EMA21;TREND=1;STRUCT=1;VOL=1;COOL=1;EMA50=1;VWAP=1;BIAS=1,0.00,0.00,26006.87,26005.92,KZR=London H @ 3378.64 12 bars ago (high taken); EVENING 4PM-12AM IST session: stop x1.00 of usual; no partials; full size to TP5; SL steps BE->TP1->TP2->TP3
550,2025.08.06 21:15:00,2025.08.06 23:45:00,FLIP,XAUUSD,M15,212,BUY,FULLTGT,EVENING,0,3374.59,3367.78,3367.78,6.81,1.00,6.81,3381.40,3388.20,3395.01,3401.82,3408.63,0.19,0.00,0.00,3370.11,0.00,-0.66,0.00,3372.31,3372.31,3368.19,3372.40,3372.36,1.170,3.52,15.39,44.51,34.65,1.06,1.95,-0.88,3372.32,3370.11,1506,2039,0.0,71.4,5,1,CROSS=EMA9<EMA21;TREND=1;STRUCT=1;VOL=1;COOL=1;EMA50=1;VWAP=1;BIAS=1,0.00,-0.66,26006.87,25921.75,opposite signal before SL/target | BUY -> SELL | closing trade 212
551,2025.08.06 21:15:00,2025.08.06 23:45:00,EXIT_FLIP,XAUUSD,M15,212,BUY,FULLTGT,EVENING,0,3374.59,3367.78,3367.78,6.81,1.00,6.81,3381.40,3388.20,3395.01,3401.82,3408.63,0.19,0.19,0.00,3370.11,0.00,-0.66,0.00,3372.31,3372.31,3368.19,3372.40,3372.36,1.170,3.52,15.39,44.51,34.65,1.06,1.95,-0.88,3372.32,3370.11,1506,2039,0.0,71.4,5,1,CROSS=EMA9<EMA21;TREND=1;STRUCT=1;VOL=1;COOL=1;EMA50=1;VWAP=1;BIAS=1,0.00,-0.66,25921.08,25921.08,FLIP exit
552,2025.08.06 21:15:00,2025.08.06 23:45:00,EXIT_OTHER,XAUUSD,M15,212,BUY,FULLTGT,EVENING,0,3374.59,3367.78,3367.78,6.81,1.00,6.81,3381.40,3388.20,3395.01,3401.82,3408.63,0.19,0.19,0.00,3370.11,0.00,-0.66,-86.46,3372.31,3372.31,3368.19,3372.40,3372.36,1.170,3.52,15.39,44.51,34.65,1.06,1.95,-0.88,3372.32,3370.11,1506,2039,0.0,71.4,5,1,CROSS=EMA9<EMA21;TREND=1;STRUCT=1;VOL=1;COOL=1;EMA50=1;VWAP=1;BIAS=1,0.00,-0.66,25921.08,25921.08,FLIP exit
553,2025.08.06 21:15:00,2025.08.06 23:45:00,ENTRY,XAUUSD,M15,214,SELL,FULLTGT,EVENING,212,3370.11,3377.16,3377.16,7.05,1.00,7.05,3363.06,3356.01,3348.96,3341.91,3334.86,0.18,0.18,0.18,3370.11,0.00,0.00,0.00,3372.31,3372.31,3368.19,3372.40,3372.36,1.170,3.52,15.39,44.51,34.65,1.06,1.95,-0.88,3372.32,3370.11,1506,2039,0.0,71.4,5,1,CROSS=EMA9<EMA21;TREND=1;STRUCT=1;VOL=1;COOL=1;EMA50=1;VWAP=1;BIAS=1,0.00,0.00,25920.45,25919.55,KZR=London H @ 3378.64 13 bars ago (high taken); EVENING 4PM-12AM IST session: stop x1.00 of usual; no partials; full size to TP5; SL steps BE->TP1->TP2->TP3; flipped from trade 212
554,2025.08.07 01:00:00,2025.08.07 03:30:00,DAY_SUMMARY,XAUUSD,M15,214,SELL,FULLTGT,DAY,212,3370.11,3377.16,3377.16,7.05,1.00,7.05,3363.06,3356.01,3348.96,3341.91,3334.86,0.18,0.00,0.00,0.00,0.00,-1.66,-215.16,3371.64,3371.96,3368.43,3371.74,3372.01,1.509,2.33,25.32,44.40,43.95,-0.80,-0.15,-0.64,3372.18,3369.28,710,1363,0.0,85.7,9,1,CROSS=EMA9<EMA21;TREND=1;STRUCT=1;VOL=1;COOL=1;EMA50=1;VWAP=1;BIAS=1,0.43,-0.63,25920.45,25951.16,2025.08.06 trades=2 W=0 L=2 gross_profit=0.00 gross_loss=215.16 net=-215.16 PF=0.00
555,2025.08.07 04:15:17,2025.08.07 06:45:17,EXIT_SL,XAUUSD,M15,214,SELL,FULLTGT,DAY,212,3370.11,3377.16,3377.16,7.05,1.00,7.05,3363.06,3356.01,3348.96,3341.91,3334.86,0.18,0.18,0.00,3377.16,0.00,-1.00,-104.11,3371.58,3371.84,3368.80,3371.39,3371.75,0.919,3.31,16.10,62.79,65.32,0.29,-0.35,0.64,3371.52,3376.35,2401,1186,71.4,14.3,5,1,CROSS=EMA9<EMA21;TREND=1;STRUCT=1;VOL=1;COOL=1;EMA50=1;VWAP=1;BIAS=1,0.67,-1.00,25816.97,25816.97,stopped at the initial SL (x1.00 of usual)
556,2025.08.07 04:45:00,2025.08.07 07:15:00,ENTRY,XAUUSD,M15,216,BUY,FULLTGT,DAY,0,3381.88,3375.28,3375.28,6.60,1.00,6.60,3388.48,3395.09,3401.69,3408.29,3414.89,0.19,0.19,0.19,3381.88,0.00,0.00,0.00,3372.22,3372.15,3369.02,3371.83,3371.96,0.950,3.30,20.44,71.38,75.84,1.41,-0.02,1.43,3373.03,3381.70,2288,1259,85.7,0.0,6,1,CROSS=EMA9>EMA21;TREND=1;STRUCT=1;VOL=1;COOL=1;EMA50=1;VWAP=1;BIAS=1,0.00,0.00,25816.30,25815.16,KZR=London H @ 3378.64 43 bars ago (high taken); DAY 12AM-4PM IST session: stop x1.00 of usual; no partials; full size to TP5; SL steps BE->TP1->TP2->TP3
557,2025.08.07 08:34:26,2025.08.07 11:04:26,EXIT_SL,XAUUSD,M15,216,BUY,FULLTGT,DAY,0,3381.88,3375.28,3375.28,6.60,1.00,6.60,3388.48,3395.09,3401.69,3408.29,3414.89,0.19,0.19,0.00,3375.28,0.00,-1.00,-126.74,3375.34,3373.98,3370.44,3375.16,3373.86,1.294,2.73,11.57,58.15,54.31,1.45,1.77,-0.32,3376.10,3379.71,1246,1445,57.1,14.3,6,1,CROSS=EMA9>EMA21;TREND=1;STRUCT=1;VOL=1;COOL=1;EMA50=1;VWAP=1;BIAS=1,0.32,-0.99,25690.23,25690.23,stopped at the initial SL (x1.00 of usual)
558,2025.08.08 01:00:00,2025.08.08 03:30:00,DAY_SUMMARY,XAUUSD,M15,216,FLAT,NA,DAY,0,0.00,0.00,0.00,0.00,1.00,0.00,0.00,0.00,0.00,0.00,0.00,0.00,0.00,0.00,0.00,0.00,-2.00,-230.85,3388.22,3383.66,3377.94,3387.91,3383.41,1.565,3.65,20.63,57.15,49.04,3.40,2.58,0.81,3383.34,3395.88,1999,1745,57.1,28.6,50,1,CROSS=EMA9>EMA21;TREND=1;STRUCT=1;VOL=1;COOL=1;EMA50=1;VWAP=1;BIAS=1,0.00,0.00,25690.23,25690.23,2025.08.07 trades=2 W=0 L=2 gross_profit=0.00 gross_loss=230.85 net=-230.85 PF=0.00
559,2025.08.11 01:00:00,2025.08.11 03:30:00,WEEK_SUMMARY,XAUUSD,M15,216,FLAT,NA,DAY,0,0.00,0.00,0.00,0.00,1.00,0.00,0.00,0.00,0.00,0.00,0.00,0.00,0.00,0.00,0.00,0.00,-3.66,-446.01,3394.53,3392.57,3387.64,3394.41,3392.47,0.660,7.47,13.29,52.77,52.60,0.89,0.80,0.09,3393.51,3397.42,463,2346,71.4,0.0,8,1,CROSS=EMA9>EMA21;TREND=1;STRUCT=1;VOL=1;COOL=1;EMA50=1;VWAP=1;BIAS=1,0.00,0.00,25690.23,25690.23,days=2 trades=4 W=0 L=4 gross_profit=0.00 gross_loss=446.01 net=-446.01 PF=0.00 pips=-2521.0
560,2025.08.11 04:45:00,2025.08.11 07:15:00,ENTRY,XAUUSD,M15,218,SELL,FULLTGT,DAY,0,3374.75,3384.15,3384.15,9.40,1.00,9.40,3365.35,3355.94,3346.54,3337.13,3327.73,0.13,0.13,0.13,3374.75,0.00,0.00,0.00,3390.90,3391.16,3387.61,3391.56,3391.49,0.754,4.70,49.35,29.38,32.55,-4.79,-2.14,-2.65,3384.66,3374.73,1889,1392,0.0,100.0,5,1,CROSS=EMA9<EMA21;TREND=1;STRUCT=1;VOL=1;COOL=1;EMA50=1;VWAP=1;BIAS=1,0.00,0.00,25689.77,25689.12,KZR=NY H @ 3401.80 222 bars ago (high taken); DAY 12AM-4PM IST session: stop x1.00 of usual; no partials; full size to TP5; SL steps BE->TP1->TP2->TP3
561,2025.08.11 09:31:37,2025.08.11 12:01:37,SL_MOVE,XAUUSD,M15,218,SELL,FULLTGT,DAY,0,3374.75,3384.15,3374.75,9.40,1.00,9.40,3365.35,3355.94,3346.54,3337.13,3327.73,0.13,0.00,0.13,3374.75,1.00,0.00,0.00,3383.02,3386.44,3385.65,3383.69,3386.84,0.212,3.70,26.66,29.67,23.71,-3.40,-3.13,-0.28,3379.75,3366.58,2088,1495,0.0,100.0,11,1,CROSS=EMA9<EMA21;TREND=1;STRUCT=1;VOL=1;COOL=1;EMA50=1;VWAP=1;BIAS=1,1.00,-0.59,25689.77,25812.36,stop to breakeven
562,2025.08.11 09:31:37,2025.08.11 12:01:37,TP1_REACHED,XAUUSD,M15,218,SELL,FULLTGT,DAY,0,3374.75,3384.15,3374.75,9.40,1.00,9.40,3365.35,3355.94,3346.54,3337.13,3327.73,0.13,0.00,0.13,3365.35,1.00,1.00,0.00,3383.02,3386.44,3385.65,3383.69,3386.84,0.212,3.70,26.66,29.67,23.71,-3.40,-3.13,-0.28,3379.75,3366.58,2088,1495,0.0,100.0,11,1,CROSS=EMA9<EMA21;TREND=1;STRUCT=1;VOL=1;COOL=1;EMA50=1;VWAP=1;BIAS=1,1.00,-0.59,25689.77,25812.36,full target: no partial booked
563,2025.08.11 12:15:17,2025.08.11 14:45:17,SL_MOVE,XAUUSD,M15,218,SELL,FULLTGT,DAY,0,3374.75,3384.15,3365.35,9.40,1.00,9.40,3365.35,3355.94,3346.54,3337.13,3327.73,0.13,0.00,0.13,3365.35,2.00,0.00,0.00,3375.65,3381.70,3383.24,3376.45,3382.22,-0.300,5.15,48.30,29.49,33.78,-5.50,-5.22,-0.28,3374.33,3355.99,1779,1726,0.0,100.0,5,1,CROSS=EMA9<EMA21;TREND=1;STRUCT=1;VOL=1;COOL=1;EMA50=1;VWAP=1;BIAS=1,2.00,-0.59,25689.77,25934.43,stop trailed to TP1
564,2025.08.11 12:15:17,2025.08.11 14:45:17,TP2_REACHED,XAUUSD,M15,218,SELL,FULLTGT,DAY,0,3374.75,3384.15,3365.35,9.40,1.00,9.40,3365.35,3355.94,3346.54,3337.13,3327.73,0.13,0.00,0.13,3355.94,2.00,2.00,0.00,3375.65,3381.70,3383.24,3376.45,3382.22,-0.300,5.15,48.30,29.49,33.78,-5.50,-5.22,-0.28,3374.33,3355.99,1779,1726,0.0,100.0,5,1,CROSS=EMA9<EMA21;TREND=1;STRUCT=1;VOL=1;COOL=1;EMA50=1;VWAP=1;BIAS=1,2.00,-0.59,25689.77,25934.43,full target: no partial booked
565,2025.08.11 15:30:25,2025.08.11 18:00:25,SL_MOVE,XAUUSD,M15,218,SELL,FULLTGT,EVENING,0,3374.75,3384.15,3355.94,9.40,1.00,9.40,3365.35,3355.94,3346.54,3337.13,3327.73,0.13,0.00,0.13,3355.94,3.00,0.00,0.00,3367.70,3375.88,3379.97,3368.45,3376.42,-0.739,5.54,39.84,34.21,37.36,-4.93,-4.71,-0.21,3369.60,3349.14,2446,1964,0.0,100.0,9,1,CROSS=EMA9<EMA21;TREND=1;STRUCT=1;VOL=1;COOL=1;EMA50=1;VWAP=1;BIAS=1,3.00,-0.59,25689.77,26057.15,stop trailed to TP2
566,2025.08.11 15:30:25,2025.08.11 18:00:25,TP3_REACHED,XAUUSD,M15,218,SELL,FULLTGT,EVENING,0,3374.75,3384.15,3355.94,9.40,1.00,9.40,3365.35,3355.94,3346.54,3337.13,3327.73,0.13,0.00,0.13,3346.54,3.00,3.00,0.00,3367.70,3375.88,3379.97,3368.45,3376.42,-0.739,5.54,39.84,34.21,37.36,-4.93,-4.71,-0.21,3369.60,3349.14,2446,1964,0.0,100.0,9,1,CROSS=EMA9<EMA21;TREND=1;STRUCT=1;VOL=1;COOL=1;EMA50=1;VWAP=1;BIAS=1,3.00,-0.59,25689.77,26057.15,full target: no partial booked
567,2025.08.11 15:45:14,2025.08.11 18:15:14,EXIT_TRAIL_SL,XAUUSD,M15,218,SELL,FULLTGT,EVENING,0,3374.75,3384.15,3355.94,9.40,1.00,9.40,3365.35,3355.94,3346.54,3337.13,3327.73,0.13,0.13,0.00,3355.94,0.00,2.00,243.61,3367.20,3375.46,3379.72,3367.70,3375.88,-0.723,5.89,39.86,43.25,50.09,-4.61,-4.68,0.07,3369.03,3355.10,3177,2005,42.9,57.1,5,1,CROSS=EMA9<EMA21;TREND=1;STRUCT=1;VOL=1;COOL=1;EMA50=1;VWAP=1;BIAS=1,3.22,-0.59,25933.84,25933.84,stopped at a trailed level
568,2025.08.12 01:00:00,2025.08.12 03:30:00,DAY_SUMMARY,XAUUSD,M15,218,FLAT,NA,DAY,0,0.00,0.00,0.00,0.00,1.00,0.00,0.00,0.00,0.00,0.00,0.00,0.00,0.00,0.00,0.00,0.00,2.00,243.61,3355.20,3363.60,3371.64,3355.71,3364.02,-1.897,4.23,41.79,34.88,21.13,-1.43,-0.33,-1.10,3362.20,3342.78,1266,1528,0.0,85.7,8,1,CROSS=EMA9<EMA21;TREND=1;STRUCT=1;VOL=1;COOL=1;EMA50=1;VWAP=1;BIAS=1,0.00,0.00,25933.84,25933.84,2025.08.11 trades=1 W=1 L=0 gross_profit=243.61 gross_loss=0.00 net=243.61 PF=0.00
569,2025.08.13 10:45:00,2025.08.13 13:15:00,ENTRY,XAUUSD,M15,220,BUY,FULLTGT,DAY,0,3356.95,3350.00,3350.00,6.95,1.00,6.95,3363.90,3370.84,3377.79,3384.73,3391.68,0.18,0.18,0.18,3356.95,0.00,0.00,0.00,3351.12,3351.04,3355.56,3350.88,3350.93,-1.300,3.47,34.70,59.14,54.15,2.07,1.04,1.02,3350.84,3356.90,1340,1253,85.7,14.3,5,1,CROSS=EMA9>EMA21;TREND=1;STRUCT=1;VOL=1;COOL=1;EMA50=1;VWAP=1;BIAS=1,0.00,0.00,25933.21,25932.31,KZR=London L @ 3342.31 82 bars ago (low taken); DAY 12AM-4PM IST session: stop x1.00 of usual; no partials; full size to TP5; SL steps BE->TP1->TP2->TP3
570,2025.08.13 12:36:41,2025.08.13 15:06:41,SL_MOVE,XAUUSD,M15,220,BUY,FULLTGT,DAY,0,3356.95,3350.00,3356.95,6.95,1.00,6.95,3363.90,3370.84,3377.79,3384.73,3391.68,0.18,0.00,0.18,3356.95,1.00,0.00,0.00,3352.81,3351.94,3355.72,3352.42,3351.73,-0.943,4.00,31.88,65.30,67.24,2.51,2.00,0.51,3352.08,3362.23,1300,1400,85.7,0.0,8,1,CROSS=EMA9>EMA21;TREND=1;STRUCT=1;VOL=1;COOL=1;EMA50=1;VWAP=1;BIAS=1,1.00,-0.59,25933.21,26058.49,stop to breakeven
571,2025.08.13 12:36:41,2025.08.13 15:06:41,TP1_REACHED,XAUUSD,M15,220,BUY,FULLTGT,DAY,0,3356.95,3350.00,3356.95,6.95,1.00,6.95,3363.90,3370.84,3377.79,3384.73,3391.68,0.18,0.00,0.18,3363.90,1.00,1.00,0.00,3352.81,3351.94,3355.72,3352.42,3351.73,-0.943,4.00,31.88,65.30,67.24,2.51,2.00,0.51,3352.08,3362.23,1300,1400,85.7,0.0,8,1,CROSS=EMA9>EMA21;TREND=1;STRUCT=1;VOL=1;COOL=1;EMA50=1;VWAP=1;BIAS=1,1.00,-0.59,25933.21,26058.49,full target: no partial booked
572,2025.08.13 15:09:37,2025.08.13 17:39:37,EXIT_BE,XAUUSD,M15,220,BUY,FULLTGT,EVENING,0,3356.95,3350.00,3356.95,6.95,1.00,6.95,3363.90,3370.84,3377.79,3384.73,3391.68,0.18,0.18,0.00,3356.92,0.00,-0.00,-1.80,3356.26,3354.01,3356.45,3356.01,3353.84,-0.652,3.73,28.80,56.66,48.66,2.39,3.15,-0.77,3354.34,3362.32,1380,1515,57.1,28.6,5,1,CROSS=EMA9>EMA21;TREND=1;STRUCT=1;VOL=1;COOL=1;EMA50=1;VWAP=1;BIAS=1,1.47,-0.59,25932.04,25932.04,stopped at breakeven
573,2025.08.14 01:00:00,2025.08.14 03:30:00,DAY_SUMMARY,XAUUSD,M15,220,FLAT,NA,DAY,0,0.00,0.00,0.00,0.00,1.00,0.00,0.00,0.00,0.00,0.00,0.00,0.00,0.00,0.00,0.00,0.00,-0.00,-1.80,3356.85,3355.76,3356.80,3356.89,3355.75,-0.453,2.30,23.51,47.29,49.27,-0.62,-1.17,0.56,3356.29,3355.88,255,969,28.6,42.9,9,1,CROSS=EMA9>EMA21;TREND=1;STRUCT=1;VOL=1;COOL=1;EMA50=1;VWAP=1;BIAS=1,0.00,0.00,25932.04,25932.04,2025.08.13 trades=1 W=0 L=1 gross_profit=0.00 gross_loss=1.80 net=-1.80 PF=0.00
574,2025.08.14 12:45:00,2025.08.14 15:15:00,ENTRY,XAUUSD,M15,222,SELL,FULLTGT,DAY,0,3354.99,3366.16,3366.16,11.17,1.00,11.17,3343.82,3332.65,3321.48,3310.31,3299.14,0.11,0.11,0.11,3354.99,0.00,0.00,0.00,3357.70,3357.74,3357.84,3357.81,3357.79,-0.018,5.59,26.34,48.30,54.94,-2.45,-2.74,0.29,3359.64,3354.99,1861,1792,28.6,71.4,5,1,CROSS=EMA9<EMA21;TREND=1;STRUCT=1;VOL=1;COOL=1;EMA50=1;VWAP=1;BIAS=1,0.00,0.00,25931.65,25931.10,KZR=Asia L @ 3342.73 6 bars ago (low taken); DAY 12AM-4PM IST session: stop x1.00 of usual; no partials; full size to TP5; SL steps BE->TP1->TP2->TP3
575,2025.08.14 15:30:37,2025.08.14 18:00:37,SL_MOVE,XAUUSD,M15,222,SELL,FULLTGT,EVENING,0,3354.99,3366.16,3354.99,11.17,1.00,11.17,3343.82,3332.65,3321.48,3310.31,3299.14,0.11,0.00,0.11,3354.99,1.00,0.00,0.00,3356.85,3357.27,3357.59,3357.00,3357.35,-0.078,4.03,15.92,44.86,43.98,-0.79,-0.96,0.17,3358.88,3353.21,2128,1743,14.3,71.4,5,1,CROSS=EMA9<EMA21;TREND=1;STRUCT=1;VOL=1;COOL=1;EMA50=1;VWAP=1;BIAS=1,1.00,-0.37,25931.65,26054.85,stop to breakeven
576,2025.08.14 15:30:37,2025.08.14 18:00:37,TP1_REACHED,XAUUSD,M15,222,SELL,FULLTGT,EVENING,0,3354.99,3366.16,3354.99,11.17,1.00,11.17,3343.82,3332.65,3321.48,3310.31,3299.14,0.11,0.00,0.11,3343.82,1.00,1.00,0.00,3356.85,3357.27,3357.59,3357.00,3357.35,-0.078,4.03,15.92,44.86,43.98,-0.79,-0.96,0.17,3358.88,3353.21,2128,1743,14.3,71.4,5,1,CROSS=EMA9<EMA21;TREND=1;STRUCT=1;VOL=1;COOL=1;EMA50=1;VWAP=1;BIAS=1,1.00,-0.37,25931.65,26054.85,full target: no partial booked
577,2025.08.14 15:46:18,2025.08.14 18:16:18,EXIT_BE,XAUUSD,M15,222,SELL,FULLTGT,EVENING,0,3354.99,3366.16,3354.99,11.17,1.00,11.17,3343.82,3332.65,3321.48,3310.31,3299.14,0.11,0.11,0.00,3354.99,0.00,-0.00,-0.78,3356.70,3357.19,3357.54,3356.85,3357.27,-0.086,4.12,16.85,44.48,47.29,-0.87,-0.92,0.05,3358.46,3353.01,4131,1844,14.3,71.4,7,1,CROSS=EMA9<EMA21;TREND=1;STRUCT=1;VOL=1;COOL=1;EMA50=1;VWAP=1;BIAS=1,1.16,-0.37,25931.26,25931.26,stopped at breakeven
578,2025.08.15 01:00:00,2025.08.15 03:30:00,DAY_SUMMARY,XAUUSD,M15,222,FLAT,NA,DAY,0,0.00,0.00,0.00,0.00,1.00,0.00,0.00,0.00,0.00,0.00,0.00,0.00,0.00,0.00,0.00,0.00,0.00,-0.78,3343.31,3348.34,3352.37,3343.63,3348.61,-2.048,1.97,31.23,39.52,38.80,-2.09,-2.17,0.08,3351.21,3335.38,488,1351,14.3,71.4,8,1,CROSS=EMA9<EMA21;TREND=1;STRUCT=1;VOL=1;COOL=1;EMA50=1;VWAP=1;BIAS=1,0.00,0.00,25931.26,25931.26,2025.08.14 trades=1 W=0 L=1 gross_profit=0.00 gross_loss=0.78 net=-0.78 PF=0.00
579,2025.08.18 01:00:00,2025.08.18 03:30:00,WEEK_SUMMARY,XAUUSD,M15,222,FLAT,NA,DAY,0,0.00,0.00,0.00,0.00,1.00,0.00,0.00,0.00,0.00,0.00,0.00,0.00,0.00,0.00,0.00,0.00,2.00,241.03,3338.79,3340.69,3344.60,3338.92,3340.79,-2.355,1.66,25.21,42.52,39.89,-0.81,-0.92,0.12,3339.94,3335.78,590,1038,14.3,71.4,8,1,CROSS=EMA9<EMA21;TREND=1;STRUCT=1;VOL=1;COOL=1;EMA50=1;VWAP=1;BIAS=1,0.00,0.00,25931.26,25931.26,days=3 trades=3 W=1 L=2 gross_profit=243.61 gross_loss=2.58 net=241.03 PF=94.42 pips=1878.0
580,2025.08.18 07:30:00,2025.08.18 10:00:00,ENTRY,XAUUSD,M15,224,BUY,FULLTGT,DAY,0,3352.37,3345.78,3345.78,6.59,1.00,6.59,3358.96,3365.54,3372.13,3378.72,3385.31,0.19,0.19,0.19,3352.37,0.00,0.00,0.00,3340.94,3340.90,3343.72,3340.47,3340.67,-0.856,3.29,38.02,69.43,69.23,3.42,2.53,0.88,3340.83,3352.32,1275,1432,85.7,0.0,5,1,CROSS=EMA9>EMA21;TREND=1;STRUCT=1;VOL=1;COOL=1;EMA50=1;VWAP=1;BIAS=1,0.00,0.00,25930.59,25929.64,KZR=NY L @ 3333.04 21 bars ago (low taken); DAY 12AM-4PM IST session: stop x1.00 of usual; no partials; full size to TP5; SL steps BE->TP1->TP2->TP3
581,2025.08.18 11:12:40,2025.08.18 13:42:40,EXIT_SL,XAUUSD,M15,224,BUY,FULLTGT,DAY,0,3352.37,3345.78,3345.78,6.59,1.00,6.59,3358.96,3365.54,3372.13,3378.72,3385.31,0.19,0.19,0.00,3345.77,0.00,-1.00,-126.74,3345.38,3343.46,3344.73,3345.23,3343.35,-0.345,3.67,21.10,51.94,39.69,2.11,2.73,-0.63,3345.07,3349.05,1513,1522,42.9,28.6,8,1,CROSS=EMA9>EMA21;TREND=1;STRUCT=1;VOL=1;COOL=1;EMA50=1;VWAP=1;BIAS=1,0.91,-1.00,25804.52,25804.52,stopped at the initial SL (x1.00 of usual)
582,2025.08.18 18:30:00,2025.08.18 21:00:00,ENTRY,XAUUSD,M15,226,SELL,FULLTGT,EVENING,0,3334.68,3342.06,3342.06,7.38,1.00,7.38,3327.30,3319.91,3312.53,3305.14,3297.76,0.17,0.17,0.17,3334.68,0.00,0.00,0.00,3343.43,3343.46,3344.51,3343.79,3343.64,-0.284,3.69,47.74,30.55,40.50,-3.59,-2.62,-0.96,3344.23,3334.68,1323,1560,0.0,85.7,7,1,CROSS=EMA9<EMA21;TREND=1;STRUCT=1;VOL=1;COOL=1;EMA50=1;VWAP=1;BIAS=1,0.00,0.00,25803.92,25802.73,KZR=NY L @ 3333.04 65 bars ago (low taken); EVENING 4PM-12AM IST session: stop x1.00 of usual; no partials; full size to TP5; SL steps BE->TP1->TP2->TP3
583,2025.08.19 01:00:00,2025.08.19 03:30:00,DAY_SUMMARY,XAUUSD,M15,226,SELL,FULLTGT,DAY,0,3334.68,3342.06,3342.06,7.38,1.00,7.38,3327.30,3319.91,3312.53,3305.14,3297.76,0.17,0.00,0.00,0.00,0.00,-1.00,-126.74,3337.33,3339.76,3342.26,3337.51,3339.90,-1.686,1.48,27.86,40.82,47.99,-1.59,-2.17,0.58,3342.60,3332.72,313,745,14.3,71.4,8,1,CROSS=EMA9<EMA21;TREND=1;STRUCT=1;VOL=1;COOL=1;EMA50=1;VWAP=1;BIAS=1,0.60,-0.31,25803.92,25828.49,2025.08.18 trades=1 W=0 L=1 gross_profit=0.00 gross_loss=126.74 net=-126.74 PF=0.00
584,2025.08.19 03:00:40,2025.08.19 05:30:40,SL_MOVE,XAUUSD,M15,226,SELL,FULLTGT,DAY,0,3334.68,3342.06,3334.68,7.38,1.00,7.38,3327.30,3319.91,3312.53,3305.14,3297.76,0.17,0.00,0.17,3334.68,1.00,0.00,0.00,3336.14,3338.76,3341.55,3336.35,3338.92,-1.866,1.49,24.02,37.17,35.46,-0.98,-1.12,0.14,3333.03,3330.91,631,514,14.3,71.4,8,1,CROSS=EMA9<EMA21;TREND=1;STRUCT=1;VOL=1;COOL=1;EMA50=1;VWAP=1;BIAS=1,0.99,-0.31,25803.92,25937.29,stop to breakeven
585,2025.08.19 03:00:40,2025.08.19 05:30:40,TP1_REACHED,XAUUSD,M15,226,SELL,FULLTGT,DAY,0,3334.68,3342.06,3334.68,7.38,1.00,7.38,3327.30,3319.91,3312.53,3305.14,3297.76,0.17,0.00,0.17,3327.30,1.00,1.00,0.00,3336.14,3338.76,3341.55,3336.35,3338.92,-1.866,1.49,24.02,37.17,35.46,-0.98,-1.12,0.14,3333.03,3330.91,631,514,14.3,71.4,8,1,CROSS=EMA9<EMA21;TREND=1;STRUCT=1;VOL=1;COOL=1;EMA50=1;VWAP=1;BIAS=1,0.99,-0.31,25803.92,25937.29,full target: no partial booked
586,2025.08.19 03:11:25,2025.08.19 05:41:25,EXIT_BE,XAUUSD,M15,226,SELL,FULLTGT,DAY,0,3334.68,3342.06,3334.68,7.38,1.00,7.38,3327.30,3319.91,3312.53,3305.14,3297.76,0.17,0.17,0.00,3334.68,0.00,-0.00,6.37,3336.14,3338.76,3341.55,3336.35,3338.92,-1.866,1.49,24.02,37.17,53.04,-0.98,-1.12,0.14,3333.03,3330.91,631,514,28.6,57.1,5,1,CROSS=EMA9<EMA21;TREND=1;STRUCT=1;VOL=1;COOL=1;EMA50=1;VWAP=1;BIAS=1,1.15,-0.31,25810.89,25810.89,stopped at breakeven
587,2025.08.19 14:45:00,2025.08.19 17:15:00,ENTRY,XAUUSD,M15,228,BUY,FULLTGT,EVENING,0,3341.37,3336.92,3336.92,4.45,1.00,4.45,3345.82,3350.27,3354.72,3359.17,3363.62,0.29,0.29,0.29,3341.37,0.00,0.00,0.00,3338.57,3338.56,3340.26,3338.46,3338.50,-0.767,2.22,24.44,55.48,47.54,1.45,1.21,0.24,3337.07,3341.35,781,980,57.1,14.3,7,1,CROSS=EMA9>EMA21;TREND=1;STRUCT=1;VOL=1;COOL=1;EMA50=1;VWAP=1;BIAS=1,0.00,0.00,25809.87,25807.84,KZR=NY L @ 3333.04 146 bars ago (low taken); EVENING 4PM-12AM IST session: stop x1.00 of usual; no partials; full size to TP5; SL steps BE->TP1->TP2->TP3
588,2025.08.19 15:14:38,2025.08.19 17:44:38,EXIT_SL,XAUUSD,M15,228,BUY,FULLTGT,EVENING,0,3341.37,3336.92,3336.92,4.45,1.00,4.45,3345.82,3350.27,3354.72,3359.17,3363.62,0.29,0.29,0.00,3336.91,0.00,-1.00,-131.38,3338.62,3338.58,3340.26,3338.57,3338.56,-0.763,2.20,22.39,50.34,30.78,1.23,1.28,-0.05,3337.15,3339.79,1274,988,42.9,42.9,5,1,CROSS=EMA9>EMA21;TREND=1;STRUCT=1;VOL=1;COOL=1;EMA50=1;VWAP=1;BIAS=1,0.21,-1.00,25679.51,25679.51,stopped at the initial SL (x1.00 of usual)
589,2025.08.19 15:30:00,2025.08.19 18:00:00,SKIP,XAUUSD,M15,228,FLAT,NA,EVENING,0,0.00,0.00,0.00,0.00,1.00,0.00,0.00,0.00,0.00,0.00,0.00,0.00,0.00,0.00,0.00,0.00,0.00,0.00,3338.53,3338.54,3340.20,3338.55,3338.55,-0.672,2.48,24.67,46.13,38.34,0.57,1.26,-0.69,3337.20,3338.07,1547,996,28.6,57.1,7,1,CROSS=EMA9<EMA21;TREND=1;STRUCT=1;VOL=1;COOL=1;EMA50=1;VWAP=0;BIAS=1,0.00,0.00,25679.51,25679.51,quality filter
590,2025.08.20 01:00:00,2025.08.20 03:30:00,DAY_SUMMARY,XAUUSD,M15,228,FLAT,NA,DAY,0,0.00,0.00,0.00,0.00,1.00,0.00,0.00,0.00,0.00,0.00,0.00,0.00,0.00,0.00,0.00,0.00,-1.00,-125.01,3325.03,3330.10,3334.96,3325.41,3330.39,-2.612,1.86,40.35,33.56,41.47,-3.31,-3.79,0.48,3331.54,3315.65,509,1101,14.3,71.4,9,1,CROSS=EMA9<EMA21;TREND=1;STRUCT=1;VOL=1;COOL=1;EMA50=1;VWAP=0;BIAS=1,0.00,0.00,25679.51,25679.51,2025.08.19 trades=2 W=1 L=1 gross_profit=6.37 gross_loss=131.38 net=-125.01 PF=0.05
591,2025.08.20 16:00:00,2025.08.20 18:30:00,SKIP,XAUUSD,M15,228,FLAT,NA,EVENING,0,0.00,0.00,0.00,0.00,1.00,0.00,0.00,0.00,0.00,0.00,0.00,0.00,0.00,0.00,0.00,0.00,0.00,0.00,3326.02,3325.83,3329.51,3325.33,3325.48,-1.231,2.99,49.00,80.54,86.92,4.40,2.76,1.64,3322.97,3342.90,1910,1337,100.0,0.0,7,1,CROSS=EMA9>EMA21;TREND=1;STRUCT=1;VOL=1;COOL=1;EMA50=1;VWAP=1;BIAS=1,0.00,0.00,25679.51,25679.51,already positioned that way
592,2025.08.22 05:15:00,2025.08.22 07:45:00,ENTRY,XAUUSD,M15,230,SELL,FULLTGT,DAY,0,3334.44,3338.96,3338.96,4.52,1.00,4.52,3329.92,3325.40,3320.88,3316.36,3311.84,0.28,0.28,0.28,3334.44,0.00,0.00,0.00,3338.84,3338.92,3337.82,3339.02,3339.01,0.488,2.26,26.20,37.77,36.84,-0.94,-0.57,-0.38,3337.66,3334.46,1317,676,14.3,85.7,8,1,CROSS=EMA9<EMA21;TREND=1;STRUCT=1;VOL=1;COOL=1;EMA50=1;VWAP=1;BIAS=1,0.00,0.00,25678.53,25676.29,KZR=Asia L @ 3323.54 237 bars ago (low taken); DAY 12AM-4PM IST session: stop x1.00 of usual; no partials; full size to TP5; SL steps BE->TP1->TP2->TP3
593,2025.08.22 07:22:31,2025.08.22 09:52:31,SL_MOVE,XAUUSD,M15,230,SELL,FULLTGT,DAY,0,3334.44,3338.96,3334.44,4.52,1.00,4.52,3329.92,3325.40,3320.88,3316.36,3311.84,0.28,0.00,0.28,3334.44,1.00,0.00,0.00,3337.33,3338.10,3337.47,3337.55,3338.22,0.274,2.27,41.53,35.22,33.50,-1.73,-1.37,-0.36,3336.17,3331.88,785,876,0.0,85.7,11,1,CROSS=EMA9<EMA21;TREND=1;STRUCT=1;VOL=1;COOL=1;EMA50=1;VWAP=1;BIAS=1,0.99,-0.34,25678.53,25805.93,stop to breakeven
594,2025.08.22 07:22:31,2025.08.22 09:52:31,TP1_REACHED,XAUUSD,M15,230,SELL,FULLTGT,DAY,0,3334.44,3338.96,3334.44,4.52,1.00,4.52,3329.92,3325.40,3320.88,3316.36,3311.84,0.28,0.00,0.28,3329.92,1.00,1.00,0.00,3337.33,3338.10,3337.47,3337.55,3338.22,0.274,2.27,41.53,35.22,33.50,-1.73,-1.37,-0.36,3336.17,3331.88,785,876,0.0,85.7,11,1,CROSS=EMA9<EMA21;TREND=1;STRUCT=1;VOL=1;COOL=1;EMA50=1;VWAP=1;BIAS=1,0.99,-0.34,25678.53,25805.93,full target: no partial booked
595,2025.08.22 10:18:57,2025.08.22 12:48:57,EXIT_BE,XAUUSD,M15,230,SELL,FULLTGT,DAY,0,3334.44,3338.96,3334.44,4.52,1.00,4.52,3329.92,3325.40,3320.88,3316.36,3311.84,0.28,0.28,0.00,3334.45,0.00,-0.00,-2.24,3334.28,3336.22,3336.55,3334.33,3336.28,-0.137,2.40,36.58,53.08,62.86,-1.82,-2.28,0.46,3333.50,3333.17,1268,977,57.1,42.9,9,1,CROSS=EMA9<EMA21;TREND=1;STRUCT=1;VOL=1;COOL=1;EMA50=1;VWAP=1;BIAS=1,1.93,-0.34,25677.27,25677.27,stopped at breakeven
596,2025.08.22 18:00:00,2025.08.22 20:30:00,ENTRY,XAUUSD,M15,232,BUY,FULLTGT,EVENING,0,3373.89,3360.71,3360.71,13.18,1.00,13.18,3387.07,3400.25,3413.43,3426.62,3439.80,0.09,0.09,0.09,3373.89,0.00,0.00,0.00,3336.31,3335.89,3336.07,3334.78,3335.13,-0.028,6.59,39.27,87.79,85.91,8.90,1.94,6.96,3337.58,3373.82,3092,1996,100.0,0.0,7,1,CROSS=EMA9>EMA21;TREND=1;STRUCT=1;VOL=1;COOL=1;EMA50=1;VWAP=1;BIAS=1,0.00,0.00,25676.95,25676.32,KZR=NY H @ 3348.79 3 bars ago (high taken); EVENING 4PM-12AM IST session: stop x1.00 of usual; no partials; full size to TP5; SL steps BE->TP1->TP2->TP3
597,2025.08.22 23:42:00,2025.08.23 02:12:00,EXIT_WEEKEND,XAUUSD,M15,232,BUY,FULLTGT,DAY,0,3373.89,3360.71,3360.71,13.18,1.00,13.18,3387.07,3400.25,3413.43,3426.62,3439.80,0.09,0.09,0.00,3371.33,0.00,-0.19,0.00,3357.23,3348.79,3343.20,3356.66,3348.33,2.639,2.12,23.62,62.19,47.56,5.13,6.98,-1.85,3347.11,3371.16,709,1291,42.9,28.6,40,1,CROSS=EMA9>EMA21;TREND=1;STRUCT=1;VOL=1;COOL=1;EMA50=1;VWAP=1;BIAS=1,0.37,-0.49,25653.59,25653.59,WEEKEND exit
598,2025.08.22 23:42:01,2025.08.23 02:12:01,EXIT_WEEKEND,XAUUSD,M15,232,BUY,FULLTGT,DAY,0,3373.89,3360.71,3360.71,13.18,1.00,13.18,3387.07,3400.25,3413.43,3426.62,3439.80,0.09,0.09,0.00,3371.33,0.00,-0.19,-23.68,3357.23,3348.79,3343.20,3356.66,3348.33,2.639,2.12,23.62,62.19,47.56,5.13,6.98,-1.85,3347.11,3371.16,709,1291,42.9,28.6,40,1,CROSS=EMA9>EMA21;TREND=1;STRUCT=1;VOL=1;COOL=1;EMA50=1;VWAP=1;BIAS=1,0.37,-0.49,25653.59,25653.59,flattened before the Friday close
599,2025.08.25 01:00:00,2025.08.25 03:30:00,DAY_SUMMARY,XAUUSD,M15,232,FLAT,NA,DAY,0,0.00,0.00,0.00,0.00,1.00,0.00,0.00,0.00,0.00,0.00,0.00,0.00,0.00,0.00,0.00,0.00,-0.20,-25.92,3358.34,3349.68,3343.76,3357.80,3349.24,3.077,1.92,19.67,62.74,50.76,4.47,6.05,-1.58,3347.25,3371.59,334,1082,57.1,14.3,6,1,CROSS=EMA9>EMA21;TREND=1;STRUCT=1;VOL=1;COOL=1;EMA50=1;VWAP=1;BIAS=1,0.00,0.00,25653.59,25653.59,2025.08.22 trades=2 W=0 L=2 gross_profit=0.00 gross_loss=25.92 net=-25.92 PF=0.00
600,2025.08.25 01:00:00,2025.08.25 03:30:00,WEEK_SUMMARY,XAUUSD,M15,232,FLAT,NA,DAY,0,0.00,0.00,0.00,0.00,1.00,0.00,0.00,0.00,0.00,0.00,0.00,0.00,0.00,0.00,0.00,0.00,-2.20,-277.67,3358.34,3349.68,3343.76,3357.80,3349.24,3.077,1.92,19.67,62.74,50.76,4.47,6.05,-1.58,3347.25,3371.59,334,1082,57.1,14.3,6,1,CROSS=EMA9>EMA21;TREND=1;STRUCT=1;VOL=1;COOL=1;EMA50=1;VWAP=1;BIAS=1,0.00,0.00,25653.59,25653.59,days=3 trades=5 W=1 L=4 gross_profit=6.37 gross_loss=284.04 net=-277.67 PF=0.02 pips=-1363.0
601,2025.09.01 01:00:00,2025.09.01 03:30:00,MONTH_SUMMARY,XAUUSD,M15,232,FLAT,NA,DAY,0,0.00,0.00,0.00,0.00,1.00,0.00,0.00,0.00,0.00,0.00,0.00,0.00,0.00,0.00,0.00,0.00,-3.87,-483.75,3434.70,3424.81,3412.99,3434.12,3424.32,3.284,3.60,29.21,62.50,55.15,4.67,5.17,-0.51,3425.69,3448.93,497,1824,71.4,14.3,12,1,CROSS=EMA9>EMA21;TREND=1;STRUCT=1;VOL=1;COOL=1;EMA50=1;VWAP=1;BIAS=1,0.00,0.00,25653.59,25653.59,days=9 trades=13 W=2 L=11 gross_profit=249.98 gross_loss=733.73 net=-483.75 PF=0.34 pips=-2010.0
602,2025.09.04 13:45:00,2025.09.04 16:15:00,ENTRY,XAUUSD,M15,234,SELL,FULLTGT,EVENING,0,3540.31,3549.50,3549.50,9.19,1.00,9.19,3531.12,3521.93,3512.74,3503.55,3494.36,0.13,0.13,0.13,3540.31,0.00,0.00,0.00,3542.61,3542.62,3529.97,3542.70,3542.67,2.753,4.59,19.26,49.92,48.28,0.38,0.17,0.21,3541.97,3540.31,1350,1844,14.3,57.1,6,1,CROSS=EMA9<EMA21;TREND=1;STRUCT=1;VOL=1;COOL=1;EMA50=1;VWAP=1;BIAS=1,0.00,0.00,25653.13,25652.35,KZR=London H @ 3545.60 2 bars ago (high taken); EVENING 4PM-12AM IST session: stop x1.00 of usual; no partials; full size to TP5; SL steps BE->TP1->TP2->TP3
603,2025.09.04 14:50:41,2025.09.04 17:20:41,EXIT_SL,XAUUSD,M15,234,SELL,FULLTGT,EVENING,0,3540.31,3549.50,3549.50,9.19,1.00,9.19,3531.12,3521.93,3512.74,3503.55,3494.36,0.13,0.13,0.00,3549.54,0.00,-1.00,-120.91,3542.44,3542.53,3530.42,3542.35,3542.49,2.490,4.86,17.04,56.37,64.80,0.54,0.33,0.21,3541.90,3544.68,1952,1691,71.4,14.3,10,1,CROSS=EMA9<EMA21;TREND=1;STRUCT=1;VOL=1;COOL=1;EMA50=1;VWAP=1;BIAS=1,0.40,-1.00,25532.68,25532.68,stopped at the initial SL (x1.00 of usual)
604,2025.09.04 15:15:00,2025.09.04 17:45:00,ENTRY,XAUUSD,M15,236,BUY,FULLTGT,EVENING,0,3548.19,3538.16,3538.16,10.03,1.00,10.03,3558.22,3568.25,3578.28,3588.30,3598.33,0.12,0.12,0.12,3548.19,0.00,0.00,0.00,3542.78,3542.70,3530.75,3542.57,3542.59,2.384,5.01,21.35,60.85,65.12,1.28,0.54,0.74,3542.10,3548.09,2120,1678,85.7,0.0,12,1,CROSS=EMA9>EMA21;TREND=1;STRUCT=1;VOL=1;COOL=1;EMA50=1;VWAP=1;BIAS=1,0.00,0.00,25532.26,25530.82,KZR=London H @ 3545.60 8 bars ago (high taken); EVENING 4PM-12AM IST session: stop x1.00 of usual; no partials; full size to TP5; SL steps BE->TP1->TP2->TP3
605,2025.09.04 16:37:43,2025.09.04 19:07:43,SL_MOVE,XAUUSD,M15,236,BUY,FULLTGT,EVENING,0,3548.19,3538.16,3548.19,10.03,1.00,10.03,3558.22,3568.25,3578.28,3588.30,3598.33,0.12,0.00,0.12,3548.19,1.00,0.00,0.00,3543.73,3543.20,3531.58,3543.36,3543.00,1.819,6.38,24.31,64.31,69.72,2.33,1.32,1.02,3542.67,3552.77,2711,1997,85.7,0.0,8,1,CROSS=EMA9>EMA21;TREND=1;STRUCT=1;VOL=1;COOL=1;EMA50=1;VWAP=1;BIAS=1,1.00,-0.82,25532.26,25652.98,stop to breakeven
606,2025.09.04 16:37:43,2025.09.04 19:07:43,TP1_REACHED,XAUUSD,M15,236,BUY,FULLTGT,EVENING,0,3548.19,3538.16,3548.19,10.03,1.00,10.03,3558.22,3568.25,3578.28,3588.30,3598.33,0.12,0.00,0.12,3558.22,1.00,1.00,0.00,3543.73,3543.20,3531.58,3543.36,3543.00,1.819,6.38,24.31,64.31,69.72,2.33,1.32,1.02,3542.67,3552.77,2711,1997,85.7,0.0,8,1,CROSS=EMA9>EMA21;TREND=1;STRUCT=1;VOL=1;COOL=1;EMA50=1;VWAP=1;BIAS=1,1.00,-0.82,25532.26,25652.98,full target: no partial booked
607,2025.09.04 16:45:24,2025.09.04 19:15:24,EXIT_BE,XAUUSD,M15,236,BUY,FULLTGT,EVENING,0,3548.19,3538.16,3548.19,10.03,1.00,10.03,3558.22,3568.25,3578.28,3588.30,3598.33,0.12,0.12,0.00,3548.16,0.00,-0.00,-1.20,3544.02,3543.35,3531.78,3543.73,3543.20,1.793,6.46,26.98,61.14,56.31,2.57,1.58,1.00,3542.99,3551.10,3886,2096,85.7,14.3,5,1,CROSS=EMA9>EMA21;TREND=1;STRUCT=1;VOL=1;COOL=1;EMA50=1;VWAP=1;BIAS=1,1.06,-0.82,25531.48,25531.48,stopped at breakeven
608,2025.09.05 01:00:00,2025.09.05 03:30:00,DAY_SUMMARY,XAUUSD,M15,236,FLAT,NA,DAY,0,0.00,0.00,0.00,0.00,1.00,0.00,0.00,0.00,0.00,0.00,0.00,0.00,0.00,0.00,0.00,0.00,-1.01,-122.11,3546.75,3545.40,3535.86,3546.80,3545.39,3.380,2.82,21.85,45.81,40.22,0.18,0.47,-0.28,3544.27,3545.63,453,1422,28.6,42.9,8,1,CROSS=EMA9>EMA21;TREND=1;STRUCT=1;VOL=1;COOL=1;EMA50=1;VWAP=1;BIAS=1,0.00,0.00,25531.48,25531.48,2025.09.04 trades=2 W=0 L=2 gross_profit=0.00 gross_loss=122.11 net=-122.11 PF=0.00
609,2025.09.08 01:00:00,2025.09.08 03:30:00,WEEK_SUMMARY,XAUUSD,M15,236,FLAT,NA,DAY,0,0.00,0.00,0.00,0.00,1.00,0.00,0.00,0.00,0.00,0.00,0.00,0.00,0.00,0.00,0.00,0.00,-1.01,-122.11,3581.17,3570.12,3556.62,3580.95,3569.79,4.162,3.24,19.94,46.89,33.06,2.43,4.57,-2.15,3570.99,3586.58,653,2012,28.6,42.9,8,1,CROSS=EMA9>EMA21;TREND=1;STRUCT=1;VOL=1;COOL=1;EMA50=1;VWAP=1;BIAS=1,0.00,0.00,25531.48,25531.48,days=1 trades=2 W=0 L=2 gross_profit=0.00 gross_loss=122.11 net=-122.11 PF=0.00 pips=-926.0
610,2025.09.10 04:15:00,2025.09.10 06:45:00,ENTRY,XAUUSD,M15,238,SELL,FULLTGT,DAY,0,3626.64,3638.28,3638.28,11.64,1.00,11.64,3615.00,3603.37,3591.73,3580.09,3568.45,0.10,0.10,0.10,3626.64,0.00,0.00,0.00,3637.57,3637.59,3625.13,3638.01,3637.81,2.141,5.82,45.54,40.19,43.12,-3.54,-2.92,-0.62,3629.99,3626.65,3007,1503,14.3,85.7,10,1,CROSS=EMA9<EMA21;TREND=1;STRUCT=1;VOL=1;COOL=1;EMA50=1;VWAP=1;BIAS=1,0.00,0.00,25531.13,25530.13,KZR=London H @ 3656.37 63 bars ago (high taken); DAY 12AM-4PM IST session: stop x1.00 of usual; no partials; full size to TP5; SL steps BE->TP1->TP2->TP3
611,2025.09.10 05:52:42,2025.09.10 08:22:42,EXIT_SL,XAUUSD,M15,238,SELL,FULLTGT,DAY,0,3626.64,3638.28,3638.28,11.64,1.00,11.64,3615.00,3603.37,3591.73,3580.09,3568.45,0.10,0.10,0.00,3638.28,0.00,-1.00,-117.10,3636.14,3636.81,3625.45,3636.14,3636.83,2.088,5.44,28.53,53.93,63.58,-1.53,-3.05,1.52,3629.79,3635.95,1856,1607,71.4,28.6,5,1,CROSS=EMA9<EMA21;TREND=1;STRUCT=1;VOL=1;COOL=1;EMA50=1;VWAP=1;BIAS=1,0.53,-1.00,25414.38,25414.38,stopped at the initial SL (x1.00 of usual)
612,2025.09.10 08:30:00,2025.09.10 11:00:00,ENTRY,XAUUSD,M15,240,BUY,FULLTGT,DAY,0,3644.33,3638.09,3638.09,6.24,1.00,6.24,3650.57,3656.81,3663.05,3669.28,3675.52,0.20,0.20,0.20,3644.33,0.00,0.00,0.00,3637.43,3637.35,3626.91,3637.15,3637.21,3.347,3.12,36.49,64.41,69.59,2.51,1.05,1.45,3632.28,3644.24,982,1520,85.7,0.0,11,1,CROSS=EMA9>EMA21;TREND=1;STRUCT=1;VOL=1;COOL=1;EMA50=1;VWAP=1;BIAS=1,0.00,0.00,25413.68,25411.48,KZR=London H @ 3656.37 80 bars ago (high taken); DAY 12AM-4PM IST session: stop x1.00 of usual; no partials; full size to TP5; SL steps BE->TP1->TP2->TP3
613,2025.09.10 12:41:37,2025.09.10 15:11:37,SL_MOVE,XAUUSD,M15,240,BUY,FULLTGT,DAY,0,3644.33,3638.09,3644.33,6.24,1.00,6.24,3650.57,3656.81,3663.05,3669.28,3675.52,0.20,0.00,0.20,3644.33,1.00,0.00,0.00,3640.99,3639.42,3629.56,3640.78,3639.28,2.407,4.09,16.45,59.87,69.29,2.24,2.48,-0.24,3636.97,3646.19,1075,1489,57.1,14.3,11,1,CROSS=EMA9>EMA21;TREND=1;STRUCT=1;VOL=1;COOL=1;EMA50=1;VWAP=1;BIAS=1,0.99,-0.71,25413.68,25538.48,stop to breakeven
614,2025.09.10 12:41:37,2025.09.10 15:11:37,TP1_REACHED,XAUUSD,M15,240,BUY,FULLTGT,DAY,0,3644.33,3638.09,3644.33,6.24,1.00,6.24,3650.57,3656.81,3663.05,3669.28,3675.52,0.20,0.00,0.20,3650.57,1.00,1.00,0.00,3640.99,3639.42,3629.56,3640.78,3639.28,2.407,4.09,16.45,59.87,69.29,2.24,2.48,-0.24,3636.97,3646.19,1075,1489,57.1,14.3,11,1,CROSS=EMA9>EMA21;TREND=1;STRUCT=1;VOL=1;COOL=1;EMA50=1;VWAP=1;BIAS=1,0.99,-0.71,25413.68,25538.48,full target: no partial booked
615,2025.09.10 13:37:03,2025.09.10 16:07:03,SL_MOVE,XAUUSD,M15,240,BUY,FULLTGT,EVENING,0,3644.33,3638.09,3650.57,6.24,1.00,6.24,3650.57,3656.81,3663.05,3669.28,3675.52,0.20,0.00,0.20,3650.57,2.00,0.00,0.00,3642.87,3640.51,3630.51,3642.39,3640.23,2.531,3.95,33.57,70.29,68.69,3.65,2.71,0.94,3638.42,3654.53,1784,1646,100.0,0.0,5,1,CROSS=EMA9>EMA21;TREND=1;STRUCT=1;VOL=1;COOL=1;EMA50=1;VWAP=1;BIAS=1,2.00,-0.71,25413.68,25663.68,stop trailed to TP1
616,2025.09.10 13:37:03,2025.09.10 16:07:03,TP2_REACHED,XAUUSD,M15,240,BUY,FULLTGT,EVENING,0,3644.33,3638.09,3650.57,6.24,1.00,6.24,3650.57,3656.81,3663.05,3669.28,3675.52,0.20,0.00,0.20,3656.81,2.00,2.00,0.00,3642.87,3640.51,3630.51,3642.39,3640.23,2.531,3.95,33.57,70.29,68.69,3.65,2.71,0.94,3638.42,3654.53,1784,1646,100.0,0.0,5,1,CROSS=EMA9>EMA21;TREND=1;STRUCT=1;VOL=1;COOL=1;EMA50=1;VWAP=1;BIAS=1,2.00,-0.71,25413.68,25663.68,full target: no partial booked
617,2025.09.10 14:04:37,2025.09.10 16:34:37,EXIT_TRAIL_SL,XAUUSD,M15,240,BUY,FULLTGT,EVENING,0,3644.33,3638.09,3650.57,6.24,1.00,6.24,3650.57,3656.81,3663.05,3669.28,3675.52,0.20,0.20,0.00,3650.54,0.00,1.00,122.80,3643.80,3641.08,3630.99,3643.33,3640.79,2.793,3.61,38.48,71.40,59.97,3.94,3.04,0.90,3639.05,3655.35,1310,1652,85.7,0.0,10,1,CROSS=EMA9>EMA21;TREND=1;STRUCT=1;VOL=1;COOL=1;EMA50=1;VWAP=1;BIAS=1,2.13,-0.71,25537.18,25537.18,stopped at a trailed level
618,2025.09.11 01:00:00,2025.09.11 03:30:00,DAY_SUMMARY,XAUUSD,M15,240,FLAT,NA,DAY,0,0.00,0.00,0.00,0.00,1.00,0.00,0.00,0.00,0.00,0.00,0.00,0.00,0.00,0.00,0.00,0.00,-0.00,5.70,3644.40,3643.39,3635.83,3644.56,3643.45,2.380,3.18,30.44,43.77,47.19,-1.87,-1.33,-0.54,3643.06,3640.60,627,1498,14.3,71.4,9,1,CROSS=EMA9>EMA21;TREND=1;STRUCT=1;VOL=1;COOL=1;EMA50=1;VWAP=1;BIAS=1,0.00,0.00,25537.18,25537.18,2025.09.10 trades=2 W=1 L=1 gross_profit=122.80 gross_loss=117.10 net=5.70 PF=1.05
619,2025.09.11 06:15:00,2025.09.11 08:45:00,ENTRY,XAUUSD,M15,242,SELL,FULLTGT,DAY,0,3634.29,3641.95,3641.95,7.66,1.00,7.66,3626.63,3618.98,3611.32,3603.67,3596.01,0.16,0.16,0.16,3634.29,0.00,0.00,0.00,3642.88,3642.88,3636.99,3643.23,3643.06,1.539,3.83,33.32,35.09,35.65,-1.67,-0.27,-1.40,3642.07,3634.29,1511,1142,0.0,100.0,12,1,CROSS=EMA9<EMA21;TREND=1;STRUCT=1;VOL=1;COOL=1;EMA50=1;VWAP=1;BIAS=1,0.00,0.00,25536.62,25534.70,KZR=London H @ 3656.37 167 bars ago (high taken); DAY 12AM-4PM IST session: stop x1.00 of usual; no partials; full size to TP5; SL steps BE->TP1->TP2->TP3
620,2025.09.11 08:32:38,2025.09.11 11:02:38,SL_MOVE,XAUUSD,M15,242,SELL,FULLTGT,DAY,0,3634.29,3641.95,3634.29,7.66,1.00,7.66,3626.63,3618.98,3611.32,3603.67,3596.01,0.16,0.00,0.16,3634.29,1.00,0.00,0.00,3639.56,3641.08,3636.56,3639.90,3641.28,1.443,3.13,48.10,35.15,42.74,-3.25,-2.89,-0.36,3639.06,3631.19,1299,1302,0.0,85.7,11,1,CROSS=EMA9<EMA21;TREND=1;STRUCT=1;VOL=1;COOL=1;EMA50=1;VWAP=1;BIAS=1,0.99,-0.18,25536.62,25659.18,stop to breakeven
621,2025.09.11 08:32:38,2025.09.11 11:02:38,TP1_REACHED,XAUUSD,M15,242,SELL,FULLTGT,DAY,0,3634.29,3641.95,3634.29,7.66,1.00,7.66,3626.63,3618.98,3611.32,3603.67,3596.01,0.16,0.00,0.16,3626.63,1.00,1.00,0.00,3639.56,3641.08,3636.56,3639.90,3641.28,1.443,3.13,48.10,35.15,42.74,-3.25,-2.89,-0.36,3639.06,3631.19,1299,1302,0.0,85.7,11,1,CROSS=EMA9<EMA21;TREND=1;STRUCT=1;VOL=1;COOL=1;EMA50=1;VWAP=1;BIAS=1,0.99,-0.18,25536.62,25659.18,full target: no partial booked
622,2025.09.11 09:22:15,2025.09.11 11:52:15,EXIT_BE,XAUUSD,M15,242,SELL,FULLTGT,DAY,0,3634.29,3641.95,3634.29,7.66,1.00,7.66,3626.63,3618.98,3611.32,3603.67,3596.01,0.16,0.16,0.00,3634.32,0.00,-0.00,-1.60,3638.39,3640.39,3636.34,3638.62,3640.54,0.991,4.08,50.40,44.82,54.49,-3.35,-3.21,-0.14,3637.16,3632.57,2376,1455,28.6,71.4,5,1,CROSS=EMA9<EMA21;TREND=1;STRUCT=1;VOL=1;COOL=1;EMA50=1;VWAP=1;BIAS=1,1.49,-0.18,25535.58,25535.58,stopped at breakeven
623,2025.09.12 01:00:00,2025.09.12 03:30:00,DAY_SUMMARY,XAUUSD,M15,242,FLAT,NA,DAY,0,0.00,0.00,0.00,0.00,1.00,0.00,0.00,0.00,0.00,0.00,0.00,0.00,0.00,0.00,0.00,0.00,-0.00,-1.60,3632.73,3633.86,3633.66,3632.68,3633.86,0.079,2.48,18.51,50.88,44.83,0.99,1.21,-0.23,3631.72,3633.96,451,1449,28.6,42.9,9,1,CROSS=EMA9<EMA21;TREND=1;STRUCT=1;VOL=1;COOL=1;EMA50=1;VWAP=1;BIAS=1,0.00,0.00,25535.58,25535.58,2025.09.11 trades=1 W=0 L=1 gross_profit=0.00 gross_loss=1.60 net=-1.60 PF=0.00
624,2025.09.12 05:00:00,2025.09.12 07:30:00,ENTRY,XAUUSD,M15,244,BUY,FULLTGT,DAY,0,3646.43,3639.79,3639.79,6.64,1.00,6.64,3653.07,3659.70,3666.34,3672.98,3679.62,0.19,0.19,0.19,3646.43,0.00,0.00,0.00,3635.03,3634.81,3634.18,3634.57,3634.57,0.188,3.32,27.88,69.05,72.36,2.50,0.84,1.66,3639.20,3646.37,2615,1005,100.0,0.0,6,1,CROSS=EMA9>EMA21;TREND=1;STRUCT=1;VOL=1;COOL=1;EMA50=1;VWAP=1;BIAS=1,0.00,0.00,25534.91,25533.77,KZR=London H @ 3656.37 258 bars ago (high taken); DAY 12AM-4PM IST session: stop x1.00 of usual; no partials; full size to TP5; SL steps BE->TP1->TP2->TP3
625,2025.09.12 06:57:53,2025.09.12 09:27:53,SL_MOVE,XAUUSD,M15,244,BUY,FULLTGT,DAY,0,3646.43,3639.79,3646.43,6.64,1.00,6.64,3653.07,3659.70,3666.34,3672.98,3679.62,0.19,0.00,0.19,3646.43,1.00,0.00,0.00,3638.58,3636.73,3635.22,3638.06,3636.43,0.387,3.90,45.23,71.57,66.00,4.40,3.48,0.92,3642.96,3651.34,745,1424,85.7,0.0,8,1,CROSS=EMA9>EMA21;TREND=1;STRUCT=1;VOL=1;COOL=1;EMA50=1;VWAP=1;BIAS=1,1.00,-0.23,25534.91,25661.26,stop to breakeven
626,2025.09.12 06:57:53,2025.09.12 09:27:53,TP1_REACHED,XAUUSD,M15,244,BUY,FULLTGT,DAY,0,3646.43,3639.79,3646.43,6.64,1.00,6.64,3653.07,3659.70,3666.34,3672.98,3679.62,0.19,0.00,0.19,3653.07,1.00,1.00,0.00,3638.58,3636.73,3635.22,3638.06,3636.43,0.387,3.90,45.23,71.57,66.00,4.40,3.48,0.92,3642.96,3651.34,745,1424,85.7,0.0,8,1,CROSS=EMA9>EMA21;TREND=1;STRUCT=1;VOL=1;COOL=1;EMA50=1;VWAP=1;BIAS=1,1.00,-0.23,25534.91,25661.26,full target: no partial booked
627,2025.09.12 11:11:19,2025.09.12 13:41:19,EXIT_BE,XAUUSD,M15,244,BUY,FULLTGT,DAY,0,3646.43,3639.79,3646.43,6.64,1.00,6.64,3653.07,3659.70,3666.34,3672.98,3679.62,0.19,0.19,0.00,3646.38,0.00,-0.01,-2.29,3645.33,3641.25,3637.92,3645.20,3641.11,1.067,3.12,29.15,48.14,44.88,1.65,2.97,-1.32,3646.95,3648.40,1227,1308,42.9,42.9,11,1,CROSS=EMA9>EMA21;TREND=1;STRUCT=1;VOL=1;COOL=1;EMA50=1;VWAP=1;BIAS=1,1.55,-0.23,25533.29,25533.29,stopped at breakeven
628,2025.09.15 01:00:00,2025.09.15 03:30:00,DAY_SUMMARY,XAUUSD,M15,244,FLAT,NA,DAY,0,0.00,0.00,0.00,0.00,1.00,0.00,0.00,0.00,0.00,0.00,0.00,0.00,0.00,0.00,0.00,0.00,-0.01,-2.29,3646.35,3644.76,3641.49,3646.50,3644.80,1.719,1.90,44.40,39.06,39.41,-1.29,-0.46,-0.83,3646.83,3642.65,512,1089,14.3,71.4,9,1,CROSS=EMA9>EMA21;TREND=1;STRUCT=1;VOL=1;COOL=1;EMA50=1;VWAP=1;BIAS=1,0.00,0.00,25533.29,25533.29,2025.09.12 trades=1 W=0 L=1 gross_profit=0.00 gross_loss=2.29 net=-2.29 PF=0.00
629,2025.09.15 01:00:00,2025.09.15 03:30:00,WEEK_SUMMARY,XAUUSD,M15,244,FLAT,NA,DAY,0,0.00,0.00,0.00,0.00,1.00,0.00,0.00,0.00,0.00,0.00,0.00,0.00,0.00,0.00,0.00,0.00,-0.02,1.81,3646.35,3644.76,3641.49,3646.50,3644.80,1.719,1.90,44.40,39.06,39.41,-1.29,-0.46,-0.83,3646.83,3642.65,512,1089,14.3,71.4,9,1,CROSS=EMA9>EMA21;TREND=1;STRUCT=1;VOL=1;COOL=1;EMA50=1;VWAP=1;BIAS=1,0.00,0.00,25533.29,25533.29,days=3 trades=4 W=1 L=3 gross_profit=122.80 gross_loss=120.99 net=1.81 PF=1.01 pips=-551.0
630,2025.09.15 04:00:00,2025.09.15 06:30:00,ENTRY,XAUUSD,M15,246,SELL,FULLTGT,DAY,0,3633.43,3639.60,3639.60,6.17,1.00,6.17,3627.26,3621.10,3614.93,3608.77,3602.60,0.20,0.20,0.20,3633.43,0.00,0.00,0.00,3643.58,3643.58,3641.25,3643.99,3643.79,0.758,3.08,45.06,29.41,35.37,-2.76,-2.07,-0.69,3639.32,3633.43,1235,981,0.0,100.0,5,1,CROSS=EMA9<EMA21;TREND=1;STRUCT=1;VOL=1;COOL=1;EMA50=1;VWAP=1;BIAS=1,0.00,0.00,25532.59,25531.59,KZR=London H @ 3656.37 542 bars ago (high taken); DAY 12AM-4PM IST session: stop x1.00 of usual; no partials; full size to TP5; SL steps BE->TP1->TP2->TP3
631,2025.09.15 04:12:37,2025.09.15 06:42:37,SL_MOVE,XAUUSD,M15,246,SELL,FULLTGT,DAY,0,3633.43,3639.60,3633.43,6.17,1.00,6.17,3627.26,3621.10,3614.93,3608.77,3602.60,0.20,0.00,0.20,3633.43,1.00,0.00,0.00,3643.58,3643.58,3641.25,3643.99,3643.79,0.758,3.08,45.06,29.41,29.44,-2.76,-2.07,-0.69,3639.32,3633.43,1235,981,0.0,100.0,12,1,CROSS=EMA9<EMA21;TREND=1;STRUCT=1;VOL=1;COOL=1;EMA50=1;VWAP=1;BIAS=1,1.00,-0.15,25532.59,25656.39,stop to breakeven
632,2025.09.15 04:12:37,2025.09.15 06:42:37,TP1_REACHED,XAUUSD,M15,246,SELL,FULLTGT,DAY,0,3633.43,3639.60,3633.43,6.17,1.00,6.17,3627.26,3621.10,3614.93,3608.77,3602.60,0.20,0.00,0.20,3627.26,1.00,1.00,0.00,3643.58,3643.58,3641.25,3643.99,3643.79,0.758,3.08,45.06,29.41,29.44,-2.76,-2.07,-0.69,3639.32,3633.43,1235,981,0.0,100.0,12,1,CROSS=EMA9<EMA21;TREND=1;STRUCT=1;VOL=1;COOL=1;EMA50=1;VWAP=1;BIAS=1,1.00,-0.15,25532.59,25656.39,full target: no partial booked
633,2025.09.15 04:50:39,2025.09.15 07:20:39,EXIT_BE,XAUUSD,M15,246,SELL,FULLTGT,DAY,0,3633.43,3639.60,3633.43,6.17,1.00,6.17,3627.26,3621.10,3614.93,3608.77,3602.60,0.20,0.20,0.00,3633.43,0.00,-0.00,-1.40,3642.12,3642.83,3640.93,3642.56,3643.06,0.493,3.84,50.59,32.17,46.18,-3.71,-2.69,-1.02,3636.19,3631.29,1769,1147,0.0,100.0,5,1,CROSS=EMA9<EMA21;TREND=1;STRUCT=1;VOL=1;COOL=1;EMA50=1;VWAP=1;BIAS=1,1.10,-0.15,25531.89,25531.89,stopped at breakeven
634,2025.09.15 16:15:00,2025.09.15 18:45:00,ENTRY,XAUUSD,M15,248,BUY,FULLTGT,EVENING,0,3649.67,3641.17,3641.17,8.50,1.00,8.50,3658.17,3666.66,3675.16,3683.65,3692.15,0.15,0.15,0.15,3649.67,0.00,0.00,0.00,3642.93,3642.87,3641.63,3642.66,3642.73,0.292,4.25,15.32,59.06,63.73,1.21,0.49,0.72,3641.05,3649.62,2475,1726,71.4,14.3,5,1,CROSS=EMA9>EMA21;TREND=1;STRUCT=1;VOL=1;COOL=1;EMA50=1;VWAP=1;BIAS=1,0.00,0.00,25531.36,25530.61,KZR=London H @ 3656.37 591 bars ago (high taken); EVENING 4PM-12AM IST session: stop x1.00 of usual; no partials; full size to TP5; SL steps BE->TP1->TP2->TP3
635,2025.09.15 16:37:28,2025.09.15 19:07:28,SL_MOVE,XAUUSD,M15,248,BUY,FULLTGT,EVENING,0,3649.67,3641.17,3649.67,8.50,1.00,8.50,3658.17,3666.66,3675.16,3683.65,3692.15,0.15,0.00,0.15,3649.67,1.00,0.00,0.00,3643.36,3643.09,3641.75,3642.93,3642.87,0.315,4.24,16.48,63.48,73.14,1.85,0.67,1.18,3641.32,3653.80,2249,1772,85.7,0.0,6,1,CROSS=EMA9>EMA21;TREND=1;STRUCT=1;VOL=1;COOL=1;EMA50=1;VWAP=1;BIAS=1,1.00,-0.17,25531.36,25659.46,stop to breakeven
636,2025.09.15 16:37:28,2025.09.15 19:07:28,TP1_REACHED,XAUUSD,M15,248,BUY,FULLTGT,EVENING,0,3649.67,3641.17,3649.67,8.50,1.00,8.50,3658.17,3666.66,3675.16,3683.65,3692.15,0.15,0.00,0.15,3658.17,1.00,1.00,0.00,3643.36,3643.09,3641.75,3642.93,3642.87,0.315,4.24,16.48,63.48,73.14,1.85,0.67,1.18,3641.32,3653.80,2249,1772,85.7,0.0,6,1,CROSS=EMA9>EMA21;TREND=1;STRUCT=1;VOL=1;COOL=1;EMA50=1;VWAP=1;BIAS=1,1.00,-0.17,25531.36,25659.46,full target: no partial booked
637,2025.09.15 18:25:26,2025.09.15 20:55:26,SL_MOVE,XAUUSD,M15,248,BUY,FULLTGT,EVENING,0,3649.67,3641.17,3658.17,8.50,1.00,8.50,3658.17,3666.66,3675.16,3683.65,3692.15,0.15,0.00,0.15,3658.17,2.00,0.00,0.00,3647.74,3645.46,3643.06,3647.04,3645.07,0.435,5.50,31.83,67.14,72.62,5.50,3.70,1.80,3644.47,3664.82,2135,2151,85.7,0.0,5,1,CROSS=EMA9>EMA21;TREND=1;STRUCT=1;VOL=1;COOL=1;EMA50=1;VWAP=1;BIAS=1,2.00,-0.17,25531.36,25786.66,stop trailed to TP1
638,2025.09.15 18:25:26,2025.09.15 20:55:26,TP2_REACHED,XAUUSD,M15,248,BUY,FULLTGT,EVENING,0,3649.67,3641.17,3658.17,8.50,1.00,8.50,3658.17,3666.66,3675.16,3683.65,3692.15,0.15,0.00,0.15,3666.66,2.00,2.00,0.00,3647.74,3645.46,3643.06,3647.04,3645.07,0.435,5.50,31.83,67.14,72.62,5.50,3.70,1.80,3644.47,3664.82,2135,2151,85.7,0.0,5,1,CROSS=EMA9>EMA21;TREND=1;STRUCT=1;VOL=1;COOL=1;EMA50=1;VWAP=1;BIAS=1,2.00,-0.17,25531.36,25786.66,full target: no partial booked
639,2025.09.15 18:54:18,2025.09.15 21:24:18,SL_MOVE,XAUUSD,M15,248,BUY,FULLTGT,EVENING,0,3649.67,3641.17,3666.66,8.50,1.00,8.50,3658.17,3666.66,3675.16,3683.65,3692.15,0.15,0.00,0.15,3666.66,3.00,0.00,0.00,3649.30,3646.34,3643.56,3648.51,3645.89,0.513,5.42,40.36,69.99,82.84,6.29,4.72,1.58,3645.24,3668.53,1862,2192,85.7,0.0,9,1,CROSS=EMA9>EMA21;TREND=1;STRUCT=1;VOL=1;COOL=1;EMA50=1;VWAP=1;BIAS=1,2.99,-0.17,25531.36,25913.86,stop trailed to TP2
640,2025.09.15 18:54:18,2025.09.15 21:24:18,TP3_REACHED,XAUUSD,M15,248,BUY,FULLTGT,EVENING,0,3649.67,3641.17,3666.66,8.50,1.00,8.50,3658.17,3666.66,3675.16,3683.65,3692.15,0.15,0.00,0.15,3675.16,3.00,3.00,0.00,3649.30,3646.34,3643.56,3648.51,3645.89,0.513,5.42,40.36,69.99,82.84,6.29,4.72,1.58,3645.24,3668.53,1862,2192,85.7,0.0,9,1,CROSS=EMA9>EMA21;TREND=1;STRUCT=1;VOL=1;COOL=1;EMA50=1;VWAP=1;BIAS=1,2.99,-0.17,25531.36,25913.86,full target: no partial booked
641,2025.09.15 19:28:35,2025.09.15 21:58:35,SL_MOVE,XAUUSD,M15,248,BUY,FULLTGT,EVENING,0,3649.67,3641.17,3675.16,8.50,1.00,8.50,3658.17,3666.66,3675.16,3683.65,3692.15,0.15,0.00,0.15,3675.16,4.00,0.00,0.00,3651.71,3647.69,3644.29,3650.52,3647.02,0.569,5.97,49.32,77.43,82.69,8.33,5.74,2.59,3646.86,3680.96,2618,2314,100.0,0.0,5,1,CROSS=EMA9>EMA21;TREND=1;STRUCT=1;VOL=1;COOL=1;EMA50=1;VWAP=1;BIAS=1,4.00,-0.17,25531.36,26041.66,stop trailed to TP3
642,2025.09.15 19:28:35,2025.09.15 21:58:35,TP4_REACHED,XAUUSD,M15,248,BUY,FULLTGT,EVENING,0,3649.67,3641.17,3675.16,8.50,1.00,8.50,3658.17,3666.66,3675.16,3683.65,3692.15,0.15,0.00,0.15,3683.65,4.00,4.00,0.00,3651.71,3647.69,3644.29,3650.52,3647.02,0.569,5.97,49.32,77.43,82.69,8.33,5.74,2.59,3646.86,3680.96,2618,2314,100.0,0.0,5,1,CROSS=EMA9>EMA21;TREND=1;STRUCT=1;VOL=1;COOL=1;EMA50=1;VWAP=1;BIAS=1,4.00,-0.17,25531.36,26041.66,full target: no partial booked
643,2025.09.15 19:46:40,2025.09.15 22:16:40,EXIT_TRAIL_SL,XAUUSD,M15,248,BUY,FULLTGT,EVENING,0,3649.67,3641.17,3675.16,8.50,1.00,8.50,3658.17,3666.66,3675.16,3683.65,3692.15,0.15,0.15,0.00,3675.14,0.00,3.00,380.99,3654.00,3649.01,3645.03,3652.99,3648.41,0.647,6.16,54.63,70.29,62.59,9.30,6.87,2.43,3648.18,3678.85,2448,2400,85.7,14.3,5,1,CROSS=EMA9>EMA21;TREND=1;STRUCT=1;VOL=1;COOL=1;EMA50=1;VWAP=1;BIAS=1,4.23,-0.17,25912.88,25912.88,stopped at a trailed level
644,2025.09.16 01:00:00,2025.09.16 03:30:00,DAY_SUMMARY,XAUUSD,M15,248,FLAT,NA,DAY,0,0.00,0.00,0.00,0.00,1.00,0.00,0.00,0.00,0.00,0.00,0.00,0.00,0.00,0.00,0.00,0.00,3.00,379.59,3666.85,3657.95,3650.50,3666.36,3657.53,2.802,2.66,25.62,58.30,40.03,4.67,5.92,-1.25,3653.24,3678.71,601,1523,57.1,28.6,9,1,CROSS=EMA9>EMA21;TREND=1;STRUCT=1;VOL=1;COOL=1;EMA50=1;VWAP=1;BIAS=1,0.00,0.00,25912.88,25912.88,2025.09.15 trades=2 W=1 L=1 gross_profit=380.99 gross_loss=1.40 net=379.59 PF=272.14
645,2025.09.17 10:15:00,2025.09.17 12:45:00,ENTRY,XAUUSD,M15,250,SELL,FULLTGT,DAY,0,3671.13,3678.82,3678.82,7.69,1.00,7.69,3663.44,3655.75,3648.06,3640.38,3632.69,0.16,0.16,0.16,3671.13,0.00,0.00,0.00,3683.42,3683.50,3676.47,3683.91,3683.74,1.828,3.84,45.47,32.55,37.48,-3.46,-2.59,-0.86,3681.99,3671.26,2292,1494,0.0,100.0,5,1,CROSS=EMA9<EMA21;TREND=1;STRUCT=1;VOL=1;COOL=1;EMA50=1;VWAP=1;BIAS=1,0.00,0.00,25912.32,25911.52,KZR=London H @ 3697.16 87 bars ago (high taken); DAY 12AM-4PM IST session: stop x1.00 of usual; no partials; full size to TP5; SL steps BE->TP1->TP2->TP3
646,2025.09.17 11:23:15,2025.09.17 13:53:15,SL_MOVE,XAUUSD,M15,250,SELL,FULLTGT,DAY,0,3671.13,3678.82,3671.13,7.69,1.00,7.69,3663.44,3655.75,3648.06,3640.38,3632.69,0.16,0.00,0.16,3671.13,1.00,0.00,0.00,3681.07,3682.27,3676.12,3681.72,3682.62,1.339,4.59,59.57,29.79,36.12,-4.70,-3.54,-1.15,3680.19,3665.28,1939,1472,0.0,100.0,11,1,CROSS=EMA9<EMA21;TREND=1;STRUCT=1;VOL=1;COOL=1;EMA50=1;VWAP=1;BIAS=1,1.00,-0.06,25912.32,26035.36,stop to breakeven
647,2025.09.17 11:23:15,2025.09.17 13:53:15,TP1_REACHED,XAUUSD,M15,250,SELL,FULLTGT,DAY,0,3671.13,3678.82,3671.13,7.69,1.00,7.69,3663.44,3655.75,3648.06,3640.38,3632.69,0.16,0.00,0.16,3663.44,1.00,1.00,0.00,3681.07,3682.27,3676.12,3681.72,3682.62,1.339,4.59,59.57,29.79,36.12,-4.70,-3.54,-1.15,3680.19,3665.28,1939,1472,0.0,100.0,11,1,CROSS=EMA9<EMA21;TREND=1;STRUCT=1;VOL=1;COOL=1;EMA50=1;VWAP=1;BIAS=1,1.00,-0.06,25912.32,26035.36,full target: no partial booked
648,2025.09.17 15:11:01,2025.09.17 17:41:01,EXIT_BE,XAUUSD,M15,250,SELL,FULLTGT,EVENING,0,3671.13,3678.82,3671.13,7.69,1.00,7.69,3663.44,3655.75,3648.06,3640.38,3632.69,0.16,0.16,0.00,3671.15,0.00,-0.00,-1.44,3674.37,3678.12,3674.75,3674.71,3678.36,0.768,4.39,35.23,42.91,60.75,-2.95,-3.66,0.71,3675.40,3665.99,2380,1982,28.6,71.4,5,1,CROSS=EMA9<EMA21;TREND=1;STRUCT=1;VOL=1;COOL=1;EMA50=1;VWAP=1;BIAS=1,1.44,-0.06,25911.44,25911.44,stopped at breakeven
649,2025.09.17 21:15:00,2025.09.17 23:45:00,ENTRY,XAUUSD,M15,252,BUY,FULLTGT,EVENING,0,3688.05,3674.48,3674.48,13.57,1.00,13.57,3701.62,3715.19,3728.76,3742.34,3755.91,0.09,0.09,0.09,3688.05,0.00,0.00,0.00,3679.97,3679.93,3676.45,3679.64,3679.77,0.512,6.79,29.62,64.34,51.50,2.94,3.36,-0.42,3677.67,3687.93,5589,2321,85.7,14.3,4,1,CROSS=EMA9>EMA21;TREND=1;STRUCT=1;VOL=1;COOL=1;EMA50=1;VWAP=1;BIAS=1,0.00,0.00,25911.12,25910.76,KZR=Asia H @ 3695.32 0 bars ago (high taken); EVENING 4PM-12AM IST session: stop x1.00 of usual; no partials; full size to TP5; SL steps BE->TP1->TP2->TP3
650,2025.09.17 21:32:40,2025.09.18 00:02:40,EXIT_SL,XAUUSD,M15,252,BUY,FULLTGT,DAY,0,3688.05,3674.48,3674.48,13.57,1.00,13.57,3701.62,3715.19,3728.76,3742.34,3755.91,0.09,0.09,0.00,3674.43,0.00,-1.00,-123.22,3680.06,3679.98,3676.51,3679.97,3679.93,0.467,7.42,26.13,51.27,44.94,2.53,3.22,-0.69,3677.92,3682.42,5128,2453,57.1,42.9,10,1,CROSS=EMA9>EMA21;TREND=1;STRUCT=1;VOL=1;COOL=1;EMA50=1;VWAP=1;BIAS=1,0.33,-1.00,25788.22,25788.22,stopped at the initial SL (x1.00 of usual)
651,2025.09.17 21:45:00,2025.09.18 00:15:00,ENTRY,XAUUSD,M15,254,SELL,FULLTGT,DAY,0,3663.55,3681.39,3681.39,17.84,1.00,17.84,3645.71,3627.87,3610.03,3592.18,3574.34,0.07,0.07,0.07,3663.55,0.00,0.00,0.00,3679.41,3679.65,3676.38,3680.06,3679.98,0.367,8.92,25.89,29.31,29.80,0.68,2.86,-2.18,3677.60,3663.55,5842,2573,0.0,100.0,5,1,CROSS=EMA9<EMA21;TREND=1;STRUCT=1;VOL=1;COOL=1;EMA50=1;VWAP=1;BIAS=1,0.00,0.00,25787.97,25787.62,KZR=Asia H @ 3695.32 2 bars ago (high taken); DAY 12AM-4PM IST session: stop x1.00 of usual; no partials; full size to TP5; SL steps BE->TP1->TP2->TP3
652,2025.09.18 01:00:00,2025.09.18 03:30:00,DAY_SUMMARY,XAUUSD,M15,254,SELL,FULLTGT,DAY,0,3663.55,3681.39,3681.39,17.84,1.00,17.84,3645.71,3627.87,3610.03,3592.18,3574.34,0.07,0.00,0.00,0.00,0.00,-1.01,-124.66,3673.09,3676.15,3674.83,3673.63,3676.48,0.102,13.01,38.96,38.33,45.73,-5.72,-4.61,-1.11,3674.61,3659.84,797,2891,0.0,85.7,9,1,CROSS=EMA9<EMA21;TREND=1;STRUCT=1;VOL=1;COOL=1;EMA50=1;VWAP=1;BIAS=1,0.97,-0.19,25787.97,25828.54,2025.09.17 trades=2 W=0 L=2 gross_profit=0.00 gross_loss=124.66 net=-124.66 PF=0.00
653,2025.09.18 09:04:28,2025.09.18 11:34:28,SL_MOVE,XAUUSD,M15,254,SELL,FULLTGT,DAY,0,3663.55,3681.39,3663.55,17.84,1.00,17.84,3645.71,3627.87,3610.03,3592.18,3574.34,0.07,0.00,0.07,3663.55,1.00,0.00,0.00,3663.46,3668.71,3670.97,3663.95,3669.05,-0.616,3.67,36.42,36.43,36.93,-2.89,-2.30,-0.58,3660.03,3651.55,2329,1751,0.0,100.0,11,1,CROSS=EMA9<EMA21;TREND=1;STRUCT=1;VOL=1;COOL=1;EMA50=1;VWAP=1;BIAS=1,1.00,-0.48,25787.97,25922.34,stop to breakeven
654,2025.09.18 09:04:28,2025.09.18 11:34:28,TP1_REACHED,XAUUSD,M15,254,SELL,FULLTGT,DAY,0,3663.55,3681.39,3663.55,17.84,1.00,17.84,3645.71,3627.87,3610.03,3592.18,3574.34,0.07,0.00,0.07,3645.71,1.00,1.00,0.00,3663.46,3668.71,3670.97,3663.95,3669.05,-0.616,3.67,36.42,36.43,36.93,-2.89,-2.30,-0.58,3660.03,3651.55,2329,1751,0.0,100.0,11,1,CROSS=EMA9<EMA21;TREND=1;STRUCT=1;VOL=1;COOL=1;EMA50=1;VWAP=1;BIAS=1,1.00,-0.48,25787.97,25922.34,full target: no partial booked
655,2025.09.18 11:53:28,2025.09.18 14:23:28,EXIT_BE,XAUUSD,M15,254,SELL,FULLTGT,DAY,0,3663.55,3681.39,3663.55,17.84,1.00,17.84,3645.71,3627.87,3610.03,3592.18,3574.34,0.07,0.07,0.00,3663.57,0.00,-0.00,8.71,3658.63,3664.88,3668.68,3658.47,3664.93,-0.571,6.67,30.08,58.53,72.26,-0.91,-4.03,3.11,3655.43,3662.37,2009,1994,85.7,14.3,5,1,CROSS=EMA9<EMA21;TREND=1;STRUCT=1;VOL=1;COOL=1;EMA50=1;VWAP=1;BIAS=1,1.66,-0.48,25796.93,25796.93,stopped at breakeven
656,2025.09.19 01:00:00,2025.09.19 03:30:00,DAY_SUMMARY,XAUUSD,M15,254,FLAT,NA,DAY,0,0.00,0.00,0.00,0.00,1.00,0.00,0.00,0.00,0.00,0.00,0.00,0.00,0.00,0.00,0.00,0.00,-0.00,8.71,3648.87,3655.11,3661.62,3649.06,3655.33,-3.411,1.91,21.32,47.25,50.34,-1.10,-1.99,0.89,3653.29,3644.36,479,1245,28.6,42.9,8,1,CROSS=EMA9<EMA21;TREND=1;STRUCT=1;VOL=1;COOL=1;EMA50=1;VWAP=1;BIAS=1,0.00,0.00,25796.93,25796.93,2025.09.18 trades=1 W=1 L=0 gross_profit=8.71 gross_loss=0.00 net=8.71 PF=0.00
657,2025.09.19 17:30:00,2025.09.19 20:00:00,ENTRY,XAUUSD,M15,256,BUY,FULLTGT,EVENING,0,3664.12,3653.49,3653.49,10.63,1.00,10.63,3674.75,3685.38,3696.01,3706.64,3717.27,0.12,0.12,0.12,3664.12,0.00,0.00,0.00,3653.17,3653.07,3656.77,3652.73,3652.85,-0.696,5.31,28.72,65.90,66.88,1.91,0.02,1.89,3651.32,3664.02,3166,1937,100.0,0.0,5,1,CROSS=EMA9>EMA21;TREND=1;STRUCT=1;VOL=1;COOL=1;EMA50=1;VWAP=1;BIAS=1,0.00,0.00,25796.51,25795.91,KZR=London L @ 3633.70 99 bars ago (low taken); EVENING 4PM-12AM IST session: stop x1.00 of usual; no partials; full size to TP5; SL steps BE->TP1->TP2->TP3
658,2025.09.19 18:21:38,2025.09.19 20:51:38,SL_MOVE,XAUUSD,M15,256,BUY,FULLTGT,EVENING,0,3664.12,3653.49,3664.12,10.63,1.00,10.63,3674.75,3685.38,3696.01,3706.64,3717.27,0.12,0.00,0.12,3664.12,1.00,0.00,0.00,3654.85,3653.94,3657.10,3654.14,3653.57,-0.553,5.71,33.67,74.10,72.16,3.77,1.35,2.42,3652.50,3672.30,3120,2210,100.0,0.0,5,1,CROSS=EMA9>EMA21;TREND=1;STRUCT=1;VOL=1;COOL=1;EMA50=1;VWAP=1;BIAS=1,1.00,-0.15,25796.51,25924.07,stop to breakeven
659,2025.09.19 18:21:38,2025.09.19 20:51:38,TP1_REACHED,XAUUSD,M15,256,BUY,FULLTGT,EVENING,0,3664.12,3653.49,3664.12,10.63,1.00,10.63,3674.75,3685.38,3696.01,3706.64,3717.27,0.12,0.00,0.12,3674.75,1.00,1.00,0.00,3654.85,3653.94,3657.10,3654.14,3653.57,-0.553,5.71,33.67,74.10,72.16,3.77,1.35,2.42,3652.50,3672.30,3120,2210,100.0,0.0,5,1,CROSS=EMA9>EMA21;TREND=1;STRUCT=1;VOL=1;COOL=1;EMA50=1;VWAP=1;BIAS=1,1.00,-0.15,25796.51,25924.07,full target: no partial booked
660,2025.09.19 23:42:00,2025.09.20 02:12:00,EXIT_WEEKEND,XAUUSD,M15,256,BUY,FULLTGT,DAY,0,3664.12,3653.49,3664.12,10.63,1.00,10.63,3674.75,3685.38,3696.01,3706.64,3717.27,0.12,0.12,0.00,3684.38,0.00,1.91,0.00,3668.00,3661.96,3660.87,3667.38,3661.53,0.416,2.63,49.59,70.33,65.33,5.77,6.12,-0.35,3657.93,3683.25,822,1624,71.4,14.3,40,1,CROSS=EMA9>EMA21;TREND=1;STRUCT=1;VOL=1;COOL=1;EMA50=1;VWAP=1;BIAS=1,1.99,-0.15,26039.21,26039.21,WEEKEND exit
661,2025.09.19 23:42:01,2025.09.20 02:12:01,EXIT_WEEKEND,XAUUSD,M15,256,BUY,FULLTGT,DAY,0,3664.12,3653.49,3664.12,10.63,1.00,10.63,3674.75,3685.38,3696.01,3706.64,3717.27,0.12,0.12,0.00,3684.38,0.00,1.91,242.28,3668.00,3661.96,3660.87,3667.38,3661.53,0.416,2.63,49.59,70.33,65.33,5.77,6.12,-0.35,3657.93,3683.25,822,1624,71.4,14.3,40,1,CROSS=EMA9>EMA21;TREND=1;STRUCT=1;VOL=1;COOL=1;EMA50=1;VWAP=1;BIAS=1,1.99,-0.15,26039.21,26039.21,flattened before the Friday close
662,2025.09.22 01:00:00,2025.09.22 03:30:00,DAY_SUMMARY,XAUUSD,M15,256,FLAT,NA,DAY,0,0.00,0.00,0.00,0.00,1.00,0.00,0.00,0.00,0.00,0.00,0.00,0.00,0.00,0.00,0.00,0.00,1.91,242.28,3669.30,3662.86,3661.34,3668.66,3662.41,0.598,2.53,47.00,72.73,65.60,5.57,6.07,-0.50,3658.14,3685.12,500,1476,71.4,14.3,8,1,CROSS=EMA9>EMA21;TREND=1;STRUCT=1;VOL=1;COOL=1;EMA50=1;VWAP=1;BIAS=1,0.00,0.00,26039.21,26039.21,2025.09.19 trades=1 W=1 L=0 gross_profit=242.28 gross_loss=0.00 net=242.28 PF=0.00
663,2025.09.22 01:00:00,2025.09.22 03:30:00,WEEK_SUMMARY,XAUUSD,M15,256,FLAT,NA,DAY,0,0.00,0.00,0.00,0.00,1.00,0.00,0.00,0.00,0.00,0.00,0.00,0.00,0.00,0.00,0.00,0.00,3.90,505.92,3669.30,3662.86,3661.34,3668.66,3662.41,0.598,2.53,47.00,72.73,65.60,5.57,6.07,-0.50,3658.14,3685.12,500,1476,71.4,14.3,8,1,CROSS=EMA9>EMA21;TREND=1;STRUCT=1;VOL=1;COOL=1;EMA50=1;VWAP=1;BIAS=1,0.00,0.00,26039.21,26039.21,days=4 trades=6 W=3 L=3 gross_profit=631.98 gross_loss=126.06 net=505.92 PF=5.01 pips=3207.0
664,2025.09.24 19:00:00,2025.09.24 21:30:00,ENTRY,XAUUSD,M15,258,SELL,FULLTGT,EVENING,0,3741.11,3754.13,3754.13,13.02,1.00,13.02,3728.09,3715.07,3702.05,3689.04,3676.02,0.10,0.10,0.10,3741.11,0.00,0.00,0.00,3763.04,3763.12,3752.04,3763.94,3763.56,1.701,6.51,43.85,22.18,26.24,-5.41,-2.89,-2.52,3763.76,3741.14,2835,2627,0.0,100.0,4,1,CROSS=EMA9<EMA21;TREND=1;STRUCT=1;VOL=1;COOL=1;EMA50=1;VWAP=1;BIAS=1,0.00,0.00,26038.86,26038.46,KZR=Asia H @ 3771.84 42 bars ago (high taken); EVENING 4PM-12AM IST session: stop x1.00 of usual; no partials; full size to TP5; SL steps BE->TP1->TP2->TP3
665,2025.09.24 21:10:40,2025.09.24 23:40:40,SL_MOVE,XAUUSD,M15,258,SELL,FULLTGT,EVENING,0,3741.11,3754.13,3741.11,13.02,1.00,13.02,3728.09,3715.07,3702.05,3689.04,3676.02,0.10,0.00,0.10,3741.11,1.00,0.00,0.00,3755.91,3759.27,3750.90,3756.83,3759.80,1.469,5.70,70.83,22.81,27.09,-8.23,-7.12,-1.12,3760.77,3733.20,1434,2673,0.0,85.7,9,1,CROSS=EMA9<EMA21;TREND=1;STRUCT=1;VOL=1;COOL=1;EMA50=1;VWAP=1;BIAS=1,1.00,-0.33,26038.86,26169.16,stop to breakeven
666,2025.09.24 21:10:40,2025.09.24 23:40:40,TP1_REACHED,XAUUSD,M15,258,SELL,FULLTGT,EVENING,0,3741.11,3754.13,3741.11,13.02,1.00,13.02,3728.09,3715.07,3702.05,3689.04,3676.02,0.10,0.00,0.10,3728.09,1.00,1.00,0.00,3755.91,3759.27,3750.90,3756.83,3759.80,1.469,5.70,70.83,22.81,27.09,-8.23,-7.12,-1.12,3760.77,3733.20,1434,2673,0.0,85.7,9,1,CROSS=EMA9<EMA21;TREND=1;STRUCT=1;VOL=1;COOL=1;EMA50=1;VWAP=1;BIAS=1,1.00,-0.33,26038.86,26169.16,full target: no partial booked
667,2025.09.25 01:15:25,2025.09.25 03:45:25,EXIT_BE,XAUUSD,M15,258,SELL,FULLTGT,DAY,0,3741.11,3754.13,3741.11,13.02,1.00,13.02,3728.09,3715.07,3702.05,3689.04,3676.02,0.10,0.10,0.00,3741.14,0.00,-0.00,12.36,3745.47,3752.54,3748.32,3745.71,3752.80,0.958,4.41,46.16,52.45,71.26,-4.30,-7.57,3.27,3738.71,3739.63,897,1762,57.1,28.6,5,1,CROSS=EMA9<EMA21;TREND=1;STRUCT=1;VOL=1;COOL=1;EMA50=1;VWAP=1;BIAS=1,1.81,-0.33,26051.57,26051.57,stopped at breakeven
668,2025.09.26 01:00:00,2025.09.26 03:30:00,DAY_SUMMARY,XAUUSD,M15,258,FLAT,NA,DAY,0,0.00,0.00,0.00,0.00,1.00,0.00,0.00,0.00,0.00,0.00,0.00,0.00,0.00,0.00,0.00,0.00,-0.00,12.36,3744.61,3745.49,3745.69,3744.43,3745.42,-0.036,5.57,22.76,54.51,49.71,2.53,2.71,-0.19,3742.78,3749.10,817,1912,28.6,42.9,8,1,CROSS=EMA9<EMA21;TREND=1;STRUCT=1;VOL=1;COOL=1;EMA50=1;VWAP=1;BIAS=1,0.00,0.00,26051.57,26051.57,2025.09.25 trades=1 W=1 L=0 gross_profit=12.36 gross_loss=0.00 net=12.36 PF=0.00
669,2025.09.26 11:30:00,2025.09.26 14:00:00,ENTRY,XAUUSD,M15,260,BUY,FULLTGT,DAY,0,3751.02,3741.21,3741.21,9.81,1.00,9.81,3760.83,3770.64,3780.45,3790.26,3800.07,0.13,0.13,0.13,3751.02,0.00,0.00,0.00,3745.37,3745.35,3745.49,3745.14,3745.23,-0.029,4.91,24.42,57.81,57.67,1.18,0.86,0.32,3744.75,3751.03,1594,1582,85.7,0.0,5,1,CROSS=EMA9>EMA21;TREND=1;STRUCT=1;VOL=1;COOL=1;EMA50=1;VWAP=1;BIAS=1,0.00,0.00,26051.11,26050.46,KZR=Asia H @ 3771.84 204 bars ago (high taken); DAY 12AM-4PM IST session: stop x1.00 of usual; no partials; full size to TP5; SL steps BE->TP1->TP2->TP3
670,2025.09.26 16:08:30,2025.09.26 18:38:30,SL_MOVE,XAUUSD,M15,260,BUY,FULLTGT,EVENING,0,3751.02,3741.21,3751.02,9.81,1.00,9.81,3760.83,3770.64,3780.45,3790.26,3800.07,0.13,0.00,0.13,3751.02,1.00,0.00,0.00,3747.81,3746.79,3746.25,3747.63,3746.68,0.126,4.24,15.70,55.36,59.02,1.04,0.79,0.25,3746.63,3752.08,2931,1730,85.7,0.0,7,1,CROSS=EMA9>EMA21;TREND=1;STRUCT=1;VOL=1;COOL=1;EMA50=1;VWAP=1;BIAS=1,0.99,-0.82,26051.11,26178.77,stop to breakeven
671,2025.09.26 16:08:30,2025.09.26 18:38:30,TP1_REACHED,XAUUSD,M15,260,BUY,FULLTGT,EVENING,0,3751.02,3741.21,3751.02,9.81,1.00,9.81,3760.83,3770.64,3780.45,3790.26,3800.07,0.13,0.00,0.13,3760.83,1.00,1.00,0.00,3747.81,3746.79,3746.25,3747.63,3746.68,0.126,4.24,15.70,55.36,59.02,1.04,0.79,0.25,3746.63,3752.08,2931,1730,85.7,0.0,7,1,CROSS=EMA9>EMA21;TREND=1;STRUCT=1;VOL=1;COOL=1;EMA50=1;VWAP=1;BIAS=1,0.99,-0.82,26051.11,26178.77,full target: no partial booked
672,2025.09.26 17:08:28,2025.09.26 19:38:28,SL_MOVE,XAUUSD,M15,260,BUY,FULLTGT,EVENING,0,3751.02,3741.21,3760.83,9.81,1.00,9.81,3760.83,3770.64,3780.45,3790.26,3800.07,0.13,0.00,0.13,3760.83,2.00,0.00,0.00,3749.69,3747.85,3746.82,3749.19,3747.56,0.172,6.00,24.48,62.55,70.06,3.03,1.62,1.41,3748.39,3761.85,3794,2182,85.7,0.0,7,1,CROSS=EMA9>EMA21;TREND=1;STRUCT=1;VOL=1;COOL=1;EMA50=1;VWAP=1;BIAS=1,2.00,-0.82,26051.11,26306.56,stop trailed to TP1
673,2025.09.26 17:08:28,2025.09.26 19:38:28,TP2_REACHED,XAUUSD,M15,260,BUY,FULLTGT,EVENING,0,3751.02,3741.21,3760.83,9.81,1.00,9.81,3760.83,3770.64,3780.45,3790.26,3800.07,0.13,0.00,0.13,3770.64,2.00,2.00,0.00,3749.69,3747.85,3746.82,3749.19,3747.56,0.172,6.00,24.48,62.55,70.06,3.03,1.62,1.41,3748.39,3761.85,3794,2182,85.7,0.0,7,1,CROSS=EMA9>EMA21;TREND=1;STRUCT=1;VOL=1;COOL=1;EMA50=1;VWAP=1;BIAS=1,2.00,-0.82,26051.11,26306.56,full target: no partial booked
674,2025.09.26 17:24:58,2025.09.26 19:54:58,SL_MOVE,XAUUSD,M15,260,BUY,FULLTGT,EVENING,0,3751.02,3741.21,3770.64,9.81,1.00,9.81,3760.83,3770.64,3780.45,3790.26,3800.07,0.13,0.00,0.13,3770.64,3.00,0.00,0.00,3750.57,3748.33,3747.07,3749.69,3747.85,0.191,6.60,28.51,70.35,74.33,4.17,2.00,2.17,3749.17,3772.18,4223,2320,100.0,0.0,7,1,CROSS=EMA9>EMA21;TREND=1;STRUCT=1;VOL=1;COOL=1;EMA50=1;VWAP=1;BIAS=1,3.00,-0.82,26051.11,26433.70,stop trailed to TP2
675,2025.09.26 17:24:58,2025.09.26 19:54:58,TP3_REACHED,XAUUSD,M15,260,BUY,FULLTGT,EVENING,0,3751.02,3741.21,3770.64,9.81,1.00,9.81,3760.83,3770.64,3780.45,3790.26,3800.07,0.13,0.00,0.13,3780.45,3.00,3.00,0.00,3750.57,3748.33,3747.07,3749.69,3747.85,0.191,6.60,28.51,70.35,74.33,4.17,2.00,2.17,3749.17,3772.18,4223,2320,100.0,0.0,7,1,CROSS=EMA9>EMA21;TREND=1;STRUCT=1;VOL=1;COOL=1;EMA50=1;VWAP=1;BIAS=1,3.00,-0.82,26051.11,26433.70,full target: no partial booked
676,2025.09.26 22:30:37,2025.09.27 01:00:37,EXIT_TRAIL_SL,XAUUSD,M15,260,BUY,FULLTGT,DAY,0,3751.02,3741.21,3770.64,9.81,1.00,9.81,3760.83,3770.64,3780.45,3790.26,3800.07,0.13,0.13,0.00,3770.57,0.00,1.99,253.23,3765.88,3758.34,3752.84,3765.60,3758.05,1.227,4.49,27.67,50.46,37.01,3.90,5.61,-1.71,3757.47,3772.76,1511,2207,57.1,28.6,5,1,CROSS=EMA9>EMA21;TREND=1;STRUCT=1;VOL=1;COOL=1;EMA50=1;VWAP=1;BIAS=1,3.34,-0.82,26304.80,26304.80,stopped at a trailed level
677,2025.09.29 01:00:00,2025.09.29 03:30:00,DAY_SUMMARY,XAUUSD,M15,260,FLAT,NA,DAY,0,0.00,0.00,0.00,0.00,1.00,0.00,0.00,0.00,0.00,0.00,0.00,0.00,0.00,0.00,0.00,0.00,1.99,253.23,3765.64,3759.08,3753.54,3765.85,3759.05,1.238,4.47,45.76,37.17,26.16,-0.96,2.14,-3.10,3757.94,3760.58,782,1739,28.6,57.1,8,1,CROSS=EMA9>EMA21;TREND=1;STRUCT=1;VOL=1;COOL=1;EMA50=1;VWAP=1;BIAS=1,0.00,0.00,26304.80,26304.80,2025.09.26 trades=1 W=1 L=0 gross_profit=253.23 gross_loss=0.00 net=253.23 PF=0.00
678,2025.09.29 01:00:00,2025.09.29 03:30:00,WEEK_SUMMARY,XAUUSD,M15,260,FLAT,NA,DAY,0,0.00,0.00,0.00,0.00,1.00,0.00,0.00,0.00,0.00,0.00,0.00,0.00,0.00,0.00,0.00,0.00,1.99,265.59,3765.64,3759.08,3753.54,3765.85,3759.05,1.238,4.47,45.76,37.17,26.16,-0.96,2.14,-3.10,3757.94,3760.58,782,1739,28.6,57.1,8,1,CROSS=EMA9>EMA21;TREND=1;STRUCT=1;VOL=1;COOL=1;EMA50=1;VWAP=1;BIAS=1,0.00,0.00,26304.80,26304.80,days=2 trades=2 W=2 L=0 gross_profit=265.59 gross_loss=0.00 net=265.59 PF=0.00 pips=1952.0
679,2025.10.01 01:00:00,2025.10.01 03:30:00,MONTH_SUMMARY,XAUUSD,M15,260,FLAT,NA,DAY,0,0.00,0.00,0.00,0.00,1.00,0.00,0.00,0.00,0.00,0.00,0.00,0.00,0.00,0.00,0.00,0.00,4.86,651.21,3841.54,3835.05,3819.83,3840.86,3834.58,3.415,4.45,49.46,65.73,61.79,5.89,5.43,0.46,3837.87,3858.28,950,1742,85.7,0.0,8,1,CROSS=EMA9>EMA21;TREND=1;STRUCT=1;VOL=1;COOL=1;EMA50=1;VWAP=1;BIAS=1,0.00,0.00,26304.80,26304.80,days=10 trades=14 W=6 L=8 gross_profit=1020.37 gross_loss=369.16 net=651.21 PF=2.76 pips=3682.0
680,2025.10.02 19:00:00,2025.10.02 21:30:00,ENTRY,XAUUSD,M15,262,SELL,FULLTGT,EVENING,0,3828.44,3852.95,3852.95,24.51,1.00,24.51,3803.93,3779.41,3754.90,3730.39,3705.88,0.05,0.05,0.05,3828.44,0.00,0.00,0.00,3866.81,3867.06,3859.24,3868.38,3867.84,0.638,12.26,43.01,20.85,32.90,-11.50,-4.45,-7.05,3866.26,3828.44,3236,3115,0.0,100.0,5,1,CROSS=EMA9<EMA21;TREND=1;STRUCT=1;VOL=1;COOL=1;EMA50=1;VWAP=1;BIAS=1,0.00,0.00,26304.62,26304.37,KZR=London H @ 3895.37 9 bars ago (high taken); EVENING 4PM-12AM IST session: stop x1.00 of usual; no partials; full size to TP5; SL steps BE->TP1->TP2->TP3
681,2025.10.02 22:02:00,2025.10.03 00:32:00,EXIT_SL,XAUUSD,M15,262,SELL,FULLTGT,DAY,0,3828.44,3852.95,3852.95,24.51,1.00,24.51,3803.93,3779.41,3754.90,3730.39,3705.88,0.05,0.05,0.00,3852.97,0.00,-1.00,-123.01,3858.46,3862.29,3857.58,3858.77,3862.52,0.712,6.61,27.97,48.20,64.17,-5.26,-8.00,2.73,3862.66,3851.00,1673,2861,28.6,57.1,9,1,CROSS=EMA9<EMA21;TREND=1;STRUCT=1;VOL=1;COOL=1;EMA50=1;VWAP=1;BIAS=1,0.04,-1.00,26181.79,26181.79,stopped at the initial SL (x1.00 of usual)
682,2025.10.03 01:00:00,2025.10.03 03:30:00,DAY_SUMMARY,XAUUSD,M15,262,FLAT,NA,DAY,0,0.00,0.00,0.00,0.00,1.00,0.00,0.00,0.00,0.00,0.00,0.00,0.00,0.00,0.00,0.00,0.00,-1.00,-123.01,3857.80,3861.37,3857.46,3857.87,3861.47,1.013,3.85,33.08,53.48,57.07,-0.28,-2.22,1.94,3862.27,3856.24,528,1767,42.9,42.9,8,1,CROSS=EMA9<EMA21;TREND=1;STRUCT=1;VOL=1;COOL=1;EMA50=1;VWAP=1;BIAS=1,0.00,0.00,26181.79,26181.79,2025.10.02 trades=1 W=0 L=1 gross_profit=0.00 gross_loss=123.01 net=-123.01 PF=0.00
683,2025.10.03 15:30:00,2025.10.03 18:00:00,ENTRY,XAUUSD,M15,264,BUY,FULLTGT,EVENING,0,3863.69,3854.72,3854.72,8.97,1.00,8.97,3872.66,3881.62,3890.59,3899.56,3908.53,0.14,0.14,0.14,3863.69,0.00,0.00,0.00,3859.22,3859.21,3857.55,3859.04,3859.12,0.370,4.48,18.54,55.39,53.01,1.55,2.06,-0.51,3856.80,3863.61,1655,1468,57.1,28.6,5,1,CROSS=EMA9>EMA21;TREND=1;STRUCT=1;VOL=1;COOL=1;EMA50=1;VWAP=1;BIAS=1,0.00,0.00,26181.30,26180.60,KZR=London H @ 3895.37 91 bars ago (high taken); EVENING 4PM-12AM IST session: stop x1.00 of usual; no partials; full size to TP5; SL steps BE->TP1->TP2->TP3
684,2025.10.03 15:57:28,2025.10.03 18:27:28,SL_MOVE,XAUUSD,M15,264,BUY,FULLTGT,EVENING,0,3863.69,3854.72,3863.69,8.97,1.00,8.97,3872.66,3881.62,3890.59,3899.56,3908.53,0.14,0.00,0.14,3863.69,1.00,0.00,0.00,3859.67,3859.44,3857.68,3859.22,3859.21,0.375,4.68,19.08,65.23,65.88,2.10,2.01,0.09,3857.14,3870.78,2625,1526,85.7,0.0,5,1,CROSS=EMA9>EMA21;TREND=1;STRUCT=1;VOL=1;COOL=1;EMA50=1;VWAP=1;BIAS=1,1.00,-0.08,26181.30,26306.88,stop to breakeven
685,2025.10.03 15:57:28,2025.10.03 18:27:28,TP1_REACHED,XAUUSD,M15,264,BUY,FULLTGT,EVENING,0,3863.69,3854.72,3863.69,8.97,1.00,8.97,3872.66,3881.62,3890.59,3899.56,3908.53,0.14,0.00,0.14,3872.66,1.00,1.00,0.00,3859.67,3859.44,3857.68,3859.22,3859.21,0.375,4.68,19.08,65.23,65.88,2.10,2.01,0.09,3857.14,3870.78,2625,1526,85.7,0.0,5,1,CROSS=EMA9>EMA21;TREND=1;STRUCT=1;VOL=1;COOL=1;EMA50=1;VWAP=1;BIAS=1,1.00,-0.08,26181.30,26306.88,full target: no partial booked
686,2025.10.03 16:22:24,2025.10.03 18:52:24,SL_MOVE,XAUUSD,M15,264,BUY,FULLTGT,EVENING,0,3863.69,3854.72,3872.66,8.97,1.00,8.97,3872.66,3881.62,3890.59,3899.56,3908.53,0.14,0.00,0.14,3872.66,2.00,0.00,0.00,3860.90,3860.07,3858.03,3860.23,3859.72,0.398,5.11,25.30,71.54,75.04,3.49,2.11,1.38,3858.14,3877.22,2878,1659,100.0,0.0,5,1,CROSS=EMA9>EMA21;TREND=1;STRUCT=1;VOL=1;COOL=1;EMA50=1;VWAP=1;BIAS=1,2.00,-0.08,26181.30,26432.60,stop trailed to TP1
687,2025.10.03 16:22:24,2025.10.03 18:52:24,TP2_REACHED,XAUUSD,M15,264,BUY,FULLTGT,EVENING,0,3863.69,3854.72,3872.66,8.97,1.00,8.97,3872.66,3881.62,3890.59,3899.56,3908.53,0.14,0.00,0.14,3881.62,2.00,2.00,0.00,3860.90,3860.07,3858.03,3860.23,3859.72,0.398,5.11,25.30,71.54,75.04,3.49,2.11,1.38,3858.14,3877.22,2878,1659,100.0,0.0,5,1,CROSS=EMA9>EMA21;TREND=1;STRUCT=1;VOL=1;COOL=1;EMA50=1;VWAP=1;BIAS=1,2.00,-0.08,26181.30,26432.60,full target: no partial booked
688,2025.10.03 16:45:15,2025.10.03 19:15:15,SL_MOVE,XAUUSD,M15,264,BUY,FULLTGT,EVENING,0,3863.69,3854.72,3881.62,8.97,1.00,8.97,3872.66,3881.62,3890.59,3899.56,3908.53,0.14,0.00,0.14,3881.62,3.00,0.00,0.00,3862.68,3861.01,3858.55,3861.69,3860.49,0.400,6.16,32.29,78.45,77.25,5.43,2.70,2.72,3859.69,3886.98,3748,1856,100.0,0.0,5,1,CROSS=EMA9>EMA21;TREND=1;STRUCT=1;VOL=1;COOL=1;EMA50=1;VWAP=1;BIAS=1,3.00,-0.08,26181.30,26558.74,stop trailed to TP2
689,2025.10.03 16:45:15,2025.10.03 19:15:15,TP3_REACHED,XAUUSD,M15,264,BUY,FULLTGT,EVENING,0,3863.69,3854.72,3881.62,8.97,1.00,8.97,3872.66,3881.62,3890.59,3899.56,3908.53,0.14,0.00,0.14,3890.59,3.00,3.00,0.00,3862.68,3861.01,3858.55,3861.69,3860.49,0.400,6.16,32.29,78.45,77.25,5.43,2.70,2.72,3859.69,3886.98,3748,1856,100.0,0.0,5,1,CROSS=EMA9>EMA21;TREND=1;STRUCT=1;VOL=1;COOL=1;EMA50=1;VWAP=1;BIAS=1,3.00,-0.08,26181.30,26558.74,full target: no partial booked
690,2025.10.03 16:48:39,2025.10.03 19:18:39,EXIT_TRAIL_SL,XAUUSD,M15,264,BUY,FULLTGT,EVENING,0,3863.69,3854.72,3881.62,8.97,1.00,8.97,3872.66,3881.62,3890.59,3899.56,3908.53,0.14,0.14,0.00,3881.62,0.00,2.00,250.04,3862.68,3861.01,3858.55,3861.69,3860.49,0.400,6.16,32.29,78.45,77.25,5.43,2.70,2.72,3859.69,3886.98,3748,1856,100.0,0.0,8,1,CROSS=EMA9>EMA21;TREND=1;STRUCT=1;VOL=1;COOL=1;EMA50=1;VWAP=1;BIAS=1,3.01,-0.08,26431.83,26431.83,stopped at a trailed level
691,2025.10.06 01:00:00,2025.10.06 03:30:00,DAY_SUMMARY,XAUUSD,M15,264,FLAT,NA,DAY,0,0.00,0.00,0.00,0.00,1.00,0.00,0.00,0.00,0.00,0.00,0.00,0.00,0.00,0.00,0.00,0.00,2.00,250.04,3877.56,3871.14,3864.92,3877.20,3870.83,1.588,3.92,18.58,57.76,54.38,2.42,3.18,-0.76,3868.92,3886.43,704,1831,57.1,14.3,9,1,CROSS=EMA9>EMA21;TREND=1;STRUCT=1;VOL=1;COOL=1;EMA50=1;VWAP=1;BIAS=1,0.00,0.00,26431.83,26431.83,2025.10.03 trades=1 W=1 L=0 gross_profit=250.04 gross_loss=0.00 net=250.04 PF=0.00
692,2025.10.06 01:00:00,2025.10.06 03:30:00,WEEK_SUMMARY,XAUUSD,M15,264,FLAT,NA,DAY,0,0.00,0.00,0.00,0.00,1.00,0.00,0.00,0.00,0.00,0.00,0.00,0.00,0.00,0.00,0.00,0.00,1.00,127.03,3877.56,3871.14,3864.92,3877.20,3870.83,1.588,3.92,18.58,57.76,54.38,2.42,3.18,-0.76,3868.92,3886.43,704,1831,57.1,14.3,9,1,CROSS=EMA9>EMA21;TREND=1;STRUCT=1;VOL=1;COOL=1;EMA50=1;VWAP=1;BIAS=1,0.00,0.00,26431.83,26431.83,days=2 trades=2 W=1 L=1 gross_profit=250.04 gross_loss=123.01 net=127.03 PF=2.03 pips=-660.0
693,2025.10.09 20:00:00,2025.10.09 22:30:00,ENTRY,XAUUSD,M15,266,SELL,FULLTGT,EVENING,0,3969.25,4002.24,4002.24,32.99,1.00,32.99,3936.26,3903.26,3870.27,3837.28,3804.29,0.04,0.04,0.04,3969.25,0.00,0.00,0.00,4025.96,4027.09,4014.37,4028.30,4028.27,0.771,16.50,28.90,25.44,19.33,-11.79,-6.63,-5.16,4025.86,3968.79,4898,3874,0.0,100.0,8,1,CROSS=EMA9<EMA21;TREND=1;STRUCT=1;VOL=1;COOL=1;EMA50=1;VWAP=1;BIAS=1,0.00,0.00,26431.69,26431.37,KZR=Asia H @ 4036.39 50 bars ago (high taken); EVENING 4PM-12AM IST session: stop x1.00 of usual; no partials; full size to TP5; SL steps BE->TP1->TP2->TP3
694,2025.10.10 12:43:52,2025.10.10 15:13:52,EXIT_SL,XAUUSD,M15,266,SELL,FULLTGT,DAY,0,3969.25,4002.24,4002.24,32.99,1.00,32.99,3936.26,3903.26,3870.27,3837.28,3804.29,0.04,0.04,0.00,4002.25,0.00,-1.00,-130.50,3980.68,3990.39,3996.12,3980.05,3990.27,-0.633,9.05,37.01,63.93,66.92,5.24,0.62,4.62,3975.97,3996.24,2547,2667,71.4,14.3,5,1,CROSS=EMA9<EMA21;TREND=1;STRUCT=1;VOL=1;COOL=1;EMA50=1;VWAP=1;BIAS=1,0.73,-1.00,26301.33,26301.33,stopped at the initial SL (x1.00 of usual)
695,2025.10.10 23:15:00,2025.10.11 01:45:00,ENTRY,XAUUSD,M15,268,BUY,FULLTGT,DAY,0,4006.07,3986.34,3986.34,19.73,1.00,19.73,4025.80,4045.52,4065.25,4084.98,4104.71,0.06,0.06,0.06,4006.07,0.00,0.00,0.00,3993.46,3993.22,3995.69,3992.95,3992.96,-0.250,9.86,33.58,56.35,52.15,5.00,2.76,2.24,3986.34,4006.02,2110,3760,85.7,0.0,5,1,CROSS=EMA9>EMA21;TREND=1;STRUCT=1;VOL=1;COOL=1;EMA50=1;VWAP=1;BIAS=1,0.00,0.00,26301.12,26300.82,KZR=Asia H @ 4036.39 159 bars ago (high taken); DAY 12AM-4PM IST session: stop x1.00 of usual; no partials; full size to TP5; SL steps BE->TP1->TP2->TP3
696,2025.10.10 23:42:00,2025.10.11 02:12:00,EXIT_WEEKEND,XAUUSD,M15,268,BUY,FULLTGT,DAY,0,4006.07,3986.34,3986.34,19.73,1.00,19.73,4025.80,4045.52,4065.25,4084.98,4104.71,0.06,0.06,0.00,4009.40,0.00,0.17,0.00,3994.20,3993.60,3995.85,3993.46,3993.22,-0.230,9.80,34.29,60.06,54.70,5.41,3.34,2.07,3986.50,4012.40,1794,3597,85.7,0.0,40,1,CROSS=EMA9>EMA21;TREND=1;STRUCT=1;VOL=1;COOL=1;EMA50=1;VWAP=1;BIAS=1,0.36,-0.00,26320.89,26320.89,WEEKEND exit
697,2025.10.10 23:42:00,2025.10.11 02:12:00,EXIT_WEEKEND,XAUUSD,M15,268,BUY,FULLTGT,DAY,0,4006.07,3986.34,3986.34,19.73,1.00,19.73,4025.80,4045.52,4065.25,4084.98,4104.71,0.06,0.06,0.00,4009.40,0.00,0.17,19.56,3994.20,3993.60,3995.85,3993.46,3993.22,-0.230,9.80,34.29,60.06,54.70,5.41,3.34,2.07,3986.50,4012.40,1794,3597,85.7,0.0,40,1,CROSS=EMA9>EMA21;TREND=1;STRUCT=1;VOL=1;COOL=1;EMA50=1;VWAP=1;BIAS=1,0.36,-0.00,26320.89,26320.89,flattened before the Friday close
698,2025.10.13 01:00:00,2025.10.13 03:30:00,DAY_SUMMARY,XAUUSD,M15,268,FLAT,NA,DAY,0,0.00,0.00,0.00,0.00,1.00,0.00,0.00,0.00,0.00,0.00,0.00,0.00,0.00,0.00,0.00,0.00,-0.83,-110.94,3995.61,3994.34,3996.18,3994.93,3993.97,-0.185,9.99,37.66,59.99,54.94,5.83,4.32,1.51,3986.90,4012.42,2120,3300,85.7,0.0,50,1,CROSS=EMA9>EMA21;TREND=1;STRUCT=1;VOL=1;COOL=1;EMA50=1;VWAP=1;BIAS=1,0.00,0.00,26320.89,26320.89,2025.10.10 trades=2 W=1 L=1 gross_profit=19.56 gross_loss=130.50 net=-110.94 PF=0.15
699,2025.10.13 01:00:00,2025.10.13 03:30:00,WEEK_SUMMARY,XAUUSD,M15,268,FLAT,NA,DAY,0,0.00,0.00,0.00,0.00,1.00,0.00,0.00,0.00,0.00,0.00,0.00,0.00,0.00,0.00,0.00,0.00,-0.83,-110.94,3995.61,3994.34,3996.18,3994.93,3993.97,-0.185,9.99,37.66,59.99,54.94,5.83,4.32,1.51,3986.90,4012.42,2120,3300,85.7,0.0,50,1,CROSS=EMA9>EMA21;TREND=1;STRUCT=1;VOL=1;COOL=1;EMA50=1;VWAP=1;BIAS=1,0.00,0.00,26320.89,26320.89,days=1 trades=2 W=1 L=1 gross_profit=19.56 gross_loss=130.50 net=-110.94 PF=0.15 pips=-2967.0
700,2025.10.17 19:15:00,2025.10.17 21:45:00,ENTRY,XAUUSD,M15,270,SELL,FULLTGT,EVENING,0,4233.80,4283.24,4283.24,49.44,1.00,49.44,4184.36,4134.93,4085.49,4036.05,3986.61,0.02,0.02,0.02,4233.80,0.00,0.00,0.00,4300.21,4300.45,4271.14,4302.92,4301.79,1.186,24.72,47.36,35.04,40.40,-24.19,-22.98,-1.22,4322.36,4233.99,4227,4405,0.0,85.7,5,1,CROSS=EMA9<EMA21;TREND=1;STRUCT=1;VOL=1;COOL=1;EMA50=1;VWAP=1;BIAS=1,0.00,0.00,26320.82,26320.72,KZR=Asia H @ 4242.15 120 bars ago (high taken); EVENING 4PM-12AM IST session: stop x1.00 of usual; no partials; full size to TP5; SL steps BE->TP1->TP2->TP3
701,2025.10.17 23:42:00,2025.10.18 02:12:00,EXIT_WEEKEND,XAUUSD,M15,270,SELL,FULLTGT,DAY,0,4233.80,4283.24,4283.24,49.44,1.00,49.44,4184.36,4134.93,4085.49,4036.05,3986.61,0.02,0.02,0.00,4246.14,0.00,-0.25,0.00,4263.01,4278.42,4263.71,4263.72,4279.08,0.946,15.55,25.88,51.51,62.72,-10.45,-15.60,5.15,4302.91,4245.73,2221,3672,42.9,42.9,40,1,CROSS=EMA9<EMA21;TREND=1;STRUCT=1;VOL=1;COOL=1;EMA50=1;VWAP=1;BIAS=1,0.96,-0.29,26296.07,26296.07,WEEKEND exit
702,2025.10.17 23:42:00,2025.10.18 02:12:00,EXIT_WEEKEND,XAUUSD,M15,270,SELL,FULLTGT,DAY,0,4233.80,4283.24,4283.24,49.44,1.00,49.44,4184.36,4134.93,4085.49,4036.05,3986.61,0.02,0.02,0.00,4246.14,0.00,-0.25,-24.82,4263.01,4278.42,4263.71,4263.72,4279.08,0.946,15.55,25.88,51.51,62.72,-10.45,-15.60,5.15,4302.91,4245.73,2221,3672,42.9,42.9,40,1,CROSS=EMA9<EMA21;TREND=1;STRUCT=1;VOL=1;COOL=1;EMA50=1;VWAP=1;BIAS=1,0.96,-0.29,26296.07,26296.07,flattened before the Friday close
703,2025.10.20 01:00:00,2025.10.20 03:30:00,DAY_SUMMARY,XAUUSD,M15,270,FLAT,NA,DAY,0,0.00,0.00,0.00,0.00,1.00,0.00,0.00,0.00,0.00,0.00,0.00,0.00,0.00,0.00,0.00,0.00,-0.25,-24.82,4262.01,4277.31,4263.44,4262.39,4277.80,0.999,13.88,27.63,54.27,66.81,-6.17,-12.91,6.74,4302.37,4252.68,1186,3444,42.9,42.9,9,1,CROSS=EMA9<EMA21;TREND=1;STRUCT=1;VOL=1;COOL=1;EMA50=1;VWAP=1;BIAS=1,0.00,0.00,26296.07,26296.07,2025.10.17 trades=1 W=0 L=1 gross_profit=0.00 gross_loss=24.82 net=-24.82 PF=0.00
704,2025.10.20 01:00:00,2025.10.20 03:30:00,WEEK_SUMMARY,XAUUSD,M15,270,FLAT,NA,DAY,0,0.00,0.00,0.00,0.00,1.00,0.00,0.00,0.00,0.00,0.00,0.00,0.00,0.00,0.00,0.00,0.00,-0.25,-24.82,4262.01,4277.31,4263.44,4262.39,4277.80,0.999,13.88,27.63,54.27,66.81,-6.17,-12.91,6.74,4302.37,4252.68,1186,3444,42.9,42.9,9,1,CROSS=EMA9<EMA21;TREND=1;STRUCT=1;VOL=1;COOL=1;EMA50=1;VWAP=1;BIAS=1,0.00,0.00,26296.07,26296.07,days=1 trades=1 W=0 L=1 gross_profit=0.00 gross_loss=24.82 net=-24.82 PF=0.00 pips=-1234.0
705,2025.10.20 16:30:00,2025.10.20 19:00:00,ENTRY,XAUUSD,M15,272,BUY,FULLTGT,EVENING,0,4320.12,4296.03,4296.03,24.09,1.00,24.09,4344.21,4368.30,4392.39,4416.47,4440.56,0.05,0.05,0.05,4320.12,0.00,0.00,0.00,4268.37,4267.92,4262.71,4266.26,4266.87,0.433,12.04,43.34,77.86,69.67,16.51,8.21,8.30,4260.52,4319.99,3585,2860,100.0,0.0,5,1,CROSS=EMA9>EMA21;TREND=1;STRUCT=1;VOL=1;COOL=1;EMA50=1;VWAP=1;BIAS=1,0.00,0.00,26295.89,26295.64,KZR=Asia H @ 4242.15 397 bars ago (high taken); EVENING 4PM-12AM IST session: stop x1.00 of usual; no partials; full size to TP5; SL steps BE->TP1->TP2->TP3
706,2025.10.20 17:00:41,2025.10.20 19:30:41,EXIT_SL,XAUUSD,M15,272,BUY,FULLTGT,EVENING,0,4320.12,4296.03,4296.03,24.09,1.00,24.09,4344.21,4368.30,4392.39,4416.47,4440.56,0.05,0.05,0.00,4295.97,0.00,-1.00,-121.11,4271.15,4269.36,4263.54,4269.93,4268.72,0.445,13.07,38.53,62.10,48.60,15.57,11.39,4.18,4263.01,4300.91,4633,3106,71.4,28.6,9,1,CROSS=EMA9>EMA21;TREND=1;STRUCT=1;VOL=1;COOL=1;EMA50=1;VWAP=1;BIAS=1,0.01,-1.00,26174.96,26174.96,stopped at the initial SL (x1.00 of usual)
707,2025.10.21 01:00:00,2025.10.21 03:30:00,DAY_SUMMARY,XAUUSD,M15,272,FLAT,NA,DAY,0,0.00,0.00,0.00,0.00,1.00,0.00,0.00,0.00,0.00,0.00,0.00,0.00,0.00,0.00,0.00,0.00,-1.00,-121.11,4326.29,4304.53,4284.79,4325.06,4303.49,2.164,9.12,38.38,58.25,47.62,11.39,14.66,-3.27,4289.67,4356.30,1180,2663,57.1,28.6,8,1,CROSS=EMA9>EMA21;TREND=1;STRUCT=1;VOL=1;COOL=1;EMA50=1;VWAP=1;BIAS=1,0.00,0.00,26174.96,26174.96,2025.10.20 trades=1 W=0 L=1 gross_profit=0.00 gross_loss=121.11 net=-121.11 PF=0.00
708,2025.10.21 13:15:00,2025.10.21 15:45:00,ENTRY,XAUUSD,M15,274,SELL,FULLTGT,DAY,0,4259.94,4294.62,4294.62,34.68,1.00,34.68,4225.26,4190.58,4155.90,4121.22,4086.54,0.03,0.03,0.03,4259.94,0.00,0.00,0.00,4314.44,4315.15,4300.80,4316.67,4316.27,0.828,17.34,48.57,32.94,37.10,-21.02,-19.55,-1.47,4324.32,4260.04,3014,3388,0.0,85.7,8,1,CROSS=EMA9<EMA21;TREND=1;STRUCT=1;VOL=1;COOL=1;EMA50=1;VWAP=1;BIAS=1,0.00,0.00,26174.85,26174.61,KZR=Asia H @ 4379.19 57 bars ago (high taken); DAY 12AM-4PM IST session: stop x1.00 of usual; no partials; full size to TP5; SL steps BE->TP1->TP2->TP3
709,2025.10.21 15:10:41,2025.10.21 17:40:41,SL_MOVE,XAUUSD,M15,274,SELL,FULLTGT,EVENING,0,4259.94,4294.62,4259.94,34.68,1.00,34.68,4225.26,4190.58,4155.90,4121.22,4086.54,0.03,0.00,0.03,4259.94,1.00,0.00,0.00,4301.18,4307.98,4298.06,4303.13,4309.08,0.779,12.73,45.05,35.18,38.55,-17.54,-19.49,1.95,4315.77,4253.32,3103,3375,14.3,71.4,9,1,CROSS=EMA9<EMA21;TREND=1;STRUCT=1;VOL=1;COOL=1;EMA50=1;VWAP=1;BIAS=1,0.99,-0.36,26174.85,26279.13,stop to breakeven
710,2025.10.21 15:10:41,2025.10.21 17:40:41,TP1_REACHED,XAUUSD,M15,274,SELL,FULLTGT,EVENING,0,4259.94,4294.62,4259.94,34.68,1.00,34.68,4225.26,4190.58,4155.90,4121.22,4086.54,0.03,0.00,0.03,4225.26,1.00,1.00,0.00,4301.18,4307.98,4298.06,4303.13,4309.08,0.779,12.73,45.05,35.18,38.55,-17.54,-19.49,1.95,4315.77,4253.32,3103,3375,14.3,71.4,9,1,CROSS=EMA9<EMA21;TREND=1;STRUCT=1;VOL=1;COOL=1;EMA50=1;VWAP=1;BIAS=1,0.99,-0.36,26174.85,26279.13,full target: no partial booked
711,2025.10.21 16:12:40,2025.10.21 18:42:40,SL_MOVE,XAUUSD,M15,274,SELL,FULLTGT,EVENING,0,4259.94,4294.62,4225.26,34.68,1.00,34.68,4225.26,4190.58,4155.90,4121.22,4086.54,0.03,0.00,0.03,4225.26,2.00,0.00,0.00,4289.26,4301.27,4295.03,4292.45,4303.09,0.415,15.04,53.42,25.44,26.79,-23.20,-19.72,-3.47,4306.84,4211.14,4258,3487,0.0,100.0,9,1,CROSS=EMA9<EMA21;TREND=1;STRUCT=1;VOL=1;COOL=1;EMA50=1;VWAP=1;BIAS=1,2.00,-0.36,26174.85,26383.11,stop trailed to TP1
712,2025.10.21 16:12:40,2025.10.21 18:42:40,TP2_REACHED,XAUUSD,M15,274,SELL,FULLTGT,EVENING,0,4259.94,4294.62,4225.26,34.68,1.00,34.68,4225.26,4190.58,4155.90,4121.22,4086.54,0.03,0.00,0.03,4190.58,2.00,2.00,0.00,4289.26,4301.27,4295.03,4292.45,4303.09,0.415,15.04,53.42,25.44,26.79,-23.20,-19.72,-3.47,4306.84,4211.14,4258,3487,0.0,100.0,9,1,CROSS=EMA9<EMA21;TREND=1;STRUCT=1;VOL=1;COOL=1;EMA50=1;VWAP=1;BIAS=1,2.00,-0.36,26174.85,26383.11,full target: no partial booked
713,2025.10.21 16:38:42,2025.10.21 19:08:42,EXIT_TRAIL_SL,XAUUSD,M15,274,SELL,FULLTGT,EVENING,0,4259.94,4294.62,4225.26,34.68,1.00,34.68,4225.26,4190.58,4155.90,4121.22,4086.54,0.03,0.03,0.00,4225.27,0.00,1.00,103.79,4282.34,4297.27,4293.13,4285.66,4299.21,0.255,16.20,59.66,24.99,30.91,-26.07,-21.02,-5.04,4301.49,4200.97,4226,3459,14.3,85.7,8,1,CROSS=EMA9<EMA21;TREND=1;STRUCT=1;VOL=1;COOL=1;EMA50=1;VWAP=1;BIAS=1,2.02,-0.36,26278.75,26278.75,stopped at a trailed level
714,2025.10.22 01:00:00,2025.10.22 03:30:00,DAY_SUMMARY,XAUUSD,M15,274,FLAT,NA,DAY,0,0.00,0.00,0.00,0.00,1.00,0.00,0.00,0.00,0.00,0.00,0.00,0.00,0.00,0.00,0.00,0.00,1.00,103.79,4170.63,4219.26,4249.68,4172.49,4221.16,-2.650,11.48,30.94,44.76,56.44,-14.19,-21.34,7.15,4233.31,4124.90,1292,3437,28.6,57.1,8,1,CROSS=EMA9<EMA21;TREND=1;STRUCT=1;VOL=1;COOL=1;EMA50=1;VWAP=1;BIAS=1,0.00,0.00,26278.75,26278.75,2025.10.21 trades=1 W=1 L=0 gross_profit=103.79 gross_loss=0.00 net=103.79 PF=0.00
715,2025.10.23 14:00:00,2025.10.23 16:30:00,ENTRY,XAUUSD,M15,276,BUY,FULLTGT,EVENING,0,4109.17,4085.18,4085.18,23.99,1.00,23.99,4133.16,4157.16,4181.15,4205.14,4229.13,0.05,0.05,0.05,4109.17,0.00,0.00,0.00,4101.75,4101.60,4129.24,4101.45,4101.45,-2.303,12.00,21.19,50.26,43.75,4.37,6.13,-1.77,4099.36,4109.13,3179,2893,42.9,42.9,5,1,CROSS=EMA9>EMA21;TREND=1;STRUCT=1;VOL=1;COOL=1;EMA50=1;VWAP=1;BIAS=1,0.00,0.00,26278.57,26278.32,KZR=NY L @ 4015.21 80 bars ago (low taken); EVENING 4PM-12AM IST session: stop x1.00 of usual; no partials; full size to TP5; SL steps BE->TP1->TP2->TP3
716,2025.10.23 16:06:30,2025.10.23 18:36:30,SL_MOVE,XAUUSD,M15,276,BUY,FULLTGT,EVENING,0,4109.17,4085.18,4109.17,23.99,1.00,23.99,4133.16,4157.16,4181.15,4205.14,4229.13,0.05,0.00,0.05,4109.17,1.00,0.00,0.00,4105.25,4103.49,4128.09,4104.34,4103.01,-2.160,11.39,18.53,60.95,63.15,3.25,3.19,0.06,4101.58,4127.33,3034,2716,85.7,0.0,10,1,CROSS=EMA9>EMA21;TREND=1;STRUCT=1;VOL=1;COOL=1;EMA50=1;VWAP=1;BIAS=1,1.00,-0.38,26278.57,26398.57,stop to breakeven
717,2025.10.23 16:06:30,2025.10.23 18:36:30,TP1_REACHED,XAUUSD,M15,276,BUY,FULLTGT,EVENING,0,4109.17,4085.18,4109.17,23.99,1.00,23.99,4133.16,4157.16,4181.15,4205.14,4229.13,0.05,0.00,0.05,4133.16,1.00,1.00,0.00,4105.25,4103.49,4128.09,4104.34,4103.01,-2.160,11.39,18.53,60.95,63.15,3.25,3.19,0.06,4101.58,4127.33,3034,2716,85.7,0.0,10,1,CROSS=EMA9>EMA21;TREND=1;STRUCT=1;VOL=1;COOL=1;EMA50=1;VWAP=1;BIAS=1,1.00,-0.38,26278.57,26398.57,full target: no partial booked
718,2025.10.23 23:23:30,2025.10.24 01:53:30,EXIT_BE,XAUUSD,M15,276,BUY,FULLTGT,DAY,0,4109.17,4085.18,4109.17,23.99,1.00,23.99,4133.16,4157.16,4181.15,4205.14,4229.13,0.05,0.05,0.00,4109.13,0.00,-0.00,-0.56,4125.95,4118.06,4130.37,4126.46,4118.15,-1.495,8.24,32.32,34.89,25.10,-2.37,1.62,-3.99,4114.31,4113.38,2155,2452,14.3,71.4,5,1,CROSS=EMA9>EMA21;TREND=1;STRUCT=1;VOL=1;COOL=1;EMA50=1;VWAP=1;BIAS=1,1.90,-0.38,26278.19,26278.19,stopped at breakeven
719,2025.10.24 01:00:00,2025.10.24 03:30:00,DAY_SUMMARY,XAUUSD,M15,276,FLAT,NA,DAY,0,0.00,0.00,0.00,0.00,1.00,0.00,0.00,0.00,0.00,0.00,0.00,0.00,0.00,0.00,0.00,0.00,-0.00,-0.56,4124.90,4117.97,4129.96,4124.86,4117.81,-1.496,8.02,38.42,48.43,56.47,-3.86,-0.88,-2.98,4114.32,4125.98,1151,2234,57.1,28.6,8,1,CROSS=EMA9>EMA21;TREND=1;STRUCT=1;VOL=1;COOL=1;EMA50=1;VWAP=1;BIAS=1,0.00,0.00,26278.19,26278.19,2025.10.23 trades=1 W=0 L=1 gross_profit=0.00 gross_loss=0.56 net=-0.56 PF=0.00
720,2025.10.24 09:30:00,2025.10.24 12:00:00,ENTRY,XAUUSD,M15,278,SELL,FULLTGT,DAY,0,4089.75,4107.74,4107.74,17.99,1.00,17.99,4071.76,4053.76,4035.77,4017.77,3999.78,0.07,0.07,0.07,4089.75,0.00,0.00,0.00,4116.67,4116.69,4125.97,4117.77,4117.24,-1.031,9.00,22.70,34.70,35.59,-7.09,-4.30,-2.79,4116.11,4089.73,3314,2105,14.3,71.4,5,1,CROSS=EMA9<EMA21;TREND=1;STRUCT=1;VOL=1;COOL=1;EMA50=1;VWAP=1;BIAS=1,0.00,0.00,26277.94,26277.59,KZR=NY L @ 4015.21 158 bars ago (low taken); DAY 12AM-4PM IST session: stop x1.00 of usual; no partials; full size to TP5; SL steps BE->TP1->TP2->TP3
721,2025.10.24 10:55:28,2025.10.24 13:25:28,SL_MOVE,XAUUSD,M15,278,SELL,FULLTGT,DAY,0,4089.75,4107.74,4089.75,17.99,1.00,17.99,4071.76,4053.76,4035.77,4017.77,3999.78,0.07,0.00,0.07,4089.75,1.00,0.00,0.00,4112.05,4114.27,4124.28,4113.07,4114.82,-1.069,9.37,23.94,35.34,23.27,-8.46,-6.74,-1.72,4112.15,4087.16,2474,2074,0.0,85.7,9,1,CROSS=EMA9<EMA21;TREND=1;STRUCT=1;VOL=1;COOL=1;EMA50=1;VWAP=1;BIAS=1,1.00,-0.42,26277.94,26404.08,stop to breakeven
722,2025.10.24 10:55:28,2025.10.24 13:25:28,TP1_REACHED,XAUUSD,M15,278,SELL,FULLTGT,DAY,0,4089.75,4107.74,4089.75,17.99,1.00,17.99,4071.76,4053.76,4035.77,4017.77,3999.78,0.07,0.00,0.07,4071.76,1.00,1.00,0.00,4112.05,4114.27,4124.28,4113.07,4114.82,-1.069,9.37,23.94,35.34,23.27,-8.46,-6.74,-1.72,4112.15,4087.16,2474,2074,0.0,85.7,9,1,CROSS=EMA9<EMA21;TREND=1;STRUCT=1;VOL=1;COOL=1;EMA50=1;VWAP=1;BIAS=1,1.00,-0.42,26277.94,26404.08,full target: no partial booked
723,2025.10.24 11:11:04,2025.10.24 13:41:04,SL_MOVE,XAUUSD,M15,278,SELL,FULLTGT,DAY,0,4089.75,4107.74,4071.76,17.99,1.00,17.99,4071.76,4053.76,4035.77,4017.77,3999.78,0.07,0.00,0.07,4071.76,2.00,0.00,0.00,4110.57,4113.48,4123.78,4112.05,4114.27,-1.044,9.87,27.98,29.44,22.11,-9.63,-7.40,-2.23,4110.74,4074.39,3225,2140,0.0,100.0,10,1,CROSS=EMA9<EMA21;TREND=1;STRUCT=1;VOL=1;COOL=1;EMA50=1;VWAP=1;BIAS=1,2.00,-0.42,26277.94,26529.94,stop trailed to TP1
724,2025.10.24 11:11:04,2025.10.24 13:41:04,TP2_REACHED,XAUUSD,M15,278,SELL,FULLTGT,DAY,0,4089.75,4107.74,4071.76,17.99,1.00,17.99,4071.76,4053.76,4035.77,4017.77,3999.78,0.07,0.00,0.07,4053.76,2.00,2.00,0.00,4110.57,4113.48,4123.78,4112.05,4114.27,-1.044,9.87,27.98,29.44,22.11,-9.63,-7.40,-2.23,4110.74,4074.39,3225,2140,0.0,100.0,10,1,CROSS=EMA9<EMA21;TREND=1;STRUCT=1;VOL=1;COOL=1;EMA50=1;VWAP=1;BIAS=1,2.00,-0.42,26277.94,26529.94,full target: no partial booked
725,2025.10.24 12:08:43,2025.10.24 14:38:43,EXIT_TRAIL_SL,XAUUSD,M15,278,SELL,FULLTGT,DAY,0,4089.75,4107.74,4071.76,17.99,1.00,17.99,4071.76,4053.76,4035.77,4017.77,3999.78,0.07,0.07,0.00,4071.76,0.00,1.00,125.43,4102.74,4109.18,4121.18,4104.27,4110.07,-0.954,12.58,37.28,33.14,45.66,-14.82,-10.82,-3.99,4103.47,4065.23,2574,2430,14.3,85.7,5,1,CROSS=EMA9<EMA21;TREND=1;STRUCT=1;VOL=1;COOL=1;EMA50=1;VWAP=1;BIAS=1,2.35,-0.42,26403.62,26403.62,stopped at a trailed level
726,2025.10.24 20:30:00,2025.10.24 23:00:00,ENTRY,XAUUSD,M15,280,BUY,FULLTGT,EVENING,0,4121.25,4096.41,4096.41,24.84,1.00,24.84,4146.09,4170.93,4195.77,4220.60,4245.44,0.05,0.05,0.05,4121.25,0.00,0.00,0.00,4105.25,4105.19,4114.64,4104.60,4104.87,-0.761,12.42,27.02,56.39,41.73,11.45,13.18,-1.74,4100.93,4120.97,2949,3538,57.1,28.6,11,1,CROSS=EMA9>EMA21;TREND=1;STRUCT=1;VOL=1;COOL=1;EMA50=1;VWAP=1;BIAS=1,0.00,0.00,26403.44,26402.89,KZR=London L @ 4047.47 25 bars ago (low taken); EVENING 4PM-12AM IST session: stop x1.00 of usual; no partials; full size to TP5; SL steps BE->TP1->TP2->TP3
727,2025.10.24 23:42:00,2025.10.25 02:12:00,EXIT_WEEKEND,XAUUSD,M15,280,BUY,FULLTGT,DAY,0,4121.25,4096.41,4096.41,24.84,1.00,24.84,4146.09,4170.93,4195.77,4220.60,4245.44,0.05,0.05,0.00,4109.11,0.00,-0.49,0.00,4105.99,4105.65,4113.82,4106.23,4105.76,-1.052,7.76,33.17,41.90,49.12,-0.57,2.22,-2.79,4101.90,4099.98,961,2472,14.3,71.4,40,1,CROSS=EMA9>EMA21;TREND=1;STRUCT=1;VOL=1;COOL=1;EMA50=1;VWAP=1;BIAS=1,0.12,-0.99,26342.56,26342.56,WEEKEND exit
728,2025.10.24 23:42:00,2025.10.25 02:12:00,EXIT_WEEKEND,XAUUSD,M15,280,BUY,FULLTGT,DAY,0,4121.25,4096.41,4096.41,24.84,1.00,24.84,4146.09,4170.93,4195.77,4220.60,4245.44,0.05,0.05,0.00,4109.11,0.00,-0.49,-61.06,4105.99,4105.65,4113.82,4106.23,4105.76,-1.052,7.76,33.17,41.90,49.12,-0.57,2.22,-2.79,4101.90,4099.98,961,2472,14.3,71.4,40,1,CROSS=EMA9>EMA21;TREND=1;STRUCT=1;VOL=1;COOL=1;EMA50=1;VWAP=1;BIAS=1,0.12,-0.99,26342.56,26342.56,flattened before the Friday close
729,2025.10.27 01:00:00,2025.10.27 03:30:00,DAY_SUMMARY,XAUUSD,M15,280,FLAT,NA,DAY,0,0.00,0.00,0.00,0.00,1.00,0.00,0.00,0.00,0.00,0.00,0.00,0.00,0.00,0.00,0.00,0.00,0.51,64.37,4106.33,4105.84,4113.75,4106.09,4105.71,-1.002,7.90,27.55,52.73,58.17,-0.18,1.22,-1.39,4101.94,4112.26,459,2239,71.4,14.3,8,1,CROSS=EMA9>EMA21;TREND=1;STRUCT=1;VOL=1;COOL=1;EMA50=1;VWAP=1;BIAS=1,0.00,0.00,26342.56,26342.56,2025.10.24 trades=2 W=1 L=1 gross_profit=125.43 gross_loss=61.06 net=64.37 PF=2.05
730,2025.10.27 01:00:00,2025.10.27 03:30:00,WEEK_SUMMARY,XAUUSD,M15,280,FLAT,NA,DAY,0,0.00,0.00,0.00,0.00,1.00,0.00,0.00,0.00,0.00,0.00,0.00,0.00,0.00,0.00,0.00,0.00,0.51,46.49,4106.33,4105.84,4113.75,4106.09,4105.71,-1.002,7.90,27.55,52.73,58.17,-0.18,1.22,-1.39,4101.94,4112.26,459,2239,71.4,14.3,8,1,CROSS=EMA9>EMA21;TREND=1;STRUCT=1;VOL=1;COOL=1;EMA50=1;VWAP=1;BIAS=1,0.00,0.00,26342.56,26342.56,days=4 trades=5 W=2 L=3 gross_profit=229.22 gross_loss=182.73 net=46.49 PF=1.25 pips=1633.0
731,2025.10.27 01:45:00,2025.10.27 04:15:00,ENTRY,XAUUSD,M15,282,SELL,FULLTGT,DAY,0,4080.66,4104.41,4104.41,23.75,1.00,23.75,4056.91,4033.16,4009.41,3985.66,3961.91,0.05,0.05,0.05,4080.66,0.00,0.00,0.00,4104.73,4105.05,4113.12,4105.72,4105.54,-0.680,11.87,25.49,33.12,35.67,-3.65,-0.40,-3.25,4092.13,4080.66,2371,2225,0.0,100.0,12,1,CROSS=EMA9<EMA21;TREND=1;STRUCT=1;VOL=1;COOL=1;EMA50=1;VWAP=1;BIAS=1,0.00,0.00,26342.38,26341.78,KZR=London L @ 4047.47 238 bars ago (low taken); DAY 12AM-4PM IST session: stop x1.00 of usual; no partials; full size to TP5; SL steps BE->TP1->TP2->TP3
732,2025.10.27 07:05:30,2025.10.27 09:35:30,SL_MOVE,XAUUSD,M15,282,SELL,FULLTGT,DAY,0,4080.66,4104.41,4080.66,23.75,1.00,23.75,4056.91,4033.16,4009.41,3985.66,3961.91,0.05,0.00,0.05,4080.66,1.00,0.00,0.00,4089.18,4095.56,4106.35,4089.98,4096.08,-1.046,10.31,24.99,39.93,32.31,-5.41,-5.61,0.20,4079.80,4069.52,1833,2442,14.3,57.1,11,1,CROSS=EMA9<EMA21;TREND=1;STRUCT=1;VOL=1;COOL=1;EMA50=1;VWAP=1;BIAS=1,1.00,-0.72,26342.38,26461.28,stop to breakeven
733,2025.10.27 07:05:30,2025.10.27 09:35:30,TP1_REACHED,XAUUSD,M15,282,SELL,FULLTGT,DAY,0,4080.66,4104.41,4080.66,23.75,1.00,23.75,4056.91,4033.16,4009.41,3985.66,3961.91,0.05,0.00,0.05,4056.91,1.00,1.00,0.00,4089.18,4095.56,4106.35,4089.98,4096.08,-1.046,10.31,24.99,39.93,32.31,-5.41,-5.61,0.20,4079.80,4069.52,1833,2442,14.3,57.1,11,1,CROSS=EMA9<EMA21;TREND=1;STRUCT=1;VOL=1;COOL=1;EMA50=1;VWAP=1;BIAS=1,1.00,-0.72,26342.38,26461.28,full target: no partial booked
734,2025.10.27 08:24:40,2025.10.27 10:54:40,EXIT_BE,XAUUSD,M15,282,SELL,FULLTGT,DAY,0,4080.66,4104.41,4080.66,23.75,1.00,23.75,4056.91,4033.16,4009.41,3985.66,3961.91,0.05,0.05,0.00,4080.70,0.00,-0.00,-0.56,4084.80,4092.63,4104.32,4085.25,4093.02,-1.211,9.65,27.09,47.24,57.51,-6.30,-6.27,-0.04,4077.20,4073.72,1635,2441,14.3,71.4,7,1,CROSS=EMA9<EMA21;TREND=1;STRUCT=1;VOL=1;COOL=1;EMA50=1;VWAP=1;BIAS=1,1.13,-0.72,26342.00,26342.00,stopped at breakeven
735,2025.10.28 01:00:00,2025.10.28 03:30:00,DAY_SUMMARY,XAUUSD,M15,282,FLAT,NA,DAY,0,0.00,0.00,0.00,0.00,1.00,0.00,0.00,0.00,0.00,0.00,0.00,0.00,0.00,0.00,0.00,0.00,-0.00,-0.56,4014.10,4037.56,4065.15,4015.44,4038.70,-3.337,8.27,25.45,36.23,34.25,-6.77,-6.13,-0.64,4038.25,3981.07,1596,2552,0.0,85.7,8,1,CROSS=EMA9<EMA21;TREND=1;STRUCT=1;VOL=1;COOL=1;EMA50=1;VWAP=1;BIAS=1,0.00,0.00,26342.00,26342.00,2025.10.27 trades=1 W=0 L=1 gross_profit=0.00 gross_loss=0.56 net=-0.56 PF=0.00
736,2025.10.29 11:15:00,2025.10.29 13:45:00,ENTRY,XAUUSD,M15,284,BUY,FULLTGT,DAY,0,4007.11,3986.99,3986.99,20.12,1.00,20.12,4027.23,4047.34,4067.46,4087.57,4107.69,0.06,0.06,0.06,4007.11,0.00,0.00,0.00,3967.87,3967.21,3987.72,3966.26,3966.40,-2.039,10.06,46.55,72.38,74.50,10.53,5.37,5.16,3967.82,4007.22,3223,2500,100.0,0.0,8,1,CROSS=EMA9>EMA21;TREND=1;STRUCT=1;VOL=1;COOL=1;EMA50=1;VWAP=1;BIAS=1,0.00,0.00,26341.79,26341.31,KZR=Asia L @ 3973.54 111 bars ago (low taken); DAY 12AM-4PM IST session: stop x1.00 of usual; no partials; full size to TP5; SL steps BE->TP1->TP2->TP3
737,2025.10.29 12:49:30,2025.10.29 15:19:30,SL_MOVE,XAUUSD,M15,284,BUY,FULLTGT,DAY,0,4007.11,3986.99,4007.11,20.12,1.00,20.12,4027.23,4047.34,4067.46,4087.57,4107.69,0.06,0.00,0.06,4007.11,1.00,0.00,0.00,3978.01,3972.65,3989.32,3976.32,3971.70,-1.890,8.82,60.34,76.78,68.73,14.72,12.06,2.65,3974.02,4019.56,2678,2599,100.0,0.0,5,1,CROSS=EMA9>EMA21;TREND=1;STRUCT=1;VOL=1;COOL=1;EMA50=1;VWAP=1;BIAS=1,1.00,-0.18,26341.79,26462.63,stop to breakeven
738,2025.10.29 12:49:30,2025.10.29 15:19:30,TP1_REACHED,XAUUSD,M15,284,BUY,FULLTGT,DAY,0,4007.11,3986.99,4007.11,20.12,1.00,20.12,4027.23,4047.34,4067.46,4087.57,4107.69,0.06,0.00,0.06,4027.23,1.00,1.00,0.00,3978.01,3972.65,3989.32,3976.32,3971.70,-1.890,8.82,60.34,76.78,68.73,14.72,12.06,2.65,3974.02,4019.56,2678,2599,100.0,0.0,5,1,CROSS=EMA9>EMA21;TREND=1;STRUCT=1;VOL=1;COOL=1;EMA50=1;VWAP=1;BIAS=1,1.00,-0.18,26341.79,26462.63,full target: no partial booked
739,2025.10.29 16:37:40,2025.10.29 19:07:40,EXIT_BE,XAUUSD,M15,284,BUY,FULLTGT,EVENING,0,4007.11,3986.99,4007.11,20.12,1.00,20.12,4027.23,4047.34,4067.46,4087.57,4107.69,0.06,0.06,0.00,4007.08,0.00,-0.00,-0.60,3997.88,3985.48,3993.90,3997.03,3984.80,-1.028,8.20,29.62,56.98,38.98,8.13,10.87,-2.74,3987.17,4018.68,2729,2766,57.1,28.6,9,1,CROSS=EMA9>EMA21;TREND=1;STRUCT=1;VOL=1;COOL=1;EMA50=1;VWAP=1;BIAS=1,1.15,-0.18,26341.40,26341.40,stopped at breakeven
740,2025.10.29 23:45:00,2025.10.30 02:15:00,ENTRY,XAUUSD,M15,286,SELL,FULLTGT,DAY,0,3936.31,3976.52,3976.52,40.21,1.00,40.21,3896.10,3855.89,3815.68,3775.48,3735.27,0.03,0.03,0.03,3936.31,0.00,0.00,0.00,3983.16,3983.30,3991.05,3985.07,3984.25,-0.385,20.10,55.63,33.46,38.21,-17.05,-13.37,-3.67,3986.21,3936.42,1691,3425,0.0,85.7,40,1,CROSS=EMA9<EMA21;TREND=1;STRUCT=1;VOL=1;COOL=1;EMA50=1;VWAP=1;BIAS=1,0.00,0.00,26341.29,26340.09,KZR=Asia L @ 3933.94 4 bars ago (low taken); DAY 12AM-4PM IST session: stop x1.00 of usual; no partials; full size to TP5; SL steps BE->TP1->TP2->TP3
741,2025.10.30 01:00:00,2025.10.30 03:30:00,DAY_SUMMARY,XAUUSD,M15,286,SELL,FULLTGT,DAY,0,3936.31,3976.52,3976.52,40.21,1.00,40.21,3896.10,3855.89,3815.68,3775.48,3735.27,0.03,0.00,0.00,0.00,0.00,-0.00,-0.60,3981.08,3982.25,3990.44,3983.16,3983.30,-0.406,20.20,56.44,31.73,35.30,-17.91,-14.37,-3.54,3985.86,3930.12,1720,3316,0.0,85.7,9,1,CROSS=EMA9<EMA21;TREND=1;STRUCT=1;VOL=1;COOL=1;EMA50=1;VWAP=1;BIAS=1,0.20,-0.13,26341.29,26358.74,2025.10.29 trades=1 W=0 L=1 gross_profit=0.00 gross_loss=0.60 net=-0.60 PF=0.00
742,2025.10.30 07:36:38,2025.10.30 10:06:38,EXIT_SL,XAUUSD,M15,286,SELL,FULLTGT,DAY,0,3936.31,3976.52,3976.52,40.21,1.00,40.21,3896.10,3855.89,3815.68,3775.48,3735.27,0.03,0.03,0.00,3976.63,0.00,-1.00,-117.17,3956.36,3966.42,3979.67,3956.23,3966.56,-1.049,12.63,20.40,57.22,76.38,-4.34,-7.17,2.83,3942.61,3959.36,3709,2696,71.4,14.3,12,1,CROSS=EMA9<EMA21;TREND=1;STRUCT=1;VOL=1;COOL=1;EMA50=1;VWAP=1;BIAS=1,0.52,-1.00,26224.23,26224.23,stopped at the initial SL (x1.00 of usual)
743,2025.10.30 14:00:00,2025.10.30 16:30:00,ENTRY,XAUUSD,M15,288,BUY,FULLTGT,EVENING,0,3984.30,3962.10,3962.10,22.20,1.00,22.20,4006.50,4028.70,4050.90,4073.10,4095.30,0.05,0.05,0.05,3984.30,0.00,0.00,0.00,3971.22,3971.01,3979.05,3970.69,3970.74,-0.724,11.10,25.35,54.87,46.42,8.91,9.75,-0.85,3961.13,3984.18,2514,3099,57.1,28.6,9,1,CROSS=EMA9>EMA21;TREND=1;STRUCT=1;VOL=1;COOL=1;EMA50=1;VWAP=1;BIAS=1,0.00,0.00,26224.05,26223.60,KZR=Asia L @ 3933.94 61 bars ago (low taken); EVENING 4PM-12AM IST session: stop x1.00 of usual; no partials; full size to TP5; SL steps BE->TP1->TP2->TP3
744,2025.10.30 15:58:39,2025.10.30 18:28:39,EXIT_SL,XAUUSD,M15,288,BUY,FULLTGT,EVENING,0,3984.30,3962.10,3962.10,22.20,1.00,22.20,4006.50,4028.70,4050.90,4073.10,4095.30,0.05,0.05,0.00,3962.08,0.00,-1.00,-111.46,3972.05,3971.48,3978.74,3971.84,3971.36,-0.666,10.91,26.53,50.72,44.78,2.24,5.34,-3.10,3962.82,3977.14,3631,3032,71.4,28.6,1,1,CROSS=EMA9>EMA21;TREND=1;STRUCT=1;VOL=1;COOL=1;EMA50=1;VWAP=1;BIAS=1,0.06,-1.00,26112.77,26112.77,stopped at the initial SL (x1.00 of usual)
745,2025.10.31 01:00:00,2025.10.31 03:30:00,DAY_SUMMARY,XAUUSD,M15,288,FLAT,NA,DAY,0,0.00,0.00,0.00,0.00,1.00,0.00,0.00,0.00,0.00,0.00,0.00,0.00,0.00,0.00,0.00,0.00,-2.00,-228.63,3998.82,3988.22,3986.08,3997.79,3987.49,0.277,7.73,34.22,62.44,59.03,8.45,8.64,-0.19,3976.61,4024.28,1076,2472,71.4,14.3,8,1,CROSS=EMA9>EMA21;TREND=1;STRUCT=1;VOL=1;COOL=1;EMA50=1;VWAP=1;BIAS=1,0.00,0.00,26112.77,26112.77,2025.10.30 trades=2 W=0 L=2 gross_profit=0.00 gross_loss=228.63 net=-228.63 PF=0.00
746,2025.11.03 01:00:00,2025.11.03 03:30:00,WEEK_SUMMARY,XAUUSD,M15,288,FLAT,NA,DAY,0,0.00,0.00,0.00,0.00,1.00,0.00,0.00,0.00,0.00,0.00,0.00,0.00,0.00,0.00,0.00,0.00,-2.01,-229.79,4005.17,4004.75,4000.10,4005.29,4004.80,0.623,7.46,21.31,49.50,52.58,-1.43,-2.42,0.99,4011.10,4002.19,755,2652,42.9,28.6,5,1,CROSS=EMA9>EMA21;TREND=1;STRUCT=1;VOL=1;COOL=1;EMA50=1;VWAP=1;BIAS=1,0.00,0.00,26112.77,26112.77,days=3 trades=4 W=0 L=4 gross_profit=0.00 gross_loss=229.79 net=-229.79 PF=0.00 pips=-6261.0
747,2025.11.03 01:00:00,2025.11.03 03:30:00,MONTH_SUMMARY,XAUUSD,M15,288,FLAT,NA,DAY,0,0.00,0.00,0.00,0.00,1.00,0.00,0.00,0.00,0.00,0.00,0.00,0.00,0.00,0.00,0.00,0.00,-1.58,-192.03,4005.17,4004.75,4000.10,4005.29,4004.80,0.623,7.46,21.31,49.50,52.58,-1.43,-2.42,0.99,4011.10,4002.19,755,2652,42.9,28.6,5,1,CROSS=EMA9>EMA21;TREND=1;STRUCT=1;VOL=1;COOL=1;EMA50=1;VWAP=1;BIAS=1,0.00,0.00,26112.77,26112.77,days=11 trades=14 W=4 L=10 gross_profit=498.82 gross_loss=690.85 net=-192.03 PF=0.72 pips=-9489.0
748,2025.11.03 01:45:00,2025.11.03 04:15:00,ENTRY,XAUUSD,M15,290,SELL,FULLTGT,DAY,0,3979.34,3995.58,3995.58,16.24,1.00,16.24,3963.10,3946.86,3930.62,3914.39,3898.15,0.08,0.08,0.08,3979.34,0.00,0.00,0.00,4003.44,4003.89,3999.80,4004.43,4004.39,0.503,8.12,20.39,32.76,27.78,-3.49,-2.20,-1.29,3990.12,3979.22,2317,2330,0.0,71.4,5,1,CROSS=EMA9<EMA21;TREND=1;STRUCT=1;VOL=1;COOL=1;EMA50=1;VWAP=1;BIAS=1,0.00,0.00,26112.49,26112.09,KZR=Asia L @ 3933.94 396 bars ago (low taken); DAY 12AM-4PM IST session: stop x1.00 of usual; no partials; full size to TP5; SL steps BE->TP1->TP2->TP3
749,2025.11.03 02:17:40,2025.11.03 04:47:40,SL_MOVE,XAUUSD,M15,290,SELL,FULLTGT,DAY,0,3979.34,3995.58,3979.34,16.24,1.00,16.24,3963.10,3946.86,3930.62,3914.39,3898.15,0.08,0.00,0.08,3979.34,1.00,0.00,0.00,4001.21,4002.73,3999.30,4002.54,4003.43,0.367,9.34,24.89,28.26,21.66,-6.20,-2.83,-3.37,3985.50,3968.50,1972,2167,0.0,71.4,8,1,CROSS=EMA9<EMA21;TREND=1;STRUCT=1;VOL=1;COOL=1;EMA50=1;VWAP=1;BIAS=1,1.00,-0.53,26112.49,26242.41,stop to breakeven
750,2025.11.03 02:17:40,2025.11.03 04:47:40,TP1_REACHED,XAUUSD,M15,290,SELL,FULLTGT,DAY,0,3979.34,3995.58,3979.34,16.24,1.00,16.24,3963.10,3946.86,3930.62,3914.39,3898.15,0.08,0.00,0.08,3963.10,1.00,1.00,0.00,4001.21,4002.73,3999.30,4002.54,4003.43,0.367,9.34,24.89,28.26,21.66,-6.20,-2.83,-3.37,3985.50,3968.50,1972,2167,0.0,71.4,8,1,CROSS=EMA9<EMA21;TREND=1;STRUCT=1;VOL=1;COOL=1;EMA50=1;VWAP=1;BIAS=1,1.00,-0.53,26112.49,26242.41,full target: no partial booked
751,2025.11.03 03:06:30,2025.11.03 05:36:30,EXIT_BE,XAUUSD,M15,290,SELL,FULLTGT,DAY,0,3979.34,3995.58,3979.34,16.24,1.00,16.24,3963.10,3946.86,3930.62,3914.39,3898.15,0.08,0.08,0.00,3979.38,0.00,-0.00,-0.88,3997.84,4000.91,3998.48,3998.94,4001.51,0.243,10.00,30.28,31.79,38.32,-8.43,-4.77,-3.65,3979.26,3970.91,2404,2058,0.0,100.0,5,1,CROSS=EMA9<EMA21;TREND=1;STRUCT=1;VOL=1;COOL=1;EMA50=1;VWAP=1;BIAS=1,1.03,-0.53,26111.89,26111.89,stopped at breakeven
752,2025.11.03 08:15:00,2025.11.03 10:45:00,ENTRY,XAUUSD,M15,292,BUY,FULLTGT,DAY,0,4014.77,4000.79,4000.79,13.98,1.00,13.98,4028.75,4042.74,4056.72,4070.71,4084.69,0.09,0.09,0.09,4014.77,0.00,0.00,0.00,4002.53,4002.42,3999.70,4002.04,4002.17,0.390,6.99,26.58,62.19,60.54,4.85,4.09,0.76,3996.20,4014.72,2052,2260,85.7,0.0,5,1,CROSS=EMA9>EMA21;TREND=1;STRUCT=1;VOL=1;COOL=1;EMA50=1;VWAP=1;BIAS=1,0.00,0.00,26111.57,26111.12,KZR=Asia L @ 3933.94 422 bars ago (low taken); DAY 12AM-4PM IST session: stop x1.00 of usual; no partials; full size to TP5; SL steps BE->TP1->TP2->TP3
753,2025.11.03 11:41:19,2025.11.03 14:11:19,EXIT_SL,XAUUSD,M15,292,BUY,FULLTGT,DAY,0,4014.77,4000.79,4000.79,13.98,1.00,13.98,4028.75,4042.74,4056.72,4070.71,4084.69,0.09,0.09,0.00,4000.78,0.00,-1.00,-126.55,4008.76,4005.98,4001.93,4008.82,4005.95,0.522,7.76,32.59,44.94,32.24,3.58,5.16,-1.58,4002.83,4007.27,2785,2130,28.6,71.4,8,1,CROSS=EMA9>EMA21;TREND=1;STRUCT=1;VOL=1;COOL=1;EMA50=1;VWAP=1;BIAS=1,0.95,-1.00,25985.34,25985.34,stopped at the initial SL (x1.00 of usual)
754,2025.11.04 01:00:00,2025.11.04 03:30:00,DAY_SUMMARY,XAUUSD,M15,292,FLAT,NA,DAY,0,0.00,0.00,0.00,0.00,1.00,0.00,0.00,0.00,0.00,0.00,0.00,0.00,0.00,0.00,0.00,0.00,-1.00,-127.43,4007.16,4006.75,4004.03,4007.40,4006.86,0.476,5.72,25.41,43.50,38.13,-1.42,-0.94,-0.49,4005.98,4001.26,375,1870,14.3,71.4,5,1,CROSS=EMA9>EMA21;TREND=1;STRUCT=1;VOL=1;COOL=1;EMA50=1;VWAP=1;BIAS=1,0.00,0.00,25985.34,25985.34,2025.11.03 trades=2 W=0 L=2 gross_profit=0.00 gross_loss=127.43 net=-127.43 PF=0.00
755,2025.11.04 01:30:00,2025.11.04 04:00:00,SKIP,XAUUSD,M15,292,FLAT,NA,DAY,0,0.00,0.00,0.00,0.00,1.00,0.00,0.00,0.00,0.00,0.00,0.00,0.00,0.00,0.00,0.00,0.00,0.00,0.00,4006.00,4006.17,4003.79,4006.43,4006.38,0.335,7.11,33.84,41.48,40.23,-2.97,-1.21,-1.77,3992.94,3995.61,1763,1774,14.3,71.4,5,1,CROSS=EMA9<EMA21;TREND=1;STRUCT=1;VOL=1;COOL=1;EMA50=1;VWAP=0;BIAS=1,0.00,0.00,25985.34,25985.34,quality filter
756,2025.11.05 16:45:00,2025.11.05 19:15:00,SKIP,XAUUSD,M15,292,FLAT,NA,EVENING,0,0.00,0.00,0.00,0.00,1.00,0.00,0.00,0.00,0.00,0.00,0.00,0.00,0.00,0.00,0.00,0.00,0.00,0.00,3967.28,3967.27,3974.38,3966.91,3967.09,-1.026,6.92,40.36,55.94,51.63,3.33,1.67,1.66,3961.58,3976.32,3762,2051,85.7,14.3,8,1,CROSS=EMA9>EMA21;TREND=1;STRUCT=1;VOL=1;COOL=1;EMA50=1;VWAP=1;BIAS=1,0.00,0.00,25985.34,25985.34,already positioned that way
757,2025.11.10 01:00:00,2025.11.10 03:30:00,WEEK_SUMMARY,XAUUSD,M15,292,FLAT,NA,DAY,0,0.00,0.00,0.00,0.00,1.00,0.00,0.00,0.00,0.00,0.00,0.00,0.00,0.00,0.00,0.00,0.00,-1.00,-127.43,4001.38,3998.96,3994.43,4001.41,3998.92,0.888,5.10,28.39,48.26,46.70,0.08,0.83,-0.75,3999.89,4000.84,530,2131,28.6,57.1,5,1,CROSS=EMA9>EMA21;TREND=1;STRUCT=1;VOL=1;COOL=1;EMA50=1;VWAP=1;BIAS=1,0.00,0.00,25985.34,25985.34,days=1 trades=2 W=0 L=2 gross_profit=0.00 gross_loss=127.43 net=-127.43 PF=0.00 pips=-1403.0
758,2025.11.13 23:45:00,2025.11.14 02:15:00,ENTRY,XAUUSD,M15,294,SELL,FULLTGT,DAY,0,4172.99,4198.29,4198.29,25.30,1.00,25.30,4147.69,4122.38,4097.08,4071.77,4046.47,0.05,0.05,0.05,4172.99,0.00,0.00,0.00,4192.25,4192.47,4173.86,4193.04,4192.87,1.471,12.65,19.28,44.04,52.44,-9.45,-12.51,3.06,4203.24,4172.85,1226,3142,28.6,42.9,40,1,CROSS=EMA9<EMA21;TREND=1;STRUCT=1;VOL=1;COOL=1;EMA50=1;VWAP=1;BIAS=1,0.00,0.00,25985.16,25983.16,KZR=London H @ 4240.09 35 bars ago (high taken); DAY 12AM-4PM IST session: stop x1.00 of usual; no partials; full size to TP5; SL steps BE->TP1->TP2->TP3
759,2025.11.14 04:23:37,2025.11.14 06:53:37,EXIT_SL,XAUUSD,M15,294,SELL,FULLTGT,DAY,0,4172.99,4198.29,4198.29,25.30,1.00,25.30,4147.69,4122.38,4097.08,4071.77,4046.47,0.05,0.05,0.00,4198.30,0.00,-1.00,-124.68,4188.42,4190.17,4175.04,4188.19,4190.09,1.833,8.25,22.95,58.38,61.76,0.51,-1.40,1.91,4183.54,4194.08,2710,2240,71.4,14.3,7,1,CROSS=EMA9<EMA21;TREND=1;STRUCT=1;VOL=1;COOL=1;EMA50=1;VWAP=1;BIAS=1,0.12,-1.00,25860.66,25860.66,stopped at the initial SL (x1.00 of usual)
760,2025.11.14 05:45:00,2025.11.14 08:15:00,ENTRY,XAUUSD,M15,296,BUY,FULLTGT,DAY,0,4207.29,4191.35,4191.35,15.94,1.00,15.94,4223.23,4239.17,4255.11,4271.05,4286.99,0.08,0.08,0.08,4207.29,0.00,0.00,0.00,4192.15,4191.94,4176.83,4191.54,4191.63,1.896,7.97,46.25,63.43,63.04,6.44,2.80,3.64,4190.68,4207.22,1959,2370,85.7,0.0,7,1,CROSS=EMA9>EMA21;TREND=1;STRUCT=1;VOL=1;COOL=1;EMA50=1;VWAP=1;BIAS=1,0.00,0.00,25860.38,25859.82,KZR=London H @ 4240.09 59 bars ago (high taken); DAY 12AM-4PM IST session: stop x1.00 of usual; no partials; full size to TP5; SL steps BE->TP1->TP2->TP3
761,2025.11.14 07:13:14,2025.11.14 09:43:14,EXIT_SL,XAUUSD,M15,296,BUY,FULLTGT,DAY,0,4207.29,4191.35,4191.35,15.94,1.00,15.94,4223.23,4239.17,4255.11,4271.05,4286.99,0.08,0.08,0.00,4191.33,0.00,-1.00,-128.24,4193.87,4192.86,4178.04,4193.48,4192.65,2.139,6.93,26.59,58.32,37.40,5.27,5.61,-0.33,4192.50,4203.32,1651,2453,57.1,28.6,7,1,CROSS=EMA9>EMA21;TREND=1;STRUCT=1;VOL=1;COOL=1;EMA50=1;VWAP=1;BIAS=1,0.00,-1.00,25732.42,25732.42,stopped at the initial SL (x1.00 of usual)
762,2025.11.14 09:00:00,2025.11.14 11:30:00,ENTRY,XAUUSD,M15,298,SELL,FULLTGT,DAY,0,4175.20,4191.39,4191.39,16.19,1.00,16.19,4159.01,4142.81,4126.62,4110.43,4094.24,0.07,0.07,0.07,4175.20,0.00,0.00,0.00,4191.51,4191.77,4178.62,4192.17,4192.10,1.624,8.10,31.50,37.41,32.29,-2.22,1.58,-3.79,4190.71,4175.25,2899,2449,0.0,100.0,7,1,CROSS=EMA9<EMA21;TREND=1;STRUCT=1;VOL=1;COOL=1;EMA50=1;VWAP=1;BIAS=1,0.00,0.00,25732.17,25731.68,KZR=London H @ 4240.09 72 bars ago (high taken); DAY 12AM-4PM IST session: stop x1.00 of usual; no partials; full size to TP5; SL steps BE->TP1->TP2->TP3
763,2025.11.14 13:09:39,2025.11.14 15:39:39,SL_MOVE,XAUUSD,M15,298,SELL,FULLTGT,DAY,0,4175.20,4191.39,4175.20,16.19,1.00,16.19,4159.01,4142.81,4126.62,4110.43,4094.24,0.07,0.00,0.07,4175.20,1.00,0.00,0.00,4182.04,4186.28,4177.62,4182.62,4186.65,0.984,8.80,34.87,40.90,45.12,-5.54,-5.00,-0.54,4184.04,4167.96,2179,2744,0.0,85.7,7,1,CROSS=EMA9<EMA21;TREND=1;STRUCT=1;VOL=1;COOL=1;EMA50=1;VWAP=1;BIAS=1,1.00,-0.73,25732.17,25845.71,stop to breakeven
764,2025.11.14 13:09:39,2025.11.14 15:39:39,TP1_REACHED,XAUUSD,M15,298,SELL,FULLTGT,DAY,0,4175.20,4191.39,4175.20,16.19,1.00,16.19,4159.01,4142.81,4126.62,4110.43,4094.24,0.07,0.00,0.07,4159.01,1.00,1.00,0.00,4182.04,4186.28,4177.62,4182.62,4186.65,0.984,8.80,34.87,40.90,45.12,-5.54,-5.00,-0.54,4184.04,4167.96,2179,2744,0.0,85.7,7,1,CROSS=EMA9<EMA21;TREND=1;STRUCT=1;VOL=1;COOL=1;EMA50=1;VWAP=1;BIAS=1,1.00,-0.73,25732.17,25845.71,full target: no partial booked
765,2025.11.14 13:17:39,2025.11.14 15:47:39,SL_MOVE,XAUUSD,M15,298,SELL,FULLTGT,DAY,0,4175.20,4191.39,4159.01,16.19,1.00,16.19,4159.01,4142.81,4126.62,4110.43,4094.24,0.07,0.00,0.07,4159.01,2.00,0.00,0.00,4180.90,4185.62,4177.38,4182.04,4186.28,0.883,9.34,36.35,31.35,29.55,-6.57,-5.27,-1.31,4183.47,4152.99,2743,2761,0.0,85.7,7,1,CROSS=EMA9<EMA21;TREND=1;STRUCT=1;VOL=1;COOL=1;EMA50=1;VWAP=1;BIAS=1,2.00,-0.73,25732.17,25959.11,stop trailed to TP1
766,2025.11.14 13:17:39,2025.11.14 15:47:39,TP2_REACHED,XAUUSD,M15,298,SELL,FULLTGT,DAY,0,4175.20,4191.39,4159.01,16.19,1.00,16.19,4159.01,4142.81,4126.62,4110.43,4094.24,0.07,0.00,0.07,4142.81,2.00,2.00,0.00,4180.90,4185.62,4177.38,4182.04,4186.28,0.883,9.34,36.35,31.35,29.55,-6.57,-5.27,-1.31,4183.47,4152.99,2743,2761,0.0,85.7,7,1,CROSS=EMA9<EMA21;TREND=1;STRUCT=1;VOL=1;COOL=1;EMA50=1;VWAP=1;BIAS=1,2.00,-0.73,25732.17,25959.11,full target: no partial booked
767,2025.11.14 14:12:32,2025.11.14 16:42:32,SL_MOVE,XAUUSD,M15,298,SELL,FULLTGT,EVENING,0,4175.20,4191.39,4142.81,16.19,1.00,16.19,4159.01,4142.81,4126.62,4110.43,4094.24,0.07,0.00,0.07,4142.81,3.00,0.00,0.00,4176.84,4183.26,4176.42,4178.62,4184.28,0.657,10.41,39.97,25.83,29.71,-9.84,-6.59,-3.25,4180.74,4133.01,3716,2827,0.0,100.0,7,1,CROSS=EMA9<EMA21;TREND=1;STRUCT=1;VOL=1;COOL=1;EMA50=1;VWAP=1;BIAS=1,3.00,-0.73,25732.17,26072.65,stop trailed to TP2
768,2025.11.14 14:12:32,2025.11.14 16:42:32,TP3_REACHED,XAUUSD,M15,298,SELL,FULLTGT,EVENING,0,4175.20,4191.39,4142.81,16.19,1.00,16.19,4159.01,4142.81,4126.62,4110.43,4094.24,0.07,0.00,0.07,4126.62,3.00,3.00,0.00,4176.84,4183.26,4176.42,4178.62,4184.28,0.657,10.41,39.97,25.83,29.71,-9.84,-6.59,-3.25,4180.74,4133.01,3716,2827,0.0,100.0,7,1,CROSS=EMA9<EMA21;TREND=1;STRUCT=1;VOL=1;COOL=1;EMA50=1;VWAP=1;BIAS=1,3.00,-0.73,25732.17,26072.65,full target: no partial booked
769,2025.11.14 14:34:04,2025.11.14 17:04:04,SL_MOVE,XAUUSD,M15,298,SELL,FULLTGT,EVENING,0,4175.20,4191.39,4126.62,16.19,1.00,16.19,4159.01,4142.81,4126.62,4110.43,4094.24,0.07,0.00,0.07,4126.62,4.00,0.00,0.00,4172.43,4180.76,4175.30,4174.84,4182.13,0.494,11.07,44.58,20.23,21.13,-14.09,-8.31,-5.79,4177.54,4113.27,3980,2903,0.0,100.0,7,1,CROSS=EMA9<EMA21;TREND=1;STRUCT=1;VOL=1;COOL=1;EMA50=1;VWAP=1;BIAS=1,4.00,-0.73,25732.17,26185.63,stop trailed to TP3
770,2025.11.14 14:34:04,2025.11.14 17:04:04,TP4_REACHED,XAUUSD,M15,298,SELL,FULLTGT,EVENING,0,4175.20,4191.39,4126.62,16.19,1.00,16.19,4159.01,4142.81,4126.62,4110.43,4094.24,0.07,0.00,0.07,4110.43,4.00,4.00,0.00,4172.43,4180.76,4175.30,4174.84,4182.13,0.494,11.07,44.58,20.23,21.13,-14.09,-8.31,-5.79,4177.54,4113.27,3980,2903,0.0,100.0,7,1,CROSS=EMA9<EMA21;TREND=1;STRUCT=1;VOL=1;COOL=1;EMA50=1;VWAP=1;BIAS=1,4.00,-0.73,25732.17,26185.63,full target: no partial booked
771,2025.11.14 15:12:29,2025.11.14 17:42:29,TP5_EXIT,XAUUSD,M15,298,SELL,FULLTGT,EVENING,0,4175.20,4191.39,4126.62,16.19,1.00,16.19,4159.01,4142.81,4126.62,4110.43,4094.24,0.07,0.07,0.00,4094.17,5.00,5.00,0.00,4168.07,4178.21,4174.12,4170.19,4179.47,0.370,11.07,49.49,22.91,25.38,-16.57,-10.62,-5.95,4174.43,4116.08,3638,3004,14.3,85.7,7,1,CROSS=EMA9<EMA21;TREND=1;STRUCT=1;VOL=1;COOL=1;EMA50=1;VWAP=1;BIAS=1,5.00,-0.73,26299.13,26299.13,full target reached; closed in full
772,2025.11.14 15:12:29,2025.11.14 17:42:29,EXIT_TP,XAUUSD,M15,298,SELL,FULLTGT,EVENING,0,4175.20,4191.39,4126.62,16.19,1.00,16.19,4159.01,4142.81,4126.62,4110.43,4094.24,0.07,0.07,0.00,4094.17,0.00,5.00,566.71,4168.07,4178.21,4174.12,4170.19,4179.47,0.370,11.07,49.49,22.91,25.38,-16.57,-10.62,-5.95,4174.43,4116.08,3638,3004,14.3,85.7,7,1,CROSS=EMA9<EMA21;TREND=1;STRUCT=1;VOL=1;COOL=1;EMA50=1;VWAP=1;BIAS=1,5.00,-0.73,26299.13,26299.13,TP5 exit
773,2025.11.17 01:00:00,2025.11.17 03:30:00,DAY_SUMMARY,XAUUSD,M15,298,FLAT,NA,DAY,0,0.00,0.00,0.00,0.00,1.00,0.00,0.00,0.00,0.00,0.00,0.00,0.00,0.00,0.00,0.00,0.00,3.00,313.79,4106.38,4131.09,4147.42,4107.25,4132.02,-1.981,8.24,44.16,43.55,49.79,-5.50,-5.25,-0.24,4133.46,4085.10,545,2566,0.0,85.7,8,1,CROSS=EMA9<EMA21;TREND=1;STRUCT=1;VOL=1;COOL=1;EMA50=1;VWAP=1;BIAS=1,0.00,0.00,26299.13,26299.13,2025.11.14 trades=3 W=1 L=2 gross_profit=566.71 gross_loss=252.92 net=313.79 PF=2.24
774,2025.11.17 01:00:00,2025.11.17 03:30:00,WEEK_SUMMARY,XAUUSD,M15,298,FLAT,NA,DAY,0,0.00,0.00,0.00,0.00,1.00,0.00,0.00,0.00,0.00,0.00,0.00,0.00,0.00,0.00,0.00,0.00,3.00,313.79,4106.38,4131.09,4147.42,4107.25,4132.02,-1.981,8.24,44.16,43.55,49.79,-5.50,-5.25,-0.24,4133.46,4085.10,545,2566,0.0,85.7,8,1,CROSS=EMA9<EMA21;TREND=1;STRUCT=1;VOL=1;COOL=1;EMA50=1;VWAP=1;BIAS=1,0.00,0.00,26299.13,26299.13,days=1 trades=3 W=1 L=2 gross_profit=566.71 gross_loss=252.92 net=313.79 PF=2.24 pips=3976.0
775,2025.11.18 20:30:00,2025.11.18 23:00:00,ENTRY,XAUUSD,M15,300,BUY,FULLTGT,EVENING,0,4065.87,4044.49,4044.49,21.38,1.00,21.38,4087.25,4108.64,4130.02,4151.41,4172.79,0.06,0.06,0.06,4065.87,0.00,0.00,0.00,4051.73,4051.49,4068.55,4051.15,4051.20,-1.595,10.69,15.36,56.00,49.28,6.11,6.50,-0.40,4040.44,4065.87,2949,3514,42.9,28.6,7,1,CROSS=EMA9>EMA21;TREND=1;STRUCT=1;VOL=1;COOL=1;EMA50=1;VWAP=1;BIAS=1,0.00,0.00,26298.92,26298.50,KZR=Asia L @ 4004.90 45 bars ago (low taken); EVENING 4PM-12AM IST session: stop x1.00 of usual; no partials; full size to TP5; SL steps BE->TP1->TP2->TP3
776,2025.11.19 07:18:28,2025.11.19 09:48:28,SL_MOVE,XAUUSD,M15,300,BUY,FULLTGT,DAY,0,4065.87,4044.49,4065.87,21.38,1.00,21.38,4087.25,4108.64,4130.02,4151.41,4172.79,0.06,0.00,0.06,4065.87,1.00,0.00,0.00,4067.36,4062.32,4069.51,4066.88,4061.98,-1.055,6.81,21.79,59.31,63.29,1.83,1.05,0.78,4070.49,4079.09,1823,2099,71.4,0.0,7,1,CROSS=EMA9>EMA21;TREND=1;STRUCT=1;VOL=1;COOL=1;EMA50=1;VWAP=1;BIAS=1,1.00,-0.47,26298.92,26423.53,stop to breakeven
777,2025.11.19 07:18:28,2025.11.19 09:48:28,TP1_REACHED,XAUUSD,M15,300,BUY,FULLTGT,DAY,0,4065.87,4044.49,4065.87,21.38,1.00,21.38,4087.25,4108.64,4130.02,4151.41,4172.79,0.06,0.00,0.06,4087.25,1.00,1.00,0.00,4067.36,4062.32,4069.51,4066.88,4061.98,-1.055,6.81,21.79,59.31,63.29,1.83,1.05,0.78,4070.49,4079.09,1823,2099,71.4,0.0,7,1,CROSS=EMA9>EMA21;TREND=1;STRUCT=1;VOL=1;COOL=1;EMA50=1;VWAP=1;BIAS=1,1.00,-0.47,26298.92,26423.53,full target: no partial booked
778,2025.11.19 11:55:53,2025.11.19 14:25:53,SL_MOVE,XAUUSD,M15,300,BUY,FULLTGT,DAY,0,4065.87,4044.49,4087.25,21.38,1.00,21.38,4087.25,4108.64,4130.02,4151.41,4172.79,0.06,0.00,0.06,4087.25,2.00,0.00,0.00,4078.98,4070.73,4072.91,4078.19,4070.16,-0.282,7.75,23.00,62.25,74.99,3.88,4.10,-0.22,4079.63,4098.55,2294,2354,57.1,14.3,11,1,CROSS=EMA9>EMA21;TREND=1;STRUCT=1;VOL=1;COOL=1;EMA50=1;VWAP=1;BIAS=1,2.00,-0.47,26298.92,26551.87,stop trailed to TP1
779,2025.11.19 11:55:53,2025.11.19 14:25:53,TP2_REACHED,XAUUSD,M15,300,BUY,FULLTGT,DAY,0,4065.87,4044.49,4087.25,21.38,1.00,21.38,4087.25,4108.64,4130.02,4151.41,4172.79,0.06,0.00,0.06,4108.64,2.00,2.00,0.00,4078.98,4070.73,4072.91,4078.19,4070.16,-0.282,7.75,23.00,62.25,74.99,3.88,4.10,-0.22,4079.63,4098.55,2294,2354,57.1,14.3,11,1,CROSS=EMA9>EMA21;TREND=1;STRUCT=1;VOL=1;COOL=1;EMA50=1;VWAP=1;BIAS=1,2.00,-0.47,26298.92,26551.87,full target: no partial booked
780,2025.11.19 17:14:42,2025.11.19 19:44:42,SL_MOVE,XAUUSD,M15,300,BUY,FULLTGT,EVENING,0,4065.87,4044.49,4108.64,21.38,1.00,21.38,4087.25,4108.64,4130.02,4151.41,4172.79,0.06,0.00,0.06,4108.64,3.00,0.00,0.00,4098.56,4085.32,4080.54,4097.35,4084.45,0.499,9.56,25.52,64.11,62.80,5.78,6.11,-0.32,4092.41,4128.01,4071,2713,85.7,14.3,7,1,CROSS=EMA9>EMA21;TREND=1;STRUCT=1;VOL=1;COOL=1;EMA50=1;VWAP=1;BIAS=1,3.00,-0.47,26298.92,26680.39,stop trailed to TP2
781,2025.11.19 17:14:42,2025.11.19 19:44:42,TP3_REACHED,XAUUSD,M15,300,BUY,FULLTGT,EVENING,0,4065.87,4044.49,4108.64,21.38,1.00,21.38,4087.25,4108.64,4130.02,4151.41,4172.79,0.06,0.00,0.06,4130.02,3.00,3.00,0.00,4098.56,4085.32,4080.54,4097.35,4084.45,0.499,9.56,25.52,64.11,62.80,5.78,6.11,-0.32,4092.41,4128.01,4071,2713,85.7,14.3,7,1,CROSS=EMA9>EMA21;TREND=1;STRUCT=1;VOL=1;COOL=1;EMA50=1;VWAP=1;BIAS=1,3.00,-0.47,26298.92,26680.39,full target: no partial booked
782,2025.11.19 17:45:20,2025.11.19 20:15:20,EXIT_TRAIL_SL,XAUUSD,M15,300,BUY,FULLTGT,EVENING,0,4065.87,4044.49,4108.64,21.38,1.00,21.38,4087.25,4108.64,4130.02,4151.41,4172.79,0.06,0.06,0.00,4108.61,0.00,2.00,252.23,4100.81,4087.25,4081.67,4100.44,4086.80,0.505,11.06,22.17,50.10,42.31,5.18,5.72,-0.54,4094.52,4109.90,4069,2910,42.9,42.9,7,1,CROSS=EMA9>EMA21;TREND=1;STRUCT=1;VOL=1;COOL=1;EMA50=1;VWAP=1;BIAS=1,3.13,-0.47,26551.36,26551.36,stopped at a trailed level
783,2025.11.20 01:00:00,2025.11.20 03:30:00,DAY_SUMMARY,XAUUSD,M15,300,FLAT,NA,DAY,0,0.00,0.00,0.00,0.00,1.00,0.00,0.00,0.00,0.00,0.00,0.00,0.00,0.00,0.00,0.00,0.00,2.00,252.23,4086.11,4083.52,4080.83,4086.45,4083.63,0.330,8.16,15.74,45.73,50.61,-4.46,-5.94,1.49,4089.17,4077.76,859,2887,42.9,28.6,8,1,CROSS=EMA9>EMA21;TREND=1;STRUCT=1;VOL=1;COOL=1;EMA50=1;VWAP=1;BIAS=1,0.00,0.00,26551.36,26551.36,2025.11.19 trades=1 W=1 L=0 gross_profit=252.23 gross_loss=0.00 net=252.23 PF=0.00
784,2025.11.20 07:00:00,2025.11.20 09:30:00,ENTRY,XAUUSD,M15,302,SELL,FULLTGT,DAY,0,4075.68,4098.10,4098.10,22.42,1.00,22.42,4053.26,4030.84,4008.42,3986.00,3963.58,0.05,0.05,0.05,4075.68,0.00,0.00,0.00,4083.00,4083.08,4081.31,4083.30,4083.23,0.159,11.21,17.61,46.92,50.23,-3.38,-4.45,1.07,4082.14,4075.68,1636,2535,28.6,42.9,7,1,CROSS=EMA9<EMA21;TREND=1;STRUCT=1;VOL=1;COOL=1;EMA50=1;VWAP=1;BIAS=1,0.00,0.00,26551.18,26550.83,KZR=Asia L @ 4004.90 183 bars ago (low taken); DAY 12AM-4PM IST session: stop x1.00 of usual; no partials; full size to TP5; SL steps BE->TP1->TP2->TP3
785,2025.11.20 10:03:39,2025.11.20 12:33:39,SL_MOVE,XAUUSD,M15,302,SELL,FULLTGT,DAY,0,4075.68,4098.10,4075.68,22.42,1.00,22.42,4053.26,4030.84,4008.42,3986.00,3963.58,0.05,0.00,0.05,4075.68,1.00,0.00,0.00,4076.78,4079.62,4079.68,4077.46,4080.02,-0.007,9.03,22.38,40.23,40.72,-4.70,-4.12,-0.57,4077.26,4060.11,2384,2318,14.3,71.4,7,1,CROSS=EMA9<EMA21;TREND=1;STRUCT=1;VOL=1;COOL=1;EMA50=1;VWAP=1;BIAS=1,1.00,-0.09,26551.18,26663.58,stop to breakeven
786,2025.11.20 10:03:39,2025.11.20 12:33:39,TP1_REACHED,XAUUSD,M15,302,SELL,FULLTGT,DAY,0,4075.68,4098.10,4075.68,22.42,1.00,22.42,4053.26,4030.84,4008.42,3986.00,3963.58,0.05,0.00,0.05,4053.26,1.00,1.00,0.00,4076.78,4079.62,4079.68,4077.46,4080.02,-0.007,9.03,22.38,40.23,40.72,-4.70,-4.12,-0.57,4077.26,4060.11,2384,2318,14.3,71.4,7,1,CROSS=EMA9<EMA21;TREND=1;STRUCT=1;VOL=1;COOL=1;EMA50=1;VWAP=1;BIAS=1,1.00,-0.09,26551.18,26663.58,full target: no partial booked
787,2025.11.20 14:18:40,2025.11.20 16:48:40,EXIT_BE,XAUUSD,M15,302,SELL,FULLTGT,EVENING,0,4075.68,4098.10,4075.68,22.42,1.00,22.42,4053.26,4030.84,4008.42,3986.00,3963.58,0.05,0.05,0.00,4075.75,0.00,-0.00,-0.71,4068.98,4074.16,4076.68,4068.83,4074.18,-0.252,10.01,16.03,56.01,64.83,-1.29,-2.88,1.58,4071.60,4072.80,2385,2405,57.1,14.3,7,1,CROSS=EMA9<EMA21;TREND=1;STRUCT=1;VOL=1;COOL=1;EMA50=1;VWAP=1;BIAS=1,1.64,-0.09,26550.65,26550.65,stopped at breakeven
788,2025.11.21 01:00:00,2025.11.21 03:30:00,DAY_SUMMARY,XAUUSD,M15,302,FLAT,NA,DAY,0,0.00,0.00,0.00,0.00,1.00,0.00,0.00,0.00,0.00,0.00,0.00,0.00,0.00,0.00,0.00,0.00,-0.00,-0.71,4073.11,4074.30,4076.02,4072.94,4074.25,-0.226,7.60,18.65,53.58,50.63,2.12,1.90,0.22,4072.92,4077.20,501,3069,57.1,14.3,11,1,CROSS=EMA9<EMA21;TREND=1;STRUCT=1;VOL=1;COOL=1;EMA50=1;VWAP=1;BIAS=1,0.00,0.00,26550.65,26550.65,2025.11.20 trades=1 W=0 L=1 gross_profit=0.00 gross_loss=0.71 net=-0.71 PF=0.00
789,2025.11.21 19:45:00,2025.11.21 22:15:00,ENTRY,XAUUSD,M15,304,BUY,FULLTGT,EVENING,0,4083.51,4060.35,4060.35,23.16,1.00,23.16,4106.67,4129.83,4152.99,4176.15,4199.31,0.05,0.05,0.05,4083.51,0.00,0.00,0.00,4063.64,4063.32,4067.17,4062.83,4062.92,-0.332,11.58,30.13,59.10,56.21,8.18,6.88,1.31,4059.11,4083.46,3259,3867,85.7,0.0,6,1,CROSS=EMA9>EMA21;TREND=1;STRUCT=1;VOL=1;COOL=1;EMA50=1;VWAP=1;BIAS=1,0.00,0.00,26550.47,26550.17,KZR=NY L @ 4031.28 45 bars ago (low taken); EVENING 4PM-12AM IST session: stop x1.00 of usual; no partials; full size to TP5; SL steps BE->TP1->TP2->TP3
790,2025.11.21 22:33:04,2025.11.22 01:03:04,EXIT_SL,XAUUSD,M15,304,BUY,FULLTGT,DAY,0,4083.51,4060.35,4060.35,23.16,1.00,23.16,4106.67,4129.83,4152.99,4176.15,4199.31,0.05,0.05,0.00,4060.34,0.00,-1.00,-116.21,4070.36,4067.13,4068.78,4070.39,4067.08,-0.208,7.91,27.42,44.93,29.40,4.33,6.37,-2.04,4062.08,4069.57,3121,3295,28.6,57.1,7,1,CROSS=EMA9>EMA21;TREND=1;STRUCT=1;VOL=1;COOL=1;EMA50=1;VWAP=1;BIAS=1,0.38,-1.00,26434.44,26434.44,stopped at the initial SL (x1.00 of usual)
791,2025.11.24 01:00:00,2025.11.24 03:30:00,DAY_SUMMARY,XAUUSD,M15,304,FLAT,NA,DAY,0,0.00,0.00,0.00,0.00,1.00,0.00,0.00,0.00,0.00,0.00,0.00,0.00,0.00,0.00,0.00,0.00,-1.00,-116.21,4068.83,4066.68,4068.45,4068.97,4066.71,-0.210,8.41,28.02,45.23,44.83,-1.84,1.75,-3.59,4062.11,4065.26,658,2707,28.6,57.1,8,1,CROSS=EMA9>EMA21;TREND=1;STRUCT=1;VOL=1;COOL=1;EMA50=1;VWAP=1;BIAS=1,0.00,0.00,26434.44,26434.44,2025.11.21 trades=1 W=0 L=1 gross_profit=0.00 gross_loss=116.21 net=-116.21 PF=0.00
792,2025.11.24 01:00:00,2025.11.24 03:30:00,WEEK_SUMMARY,XAUUSD,M15,304,FLAT,NA,DAY,0,0.00,0.00,0.00,0.00,1.00,0.00,0.00,0.00,0.00,0.00,0.00,0.00,0.00,0.00,0.00,0.00,1.00,135.31,4068.83,4066.68,4068.45,4068.97,4066.71,-0.210,8.41,28.02,45.23,44.83,-1.84,1.75,-3.59,4062.11,4065.26,658,2707,28.6,57.1,8,1,CROSS=EMA9>EMA21;TREND=1;STRUCT=1;VOL=1;COOL=1;EMA50=1;VWAP=1;BIAS=1,0.00,0.00,26434.44,26434.44,days=3 trades=3 W=1 L=2 gross_profit=252.23 gross_loss=116.92 net=135.31 PF=2.16 pips=1950.0
793,2025.11.24 04:30:00,2025.11.24 07:00:00,ENTRY,XAUUSD,M15,306,SELL,FULLTGT,DAY,0,4048.03,4065.09,4065.09,17.06,1.00,17.06,4030.97,4013.91,3996.85,3979.79,3962.73,0.07,0.07,0.07,4048.03,0.00,0.00,0.00,4064.71,4065.04,4067.39,4065.39,4065.39,-0.276,8.53,17.72,37.82,35.88,-6.33,-3.75,-2.58,4059.56,4048.04,1716,2032,0.0,71.4,7,1,CROSS=EMA9<EMA21;TREND=1;STRUCT=1;VOL=1;COOL=1;EMA50=1;VWAP=1;BIAS=1,0.00,0.00,26434.19,26433.70,KZR=NY L @ 4031.28 272 bars ago (low taken); DAY 12AM-4PM IST session: stop x1.00 of usual; no partials; full size to TP5; SL steps BE->TP1->TP2->TP3
794,2025.11.24 09:43:41,2025.11.24 12:13:41,EXIT_SL,XAUUSD,M15,306,SELL,FULLTGT,DAY,0,4048.03,4065.09,4065.09,17.06,1.00,17.06,4030.97,4013.91,3996.85,3979.79,3962.73,0.07,0.07,0.00,4065.09,0.00,-1.00,-119.92,4056.82,4060.15,4064.26,4057.00,4060.31,-0.573,7.17,19.70,49.00,60.63,-1.58,-3.24,1.67,4053.68,4052.55,1728,2155,28.6,42.9,10,1,CROSS=EMA9<EMA21;TREND=1;STRUCT=1;VOL=1;COOL=1;EMA50=1;VWAP=1;BIAS=1,0.45,-0.99,26314.52,26314.52,stopped at the initial SL (x1.00 of usual)
795,2025.11.24 14:00:00,2025.11.24 16:30:00,ENTRY,XAUUSD,M15,308,BUY,FULLTGT,EVENING,0,4070.12,4058.54,4058.54,11.58,1.00,11.58,4081.70,4093.28,4104.86,4116.45,4128.03,0.11,0.11,0.11,4070.12,0.00,0.00,0.00,4062.52,4062.43,4064.81,4062.21,4062.28,-0.410,5.79,33.74,57.98,54.48,3.54,3.99,-0.45,4058.22,4070.05,1641,1990,71.4,14.3,7,1,CROSS=EMA9>EMA21;TREND=1;STRUCT=1;VOL=1;COOL=1;EMA50=1;VWAP=1;BIAS=1,0.00,0.00,26314.13,26313.36,KZR=NY L @ 4031.28 310 bars ago (low taken); EVENING 4PM-12AM IST session: stop x1.00 of usual; no partials; full size to TP5; SL steps BE->TP1->TP2->TP3
796,2025.11.24 14:47:41,2025.11.24 17:17:41,SL_MOVE,XAUUSD,M15,308,BUY,FULLTGT,EVENING,0,4070.12,4058.54,4070.12,11.58,1.00,11.58,4081.70,4093.28,4104.86,4116.45,4128.03,0.11,0.00,0.11,4070.12,1.00,0.00,0.00,4063.72,4063.05,4065.05,4063.08,4062.72,-0.332,6.02,30.06,66.78,69.80,3.90,3.70,0.20,4058.96,4079.22,2207,1972,100.0,0.0,7,1,CROSS=EMA9>EMA21;TREND=1;STRUCT=1;VOL=1;COOL=1;EMA50=1;VWAP=1;BIAS=1,1.00,-0.37,26314.13,26441.62,stop to breakeven
797,2025.11.24 14:47:41,2025.11.24 17:17:41,TP1_REACHED,XAUUSD,M15,308,BUY,FULLTGT,EVENING,0,4070.12,4058.54,4070.12,11.58,1.00,11.58,4081.70,4093.28,4104.86,4116.45,4128.03,0.11,0.00,0.11,4081.70,1.00,1.00,0.00,4063.72,4063.05,4065.05,4063.08,4062.72,-0.332,6.02,30.06,66.78,69.80,3.90,3.70,0.20,4058.96,4079.22,2207,1972,100.0,0.0,7,1,CROSS=EMA9>EMA21;TREND=1;STRUCT=1;VOL=1;COOL=1;EMA50=1;VWAP=1;BIAS=1,1.00,-0.37,26314.13,26441.62,full target: no partial booked
798,2025.11.24 16:40:31,2025.11.24 19:10:31,EXIT_BE,XAUUSD,M15,308,BUY,FULLTGT,EVENING,0,4070.12,4058.54,4070.12,11.58,1.00,11.58,4081.70,4093.28,4104.86,4116.45,4128.03,0.11,0.11,0.00,4070.08,0.00,-0.00,-1.22,4067.33,4065.08,4065.96,4066.99,4064.86,-0.137,6.50,33.49,56.35,39.51,4.39,4.42,-0.03,4061.79,4075.62,2575,2161,57.1,42.9,7,1,CROSS=EMA9>EMA21;TREND=1;STRUCT=1;VOL=1;COOL=1;EMA50=1;VWAP=1;BIAS=1,1.37,-0.37,26313.30,26313.30,stopped at breakeven
799,2025.11.25 01:00:00,2025.11.25 03:30:00,DAY_SUMMARY,XAUUSD,M15,308,FLAT,NA,DAY,0,0.00,0.00,0.00,0.00,1.00,0.00,0.00,0.00,0.00,0.00,0.00,0.00,0.00,0.00,0.00,0.00,-1.00,-121.14,4099.35,4085.44,4077.04,4097.91,4084.44,1.144,7.34,54.81,72.28,63.25,12.74,11.85,0.90,4076.49,4134.62,1132,2139,85.7,0.0,9,1,CROSS=EMA9>EMA21;TREND=1;STRUCT=1;VOL=1;COOL=1;EMA50=1;VWAP=1;BIAS=1,0.00,0.00,26313.30,26313.30,2025.11.24 trades=2 W=0 L=2 gross_profit=0.00 gross_loss=121.14 net=-121.14 PF=0.00
800,2025.12.01 01:00:00,2025.12.01 03:30:00,WEEK_SUMMARY,XAUUSD,M15,308,FLAT,NA,DAY,0,0.00,0.00,0.00,0.00,1.00,0.00,0.00,0.00,0.00,0.00,0.00,0.00,0.00,0.00,0.00,0.00,-1.00,-121.14,4195.35,4184.35,4171.35,4194.37,4183.64,2.202,5.91,59.78,68.27,58.15,9.29,9.53,-0.24,4193.90,4219.51,1668,2647,71.4,14.3,8,1,CROSS=EMA9>EMA21;TREND=1;STRUCT=1;VOL=1;COOL=1;EMA50=1;VWAP=1;BIAS=1,0.00,0.00,26313.30,26313.30,days=1 trades=2 W=0 L=2 gross_profit=0.00 gross_loss=121.14 net=-121.14 PF=0.00 pips=-1710.0
801,2025.12.01 01:00:00,2025.12.01 03:30:00,MONTH_SUMMARY,XAUUSD,M15,308,FLAT,NA,DAY,0,0.00,0.00,0.00,0.00,1.00,0.00,0.00,0.00,0.00,0.00,0.00,0.00,0.00,0.00,0.00,0.00,1.99,200.53,4195.35,4184.35,4171.35,4194.37,4183.64,2.202,5.91,59.78,68.27,58.15,9.29,9.53,-0.24,4193.90,4219.51,1668,2647,71.4,14.3,8,1,CROSS=EMA9>EMA21;TREND=1;STRUCT=1;VOL=1;COOL=1;EMA50=1;VWAP=1;BIAS=1,0.00,0.00,26313.30,26313.30,days=6 trades=10 W=2 L=8 gross_profit=818.94 gross_loss=618.41 net=200.53 PF=1.32 pips=2813.0
802,2025.12.02 07:15:00,2025.12.02 09:45:00,ENTRY,XAUUSD,M15,310,SELL,FULLTGT,DAY,0,4219.25,4230.03,4230.03,10.78,1.00,10.78,4208.47,4197.68,4186.90,4176.11,4165.33,0.12,0.12,0.12,4219.25,0.00,0.00,0.00,4227.08,4227.22,4214.63,4227.40,4227.38,2.336,5.39,21.01,44.90,50.98,-3.22,-3.73,0.51,4219.95,4219.24,1829,2220,28.6,42.9,5,1,CROSS=EMA9<EMA21;TREND=1;STRUCT=1;VOL=1;COOL=1;EMA50=1;VWAP=1;BIAS=1,0.00,0.00,26312.88,26312.28,KZR=London H @ 4262.35 62 bars ago (high taken); DAY 12AM-4PM IST session: stop x1.00 of usual; no partials; full size to TP5; SL steps BE->TP1->TP2->TP3
803,2025.12.02 08:26:15,2025.12.02 10:56:15,SL_MOVE,XAUUSD,M15,310,SELL,FULLTGT,DAY,0,4219.25,4230.03,4219.25,10.78,1.00,10.78,4208.47,4197.68,4186.90,4176.11,4165.33,0.12,0.00,0.12,4219.25,1.00,0.00,0.00,4226.45,4226.88,4214.94,4226.56,4226.94,2.773,4.30,27.17,51.58,34.00,-1.52,-2.98,1.46,4220.29,4223.86,1750,2064,42.9,42.9,10,1,CROSS=EMA9<EMA21;TREND=1;STRUCT=1;VOL=1;COOL=1;EMA50=1;VWAP=1;BIAS=1,1.00,-0.66,26312.88,26442.36,stop to breakeven
804,2025.12.02 08:26:15,2025.12.02 10:56:15,TP1_REACHED,XAUUSD,M15,310,SELL,FULLTGT,DAY,0,4219.25,4230.03,4219.25,10.78,1.00,10.78,4208.47,4197.68,4186.90,4176.11,4165.33,0.12,0.00,0.12,4208.47,1.00,1.00,0.00,4226.45,4226.88,4214.94,4226.56,4226.94,2.773,4.30,27.17,51.58,34.00,-1.52,-2.98,1.46,4220.29,4223.86,1750,2064,42.9,42.9,10,1,CROSS=EMA9<EMA21;TREND=1;STRUCT=1;VOL=1;COOL=1;EMA50=1;VWAP=1;BIAS=1,1.00,-0.66,26312.88,26442.36,full target: no partial booked
805,2025.12.02 09:22:14,2025.12.02 11:52:14,EXIT_BE,XAUUSD,M15,310,SELL,FULLTGT,DAY,0,4219.25,4230.03,4219.25,10.78,1.00,10.78,4208.47,4197.68,4186.90,4176.11,4165.33,0.12,0.12,0.00,4219.26,0.00,-0.00,-0.96,4224.10,4225.62,4214.77,4224.52,4225.86,1.883,5.76,20.25,43.54,51.65,-3.29,-2.71,-0.57,4218.85,4213.80,1931,1998,14.3,57.1,10,1,CROSS=EMA9<EMA21;TREND=1;STRUCT=1;VOL=1;COOL=1;EMA50=1;VWAP=1;BIAS=1,1.47,-0.66,26312.34,26312.34,stopped at breakeven
806,2025.12.03 01:00:00,2025.12.03 03:30:00,DAY_SUMMARY,XAUUSD,M15,310,FLAT,NA,DAY,0,0.00,0.00,0.00,0.00,1.00,0.00,0.00,0.00,0.00,0.00,0.00,0.00,0.00,0.00,0.00,0.00,-0.00,-0.96,4201.72,4207.48,4208.02,4201.56,4207.52,-0.096,5.69,35.04,56.24,50.96,3.23,1.24,1.99,4205.31,4205.64,835,2221,71.4,14.3,8,1,CROSS=EMA9<EMA21;TREND=1;STRUCT=1;VOL=1;COOL=1;EMA50=1;VWAP=1;BIAS=1,0.00,0.00,26312.34,26312.34,2025.12.02 trades=1 W=0 L=1 gross_profit=0.00 gross_loss=0.96 net=-0.96 PF=0.00
807,2025.12.03 06:15:00,2025.12.03 08:45:00,ENTRY,XAUUSD,M15,312,BUY,FULLTGT,DAY,0,4220.42,4208.40,4208.40,12.02,1.00,12.02,4232.44,4244.46,4256.48,4268.50,4280.52,0.10,0.10,0.10,4220.42,0.00,0.00,0.00,4211.02,4210.89,4209.74,4210.64,4210.70,0.191,6.01,25.47,57.62,47.40,5.04,5.59,-0.55,4217.18,4220.37,1710,2211,57.1,28.6,5,1,CROSS=EMA9>EMA21;TREND=1;STRUCT=1;VOL=1;COOL=1;EMA50=1;VWAP=1;BIAS=1,0.00,0.00,26311.99,26311.49,KZR=London H @ 4262.35 154 bars ago (high taken); DAY 12AM-4PM IST session: stop x1.00 of usual; no partials; full size to TP5; SL steps BE->TP1->TP2->TP3
808,2025.12.03 07:42:38,2025.12.03 10:12:38,EXIT_SL,XAUUSD,M15,312,BUY,FULLTGT,DAY,0,4220.42,4208.40,4208.40,12.02,1.00,12.02,4232.44,4244.46,4256.48,4268.50,4280.52,0.10,0.10,0.00,4208.37,0.00,-1.00,-121.20,4213.01,4211.95,4210.34,4212.71,4211.78,0.328,4.91,18.04,55.12,26.53,3.70,4.92,-1.22,4217.91,4220.28,2081,2214,42.9,28.6,5,1,CROSS=EMA9>EMA21;TREND=1;STRUCT=1;VOL=1;COOL=1;EMA50=1;VWAP=1;BIAS=1,0.41,-1.00,26191.14,26191.14,stopped at the initial SL (x1.00 of usual)
809,2025.12.03 10:00:00,2025.12.03 12:30:00,ENTRY,XAUUSD,M15,314,SELL,FULLTGT,DAY,0,4206.70,4217.52,4217.52,10.82,1.00,10.82,4195.88,4185.06,4174.24,4163.43,4152.61,0.12,0.12,0.12,4206.70,0.00,0.00,0.00,4210.94,4211.01,4210.00,4211.12,4211.10,0.187,5.41,36.00,41.68,45.10,-2.49,-1.03,-1.46,4214.43,4206.42,2144,2255,0.0,85.7,5,1,CROSS=EMA9<EMA21;TREND=1;STRUCT=1;VOL=1;COOL=1;EMA50=1;VWAP=1;BIAS=1,0.00,0.00,26190.72,26190.12,KZR=London H @ 4262.35 169 bars ago (high taken); DAY 12AM-4PM IST session: stop x1.00 of usual; no partials; full size to TP5; SL steps BE->TP1->TP2->TP3
810,2025.12.03 12:12:04,2025.12.03 14:42:04,SL_MOVE,XAUUSD,M15,314,SELL,FULLTGT,DAY,0,4206.70,4217.52,4206.70,10.82,1.00,10.82,4195.88,4185.06,4174.24,4163.43,4152.61,0.12,0.00,0.12,4206.70,1.00,0.00,0.00,4208.97,4209.96,4209.54,4209.25,4210.12,0.088,4.79,39.15,39.63,40.59,-3.24,-2.72,-0.53,4212.47,4202.19,1778,2499,0.0,85.7,5,1,CROSS=EMA9<EMA21;TREND=1;STRUCT=1;VOL=1;COOL=1;EMA50=1;VWAP=1;BIAS=1,1.00,-0.32,26190.72,26320.80,stop to breakeven
811,2025.12.03 12:12:04,2025.12.03 14:42:04,TP1_REACHED,XAUUSD,M15,314,SELL,FULLTGT,DAY,0,4206.70,4217.52,4206.70,10.82,1.00,10.82,4195.88,4185.06,4174.24,4163.43,4152.61,0.12,0.00,0.12,4195.88,1.00,1.00,0.00,4208.97,4209.96,4209.54,4209.25,4210.12,0.088,4.79,39.15,39.63,40.59,-3.24,-2.72,-0.53,4212.47,4202.19,1778,2499,0.0,85.7,5,1,CROSS=EMA9<EMA21;TREND=1;STRUCT=1;VOL=1;COOL=1;EMA50=1;VWAP=1;BIAS=1,1.00,-0.32,26190.72,26320.80,full target: no partial booked
812,2025.12.03 13:31:37,2025.12.03 16:01:37,EXIT_BE,XAUUSD,M15,314,SELL,FULLTGT,EVENING,0,4206.70,4217.52,4206.70,10.82,1.00,10.82,4195.88,4185.06,4174.24,4163.43,4152.61,0.12,0.12,0.00,4206.70,0.00,-0.00,-0.84,4207.28,4208.94,4209.04,4207.37,4209.02,-0.018,5.14,39.49,49.58,59.05,-2.80,-3.29,0.49,4210.99,4205.29,1790,2380,28.6,57.1,5,1,CROSS=EMA9<EMA21;TREND=1;STRUCT=1;VOL=1;COOL=1;EMA50=1;VWAP=1;BIAS=1,1.12,-0.32,26190.30,26190.30,stopped at breakeven
813,2025.12.03 16:00:00,2025.12.03 18:30:00,ENTRY,XAUUSD,M15,316,BUY,FULLTGT,EVENING,0,4237.40,4224.50,4224.50,12.90,1.00,12.90,4250.30,4263.20,4276.10,4289.00,4301.90,0.10,0.10,0.10,4237.40,0.00,0.00,0.00,4210.13,4210.12,4209.62,4209.02,4209.57,0.077,6.45,50.22,76.17,83.22,4.43,0.61,3.82,4211.84,4237.30,3452,2606,100.0,0.0,11,1,CROSS=EMA9>EMA21;TREND=1;STRUCT=1;VOL=1;COOL=1;EMA50=1;VWAP=1;BIAS=1,0.00,0.00,26189.95,26188.85,KZR=London H @ 4262.35 193 bars ago (high taken); EVENING 4PM-12AM IST session: stop x1.00 of usual; no partials; full size to TP5; SL steps BE->TP1->TP2->TP3
814,2025.12.03 16:08:20,2025.12.03 18:38:20,EXIT_SL,XAUUSD,M15,316,BUY,FULLTGT,EVENING,0,4237.40,4224.50,4224.50,12.90,1.00,12.90,4250.30,4263.20,4276.10,4289.00,4301.90,0.10,0.10,0.00,4224.48,0.00,-1.00,-129.90,4210.13,4210.12,4209.62,4209.02,4209.57,0.077,6.45,50.22,76.17,73.88,4.43,0.61,3.82,4211.84,4237.30,3452,2606,100.0,0.0,12,1,CROSS=EMA9>EMA21;TREND=1;STRUCT=1;VOL=1;COOL=1;EMA50=1;VWAP=1;BIAS=1,0.26,-1.00,26060.40,26060.40,stopped at the initial SL (x1.00 of usual)
815,2025.12.03 21:30:00,2025.12.04 00:00:00,ENTRY,XAUUSD,M15,318,SELL,FULLTGT,DAY,0,4206.18,4223.88,4223.88,17.70,1.00,17.70,4188.48,4170.78,4153.08,4135.39,4117.69,0.07,0.07,0.07,4206.18,0.00,0.00,0.00,4210.88,4210.92,4210.26,4211.07,4211.02,0.075,8.85,24.59,46.96,50.66,-3.24,-1.73,-1.51,4212.94,4206.10,2608,3532,14.3,57.1,5,1,CROSS=EMA9<EMA21;TREND=1;STRUCT=1;VOL=1;COOL=1;EMA50=1;VWAP=1;BIAS=1,0.00,0.00,26060.15,26059.80,KZR=London H @ 4262.35 215 bars ago (high taken); DAY 12AM-4PM IST session: stop x1.00 of usual; no partials; full size to TP5; SL steps BE->TP1->TP2->TP3
816,2025.12.04 01:00:00,2025.12.04 03:30:00,DAY_SUMMARY,XAUUSD,M15,318,SELL,FULLTGT,DAY,0,4206.18,4223.88,4223.88,17.70,1.00,17.70,4188.48,4170.78,4153.08,4135.39,4117.69,0.07,0.00,0.00,0.00,0.00,-2.00,-251.94,4209.98,4210.43,4210.07,4210.26,4210.58,0.072,5.01,17.03,44.19,38.14,-1.46,-1.63,0.17,4212.59,4202.98,801,2426,14.3,57.1,8,1,CROSS=EMA9<EMA21;TREND=1;STRUCT=1;VOL=1;COOL=1;EMA50=1;VWAP=1;BIAS=1,0.18,-0.37,26060.15,26084.20,2025.12.03 trades=3 W=0 L=3 gross_profit=0.00 gross_loss=251.94 net=-251.94 PF=0.00
817,2025.12.04 05:02:42,2025.12.04 07:32:42,SL_MOVE,XAUUSD,M15,318,SELL,FULLTGT,DAY,0,4206.18,4223.88,4206.18,17.70,1.00,17.70,4188.48,4170.78,4153.08,4135.39,4117.69,0.07,0.00,0.07,4206.18,1.00,0.00,0.00,4209.17,4209.88,4209.83,4209.52,4210.06,0.008,5.69,26.74,39.52,36.97,-1.27,0.12,-1.38,4208.49,4200.56,2487,1923,0.0,100.0,11,1,CROSS=EMA9<EMA21;TREND=1;STRUCT=1;VOL=1;COOL=1;EMA50=1;VWAP=1;BIAS=1,0.99,-0.60,26060.15,26193.82,stop to breakeven
818,2025.12.04 05:02:42,2025.12.04 07:32:42,TP1_REACHED,XAUUSD,M15,318,SELL,FULLTGT,DAY,0,4206.18,4223.88,4206.18,17.70,1.00,17.70,4188.48,4170.78,4153.08,4135.39,4117.69,0.07,0.00,0.07,4188.48,1.00,1.00,0.00,4209.17,4209.88,4209.83,4209.52,4210.06,0.008,5.69,26.74,39.52,36.97,-1.27,0.12,-1.38,4208.49,4200.56,2487,1923,0.0,100.0,11,1,CROSS=EMA9<EMA21;TREND=1;STRUCT=1;VOL=1;COOL=1;EMA50=1;VWAP=1;BIAS=1,0.99,-0.60,26060.15,26193.82,full target: no partial booked
819,2025.12.04 13:10:37,2025.12.04 15:40:37,EXIT_BE,XAUUSD,M15,318,SELL,FULLTGT,DAY,0,4206.18,4223.88,4206.18,17.70,1.00,17.70,4188.48,4170.78,4153.08,4135.39,4117.69,0.07,0.07,0.00,4206.18,0.00,-0.00,8.85,4197.67,4201.88,4205.19,4197.68,4201.97,-0.628,5.26,28.39,52.99,66.07,0.71,-1.14,1.85,4196.60,4197.40,1940,2597,57.1,28.6,11,1,CROSS=EMA9<EMA21;TREND=1;STRUCT=1;VOL=1;COOL=1;EMA50=1;VWAP=1;BIAS=1,1.76,-0.60,26069.25,26069.25,stopped at breakeven
820,2025.12.04 20:15:00,2025.12.04 22:45:00,ENTRY,XAUUSD,M15,320,BUY,FULLTGT,EVENING,0,4213.83,4199.22,4199.22,14.61,1.00,14.61,4228.44,4243.04,4257.65,4272.25,4286.86,0.08,0.08,0.08,4213.83,0.00,0.00,0.00,4203.39,4203.21,4204.97,4202.97,4202.99,-0.242,7.30,31.42,58.74,53.23,4.56,4.24,0.32,4199.57,4213.81,2866,3472,85.7,0.0,5,1,CROSS=EMA9>EMA21;TREND=1;STRUCT=1;VOL=1;COOL=1;EMA50=1;VWAP=1;BIAS=1,0.00,0.00,26068.97,26068.57,KZR=London H @ 4262.35 306 bars ago (high taken); EVENING 4PM-12AM IST session: stop x1.00 of usual; no partials; full size to TP5; SL steps BE->TP1->TP2->TP3
821,2025.12.05 01:00:00,2025.12.05 03:30:00,DAY_SUMMARY,XAUUSD,M15,320,BUY,FULLTGT,DAY,0,4213.83,4199.22,4199.22,14.61,1.00,14.61,4228.44,4243.04,4257.65,4272.25,4286.86,0.08,0.00,0.00,0.00,0.00,0.00,8.85,4205.67,4204.56,4205.45,4205.55,4204.48,-0.243,3.68,15.48,51.65,49.85,0.91,1.18,-0.28,4200.65,4208.64,524,2132,42.9,28.6,8,1,CROSS=EMA9>EMA21;TREND=1;STRUCT=1;VOL=1;COOL=1;EMA50=1;VWAP=1;BIAS=1,0.10,-0.97,26068.97,26023.35,2025.12.04 trades=1 W=1 L=0 gross_profit=8.85 gross_loss=0.00 net=8.85 PF=0.00
822,2025.12.05 03:08:21,2025.12.05 05:38:21,EXIT_SL,XAUUSD,M15,320,BUY,FULLTGT,DAY,0,4213.83,4199.22,4199.22,14.61,1.00,14.61,4228.44,4243.04,4257.65,4272.25,4286.86,0.08,0.08,0.00,4199.22,0.00,-1.00,-122.50,4205.74,4204.77,4205.50,4205.90,4204.83,-0.238,3.04,16.73,39.73,38.73,-0.58,0.27,-0.85,4205.85,4201.83,1873,1628,14.3,71.4,9,1,CROSS=EMA9>EMA21;TREND=1;STRUCT=1;VOL=1;COOL=1;EMA50=1;VWAP=1;BIAS=1,0.10,-1.00,25946.75,25946.75,stopped at the initial SL (x1.00 of usual)
823,2025.12.05 23:45:00,2025.12.06 02:15:00,SKIP,XAUUSD,M15,320,FLAT,NA,DAY,0,0.00,0.00,0.00,0.00,1.00,0.00,0.00,0.00,0.00,0.00,0.00,0.00,0.00,0.00,0.00,0.00,0.00,0.00,4214.88,4215.05,4212.58,4215.72,4215.47,0.441,5.60,69.84,30.43,32.36,-6.92,-5.98,-0.94,4218.53,4194.32,1238,2574,0.0,85.7,40,1,CROSS=EMA9>EMA21;TREND=1;STRUCT=1;VOL=1;COOL=1;EMA50=1;VWAP=1;BIAS=1,0.00,0.00,25946.75,25946.75,weekend cutoff
824,2025.12.08 01:00:00,2025.12.08 03:30:00,DAY_SUMMARY,XAUUSD,M15,320,FLAT,NA,DAY,0,0.00,0.00,0.00,0.00,1.00,0.00,0.00,0.00,0.00,0.00,0.00,0.00,0.00,0.00,0.00,0.00,-1.00,-122.50,4214.26,4214.73,4212.45,4214.88,4215.05,0.430,5.32,67.49,37.56,46.40,-6.75,-6.14,-0.61,4218.45,4199.09,835,2435,0.0,85.7,5,1,CROSS=EMA9>EMA21;TREND=1;STRUCT=1;VOL=1;COOL=1;EMA50=1;VWAP=1;BIAS=1,0.00,0.00,25946.75,25946.75,2025.12.05 trades=1 W=0 L=1 gross_profit=0.00 gross_loss=122.50 net=-122.50 PF=0.00
825,2025.12.08 01:00:00,2025.12.08 03:30:00,WEEK_SUMMARY,XAUUSD,M15,320,FLAT,NA,DAY,0,0.00,0.00,0.00,0.00,1.00,0.00,0.00,0.00,0.00,0.00,0.00,0.00,0.00,0.00,0.00,0.00,-3.01,-366.55,4214.26,4214.73,4212.45,4214.88,4215.05,0.430,5.32,67.49,37.56,46.40,-6.75,-6.14,-0.61,4218.45,4199.09,835,2435,0.0,85.7,5,1,CROSS=EMA9>EMA21;TREND=1;STRUCT=1;VOL=1;COOL=1;EMA50=1;VWAP=1;BIAS=1,0.00,0.00,25946.75,25946.75,days=4 trades=6 W=1 L=5 gross_profit=8.85 gross_loss=375.40 net=-366.55 PF=0.02 pips=-3959.0
826,2025.12.09 17:30:00,2025.12.09 20:00:00,SKIP,XAUUSD,M15,320,FLAT,NA,EVENING,0,0.00,0.00,0.00,0.00,1.00,0.00,0.00,0.00,0.00,0.00,0.00,0.00,0.00,0.00,0.00,0.00,0.00,0.00,4197.52,4197.39,4200.40,4197.16,4197.21,-0.379,7.94,15.94,56.76,57.22,1.43,1.82,-0.39,4194.36,4206.40,4017,2683,71.4,14.3,5,1,CROSS=EMA9>EMA21;TREND=1;STRUCT=1;VOL=1;COOL=1;EMA50=1;VWAP=1;BIAS=1,0.00,0.00,25946.75,25946.75,already positioned that way
827,2025.12.10 12:45:00,2025.12.10 15:15:00,ENTRY,XAUUSD,M15,322,SELL,FULLTGT,DAY,0,4194.07,4202.90,4202.90,8.83,1.00,8.83,4185.24,4176.40,4167.57,4158.74,4149.91,0.14,0.14,0.14,4194.07,0.00,0.00,0.00,4204.14,4204.26,4203.93,4204.55,4204.46,0.075,4.42,62.09,34.66,41.74,-3.96,-3.10,-0.86,4206.56,4194.11,2094,2038,14.3,85.7,6,1,CROSS=EMA9<EMA21;TREND=1;STRUCT=1;VOL=1;COOL=1;EMA50=1;VWAP=1;BIAS=1,0.00,0.00,25946.26,25945.42,KZR=Asia L @ 4175.07 114 bars ago (low taken); DAY 12AM-4PM IST session: stop x1.00 of usual; no partials; full size to TP5; SL steps BE->TP1->TP2->TP3
828,2025.12.10 15:45:43,2025.12.10 18:15:43,EXIT_SL,XAUUSD,M15,322,SELL,FULLTGT,EVENING,0,4194.07,4202.90,4202.90,8.83,1.00,8.83,4185.24,4176.40,4167.57,4158.74,4149.91,0.14,0.14,0.00,4202.90,0.00,-1.00,-124.60,4201.57,4202.77,4203.17,4201.54,4202.78,-0.091,4.35,26.93,56.22,66.44,-1.16,-2.28,1.12,4204.49,4202.54,2854,2069,71.4,28.6,6,1,CROSS=EMA9<EMA21;TREND=1;STRUCT=1;VOL=1;COOL=1;EMA50=1;VWAP=1;BIAS=1,0.34,-1.00,25822.15,25822.15,stopped at the initial SL (x1.00 of usual)
829,2025.12.10 22:30:00,2025.12.11 01:00:00,ENTRY,XAUUSD,M15,324,BUY,FULLTGT,DAY,0,4232.81,4206.67,4206.67,26.14,1.00,26.14,4258.95,4285.10,4311.24,4337.38,4363.52,0.04,0.04,0.04,4232.81,0.00,0.00,0.00,4202.77,4202.62,4202.89,4201.54,4202.02,-0.020,13.07,18.34,66.07,64.72,5.58,1.13,4.45,4203.53,4232.72,4213,3111,71.4,14.3,5,1,CROSS=EMA9>EMA21;TREND=1;STRUCT=1;VOL=1;COOL=1;EMA50=1;VWAP=1;BIAS=1,0.00,0.00,25822.01,25821.81,KZR=London H @ 4227.57 1 bars ago (high taken); DAY 12AM-4PM IST session: stop x1.00 of usual; no partials; full size to TP5; SL steps BE->TP1->TP2->TP3
830,2025.12.11 01:00:00,2025.12.11 03:30:00,DAY_SUMMARY,XAUUSD,M15,324,BUY,FULLTGT,DAY,0,4232.81,4206.67,4206.67,26.14,1.00,26.14,4258.95,4285.10,4311.24,4337.38,4363.52,0.04,0.00,0.00,0.00,0.00,-1.00,-124.60,4208.33,4205.59,4204.40,4207.51,4205.13,0.086,13.86,13.09,62.18,56.98,8.31,6.44,1.87,4205.25,4228.54,977,2917,71.4,0.0,5,1,CROSS=EMA9>EMA21;TREND=1;STRUCT=1;VOL=1;COOL=1;EMA50=1;VWAP=1;BIAS=1,0.18,-0.44,25822.01,25765.74,2025.12.10 trades=1 W=0 L=1 gross_profit=0.00 gross_loss=124.60 net=-124.60 PF=0.00
831,2025.12.11 07:47:38,2025.12.11 10:17:38,EXIT_SL,XAUUSD,M15,324,BUY,FULLTGT,DAY,0,4232.81,4206.67,4206.67,26.14,1.00,26.14,4258.95,4285.10,4311.24,4337.38,4363.52,0.04,0.04,0.00,4206.64,0.00,-1.00,-112.55,4217.87,4213.35,4209.25,4218.17,4213.42,0.664,6.18,34.75,37.68,39.19,-3.54,-2.10,-1.44,4226.37,4210.34,2801,2569,14.3,85.7,5,1,CROSS=EMA9>EMA21;TREND=1;STRUCT=1;VOL=1;COOL=1;EMA50=1;VWAP=1;BIAS=1,0.57,-1.00,25709.60,25709.60,stopped at the initial SL (x1.00 of usual)
832,2025.12.12 01:00:00,2025.12.12 03:30:00,DAY_SUMMARY,XAUUSD,M15,324,FLAT,NA,DAY,0,0.00,0.00,0.00,0.00,1.00,0.00,0.00,0.00,0.00,0.00,0.00,0.00,0.00,0.00,0.00,0.00,-1.00,-112.55,4254.84,4239.60,4226.22,4253.83,4238.79,2.016,6.64,32.70,63.28,56.94,7.81,8.87,-1.06,4237.78,4279.59,772,2540,71.4,14.3,5,1,CROSS=EMA9>EMA21;TREND=1;STRUCT=1;VOL=1;COOL=1;EMA50=1;VWAP=1;BIAS=1,0.00,0.00,25709.60,25709.60,2025.12.11 trades=1 W=0 L=1 gross_profit=0.00 gross_loss=112.55 net=-112.55 PF=0.00
833,2025.12.15 01:00:00,2025.12.15 03:30:00,WEEK_SUMMARY,XAUUSD,M15,324,FLAT,NA,DAY,0,0.00,0.00,0.00,0.00,1.00,0.00,0.00,0.00,0.00,0.00,0.00,0.00,0.00,0.00,0.00,0.00,-2.00,-237.15,4301.25,4291.76,4270.54,4301.31,4291.59,3.281,6.46,25.44,49.17,50.16,-1.56,-3.27,1.71,4300.12,4299.72,780,2828,42.9,42.9,5,1,CROSS=EMA9>EMA21;TREND=1;STRUCT=1;VOL=1;COOL=1;EMA50=1;VWAP=1;BIAS=1,0.00,0.00,25709.60,25709.60,days=2 trades=2 W=0 L=2 gross_profit=0.00 gross_loss=237.15 net=-237.15 PF=0.00 pips=-3500.0
834,2025.12.15 23:45:00,2025.12.16 02:15:00,ENTRY,XAUUSD,M15,326,SELL,FULLTGT,DAY,0,4302.04,4312.81,4312.81,10.77,1.00,10.77,4291.27,4280.49,4269.72,4258.95,4248.18,0.11,0.11,0.11,4302.04,0.00,0.00,0.00,4315.97,4316.20,4301.87,4316.54,4316.48,2.661,5.39,27.32,37.23,39.95,-4.06,-4.04,-0.02,4322.80,4302.04,730,2671,0.0,85.7,40,1,CROSS=EMA9<EMA21;TREND=1;STRUCT=1;VOL=1;COOL=1;EMA50=1;VWAP=1;BIAS=1,0.00,0.00,25709.21,25704.81,KZR=NY H @ 4261.45 405 bars ago (high taken); DAY 12AM-4PM IST session: stop x1.00 of usual; no partials; full size to TP5; SL steps BE->TP1->TP2->TP3
835,2025.12.16 02:38:35,2025.12.16 05:08:35,EXIT_SL,XAUUSD,M15,326,SELL,FULLTGT,DAY,0,4302.04,4312.81,4312.81,10.77,1.00,10.77,4291.27,4280.49,4269.72,4258.95,4248.18,0.11,0.11,0.00,4312.82,0.00,-1.00,-114.46,4313.72,4314.96,4302.19,4313.89,4315.07,2.669,4.78,16.42,50.63,59.03,-2.10,-3.23,1.12,4307.04,4309.52,2056,1945,71.4,14.3,5,1,CROSS=EMA9<EMA21;TREND=1;STRUCT=1;VOL=1;COOL=1;EMA50=1;VWAP=1;BIAS=1,0.00,-1.00,25595.14,25595.14,stopped at the initial SL (x1.00 of usual)
836,2025.12.16 21:45:00,2025.12.17 00:15:00,ENTRY,XAUUSD,M15,328,BUY,FULLTGT,DAY,0,4309.86,4292.73,4292.73,17.13,1.00,17.13,4326.99,4344.12,4361.25,4378.39,4395.52,0.07,0.07,0.07,4309.86,0.00,0.00,0.00,4302.66,4302.59,4299.82,4302.37,4302.45,0.324,8.57,17.21,54.69,54.19,1.47,1.74,-0.27,4299.94,4309.73,2901,3458,57.1,14.3,5,1,CROSS=EMA9>EMA21;TREND=1;STRUCT=1;VOL=1;COOL=1;EMA50=1;VWAP=1;BIAS=1,0.00,0.00,25594.89,25594.54,KZR=NY H @ 4261.45 493 bars ago (high taken); DAY 12AM-4PM IST session: stop x1.00 of usual; no partials; full size to TP5; SL steps BE->TP1->TP2->TP3
837,2025.12.17 01:00:00,2025.12.17 03:30:00,DAY_SUMMARY,XAUUSD,M15,328,BUY,FULLTGT,DAY,0,4309.86,4292.73,4292.73,17.13,1.00,17.13,4326.99,4344.12,4361.25,4378.39,4395.52,0.07,0.00,0.00,0.00,0.00,-1.00,-114.46,4303.67,4303.18,4300.37,4303.73,4303.21,0.480,5.85,17.32,44.55,40.47,-0.27,1.08,-1.35,4300.46,4302.04,469,2348,28.6,42.9,5,1,CROSS=EMA9>EMA21;TREND=1;STRUCT=1;VOL=1;COOL=1;EMA50=1;VWAP=1;BIAS=1,0.36,-0.53,25594.89,25545.67,2025.12.16 trades=1 W=0 L=1 gross_profit=0.00 gross_loss=114.46 net=-114.46 PF=0.00
838,2025.12.17 04:00:31,2025.12.17 06:30:31,SL_MOVE,XAUUSD,M15,328,BUY,FULLTGT,DAY,0,4309.86,4292.73,4309.86,17.13,1.00,17.13,4326.99,4344.12,4361.25,4378.39,4395.52,0.07,0.00,0.07,4309.86,1.00,0.00,0.00,4307.76,4305.49,4301.89,4306.99,4305.06,0.829,4.34,51.63,73.71,78.31,4.06,1.89,2.17,4316.02,4326.66,3342,1684,100.0,0.0,5,1,CROSS=EMA9>EMA21;TREND=1;STRUCT=1;VOL=1;COOL=1;EMA50=1;VWAP=1;BIAS=1,1.00,-0.53,25594.89,25710.66,stop to breakeven
839,2025.12.17 04:00:31,2025.12.17 06:30:31,TP1_REACHED,XAUUSD,M15,328,BUY,FULLTGT,DAY,0,4309.86,4292.73,4309.86,17.13,1.00,17.13,4326.99,4344.12,4361.25,4378.39,4395.52,0.07,0.00,0.07,4326.99,1.00,1.00,0.00,4307.76,4305.49,4301.89,4306.99,4305.06,0.829,4.34,51.63,73.71,78.31,4.06,1.89,2.17,4316.02,4326.66,3342,1684,100.0,0.0,5,1,CROSS=EMA9>EMA21;TREND=1;STRUCT=1;VOL=1;COOL=1;EMA50=1;VWAP=1;BIAS=1,1.00,-0.53,25594.89,25710.66,full target: no partial booked
840,2025.12.17 10:09:38,2025.12.17 12:39:38,EXIT_BE,XAUUSD,M15,328,BUY,FULLTGT,DAY,0,4309.86,4292.73,4309.86,17.13,1.00,17.13,4326.99,4344.12,4361.25,4378.39,4395.52,0.07,0.07,0.00,4309.77,0.00,-0.01,-5.55,4318.84,4313.11,4306.89,4318.87,4313.01,0.929,6.70,38.89,43.22,34.35,1.38,4.41,-3.03,4322.75,4317.99,1957,2357,14.3,71.4,9,1,CROSS=EMA9>EMA21;TREND=1;STRUCT=1;VOL=1;COOL=1;EMA50=1;VWAP=1;BIAS=1,1.91,-0.53,25589.59,25589.59,stopped at breakeven
841,2025.12.18 01:00:00,2025.12.18 03:30:00,DAY_SUMMARY,XAUUSD,M15,328,FLAT,NA,DAY,0,0.00,0.00,0.00,0.00,1.00,0.00,0.00,0.00,0.00,0.00,0.00,0.00,0.00,0.00,0.00,0.00,-0.01,-5.55,4333.20,4326.27,4317.37,4333.00,4326.03,1.559,5.71,21.24,51.09,43.30,2.45,2.73,-0.28,4328.26,4338.07,795,2548,42.9,28.6,50,1,CROSS=EMA9>EMA21;TREND=1;STRUCT=1;VOL=1;COOL=1;EMA50=1;VWAP=1;BIAS=1,0.00,0.00,25589.59,25589.59,2025.12.17 trades=1 W=0 L=1 gross_profit=0.00 gross_loss=5.55 net=-5.55 PF=0.00
842,2025.12.18 15:30:00,2025.12.18 18:00:00,ENTRY,XAUUSD,M15,330,SELL,FULLTGT,EVENING,0,4321.08,4330.03,4330.03,8.95,1.00,8.95,4312.13,4303.18,4294.23,4285.29,4276.34,0.14,0.14,0.14,4321.08,0.00,0.00,0.00,4327.90,4327.97,4322.71,4328.18,4328.11,1.177,4.47,46.47,42.70,46.84,-2.74,-2.20,-0.54,4330.09,4321.08,3385,1894,14.3,85.7,7,1,CROSS=EMA9<EMA21;TREND=1;STRUCT=1;VOL=1;COOL=1;EMA50=1;VWAP=1;BIAS=1,0.00,0.00,25589.10,25588.12,KZR=NY H @ 4261.45 660 bars ago (high taken); EVENING 4PM-12AM IST session: stop x1.00 of usual; no partials; full size to TP5; SL steps BE->TP1->TP2->TP3
843,2025.12.18 15:30:25,2025.12.18 18:00:25,EXIT_SL,XAUUSD,M15,330,SELL,FULLTGT,EVENING,0,4321.08,4330.03,4330.03,8.95,1.00,8.95,4312.13,4303.18,4294.23,4285.29,4276.34,0.14,0.14,0.00,4330.10,0.00,-1.01,-127.26,4327.90,4327.97,4322.71,4328.18,4328.11,1.177,4.47,46.47,42.70,46.84,-2.74,-2.20,-0.54,4330.09,4321.08,3385,1894,14.3,85.7,7,1,CROSS=EMA9<EMA21;TREND=1;STRUCT=1;VOL=1;COOL=1;EMA50=1;VWAP=1;BIAS=1,0.00,-0.99,25462.33,25462.33,stopped at the initial SL (x1.00 of usual)
844,2025.12.18 15:45:00,2025.12.18 18:15:00,ENTRY,XAUUSD,M15,332,BUY,FULLTGT,EVENING,0,4336.53,4325.52,4325.52,11.01,1.00,11.01,4347.54,4358.54,4369.55,4380.56,4391.57,0.11,0.11,0.11,4336.53,0.00,0.00,0.00,4328.25,4328.15,4322.85,4327.90,4327.97,0.963,5.50,41.83,62.18,70.43,-1.42,-2.14,0.72,4330.16,4336.69,4314,2025,100.0,0.0,6,1,CROSS=EMA9>EMA21;TREND=1;STRUCT=1;VOL=1;COOL=1;EMA50=1;VWAP=1;BIAS=1,0.00,0.00,25461.94,25461.28,KZR=NY H @ 4261.45 661 bars ago (high taken); EVENING 4PM-12AM IST session: stop x1.00 of usual; no partials; full size to TP5; SL steps BE->TP1->TP2->TP3
845,2025.12.18 16:38:41,2025.12.18 19:08:41,EXIT_SL,XAUUSD,M15,332,BUY,FULLTGT,EVENING,0,4336.53,4325.52,4325.52,11.01,1.00,11.01,4347.54,4358.54,4369.55,4380.56,4391.57,0.11,0.11,0.00,4325.50,0.00,-1.00,-122.11,4329.04,4328.56,4323.21,4328.88,4328.48,0.847,6.31,29.14,56.29,55.30,0.79,-1.44,2.23,4330.71,4332.82,3636,2301,85.7,14.3,12,1,CROSS=EMA9>EMA21;TREND=1;STRUCT=1;VOL=1;COOL=1;EMA50=1;VWAP=1;BIAS=1,0.59,-1.00,25340.22,25340.22,stopped at the initial SL (x1.00 of usual)
846,2025.12.19 01:00:00,2025.12.19 03:30:00,DAY_SUMMARY,XAUUSD,M15,332,FLAT,NA,DAY,0,0.00,0.00,0.00,0.00,1.00,0.00,0.00,0.00,0.00,0.00,0.00,0.00,0.00,0.00,0.00,0.00,-2.01,-249.37,4333.36,4331.80,4326.52,4333.40,4331.79,0.859,6.14,14.70,48.74,49.22,-0.80,-0.81,0.00,4333.33,4332.34,788,2892,28.6,42.9,5,1,CROSS=EMA9>EMA21;TREND=1;STRUCT=1;VOL=1;COOL=1;EMA50=1;VWAP=1;BIAS=1,0.00,0.00,25340.22,25340.22,2025.12.18 trades=2 W=0 L=2 gross_profit=0.00 gross_loss=249.37 net=-249.37 PF=0.00
847,2025.12.19 04:15:00,2025.12.19 06:45:00,ENTRY,XAUUSD,M15,334,SELL,FULLTGT,DAY,0,4324.27,4336.00,4336.00,11.73,1.00,11.73,4312.54,4300.80,4289.07,4277.34,4265.61,0.10,0.10,0.10,4324.27,0.00,0.00,0.00,4330.71,4330.75,4326.63,4330.97,4330.88,0.702,5.87,26.69,44.99,48.82,-3.33,-2.01,-1.32,4324.96,4324.27,2241,1817,14.3,85.7,5,1,CROSS=EMA9<EMA21;TREND=1;STRUCT=1;VOL=1;COOL=1;EMA50=1;VWAP=1;BIAS=1,0.00,0.00,25339.87,25339.37,KZR=NY H @ 4353.57 40 bars ago (high taken); DAY 12AM-4PM IST session: stop x1.00 of usual; no partials; full size to TP5; SL steps BE->TP1->TP2->TP3
848,2025.12.19 16:38:38,2025.12.19 19:08:38,EXIT_SL,XAUUSD,M15,334,SELL,FULLTGT,EVENING,0,4324.27,4336.00,4336.00,11.73,1.00,11.73,4312.54,4300.80,4289.07,4277.34,4265.61,0.10,0.10,0.00,4336.02,0.00,-1.00,-118.20,4327.20,4327.72,4326.19,4327.17,4327.72,0.293,5.23,11.76,50.72,56.39,0.78,0.67,0.11,4325.35,4327.84,3043,2356,57.1,28.6,10,1,CROSS=EMA9<EMA21;TREND=1;STRUCT=1;VOL=1;COOL=1;EMA50=1;VWAP=1;BIAS=1,1.00,-1.00,25222.02,25222.02,stopped at the initial SL (x1.00 of usual)
849,2025.12.19 17:15:00,2025.12.19 19:45:00,ENTRY,XAUUSD,M15,336,BUY,FULLTGT,EVENING,0,4341.76,4326.91,4326.91,14.85,1.00,14.85,4356.61,4371.46,4386.31,4401.16,4416.01,0.08,0.08,0.08,4341.76,0.00,0.00,0.00,4328.25,4328.23,4326.49,4327.70,4327.96,0.234,7.43,14.35,68.11,62.35,2.25,1.14,1.11,4326.17,4341.68,4388,2724,85.7,0.0,5,1,CROSS=EMA9>EMA21;TREND=1;STRUCT=1;VOL=1;COOL=1;EMA50=1;VWAP=1;BIAS=1,0.00,0.00,25221.74,25221.34,KZR=NY H @ 4353.57 92 bars ago (high taken); EVENING 4PM-12AM IST session: stop x1.00 of usual; no partials; full size to TP5; SL steps BE->TP1->TP2->TP3
850,2025.12.19 23:42:00,2025.12.20 02:12:00,EXIT_WEEKEND,XAUUSD,M15,336,BUY,FULLTGT,DAY,0,4341.76,4326.91,4326.91,14.85,1.00,14.85,4356.61,4371.46,4386.31,4401.16,4416.01,0.08,0.08,0.00,4338.47,0.00,-0.22,0.00,4339.12,4335.12,4330.77,4339.17,4335.06,0.948,4.58,40.88,42.65,36.99,0.26,2.46,-2.20,4332.59,4337.76,896,2292,28.6,57.1,40,1,CROSS=EMA9>EMA21;TREND=1;STRUCT=1;VOL=1;COOL=1;EMA50=1;VWAP=1;BIAS=1,1.00,-0.44,25195.14,25195.14,WEEKEND exit
851,2025.12.19 23:42:03,2025.12.20 02:12:03,EXIT_WEEKEND,XAUUSD,M15,336,BUY,FULLTGT,DAY,0,4341.76,4326.91,4326.91,14.85,1.00,14.85,4356.61,4371.46,4386.31,4401.16,4416.01,0.08,0.08,0.00,4338.47,0.00,-0.22,-26.88,4339.12,4335.12,4330.77,4339.17,4335.06,0.948,4.58,40.88,42.65,36.99,0.26,2.46,-2.20,4332.59,4337.76,896,2292,28.6,57.1,40,1,CROSS=EMA9>EMA21;TREND=1;STRUCT=1;VOL=1;COOL=1;EMA50=1;VWAP=1;BIAS=1,1.00,-0.44,25195.14,25195.14,flattened before the Friday close
852,2025.12.22 01:00:00,2025.12.22 03:30:00,DAY_SUMMARY,XAUUSD,M15,336,FLAT,NA,DAY,0,0.00,0.00,0.00,0.00,1.00,0.00,0.00,0.00,0.00,0.00,0.00,0.00,0.00,0.00,0.00,0.00,-1.22,-145.08,4339.04,4335.23,4330.92,4339.08,4335.18,1.027,4.20,45.42,43.37,38.38,-0.43,1.44,-1.88,4332.62,4338.16,474,2038,28.6,57.1,5,1,CROSS=EMA9>EMA21;TREND=1;STRUCT=1;VOL=1;COOL=1;EMA50=1;VWAP=1;BIAS=1,0.00,0.00,25195.14,25195.14,2025.12.19 trades=2 W=0 L=2 gross_profit=0.00 gross_loss=145.08 net=-145.08 PF=0.00
853,2025.12.22 01:00:00,2025.12.22 03:30:00,WEEK_SUMMARY,XAUUSD,M15,336,FLAT,NA,DAY,0,0.00,0.00,0.00,0.00,1.00,0.00,0.00,0.00,0.00,0.00,0.00,0.00,0.00,0.00,0.00,0.00,-4.24,-514.46,4339.04,4335.23,4330.92,4339.08,4335.18,1.027,4.20,45.42,43.37,38.38,-0.43,1.44,-1.88,4332.62,4338.16,474,2038,28.6,57.1,5,1,CROSS=EMA9>EMA21;TREND=1;STRUCT=1;VOL=1;COOL=1;EMA50=1;VWAP=1;BIAS=1,0.00,0.00,25195.14,25195.14,days=4 trades=6 W=0 L=6 gross_profit=0.00 gross_loss=514.46 net=-514.46 PF=0.00 pips=-4596.0
854,2025.12.26 01:15:00,2025.12.26 03:45:00,SKIP,XAUUSD,M15,336,FLAT,NA,DAY,0,0.00,0.00,0.00,0.00,1.00,0.00,0.00,0.00,0.00,0.00,0.00,0.00,0.00,0.00,0.00,0.00,0.00,0.00,4482.49,4482.40,4466.82,4482.22,4482.27,1.570,9.92,34.59,57.63,65.88,-0.22,-2.55,2.33,4491.31,4489.07,2221,3289,71.4,14.3,5,1,CROSS=EMA9>EMA21;TREND=1;STRUCT=1;VOL=1;COOL=1;EMA50=1;VWAP=0;BIAS=1,0.00,0.00,25195.14,25195.14,quality filter
855,2025.12.29 09:15:00,2025.12.29 11:45:00,ENTRY,XAUUSD,M15,338,SELL,FULLTGT,DAY,0,4473.43,4494.25,4494.25,20.82,1.00,20.82,4452.61,4431.78,4410.96,4390.13,4369.31,0.06,0.06,0.06,4473.43,0.00,0.00,0.00,4510.71,4511.44,4501.02,4512.23,4512.21,1.001,10.41,36.32,23.98,35.89,-8.49,-3.18,-5.31,4506.83,4473.43,4479,2908,0.0,100.0,7,1,CROSS=EMA9<EMA21;TREND=1;STRUCT=1;VOL=1;COOL=1;EMA50=1;VWAP=1;BIAS=1,0.00,0.00,25194.93,25194.51,KZR=Asia H @ 4531.36 258 bars ago (high taken); DAY 12AM-4PM IST session: stop x1.00 of usual; no partials; full size to TP5; SL steps BE->TP1->TP2->TP3
856,2025.12.29 10:56:15,2025.12.29 13:26:15,SL_MOVE,XAUUSD,M15,338,SELL,FULLTGT,DAY,0,4473.43,4494.25,4473.43,20.82,1.00,20.82,4452.61,4431.78,4410.96,4390.13,4369.31,0.06,0.00,0.06,4473.43,1.00,0.00,0.00,4503.22,4507.39,4499.54,4504.58,4508.15,0.621,12.64,36.20,30.37,30.75,-10.82,-9.27,-1.55,4502.15,4470.07,3383,2897,0.0,100.0,9,1,CROSS=EMA9<EMA21;TREND=1;STRUCT=1;VOL=1;COOL=1;EMA50=1;VWAP=1;BIAS=1,1.00,-0.72,25194.93,25320.03,stop to breakeven
857,2025.12.29 10:56:15,2025.12.29 13:26:15,TP1_REACHED,XAUUSD,M15,338,SELL,FULLTGT,DAY,0,4473.43,4494.25,4473.43,20.82,1.00,20.82,4452.61,4431.78,4410.96,4390.13,4369.31,0.06,0.00,0.06,4452.61,1.00,1.00,0.00,4503.22,4507.39,4499.54,4504.58,4508.15,0.621,12.64,36.20,30.37,30.75,-10.82,-9.27,-1.55,4502.15,4470.07,3383,2897,0.0,100.0,9,1,CROSS=EMA9<EMA21;TREND=1;STRUCT=1;VOL=1;COOL=1;EMA50=1;VWAP=1;BIAS=1,1.00,-0.72,25194.93,25320.03,full target: no partial booked
858,2025.12.29 11:44:31,2025.12.29 14:14:31,EXIT_BE,XAUUSD,M15,338,SELL,FULLTGT,DAY,0,4473.43,4494.25,4473.43,20.82,1.00,20.82,4452.61,4431.78,4410.96,4390.13,4369.31,0.06,0.06,0.00,4473.49,0.00,-0.00,-0.78,4498.91,4504.92,4498.52,4500.24,4505.71,0.479,13.38,41.15,32.32,41.92,-11.98,-11.00,-0.98,4499.17,4466.11,2688,3056,0.0,85.7,10,1,CROSS=EMA9<EMA21;TREND=1;STRUCT=1;VOL=1;COOL=1;EMA50=1;VWAP=1;BIAS=1,1.01,-0.72,25194.36,25194.36,stopped at breakeven
859,2025.12.30 01:00:00,2025.12.30 03:30:00,DAY_SUMMARY,XAUUSD,M15,338,FLAT,NA,DAY,0,0.00,0.00,0.00,0.00,1.00,0.00,0.00,0.00,0.00,0.00,0.00,0.00,0.00,0.00,0.00,0.00,-0.00,-0.78,4374.92,4417.71,4449.42,4376.67,4419.45,-4.327,7.33,20.26,37.80,47.68,-11.32,-14.66,3.34,4433.87,4332.04,835,2568,14.3,57.1,8,1,CROSS=EMA9<EMA21;TREND=1;STRUCT=1;VOL=1;COOL=1;EMA50=1;VWAP=1;BIAS=1,0.00,0.00,25194.36,25194.36,2025.12.29 trades=1 W=0 L=1 gross_profit=0.00 gross_loss=0.78 net=-0.78 PF=0.00
